Voll,Demand_Segment,Cost_of_Demand_Curtailment_per_MW,Max_Demand_Curtailment,$/MWh,Rep_Periods,Timesteps_per_Rep_Period,Sub_Weights,Time_Index,Demand_MW_z1,Demand_MW_z2,Demand_MW_z3,Demand_MW_z4,Demand_MW_z5,Demand_MW_z6,Demand_MW_z7,Demand_MW_z8,Demand_MW_z9
10000,1,1,1,10000,1,8760,8760,1,3961.576,341.3506,3730.831,2407.599,19622.656,16177.39,15585.08,3457.908,11393.0572
,,,,,,,,2,3917.99,337.6856,3704.057,2392.903,19385.187,15361.52,15330.67,3374.719,11352.5211
,,,,,,,,3,3891.414,346.7038,3736.134,2272.478,19433.48,14046.83,14382.94,3069.497,11530.3315
,,,,,,,,4,3924.369,372.3426,3780.759,2335.76,19725.268,13014.66,13907.03,2831.938,11960.4379
,,,,,,,,5,3998.783,408.1241,3957.25,2375.966,20522.428,12854.06,14028.15,2805.053,12684.07
,,,,,,,,6,4132.729,450.6735,4277.903,2566.959,21869.305,13488.39,14790.73,2927.371,13598.989
,,,,,,,,7,4290.062,492.3698,4741.438,2862.243,23577.74,15346.83,16521.6,3275.868,14582.6507
,,,,,,,,8,4041.184,502.3405,4821.266,3009.828,24921.903,17546.11,17508.01,3739.73,13692.309
,,,,,,,,9,3445.173,391.1283,4092.304,2738.298,25309.298,18157.96,15770.06,3258.963,13350.1277
,,,,,,,,10,2994.332,275.7031,2965.064,2100.829,25160.468,15454.6,11709.28,2246.371,11095.7713
,,,,,,,,11,2652.967,219.3065,2251.876,1719.385,24919.499,12696.88,8870.242,1649.072,10544.7473
,,,,,,,,12,2511.894,196.5182,1940.709,1592.108,24522.039,9841.504,7224.357,1189.126,9712.0995
,,,,,,,,13,2501.106,199.4498,1922.046,1545.457,23698.783,8774.03,6691.658,1132,8858.1462
,,,,,,,,14,2685.905,218.5207,2019.178,1504.869,23342.405,9036.342,7251.726,1254.353,8849.864
,,,,,,,,15,3011.619,246.3956,2284.601,1662.73,23238.653,10488.19,8374.554,1652.903,8701.9668
,,,,,,,,16,3546.896,296.2151,2773.795,1981.465,23621.402,12095.49,10199.69,2181.04,9868.3074
,,,,,,,,17,4311.479,376.3295,3562.372,2397.342,24731.293,13986.37,12024.5,2949.092,12159.1023
,,,,,,,,18,4658.943,440.1833,4229.049,2891.921,25906.535,15758.64,13953.31,3453.683,12917.6279
,,,,,,,,19,4674.889,450.6168,4489.066,3097.927,25853.78,17970.98,15242.09,3836.035,12974.3389
,,,,,,,,20,4644.061,450.717,4541.972,3112.999,25292.994,18011.59,15446.09,3779.352,13015.8302
,,,,,,,,21,4571.772,437.2902,4444.674,3061.578,24481.859,17604.54,15480.18,3651.743,12875.5374
,,,,,,,,22,4405.935,416.8049,4268.826,2936.641,23020.249,17443.17,16067.66,3548.569,12293.723
,,,,,,,,23,4261.359,392.8451,4047.627,2721.497,21643.99,17266.33,16167.77,3439.226,11889.6564
,,,,,,,,24,4079.575,376.5877,3816.219,2639.42,20459.194,17533.07,16608.4,3516.206,11726.3254
,,,,,,,,25,4051.936,358.5704,3602.334,2733.212,20454.657,17939.54,16274.74,3561.45,11719.3861
,,,,,,,,26,4010.477,350.1152,3476.099,2645.767,20153.961,16463.17,14997.08,3268.111,11788.7989
,,,,,,,,27,3979.648,354.7149,3461.06,2573.503,20162.852,15046.79,13872.95,2918.794,12000.343
,,,,,,,,28,4012.603,368.0514,3482.127,2591.611,20648.138,14312.42,13105.01,2679.442,12473.7584
,,,,,,,,29,4107.215,392.7554,3702.034,2668.835,21783.499,14335.84,13258.48,2684.046,13477.6114
,,,,,,,,30,4300.692,447.9881,4171.913,2898.038,23720.289,15301.74,14370.61,2879.206,14565.438
,,,,,,,,31,4492.043,512.1387,4789.1,3272.374,25903.893,18077.59,16550.71,3378.868,15667.4345
,,,,,,,,32,4237.24,532.4481,4930.696,3432.14,27110.624,20641.83,18107.68,4066.405,14644.7824
,,,,,,,,33,3597.644,426.1171,4160.527,3097.186,27097.694,20899.97,16648.67,3576.615,12385.408
,,,,,,,,34,3045.968,309.086,3253.895,2558.04,26610.955,16383.27,13560.55,2605.923,10669.556
,,,,,,,,35,2691.237,241.0405,2628.425,2150.366,25905.927,13491.29,11268.21,1981.278,9481.8381
,,,,,,,,36,2559.732,215.3307,2340.581,1916.593,25308.542,11384.52,8974.184,1417.436,9790.6691
,,,,,,,,37,2550.46,210.5597,2279.064,1743.121,24527.18,10174,8197.857,1273.159,8327.714
,,,,,,,,38,2696.535,231.6992,2404.343,1622.31,23955.224,9844.363,8632.283,1437.447,8343.5848
,,,,,,,,39,3019.061,262.6676,2629.995,1696.266,23972.644,10139.7,9644.477,1770.295,8730.9447
,,,,,,,,40,3528.823,312.487,3077.686,1964.638,24050.169,11759.98,11352.52,2334.448,9852.6899
,,,,,,,,41,4265.768,385.8283,3767.947,2435.313,24827.894,13717.33,12729.2,3050.642,12074.2575
,,,,,,,,42,4648.313,445.9261,4332.041,2945.64,26042.624,16258.84,14325.6,3508.42,12948.8331
,,,,,,,,43,4675.952,458.4189,4544.381,3217.253,25978.718,18561.02,15882.08,3957.737,12976.8514
,,,,,,,,44,4639.808,457.4848,4612.162,3219.178,25334.908,18972.85,16269.25,3888.784,13066.2715
,,,,,,,,45,4582.403,447.814,4571.628,3222.197,24477.281,18794.76,16286.27,3763.756,12815.5546
,,,,,,,,46,4416.565,427.1475,4414.111,3092.171,23146.861,18546.48,16898.79,3645.549,12441.7979
,,,,,,,,47,4234.782,397.1726,4175.943,2875.977,21561.825,18315.76,16981.42,3520.305,12132.0204
,,,,,,,,48,4071.071,376.1342,3918.082,2747.391,20253.721,18358.48,17123.28,3614.324,11944.1791
,,,,,,,,49,4013.666,357.7175,3893.073,2678.76,19431.27,17823.3,16878.82,3690.095,11911.0918
,,,,,,,,50,3960.513,348.4184,3762.412,2530.322,19074.669,16202.71,15603.68,3406.643,11972.1147
,,,,,,,,51,3934.999,351.9932,3755.494,2470.44,18944.196,14691.98,14519.99,3051.049,12137.0877
,,,,,,,,52,3978.585,360.5394,3843.376,2453.467,19244.189,13724.09,13918.62,2810.8,12643.2681
,,,,,,,,53,4075.323,387.312,4067.142,2540.395,20275.068,13651.24,14018.18,2801.004,13528.4134
,,,,,,,,54,4258.169,434.1796,4478.737,2741.729,21985.893,14492.65,15128.88,2983.552,14776.791
,,,,,,,,55,4439.953,488.0872,5088.211,3162.599,23737.125,17458.02,17231.78,3522.848,15720.2139
,,,,,,,,56,4126.838,507.0808,5053.445,3329.318,24849.692,19924.84,18687.37,4014.43,14286.3231
,,,,,,,,57,3533.407,395.4737,4378.812,3114.913,24906.026,20230.51,17341.01,3472.383,12364.4237
,,,,,,,,58,3069.652,304.1771,3447.142,2447.965,24486.587,16613.96,14390.01,2695.377,10610.518
,,,,,,,,59,2764.275,249.468,2722.524,2136.651,24037.78,14407.64,11790.83,2033.945,9460.8863
,,,,,,,,60,2612.571,222.8381,2396.144,1805.806,23636.355,11877.05,9327.566,1483.669,8715.2629
,,,,,,,,61,2581.585,216.1799,2253.442,1709.585,23327.307,10737.28,8219.313,1265.383,8314.479
,,,,,,,,62,2735.101,229.407,2328.893,1759.144,22735.66,11776.87,8507.92,1437.902,8351.3908
,,,,,,,,63,3026.345,255.4803,2522.175,1982.269,22656.38,12481.18,9505.986,1728.74,8730.7188
,,,,,,,,64,3535.045,307.1777,3018.781,2201.025,22672.084,13080.06,11095.46,2276.002,9788.8247
,,,,,,,,65,4214.741,380.3285,3710.411,2544.041,23453.497,14585.38,12637.27,3018.333,11949.6593
,,,,,,,,66,4552.637,446.9326,4344.841,2969.274,24595.228,16494.88,14542.78,3622.368,12812.0416
,,,,,,,,67,4582.403,464.4153,4589.422,3188.912,24600.928,18965.43,16317.98,4117.499,12936.315
,,,,,,,,68,4597.286,461.4221,4617.237,3187.4,24123.803,19175.99,16454.17,3983.09,12956.2962
,,,,,,,,69,4531.376,447.1515,4541.165,3111.84,23202.995,18738.92,16428.9,3854.35,12780.5945
,,,,,,,,70,4358.097,420.6604,4365.878,2910.317,21779.495,18265.04,16949.08,3726.228,12307.2022
,,,,,,,,71,4186.944,395.4851,4208.594,2754.228,20219.647,18131.11,17251.45,3625.721,11982.9288
,,,,,,,,72,4018.981,374.4375,4026.629,2609.531,19013.36,18415.24,17585.45,3738.885,11763.3812
,,,,,,,,73,3959.45,382.5125,3745.777,2614.074,18251.193,17810.29,16976.77,3735.727,11640.3405
,,,,,,,,74,3917.99,381.5784,3657.969,2529.945,17816.31,16323.75,15734.19,3457.707,11683.6411
,,,,,,,,75,3887.162,382.4221,3637.142,2476.366,17657.462,14728.46,14697.93,3129.146,11873.3305
,,,,,,,,76,3916.927,392.8464,3718.832,2483.143,18006.732,13748.55,14194.7,2888.052,12335.1423
,,,,,,,,77,4012.603,419.4285,3916.548,2574.91,19003.275,13716.88,14251.98,2853.096,13190.8159
,,,,,,,,78,4196.512,464.6086,4316.162,2802.509,20734.91,14658.18,15246.48,3009.587,14403.59
,,,,,,,,79,4380.421,513.726,4841.456,3212.46,22545.72,17631.45,17257.35,3428.309,15363.645
,,,,,,,,80,4171.783,525.6703,4872.639,3400.927,23678.012,20594.75,18670.91,4059.957,13946.223
,,,,,,,,81,3496.2,414.8445,4229.634,3200.063,23714.335,21670.27,17595.59,3630.81,12068.563
,,,,,,,,82,3059.021,304.4724,3265.167,2619.074,23400.348,17073.1,14012.85,2757.125,10367.026
,,,,,,,,83,2764.275,248.8433,2646.284,2204.12,23215.051,13729.01,11282.28,2050.366,9254.8507
,,,,,,,,84,2627.454,223.4197,2317.927,1861.48,22552.4,11259.3,8994.105,1429.933,8545.3209
,,,,,,,,85,2595.405,221.3705,2235.882,1555.355,22290.201,9715.936,8102.794,1218.64,8244.2484
,,,,,,,,86,2728.723,240.527,2333.111,1520.252,21778.646,9738.374,8392.916,1371.483,8342.6326
,,,,,,,,87,3005.694,264.4268,2574.296,1633.149,21713.517,10151.71,9412.17,1715.36,8781.9567
,,,,,,,,88,3463.977,314.2556,3017.49,1861.499,21976.028,11733.35,11117.88,2230.288,9864.7195
,,,,,,,,89,4197.732,383.1644,3695.536,2354.553,23151.125,13668.7,12580.53,2878.024,11777.4954
,,,,,,,,90,4561.142,440.9268,4280.359,2875.489,24342.113,15905.64,14108.25,3432.213,12556.0651
,,,,,,,,91,4584.529,457.3753,4523.414,3073.315,24306.582,18162.81,15870.54,3948.18,12565.0654
,,,,,,,,92,4569.646,458.5098,4575.751,3114.687,23843.865,18782.37,16249.16,3986.706,12663.3867
,,,,,,,,93,4497.358,447.9953,4549.287,3109.302,22817.723,18601.94,16175.19,3819.691,12449.9774
,,,,,,,,94,4336.836,425.2602,4353.178,3041.933,21656.603,18832.62,16775.68,3724.719,11924.2949
,,,,,,,,95,4186.944,396.3289,4101.661,2731.116,20032.516,17813.99,16836.74,3549.738,11623.4048
,,,,,,,,96,4040.242,369.2662,3905.792,2588.933,18863.322,18171.97,17310.86,3668.939,11428.1255
,,,,,,,,97,3981.774,352.9272,3666.261,2506.183,18279.002,17554.23,16525.99,3672.007,11268.7468
,,,,,,,,98,3934.999,348.2279,3608.765,2452.392,18034.919,16082.05,15371.74,3403.005,11252.683
,,,,,,,,99,3896.729,351.8026,3648.97,2408.718,17998.227,14671.28,14408.83,3089.74,11340.6951
,,,,,,,,100,3909.486,358.4616,3745.536,2457.103,18381.221,13747.34,13746.55,2856.688,11735.1662
,,,,,,,,101,4004.098,384.8532,3926.448,2535.378,19356.251,13717.51,13842.31,2807.362,12467.5737
,,,,,,,,102,4172.062,430.5053,4311.181,2766.128,21103.726,14609.75,14842.61,2935.054,13504.833
,,,,,,,,103,4340.025,486.1004,4800.373,3086.71,23118.255,16827.8,16764.74,3332.923,14324.5809
,,,,,,,,104,4290.985,530.8763,5079.073,3239.246,24348.147,19638.96,18771.47,4028.312,13718.1225
,,,,,,,,105,4037.855,498.7205,4947.327,3247.063,24450.345,22692.68,19561.53,4423.452,12379.781
,,,,,,,,106,4125.932,450.255,4253.333,2990.372,23946.401,21779.78,19354.08,4364.554,10879.829
,,,,,,,,107,3891.624,417.7003,3803.016,2727.133,23608.749,19724.42,17787.06,4055.902,10275.8855
,,,,,,,,108,3948.715,419.2306,3720.411,2634.5,23349.397,18863.36,16048.97,3731.136,9996.6251
,,,,,,,,109,3828.136,393.0441,3766.719,2547.529,22649.908,17557.48,15439.45,3326.901,10332.2002
,,,,,,,,110,3818.255,395.5322,3712.137,2374.007,21957.078,17234.23,15056.4,3470.606,10513.8968
,,,,,,,,111,4018.999,366.9248,3736.048,2383.113,22033.739,16510.39,14882.33,3322.864,10360.0471
,,,,,,,,112,4142.453,383.2693,3778.952,2419.801,22201.432,15794.9,14585.54,3198.05,10616.1937
,,,,,,,,113,4332.583,395.0425,3999.61,2564.504,23399.158,15120.67,13434.11,3169.222,11648.9272
,,,,,,,,114,4610.042,438.6678,4334.79,2855.34,24119.642,15692.84,14165.29,3371.228,12282.7543
,,,,,,,,115,4582.403,445.3453,4448.88,2950.564,24034.684,17311.21,15322.33,3752.427,12259.3835
,,,,,,,,116,4544.133,440.474,4394.84,2882.606,23283.655,17286.85,15047.1,3706.591,12136.4672
,,,,,,,,117,4466.529,425.8224,4345.226,2839.813,22466.812,16930.12,15054.96,3580.615,11877.9665
,,,,,,,,118,4343.214,405.1559,4204.508,2734.4,21430.191,16975.96,15860.27,3518.269,11506.0599
,,,,,,,,119,4168.873,383.0741,4028.495,2574.747,19961.588,17095.23,16240.63,3435.931,11333.4301
,,,,,,,,120,3989.215,363.0607,3798.046,2357.75,18710.465,17309.8,16559.42,3531.338,11134.8585
,,,,,,,,121,3926.495,356.1117,3649.86,2280.986,17778.196,16685.47,15678.83,3461.481,10904.3442
,,,,,,,,122,3853.144,349.3439,3542.763,2185.774,17522.037,15450.63,14775.05,3257.767,10878.8693
,,,,,,,,123,3798.927,359.3871,3533.354,2137.673,17337.412,14268.69,13970.46,2986.998,10905.0457
,,,,,,,,124,3827.63,368.5866,3575.489,2158.684,17333.983,13092.35,13419.18,2759.1,11096.324
,,,,,,,,125,3848.891,387.9381,3695.613,2209.584,17783.863,12677.86,13369.09,2660.858,11482.4212
,,,,,,,,126,3924.369,426.8224,3897.756,2329.268,18762.97,12610.64,13636.78,2653.99,12065.6889
,,,,,,,,127,4029.612,456.6792,4267.858,2522.339,20301.354,14226.05,14489.78,2941.663,12719.0634
,,,,,,,,128,4027.189,466.164,4479.496,2663.069,21772.012,15665.76,15199.26,2795.913,12633.1332
,,,,,,,,129,3402.633,382.3491,4538.709,2621.382,22547.393,16716.77,14484.54,2799.415,12581.0505
,,,,,,,,130,3270.831,289.1692,3222.003,2543.567,22606.784,16691.53,12950.68,1887.897,12035.7059
,,,,,,,,131,3615.838,244.822,2590.159,2405.295,22328.155,15758.51,8677.664,1277.002,12281.8603
,,,,,,,,132,3166.808,310.1129,2231.367,2401.421,21962.363,15311.05,6547.747,991.9445,10459.4459
,,,,,,,,133,2749.061,256.8769,2206.688,2314.772,21664.004,15242.32,5471.565,1520.3,11263.9788
,,,,,,,,134,2929.606,229.9323,2529.503,2173.398,21239.733,15152.49,6413.396,889.2527,10891.5795
,,,,,,,,135,2869.622,255.4239,2641.55,2294.843,21183.288,14889.7,9062.062,1190.875,10447.1954
,,,,,,,,136,3437.854,304.2947,2883.29,2340.321,21429.009,14445.53,9978.757,2049.28,10765.1707
,,,,,,,,137,4236.456,378.2892,3627.012,2493.999,22500.027,13787.09,11515.39,2476.544,11691.935
,,,,,,,,138,4532.439,428.0444,4205.584,2769.675,23382.662,14403.08,12773.99,2962.997,12265.2772
,,,,,,,,139,4505.863,434.722,4381.42,2913.06,23397.189,15871.75,13914.72,3331.15,12137.1248
,,,,,,,,140,4455.899,423.5449,4298.197,2872.228,22874.187,15969.85,13846.4,3327.444,11984.2036
,,,,,,,,141,4377.232,402.4156,4093.569,2768.716,22243.434,15687.18,13626.61,3259.919,11829.3406
,,,,,,,,142,4248.602,380.0616,3965.551,2616.24,21205.194,15312.02,13859.59,3170.822,11541.0355
,,,,,,,,143,4106.152,363.9948,3793.24,2524.107,19903.841,15438.34,14139.37,3102.698,11358.6964
,,,,,,,,144,3964.765,350.6497,3683.639,2349.169,18702.789,15266.63,14244.52,3099.038,11197.3426
,,,,,,,,145,3908.423,344.9161,3608.62,2232.283,18275.518,15833.11,14841.26,3308.979,11034.2276
,,,,,,,,146,3837.198,339.1733,3554.427,2113.735,18076.984,15261.33,14669.73,3281.185,10977.3994
,,,,,,,,147,3785.108,358.6158,3561.42,2053.215,18050.751,14064.96,13906.24,3026.608,11043.8511
,,,,,,,,148,3769.162,371.5713,3606.449,2041.435,18039.971,12917.34,13340.09,2775.344,11156.6353
,,,,,,,,149,3785.108,394.4883,3701.086,2073.425,18349.76,12337.31,13206.4,2678.845,11452.8617
,,,,,,,,150,3817,414.0211,3920.992,2155.842,19049.933,12332.1,13352.88,2645.948,12029.6933
,,,,,,,,151,3880.783,435.8037,4324.148,2364.482,20588.073,13718.25,14174.62,2894.958,12705.9242
,,,,,,,,152,3902.201,451.1415,4521.069,2493.821,22141.946,15026.35,15111.98,2856.931,11817.3662
,,,,,,,,153,3934.86,428.3038,4263.521,2488.11,22847.078,15187.19,14287.67,2229.252,10709.3916
,,,,,,,,154,3907.081,359.356,3875.156,2329.018,23067.458,13890.1,12996.92,1782.307,9653.4419
,,,,,,,,155,3778.922,362.5253,3533.684,2082.354,22727.976,12685.06,10124.94,1328.917,8890.4706
,,,,,,,,156,3771.48,232.3346,3450.548,1903.95,22426.051,10483.08,9996.47,1063.738,8351.8518
,,,,,,,,157,3891.135,212.3729,3079.563,1711.971,21892.143,10020.48,9112.538,920.1064,8013.1575
,,,,,,,,158,3854.991,226.6343,2935.373,1691.742,21385.349,10638.57,8693.683,1054.123,8107.2208
,,,,,,,,159,3657.732,251.5776,2796.992,1750.31,21173.785,10856.77,7778.469,1233.029,8655.1411
,,,,,,,,160,3976.772,294.7095,3356.072,1952.426,21718.255,12237.58,9354.658,1750.413,9641.1172
,,,,,,,,161,4203.954,358.3468,3563.351,2285.307,23076.291,12734.25,11184.12,2446.01,11632.7274
,,,,,,,,162,4473.971,412.2492,4072.198,2588.281,24313.574,13556.11,12634.69,2931.303,12342.4394
,,,,,,,,163,4464.403,421.1765,4257.683,2758.343,24437.879,15065.02,13592.1,3282.441,12357.5144
,,,,,,,,164,4420.818,419.5892,4246.508,2818.012,24087.696,15737.37,13799.2,3328.392,12276.7371
,,,,,,,,165,4311.322,407.1966,4145.352,2783.648,23285.093,15759.94,13755.81,3303.824,11975.4549
,,,,,,,,166,4178.44,386.5301,3989.758,2637.865,22104.207,15487.38,14163.07,3219.314,11585.1598
,,,,,,,,167,4009.414,362.7607,3826.288,2464.165,20646.908,15312.11,14293.76,3132.468,11250.9631
,,,,,,,,168,3851.018,337.9572,3614.175,2298.481,19402.005,15071.62,14130.41,3105.452,11010.5549
,,,,,,,,169,3794.675,350.6596,3865.257,2158.199,18842.679,15817.79,15786.93,3487.529,10876.4906
,,,,,,,,170,3740.459,347.8383,3857.778,2031.021,18571.344,14942.26,15351.41,3382.717,10835.2894
,,,,,,,,171,3709.63,356.1941,3993.736,2013.8,18767.465,13560.94,14468.07,3043.263,10989.7498
,,,,,,,,172,3724.513,368.4963,4087.004,2068.264,19292.535,12734.98,13886.04,2812.85,11382.4376
,,,,,,,,173,3827.63,392.1661,4269.441,2176.616,20378.468,12665.34,13996.25,2757.115,12119.0987
,,,,,,,,174,3994.531,427.3847,4641.235,2484.731,22274.441,13831.28,14845.62,2894.547,13063.7168
,,,,,,,,175,4149.737,472.7461,5083.714,2876.373,24465.094,16684.59,16722.73,3327.463,13816.6008
,,,,,,,,176,4030.849,479.0178,5250.88,3102.16,25675.337,19419.75,18330.51,3878.724,12586.4165
,,,,,,,,177,3698.303,401.2898,4559.938,2975.449,25626.95,20576.07,17067.35,3212.074,11170.9965
,,,,,,,,178,3496.043,334.5778,3590.676,2722.455,25667.64,19555.84,14756.78,3064.241,9997.6769
,,,,,,,,179,3285.575,267.2848,3162.867,2615.225,25115.485,18849.71,12966.53,2374.109,9104.7579
,,,,,,,,180,3172.594,258.9198,2875.337,2431.9,24722.488,17712.76,11158.06,2194.316,8495.0082
,,,,,,,,181,3239.253,244.9832,2818.407,2401.917,24381.8,17122.29,10449.48,1965.544,8187.5121
,,,,,,,,182,3270.378,271.4182,2900.24,2293.807,23824.72,16229.53,10529.73,2181.842,8374.8341
,,,,,,,,183,3461.554,306.3616,3037.49,2310.603,23835.54,15715.68,11514.59,2395.045,8923.4553
,,,,,,,,184,3784.237,345.3565,3296.503,2367.162,23989.8,15177.4,12410.65,2776.328,9854.0483
,,,,,,,,185,4297.05,386.0766,3815.698,2556.897,24944.787,14945.6,12881.93,3110.375,11748.529
,,,,,,,,186,4571.772,446.1798,4329.088,2840.692,25863.111,15781.47,14038.98,3313.116,12552.8343
,,,,,,,,187,4570.709,459.3443,4520.197,2980.1,25684.281,17496.36,15313.29,3664.687,12569.8529
,,,,,,,,188,4513.304,454.6543,4520.595,3002.278,24998.724,18167.61,15577.65,3726.592,12559.5653
,,,,,,,,189,4444.205,437.2809,4358.815,2909.022,24018.133,17657.54,15328.16,3613.045,12104.6298
,,,,,,,,190,4269.863,412.4866,4200.168,2705.458,22615.998,17350.79,16185.85,3526.356,11596.6577
,,,,,,,,191,4088.08,391.0673,4045.223,2481.66,21052.442,17188.44,16439.41,3446.525,11247.2365
,,,,,,,,192,3922.242,367.1075,3911.901,2286.252,19751.391,17349.82,17040.06,3566.863,10997.098
,,,,,,,,193,3856.333,356.4024,3839.366,2194.933,18932.643,16844.16,16682.76,3654.482,10805.9293
,,,,,,,,194,3782.982,349.6346,3816.45,2119.233,18589.269,15202.31,15796.52,3407.031,10814.6669
,,,,,,,,195,3710.694,358.8341,3988.912,2085.202,18433.423,13808.54,15047.92,3048.696,10923.9459
,,,,,,,,196,3717.072,378.6484,4087.969,2155.176,18717.84,12899.32,14468.41,2802.118,11273.087
,,,,,,,,197,3825.504,417.3421,4371.393,2279.924,19670.584,12914.79,14836.19,2766.214,11975.4302
,,,,,,,,198,3979.648,454.0577,4814.825,2537.801,21423.851,14080.66,15985.37,2948.659,12860.1143
,,,,,,,,199,4135.917,507.1216,5459.839,2891.623,23455.026,16922.39,18211.78,3481.547,13412.7073
,,,,,,,,200,3979.822,523.1836,5526.69,3045.269,24625.95,19535.29,19358.13,3732.316,13007.1182
,,,,,,,,201,3391.253,414.0162,4746.373,3005.176,24534.551,21238.94,17584.1,3697.833,12133.9377
,,,,,,,,202,2981.714,319.7349,3555.182,2588.126,24296.031,19043.22,14694.99,2682.739,11165.3987
,,,,,,,,203,2700.787,264.668,2738.73,2255.824,23836.308,16942.04,11959.03,1963.906,10196.8049
,,,,,,,,204,2549.083,245.2686,2381.078,2041.942,23613.955,16532.45,9760.746,1450.769,10247.0361
,,,,,,,,205,2549.989,235.4883,2443.567,1895.798,23665.672,15892.39,9431.186,1274.042,8403.9681
,,,,,,,,206,2703.053,249.931,2396.3,2164.197,23474.68,15813.19,9843.958,1390.213,8407.6388
,,,,,,,,207,3001.285,272.7009,2687.99,2192.374,23244.569,15762.53,10547.11,1743.058,9328.7976
,,,,,,,,208,3464.43,351.6577,3043.889,2261.607,23461.631,16298.55,12170.94,2555.838,9998.0832
,,,,,,,,209,4160.072,390.4235,3749.243,2483.218,24406.99,15302.89,12737.14,3092.328,11666.5763
,,,,,,,,210,4494.169,433.687,4257.765,2734.654,25352.383,15559.7,13896.25,3219.764,12324.5753
,,,,,,,,211,4460.151,446.8515,4445.979,2902.591,25067.66,16905.29,14975,3558.81,12306.2716
,,,,,,,,212,4406.998,449.8733,4466.883,2959.722,24278.605,17688.2,15457.74,3643.281,12279.8857
,,,,,,,,213,4338.962,438.1339,4386.793,2951.822,23326.594,17620.6,15515.67,3583.744,11950.8556
,,,,,,,,214,4179.503,414.3646,4218.902,2779.173,21907.555,17593.96,16287.45,3537.379,11484.8021
,,,,,,,,215,4000.909,386.277,4072.635,2589.691,20373.949,17619.76,16532.11,3449.479,11149.0612
,,,,,,,,216,3837.198,358.5612,3920.583,2440.154,19102.619,17914.92,17108.76,3584.004,10858.2674
,,,,,,,,217,3768.099,352.6464,3498.938,2334.352,18298.563,17210.85,15959.47,3571.571,10683.6324
,,,,,,,,218,3705.378,340.2446,3383.719,2212.427,17738.215,15525.06,14699.65,3280.048,10612.1146
,,,,,,,,219,3685.18,346.7224,3386.449,2160.088,17583.293,14035.09,13630.16,2965.858,10688.2359
,,,,,,,,220,3714.946,359.8683,3482.612,2214.14,17930.337,13119.89,13060.27,2775.084,10998.7446
,,,,,,,,221,3822.315,391.8939,3752.125,2307.535,18850.938,13028.93,13202.68,2820.246,11638.8438
,,,,,,,,222,4000.909,441.946,4235.921,2544.837,20528.373,14133.35,14418.53,2992.828,12486.2771
,,,,,,,,223,4165.683,499.6096,4800.203,2904.739,22472.11,16908.52,16601.88,3438.349,13081.7727
,,,,,,,,224,4023.408,529.218,4853.308,3105.735,23555.3,19478.31,17976.39,3618.211,13067.8981
,,,,,,,,225,3456.553,427.7198,4341.797,2819.343,23801.114,19923.83,16599.01,3773.65,12945.9347
,,,,,,,,226,2993.408,324.2297,3390.758,2842.578,23461.747,18449.23,14249.32,2626.974,11588.3419
,,,,,,,,227,2714.607,267.2848,2796.511,2595.08,22868.319,15903,11756.6,2038.592,11373.2003
,,,,,,,,228,2540.125,247.0417,2431.017,2623.995,22667.49,14521.86,9802.338,1592.109,10471.447
,,,,,,,,229,2533.591,237.5568,2273.677,2537.8,22341.834,13450.22,8432.242,1362.391,10068.4723
,,,,,,,,230,2666.456,252.8525,2349.748,2539.061,21957.679,13150.77,8794.834,1448.604,9653.5521
,,,,,,,,231,2960.435,271.8571,2612.074,2440.183,21739.146,13509.8,9842.296,1742.227,9036.0381
,,,,,,,,232,3434.665,317.5203,3076.113,2397.863,22011.511,13253.43,11341,2214.111,9805.6633
,,,,,,,,233,4100.541,378.2499,3752.555,2606.101,23036.656,14049.03,12740.76,2834.384,11670.1133
,,,,,,,,234,4446.331,439.1398,4374.743,2981.23,24401.553,15883.75,14216.27,3275.539,12424.3803
,,,,,,,,235,4452.709,455.407,4577.833,3122.077,24499.7,17618.05,15237.31,3602.081,12420.0081
,,,,,,,,236,4446.331,453.6293,4569.95,3091.338,24001.92,18012.84,15549.1,3653.322,12350.2674
,,,,,,,,237,4368.728,437.2902,4392.172,2996.395,23227.854,17513.35,15364.36,3577.518,12027.9497
,,,,,,,,238,4222.025,412.4959,4194.532,2798.496,21877.358,17319.03,15990,3497.871,11610.1886
,,,,,,,,239,4046.621,387.5018,4017.958,2569.057,20306.146,17150.82,16197.06,3414.454,11280.735
,,,,,,,,240,3903.107,363.5419,3893.722,2449.16,18996.309,17600.08,16837.75,3566.069,11019.1122
,,,,,,,,241,3832.946,353.8712,3828.35,2308.714,18306.646,17287.58,16529.76,3652.688,10837.9868
,,,,,,,,242,3782.982,343.3474,3732.83,2183.637,18047.532,15702.98,15368.31,3345.87,10816.9427
,,,,,,,,243,3756.405,345.0349,3710.072,2125.219,17998.791,14127.53,14225.15,2981.234,10933.1384
,,,,,,,,244,3780.855,350.4784,3757.189,2158.448,18326.755,13114.77,13528.91,2736.422,11279.2405
,,,,,,,,245,3885.035,377.0604,3957.396,2266.138,19310.518,13093.7,13582.8,2687.015,11997.0869
,,,,,,,,246,4052.999,422.3222,4373.411,2512.483,21148.959,14077.46,14618.75,2859.573,12887.4071
,,,,,,,,247,4239.034,472.4739,4876.515,2852.199,23239.106,16668.11,16702.87,3309.55,13594.8165
,,,,,,,,248,3995.472,504.8658,4980.764,3042.685,24358.374,19203.21,18561.23,3687.91,12755.1985
,,,,,,,,249,3420.113,406.0608,4541.603,2892.593,24530.627,20190.75,18462.88,3616.056,11286.9029
,,,,,,,,250,3188.087,336.5414,3777.906,2626.402,24169.631,18988.47,15872.27,3194.374,10012.9729
,,,,,,,,251,3016.342,299.1772,3206.838,2484.758,23648.859,18109.02,13696.73,2838.999,9148.6135
,,,,,,,,252,2613.477,284.9591,2789.595,1890.625,23141.846,14840.71,11761.08,2515.761,8498.0141
,,,,,,,,253,2747.405,280.1789,2586.351,1896.164,23016.783,14747.43,10461.38,2021.678,8246.4316
,,,,,,,,254,3025.439,295.4653,2565.517,1718.565,22579.999,13500.59,11104.91,2095.418,8390.4341
,,,,,,,,255,3437.104,349.3555,2876.131,1935.583,22369.308,13904.03,11841.67,2722.72,8820.6559
,,,,,,,,256,3782.563,344.0222,3374.736,2215.909,22338.879,14705.87,13064.08,2745.56,9763.1237
,,,,,,,,257,4225.372,391.4485,3874.536,2514.968,23599.985,14842.28,13377.06,3123.599,11601.2014
,,,,,,,,258,4532.439,436.5993,4333.825,2822.797,24502.35,15685.34,13971.31,3293.371,12365.5731
,,,,,,,,259,4552.637,449.7638,4546.563,2993.533,24505.077,17283.58,15048.36,3620.839,12284.682
,,,,,,,,260,4499.484,451.9325,4569.95,3056.718,23988.606,17968.43,15305.81,3685.531,12205.7584
,,,,,,,,261,4420.818,439.1682,4486.967,2996.952,23180.709,17919.57,15590.63,3606.265,11902.8837
,,,,,,,,262,4256.043,416.4331,4338.378,2902.658,21889.853,18031.86,16386.34,3561.745,11481.3603
,,,,,,,,263,4094.458,389.3798,4181.901,2676.37,20334.769,17714.41,16737.07,3463.032,11128.9757
,,,,,,,,264,3934.999,368.1417,4081.229,2561.478,19176.595,18161.48,17468.76,3631.737,10867.4325
,,,,,,,,265,3858.459,349.2437,3889.792,2380.886,18524.349,17833.31,17151.62,3730.043,10671.6541
,,,,,,,,266,3796.802,342.4759,3839.05,2267.177,18239.278,16407.36,16085.69,3454.741,10627.3827
,,,,,,,,267,3773.414,352.5191,3838.886,2250.592,18136.961,15071.4,15045.93,3153.106,10678.5613
,,,,,,,,268,3779.792,362.7528,3886.967,2305.694,18512.795,14160.82,14453.09,2919.105,11005.3034
,,,,,,,,269,3880.783,389.1444,4056.863,2420.739,19388.946,14005.21,14539.89,2871.544,11652.5798
,,,,,,,,270,4054.062,425.0162,4507.452,2675.263,21262.512,14914.52,15694.83,3018.993,12496.1309
,,,,,,,,271,4211.395,490.0013,5149.975,2982.6,23491.881,17260.5,17840.27,3422.214,13140.009
,,,,,,,,272,3964.19,526.6976,5504.805,3142.654,24788.226,19925.39,19373.17,3731.606,12152.0282
,,,,,,,,273,3721.69,506.0096,5215.896,3053.353,24712.165,21059.7,19910.7,4238.256,11278.6717
,,,,,,,,274,3818.272,403.8685,4273.005,2566.046,24160.287,17982.68,19463.25,4260.19,9893.2711
,,,,,,,,275,3385.798,271.0942,4049.741,2123.198,23150.938,13371.34,18260.29,3216.154,8863.6379
,,,,,,,,276,3060.224,287.5096,3790.652,1861.659,22687.845,11228.88,16583.99,2926.028,9187.3278
,,,,,,,,277,3032.427,235.3935,3065.148,1629.913,21995.076,11226.6,12639.64,1872.691,9095.2583
,,,,,,,,278,3336.427,249.8454,3587.411,1530.83,21453.412,10055.39,11742.99,1550.498,8651.4318
,,,,,,,,279,3612.945,274.4169,3172.081,1546.072,21112.311,11676.73,11674.18,1736.636,9645.6192
,,,,,,,,280,3920.744,377.4062,3135.37,1782.666,21695.18,12203.88,13628.81,2137.269,10476.5089
,,,,,,,,281,4166.293,386.1723,3790.178,2274.754,22979.017,13990.53,13318.86,2809.618,11588.306
,,,,,,,,282,4438.89,428.8783,4280.762,2726.594,24101.856,15283.85,13895.29,3280.006,12152.6718
,,,,,,,,283,4421.881,433.4873,4381.906,2898.345,24313.525,16737.1,14831.91,3624.358,12037.1967
,,,,,,,,284,4417.628,426.9192,4370.72,2893.621,23730.606,16941.48,14807.85,3598.958,11939.5175
,,,,,,,,285,4374.043,415.1799,4273.832,2849.802,22986.494,16772.66,14762.18,3501.022,11777.6458
,,,,,,,,286,4251.791,394.3321,4152.813,2732.997,21912.897,16876.56,15667.2,3471.535,11437.9421
,,,,,,,,287,4122.098,377.8843,4025.285,2565.352,20620.626,16991.11,16130.89,3413.221,11169.0771
,,,,,,,,288,3977.522,358.7239,3879.017,2345.616,19561.369,17209.38,16653.35,3553.881,10923.2645
,,,,,,,,289,3903.107,362.1899,3846.295,2244.818,19018.911,16584.72,16306.91,3580.417,10684.4305
,,,,,,,,290,3844.639,364.8121,3851.762,2114.076,18620.362,15398.93,15719.65,3412.703,10612.6017
,,,,,,,,291,3821.252,378.6114,3995.842,2079.407,18387.098,14171.62,15049.6,3148.234,10643.5813
,,,,,,,,292,3809.558,391.3856,4054.377,2086.124,18489.975,13017.48,14513.53,2917.594,10792.2009
,,,,,,,,293,3863.774,410.9183,4188.974,2108.659,18797.912,12587.69,14494.04,2861.603,11147.976
,,,,,,,,294,3936.062,430.8322,4430.111,2207.744,19783.4,12597.64,14769.6,2896.189,11638.9482
,,,,,,,,295,4029.612,459.0015,4735.328,2434.02,21468.598,13741.82,15552.44,3092.909,12282.1353
,,,,,,,,296,3826.898,476.4841,5008.946,2574.763,22993.056,14869.9,16111.16,3381.937,11895.6032
,,,,,,,,297,3227.246,400.4767,4451.223,2369.811,23292.5,14436.89,14555.41,3023.131,11123.2237
,,,,,,,,298,2812.391,311.4623,3554.793,2078.578,22958.641,11950.68,11397.79,2421.048,9783.4149
,,,,,,,,299,2506.561,241.9005,2901.89,1779.031,22133.257,9968.76,9118.839,2740.874,9846.0714
,,,,,,,,300,2348.026,217.5296,2599.457,1547.651,21553.097,8937.478,7629.845,1763.044,9622.6377
,,,,,,,,301,2326.607,245.9474,2729.288,1558.376,20787.576,8951.733,8019.266,1736.704,8193.6356
,,,,,,,,302,2475.872,245.8711,2688.193,1557.786,20302.648,10338.63,9468.138,1744.566,8582.8257
,,,,,,,,303,2762.41,285.4999,3267.532,1699.779,20095.601,10087.12,10802.71,1971.949,9285.7614
,,,,,,,,304,3273.236,331.3535,3524.029,1956.573,20487.803,11383.14,11419.25,2401.018,10089.1331
,,,,,,,,305,4003.349,376.4112,3784.044,2399.663,21944.692,12574.99,12292.99,2775.725,11522.0512
,,,,,,,,306,4381.484,422.0202,4196.346,2747.388,23596.23,13725,13120.81,3004.305,12192.6139
,,,,,,,,307,4376.169,425.9667,4336.081,2880.87,23856.848,14991.66,13866.94,3294.412,12091.6588
,,,,,,,,308,4337.899,414.7897,4250.368,2825.354,23496.796,15516.33,13685.14,3287.119,11901.1472
,,,,,,,,309,4302.818,396.5726,4097.838,2748.519,22953.555,15340.89,13581,3224.952,11685.1869
,,,,,,,,310,4211.395,382.7648,3987.028,2627.536,21946.951,15226.21,14157.4,3171.799,11389.9015
,,,,,,,,311,4092.332,363.7858,3928.403,2522.323,20630.439,15352.18,14604.27,3110.004,11215.9504
,,,,,,,,312,3957.323,351.4749,3909.58,2332.925,19675.182,15314.91,14819.71,3096.451,11002.0966
,,,,,,,,313,3917.99,354.7781,3915.438,2287.454,19235.226,15880.82,15504.35,3311.8,10787.0963
,,,,,,,,314,3864.837,349.0446,3857.387,2194.981,18920.218,15591.54,15326.7,3289.416,10705.1171
,,,,,,,,315,3834.009,355.3411,3841.786,2176.933,18793.467,14510.3,14614.8,3028.533,10710.2714
,,,,,,,,316,3806.369,369.1403,3845.487,2206.16,18869.511,13592.01,14015.57,2799.717,10819.4689
,,,,,,,,317,3827.63,409.1498,3958.858,2235.387,19118.305,13210.85,13854,2703.217,11127.7703
,,,,,,,,318,3893.54,431.5948,4139.77,2302.931,19933.495,13239.35,13919.61,2690.049,11572.6937
,,,,,,,,319,3972.206,452.5337,4428.023,2498.492,21431.056,14243.52,14404.04,2867.091,12199.9924
,,,,,,,,320,3961.889,453.4722,4726.89,2635.822,22889.789,15511.12,15490.18,3104.697,12052.2174
,,,,,,,,321,3707.243,417.5934,4766.492,2561.832,23400.721,16375.64,16365.59,3036.277,11227.4636
,,,,,,,,322,3255.338,414.1462,4352.042,2373.145,23175.967,15994.77,14672.42,3359.455,9408.2981
,,,,,,,,323,3274.927,392.9876,4033.814,2341.817,22672.899,14574.04,15133.35,3230.476,8633.6804
,,,,,,,,324,2971.223,379.6225,3836.441,2346.245,22194.448,13895.28,14235.68,2587.916,8055.7561
,,,,,,,,325,3301.799,363.8935,3817.708,2261.933,21494.162,13487.38,13640.56,3244.976,7992.1015
,,,,,,,,326,3768.587,339.9661,3599.099,2259.905,20951.318,12368.77,13737.36,3373.657,8860.7861
,,,,,,,,327,3874.422,336.0582,3696.947,2161.932,20862.172,12160.04,13103.13,3014.4,9739.1283
,,,,,,,,328,3985.73,346.0013,3612.198,2227.115,21361.512,13286.72,13086.07,2860.664,10701.2361
,,,,,,,,329,4172.062,373.1465,3815.967,2380.427,22749.052,13269.49,12407.85,2883.799,11634.0191
,,,,,,,,330,4427.196,413.7647,4226.406,2675.04,24764.832,13874.1,12739.36,2990.546,12206.062
,,,,,,,,331,4421.881,420.6234,4399.348,2858.346,25036.633,15154.69,13550.25,3236.924,12221.7421
,,,,,,,,332,4387.863,418.0019,4339.525,2889.651,24640.352,15777.58,13701.7,3270.533,12100.8865
,,,,,,,,333,4299.629,406.6436,4264.827,2835.326,23963.3,15890.17,13797.18,3252.294,11755.4984
,,,,,,,,334,4162.494,384.9428,4133.195,2734.965,22704.477,15534.01,14313.29,3162.666,11251.8887
,,,,,,,,335,3997.72,364.739,4030.751,2521.12,21192.19,15318.8,14576.83,3094.542,10896.9391
,,,,,,,,336,3851.018,349.5159,3933.536,2348.659,20137.422,15144.43,14787.05,3108.005,10663.9273
,,,,,,,,337,3815.937,327.9238,3510.112,2345.307,19608.108,16283.4,14745.23,3344.388,10481.4009
,,,,,,,,338,3757.468,314.6876,3351.636,2228.635,19335.619,15511.46,13939.1,3210.777,10425.8701
,,,,,,,,339,3737.27,310.5506,3283.13,2156.146,19384.481,14033.51,12776.29,2843.423,10514.0738
,,,,,,,,340,3738.333,313.4628,3259.011,2169.166,19667.861,13078.56,12030.87,2592.31,10758.8544
,,,,,,,,341,3809.558,330.4644,3382.596,2257.946,20453.524,12996.48,12056.25,2566.322,11246.9728
,,,,,,,,342,3945.63,357.5994,3691.678,2474.402,21923.606,13721.4,12807.57,2702.114,11890.8736
,,,,,,,,343,4098.71,393.843,4161.412,2827.149,23680.901,16479.63,14687.06,3154.095,12429.6355
,,,,,,,,344,4154.6,417.2883,4306.902,2940.341,25081.908,18853.17,16595.11,3669.865,12577.3035
,,,,,,,,345,4174.501,440.2278,4186.295,2890.846,25560.329,20529.01,17433.71,4045.616,12418.3875
,,,,,,,,346,4093.117,413.5872,3748.31,2627.175,25345.866,20075.15,16555.53,3629.442,11717.7545
,,,,,,,,347,4070.339,402.748,3148.678,2590.071,24958.884,18708.17,14704.93,2997.637,11605.6332
,,,,,,,,348,4044.373,402.5714,3372.152,2538.759,24365.437,18381.87,13463.37,2050.006,11630.0498
,,,,,,,,349,4056.973,339.221,3469.478,2418.81,23808.306,17387.2,13413.42,1498.795,11827.0638
,,,,,,,,350,4154.914,247.6913,3491.652,2369.194,23580.743,16717.09,14511.77,2736.622,11479.3424
,,,,,,,,351,4091.13,265.4804,3529.479,2383.625,23175.377,16009.25,13636.21,3301.323,11289.3208
,,,,,,,,352,4140.484,300.319,3606.692,2395.387,23337.046,15425.08,13850.83,3233.693,11399.0086
,,,,,,,,353,4356.581,368.9416,3827.429,2555.441,24425.099,14999.04,13046.06,3191.603,12063.3359
,,,,,,,,354,4631.304,430.2032,4290.813,2862.609,25655.292,15504.35,13758.21,3235.848,12629.1673
,,,,,,,,355,4605.791,438.1965,4512.795,2948.992,25532.901,16815.46,14514.07,3517.508,12543.1847
,,,,,,,,356,4544.133,435.3844,4525.57,2971.23,25069.091,17479.23,14869.8,3621.685,12340.2905
,,,,,,,,357,4450.583,420.7329,4388.313,2886.026,24160.312,17259.63,14847.92,3549.491,11977.4992
,,,,,,,,358,4290.062,396.9728,4157.473,2730.374,22918.159,17004.39,15500.67,3437.562,11521.6534
,,,,,,,,359,4109.341,370.2912,3937.636,2515.643,21450.792,16753.5,15532.2,3327.351,11155.5535
,,,,,,,,360,3937.125,345.4969,3664.338,2388.641,20242.97,17075.71,15884.81,3422.346,10896.7624
,,,,,,,,361,3900.981,335.3541,3508.188,2317.98,20093.122,17072.68,15728.19,3565.146,10717.4247
,,,,,,,,362,3835.072,319.1964,3395.858,2221.245,19806.765,15547.31,14494.92,3268.169,10652.8202
,,,,,,,,363,3806.369,317.1278,3380.264,2184.062,19773.781,14116.07,13428.4,2909.884,10762.9466
,,,,,,,,364,3827.63,319.0058,3412.908,2231.173,20209.181,13159.7,12703.1,2674.965,11108.8026
,,,,,,,,365,3911.612,337.0416,3584.733,2338.863,21199.545,13082.67,12774.47,2613.872,11778.3579
,,,,,,,,366,4082.765,369.1575,3989.171,2608.32,23037.973,14106.17,13735.32,2790.966,12609.3449
,,,,,,,,367,4240.098,416.3968,4482.626,2934.567,25136.967,16874.31,15948.2,3282.244,13027.4603
,,,,,,,,368,4044.216,415.7812,4790.124,2998.242,26257.883,19236.62,17371.7,3595.047,12278.6274
,,,,,,,,369,3838.767,447.8008,4455.803,2852.708,26460.512,19822.83,18226.79,4034.967,11041.9112
,,,,,,,,370,3517.147,433.882,4189.508,2638.478,25988.429,18736.36,18104.31,3834.503,9862.0515
,,,,,,,,371,3317.763,398.8292,4059.678,2484.516,25311.431,18715.75,16626.45,2222.018,9153.4229
,,,,,,,,372,2972.146,378.3762,3927.238,2482.302,24602.342,17363.76,15804.52,2034.792,8720.2387
,,,,,,,,373,3160.134,341.3651,3934.832,2419.262,23819.964,17961.43,14913.98,3183.904,8798.0499
,,,,,,,,374,3416,248.8866,3857.998,2388.65,23490.893,17801.56,14853.7,3053.7,8742.1033
,,,,,,,,375,3491.616,270.6223,3675.619,2329.368,23197.612,17168.1,15205.23,2518.671,8970.9365
,,,,,,,,376,3863.043,312.3389,3926.09,2282.31,23329.756,16579.68,14533.01,2356.48,9809.127
,,,,,,,,377,4196.669,378.4404,4070.231,2547.082,24414.608,15638.74,13621.73,3154.263,11584.9397
,,,,,,,,378,4574.961,433.0245,4384.152,2851.964,25728.976,15819.1,14107.31,3304.087,12392.7838
,,,,,,,,379,4569.646,442.2333,4542.464,2936.493,25758.553,17305.85,14984.38,3559.924,12369.8253
,,,,,,,,380,4494.169,444.2208,4545.03,2969.65,25038.649,18025.76,15551.23,3722.624,12275.659
,,,,,,,,381,4374.043,431.4472,4431.734,2903.769,24206.151,17910.61,15724.95,3707.895,11862.9867
,,,,,,,,382,4192.26,407.4966,4209.016,2720.33,22941.522,17563.7,16383.54,3652.541,11410.9088
,,,,,,,,383,4027.486,378.556,3998.668,2483.537,21308.982,17335.06,16419.86,3501.343,11130.5051
,,,,,,,,384,3864.837,352.7274,3815.335,2314.393,19953.454,17363.67,16815.05,3634.555,10903.8864
,,,,,,,,385,3797.865,348.6906,3872.578,2347.432,19117.106,18078.34,17165.68,3799.915,10710.9511
,,,,,,,,386,3742.585,336.2888,3826.659,2230.984,18741.529,16683.88,16059.84,3502.195,10650.46
,,,,,,,,387,3709.63,341.7323,3868.794,2257.06,18704.046,15387.67,15094.97,3158.259,10749.749
,,,,,,,,388,3708.567,353.0003,4084.677,2310.061,18995.259,14579.27,14695.14,2920.7,11060.1017
,,,,,,,,389,3797.865,375.6359,4399.378,2423.253,19914.238,14599.79,15012.87,2897.35,11693.8457
,,,,,,,,390,3956.26,419.8635,4820.614,2716.624,21587.879,15719.01,16242.71,3150.998,12532.3701
,,,,,,,,391,4112.53,485.8828,5376.061,3004.673,23725.416,18427.06,18398.29,3627.111,13171.428
,,,,,,,,392,4184.366,505.7009,5728.695,3172.583,24729.929,21243.24,20611.78,4131.001,12275.3219
,,,,,,,,393,4139.578,463.7785,5471.791,2965.282,24701.365,22689.68,21338.58,4388.984,10909.3029
,,,,,,,,394,4174.659,391.1796,4896.086,2707.934,24468.988,21053.87,20837.9,4423.308,9925.0642
,,,,,,,,395,3956.296,327.0512,4314.945,2404.434,23901.425,18726.6,19289.17,4284.009,9962.836
,,,,,,,,396,3569.987,350.9263,4043.049,2173.878,23720.525,17410.25,17553.49,3986.244,9367.2867
,,,,,,,,397,3843.315,315.2357,4034.19,2014.913,23122.157,16860.75,16737.11,3718.226,8750.1532
,,,,,,,,398,3065.225,252.0851,3846.988,2080.167,22845.66,16617.19,16149.58,3547.567,9012.9726
,,,,,,,,399,3614.165,322.2002,3779.247,2047.456,22642.698,15842.62,14917.92,3627.544,9764.7639
,,,,,,,,400,4183.302,383.8978,3889.402,2121.708,22642.735,15308.71,14996.23,3614.633,10174.4887
,,,,,,,,401,4300.692,400.5855,4072.948,2434.281,23715.442,15314.9,14035.25,3371.784,11743.9917
,,,,,,,,402,4579.214,437.6243,4424.515,2756.836,24909.589,15907.91,14151.98,3385.582,12422.4954
,,,,,,,,403,4554.763,450.7888,4595.211,2948.583,24868.095,17539.09,15271.88,3668.184,12402.5435
,,,,,,,,404,4486.728,446.9425,4572.851,2973.086,24317.299,18178.05,15585.59,3779.724,12317.2743
,,,,,,,,405,4370.854,428.3537,4376.742,2903.805,23345.551,17887.64,15438.3,3708.587,11979.1463
,,,,,,,,406,4227.341,400.6378,4138.177,2748.154,22032.454,17659.05,16136.52,3641.495,11571.2869
,,,,,,,,407,4037.053,375.4625,3972.057,2561.988,20498.063,17554.85,16375.47,3489.079,11190.7554
,,,,,,,,408,3866.963,355.2587,3838.735,2404.684,19234.742,17879.74,17029.84,3654.146,10928.6824
,,,,,,,,409,3790.423,349.7156,3799.822,2307.122,18514.272,17601.15,16961.37,3776.548,10645.6333
,,,,,,,,410,3735.144,340.0356,3834.226,2207.896,18072.884,16039.72,16003.42,3476.955,10607.7045
,,,,,,,,411,3683.054,353.8441,3930.23,2185.834,17998.469,14455.39,15110.78,3124.029,10692.1572
,,,,,,,,412,3709.63,373.4678,4035.07,2218.815,18342.587,13467.6,14517.27,2879.296,10980.336
,,,,,,,,413,3826.567,400.8844,4214.613,2272.666,19279.622,13359.98,14667.04,2836.218,11662.6363
,,,,,,,,414,3984.963,440.3217,4569.449,2504.716,21113.412,14402.91,15669.2,2997.09,12519.6472
,,,,,,,,415,4147.611,492.1608,4904.744,2832.875,23342.924,17114.65,17556.8,3430.8,13067.0384
,,,,,,,,416,3953.403,510.2914,4929.093,3024.057,24502.089,19504.61,18385.97,3849.542,12529.0321
,,,,,,,,417,3997.145,434.527,4278.897,2926.971,24433.707,19953.29,17715.68,3499.614,10872.4741
,,,,,,,,418,2978.071,320.193,3805.695,2642.502,24329.868,18993.26,16152.19,3192.496,10182.2763
,,,,,,,,419,2677.557,268.2382,3274.369,2319.983,23898.546,16901.68,14239.39,2899.753,9419.6553
,,,,,,,,420,2529.652,270.0638,2650.052,2180.522,23644.249,14910.64,11997.69,2447.187,8443.5801
,,,,,,,,421,2536.937,301.3846,2567.539,2245.99,23435.017,15060.5,12704.62,2141.153,8410.3512
,,,,,,,,422,2680.432,283.301,2534.403,2050.713,23135.524,13712.33,12245.19,2581.444,8346.2534
,,,,,,,,423,2983.979,270.8136,2789.382,2077.025,22805.12,14119.48,11879.65,2476.404,8763.7918
,,,,,,,,424,3464.587,316.7721,3290.912,2052.727,22821.306,14424.25,12141.73,2762.875,9661.585
,,,,,,,,425,4154.914,384.5611,3654.012,2440.926,23744.47,15275.5,12625.45,3018.049,11441.7711
,,,,,,,,426,4544.133,430.9468,4253.76,2797.302,24875.168,16243.38,14068.68,3340.745,12255.7676
,,,,,,,,427,4502.673,443.2583,4509.761,3013.188,24679.021,17929,15353.9,3626.065,12207.3315
,,,,,,,,428,4441.016,443.1772,4573.512,3108.941,23973.9,18829.78,15805.36,3724.068,12062.1176
,,,,,,,,429,4374.043,429.56,4510.228,3050.414,23094.675,18600.38,15893.8,3682.489,11790.3931
,,,,,,,,430,4203.954,403.7314,4336.145,2900.404,21930.53,18600.16,16736.08,3656.881,11335.6684
,,,,,,,,431,4023.233,375.825,4179.264,2649.092,20400.761,18080.05,16903.59,3535.749,11010.3478
,,,,,,,,432,3865.9,354.5962,4072.4,2512.162,19093.883,18456.13,17539.03,3673.147,10811.281
,,,,,,,,433,3804.243,342.0224,3882.068,2345.391,18337.922,18127.47,16921.7,3727.33,10554.3769
,,,,,,,,434,3739.396,333.3766,3780.35,2242.601,17812.76,16702.87,15711.38,3416.005,10541.7917
,,,,,,,,435,3703.252,339.4826,3764.352,2235.884,17678.786,15353.54,14685.96,3062.998,10556.8838
,,,,,,,,436,3711.757,346.9853,3792.172,2273.704,17884.715,14465.14,13858.34,2787.674,10845.2962
,,,,,,,,437,3804.243,367.7429,3984.662,2355.155,18626.564,14325.25,13976.94,2725.661,11596.9535
,,,,,,,,438,3972.206,404.4677,4354.519,2592.622,20267.706,15251.62,14857.02,2839.778,12515.461
,,,,,,,,439,4107.215,451.5073,4850.869,2884.2,22181.851,17506.51,16801.89,3241.102,13211.5894
,,,,,,,,440,3989.39,469.4473,5087.38,3022.153,23321.073,20092.5,17873.52,3440.545,12371.2194
,,,,,,,,441,3583.196,380.7373,4346.641,2859.526,23408.85,20767.43,16203.33,2935.243,10687.9117
,,,,,,,,442,3278.586,291.3134,3262.612,2470.921,23284.551,19374.92,13557.74,2407.051,9920.0085
,,,,,,,,443,3095.147,249.4017,2633.835,2056.614,23083.329,16193.82,11124.92,1944.247,8862.9824
,,,,,,,,444,2447.344,231.9659,2361.585,1826.714,22853.891,12839.75,9064.163,1475.804,8190.789
,,,,,,,,445,2500.183,223.1343,2338.915,1639.48,22561.06,11985.39,8549.396,1291.412,8180.0904
,,,,,,,,446,2598.577,239.4735,2419.968,1488.661,22296.843,12999.7,8611.298,1403.558,8002.9779
,,,,,,,,447,2952.994,260.3561,2719.023,1575.033,21896.487,12247.35,9866.688,1795.663,8372.1752
,,,,,,,,448,3316.978,308.0114,3215.596,1816.371,22044.517,14150.87,11197.31,2184.303,9333.7991
,,,,,,,,449,3937.143,368.9223,4004.188,2308.832,22940.577,14880.61,12162.63,2881.936,11161.0137
,,,,,,,,450,4336.836,430.3938,4297.157,2678.882,24099.478,15473.14,13683.46,3352.403,11993.8082
,,,,,,,,451,4352.782,439.8023,4334.064,2858.435,23844.769,16934.93,14647.29,3522.158,11999.3098
,,,,,,,,452,4321.953,433.053,4276.166,2900.573,23179.154,17317.98,14849.4,3533.605,11849.7787
,,,,,,,,453,4260.295,419.6169,4202.836,2869.586,22354.258,17215.87,14939,3511.703,11751.3501
,,,,,,,,454,4157.179,401.6814,4068.712,2750.904,21359.971,17283.29,15823.24,3512.072,11445.1021
,,,,,,,,455,4046.621,383.3555,3998.914,2601.756,19969.063,17384.74,16421.31,3467.339,11214.6169
,,,,,,,,456,3883.972,364.3765,3876.21,2411.023,18790.346,17651.24,16998.36,3606.206,10974.3105
,,,,,,,,457,3820.189,360.3304,3870.496,2276.692,17977.629,17142.11,16449.24,3621.9,10821.2763
,,,,,,,,458,3758.531,364.8306,3839.459,2175.589,17555.342,16294.29,15854.43,3444.323,10765.4241
,,,,,,,,459,3706.441,378.4486,3862.854,2154.165,17287.532,15146.98,15075.2,3180.699,10787.1634
,,,,,,,,460,3690.495,390.3698,3903.614,2161.294,17406.069,14106.1,14381.52,2925.796,10950.6917
,,,,,,,,461,3716.009,414.5116,4066.598,2192.234,17685.346,13615.74,14307.6,2835.603,11385.4489
,,,,,,,,462,3712.82,440.0594,4214.461,2274.262,18621.008,13688.54,14302.49,2821.56,11987.1794
,,,,,,,,463,3813.81,468.0382,4498.458,2423.173,20281.404,14384.55,14984.66,3028.064,12714.0974
,,,,,,,,464,3681.102,478.9382,4645.163,2547.575,21664.242,15679.46,15186.49,3134.143,12137.9388
,,,,,,,,465,3297.843,420.3906,4095.334,2609.598,22323.212,17378,13251.17,2701.108,11377.3637
,,,,,,,,466,3052.764,330.6374,3325.749,2369.089,22525.392,16980.3,10796.25,2190.311,9922.4483
,,,,,,,,467,2896.965,290.7419,2780.696,2320.487,22386.631,15371.33,9248.153,1670.599,9288.8177
,,,,,,,,468,2688.623,258.6399,2524.688,2040.555,22195.073,12231.59,7750.863,1417.351,8881.4648
,,,,,,,,469,2711.854,253.7641,2441.156,1856.636,21932.168,11047.78,7415.789,1433.602,8552.4863
,,,,,,,,470,2988.371,258.974,2599.228,1584.865,21458.765,12315.28,8037.51,1340.136,8621.8492
,,,,,,,,471,3384.7,292.5685,2905.593,1494.087,21336.271,12242.66,10286.37,1975.269,8818.9942
,,,,,,,,472,3762.505,329.3706,3200.188,2071.234,21530.109,12124.34,10928.23,2170.573,10191.3402
,,,,,,,,473,4121.192,373.1079,3755.164,2355.745,22530.892,13694.33,12124.09,2748.846,11376.4561
,,,,,,,,474,4404.872,423.5357,4170.852,2659.342,23561.802,14518.92,13136.3,2990.613,11952.6646
,,,,,,,,475,4380.421,425.2324,4296.519,2799.162,23448.432,15717.46,13893.73,3186.803,11942.8418
,,,,,,,,476,4307.07,417.1581,4198.824,2769.686,22907.168,15857.8,13919.18,3156.383,11640.2209
,,,,,,,,477,4196.512,396.0288,4008.668,2693.489,22274.723,15618.98,13612.93,3155.852,11386.2964
,,,,,,,,478,4110.404,373.4843,3799.608,2617.491,21347.755,15462.56,13970.15,3106.475,11181.3719
,,,,,,,,479,3984.963,355.5395,3673.606,2482.887,20130.634,15416.87,14201.6,3038.111,10979.4003
,,,,,,,,480,3836.135,343.2286,3539.886,2308.61,19089.214,15303.98,14164.33,3022.53,10725.8355
,,,,,,,,481,3738.333,335.4266,3476.041,2172.979,18570.874,16067.61,14718.1,3313.491,10485.1824
,,,,,,,,482,3683.054,329.6931,3412.762,2078.18,18286.149,15572.13,14409.06,3281.316,10454.9209
,,,,,,,,483,3621.396,337.8583,3436.156,2039.534,18081.882,14500.12,13584.15,3016.824,10424.6814
,,,,,,,,484,3599.072,347.067,3499.516,2074.84,18132.313,13484.77,12914.4,2776.321,10531.0463
,,,,,,,,485,3633.09,363.4971,3610.554,2114.986,18481.027,12925.5,12691.09,2677.109,10880.733
,,,,,,,,486,3692.622,378.4301,3713.078,2208.57,19276.413,12761.65,12654.39,2606.469,11446.8339
,,,,,,,,487,3779.792,398.5251,3971.986,2423.289,20839.096,13779.69,13182.34,2789.686,11964.0301
,,,,,,,,488,3544.281,389.3253,4051.185,2553.403,22337.348,14996.37,13163.59,2852.743,11580.5235
,,,,,,,,489,3003.55,328.0227,3432.637,2345.901,23073.758,14371.72,10859.33,1939.747,10362.3354
,,,,,,,,490,2658.857,249.9616,2640.158,1857.549,23002.522,12064.77,8394.501,1382.963,9080.4024
,,,,,,,,491,2368.973,212.0728,2207.403,1590.22,22515.981,9513.658,7024.499,975.7762,8254.9694
,,,,,,,,492,2785.048,192.4729,1930.995,1405.158,22330.63,7924.798,5969.82,747.8564,7669.2675
,,,,,,,,493,3436.338,187.9688,1874.792,1297.195,21949.952,7422.571,5365.155,642.1299,8081.4831
,,,,,,,,494,3319.105,205.1424,1946.059,1210.563,21621.021,7130.892,5670.32,765.6989,8048.0354
,,,,,,,,495,3517.722,230.2762,2187.201,1307.067,21453.401,7312.443,6674.957,1121.505,8115.065
,,,,,,,,496,3699.488,277.6408,2607.35,1547.267,21624.075,8534.22,8629.659,1610.905,9250.395
,,,,,,,,497,4106.919,347.1312,3356.438,2061.587,23188.294,10813.67,10623.73,2435.494,11348.5391
,,,,,,,,498,4444.205,409.9994,4059.101,2624.449,24592.649,13566.34,12378.87,2923.146,12215.565
,,,,,,,,499,4428.259,416.8582,4232.604,2839.909,24681.191,15051.72,13037.36,3128.172,12185.0615
,,,,,,,,500,4399.557,413.2024,4240.72,2920.814,24149.191,15791.42,13444.72,3150.625,11985.8708
,,,,,,,,501,4317.701,404.7563,4132.81,2835.61,23341.818,15928.63,13537.19,3146.894,11774.1596
,,,,,,,,502,4183.755,381.1776,3932.842,2743.217,22173.919,15860.51,14042.95,3110.757,11278.2885
,,,,,,,,503,4024.296,359.1049,3710.11,2585.276,20703.13,15698.09,14016.03,2996.985,10955.3425
,,,,,,,,504,3860.585,333.4576,3520.188,2440.768,19642.105,15402.13,13865.58,2973.9,10666.0263
,,,,,,,,505,3793.612,320.8746,3481.823,2100.347,19083.632,15639.67,15148.75,3357.993,10534.9516
,,,,,,,,506,3751.09,306.7853,3403.266,2013.066,18888.34,14808.14,14474.42,3226.176,10524.3194
,,,,,,,,507,3741.522,304.7168,3453.271,2009.088,18999.39,13450.86,13435.01,2878.601,10674.6791
,,,,,,,,508,3795.738,311.385,3543.645,2087.303,19424.464,12564.75,12909.15,2629.305,11093.5463
,,,,,,,,509,3898.855,329.4208,3699.069,2196.457,20457.776,12608.44,13070.29,2608.674,11773.1123
,,,,,,,,510,4092.332,366.3362,4117.171,2463.728,22225.739,13599.23,14006.68,2759.659,12776.3857
,,,,,,,,511,4266.674,414.6098,4625.653,2889.542,24355.403,16499.32,16091.71,3244.798,13582.9908
,,,,,,,,512,3912.414,424.3513,4623.058,3063.873,25559.345,19060.01,16770.48,3422.504,12610.0839
,,,,,,,,513,3368.337,347.7438,3950.354,2877.063,25534.417,19303.22,15390.27,2972.865,10920.9656
,,,,,,,,514,2903.675,275.0498,3010.613,2298.295,25367.806,16005.98,12493.27,2340.764,9650.1584
,,,,,,,,515,2556.996,232.7287,2510.063,1881.793,24834.301,13174.13,10536.29,1777.172,8783.0805
,,,,,,,,516,2394.208,212.1994,2236.272,1846.159,24473.61,11742.69,8438.621,1314.819,8090.0294
,,,,,,,,517,2370.21,210.2358,2283.451,1527.44,24278.969,9718.003,7600.171,1154.496,7799.2891
,,,,,,,,518,2509.907,224.4971,2732.559,1639.408,23936.774,9859.992,8706.039,1226.913,7883.2251
,,,,,,,,519,2939.035,251.4234,2796.035,1587.272,23730.484,9443.429,9880.323,2182.9,8302.5677
,,,,,,,,520,3328.986,294.6509,2971.247,1793.061,23948.04,10595.07,11535.49,3024.833,9344.8017
,,,,,,,,521,4085.065,365.7331,3676.788,2305.473,24915.015,12868.23,12345.34,3187.316,11422.965
,,,,,,,,522,4610.042,444.3018,4305.127,2796.649,25944.856,15422.12,13997.21,3356.252,12512.8848
,,,,,,,,523,4614.295,454.726,4489.897,3040.475,25791.913,17306.81,15262.59,3704.207,12497.8493
,,,,,,,,524,4580.277,450.036,4510.556,3047.969,25086.5,17938.59,15722.44,3762.519,12375.1728
,,,,,,,,525,4501.61,432.8532,4376.754,2911.889,23909.281,17642.56,15537.76,3649.869,12133.2466
,,,,,,,,526,4332.583,409.9369,4145.907,2745.672,22436.295,17347.08,16100.33,3544.246,11691.3239
,,,,,,,,527,4158.242,381.8493,3927.035,2553.64,20815.135,17225.67,16252.75,3451.758,11331.562
,,,,,,,,528,3996.657,354.9865,3733.808,2395.887,19508.907,17376.79,16501.48,3554.641,11085.9221
,,,,,,,,529,3932.873,335.9071,3470.732,2300.839,18676.869,16997.1,15918.93,3589.33,10927.1405
,,,,,,,,530,3881.846,323.5146,3367.646,2232.717,18257.105,15479.56,14628.72,3317.564,10947.689
,,,,,,,,531,3857.396,319.5681,3338.135,2181.464,18103.354,14031.26,13487.97,2970.092,11192.5141
,,,,,,,,532,3873.342,327.2706,3343.362,2217.432,18373.917,13066.57,12784.74,2737.913,11567.0859
,,,,,,,,533,3972.206,343.4284,3517.117,2320.118,19139.588,13006.67,12990.68,2730.779,12359.2054
,,,,,,,,534,4159.305,375.7347,3897.031,2590.85,20794.253,13917.34,14055.13,2919.604,13395.0451
,,,,,,,,535,4327.269,420.2431,4516.716,3035.056,22869.998,16899.28,16278.92,3426.435,14187.931
,,,,,,,,536,4081.58,429.5605,4507.443,3190.01,23953.081,19260.96,17423.73,3950.956,13071.692
,,,,,,,,537,3430.9,341.9379,3854.432,2749.362,24076.107,18272.11,15609.52,3118.429,11287.8791
,,,,,,,,538,2982.028,280.1217,3028.982,2164.085,24140.482,15134.82,13003.41,2414.229,9907.8374
,,,,,,,,539,2690.47,237.829,2541.625,1732.023,23641.388,12560.78,10953.5,1799.728,8972.9154
,,,,,,,,540,2536.64,217.2905,2272.515,1581.651,23317.771,10301.39,8734.815,1352.436,8210.5979
,,,,,,,,541,2531.168,212.4147,2147.083,1423.599,22972.445,9072.414,7772.526,1178.472,7849.5874
,,,,,,,,542,2651.276,225.5369,2217.463,1408.762,22519.567,8847.81,7993.544,1260.662,7902.4369
,,,,,,,,543,2889.524,253.3925,2412.83,1507.863,22345.243,9010.659,8820.665,1539.699,8300.5761
,,,,,,,,544,3308.021,306.5676,2832.235,1770.688,22409.702,10321.63,10349.97,1993.794,9328.0531
,,,,,,,,545,4000.473,368.9987,3518.124,2245.008,23664.32,12649.11,11650.98,2648.608,11390.6261
,,,,,,,,546,4494.169,434.2308,4159.375,2753.897,25067.83,15189.73,13637.37,3235.906,12512.1559
,,,,,,,,547,4518.619,445.6986,4385.222,2977.514,25222.41,17032.37,14816.13,3579.435,12514.7989
,,,,,,,,548,4476.097,449.7545,4465.936,3009.207,24584.7,17850.83,15470.22,3729.346,12431.6837
,,,,,,,,549,4436.764,437.1715,4383.514,2934.897,23795.213,17783.6,15754.83,3686.373,12278.8186
,,,,,,,,550,4290.062,414.2552,4179.681,2793.705,22288.95,17589.43,16409.01,3588.295,11822.8594
,,,,,,,,551,4090.206,387.2018,3974.316,2655.476,20650.514,17463.9,16440.71,3488.11,11501.3998
,,,,,,,,552,3937.125,359.486,3760.829,2488.019,19658.57,17684.85,16708.88,3573.532,11257.0404
,,,,,,,,553,3874.405,345.8687,3669.003,2364.795,18834.079,17215.34,16454.28,3642.443,11103.8162
,,,,,,,,554,3820.189,332.6231,3567.286,2248.925,18568.309,15623.41,15067.11,3330.221,11109.8477
,,,,,,,,555,3795.738,332.4419,3571.946,2201.65,18559.777,14153.35,13948.12,2990.797,11246.9648
,,,,,,,,556,3832.946,334.1294,3617.536,2227.112,18970.762,13167.4,13301.94,2727.101,11582.0759
,,,,,,,,557,3928.621,350.2872,3779.713,2315.503,20133.226,13019.12,13396.92,2701.958,12446.2461
,,,,,,,,558,4107.215,386.54,4173.135,2576.307,21893.602,14008.92,14433.4,2860.191,13521.658
,,,,,,,,559,4286.872,433.9606,4758.49,2983.543,24141.833,16724.5,16552.71,3341.788,14325.6269
,,,,,,,,560,4018.406,443.2688,4707.375,3158.196,25228.958,19212.97,17485.53,3738.185,12929.602
,,,,,,,,561,3359.222,356.1182,3993.7,2863.034,25206.009,19045.92,16061.72,3058.149,11224.469
,,,,,,,,562,2920.98,286.685,3188.504,2179.735,25206.132,16176.91,13117.85,2454.672,9786.1283
,,,,,,,,563,2581.132,240.7127,2566.328,1795.341,24739.859,12989.71,10732.16,1870.603,8786.7409
,,,,,,,,564,2414.092,218.1149,2433.701,1553.48,24129.259,10528.26,9241.577,1673.052,8132.1273
,,,,,,,,565,2370.96,212.5002,2363.944,1338.94,23494.681,8947.868,8684.477,2093.66,7837.4119
,,,,,,,,566,2496.384,241.7425,2556.143,1337.874,23162.152,8629.666,9341.624,2233.743,7893.3705
,,,,,,,,567,2803.573,281.7716,2664.366,1450.049,22734.288,8875.163,9919.615,2280.561,8312.5792
,,,,,,,,568,3249.709,330.3471,3062.198,1689.761,22840.397,10319.98,10879.67,2849.642,9277.0883
,,,,,,,,569,3939.426,383.3456,3807.507,2160.867,23916.06,12542.86,12210.38,3220.253,11302.3608
,,,,,,,,570,4429.322,433.006,4492.471,2740.051,25531.323,15285.6,14309.91,3501.468,12349.5654
,,,,,,,,571,4496.295,449.4546,4549.884,2913.241,25542.149,16964.62,15190.16,3719.481,12387.4521
,,,,,,,,572,4468.656,445.6083,4480.25,2932.103,24993.338,17717.13,15494.96,3710.646,12357.7278
,,,,,,,,573,4398.494,431.1565,4325.223,2900.417,24197.207,17274.12,15500.15,3592.666,12095.943
,,,,,,,,574,4250.728,407.3964,4069.853,2727.259,22716.652,16907.94,16090.83,3497.752,11557.4594
,,,,,,,,575,4107.215,380.1526,3892.309,2612.78,21100.073,16867.03,16356.09,3411.594,11192.5997
,,,,,,,,576,3952.008,354.3147,3697.965,2464.045,19922.456,17285.29,16661.58,3509.17,10979.1395
,,,,,,,,577,3872.279,341.7317,3596.645,2369.799,19251.326,16972.71,16209.75,3570.652,10869.1821
,,,,,,,,578,3821.252,331.3984,3492.997,2269.274,18952.222,15537.01,14925.65,3282.745,10873.9907
,,,,,,,,579,3803.18,329.3299,3511.17,2250.588,18958.588,14069.78,13842.52,2933.405,11033.8744
,,,,,,,,580,3823.378,333.9296,3526.443,2302.539,19316.378,13180.96,13097.31,2686.85,11304.0155
,,,,,,,,581,3921.179,355.7214,3712.74,2391.155,20294.826,13139.49,13294.82,2680.59,12098.2606
,,,,,,,,582,4095.521,391.6025,4094.584,2647.343,22151.626,14209.29,14309.78,2870.341,13233.4467
,,,,,,,,583,4301.755,435.0766,4603.476,3057.507,24402.407,16852.27,16401.11,3332.974,14054.149
,,,,,,,,584,4148.239,449.556,4614.316,3221.43,25489.807,19212.78,17083.62,3782.184,12778.0303
,,,,,,,,585,3745.078,352.1431,4034.813,2907.312,25296.768,18744.36,15538.64,3062.561,11133.9915
,,,,,,,,586,2948.62,278.32,2931.871,2270.989,25196.149,15674.27,12276.84,2342.069,9686.0189
,,,,,,,,587,2632.159,233.382,2444.503,1815.663,24372.749,12571.67,10315.6,1789.127,8761.3803
,,,,,,,,588,2456.615,209.9312,2274.461,1540.175,24043.167,10159,8758.906,1350.606,8132.4213
,,,,,,,,589,2419.861,206.9333,2247.605,1334.614,23528.955,8772.359,8096.915,1256.446,7795.5011
,,,,,,,,590,2552.116,221.0898,2415.735,1314.171,23152.291,8764.44,8431.602,1492.481,8031.8698
,,,,,,,,591,2857.179,245.8426,2693.968,1431.528,22839.227,9097.618,9234.989,1818.163,8773.1809
,,,,,,,,592,3292.685,293.5743,3132.485,1661.843,22613.063,10447.32,10569.93,2225.948,10087.5686
,,,,,,,,593,3946.868,360.5195,3759.202,2138.556,23770.038,12664.43,11977.29,2997.02,11411.4838
,,,,,,,,594,4424.007,426.3285,4310.285,2673.806,25246.074,15177.86,13927.66,3447.589,12240.9566
,,,,,,,,595,4481.412,440.7085,4428.883,2900.161,25422.205,16677.46,14885.78,3602.83,12280.4119
,,,,,,,,596,4439.953,441.6618,4442.623,2911.007,24955.812,17524.86,15303.76,3661.324,12213.7121
,,,,,,,,597,4377.232,429.0787,4320.248,2878.744,24099.368,17231.47,15352.72,3608.859,11927.7724
,,,,,,,,598,4257.106,405.4999,4103.872,2743.855,22722.069,17200.5,16003.4,3532.851,11497.3634
,,,,,,,,599,4071.071,376.5685,3846.567,2527.624,21104.711,16833.5,16168.73,3398.303,11241.6391
,,,,,,,,600,3927.558,351.3932,3632.922,2391.496,19917.379,17239.74,16463.35,3504.161,11025.6938
,,,,,,,,601,3853.144,332.1419,3403.197,2268.272,19242.827,16755.28,15678.56,3526.506,10863.1171
,,,,,,,,602,3804.243,320.7836,3281.78,2182.29,18953.375,15281.24,14456.55,3223.251,10861.7117
,,,,,,,,603,3793.612,318.7151,3258.064,2131.037,18940.131,13835.71,13318.12,2893.714,10999.6487
,,,,,,,,604,3814.874,319.5588,3260.397,2158.99,19273.238,12952.44,12585.47,2666.968,11250.7461
,,,,,,,,605,3916.927,334.6824,3440.899,2266.929,20371.915,12767.25,12603.85,2605.904,11994.5665
,,,,,,,,606,4082.765,365.9545,3835.285,2522.892,22134.141,13790.33,13574.21,2771.311,13084.2715
,,,,,,,,607,4240.098,409.2473,4322.952,2845.823,24228.258,16005.54,15621.6,3180.809,13829.637
,,,,,,,,608,3904.363,424.4849,4481.58,2991.186,25735.565,18429.96,16649.14,3594.084,12809.5294
,,,,,,,,609,3370.306,332.706,3717.525,2725.134,25653.402,18524.27,15057.83,2798.984,10899.392
,,,,,,,,610,2912.476,266.2807,2891.912,2313.653,25266.612,16472.65,12134.32,2368.841,9516.7937
,,,,,,,,611,2551.976,228.864,2531.885,1948.352,24608.77,14516.63,10552.03,1904.474,8555.9139
,,,,,,,,612,2368.991,210.3939,2410.109,1745.505,23890.454,12954.01,9321.47,1591.68,7955.724
,,,,,,,,613,2348.635,208.4303,2597.896,1611.065,23385.017,11932.51,9399.493,1677.718,7637.1838
,,,,,,,,614,2458.113,222.9871,3012.264,1693.884,22715.339,12068.99,10040.2,2278.568,7755.9616
,,,,,,,,615,2772.744,252.8256,3231.313,1771.266,22500.429,11687.4,11255.05,1783.329,8179.6992
,,,,,,,,616,3242.721,311.1913,3505.148,2036.885,22697.037,12965.37,11702.04,2662.686,9137.1806
,,,,,,,,617,3994.391,375.2242,4072.731,2375.69,23744.243,14114.67,13307.92,3308.829,10993.2659
,,,,,,,,618,4362.35,423.879,4423.001,2687.274,24764.034,15250.51,14257.94,3535.573,11994.7938
,,,,,,,,619,4393.178,427.6442,4377.498,2827.837,24824.256,16531.39,14636.16,3578.567,11943.1565
,,,,,,,,620,4351.719,422.9635,4285.837,2799.801,24241.36,16733.2,14650.21,3542.675,11917.885
,,,,,,,,621,4312.386,412.4489,4178.331,2744.59,23459.513,16463.27,14732.44,3482.19,11751.2433
,,,,,,,,622,4194.386,392.6261,3968.154,2600.494,22358.358,16380.81,15501.54,3396.317,11442.0701
,,,,,,,,623,4037.053,368.485,3795.03,2459.915,21078.519,16389.32,15928.25,3350.746,11177.6861
,,,,,,,,624,3886.098,345.5687,3564.176,2249.222,19892.11,16574.4,16111.09,3441.83,10941.7525
,,,,,,,,625,3818.063,330.0641,3409.395,2126.859,19253.872,16033.56,15257.89,3415.696,10755.9871
,,,,,,,,626,3756.405,321.4276,3287.02,1994.653,18916.487,14813.01,14302.31,3196.635,10782.9903
,,,,,,,,627,3725.576,322.0808,3257.509,1976.132,18762.162,13598.22,13326.57,2903.344,10786.4293
,,,,,,,,628,3724.513,322.7341,3231.453,1977.183,18740.351,12457.93,12485,2640.319,10990.7449
,,,,,,,,629,3767.036,336.4516,3284.768,2009.81,19062.701,11993.95,12199.71,2536.594,11446.791
,,,,,,,,630,3851.018,356.3654,3492.29,2146.279,19966.413,12014.99,12361.17,2532.416,12037.1179
,,,,,,,,631,3964.765,383.5005,3824.369,2422.215,21552.597,13386.71,13263.14,2803.794,12768.3546
,,,,,,,,632,3753.547,400.9831,3907.655,2555.439,23077.032,14479,13780.88,2859.094,12534.487
,,,,,,,,633,3386.077,340.1046,3647.668,2365.156,23723.536,13912.83,12013.77,2316.276,11515.8939
,,,,,,,,634,2827.117,261.9917,2949.423,2013.695,23860.541,11428.36,10278.12,1646.138,10260.2423
,,,,,,,,635,2522.803,239.8513,2494.632,1574.591,23482.304,10508.24,8426.651,1273.462,8828.2557
,,,,,,,,636,2293.199,202.4538,2170.214,1318.655,22949.567,9209.165,6741.223,981.4712,8451.9886
,,,,,,,,637,2344.976,198.6215,2213.378,1181.039,22503.294,6915.651,5876.346,923.2138,8275.84
,,,,,,,,638,2514.891,214.6652,2186.457,1140.702,21900.168,7112.616,6548.997,1177.328,8446.6004
,,,,,,,,639,2771.21,244.2938,2509.378,1262.149,21800.204,7485.277,7727.56,1334.86,8303.9079
,,,,,,,,640,3180.297,291.1817,2927.824,1511.973,21910.842,9817.209,9407.1,1872.069,9317.3965
,,,,,,,,641,3779.514,360.2911,3657.42,2032.945,22878.623,12461.39,11480.05,2697.221,11119.57
,,,,,,,,642,4223.088,413.0837,4214.273,2572.747,23917.898,14007.87,13097.2,3183.596,11906.2769
,,,,,,,,643,4226.278,421.8297,4338.982,2719.224,23988.306,14872.9,13659.69,3200.197,11939.7769
,,,,,,,,644,4222.025,411.6869,4190.153,2701.942,23579.736,15144.21,13707.71,3167.823,11693.4914
,,,,,,,,645,4167.81,392.6261,3971.054,2591.264,22960.164,14911.82,13441.19,3163.07,11473.71
,,,,,,,,646,4083.828,370.272,3763.929,2438.564,21938.634,14527.43,13917.17,3099.979,11150.1444
,,,,,,,,647,3946.693,352.3272,3639.448,2319.493,20820.499,14436.37,14176.23,3058.758,10965.1424
,,,,,,,,648,3831.882,334.3824,3494.712,2142.478,19710.135,14210.98,14150.51,3038.191,10784.4463
,,,,,,,,649,3768.099,328.2956,3378.919,2011.462,19126.326,14736.29,14479.41,3233.498,10615.8776
,,,,,,,,650,3722.387,315.05,3283.961,1887.023,18891.662,14197.72,14060.64,3177.803,10546.6854
,,,,,,,,651,3685.18,311.9473,3251.152,1841.6,18714.703,12983.36,13089.27,2885.409,10593.8197
,,,,,,,,652,3670.297,318.2438,3225.097,1838.862,18607.464,11830.13,12266.63,2615.159,10771.6752
,,,,,,,,653,3702.189,327.1618,3240.382,1870.214,18828.227,11214.54,11852.58,2479.049,11148.0146
,,,,,,,,654,3753.216,342.0948,3365.09,1961.448,19619.891,11110.35,11790.31,2426.321,11703.4846
,,,,,,,,655,3866.963,364.0679,3591.756,2169.227,21133.763,12098.31,12391.92,2643.769,12403.3431
,,,,,,,,656,3561.447,376.3885,3731.816,2291.929,22673.294,13255.35,12885.37,2640.38,11581.1553
,,,,,,,,657,3069.46,339.247,3686.075,2271.091,23250.044,14547.15,12384.37,2563.305,10091.6873
,,,,,,,,658,2695.001,282.602,3790.777,2011.717,23115.394,13742.71,11676.33,2359.307,9076.5011
,,,,,,,,659,2388.108,270.5381,2992.269,1800.426,22704.721,11253.55,11144.72,1387.377,8375.5714
,,,,,,,,660,2265.56,314.4798,3519.942,2058.771,22145.665,11443.02,11271.26,1513.027,7922.6355
,,,,,,,,661,2250.067,224.356,2653.661,1569.871,21559.007,10684.89,9771.303,1672.99,7659.5967
,,,,,,,,662,2462.958,301.0291,2259.313,1389.593,21344.561,9825.572,9436.471,1899.372,8242.4858
,,,,,,,,663,3323.496,348.3173,2628.921,1619.448,21343.92,9987.357,8644.589,1794.458,9073.8791
,,,,,,,,664,3494.631,323.0795,2891.361,1805.082,21745.643,11687.51,10746.07,2106.936,9431.7266
,,,,,,,,665,3895.527,364.1999,3579.055,2159.626,22930.518,12693.13,11353.35,2605.201,11142.4038
,,,,,,,,666,4264.548,407.5591,4081.846,2503.514,24321.797,13576.44,12521.51,3025.432,12089.2622
,,,,,,,,667,4251.791,415.4521,4198.836,2684.908,24373.363,14687.8,13309.99,3188.282,12158.6515
,,,,,,,,668,4222.025,414.8991,4259.454,2704.207,24002.331,15309.53,13804.84,3224.37,12030.3232
,,,,,,,,669,4152.926,401.6536,4134.184,2643.355,23464.576,15307.09,13808.11,3224.962,11712.6392
,,,,,,,,670,4054.062,379.9528,3925.527,2480.786,22191.489,14925.47,14255.66,3152.321,11220.3954
,,,,,,,,671,3886.098,355.1492,3726.36,2318.418,20761.162,14744.04,14397.76,3065.474,10820.6591
,,,,,,,,672,3725.576,331.3799,3569.082,2162.19,19662.366,14527.15,14404.47,3046.53,10536.9878
,,,,,,,,673,3667.108,316.7376,3442.267,2050.97,19167.364,15383.61,15136.5,3349.923,10309.6483
,,,,,,,,674,3633.09,303.6825,3364.675,1963.69,18913.318,14568.72,14526.01,3214.518,10311.2732
,,,,,,,,675,3604.387,300.5798,3387.666,1962.864,19023.418,13219.76,13485.73,2868.737,10401.4348
,,,,,,,,676,3638.406,307.248,3503.124,2028.471,19495.76,12381.72,13006.22,2635.582,10666.4513
,,,,,,,,677,3752.153,324.2496,3680.738,2132.373,20673.44,12393.06,13190.09,2600.603,11371.8081
,,,,,,,,678,3941.378,361.1649,4039.023,2406.998,22685.924,13379.22,14158.84,2763.246,12244.5834
,,,,,,,,679,4126.35,409.4385,4533.034,2810.75,24973.313,16306.12,16235.12,3262.733,12900.4329
,,,,,,,,680,3934.267,442.3687,4712.681,2987.403,26312.039,19036.15,18093.27,3962.897,12157.0699
,,,,,,,,681,3623.436,416.1043,4292.542,2856.571,26141.118,20586.64,18386.16,3441.854,11185.6819
,,,,,,,,682,3341.603,362.4619,3231.149,2506.695,25526.828,19280.44,15505.59,2557.322,10602.0334
,,,,,,,,683,3206.908,248.8487,2905.821,2135.208,24620.913,16767.84,13805.09,2273.938,10455.8445
,,,,,,,,684,3010.713,356.0745,2402.565,1813.656,23885.231,12822.63,11125.17,3056.303,10001.501
,,,,,,,,685,2439.292,370.231,2533.511,1654.281,23179.895,11359.99,9796.634,1436.759,9700.7083
,,,,,,,,686,2599.187,323.2004,3136.944,1613.839,22380.179,11750.96,9769.207,1832.921,9771.4924
,,,,,,,,687,3266.265,358.2295,3550.649,1667.968,22207.962,12271.83,11232.36,1741.95,9467.2687
,,,,,,,,688,3661.985,347.1481,3612.115,1775.024,22577.19,12865.77,12959.8,2171.628,9957.3397
,,,,,,,,689,4098.415,376.8531,3947.725,2295.566,23847.913,14127.76,13424.22,2887.861,11705.7251
,,,,,,,,690,4396.367,433.9593,4423.795,2717.857,25602.195,15993.05,14508.61,3419.024,12331.3152
,,,,,,,,691,4383.61,444.3835,4563.221,2909.155,25916.569,17426.4,15336.75,3662.957,12357.5406
,,,,,,,,692,4326.206,441.762,4505.731,2933.458,25677.722,18091.12,15674.34,3720.372,12213.7228
,,,,,,,,693,4263.485,421.4764,4324.656,2832.047,24886.324,17549.2,15367.08,3611.309,11866.5631
,,,,,,,,694,4116.782,399.5943,4088.02,2663.729,23537.029,17114.47,16025.84,3526.522,11397.3417
,,,,,,,,695,3939.251,371.5067,3836.345,2463.292,22091.805,16822.63,16060.2,3395.475,10971.5501
,,,,,,,,696,3787.234,344.6439,3584.267,2306.589,20926.855,16945.1,16242.47,3456.422,10685.2662
,,,,,,,,697,3725.576,325.5646,3350.134,2166.367,20366.715,16616.25,15647.84,3522.97,10449.3568
,,,,,,,,698,3692.622,313.1721,3234.506,2058.324,20166.554,15066.35,14440.71,3243.134,10360.8986
,,,,,,,,699,3659.667,308.1913,3217.537,2044.892,20235.674,13644.86,13270.23,2912.7,10433.7286
,,,,,,,,700,3691.558,313.8253,3242.06,2088.213,20729.756,12692.19,12587.98,2682.315,10722.634
,,,,,,,,701,3794.675,328.9488,3417.744,2208.759,21778.172,12641.53,12795.67,2670.697,11363.7826
,,,,,,,,702,3977.522,358.1524,3792.835,2488.946,23477.188,13640.94,13877.62,2871.18,12183.6429
,,,,,,,,703,4153.99,403.695,4338.231,2922.646,25630.702,16793.9,16151.25,3412.984,12781.3395
,,,,,,,,704,3831.011,418.1837,4557.518,3103.688,26901.562,19151.61,17899.75,3807.289,12540.7085
,,,,,,,,705,3284.808,364.7842,4353.79,2745.19,26709.701,19279.51,17155.61,3291.125,11552.2515
,,,,,,,,706,2875.722,331.2423,3907.539,2256.971,25911.804,17054.73,14424.61,2549.383,10726.7803
,,,,,,,,707,2570.954,309.2067,3062.678,1768.341,25158.961,12989.24,15284.24,2098.269,10304.9511
,,,,,,,,708,2402.852,362.1999,2497.432,1584.752,24557.078,10734.06,13160.99,2437.662,9162.5917
,,,,,,,,709,2371.413,296.0321,2257.361,1420.283,23992.013,9462.501,9537.525,2138.484,8629.6303
,,,,,,,,710,3001.895,283.0341,2320.766,1380.596,23341.764,10806.57,9562.554,1682.971,8757.3518
,,,,,,,,711,3209.47,317.9583,2548.427,1470.663,23199.604,10572.67,10090.2,1683.3,9632.683
,,,,,,,,712,3587.728,368.1163,2926.093,1696.532,23479.597,11899.74,11561.35,2155.279,10581.7826
,,,,,,,,713,4005.022,365.0328,3783.628,2209.782,24488.5,13274.77,12343.42,2757.755,11525.9099
,,,,,,,,714,4368.728,424.9225,4263.572,2687.712,25853.629,15287.72,14080.73,3296.885,12237.2246
,,,,,,,,715,4379.358,435.356,4413.201,2871.407,26106.398,16895.9,14933.31,3590.196,12322.7008
,,,,,,,,716,4347.466,439.412,4426.38,2940.92,25703.898,17723.94,15297.78,3665.677,12173.2573
,,,,,,,,717,4270.926,425.7947,4328.521,2894.976,24855.036,17637.54,15452.97,3598.069,11807.3456
,,,,,,,,718,4141.233,402.8784,4082.238,2725.418,23417.326,17319.5,15998.71,3509.433,11309.8999
,,,,,,,,719,3961.576,375.825,3838.281,2519.954,21892.284,17115.99,15999.8,3373.005,10930.4905
,,,,,,,,720,3780.855,349.1434,3589.097,2364.053,20654.26,17326.77,16267.98,3457.056,10628.9189
,,,,,,,,721,3717.072,336.5604,3512.708,2210.363,19963.628,16939.87,16045.9,3579.671,10419.4025
,,,,,,,,722,3674.55,321.2463,3413.885,2080.835,19681.426,15334.07,14759.29,3273.726,10391.2553
,,,,,,,,723,3647.973,320.0308,3425.298,2050.369,19655.632,13897.29,13685.78,2939.682,10455.4577
,,,,,,,,724,3683.054,323.7868,3491.149,2089.488,20061.95,12940.92,13113.93,2682.264,10778.9784
,,,,,,,,725,3778.729,338.9104,3668.763,2190.487,21122.686,12850.88,13201.04,2649.05,11422.5782
,,,,,,,,726,3974.333,369.9919,4041.924,2455.492,22999.674,13923.87,14349.45,2821.631,12288.0727
,,,,,,,,727,4142.296,416.3783,4610.878,2836.464,25023.565,16772.57,16380.43,3316.679,12884.7124
,,,,,,,,728,4029.176,419.8234,4882.088,3032.423,26189.712,19319.87,18223.79,3561.646,11909.8533
,,,,,,,,729,3559.809,397.153,4768.321,2741.493,26162.428,20361.92,18421.58,3413.167,11132.7233
,,,,,,,,730,3398.242,289.531,4461.974,2401.8,25294.005,17407.5,17551.71,3810.223,10898.6209
,,,,,,,,731,3183.974,244.6786,4203.063,1926.095,24325.481,13874.46,16682.71,3914.933,10184.6812
,,,,,,,,732,2545.284,226.2178,4104.614,1609.356,23679.266,10897.02,15699.96,2950.017,9624.0279
,,,,,,,,733,3007.82,219.6544,3928.248,1396.962,23139.098,12387.07,14798.56,3031.992,9541.188
,,,,,,,,734,3660.625,237.8623,3812.263,1364.267,22603.837,10993.36,15524.61,3764.459,9601.3005
,,,,,,,,735,3638.754,263.8399,2941.385,1468.438,22337.178,13537.57,14195.54,3499.266,9440.836
,,,,,,,,736,3723.485,335.5183,3056.688,1679.385,22624.73,11165.52,13673.31,3453.293,9466.3818
,,,,,,,,737,4129.086,382.397,3596.534,2190.897,23855.513,12978.25,13577.54,3309.522,11333.0448
,,,,,,,,738,4335.773,426.8005,4318.81,2679.119,25277.497,15553.09,14073.8,3362.472,12252.1312
,,,,,,,,739,4371.917,442.2148,4523.835,2868.067,25475.332,17037.64,15167.42,3644.154,12272.52
,,,,,,,,740,4324.079,439.4027,4515.947,2916.344,25017.079,17583.68,15432.16,3672.982,12174.8165
,,,,,,,,741,4276.242,423.9167,4353.202,2846.839,24261.103,17176.13,15265.79,3567.557,11931.5796
,,,,,,,,742,4113.593,397.0538,4085.29,2657.922,22819.823,16810.88,15824.44,3480.714,11454.7319
,,,,,,,,743,3955.198,371.8785,3867.224,2470.954,21240.389,16752.4,16041.61,3391.865,11103.6403
,,,,,,,,744,3795.738,345.0064,3682.529,2342.18,20036.846,17148.13,16428.43,3496.615,10749.9517
,,,,,,,,745,3659.667,493.5596,4028.814,2210.952,18983.17,17830.82,18003.18,3909.51,10309.7133
,,,,,,,,746,3604.387,452.3346,4082.917,2123.094,18730.193,16276.05,16828.12,3561.538,10232.5249
,,,,,,,,747,3583.126,443.4073,4154.393,2113.839,18665.503,14948.15,15785.28,3232.704,10261.9745
,,,,,,,,748,3601.198,441.3388,4315.038,2175.882,18939.937,14099.96,15326.52,3051.608,10495.2225
,,,,,,,,749,3704.315,461.2526,4541.697,2330.021,19818.569,13980.12,15418.36,2995.156,11065.3815
,,,,,,,,750,3876.531,489.2314,4977.815,2598.015,21673.769,15130.98,16553.36,3163.99,11914.7685
,,,,,,,,751,4024.296,528.9587,5466.447,2962.118,23758.112,17990.59,18435.85,3634.484,12623.5924
,,,,,,,,752,3780.791,530.7505,5626.635,3130.179,24788.956,20690.01,20237.04,4137.149,11828.6182
,,,,,,,,753,3278.989,417.4626,4779.551,2874.008,24713.81,21299.43,18932.3,3320.908,10554.1413
,,,,,,,,754,2841.337,305.9198,3534.063,2370.96,24276.597,19143.63,15246.98,3199.548,9354.7948
,,,,,,,,755,2570.284,245.2666,3201.122,2192.25,23837.281,17689.42,13723.39,2373.219,8603.9143
,,,,,,,,756,2456.931,271.5529,3170.819,2012.783,23661.422,17117.62,10628.14,2478.727,8258.1247
,,,,,,,,757,2692.903,246.7188,2925.825,1892.385,23274.361,16165.06,10482.65,2212.188,8220.3436
,,,,,,,,758,2990.624,294.9807,2905.731,1933.375,22831.419,16338.03,10731.57,2075.658,8350.929
,,,,,,,,759,3368.744,322.7828,3446.179,2105.615,22364.704,16180.39,11522.35,1998.419,8799.3984
,,,,,,,,760,3631.871,318.9831,3334.967,2248.758,22329.124,16098.79,12818.71,2882.008,10039.4389
,,,,,,,,761,3984.294,376.4282,3751.966,2401.028,23047.883,15256.42,12668.67,2998.108,10980.9491
,,,,,,,,762,4231.593,416.6484,4129.871,2624.983,24070.567,15146.69,13484.35,3182.785,12018.7323
,,,,,,,,763,4338.962,436.3903,4357.647,2768.532,24311.065,16634.88,14568.17,3502.369,12290.8642
,,,,,,,,764,4300.692,435.656,4343.566,2826.678,23613.477,17434.12,15145.46,3622.241,12130.5259
,,,,,,,,765,4232.656,420.8139,4268.301,2773.793,22671.811,17196.02,15176.8,3587.714,11734.0355
,,,,,,,,766,4080.638,400.8098,4107.726,2631.61,21344.536,17314.91,16133.11,3568.937,11243.3857
,,,,,,,,767,3907.36,377.322,3935.408,2417.292,19972.087,16886.39,16398.6,3449.025,10833.728
,,,,,,,,768,3729.829,360.8834,3798.39,2265.016,18819.646,17306.05,17011.96,3585.021,10558.7568
,,,,,,,,769,3611.829,353.7438,3719.096,2117.829,17940.671,17475.57,16965.32,3803.13,10331.4295
,,,,,,,,770,3572.496,357.4003,3717.405,2056.046,17616.641,16072.47,15875.5,3473.167,10279.5305
,,,,,,,,771,3559.739,369.9841,3841.786,2044.715,17473.2,14583.67,14807.31,3097.576,10346.1214
,,,,,,,,772,3572.496,388.764,4014.412,2122.905,17676.873,13801.54,14464.19,2867.823,10582.9736
,,,,,,,,773,3664.982,425.5798,4343.023,2297.065,18490.351,13929.14,14921.07,2855.465,11173.7349
,,,,,,,,774,3841.45,458.3489,4688.205,2570.476,20096.038,14932.02,15905.03,3073.803,12001.3333
,,,,,,,,775,3979.648,505.579,5149.414,2876.349,22111.928,17384.33,17661.95,3492.132,12633.2212
,,,,,,,,776,4094.458,542.7383,5432.61,2960.368,23304.128,20475.66,20100.57,4216.478,12563.7598
,,,,,,,,777,4161.248,501.9911,5019.262,2830.821,23553.817,22404.52,20912.68,4269.649,12327.572
,,,,,,,,778,4187.824,346.5791,4267.541,2267.439,23475.032,20486.88,19788.81,4227.824,11124.0167
,,,,,,,,779,4091.965,367.9028,3977.927,2057.781,23121.421,17926.49,18555.81,4152.587,10421.4329
,,,,,,,,780,4228.312,282.8394,3929.795,2181.848,22852.116,16763.1,17548.02,3629.652,9080.7027
,,,,,,,,781,4105.392,375.9511,3915.726,1942.102,22430.564,14299.77,16671.75,3783.276,9811.5079
,,,,,,,,782,3978.218,367.9489,3877.113,1597.773,21801.91,14410.82,16177.61,3780.003,8661.9338
,,,,,,,,783,4038.996,392.8388,3758.741,1625.544,21338.648,13792.32,15508.47,3618.618,8712.5976
,,,,,,,,784,4074.26,378.9405,3759.77,1707.333,21500.645,14255.19,14935.98,3334.601,10499.869
,,,,,,,,785,4098.71,398.2502,3882.581,2257,22086.267,14745.92,12841.21,3158.685,10750.8046
,,,,,,,,786,4297.503,418.3545,4159.767,2537.537,23228.428,15175.63,13601.5,3273.414,11771.2007
,,,,,,,,787,4412.313,430.022,4328.44,2643.207,23581.908,16442.32,14449.94,3541.781,12055.1003
,,,,,,,,788,4340.025,428.4347,4290.246,2669.611,23022.066,16950.74,14555.68,3548.583,12050.2899
,,,,,,,,789,4273.052,405.6996,4191.019,2580.807,22157.977,16387.27,14353.12,3472.178,11794.502
,,,,,,,,790,4150.8,385.8768,3971.194,2449.955,21029.637,16491.39,15348.71,3465.642,11404.9679
,,,,,,,,791,3991.342,363.8042,3814.88,2308.186,19764.992,16593.76,15713.19,3384.786,11146.0304
,,,,,,,,792,3820.189,342.9472,3648.51,2131.748,18657.692,16951.4,16249.09,3503.039,10884.6557
,,,,,,,,793,3693.685,326.4084,3471.697,1953.293,17880.736,16386.9,15467.86,3514.503,10590.795
,,,,,,,,794,3625.649,313.1628,3304.941,1881.83,17561.659,15339.94,14308.65,3199.521,10426.5016
,,,,,,,,795,3579.937,305.9323,3211.912,1872.351,17444.21,14147.29,13134.85,2886.74,10415.1124
,,,,,,,,796,3598.009,303.8638,3177.18,1889.16,17462.521,13095.85,12175.9,2601.271,10503.8189
,,,,,,,,797,3635.216,311.9473,3215.614,1994.312,17729.583,12716.61,11705.15,2472.58,10801.0244
,,,,,,,,798,3718.135,324.1494,3307.122,2111.458,18680.331,12851.56,11667.88,2436.642,11270.079
,,,,,,,,799,3775.54,347.5377,3488.607,2320.346,20410.638,14194.1,12267.56,2638.238,11862.4201
,,,,,,,,800,3541.602,372.0137,3761.267,2485.751,21753.727,15648.93,12994.18,2953.637,11805.2644
,,,,,,,,801,3084.449,288.3888,3869.222,2463.977,22516.105,15821.44,13278.81,2435.608,12131.8523
,,,,,,,,802,2629.119,256.8469,3695.597,2203.066,22570.002,14985.18,12042.36,1772.426,12161.2585
,,,,,,,,803,2403.292,225.5792,3710.185,2009.802,22189.881,14455.39,11582.11,1722.183,12101.6132
,,,,,,,,804,2210.603,205.0285,3242.511,1974.746,21813.905,14736.76,10531.11,2346.489,11787.5154
,,,,,,,,805,2550.938,200.5379,3394.802,1795.502,21526.952,12988.45,9931.418,1835.349,11522.4185
,,,,,,,,806,3678.737,213.7951,3299.245,1521.582,21220.826,11738.53,9413.149,989.217,10766.5256
,,,,,,,,807,2846.048,241.7877,3292.993,1313.727,21101.005,10871.8,11048.39,911.2545,10648.1977
,,,,,,,,808,3080.865,291.9281,3591.251,1715.847,21289.459,11470.99,11969.44,1418.724,9789.2308
,,,,,,,,809,3780.883,348.9012,3777.842,2122.405,21929.852,12301,11670.81,2149.519,11087.8293
,,,,,,,,810,4286.872,410.4621,4114.339,2510.704,22995.13,13587.6,12661.06,2855.656,11818.7648
,,,,,,,,811,4362.35,421.6484,4342.835,2639.983,23305.604,14768.13,13369.08,3098.811,11876.0495
,,,,,,,,812,4313.449,413.3929,4232.598,2616.397,22919.406,15129.1,13452.38,3180.575,11615.2538
,,,,,,,,813,4236.908,395.8291,4095.909,2558.059,22220.279,14999.71,13422.81,3156.881,11382.3041
,,,,,,,,814,4098.71,377.231,3941.683,2457.698,21276.262,14814.75,13964.9,3129.574,11085.3149
,,,,,,,,815,3966.891,356.374,3776.283,2291.766,20117.48,14746.66,14133.53,3060.774,10861.3697
,,,,,,,,816,3841.45,335.7074,3587.325,2091.389,19092.953,14520.44,13985.48,3007.91,10599.148
,,,,,,,,817,3695.811,322.0901,3434.473,1939.034,18706.366,15456.41,14606.43,3318.437,10341.3374
,,,,,,,,818,3615.018,309.8788,3285.078,1838.982,18482.853,15073.79,14042.14,3179.896,10263.1856
,,,,,,,,819,3567.18,301.7953,3198.803,1812.056,18463.219,13771.12,12847.14,2852.663,10231.3368
,,,,,,,,820,3552.298,303.4828,3128.935,1828.865,18624.662,12570.79,11875.95,2543.777,10289.717
,,,,,,,,821,3590.568,310.532,3132.232,1881.453,19048.077,12045.36,11300.62,2402.531,10597.3471
,,,,,,,,822,3644.784,315.6941,3201.545,1971.06,19902.984,11987.1,11199.51,2351.348,11066.7751
,,,,,,,,823,3710.694,333.9111,3406.992,2186.228,21491.42,13207.69,11767.92,2567.424,11641.6749
,,,,,,,,824,3799.413,320.8329,3587.108,2343.674,23072.369,14615.92,12414.04,2680.763,11305.6937
,,,,,,,,825,3870.455,278.0744,3611.803,2060.896,23986.727,13523.04,12316.12,2592.192,11976.6735
,,,,,,,,826,2959.31,238.83,3726.718,1914.288,24086.601,13993.75,10607,1740.451,11788.5612
,,,,,,,,827,3491.666,212.7615,3571.828,1828.423,23854.963,13113.06,11017.41,1315.052,11163.0245
,,,,,,,,828,2803.736,236.7609,3368.464,1990.791,23308.619,10529.19,10260.86,2682.413,11231.2419
,,,,,,,,829,3690.339,186.7301,3235.076,1603.53,23236.678,10999.73,11202.38,1359.433,9713.7158
,,,,,,,,830,3853.84,201.8653,3198.854,1910.562,22730.32,11620.82,11633.67,3020.417,8467.835
,,,,,,,,831,3826.2,316.2274,3066.949,1966.093,22837.767,12563.3,11973.67,2111.68,9270.5697
,,,,,,,,832,3951.339,315.3027,3058.709,1692.07,23140.061,9893.152,9703.952,2843.819,10572.0934
,,,,,,,,833,4142.296,350.763,3464.015,2261.628,23949.496,11971.17,10297.94,2827.906,11210.5866
,,,,,,,,834,4385.737,401.5349,3982.877,2665.549,25138.705,13765.76,11991.16,2813.041,11884.4938
,,,,,,,,835,4466.529,418.5457,4249.403,2826.63,25476.222,15286.54,13242.95,3102.186,12034.0345
,,,,,,,,836,4412.313,417.9926,4290.725,2899.543,24993.991,15945.47,13695,3192.409,11841.2098
,,,,,,,,837,4329.395,405.4096,4226.236,2847.544,24116.051,15929.49,13738.92,3162.147,11604.7077
,,,,,,,,838,4179.503,378.9185,3991.132,2736.653,22849.281,15681.65,14286.6,3111.502,11088.8303
,,,,,,,,839,4011.54,355.1492,3745.813,2583.364,21469.188,15673.37,14324.74,3030.073,10763.4542
,,,,,,,,840,3865.9,330.5361,3537.156,2436.565,20466.259,15556.3,14121.61,2993.984,10488.9533
,,,,,,,,841,3742.585,314.8596,3363.225,2297.338,19986.641,16839.47,14864.35,3380.357,10291.0684
,,,,,,,,842,3683.054,303.6825,3218.653,2225.652,19964.51,16423.93,14047.26,3204.27,10240.8114
,,,,,,,,843,3670.297,298.5113,3205.55,2237.821,20167.237,15151.44,12663.52,2816.891,10307.751
,,,,,,,,844,3702.189,299.5455,3210.374,2268.123,20721.488,14246.36,11888.38,2543.865,10638.9278
,,,,,,,,845,3808.495,316.5471,3381.795,2416.208,21928.723,14333.15,11825.34,2468.45,11294.5333
,,,,,,,,846,4011.54,343.8726,3730.434,2693.82,24039.684,15406.79,12781.98,2615.608,12137.2339
,,,,,,,,847,4150.8,386.503,4216.732,3106.698,26329.307,18402.85,14784.06,3107.625,12792.0232
,,,,,,,,848,4195.357,365.1945,4362.377,3282.528,27651.981,21274.06,16483.38,3688.456,12426.5249
,,,,,,,,849,3854.93,318.5357,4266.687,2871.633,27785.671,20763.53,17440.21,3941.222,11272.4697
,,,,,,,,850,3469.946,275.9349,4169.887,2267.438,27218.3,17110.34,15978.18,3250.508,9755.1783
,,,,,,,,851,2625.957,268.0323,3739.106,1936.754,26406.522,13514.97,14283.69,2235.983,8655.8741
,,,,,,,,852,3222.28,249.6221,3628.267,1896.162,25557.307,11653.17,11948.08,3327.356,9783.1927
,,,,,,,,853,3391.187,209.7991,2424.82,1446.609,25385.211,9040.91,13499.39,2228.292,10245.8283
,,,,,,,,854,3145.831,220.8786,2034.315,1756.707,24999.773,10355.92,8597.622,2538.092,9996.1648
,,,,,,,,855,3720.407,290.981,2293.1,1503.442,24832.684,10126.01,9857.226,1878.818,8815.7042
,,,,,,,,856,3724.751,292.0807,3206.486,1878.311,25125.569,10559.17,11019.06,3081.005,9456.6655
,,,,,,,,857,4039.783,360.7309,3733.796,2242.99,26077.108,12372.35,11798.18,3103.86,10976.9504
,,,,,,,,858,4570.709,431.0378,4313.81,2836.847,27165.335,16066.06,14017.95,3362.961,12123.9238
,,,,,,,,859,4669.574,444.7645,4569.162,3085.264,27560.718,18256.97,15257.43,3651.136,12269.1063
,,,,,,,,860,4617.484,445.9082,4575.342,3114.856,26895.613,18698.88,15743.68,3721.003,12078.6345
,,,,,,,,861,4535.628,428.5349,4501.199,3099.955,25827.629,18294.39,15523.09,3595.749,11790.4869
,,,,,,,,862,4357.034,403.5501,4267.464,3012.213,24232.547,18277.81,16346.96,3501.783,11265.7662
,,,,,,,,863,4189.07,371.8878,3988.933,2814.266,22682.837,18223.31,16392.34,3408.066,10953.3765
,,,,,,,,864,4031.738,351.6932,3778.346,2679.024,21503.616,18606.74,16884.77,3517.954,10700.8966
,,,,,,,,865,3891.414,336.8419,3837.916,2617.486,20918.261,18690.85,18489.56,3868.203,10529.9481
,,,,,,,,866,3830.819,322.7526,3614.957,2531.091,20800.491,17113.89,16261.11,3455.306,10393.026
,,,,,,,,867,3792.549,315.7033,3535.436,2488.243,21015.393,15619.54,14800.77,3088.705,10454.4606
,,,,,,,,868,3798.927,318.6156,3537.365,2516.444,21598.277,14631.63,13830.72,2848.116,10751.3937
,,,,,,,,869,3881.846,335.6171,3711.12,2620.569,22906.988,14603.8,13815,2865.477,11313.3431
,,,,,,,,870,4063.63,366.6987,4079.457,2876.594,25008.842,15601.64,14902.36,3107.153,12284.1825
,,,,,,,,871,4192.26,412.2505,4635.466,3259.005,27320.43,18429.03,17063.36,3649.643,13077.3832
,,,,,,,,872,3973.297,405.115,4593.409,3397.42,28830.887,21201.51,18181.86,4235.911,11889.0637
,,,,,,,,873,3200.047,324.5135,3699.956,2916.854,28683.38,20160.65,15067.07,3407.307,10670.8313
,,,,,,,,874,2753.313,262.0524,2933.068,2219.825,27671.684,16030.74,12289.66,2489.508,9377.2635
,,,,,,,,875,2445.539,216.958,2360.751,1744.617,26386.859,12716.12,9961.508,1779.783,8374.0189
,,,,,,,,876,2284.742,195.373,2029.181,1462.356,25789.35,10261.84,7979.586,1182.696,7762.0027
,,,,,,,,877,2250.238,192.642,1939.267,1319.09,25065.351,9047.634,7256.431,1025.47,7513.2618
,,,,,,,,878,2392.478,208.4396,2008.977,1291.665,24609.754,9347.611,7328.99,1129.978,7498.1606
,,,,,,,,879,3559.124,237.5665,2246.885,1417.17,24345.669,9057.243,8236.914,1352.936,8051.1894
,,,,,,,,880,4073.013,279.9416,2711.367,1684.17,24733.599,11411.77,9714.646,1885.356,9156.0734
,,,,,,,,881,3979.189,346.9854,3417.629,2160.818,25751.833,12401.54,11075.62,2547.387,10919.3545
,,,,,,,,882,4520.746,430.7563,4257.613,2746.603,27484.717,15849.24,13718.09,3329,12339.5027
,,,,,,,,883,4640.871,449.4638,4540.938,2954.297,28066.107,17961.03,15261.17,3730.239,12561.3781
,,,,,,,,884,4620.673,451.6418,4588.452,3128.453,27622.728,18547.79,15735.7,3781.085,12487.2819
,,,,,,,,885,4532.439,438.8682,4550.41,3052.042,26622.118,18214.14,15749.23,3691.01,12281.2214
,,,,,,,,886,4363.413,415.9519,4412.988,2993.88,25029.119,18328.91,16754.16,3635.517,11724.041
,,,,,,,,887,4202.89,387.8643,4216.71,2839.869,23485.287,18293.04,17132.14,3589.504,11387.2122
,,,,,,,,888,4047.684,364.095,3993.984,2696.222,22322.876,18788.72,17645.96,3748.809,11160.9125
,,,,,,,,889,3913.738,342.5939,5236.446,2632.358,21952.542,18924.79,19757.54,3985.065,10988.6678
,,,,,,,,890,3858.459,330.3826,4903.416,2578.118,21987.668,17432.52,18134.89,3682.084,11026.3094
,,,,,,,,891,3834.009,331.8796,4816.175,2522.25,22312.637,16056.49,17024.51,3375.822,11177.9716
,,,,,,,,892,3865.9,334.9824,4806.527,2530.49,22909.452,15033.51,16202.36,3142.459,11604.0234
,,,,,,,,893,3960.513,351.1402,4985.106,2619.908,24194.393,14978.38,16184.33,3117.416,12350.7288
,,,,,,,,894,4143.359,383.4465,5344.76,2855.334,26194.189,15906.89,17154.3,3307.823,13509.152
,,,,,,,,895,4295.376,429.8421,5968.146,3286.52,28324.941,19088.96,19433.1,3823.41,14364.6265
,,,,,,,,896,4091.874,426.6717,6066.316,3412.684,29620.362,21626.59,21008.99,4348.23,12833.5155
,,,,,,,,897,3263.253,335.8903,4874.684,2989.789,29396.284,20983.83,17625.75,3610.981,11180.7547
,,,,,,,,898,2786.754,272.1231,3451.218,2414.618,28068.32,17608.01,13581.28,2590.844,9723.1357
,,,,,,,,899,2483.232,223.9352,2522.823,1829.688,26788.792,13977.08,10236.93,1770.539,8573.0353
,,,,,,,,900,2330.453,197.3602,2082.113,1632.884,25927.807,12037.04,7891.274,1238.814,7951.6881
,,,,,,,,901,2256.616,199.5379,1956.446,1572,25319.923,11281.67,6974.395,1078.751,7706.69
,,,,,,,,902,2405.235,213.6388,2032.909,1435.405,24648.227,9795.83,7181.009,1186.956,7596.1449
,,,,,,,,903,2698.704,239.563,2273.07,1836.28,24291.841,10197.32,8177.222,1374.831,8092.3718
,,,,,,,,904,3172.105,279.0978,2728.754,1895.774,24702.494,11518.46,9703.021,1872.99,9054.4375
,,,,,,,,905,3902.465,346.9854,3401.897,2125.489,25646.21,12913.3,10981.4,2484.46,10843.4614
,,,,,,,,906,4518.619,431.7905,4219.986,2767.281,27068.69,15483.8,13662.12,3264.412,12318.5394
,,,,,,,,907,4641.935,458.4003,4561.04,2960.043,27516.57,17746.53,15183.39,3665.673,12616.0879
,,,,,,,,908,4602.601,456.6226,4627.85,2961.458,27065.599,18262.33,15734.49,3746.112,12635.1872
,,,,,,,,909,4517.556,441.9802,4582.089,2882.498,26146.618,17929.62,16054.22,3750.938,12412.773
,,,,,,,,910,4357.034,418.2109,4475.541,2782.69,24615.242,17764.05,17012.26,3680.156,11905.5092
,,,,,,,,911,4210.332,391.1576,4356.697,2640.259,23006.46,17669.72,17485.27,3641.367,11598.885
,,,,,,,,912,4045.558,369.085,4278.209,2506.456,21749.423,18170.37,18242.16,3791.443,11339.0003
,,,,,,,,913,3898.855,355.2679,3815.09,2309.372,20982.165,17467.11,17182.69,3826.212,11170.5569
,,,,,,,,914,3844.639,351.6029,3776.328,2221.927,20826.345,15874.44,15815.91,3476.446,11259.7499
,,,,,,,,915,3823.378,361.4556,3820.386,2153.452,20929.866,14488.31,14888.36,3138.695,11363.2274
,,,,,,,,916,3843.576,387.9381,4028.551,2204.388,21409.29,13596.17,14417.04,2911.66,11771.3359
,,,,,,,,917,3932.873,419.1199,4259.473,2339.204,22516.168,13626.64,14511.05,2879.443,12542.4173
,,,,,,,,918,4127.413,469.1813,4708.133,2623.18,24419.161,14477.93,15579.59,3042.977,13687.067
,,,,,,,,919,4286.872,522.2358,5241.542,2975.728,26385.532,16865.54,17582.3,3485.723,14597.8809
,,,,,,,,920,4079.117,535.7603,5441.094,3148.152,27588.06,19730.77,19395.66,4041.93,13080.9342
,,,,,,,,921,3303.742,393.1554,4205.032,2843.874,27702.876,20503.2,16159.57,3349.656,11348.406
,,,,,,,,922,2841.062,273.0482,2999.861,2227.384,27368.907,17571.1,12302.63,2512.233,9821.191
,,,,,,,,923,2549.811,218.4825,2312.489,1849.219,26575.523,15841.17,9577.489,1841.484,8540.8935
,,,,,,,,924,2390.654,194.8197,1950.26,1505.996,25687.192,12943.31,7598.855,1225.734,7880.7883
,,,,,,,,925,2301.357,194.9289,1847.114,1479.154,25485.696,13192.06,6787.802,975.1716,7588.5751
,,,,,,,,926,2422.335,207.8864,1926.451,1822.301,24984.776,14733.64,7103.664,1257.432,7574.1064
,,,,,,,,927,2695.029,234.8355,2210.148,2098.541,24922.354,15055.72,8076.304,1762.069,8042.8908
,,,,,,,,928,3163.115,280.4132,2680.419,2273.923,25082.541,15159.65,9575.786,2528.382,9033.709
,,,,,,,,929,3852.502,357.184,3389.662,2455.27,25733.935,15120.57,11356.16,2829.484,10672.0611
,,,,,,,,930,4471.845,424.9225,4170.391,2797.772,26817.06,15728.04,13464.43,3225.772,12097.4139
,,,,,,,,931,4581.34,448.6201,4460.469,2945.524,27104.651,17484.88,14917.28,3622.527,12346.8365
,,,,,,,,932,4551.574,448.067,4500.826,2940.8,26529.285,18068.8,15579.63,3768.405,12425.5941
,,,,,,,,933,4463.34,439.2492,4471.871,2867.317,25499.874,17731.79,15824.72,3718.581,12250.439
,,,,,,,,934,4309.196,417.5484,4306.067,2733.065,24022.592,17788.17,16631.66,3663.883,11720.3445
,,,,,,,,935,4145.485,388.4266,4118.068,2508.241,22542.727,17467.31,16611.07,3548.615,11413.0543
,,,,,,,,936,3992.405,368.232,3889.145,2341.258,21316.422,17653.09,17002.06,3620.868,11151.1036
,,,,,,,,937,3853.144,352.5369,3715.471,2208.779,20690.79,17656.26,16598.79,3763.285,10970.3495
,,,,,,,,938,3777.666,346.9939,3627.664,2146.359,20578.314,16138.04,15241.94,3419.797,10951.6511
,,,,,,,,939,3752.153,355.8124,3679.843,2118.029,20741.058,14654.78,14099.2,3061.318,11074.7768
,,,,,,,,940,3764.91,378.5389,3835.104,2137.413,21174.265,13549.03,13639.25,2808.175,11383.4181
,,,,,,,,941,3845.702,410.5644,4164.117,2296.392,22255.794,13506.41,13911.72,2763.404,12078.5261
,,,,,,,,942,4031.738,453.1045,4567.994,2575.692,24183.982,14295.27,15044.66,2902.623,13125.113
,,,,,,,,943,4180.566,505.7874,5066.273,2905.316,26335.119,16427.17,17077.77,3316.417,13827.0699
,,,,,,,,944,3989.82,509.0226,5226.864,3098.511,27723.196,19115.12,18647.19,3903.736,12994.2596
,,,,,,,,945,3441.243,450.256,4326.723,2917.139,27960.284,19746.74,18569.25,4161.26,12443.289
,,,,,,,,946,3984.807,403.7239,3065.714,2547.338,27565.801,19857.34,13146.72,4029.66,11141.687
,,,,,,,,947,3554.111,365.0092,2992.36,2292.885,27032.54,17930.68,10341.92,2612.406,11170.6331
,,,,,,,,948,2235.355,250.7028,3141.388,2005.6,26247.672,14655.32,7705.284,2094.454,10974.5861
,,,,,,,,949,2191.284,200.4816,2817.283,1934.827,26053.435,13234.42,6919.201,2304.953,10053.3335
,,,,,,,,950,2358.552,211.5703,2247.872,1902.032,25769.978,14754.28,9817.625,2242.397,10016.12
,,,,,,,,951,2680.146,239.3724,2611.606,1942.333,24847.608,14326.14,10260.77,1346.249,9622.8872
,,,,,,,,952,3178.575,278.9073,3132.229,2205.222,25545.924,12749.84,9590.521,1959.914,10078.892
,,,,,,,,953,3889.223,338.7927,3549.742,2369.58,26243.08,13517.8,10659.27,2405.136,11110.1209
,,,,,,,,954,4467.592,417.8732,4130.829,2652.048,27423.036,15257.03,13493.69,3172.95,12018.9871
,,,,,,,,955,4540.944,435.9276,4340.029,2760.705,27482.131,17074.84,14596.44,3534.6,12182.4596
,,,,,,,,956,4488.854,432.2718,4343.321,2756.006,26944.591,17342,15132.26,3660.648,12116.0122
,,,,,,,,957,4395.304,416.5952,4291.368,2680.197,25969.259,16921.72,15257.79,3629.604,12015.5886
,,,,,,,,958,4283.683,397.8066,4168.419,2558.801,24696.329,16976.61,16212.83,3609.931,11658.1526
,,,,,,,,959,4146.548,374.6998,3999.16,2427.761,23334.732,17046.48,16518.83,3555.715,11479.6849
,,,,,,,,960,4000.909,355.73,3834.719,2235.151,22286.141,17366.72,16893.07,3631.113,11254.8953
,,,,,,,,961,3857.396,346.3314,3719.74,2066.977,21776.469,17005.1,16318.02,3679.812,11062.3625
,,,,,,,,962,3785.108,343.7006,3662.647,2017.577,21735.996,15917.83,15320.56,3397.268,11059.2491
,,,,,,,,963,3745.775,345.8601,3668.114,2013.8,21783.131,14775.65,14490.59,3098.936,11117.6813
,,,,,,,,964,3734.081,365.4838,3717.967,2028.732,22038.5,13538.35,13831.76,2812.622,11332.4519
,,,,,,,,965,3758.531,391.3131,3917.449,2116.851,22416.297,13036.09,13594.68,2688.517,11796.8553
,,,,,,,,966,3829.756,420.7982,4118.065,2255.645,23466.098,13008.35,13700.04,2649.94,12490.9767
,,,,,,,,967,3903.107,448.7863,4424.656,2545.05,24967.851,14665.46,14465.28,2900.32,13283.9489
,,,,,,,,968,3642.593,451.3222,4635.132,2760.378,26565.73,16241.17,15190.51,3008.364,12526.3233
,,,,,,,,969,3019.905,357.7671,4121.008,2507.919,27118.918,16022.85,14670.64,2209.348,11526.9957
,,,,,,,,970,2568.827,262.2625,3840.319,2014.809,26910.375,14429.79,12096.2,1602.864,10002.1563
,,,,,,,,971,2314.297,219.1646,3920.854,1519.229,26137.483,10981.57,9146.021,1217.524,8446.0119
,,,,,,,,972,3082.047,188.7243,3529.553,1237.542,25123.652,7716.967,9625.327,3013.834,7502.9352
,,,,,,,,973,2091.842,185.0776,3583.399,1026.242,24487.499,6829.929,10172.49,2304.985,7218.247
,,,,,,,,974,2343.76,194.4695,3529.929,1310.741,24357.85,8001.213,9244.389,1832.769,7282.6162
,,,,,,,,975,3705.799,222.4622,3330.501,1496.263,24427.16,7312.024,10157.09,843.3014,7875.0701
,,,,,,,,976,3995.502,264.0655,3471.342,1653.574,24554.683,7916.504,10944.04,1334.686,8809.439
,,,,,,,,977,4143.359,332.9781,3631.134,2013.373,25309.639,10238.8,11457.28,2118.247,10424.3122
,,,,,,,,978,4386.8,411.6869,4092.307,2604.14,26285.551,13655.31,12448.89,2855.473,11730.2066
,,,,,,,,979,4478.223,423.9074,4331.416,2777.606,26390.728,15421.25,13606.9,3144.545,11905.227
,,,,,,,,980,4450.583,416.4957,4289.117,2765.577,25891.502,15652.89,13919.51,3246.037,11729.8292
,,,,,,,,981,4398.494,400.1566,4199.141,2757.252,25011.48,15569.58,13714.82,3231.997,11654.1638
,,,,,,,,982,4283.683,382.5928,4070.005,2627.063,23780.981,15350.82,14333.76,3197.515,11333.4692
,,,,,,,,983,4175.251,364.648,3992.804,2451.262,22524.95,15391.53,14473.53,3113.47,11103.7572
,,,,,,,,984,4032.801,342.9472,3837.456,2287.43,21439.676,15161.52,14572.34,3071.419,10869.9338
,,,,,,,,985,3915.864,327.2521,3716.278,2190.507,20804.486,16128.65,15296.04,3395.688,10733.3316
,,,,,,,,986,3880.783,323.7776,3645.836,2118.406,20661.528,15672.5,14691.18,3271.546,10616.9288
,,,,,,,,987,3848.891,321.3373,3531.992,2068.369,20635.162,14410.08,13615.53,2938.06,10566.6614
,,,,,,,,988,3856.333,329.6931,3557.474,2037.265,20617.271,13236.13,12701.38,2632.84,10733.5309
,,,,,,,,989,3876.531,346.1323,3578.944,2068.842,20866.593,12629.85,12191.18,2482.576,11170.7119
,,,,,,,,990,3971.143,366.6993,3666.032,2160.136,21603.793,12450.01,12120.67,2425.115,11780.4129
,,,,,,,,991,4026.422,388.6631,3908.135,2393.388,22946.19,13709.62,12671.81,2616.979,12572.1476
,,,,,,,,992,4002.366,384.0499,4047.58,2537.458,24624.741,14839.12,13138.86,2687.81,11462.8663
,,,,,,,,993,3032.569,293.7679,3274.969,2155.716,25639.788,13146.77,9743.271,1949.095,10171.4904
,,,,,,,,994,2628.358,225.6729,2660.36,1660.336,25923.292,10231.95,7584.54,1366.282,8924.3711
,,,,,,,,995,2367.936,182.6469,2111.507,1301.65,24994.387,8661.405,5843.791,918.4504,7881.6016
,,,,,,,,996,2213.031,158.1404,1776.35,1098.504,24590.682,7727.113,4367.922,618.0925,7284.289
,,,,,,,,997,2157.266,158.6306,1673.195,1031.327,24077.836,7525.628,3785.904,524.4166,7090.5092
,,,,,,,,998,2297.38,176.4968,1765.945,1133.807,23600.162,6737.677,4294.295,616.794,7127.328
,,,,,,,,999,2583.408,206.5487,2022.191,1145.85,23451.872,6373.171,5549.727,786.4675,7738.1014
,,,,,,,,1000,3045.601,247.4896,2484.989,1648.599,23635.246,8566.455,7499.14,1278.487,8807.1666
,,,,,,,,1001,3740.303,315.8582,3117.673,1946.113,24406.593,9991.107,9308.399,2008.912,10531.3654
,,,,,,,,1002,4398.494,400.0286,4066.258,2517.893,25736.279,13239.12,12248.08,2876.23,11977.5409
,,,,,,,,1003,4480.349,424.0887,4384.73,2718.386,25986.323,15365.91,13754.25,3273.773,12209.1678
,,,,,,,,1004,4516.493,422.5014,4530.646,2805.145,25457.341,15864.42,14492.04,3387.151,12079.1033
,,,,,,,,1005,4452.709,411.9869,4515.203,2769.093,24537.846,15848.79,14575.47,3401.246,11939.4472
,,,,,,,,1006,4334.71,390.4765,4421.759,2641.582,23095.676,15631.39,15155.76,3367.77,11435.846
,,,,,,,,1007,4225.215,367.5602,4265.446,2468.709,21667.613,15442.63,15340.02,3309.781,11175.2771
,,,,,,,,1008,4076.386,344.8252,4113.553,2333.242,20448.371,15201.77,15515.36,3295.478,10952.5441
,,,,,,,,1009,3947.756,327.2614,3933.681,2274.715,19697.592,16326.43,16466.35,3666.401,10844.3393
,,,,,,,,1010,3917.99,323.7961,3854.557,2194.624,19577.07,15582.54,15751.12,3480.37,10912.8286
,,,,,,,,1011,3897.792,322.5713,3833.729,2152.413,19722.674,14175.01,14469.59,3097.525,11050.8902
,,,,,,,,1012,3920.116,327.5521,3865.97,2166.544,20108.203,13201.95,13700.22,2829.035,11512.5919
,,,,,,,,1013,4022.17,347.4659,4052.267,2346.181,21078.721,13294.79,13665.92,2770.658,12273.8417
,,,,,,,,1014,4197.575,383.7187,4358.052,2614.563,22783.953,14198.34,14517.42,2917.896,13353.2875
,,,,,,,,1015,4359.16,428.2271,4822.721,2991.91,24964.049,16817.61,16320.79,3303.84,14305.8881
,,,,,,,,1016,4094.971,419.6576,4795.458,3152.843,26061.74,19404.37,17628.7,3627.684,12758.0422
,,,,,,,,1017,3681.101,341.9963,3992.898,2908.89,26333.769,20389.6,16286.49,3324.12,10985.3789
,,,,,,,,1018,3119.951,306.8654,3218.515,2563.097,26525.956,19975.67,13819.27,2797.323,9549.6113
,,,,,,,,1019,2903.783,237.6272,2670.072,2390.526,25960.879,18757.12,11231.55,2187.629,8308.8703
,,,,,,,,1020,2834.106,213.1207,2410.742,2251.986,25507.41,16639.16,8776.059,1735.538,7643.3281
,,,,,,,,1021,2386.493,195.5914,2310.53,2225.453,25017.452,16414.49,8422.618,1600.788,7415.6292
,,,,,,,,1022,2861.536,247.8277,2427.938,2213.242,24518.865,16216.23,9194.801,1823.606,7498.7922
,,,,,,,,1023,3085.814,277.6984,3139.926,2295.188,24186.8,15328.94,11380.95,2069.725,8083.9172
,,,,,,,,1024,3325.067,324.1199,3340.952,2402.911,24190.129,15296.54,13021.98,2444.594,9258.9285
,,,,,,,,1025,3868.631,365.7674,3764.013,2536.79,24833.493,14811.02,12391.45,2894.135,10859.1014
,,,,,,,,1026,4376.169,430.3752,4199.013,2858.491,25952.432,15609.52,13701.95,3249.138,12102.125
,,,,,,,,1027,4485.665,450.1171,4464.006,2987.747,25919.468,17315.37,14963.39,3619.859,12345.2256
,,,,,,,,1028,4476.097,447.4955,4511.678,2985.785,25279.145,17966.21,15416.3,3762.362,12298.4417
,,,,,,,,1029,4353.845,431.8189,4393.717,2863.115,24479.872,17384.53,15312.41,3650.399,12073.2012
,,,,,,,,1030,4219.899,406.1716,4224.616,2671.271,23100.039,17104.01,15959.75,3569.987,11500.7685
,,,,,,,,1031,4094.458,374.1375,3974.474,2427.312,21658.92,16790.46,15933.06,3501.453,11066.786
,,,,,,,,1032,3909.486,353.9429,3778.756,2254.852,20436.049,16945.33,16429.85,3648.232,10829.4241
,,,,,,,,1033,3743.648,339.1009,3589.236,2133.291,19525.848,17002.08,16202.65,3813.171,10656.1353
,,,,,,,,1034,3672.423,327.9331,3439.841,2015.793,19231.493,15470.48,14718.93,3455.232,10645.9756
,,,,,,,,1035,3630.964,321.7276,3387.181,1981.16,19265.468,13977.91,13469.96,3067.932,10698.5816
,,,,,,,,1036,3657.541,327.5521,3439.115,2032.449,19680.125,13111.65,12660.37,2824.625,11043.4343
,,,,,,,,1037,3738.333,345.3974,3645.111,2224.858,20685.326,13209.12,12813.63,2791.488,11748.3711
,,,,,,,,1038,3958.386,380.4254,4071.178,2526.28,22591.644,14294.34,13919.35,2960.271,12722.827
,,,,,,,,1039,4156.116,428.8896,4609.417,2910.793,24768.135,17048.64,16078.6,3372.22,13430.5966
,,,,,,,,1040,3882.359,431.7713,4808.906,3052.052,25852.204,19753.07,17667.23,3772.22,13098.6139
,,,,,,,,1041,4126.561,395.7037,4450.482,2875.8,25939.851,20895.24,18143.73,3590.24,12637.483
,,,,,,,,1042,3710.17,399.933,3964.052,2549.261,25690.919,19399.89,17492.55,3078.032,11490.283
,,,,,,,,1043,3938.518,308.3733,3564.434,2359.374,25013.123,18375.22,15897.03,2548.848,9618.7755
,,,,,,,,1044,3745.829,333.3256,3609.151,2233.78,24347.257,16814.21,13827.96,3019.055,9842.0707
,,,,,,,,1045,3860.428,291.2065,3024.646,2185.703,24027.063,16840.4,14214.35,3411.039,9473.6488
,,,,,,,,1046,4155.447,366.7707,3090.489,2196.23,23811.03,16309.19,13255.82,3526.598,9865.7467
,,,,,,,,1047,3961.695,402.0217,3549.199,2118.915,23338.725,16033.63,14325.49,3517.011,9525.9199
,,,,,,,,1048,4001.211,389.1576,3638.734,2156.331,23586.784,15593.94,14389.41,3494.24,9798.0563
,,,,,,,,1049,4056.49,388.4327,3804.043,2398.99,24343.609,14988.2,13272.44,3128.753,10754.6361
,,,,,,,,1050,4416.565,421.448,4223.852,2638.227,25615.767,15527.38,13814.32,3330.777,11956.5163
,,,,,,,,1051,4513.304,439.9743,4462.796,2826.951,25899.96,17049.22,14815.21,3633.768,12196.1951
,,,,,,,,1052,4441.016,440.265,4543.112,2905.859,25500.791,17696.29,15237.93,3739.315,12097.8055
,,,,,,,,1053,4279.431,428.3445,4437.536,2864.141,24727.104,17468.78,15159.75,3619.728,11861.7769
,,,,,,,,1054,4131.666,404.5751,4264.014,2647.333,23260.355,17258.11,16088.18,3564.374,11255.1585
,,,,,,,,1055,3972.206,375.4532,3999.394,2417.255,21813.731,17037.82,16324.08,3480.491,10852.3254
,,,,,,,,1056,3819.126,354.4057,3793.473,2314.132,20500.427,17328.43,16790.43,3620.024,10561.4592
,,,,,,,,1057,3701.126,339.5728,3569.38,2179.103,19799.2,17307.06,16421.82,3773.201,10383.6423
,,,,,,,,1058,3654.351,336.7516,3457.452,2133.68,19654.292,15715.38,15217.14,3422.539,10315.091
,,,,,,,,1059,3621.396,339.0923,3489.933,2153.901,19702.547,14326.83,14075.27,3082.126,10352.7232
,,,,,,,,1060,3640.531,357.0286,3680.328,2237.18,20060.965,13582.67,13655.55,2860.444,10631.7779
,,,,,,,,1061,3728.766,391.7758,4009.904,2323.033,21022.701,13634.83,14022.26,2844.396,11216.7356
,,,,,,,,1062,3890.351,437.0377,4482.122,2572.34,23071.628,14764.43,15303.18,3049.231,12080.8473
,,,,,,,,1063,4016.855,491.7891,5070.372,2974.075,25167.203,17233.52,17550.09,3597.919,12711.3883
,,,,,,,,1064,4081.124,523.4955,5309.199,3109.328,26555.91,19881.51,19551.07,4249.96,12808.7527
,,,,,,,,1065,4136.22,500.0334,4916.584,2903.285,26307.665,21841.88,20825.07,4397.313,12787.215
,,,,,,,,1066,4193.14,447.0398,4306.917,2142.584,25790.676,19448.37,20010.55,4345.414,12628.799
,,,,,,,,1067,4141.443,407.6348,4031.307,1775.962,24974.81,16555.57,18933.47,4210.879,12437.6559
,,,,,,,,1068,4125.498,405.394,3971.798,2208.301,24468.994,17779.23,17291.16,3862.154,11951.5215
,,,,,,,,1069,4142.113,407.6717,3447.717,2151.937,24224.538,15992.84,16467.09,3917.247,11629.7971
,,,,,,,,1070,4126.167,395.6137,3372.817,2207.912,23539.247,16145.02,16355.86,3840.822,11239.1143
,,,,,,,,1071,4102.78,394.4447,3164.437,1916.065,23576.948,13580.68,15518.83,3681.253,11073.5075
,,,,,,,,1072,4112.438,390.4637,3445.802,1787.896,23576.322,12817.83,13502.19,3591.608,11042.4982
,,,,,,,,1073,4230.53,388.5953,3673.474,2242.675,24428.938,13206.92,13235.56,3337.355,11488.5846
,,,,,,,,1074,4460.151,426.6193,4163.07,2653.301,25425.027,15640.86,13975.08,3332.593,12331.8931
,,,,,,,,1075,4513.304,449.092,4446.237,2883.352,25636.783,16934.45,14858.25,3575.13,12464.3589
,,,,,,,,1076,4433.574,444.2115,4467.859,2878.628,25163.063,17541.14,15376.95,3670.5,12350.2913
,,,,,,,,1077,4291.125,427.5007,4335.83,2754.269,24308.868,17101.32,15072.26,3565.347,11975.0388
,,,,,,,,1078,4149.737,397.9068,4068.473,2624.184,22902.147,16904.85,15896,3516.83,11485.6927
,,,,,,,,1079,3971.143,369.8193,3841.327,2331.711,21433.336,16709.78,16133.86,3433.473,11109.7364
,,,,,,,,1080,3823.378,352.5369,3709.531,2187.203,20152.199,17221.04,16783.78,3580.676,10839.8151
,,,,,,,,1081,3720.261,331.4076,3447.559,2051.159,19349.391,17414.85,16219.19,3725.548,10593.5549
,,,,,,,,1082,3649.036,319.1964,3297.205,1966.453,19104.05,15945.26,14824.88,3331.659,10521.8275
,,,,,,,,1083,3612.892,314.8781,3304.759,1999.28,19138.179,14562.76,13479.83,2956.069,10587.4331
,,,,,,,,1084,3621.396,317.7903,3346.086,2057.121,19511.257,13640.62,12697.24,2669.718,10835.0431
,,,,,,,,1085,3729.829,331.0359,3568.887,2200.755,20510.901,13585.48,12813.77,2612.317,11414.7839
,,,,,,,,1086,3906.297,361.9269,3968.501,2483.68,22386.514,14632.31,13836.42,2803.65,12258.2681
,,,,,,,,1087,4031.738,400.62,4488.409,2921.299,24523.576,17472.64,16014.9,3284.905,12877.0356
,,,,,,,,1088,3787.169,405.5331,4578.049,3136.229,25609.906,20371.77,16778.85,3543.676,12161.6923
,,,,,,,,1089,3513.806,358.249,3884.143,2880.2,25541.089,20969.26,15974.82,2909.291,11335.2612
,,,,,,,,1090,3068.622,318.8974,3218.668,2258.776,24837.737,17164.65,13907.19,2483.218,10621.9326
,,,,,,,,1091,2613.869,277.0056,3188.886,1947.241,24457.337,16806.5,11640.6,1642.419,9323.2519
,,,,,,,,1092,2582.949,223.291,3217.657,1674.062,23527.815,13818.68,10861.82,1871.144,8977.3579
,,,,,,,,1093,2747.027,267.8689,3188.626,1756.334,23577.908,13766.48,12913.54,1824.974,8497.5695
,,,,,,,,1094,2812.635,313.1002,3241.876,1466.455,23099.916,13588.28,11269.6,2233.111,8878.715
,,,,,,,,1095,3005.416,348.7419,3455.586,1722.809,22840.379,12474.8,12337.34,2300.386,8924.7921
,,,,,,,,1096,3611.306,371.027,3658.73,1876.753,22881.115,13258.31,13068.68,2635.04,10493.0368
,,,,,,,,1097,3877.438,393.7391,3843.718,2430.241,23795.384,14047.1,12283.88,2787.347,11356.8151
,,,,,,,,1098,4490.98,431.0378,4151.078,2719.782,25126.411,15290.57,13446.68,3159.499,12077.4942
,,,,,,,,1099,4582.403,448.7203,4442.12,2929.517,25454.701,17159.59,14530.08,3488.072,12272.4857
,,,,,,,,1100,4526.061,447.986,4493.084,2932.396,24884.578,17513.61,14927.79,3559.441,12130.2175
,,,,,,,,1101,4436.764,432.3002,4357.604,2887.69,23968.899,17208.12,14872.19,3496.217,11765.7466
,,,,,,,,1102,4269.863,407.5059,4169.611,2743.984,22631.939,17127.77,15849.42,3450.486,11220.8879
,,,,,,,,1103,4109.341,378.5653,3934.338,2450.649,21308.562,16762.97,16064.5,3356.688,10868.0019
,,,,,,,,1104,3948.819,353.7709,3701.561,2295.41,20089.008,17040.29,16399.97,3460.248,10577.2532
,,,,,,,,1105,3817,336.2071,3466.451,2128.287,19340.338,17043.17,15973.26,3615.146,10349.2473
,,,,,,,,1106,3725.576,322.9616,3314.167,2032.438,19083.97,15554.03,14494.79,3234.657,10372.2482
,,,,,,,,1107,3700.063,317.7903,3264.958,2000.071,19075.216,14154.4,13120.35,2850.945,10368.8721
,,,,,,,,1108,3711.757,316.7561,3297.199,2093.442,19353.548,13253.51,12201.9,2568.026,10592.6087
,,,,,,,,1109,3789.36,330.8453,3477.707,2253.307,20301.478,13317.7,12205.42,2490.846,11112.5244
,,,,,,,,1110,3958.386,361.7457,3794.104,2499.403,22157.124,14277.2,13026.87,2632.653,12017.8103
,,,,,,,,1111,4074.26,401.2825,4242.366,2813.043,24355.678,16551.03,14965.78,3082.294,12511.2927
,,,,,,,,1112,3816.935,397.0592,4273.62,2978.15,25599.422,19068.63,16407.76,3504.153,11472.0099
,,,,,,,,1113,3161.292,314.3614,3375.075,2689.439,25628.506,19252.1,13809.67,3326.005,10258.5381
,,,,,,,,1114,2690.593,255.647,2741.12,2096.722,25265.987,17364.34,11670.97,2599.683,9057.5435
,,,,,,,,1115,2420.603,214.3178,2230.385,1770.542,24630.441,14670.12,9358.885,1635.405,9769.2021
,,,,,,,,1116,2333.249,193.9391,1924.523,1683.806,24082.203,12160.66,7772.764,1037.301,10248.3756
,,,,,,,,1117,2232.258,192.3515,1899.896,1726.319,23678.1,12940.86,6507.895,869.32,8402.057
,,,,,,,,1118,2754.167,207.4867,1902.15,1345.301,23207.622,11783.09,6673.992,1042.451,7950.8306
,,,,,,,,1119,2925.108,235.3981,2180.007,1734.686,22878.653,12420.13,7442.705,1428.179,7989.8975
,,,,,,,,1120,3515.053,288.0789,2665.493,1790.563,22811.346,12748.13,9019.89,1857.74,8920.4568
,,,,,,,,1121,4118.817,348.9358,3320.721,2142.527,23423.732,12508.83,10487.31,2381.849,10502.8277
,,,,,,,,1122,4394.241,429.4597,4121.365,2700.947,24472.892,14886.4,12973.76,3134.419,11826.2986
,,,,,,,,1123,4504.8,441.499,4340.963,2814.946,24739.631,16927.19,14145.97,3449.416,11965.153
,,,,,,,,1124,4477.16,437.8525,4354.868,2832.945,24166.018,17120.73,14488.38,3525.268,11860.7201
,,,,,,,,1125,4409.124,421.3229,4223.81,2771.207,23386.132,16621.97,14390.75,3434.142,11673.9257
,,,,,,,,1126,4273.052,400.6564,4057.042,2643.92,22318.319,16635.41,15282.77,3393.792,11302.2382
,,,,,,,,1127,4146.548,375.6623,3882.959,2458.191,21087.51,16632.12,15799.24,3346.699,11059.6607
,,,,,,,,1128,4000.909,352.9272,3698.824,2246.223,19962.134,16745.15,16056.64,3429.191,10881.1312
,,,,,,,,1129,3856.333,334.5011,3593.909,2183.979,19219.59,16987.11,15666.68,3533.54,10679.1926
,,,,,,,,1130,3778.729,329.8018,3511.334,2113.318,18933.5,15872.1,14723.53,3274.362,10619.6429
,,,,,,,,1131,3735.144,326.3181,3535.693,2112.941,18824.302,14638.84,13853.14,3006.571,10672.6674
,,,,,,,,1132,3720.261,333.6488,3642.865,2134.814,18821.715,13609.16,13274.96,2772.474,10859.604
,,,,,,,,1133,3757.468,354.0253,3803.92,2175.02,19135.183,13136.92,13158.24,2670.839,11223.0787
,,,,,,,,1134,3831.882,385.2071,4122.479,2292.578,20142.167,13095.74,13455.85,2659.215,11889.327
,,,,,,,,1135,3904.17,424.4632,4362.659,2453.27,21710.94,13844.54,14106.78,2814.85,12416.2299
,,,,,,,,1136,3619.691,436.254,4471.267,2611.828,23093.327,15350.63,14167.01,2956.084,11318.0809
,,,,,,,,1137,3289.317,317.1655,3490.324,2501.098,23749.197,14883.13,10834.74,2354.481,10202.1329
,,,,,,,,1138,3457.464,246.3487,2695.931,2431.529,23769.589,13925.47,8718.58,1796.021,9021.5199
,,,,,,,,1139,2394.118,206.0445,2497.466,1927.23,23222.765,12056.49,6926.607,784.6941,8248.3255
,,,,,,,,1140,2148.67,177.6728,3461.104,1474.584,22649.848,6856.617,9056.988,599.5251,8227.3464
,,,,,,,,1141,2762.671,175.0602,3132.239,1209.827,22344.532,5535.617,11778.56,1085.208,9886.5957
,,,,,,,,1142,3695.563,186.2581,3398.09,1030.644,21530.683,5439.918,9376.047,462.593,8995.6637
,,,,,,,,1143,4001.211,240.4096,2645.645,1161.525,21718.55,6050.856,10934.06,2317.084,8459.5717
,,,,,,,,1144,3991.644,287.2029,3184.389,1457.302,21796.75,7895.157,9448.598,2480.769,9462.6334
,,,,,,,,1145,3905.746,364.0457,3635.534,1955.376,22596.399,9992.317,10405.96,2572.988,10831.9854
,,,,,,,,1146,4434.638,415.6427,4079.443,2611.403,23815.532,13518.61,12331.36,2892.451,11829.2411
,,,,,,,,1147,4534.565,429.7412,4321.768,2803.124,24311.886,15578.4,13520.33,3181.311,11966.4105
,,,,,,,,1148,4505.863,422.5199,4273.681,2796.76,23991.47,15644.14,13665.6,3208.403,11787.5716
,,,,,,,,1149,4437.827,405.9904,4165.367,2723.077,23397.963,15369.99,13410.19,3136.256,11621.6138
,,,,,,,,1150,4309.196,387.3923,4019.831,2597.338,22382.949,15153.57,13876.03,3094.601,11276.4145
,,,,,,,,1151,4189.07,365.501,3897.846,2447.577,21232.723,15144.64,14254.43,3029.387,11082.4207
,,,,,,,,1152,4061.503,345.8687,3736.306,2245.537,20217.855,14754.31,14085.54,2984.646,10843.1782
,,,,,,,,1153,3927.558,329.5111,3584.822,2142.084,19741.613,15654.66,14732.78,3304.22,10615.0614
,,,,,,,,1154,3860.585,318.3341,3509.966,2033.628,19587.355,15164.31,14333.31,3233.112,10573.0559
,,,,,,,,1155,3812.747,315.8938,3502.083,1970.984,19763.85,13919.45,13388.16,2941.954,10601.6971
,,,,,,,,1156,3803.18,321.3373,3557.725,1957.326,19941.565,12786.67,12588.99,2677.213,10718.3703
,,,,,,,,1157,3836.135,334.0206,3655.256,1982.6,20155.818,12316.34,12373.46,2579.195,11056.6519
,,,,,,,,1158,3883.972,349.7973,3831.344,2074.532,20990.684,12165.15,12574.66,2549.584,11726.7979
,,,,,,,,1159,3942.441,373.6484,4081.567,2290.915,22517.85,13305.88,13294.46,2762.918,12414.9896
,,,,,,,,1160,3542.482,379.2336,4200.304,2442.184,24389.701,14244.25,13355.79,2876.024,12342.0422
,,,,,,,,1161,3010.337,278.6347,3262.437,1949.368,25144.532,11773.77,9691.799,2198.737,11766.9341
,,,,,,,,1162,2517.708,226.8976,2529.357,1493.877,24899.174,8834.943,7060.658,1332.142,10269.0835
,,,,,,,,1163,2211.482,190.6584,1988.021,1182.116,24171.668,6395.142,5283.332,736.3262,11045.4399
,,,,,,,,1164,2075.713,167.1861,1688.087,982.8202,22979.914,4948.053,3970.162,413.2415,10069.5191
,,,,,,,,1165,2028.452,163.6114,1547.752,884.9515,22960.694,4154.555,4019.865,425.2766,8786.9904
,,,,,,,,1166,2177.07,178.5653,2270.667,884.4294,22191.774,4781.03,5817.622,556.4043,7193.5816
,,,,,,,,1167,2474.792,211.4481,2280.144,1024.893,22144.973,5480.493,6904.43,749.6558,7857.8217
,,,,,,,,1168,3057.78,298.673,2641.427,1339.355,22531.228,6904.254,9451.282,1283.976,9350.6388
,,,,,,,,1169,3825.925,350.9814,3193.269,1813.109,23456.661,9236.247,10742.81,2033.678,10666.7925
,,,,,,,,1170,4450.583,405.0186,4010.222,2474.417,25001.394,12954.55,12159.39,2861.733,12125.0387
,,,,,,,,1171,4547.322,425.123,4361.324,2740.752,25541.994,15361.93,13582.02,3259.328,12344.1831
,,,,,,,,1172,4522.872,424.5699,4425.396,2806.913,25286.554,15987.51,14127.71,3395.073,12257.7103
,,,,,,,,1173,4444.205,414.0554,4386.958,2761.406,24468.287,15840.56,14048.49,3306.625,12008.5786
,,,,,,,,1174,4313.449,392.545,4199.525,2633.919,23190.093,15510.47,14344.16,3220.059,11499.0074
,,,,,,,,1175,4145.485,365.8635,3984.115,2439.81,21836.212,15256.5,14481.66,3120.907,11191.1021
,,,,,,,,1176,3993.468,344.1627,3810.594,2274.952,20790.336,14900.02,14345.92,3087.931,10997.9078
,,,,,,,,1177,3881.846,329.5204,3625.501,2144.458,20294.672,16191.27,15297.19,3497.882,10882.5539
,,,,,,,,1178,3832.946,320.4118,3511.644,2066.055,20173.868,15487.12,14596.82,3356.791,10867.8202
,,,,,,,,1179,3804.243,311.294,3520.163,2008.664,20340.244,13954.37,13333.65,2941.641,10989.2569
,,,,,,,,1180,3817,316.2748,3561.894,2057.875,20702.597,12876.79,12600.03,2668.667,11366.5864
,,,,,,,,1181,3893.54,329.3299,3770.785,2133.8,21481.402,12673.33,12692.95,2607.629,12017.7484
,,,,,,,,1182,4029.612,353.5619,3993.194,2295.815,22878.458,13029.49,13271.96,2691.124,12895.1491
,,,,,,,,1183,4145.485,383.8718,4402.304,2628.129,24487.549,15689.26,14923.94,3044.893,13665.9152
,,,,,,,,1184,3827.474,369.9034,4540.733,2773.263,25671.576,18144.39,16742.44,3278.062,12204.7794
,,,,,,,,1185,3165.452,310.2504,3772.782,2405.17,25964.934,17668.83,14165.85,3115.528,11049.5897
,,,,,,,,1186,2603.147,265.8348,3075.081,1890.646,25751.851,14345.25,11782.02,2507.423,9630.4104
,,,,,,,,1187,2338.472,222.7276,2492.612,1555.036,25206.804,11436.69,9635.009,1850.656,8487.7573
,,,,,,,,1188,2172.359,194.6555,2036.021,1308.879,24700.778,9143.761,7700.442,1235.533,7866.1787
,,,,,,,,1189,2112.342,186.4903,1827.217,1183.376,24396.576,7886.808,6539.875,960.4563,7649.2888
,,,,,,,,1190,2250.33,193.7324,1835.754,1180.244,23697.781,7593.184,6617.461,985.2914,8094.4252
,,,,,,,,1191,2541.188,220.8,2063.819,1247.869,23657.737,7896.728,7193.019,1243.646,7974.359
,,,,,,,,1192,3061.941,262.2129,2555.396,1587.522,23652.877,9644.418,8943.386,1694.088,9318.0185
,,,,,,,,1193,3785.923,334.8907,3345.846,2059.362,24291.795,11669.49,10679.87,2362.289,10921.9364
,,,,,,,,1194,4454.836,430.6475,4273.842,2722.34,25283.538,15401.65,13718.73,3313.246,12354.5661
,,,,,,,,1195,4590.907,445.599,4546.265,2840.231,25614.273,17745.84,15167.21,3817.24,12617.1432
,,,,,,,,1196,4536.691,441.29,4516.502,2939.312,25168.229,18089.65,15521.24,3886.878,12551.4602
,,,,,,,,1197,4473.971,426.6477,4425.555,2883.464,24262.324,17673.4,15469.59,3769.747,12375.7594
,,,,,,,,1198,4311.322,407.8684,4290.625,2703.838,22832.414,17413.24,16129.9,3683.611,11878.2589
,,,,,,,,1199,4149.737,379.1183,4102.223,2494.772,21425.44,17086.9,16450.07,3570.982,11497.1162
,,,,,,,,1200,4011.54,358.2704,3860.763,2363.284,20262.761,17284.3,16767.94,3635.136,11271.4889
,,,,,,,,1201,3895.666,343.6282,3719.477,2276.416,19975.649,17403.26,16605.92,3808.072,11194.585
,,,,,,,,1202,3838.261,332.4511,3577.805,2142.522,19832.466,15741.76,15182.75,3431.198,11195.606
,,,,,,,,1203,3767.036,327.2892,3550.627,2102.412,19920.946,14243.21,13867.43,3018.761,11435.657
,,,,,,,,1204,3794.675,331.2356,3606.83,2131.639,20313.486,13361.74,13192.4,2752.961,11898.7366
,,,,,,,,1205,3890.351,348.4184,3874.414,2267.755,21344.855,13409.28,13320.83,2687.462,12662.6451
,,,,,,,,1206,4096.584,383.4557,4295.095,2556.735,23289.637,14332.24,14274.07,2832.083,13850.757
,,,,,,,,1207,4257.106,428.8892,4872.323,2941.023,25445.753,17084.26,16332.09,3264.914,14520.0735
,,,,,,,,1208,4092.542,406.2653,4910.833,3062.99,26568.613,19346.46,17213.04,3489.916,12907.4932
,,,,,,,,1209,3587.157,330.7004,4521.799,2664.354,26477.746,19854.16,15841.18,3330.462,11359.89
,,,,,,,,1210,3542.417,258.0872,3486.415,2025.665,26212.027,17566.32,13686.47,2651.955,9773.631
,,,,,,,,1211,2920.489,224.8882,3539.24,1702.825,25144.72,14947.34,14041.89,2997.606,8493.3817
,,,,,,,,1212,2840.091,204.5373,3250.163,1473.776,24466.956,10938.77,12783.42,3195.815,7789.8657
,,,,,,,,1213,3140.516,302.2581,3559.957,1393.135,24246.847,9110.863,12730.06,3724.957,7488.3231
,,,,,,,,1214,3864.681,336.4749,3796.56,1346.022,23853.987,9738.212,11950.96,3590.906,7492.0114
,,,,,,,,1215,4052.146,365.6017,3762.565,1397.981,23551.833,9757.214,13592.74,3126.023,7913.8468
,,,,,,,,1216,4126.167,372.8535,3617.995,1587.935,23636.761,10901,14075.68,3367.528,8970.7471
,,,,,,,,1217,4266.097,391.2729,3887.642,2067.962,24344.425,12430.07,13415.04,2979.184,10763.278
,,,,,,,,1218,4519.683,433.6778,4267.822,2742.224,25629.474,15155.56,14052.25,3387.266,12364.3649
,,,,,,,,1219,4660.006,454.0821,4547.691,2969.274,26395.566,17649.09,15394.59,3789.322,12575.02
,,,,,,,,1220,4612.168,453.3385,4636.691,3025.956,26164.193,18222.27,15930.68,3890.414,12485.1794
,,,,,,,,1221,4536.691,440.5742,4559.092,2927.672,25206.675,17792.26,15826.27,3741.948,12224.0898
,,,,,,,,1222,4355.971,414.7364,4375.923,2727.424,23636.392,17504.28,16527.68,3655.864,11669.968
,,,,,,,,1223,4184.818,386.6488,4119.021,2531.189,22147.076,17328.25,16644.1,3514.539,11241.3461
,,,,,,,,1224,4024.296,360.8202,3884.315,2386.68,21114.532,17511.78,16903.38,3584.051,10930.0549
,,,,,,,,1225,3881.846,339.4911,3618.332,2283.557,20393.793,17427.37,16359.11,3700.359,10761.1611
,,,,,,,,1226,3818.063,325.4019,3471.837,2184.367,20366.493,15881.42,14784.24,3306.448,10725.4817
,,,,,,,,1227,3798.927,322.2991,3456.798,2167.181,20500.236,14566.96,13440.93,2895.753,10795.0246
,,,,,,,,1228,3822.315,325.2113,3448.518,2212.416,20952.926,13630.94,12597.58,2632.643,11120.5413
,,,,,,,,1229,3902.044,341.3691,3592.926,2336.337,21899.997,13543.46,12508.51,2546.445,11861.7407
,,,,,,,,1230,4073.197,378.2845,3975.734,2612.073,24120.418,14573.22,13379.14,2689.17,12932.058
,,,,,,,,1231,4184.241,425.7051,4499.093,3015.496,26388.932,17461.19,15407.88,3147.059,13863.8631
,,,,,,,,1232,3909.907,445.1632,4579.709,3131.629,27317.295,19647.27,16549.09,3888.239,13510.3389
,,,,,,,,1233,3857.542,437.5947,4143.63,2547.477,27032.605,18068.26,16157.42,3592.049,13629.497
,,,,,,,,1234,3445.404,384.4071,3332.993,1868.662,26212.745,14542.13,14083.21,3690.513,13351.062
,,,,,,,,1235,3016.743,294.7254,2935.027,1465.914,24847.16,11221.01,12484.11,2860.237,11802.62
,,,,,,,,1236,2907.064,365.8712,2461.244,1202.884,23599.293,10634.17,9495.348,2364.709,10201.1031
,,,,,,,,1237,2865.696,372.0233,2267.196,1056.752,22937.19,8933.872,12521.34,3306.3,11797.2975
,,,,,,,,1238,3065.433,369.9826,3136.891,1062.595,22383.891,8201.673,10592.44,2434.827,11076.9158
,,,,,,,,1239,3519.122,392.9853,2541.389,1177.306,22174.763,8033.813,14698.86,2729.223,11058.1661
,,,,,,,,1240,4072.345,367.8541,2950.896,1463.093,22408.787,9743.729,13627.43,3010.156,10999.3221
,,,,,,,,1241,4325.628,394.3757,3691.655,1944.649,23683.734,12005.14,12727.58,3252.134,11468.7332
,,,,,,,,1242,4585.592,442.6143,4374.48,2587.604,25471.024,15068.27,14059.92,3408.759,12575.6489
,,,,,,,,1243,4697.213,464.2341,4691.286,2856.84,26472.557,17729.49,15766.51,3862.957,12831.3523
,,,,,,,,1244,4681.268,459.5441,4763.475,2887.033,26266.717,18119.32,15953.58,3860.872,12791.4797
,,,,,,,,1245,4593.034,442.8332,4649.378,2822.556,25443.1,17622.83,15701.84,3737.413,12573.8993
,,,,,,,,1246,4403.809,414.2737,4365.626,2632.589,24022.097,17359.31,16253.3,3641.368,12040.4185
,,,,,,,,1247,4259.232,386.1861,4159.297,2462.618,22713.143,17135.16,16511.94,3544.932,11665.6075
,,,,,,,,1248,4101.899,362.4167,3937.536,2331.767,21551.158,17446.75,16894.33,3627.677,11389.5326
,,,,,,,,1249,3949.882,344.8529,3726.388,2178.016,20942.453,17084.64,16540.23,3754.113,11226.7815
,,,,,,,,1250,3886.098,336.3976,3548.616,2061.982,20722.469,15394.9,14967.32,3373.653,11229.0172
,,,,,,,,1251,3859.522,332.2606,3485.899,2018.495,20871.658,13795.53,13570.15,2962.958,11330.9491
,,,,,,,,1252,3885.035,333.2949,3446.343,2048.549,21314.397,12764.23,12559,2667.513,11698.2282
,,,,,,,,1253,3977.522,347.5747,3573.946,2158.589,22391.498,12676.75,12428.1,2584.874,12451.4353
,,,,,,,,1254,4170.999,377.8125,3898.061,2454.285,24298.94,13642.23,13101.2,2705.181,13508.562
,,,,,,,,1255,4300.115,417.3493,4382.424,2870.315,26373.016,16454.4,14951.68,3121.796,14335.8369
,,,,,,,,1256,3992.248,407.0018,4291.822,2969.695,27324.794,18400.26,16489.26,3521.831,13931.0109
,,,,,,,,1257,3344.138,328.4689,3465.437,2400.651,27296.739,16692.3,14128.68,3254.023,13941.307
,,,,,,,,1258,2721.724,258.5496,2702.418,1763.881,26733.925,13459.78,11482.44,2396.691,13577.913
,,,,,,,,1259,2436.851,212.2397,2197.019,1388.611,25724.369,10846.44,8698.439,1665.332,10959.871
,,,,,,,,1260,2255.855,186.6897,1849.375,1167.893,25051.308,8592.038,6824.265,1082.275,11133.2661
,,,,,,,,1261,2193.713,185.7646,1775.165,1054.49,24435.264,7507.09,6151.857,828.8693,9737.0907
,,,,,,,,1262,2346.097,199.5658,1843.041,1086.661,23926.029,7397.522,6376.07,932.3043,10543.4713
,,,,,,,,1263,2641.692,221.5342,2128.755,1215.029,23632.421,7808.993,7440.935,1204.367,10220.6338
,,,,,,,,1264,3139.059,276.2022,2712.194,1490.656,23742.349,9142.701,9358.102,1738.025,10177.4756
,,,,,,,,1265,3806.121,341.3774,3428.861,1951.324,24483.301,10974.19,10801.04,2384.761,11739.5049
,,,,,,,,1266,4516.493,439.321,4263.425,2569.99,25698.196,14670.43,13603.55,3278.218,12621.0385
,,,,,,,,1267,4636.619,458.2191,4603.895,2806.601,26227.39,17214.13,14929.43,3660.299,12806.3373
,,,,,,,,1268,4622.799,457.6661,4641.912,2885.922,25670.859,17678.31,15238.26,3729.028,12769.8472
,,,,,,,,1269,4561.142,445.083,4561.987,2834.749,24757.92,17318.62,15263.06,3648.686,12588.5725
,,,,,,,,1270,4409.124,423.201,4361.048,2715.619,23320.662,17350.46,16199.54,3585.997,12137.3303
,,,,,,,,1271,4259.232,394.0791,4129.23,2539.946,21795.14,16944.49,16190.03,3432.963,11801.803
,,,,,,,,1272,4104.026,367.3975,3928.292,2357.806,20557.691,17065.09,16613.51,3501.287,11552.6466
,,,,,,,,1273,3969.017,346.9214,3685.867,2264.162,19935.167,16909.93,16200.62,3633.949,11431.3165
,,,,,,,,1274,3916.927,336.7787,3513.884,2170.189,19685.293,15222.9,14677.87,3252.592,11407.1928
,,,,,,,,1275,3888.225,332.6416,3461.779,2101.903,19760.65,13613.85,13274.57,2849.071,11561.4824
,,,,,,,,1276,3906.297,334.7101,3418.364,2104.253,20141.103,12521.05,12212.18,2551.782,11957.4917
,,,,,,,,1277,3987.089,349.8337,3569.525,2189.468,21155.486,12341.55,12105.42,2469.142,12722.8598
,,,,,,,,1278,4168.873,384.399,3839.209,2403.658,23021.282,13204.36,12803.35,2567.802,13857.196
,,,,,,,,1279,4286.295,420.9145,4253.862,2729.492,25225.562,15441.21,14595.14,2970.681,14726.1691
,,,,,,,,1280,3947.022,397.3655,4158.098,2826.614,26520.82,17048.69,15344.97,3115.827,13004.4071
,,,,,,,,1281,3408.59,333.4496,3499.239,2649.287,26474.241,17702.48,14419.46,2748.857,11527.046
,,,,,,,,1282,2765.402,265.1365,2797.832,2035.384,25875.806,14987.81,11588.79,2128.711,9928.647
,,,,,,,,1283,2466.709,215.9051,2250.549,1798.186,25200.645,12715.78,9061.417,1465.812,8541.4931
,,,,,,,,1284,2343.788,192.0518,1937.071,1316.95,24473.589,12289.76,6939.563,1055.463,7757.0303
,,,,,,,,1285,2200.76,189.2488,1834.481,1457.36,23852.509,11766.91,6323.59,910.4848,7424.1741
,,,,,,,,1286,2526.213,201.4624,1883.344,1509.831,23454.285,11009,6703.048,977.9989,7347.3962
,,,,,,,,1287,3021.453,225.3181,2236.791,1817.605,22913.643,11878.59,7689.499,1187.403,7809.0316
,,,,,,,,1288,3814.901,285.3297,2883.1,2065.482,23065.02,12288.58,9958.363,1709.506,8831.9239
,,,,,,,,1289,3890.47,347.4834,3492.891,2206.989,23608.079,12915.35,11102.73,2319.532,10592.1944
,,,,,,,,1290,4337.899,439.7838,4234.022,2555.583,24669.371,14797.84,13318.08,3165.433,12174.2029
,,,,,,,,1291,4451.646,452.2041,4464.152,2710.94,25126.63,16498.55,14479.11,3464.837,12370.119
,,,,,,,,1292,4452.709,446.489,4468.005,2694.271,24758.797,16818.46,14628.36,3515.478,12366.0422
,,,,,,,,1293,4410.187,427.0472,4349.641,2628.33,24067.806,16403.75,14474.67,3434.165,12316.8485
,,,,,,,,1294,4296.439,409.4834,4140.99,2539.915,22961.645,16480.05,15459.06,3375.829,11969.9491
,,,,,,,,1295,4160.368,387.2203,3986.197,2406.714,21793.46,16465.39,15764.58,3327.919,11729.7683
,,,,,,,,1296,3961.576,366.5537,3832.936,2178.987,20644.909,16670.03,16275.78,3411.256,11491.0524
,,,,,,,,1297,3797.865,346.9122,3627.986,2073.185,19968.303,16188.08,15634.57,3467.895,11354.6712
,,,,,,,,1298,3704.315,336.7694,3471.843,1946.231,19806.334,14956.54,14357.41,3161.013,11346.6665
,,,,,,,,1299,3668.171,329.5389,3372.061,1888.426,19717.95,13629.84,13218.59,2841.006,11426.1711
,,,,,,,,1300,3686.243,329.5389,3329.61,1899.57,19769.446,12455.89,12133.5,2541.138,11616.4566
,,,,,,,,1301,3716.009,337.8036,3369.973,1962.888,20043.55,11979.45,11638.83,2390.874,12124.9054
,,,,,,,,1302,3822.315,355.1862,3467.673,2114.702,21120.106,11999.78,11570.74,2349.503,12877.498
,,,,,,,,1303,3895.089,374.7094,3690.639,2375.681,22726.452,13304.06,12149.44,2517.766,13542.9312
,,,,,,,,1304,3505.275,354.7538,3623.435,2503.445,24029.368,14257.42,11886.06,2731.531,12691.6471
,,,,,,,,1305,3061.547,314.0825,3113.576,2475.128,24799.196,13954.02,10202.74,2113.018,11691.469
,,,,,,,,1306,2457.206,281.1812,2654.195,2102.72,24890.082,12744.39,8207.277,1658.698,10228.557
,,,,,,,,1307,2120.151,255.6125,2206.4,1686.178,24008.867,9930.01,6076.092,849.9115,8954.4459
,,,,,,,,1308,1953.552,216.9517,1860.23,1564.083,23179.444,8492.98,4741.893,559.7592,7976.1129
,,,,,,,,1309,1967.464,183.1996,1680.553,1287.291,22477.218,7861.85,4228.515,465.7033,7316.8828
,,,,,,,,1310,2095.884,186.3581,1692.42,1292.696,22124.225,8290.298,4532.256,491.3183,7478.7439
,,,,,,,,1311,2380.271,216.338,1970.208,1435.984,21789.954,8915.685,5544.586,702.6595,7912.7253
,,,,,,,,1312,2834.538,263.4568,2401.601,1742.112,21863.666,10451.19,7486.219,1187.767,8702.8415
,,,,,,,,1313,3481.887,330.5099,3090.867,2118.048,22543.965,11970.16,9338.191,1918.585,10349.2633
,,,,,,,,1314,4142.296,416.5677,3972.927,2442.866,23844.459,13328.08,12027.39,2751.063,11850.5556
,,,,,,,,1315,4248.602,433.8782,4278.346,2579.215,24292.952,14667.37,13100.58,3034.267,12064.0137
,,,,,,,,1316,4231.593,423.7354,4211.928,2558.532,24024.272,15033.98,13371.22,3112.445,11962.7999
,,,,,,,,1317,4194.386,409.2744,4128.705,2487.198,23622.004,14953.24,13373.46,3089.648,11836.5846
,,,,,,,,1318,4088.08,391.5294,4014.036,2399.196,22664.524,14782.79,14008.29,3078.562,11498.1767
,,,,,,,,1319,3954.134,371.7065,3913.68,2273.846,21465.14,14740.24,14230.82,3042.147,11315.045
,,,,,,,,1320,3840.387,350.0057,3778.188,2069.705,20550.317,14482.25,14219.39,3015.34,11115.2421
,,,,,,,,1321,3703.252,333.6481,3631.529,1921.88,20336.364,15344.99,14840.34,3351.028,10958.106
,,,,,,,,1322,3639.469,323.5053,3477.315,1805.432,20109.074,14859.75,14277.8,3229.547,10975.2302
,,,,,,,,1323,3593.757,316.2748,3410.739,1763.386,19967.12,13563.49,13134.6,2914.92,11035.9161
,,,,,,,,1324,3562.928,316.2748,3384.123,1775.579,19853.178,12449.19,12217.83,2624.071,11206.9576
,,,,,,,,1325,3565.054,323.3241,3446.524,1842.462,20125.38,11926.6,11701.3,2472.91,11574.352
,,,,,,,,1326,3615.018,335.5354,3563.917,1968.012,20979.323,11841.05,11562.38,2400.131,12263.9151
,,,,,,,,1327,3651.648,345.7502,3819.93,2153.48,22481.433,12729.77,12122.98,2558.508,12907.528
,,,,,,,,1328,3251.112,328.535,3684.863,2342.567,23758.9,14068.14,11750,2409.738,12079.6072
,,,,,,,,1329,2978.234,273.7907,3113.399,2261.145,24339.557,14350.29,9960.877,2060.933,11167.4661
,,,,,,,,1330,2967.998,229.0753,2434.881,1860.852,24311.747,12589.34,7682.487,1317.105,10010.0971
,,,,,,,,1331,2560.597,196.7013,1957.352,1806.95,23705.773,12555.58,5769.768,819.7653,8869.9337
,,,,,,,,1332,1976.546,172.1948,1657.538,1881.464,23170.779,12110.17,4059.754,544.8872,8587.3712
,,,,,,,,1333,2063.9,169.6543,1553.586,1907.625,22731.581,12164.96,3682.226,442.3374,7701.8732
,,,,,,,,1334,2100.713,184.6082,1685.819,2054.884,22397.986,12487.93,4330.048,499.4636,7191.4603
,,,,,,,,1335,2411.192,217.5724,1960.042,2065.34,22452.46,12373.41,5535.396,760.1774,7873.5318
,,,,,,,,1336,2912.719,262.8225,2400.857,2111.03,23002.274,12418.82,7353.713,1242.543,8913.9747
,,,,,,,,1337,3573.888,320.3579,3029.677,2222.925,23886.64,12339.54,9078.048,1900.576,10540.8186
,,,,,,,,1338,4234.782,399.3664,3847.743,2442.869,25109.167,12993.68,11638.69,2685.554,11873.4612
,,,,,,,,1339,4315.575,421.6484,4197.866,2572.911,25624.909,14418.99,13021.83,3038.7,12152.8895
,,,,,,,,1340,4281.557,423.1639,4250.765,2615.96,25272.86,15243.37,13785.47,3250.668,12043.2867
,,,,,,,,1341,4156.116,410.7714,4196.883,2558.26,24590.517,15214.31,13811.85,3219.612,11869.9943
,,,,,,,,1342,4023.233,389.2611,3998.845,2397.543,23311.349,14833.81,14246.73,3131.252,11304.2876
,,,,,,,,1343,3866.963,365.4918,3784.399,2204.321,22031.129,14628.13,14366.01,3051.88,11033.4217
,,,,,,,,1344,3740.459,340.8787,3614.737,2026.194,20976.944,14382.43,14292.58,3017.796,10779.6557
,,,,,,,,1345,3598.009,324.1678,3451.827,1905.296,20398.349,15596.58,15131.28,3402.856,10664.9552
,,,,,,,,1346,3551.235,315.0593,3406.874,1838.2,20338.217,14983.95,14455.4,3258.178,10656.6155
,,,,,,,,1347,3523.595,309.7068,3440.881,1843.677,20539.583,13692.47,13248.72,2884.329,10775.2469
,,,,,,,,1348,3525.721,313.8346,3557.304,1934.31,21165.298,12852.6,12690.2,2648.196,11117.0849
,,,,,,,,1349,3615.018,328.9581,3816.205,2131.334,22433.317,12901.49,12938.99,2607.885,11856.3943
,,,,,,,,1350,3761.72,364.1859,4221.046,2403.445,24643.062,13964.1,14005.92,2774.852,12906.3797
,,,,,,,,1351,3861.071,405.4916,4815.481,2743.55,26947.46,16711.49,16139.2,3232.718,13493.6747
,,,,,,,,1352,3848.039,387.114,4856.839,2932.565,28387.111,19296.75,17236.09,3522.194,12171.6235
,,,,,,,,1353,3660.39,347.7786,4160.438,2771.371,28158.397,20440.16,15818.49,3202.672,10638.1111
,,,,,,,,1354,2899.989,288.6925,3137.854,2561.481,27244.329,20115.5,13496.08,3018.181,9354.9597
,,,,,,,,1355,2698.126,257.5711,2728.049,2406.377,26222.143,18651.97,11311.44,3211.036,8335.3521
,,,,,,,,1356,2557.619,276.3714,2465.74,2365.127,25484.676,17423.04,9918.98,2334.085,7776.0215
,,,,,,,,1357,3029.958,287.9131,2230.931,2265.355,25118.598,17547.59,8819.993,1821.237,8008.2155
,,,,,,,,1358,3224.379,288.9753,2402.114,2226.018,24702.922,17476.5,8219.129,1989.964,8711.5585
,,,,,,,,1359,3371.934,290.6185,2719.841,2227.702,24741.149,16540.85,9780.56,2723.148,8959.7449
,,,,,,,,1360,3773.441,327.1486,2832.952,2270.09,24964.865,15934.85,10934.72,2673.737,10180.528
,,,,,,,,1361,3986.328,377.7884,3525.372,2467.517,25806.475,15268.42,11725.96,2913.151,10981.0513
,,,,,,,,1362,4300.692,432.3535,4176.697,2650.95,27210.608,15486.13,13827.5,3281.953,11981.1445
,,,,,,,,1363,4362.35,448.3393,4459.17,2824.328,27603.841,16875.57,14976.75,3597.44,12179.7143
,,,,,,,,1364,4324.079,446.752,4463.427,2843.214,27233.843,17597.93,15411.46,3756.901,12109.8851
,,,,,,,,1365,4219.899,426.2759,4330.029,2729.998,26239.312,17077.69,15248.04,3636.132,11776.8589
,,,,,,,,1366,4071.071,400.4474,4107.871,2535.251,24741.307,16775.91,15958.35,3532.987,11239.6937
,,,,,,,,1367,3890.351,367.7507,3870.265,2304.148,23246.996,16377.4,16019.82,3402.372,10878.1442
,,,,,,,,1368,3723.45,344.8344,3640.376,2162.567,22200.136,16643.79,16483.37,3502.396,10574.4838
,,,,,,,,1369,3591.631,326.2271,3467.264,1982.837,21485.417,16683.09,16052.48,3651.986,10391.2656
,,,,,,,,1370,3518.28,312.1378,3307.817,1864.865,21448.459,15130.66,14595,3284.081,10351.9105
,,,,,,,,1371,3520.406,307.8195,3276.383,1845.542,21490.981,13709.77,13288.11,2900.391,10424.8202
,,,,,,,,1372,3537.415,307.8195,3316.745,1901.859,21854.703,12846.78,12516.12,2640.868,10698.0609
,,,,,,,,1373,3638.406,323.9681,3523.707,2054.948,22863.372,12895.68,12511.76,2601.477,11363.1496
,,,,,,,,1374,3792.549,355.9026,3945.908,2340.612,24530.109,14076.61,13596.71,2786.452,12261.7935
,,,,,,,,1375,3872.187,395.5115,4466.78,2714.844,26415.832,17015.86,15603.08,3283.9,12808.8955
,,,,,,,,1376,3561.04,388.4573,4538.69,2932.863,27429.557,19546.74,16434.42,3520.001,12496.6507
,,,,,,,,1377,3567.72,303.6096,4073.426,2750.861,27350.687,20185.73,14363.13,2938.702,11509.9357
,,,,,,,,1378,3225.836,243.9795,3166.458,2202.499,26860.481,18821.98,12414.49,2537.861,9699.6745
,,,,,,,,1379,3256.665,213.674,2929.055,1737.585,26184.62,16883.03,10471.48,1555.182,7976.551
,,,,,,,,1380,2088.561,197.4415,2495.044,1516.86,25623.085,12223.92,8113.336,1047.029,7625.0149
,,,,,,,,1381,2101.41,203.5657,2427.049,1581.479,25387.625,13980.16,11198.38,925.6789,7395.4446
,,,,,,,,1382,2245.776,214.6452,2158.17,1526.682,24870.229,13986.06,9273.768,1035.072,7508.3012
,,,,,,,,1383,2537.119,245.7406,2949.634,1793.247,24555.254,13812.29,9053.864,1251.118,8139.7763
,,,,,,,,1384,2965.294,299.2652,3142.218,2003.218,24586.958,14276.65,11124.22,1695.741,9110.3952
,,,,,,,,1385,3561.617,348.4266,3436.761,2250.227,25124.992,14237.25,11008.13,2285.164,10476.2353
,,,,,,,,1386,4209.269,425.9478,4059.315,2599.846,26481.299,15142.56,13423.26,3101.586,12035.2133
,,,,,,,,1387,4336.836,441.6618,4352.805,2818.049,26784.457,16724.18,14898.61,3536.519,12180.2924
,,,,,,,,1388,4298.566,440.0745,4397.418,2883.548,26393.994,17520.13,15313.46,3685.11,12032.1155
,,,,,,,,1389,4208.206,428.3445,4306.313,2825.186,25354.388,17146.6,15269.39,3602.975,11738.8986
,,,,,,,,1390,4058.314,403.5408,4103.854,2624.384,23705.231,16937.53,16054.59,3528.526,11187.784
,,,,,,,,1391,3877.594,374.419,3853.705,2394.945,22176.2,16677.47,16232.22,3418.638,10846.852
,,,,,,,,1392,3708.567,346.7032,3630.57,2206.502,20998.216,16834.13,16664.96,3512.282,10594.9668
,,,,,,,,1393,3584.189,328.1143,3393.537,2012.417,20250.31,16661.32,16073.26,3644.71,10382.0979
,,,,,,,,1394,3504.46,312.9908,3248.562,1874.733,20038.482,15007.58,14612.28,3260.663,10326.9002
,,,,,,,,1395,3499.145,306.7853,3193.569,1856.461,20153.14,13526.59,13151.27,2847.277,10372.9013
,,,,,,,,1396,3508.712,306.7853,3202.247,1915.516,20675.487,12502.69,12277.1,2558.956,10645.232
,,,,,,,,1397,3579.937,324.6306,3343.356,2052.209,21758.082,12539.07,12094.92,2486.18,11263.2501
,,,,,,,,1398,3735.144,353.8341,3664.016,2335.688,23759.33,13716.31,12998.22,2642.357,12134.6089
,,,,,,,,1399,3804.151,391.1933,4154.577,2719.952,25912.441,16737.89,14905,3113.748,12424.099
,,,,,,,,1400,3437.055,377.9869,4244.714,2926.121,27078.898,19292.72,15512.09,3291.806,10986.675
,,,,,,,,1401,2940.569,305.2251,4112.797,2714.566,26662.234,20955.24,16120.36,3298.782,9954.0279
,,,,,,,,1402,2533.168,263.9955,3992.006,2066.065,25759.511,19195.35,14739.4,2853.276,8963.9119
,,,,,,,,1403,2276.512,239.9954,3429.277,1859.777,24784.404,15920.9,12775.73,2382.857,8197.0464
,,,,,,,,1404,2268.494,233.9429,2950.659,1562.173,24262.294,12639.99,12321.06,1154.743,7893.1097
,,,,,,,,1405,2151.951,226.2659,2901.343,1529.601,23510.93,11472.53,11686.84,1001,7813.5363
,,,,,,,,1406,2279.307,236.4737,2627.885,1398.566,22966.197,10661.22,11300.21,1145.526,7925.9563
,,,,,,,,1407,2515.857,260.3201,2849.019,1448.185,23066.022,10923.96,12107.33,1401.503,8522.7029
,,,,,,,,1408,2979.114,310.3605,3097.763,1667.979,23507.5,11289.5,11208.21,2277.072,9440.9522
,,,,,,,,1409,3571.185,361.0282,3776.41,2147.542,24246.402,12875.35,12328.75,2783.931,10801.108
,,,,,,,,1410,4206.08,444.4831,4224.776,2615.699,25722.45,15087.16,13985.78,3256.981,12317.6581
,,,,,,,,1411,4315.575,465.2591,4491.412,2819.24,26207.769,16987.78,15196.56,3578.791,12420.4029
,,,,,,,,1412,4290.062,458.3193,4473.478,2838.927,25866.628,17745.92,15577.1,3699.481,12283.2971
,,,,,,,,1413,4193.323,437.8432,4306.313,2785.842,25083.381,17222.91,15221.09,3639.719,11979.327
,,,,,,,,1414,4035.99,410.1367,4010.58,2584.816,23703.542,16894.25,15833.76,3548.129,11505.3906
,,,,,,,,1415,3874.405,377.912,3777.242,2359.828,22196.059,16592.87,15918.69,3416.719,11006.1684
,,,,,,,,1416,3709.63,351.0399,3575.736,2184.628,21319.829,16767,16290.22,3514.95,10693.1877
,,,,,,,,1417,3495.955,337.7944,3319.255,2017.281,20783.922,16186.98,15468.16,3465.91,10349.256
,,,,,,,,1418,3436.424,321.4461,3155.949,1947.884,20990.684,14588.02,14024.86,3087.249,10194.24
,,,,,,,,1419,3408.784,312.3283,3100.956,1931.075,21254.547,13161.47,12718.64,2732.378,10201.611
,,,,,,,,1420,3440.676,312.1378,3117.357,1948.934,22239.191,12284.55,11987,2485.363,10467.657
,,,,,,,,1421,3549.108,322.2806,3314.822,2075.146,23897.989,12221.87,11906.48,2398.073,11040.594
,,,,,,,,1422,3701.126,351.4842,3635.078,2289.949,26062.883,13448.13,12727.91,2551.849,11816.97
,,,,,,,,1423,3767.759,385.9268,4101.923,2603.152,27700.572,16299.32,14899.47,3096.415,12211.7379
,,,,,,,,1424,3574.366,411.0292,4096.818,2697.127,28385.421,18538.14,16150.59,3551.476,12040.6311
,,,,,,,,1425,3119.523,378.4797,3743.449,2312.604,27737.674,18434.76,16382.56,3774.689,10604.722
,,,,,,,,1426,2825.501,318.8536,3292.98,1984.408,26678.097,16769.54,14716.22,3909.55,9377.409
,,,,,,,,1427,2629.6,271.9108,2913.859,1683.921,25563.867,15811.92,11256.37,2556.21,8516.317
,,,,,,,,1428,2503.839,235.3975,2430.345,1596.62,24311.9,14105.51,9887.357,1469.271,7840.5789
,,,,,,,,1429,2638.445,239.571,2350.271,1807.826,23520.158,15013.27,9835.792,1771.788,7958.644
,,,,,,,,1430,2711.052,292.846,2663.255,1921.286,22694.845,13905.36,10579.23,1481.09,8717.252
,,,,,,,,1431,2944.841,283.4335,3058.09,1892.061,22418.452,13578.96,11343.47,1899.145,8976.222
,,,,,,,,1432,3419.903,358.1425,3277.43,2090.063,22674.629,14431.58,13526.37,2305.558,9965.3831
,,,,,,,,1433,3802.86,407.1265,3668.376,2284.77,23725.77,14729.32,13873.68,2791.539,11075.2902
,,,,,,,,1434,4043.431,433.2875,3995.859,2570.95,25090.955,15212.57,14105.75,3110.354,12185.7232
,,,,,,,,1435,4181.629,451.1513,4251.351,2709.537,26057.028,16355.96,14693.45,3340.924,12515.34
,,,,,,,,1436,4159.305,458.0286,4230.522,2740.119,26043.992,17170.11,15157.24,3497.595,12446.7073
,,,,,,,,1437,4077.449,447.3328,4138.453,2688.06,24915.797,16961.42,15094.39,3505.293,12102.1036
,,,,,,,,1438,3922.242,414.4456,3975.543,2530.945,23518.13,16958.15,15773.64,3453.103,11649.797
,,,,,,,,1439,3752.153,386.3581,3711.485,2282.559,22147.979,16451.64,15675.91,3291.867,11129.043
,,,,,,,,1440,3599.072,362.4075,3465.201,2139.042,21310.678,16565.09,16143.55,3348.229,10745.11
,,,,,,,,1441,3524.658,337.1319,3295.141,2007.826,21211.207,16183.78,15466.72,3423.683,10543.915
,,,,,,,,1442,3464.063,322.8521,3139.553,1948.272,21245.369,14595.48,14117.88,3073.798,10391.965
,,,,,,,,1443,3428.983,315.4311,3093.238,1940.505,21510.039,13143.98,12843.69,2725.175,10383.094
,,,,,,,,1444,3456.622,312.3191,3120.252,1970.559,22244.319,12334.54,12109.43,2493.434,10579.358
,,,,,,,,1445,3557.613,323.3056,3304.216,2088.59,23585.368,12324.12,12059.83,2449.188,11047.951
,,,,,,,,1446,3708.567,347.5377,3589.336,2307.372,25586.555,13420.89,12818.65,2583.184,11774.071
,,,,,,,,1447,3828.693,384.8925,3963.872,2554.165,27246.07,15799.09,14781.93,3052.961,12071.976
,,,,,,,,1448,3920.839,406.8922,4124.969,2588.112,27786.719,17781.88,16568.65,3634.856,11240.996
,,,,,,,,1449,3922.646,351.2388,4033.258,2570.037,27266.991,19387.72,17280.29,3711.695,10931.736
,,,,,,,,1450,3664.407,281.2742,3938.589,2366.689,26570.424,18623.68,16478.51,4002.547,10323.051
,,,,,,,,1451,2211.943,223.9617,3713.667,2216.623,25308.653,15886.85,14268.32,3832.724,11241.392
,,,,,,,,1452,2212.645,215.6373,3668.461,2226.322,24277.269,16219.02,13956.68,3645.891,11038.98
,,,,,,,,1453,3505.33,209.9668,3694.221,2176.014,23335.381,15868.5,13794.35,3707.76,8457.2991
,,,,,,,,1454,2952.665,222.1062,3696.187,2243.925,22611.156,13583.16,14239.5,3447.595,9328.898
,,,,,,,,1455,2954.429,246.5988,3691.224,2047.229,22396.737,12234.6,13860.26,2823.964,8492.852
,,,,,,,,1456,3363.241,310.0486,3790.55,2194.162,22710.932,12087.27,13840.6,3218.701,10147.0602
,,,,,,,,1457,3722.11,359.1461,3643.79,2261.09,23534.504,12999.08,13092.46,2652.606,10629.5689
,,,,,,,,1458,4144.422,416.4447,4036.43,2501.553,24807.641,14420.23,13617.09,3008.931,11781.695
,,,,,,,,1459,4261.359,437.2433,4173.519,2649.923,25606.537,15879.45,14305.46,3277.05,12021.28
,,,,,,,,1460,4211.395,444.9735,4103.083,2656.118,25434.798,16520.26,14754.5,3397.778,11943.1426
,,,,,,,,1461,4134.854,427.6002,4004.821,2585.811,24546.376,16148.23,14579.5,3401.815,11655.2213
,,,,,,,,1462,4003.035,403.8309,3824.553,2456.423,23327.779,16174.91,15313.28,3405.216,11360.586
,,,,,,,,1463,3852.081,380.7148,3676.917,2277.246,22138.215,16217.85,15526.62,3308.78,10929.352
,,,,,,,,1464,3710.694,355.73,3470.592,2079.573,21386.394,16452.22,15998.71,3363.803,10608.224
,,,,,,,,1465,3630.964,341.7409,3325.05,1974.432,21053.709,15847.8,15187.2,3584.674,10435.332
,,,,,,,,1466,3559.739,326.4268,3179.513,1908.163,21011.067,14656.99,14119.64,3229.5,10284.625
,,,,,,,,1467,3517.217,314.2063,3115.831,1882.7,21197.956,13386.73,12931.7,2890.592,10227.046
,,,,,,,,1468,3520.406,309.0351,3074.907,1885.439,21819.87,12476.96,12005.05,2628.099,10283.888
,,,,,,,,1469,3565.054,312.9816,3145.74,1936.977,22721.044,12150.68,11706.41,2508.764,10565.693
,,,,,,,,1470,3621.396,325.1928,3230.495,2005.961,23945.463,12235.41,11605.46,2476.539,11013.9215
,,,,,,,,1471,3602.984,331.4974,3450.407,2140.837,25036.297,13680.21,12280.82,2779.57,10986.0766
,,,,,,,,1472,3108.468,301.6785,3413.104,2235.617,25908.201,14979.27,11581.77,3047.492,10138.3349
,,,,,,,,1473,2663.554,272.127,3437.017,2116.549,25782.488,14898.26,11195.98,2686.345,9126.243
,,,,,,,,1474,2307.896,275.7098,3475.85,1994.602,25056.746,15187.36,9888.049,2315.816,8195.5762
,,,,,,,,1475,2050.358,217.0591,3453.916,1801.506,23984.986,12632.79,10561.37,2115.43,7547.6875
,,,,,,,,1476,1895.895,202.7196,3302.527,1759.49,23167.502,14072.84,9215.284,1272.501,7260.4035
,,,,,,,,1477,1864.705,190.1904,2813.091,1842.486,22094.624,11885.11,8411.995,1617.427,7247.2981
,,,,,,,,1478,2045.362,199.2363,2627.11,1914.369,21535.997,12723.1,8954.662,1034.361,7561.4981
,,,,,,,,1479,2345.061,217.0149,2701.092,1792.272,21361.377,12104.2,8356.657,978.194,8181.858
,,,,,,,,1480,2802.412,285.2005,3142.22,1555.326,21738.161,11495.64,9563.397,1866.59,9073.9547
,,,,,,,,1481,3448.244,351.4587,3560.714,1783.241,22586.102,12281.89,10971.82,2510.265,10330.4985
,,,,,,,,1482,4056.188,394.6536,3898.832,2388.698,23910.036,13647.82,12549.47,2708.649,11579.1651
,,,,,,,,1483,4181.629,419.2082,4099.861,2629.733,25063.362,14531.49,13218.62,2921.802,11823.651
,,,,,,,,1484,4136.98,427.5007,4017.042,2622.131,24905.459,15184.14,13450.7,3035.426,11674.5408
,,,,,,,,1485,4066.819,410.3086,3871.108,2557.962,24312.066,15176.69,13366.98,3069.692,11487.8489
,,,,,,,,1486,3950.945,387.5736,3723.642,2422.356,23321.8,15113.82,13868.3,3058.561,11195.7967
,,,,,,,,1487,3814.874,369.8193,3580.432,2280.835,22210.057,15078.02,13966.29,2985.377,10843.174
,,,,,,,,1488,3680.928,342.9472,3386.65,2098.755,21559.14,14868.56,13974.57,2930.027,10488.964
,,,,,,,,1489,3608.64,330.1736,3286.855,1872.279,21480.325,14656.2,14222.77,3130.624,10262.237
,,,,,,,,1490,3544.856,315.8938,3139.395,1788.976,21614.725,14094.45,13646.55,3008.307,10107.921
,,,,,,,,1491,3491.703,306.5948,3063.733,1765.226,21808.254,12927.72,12501.45,2706.269,10041.498
,,,,,,,,1492,3483.199,300.5798,3035.344,1747.78,22274.272,11914.43,11606.85,2449.236,10083.487
,,,,,,,,1493,3522.532,303.492,3075.304,1787.926,22947.479,11485.54,11220.55,2320.037,10268.954
,,,,,,,,1494,3565.054,312.6006,3148.482,1827.494,23988.067,11591.1,11077.52,2268.083,10692.0757
,,,,,,,,1495,3483.581,323.5506,3330.364,2019.277,24760.93,13104.14,11410.21,2481.362,10929.1837
,,,,,,,,1496,3063.458,300.5591,3142.858,2053.033,25753.906,13958.71,10580.95,2594.197,10361.7598
,,,,,,,,1497,2614.292,264.8114,2564.037,1719.916,25693.865,13051.58,9059.206,2561.747,9540.1105
,,,,,,,,1498,2293.715,248.2483,2164.901,1290.155,24887.187,11646.86,8495.802,2639.685,8608.7303
,,,,,,,,1499,2060.266,221.2974,1936.825,1299.544,23849.836,9860.543,6907.933,1902.449,7457.6957
,,,,,,,,1500,1920.324,211.8617,1833.093,1127.964,23011.037,8599.905,6564.448,1548.686,7144.9026
,,,,,,,,1501,1900.828,211.5032,1737.267,1147.756,22080.397,7614.294,6893.641,1527.788,7302.3093
,,,,,,,,1502,2037.559,227.5121,2381.666,1308.755,21416.412,8265.916,7914.75,1238.832,7536.9675
,,,,,,,,1503,2698.955,252.5212,2921.13,1430.464,21196.749,8687.809,8649.312,1496.424,8332.7691
,,,,,,,,1504,2856.245,283.3729,3315.534,1592.598,21576.894,10197.18,10119.33,1750.118,9459.5367
,,,,,,,,1505,3345.829,344.0649,3511.401,1912.963,22474.825,11051.86,10739.92,2349.242,10539.9059
,,,,,,,,1506,3954.134,386.3796,3823.355,2321.592,24000.646,12854.66,12122.88,2706.884,11693.0443
,,,,,,,,1507,4098.71,404.7286,4119.56,2550.517,25310.183,14123.47,13050.89,2983.545,11977.8041
,,,,,,,,1508,4097.647,420.7144,4134.43,2587.9,25181.997,15012.41,13588.27,3145.006,11920.0305
,,,,,,,,1509,4039.179,406.4438,4056.434,2526.658,24501.668,15017.75,13626.1,3180.219,11591.4234
,,,,,,,,1510,3904.17,379.9528,3860.88,2364.09,23179.431,14774.27,13936.05,3121.458,11102.9947
,,,,,,,,1511,3736.207,359.2862,3638.716,2180.735,21702.361,14611.92,13902.35,3002.438,10589.274
,,,,,,,,1512,3599.072,336.3699,3437.216,2012.725,20836.814,14402.55,13917.66,2933.042,10237.0359
,,,,,,,,1513,3525.721,319.8495,3265.776,1930.473,20559.268,15084.67,14369.4,3215.508,10101.712
,,,,,,,,1514,3465.127,309.5163,3168.479,1880.21,20531.001,14289.28,13611.8,3030.754,10005.316
,,,,,,,,1515,3440.676,302.2858,3135.115,1886.903,20967.231,13006.88,12403.19,2699.169,10042.157
,,,,,,,,1516,3474.694,300.208,3164.058,1926.247,21958.665,12287.17,11739.42,2469.222,10299.348
,,,,,,,,1517,3571.433,314.2973,3360.564,2081.272,23675.184,12353.05,11782.41,2406.167,10860.197
,,,,,,,,1518,3734.081,345.3881,3723.674,2283.882,25669.531,13472.51,12668.55,2571.571,11652.5797
,,,,,,,,1519,3774.498,379.9077,4152.641,2585.753,27409.91,16462.8,14610.84,3030.136,11733.7897
,,,,,,,,1520,3415.31,373.8228,4163.393,2682.044,27962.057,18942.68,15048.49,2914.592,10558.1725
,,,,,,,,1521,3230.061,293.8186,3372.759,2538.276,27276.509,19522.27,14069.46,2523.447,9354.745
,,,,,,,,1522,2863.771,248.9808,2938.75,2127.675,26453.744,18787.84,13641.68,2085.543,8349.0232
,,,,,,,,1523,2880.78,215.9014,2360.408,2229.762,25436.068,18958.78,11871.43,1622.786,7849.0635
,,,,,,,,1524,2276.046,204.447,2955.359,2196.894,24574.973,17596.46,11435.71,1260.66,7621.1177
,,,,,,,,1525,2274.622,200.142,2339.519,2174.302,23773.94,15065.66,11279.75,1045.647,7701.0633
,,,,,,,,1526,2475.477,218.2286,2612.646,2008.316,23082.989,15614.23,11870.76,3048.334,8031.7547
,,,,,,,,1527,2914.756,241.0923,3436.302,2283.526,22767.728,15747.28,13864.85,3329.16,8774.558
,,,,,,,,1528,3372.107,297.7921,3446.242,2319.717,22910.344,15060.23,13147.76,2912.071,9618.4414
,,,,,,,,1529,3692.365,421.2488,3789.844,2411.036,23701.551,15192.13,13272.92,2697.14,11172.3206
,,,,,,,,1530,4203.954,431.3377,4090.099,2592.714,24864.021,15564.98,14243.31,3199.896,12349.5841
,,,,,,,,1531,4306.007,452.295,4362.686,2750.236,25741.318,16433.18,14873.73,3429.747,12516.5067
,,,,,,,,1532,4208.206,461.9033,4346.682,2767.822,25373.671,17278.69,15277.33,3575.395,12245.0371
,,,,,,,,1533,4113.593,450.7355,4232.019,2692.427,24394.096,16866.48,15164.05,3513.021,11890.3971
,,,,,,,,1534,3940.314,432.1375,3987.267,2492.427,22904.068,16524.68,15753.89,3474.442,11486.055
,,,,,,,,1535,3771.288,394.0883,3744.837,2252.67,21386.54,16238.47,15643.92,3342.223,10991.161
,,,,,,,,1536,3622.459,366.0007,3489.87,2112.14,20244.101,16636.69,16238.9,3428.885,10550.279
,,,,,,,,1537,3531.036,346.5497,3358.237,2011.615,19984.637,16277.14,15707.66,3524.17,10358.977
,,,,,,,,1538,3466.19,329.1671,3197.832,1953.525,19832.077,14741.54,14298.47,3157.195,10281.41
,,,,,,,,1539,3454.496,321.0836,3123.134,1955.213,19985.524,13257.68,12950.06,2806.83,10278.767
,,,,,,,,1540,3501.271,318.8246,3144.359,2005.476,20688.631,12650.69,12307.83,2595.714,10526.228
,,,,,,,,1541,3604.387,331.6891,3336.041,2184.829,21762.489,12675.46,12303.59,2538.068,10977.637
,,,,,,,,1542,3750.027,359.8584,3711.132,2377.382,23771.005,13948.01,13199.78,2681.077,11711.554
,,,,,,,,1543,3829.054,401.1598,4192.117,2669.221,25481.564,16885.74,15222.27,3146.798,11856.721
,,,,,,,,1544,3865.22,416.4547,4053.346,2642.289,26120.072,19096.25,17126.8,3612.832,11039.8993
,,,,,,,,1545,4039.2,324.4246,4115.527,2576.39,25980.068,20784.35,17465.1,3676.667,10021.981
,,,,,,,,1546,4073.58,268.1596,3902.996,2340.746,25667.466,18746.5,16892.89,2980.074,8717.266
,,,,,,,,1547,4068.626,250.363,3818.98,1912.857,24717.463,16621.53,16047.29,3635.956,9125.95
,,,,,,,,1548,3926.558,401.6361,3674.04,1583.032,24186.423,16135.82,14568.74,3974.951,8523.8468
,,,,,,,,1549,3909.188,361.6795,3721.101,1161.269,23742.703,11523.54,13315.84,4132.697,8408.4323
,,,,,,,,1550,3854.971,322.9535,3739.218,1879.645,23270.261,16028.62,14069.39,3874.304,8862.978
,,,,,,,,1551,3569.433,366.0128,3646.838,1425.801,23064.163,14267.84,12096.38,3299.604,9312.246
,,,,,,,,1552,3561.63,395.5263,3751.669,1780.263,23262.837,14540.58,14251.3,3371.228,10294.8211
,,,,,,,,1553,3712.904,414.1487,3941.406,1931.228,23990.393,14428.68,13978.37,3154.703,11462.3287
,,,,,,,,1554,4227.341,436.758,4180.26,2427.53,24884.164,15277.72,14224.1,3243.311,12321.1937
,,,,,,,,1555,4375.106,465.0779,4401.283,2698.782,25382.825,16389.24,14782.01,3433.312,12786.865
,,,,,,,,1556,4294.313,485.8724,4369.837,2747.862,24918.727,17243.57,15320.66,3606.176,12673.7553
,,,,,,,,1557,4174.188,467.2743,4256.542,2684.495,23915.51,16921.67,15217.27,3591.404,12375.5235
,,,,,,,,1558,4004.098,434.206,4041.137,2504.208,22427.074,16656.17,15744.25,3540.007,11813.4195
,,,,,,,,1559,3808.495,403.1968,3820.335,2281.484,20966.087,16450.29,15869.62,3406.702,11237.453
,,,,,,,,1560,3644.784,372.197,3539.88,2127.71,19949.97,16771.72,16389.17,3489.07,10775.814
,,,,,,,,1561,3574.622,349.6524,3348.186,2000.059,19740.295,16224.88,15639.24,3527.757,10561.232
,,,,,,,,1562,3517.217,330.3919,3177.168,1925.822,19506.089,14622.72,14195.07,3142.002,10350.939
,,,,,,,,1563,3492.766,323.1521,3121.205,1929.362,19675.211,13210.03,12878.35,2756.59,10300.631
,,,,,,,,1564,3523.595,319.8589,3131.817,1958.614,20408.436,12316.91,12046.81,2522.13,10473.964
,,,,,,,,1565,3602.261,328.9673,3289.328,2069.456,21794.965,12369.84,12060.07,2476.09,10966.675
,,,,,,,,1566,3756.405,359.0147,3682.744,2288.461,23857.303,13597.53,12905.32,2596.738,11731.075
,,,,,,,,1567,3719.942,395.9613,4163.735,2601.287,25687.036,16818.69,14868.4,3080.657,12169.9374
,,,,,,,,1568,3221.173,366.8181,4145.391,2595.144,26201.85,18877.77,14502.6,2893.281,11501.244
,,,,,,,,1569,2720.981,307.3409,3870.555,2445.294,26099.187,18823.26,14548.27,2953.542,11085.089
,,,,,,,,1570,2330.241,257.0504,3426.768,1976.771,25367.839,17334.42,13004.5,2007.701,10001.745
,,,,,,,,1571,2059.585,228.9517,3125.012,1817.526,24313.853,15193.85,12112.74,2470.879,9375.5783
,,,,,,,,1572,1908.312,255.9789,2301.401,1727.293,23963.85,13872.26,9857.219,1550.021,9344.9523
,,,,,,,,1573,1900.509,249.3785,2274.841,1849.874,23255.758,14878.61,10934.92,1616.082,8733.7179
,,,,,,,,1574,2025.546,279.3642,2215.892,2017.05,22339.536,13998.85,10692.6,1246.385,9013.6505
,,,,,,,,1575,2323.119,276.2209,2859.33,2022.368,22152.418,13454.21,8892.93,1937.04,9826.04
,,,,,,,,1576,2829.711,299.9869,3172.359,2199.217,22588.303,14301.73,10362.04,2636.969,10237.8316
,,,,,,,,1577,3826.609,368.7179,3547.987,2218.517,23516.506,14118.61,12351.57,2952.001,11155.1816
,,,,,,,,1578,4119.972,413.2377,4004.745,2605.049,24617.035,15201.42,13676.12,3052.923,12106.4664
,,,,,,,,1579,4248.602,445.0552,4347.811,2832.428,25252.486,16452.68,14578.58,3365.159,12523.6187
,,,,,,,,1580,4202.89,458.9818,4358.26,2821.401,24962.227,17367.09,15183.37,3549.629,12425.4202
,,,,,,,,1581,4111.467,445.5642,4229.686,2703.181,23995.03,17037.15,15117.47,3496.223,12088.6075
,,,,,,,,1582,3948.819,415.1267,3971.982,2514.677,22608.172,16488.22,15555.61,3408.906,11618.835
,,,,,,,,1583,3773.414,390.9856,3747.327,2300.996,21191.433,16355.53,15600.32,3301.657,11068.354
,,,,,,,,1584,3627.775,361.0107,3526.532,2160.466,20180.647,16661.16,16202.28,3390.325,10696.21
,,,,,,,,1585,3532.099,342.4127,3342,2028.837,19992.947,16216.56,15588.52,3434.473,10509.665
,,,,,,,,1586,3486.388,325.2206,3237.388,1970.996,19822.138,14681.88,14180.21,3059.45,10385.248
,,,,,,,,1587,3431.109,316.9466,3205.953,1962.591,20128.488,13327,12915.08,2712.649,10386.332
,,,,,,,,1588,3465.127,312.6191,3240.118,1996.209,20931.804,12493.04,12200.27,2493.485,10609.92
,,,,,,,,1589,3562.928,321.7276,3418.293,2121.346,22469.259,12477.14,12128.49,2425.975,11082.735
,,,,,,,,1590,3725.576,349.8969,3814.61,2331.972,24568.014,13628.52,12960.63,2570.783,11755.608
,,,,,,,,1591,3715.689,374.1238,4203.729,2628.779,26175.344,16267.04,14621.25,3034.437,12159.7127
,,,,,,,,1592,3177.949,337.7813,3853.768,2491.708,26684.302,17438.4,14088.88,3358.438,12229.251
,,,,,,,,1593,2672.441,290.1031,3108.937,1984.395,26471.582,15399.93,12669.39,2360.853,11726.898
,,,,,,,,1594,2428.723,236.7868,2532.644,1516.11,25612.648,14232.72,11074.71,1851.125,10044.963
,,,,,,,,1595,2009.642,195.701,2290.392,1336.363,24649.084,11980.27,7886.658,1834.689,9347.7311
,,,,,,,,1596,2881.482,175.1965,2239.775,1191.253,24507.621,11922.75,6250.276,958.582,8512.1883
,,,,,,,,1597,3918.394,172.2843,2042.57,1263.454,23514.408,10528.1,5849.673,856.5616,7208.0817
,,,,,,,,1598,2615.759,184.1469,2072.814,1033.357,23101.822,9512.974,6366.266,913.7716,7711.3416
,,,,,,,,1599,2358.2,212.9578,2988.513,1451.94,22953.796,10932.53,7649.361,962.8242,8051.6347
,,,,,,,,1600,2874.36,264.9038,3315.091,1778.334,22947.872,9734.79,11546.49,1527.055,9076.842
,,,,,,,,1601,3543.218,330.6404,3692.653,2118.362,23837.439,12892.09,10906.31,2234.632,10493.4397
,,,,,,,,1602,4160.729,400.5544,4059.32,2503.84,24904.647,14464.74,13297.2,2993.887,11769.8999
,,,,,,,,1603,4350.656,427.2007,4335.836,2780.089,25564.576,16436.81,14460.98,3375.737,12034.9614
,,,,,,,,1604,4307.07,437.834,4345.32,2799.941,25220.66,17069.21,15014.18,3522.522,11949.525
,,,,,,,,1605,4219.899,429.2067,4303.822,2735.524,24089.073,16824.81,15118.03,3496.172,11669.0986
,,,,,,,,1606,4034.927,413.5209,4155.788,2617.443,22684.808,16767.43,15828.2,3464.629,11244.2707
,,,,,,,,1607,3847.828,388.536,3967.234,2400.222,21259.412,16649.89,16007.83,3365.451,10864.917
,,,,,,,,1608,3696.874,359.7859,3756.08,2231.739,20213.324,16828.97,16498.69,3446.026,10465.985
,,,,,,,,1609,3632.027,345.3156,3801.903,2183.269,19939.601,16386.22,17527.64,3634.32,10269.783
,,,,,,,,1610,3567.18,328.1236,3623.167,2088.246,19912.064,14837.68,15464.52,3230.396,10192.419
,,,,,,,,1611,3527.847,320.0401,3603.303,2093.499,20109.386,13394.49,14133.29,2885.389,10306.379
,,,,,,,,1612,3568.243,319.6591,3623.002,2071.437,20785.257,12543.89,13324.49,2646.445,10597.399
,,,,,,,,1613,3662.856,330.6456,3795.389,2188.831,22151.876,12440.16,13281.22,2578.935,11153.66
,,,,,,,,1614,3844.639,362.1082,4103.664,2371.255,24194.721,13423.24,13886.79,2692.306,11992.184
,,,,,,,,1615,3796.844,388.3266,4473.767,2639.224,25949.269,15745.04,15457.56,3052.766,12138.5833
,,,,,,,,1616,3299.84,363.9331,4371.011,2589.52,26444.925,17254.4,15709.21,3385.979,10834.1831
,,,,,,,,1617,2768.819,295.1881,4119.676,2420.553,25953.854,17285.29,14181.33,3148.701,9681.454
,,,,,,,,1618,2372.763,278.757,3369.738,2027.157,24966.89,16402.82,12133,2903.624,8639.2785
,,,,,,,,1619,2119.117,216.3096,2746.356,2010.415,24042.011,15830.21,10292.94,2468.132,7601.4563
,,,,,,,,1620,1949.771,209.7861,2492.399,1892.101,23440.649,14411.58,8784.489,2335.383,7135.0537
,,,,,,,,1621,1931.337,210.0131,2599.127,1933.734,22542.443,12294.9,9738.122,1675.591,7311.8705
,,,,,,,,1622,2061.69,240.23,2777.208,1903.332,22545.54,11994.25,7220.674,1692.665,8427.1823
,,,,,,,,1623,2369.894,266.9724,2760.983,1565.103,21660.883,11340.35,9057.043,1277.023,9226.5575
,,,,,,,,1624,2875.423,304.7469,3260.207,2010.668,21959.709,13861.02,10117.27,1534.457,9378.4092
,,,,,,,,1625,3476.606,349.3033,3524.174,2100.441,22756.149,13538.89,11787.05,2162.978,10537.3193
,,,,,,,,1626,4092.694,395.3832,4030.887,2577.893,23865.147,15241.01,13294.4,2964.191,11477.544
,,,,,,,,1627,4252.854,417.4204,4355.938,2735.468,24776.931,16579.36,14420.99,3374.03,11651.5147
,,,,,,,,1628,4241.161,428.063,4367.907,2725.291,24573.946,16733.71,14873.95,3467.775,11580.7219
,,,,,,,,1629,4174.188,415.6704,4304.787,2645.28,23784.834,16345.96,14790.77,3408.195,11409.7274
,,,,,,,,1630,4043.431,398.9504,4192.854,2503.947,22676.873,16377.26,15679.75,3399.07,11196.6197
,,,,,,,,1631,3898.855,377.912,4117.828,2336.078,21339.559,16495.02,16080.86,3357.41,10926.459
,,,,,,,,1632,3746.838,353.1085,3926.379,2139.703,20448.97,16698.11,16733.51,3438.49,10595.118
,,,,,,,,1633,3670.297,336.5696,3844.763,2056.376,20019.945,15970.75,15978.18,3422.673,10515.636
,,,,,,,,1634,3587.379,323.3241,3724.72,1966.605,19956.224,14775.31,14890.15,3153.1,10399.053
,,,,,,,,1635,3541.667,315.05,3668.757,1954.387,20103.672,13518.92,13894.14,2874.451,10412.149
,,,,,,,,1636,3549.108,310.9131,3628.229,1921.182,20546.891,12481.59,13045.53,2604.835,10561.34
,,,,,,,,1637,3586.315,317.9623,3664.336,1964.315,21397.667,11984.66,12670.28,2481.068,10892.764
,,,,,,,,1638,3670.297,335.1544,3783.818,2040.1,22504.663,12080.11,12643,2466.828,11418.2865
,,,,,,,,1639,3666.768,345.519,4026.684,2227.48,23641.639,13414.71,13262.32,2703.771,11409.5589
,,,,,,,,1640,3500.292,311.6765,3866.704,2217.224,24509.487,13845.12,13283.28,2533.912,10363.128
,,,,,,,,1641,3101.069,266.8423,3634.852,1857.533,24312.183,11602.18,11666.15,2153.461,9113.4613
,,,,,,,,1642,2613.271,295.6653,3073.739,1558.955,23655.836,10092.12,9093.748,1804.201,8004.0587
,,,,,,,,1643,2319.951,264.3869,2159.024,1548.071,22604.869,9454.834,7260.212,2542.354,7264.6215
,,,,,,,,1644,2272.475,314.5452,1938.39,1471.15,21546.584,9135.069,6645.954,800.0068,6733.1383
,,,,,,,,1645,2231.015,255.5186,1940.125,1101.153,20696.38,8863.736,7951.931,845.8323,6635.9316
,,,,,,,,1646,2878.591,285.7448,2513.372,907.0117,20159.925,9518.728,9301.044,1276.471,6902.1331
,,,,,,,,1647,3028.079,292.1141,2821.244,1037.886,19927.796,7433.615,9305.96,1167.414,7613.2329
,,,,,,,,1648,3519.448,316.942,3036.237,1418.852,20200.852,8613.831,9028.646,1249.587,8724.1439
,,,,,,,,1649,3792.591,353.8179,3479.763,1831.269,21228.741,10888.95,9988.534,1864.584,10144.0894
,,,,,,,,1650,4082.765,393.7328,4001.984,2409.672,22691.691,13464.84,12701.87,2678.406,11220.7389
,,,,,,,,1651,4213.521,403.8849,4292.899,2602.303,23652.491,14960.33,13369.45,3048.323,11403.3883
,,,,,,,,1652,4196.512,409.0746,4249.081,2607.72,23520.804,15411.81,13663.82,3162.821,11237.9829
,,,,,,,,1653,4132.729,395.8291,4206.215,2596.468,22882.277,15421.5,13712.36,3161.24,11075.0829
,,,,,,,,1654,4004.098,379.2996,4131.914,2511.453,21962.587,15276.78,14369.38,3142.935,10803.2227
,,,,,,,,1655,3875.468,361.5452,4029.067,2374.771,20793.256,15355.77,14529.17,3067.455,10534.8573
,,,,,,,,1656,3740.459,337.7759,3881.437,2179.034,19930.911,15139.41,14617.24,3014.424,10270.3503
,,,,,,,,1657,3668.171,326.4084,3612.327,2171.796,19790.56,15642.95,15094.62,3185.457,10124.524
,,,,,,,,1658,3590.568,313.1628,3379.72,2090.819,19697.579,15121.51,14214.68,3083.845,10000.7199
,,,,,,,,1659,3538.478,305.9323,3284.352,2058.003,19794.381,13152.4,12318.22,2573.484,9981.712
,,,,,,,,1660,3533.163,303.6733,3244.796,2040.144,20157.782,12354.36,11773.16,2378.931,10040.179
,,,,,,,,1661,3551.235,307.801,3323.189,2075.923,20838.975,12060.24,11505.37,2296.145,10290.64
,,,,,,,,1662,3606.514,325.8276,3486.337,2136.563,21992.412,12420.45,11726.17,2348.07,10751.7379
,,,,,,,,1663,3540.986,341.3774,3778.045,2390.074,22861.228,14226.19,12647.85,2706.776,10707.6509
,,,,,,,,1664,3033.352,343.472,3682.647,2175.065,23744.813,13431,12368.03,2864.702,9828.4211
,,,,,,,,1665,2533.521,364.7101,3192.392,1695.035,23834.321,11376.69,11468.3,3140.638,9140.4205
,,,,,,,,1666,2192.745,324.9665,2620.587,1260.25,23433.517,8270.021,10826.61,2927.807,7806.6881
,,,,,,,,1667,1962.485,275.7335,2729.394,930.4901,22518.903,5474.265,10259.59,2750.721,10000.1031
,,,,,,,,1668,2515.491,325.9688,2431.434,759.1079,21908.599,3828.157,10107.94,1733.189,10834.6101
,,,,,,,,1669,2712.094,303.8679,2842.587,690.9805,20929.376,3065.213,8468.116,1802.226,10898.2134
,,,,,,,,1670,3019.936,299.7216,2700.35,676.374,20442.462,3127.753,8553.701,2960.473,10581.4034
,,,,,,,,1671,2920.731,360.4994,2512.069,838.1542,20154.664,3976.665,9637.128,2635.388,10749.8969
,,,,,,,,1672,3185.008,346.1739,3305.218,1141.179,20330.247,5753.595,11437.51,2845.394,10755.3277
,,,,,,,,1673,3677.079,367.6356,3440.326,1631.28,21224.855,8661.127,12151.64,2616.503,11164.3541
,,,,,,,,1674,4003.035,390.3261,3831.561,2229.369,22389.754,12405.98,12945.62,2921.341,11649.0759
,,,,,,,,1675,4136.98,407.8314,4080.004,2530.199,23400.461,14223.84,13176.18,3111.546,11845.6601
,,,,,,,,1676,4129.539,410.1089,4045.021,2525.936,23361.776,14999.32,13579.16,3241.124,11680.3227
,,,,,,,,1677,4087.017,393.1073,3927.626,2470.361,22605.768,15153.79,14133.81,3220.471,11356.233
,,,,,,,,1678,3958.386,372.6313,3729.185,2323.8,21360.868,14828.32,14024.75,3114.667,10915.2965
,,,,,,,,1679,3799.991,350.7492,3524.784,2171.384,19995.654,14771.38,13939.38,3085.407,10592.2843
,,,,,,,,1680,3661.793,327.8236,3343.948,2030.914,18887.324,15790.93,14828.3,3359.01,10307.7367
,,,,,,,,1681,3587.379,321.0836,3914.945,1978.55,18391.174,14646.19,14553.47,3136.913,10201.8585
,,,,,,,,1682,3531.036,309.7068,3650.665,1941.119,18351.22,13209.96,13010.67,2777.58,10158.8395
,,,,,,,,1683,3499.145,306.6041,3644.309,1933.825,18504.435,12362.79,12212.83,2549.42,10214.3233
,,,,,,,,1684,3531.036,310.3508,3727.532,2032.449,19140.24,12023.09,11967.58,2449.605,10515.2889
,,,,,,,,1685,3629.901,330.2553,3973.5,2200.803,20416.512,12688.98,12623.75,2517.818,11116.394
,,,,,,,,1686,3804.243,364.6209,4354.385,2441.069,22552.233,14465.05,14100.51,2845.215,11909.7679
,,,,,,,,1687,3759.998,386.4208,4635.843,2738.325,24284.249,17578.1,16154.58,3429.475,12331.6224
,,,,,,,,1688,3682.798,366.591,4186.56,2559.162,24999.614,18180,15735.22,3849.545,12313.9989
,,,,,,,,1689,3629.326,317.1483,3447.83,1954.378,24819.727,15416.12,13936.65,3267.466,12290.525
,,,,,,,,1690,3614.102,278.2485,2619.25,1538.801,24417.972,13186.53,10911.53,2125.067,10600.1405
,,,,,,,,1691,2819.845,251.8831,2035.952,1571.377,23982.728,10913.06,8173.868,1469.548,12156.0399
,,,,,,,,1692,2781.937,206.1385,1763.972,1404.613,23217.704,10782.85,6764.642,1099.396,11688.0751
,,,,,,,,1693,2065.603,261.9673,1674.585,1677.828,23103.022,9075.845,6382.969,875.4786,8515.8553
,,,,,,,,1694,2652.243,203.4034,1762.143,1243.021,22433.75,6944.429,6958.499,853.0853,7479.7767
,,,,,,,,1695,2616.12,242.675,2062.264,1502.26,22678.036,7254.548,7715.559,1129.403,9482.0715
,,,,,,,,1696,2965.421,277.0521,2539.241,1459.899,22881.208,8740.885,8512.323,1640.208,10715.3917
,,,,,,,,1697,3813.895,342.3896,3280.901,1867.688,23575.811,11609.46,11374.5,2374.789,11032.3835
,,,,,,,,1698,4305.306,417.2937,4008.258,2396.684,24422.192,14604.9,14080.68,3167.861,11887.5594
,,,,,,,,1699,4405.935,436.2374,4318.697,2700.915,25133.214,16341.94,14753.14,3496.013,12155.1502
,,,,,,,,1700,4333.647,437.4807,4215.775,2679.759,24751.736,16860.35,14963.54,3555.145,12025.0167
,,,,,,,,1701,4227.341,421.1417,4068.467,2594.52,23619.08,17016.21,15737.47,3524.768,11674.9393
,,,,,,,,1702,4065.756,395.5036,3856.512,2431.703,22090.512,16716.63,15862.74,3439.675,11218.4788
,,,,,,,,1703,3882.909,370.5095,3665.063,2253.99,20605.713,17130.54,16265,3495.79,10848.9729
,,,,,,,,1704,3741.522,343.6374,3415.885,2097.536,19458.062,16786.01,15914.01,3508.115,10597.9153
,,,,,,,,1705,3667.108,332.2606,3314.577,2026.9,19062.517,14994.48,14363.68,3144.853,10504.516
,,,,,,,,1706,3604.387,316.9466,3177.168,1964.031,19004.174,13398.27,12884.26,2767.562,10429.034
,,,,,,,,1707,3581,312.8096,3154.411,1962.154,19219.157,12417.55,11994.07,2492.617,10473.303
,,,,,,,,1708,3613.955,315.5221,3256.368,2015.628,19911.004,12059.36,11681.8,2384.68,10711.49
,,,,,,,,1709,3702.189,337.1141,3553.304,2212.075,21431.329,12782.63,12435.14,2446.616,11236.641
,,,,,,,,1710,3879.72,370.2549,4007.356,2485.357,23773.418,14653.98,13958.15,2763.252,12023.695
,,,,,,,,1711,3789.062,388.1176,4183.441,2769.416,25766.783,17583.76,15468.68,3219.953,11970.2862
,,,,,,,,1712,3222.619,328.6311,3598.15,2492.49,26230.454,17156.26,14411.28,2896.918,10682.8711
,,,,,,,,1713,2652.625,263.4794,2785.026,1897.354,25804.64,14272.96,11856.92,2436.798,9347.1925
,,,,,,,,1714,2392.961,211.6601,2144.697,1350.397,24706.28,11266,9634.935,1859.753,8317.1813
,,,,,,,,1715,2012.491,175.1832,1720.525,1015.008,23651.649,8232.594,7578.561,1307.526,7439.293
,,,,,,,,1716,2313.615,161.4512,1550.923,837.0905,22703.445,6388.676,5784.275,1016.008,8164.7429
,,,,,,,,1717,1865.81,164.5812,1522.27,792.5927,22428.726,5506.119,5495.754,822.2916,8521.8053
,,,,,,,,1718,2169.4,176.5302,1658.623,822.0305,21396.524,5350.798,6076.797,777.5713,7024.3609
,,,,,,,,1719,2292.673,210.3125,1967.752,1009.333,21299.135,6116.644,7125.492,1034.978,7700.2827
,,,,,,,,1720,2803.517,258.8611,2460.159,1345.132,21470.52,7585.798,7945.147,1525.105,8731.8089
,,,,,,,,1721,3484.771,332.9811,3182.192,1783.039,22398.294,10488.5,10850.99,2276.828,10297.3986
,,,,,,,,1722,4181.289,411.4692,3983.915,2356.418,23789.674,14036.83,13846.56,3072.978,11849.6932
,,,,,,,,1723,4365.539,434.1689,4345.15,2700.751,24671.606,16154.78,14796.7,3457.527,12091.7897
,,,,,,,,1724,4335.773,443.296,4341.285,2728.783,24592.881,16934.38,15315.35,3549.256,12019.8646
,,,,,,,,1725,4246.476,429.0347,4205.56,2660.765,23617.922,17156.3,16047.32,3527.846,11741.8392
,,,,,,,,1726,4084.891,404.4216,4044.177,2542.072,22116.295,16929.4,16137.6,3482.261,11256.2721
,,,,,,,,1727,3916.927,376.7058,3824.346,2344.811,20725.036,17224,16644.28,3530.02,10899.8933
,,,,,,,,1728,3759.594,349.8337,3613.198,2175.113,19679.436,16876.18,16259.5,3557.664,10635.7593
,,,,,,,,1729,3692.622,333.4854,3589.715,2091.421,19516.553,14869.99,15903.45,3262.868,10522.762
,,,,,,,,1730,3633.09,322.9616,3437.431,2063.056,19493.951,13358.39,14014.08,2854.957,10499.612
,,,,,,,,1731,3615.018,317.7903,3414.68,2030.713,19720.614,12402.63,13035.67,2597.999,10560.841
,,,,,,,,1732,3655.414,320.5028,3513.736,2078.686,20414.552,12013.93,12682.09,2471.149,10862.936
,,,,,,,,1733,3752.153,340.2168,3787.115,2266.339,21869.174,12687.72,13368.76,2533.063,11578.607
,,,,,,,,1734,3934.999,376.4604,4192.12,2489.383,24030.08,14507.79,14732.19,2850.573,12505.834
,,,,,,,,1735,3853.908,387.4186,4400.447,2743.096,26084.011,17335.49,16111.18,3185.17,12329.6528
,,,,,,,,1736,3263.015,329.6289,3773.531,2444.919,26509.316,17344.43,15200.72,2939.814,10848.4338
,,,,,,,,1737,2708.606,263.3294,2893.071,1902.781,25752.837,14524.88,12513.96,2366.802,9544.3033
,,,,,,,,1738,2288.101,210.2946,2127.444,1416.844,24628.112,11842.66,9792.554,1833.753,8459.7982
,,,,,,,,1739,1977.41,171.9305,1718.882,1138.162,23256.051,9105.992,6749.099,1172.954,7603.4471
,,,,,,,,1740,1865.108,155.105,1559.207,982.8665,22446.78,7110.422,5585.637,917.4439,7118.6227
,,,,,,,,1741,1833.918,156.2435,1535.8,907.2101,21559.174,6423.264,5356.17,843.8026,6999.9793
,,,,,,,,1742,1988.36,174.2439,1739.826,949.2111,21201.264,6184.177,6021.475,806.2563,7164.2771
,,,,,,,,1743,2288.761,213.479,1976.008,1073.518,20815.528,6845.157,7066.825,1110.242,7740.6421
,,,,,,,,1744,2792.164,264.3231,2456.446,1360.328,21000.384,8052.971,7800.77,1613.821,8677.3674
,,,,,,,,1745,3416.373,339.4681,3226.988,1794.64,21863.178,10992.92,10949.86,2343.176,10237.6922
,,,,,,,,1746,4069.667,416.2594,4039.872,2396.713,22861.807,14304.05,13876.19,3133.483,11751.4287
,,,,,,,,1747,4285.809,441.209,4340.887,2707.94,23780.231,16292.95,14849.17,3456.579,12017.0562
,,,,,,,,1748,4270.926,441.6085,4258.629,2682.583,23648.707,16744.31,15185.7,3518.641,11992.164
,,,,,,,,1749,4200.764,427.3472,4113.25,2597.756,22963.596,17059.75,15875.29,3504.406,11777.0173
,,,,,,,,1750,4050.873,405.6464,3928.713,2480.75,21662.286,16830,15968.59,3422.922,11316.5323
,,,,,,,,1751,3869.09,379.8178,3685.324,2285.755,20276.27,17078.95,16446.9,3480.757,10948.6355
,,,,,,,,1752,3746.838,348.1462,3441.94,2126.563,19364.242,16672.74,15990.19,3485.667,10671.4515
,,,,,,,,1753,3661.793,447.3901,3541.073,2217.633,18917.164,15843.5,15312.17,3322.281,10529.633
,,,,,,,,1754,3610.766,406.8184,3520.087,2221.397,18901.911,14466.01,14025.76,2961.184,10496.618
,,,,,,,,1755,3592.694,401.6471,3580.552,2240.756,19055.234,13532.01,13332.4,2717.779,10484.9
,,,,,,,,1756,3629.901,414.5933,3741.203,2318.205,19715.923,13227.87,13177.64,2594.568,10804.956
,,,,,,,,1757,3730.892,451.3906,4068.855,2506.332,21253.46,13932.65,13970.85,2664.575,11316.844
,,,,,,,,1758,3913.738,486.4094,4549.358,2726.223,23348.588,15690.23,15524.99,2967.709,12139.474
,,,,,,,,1759,3812.449,500.9423,4797.006,2966.219,25081.984,18279.65,17231.52,3428.973,12057.1705
,,,,,,,,1760,3253.086,420.8348,4093.037,2691.821,25595.286,17794.03,15830.49,3924.18,10607.1979
,,,,,,,,1761,2717.813,302.8721,2992.155,2067.973,24673.943,15067.88,12758.45,2602.824,9226.832
,,,,,,,,1762,2270.029,252.5415,2275.592,1528.979,23610.291,12156.51,10111.83,3969.37,8137.5096
,,,,,,,,1763,1948.006,232.4453,1853.507,1149.955,22588.709,9423.35,7419.996,3053.929,7314.0617
,,,,,,,,1764,1827.199,205.6989,1687.352,949.3594,21656.144,7508.593,5936.389,1845.081,6958.8083
,,,,,,,,1765,1815.846,215.9146,1640.849,894.9229,20727.914,6764.328,5746.825,1225.569,7793.2607
,,,,,,,,1766,1964.973,232.7765,1860.166,924.1229,20188.878,6529.202,6521.166,1231.062,8083.7757
,,,,,,,,1767,2264.31,261.4738,2161.066,1096.592,19831.836,7346.938,7384.812,1198.083,8472.4828
,,,,,,,,1768,2748.578,286.8507,2677.93,1389.207,19951.274,8536.43,8048.977,2210.804,9929.1539
,,,,,,,,1769,3362.157,339.2688,3416.927,1823.807,20910.295,11328.98,10867.78,2524.228,10309.7796
,,,,,,,,1770,3993.127,401.5077,4111.986,2380.069,22028.196,14510.57,13709.62,3273.25,11635.2662
,,,,,,,,1771,4197.575,429.56,4392.746,2655.188,22976.333,16168.67,14687.85,3579.359,11978.0036
,,,,,,,,1772,4198.638,440.5742,4312.657,2667.875,23088.985,16832.28,15255.2,3625.434,11926.9916
,,,,,,,,1773,4128.476,425.9319,4177.733,2578.184,22467.901,17092.26,16191.15,3596.028,11553.8554
,,,,,,,,1774,3972.206,401.3188,4026.25,2462.867,21297.147,16934.68,16531.68,3484.157,11161.2735
,,,,,,,,1775,3793.612,380.2805,3836.724,2276.749,20056.643,17278.76,17204.75,3557.339,10748.381
,,,,,,,,1776,3680.928,349.4527,3664.98,2157.065,19072.573,16994.58,16969.04,3592.842,10387.673
,,,,,,,,1777,3602.261,336.0166,3553.053,2084.906,18722.536,15261.22,15387.58,3229.535,10223.761
,,,,,,,,1778,3541.667,335.9171,3527.805,2089.308,18527.611,13941.54,14226.99,2884.601,10124.293
,,,,,,,,1779,3523.595,333.2771,3558.362,2112.292,18714.871,13165.68,13439.85,2642.99,10118.065
,,,,,,,,1780,3553.361,338.7113,3687.736,2188.028,19336.455,12903.69,13208.45,2532.385,10343.805
,,,,,,,,1781,3652.225,362.1721,4005.337,2338.912,20753.616,13539.57,13893.03,2601.523,10856.238
,,,,,,,,1782,3822.315,398.8784,4408.816,2592.646,22700.338,15321.69,15385.42,2903.812,11618.3921
,,,,,,,,1783,3752.556,420.9233,4628.563,2832.283,24566.784,17886.96,16898.3,3266.287,11525.1382
,,,,,,,,1784,3183.987,367.8016,4014.889,2555.7,25014.146,17554.62,15793.96,3014.211,10373.2473
,,,,,,,,1785,2656.155,286.3194,3018.191,1949.095,24345.132,15255.14,12807.06,2509.656,9280.056
,,,,,,,,1786,2246.28,231.901,2447.305,1434,23238.055,12550.21,10340.1,2031.836,8323.1902
,,,,,,,,1787,1998.651,201.5527,2107.093,1079.382,22049.192,9665.101,8176.665,1521.393,7742.1653
,,,,,,,,1788,1879.97,187.0997,1901.719,904.0623,20913.082,7898.888,6787.688,1316.654,7538.2207
,,,,,,,,1789,1860.473,190.5065,1915.536,839.4918,20098.281,6969.039,6488.434,1210.547,7557.5963
,,,,,,,,1790,2062.753,209.8087,2123.657,868.8964,19371.711,6699.177,7148.704,1201.623,7901.5971
,,,,,,,,1791,2350.758,239.5403,2475.052,1042.083,19060.858,7396.827,7971.781,1503.895,8457.013
,,,,,,,,1792,2883.927,296.1724,2995.568,1335.545,19349.388,8561.854,8776.686,1878.463,9308.6204
,,,,,,,,1793,3397.238,357.5542,3717.843,1803.598,20156.158,11502.11,11869.81,2663.365,10677.2939
,,,,,,,,1794,3967.614,428.217,4400.457,2309.208,20912.234,14763.87,14552.4,3513.636,11992.3742
,,,,,,,,1795,4158.242,442.1707,4462.362,2550.485,22024.948,16015.92,14743.04,3731.71,12172.698
,,,,,,,,1796,4129.539,444.0673,4301.799,2555.818,21973.307,16291.31,14707.96,3590.285,11950.766
,,,,,,,,1797,4052.999,417.3857,4075.379,2467.177,21459.249,16557.18,15564.99,3537.54,11751.6736
,,,,,,,,1798,3919.053,396.7191,3916.335,2353.961,20553.114,16422.21,15656.86,3416.6,11323.2218
,,,,,,,,1799,3761.72,370.7,3642.476,2201.073,19507.095,16679.88,16078.08,3447.986,10905.62
,,,,,,,,1800,3632.027,344.0092,3466.463,2009.951,18666.717,16069.08,15415.76,3418.019,10512.218
,,,,,,,,1801,3552.298,331.4169,3342,1928.147,18221.844,14783.65,14343.03,3137.919,10306.362
,,,,,,,,1802,3491.703,320.0401,3294.562,1941.143,18010.565,13627.16,13278.09,2833.738,10152.917
,,,,,,,,1803,3461.938,314.4878,3265.46,1913.227,18011.919,12750.81,12348.41,2567.127,10073.486
,,,,,,,,1804,3481.073,317.8628,3323.593,1942.266,18386.335,12225.6,11956.25,2421.232,10141.565
,,,,,,,,1805,3523.595,326.5903,3492.927,2061.961,19112.129,12138.55,12023.34,2387.892,10385.204
,,,,,,,,1806,3609.703,345.6418,3742.186,2206.068,20177.206,12667.44,12555.52,2476.657,10811.0635
,,,,,,,,1807,3453.135,366.1267,3968.364,2399.657,21604.072,14081.85,13242.01,2624.483,10664.9647
,,,,,,,,1808,2921.411,316.5115,3598.842,2231.214,22156.764,13757.39,11901.15,2194.233,9848.3106
,,,,,,,,1809,2459.127,272.2401,2929.218,1711.231,21726.236,11571.17,9734.791,1630.252,8836.421
,,,,,,,,1810,2092.838,233.7213,2395.784,1250.053,20905.022,9564.253,7595.831,1181.196,8035.9282
,,,,,,,,1811,1886.668,204.7881,2078.956,943.0848,19694.401,7245.675,5623.289,864.4269,7543.5971
,,,,,,,,1812,1809.447,188.5435,1912.705,775.6953,18550.461,5958.698,4786.064,741.95,7360.0003
,,,,,,,,1813,1832.111,197.0444,2016.777,793.5294,17925.283,5530.397,4948.354,768.5154,7547.7327
,,,,,,,,1814,1997.545,221.3274,2183.369,908.165,17469.813,6160.061,5769.208,758.2476,8048.82
,,,,,,,,1815,2331.262,254.1618,2518.626,1020.651,17510.663,7336.127,7144.219,1040.922,8726.34
,,,,,,,,1816,2812.702,308.3211,3009.935,1378.165,17872.095,8244.756,7981.339,1446.254,9669.4036
,,,,,,,,1817,3379.868,365.9377,3647.501,1861.208,18696.306,11159.96,10739.6,2197.746,10787.2113
,,,,,,,,1818,3909.146,429.923,4214.645,2271.764,19748.344,13267.91,13064.83,2887.707,12117.2929
,,,,,,,,1819,4097.647,430.6127,4399.084,2479.407,20757.026,14503.83,13714.1,3192.363,12299.5942
,,,,,,,,1820,4073.197,428.3722,4225.575,2489.191,20731.98,15248.71,13825.74,3276.023,12071.2249
,,,,,,,,1821,3974.333,408.7399,4012.106,2410.503,20157.843,15374.25,13938.06,3175.611,11547.3038
,,,,,,,,1822,3834.009,385.1611,3812.536,2260.766,19430.513,15015.07,14128.01,3118.306,11177.4875
,,,,,,,,1823,3673.486,362.426,3558.54,2128.724,18553.476,14536.51,14078.58,3030.3,10798.197
,,,,,,,,1824,3539.541,337.6131,3374.815,1939.952,17728.167,15101.81,14605.41,3206.773,10427.88
,,,,,,,,1825,3464.063,327.0893,3627.429,1923.604,17364.816,15041.9,14560.03,3134.486,10228.833
,,,,,,,,1826,3403.469,311.7661,3520.332,1894.577,17121.625,13747.6,13551.94,2825.77,10053.064
,,,,,,,,1827,3371.577,307.2573,3475.39,1884.461,17158.779,12705.29,12691.03,2568.177,9984.732
,,,,,,,,1828,3382.208,302.086,3510.929,1880.094,17459.72,11996.48,12205.96,2402.452,10018.472
,,,,,,,,1829,3417.289,306.0233,3591.258,1944.651,18044.049,11761.52,12033.69,2343.003,10198.025
,,,,,,,,1830,3474.694,320.947,3738.005,2015.159,19014.793,12044.88,12293.52,2404.873,10651.6469
,,,,,,,,1831,3336.198,331.4796,3924.21,2171.301,20318.192,13553.64,12733.55,2461.991,10364.6237
,,,,,,,,1832,2817.232,293.6541,3527.933,2002.138,20824.906,13166.96,11362.13,2116.71,9632.9993
,,,,,,,,1833,2404.55,253.5742,2870.032,1552.312,20420.481,11291.18,9259.963,1503.667,8753.913
,,,,,,,,1834,2111.25,214.9419,2221.465,1151.677,19640.008,8920.443,6986.694,1055.743,8063.6332
,,,,,,,,1835,2170.782,192.2144,1742.386,858.7499,18681.91,6516.987,4708.288,581.2864,7796.8115
,,,,,,,,1836,1894.47,184.3386,1510.891,681.5617,17956.021,5073.981,3889.177,436.6934,7767.814
,,,,,,,,1837,1950.09,192.9075,1574.17,683.0092,17090.151,4617.293,3896.952,370.894,7920.061
,,,,,,,,1838,2136.083,219.2589,1782.271,813.3384,16753.561,5033.428,4693.141,421.1245,8325.222
,,,,,,,,1839,2476.179,255.84,2111.336,1091.276,16749.263,6257.061,5824.065,805.7294,9039.335
,,,,,,,,1840,2935.294,308.7838,2574.817,1320.125,17138.682,7684.315,7217.107,1199.735,10021.997
,,,,,,,,1841,3475.182,366.4004,3250.969,1866.043,17944.736,10593.59,10413.63,2011.492,11188.3493
,,,,,,,,1842,3958.046,438.5463,3978.511,2328.042,18933.427,13553.31,12684.66,2828.726,12466.53
,,,,,,,,1843,4147.611,455.707,4239.169,2538.523,19789.083,14853.8,13595.57,3143.903,12887.051
,,,,,,,,1844,4124.224,438.3337,4164.074,2568.516,19909.212,15391.44,13861.13,3220.732,12377.5761
,,,,,,,,1845,3994.531,413.9112,3965.229,2509.765,19499.543,15581.35,14153.93,3203.01,11958.5355
,,,,,,,,1846,3830.819,389.2981,3734.949,2308.55,18628.012,15381.32,14163.16,3092.22,11320.7565
,,,,,,,,1847,3644.784,364.4945,3525.169,2184.889,17316.656,15186.28,14161.39,3029.808,10760.694
,,,,,,,,1848,3492.766,339.4911,3362.108,2046.355,16595.499,16118.44,15122.23,3308.792,10325.6401
,,,,,,,,1849,3417.289,322.9616,3254.596,2054.323,16044.365,15055.48,14101.96,3101.889,10121.863
,,,,,,,,1850,3363.073,308.6726,3245.188,1996.99,15983.805,13627.15,12987.51,2759.645,9997.327
,,,,,,,,1851,3356.695,304.345,3329.211,2022.264,16250.598,12737.94,12317.77,2526.95,9980.693
,,,,,,,,1852,3396.028,304.1453,3501.439,2088.734,17110.919,12434.23,12166.82,2414.5,10192.621
,,,,,,,,1853,3497.018,322.825,3836.407,2262.754,18616.878,13268.43,12889.34,2477.311,10705.881
,,,,,,,,1854,3663.919,354.0879,4232.167,2490.413,20647.607,15076.85,14348.62,2795.741,11437.5867
,,,,,,,,1855,3579.639,373.6015,4483.819,2731.271,22080.608,18072.28,16226.19,3256.925,11479.1202
,,,,,,,,1856,3109.212,343.2653,4101.021,2582.83,22388.59,19063.52,16655.31,3895.41,11134.7919
,,,,,,,,1857,2679.521,290.9509,3347.695,2213.646,21585.474,17852.97,14319.96,3506.678,9677.801
,,,,,,,,1858,2379.482,252.3094,2774.254,1825.368,20827.667,15680.89,11882.04,1980.198,8716.619
,,,,,,,,1859,2499.948,235.7688,2365.753,1494.51,19910.338,12973.14,9377.528,1400.702,8458.786
,,,,,,,,1860,2543.534,226.7454,2202.489,1328.239,19228.088,11480.77,8493.074,1070.586,8387.507
,,,,,,,,1861,2602.342,237.5732,2189.343,1423.632,18610.619,11086.08,7894.53,892.0766,8684.902
,,,,,,,,1862,2855.288,246.791,2380.827,1424.564,18456.409,11646.14,7929.881,982.2995,9107.406
,,,,,,,,1863,3025.676,291.6555,2958.079,1657.385,18461.8,12475.2,10313.62,1767.721,9835.807
,,,,,,,,1864,3357.968,344.3411,3014.972,1920.152,18628.388,13273.06,9746.538,1612.449,10685.68
,,,,,,,,1865,3709.736,408.309,3786.05,2167.066,19290.218,14637.51,12746.49,2435.791,11770.995
,,,,,,,,1866,4104.749,468.5251,4308.545,2552.37,19810.069,15487.66,14670.74,3209.043,12864.764
,,,,,,,,1867,4298.566,483.1414,4619.078,2800.923,20337.256,16466.23,15433.34,3523.069,13168.459
,,,,,,,,1868,4269.863,464.5526,4527.014,2804.319,20019.483,17025.84,15605.68,3545.543,12874.0797
,,,,,,,,1869,4123.161,450.282,4369.497,2642.388,19568.772,17360.85,16271.06,3541.595,12329.9148
,,,,,,,,1870,3913.738,419.4727,4183.433,2411.261,18651.099,17281.14,16452.02,3453.126,11691.9529
,,,,,,,,1871,3693.685,391.1946,4109.769,2237.561,17410.637,17738.71,17100.47,3489.512,11133.845
,,,,,,,,1872,3498.082,356.0484,3937.464,2199.857,16684.711,17558.38,16868.83,3501.912,10628.024
,,,,,,,,1873,3417.289,341.3877,4030.404,2184.051,16182.219,16014.28,15679.17,3170.115,10394.895
,,,,,,,,1874,3342.875,325.0301,4009.418,2148.556,16085.246,14488.33,14467.65,2791.031,10197.134
,,,,,,,,1875,3317.361,317.7903,4030.888,2173.581,16211.114,13605.67,13756.59,2552.059,10199.321
,,,,,,,,1876,3377.956,318.4343,4188.645,2240.299,16931.485,13511.49,13700.5,2455.802,10383.599
,,,,,,,,1877,3493.829,336.9236,4521.683,2402.988,18453.828,14330.91,14533.94,2548.279,10855.631
,,,,,,,,1878,3634.153,369.0302,4988.118,2633.61,20422.512,16202.68,16183.29,2888.282,11613.065
,,,,,,,,1879,3630.645,396.1513,5254.418,2807.211,21676.554,18964.63,18315.62,3274.175,11388.6328
,,,,,,,,1880,3541.411,412.2812,4853.917,2672.241,21920.968,20011.69,18382.95,3758.498,11052.036
,,,,,,,,1881,3410.016,380.7571,4024.749,2222.498,21140.268,18162.55,15377.93,3409.651,10492.601
,,,,,,,,1882,2848.888,384.4852,3492.253,1863.814,20343.81,17148.56,14659.94,3719.612,9685.255
,,,,,,,,1883,2986.002,385.7545,2926.691,1538.868,19602.883,13332.4,13729.82,2993.139,9118.5
,,,,,,,,1884,3281.81,422.7705,2018.861,1724.699,18772.06,12626.08,12182.05,1119.706,8498.486
,,,,,,,,1885,3396.94,414.9088,3289.437,1412.789,18213.695,12847.02,11790.89,1473.205,8614.855
,,,,,,,,1886,3796.184,264.4521,3635.16,1288.288,18322.101,9620.954,12558.64,3520.573,9474.662
,,,,,,,,1887,3666.15,250.6664,3497.472,1644.269,18301.11,10362.32,12110.2,1961.095,10261.609
,,,,,,,,1888,3785.532,300.1721,3458.18,1998.776,18869.215,12050.01,11919.15,1565.299,10899.699
,,,,,,,,1889,3970.803,352.9944,3563.071,2191.481,19307.791,13586.32,13228.27,2305.889,11627.218
,,,,,,,,1890,4090.206,417.08,4077.852,2520.181,19819.349,14886.59,13951.86,3200.604,12566.0916
,,,,,,,,1891,4246.476,449.6735,4371.357,2782.779,20237.133,16298.11,14857.59,3458,12962.5773
,,,,,,,,1892,4229.467,454.6728,4327.936,2796.352,20028.682,16960.21,15284.33,3525.94,12711.2699
,,,,,,,,1893,4123.161,435.2402,4200.73,2642.99,19368.135,17306.62,16180.61,3513.236,12375.9788
,,,,,,,,1894,3959.45,411.4801,4030.506,2482.25,18437.314,17117.69,16373.96,3462.482,11688.8847
,,,,,,,,1895,3777.666,382.5396,3885.203,2263.565,17200.405,17609.06,16902.43,3515.935,11124.618
,,,,,,,,1896,3598.009,352.5647,3860.597,2156.712,16462.977,17349.75,16906.08,3539.831,10677.156
,,,,,,,,1897,3518.28,336.4069,3791.53,2055.385,16595.912,15611.28,15599.17,3212.496,10429.48
,,,,,,,,1898,3464.063,323.9958,3835.43,2031.034,16448.497,14192.19,14540.44,2864.924,10272.781
,,,,,,,,1899,3431.109,319.6683,3949.204,2045.553,16504.676,13371.46,14022.04,2669.2,10227.34
,,,,,,,,1900,3470.442,320.3123,4166.613,2103.867,17537.527,13055.36,14099.64,2599.948,10378.564
,,,,,,,,1901,3559.739,341.0514,4493.307,2294.259,19000.087,13807.23,15004.13,2683.406,10875.222
,,,,,,,,1902,3699,370.2457,4898.715,2515.863,20968.204,15605.54,16482.54,2999.146,11638.626
,,,,,,,,1903,3778.028,382.0568,5159.251,2715.205,22596.002,18239.6,18098.09,3447.016,11410.4919
,,,,,,,,1904,3478.01,366.7816,4823.001,2397.865,22918.339,18218.45,18668.02,3392.066,10338.996
,,,,,,,,1905,2710.711,332.962,4206.557,1921.983,21139.593,15419.28,16209.55,3386.67,9378.149
,,,,,,,,1906,2806.026,379.9307,3773.792,1472.097,20020.071,12614.53,14350.12,2486.267,8342.649
,,,,,,,,1907,2511.642,318.549,3124.331,1158.571,19283.776,9347.781,12430.24,1913.271,7711.284
,,,,,,,,1908,2362.495,305.8605,3147.905,988.7568,18647.564,7620.222,10428.12,1248.779,7329.344
,,,,,,,,1909,2391.176,260.7691,2829.888,957.9818,18293.093,6738.855,7737.252,2183.608,8517.432
,,,,,,,,1910,2249.81,245.5634,2506.844,979.4833,18191.334,6219.811,11092.37,2963.679,9836.1
,,,,,,,,1911,2592.01,268.1322,2819.123,1085.173,18101.852,6835.245,10833.8,3226.425,10557.147
,,,,,,,,1912,2966.463,324.9143,3235.083,1354.105,18493.833,7851.443,11228.53,2622.143,10525.2458
,,,,,,,,1913,3561.97,365.7014,3867.247,1801.62,19292.335,11415.44,12180.1,2356.334,10697.4787
,,,,,,,,1914,4059.739,430.0857,4225.845,2391.086,19712.382,14084.35,13718.81,3042.299,11745.2502
,,,,,,,,1915,4261.359,459.1723,4435.442,2722.732,20268.864,16298,14825.99,3431.411,11923.7152
,,,,,,,,1916,4236.908,461.2593,4336.776,2705.779,19950.233,17068.86,15081.9,3524.146,11799.3963
,,,,,,,,1917,4136.98,443.8953,4196.222,2627.48,19157.483,17292.02,15924.97,3548.814,11523.3565
,,,,,,,,1918,3961.576,418.9104,4025.595,2479.984,18760.291,17284.77,16232.73,3545.713,11102.0189
,,,,,,,,1919,3784.045,388.0918,3833.181,2306.698,17710.45,17706.31,16686.42,3608.345,10691.447
,,,,,,,,1920,3612.892,358.9607,3621.478,2197.331,16663.921,17497.16,16528.38,3650.387,10394.306
,,,,,,,,1921,3528.91,339.6909,3628.868,2161.291,16880.259,16027.59,15067.14,3196.07,10291.758
,,,,,,,,1922,3454.496,325.2206,3617.933,2148.496,16405.069,14625.14,13760.31,2818.78,10237.781
,,,,,,,,1923,3418.352,319.8589,3813.959,2177.947,16732.259,13822.47,13262.9,2575.375,10244.229
,,,,,,,,1924,3453.433,320.5028,4015.938,2258.712,17611.846,13649.23,13239.72,2473.737,10549.876
,,,,,,,,1925,3553.361,339.1733,4370.043,2469.289,19199.375,14508.46,14196.01,2554.607,11205.741
,,,,,,,,1926,3674.55,369.2114,4863.492,2710.581,21096.763,16364.58,15777.15,2895.558,12004.589
,,,,,,,,1927,3525.083,379.8748,5068.621,2983.729,22434.471,19393.19,17523.15,3198.382,11834.3924
,,,,,,,,1928,3070.601,331.5434,4304.073,2811.572,22519.272,19910.87,16591.13,2910.736,10551.633
,,,,,,,,1929,2669.613,272.4836,3147.229,2367.638,21398.325,18881.17,14132.52,2366.096,9289.692
,,,,,,,,1930,2350.801,232.7494,2383.947,2026.407,20702.019,16865.43,11641.25,2002.404,8299.633
,,,,,,,,1931,2179.35,203.5395,1898.062,1796.466,20230.682,13181.93,7553.925,1285.55,7598.196
,,,,,,,,1932,2046.148,192.8425,1674.256,1553.145,19543.414,12664.58,6453.944,926.9323,7214.3281
,,,,,,,,1933,2080.506,203.031,1622.086,1526.208,19273.961,12333.11,6635.418,770.4267,7108.7221
,,,,,,,,1934,2200.59,223.177,1770.009,1709.052,19127.303,12699.54,7999.009,733.4843,7410.3243
,,,,,,,,1935,2518,258.2385,2084.257,1800.426,19284.303,13025.6,8112.477,983.4825,7881.31
,,,,,,,,1936,2999.801,310.3479,2581.872,1966.168,19517.888,12996.35,8721.542,1485.684,8745.2395
,,,,,,,,1937,3584.677,375.023,3341.456,2206.655,19633.768,14407.6,10871.28,2655.939,10173.5585
,,,,,,,,1938,4086.677,448.0491,3993.969,2491.191,19990.712,15304.45,13509.19,3031.872,11532.5545
,,,,,,,,1939,4267.737,479.2041,4333.889,2670.224,20434.34,16249,14492.63,3392.813,11901.2941
,,,,,,,,1940,4249.665,478.8416,4320.375,2695.742,20096.805,16941.7,15085.13,3510.599,11804.4062
,,,,,,,,1941,4122.098,458.1843,4215.36,2625.848,19378.568,17200.3,15996.78,3497.283,11503.3231
,,,,,,,,1942,3954.134,427.1752,4073.115,2468.733,18619.768,17259.96,16260.63,3464.275,11100.9087
,,,,,,,,1943,3746.838,398.0533,3882.631,2255.714,17443.457,17482.54,16762.96,3533.87,10717.9
,,,,,,,,1944,3584.189,359.995,3664.174,2125.111,16634.588,17297.05,16452.51,3565.735,10369.23
,,,,,,,,1945,3487.451,341.5782,3738.373,1956.677,16460.292,14945.92,15493.81,3241.141,10256.5
,,,,,,,,1946,3424.73,327.0986,3682.252,1925.962,16321.911,13444.99,14230.7,2878.221,10194.627
,,,,,,,,1947,3368.388,318.8246,3694.074,1941.945,16356.298,12461.49,13400.5,2632.075,10215.123
,,,,,,,,1948,3398.154,317.4001,3786.384,2000.01,17079.582,12020.54,13216.32,2525.085,10488.177
,,,,,,,,1949,3498.082,333.1676,4040.467,2156.56,18417.785,12661.97,13814.46,2579.796,11012.567
,,,,,,,,1950,3625.649,363.2056,4434.298,2394.287,20865.691,14458.43,15229.35,2871.272,11812.845
,,,,,,,,1951,3543.133,373.869,4656.984,2572.827,22401.22,17099.18,16800.98,3129.739,11700.2699
,,,,,,,,1952,3200.252,332.0154,4570.783,2416.17,23129.53,18392.39,16768.67,2896.519,11099.2589
,,,,,,,,1953,2649.054,279.8144,3881.492,2115.169,22091.327,17385.79,15844.04,2405.293,9531.712
,,,,,,,,1954,2585.313,241.2864,3012.37,1962.375,20693.001,14841.61,12472.07,2007.348,8083.68
,,,,,,,,1955,2215.834,216.2905,2658.936,1630.858,19848.164,12018.42,9648.16,1461.743,7454.529
,,,,,,,,1956,2013.554,222.6269,2507.535,1403.703,19181.583,9803.168,7812.054,983.2112,7088.1624
,,,,,,,,1957,2050.039,232.6016,2570.06,1011.259,18584.701,7362.128,7729.156,720.9771,6940.0756
,,,,,,,,1958,2573.279,262.5817,3174.761,991.3085,18347.245,6771.584,8906.209,748.7658,7254.343
,,,,,,,,1959,3462.467,309.32,3354.542,1121.775,18118.444,6778.539,8013.928,1203.367,7812.596
,,,,,,,,1960,3072.068,374.1219,3368.694,1535.488,18485.745,8364.287,10197.64,1729.468,9024.2172
,,,,,,,,1961,3505.309,429.0127,3715.483,1908.213,18969.43,10867.68,12333.64,2426.506,10265.2728
,,,,,,,,1962,3983.921,479.9204,3984.152,2311.251,19425.44,13856.61,13712.02,3000.719,11556.4852
,,,,,,,,1963,4188.007,499.8984,4233.703,2582.057,19955.006,15617.69,14276.77,3313.848,11848.4923
,,,,,,,,1964,4175.251,496.8142,4182.16,2574.146,19697.573,16197.05,14568.91,3386.826,11799.7419
,,,,,,,,1965,4083.828,462.8929,4028.501,2500.298,19083.465,16478.21,15408.46,3464.161,11512.4755
,,,,,,,,1966,3934.999,437.908,3876.211,2381.027,18366.071,16446.77,15726.36,3476.093,11165.2179
,,,,,,,,1967,3754.279,406.8989,3705.987,2198.723,17426.269,16813.46,16162.45,3510.221,10788.136
,,,,,,,,1968,3586.315,372.787,3516.468,2010.753,16675.141,16105.69,15705.18,3493.756,10442.722
,,,,,,,,1969,3497.018,352.4737,3393.941,1958.814,16320.342,15050.01,14544.79,3155.957,10262.705
,,,,,,,,1970,3402.406,333.6759,3369.095,1938.829,16031.061,13865.29,13546.73,2884.212,10126.024
,,,,,,,,1971,3349.253,324.1771,3440.571,1955.45,15997.231,12912.71,12916.75,2634.822,10085.156
,,,,,,,,1972,3357.758,318.8153,3559.736,1973.12,16444.971,12261.71,12763.63,2542.857,10203.588
,,,,,,,,1973,3403.469,322.562,3710.739,2050.345,17282.579,12142.31,12806.55,2521.226,10500.074
,,,,,,,,1974,3465.127,341.4231,3992.801,2161.66,18273.001,12639.27,13336.66,2614.527,10981.5992
,,,,,,,,1975,3288.722,349.9277,4201.316,2338.867,19094.728,13994.37,13809.38,2707.818,10730.025
,,,,,,,,1976,2805.899,307.389,3680.5,2125.036,19856.094,13535.4,12101.35,2261.947,9794.9889
,,,,,,,,1977,2431.488,271.5503,2906.253,1759.293,19989.297,11874.12,9534.041,1620.189,8796.978
,,,,,,,,1978,2124.73,238.8653,2231.285,1420.938,19357.047,9070.55,7213.663,1401.161,7901.888
,,,,,,,,1979,1952.578,240.1896,1728.263,1096.434,18586.714,6811.552,4855.061,931.2614,7320.4733
,,,,,,,,1980,1922.471,214.0917,1443.987,899.2197,18298.452,5047.951,3613.938,493.597,7142.7233
,,,,,,,,1981,1940.182,212.6625,1372.112,837.0615,17848.424,5261.675,3426.309,259.6223,7062.2121
,,,,,,,,1982,2096.048,235.9882,1482.97,941.3662,17533.183,6691.32,4011.265,233.6869,7459.8471
,,,,,,,,1983,2396.811,272.4651,1786.265,1253.079,17413.294,7677.435,5420.484,549.5414,8292.213
,,,,,,,,1984,2840.342,339.8885,2306.662,1471.203,17483.432,7459.095,6592.768,1074.122,9195.1572
,,,,,,,,1985,3472.694,402.6763,3009.375,1755.478,18051.723,10017.17,9448.99,1863.489,10476.0172
,,,,,,,,1986,3922.965,452.5538,3688.288,2195.083,19017.229,12129.19,12068.75,2599.133,11769.0118
,,,,,,,,1987,4099.773,475.9294,4009.873,2471.64,19540.306,13951.1,13038.44,2960.105,12008.4776
,,,,,,,,1988,4074.26,471.9921,3976.66,2484.576,19432.974,14901.7,13469.83,3094.88,11679.9039
,,,,,,,,1989,3980.711,442.0173,3854.846,2423.334,19087.541,15110.87,14016.98,3142.432,11318.8428
,,,,,,,,1990,3847.828,415.1544,3739.212,2322.396,18425.589,14921.84,14025.14,3078.849,10899.9986
,,,,,,,,1991,3686.243,385.3608,3548.892,2171.833,17496.929,14725.65,13960.69,3011.52,10542.924
,,,,,,,,1992,3536.352,355.1954,3398.373,2026.359,16599.139,15254.03,14565.19,3190.684,10242.101
,,,,,,,,1993,3460.874,335.7351,3302.847,1887.376,16371.444,14498.08,13989.07,3098.485,10091.352
,,,,,,,,1994,3401.343,319.1964,3236.674,1843.641,16203.95,13309.72,12955.62,2799.713,9965.439
,,,,,,,,1995,3334.37,312.8003,3265.857,1840.465,16242.273,12393.13,12091.52,2541.224,9929.16
,,,,,,,,1996,3342.875,306.4043,3342.724,1845.141,16750.697,11736.59,11784.95,2394.381,10021.885
,,,,,,,,1997,3371.577,307.2388,3472.099,1912.024,17559.684,11543.72,11747.77,2340.365,10264.867
,,,,,,,,1998,3409.847,322.1625,3710.745,2032.108,18530.951,11977.89,12186.62,2433.722,10694.1508
,,,,,,,,1999,3188.092,325.4959,3887.825,2204.353,19449.619,13162.31,12501.41,2518.309,10364.2212
,,,,,,,,2000,2703.144,285.4977,3415.358,2100.14,20260.033,13233.74,10678.57,2003.395,9420.5511
,,,,,,,,2001,2297.202,247.5997,2658.343,1831.255,20266.638,12066.44,8191.958,1394.544,8451.629
,,,,,,,,2002,2031.542,214.9147,2007.928,1638.536,19931.124,10951.55,6077.155,876.7506,7765.5341
,,,,,,,,2003,1906.866,198.3156,1584.65,1447.631,19958.234,9945.748,4258.62,476.6191,7414.6899
,,,,,,,,2004,1888.815,209.8325,1378.925,1420.365,19423.04,8497.647,3274.309,289.6668,7382.8935
,,,,,,,,2005,1949.75,224.3485,1426.984,1388.885,19208.539,8137.013,3315.895,198.97,7511.1428
,,,,,,,,2006,2163.383,248.7085,1578.544,1418.863,18376.058,8833.903,4086.287,297.9677,8097.846
,,,,,,,,2007,2510.919,292.7969,1859.751,1598.804,18157.499,9965.824,5230.642,615.7068,8917.728
,,,,,,,,2008,3019.999,366.7976,2325.62,1723.189,18847.737,10941.95,6462.286,1109.204,9912.922
,,,,,,,,2009,3515.238,415.1058,3026.022,1953.534,19334.146,11964.89,9339.954,1910.233,11287.3833
,,,,,,,,2010,3976.479,485.2782,3784.445,2329.888,20142.127,12958.63,12293.65,2634.231,12454.772
,,,,,,,,2011,4174.188,490.0279,4106.029,2528.158,20769.647,14473.56,13314.91,3026.349,12593.339
,,,,,,,,2012,4139.107,482.9879,4058.912,2511.702,20645.817,15097.81,13681.16,3146.04,12167.8815
,,,,,,,,2013,3998.783,444.0858,3893.841,2400.222,20002.609,15093.21,14122.79,3172.018,11605.2988
,,,,,,,,2014,3824.441,412.2329,3700.217,2217.942,18799.034,14678.93,13984.87,3068.008,11076.0883
,,,,,,,,2015,3618.207,391.5663,3499.688,2025.132,17743.51,14496.27,13914.37,3001.929,10551.895
,,,,,,,,2016,3443.865,362.4352,3315.963,1928.147,16768.433,15409.02,14913.69,3279.097,10160.4817
,,,,,,,,2017,3359.884,333.4947,3223.881,1859.388,16434.551,14264.27,13882.4,3090.128,10016.453
,,,,,,,,2018,3291.848,319.8681,3185.687,1844.018,16335.473,12771.16,12673.3,2728.054,9918.36
,,,,,,,,2019,3256.767,312.6191,3224.523,1862.351,16585.916,11954.56,11883.64,2481.907,9946.379
,,,,,,,,2020,3296.1,310.3508,3364.511,1930.922,17504.407,11637.04,11711.18,2355.984,10197.315
,,,,,,,,2021,3402.406,324.0498,3675.919,2094.024,19384.156,12293.63,12505.94,2422.353,10745.989
,,,,,,,,2022,3537.415,358.2249,4142.916,2323.122,21582.139,14115.05,14055.18,2739.915,11527.5967
,,,,,,,,2023,3424.793,368.8883,4435.549,2560.414,23486.045,16877.73,15757.96,3149.368,11483.3743
,,,,,,,,2024,2980.241,347.3253,3903.01,2450.83,23866.459,17421.36,15473.78,3261.564,10571.8171
,,,,,,,,2025,2802.794,313.0611,3095.277,1988.359,22555.125,15416.03,13419.14,2944.81,9783.722
,,,,,,,,2026,2603.384,287.4526,2651.913,1624.274,21359.813,12661.74,11239.39,2575.187,9404.752
,,,,,,,,2027,2505.986,280.6609,2046.584,1347.251,20545.415,9455.841,8880.445,2174.769,9205.555
,,,,,,,,2028,2521.954,295.0131,1736.764,1226.279,19749.586,8920.545,7653.667,1527.261,8337.245
,,,,,,,,2029,2626.112,320.3974,1722.27,1202.257,19160.227,8589.558,6539.515,1264.911,9126.612
,,,,,,,,2030,3266.629,332.7679,1874.536,1193.955,18680.762,9592.082,7272.819,1250.85,9951.13
,,,,,,,,2031,3296.033,413.0651,2152.322,1349.406,18641.923,9989.013,7900.268,1519.064,10639.252
,,,,,,,,2032,3637.192,466.1722,2823.762,1792.365,18901.609,11532,8691.807,1965.367,10861.391
,,,,,,,,2033,3851.144,513.2783,3310.025,2093.4,19608.087,13197.79,11473.99,2613.109,12132.589
,,,,,,,,2034,4264.208,544.1444,4015.844,2505.657,20585.163,15373.35,14128.81,3190.178,12915.337
,,,,,,,,2035,4431.448,550.6678,4266.75,2717.973,21351.724,16461.19,14834.05,3444.847,13056.792
,,,,,,,,2036,4406.998,545.0431,4186.422,2727.034,21777.15,16940.77,15139.97,3528.272,12750.3247
,,,,,,,,2037,4128.476,502.6665,4053.024,2621.834,21006.994,17060.58,15914.12,3518.52,12387.0399
,,,,,,,,2038,3907.36,467.7109,3826.604,2409.228,20171.938,16795.7,15924.83,3467.475,11676.502
,,,,,,,,2039,3723.45,441.6918,3644.797,2169.532,19025.861,17143.05,16312.79,3511.96,11028.771
,,,,,,,,2040,3502.334,398.4529,3414.359,2075.699,18102.921,16819.42,15985.72,3524.308,10548.368
,,,,,,,,2041,3405.595,370.3468,3341.427,2007.553,17826.119,15112.45,14531.13,3176.341,10318.165
,,,,,,,,2042,3326.929,340.7344,3243.983,1985.491,17678.874,13519.01,13046.14,2774.788,10125.754
,,,,,,,,2043,3289.722,330.3919,3214.472,1986.128,17885.826,12510.56,12183.38,2512.448,10120.914
,,,,,,,,2044,3320.551,327.9331,3341.917,2055.999,18466.927,12172.7,12001.82,2403.586,10290.401
,,,,,,,,2045,3406.658,341.4323,3657.595,2258.997,20014.42,12963.39,12739.74,2474.541,10775.692
,,,,,,,,2046,3535.289,372.3142,4143.326,2480.966,21990.6,14945.73,14350.61,2799.299,11535.189
,,,,,,,,2047,3508.754,396.1148,4295.982,2682.663,23878.745,17698.79,15789.4,3081.606,11316.1776
,,,,,,,,2048,3380.91,403.2809,3752.844,2401.857,24028.788,18881.09,15758.82,3077.697,10710.459
,,,,,,,,2049,3178.311,380.8069,2967.58,2009.426,22462.692,19167.94,13337.73,3086.852,10409.735
,,,,,,,,2050,2851.375,351.3289,2318.602,1872.143,21528.348,16987.13,11523.77,2434.04,10376.327
,,,,,,,,2051,2688.089,347.5538,1744.296,1736.778,20934.23,15390.52,8383.973,2102.75,9869.41
,,,,,,,,2052,2648.777,421.1595,2001.947,2051.705,20670.317,15493.88,7237.98,2146.822,10491.084
,,,,,,,,2053,2488.658,368.4507,2175.842,1925.582,19986.037,11605.49,6814.286,1251.991,10649.111
,,,,,,,,2054,2417.114,430.616,1956.292,1947.297,19586.463,11403.89,6761.633,782.9114,11235.1
,,,,,,,,2055,2764.651,483.3734,2099.988,1860.993,19300.606,11218.28,7551.843,1045.745,11554.303
,,,,,,,,2056,3258.847,459.5717,2577.587,1662.023,19375.681,9718.228,8648.346,1481.24,11636.905
,,,,,,,,2057,3736.716,474.1208,3370.65,1981.139,20151.448,11639.97,11160.51,2257.78,11928.169
,,,,,,,,2058,4160.389,526.1579,4010.375,2460.266,20811.313,14161.13,14044.04,3087.299,12734.119
,,,,,,,,2059,4355.971,543.6093,4329.31,2754.081,21215.859,16296.65,15059.04,3429.654,12945.993
,,,,,,,,2060,4350.656,532.0605,4287.415,2753.335,21538.694,17013.45,15434.47,3568.962,12865.426
,,,,,,,,2061,4156.116,504.5352,4129.494,2686.367,20721.18,17215.53,16076.53,3587.009,12210.8044
,,,,,,,,2062,4000.909,469.3983,3910.786,2480.702,20039.161,17006.11,16052.75,3537.757,11566.739
,,,,,,,,2063,3761.72,435.477,3653.889,2244.157,18791.049,17391.08,16440.88,3566.924,10967.384
,,,,,,,,2064,3592.694,391.0226,3456.652,2150.325,17935.682,17088.07,16070.08,3581.722,10486.936
,,,,,,,,2065,3511.901,359.351,3311.115,2092.744,17583.384,15576.27,14408.28,3191.461,10307.916
,,,,,,,,2066,3434.298,338.6659,3259.823,2116.281,17347.564,14238.1,13167.03,2810.606,10135.972
,,,,,,,,2067,3402.406,330.2014,3289.006,2138.379,17532.861,13330.91,12369.4,2561.769,10112.877
,,,,,,,,2068,3427.919,326.7083,3443.868,2199.432,18380.248,12958.79,12200.08,2440.404,10311.427
,,,,,,,,2069,3515.091,339.3638,3747.004,2377.217,19988.289,13840.63,12974.73,2523.862,10824.556
,,,,,,,,2070,3623.523,370.4362,4180.794,2585.304,21913.117,15690.29,14518.93,2814.492,11506.373
,,,,,,,,2071,3515.154,377.1166,4388.408,2794.536,23660.213,18317.27,15776.31,3040.271,11152.5855
,,,,,,,,2072,3098.581,326.6801,3908.118,2529.686,23731.977,18356.52,15197.01,2782.238,10033.659
,,,,,,,,2073,2934.593,285.8247,3018.958,2004.602,22308.88,16499.21,12578.32,2250.542,9099.293
,,,,,,,,2074,3052.593,252.3637,2291.338,1421.637,21477.439,13032.98,10674.18,1702.648,8395.861
,,,,,,,,2075,2633.873,245.5357,1896.517,1189.468,20337.442,11204.38,8437.383,1189.307,8076.98
,,,,,,,,2076,2179.01,250.4295,1680.816,1252.431,19690.569,12876.39,7296.671,1044.484,8029.076
,,,,,,,,2077,2006.836,264.1696,1617.139,1483.888,19074.226,10052.37,5603.813,912.7657,8366.379
,,,,,,,,2078,2229.675,348.1277,2003.672,1775.881,18839.663,11179.73,6139.265,783.5707,8822.772
,,,,,,,,2079,2558.778,372.9555,2580.216,1466.337,18500.668,11225.85,6911.646,1033.146,9488.83
,,,,,,,,2080,3033.479,392.7795,2915.466,1907.586,18764.774,9320.099,7764.092,1509.823,10296.718
,,,,,,,,2081,3611.976,465.2706,3331.988,2184.375,19520.778,12157.37,10718.77,2275.07,11534.456
,,,,,,,,2082,4090.227,530.3811,3950.558,2448.266,20231.234,14594.35,13644.07,3088.904,12747.134
,,,,,,,,2083,4308.133,551.0396,4314.838,2712.307,21009.793,16378,14793.2,3424.296,13049.824
,,,,,,,,2084,4276.242,532.4415,4244.151,2700.995,21037.138,16878.84,15117.49,3516.848,12748.477
,,,,,,,,2085,4111.467,499.745,4090.096,2619.544,20457.454,17131.34,15942.52,3551.933,12220.5233
,,,,,,,,2086,3912.675,464.4176,3915.609,2483.441,19738.185,17134.24,16044.88,3509.01,11698.945
,,,,,,,,2087,3695.811,433.599,3692.884,2305.539,18345.952,17689.3,16454.87,3568.667,11044.606
,,,,,,,,2088,3515.091,393.2816,3523.064,2214.669,17603.863,17523.17,16183.1,3579.906,10515.232
,,,,,,,,2089,3426.856,364.513,3520.812,2154.988,16972.215,16007.25,14861.64,3229.249,10303.765
,,,,,,,,2090,3370.514,342.8029,3527.243,2143.243,16778.254,14641.77,13586.28,2824.16,10160.434
,,,,,,,,2091,3345.001,333.3041,3723.27,2170.593,16964.654,13809.52,13100.25,2572.685,10122.274
,,,,,,,,2092,3371.577,328.7768,3927.178,2242.954,17819.898,13661.25,13073.57,2446.835,10317.872
,,,,,,,,2093,3463,345.3788,4303.473,2452.48,19378.712,14554.68,14023.74,2542.95,10839.458
,,,,,,,,2094,3584.189,375.4169,4783.415,2694.823,21292.03,16426.52,15623.25,2871.346,11553.78
,,,,,,,,2095,3412.058,378.9946,4927.472,2906.885,22803.088,19126.3,16942.68,3143.909,11249.2703
,,,,,,,,2096,2922.857,323.6544,4099.138,2514.874,22805.467,18232.61,15396.09,2834.024,10147.405
,,,,,,,,2097,2501.671,280.9117,2888.155,1883.469,21838.842,15248.71,12288.05,2802.26,9143.804
,,,,,,,,2098,2180.03,250.4857,2125.889,1338.752,20893.19,11472,9394.835,1732.227,8343.684
,,,,,,,,2099,2015.319,230.6611,1742.377,1031.877,20288.113,8410.972,6974.619,1443.128,7822.573
,,,,,,,,2100,2000.458,243.5209,1574.546,847.1027,19736.9,6612.881,6298.532,936.1949,7551.591
,,,,,,,,2101,2028.437,256.009,1525.956,791.6558,18973.376,5984.763,5673.733,1054.332,7712.05
,,,,,,,,2102,2211.582,295.8058,1708.611,840.553,18893.015,5351.552,7192.136,1096.589,8135.801
,,,,,,,,2103,2535.731,329.7561,2060.841,982.2522,18834.574,5958.469,8154.604,1214.152,8672.707
,,,,,,,,2104,2979.262,404.4651,2522.619,1282.58,18961.452,7146.221,8952.824,1810.163,9626.204
,,,,,,,,2105,3533.671,459.8318,3199.725,1716.558,19175.189,9989.118,10819.42,2469.523,11029.3927
,,,,,,,,2106,4054.083,513.2841,3936.575,2312.892,20412.9,13571.73,13713.06,3065.686,12381.6868
,,,,,,,,2107,4265.611,530.9168,4252.847,2652.365,21004.961,16045.64,14612.43,3386.536,12582.17
,,,,,,,,2108,4234.782,524.3488,4241.263,2671.58,21312.341,16776.23,15132.35,3488.181,12404.4048
,,,,,,,,2109,4100.836,489.2119,4141.071,2592.23,20863.363,17136.52,15961.97,3491.006,11991.4372
,,,,,,,,2110,3922.242,456.1343,3990.143,2457.177,20033.689,17230.38,16177.56,3486.694,11431.4709
,,,,,,,,2111,3729.829,430.1152,3790.976,2247.309,18754.361,17541.7,16669.39,3568.843,10892.684
,,,,,,,,2112,3553.361,385.8513,3587.956,2140.87,17952.029,17396.89,16325.71,3598.914,10448.363
,,,,,,,,2113,3491.703,355.3952,3552.65,2034.186,17626.065,15751.72,15007.89,3251.771,10312.775
,,,,,,,,2114,3397.091,341.7687,3566.238,2032.922,17495.485,14462.61,13936.04,2903.33,10160.393
,,,,,,,,2115,3355.631,326.2456,3685.801,2064.062,17600.875,13573.04,13447.93,2702.277,10115.848
,,,,,,,,2116,3364.136,325.6741,3916.565,2119.862,18133.657,13137.7,13363.2,2593.569,10257.031
,,,,,,,,2117,3431.109,337.1048,4224.921,2288.83,19294.845,13740.8,14143.19,2674.468,10635.441
,,,,,,,,2118,3509.775,364.0401,4663.782,2506.845,20799.606,15348.27,15660.04,2953.543,11100.7487
,,,,,,,,2119,3247.283,361.2218,4723.756,2594.949,21990.696,17107.32,16541.14,3103.846,10884.1178
,,,,,,,,2120,2745.687,307.3786,3818.543,2227.649,21887.114,16114.8,14832.51,2781.812,10053.254
,,,,,,,,2121,2354.267,264.8264,2766.753,1716.101,20801.754,13639.76,11810.52,2284.709,8879.156
,,,,,,,,2122,2079.04,234.2776,2146.55,1240.494,20036.386,10805.78,9123.952,1710.8,8118.557
,,,,,,,,2123,1914.329,222.4688,1802.119,941.8408,19013.581,8081.113,6463.693,1275.815,7750.632
,,,,,,,,2124,1851.99,226.7094,1630.58,762.9695,18073.197,6205.053,5333.627,948.784,7590.677
,,,,,,,,2125,1894.853,244.5188,1657.724,699.7504,17475.252,5070.262,5197.391,801.6378,7643.383
,,,,,,,,2126,2071.981,280.369,1803.416,739.6055,17157.457,4862.779,5786.468,775.6574,7824.146
,,,,,,,,2127,2384.075,326.1906,2247.266,911.0239,17011.468,5605.419,6851.196,1151.434,8463.62
,,,,,,,,2128,2888.902,392.131,2763.268,1223.545,17214.585,6809.179,7887.685,1539.425,9489.8701
,,,,,,,,2129,3522.658,450.41,3304.624,1687.397,17706.468,9698.989,10555.37,2273.23,10703.8111
,,,,,,,,2130,3913.759,492.4855,3993.173,2229.363,18523.056,13089.18,13273.59,3037.869,12064.7977
,,,,,,,,2131,4127.413,508.3537,4266.518,2497.239,19175.739,15129.8,14247.92,3312.026,12246.098
,,,,,,,,2132,4108.278,491.8242,4202.426,2511.39,19403.962,15695.29,14296.39,3436.912,12005.8755
,,,,,,,,2133,4006.224,470.1326,4042.979,2424.851,19019.928,16122.5,15123.7,3513.3,11636.3089
,,,,,,,,2134,3873.342,443.2605,3833.363,2286.421,18776.083,16221.9,15254.25,3458.719,11221.4391
,,,,,,,,2135,3697.937,417.4227,3611.603,2133.26,17909.572,16631.24,15602.02,3480.32,10780.308
,,,,,,,,2136,3534.226,380.2081,3452.395,1974.541,17215.525,16091.77,15067.27,3474.536,10437.371
,,,,,,,,2137,3483.199,353.508,3392.976,1918.893,17092.274,15068.5,14428.48,3225.903,10273.072
,,,,,,,,2138,3392.839,340.9157,3365.236,1902.06,16858.924,13834.79,13503.01,2942.501,10118.019
,,,,,,,,2139,3354.568,328.3141,3428.029,1914.478,17028.921,12865.57,12853.78,2707.458,10059.289
,,,,,,,,2140,3350.316,320.8838,3547.194,1943.705,17542.423,12205.33,12705.04,2582.314,10143.193
,,,,,,,,2141,3390.712,324.6306,3716.528,2019.878,18389.993,12128.45,12771.57,2560.683,10464.215
,,,,,,,,2142,3424.73,346.5944,3980.259,2114.385,19764.723,12593.05,13325.29,2647.706,10866.2375
,,,,,,,,2143,3137.086,342.996,4096.828,2231.584,20881.99,13715.41,13682.66,2656.265,10496.5306
,,,,,,,,2144,2657.453,305.5515,3556.572,1949.741,20769.28,12560.25,11889.4,2202.976,9592.3591
,,,,,,,,2145,2302.878,275.8414,2898.569,1532.651,19782.286,10534.78,9274.207,1576.954,8671.577
,,,,,,,,2146,1967.779,251.4304,2279.465,1144.171,18904.066,8086.338,6572.882,1108.002,8104.845
,,,,,,,,2147,1815.825,231.8055,1954.022,853.4135,18009.238,5998.184,4718.639,858.8447,7518.6051
,,,,,,,,2148,1758.802,232.2132,1807.857,670.2117,17092.877,4535.276,4028.315,723.2682,7173.2107
,,,,,,,,2149,1805.917,252.2722,1842.713,617.4431,16649.158,3900.789,4389.826,781.9666,7154.1317
,,,,,,,,2150,2040.791,288.8892,2033.647,701.6868,16442.877,4023.464,5355.545,889.1548,7410.076
,,,,,,,,2151,2387.965,332.5288,2363.677,928.6078,16333.008,5474.089,6779.533,1178.336,8170.857
,,,,,,,,2152,2856.649,407.115,2922.847,1197.596,16657.973,7432.346,8328.055,1784.256,9100.5548
,,,,,,,,2153,3430.193,459.4832,3575.018,1753.764,17273.16,10180.79,10887.46,2626.477,10423.0642
,,,,,,,,2154,3891.796,502.198,4060.236,2245.746,18085.891,12582.01,13317.89,3123.271,11863.3567
,,,,,,,,2155,4122.098,503.8542,4289.66,2476.893,18813.437,14160.01,14046.72,3309.836,12095.35
,,,,,,,,2156,4072.134,480.2661,4291.18,2496.132,18675.523,14959.01,14338.18,3391.703,11642.198
,,,,,,,,2157,3971.143,454.4283,4142.352,2402.323,18376.337,15038.76,14685.95,3322.677,11408.9224
,,,,,,,,2158,3831.882,428.5997,3936.028,2273.02,17819.949,15031.84,14619.78,3333.525,11015.4748
,,,,,,,,2159,3677.739,402.9431,3666.595,2128.76,17210.898,14824.56,14300.86,3178.315,10639.351
,,,,,,,,2160,3527.847,374.8463,3488.098,1958.072,16326.003,15670.85,14944.8,3435.26,10308.447
,,,,,,,,2161,3436.424,345.7059,3274.868,1866.212,15075.286,15213.38,14258.66,3218.988,10201.167
,,,,,,,,2162,3360.947,322.2991,3155.387,1799.554,15065.713,13736.71,13004.03,2897.415,10032.885
,,,,,,,,2163,3320.551,311.9566,3114.86,1800.355,15162.517,12487.15,11966.2,2602.28,9962.782
,,,,,,,,2164,3299.289,303.6825,3107.551,1795.516,15427.397,11676.01,11249.15,2392.102,9985.422
,,,,,,,,2165,3326.929,298.6925,3165.842,1824.13,16285.651,11335.81,10943.36,2289.274,10180.956
,,,,,,,,2166,3349.253,303.8545,3159.504,1855.234,17120.411,11503.64,10926.6,2287.287,10470.8459
,,,,,,,,2167,3267.757,290.6736,3149.818,1922.292,17665.305,12542.24,10875,2360.438,10437.0037
,,,,,,,,2168,2668.213,261.6534,2863.276,1714.858,17957.483,12595.04,9823.731,2121.167,9696.189
,,,,,,,,2169,2343.521,242.9399,2638.126,1714.078,17968.533,12049.59,8710.978,1740.127,8993.293
,,,,,,,,2170,2159.03,223.5905,2360.81,1489.315,17724.707,10093.01,7387.55,1118.234,8351.376
,,,,,,,,2171,2090.29,213.8844,2130.041,1393.263,17499.066,9517.985,6197.531,869.4962,7847.655
,,,,,,,,2172,2106.71,213.0501,1815.059,1107.198,17097.76,10010.64,5695.172,801.5753,7778.876
,,,,,,,,2173,2294.75,237.1462,1861.111,1243.426,16670.798,9351.182,5262.63,799.3256,8354.358
,,,,,,,,2174,2594.525,261.6497,2052.16,1414.993,16520.501,9994.544,5856.575,903.9733,8532.634
,,,,,,,,2175,2828.865,338.7091,2603.709,1625.697,16546.42,10976.23,7303.014,1281.081,9499.011
,,,,,,,,2176,3314.906,387.4978,3003.074,1951.03,16938.63,11677.7,8763.316,1823.834,10544.238
,,,,,,,,2177,3702.556,449.1419,3594.937,2204.707,17724.239,12466.01,11402.93,2541.346,11773.816
,,,,,,,,2178,3987.8,506.5312,4017.549,2350.396,18176.928,13167.78,13339.75,3039.893,12772.432
,,,,,,,,2179,4127.413,495.7799,4239.24,2454.547,18364.617,13724.16,13951.3,3170.529,12770.969
,,,,,,,,2180,4144.422,481.9629,4311.844,2539.842,18484.112,14769.29,14302.16,3342.396,12483.9027
,,,,,,,,2181,4048.747,477.6446,4226.375,2517.343,17795.298,15480.47,15083.65,3409.735,11993.6892
,,,,,,,,2182,3839.324,453.6848,4025.285,2402.972,16881.937,15700.83,15218.35,3360.845,11436.212
,,,,,,,,2183,3661.793,417.5044,3767.833,2181.609,15942.374,15482.95,15012.15,3209.119,10790.884
,,,,,,,,2184,3486.388,378.4118,3507.481,1957.507,15179.097,16496.95,15575.42,3494.258,10354.461
,,,,,,,,2185,3384.334,348.8087,3316.594,1923.993,14678.807,15258.58,14342.74,3189.674,10106.679
,,,,,,,,2186,3324.803,330.2014,3223.565,1906.522,14611.871,13723.83,12900.59,2791.834,9945.057
,,,,,,,,2187,3290.785,310.9316,3180.15,1992.291,14883.383,12777.41,11785.02,2505.637,9927.143
,,,,,,,,2188,3323.74,305.751,3262.963,2077.033,15661.929,12453.7,11472.68,2348.208,10104.275
,,,,,,,,2189,3437.487,312.9631,3457.552,2232.885,17105.122,13080.85,11879.5,2417.442,10619.095
,,,,,,,,2190,3523.595,336.1516,3717.998,2458.772,18930.985,14813.61,13345.41,2679.461,11258.014
,,,,,,,,2191,3412.218,338.7199,3793.672,2669.239,20083.316,17468.12,14647.11,2923.001,11044.3763
,,,,,,,,2192,3359.547,297.5614,3461.234,2450.192,20516.339,18046.27,14229.74,2739.161,11000.216
,,,,,,,,2193,2860.045,274.9374,2975.001,2174.54,20143.601,16006.97,13134.43,2235.919,9181.53
,,,,,,,,2194,2984.187,261.3759,2504.892,2158.532,19852.54,16255.51,10567.48,2491.135,9161.532
,,,,,,,,2195,2351.214,268.9068,2223.37,1673.337,19228.973,13777.69,8625.776,2108.999,8184.53
,,,,,,,,2196,2705.794,306.4564,1887.452,2013.711,18603.301,14094.17,7140.48,1596.116,8295.057
,,,,,,,,2197,2268.892,311.6013,1755.824,1877.835,18446.97,13044,7005.651,1371.816,8634.676
,,,,,,,,2198,2346.258,360.8264,2532.979,1941.131,18557.011,12456.04,7260.1,928.1375,9284.468
,,,,,,,,2199,2728.83,394.6483,3019.26,1557.878,18248.359,11020.72,8872.44,1216.293,10283.858
,,,,,,,,2200,3206.129,436.7871,3275.955,1880.118,18496.429,10392.07,8886.47,1718.665,11410.69
,,,,,,,,2201,4288.172,503.8204,3313.709,2359.975,19053.443,12703.44,11096.5,2407.38,12744.856
,,,,,,,,2202,4193.797,536.5963,3850.702,2513.781,19390.326,14555.46,13768.79,3159.243,13212.851
,,,,,,,,2203,4298.566,532.5226,4160.543,2650.781,19569.888,16016.16,14568.31,3439.289,13180.728
,,,,,,,,2204,4291.125,523.505,4275.598,2707.463,19416.931,16855.16,15229.72,3595.624,13025.261
,,,,,,,,2205,4159.305,504.526,4175.652,2660.741,18675.721,17486.84,16399.95,3659.793,12579.647
,,,,,,,,2206,3919.053,468.5361,4000.207,2485.129,17531.806,17621.19,16722.41,3611.475,11944.642
,,,,,,,,2207,3691.558,428.228,3778.44,2233.074,16368.557,17980.32,17110.6,3631.68,11230.984
,,,,,,,,2208,3527.847,391.0133,3573.887,2029.097,15580.416,17782.81,16603.04,3683.224,10700.562
,,,,,,,,2209,3439.613,362.2448,3371.428,1986.602,15070.72,15829.73,15693.56,3402.973,10395.434
,,,,,,,,2210,3381.145,336.7787,3322.622,1947.069,14990.457,14217.82,13861.22,2922.346,10178.259
,,,,,,,,2211,3347.127,323.3333,3371.51,1984.701,15100.256,13271.48,12898.23,2622.647,10134.589
,,,,,,,,2212,3363.073,321.0651,3482.15,2053.934,15809.147,12998.18,12524.32,2502.087,10261.308
,,,,,,,,2213,3460.874,329.1208,3733.9,2199.753,17066.386,13582.32,12978.47,2522.919,10660.649
,,,,,,,,2214,3576.748,352.3002,4009.782,2441.434,18765.339,15439.01,14418.67,2803.821,11281.322
,,,,,,,,2215,3388.479,356.8735,4136.4,2624.205,19813.025,18095.38,15672.16,3414.721,10798.8947
,,,,,,,,2216,2945.083,312.8027,3975.226,2481.068,20211.394,18740.4,16065.44,3709.772,9908.982
,,,,,,,,2217,2552.24,308.6302,3415.28,2227.65,19956.917,17613.72,14644.24,3066.653,9071.542
,,,,,,,,2218,2194.118,269.8843,3201.021,1846.585,19621.972,15103.36,14305.44,2439.76,8370.536
,,,,,,,,2219,2049.313,238.8952,3217.998,1583.336,18976.9,14711.22,10972.24,1797.157,7977.435
,,,,,,,,2220,2051.913,237.6799,2456.369,1637.89,18550.799,14067.8,8264.005,1742.936,7954.881
,,,,,,,,2221,2200.856,255.4978,2706.58,1719.358,18354.16,13304.27,8488.862,1502.474,8140.227
,,,,,,,,2222,2666.109,287.241,2699.745,1574.774,18147.1,12428.71,8374.893,1073.44,8640.501
,,,,,,,,2223,3232.469,364.5984,2826.952,1622.303,17915.099,11926.45,9737.447,1231.557,9566
,,,,,,,,2224,3565.551,387.2513,3258.093,1629.404,17873.066,10761.99,9508.397,1709.718,10631.943
,,,,,,,,2225,3918.357,456.1985,3669.221,2111.966,18440.481,13049.14,11569.42,2527.992,11804.312
,,,,,,,,2226,4168.521,497.0767,3876.469,2483.827,18914.337,14803.66,13469.79,3032.737,12846.594
,,,,,,,,2227,4310.259,513.8058,4031.988,2612.845,19180.197,15733.19,14165.06,3282.65,13008.321
,,,,,,,,2228,4321.953,507.0473,4150.895,2673.256,19325.246,16515.2,14926.89,3477.071,12865.935
,,,,,,,,2229,4212.458,496.1609,4069.28,2624.184,18761.455,17225.11,16193.04,3598.924,12365.36
,,,,,,,,2230,4030.675,462.7116,3937.092,2459.077,17572.821,17242.83,16512.54,3567.295,11812.603
,,,,,,,,2231,3799.991,425.4969,3770.16,2214.128,16427.707,17587.36,17152.93,3660.713,11129.438
,,,,,,,,2232,3609.703,389.3166,3560.38,1951.344,15718.446,17256.42,16822.39,3707.693,10617.067
,,,,,,,,2233,3465.127,358.498,3174.28,1926.872,15241.392,15187.23,14541.6,3196.797,10373.546
,,,,,,,,2234,3398.154,335.9349,3084.145,1867.155,15242.526,13415.33,13011.13,2769.335,10192.767
,,,,,,,,2235,3345.001,324.5581,3050.372,1884.437,15334.158,12244.28,11941.24,2498.434,10146.848
,,,,,,,,2236,3392.839,319.3776,3051.342,1932.185,16014.913,11782.27,11525.71,2330.244,10297.942
,,,,,,,,2237,3482.135,326.4084,3252.117,2054.668,17309.969,12411.27,11838.09,2369.04,10739.332
,,,,,,,,2238,3591.631,346.6754,3511.195,2285.867,19002.125,14267.04,13248.91,2642.768,11316.642
,,,,,,,,2239,3426.512,349.0624,3679.072,2580.715,20055.58,17619.93,14512.2,3087.709,11253.9631
,,,,,,,,2240,3094.852,332.2619,3789.962,2462.063,20490.326,19017.21,15657.53,3358.667,10686.058
,,,,,,,,2241,3263.405,308.2126,3483.069,2089.88,19872.646,17848.59,15503.59,3653.776,10191.438
,,,,,,,,2242,2626.417,240.2007,3390.707,1953.921,19267.489,17593.32,11683.91,3670.424,8909.443
,,,,,,,,2243,2316.133,230.4032,2982.502,1614.546,18783.265,14454.31,11281.29,2208.23,8970.93
,,,,,,,,2244,2373.775,238.6047,2619.36,1344.697,18480.844,12538.35,8720.025,1025.152,8531.682
,,,,,,,,2245,2247.631,253.202,2299.319,1388.508,18302.736,12629.14,7384.508,731.0476,9504.454
,,,,,,,,2246,2755.17,296.1316,2220.574,1474.883,18004.319,12525.25,7575.823,750.1019,10134.675
,,,,,,,,2247,2950.65,363.3204,2862.031,1666.097,17557.12,13439.79,8288.545,1158.015,10088.411
,,,,,,,,2248,3686.503,427.7682,3120.699,1761.741,17985.576,12858.32,9838.47,1866.794,10783.196
,,,,,,,,2249,3855.759,479.551,3472.305,2060.572,18631.311,13113.43,11758.75,2426.061,12090.814
,,,,,,,,2250,4168.758,535.353,3820.175,2435.028,18876.639,14329.62,13119,2968.36,13052.977
,,,,,,,,2251,4331.521,524.4298,4038.729,2594.985,19118.68,15792.59,14016.55,3245.198,13155.542
,,,,,,,,2252,4406.998,514.9495,4081.577,2652.245,19072.051,16537.72,14691.73,3402.144,12903.656
,,,,,,,,2253,4326.206,499.6447,3955.745,2601.898,18443.922,17100.93,15752.27,3519.199,12287.934
,,,,,,,,2254,4093.395,466.1954,3830.867,2429.686,17255.151,17073.93,16106.27,3475.125,11864.149
,,,,,,,,2255,3868.026,427.5747,3624.542,2160.574,16095.213,17452.33,16731.26,3585.953,11165.843
,,,,,,,,2256,3686.243,387.2573,3379.633,1961.023,15347.162,17240.71,16390.02,3608.64,10639.797
,,,,,,,,2257,3494.892,361.5915,3210.38,1946.869,14888.715,15485.09,14630.34,3203.097,10383.889
,,,,,,,,2258,3438.55,338.8472,3123.14,1896.193,14733.254,13898.14,13050.69,2763.955,10201.728
,,,,,,,,2259,3427.919,325.5923,3060.019,1920.581,14848.301,12816.83,12001.79,2475.068,10136.407
,,,,,,,,2260,3445.991,318.5338,3055.202,1967.527,15519.39,12404.74,11467.44,2330.192,10314.374
,,,,,,,,2261,3552.298,327.6239,3223.735,2123.852,16798.913,13018.95,11775.44,2358.228,10775.433
,,,,,,,,2262,3638.406,348.7347,3569.888,2363.456,18431.346,14975.97,13288.99,2628.369,11415.202
,,,,,,,,2263,3591.638,348.0917,3635.732,2590.204,19652.037,18190.92,14304.01,3196.49,11449.6349
,,,,,,,,2264,3197.732,307.0509,3403.765,2480.234,20007.786,19678.74,13639.01,3471.792,10978.987
,,,,,,,,2265,2641.889,274.7645,2885.07,2381.127,19725.781,18458.51,12479.1,3350.818,9735.684
,,,,,,,,2266,2310.581,238.2406,2083.439,2151.407,19620.395,17928.83,11442.34,4040.876,8428.312
,,,,,,,,2267,2290.268,219.3982,2034.089,1952.744,19473.546,17021.72,9575.657,3428.079,8083.928
,,,,,,,,2268,2116.996,222.2471,2220.791,1782.284,18981.741,14371.54,8734.817,2553.005,8068.318
,,,,,,,,2269,2668.473,235.9915,2112.283,1744.891,18388.451,14573.56,9126.917,1645.284,8304.22
,,,,,,,,2270,2851.197,350.5347,2434.708,1549.75,18183.581,12221.77,8816.454,1409.136,8697.235
,,,,,,,,2271,3424.997,410.6016,2629.447,1278.098,17979.319,10989,9595.848,1529.347,9552.711
,,,,,,,,2272,3842.413,438.7341,3281.177,1696.842,18780.995,11669.6,9505.426,2505.454,10654.361
,,,,,,,,2273,4278.016,461.5776,3130.132,2135.58,18766.936,12915,12355.4,2616.3,11822.883
,,,,,,,,2274,4280.494,495.9604,3632.119,2490.651,19555.503,14756.93,13187.92,2953.54,12788.143
,,,,,,,,2275,4319.827,492.0865,3924.487,2554.84,19474.193,15705.43,13935.51,3223.946,12890.781
,,,,,,,,2276,4337.899,497.0858,3956.319,2584.56,19880.943,16365.71,14581.64,3372.638,12824.287
,,,,,,,,2277,4206.08,491.3707,3888.21,2564.491,19269.375,17024.88,15695.25,3551.22,12445.927
,,,,,,,,2278,3976.459,455.8528,3801.367,2430.075,18081.555,17176.27,16047.67,3509.727,12004.116
,,,,,,,,2279,3769.162,422.213,3606.615,2187.227,16973.053,17476.86,16721.85,3605.784,11319.257
,,,,,,,,2280,3611.829,384.1453,3376.177,1965.226,16022.447,17192.64,16412.96,3594.344,10823.344
,,,,,,,,2281,3471.505,358.498,3161.737,1926.435,15913.64,15250.71,14532.75,3196.848,10498.817
,,,,,,,,2282,3384.334,336.5974,3102.879,1887.953,15988.998,13759.48,13034.07,2785.579,10310.897
,,,,,,,,2283,3354.568,324.1864,3071.036,1920.332,16112.035,12761.79,12044.85,2526.336,10224.031
,,,,,,,,2284,3384.334,319.0058,3116.228,2007.236,16887.611,12478.32,11654.89,2384.202,10341.199
,,,,,,,,2285,3460.874,327.2521,3287.656,2158.308,18103.309,13118.42,11967.82,2418.515,10771.983
,,,,,,,,2286,3532.336,344.6069,3622.232,2379.166,19667.803,14877.55,13380.92,2676.998,11325.623
,,,,,,,,2287,3320.68,338.8654,3713.96,2508.824,20767.153,17352.75,14309.78,3024.078,11178.2619
,,,,,,,,2288,2872.206,296.6091,3195.617,2313.162,21381.903,18548.78,13627.96,2668.74,10145.844
,,,,,,,,2289,2469.558,263.1706,2591.326,1969.009,21357.838,17680.84,12560.64,2136.831,9315.788
,,,,,,,,2290,2213.016,237.3159,2203.926,1531.347,20421.757,13496.22,10286.83,1687.464,8694.045
,,,,,,,,2291,2314.833,230.2587,1836.328,1294.541,19764.766,12999.5,7932.813,1371.793,8329.729
,,,,,,,,2292,2443.815,245.3005,1556.216,1029.366,19600.073,11525.76,6551.098,977.6775,8213.066
,,,,,,,,2293,2411.334,249.882,1528.706,1008.478,18938.13,10407.67,6777.382,787.1547,8468.506
,,,,,,,,2294,2750.443,283.957,1613.493,873.3921,18243.132,8887.992,6840.86,752.3301,8927.879
,,,,,,,,2295,3153.688,341.0389,1920.064,1409.54,17950.699,10907.34,7641.836,1045.909,9682.593
,,,,,,,,2296,3683.665,413.9063,2437.665,1843.486,18309.506,11617.36,8388.851,1506.194,10834.028
,,,,,,,,2297,3928.751,465.7524,3065.327,2186.751,18882.875,12937.17,10744.57,2157.852,11922.473
,,,,,,,,2298,4103.911,518.715,3650.912,2392.519,19243.89,14741.49,13167.58,2927.76,12833.833
,,,,,,,,2299,4237.971,520.3113,3922.545,2466.484,19239.582,15607.7,14016.94,3201.665,12914.615
,,,,,,,,2300,4263.485,509.978,3960.575,2519.565,19326.827,16086.73,14516.23,3335.032,12721.968
,,,,,,,,2301,4160.368,490.1552,3852.513,2475.746,18447.903,16719.45,15497.9,3475.899,12228.1963
,,,,,,,,2302,3965.828,466.0141,3763.332,2358.552,17630.954,16920.27,15877.18,3448.674,11908.712
,,,,,,,,2303,3771.288,423.4377,3585.951,2162.591,16620.721,17230.09,16312.29,3536.712,11292.843
,,,,,,,,2304,3622.459,386.2231,3370.95,1918.528,15771.246,16684.76,15709.9,3455.587,10781.57
,,,,,,,,2305,3454.496,362.4445,3196.879,1889.028,15242.752,15223.71,14276.61,3132.849,10486.802
,,,,,,,,2306,3376.893,340.9157,3126.444,1832.049,14973.503,13994.48,13105.47,2795.135,10257.504
,,,,,,,,2307,3335.433,324.3676,3100.792,1843.581,15054.115,12833.3,12027.73,2511.708,10119.518
,,,,,,,,2308,3320.551,314.8688,3104.09,1880.411,15396.333,12261.72,11470.81,2334.762,10117.069
,,,,,,,,2309,3365.199,314.0158,3170.514,1940.99,16203.446,12310.7,11246.66,2247.178,10322.837
,,,,,,,,2310,3346.301,319.1686,3244.656,2010.223,17109.499,12567.71,11393.08,2256.872,10582.298
,,,,,,,,2311,3157.558,313.3359,3219.798,2120.291,17835.367,13866.77,11470.98,2251.089,10094.5707
,,,,,,,,2312,2772.393,287.609,2937.296,1917.783,18600.488,13212.33,9520.43,1877.082,9401.803
,,,,,,,,2313,2594.166,268.2422,2457.086,1553.799,19228.937,11413.63,8734.087,1172.806,8872.607
,,,,,,,,2314,2430.936,242.1703,2151.889,1305.018,19280.795,9643.316,6930.296,829.7147,8556.465
,,,,,,,,2315,2454.798,239.7397,2131.243,938.0513,18596.348,7585.419,5797.699,590.4261,8489.507
,,,,,,,,2316,2219.754,260.0349,1855.289,729.5352,18169.926,7155.01,5953.815,475.5454,8664.438
,,,,,,,,2317,2256.135,274.2329,1513.393,725.8872,17800.302,6373.953,4576.743,393.8057,9064.883
,,,,,,,,2318,2562.763,381.9727,1779.182,864.9794,17087.318,6387.165,5183.035,391.8721,9791.552
,,,,,,,,2319,3039.359,389.4593,2382.706,1006.147,17056.4,7589.938,7454.187,854.9744,11288.564
,,,,,,,,2320,3401.732,451.1311,2859.022,1416.131,17037.403,9157.245,8821.723,1316.133,11914.325
,,,,,,,,2321,3923.206,529.3232,3511.09,2010.739,17487.052,11001.28,10901.13,2066.358,12958.828
,,,,,,,,2322,4357.982,588.5997,3856.43,2350.087,17682.177,13595.49,13102.87,2987.736,13741.86
,,,,,,,,2323,4248.602,565.6373,4078.279,2582.691,17963.682,14488.07,14147.7,3068.576,13502.141
,,,,,,,,2324,4351.719,526.3448,4092.751,2624.689,17879.963,15303.64,14503.18,3161.718,12939.312
,,,,,,,,2325,4333.647,501.3508,3930.258,2708.485,17213.964,16097.82,15106.56,3350.197,12509.218
,,,,,,,,2326,4094.458,459.8086,3774.511,2589.687,16607.461,16239.93,15072.53,3259.846,12047.894
,,,,,,,,2327,3860.585,429.4527,3622.058,2446.703,15763.984,16103.56,14934.46,3239.156,11382.28
,,,,,,,,2328,3727.702,394.3066,3404.162,2144.057,15057.211,16474.98,15392.69,3376.943,10833.908
,,,,,,,,2329,3589.505,410.61,3225.267,1998.924,14603.639,15159.86,14728.47,3204.639,10482.3
,,,,,,,,2330,3489.577,363.4517,3136.092,1921.347,14446.851,13752.09,13364.32,2848.043,10197.91
,,,,,,,,2331,3402.406,345.2161,3094.6,1899.036,14415.261,12491.07,12350.41,2538.559,10032.67
,,,,,,,,2332,3410.911,327.6338,3065.656,1880.126,14708.857,11706.3,11647.25,2355.313,9989.199
,,,,,,,,2333,3432.172,325.5653,3099.833,1893.619,15321.357,11402.1,11271.49,2260.555,10092.013
,,,,,,,,2334,3376.067,324.7123,3146.956,1921.407,16054.096,11530.68,11208.39,2238.892,10280.079
,,,,,,,,2335,3184.134,313.8988,3092.934,2019.784,16695.011,12509.99,10824.47,2284.879,9809.6383
,,,,,,,,2336,2887.792,293.5153,2866.978,1773.494,17489.43,12081.78,10159.86,2100.169,9440.266
,,,,,,,,2337,2706.613,298.906,2602.062,1567.75,18324.063,11761.28,8851.928,1819.971,8999.74
,,,,,,,,2338,2748.317,297.1113,2267.265,1393.411,18378.791,9937.964,7656.824,1171.366,8866.721
,,,,,,,,2339,2711.232,260.3438,2110.677,1146.046,18306.797,9241.905,6220.955,1357.899,9102.336
,,,,,,,,2340,2861.713,334.0726,2082.984,948.0879,18161.259,7395.995,6634.84,1022.966,9655.021
,,,,,,,,2341,3194.329,365.771,2178.984,1074.502,17985.535,7676.993,6376.479,727.4274,10187.842
,,,,,,,,2342,3177.556,394.2212,2542.302,1165.174,17750.71,9318.834,8132.454,853.7206,11079.907
,,,,,,,,2343,3671.75,419.9955,2967.146,1552.922,17579.358,10865.24,9826.775,1254.043,12113.646
,,,,,,,,2344,4137.003,477.7485,3351.804,1912.007,18066.615,12010.96,11133.42,1890.933,13393.763
,,,,,,,,2345,4355.986,553.9805,3755.786,2345.811,18442.025,13222.99,13168.21,2461.782,14396.014
,,,,,,,,2346,4647.961,589.2706,4135.064,2499.093,18687.225,13814.81,14831.26,3251.783,14946.688
,,,,,,,,2347,4728.042,575.308,4366.604,2526.787,18685.72,14132.24,15114.61,3219.056,14716.068
,,,,,,,,2348,4756.745,555.0949,4404.476,2646.775,18706.795,15122.04,15720.33,3407.413,14141.404
,,,,,,,,2349,4581.34,535.9253,4311.289,2620.651,17653.277,15750.62,16429.62,3490.631,13494.155
,,,,,,,,2350,4376.169,510.9313,4147.263,2527.067,16780.261,15759.37,16177.29,3366.386,12691.057
,,,,,,,,2351,4172.062,462.1586,3899.453,2281.091,15577.593,15550.67,15919.74,3365.342,11823.983
,,,,,,,,2352,3970.08,422.0317,3670.939,2038.905,14861.629,16211.83,16440.59,3535.509,11100.911
,,,,,,,,2353,3882.909,391.0319,3497.809,1991.57,14596.826,14862.96,15145.72,3258.826,10761.38
,,,,,,,,2354,3752.153,363.2975,3402.289,1911.254,14615.294,13207.54,13741.38,2843.948,10387.76
,,,,,,,,2355,3694.748,346.94,3346.332,1874.898,14870.866,12062.73,12640.01,2557.751,10259.301
,,,,,,,,2356,3681.991,336.7787,3381.474,1898.507,15615.442,11499.04,12115.18,2384.18,10349.756
,,,,,,,,2357,3774.477,347.7559,3562.549,2027.293,17200.168,12115.03,12411.81,2414.854,10718.41
,,,,,,,,2358,3829.756,368.6762,3838.431,2223.764,19197.246,13772.91,13879.68,2685.024,11410.214
,,,,,,,,2359,3790.43,385.2796,3942.929,2388.541,20698.908,16647.19,14936.38,3009.559,11285.341
,,,,,,,,2360,3654.489,385.0721,3568.729,2033.124,20762.159,16599.31,14527.64,3066.449,10381.871
,,,,,,,,2361,3192.195,377.1991,3127.594,1564.777,20117.844,14230.26,13000.52,3242.285,10196.722
,,,,,,,,2362,2911.677,384.3584,2549.519,1244.257,19716.639,11181.57,10386.72,2992.49,10005.653
,,,,,,,,2363,2905.772,374.9974,2294.973,1020.624,19561.709,8790.51,8328.604,1522.98,10422.828
,,,,,,,,2364,2641.904,398.5765,1997.033,835.4297,18608.242,7051.01,7298.712,1331.22,10659.761
,,,,,,,,2365,2335.635,411.3237,1998.29,765.6368,18298.349,5977.441,7229.684,1897.723,12212.039
,,,,,,,,2366,2550.84,457.2119,2167.557,780.9292,18096.036,5797.696,8714.223,1262.671,12380.737
,,,,,,,,2367,2926.208,498.8982,2467.47,967.1815,18382.493,6592.598,8608.928,1439.608,12720.648
,,,,,,,,2368,3402.207,546.6802,2883.213,1331.417,18383.957,7904.253,9502.543,1739.241,13934.466
,,,,,,,,2369,3894.504,593.691,3413.578,1845.46,19045.846,10464.13,11845.39,2478.517,14630.03
,,,,,,,,2370,4276.127,609.4386,4013.904,2357.078,19701.266,13969.95,14513.87,3300.771,14953.979
,,,,,,,,2371,4385.737,582.3573,4317.796,2591.148,20012.003,15914.92,15218.11,3539.222,14951.018
,,,,,,,,2372,4410.187,562.8067,4444.423,2653.72,20347.505,16752.21,15894.79,3682.871,14707.112
,,,,,,,,2373,4334.71,545.8961,4298.734,2625.659,19157.704,17526.68,17193.6,3729.134,14116.125
,,,,,,,,2374,4116.782,507.466,4089.113,2452.585,18064.653,17321.63,17189.88,3632.1,13353.11
,,,,,,,,2375,3910.549,458.8838,3826.427,2212.665,17024.094,17554.48,17326.17,3669.293,12360.85
,,,,,,,,2376,3714.946,417.7227,3579.583,1960.775,16122.259,17177.41,16916.56,3650.022,11539.086
,,,,,,,,2377,3586.315,381.9141,3319.804,1921.371,15708.955,15115.18,14803.17,3242.582,11066.231
,,,,,,,,2378,3475.757,360.3853,3257.484,1893.17,15625.002,13380.69,13351.61,2814.253,10652.204
,,,,,,,,2379,3410.911,345.9057,3291.901,1870.058,15946.976,12264.12,12477.15,2502.998,10505.093
,,,,,,,,2380,3375.83,340.5346,3390.964,1918.055,16761.065,11880.32,12059.42,2368.038,10560.596
,,,,,,,,2381,3450.244,348.4092,3664.342,2050.794,18167.926,12532.93,12618.36,2409.547,10955.139
,,,,,,,,2382,3508.949,367.5242,4019.582,2273.116,20107.746,14293.92,14124.04,2698.572,11483.755
,,,,,,,,2383,3271.19,363.9239,4058.45,2473.919,21246.192,16707.87,14986.61,2981.835,10878.93
,,,,,,,,2384,2833.347,323.0736,3565.293,2097.61,21332.586,16388.27,13903.94,2690.195,9900.942
,,,,,,,,2385,2340.813,284.5367,2775.056,1658.873,21006.668,13612.83,11742.48,2177.373,9045.463
,,,,,,,,2386,2015.884,261.0136,2258.552,1291.864,20547.475,10775.36,9191.975,1707.597,8424.303
,,,,,,,,2387,2374.716,243.0241,1918.64,988.016,20055.267,8004.233,6964.416,1232.846,8034.381
,,,,,,,,2388,3003.322,244.0679,1701.375,761.6484,19447.315,6294.105,6141.307,970.9144,7912.712
,,,,,,,,2389,3350.224,255.8614,1718.747,759.6018,18838.515,5617.022,6026.525,752.2789,8074.29
,,,,,,,,2390,3446.251,286.1895,1887.647,765.2252,18347.25,5387.463,6573.167,723.6226,8510.63
,,,,,,,,2391,3039.703,358.8486,2245.839,969.5767,18597.066,6353.05,7765.001,1138.335,9171.969
,,,,,,,,2392,3625.312,395.4443,2736.957,1346.761,19047.659,7743.103,8711.294,1606.661,10236.17
,,,,,,,,2393,3918.472,460.1459,3425.242,1899.09,19486.415,10553.37,11160.97,2421.387,11477.642
,,,,,,,,2394,4086.902,513.1534,3976.271,2371.109,19787.539,13765.83,13662.42,3163.627,12618.735
,,,,,,,,2395,4246.476,516.637,4232.089,2581.135,20138.688,15540.1,14471.67,3441.854,12617.237
,,,,,,,,2396,4271.989,507.1567,4269.148,2618.931,20242.541,16425.5,15172.47,3605.975,12532.004
,,,,,,,,2397,4177.377,494.5737,4175.961,2565.906,19107.077,17065.68,16195.8,3629.39,12159.935
,,,,,,,,2398,3966.891,475.6039,4005.334,2416.806,17989.942,17138.52,16465.46,3596.762,11721.051
,,,,,,,,2399,3743.648,435.2865,3771.996,2179.873,16783.394,17488.68,16958.52,3681.111,11080.058
,,,,,,,,2400,3560.802,393.0911,3502.558,1925.08,16003.695,17098.71,16526.12,3661.628,10590.815
,,,,,,,,2401,3452.37,362.2632,3762.586,1904.811,15630.864,15299.21,16340.94,3346.17,10368.293
,,,,,,,,2402,3401.343,341.7687,3607.969,1863.59,15433.365,13636.39,14519.97,2942.155,10177.086
,,,,,,,,2403,3356.695,330.3919,3580.388,1877.223,15764.986,12527.71,13435.22,2661.441,10165.447
,,,,,,,,2404,3398.154,324.1771,3631.369,1913.026,16593.902,11981.09,12949.73,2501.373,10347.564
,,,,,,,,2405,3474.694,331.0173,3816.304,2072.255,17766.711,12507.91,13322.66,2546.446,10810.131
,,,,,,,,2406,3565.291,350.1416,4110.518,2284.484,19506.265,14227.3,14731.23,2813.926,11405.926
,,,,,,,,2407,3330.485,346.6498,4169.14,2465.672,20696.173,16804.88,15552.09,3145.869,10799.4155
,,,,,,,,2408,2825.668,303.7311,3704.02,2196.895,21225.288,17337.89,14883.67,2784.703,9884.134
,,,,,,,,2409,2402.585,268.4146,3055.052,1937.616,20951.933,16002.46,13739.6,2131.089,8995.511
,,,,,,,,2410,2378.02,245.8531,2293.158,1631.768,20554.157,13733.6,10488.96,1835.789,8205.072
,,,,,,,,2411,2874.928,244.2293,2216.857,1679.155,20268.014,12362.96,8552.445,1647.15,7752.422
,,,,,,,,2412,2171.442,301.6096,2131.111,1400.028,19693.679,11306.97,8058.923,1170.772,7699.018
,,,,,,,,2413,2358.181,258.9354,2476.27,1554.778,19385.246,10335.18,9508.139,1317.047,8069.492
,,,,,,,,2414,2350.977,287.5308,2485.481,1233.573,19047.959,9236.679,10020.03,1448.569,9423.916
,,,,,,,,2415,2843.985,394.5721,2885.199,1057.88,18359.113,9461.011,10652.08,1459.597,9496.919
,,,,,,,,2416,3195.965,437.1101,3362.211,1352.12,19077.671,8813.729,11123.96,1936.579,9931.943
,,,,,,,,2417,3630.39,462.4941,3751.177,1852.224,19389.234,11923.03,12467.89,2588.122,11513.273
,,,,,,,,2418,4093.044,500.7785,3957.035,2348.705,19618.982,14069.44,13837.07,3017.244,12439.176
,,,,,,,,2419,4241.161,512.2278,4129.419,2570.878,19717.91,15509.63,14165.15,3310.295,12638.831
,,,,,,,,2420,4279.431,510.6405,4153.936,2598.333,19738.556,16241.52,14704.55,3460.964,12628.979
,,,,,,,,2421,4167.81,505.2973,3997.231,2541.519,18783.034,16907.74,15757.22,3512.556,12227.523
,,,,,,,,2422,3958.386,482.1904,3869.861,2406.076,17681.711,16996.87,16177.33,3523.206,11802.464
,,,,,,,,2423,3743.648,437.736,3689.99,2191.842,16601.931,17508.54,16851.89,3670.852,11207.582
,,,,,,,,2424,3562.928,398.2624,3498.944,1943.99,15855.658,17264.24,16668.63,3681.511,10708.438
,,,,,,,,2425,3443.865,371.381,3371.025,1928.785,15584.577,15289.04,15061.52,3297.541,10446.601
,,,,,,,,2426,3394.965,350.8865,3323.183,1865.278,15600.492,13607.74,13702.87,2902.493,10237.03
,,,,,,,,2427,3345.001,335.5632,3331.702,1879.324,15686.441,12385.78,12781.19,2633.437,10227.463
,,,,,,,,2428,3372.64,331.4169,3409.136,1910.039,16513.964,11797.13,12386.86,2464.401,10379.146
,,,,,,,,2429,3457.685,337.4134,3616.665,2055.634,18114.657,12307.31,12852.68,2518.493,10857.999
,,,,,,,,2430,3524.895,361.1374,3969.01,2282.96,20206.967,14004.01,14409.08,2776.108,11419.856
,,,,,,,,2431,3418.833,365.6564,4035.123,2423.22,21475.499,16182.44,15215.64,3068.652,11877.2523
,,,,,,,,2432,3138.789,314.4729,3500.978,2060.427,21268.755,16253.57,14226.71,2821.338,11983.318
,,,,,,,,2433,3080.68,280.3085,2766.801,1649.872,20277.615,14009.16,12185.71,2486.567,10549.905
,,,,,,,,2434,3206.948,254.0544,2161.065,1277.751,19731.108,10842.36,9820.449,1780.31,9720.372
,,,,,,,,2435,2019.547,237.0265,1749.361,943.7711,19176.147,8093.557,7075.703,1273.448,9254.956
,,,,,,,,2436,1815.209,232.8897,1590.166,731.504,18824.833,6518.825,5959.631,995.6609,8758.225
,,,,,,,,2437,2248.097,244.5655,1605.32,679.6075,17937.202,5869.712,5904.406,760.1271,8583.244
,,,,,,,,2438,2432.474,273.206,1841.489,750.0317,17783.175,5677.02,6641.441,710.1907,10949.026
,,,,,,,,2439,3510.501,319.3558,2212.223,944.8827,17667.221,6437.704,7563.64,1018.147,8834.66
,,,,,,,,2440,3123.677,383.7586,2648.72,1326.023,18098.391,7614.627,8257.286,1559.976,10302.022
,,,,,,,,2441,3873.586,443.1711,3219.833,1850.759,18583.044,10281.46,10750.2,2270.062,11271.716
,,,,,,,,2442,4062.452,482.2439,3830.635,2319.113,19089.788,13628.84,13144.24,3008.05,12260.8821
,,,,,,,,2443,4224.151,501.8945,4078.279,2501.924,19371.467,15399.8,14327.09,3352.237,12266.9249
,,,,,,,,2444,4247.539,503.5912,4187.142,2556.086,19389.166,16237.67,14883.69,3445.565,12148.9534
,,,,,,,,2445,4156.116,488.7492,4096.691,2496.593,18489.775,17049.18,16124.13,3579.703,11817.7885
,,,,,,,,2446,3963.702,461.3148,4038.628,2360.962,17518.755,17242.75,16638.23,3572.572,11552.336
,,,,,,,,2447,3785.108,420.8069,3910.135,2142.69,16589.554,17565.6,17415.9,3709.144,10989.606
,,,,,,,,2448,3604.387,387.7293,3753.261,1904.706,15717.336,17256.85,17299.47,3703.135,10576.303
,,,,,,,,2449,3489.577,359.1605,3183.928,1860.523,15422.726,15192.34,14458.21,3226.389,10355.608
,,,,,,,,2450,3411.974,338.6659,3117.351,1819.302,15360.747,13471.29,13053.87,2816.046,10166.097
,,,,,,,,2451,3373.703,324.1864,3082.613,1837.799,15776.549,12358.97,11999.72,2514.604,10158.439
,,,,,,,,2452,3399.217,322.1086,3106.177,1899.594,16562.327,11883.17,11531.73,2356.278,10387.35
,,,,,,,,2453,3485.325,326.0366,3283.394,2029.595,17832.142,12325.37,11846.72,2379.778,10845.801
,,,,,,,,2454,3588.442,344.3079,3574.712,2226.479,19640.074,13947.62,13217.66,2617.585,11398.003
,,,,,,,,2455,3440.095,340.8253,3603.209,2309.968,20660.656,15882.26,14133.04,2874.898,10835.0354
,,,,,,,,2456,2787.635,293.4613,3076.778,1941.778,21104.251,15659.46,12939.93,2546.516,9798.156
,,,,,,,,2457,2320.378,264.2684,2554.404,1600.423,20969.855,13999.94,11413.24,2149.877,8946.443
,,,,,,,,2458,2039.623,232.5441,2140.187,1330.974,20557.006,11439.1,9485.895,1762.159,8117.844
,,,,,,,,2459,1859.973,226.6297,1931.997,1016.18,20176.845,8801.159,7317.564,1401.673,7592.755
,,,,,,,,2460,1846.627,235.4937,1743.397,856.8707,19537.421,7553.95,6512.149,1094.868,7416.527
,,,,,,,,2461,1940.529,254.146,1766.685,930.2855,19133.895,7583.28,6598.122,971.682,7498.78
,,,,,,,,2462,2204.397,292.748,1986.384,949.7536,18791.083,6865.454,7243.241,946.774,7999.116
,,,,,,,,2463,2595.948,361.7239,2364.092,1096.456,18652.168,7651.892,8230.302,1202.77,8669.052
,,,,,,,,2464,3046.907,406.4851,2868.716,1434.151,18496.137,9240.928,8922.563,1614.63,9935.334
,,,,,,,,2465,3811.814,494.013,3435.281,2000.025,18593.623,11325,11382.98,2369.21,11215.191
,,,,,,,,2466,4035.875,545.8686,3941.942,2452.158,18978.385,13786.72,13731.99,3124.717,12354.0547
,,,,,,,,2467,4195.449,526.5986,4134.646,2639.716,19152.775,15275.28,14557.23,3439.477,12481.9601
,,,,,,,,2468,4208.206,515.6213,4158.759,2668.027,19114.879,15657.67,14717.08,3368.787,12363.0142
,,,,,,,,2469,4104.026,493.9205,4040.646,2621.469,18430.275,16436.42,15923.33,3483.175,11905.0885
,,,,,,,,2470,3921.179,463.5739,3847.268,2433.888,17691.499,16734.96,16038.41,3474.308,11612.31
,,,,,,,,2471,3728.766,424.2907,3635.155,2203.258,16873.722,17095.93,16465.32,3598.638,11040.766
,,,,,,,,2472,3550.171,391.2131,3415.33,1915.485,16194.933,16516.32,15770.24,3530.914,10594.81
,,,,,,,,2473,3419.415,357.6357,3372.96,1901.495,15838.235,14939.72,14892.8,3338.87,10338.82
,,,,,,,,2474,3341.812,335.9257,3342.888,1832.322,15883.309,13472.85,13837.83,3020.988,10114.348
,,,,,,,,2475,3288.659,321.2556,3366.282,1803.708,15936.775,12229.33,12994.2,2727.668,10062.391
,,,,,,,,2476,3288.659,313.1628,3474.426,1829.146,16300.908,11606.41,12561.31,2564.253,10102.088
,,,,,,,,2477,3320.551,313.1536,3575.015,1866.389,17121.002,11434.89,12393.34,2477.588,10360.199
,,,,,,,,2478,3344.175,314.4326,3719.832,1928.432,18167.45,11748.78,12644.96,2493.588,10530.5615
,,,,,,,,2479,3119.525,303.4563,3647.302,1990.763,18750.758,12459.15,12292.28,2436.693,9963.4415
,,,,,,,,2480,2872.672,270.5716,2986.574,1677.098,19595.004,11433.73,10003.39,2049.61,9256.983
,,,,,,,,2481,2490.697,252.2842,2368.817,1360.28,20068.697,10285.35,8181.628,1481.533,8573.092
,,,,,,,,2482,2052.968,239.1854,2083.205,1144.326,19682.409,7536.356,6965.917,1216.449,8012.875
,,,,,,,,2483,1913.952,246.8064,1782.377,853.8083,19121.188,5553.175,4823.822,853.8156,8213.893
,,,,,,,,2484,1907.222,247.9505,1595.149,652.9793,18777.124,4754.111,4740.278,405.7831,8034.37
,,,,,,,,2485,2011.99,259.9716,1626.354,690.5992,18159.124,4280.588,4726.876,657.7881,8484.578
,,,,,,,,2486,2246.33,298.4743,1751.852,851.3054,17718.054,4935.343,5092.918,638.7531,8907.436
,,,,,,,,2487,2658.079,378.146,2030.103,1145.372,17953.694,6366.129,6432.181,711.5256,10087.5
,,,,,,,,2488,3111.991,437.5946,2579.515,1668.939,18235.117,8203.958,7398.994,1214.225,11030.635
,,,,,,,,2489,3622.597,493.0609,3137.695,2146.884,18463.283,9942.196,9865.034,1954.476,12136.976
,,,,,,,,2490,4135.803,526.436,3738.636,2342.677,18906.017,11866.19,12204.87,2707.922,12853.819
,,,,,,,,2491,4325.142,513.0715,3909.436,2529.02,18979.636,13435.45,12932.32,3013.129,12939.654
,,,,,,,,2492,4337.899,496.5327,3918.118,2525.62,19085.853,14293.58,13352.01,3084.247,12639.862
,,,,,,,,2493,4240.098,478.5972,3779.745,2439.39,18508.7,14796.38,14080.53,3189.307,12270.2857
,,,,,,,,2494,4140.17,468.0826,3650.048,2284.625,17823.923,14962.77,14104.06,3138.625,11773.919
,,,,,,,,2495,3906.297,436.883,3490.443,2110.147,16790.514,14852.03,14214.07,3144.364,11164.503
,,,,,,,,2496,3745.775,399.6591,3326.008,1834.568,16087.165,15394.94,14732.46,3318.655,10656.649
,,,,,,,,2497,3664.982,371.7435,3159.656,1821.379,15841.614,14575.14,14052.29,3160.67,10364.192
,,,,,,,,2498,3561.865,340.9157,3058.499,1754.721,15861.804,13122.08,12795.03,2811.248,10093.632
,,,,,,,,2499,3495.955,326.4361,3013.154,1736.224,16079.39,11867.95,11676.86,2504.403,9947.321
,,,,,,,,2500,3477.883,312.9908,2968.371,1726.131,16588.096,11059.59,10997.09,2305.015,9920.278
,,,,,,,,2501,3503.397,308.0008,3002.548,1773.242,17274.066,10851.09,10651.74,2206.67,10059.355
,,,,,,,,2502,3420.952,307.03,3044.443,1797.241,18432.902,11024.97,10640.07,2194.82,10217.242
,,,,,,,,2503,3211.422,286.936,2923.082,1845.783,19069.092,12062.36,10107.94,2333.706,9756.0927
,,,,,,,,2504,3001.54,263.7946,2629.976,1735.575,19474.734,12775.53,9188.129,2248.693,9077.137
,,,,,,,,2505,2736.379,262.3725,2311.673,1598.01,19431.228,10980.94,7775.925,1620.302,8646.01
,,,,,,,,2506,2482.438,262.5736,2053.191,1693.317,19086.825,10679.64,6685.445,946.505,8524.309
,,,,,,,,2507,2303.025,230.7591,1630.012,1518.858,18580.023,8346.034,4436.522,454.9574,8950.452
,,,,,,,,2508,2354.052,233.8806,1461.899,1607.169,18524.569,7676.564,3791.428,333.537,9750.853
,,,,,,,,2509,2508.547,257.3142,1347.459,1463.788,18018.183,7753.139,4373.054,220.8989,9505.705
,,,,,,,,2510,2824.506,284.5487,1561.074,1570.072,17434.715,10099.74,5293.836,287.0873,11416.891
,,,,,,,,2511,3005.218,358.4234,1832.528,1723.221,17645.186,10363.35,6467.238,680.3881,10618.143
,,,,,,,,2512,3589.175,452.5447,2356.99,1852.928,18096.55,11520.84,7113.188,1187.935,11556.54
,,,,,,,,2513,3834.024,496.8524,2982.143,2163.974,18616.918,12404.53,9506.586,2221.985,12711.057
,,,,,,,,2514,4114.542,520.811,3598.15,2368.454,19013.385,13206.9,11807.13,2743.158,13174.956
,,,,,,,,2515,4250.728,522.6613,3918.364,2448.328,19170.507,13749.62,12751.23,2927.797,13240.436
,,,,,,,,2516,4315.575,530.754,4013.316,2479.82,19229.424,14669.53,13525.45,3166.97,13089.187
,,,,,,,,2517,4226.278,516.9463,3950.038,2489.828,18494.963,15235.66,14333.35,3259.607,12499.797
,,,,,,,,2518,4084.891,476.4384,3826.136,2402.299,17512.737,15246.94,14458.26,3173.768,12016.585
,,,,,,,,2519,3861.648,434.243,3615.549,2163.677,16215.855,15062.09,14534.36,3157.24,11228.875
,,,,,,,,2520,3690.495,394.1068,3386.631,1916.238,15404.859,15815.62,15207.16,3433.251,10690.369
,,,,,,,,2521,3592.694,362.254,3162.544,1870.118,15100.426,14461.21,14045,3176.223,10370.725
,,,,,,,,2522,3519.343,341.7687,3062.358,1810.649,15167.628,12697.14,12665.81,2764.903,10120.452
,,,,,,,,2523,3482.135,321.2741,3015.639,1799.919,15475.189,11482.51,11536.92,2474.199,10087.825
,,,,,,,,2524,3506.586,312.147,3023.364,1829.832,16094.561,10941.92,11057.34,2287.126,10284.322
,,,,,,,,2525,3583.126,318.3248,3171.239,1938.433,17661.608,11403.04,11432.68,2326.739,10686.153
,,,,,,,,2526,3702.189,340.4791,3481.848,2128.376,19351.767,13142.27,12856.12,2608.515,11152.047
,,,,,,,,2527,3846.176,368.2769,3723.964,2317.875,20469.752,15765.4,14592.82,3222.211,10683.2887
,,,,,,,,2528,3591.409,380.5518,3779.31,2131.729,20863.424,15955.52,15805.98,3538.333,9847.613
,,,,,,,,2529,3087.181,400.5296,3746.262,1948.476,20793.114,15126.9,15175.92,2915.853,9192.495
,,,,,,,,2530,2425.98,362.4369,3324.719,1774.821,20196.286,13514.62,13709.69,3081.543,8782.623
,,,,,,,,2531,2401.178,352.2043,3457.071,1630.203,19550.447,10913.87,12519.55,1932.11,9141.206
,,,,,,,,2532,3818.904,308.4681,3212.995,1131.848,19158.944,8567.941,9274.021,2251.891,8807.786
,,,,,,,,2533,4068.715,231.4744,3454.09,958.1127,18629.919,6097.354,10244.29,1602.703,10332.944
,,,,,,,,2534,4072.493,287.4302,3531.365,892.6992,18304.391,5864.725,9655.01,2482.197,11068.523
,,,,,,,,2535,4076.746,307.0632,3317.792,1041.569,18277.911,6701.604,9820.133,1796.982,11250.7
,,,,,,,,2536,4165.095,357.4852,3529.41,1379.557,18360.843,8260.57,11146.88,2462.696,12169.605
,,,,,,,,2537,3964.773,430.8418,3589.589,1865.017,18904.295,10337.77,11564.19,2982.515,12153.883
,,,,,,,,2538,4107.1,468.0908,3807.518,2346.664,19302.929,13746.38,13407.49,3211.443,12630.467
,,,,,,,,2539,4284.746,483.7222,4100.165,2607.342,19522.957,15775.19,14403.66,3338.774,12665.3329
,,,,,,,,2540,4279.431,488.5216,4170.43,2675.089,19498.829,16732.29,15130.94,3538.598,12517.2331
,,,,,,,,2541,4217.773,483.8409,4059.474,2618.827,18866.352,17321.75,16188.21,3606.805,12075.0517
,,,,,,,,2542,4049.81,441.6455,3881.69,2468.593,17758.625,17242.25,16315.95,3523.937,11719.443
,,,,,,,,2543,3861.648,409.6114,3655.667,2219.217,16537.212,17527.27,16761.1,3612.084,11124.174
,,,,,,,,2544,3681.991,376.5338,3408.418,1962.487,15715.084,17085.83,16330.76,3627.523,10721.456
,,,,,,,,2545,3569.307,351.2582,3162.702,1908.211,15219.348,14987.56,14362.33,3186.036,10487.089
,,,,,,,,2546,3488.514,330.7636,3089.934,1855.847,15159.689,13215.17,12947.29,2755.833,10295.891
,,,,,,,,2547,3448.118,317.3183,3039.765,1861.738,15388.649,12104.63,11897.52,2476.861,10298.711
,,,,,,,,2548,3460.874,315.05,3098.465,1903.844,16031.813,11677.82,11507.56,2323.967,10505.091
,,,,,,,,2549,3558.676,327.0616,3305.993,2051.127,17461.266,12184.3,11911.96,2372.598,10999.755
,,,,,,,,2550,3601.672,347.2109,3604.065,2248.011,19340.205,13924.45,13330.71,2654.426,11491.579
,,,,,,,,2551,3482.854,354.8777,3758.894,2429.21,20116.311,16239.7,14354.27,3241.429,10983.3623
,,,,,,,,2552,2838.899,300.6918,3139.337,2012.01,20503.992,15985.62,13323.14,2612.819,10096.264
,,,,,,,,2553,2374.831,267.2534,2570.244,1593.834,19990.997,14020.67,11725.66,2018.391,9215.402
,,,,,,,,2554,2037.97,240.4371,2107.226,1260.23,19573.998,10716.92,8953.126,1712.208,8413.064
,,,,,,,,2555,1893.165,230.5854,1802.632,968.8617,19334.996,8425.476,7255.479,1274.378,8049.602
,,,,,,,,2556,1895.765,236.5372,1721.2,786.2347,18910.29,7025.257,6584.607,1093.437,7943.807
,,,,,,,,2557,1965.453,256.4236,1674.425,761.4587,18549.07,6360.442,6477.334,982.58,8008.902
,,,,,,,,2558,2281.411,295.4065,1863.403,842.6368,17808.923,6612.7,7253.345,1228.49,8536.49
,,,,,,,,2559,2697.175,370.4884,2241.986,1089.166,17645.384,7229.252,8180.702,1133.961,9293.481
,,,,,,,,2560,3211.681,442.5028,2675.999,1442.796,17930.852,8635.862,8968.901,1567.314,10434.921
,,,,,,,,2561,3731.029,511.7858,3268.587,2018.186,18397.295,11481.44,11399.35,2391.338,11672.007
,,,,,,,,2562,4266.796,545.4692,3813.548,2547.297,19105.998,14672.01,13919.45,3180.215,12736.493
,,,,,,,,2563,4488.854,544.0806,4135.458,2823.921,19398.723,16160.2,14817.23,3424.125,12939.284
,,,,,,,,2564,4453.772,523.2235,4118.092,2834.076,19269.323,16806.1,15225.46,3561.052,12825.588
,,,,,,,,2565,4275.178,506.3223,3980.678,2741.293,18599.172,17451.89,16266.95,3704.608,12350.033
,,,,,,,,2566,4112.53,477.1912,3851.94,2561.23,17495.131,17404.04,16421.84,3614.617,11903.048
,,,,,,,,2567,3849.954,434.624,3615.304,2272.571,16269.135,17564.18,16848.33,3648.799,11247.464
,,,,,,,,2568,3642.658,391.3943,3392.579,2011.226,15492.713,17112.57,16405.76,3655.271,10711.965
,,,,,,,,2569,3491.703,363.6693,3174.28,1982.801,15052.153,15030.01,14521.49,3223.648,10448.517
,,,,,,,,2570,3421.541,341.9592,3090.898,1914.679,14929.252,13259.47,13103.82,2796.238,10245.46
,,,,,,,,2571,3396.028,324.5581,3044.589,1902.072,15195.094,12040.28,11998.96,2517.266,10204.381
,,,,,,,,2572,3427.919,318.3434,3072.978,1934.086,15737.043,11503.89,11537.08,2359.836,10376.184
,,,,,,,,2573,3497.018,324.3398,3248.264,2034.92,16957.13,12058.44,11943.23,2415.693,10827.111
,,,,,,,,2574,3530.447,342.4299,3537.653,2215.632,18586.959,13770.43,13291.37,2650.898,11288.313
,,,,,,,,2575,3459.467,350.8227,3597.299,2364.937,19615.719,15808.57,14319.94,2934.524,10635.901
,,,,,,,,2576,2930.322,297.9701,3153.799,2064.696,19660.398,15528.92,13962.55,2656.204,9843.048
,,,,,,,,2577,2598.9,273.8849,2700.643,1701.319,19299.29,13786.98,12433.16,2515.644,9036.318
,,,,,,,,2578,2368.108,260.5232,2239.137,1447.291,18863.712,11061.85,9757.848,2212.131,8605.574
,,,,,,,,2579,2256.495,258.8185,2131.601,1258.295,18396.504,9396.314,8459.313,1510.893,8620.737
,,,,,,,,2580,2272.089,277.0001,2190.257,1166.635,18412.283,8273.935,7815.564,1393.9,9089.603
,,,,,,,,2581,2428.71,318.2698,2131.574,1212.635,18196.756,7819.908,7973.441,1162.549,9540.145
,,,,,,,,2582,2786.128,348.8611,2413.857,1423.491,18031.513,8488.519,9052.857,1428.683,10072.89
,,,,,,,,2583,3291.189,440.019,2714.662,1620.981,18188.653,9339.273,10234.58,1623.576,11200.167
,,,,,,,,2584,3778.53,494.2697,3219.671,2146.037,18574.607,11261.91,10531.1,1990.519,12488.131
,,,,,,,,2585,4268.938,570.8654,3705.547,2689.814,19171.564,13206.19,12920.37,2639.232,13640.511
,,,,,,,,2586,4793.837,625.9598,4163.446,3079.36,19577.78,16536.2,15406.55,3255.039,14438.486
,,,,,,,,2587,4972.546,621.278,4441.857,3358.867,19737.376,17475.98,16115.75,3446.493,14346.981
,,,,,,,,2588,4782.258,590.2688,4360.815,3232.402,19385.342,17878.58,16288.3,3538.61,13836.63
,,,,,,,,2589,4475.034,550.9857,4159.321,3159.994,18703.121,18409.56,17070.17,3652.552,12961.956
,,,,,,,,2590,4197.575,509.2623,4031.548,2873.022,17479.264,18037.52,17125.06,3569.706,12317.934
,,,,,,,,2591,3932.873,453.4311,3790.491,2515.026,16216.633,18165.89,17286.9,3611.958,11559.154
,,,,,,,,2592,3757.468,410.0109,3476.111,2255.617,15359.026,17527.57,16826.17,3653.426,10954.814
,,,,,,,,2593,3570.37,382.0953,3280.81,2189.099,14878.886,15470.52,15008.78,3243.428,10621.143
,,,,,,,,2594,3487.451,362.4538,3146.856,2068.862,14611.102,13737.88,13494.71,2866.212,10320.887
,,,,,,,,2595,3460.874,338.8564,3091.863,2057.306,14642.361,12430.44,12373.23,2560.236,10230.815
,,,,,,,,2596,3482.135,331.6074,3092.834,2082.131,15124.337,11776.09,11794.84,2375.007,10360.384
,,,,,,,,2597,3561.865,337.7852,3267.156,2181.665,16200.74,12181.32,12185.81,2405.652,10776.253
,,,,,,,,2598,3569.781,354.6504,3556.137,2360.028,17712.429,13841.11,13480.04,2644.467,11195.046
,,,,,,,,2599,3425.923,356.0667,3627.335,2502.102,18853.021,15887.79,14613.75,2960.797,10677.55
,,,,,,,,2600,2987.491,314.0736,3255.143,2347.197,19201.819,16911.53,14554.96,2581.46,10215.349
,,,,,,,,2601,2722.804,300.3311,2818.346,2001.175,19156.945,15043.3,13561.76,2483.835,9716.254
,,,,,,,,2602,2633.399,291.4781,2301.987,1758.83,19122.883,12716.31,10409.89,2456.23,9690.206
,,,,,,,,2603,2832.192,302.2296,2105.695,1723.805,18977.742,10237.37,10218.44,1982.922,9882.366
,,,,,,,,2604,2827.236,341.2323,2271.995,1587.464,18871.349,9313.529,8576.606,1006.001,10472.478
,,,,,,,,2605,3248.789,383.5363,2065.287,1546.258,18696.783,8563.75,8184.213,1068.769,11201.95
,,,,,,,,2606,3724.91,442.723,2275.41,1817.108,18671.787,8950.007,9421.211,1933.916,12092.04
,,,,,,,,2607,3912.598,509.3048,2511.019,2231.752,18767.761,11870.31,9822.836,1731.392,13077.227
,,,,,,,,2608,4355.887,579.7676,2893.884,2356.546,18894.144,10979.7,10889.84,2061.493,13889.962
,,,,,,,,2609,4825.148,661.8704,3295.831,2829.094,19040.908,12780.07,12810.88,2333.787,14865.163
,,,,,,,,2610,5106.14,697.2506,3847.106,3237.388,19258.139,15910.71,14762,2969.281,15750.862
,,,,,,,,2611,5231.933,660.7701,4130.951,3309.203,19278.254,16752.04,15204.23,3261.667,15273.872
,,,,,,,,2612,5048.023,615.4719,4124.197,3330.184,19064.402,17345.57,15317.88,3430.008,14457.234
,,,,,,,,2613,5017.195,590.4778,4009.779,3172.516,18425.058,17986.25,16342.96,3549.404,13802.845
,,,,,,,,2614,4722.727,564.0777,3875.253,2926.99,17343.6,17853.85,16429.85,3506.963,12929.431
,,,,,,,,2615,4330.458,522.3543,3655.825,2604.299,16111.302,18019.9,16859.49,3601.249,12094.624
,,,,,,,,2616,4129.539,463.6016,3397.402,2301.18,15293.325,17588.21,16520.88,3621.195,11419.531
,,,,,,,,2617,3844.639,417.4504,3166.562,2224.181,14808.623,15477.98,14593.75,3218.268,10969.733
,,,,,,,,2618,3759.594,394.5157,3099.02,2112.573,14638.018,13743.98,13242.76,2833.033,10854.359
,,,,,,,,2619,3708.567,375.8991,3068.141,2072.651,14773.367,12494.29,12177.24,2535.178,10706.108
,,,,,,,,2620,3663.919,363.4787,3066.218,2101.514,15300.299,12023.54,11720.93,2361.607,10765.308
,,,,,,,,2621,3743.648,365.5195,3231.863,2198.31,16418.307,12382.04,12031.9,2393.178,11036.844
,,,,,,,,2622,3755.816,377.404,3510.633,2373.545,17901.144,13946.07,13379.5,2583.466,11641.107
,,,,,,,,2623,3703.971,379.0927,3671.091,2528.447,18879.363,16037.34,14733.81,2847.427,11403.541
,,,,,,,,2624,3358.851,336.9727,3727.997,2382.91,19355.833,18192.84,15649.62,2581.233,10727.706
,,,,,,,,2625,3017.271,329.3179,3655.767,1962.258,19423.696,17698.22,15203.31,2762.81,10231.86
,,,,,,,,2626,2802.663,323.3771,3647.593,1402.003,19379.836,15173.44,13828.92,1897.427,10110.471
,,,,,,,,2627,2747.154,329.8738,3337.55,1088.784,19327.844,10572.29,12590.7,1315.589,9904.798
,,,,,,,,2628,2731.094,354.5148,3266.988,832.2213,18117.017,8410.916,11617.05,1115.226,10183.843
,,,,,,,,2629,2895.394,385.8415,3043.064,853.3517,18083.934,9318.287,11739.15,713.8121,10783.35
,,,,,,,,2630,3206.863,426.0492,2347.466,974.9645,17694.274,6654.907,10616.73,625.0018,11432.55
,,,,,,,,2631,3471.083,506.7919,2718.736,1143.241,17416.394,7029.787,9003.921,1130.295,12102.795
,,,,,,,,2632,3933.5,559.1647,3346.487,1498.381,17512.008,8535.92,9870.096,1424.59,13216.846
,,,,,,,,2633,4452.366,634.9971,3518.707,2030.691,18139.749,11420.82,11116.13,2059.35,14084.134
,,,,,,,,2634,4581.225,630.4778,3791.068,2446.736,18454.031,14093.42,13454.74,2892,14681.559
,,,,,,,,2635,4756.745,611.3256,3989.121,2597.245,18707.218,15437.53,14127.44,3197.13,14539.389
,,,,,,,,2636,4809.898,590.4686,4033.899,2599.656,18606.029,15904.5,14482.44,3370.931,14340.086
,,,,,,,,2637,4723.79,565.2839,3903.647,2581.051,18077.923,16628.8,15561.17,3452.584,13860.146
,,,,,,,,2638,4452.709,527.8788,3795.176,2453.352,17149.77,16738.53,15802.85,3456.774,13213.231
,,,,,,,,2639,4196.512,481.1747,3610.076,2214.317,16165.738,17141.71,16409.36,3523.261,12440.326
,,,,,,,,2640,3994.531,425.5247,3376.739,1891.875,15468.569,16514.96,15793.85,3488.767,11757.623
,,,,,,,,2641,3785.108,389.3351,3190.126,1862.126,14971.457,14995.24,14315.96,3183.015,11316.86
,,,,,,,,2642,3705.378,372.9775,3107.703,1786.013,14828.439,13563.44,13111.38,2850.682,10917.904
,,,,,,,,2643,3654.351,348.1555,3053.675,1767.103,14885.897,12296.38,12080.87,2529.512,10694.965
,,,,,,,,2644,3644.784,338.6566,3054.079,1773.406,15231.585,11587.85,11446.78,2375.064,10614.833
,,,,,,,,2645,3654.351,329.5296,3105.622,1796.354,15972.19,11334.49,11219.13,2286.554,10755.724
,,,,,,,,2646,3616.318,331.6524,3167.656,1824.142,16823.518,11518.26,11252.6,2292.69,10895.538
,,,,,,,,2647,3277.806,305.7164,3185.283,1820.127,17409.58,11708.23,10560.39,2396.373,10442.3191
,,,,,,,,2648,2914.965,270.8994,3244.768,1542.415,18115.984,10978.81,9716.366,1600.748,9835.255
,,,,,,,,2649,2635.396,258.9988,2809.334,1257.343,18049.139,8869.737,8687.507,1476.365,9350.848
,,,,,,,,2650,2391.847,252.1055,2250.176,1010.015,17555.129,6919.143,6697.008,1314.129,8910.326
,,,,,,,,2651,2449.727,249.4937,1971.412,739.194,17356.149,4773.402,5155.288,480.5802,8828.58
,,,,,,,,2652,2232.396,258.5482,1657.969,565.041,17169.19,3784.11,5245.486,1140.041,9115.219
,,,,,,,,2653,4168.643,279.6593,1298.192,537.2775,16635.197,3260.775,5565.208,259.7287,9524.046
,,,,,,,,2654,3229.754,316.2021,1448.83,639.349,16242.412,3465.287,4494.355,176.4832,10272.405
,,,,,,,,2655,2902.224,396.5455,1750.1,872.6113,16252.629,4458.957,5607.254,477.3164,11093.754
,,,,,,,,2656,3303.105,433.5857,2257.63,1243.346,16592.114,5986.14,6821.156,1004.885,12089.844
,,,,,,,,2657,3795.875,502.3968,2804.3,1805.273,17205.234,8611.642,9078.662,1714.071,13000.237
,,,,,,,,2658,4159.19,543.0568,3458.39,2273.681,17631.484,11799.11,11800.57,2475.064,13686.068
,,,,,,,,2659,4312.386,548.9079,3780.161,2571.979,17981.852,13603.75,12717.53,2832.645,13756.046
,,,,,,,,2660,4341.088,537.7216,3833.218,2526.951,17840.292,14538.35,13227.63,3078.263,13267.247
,,,,,,,,2661,4285.809,515.8303,3718.963,2436.767,17440.235,14959.62,13872.99,3162.777,12718.589
,,,,,,,,2662,4074.26,480.4937,3637.506,2338.343,16683.559,15016.19,14184.06,3145.959,12195.909
,,,,,,,,2663,3859.522,449.2941,3531.368,2161.516,15760.194,14920.92,14297.84,3123.476,11528.866
,,,,,,,,2664,3710.694,408.7862,3336.621,1838.272,15068.082,15385.27,14814.66,3308.79,10921.143
,,,,,,,,2665,3565.054,371.7435,3169.304,1803.933,14712.084,14581.11,14014.48,3141.787,10566.723
,,,,,,,,2666,3499.145,352.1019,3056.576,1718.364,14520.208,13019.83,12790.45,2795.951,10318.856
,,,,,,,,2667,3438.55,330.5731,3017.014,1699.619,14552.302,11774.95,11757.31,2486.468,10133.023
,,,,,,,,2668,3436.424,318.1621,2970.3,1722.731,14857.261,10988.77,10984.64,2291.564,10046.538
,,,,,,,,2669,3442.802,314.8688,2996.759,1735.586,15570.945,10699.35,10708.58,2197.703,10123.151
,,,,,,,,2670,3380.556,310.0243,3018.211,1732.264,16670.733,10795.26,10596.4,2145.478,10236.604
,,,,,,,,2671,3050.548,288.0072,2808.695,1687.861,17203.456,10694.97,9570.521,1955.673,9749.2699
,,,,,,,,2672,2667.747,261.2737,2449.508,1443.567,17186.715,9703.377,8081.35,1467.278,9208.954
,,,,,,,,2673,2373.294,271.1914,2118.744,1245.254,17193.351,8083.452,6965.316,960.9573,8773.139
,,,,,,,,2674,2164.827,247.8506,1840.673,1085.235,17157.905,5983.075,5096.991,739.4822,8377.072
,,,,,,,,2675,2031.715,246.4542,1552.816,922.0589,17252.351,4541.519,4374.635,417.6545,8445.463
,,,,,,,,2676,2021.558,258.802,1453.96,792.8382,16984.119,3725.441,4800.43,275.0036,8722.559
,,,,,,,,2677,2383.343,283.7416,1382.139,835.2977,16897.8,3824.654,4669.088,202.9396,9168.398
,,,,,,,,2678,2413.82,364.7119,1688.359,903.8693,16907.394,4269.956,6440.629,273.7433,9843.189
,,,,,,,,2679,2882.263,387.246,2053.379,1247.039,17099.901,5344.651,7716.327,630.3591,10423.114
,,,,,,,,2680,3663.827,469.6028,2473.084,1715.843,17388.575,7366.87,8444.847,1128.233,11524.522
,,,,,,,,2681,3939.389,525.6946,3114.858,2254.836,17863.599,9915.921,10315.67,1905.142,12666.911
,,,,,,,,2682,4379.481,576.7698,3812.932,2709.511,18177.71,12726.79,12851.1,2713.926,13553.466
,,,,,,,,2683,4580.277,580.5432,4115.279,3028.431,18383.268,14582.05,13867.99,2969.178,13738.225
,,,,,,,,2684,4520.746,559.9761,4067.198,3032.142,18287.553,15390.63,14248.45,3207.455,13377.568
,,,,,,,,2685,4431.448,531.6071,3908.564,2949.725,17749.653,16041.68,14612.41,3285.219,12709.023
,,,,,,,,2686,4188.007,498.339,3774.044,2710.277,16628.373,16024.11,14935.66,3230.766,12113.108
,,,,,,,,2687,3928.621,460.0901,3562.492,2422.917,15551.836,15727.66,14759.93,3204.745,11361.452
,,,,,,,,2688,3767.036,409.6206,3341.293,2145.012,14785.582,16446.13,15482.62,3458.337,10720.083
,,,,,,,,2689,3628.838,379.8363,3140.36,2043.46,14369.188,14980.22,14182.29,3164.565,10379.095
,,,,,,,,2690,3565.054,355.0235,3052.71,1965.494,14261.704,13113.54,12653.36,2757.729,10157.37
,,,,,,,,2691,3518.28,335.5632,3002.138,1969.059,14457.262,11895.28,11562.28,2462.542,10053.194
,,,,,,,,2692,3504.46,326.4361,3025.293,1989.682,15067.895,11381.44,11087.08,2288.92,10201.725
,,,,,,,,2693,3577.811,334.5011,3181.846,2110.64,16355.105,11879.53,11542.65,2334.758,10609.631
,,,,,,,,2694,3631.438,353.8794,3449.827,2297.113,17930.113,13540.13,12958.62,2642.592,11053.073
,,,,,,,,2695,3390.727,349.4989,3442.947,2388.524,19046.889,15494.01,13586.67,3066.464,10730.3629
,,,,,,,,2696,3086.355,340.184,3046.693,2201.209,19392.57,15706.38,13228.67,3091.338,10241.132
,,,,,,,,2697,2779.383,334.3251,2699.139,1985.085,19237.191,14659.28,11836.42,2605.79,10199.917
,,,,,,,,2698,2624.069,314.9206,2228.496,1842.466,19100.056,12545.13,10110.73,1869.624,9255.283
,,,,,,,,2699,2539.857,313.1432,2052.402,1633.935,18704.883,10609.5,8489.819,1411.134,9079.432
,,,,,,,,2700,2519.308,339.1083,1970.396,1489.593,18499.14,9935.361,7826.548,1114.332,10049.086
,,,,,,,,2701,2684.434,378.9085,1893.597,1588.878,18659.653,9360.737,7775.729,884.1765,12944.247
,,,,,,,,2702,3058.035,451.0601,2040.106,1734.671,18564.382,10136.56,8538.253,864.6784,12808.592
,,,,,,,,2703,3577.152,508.3871,2442.186,2144.14,18184.981,11807.89,10098.22,1254.443,12467.75
,,,,,,,,2704,3974.959,567.5099,2893.253,2592.042,18633.617,13252.54,10700.29,1710.113,13499.323
,,,,,,,,2705,4545.333,643.9336,3505.223,3053.795,19061.312,16074.85,12977.94,2534.064,13225.53
,,,,,,,,2706,4971.605,682.698,4136.203,3433.095,19307.658,19281.51,15496.4,3210.623,13792.322
,,,,,,,,2707,5190.474,679.1505,4415.749,3688.295,19487.407,20658.7,16506.92,3538.216,14085.031
,,,,,,,,2708,5016.131,637.7172,4376.748,3617.805,19316.858,20006.64,16459.02,3651.324,13857.279
,,,,,,,,2709,4923.646,605.2111,4190.697,3452.31,18636.529,20059.09,16816.46,3638.956,13139.665
,,,,,,,,2710,4430.385,549.3891,3958.891,3101.03,17384.331,19333.24,17183.87,3598.658,12480.764
,,,,,,,,2711,4140.17,499.7727,3671.116,2765.259,16161.675,19309.26,17305.5,3680.739,11644.903
,,,,,,,,2712,3950.945,458.4211,3444.121,2412.127,15387.913,18522.77,16814.35,3661.6,11022.62
,,,,,,,,2713,3831.882,415.0102,3206.118,2340.544,14924.133,16039.51,14735.42,3178.811,10665.716
,,,,,,,,2714,3778.729,385.2074,3114.053,2194.043,14824.702,14115.52,13242.55,2801.596,10388.926
,,,,,,,,2715,3681.991,363.488,3067.738,2184.175,15078.392,12796.93,12225.13,2510.915,10297.654
,,,,,,,,2716,3645.847,348.9992,3118.719,2201.069,15860.97,12317.42,11831.12,2383.152,10417.484
,,,,,,,,2717,3695.811,352.5461,3329.142,2326.454,17226.823,12911.72,12265.81,2440.78,10815.299
,,,,,,,,2718,3703.726,365.5377,3575.898,2525.239,18912.498,14555.53,13550.15,2670.524,11219.002
,,,,,,,,2719,3484.277,364.2599,3545.277,2650.12,19905.334,16163.86,14203.14,3100.994,10810.88
,,,,,,,,2720,3204.118,349.9642,3129.098,2412.01,19890.252,16238.59,14044.05,3544.595,10402.683
,,,,,,,,2721,2964.945,336.1397,2675.747,2276.716,19277.3,15259.76,12548.53,3652.029,9803.951
,,,,,,,,2722,2913.81,314.7209,2259.174,2044.95,18789.338,13315.97,10501.68,2628.994,9474.481
,,,,,,,,2723,2931.416,321.5166,2039.938,1890.774,18208.475,11265.29,8932.432,1447.959,9437.808
,,,,,,,,2724,3010.556,362.3698,1968.948,1915.253,17856.987,10563.8,8568.694,1314.225,9958.193
,,,,,,,,2725,3209.938,419.3712,1921.49,2063.206,17593.904,11002.72,8675.013,1246.243,10538.612
,,,,,,,,2726,3515.502,487.1595,2247.908,2225.52,17484.239,11506.78,9560.567,1228.167,11227.612
,,,,,,,,2727,4046.314,548.8774,2703.448,2563.313,17577.752,13143.36,11061.56,1669.149,12287.345
,,,,,,,,2728,4504.952,605.9954,3225.255,3031.793,17913.234,14004.69,11706.04,2000.886,13555.372
,,,,,,,,2729,4946.933,676.8667,3804.709,3510.668,18513.894,16573.38,14074.52,2756.262,14728.526
,,,,,,,,2730,5295.839,712.1384,4222.459,3893.745,19016.025,19062.14,16535.18,3429.35,15425.799
,,,,,,,,2731,5468.995,704.8349,4432.706,4088.426,19387.74,20129.53,17228.22,3616.24,15280.585
,,,,,,,,2732,5293.59,656.5428,4363.955,4020.25,19182.017,20030.22,16815.37,3633.797,14725.57
,,,,,,,,2733,5058.654,616.7969,4162.46,3725.559,18680.464,19501.9,17489.46,3628.442,13792.224
,,,,,,,,2734,4682.331,579.2105,3924.299,3408.783,17481.096,19122.55,17448.16,3548.287,13110.72
,,,,,,,,2735,4349.593,521.1296,3635.564,3003.512,16337.692,19117.16,17568.9,3619.184,12362.606
,,,,,,,,2736,4096.584,477.8999,3393.14,2582.73,15571.85,18480.68,17066.55,3660.652,11570.703
,,,,,,,,2737,3955.198,436.9108,3194.546,2485.133,15175.509,16141.13,15039.74,3220.958,11179.548
,,,,,,,,2738,3828.693,407.1079,3100.552,2340.32,15131.87,14214.86,13511.33,2806.976,10893.475
,,,,,,,,2739,3736.207,382.2951,3062.92,2268.882,15255.897,12887.96,12408.77,2516.295,10674.942
,,,,,,,,2740,3733.018,369.8748,3066.785,2262.414,16083.163,12313.67,11878.79,2367.833,10684.383
,,,,,,,,2741,3803.18,361.2012,3245.931,2370.353,17652.129,12944.44,12278.51,2411.033,11016.138
,,,,,,,,2742,3851.729,381.4325,3500.399,2558.897,19508.033,14406.72,13545,2646.187,11415.991
,,,,,,,,2743,3626.727,381.189,3442.764,2640.021,20134.434,16096.73,14083.76,3074.389,11158.494
,,,,,,,,2744,3382.712,366.0854,3042.431,2372.509,19772.167,15973.22,13943.64,2985.735,10696.968
,,,,,,,,2745,3213.463,361.8323,2533.001,2206.06,19051.6,14410.62,12688.91,2129.956,10277.771
,,,,,,,,2746,3169.534,351.8538,2168.983,2048.471,18620.721,12187.55,10459.8,1861.256,10266.232
,,,,,,,,2747,3182.061,371.0248,1968.152,1893.929,18158.936,10200.31,8886.129,1531.138,10355.903
,,,,,,,,2748,3214.901,418.4009,1908.337,1954.895,17888.879,9340.288,8667.219,1369.891,10895.012
,,,,,,,,2749,3424.676,457.3573,1928.053,2156.214,17677.689,9237.851,8812.18,1193.775,11586.527
,,,,,,,,2750,3854.619,538.0462,2153.42,2481.559,17644.578,9508.956,9834.4,1304.801,12357.775
,,,,,,,,2751,4288.929,602.8759,2622.876,2748.352,17843.24,10662.89,11386.78,1568.498,12780.608
,,,,,,,,2752,4752.645,664.439,3126.915,3141.066,18168.604,11690.73,12111.54,2072.825,14127.589
,,,,,,,,2753,5533.735,734.2762,3697.373,3559.349,18730.147,14059.68,14339.63,2660.83,15202.813
,,,,,,,,2754,5731.219,760.8201,4202.753,3881.889,19040.9,16834.38,16340.98,3360.105,16064.265
,,,,,,,,2755,5785.787,768.0054,4360.769,4080.623,19394.638,18467.37,17156.08,3642.948,15966.823
,,,,,,,,2756,5628.454,693.476,4313.236,4034.733,19093.048,18254.39,17000.36,3625.851,15326.89
,,,,,,,,2757,5471.122,656.8421,4054.423,3757.489,18395.541,18523.76,17395.69,3649.199,14449.915
,,,,,,,,2758,5106.492,616.1529,3824.541,3329.767,17161.198,18168.45,17257.63,3493.563,13622.267
,,,,,,,,2759,4689.772,557.0377,3570.532,2932.487,15945.08,18451.1,17428.57,3577.014,12600.727
,,,,,,,,2760,4424.007,511.3586,3346.842,2551.627,15182.545,18041.53,17028.18,3654.352,11983.399
,,,,,,,,2761,4236.908,463.7921,3185.308,2441.234,14792.065,16209.25,15132.96,3245.221,11548.66
,,,,,,,,2762,4134.854,425.7245,3071.615,2285.278,14751.299,14128.97,13517.45,2809.666,11117.204
,,,,,,,,2763,4028.549,397.7996,3038.806,2194.292,14964.736,12770.13,12424.83,2519.882,10979.47
,,,,,,,,2764,3997.72,381.4328,3053.278,2188.073,15614.392,12252.65,11872.67,2373.214,11018.397
,,,,,,,,2765,4024.296,379.1553,3235.318,2270.161,16993.432,12678.22,12174.23,2403.888,11306.3
,,,,,,,,2766,4020.756,390.922,3514.309,2428.417,18846.592,14237.13,13515.6,2643.548,11819.392
,,,,,,,,2767,3858.474,390.488,3464.495,2497.987,19618.441,15794,14267.12,3112.277,11635.977
,,,,,,,,2768,3636.784,376.2281,3148.758,2353.239,19489.64,15946.35,15587.3,3571.758,11283.6
,,,,,,,,2769,3485.844,370.1698,2550.815,2126.941,18954.727,13867.8,14801.37,3127.107,10930.748
,,,,,,,,2770,3395.376,362.3776,2103.108,1928.453,18479.959,11411.34,10183.95,1786.339,10991.339
,,,,,,,,2771,3399.399,375.7148,1838.914,1720.12,18211.749,9654.459,8713.768,1333.752,11187.785
,,,,,,,,2772,3419.245,432.3265,1738.578,1712.59,17927.535,8715.158,8298.507,1209.409,11801.769
,,,,,,,,2773,3721.743,485.7532,1729.069,1904.01,17648.244,8564.765,8271.558,887.7587,12602.072
,,,,,,,,2774,4532.958,560.817,1962.129,2106.74,17523.866,8752.864,9020.287,863.7692,13181.504
,,,,,,,,2775,4426.889,626.2181,2422.903,2403.402,17781.491,10608.32,10415.32,1262.532,13900.148
,,,,,,,,2776,4924.035,689.5417,2887.384,2839.091,18054.009,10553.94,11035.95,1712.078,15007.437
,,,,,,,,2777,5319.004,745.0898,3432.73,3351.631,18498.161,13097.24,12973.86,2341.354,16102.892
,,,,,,,,2778,5628.577,781.0239,3927.277,3677.617,18839.135,16220,15280.86,3026.005,16764.919
,,,,,,,,2779,5725.193,764.2309,4167.42,3863.927,19213.041,17541.26,16156.64,3365.02,16448.505
,,,,,,,,2780,5585.932,728.1686,4105.013,3765.673,19130.177,17735.54,16200.61,3448.942,15985.039
,,,,,,,,2781,5325.482,688.2415,3942.11,3523.074,18451.607,18519.5,16837.21,3558.371,15137.636
,,,,,,,,2782,4900.258,638.0535,3778.237,3230.85,17461.539,18213.31,16769.11,3453.158,14356.127
,,,,,,,,2783,4528.187,567.371,3569.012,2816.761,16443.878,18522.71,17109.91,3609.32,13208.25
,,,,,,,,2784,4318.764,524.9851,3354.97,2459.815,15699.829,18066.49,16804.52,3666.958,12371.127
,,,,,,,,2785,4126.35,473.4814,3141.495,2344.358,15187.497,15925.75,14829.3,3243.377,11845.637
,,,,,,,,2786,4038.116,436.2483,3062.932,2247.458,15133.574,13959.73,13394.15,2819.582,11448.077
,,,,,,,,2787,3920.116,406.2549,3021.446,2129.795,15243.618,12700.3,12246.43,2546.836,11204.465
,,,,,,,,2788,3910.549,390.5506,3057.546,2148.789,15924.164,12168.53,11802.92,2384.026,11318.033
,,,,,,,,2789,3937.125,390.3416,3212.17,2244.783,17419.718,12468.81,12133.34,2398.478,11512.465
,,,,,,,,2790,3858.107,402.2988,3464.708,2421.476,19195.413,13983.6,13295.72,2618.387,11937.823
,,,,,,,,2791,3658.618,391.123,3652.441,2411.54,20033.295,15381.2,14643.4,3040.019,11693.416
,,,,,,,,2792,3438.229,367.5826,3718.714,2147.633,19793.743,15449.64,15686.48,3317.428,11189.814
,,,,,,,,2793,3246.656,373.5901,3508.846,1849.399,19236.007,14023.51,15291.8,2846.655,10919.367
,,,,,,,,2794,3127.248,368.9734,2767.736,1610.21,18643.708,11835.22,12747.1,1686.254,10715.458
,,,,,,,,2795,3109.184,377.901,3015.621,1490.418,18076.197,9932.615,12699.1,1278.877,10979.187
,,,,,,,,2796,3184.309,432.3807,2411.777,1483.617,18195.564,8635.231,12154.96,1082.844,11266.55
,,,,,,,,2797,3683.825,466.0389,2158.617,1590.63,17560.526,8512.229,9636.083,902.7189,12159.382
,,,,,,,,2798,4014.429,542.3275,1858.996,1821.844,17683.095,9251.691,8958.453,875.252,12746.729
,,,,,,,,2799,4514.053,594.356,2118.709,2067.854,18056.037,11510.45,9658.36,1444.492,13330.781
,,,,,,,,2800,4774.021,658.7588,2680.796,2414.321,18044.396,11933.03,10069.02,1902.078,14497.162
,,,,,,,,2801,5436.759,721.3561,3297.84,2851.54,18450.008,13069.58,12022.56,2535.963,15408.022
,,,,,,,,2802,5443.604,760.0663,3774.854,3165.104,18897.626,15892.82,14294.07,2982.37,16024.026
,,,,,,,,2803,5564.671,753.8791,4045.466,3321.177,19585.857,16808.25,15316.62,3308.525,15964.805
,,,,,,,,2804,5427.536,715.7483,4017.23,3148.109,19462.001,17385.81,15464.3,3503.643,15276.66
,,,,,,,,2805,5136.257,672.9089,3809.14,3005.726,18821.415,17700.12,16158.2,3616.66,14574.784
,,,,,,,,2806,4765.25,602.8889,3707.41,2826.962,17800.251,17667.91,16308.05,3560.768,13775.438
,,,,,,,,2807,4461.214,551.0134,3535.812,2514.777,16782.17,17744.85,16754.22,3654.157,12972.552
,,,,,,,,2808,4297.503,500.3535,3332.383,2126.15,16063.807,16930.39,16083.62,3614.311,12341.429
,,,,,,,,2809,4108.278,452.7871,3176.631,2065.133,15662.746,15334.36,14616.78,3261.929,11853.71
,,,,,,,,2810,3969.017,418.666,3069.686,1945.947,15742.218,13697.35,13307.93,2902.693,11391.248
,,,,,,,,2811,3879.72,391.5941,3023.37,1888.166,15834.201,12352.63,12263.42,2594.974,11046.274
,,,,,,,,2812,3831.882,378.9926,3031.492,1890.905,16411.288,11640.9,11622.34,2419.85,11059.497
,,,,,,,,2813,3787.234,375.8805,3090.753,1916.202,17433.69,11344.95,11389.45,2336.721,11037.3
,,,,,,,,2814,3658.252,362.5715,3117.029,1939.145,18565.242,11531.09,11340.57,2303.357,10995.302
,,,,,,,,2815,3380.334,341.9153,3058.355,1875.983,18803.662,11902.74,10752.7,2325.262,10720.686
,,,,,,,,2816,3070.646,328.708,3132.428,1727.732,18658.841,11579.82,11478.47,2219.572,10297.792
,,,,,,,,2817,2895.371,329.1006,3046.176,1444.5,18103.04,9299.498,11195.71,1244.749,10163.853
,,,,,,,,2818,2671.196,330.7712,3133.911,1240.692,17730.64,7255.762,9180.086,862.0876,10084.914
,,,,,,,,2819,2729.786,340.6061,2058.57,1039.404,17131.217,5887.616,5308.956,956.7985,10235.253
,,,,,,,,2820,2656.794,367.4969,1788.209,965.0362,16681.333,5148.727,5432.242,1244.403,10640.811
,,,,,,,,2821,2803.497,423.6628,2294.593,1006.182,16181.547,4895.962,7057.043,1669.58,11284.782
,,,,,,,,2822,3400.095,525.2522,2421.143,1141.995,15956.644,5278.66,9433.685,2259.041,12040.671
,,,,,,,,2823,3930.31,578.6431,2870.883,1489.875,15754.22,6905.346,10008.25,2182.297,13007.077
,,,,,,,,2824,4295.284,651.8809,2639.919,1931.114,16153.309,8570.185,11447.03,2441.541,13984.487
,,,,,,,,2825,4697.581,684.231,2977.33,2492.322,16908.326,11045.91,11427.54,2517.531,14846.838
,,,,,,,,2826,4965.579,696.3243,3634.263,2935.599,17436.109,13328.24,13105.7,2689.553,15334.133
,,,,,,,,2827,5038.456,682.4531,3906.507,3111.674,18087.333,14701.5,13857.65,2942.173,15337.377
,,,,,,,,2828,5001.249,650.8995,3861.881,3069.124,18459.219,15488.44,14354.35,3243.366,14860.972
,,,,,,,,2829,4846.042,616.6967,3669.79,2920.049,18645.061,15872.73,14531.79,3330.469,14353.623
,,,,,,,,2830,4552.637,567.7335,3579.649,2713.806,17775.239,15619.26,14559.63,3277.781,13796.17
,,,,,,,,2831,4278.368,532.3968,3455.735,2416.413,16872.696,15300.29,14621.71,3207.69,13013.261
,,,,,,,,2832,4130.602,487.752,3298.048,2066.657,15953.88,15616.73,15107.05,3416.4,12395.391
,,,,,,,,2833,3974.333,448.2783,3165.445,1981.477,15493.425,14855.66,14306.55,3217.114,11955.404
,,,,,,,,2834,3835.072,419.3284,3055.611,1882.251,15299.76,13167.73,13050.17,2863.208,11565.456
,,,,,,,,2835,3738.333,388.4913,3022.802,1809.927,15551.291,11956.13,11977.68,2557.311,11334.608
,,,,,,,,2836,3700.063,369.8748,2975.125,1813.079,15897.326,11119.11,11215.5,2379.445,11228.289
,,,,,,,,2837,3687.306,372.787,3016.055,1825.934,16702.636,10873.14,10961.3,2294.552,11201.591
,,,,,,,,2838,3562.576,362.7712,3030.601,1843.624,17628.406,10934,10740.68,2252.191,11531.657
,,,,,,,,2839,3482.854,334.6941,3021.942,1751.551,17945.665,10847.31,10016.65,2216.499,11915.074
,,,,,,,,2840,3687.199,297.618,2760.996,1468.78,17890.202,10250.46,9362.536,2488.803,12496.512
,,,,,,,,2841,3863.667,284.0389,2771.02,1275.064,17571.705,8706.497,10267.88,2360.746,13268.619
,,,,,,,,2842,3433.028,282.1264,2905.885,1099.287,17162.025,7096.482,7541.528,2684.663,12137.849
,,,,,,,,2843,3153.336,265.2162,2139.987,896.584,16768.847,5617.92,6971.77,2999.476,13610.149
,,,,,,,,2844,2760.133,348.2889,2597.571,769.7769,16292.901,4587.511,7830.465,1864.378,13293.353
,,,,,,,,2845,3882.695,370.2712,2625.347,789.1241,15818.275,4109.5,10028.16,1783.782,13270.683
,,,,,,,,2846,4085.847,368.4853,3285.458,898.6675,15677.742,4435.01,9452.91,1793.586,10955.329
,,,,,,,,2847,4313.334,385.3229,3538.938,1208.563,15710.608,5702.365,11487.82,2197.75,11341.804
,,,,,,,,2848,4317.112,432.4424,3544.82,1560.803,16136.756,7248.898,11801.24,2469.518,13236.535
,,,,,,,,2849,4228.526,481.2944,3495.627,2181.61,16981.846,9896.254,12226.26,2697.105,12640.174
,,,,,,,,2850,4285.22,520.8474,3689.38,2609.313,17634.956,12582.1,12692.42,2845.328,13433.457
,,,,,,,,2851,4366.602,526.762,3917.499,2890.365,18041.522,14235.45,13415.82,2963.747,13556.626
,,,,,,,,2852,4379.358,513.4347,3932.128,2916.58,18555.222,15098.08,13976.54,3234.307,13410.146
,,,,,,,,2853,4296.439,506.785,3835.24,2885.64,18566.429,15537.44,14605.79,3366.349,12741.549
,,,,,,,,2854,4107.215,494.202,3744.135,2653.547,17733.162,15462.32,14654.46,3266.162,12560.802
,,,,,,,,2855,3887.162,461.1243,3542.232,2343.074,16654.798,15089.82,14548.31,3198.467,11789.902
,,,,,,,,2856,3738.333,415.8262,3324.892,2021.046,15726.031,15844.34,15286.74,3462.821,11217.816
,,,,,,,,2857,3590.568,383.9733,3124.924,1928.949,15377.513,14477.35,14111.46,3176.223,10834.266
,,,,,,,,2858,3480.01,363.2975,3039.204,1861.489,15303.905,12781.69,12682.22,2777.457,10564.696
,,,,,,,,2859,3417.289,340.7344,2991.526,1842.992,15825.787,11605.02,11617.37,2499.308,10441.594
,,,,,,,,2860,3409.847,329.5389,3012.751,1857.311,16838.084,11106.89,11124.68,2331.963,10587.45
,,,,,,,,2861,3500.208,333.4669,3175.093,2000.331,18404.331,11652.13,11456.96,2358.073,10886.843
,,,,,,,,2862,3459.697,349.7424,3457.728,2201.825,20248.046,13171.2,12776.73,2646.179,11312.049
,,,,,,,,2863,3253.83,342.3318,3668.66,2280.809,21281.512,15249.5,14124.15,3111.534,10816.573
,,,,,,,,2864,2905.635,312.3318,3691.121,2044.35,20404.913,16355.13,15001.04,3496.826,10222.997
,,,,,,,,2865,2541.021,284.8264,3677.805,1712.872,19639.429,14545.43,14601.11,3753.598,9608.388
,,,,,,,,2866,2235.226,267.4177,3303.425,1311.259,19043.001,11692.47,12951.97,3434.26,8954.114
,,,,,,,,2867,3028.247,261.5033,3050.211,990.9236,18501.117,10172.75,13010.35,3523.066,9053.485
,,,,,,,,2868,2690.086,267.8903,3020.057,908.2355,18030.819,8561.919,12243.43,3219.251,9088.859
,,,,,,,,2869,2360.43,305.6219,2428.063,1212.473,17624.541,8154.576,11376.59,3369.505,8835.183
,,,,,,,,2870,2705.206,335.3691,2249.924,1226.067,17341.715,10899.26,11476.38,3332.093,9250.598
,,,,,,,,2871,2938.246,403.0385,2658.989,1514.94,17275.235,10490.51,11309.41,2239.678,10023.29
,,,,,,,,2872,3326.133,464.1573,2667.399,1724.908,17483.941,8943.866,9483.446,2829.923,11163.288
,,,,,,,,2873,3813.474,514.7245,3535.921,2164.443,18193.654,11188.83,11039.33,2916.929,12519.322
,,,,,,,,2874,4167.105,561.6903,3846.241,2515.562,18629.484,14438.52,13675.26,3149.394,13435.782
,,,,,,,,2875,4352.782,558.1428,4135.961,2728.691,19201.866,16084.7,14858.52,3383.874,13576.675
,,,,,,,,2876,4377.232,538.4288,4164.496,2809.925,19412.572,16852.65,15330.5,3571.886,13365.411
,,,,,,,,2877,4244.35,518.3338,4012.212,2672.794,19058.322,17457.64,16221.86,3672.296,12918.852
,,,,,,,,2878,4018.981,482.1627,3843.117,2467.542,17954.637,17300.05,16386.01,3623.505,12401.878
,,,,,,,,2879,3815.937,441.8545,3621.912,2202.159,17251.079,17482.9,16796.39,3657.847,11697.708
,,,,,,,,2880,3635.216,401.5371,3390.094,1928.869,16317.177,16789.66,16189.03,3638.199,11128.577
,,,,,,,,2881,3494.892,370.909,3195.505,1876.445,16065.322,15022.94,14378,3206.525,10971.314
,,,,,,,,2882,3343.938,347.3117,3104.406,1841.304,15852.365,13339.49,12827.25,2783.855,10675.16
,,,,,,,,2883,3299.289,336.9691,3057.131,1852.86,16096.724,12333.27,11861.44,2506.837,10533.908
,,,,,,,,2884,3309.92,329.7294,3052.307,1895.131,16894.31,11699.17,11361.08,2357.947,10627.241
,,,,,,,,2885,3368.388,336.7509,3196.324,2001.382,18423.802,12181.79,11639.54,2385.428,11000.589
,,,,,,,,2886,3387.861,350.768,3415.802,2148.226,20290.141,13668.04,12763.87,2650.618,11262.727
,,,,,,,,2887,3136.77,331.9849,3405.529,2180.943,21481.867,15174.15,13187.04,3128.752,10928.808
,,,,,,,,2888,2678.946,304.154,3080.579,1865.432,20682.903,15137.23,12728.31,3648.846,10118.941
,,,,,,,,2889,2271.81,272.7519,2572.803,1534.911,19391.997,12853.96,10906.53,3230.1,9497.825
,,,,,,,,2890,2061.728,253.3595,2120.98,1264.842,18387.5,10292.81,8517.275,2773.836,9285.04
,,,,,,,,2891,1938.251,257.7534,1692.648,1054.666,17834.537,8444.019,6941.085,1568.249,9281.007
,,,,,,,,2892,1980.049,276.094,1571.903,902.6328,17536.857,7140.419,6543.075,872.5372,9590.343
,,,,,,,,2893,2156.179,329.1484,1601.468,879.1317,17205.029,6969.926,6122.936,686.7632,9987.448
,,,,,,,,2894,2449.745,390.4251,1831.444,996.7689,16912.498,7059.344,6758.19,727.069,10566.165
,,,,,,,,2895,2800.264,447.7942,2224.294,1230.367,16961.57,8154.119,8253.325,1061.127,11448.23
,,,,,,,,2896,3305.427,499.0834,2637.031,1487.18,17513.146,9286.181,9260.582,1535.725,12456.981
,,,,,,,,2897,3903.575,584.5201,3199.031,2201.041,18092.303,11326.07,11062.26,2244.035,13663.072
,,,,,,,,2898,4319.328,615.6498,3800.64,2697.201,18416.09,14202.27,13476.15,3029.429,14344.411
,,,,,,,,2899,4368.728,611.2801,4110.216,3015.572,18824.297,16262.05,14378.85,3310.784,14413.879
,,,,,,,,2900,4342.151,582.2578,4144.539,2989.226,18907.146,17134.63,14894.67,3554.247,14183.67
,,,,,,,,2901,4197.575,543.5461,4022.163,2844.164,18868.26,18073.51,16107.7,3699.851,13454.158
,,,,,,,,2902,4007.287,522.5078,3884.742,2589.596,17761.82,17796.66,16416.54,3695.759,12722.819
,,,,,,,,2903,3765.973,455.3091,3621.654,2348.624,16853.5,17572.84,16680.16,3678.284,11860.835
,,,,,,,,2904,3550.171,421.3877,3400.858,2110.392,16060.737,17131.9,16133.68,3669.511,11124.993
,,,,,,,,2905,3406.658,380.0268,3224.852,1954.271,15703.848,15478.62,14632.68,3281.903,10797.396
,,,,,,,,2906,3301.415,349.1989,3083.742,1900.633,15585.595,13614.9,12901.37,2813.448,10476.392
,,,,,,,,2907,3270.587,337.8222,3032.608,1872.019,15851.378,12553.21,11872.6,2510.424,10336.669
,,,,,,,,2908,3281.217,331.7979,3029.714,1892.641,16353.021,11852.55,11370.5,2353.463,10393.368
,,,,,,,,2909,3335.433,333.8386,3190.535,2001.631,17806.889,12336.17,11716.49,2371.029,10756.334
,,,,,,,,2910,3356.083,349.9243,3379.701,2135.395,19347.303,13728.35,12829.67,2580.501,11103.678
,,,,,,,,2911,3110.307,343.4689,3350.386,2143.427,20534.186,15054.55,13652,2921.866,10657.433
,,,,,,,,2912,2712.964,329.9658,2968.715,1862.078,20449.256,14608.96,13642.51,3000.354,10048.527
,,,,,,,,2913,2410.846,320.9215,2522.175,1580.267,19694.216,12509.75,12121.66,2493.7,10054.563
,,,,,,,,2914,2230.529,335.7651,2187.859,1379.893,18738.483,10370.88,9035.664,1761.718,10089.146
,,,,,,,,2915,2144.147,352.4091,2095.939,1195.178,18002.787,8749.228,7348.037,1434.01,9800.917
,,,,,,,,2916,2131.615,386.4673,1945.665,1057.052,17506.112,7740.913,6577.494,1278.361,10646.601
,,,,,,,,2917,2347.192,422.9588,2023.592,1074.607,17072.35,7753.605,6930.252,1266.189,12096.146
,,,,,,,,2918,2652.451,465.2932,2204.88,1161.389,16903.385,7691.129,7997.789,1296.572,12225.592
,,,,,,,,2919,3127.349,514.0089,2436.937,1481.339,17122.087,8622.282,9162.633,1564.151,12802.621
,,,,,,,,2920,3566.714,543.229,2768.777,1754.639,17561.789,10011.4,9529.231,1719.06,13345.457
,,,,,,,,2921,4020.625,632.4363,3405.337,2471.312,18315.027,12158.21,11553.89,2264.186,14081.895
,,,,,,,,2922,4465.08,645.0717,3926.869,2920.761,18659.771,15068.06,14027.7,3174.885,14509.307
,,,,,,,,2923,4602.601,639.8582,4196.889,3227.696,18886.703,16643.88,14796.55,3336.921,14489.975
,,,,,,,,2924,4526.061,598.8058,4210.548,3179.57,18817.888,17392.77,15116.79,3580.281,14396.73
,,,,,,,,2925,4297.503,561.3282,3993.378,3003.32,18589.655,17926.27,16185.98,3707.877,13691.933
,,,,,,,,2926,4017.918,536.3341,3848.239,2702.278,17726.556,17704.89,16304.19,3689.408,13008.103
,,,,,,,,2927,3791.486,470.8229,3660.649,2439.057,16611.25,17624.06,16739.62,3666.655,11950.776
,,,,,,,,2928,3619.27,429.4712,3435.994,2194.769,15804.612,17259.41,16196.85,3648.041,11206.521
,,,,,,,,2929,3425.793,394.5063,3210.941,2027.67,15503.355,15408.85,14514.42,3255.897,10793.798
,,,,,,,,2930,3309.92,356.2483,3119.842,1927.145,15348.756,13594.57,12932.18,2793.719,10504.73
,,,,,,,,2931,3262.082,341.9592,3052.863,1921.644,15457.528,12383.12,11836.74,2514.011,10376.079
,,,,,,,,2932,3270.587,335.7444,3043.221,1942.904,16394.514,11841.52,11319.77,2355.228,10422.539
,,,,,,,,2933,3349.253,338.8286,3208.86,2061.513,17789.04,12215.5,11689.38,2379.151,10790.418
,,,,,,,,2934,3347.578,353.4991,3443.094,2237.359,19420.264,13731.62,12922.78,2652.462,11133.823
,,,,,,,,2935,3163.347,338.8529,3493.838,2249.579,20322.619,15061.61,13583.13,3092.044,10711.857
,,,,,,,,2936,2845.734,314.0562,3137.451,2046.478,19904.245,15659.57,13650.82,3609.508,10272.788
,,,,,,,,2937,2667.994,306.5549,2501.429,1725.769,18973.221,13197.75,11872.23,3506.09,9768.564
,,,,,,,,2938,2574.735,297.4958,2037.488,1543.163,18282.391,10871.62,8759.605,3266.877,9657.209
,,,,,,,,2939,2638.019,314.4819,1765.476,1344.111,17941.972,9089.503,7146.398,1373.84,9925.445
,,,,,,,,2940,2802.455,348.4866,1663.641,1259.929,17601.131,7980.601,6413.083,688.9408,10431.161
,,,,,,,,2941,3180.115,409.4432,1716.024,1279.536,17271.87,7862.738,6692.308,652.8979,11165.754
,,,,,,,,2942,3495.055,465.2764,2013.779,1507.755,16876.408,7916.125,7586.725,790.0897,12077.282
,,,,,,,,2943,3956.246,528.3883,2359.662,1767.122,17045.667,8806.726,8858.851,1100.721,12896.956
,,,,,,,,2944,4012.136,602.0594,2863.325,2100.641,17517.205,10024.23,9479.144,1637.246,13714.483
,,,,,,,,2945,4536.096,670.3539,3489.835,2783.807,18202.43,12160.57,11772.66,2230.902,14922.015
,,,,,,,,2946,4985.867,712.4886,3973.74,3165.858,18714.574,14739.33,14330.22,3186.949,15744.55
,,,,,,,,2947,5068.222,708.1282,4191.662,3408.34,18930.027,16787.13,15229.61,3446.33,15563.886
,,,,,,,,2948,4882.186,659.455,4229.282,3319.158,18823.15,17450.46,15191.01,3538.163,15107.037
,,,,,,,,2949,4526.061,621.1245,4015,3157.368,18388.567,18024.33,16356.61,3639.776,14039.472
,,,,,,,,2950,4263.485,586.6408,3888.601,2739.465,17354.96,17669.83,16236.4,3588.127,13362.649
,,,,,,,,2951,4016.855,515.1146,3655.825,2478.922,16279.898,17541.79,16620.03,3594.915,12312.827
,,,,,,,,2952,3809.558,470.8414,3435.994,2249.896,15372.109,17147.13,16040.32,3591.546,11484.721
,,,,,,,,2953,3594.82,426.5682,3238.359,2062.976,15095.765,15391.23,14502.38,3247.826,11069.235
,,,,,,,,2954,3456.622,384.1731,3120.807,1958.662,14957.883,13657.92,12946.17,2819.725,10714.349
,,,,,,,,2955,3399.217,366.7813,3040.327,1936.352,15150.238,12513.47,11835,2535.481,10535.102
,,,,,,,,2956,3388.586,351.4487,3038.397,1933.449,15567.24,11857.73,11355.63,2363.298,10562.744
,,,,,,,,2957,3418.352,350.2054,3173.73,2032.51,16689.047,12161.88,11633.21,2387.199,10810.419
,,,,,,,,2958,3412.425,360.1541,3370.214,2177.666,18355.705,13594.88,12622.66,2602.979,11144.916
,,,,,,,,2959,3230.319,349.7577,3428.551,2158.432,19046.074,14962.95,13794.62,3009.139,10825.222
,,,,,,,,2960,2978.503,324.7262,3201.896,1933.667,19008.141,15617.06,14483.73,3305.303,10496.775
,,,,,,,,2961,2865.61,313.7503,2619.857,1719.273,18467.398,13208.66,13241.26,2317.48,10038.482
,,,,,,,,2962,2770.338,313.9994,2015.13,1507.368,17851.019,10486.9,8805.749,1262.971,9988.56
,,,,,,,,2963,2832.785,332.0291,1724.73,1269.611,17567.065,8517.188,7131.942,929.4146,10307.093
,,,,,,,,2964,2926.672,373.9671,1608.304,1146.1,17335.277,7405.192,6226.869,721.1418,10897.231
,,,,,,,,2965,3156.068,447.4568,1620.384,1249.966,17208.569,7201.585,6625.025,754.119,11795.114
,,,,,,,,2966,3434.863,524.8781,1833.612,1409.485,17101.706,7233.52,7220.063,862.5723,12503.896
,,,,,,,,2967,4022.445,578.9631,2300.175,1802.967,17402.32,7953.769,8604.169,1142.786,13434.282
,,,,,,,,2968,4385.271,649.9033,2769.396,2053.857,17936.185,9097.444,9387.338,1563.602,14291.642
,,,,,,,,2969,5016.487,709.7424,3299.99,2740.308,18492.508,11198.52,11584.32,2200.361,15323.256
,,,,,,,,2970,5263.438,740.6226,3857.714,3138.26,18750.244,13968.66,13926.7,3056.396,15909.101
,,,,,,,,2971,5329.734,723.379,4043.175,3323.86,18799.921,15789.72,14656.33,3312.539,15423.384
,,,,,,,,2972,5132.005,663.5103,4048.371,3210.939,18552.42,16190.98,14599.38,3385.568,15171.916
,,,,,,,,2973,4894.943,625.833,3898.016,3038.454,18166.183,16992.63,15746.82,3502.448,14299.224
,,,,,,,,2974,4488.854,574.6108,3782.229,2690.691,17213.136,16911.75,15564.17,3475.092,13602.851
,,,,,,,,2975,4300.692,519.6233,3596.166,2407.26,16195.046,16929.67,15956.1,3516.33,12632.647
,,,,,,,,2976,4055.125,471.0319,3420.154,2121.339,15420.757,16280.16,15282.71,3467.159,11752.415
,,,,,,,,2977,3768.099,428.818,3239.33,1956.068,15035.455,14971.28,14168.64,3170.755,11316.281
,,,,,,,,2978,3629.901,388.4913,3114.059,1854.492,14781.805,13544.79,12843.16,2821.472,10892.444
,,,,,,,,2979,3520.406,369.031,3050.377,1822.891,14666.048,12365.9,11889.13,2515.547,10530.58
,,,,,,,,2980,3470.442,357.4637,3025.293,1816.588,14802.834,11525.09,11274.39,2310.05,10461.044
,,,,,,,,2981,3452.37,351.2489,3071.048,1860.298,15148.07,11400.7,11106.27,2235.538,10476.618
,,,,,,,,2982,3369.902,344.9806,3089.853,1864.532,15731.854,11538.12,11090.43,2229.048,10595.739
,,,,,,,,2983,3129.329,326.3823,3148.082,1773.003,16396.456,11669.84,10784.98,2141.933,10254.072
,,,,,,,,2984,2899.837,308.0042,2995.205,1481.607,16641.9,11399.97,10329.87,1787.179,10064.421
,,,,,,,,2985,2794.498,299.125,2419.321,1214.536,16734.055,9114.525,9234.476,1174.95,9863.179
,,,,,,,,2986,2754.392,305.2896,1831.863,1053.821,16644.885,6647.852,5578.016,599.7848,9972.382
,,,,,,,,2987,2815.888,342.9094,1617.832,850.5591,16533.287,5659.39,4603.506,472.7821,10411.331
,,,,,,,,2988,2908.713,365.7237,1481.352,699.3054,16301.267,5065.458,3900.486,258.6716,10770.882
,,,,,,,,2989,3181.694,442.623,1412.424,704.2669,16203.173,6492.984,4031.971,663.7734,11801.197
,,,,,,,,2990,3540.219,492.1973,1527.746,871.2373,16156.541,4972.097,4760.892,171.579,12600.055
,,,,,,,,2991,4160.804,557.7183,2634.926,1150.458,16497.392,5875.167,6541.212,595.3109,13895.758
,,,,,,,,2992,4857.817,607.7587,3169.925,1560.582,16970.361,7676.615,7599.17,1060.715,14736.445
,,,,,,,,2993,4976.815,617.0691,3551.546,2254.319,17642.889,10359.34,10446.76,1817.669,15281.719
,,,,,,,,2994,5185.835,645.7712,3691.625,2606.57,18039.131,12964.21,12268.34,2577.696,15385.414
,,,,,,,,2995,5195.789,634.0706,3917.803,2690.975,18200.982,13922.7,12745.71,2910.245,15126.948
,,,,,,,,2996,5082.042,588.6722,3921.82,2680.935,17910.339,14733.16,13180.81,3139.545,14684.7
,,,,,,,,2997,4826.907,554.9414,3825.896,2624.898,17732.429,15403.96,14131.33,3274.71,13981.781
,,,,,,,,2998,4490.98,521.4828,3694.832,2460.594,16806.929,15171.43,14134.2,3236.47,13421.719
,,,,,,,,2999,4353.845,467.7201,3556.452,2252.803,15782.618,14783.19,14017.97,3157.273,12485.986
,,,,,,,,3000,4116.782,421.1972,3333.329,1957.84,14946.954,15180.04,14363.38,3301.319,11755.842
,,,,,,,,3001,3865.9,392.4378,3172.76,1802.438,14586.207,14585.45,13858.76,3193.202,11237.27
,,,,,,,,3002,3695.811,362.635,3067.744,1722.924,14254.653,13172.82,12563.88,2842.149,10783.513
,,,,,,,,3003,3637.342,351.077,3006.962,1717.422,14238.41,12048.46,11625.59,2529.946,10530.319
,,,,,,,,3004,3557.613,335.7444,2981.878,1715.485,14404.786,11197.91,11007.04,2328.882,10366.72
,,,,,,,,3005,3478.946,330.5731,2984.779,1754.994,14755.621,11014.43,10717.16,2223.829,10387.542
,,,,,,,,3006,3369.902,327.4075,2964.271,1755.19,15282.78,11050.79,10498.73,2210.223,10500.3
,,,,,,,,3007,3114.446,303.0757,2916.619,1679.075,15791.128,11087.1,9650.124,2123.997,10595.921
,,,,,,,,3008,2810.653,260.9487,2608.963,1401.727,15966.994,10775.15,8943.129,2362.719,10664.234
,,,,,,,,3009,2606.449,248.7077,2820.752,1175.608,16247.445,10749.17,7574.2,1394.031,10749.901
,,,,,,,,3010,2569.532,243.9451,2532.09,964.5817,16271.047,8754.911,8370.406,607.8608,10093.807
,,,,,,,,3011,2611.894,251.4509,2540.969,745.023,16314.338,6966.37,5079.96,634.5363,10917.071
,,,,,,,,3012,2695.151,273.1477,1924.871,617.1306,16449.696,6872.84,4900.479,547.0891,12006.764
,,,,,,,,3013,2870.33,344.6021,1807.233,654.4215,16437.65,6715.913,4917.154,246.1869,12198.088
,,,,,,,,3014,3149.125,444.9142,2058.642,779.701,16441.262,6609.105,5861.474,975.5338,10905.778
,,,,,,,,3015,3210.493,469.7108,2650.171,1060.887,16878.452,6198.285,6571.107,1420.518,11719.804
,,,,,,,,3016,3680.574,552.3829,3273.726,1450.977,17462.981,9022.081,7438.991,2005.974,12777.687
,,,,,,,,3017,4143.939,519.668,3498.434,2185.047,18093.296,10997.46,10065.53,2637.681,13684.168
,,,,,,,,3018,4532.053,560.4001,3749.855,2441.392,18607.479,12201.75,11847.77,2659.188,14279.369
,,,,,,,,3019,4658.943,552.8273,3923.995,2594.012,18750.554,13489.33,12502.97,2916.32,14283.591
,,,,,,,,3020,4714.223,516.7465,3937.66,2630.817,18599.151,14608.98,13008.56,3134.253,14088.018
,,,,,,,,3021,4616.421,501.8135,3867.786,2556.034,17993.786,15252.26,14010.79,3263.622,13431.278
,,,,,,,,3022,4388.926,473.7166,3715.496,2382.275,16932.028,15103.23,14123.62,3204.918,12826.559
,,,,,,,,3023,4177.377,424.2814,3521.72,2155.35,15799.954,14596.16,13983.54,3100.848,11789.149
,,,,,,,,3024,3912.675,390.1696,3301.485,1921.732,14869.611,15440.11,14736.01,3369.488,11056.795
,,,,,,,,3025,3743.648,361.229,3126.034,1799.037,14481.645,14567.78,13930.16,3193.125,10628.673
,,,,,,,,3026,3577.811,339.8907,3021.99,1737.796,14299.625,12867.62,12349.26,2785.677,10357.635
,,,,,,,,3027,3527.847,331.6166,2987.257,1776.418,14445.97,11831.88,11396.57,2500.588,10239.896
,,,,,,,,3028,3491.703,321.4553,2995.946,1803.344,14913.367,11334.16,10981.91,2343.599,10319.564
,,,,,,,,3029,3557.613,327.4518,3151.534,1937.547,15913.411,11855.11,11313.15,2361.193,10685.131
,,,,,,,,3030,3610.041,343.225,3430.488,2093.819,17389.96,13457.61,12762.1,2618.326,11105.254
,,,,,,,,3031,3488.305,329.7259,3703.096,2141.202,18336.522,15587.64,13891.07,3031.623,11875.034
,,,,,,,,3032,3250.083,304.6167,3805.829,1910.253,18552.944,16574.25,13754.47,3298.31,11500.96
,,,,,,,,3033,2948.191,283.2982,3750.018,1632.72,18356.712,15389.82,12627.16,2810.787,11088.168
,,,,,,,,3034,2753.329,265.9114,3528.769,1342.113,18221.71,10899.81,12305.27,3020.889,9814.241
,,,,,,,,3035,2697.776,271.4617,3383.1,1097.177,18146.915,8888.339,11766.71,3042.371,8971.48
,,,,,,,,3036,2747.015,282.8307,3416.668,939.3708,18083.679,7786.398,8018.742,1792.75,9038.314
,,,,,,,,3037,2961.528,335.241,3505.715,981.9147,18204.195,7424.649,11685.78,1732.728,9364.901
,,,,,,,,3038,3641.757,391.3466,3511.905,1137.44,18317.722,7503.842,12007.33,1299.426,9907.345
,,,,,,,,3039,3698.099,461.7892,3558.422,1394.008,18492.041,8519.32,11593.73,1875.744,10746.435
,,,,,,,,3040,4878.563,527.3083,3771.708,1643.688,19011.675,9755.014,11418.57,2101.616,11575.114
,,,,,,,,3041,5006.291,594.3096,3989.577,2357.749,19563.079,11892.33,13001.55,2229.732,12979.198
,,,,,,,,3042,4728.494,638.7626,4004.852,2801.439,19944.978,14486.44,13451.83,3040.387,13804.3
,,,,,,,,3043,4858.799,629.1531,4141.896,3066.527,19896.91,16252.8,14450,3432.516,13795.19
,,,,,,,,3044,4852.42,579.627,4158.853,3086.323,19679.841,17040.11,14927.41,3548.145,13816.156
,,,,,,,,3045,4791.826,542.993,4037.033,3031.525,18987.133,17628.61,16022.55,3601.785,13214.313
,,,,,,,,3046,4534.565,505.969,3840.924,2764.843,17788.97,17423.54,16062.67,3568.42,12665.824
,,,,,,,,3047,4215.647,448.9223,3605.253,2418.154,16463.567,17319.77,16369.51,3580.064,11723.952
,,,,,,,,3048,3982.837,403.6241,3383.492,2165.214,15555.658,17013.09,16012.69,3630.951,11147.926
,,,,,,,,3049,3806.369,375.0461,3184.893,1991.618,14981.493,15175.41,14507.1,3236.117,10796.946
,,,,,,,,3050,3670.297,350.2332,3064.446,1925.597,14681.872,13503.11,12849.77,2826.002,10541.877
,,,,,,,,3051,3604.387,342.9934,3013.313,1953.714,14703.775,12294.88,11857.73,2534.636,10464.627
,,,,,,,,3052,3605.451,332.8321,3048.448,1985.479,15009.104,11829.51,11387.32,2371.369,10564.392
,,,,,,,,3053,3666.045,337.7852,3194.394,2081.225,15974.437,12282.05,11670.14,2384.531,10938.826
,,,,,,,,3054,3633.541,350.8365,3460.681,2221.35,17220.288,13768.62,12936.42,2644.392,11578.976
,,,,,,,,3055,3446.121,337.1561,3673.289,2253.249,18167.028,15775.24,14268.47,3072.781,11986.101
,,,,,,,,3056,3157.098,309.3252,3610.564,2020.848,18463.502,16859.82,14565.35,3540.112,10800.676
,,,,,,,,3057,2936.835,279.9232,3529.643,1685.57,18608.529,15998.61,14013.05,3381.446,9609.661
,,,,,,,,3058,2729.942,263.7021,3476.796,1444.352,18263.953,11898.98,12888.64,3674.939,9261.048
,,,,,,,,3059,2717.974,276.37,3410.8,1276.066,18031.586,8976.014,12216.48,3730.9,9264.927
,,,,,,,,3060,2758.596,297.8226,3430.229,1230.662,17916.753,8265.111,12299.52,3380.47,9653.521
,,,,,,,,3061,3374.317,349.5797,3486.654,1254.436,18027.235,8024.292,12167.98,3035.389,9975.197
,,,,,,,,3062,4220.657,406.0662,3450.207,1474.684,18031.862,8199.726,12257.1,2828.629,10699.601
,,,,,,,,3063,4101.434,483.3583,3465.959,1751.954,18340.843,9244.743,12512.11,3092.593,11530.363
,,,,,,,,3064,4201.361,552.4205,3493.081,2014.2,18866.993,10476.15,12071.19,2990.703,12726.013
,,,,,,,,3065,4598.704,631.8328,3810.459,2778.395,19379.116,12427.52,12997.85,3013.991,13678.28
,,,,,,,,3066,4962.479,652.879,3902.085,3193.198,19753.876,14995.96,13579.04,3227.474,13893.768
,,,,,,,,3067,5018.258,645.9095,4004.002,3345.554,19840.555,16814.26,14280.46,3330.41,13829.633
,,,,,,,,3068,5005.501,605.5921,4113.263,3387.083,19621.81,17556.09,15113.96,3522.781,13674.311
,,,,,,,,3069,4793.952,590.9406,4028.911,3319.903,19067.508,18187.64,16377.6,3637.079,13091.325
,,,,,,,,3070,4637.682,539.9088,3878.954,3067.849,17721.088,18195.01,16417.42,3649.128,12607.491
,,,,,,,,3071,4328.332,488.2239,3617.795,2677.698,16397.352,17929.66,16720.38,3645.052,11745.395
,,,,,,,,3072,4051.936,440.0043,3396.999,2414.252,15432.124,17504.43,16254.04,3677.582,11140.377
,,,,,,,,3073,3874.405,408.9859,3225.817,2236.375,14884.666,15815.16,14811.07,3304.321,10791.04
,,,,,,,,3074,3738.333,372.9868,3083.742,2117.601,14551.017,13902.45,13111.24,2851.111,10554.691
,,,,,,,,3075,3677.739,365.747,3031.644,2126.006,14871.086,12778.83,12078.97,2548.087,10451.987
,,,,,,,,3076,3640.531,357.6542,3040.327,2105.656,15245.238,12074.47,11590.86,2381.233,10525.86
,,,,,,,,3077,3683.054,360.7292,3204.042,2194.685,16083.087,12582.05,11942.98,2400.673,10880.211
,,,,,,,,3078,3735.369,369.6436,3428.381,2312.111,17247.743,13873.59,13105.38,2655.947,11243.61
,,,,,,,,3079,3797.929,369.3252,3642.919,2329.896,18245.429,15740.08,14353.12,3096.73,10793.272
,,,,,,,,3080,3797.656,344.6507,3716.648,2063.375,18288.064,16440.49,15020.3,3140.358,9957.885
,,,,,,,,3081,3050.744,325.4008,3613.873,1763.489,18194.86,15801.01,14545.67,2968.445,9460.73
,,,,,,,,3082,2631.19,324.107,3513.547,1583.992,18233.825,14107.91,13879.38,3041.354,9318.497
,,,,,,,,3083,2530.763,310.295,3425.236,1327.251,18191.211,12475.26,12995.48,3385.793,9751.602
,,,,,,,,3084,4014.133,329.6107,3506.237,1309.462,18360.454,11975.77,11887.69,3160.51,10412.709
,,,,,,,,3085,4523.661,390.7444,3627.058,1378.07,18503.834,11909.73,11759.69,3285.014,11007.376
,,,,,,,,3086,4101.417,443.6656,3637.627,1500.928,18624.083,11775.35,11873.17,3234.496,11151.913
,,,,,,,,3087,3814.343,522.3419,3744.669,1675.761,19053.106,12002.29,13113.42,2331.891,11845.566
,,,,,,,,3088,4211.524,578.8708,3830.916,1956.619,19483.747,12368.87,12797.65,2669.19,13125.78
,,,,,,,,3089,4303.334,621.4902,3960.33,2706.242,19806.564,13295.58,13539.81,2909.819,13567.324
,,,,,,,,3090,4460.603,645.4487,4023.434,3085.391,19909.717,15562.35,13912.74,3240.734,14103.271
,,,,,,,,3091,4505.863,636.6013,4076.204,3240.165,19959.895,16928.56,14221.15,3316.113,14102.017
,,,,,,,,3092,4499.484,590.2595,4097.429,3209.206,19678.763,17988.37,14853.65,3515.869,14030.098
,,,,,,,,3093,4379.358,566.4995,3987.589,3074.012,19217.749,18290.37,16105.86,3650.004,13318.012
,,,,,,,,3094,4253.917,524.7761,3844.38,2698.381,17712.87,18027.97,16194.17,3660.712,12805.308
,,,,,,,,3095,4034.927,463.5831,3652.931,2428.054,16376.59,17913.52,16668.79,3672.007,11892.534
,,,,,,,,3096,3810.621,421.1972,3422.487,2234.582,15510.038,17579.38,16240.58,3695.568,11225.747
,,,,,,,,3097,3626.712,390.3693,3227.746,2042.021,15019.112,15867.06,14762.1,3301.631,10842.537
,,,,,,,,3098,3463,360.5757,3115.018,1965.907,14720.729,13928.4,13137.68,2850.214,10576.641
,,,,,,,,3099,3406.658,352.3017,3062.92,1955.815,14700.941,12775.63,12139.52,2556.158,10489.677
,,,,,,,,3100,3373.703,345.2432,3068.708,1964.717,15272.868,12156.81,11567.46,2371.369,10575.707
,,,,,,,,3101,3467.253,349.1712,3215.614,2080.423,16387.625,12598.27,11870.4,2389.015,10969.081
,,,,,,,,3102,3493.104,363.9101,3480.322,2270.855,17555.359,14125.96,13149.55,2603.941,11319.182
,,,,,,,,3103,3433.75,360.5481,3722.198,2316.962,18324.332,16343.99,14678.42,2818.606,10967.657
,,,,,,,,3104,3033.219,331.7514,3868.712,2090.213,18352.218,17235.44,16881.17,2990.882,10232.373
,,,,,,,,3105,2642.029,309.7112,3699.732,1840.322,18154.215,16197.38,17352.48,2862.586,10192.718
,,,,,,,,3106,2348.19,295.0406,3440.396,1684.108,17967.051,12300.42,16791.49,1676.143,9795.434
,,,,,,,,3107,2274.452,316.6597,2737.991,1165.614,17947.278,10279.53,15703.45,2092.477,10172.781
,,,,,,,,3108,2302.43,295.349,2890.966,1017.95,17968.209,9588.216,12918.67,2951.05,9959.721
,,,,,,,,3109,2459.425,330.6801,3338.192,1027.891,18135.229,9075.481,12856.71,3336.357,9841.231
,,,,,,,,3110,2741.522,371.2585,3584.339,1174.604,18183.25,9912.513,12616.68,3163.651,10411.766
,,,,,,,,3111,3134.79,433.3867,3791.271,1407.233,18542.661,10087.74,13696.03,2939.096,11658.975
,,,,,,,,3112,3660.038,489.6661,3885.216,1653.01,18996.459,12210.5,12785.29,2688.968,12499.915
,,,,,,,,3113,4084.408,535.4566,3922.647,2351.699,19580.373,13580.29,13578.02,2695.136,13224.804
,,,,,,,,3114,4442.756,591.477,3966.995,2823.452,19854.975,15439.78,14136.27,3224.764,13937.782
,,,,,,,,3115,4622.799,585.5418,4067.924,3057.865,19880.684,16932.35,14191.49,3405.21,13807.767
,,,,,,,,3116,4563.268,558.0072,4125.805,3096.242,19611.312,17934.63,15015.64,3623.507,13738.9
,,,,,,,,3117,4362.35,548.7267,4005.359,3051.124,18789.602,18679.85,16335.62,3790.371,13123.259
,,,,,,,,3118,4253.917,512.1745,3862.149,2795.257,17501.89,18470.98,16356.2,3729.864,12725.237
,,,,,,,,3119,3971.143,451.1721,3653.896,2466.924,16217.218,18099.32,16770.44,3704.289,11821.157
,,,,,,,,3120,3738.333,413.9574,3433.1,2275.967,15346.853,17743,16253.7,3734.128,11194.466
,,,,,,,,3121,3612.892,382.0953,3236.429,2110.307,14848.019,15842.4,14766.47,3324.947,10814.496
,,,,,,,,3122,3454.496,353.1455,3117.913,2038.396,14629.612,14000.44,13127.19,2884.342,10555.855
,,,,,,,,3123,3407.721,341.9592,3048.039,2012.545,14672.747,12840.27,12030,2578.576,10438.43
,,,,,,,,3124,3434.298,334.9006,3049.974,2031.704,15124.824,12154.4,11519.16,2400.962,10480.619
,,,,,,,,3125,3495.955,341.9314,3196.879,2110.805,16123.783,12509.45,11811.6,2425.759,10833.701
,,,,,,,,3126,3496.406,354.9828,3357.451,2254.494,17420.42,13861.06,12747.54,2666.708,11108.181
,,,,,,,,3127,3296.229,352.4738,3431.089,2260.723,18180.116,15364.92,13663.51,3150.806,10749.743
,,,,,,,,3128,2975.314,365.9577,3237.533,2049.278,18249.301,15289.16,13543.73,3333.471,10023.243
,,,,,,,,3129,2721.034,365.9331,2789.583,1819.838,18030.212,13493.98,11870.18,3933.332,9507.143
,,,,,,,,3130,2608.64,300.0417,2284.353,1557.125,17897.847,10925.07,9133.511,3944.991,9260.241
,,,,,,,,3131,2541.506,268.009,1940.283,1356.774,17882.547,9273.874,7635.563,3214.286,9252.534
,,,,,,,,3132,2556.615,298.774,1737.951,1213.767,17944.702,8341.907,8485.046,1079.152,9515.682
,,,,,,,,3133,2735.933,350.4222,1951.797,1212.328,18055.632,8060.591,7917.156,1037.751,9759.988
,,,,,,,,3134,3138.769,403.334,2249.17,1475.993,18172.491,8141.862,8139.849,1101.34,10449.995
,,,,,,,,3135,3467.415,424.8945,2814.646,1848.256,18626.655,9462.069,10201.41,1514.261,11139.492
,,,,,,,,3136,4003.407,512.0109,3455.706,2103.992,19082.707,10360.9,10536.7,1934.44,11975.821
,,,,,,,,3137,4525.24,570.0313,3877.381,2836.535,19496.882,12712.57,12168.66,2786.129,13401.411
,,,,,,,,3138,4841.516,602.273,3861.858,3160.921,19624.055,15067.4,14024.15,3051.649,13875.944
,,,,,,,,3139,4982.114,610.6268,4097.203,3401.325,19488.113,16675.97,14729.75,3364.879,13821.513
,,,,,,,,3140,4804.583,571.4525,4090.827,3349.094,19369.473,17145.73,15027.7,3504.639,13780.022
,,,,,,,,3141,4593.034,544.127,3934.678,3218.516,18720.427,17741.8,16099.77,3628.065,13137.763
,,,,,,,,3142,4502.673,507.5655,3791.474,2977.605,17618.037,17597.05,16223.81,3543.871,12784.431
,,,,,,,,3143,4212.458,466.8764,3605.814,2632.44,16310.407,17461.76,16521.99,3561.43,12000.872
,,,,,,,,3144,3972.206,443.107,3432.696,2346.768,15406.237,16784.08,15839.75,3520.067,11351.762
,,,,,,,,3145,3838.261,399.0059,3252.837,2131.319,14844.585,15381.84,14682.84,3207.493,10916.588
,,,,,,,,3146,3675.613,369.0218,3125.637,2025.789,14344.194,13917.39,13294.38,2846.604,10638.787
,,,,,,,,3147,3596.946,353.6985,3060.99,1983.931,14195.529,12690.42,12254.1,2545.111,10481.76
,,,,,,,,3148,3553.361,349.3709,3038.8,1987.083,14264.599,11960.54,11553.35,2372.845,10434.804
,,,,,,,,3149,3546.982,349.1805,3087.449,2015.284,14473.737,11779.27,11352.87,2301.869,10592.64
,,,,,,,,3150,3446.443,353.2546,3037.029,2019.518,14932.695,11746.62,11161.48,2276.539,10839.571
,,,,,,,,3151,3189.923,340.6565,2870.078,1924.675,15705.449,11473.54,10120.29,2014.573,10431.381
,,,,,,,,3152,2913.657,297.014,2640.441,1725.224,16392.086,10621.07,8993.226,2281.504,9879.51
,,,,,,,,3153,2724.223,289.1449,2552.209,1592.266,17042.765,9148.382,9168.984,1222.875,9465.402
,,,,,,,,3154,2674.549,292.5693,2176.358,1477.072,17186.827,7384.719,7773.314,937.5658,9441.042
,,,,,,,,3155,2648.875,304.969,1761.243,1355.003,17191.157,6478.626,6297.959,809.2723,9346.836
,,,,,,,,3156,2756.47,330.6623,1678.111,1294.145,17253.492,5676.936,5693.823,689.9348,9728.53
,,,,,,,,3157,2980.55,375.7015,1664.643,1382.235,16956.088,5753.88,5674.299,610.1287,11993.771
,,,,,,,,3158,3339.075,417.6082,1882.357,1547.974,17007.5,5729.666,6658.625,901.8186,14247.659
,,,,,,,,3159,3684.392,486.8627,2308.464,2027.345,17625.837,7267.775,8395.78,1783.396,13201.708
,,,,,,,,3160,4291.721,555.7935,2771.96,2280.312,18070.537,8830.771,9134.313,1828.126,12856.617
,,,,,,,,3161,4720.118,609.6769,3310.46,2979.028,18604.265,10944.66,11235.81,2240.334,13258.198
,,,,,,,,3162,5149.691,655.364,3816.877,3290.56,18760.826,12859.52,13232.05,2749.828,14052.512
,,,,,,,,3163,5194.726,643.0419,3990.357,3444.017,18571.185,14669.91,13996.22,3031.715,13981.63
,,,,,,,,3164,5042.708,594.5593,3996.114,3345.81,18420.212,15723.67,14324.09,3231.793,13807.458
,,,,,,,,3165,4765.25,576.3515,3873.177,3159.801,18108.652,16399.03,14843.34,3399.693,13117.916
,,,,,,,,3166,4589.844,548.0734,3728.605,2927.956,17086.42,15956.04,14910.92,3304.251,12720.871
,,,,,,,,3167,4334.71,496.1887,3569,2598.16,15886.348,15381,14689.66,3229.275,11875.276
,,,,,,,,3168,4058.314,462.9299,3357.449,2261.424,15014.627,15732.03,14996.26,3374.801,11256.537
,,,,,,,,3169,3912.675,413.6667,3216.181,2060.682,14531.455,14982.5,14427.8,3246.082,10839.02
,,,,,,,,3170,3735.144,380.5798,3105.376,1942.547,14202.278,13580.54,13094.45,2876.197,10589.11
,,,,,,,,3171,3661.793,367.1438,3050.377,1909.979,14100.451,12436.71,12017.99,2586.39,10378.887
,,,,,,,,3172,3583.126,357.645,3032.047,1892.284,14274.461,11598.18,11370.58,2405.128,10286.967
,,,,,,,,3173,3577.811,356.6107,3041.7,1906.827,14806.388,11299.57,11055.9,2308.123,10346.26
,,,,,,,,3174,3473.019,352.298,3028.316,1890.215,15132.685,11179.16,10806.73,2328.625,10320.966
,,,,,,,,3175,3186.847,318.9761,2995.014,1783.451,15651.656,10833.06,10439.28,2498.702,10084.785
,,,,,,,,3176,2949.801,297.3048,3144.285,1550.656,16137.228,9850.688,10450.73,2822.421,9736.815
,,,,,,,,3177,2835.844,296.6754,3336.443,1375.055,16688.756,8476.791,11263.99,2827.825,9418.842
,,,,,,,,3178,2889.288,299.1876,3150.542,1344.12,16823.562,7689.244,11196.86,2916.108,9464.883
,,,,,,,,3179,2955.987,311.3742,2706.363,1273.884,16713.11,6265.659,10034.16,2484.274,9545.827
,,,,,,,,3180,3048.811,335.7799,2538.515,1106.505,16794.165,5432.918,10038.02,1886.82,10106.712
,,,,,,,,3181,3341.99,385.0689,1961.451,1357.297,16754.516,6304.944,9146.893,1213.391,10806.22
,,,,,,,,3182,3765.362,445.8419,2051.994,1513.982,16959.373,6224.038,9618.157,1529.357,11451.028
,,,,,,,,3183,4192.422,505.901,2297.034,1823.885,17067.841,7057.929,8484.761,2339.31,12503.893
,,,,,,,,3184,4718.959,590.6489,2687.059,2052.041,17626.876,8524.215,8759.013,2407.832,13711.428
,,,,,,,,3185,5062.424,651.5908,3280.149,2765.284,18419.549,10686.94,10701.98,2682.188,14987.274
,,,,,,,,3186,5419.596,693.1408,3836.576,3169.87,18800.523,12791.1,12643.5,2732.377,15702.521
,,,,,,,,3187,5481.752,686.8339,4045.198,3326.932,18775.402,14371.71,13720.65,3043.979,15539.336
,,,,,,,,3188,5385.014,649.728,4077.969,3251.484,18648.893,15696.78,14201.53,3283.114,14997.367
,,,,,,,,3189,5211.735,614.7816,3974.328,3170.755,18165.343,16241.73,14890.97,3444.525,14148.356
,,,,,,,,3190,4851.357,572.2145,3793.094,2832.579,17289.469,15789.28,14887.34,3341.675,13449.367
,,,,,,,,3191,4510.115,505.8595,3563.211,2486.388,15914.016,15194.33,14658.94,3245.647,12539.895
,,,,,,,,3192,4191.197,471.7569,3341.048,2222.553,15008.36,15904.71,15328.66,3463.646,11806.049
,,,,,,,,3193,4078.512,425.0435,3181.033,2063.197,14447.71,14928.29,14380.06,3244.188,11423.805
,,,,,,,,3194,3938.188,394.2156,3086.636,1961.87,14197.941,13148.21,12787.13,2802.635,11044.802
,,,,,,,,3195,3843.576,380.5891,3052.869,1955.566,14253.407,12129.47,11736.18,2524.72,10912.574
,,,,,,,,3196,3770.225,371.462,3077.953,1970.936,14685.325,11618.81,11345.13,2393.788,10930.426
,,,,,,,,3197,3822.315,379.3458,3243.195,2081.389,15596.635,12057.49,11697.92,2439.181,11276.858
,,,,,,,,3198,3808.946,392.0162,3484.705,2240.648,16845.699,13624.85,13022.21,2697.211,11718.549
,,,,,,,,3199,3625.891,381.6198,3568.318,2347.738,18164.52,15988.11,13954.77,3103.334,11631.648
,,,,,,,,3200,3431.367,372.3185,3556.572,2187.779,18862.726,17587.98,14835.23,3550.323,11326.645
,,,,,,,,3201,3340.798,373.9792,3088.38,1882.485,18995.725,15718.98,15495.23,2733.763,11057.686
,,,,,,,,3202,3355.021,377.6937,2708.218,1713.04,18869.468,12882.43,13835.49,1541.471,11082.354
,,,,,,,,3203,3494.008,412.375,2232.199,1578.078,18823.579,11721.29,11656.64,1260.728,11403.154
,,,,,,,,3204,3567.698,438.6989,1867.015,1524.11,18703.129,11030.26,9003.052,1006.699,11896.347
,,,,,,,,3205,4777.652,503.5702,1923.766,1720.661,18685.553,11224.95,8594.301,954.3915,12665.16
,,,,,,,,3206,4987.188,577.3391,2083.242,1821.963,18758.413,10934.44,8889.885,1007.135,13646.473
,,,,,,,,3207,4789.186,622.5468,2491.521,1986.481,18329.704,12157.14,9695.762,1423.634,14283.764
,,,,,,,,3208,5254.79,705.9664,2967.276,2416.315,18616,13725.66,10093.69,1718.846,15333.993
,,,,,,,,3209,5440.76,738.8022,3684.85,2849.713,18952.319,13977.45,12893.56,2414.753,16423.752
,,,,,,,,3210,5705.671,790.1326,4050.822,3051.399,19232.519,14996.34,14507.93,3139.613,17004.15
,,,,,,,,3211,5785.787,778.945,4226.748,3127.634,19240.504,16267.42,15258.9,3441.622,16705.393
,,,,,,,,3212,5739.013,725.5818,4319.99,3197.108,19180.461,17254.79,15743.49,3554.131,16229.409
,,,,,,,,3213,5387.14,692.7132,4124.84,3171.337,18673.486,18243.67,16549.03,3709.789,15256.167
,,,,,,,,3214,5110.744,620.162,3896.887,2868.407,17542.849,17764.83,16604.04,3627.132,14288.502
,,,,,,,,3215,4716.349,571.208,3645.78,2549.281,16221.842,17721.09,16824.47,3617.042,13249.513
,,,,,,,,3216,4342.151,525.5381,3418.23,2282.683,15376.485,17295.58,16400.16,3642.609,12345.544
,,,,,,,,3217,4237.971,467.4572,3234.096,2115.584,14894.933,15629.29,14827.79,3254.898,11881.121
,,,,,,,,3218,4062.566,431.2675,3117.509,2030.653,14673.145,13881.13,13164.9,2809.809,11569.39
,,,,,,,,3219,3938.188,413.6852,3062.517,2033.805,14843.81,12748.75,12134.94,2541.759,11334.615
,,,,,,,,3220,3885.035,396.9466,3097.652,2077.928,15370.497,12331.95,11806.19,2406.342,11359.271
,,,,,,,,3221,3910.549,402.9431,3260.958,2185.23,16419.971,12606.09,12150.23,2449.993,11700.074
,,,,,,,,3222,3895.054,415.9945,3475.268,2361.447,17716.08,14088.97,13232.33,2656.798,12085.082
,,,,,,,,3223,3812.651,417.5449,3553.066,2528.825,18497.791,16682.72,14844.15,3156.178,11908.275
,,,,,,,,3224,3889.031,417.7368,3405.332,2361.134,18896.236,18865.06,15444.01,3410.056,11676.794
,,,,,,,,3225,3407.433,419.6324,3659.696,2296.275,18803.28,20167.31,14648.06,3317.723,11974.052
,,,,,,,,3226,3435.25,400.0475,3616.31,2210.056,18547.058,18830.98,14147.68,3255.887,11526.616
,,,,,,,,3227,3703.141,417.4645,3235.132,2098.758,18376.108,16658.38,13562.76,3159.919,12056.522
,,,,,,,,3228,3905.123,470.0335,2675.978,2181.219,17972.952,15671.37,11596.91,3265.067,13502.77
,,,,,,,,3229,4312.436,546.6866,2529.079,1801.743,18041.255,15569.72,10988.87,3182.677,13189.809
,,,,,,,,3230,4410.35,582.2045,2665.964,1949.925,18109.246,14696.28,10820.69,2390.634,14096.138
,,,,,,,,3231,4918.814,606.0632,2793.815,1900.305,17941.05,15888.31,10848.71,2478.582,14920.316
,,,,,,,,3232,5281.978,663.6264,3071.561,2249.167,18260.262,16096.17,10983.49,2201.491,16003.148
,,,,,,,,3233,5488.872,726.5684,3659.413,2750.098,18424.303,16063.82,12918.34,2713.992,16827.341
,,,,,,,,3234,5582.244,750.9581,3976.444,2959.66,18885.932,16420.79,14268.5,3122.558,17242.223
,,,,,,,,3235,5544.473,727.9219,4143.592,2898.668,18916.13,16529.86,14279.99,3381.964,16785.847
,,,,,,,,3236,5503.013,699.4625,4193.194,2888.99,18719.379,17130.51,14871.07,3571.512,16430.722
,,,,,,,,3237,5295.716,686.517,4130.465,2870.797,18358.73,17920.13,16243.7,3713.427,15462.4
,,,,,,,,3238,4897.069,642.5438,3898.249,2627.5,17217.948,17606.67,16353.3,3624.019,14640.764
,,,,,,,,3239,4549.448,572.061,3651.001,2343.207,15988.363,17566.81,16615.52,3632.55,13523.563
,,,,,,,,3240,4227.341,524.3226,3402.788,2117.192,15159.124,17099.48,16183.29,3647.989,12607.805
,,,,,,,,3241,4090.206,464.8356,3239.324,1976.333,14706.727,15549.36,14811.07,3272.038,12068.146
,,,,,,,,3242,3910.549,429.8708,3101.108,1884.874,14460.173,13686.08,13145.9,2791.926,11655.953
,,,,,,,,3243,3832.946,417.4597,3054.792,1905.637,14512.544,12573.98,12048.93,2516.701,11501.6
,,,,,,,,3244,3795.738,392.8188,3057.692,1926.259,15055.857,11949.62,11557.63,2339.983,11600.596
,,,,,,,,3245,3814.874,397.7811,3226.226,2037.101,16097.537,12407.77,11940.36,2371.08,11895.029
,,,,,,,,3246,3765.473,404.627,3415.334,2108.715,17430.425,13738.54,13164.45,2654.153,12636.503
,,,,,,,,3247,3768.84,400.4213,3622.275,2161.809,18622.628,15391.54,14480.07,2944.205,12585.076
,,,,,,,,3248,3674.631,396.2265,3578.3,2017.086,18957.654,16176.43,15809.47,3445.857,11848.865
,,,,,,,,3249,3656.285,364.9078,3540.707,2023.236,18907.598,17433.32,14823.34,3393.936,11942.492
,,,,,,,,3250,3793.532,377.9326,3158.63,1824.862,18540.169,15052.45,12734.11,3567.058,11223.611
,,,,,,,,3251,4045.639,365.6339,2710.868,1538.35,18661.854,14454.37,10296.84,3465.943,11352.082
,,,,,,,,3252,4462.568,379.7543,1510.718,1563.658,18393.407,14728.99,7434.211,1018.466,12123.93
,,,,,,,,3253,4407.739,464.752,1492.547,1375.762,18320.387,11048.38,7733.35,666.3435,12024.037
,,,,,,,,3254,3228.677,489.1098,1674.337,1410.955,18156.518,12873.63,7806.619,669.5599,12811.609
,,,,,,,,3255,3214.97,505.7676,2077.663,1882.361,18198.772,13235.64,7915.605,988.3218,13304.263
,,,,,,,,3256,3656.961,550.4796,2775.249,1947.408,18215.479,12978.76,7845.475,1408.212,14071.098
,,,,,,,,3257,4020.85,575.0765,3443.269,2500.69,18806.805,14415.65,10325.92,2056.615,14870.752
,,,,,,,,3258,4452.436,591.5361,3826.146,2798.88,18820.341,15181.87,12603.45,2891.914,15288.832
,,,,,,,,3259,4514.48,586.3856,4043.929,2794.425,18918.4,15860.56,13609.12,3187.36,15170.511
,,,,,,,,3260,4538.817,548.6989,4124.84,2760.092,18840.343,16475.04,14296.68,3401.319,15067.598
,,,,,,,,3261,4449.521,542.7117,3976.977,2717.015,18509.712,17120.12,15591.92,3562.385,14406.154
,,,,,,,,3262,4241.161,527.8788,3831.837,2553.596,17530.784,17131.34,15944.01,3530.917,13817.953
,,,,,,,,3263,4008.35,479.0969,3648.107,2323.744,16318.804,17312.36,16525.15,3587.501,12771.035
,,,,,,,,3264,3755.342,432.574,3423.452,2088.663,15535.701,17062.58,16189.86,3614.861,11865.407
,,,,,,,,3265,3619.27,393.4721,3204.188,1936.328,14889.335,15319.25,14562.51,3223.614,11339.056
,,,,,,,,3266,3486.388,369.6935,3112.124,1873.871,14647.297,13581.69,12961.92,2749.779,10949.082
,,,,,,,,3267,3398.154,354.3702,3047.074,1874.922,14658.537,12485.3,11898.83,2487.108,10746.932
,,,,,,,,3268,3358.821,339.8814,3060.025,1897.232,15028.817,11861.36,11444.16,2312.184,10766.711
,,,,,,,,3269,3417.289,341.9314,3199.212,2008.487,15951.179,12226.09,11730.48,2330.755,11059.806
,,,,,,,,3270,3348.754,353.636,3408.268,2165.968,17233.032,13699.4,12787.14,2533.944,11377.443
,,,,,,,,3271,3148.689,338.1368,3353.824,2208.307,18601.19,15642.23,12906.33,2807.84,10906.467
,,,,,,,,3272,2783.126,314.4429,2915.821,1972.186,18968.705,16756.49,12117.34,2914.354,10092.12
,,,,,,,,3273,2435.296,290.2122,2377.993,1743.655,18988.028,16296.28,10540.66,2719.035,9657.241
,,,,,,,,3274,2278.254,265.7761,1955.215,1691.427,18757.692,12904.8,8725.07,1292.312,9249.243
,,,,,,,,3275,2275.515,261.2334,1697.276,1657.31,18724.592,11857.08,7921.366,872.1707,9099.866
,,,,,,,,3276,4039.808,271.3001,1574.71,1194.508,18273.574,8912.97,6806.415,608.0878,9620.553
,,,,,,,,3277,2372.367,293.2451,1568.665,1128.558,17957.454,11384.62,6292.288,513.7499,9523.277
,,,,,,,,3278,2513.528,355.8002,1727.681,1356.06,17688.599,8476.942,6651.462,603.3258,10130.591
,,,,,,,,3279,2867.237,398.9177,2228.415,1477.872,17589.885,8415.651,7973.05,928.4451,10792.433
,,,,,,,,3280,3512.047,456.1534,2718.577,1570.789,18128.852,8768.909,8301.374,1357.251,11830.312
,,,,,,,,3281,3899.661,520.2425,3262.115,2106.443,18471.724,10915.02,10582.59,2013.359,12896.852
,,,,,,,,3282,4320.617,563.2303,3851.963,2562.324,18633.735,13669.25,12875.53,2871.631,13822.216
,,,,,,,,3283,4364.588,583.7363,4133.555,2730.655,18928.697,15666.64,13770.21,3179.209,13880.357
,,,,,,,,3284,4413.376,560.7289,4173.483,2728.498,18918.731,16598.13,14424.39,3381.036,13748.384
,,,,,,,,3285,4302.818,540.6339,4044.354,2649.811,18559.994,17074.13,15556.27,3518.759,13123.948
,,,,,,,,3286,4102.963,510.2873,3857.325,2483.489,17431.462,17166.6,15954.92,3527.381,12625.107
,,,,,,,,3287,3845.702,460.2899,3648.107,2245.256,16264.314,17317.62,16447.15,3589.294,11737.736
,,,,,,,,3288,3618.207,417.0602,3423.452,2038.541,15427.917,16980.79,16084.05,3611.274,11072.523
,,,,,,,,3289,3506.586,381.0611,3201.294,1889.052,15043.163,15268.34,14547.85,3228.098,10745.083
,,,,,,,,3290,3404.532,356.2483,3110.194,1832.899,14989.801,13570.17,12930.43,2784.752,10499.204
,,,,,,,,3291,3365.199,342.9934,3044.179,1844.456,15205.097,12366.98,11841.99,2494.231,10370.574
,,,,,,,,3292,3355.631,328.6951,3035.502,1870.968,15747.301,11780.51,11317.15,2322.973,10465.053
,,,,,,,,3293,3417.289,334.6916,3172.76,1974.232,16693.909,12123.12,11582.17,2335.188,10833.249
,,,,,,,,3294,3385.848,349.8115,3354.397,2111.618,17890.623,13386.18,12494.76,2464.76,11080.851
,,,,,,,,3295,3144.437,332.1754,3325.134,2089.641,18740.061,14825.37,12886.43,2538.223,10651.267
,,,,,,,,3296,2790.68,313.1348,3100.34,1929.129,18963.246,15661,12731.02,2412.777,9969.207
,,,,,,,,3297,2534.161,294.1882,2606.841,1816.195,18741.297,15903.76,11617.22,2081.723,9447.064
,,,,,,,,3298,2344.051,277.7524,2130.778,1896.719,18390.086,16409.57,9621.831,1916.585,9155.033
,,,,,,,,3299,2332.695,296.7238,1919.24,1874.688,18272.656,16179.47,7930.832,1421.487,9273.38
,,,,,,,,3300,2282.006,298.0149,1890.603,1882.215,17959.482,15647.67,7417.683,1111.711,9583.305
,,,,,,,,3301,2247.377,339.1705,1814.021,2008.116,17658.431,16552.89,7510.288,1235.149,10042.914
,,,,,,,,3302,2829.192,419.2154,2329.487,2133.288,17660.077,15700.24,8440.222,1091.069,10547.072
,,,,,,,,3303,3443.851,454.5527,2809.687,2299.963,17744.694,16094.97,10168.67,1310.951,11256.432
,,,,,,,,3304,3833.59,529.6299,3275.841,2370.09,18151.724,15702.87,10470.79,1799.149,12576.392
,,,,,,,,3305,4219.578,608.5038,3578.531,2648.97,18561.927,15458.92,11458.48,2291.919,13244.426
,,,,,,,,3306,4453.048,628.6916,3833.071,2805.444,18698.703,15377.98,12660.19,2875.144,13961.896
,,,,,,,,3307,4552.637,618.4381,3975.026,2714.252,18751.255,15712.9,13196.3,3084.093,13994.172
,,,,,,,,3308,4486.728,587.1568,4009.785,2636.839,18623.377,16045.94,13800.81,3239.231,13963.412
,,,,,,,,3309,4479.286,563.959,3894.157,2616.545,18215.316,16526.62,15012.63,3375.395,13509.442
,,,,,,,,3310,4350.656,533.4219,3747.094,2490.145,17193.565,16666.98,15481.69,3425.53,12996.432
,,,,,,,,3311,4063.63,466.8764,3587.483,2272.759,16138.915,16930.17,16037.53,3479.826,12162.507
,,,,,,,,3312,3846.765,429.6617,3418.224,2036.852,15300.016,16263.58,15521.44,3432.135,11405.239
,,,,,,,,3313,3733.018,392.1286,3223.899,1877.332,14833.688,14968.15,14336.86,3150.13,10973.612
,,,,,,,,3314,3609.703,364.213,3127.573,1790.877,14508.776,13504.68,12948.41,2800.819,10673.575
,,,,,,,,3315,3548.045,349.7427,3065.82,1793.78,14440.804,12239.25,11960.28,2489.49,10492.13
,,,,,,,,3316,3501.271,343.1654,3035.912,1803.235,14635.209,11454.83,11269.14,2289.425,10440.231
,,,,,,,,3317,3491.703,344.1904,3071.048,1829.335,15104.157,11289.84,11052.92,2223.881,10546.288
,,,,,,,,3318,3502.334,342.0591,3101.74,1863.097,15702.956,11360.1,11025.76,2151,10939.511
,,,,,,,,3319,3392.903,324.3582,3026.82,1881.066,16557.979,11767.66,10707.22,2016.903,11490.863
,,,,,,,,3320,2899.998,302.9217,3133.293,1946.759,17103.176,12513.98,9615.505,1752.016,11049.532
,,,,,,,,3321,2794.707,349.783,3258.982,2110.084,17322.951,10315.85,9972.173,2685.65,11589.133
,,,,,,,,3322,2890.72,305.5409,3315.203,1769.122,17315.517,12279.54,9024.865,2871.96,11151.358
,,,,,,,,3323,2481.346,323.269,3019.924,1166.496,16972.811,9122.418,9141.331,2678.457,10679.584
,,,,,,,,3324,1854.834,307.5308,2742.493,1101.81,16790.604,10831.41,8254.177,3159.552,11128.733
,,,,,,,,3325,1973.671,276.02,2580.667,1210.946,16329.32,8326.008,4098.618,3018.496,10721.249
,,,,,,,,3326,2252.354,314.282,2643.813,1480.364,16250.496,8680.851,4327.636,1905.796,11722.206
,,,,,,,,3327,2628.387,409.4208,2354.356,1947.57,16392.089,10293.79,6742.539,648.392,11285.884
,,,,,,,,3328,3351.364,452.2215,2844.97,2014.568,16920.122,11738.04,7044.849,1253.928,12308.97
,,,,,,,,3329,3681.734,469.238,3154.721,2276.489,17629.308,12630.59,9689.495,1625.34,12604.448
,,,,,,,,3330,4075.049,501.3911,3698.851,2553.908,17879.378,12970.04,11371.01,2401.435,12989.372
,,,,,,,,3331,4196.512,510.5387,3929.808,2586.973,18128.741,13785.88,12213.77,2754.487,12878.008
,,,,,,,,3332,4152.926,474.0954,3909.302,2557.75,18007.815,14737.98,12858.6,2949.245,12813.56
,,,,,,,,3333,4080.638,462.2744,3835.563,2541.907,17744.714,15233.48,13697.91,3097.417,12493.029
,,,,,,,,3334,3949.882,449.3288,3745.422,2417.219,16832.799,15055.29,14055.49,3120.579,12244.969
,,,,,,,,3335,3753.216,405.5369,3578.654,2231.763,15853.323,14786.54,14081.01,3073.875,11533.773
,,,,,,,,3336,3562.928,371.425,3363.25,1963.313,15046.433,15172.71,14498.12,3196.349,10961.917
,,,,,,,,3337,3443.865,350.9397,3195.927,1792.401,14652.898,14434.27,13908.68,3090.945,10589.533
,,,,,,,,3338,3323.74,330.2639,3088.017,1729.531,14415.511,13024.42,12586.38,2761.413,10261.706
,,,,,,,,3339,3287.595,319.7493,3029.158,1720.241,14337.364,11890.82,11626.23,2466.226,10106.349
,,,,,,,,3340,3267.397,311.4753,2996.356,1718.14,14427.954,11099.93,10945.59,2270.594,10007.073
,,,,,,,,3341,3284.406,312.1378,2989.602,1751.345,14807.934,10738.89,10638.77,2183.504,10086.741
,,,,,,,,3342,3159.529,304.9036,2965.022,1748.638,15291.233,10612.01,10285.95,2106.141,10092.574
,,,,,,,,3343,3027.774,269.5817,2724.359,1642.552,16047.841,10029.42,8985.516,1827.771,9649.317
,,,,,,,,3344,2559.319,258.0918,2345.515,1376.255,16755.769,9246.001,7309.826,1395.761,9084.741
,,,,,,,,3345,2169.305,212.8211,1966.859,1198.961,17391.505,9748.932,6062.236,1404.54,9372.465
,,,,,,,,3346,2546.966,191.2695,1671.467,987.7099,17424.18,8718.692,4665.31,475.2859,8645.693
,,,,,,,,3347,2478.656,185.0209,1434.256,980.6931,17384.964,6414.15,5111.083,266.918,8011.497
,,,,,,,,3348,2030.061,181.5327,1248.32,881.4859,17396.925,6046.9,4052.194,521.588,7792.073
,,,,,,,,3349,2030.287,203.4499,1229.414,651.3381,16880.376,5317.855,3212.033,96.54449,8124.402
,,,,,,,,3350,2223.313,257.1185,1459.874,791.6981,16779.442,4634.142,3952.888,161.3949,8478.078
,,,,,,,,3351,3058.909,304.5075,1995.527,1114.571,16615.265,5839.537,5356.638,756.3613,9910.958
,,,,,,,,3352,3339.493,378.5411,2682.553,1333.842,16819.868,6768.629,6286.241,1028.675,11141.803
,,,,,,,,3353,3950.511,443.424,3317.806,1883.899,17199.983,8851.445,8592.633,1693.792,12069.838
,,,,,,,,3354,4129.153,500.9006,3733.571,2397.426,17847.44,11979.68,11090.56,2448.883,12766.271
,,,,,,,,3355,4183.868,503.6522,3937.908,2550.608,18237.992,13715.01,12334.84,2803.174,12881.46
,,,,,,,,3356,4193.323,476.6984,3993.893,2560.3,18173.349,14893.54,13074.59,3018.179,12803.274
,,,,,,,,3357,4076.386,466.5741,3884.06,2527.648,17952.733,15374.43,13928.61,3153.825,12273.888
,,,,,,,,3358,3938.188,442.6236,3725.571,2360.076,16940.991,15109.2,14085.37,3115.483,11852.596
,,,,,,,,3359,3724.513,393.6696,3506.301,2147.306,15769.395,14681.57,14038.86,3081.331,11092.679
,,,,,,,,3360,3518.28,359.567,3287.031,1927.594,14930.398,15419.34,14795.55,3304.922,10599.173
,,,,,,,,3361,3402.406,342.6657,3108.687,1796.852,14531.815,14403.11,13867.93,3121.334,10353.789
,,,,,,,,3362,3297.163,320.1118,3009.465,1753.057,14411.169,12689.58,12364.2,2688.748,10221.487
,,,,,,,,3363,3270.587,312.6908,2982.446,1780.371,14540.177,11683.85,11404.19,2420.698,10193.323
,,,,,,,,3364,3292.911,309.588,2990.17,1806.247,15082.159,11127.89,10933.57,2269.169,10340.686
,,,,,,,,3365,3367.325,320.5746,3143.822,1921.953,16117.039,11487.56,11274.11,2291.247,10790.355
,,,,,,,,3366,3337.06,336.3477,3400.565,2081.461,17449.132,13116.45,12445.86,2536.722,11128.111
,,,,,,,,3367,3110.419,322.9614,3465.775,2101.642,18897.49,15169.58,13020.78,2925.646,10603.735
,,,,,,,,3368,2686.5,305.5432,3381.857,1899.74,19399.84,16698.17,13560.08,3283.387,9805.116
,,,,,,,,3369,2288.819,286.7001,2796.745,1821.546,19494.481,16695.51,12440.18,2980.704,9093.657
,,,,,,,,3370,2090.43,254.6023,2627.503,1867.314,19161.641,14095.1,9453.888,2834.712,8673.699
,,,,,,,,3371,1966.954,244.4663,2428.762,1647.976,18809.024,14678.29,8514.621,1326.224,8457.127
,,,,,,,,3372,1989.617,238.1492,2263.563,1626.527,18910.499,13364.78,9155.763,1132.38,8428.597
,,,,,,,,3373,2240.885,257.4279,2207.592,981.5032,18748.243,11459.92,8599.351,2453.907,8600.61
,,,,,,,,3374,2767.309,296.2819,2669.086,1245.875,18395.723,12892.88,9482.398,2664.79,9120.241
,,,,,,,,3375,3506.394,361.4958,3283.392,1474.661,17842.238,13251.95,8742.318,2300.104,9998.932
,,,,,,,,3376,4083.506,409.6674,3541.345,1548.632,18273.367,13150.28,9313.193,2028.682,10830.962
,,,,,,,,3377,4338.463,444.8455,3706.539,2079.992,18868.779,13831.32,11325,2554.712,12060.906
,,,,,,,,3378,4374.269,502.0725,3887.627,2666.182,19157.614,14949.9,12909.02,3035.754,13208.074
,,,,,,,,3379,4341.088,513.4666,4046.152,2764.871,19399.641,15998.22,13739.09,3290.488,13175.031
,,,,,,,,3380,4300.692,496.7743,4169.35,2777.855,19254.993,16953.46,14586.76,3436.628,13215.954
,,,,,,,,3381,4210.332,483.8472,4068.188,2741.33,18828.818,17421.28,15806.53,3493.118,12799.8501
,,,,,,,,3382,4041.305,452.4849,3831.709,2539.666,17692.273,17066.4,15817.61,3483.441,12287.849
,,,,,,,,3383,3821.252,401.2812,3601.821,2282.936,16477.191,17074.57,16251.1,3537.232,11483.008
,,,,,,,,3384,3605.451,369.9095,3371.933,2067.816,15597.575,16684.37,15832.38,3544.864,10879.389
,,,,,,,,3385,3482.135,351.6207,3193.581,1916.78,15097.54,14944.31,14324.09,3182.312,10567.199
,,,,,,,,3386,3376.893,329.9106,3075.065,1867.568,14852.188,13174.39,12738.16,2741.656,10335.585
,,,,,,,,3387,3325.866,321.6366,3032.608,1882.276,14897.412,12054.04,11786.03,2466.432,10261.712
,,,,,,,,3388,3352.442,319.7493,3047.49,1912.991,15316.194,11524.88,11326.42,2315.8,10361.245
,,,,,,,,3389,3415.163,330.5454,3203.071,2024.246,16263.502,11882.28,11637.79,2344.206,10760.594
,,,,,,,,3390,3418.803,342.5625,3405.658,2162.221,17527.099,13236.06,12628.53,2547.424,11075.833
,,,,,,,,3391,3223.828,320.7357,3316.948,2156.345,18802.579,14478.82,13097.24,2827.137,10500.59
,,,,,,,,3392,3235.023,285.1837,2871.055,1927.483,19028.975,14862.78,12974.47,2606.574,9747.909
,,,,,,,,3393,3032.156,254.1443,2385.043,1568.734,18831.796,12996.44,12311.22,1978.075,9235.683
,,,,,,,,3394,3574.751,269.3892,1999.979,1502.136,18523.567,11797.75,10944.01,1865.044,9797.431
,,,,,,,,3395,3509.518,219.2541,1790.293,1319.509,18327.725,10637.38,12054.58,1421.667,8965.31
,,,,,,,,3396,3219.593,225.5152,1616.994,1060.801,18133.344,9478.676,9761.609,1595.984,8852.632
,,,,,,,,3397,2429.933,269.0614,3234.987,1016.17,17849.769,8580.859,11176.49,1103.285,9015.291
,,,,,,,,3398,2668.332,297.3323,3667.761,1238.109,17758.762,8562.809,13186.38,2792.897,10259.4
,,,,,,,,3399,2868.236,370.4888,2734.98,1584.138,17803.357,9714.597,14158.69,2417.356,10620.284
,,,,,,,,3400,3678.206,427.6414,3286.72,1785.039,17997.694,11027.54,11857.17,1393.062,11115.544
,,,,,,,,3401,4271.152,444.1937,3397.039,2373.77,18634.231,13469.64,11479.31,2685.909,12127.056
,,,,,,,,3402,4345.453,496.4454,3912.958,2727.306,19123.672,15537.64,13126.97,2957.179,12709.0825
,,,,,,,,3403,4297.503,503.9429,4195.968,2857.945,19326.675,16969.58,14143.52,3281.336,12799.1563
,,,,,,,,3404,4270.926,483.8571,4234.37,2880.16,19241.778,17902.97,14599.67,3472.344,12860.3392
,,,,,,,,3405,4196.512,465.0054,4092.289,2765.468,18781.487,17793.72,15829,3497.027,12385.0534
,,,,,,,,3406,4051.936,443.7858,3901.559,2556.451,17554.329,17394.03,15967.84,3496.025,11934.099
,,,,,,,,3407,3838.261,392.1009,3651.007,2330.6,16247.802,17367.08,16363.67,3535.416,11234.586
,,,,,,,,3408,3620.333,362.979,3413.406,2095.933,15374.902,16978.82,15961.73,3533.206,10741.383
,,,,,,,,3409,3511.901,347.1119,3241.253,1969.144,14898.367,15320.97,14510.25,3171.552,10509.171
,,,,,,,,3410,3401.343,324.5581,3089.53,1911.303,14612.089,13444.32,12823.54,2732.689,10386.268
,,,,,,,,3411,3358.821,318.3526,3040.327,1926.01,14609.609,12352.55,11815.76,2448.497,10350.041
,,,,,,,,3412,3379.019,317.3183,3031.644,1947.27,15006.488,11744.83,11307.53,2295.174,10494.689
,,,,,,,,3413,3456.622,325.3833,3196.318,2061.264,15926.059,12162.31,11729.29,2330.704,10947.49
,,,,,,,,3414,3533.388,336.3662,3359.851,2192.638,17146.667,13356.9,12823.1,2516.832,11274.623
,,,,,,,,3415,3584.979,315.8863,3425.637,2220.322,18201.507,14704.53,14202.12,2908.212,10612.037
,,,,,,,,3416,3028.628,298.4274,3488.29,2017.463,18523.652,15516.74,15598.7,3317.595,9734.62
,,,,,,,,3417,2699.821,266.0503,3375.53,1786.761,18745.505,14656.89,15223.78,3486.421,9515.234
,,,,,,,,3418,2577.521,233.2774,3390.859,1640.577,18266.14,12490.8,14406.59,3474.502,9600.685
,,,,,,,,3419,2939.96,267.7998,3159.447,1199.956,18059.465,10686.26,11566.6,2292.172,8164.074
,,,,,,,,3420,3119.053,254.7671,3541.163,1018.86,17751.74,9106.383,12696.97,2356.162,8081.763
,,,,,,,,3421,3431.528,296.1172,3635.76,1102.141,17769.581,9979.474,12981.92,838.5625,8217.477
,,,,,,,,3422,3842.53,331.6907,3767.167,1353.618,17908.957,13003.07,12636.84,713.9402,8694.164
,,,,,,,,3423,3892.155,366.8926,3731.491,1756.407,17927.86,10533,12773.05,1059.554,9489.643
,,,,,,,,3424,3903.849,393.702,3869.745,1950.276,18574.396,12693.84,12338.13,1456.862,10241.581
,,,,,,,,3425,4174.977,487.9234,4042.561,2654.983,18944.982,15314.13,12145.82,2153.644,11504.969
,,,,,,,,3426,4318.99,543.2834,4155.191,2836.901,19234.16,16078.39,13051.04,2941.59,12776.7865
,,,,,,,,3427,4282.732,552.3091,4202.736,2863.959,19391.44,17017.97,14102.63,3222.208,12837.6423
,,,,,,,,3428,4288.998,525.3553,4187.399,2853.306,19191.924,17675.01,14625.31,3401.93,12888.8133
,,,,,,,,3429,4193.323,502.7383,4004.394,2709.777,18703.771,18021.23,15629.25,3454.622,12415.6068
,,,,,,,,3430,4022.17,474.4601,3837.626,2591.308,17475.942,17728.26,15853.11,3445.967,11946.008
,,,,,,,,3431,3808.495,420.3257,3667.402,2333.752,16194.322,17606.01,16302.86,3515.105,11265.808
,,,,,,,,3432,3586.315,381.0426,3454.325,2165.105,15281.065,17273.34,15904.78,3536.844,10780.517
,,,,,,,,3433,3469.379,362.4445,3224.449,1976.995,14840.606,15449.4,14365.75,3166.171,10523.227
,,,,,,,,3434,3386.46,336.7787,3120.404,1903.784,14539.36,13659.21,12737.84,2747.985,10379.412
,,,,,,,,3435,3341.812,324.3769,3080.842,1916.804,14524.728,12444.07,11791.27,2458.361,10335.142
,,,,,,,,3436,3359.884,320.2306,3050.939,1967.868,14822.538,11875.17,11234.08,2300.555,10482.216
,,,,,,,,3437,3450.244,325.3833,3217.543,2081.225,15682.389,12282.48,11600.75,2319.097,10930.066
,,,,,,,,3438,3442.303,340.1222,3438.176,2232.326,16900.471,13646.9,12616.94,2475.624,11251.469
,,,,,,,,3439,3332.148,322.3733,3380.838,2263.131,18067.235,14749.04,12838.5,2470.287,10585.847
,,,,,,,,3440,2870.184,295.6894,2990.549,2019.947,18594.026,14908.05,12321.01,2328.326,9711.989
,,,,,,,,3441,2559.562,271.64,2469.218,1722.455,18937.365,13583.9,10895.05,1850.506,9188.188
,,,,,,,,3442,2315.348,252.1162,2066.371,1471.68,18877.421,11467.98,8825.2,1346.707,8856.058
,,,,,,,,3443,2219.399,251.7014,1811.509,1219.274,18794.132,9963.126,7359.426,1032.669,8715.612
,,,,,,,,3444,2211.12,271.8112,1657.808,1037.322,18781.257,8820.104,6616.716,810.9822,8963.39
,,,,,,,,3445,2324.642,311.9825,1670.292,1051.288,18589.043,8735.666,6699.321,657.2301,9176.276
,,,,,,,,3446,2616.194,363.9821,1888.688,1256.215,18440.619,9198.933,7251.574,721.8859,9815.388
,,,,,,,,3447,2967.89,411.6486,2419.892,1493.298,18281.787,10546.72,8412.202,1079.251,10575.048
,,,,,,,,3448,3499.516,481.3639,2726.741,1813.855,18593.642,11906.03,9058.95,1469.495,11708.222
,,,,,,,,3449,4032.818,537.9783,3344.693,2458.891,18966.225,13722.66,11124.56,2130.006,12854.972
,,,,,,,,3450,4296.166,597.1425,3864.16,2789.795,19038.002,15785.22,13154.29,2973.931,13887.194
,,,,,,,,3451,4367.777,608.3493,4143.764,3070.17,19012.896,16771.51,14476.39,3276.785,14010.054
,,,,,,,,3452,4425.07,572.931,4140.277,3022.828,18871.947,17588.28,14792.34,3466.868,13857.787
,,,,,,,,3453,4286.872,538.7466,4003.429,2887.514,18440.62,17948.44,15985.92,3567.584,13197.021
,,,,,,,,3454,4156.116,511.5028,3860.219,2721.108,17398.182,17828.76,16377.51,3556.741,12502.237
,,,,,,,,3455,3912.675,456.5246,3654.86,2462.915,16182.491,17619.37,16632.38,3592.225,11592.149
,,,,,,,,3456,3673.486,415.1729,3440.818,2242.293,15353.327,17180.28,16162.75,3594.236,10947.251
,,,,,,,,3457,3569.307,379.1738,3212.871,2073.149,14879.872,15468.88,14707.33,3224.511,10589.584
,,,,,,,,3458,3433.235,352.2924,3126.596,1999.137,14638.581,13678.68,12923.44,2767.713,10331.481
,,,,,,,,3459,3398.154,338.0034,3058.651,1994.048,14619.685,12430.2,11824.5,2473.606,10231.879
,,,,,,,,3460,3411.974,325.7736,3040.327,2028.552,14967.791,11835.42,11278.67,2303.216,10317.532
,,,,,,,,3461,3497.018,330.5546,3179.513,2109.754,15923.696,12145.24,11564.68,2316.356,10706.661
,,,,,,,,3462,3492.267,336.4347,3346.679,2246.381,17170.556,13439.42,12406.44,2443.239,10939.244
,,,,,,,,3463,3356.711,318.867,3273.62,2220.342,18364.044,14614.29,12728.91,2452.439,10414.219
,,,,,,,,3464,2956.292,304.0319,2957.621,2262.535,18902.107,15728.31,12279.22,2444.434,9898.546
,,,,,,,,3465,2661.615,282.2322,2595.495,2185.658,18875.226,14837.36,11975.74,2984.093,9340.248
,,,,,,,,3466,2424.956,277.2324,2134.83,2091.104,18814.785,12963.33,9100.846,2822.382,9208.316
,,,,,,,,3467,2415.839,282.1792,1786.647,1688.716,18571.492,10035.81,7310.785,3214.795,9141.797
,,,,,,,,3468,2793.048,314.6092,1577.788,1579.374,18274.406,8830.788,6202.154,3014.178,9668.311
,,,,,,,,3469,3139.541,351.6777,1587.258,1330.033,18186.039,8856.701,6456.827,2362.968,10135.143
,,,,,,,,3470,3125.947,392.3597,1743.009,1304.281,17969.448,7616.615,7207.99,1146.187,11007.784
,,,,,,,,3471,3512.611,468.2325,2669.212,1479.609,18204.596,8745.128,8564.138,1040.676,11831.933
,,,,,,,,3472,3949.126,529.6738,2845.997,1694.325,18371.22,9757.436,8596.273,1434.076,12856.583
,,,,,,,,3473,4065.273,582.092,3449.767,2362.919,18654.365,11746.49,10524.66,2104.612,13841.084
,,,,,,,,3474,4517.283,623.2703,3704.451,2802.76,18655.397,14046.41,12711.76,2915.013,14741.423
,,,,,,,,3475,4534.678,619.0411,3944.37,2880.272,18645.926,15561.72,13700.33,3183.054,14524.168
,,,,,,,,3476,4564.331,585.8133,3957.283,2722.821,18582.475,16191.73,14105.17,3321.126,14124.542
,,,,,,,,3477,4442.079,559.3315,3876.797,2613.643,18253.544,16859.11,15291.08,3453.702,13435.978
,,,,,,,,3478,4335.773,521.5546,3749.024,2363.276,17330.571,16869.34,15688.06,3444.835,13009.011
,,,,,,,,3479,4064.693,470.3416,3586.518,2185.15,16266.166,16930.61,16071.78,3505.408,12150.646
,,,,,,,,3480,3817,423.8187,3413.4,1973.017,15407.419,16335.62,15445.68,3445.637,11399.575
,,,,,,,,3481,3704.315,390.5506,3228.717,1833.457,14908.633,15038.77,14344.41,3150.13,10962.713
,,,,,,,,3482,3583.126,359.5322,3107.306,1763.811,14615.588,13599.33,12810.8,2776.606,10622.573
,,,,,,,,3483,3531.036,347.3117,3023.925,1779.321,14559.814,12399.11,11767.37,2482.367,10441.706
,,,,,,,,3484,3514.027,336.7787,3020.469,1796.13,14673.711,11731.23,11178.76,2300.209,10337.523
,,,,,,,,3485,3509.775,333.6666,3064.294,1833.537,15015.194,11489.94,10983.52,2220.293,10427.069
,,,,,,,,3486,3415.727,326.4325,3092.537,1863.69,15474.626,11605.83,10945.67,2265.875,10399.995
,,,,,,,,3487,3150.815,292.5942,3159.345,1820.439,16392.685,12097.78,10642.41,2372.472,10076.909
,,,,,,,,3488,2835.103,269.1817,3313.59,1771.796,17141.604,13089.48,10471.02,2181.156,9709.383
,,,,,,,,3489,2564.989,251.96,3346.551,1782.01,17463.846,13333.88,11229.96,2045.393,9053.515
,,,,,,,,3490,2620.719,247.1103,3284.261,1737.526,17514.853,11677.1,13071.2,2547.661,8840.07
,,,,,,,,3491,3058.523,253.3729,3534.584,1713.358,17183.029,8986.971,12811.77,3176.671,9252.899
,,,,,,,,3492,4168.824,267.7671,3411.924,1164.941,16361.061,8608.533,11013.14,3109.544,9287.026
,,,,,,,,3493,4250.567,294.702,3400.997,986.6399,16025.076,10953.31,10767.17,2223.738,9576.533
,,,,,,,,3494,4188.186,338.4961,3309.474,1343.949,16137.783,9778.285,9526.239,1683.17,10167.059
,,,,,,,,3495,3860.103,397.3621,3402.724,1925.081,15985.553,12635.57,10619.45,1432.489,10949.638
,,,,,,,,3496,4223.041,421.7608,3585.217,1805.172,16296.663,12352.05,10512.21,2253.543,11731.022
,,,,,,,,3497,4356.31,462.2432,3673.212,2210.973,17050.992,12289.58,11460.77,2545.229,12852.376
,,,,,,,,3498,4328.557,510.0524,3896.931,2578.655,17560.402,12935.86,11816.22,2671.146,13606.8
,,,,,,,,3499,4277.305,515.494,3969.1,2575.583,17745.749,13737.93,12328.71,2792.399,13510.21
,,,,,,,,3500,4266.674,487.6779,3955.19,2529.493,17901.668,14646.04,12734.28,2961.638,13520.836
,,,,,,,,3501,4168.873,472.5636,3857.337,2517.216,17699.424,14999.79,13722.12,3099.05,13110.741
,,,,,,,,3502,4029.612,454.6281,3753.69,2386.613,16758.599,14971.78,14043.46,3075.369,12675.803
,,,,,,,,3503,3842.513,414.1202,3606.621,2208.098,15695.735,14634.99,14027.32,3027.769,11862.547
,,,,,,,,3504,3645.847,378.9741,3402.794,1949.103,14898.483,15144.92,14484.37,3188.278,11234.31
,,,,,,,,3505,3527.847,353.1362,3219.069,1804.594,14469.614,14654.84,13947.09,3085.564,10836.56
,,,,,,,,3506,3385.397,329.5389,3101.517,1744.239,14157.354,13207.52,12563.88,2729.079,10499.826
,,,,,,,,3507,3320.551,321.2648,3061.955,1720.241,14040.831,12000.39,11608.42,2442.911,10321.451
,,,,,,,,3508,3284.406,312.9908,3028.188,1716.039,14112.907,11243.71,10926.03,2255.349,10205.03
,,,,,,,,3509,3284.406,309.8881,3030.117,1746.894,14392.859,10930.31,10629.71,2162.851,10227.627
,,,,,,,,3510,3155.277,302.6538,2989.755,1720.273,14766.733,10754.72,10241.36,2114.263,10333.808
,,,,,,,,3511,2941.054,266.1848,2764.874,1725.214,15505.136,10490.05,8980.549,1664.254,10712.668
,,,,,,,,3512,3147.063,238.2636,2387.953,1562.283,16186.715,11233.46,7508.872,1290.803,9734.561
,,,,,,,,3513,2109.162,221.8856,2023.983,1186.908,16440.191,9733.268,6342.827,884.2563,8570.139
,,,,,,,,3514,2027.371,208.8489,1704.062,1002.197,16486.51,6979.408,5164.963,559.5775,8276.673
,,,,,,,,3515,2691.655,202.0564,1692.894,907.7435,16620.41,4872.79,4143.576,250.8863,8090.145
,,,,,,,,3516,1943.341,207.3328,1316.891,736.3668,16559.794,7249.083,5502.848,250.7841,8228.578
,,,,,,,,3517,2187.056,233.043,1579.291,1069.255,16554.517,5105.949,4787.852,56.0373,8422.891
,,,,,,,,3518,2279.429,278.9188,1981.927,1242.635,16729.13,5395.367,4414.497,103.6292,9050.953
,,,,,,,,3519,2568.404,335.9753,2197.454,1241.966,16757.397,8260.697,5811.611,539.955,9877.222
,,,,,,,,3520,3448.311,400.8227,2523.47,1616.327,17321.556,8577.884,6480.242,980.1392,10740.157
,,,,,,,,3521,3742.828,457.9216,3209.606,2159.161,17695.778,10119.92,8907.083,1594.243,12080.412
,,,,,,,,3522,4155.617,513.9863,3631.394,2490.852,18019.278,12054.14,11288.04,2426.807,13243.777
,,,,,,,,3523,4201.94,528.7269,3937.685,2639.571,18276.26,13822.34,12412.68,2817.282,13378.545
,,,,,,,,3524,4246.476,501.2234,3990.162,2620.407,18417.378,14949.07,13075.13,3045.767,13169.815
,,,,,,,,3525,4132.729,482.3439,3920.287,2570.721,18111.106,15361.12,13961.82,3170.412,12600.114
,,,,,,,,3526,3966.891,456.3248,3771.863,2392.644,17040.527,15028.75,14121.01,3119.544,12110.992
,,,,,,,,3527,3740.459,412.9047,3555.487,2162.013,15763.646,14644.63,14062.58,3072.626,11237.413
,,,,,,,,3528,3545.919,374.6558,3333.329,1931.796,14848.374,15374.91,14839.2,3325.547,10668.315
,,,,,,,,3529,3443.865,350.0334,3150.721,1801.218,14388.828,14475.64,13957.72,3159.923,10418.728
,,,,,,,,3530,3356.695,325.4111,3062.517,1748.217,14085.3,12811.17,12446.32,2738.127,10202.614
,,,,,,,,3531,3307.794,314.0343,3024.884,1783.274,13951.51,11736.11,11457.78,2447.687,10122.952
,,,,,,,,3532,3332.244,309.8973,3012.348,1814.402,14124.7,11116.43,10903.77,2288.955,10173.569
,,,,,,,,3533,3397.091,311.9566,3094.764,1879.926,14728.183,11263.54,11027.26,2277.808,10467.196
,,,,,,,,3534,3327.493,308.0841,3104.161,1946.969,15496.1,12202.9,11360.65,2289.655,10603.091
,,,,,,,,3535,3076.289,283.2951,2883.303,1932.472,16727.164,13609.46,11205.24,2247.362,10057.35
,,,,,,,,3536,2741.554,262.8578,2569.686,1760.71,17348.482,13565.89,10931.46,2132.733,9487.571
,,,,,,,,3537,2526.494,255.7196,2271.168,1446.931,17572.87,13578.18,10379.13,1764.422,9063.46
,,,,,,,,3538,2422.378,261.679,2057.839,1290.633,17873.814,11580.47,9087.769,1347.1,8961.797
,,,,,,,,3539,2691.606,268.863,1892.256,1186.259,18295.889,9780.507,7424.857,1166.462,8937.478
,,,,,,,,3540,3003.019,288.2379,1735.376,1193.106,18162.793,8769.21,6676.874,902.1287,9232.077
,,,,,,,,3541,2591.856,337.1645,1718.388,1080.365,18195.187,8577.432,6899.425,841.129,9951.462
,,,,,,,,3542,3066.416,372.5624,1853.012,1210.05,18120.676,8885.486,7394.176,787.0491,10213.16
,,,,,,,,3543,4107.345,433.4837,2275.82,1476.808,18241.532,9703.562,8413.772,1173.118,10825.248
,,,,,,,,3544,3929.765,500.3459,2728.142,1720.557,18256.22,10399.13,8614.352,1487.999,11627.318
,,,,,,,,3545,4104.042,542.8433,3292.478,2324.732,18431.705,12153.45,10725.18,2190.257,12983.398
,,,,,,,,3546,4332.198,592.5804,3866.966,2819.097,18544.67,14830.99,13086.87,3070.792,13871.115
,,,,,,,,3547,4417.628,605.7153,4239.592,3107.135,18754.975,16708.38,14318.46,3441.984,13931.205
,,,,,,,,3548,4371.917,578.0212,4278.006,3190.379,18769.681,17443.85,14830.14,3530.603,14050.534
,,,,,,,,3549,4237.971,546.5494,4165.272,3094.245,18406.806,18009.59,16023.74,3574.591,13436.534
,,,,,,,,3550,4094.458,517.999,3873.001,2779.31,17240.778,17625.05,15808.94,3513.353,12712.758
,,,,,,,,3551,3863.774,457.3776,3592.149,2456.006,15933.933,17461.13,16059,3536.523,11730.192
,,,,,,,,3552,3681.991,412.2699,3332.92,2270.49,14999.091,16877.13,15677.55,3521.583,11084.316
,,,,,,,,3553,3589.505,381.6141,3190.687,2094.324,14859.177,15353.82,14401.92,3186.796,10722.189
,,,,,,,,3554,3523.595,352.6642,3073.135,2044.062,14541.887,13538.6,12781.88,2747.934,10447.816
,,,,,,,,3555,3481.073,338.1847,3034.538,2069.275,14450.175,12388.67,11792.15,2461.052,10330.737
,,,,,,,,3556,3500.208,328.0234,3053.278,2087.384,14726.588,11824.39,11306.31,2312.212,10373.372
,,,,,,,,3557,3571.433,336.7509,3207.895,2196.537,15511.526,12205.82,11581.82,2331.652,10735.146
,,,,,,,,3558,3585.704,348.8365,3397.655,2321.035,16749.568,13532.4,12549.32,2485.488,11106.85
,,,,,,,,3559,3352.797,341.3524,3319.098,2366.044,17831.602,14874.7,13018.14,2533.483,10751.482
,,,,,,,,3560,3066.85,326.3486,2942.144,2210.477,18374.791,15165.15,12615.67,2378.129,10153.654
,,,,,,,,3561,2831.592,308.549,2512.31,1989.687,18505.003,14271.66,11294.04,1905.793,9674.906
,,,,,,,,3562,2673.486,297.7932,2115.377,1768.231,18339.345,12129.07,9695.631,1608.943,9446.023
,,,,,,,,3563,2591.357,310.7551,1901.995,1559.913,18251.762,10191.69,8172.119,1267.804,9619.598
,,,,,,,,3564,2574.574,349.9754,1763.385,1520.972,18008.851,9549.428,7797.912,1014.029,10053.61
,,,,,,,,3565,2786.735,405.9327,1834.166,1608.113,18041.887,9453.432,7799.418,1000.638,10401.091
,,,,,,,,3566,3116.943,465.2997,2282.487,1858.852,18218.901,9948.298,8801.562,1067.744,11215.74
,,,,,,,,3567,3370.451,513.2159,2548.558,2096.201,18284.289,11489.82,9885.661,1306.372,12095.758
,,,,,,,,3568,3808.979,578.0189,3021.813,2400.808,18685.12,12315.42,10482.62,1532.269,13018.538
,,,,,,,,3569,4295.007,644.01,3478.906,3059.741,19432.605,14070.59,12447.74,2358.809,14082.874
,,,,,,,,3570,4678.98,681.7138,4071.013,3525.241,19590.745,16350.26,14243.56,3311.605,14882.038
,,,,,,,,3571,4827.02,686.0401,4337.162,3718.693,19558.418,17912.12,15543.26,3505.159,15136.698
,,,,,,,,3572,4874.745,644.1664,4385.841,3625.006,19390.354,18815.11,15922.05,3645.678,14786.789
,,,,,,,,3573,4639.808,602.5611,4226.394,3518.719,18984.583,18679.98,16743.16,3656.275,13900.434
,,,,,,,,3574,4443.142,581.3416,3943.045,3107.995,17763.466,18185.22,16860.18,3626.738,13154.986
,,,,,,,,3575,4142.296,513.1086,3685.739,2709.853,16390.208,17906,17028.27,3609.423,12172.851
,,,,,,,,3576,3961.576,461.2331,3416.301,2480.437,15370.341,17392.03,16387.6,3591.494,11441.46
,,,,,,,,3577,3818.063,429.8522,3253.795,2262.25,14827.78,15621.4,14973.72,3260.329,10970.634
,,,,,,,,3578,3695.811,393.8531,3109.791,2159.235,14479.484,13790.04,13202.19,2810.706,10724.529
,,,,,,,,3579,3638.406,371.0995,3051.904,2152.931,14377.813,12639.12,12192.66,2520.237,10583.223
,,,,,,,,3580,3643.721,360.757,3053.833,2150.028,14638.09,12015.68,11645.08,2366.914,10613.692
,,,,,,,,3581,3719.198,365.7192,3224.297,2245.112,15392.249,12459.96,11933.05,2397.96,10994.09
,,,,,,,,3582,3691.059,372.6335,3360.186,2392.542,16616.404,13683.08,12986.38,2633.469,11295.674
,,,,,,,,3583,3505.765,365.5305,3296.802,2417.794,17694.397,15318.58,13768.39,3132.375,11192.722
,,,,,,,,3584,3264.467,355.5167,2868.343,2177.08,18244.924,15970.67,13684.33,3495.33,10833.625
,,,,,,,,3585,3139.767,342.5851,2416.319,2054.087,18390.404,14886.96,11500.08,3465.193,10431.061
,,,,,,,,3586,3048.634,348.9085,2065.689,1825.235,18213.788,11486.82,9779.941,2334.146,10253.208
,,,,,,,,3587,3002.761,361.5671,1943.13,1644.724,18176.327,9776.453,8260.344,1163.212,10453.645
,,,,,,,,3588,3221.301,421.3504,1799.632,1650.798,18145.482,8931.646,7796.588,1079.827,11159.599
,,,,,,,,3589,3738.157,476.3511,1896.394,1796.104,18181.957,9171.585,8116.092,1016.21,11917.28
,,,,,,,,3590,4052.533,536.8837,2206.003,2004.902,18275.993,9460.558,8963.028,1192.982,12525.948
,,,,,,,,3591,4223.733,607.1133,2589.532,2289.94,18685.875,10476.28,10242.75,1434.564,13133.053
,,,,,,,,3592,4623.267,651.1628,3127.034,2440.916,19002.963,11033.45,10586.28,1952.556,14138.965
,,,,,,,,3593,4610.397,720.9727,3697.081,3150.782,19559.774,13126.52,12793.82,3019.215,15082.037
,,,,,,,,3594,4941.331,753.3055,4206.065,3461.205,19841.166,15425.09,14932.86,3129.492,16076.642
,,,,,,,,3595,5162.834,746.8173,4340.605,3614.396,19765.681,17258.8,15925.5,3404.933,16015.038
,,,,,,,,3596,5142.636,689.8016,4301.244,3635.973,19657.915,18039.22,16252.33,3505.267,15811.765
,,,,,,,,3597,4924.708,676.4929,4058.422,3430.46,19203.152,18354.59,16705.19,3609.971,14876.506
,,,,,,,,3598,4627.051,614.0844,3860.781,3143.902,17877.074,18132.46,16891.44,3608.066,14081.824
,,,,,,,,3599,4388.926,553.7444,3675.121,2743.47,16539.53,18004.67,17116.46,3637.536,12823.453
,,,,,,,,3600,4146.548,498.9475,3434.064,2503.385,15423.319,17589.48,16526.53,3636.383,12158.678
,,,,,,,,3601,3988.152,458.6301,3213.836,2260.646,15015.104,15814.54,14992.75,3288.129,11674.721
,,,,,,,,3602,3853.144,424.6902,3097.249,2164.323,14660.37,14013.25,13248.53,2864.562,11245.307
,,,,,,,,3603,3765.973,393.6719,3055.757,2114.309,14565.055,12771.3,12225.89,2562.384,11032.184
,,,,,,,,3604,3759.594,382.2858,3050.939,2132.806,14784.372,12166.35,11685.31,2408.165,11022.008
,,,,,,,,3605,3798.927,383.3015,3219.472,2235.657,15462.72,12569.04,12003.88,2440.158,11369.945
,,,,,,,,3606,3778.23,386.7321,3394.76,2391.376,16478.81,13902.23,13164.52,2709.854,11792.65
,,,,,,,,3607,3601.44,383.3943,3404.604,2403.906,17864.641,15145.07,14260.65,3225.135,11656.064
,,,,,,,,3608,3377.151,374.2242,3238.537,2209.048,18659.842,15164.38,14881.67,3799.641,11312.888
,,,,,,,,3609,3199.298,362.5858,2760.183,1981.943,18928.035,13769.88,15329.39,3871.475,10966.275
,,,,,,,,3610,3119.859,376.0898,2182.588,1878.884,18583.941,12063.71,13650.15,3766.961,11098.125
,,,,,,,,3611,3128.09,380.8462,1858.909,1610.837,18386.968,10236.59,10142.28,3085.862,11359.796
,,,,,,,,3612,3187.96,433.0864,1747.124,1605.496,18476.168,9727.292,8072.395,2358.319,12076.029
,,,,,,,,3613,3693.573,478.4289,1795.369,1745.987,18541.413,9649.345,8284.699,2537.848,12978.873
,,,,,,,,3614,3339.913,544.9764,2009.067,2056.341,18568.483,10029.77,9353.977,2493.496,13303.727
,,,,,,,,3615,4355.73,606.0883,2436.693,2336.003,19075.68,11482.51,10048.35,1989.686,14316.53
,,,,,,,,3616,4673.746,666.4953,2869.31,2665.163,19806.389,12265.59,10679.67,2720.395,15313.165
,,,,,,,,3617,4984.933,720.007,3402.015,3405.03,19913.413,14401.08,12108.69,3064.028,16245.128
,,,,,,,,3618,5295.556,762.623,3921.763,3779.52,19938.001,16282.84,14063.09,3202.527,17038.833
,,,,,,,,3619,5353.122,754.2476,4151.262,3860.371,19928.372,17965.59,15033.79,3386.772,16866.21
,,,,,,,,3620,5275.518,708.4182,4183.692,3810.748,19816.666,19027.52,15633.33,3576.584,16149.675
,,,,,,,,3621,5005.501,671.1312,4037.197,3623.957,19286.53,19183.05,16531,3704.414,15169.796
,,,,,,,,3622,4743.988,619.0652,3877.586,3293.663,18085.591,18864.87,16861.04,3690.406,14269.275
,,,,,,,,3623,4468.656,553.7444,3664.508,2860.027,16575.879,18546.54,17164.06,3698.252,13164.248
,,,,,,,,3624,4211.395,499.9818,3437.923,2596.332,15536.292,18295.17,16357.21,3875.921,12342.3
,,,,,,,,3625,4167.81,481.7554,3294.48,2394.921,15414.529,16836.69,15301.61,3544.288,12093.744
,,,,,,,,3626,4023.233,448.4781,3201.849,2290.583,14857.034,14838.22,13787.09,3089.19,11630.717
,,,,,,,,3627,3915.864,413.5039,3133.911,2244.11,14712.099,13469.86,12653.36,2748.155,11333.683
,,,,,,,,3628,3903.107,393.6626,3134.875,2248.063,14851.692,12755.12,12030.74,2551.786,11300.549
,,,,,,,,3629,3943.504,384.7169,3238.926,2352.955,15546.647,12964.84,12229.08,2539.129,11428.315
,,,,,,,,3630,3939.25,382.6775,3374.57,2518.477,16706.859,14082.82,13175.09,2739.146,11888.065
,,,,,,,,3631,3814.869,375.5194,3492.998,2611.394,17668.175,15186.07,13952.12,3200.895,11744.674
,,,,,,,,3632,3663.91,371.902,3763.701,2606.907,18277.176,15531.82,15149.91,3774.385,11533.917
,,,,,,,,3633,3546.969,377.9812,3810.467,2457.394,19071.137,15005.45,15505.4,4061.397,11283.885
,,,,,,,,3634,3442.787,372.8721,3771.921,2404.899,19424.387,13130.06,14368.84,3972.61,11451.842
,,,,,,,,3635,3497.001,381.8046,3790.719,2193.598,19494.447,11562.65,13422.36,3590.33,11819.156
,,,,,,,,3636,3551.216,426.4515,3740.831,2142.395,19566.82,10961.96,13034.84,2815.764,12639.037
,,,,,,,,3637,3740.441,475.9488,3737.826,2298.484,19864.673,10781.46,12985.97,1808.799,13424.425
,,,,,,,,3638,3930.73,530.3059,3131.749,2522.853,20121.833,11856.33,13246.31,2356.549,14087.954
,,,,,,,,3639,4497.345,603.1231,3269.621,2839.547,20528.057,12705.69,14048.63,2187.576,14840.191
,,,,,,,,3640,4863.041,646.3974,3426.317,2987.585,20737.409,13761.41,13748.87,2297.882,15443.418
,,,,,,,,3641,5045.891,710.7097,3702.285,3833.813,21354.835,15017.14,14086.34,2840.748,16399.436
,,,,,,,,3642,5362.688,756.2241,4015.544,4153.766,21468.393,16981.51,14400.29,2868.261,16864.412
,,,,,,,,3643,5493.446,741.0156,4074.802,4167.852,21125.584,18383.45,15043.6,3114.263,16723.387
,,,,,,,,3644,5429.662,687.9507,4033.823,4027.906,20139.529,18593.66,15416.15,3266.506,16137.324
,,,,,,,,3645,5260.635,646.4178,3966.277,3805.548,19558.295,19310.5,16168.8,3631.066,15434.049
,,,,,,,,3646,5049.086,616.5339,3839.316,3496.218,18860.299,19194.7,16636.8,3744.05,14737.221
,,,,,,,,3647,4806.708,562.3995,3675.285,3087.522,17288.23,19065.9,17034.39,3784.118,13712.793
,,,,,,,,3648,4488.854,515.686,3502.167,2706.304,16350.431,18194.66,16387.82,3811.223,12884.942
,,,,,,,,3649,4232.656,474.5064,3324.798,2474.267,15516.359,16779.57,15177.91,3492.166,12238.11
,,,,,,,,3650,4097.647,438.3168,3202.82,2301.642,15117.382,15083.11,13840.23,3094.802,11823.835
,,,,,,,,3651,3981.774,406.2549,3143.968,2206.594,14852.275,13625.2,12769.37,2775.831,11453.228
,,,,,,,,3652,3919.053,387.6383,3095.325,2184.532,14775.491,12672.33,11965.91,2527.933,11314.654
,,,,,,,,3653,3883.972,377.2958,3139.144,2252.157,14968.862,12434.74,11713.86,2427.493,11265.194
,,,,,,,,3654,3778.728,362.0294,3117.045,2276.95,15369.784,12258.57,11474.71,2389.445,11302.34
,,,,,,,,3655,3559.734,342.2791,3114.508,2233.184,15917.46,11779.06,10787.73,2505.717,11590.627
,,,,,,,,3656,3398.145,327.4846,3163.227,2085.601,16838.422,10966.16,9893.585,2760.417,11830.78
,,,,,,,,3657,3286.52,332.7469,3350.707,1995.619,17347.574,10223.97,11254.9,2114.954,11232.898
,,,,,,,,3658,3230.174,340.4567,3457.393,1928.497,17426.894,9025.093,11234.2,2672.826,11369.063
,,,,,,,,3659,3295.02,360.1302,3366.378,1785.023,17508.483,7976.108,10535.08,1900.527,11505.595
,,,,,,,,3660,3432.154,390.2159,3118.73,1728.371,17834.602,7702.124,10451.95,1969.674,12241.126
,,,,,,,,3661,3595.865,421.5511,2826.234,1906.273,18133.077,7615.472,10890.58,1610.932,12804.3
,,,,,,,,3662,3995.578,482.6498,2507.928,2099.703,18522.725,8525.308,11448.59,879.2819,13690.695
,,,,,,,,3663,4661.06,557.989,2710.204,2428.036,19063.393,10238.16,12868.52,1482.83,14727.86
,,,,,,,,3664,4797.131,601.3182,2947.44,2474.116,19975.29,12172.87,13538.66,1497.842,15136.081
,,,,,,,,3665,5185.152,667.871,3263.575,3373.268,20231.21,13290.26,13952.5,1856.839,15884.412
,,,,,,,,3666,5381.823,725.1247,3743.985,3730.276,20754.943,15406.25,13661.24,2471.193,16709.652
,,,,,,,,3667,5455.175,717.3373,3947.139,3823.328,20254.198,16886.95,14019.14,2810.75,16298.968
,,,,,,,,3668,5422.221,654.9548,3941.438,3751.588,19341.135,17248.08,14314.21,3077.885,15934.96
,,,,,,,,3669,5254.257,626.2047,3842.217,3567.96,18910.143,17222.94,14753.06,3352.58,15064.619
,,,,,,,,3670,5080.978,590.6776,3726.43,3297.136,17865.025,16941.52,14893.81,3387.665,14430.297
,,,,,,,,3671,4725.916,536.5431,3557.178,2916.003,16648.213,16379.74,14843.63,3324.486,13507.506
,,,,,,,,3672,4436.764,498.285,3416.307,2576.729,15649.296,16807.32,15348.99,3626.417,12735.572
,,,,,,,,3673,4200.764,457.9676,3245.276,2357.213,14879.211,16070.25,14734.9,3462.522,12206.594
,,,,,,,,3674,4017.918,423.656,3143.003,2192.191,14395.957,14490.76,13549.58,3085.834,11681.7
,,,,,,,,3675,3936.062,401.0929,3076.023,2132.06,14280.288,13004.55,12390.2,2752.493,11419.966
,,,,,,,,3676,3891.414,378.3393,3049.974,2080.996,14280.751,12119.67,11670.89,2518.098,11207.079
,,,,,,,,3677,3831.882,372.9775,3070.638,2111.851,14264.589,11857.12,11336.33,2396.981,11119.479
,,,,,,,,3678,3677.738,359.7155,3018.954,2146.923,15090.736,11608.07,11069.76,2385.985,11081.246
,,,,,,,,3679,3558.672,326.4027,2888.506,2089.313,15595.007,10996.32,10407.18,2476.914,11020.224
,,,,,,,,3680,3283.334,301.9283,2816.917,1972.725,16362.643,10002.68,9803.981,2827.675,11010.779
,,,,,,,,3681,3327.979,311.2011,2998.179,1908.346,16639.812,9060.049,10708.25,2997.137,10956.919
,,,,,,,,3682,3324.787,322.612,2628.375,1847.279,16945.282,8331.172,10654.32,3273.821,11210.33
,,,,,,,,3683,3400.263,340.534,2307.178,1731.47,17515.341,7409.658,9567.091,3498.797,11831.55
,,,,,,,,3684,3573.541,379.9279,1969.824,1713.169,17901.805,6795.513,6905.83,3308.624,12575.121
,,,,,,,,3685,3881.829,416.5607,1613.449,1936.963,17998.607,6687.183,5481.421,2968.901,13065.033
,,,,,,,,3686,4140.154,476.8064,1808.16,2253.671,18050.468,7426.942,6050.753,2881.352,13856.181
,,,,,,,,3687,4645.11,564.1756,2260.391,2587.916,18369.642,8938.597,8424.173,2511.138,14750.753
,,,,,,,,3688,5144.752,619.1363,2692.663,2738.391,18981.398,10928.54,9918.571,2413.238,15453.179
,,,,,,,,3689,5584.863,688.1935,3189.97,3772.581,19576.624,12539.29,11801.69,2746.054,16662.324
,,,,,,,,3690,5835.75,730.7772,3714.632,4172.167,20098.889,14763.17,13184.58,2828.05,17253.584
,,,,,,,,3691,5817.679,736.6163,3950.413,4141.013,19977.252,16676.92,14219.83,2942.823,17185.821
,,,,,,,,3692,5787.914,692.8505,3974.644,4177.1,19507.115,17063.68,14732.74,3175.55,16430.142
,,,,,,,,3693,5494.509,642.381,3910.558,4060.816,18942.756,17559.6,14965.62,3463.376,15579.595
,,,,,,,,3694,5248.942,609.1129,3752.883,3654.165,17784.823,17325.59,15179.17,3450.088,14696.661
,,,,,,,,3695,4807.772,541.7144,3530.164,3174.14,16492.137,16730.57,15185.29,3394.431,13512.608
,,,,,,,,3696,4472.908,496.2257,3370.552,2869.309,15494.508,17457.38,15798.81,3774.887,12701.207
,,,,,,,,3697,4245.413,460.0269,3249.533,2619.191,14756.247,16421.02,14997.5,3540.752,12120.289
,,,,,,,,3698,4081.702,426.94,3139.138,2486.348,14432.603,14489.11,13490.64,3074.842,11679.667
,,,,,,,,3699,4017.918,404.3769,3083.742,2468.488,14364.382,13133.63,12432.12,2751.742,11435.821
,,,,,,,,3700,3983.9,379.5548,3104.002,2429.229,14793.679,12473.37,11859.34,2563.443,11534.048
,,,,,,,,3701,3969.017,386.5948,3215.771,2487.731,15886.199,12691.35,12132.01,2568.773,11806.044
,,,,,,,,3702,3966.89,383.7117,3358.187,2677.629,17188.418,13864.59,13130.84,2819.055,12211.154
,,,,,,,,3703,3881.842,378.6222,3376.543,2839.505,18004.492,15160.46,13924.49,3332.067,12025.173
,,,,,,,,3704,3795.729,367.293,3268.664,2943.302,18349.612,15456.83,14515.4,4008.665,11963.167
,,,,,,,,3705,3825.491,368.5085,2973.814,2932.076,18428.103,14933.5,15242.04,4028.551,11863.55
,,,,,,,,3706,3873.326,375.5466,2728.902,2888.144,18639.369,13782.28,14853.31,4136.369,12006.986
,,,,,,,,3707,4052.982,414.399,2109.629,2655.646,18783.869,12825.83,13561.03,4046.607,12581.152
,,,,,,,,3708,4404.854,477.1905,1974.467,2859.26,19117.003,12168.8,11223.58,3692.997,13252.478
,,,,,,,,3709,4558.999,545.0953,2047.014,3194.336,19294.621,12522.64,9607.125,3518.792,13934.538
,,,,,,,,3710,4863.035,635.3252,2302.681,3421.224,19500.91,12954.67,10484.9,3190.048,14568.37
,,,,,,,,3711,5306.334,704.3771,2777.345,3686.667,19790.152,14672.87,11978.1,3269.38,15583.041
,,,,,,,,3712,5923.975,756.0538,3097.336,3833.409,20294.818,15988.97,12465.69,3227.034,16462.889
,,,,,,,,3713,6298.176,835.8799,3572.085,4768.877,20995.481,17737.03,14255.45,3186.934,17258.604
,,,,,,,,3714,6752.107,863.259,4021.879,5062.75,21182.489,20043.65,15764.92,3194.116,17689.118
,,,,,,,,3715,6671.316,850.4097,4196.867,5161.72,21004.185,21259.56,16510.94,3343.926,17292.432
,,,,,,,,3716,6571.389,791.1486,4182.652,4901.577,20446.422,21015.77,16859.89,3559.495,17001.049
,,,,,,,,3717,5965.444,727.6241,4066.462,4545.293,19742.101,21059.18,17270.59,3862.077,16025.046
,,,,,,,,3718,5591.247,681.2014,3898.572,4114.808,18724.572,20647.71,17413.47,3883.622,14936.199
,,,,,,,,3719,5184.095,615.4996,3677.214,3605.755,17182.217,20281.26,17782.05,3929.695,13895.932
,,,,,,,,3720,4793.952,557.4187,3490.589,3325.087,16121.153,19759.62,17317.71,4061.076,13051.81
,,,,,,,,3721,4554.763,510.4053,3318.045,3034.52,15227.446,17692.37,15699.25,3616.079,12458.278
,,,,,,,,3722,4395.304,473.1814,3185.05,2893.66,14912.754,15556.17,14062.97,3124.163,12020.965
,,,,,,,,3723,4273.052,447.1438,3141.635,2818.822,14809.742,14095.81,13030.89,2802.908,11865.065
,,,,,,,,3724,4177.377,419.219,3147.424,2772.597,15100.795,13391.23,12389.04,2599.313,11791.933
,,,,,,,,3725,4209.269,420.8972,3276.962,2872.709,15938.629,13625.92,12640.61,2619.938,11948.726
,,,,,,,,3726,4174.187,427.9207,3461.938,3176.705,17340.476,14845.01,13589.92,2858.539,12323.951
,,,,,,,,3727,4111.462,420.5629,3410.393,3379.14,18208.674,16112.16,14440.13,3400.63,12314.728
,,,,,,,,3728,4034.918,407.5462,3238.2,3452.381,18662.056,16297.79,14898.08,3977.519,12159.244
,,,,,,,,3729,4148.662,400.0065,3015.052,3301.793,18923.654,15813.8,15355.37,3935.668,12209.327
,,,,,,,,3730,4262.407,409.2032,2369.998,3266.759,18833.439,14592.38,14427.68,3718.687,12475.093
,,,,,,,,3731,4459.071,443.4283,2031.068,3248.96,19047.745,13411,10585.62,3116.771,13019.094
,,,,,,,,3732,4773.736,527.9113,2032.951,3355.736,19499.668,12795.75,9975.693,2578.146,13547.969
,,,,,,,,3733,5122.421,603.0467,2165.725,3513.817,19765.59,12865.92,10331.21,2066.353,14697.511
,,,,,,,,3734,5381.809,695.8981,2539.266,3839.888,19599.146,13465.67,11451.81,1929.476,15534.533
,,,,,,,,3735,5896.333,766.6014,2987.657,4080.641,19778.118,15131.29,12982.63,3279.813,16364.4
,,,,,,,,3736,6351.326,834.7527,3365.485,4142.836,20030.937,15913.92,13602.91,3137.928,17387.854
,,,,,,,,3737,6743.599,885.0667,3781.09,5075.229,20411.716,17897.73,15886.45,3381.175,18330.143
,,,,,,,,3738,7159.259,903.2109,4103.361,5265.431,20459.926,20078.41,16702.61,3269.309,19091.288
,,,,,,,,3739,7113.549,882.3876,4292.247,5258.211,20397.272,21254.63,17658.77,3332.853,18549.045
,,,,,,,,3740,6861.604,801.0446,4288.083,4901.168,20064.39,20954.82,17668.49,3546.942,17919.578
,,,,,,,,3741,6444.885,730.5712,4197.375,4546.323,19479.853,21155.79,18063.49,3859.09,16832.215
,,,,,,,,3742,6155.732,691.588,3975.615,4048.378,18287.723,20612,17969.46,3893.721,15806.477
,,,,,,,,3743,5638.022,611.2347,3712.362,3470.402,16918.253,20111.54,17894.34,3925.213,14577.065
,,,,,,,,3744,5175.591,563.5056,3481.515,3162.608,15884.71,19567.22,17483.72,4039.503,13636.404
,,,,,,,,3745,4935.339,518.4981,3343.69,2872.096,15181.581,17577.74,15963.9,3596.299,12929.802
,,,,,,,,3746,4718.475,482.3084,3237.149,2697.619,14885.468,15477.59,14297.01,3106.177,12456.817
,,,,,,,,3747,4576.024,458.3394,3202.41,2591.263,14823.401,14041.27,13144.26,2780.438,12166.772
,,,,,,,,3748,4555.827,434.5515,3188.909,2575.341,15206.097,13323.75,12531.26,2592.139,12163.726
,,,,,,,,3749,4439.953,436.4203,3340.632,2687.422,16083.162,13680.89,12815.19,2623.525,12381.453
,,,,,,,,3750,4434.637,438.3367,3487.487,2857.748,17476.094,14787.93,13711.26,2849.549,12814.797
,,,,,,,,3751,4453.769,430.2522,3364.321,2906.862,18523.593,16033.26,13882.21,3361.824,12826.945
,,,,,,,,3752,4341.079,421.182,3124.5,2765.944,18963.222,16262.11,14286.73,3925.142,12612.137
,,,,,,,,3753,4540.933,422.6429,2773.678,2573.647,19015.763,15345.62,13214.06,3537.516,12705.834
,,,,,,,,3754,4598.334,436.0678,2395.348,2279.888,18775.959,14067.36,11609.74,3022.181,13093.412
,,,,,,,,3755,4749.288,478.195,2276.319,2185.206,18807.749,12033.35,9944.536,3750.754,13839.974
,,,,,,,,3756,5292.512,546.2302,2332.382,2171.916,18190.508,10806.74,9704.933,3689.91,14613.669
,,,,,,,,3757,6138.713,613.546,2437.91,2326.821,18243.227,10493.37,10081.08,3595.877,15416.766
,,,,,,,,3758,6447.002,674.4711,2769.686,2568.678,19123.375,10812.03,10954.48,3332.687,16108.804
,,,,,,,,3759,7089.095,750.4814,3106.49,2759.484,18307.997,12001.66,12294.17,3106.332,16950.459
,,,,,,,,3760,7456.914,814.1238,3472.418,2898.093,18363.101,12833.69,12748.08,3011.45,17775.654
,,,,,,,,3761,7365.492,856.3451,3954.355,3822.912,19212.72,14842.66,15061.41,3002.976,18551.694
,,,,,,,,3762,7195.404,871.3773,4279.882,4117.597,19555.47,17212.1,16909.1,3210.292,19228.196
,,,,,,,,3763,6854.163,857.1219,4428.357,4125.992,19581.303,18811.06,17309.26,3377.195,18792.858
,,,,,,,,3764,6765.929,814.6996,4461.258,3864.138,19363.74,18601.09,17346.61,3551.587,18192.866
,,,,,,,,3765,6404.488,751.5654,4268.604,3526.703,19001.953,19193.34,17957.35,3878.929,17313.328
,,,,,,,,3766,5953.751,669.1344,4014.603,3121.62,18070.726,18906.05,17740.81,3881.065,16120.719
,,,,,,,,3767,5455.175,604.6666,3763.893,2749.718,16959.412,18782.22,17812.81,3932.073,14886.621
,,,,,,,,3768,5061.843,555.9033,3518.171,2455.581,16098.983,18363.66,17302.95,4035.048,13922.641
,,,,,,,,3769,4785.447,514.4798,3407.758,2309.525,15459.017,16694.58,15745.18,3595.454,13227.747
,,,,,,,,3770,4576.024,481.5742,3294.468,2199.793,15227.738,14841.25,14098.96,3108.918,12767.2
,,,,,,,,3771,4464.403,448.6685,3229.424,2125.617,15476.562,13396.1,12924.45,2791.199,12475.593
,,,,,,,,3772,4397.43,427.793,3232.319,2140.962,16245.465,12809.79,12277.34,2600.21,12438.722
,,,,,,,,3773,4370.854,418.4662,3369.575,2257.883,17533.313,13021.79,12583.45,2626.216,12608.249
,,,,,,,,3774,4329.394,421.4168,3530.725,2394.125,19058.731,14331.97,13653.54,2889.126,13047.179
,,,,,,,,3775,4236.904,416.2538,3548.05,2478.06,19410.653,15718.01,14359.28,3385.261,13019.245
,,,,,,,,3776,4088.071,412.1737,3286.331,2360.424,19438.349,16178.57,14425.87,3937.149,12789.908
,,,,,,,,3777,3976.446,414.4969,3071.794,2085.59,19211.308,14240.14,15390.04,3972.33,12787.707
,,,,,,,,3778,3984.947,420.455,2730.964,1791.713,19021.434,12297,14397.18,4017.494,13118.294
,,,,,,,,3779,4110.386,485.6358,2342.179,1406.656,19094.333,10770.49,13440.44,3963.367,13578.457
,,,,,,,,3780,4377.214,544.1265,2143.325,1225.081,18370.822,9698.576,11976.35,3801.176,14333.276
,,,,,,,,3781,4482.457,600.5469,2273.761,1306.484,18252.002,9124.388,9647.893,3303.009,15108.662
,,,,,,,,3782,5292.515,657.8804,2558.39,1504.681,18523.285,8849.683,9638.666,3258.306,15896.71
,,,,,,,,3783,5347.796,724.873,2973.856,1758.196,18086.459,9868.023,10556.01,3219.708,16642.437
,,,,,,,,3784,5921.852,788.7702,3352.039,1980.099,18496.865,10695.63,11293.41,2915.32,17281.05
,,,,,,,,3785,6068.559,838.8484,3779.813,2957.91,18901.541,13008.61,13420.68,3177.984,18313.833
,,,,,,,,3786,5946.309,856.2474,4199.229,3371.693,18974.176,15642.64,15505.62,3316.902,18631.237
,,,,,,,,3787,5959.066,861.1525,4335.07,3582.103,19133.287,17443.66,16332.43,3378.587,18196.186
,,,,,,,,3788,5982.454,775.182,4303.489,3504.758,19037.72,17875.47,16322.85,3561.45,17925.073
,,,,,,,,3789,5716.688,714.1071,4159.882,3215.673,18700.57,18533.65,17036.46,3972.378,16689.46
,,,,,,,,3790,5395.644,675.3051,3944.875,2921.597,17858.008,18560.26,16990.36,3950.092,15641.993
,,,,,,,,3791,5021.447,614.9559,3715.8,2599.319,16814.908,18608.12,17204.01,3995.057,14467.703
,,,,,,,,3792,4679.142,562.2275,3530.145,2320.364,16014.487,18310.11,16861.79,4069.992,13497.425
,,,,,,,,3793,4431.448,513.8173,3363.939,2149.451,15441.145,16708.45,15238.65,3629.479,12777.317
,,,,,,,,3794,4262.422,480.5399,3282.891,2089.32,15455.663,14848.58,13738.99,3155.549,12360.953
,,,,,,,,3795,4134.854,446.6,3213.023,2040.108,15446.487,13460.38,12584.27,2824.378,12054.239
,,,,,,,,3796,4071.071,424.6902,3216.882,2054.014,15975.754,12793.21,12082.34,2620.835,11923.654
,,,,,,,,3797,4013.666,414.7102,3330.581,2168.361,17405.99,12856.32,12310.96,2617.146,11948.211
,,,,,,,,3798,3962.638,431.042,3440.822,2367.714,18812.099,14125.64,13187.69,2854.925,12359.604
,,,,,,,,3799,3822.31,408.425,3397.683,2362.529,19206.799,15221.04,13808.36,3310.841,12379.681
,,,,,,,,3800,3616.071,406.0324,3045.712,2223.424,19269.95,15736.25,14029.78,3618.805,12004.998
,,,,,,,,3801,3312.032,411.0772,2974.123,1967.699,18998.636,14326.82,14515.12,3357.002,11960.713
,,,,,,,,3802,3245.057,408.8897,2393.606,1737.663,18609.9,12541.37,12816.43,2336.523,12188.539
,,,,,,,,3803,3245.055,450.79,2174.331,1486.634,18333.005,10702.05,8703.54,1683.505,12559.767
,,,,,,,,3804,3341.793,493.5589,2144.523,1339.078,18078.368,9752.012,8237.136,1525.289,13296.677
,,,,,,,,3805,3576.73,550.7587,2248.006,1446.897,17704.164,9830.956,8441.8,1510.507,14164.293
,,,,,,,,3806,3933.92,640.7432,2622.072,1658.851,17623.347,10008.77,9287.053,1547.746,14791.907
,,,,,,,,3807,4266.661,689.4911,3081.924,1996.11,17612.297,10927.83,10460.71,1778.594,15640.573
,,,,,,,,3808,4882.176,793.3524,3419.908,2241.576,17950.649,12354.31,11499.66,1983.984,16482.333
,,,,,,,,3809,5245.747,831.8083,3950.018,3189.062,18506.339,14680.41,13712.12,2530.626,17464.603
,,,,,,,,3810,5628.453,872.3327,4330.189,3620.083,18879.066,17292.09,15335.3,3050.115,18165.139
,,,,,,,,3811,5561.481,844.3414,4358.132,3728.969,19079.716,18863.33,16118.33,3304.435,17671.941
,,,,,,,,3812,5513.644,775.3,4324.627,3657.643,18803.392,18982.12,16091.13,3369.027,17184.875
,,,,,,,,3813,5284.023,727.0897,4167.917,3449.936,18407.565,19668.55,16654.53,3713.567,16374.069
,,,,,,,,3814,5162.834,687.8974,4052.931,3171.016,17682.547,19657.33,16777.92,3736.665,15456.94
,,,,,,,,3815,4808.835,632.7287,3820.961,2851.065,16661.769,19456.52,16956.35,3798.255,14331.396
,,,,,,,,3816,4492.043,575.6728,3642.06,2522.957,15804.337,18630.43,16345.53,3824.623,13398.14
,,,,,,,,3817,4205.017,530.3561,3451.191,2274.219,15128.021,17247.44,15114.95,3510.101,12711.778
,,,,,,,,3818,4015.792,494.1665,3332.107,2148.316,14836.215,15562.07,13797.38,3109.149,12303.095
,,,,,,,,3819,3943.504,455.8991,3254.918,2094.489,14868.239,14050.54,12692.42,2805.423,11841.234
,,,,,,,,3820,3889.288,433.1455,3229.834,2075.579,15169.072,13104.09,12015.09,2553.939,11675.806
,,,,,,,,3821,3831.882,418.666,3222.115,2143.203,15769.335,12750.02,11703.05,2455.292,11510.796
,,,,,,,,3822,3705.377,412.825,3187.43,2187.455,16439.623,12611.65,11415.57,2331.856,11634.237
,,,,,,,,3823,3484.257,387.7862,2951.836,2184.051,16513.929,12119.88,10165.62,2251.008,11655.961
,,,,,,,,3824,3207.856,381.2658,2603.265,2096.866,16766.21,11083.51,8573.002,1970.801,11736.907
,,,,,,,,3825,2977.168,402.106,2376.271,1932.332,16952.244,10238.31,7607.96,1139.694,11982.809
,,,,,,,,3826,2919.76,420.1583,2185.423,1863.881,16985.594,10062.84,6986.149,927.1003,12290.957
,,,,,,,,3827,2939.956,468.6098,2145.347,1810.073,16911.641,9751.371,6421.081,861.8231,13381.333
,,,,,,,,3828,3088.784,522.2286,2215.375,1862.684,16887.872,9625.297,6792.189,995.3287,14288.275
,,,,,,,,3829,3385.379,586.9229,2398.147,2044.42,16821.479,10148.25,7266.959,876.9976,14648.146
,,,,,,,,3830,3731.938,656.4769,2714.314,2314.478,16827.137,11371.47,8629.805,979.5795,15430.931
,,,,,,,,3831,4211.381,721.0108,3326.73,2741.296,17237.023,12706.29,10589.15,1169.775,16150.45
,,,,,,,,3832,4852.41,792.4554,3836.276,2972.299,17715.623,14058.41,12111.87,1401.669,17095.109
,,,,,,,,3833,5301.026,886.933,4337.294,3969.394,18234.523,15979.51,14458.64,2097.388,18106.928
,,,,,,,,3834,5715.624,923.3111,4765.143,4327.748,18745.199,18363.7,16320.44,2881.526,18667.037
,,,,,,,,3835,5690.112,892.5796,4838.84,4343.141,18885.986,19889.07,17005.99,3155.946,18011.352
,,,,,,,,3836,5588.058,826.4412,4690.525,4238.28,18594.957,20283.96,16359.22,3132.907,17265.551
,,,,,,,,3837,5221.302,759.9952,4389.268,3930.158,18105.266,20150.61,16116.19,3353.054,16295.723
,,,,,,,,3838,4954.474,703.5925,4023.602,3530.612,17268.24,19751.57,15863.92,3325.84,15480.268
,,,,,,,,3839,4654.691,657.7321,3779.09,3139.471,16261.318,18819.1,15335.06,3249.924,14504.674
,,,,,,,,3840,4401.683,600.6761,3640.143,2731.77,15405.978,18782.88,15775.42,3579.787,13673.466
,,,,,,,,3841,4199.701,539.8549,3444.999,2473.188,14832.694,17728.56,15143.6,3459.832,12845.271
,,,,,,,,3842,3998.783,502.6218,3346.579,2308.803,14599.75,15880.49,13983.33,3088.524,12357.353
,,,,,,,,3843,3892.477,467.4664,3264.163,2237.529,14477.625,14280.22,12756.92,2739.042,11905.829
,,,,,,,,3844,3832.946,438.5073,3218.818,2211.265,14595.667,13283.42,11977.83,2466.983,11674.326
,,,,,,,,3845,3754.279,425.7245,3232.728,2229.514,15018.179,12844.8,11719.35,2410.433,11453.724
,,,,,,,,3846,3621.395,401.2669,3154.218,2243.688,15536.089,12588.99,11339.84,2287.048,11485.974
,,,,,,,,3847,3582.06,375.3203,2963.61,2247.167,15714.479,11762.9,10172.73,1985.799,11675.963
,,,,,,,,3848,3330.109,372.3746,2864.751,2377.965,16016.108,11247.36,8866.612,1631.049,11806.587
,,,,,,,,3849,3162.142,410.4253,2585.684,2397.289,16432.056,10805.24,8217.326,1283.839,11957.487
,,,,,,,,3850,3254.625,420.9832,2557.397,2540.301,16733.616,10723.75,7930.695,1209.351,12931.559
,,,,,,,,3851,3417.271,480.2754,2400.693,2325.942,16968.702,10725.53,7462.449,1186.568,13982.113
,,,,,,,,3852,4023.218,523.8062,2545.852,2476.747,17243.785,10984.23,8196.108,1138.328,15096.628
,,,,,,,,3853,4307.055,603.1065,2853.398,2809.456,17454.998,12236.63,9732.597,1431.43,15929.867
,,,,,,,,3854,4748.228,672.4608,3371.479,3037.144,17919.857,12916.68,11253.03,1880.42,16894.706
,,,,,,,,3855,5167.075,747.7731,4188.789,3446.62,18309.649,15274.24,13761.16,2171.324,17739.387
,,,,,,,,3856,5829.365,825.478,4488.828,3566.907,19067.075,16710.73,16066.7,2442.533,18592.004
,,,,,,,,3857,6102.575,882.913,5013.526,4566.801,19981.161,19119.49,16991.47,2773.568,19665.297
,,,,,,,,3858,6294.992,927.5652,5294.406,4746.943,20219.306,20785.59,18414.2,3168.926,20145.895
,,,,,,,,3859,6268.417,921.5294,5258.118,4789.829,20043.921,22169.84,18762.84,3335.004,19432.445
,,,,,,,,3860,6066.435,839.0335,5145.91,4732.244,19637.756,22765.08,18223.34,3212.215,18525.361
,,,,,,,,3861,5559.355,786.8765,4853.171,4468.245,18983.395,22366.76,17976.68,3416.986,17228.477
,,,,,,,,3862,5184.095,720.3218,4503.503,3886.339,17936.673,21178.37,17500.32,3377.189,16152.134
,,,,,,,,3863,4832.222,672.3929,4140.884,3317.818,16721.551,19584.96,16549.99,3346.218,15002.439
,,,,,,,,3864,4583.466,597.9451,3887.689,3050.005,15663.253,19895.01,16942.07,3749.778,14150.564
,,,,,,,,3865,4337.899,544.6544,3709.735,2863.583,14917.904,18462.09,15941.06,3473.497,13267.483
,,,,,,,,3866,4148.674,498.1223,3537.594,2730.077,14631.335,16389.11,14251.99,3031.798,12909.437
,,,,,,,,3867,3982.837,466.2509,3443.606,2578.159,14508.932,14719.9,13186.79,2719.459,12529.229
,,,,,,,,3868,3969.017,449.8841,3434.923,2548.992,14783.701,14096.61,12502.08,2546.405,12498.769
,,,,,,,,3869,3981.774,432.102,3530.291,2705.197,15704.784,14242.48,12725.47,2540.105,12695.948
,,,,,,,,3870,3970.079,442.6,3714.614,2987.131,16953.587,15452.27,13851.48,2751.654,13254.557
,,,,,,,,3871,3882.905,434.4077,3709.466,3168.077,17723.124,16561.04,14274.89,2805.031,13503.486
,,,,,,,,3872,3910.54,444.5525,3570.134,3268.645,18360.578,17223.16,14437.24,2776.783,13509.983
,,,,,,,,3873,3892.464,487.874,3229.114,3223.85,18843.93,17613.62,13937.05,2501.302,13891.255
,,,,,,,,3874,4024.281,527.5814,3299.561,3316.772,19164.423,16992.78,14304.22,2434.909,14734.82
,,,,,,,,3875,4532.424,595.0834,3374.011,3289.926,19599.181,16592.99,14023.78,2256.082,15238.87
,,,,,,,,3876,4976.784,641.5174,3530.052,3533.875,19758.461,16820.61,14766.48,2194.53,16422.203
,,,,,,,,3877,5217.036,716.28,4090.545,3791.121,20234.778,16868.06,16024.35,1992.214,17317.461
,,,,,,,,3878,5649.703,826.4343,4595.111,3906.701,20680.712,18206.35,17530.89,2354.901,17701.123
,,,,,,,,3879,6121.704,909.9944,4962.306,4195.434,20929.785,20947.65,18626.49,2506.217,18503.759
,,,,,,,,3880,6694.696,937.7474,5311.33,4214.097,21656.717,21997.77,19906.34,2361.153,19232.537
,,,,,,,,3881,6960.465,1005.153,5868.049,5137.866,22145.972,23883.8,21382.48,3168.654,20514.555
,,,,,,,,3882,7161.386,1038.385,5852.67,5276.341,22407.636,25568.85,21621.38,3503.519,20956.245
,,,,,,,,3883,7066.775,1007.472,5751.123,5303.382,22174.022,26507.86,21457.08,3800.672,20048.134
,,,,,,,,3884,6655.371,941.8057,5411.781,5243.67,21902.784,26209.56,20825.99,3644.19,19138.952
,,,,,,,,3885,6079.192,867.5483,5029.873,4964.301,20733.908,25535.94,20738.92,3850.157,17813.391
,,,,,,,,3886,5728.382,805.8024,4677.146,4299.955,19274.789,23523.2,20490.35,3885.103,16595.393
,,,,,,,,3887,5194.726,739.0663,4271.515,3760.825,17676.784,22608.64,19697.23,3900.475,15259.788
,,,,,,,,3888,4814.15,654.2761,4009.637,3538.6,16522.462,21692.04,18839.85,4059.283,14245.54
,,,,,,,,3889,4651.502,587.2494,3752.191,3246.235,15630.583,19532.9,16968.36,3587.303,13709.099
,,,,,,,,3890,4399.557,536.5801,3552.633,3057.712,15194.788,17448.41,15102.96,3096.313,13070.754
,,,,,,,,3891,4200.764,504.5182,3487.987,2969.216,15081.843,15670.11,13954.9,2801.96,12722.965
,,,,,,,,3892,4228.404,487.961,3454.219,2963.799,15363.655,15046.83,13143.39,2609.177,12509.325
,,,,,,,,3893,4192.26,477.4186,3575.075,3052.106,16148.248,15395.28,13352.99,2652.221,12809.428
,,,,,,,,3894,4164.619,489.8589,3749.444,3279.882,17303.44,16369.93,14416.3,2872.788,13280.011
,,,,,,,,3895,4131.661,491.5638,3740.222,3467.831,18451.272,17789.13,14970.17,3275.65,14276.449
,,,,,,,,3896,4057.242,484.3168,3510.063,3529.803,19149.919,18267.06,14699.53,3806.707,13648.031
,,,,,,,,3897,4028.536,531.4205,3204.052,3566.536,19480.335,18010.83,14094.82,2432.975,13841.346
,,,,,,,,3898,4258.154,575.174,2969.804,3541.816,19881.902,17068.04,13162.68,2043.07,14464.155
,,,,,,,,3899,4572.818,630.5746,2932.676,3732.797,20537.76,16371.59,12195.57,1670.801,15390.668
,,,,,,,,3900,4930.006,690.6443,2926.034,3718.36,20490.825,15970.91,12404.91,1595.842,16384.623
,,,,,,,,3901,5325.465,777.5653,3412.14,3992.003,21525.77,15978.66,13425.86,1773.044,17529.291
,,,,,,,,3902,5788.961,844.7246,3816.403,4159.181,21815.641,17000.29,15046.34,1840.348,18578.16
,,,,,,,,3903,6222.692,942.6817,4391.741,4367.647,22219.475,19358.61,17008.1,2076.702,19079.378
,,,,,,,,3904,6754.225,999.3484,4799.857,4283.794,22806.682,20038.3,18121.31,2303.454,19903.504
,,,,,,,,3905,7295.328,1067.49,5227.002,5189.933,23514.015,21606.83,19249.57,2785.107,21011.306
,,,,,,,,3906,7551.529,1099.378,5339.916,5392.183,23020.896,23355.11,20188.8,3282.512,21754.289
,,,,,,,,3907,7404.828,1067.903,5216.48,5437.419,23045.577,24527.23,20070.42,3619.647,20877.178
,,,,,,,,3908,6933.892,977.8047,4957.619,5179.896,22416.605,23653.33,19363.81,3554.634,19648.17
,,,,,,,,3909,6494.849,908.7188,4718.908,4695.418,21218.285,23079,19647.26,3836.168,18160.371
,,,,,,,,3910,6006.904,850.2568,4404.931,4111.965,19468.924,21921.13,19209.81,3804.308,16826.455
,,,,,,,,3911,5472.185,780.799,4058.714,3557.514,17994.561,21149.95,18974.24,3839.387,15543.77
,,,,,,,,3912,5033.141,706.17,3767.085,3235.65,16748.887,20462.53,18117.64,3971.35,14608.266
,,,,,,,,3913,4750.367,629.835,3556.902,2922.771,15961.528,18631.49,16468.48,3553.256,13796.22
,,,,,,,,3914,4545.196,577.0974,3416.593,2754.597,15474.116,16498.07,14791.65,3073.894,13334.08
,,,,,,,,3915,4386.8,544.0012,3355.811,2642.99,15220.408,14986,13562.26,2764.297,12957.507
,,,,,,,,3916,4404.872,526.4189,3335.551,2617.612,15432.643,14252.71,12864.43,2573.308,12722.303
,,,,,,,,3917,4389.989,503.275,3449.653,2714.736,16197.14,14496.2,13146.61,2606.436,12897.017
,,,,,,,,3918,4439.952,509.7001,3583.097,2882.961,17582.559,15506.48,14045.31,2809.068,13435.607
,,,,,,,,3919,4251.787,517.5446,3486.848,2968.809,18765.793,16604.75,14747.95,3192.813,13952.557
,,,,,,,,3920,4352.774,523.7958,3499.696,2877.816,19250,16848.44,15550.28,3597.275,14237.776
,,,,,,,,3921,4494.158,577.4374,3229.22,2878.974,19753.789,16070.88,16743.29,3248.382,14719.413
,,,,,,,,3922,4478.208,610.2126,2893.144,2665.383,20190.261,14867.21,16538.71,2632.398,16611.502
,,,,,,,,3923,4841.772,593.1436,2586.664,2669.009,20567.936,13725.19,15488.85,2425.496,18131.827
,,,,,,,,3924,5083.086,677.8337,2410.41,2701.521,20908.729,12940.75,13659.3,2758.82,19940.538
,,,,,,,,3925,5370.113,735.7261,2544.872,2923.875,21672.099,12737.34,11863.95,2844.975,18541.283
,,,,,,,,3926,6094.061,809.8707,2922.757,3301.077,22042.584,13972.01,12476.04,2901.818,18539.868
,,,,,,,,3927,6210.997,893.5926,3346.549,3694.205,22327.128,15699.86,13575.21,2683.308,19952.922
,,,,,,,,3928,6610.712,963.4406,3772.41,3929.819,23093.879,17338.05,14758.97,2414.119,20338.05
,,,,,,,,3929,6889.238,1013.936,4252.002,4805.443,23281.767,18260.89,16495.48,2607.894,20739.132
,,,,,,,,3930,6976.413,1048.736,4574.683,4964.257,22034.42,20103.07,18010.15,3108.102,21032.661
,,,,,,,,3931,6839.28,1027.549,4709.81,5024.438,22083.199,21492.18,18498.02,3404.954,20341.267
,,,,,,,,3932,6601.154,935.3818,4661.517,4815.403,21184.235,20905.98,18228.69,3400.211,19413.81
,,,,,,,,3933,6270.542,860.0996,4364.826,4371.013,20591.546,20581.42,18386.46,3720.568,18089.069
,,,,,,,,3934,5916.543,792.3386,4134.224,3904.147,19437.235,20184.16,18421.06,3782.101,16966.564
,,,,,,,,3935,5487.067,719.5876,3835.842,3309.526,17922.999,19870.73,18452.32,3888.023,15440.068
,,,,,,,,3936,5129.879,630.007,3596.312,2930.931,16680.849,19293.9,17644.55,4000.075,14514.079
,,,,,,,,3937,4815.213,576.2258,3421.283,2638.403,15869.996,17566.04,16087.41,3559.584,13758.787
,,,,,,,,3938,4570.709,530.5466,3302.199,2518.306,15459.452,15655.39,14417.03,3062.288,13208.916
,,,,,,,,3939,4449.521,494.357,3231.36,2397.243,15319.443,14170.62,13212.46,2760.709,12681.134
,,,,,,,,3940,4415.502,476.9559,3236.184,2373.08,15509.397,13508.51,12592.47,2563.443,12504.024
,,,,,,,,3941,4332.583,457.9491,3376.329,2495.005,16328.41,13788.98,12835.3,2574.204,12636.237
,,,,,,,,3942,4309.195,466.0069,3543.347,2641.146,17592.075,14968.08,13873.26,2801.992,13195.345
,,,,,,,,3943,4236.904,453.5511,3599.079,2748.416,18642.409,16990.05,14707.57,3217.719,13425.091
,,,,,,,,3944,4240.089,457.9263,3450.528,2646.28,19120.514,18326.07,15443.76,3643.848,13177.937
,,,,,,,,3945,4284.734,482.3406,3838.919,2484.661,19313.52,17382.94,16131.8,3286.473,13290.967
,,,,,,,,3946,4392.101,497.4353,3566.727,2321.019,19558.856,14722.34,14900.9,2732.881,13911.957
,,,,,,,,3947,5065.02,540.3514,3056.905,2198.438,19798.124,11696.53,13678.01,1554.907,14251.862
,,,,,,,,3948,4996.981,596.7925,2564.279,2240.316,19903.867,10882.08,12828.75,1244.913,15230.611
,,,,,,,,3949,5592.296,664.3164,2636.517,2363.012,19743.767,10761.4,12444.07,1204.108,16366.312
,,,,,,,,3950,6123.83,724.0716,2748.163,2687.893,19974.192,11354.73,11625.74,1376.986,16872.421
,,,,,,,,3951,6942.394,782.3639,2878.293,3045.972,20472.814,12897.05,12457.81,1575.031,17385.785
,,,,,,,,3952,6520.352,853.3726,3308.599,3247.038,21017.205,13850.25,13358.15,1835.578,18284.325
,,,,,,,,3953,6810.572,929.5429,3819.711,4127.487,21381.779,15595.09,15012.68,2564.264,19165.838
,,,,,,,,3954,6719.153,949.501,4277.156,4485.993,21383.645,17402.71,16791.23,3159.618,19650.598
,,,,,,,,3955,6744.667,932.2693,4480.216,4554.221,21197.425,19014.46,17465.79,3290.342,19265.492
,,,,,,,,3956,6595.839,877.1544,4399.834,4449.356,20564.773,18785.73,17499.79,3433.952,18311.522
,,,,,,,,3957,6219.516,821.904,4146.967,4087.462,19891.798,19103.51,17648.83,3632.482,17334.89
,,,,,,,,3958,5917.607,760.3484,3925.61,3664.696,18703.486,19122.95,17708.76,3799.599,16081.608
,,,,,,,,3959,5433.914,678.1079,3706.176,3208.725,17306.806,19213.71,17924.7,3908.918,14976.442
,,,,,,,,3960,5043.771,608.4597,3539.805,2809.648,16124.349,18854.2,17442.2,4029.639,14092.102
,,,,,,,,3961,4715.286,559.0153,3336.949,2530.195,15262.517,17095.39,15836.55,3606.187,13391.218
,,,,,,,,3962,4481.412,521.4196,3256.86,2385.935,14820.743,15186.66,14360.18,3117.857,12828.994
,,,,,,,,3963,4355.971,490.4012,3214.959,2301.642,14700.597,13758.77,13150.69,2811.824,12491.298
,,,,,,,,3964,4302.818,469.7162,3249.129,2292.187,14930.413,13070.34,12511.15,2598.417,12259.662
,,,,,,,,3965,4270.926,456.2616,3346.982,2404.184,15772.249,13166.79,12685.56,2599.211,12500.27
,,,,,,,,3966,4195.448,461.2808,3488.415,2572.35,16944.22,14248.42,13657.9,2843.267,12990.019
,,,,,,,,3967,4128.472,447.1812,3516.919,2639.51,18097.86,15556.22,14368.18,3402.032,13126.271
,,,,,,,,3968,4076.377,444.8965,3630.206,2531.333,18609.821,16550.61,15468.28,3984.224,12930.128
,,,,,,,,3969,4176.302,469.1017,3761.381,2380.969,18957.824,15404.7,15945.61,4056.877,13098.155
,,,,,,,,3970,4365.523,483.0338,3496.247,2209.001,19235.491,12527.28,15438.13,3633.036,13684.817
,,,,,,,,3971,4623.846,531.8005,2682.526,2011.282,19458.318,10683.12,13830.58,1560.95,14140.671
,,,,,,,,3972,4853.467,595.3904,2124.221,1991.606,19051.808,10713.02,11351.33,1466.167,14954.819
,,,,,,,,3973,5191.52,661.2818,1994.743,2335.909,19243.079,9656.472,10675.51,2119.6,15787.286
,,,,,,,,3974,5653.953,729.311,2150.975,2642.344,19498.154,9864.021,10632.93,2379.552,16430.088
,,,,,,,,3975,6089.81,787.6033,2668.481,2841.679,19934.338,10874.88,11577.76,2471.854,16970.466
,,,,,,,,3976,6628.784,860.4371,3220.302,2865.805,20403.205,11516.11,12743.51,2609.129,17663.442
,,,,,,,,3977,7065.707,914.9522,3697.242,3794.939,21114.022,13557.68,14607.22,2941.544,18877.645
,,,,,,,,3978,7234.737,942.2234,4082.786,3996.54,20793.688,15839.3,16370.49,3090.814,19358.559
,,,,,,,,3979,7116.739,927.0696,4178.889,4064.209,20825.777,17330.63,16997.95,3274.855,18963.613
,,,,,,,,3980,6831.838,856.2596,4111.048,3983.566,20519.793,17526.22,16930.26,3417.292,18303.981
,,,,,,,,3981,6483.155,790.2949,4001.051,3660.791,19777.604,17983.51,17516.96,3700.933,17050.365
,,,,,,,,3982,6192.939,750.9214,3856.163,3371.257,18650.526,18280.34,17485.25,3823.57,16204.108
,,,,,,,,3983,5732.634,676.7644,3673.392,2970.164,17373.082,18443.84,17651.29,3921.058,15076.786
,,,,,,,,3984,5322.293,619.3459,3518.598,2559.366,16196.194,17830.32,16917.83,3955.547,14160.208
,,,,,,,,3985,4933.213,564.549,3352.795,2323.788,15364.936,16462.45,15635.34,3607.817,13392.977
,,,,,,,,3986,4671.7,523.8506,3251.077,2195.122,15021.436,14790.94,14273.73,3194.34,12907.111
,,,,,,,,3987,4545.196,484.5582,3204.761,2121.499,14636.812,13393.17,13109.3,2893.304,12488.851
,,,,,,,,3988,4421.881,466.7946,3193.178,2102.34,14641.675,12495.71,12239.06,2629.266,12213.473
,,,,,,,,3989,4285.809,447.8063,3214.403,2155.257,14681.898,12229.52,11978.83,2548.554,12042.005
,,,,,,,,3990,4164.619,435.8239,3173.721,2195.193,15355.862,11942.83,11656.16,2526.745,12274.056
,,,,,,,,3991,4083.824,408.7697,3115.344,2133.381,15930.787,11876.5,10873.75,2702.907,12383.961
,,,,,,,,3992,4123.153,394.0923,2984.616,1960.335,16657.957,12220.85,11379.21,3030.793,12559.435
,,,,,,,,3993,4196.501,412.3735,3149.324,1779.57,17311.272,11839.58,10821.32,3127.866,12818.696
,,,,,,,,3994,4494.156,436.3221,2859.977,1689.756,17865.136,10167.54,11788.49,3285.43,13394.655
,,,,,,,,3995,4831.146,475.3465,2472.765,1639.42,18256.417,7310.137,10907.7,2430.419,14102.758
,,,,,,,,3996,5089.469,534.1638,2284.998,1689.792,18594.742,6961.049,9030.221,2034.72,15089.287
,,,,,,,,3997,5403.071,602.4404,1882.545,1801.508,18507.99,6937.811,9009.188,2269.308,15849.786
,,,,,,,,3998,6038.784,676.9186,1946.631,2101.605,18798.206,7598.54,8728.645,2817.574,16579.842
,,,,,,,,3999,6186.551,773.8068,2416.814,2476.079,19716.121,8712.113,10032.75,3018.664,17171.301
,,,,,,,,4000,6788.246,805.5157,2937.907,2752.209,20402.659,10166.94,11348.69,2891.367,18104.354
,,,,,,,,4001,6917.942,871.6531,3436.215,3677.424,20516.448,11918.91,13695.39,2975.22,18660.986
,,,,,,,,4002,6988.107,880.876,3934.096,4007.82,20334.756,14366.79,15298.59,3032.031,19199.74
,,,,,,,,4003,6704.271,846.1262,4088.677,4134.145,19816.47,15983.46,15887.19,3077.73,18590.905
,,,,,,,,4004,6188.687,805.6721,4096.091,4087.695,19478.284,16693.9,16042.07,3209.336,17520.948
,,,,,,,,4005,5936.742,744.4067,3927.002,3831.791,18929.803,16771.92,15999.3,3402.558,17021.376
,,,,,,,,4006,5716.688,691.969,3781.863,3566.22,17951.605,16708.34,15915.26,3440.071,16068.913
,,,,,,,,4007,5363.752,635.5848,3601.027,3143.726,16782.237,16330.88,15496.92,3384.306,15003.629
,,,,,,,,4008,5009.753,585.3969,3473.253,2711.365,15753.142,16790.56,15840.52,3682.861,14116.568
,,,,,,,,4009,4715.286,527.3159,3296.434,2454.057,15087.492,16079.31,15173.09,3516.327,13314.375
,,,,,,,,4010,4533.502,493.0135,3208.626,2308.996,14618.134,14510.91,13937.61,3125.291,12805.213
,,,,,,,,4011,4387.863,461.6234,3138.753,2216.462,14403.374,13099.7,12717.01,2812.575,12382.364
,,,,,,,,4012,4270.926,439.9041,3133.923,2140.573,14351.354,12259.13,11933,2558.452,12124.788
,,,,,,,,4013,4159.305,430.224,3162.305,2168.028,14561.972,11867.71,11647.08,2469.618,11919.618
,,,,,,,,4014,4006.223,403.5808,3123.414,2174.3,14917.999,11586.72,11400.69,2400.234,12068.69
,,,,,,,,4015,3928.617,373.433,3090.223,2145.241,15475.237,11007.62,10612.32,2508.384,12021.186
,,,,,,,,4016,3869.082,359.473,3199.096,2085.018,16520.229,10066.23,10295.8,2822.356,12040.219
,,,,,,,,4017,3711.744,381.5195,3230.022,2020.602,17503.781,9299.245,11345.8,2928.022,12383.401
,,,,,,,,4018,3859.507,400.9593,3434.772,1989.199,18034.95,8511.248,10923.2,3058.425,12876.19
,,,,,,,,4019,4033.847,429.7676,3456.605,2022.655,18276.18,8074.89,9795.31,2956.747,13548.098
,,,,,,,,4020,4246.458,476.827,3193.885,2103.404,18606.466,7695.637,10613.63,2908.118,14425.067
,,,,,,,,4021,4614.277,537.0201,3142.122,2352.105,18758.885,7720.354,10857.09,3297.117,15286.405
,,,,,,,,4022,5011.864,592.3569,2850.767,2735.728,18963.703,8564.034,10459.87,3156.868,16082.484
,,,,,,,,4023,5575.289,676.5056,2707.248,3077.698,19836.014,10171.03,11945.71,3004.388,16861.552
,,,,,,,,4024,6051.544,744.721,2824.314,3220.643,20865.022,11765.57,11533.14,2712.757,17587.649
,,,,,,,,4025,6354.52,807.6914,3354.655,4286.869,21178.878,13470.32,13781.45,2730.236,18701.086
,,,,,,,,4026,6627.729,852.6528,3857.872,4513.229,20502.266,15988.88,14840.25,2813.949,19329.306
,,,,,,,,4027,6578.83,840.955,4103.552,4654.252,20191.652,17537.21,15736.77,2927.843,18847.456
,,,,,,,,4028,6385.353,789.9679,4117.726,4524.258,19707.571,18228.89,16123.21,3145.718,17985.026
,,,,,,,,4029,5847.445,735.9422,3996.309,4138.061,19244.563,18477.84,16007.04,3379.979,16755.301
,,,,,,,,4030,5659.283,686.6072,3775.519,3719.935,18198.781,18072.67,15862.62,3393.068,15627.457
,,,,,,,,4031,5279.771,627.3107,3559.541,3327.658,16873.843,17327.39,15415.84,3340.153,14445.472
,,,,,,,,4032,4931.087,559.5497,3402.421,2993.163,15780.962,17958.09,16132.38,3736.327,13568.036
,,,,,,,,4033,4654.691,516.9733,3271.765,2753.218,15137.734,16814.63,15366.6,3490.483,12906.252
,,,,,,,,4034,4445.268,488.8765,3187.407,2679.595,14776.36,14873.47,13772.64,3029.057,12436.435
,,,,,,,,4035,4321.953,460.7704,3141.653,2585.209,14667.767,13462.59,12716.08,2740.981,12092.206
,,,,,,,,4036,4285.809,445.0753,3174.45,2587.31,15018.593,12905.92,12127.57,2550.889,12008.772
,,,,,,,,4037,4259.232,439.7043,3320.939,2704.395,15910.655,13098.08,12480.05,2562.495,12267.7
,,,,,,,,4038,4223.087,442.7813,3477.247,2955.225,17136.418,14307.37,13562.5,2846.877,12762.61
,,,,,,,,4039,4184.814,430.6332,3516.315,3169.464,18352.029,15630.81,14303.49,3339.162,12909.545
,,,,,,,,4040,4119.963,424.5923,3426.63,3114.792,19017.179,15884.18,15115.86,3844.862,12790.421
,,,,,,,,4041,4116.771,442.6014,3638.868,3000.058,19523.424,15546.17,16074.96,3936.109,12891.799
,,,,,,,,4042,4256.028,448.1239,3599.894,3111.142,19957.746,14410.35,16141.1,3813.006,13321.11
,,,,,,,,4043,4494.152,472.7859,3182.695,3039.766,19876.156,13425.79,15172.12,3240.837,13942.672
,,,,,,,,4044,4782.241,525.7052,2348.651,3186.074,20198.33,12984.23,14390.05,2553.67,14981.849
,,,,,,,,4045,4986.349,601.467,2106.173,3468.783,20496.631,13146.17,14433.6,1711.663,15728.936
,,,,,,,,4046,5477.485,664.7517,2252.502,3619.401,20650.528,13471.23,13992.47,1512.381,16249.475
,,,,,,,,4047,5946.296,729.3574,2678.317,4041.404,20934.297,14826.75,12754.21,1745.239,16823.955
,,,,,,,,4048,6524.604,803.8518,3100.213,4116.568,21461.132,16061.54,13515.59,1867.544,17642.138
,,,,,,,,4049,7002.985,853.1407,3609.126,4974.878,21779.322,17932.94,15565.31,2424.659,18771.621
,,,,,,,,4050,7210.286,888.3051,4071.351,5214.2,21516.894,20524.12,17160.72,3051.842,19518.816
,,,,,,,,4051,7117.802,894.4987,4223.814,5180.855,21145.339,21242.16,17790.59,3371.884,18998.659
,,,,,,,,4052,6875.424,832.9971,4213.855,4975.61,20484.501,21528.24,17862.65,3502.048,18258.72
,,,,,,,,4053,6266.291,766.851,4076.031,4657.287,19782.052,21284.5,18010.15,3770.218,17120.879
,,,,,,,,4054,5835.751,723.5403,3890.365,4176.928,18575.191,20492.84,18004.28,3773.091,15928.611
,,,,,,,,4055,5564.671,669.8871,3682.502,3587.784,17201.643,20172.48,17991.18,3846.357,14639.977
,,,,,,,,4056,5104.366,588.6808,3517.652,3306.867,16121.023,19620.22,17560.32,3923.874,13635.714
,,,,,,,,4057,4719.538,535.5899,3378.851,2979.089,15268.659,17431.63,15971.53,3468.933,13000.272
,,,,,,,,4058,4500.547,504.3903,3253.574,2815.53,14830.496,15365.68,14325.31,2958.185,12484.718
,,,,,,,,4059,4367.665,474.2157,3228.478,2734.388,14702.456,13927.57,13246.33,2666.522,12146.412
,,,,,,,,4060,4297.503,454.3836,3263.613,2712.964,15063.619,13451.32,12581.42,2484.53,12214.373
,,,,,,,,4061,4265.611,451.9248,3394.666,2822.531,15916.423,13708.19,12909.07,2522.164,12245.636
,,,,,,,,4062,4222.024,457.9141,3541.057,3061.143,17255.17,15007.09,14038.67,2803.837,12749.652
,,,,,,,,4063,4186.94,444.532,3590.297,3219.668,18253.121,16166.29,14847.66,3270.303,12715.742
,,,,,,,,4064,4217.764,432.5496,3339.889,3222.339,18863.222,16388.89,15070.42,3694.446,12558.219
,,,,,,,,4065,4157.166,444.7248,3668.23,3069.873,19278.54,15744.3,14146.35,3576.772,12707.551
,,,,,,,,4066,4311.308,446.6819,2881.21,3096.8,19290.988,14316.72,11799.78,3063.601,13168.677
,,,,,,,,4067,4514.35,475.7355,2165.913,3076.263,18993.379,12808.88,10662.23,1529.823,13828.318
,,,,,,,,4068,4907.682,534.5527,2153.898,3157.188,19254.41,12398.48,10447.75,1370.138,14752.845
,,,,,,,,4069,5338.222,626.4267,2257.74,3492.012,19350.979,12257.72,10671.84,1401.101,15643.096
,,,,,,,,4070,5877.195,682.4075,2475.95,3617.969,19240.38,13184.89,11758.81,1805.638,16312.218
,,,,,,,,4071,6399.16,757.0573,2990.923,4083.682,19730.704,14620.21,13347.1,2668.379,17162.442
,,,,,,,,4072,6905.18,817.7876,3484.624,4096.699,19845.818,15316.78,14315.06,2569.239,18034.341
,,,,,,,,4073,7226.228,895.2468,3893.778,4984.892,20294.774,17390.93,16176.43,2753.814,18924.587
,,,,,,,,4074,7466.484,913.1456,4229.539,5243.447,20392.734,19833.41,17774.61,3147.294,19705.113
,,,,,,,,4075,7305.963,896.3951,4393.598,5211.377,20358.272,21319.12,18445.47,3395.097,19285.243
,,,,,,,,4076,6931.766,826.429,4329.611,4959.082,19919.47,21287.17,18367.62,3530.56,18433.529
,,,,,,,,4077,6490.596,791.9639,4224.834,4576.096,19422.202,21429.09,18601.44,3898.729,17437.376
,,,,,,,,4078,6214.201,747.8002,3987.638,4054.377,18340.036,20488.53,18638.92,3910.97,16172.785
,,,,,,,,4079,5730.508,671.5839,3745.604,3431.391,17097.362,20168.39,18423.61,3947.128,14959.923
,,,,,,,,4080,5307.41,592.8271,3508.559,3058.851,16070.385,19562.97,17780.17,4010.807,13917.569
,,,,,,,,4081,4898.132,548.3102,3400.613,2783.295,15373.3,17504.65,16189.52,3565.81,13176.639
,,,,,,,,4082,4699.34,516.2576,3304.683,2610.92,15087.036,15432.24,14519.69,3053.269,12688.801
,,,,,,,,4083,4625.988,480.9117,3245.832,2507.716,14965.016,14018.16,13397.85,2752.639,12353.546
,,,,,,,,4084,4559.016,461.2609,3266.092,2504.151,15348.477,13436.47,12731.51,2567.927,12317.067
,,,,,,,,4085,4464.403,453.8121,3413.956,2621.237,16316.73,13719.71,13014.57,2598.365,12320.144
,,,,,,,,4086,4456.961,456.8891,3532.929,2790.76,17748.305,14933.56,13894.9,2885.517,12703.731
,,,,,,,,4087,4392.111,443.5162,3557.906,2866.904,18789.328,16101.18,14811.46,3340.696,12823.461
,,,,,,,,4088,4265.602,437.3676,3509.736,2943.836,19036.722,16842.69,15376.33,3932.921,12606.203
,,,,,,,,4089,4222.013,457.2638,3927.144,2657.616,18837.652,15805.52,16390.1,3783.18,12662.475
,,,,,,,,4090,4275.163,472.5851,3817.156,2388.158,18768.052,14074.44,16171.5,3891.358,13080.919
,,,,,,,,4091,4632.35,516.5447,3697.347,2293.445,18538.428,12370.05,15136.96,3406.396,13599.757
,,,,,,,,4092,4849.213,573.7479,3655.749,2248.327,18962.301,11618.7,14597.57,3040.549,14483.062
,,,,,,,,4093,5078.834,663.9436,3377.23,2432.225,18559.097,11467.5,15420.84,2913.76,15556.95
,,,,,,,,4094,5507.249,721.3228,3140.975,2559.977,18522.652,12051.55,15068.61,3022.383,16275.082
,,,,,,,,4095,5896.332,810.0804,3137.936,2965.721,18666.258,13371.84,15342.46,3042.717,16822.217
,,,,,,,,4096,6449.127,872.5074,3309.739,3013.242,18879.967,14504.26,15542.8,3073.912,17760.668
,,,,,,,,4097,6668.121,915.7628,3784.971,4015.367,19132.224,16457.53,16673.58,3309.981,18924.837
,,,,,,,,4098,6866.918,963.827,4240.56,4351.945,19492.387,18726.19,17328.22,3412.708,19630.058
,,,,,,,,4099,6601.154,942.6395,4383.883,4457.577,19696.645,20403.95,17596.95,3462.618,18980.416
,,,,,,,,4100,6375.786,868.8989,4361.395,4292.005,19456.518,20310.86,17460.16,3598.056,18448.718
,,,,,,,,4101,6030.291,790.3141,4254.297,3986.512,19069.194,20460.6,18135.35,3928.563,17369.138
,,,,,,,,4102,5700.742,717.3818,4064.784,3518.536,18055.505,19877.23,18109.49,3911.182,16041.591
,,,,,,,,4103,5328.671,644.8212,3805.391,3003.509,16801.791,19577.08,18027.56,3943.57,14745.222
,,,,,,,,4104,4939.591,575.3728,3560.627,2644.377,15838.933,19114.63,17362.41,4011.732,13843.161
,,,,,,,,4105,4604.727,535.5273,3430.925,2360.502,15177.607,17441.37,15858.86,3575.726,13273.457
,,,,,,,,4106,4442.079,505.5433,3327.277,2254.062,14929.707,15417.94,14199.84,3063.184,12810.566
,,,,,,,,4107,4321.953,475.5591,3236.178,2194.733,14869.767,13945.13,13051.25,2750.845,12494.499
,,,,,,,,4108,4216.71,455.8991,3240.043,2197.885,15247.304,13364.36,12417.26,2547.302,12347.42
,,,,,,,,4109,4161.431,446.3911,3363.787,2337.67,16227.532,13622.65,12694.19,2579.585,12581.936
,,,,,,,,4110,4082.764,451.3461,3571.761,2511.56,17613.349,14902.83,13596.6,2803.786,13153.081
,,,,,,,,4111,4028.544,436.9389,3739.132,2614.192,18657.561,16401.22,13812.24,3177.084,13170.918
,,,,,,,,4112,3875.459,425.6832,3708.696,2488.98,18858.89,16733.78,13284.02,3524.85,12749.707
,,,,,,,,4113,3654.338,433.251,3702.677,2216.94,18921.103,15760.18,14466.25,3289.633,12925.127
,,,,,,,,4114,3549.093,433.5037,3622.924,1970.67,18600.356,13635.25,14768.83,2738.332,13172.653
,,,,,,,,4115,3615.001,468.0287,3775.107,1761.809,18607.483,11866.26,12630.64,2684.549,13756.5
,,,,,,,,4116,3795.721,515.3063,3767.54,1707.958,18488.766,11002.1,14379.93,3245.377,14711.818
,,,,,,,,4117,4048.73,584.9722,3733.951,1781.939,18571.323,11030.42,13967.49,3050.396,15650.423
,,,,,,,,4118,4349.578,640.0374,3997.828,2009.969,18473.075,11445.48,14460.17,3084.4,16380.303
,,,,,,,,4119,4996.986,707.202,4161.731,2329.816,18494.298,13027.46,14511.49,3049.976,17373.681
,,,,,,,,4120,5899.531,762.5798,4251.436,2550.29,18951.857,14177.85,13389.95,2772.216,18097.242
,,,,,,,,4121,6038.794,805.771,4306.834,3547.959,19481.049,16310.8,15109.81,3082.883,19179.455
,,,,,,,,4122,6062.182,824.2137,4330.68,3925.06,19828.179,18849.01,16483.61,3193.046,19671.723
,,,,,,,,4123,5919.732,808.3052,4345.403,4130.132,19969.843,20748.41,16817,3385.835,19194.009
,,,,,,,,4124,5904.85,761.6457,4258.32,3982.997,19709.229,20760.75,17182.26,3573.05,18404.879
,,,,,,,,4125,5670.977,701.0243,4158.538,3647.307,19198.882,20836.53,17539.07,3832.668,17580.757
,,,,,,,,4126,5393.518,653.0953,3976.743,3277.233,18163.637,20460.01,17614.84,3858.594,16480.477
,,,,,,,,4127,4972.546,592.5648,3739.944,2843.876,16862.385,20188.83,17705.07,3907.598,15106.09
,,,,,,,,4128,4603.664,524.3226,3574.538,2568.766,15866.393,19742.67,17218.89,4001.891,14246.016
,,,,,,,,4129,4312.386,488.3235,3392.894,2350.798,15176.606,17920.94,15591.38,3564.936,13577.16
,,,,,,,,4130,4119.972,461.2516,3314.735,2259.066,14852.302,15861.53,14039.25,3075.71,13100.537
,,,,,,,,4131,4004.098,435.4045,3229.43,2187.38,14766.559,14396.11,12936.13,2743.643,12734.129
,,,,,,,,4132,3946.693,418.666,3236.184,2187.131,15070.521,13743.3,12353.74,2571.514,12715.668
,,,,,,,,4133,3913.738,408.6859,3332.517,2288.871,15942.49,13800,12598.98,2567.824,12874.397
,,,,,,,,4134,3895.665,410.5382,3476.257,2511.336,17276.493,14975.65,13500.2,2784.88,13310.502
,,,,,,,,4135,3752.148,395.2873,3589.963,2576.974,18272.591,16161.38,14113.55,3286.629,13355.741
,,,,,,,,4136,3532.09,388.6313,3722.669,2575.09,18731.842,16688.86,14502.67,3845.164,13047.276
,,,,,,,,4137,3296.087,403.1657,3776.354,2427.329,18971.27,15991.55,14505.03,3560.277,13036.324
,,,,,,,,4138,3170.643,405.223,3458.76,2280.449,19066.596,14211.42,12228.01,3556.9,13271.995
,,,,,,,,4139,3158.947,441.2162,3071.285,2109.347,19077.554,12578.77,11726.02,3017.567,13789.948
,,,,,,,,4140,3250.37,484.6198,2564.555,2087.59,18901.547,12049.36,10298.82,2289.634,14422.184
,,,,,,,,4141,3454.478,562.0969,2200.597,2213.526,19004.443,12301.99,10111.69,1269.073,15066.426
,,,,,,,,4142,3791.469,628.2574,2414.546,2520.186,18470.322,12933.25,9842.392,1441.593,15841.666
,,,,,,,,4143,4242.209,678.9474,2883.203,2816.884,18742.445,14246.89,10976.29,1547.096,16446.419
,,,,,,,,4144,4813.077,743.8788,3288.185,2998.54,18941.662,15744.99,12038.98,1705.141,17315.542
,,,,,,,,4145,5243.62,799.5453,3791.584,3922.173,19624.467,17990.75,14206.4,2357.389,18239.927
,,,,,,,,4146,5627.39,827.2963,4153.412,4263.532,19884.771,20340.71,15897.41,2954.241,18860.382
,,,,,,,,4147,5693.301,806.2993,4269.402,4473.632,19811.248,22025.66,16710.01,3248.521,18353.054
,,,,,,,,4148,5660.346,753.0624,4239.75,4222.516,19353.388,21947.64,16966.3,3459.62,17840.253
,,,,,,,,4149,5417.968,679.386,4071.462,3822.662,18843.692,21683.46,17168.17,3778.606,16808.597
,,,,,,,,4150,5190.474,646.218,3957.441,3455.799,17926.928,21200.77,17287.27,3876.346,15900.794
,,,,,,,,4151,4756.745,585.8781,3754.409,3055.508,16790.235,20703.63,17544.14,3926.227,14790.498
,,,,,,,,4152,4434.638,534.8463,3576.467,2711.557,15791.415,19820.61,16795.65,3960.928,13837.239
,,,,,,,,4153,4126.35,486.6175,3379.809,2445.1,15020.828,18251.95,15461,3597.056,13210.729
,,,,,,,,4154,4003.035,457.4771,3271.337,2323.539,14630.021,16397.47,14157.98,3180.889,12802.825
,,,,,,,,4155,3889.288,428.5273,3213.445,2247.814,14434.081,14839.79,13097.62,2881.647,12396.688
,,,,,,,,4156,3811.684,408.6952,3185.459,2205.543,14501.474,13847.12,12330.01,2632.853,12042.758
,,,,,,,,4157,3762.783,394.0251,3188.354,2258.46,14866.849,13471.85,12050.53,2553.935,12058.757
,,,,,,,,4158,3658.603,383.8658,3135.802,2309.953,15555.248,13185.06,11727.11,2545.548,12132.561
,,,,,,,,4159,3443.861,358.0912,3029.676,2291.685,16060.512,12696.82,10530.72,2711.502,11943.272
,,,,,,,,4160,3241.874,338.1896,2779.492,2270.463,16757.982,11605.99,9616.422,3060.436,11779.424
,,,,,,,,4161,3132.376,356.0991,2327.226,2334.501,17408.759,11171.73,8341.506,3155.775,11992.818
,,,,,,,,4162,3149.382,373.2891,2039.772,2275.453,17714.871,10917.14,7753.842,3199.146,12322.076
,,,,,,,,4163,3256.749,428.4258,1900.127,2275.979,17637.283,10408.71,7100.176,2088.443,12842.183
,,,,,,,,4164,3492.748,470.8593,1861.472,2274.236,17719.555,10513.67,6739.001,1156.025,13500.445
,,,,,,,,4165,3709.613,543.4728,1935.649,2350.27,17665.641,11067.61,7143.997,1798.594,14398.981
,,,,,,,,4166,4068.928,599.4812,2212.527,2625.249,17803.282,12106.54,8111.601,2831.299,15289.482
,,,,,,,,4167,4492.029,650.5338,2611.725,3033.567,18009.925,13707.66,9666.286,2730.897,16190.94
,,,,,,,,4168,5209.599,691.8586,3050.438,3269.087,18338.927,15190.54,10845.73,2708.688,17051.703
,,,,,,,,4169,5696.484,783.9052,3604.417,4244.559,18600.229,17522.48,13027.12,2928.066,18094.501
,,,,,,,,4170,6022.848,829.8275,4074.606,4571.873,18779.752,19693.52,15050.65,2952.29,18593.628
,,,,,,,,4171,6010.093,821.2416,4207.755,4691.021,18783.128,21448.48,16093.52,3051.499,18155.906
,,,,,,,,4172,5859.138,733.0214,4196.031,4457.022,18379.316,21877.86,16090,3197.036,17316.493
,,,,,,,,4173,5433.914,675.421,3970.979,4055.48,18078.754,21002.19,15889.35,3481.26,16243.979
,,,,,,,,4174,5186.221,640.5656,3790.552,3610.039,17332.327,19986.11,15880.84,3508.113,15332.655
,,,,,,,,4175,4917.267,574.0201,3640.583,3156.417,16310.973,18870.06,15672.97,3405.295,14180.366
,,,,,,,,4176,4516.493,536.2431,3493.514,2757.673,15390.421,18949.89,16007.23,3724.163,13297.652
,,,,,,,,4177,4223.088,472.1379,3317.654,2516.345,14768.047,18081.61,15147.41,3514.533,12627.761
,,,,,,,,4178,4082.765,449.3936,3236.599,2338.716,14454.294,16128.67,13982.21,3128.878,12105.595
,,,,,,,,4179,3913.738,426.4587,3157.078,2235.926,14285.159,14562.1,12797.46,2798.227,11749.612
,,,,,,,,4180,3837.198,396.2841,3129.099,2183.149,14365.253,13636.54,12051.61,2568.316,11436.522
,,,,,,,,4181,3742.585,385.5699,3158.44,2224.51,14696.439,13105.48,11752.02,2474.102,11328.536
,,,,,,,,4182,3658.603,369.205,3109.13,2258.531,15226.302,12771.12,11591.1,2481.04,11372.924
,,,,,,,,4183,3423.662,341.1899,3006.088,2215.273,15787.683,12097.5,10757.79,2569.301,11424.756
,,,,,,,,4184,3316.289,329.1172,2877.958,2265.163,16346.186,11243.84,10429.34,2909.935,11513.1
,,,,,,,,4185,3296.087,349.9482,2738.224,2219.073,16857.568,10868.16,11301.15,2971.202,11651.798
,,,,,,,,4186,3408.769,375.1576,2600.959,2179.383,17480.97,10766.19,11314.57,2926.686,12183.774
,,,,,,,,4187,3640.514,421.6123,2333.939,2102.954,17453.21,10170.29,10427.95,2896.97,13134.902
,,,,,,,,4188,3842.495,460.2899,1884.6,2207.939,17168.305,10018.21,7372.461,3296.517,14171.915
,,,,,,,,4189,4200.747,539.29,1748.626,2442.302,16880.676,10528.5,6971.016,2849.123,15123.576
,,,,,,,,4190,4613.216,585.9902,2018.318,2693.75,16942.791,12139.42,7797.366,2228.632,16087.453
,,,,,,,,4191,5023.56,652.5566,2475.958,3068.852,17291.959,13012.16,9430.806,2079.562,16682.257
,,,,,,,,4192,5619.939,723.8748,2918.208,3270.382,17935.039,14568.72,10989.77,2244.12,17890.32
,,,,,,,,4193,6049.42,792.1336,3458.856,4124.503,18622.34,16923.89,13089.96,2789.878,18958.392
,,,,,,,,4194,6388.541,835.5795,3948.171,4452.651,19136.61,19123.03,15036.61,2929.283,19844.1
,,,,,,,,4195,6365.155,825.9501,4114.311,4530.928,19241.089,20460.09,16271.18,2996.718,19214.279
,,,,,,,,4196,6230.146,767.9138,4172.296,4325.153,19016.467,21100.23,16357.44,3237.756,18268.089
,,,,,,,,4197,5798.544,716.6006,4037.782,3954.798,18561.562,20920.01,16475.75,3488.479,17156.743
,,,,,,,,4198,5537.031,669.3341,3811.204,3500.977,17581.763,19931.17,16264.81,3476.932,15882.157
,,,,,,,,4199,5176.654,603.8229,3600.056,3062.725,16322.054,18703.57,15912.91,3385.223,14573.71
,,,,,,,,4200,4733.357,554.0159,3420.746,2741.084,15349.071,19122.95,16292.09,3778.474,13535.717
,,,,,,,,4201,4466.529,505.7153,3319.003,2485.325,14684.482,17916.45,15350.55,3521.024,12995.587
,,,,,,,,4202,4316.638,476.9559,3190.839,2323.455,14421.111,15723.86,13751.34,3030.85,12411.622
,,,,,,,,4203,4197.575,444.894,3166.713,2249.03,14410.97,14322.22,12703.52,2728.427,12005.762
,,,,,,,,4204,4117.846,419.0377,3182.156,2240.625,14849.308,13698.99,12151.74,2562.547,11891.071
,,,,,,,,4205,4115.719,409.5297,3310.327,2369.515,15812,13894.85,12451.2,2575.947,12248.77
,,,,,,,,4206,4068.944,411.5724,3473.063,2583.576,17283.413,14935.9,13550.77,2854.948,12777.577
,,,,,,,,4207,3992.4,406.6641,3546.031,2663.343,18247.45,16284.05,14393.13,3311.526,12799.76
,,,,,,,,4208,4008.342,411.883,3465.239,2611.056,18659.488,16617.71,15216.65,4006.289,12653.828
,,,,,,,,4209,3870.14,442.8882,3199.002,2521.903,18623.128,15879.93,16124.6,3944.022,12938.298
,,,,,,,,4210,3979.632,472.7968,3169.659,2429.65,18813.219,14981.6,16125.13,3842.365,13572.311
,,,,,,,,4211,4214.567,507.5672,3057.909,2370.107,18739.204,14088.15,15619.89,3587.783,14557.081
,,,,,,,,4212,4713.144,537.6932,2692.297,2521.283,18933.439,13775.37,14843.01,3293.137,15701.939
,,,,,,,,4213,5230.857,584.2597,2568.297,2564.716,18665.721,13736.36,14748.71,3281.697,17425.801
,,,,,,,,4214,5484.928,645.0586,2818.448,2973.489,18930.789,14057.69,15721.87,2037.001,18089.793
,,,,,,,,4215,6053.668,693.6708,3009.223,3217.998,19298.043,15179.76,15712,2393.267,18332.673
,,,,,,,,4216,6490.591,765.9683,3413.352,3324.435,19779.326,16429.63,14245.41,2282.543,18675.425
,,,,,,,,4217,6314.122,819.9381,3878.596,4127.061,20193.556,18340.37,15722.5,2816.258,19558.685
,,,,,,,,4218,6551.189,856.4991,4211.288,4428.615,20530.535,20798.16,16929.59,3104.535,20122.646
,,,,,,,,4219,6425.75,833.0619,4315.396,4489.703,20423.417,22530.48,17363.65,3246.532,19320.828
,,,,,,,,4220,6253.534,792.0548,4320.47,4237.596,20018.87,22432.49,17573.43,3462.422,18536.027
,,,,,,,,4221,5934.616,734.5546,4159.497,3831.438,19367.553,22456.64,18187.31,3800.115,17361.337
,,,,,,,,4222,5541.283,685.8822,3954.541,3329.928,18260.077,21398.25,18146.62,3845.004,16200.743
,,,,,,,,4223,5183.032,622.0677,3776.031,2909.925,16918.38,21005.27,18274.62,3926.985,14963.301
,,,,,,,,4224,4792.889,567.0895,3586.103,2609.047,15878.315,20358.75,17476.62,4021.619,13968.541
,,,,,,,,4225,4481.412,511.0771,3389.029,2402.331,15153.78,18324.96,15754.34,3539.776,13258.446
,,,,,,,,4226,4316.638,483.1614,3266.092,2267.775,14851.684,16100.45,14132.61,3055.034,12658.644
,,,,,,,,4227,4234.782,456.2708,3231.354,2198.603,14836.49,14697.46,13032.64,2745.436,12403.172
,,,,,,,,4228,4186.944,435.5858,3233.289,2207.893,15246.398,14075.16,12473.54,2572.411,12309.592
,,,,,,,,4229,4097.647,421.7502,3382.124,2372.892,16256.1,14259.99,12792.77,2597.491,12560.207
,,,,,,,,4230,4106.151,421.5981,3579.356,2549.77,17648.297,15398.05,13912.33,2873.882,13081.877
,,,,,,,,4231,4059.373,434.6687,3688.69,2646.534,18407.606,16874.45,14704.65,3379.742,13086.496
,,,,,,,,4232,3963.693,435.8127,3543.43,2494.834,18739.409,16927.78,15049.25,3970.708,13102.102
,,,,,,,,4233,3857.383,441.5992,3888.656,2267.42,18619.729,15716.29,15552.48,3856.064,13457.823
,,,,,,,,4234,3855.254,428.1933,3819.708,2079.484,18374,14147.99,13280.93,3591.549,13501.937
,,,,,,,,4235,3919.036,458.8266,3622.214,1948.167,18362.285,12945.39,10414.16,2542.209,14228.579
,,,,,,,,4236,4121.017,515.277,3042.148,1888.483,18428.167,11656.17,9101.072,1296.908,15147.759
,,,,,,,,4237,4468.638,565.5996,2216.163,1900.951,18552.844,11559.11,9114.781,1232.418,16344.106
,,,,,,,,4238,4881.106,631.1244,2406.531,2048.204,19090.487,11988.71,10095.89,1310.354,17105.716
,,,,,,,,4239,5276.567,709.5488,2890.627,2194.546,19377.499,13178.36,11407.35,1560.502,17921.869
,,,,,,,,4240,5658.209,768.2104,3341.779,2368.126,19308.474,14336.7,12464.89,1681.678,18610.523
,,,,,,,,4241,5987.763,825.9454,3850.968,3298.563,19719.747,16537.59,14809.05,2291.536,19548.942
,,,,,,,,4242,6334.325,863.0688,4206.336,3625.101,19974.954,18470.62,16454.71,2947.329,20186.464
,,,,,,,,4243,6332.2,849.7195,4440.806,3788.623,19841.218,20407.53,17525.38,3317.72,19731.124
,,,,,,,,4244,6135.534,792.3456,4406.733,3602.536,19446.779,20654.83,17546.06,3514.055,18727.478
,,,,,,,,4245,5787.914,728.6307,4268.757,3401.073,19023.9,21191.94,18213.19,3843.307,17551.608
,,,,,,,,4246,5483.878,666.7034,4024.806,2999.366,18046.171,20518.02,18290.54,3864.566,16436.647
,,,,,,,,4247,5095.861,607.4069,3780.856,2632.717,16762.551,20196.73,18126.83,3925.637,15135.757
,,,,,,,,4248,4738.673,553.6534,3573.157,2358.128,15772.863,19550.34,17321.63,3990.182,14183.501
,,,,,,,,4249,4430.385,496.4163,3391.929,2186.08,15115.035,17638.57,15739.16,3569.368,13387.881
,,,,,,,,4250,4261.359,471.6034,3266.092,2096.698,14814.43,15576.38,14126.49,3086.42,12778.967
,,,,,,,,4251,4179.503,447.8156,3222.677,2060.979,14773.898,14197.43,13008.71,2772.338,12612.315
,,,,,,,,4252,4126.35,425.062,3201.451,2089.982,15183.44,13502.96,12341.5,2584.965,12405.641
,,,,,,,,4253,4102.963,413.4762,3356.075,2206.265,16167.042,13750.15,12615.81,2599.262,12456.532
,,,,,,,,4254,4118.908,412.4162,3526.335,2394.7,17532.588,14832.74,13640.31,2872.934,12948.394
,,,,,,,,4255,3996.652,410.4201,3540.063,2440.377,18606.628,16096.68,14146.75,3318.751,13002.273
,,,,,,,,4256,3863.765,407.5555,3379.531,2315.802,19029.272,16226.81,13408.46,3873.022,12892.002
,,,,,,,,4257,3713.87,411.7474,2954.876,2042.329,19126.625,14977.8,12531.67,3652.795,13064.88
,,,,,,,,4258,3719.182,430.098,2286.279,1878.6,18691.784,13812.47,11319.95,2803.073,13405.952
,,,,,,,,4259,3784.027,459.4517,2153.736,1761.291,18433.559,12781.62,9940.495,1494.515,14296.022
,,,,,,,,4260,3972.188,524.4576,2117.796,1511.824,18626.861,11116.34,8837.491,1374.803,15387.117
,,,,,,,,4261,4211.377,592.817,2209.621,1445.655,18535.79,10988.32,9018.901,1360.23,16202.836
,,,,,,,,4262,4611.089,667.9874,2453.459,1628.74,18391.001,11236.29,9899.611,1435.061,17035.851
,,,,,,,,4263,5092.658,712.5982,2951.634,1903.24,18568.912,12276.33,11273.25,1573.891,17687.879
,,,,,,,,4264,5511.507,791.8187,3387.801,2194.296,18985.778,14510.85,12554.72,1830.579,18668.62
,,,,,,,,4265,5876.141,849.735,3959.042,3192.892,19246.994,16314.47,14796.8,2423.217,19723.264
,,,,,,,,4266,6122.775,897.9163,4397.778,3439.09,19400.039,18172.37,16903.94,3153.459,20524.974
,,,,,,,,4267,6199.317,882.7438,4551.207,3558.553,19576.432,19494.6,17912.23,3401.925,19822.861
,,,,,,,,4268,6032.417,810.8811,4468.492,3452.386,19287.915,19936.1,17837.08,3529.948,18956.123
,,,,,,,,4269,5726.256,745.4786,4330.515,3280.588,18907.914,20406.68,18201.37,3848.774,17710.119
,,,,,,,,4270,5440.292,687.026,4071.531,2921.128,17885.126,19967.83,18043.72,3848.906,16403.717
,,,,,,,,4271,5060.78,620.4805,3818.892,2592.547,16657.151,19752.04,18159.86,3879.5,15157.326
,,,,,,,,4272,4712.096,556.575,3573.17,2342.121,15723.247,19288.23,17396.51,4026.052,14213.427
,,,,,,,,4273,4391.052,513.808,3433.819,2180.415,15125.05,17496.77,15825.07,3616.947,13285.089
,,,,,,,,4274,4244.35,476.5842,3301.228,2110.993,14880.172,15484.44,14141.25,3129.515,12857.804
,,,,,,,,4275,4132.729,443.6785,3236.184,2096.037,14869.895,14031.96,12910.77,2804.65,12541.539
,,,,,,,,4276,4093.395,429.0085,3232.324,2123.6,15349.774,13399.49,12202.46,2603.797,12346.659
,,,,,,,,4277,4054.062,420.7159,3376.335,2287.547,16408.96,13613.34,12560.71,2619.013,12593.225
,,,,,,,,4278,4021.106,411.1273,3549.587,2494.147,17882.195,14842.72,13569.19,2833.378,13134.908
,,,,,,,,4279,3952.004,413.204,3547.056,2629.844,18614.009,16616.06,14125.87,3211.394,13233.317
,,,,,,,,4280,3758.522,413.325,3287.715,2549.073,18700.151,16882.32,14190.71,2731.531,13476.595
,,,,,,,,4281,3599.059,420.0307,2741.031,2267.47,18624.254,15719.03,12856.79,2256.766,13979.142
,,,,,,,,4282,3674.534,427.2685,2339.695,2033.473,18396.89,14730.77,10729.98,1849.726,14675.147
,,,,,,,,4283,3751.072,476.2088,2231.937,1979.284,18438.991,13684.59,9846.27,1642.182,15618.059
,,,,,,,,4284,3992.386,542.3018,2255.917,1894.921,18480.053,12322.52,8823.324,1367.633,16772.277
,,,,,,,,4285,4308.115,649.9724,2334.365,1906.473,18320.446,11119,9019.478,1324.949,17680.27
,,,,,,,,4286,4840.71,720.0907,2575.333,2073.902,18275.462,11704.95,9974.302,1522.671,18643.729
,,,,,,,,4287,5248.927,774.9197,3041.499,2395.146,18530.149,13609.54,11599.95,1914.136,19253.898
,,,,,,,,4288,5809.165,830.8749,3539.986,2382.431,18896.57,14354.8,12880.48,2306.823,20213.77
,,,,,,,,4289,6115.33,908.5154,4080.909,3212.682,19498.598,16128.13,15120.88,2674.936,21261.717
,,,,,,,,4290,6374.721,950.3007,4598.722,3498.925,19871.949,18148.03,17103.66,3237.811,21695.745
,,,,,,,,4291,6277.984,900.1449,4709.993,3781.988,19989.82,19773.91,17996.24,3482.136,20695.862
,,,,,,,,4292,6208.885,851.4168,4571.32,3634.382,19638.408,20104.2,17773.09,3558.33,19764.156
,,,,,,,,4293,5829.373,771.716,4382.368,3424.29,19181.419,20297.87,17999.28,3809.163,18846.156
,,,,,,,,4294,5463.68,722.5716,4099.265,2987.088,18140.399,19938.36,17639.37,3860.701,17379.307
,,,,,,,,4295,5090.546,651.6985,3853.782,2604.516,16831.683,19769.05,17917.5,3905.906,16089.653
,,,,,,,,4296,4719.538,592.5834,3668.122,2385.194,15854.941,19376.55,17371.36,4060.179,15043.366
,,,,,,,,4297,4441.016,541.0704,3446.923,2173.253,15191.71,17453.2,15759.28,3639.366,14339.292
,,,,,,,,4298,4259.232,492.2792,3342.714,2093.078,14872.366,15432.61,14141.57,3151.934,13576.193
,,,,,,,,4299,4140.17,461.2609,3242.937,2063.414,14830.103,13943.16,12952.75,2824.35,13308.681
,,,,,,,,4300,4045.558,444.5223,3209.17,2081.024,15212.694,13287.58,12248.8,2631.596,13173.917
,,,,,,,,4301,4018.981,427.3025,3335.411,2199.573,16080.755,13394.19,12432.83,2595.624,13316.809
,,,,,,,,4302,3984.962,436.3304,3406.957,2399.977,17385.974,14506.42,13256.72,2787.472,13902.505
,,,,,,,,4303,4028.545,478.0352,3342.949,2432.297,18127.007,15568.49,13576.24,3015.709,13982.094
,,,,,,,,4304,3913.73,500.8593,3117.402,2384.939,18406.049,15951.41,13736.86,3211.405,14029.929
,,,,,,,,4305,3863.763,568.9259,2794.013,2309.667,18371.18,15235.65,12870.86,2638.473,14992.909
,,,,,,,,4306,3793.598,580.0989,2492.542,2120.764,18336.853,13815.91,12018.93,2135.296,15574.129
,,,,,,,,4307,4412.301,557.9738,2384.727,2066.023,18476.539,12083.55,10825.11,2452.614,16460.796
,,,,,,,,4308,5717.746,608.938,2379.436,1948.592,18432.803,11878.83,10411.88,3024.47,17632.453
,,,,,,,,4309,4809.884,766.3887,2492.408,2052.094,18428.74,12475.76,11262.71,3099.352,18342.101
,,,,,,,,4310,5662.464,713.9798,2696.518,2331.476,18543.754,13074.2,12506,3571.677,19704.446
,,,,,,,,4311,6340.699,765.7041,3319.67,2435.286,18903.932,13048.99,14551,3974.723,20807.318
,,,,,,,,4312,6490.59,845.7002,4032.961,2630.571,19263.705,13212.75,16025.1,2784.399,20807.675
,,,,,,,,4313,6657.494,900.0681,4530.774,3532.558,19770.791,15429.71,17435.14,2958.968,21508.298
,,,,,,,,4314,6536.306,875.842,4554.41,3779.088,20126.126,18262.63,18297.59,3600.412,21837.915
,,,,,,,,4315,6415.119,889.0396,4568.485,3931.244,20016.723,20074.86,18593.16,3593.753,20956.387
,,,,,,,,4316,6220.579,815.1176,4475.158,3791.787,19619.839,20509.62,18417.23,3700.633,20123.901
,,,,,,,,4317,5894.219,756.955,4362.827,3438.157,19092.019,20693.43,18660.74,4027.005,19246.257
,,,,,,,,4318,5574.238,701.0335,4212.145,3048.182,18065.148,20276.37,18628.22,4003.472,18466.06
,,,,,,,,4319,5203.23,643.7963,3983.063,2736.138,16837.086,20028.82,18657.73,4018.38,17252.629
,,,,,,,,4320,4857.735,596.9016,3769.424,2449.968,15840.896,19215.13,17558.19,4055.086,16303.281
,,,,,,,,4321,4578.151,530.0561,3554.435,2239.19,15061.491,17588.23,16155.34,3707.356,15291.661
,,,,,,,,4322,4350.656,493.676,3407.372,2143.894,14649.861,15758.72,14666.05,3305.537,14599.463
,,,,,,,,4323,4228.404,459.5549,3314.747,2090.231,14437.794,14288.85,13449.16,2977.599,14012.103
,,,,,,,,4324,4133.792,445.9283,3269.396,2083.679,14491.617,13373.83,12493.53,2706.386,13652.416
,,,,,,,,4325,4054.062,431.2583,3278.079,2151.303,14830.306,12998.56,12173.83,2616.707,13435.204
,,,,,,,,4326,4029.612,432.2833,3214.304,2190.94,15334.612,12725.43,11940.05,2498.721,13518.726
,,,,,,,,4327,4170.997,420.7315,3052.34,2152.396,15795.561,12249.14,10955.72,2260.267,13793.547
,,,,,,,,4328,4520.744,399.8599,2763.366,2025.719,16238.062,11257.27,9513.815,1971.369,14683.103
,,,,,,,,4329,4876.869,425.2016,2545.006,1911.026,16684.871,10529.9,8479.889,2429.311,15098.643
,,,,,,,,4330,5247.877,490.0391,2431.12,1894.28,16972.71,9985.102,8110.465,1424.569,15957.117
,,,,,,,,4331,3882.894,496.5582,2370.363,1775.792,17165.451,9268.294,7963.257,1342.53,16557.618
,,,,,,,,4332,4040.225,569.9552,2402.073,1744.219,17369.511,8852.506,8085.45,1321.803,17261.792
,,,,,,,,4333,4395.287,619.8792,2496.799,1914.466,17524.385,9340.128,8822.185,1412.62,17933.29
,,,,,,,,4334,4798.188,706.9794,2707.461,2072.362,17796.366,9778.158,9691.473,1560.562,19146.25
,,,,,,,,4335,5239.361,770.443,3330.49,2417.783,18212.534,11170.98,11695.75,1694.802,19739.357
,,,,,,,,4336,5874.011,824.1789,3663.077,2630.019,18893.474,12627.8,13480.37,1921.682,20562.121
,,,,,,,,4337,6315.185,887.2664,4138.907,3500.906,19314.027,14639.75,15565.6,2477.642,21206.984
,,,,,,,,4338,6648.99,919.8076,4586.907,3821.002,19660.549,17511.07,17661.15,3195.056,21294.709
,,,,,,,,4339,6554.38,913.2902,4727.774,3893.176,19514.636,19207.34,18614.9,3577.478,20603.777
,,,,,,,,4340,6308.813,833.344,4547.213,3726.884,19193.801,19951.9,18018.66,3610.335,19864.235
,,,,,,,,4341,5881.463,764.3668,4362.681,3365.262,18766.578,19534.15,17371.3,3771.332,18841.14
,,,,,,,,4342,5567.86,713.9976,4122.438,2972.349,17761.915,18603.8,17215.24,3681.346,17901.859
,,,,,,,,4343,5200.041,654.6918,3903.969,2638.491,16622.72,17757.42,16585.66,3533.69,16797.941
,,,,,,,,4344,4827.97,585.8873,3734.71,2354.259,15582.518,18085.93,16633.56,3844.327,15744.056
,,,,,,,,4345,4818.402,581.7688,3572.76,2252.903,15232.75,16889.24,15872.88,3656.353,15122.134
,,,,,,,,4346,4607.917,527.9969,3437.281,2107.842,14766.791,15164.89,14553.45,3286.137,14430.125
,,,,,,,,4347,4488.854,494.7195,3332.668,2033.416,14501.632,13733.35,13260.94,2930.231,13948.944
,,,,,,,,4348,4364.476,473.8531,3299.866,2015.308,14448.245,12761.09,12416.41,2702.493,13452.159
,,,,,,,,4349,4172.062,469.5257,3283.868,2048.264,14537.745,12320.02,12032.71,2568.428,13089.408
,,,,,,,,4350,4037.742,449.8041,3241.641,2072.79,14838.387,12067.85,11713.09,2464.041,13064.7336
,,,,,,,,4351,3876.291,413.632,2964.229,2017.656,15203.415,11219.87,10304.34,2141.743,13196.674
,,,,,,,,4352,3797.26,400.4529,2707.089,1870.267,15862.099,10379.14,9062.195,1736.271,13690.924
,,,,,,,,4353,3834.601,445.0032,2539.009,1763.214,16597.292,9645.579,8296.816,1429.167,14166.044
,,,,,,,,4354,4062.727,478.3089,2456.56,1705.108,17201.113,9117.636,8155.569,1408.592,14916.826
,,,,,,,,4355,4334.938,527.4005,2407.821,1626.715,17774.626,7971.304,7281.537,1200.288,15994.581
,,,,,,,,4356,4716.203,586.746,2346.266,1635.596,18454.549,7238.214,7090.647,1230.689,17024.621
,,,,,,,,4357,5033.119,659.4279,2541.165,1767.662,18702.059,7510.185,7885.799,1275.749,18014.606
,,,,,,,,4358,5510.117,742.2128,2997.043,2062.7,19046.813,8306.848,9591.428,1391.014,18838.736
,,,,,,,,4359,5939.9,801.1102,3470.664,2318.932,19484.756,9399.454,11211.06,1550.567,19625.384
,,,,,,,,4360,6426.399,863.1708,3866.128,2631.393,20308.409,11445.11,13044.32,1899.14,20627.113
,,,,,,,,4361,6834.73,957.7347,4289.169,3600.136,20956.116,13291.43,15380.85,2530.263,21741.51
,,,,,,,,4362,7095.42,1018.218,4772.642,3995.711,20719.298,16153.39,17639.21,3224.209,22249.725
,,,,,,,,4363,7057.083,1008.428,4841.941,4139.612,20608.63,18514.06,18537.9,3608.956,21585.288
,,,,,,,,4364,6854.163,946.7216,4817.995,3957.152,20103.145,18874.15,18529.12,3592.662,20584.314
,,,,,,,,4365,6346.02,870.7044,4619.56,3625.833,19579.48,18839.82,17946.21,3685.406,19476.477
,,,,,,,,4366,5884.652,812.2424,4256.94,3194.462,18292.044,18321.81,17313.16,3532.983,17969.77
,,,,,,,,4367,5538.094,731.8799,4005.668,2806.224,16887.435,17365.95,16795.53,3405.215,16542.95
,,,,,,,,4368,5151.14,653.1138,3775.225,2443.612,15809.834,18114.72,16997.82,3815.352,15702.199
,,,,,,,,4369,4878.997,607.0814,3553.049,2314.886,15086.758,16751.27,15709.95,3537.465,14752.883
,,,,,,,,4370,4663.196,553.3095,3437.824,2172.339,14728.415,14881.02,14164.09,3134.356,14344.557
,,,,,,,,4371,4501.61,521.2476,3353.887,2137.422,14683.808,13556.39,13073.42,2801.063,13897.899
,,,,,,,,4372,4391.052,495.3912,3365.465,2154.479,15022.301,12952.73,12533.72,2643.845,13755.051
,,,,,,,,4373,4402.746,505.5248,3487.286,2300.403,15874.324,13348.45,12811.13,2630.671,13912.035
,,,,,,,,4374,4423.634,503.3578,3653.716,2492.112,17074.39,14452.39,13823.38,2855.547,14272.496
,,,,,,,,4375,4333.283,494.9014,3603.095,2573.142,18153.161,15736.7,14126.08,2926.841,14497.833
,,,,,,,,4376,4329.853,488.9218,3310.221,2442.665,18865.967,16477.52,13704.64,2774.408,14573.944
,,,,,,,,4377,4346.871,520.1264,3074.52,2309.882,19473.104,15746.58,13172.4,2410.876,14765.951
,,,,,,,,4378,4499.521,541.9736,2841.452,2128.921,19767.794,14475.59,12409.22,2192.467,15489.085
,,,,,,,,4379,4703.695,585.5913,2743.937,2098.673,20132.529,12738.03,11201.83,1937.944,16274.137
,,,,,,,,4380,4993.412,639.3246,2746.788,2176.593,20383.247,11635.65,10648.98,1761.957,17307.112
,,,,,,,,4381,5263.554,726.958,2963.719,2207.014,20795.828,11705.59,11522.53,1794.016,18406.06
,,,,,,,,4382,5802.334,825.9193,3421.349,2460.042,20837.329,12153.7,12724.53,1867.128,19047.03
,,,,,,,,4383,6144.822,906.1733,3809.227,2620.662,20881.401,13096.42,14002.93,2076.423,19812.011
,,,,,,,,4384,6748.191,966.7774,4280.394,2896.473,21047.801,14216.94,15307.69,2284.394,20598.77
,,,,,,,,4385,7406.523,1010.482,4666.405,3935.64,21405.223,17396.97,17294.26,2951.061,21575.628
,,,,,,,,4386,7302.152,1033.792,5114.649,4289.868,21496.106,19488.26,19468.69,3565.732,22068.482
,,,,,,,,4387,7108.11,1035.137,5104.363,4383.801,21420.03,21027.8,19747.76,3838.915,21287.71
,,,,,,,,4388,6875.424,979.6365,5013.285,4180.288,20816.925,21221.2,19590.77,3908.835,20407.176
,,,,,,,,4389,6426.813,889.9927,4744.005,3850.821,20196.891,20850.53,19586.06,4023.808,19112.597
,,,,,,,,4390,5965.444,813.7672,4342.391,3363.935,18881.116,20367.11,19108.71,3899.254,17855.398
,,,,,,,,4391,5560.418,730.4923,4080.506,2909.676,17451.985,19896.15,19145.71,3967.457,16418.029
,,,,,,,,4392,5217.05,644.296,3823.042,2552.068,16334.992,19422.74,18028.22,4113.147,15386.479
,,,,,,,,4393,4934.276,601.9102,3595.499,2398.378,15535.691,17388.92,16195.85,3646.869,14549.438
,,,,,,,,4394,4729.105,555.1875,3486.467,2275.378,15156.824,15449.83,14668.88,3230.33,14020.191
,,,,,,,,4395,4598.349,515.0421,3386.69,2231.419,15083.236,13998.62,13489.12,2871.009,13755.999
,,,,,,,,4396,4524.998,500.372,3377.042,2249.916,15428.85,13320.51,12935.1,2700.34,13565.405
,,,,,,,,4397,4468.656,496.407,3466.622,2379.608,16273.278,13540.17,13016.42,2678.176,13812.559
,,,,,,,,4398,4481.039,495.5247,3623.889,2541.926,17542.697,14561.83,13785.35,2876.098,14177.563
,,,,,,,,4399,4354.544,485.1304,3662.322,2619.719,18373.653,15839.12,14001.33,3342.443,14133.551
,,,,,,,,4400,4453.667,476.8918,3521.257,2517.833,18969.632,16334.38,13922.65,3776.804,13931.942
,,,,,,,,4401,4240.44,507.7844,3105.971,2349.178,19321.603,15556.7,13392.09,3583.866,14348.994
,,,,,,,,4402,4304.856,530.4846,2896.841,2171.823,19498.129,14297.01,12264.65,2414.245,14946.447
,,,,,,,,4403,4478.202,594.7275,2636.936,2073.497,19749.121,12559.47,12203.25,1890.458,15810.148
,,,,,,,,4404,4850.521,647.0549,2745.818,2136.047,19884.877,11358.7,11447.83,1732.904,16855.368
,,,,,,,,4405,5362.975,699.5237,2787.049,2148.555,19963.957,11355.75,11859.23,1825.001,17664.234
,,,,,,,,4406,5830.654,784.8583,3170.872,2407.85,20179.981,11442.19,12660.75,1954.912,18601.384
,,,,,,,,4407,6406.01,853.5451,3616.565,2723.417,20418.106,12495.3,13654.92,2074.921,19008.548
,,,,,,,,4408,6476.546,917.3825,4027.254,2882.878,20934.527,13654.34,14717.95,2376.622,20074.819
,,,,,,,,4409,6729.296,982.3271,4472.478,4013.762,21394.889,15804.9,16326.74,2910.342,20955.011
,,,,,,,,4410,6842.536,988.5339,4838.317,4393.73,21567.423,18475.93,18491.68,3327.866,21421.9
,,,,,,,,4411,6843.408,979.3061,4940.905,4496.077,21475.107,20539.87,19086.83,3606.291,20695.716
,,,,,,,,4412,6680.884,935.3818,4817.744,4232.227,20991.525,20596.76,18921.6,3712.482,19981.264
,,,,,,,,4413,6330.074,869.3262,4566.239,3832.786,20292.923,20668.38,18914.24,3887.509,18605.672
,,,,,,,,4414,5860.202,793.9443,4236.826,3381.265,18898.104,20490.38,19156.44,3863.26,17324.389
,,,,,,,,4415,5450.923,715.8315,4012.971,2911.637,17422.545,20301.06,19063.75,3971.789,15948.48
,,,,,,,,4416,5101.176,629.8165,3761.302,2545.873,16322.937,19722,18064.07,4080.865,15063.594
,,,,,,,,4417,4860.925,595.8673,3626.233,2419.365,15583.719,17942.89,16596.53,3659.497,14365.188
,,,,,,,,4418,4657.88,543.1297,3475.311,2294.015,15105.604,15879.37,14832.05,3235.762,13772.304
,,,,,,,,4419,4509.052,505.7153,3408.734,2224.843,14913.623,14463.85,13683.11,2871.083,13388.428
,,,,,,,,4420,4424.007,487.2892,3368.775,2203.831,15040.791,13570.78,12913.77,2673.46,13135.395
,,,,,,,,4421,4360.223,476.9374,3418.388,2266.865,15610.512,13573.63,12928.66,2646.789,12974.306
,,,,,,,,4422,4292.877,472.7711,3523.552,2409.362,16450.613,14391.55,13570.16,2810.664,13107.276
,,,,,,,,4423,4135.678,451.8623,3481.202,2403.124,16912.395,15197.42,13594.87,3210.416,13026.634
,,,,,,,,4424,4078.971,437.4182,3250.738,2224.778,17379.184,15324.09,13944.9,3512.938,12846.061
,,,,,,,,4425,4004.566,460.3394,3497.456,2126.263,17798.851,14426.7,13875.47,3584.512,13389.924
,,,,,,,,4426,4085.99,473.9034,3152.369,2011.307,18258.772,13482.68,11272.16,2389.918,14104.756
,,,,,,,,4427,4217.876,525.254,2342.993,2031.972,18592.391,12341.91,10585.95,1829.88,14939.86
,,,,,,,,4428,4432.117,581.9899,2222.109,2091.562,18816.554,11292.5,9573.734,1683.572,16068.979
,,,,,,,,4429,4728.835,666.0392,2284.038,2227.369,18868.838,10998.05,9608.354,1681.271,16744.275
,,,,,,,,4430,5165.437,727.8887,2563.86,2548.768,19221.966,11632.02,10438.53,1701.306,17641.108
,,,,,,,,4431,5499.544,799.4786,3125.554,2807.02,19658.513,13020.33,11961.17,1907.677,18444.474
,,,,,,,,4432,6010.618,868.6071,3594.387,3127.563,20323.137,14033.14,12925.75,1999.916,19477.313
,,,,,,,,4433,6476.479,913.2149,4025.182,4117.989,20889.678,15953.32,15006.72,2483.058,20484.135
,,,,,,,,4434,6756.179,961.3561,4413.205,4552.27,21104.248,18483.52,17173.08,3216.973,21122.332
,,,,,,,,4435,6790.254,947.1973,4617.083,4713.956,20981.01,20493.68,18118.24,3527.156,20443.136
,,,,,,,,4436,6625.605,887.9497,4491.028,4582.889,20515.154,20658.62,17771.82,3623.186,19606.195
,,,,,,,,4437,6229.083,825.741,4330.855,4231.974,19800.696,20806.99,18354,3899.218,18418.355
,,,,,,,,4438,5876.147,755.1494,4182.506,3678.112,18388.183,20798.57,18675.57,3848.082,17125.855
,,,,,,,,4439,5477.5,690.1194,3976.983,3212.935,16944.404,20616.09,18653.65,3984.068,15729.896
,,,,,,,,4440,5122.438,614.6467,3715.256,2814.131,15865.855,19835.09,17761.01,4051.346,14696.916
,,,,,,,,4441,4812.024,575.9258,3501.927,2635.002,15577.207,17798.55,16190.67,3611.027,14032.091
,,,,,,,,4442,4616.421,526.1096,3390.562,2479.6,15116.246,15813.67,14549.49,3208.786,13584.831
,,,,,,,,4443,4454.836,495.935,3323.985,2394.255,14987.006,14357.41,13526.16,2880.822,13061.446
,,,,,,,,4444,4397.43,475.2499,3337.492,2363.789,15232.679,13615.95,12961.65,2701.214,12932.385
,,,,,,,,4445,4399.557,484.1772,3437.678,2479.162,16012.112,13878.62,13146.4,2687.2,13094.438
,,,,,,,,4446,4337.401,482.2606,3575.72,2651.075,17248.854,14988.66,14012.31,2906.674,13333.131
,,,,,,,,4447,4270.687,471.8571,3613.062,2780.251,18190.601,16193.1,14565.4,3358.116,13440.257
,,,,,,,,4448,4285.329,462.956,3435.179,2645.075,18859.968,16624.3,14432.54,3445.638,13174.677
,,,,,,,,4449,4549.16,482.1213,3290.472,2528.93,19193.583,16008.88,14255.3,2563.293,13514.344
,,,,,,,,4450,4685.987,507.2617,2881.049,2396.193,19618.505,14801,11995,2236.519,14140.253
,,,,,,,,4451,4731.957,551.4831,2390.118,2390.929,19764.176,13603.7,11411.22,1997.27,14928.185
,,,,,,,,4452,4880.977,604.2725,2377.249,2533.648,20138.068,12774.99,10598.83,1720.212,16004.494
,,,,,,,,4453,5400.498,681.5449,2508.471,2706.065,20405.782,12795.69,11035.53,1722.687,16722.558
,,,,,,,,4454,5910.01,754.7711,2852.858,3032.681,20617.451,13303.26,12006.97,1792.387,17690.732
,,,,,,,,4455,6428.152,824.2233,3332.9,3375.84,20790.214,14416.23,13428.09,1938.59,18326.803
,,,,,,,,4456,6559.407,891.6457,3871.147,3559.81,21229.865,15626.99,14458.96,2141.128,19262.864
,,,,,,,,4457,7003.757,939.3058,4302.858,4698.56,21840.684,17659.23,16358.03,2680.086,20329.686
,,,,,,,,4458,7364.374,988.4905,4731.97,5035.303,22001.049,19924.68,18472.48,3346.825,21155.003
,,,,,,,,4459,7334.542,984.6741,4795.001,5151.414,21770.508,21709.31,19143.97,3647.48,20567.242
,,,,,,,,4460,7136.937,906.6288,4606.796,4926.531,21181.86,21585.46,18663.54,3634.34,19927.032
,,,,,,,,4461,6662.812,844.6199,4420.574,4446.81,20436.921,21742.13,19186.47,3936.151,18654.762
,,,,,,,,4462,6191.876,787.4828,4241.503,3870.249,19042.518,21735.35,19220.44,3921.053,17171.156
,,,,,,,,4463,5746.454,709.0075,3925.188,3295.34,17494.013,21348.31,18971.12,4024.726,15760.302
,,,,,,,,4464,5352.059,634.0068,3713.473,2836.878,16343.148,20401.61,18154.11,4116.734,14955.69
,,,,,,,,4465,5005.501,593.3269,3497.097,2669.919,15561.776,18120.24,16255.38,3585.89,14137.333
,,,,,,,,4466,4731.231,540.3987,3406.396,2497.932,15118.897,16174.62,14810.3,3223.128,13568.54
,,,,,,,,4467,4551.574,508.346,3323.979,2408.799,14980.828,14652.23,13725.54,2888.019,13237.943
,,,,,,,,4468,4453.772,486.4362,3330.177,2388.838,15216.686,13985.21,13124.83,2695.828,12806.941
,,,,,,,,4469,4432.511,474.0159,3453.518,2488.064,15853.689,14236.74,13220.7,2670.076,12995.198
,,,,,,,,4470,4414.066,476.0458,3579.989,2672.833,16959.329,15213.1,14085.51,2924.682,13322.977
,,,,,,,,4471,4321.713,462.7393,3486.645,2720.67,17999.757,16238.23,14754.32,3445.579,13303.959
,,,,,,,,4472,4367.185,457.9061,3387.74,2642.697,18476.861,16780.19,14155.5,3974.979,13043.801
,,,,,,,,4473,4428.852,476.0279,3141.698,2490.75,18861.527,16208.84,15733.03,4172.814,13465.114
,,,,,,,,4474,4619.771,481.7587,2701.725,2388.327,19443.357,15027.05,15309.05,4203.688,13917.858
,,,,,,,,4475,4854.774,529.2134,2253.85,2348.624,19449.878,13763.77,13145.31,3815.028,14631.165
,,,,,,,,4476,5095.715,596.5733,2278.81,2471.305,19728.786,12832.47,10821.09,2119.066,15484.282
,,,,,,,,4477,5463.659,684.3787,2499.758,2705.553,19966.028,12981.78,11180.86,1541.92,16552.277
,,,,,,,,4478,5840.729,749.3309,2813.304,2921.636,20503.434,13496.59,12011.72,1739.917,17553.012
,,,,,,,,4479,6313.973,827.2662,3329.873,3319.568,20738.47,14493.71,13360.69,1868.973,18484.397
,,,,,,,,4480,6709.173,891.2233,3671.949,3572.166,21054.89,16040.62,13877.74,1970.893,19372.035
,,,,,,,,4481,7184.477,945.9326,4049.632,4630.158,21173.527,17673.24,15666.48,2610.743,20255.396
,,,,,,,,4482,7348.428,975.717,4423.384,4860.272,21275.061,20121.46,17357.8,3373.836,20805.721
,,,,,,,,4483,7100.668,973.7878,4488.907,4793.389,20921.351,21122.4,18004.43,3482.862,20217.869
,,,,,,,,4484,6995.55,917.2714,4343.549,4442.271,20358.528,20966.54,17737.24,3487.09,19632.062
,,,,,,,,4485,6652.181,841.9984,4209.432,4089.255,19798.171,21094.57,18546.33,3866.336,18537.669
,,,,,,,,4486,6240.777,796.4286,4047.734,3585.183,18635.787,21193.26,18418.13,3900.698,17375.82
,,,,,,,,4487,5874.021,701.777,3813.828,3106.099,17319.281,20726.09,18407.51,3944.208,16225.479
,,,,,,,,4488,5450.923,648.4955,3646.499,2637.934,16240.597,19592.17,17252.19,3942.942,15392.869
,,,,,,,,4489,5103.303,598.8607,3465.681,2500.531,15428.492,17837.61,15876.14,3554.073,14473.943
,,,,,,,,4490,4783.321,541.8047,3358.174,2327.906,14979.748,16104.51,14620.54,3224.284,13928.764
,,,,,,,,4491,4658.943,510.2241,3302.205,2245.713,14766.787,14584.23,13566.65,2888.106,13499.657
,,,,,,,,4492,4548.385,478.3527,3251.633,2206.594,14766.306,13704.83,12779.64,2653.144,13083.286
,,,,,,,,4493,4400.62,468.6727,3300.275,2259.511,15081.495,13419.5,12512.55,2538.829,12841.232
,,,,,,,,4494,4276.807,450.2265,3287.957,2292.052,15601.605,13195.7,12237.71,2553.933,12953.767
,,,,,,,,4495,4169.945,435.465,3327.757,2263.96,16147.797,13062.37,11640.22,2706.117,13900.195
,,,,,,,,4496,4335.227,443.0341,3085.586,2149.44,16659.696,12525.89,10853.77,2451.124,14433.179
,,,,,,,,4497,4411.9,441.0408,2982.428,2214.518,17547.577,13239.75,11909.93,2133.452,13875.573
,,,,,,,,4498,4508.083,492.8558,2865.946,2086.431,17972.416,12162.89,12568.35,2267.413,14327.614
,,,,,,,,4499,4858.519,515.3361,2800.158,2212.116,18231.872,10888.55,12019.08,1773.961,15246.014
,,,,,,,,4500,5046.308,574.6032,2744.316,2045.109,18570.04,10666.47,8799.065,1613.214,16156.588
,,,,,,,,4501,5373.729,651.4253,2142.396,1906.477,18808.124,9635.442,8017.371,1405.677,16870.443
,,,,,,,,4502,5858.667,676.3083,2350.639,2097.825,18846.704,10358.24,9068.829,1400.723,17991.684
,,,,,,,,4503,5964.409,731.0089,2842.402,2367.304,19254.44,11302.92,10214.83,1695.909,19043.264
,,,,,,,,4504,6101.352,829.2177,3259.918,2656.33,19781.401,12429.55,11440.45,2227.219,19573.5
,,,,,,,,4505,6398.875,880.5939,3612.43,3742.8,20042.228,14428.69,13472.42,2659.553,20246.231
,,,,,,,,4506,6613.854,909.3239,4218.061,3987.678,20297.813,16289.17,15390.54,2855.722,20335.704
,,,,,,,,4507,6622.291,894.2505,4369.519,4079.626,20044.194,18126.4,16543.88,3106.392,19523.775
,,,,,,,,4508,6528.866,856.7131,4265.66,3801.602,19562.325,18483.73,16518.57,3214.672,18651.128
,,,,,,,,4509,6255.66,793.7601,4063.762,3546.725,19097.645,18475.13,16460.58,3487.706,17639.842
,,,,,,,,4510,5878.273,714.2413,3902.07,3152.159,18007.745,18604.16,16374.15,3511.155,16702.968
,,,,,,,,4511,5528.527,650.4268,3723.157,2774.178,16842.748,17707.71,15981.99,3443.901,15590.8
,,,,,,,,4512,5207.482,585.7686,3568.37,2322.269,15824.757,17872.95,16028.84,3691.749,14733.499
,,,,,,,,4513,4939.591,551.0945,3417.442,2221.082,15133.946,17001.09,15335.39,3510.132,13798.996
,,,,,,,,4514,4699.34,510.5865,3317.654,2088.378,14694.993,15261.96,14168.12,3160.564,13253.766
,,,,,,,,4515,4550.511,483.524,3225.589,2022.109,14485.592,13836.82,12995.41,2832.486,12645.924
,,,,,,,,4516,4435.701,452.4963,3209.182,1994.545,14503.09,12977.39,12331.91,2610.1,12259.172
,,,,,,,,4517,4342.151,441.7821,3225.987,2024.35,14687.996,12552.05,12069.75,2476.931,11970.815
,,,,,,,,4518,4184.445,415.0619,3219.317,2055.179,15099.066,12314.23,11846.12,2458.769,11886.221
,,,,,,,,4519,3964.525,380.7171,3191.076,2001.552,15512.444,11618.68,10910.25,2544.463,11811.548
,,,,,,,,4520,3891.873,368.6229,3252.332,1819.009,16315.738,10715.34,10199.64,2859.069,11723.436
,,,,,,,,4521,3872.747,398.4939,3442.29,1658.863,17035.141,9649.56,11315.82,2846.881,12078.679
,,,,,,,,4522,4004.135,415.2515,3335.673,1581.76,17679.761,8941.651,11810.77,2555.162,12649.452
,,,,,,,,4523,4193.426,461.2404,2692.406,1554.361,18103.884,8227.071,11383.4,1177.109,13502.038
,,,,,,,,4524,4398.099,513.4675,2339.896,1496.146,17972.611,7030.837,8722.387,1037.952,14500.622
,,,,,,,,4525,4790.617,585.2963,1999.896,1613.357,18062.731,7005.318,7028.798,1071.638,15360.51
,,,,,,,,4526,5177.255,619.9737,2266.01,1855.877,18357.53,7678.706,7912.836,1651.19,16172.913
,,,,,,,,4527,5552.822,684.1022,2627.503,2052.761,18785.639,8990.92,9432.571,2108.07,16900.828
,,,,,,,,4528,6030.941,746.3533,3062.884,2191.393,19445.454,10496.67,11075.5,2273.214,17845.71
,,,,,,,,4529,6404.191,805.381,3574.679,3251.405,20207.633,12598.68,13256.24,2586.254,18877.622
,,,,,,,,4530,6753.114,862.1588,4156.068,3591.87,20629.598,14901.18,15460,3004.811,19642.946
,,,,,,,,4531,6679.696,863.5045,4439.077,3760.734,20650.592,17128.08,16724.42,3218.262,19342.62
,,,,,,,,4532,6519.299,833.7512,4456.464,3669.143,20262.201,17916.11,17070.45,3378.686,18452.491
,,,,,,,,4533,6144.039,770.907,4205.118,3343.618,19641.428,17987.82,16765.27,3593.247,17465.877
,,,,,,,,4534,5779.409,707.4735,3906.742,3009.7,18264.59,17689.98,16451.63,3524.037,16054.914
,,,,,,,,4535,5429.662,640.5562,3702.744,2678.746,16896.99,17231.7,16127.15,3524.513,14685.32
,,,,,,,,4536,5074.6,584.1721,3520.534,2330.344,15794.738,17938.1,16444.03,3877.199,13909.511
,,,,,,,,4537,4804.583,535.9432,3353.772,2206.623,15088.541,16569.96,15332.25,3574.203,13166.177
,,,,,,,,4538,4599.412,498.5473,3256.469,2103.748,14706.184,14659.04,13867.4,3150.44,12532.38
,,,,,,,,4539,4481.412,473.3627,3221.73,2077.235,14631.759,13343.29,12838.82,2814.406,12171.911
,,,,,,,,4540,4413.376,448.3501,3268.999,2087.741,14968.602,12789.97,12361.2,2652.755,12114.804
,,,,,,,,4541,4372.98,442.9791,3440.017,2242.871,15801.333,13190.32,12693.39,2658.469,12309.838
,,,,,,,,4542,4365.165,445.9833,3599.694,2411.881,16946.332,14313.38,13788.09,2845.517,12696.281
,,,,,,,,4543,4267.498,444.8882,3658.653,2519.382,18075.102,15854.25,14473.78,3053.236,12741.811
,,,,,,,,4544,4287.456,436.0377,3561.35,2367.122,18788.743,16081.41,13836.76,2924.282,12614.059
,,,,,,,,4545,4292.904,453.7784,3192.935,2165.798,19221.383,15119.45,13095.26,2562.984,12925.563
,,,,,,,,4546,4390.274,471.7912,3010.577,2007.713,19640.922,13889.46,11973.17,2376.162,13465.065
,,,,,,,,4547,4575.313,514.0654,2669.55,1947.733,19869.844,12695.35,11213.83,2073.845,14383.27
,,,,,,,,4548,4858.777,567.7399,2668.52,1932.165,20499.292,11463.24,10742.58,1793.897,15578.479
,,,,,,,,4549,5167.189,647.1619,2689.259,2027.464,20957.559,11456.5,11278.61,1812.933,16583.451
,,,,,,,,4550,5768,707.0145,2993.685,2317.109,21339.826,11927.33,12215.86,1916.47,17417.15
,,,,,,,,4551,6116.368,779.729,3411.858,2422.322,21784.266,12989.61,13279.42,2210.831,18063.416
,,,,,,,,4552,6701.857,852.8039,3870.515,2762.899,21869.496,14442.41,14408.71,2334.318,19036.61
,,,,,,,,4553,7160.027,911.2877,4344.42,3837.689,22050.59,16778.55,16118.84,2868.936,20399.529
,,,,,,,,4554,7385.635,952.3079,4686.336,4151.328,21717.619,19305.27,18132.04,3455.747,21104.83
,,,,,,,,4555,7228.235,965.3397,4831.787,4253.583,21508.493,20669.3,18868.54,3633.406,20567.613
,,,,,,,,4556,7038.072,907.6893,4790.877,4085.57,21102.027,21164.63,18688.57,3758.737,19713.391
,,,,,,,,4557,6621.353,813.2552,4489.766,3780.82,20514.401,20978.71,18861.3,4017.502,18437.613
,,,,,,,,4558,6133.408,761.6797,4170.158,3392.85,19192.202,20649.79,18630.84,3998.553,16974.936
,,,,,,,,4559,5747.517,688.385,3905.373,2962.894,17740.654,20395.23,18622.97,4069.074,15635.063
,,,,,,,,4560,5345.68,620.4427,3670.094,2586.541,16621.163,19894,17766.27,4202.794,14716.128
,,,,,,,,4561,5004.438,566.3083,3484.024,2452.702,15807.549,17708.82,16201.13,3687.078,13905.37
,,,,,,,,4562,4733.357,525.8004,3378.441,2338.909,15375.066,15693.38,14522.35,3228.422,13213.051
,,,,,,,,4563,4594.097,492.3418,3298.913,2285.495,15263.156,14244.51,13283.69,2874.453,12968.643
,,,,,,,,4564,4520.746,465.2699,3348.514,2294.288,15599.347,13588.59,12706.06,2673.323,12782.922
,,,,,,,,4565,4463.34,456.7961,3434.796,2411.622,16403.63,13813.79,12900.75,2633.252,12962.151
,,,,,,,,4566,4442.769,462.0594,3576.697,2584.197,17638.104,14967.59,13789.17,2890.36,13386.102
,,,,,,,,4567,4348.29,456.174,3539.41,2748.045,18575.667,16811.02,13908.42,3247.261,13573.557
,,,,,,,,4568,4383.255,454.4342,3505.49,2724.385,19181.076,18461.91,14542.13,3549.46,13962.344
,,,,,,,,4569,4411.967,470.4782,2946.218,2391.074,19441.123,18382.69,12990.82,2949.546,14322.818
,,,,,,,,4570,4630.526,516.2253,2710.741,2220.606,19838.656,17481.24,12393.98,2280.781,15059.713
,,,,,,,,4571,4943.133,574.2654,2577.181,2206.851,20235.838,14936,11550.94,2025.96,15995.544
,,,,,,,,4572,5282.938,644.2974,2597.941,2260.692,20349.655,12688.53,10956.71,1787.469,17126.438
,,,,,,,,4573,5712.664,711.1869,2836.974,2425.337,20840.501,12722.33,11365.47,1818.328,18058.013
,,,,,,,,4574,6192.851,788.2502,3198.996,2742.722,21366.346,13427.43,12663.58,2012.146,18918.677
,,,,,,,,4575,6725.626,861.6179,3637.593,2948.087,21337.936,14626.25,13903.8,2182.938,19962.656
,,,,,,,,4576,7115.387,926.6691,4131.808,3193.714,21395.288,16220.6,15366.33,2378.931,20723.996
,,,,,,,,4577,7544.979,1012.956,4575.667,4251.321,21871.212,18023.46,17184.46,2907.665,21847.792
,,,,,,,,4578,7900.156,1053.193,4848.447,4686.002,22092.407,20760.32,18795.53,3444.23,22711.993
,,,,,,,,4579,7810.792,1037.456,4947.719,4770.033,21816.03,22240.88,19653.39,3732.613,22047.59
,,,,,,,,4580,7509.008,967.6846,4834.206,4663.767,21334.261,22180.22,19331.34,3773.787,20951.796
,,,,,,,,4581,7030.631,893.6455,4574.824,4272.233,20715.442,21911.36,19173.22,3981.911,19705.002
,,,,,,,,4582,6586.271,831.5278,4216.064,3688.859,19234.114,21131.83,19022.67,3982.245,18327.09
,,,,,,,,4583,6080.255,752.8713,3970.979,3158.298,17778.601,20785.23,18971.95,4042.239,16956.991
,,,,,,,,4584,5644.4,678.5422,3735.699,2774.178,16637.115,20165.77,18302.29,4171.263,15823.12
,,,,,,,,4585,5256.383,620.2708,3540.952,2620.13,15938.828,18018.99,16655.3,3688.112,15095.186
,,,,,,,,4586,4983.177,555.7938,3426.686,2460.525,15537.417,15913.38,14904.5,3209.596,14263.914
,,,,,,,,4587,4807.772,533.7119,3351.017,2372.443,15374.651,14463.59,13643.1,2869.13,13808.695
,,,,,,,,4588,4684.457,503.5373,3343.293,2368.24,15622.164,13798.42,12917.69,2690.418,13683.198
,,,,,,,,4589,4604.727,489.8922,3478.211,2494.367,16391.082,14060.6,13140.36,2677.221,13826.485
,,,,,,,,4590,4623.489,490.1655,3604.682,2671.879,17409.241,15116.44,14000.79,2945.256,14199.139
,,,,,,,,4591,4561.027,486.3486,3559.073,2776.32,18478.7,16241.89,14219.25,3296.428,14501.127
,,,,,,,,4592,4584.174,487.0584,3260.529,2683.888,18826.496,16553.23,13836.22,3280.001,14886.633
,,,,,,,,4593,4711.875,514.4193,3035.949,2605.623,19233.17,16248.66,13353.83,3085.127,16110.363
,,,,,,,,4594,5014.416,568.6217,2860.293,2487.837,19688.219,15274.44,12637.73,2295.405,16699.92
,,,,,,,,4595,5335.526,615.6459,2770.447,2416.617,19877.872,14003.94,12118.3,1967.312,19840.644
,,,,,,,,4596,5709.35,680.5067,2859.106,2592.075,20074.137,13278.75,11558.63,1777.018,17850.144
,,,,,,,,4597,6141.076,764.0562,3061.389,2824.36,20582.498,13245.47,11938.7,1778.411,19012.185
,,,,,,,,4598,6592.437,833.809,3474.545,3259.536,20892.538,14074.22,13456.58,2011.918,19846.635
,,,,,,,,4599,7033.789,910.0508,3867.798,3526.098,21106.768,15680.96,14901.89,2268.084,20306.363
,,,,,,,,4600,7594.827,939.1934,4269.035,3763.244,21819.538,16822.21,15839.98,2424.917,21227.625
,,,,,,,,4601,7997.153,977.1824,4742.202,4784.8,22072.851,18616.25,17960.68,2935.61,22282.172
,,,,,,,,4602,8225.702,1043.457,5096.023,5124.365,22247.056,21209.65,19921.49,3443.96,22466.73
,,,,,,,,4603,8106.323,1061.669,5150.91,5024.962,21988.282,22975.59,20136.73,3764.551,21792.067
,,,,,,,,4604,7746.07,947.0527,5073.087,4725.806,21353.678,22510.32,19898.8,3769.637,21067.757
,,,,,,,,4605,7230.486,914.3932,4683.459,4370.652,20629.803,22108.26,19662.48,3968.764,19990.71
,,,,,,,,4606,6567.137,826.0473,4297.125,3813.378,19163.253,21381.07,19412.7,3936.524,18808.572
,,,,,,,,4607,6186.561,746.1752,4075.188,3291.859,17609.821,20996.12,19235.46,4000.207,17367.772
,,,,,,,,4608,5754.958,692.35,3798.416,2884.627,16416.798,20376.97,18662.01,4154.42,16414.538
,,,,,,,,4609,5486.004,643.5773,3603.663,2691.179,15642.839,18221.43,16874.03,3666.568,15541.905
,,,,,,,,4610,5130.942,589.4429,3466.804,2522.757,15133.625,16070.53,15036.65,3209.625,15019.57
,,,,,,,,4611,4972.546,553.9158,3376.108,2426.021,14957.392,14585.61,13841.04,2866.417,14579.863
,,,,,,,,4612,4922.582,526.6534,3374.172,2406.309,15225.957,13932.89,13101.64,2699.415,14505.035
,,,,,,,,4613,4884.312,521.2823,3502.336,2511.425,15870.742,14225.15,13247.36,2678.147,14695.901
,,,,,,,,4614,4922.333,526.6071,3617.23,2694.092,16991.506,15302.07,14161.35,2886.83,15178.646
,,,,,,,,4615,5123.319,546.0897,3619.702,2839.262,18117.533,16544.52,14507.77,3355.254,16117.164
,,,,,,,,4616,5589.504,562.0629,3295.677,2717.797,18650.577,16856.56,14169.45,3068.899,16817.369
,,,,,,,,4617,5022.538,563.8157,3092.889,2612.742,18814.694,16411.34,13863.27,2734.166,16417.601
,,,,,,,,4618,5348.59,615.4777,2873.978,2521.863,19405.694,15044.98,12860.13,2279.601,16921.228
,,,,,,,,4619,5593.975,665.3542,2799.636,2545.266,19755.717,13483.5,11743.57,2045.417,18601.878
,,,,,,,,4620,6696.857,736.7231,2820.194,2696.336,19863.271,12911.31,11904.83,1903.231,19366.691
,,,,,,,,4621,6421.725,804.3871,3128.13,3048.483,20364.388,13357.79,12545.84,1910.251,19847.609
,,,,,,,,4622,6920.109,872.0208,3528.446,3389.594,20880.541,13699.5,14029.41,2042.957,20255.951
,,,,,,,,4623,7435.31,936.9332,4066.14,3723.262,21183.445,15319.2,15636.39,2321.353,21785.837
,,,,,,,,4624,8166.495,1006.121,4556.138,3977.134,21874.545,16465.41,17208.65,2458.268,22764.984
,,,,,,,,4625,8458.579,1061.441,5042.823,5053.9,22350.155,18696.13,19201.51,3030.034,22329.789
,,,,,,,,4626,8181.178,1113.235,5261.587,5399.879,22565.021,21024.64,20314.39,3539.697,22788.992
,,,,,,,,4627,8086.125,1091.543,5346.785,5322.841,22189.227,22566.74,20721.52,3839.008,22182.619
,,,,,,,,4628,7858.755,1015.857,5042.793,5046.135,21674.718,22197.98,20185.05,3816.958,21163.382
,,,,,,,,4629,7305.963,956.1259,4732.67,4605.861,20921.648,22206.54,20234.67,4070.657,20114.837
,,,,,,,,4630,6618.164,902.7634,4427.212,4064.134,19261.672,21763.04,20024.63,3983.578,18802.36
,,,,,,,,4631,6251.408,829.0967,4148.511,3452.455,17778.684,21188.18,19888.01,4051.249,17553.863
,,,,,,,,4632,5770.904,763.0418,3885.253,3017.659,16678.686,20597.4,18897,4160.646,16726.206
,,,,,,,,4633,5423.284,699.7271,3703.989,2804.391,15927.891,18443.35,17265.93,3684.532,15954.606
,,,,,,,,4634,5129.879,644.3679,3572.357,2607.439,15443.676,16382.61,15504.07,3273.374,15340.042
,,,,,,,,4635,4974.672,605.9285,3440.736,2480.237,15172.114,14779.8,14099.26,2905.057,14810.097
,,,,,,,,4636,4888.564,574.7103,3467.183,2445.569,15301.367,14230.61,13418.65,2737.078,14723.17
,,,,,,,,4637,4787.574,560.0403,3569.304,2549.634,15990.252,14431.78,13553.88,2705.946,14958.62
,,,,,,,,4638,4746.804,573.5684,3689.986,2726.66,17104.718,15422.31,14265.97,2906.61,15216.872
,,,,,,,,4639,4698.162,562.633,3633.965,2828.683,18047.215,16532.95,14560.29,3410.755,15427.091
,,,,,,,,4640,4890.46,572.3408,3406.305,2854.965,18645.59,16916.41,14215.75,3929.864,15778.022
,,,,,,,,4641,5130.845,596.7786,3162.94,2890.903,18771.663,16502.12,14074.05,3603.789,16228.393
,,,,,,,,4642,5256.917,631.3394,2989.455,2785.011,19228.213,15305.46,13044.56,2430.244,16874.804
,,,,,,,,4643,5593.975,676.054,2944.252,2775.458,19565.807,14178.02,12706.49,2887.511,17629.919
,,,,,,,,4644,6084.17,749.9726,2944.745,2860.016,19966.916,13279.02,12759.45,2489.332,18142.327
,,,,,,,,4645,6714.622,829.8065,3248.161,3247.747,20140.596,13383.02,13745.57,2403.756,19031.268
,,,,,,,,4646,7023.724,896.7776,3657.445,3580.867,20662.524,14022.24,14566.69,2200.778,19803.767
,,,,,,,,4647,7501.718,955.675,4093.025,3890.974,21026.7,15494.27,16000.73,2363.911,20372.966
,,,,,,,,4648,7893.854,1018.598,4489.513,4086.587,21629.357,16894.91,17085.68,2555.527,21136.131
,,,,,,,,4649,8140.226,1058.957,4968.077,5130.839,22161.036,19153.55,19166.38,3112.019,21973.093
,,,,,,,,4650,8181.992,1096.453,5218.679,5340.575,22141.096,21269.77,20464.31,3584.405,22325.121
,,,,,,,,4651,8044.666,1084.913,5266.818,5280.734,21589.762,22736.1,20704.65,3676.76,21626.269
,,,,,,,,4652,7754.575,1009.036,5138.265,4932.614,20992.235,22153.3,19998.18,3614.065,20871.425
,,,,,,,,4653,7283.639,933.3097,4678.77,4498.255,20216.045,22034.93,19821.74,3913.179,19871.935
,,,,,,,,4654,6672.379,862.5554,4366.558,4020.198,18865.41,21573.99,19628.51,3872.468,18866.305
,,,,,,,,4655,6319.443,780.9866,4084.01,3478.246,17481.247,21140.49,19371.02,3938.615,17768.688
,,,,,,,,4656,5872.958,732.3234,3886.761,2968.696,16336.843,20155.07,18174.84,3946.529,16971.717
,,,,,,,,4657,5616.761,667.6652,3676.981,2767.373,15504.016,18267.38,16866.36,3576.491,16169.405
,,,,,,,,4658,5316.978,624.0545,3540.525,2568.484,14913.351,16529.73,15351.92,3208.988,15490.636
,,,,,,,,4659,5057.591,591.4396,3419.921,2466.331,14618.528,14916.95,14044.75,2873.736,14955.254
,,,,,,,,4660,4974.672,563.524,3371.272,2406.2,14592.097,14048.65,13138.49,2665.727,14725.308
,,,,,,,,4661,4699.34,546.6042,3413.161,2457.016,14774.048,13655.22,12779.58,2554.103,14440.435
,,,,,,,,4662,4589.471,534.3635,3384.441,2525.277,15231.371,13426.24,12553.54,2481.022,14258.848
,,,,,,,,4663,4546.268,518.6277,3215.529,2482.628,15716.612,12847.11,11365.08,2256.046,14949.82
,,,,,,,,4664,4642.891,516.1444,2944.189,2394.29,16535.584,12099.92,10039.54,1874.283,15080.856
,,,,,,,,4665,4719.441,566.2301,2811.142,2386.875,17056.756,11483.31,9488.358,1516.56,15863.088
,,,,,,,,4666,4963.513,601.183,2751.899,2457.488,17641.986,11157.54,9107.77,1539.534,16010.894
,,,,,,,,4667,5278.37,647.4543,2779.661,2540.058,17992.586,10808.61,9453.53,1506.324,16761.238
,,,,,,,,4668,5731.674,710.0653,2806.084,2670.919,18343.386,10150.88,9849.439,1670.358,17253.985
,,,,,,,,4669,6153.958,767.7772,3093.728,2848.478,18728.016,10250.62,10611.45,2057.29,18414.34
,,,,,,,,4670,6536.22,832.8196,3407.808,3170.978,19061.438,11005.61,11757.14,1437.758,19471.901
,,,,,,,,4671,6897.842,892.951,3795.308,3420.001,19466.388,12543.62,13426.26,1566.394,20414.386
,,,,,,,,4672,7351.386,953.0123,4166.646,3628.134,20167.324,14094.69,15115.89,2117.597,21061.616
,,,,,,,,4673,7708.689,1002.801,4640.808,4658.646,20754.152,16499.08,16980.44,2512.577,21726.763
,,,,,,,,4674,7941.616,1044.424,5135.922,5005.317,20907.329,18638.8,18697.2,3055.709,22262.212
,,,,,,,,4675,7805.477,1026.007,5105.364,5055.48,20642.973,20638.86,19172.33,3327.603,20947.013
,,,,,,,,4676,7529.206,957.8239,4938.068,4816.326,20243.281,20517.38,18884.2,3328.086,20052.494
,,,,,,,,4677,6940.271,868.9422,4517.883,4342.034,19736.335,20244.19,18221.69,3547.679,19283.246
,,,,,,,,4678,6322.633,812.1862,4156.791,3827.007,18523.411,19643.63,17674.34,3499.54,18455.462
,,,,,,,,4679,5929.3,757.4987,3971.528,3355.775,17302.73,18865.17,16967.5,3453.765,17416.631
,,,,,,,,4680,5550.851,709.3885,3767.128,2837.68,16169.14,18936,16884.71,3706.148,16582.2
,,,,,,,,4681,5282.959,655.5634,3625.829,2601.689,15448.374,17884.81,16148.97,3555.021,15686.505
,,,,,,,,4682,4967.231,617.3052,3474.913,2438.768,14875.314,16059.71,14780.25,3175.809,15064.108
,,,,,,,,4683,4797.141,584.8809,3370.301,2306.562,14608.643,14548.6,13551.58,2843.247,14388.541
,,,,,,,,4684,4638.745,555.7405,3338.463,2229.622,14532.469,13715.99,12715.8,2634.312,13998.023
,,,,,,,,4685,4479.286,529.6937,3349.473,2282.539,14689.651,13188.96,12346.96,2502.04,13791.415
,,,,,,,,4686,4295.003,517.2118,3313.035,2306.47,15085.898,13080.2,12030.53,2465.943,13670.381
,,,,,,,,4687,4191.082,482.9884,3064.197,2270.065,15747.431,12290.13,10589.3,2355.198,14096.948
,,,,,,,,4688,4246.121,475.1619,2763.347,2278.797,16561.414,11391.11,9088.417,1799.989,14626.629
,,,,,,,,4689,4379.012,517.5745,2605.88,2329.248,17461.183,10730.67,8443.9,1531.354,15167.631
,,,,,,,,4690,4631.589,555.1387,2544.298,2389.466,18249.575,10361.96,8473.307,1343.043,15866.326
,,,,,,,,4691,4998.412,619.9852,2506.493,2375.554,18599.152,9851.919,8474.197,1242.418,16958.762
,,,,,,,,4692,5367.859,666.4385,2502.831,2464.611,18815.82,9237.047,8243.273,1249.861,18006.182
,,,,,,,,4693,5833.604,726.0974,2732.064,2629.809,19186.385,9301.146,8843.463,1287.024,18888.327
,,,,,,,,4694,6296.782,805.9608,3073.808,2987.121,19332.48,10491.17,10137.1,1348.505,19661.21
,,,,,,,,4695,6698.801,853.5413,3543.199,3231.85,19728.104,12137.16,11870.48,1639.012,20703.707
,,,,,,,,4696,7167.353,942.683,3967.607,3552.958,20300.887,14077.96,14099.67,2082.559,21424.529
,,,,,,,,4697,7527.846,988.3344,4580.704,4677.219,20801.919,16334.91,16257.07,2607.832,22619.893
,,,,,,,,4698,7723.688,1049.912,5021.122,4932.515,21124.604,18731.09,18313.19,3193.322,23250.327
,,,,,,,,4699,7569.478,1053.326,5138.294,4922.77,20791.2,20508.5,19103.85,3564.522,22658.349
,,,,,,,,4700,7226.234,983.3548,4938.921,4629.699,20540.17,20860,18778.27,3632.923,21676.115
,,,,,,,,4701,6730.848,919.1863,4667.962,4282.621,20041.411,20405.31,17838.78,3642.385,20403.002
,,,,,,,,4702,6239.714,846.0635,4378.515,3812.44,18617.31,19789.07,17860.03,3534.798,19111.675
,,,,,,,,4703,5870.832,778.3025,4108.913,3298.936,17224.899,18856.72,17262.38,3483.626,17741.665
,,,,,,,,4704,5451.986,706.4045,3897.759,2826.429,16154.456,19335.85,17365.17,3865.592,16802.588
,,,,,,,,4705,5158.582,639.1966,3653.814,2660.825,15440.629,17856.05,16097.1,3566.075,15931.168
,,,,,,,,4706,4884.312,592.4832,3511.172,2498.566,15108.287,15759.19,14503.15,3118.1,15318.148
,,,,,,,,4707,4691.898,565.23,3439.765,2399.813,14970.071,14315.87,13391.49,2776.765,14836.819
,,,,,,,,4708,4608.979,538.3394,3431.082,2374.848,15230.083,13747.71,12829.05,2640.172,14666.538
,,,,,,,,4709,4497.358,531.7436,3603.066,2505.013,15979.894,14081.5,13176.1,2660.206,14787.86
,,,,,,,,4710,4500.174,534.7479,3779.502,2684.748,17155.118,15186.54,14196.32,2891.359,15117.193
,,,,,,,,4711,4455.784,533.4116,3773.128,2838.395,18307.679,16624.1,14569.01,3309.101,15473.71
,,,,,,,,4712,4506.446,544.2827,3475.136,2782.428,18925.732,17005.03,14063.63,3117.586,15585.468
,,,,,,,,4713,4548.977,568.6698,3290.018,2740.51,19393.648,16863.07,13560.37,3044.077,16032.942
,,,,,,,,4714,4766.349,593.9823,3111.785,2590.63,19593.3,15286.54,13097.35,2505.838,16784.144
,,,,,,,,4715,5052.379,656.8817,3097.5,2605.488,19696.818,14258.07,12901.31,1962.781,17811.265
,,,,,,,,4716,5377.177,723.3885,3110.087,2724.684,19951.514,13327.38,12314.11,1826.429,18683.947
,,,,,,,,4717,5858.868,835.4243,3300.18,2896.38,20334.036,13185.49,12842.61,1778.232,19706.71
,,,,,,,,4718,6305.037,907.0752,3691.701,3184.137,20634.29,13910.86,14319.69,2347.576,20445.144
,,,,,,,,4719,6783.721,976.2552,4181.762,3525.168,21143.694,15286.79,15661.17,3045.697,21029.531
,,,,,,,,4720,7134.273,1041.237,4511.402,3650.919,21821.868,16818.41,16834.64,3179.528,21837.051
,,,,,,,,4721,7600.134,1077.269,5065.629,4700.179,22400.808,18924.55,18774.41,3341.475,22974.419
,,,,,,,,4722,7799.166,1110.617,5437.527,4891.684,22478.021,20937.74,20332.31,3616.154,23637.038
,,,,,,,,4723,7615.189,1098.164,5410.822,4843.397,22090.309,22535.79,20779.54,3842.707,22964.223
,,,,,,,,4724,7378.251,1031.837,5206.051,4583.366,21485.862,22426.06,20217.55,3866.603,21920.244
,,,,,,,,4725,6897.748,960.4377,4925.438,4239.439,20737.198,22378.2,20033.57,3993.283,20747.729
,,,,,,,,4726,6288.615,882.9967,4528.081,3662.927,19205.478,21586.29,19862.85,3925.596,19367.43
,,,,,,,,4727,5917.607,799.3501,4208.865,3161.228,17676.748,21093.15,19730.75,3997.7,17871.228
,,,,,,,,4728,5512.581,721.2559,3935.959,2748.19,16606.346,20375.36,18725.25,4092.436,17034.815
,,,,,,,,4729,5227.681,659.0286,3713.637,2576.476,15719.905,18302.9,16762.9,3593.035,16106.588
,,,,,,,,4730,4961.916,610.0655,3578.145,2445.071,15232.357,16178.38,15044.1,3135.138,15432.057
,,,,,,,,4731,4803.52,577.8223,3481.251,2370.481,15028.614,14655.99,13922.61,2801.874,15049.363
,,,,,,,,4732,4696.15,547.6477,3477.796,2365.229,15278.722,14115.55,13216.44,2652.726,14923.997
,,,,,,,,4733,4660.006,536.0711,3608.451,2481.512,15997.981,14329.6,13333.62,2638.661,15031.235
,,,,,,,,4734,4628.804,542.3687,3716.591,2630.226,17258.304,15353.41,14226.82,2867.073,15387.626
,,,,,,,,4735,4590.792,531.1215,3688.946,2752.365,18392.404,16658.12,14490.08,3371.029,15634.564
,,,,,,,,4736,4604.248,535.5966,3409.458,2655.428,18890.258,17079.06,14169.66,3971.967,15788.526
,,,,,,,,4737,4621.141,569.0416,3164.524,2505.276,19199.06,16426.26,13681.35,4042.497,16169.506
,,,,,,,,4738,4747.089,609.6774,2974.022,2398.627,19666.214,15153.82,13056.66,3982.502,16907.575
,,,,,,,,4739,4988.471,647.9452,2831.738,2373.644,20128.542,13761.28,12269.24,3207.351,17787.087
,,,,,,,,4740,5296.26,702.2223,2789.377,2517.393,20509.206,13004.44,11560.04,2761.003,18377.925
,,,,,,,,4741,5678.023,764.0619,2922.554,2627.324,20888.111,13013.96,12036.79,3136.7,19349.668
,,,,,,,,4742,6260.265,828.5327,3252.335,2952.556,21328.744,13876.31,13545.74,3077.241,19888.344
,,,,,,,,4743,6654.966,868.8044,3669.475,3325.768,21681.909,15334.7,14681.94,3137.504,20746.657
,,,,,,,,4744,7205.498,940.6637,4015.118,3540.993,21815.356,16624.89,15910.08,3262.351,21354.96
,,,,,,,,4745,7698.874,986.7964,4530.741,4650.164,22063.174,18798.68,17606.59,3164.372,21844.128
,,,,,,,,4746,7928.859,1032.264,4992.352,5056.066,22146.637,21256.05,19229.19,3340.552,22273.835
,,,,,,,,4747,7699.171,1014.64,5076.188,5249.216,21918.902,22586.07,20111.13,3674.325,21851.451
,,,,,,,,4748,7309.153,972.0405,4891.279,5049.534,21432.031,22382.33,19433.71,3689.75,21304.79
,,,,,,,,4749,6826.523,907.2188,4641.546,4604.754,20883.612,22175.69,19226.66,3929.656,20064.204
,,,,,,,,4750,6326.885,825.4503,4360.776,4048.178,19424.143,21574.24,19240.48,3888.631,18811.666
,,,,,,,,4751,5915.48,762.3075,4063.188,3523.118,17867.835,21355.6,19257.15,4016.203,17488.61
,,,,,,,,4752,5463.68,685.2383,3853.397,3036.541,16776.27,20670.68,18431.08,4099.667,16447.807
,,,,,,,,4753,5171.338,633.6535,3671.174,2843.402,15915.591,18624.53,16769.79,3644.201,15597.401
,,,,,,,,4754,4888.564,584.0278,3536.653,2659.883,15418.778,16428.83,14972.95,3174.623,15018.094
,,,,,,,,4755,4780.132,557.9903,3435.906,2520.96,15117.423,14869.46,13823.48,2837.743,14412.119
,,,,,,,,4756,4691.898,533.1682,3439.759,2466.744,15352.108,14235.73,13177.09,2676.967,14182.347
,,,,,,,,4757,4647.25,524.6943,3565.036,2597.322,15993.383,14437.76,13387.52,2676.324,14372.72
,,,,,,,,4758,4636.246,528.9233,3671.801,2735.642,17149.192,15532.03,14233.82,2891.262,14794.307
,,,,,,,,4759,4592.918,524.8654,3658.628,2888.548,18230.36,16830.06,14647.55,3213.653,14841.25
,,,,,,,,4760,4622.319,524.0477,3330.533,2802.833,18659.253,17228.65,15087.73,2941.544,15041.714
,,,,,,,,4761,4736.201,558.7175,3073.975,2681.27,19026.121,16623.62,14073.27,2569.645,15326.471
,,,,,,,,4762,4882.347,567.2914,2830.529,2551.272,19030.772,15525.75,12891.47,2277.076,15893.082
,,,,,,,,4763,5121.603,614.6771,2763.226,2600.813,19176.954,14380.73,12080.04,1997.597,16562.759
,,,,,,,,4764,5461.408,679.1155,2714.303,2691.339,19572.818,13243.57,11298.32,1773.877,17419.234
,,,,,,,,4765,5849.55,748.4948,2907.688,2867.872,19943.898,13463.45,11945.04,1789.559,18439.906
,,,,,,,,4766,6331.862,839.675,3237.728,3264.063,20274.817,14300.54,13425.64,2009.222,19716.272
,,,,,,,,4767,6875.269,899.4761,3710.219,3430.328,20718.403,15867.07,14691.79,2169.197,20971.367
,,,,,,,,4768,7396.973,993.2361,4115.604,3672.964,21132.009,17023.95,15802.34,2280.267,21574.152
,,,,,,,,4769,7760.655,1030.432,4530.302,4632.926,21513.511,19199.59,17587.58,2858.11,21980.939
,,,,,,,,4770,8001.146,1078.271,4855.492,5008.375,21769.008,21164.78,19105.74,3288.864,22574.301
,,,,,,,,4771,7752.324,1055.666,4923.336,5056.688,21579.839,22596.88,19551.96,3586.46,22148.115
,,,,,,,,4772,7408.017,968.1218,4754.823,4775.391,21012.265,22242.45,18773.89,3628.473,21184.149
,,,,,,,,4773,6910.505,904.6066,4523.421,4334.953,20363.042,22257.63,18875.79,3914.302,20015.417
,,,,,,,,4774,6390.668,836.2833,4207.912,3753.328,18898.372,21602.51,19006.72,3918.539,18622.187
,,,,,,,,4775,5994.147,763.8229,4024.018,3290.476,17426.703,21398.1,19220.63,4056.026,17284.87
,,,,,,,,4776,5545.536,693.9935,3767.519,2830.964,16335.877,20609.54,18373.04,4135.537,16535.053
,,,,,,,,4777,5213.861,632.8098,3550.172,2664.169,15603.996,18543.61,16620.04,3670.155,15705.09
,,,,,,,,4778,4949.159,581.9594,3417.582,2464.892,15176.248,16363.62,14802.22,3224.002,15132.094
,,,,,,,,4779,4833.285,549.7162,3354.858,2391.104,15117.125,14832.49,13778.01,2857.478,14686.831
,,,,,,,,4780,4691.898,518.6886,3353.894,2367.991,15444.796,14156.66,13076.52,2698.518,14555.73
,,,,,,,,4781,4666.385,512.2833,3468.557,2484.912,16288.328,14434.98,13254.6,2687.115,14643.082
,,,,,,,,4782,4670.388,517.5466,3668.935,2658.538,17415.474,15491.98,14236.36,2902.971,14887.581
,,,,,,,,4783,4600.36,507.9961,3775.294,2791.32,18401.336,16827.2,14603.79,3369.864,15666.495
,,,,,,,,4784,4630.949,506.3348,3515.771,2673.037,18891.625,17181.42,14446.26,3754.29,16836.884
,,,,,,,,4785,4692.615,536.0745,2945.499,2449.043,19047.693,16446.16,13669.79,3043.46,17170.538
,,,,,,,,4786,4855.771,561.4468,2766.601,2307.294,19095.079,15016.76,12613.46,2268.514,17079.165
,,,,,,,,4787,5200.642,605.5484,2630.365,2289.804,19102.706,13893.39,11740.26,1960.975,17386.855
,,,,,,,,4788,5436.833,671.9247,2463.638,2328.853,19316.802,12940.32,10998.83,1660.687,18687.868
,,,,,,,,4789,5809.029,758.0334,2552.608,2474.758,19480.036,12915.74,11280.32,1618.22,18625.542
,,,,,,,,4790,6250.946,813.2053,2831.805,2746.32,19768.212,13640.29,12537.04,1894.675,19161.169
,,,,,,,,4791,6700.927,890.3381,3325.918,3069.985,20151.561,15418.58,14245.46,2137.303,19386.755
,,,,,,,,4792,7111.949,957.3383,3791.8,3336.149,20572.775,16536.53,15197.11,2217.702,20608.832
,,,,,,,,4793,7562.927,1028.605,4282.346,4438.488,21263.092,18625.59,16783.54,2670.651,21317.769
,,,,,,,,4794,7860.823,1072.187,4690.508,4754.304,21621.548,20937.11,18521.38,3234.118,21972.645
,,,,,,,,4795,7686.415,1049.823,4756.629,4804.08,21561.843,22437.18,18811.1,3535.556,21551.999
,,,,,,,,4796,7376.125,988.7976,4619.35,4536.276,21053.464,22092.18,18207.77,3575.113,20861.64
,,,,,,,,4797,6889.244,907.5188,4397.034,4160.56,20316.049,21947.44,18584.25,3890.958,19856.754
,,,,,,,,4798,6408.741,832.9901,4163.942,3642.193,18941.414,21688.71,18799.68,3922.921,18438.208
,,,,,,,,4799,6016.471,752.4462,3923.277,3145.663,17490.609,21238.73,18848.77,4039.884,17115.383
,,,,,,,,4800,5549.788,684.6852,3695.721,2726.072,16412.588,20443.64,18081.63,4139.125,16197.913
,,,,,,,,4801,5237.248,612.1247,3503.863,2552.008,15626.289,18379.07,16331.78,3680.019,15215.678
,,,,,,,,4802,5012.942,570.392,3421.838,2399.18,15211.288,16292.94,14777.94,3232.963,14636.35
,,,,,,,,4803,4861.988,537.3052,3335.563,2318.202,15085.94,14762.23,13613.61,2896.061,14026.531
,,,,,,,,4804,4755.682,517.4638,3363.945,2291.136,15346.718,14112.78,13053.12,2702.076,13837.799
,,,,,,,,4805,4709.97,501.7595,3480.538,2412.424,16158.336,14356.91,13232.94,2688.011,13819.071
,,,,,,,,4806,4736.173,501.8423,3641.665,2582.484,17240.788,15352.4,14190.86,2884.054,14149.125
,,,,,,,,4807,4584.414,486.4673,3676.814,2684.964,18164.936,16828.71,14725.31,3077.883,14332.642
,,,,,,,,4808,4632.012,489.8989,3492.455,2546.308,18516.397,17924.68,14041.7,2931.571,14434.256
,,,,,,,,4809,4652.219,514.286,3041.99,2344.376,18656.674,17509.33,13330.35,2577.629,14874.941
,,,,,,,,4810,4799.553,522.9291,2592.082,2133.771,18849.389,14516.82,12423.52,2288.966,15470.215
,,,,,,,,4811,5079.204,585.6472,2447.539,2095.523,19039.787,13272.42,11319.34,1990.875,16209.65
,,,,,,,,4812,5316.832,671.8049,2482.753,2162.039,19331.45,12482.15,10737.68,1722.9,16927.001
,,,,,,,,4813,5729.548,752.3799,2663.186,2284.515,19661.044,12265.04,11102.72,1724.84,17691.98
,,,,,,,,4814,6176.656,828.2966,2902.82,2604.506,20070.812,12845.87,12202.12,1863.91,18684.823
,,,,,,,,4815,6704.117,881.4606,3414.862,2804.11,20491.927,14272.38,13755.59,2206.289,19326.119
,,,,,,,,4816,7202.434,971.2141,3787.52,3022.832,21105.431,15443.21,14669.58,2294.335,20368.856
,,,,,,,,4817,7653.286,1017.718,4288.013,4085.997,21632.375,17608.2,16405.68,2753.173,21438.218
,,,,,,,,4818,8055.363,1054.432,4651.992,4465.176,21848.332,19944.73,18221.02,3300.403,22073.228
,,,,,,,,4819,7796.973,1027.741,4685.671,4567.399,21588.722,21431.18,18577.21,3570.296,21447.549
,,,,,,,,4820,7362.306,958.2512,4559.686,4358.78,21106.725,20961.07,18091.92,3627.423,20476.161
,,,,,,,,4821,6923.262,871.1387,4378.294,4035.817,20284.527,21083.58,18650.36,3942.444,19637.183
,,,,,,,,4822,6500.164,823.6818,4190.546,3615.789,18984.064,20903.86,18948.46,3984.847,18528.276
,,,,,,,,4823,6113.21,739.1914,3948.923,3162.332,17577.819,20654.14,18807.22,4032.928,17354.738
,,,,,,,,4824,5675.229,689.0128,3740.095,2653.444,16492.913,19679.93,17670.82,4048.729,16366.646
,,,,,,,,4825,5408.401,625.57,3561.188,2485.574,15613.194,18008.62,16288.01,3699.317,15615.336
,,,,,,,,4826,4985.303,586.0964,3443.069,2324.754,15098.448,16159.48,15004.12,3311.217,14973.123
,,,,,,,,4827,4829.033,551.5942,3355.268,2247.566,14859.745,14710.87,13800.14,2984.058,14365.231
,,,,,,,,4828,4703.592,520.5759,3302.76,2205.543,14923.315,13812.06,12957.16,2761.65,14031.005
,,,,,,,,4829,4589.844,506.94,3312.817,2254.507,15110.355,13389,12650.72,2674.209,13852.114
,,,,,,,,4830,4464.155,491.5367,3321.655,2308.53,15626.052,13255.66,12443.45,2613.877,13857.657
,,,,,,,,4831,4300.577,465.3969,3147.982,2306.973,16089.885,12811.83,11285.41,2393.881,14082.617
,,,,,,,,4832,4431.093,467.0599,2842.571,2204.515,16560.254,12031.76,9803.492,1994.623,14486.563
,,,,,,,,4833,4454.614,504.7329,2668.702,2106.65,17209.773,11188.92,9067.184,1684.952,15067.254
,,,,,,,,4834,4688.994,552.8899,2502.526,2061.934,17790.65,11049.86,8927.766,1597.539,15745.236
,,,,,,,,4835,5014.482,601.9016,2515.693,2140.841,18362.323,10601.77,9078.829,1529.941,16496.909
,,,,,,,,4836,5415.821,668.4177,2511.623,2251.645,18757.578,11391.24,8948.851,1457.937,17260.828
,,,,,,,,4837,5855.114,745.4178,2634.927,2443.811,19275.698,10461.38,9303.389,1331.551,18127.105
,,,,,,,,4838,6266.203,805.7812,2944.785,2793.793,19812.888,12378.52,10373.2,1379.741,19147.569
,,,,,,,,4839,6883.084,864.8581,3386.922,2929.842,20299.792,13132.21,12330.04,1741.222,19874.442
,,,,,,,,4840,7347.134,945.1254,3775.633,3466.41,21144.415,14635.99,13954.1,1997.327,20911.028
,,,,,,,,4841,7775.662,936.502,4239.188,4367.053,21832.946,16397.92,15810.72,2484.039,21689.991
,,,,,,,,4842,8084.065,954.5193,4733.632,4805.686,21938.846,18939.9,17476.76,3060.146,22257.553
,,,,,,,,4843,7845.874,965.2424,4903.749,4853.356,21677.329,20266.6,18178.49,3311.735,21530.83
,,,,,,,,4844,7500.503,909.7508,4631.716,4716.815,21239.548,20400.65,17839.01,3426.773,20562.943
,,,,,,,,4845,7148.63,851.1254,4319.436,4333.545,19867.873,20062.58,17504.3,3652.066,19272.553
,,,,,,,,4846,6661.749,784.2081,4123.005,3880.586,18720.964,19486.82,17529.66,3612.975,18494.823
,,,,,,,,4847,6309.876,710.0511,3889.1,3371.698,17310.126,18629.24,16925.87,3565.035,17490.378
,,,,,,,,4848,5870.832,669.1807,3709.222,2813.269,16258.573,18781.63,16849.1,3863.975,16751.525
,,,,,,,,4849,5549.788,620.3987,3533.216,2588.778,15500.732,17811.72,16159.47,3677.795,15875.346
,,,,,,,,4850,5261.699,580.925,3397.731,2423.507,14868.497,15959.81,14900.06,3307.63,15285.25
,,,,,,,,4851,5024.636,546.6135,3302.772,2297.355,14553.359,14485.74,13639.9,2971.424,14742.891
,,,,,,,,4852,4866.24,518.5073,3272.858,2254.034,14475.115,13612.45,12783.14,2747.273,14272.193
,,,,,,,,4853,4715.286,511.0771,3290.627,2281.986,14613.221,13088.13,12419.86,2641.875,13981.131
,,,,,,,,4854,4576.714,492.3897,3280.459,2328.781,14893.714,12901.13,12311.16,2551.865,13904.712
,,,,,,,,4855,4449.529,474.3551,3243.345,2351.25,15355.676,12282.44,11333.71,2422.201,14168.916
,,,,,,,,4856,4450.353,484.7859,3208.453,2282.623,16019.316,11308.05,11259.21,2731.472,14651.046
,,,,,,,,4857,5001.708,496.0473,3371.729,2374.581,16951.754,10821.61,11049.37,2151.08,15315.64
,,,,,,,,4858,5776.362,510.2536,2612.829,2404.639,17977.769,10535.42,10326.77,2239.184,16277.829
,,,,,,,,4859,5724.473,541.9442,2359.78,2691.757,18685.291,10306.33,9784.861,1839.778,19286.095
,,,,,,,,4860,5922.02,650.3981,2323.242,2810.337,19387.288,10140.12,9217.488,1722.419,19662.137
,,,,,,,,4861,6496.006,796.2321,2584.16,2963.231,20097.683,10198.14,10817.23,1585.235,18963.8
,,,,,,,,4862,6824.366,843.0592,3062.825,3218.48,20777.42,11196.26,12516.42,1828.099,20535.793
,,,,,,,,4863,7137.777,886.0836,3577.503,3564.651,21317.313,12810.53,14183.57,2616.816,19985.063
,,,,,,,,4864,7631.842,902.9185,3998.116,3711.798,21603.484,14702.73,15656.8,2869.195,20096.46
,,,,,,,,4865,8088.26,903.2278,4368.688,4830.422,22904.031,16916.27,17651.61,3515.393,21522.655
,,,,,,,,4866,8044.981,925.7414,4877.782,5121.054,22963.435,19362.61,18830.93,3554.667,22099.756
,,,,,,,,4867,7912.846,953.0033,4985.864,5137.695,22666.078,20854.59,19399.07,3522.449,21597.892
,,,,,,,,4868,7658.899,916.972,4927.753,4924.879,22316.298,21239.89,19280.4,3599.183,20859.992
,,,,,,,,4869,7250.684,844.72,4650.603,4581.755,20662.281,20666.12,18822.77,3842.302,19439.097
,,,,,,,,4870,6842.469,773.6658,4397.817,4071.567,19151.59,20486.35,18413.69,3771.27,17562.59
,,,,,,,,4871,6423.624,700.7335,4183.207,3497.933,17540.09,19291.81,17844.46,3664.841,16069.913
,,,,,,,,4872,6036.669,656.7604,3896.8,3051.028,16523.315,19677.69,18028.9,4116.602,15025.82
,,,,,,,,4873,5696.49,600.9292,3672.151,2851.915,15740.322,18204.3,16755.03,3807.386,14335.578
,,,,,,,,4874,5456.239,571.7981,3512.143,2759.546,15204.571,16043.72,15113.53,3389.003,13824.128
,,,,,,,,4875,5311.662,545.7604,3459.067,2635.331,15149.462,14612.42,14033.36,3041.362,13575.739
,,,,,,,,4876,5136.257,521.7914,3496.694,2618.522,15420.637,13940.78,13453.42,2890.422,13642.495
,,,,,,,,4877,5142.636,530.7094,3665.783,2768.399,16204.322,14258,13745.39,2904.149,13957.23
,,,,,,,,4878,5209.36,543.022,3924.16,3036.315,17365.583,15379.46,15017.28,3107.366,14486.167
,,,,,,,,4879,5347.5,542.8412,4120.667,3159.337,18772.688,17071.86,15899.36,3539.456,14518.91
,,,,,,,,4880,5462.443,573.0653,4303.987,3200.91,19255.41,17334.59,16467.3,3484.616,14226.519
,,,,,,,,4881,5773.547,581.084,4232.919,3082.682,19649.812,16896.35,16290.23,3265.95,15380.56
,,,,,,,,4882,5978.784,575.6085,4309.321,3087.179,20159.636,15896.67,15824.06,3113.03,15410.503
,,,,,,,,4883,5609.48,606.1357,4198.206,3153.778,20650.142,15178.11,15401.84,3202.421,16307.794
,,,,,,,,4884,6265.886,665.9543,3929.83,3348.807,21251.734,14461.96,15693.39,2780.443,17306.249
,,,,,,,,4885,6363.189,732.724,3752.975,3383.927,21551.001,14681.32,16358.4,2899.675,18174.589
,,,,,,,,4886,7313.988,829.4473,4262.875,3697.541,21970.748,15200.9,18077.24,2998.553,19008.474
,,,,,,,,4887,7711.314,859.4362,4927.745,3971.136,22599.855,16865.63,20281.87,3680.863,19699.081
,,,,,,,,4888,7373.328,1004.925,5286.929,4147.497,23001.925,18006.11,21762.75,3658.272,20301.744
,,,,,,,,4889,7911.352,1059.57,5532.124,5102.116,23509.984,20104.26,22207.91,3861.291,21209.836
,,,,,,,,4890,7845.251,1035.238,5790.548,5493.233,23319.854,22297.88,22995.01,4167.682,21967.336
,,,,,,,,4891,7749.26,1009.399,5775.113,5473.679,22775.301,23964.52,23318.85,4279.245,21449.572
,,,,,,,,4892,7485.621,960.845,5579.025,5118.459,22125.078,23943.65,22579.13,4361.4,20841.649
,,,,,,,,4893,7112.486,891.324,5166.243,4581.699,20911.131,23774.47,22323.12,4611.199,19710.717
,,,,,,,,4894,6580.957,816.9857,4731.259,4033.443,19268.014,22688.72,21750.23,4493.083,18693.942
,,,,,,,,4895,6169.552,754.0334,4438.496,3450.767,17683.987,22054.59,21297.31,4485.859,17290.008
,,,,,,,,4896,5769.841,699.7178,4134.716,3018.321,16494.029,21065.57,20087.69,4542.661,16381.458
,,,,,,,,4897,5392.455,639.1966,3871.861,2818.546,15667.359,18890.94,17942.56,3984.913,15850.546
,,,,,,,,4898,5185.158,606.9627,3771.108,2686.893,15161.65,16741.09,16242.13,3541.421,15243.116
,,,,,,,,4899,5127.753,576.7881,3666.496,2626.513,15007.804,15171.62,15006.96,3190.193,14766.018
,,,,,,,,4900,5018.258,550.7505,3703.561,2605.502,15241.211,14491.66,14283.3,3046.427,14452.357
,,,,,,,,4901,5035.267,554.6877,3882.456,2734.393,16089.423,14696.53,14328.77,3078.067,14289.023
,,,,,,,,4902,5012.569,562.0195,4010.85,2929.236,17263.715,15679.76,15304.18,3208.625,14755.812
,,,,,,,,4903,5256.45,566.8397,4082.873,3009.168,18172.394,17027.82,15675.93,3422.308,15308.703
,,,,,,,,4904,5528.66,583.3066,3932.896,3102.988,18597.011,17458.42,16087.71,3425.819,14035.165
,,,,,,,,4905,5890.542,581.273,3881.214,3105.721,18853.463,17026.78,16123.85,3292.693,13972.911
,,,,,,,,4906,5764.295,582.667,3834.128,3130.817,19112.245,16001.91,15904.57,3303.483,14223.607
,,,,,,,,4907,6186.828,638.4626,3961.066,3238.454,19407.612,15265.05,16072.21,3076.835,15531.115
,,,,,,,,4908,6000.179,663.0349,4126.134,3417.312,19821.466,14992.96,16192.1,3105.203,15778.619
,,,,,,,,4909,6212.293,697.8011,4401.134,3492.938,20238.301,14889.25,17460.28,3259.185,16527.391
,,,,,,,,4910,6641.578,743.6647,4729.531,3690.589,20688.442,15673.99,20089.98,3764.583,17646.901
,,,,,,,,4911,6886.14,811.3206,5312.127,4083.124,21084.378,16975.62,21141.22,4129.631,18627.214
,,,,,,,,4912,7280.095,855.6176,5597.987,4175.118,21672.28,18444.15,23045.47,4208.086,19541.157
,,,,,,,,4913,7654.847,895.6155,5811.843,5283.238,22313.462,20455.47,23704.62,4439.666,20309.506
,,,,,,,,4914,7955.685,912.7134,6108,5558.471,22522.166,22935.96,24066.53,4458.542,20933.02
,,,,,,,,4915,7770.396,902.5087,5840.294,5668.032,22360.971,24699.11,23373.44,4448.845,20678.803
,,,,,,,,4916,7454.792,877.5517,5574.763,5457.79,21740.328,24716.72,22781.63,4602.923,19952.74
,,,,,,,,4917,7048.703,831.3466,5236.263,5065.205,20830.388,24225.36,22552.36,4789.607,18997.394
,,,,,,,,4918,6541.623,780.7961,4841.239,4308.3,19159.291,23219.42,21919.17,4587.642,17835.398
,,,,,,,,4919,6134.471,717.6533,4534.968,3687.391,17744.776,22454.18,21606.87,4563.664,16496.679
,,,,,,,,4920,5732.634,665.4061,4258.606,3293.816,16500.12,21527.22,20489.07,4635.025,15624.528
,,,,,,,,4921,5355.248,615.4088,3984.753,3060.508,15716.652,19394.37,18448.22,4082.709,14750.497
,,,,,,,,4922,5130.942,584.2091,3911.008,2916.412,15219.322,17171,16728.9,3649.956,14314.813
,,,,,,,,4923,5019.321,555.0687,3801.572,2789.21,15126.696,15613.48,15393.48,3287.071,13975.592
,,,,,,,,4924,4982.114,532.1339,3806.39,2739.421,15370.111,14910.41,14685.56,3114.608,13945.929
,,,,,,,,4925,5057.591,538.1396,3960.604,2848.102,16182.116,14976.55,14786.12,3157.01,14231.801
,,,,,,,,4926,5072.101,543.2216,4136.167,3034.79,17307.723,15900.08,15899.89,3369.28,14529.933
,,,,,,,,4927,5262.704,539.0439,4387.043,3282.454,18268.883,17494.23,17508.38,3773.759,14790.116
,,,,,,,,4928,5360.074,541.3906,4662.577,3357.871,18596.801,18071.61,19461.43,4153.511,14632.096
,,,,,,,,4929,5517.1,565.7085,4775.608,3295.125,18861.003,17782.45,20435.1,4074.459,14830.317
,,,,,,,,4930,5650.615,589.7962,5023.377,3327.569,19228.641,17715.5,19954.28,5043.44,15546.363
,,,,,,,,4931,5628.299,635.3545,5335.374,3342.737,19713.677,17534.74,17209.24,4090.139,16460.426
,,,,,,,,4932,5869.93,691.7693,5217.074,3578.77,20217.903,16662.29,19848.4,3250.493,17497.242
,,,,,,,,4933,6492.127,757.1927,5281.633,3593.543,20918.348,16529.08,18706.16,3162.2,18515.662
,,,,,,,,4934,7960.062,826.8949,5174.968,3963.483,21337.827,17044.67,19106.87,4097.502,19480.895
,,,,,,,,4935,7562.419,885.6017,5162.155,4120.959,22026.13,18046.9,21140.81,3583.735,20070.81
,,,,,,,,4936,6826.857,974.8763,5548.495,4202.731,22647.025,19223.42,21502.96,3727.715,20969.148
,,,,,,,,4937,7206.361,1034.815,5614.456,5283.44,23224.869,21164.69,21903.43,4032.01,21851.524
,,,,,,,,4938,7316.661,1069.207,5952.164,5468.58,23464.769,22836.06,22826.01,4376.396,22332.149
,,,,,,,,4939,7034.758,1023.897,5797.486,5370.745,23056.434,23948.24,22992.05,4434.279,21752.848
,,,,,,,,4940,7068.901,958.9855,5595.2,5032.085,22376.922,23912.3,22236.7,4482.067,21027.729
,,,,,,,,4941,6794.631,899.6165,5274.469,4827.94,21506.716,24045.04,22356.58,4744.843,20110.843
,,,,,,,,4942,6400.236,848.8756,4972.461,4214.689,19559.165,23037.34,22040.45,4541.354,19077.239
,,,,,,,,4943,6028.165,781.5865,4676.242,3670.611,17959.5,22534.21,21692.78,4542.988,17781.271
,,,,,,,,4944,5636.959,716.9283,4304.928,3298.6,16708.696,21581.76,20521.63,4625.212,16887.666
,,,,,,,,4945,5365.878,666.7589,4032.571,3131.059,15882.99,19360.59,18374.24,4025.238,16046.213
,,,,,,,,4946,5144.762,627.2853,3916.375,2931.284,15361.434,17180.67,16594.9,3556.608,15435.9
,,,,,,,,4947,5061.843,596.0764,3862.335,2843.591,15183.673,15615.39,15392.29,3183.836,15052.773
,,,,,,,,4948,5006.564,565.0488,3817.955,2771.102,15385.122,14864.62,14769.51,3011.454,14925.114
,,,,,,,,4949,4995.934,570.0203,3937.442,2901.431,16089.158,15099.56,14811.17,3011.708,15135.462
,,,,,,,,4950,5047.775,577.1616,4049.435,3075.761,17168.616,16059.91,15628.61,3175.417,15428.173
,,,,,,,,4951,5047.094,569.7504,4121.862,3114.795,18162.448,17510.5,16311.6,3450.152,15630.232
,,,,,,,,4952,4994.889,571.072,4015.294,3017.493,18729.744,17815.7,16520.03,3399.392,15634.466
,,,,,,,,4953,4972.698,595.1489,3763.492,2996.506,19164.626,17299.18,16420.11,3296.809,15848.506
,,,,,,,,4954,5004.034,630.6226,3556.92,3111.893,19757.366,16235.3,15980.29,3095.948,16449.111
,,,,,,,,4955,5109.344,682.1452,3573.869,3189.386,20425.586,15571.59,15745.05,3002.358,17259.67
,,,,,,,,4956,5434.267,750.7207,3733.148,3258.413,21312.931,14668.77,15749.77,2836.512,18307.833
,,,,,,,,4957,5920.833,822.5311,4032.667,3487.713,22289.13,14735.86,16769.84,2802.318,19191.418
,,,,,,,,4958,6822.231,899.2916,4468.158,3622.324,22930.167,15119.54,18015.39,2949.641,19995.349
,,,,,,,,4959,6535.205,951.8528,4963.156,3937.065,23436.861,16974.36,19667.32,3216.38,20772.479
,,,,,,,,4960,6416.392,1015.689,5330.979,4029.253,24199.173,18267.13,20590.42,3448.402,21631.689
,,,,,,,,4961,7006.505,1070.155,5626.997,5146.494,24772.17,20204.13,21782.74,3816.293,22424.232
,,,,,,,,4962,7231.616,1103.705,5877.897,5404.226,24611.544,22466.12,22982.52,4309.156,22897.902
,,,,,,,,4963,7184.65,1085.106,5811.232,5379.618,23920.973,23642.65,23184.19,4450.632,22406.879
,,,,,,,,4964,7179.459,1011.651,5551.18,4995.396,22822.96,23257.34,22711.37,4543.207,21722.777
,,,,,,,,4965,6858.415,938.3652,5217.511,4616.444,21841.33,23077.72,22666.7,4779.765,20429.818
,,,,,,,,4966,6395.984,866.9391,4887.939,4042.95,20079.814,22403.51,22390.82,4618.817,19312.336
,,,,,,,,4967,5909.102,800.0219,4537.289,3484.577,18593.037,21827.42,21835.67,4614.728,17965.647
,,,,,,,,4968,5537.031,738.2852,4200.713,3026.669,17228.96,21048.5,20504.15,4641.303,17104.481
,,,,,,,,4969,5286.149,676.9202,3969.292,2819.845,16243.747,18847.62,18434.58,4039.557,16336.974
,,,,,,,,4970,5065.032,636.403,3848.273,2651.01,15668.874,16778.19,16672.93,3542.283,15709.871
,,,,,,,,4971,4951.285,605.1942,3758.139,2529.06,15423.399,15237.31,15362.56,3210.761,15180.404
,,,,,,,,4972,4859.862,571.0638,3741.176,2504.649,15585.981,14556.43,14660.1,3046.449,15013.518
,,,,,,,,4973,4837.538,565.6927,3824.001,2583.112,16602.796,14793.16,14641.73,3048.417,15194.566
,,,,,,,,4974,4820.28,569.9218,3980.668,2763.084,17643.88,15835.01,15539.12,3246.419,15528.964
,,,,,,,,4975,4772.824,577.6036,3997.001,2899.594,18812.18,17193.92,15993.84,3467.459,15896.975
,,,,,,,,4976,4754.513,597.8956,3877.03,2933.229,19468.118,17313.37,16008.21,3335.892,16140.222
,,,,,,,,4977,4819.493,610.231,3591.095,2896.071,20050.981,16818.98,15564.56,3226.988,16543.857
,,,,,,,,4978,5021.167,645.6341,3397.016,3064.169,20414.66,15966.1,15108.26,2952.36,16779.463
,,,,,,,,4979,5313.825,701.3628,3438.689,3074.34,20455.793,15072.72,15212.4,2857.961,17574.559
,,,,,,,,4980,5633.433,793.4158,3611.272,3280.512,20805.694,14406.05,15359.21,2696.751,18510.833
,,,,,,,,4981,5965.107,848.3754,3905.4,3557.403,21617.507,14330.17,15984.82,2644.062,19577.697
,,,,,,,,4982,6629.013,919.9141,4301.607,3850.26,21786.268,14807.56,17169.68,2919.735,20263.865
,,,,,,,,4983,6941.237,979.7244,4857.267,4014.022,22052.566,16059.99,18667.3,3368.251,20721.162
,,,,,,,,4984,7399.033,1049.766,5220.265,4134.989,22356.881,17582.23,19978.64,3343.032,21534.769
,,,,,,,,4985,8031.793,1085.616,5559.345,5187.313,22566.303,19928.21,21656.84,3771.965,22456.79
,,,,,,,,4986,8117.27,1149.099,5847.164,5322.695,22630.344,22834.7,22738.83,4182.459,23037.207
,,,,,,,,4987,7993.639,1109.203,5722.051,5462.388,22113.876,24241.43,22516.54,4234.202,22370.023
,,,,,,,,4988,7702.485,1037.626,5448.094,5344.535,21326.868,23971.02,21610.27,4208.537,21429.011
,,,,,,,,4989,7151.82,966.59,5110.004,4856.549,20486.856,23643.07,21751.14,4522.239,20434.03
,,,,,,,,4990,6736.163,920.3578,4785.263,4279.491,19019.214,23040.66,21464,4369.908,19314.719
,,,,,,,,4991,6204.633,846.3914,4435.174,3611.86,17669.283,22250.06,21058.12,4366.278,18105.756
,,,,,,,,4992,5846.382,782.7673,4164.606,3183.367,16463.703,21040.52,19543.64,4365.194,17165.907
,,,,,,,,4993,5566.797,720.7213,3916.236,3007.398,15510.039,19202.81,17930.28,3919.916,16294.496
,,,,,,,,4994,5280.833,668.8367,3782.679,2850.531,15010.383,17393.98,16425.46,3501.299,15650.333
,,,,,,,,4995,5092.672,634.3345,3711.279,2716.613,14683.503,15805.23,15161.14,3177.669,15187.921
,,,,,,,,4996,4999.123,593.1549,3612.462,2601.853,14673.519,14853.79,14218.47,2963.332,14845.384
,,,,,,,,4997,4875.808,567.9611,3623.478,2609.845,14912.603,14279.13,13782.61,2888.474,14625.652
,,,,,,,,4998,4703.219,555.6605,3628.82,2704.577,15365.756,14018.92,13665.17,2807.488,14444.909
,,,,,,,,4999,4788.33,546.8035,3483.667,2715.076,15960.584,13736.29,12632.84,2867.764,14945.035
,,,,,,,,5000,4899.021,569.7683,3288.596,2832.939,16471.677,12777.08,11400.39,2672.679,15600.099
,,,,,,,,5001,4933.24,562.9031,3120.162,2895.608,17202.264,12665.05,10883.15,2418.186,16116.646
,,,,,,,,5002,5201.763,612.9473,3042.135,2954.444,17772.486,12512.74,11354.38,2097.898,16354.003
,,,,,,,,5003,5544.26,664.0983,3075.377,3094.779,18121.078,12788.32,11783.21,2229.238,17053.227
,,,,,,,,5004,5925.774,726.3468,3246.954,3411.424,18480.196,12651.5,12549.19,2143.294,17793.772
,,,,,,,,5005,6715.37,798.9796,3378.364,3561.191,18802.73,12592.09,12311.61,1895.746,18829.799
,,,,,,,,5006,6996.142,853.5565,3589.72,3740.68,19175.884,13243.3,13257.78,1767.346,19705.152
,,,,,,,,5007,7313.116,929.5447,3982.494,3842.872,19856.435,14919.79,14962.87,2073.069,20428.886
,,,,,,,,5008,7571.373,990.6385,4302.694,3924.785,20520.827,16433.81,16578.4,2443.747,21388.612
,,,,,,,,5009,7987.834,1026.129,4747.154,5007.051,21090.289,18238.34,18211.38,3011.966,22202.302
,,,,,,,,5010,8098.01,1076.088,5251.313,5233.822,21208.49,20490.02,19817.51,3456.719,22732.652
,,,,,,,,5011,8001.08,1057.25,5359.689,5381.201,20965.827,22135.84,20384.36,3553.143,21975.093
,,,,,,,,5012,7775.836,1008.395,5059.677,5151.246,20289.785,22246.5,19451.6,3636.738,20999.25
,,,,,,,,5013,7447.351,938.8557,4826.913,4783.073,19627.392,21887.58,18853.07,3836.893,19924.732
,,,,,,,,5014,7164.576,865.7328,4530.144,4228.927,18410.102,21039.28,18808.47,3763.273,18895.466
,,,,,,,,5015,6587.334,799.8499,4269.225,3603.013,17188.197,19790.26,18167.63,3647.471,17862.912
,,,,,,,,5016,6185.498,733.3044,4010.241,3170.403,16123.973,19708.61,17834.64,3926.604,17092.915
,,,,,,,,5017,5854.886,681.4197,3763.8,2986.94,15280.344,18755.53,16787.34,3698.42,16189.086
,,,,,,,,5018,5579.554,633.672,3629.279,2806.961,14765.577,16652.18,15527.06,3278.934,15509.714
,,,,,,,,5019,5358.437,607.6345,3529.497,2593.613,14481.597,15128.2,14252.91,2974.114,14845.471
,,,,,,,,5020,5120.312,572.2886,3469.674,2487.258,14421.418,14407.44,13376.91,2776.866,14517.831
,,,,,,,,5021,4896.006,552.4473,3460.429,2461.632,14618.59,13707.48,13038.98,2663.397,14198.958
,,,,,,,,5022,4811.775,537.897,3425.251,2510.528,14873.256,13512.54,12735.26,2681.271,14141.835
,,,,,,,,5023,4587.728,503.6136,3187.02,2428.991,15389.733,12892.99,11402.18,2747.996,14290.235
,,,,,,,,5024,4734.19,519.9505,2884.245,2304.229,15990.326,11967.14,11123.43,2740.53,15081.471
,,,,,,,,5025,4955.689,519.0405,2693.568,2300.462,16730.164,11317.54,9653.495,2625.153,15599.539
,,,,,,,,5026,5143.046,567.1376,2551.712,2317.457,17408.921,10883.32,9288.937,1781.666,16629.463
,,,,,,,,5027,5471.598,620.5475,2527.548,2287.152,17871.932,10385.25,10164.92,1388.638,17113.109
,,,,,,,,5028,5855.928,675.0842,2870.155,2339.245,18463.701,9764.412,9070.089,1417.823,17943.117
,,,,,,,,5029,6285.652,738.8802,2608.07,2702.251,18982.841,9825.438,10296.17,1448.44,19570.036
,,,,,,,,5030,7343.447,807.3668,2981.295,3043.799,19554.605,10757.91,11282.07,1496.564,20388.184
,,,,,,,,5031,7294.421,874.4784,3519.101,3262.853,20212.155,12494.07,13431.18,1790.709,21029.665
,,,,,,,,5032,7581.381,948.7089,3962.485,3455.932,20966.596,13917.54,15304.69,2181.263,21757.519
,,,,,,,,5033,7880.905,1012.859,4603.201,4491.715,21632.258,16328.85,17510.48,2779.65,23013.295
,,,,,,,,5034,8074.623,978.3686,5128.626,4749.721,21811.341,18726.15,19265.25,3359.738,23360.232
,,,,,,,,5035,7986.197,942.6009,5225.426,4770.717,21537.889,20513.51,19995.98,3599.11,22547.579
,,,,,,,,5036,7657.836,894.2184,4954.768,4473.138,21034.613,20561,19437.76,3631.094,21172.675
,,,,,,,,5037,7145.441,841.6173,4728.75,4077.486,20159.185,20212.92,18973.72,3808.226,19995.816
,,,,,,,,5038,6631.983,797.4536,4428.69,3626.13,18575.754,19600.14,18520.79,3688.406,18804.958
,,,,,,,,5039,6084.507,741.0694,4145.581,3142.844,17054.567,18491.28,17857.18,3601.291,17451.35
,,,,,,,,5040,5661.409,680.5482,3891.976,2686.484,15905.338,18916.9,17817.27,4031.41,16532.209
,,,,,,,,5041,5429.662,626.7855,3644.172,2524.14,15113.66,17593.27,16406.11,3727.576,15659.541
,,,,,,,,5042,5223.428,594.5516,3494.776,2371.889,14668.851,15484.46,14837.2,3236.556,15291.555
,,,,,,,,5043,4942.78,563.3428,3442.666,2284.444,14562.063,14120.64,13778.01,2933.753,14975.787
,,,,,,,,5044,4954.474,545.5792,3446.525,2265.534,14870.345,13698.59,13135.11,2793.573,14542.787
,,,,,,,,5045,4848.168,544.1547,3590.53,2390.198,15683.342,14002.86,13449.81,2804.611,14871.725
,,,,,,,,5046,4788.263,563.6471,3791.98,2562.815,16759.272,15156.14,14571.28,3083.429,15253.028
,,,,,,,,5047,4842.986,560.4236,3779.211,2704.42,17961.311,16739.8,15040.18,3460.891,15680.763
,,,,,,,,5048,5099.567,556.9963,3501.186,2557.729,18691.246,16816.71,14826.62,3857.242,15522.744
,,,,,,,,5049,5137.597,577.2465,3241.066,2393.41,19289.37,15770.98,14289.11,3987.002,15375.691
,,,,,,,,5050,5270.987,613.0213,3005.747,2282.94,19842.064,14495.96,13699.69,4205.563,16062.568
,,,,,,,,5051,5689.21,660.2762,2962.883,2300.797,20195.37,13251.76,13254.9,3281.615,16790.238
,,,,,,,,5052,6168.899,721.9238,2985.725,2327.737,20327.654,12449.25,12720.12,2661.678,17312.174
,,,,,,,,5053,6344.246,854.8421,3227.558,2463.077,20432.368,12184.74,13542.95,2657.456,18457.346
,,,,,,,,5054,6735.136,929.6664,3475.693,2749.083,20906.631,12871.61,14862.21,2815.662,18953.415
,,,,,,,,5055,7240.272,972.6215,3943.676,3137.472,21430.669,14156.82,16799.87,2924.741,19863.339
,,,,,,,,5056,7732.21,975.9061,4342.781,3342.356,22053.871,15778.13,17916.09,2860.851,20201.411
,,,,,,,,5057,8109.588,977.9835,4839.114,4470.146,22810.016,18293.44,20652.26,3508.983,22421.798
,,,,,,,,5058,8390.601,999.8934,5296.217,4761.771,23000.037,20752.38,21500.52,4032.113,20739.032
,,,,,,,,5059,8058.61,962.858,5289.156,4863.304,22720.84,22316.05,21175.12,3992.686,20082.861
,,,,,,,,5060,7672.719,911.2009,5055.147,4648.859,21942.801,21910.9,20489.46,3958.076,19183.24
,,,,,,,,5061,7259.189,862.3649,4849.794,4184.587,21127.615,21596.6,20768.84,4148.216,18454.926
,,,,,,,,5062,6726.596,809.7459,4526.725,3705.668,19372.035,21181.86,20265.26,4077.576,16838.73
,,,,,,,,5063,6298.182,758.1705,4234.926,3154.509,17832.813,20801.69,20069.54,4134.968,15819.272
,,,,,,,,5064,5838.94,699.7178,3946.583,2684.243,16516.415,20038.57,18915.01,4260.186,14903.427
,,,,,,,,5065,5518.959,645.4021,3739.686,2546.451,15665.5,18005.37,16958.78,3737.411,14169.654
,,,,,,,,5066,5354.185,603.8599,3602.271,2415.848,15157.964,15969.22,15272.34,3229.354,13689.958
,,,,,,,,5067,5110.744,573.6853,3500.553,2319.75,15040.83,14430.25,14047.66,2896.958,13419.989
,,,,,,,,5068,5014.005,554.8875,3519.287,2310.295,15299.302,13896.35,13361.6,2726.288,13463.205
,,,,,,,,5069,4982.114,549.5164,3614.246,2405.567,15909.696,14099.37,13443.8,2713.091,13753.444
,,,,,,,,5070,5032.892,557.8226,3785.385,2603.563,16984.493,15187.44,14545.21,3002.648,14145.258
,,,,,,,,5071,5017.578,562.5231,3776.439,2722.852,17976.998,16683.95,14756.48,3460.995,14168.448
,,,,,,,,5072,5075.366,525.9273,3490.448,2624.711,18511.249,16943.27,15498.36,3847.329,14307.851
,,,,,,,,5073,5316.996,516.1749,3347.43,2489.851,18739.297,16088.63,15348.02,3664.622,14461.202
,,,,,,,,5074,5643.92,528.9457,2894.214,2286.519,19138.062,14754.91,13099.46,2500.679,15302.379
,,,,,,,,5075,5594.339,570.1856,2843.268,2320.463,19553.993,13515.23,12806.1,2108.881,14733.499
,,,,,,,,5076,5706.966,630.5376,2864.944,2483.563,20129.724,12769.4,12488.65,1928.051,16488.937
,,,,,,,,5077,6056.147,663.0556,3112.569,2663.194,20750.605,12646.95,13392.34,1981.636,18570.933
,,,,,,,,5078,6347.8,742.0154,3414.921,2997.69,21335.846,13458.87,14602.13,2156.604,15945.782
,,,,,,,,5079,7450.424,820.373,3955.356,3392.327,21788.003,14986.64,16268.18,2352.5,16502.353
,,,,,,,,5080,7855.192,867.7729,4425.855,3657.33,22465.454,16416.33,17783.53,2610.854,18740.825
,,,,,,,,5081,7793.535,927.4814,4903.193,4731.238,22968.996,18680.99,19611.6,3171.339,18729.16
,,,,,,,,5082,7420.841,974.9484,5207.748,5119.035,23266.926,21162.4,21157.31,3700.542,18992.613
,,,,,,,,5083,7336.667,967.7266,5181.106,5134.348,23411.501,22828.49,21306.76,3952.42,18864.947
,,,,,,,,5084,7092.288,941.6754,4979.49,4854.769,22662.308,22428.3,20590.62,3968.611,18604.532
,,,,,,,,5085,6794.631,861.3399,4726.857,4438.021,21648.804,22063,20310.74,4164.574,17761.94
,,,,,,,,5086,6315.191,806.6525,4441.818,3867.065,19946.857,21523.74,19960.3,4115.056,16693.365
,,,,,,,,5087,5900.598,742.4755,4154.843,3308.139,17987.866,21132.25,19816.77,4168.613,15632.73
,,,,,,,,5088,5461.554,676.783,3923.826,2833.671,16737.223,20437.51,18793.44,4280.699,14852.854
,,,,,,,,5089,5143.699,654.8916,3661.563,2691.677,15747.354,18054.08,16991.8,3889.858,14313.542
,,,,,,,,5090,4969.357,615.418,3481.288,2564.639,15268.474,16027.6,15222.99,3383.426,13857.63
,,,,,,,,5091,4765.25,581.1064,3428.212,2464.338,15146.049,14689.66,14053.62,3071.138,13675.345
,,,,,,,,5092,4697.213,562.3085,3452.729,2451.07,15524.369,14004.16,13513.41,2909.436,13680.231
,,,,,,,,5093,4690.835,554.6785,3591.5,2567.991,16197.484,14246.77,13647.05,2897.661,14035.477
,,,,,,,,5094,4686.085,569.051,3781.337,2735.335,17155.401,15580.51,14577.61,3092.174,14361.174
,,,,,,,,5095,4647.521,558.6761,3744.6,2783.002,18140.903,16902.68,14925.19,3531.19,14501.272
,,,,,,,,5096,4644.919,549.9963,3361.977,2620.946,18552.453,16938.6,14331.13,4044.541,14375.421
,,,,,,,,5097,4749.37,564.0939,3047.511,2443.695,18956.128,16226.73,13616.39,3639.397,14615.997
,,,,,,,,5098,4903.717,616.1807,2862.14,2357.762,19102.928,15330.57,13162.21,2997.603,15071.555
,,,,,,,,5099,5225.145,663.8195,2840.54,2409.367,19513.983,14366.24,13050.38,2549.173,15645.807
,,,,,,,,5100,5529.248,747.0428,2965.879,2665.227,20196.122,13481.02,12832.86,2482.041,16680.422
,,,,,,,,5101,5880.556,799.5878,3220.782,2829.961,20887.981,13633.59,13552.68,2453.334,17792.097
,,,,,,,,5102,6794.765,865.546,3506.937,3093.482,21772.232,14365.71,15045.06,2717.799,18717.814
,,,,,,,,5103,7476.979,937.5597,4054.095,3353.176,22484.506,15351.84,17040.46,2965.391,19127.775
,,,,,,,,5104,7669.439,1010.695,4547.269,3511.457,23048.48,16766.98,17899.09,3254.598,20043.527
,,,,,,,,5105,7684.57,1078.81,4954.47,4493.753,23766.439,18696.6,19740.3,3641.837,20969.145
,,,,,,,,5106,7870.584,1076.659,5310.664,4733.271,24180.188,20694.66,21094.88,3923.914,21302.844
,,,,,,,,5107,7779.84,1066.183,5350.926,4696.755,23899.803,22153.96,21751.61,4067.282,21071.447
,,,,,,,,5108,7494.125,980.3956,5171.935,4454.614,23234.851,22131.78,21006.03,4171.669,20332.501
,,,,,,,,5109,7032.757,941.34,4853.689,4103.45,21500.917,21790.1,21002.97,4261.534,19457.282
,,,,,,,,5110,6603.281,881.4813,4487.199,3545.29,19451.813,21124.71,20538.38,4161.571,18138.104
,,,,,,,,5111,6087.696,812.3235,4173.766,3095.124,17591.066,20876.3,19968.04,4187.728,17051.802
,,,,,,,,5112,5659.283,751.8022,3915.729,2727.176,16397.101,20095.63,18946.42,4294.311,16239.882
,,,,,,,,5113,5256.383,702.4766,3697.803,2587.836,15690.536,17939.46,17119.48,3965.185,15477.534
,,,,,,,,5114,5026.762,659.7097,3531.438,2462.486,15264.239,15922.22,15299.07,3439.024,15016.755
,,,,,,,,5115,4806.708,620.2267,3475.878,2413.25,15191.906,14632.85,14113.29,3143.774,14672.793
,,,,,,,,5116,4706.781,598.1356,3476.837,2417.039,15515.963,13994.49,13447.51,2959.705,14598.442
,,,,,,,,5117,4654.691,584.4905,3625.665,2517.564,16278.587,14270.38,13587.8,2948.775,14875.707
,,,,,,,,5118,4585.094,595.5698,3804.889,2716.401,17476.544,15602.2,14541.65,3118.231,15365.339
,,,,,,,,5119,4534.836,584.3419,3789.377,2772.885,18396.928,16976.81,14864.47,3362.875,15553.476
,,,,,,,,5120,4590.952,584.5112,3458.214,2602.123,19087.123,16771.31,14190.3,3176.908,15782.141
,,,,,,,,5121,4741.114,595.0844,3089.769,2299.319,19693.744,15934.38,13485.43,3143.838,15967.407
,,,,,,,,5122,4965.374,639.9407,2879.691,2191.483,19887.704,14701.84,12726.27,2676.425,16587.929
,,,,,,,,5123,5444.633,694.4012,2882.199,2309.165,20223.272,13658.69,12718.36,2490.412,17335.102
,,,,,,,,5124,6292.503,773.3527,3135.689,2517.497,20702.75,13052.19,12835.12,2320.176,18255.484
,,,,,,,,5125,6677.896,848.4605,3450.984,2738.308,21273.956,13132.66,13607.79,2280.062,19157.919
,,,,,,,,5126,6883.632,932.6081,3773.385,2982.035,21791.877,13745.85,15018.23,2541.056,20160.225
,,,,,,,,5127,7683.28,997.6188,4455.868,3295.281,22012.071,15013.74,17463.5,3040.111,20476.46
,,,,,,,,5128,7819.035,1062.67,4858.653,3586.261,22551.055,16269.27,19008.04,3495.571,21543.58
,,,,,,,,5129,8258.057,1114.112,5309.973,4741.215,22950.02,18558.3,20603.37,3689.8,22155.471
,,,,,,,,5130,8423.624,1141.236,5553.851,5088.027,23058.324,20836.4,21952.66,4118.76,22593.783
,,,,,,,,5131,8383.906,1123.757,5448.075,5126.352,22797.535,22499.76,21642.64,4209.867,21979.376
,,,,,,,,5132,7821.548,1056.114,5208.473,4927.634,22218.692,22213.39,20668.38,4133.346,21454.926
,,,,,,,,5133,7291.081,1000.12,4869.406,4381.479,21060.413,21618.43,20731.29,4266.956,20252.526
,,,,,,,,5134,6785.064,931.7972,4540.793,3797.729,19166.544,21174.75,20428.27,4188.48,18855.569
,,,,,,,,5135,6231.209,853.3218,4277.377,3271.783,17562.651,20885.61,20002.91,4269.361,17589.532
,,,,,,,,5136,5809.174,786.4138,3986.14,2955.7,16467.875,20257.46,19113.65,4331.077,16730.225
,,,,,,,,5137,5337.176,733.3137,3763.396,2751.972,15697.847,18064.25,17297.87,3953.527,16014.753
,,,,,,,,5138,5117.122,677.292,3586.425,2612.552,15287.138,15969.3,15341.05,3383.426,15456.219
,,,,,,,,5139,4867.303,639.6963,3541.471,2504.897,14914.479,14694.78,14141.07,3133.91,15149.342
,,,,,,,,5140,4732.294,611.5809,3528.929,2484.937,15184.833,14105.42,13548.08,2960.551,15088.818
,,,,,,,,5141,4665.322,598.9701,3641.663,2570.092,15902.625,14262.48,13607.7,2919.183,15278.591
,,,,,,,,5142,4672.266,604.2249,3777.068,2729.032,17034.846,15533.79,14439.71,3121.92,15725.451
,,,,,,,,5143,4734.624,607.1193,3752.282,2827.377,17927.966,16860.55,15029.67,3520.4,16499.494
,,,,,,,,5144,4860.584,588.8706,3489.351,2740.773,18408.311,16800.49,14643.04,3607.809,17416.528
,,,,,,,,5145,4999.868,615.7602,3185.32,2631.772,18792.074,16182.93,13913.67,3126.08,16815.534
,,,,,,,,5146,5377.706,664.6279,3076.265,2600.852,19060.578,15138.51,13495.78,2742.635,16898.222
,,,,,,,,5147,5763.732,715.2768,3058.738,2707.391,19455.162,14260.35,13171.9,2432.312,17459.526
,,,,,,,,5148,6343.033,794.6093,3342.117,2905.943,19912.933,13815.75,13120.03,2425.235,18374.963
,,,,,,,,5149,6691.784,861.9152,3566.11,3133.607,20490.736,13810.29,13756.09,3053.845,19414.538
,,,,,,,,5150,7116.94,959.2618,4109.301,3628.728,20975.284,14535.24,15411.07,2929.583,20197.616
,,,,,,,,5151,7581.18,1008.387,4577.128,3848.333,21471.663,16492.59,18025.47,2746.017,21082.812
,,,,,,,,5152,7971.618,1088.595,4933.281,4070.056,22087.791,17836.46,18586.7,3039.876,21792.734
,,,,,,,,5153,8303.271,1116.597,5510.468,5170.076,22540.015,19584.32,20378.48,4071.329,22384.181
,,,,,,,,5154,8546.938,1144.013,5598.575,5305.251,22484.367,21357,21582.43,4125.822,22483.994
,,,,,,,,5155,8491.026,1131.66,5478.514,5258.667,22153.294,22852.45,21188.75,4098.249,22036.869
,,,,,,,,5156,7944.863,1063.173,5272.686,4867.885,21574.805,22407.46,20478.74,4037.795,21392.41
,,,,,,,,5157,7331.477,993.9241,4910.476,4422.335,20584.919,22001.49,20350.43,4163.122,19923.789
,,,,,,,,5158,6862.667,930.9534,4595.37,3850.778,18942.444,21728.53,20405.94,4094.401,18080.086
,,,,,,,,5159,6428.938,867.9919,4304.537,3398.76,17519.978,21381.46,20123.6,4167.803,16490.76
,,,,,,,,5160,5960.129,800.0497,4051.329,2947.156,16430.585,20172.33,18884.78,4129.596,16037.743
,,,,,,,,5161,5569.986,741.5784,3817.84,2773.372,15674.756,18308.58,17462.27,3838.604,15649.488
,,,,,,,,5162,5257.446,689.5032,3641.833,2585.79,15128.391,16568.73,15806.33,3396.671,15071.988
,,,,,,,,5163,4926.834,650.0295,3540.519,2499.147,14849.612,15188.47,14512.99,3142.731,14616.974
,,,,,,,,5164,4765.25,613.6401,3486.485,2464.23,14839.874,14272.51,13643.27,2917.735,14336.182
,,,,,,,,5165,4617.484,592.7739,3529.338,2477.474,15073.772,13864.07,13170.16,2736.77,14279.291
,,,,,,,,5166,4490.482,589.773,3532.311,2551.174,15516.755,13655.18,12987.1,2701.982,14243.3
,,,,,,,,5167,4466.981,552.1452,3342.392,2471.642,15963.497,13406.58,12110.71,2583.417,14331.803
,,,,,,,,5168,4548.859,545.634,3105.461,2409.73,16606.788,12433.7,10469.57,2281.554,14409.996
,,,,,,,,5169,4693.774,590.5339,2885.921,2354.709,17392.161,11754.19,10051.93,2085.141,15153.433
,,,,,,,,5170,5347.307,648.3196,2788.4,2390.002,18133.082,11299.03,10078.58,2242.475,16061.1
,,,,,,,,5171,5632.411,699.0242,2787.898,2407.268,18757.358,11139.08,10322.27,1681.798,16997.31
,,,,,,,,5172,5905.504,773.7922,2981.56,2642.254,19368.173,10889.44,10832.61,1778.904,17718.667
,,,,,,,,5173,6302.84,828.0338,3217.805,2934.137,19797.911,11189.64,11289.14,1858.081,18571.863
,,,,,,,,5174,7236.93,904.9507,3631.287,3289.421,20379.007,12024.47,13266.84,1936.77,19304.286
,,,,,,,,5175,7740.935,958.9101,4080.682,3504.603,21177.259,13423.99,15868.62,2320.917,20192.021
,,,,,,,,5176,8118.366,1022.074,4609.684,3750.906,21581.949,15276.35,18610.95,2544.844,21136.967
,,,,,,,,5177,8218.973,1085.19,5217.677,4870.442,22277.857,17404.75,18749.71,3078.687,21804.455
,,,,,,,,5178,8297.12,1121.66,5384.028,5129.644,22389.267,19121,20117.22,3579.204,22143.678
,,,,,,,,5179,8151.911,1105.522,5320.932,5097.301,22023.997,20733.13,20297.32,3763.451,21659.646
,,,,,,,,5180,7616.377,1040.592,5175.166,4752.416,21515.201,20620.3,19481,3743.593,20611.851
,,,,,,,,5181,7376.125,967.696,4750.158,4189.64,19996.213,20023.24,18715.42,3775.875,19612.309
,,,,,,,,5182,6620.29,892.5048,4371.541,3636.38,18437.697,19401.34,18436.9,3688.499,18590.487
,,,,,,,,5183,6277.984,832.8273,4165.046,3213.365,17108.423,18468.18,17846.3,3579.776,17385.947
,,,,,,,,5184,5831.499,776.2526,3909.916,2761.595,16064.667,18494.13,17562.12,3802.26,16758.311
,,,,,,,,5185,5398.833,715.7846,3692.851,2620.13,15371.657,17520.07,16700.36,3817.979,16062.991
,,,,,,,,5186,5093.735,663.7187,3512.57,2460.525,14817.54,15847.7,15145.86,3382.271,15462.638
,,,,,,,,5187,4802.457,627.1573,3414.15,2316.101,14587.533,14495.23,13945.77,3098.819,14980.312
,,,,,,,,5188,4696.15,586.4589,3397.736,2283.285,14449.459,13638.86,13043.17,2858.499,14608.305
,,,,,,,,5189,4535.628,562.2993,3404.484,2283.285,14570.707,13229.08,12596.29,2726.935,14383.415
,,,,,,,,5190,4357.6,550.7875,3391.049,2303.05,14833.076,13017,12324.28,2672.543,14281.728
,,,,,,,,5191,4204.225,527.5053,3151.146,2229.518,15305.584,12750.27,11149.29,2577.425,14690.146
,,,,,,,,5192,4250.524,492.2431,2858.869,2126.367,16003.198,11831.46,9612.218,2151.332,15139.971
,,,,,,,,5193,4505.929,542.1938,2715.216,1931.527,17116.393,11180.25,9042.605,1788.075,15597.078
,,,,,,,,5194,4836.495,613.4619,2628.388,1985.437,18248.007,10856.61,8940.171,1654.013,16753.588
,,,,,,,,5195,5251.224,669.6354,2614.513,2126.799,18941.018,10806.43,9328.153,1690.013,17529.069
,,,,,,,,5196,5770.314,737.045,2754.738,2397.446,19731.32,11398.06,9715.271,1684.851,18279.574
,,,,,,,,5197,6277.642,800.1043,3065.296,2709.928,20538.022,11449.73,10803.84,1632.95,19165.416
,,,,,,,,5198,6778.773,908.3383,3400.928,3144.162,21310.119,12766.26,12154.15,1831.47,20032.366
,,,,,,,,5199,7336.179,954.2369,3820.127,3307.383,22129.23,13702.76,14112.74,2054.856,20756.053
,,,,,,,,5200,7791.463,1054.245,4195.574,3597.126,23006.863,16244.68,16432.31,2490.171,22029.655
,,,,,,,,5201,8264.934,1098.66,4654.957,4758.985,23664.546,18240.93,18304.85,3011.46,23003.197
,,,,,,,,5202,8401.549,1104.445,5174.241,5013.605,23620.278,19628.24,19988.96,3570.973,21984.422
,,,,,,,,5203,8242.271,1100.467,5219.557,5069.769,22982.154,20384.38,20239.37,3756.088,21379.956
,,,,,,,,5204,7887.458,1037.424,5095.009,4749.933,21759.43,20297.78,19563.62,3781.09,20683.851
,,,,,,,,5205,7380.377,948.633,4735.998,4345.379,20785.972,19824.8,19190.06,3822.579,19604.886
,,,,,,,,5206,6663.875,865.6396,4396.37,3805.611,18845.568,19549.15,18731.96,3797.131,18207.956
,,,,,,,,5207,6308.813,818.2012,4102.635,3302.365,17327.953,18417.01,18158.56,3665.937,16863.489
,,,,,,,,5208,5742.202,752.3275,3824.899,2914.455,16282.217,18875.49,17932.97,3985.856,16058.585
,,,,,,,,5209,5407.338,699.899,3647.482,2730.439,15558.489,17457.85,16675.21,3850.423,15651.059
,,,,,,,,5210,5190.474,662.4939,3486.509,2600.25,15089.749,15561.28,14937,3401.383,15215.112
,,,,,,,,5211,4935.339,627.1573,3418.962,2530.664,14882.605,14318.62,13853.89,3098.011,14800.634
,,,,,,,,5212,4731.231,604.0319,3452.723,2524.361,15306.793,13781.02,13235.65,2954.324,14817.646
,,,,,,,,5213,4686.583,595.5581,3596.324,2619.22,16184.076,14005.57,13413.01,2916.463,15248.328
,,,,,,,,5214,4704.157,616.025,3821.864,2844.432,17283.577,15360.22,14527.8,3103.832,15915.048
,,,,,,,,5215,4843.305,611.0171,3799.942,2976.046,18311.801,16983.2,15225.8,3264.457,16713.883
,,,,,,,,5216,5358.708,661.2902,3515.866,2879.26,19176.975,17721.23,16053.21,3322.775,17190.281
,,,,,,,,5217,5613.548,770.1183,3271.751,2736.496,19653.125,17056.64,15709.36,3510.239,18202.052
,,,,,,,,5218,5638.088,825.6798,3135.085,2539.911,19988.043,15894.53,15520.1,2992.577,18363.384
,,,,,,,,5219,6218.021,866.0881,3229.627,2813.49,20244.651,15098.56,15381.35,2679.552,20461.753
,,,,,,,,5220,6909.44,890.3544,3513.587,3044.136,21336.187,14215.6,15389.04,2450.204,21184.26
,,,,,,,,5221,7085.229,966.3524,3886.208,3453.771,22171.781,14377.85,15777.4,2900.327,21740.53
,,,,,,,,5222,7618.003,1026.281,4428.019,3797.065,23002.594,15533.82,17388.3,3096.729,21467.434
,,,,,,,,5223,8241.749,991.4838,4664.568,4033.772,23794.42,17060.23,18612.34,3331.971,19742.916
,,,,,,,,5224,8347.423,1074.794,5058.967,4322.093,24676.922,18844.61,19946.1,3877.072,19585.623
,,,,,,,,5225,8532.305,1100.672,5336.964,5362.533,25194.466,20831.47,21082.02,3849.481,20643.764
,,,,,,,,5226,8312.682,1104.072,5600.206,5567.738,25180.712,22705.69,22437.25,4014.821,20973.106
,,,,,,,,5227,8000.142,1093.471,5485.416,5531.158,24092.78,23467.41,22444.16,4069.184,20973.541
,,,,,,,,5228,7723.746,1042.095,5226.757,5194.817,23190.519,23061.35,21237.21,4086.724,20399.727
,,,,,,,,5229,7365.495,973.8083,4851.187,4702.653,21791.187,22569.15,21361.7,4227.406,19357.181
,,,,,,,,5230,6721.28,896.0048,4476.416,4076.905,19957.594,22266.01,20672.15,4189.794,18123.75
,,,,,,,,5231,6333.263,822.3383,4181.723,3515.628,18320.335,21584.46,20535.2,4151.064,16828.214
,,,,,,,,5232,5869.769,761.4545,3887.586,3075.44,17116.007,20719.67,19151.54,4222.673,16048.978
,,,,,,,,5233,5472.185,697.8398,3652.861,2862.42,16352.596,18344.78,17114.2,3850.315,15513.495
,,,,,,,,5234,5196.852,664.3904,3504.424,2687.057,15766.187,16315.95,15406.07,3368.991,15034.795
,,,,,,,,5235,5011.879,625.9418,3426.265,2578.601,15655.606,14948.49,14248.07,3096.189,14727.278
,,,,,,,,5236,4890.69,605.0754,3439.771,2543.932,16061.684,14404.43,13614.96,2956.935,14655.121
,,,,,,,,5237,4924.708,600.5482,3618.918,2678.3,16802.107,14574.5,13850.46,2944.234,15031.235
,,,,,,,,5238,4926.337,613.1683,3809.322,2823.334,17864.791,15790.87,14827.15,3173.029,15495.66
,,,,,,,,5239,5012.331,634.2663,3796.706,2947.953,18854.923,17382.67,15592.9,3714.613,16084.007
,,,,,,,,5240,4798,641.7773,3562.989,2790.79,19678.121,17374.42,16160.47,3833.977,15665.562
,,,,,,,,5241,5041.711,665.1274,3372.223,2585.333,19939.739,16724.54,15452.6,4298.473,16346.717
,,,,,,,,5242,5258.53,774.1554,3247.018,2478.378,20297.405,15369.19,14221.04,3684.056,16501.226
,,,,,,,,5243,5592.466,867.1965,3151.971,2560.612,20856.908,14592.96,14757.52,2629.031,16835.278
,,,,,,,,5244,5968.043,992.1302,3190.032,2746.168,21900.186,13722.79,14357.91,2434.837,17381.58
,,,,,,,,5245,7002.875,874.2381,3293.758,3065.146,22255.492,13932.47,14853.44,2402.712,18590.126
,,,,,,,,5246,8653.494,874.5234,4358.498,3450.486,23134.859,14623.05,15647.53,2537.149,19614.981
,,,,,,,,5247,8524.185,854.5078,4179.196,3732.266,23620.886,15955.57,17364.5,2810.84,20667.01
,,,,,,,,5248,8412.496,898.3911,4715.986,3931.683,24319.575,17249.18,18467.68,2948.321,21302.099
,,,,,,,,5249,8230.576,993.0488,5220.42,5023.105,24923.046,19345.69,20326.29,3396.968,20832.488
,,,,,,,,5250,7131.44,966.1078,5499.429,5109.63,24733.911,21306.68,21432.12,3823.677,20146.246
,,,,,,,,5251,6994.487,948.3222,5337.358,4975.825,23138.611,22533.58,21302.91,4025.311,20214.374
,,,,,,,,5252,7020,916.1254,5000.161,4540.707,23153.52,22268.2,20076.76,4058.192,19647.985
,,,,,,,,5253,6626.668,874.5385,4662.632,4103.586,21830.355,21802.06,20130.25,4207.33,18616.817
,,,,,,,,5254,6266.291,824.6505,4306.766,3614.185,19733.684,21549.31,19746.22,4114.28,17547.511
,,,,,,,,5255,5852.76,749.2872,4092.144,3117.242,17897.982,20787.56,19733.09,4077.371,16290.438
,,,,,,,,5256,5448.797,683.0417,3819.641,2733.37,16751.653,20122.01,18556.69,4163.35,15479.429
,,,,,,,,5257,5117.122,640.412,3590.699,2613.189,16087.01,17871.98,16632.39,3825.263,14932.528
,,,,,,,,5258,4905.573,609.2125,3459.073,2483,15631.576,15900.04,15005.25,3328.696,14467.725
,,,,,,,,5259,4762.06,578.8566,3370.307,2405.01,15660.711,14647.2,13854.24,3048.69,14161.233
,,,,,,,,5260,4697.213,559.2057,3400.613,2406.698,15930.055,14053.22,13301.47,2887.885,14125.046
,,,,,,,,5261,4706.781,550.5414,3544.22,2502.607,16694.296,14258.79,13486.46,2871.598,14414.001
,,,,,,,,5262,4682.896,568.198,3735.027,2678.356,17805.544,15566.5,14442.94,3075.136,14770.196
,,,,,,,,5263,4628.386,560.0729,3680.297,2760.485,18770.178,17152.74,14871.73,3351.102,14944.991
,,,,,,,,5264,4571.568,563.6228,3332.726,2563.399,19556.216,17238.54,14224.08,3167.679,15043.849
,,,,,,,,5265,4660.072,588.2534,3010.572,2208.046,19798.644,16344.34,13675.99,2868.281,15264.146
,,,,,,,,5266,4773.774,638.1924,2836.095,2081.569,20190.539,15096.08,12889.73,2685.923,15845.272
,,,,,,,,5267,4987.585,686.4475,2805.794,2128.006,20606.581,13360.36,12487.93,2414.315,16566.728
,,,,,,,,5268,5289.811,763.4561,2927.932,2223.595,20942.477,12630.82,12419.22,2255.022,17441.661
,,,,,,,,5269,5525.494,824.0844,3105.67,2310.697,21490.881,12162.86,12912.96,2253.615,18556.198
,,,,,,,,5270,6126.282,883.6003,3536.366,2559.904,22168.315,12729.3,14621.26,2444.203,19247.369
,,,,,,,,5271,6550.624,948.7459,3979.176,2759.028,22435.146,13923.44,15758.55,2624.105,20018.867
,,,,,,,,5272,7383.838,1010.448,4430.461,3013.161,22923.288,15033.5,16959.64,2779.995,21293.261
,,,,,,,,5273,7090.32,1069.255,4861.897,4056.601,23272.349,17724.14,18816.27,3419.84,21848.076
,,,,,,,,5274,7447.418,1098.369,5197.475,4210.516,23085.794,20036.86,20338.26,3956.027,22151.172
,,,,,,,,5275,7249.621,1072.189,5151.546,4310.572,22434.301,21201.09,20490.4,4085.44,21719.588
,,,,,,,,5276,6983.856,1002.949,4958.499,4029.085,22031.989,20943.5,19708.73,4072.45,20989.79
,,,,,,,,5277,6689.389,935.4969,4632.144,3695.969,21025.357,20928.84,19587.43,4225.272,20008.052
,,,,,,,,5278,6229.083,871.3199,4288.411,3273.166,19024.238,20629.44,19392.62,4070.637,18834.66
,,,,,,,,5279,5808.111,800.0936,4024.188,2855.015,17485.224,20210.18,19349.23,4081.015,17526.494
,,,,,,,,5280,5454.112,736.2885,3790.276,2538.131,16473.014,19629.23,18331.98,4158.844,16814.829
,,,,,,,,5281,5092.672,682.8165,3572.375,2437.746,15853.315,17517.01,16556.31,3790.262,16149.37
,,,,,,,,5282,4850.294,631.7848,3445.566,2364.287,15283.04,15608.85,14781.38,3258.72,15461.9
,,,,,,,,5283,4722.727,598.5074,3378.429,2308.996,15168.852,14395.34,13717.16,2979.612,15020.52
,,,,,,,,5284,4667.448,580.7346,3386.141,2326.442,15509.59,13877.15,13123.96,2853.86,14892.709
,,,,,,,,5285,4668.511,572.2608,3535.94,2440.625,16306.649,14092.89,13415.53,2798.961,15221.257
,,,,,,,,5286,4608.482,586.3871,3748.931,2661.198,17339.348,15529.37,14306.73,3033.188,15771.972
,,,,,,,,5287,4528.458,562.8595,3686.151,2728.622,18409.788,17294.65,14638.72,3418.187,16297.186
,,,,,,,,5288,4409.485,561.1033,3339.546,2639.436,18927.355,17937.33,13920.86,3583.552,17048.925
,,,,,,,,5289,4511.312,579.6488,2949.611,2430.864,18897.578,17649.56,13172.52,2554.752,16492.388
,,,,,,,,5290,4614.383,626.4387,2731.986,2297.74,19252.347,16259.06,12149.84,2353.707,16235.395
,,,,,,,,5291,4801.369,684.9014,2693.857,2434.133,19855.212,14828.34,11715.46,2108.057,17167.911
,,,,,,,,5292,5066.138,747.2399,2751.793,2164.207,20512.37,13325.19,11465.09,2048.313,19550.833
,,,,,,,,5293,5455.467,823.1358,2989.303,2476.065,21030.905,13602.16,11790.87,2054.784,20519.246
,,,,,,,,5294,5851.604,880.5832,3387.202,2450.242,21720.06,13611.88,13240.27,2348.18,19729.851
,,,,,,,,5295,6376.304,923.1659,3807.356,2631.07,21825.61,14406.03,14491.92,2580.517,19895.594
,,,,,,,,5296,6766.176,996.4355,4335.228,2937.896,21951.624,15728.03,16120.92,2835.97,20162.165
,,,,,,,,5297,7183.621,1048.926,4791.481,4057.432,22190.48,17916.01,18067.9,3366.733,20505.999
,,,,,,,,5298,7238.312,1084.008,5080.339,4334.521,22531.239,20289.57,19709.29,3972.494,20785.075
,,,,,,,,5299,7061.459,1051.994,5092.296,4475.485,22026.346,21607.09,20029.7,4132.381,20588.863
,,,,,,,,5300,6847.785,997.6971,4898.847,4176.327,21572.445,20903.84,19228.42,4056.528,20059.452
,,,,,,,,5301,6434.254,932.8846,4589.051,3786.257,20544.108,20556.46,19118.06,4141.77,18795.1
,,,,,,,,5302,6002.651,858.5464,4346.304,3385.552,18887.393,20500.85,18885.37,4051.053,17630.059
,,,,,,,,5303,5482.815,778.0026,4087.308,2974.117,17378.691,20179.13,19140.47,4052.778,16456.375
,,,,,,,,5304,5234.059,704.8891,3814.402,2675.341,16346.968,19838.71,18218.51,4171.37,15551.803
,,,,,,,,5305,4842.853,659.3911,3571.428,2508.546,15749.869,17650.12,16474.43,3853.902,14879.957
,,,,,,,,5306,4618.547,611.4622,3427.254,2431.522,15279.608,15728.1,14732.73,3354.644,14390.484
,,,,,,,,5307,4472.908,575.9258,3365.905,2381.485,15105.468,14451.23,13573.53,3066.596,14103.922
,,,,,,,,5308,4428.259,557.128,3361.075,2411.951,15386.636,13874.38,13070.05,2912.149,14030.934
,,,,,,,,5309,4411.25,534.1746,3506.599,2490.001,16081.048,13988.93,13313.32,2882.358,14398.901
,,,,,,,,5310,4386.302,547.276,3677.695,2674.406,17038.741,15361.28,14203.01,3049.998,14878.961
,,,,,,,,5311,4326.477,534.0909,3615.247,2733.605,18103.653,16711.46,14678.51,3171.917,15560.39
,,,,,,,,5312,4241.521,533.234,3301.224,2558.952,18898.623,16992.69,14746.8,3093.066,16095.981
,,,,,,,,5313,4284.066,561.0137,2944.172,2280.232,19384.621,16447.46,13077.52,2786.653,15506.752
,,,,,,,,5314,4384.762,601.6445,2651.084,2125.34,19539.768,15000.13,12326.25,2512.243,15603.051
,,,,,,,,5315,4562.429,639.5477,2621.176,2131.748,19381.512,13669.22,11777.77,2338.399,15900.187
,,,,,,,,5316,4807,696.715,2770.721,2240.202,19805.442,12921.48,11308.35,2156.521,16531.254
,,,,,,,,5317,5683.438,764.9548,2963.031,2346.453,19989.253,12665.25,11929.55,2228.725,17696.229
,,,,,,,,5318,5894.489,803.1324,3285.034,2582.452,20331.132,13027.43,12979.77,2428.086,18693.967
,,,,,,,,5319,6130.986,843.8277,3553.1,2536.817,21030.608,14052.75,14081.24,2603.826,19541.968
,,,,,,,,5320,6402.61,930.5335,4041.824,2767.982,21202.649,15317.31,15571.21,3076.758,20806.859
,,,,,,,,5321,6669.099,967.3194,4599.567,3808.477,21193.649,16998.54,17454.48,3514.339,21139.209
,,,,,,,,5322,6806.709,1012.507,4955.719,4120.948,20989.794,19086,19269.17,3749.844,20555.615
,,,,,,,,5323,6762.74,986.5178,5002.626,4155.005,20750.859,20454.51,19776.7,3972.417,20087.582
,,,,,,,,5324,6520.362,946.9817,4857.813,3959.026,20493.82,20033.61,19041.77,3909.147,19152.95
,,,,,,,,5325,6172.741,864.1241,4532.165,3633.228,19752.82,19702.02,18819.44,4003.671,18027.572
,,,,,,,,5326,5810.238,811.705,4230.725,3186.936,18415.939,19585.63,18629.97,3919.471,17117.486
,,,,,,,,5327,5429.662,741.132,4030.013,2840.472,17150.553,19391.88,18952.43,3971.109,16075.039
,,,,,,,,5328,5132.005,686.6349,3776.396,2487.066,16214.043,18728.49,17578.07,3989.618,15398.954
,,,,,,,,5329,4825.844,638.3436,3655.75,2384.167,15501.904,17113.34,16305.65,3756.971,14835.898
,,,,,,,,5330,4601.538,593.5081,3484.567,2271.424,15083.136,15493.66,14780.01,3331.179,14347.347
,,,,,,,,5331,4458.025,555.0687,3387.112,2203.691,14859.09,14205.9,13619.27,3074.543,13934.159
,,,,,,,,5332,4352.782,537.2959,3353.344,2187.933,14928.978,13421.14,12897.34,2854.877,13722.114
,,,,,,,,5333,4319.827,510.2241,3423.212,2210.632,15162.751,13054.3,12525.78,2732.229,13736.421
,,,,,,,,5334,4194.951,503.0306,3438.727,2257.406,15551.957,12999.27,12393.01,2703.894,13789.497
,,,,,,,,5335,4034.135,473.7323,3297.708,2214.231,16005.55,12765.87,11418.66,2669.947,13748.782
,,,,,,,,5336,3896.027,452.0092,2954.798,2075.601,16769.634,11743.98,9705.371,2331.433,13756.992
,,,,,,,,5337,3907.494,470.5251,2709.101,1828.653,17583.934,10794.15,9101.584,2005.346,13977.875
,,,,,,,,5338,3936.151,521.3173,2554.537,1749.459,18096.684,10045.85,8657.355,1637.648,14436.583
,,,,,,,,5339,4060.416,541.7823,2493.699,1776.013,18169.346,9534.723,8555.601,1611.591,14988.317
,,,,,,,,5340,4264.84,612.5946,2505.839,1875.418,18267.715,8952.401,8109.434,1529.876,15863.63
,,,,,,,,5341,4565.935,665.9832,2625.093,1939.139,18728.881,9012.119,8384.072,1433.306,16784.213
,,,,,,,,5342,4925.927,727.0052,3014.188,2167.838,19123.598,9955.719,9741.947,1563.987,17660.212
,,,,,,,,5343,5492.086,793.1853,3371.503,2421.089,19154.834,11456.38,11474.57,1937.941,18642.873
,,,,,,,,5344,6036.103,851.8405,3857.338,2649.012,19525.178,12747.05,13331.56,2229.849,19680.909
,,,,,,,,5345,6538.343,934.3798,4435.728,3697.779,19947.205,15003.27,15285.21,2679.348,20375.443
,,,,,,,,5346,6846.042,973.0529,4914.112,4084.126,20145.847,17033.44,16970.63,3243.169,20592.535
,,,,,,,,5347,6788.253,945.6033,4980.9,4280.134,19942.357,18945.2,17632.35,3584.289,20021.08
,,,,,,,,5348,6442.758,885.5627,4734.96,4108.923,19609.484,18694.22,16979.09,3519.183,19173.25
,,,,,,,,5349,6026.039,832.39,4521.889,3654.604,18805.098,18324.81,16988.97,3607.194,18325.231
,,,,,,,,5350,5742.202,767.5413,4180.501,3262.492,17656.825,17990.49,16859.52,3488.664,17269.466
,,,,,,,,5351,5372.257,709.751,3970.154,2954.734,16566.892,17350.4,16576.56,3451.156,16308.638
,,,,,,,,5352,4999.123,644.9023,3749.755,2588.309,15678.014,17660.44,16406.38,3693.69,15432.492
,,,,,,,,5353,4703.592,604.0226,3548.665,2444.189,15129.906,16813.96,15624.12,3631.427,14855.201
,,,,,,,,5354,4441.016,564.7395,3405.455,2310.046,14754.316,15257.14,14332.84,3253.111,14302.737
,,,,,,,,5355,4276.242,540.5892,3313.794,2204.493,14458.454,14032.17,13161.05,2956.15,13785.47
,,,,,,,,5356,4161.431,519.7228,3308.964,2176.93,14422.136,13141.59,12427.22,2753.522,13522.01
,,,,,,,,5357,4097.647,496.7788,3332.113,2191.638,14580.263,12698.53,12128.13,2612.99,13284.388
,,,,,,,,5358,3979.15,482.1643,3309.036,2204.157,14963.425,12545.95,11865.18,2576.533,13229.199
,,,,,,,,5359,3810.892,436.5177,3069.762,2159.847,15502.925,12052.78,10685.27,2548.572,13311.603
,,,,,,,,5360,3713.429,420.5727,2707.06,2042.426,16144.888,11083.28,9140.242,2699.67,13609.693
,,,,,,,,5361,3766.604,437.7383,2470.775,1910.216,16823.864,10563.82,8370.823,2465.564,13666.925
,,,,,,,,5362,4024.882,490.8247,2376.724,1937.578,17175.807,9992.119,8205.442,1548.368,14420.141
,,,,,,,,5363,4359.882,522.7685,2300.681,2025.123,17406.314,9701.851,7993.01,1317.841,15283.33
,,,,,,,,5364,4577.877,582.4502,2360.957,2270.228,17813.941,8997.742,7432.514,1270.218,16230.274
,,,,,,,,5365,4937.689,658.7736,2464.787,2505.27,18227.244,9557.997,7965.664,1321.175,16978.763
,,,,,,,,5366,5405.617,730.7004,2805.922,2787.467,18672.079,10773.89,9199.214,1459.696,18097.084
,,,,,,,,5367,5935.632,789.5851,3245.318,3041.544,19143.138,12151.7,10892.61,1712.128,18757.647
,,,,,,,,5368,6464.765,873.3785,3687.964,3285.164,19780.696,14109.26,12766.18,2080.214,19783.48
,,,,,,,,5369,7038.23,921.7782,4350.296,4395.221,20474.954,16280.75,15099.21,2660.078,20919.196
,,,,,,,,5370,7305.285,970.7939,4806.49,4747.947,20866.873,18483.24,16960.21,3245.998,21442.292
,,,,,,,,5371,7356.99,951.7996,4900.695,4924.078,20975.739,20068.74,17688.28,3477.692,20978.414
,,,,,,,,5372,7027.441,884.9912,4779.207,4656.853,20470.875,19897.69,17294.23,3443.967,19961.472
,,,,,,,,5373,6630.92,832.009,4502.453,4156.333,19544.573,19338,16995.56,3541.783,18519.181
,,,,,,,,5374,6221.642,782.4836,4218.789,3634.426,18014.523,18821.84,16762.43,3471.883,17152.047
,,,,,,,,5375,5723.067,719.522,3999.916,3166.097,16787.331,17962.32,16300.36,3392.83,15868.62
,,,,,,,,5376,5303.158,649.8831,3707.714,2815.206,15827.98,18450.88,16779.78,3757.968,15008.917
,,,,,,,,5377,4952.348,601.9542,3545.197,2663.259,15171.558,17145.78,15709.15,3619.931,14384.271
,,,,,,,,5378,4647.25,558.1623,3387.118,2510.844,14772.8,15224.13,14253.41,3210.347,13813.399
,,,,,,,,5379,4499.484,528.1781,3327.295,2407.251,14680.305,14053.5,13146.12,2919.559,13604.274
,,,,,,,,5380,4424.007,510.4053,3353.338,2421.959,15006.239,13445.59,12623.75,2768.669,13537.801
,,,,,,,,5381,4431.448,506.0685,3508.523,2507.612,15904.065,13642.34,12943.97,2729.912,13757.617
,,,,,,,,5382,4415.005,499.7003,3721.514,2726.91,16935.76,15079.34,14011.5,2977.567,14306.426
,,,,,,,,5383,4366.873,490.4154,3688.968,2792.275,18098.368,16624.88,14568.17,3363.259,14392.221
,,,,,,,,5384,4338.509,492.5501,3327.962,2764.525,18680.021,16878.51,14128.41,3490.089,14246.105
,,,,,,,,5385,4496.927,517.8987,3045.286,2828.018,18821.807,16487.47,13613.49,3024.353,14583.885
,,,,,,,,5386,4707.367,550.2648,2848.513,2855.098,19122.52,15499.08,12842.62,2371.388,15406.259
,,,,,,,,5387,5066.817,599.8001,2838.473,2954.616,19526.536,14442.14,12147.25,2052.317,16303.979
,,,,,,,,5388,5362.415,668.5347,2946.433,2989.361,20039.019,13699.98,11681.73,1989.432,17388.25
,,,,,,,,5389,5855.11,781.9099,3216.012,3414.421,20567.507,14353.1,12508.9,2016.581,18246.1
,,,,,,,,5390,6317.971,835.4015,3581.56,3713.756,21126.442,15276.86,13997.26,2296.183,19164.18
,,,,,,,,5391,6945.788,906.6971,4072.021,3933.382,21799.242,16531.55,15560.27,2559.191,19770.443
,,,,,,,,5392,7415.14,973.9982,4588.718,4175.952,22436.949,17999.71,16859.04,2834.64,20825.944
,,,,,,,,5393,7897.182,1057.326,5031.622,5223.856,22971.593,20277.88,18582.67,3422.009,22056.192
,,,,,,,,5394,8213.387,1099.829,5296.776,5445.427,23208.63,22589.28,20370.92,3947.354,22696.639
,,,,,,,,5395,8034.16,1076.516,5240.47,5445.454,22946.62,24194.78,20191.43,3987.493,21982.109
,,,,,,,,5396,7552.593,975.215,5051.844,5019.509,22183.764,23333.05,19299.4,3899.947,20747.451
,,,,,,,,5397,7034.883,919.6113,4758.127,4559.111,21038.426,22745.49,19539.33,4017.991,19454.907
,,,,,,,,5398,6600.091,853.3566,4358.279,4029.601,19333.728,22239.26,18848.49,3933.266,18091.495
,,,,,,,,5399,5983.517,775.7435,4117.614,3511.646,17804.216,21539.23,18721.91,3951.526,16528.851
,,,,,,,,5400,5559.355,692.2875,3815.764,3136.179,16688.906,20609.48,18250.2,4065.685,15706.012
,,,,,,,,5401,5101.176,647.8331,3601.716,2939.416,15868.053,18303.43,16339.97,3684.503,15006.531
,,,,,,,,5402,4803.52,598.017,3429.165,2817.88,15360.436,16194.12,14715.79,3272.2,14377.597
,,,,,,,,5403,4594.097,555.25,3368.377,2704.171,15150.493,14858.95,13662.73,2968.88,13978.783
,,,,,,,,5404,4514.367,531.4622,3354.865,2663.199,15479.936,14238.16,13078.59,2818.865,13833.86
,,,,,,,,5405,4501.61,519.6951,3529.748,2773.652,16191.149,14463.64,13408.85,2778.365,14045.834
,,,,,,,,5406,4471.347,522.8256,3741.774,2949.629,17274.606,15782.81,14296.9,3022.433,14643.452
,,,,,,,,5407,4433.846,517.4872,3697.651,3020.495,18295.241,17275.87,14881.07,3492.983,14546.843
,,,,,,,,5408,4484.148,518.8338,3364.624,3069.165,18902.318,17509.28,14283.93,3420.992,14718.913
,,,,,,,,5409,4617.301,551.4222,3123.434,3030.115,19248.367,17150.13,13533.79,2902.208,15129.627
,,,,,,,,5410,4842.625,603.9457,2949.412,3119.451,19624.874,16139.92,12962.18,2487.841,15945.442
,,,,,,,,5411,5305.44,660.9814,2950.81,3278.542,19806.071,14691.68,12021.49,2146.912,16850.862
,,,,,,,,5412,5770.314,756.7878,3140.215,3543.195,20560.492,14490.41,11894.83,2026.16,18066.997
,,,,,,,,5413,6273.39,856.4717,3505.337,3917.138,21012.807,14971.09,13159.71,2125.091,18999.596
,,,,,,,,5414,6754.323,919.9896,3936.197,4123.41,21645.954,15993.67,14760.58,2372.09,19909.8
,,,,,,,,5415,7369.134,984.9449,4410.99,4288.053,22376.59,17999.06,16500.61,2742.738,20281.17
,,,,,,,,5416,7788.523,1055.167,4798.002,4296.404,22866.862,19007.4,17927.52,2982.558,21218.71
,,,,,,,,5417,8177.83,1116.831,5246.134,5427.364,23365.21,21372.68,19777.19,3557.897,22463.288
,,,,,,,,5418,8526.989,1144.846,5599.151,5625.325,23473.438,23932.26,21642.09,3994.042,23221.692
,,,,,,,,5419,8458.32,1123.42,5555.387,5618.796,23092.358,25606.14,21499,4149.278,22614.648
,,,,,,,,5420,7931.043,1050.044,5275.106,5339.93,22298.875,25199.34,20189.29,4037.39,21360.068
,,,,,,,,5421,7157.135,970.8428,4822.762,5046.984,21263.682,24294.22,19920.06,4115.713,19873.132
,,,,,,,,5422,6568.2,894.2548,4381.995,4276.895,19329.319,23714.81,19186.82,4017.355,18392.129
,,,,,,,,5423,5983.517,816.6325,4099.844,3697.62,17919.044,22643.11,19157.5,4046.404,17228.013
,,,,,,,,5424,5549.788,752.8272,3806.678,3405.784,16801.42,21828.13,18585.79,4141.018,16156.841
,,,,,,,,5425,5126.69,690.2282,3581.064,3289.252,16011.556,19393.72,16756.01,3782.249,15346.633
,,,,,,,,5426,4897.069,640.2308,3428.207,3029.042,15496.872,17077.84,15030.92,3302.719,14680.992
,,,,,,,,5427,4589.844,597.4639,3363.554,2892.858,15320.245,15751.92,13860.36,2974.289,14345.784
,,,,,,,,5428,4518.619,565.2115,3373.605,2804.611,15615.308,15001.71,13254.57,2802.723,14146.376
,,,,,,,,5429,4542.007,556.7377,3525.889,2858.747,16468.18,15088.96,13462.85,2792.741,14410.055
,,,,,,,,5430,4546.824,554.3253,3735.021,3063.089,17422.975,16416.88,14432.87,2981.903,14789.097
,,,,,,,,5431,4481.683,546.2559,3696.686,3129.115,18344.538,17887.44,14921.8,3173.236,14802.153
,,,,,,,,5432,4500.343,539.3284,3321.77,3202.425,18938.203,18131.04,14234.28,3053.775,14924.221
,,,,,,,,5433,4608.797,580.0003,3003.042,3157.817,19010.642,18013.73,13587.39,2666.049,15461.311
,,,,,,,,5434,4939.612,641.2606,2875.062,3211.574,19336.411,17361.73,13080.45,2364.976,16413.509
,,,,,,,,5435,5356.467,707.4048,2886.071,3378.328,19569.866,16341.22,12237.62,2032.01,17469.003
,,,,,,,,5436,5784.948,797.8494,3194.232,3768.75,19922.308,16166.55,12538.37,2059.603,18370.828
,,,,,,,,5437,6329.483,879.9155,3526.155,4145.157,20493.996,16934.93,13356.67,1980.78,19243.679
,,,,,,,,5438,6880.578,946.2548,3928.803,4438.316,21116.151,17853.75,14758.26,2256.817,20015.821
,,,,,,,,5439,7453.115,1016.809,4352.449,4504.423,21760.015,19898.62,16663.89,2528.509,20353.352
,,,,,,,,5440,7917.153,1107.47,4821.2,4575.254,22410.8,20951.17,17892.9,2697.085,21364.111
,,,,,,,,5441,8290.515,1149.492,5230.959,5564.63,22953.711,22496.71,19921.64,3352.001,22586.446
,,,,,,,,5442,8543.999,1170.039,5434.759,5787.639,23080.677,25103.46,21364.35,3748.208,23402.98
,,,,,,,,5443,8504.032,1157.542,5450.244,5937.342,22648.003,26829.42,21263.1,3938.623,22675.23
,,,,,,,,5444,7950.178,1087.159,5186.61,5589.478,21960.745,26292.68,19952.98,3894.224,21382.661
,,,,,,,,5445,7410.144,983.4258,4716.66,5302.823,20752.454,24962.29,19614.51,3975.347,20006.254
,,,,,,,,5446,6624.542,909.0968,4303.462,4315.93,18775.91,24120.65,19289.65,3937.202,18442.038
,,,,,,,,5447,6223.768,834.7678,4022.27,3905.382,17403.173,22978.29,19139.33,3971.843,17151.061
,,,,,,,,5448,5715.625,764.5758,3746.47,3613.158,16284.482,22100.33,18492.32,4084.472,16273.954
,,,,,,,,5449,5241.5,703.0111,3550.197,3399.974,15518.415,19883.59,16762.45,3748.172,15301.589
,,,,,,,,5450,4869.429,646.8081,3411.811,3144.604,14994.831,17505.77,14914.62,3242.636,14717.023
,,,,,,,,5451,4722.727,610.2375,3352.385,3011.572,14876.348,16123.04,13816.29,2926.761,14196.019
,,,,,,,,5452,4616.421,575.7353,3341.773,2897.947,15021.644,15410.73,13249.32,2771.388,14140.567
,,,,,,,,5453,4536.691,565.0117,3514.715,2912.326,15735.267,15554.43,13431.58,2730.866,14342.731
,,,,,,,,5454,4520.248,566.7271,3737.354,3161.016,17042.363,16906.56,14618.69,2987.482,14736.575
,,,,,,,,5455,4507.197,552.3264,3695.16,3190.685,18009.663,18154.94,15039.8,3409.227,14881.993
,,,,,,,,5456,4520.292,549.7173,3297.095,3179.171,18681.506,18399.02,14495.04,3971.704,15052.261
,,,,,,,,5457,4672.332,603.4182,2934.848,3107.88,18915.292,18100.29,13852.39,3214.764,15561.069
,,,,,,,,5458,4887.024,655.7419,2771.512,3174.906,19118.557,17234.46,13152.35,2340.474,16513.025
,,,,,,,,5459,5320.64,715.9267,2701.667,3417.051,19578.751,16380.1,12361.02,2089.754,17145.298
,,,,,,,,5460,5802.273,788.3616,2995.137,3782.534,20223.835,15953.84,12482.47,1886.536,18142.53
,,,,,,,,5461,6351.31,858.6608,3248.198,4135.525,20792.575,16827.24,13401.64,1896.349,19043.924
,,,,,,,,5462,6776.964,926.1599,3598.816,4367.235,21009.794,17560.79,14913.44,2088.463,20165.438
,,,,,,,,5463,7404.78,984.4376,4012.155,4344.595,21475.795,19075.22,16674.93,2325.13,20528.907
,,,,,,,,5464,7892.455,1060.866,4444.813,4391.761,22009.978,20153.93,18100.97,2632.821,21509.147
,,,,,,,,5465,8234.172,1103.857,4832.791,5483.929,22389.079,22046.41,19853.93,3163.083,22533.099
,,,,,,,,5466,8431.314,1131.834,5096.962,5726.403,22436.45,24425.06,21217.8,3696.937,22993.566
,,,,,,,,5467,8123.457,1112.769,5173.736,5755.207,22007.472,25765.87,21223.71,3887.279,22282.797
,,,,,,,,5468,7739.692,1032.815,4882.72,5240.042,21310.67,24727.65,19790.66,3802.458,21465.94
,,,,,,,,5469,7245.369,959.166,4523.153,4889.151,20307.218,24088.76,19403.6,3921.908,20133.14
,,,,,,,,5470,6584.146,886.715,4217.848,4054.177,18592.017,23138.11,19202.46,3885.453,18780.05
,,,,,,,,5471,6044.111,816.995,3912.694,3550.542,17229.526,22232.74,18976.34,3951.24,17444.257
,,,,,,,,5472,5626.328,726.2991,3683.203,3148.009,16190.385,21500.9,18342.12,4055.776,16489.033
,,,,,,,,5473,5370.131,680.448,3483.626,3000.761,15458.228,19229.24,16594.23,3714.096,15739.133
,,,,,,,,5474,5059.717,629.2258,3366.466,2845.832,15005.482,17112.11,14927.73,3232.744,15095.36
,,,,,,,,5475,4776.943,594.7329,3322.483,2745.78,14833.702,15680.38,13949.21,2941.081,14668.363
,,,,,,,,5476,4652.565,568.686,3323.442,2711.111,15151.661,14916.67,13405.85,2776.718,14524.067
,,,,,,,,5477,4581.34,554.8597,3487.297,2806.219,15824.822,15061.29,13527.57,2746.082,14769.439
,,,,,,,,5478,4611.92,566.0739,3671.907,3000.056,16821.017,16345.23,14549.18,2964.064,15134.272
,,,,,,,,5479,4541.214,556.5984,3646.114,2974.332,17757.526,17521.53,15072.08,3374.334,15238.568
,,,,,,,,5480,4517.917,549.7728,3446.357,2782.775,18515.33,17637.54,15426.09,3682.501,15071.795
,,,,,,,,5481,4619.744,578.8329,2953.604,2559.813,18850.382,16972.63,14330.92,3044.168,15564.19
,,,,,,,,5482,4794.854,614.6642,2644.299,2480.559,19272.063,15806.2,12715.9,2279.226,16066.883
,,,,,,,,5483,5257.421,666.3289,2451.466,2563.076,19614.853,14446.07,11762.66,1915.098,16718.82
,,,,,,,,5484,5667.016,748.4995,2706.638,2675.535,19984.203,13802.95,11537.34,1773.88,17641.52
,,,,,,,,5485,6078.669,802.3853,2898.889,2920.592,20275.246,14275.95,12747.77,1918.63,18443.83
,,,,,,,,5486,6541.778,854.4357,3144.564,3301.538,20669.186,15320.28,14022.2,2085.766,19531.985
,,,,,,,,5487,7090.929,926.8912,3525.463,3620.641,21093.75,16879.91,15462.18,2363.883,19865.41
,,,,,,,,5488,7565.28,996.9232,3998.036,3844.059,21470.15,18381.7,16920.52,2920.482,20803.296
,,,,,,,,5489,7884.426,1032.675,4601.574,4879.249,21919.111,20672.59,19135.42,3481.234,21756.966
,,,,,,,,5490,8050.739,1078.179,4846.824,5051.118,21819.754,22845.97,20443.37,3690.859,22072.33
,,,,,,,,5491,7776.899,1031.625,4863.455,4844.869,21342.609,23818.02,20358.88,3841.397,21486.84
,,,,,,,,5492,7283.639,949.793,4639.752,4339.099,20711.88,22273.3,19133.83,3813.604,20430.011
,,,,,,,,5493,6897.748,891.2771,4306.393,3946.351,19723.242,21809.03,18956.85,3918.939,19272.313
,,,,,,,,5494,6392.794,818.6355,4075.785,3394.201,18230.147,21297.53,18590.39,3941.635,18046.645
,,,,,,,,5495,5845.318,757.38,3850.551,2982.602,17016.135,20746.48,18623.96,4001.605,16836.624
,,,,,,,,5496,5504.076,687.3693,3644.215,2608.823,16007.669,19737.25,17680.7,4006.793,15886.78
,,,,,,,,5497,5134.131,639.178,3543.822,2524.281,15296.133,18038.84,16368.06,3776.7,15153.311
,,,,,,,,5498,4897.069,602.8072,3414.132,2394.34,14833.014,16354.4,15010,3337.486,14643.535
,,,,,,,,5499,4641.935,557.1187,3348.514,2280.382,14604.543,14936.23,13852.2,3019.877,14055.591
,,,,,,,,5500,4533.502,533.1497,3334.043,2251.768,14585.513,14074.81,13166.68,2802.923,13902.255
,,,,,,,,5501,4441.016,509.3618,3400.051,2254.755,14774.858,13691.27,12742.86,2656.063,13650.034
,,,,,,,,5502,4273.618,507.1584,3437.129,2299.905,15189.81,13733.79,12685.6,2640.254,13593.843
,,,,,,,,5503,4145.756,473.7931,3306.675,2261.983,15829.748,13454.15,11946.54,2777.173,13544.88
,,,,,,,,5504,4029.973,470.0923,3093.545,2076.152,16508.056,12266.17,11487.59,3008.206,13742.067
,,,,,,,,5505,4195.832,485.5694,2968.052,1884.219,17370.618,11190.6,11922.87,2756.333,14792.816
,,,,,,,,5506,4566.161,538.3094,2634.555,1829.882,17793.575,10531.5,11067.59,1619.734,15530.038
,,,,,,,,5507,5212.751,578.4254,2342,1803.799,18118.357,9436.686,7909.082,1405.603,16528.348
,,,,,,,,5508,5589.707,644.9658,2473.269,1952.926,18229.405,9440.644,8944.992,1415.374,17245.821
,,,,,,,,5509,6162.063,713.687,2774.065,2141.594,18391.029,10002.43,10458.16,1401.577,17813.794
,,,,,,,,5510,6587.717,773.4581,2993.898,2371.476,18793.054,11236.93,12449.3,1618.106,19892.168
,,,,,,,,5511,7144.377,855.2867,3361.982,2542.912,19296.644,12584.83,13189.36,1857.365,19835.753
,,,,,,,,5512,7516.81,917.1705,3900.665,2892.397,20030.231,14305.59,14449.39,2213.993,20430.661
,,,,,,,,5513,7732.408,970.8762,4539.278,3963.417,20667.041,16509.23,16609.68,2826.089,21056.774
,,,,,,,,5514,7857.262,1013.677,4766.087,4378.711,20917.058,18845.29,18393.81,3388.409,21215.432
,,,,,,,,5515,7551.53,982.1371,4806.278,4416.666,20685.628,20214.74,18678.52,3622.508,20554.163
,,,,,,,,5516,7106.108,913.351,4695.315,4174.519,20063.792,20170.74,17932.2,3677.778,19623.813
,,,,,,,,5517,6620.29,842.9046,4415.435,3674.765,19182.763,19275.5,17190.22,3690.81,18375.679
,,,,,,,,5518,6136.597,768.7568,4100.809,3107.398,17767.205,18246.41,16627.62,3577.638,17148.512
,,,,,,,,5519,5696.49,718.3876,3872.699,2780.481,16708.113,17452.99,16270.07,3499.796,16021.632
,,,,,,,,5520,5370.131,657.6758,3694.75,2399.597,15797.699,17909.29,16503.44,3815.762,15227.357
,,,,,,,,5521,4931.087,611.6249,3501.8,2299.709,15152.759,17040.56,15773.1,3768.658,14543.494
,,,,,,,,5522,4665.322,572.1513,3352.404,2175.575,14687.686,15422.67,14406.61,3355.369,13872.812
,,,,,,,,5523,4461.214,540.7612,3271.35,2101.787,14456.452,14073.83,13372.67,3032.403,13487.355
,,,,,,,,5524,4355.971,522.8163,3276.162,2081.578,14333.888,13165.69,12579.7,2811.839,13064.333
,,,,,,,,5525,4251.791,501.9408,3299.316,2088.931,14420.204,12746.67,12164.3,2688.346,12967.723
,,,,,,,,5526,4145.236,491.4633,3319.687,2130.292,14781.361,12689.78,12007.04,2630.367,12958.846
,,,,,,,,5527,3949.09,444.6157,3178.252,2071.028,15391.482,12592.26,11326.65,2646.113,12954.313
,,,,,,,,5528,3881.144,417.1352,2751.942,1883.731,16119.163,12582.95,10464.39,2422.216,13275.517
,,,,,,,,5529,4041.688,462.0352,2716.214,1653.403,16956.447,12621.72,10638.67,1960.023,13643.246
,,,,,,,,5530,4246.813,513.2251,2267.407,1598.962,17634.803,11239.58,8406.364,1694.61,14483.601
,,,,,,,,5531,4562.429,567.1489,2186.95,1649.742,18024.476,8611.855,7708.23,1452.241,15331.779
,,,,,,,,5532,4951.825,646.5977,2299.985,1791.343,18297.679,8403.845,7701.719,1536.23,16398.287
,,,,,,,,5533,5414.754,721.178,2499.17,1957.336,18586.596,8703.242,8592.139,1560.644,17286.773
,,,,,,,,5534,5966.913,774.2532,2847.897,2283.621,19041.92,9820.88,10079.59,1782.451,18324.067
,,,,,,,,5535,6520.563,840.6144,3228.133,2503.218,19721.844,11213.29,11920.31,2026.193,19046.616
,,,,,,,,5536,7009.051,916.1338,3782.336,2737.082,20574.025,13180.37,14031.02,2397.861,20185.195
,,,,,,,,5537,7602.964,979.3848,4316.009,3851.177,21216.186,15687.99,16472.79,2953.25,21393.617
,,,,,,,,5538,7860.451,1025.96,4770.996,4226.689,21635.528,18129.74,18522.99,3532.697,21694.926
,,,,,,,,5539,7634.449,993.2047,4853.057,4335.552,21384.566,19587.29,18870.49,3742.934,21096.564
,,,,,,,,5540,7124.18,924.8906,4700.603,4070.293,20629.535,19360.95,18190.51,3765.047,20186.137
,,,,,,,,5541,6584.146,838.9304,4415.483,3686.738,19592.286,18683.51,17690.91,3811.966,18706.364
,,,,,,,,5542,6138.723,796.6539,4148.377,3179.478,17968.243,18232.98,17204.03,3687.028,17503.415
,,,,,,,,5543,5685.859,727.3056,3890.346,2815.956,16625.677,17496.79,16813.16,3597.637,16017.669
,,,,,,,,5544,5279.771,664.9064,3689.799,2478.722,15591.595,18344.28,17077.62,3997.485,15076.303
,,,,,,,,5545,4870.492,610.0469,3501.793,2363.296,14931.19,16971.99,15998.82,3794.854,14435.67
,,,,,,,,5546,4617.484,570.5733,3349.497,2255.004,14503.095,15005.97,14342.29,3356.574,13864.023
,,,,,,,,5547,4466.529,536.2617,3318.618,2221.551,14474.197,13793.75,13306.15,3022.713,13527.472
,,,,,,,,5548,4369.791,511.4395,3346.591,2245.713,14802.135,13188.61,12680.6,2875.411,13473.272
,,,,,,,,5549,4378.295,501.741,3502.734,2354.479,15584.441,13439.9,12868.77,2854.617,13834.909
,,,,,,,,5550,4366.104,521.0479,3730.155,2568.913,16796.552,14931.62,13907,3069.063,14308.905
,,,,,,,,5551,4328.852,510.5526,3690.271,2639.118,17843.555,16761.77,14701.94,3470.926,14353.959
,,,,,,,,5552,4243.896,489.1775,3371.787,2459.061,18351.022,17814.41,13908.1,3191.49,14402.67
,,,,,,,,5553,4335.093,526.8024,3076.646,2153.468,18623.016,17601.35,13403.52,2907.758,15002.581
,,,,,,,,5554,4600.812,574.6265,2883.141,2029.786,19104.221,14274.41,12869.79,2756.779,15854.268
,,,,,,,,5555,4968.767,646.6693,2795.521,2065.464,19523.592,12948.77,12332.25,2408.998,16917.278
,,,,,,,,5556,5379.425,723.8684,3050.777,2304.25,20171.365,12443.14,12187.94,2240.822,18078.26
,,,,,,,,5557,5854.047,820.3239,3281.532,2500.709,21001.338,12659.98,12992.54,2244.417,18911.29
,,,,,,,,5558,6319.034,890.5632,3607.059,2784.888,21650.771,13407.63,14541.46,2507.426,19864.317
,,,,,,,,5559,6895.824,962.0494,4048.781,2976.427,22343.041,14837.88,16059.55,2852.878,20364.304
,,,,,,,,5560,7629.064,1028.079,4534.159,3215.02,23058.125,16187.34,17792.91,3088.602,21487
,,,,,,,,5561,8053.701,1092.79,5016.058,4406.797,23443.133,19106.59,19833.45,3643.104,22755.286
,,,,,,,,5562,8373.095,1125.93,5282.497,4565.711,23318.885,21085.51,21463.37,4171.234,23360.961
,,,,,,,,5563,7994.827,1091.958,5270.009,4617.399,22965.949,21810.48,21305.52,4249.751,22542.156
,,,,,,,,5564,7496.251,997.7789,5136.686,4344.537,22109.121,21600.82,20484.17,4175.052,21196.714
,,,,,,,,5565,7020,908.3441,4846.18,3915.784,20764.148,21242.75,20573.77,4274.008,19915.011
,,,,,,,,5566,6394.921,811.4427,4497.623,3348.618,19029.658,20621.43,20141.11,4140.968,18306.322
,,,,,,,,5567,5885.715,728.8303,4207.754,2934.833,17512.467,20364.33,20027.94,4153.373,17017.775
,,,,,,,,5568,5342.491,674.5239,3934.848,2619,16423.628,19772.9,18860.27,4297.104,16034.709
,,,,,,,,5569,4965.104,616.9242,3672.157,2491.629,15641.581,17561.2,16991.7,3859.369,15200.634
,,,,,,,,5570,4696.15,573.3135,3478.375,2356.435,15215.937,15570.21,15043.41,3374.429,14427.402
,,,,,,,,5571,4522.872,539.002,3410.834,2319.417,15032.859,14232.27,13842.55,2990.43,14086.999
,,,,,,,,5572,4416.565,510.0428,3407.934,2342.778,15105.683,13695.54,13166.28,2862.805,13830.104
,,,,,,,,5573,4410.187,507.7653,3583.215,2437.473,15863.061,13947.89,13441.76,2853.691,14132.406
,,,,,,,,5574,4391.866,515.6954,3774.535,2643.916,17027.638,15358.19,14303.13,3078.928,14625.761
,,,,,,,,5575,4398.448,507.1429,3793.199,2761.459,18189.92,17092.14,15140.33,3364.306,14548.979
,,,,,,,,5576,4263.031,500.0105,3444.701,2597.161,18769.581,16934.32,14268.6,3018.175,14758.498
,,,,,,,,5577,4327.9,545.482,3195.461,2322.061,19323.042,16075.49,13600.99,2689,15228.636
,,,,,,,,5578,4608.751,588.1998,3048.156,2233.627,19551.528,14802.26,12902.68,2431.416,16252.177
,,,,,,,,5579,5026.669,656.0593,2981.363,2268.666,20182.08,13603.84,12548.07,2169.461,17155.182
,,,,,,,,5580,5441.579,746.9944,3344.891,2589.261,20852.372,13224.25,12966.2,2216.824,18331.716
,,,,,,,,5581,5991.431,830.5112,3580.812,2815.413,21458.868,13698.31,13706.11,2376.942,19077.759
,,,,,,,,5582,6679.66,907.8091,4017.357,3215.325,21633.327,14599.4,15376.69,2636.375,20018.526
,,,,,,,,5583,7263.891,994.6186,4451.024,3413.029,22193.712,16042.23,17045.41,2837.224,20341.389
,,,,,,,,5584,7753.691,1053.464,4949.91,3618.856,22238.681,17670.22,18598.91,3088.178,21422.437
,,,,,,,,5585,8098.598,1133.563,5386.463,4725.908,22141.902,20109.6,20644.71,3605.623,22685.156
,,,,,,,,5586,8195.564,1163.781,5647.143,5142.771,22064.751,22238.18,22261.84,4201.455,23338.58
,,,,,,,,5587,8022.466,1123.595,5549.387,5178.449,21752.028,23126.32,21964.28,4414.965,22565.112
,,,,,,,,5588,7514.323,1040.321,5408.352,4810.211,21304.693,22673.12,21349.56,4196.735,21211.997
,,,,,,,,5589,7086.973,951.067,5038.33,4413.248,20332.852,22037.81,21212.89,4264.756,19472.607
,,,,,,,,5590,6496.975,875.0319,4655.041,3844.478,18710.227,21767.76,20144.71,4065.408,18058.22
,,,,,,,,5591,5992.021,790.7228,4329.475,3408.467,17289.107,21543.42,19546.97,4040.653,16774.115
,,,,,,,,5592,5475.374,730.0111,4020.872,3093.52,16248.736,20841.06,18798.53,4194.823,15689.988
,,,,,,,,5593,5185.158,670.8959,3780.768,2923.657,15573.051,18506.3,17080.37,3797.493,15132.106
,,,,,,,,5594,4914.078,614.8742,3595.108,2777.958,15166.554,16472.36,15258.21,3353.804,14356.977
,,,,,,,,5595,4629.178,585.7339,3525.632,2701.019,15056.597,15026.27,14020.07,3021.788,13875.753
,,,,,,,,5596,4484.602,546.2417,3535.682,2712.162,15298.55,14232.61,13515.41,2880.711,13656.792
,,,,,,,,5597,4605.791,541.0519,3630.086,2734.781,15970.926,14403.06,13697.77,2864.452,13957.927
,,,,,,,,5598,4505.614,545.0262,3860.775,2919.411,17213.796,15819.4,14777,3078.899,14426.319
,,,,,,,,5599,4589.233,553.1013,3930.53,3020.81,18231.576,17675.5,15634.46,3643.514,14326.454
,,,,,,,,5600,4728.2,547.3047,3534.354,2885.129,18660.54,18202.98,14643.64,4215.419,14677.44
,,,,,,,,5601,4513.936,584.8739,3206.943,2726.375,18837.052,17609.49,14010.27,4243.723,15057.89
,,,,,,,,5602,4767.961,643.5682,3134.397,2677.536,18881.776,16289.93,13489.2,3674.781,15997.859
,,,,,,,,5603,5448.003,710.3141,3131.223,2800.083,19077.592,15375.6,12984.62,2676.45,17031.219
,,,,,,,,5604,5823.015,784.9473,3342.24,3158.235,19510.813,15008.06,12738.64,1910.234,18013.836
,,,,,,,,5605,6418.51,866.9324,3607.738,3345.256,19576.744,15166.69,13343.35,1908.022,19002.611
,,,,,,,,5606,6432.713,931.7637,3961.182,3608.896,19971.364,16223.88,15356.44,2445.501,20010.584
,,,,,,,,5607,6808.653,1007.868,4386.563,3844.981,20298.612,17448.43,16342.58,3198.95,20414.519
,,,,,,,,5608,7314.398,1053.158,4717.848,4065.217,20835.646,18726.89,17346.77,3485.244,21458.053
,,,,,,,,5609,7727.59,1110.628,5149.698,5169.908,21415.531,20672.58,19274.36,3117.329,22471.028
,,,,,,,,5610,7834.373,1123.027,5328.307,5500.101,21751.849,22958.6,20572.34,3693.51,22800.357
,,,,,,,,5611,7612.125,1123.605,5280.749,5529.974,21647.595,23853.08,20677.61,3956.632,22118.682
,,,,,,,,5612,7260.252,986.739,5129.669,5190.478,21072.936,23349.97,20169.88,3881.093,21244.963
,,,,,,,,5613,6892.433,932.4504,4775.493,4763.284,20023.473,22617.81,20062.49,3994.39,19888.77
,,,,,,,,5614,6313.065,858.6744,4443.344,4099.102,18445.769,22072.99,19383.62,3928.657,18421.762
,,,,,,,,5615,5812.364,783.3019,4166.981,3603.871,17080.359,21476.46,19286.41,4008.136,17039.303
,,,,,,,,5616,5359.5,711.7756,3876.709,3226.552,16031.16,20890.42,18601.24,4137.379,15966.753
,,,,,,,,5617,4978.924,672.1114,3667.888,2976.847,15397.424,18700.36,17003.73,3788.525,15260.82
,,,,,,,,5618,4753.556,619.1924,3512.143,2824.432,14985.329,16522.28,15202.56,3304.483,14737.866
,,,,,,,,5619,4549.448,589.8616,3464.294,2802.51,14900.074,15134,14076.25,3012.872,14514.865
,,,,,,,,5620,4512.241,563.824,3471.042,2771.88,15243.709,14541.86,13458.01,2844.025,14441.1
,,,,,,,,5621,4492.043,563.8055,3627.595,2862.949,16110.909,14702.13,13749.58,2807.061,14546.858
,,,,,,,,5622,4498.172,567.5894,3866.002,3105.585,17389.849,16154.11,14834.05,3044.874,15042.116
,,,,,,,,5623,4463.046,571.5272,3987.843,3171.9,18381.027,17660.81,15754.26,3512.026,15155.605
,,,,,,,,5624,4450.13,559.4697,3823.875,3104.232,18883.153,17779.19,15881.65,3442.923,14979.683
,,,,,,,,5625,4541.327,571.6191,3307.039,2952.548,19003.318,17290.31,14379.38,2704.348,15229.776
,,,,,,,,5626,4663.533,604.0408,2802.79,3008.099,18987.87,16043.7,13172.42,2414.765,15807.594
,,,,,,,,5627,5009.412,658.5013,2755.167,3235.204,19157.17,15011.81,12038.53,2084.831,16619.598
,,,,,,,,5628,5289.878,718.2183,2824.225,3590.43,19525.221,14576.84,12279.4,2051,17500.735
,,,,,,,,5629,5763.121,804.4568,3053.302,3792.881,20068.185,14943.52,13572.92,2107.896,18458.606
,,,,,,,,5630,6719.221,871.1661,3378.262,3865.507,20524.977,15959.34,14781.11,2319.832,19302.82
,,,,,,,,5631,7283.569,914.5461,3752.003,4185.308,21244.179,17538.65,16509.27,2652.707,19531.989
,,,,,,,,5632,7691.017,990.6818,4163.129,4293.906,21613.663,18990.88,17690.65,2846.313,20611.677
,,,,,,,,5633,8180.07,1025.399,4737.599,5399.981,22343.654,21438.2,20003.04,3504.867,21592.235
,,,,,,,,5634,8125.402,1032.984,5149.027,5598.992,22298.46,23258.5,21218.68,3942.263,21969.036
,,,,,,,,5635,7830.052,983.6803,5133.307,5409.79,21892.167,24001.13,21121.89,4078.019,21408.38
,,,,,,,,5636,7510.071,928.9111,5034.478,5026.747,21335.069,23274.8,20236.74,4009.311,20740.345
,,,,,,,,5637,7105.045,847.5414,4722.191,4601.018,20282.508,23172.12,19945.55,4123.716,19372.147
,,,,,,,,5638,6494.849,784.5706,4433.702,3975.493,18683.477,22516.6,19619,4049.987,18163.909
,,,,,,,,5639,5989.895,713.335,4185.722,3464.893,17202.514,21999.6,19618.53,4114.667,16882.09
,,,,,,,,5640,5557.229,655.9166,3922.458,3078.92,16137.711,21268.87,18977.48,4227.083,15906.066
,,,,,,,,5641,5166.023,623.5015,3688.149,2886.748,15530.386,18911.98,17206.61,3844.095,15290.845
,,,,,,,,5642,4930.024,581.9594,3546.869,2697.15,14969.894,16689.53,15340.73,3322.389,14743.77
,,,,,,,,5643,4686.583,555.9218,3491.309,2629.417,14840.708,15275.79,14173.11,3010.13,14398.38
,,,,,,,,5644,4597.286,535.0461,3505.774,2608.406,15084.426,14623.14,13613.66,2846.686,14385.145
,,,,,,,,5645,4653.628,533.8121,3627.185,2704.564,15844.634,14753.4,13812.33,2852.794,14572.653
,,,,,,,,5646,4635.308,541.0798,3830.463,2884.743,17032.846,16042.18,14780.22,2981.999,15151.749
,,,,,,,,5647,4712.548,552.99,3814.276,2997.618,17832.43,17755.61,15516.24,3325.382,15231.042
,,,,,,,,5648,4574.757,546.8599,3515.432,2806.038,18402.262,17648.67,14822.37,3086.265,14879.28
,,,,,,,,5649,4698.094,555.9067,3186.237,2562.291,18628.859,17150.03,14470.09,2835.24,15173.194
,,,,,,,,5650,4890.462,576.0747,3012.215,2510.711,18804.763,15977.48,13772.95,2593.796,15425.946
,,,,,,,,5651,5227.588,610.8845,3043.557,2637.544,19113.37,14825.52,13261.31,2325.474,15966.497
,,,,,,,,5652,5577.651,686.0596,3294.992,2936.397,19448.508,14356.79,13790.84,2258.264,16582.993
,,,,,,,,5653,5994.62,733.2983,3594.351,3169.642,20059.183,14355.7,14916.95,2291.233,17532.538
,,,,,,,,5654,6505.567,783.5151,3937.941,3518.766,20492.154,15085.79,16428.29,2617.189,18723.898
,,,,,,,,5655,7180.158,839.4875,4276.425,3900.161,21224.918,16644.58,17789.95,2798.441,19224.181
,,,,,,,,5656,7615.742,909.4083,4846.142,4121.807,21922.163,18123.91,19089.42,3037.467,20010.283
,,,,,,,,5657,8030.811,945.2155,5325.141,5184.396,22221.078,20480.23,20844.76,3589.862,21062.643
,,,,,,,,5658,8197.69,971.282,5592.816,5399.189,21938.124,22238.34,22490.56,4059.461,21345.415
,,,,,,,,5659,7909.782,939.5698,5507.234,5189.389,21434.018,22897.82,22107.76,4156.561,20617.885
,,,,,,,,5660,7423.963,899.4707,5139.791,4934.679,20707.722,22441.08,20943.42,4121.958,19933.421
,,,,,,,,5661,7030.631,838.4144,4812.068,4489.129,19685.309,22433.67,21256.67,4353.86,18882.089
,,,,,,,,5662,6551.19,768.3943,4497.934,3935.68,18214.79,22276.38,20634.54,4341.794,17920.699
,,,,,,,,5663,6083.444,709.5698,4238.937,3415.376,17011.898,21574.74,20518.52,4330.471,16876.251
,,,,,,,,5664,5739.013,662.4939,4008.885,2948.511,16006.443,20537.59,19301.04,4298.127,15940.57
,,,,,,,,5665,5345.68,626.1138,3813.009,2757.918,15272.035,18776.51,17682.08,4017.953,15282.122
,,,,,,,,5666,5112.87,587.4839,3642.792,2611.557,14789.595,16822.14,16048,3556.292,14626.789
,,,,,,,,5667,4859.862,552.1379,3555.955,2549.077,14550.499,15379.02,14830.74,3210.016,14184.828
,,,,,,,,5668,4724.853,531.2717,3492.273,2472.386,14582.623,14399.21,13926.6,2963.469,13969.052
,,,,,,,,5669,4633.43,519.8948,3563.106,2480.377,14797.184,13893.72,13512.4,2838.999,13896.606
,,,,,,,,5670,4559.83,515.4324,3581.853,2589.86,15220.094,13870.6,13444.19,2799.903,14009.819
,,,,,,,,5671,4403.764,497.6602,3441.54,2544.181,15906.527,13935.57,12719.26,2752.554,13954.496
,,,,,,,,5672,4378.589,478.7938,3102.748,2419.318,16467.674,12875.55,11235.86,2470.561,13951.172
,,,,,,,,5673,4521.626,493.0378,2954.826,2284.224,17232.438,12357.03,10805.8,2394.434,14153.437
,,,,,,,,5674,4819.237,529.2154,2928.022,2356.538,17645.047,11942.98,10523.96,2357.257,14579.432
,,,,,,,,5675,5061.501,555.0886,2948.452,2769.039,17915.076,11190.22,10529.71,2203.718,15538.104
,,,,,,,,5676,5366.917,604.0466,3187.271,2937.342,18069.72,11090.09,11155.1,2403.412,16217.188
,,,,,,,,5677,5904.26,667.9683,3467.78,3353.945,18495.285,11635.08,12414.38,2407.943,17280.801
,,,,,,,,5678,6358.616,752.0139,3806.24,3531.275,18800.864,12740.44,14047.53,2629.205,18382.991
,,,,,,,,5679,7052.591,835.5218,4168.178,3804.318,19306.762,14748.87,16161.94,2895.94,19036.548
,,,,,,,,5680,7494.553,933.3819,4637.283,3958.396,19978.282,16467.61,17648.04,3384.571,20043.717
,,,,,,,,5681,7955.334,974.1016,5046.841,5089.299,20583.764,18608.06,19526.05,3869.13,21065.054
,,,,,,,,5682,8139.47,970.6895,5290.444,5369.7,20805.319,21029.75,21177.92,4039.176,21203.083
,,,,,,,,5683,7754.575,941.5197,5250.841,5262.719,20473.696,22104.8,21154.58,4167.485,20476.985
,,,,,,,,5684,7430.341,880.5542,5099.516,4910.227,19861.724,21444.83,20651.64,4146.212,19731.642
,,,,,,,,5685,6932.829,819.4885,4765.998,4423.753,19056.393,21190.75,20073.58,4293.932,18782.384
,,,,,,,,5686,6525.677,758.5956,4445.829,3877.458,17724.768,20357.46,19198.17,4111.391,17836.034
,,,,,,,,5687,6158.921,719.4219,4225.828,3421.323,16572.578,19108.48,18535.41,3940.682,16912.166
,,,,,,,,5688,5684.796,670.0869,3989.993,2974.666,15652.412,19195.13,18380.94,4178.894,16089.951
,,,,,,,,5689,5294.653,635.7846,3767.683,2783.769,15055.961,18181.14,17429.36,4043.959,15459.306
,,,,,,,,5690,5023.573,589.0712,3580.093,2651.478,14603.592,16310.95,15917.71,3593.036,14882.904
,,,,,,,,5691,4803.52,553.544,3533.771,2531.466,14408.657,15001.86,14654.65,3287.136,14493.499
,,,,,,,,5692,4654.691,534.5649,3489.385,2461.88,14415.989,13932.88,13663.18,3019.913,14166.293
,,,,,,,,5693,4557.953,520.9291,3526.041,2476.339,14626.591,13444.52,13262.65,2967.262,13938.68
,,,,,,,,5694,4430.137,507.3489,3499.437,2556.158,15082.473,13249.96,13053.65,2848.305,14016.529
,,,,,,,,5695,4382.434,480.0965,3404.24,2459.555,15670.288,13058.08,12307.14,2708.123,14109.103
,,,,,,,,5696,4172.354,449.7831,3137.76,2418.139,16107.199,12033.15,11052.1,2404.083,14466.986
,,,,,,,,5697,4360.29,474.1792,2901.112,2333.545,16672.887,11643.41,10588.32,2270.73,14798.619
,,,,,,,,5698,4729.873,518.2498,2923.763,2504.338,17106.674,11307.85,10690.25,2231.498,15093.982
,,,,,,,,5699,5068.875,564.0106,3009.551,2723.621,17492.88,10876.65,11250.43,2231.917,16041.519
,,,,,,,,5700,5630.353,640.5472,3173.317,2962.423,17948.438,10954.91,12254.96,2374.626,16875.031
,,,,,,,,5701,6283.999,711.6995,3349.873,3245.854,18466.533,11814.23,12727.17,2404.427,18117.237
,,,,,,,,5702,6497.741,770.4972,3730.167,3578.994,19008.905,13236.24,14402.09,2578.792,19171.73
,,,,,,,,5703,7015.632,846.9548,4156.884,3828.128,19793.212,14646.16,15944.35,2861.62,19894.139
,,,,,,,,5704,7501.18,920.3501,4601.398,3958.658,20494.826,17091.18,17735.66,3079.893,21014.015
,,,,,,,,5705,8057.637,981.4769,5120.381,5047.215,21157.928,19147.18,19887.89,3542.056,22005.74
,,,,,,,,5706,8242.587,1009.919,5463.019,5376.132,21506.451,21232.51,21634.92,4091.456,22429.884
,,,,,,,,5707,8050.105,967.9105,5422.457,5281.276,21152.098,22364.38,21126.71,4269.285,21729.594
,,,,,,,,5708,7561.098,905.9016,5315.903,4921.206,20482.225,21939.3,20918.14,4235.72,20860.262
,,,,,,,,5709,7049.766,872.5795,4968.878,4496.138,19453.157,21510.51,20126.38,4294.48,19601.483
,,,,,,,,5710,6705.334,812.3489,4630.775,3961.399,17882.198,20647.49,19372.73,4101.28,18348.703
,,,,,,,,5711,6194.002,754.7493,4323.541,3418.48,16494.892,19321.14,18642.36,3955.155,17140.524
,,,,,,,,5712,5658.22,703.355,4022.656,3094.903,15509.478,19762.24,18765.15,4262.952,16456.597
,,,,,,,,5713,5219.176,664.1907,3817.278,2908.785,14982.541,18250.19,17433.62,4032.521,15755.823
,,,,,,,,5714,4986.366,620.3987,3648.581,2789.988,14629.8,16003.2,15756.63,3525.163,15208.771
,,,,,,,,5715,4750.367,584.0186,3598.4,2725.018,14608.263,14808.55,14598.63,3225.429,14869.302
,,,,,,,,5716,4678.079,565.2208,3606.118,2706.107,15021.199,14140.61,13925.85,3081.691,14827.393
,,,,,,,,5717,4683.394,558.9967,3782.528,2815.674,15944.686,14338.35,14110.53,3116.467,15142.723
,,,,,,,,5718,4644.875,572.2794,3991.991,3097.593,17208.28,15682.17,15250.13,3318.33,15694.197
,,,,,,,,5719,4698.48,577.3679,4038.939,3104.667,18298.144,17465.1,16182.12,3641.977,15753.767
,,,,,,,,5720,4626.033,563.6744,3781.839,3084.943,18690.623,17873.88,15910.43,3551.082,16007.762
,,,,,,,,5721,4881.438,585.9666,3527.226,2994.218,18846.717,17781.51,15683.77,3337.018,16014.475
,,,,,,,,5722,5110.199,639.1434,3432.093,3110.537,19221.113,16736.76,15231.64,3131.06,16696.272
,,,,,,,,5723,5543,691.8979,3474.047,3264.352,19843.407,15564.16,14871.77,2792.412,17615.693
,,,,,,,,5724,5931.334,768.1184,3615.623,3684.434,20621.161,15339.81,15006.96,2836.086,18653.564
,,,,,,,,5725,6471.866,842.3176,3907.501,3960.896,21359.363,15785.51,16218.21,2925.893,19743.578
,,,,,,,,5726,7003.825,915.841,4266.828,4230.5,21923.697,16968.5,17459.73,3104.315,20485.912
,,,,,,,,5727,7580.615,984.9426,4726.006,4312.445,22751.049,18352,19233.36,3403.857,21168.417
,,,,,,,,5728,8329.418,1052.795,5198.323,4347.223,23555.739,19607.33,20528.66,3620.801,21986.501
,,,,,,,,5729,8593.103,1110.331,5546.667,5445.306,24037.716,21755.4,22041.4,3996.121,23032.721
,,,,,,,,5730,8685.883,1136.16,5797.964,5707.052,24167.099,23913.07,23568.67,4393.688,23365.5
,,,,,,,,5731,8498.717,1102.064,5630.441,5599.844,23566.764,24579.17,22939.55,4437.172,22594.394
,,,,,,,,5732,8042.664,1036.589,5506.527,5150.918,22473.304,24075.85,22208.81,4423.435,21782.299
,,,,,,,,5733,7343.17,961.7065,5245.21,4633.541,20998.877,23822.99,22262.48,4498.886,20465.863
,,,,,,,,5734,6779.749,880.791,4798.648,3969.747,19084.234,23050.98,21422.96,4400.31,19129.999
,,,,,,,,5735,6308.813,808.3492,4461.499,3460.999,17508.389,22177.74,21160.77,4387.636,17903.528
,,,,,,,,5736,5799.607,745.3969,4090.746,3200.457,16404.251,21288.23,20078.73,4448.654,17032.022
,,,,,,,,5737,5301.032,698.9928,3847.748,2949.368,15723.743,18946.68,17999.41,4015.402,16329.492
,,,,,,,,5738,5065.032,646.2643,3660.719,2899.021,15148.79,16626.67,16196.84,3489.213,15756.61
,,,,,,,,5739,4839.664,611.9527,3591.243,2846.245,15074.415,15327.56,14928.97,3185.024,15382.684
,,,,,,,,5740,4806.708,589.8616,3595.102,2822.082,15419.2,14716.93,14216.84,3032.29,15213.214
,,,,,,,,5741,4747.177,572.0703,3800.291,2916.528,16212.245,14906.42,14504.25,3050.976,15545.161
,,,,,,,,5742,4801.145,580.3721,4017.076,3092.753,17447.53,16175.3,15523.53,3274.39,16038.638
,,,,,,,,5743,4816.728,580.1082,4099.253,3202.541,18550.625,18164.71,16670,3794.677,16057.458
,,,,,,,,5744,4785.989,582.2429,3828.677,2941.275,18930.611,19061.11,16406.35,4226.453,16138.961
,,,,,,,,5745,4972.612,607.6234,3379.16,2697.896,18994.774,17916.03,16352.99,4535.472,16703.018
,,,,,,,,5746,5227.95,653.8065,3257.275,2694.844,19562.712,16917.45,14646.39,4337.396,17228.519
,,,,,,,,5747,5648.809,710.5261,3168.25,2786.62,20161.749,15656.7,14051.14,2532.48,17797.442
,,,,,,,,5748,6105.178,792.5803,3337.237,2999.133,21000.735,14825.21,13608.81,2350.564,18725.068
,,,,,,,,5749,6605.313,876.7503,3708.393,3418.311,22141.119,15501.76,15116.62,2436.5,19715.18
,,,,,,,,5750,7192.552,947.5966,4016.031,3664.151,23045.323,16641.37,16382.58,2748.159,20523.664
,,,,,,,,5751,7811.05,1018.048,4368.68,3915.381,23595.333,17808.77,17812.22,3004.76,21003.401
,,,,,,,,5752,8233.629,1065.271,4848.644,4116.156,24466.833,19677.73,19681.47,3333.797,21859.577
,,,,,,,,5753,8615.743,1114.533,5350.796,5153.286,25125.268,21368.43,21300.39,3837.469,22860.712
,,,,,,,,5754,8742.225,1150.696,5587.623,5364.816,24864.995,23383.93,22723.33,4163.486,23141.51
,,,,,,,,5755,8342.447,1107.472,5575.436,5236.046,23819.704,23871.16,22373.39,4194.021,22443.96
,,,,,,,,5756,7860.881,1036.246,5423.379,4847.75,22519.604,23478.21,21522.23,4201.83,21708.676
,,,,,,,,5757,7433.531,970.7803,5042.189,4432.302,21141.927,23420.62,21285.41,4316.795,20246.23
,,,,,,,,5758,7005.117,882.153,4622.238,3869.611,19235.526,22676.1,20900.29,4257.865,18125.251
,,,,,,,,5759,6513.983,810.9174,4323.687,3328.958,17584.351,21904.54,20603.27,4278.37,16501.091
,,,,,,,,5760,6007.967,749.1807,4027.064,2978.704,16483.195,21215.63,19568.94,4364.308,15749.176
,,,,,,,,5761,5564.671,705.0263,3784.627,2794.439,15855.56,18900.09,17621.67,3969.668,15110.348
,,,,,,,,5762,5327.608,643.8333,3632.735,2634.032,15249.914,16686.82,15762.79,3452.446,14550.088
,,,,,,,,5763,5138.383,617.7958,3568.082,2531.879,15162.113,15274.01,14589.36,3100.701,14299.344
,,,,,,,,5764,5055.465,595.8859,3595.499,2539.87,15509.096,14619.01,14018.23,2963.212,14273.91
,,,,,,,,5765,5059.717,578.285,3762.261,2623.422,16430.713,14846.77,14130.64,3000.758,14582.482
,,,,,,,,5766,5070.099,593.6362,3991.985,2845.872,17554.577,16210.42,15088.91,3222.378,15200.259
,,,,,,,,5767,5190.925,585.163,4028.645,2966.157,18421.165,18355.19,15756.16,3724.73,15041.381
,,,,,,,,5768,5135.419,589.4868,3780.901,2732.888,19161.897,18881.76,15423.74,3672.697,14790.98
,,,,,,,,5769,5072.291,613.6662,3413.697,2417.585,19509.193,19281.09,14707,3963.297,14915.425
,,,,,,,,5770,5224.264,655.7568,3370.137,2340.881,19814.72,17860.32,14361.76,2784.704,15506.126
,,,,,,,,5771,5519.93,697.6807,3435.759,2375.731,19874.959,15004.71,14060.04,2488.643,16271.786
,,,,,,,,5772,5826.407,789.8406,3658.103,2565.793,20243.127,14082.72,13808.7,2416.787,17155.254
,,,,,,,,5773,6284.021,855.2776,3939.333,2753.865,20797.224,14147.23,14969.82,2391.685,18238.983
,,,,,,,,5774,6884.265,933.6098,4292.9,3086.268,21549.413,15148.77,16685.49,2816.86,18784.922
,,,,,,,,5775,7486.817,1010.749,4722.996,3361.528,22294.607,16546.15,18539.83,3094.698,19377.684
,,,,,,,,5776,7976.368,1060.175,5128.004,3505.573,23226.188,18174.66,20073.72,3337.173,20539.219
,,,,,,,,5777,8410.821,1104.256,5606.037,4610.436,23609.289,20231.19,21683.88,3774.302,21852.749
,,,,,,,,5778,8473.271,1150.952,5863.129,4908.785,23252.451,22309.34,22865.1,4214.862,21835.125
,,,,,,,,5779,8087.313,1110.159,5657.015,4752.536,22604.054,23124.4,22395.1,4237.253,21132.002
,,,,,,,,5780,7652.521,1032.246,5480.851,4520.221,21786.847,22877.66,21571.91,4293.749,20468.997
,,,,,,,,5781,7187.964,964.5123,5116.063,4243.257,20856.557,22610.13,21923.54,4503.319,19239.179
,,,,,,,,5782,6709.586,871.0854,4694.188,3713.547,19177.358,21724.59,21361.22,4361.625,17912.916
,,,,,,,,5783,6240.777,799.8499,4386.953,3158.434,17714.307,21227.89,21066,4413.686,16603.156
,,,,,,,,5784,5786.85,732.4606,4051.335,2811.581,16641.265,20528.06,19766.05,4470.073,15738.188
,,,,,,,,5785,5468.995,690.728,3852.162,2631.213,16014.623,18292.7,17869.46,4042.305,15166.49
,,,,,,,,5786,5097.987,642.9803,3689.663,2510.314,15570.162,16204.29,15872.41,3502.664,14591.832
,,,,,,,,5787,4909.826,605.3754,3630.238,2437.966,15450.261,14876.09,14752.22,3211.949,14269.098
,,,,,,,,5788,4882.186,590.7147,3635.055,2429.397,15658.44,14240.5,13921.48,2971.363,14171.152
,,,,,,,,5789,4796.078,570.011,3816.692,2516.265,16403.254,14480.28,14060.89,2944.263,14504.161
,,,,,,,,5790,4706.532,593.3901,4050.276,2709.524,17502.624,15818.55,15099.3,3157.864,15090.557
,,,,,,,,5791,4755.071,588.0197,4124.264,2816.565,18600.265,17571.09,16118.67,3533.72,15184.781
,,,,,,,,5792,4783.298,606.6005,3876.521,2659.361,19269.804,17540.12,15950.11,3486.744,15566.441
,,,,,,,,5793,4802.025,609.7753,3414.891,2247.244,19722.086,16070.49,14427.39,3212.69,15800.858
,,,,,,,,5794,4977.384,661.7366,3337.867,2089.86,19908.266,14809.01,13846.06,2969.104,16531.877
,,,,,,,,5795,5351.717,717.2314,3400.566,2117.054,20018.164,13843.3,13660.61,2815.422,17364.325
,,,,,,,,5796,5774.068,814.1258,3636.532,2272.673,20412.869,13311.92,13498.6,2600.923,18292.9
,,,,,,,,5797,6229.307,888.009,4016.196,2485.078,20903.718,13270.1,14812.48,2727.367,19270.297
,,,,,,,,5798,6774.272,956.8979,4421.526,2814.822,21625.835,14350.03,16442.83,3140.656,20174.577
,,,,,,,,5799,7385.329,1025.1,4796.232,3186.823,21926.578,15689.47,18207.34,3303.2,20820.008
,,,,,,,,5800,7794.336,1089.915,5261.386,3413.365,22433.682,17355.26,20099.41,3651.943,21656.189
,,,,,,,,5801,8214.97,1148.42,5685.723,4636.528,22796.134,19781.43,21825.63,4034.19,22845.491
,,,,,,,,5802,8330.821,1165.313,5821.814,5020.609,22799.156,22101.89,22594.27,4461.299,23177.569
,,,,,,,,5803,7973.565,1118.133,5580.002,4884.986,22367.777,22729.53,21862.31,4479.178,22313.539
,,,,,,,,5804,7431.405,1037.508,5443.546,4685.315,21625.989,22174.96,21239.18,4430.41,21343.9
,,,,,,,,5805,7063.585,972.686,5088.81,4295.305,20514.117,21899.67,21467.1,4606.428,20073.24
,,,,,,,,5806,6385.353,900.407,4724.102,3812.656,18728.867,21219.19,21089.54,4482.743,18770.244
,,,,,,,,5807,5923.985,828.1372,4431.742,3224.315,17553.985,20901.86,20771.52,4424.357,17388.582
,,,,,,,,5808,5438.167,750.0338,4129.886,2884.567,16448.238,20462.8,19858.95,4490.727,16490.127
,,,,,,,,5809,5138.383,703.139,3867.599,2678.737,15772.564,18191.88,17860.72,4085.32,15810.309
,,,,,,,,5810,4769.501,658.4941,3703.164,2525.908,15279.543,16098.84,15858.42,3562.718,15204.096
,,,,,,,,5811,4585.592,616.9427,3626.378,2423.507,14856.171,14776.62,14630.46,3281.844,14831.215
,,,,,,,,5812,4490.98,582.6218,3623.478,2414.052,15097.157,14168.34,13895.24,3087.014,14761.613
,,,,,,,,5813,4471.845,580.3535,3713.051,2501.806,15771.203,14282.88,13861.3,3060.84,14959.165
,,,,,,,,5814,4437.578,591.7582,3920.188,2690.389,16740.654,15643.77,14852.49,3248.333,15496.674
,,,,,,,,5815,4485.303,591.3686,3957.769,2764.699,17829.32,17453.47,15845.09,3737.233,15529.34
,,,,,,,,5816,4284.542,582.3026,3638.551,2647.122,18407.503,17193.09,15042.33,3852.741,15683.61
,,,,,,,,5817,4386.369,603.7604,3276.553,2381.716,18897.096,16215.74,14315.4,3592.992,15809.824
,,,,,,,,5818,4492.629,641.2883,3160.792,2338.541,19287.646,14961.59,13604.91,2908.014,16274.808
,,,,,,,,5819,4988.15,689.5434,3162.897,2425.453,19368.668,13905.56,13371.19,2694.673,17245.696
,,,,,,,,5820,5496.61,797.8702,3492.773,2639.514,20080.231,13297.35,13164.08,2680.843,17907.146
,,,,,,,,5821,5975.485,853.3273,3941.674,2939.116,20685.15,13599.83,14629.24,2730.639,18674.043
,,,,,,,,5822,6595.928,916.9338,4253.17,3325.034,21243.408,14434.53,16089.22,2976.609,19625.976
,,,,,,,,5823,7253.51,1010.139,4955.336,3682.242,21812.08,15815.52,18449.66,3266.367,20338.472
,,,,,,,,5824,7766.945,1073.855,5373.957,3972.151,22663.815,17359.67,19543.16,3515.821,21441.616
,,,,,,,,5825,8174.573,1116.846,5756.14,5022.388,22681.822,19666.18,21444.42,3958.914,22581.69
,,,,,,,,5826,8345.953,1147.05,5872.303,5205.312,22488.228,21881.48,22358.48,4275.432,22648.228
,,,,,,,,5827,7939.547,1101.948,5651.952,5152.045,21913.447,22758.7,21494.32,4207.988,21729.992
,,,,,,,,5828,7325.099,1011.17,5252.67,4696.202,21238.994,21944.88,20230.12,4193.538,20918.077
,,,,,,,,5829,6874.361,934.5999,4895.04,4370.416,20331.017,21763.35,20258.84,4363.301,19816.127
,,,,,,,,5830,6234.398,870.7855,4606.954,3828.523,18966.154,21551.41,20153.63,4239.616,18524.755
,,,,,,,,5831,5826.184,791.2759,4308.402,3326.079,17670.813,21041.03,19936.43,4256.092,17391.373
,,,,,,,,5832,5282.959,732.8232,4054.23,2864.466,16616.212,20351.66,19164.67,4322.02,16533.685
,,,,,,,,5833,4937.465,642.5992,3843.883,2704.921,15031.35,18263.29,17835.09,4056.082,15748.502
,,,,,,,,5834,4620.673,609.5125,3690.066,2552.008,14560.805,16515.43,16095.89,3626.323,15167.641
,,,,,,,,5835,4445.268,570.0295,3585.46,2432.16,14288.994,14942.1,14618.87,3278.028,14680.039
,,,,,,,,5836,4333.647,536.0897,3536.25,2379.796,14223.406,14023.61,13824.34,3066.948,14454.572
,,,,,,,,5837,4244.35,530.7279,3534.724,2436.751,14559.996,13546.28,13209.32,2987.396,14352.535
,,,,,,,,5838,4133.418,530.5794,3671.01,2480.049,15073.151,13600.58,13284.79,2955.045,14479.806
,,,,,,,,5839,3866.682,519.6368,3515.148,2458.375,15702.397,13516.44,12657.76,2962.076,14555.029
,,,,,,,,5840,3768.859,498.435,3257.763,2355.603,16168.913,12769.35,11507.97,3489.255,14704.303
,,,,,,,,5841,3933.668,512.8185,3118.813,2274.214,16661.969,12211.3,10550.71,3889.194,14869.566
,,,,,,,,5842,4194.956,542.97,2981.502,2372.094,17172.625,11743.66,10476.29,2329.133,15579.858
,,,,,,,,5843,4600.186,592.5159,3022.996,2443.603,17558.805,11615.74,10956.98,2244.295,16459.048
,,,,,,,,5844,5140.164,673.7673,3175.66,2651.919,17660.182,11200.22,11678.46,2594.178,17184.489
,,,,,,,,5845,5747.918,758.8781,3458.47,2824.427,17882.104,11337.33,13311.84,3034.32,18012.547
,,,,,,,,5846,6343.718,835.9783,3993.595,3169.21,18368.477,12524.66,14355.79,3665.377,19124.965
,,,,,,,,5847,7554.043,906.1147,4264.745,3540.083,18985.326,14617.93,16799.27,3300.181,20407.785
,,,,,,,,5848,7934.098,941.9644,5029.373,3792.377,19713.901,16315.97,18549.96,3411.665,21032.411
,,,,,,,,5849,8352.592,1014.359,5030.761,4503.425,20317.488,18677.33,20076.73,4413.329,22481.076
,,,,,,,,5850,8158.165,1040.366,5463.914,4775.397,20386.571,20740.33,21243.44,4150.188,20380.001
,,,,,,,,5851,7772.647,1006.581,5283.871,4821.435,20141.271,21989.96,20675.92,4115.41,19796.443
,,,,,,,,5852,7315.531,952.2561,5067.185,4521.159,19413.602,21229.1,20045.96,4126.745,19109.572
,,,,,,,,5853,6897.748,846.1638,4814.312,4046.242,18299.938,20747.2,19411.08,4141.434,17583.09
,,,,,,,,5854,6313.065,742.7662,4435.853,3521.984,17029.146,19960.71,19139.48,3993.754,17017.5
,,,,,,,,5855,6052.615,655.7261,4162.549,3098.605,15901.749,18933.6,18216.24,3914.372,16177.793
,,,,,,,,5856,5594.437,614.0027,3948.501,2803.782,14979.302,19167.71,18306.42,4162.973,15433.949
,,,,,,,,5857,5285.086,579.8816,3822.657,2677.631,14447.003,17921.76,17370.22,4003.122,14731.046
,,,,,,,,5858,4969.357,549.5257,3652.44,2531.021,13926.066,16048.54,15714.41,3566.219,14204.387
,,,,,,,,5859,4766.313,520.3853,3582.963,2452.782,13659.513,14555.21,14422.99,3249.389,13866.966
,,,,,,,,5860,4606.854,493.6852,3510.201,2449.133,13693.284,13632.09,13639.83,3025.705,13709.388
,,,,,,,,5861,4509.052,485.2207,3530.865,2455.024,13969.114,13122.97,13122.99,2912.995,13567.399
,,,,,,,,5862,4410.187,475.9545,3592.459,2501.224,14495.055,12963.72,13004.23,2852.799,13599.919
,,,,,,,,5863,4407.632,454.5907,3508.104,2480.584,14992.722,12798.17,12222.52,2721.216,13515.054
,,,,,,,,5864,4544.541,427.6646,3271.065,2279.448,15566.746,12229.2,11072.16,2434.632,13476.965
,,,,,,,,5865,5098.339,446.0732,3211.473,2176.306,16303.052,12084.74,11495.2,2482.307,13926.909
,,,,,,,,5866,5016.033,486.1863,3262.767,2275.709,16670.939,11762.01,11225.37,2480.993,14568.205
,,,,,,,,5867,5477.345,539.9149,3407.649,2577.451,16959.628,11560.41,12814.44,2585.246,15323.819
,,,,,,,,5868,5836.919,641.5139,3376.764,2765.647,17120.893,11244.11,12283.21,3197.963,16216.557
,,,,,,,,5869,6319.866,727.5322,3517.899,3086.381,17530.512,11692.52,13599.34,4388.075,17171.38
,,,,,,,,5870,6445.194,749.3894,3877.372,3359.561,18090.321,13100.59,15590.43,2686.531,18256.523
,,,,,,,,5871,6809.19,832.7053,4283.395,3594.298,18797.235,14714.2,18089.95,3519.071,19354.361
,,,,,,,,5872,7374.703,916.6564,4779.91,3905.365,19535.218,16551.6,19818.5,3915.822,20390.068
,,,,,,,,5873,7730.477,998.2471,5175.426,4583.262,20222.34,18850.51,21500.93,3957.224,21252.3
,,,,,,,,5874,7878.896,1001.735,5606.133,4882.221,20580.666,21366.04,23015.36,4469.472,21258.005
,,,,,,,,5875,7638.701,967.9141,5568.675,4825.634,20462.923,22512.75,23077.2,4552.073,20461.144
,,,,,,,,5876,7327.225,910.8675,5410.035,4502.057,19813.456,22450.4,22466.52,4593.509,19413.814
,,,,,,,,5877,6960.469,818.6014,5160.056,3932.682,18439.453,21138.11,21356.72,4591.195,18436.188
,,,,,,,,5878,6401.299,745.3877,4699.497,3394.258,17223.667,19761.2,20198.71,4299.917,17582.663
,,,,,,,,5879,5934.616,684.0227,4343.777,2974.17,15840.11,18672.08,19226.73,4101.469,16507.781
,,,,,,,,5880,5524.274,641.0746,4105.609,2731.213,14793.987,19359.15,19317.85,4459.189,15686.45
,,,,,,,,5881,5231.933,590.5867,3982.269,2568.981,14310.246,17807.1,18104.16,4167.798,15044.998
,,,,,,,,5882,5002.312,557.3185,3787.528,2481.701,13933.821,15870.95,16189.11,3650.799,14472.715
,,,,,,,,5883,4785.447,523.8506,3749.889,2414.605,13730.665,14462.62,14956.75,3369.837,14145.779
,,,,,,,,5884,4655.754,500.072,3724.395,2382.202,13989.9,13741.99,14238.13,3188.873,14071.394
,,,,,,,,5885,4638.745,501.95,3856.413,2491.685,14649.403,13721.55,14050.48,3214.17,14242.909
,,,,,,,,5886,4599.039,505.4153,3973.158,2599.892,15655.233,14477.04,14767.9,3359.605,14427.678
,,,,,,,,5887,4404.963,492.5674,3991.723,2613.532,16296.282,15900.29,15563.29,3614.747,14409.876
,,,,,,,,5888,4403.189,484.2393,3893.738,2421.827,16668.556,16212.91,15529.19,3639.39,14397.091
,,,,,,,,5889,4654.107,511.9561,3909.702,2278.491,17022.973,16304.31,15701.94,3806.826,14985.849
,,,,,,,,5890,4945.16,581.9928,4030.038,2337.407,17425.681,16131.53,16279.02,3685.023,15716.226
,,,,,,,,5891,5303.988,641.5392,3881.389,2523.757,17885.205,15694.57,16667.29,3745.027,16574.587
,,,,,,,,5892,5671.75,728.7054,4065.864,2697.07,18326.163,15469.09,17393.81,3636.906,17837.509
,,,,,,,,5893,6204.717,804.9093,4099.842,2967.977,18821.237,15402.78,18052.31,3632.947,18947.364
,,,,,,,,5894,7065.817,883.0345,4346.263,3290.974,19445.815,16148.09,19479.23,3787.338,19658.488
,,,,,,,,5895,7841.815,942.3984,4692.725,3589.099,20055.013,17646.97,21405.11,4223.212,20625.981
,,,,,,,,5896,8054.54,1032.369,5119.018,4007.853,20805.949,18914.91,22616.47,4211.724,21375.256
,,,,,,,,5897,8123.809,1094.538,5425.483,4699.826,21320.98,21307.27,23898.04,4607.058,22351.134
,,,,,,,,5898,8134.031,1110.992,5705.789,5032.318,21269.309,23635.21,25422.29,5035.495,22480.83
,,,,,,,,5899,7832.178,1079.186,5822.468,5021.678,20919.559,24810.22,25277.19,5102.881,21546.29
,,,,,,,,5900,7396.324,1018.855,5645.73,4748.152,20170.483,24219.49,24331.82,5099.49,20644.202
,,,,,,,,5901,7028.505,907.501,5319.685,4230.313,18704.986,23088.72,23845.9,5158.383,19129.848
,,,,,,,,5902,6390.668,837.2088,4826.721,3579.917,17275.725,21784.14,22523.98,4838.774,17915.946
,,,,,,,,5903,5912.292,758.6517,4380.065,3085.865,15973.975,21007.26,21697.44,4699.186,16736.341
,,,,,,,,5904,5470.058,704.5266,4135.132,2855.375,14927.217,20355.04,20657.31,4740.295,15901.414
,,,,,,,,5905,5246.815,637.4906,4118.297,2736.549,14728.768,18227.27,18870.83,4295.969,15151.926
,,,,,,,,5906,5074.6,598.8699,3906.178,2592.15,14300.465,16138.04,16692.91,3821.066,14725.027
,,,,,,,,5907,4841.79,570.7639,3823.762,2510.37,14115.516,14674.18,15376.61,3387.634,14319.538
,,,,,,,,5908,4746.114,538.5207,3832.439,2511.669,14456.107,14156.92,14781.81,3274.006,14266.778
,,,,,,,,5909,4706.781,545.5514,3977.818,2665.584,15341.785,14356.87,14867.38,3353.204,14725.907
,,,,,,,,5910,4762.75,565.8698,4293.256,2925.915,16744.887,15853.75,16223.27,3569.698,15220.266
,,,,,,,,5911,4582.495,562.4324,4434.527,3047.206,17806.953,17982.08,17386.7,3836.264,15342.668
,,,,,,,,5912,4604.108,549.1625,4313.432,2936.285,18275.042,18913.3,17256.74,3882.768,15350.517
,,,,,,,,5913,4727.458,557.7388,4121.911,2983.694,18426.891,18479.94,17151.59,3967.906,15681.041
,,,,,,,,5914,4996.56,609.0375,3981.474,2559.531,18450.84,16631.35,16853.91,3734.233,16241.796
,,,,,,,,5915,5396.475,664.1561,3922.595,2703.818,18560.573,15823.56,16855.68,3587.59,17029.158
,,,,,,,,5916,5779.12,730.3886,3985.405,2855.262,18597.629,15195.12,17130.39,4396.221,18009.942
,,,,,,,,5917,6471.229,810.8019,4144.126,3287.578,18965.406,15492.19,19547.71,3983.896,19014.872
,,,,,,,,5918,7856.009,892.244,4541.893,3581.047,19442.686,16022.57,20758.55,5143.249,20041.64
,,,,,,,,5919,8067.037,974.7638,5328.5,4063.784,20073.14,17514.12,23492.82,6306.744,20691.807
,,,,,,,,5920,8270.567,1057.839,5749.319,4292.3,20833.772,18418.69,24543.31,4485.764,21526.978
,,,,,,,,5921,8340.151,1086.354,6045.557,5002.022,21473.874,20492.36,24744.66,4628.316,22407.586
,,,,,,,,5922,7963.625,1102.935,5819.71,5226.776,21748.32,23395.67,25480.1,5091.028,22665.64
,,,,,,,,5923,7791.782,1049.307,5941.927,5334.665,21469.548,24113.73,25599.02,5108.77,21970.236
,,,,,,,,5924,7380.377,973.8716,5623.284,4898.454,20539.212,23681.28,24676.52,5097.503,20990.147
,,,,,,,,5925,6795.694,853.1099,5396.138,4410.601,19230.879,23078.43,24460.07,5149.538,19539.228
,,,,,,,,5926,6246.092,829.4593,4898.601,3794.993,17617.98,22219.83,22955.04,4877.976,18075.956
,,,,,,,,5927,5804.922,761.1453,4625.121,3324.563,16367.349,21640.3,22435.78,4795.694,17013.826
,,,,,,,,5928,5372.257,660.9599,4326.159,3093.271,15355.518,20961.88,21197.6,4819.968,16120.465
,,,,,,,,5929,5210.671,618.8832,4218.786,2928.826,14751.459,18597.46,19062.13,4282.179,15394.045
,,,,,,,,5930,4999.123,590.4147,3981.028,2816.58,14317.863,16585.44,17081.18,3769.721,14978.164
,,,,,,,,5931,4850.294,563.3428,3940.905,2703.509,14195.647,15159.06,15706.29,3423.325,14603.62
,,,,,,,,5932,4814.15,539.1832,3924.497,2709.812,14556.011,14478.18,15170.29,3290.865,14517.869
,,,,,,,,5933,4901.321,538.9741,4072.366,2858.086,15452.703,14765.95,15338.72,3376.318,14826.276
,,,,,,,,5934,4857.735,562.3532,4437.002,3110.011,16716.292,16124.6,16577.12,3650.204,15350.252
,,,,,,,,5935,4765.397,578.0681,4647.214,3230.252,17735.435,18229.79,18258.58,4112.409,15372.605
,,,,,,,,5936,4663.639,570.29,4528.712,2969.557,18063.938,19973.49,18626.46,4088.01,15276.838
,,,,,,,,5937,4812.876,560.3398,4236.596,2745.38,18208.888,21058.35,18781.48,4436.055,15651.723
,,,,,,,,5938,5388.048,609.7093,3991.68,2598.965,18263.617,20841.63,18221.16,3714.394,16196.885
,,,,,,,,5939,5628.876,649.0541,4048.38,2952.705,18509.987,17902.8,19683.56,3564.973,16926.3
,,,,,,,,5940,5986.755,717.7851,4095.655,2931.222,18706.106,16352.76,20167.12,3546.961,17951.569
,,,,,,,,5941,6340.754,831.6855,4175.054,3184.088,19383.839,16252.95,20299.36,3624.802,18944.253
,,,,,,,,5942,6859.379,906.1912,4546.097,3325.62,20181.998,16516.09,21981.49,3823.325,19685.799
,,,,,,,,5943,7254.894,961.8957,5018.103,3918.711,20877.615,18306.64,23395.69,4239.04,20883.57
,,,,,,,,5944,7532.114,969.1788,5455.353,3965.972,21557.966,18854.13,23841.88,4257.601,21141.745
,,,,,,,,5945,7612.758,1022.882,5717.976,4599.891,22059.258,20655.63,24856.65,4558.495,22168.059
,,,,,,,,5946,7316.911,1033.696,5979.101,4785.625,22010.041,23064.72,26189.98,4992.675,21838.764
,,,,,,,,5947,7002.991,1038.168,5960.643,4861.772,21648.791,23606.64,25943.79,5026.667,21209.699
,,,,,,,,5948,6491.659,1000.147,5679.059,4547.014,20737.422,23260.34,24825.19,5011.368,20390.879
,,,,,,,,5949,6510.794,904.5788,5338.794,4081.387,19610.517,22710.77,24342.37,5029.651,19403.914
,,,,,,,,5950,5954.814,832.6808,4918.843,3512.393,18161.069,21787.82,23025.71,4813.671,18312.244
,,,,,,,,5951,5552.977,768.8848,4547.125,3032.282,16779.634,21203.73,22241.15,4712.826,17242.562
,,,,,,,,5952,5174.527,676.1205,4235.622,2757.918,15722.299,20565.74,21156.54,4733.513,16394.153
,,,,,,,,5953,4994.871,624.2358,4178.271,2651.478,15107.498,18266.46,18959.82,4264.446,15647.354
,,,,,,,,5954,4837.538,597.8356,3914.464,2524.525,14650.843,16228.63,16887.04,3732.23,15094.497
,,,,,,,,5955,4723.79,565.5925,3905.213,2475.537,14511.27,14731.49,15528.21,3363.365,14769.265
,,,,,,,,5956,4647.25,541.6234,3877.229,2474.487,14761.288,14130.98,14912.32,3248.84,14795.383
,,,,,,,,5957,4670.637,546.2139,4000.008,2594.395,15789.792,14456.21,15039.65,3243.744,15055.921
,,,,,,,,5958,4709.597,566.481,4327.017,2801.147,17152.955,15906.44,16370.4,3498.769,15615.697
,,,,,,,,5959,4555.918,564.9728,4456.818,2956.179,17926.305,17927.34,17372.49,3805.055,15927.698
,,,,,,,,5960,4492.486,550.0062,4261.34,2701.514,18331.7,18472.62,17313.33,3742.392,15892.555
,,,,,,,,5961,4589.26,563.8051,3910.822,2363.412,18354.408,17294.54,16948.43,3799.969,16015.044
,,,,,,,,5962,4743.179,605.9953,3684.677,2130.577,18546.83,15593.18,16310.25,3445.649,16290.051
,,,,,,,,5963,5009.147,661.7763,3649.733,2164.123,19034.509,13856.47,15388.61,3317.033,17130.126
,,,,,,,,5964,5312.063,714.9842,3752.69,2352.535,19178.611,13232.09,16103.63,3688.609,17958.181
,,,,,,,,5965,5633.48,793.06,3946.363,2592.479,19454.135,13515.14,17300.07,3449.487,18847.608
,,,,,,,,5966,6179.316,869.1496,4278.834,2897.608,19955.756,14064.33,18836.83,3592.146,20057.145
,,,,,,,,5967,6867.081,926.0127,4721.724,3348.193,20553.246,15950.58,20595.09,3931.433,20735.843
,,,,,,,,5968,7671.205,1004.276,5221.578,3685.986,21133.978,17177.27,22177.87,3867.908,21537.525
,,,,,,,,5969,7779.75,1049.427,5616.858,4340.094,21522.299,19308.9,24069.64,4414.783,22308.99
,,,,,,,,5970,7823.991,1077.207,5900.727,4631.794,21465.52,21865.68,25082.36,4843.608,22470.058
,,,,,,,,5971,7528.143,1066.637,5975.694,4731.03,21300.7,22910.11,24835.64,4956.427,21578.067
,,,,,,,,5972,7116.739,1022.219,5671.921,4387.906,20548.38,22093.44,23981.71,4881.594,20732.837
,,,,,,,,5973,6571.389,917.1619,5325.697,3922.115,19270.998,21748.42,23761.32,4985.553,19523.613
,,,,,,,,5974,6134.471,846.3073,4889.748,3370.154,17816.416,21126.57,22736.45,4846.213,18565.58
,,,,,,,,5975,5679.481,789.5606,4503.148,2955.179,16484.393,20731.62,22012.9,4730.357,17464.968
,,,,,,,,5976,5260.635,708.3636,4155.948,2708.129,15499.091,20152.47,20830,4716.705,16609.993
,,,,,,,,5977,5062.906,642.2993,4047.458,2603.79,14860.712,18027.54,18619.86,4230.392,15859.298
,,,,,,,,5978,4885.375,613.1682,3833.819,2483.942,14506.168,15986.93,16521.72,3672.171,15291.623
,,,,,,,,5979,4715.286,571.6168,3807.758,2424.862,14377.971,14481.91,15241.94,3296.977,15020.206
,,,,,,,,5980,4648.313,546.6135,3754.285,2415.656,14585.589,13914.73,14487.99,3166.31,14930.226
,,,,,,,,5981,4638.745,548.2916,3877.071,2531.526,15459.437,14071.66,14625.82,3255.322,15226.889
,,,,,,,,5982,4588.408,563.4388,4200.227,2770.845,16759.855,15568.6,15871.53,3488.882,15662.959
,,,,,,,,5983,4420.909,556.9499,4279.071,2864.285,17722.501,18010.76,16744.4,3765.079,15746.503
,,,,,,,,5984,4409.568,540.6707,4098.478,2686.41,18276.26,19560.57,16506.18,3658.422,15614.115
,,,,,,,,5985,4501.026,547.0999,3674.636,2292.299,18571.907,19578.49,15973.33,3647.742,16503.2
,,,,,,,,5986,4613.111,590.1246,3476.483,2100.99,18890.909,18361.96,15301.72,3339.556,16638.96
,,,,,,,,5987,4860.636,641.6386,3384.142,1998.074,19170.704,16128.81,14763.77,3113.311,16971.763
,,,,,,,,5988,5210.326,709.1356,3455.083,1981.402,19254.515,14719.42,14892.09,2948.74,17684.803
,,,,,,,,5989,5706.458,790.4532,3709.664,2170.656,19649.199,14985.9,15923.47,3032.258,18846.45
,,,,,,,,5990,6768.59,872.697,4052.834,2306.145,19834.337,15651.71,17946.8,3308.892,19667.58
,,,,,,,,5991,7480.115,942.9542,4532.563,2488.892,20179.526,17066.53,19819.1,3571.989,20460.352
,,,,,,,,5992,7835.029,1018.926,4962.352,2457.707,20609.607,16692.74,21153.54,3786.438,20930.511
,,,,,,,,5993,7633.794,1044.235,5352.695,3239.289,20766.197,18662.98,23209.82,4261.52,21422.465
,,,,,,,,5994,7605,1083.02,5670.51,3462.273,20563.762,19862.1,24996.36,4715.191,21524.047
,,,,,,,,5995,7258.125,1045.689,5721.358,3510.031,20159.367,20762.18,23616.54,4718.024,20554.64
,,,,,,,,5996,6864.793,979.3528,5359.709,3344.865,19558.623,19833.81,21530.36,4495.65,19734.196
,,,,,,,,5997,6508.668,867.3456,4942.016,3082.658,18581.06,19555.92,21395.31,4704.192,18771.491
,,,,,,,,5998,5993.084,804.1027,4506.634,2770.637,17471.982,19509.33,20691.14,4506.192,17824.328
,,,,,,,,5999,5610.382,744.2532,4214.83,2539.983,16276.479,19301.81,20058.47,4378.117,16778.855
,,,,,,,,6000,5206.419,652.3326,3920.131,2312.068,15382.431,18639,18904.07,4421.466,15964.369
,,,,,,,,6001,4972.546,600.2574,3793.744,2228.187,14702.924,16998.04,17326.78,4045.241,15167.554
,,,,,,,,6002,4771.628,574.0386,3593.612,2164.407,14269.019,15491.82,15611.19,3615.562,14645.885
,,,,,,,,6003,4597.286,533.5307,3545.361,2127.802,14028.598,14019.68,14386.01,3238.6,14248.147
,,,,,,,,6004,4463.34,509.5615,3459.08,2114.309,14108.518,13229.61,13438.14,3010.482,14056.032
,,,,,,,,6005,4379.358,502.1313,3457.957,2145.249,14484.219,12783.72,12983.71,2914.788,14084.511
,,,,,,,,6006,4272.679,505.0856,3576.473,2208.755,15062.463,12948.88,13031.83,2894.991,14086.214
,,,,,,,,6007,3993.186,475.7317,3450.514,2188.465,15703.329,13160.84,12021.44,2996.45,14062.856
,,,,,,,,6008,3800.378,441.3777,3110.39,1994.295,16459.559,12231.52,10693.77,2571.503,13873.187
,,,,,,,,6009,3797.224,441.3534,2807.651,1752.064,17103.86,11027.88,9981.73,2269.067,13998.673
,,,,,,,,6010,3840.211,477.601,2558.882,1571.602,17152.801,10006.86,9353.563,1895.156,14554.619
,,,,,,,,6011,3936.463,501.3715,2437.941,1451.902,17419.685,8857.962,8494,1756.955,14821.165
,,,,,,,,6012,4211.739,517.8361,2395.604,1385.69,17728.856,8321.103,8599.918,1743.405,16061.458
,,,,,,,,6013,4545.224,585.8384,2431.876,1391.182,17429.844,8171.16,9464.863,1830.295,18208.447
,,,,,,,,6014,5000.699,673.5257,2718.955,1554.528,18224.509,8890.929,11039.24,2079.583,17767.533
,,,,,,,,6015,5419.771,718.761,3151.54,1870.643,18439.581,10734.6,13090.55,2511.537,18177.552
,,,,,,,,6016,5869.41,786.4399,3690.877,2237.448,18491.952,12537.74,15560.96,2841.077,19261.848
,,,,,,,,6017,6257.448,841.1585,4269.179,2993.629,18981.916,14740.29,17820.39,3408.224,19829.438
,,,,,,,,6018,6418.625,875.7067,4695.412,3421.439,19036.424,17265.83,19970.18,3902.371,19774.527
,,,,,,,,6019,6245.029,847.4025,4805.428,3502.184,18892.211,18397.64,19729.08,4025.773,19186.526
,,,,,,,,6020,5935.679,783.7153,4641.139,3356.978,18431.284,18237.93,18847.28,3984.125,18429.075
,,,,,,,,6021,5729.445,727.0589,4431.517,3080.865,17594.316,17779.91,18331.01,3964.149,17458.132
,,,,,,,,6022,5336.113,685.8168,4133.123,2778.3,16590.432,17382.96,17612.47,3835.49,16640.517
,,,,,,,,6023,5044.834,631.5103,3890.125,2516.955,15559.758,16791.63,16875.69,3673.146,15836.285
,,,,,,,,6024,4703.592,570.9891,3644.233,2295.756,14715.231,17308.94,16903.27,3989.958,15002.816
,,,,,,,,6025,4465.466,525.9817,3542.509,2210.881,14200.828,16430.03,16124.16,3807.603,14305.139
,,,,,,,,6026,4259.232,496.66,3390.61,2139.358,13879.369,14891.45,14627.75,3371.596,13774.279
,,,,,,,,6027,4124.224,470.4412,3335.599,2102.34,13873.985,13501.58,13487.61,3053.813,13402.427
,,,,,,,,6028,4025.359,442.3351,3276.741,2078.342,13912.992,12656.97,12653.73,2894.773,13141.307
,,,,,,,,6029,3956.26,430.5865,3264.596,2116.799,14302.285,12296.68,12233.09,2791.905,13072.078
,,,,,,,,6030,3866.59,429.543,3335.429,2169.552,14864.619,12246.45,12040,2732.607,13132.332
,,,,,,,,6031,3615.109,400.1984,3177.632,2145.738,15432.21,12342.46,11112.28,2902.84,13129.344
,,,,,,,,6032,3415.923,374.5391,2830.55,1911.537,16107.586,11551.55,10407.25,3049.282,12984.482
,,,,,,,,6033,3328.041,398.9138,2622.564,1694.579,16597.764,10433.69,9898.635,2823.346,13062.328
,,,,,,,,6034,3419.928,436.8706,2321.907,1544.483,17002.859,9454.715,8414.465,1748.116,13145.901
,,,,,,,,6035,3572.841,466.468,2105.644,1492.06,17037.84,8460.374,7523.547,1409.919,13731.214
,,,,,,,,6036,3806.657,483.6123,2158.186,1512.306,17444.225,8216.218,7493.256,1492.018,14395.865
,,,,,,,,6037,4175.223,525.5073,2233.123,1556.538,17510.982,8187.353,8266.589,1498.217,15513.412
,,,,,,,,6038,4693.792,616.2881,2387.435,1771.958,17670.414,8849.006,10188.46,1608.046,16511.038
,,,,,,,,6039,5166.016,679.0543,2915.718,2033.195,17864.153,10335.98,11526.08,2011.79,17259.94
,,,,,,,,6040,5702.136,724.3515,3386.621,2418.792,18188.107,12189.13,13813.94,2389.437,18420.823
,,,,,,,,6041,6065.034,787.075,4120.651,3084.006,18843.048,14499.51,16130.67,2995.715,19203.11
,,,,,,,,6042,6232.589,808.8823,4704.377,3424.083,19086.896,16803.53,18340.33,3579.396,19487.473
,,,,,,,,6043,6067.498,791.8159,4772.346,3551.155,19155.221,17835.81,18550.79,3789.994,19115.043
,,,,,,,,6044,5899.535,763.8555,4543.013,3357.648,18761.514,17991.28,17810.73,3755.686,18466.634
,,,,,,,,6045,5694.364,698.4623,4259.815,3073.154,17883.573,17601.16,17227.23,3768.107,17619.597
,,,,,,,,6046,5365.878,651.2051,4009.661,2678.164,16675.888,17232.97,16907.78,3647.154,16542.582
,,,,,,,,6047,5071.411,600.8545,3722.838,2418.507,15463.337,16667.12,16394.39,3617.205,15472.602
,,,,,,,,6048,4741.862,550.304,3553.555,2305.515,14601.754,17699.74,16844.7,4041.11,14702.926
,,,,,,,,6049,4552.637,515.4485,3506.232,2238.195,14106.167,16438.56,15856.51,3826.884,14044.427
,,,,,,,,6050,4353.845,479.9307,3377.494,2175.077,13845.103,14607.8,14093.09,3317.037,13652.487
,,,,,,,,6051,4240.098,462.1671,3332.698,2156.969,13885.239,13324.63,13069.74,3018.117,13459.93
,,,,,,,,6052,4176.314,444.4036,3378.441,2202.392,14302.903,12762.93,12646.34,2890.141,13545.682
,,,,,,,,6053,4200.764,455.3901,3501.781,2331.92,15342.729,13041.02,12858.5,2930.728,13947.491
,,,,,,,,6054,4217.4,476.6914,3849.051,2570.188,16715.629,14664.54,14267.07,3201.923,14479.722
,,,,,,,,6055,4080.73,477.4936,4050.579,2650.094,17917.532,16930.52,15229.83,3808.521,14875.958
,,,,,,,,6056,3891.111,451.9574,4233.544,2419.178,18307.469,17324.94,15250.24,4195.015,13979.677
,,,,,,,,6057,3778.779,438.9171,4241,2002.981,18456.514,16432.87,16169.47,4181.877,14651.48
,,,,,,,,6058,3818.26,447.0281,3300.798,1711.72,18477.68,14645.02,15606.67,3026.84,14494.957
,,,,,,,,6059,3914.512,474.2824,2739.871,1580.676,18704.891,13037.07,12837.78,2327.324,14596.656
,,,,,,,,6060,4226.735,521.1611,2882.458,1576.035,18399.553,11757.36,10701.66,2168.988,15832.763
,,,,,,,,6061,4430.786,589.203,2609.483,1628.608,18853.825,11908.22,11564.89,2317.207,16257.155
,,,,,,,,6062,4647.017,671.7097,3149.915,1754.092,18902.506,12425.57,12700.05,2486.416,17044.038
,,,,,,,,6063,5805.105,728.3824,3722.768,2039.053,18782.27,13567.96,14097.96,2773.741,17865.763
,,,,,,,,6064,5685.24,791.2711,4299.935,2337.864,19334.185,14466.14,15524.59,2861.727,18874.261
,,,,,,,,6065,5863.053,834.483,4475.156,3068.044,19699.367,16474.25,17272.89,3530.932,19407.624
,,,,,,,,6066,6027.419,844.681,4654.306,3461.591,20282.003,19119.79,19362.37,4019.858,19446.409
,,,,,,,,6067,5765.589,818.7782,4809.551,3568.734,20225.092,20291.97,19667.09,4171.099,19032.274
,,,,,,,,6068,5801.733,776.0668,4730.004,3489.525,19720.603,20303.56,19501.57,4152.47,18370.706
,,,,,,,,6069,5505.139,716.3261,4541.199,3218.914,18606.421,19907.75,19580.87,4257.965,17381.963
,,,,,,,,6070,5203.23,656.8484,4192.788,2840.259,17285.632,19430.83,19020.26,4111.538,16438.484
,,,,,,,,6071,4872.619,588.9153,3879.916,2529.289,16064.666,19388.93,18792.91,4201.561,15363.177
,,,,,,,,6072,4542.007,536.6774,3681.286,2374.051,15146.399,19010.47,18030.8,4298.844,14503.134
,,,,,,,,6073,4343.214,502.8563,3600.763,2335.484,14578.945,16907.23,16265.77,3880.689,13778.029
,,,,,,,,6074,4158.242,473.7252,3427.242,2255.333,14303.54,14877.22,14525.96,3407.608,13330.078
,,,,,,,,6075,4056.188,454.7461,3364.525,2197.303,14315.172,13514.06,13420.41,3090.754,13109.768
,,,,,,,,6076,4013.666,441.3008,3355.835,2216.462,14725.54,12982.01,12931.42,2924.218,13176.721
,,,,,,,,6077,4027.486,442.7886,3523.398,2356.969,15774.815,13341.88,13207.62,2950.508,13415.933
,,,,,,,,6078,4098.337,462.8743,3860.055,2594.187,17130.517,14946.91,14505.8,3234.229,13927.515
,,,,,,,,6079,3902.826,468.6666,3909.956,2693.58,18282.421,17021.94,15496.34,3785.84,13807.692
,,,,,,,,6080,3687.693,437.1154,3583.919,2510.024,18602.418,17521.08,14833.74,4266.448,13161.992
,,,,,,,,6081,3521.518,412.3264,3218.542,2194.331,18418.021,16343.14,13920.1,3800.386,12941.547
,,,,,,,,6082,3453.257,416.9025,2819.489,1895.651,18424.247,14693.03,12890.65,2738.191,12848.758
,,,,,,,,6083,3514.428,438.795,2551.429,1823.579,18370.831,12982.25,10973.67,2338.422,13287.454
,,,,,,,,6084,3627.429,474.7594,2517.202,1879.025,18357.813,12153.05,10769.13,2180.882,15630.072
,,,,,,,,6085,3914.139,534.497,2633.396,2032.138,18202.434,12249.97,11457.12,2318.547,15108.666
,,,,,,,,6086,4286.696,597.1321,2967.777,2263.705,18367.169,13006.88,12673.2,2523.765,15578.134
,,,,,,,,6087,4721.34,666.3457,3377.452,2521.504,18740.709,14264.26,14103.85,2756.498,16589.093
,,,,,,,,6088,5249.646,728.061,3982.857,2831.658,19323.731,15586.07,15668.12,2970.557,17568.287
,,,,,,,,6089,5738.675,777.2458,4471.052,3589.774,19947.917,17688.62,17768.87,3544.492,18584.936
,,,,,,,,6090,5997.653,833.3228,4933.79,3880.284,20441.894,20278.63,19592.75,4111.86,18837.853
,,,,,,,,6091,5926.111,809.679,4931.369,3965.513,20449.723,21384.53,19521.68,4191.941,18639.674
,,,,,,,,6092,5699.679,760.0995,4781.961,3856.275,19801.681,20841.71,19277.39,4214.511,18046.797
,,,,,,,,6093,5320.167,697.0563,4591.635,3501.618,18561.048,20445.92,19665.24,4327.203,16972.714
,,,,,,,,6094,5022.51,645.4808,4217.994,3100.324,17254.922,20275.11,19242.88,4174.047,16007.661
,,,,,,,,6095,4644.061,585.6313,3949.35,2736.887,15997.687,20237.25,19141.18,4240.304,14906.562
,,,,,,,,6096,4308.133,536.3057,3730.472,2569.042,15102.361,19782.35,18304.2,4309.604,14165.837
,,,,,,,,6097,4152.926,496.3508,3615.784,2473.436,14580.84,17420.33,16446.89,3839.445,13552.903
,,,,,,,,6098,4041.305,468.9164,3469.68,2367.494,14283.97,15535.46,14763.26,3339.484,13184.22
,,,,,,,,6099,3990.278,442.6976,3441.134,2315.355,14252.827,14131.69,13700.76,3025.32,12869.924
,,,,,,,,6100,3997.72,425.9683,3424.726,2326.109,14637.877,13503.01,13105.09,2872.286,12880.376
,,,,,,,,6101,4039.179,427.6373,3534.005,2452.321,15714.469,13869.34,13308.5,2862.656,13189.268
,,,,,,,,6102,4090.896,446.8793,3841.724,2694.792,17162.691,15388.84,14597.06,3143.715,13561.195
,,,,,,,,6103,3926.586,450.5938,3896.443,2782.216,18281.439,17545.81,15523.85,3534.231,13464.576
,,,,,,,,6104,3678.126,416.8806,3537.853,2576.687,18306.796,18136.2,14854.04,3387.449,13053.502
,,,,,,,,6105,3606.563,400.547,3181.627,2331.351,18088.323,17177.33,13908.39,3048.633,12821.133
,,,,,,,,6106,3516.294,420.3461,2913.442,2119.509,17867.008,15783.84,13015.98,2775.191,13348.869
,,,,,,,,6107,3604.732,455.2632,2762.897,2116.361,17887.667,14084.82,11908.81,2395.657,13992.157
,,,,,,,,6108,3801.342,520.9304,2839.202,2192.941,18072.14,13319.01,11754.95,2299.009,14916.648
,,,,,,,,6109,4074.232,583.571,3106.291,2471.672,18313.278,13688.33,12731.72,2418.823,15715.63
,,,,,,,,6110,4535.396,670.1726,3577.891,2867.557,18700.429,14794.1,14645.77,2755.039,16724.337
,,,,,,,,6111,5051.578,730.7405,3974.365,3224.15,19351.257,16179.76,16441.65,2953.718,17487.841
,,,,,,,,6112,5670.245,805.7198,4529.298,3593.154,20013.634,17390.03,17743.24,3205.232,18460.939
,,,,,,,,6113,6085.232,866.2028,5010.734,4237.247,20695.543,19712.95,20218.81,3834.111,19591.433
,,,,,,,,6114,6370.787,896.103,5533.685,4569.241,21001.62,22514.71,22002.8,4349.997,19846.979
,,,,,,,,6115,6190.813,857.1266,5470.483,4639.226,20774.487,23495.98,21278.83,4307.407,19119.817
,,,,,,,,6116,5872.958,803.5914,5120.974,4279.541,20116.861,22908.44,20327.41,4257.151,18088.845
,,,,,,,,6117,5408.401,735.377,4786.504,3749.029,18794.188,22080.1,20421.58,4353.468,16926.777
,,,,,,,,6118,5130.942,666.4097,4376.206,3234.936,17379.448,21311.49,19806.29,4266.584,15952.304
,,,,,,,,6119,4697.213,598.1049,4062.779,2859.882,16146.529,20960.28,19486.95,4310.604,14838.943
,,,,,,,,6120,4374.043,549.8228,3826.535,2662.87,15170.047,20413.4,18730.81,4393.037,14025.22
,,,,,,,,6121,4240.098,510.9491,3750.835,2580.594,14638.219,17971.7,16960.77,3939.996,13360.333
,,,,,,,,6122,4135.917,480.7837,3572.9,2446.286,14339.36,15932.02,15186.19,3442.696,12876.649
,,,,,,,,6123,4039.179,459.9174,3467.738,2381.789,14266.425,14518.02,13914.49,3084.563,12559.467
,,,,,,,,6124,4016.855,441.3008,3471.036,2394.396,14592.348,13807.5,13350.5,2932.345,12562.833
,,,,,,,,6125,4026.422,443.8228,3572.596,2520.856,15549.451,14173.41,13564.41,2959.562,12895.211
,,,,,,,,6126,4074.95,455.8158,3929.52,2752.821,16864.676,15642.06,14816.24,3202.032,13389.792
,,,,,,,,6127,3892.568,460.3319,4018.799,2849.288,18005.079,17726.71,15839.43,3466.998,13411.999
,,,,,,,,6128,3645.171,417.5945,3706.763,2662.355,18421.14,18631.88,15174.02,3411.904,12932.539
,,,,,,,,6129,3598.058,408.7004,3329.786,2438.456,18394.115,17781.18,14617.14,3236.701,13016.188
,,,,,,,,6130,3697.387,437.3939,3187.948,2281.756,18448.111,16196.76,13796.01,2891.992,13726.945
,,,,,,,,6131,3874.059,493.4261,3233.063,2321.327,18582.559,15053.44,12944.26,2559.819,14615.003
,,,,,,,,6132,4200.736,578.2493,3481.485,2486.94,18817.978,14138.78,13575.53,2446.093,15753.71
,,,,,,,,6133,4630.269,628.6901,3801.225,2797.766,18898.287,14509.14,15132.34,2535.813,16828.47
,,,,,,,,6134,5138.897,717.8836,4264.296,3204.61,19268.257,15770.73,16901.8,2925.805,18095.59
,,,,,,,,6135,5770.953,769.6666,4743.432,3643.464,19609.471,17751.85,18896.59,3291.468,18971.069
,,,,,,,,6136,6231.914,866.3355,5206.359,3968.74,20023.752,19228.96,20268.99,3503.679,19747.587
,,,,,,,,6137,6691.55,932.431,5589.668,4642.727,20549.138,21411.55,22229.79,4024.574,20710.88
,,,,,,,,6138,6929.267,940.4385,5863.921,4958.161,20776.335,23764.21,23775.86,4457.978,20765.089
,,,,,,,,6139,6631.983,881.061,5714.304,4829.341,20646.038,24641.3,22947.98,4455.959,19711.688
,,,,,,,,6140,6216.327,832.316,5405.158,4369.44,19988.48,24314.65,21403.28,4404.44,18634.363
,,,,,,,,6141,5639.085,732.8835,5146.735,3914.628,18778.582,22949.53,21588.17,4512.694,17732.019
,,,,,,,,6142,5263.825,664.7599,4782.186,3382.652,17402.223,21757.42,20887.06,4356.316,16642.339
,,,,,,,,6143,4846.042,597.8611,4357.411,3025.458,16131.974,21328.87,20226.87,4316.283,15534.472
,,,,,,,,6144,4519.683,547.873,4085.072,2750.455,15166.161,20555.69,19448.12,4381.494,14678.743
,,,,,,,,6145,4317.701,503.528,3949.032,2658.17,14655.743,18230.1,17556.18,3918.445,13856.123
,,,,,,,,6146,4153.99,471.2942,3744.082,2560.384,14271.809,16151.54,15669.67,3427.452,13460.45
,,,,,,,,6147,4061.503,450.4278,3612.456,2431.165,14294.889,14650.21,14259.03,3090.84,13199.923
,,,,,,,,6148,4041.305,432.8455,3597.02,2422.761,14621.078,13973.03,13675.28,2906.369,13104.478
,,,,,,,,6149,4044.494,430.3867,3673.495,2566.194,15504.021,14235.34,13805.56,2909.292,13452.423
,,,,,,,,6150,4116.782,441.1643,3969.637,2763.491,16653.819,15704.49,15062.63,3201.113,14012.584
,,,,,,,,6151,3894.694,441.9152,4019.532,2851.949,17762.712,17647.6,15997.46,3420.552,14127.529
,,,,,,,,6152,3706.139,413.2854,3758.841,2669.873,18161.837,18263.76,15664.39,3417.648,14741.887
,,,,,,,,6153,3651.958,411.3893,3396.949,2444.717,18297.463,17360.37,15241.18,3307.494,15186.082
,,,,,,,,6154,3770.422,442.3839,3231.079,2448.116,18345.154,16126.61,14700.17,3029.493,15086.306
,,,,,,,,6155,4250.552,502.683,3256.833,2542.446,18548.785,14469.15,13862.86,2674.739,16304.743
,,,,,,,,6156,4692.412,580.5984,3455.296,2711.454,18805.372,13289.52,14360.09,2651.151,16373.259
,,,,,,,,6157,5398.509,643.2576,3866.126,3049.429,18882.403,13419.06,15585.09,2866.943,17245.073
,,,,,,,,6158,5889.7,757.9264,4372.043,3350.995,19163.92,14052.39,17385.97,3134.955,18048.353
,,,,,,,,6159,6609.3,823.1032,4906.316,3775.622,19545.743,15932.13,19510.96,3514.806,19580.077
,,,,,,,,6160,7082.643,874.7178,5382.705,4086.388,19915.504,17098.63,20947.75,3584.251,19614.898
,,,,,,,,6161,7252.958,939.4677,5743.521,4758.87,20307.445,19404.17,22806.52,4115.251,20180.758
,,,,,,,,6162,7210.978,983.0458,5952.156,5009.084,20379.124,21799.66,24619.57,4572.061,19021.527
,,,,,,,,6163,6832.901,923.3843,5965.021,4871.199,20166.413,22675.56,24435.92,4680.232,18352.569
,,,,,,,,6164,6401.299,850.1984,5469.98,4473.221,19493.194,21513.74,22467.04,4552.834,17560.66
,,,,,,,,6165,5959.066,751.5185,5104.631,3869.17,18321.432,20997.85,21743.27,4538.793,16725.674
,,,,,,,,6166,5371.194,734.4452,4685.089,3284.914,17137.393,20159.54,20924.54,4346.991,16148.832
,,,,,,,,6167,4970.42,670.4587,4337.895,2948.955,16059.541,19851.61,20301.16,4312.2,15336.321
,,,,,,,,6168,4679.142,620.0895,4094.739,2657.204,15091.025,19071.74,19324.7,4297.048,14590.487
,,,,,,,,6169,4449.521,569.9548,3896.988,2520.796,14451.725,17366.94,17549.21,3903.583,13963.814
,,,,,,,,6170,4275.178,532.1779,3708.421,2425.748,14056.526,15734.07,15826.63,3462.219,13462.696
,,,,,,,,6171,4247.539,495.6258,3587.811,2363.929,13883.687,14377.91,14446.35,3113.952,13111.073
,,,,,,,,6172,4112.53,474.7594,3499.601,2318.118,14021.067,13597.58,13672.81,2879.557,13000.324
,,,,,,,,6173,4119.972,465.0794,3508.125,2375.321,14412.736,13309.76,13229.75,2754.242,13016.046
,,,,,,,,6174,4108.278,451.4343,3587.08,2433.326,15038.165,13374.16,13304.67,2774.828,13166.65
,,,,,,,,6175,3805.397,444.5501,3551.008,2406.084,15717.259,13492.67,12936.83,2932.66,13277.567
,,,,,,,,6176,3693.812,439.2098,3353.581,2170.818,16335.404,14061.55,12645.8,2694.767,13105.494
,,,,,,,,6177,3679.597,440.3737,3343.698,1951.559,16997.35,12679.35,12656.28,2309.66,13610.701
,,,,,,,,6178,3872.849,478.8711,3173.333,1922.991,17463.953,11426.16,11670.94,2165.081,13493.687
,,,,,,,,6179,4167.521,522.4131,3161.056,1910.627,17662.792,10402.66,10982.11,2056.585,13941.279
,,,,,,,,6180,4491.008,580.6828,3226.577,1989.716,17569.698,10262.76,12174.84,2327.911,14631.57
,,,,,,,,6181,5228.363,627.3283,3386.073,2201.065,17438.924,9900.34,13855.43,3137.901,15610.748
,,,,,,,,6182,5906.877,708.0566,3905.792,2432.099,17559.849,11307.54,15565.79,3302.732,16493.435
,,,,,,,,6183,6207.463,759.0768,4224.818,2823.672,17899.07,12727.53,17798.93,3472.69,17073.77
,,,,,,,,6184,6887.899,821.7656,4445.242,3063.29,18048.322,14283.98,19915.38,3853.841,17824.864
,,,,,,,,6185,7052.152,897.3427,5094.697,3832.056,18424.957,17278.26,21300.66,3921.013,18769.648
,,,,,,,,6186,6876.487,911.5377,5284.91,3976.496,18554.325,19029.97,21741.05,4334.683,18804.086
,,,,,,,,6187,6493.785,888.3354,5238.482,3807.785,18499.791,19715.52,21117.55,4344.169,18353.475
,,,,,,,,6188,6178.057,838.9374,4971.365,3647.293,18220.875,19502.13,19689.69,4232.582,17663.279
,,,,,,,,6189,5814.49,763.4923,4688.981,3295.211,17326.258,18934.89,19141.88,4219.276,16887.453
,,,,,,,,6190,5522.148,699.6871,4349.668,2956.538,16379.443,18282.16,18461.27,4009.458,16195.905
,,,,,,,,6191,5179.843,646.2336,4048.374,2674.182,15394.228,17429.01,17496.56,3848.011,15280.524
,,,,,,,,6192,4835.411,596.5362,3812.521,2413.723,14639.822,17898.82,17513.1,4140.641,14506.523
,,,,,,,,6193,4610.042,550.4945,3715.181,2317.4,14139.843,16957.93,16452.41,3915.241,13781.439
,,,,,,,,6194,4419.754,519.9574,3553.641,2228.018,13804.002,15399.87,14848.75,3542.903,13355.509
,,,,,,,,6195,4276.242,490.4545,3472.586,2199.405,13706.64,14028.49,13670.69,3170.447,13059.465
,,,,,,,,6196,4178.44,470.813,3435.919,2184.448,13857.085,13193.19,12886.66,2971.922,12871.589
,,,,,,,,6197,4143.359,466.1137,3407.372,2213.699,14315.052,12760.73,12571.83,2883.402,12813.57
,,,,,,,,6198,4073.197,452.4778,3440.584,2276.958,14969.671,12739.16,12351.63,2823.207,12954.341
,,,,,,,,6199,3902.565,422.2802,3377.349,2309.505,15532.483,13159.09,12291.53,2622.231,13107.601
,,,,,,,,6200,3657.238,403.1469,3188.463,2249.003,16163.701,14233.33,11611.58,2706.3,13389.147
,,,,,,,,6201,3671.783,405.793,2757.003,2115.824,16537.928,14555.49,11197.11,2270.53,13787.673
,,,,,,,,6202,3793.436,442.2219,2579.782,1981.089,16437.961,12626.7,12819.6,2233.373,14542.676
,,,,,,,,6203,4054.146,476.8879,2552.007,1632.559,16416.732,9752.329,9288.309,1995.209,14997.3
,,,,,,,,6204,5690.781,557.803,2758.061,1367.986,16659.649,9573.355,9513.715,2076.841,15703.85
,,,,,,,,6205,4914.986,608.4977,2739.741,1739.556,16873.433,9992.702,10737.38,2203.765,16357.052
,,,,,,,,6206,5697.159,670.9423,3219.973,1878.178,16883.011,11131.34,13466.15,2357.805,17544.988
,,,,,,,,6207,5427.663,749.9385,3527.471,2039.034,17342.614,12290.93,15154.22,2712.078,18747.755
,,,,,,,,6208,6089.28,832.2121,4293.975,1902.21,17609.322,12233.11,16385.96,3134.524,18799.2
,,,,,,,,6209,6092.582,878.4297,4717.709,2597.292,18356.502,14499.29,18264.41,3639.047,19200.58
,,,,,,,,6210,5741.139,890.0998,5049.868,3037.769,18689.096,16573.31,19596.86,3983.792,19225.602
,,,,,,,,6211,5657.157,862.7421,4964.668,3118.762,18839.525,17625.98,19177.3,4119.102,17977.869
,,,,,,,,6212,5532.779,809.7784,4726.255,2952.156,18518.41,17525.45,18186.59,4069.441,17243.242
,,,,,,,,6213,5316.978,744.0227,4445,2769.567,17575.306,17221,17612.14,3988.565,15873.594
,,,,,,,,6214,5079.915,682.1048,4146.612,2512.424,16462.505,17023.48,17024.02,3781.232,15372.273
,,,,,,,,6215,4801.394,632.7883,3832.781,2282.183,15328.474,16462.13,16523.63,3670.548,14441.462
,,,,,,,,6216,4479.286,582.0566,3614.307,2117.714,14583.031,17562.99,17126.91,4163.183,13790.178
,,,,,,,,6217,4279.431,536.3149,3563.137,2097.42,14137.186,16293.49,16103.43,3833.196,13191.384
,,,,,,,,6218,4111.467,505.1153,3426.68,2042.955,14020.2,14446.52,14362.75,3389.731,12811.608
,,,,,,,,6219,4025.359,485.102,3376.102,2031.151,14174.779,13277.48,13186.36,3027.142,12688.515
,,,,,,,,6220,3977.522,463.2014,3400.619,2059.764,14710.595,12768.54,12682.19,2845.333,12797.339
,,,,,,,,6221,4046.621,468.1637,3482.48,2186.14,15970.231,13113.12,12987.05,2882.361,13223.418
,,,,,,,,6222,4108.278,486.1809,3797.918,2397.343,17525.62,14702.38,14329.47,3151.734,13824.506
,,,,,,,,6223,3908.514,488.949,3881.403,2530.231,18637.523,17111.55,15240.3,3420.334,13724.953
,,,,,,,,6224,3679.189,457.4491,3545.287,2348.981,19091.028,17939.33,14820.32,3370.537,13065.5
,,,,,,,,6225,3503.073,446.1055,3132.052,1903.88,19103.505,16374.45,13928.86,3084.953,12976.99
,,,,,,,,6226,3432.312,468.8261,2780.478,1586.604,19157.142,14183.45,12934.15,2878.087,13195.889
,,,,,,,,6227,3393.873,491.0903,2670.685,1428.12,19007.1,12390.39,11794.19,2493.138,13545.27
,,,,,,,,6228,3484.55,548.8163,2632.215,1380.157,18869.535,11089.87,10953.05,2332.579,14557.56
,,,,,,,,6229,3741.494,618.5061,2769.62,1463.096,18994.615,10946.63,11627.91,2372.425,15320.619
,,,,,,,,6230,4116.55,701.5844,3163.138,1633.855,18958.471,11290.87,12980.54,2693.323,16279.039
,,,,,,,,6231,4545.562,772.4434,3636.403,1875.752,18899.99,12591.29,14509.93,3017.604,16871.707
,,,,,,,,6232,5204.997,828.0923,4203.599,2220.169,18993.334,13876.58,15992.54,3254.06,17840.63
,,,,,,,,6233,5728.417,875.4413,4743.079,2911.422,19596.106,16012.47,18198.48,3855.198,18759.059
,,,,,,,,6234,5870.459,892.9303,5022.924,3322.44,19686.602,18641.03,19958.44,4339.035,18961.664
,,,,,,,,6235,5642.274,858.8049,5020.942,3463.896,19737.203,19755.93,19727.17,4353.913,18583.974
,,,,,,,,6236,5427.536,802.8294,4901.846,3346.617,19375.158,19640.45,19466.13,4296.877,18035.084
,,,,,,,,6237,5192.6,739.986,4715.379,3043.579,18312.488,19535.45,19417.97,4287.554,17068.256
,,,,,,,,6238,4894.943,693.7815,4329.354,2712.836,17093.823,19350.35,18839.71,4180.919,16149.169
,,,,,,,,6239,4568.583,623.5895,4015.92,2449.944,15992.598,19244.73,18740.59,4189.121,14961.184
,,,,,,,,6240,4301.755,567.0333,3768.099,2304.962,15213.688,19016.08,18256.74,4321.326,14181.791
,,,,,,,,6241,4123.161,521.4728,3662.497,2267.447,14615.673,16908.09,16449.41,3828.822,13580.095
,,,,,,,,6242,3930.747,495.2633,3488.011,2208.306,14335.09,14990.92,14639.64,3289.324,13134.504
,,,,,,,,6243,3829.756,472.3284,3420.47,2199.653,14371.085,13707.26,13391.55,2951.816,12918.88
,,,,,,,,6244,3817,452.6776,3406.963,2231.419,14780.918,13120.67,12830.86,2790.66,12801.783
,,,,,,,,6245,3856.333,444.0133,3552.341,2387.684,15779.266,13451.88,13180.52,2789.996,13141.964
,,,,,,,,6246,3940.314,456.0063,3853.308,2597.587,17210.298,15104.06,14460.64,3159.885,13677.177
,,,,,,,,6247,3703.344,456.576,3922.882,2784.093,18371.641,17624.47,15328.32,3404.433,13374.907
,,,,,,,,6248,3497.406,416.6721,3552.596,2701.191,18698.525,18951.51,14725.16,3458.999,12947.604
,,,,,,,,6249,3343.614,396.2107,3101.344,2418.049,18582.103,19124.71,13587.86,2837.687,12896.442
,,,,,,,,6250,3291.989,399.9944,2777.203,2053.442,18494.427,18932.86,12610.08,2537.366,13320.492
,,,,,,,,6251,3337.531,432.3685,2615.477,1876.122,18364.362,15272.89,11063.08,2116.161,13903.985
,,,,,,,,6252,3472.483,482.0202,2585.266,2015.763,18230.82,15769.92,10548.51,2016.437,14977.953
,,,,,,,,6253,3724.485,563.3262,2741.783,1720.838,18080.589,13798.1,11259.87,2152.389,15891.892
,,,,,,,,6254,4016.249,647.067,3178.261,1990.614,18293.816,15019.03,12696.42,2348.69,16802.679
,,,,,,,,6255,4536.684,738.0092,3645.229,2333.11,18261.198,15803.72,14223.48,2611.23,17650.06
,,,,,,,,6256,5142.277,794.5018,4051.201,2365.796,18688.955,14571.04,15698.17,2859.337,18655.155
,,,,,,,,6257,5561.517,852.7531,4649.83,3028.237,19267.13,16566.22,18047.41,3557.347,19675.536
,,,,,,,,6258,5635.522,870.614,4977.127,3324.846,19664.04,18710.02,19912.04,4137.04,19811.699
,,,,,,,,6259,5489.193,814.2972,4980.134,3416.312,19743.579,19378.5,19861.07,4218.546,19137.959
,,,,,,,,6260,5438.167,768.1923,4809.506,3318.769,19320.746,19147.31,19220.15,4142.417,18279.254
,,,,,,,,6261,5254.257,697.9093,4573.438,3075.448,18253.725,18933.73,19459.3,4158.938,17221.359
,,,,,,,,6262,4967.231,663.9161,4300.947,2691.352,17002.225,18870.75,19230.2,4060.923,16196.501
,,,,,,,,6263,4633.43,602.1794,3984.064,2411.073,15831.374,18989.03,18916.65,4107.553,15029.435
,,,,,,,,6264,4385.737,549.751,3762.292,2299.296,15009.308,18625.86,18365.41,4245.24,14136.9
,,,,,,,,6265,4210.332,505.6058,3621.561,2214.694,14542.769,16504.06,16562.56,3792.032,13567.552
,,,,,,,,6266,4070.008,477.3184,3472.568,2162.082,14337.772,14726.48,14824.71,3329.735,12957.344
,,,,,,,,6267,3982.837,460.5891,3439.198,2170.875,14396.734,13432.72,13528.84,3012.006,12749.315
,,,,,,,,6268,3970.08,442.8163,3434.374,2176.376,14891.165,12901.16,13143.81,2834.658,12650.575
,,,,,,,,6269,4026.422,443.6416,3564.878,2332.806,16080.336,13230.52,13413.13,2844.778,12920.776
,,,,,,,,6270,4080.638,451.688,3885.14,2591.284,17593.324,14791.62,14713.93,3114.996,13434.949
,,,,,,,,6271,3910.64,432.3377,3974.675,2664.497,18613.144,17235.12,15694.78,3365.428,13192.58
,,,,,,,,6272,3656.865,394.5903,3679.163,2405.216,18861.701,17445.56,14936.42,3304.512,12776.936
,,,,,,,,6273,3413.776,376.9112,3262.404,1996.059,18581.124,16084.09,14623.35,2924.237,12725.291
,,,,,,,,6274,3198.066,376.5157,2774.908,1686.266,18378.151,14231.42,12690.74,2468.488,13045.751
,,,,,,,,6275,2992.726,407.3539,2559.118,1499.843,18458.407,12381.56,10522.23,2108.891,13591.398
,,,,,,,,6276,2971.409,459.5369,2496.503,1513.283,18185.162,11686.63,10409.28,2091.334,14600.76
,,,,,,,,6277,3130.551,529.6659,2682.941,1392.379,17834.89,11146.27,11439.47,2157.397,15591.106
,,,,,,,,6278,3486.472,605.1418,3185.946,1565.223,18029.237,11699.52,12312.35,2481.281,16398.879
,,,,,,,,6279,3953.064,678.0787,3894.065,1867.141,18148.382,12938.32,13924.69,3264.328,17200.821
,,,,,,,,6280,4508.693,771.7531,4420.343,2092.698,18743.424,14259.82,15383.63,2987.822,17978.623
,,,,,,,,6281,4949.567,817.826,4669.129,2862.082,19477.394,16561.73,17963.25,3533.996,19039.608
,,,,,,,,6282,5089.109,837.5648,4970.602,3244.751,19776.612,18922.58,19751.62,4026.368,19014.983
,,,,,,,,6283,5082.042,801.0801,4939.839,3284.615,19808.125,19763.34,19402.32,4102.356,18253.841
,,,,,,,,6284,5035.267,759.1122,4883.864,3105.129,19327.964,19435.32,18900.75,4128.193,17693.986
,,,,,,,,6285,4900.258,676.9805,4537.167,2966.639,18346.065,19403.11,19070.19,4233.682,16774.727
,,,,,,,,6286,4654.691,623.8895,4262.344,2666.776,17109.955,19050.89,18641.69,4088.299,15742.661
,,,,,,,,6287,4372.98,553.035,3951.811,2363.16,15923.041,19018.58,18349.58,4092.891,14581.354
,,,,,,,,6288,4108.278,501.822,3704.96,2218.816,15043.136,18622.66,17809.6,4202.094,13828.888
,,,,,,,,6289,3962.639,469.8882,3577.174,2181.325,14581.972,16711.69,16206.9,3831.518,13198.639
,,,,,,,,6290,3829.756,447.9968,3431.077,2131.864,14293.105,14838.4,14401.15,3319.9,12743.25
,,,,,,,,6291,3738.333,431.4488,3378.972,2118.596,14285.753,13531.63,13192.41,2960.869,12359.181
,,,,,,,,6292,3709.63,416.7787,3356.227,2140.657,14676.722,12835.03,12758.73,2762.021,12236.691
,,,,,,,,6293,3811.684,413.4669,3470.329,2288.931,15775.342,13237.92,13034.16,2734.507,12518.57
,,,,,,,,6294,3894.603,430.45,3820.493,2542.296,17124.031,14922.45,14308.73,2976.081,13041.887
,,,,,,,,6295,3684.208,424.4936,3895.28,2617.611,18083.315,17258.88,15215.38,3220.497,12674.621
,,,,,,,,6296,3394.289,384.5477,3554.002,2342.985,18645.625,17660.85,14472.98,3109.778,12014.862
,,,,,,,,6297,3173.524,367.8701,3244.25,1915.992,18686.966,16250.66,13386.92,2894.31,11838.4
,,,,,,,,6298,2916.355,370.5774,2655.217,1626.981,18638.369,14328.8,11977.16,2511.244,12051.426
,,,,,,,,6299,2830.824,390.8405,2461.415,1521.764,18422.745,12565.25,10497.97,2179.931,12471.261
,,,,,,,,6300,2875.416,450.5539,2524.042,1498.998,18378.015,11740.31,10399.62,2035.188,13496.518
,,,,,,,,6301,3073.202,502.7802,2738.858,1597.82,18522.686,11871.49,11064.79,2154.374,14135.355
,,,,,,,,6302,3465.64,586.4882,3113.181,1815.572,18571.702,12420.13,12396.24,2439.774,15036.539
,,,,,,,,6303,3926.544,640.8689,3494.192,2069.703,18772.087,14326.62,13680.37,2673.39,15800.442
,,,,,,,,6304,4471.169,704.7405,3999.893,2417.786,19288.809,15415.46,15110.9,2866.084,16602.082
,,,,,,,,6305,4930.805,764.2586,4558.496,3166.058,19673.249,17737.94,17600.61,3525.447,17696.128
,,,,,,,,6306,5100.803,797.0129,4896.999,3492.161,19813.691,20268.34,19545.94,4128.914,17920.168
,,,,,,,,6307,5088.419,746.0394,5003.1,3422.783,19801.8,20787.03,19288.59,4131.939,17310.609
,,,,,,,,6308,5023.573,707.3463,4853.137,3339.949,19353.795,20493.22,19159.71,4169.718,16705.477
,,,,,,,,6309,4747.177,642.7876,4599.708,2961.908,18448.62,20282.44,19312.43,4322.94,15570.646
,,,,,,,,6310,4452.709,589.6966,4294.573,2827.183,17221.728,20089.73,18893.34,4214.558,14889.06
,,,,,,,,6311,4180.566,533.3123,3953.173,2579.66,15949.329,19876.08,18836.29,4203.482,13824.515
,,,,,,,,6312,3934.999,486.6082,3719.419,2345.381,15092.783,19322.42,18048.88,4219.184,12953.156
,,,,,,,,6313,3790.423,437.3358,3578.555,2235.541,14573.637,16906.31,16386.13,3812.571,12020.299
,,,,,,,,6314,3668.171,416.4787,3444.999,2167.17,14247.854,14909.58,14585.32,3302.746,11634.292
,,,,,,,,6315,3599.072,399.7494,3340.387,2128.051,14197.074,13648.16,13275.8,2960.783,11380.598
,,,,,,,,6316,3599.072,388.3726,3313.373,2110.191,14522.242,12804.53,12675.76,2766.448,11326.538
,,,,,,,,6317,3683.054,385.9138,3411.073,2287.243,15475.049,13020.62,12904.53,2713.773,11745.992
,,,,,,,,6318,3773.414,396.6913,3719.758,2535.768,16752.853,14649.75,14133.62,2994.832,12222.691
,,,,,,,,6319,3537.506,389.0383,3726.607,2583.768,17768.239,16823.47,15041.18,3221.657,11753.268
,,,,,,,,6320,3264.968,349.0318,3387.968,2415.54,18286.952,17158.91,14438.59,3378.314,11052.639
,,,,,,,,6321,2983.609,323.2178,2979.557,2084.245,18216.371,15820.23,13646.74,2991.861,10790.3873
,,,,,,,,6322,2746.638,314.5391,2654.977,1789.716,18233.265,14065.89,12093.46,2571.937,10742.413
,,,,,,,,6323,2677.743,340.3873,2508.688,1716.678,18098.534,12660.69,10662.9,2297.467,11173.073
,,,,,,,,6324,2724.462,395.3013,2640.383,1701.838,17964.14,12073.69,10827.71,2308.438,11851.892
,,,,,,,,6325,2920.121,464.5772,2923.142,1791.345,17820.629,12421.73,11746.58,2438.901,12709.183
,,,,,,,,6326,3347.267,519.7399,3462.833,2135.908,18147.459,12989.99,13106.89,2622.693,13549.763
,,,,,,,,6327,3873.391,592.6767,3917.443,2442.816,18338.298,14324.23,14497.91,2875.003,14136.592
,,,,,,,,6328,4362.737,656.5997,4430.876,2759.134,18638.117,16218.94,15733.05,3076.008,14978.396
,,,,,,,,6329,4827.688,710.9465,4969.524,3474.55,19124.971,18808.42,18065.99,3728.312,15960.622
,,,,,,,,6330,5096.551,738.167,5267.323,3662.765,19397.391,21038.21,19579.13,4188.596,16176.944
,,,,,,,,6331,5046.96,693.8802,5237.964,3413.99,19385.85,20899.78,19296.17,4223.359,15304.888
,,,,,,,,6332,4925.771,645.8881,4994.984,3243.899,18938.42,20063.37,19038.57,4169.625,14954.553
,,,,,,,,6333,4747.177,571.1958,4630.354,3037.512,18047.508,19509.58,18875.86,4233.127,14147.494
,,,,,,,,6334,4399.557,533.6187,4281.803,2950.063,16949.732,19298.87,18283.46,4079.885,13812.476
,,,,,,,,6335,4179.503,480.156,3972.235,2477.696,15841.707,19160.74,18337.56,4101.619,12734.635
,,,,,,,,6336,3908.423,442.0166,3832.317,2270.791,15015.931,18393.17,17593.79,4186.69,11980.644
,,,,,,,,6337,3754.279,415.4885,3586.352,2238.28,14417.931,16314.92,15950.91,3765.536,11472.111
,,,,,,,,6338,3623.523,390.3039,3421.355,2149.948,14058.609,14759.7,14498.86,3371.676,11117.173
,,,,,,,,6339,3557.613,369.4468,3339.892,2079.476,13906.878,13353.62,13242.2,2990.259,10826.132
,,,,,,,,6340,3553.361,360.9915,3272.351,2068.333,14036.541,12382.86,12459.6,2744.206,10843.225
,,,,,,,,6341,3588.442,359.7668,3269.854,2115.833,14527.787,11958.23,12080.69,2571.363,10885.282
,,,,,,,,6342,3581,352.3272,3396.083,2185.643,15214.559,12291.63,12184.78,2630.509,11110.4349
,,,,,,,,6343,3278.119,336.186,3409.351,2164.799,15898.156,12641.94,11832.54,2458.444,10718.4121
,,,,,,,,6344,2955.245,294.5923,3142.631,1971.85,16643.94,12077.69,10852.65,2421.02,10211.767
,,,,,,,,6345,2867.476,297.2569,2999.301,1946.045,17329.967,11325.21,10656.2,2386.396,10337.2559
,,,,,,,,6346,2768.702,304.5454,2839.954,1826.498,17741.121,10839.73,10288.28,2213.579,10566.682
,,,,,,,,6347,3092.992,334.7026,2928.717,1896.501,17923.794,10734.73,9821.609,2232.666,11141.241
,,,,,,,,6348,3425.413,373.4885,2900.106,2263.185,17701.851,11820.42,10595.11,2479.18,11811.784
,,,,,,,,6349,3589.441,429.0891,3217.257,2089.207,17618.875,11600.97,12015.02,2025.545,12525.499
,,,,,,,,6350,4038.595,501.2205,3364.406,2308.237,17817.632,11337.45,13202.38,2589.18,13505.203
,,,,,,,,6351,4443.529,572.0795,3588.599,2647.773,17712.412,12785.88,13840.07,3125.251,14269.759
,,,,,,,,6352,4881.158,640.7927,4266.393,3061.391,18002.357,14269.06,15971.66,3265.859,15157.312
,,,,,,,,6353,5125.141,690.2101,4665.045,3592.995,18373.194,16395.25,18048.8,3648.926,16160.308
,,,,,,,,6354,5250.005,720.9564,5015.281,3742.418,18480.56,17601.96,19123.09,4246.269,16201.743
,,,,,,,,6355,5069.285,678.6379,5008.819,3841.808,18487.864,17861.54,18023.38,4225.549,15666.162
,,,,,,,,6356,4940.654,656.5021,4819.843,3556.3,18166.371,17655.88,17779.39,4186.06,14836.352
,,,,,,,,6357,4762.06,613.1097,4545.006,3127.667,17443.623,17331.82,17276.21,4099.929,14252.43
,,,,,,,,6358,4584.529,582.2101,4251.834,2866.299,16469.023,17261.59,16731,4018.637,13870.506
,,,,,,,,6359,4392.115,520.8451,3961.549,2501.999,15442.077,16552.36,16184.4,3783.474,13076.183
,,,,,,,,6360,4116.782,483.0775,3783.596,2300.76,14637.77,16928.14,16656.04,4089.526,12426.343
,,,,,,,,6361,3974.333,456.1429,3697.821,2276.677,14192.613,15660.87,15769.37,3859.672,11925.117
,,,,,,,,6362,3835.072,431.9925,3550.752,2220.5,13863.265,14162.96,14501.51,3487.305,11776.585
,,,,,,,,6363,3760.657,415.2632,3504.43,2154.868,13741.145,12788.81,13280.92,3037.786,11536.935
,,,,,,,,6364,3714.946,403.7052,3460.038,2125.865,13782.601,11711.32,12461.03,2790.786,11424.034
,,,,,,,,6365,3722.387,402.4804,3497.097,2152.767,14152.262,11394.47,12012.4,2649.409,11447.206
,,,,,,,,6366,3701.126,386.9573,3376.909,2186.609,14637.155,11542,11958.67,2622.364,11612.9911
,,,,,,,,6367,3654.295,370.7741,3259.995,2177.899,15247.228,11626.38,11138.96,2454.812,11543.2287
,,,,,,,,6368,3748.365,341.0291,3044.987,2039.879,15867.784,11484.45,10213.14,2464.705,12497.801
,,,,,,,,6369,3507.029,354.4662,2831.454,1759.597,16496.432,10930.13,9818.382,2129.427,10656.0387
,,,,,,,,6370,3417.507,368.6833,2469.689,1546.562,16844.71,9164.352,8294.649,1886.335,12479.841
,,,,,,,,6371,3118.449,389.3603,2333.435,1478.204,17058.147,8400.255,7089.382,1717.505,11333.687
,,,,,,,,6372,3349.189,413.7364,2287.383,1642.891,16973.527,8045.541,6974.253,1797.27,12171.405
,,,,,,,,6373,3756.511,474.7896,2516.051,1813.439,16929.41,8465.873,7794.138,1979.875,13854.7
,,,,,,,,6374,4991.716,525.0113,2921.236,2113.236,17009.415,9869.211,9144.945,2268.377,10918.132
,,,,,,,,6375,5342.062,589.7161,3362.715,2450.758,17205.759,12115.38,11182.67,2703.804,11899.112
,,,,,,,,6376,5487.757,652.5955,3908.387,2960.96,17710.045,14214.21,12885.66,2981.66,13666.157
,,,,,,,,6377,5367.631,701.9431,4418.196,3525.303,18321.864,16742.68,15166.62,3477.801,14215.337
,,,,,,,,6378,5129.879,733.8444,4966.471,3835.197,18715.052,18715.45,16519.39,3815.584,13818.214
,,,,,,,,6379,5127.753,706.0475,4899.233,3773.016,18741.344,19225.32,16140.7,3860.903,13764.623
,,,,,,,,6380,4992.744,668.9509,4747.089,3530.132,18508.129,18218.16,16061.4,3822.128,13808.17
,,,,,,,,6381,4753.556,600.4549,4442.117,3312.626,17697.93,17276.95,15689.99,3690.321,13399.081
,,,,,,,,6382,4497.358,554.785,4169.779,2977.518,16541.26,17048.58,15281.72,3579.019,13088.157
,,,,,,,,6383,4200.764,507.7091,3850.16,2605.202,15375.448,16445.48,15371.23,3538.281,12261.428
,,,,,,,,6384,4008.35,461.6674,3656.763,2410.267,14576.734,17305.82,16120,3892.394,11645.085
,,,,,,,,6385,3827.63,436.1203,3601.722,2353.26,14070.672,15902.6,15293.59,3632.376,11184.205
,,,,,,,,6386,3711.757,411.1262,3450.794,2292.491,13833.081,14111.52,13762.78,3177.202,10945.521
,,,,,,,,6387,3654.351,398.5339,3371.272,2209.249,13865.338,12740.47,12618.19,2814.614,10917.579
,,,,,,,,6388,3643.721,393.3626,3408.331,2227.357,14313.913,12040.12,12167.69,2632.803,11124.077
,,,,,,,,6389,3714.946,403.4962,3498.875,2342.425,15433.72,12419.82,12434.06,2603.444,11580.379
,,,,,,,,6390,3851.018,416.5234,3744.848,2618.762,16882.539,14085.87,13896.29,2888.987,12269.5931
,,,,,,,,6391,3634.618,421.2301,3841.25,2740.615,17911.43,16342.95,14968.37,3165.873,12473.7479
,,,,,,,,6392,3354.266,388.3515,3480.419,2703.552,18502.929,16987.24,14546.48,3170.909,11728.47
,,,,,,,,6393,3162.577,372.88,3091.714,2320.789,18695.147,16203.42,13560.01,2941.051,10879.9999
,,,,,,,,6394,3076.933,363.1764,2787.99,2102.827,18621.06,14887.06,12234.35,2574.498,11212.536
,,,,,,,,6395,3147.3,364.8742,2702.857,2088.371,18583.987,13889.69,11039.15,2299.773,10441.912
,,,,,,,,6396,3266.679,386.6103,2801.352,2304.495,18395.521,13097.98,10246.31,2143.825,10917.265
,,,,,,,,6397,3610.104,443.1456,3164.905,2701.053,18329.847,13842.3,11363.07,2306.23,11484.954
,,,,,,,,6398,4175.448,490.2643,3742.228,3063.835,18387.132,15243.95,12392.56,2639.869,12067.113
,,,,,,,,6399,4658.676,548.7729,4133.792,3580.851,18642.976,17317.64,14435.5,3055.611,13192.952
,,,,,,,,6400,5176.724,644.8556,4689.001,3828.882,19346.072,19154.25,15365.07,3293.674,13976.492
,,,,,,,,6401,5730.6,675.9224,5141.658,4366.709,19908.056,21492.15,17099.99,3771.498,14986.69
,,,,,,,,6402,5959.066,705.5101,5541.753,4638.16,20222.034,24293.22,17904.1,4271.681,15258.46
,,,,,,,,6403,5794.292,700.7574,5513.368,4517.693,20158.635,24014.46,17534.43,4122.532,14982.18
,,,,,,,,6404,5505.139,679.2842,5237.982,4194.53,19688.444,22875.28,17677.14,4171.501,14574.651
,,,,,,,,6405,5202.167,626.1022,4881.31,3643.007,18601.282,21967.19,18084.05,4192.012,13815.144
,,,,,,,,6406,4740.799,583.363,4448.016,3255.783,17266.674,20989.06,18037.72,4112.6,13420.505
,,,,,,,,6407,4505.863,525.7634,4143.266,2890.184,16041.119,20747.14,18412.5,4208.872,12402.225
,,,,,,,,6408,4209.269,486.1177,3843.345,2662.457,15173.591,19938.75,17719.17,4245.074,11863.96
,,,,,,,,6409,4056.188,457.3491,3699.177,2596.023,14591.479,17408.25,16210.12,3805.478,11569.858
,,,,,,,,6410,3911.612,432.355,3522.761,2525.327,14306.59,15447.58,14703.48,3298.292,11305.789
,,,,,,,,6411,3830.819,419.5815,3426.271,2458.091,14308.983,13943.97,13390.67,2930.294,11170.196
,,,,,,,,6412,3803.18,409.239,3448.455,2466.495,14735.485,13222.36,12928.8,2846.258,11328.415
,,,,,,,,6413,3880.783,419.1912,3582.25,2556.575,15847.538,13446.33,13230.36,2866.22,11766.52
,,,,,,,,6414,3982.837,435.14,3896.723,2800.096,17340.847,15023.64,14580.13,3164.34,12394.02
,,,,,,,,6415,3778.131,441.6733,3965.702,2934.225,18375.217,16987.56,15823.16,3721.35,12757.95
,,,,,,,,6416,3616.208,409.2271,3667.582,2805.976,18856.243,17730.73,15548.76,4171.611,12313.986
,,,,,,,,6417,3763.487,413.7177,3227.748,2496.894,18514.005,17379.36,14570.69,3940.963,12460.455
,,,,,,,,6418,3591.68,415.614,2985.605,2259.284,18096.368,16244.37,13658.53,3784.837,12279.699
,,,,,,,,6419,4004.147,463.9204,2915.915,2489.073,18239.421,15804.15,12790.84,3382.233,12865.16
,,,,,,,,6420,4192.253,527.3478,3051.446,2767.428,17909.142,16680.98,13238.21,3939.986,13903.454
,,,,,,,,6421,4419.375,615.994,3441.939,2951.881,18066.834,17103.48,13716.19,3643.359,13324.155
,,,,,,,,6422,4560.705,700.8008,4004.174,3456.825,18131.292,17571.07,14871.79,3729.248,13339.64
,,,,,,,,6423,4992.85,759.388,4574.187,3821.321,18429.65,19846.19,16493.7,3510.204,14276.024
,,,,,,,,6424,5919.712,695.6942,4851.378,4304.818,19126.777,21450.72,17754.54,3638.668,14710.29
,,,,,,,,6425,6222.592,633.3531,5566.404,4850.961,19738.81,23312.72,18261.21,4206.202,15241.859
,,,,,,,,6426,6232.272,629.1003,5587.902,5036.696,20011.779,25463.82,18232.26,4219.234,15360.029
,,,,,,,,6427,5977.138,620.0387,5311.354,4728.243,20025.496,25427.66,17687.94,4169.525,15345.441
,,,,,,,,6428,5733.697,618.4067,5065.468,4334.692,19645.965,24077.99,17715.53,4140.294,15213.205
,,,,,,,,6429,5465.806,585.1756,4726.559,3940.339,18600.376,23176.35,18204.53,4181.349,14173.572
,,,,,,,,6430,4983.177,556.535,4369.881,3488.618,17233.22,22135.13,17979.87,4158.558,13437.962
,,,,,,,,6431,4657.88,502.8911,4021.16,3037.76,16005.577,21596.34,18363.39,4259.81,12649.455
,,,,,,,,6432,4354.908,467.0107,3784.909,2729.777,15128.473,20611.59,17835.24,4311.571,12009.699
,,,,,,,,6433,4200.764,437.7076,3616.767,2700.053,14599.517,18124.1,16346.88,3865.485,11685.138
,,,,,,,,6434,4022.17,415.6257,3479.346,2539.481,14295.797,16065.01,14872.25,3436.39,11506.294
,,,,,,,,6435,3966.891,404.0677,3463.336,2435.616,14258.259,14511.06,13632.03,3088.15,11436.578
,,,,,,,,6436,3940.314,400.5932,3456.576,2472.634,14640.624,13752.53,13266.55,2966.473,11529.299
,,,,,,,,6437,3997.72,405.3742,3595.757,2615.655,15653.815,14020.88,13529.43,3033.963,11963.095
,,,,,,,,6438,4094.458,423.7632,3928.561,2854.725,16975.915,15429.45,14943.92,3297.087,12643.487
,,,,,,,,6439,4089.403,446.5367,4142.708,3045.048,17975.286,17608.8,17097.32,3945.835,13000.427
,,,,,,,,6440,4015.081,408.6865,4043.704,2891.51,18541.492,18061.1,17659.25,4583.433,12308.041
,,,,,,,,6441,4147.104,368.5104,3838.956,2842.363,18613.56,17597.62,17616.91,4748.155,11455.57
,,,,,,,,6442,3632.076,354.8509,3885.643,2426.441,18264.805,16495.21,17260.03,4422.864,12371.418
,,,,,,,,6443,4187.479,360.2559,4273.771,2577.113,18126.634,15932.52,16860.03,3554.259,11953.219
,,,,,,,,6444,4333.436,381.7501,4270.695,2693.204,18369.646,15242.19,15207.66,3980.256,12928.55
,,,,,,,,6445,4690.997,436.1656,4484.686,2974.125,18313.016,15475.93,15746.98,4738.372,11391.264
,,,,,,,,6446,5107.4,485.5948,4268.36,3216.466,18288.203,16317.45,17070.13,4701.64,12093.742
,,,,,,,,6447,5992.95,512.2227,4805.699,3289.08,18703.663,18089.93,17782.13,4804.016,13874.208
,,,,,,,,6448,6370.132,550.0475,4854.669,3250.781,18791.984,19254.74,18351.28,4440.806,15190.13
,,,,,,,,6449,6543.32,635.0114,5038.301,3751.775,19259.032,20839.62,18098.17,4086.938,14962.783
,,,,,,,,6450,6253.534,628.6567,5015.599,3781.391,19667.113,22149.13,18638.68,4394.714,14400.177
,,,,,,,,6451,6043.048,625.1382,4977.93,3706.964,19741.136,21780.29,18584.83,4280.305,14279.604
,,,,,,,,6452,5826.184,598.4937,4918.65,3518.023,19366.056,20863.07,18960.81,4243.289,14189.583
,,,,,,,,6453,5563.607,551.5357,4597.833,3246.112,18413.35,20625.57,19233.86,4323.698,13728.81
,,,,,,,,6454,5205.356,513.5868,4277.816,2950.427,17097.73,20355.75,18796.85,4364.416,13217.661
,,,,,,,,6455,4975.735,465.4859,3971.143,2622.649,15915.461,19982.85,19083.79,4348.514,12386
,,,,,,,,6456,4650.439,430.821,3731.039,2477.916,15050.124,19469.4,18273.38,4388.617,11842.817
,,,,,,,,6457,4473.971,411.8512,3570.481,2405.896,14543.201,17272.86,16680.62,3969.588,11528.795
,,,,,,,,6458,4250.728,391.8379,3429.201,2313.362,14271.272,15279.34,14929.09,3494.736,11304.131
,,,,,,,,6459,4124.224,382.3483,3413.191,2304.296,14283.251,13915.31,13688,3135.706,11257.376
,,,,,,,,6460,4097.647,373.0401,3437.299,2303.494,14804.794,13337.91,13276.17,2981.696,11378.211
,,,,,,,,6461,4141.233,385.9046,3564.896,2425.255,15937.48,13676.08,13585.4,3047.443,11778.37
,,,,,,,,6462,4256.043,405.9904,3898.659,2660.621,17453.614,15223.31,14928.17,3322.196,12337.195
,,,,,,,,6463,4029.386,407.4037,4192.316,2864.877,18480.041,17638,16650.64,3677.342,12294.001
,,,,,,,,6464,3817.443,372.6564,4297.421,2652.843,18821.946,18938.56,17264.85,4712.767,11191.389
,,,,,,,,6465,3751.195,339.8445,4273.273,2322.143,18741.56,19025.43,17111.25,5133.205,10378.845
,,,,,,,,6466,3707.012,332.3905,4083.44,2082.686,18559.983,16517.93,16531.27,4999.213,10319.225
,,,,,,,,6467,3859.606,348.0867,3904.585,1961.885,18375.19,14098.48,15969.03,4779.249,10515.303
,,,,,,,,6468,4011.568,386.8243,4040.64,2040.717,18003.729,13348.94,16098.89,4617.521,11084.544
,,,,,,,,6469,4280.578,438.5088,4080.258,1853.474,17946.03,12406.39,16377.8,4179.434,11541.989
,,,,,,,,6470,4626.932,501.5224,4074.963,1934.304,17984.902,12730.82,16406.46,3898.294,12243.75
,,,,,,,,6471,5001.354,549.8276,4092.224,2163.222,18134.969,13860.68,16472.15,3288.906,13135.266
,,,,,,,,6472,5425.164,600.9678,4161.581,2365.26,18655.342,14553.15,15381.25,3344.825,13958.104
,,,,,,,,6473,5772.805,647.2824,4337.531,3122.449,19425.27,16495.38,16220.17,3811.462,14854.096
,,,,,,,,6474,5754.958,668.5391,4468.869,3415.755,19738.629,18393.69,17624.52,4118.899,15021.895
,,,,,,,,6475,5542.346,647.2385,4479.122,3231.517,19890.806,18435.46,17699.69,4128.898,14995.893
,,,,,,,,6476,5463.68,641.2791,4443.956,3005.643,19626.398,18419.35,18232.45,4276.664,14958.131
,,,,,,,,6477,5261.699,592.8967,4305.161,2759.394,18520.929,18655.21,18817.8,4356.828,14229.931
,,,,,,,,6478,4982.114,549.7765,4069.881,2481.629,17231.87,18626.67,18806.53,4440.377,13718.826
,,,,,,,,6479,4730.168,496.5043,3821.082,2249.038,15960.719,18801.75,19131.62,4454.52,12975.406
,,,,,,,,6480,4398.494,453.7559,3613.775,2161.035,15136.647,18548.83,18270.44,4502.555,12288.155
,,,,,,,,6481,4214.584,432.527,3515.904,2135.24,14737.462,16806.6,16683.45,4031.493,11874.211
,,,,,,,,6482,4067.882,405.4644,3403.562,2098.386,14497.573,14921.23,15011.19,3484.901,11627.448
,,,,,,,,6483,3977.522,392.8721,3349.515,2092.885,14587.195,13663.94,13670.51,3116.006,11522.112
,,,,,,,,6484,3962.639,387.5196,3345.247,2115.195,15059.067,13097.62,13189.95,2967.376,11611.75
,,,,,,,,6485,4006.224,390.4226,3482.492,2239.719,16189.391,13254.55,13479.94,2986.441,12008.89
,,,,,,,,6486,4094.458,412.5677,3810.466,2469.583,17768.676,14866.98,14637.64,3248.64,12514.815
,,,,,,,,6487,3873.806,418.2573,4098.098,2563.005,18958.718,17224.17,16029.9,3529.776,12267.925
,,,,,,,,6488,3636.35,371.2436,4233.782,2393.388,19613.945,18142.37,16115.69,3815.876,11312.281
,,,,,,,,6489,3413.832,342.5081,4192.543,2290.185,20166.92,17020.92,16820.51,4309.474,10663.855
,,,,,,,,6490,3220.447,335.0541,3990.738,2137.972,19946.587,15222.17,16078.72,3983.292,10530.057
,,,,,,,,6491,3122.849,336.2708,3925.002,1706.056,19640.406,12783.81,15114.88,3490.152,10708.288
,,,,,,,,6492,3066.077,381.4044,3749.45,1400.811,18989.576,10827.19,14223.4,3198.064,11198.303
,,,,,,,,6493,3220.651,442.4063,3573.979,1142.753,18766.125,9824.356,15039.88,4154.369,11807.544
,,,,,,,,6494,3477.763,509.5991,3683.622,1259.365,18884.266,9879.602,15787.06,4436.821,12629.481
,,,,,,,,6495,3764.642,556.6796,4017.054,1545.225,18783.695,10778.34,15132.43,4604.605,13477.539
,,,,,,,,6496,4411.433,613.3114,3850.712,1879.855,19457.939,11546.52,16017.09,4208.407,14378.091
,,,,,,,,6497,4745.889,660.056,3867.599,2756.796,20403.2,14017.43,15541.6,3951.695,15350.146
,,,,,,,,6498,4998.06,671.8139,4093.857,2870.026,20758.948,15725.96,16825.04,3930.554,15341.446
,,,,,,,,6499,4872.619,643.464,4193.973,2876.452,20856.003,15927.55,16503.85,3906.803,15153.33
,,,,,,,,6500,4797.141,614.751,4137.74,2774.932,20355.001,15998.42,16603.35,4012.604,15046.307
,,,,,,,,6501,4653.628,563.6468,3950.296,2565.229,19218.124,16553.22,17350.4,4170.921,14542.821
,,,,,,,,6502,4458.025,526.9227,3741.621,2306.787,18096.817,17086.18,17691.87,4268.478,14115.359
,,,,,,,,6503,4258.169,479.4843,3584.88,2121.059,16918.733,17513.33,18084.98,4291.452,13305.25
,,,,,,,,6504,4016.855,445.6631,3448.803,1983.242,16055.859,17055.7,17153.06,4251.343,12665.649
,,,,,,,,6505,3885.035,421.694,3328.754,1926.263,15666.04,15749.19,15881.83,3883.01,12222.598
,,,,,,,,6506,3782.982,400.6464,3228.398,1907.269,15429.955,14266.07,14354.57,3415.616,11877.457
,,,,,,,,6507,3738.333,381.8578,3145.005,1891.426,15408.745,12929.32,13091.79,3023.438,11711.804
,,,,,,,,6508,3680.928,371.3341,3132.457,1886.586,15570.938,12112.94,12280.33,2781.87,11681.112
,,,,,,,,6509,3700.063,370.1093,3161.798,1978.21,16209.883,11747.47,11987.12,2636.826,11707.266
,,,,,,,,6510,3723.45,375.0808,3258.119,2041.716,17110.732,12002.3,12023,2626.025,11860.8919
,,,,,,,,6511,3409.939,356.8711,3119.021,2079.687,18130.857,12511.11,11297.11,2470.576,11615.7452
,,,,,,,,6512,3038.853,299.8662,2676.24,1847.676,19019.903,11488.31,9135.153,2107.561,10920.779
,,,,,,,,6513,2745.801,279.8286,2300.873,1410.92,19613.578,9615.309,8266.473,1783.846,10226.7914
,,,,,,,,6514,2530.464,269.5861,1891.869,1175.292,19833.612,8511.977,7229.952,1521.628,10096.4505
,,,,,,,,6515,2413.732,266.6985,1634.494,1010.317,19907.529,7849.675,6767.051,1239.5,10104.276
,,,,,,,,6516,2419.364,278.5938,1424.089,889.252,19459.154,6557.687,5869.83,1323.168,10515.679
,,,,,,,,6517,2516.848,316.5607,1435.329,834.514,19026.315,6434.98,5767.372,1326.443,11089.061
,,,,,,,,6518,2717.563,362.8358,1712.151,950.0137,18953.952,6326.516,6698.821,1330.565,11763.21
,,,,,,,,6519,3088.479,424.3351,2001.177,1329.281,18840.896,8740.965,8794.965,1722.21,12710.778
,,,,,,,,6520,3635.604,487.7744,2787.951,2018.738,19183.071,10330.13,10803.62,2132.233,13663.118
,,,,,,,,6521,4242.688,548.4661,3217.074,2501.235,19933.949,11984.14,12968.87,2756.447,14555.912
,,,,,,,,6522,4614.295,578.178,3666.881,2740.676,20506.886,13505.74,14547.7,3283.107,14721.595
,,,,,,,,6523,4572.835,566.9385,3794.156,2700.9,20580.101,13989.29,14487.39,3268.399,14448.949
,,,,,,,,6524,4483.539,536.5287,3765.333,2622.353,19930.105,14269.53,14648.5,3418.123,14284.455
,,,,,,,,6525,4385.737,500.3761,3663.194,2459.511,19091.254,14472.96,14784.61,3457.275,13718.61
,,,,,,,,6526,4257.106,477.7505,3526.316,2245.418,17990.855,14943.98,15126.27,3515.03,13244.897
,,,,,,,,6527,4095.521,432.9335,3380.749,2047.106,16992.742,14819.75,14913.06,3503.588,12528.576
,,,,,,,,6528,3917.99,401.3715,3241.387,1875.283,16231.269,15491.63,15316.34,3801.67,11909.128
,,,,,,,,6529,3806.369,386.8479,3219.288,1848.049,15824.84,14820.6,14793.45,3638.175,11458.778
,,,,,,,,6530,3709.63,367.8688,3102.127,1863.31,15556.338,13382.77,13488,3195.862,11155.482
,,,,,,,,6531,3641.595,353.208,3066.418,1843.902,15507.921,12146.36,12321.62,2842.295,10945.859
,,,,,,,,6532,3605.451,342.6842,3058.688,1839.063,15743.518,11329.54,11625.03,2601.572,10825.085
,,,,,,,,6533,3602.261,338.3567,3064.874,1888.026,16317.001,10958.16,11364.42,2465.576,10811.245
,,,,,,,,6534,3611.829,338.3474,3151.149,1975.447,17125.462,11052.07,11222.36,2427.771,10896.9747
,,,,,,,,6535,3280.245,321.0786,3028.447,1959.041,17962.693,11413.57,10418.37,2252.409,10427.6917
,,,,,,,,6536,2898.529,259.4771,2573.905,1681.431,18639.909,10628.66,8571.581,1700.375,9765.592
,,,,,,,,6537,2605.476,239.972,2222.393,1301.056,18830.822,9041.259,7555.758,1398.391,9291.7558
,,,,,,,,6538,2433.725,233.4527,1901.259,1043.077,18474.515,7918.904,6815.051,1255.175,9098.6244
,,,,,,,,6539,2285.791,236.5473,1603.221,973.4332,18165.208,7027.293,5864.763,1125.3,9323.8535
,,,,,,,,6540,2300.618,248.4611,1433.022,858.1801,17705.698,5575.145,4837.04,1058.889,10045.4565
,,,,,,,,6541,2435.683,300.1548,1470.067,859.051,17359.057,5086.853,5461.95,1111.049,10581.531
,,,,,,,,6542,2692.049,354.5133,1681.33,1027.718,17200.002,5762.995,6739.451,1243.3,11502.306
,,,,,,,,6543,3011.939,405.7216,2145.456,1262.592,17336.147,6901.582,8665.743,1575.698,12429.327
,,,,,,,,6544,3566.504,474.7039,2668.639,1589.425,17896.728,8553.881,10355.63,2004.422,13374.615
,,,,,,,,6545,4179.968,536.4112,3365.97,2319.718,18940.366,10872.45,12852.53,2697.101,14508.796
,,,,,,,,6546,4576.024,573.535,3931.625,2771.974,19972.212,13455.13,14795.2,3291.041,14688.977
,,,,,,,,6547,4562.205,559.1834,4074.343,2815.956,20521.887,14291.57,14836.81,3372.227,14468.849
,,,,,,,,6548,4465.466,535.5321,3989.733,2697.039,20126.427,14383.87,14731.99,3458.099,14119.693
,,,,,,,,6549,4335.773,503.235,3782.205,2496.341,19260.496,14422.52,14644.99,3553.38,13459.622
,,,,,,,,6550,4210.332,469.9762,3568.718,2224.266,17799.189,14755.74,14805.44,3477.949,12928.19
,,,,,,,,6551,4043.431,427.0373,3350.401,2038.95,16792.239,14650.35,14610.58,3419.547,12107.372
,,,,,,,,6552,3838.261,395.4752,3211.032,1934.363,16060.919,15306.62,15388.33,3731.241,11428.387
,,,,,,,,6553,3616.081,367.9783,3152.096,1896.599,15846.208,14487.05,14354.74,3488.656,10759.0987
,,,,,,,,6554,3557.613,352.4737,3084.145,1876.554,15712.491,12752.47,12979.45,3016.68,10467.0091
,,,,,,,,6555,3531.036,336.7787,3038.8,1872.516,15901.504,11648.11,11842.91,2688.31,10431.1963
,,,,,,,,6556,3543.793,335.7351,3082.619,1931.572,16659.085,11175.71,11470.44,2545.543,10482.4931
,,,,,,,,6557,3634.153,345.4877,3268.928,2081.12,18170.619,11706.32,12054.15,2544.742,10899.895
,,,,,,,,6558,3805.306,372.804,3667.18,2330.368,20257.272,13411.5,13495.39,2850.967,11536.9737
,,,,,,,,6559,3580.414,377.9313,3771.272,2541.176,22027.961,15868.37,14614.65,3128.569,11022.3352
,,,,,,,,6560,3184.146,330.132,3351.08,2288.636,22314.024,16040.52,13911.43,3013.354,10351.224
,,,,,,,,6561,2830.263,295.8421,2789.67,1854.189,21388.044,13979.35,12426.77,2560.066,9558.6643
,,,,,,,,6562,2614.374,267.713,2250.146,1377.913,20473.146,11833.83,11102.19,2302.521,9242.9771
,,,,,,,,6563,2442.431,259.5586,1894.269,1177.517,19598.753,9920.124,9306.966,1825.575,9241.4117
,,,,,,,,6564,2405.292,281.9066,1776.751,1012.087,18919.56,7820.583,7619.303,1617.632,9711.708
,,,,,,,,6565,2434.989,338.6563,1929.018,991.2886,18539.223,7468.871,8228.074,1694.465,10229.984
,,,,,,,,6566,2629.754,395.7985,2222.893,1120.659,18354.287,7336.848,9594.341,1931.573,10935.362
,,,,,,,,6567,2977.96,443.7877,2534.606,1493.693,18300.589,8462.354,10716.94,2205.985,11755.548
,,,,,,,,6568,3451.969,503.2274,3007.336,1847.934,18793.329,9904.408,11541.39,2548.2,12726.373
,,,,,,,,6569,4049.156,573.1594,3702.851,2413.135,19647.359,12627.33,14288.47,3220.999,14042.049
,,,,,,,,6570,4520.746,618.4174,4295.992,2862.085,20452.761,15612.62,16406.96,3810.667,14583.57
,,,,,,,,6571,4484.602,607.4501,4448.494,2958.339,20842.274,16685.22,16457.01,3741.8,14064.871
,,,,,,,,6572,4381.484,555.4929,4350.641,2839.786,20276.934,16689.92,16189.11,3756.682,13676.6002
,,,,,,,,6573,4265.611,522.1523,4088.278,2692.479,19485.413,16929.79,17002.99,3913.2,13149.2273
,,,,,,,,6574,4113.593,497.1767,3879.217,2475.422,18285.014,16777.9,16911.26,3767.16,12448.75
,,,,,,,,6575,3913.738,443.4326,3602.212,2241.331,17510.099,17033.72,16784.14,3775.422,11770.696
,,,,,,,,6576,3748.963,408.2957,3381.972,2058.141,16699.95,16724.78,16390.28,3875.85,11211.221
,,,,,,,,6577,3654.351,373.9933,3230.647,1999.694,16332.545,15054.76,14934.73,3494.088,10795.3369
,,,,,,,,6578,3586.315,355.5765,3114.059,1989.517,16152.87,13216.15,13360.16,3023.825,10503.9349
,,,,,,,,6579,3551.234,339.2189,3040.327,1972.071,16310.289,12040.6,12165.38,2683.798,10399.3453
,,,,,,,,6580,3562.928,337.1504,3036.473,2002.95,17050.82,11470.59,11666.78,2522.125,10483.8421
,,,,,,,,6581,3660.729,343.9907,3205.007,2129.799,18479.585,11911.03,12075.74,2511.437,10822.347
,,,,,,,,6582,3866.963,366.3262,3574.876,2381.561,20422.619,13495.97,13478.81,2796.986,11524.2707
,,,,,,,,6583,3657.452,389.3196,3710.923,2617.169,22113.689,15890.03,14671.72,3072.896,11041.2548
,,,,,,,,6584,3230.355,333.3783,3322.401,2376.611,22281.478,15878.75,13846.04,2922.949,10323.302
,,,,,,,,6585,2840.328,297.8636,2829.625,1861.106,21518.386,14144.3,12573.81,2465.521,9633.5401
,,,,,,,,6586,2556.969,268.8344,2324.847,1403.287,20072.838,12297.77,11073.12,2161.066,9375.9682
,,,,,,,,6587,2414.791,267.9669,2040.767,1207.86,19329.186,10234.01,9278.988,1840.762,9402.0797
,,,,,,,,6588,2447.249,290.4961,1995.342,1137.722,18715.21,9059.446,8159.848,1584.782,10078.402
,,,,,,,,6589,2522.092,349.9236,2151.906,1229.429,18605.179,8815.651,8746.894,1636.375,10683.591
,,,,,,,,6590,2792.334,418.0617,2560.614,1352.061,18279.202,8478.064,10297.27,1893.891,11423.745
,,,,,,,,6591,3219.207,479.3148,2918.033,1687.91,18488.047,9632.926,11328.84,2185.37,12196.623
,,,,,,,,6592,3694.844,552.1621,3499.776,2050.209,19048.311,10961.67,12240.07,2552.482,13225.415
,,,,,,,,6593,4211.804,618.1476,4083.54,2640.57,19598.603,13339.12,14592.5,3193.478,14414.159
,,,,,,,,6594,4588.781,657.0657,4613.011,2977.43,19962.772,16652.56,16826.05,3838.517,14841.979
,,,,,,,,6595,4540.944,617.3206,4553.421,2961.791,20157.642,17003.7,16695.43,3842.242,14176.5171
,,,,,,,,6596,4439.953,575.9057,4353.044,2832.344,19430.516,16657.28,16326.06,3825.03,13592.2807
,,,,,,,,6597,4285.809,542.1933,4158.461,2675.83,18619.816,16824.52,16876.1,3988.351,13011.7163
,,,,,,,,6598,4121.035,496.3422,3903.495,2453.356,17406.462,16717.92,16776.17,3850.404,12472.127
,,,,,,,,6599,3889.287,446.5353,3678.834,2227.317,16378.612,17216.41,17054.38,3890.178,11770.414
,,,,,,,,6600,3709.63,411.2079,3455.699,2080.896,15666.44,16795.22,16545.59,3891.117,11279.476
,,,,,,,,6601,3611.829,381.0518,3264.414,2012.301,15132.767,15196.75,15032.67,3506.642,10940.9321
,,,,,,,,6602,3536.351,356.4295,3136.25,1979.011,14961.14,13300.27,13443.23,3041.789,10804.4115
,,,,,,,,6603,3503.396,343.1747,3057.692,1966.818,15038.079,12202.87,12240.59,2699.071,10688.0413
,,,,,,,,6604,3531.036,340.0627,3081.257,1991.229,15678.245,11565.37,11812.15,2545.492,10556.2301
,,,,,,,,6605,3628.838,347.7467,3295.942,2137.213,17055.809,12117.24,12306.67,2550.968,10880.63
,,,,,,,,6606,3820.188,371.9602,3650.375,2396.717,18917.458,13715.56,13717.62,2851.812,11527.8675
,,,,,,,,6607,3597.921,398.5245,3788.341,2626.036,20154.556,16093.37,14785.98,3100.718,11129.15
,,,,,,,,6608,3192.085,337.668,3323.655,2321.861,20410.225,15991.69,14058.64,2992.886,10425.39
,,,,,,,,6609,2850.393,311.4146,2826.037,1828.314,20101.427,14195.29,12698.42,2550.891,10160.0777
,,,,,,,,6610,2577.664,294.0529,2331.175,1488.146,19286.963,12390.46,11117.97,2191.218,10205.57
,,,,,,,,6611,2450.369,293.8949,2078.372,1319.632,18512.421,10374.19,9029.205,1783.946,10455.325
,,,,,,,,6612,2463.76,341.2647,1998.938,1241.289,18440.635,8985.295,8134.658,1636.063,10932.779
,,,,,,,,6613,2571.558,405.8727,2087.557,1229.404,18174.562,8584.712,8547.522,1733.338,11671.619
,,,,,,,,6614,2947.043,491.2214,2522.614,1290.217,18048.18,8186.162,10113.98,2035.88,12376.46
,,,,,,,,6615,3384.547,565.5479,2886.329,1631.521,18382.245,9190.021,11467.82,2305.318,13103.536
,,,,,,,,6616,3878.188,642.3797,3507.882,2200.204,18987.398,10380.78,12290.99,2632.504,14093.098
,,,,,,,,6617,4288.344,696.2787,4076.103,2660.834,20061.469,12732.41,14613.42,3195.699,15256.549
,,,,,,,,6618,4595.16,729.2106,4626.909,2960.192,20449.281,15938.8,16858.01,3869.582,15614.457
,,,,,,,,6619,4552.637,697.9206,4624.242,2964.141,20323.476,16812.6,16596.79,3710.333,14760.107
,,,,,,,,6620,4456.962,635.6302,4404.575,2851.089,19573.236,16621.17,16095.23,3651.791,14252.5123
,,,,,,,,6621,4294.313,579.917,4167.7,2699.191,18465.471,16604.83,16580.43,3764.449,13805.5459
,,,,,,,,6622,4108.278,533.4034,3892.07,2471.628,17292.828,16534.96,16532.27,3673.955,13192.174
,,,,,,,,6623,3866.963,485.4744,3669.741,2227.73,16423.315,17097.07,16952.21,3765.106,12422.736
,,,,,,,,6624,3672.423,439.8045,3458.593,2080.483,15660.183,16835.53,16500.99,3828.345,11770.35
,,,,,,,,6625,3567.18,401.0836,3241.82,1976.357,15333.96,15034.91,14933.65,3431.213,11323.877
,,,,,,,,6626,3484.261,375.0461,3131.426,1954.047,15141.648,13289.24,13402.13,2995.158,11055.567
,,,,,,,,6627,3455.559,358.498,3077.392,1956.95,15226.907,12144.63,12298.51,2674.91,10956.1955
,,,,,,,,6628,3470.442,356.4202,3098.062,1977.159,15896.739,11612.09,11849.96,2496.171,11018.969
,,,,,,,,6629,3548.045,358.0892,3293.047,2123.556,17179.223,12078.41,12276.94,2505.285,11393.496
,,,,,,,,6630,3722.387,382.1123,3653.269,2397.768,19042.779,13773.43,13725.7,2789.04,12163.5514
,,,,,,,,6631,3495.369,397.4973,3783.518,2592.818,20438.205,16061.58,14710.77,3046.965,11684.8994
,,,,,,,,6632,3091.66,338.6529,3330.419,2282.144,20758.891,15852.4,13639.24,2900.378,11383.688
,,,,,,,,6633,2802.624,321.7077,2728.087,1808.329,20130.92,13884.92,12017.68,2476.57,10951.523
,,,,,,,,6634,2605.869,303.0303,2251.544,1440.111,19394.218,11689.89,10228.38,2062.043,10784.503
,,,,,,,,6635,2490.269,316.2328,1950.959,1132.479,18727.215,9804.084,8841.879,1611.627,10787.33
,,,,,,,,6636,2536.546,357.4788,2049.658,1003.709,18413.867,8402.012,8080.093,1466.568,11340.542
,,,,,,,,6637,2672.481,431.5331,2229.872,973.6201,18294.483,8194.154,8748.152,1505.659,12162.286
,,,,,,,,6638,2942.723,503.1642,2546.682,1157.609,18216.94,8490.37,10174.3,1869.602,13011.672
,,,,,,,,6639,3385.542,569.4074,2911.246,1630.938,18239.715,9989.629,11133.74,2144.356,13749.12
,,,,,,,,6640,3842.043,650.1385,3512.145,1937.557,18778.908,10907.43,11926.15,2438.585,14623.589
,,,,,,,,6641,4346.247,704.8813,4068.501,2536.57,19472.486,13585.52,14448.71,3247.571,15617.771
,,,,,,,,6642,4625.988,734.0008,4562.275,2892.792,20058.364,16623.28,16639.23,3806.154,15728.667
,,,,,,,,6643,4549.448,665.015,4573.272,2895.466,20221.687,16855.47,16465.75,3666.006,14936.597
,,,,,,,,6644,4447.394,602.9058,4539.896,2800.274,19525.803,16488.34,16464.51,3668.356,14514.1811
,,,,,,,,6645,4286.872,561.9537,4219.085,2651.751,18409.267,16678.54,16887.82,3822.264,13632.0668
,,,,,,,,6646,4108.278,525.4016,4034.542,2454.467,17294.075,16840.67,16970.92,3772.221,12942.158
,,,,,,,,6647,3876.531,473.7166,3734.224,2237.658,16130.447,17261.1,17145.21,3825.583,12204.629
,,,,,,,,6648,3688.369,427.584,3458.19,2085.76,15476.161,16802.18,16478.05,3876.718,11623.192
,,,,,,,,6649,3592.694,388.4821,3247.609,1989.353,15020.02,15161.19,14991.36,3501.21,11214.236
,,,,,,,,6650,3504.46,362.8163,3134.32,1951.697,14808.813,13334.53,13457.23,3057.033,10864.995
,,,,,,,,6651,3463,348.3459,3054.798,1949.76,14935.794,12205.64,12271.19,2734.992,10727.3349
,,,,,,,,6652,3468.316,346.2682,3076.433,1986.365,15554.106,11597.79,11815.65,2556.253,10745.112
,,,,,,,,6653,3572.495,349.8152,3283.399,2122.257,16808.23,12105.28,12297.05,2563.574,10982.678
,,,,,,,,6654,3716.009,373.8383,3663.32,2401.309,18617.75,13809.05,13710.83,2850.07,11705.8122
,,,,,,,,6655,3533.074,392.0792,3789.709,2595.866,19934.661,16123.46,14932.67,3102.614,11241.6314
,,,,,,,,6656,3149.562,329.4788,3297.606,2325.357,20115.029,15871.79,13670.18,3000.382,10648.037
,,,,,,,,6657,2831.258,306.5186,2784.44,1771.5,19811.511,14141.32,12115.42,2522.515,10567.031
,,,,,,,,6658,2587.231,286.4352,2361.67,1464.852,19223.768,12293.09,10561.09,2228.667,10317.38
,,,,,,,,6659,2505.083,295.1574,2177.373,1278.787,18412.636,10339.65,9250.659,1817.128,10673.849
,,,,,,,,6660,2555.613,349.8488,2271.51,1201.563,17940.288,8887.029,8712.908,1739.726,11269.177
,,,,,,,,6661,2681.98,427.3306,2455.21,1200.252,17716.934,8593.216,9526.956,1840.48,12044.541
,,,,,,,,6662,3021.321,490.2064,2790.623,1384.326,17287.218,9016.801,10751.65,2129.497,12691.954
,,,,,,,,6663,3464.705,562.7985,3212.97,1845.697,17346.416,10218.53,11818.61,2335.039,13414.821
,,,,,,,,6664,3957.352,626.5566,3770.716,2269.712,18036.274,11871.22,12392.26,2678.459,14239.323
,,,,,,,,6665,4390.896,690.8984,4364.921,2828.142,18795.076,14862.94,15279.23,3302.593,15371.124
,,,,,,,,6666,4589.844,705.223,4879.127,3046.618,19272.877,18131.96,17613.24,3984.665,15281.604
,,,,,,,,6667,4507.989,649.6825,4674.014,2889.607,19462.997,17607.07,16715.24,3712.352,14103.319
,,,,,,,,6668,4406.998,586.92,4534.266,2698.614,18706.086,16926.99,16575.81,3743.273,13707.8947
,,,,,,,,6669,4261.359,532.2411,4130.799,2535.572,17856.566,16812.59,16829.34,3847.546,13031.7547
,,,,,,,,6670,4104.026,500.8695,3895.122,2327.806,16830.654,16466.15,16561.52,3705.64,12557.914
,,,,,,,,6671,3898.855,461.2146,3657.918,2145.89,16076.702,16880.02,16805.51,3786.884,11890.506
,,,,,,,,6672,3712.819,422.594,3478.047,1992.176,15443.101,16286.33,16019.5,3763.118,11281.79
,,,,,,,,6673,3607.576,391.2039,3368.05,1939.952,14957.744,15105.71,15034.23,3484.6,10857.663
,,,,,,,,6674,3512.964,363.4787,3188.751,1897.208,14772.976,13527.45,13627.81,3124.166,10548.4149
,,,,,,,,6675,3464.063,347.1212,3088.01,1895.107,14813.566,12340.08,12446.32,2792.641,10373.2749
,,,,,,,,6676,3457.685,342.7937,3080.696,1882.913,15227.903,11566.07,11856.65,2563.955,10271.8039
,,,,,,,,6677,3488.514,337.6131,3119.697,1935.914,16010.741,11363.12,11657.77,2443.86,10404.359
,,,,,,,,6678,3563.991,346.7124,3256.953,2045.068,16983.52,11607.23,11785.6,2464.973,10756.2975
,,,,,,,,6679,3286.444,355.9034,3225.825,2136.062,18038.341,12582.13,11504.64,2305.963,10464.6809
,,,,,,,,6680,2922.564,292.2634,2864.858,1870.709,18501.233,11629.6,10011.15,1968.637,10118.214
,,,,,,,,6681,2602.7,277.9967,2572.949,1584.025,18215.376,10119.74,9016.404,1677.023,9954.713
,,,,,,,,6682,2422.954,276.4304,2343.614,1363.985,17528.888,9346.69,8312.342,1659.826,9910.995
,,,,,,,,6683,2352.002,298.3788,2285.136,1253.381,16858.475,8514.144,7383.39,1454.695,10107.671
,,,,,,,,6684,2415.854,339.8809,2292.359,1249.568,16342.1,9368.253,6928.626,1520.684,10578.328
,,,,,,,,6685,2576.24,411.1757,2642.103,1315.985,16038.849,9103.093,7819.172,1629.014,11302.864
,,,,,,,,6686,2909.202,492.9588,2976.832,1570.161,16066.878,8819.841,9377.065,1770.605,12070.604
,,,,,,,,6687,3365.841,562.4389,3404.687,2152.399,16243.273,10642.65,10837.38,2076.936,12921.909
,,,,,,,,6688,3912.137,628.075,4042.241,2562.484,16832.747,12808.5,12506.48,2591.743,13888.074
,,,,,,,,6689,4358.438,702.8312,4647.24,3121.297,17642.938,15514.56,14927.79,3302.686,14875.825
,,,,,,,,6690,4520.746,690.609,5084.671,3435.26,18114.726,18458.07,16808.62,3991.725,14815.029
,,,,,,,,6691,4429.322,644.9299,5029.117,3076.341,18239.367,17384.61,16128.87,3724.967,13977.362
,,,,,,,,6692,4346.403,576.515,4681.543,2826.128,17745.2,16746.67,15921.36,3621.021,13188.6913
,,,,,,,,6693,4188.007,523.0515,4288.286,2663.772,16982.368,16272.69,15964.53,3680.207,12573.7836
,,,,,,,,6694,4032.801,498.0667,3989.501,2379.564,16224.487,15545.98,15079.56,3418.686,12173.74
,,,,,,,,6695,3826.567,467.7109,3761.39,2234.089,15401.084,15354.1,15020.8,3376.161,11630.936
,,,,,,,,6696,3644.783,423.0659,3545.424,2004.096,14826.037,15653.53,15344.74,3613.5,11070.939
,,,,,,,,6697,3553.36,384.1453,3351.66,1927.097,14442.713,14911.16,14738.66,3496.287,10680.671
,,,,,,,,6698,3448.117,358.2982,3245.118,1893.643,14242.569,13488.75,13476.74,3124.217,10376.9567
,,,,,,,,6699,3413.036,343.8279,3133.759,1893.808,14254.437,12262.06,12331.66,2785.467,10214.5045
,,,,,,,,6700,3385.397,333.6759,3083.186,1906.827,14594.406,11322.52,11552.68,2560.368,10122.7061
,,,,,,,,6701,3425.793,328.4954,3088.817,1894.858,15307.217,11089.13,11297.84,2405.277,10181.5333
,,,,,,,,6702,3455.559,336.1886,3198.095,1981.537,16260.269,11255.16,11450.04,2428.286,10534.082
,,,,,,,,6703,3216.78,333.9065,3166.809,2050.962,17138.67,12258.13,11119.6,2318.72,10098.395
,,,,,,,,6704,2847.087,280.7585,2840.972,1850.988,17562.411,11858.59,9800.428,2049.7,9649.434
,,,,,,,,6705,2585.125,268.3699,2632.837,1857.99,17453.571,10176.15,8703.751,1823.49,9551.8497
,,,,,,,,6706,2399.567,266.8128,2431.47,1681.906,17403.437,9294.782,8009.109,1679.626,9512.041
,,,,,,,,6707,2363.13,285.1394,2349.996,1733.157,17013.418,8382.979,6501.237,1520.893,10094.603
,,,,,,,,6708,2426.982,333.3622,2349.5,1537.208,16900.246,7494.334,6593.467,1580.736,11007.311
,,,,,,,,6709,2676.665,418.0931,2711.399,1690.838,16763.155,7697.93,7335.784,1613.923,11899.851
,,,,,,,,6710,3197.789,493.518,3082.644,1999.715,16720.986,8406.216,8802.451,1817.435,12620.592
,,,,,,,,6711,3810.698,557.4019,3427.708,2471.063,16874.79,10435.01,10253.53,2263.94,13365.664
,,,,,,,,6712,4344.803,617.2042,4021.046,2835.869,17351.509,12565.04,11653.98,2768.476,14402.794
,,,,,,,,6713,4861.266,677.5278,4580.296,3353.028,18020.692,15363.04,14016.49,3342.325,15504.446
,,,,,,,,6714,5164.96,698.7828,5050.524,3454.912,18392.685,18500.36,15947.23,4056.794,15403.232
,,,,,,,,6715,4833.285,634.9498,5028.17,3400.467,18512.496,17630.36,16051.6,3921.063,14340.135
,,,,,,,,6716,4649.376,579.6085,4753.353,3068.394,18167.629,16843.06,15899.39,3750.203,13588.552
,,,,,,,,6717,4377.232,519.749,4406.253,2811.464,17407.578,16200.75,15992.78,3769.897,13045.8721
,,,,,,,,6718,4123.161,494.111,3988.554,2454.791,16441.259,15599.39,15149.7,3567.808,12408.966
,,,,,,,,6719,3790.423,446.5538,3706.567,2360.096,15459.176,15137.82,14927.77,3490.49,11728.356
,,,,,,,,6720,3602.261,402.9524,3499.278,2126.952,14776.272,15789.01,15556.08,3796.921,11058.123
,,,,,,,,6721,3521.469,374.6743,3346.976,2018.271,14259.643,14924.11,14834.51,3649.174,10745.8127
,,,,,,,,6722,3418.352,353.1455,3200.884,1950.149,14011.121,13178.37,13291.63,3190.649,10456.9089
,,,,,,,,6723,3374.766,338.6659,3131.413,1933.753,14028.242,11952.48,12103.19,2796.817,10348.4647
,,,,,,,,6724,3381.145,334.5196,3127.964,1999.361,14463.944,11300.69,11494.61,2583.206,10385.0281
,,,,,,,,6725,3455.559,340.1351,3287.259,2051.208,15462.956,11727.7,12068.7,2549.226,10645.0797
,,,,,,,,6726,3558.676,358.3244,3578.419,2241.624,16960.435,13127.77,13235.12,2789.091,11083.0253
,,,,,,,,6727,3359.23,373.3778,3645.685,2401.698,18097.714,15399.83,14232.78,3034.664,10753.4751
,,,,,,,,6728,3035.746,319.4671,3282.244,2122.518,18634.008,15578.08,13722.98,2890.562,10448.417
,,,,,,,,6729,2762.091,299.1037,2842.408,1895.755,18802.063,14275.97,12182.06,2574.656,10336.721
,,,,,,,,6730,2626.428,287.4378,2468.261,1763.179,18773.029,12770.25,10758.63,2273.405,10325.757
,,,,,,,,6731,2662.845,308.7331,2307.665,1732.876,18681.85,11552.06,9125.744,2035.848,10680.214
,,,,,,,,6732,2864.895,354.4153,2266.654,1866.177,18607.884,11404.76,8285.299,1948.026,11346.244
,,,,,,,,6733,3273.042,436.4337,2440.343,1927.196,18500.902,10588.83,8781.723,2006.961,12069.952
,,,,,,,,6734,3674.606,517.3113,2922.761,2198.459,18373.691,11796.93,10310.26,2383.258,12877.911
,,,,,,,,6735,4162.073,602.4433,3451.035,2829.368,18246.965,14307.07,12324.92,2898.232,13646.086
,,,,,,,,6736,4587.61,655.868,3932.055,3350.241,18672.355,15310.93,12881.04,2999.12,14675.599
,,,,,,,,6737,4775.158,721.0005,4516.22,3477.728,19857.256,17564.51,15233.58,3668.827,15676.124
,,,,,,,,6738,4924.708,719.1865,4823.549,3684.456,20273.849,19257.57,16636.69,4136.111,15405.142
,,,,,,,,6739,4815.213,652.7319,4755.282,3456.352,20162.455,18941.22,16431.82,3955.094,14727.804
,,,,,,,,6740,4741.862,609.0396,4617.464,3290.668,19715.449,18632.33,16202.39,3834.43,14341.05
,,,,,,,,6741,4530.313,578.8018,4382.922,2950.78,18668.223,18215.41,17005.92,3939.228,13609.379
,,,,,,,,6742,4249.665,551.7483,4016.199,2768.64,17527.864,18153.54,16746.07,3855.778,12785.747
,,,,,,,,6743,4062.566,495.2732,3718.933,2552.657,16476.543,17873.2,16816.03,3826.325,11880.958
,,,,,,,,6744,3851.017,450.8188,3477.479,2367.614,15654.712,17236.35,16466.05,3926.039,11251.251
,,,,,,,,6745,3768.099,413.9666,3346.415,2290.202,15797.567,15850.79,15372.53,3654.605,10836.395
,,,,,,,,6746,3634.153,380.0361,3214.391,2180.47,15733.87,13906.79,13751.61,3196.926,10525.0735
,,,,,,,,6747,3601.198,363.6785,3113.65,2127.056,16071.496,12465.89,12531.79,2830.893,10417.7631
,,,,,,,,6748,3610.766,351.4487,3107.861,2206.097,16843.159,11859.82,11971.97,2641.392,10480.778
,,,,,,,,6749,3637.342,357.2547,3284.119,2272.675,18349.326,12258.67,12324.96,2562.552,10832.24
,,,,,,,,6750,3729.828,376.4875,3588.945,2519.986,20431.987,13796.4,13728.04,2876.796,11545.7485
,,,,,,,,6751,3568.087,386.4051,3796.052,2746.482,22137.714,16525.84,15180.91,3278.505,11101.1826
,,,,,,,,6752,3307.256,349.5638,3499.531,2454.935,22585.09,16770.64,15516.75,3222.758,10551.925
,,,,,,,,6753,2976.76,333.5187,3027.663,1916.059,22018.237,14998.28,13386.85,2623.779,10043.64
,,,,,,,,6754,2733.3,327.7336,2529.197,1527.88,21198.41,13103.35,11604.89,2333.234,9910.416
,,,,,,,,6755,2629.958,351.1444,2250.507,1290.398,20330.734,10637.03,9639.133,1902.863,10317.18
,,,,,,,,6756,2658.729,405.7539,2169.94,1266.66,19610.051,9244.337,8413.166,1744.11,10918.549
,,,,,,,,6757,2797.356,467.412,2365.089,1143.12,19422.986,8799.161,8843.261,1862.121,11726.104
,,,,,,,,6758,3041.022,555.2918,2743.327,1285.262,19084.624,9230.712,10228.68,2717.79,12681.206
,,,,,,,,6759,3452.446,626.6499,3075.668,1677.354,19142.536,10940.29,11323.78,2352.994,13387.713
,,,,,,,,6760,3876.491,697.4195,3634.662,2058.255,19637.792,12358.7,12109.47,3324.655,14374.894
,,,,,,,,6761,4346.179,744.9789,4136.026,2652.598,20786.43,15145.66,14256.38,3196.51,15333.693
,,,,,,,,6762,4617.484,750.4046,4541.744,3035.095,21831.603,17515.56,15828.78,3577.617,15354.481
,,,,,,,,6763,4557.953,698.8106,4559.344,3025.398,22176.96,17347.71,16051.49,3599.95,14634.724
,,,,,,,,6764,4475.034,663.7733,4358.972,2881.716,21786.912,17091.62,15974.67,3730.798,14726.336
,,,,,,,,6765,4346.403,618.8561,4146.469,2724.212,20813.889,17230.23,16783.86,3932.074,13912.28
,,,,,,,,6766,4152.926,555.6039,3931.461,2557.666,19607.539,17299.28,16969.03,3955.936,13372.852
,,,,,,,,6767,3929.684,505.6065,3705.842,2349.486,18450.887,17411.65,17151.21,3919.749,12375.788
,,,,,,,,6768,3750.027,457.2056,3514.544,2201.213,17682.54,16905.41,16693.62,4013.075,11660.954
,,,,,,,,6769,3643.72,417.0694,3322.295,2100.051,17383.283,15423.29,15264.97,3638.464,11287.605
,,,,,,,,6770,3551.234,384.1731,3191.236,2055.454,17210.449,13487.98,13628.31,3154.779,10936.717
,,,,,,,,6771,3531.036,367.8155,3134.314,2033.805,17386.362,12214.02,12514.51,2816.596,10891.859
,,,,,,,,6772,3534.225,361.6007,3123.701,2040.995,18093.902,11561.74,11987.92,2624.406,10970.004
,,,,,,,,6773,3656.477,369.466,3349.97,2152.971,19569.013,12017.4,12529.34,2605.67,11187.379
,,,,,,,,6774,3839.323,388.5083,3672.565,2366.748,21686.613,13728.07,13903.01,2848.225,11673.3433
,,,,,,,,6775,3629.813,399.5657,3811.903,2603.712,23449.967,16441.69,15021.91,3538.846,11293.4337
,,,,,,,,6776,3185.209,347.8293,3403.544,2394.148,23662.087,16673.85,14131.85,3562.74,10666.641
,,,,,,,,6777,2749.539,311.1932,2798.486,1907.624,22689.342,14611.39,12227.5,2524.307,10052.535
,,,,,,,,6778,2433.79,284.3891,2288.472,1430.955,21480.504,12561.95,10675.02,2186.469,9773.828
,,,,,,,,6779,2249.656,278.6502,2016.542,1211.652,20349.826,10049.94,8707.626,1781.534,9866.875
,,,,,,,,6780,2234.841,291.7646,1979.491,1094.287,19516.049,8975.632,7923.819,1628.322,9951.5
,,,,,,,,6781,2326.694,333.4472,2200.696,1079.387,19045.901,9100.236,8354.924,1732.266,10470.277
,,,,,,,,6782,2597.433,387.1589,2757.25,1267.286,18799.822,9664.844,10187.22,2081.518,11112.692
,,,,,,,,6783,3009.355,447.9461,3195.556,1641.53,18779.186,11538.38,11493.54,2439.018,11981.325
,,,,,,,,6784,3531.133,499.624,3847.579,2177.936,19343.03,12900.84,12706.21,2697.093,12877.468
,,,,,,,,6785,4150.078,547.4988,4483.173,2772.808,20219.012,15883.77,15200.66,3314.737,13948.095
,,,,,,,,6786,4533.502,575.7159,4954.35,3029.003,21255.388,17846.45,16836.14,3774.153,14112.681
,,,,,,,,6787,4507.989,577.0409,4929.499,3039.789,21714.744,17508.98,16793.89,3715.122,13782.9805
,,,,,,,,6788,4420.818,533.7388,4773.514,2901.384,21171.25,16931.9,16472.37,3631.201,13453.1599
,,,,,,,,6789,4310.259,509.8878,4458.088,2731.401,20389.409,16887.44,17194.7,3903.64,12945.346
,,,,,,,,6790,4132.729,488.3867,4033.881,2511.854,19116.243,16768.7,16759.29,3787.849,12305.952
,,,,,,,,6791,3941.377,449.7661,3846.285,2278.461,18088.622,17214.93,16964.36,3851.857,11589.501
,,,,,,,,6792,3785.107,411.6984,3594.622,2145.12,17259.713,16945.59,16579.94,3965.547,11133.627
,,,,,,,,6793,3701.126,374.0118,3362.413,2053.601,16805.024,15209.68,15023.4,3546.945,10723.245
,,,,,,,,6794,3624.585,357.2825,3370.686,2027.089,16693.753,13445.46,13567.97,3061.517,10503.5427
,,,,,,,,6795,3595.883,344.8715,3224.039,1992.42,16758.717,12256.54,12452.42,2754.721,10444.9985
,,,,,,,,6796,3617.144,340.7252,3178.133,2012.629,17328.524,11707.36,12047.59,2581.413,10611.359
,,,,,,,,6797,3714.946,346.7124,3351.899,2157.811,18810.672,12199.15,12466.7,2559.987,11034.599
,,,,,,,,6798,3911.612,370.926,3711.156,2398.903,20872.852,13819.65,13917.21,2833.848,11777.7391
,,,,,,,,6799,3702.101,378.9277,3798.383,2690.577,22589.919,16568.54,15081.64,3155.673,11398.2432
,,,,,,,,6800,3261.183,331.1377,3370.362,2506.423,23014.306,17140.46,14064.34,3022.406,10458.0797
,,,,,,,,6801,2925.305,293.4296,2901.731,1989.237,21740.947,14949.18,12501.28,2649.438,9607.1203
,,,,,,,,6802,2484.251,259.7667,2419.685,1564.905,20663.794,13207.11,11158.72,2327.982,9286.5227
,,,,,,,,6803,2313.371,249.0471,2265.293,1317.254,19665.486,11105.26,9676.634,2010.328,9194.8955
,,,,,,,,6804,2313.439,266.4327,2273.89,1151.981,19079.882,9841.552,9357.146,1949.583,9406.7437
,,,,,,,,6805,2448.312,304.822,2492.762,1352.961,18534.2,10223.74,10149.99,2057.66,9930.038
,,,,,,,,6806,2725.429,370.435,2986.767,1424.687,18308.197,10295.12,12167.1,2397.792,10620.658
,,,,,,,,6807,3110.277,431.732,3567.951,1809.107,18299.832,11504.34,13850.05,2729.346,11233.613
,,,,,,,,6808,3717.1,513.8221,4156.856,2246.895,18731.431,13150.25,15017.31,3046.315,12224.945
,,,,,,,,6809,4239.376,563.8125,4698.722,2786.212,19517.87,15658.01,17498.25,3601.53,13590.248
,,,,,,,,6810,4557.953,587.0017,5044.795,3069.077,20414.215,17527.77,18576.75,3934.481,13942.3139
,,,,,,,,6811,4496.295,556.6551,4901.433,2888.685,20624.654,16611.74,17654.19,3636.346,13333.3887
,,,,,,,,6812,4404.872,529.3203,4742.396,2810.362,20029.337,16420.93,16918.98,3576.952,13047.1279
,,,,,,,,6813,4277.305,499.3547,4512.922,2695.518,19391.838,16680.89,17288.69,3791.964,12616.4227
,,,,,,,,6814,4122.098,480.3849,4154.163,2539.866,18343.215,16905.65,17051.15,3767.977,12138.3559
,,,,,,,,6815,3929.684,438.1895,3897.267,2291.541,17379.372,17303.25,17186.23,3832.574,11574.957
,,,,,,,,6816,3772.351,400.5121,3583.606,2143.845,16626.164,16847.11,16508.9,3945.767,11121.09
,,,,,,,,6817,3697.937,364.6942,3343.135,2043.733,16150.802,15225.83,15007.66,3535.287,10819.2723
,,,,,,,,6818,3635.216,346.0869,3252.03,1993.884,16037.452,13424.2,13552.23,3069.588,10621.1669
,,,,,,,,6819,3603.324,333.8664,3130.057,1970.771,16180.465,12270.35,12359.52,2760.101,10568.8679
,,,,,,,,6820,3613.955,332.6416,3123.707,1991.618,16757.056,11647.64,11938.95,2578.671,10726.7259
,,,,,,,,6821,3714.946,343.6096,3321.026,2141.167,18142.618,12133.02,12402.86,2566.264,11127.427
,,,,,,,,6822,3907.359,369.7012,3686.475,2427.821,19984.914,13837.71,13835.01,2832.106,11844.8939
,,,,,,,,6823,3687.218,387.7138,3829.098,2681.676,21638.506,16345.11,15236.9,3162.053,11587.9089
,,,,,,,,6824,3260.12,323.8979,3385.634,2453.416,22217.451,16530.97,14248.07,3018.319,10465.0025
,,,,,,,,6825,2832.389,287.177,2886.144,1878.863,21491.196,14635.69,12581.08,2629.319,9673.6529
,,,,,,,,6826,2559.094,252.6141,2542.485,1442.147,20596.347,12678.49,11359.03,2298.837,9325.6672
,,,,,,,,6827,2392.467,250.9559,2375.661,1243.027,19732.662,10419.18,9870.406,1862.557,9422.8321
,,,,,,,,6828,2380.841,268.5699,2328.202,1198.042,18966.64,9447.597,9148.892,1647.843,9785.4648
,,,,,,,,6829,2508.272,307.2307,2426.078,1319.554,18467.048,9247.306,9773.569,1834.691,10259.038
,,,,,,,,6830,2835.354,392.7136,2760.831,1451.045,18225.401,9435.544,11439.41,2186.761,10873.257
,,,,,,,,6831,3301.56,461.4316,3289.517,1741.783,18386.699,10596.75,13229.44,2325.262,11537.703
,,,,,,,,6832,3822.343,524.9614,3871.669,2164.224,18685.863,12747.43,13786.38,2668.157,12560.244
,,,,,,,,6833,4336.611,593.6308,4482.533,2787.603,19320.011,15049.97,15975.01,3379.457,13739.269
,,,,,,,,6834,4526.061,610.1178,4770.422,2991.997,19728.546,17180.29,17495.9,3854.802,13800.9605
,,,,,,,,6835,4452.709,583.9175,4586.528,2781.444,19632.664,16570.2,16603.08,3730.242,13239.2854
,,,,,,,,6836,4354.908,549.5334,4430.549,2680.032,18933.9,16283.25,16132.74,3650.833,12769.8242
,,,,,,,,6837,4224.151,492.577,4139.091,2557.137,18103.476,15993.81,16228.26,3690.17,12380.9508
,,,,,,,,6838,4096.584,461.3866,3870.062,2385.338,17368.202,16254.05,16334.74,3768.201,11979.1128
,,,,,,,,6839,3921.179,421.913,3650.225,2188.55,16507.448,16641.39,16498.43,3832.618,11447.878
,,,,,,,,6840,3758.531,393.6349,3467.453,2023.693,15796.867,16095.84,15824.18,3793.608,11033.594
,,,,,,,,6841,3670.297,365.5287,3324.646,1959.5,15283.802,14977.16,14863.71,3476.53,10701.5241
,,,,,,,,6842,3600.135,347.1119,3209.018,1899.558,15060.812,13389.71,13478.28,3129.546,10421.1747
,,,,,,,,6843,3552.297,331.7886,3120.252,1893.006,15041.489,12236.55,12356.14,2841.094,10295.0614
,,,,,,,,6844,3543.793,329.5296,3075.872,1889.217,15375.371,11489.34,11726.35,2588.167,10282.1981
,,,,,,,,6845,3583.126,331.4076,3113.907,1940.117,16110.214,11283.62,11459.93,2470.762,10453.3391
,,,,,,,,6846,3685.18,340.5069,3253.094,2071.332,17143.04,11514.79,11670.17,2497.284,10835.651
,,,,,,,,6847,3441.085,345.608,3275.841,2206.622,18029.269,12296.07,11392.41,2431.832,10542.7627
,,,,,,,,6848,3003.357,289.9195,2907.712,2099.349,18664.65,11928.78,9878.18,2038.576,9771.765
,,,,,,,,6849,2650.538,265.4916,2544.011,1736.107,18825.823,10222.45,8435.762,1642.964,9216.5643
,,,,,,,,6850,2452.154,247.4242,2272.218,1299.824,18497.075,9024.143,7633.734,1523.539,8973.2037
,,,,,,,,6851,2334.427,245.8131,2030.986,1126.168,17810.261,7303.435,6210.285,1186.306,8979.6877
,,,,,,,,6852,2344.629,261.3208,1901.386,1170.438,17479.622,6561.104,5553.178,1069.873,9336.1175
,,,,,,,,6853,2492.258,297.9316,1929.773,1091.368,17083.493,6618.574,6173.798,1131.469,10112.087
,,,,,,,,6854,2805.023,373.2716,2212.019,1258.862,16796.423,6854.818,7478.992,1370.567,10898.032
,,,,,,,,6855,3281.859,450.7264,2751.728,1579.755,17302.915,8149.889,9225.636,1996.658,11718.867
,,,,,,,,6856,3808.455,519.6088,3318.748,2047.615,17680.704,9933.577,10716.87,2076.033,12707.961
,,,,,,,,6857,4309.47,593.9932,3909.376,2606.817,18312.671,12917.37,13106.4,2792.597,13573.089
,,,,,,,,6858,4442.079,607.1152,4325.317,2772.025,18899.034,14969.41,14863.49,3315.758,13589.8727
,,,,,,,,6859,4381.484,574.8907,4268.382,2719.801,18867.901,14697.5,14799.24,3409.331,13059.4939
,,,,,,,,6860,4298.566,526.2175,4118.747,2606.609,18160.07,14668.89,14548.61,3416.021,12585.26
,,,,,,,,6861,4161.431,501.3322,3865.477,2478.072,17448.394,14591.63,14773.64,3500.573,12135.812
,,,,,,,,6862,4027.485,476.5287,3703.539,2330.436,16659.476,14633.78,14778.01,3495.281,11726.7689
,,,,,,,,6863,3854.207,433.5805,3583.881,2111.587,15900.065,14543.34,14546.09,3403.96,11287.732
,,,,,,,,6864,3699,402.7526,3388.176,1956.019,15187.748,15019.33,14909.91,3602.74,10886.75
,,,,,,,,6865,3612.892,374.6558,3241.663,1883.222,14897.959,14574.62,14450.08,3470.281,10529.4155
,,,,,,,,6866,3535.288,352.9457,3141.88,1831.66,14689.113,13095.82,13178.54,3123.321,10287.051
,,,,,,,,6867,3474.694,335.5539,3043.063,1806.86,14741.343,11892.24,12018.59,2780.115,10149.5569
,,,,,,,,6868,3472.568,326.4361,2994.42,1801.771,15052.039,11116.88,11274.59,2559.5,10111.9215
,,,,,,,,6869,3506.586,324.3583,3035.754,1829.972,15778.164,10841.82,11044.24,2447.424,10173.9438
,,,,,,,,6870,3570.369,332.0516,3145.997,1944.768,16796.464,11080.02,11192.94,2458.753,10556.5809
,,,,,,,,6871,3366.105,333.7252,3213.957,2106.642,17664.904,12121.14,11138.71,2426.663,10350.3308
,,,,,,,,6872,2998.471,286.8699,3049.572,1840.703,18356.742,11047.72,9673.184,2061.999,9676.9129
,,,,,,,,6873,2686.545,267.3356,2542.595,1479.967,18426.884,9545.399,8682.012,1632.233,9203.1649
,,,,,,,,6874,2526.432,261.7757,2149.762,1138.888,17783.84,8253.529,7424.369,1488.418,9055.3485
,,,,,,,,6875,2425.714,268.8197,1852.735,988.3975,17231.338,6719.095,6159.56,1261.503,9204.3855
,,,,,,,,6876,2499.632,289.4987,1745.157,1019.302,16743.658,6094.065,5447.547,1306.051,9566.657
,,,,,,,,6877,2640.384,327.9403,1788.016,1103.511,16305.082,6099.803,5893.263,1268.211,10285.536
,,,,,,,,6878,2957.967,391.5696,2112.145,1251.521,16215.206,6863.352,7382.145,1463.081,11580.2
,,,,,,,,6879,3419.423,458.0287,2606.254,1702.296,16509.091,8310.18,8987.034,1858.729,13602.911
,,,,,,,,6880,3911.504,525.08,3172.591,2050.008,17152.767,10280.06,10391.76,2238.687,12888.106
,,,,,,,,6881,4402.453,600.9175,3801.138,2652.422,18147.989,13133.74,12667.19,2981.511,13959.044
,,,,,,,,6882,4523.935,618.3108,4275.539,2881.423,18772.901,15498.99,14357.07,3392.637,14090.387
,,,,,,,,6883,4446.331,593.3167,4303.354,2761.799,19149.158,15066.79,14558.36,3455.504,13623.3281
,,,,,,,,6884,4358.097,554.9861,4150.263,2667.353,18596.887,15248.85,14605.7,3504.29,13146.9553
,,,,,,,,6885,4183.755,521.4458,3953.347,2556.675,17737.161,14953.56,14988.69,3576.229,12519.1771
,,,,,,,,6886,4027.485,480.2939,3700.071,2326.069,16800.445,14648.58,14850.6,3489.289,11995.6084
,,,,,,,,6887,3814.873,434.9958,3473.083,2091.65,15989.77,14402.03,14541.39,3375.889,11362.007
,,,,,,,,6888,3638.405,401.7276,3293.773,1975.118,15288.89,15243.06,15236.34,3655.235,10903.857
,,,,,,,,6889,3552.297,372.6058,3156.907,1906.912,14955.518,14413.41,14444.18,3432.19,10546.1511
,,,,,,,,6890,3489.577,351.077,3060.984,1887.115,14807.8,12723.14,12974.76,2994.29,10329.7925
,,,,,,,,6891,3452.37,335.5632,3022.393,1896.322,15052.394,11643.73,11888.07,2675.836,10258.728
,,,,,,,,6892,3473.631,333.3041,3063.323,1937.129,15766.814,11151.86,11490.79,2533.017,10380.7095
,,,,,,,,6893,3593.757,344.0909,3260.239,2079.075,17184.883,11750.01,12052.33,2539.419,10836.7087
,,,,,,,,6894,3764.909,370.373,3661.379,2364.595,19189.212,13477.44,13497.94,2851.053,11500.8755
,,,,,,,,6895,3636.123,382.3305,3837.771,2627.552,20731.036,16173.22,14946.73,3202.592,11303.8829
,,,,,,,,6896,3304.633,344.5984,3470.371,2525.027,21236.322,17424.87,14347.77,3074.748,10449.6046
,,,,,,,,6897,2944.372,320.051,2932.122,1924.091,20627.306,16616.18,12799.19,2588.031,10106.2233
,,,,,,,,6898,2713.599,308.2509,2436.976,1491.001,19914.566,13541.23,11408.23,2311.966,10093.072
,,,,,,,,6899,2627.198,325.7716,2170.427,1365.427,19343.924,10655.41,10101.76,1859.847,10310.667
,,,,,,,,6900,2712.809,360.9301,2194.463,1384.642,18934.23,9494.57,8859.507,1636.486,10687.561
,,,,,,,,6901,2935.418,420.3854,2393.618,1403.505,18790.835,9380.796,9169.145,1739.264,11494.87
,,,,,,,,6902,3349.738,506.3495,2815.032,1607.302,18578.252,9837.677,10691.2,1999.585,12159.347
,,,,,,,,6903,3949.89,579.9141,3394.433,1955.013,18705.472,11427.84,12259.4,2495.084,12774.707
,,,,,,,,6904,4443.034,669.672,4004.15,2512.862,18807.38,12921.77,13224.71,2922.433,13712.288
,,,,,,,,6905,4961.125,707.9517,4560.903,2978.015,19484.383,15580.81,15341.12,3546.226,14923.252
,,,,,,,,6906,4981.051,702.2759,4935.926,3203.664,19889.034,17568.94,16531.15,3759.176,14841.412
,,,,,,,,6907,4733.357,649.6385,4884.868,3052.913,19924.719,17470.05,16537.35,3735.141,14009.146
,,,,,,,,6908,4559.016,599.7405,4640.929,2864.53,19247.693,17022.46,16415.14,3752.044,13456.8469
,,,,,,,,6909,4417.628,559.1509,4414.912,2734.116,18247.411,16943.81,17252.64,3861.378,12779.6647
,,,,,,,,6910,4104.026,515.5495,4160.917,2467.129,17308.654,16819.6,16924.14,3811.312,12243.539
,,,,,,,,6911,3871.215,463.2113,3849.179,2193.366,16157.903,16988.8,16849.8,3832.129,11570.492
,,,,,,,,6912,3679.865,421.016,3568.163,2082.913,15381.282,16694.59,16396.09,3880.334,11085.557
,,,,,,,,6913,3586.315,387.2573,3377.294,2009.702,14809.848,15010.51,14923.04,3478.843,10679.7329
,,,,,,,,6914,3512.964,364.7035,3245.264,1965.106,14589.415,13183.85,13337.98,3023.854,10452.1879
,,,,,,,,6915,3475.757,349.1989,3146.453,1976.826,14689.498,11998.14,12115.54,2717.903,10351.8739
,,,,,,,,6916,3507.649,343.1747,3139.699,2000.187,15313.79,11466.03,11626.55,2530.225,10469.3933
,,,,,,,,6917,3603.324,347.9464,3274.465,2123.247,16662.822,11901.85,12012.77,2530.269,10869.798
,,,,,,,,6918,3770.225,370.282,3600.522,2367.655,18484.368,13494.12,13413.23,2790.657,11538.0068
,,,,,,,,6919,3638.249,388.3795,3819.22,2660.32,19692.841,16333.06,15033.44,3204.088,11288.8077
,,,,,,,,6920,3265.865,355.5811,3571.304,2556.294,20086.129,17854.71,14707.52,3231.657,10708.057
,,,,,,,,6921,2919.921,334.3647,3203.414,2033.589,20097.781,17403.24,13861.24,2844.988,10907.032
,,,,,,,,6922,2715.16,319.4526,2856.392,1801.108,19683.766,14903.73,12646.34,2580.683,10251.254
,,,,,,,,6923,2630.885,350.4187,2964.706,1662.292,19284.873,12668.4,11612.32,2125.593,10512.755
,,,,,,,,6924,2947.97,399.051,2988.734,1502.708,19028.938,10777.25,11131.01,1974.983,11018.959
,,,,,,,,6925,3539.978,460.0465,3431.913,1634.792,18920.53,11875.62,12057.66,2067.57,12138.646
,,,,,,,,6926,3269.375,543.3174,3838.255,1746.515,18646.975,13155.62,13199.7,2692.152,13367.183
,,,,,,,,6927,4207.601,633.6229,4552.925,2123.428,18586.486,13236.51,16088.92,3162.773,14064.916
,,,,,,,,6928,4381.669,694.4286,4812.984,2477.362,18793.617,14278.85,16772.27,3580.338,14530.284
,,,,,,,,6929,4716.983,753.0424,5115.214,2787.135,19107.031,15421.46,17583.97,3829.495,15421.379
,,,,,,,,6930,4748.24,716.1647,5227.876,2954.426,19641.772,16533.39,17762.92,3881.099,14881.916
,,,,,,,,6931,4630.241,676.8006,5033.217,2987.273,19509.935,16952.06,16997.65,3737.832,14070.249
,,,,,,,,6932,4573.898,633.2987,4732.917,2882.71,18847.709,17138.76,17106.98,3898.38,13681.593
,,,,,,,,6933,4465.466,574.5645,4488.973,2769.081,17996.964,17330.75,17350.45,3956.702,13063.9373
,,,,,,,,6934,4195.449,531.1443,4185.212,2551.86,16989.034,17140.04,17309.85,3903.997,12667.64
,,,,,,,,6935,3926.495,485.2839,3875.65,2355.236,15938.421,17550.65,17671.13,3989.505,11765.532
,,,,,,,,6936,3756.405,438.7703,3615.859,2216.169,15225.451,17072.66,17122.43,4012.178,11212.924
,,,,,,,,6937,3658.603,398.6341,3414.927,2125.512,14732.751,15444.97,15566.1,3651.018,10823.596
,,,,,,,,6938,3579.937,376.0803,3269.396,2060.318,14520.676,13658.99,13897.65,3204.997,10617.155
,,,,,,,,6939,3535.288,358.6885,3222.115,2105.243,14628.307,12497.81,12664.71,2880.265,10469.2789
,,,,,,,,6940,3524.658,352.2924,3200.89,2171.677,15192.088,11943.51,12132.21,2698.864,10539.019
,,,,,,,,6941,3623.522,360.1577,3425.223,2256.728,16480.918,12312.35,12624.98,2739.314,10905.095
,,,,,,,,6942,3761.72,382.3028,3730.452,2498.622,18236.876,13940.74,13910,3028.471,11633.7051
,,,,,,,,6943,3867.031,393.4073,3939.66,2690.384,19444.465,16609.54,15600.15,3440.012,11223.6003
,,,,,,,,6944,3874.249,353.1347,3699.329,2487.384,19876.187,17165.58,14864.5,3294.042,10875.752
,,,,,,,,6945,3224.181,333.1339,3053.421,2038.784,19750.701,15159.97,13496.35,2843.057,10422.946
,,,,,,,,6946,3341.683,331.3331,2566.302,1605.422,19466.932,13290.73,12098.08,2487.84,10452.968
,,,,,,,,6947,3159.246,345.7418,2289.534,1419.322,19052.577,12414.39,10154.86,1960.629,10707.343
,,,,,,,,6948,3411.552,411.2562,2188.335,1268.077,18807.26,10038.69,9139.283,1847.962,11136.696
,,,,,,,,6949,2849.944,453.8727,2303.548,1179.57,18686.685,9104.472,9301.449,1812.314,11892.423
,,,,,,,,6950,3176.528,516.7924,2605.805,1332.619,18602.041,9347.387,10920.43,2187.338,12685.231
,,,,,,,,6951,3581.574,590.3007,3228.186,1744.155,18527.153,10931.52,13354.93,2482.863,13399.099
,,,,,,,,6952,4082.656,644.5222,3759.042,2108.672,18883.491,12047.64,14175.94,2930.113,14378.609
,,,,,,,,6953,4511.948,692.6971,4302.479,2674.76,19483.179,14538,15943.17,3471.294,15259.046
,,,,,,,,6954,4638.745,677.8788,4649.275,3024.66,19868.369,16811.36,17072.09,3812.175,15135.829
,,,,,,,,6955,4576.024,665.5958,4692.912,3028.894,19765.259,17375.86,16816.14,3813.495,14829.575
,,,,,,,,6956,4480.349,612.4138,4518.028,2893.641,19037.133,16903.65,16282.58,3671.446,14585.252
,,,,,,,,6957,4330.458,578.0298,4314.365,2748.046,18101.866,16797.69,16963.03,3792.203,14045.441
,,,,,,,,6958,4128.476,534.6188,4068.643,2492.142,17038.558,16800.11,17487.1,3869.424,13291.942
,,,,,,,,6959,3891.414,489.7927,3847.28,2227.232,15985.185,17191.24,17679.44,3933.25,12364.64
,,,,,,,,6960,3736.207,443.0885,3621.654,2097.043,15244.71,16964.15,17307.82,3978.102,11809.329
,,,,,,,,6961,3617.144,400.7119,3403.898,1966.654,14813.143,15187.5,15669.64,3592.679,11334.09
,,,,,,,,6962,3536.351,377.1146,3243.334,1937.153,14638.041,13437.2,13928.25,3132.36,11087.751
,,,,,,,,6963,3477.883,362.4538,3171.94,1952.912,14780.171,12264.86,12754.12,2753.824,10852.371
,,,,,,,,6964,3477.883,356.239,3174.28,1984.264,15430.175,11788.71,12055.46,2602.884,10893.061
,,,,,,,,6965,3584.189,361.192,3344.181,2110.7,16773.964,12275.87,12492.06,2620.069,11200.066
,,,,,,,,6966,3746.837,388.3178,3704.403,2358.897,18604.572,13848.3,13932.95,2880.508,11826.8151
,,,,,,,,6967,3636.123,395.4287,3848.97,2594.991,19864.314,16679.82,15237.66,3270.752,11525.5647
,,,,,,,,6968,3230.286,352.763,3438.709,2469.39,20310.504,17285.87,14504.51,3170.969,10740.582
,,,,,,,,6969,2868.465,329.4781,2871.117,1993.649,20258.653,15627.21,12884.12,2746.323,10153.353
,,,,,,,,6970,2634.504,309.451,2360.927,1486.935,19725.229,13448.95,11576.99,2303.655,9809.067
,,,,,,,,6971,2504.02,308.0397,2088.597,1437.895,19589.27,11750.51,10241.84,1909.493,9779.232
,,,,,,,,6972,2549.234,336.8022,2072.518,1201.713,19465.245,9046.729,9324.27,1698.293,10059.77
,,,,,,,,6973,2696.863,387.5932,2271.518,1317.084,19337.609,10401.25,9825.64,1738.189,10693.568
,,,,,,,,6974,3039.89,457.7966,2785.212,1373.593,19047.232,10855.91,11333.72,2112.544,11536.429
,,,,,,,,6975,3515.099,522.5775,3160.402,1717.049,19237.24,10588.78,12680.91,2504.34,12220.959
,,,,,,,,6976,3996.548,597.2935,3639.334,2081.048,19361.525,12116.33,14203.85,2874.976,13258.573
,,,,,,,,6977,4450.291,640.8501,4209.988,2619.409,20045.124,14318.51,16779.45,3335.005,14352.35
,,,,,,,,6978,4613.232,638.3242,4661.781,2942.468,20379.278,16467.31,17526.74,3659.641,14213.856
,,,,,,,,6979,4539.88,614.8363,4681.872,2960.159,20366.991,17000.95,17059.63,3700.134,13630.969
,,,,,,,,6980,4462.277,553.7614,4498.714,2847.356,19550.995,16781.13,17197.48,3731.156,13269.6179
,,,,,,,,6981,4320.89,529.5293,4277.112,2725.984,18408.449,16955.64,18210.49,3815.01,12811.812
,,,,,,,,6982,4133.792,507.4567,4141.621,2534.614,17338.605,16988.72,18497.87,3820.171,12320.202
,,,,,,,,6983,3921.179,463.0116,3909.809,2258.974,16318.457,17348.02,18554.56,3903.863,11643.518
,,,,,,,,6984,3751.09,414.8012,3600.007,2107.324,15555.943,16875.33,17831.42,3929.626,11123.496
,,,,,,,,6985,3646.91,374.8555,3360.483,2031.126,15123.47,15135.73,16002.81,3513.787,10650.421
,,,,,,,,6986,3574.622,355.214,3214.391,1970.771,14935.46,13426.05,14311.27,3044.479,10476.6819
,,,,,,,,6987,3533.162,342.9934,3161.328,1967.371,15028.44,12187.64,13176.49,2710.78,10387.817
,,,,,,,,6988,3540.604,338.8472,3109.229,1990.319,15539.655,11729.98,12401.55,2564.323,10516.924
,,,,,,,,6989,3636.279,346.7124,3304.625,2106.498,16766.454,12170.92,12701.93,2564.471,10923.28
,,,,,,,,6990,3791.486,371.7697,3680.687,2356.383,18525.955,13852.5,14002.03,2843.764,11677.8644
,,,,,,,,6991,3615.925,388.7952,3841.655,2625.991,19862.431,16652.07,15447.85,3273.718,11534.7105
,,,,,,,,6992,3250.417,333.1121,3385.921,2559.277,20562.528,17979.82,14412.58,3039.702,10591.586
,,,,,,,,6993,2873.712,303.631,2841.192,2135.347,20653.199,16415.39,12864.5,2501.33,9695.678
,,,,,,,,6994,2745.988,277.1608,2368.247,1592.8,20497.806,16261.77,11641.57,2245.329,9259.3966
,,,,,,,,6995,2677.66,279.4962,2201.716,1596.189,20277.656,13611.86,10923.87,1847.581,9159.263
,,,,,,,,6996,2857.181,314.7365,2370.282,1857.965,19807.375,11204.4,10016.56,1800.85,9616.182
,,,,,,,,6997,3065.833,368.5832,2479.319,1295.289,19645.472,9202.985,12078.54,1852.522,10056.63
,,,,,,,,6998,3382.781,422.2039,2656.497,1608.333,19144.311,10386.32,12165.42,2093.4,10589.68
,,,,,,,,6999,4018.307,477.2137,3096.317,1938.971,19131.607,11918.68,13416.28,2357.56,11294.879
,,,,,,,,7000,4205.064,544.6901,3582.968,2317.308,19641.074,13066,14631.19,2638.796,12244.314
,,,,,,,,7001,4297.21,588.1031,4209.982,2758.869,20156.862,14520.15,17393.9,3230.196,13512.912
,,,,,,,,7002,4513.304,601.9348,4590.79,2950.728,20569.74,16061.27,18142.79,3484.697,13538.175
,,,,,,,,7003,4449.521,583.6274,4509.175,2910.225,20475.953,16494.63,17642.92,3452.37,13210.8513
,,,,,,,,7004,4376.169,545.8683,4276.966,2816.745,19605.715,16192.45,16780.94,3470.502,12908.3205
,,,,,,,,7005,4259.232,495.136,4024.251,2677.702,18527.375,15829.91,17635.47,3480.959,12429.1502
,,,,,,,,7006,4116.782,475.5037,3886.426,2447.072,17630,15895.88,17669.37,3498.885,12059.06
,,,,,,,,7007,3915.864,441.02,3858.588,2218.768,16731.768,16419.6,17909.85,3606.135,11517.548
,,,,,,,,7008,3742.585,408.7862,3665.209,2035,15964.042,15832.94,16973.8,3619.639,11021.92
,,,,,,,,7009,3633.09,374.6558,3524.344,1975.423,15442.514,14729.48,15710.2,3374.381,10615.635
,,,,,,,,7010,3550.171,355.2047,3254.357,1910.865,15249.068,13254.81,14282.8,3030.955,10385.1179
,,,,,,,,7011,3502.333,339.8814,3293.907,1928.087,15207.44,11915.29,13207.88,2682.37,10243.3281
,,,,,,,,7012,3481.072,335.5539,3128.929,1930.188,15480.171,11312.79,12331.17,2475.177,10265.0195
,,,,,,,,7013,3515.09,334.5104,3258.619,1980.038,16143.301,11030.34,12122.78,2350.598,10475.8515
,,,,,,,,7014,3572.495,344.6439,3383.34,2089.192,17198.046,11319.32,12127.52,2372.608,10915.0875
,,,,,,,,7015,3373.547,346.6893,3399.737,2143.599,18216.405,12366.52,12197.7,2456.756,10595.9617
,,,,,,,,7016,3018.172,299.1808,3113.614,1944.189,19010.292,11893.61,10619.14,1962.425,9872.7695
,,,,,,,,7017,2677.612,281.8114,2783.272,1535.957,19623.425,10166.52,9278.504,1546.118,9195.2629
,,,,,,,,7018,2447.405,270.9367,2518.245,1247.91,19696.467,8755.418,8747.573,1400.291,8800.105
,,,,,,,,7019,2326.489,272.4284,2312.711,1110.56,19323.314,7285.929,7797.491,1143.996,8726.3925
,,,,,,,,7020,2358.947,289.8233,2175.786,987.5799,18997.232,6314.954,7977.273,1173.881,8888.062
,,,,,,,,7021,2476.809,335.6428,2437.09,1002.501,18608.458,6146.436,8626.697,1159.466,9470.573
,,,,,,,,7022,2744.925,395.7505,2886.315,1189.333,18432.56,6733.845,9581.444,1347.599,10230.419
,,,,,,,,7023,3175.485,458.4629,3393.68,1555.541,18391.317,8355.778,11266.2,1726.925,11179.537
,,,,,,,,7024,3704.207,515.0684,3999.124,1992.516,18624.995,10137.54,12821.8,2280.714,12166.4381
,,,,,,,,7025,4255.185,564.9152,4607.688,2565.063,19456.47,12832.39,15756.29,3044.04,13342.7693
,,,,,,,,7026,4435.701,578.0751,5056.038,2839.929,19838.461,14918.48,17172.61,3336.691,13305.7041
,,,,,,,,7027,4377.232,554.959,4938.731,2797.823,19677.49,15310.45,16627.38,3437.759,12860.7679
,,,,,,,,7028,4319.827,526.5082,4575.476,2702.739,18942.921,15108.29,16371.78,3236.855,12538.5599
,,,,,,,,7029,4189.07,494.7642,4282.246,2625.703,18050.09,14638.07,16695.84,3292.237,12164.8498
,,,,,,,,7030,4055.125,467.8921,4103.906,2428.691,17211.116,14596.65,16188.81,3290.321,11856.885
,,,,,,,,7031,3869.089,438.5705,4018.022,2265.357,16276.582,14534.28,15864.52,3272.321,11360.251
,,,,,,,,7032,3708.567,403.4151,3762.494,1986.237,15506.187,14959.37,15988.7,3515.727,10898.068
,,,,,,,,7033,3608.639,369.3033,3578.372,1923.697,14930.995,14495.67,15366.22,3446.966,10527.1916
,,,,,,,,7034,3525.721,346.7401,3395.619,1853.473,14639.254,13086.64,14063.19,3118.837,10327.1433
,,,,,,,,7035,3470.442,335.5539,3308.378,1833.926,14581.561,11840.54,12850.22,2786.443,10224.6168
,,,,,,,,7036,3458.748,326.4361,3201.849,1819.382,14813.127,10938.89,11948.82,2509.282,10234.7851
,,,,,,,,7037,3485.324,322.2898,3207.486,1846.532,15422.647,10773.91,11665.99,2421.418,10377.1947
,,,,,,,,7038,3529.973,333.0858,3302.292,1931.11,16356.818,11023.14,11733.37,2460.518,10787.8175
,,,,,,,,7039,3361.785,330.6225,3336.862,2041.077,17148.229,12148.97,11698,2517.741,10521.3572
,,,,,,,,7040,2966.579,282.7329,3057.329,1870.96,17935.068,11532.46,9938.476,2148.496,10049.7159
,,,,,,,,7041,2705.68,263.9575,2827.168,1609.764,18479.979,9919.892,9092.654,1830.024,8997.5788
,,,,,,,,7042,2509.491,248.1021,2514.044,1285.659,18589.464,8622.542,8311.378,1699.791,8548.1485
,,,,,,,,7043,2521.322,244.6223,2376.619,1192.062,18351.217,7001.41,7797.675,1548.786,8600.6813
,,,,,,,,7044,2469.934,262.0172,2402.191,1093.664,18254.889,6424.568,7969.567,1662.294,9067.7679
,,,,,,,,7045,2620.752,317.6695,2658.677,1170.483,18073.379,6718.071,9091.527,1725.246,9609.339
,,,,,,,,7046,2923.948,389.154,3206.021,1472.05,17846.401,7580.838,11085.28,1984.305,10451.313
,,,,,,,,7047,3401.849,457.872,3707.319,2002.323,18067.083,9297.149,12954.34,2479.177,11269.821
,,,,,,,,7048,3916.75,533.3317,4295.826,2524.533,18312.275,11264.29,14418.52,2825.039,12304.867
,,,,,,,,7049,4385.941,586.8344,4851.227,3085.985,19103.235,14350.81,16824.62,3541.086,13587.97
,,,,,,,,7050,4500.547,593.7888,5137.238,3283.983,19801.554,16052.86,17640.53,3845.517,13567.5165
,,,,,,,,7051,4438.89,574.9909,5117.778,3186.032,19654.003,16040.27,16878.96,3905.168,13224.0037
,,,,,,,,7052,4345.34,534.7822,4800.68,2749.766,18941.623,16142.88,16824.79,3980.091,12737.5807
,,,,,,,,7053,4182.692,496.2612,4448.434,2568.536,17835.797,15710.79,16697.61,3712.061,12090.3379
,,,,,,,,7054,4029.611,468.7359,4163.723,2505.382,16817.396,15312.81,16092.76,3618.814,11667.0401
,,,,,,,,7055,3815.936,428.609,3924.596,2157.09,15749.223,14927.95,15645.22,3555.632,11268.368
,,,,,,,,7056,3646.91,392.2381,3648.808,1984.878,14984.643,15686.4,16074.65,3891.947,10715.5615
,,,,,,,,7057,3539.541,362.4445,3477.222,1941.58,14431.52,14764.74,15295.26,3689.527,10382.7687
,,,,,,,,7058,3473.631,342.8029,3348.899,1909.177,14172.171,13033.8,13780.36,3268.666,10212.1518
,,,,,,,,7059,3426.856,332.6509,3251.053,1912.329,14257.588,11904.41,12609.51,2934.07,10197.8172
,,,,,,,,7060,3452.37,337.6224,3246.632,1954.187,14806.874,11271.11,12075.26,2697.99,10370.9489
,,,,,,,,7061,3555.487,341.3506,3444.922,2092.179,16043.169,11995.41,12596.01,2735.749,10836.2481
,,,,,,,,7062,3731.955,365.5642,3791.637,2327.769,17719.959,13632.49,14076.57,3076.947,11608.1584
,,,,,,,,7063,3629.179,389.1199,4017.639,2644.477,18932.435,16611.29,15752.96,3468.11,11368.1658
,,,,,,,,7064,3286.561,343.0266,3695.59,2505.482,19544.939,17978.61,15194.51,3467.829,10307.9855
,,,,,,,,7065,2944.372,309.5897,3390.806,1892.483,19623.424,15434.56,14296.55,3184.847,9512.9719
,,,,,,,,7066,2734.861,292.4278,3017.236,1654.274,19343.833,13880.26,13243.42,2952.198,9308.1139
,,,,,,,,7067,2649.523,300.3248,2909.312,1500.396,19051.837,12028.26,12148.2,2672.371,9643.8217
,,,,,,,,7068,2677.23,339.6203,3016.888,1502.061,18934.803,11134.4,11746.28,2833.878,10177.599
,,,,,,,,7069,2837.616,393.6321,3309.619,1663.132,18683.972,11309.11,13474.5,2910.781,10803.632
,,,,,,,,7070,3202.47,466.4595,3698.77,1830.433,18194.938,11858.3,15385.5,3335.87,11463.174
,,,,,,,,7071,3779.732,547.4072,4208.193,2262.112,18459.794,13801.84,16960.01,3722.76,12209
,,,,,,,,7072,4218.66,611.4616,4680.224,2664.096,19074.473,15553.05,17530.89,3983.137,13303.909
,,,,,,,,7073,4696.853,665.2079,5199.357,3148.667,19727.615,18844.48,19264.47,4584.188,14443.949
,,,,,,,,7074,4715.286,639.1225,5406.66,3389.541,20377.58,19997.69,19189.29,4670.22,14147.86
,,,,,,,,7075,4617.484,602.4616,5353.671,3150.743,20299.566,20147.34,18544.33,4717.771,13480.8513
,,,,,,,,7076,4514.367,575.8617,5155.727,3016.636,19611.263,19124.84,18014.02,4393.589,13068.6119
,,,,,,,,7077,4320.89,550.8769,4815.304,2747.136,18499.241,18704.23,18250.09,4222.082,12591.8926
,,,,,,,,7078,4117.846,510.75,4557.442,2622.612,17441.654,18028.49,18145.62,4085.031,12122.2469
,,,,,,,,7079,3882.909,459.2556,4160.811,2288.967,16357.959,18086.43,17947.11,4154.957,11498.263
,,,,,,,,7080,3684.117,419.1287,3773.668,2121.535,15555.391,17558.1,17183.99,4248.897,10974.2
,,,,,,,,7081,3574.622,382.9391,3578.928,2038.067,15050.105,15758.9,15709.2,3767.595,10622.0447
,,,,,,,,7082,3503.396,360.3853,3408.313,1989.02,14790.96,13803.76,13954.49,3327.902,10407.3061
,,,,,,,,7083,3447.054,345.062,3296.959,1987.332,14950.473,12567.14,12739.04,2955.592,10348.0373
,,,,,,,,7084,3475.757,342.1404,3230.395,2008.592,15751.66,11832.58,12129.38,2735.551,10483.0633
,,,,,,,,7085,3575.685,345.0249,3380.598,2123.496,17012.589,12318.75,12563.03,2775.978,10912.489
,,,,,,,,7086,3735.144,367.3605,3719.594,2380.899,18915.009,13969.76,13830.67,3095.602,11644.4017
,,,,,,,,7087,3623.864,394.4909,3992.074,2630.699,20344.434,17062.74,15670.04,3533.55,11517.9964
,,,,,,,,7088,3312.572,347.4976,3730.637,2571.489,21123.318,18169.08,15155.45,3545.603,10520.1413
,,,,,,,,7089,2964.004,317.8167,3341.911,2119.921,20674.325,16173.04,14432.98,3222.594,9643.0185
,,,,,,,,7090,3114.959,298.5863,3020.139,1957.043,20043.544,14482.44,13197.3,2904.461,9470.3785
,,,,,,,,7091,2654.838,302.5275,2924.183,1771.835,19316.436,12564.32,11903.41,2538.968,9609.802
,,,,,,,,7092,2698.492,339.3828,3069.215,1711.73,18548.547,11880.72,11531.53,2564.319,10001.469
,,,,,,,,7093,2845.058,401.6216,3322.971,1749.569,18266.564,12082.99,12926.41,2678.682,10608.138
,,,,,,,,7094,3185.462,490.3815,3845.28,1844.061,17996.709,12670.79,14662.67,3074.259,11381.655
,,,,,,,,7095,3644.227,584.9998,4335.103,2391.696,18263.975,14557.38,16313.86,3621.372,12169.054
,,,,,,,,7096,4102.786,634.8029,4866.279,2713.96,18729.32,16246.94,17548.09,3835.164,13279.407
,,,,,,,,7097,4556.528,673.4728,5356.064,3345.51,19620.831,19155.8,19614.55,4377.491,14265.354
,,,,,,,,7098,4633.43,638.2695,5456.835,3387.027,20395.737,19636.37,18357.76,4398.826,14070.749
,,,,,,,,7099,4568.583,625.5869,5400.146,3097.99,20491.04,19811.8,17605.26,4113.844,13444.565
,,,,,,,,7100,4476.097,593.1718,5125.17,2995.34,20308.269,18264.26,17343.17,3855.263,13186.7927
,,,,,,,,7101,4288.998,558.6882,4790.938,2839.773,19244.557,17980.53,17868.59,3994.344,12582.6957
,,,,,,,,7102,4118.909,520.2581,4477.523,2541.658,18003.161,17583.37,17867.12,3958.225,12107.158
,,,,,,,,7103,3882.909,475.6131,4152.531,2327.424,16942.226,18208.2,17671.53,4020.891,11513.771
,,,,,,,,7104,3708.567,432.3835,3803.015,2177.852,16314.866,17508.62,17101.13,4114.407,10979.043
,,,,,,,,7105,3595.883,394.3158,3602.089,2065.382,15940.201,15691.36,15594.85,3616.045,10641.5457
,,,,,,,,7106,3521.469,371.9433,3409.283,2011.33,15693.153,13772.33,13874.25,3143.121,10416.2679
,,,,,,,,7107,3493.829,358.6885,3308.94,2002.926,15791.723,12719.24,12643.93,2865.917,10364.2927
,,,,,,,,7108,3515.09,357.4637,3282.897,2022.084,16358.654,11903.33,12248.72,2669.243,10462.1607
,,,,,,,,7109,3607.576,360.1577,3527.49,2177.523,17629.172,12593.43,12692.31,2697.189,10873.482
,,,,,,,,7110,3764.909,385.4055,3843.332,2402.608,19622.239,14249.99,14028.27,3027.574,11836.7423
,,,,,,,,7111,3642.999,403.7899,4144.039,2650.781,21235.24,17329.06,15660.86,3521.755,11645.1973
,,,,,,,,7112,3256.297,358.2119,3768.669,2568.731,21497.78,18339.3,14746.06,3461.374,10626.5067
,,,,,,,,7113,2880.09,317.2576,3406.966,2091.544,20773.344,16193.36,13668,3037.451,9625.2303
,,,,,,,,7114,2593.044,296.6682,3226.331,1793.879,19684.944,14456.15,12721.25,2556.261,9174.4222
,,,,,,,,7115,2475.317,302.0686,3403.824,1641.282,18872.091,12494.35,11830.35,2240.177,9076.7033
,,,,,,,,7116,2572.056,318.6576,3326.833,1584.741,18222.472,11867.79,12256.87,2435.869,9297.564
,,,,,,,,7117,2667.097,361.6173,3589.401,1742.855,18231.884,12428.09,13994.49,2733.619,9839.2
,,,,,,,,7118,3012.251,421.3711,3966.72,2044.847,18007.597,13276.59,15947.15,3254.63,10491.83
,,,,,,,,7119,3460.882,503.7126,4558.117,2550.884,18197.537,15015.52,17931.09,3741.355,11156.245
,,,,,,,,7120,3997.543,544.8228,5086.668,3154.014,18481.037,16855.28,19215.3,4218.993,12086.702
,,,,,,,,7121,4442.781,583.2551,5562.78,3641.809,19283.405,19502.33,21458.77,4499.577,13372.456
,,,,,,,,7122,4552.637,583.7355,5681.875,3679.143,20136.465,20465.51,20957.25,4815.355,13500.6127
,,,,,,,,7123,4510.115,594.8408,5586.998,3318.091,20129.011,20008.69,19578.07,4603.935,13176.7955
,,,,,,,,7124,4421.881,557.4357,5308.73,3204.298,19517.271,19007.46,19641.28,4538.103,12873.7989
,,,,,,,,7125,4275.178,530.9445,5017.669,2717.106,18790.555,18931.65,19511.96,4626.601,12544.5195
,,,,,,,,7126,4106.152,498.9105,4608.898,2510.804,17469.382,18224.91,19001.66,4495.463,12029.77
,,,,,,,,7127,3891.414,458.2213,4271.767,2339.394,16483.736,18469.99,18645.32,4466.712,11470.089
,,,,,,,,7128,3712.819,423.0752,3928.444,2164.03,15761.056,17932.91,17958.99,4615.688,10981.836
,,,,,,,,7129,3601.198,384.1638,3686.581,2029.827,15253.11,16046.32,16226.68,4116.378,10641.2679
,,,,,,,,7130,3525.721,367.625,3555.925,1978.514,15004.389,14139.31,14377.73,3569.076,10439.3759
,,,,,,,,7131,3493.829,354.1797,3377.439,1979.565,15119.018,12962.36,13046.19,3177.088,10398.5529
,,,,,,,,7132,3499.144,353.1362,3380.737,2008.816,15772.64,12107.63,12489.2,2881.772,10536.1101
,,,,,,,,7133,3625.648,354.9865,3590.201,2151.259,17153.209,12718.23,12798.12,2809.282,10942.851
,,,,,,,,7134,3801.053,382.1123,3918.023,2434.125,18998.35,14332.26,14145.45,3097.52,11764.8701
,,,,,,,,7135,3705.153,406.4268,4095.173,2678.095,20373.76,17324.16,15704.98,3565.442,11447.3621
,,,,,,,,7136,3308.885,353.5219,3775.292,2567.31,20844.683,18473.62,15060.53,3412.024,10487.762
,,,,,,,,7137,2943.309,317.873,3398.124,1920.607,20001.299,16191.18,13974.4,3203.633,9606.2695
,,,,,,,,7138,2673.769,291.5934,3092.628,1642.57,19460.362,14401.86,13281.33,2973.134,9133.9508
,,,,,,,,7139,2579.927,289.1478,2987.615,1560.768,18881.017,12549.9,12681.65,2781.031,9004.792
,,,,,,,,7140,2629.958,307.9395,3016.764,1577.305,18333.81,11809.61,12679.9,3018.857,9251.788
,,,,,,,,7141,2811.04,349.531,3315.011,1672.243,18503.585,11951.71,14325.41,3242.226,9726.5
,,,,,,,,7142,3156.759,412.6597,3778.865,1838.821,18251.984,12321.56,16843.09,3725.624,10475.801
,,,,,,,,7143,3685.12,489.324,4404.021,2391.107,18270.223,14250.16,18943.38,4232.391,11314.821
,,,,,,,,7144,4289.319,557.1343,4981.176,2782.421,18458.651,16091.22,20350.46,4551.818,12227.209
,,,,,,,,7145,4690.972,604.7314,5390.878,3308.06,19156.973,19115.32,22127.83,4881.843,13490.899
,,,,,,,,7146,4660.006,590.2225,5495.104,3038.466,19769.892,20259.24,21786.14,4996.813,13539.2845
,,,,,,,,7147,4578.151,579.3363,5355.601,2929.901,19916.9,19837.78,19699.86,4563.056,13019.6575
,,,,,,,,7148,4479.286,549.1709,5116.329,3039.051,19441.001,18473.77,18467.09,4310.752,12618.9084
,,,,,,,,7149,4292.188,521.074,4829.934,2774.863,18619.698,18269.6,18930.03,4463.021,12178.2756
,,,,,,,,7150,4116.782,490.7274,4502.45,2577.438,17607.701,18092.17,19034.41,4468.576,11879.5655
,,,,,,,,7151,3895.666,449.5663,4155.829,2249.27,16747.49,18120.29,18468.98,4373.313,11304.986
,,,,,,,,7152,3718.135,411.6984,3790.07,2117.168,16071.05,17688.38,17682.44,4456.017,10883.507
,,,,,,,,7153,3611.829,376.924,3544.757,2102.636,15460.741,16118.5,15999.53,3875.154,10576.0293
,,,,,,,,7154,3533.162,359.351,3437.256,2026.712,15288.375,13951.23,14158.24,3308.123,10414.7675
,,,,,,,,7155,3493.829,343.1747,3264.56,2022.922,15409.882,12841.76,12754.99,2982.494,10390.4679
,,,,,,,,7156,3510.838,340.9157,3252.989,2056.376,16178.64,12112.32,12293.32,2752.64,10562.4341
,,,,,,,,7157,3604.387,346.7124,3462.85,2205.984,17552.808,12642.5,12527.04,2733.956,10982
,,,,,,,,7158,3779.792,374.8725,3794.531,2458.195,19340.592,14378.62,13982.13,3010.559,11774.9433
,,,,,,,,7159,3677.514,398.9966,3950.51,2743.799,20974.1,17154.56,15555.62,3510.763,11662.1584
,,,,,,,,7160,3356.654,345.382,3562.611,2629.62,21881.24,18211.43,14883.2,3407.954,10504.9309
,,,,,,,,7161,2992.141,308.7082,3204.205,1981.906,21136.005,15960.08,13989.92,3094.052,9508.2137
,,,,,,,,7162,2760.306,277.9197,2831.877,1543.774,20456.916,14119,13370.34,2771.226,9273.649
,,,,,,,,7163,2666.464,281.2516,2800.669,1634.189,19686.368,12591.95,12204.17,2406.735,9437.51
,,,,,,,,7164,2712.243,300.5245,2774.134,1491.727,19206.221,11161,11296.62,2288.748,9665.88
,,,,,,,,7165,2891.198,343.1596,3064.54,1557.604,18591.309,10839.38,11994.41,2286.505,9944.43
,,,,,,,,7166,3171.076,412.8749,3366.761,1826.901,18512.924,11097.15,13261.79,2598.532,10434.387
,,,,,,,,7167,3696.813,492.4892,3981.017,2324.214,18478.066,12503.84,15101.8,3087.956,11300.674
,,,,,,,,7168,4203.211,557.6155,4522.651,2559.705,18844.86,14310.35,16087.81,3664.55,12233.994
,,,,,,,,7169,4555.963,611.5524,4965.56,3019.848,19907.929,17280.71,17839.84,4155.361,13433.499
,,,,,,,,7170,4586.655,592.1005,5040.287,2840.572,20704.026,17716.13,18237.38,4160.622,13277.3483
,,,,,,,,7171,4498.421,578.2927,4897.89,2801.344,20981.168,17098.7,17265.64,3791.3,12815.8766
,,,,,,,,7172,4399.557,549.5519,4604.748,2740.079,20460.749,17085.74,16835.96,3782.626,12580.9382
,,,,,,,,7173,4249.665,518.9238,4363.855,2607.564,19345.525,17304.66,16993.79,3884.604,12307.2779
,,,,,,,,7174,4096.584,485.6649,4108.327,2400.435,18436.347,17396.67,17082.22,3872.223,11889.5631
,,,,,,,,7175,3906.296,451.3625,3854.729,2201.959,17613.909,17753.51,16991.27,3870.07,11377.821
,,,,,,,,7176,3745.774,418.0945,3625.653,2021.343,16912.141,17288.44,16188.52,3869.831,10889.777
,,,,,,,,7177,3638.405,384.9983,3479.965,2072.712,16553.998,16285.87,15121.01,3541.095,10533.8241
,,,,,,,,7178,3545.919,364.6942,3362.413,2018.66,16490.012,14517.18,13529.87,3100.822,10319.1425
,,,,,,,,7179,3493.829,349.1897,3200.329,1994.497,16628.202,13426.38,12451.46,2863.484,10201.1647
,,,,,,,,7180,3486.388,341.0969,3123.146,1999.337,16952.624,12673.2,11800.68,2642.92,10250.8615
,,,,,,,,7181,3537.415,339.8629,3151.534,2018.307,17748.775,12478.57,11830.92,2548.802,10416.2553
,,,,,,,,7182,3627.775,350.187,3290.727,2122.846,18890.401,12732.36,12041.26,2557.36,10872.6714
,,,,,,,,7183,3497.291,347.1081,3419.686,2255.95,20221.113,13705.46,12165.24,2622.696,10678.2767
,,,,,,,,7184,3108.464,314.8781,3254.293,2141.856,21111.412,13887.88,10957.81,2740.597,9971.5935
,,,,,,,,7185,2749.832,304.4731,2928.832,1608.785,20504.793,11818.04,9496.204,3062.846,9245.6311
,,,,,,,,7186,2498.364,295.3423,2497.71,1209.834,19650.191,10219.43,9521.987,3353.28,8786.7989
,,,,,,,,7187,2376.882,290.4071,2346.286,1041.757,18865.105,8970.164,8942.581,3417.673,8647.0123
,,,,,,,,7188,2370.572,323.1276,2213.877,881.3864,18135.999,7913.134,7769.565,2990.671,8791.4696
,,,,,,,,7189,2471.426,341.5569,2682.602,845.9841,17517.784,7319.752,8512.007,2725.302,9324.406
,,,,,,,,7190,2689.578,436.5169,3304.771,982.2795,17256.909,7901.279,10941.56,1798.151,10109.683
,,,,,,,,7191,3146.148,478.2872,3874.164,1306.98,17332.609,9623.515,12069.63,2771.315,11049.547
,,,,,,,,7192,3690.251,529.2471,4066.781,1744.208,17888.518,11449.24,13232.92,2932.266,12156.3889
,,,,,,,,7193,4264.616,564.1826,4097.635,2346.628,19175.338,13808.56,14224.29,3052.149,13250.4534
,,,,,,,,7194,4448.457,559.4764,4358.26,2635.387,20470.964,15086.17,14711.6,3182.458,13138.859
,,,,,,,,7195,4382.547,559.1139,4329.31,2697.097,20769.154,15138.17,14324.61,3182.032,12760.4934
,,,,,,,,7196,4292.188,512.972,4169.869,2603.124,20435.001,15843.63,14271.9,3315.718,12471.1899
,,,,,,,,7197,4201.827,480.4659,3918.528,2472.322,19535.904,15893.46,14471.73,3351.422,12155.2375
,,,,,,,,7198,4098.71,458.5839,3819.295,2314.429,18577.389,15870.19,14606,3365.465,11741.2652
,,,,,,,,7199,3938.188,426.1594,3635.003,2170.807,17765.315,15715.66,14570.29,3306.215,11325.784
,,,,,,,,7200,3789.36,395.3316,3488.502,1997.793,17073.594,16112.09,14851.01,3573.147,10928.915
,,,,,,,,7201,3710.693,366.2005,3313.057,1938.24,16808.718,15658.2,14376.31,3437.998,10490.6733
,,,,,,,,7202,3644.783,347.7744,3217.134,1917.145,16707.014,14171.52,13136.25,3063.239,10245.3107
,,,,,,,,7203,3612.892,333.4854,3071.042,1858.089,16744.094,12911.55,11982.74,2760.358,10090.7634
,,,,,,,,7204,3616.081,324.3676,3014.681,1849.047,17067.713,12066.29,11223,2502.079,10074.8445
,,,,,,,,7205,3675.612,321.2556,3077.24,1887.504,17814.463,11788.47,11028.5,2367.636,10176.6549
,,,,,,,,7206,3748.963,331.0173,3171.081,2009.902,18832.454,11983.22,11242.79,2395.107,10618.2042
,,,,,,,,7207,3538.819,331.7909,3232.668,2203.526,19988.611,13169,11103.45,2542.656,10459.8422
,,,,,,,,7208,3078.269,275.5402,2840.395,2111.576,21028.979,13282.42,9318.747,1913.064,9844.0529
,,,,,,,,7209,2670.238,246.5163,2442.518,1626.384,20729.266,10629.83,7970.231,1419.727,9085.9097
,,,,,,,,7210,2432.59,215.06,2056.474,1254.675,20017.154,9492.971,6746.101,1128.692,8450.6967
,,,,,,,,7211,2269.152,194.8979,1793.232,1064.178,19312.05,8098.298,5373.922,955.4751,8197.5963
,,,,,,,,7212,2259.087,196.7319,1758.819,901.8351,18493.652,6972.713,5152.416,1062.683,8135.3317
,,,,,,,,7213,2361.004,221.9281,1893.349,912.4177,17931.053,6878.436,5765.08,1061.563,8455.0081
,,,,,,,,7214,2626.926,262.6373,2165.775,1023.116,17883.319,7350.456,6799.46,1282.765,8955.4233
,,,,,,,,7215,3038.847,328.4307,2675.04,1319.96,18188.944,8480.424,8317.267,1715.936,9734.3495
,,,,,,,,7216,3559.065,382.2674,3249.204,1713.364,19005.42,10248,10119.28,2212.273,10911.2904
,,,,,,,,7217,4128.115,439.1598,3782.564,2261.925,20556.338,13156.82,12491.46,2840.824,12512.8754
,,,,,,,,7218,4374.043,469.5241,4060.042,2589.491,21900.938,14389.98,13616.12,3084.433,12839.455
,,,,,,,,7219,4335.773,475.3578,4129.348,2718.273,22259.591,14643,13896.58,3140.337,12514.7977
,,,,,,,,7220,4302.818,456.7505,4080.138,2694.912,21781.264,15275.44,14106.13,3239.094,12232.7407
,,,,,,,,7221,4192.26,443.5143,3903.331,2610.807,20807.325,15547.22,14463.57,3263.454,11951.4116
,,,,,,,,7222,4082.764,421.1602,3704.486,2367.759,19548.434,15245.64,14320.26,3193.26,11569.8039
,,,,,,,,7223,3866.963,392.4101,3499.126,2190.956,18603.545,15030.27,14146.2,3160.407,11024.6841
,,,,,,,,7224,3686.243,367.416,3344.901,2133.255,17878.986,15943.02,14859.13,3497.379,10675.6039
,,,,,,,,7225,3585.252,343.8279,3189.716,2063.445,17462.372,15067.95,14084.11,3291.372,10493.0607
,,,,,,,,7226,3526.784,331.4261,3154.978,2035.244,17655.207,13360.11,12640.92,2880.375,10407.9298
,,,,,,,,7227,3505.523,322.3083,3051.342,1992.171,18048.042,12250.14,11519.91,2591.513,10537.5029
,,,,,,,,7228,3538.478,324.1771,3101.915,2059.243,18971.937,11821.13,11109.84,2430.759,10813.7342
,,,,,,,,7229,3658.603,338.2479,3325.289,2175.174,20745.54,12505.68,11692.68,2438.926,11501.6257
,,,,,,,,7230,3881.846,370.7355,3699.018,2432.825,22971.109,14168.64,13219.58,2736.183,12490.7401
,,,,,,,,7231,3813.586,394.1971,3981.409,2775.797,24766.186,17397.61,14988.06,3283.497,12440.1782
,,,,,,,,7232,3379.047,341.8983,3629.952,2707.899,25433.03,18491.55,14716.11,3136.42,10970.5394
,,,,,,,,7233,3003.903,297.0845,3036.591,2147.742,24575.387,16173.42,13386.92,2535.653,9797.8443
,,,,,,,,7234,2717.354,255.1476,2444.547,1694.915,23540.425,13925.96,10944.99,2143.282,9005.9464
,,,,,,,,7235,2514.085,233.0042,2097.915,1380.104,22514.844,11730.17,8898.779,1602.163,8533.2158
,,,,,,,,7236,2481.198,235.0195,1941.02,1157.471,21667.913,10049.04,7928.781,1399.608,8414.5538
,,,,,,,,7237,2585.241,255.9352,1968.842,1114.526,21141.318,9472.064,8113.119,1417.486,8647.9316
,,,,,,,,7238,2816.648,288.4737,2193.312,1209.018,20823.076,9714.809,8892.058,1634.995,9143.8651
,,,,,,,,7239,3224.883,339.4282,2644.968,1518.291,20954.008,10562.99,10063.13,1883.785,9830.7061
,,,,,,,,7240,3766.859,393.1399,3159.178,1890.35,21511.392,11998.19,11058.55,2297.075,11020.0515
,,,,,,,,7241,4381.621,458.2631,3756.851,2448.792,22793.375,14657.14,13632.23,2949.361,12618.3642
,,,,,,,,7242,4665.322,481.916,4093.588,2766.56,23893.449,16180.81,15126.4,3301.21,12982.877
,,,,,,,,7243,4615.358,493.865,4244.169,2897.558,24295.77,17033.1,15446.32,3406.626,12746.9017
,,,,,,,,7244,4519.683,488.9844,4217.956,2843.294,23727.874,17543,15357.95,3474.797,12515.9238
,,,,,,,,7245,4412.313,470.2051,4074.349,2792.31,22523.817,17915.04,16187.58,3604.858,12273.4794
,,,,,,,,7246,4244.35,446.6263,3932.262,2567.983,21111.956,17647.05,16205.32,3563.81,11813.8218
,,,,,,,,7247,4009.413,410.6456,3635.003,2375.113,19967.071,17822.15,16360.42,3642.492,11401.2659
,,,,,,,,7248,3849.954,376.7243,3437.923,2263.36,19250.657,17546.08,15950.98,3723.403,11020.0049
,,,,,,,,7249,3767.035,351.9114,3286.598,2181.994,18806.005,15972.44,14467.44,3329.086,10703.2906
,,,,,,,,7250,3709.63,336.5974,3170.011,2124.542,18890.057,14142.09,12851.77,2895.671,10568.1906
,,,,,,,,7251,3695.811,327.4796,3081.812,2118.652,19088.708,12845.39,11715.9,2588.823,10618.4963
,,,,,,,,7252,3759.594,326.6266,3079.889,2127.305,19857.302,12485.21,11206.8,2406.445,10895.8544
,,,,,,,,7253,3882.909,336.7509,3244.563,2204.389,21334.122,12907.59,11706.92,2411.898,11545.479
,,,,,,,,7254,4078.512,365.292,3624.081,2497.511,23519.808,14541.03,12996.42,2687.582,12488.0623
,,,,,,,,7255,3976.8,391.3411,3916.914,2836.918,25200.226,17804.71,14612.71,3281.934,12528.2542
,,,,,,,,7256,3488.113,334.1464,3466.114,2732.43,25623.937,18481.47,13721.28,3555.174,11534.4967
,,,,,,,,7257,3033.308,283.8745,2796.407,2185.061,24720.493,15984.26,11964.91,3365.643,10265.7654
,,,,,,,,7258,2651.151,231.6891,2196.251,1718.892,23310.365,13858.63,10044.15,2136.045,8573.3422
,,,,,,,,7259,2457.947,215.7914,1841.911,1414.661,22206.572,11741.67,7787.511,1508.559,8030.796
,,,,,,,,7260,2398.484,204.1778,1772.76,1237.944,21316.355,10570.63,7125.417,1341.067,7944.6749
,,,,,,,,7261,2455.753,221.0035,1803.081,1144.974,20694.069,10374.71,7456.007,1469.134,8179.7992
,,,,,,,,7262,2704.665,262.0467,2029.607,1244.186,20413.011,10697.31,8575.821,1819.585,8727.4203
,,,,,,,,7263,3133.031,325.5903,2577.177,1553.86,20334.007,11748.69,9895.495,2262.811,9434.6967
,,,,,,,,7264,3705.27,381.4577,3104.747,1943.366,20716.793,12777.56,11067.22,2453.701,10710.9674
,,,,,,,,7265,4369.927,451.0141,3780.583,2461.766,22098.593,15469.34,13942.12,3161.807,12552.2129
,,,,,,,,7266,4702.529,487.2685,4027.988,2816.573,23558.061,16232.69,14986.58,3276.21,13028.4084
,,,,,,,,7267,4662.132,498.3737,4148.819,2937.255,23854.227,16742.95,15244.76,3397.717,12788.0449
,,,,,,,,7268,4586.655,486.6436,4115.04,2852.464,23237.314,16867.74,15173.1,3396.975,12643.1105
,,,,,,,,7269,4494.169,472.8451,3985.344,2809.307,22188.417,17203.79,16010.49,3559.895,12329.4761
,,,,,,,,7270,4368.728,450.963,3906.371,2630.956,20738.861,17304.54,16270.98,3563.707,11879.1137
,,,,,,,,7271,4161.431,417.6949,3727.061,2441.936,19488.092,17895.99,16779.35,3710.879,11427.7097
,,,,,,,,7272,4005.161,386.8763,3519.369,2304.969,18731.589,17550.21,16401.54,3778.127,11070.9999
,,,,,,,,7273,3906.296,362.254,3316.512,2214.562,18195.892,15886.41,14934.62,3398.136,10822.2649
,,,,,,,,7274,3842.513,345.0527,3246.235,2195.178,18128.369,13933.17,13409.02,2972.739,10713.0489
,,,,,,,,7275,3821.251,338.0034,3171.94,2168.914,18362.135,12758.06,12147.23,2622.899,10795.8407
,,,,,,,,7276,3843.576,339.8814,3187.383,2163.91,19156.299,12285.11,11750.27,2474.649,11097.0375
,,,,,,,,7277,3961.575,351.8837,3375.054,2257.366,20733.148,12799.58,12171.12,2494.524,11776.6231
,,,,,,,,7278,4155.053,382.3028,3752.642,2530.776,22850.084,14335.03,13645.25,2772.898,12712.73
,,,,,,,,7279,4048.025,406.8456,4059.164,2851.437,24481.963,17452.22,15165.86,3285.268,12740.5691
,,,,,,,,7280,3564.088,339.6894,3539.634,2736.584,25050.851,18578.12,14022.07,3182.029,11039.8097
,,,,,,,,7281,3117.221,282.2341,2821.494,2209.005,24421.28,15209.98,12238.41,2647.979,9653.3642
,,,,,,,,7282,2725.995,232.6856,2270.953,1716.67,23151.301,13165.16,10476.78,2123.025,8693.3435
,,,,,,,,7283,2536.477,209.174,1978.597,1426.135,22013.118,10946.51,8577.401,1620.256,8163.3446
,,,,,,,,7284,2460.005,203.9966,1865.908,1207.808,21303.046,9399.695,7788.158,1495.396,7970.5874
,,,,,,,,7285,2546.474,221.0999,1907.146,1134.81,20701.96,8976.068,8248.424,1620.599,8320.7239
,,,,,,,,7286,2753.43,259.0874,2157.792,1247.999,20299.649,9193.563,9442.559,1962.675,8812.9182
,,,,,,,,7287,3134.523,319.7566,2674.901,1569.868,20181.071,10312.48,10953.29,2181.924,9545.2528
,,,,,,,,7288,3658.427,375.2992,3307.051,1957.745,20425.214,11795.42,12114.71,2521.083,10665.7822
,,,,,,,,7289,4256.678,444.6651,3985.763,2490.853,21683.473,14385.72,14526.54,3172.25,12443.9625
,,,,,,,,7290,4486.728,486.5157,4302.232,2811.381,23058.595,15849.95,15545.59,3410.687,12905.732
,,,,,,,,7291,4533.502,502.7922,4302.869,2941.991,23491.45,16675.95,15693.03,3546.57,12791.8292
,,,,,,,,7292,4503.736,490.2092,4220.453,2848.158,22887.428,16862.67,15783.85,3472.93,12710.1693
,,,,,,,,7293,4409.124,470.9579,4020.082,2760.179,21861.228,17016.54,16371,3629.842,12481.395
,,,,,,,,7294,4292.188,447.1978,3848.648,2587.495,20513.078,17023.19,16449.73,3590.536,11998.9858
,,,,,,,,7295,4116.782,413.7484,3693.861,2362.506,19375.744,17656.52,16956.65,3758.384,11569.2257
,,,,,,,,7296,3958.386,385.8421,3511.656,2306.906,18623.975,17581.31,16748.76,3732.137,11235.5047
,,,,,,,,7297,3810.621,336.7787,3325.757,2184.508,19329.572,15479.14,15040.57,3298.095,10852.2349
,,,,,,,,7298,3742.585,329.5389,3218.256,2186.774,19118.797,13823.14,13472.69,2918.604,10810.437
,,,,,,,,7299,3720.261,325.4019,3196.06,2162.198,19136.58,12652.61,12342.25,2610.716,10875.3514
,,,,,,,,7300,3751.09,326.2456,3174.28,2111.194,19649.468,12103.51,11898.79,2442.281,11183.9364
,,,,,,,,7301,3861.648,341.5411,3330.674,2264.78,20770.572,12613.36,12233.06,2451.033,11820.8635
,,,,,,,,7302,4067.882,375.063,3665.812,2559.426,22584.683,14107.04,13614.15,2678.823,12763.387
,,,,,,,,7303,4185.08,402.3264,3963.361,2907.461,24478.705,17099.49,15379.87,3109.026,12707.4545
,,,,,,,,7304,3461.799,338.238,3489.21,2786.709,25393.751,18339.53,14728.02,2952.769,10908.5099
,,,,,,,,7305,2923.591,276.9234,2800.973,2192.773,24878.771,15397.58,12477.63,2555.226,9250.362
,,,,,,,,7306,2548.131,227.0151,2301.712,1665.093,23756.42,13007.77,10837.89,2183.484,8406.6725
,,,,,,,,7307,2313.535,195.7147,1982.068,1337.111,22483.682,10436.07,8985.561,1727.94,7979.764
,,,,,,,,7308,2251.257,187.6073,1993.49,1141.902,21637.367,8902.842,8096.367,1458.699,7945.6538
,,,,,,,,7309,2364.302,202.426,2095.832,1098.661,20871.821,8606.013,8268.448,1431.264,8127.5353
,,,,,,,,7310,2623.527,244.0644,2350.525,1194.136,20449.044,9101.018,9348.065,1645.242,8543.8753
,,,,,,,,7311,3067.204,312.056,2807.518,1442.602,20333.629,10342.61,10923.7,2201.193,9157.8856
,,,,,,,,7312,3594.159,380.959,3646.374,1851.862,20727.705,11962.54,12371.29,2758.3,10473.7844
,,,,,,,,7313,4207.404,450.2846,4335.979,2430.16,21870.369,14362.52,14584.17,3476.686,12111.4866
,,,,,,,,7314,4436.764,470.0215,4648.444,2808.277,23503.964,16015.98,15339.51,3776.319,12566.138
,,,,,,,,7315,4456.962,460.3693,4478.466,2852.268,23766.988,16610.44,15506.21,3761.206,12429.9435
,,,,,,,,7316,4391.052,453.62,4363.083,2770.854,23470.334,16894.99,15712.11,3762.495,12251.6869
,,,,,,,,7317,4295.376,434.1874,4250.911,2720.731,22998.336,17418.97,16595.32,3760.72,11901.9007
,,,,,,,,7318,4175.251,413.3396,4002.698,2626.237,21807.216,17562.31,16894.67,3681.673,11415.2136
,,,,,,,,7319,3987.089,382.3398,3789.21,2432.067,20494.793,17894.36,17311.78,3752.831,11131.4096
,,,,,,,,7320,3843.576,348.9807,3524.76,2221.173,19480.974,17400.03,16705.71,3673.755,10881.572
,,,,,,,,7321,3712.819,333.4854,3295.843,2101.101,18793.396,15278.42,15169.12,3299.889,10643.8975
,,,,,,,,7322,3643.72,323.1521,3177.729,2078.566,18609.333,13581.31,13643.21,2910.481,10592.7022
,,,,,,,,7323,3623.522,317.1371,3135.279,2083.819,18626.3,12333.56,12440.86,2609.768,10574.8377
,,,,,,,,7324,3644.783,316.0936,3109.229,2037.041,18907.668,11821.94,11951.92,2445.868,10819.5209
,,,,,,,,7325,3743.648,331.1986,3268.928,2176.97,19948.216,12199.09,12290.78,2447.446,11354.9844
,,,,,,,,7326,3941.377,367.4515,3654.637,2468.877,21630.881,13669.67,13674.49,2687.813,12348.049
,,,,,,,,7327,3909.827,393.6713,3951.964,2775.906,23472.232,16448.94,15576.65,3144.262,12391.8294
,,,,,,,,7328,3351.241,338.7815,3522.588,2649.447,24586.645,17660.73,15820.56,3307.876,10761.4226
,,,,,,,,7329,2843.42,281.5611,3130.809,2140.936,24292.797,14988.5,14488.88,3059.744,9318.3851
,,,,,,,,7330,2520.671,235.6086,3120.521,1684.801,23045.797,12810.28,12524.21,2260.62,8568.3601
,,,,,,,,7331,2303.085,226.3619,2650.473,1380.77,21709.91,10410.57,10818.55,1855.87,8205.349
,,,,,,,,7332,2268.446,237.6384,2327.864,1179.958,20540.703,9360.738,10764.31,1698.422,8164.9191
,,,,,,,,7333,2393.185,284.1861,2609.916,1129.681,20088.924,8997.737,9951.288,1738.033,8654.0565
,,,,,,,,7334,2663.041,336.5481,2631.65,1209.662,19545.885,9387.722,12079.02,1982.397,9294.1941
,,,,,,,,7335,3101.843,370.6411,3332.902,1467.9,19560.326,10444.29,13826.16,2363.191,10117.5989
,,,,,,,,7336,3667.069,431.2171,4283.168,1887.032,20012.056,12399.31,14587.47,2881.635,11320.6235
,,,,,,,,7337,4274.998,483.1324,4603.222,2454.587,21064.872,15170.55,15414.99,3656.174,12605.3008
,,,,,,,,7338,4403.809,494.8715,4672.142,2786.993,22310.205,16304.71,15475.4,3860.62,12507.4696
,,,,,,,,7339,4403.809,478.8231,4484.962,2793.826,22798.562,16355.92,15295.28,3686.731,12094.2219
,,,,,,,,7340,4302.818,445.7455,4286.368,2679.395,22504.995,16332.03,15187.71,3643.977,11822.6957
,,,,,,,,7341,4211.395,428.7532,4000.131,2598.357,22013.396,16547.05,15830.12,3606.207,11578.8288
,,,,,,,,7342,4108.278,403.9589,3883.532,2467.919,21157.811,16812.91,16149.58,3561.207,11172.9914
,,,,,,,,7343,3990.278,377.9305,3692.645,2371.737,20031.129,17310.91,16597.28,3648.145,10918.6573
,,,,,,,,7344,3852.08,355.0049,3501.196,2161.705,19043.911,16712.33,16009.66,3541.844,10646.051
,,,,,,,,7345,3714.946,337.2414,3369.418,2071.248,18216.98,15272.43,15049.03,3272.598,10391.4635
,,,,,,,,7346,3637.342,323.1428,3200.329,2020.761,18003.979,13959.88,13624.7,2965.111,10289.2332
,,,,,,,,7347,3603.324,314.0251,3165.59,2010.255,17906.83,12680.73,12517.06,2636.031,10261.3533
,,,,,,,,7348,3599.072,311.7661,3115.421,1940.53,17962.512,11928.97,11838.86,2428.132,10348.913
,,,,,,,,7349,3639.468,315.8938,3139.395,1993.531,18342.273,11758.04,11523.12,2299.692,10667.1908
,,,,,,,,7350,3743.648,333.2671,3273.758,2133.4,19173.945,11842.49,11673.85,2333.185,11130.911
,,,,,,,,7351,3743.287,346.3984,3411.506,2345.769,20640.866,13123.25,12157.12,2428.541,11165.6822
,,,,,,,,7352,3191.521,300.8559,3055.531,2236.099,21967.302,13770.48,10849.27,2035.034,10502.8698
,,,,,,,,7353,2685.204,259.7885,2643.847,1801.264,22251.168,10722.73,8874.537,1738.067,9848.1995
,,,,,,,,7354,2380.528,235.2317,2319.432,1427.114,21380.513,9068.847,8188.498,1459.552,8990.5242
,,,,,,,,7355,2218.843,223.0199,2128,1200.406,20349.75,7736.456,7110.1,1163.609,9068.8623
,,,,,,,,7356,2200.149,227.1422,2081.648,998.3195,19134.015,6895.534,6354.329,1112.58,8629.5356
,,,,,,,,7357,2341.897,252.546,2179.137,964.9198,18683.985,6714.404,6461.542,1137.95,8797.14
,,,,,,,,7358,2638.33,304.107,2429.668,1063.812,18373.608,7424.594,7581.699,1349.143,9379.0886
,,,,,,,,7359,3037.618,357.1081,2811.328,1318.043,18362.562,8837.53,9260.895,1763.028,10196.4141
,,,,,,,,7360,3628.358,411.8643,3549.781,1889.334,18826.541,10871.51,10803.78,2434.166,11389.0336
,,,,,,,,7361,4249.485,469.3655,4034.197,2456.527,19877.642,13739.12,12980.84,3152.968,12573.3403
,,,,,,,,7362,4337.899,480.4289,4320.381,2719.019,21003.23,14766.72,13719.77,3240.757,12484.6965
,,,,,,,,7363,4309.196,468.4991,4292.396,2711.004,21376.77,14710.37,14064.04,3307.765,12095.1251
,,,,,,,,7364,4203.954,452.9945,4142.446,2611.529,21175.423,14995.56,14047.67,3335.704,11620.2917
,,,,,,,,7365,4117.846,412.0239,3886.684,2508.041,20604.945,14956.97,14351.42,3297.46,11242.6767
,,,,,,,,7366,4018.981,389.2888,3809.08,2374.311,19904.996,15001.19,14592.23,3243.924,10880.7118
,,,,,,,,7367,3896.729,371.9972,3680.751,2273.349,18821.719,15041.25,14597.78,3220.072,10684.7641
,,,,,,,,7368,3778.729,347.1937,3503.371,2064.616,18028.88,15700.75,15200.46,3378.112,10439.5581
,,,,,,,,7369,3628.838,328.9673,3298.585,1956.099,17423.028,14436.57,14551.24,3241.212,10195.4643
,,,,,,,,7370,3554.423,316.7468,3171.789,1913.993,17196.173,13167.96,13316.22,2953.505,10074.435
,,,,,,,,7371,3543.793,309.5163,3120.246,1863.566,17051.713,12616.13,12793.88,2801.353,9983.6147
,,,,,,,,7372,3528.91,305.3793,3083.583,1877.448,17077.695,11802.66,12078.8,2590.085,10027.4391
,,,,,,,,7373,3559.739,309.3258,3103.686,1927.935,17312.006,11311.31,11546.49,2401.121,10236.5624
,,,,,,,,7374,3637.342,321.537,3190.365,2051.548,18076.585,11252.08,11411.45,2338.88,10655.7754
,,,,,,,,7375,3638.044,326.5941,3271.181,2228.138,19248.329,11907.21,11578.8,2403.279,10546.559
,,,,,,,,7376,3102.845,281.714,2877.134,2178.869,20462.304,11640.34,9769.469,1883.501,9581.7862
,,,,,,,,7377,2587.402,244.9174,2544.908,1749.643,21202.009,9747.558,8283.38,1601.091,8750.8921
,,,,,,,,7378,2358.825,229.9412,2296.857,1448.131,20930.704,8256.641,7560.271,1407.476,8491.4826
,,,,,,,,7379,2195.455,227.1853,2160.498,1220.973,20234.826,7112.777,6391.798,1033.545,8273.3511
,,,,,,,,7380,2202.275,230.6544,2066.427,997.0123,19512.608,6320.658,5603.834,1042.406,8362.7421
,,,,,,,,7381,2366.347,259.3515,2137.1,1082.609,18936.075,6356.455,5739.458,1060.817,8800.9535
,,,,,,,,7382,2685.545,309.6449,2442.181,1253.825,18527.021,7119.005,6841.623,1251.599,9455.473
,,,,,,,,7383,3159.429,380.4913,2879.646,1526.478,18447.781,8649.029,8717.083,1608.789,10454.073
,,,,,,,,7384,3750.168,451.8681,3537.819,1895.429,18997.991,11189.65,11416.7,2298.211,11691.638
,,,,,,,,7385,4296.259,504.5605,4100.196,2458.673,20220.937,13646.44,13068.8,3027.843,12937.1846
,,,,,,,,7386,4369.791,508.7077,4412.685,2708.926,21518.43,14960.39,13759.19,3244.929,12717.6636
,,,,,,,,7387,4360.223,476.8456,4374.497,2734.2,21883.392,14824.98,14218.38,3354.215,12379.1832
,,,,,,,,7388,4254.98,452.8857,4327.216,2667.104,21541.65,14871.96,14189.13,3361.877,11869.1148
,,,,,,,,7389,4136.98,430.3412,4080.945,2613.831,21087.85,14904.9,13964.8,3331.929,11540.5033
,,,,,,,,7390,4017.918,402.8159,3904.687,2450.46,20013.986,14641.64,14332,3241.776,11002.6776
,,,,,,,,7391,3863.774,371.9972,3657.041,2252.562,18695.966,14330.6,14225.78,3111.76,10719.709
,,,,,,,,7392,3735.144,345.3156,3420.002,2073.822,17872.519,14059.22,14266.88,3034.61,10386.3005
,,,,,,,,7393,3583.126,323.8054,3229.676,1982.941,17474.203,14755.63,14936.87,3346.281,10124.544
,,,,,,,,7394,3521.469,310.5598,3106.329,1933.092,17236.635,13902.43,14104.21,3205.285,10038.791
,,,,,,,,7395,3518.279,306.4228,3078.35,1946.56,17219.144,12636.77,12793.94,2822.652,10018.3828
,,,,,,,,7396,3542.73,306.2323,3119.275,1977.5,17544.263,11747.6,12054.44,2570.123,10232.6864
,,,,,,,,7397,3642.657,321.1653,3272.365,2141.507,18871.29,11766.07,11999.48,2479.006,10739.8865
,,,,,,,,7398,3847.828,353.4716,3655.174,2463.303,20541.953,12862.83,13123.75,2637.188,11478.516
,,,,,,,,7399,3931.449,386.8885,3995.056,2837.026,22614.066,15489.53,14735.41,2933.416,11476.9268
,,,,,,,,7400,3377.556,349.9582,3586.31,2822.826,23686.515,16558.18,14160.46,2797.369,10353.4329
,,,,,,,,7401,2921.384,296.9603,3009.315,2200.81,23619.765,14969.63,12765.28,2605.249,9531.9265
,,,,,,,,7402,2587.383,271.4261,2564.379,1677.085,23429.063,13048.89,11777.58,2289.086,9070.6443
,,,,,,,,7403,2433.139,263.394,2499.818,1415.929,22458.387,11468.85,10121.71,1873.917,8910.7418
,,,,,,,,7404,2424.013,278.7119,2516.579,1268.188,21283,10186.63,9127.434,1572.786,9195.4817
,,,,,,,,7405,2601.905,313.2335,2595.777,1368.328,20755.293,9610.801,9065.089,1434.474,9834.9525
,,,,,,,,7406,2918.978,382.9872,2928.877,1527.593,20268.346,10313.15,9982.143,1665.603,10311.792
,,,,,,,,7407,3373.104,453.8336,3431.346,1831.174,20195.477,11711.11,11952.98,2141.943,10960.7
,,,,,,,,7408,3942.583,529.8194,4100.371,2313.185,20678.032,14257.65,14387.8,2933.946,12143.993
,,,,,,,,7409,4501.43,569.7718,4390.27,2701.497,21983.114,16400.47,15095.05,3614.388,13552.0955
,,,,,,,,7410,4552.637,555.5931,4696.759,2951.001,23294.68,17248.54,15736.36,3752.137,13252.0932
,,,,,,,,7411,4532.439,532.4863,4610.729,2961.458,23162.536,17459.7,16228.45,3827.815,12761.2745
,,,,,,,,7412,4403.809,507.3016,4560.548,2882.393,22951.503,17479.47,16166.25,3828.501,12361.5646
,,,,,,,,7413,4260.295,485.3286,4345.705,2773.793,22268.575,16817.13,15550.52,3693.629,11960.1443
,,,,,,,,7414,4094.458,448.1233,4044.996,2557.373,21018.009,16644.32,16220.48,3578.447,11405.3811
,,,,,,,,7415,3900.981,403.0156,3795.408,2361.74,19686.588,16261.18,16103.71,3427.404,10994.8598
,,,,,,,,7416,3748.963,371.172,3539.067,2163.617,18591.612,16524.63,16508.91,3474.671,10671.2938
,,,,,,,,7417,3567.18,343.6374,3286.598,2059.468,17800.351,16014.08,15977.96,3579.239,10361.7861
,,,,,,,,7418,3504.46,327.2892,3147.821,1999.525,17688.42,14420.03,14502.41,3243,10239.6751
,,,,,,,,7419,3482.135,320.9024,3113.083,1980.202,17589.517,12990.26,13183.96,2826.239,10203.0473
,,,,,,,,7420,3504.46,318.8246,3132.782,2015.757,17856.165,12050.24,12355.58,2596.128,10362.3658
,,,,,,,,7421,3595.883,334.6013,3306.542,2190.106,19004.058,12136.2,12374.49,2511.34,10866.9929
,,,,,,,,7422,3785.107,363.8049,3649.392,2488.954,20700.037,13144.15,13287.91,2664.113,11543.527
,,,,,,,,7423,3887.864,397.0406,4034.051,2858.863,22828.291,15859.29,14932.7,2936.726,11715.8869
,,,,,,,,7424,3333.971,360.4392,3650.832,2876.797,23773.122,17151.04,14761.51,3072.724,10363.2876
,,,,,,,,7425,2872.483,310.3201,3063.225,2307.942,23704.741,17097.59,15630.5,2795.291,9879.5595
,,,,,,,,7426,2583.753,281.7351,2588.38,1700.346,22852.028,15488.66,13275.48,2140.118,9268.8607
,,,,,,,,7427,2434.203,272.8593,2381.142,1417.858,21971.731,12351.39,10193.8,1719.125,9029.4317
,,,,,,,,7428,2424.455,294.3307,2292.346,1271.038,20982.8,10798.9,9061.321,1441.854,9034.3361
,,,,,,,,7429,2641.239,321.6552,2362.562,1316.774,20318.288,9556.05,8992.745,1387.676,9424.245
,,,,,,,,7430,3008.274,378.9979,2583.04,1372.428,19998.199,10003.56,9852.648,1542.56,10614.206
,,,,,,,,7431,3944.969,453.6523,2981.346,1714.941,20040.095,11483.13,11740.72,2035.333,11003.064
,,,,,,,,7432,4046.321,523.6232,3625.327,2070.714,20637.558,13964.91,14088.42,2776.273,11991.851
,,,,,,,,7433,4571.772,572.6933,4145.207,2759.504,21815.59,16139.2,14869.38,3352.853,13272.8359
,,,,,,,,7434,4555.827,554.7586,4451.452,2963.547,23053.047,16705.8,15681.04,3605.1,13235.0866
,,,,,,,,7435,4531.376,528.077,4430.221,2937.424,23021.091,17063.01,16076.99,3738.124,12990.7255
,,,,,,,,7436,4428.259,499.1364,4327.141,2843.427,22859.416,16902.8,15690.34,3704.477,12543.1526
,,,,,,,,7437,4263.485,468.5176,4145.504,2736.514,22282.539,16476.24,15312.67,3599.221,12089.3732
,,,,,,,,7438,4102.963,428.2002,3956.546,2533.587,20891.803,16468.57,16009.55,3522.65,11509.0159
,,,,,,,,7439,3911.612,394.9413,3730.926,2359.828,19610.603,16209.28,15990.98,3407.55,11066.0992
,,,,,,,,7440,3743.648,368.0692,3543.892,2168.87,18609.969,16588.85,16533.39,3466.629,10718.9958
,,,,,,,,7441,3563.991,343.4469,3350.116,2089.356,17914.794,17185.41,16303.69,3622.386,10415.8685
,,,,,,,,7442,3512.964,328.1329,3201.691,2037.157,17837.916,15282.91,14863.11,3277.098,10298.8175
,,,,,,,,7443,3510.838,320.0494,3133.747,2027.289,17839.3,13709.78,13289.42,2849.605,10222.3089
,,,,,,,,7444,3525.721,317.7903,3123.134,2036.579,18268.892,12633.38,12462.48,2570.123,10387.5231
,,,,,,,,7445,3632.027,331.0266,3236.271,2206.726,19359.413,12557.01,12297.43,2470.884,10846.7918
,,,,,,,,7446,3832.945,362.1082,3617.554,2535.852,21118.966,13699.99,13384.97,2618.327,11511.0215
,,,,,,,,7447,3906.999,389.3716,3991.902,2891.053,23281.335,16303.2,14904.07,3046.954,11498.6603
,,,,,,,,7448,3381.367,362.3172,3647.719,2885.727,24155.071,18112.48,15234.5,3741.464,10482.5196
,,,,,,,,7449,2886.303,307.2601,3056.477,2271.791,24034.4,17557.35,15118.76,3713.474,9621.2344
,,,,,,,,7450,2583.753,284.1094,2728.361,1779.394,23231.03,16348.83,12110.06,3184.709,9162.5153
,,,,,,,,7451,2436.951,281.3963,2438.461,1477.928,22240.911,13398.49,10636.91,1881.294,8900.7342
,,,,,,,,7452,2455.464,298.5921,2382.561,1433.554,21302.068,10720.26,9667.325,1487.466,9049.9847
,,,,,,,,7453,2625.915,327.332,2425.255,1415.707,20539.32,10375.8,9156.232,1446.245,9377.715
,,,,,,,,7454,2973.815,382.7967,2703.924,1693.105,20047.944,11309.91,9863.655,1634.497,9891.48
,,,,,,,,7455,3453.014,463.2236,3201.007,2007.191,19854.203,12895.15,11820.01,2157.49,10755.599
,,,,,,,,7456,3980.411,529.4384,3929.077,2408.497,20383.169,14727.49,14143.73,2832.865,11806.336
,,,,,,,,7457,4497.799,578.4657,4438.186,2826.292,21695.14,16533.14,15166.9,3524.279,13162.91
,,,,,,,,7458,4515.43,569.6917,4690.409,2968.059,22997.291,16925.41,15784.98,3635.737,13151.3579
,,,,,,,,7459,4511.178,536.4235,4676.738,2978.267,23073.778,17603.09,16307.67,3754.487,12848.7308
,,,,,,,,7460,4412.313,520.7469,4584.106,2882.558,22596.797,17492.15,16328.95,3770.264,12554.0171
,,,,,,,,7461,4267.737,467.3653,4361.949,2794.391,22075.798,17021.23,15862.09,3669.491,12077.2247
,,,,,,,,7462,4101.899,440.693,4118.156,2601.083,21072.719,16960.03,16472.19,3577.573,11580.5712
,,,,,,,,7463,3916.927,402.6346,3841.561,2369.731,19771.407,16559.91,16350.01,3482.127,11121.3696
,,,,,,,,7464,3756.405,371.8252,3566.895,2178.137,18799.922,16790.43,16639.62,3524.991,10778.9794
,,,,,,,,7465,3579.937,349.2714,4594.035,2303.85,18171.644,17241.37,19614.54,4193.283,10474.6667
,,,,,,,,7466,3528.91,335.1821,4094.57,2275.625,17935.792,15775.89,17101.02,3645.487,10350.3641
,,,,,,,,7467,3509.775,325.0301,3991.087,2325.226,17941.544,14378.1,15559.16,3163.955,10300.4851
,,,,,,,,7468,3539.541,320.7026,3977.58,2344.834,18326.262,13507.42,14633.5,2906.074,10461.9127
,,,,,,,,7469,3633.09,336.6699,4171.033,2500.437,19381.845,13569.84,14624.57,2821.315,10901.4674
,,,,,,,,7470,3826.567,364.8392,4566.788,2795.496,21214.606,14602.81,15751.67,3007.347,11537.3533
,,,,,,,,7471,3904.873,395.1626,4867.271,3147.734,23155.806,17135.64,17214.29,3315.284,11756.554
,,,,,,,,7472,3400.502,366.2637,4437.938,3086.598,23995.492,18341.84,16615.81,3161.696,10757.7619
,,,,,,,,7473,2872.925,318.0561,3573.35,2610.352,23959.418,18028.92,14420.65,2738.257,9865.7234
,,,,,,,,7474,2575.69,292.3741,2880.448,2057.841,23011.386,14110.1,12340.61,2274.005,9344.8749
,,,,,,,,7475,2407.005,291.5818,2769.893,1643.418,22102.276,12021.31,10494.03,1940.682,9415.7801
,,,,,,,,7476,2432.959,329.644,2824.281,1437.961,21033.38,10632.44,10074.4,1794.469,10718.646
,,,,,,,,7477,2610.852,356.0821,2994.209,1345.524,20414.252,10409.08,9840.861,1721.619,9616.21
,,,,,,,,7478,2995.518,406.5661,3187.018,1423.85,19886.167,10722.68,10807.98,1907.467,10422.57
,,,,,,,,7479,3486.41,470.1002,3648.562,1646.781,19949.613,12140.88,12522.18,2421.127,11050.463
,,,,,,,,7480,4050.573,523.1597,4232.909,2195.541,20513.551,14174.08,14519.57,3092.454,12087.987
,,,,,,,,7481,4574.34,573.4211,4713.794,2709.585,21661.62,16282.69,15266.24,3678.189,13305.269
,,,,,,,,7482,4562.205,550.8207,4961.187,2916.685,22845.528,16510.81,15670.09,3829.242,13398.5691
,,,,,,,,7483,4528.187,520.9368,4821.122,2900.241,22749.099,17159.37,16158.41,3947.991,12741.8166
,,,,,,,,7484,4426.133,497.6302,4718.282,2840.475,22117.999,17041.56,15909.51,3753.85,12415.8658
,,,,,,,,7485,4266.674,479.6946,4610.775,2755.685,21522.675,16831.29,15479.11,3619.948,12139.3826
,,,,,,,,7486,4101.899,443.5143,4263.599,2604.684,20556.202,17107.79,16213.8,3600.792,11660.5685
,,,,,,,,7487,3929.684,409.2211,3965.053,2455.949,19127.484,16955.63,16157.79,3441.963,11190.4724
,,,,,,,,7488,3758.531,377.3683,3796.198,2312.078,18119.965,17441.17,16806.6,3522.615,10808.3756
,,,,,,,,7489,3591.631,405.1487,3593.171,2185.727,17400.07,17056.79,16653.72,3684.467,10480.1173
,,,,,,,,7490,3528.91,371.8984,3488.406,2132.726,17018.4,15586.68,15355.79,3368.955,10359.6987
,,,,,,,,7491,3520.406,362.7806,3530.535,2137.317,16947.565,14156.48,14137.97,3028.571,10283.4708
,,,,,,,,7492,3535.288,358.4531,3636.749,2162.366,17182.481,13250.24,13659.24,2805.84,10432.6369
,,,,,,,,7493,3641.594,377.9858,3825.378,2279.287,18166.447,13120.31,13798.16,2780.42,10873.8483
,,,,,,,,7494,3820.188,406.1552,4246.06,2533.975,19734.985,13915.15,14844.6,2947.598,11525.9853
,,,,,,,,7495,3917.629,442.9563,4674.425,2832.435,21390.172,16089.17,16673.36,3209.537,11748.4686
,,,,,,,,7496,3395.187,413.1802,4372.531,2781.364,22374.907,17215.04,16329.98,3148.176,11050.8592
,,,,,,,,7497,2867.609,351.6165,3605.221,2367.22,22706.492,18108.08,14331.84,2972.166,10235.7753
,,,,,,,,7498,2571.437,322.9693,3097.757,1922.253,22389.432,16548.13,12752.27,2575.375,9991.1192
,,,,,,,,7499,2393.185,324.4889,3049.398,1593.628,22120.136,12770.68,11645.08,2360.748,10083.3691
,,,,,,,,7500,2395.752,328.8344,3027.323,1324.759,21557.552,10618.97,11106.86,2151.01,9550.0755
,,,,,,,,7501,2572.581,343.4135,3134.255,1255.191,21076.881,10191.24,10917.6,2164.954,9663.569
,,,,,,,,7502,2941.302,434.2823,3336.823,1421.851,20705.626,10577.3,11759.17,2355.1,10972.078
,,,,,,,,7503,3476.843,477.7419,3833.503,1746.155,20595.973,11890.5,12942.09,2867.704,11375.679
,,,,,,,,7504,4004.862,517.8318,4409.476,2093.14,21003.942,13917.43,15218.27,3470.636,12010.81
,,,,,,,,7505,4513.746,545.2722,4967.923,2782.302,21738.322,15842.06,15604.54,4029.457,12926.0217
,,,,,,,,7506,4485.665,532.6854,5111.119,2907.242,22312.639,16161.04,15395.33,3845.44,12884.5414
,,,,,,,,7507,4442.079,516.809,4843.868,2871.499,21854.975,17034.99,15571.68,3811.692,12495.3672
,,,,,,,,7508,4347.466,489.7557,4554.579,2753.279,21128.248,16701.93,15254.99,3679.272,12297.6945
,,,,,,,,7509,4216.71,450.282,4453.831,2680.87,20542.662,16375.31,14897.09,3559.77,12022.8304
,,,,,,,,7510,4095.521,425.288,4212.214,2530.696,19692.2,16675.95,15686.71,3546.891,11607.8637
,,,,,,,,7511,3947.756,397.1911,3975.262,2394.592,18451.579,16740.79,15958.7,3449.8,11273.2345
,,,,,,,,7512,3791.486,368.2505,3826.264,2193.766,17501.408,17113.55,16447.31,3528.193,10943.9413
,,,,,,,,7513,3633.09,345.6967,3625.576,2099.934,16617.126,16286.07,15948.12,3554.08,10653.5184
,,,,,,,,7514,3565.054,332.0701,3554.983,2077.623,16319.377,15233.79,14992.07,3336.078,10534.0264
,,,,,,,,7515,3535.288,326.7083,3485.758,2059.988,16223.615,13978.55,13995.37,3045.332,10450.8304
,,,,,,,,7516,3535.288,323.2245,3541.399,2026.37,16231.435,12921.24,13258.43,2764.567,10506.1611
,,,,,,,,7517,3566.117,331.9613,3631.773,2086.89,16580.384,12548.15,13051.18,2620.463,10677.1518
,,,,,,,,7518,3673.486,352.7188,3829.092,2214.978,17427.539,12527.25,13258.13,2545.718,11052.737
,,,,,,,,7519,3668.873,363.9722,4003.374,2392.867,18584.418,13485.59,13543.17,2679.481,11260.7199
,,,,,,,,7520,3209.953,354.3485,3608.051,2339.447,19703.806,13177.02,12118.32,2311.65,10725.8254
,,,,,,,,7521,2693.889,322.9898,3023.257,1928.002,20275.773,13190.13,10568.41,1695.639,9772.8659
,,,,,,,,7522,2420.041,311.9313,2634.02,1613.032,20369.219,11041.86,9807.488,1356.109,9492.5171
,,,,,,,,7523,2289.186,315.7581,2451.049,1387.499,20229.858,8709.817,7452.673,1081.415,9317.2672
,,,,,,,,7524,2295.383,279.309,2312.638,1181.664,19936.906,7525.664,6968.714,984.2477,9380.1425
,,,,,,,,7525,2460.519,310.6189,2352.7,1093.786,19590.388,7367.428,6794.077,960.13,9589.7499
,,,,,,,,7526,2795.221,304.0789,2507.732,1175.645,19187.402,8216.527,7764.516,1234.207,10236.546
,,,,,,,,7527,3290.366,344.893,2964.487,1433.978,19124.865,9400.68,9572.953,1609.143,11057.376
,,,,,,,,7528,3868.348,393.9724,3571.474,1866.058,19370.919,11780.14,12207.5,2343.255,12011.5571
,,,,,,,,7529,4351.097,462.4937,4210.273,2465.558,20408.327,13807.14,13650.85,3011.325,13015.3961
,,,,,,,,7530,4370.854,470.0678,4465.918,2774.843,21207.278,14653.8,14146.13,3206.231,12875.651
,,,,,,,,7531,4347.466,458.5098,4414.778,2751.318,21042.182,15023.19,14578.61,3331.716,12552.7063
,,,,,,,,7532,4245.413,451.479,4234.674,2631.658,20628.703,14840.94,14119.81,3234.552,12091.7654
,,,,,,,,7533,4132.729,418.6012,4063.246,2538.263,19767.546,14752.72,13754.17,3221.305,11755.1023
,,,,,,,,7534,4020.044,398.7784,3890.695,2417.091,19235.788,14784.05,14117.58,3187.721,11358.0323
,,,,,,,,7535,3882.909,377.7308,3708.333,2319.092,18040.075,14958.19,14239.56,3083.887,11056.9068
,,,,,,,,7536,3733.018,351.7024,3564.158,2190.851,17159.043,14997.44,14237.23,3045.556,10721.3817
,,,,,,,,7537,3576.748,338.2571,3366.933,2285.85,16764.7,15714.59,14981.54,3312.949,10394.3519
,,,,,,,,7538,3515.09,320.8746,3215.607,2073.244,16503.687,14883.07,14349.82,3230.006,10173.1238
,,,,,,,,7539,3482.135,313.644,3076.275,2003.21,16398.363,13539.45,13152.24,2901.47,10022.7245
,,,,,,,,7540,3468.316,308.2823,3052.149,1978.245,16431.108,12387.29,12246.77,2618.81,9990.1124
,,,,,,,,7541,3483.198,313.263,3076.111,2071.368,16872.304,12054.51,11713.06,2455.822,10106.1244
,,,,,,,,7542,3567.18,322.3716,3146.388,2197.968,17712.979,11931.07,11584.46,2388.201,10444.1857
,,,,,,,,7543,3564.693,331.5228,3221.456,2346.217,19002.191,12674.45,11743.04,2492.349,10651.8453
,,,,,,,,7544,3104.088,297.8912,2906.889,2363.49,20144.019,12783.64,10947.33,2598.63,10023.1688
,,,,,,,,7545,2705.322,262.3101,2589.922,1985.5,20607.227,10914.08,11079.22,1842.025,9180.2796
,,,,,,,,7546,2436.168,250.8177,2369.546,1515.356,20412.075,9368.687,8476.33,1400.514,8795.1641
,,,,,,,,7547,2294.059,238.8391,2141.492,1439.235,20113.392,8749.533,6644.419,1145.014,8673.1287
,,,,,,,,7548,2335.96,245.2297,1961.193,1366.662,19594.301,8968.066,6051.128,1056.873,8757.4251
,,,,,,,,7549,2504.726,265.6527,1996.169,1362.981,18908.69,8241.138,6334.721,1034.376,9120.3505
,,,,,,,,7550,2813.293,306.0182,2275.247,1544.23,18897.345,10296.81,7328.75,1156.283,9747.549
,,,,,,,,7551,3299.933,369.5003,2684.592,1810.958,19036.024,11201.32,8950.222,1570.624,10672.76
,,,,,,,,7552,3826.889,427.0778,3301.214,2093.051,19619.544,13431.57,11470.07,2290.652,11768.363
,,,,,,,,7553,4328.773,474.5897,3876.814,2575.446,20829.034,14489.83,12795.6,2978.792,12939.0792
,,,,,,,,7554,4401.683,474.7764,4182.991,2741.33,21772.791,14736.74,13582.89,3176.491,12851.5795
,,,,,,,,7555,4400.62,471.1114,4199.795,2744.542,21645.16,15055.45,14258.18,3301.153,12605.0262
,,,,,,,,7556,4303.881,449.8733,4193.843,2696.829,21294.705,15459.29,14348.72,3281.964,12152.2816
,,,,,,,,7557,4164.62,432.119,4100.808,2652.597,20504.506,15608,14335.61,3320.249,11826.9099
,,,,,,,,7558,4026.422,410.4181,3941.764,2476.183,19704.088,15432.18,14581.85,3247.156,11260.0073
,,,,,,,,7559,3846.765,380.6338,3682.535,2311.714,18365.789,15240.56,14503.12,3063.336,10809.1507
,,,,,,,,7560,3680.928,346.9029,3460.932,2168.092,17455.196,15115.22,14277.78,2983.495,10411.9906
,,,,,,,,7561,3537.415,333.2856,3280.254,2025.757,16801.13,15383.58,15229.89,3381.283,10195.2941
,,,,,,,,7562,3465.126,322.9523,3148.628,1981.136,16664.207,14767.59,14441.16,3262.779,10046.9138
,,,,,,,,7563,3441.739,309.5163,3080.684,1964.327,16557.39,13368.38,13015.25,2848.709,9996.8192
,,,,,,,,7564,3444.928,308.2915,3093.629,1979.921,16826.768,12376.11,12199.89,2596.208,10150.037
,,,,,,,,7565,3520.406,319.278,3217.776,2099.168,17618.767,12269.36,12002.73,2487.106,10466.5075
,,,,,,,,7566,3653.288,344.3446,3475.321,2347.529,18903.378,13022.6,12775.04,2572.628,10945.4439
,,,,,,,,7567,3709.27,371.3747,3800.209,2631.669,20337.966,15069.62,14177.52,2910.719,11115.9259
,,,,,,,,7568,3217.656,344.7556,3418.052,2556.499,21245.943,16638.33,14284.47,3506.186,10293.4802
,,,,,,,,7569,2811.448,289.246,3003.329,2280.961,21632.046,16592.36,15125.36,3673.828,9447.0532
,,,,,,,,7570,2565.24,257.1198,2405.543,1933.828,21932.791,15134.57,13161.79,3132.302,8926.8018
,,,,,,,,7571,2412.5,262.108,2233.148,1723.13,22084.382,13916.75,9951.119,1813.133,8767.1013
,,,,,,,,7572,2424.635,277.6071,2218.072,1652.744,21567.721,12727.36,8944.714,1475.268,8899.7333
,,,,,,,,7573,2620.599,302.8297,2371.156,1694.346,21235.972,11815.65,8602.69,1614.221,9253.5341
,,,,,,,,7574,2980.375,349.1673,2608.304,1826.432,20950.514,12246.27,9447.938,1791.749,9689.86
,,,,,,,,7575,3649.96,402.3589,2994.085,1898.316,21029.451,13321.44,10910.19,2264.398,10341.698
,,,,,,,,7576,3985.285,451.2814,3530.182,2220.781,21191.607,14869.06,13082.89,2762.012,11453.012
,,,,,,,,7577,4533.502,503.4208,3994.104,2659.632,22165.933,15838.29,13868.81,3325.432,12780.2857
,,,,,,,,7578,4472.908,493.0837,4273.295,2903.004,22775.782,16408.46,14844.81,3548.32,12946.0704
,,,,,,,,7579,4467.592,475.4204,4350.149,2923.141,22417.612,17054.09,15692.75,3722.719,12501.7877
,,,,,,,,7580,4383.61,459.1723,4234.37,2855.632,21718.06,17045.55,15596.13,3733.327,12321.8581
,,,,,,,,7581,4223.088,433.3344,4141.335,2793.292,20633.338,16761.94,15420.72,3691.791,11848.4098
,,,,,,,,7582,4065.755,409.5744,3952.938,2632.612,19665.664,16728.39,15897.69,3564.054,11290.1425
,,,,,,,,7583,3873.342,379.79,3672.08,2454.71,18411.444,16503.73,15699.43,3372.577,10886.2128
,,,,,,,,7584,3703.252,347.9464,3469.206,2330.387,17400.207,16931.37,16175.17,3435.192,10562.2389
,,,,,,,,7585,3561.865,337.2414,3350.116,2302.386,17086.648,17422.26,16270.67,3621.386,10385.4974
,,,,,,,,7586,3499.144,323.9958,3198.797,2273.36,16739.118,15972.99,14738.27,3267.212,10289.1648
,,,,,,,,7587,3485.324,316.7561,3151.516,2289.731,16764.558,14632.03,13435.77,2860.366,10285.0349
,,,,,,,,7588,3507.649,317.4093,3164.461,2352.412,17055.179,13822.42,12606.52,2617.701,10458.486
,,,,,,,,7589,3589.504,332.3423,3332.428,2530.939,17985.918,13995.83,12618.78,2526.665,10922.7037
,,,,,,,,7590,3795.738,364.4582,3678.172,2840.542,19674.581,15243.34,13611.98,2674.983,11676.7989
,,,,,,,,7591,3907.621,394.9628,4139.941,3165.301,21489.341,17930.18,15375.6,3072.041,11713.0849
,,,,,,,,7592,3477.403,378.4181,4043.578,3183.964,22512.339,19705.35,16209.37,3206.566,10369.1424
,,,,,,,,7593,2943.889,310.0776,3501.406,2700.254,22506.888,18429.3,16600.92,2664.071,9473.5553
,,,,,,,,7594,2677.041,273.8236,2960.289,2089.429,22416.614,15477.58,14264.69,2265.619,8905.8852
,,,,,,,,7595,2511.545,264.905,2656.835,1775.709,21849.105,13036.38,12282.39,2369.766,8748.8997
,,,,,,,,7596,2507.113,316.8479,2275.57,1435.316,21769.462,12386.46,10756.04,2173.553,8811.1819
,,,,,,,,7597,2698.824,293.0158,2569.707,1581.154,21353.165,12570.76,10200.29,2045.813,8998.5615
,,,,,,,,7598,2996.761,376.3495,2926.507,1689.288,21186.712,12770.46,11650.54,2237.244,9445.887
,,,,,,,,7599,3656.339,443.383,3086.005,1927.118,21031.831,13714.25,12583.13,2367.452,10026.045
,,,,,,,,7600,4174.61,461.291,3732.421,2232.989,21350.801,15333.89,14676.6,2905.491,11262.7917
,,,,,,,,7601,4486.728,486.83,4027.373,2703.072,22450.376,16087.93,14695.17,3383.298,12484.24
,,,,,,,,7602,4523.935,484.8097,4286.802,2960.644,23529.483,16538.15,15321.8,3587.988,12667.1654
,,,,,,,,7603,4516.493,477.8699,4330.609,2957.22,23332.795,17299.81,15841.65,3726.415,12583.5113
,,,,,,,,7604,4429.322,457.6753,4248.596,2867.425,22663.531,17191,15702.9,3755.541,12174.4759
,,,,,,,,7605,4279.431,434.9402,4081.431,2764.302,21711.434,16770.92,15389.07,3643.133,11656.9974
,,,,,,,,7606,4111.467,410.7991,3977.216,2580.261,20564.051,16797.52,16122.06,3548.627,11188.4038
,,,,,,,,7607,3919.053,380.643,3759.308,2347.894,19043.825,16623.28,16108.02,3398.553,10842.7006
,,,,,,,,7608,3737.27,355.6489,3530.391,2188.265,17987.648,17015.27,16635.08,3483.638,10517.6409
,,,,,,,,7609,3572.495,339.1194,3604.438,2134.566,17320.852,16829.75,16888.5,3672.809,10291.0014
,,,,,,,,7610,3497.018,323.1428,3387.262,2082.616,17050.619,15128.96,15244.1,3314.099,10192.4709
,,,,,,,,7611,3481.072,318.8246,3321.247,2061.191,17073.378,13667.26,13876.12,2917.067,10197.9769
,,,,,,,,7612,3498.081,317.5998,3360.646,2083.726,17418.56,12726.32,13120.88,2691.52,10365.9817
,,,,,,,,7613,3590.567,330.6548,3471.847,2252.987,18462.957,12781.77,13078.16,2605.761,10856.6448
,,,,,,,,7614,3765.972,361.7364,3870.496,2541.554,20167.226,13841.56,14035.4,2719.157,11535.4144
,,,,,,,,7615,3925.873,396.3353,4245.553,2832.058,21969.596,16253.71,15796.55,3098.229,11685.0439
,,,,,,,,7616,3604.449,391.7351,4153.004,2908.87,22958.434,18701.22,16595.98,3226.485,10536.4335
,,,,,,,,7617,3429.205,309.2338,3937.13,2600.077,23053.603,18501.37,16374.3,2787.103,9551.6631
,,,,,,,,7618,3014.051,284.205,3283.621,2011.388,22473.9,16350.22,15550.45,2256.873,8974.3516
,,,,,,,,7619,3162.618,274.4335,2786.553,1634.068,21951.646,14702.29,12520.04,1776.927,8669.1655
,,,,,,,,7620,2833.491,286.6821,2479.526,1489.442,21385.914,13679.73,10741.66,1533.047,8967.0819
,,,,,,,,7621,3395.348,306.1136,2731.554,1770.552,21310.08,14939.99,10427.72,1455.161,9127.6362
,,,,,,,,7622,3472.51,349.3578,2633.415,1834.448,20949.829,14879.81,11541.15,1707.053,9825.572
,,,,,,,,7623,3805.528,405.7339,3255.719,2020.458,20833.117,15438.33,12713.36,2126.075,10219.974
,,,,,,,,7624,4339.304,460.9529,3723.057,2337.752,21171.787,15931.79,14486.09,2738.107,11331.1377
,,,,,,,,7625,4523.935,511.8676,4051.479,2679.801,22115.421,16104.44,14865.56,3342.063,12687.2289
,,,,,,,,7626,4515.43,515.3568,4367.932,2989.07,23131.185,16701.87,15379.79,3588.193,12683.9101
,,,,,,,,7627,4546.259,506.5297,4453.072,3044.537,22902.315,17577.25,16172.9,3789.495,12318.3617
,,,,,,,,7628,4447.394,480.1296,4381.666,2977.83,22096.82,17522.48,16233.18,3821.333,12044.2637
,,,,,,,,7629,4279.431,456.3603,4254.46,2899.507,21388.652,17181.9,15944.6,3782.488,11647.3544
,,,,,,,,7630,4099.773,424.3262,4113.741,2702.635,20154.274,17144.71,16576.77,3685.685,11146.756
,,,,,,,,7631,3905.233,387.4926,3855.471,2445.243,18724.241,16745.28,16351.41,3469.865,10817.4085
,,,,,,,,7632,3719.198,360.6297,3625.588,2275.297,17626.795,17030.49,16731.3,3527.945,10506.3329
,,,,,,,,7633,3534.225,338.4661,3304.374,2207.315,16938.973,16686.46,16198.19,3608.861,10244.0443
,,,,,,,,7634,3451.307,324.3676,3161.731,2155.116,16627.577,15131.73,14656.53,3260.038,10163.0885
,,,,,,,,7635,3447.054,318.1714,3108.259,2120.034,16636.001,13745.04,13318.28,2857.573,10139.3091
,,,,,,,,7636,3443.865,317.7903,3123.134,2154.125,17033.456,12798.49,12479.09,2612.298,10349.5307
,,,,,,,,7637,3531.036,331.0359,3233.371,2280.089,17915.144,12853.94,12341.4,2504.121,10816.7537
,,,,,,,,7638,3671.36,356.2929,3577.747,2539.204,19668.235,13805.57,13237.33,2642.501,11521.6796
,,,,,,,,7639,3846.143,392.9175,3942.237,2819.615,21418.089,16350.35,14901.71,2961.992,11763.9653
,,,,,,,,7640,3351.34,380.1716,4003.004,2905.882,22327.885,17987.9,15634.1,3325.971,10856.9036
,,,,,,,,7641,2962.141,319.3523,3427.267,2436.14,22576.456,17308.15,16393.5,2624.479,10352.2055
,,,,,,,,7642,2711.681,297.4263,3039.23,1930.239,22500.909,15517.13,16424.75,2232.348,9982.4588
,,,,,,,,7643,2883.014,287.1352,2879.288,1701.682,22267.705,13650.9,13343.47,1998.84,8810.0371
,,,,,,,,7644,3190.96,302.4438,2562.944,1515.542,21705.644,12640.99,11566.1,1621.547,8890.2079
,,,,,,,,7645,3506.969,327.8904,2710.076,1428.87,21519.806,11072.06,11547.16,1552.387,9388.055
,,,,,,,,7646,3578.816,374.4187,2827.639,1493.03,21151.822,10892.29,12274.67,1815.516,9817.841
,,,,,,,,7647,4089.024,420.3705,3142.22,1706.603,20868.551,11761.09,13770.6,2286.533,11075.206
,,,,,,,,7648,4407.52,483.6637,3603.338,2097.363,21134.825,13391.71,15446.19,3134.179,11548.063
,,,,,,,,7649,4526.061,531.4366,3930.526,2594.405,22213.157,15371.14,14917.71,3397.973,12615.1578
,,,,,,,,7650,4540.944,515.4656,4227.944,2916.85,22954.33,16436.06,15162.01,3554.844,12621.6532
,,,,,,,,7651,4526.061,490.9342,4312.12,2953.158,22602.764,17232.8,15805.9,3720.246,12365.1829
,,,,,,,,7652,4442.079,476.7546,4287.427,2871.992,21834.081,17285.33,15765.61,3724.6,12003.1103
,,,,,,,,7653,4267.737,446.7798,4145.755,2795.606,20993.281,16914.74,15550.64,3782.865,11686.9644
,,,,,,,,7654,4100.836,419.7264,4033.418,2666.667,19852.695,17133.62,16257.7,3687.223,11188.9254
,,,,,,,,7655,3914.801,388.7173,3773.219,2449.422,18636.734,16890.97,16206.88,3491.262,10868.2706
,,,,,,,,7656,3736.207,360.8202,3549.125,2297.559,17531.828,17291.8,16638.02,3522.491,10587.6136
,,,,,,,,7657,3555.487,341.3784,3308.233,2205.274,16723.805,17003.18,16188.57,3611.573,10329.0091
,,,,,,,,7658,3482.135,326.4361,3165.59,2204.175,16406.333,15601.04,14711.83,3251.07,10224.0131
,,,,,,,,7659,3470.442,321.0836,3115.983,2198.734,16359.107,14258.29,13365.71,2858.521,10195.1562
,,,,,,,,7660,3490.64,319.8589,3138.571,2247.757,16617.187,13442.15,12525.65,2606.918,10379.0562
,,,,,,,,7661,3598.009,328.9673,3224.284,2402.31,17549.249,13331.7,12340.84,2489.722,10819.9383
,,,,,,,,7662,3761.72,351.5027,3530.63,2681.137,19152.413,14106.14,13082.13,2593.077,11470.4875
,,,,,,,,7663,3907.179,383.6948,3905.733,2965.775,20814.017,16400.83,14791.06,2949.627,12011.5466
,,,,,,,,7664,3460.395,371.9403,3654.146,2952.779,21868.336,17810.37,14888.21,3154.559,11852.2353
,,,,,,,,7665,2978.528,323.9093,3192.117,2649.521,22234.82,18930.81,13746.21,2708.66,10956.5669
,,,,,,,,7666,2657.284,295.8205,2789.831,2228.689,22118.253,16021.28,12637.22,2406.498,9643.3477
,,,,,,,,7667,2514.734,285.5295,2642.703,1716.203,21794.822,12725.04,11212.46,2155.01,9524.3359
,,,,,,,,7668,2465.653,303.2876,2527.487,1435.64,21227.361,11031.84,9915.349,1806.857,9616.7319
,,,,,,,,7669,2602.527,324.9354,2524.433,1451.424,21067.789,10141.48,9764.256,1756.578,10562.6558
,,,,,,,,7670,2891.959,365.5006,2724.51,1422.425,20642.658,10638.82,10441.75,2057.74,10992.391
,,,,,,,,7671,3416.429,414.1742,3176.401,1805.567,20472.919,12045.46,12189.98,2538.535,11016.675
,,,,,,,,7672,3898.115,479.5452,3702.147,2213.741,20791.149,13936.49,14144.6,2954.522,11525.7061
,,,,,,,,7673,4420.818,514.3263,4326.667,2622.136,21451.104,15473.36,15078.24,3453.369,12340.6531
,,,,,,,,7674,4445.268,506.6292,4534.587,2865.184,22090.661,16145.87,15374.55,3598.041,12297.5699
,,,,,,,,7675,4446.331,478.3419,4391.787,2864.911,21691.9,16923.19,15701.31,3671.8,12121.8358
,,,,,,,,7676,4346.403,461.8216,4211.122,2751.142,20919.163,16585.94,15293.78,3587.833,11857.8507
,,,,,,,,7677,4228.404,443.2235,4077.566,2681.283,20209.66,16280.56,14978.41,3570.509,11525.8161
,,,,,,,,7678,4102.963,426.5034,3889.578,2572.305,19333.295,16550.71,15676.38,3502.002,11193.0697
,,,,,,,,7679,3948.819,390.9856,3788.813,2436.237,18214.554,16688.64,15798.25,3398.582,10949.2648
,,,,,,,,7680,3782.981,366.182,3549.687,2290.714,17233.23,17205.83,16304.36,3414.153,10680.1235
,,,,,,,,7681,3602.261,347.7652,3356.875,2227.961,16314.365,16629.23,15676.19,3438.194,10413.4977
,,,,,,,,7682,3529.973,334.3291,3205.556,2199.572,16019.245,15656.94,14533.25,3189.652,10299.0593
,,,,,,,,7683,3500.207,323.1428,3154.417,2210.939,15854.22,14494.7,13379.39,2873.643,10211.461
,,,,,,,,7684,3491.703,320.8838,3112.931,2210.751,15890.081,13569.58,12465.39,2595.517,10289.0622
,,,,,,,,7685,3531.036,320.8838,3121.059,2296.295,16225.714,13212.21,11896.81,2414.572,10552.3494
,,,,,,,,7686,3620.333,334.9731,3251.556,2447.307,16987.396,13310.62,11962.55,2365.754,10940.5422
,,,,,,,,7687,3689.252,353.3807,3413.342,2650.221,18002.829,14488.61,12366.13,2446.214,11118.8209
,,,,,,,,7688,3179.566,345.4537,3068.948,2602.448,18858.272,14513.88,10680.76,2047.549,10100.4414
,,,,,,,,7689,2725.339,285.7309,2741.523,2205.474,19563.896,12512.41,9235.816,1739.395,9102.9295
,,,,,,,,7690,2432.798,275.1157,2606.008,1784.221,19796.738,10426.57,8714.866,1541.83,8513.3041
,,,,,,,,7691,2306.194,272.7269,2523.48,1450.179,19718.568,8852.667,8067.847,1421.215,8283.3489
,,,,,,,,7692,2267.743,281.186,2539.872,1249.493,19331.809,7487.47,7955.94,1365.815,8328.7542
,,,,,,,,7693,2421.185,303.3058,2588.39,1172.029,19033.6,7458.17,8146.069,1421.196,8748.7131
,,,,,,,,7694,2711.239,346.9738,2828.466,1245.266,18612.031,8133.806,9458.18,1762.186,9397.61
,,,,,,,,7695,3214.888,404.0692,3229.785,1492.048,18543.541,9876.199,11761.42,2266.151,10195.203
,,,,,,,,7696,3748.223,486.6321,3940.097,1882.105,18751.153,12168.8,14652.12,2930.34,11279.7665
,,,,,,,,7697,4313.449,516.7615,4605.144,2491.037,19676.494,14397.02,16212.85,3538.064,12462.4225
,,,,,,,,7698,4352.782,493.7654,4737.817,2790.517,20297.262,15177.42,16035.13,3771.319,12214.9584
,,,,,,,,7699,4346.403,471.0211,4521.302,2798.26,19946.49,15731.53,15690.52,3983.708,11857.4725
,,,,,,,,7700,4249.665,450.926,4393.301,2675.698,19311.797,15233.41,14605.71,3715.237,11535.2062
,,,,,,,,7701,4136.98,425.4692,4201.613,2595.935,18785.157,15034.26,14204.21,3645.495,11240.1472
,,,,,,,,7702,4029.611,400.8469,3912.885,2487.206,18187.443,14875.17,14259.63,3512.372,10995.3852
,,,,,,,,7703,3902.044,373.5938,3804.811,2379.339,17297.676,15015.2,14234.82,3377.123,10712.3377
,,,,,,,,7704,3756.405,353.7709,3554.51,2199.007,16401.985,14900.16,14162.69,3194.394,10476.9346
,,,,,,,,7705,3586.315,333.2856,3429.076,2126.494,15700.129,15638.72,14919.25,3474.466,10242.3857
,,,,,,,,7706,3518.279,322.9523,3270.442,2066.363,15363.424,15207.18,14400.75,3347.633,10122.4506
,,,,,,,,7707,3488.514,312.8003,3209.655,2069.491,15207.427,14090.24,13366.24,3043.413,10033.4586
,,,,,,,,7708,3475.757,311.3943,3216.25,2061.311,15220.492,13068.49,12531.15,2777.047,10136.7395
,,,,,,,,7709,3508.712,314.2973,3260.875,2149.205,15529.639,12623.3,12232.43,2632.098,10262.5937
,,,,,,,,7710,3598.009,329.049,3407.616,2275.805,16200.738,12572.45,12322.76,2639.957,10694.1451
,,,,,,,,7711,3637.162,345.0071,3571.167,2429.119,17205.653,13626.63,12739.67,2746.823,10821.3355
,,,,,,,,7712,3252.215,336.7083,3245.542,2397.737,18070.612,13752.33,11242.9,2424.755,9902.1428
,,,,,,,,7713,2723.394,272.1954,2778.58,2101.532,19050.473,12106.96,9391.864,2179.779,8938.9722
,,,,,,,,7714,2482.501,257.7906,2567.163,1617.576,19343.147,10082.55,8672.1,2016.929,8420.2343
,,,,,,,,7715,2351.645,253.8193,2441.972,1349.787,19461.066,8623.508,8107.692,1942.85,8381.7446
,,,,,,,,7716,2321.699,268.3557,2467.615,1165.937,19343.997,7324.161,8088.514,2005.558,8570.0553
,,,,,,,,7717,2449.005,322.524,2566.529,1130.816,19297.14,7462.681,8851.855,2739.381,8869.0689
,,,,,,,,7718,2799.654,329.1339,2864.291,1229.956,19131.651,8344.612,10790.91,3421.983,9356.498
,,,,,,,,7719,3260.159,422.0961,3381.649,1483.455,19193.381,9996.688,13297.93,3736.996,10304.199
,,,,,,,,7720,3816.88,495.2068,4130.979,1859.466,19488.093,12485.11,15238.43,3846.634,11503.051
,,,,,,,,7721,4366.602,479.1317,4579.484,2443.625,20394.384,14583.48,15450.97,4080.113,12420.5133
,,,,,,,,7722,4374.043,467.1741,4782.104,2758.387,21075.553,15434.6,15138.68,4064.327,12330.1542
,,,,,,,,7723,4366.602,467.6461,4561.571,2778.019,20614.143,15885.19,14868.05,3973.741,12103.5138
,,,,,,,,7724,4285.809,456.7505,4498.702,2701.304,20089.767,15958.55,14986.02,3901.673,11821.6042
,,,,,,,,7725,4150.8,430.9035,4397.955,2638.988,19282.71,15446.1,14673.79,3721.991,11424.3628
,,,,,,,,7726,4028.548,405.0656,4161.32,2470.505,18362.122,15025.76,14656.43,3527.866,10937.0684
,,,,,,,,7727,3871.215,373.2127,3848.069,2263.789,17275.301,14672.02,14466.47,3346.736,10606.7663
,,,,,,,,7728,3720.261,346.7217,3550.248,2083.337,16309.988,14541.23,14238.34,3180.779,10320.086
,,,,,,,,7729,3552.297,325.2113,3329.049,1993.154,15570.341,15446.37,15016.1,3494.273,10097.029
,,,,,,,,7730,3495.955,315.0686,3166.152,1981.987,15385.687,14666.26,14212.29,3320.068,10018.6628
,,,,,,,,7731,3475.757,310.7411,3138.167,1991.253,15411.327,13410.84,12951.21,2914.12,10007.904
,,,,,,,,7732,3473.631,310.5506,3127.958,2037.538,15792.263,12690.9,12145.25,2678.68,10210.298
,,,,,,,,7733,3586.315,326.3273,3269.471,2219.216,16878.534,12805.58,12199.59,2657.59,10740.5621
,,,,,,,,7734,3751.09,362.1992,3621.407,2551.329,18466.823,13911.59,13304.07,2840.035,11409.0223
,,,,,,,,7735,3936.062,399.5198,4001.731,2891.683,20062.99,16557.26,15362.3,3337.872,11853.0144
,,,,,,,,7736,3793.332,390.1721,3863.869,2856.478,21020.092,18278.87,16185.64,3941.604,10952.5775
,,,,,,,,7737,3625.971,350.9437,3525.779,2350.038,21390.392,17072.96,14968.92,4080.305,11008.7513
,,,,,,,,7738,3321.555,399.0917,3040.267,1845.667,21651.938,14672.22,14476.03,3080.129,10493.7177
,,,,,,,,7739,2712.824,383.8626,2908.082,1547.6,21572.861,12801.54,14057.2,3278.706,11393.4894
,,,,,,,,7740,2932.356,384.7242,3063.614,1389.705,21431.147,10643.73,12785.68,3360.758,11464.1275
,,,,,,,,7741,3881.366,408.6365,3249.823,1360.853,21547.462,11812.11,13709.83,3278.914,12373.1909
,,,,,,,,7742,3936.204,425.1519,3736.561,1449.147,21319.031,12553.14,14330.96,4279.612,12312.975
,,,,,,,,7743,4169.294,439.9285,4125.145,1834.803,21320.683,14357.42,16509.26,4373.343,12027.7191
,,,,,,,,7744,4333.908,459.5186,4292.219,2102.177,21497.669,15629.19,17757.92,4360.095,11847.4382
,,,,,,,,7745,4409.124,468.8424,4405.378,2597.618,22411.129,16128.93,16507.34,4112.338,12510.2701
,,,,,,,,7746,4549.448,501.6485,4570.682,2976.214,23016.396,17078.71,16337.06,4116.12,12849.5484
,,,,,,,,7747,4540.944,500.0519,4584.428,3009.231,22492.291,17649.84,16433.53,4222.338,12600.8044
,,,,,,,,7748,4439.953,491.8874,4539.48,2937.909,21638.638,17663.48,16332.19,4182.722,12321.147
,,,,,,,,7749,4312.386,467.2743,4382.929,2825.354,20688.369,16938.87,15691.1,3971.627,11933.075
,,,,,,,,7750,4168.873,439.368,4158.841,2638.351,19567.614,16639.86,16167.45,3761.361,11436.4497
,,,,,,,,7751,3986.026,396.1476,3856.19,2383.862,18361.627,16208.22,15961.49,3576.24,11027.6915
,,,,,,,,7752,3811.684,370.319,3560.299,2199.208,17321.906,16630.08,16310,3602.038,10758.7795
,,,,,,,,7753,3625.648,350.0334,3314.577,2131.888,16656.012,16290.55,15867.43,3655.44,10480.777
,,,,,,,,7754,3555.487,335.5632,3148.786,2102.223,16503.949,14717.4,14486.88,3318.326,10405.1502
,,,,,,,,7755,3509.775,327.4796,3103.435,2086.052,16602.54,13353.75,13113.33,2886.321,10384.0933
,,,,,,,,7756,3503.396,329.1671,3100.944,2130.235,16909.423,12523.31,12289.33,2661.671,10553.6993
,,,,,,,,7757,3607.576,343.0659,3267.945,2300.771,18130.167,12598.24,12350,2604.733,10935.6153
,,,,,,,,7758,3778.729,374.1475,3616.986,2550.267,19784.402,13612.66,13347.26,2776.395,11594.45
,,,,,,,,7759,3963.702,408.7463,4019.507,2852.74,21699.123,16202.31,15270.83,3202.515,12095.626
,,,,,,,,7760,4101.278,425.9043,4111.75,2879.814,22888.105,17856.89,16377.66,3904.416,12461.3575
,,,,,,,,7761,4218.656,370.6567,3927.251,2368.891,22797.867,17076.03,17174.52,3902.212,11419.4151
,,,,,,,,7762,4222.106,414.5729,3816.856,1855.654,22295.223,15536.31,16888.02,3675.95,11355.1037
,,,,,,,,7763,3939.754,442.203,3752.509,1785.242,21605.095,13755.68,14839.88,2542.455,12226.4803
,,,,,,,,7764,3984.583,440.0241,3442.009,1528.245,20816.591,12597.66,14377.32,3093.675,12336.1517
,,,,,,,,7765,2650.986,282.1295,3650.979,1343.803,20445.307,10249.58,13897.99,3476.706,11848.8758
,,,,,,,,7766,3517.52,297.3867,3405.465,1541.846,20263.683,10743.07,16554.29,3014.995,11392.3175
,,,,,,,,7767,4157.961,395.6927,3411.032,1774.75,20241.765,11881.6,15430.08,3444.703,10990.9503
,,,,,,,,7768,4096.746,472.0696,3886.76,2107.651,21034.617,13474.33,16225.48,3626.162,11438.272
,,,,,,,,7769,4464.403,463.5623,4155.196,2587.774,22411.59,14942.33,15270.99,3515.105,12524.0626
,,,,,,,,7770,4666.385,485.7537,4473.403,2923.073,23588.705,16024,15448.49,3644.358,12851.9891
,,,,,,,,7771,4647.25,469.0336,4489.237,2949.562,23471.454,16917.39,15732.24,3792.832,12645.2431
,,,,,,,,7772,4521.809,451.2793,4384.63,2854.265,22684.834,17142.16,15528.88,3840.76,12327.3793
,,,,,,,,7773,4385.737,430.8032,4231.937,2764.799,21750.771,16754.43,15191.44,3682.647,11834.1933
,,,,,,,,7774,4212.458,406.8526,4094.516,2579.483,20923.04,16738.79,15941,3558.52,11357.3327
,,,,,,,,7775,4042.368,378.5745,3850.559,2356.76,19605.187,16571.93,15871.66,3428.175,11009.1599
,,,,,,,,7776,3878.657,352.9272,3636.517,2192.704,18675.234,17003.7,16408.51,3481.874,10736.3318
,,,,,,,,7777,3695.811,339.3099,3425.375,2122.87,18034.726,16770.88,16091.5,3589.994,10465.9915
,,,,,,,,7778,3629.901,327.0986,3263.437,2068.57,17904.453,15181.51,14669.85,3232.204,10367.8033
,,,,,,,,7779,3596.946,320.0494,3188.745,2041.255,18028.638,13653.26,13204.59,2827.078,10358.827
,,,,,,,,7780,3600.135,320.8931,3173.712,2062.102,18521.355,12651.73,12368.91,2576.394,10530.3263
,,,,,,,,7781,3680.928,334.9824,3287.808,2199.621,19697.812,12534.75,12282.81,2490.635,11007.8357
,,,,,,,,7782,3829.756,368.1324,3694.176,2498.718,21414.579,13576.47,13347.93,2663.216,11734.2792
,,,,,,,,7783,3995.594,405.7913,4067.904,2845.126,23378.196,16190.29,15097.06,3055.929,12026.3158
,,,,,,,,7784,3932.151,379.9617,3971.615,2854.094,24513.422,18109.3,15970.59,3282.602,11158.9245
,,,,,,,,7785,3546.763,344.0655,3317.575,2431.318,24304.5,17504.22,16103.14,3691.388,11341.1597
,,,,,,,,7786,4075.484,317.7785,2911.248,1978.597,23266.496,15613.39,13185.97,2408.947,12874.1562
,,,,,,,,7787,4054.043,310.3855,2601.307,1703.637,22335.894,13352.2,11402.81,3054.752,12635.9536
,,,,,,,,7788,4340.908,341.8145,2534.667,1494.935,21818.385,10826.55,10102.61,1831.425,9025.2775
,,,,,,,,7789,4274.818,338.3539,2497.838,1428.512,21337.978,10185.11,9933.335,1538.055,8584.9613
,,,,,,,,7790,3266.537,296.6533,2779.99,1480.57,20986.798,10291.45,10224.43,1749.311,9524.6702
,,,,,,,,7791,3302.862,333.7596,3340.461,1726.742,20830.089,11071.7,11687.94,1997.62,11707.7012
,,,,,,,,7792,3810.06,400.0701,3817.238,2122.537,21428.213,12877.02,13614.17,2641.455,11517.8098
,,,,,,,,7793,4374.043,449.7881,4065.578,2577.329,22930.095,14710.92,14659.24,3332.549,12586.3041
,,,,,,,,7794,4589.844,482.2791,4417.69,2951.25,24267.345,16046.54,15209.69,3566.643,13003.733
,,,,,,,,7795,4593.034,476.5456,4501.866,3020.623,24346.07,17358.16,15968.52,3779.544,12823.2378
,,,,,,,,7796,4481.412,460.6693,4432.396,2970.725,23799.443,17712.48,15906.16,3784.532,12550.5741
,,,,,,,,7797,4358.097,440.0027,4315.241,2893.288,22836.493,17338.71,15750.15,3717.887,12153.6335
,,,,,,,,7798,4192.26,416.0521,4151.929,2703.77,21681.086,17462.79,16466.06,3608.056,11684.2914
,,,,,,,,7799,4016.855,384.2085,3885.947,2534.212,20381.218,17208.49,16334.27,3463.289,11310.1171
,,,,,,,,7800,3853.143,359.5955,3626.711,2378.95,19384.217,17564.79,16761.7,3529.469,11013.5168
,,,,,,,,7801,3692.621,342.7752,3592.622,2260.341,18773.303,17685.45,16831.35,3655.611,10793.5344
,,,,,,,,7802,3627.775,333.4761,3524.923,2235.516,18654.087,16336.5,15639.08,3346.347,10648.2108
,,,,,,,,7803,3587.378,325.2113,3545.423,2200.186,18613.671,14799.07,14354.28,2946.704,10586.0726
,,,,,,,,7804,3569.306,326.8988,3613.606,2193.305,18775.08,13886.86,13516.39,2682.62,10706.4968
,,,,,,,,7805,3637.342,338.9196,3770.398,2352.096,19585.825,13759.83,13489.51,2599.683,11057.8203
,,,,,,,,7806,3773.414,363.8049,4145.325,2614.976,20968.273,14533.55,14306.83,2705.883,11651.3977
,,,,,,,,7807,3879.098,392.818,4530.87,2906.094,22468.094,16766.63,16012.98,3098.793,11865.2306
,,,,,,,,7808,3502.214,373.361,4321.313,2862.669,23717.574,18471.55,16255.26,3082.526,10966.0254
,,,,,,,,7809,2978.087,311.5168,3530.243,2444.335,24027.331,17451.9,14077.63,2740.517,10030.7729
,,,,,,,,7810,2686.609,273.4757,2723.965,1942.841,23733.871,14764.98,12086.85,2259.999,9376.7782
,,,,,,,,7811,2475.843,247.9042,2277.895,1618.559,23061.103,12434.39,10374.6,1856.807,8714.8444
,,,,,,,,7812,2415.068,247.3365,2083.931,1410.425,22590.981,10488.33,8893.78,1548.369,8415.3528
,,,,,,,,7813,2510.041,250.8825,2267.171,1349.021,22012.527,9711.96,8293.363,1700.219,8472.2478
,,,,,,,,7814,2720.807,272.4073,2559.517,1416.649,21841.443,9927.36,9156.87,1771.938,8777.8658
,,,,,,,,7815,3108.582,305.9053,2961.364,1639.428,21408.733,10888.29,10629.63,2086.468,9479.8189
,,,,,,,,7816,3632.349,355.862,3065.597,2030.536,21971.268,12585.22,12633.01,2673.129,11097.3933
,,,,,,,,7817,4252.854,418.7065,3691.609,2512.101,23275.634,14386.85,13759.18,3245.51,12320.4826
,,,,,,,,7818,4465.466,458.0471,4080.314,2874.695,24322.671,15840.27,14468.55,3440.169,12721.2252
,,,,,,,,7819,4500.547,454.382,4243.047,2915.702,24015.047,17138.96,15219.82,3654.047,12582.9089
,,,,,,,,7820,4419.754,446.5892,4205.817,2880.348,23679.601,17323.22,15188.59,3662.564,12393.9691
,,,,,,,,7821,4334.71,428.835,4124.36,2824.584,22828.547,17115.84,15067.57,3630.018,12064.2567
,,,,,,,,7822,4190.134,404.4031,3983.244,2677.975,21546.995,17442.81,15941.2,3573.198,11594.9217
,,,,,,,,7823,4021.107,375.4718,3743.31,2431.362,20298.7,17060.87,15810.59,3408.594,11231.043
,,,,,,,,7824,3874.405,348.9714,3520.188,2317.957,19283.617,17518.52,16432.9,3485.608,10949.8749
,,,,,,,,7825,3734.081,339.6816,3447.811,2277.539,19073.748,17531.01,16515.03,3678.183,10778.098
,,,,,,,,7826,3660.729,326.4361,3326.241,2213.843,18943.758,16041.99,15182.12,3368.919,10716.7661
,,,,,,,,7827,3642.657,322.2991,3331.866,2307.828,18924.851,14825.95,13928.8,3008.836,10725.2985
,,,,,,,,7828,3636.279,322.1086,3424.17,2338.992,19279.404,13940.48,13216.27,2778.931,10945.8558
,,,,,,,,7829,3726.639,332.2514,3639.252,2457.412,20361.304,13948.42,13218.04,2724.792,11454.4537
,,,,,,,,7830,3911.612,361.4642,4032.667,2747.218,22044.249,14809.88,14149.71,2909.214,12273.6792
,,,,,,,,7831,4051.314,397.8983,4453.916,3069.652,24032.815,17019.6,16036.76,3344.381,12538.1427
,,,,,,,,7832,3552.88,389.0226,4386.99,3056.72,25246.669,19107.75,16474.66,3839.541,11355.9977
,,,,,,,,7833,3045.942,322.9271,3587.565,2752.186,25284.815,18675.51,14399.33,3574.136,10066.3133
,,,,,,,,7834,2726.825,281.774,2811.447,2176.238,24631.762,15754.43,12379.77,2396,9028.0883
,,,,,,,,7835,2580.644,258.8907,2449.707,1722.72,24025.059,12985.39,10990.87,1881.131,8417.4371
,,,,,,,,7836,2398.942,251.6454,2266.651,1440.607,23162.656,10776.69,9504.12,1569.638,8794.0873
,,,,,,,,7837,2483.284,252.2699,2187.783,1340.444,22499.029,9966.649,9076.765,1558.831,8947.9745
,,,,,,,,7838,2688.293,276.0538,2302.999,1369.548,22085.715,10087.77,9681.19,1743.417,8601.85
,,,,,,,,7839,3099.456,312.4641,2689.324,1614.772,21851.182,10879.76,11288.05,2121.989,9260.5361
,,,,,,,,7840,3641.917,400.9851,3204.357,2000.786,22106.69,12659.66,13099.36,2743.594,10467.0031
,,,,,,,,7841,4267.737,428.9877,3873.807,2514.375,23134.751,14576.97,14254.42,3281.972,12004.5911
,,,,,,,,7842,4517.556,461.5123,4175.84,2837.456,24240.695,15887.23,14807.42,3483.206,12504.3331
,,,,,,,,7843,4504.8,455.7788,4251.333,2878.464,23879.595,17169.77,15262.22,3635.158,12356.5848
,,,,,,,,7844,4414.439,441.9802,4165.057,2793.922,23224.435,17196.31,15176.04,3667.791,12132.5405
,,,,,,,,7845,4363.413,423.3729,4064.31,2823.454,22365.663,16958.84,14978.38,3586.82,11813.6606
,,,,,,,,7846,4271.989,400.6378,3980.917,2741.377,21400.672,17312.19,16001.65,3538.02,11439.1097
,,,,,,,,7847,4134.854,373.5845,3830.954,2586.977,20116.909,17554.92,16148.32,3462.399,11201.7127
,,,,,,,,7848,3963.702,350.0057,3700.286,2417.479,19009.518,17968.6,16694.65,3522.858,10961.4064
,,,,,,,,7849,3788.297,341.1786,3614.244,2401.34,17964.827,17369.81,16365.2,3590.258,10721.0992
,,,,,,,,7850,3709.63,330.8453,3592.697,2370.849,17565.756,16383.29,15470.58,3392.161,10604.5749
,,,,,,,,7851,3674.549,322.7618,3654.121,2397.975,17338.697,15213.6,14529.18,3137.467,10526.5646
,,,,,,,,7852,3654.351,321.537,3709.763,2355.764,17408.624,14233.94,13916.83,2890.881,10597.0417
,,,,,,,,7853,3684.117,328.5863,3793.389,2439.869,17748.979,13962.67,13648.16,2814.391,10895.7992
,,,,,,,,7854,3779.792,343.7099,4122.965,2555.326,18483.982,14084.26,14021.02,2821.428,11391.0923
,,,,,,,,7855,3867.405,362.1174,4451.184,2795.295,19781.5,15548.1,14866.76,3121.945,11854.9423
,,,,,,,,7856,3350.277,356.0685,4251.009,2812.237,21254.685,16238.05,13840.93,2773.214,11837.4157
,,,,,,,,7857,2887.546,288.305,3397.572,2482.333,22048.881,14629.1,10925.28,2532.314,10599.3424
,,,,,,,,7858,2595.005,270.7119,2648.871,1948.523,21762.655,11791.17,8874.691,1602.665,11307.0983
,,,,,,,,7859,2388.05,239.6736,2324.135,1514.688,21382.382,9460.947,7844.551,1323.997,9855.0147
,,,,,,,,7860,2302.824,229.5161,2115.588,1481.059,20954.628,8346.355,6610.963,1062.452,7818.7341
,,,,,,,,7861,2387.167,232.1663,2033.123,1163.255,20217.708,7792.822,6521.792,1049.709,7900.2617
,,,,,,,,7862,2567.104,251.8652,2159.87,1248.607,19988.375,7782.054,7318.886,1317.407,8280.3656
,,,,,,,,7863,2972.511,291.5595,2532.251,1427.715,19763.917,8724.049,9014.503,1593.386,9116.8044
,,,,,,,,7864,3498.404,344.7667,3075,1839.57,20252.757,10934.08,11359.08,2242.301,10306.1754
,,,,,,,,7865,4128.476,412.4014,3725.867,2413.669,21493.312,13197.12,13089.98,2927.934,11853.6027
,,,,,,,,7866,4342.151,448.8297,4077.098,2733.623,22626.209,14373.63,13546.16,3113.866,12295.409
,,,,,,,,7867,4425.07,440.3745,4121.478,2783.224,22560.091,15257.38,13943.98,3236.661,12147.8427
,,,,,,,,7868,4311.322,422.1574,3974.176,2739.429,22063.942,15178.51,13701.18,3185.231,11854.5737
,,,,,,,,7869,4281.557,402.7156,3863.938,2661.603,21660.16,15378.43,13716.25,3250.972,11521.4889
,,,,,,,,7870,4202.89,382.2303,3796.55,2664.233,20669.438,15430.52,14282.75,3193.153,11245.6623
,,,,,,,,7871,4066.819,364.095,3713.56,2520.623,19515.874,15760.56,14586.94,3110.812,11049.501
,,,,,,,,7872,3929.684,345.3064,3605.486,2383.34,18496.61,15755.93,14603.18,3064.491,10802.9851
,,,,,,,,7873,3757.468,333.0951,3389.52,2316.846,17885.673,16118.05,15112.82,3310.361,10572.9653
,,,,,,,,7874,3689.432,320.8838,3311.366,2288.043,17609.742,15738.85,14638.81,3251.784,10524.436
,,,,,,,,7875,3640.531,313.8346,3305.975,2289.707,17501.437,14702.83,13641.91,2963.728,10428.6437
,,,,,,,,7876,3634.153,312.6098,3333.234,2263.255,17501.084,13492.5,12851.63,2699.104,10468.8594
,,,,,,,,7877,3638.405,319.6591,3374.966,2326.986,17792.284,13119.91,12531.36,2555.08,10636.9481
,,,,,,,,7878,3704.315,329.8018,3512.62,2448.085,18544.57,13144.93,12516.54,2507.29,11148.3872
,,,,,,,,7879,3804.243,339.9781,3748.372,2668.919,19966.04,14400.77,13000.19,2699.838,11489.9721
,,,,,,,,7880,3361.89,316.3795,3572.502,2644.071,21487.278,15103.24,11883.5,2687.799,10862.1608
,,,,,,,,7881,2829.258,303.1763,2995.965,2361.034,22312.434,13397.84,9858.514,2104.106,10195.1318
,,,,,,,,7882,2539.285,270.9793,2503.107,1886.265,22218.383,9951.488,8176.701,1757.781,9673.2332
,,,,,,,,7883,2366.347,223.144,2106.755,1399.769,22075.287,7821.413,6936.354,1561.218,9065.3237
,,,,,,,,7884,2273.059,205.7896,1810.094,1060.601,22017.518,6120.247,5557.375,1168.347,8362.6489
,,,,,,,,7885,2367.411,213.5775,1731.078,1003.314,21507.493,5840.255,5509.475,907.3051,8421.3208
,,,,,,,,7886,2629.384,258.7721,1906.877,1090.169,20926.657,6742.8,6771.585,1280.711,8244.371
,,,,,,,,7887,3547.746,276.055,2286.496,1328.758,21342.472,7831.774,8955.679,1858.854,9164.1178
,,,,,,,,7888,3541.367,337.9989,2891.242,1780.746,21618.781,10093.77,10883.49,2116.798,10540.2411
,,,,,,,,7889,4249.665,398.3029,3598.264,2333.506,22758.36,12430.08,12649.66,2827.752,12092.7382
,,,,,,,,7890,4499.484,428.8974,3939.853,2695.269,23758.185,13808.59,13186.29,3051.872,12479.1516
,,,,,,,,7891,4506.926,426.4572,4054.101,2739.453,23890.431,14921.26,13752.22,3234.793,12311.0256
,,,,,,,,7892,4411.25,420.7329,4088.669,2687.538,23343.958,15238.58,14014.48,3255.958,11997.035
,,,,,,,,7893,4334.71,409.1841,4039.056,2639.104,22645.935,15408.34,14137.95,3306.798,11648.7911
,,,,,,,,7894,4228.404,388.5175,3904.693,2543.17,21551.234,15290.83,14406.54,3202.347,11113.2302
,,,,,,,,7895,4046.62,360.8017,3670.548,2359.626,20082.087,15202.99,14251.35,3070.561,10830.7515
,,,,,,,,7896,3899.918,335.3356,3477.328,2232.4,19082.478,15116.29,14118.75,2996.998,10533.1417
,,,,,,,,7897,3743.648,363.0436,3261.917,2188.028,18576.254,16032.78,15058.18,3351.793,10333.7413
,,,,,,,,7898,3684.117,341.6328,3141.471,2149.546,18453.955,15244.36,14198.72,3218.919,10338.73
,,,,,,,,7899,3668.171,337.4958,3146.692,2186.989,18614.035,14082.36,13067.82,2845.304,10372.3078
,,,,,,,,7900,3691.558,340.4081,3221.226,2254.923,19093.66,13170.51,12355.96,2613.503,10663.5264
,,,,,,,,7901,3809.558,364.9216,3393.051,2441.217,20187.37,13348.98,12538.08,2561.049,11324.6822
,,,,,,,,7902,4004.098,405.7742,3822.012,2769.316,21949.995,14419.85,13766.06,2748.955,12186.8344
,,,,,,,,7903,4220.962,446.1548,4300.996,3168.312,23989.284,17131.66,15783.93,3213.789,12598.7895
,,,,,,,,7904,3760.98,428.2608,4183.58,3304.42,25175.066,19607.93,15666.35,3183.455,11378.1778
,,,,,,,,7905,3149.06,323.7291,3278.75,2935.763,25542.574,19589.35,14172.06,2706.829,10249.2869
,,,,,,,,7906,2779.356,267.709,2575.236,2551.66,25365.525,17893.56,11894.09,2219.671,9133.976
,,,,,,,,7907,2603.229,229.3064,2252.833,2390.218,24972.452,17459.73,10149.73,1816.979,8344.9742
,,,,,,,,7908,2560.085,221.0177,2279.47,2429.841,24600.88,17119.49,9075.632,1437.602,8003.3503
,,,,,,,,7909,2647.617,228.5101,2562.325,2376.05,24294.333,15897.46,9911.292,1469.381,8024.8801
,,,,,,,,7910,3010.942,254.1628,2458.135,2450.317,23917.07,16814.12,9849.39,1881.248,8440.458
,,,,,,,,7911,3717.033,298.7616,2991.643,2560.416,23759.409,16375.55,12803.17,2669.565,9194.0683
,,,,,,,,7912,4106.935,361.6542,3558.468,2727.12,24171.501,16278.91,14501.69,3126.817,10526.38
,,,,,,,,7913,4481.412,427.2817,3926.81,2879.223,25434.763,15743.42,14462.77,3196.598,12385.2949
,,,,,,,,7914,4729.105,472.4989,4265.413,3260.916,26073.916,17175.63,14847.93,3470.491,12923.2391
,,,,,,,,7915,4745.051,467.6183,4367.919,3246.244,25896.08,18558.37,15733.18,3811.628,12783.6139
,,,,,,,,7916,4595.16,460.6693,4347.489,3053.47,25174.8,18345.26,16068.1,3869.758,12584.4818
,,,,,,,,7917,4503.736,437.0997,4200.59,2957.701,24128.846,17754.17,15762.14,3761.759,12287.2939
,,,,,,,,7918,4347.466,413.3304,4072.01,2781.262,22792.444,17673.97,16342.55,3627.797,11728.4774
,,,,,,,,7919,4145.485,381.2963,3831.106,2578.476,21305.545,17521.91,16104.24,3498.275,11457.8889
,,,,,,,,7920,3963.702,357.5269,3571.876,2446.799,20219.158,17830.36,16390.19,3525.865,11209.7191
,,,,,,,,7921,3785.107,335.5539,3580.477,2387.883,19455.559,17418.3,16863.56,4006.042,11017.3767
,,,,,,,,7922,3729.828,325.2206,3338.778,2344.562,19278.233,15977.34,15089.32,3506.721,11033.6391
,,,,,,,,7923,3703.252,319.2056,3269.875,2343.96,19337.429,14562.92,13783.43,3055.73,11057.9629
,,,,,,,,7924,3722.387,325.6834,3244.791,2364.618,19669.063,13764.84,12902.93,2791.492,11342.3778
,,,,,,,,7925,3799.99,342.6849,3406.967,2544.196,20781.589,13853.63,12882.28,2687.821,11965.7953
,,,,,,,,7926,3999.846,372.9227,3767.183,2834.888,22547.652,14811.24,13824.24,2820.842,12769.4383
,,,,,,,,7927,4193.323,410.3911,4145.174,3138.436,24475.444,17032.84,15576.51,3166.873,13168.377
,,,,,,,,7928,3649.178,408.4503,4356.89,3202.52,25485.204,19677.96,17256.23,3279.153,12200.092
,,,,,,,,7929,3342.375,399.1982,4302.061,2979.309,25396.947,20650.84,17736.55,2890.322,11578.6377
,,,,,,,,7930,3257.852,361.2194,4140.094,2341.995,24790.404,17643.63,17946.1,2400.283,10539.0309
,,,,,,,,7931,3283.366,316.3586,3920.385,2109.952,23974.734,15054.52,16743.66,2221.373,9692.131
,,,,,,,,7932,3247.042,268.1515,3756.91,1942.66,23819.254,14436.45,16224.51,2692.054,9653.1965
,,,,,,,,7933,2993.312,309.2946,3468.455,1812.857,23341.202,16134.86,16079.98,3372.079,9086.9869
,,,,,,,,7934,3169.438,320.648,3275.33,1943.592,23176.116,14868.9,15980.91,3743.219,9282.0434
,,,,,,,,7935,3894.223,336.5677,2948.614,2153.262,23246.729,14825.96,16500.06,3642.187,10463.547
,,,,,,,,7936,4269.683,396.0621,3394.959,2600.643,23762.675,14521.83,14592.25,3602.22,11301.1543
,,,,,,,,7937,4444.205,430.2368,4011.705,2888.068,24964.09,15626.88,14740.39,3442.891,12413.6721
,,,,,,,,7938,4728.042,466.6743,4366.873,3294.947,25841.826,17628.17,15301.93,3666.988,12885.9543
,,,,,,,,7939,4739.736,457.0035,4457.96,3314.082,25659.985,19389.48,16293.44,3952.424,12693.852
,,,,,,,,7940,4632.367,446.2985,4401.032,3093.793,25052.015,18747.1,16301.91,3864.944,12426.7861
,,,,,,,,7941,4530.313,428.5534,4309.12,2966.506,24248.137,17842.57,15820.19,3748.109,11995.2854
,,,,,,,,7942,4372.98,406.6621,4192.924,2790.068,22837.791,17705.62,16507.49,3633.898,11476.174
,,,,,,,,7943,4168.873,373.4033,4003.001,2590.269,21311.76,17467.25,16420.21,3492.844,11189.6474
,,,,,,,,7944,4000.909,348.7902,3767.728,2427.239,20221.895,17834.72,16870.8,3569.012,10901.4738
,,,,,,,,7945,3825.504,337.2321,4378.791,2415.575,19491.688,17552.7,18567.52,3783.439,10656.7087
,,,,,,,,7946,3761.72,325.0208,4007.168,2347.04,19345.136,15960.99,16556.54,3459.754,10565.2234
,,,,,,,,7947,3730.891,323.6149,3920.892,2293.461,19409.081,14541.02,15164.07,3064.617,10572.8595
,,,,,,,,7948,3746.837,324.4586,3935.206,2305.077,19939.961,13555.22,14393.31,2825.671,10791.1454
,,,,,,,,7949,3843.576,337.6949,4056.459,2443.459,21193.098,13605.62,14329.8,2736.399,11322.9739
,,,,,,,,7950,4029.611,370.6637,4461.861,2774.746,22978.351,14638.17,15464.78,2907.238,12087.5187
,,,,,,,,7951,4226.278,406.4353,4860.522,3106.47,24913.855,16957.9,17366.13,3314.555,12557.3926
,,,,,,,,7952,3827.07,379.4237,5077.941,3213.578,26028.285,19788.29,19375.46,3646.57,12349.4983
,,,,,,,,7953,3400.222,329.4095,4833.203,2909.601,25919.69,19841.66,19697.66,4475.145,12030.8474
,,,,,,,,7954,3834.592,299.3665,4459.272,2648.157,25042.685,17446.38,20024.81,4241.003,11379.5129
,,,,,,,,7955,3594.501,297.3455,4163.98,2439.434,24209.97,15433.51,19126.71,4483.49,9738.2774
,,,,,,,,7956,4098.952,395.8701,4121.655,2365.081,23608.906,13990.16,17839.57,4159.257,8556.6959
,,,,,,,,7957,4148.655,394.6594,3963.853,1964.816,23067.889,14609.73,16734.28,3991.825,8870.8229
,,,,,,,,7958,4157.34,376.4472,3859.977,2048.256,22734.701,15170.78,16486.72,3933.485,10499.3067
,,,,,,,,7959,4222.989,416.804,3713.467,2190.167,22799.776,14883.1,16573.15,3653.7,11137.3792
,,,,,,,,7960,4323.277,439.0396,3845.281,2581.007,23349.336,15076.15,15840.57,3559.563,11549.7922
,,,,,,,,7961,4544.133,438.468,4149.961,2917.708,25037.02,15917.06,14929.85,3468.103,12416.8573
,,,,,,,,7962,4808.835,468.5524,4590.955,3363.707,26148.316,18059.01,15851,3768.365,12806.2713
,,,,,,,,7963,4837.538,467.7996,4746.928,3329.876,25990.552,20085.29,17221.09,4079.093,12536.4803
,,,,,,,,7964,4722.727,457.757,4754.072,3150.595,25430.897,19340.07,17035.32,3916.36,12244.7918
,,,,,,,,7965,4613.232,438.9684,4687.093,3063.679,24608.784,18883.17,16743.21,3826.45,11847.3137
,,,,,,,,7966,4436.764,415.0179,4577.247,2879.662,23206.102,18859.7,17518.31,3713.958,11358.1034
,,,,,,,,7967,4249.665,380.2528,4352.586,2691.359,21784.979,18544.95,17364.15,3557.556,11026.4102
,,,,,,,,7968,4073.197,357.5269,4093.199,2508.806,20696.71,18713.26,17751.78,3612.13,10721.883
,,,,,,,,7969,3882.909,341.3784,4081.533,2442.889,20139.896,17573.76,17880.54,3827.556,10455.4435
,,,,,,,,7970,3813.81,326.2549,3801.803,2392.627,20070.871,15937.74,16002.23,3426.414,10402.9026
,,,,,,,,7971,3771.288,321.0836,3683.293,2351.242,20167.639,14403.58,14514.24,3010.527,10397.05
,,,,,,,,7972,3785.107,321.9274,3672.119,2341.209,20729,13498.69,13560.29,2728.406,10647.5626
,,,,,,,,7973,3866.963,337.2321,3763.06,2454.79,21993.742,13390.03,13432.74,2628.299,11153.9667
,,,,,,,,7974,4061.503,365.4107,4127.539,2725.049,23859.88,14185.37,14240.03,2762.269,11926.2054
,,,,,,,,7975,4249.665,399.9668,4492.584,3030.673,25908.151,16414.57,16005.98,3119.191,12622.8094
,,,,,,,,7976,3944.367,385.3336,4407.891,3062.229,27145.941,19043.23,17246.96,3612.017,12880.3012
,,,,,,,,7977,3580.42,323.4801,3628.263,2662.813,27058.898,19526.33,15408.89,3868.15,13215.215
,,,,,,,,7978,3144.446,287.1173,3095.36,2193.554,26126.974,17604.39,14212.38,2874.706,11614.9493
,,,,,,,,7979,2648.941,250.4357,2775.723,1888.531,25044.745,15176.7,11617.34,2353.667,9143.8244
,,,,,,,,7980,3032.906,241.818,2959.805,1683.073,24464.025,15470.82,12288.36,2684.41,9701.7678
,,,,,,,,7981,4027.988,351.5678,2407.655,1583.963,23873.732,12358.75,9812.516,1430.862,8371.9654
,,,,,,,,7982,3242.167,377.3682,3019.717,1699.591,23446.215,14645.09,10337.36,2585.957,8787.1641
,,,,,,,,7983,3562.79,308.3663,2846.46,2200.666,23244.752,15400.25,12742.12,2704.484,9385.7346
,,,,,,,,7984,4092.934,368.7138,3321.875,2374.531,23762.081,14429.18,14022.2,2793.656,10666.1337
,,,,,,,,7985,4547.322,435.8615,4056.455,2792.096,25290.703,15606.92,14592.7,3403.445,12441.613
,,,,,,,,7986,4834.348,477.6609,4514.333,3293.532,26429.484,17750.8,15491.49,3664.257,12977.8336
,,,,,,,,7987,4805.646,469.0243,4630.908,3240.154,26327.764,19734.18,16769.23,4029.611,12817.4291
,,,,,,,,7988,4718.475,461.0503,4619.722,3094.655,25734.094,19085.77,16753.11,3914.435,12591.4979
,,,,,,,,7989,4632.367,440.5742,4572.19,3012.767,24659.868,18509.62,16486.33,3799.365,12221.075
,,,,,,,,7990,4476.097,416.6237,4443.049,2833.979,23365.254,18685.21,17155.94,3694.995,11774.9606
,,,,,,,,7991,4284.746,386.4675,4229.006,2604.54,21964.045,18336.09,17167.93,3561.012,11459.6934
,,,,,,,,7992,4108.278,360.8202,3999.521,2446.374,20958.957,18509.37,17581.79,3615.557,11172.3647
,,,,,,,,7993,3925.431,341.7502,3751.718,2429.87,20382.263,18167.92,17209.37,3746.336,10960.8129
,,,,,,,,7994,3853.143,328.5046,3613.747,2384.034,20319.66,16575.37,15809.99,3448.73,10944.1909
,,,,,,,,7995,3828.693,324.3676,3609.724,2417.086,20477.22,15277.05,14526.94,3079.679,10976.6837
,,,,,,,,7996,3842.513,324.1771,3668.26,2435.643,20914.246,14365.7,13726.96,2845.29,11280.6345
,,,,,,,,7997,3929.684,337.4226,3849.575,2568.771,22059.022,14321.88,13586.19,2774.114,11865.0573
,,,,,,,,7998,4108.278,368.7039,4219.836,2819.707,23763.57,15020.64,14456.65,2945.981,12733.3336
,,,,,,,,7999,4286.872,405.1381,4656.521,3121.129,25567.243,17055.65,16285.99,3348.865,13239.5793
,,,,,,,,8000,3908.484,390.1424,4664.914,3239.933,26731.797,19976.13,17035.4,3520.01,12079.0514
,,,,,,,,8001,3293.375,333.1841,4170.361,3161.285,26869.049,22419.07,16337.16,3170.796,10891.9287
,,,,,,,,8002,2954.5,287.9368,3793.496,2942.926,25925.441,22067.07,14743.76,3152.844,9821.988
,,,,,,,,8003,2765.617,290.5248,3206.74,2795.798,24730.098,20750.02,14101.34,2808.836,8889.7797
,,,,,,,,8004,2676.14,252.6369,3103.306,2612.419,24220.236,19379.96,11799.25,1659.503,8338.6351
,,,,,,,,8005,2720.527,285.887,3289.645,2522.503,23427.929,18533.55,11783.82,2149.451,8247.5996
,,,,,,,,8006,2908.969,287.2167,3246.653,2491.033,23152.335,17835.06,13426.64,2311.488,8563.3816
,,,,,,,,8007,3666.708,347.0727,3471.031,2566.067,23192.271,17162.9,14879.37,2491.657,9235.7058
,,,,,,,,8008,4084.871,383.5739,3842.426,2775.678,23466.935,16354.79,15365.81,2759.11,10430.4199
,,,,,,,,8009,4544.133,424.8935,4043.009,2867.413,24572.932,15802.28,14600.86,3285.034,12284.7691
,,,,,,,,8010,4792.889,467.7179,4455.627,3214.607,25419.961,17398.28,15366.05,3563.017,12777.9045
,,,,,,,,8011,4765.25,461.9843,4599.619,3157.913,25241.698,18959.99,16377.89,3852.171,12611.7125
,,,,,,,,8012,4667.448,447.1515,4523.957,2957.809,24862.236,17920.36,16018.54,3745.808,12460.0288
,,,,,,,,8013,4576.024,429.5784,4464.695,2866.526,23886.535,17573.8,15897.5,3694.167,12225.3345
,,,,,,,,8014,4465.466,407.8776,4382.268,2777.096,22949.763,17726.56,16545.62,3576.74,11869.3255
,,,,,,,,8015,4297.503,379.79,4239.058,2647.909,21669.294,17819.88,16702.08,3468.625,11656.0878
,,,,,,,,8016,4128.476,356.2112,4038.926,2448.996,20648.995,18219.7,17108.66,3550.606,11399.4361
,,,,,,,,8017,4060.44,391.6935,3819.271,2396.323,20910.725,17523.84,16361.49,3631.474,11389.8674
,,,,,,,,8018,3973.269,393.4719,3666.425,2318.558,20535.297,16219.53,15059.41,3360.07,11299.0836
,,,,,,,,8019,3911.612,402.9529,3656.052,2263.492,20336.812,15007.07,14071.22,3101.475,11308.5993
,,,,,,,,8020,3898.855,417.9769,3639.487,2291.279,20385.714,14041.96,13196.41,2841.709,11472.6929
,,,,,,,,8021,3898.855,437.1379,3653.245,2361.727,20555.335,13601.73,12718.04,2708.957,11786.7013
,,,,,,,,8022,3977.521,459.111,3819.685,2490.842,21264.931,13479.06,12766.67,2644.077,12325.6816
,,,,,,,,8023,4080.638,485.221,4174.357,2711.287,22509.564,14465.55,13580.64,2876.564,12918.9166
,,,,,,,,8024,3780.137,456.7141,4239.169,2818.645,23751.16,15619.43,13633.02,2857.026,11740.0898
,,,,,,,,8025,3485.279,379.676,3765.617,2822.34,24512.877,16872.27,12905.72,2511.689,10670.4359
,,,,,,,,8026,3120.587,287.5759,3509.408,2712.513,24696.283,16619.07,12102.14,2103.909,9540.5015
,,,,,,,,8027,3127.622,240.3871,3193.285,2508.631,24186.507,16512.54,11397.08,1819.4,8678.6707
,,,,,,,,8028,3025.162,231.6503,2870.945,2485.062,23605.284,15597.61,9843.01,1558.348,8163.2369
,,,,,,,,8029,3111.754,219.8493,2867.855,2470.865,22798.083,15101.14,9797.524,999.4061,7997.7232
,,,,,,,,8030,3500.896,242.2656,2792.07,2431.054,22541.554,15189.85,10465.76,1238.427,8337.2042
,,,,,,,,8031,3678.255,272.954,2898.434,2435.823,22408.374,15059.78,10807.91,1596.161,9019.265
,,,,,,,,8032,4002.066,331.4179,3476.915,2566.042,22958.175,15015.05,12647.34,2141.55,10271.9575
,,,,,,,,8033,4488.854,403.8324,3934.157,2721.393,24248.498,14783.63,13148.48,2951.121,12145.6821
,,,,,,,,8034,4701.466,445.6175,4366.551,3013.569,25120.13,15713.5,13898.96,3255.646,12524.7649
,,,,,,,,8035,4644.061,436.6902,4443.336,2915.478,24852.19,16196.71,14335.11,3368.525,12417.3736
,,,,,,,,8036,4586.655,426.1757,4377.883,2869.005,24441.18,15763.69,14226.48,3319.479,12318.7996
,,,,,,,,8037,4513.304,412.5584,4264.752,2747.22,23716.707,15629.9,14125.65,3293.418,12156.8664
,,,,,,,,8038,4401.683,397.7163,4144.294,2643.27,22788.267,15492.65,14603.92,3197.847,11853.1349
,,,,,,,,8039,4258.169,383.5275,4050.288,2510.13,21571.948,15314.71,14687.1,3088.581,11590.6899
,,,,,,,,8040,4106.152,373.2852,3864.628,2316.116,20490.597,15282.25,14650.47,3084.296,11368.527
,,,,,,,,8041,3976.458,384.0819,3686.131,2276.536,19659.972,16163.57,16025.78,3518.347,11136.4615
,,,,,,,,8042,3887.161,386.8946,3549.68,2199.183,19296.016,15651.16,15299.71,3403.553,11056.0814
,,,,,,,,8043,3831.882,393.6538,3474.421,2148.981,19056.333,14504.33,14223.66,3134.117,11038.8637
,,,,,,,,8044,3804.243,403.8876,3451.67,2169.166,18965.566,13493.42,13322.61,2885.112,11213.7912
,,,,,,,,8045,3805.306,415.5366,3468.316,2227.007,19122.099,12892.35,12836.37,2763.201,11421.2466
,,,,,,,,8046,3846.765,430.4696,3639.019,2319.765,19835.116,12741.44,12777.44,2677.696,11856.3844
,,,,,,,,8047,3907.359,444.5497,3956.468,2545.827,21140.561,14067.46,13402,2978.672,12582.9185
,,,,,,,,8048,3733.44,419.9149,3896.172,2715.969,22460.833,15040.27,13075.03,2897.687,12050.478
,,,,,,,,8049,3192.046,362.4485,3487.116,2670.663,23326.007,15216.4,11253.26,2033.004,11557.0691
,,,,,,,,8050,3033.744,294.7717,2863.681,2698.035,23302.622,14952.77,9946.05,1478.627,10702.2611
,,,,,,,,8051,2859.903,242.3818,2420.951,2416.826,22843.603,13625.07,8557.782,1311.695,10460.8197
,,,,,,,,8052,2648.198,215.4792,2265.083,2300.2,22093.85,12111.77,7978.674,1168.815,9453.7554
,,,,,,,,8053,2715.984,237.4236,2070.902,2279.045,21534.288,12110.36,8011.631,1667.839,9284.425
,,,,,,,,8054,3047.642,273.2739,2123.739,2246.108,21328.776,13596.82,8041.557,2380.062,8895.5851
,,,,,,,,8055,3639.985,333.6092,2728.303,2311.485,21384.237,13844.55,9875.102,2155.067,9393.8302
,,,,,,,,8056,3786.109,360.92,3211.459,2436.352,22096.62,14024.67,12007.11,2656.082,10845.1104
,,,,,,,,8057,4427.196,396.5726,3773.339,2639.141,23973.148,14157.33,12678.61,2958.559,12279.4947
,,,,,,,,8058,4663.196,438.1965,4191.521,2946.333,25330.68,15165.73,13644.13,3216.881,12697.5317
,,,,,,,,8059,4617.484,436.128,4327.966,2932.736,25157.824,15641.63,14179.87,3339.72,12641.6174
,,,,,,,,8060,4567.52,426.6385,4331.258,2922.844,24675.765,15813.39,14213.32,3382.456,12481.0904
,,,,,,,,8061,4481.412,413.2116,4235.493,2862.216,23869.347,15740.52,14115.12,3368.761,12121.3824
,,,,,,,,8062,4347.466,395.4666,4077.004,2712.868,22745.063,15507.65,14593.57,3240.147,11732.5349
,,,,,,,,8063,4166.746,370.663,3932.023,2499.849,21332.306,15126.61,14450.72,3125.29,11364.5788
,,,,,,,,8064,4006.224,350.8401,3717.981,2315.419,20154.288,15074.48,14462.26,3114.405,11102.9176
,,,,,,,,8065,3876.531,340.9881,3754.541,2216.193,19308.895,16329.29,16312.1,3512.527,10851.8271
,,,,,,,,8066,3797.864,333.3859,3586.973,2142.818,18996.789,15439.24,15083.33,3349.397,10798.2914
,,,,,,,,8067,3762.783,327.1804,3542.031,2090.703,18892.204,14151.59,13937.49,3009.271,10944.8298
,,,,,,,,8068,3772.351,335.9171,3568.484,2148.32,19351.168,13207.81,13269.76,2752.004,11232.6442
,,,,,,,,8069,3852.08,355.8216,3758.078,2293.193,20195.333,13080.94,13283.01,2721.152,11840.7564
,,,,,,,,8070,4024.296,389.1622,4061.933,2537.625,21818.048,13804.81,14111.07,2836.216,12724.9213
,,,,,,,,8071,4185.881,429.5428,4494.204,2912.458,23786.926,16563.11,15982.27,3409.343,13433.4895
,,,,,,,,8072,4053.093,434.4998,4627.024,3072.637,24975.596,18478.47,17523.05,3792.327,12857.7919
,,,,,,,,8073,3715.306,398.7257,4464.096,2792.535,25382.063,18676.42,18037.17,3473.975,11259.2501
,,,,,,,,8074,3390.354,383.869,3764.794,2817.788,24996.993,18050.61,16666.22,3409.895,10501.7733
,,,,,,,,8075,3337.123,338.7554,3416.764,2574.787,24242.957,16909.49,15655.3,3609.313,9670.3097
,,,,,,,,8076,3139.972,344.3735,3440.943,2159.262,23874.169,15337.16,15373.73,3163.427,9672.7417
,,,,,,,,8077,3201.38,381.4486,3486.964,2161.14,23208.235,14349.86,14630.13,3116.769,9943.4631
,,,,,,,,8078,3445.789,376.6198,3449.009,2382.855,22772.613,15149.07,14236.51,3363.054,10656.7836
,,,,,,,,8079,3780.637,394.0169,3661.539,2517.728,22815.65,15702.5,15357.84,3557.745,10755.3052
,,,,,,,,8080,4196.684,395.5597,3833.109,2678.592,23051.522,16017.21,15584.37,3539.267,11484.5709
,,,,,,,,8081,4582.403,422.682,4031.603,2867.372,24547.255,16108.38,14521.63,3471.513,12484.8914
,,,,,,,,8082,4810.961,461.0311,4331.182,3158.398,25643.09,16955.48,15118.41,3647.493,12834.938
,,,,,,,,8083,4771.628,461.1313,4428.864,3132.808,25385.489,17781.4,15713.65,3775.144,12717.142
,,,,,,,,8084,4686.583,454.1823,4435.454,3083.159,24796.616,17907.15,15866.32,3857.245,12518.895
,,,,,,,,8085,4572.835,441.418,4361.715,2953.358,23911.822,17449.13,15817.51,3778.825,12118.3282
,,,,,,,,8086,4399.557,415.7707,4165.601,2754.574,22498.098,17068.22,16439.72,3650.521,11585.5976
,,,,,,,,8087,4205.017,386.8393,3943.033,2501.798,20905.723,16574.21,16215.91,3478.495,11211.7444
,,,,,,,,8088,4044.494,360.1577,3698.673,2304.701,19624.721,16854.33,16598.09,3560.587,10948.1846
,,,,,,,,8089,3910.549,355.0774,3471.685,2391.708,18496.49,17679.25,16414.01,3727.833,10659.6105
,,,,,,,,8090,3827.63,349.3439,3374.235,2337.468,18037.009,16064.5,14906.21,3364.511,10576.8574
,,,,,,,,8091,3787.234,350.6503,3339.901,2325.31,17940.751,14733.96,13775.44,3042.421,10658.8828
,,,,,,,,8092,3795.738,363.1431,3379.299,2405.213,18281.914,13942.72,13160.38,2804.037,10939.2256
,,,,,,,,8093,3880.783,386.6224,3601.134,2550.723,19232.291,13916.74,13306.76,2785.769,11495.3433
,,,,,,,,8094,4044.494,439.3962,3996.328,2825.184,20858.599,15021.67,14480.63,2923.377,12228.7023
,,,,,,,,8095,4194.386,487.4793,4513.745,3217.937,22592.23,17874.76,16470.51,3496.43,12758.2765
,,,,,,,,8096,4290.718,484.2778,4792.349,3474.679,23722.228,20563.44,18892.41,4150.771,12064.5665
,,,,,,,,8097,4282.464,417.383,4553.475,3360.787,24089.727,21919.22,19992.06,4416.789,11890.9601
,,,,,,,,8098,4324.251,393.6241,4287.307,3068.689,23743.302,21335.07,19589,4446.808,10384.6021
,,,,,,,,8099,4122.036,429.2248,4097.043,2716.316,23656.935,20004.02,19329.36,4456.726,9130.5929
,,,,,,,,8100,4372.824,424.9968,3833.532,2640.3,23286.105,18820.77,17556.02,4236.208,8766.6973
,,,,,,,,8101,4265.049,425.3008,3475.552,2606.131,22751.495,17462.72,17067.45,3976.878,9488.1579
,,,,,,,,8102,4402.339,401.896,3615.766,2669.914,22510.309,15907.59,16593.06,3795.566,10101.4641
,,,,,,,,8103,4377.889,381.1836,3632.568,2599.493,22587.104,16340.32,16339.63,3582.209,11374.874
,,,,,,,,8104,4424.007,388.6644,3717.734,2674.69,22805.819,16626.58,14405.25,3639.343,11548.6844
,,,,,,,,8105,4606.854,425.8232,4123.815,2842.473,23999.152,16512.17,15155.9,3586.32,12380.3438
,,,,,,,,8106,4827.97,466.3836,4471.076,3143.029,24957.547,17336,15582.24,3669.227,12685.9411
,,,,,,,,8107,4779.069,461.6843,4550.427,3091.587,24740.555,17813.41,15813.65,3725.983,12494.4837
,,,,,,,,8108,4686.583,448.9108,4452.014,3097.205,24150.069,18049.85,15884.79,3747.98,12349.1157
,,,,,,,,8109,4577.088,434.078,4340.648,3032.35,23310.273,17614.85,15681.86,3687.444,11978.3754
,,,,,,,,8110,4410.187,409.2744,4149.767,2856.963,22036.45,17455.43,16348.72,3588.805,11533.0232
,,,,,,,,8111,4219.899,382.2211,3957.505,2651.722,20598.322,17177.87,16208.9,3418.413,11201.3524
,,,,,,,,8112,4048.747,358.461,3723.757,2488.28,19354.235,17628.06,16526.54,3501.373,10943.4967
,,,,,,,,8113,3922.242,344.1719,3501.038,2433.931,18407.089,17824.01,16449.52,3687.48,10635.0535
,,,,,,,,8114,3832.945,335.5354,3380.995,2380.741,18004.525,16214.82,14939.75,3292.668,10536.6055
,,,,,,,,8115,3794.675,337.8761,3338.942,2356.39,17870.827,14993.85,13745.5,2967.889,10598.3448
,,,,,,,,8116,3814.873,347.4566,3355.747,2416.496,18236.406,14074.61,13121.14,2734.017,10832.4329
,,,,,,,,8117,3893.54,370.0922,3523.713,2570.247,19036.993,14111,13215.61,2719.307,11332.6368
,,,,,,,,8118,4068.945,407.842,3910.784,2815.068,20732.962,15077.19,14217.97,2838.032,12037.8298
,,,,,,,,8119,4219.899,454.8816,4442.673,3217.215,22481.544,18304.38,16282.19,3383.104,12514.1984
,,,,,,,,8120,3905.171,439.423,4464.494,3324.928,23728.814,20584.33,16998.18,3754.453,11237.2463
,,,,,,,,8121,3390.433,396.593,3762.895,3015.593,24224.843,19958.88,16080.67,2925.79,10695.6208
,,,,,,,,8122,3067.606,335.0739,3072.724,2753.289,24237.435,17623.09,13952.55,2343.102,9610.7997
,,,,,,,,8123,2848.382,266.839,2629.014,2299.597,23820.531,15609.84,12541.13,2186.416,8943.1079
,,,,,,,,8124,2694.488,298.1666,2842.584,2017.908,23242.532,14245.21,10561.68,1784.665,8608.3111
,,,,,,,,8125,2709.449,250.4382,2973.961,2030.981,22723.532,13804.54,11008.79,1613.161,8687.4744
,,,,,,,,8126,2929.736,269.9423,3034.766,2053.259,22203.708,15422.44,12555.43,2313.098,9629.1811
,,,,,,,,8127,3304.324,301.4744,3073.93,2130.258,21804.47,15855.29,12979.31,2741.106,9941.0984
,,,,,,,,8128,3937.798,373.4951,3605.498,2459.924,22481.381,16139.04,14625.56,3145.875,10833.2816
,,,,,,,,8129,4517.556,419.9895,4025.339,2791.234,23810.704,16566.4,14934.19,3405.611,12310.538
,,,,,,,,8130,4728.042,461.3936,4390.443,3126.36,24986.577,17171.93,15622.83,3634.115,12674.576
,,,,,,,,8131,4711.033,461.0126,4496.815,3102.233,24583.78,17858.9,16019.79,3738.663,12584.7177
,,,,,,,,8132,4661.069,452.0043,4487.003,3090.793,24210.695,18006.44,16034.09,3768.73,12442.2274
,,,,,,,,8133,4566.457,437.3527,4347.256,3006.002,23203.719,17582.56,15833.22,3714.523,12144.4688
,,,,,,,,8134,4402.746,412.5584,4145.913,2786.455,22093.651,17233.07,16510.53,3597.795,11681.7807
,,,,,,,,8135,4229.467,385.5051,3945.933,2560.392,20515.643,16881.49,16311.92,3454.282,11301.3869
,,,,,,,,8136,4060.44,356.9455,3680.909,2422.412,19428.967,17282.19,16630.75,3525.534,11022.4642
,,,,,,,,8137,3928.621,344.3717,3431.738,2332.119,18602.288,17496.63,16354.34,3664.039,10752.7266
,,,,,,,,8138,3851.017,333.8479,3322.301,2279.567,18206.507,15852.8,14798.54,3290.779,10659.3553
,,,,,,,,8139,3809.558,331.4076,3250.498,2262.321,18109.508,14582.28,13431.6,2902.941,10684.9106
,,,,,,,,8140,3825.504,336.1979,3253.795,2319.524,18510.996,13718.5,12693.03,2632.201,10924.0891
,,,,,,,,8141,3904.17,353.1994,3375.61,2479.33,19319.876,13597.25,12569.79,2558.997,11456.1238
,,,,,,,,8142,4074.26,384.0997,3709.366,2784.646,20969.834,14596.84,13462.67,2688.54,12212.0754
,,,,,,,,8143,4220.962,427.2114,4147.42,3163.596,22922.298,17410.74,15251.7,3175.227,12822.6115
,,,,,,,,8144,3903.045,430.4968,4179.489,3299.254,24096.906,19610.88,16026.25,3283.189,12143.8528
,,,,,,,,8145,3369.5,370.5419,3466.446,2919.403,24338.324,19901.65,14612.43,3172.889,11448.5127
,,,,,,,,8146,3117.977,330.9739,3130.084,2367.114,24244.08,16826.34,14128.57,2750.462,10784.9002
,,,,,,,,8147,3025.006,272.265,2844.616,1881.331,23729.268,13563.19,12935.77,2124.981,10926.6533
,,,,,,,,8148,3033.917,256.2812,2900.09,1652.992,23416.323,13638.19,12369.9,2544.285,10404.8366
,,,,,,,,8149,3180.447,308.4871,3250.365,1609.301,22917.999,13764.45,12799.26,3106.854,10106.9063
,,,,,,,,8150,3389.041,337.3652,3802.801,1655.17,22536.112,14643.73,14852.43,3454.607,9175.3479
,,,,,,,,8151,3794.129,360.7003,3758.017,1771.873,22823.742,15076.96,16179.85,3349.235,9526.7032
,,,,,,,,8152,4148.112,373.4951,3911.479,2152.148,23087.485,15434.84,16173.99,3570.363,10732.5739
,,,,,,,,8153,4563.268,422.0195,4122.695,2667.88,24129.203,16368.03,14839.9,3472.679,12330.8637
,,,,,,,,8154,4807.772,456.4221,4428.625,2965.067,24924.692,17044.04,15454.41,3642.439,12654.5215
,,,,,,,,8155,4784.384,452.9476,4488.284,2991.78,24504.158,17424.91,15842.2,3727.914,12555.7056
,,,,,,,,8156,4725.916,447.0328,4446.634,2966.542,23863.605,17740.2,15963.02,3849.501,12479.3276
,,,,,,,,8157,4603.664,433.225,4348.214,2906.552,22811.758,17339,15854.95,3767.488,12160.9084
,,,,,,,,8158,4448.457,409.4556,4148.247,2713.305,21754.983,17374.7,16589.77,3722.683,11735.4581
,,,,,,,,8159,4275.178,382.4023,3878.959,2450.436,20270.431,16710.13,16334.61,3516.113,11310.5827
,,,,,,,,8160,4090.206,365.9637,3671.665,2314.557,19099.593,17188.41,16893.3,3655.671,11059.4025
,,,,,,,,8161,3929.684,357.1367,3486.976,2270.16,18101.694,17340.7,16711.54,3813.898,10759.1953
,,,,,,,,8162,3836.135,356.8466,3400.133,2289.022,17669.395,15915.1,15127.76,3456.905,10625.4513
,,,,,,,,8163,3789.36,367.5431,3379.305,2284.218,17497.783,14610.44,13896.78,3122.209,10672.283
,,,,,,,,8164,3791.486,384.6356,3462.925,2369.374,17783.745,13900.11,13229.26,2864.097,10927.8077
,,,,,,,,8165,3856.333,409.9929,3638.609,2493.873,18590.256,13853.8,13188.08,2857.434,11455.8493
,,,,,,,,8166,3997.719,446.7085,4046.748,2757.191,20150.442,14783.45,14050.67,3004.039,12182.1238
,,,,,,,,8167,4156.116,490.8451,4485.772,3030.048,21889.771,16708.53,15616.26,3470.837,12839.5875
,,,,,,,,8168,4122.27,507.5646,4652.046,3127.884,23051.858,19211.38,17246.23,3921.5,12717.9626
,,,,,,,,8169,3722.419,497.6362,4605.865,2884.155,23331.054,20474.25,17797.15,4427.044,12201.5109
,,,,,,,,8170,3306.701,411.6579,4016.156,2497.678,23583.171,17912.02,18028.77,4048.238,11328.7653
,,,,,,,,8171,3881.957,394.6556,3527.657,2185.024,23436.083,15972.75,17690.76,3937.743,10915.8781
,,,,,,,,8172,3568.854,410.8432,3807.88,1859.875,23021.273,16748.42,15798.36,4179.854,9799.3457
,,,,,,,,8173,3535.243,407.8925,3800.939,2148.269,22737.593,17636.13,16235.47,3537.226,10322.8042
,,,,,,,,8174,3673.597,412.9575,3765.434,2259.236,22404.351,18319.17,16681.64,3864.669,10290.5871
,,,,,,,,8175,3908.767,415.6865,3718.055,2224.148,22196.498,17985.42,16489.67,3885.816,11241.2881
,,,,,,,,8176,4205.267,408.0364,3877.663,2400.781,22468.351,17283.24,16434.68,3686.668,11342.2128
,,,,,,,,8177,4470.782,422.8633,4074.617,2704.416,23376.545,16506.13,14827.41,3658.117,12237.9381
,,,,,,,,8178,4615.358,452.4663,4354.904,2941.79,24098.415,16857.84,15076.5,3706.896,12517.8228
,,,,,,,,8179,4581.34,445.8983,4375.568,2925.206,23644.963,17239.04,15285.39,3691.862,12342.9641
,,,,,,,,8180,4528.187,430.2125,4228.102,2886.828,22910.4,16865.08,15340.6,3745.069,12189.5068
,,,,,,,,8181,4470.782,413.4924,4105.159,2804.552,22049.71,16331.04,15150.66,3671.104,11890.2759
,,,,,,,,8182,4348.53,402.0346,3983.584,2670.998,21025.229,16593.86,15972.64,3634.443,11571.9676
,,,,,,,,8183,4191.197,387.6553,3822.599,2468.107,19738.701,16567.32,16037.46,3512.023,11311.4933
,,,,,,,,8184,4022.17,380.9877,3632.676,2317.331,18677.516,17114.84,16612.86,3645.736,11043.254
,,,,,,,,8185,3879.72,378.6477,4788.624,2215.98,17653.424,16916,18896.02,3843.471,10691.0251
,,,,,,,,8186,3772.351,372.0611,4222.343,2138.816,17194.341,15579.28,16754.03,3536.146,10558.3324
,,,,,,,,8187,3727.702,369.4304,4084.127,2099.308,16930.059,14254.4,15589.97,3241.63,10534.1352
,,,,,,,,8188,3717.072,376.0986,4026.796,2137.541,16961.838,13229.56,14656.14,2976.432,10623.3034
,,,,,,,,8189,3746.837,387.9381,4026.802,2194.107,17177.253,12687.14,14204.47,2887.57,10852.5307
,,,,,,,,8190,3803.179,401.1744,4054.231,2304.725,18000.45,12608.71,14103.14,2781.388,11219.5714
,,,,,,,,8191,3882.909,423.5285,4221.238,2468.628,19326.922,13674.56,14597.75,2992.148,11752.7435
,,,,,,,,8192,3965.75,442.4008,4294.869,2542.916,20651.312,14562.36,14390.9,3271.403,12038.5778
,,,,,,,,8193,3802.789,415.629,4033.4,2481.887,21566.09,14226.81,14056.85,3380.93,12603.7575
,,,,,,,,8194,3738.521,369.0137,3902.498,2303.81,22020.678,13605.23,12832.45,3223.36,12579.1639
,,,,,,,,8195,3752.67,396.4851,3727.421,2388.182,21989.015,12937.75,11030.71,3477.806,12439.0849
,,,,,,,,8196,3143.724,343.8914,3658.208,1967.337,21399.68,13034.31,12878.39,3367.051,11838.2477
,,,,,,,,8197,3087.382,315.7349,3621.55,2112.598,20815.143,10401.33,11893.32,2619.196,11847.1627
,,,,,,,,8198,3195.97,316.8441,3356.496,1760.86,20607.167,9813.177,13557.78,2638.003,11515.5907
,,,,,,,,8199,3103.077,341.404,2782.449,1862.803,20548.378,10335.04,13539.88,2430.509,11352.5964
,,,,,,,,8200,3810.309,377.5358,3188.245,2106.245,20993.826,12231.19,12954.19,2925.504,11570.412
,,,,,,,,8201,4303.881,416.0237,3901.577,2603.476,22300.266,14392.6,13601.83,3188.405,12212.5843
,,,,,,,,8202,4513.304,446.4705,4311.962,2937.138,23343.132,15484.28,14139.34,3320.321,12407.2396
,,,,,,,,8203,4470.782,435.103,4274.493,2958.374,23134.674,15753.25,14254.86,3283.414,12183.6349
,,,,,,,,8204,4408.061,418.3829,4175.272,2930.811,22644.213,15822.14,14146.13,3320.827,11882.9644
,,,,,,,,8205,4344.277,399.1223,4074.122,2822.683,22037.083,15583.67,14041.45,3361.833,11658.4661
,,,,,,,,8206,4224.151,384.4708,3935.736,2680.525,21163.385,15624.49,14850.92,3342.851,11358.2863
,,,,,,,,8207,4079.575,365.501,3892.706,2567.156,19905.72,15531.84,14865.38,3240.651,11108.7019
,,,,,,,,8208,3932.873,348.7717,3771.529,2373.083,18774.301,15393.78,15130.76,3276.136,10920.7894
,,,,,,,,8209,3810.621,338.2479,3671.582,2275.132,18151.885,16128.07,15894.61,3587.506,10612.1106
,,,,,,,,8210,3726.639,329.7926,3581.851,2189.564,17799.779,15465.28,15262.53,3454.747,10461.0588
,,,,,,,,8211,3681.991,324.4401,3559.094,2053.945,17616.291,14128.81,14252.27,3152.109,10415.159
,,,,,,,,8212,3656.477,338.6203,3580.558,2049.519,17599.276,13023.55,13491.34,2893.189,10570.6509
,,,,,,,,8213,3670.297,355.9034,3661.29,2094.941,17785.093,12353.07,13183.71,2756.827,10670.728
,,,,,,,,8214,3723.45,386.7041,3755.529,2208.71,18525.492,12259.48,13125.65,2674.012,11080.6489
,,,,,,,,8215,3811.684,418.7204,3941.277,2402.194,19953.692,13024.47,13609,2868.659,11541.7219
,,,,,,,,8216,3458.28,430.5886,3804.496,2504.205,21402.453,13792.69,12666.75,2579.09,10611.5074
,,,,,,,,8217,3012.639,346.0997,3254.127,2436.831,22255.605,13352.19,10779.91,2000.473,10134.6012
,,,,,,,,8218,2685.889,274.0428,2611.601,2402.487,22674.41,15209.8,8750.545,1485.855,9180.4817
,,,,,,,,8219,2510.985,234.443,2221.998,2249.47,22922.13,14379.57,7558.338,1139.543,8672.5534
,,,,,,,,8220,2380.15,218.8018,2014.899,2014.152,22677.204,14002.68,6596.539,916.7797,8373.5606
,,,,,,,,8221,2433.382,220.292,1960.218,1640.373,22400.417,11166.89,6304.263,912.5081,8392.0877
,,,,,,,,8222,2645.165,238.7911,2096.55,1704.003,21907.402,10389.74,6976.154,1063.884,9897.1639
,,,,,,,,8223,3090.321,268.6357,2386.372,1754.375,21827.055,10320.58,8546.992,1376.09,11170.8394
,,,,,,,,8224,3828.053,335.4487,2991.177,2108.099,22373.127,11910.19,10470.29,2043.429,11315.8832
,,,,,,,,8225,4294.313,394.7238,3719.727,2632.323,23702.395,14309.29,12713.3,2827.538,12228.9998
,,,,,,,,8226,4513.304,436.128,4128.811,3030.65,24847.297,15844.39,13608.17,3172.284,12563.8659
,,,,,,,,8227,4523.935,431.991,4242.1,3043.505,24586.232,16634.41,14249.83,3313.692,12400.8592
,,,,,,,,8228,4484.602,424.1982,4240.567,3005.437,24131.049,16549.95,14350.78,3371.673,12303.5008
,,,,,,,,8229,4405.935,408.8934,4182.984,2868.082,23351.568,16081.22,14228.09,3345.4,12019.3263
,,,,,,,,8230,4264.548,389.2611,4059.632,2738.117,22194.235,16003.44,14707.42,3235.67,11550.7328
,,,,,,,,8231,4095.521,366.526,3913.124,2541.718,20817.543,15655.26,14537.29,3104.831,11230.4809
,,,,,,,,8232,3946.693,350.4592,3730.92,2405.201,19604.909,15479.72,14489.53,3071.265,10957.5427
,,,,,,,,8233,3816.999,341.2696,3578.057,2376.623,18918.727,16555.4,15514.48,3471.129,10741.9042
,,,,,,,,8234,3763.846,337.6046,3450.851,2355.752,18561.403,15715.27,14649.67,3290.013,10643.5359
,,,,,,,,8235,3744.711,345.5793,3406.464,2294.431,18603.691,14358.72,13500.33,2974.995,10707.1582
,,,,,,,,8236,3780.855,359.9501,3420.381,2328.462,19015.997,13477.31,12872.82,2749.166,11012.8774
,,,,,,,,8237,3874.405,390.0976,3601.854,2482.626,19973.768,13414.72,12897.44,2683.215,11734.5374
,,,,,,,,8238,4045.557,428.8817,3891.237,2733.361,21854.675,14315.71,13734.46,2790.181,12492.6255
,,,,,,,,8239,4226.278,470.4778,4398.193,3091.762,23942.656,16755.81,15674.95,3294.825,13125.5318
,,,,,,,,8240,3918.991,485.1765,4589.704,3229.4,25326.126,18869.93,16492.51,3203.504,11969.173
,,,,,,,,8241,3341.454,390.7938,4262.002,3145.269,25626.428,19110.75,17076.61,2945.584,10670.2887
,,,,,,,,8242,3258.05,305.21,3706.392,3103.266,25755.708,17819.1,15982.48,2976.961,9538.7279
,,,,,,,,8243,3188.873,255.6487,3022.417,2904.185,25500.332,15759.04,13461.74,2296.249,8876.2273
,,,,,,,,8244,2928.595,255.3287,2855.687,2518.691,24962.105,13783.65,12458.86,1767.163,8472.3136
,,,,,,,,8245,2669.381,264.6735,2790.328,2793.562,24632.534,13654.07,11322.24,2277.24,8364.0878
,,,,,,,,8246,3334.825,294.7378,2671.825,2539.602,24350.42,14593.38,11895.6,2570.192,8559.3473
,,,,,,,,8247,3737.787,339.7133,2906.516,2483.245,24147.268,14307.84,13015.68,2879.682,9717.1569
,,,,,,,,8248,4137.888,368.8343,3588.219,2594.052,24327.232,15782.88,14259.63,3187.457,10523.083
,,,,,,,,8249,4456.962,419.4365,4013.688,2847.537,25618.596,16457.09,14532.94,3385.124,12409.4644
,,,,,,,,8250,4660.006,461.8841,4333.667,3171.679,26453.44,17802.93,15548.54,3696.164,12855.9611
,,,,,,,,8251,4660.006,461.9843,4488.681,3198.203,26106.471,18773.7,16279.33,3843.332,12772.5648
,,,,,,,,8252,4602.601,454.001,4517.455,3180.295,25452.155,18570.77,16257.11,3861.108,12649.4588
,,,,,,,,8253,4519.683,441.418,4522.272,3085.199,24576.482,18085.59,16119.97,3725.347,12442.2957
,,,,,,,,8254,4360.223,419.5359,4344.893,2922.807,23273.605,18111.46,16948.92,3670.7,11974.7004
,,,,,,,,8255,4184.818,389.7516,4223.463,2704.262,21732.488,17692.74,16864.91,3546.093,11586.6613
,,,,,,,,8256,4003.035,366.8352,4050.339,2569.846,20412.372,17914.53,17376.76,3650.044,11304.7718
,,,,,,,,8257,3866.963,342.9657,3705.408,2211.141,19393.078,16900.49,16949.16,3668.551,11046.1563
,,,,,,,,8258,3795.738,330.7544,3518.544,2148.248,18992.763,15309.78,15100.45,3314.123,10965.5846
,,,,,,,,8259,3731.955,322.6708,3413.944,2130.837,18937.438,14049.06,13807.83,2948.756,10990.1996
,,,,,,,,8260,3771.288,327.6516,3391.754,2223.571,19197.946,13294.43,13114.74,2690.569,11346.8092
,,,,,,,,8261,3857.396,338.8286,3498.693,2414.292,20030.253,13255.94,12809.92,2613.778,11906.4999
,,,,,,,,8262,4041.305,368.2227,3782.287,2701.832,21752.784,14271.63,13589.54,2717.185,12564.2942
,,,,,,,,8263,4218.836,406.9066,4170.897,3072.239,23875.766,16671.49,15333.74,3160.616,13331.921
,,,,,,,,8264,3984.979,407.9263,4243.169,3279.626,24948.668,19238.76,16003.44,3451.849,12727.8154
,,,,,,,,8265,3373.423,332.4756,3568.577,3117.975,25323.783,20962.91,15703.71,3123.439,12032.3375
,,,,,,,,8266,2987.142,287.135,3307.024,2880.331,25367.45,19877.79,13606.42,2646.614,11170.0849
,,,,,,,,8267,2771.841,254.4849,3017.739,2715.585,25124.803,19006.5,12693.94,2004.588,9036.9463
,,,,,,,,8268,2656.624,237.9614,2755.274,2627.593,24980.911,18722.12,11122.7,1745.043,8494.0919
,,,,,,,,8269,2753.847,241.3297,2682.451,2537.704,24629.05,17742.73,10665.92,1902.871,8411.6012
,,,,,,,,8270,3267.117,258.7945,2851.781,2557.361,24311.101,16560.41,11096.62,2267.856,8685.5348
,,,,,,,,8271,3643.831,298.3716,3015.788,2560.127,24015.313,16995.38,12521.12,2780.871,9248.0053
,,,,,,,,8272,3820.126,347.7563,3514.567,2673.402,24099.835,16772.37,13917.3,3118.671,10549.0394
,,,,,,,,8273,4413.376,421.6862,4041.333,2833.515,25181.886,16483.62,14446.05,3425.808,12374.0848
,,,,,,,,8274,4623.862,462.0654,4443.898,3138.771,26158.742,17410.87,15290.06,3672.179,12804.4383
,,,,,,,,8275,4603.664,459.6158,4521.888,3112.956,25678.218,18098.7,15900.12,3769.084,12747.5231
,,,,,,,,8276,4527.124,450.798,4478.466,3089.322,24884.898,17991.1,16013.74,3814.374,12702.4314
,,,,,,,,8277,4450.583,438.215,4412.042,2982.858,24102.159,17326.1,15754.28,3715.278,12449.0156
,,,,,,,,8278,4290.062,414.2644,4195.667,2810.622,22809.118,17181.8,16549.68,3601.343,11928.5956
,,,,,,,,8279,4101.899,386.3581,3988.933,2619.841,21197.334,16853.9,16397.57,3466.135,11562.5553
,,,,,,,,8280,3925.431,361.5638,3800.531,2447.77,19871.371,17034.46,16816.86,3530.213,11237.7631
,,,,,,,,8281,3804.243,345.2154,3537.308,2374.535,18701.264,17104.92,16482.33,3655.917,10953.9799
,,,,,,,,8282,3736.207,330.9356,3374.967,2295.907,18095.756,15449.99,14859.54,3271.793,10920.6702
,,,,,,,,8283,3695.811,323.7051,3273.255,2248.219,17926.989,14229.89,13499.04,2893.871,10997.7422
,,,,,,,,8284,3723.45,326.8079,3291.989,2311.313,18139.41,13386.94,12680.69,2628.511,11311.5957
,,,,,,,,8285,3813.81,342.7752,3382.527,2485.413,18926.023,13392.82,12574.48,2563.378,11879.2144
,,,,,,,,8286,3984.963,376.769,3691.206,2760.347,20604.067,14474.64,13373.34,2677.568,12655.6752
,,,,,,,,8287,4145.485,419.2181,4082.704,3113.72,22446.836,16916.66,15113.82,3112.877,13296.1331
,,,,,,,,8288,4055.625,412.2606,4111.7,3186.679,23599.524,19254.71,16314.9,3412.683,11941.1773
,,,,,,,,8289,3582.752,391.4268,3739.01,3074.219,24229.057,20577.79,16240.75,3462.422,11165.3931
,,,,,,,,8290,3314.549,332.9469,3248.625,2705.323,24249.146,19092.82,14550.02,2451.405,9898.3125
,,,,,,,,8291,3188.623,268.468,2828.202,2382.14,24016.899,17868.26,12572.59,2165.168,9685.9741
,,,,,,,,8292,3014.531,251.7924,2767.346,2227.094,23749.572,16143.07,11601.67,1767.47,8849.5215
,,,,,,,,8293,3095.074,255.1607,2620.605,2205.453,23614.173,14698.22,11247.77,1658.124,8522.6965
,,,,,,,,8294,2985.172,296.4478,2489.545,2079.892,22916.232,15331.43,11009.66,1988.287,9296.6767
,,,,,,,,8295,3171.442,311.6629,2907.088,2369.072,22778.517,16430.94,12257.56,2292.345,9896.875
,,,,,,,,8296,3747.432,356.797,3492.585,2509.885,23144.442,15307.18,13865.5,2678.004,10870.7356
,,,,,,,,8297,4385.737,420.8332,4116.529,2739.59,24080.946,16291.99,14856.13,3384.507,12335.7307
,,,,,,,,8298,4544.133,464.1246,4462.902,3034.353,25099.377,17186.74,15707.25,3627.999,12789.5809
,,,,,,,,8299,4542.007,463.7436,4528.349,3079.563,24680.392,17881.6,16189.64,3752.04,12729.2624
,,,,,,,,8300,4469.719,454.7353,4488.781,3096.9,23989.415,17947.79,16164.22,3765.966,12654.2288
,,,,,,,,8301,4372.98,438.2057,4364.072,2978.905,23330.502,17264.09,15852.64,3696.491,12358.0947
,,,,,,,,8302,4228.404,416.3237,4102.51,2775.505,21945.527,17012.16,16412.87,3610.356,11878.6839
,,,,,,,,8303,4047.683,387.5736,3905.424,2540.151,20552.428,16637.62,16336.36,3456.242,11514.8637
,,,,,,,,8304,3877.594,364.6572,3659.696,2359.924,19362.084,16899.53,16676.01,3515.887,11226.4932
,,,,,,,,8305,3751.09,351.0399,3448.145,2268.994,18287.804,16938.88,16426.36,3665.861,10976.2476
,,,,,,,,8306,3685.18,337.7944,3366.126,2226.534,17901.977,15486.96,14856.26,3317.732,10888.885
,,,,,,,,8307,3642.657,332.4419,3260.151,2250.733,17817.123,14159.14,13559.27,2940.685,10929.685
,,,,,,,,8308,3650.099,337.2321,3263.449,2338.214,18062.205,13458.61,12786.04,2674.45,11238.7811
,,,,,,,,8309,3742.585,359.0239,3356.881,2530.587,18931.716,13403.92,12532.5,2601.298,11812.7131
,,,,,,,,8310,3887.161,396.5833,3664.595,2813.288,20727.733,14372.89,13398.03,2740.728,12609.5919
,,,,,,,,8311,4049.81,447.3881,4064.215,3129.253,22724.049,16810.71,15155.9,3154.435,13347.0831
,,,,,,,,8312,3795.348,458.3216,3951.551,3201.06,23968.157,19033.08,15502.86,3210.667,12070.9395
,,,,,,,,8313,3352.568,364.2429,3439.623,3159.434,24293.353,19610.65,14685.25,2892.759,10694.7183
,,,,,,,,8314,2988.611,294.3363,2861.092,3009.344,24260.829,19744.09,13115.59,2498.278,9723.1449
,,,,,,,,8315,2863.014,258.0729,2450.038,2785.715,24072.252,18334.96,11722.73,2088.114,9084.7193
,,,,,,,,8316,2674.368,246.3397,2285.163,2676.888,23859.49,18373.52,10044.32,1713.466,8743.5912
,,,,,,,,8317,2697.099,251.5767,2234.668,2611.184,23726.345,17388.21,9792.02,1625.693,8653.0652
,,,,,,,,8318,2931.941,265.1335,2415.148,2609.482,23340.805,16552.63,10348.91,1774.367,8826.9739
,,,,,,,,8319,3710.147,296.6656,2744.749,2565.65,22924.618,17157.49,12031.72,2087.393,9455.8508
,,,,,,,,8320,3963.389,348.1188,3282.339,2650.038,23073.77,16696.08,13680.9,2635.194,10622.487
,,,,,,,,8321,4444.205,417.068,3965.538,2798.847,24279.276,16262.6,14563.66,3270.124,12310.2164
,,,,,,,,8322,4637.682,453.5006,4324.043,3054.253,25354.97,16887.57,15138.99,3554.42,12689.8154
,,,,,,,,8323,4595.16,453.9726,4405.892,2969.607,25097.33,17489.86,15498.42,3692.781,12616.7148
,,,,,,,,8324,4486.728,448.067,4359.974,2979.839,24378.161,17667.2,15777.69,3728.258,12480.0435
,,,,,,,,8325,4388.926,436.3277,4284.708,2922.752,23688.948,17336.07,15756.4,3683.091,12188.9671
,,,,,,,,8326,4234.782,413.4114,4100.575,2739.124,22443.248,17440.99,16388.39,3623.938,11809.2622
,,,,,,,,8327,4059.377,383.6271,3866.43,2497.491,21096.262,16910.44,16120.32,3464.496,11435.5557
,,,,,,,,8328,3885.035,363.4325,3673.606,2355.06,19843.902,17299.06,16584.73,3543.892,11166.5705
,,,,,,,,8329,3753.216,355.6304,3742.409,2294.796,18897.881,17432.29,17902.92,3817.21,10875.5113
,,,,,,,,8330,3683.054,348.8719,3543.563,2260.741,18467.825,15860.13,15764.27,3415.968,10781.8216
,,,,,,,,8331,3634.153,345.3881,3419.264,2238.904,18315.842,14589.61,14295.12,3033.563,10823.5976
,,,,,,,,8332,3630.964,355.8124,3383.158,2308.052,18564.842,13790.61,13517.87,2757.442,11100.559
,,,,,,,,8333,3724.513,375.5356,3453.996,2440.154,19322.094,13592.56,13205.53,2688.772,11608.074
,,,,,,,,8334,3856.333,411.4075,3692.404,2665.427,21001.171,14464.46,13805.46,2778.728,12371.7192
,,,,,,,,8335,4032.801,464.9341,4003.024,2932.619,23164.302,16423.67,15505.2,3186.113,13038.5318
,,,,,,,,8336,3842.858,481.8056,4085.592,3119.643,24527.701,19012.93,16552.11,3713.94,12282.9318
,,,,,,,,8337,3352.568,395.8787,4100.826,2900.348,24869.459,19786.92,17549.11,3786.593,11214.0091
,,,,,,,,8338,3021.238,344.8522,3829.8,2361.344,25030.255,17569.5,16845.52,3427.182,9996.2701
,,,,,,,,8339,2825.073,275.0725,3186.722,1957.64,24663.098,14562.15,15466.37,2109.253,9055.7017
,,,,,,,,8340,3267.774,245.2962,3064.447,1838.993,24437.776,13353.2,13145.54,1911.899,8554.3637
,,,,,,,,8341,3355.758,246.4439,3494.169,1827.017,24165.643,12744.35,13787.39,2049.003,8616.8217
,,,,,,,,8342,3649.474,266.8303,3484.939,1675.138,24083.268,11562.74,13446.59,1739.674,9019.5534
,,,,,,,,8343,4083.265,297.1761,3664.379,1884.209,23928.22,12380.85,13289.95,3115.25,9876.4188
,,,,,,,,8344,4244.678,346.57,3599.054,2371.675,24114.469,13999.29,13402.34,2613.781,11096.5802
,,,,,,,,8345,4385.737,413.784,4038.763,2732.584,24941.779,15659.17,14550.93,3334.604,12196.6198
,,,,,,,,8346,4565.394,449.1823,4301.432,3049.541,25569.155,17132.12,15011.71,3505.951,12486.9763
,,,,,,,,8347,4537.754,442.7956,4346.209,3059.445,25222.59,17988.83,15304.52,3580.649,12330.0244
,,,,,,,,8348,4480.349,432.0905,4242.007,2971.502,24486.696,17787.54,15232.27,3573.899,12219.0068
,,,,,,,,8349,4362.35,419.317,4188.528,2851.406,23830.268,17311.46,15191.35,3511.671,11981.019
,,,,,,,,8350,4246.476,403.2501,4023.538,2795.12,22829.943,17405.05,16118,3503.941,11678.9247
,,,,,,,,8351,4131.666,387.8458,3933.789,2596.784,21488.103,17281.13,16319.1,3426.461,11390.1253
,,,,,,,,8352,3978.584,377.2317,3742.901,2379.15,20368.077,17570.59,16794.1,3525.04,11128.9489
,,,,,,,,8353,3863.774,347.5562,3653.964,2379.835,19357.232,17691.43,16155.95,3574.139,10820.759
,,,,,,,,8354,3789.36,338.0666,3622.366,2326.645,18912.018,16532.31,15165.5,3317.163,10722.9549
,,,,,,,,8355,3724.513,333.3673,3618.746,2288.825,18665.06,15418.33,14349.13,3071.174,10683.6878
,,,,,,,,8356,3709.63,343.6011,3669.563,2295.542,18636.703,14384.75,13714.54,2824.014,10621.0214
,,,,,,,,8357,3738.333,360.0403,3759.937,2363.251,18847.521,13959.31,13452.04,2718.267,10860.1129
,,,,,,,,8358,3803.179,387.4569,3915.367,2510.638,19734.99,13964.21,13583.95,2675.908,11395.6868
,,,,,,,,8359,3893.54,413.3765,4090.099,2791.414,21260.986,15491.67,14173.42,2813.747,12088.926
,,,,,,,,8360,3961.498,401.8034,4043.599,2939.59,22753.557,16502.04,14055.29,2604.929,11128.3572
,,,,,,,,8361,3151.978,348.4967,3477.647,2629.575,23555.871,14805.86,11578.33,2864.227,10229.3692
,,,,,,,,8362,2781.971,272.9946,2717.737,2235.568,23845.887,11728.79,9074.456,1485.365,9245.8755
,,,,,,,,8363,2553.508,233.8576,2225.073,1840.966,23858.173,9761.977,7578.381,1098.447,8566.6663
,,,,,,,,8364,2412.371,219.0215,2029.878,1591.165,23455.666,8438.188,6225.903,820.15,8006.4634
,,,,,,,,8365,2454.971,217.6288,1956.857,1463.603,23191.75,7502.638,6097.44,821.7322,7925.7561
,,,,,,,,8366,2883.118,239.1921,2056.304,1455.201,22620.199,7826.702,6966.084,996.7764,8182.0386
,,,,,,,,8367,3022.535,271.949,2380.665,1589.858,22271.518,8851.765,8192.124,1308.983,8899.7149
,,,,,,,,8368,4022.014,325.4706,3025.274,2005.62,22935.09,11613.62,10527.25,2014.396,10232.9829
,,,,,,,,8369,4383.61,401.6119,3826.479,2559.064,24180.422,14021.36,12740.77,2838.767,12082.5937
,,,,,,,,8370,4588.781,441.2993,4297.642,2999.972,24977.286,15488.77,13723.39,3185.735,12399.708
,,,,,,,,8371,4571.772,434.25,4351.266,2987.177,24803.726,16616.36,14356.44,3359.513,12215.342
,,,,,,,,8372,4505.863,420.8232,4248.187,2978.748,24298.338,16518.68,14207.8,3299.129,12011.2464
,,,,,,,,8373,4426.133,406.3621,4124.443,2910.602,23668.178,16448.52,14092.97,3303.317,11843.5094
,,,,,,,,8374,4321.953,393.5793,3983.168,2806.488,22623.423,16321.11,14632.18,3229.479,11506.3931
,,,,,,,,8375,4185.881,377.5218,3941.261,2662.015,21467.126,16258.19,14526.41,3111.983,11286.6968
,,,,,,,,8376,4047.683,364.3672,3813.33,2496.531,20361.062,16180.44,14664.78,3106.115,11070.5123
,,,,,,,,8377,3925.431,359.4496,3698.912,2486.33,19585.484,16915.37,15457.09,3411.128,10840.5328
,,,,,,,,8378,3849.954,370.6273,3635.628,2426.613,19188.002,16310.89,15024.81,3351.24,10757.8917
,,,,,,,,8379,3805.306,380.2988,3647.041,2357.914,18963.625,15152.96,14244.3,3093.542,10782.9893
,,,,,,,,8380,3799.99,398.0538,3722.785,2364.854,18929.119,14305.75,13706.99,2849.969,10928.6988
,,,,,,,,8381,3822.315,420.9708,3812.597,2414.455,19054.404,13721.81,13440.88,2726.264,11333.4533
,,,,,,,,8382,3886.098,441.3566,3926.535,2500.497,19818.475,13583.48,13472.78,2680.37,11890.9395
,,,,,,,,8383,3974.332,459.1927,4133.502,2690.002,21223.034,14300.4,14072.85,2850.805,12806.2589
,,,,,,,,8384,3746.854,465.3976,4037.395,2795.671,22678.89,15457.71,13375.13,2721.438,12337.9164
,,,,,,,,8385,3151.572,367.9507,3444.826,2516.97,23432.151,14069.77,11210.19,2092.496,10819.2362
,,,,,,,,8386,2728.005,268.0253,2747.956,2250.597,23681.232,11798.5,8898.599,1595.67,9265.8874
,,,,,,,,8387,2493.163,210.9812,2181.555,1972.539,23743.262,9937.477,7322.99,1186.035,8392.7289
,,,,,,,,8388,2382.527,189.6874,1957.013,1806.845,23107.069,8190.319,5803.951,911.5153,7883.0667
,,,,,,,,8389,2390.375,188.6572,1900.806,1659.614,22584.21,7143.367,5629.066,917.1589,7761.6611
,,,,,,,,8390,2583.023,209.6915,2069.566,1638.247,22171.481,7443.896,6443.924,1148.669,8039.3412
,,,,,,,,8391,2984.922,242.1099,2390.795,1648.565,22137.115,8264.395,7679.266,1492.262,8940.9312
,,,,,,,,8392,3587.161,297.1804,3160.732,2008.504,22434.013,11162.45,10410.63,2096.777,10153.0013
,,,,,,,,8393,4403.809,378.6448,3767.327,2569.957,23952.751,13697.83,12476.08,2891.412,12289.7594
,,,,,,,,8394,4677.015,426.2637,4219.892,3059.392,25171.387,15689,13577.6,3214.511,12778.0335
,,,,,,,,8395,4670.637,429.6665,4331.813,3122.71,25074.546,17238.61,14551.04,3476.877,12777.0416
,,,,,,,,8396,4615.358,424.614,4333.736,3099.161,24735.928,17019.78,14581.93,3443.419,12680.6647
,,,,,,,,8397,4539.88,412.2307,4196.486,3097.424,24114.389,17100.79,14630.81,3502.308,12438.6497
,,,,,,,,8398,4408.061,398.2416,4041.863,2931.905,22877.376,16859.51,15051.06,3375.54,11892.4201
,,,,,,,,8399,4252.854,377.2033,3963.855,2746.012,21475.102,16570.06,14866.73,3228.56,11504.9574
,,,,,,,,8400,4100.836,360.1022,3727.219,2595.035,20270.448,16378.69,14815.16,3186.974,11226.2637
,,,,,,,,8401,3972.206,356.2026,3594.212,2578.78,19449.551,17401.72,15839.79,3541.024,11034.5908
,,,,,,,,8402,3903.107,348.7816,3500.213,2509.383,19162.601,16411.77,14797.24,3410.177,10986.5665
,,,,,,,,8403,3894.603,350.0974,3505.44,2440.046,19185.495,15052.02,13690.75,3057.496,11079.4698
,,,,,,,,8404,3919.053,365.4931,3526.507,2496.612,19601.678,14333.93,13075.7,2798.487,11425.0643
,,,,,,,,8405,4014.729,390.0066,3769.568,2619.01,20649.649,14329.65,13080.41,2771.222,12122.0061
,,,,,,,,8406,4206.08,421.288,4044.479,2830.237,22518.802,14891.32,14004.21,2833.327,13082.3901
,,,,,,,,8407,4381.484,476.0301,4498.531,3216.402,24628.505,17342.22,15784.26,3275.045,13907.7939
,,,,,,,,8408,4123.505,506.4061,4721.862,3415.798,25967.86,19879.62,16596.37,3509.561,12276.6766
,,,,,,,,8409,3436.066,385.0463,4172,3280.458,26388.019,20471.33,15660.97,3091.269,10941.5091
,,,,,,,,8410,2996.225,287.4617,3429.843,3056.018,26095.598,19432.33,14344.85,2476.179,9674.5189
,,,,,,,,8411,2727.365,238.4016,2914.776,2455.838,25665.02,16810.07,12913.28,2180.08,8684.6315
,,,,,,,,8412,2559.651,217.5891,2611.88,2252.157,25220.547,14594.31,11091.32,1532.888,8127.8775
,,,,,,,,8413,2617.87,225.2371,2538.137,2215.098,24943.915,13796.46,10168.09,1462.03,7996.6439
,,,,,,,,8414,3180.447,240.8239,2766.089,2314.958,24512.131,14292.98,11434.55,1552.056,8202.5569
,,,,,,,,8415,3523.471,274.5765,2953.464,2335.832,24312.113,14431.43,12237.06,2382.423,8798.1597
,,,,,,,,8416,4172.891,325.338,3498.809,2570.783,24595.057,15258.24,13801.34,2903.13,10186.033
,,,,,,,,8417,4621.736,411.5634,4026.701,2929.318,25978.001,16220.73,14340.53,3436.443,12506.5633
,,,,,,,,8418,4873.682,466.2024,4414.147,3393.679,26757.922,17934.69,15268.86,3710.586,13092.4483
,,,,,,,,8419,4847.105,468.3711,4570.127,3435.549,26504.071,19680.01,16191.88,4031.648,13036.7917
,,,,,,,,8420,4774.817,460.3878,4584.024,3399.368,25871.081,19736.44,16423.26,4074.482,12936.7195
,,,,,,,,8421,4688.709,447.8047,4492.926,3371.697,24984.682,19043.14,16391.21,3895.626,12753.168
,,,,,,,,8422,4515.43,425.0789,4379.782,3152.374,23674.622,18698.84,17070.27,3724.3,12161.1867
,,,,,,,,8423,4320.89,396.3289,4192.906,2909.442,22215.759,18289.58,16868.1,3537.664,11703.5407
,,,,,,,,8424,4159.305,372.3782,3940.43,2760.896,20968.423,18368.12,17092.17,3566.768,11404.9737
,,,,,,,,8425,4020.044,354.8052,3956.743,2661.136,20052.362,18393.08,17453.69,3864.709,11169.0002
,,,,,,,,8426,3944.567,350.1059,3880.922,2578.307,19754.535,16637.76,16064.36,3562.445,11181.4625
,,,,,,,,8427,3926.495,357.0556,3846.026,2491.335,19713.157,15227.23,15036.11,3203.458,11345.3872
,,,,,,,,8428,3956.26,372.2701,3949.906,2513.232,20107.678,14363.38,14489.69,2966.896,11609.434
,,,,,,,,8429,4026.422,394.9057,4124.626,2629.102,20984.839,14134.4,14328.04,2876.705,12440.6788
,,,,,,,,8430,4219.899,432.0023,4412.483,2879.425,22737.093,14981.35,15261.67,2978.319,13298.0235
,,,,,,,,8431,4399.557,472.3829,4876.182,3269.379,24803.346,17537.21,16963.89,3365.101,14082.4777
,,,,,,,,8432,4172.813,468.6031,5133.354,3438.798,26131.4,20055.18,18771.61,3750.988,12524.1855
,,,,,,,,8433,3740.742,389.1154,4821.923,3235.377,26379.727,20510.27,19174.67,3668.506,11143.2932
,,,,,,,,8434,3330.01,328.5059,4127.676,2947.82,26034.335,19186.05,18093.59,3636.163,9659.9025
,,,,,,,,8435,3225.017,288.1148,3362.692,2781.88,25574.248,18603.73,15717.94,2402.316,8680.1263
,,,,,,,,8436,3366.232,290.9726,3111.025,2403.035,24990.877,15088.8,12085.56,3500.541,8150.7099
,,,,,,,,8437,3474.82,299.6164,3238.382,2196.541,24633.07,14912.92,12343.58,2962.823,8065.9949
,,,,,,,,8438,3931.342,332.5837,3315.142,2085.326,24316.087,15522.54,12580.97,1727.903,8385.1723
,,,,,,,,8439,3788.814,392.5764,3579.019,2296.455,24271.728,15069.08,13885.37,2003.511,9292.7881
,,,,,,,,8440,4110.17,390.9029,3266.586,2496.482,24546.544,15871.52,13758.75,2596.178,10480.2694
,,,,,,,,8441,4498.421,413.632,3977.027,2831.941,25631.86,16289.07,14236.67,3314.881,12409.0389
,,,,,,,,8442,4740.799,464.3151,4479.198,3199.795,26587.153,17802.02,15338.47,3680.074,12872.2813
,,,,,,,,8443,4731.231,465.6401,4642.082,3206.996,26230.278,19430.31,16586.58,4158.301,12937.7398
,,,,,,,,8444,4720.601,459.9158,4679.696,3143.277,25660.069,19103.85,16478.08,4083.427,12931.9372
,,,,,,,,8445,4608.979,445.4548,4610.788,3108.889,24814.66,18539.38,16278.86,3891.04,12691.4907
,,,,,,,,8446,4482.475,425.4507,4454.632,2985.179,23632.943,18425.32,16988.17,3772.673,12205.2884
,,,,,,,,8447,4286.872,399.4223,4346.154,2762.267,22056.986,18155.16,16983.39,3663.311,11870.6067
,,,,,,,,8448,4109.341,379.4183,4163.383,2584.779,20874.163,18349.65,17430.21,3712.297,11604.897
,,,,,,,,8449,3987.089,372.0882,3964.619,2515.995,19914.877,18447.06,17443.2,3881.44,11392.3655
,,,,,,,,8450,3915.864,369.2669,3906.568,2445.523,19583.568,16741.29,16067.3,3558.602,11365.4541
,,,,,,,,8451,3889.287,376.2074,3935.189,2379.975,19417.061,15404.22,15058.18,3235.638,11441.3565
,,,,,,,,8452,3921.179,408.5144,3984.077,2405.85,19601.665,14403.13,14608.16,3012.579,11789.482
,,,,,,,,8453,3988.152,443.2617,4218.456,2522.382,20343.739,14256.92,14650.68,2967.328,12556.0564
,,,,,,,,8454,4170.999,487.0358,4526.97,2794.105,21840.15,15016.48,15573.82,3083.494,13515.3976
,,,,,,,,8455,4346.403,531.1724,5036.827,3194.376,23713.662,17775.84,17507.53,3571.254,14493.7233
,,,,,,,,8456,4078.528,541.8769,4990.714,3398.329,24832.696,20235.51,18684.97,3850.76,13174.3934
,,,,,,,,8457,3444.648,426.9564,4231.873,3217.65,25091.723,20688.23,16923.62,3349.921,11520.6439
,,,,,,,,8458,3014.047,311.5875,3256.199,3036.732,25074.598,18978.55,13906.85,2617.43,10066.3513
,,,,,,,,8459,2743.795,250.0347,2715.365,2594.209,24875.671,16389.69,12053.22,2148.263,9057.2483
,,,,,,,,8460,2578.208,230.4084,2437.836,2358.509,24192.803,14249.25,9904.258,1776.759,8520.0535
,,,,,,,,8461,2606.989,229.8594,2356.542,2043.747,24013.852,12427.04,9465.751,1574.842,8364.6786
,,,,,,,,8462,2804.952,247.6667,2431.695,1994.65,23874.132,12228.38,9992.153,1779.84,8529.882
,,,,,,,,8463,3162.531,281.2673,2689.593,1901.011,23733.121,12977.12,10958.59,2038.478,9100.0784
,,,,,,,,8464,3705.566,331.6862,3238.366,2424.061,23896.738,14732.83,12549.15,2589.826,10365.4846
,,,,,,,,8465,4408.061,413.632,4003.479,2829.875,24748.31,16262.63,14039.45,3311.906,12425.0521
,,,,,,,,8466,4638.745,465.3494,4493.102,3219.154,25453.474,17955.45,15403.95,3812.203,12974.9293
,,,,,,,,8467,4666.385,470.6209,4643.848,3220.878,24577.17,19178,16475.42,4083.157,12960.4937
,,,,,,,,8468,4644.061,459.5441,4674.715,3234.263,24003.364,18879.55,16461.89,4000.555,12938.8632
,,,,,,,,8469,4570.709,447.9953,4616.973,3116.018,23123.329,18397.86,16527.42,3938.145,12771.2028
,,,,,,,,8470,4415.502,429.8599,4408.322,2889.53,21860.933,18032.07,17188.43,3817.037,12293.8711
,,,,,,,,8471,4191.197,405.7189,4226.673,2644.746,20467.403,17475.21,17069.23,3688.317,11935.4374
,,,,,,,,8472,4037.053,386.5493,3963.989,2472.863,19300.344,17515.35,17344.55,3728.97,11657.2308
,,,,,,,,8473,3907.359,381.2784,3754.215,2370.236,18212.649,17457.97,17164.17,3874.163,11366.805
,,,,,,,,8474,3844.639,378.4572,3692.456,2302.752,17783.903,15701.79,15771.13,3544.123,11361.6916
,,,,,,,,8475,3816.999,376.8606,3631.107,2217.656,17662.086,14244.54,14629,3186.01,11406.188
,,,,,,,,8476,3827.63,402.6807,3679.592,2281.328,17842.459,13221.2,14078.2,2929.742,11723.3882
,,,,,,,,8477,3908.423,422.4039,3868.222,2402.699,18554.156,12969.54,13957.65,2875.523,12425.0389
,,,,,,,,8478,4079.575,454.7103,4178.672,2669.582,19913.573,13843.3,14875.75,2957.511,13486.7455
,,,,,,,,8479,4256.043,495.0909,4605.715,3060.586,21401.582,16443.53,16560.48,3360.589,14331.5139
,,,,,,,,8480,3999.127,509.0501,4555.781,3230.099,22387.238,18857.31,17375.69,3534.285,12817.8759
,,,,,,,,8481,3571.637,409.3534,3893.334,2953.716,22882.844,19205.21,16043.27,3151.562,11372.3145
,,,,,,,,8482,3055.178,324.0325,3106.723,2551.555,22983.927,17043.33,13826.01,2614.494,9990.7485
,,,,,,,,8483,2844.129,259.9192,2637.686,2167.336,22793.153,14907.89,11819.9,2236.089,9026.6385
,,,,,,,,8484,2792.039,229.7166,2375.069,1983.148,22359.022,12916.56,10187.68,1833.261,8473.7247
,,,,,,,,8485,2693.503,231.2361,2751.267,1878.307,22253.646,12511.15,11042.66,1632.841,8313.7526
,,,,,,,,8486,3501.881,249.5539,2884.973,1863.523,21827.124,12977.74,11661.48,2141.545,8514.7444
,,,,,,,,8487,4089.315,282.1203,3006.646,2011.723,21701.441,13702.13,12735.3,2869.273,9025.3472
,,,,,,,,8488,4140.42,374.2619,3462.384,2324.376,22107.255,14892.06,14310.95,2976.869,10264.9667
,,,,,,,,8489,4327.269,415.8524,4100.681,2726.593,23114.836,16021.55,14367.15,3460.833,12321.3001
,,,,,,,,8490,4538.817,457.6376,4332.146,3124.015,23502.49,17384.63,15193.1,3662.978,12815.5524
,,,,,,,,8491,4521.809,458.1096,4425.573,3096.96,22912.008,18520.86,16197.55,3955.505,12840.0411
,,,,,,,,8492,4502.673,451.1606,4495.832,3100.453,22579.481,18467.51,16298.47,3907.533,12874.7829
,,,,,,,,8493,4420.818,449.8547,4448.949,3054.757,21733.979,18301.18,16432.17,3830.981,12676.7365
,,,,,,,,8494,4320.89,437.7344,4319.656,2886.475,20490.145,18371.23,17333.04,3727.858,12213.8771
,,,,,,,,8495,4144.422,421.9491,4215.593,2667.092,19161.702,17727.83,17334.94,3598.956,11844.6764
,,,,,,,,8496,3993.467,416.7785,4077.043,2482.827,18040.499,18045.27,17982.08,3684.732,11621.2045
,,,,,,,,8497,3865.9,411.3265,3908.591,2419.211,17028.66,17969.14,17892.92,3804.32,11241.302
,,,,,,,,8498,3818.063,400.9932,3863.082,2397.161,16674.046,16525.48,16507.96,3481.402,11125.1786
,,,,,,,,8499,3806.369,406.9086,3918.717,2345.908,16571.998,15162.09,15454.91,3143.988,11137.1006
,,,,,,,,8500,3814.873,413.7674,3974.92,2397.221,16851.429,14267.38,14825.52,2898.458,11450.3331
,,,,,,,,8501,3893.54,442.6902,4066.826,2550.499,17635.974,14041.6,14772.86,2836.118,12018.3014
,,,,,,,,8502,4079.575,477.9088,4349.456,2790.48,19125.813,14811.82,15458.04,2910.88,12926.0917
,,,,,,,,8503,4244.35,493.8754,4693.282,3104.946,20626.537,16741.02,17031.85,3288.672,13684.5374
,,,,,,,,8504,4114.751,518.3657,4881.006,3307.181,21468.028,19470.14,18615.61,3832.955,12854.6175
,,,,,,,,8505,3789.064,426.6143,4512.57,3296.358,21958.127,21468.53,18092.17,3687.084,11484.1795
,,,,,,,,8506,3539.339,316.0875,3663.312,3008.643,22170.562,20552.32,15831.92,3195.633,9680.0193
,,,,,,,,8507,3316.268,286.2275,2903.965,2673.59,22193.247,18234.02,13685.12,2841.37,8710.4127
,,,,,,,,8508,3104.969,282.8048,2672.442,2479.566,21949.611,16292.59,11798.17,2322.233,8159.0342
,,,,,,,,8509,3225.58,298.4301,2596.48,2263.761,21974.194,15030.63,11738.86,2251.719,8106.6685
,,,,,,,,8510,3415.367,307.5844,2784.785,2179.417,21639.541,15235.47,12218.98,2331.868,8535.4427
,,,,,,,,8511,3720.121,284.994,3100.484,2365.135,21646.572,15106.37,13313.27,2765.89,9535.4532
,,,,,,,,8512,4017.027,373.3704,3517.947,2534.789,21964.614,15587.24,14330.58,3229.187,10647.8419
,,,,,,,,8513,4264.548,411.7155,3980.947,2752.981,22717.301,15811.3,14108.82,3353.178,12032.87
,,,,,,,,8514,4415.502,454.5441,4226.172,3054.758,23269.852,16727.51,14873.22,3543.557,12462.9839
,,,,,,,,8515,4418.691,451.0696,4297.561,3035.246,22783.142,17509.63,15455.45,3780.514,12374.271
,,,,,,,,8516,4383.61,436.418,4255.104,2988.937,22250.741,17238.08,15344.16,3744.149,12271.124
,,,,,,,,8517,4336.836,424.688,4197.772,2938.377,21448.685,17127.46,15252.81,3635.24,12061.4227
,,,,,,,,8518,4236.908,409.8459,4086.804,2856.939,20462.575,17311.13,16146.18,3564.474,11602.2603
,,,,,,,,8519,4084.891,387.9546,4021.742,2682.577,19211.92,17235.92,16326.13,3493.883,11347.2111
,,,,,,,,8520,3938.188,367.9505,3864.458,2518.144,18111.815,17691.94,16799.75,3574.71,11066.0725
,,,,,,,,8521,3814.873,379.2192,3606.609,2305.077,17338.291,16615.87,16014.99,3590.972,10753.6373
,,,,,,,,8522,3750.027,378.0854,3510.118,2161.728,16883.186,15352.23,14814.24,3315.085,10623.7949
,,,,,,,,8523,3740.459,381.2699,3496.447,2079.147,16756.206,14112.83,13922.25,3069.095,10625.8066
,,,,,,,,8524,3747.9,392.5379,3540.511,2078.51,16907.412,13088.92,13124.8,2814.761,10717.3112
,,,,,,,,8525,3781.918,427.7571,3600.421,2128.772,17203.225,12479.95,12891.36,2696.46,10991.6243
,,,,,,,,8526,3881.846,451.4269,3755.845,2272.182,18108.001,12570.81,12996.37,2652.359,11520.6606
,,,,,,,,8527,3979.647,479.5963,4056.086,2480.02,19397.298,13655.22,13880.86,2855.048,12230.1641
,,,,,,,,8528,4005.412,492.8027,4312.789,2535.968,20763.469,14822.37,14522.44,3087.257,11502.8129
,,,,,,,,8529,3878.345,470.7468,3819.244,2610.989,21792.19,16039.93,13673.63,2890.441,11257.8151
,,,,,,,,8530,3772.289,395.297,3095.093,2555.721,21951.951,16672.92,11941.12,2905.412,10351.2499
,,,,,,,,8531,3426.811,337.0081,2476.861,2271.911,22050.729,16646.47,10229.16,3136.947,9907.71
,,,,,,,,8532,3380.036,336.4592,2586.619,2095.858,21609.325,15973.19,9908.962,2407.988,9370.852
,,,,,,,,8533,3345.612,314.4696,2205.57,2167.561,21529.171,16294.68,10434.32,2522.402,9056.9577
,,,,,,,,8534,3431.469,339.0972,2460.696,2352.576,21096.855,14679.55,10727.18,2307.642,9479.2863
,,,,,,,,8535,3975.239,361.8175,2927.689,2288.846,21246.417,14892.86,11403.04,2231.865,10189.2219
,,,,,,,,8536,4119.237,383.5103,3375.978,2548.4,21603.022,15009.04,13152.7,2884.908,10880.5502
,,,,,,,,8537,4308.133,406.7154,3846.742,2720.731,22606.997,14691.38,13412.64,2981.657,11861.9947
,,,,,,,,8538,4516.493,444.2208,4223.757,3014.595,23387.903,15357.64,14063.99,3187.026,12230.5127
,,,,,,,,8539,4499.484,437.1715,4247.473,2931.437,23068.829,15705.37,14358.61,3317.84,12052.9315
,,,,,,,,8540,4418.691,422.7104,4137.64,2911.228,22583.002,15626.64,14071.59,3273.518,11827.2848
,,,,,,,,8541,4331.521,408.2494,4014.861,2851.65,21956.703,15599.52,13869.16,3232.868,11605.5588
,,,,,,,,8542,4240.098,391.5294,3869.324,2717.259,21084.694,15459.93,14388.53,3176.966,11250.2501
,,,,,,,,8543,4082.764,378.3748,3788.825,2518.345,19904.769,15249.04,14420.78,3088.851,11036.2641
,,,,,,,,8544,3967.954,361.2737,3649.878,2331.686,18844.709,15206.76,14433.5,3050.386,10792.8363
,,,,,,,,8545,3849.954,353.2811,3547.599,2270.068,18158.576,16122.96,15134.9,3360.807,10415.5264
,,,,,,,,8546,3781.918,349.4256,3434.304,2169.378,17671.231,15523.09,14520.63,3231.636,10275.6353
,,,,,,,,8547,3750.027,350.7413,3404.793,2116.213,17442.559,14355.37,13539.23,2950.52,10210.0842
,,,,,,,,8548,3733.018,362.0093,3399.81,2147.317,17335.352,13343.04,12703.1,2678.148,10275.7068
,,,,,,,,8549,3738.333,371.5898,3400.617,2223.43,17486.613,12771.55,12320.26,2546.322,10377.7888
,,,,,,,,8550,3806.369,383.8011,3471.298,2339.938,18379.498,12803.74,12343.88,2516.466,10853.1231
,,,,,,,,8551,3895.666,393.2814,3668.062,2568.29,19781.759,13621.49,12626.55,2656.36,11436.4331
,,,,,,,,8552,3986.354,410.6932,3848.632,2712.418,21318.086,14830.61,13551.91,2987.141,11612.0616
,,,,,,,,8553,4013.51,425.3016,3914.565,2605.063,22403.789,14282.41,14449.79,3255.731,12153.9927
,,,,,,,,8554,3614.393,391.9458,3743.619,2512.648,22657.235,13353.62,14824.85,3484.257,12007.6128
,,,,,,,,8555,3641.298,403.5721,3667.158,2187.998,22229.415,12302.8,14654.73,3414.427,12096.4507
,,,,,,,,8556,3867.964,408.3464,3520.378,1950.981,21885.24,10908.02,14292.75,3372.782,11463.2565
,,,,,,,,8557,4037.882,392.7051,3419.763,1880.507,21524.266,10969.24,13465.68,3459.225,11198.1983
,,,,,,,,8558,4135.433,376.3203,3458,1838.917,21354.419,9524.475,13643.24,3359.487,11116.5163
,,,,,,,,8559,4130.853,388.8044,3531.766,1848.247,21333.039,9977.196,13959.31,2977.521,11194.1208
,,,,,,,,8560,4163.479,385.4726,3643.344,2036.2,21878.522,11797.56,13746.75,3062.594,11549.0638
,,,,,,,,8561,4436.764,401.5534,3857.197,2530.802,23423.201,13620.66,13260.91,3020.383,12196.4024
,,,,,,,,8562,4661.069,442.1523,4260.016,3006.215,24405.92,15344.69,13901.29,3198.712,12485.2315
,,,,,,,,8563,4625.988,441.7805,4380.052,3064.281,24345.544,15930.18,14571.7,3322.448,12397.6072
,,,,,,,,8564,4549.448,431.2567,4389.133,3079.188,23856.919,15947.57,14413.81,3298.906,12174.951
,,,,,,,,8565,4432.511,415.7614,4253.812,2985.356,23111.607,15827.48,14325.97,3279.677,11864.0931
,,,,,,,,8566,4319.827,396.9728,4115.022,2802.001,21902.491,15622.78,14718.55,3185.928,11396.8252
,,,,,,,,8567,4150.8,375.0815,3971.409,2603.914,20553.396,15259.21,14592.85,3087.737,10988.6463
,,,,,,,,8568,4006.224,354.4149,3801.191,2462.144,19412.985,15162.41,14584.67,3077.377,10734.7709
,,,,,,,,8569,3872.279,340.9696,3848.377,2433.057,18672.327,16265.43,16556.57,3474.172,10442.7935
,,,,,,,,8570,3797.864,332.5143,3719.651,2389.098,18363.76,15272.64,15268.65,3299.414,10336.2958
,,,,,,,,8571,3772.351,333.83,3761.376,2337.845,18462.825,13993.31,14311.8,2956.517,10378.4835
,,,,,,,,8572,3781.918,350.2601,3794.986,2388.296,18893.805,13098.53,13804.52,2701.02,10631.8709
,,,,,,,,8573,3877.594,368.2959,3965.846,2491.147,20047.392,13033.17,13874.81,2662.966,11147.4944
,,,,,,,,8574,4038.116,401.4552,4264.876,2727.976,22091.382,13900.38,14750.97,2800.449,11888.9918
,,,,,,,,8575,4189.07,443.9043,4685.16,3099.846,24320.716,16389.68,16456.27,3259.154,12422.2957
,,,,,,,,8576,4297.096,450.0568,4770.574,3292.637,25700.918,18928.05,17806.45,3527.419,12499.7337
,,,,,,,,8577,3930.607,388.8864,4195.919,3099.791,26198.916,19403.26,17085.19,2980.641,12814.8766
,,,,,,,,8578,3951.462,306.2668,3539.844,2573.05,26041.353,18010.01,15861.16,2624.252,12960.2813
,,,,,,,,8579,4171.343,265.9527,2971.449,2131.861,25535.041,15495.91,13394.52,2741.728,12926.0023
,,,,,,,,8580,4373.559,248.2429,2624.283,2286.104,25008.582,15044.87,10502.29,2090.067,12376.4234
,,,,,,,,8581,4079.92,250.5769,2653.117,2198.003,24682.112,15140.89,9919.127,3179.708,11866.2912
,,,,,,,,8582,3285.846,263.2515,2859.401,2228.665,24463.236,14158.64,13034.43,2524.51,10478.5796
,,,,,,,,8583,3223.125,288.6166,3188.448,2230.537,24401.324,14059,13921.71,2925.284,10204.251
,,,,,,,,8584,3752.67,355.5138,3942.781,2514.921,24691.83,15333.17,14963.69,3077.546,11642.2576
,,,,,,,,8585,4549.448,420.4707,4539.685,2826.295,25870.662,16115.09,15443.28,3413.695,12597.9608
,,,,,,,,8586,4784.384,467.2366,5118.877,3228.349,26752.963,17420.21,16641.25,3706.804,12940.809
,,,,,,,,8587,4751.43,466.4746,5256.929,3227.559,26432.531,18610.07,17711.25,3934.147,12727.7557
,,,,,,,,8588,4675.952,462.4378,5313.529,3263.867,25737.468,18614.3,17907.55,3932.086,12510.939
,,,,,,,,8589,4562.205,449.6642,5258.934,3146.897,24728.784,18303.33,17972.63,3838.444,12132.8318
,,,,,,,,8590,4424.007,436.1379,5121.916,2957.628,23365.136,18058.28,18760.4,3725.486,11605.7675
,,,,,,,,8591,4206.08,415.7436,5001.703,2764.746,21918.535,17739.89,18924.1,3637.646,11272.6978
,,,,,,,,8592,4049.81,400.3392,4828.982,2611.42,20630.505,18060.11,19425.12,3731.287,10964.9453
,,,,,,,,8593,3949.882,366.9077,4023.658,2568.711,19761.848,17926.99,17351.24,3728.884,10746.5508
,,,,,,,,8594,3863.774,365.9644,3909.246,2487.818,19288.726,16389.89,15960.15,3413.192,10611.2287
,,,,,,,,8595,3814.873,372.5331,3857.545,2389.867,19168.036,14899.36,14705.88,3055.158,10653.7085
,,,,,,,,8596,3822.315,401.9279,3868.958,2420.583,19325.901,13953.74,13998.34,2809.652,10872.9422
,,,,,,,,8597,3871.215,420.4264,3930.552,2503.412,19964.63,13585.17,13687.08,2730.199,11192.5428
,,,,,,,,8598,3989.215,444.468,4109.698,2688.704,21202.982,14039.67,14184.95,2791.436,11743.1519
,,,,,,,,8599,4122.098,474.7058,4374.155,2889.59,22918.333,15351.29,15296.75,3109.051,12292.6162
,,,,,,,,8600,4206.736,492.0493,4622.4,3015.463,24192.544,17673.29,16555.74,3407.268,11817.4879
,,,,,,,,8601,4131.431,409.2863,4294.165,3064.283,24867.017,19823.31,16219.82,3860.367,12638.2267
,,,,,,,,8602,4399.15,319.6039,4105.593,2975.733,25060.549,19296.24,13888.79,2698.002,12748.796
,,,,,,,,8603,3101.702,257.5976,3871.057,2555.791,24835.169,17227.04,14454.14,2475.606,11974.7605
,,,,,,,,8604,3575.233,236.3224,3760.448,2458.304,24272.399,16634.89,13860.81,1556.298,9413.1237
,,,,,,,,8605,3636.968,232.0266,3587.394,2195.987,23742.666,15016.26,13588.11,2225.54,9463.3779
,,,,,,,,8606,3426.326,248.4187,3402.717,2114.316,23408.942,15336.51,11052.45,2483.735,8773.8462
,,,,,,,,8607,4042.463,291.9038,3295.199,2402.177,23226.524,16272.08,13913.04,2482.819,9482.5252
,,,,,,,,8608,4267.331,330.2177,3674.438,2656.179,23608.999,16408.18,14132.03,2540.615,11093.7484
,,,,,,,,8609,4486.728,409.2804,4038.664,2936.993,24922.298,16413.4,14333.67,3279.681,12470.1803
,,,,,,,,8610,4707.844,456.5408,4391.542,3339.374,25844.115,17588.96,15086.19,3655.394,12873.6425
,,,,,,,,8611,4680.205,455.9785,4521.068,3296.337,25509.044,18560.77,16022.66,3861.907,12774.674
,,,,,,,,8612,4634.493,452.976,4532.892,3227.991,25082.896,18236.73,15841.81,3793.355,12655.1617
,,,,,,,,8613,4540.944,440.3837,4438.892,3087.132,24276.522,17728.17,15822.38,3683.572,12381.2544
,,,,,,,,8614,4404.872,419.7172,4260.149,2890.921,22968.492,17565.42,16388.39,3551.702,11917.3458
,,,,,,,,8615,4212.458,396.7916,4015.953,2630.178,21511.079,16894.63,16068.79,3380.259,11519.2814
,,,,,,,,8616,4049.81,381.5685,3765.811,2460.48,20395.881,17158.32,16497.51,3445.096,11222.7765
,,,,,,,,8617,3960.512,362.6889,3861.077,2566.895,20251.908,18247.59,17254.73,3748.846,11016.1593
,,,,,,,,8618,3878.657,352.1652,3772.714,2520.834,19915.298,16661.5,15916.99,3393.572,10931.2302
,,,,,,,,8619,3838.26,352.6371,3785.093,2477.737,19926.812,15358.7,14773.98,3051.674,10963.8686
,,,,,,,,8620,3849.954,361.3647,3813.878,2509.09,20286.656,14357.61,14154.55,2831.305,11219.8951
,,,,,,,,8621,3924.368,380.0629,3996.719,2656.702,21309.695,14322.33,14244.65,2817.491,11734.5718
,,,,,,,,8622,4106.152,410.4913,4355.402,2902.489,23038.411,15232.68,15310.22,2963.177,12545.3192
,,,,,,,,8623,4274.115,449.0031,4870.071,3302.615,25189.4,17985.2,17143.19,3465.159,13226.4635
,,,,,,,,8624,4334.304,486.9527,5105.884,3482.405,26432.112,20451.22,19197.3,3738.286,12144.7459
,,,,,,,,8625,4335.289,493.0148,4696.965,3208.792,26661.146,20939.4,20121.4,3698.237,11709.7355
,,,,,,,,8626,4351.563,468.5483,4212.21,2841.563,26425.678,18079.12,19577.03,3079.511,11134.8495
,,,,,,,,8627,4185.897,445.7283,3964.271,2277.529,25951.838,14217.04,18573.88,2304.34,10804.437
,,,,,,,,8628,4065.694,442.1243,3750.787,1955.759,25432.138,11327.59,16397.79,1913.097,9478.8146
,,,,,,,,8629,4134.542,433.3875,3439.865,1748.524,24635.375,10550.35,15003.36,2378.146,11169.07
,,,,,,,,8630,4154.084,260.839,3444.701,1685.347,24359.534,10449.57,13951.22,2084.342,11317.392
,,,,,,,,8631,4286.06,301.7066,3627.93,1800.83,24147.105,11259.17,14228.19,2589.485,11366.8042
,,,,,,,,8632,4290.312,335.922,3755.78,2167.728,24746.247,12696.3,13967.23,3269.747,11723.2427
,,,,,,,,8633,4570.709,423.5443,4127.678,2686.66,26071.197,15185.74,14448.02,3497.063,12560.6024
,,,,,,,,8634,4788.637,475.5107,4632.031,3201.21,27082.683,17386.76,15765.2,3802.031,13011.7296
,,,,,,,,8635,4747.177,474.0954,4744.197,3242.916,26825.674,18605.98,16659.83,4004.003,12978.7086
,,,,,,,,8636,4694.024,462.1656,4746.524,3258.461,26217.468,18652.43,16627.22,3897.897,12855.0432
,,,,,,,,8637,4602.601,448.5483,4648.262,3183.514,25338.502,18241.56,16233.97,3745.018,12563.7887
,,,,,,,,8638,4448.457,423.7539,4442.5,3022.61,23976.534,18037.35,16683.35,3606.82,12047.0903
,,,,,,,,8639,4277.305,395.8476,4233.842,2853.69,22447.069,17724.59,16703.39,3497.458,11656.9201
,,,,,,,,8640,4126.35,374.8093,3993.745,2670.335,21221.092,17989.28,17087.54,3602.042,11341.2959
,,,,,,,,8641,3987.089,366.654,3812.902,2598.978,20451.197,18015.79,17045.56,3788.229,11056.6443
,,,,,,,,8642,3899.918,359.8861,3711.997,2550.403,20133.442,16396.85,15559.82,3456.344,10938.2613
,,,,,,,,8643,3864.837,364.1049,3692.538,2510.481,20091.591,14988.59,14491.7,3115.269,10980.7913
,,,,,,,,8644,3893.54,377.4414,3808.803,2510.068,20411.538,14056.41,14093.59,2864.359,11239.9875
,,,,,,,,8645,3990.278,400.9207,3994.538,2668.434,21371.287,13977.68,14095.15,2846.959,11795.5908
,,,,,,,,8646,4168.873,442.4265,4370.032,2934.078,23141.364,14927.73,15021.43,2954.027,12572.2024
,,,,,,,,8647,4337.899,490.3191,4867.341,3316.265,25191.856,17424.92,16981.06,3417.42,13182.5799
,,,,,,,,8648,4267.909,519.2572,4893.689,3512.53,26375.24,20015.71,18139.31,3655.608,13136.2947
,,,,,,,,8649,3888.663,433.582,4219.745,3169.993,26673.299,20299.08,16765.81,3388.172,13497.705
,,,,,,,,8650,3498.129,333.4821,3305.792,2607.31,26633.686,17228.29,13863.69,2727.977,13501.852
,,,,,,,,8651,3270.4,267.3387,2682.698,2284.222,26230.372,14971.21,11703.57,2162.482,13117.3553
,,,,,,,,8652,3102.688,244.6482,2371.483,1953.727,25620.055,12703.76,10087.66,1655.258,12449.0905
,,,,,,,,8653,3244.965,242.8744,2288.192,1855.945,25305.031,10441.67,9382.674,1437.631,12238.3769
,,,,,,,,8654,2891.06,257.427,2366.967,1830.42,25007.466,10421.09,9595.455,1588.594,12047.6761
,,,,,,,,8655,3263.522,284.8221,2642.539,1870.891,24564.257,11049.13,10696.06,1889.117,11275.0699
,,,,,,,,8656,3811.873,335.241,3212.288,2322.916,24994.301,13007.3,12468.63,2502.409,11216.1497
,,,,,,,,8657,4560.079,413.4892,3999.292,2737.635,26249.072,15462.89,14107.31,3231.121,12684.2114
,,,,,,,,8658,4792.889,471.5641,4488.998,3201.981,26960.22,17392.1,15332.32,3707.77,13159.4187
,,,,,,,,8659,4803.52,471.8549,4618.518,3223.89,26670.429,18750.35,16560,4003.987,12976.6267
,,,,,,,,8660,4732.294,461.9936,4643.438,3242.563,26124.54,18773.01,16450.33,3922.012,12853.709
,,,,,,,,8661,4647.25,451.2885,4679.936,3218.267,25185.653,18562.65,16534.52,3832.906,12564.5762
,,,,,,,,8662,4488.854,431.2845,4550.233,3054.849,23869.312,18608.42,17112,3746.027,12110.8254
,,,,,,,,8663,4316.638,401.5001,4388.283,2824.074,22355.933,17989.83,16990.66,3600.59,11732.7751
,,,,,,,,8664,4184.818,379.4275,4198.202,2660.018,21129.015,18191.99,17563.88,3693.728,11435.7392
,,,,,,,,8665,4052.999,387.312,3935.517,2585.637,20232.29,17961.48,17724.43,3840.218,11153.3276
,,,,,,,,8666,3979.647,381.5784,3792.32,2559.325,19914.893,16452.25,16062.61,3487.605,11009.4543
,,,,,,,,8667,3946.693,386.6409,3770.527,2505.558,19891.001,15116.16,14826.17,3124.134,11055.108
,,,,,,,,8668,3960.512,398.0994,3780.982,2551.205,20172.509,14219.54,14174.39,2875.018,11315.8967
,,,,,,,,8669,4040.242,422.4225,3881.571,2666.249,21008.794,14060.87,13909.13,2810.832,11809.236
,,,,,,,,8670,4206.08,461.2158,4188.717,2902.665,22702.53,14758.92,14622.85,2891.026,12623.6464
,,,,,,,,8671,4382.547,497.8404,4569.609,3191.032,24788.096,16532.46,16215.02,3273.354,13318.7539
,,,,,,,,8672,4166.434,507.5106,4585.093,3382.684,26112.697,19182.47,17100.13,3590.86,12197.8808
,,,,,,,,8673,3524.378,406.9634,4014.873,3207.266,26319.164,20204.02,15988.23,3283.776,11166.6557
,,,,,,,,8674,3037.028,305.9427,3236.381,2577.3,26024.615,16245.42,13371.46,2677.62,9974.1777
,,,,,,,,8675,2759.663,251.9019,2644.039,2115.591,25579.27,13676.51,11282.5,2136.256,8935.7608
,,,,,,,,8676,2570.689,230.0551,2338.607,1886.381,25203.698,11274.07,9687.113,1710.733,9078.0723
,,,,,,,,8677,2556.212,224.1921,2251.524,1751.872,24856.767,10159.5,9169.13,1570.667,8040.5247
,,,,,,,,8678,2742.482,243.5349,2335.458,1726.876,24435.378,10240.92,9473.751,2153.338,8250.0096
,,,,,,,,8679,3137.268,272.9985,2644.237,1816.489,24453.996,11247.36,10580.4,1926.912,10155.7336
,,,,,,,,8680,3687.416,324.6037,3166.554,2191.009,24750.648,13181.35,12343.45,2573.096,10241.4146
,,,,,,,,8681,4469.719,408.1367,3927.411,2681.473,25628.93,15173.75,13780.63,3145.205,12381.3824
,,,,,,,,8682,4677.015,465.3679,4414.299,3146.794,26290.575,17266.77,15254.13,3678.235,12803.8057
,,,,,,,,8683,4663.196,463.7806,4480.308,3155.896,25887.734,18454.97,16203.32,3898.971,12663.2839
,,,,,,,,8684,4647.25,452.0413,4411.399,3025.707,25287.251,17883.46,16054.76,3842.003,12595.278
,,,,,,,,8685,4607.917,438.424,4382.04,2981.475,24490.405,17636.05,16000.68,3747.442,12495.311
,,,,,,,,8686,4479.286,425.46,4305.81,2895.609,23414.97,17785.36,16838.78,3679.366,12129.865
,,,,,,,,8687,4338.962,407.1434,4196.362,2747.925,22117.034,17606.99,16978.66,3592.445,11802.3715
,,,,,,,,8688,4197.575,394.8326,3995.265,2545.447,20960.895,17902.99,17451.27,3665.201,11592.6499
,,,,,,,,8689,4064.692,389.5617,3758.08,2442.701,19971.387,17076.22,16625.38,3658.228,11345.0757
,,,,,,,,8690,3984.963,390.4965,3635.54,2396.003,19542.04,15693.33,15340.68,3375.167,11251.653
,,,,,,,,8691,3931.81,390.5782,3619.94,2241.984,19345.295,14373.51,14378.72,3107.656,11330.3323
,,,,,,,,8692,3920.116,403.9147,3646.638,2208.779,19334.56,13231.28,13645.12,2870.36,11518.7099
,,,,,,,,8693,3932.873,439.1339,3740.315,2238.03,19522.117,12645.42,13358.33,2758.336,11878.5667
,,,,,,,,8694,4011.539,467.975,3870.654,2369.884,20293.943,12557.87,13437.11,2705.267,12496.3531
,,,,,,,,8695,4111.467,493.0416,4188.262,2593.48,21769.372,13585.89,14160.69,2866.706,13307.4802
,,,,,,,,8696,3869.84,500.0811,4468.707,2732.11,23170.823,14825.55,14325.75,2867.414,12314.278
,,,,,,,,8697,3391.98,410.6113,4119.86,2704.123,24084.916,15496,13411.08,2472.301,11182.1199
,,,,,,,,8698,3155.011,304.4804,3355.251,2450.893,24232.485,14744.16,11981.73,1914.799,10016.2397
,,,,,,,,8699,3165.97,242.0931,2865.928,2375.036,24054.927,14008.25,9380.825,1429.854,9100.7961
,,,,,,,,8700,3211.76,221.0515,2707.14,2199.421,23588.066,13509.22,8741.199,1179.724,8423.2706
,,,,,,,,8701,3664.029,229.6661,2129.474,2188.676,22967.766,14128.01,8717.249,2169.051,8139.7322
,,,,,,,,8702,3341.688,230.7753,2982.633,2076.33,22429.711,13203.37,8301.697,2469.363,8375.6009
,,,,,,,,8703,3675.472,326.9994,2906.306,2183.643,22134.237,14469.83,11367.49,2363.994,8859.6151
,,,,,,,,8704,4145.079,379.3348,3418.078,2311.885,22692.161,14640.33,13167.45,2252.529,10706.7599
,,,,,,,,8705,4392.115,402.6169,3858.27,2634.338,23966.54,14717.84,13259.89,2788.007,12307.2303
,,,,,,,,8706,4591.971,456.6318,4326.989,3066.073,24682.314,15769.67,14104.38,3251.169,12727.8966
,,,,,,,,8707,4564.331,448.5483,4384.472,3016.532,24403.311,16435.06,14931.99,3500.353,12579.2318
,,,,,,,,8708,4524.998,433.053,4285.252,2932.239,23980.438,16178.26,14811.83,3448.645,12407.5305
,,,,,,,,8709,4483.539,418.5919,4205.888,2833.791,23468.694,15968.45,14596.44,3408.208,12323.3623
,,,,,,,,8710,4367.665,402.9061,4097.978,2696.247,22546.619,15729.61,14938.3,3301.402,11972.7737
,,,,,,,,8711,4226.278,389.7516,3984.677,2539.357,21439.204,15483.6,14838.83,3204.057,11714.2302
,,,,,,,,8712,4079.575,375.7532,3844.765,2371.607,20364.508,15382.39,14768.64,3136,11495.613
,,,,,,,,8713,3959.449,368.795,3695.211,2305.787,19579.502,16286.58,15331.66,3424.476,11312.6001
,,,,,,,,8714,3875.468,365.9736,3549.113,2243.968,19193.37,15605.36,14675.41,3297.995,11205.4584
,,,,,,,,8715,3809.558,366.2551,3496.447,2129.87,19060.75,14405.29,13667.78,3005.221,11221.0874
,,,,,,,,8716,3790.423,378.5574,3477.958,2148.367,18981.274,13331.95,12893.73,2748.094,11356.4799
,,,,,,,,8717,3799.99,389.1721,3484.554,2210.823,18986.817,12751.21,12490.78,2610.888,11542.1027
,,,,,,,,8718,3844.639,403.4519,3560.058,2322.079,19628.192,12620.71,12360.49,2525.434,11980.3383
,,,,,,,,8719,3922.242,412.9323,3760.681,2552.532,21053.401,13541.07,12696.51,2684.16,12722.9636
,,,,,,,,8720,3874.249,423.1428,3878.783,2707.477,22565.478,14747.19,13113.88,2622.021,12477.7723
,,,,,,,,8721,3182.479,425.494,3694.776,2505.304,23343.311,13961.38,13193.93,2404.471,12506.2749
,,,,,,,,8722,2840.111,403.2841,3752.248,2145.541,23650.27,12703.45,13237.46,2349.062,11997.0999
,,,,,,,,8723,2622.278,383.195,2769.246,1799.097,23824.885,10845.73,10652.8,3292.457,11183.4605
,,,,,,,,8724,2433.632,370.541,3146.902,1558.068,23499.081,9139.207,11962.41,3253.097,10995.1762
,,,,,,,,8725,2437.227,360.9513,2622.374,1440.557,23055.961,7335.168,10803.25,2375.943,10767.0217
,,,,,,,,8726,2608.943,345.5622,2648.19,1462.925,22742.231,7157.177,9578.917,3197.918,10652.3404
,,,,,,,,8727,3004.792,361.1105,2965.756,1564.705,22798.77,8053.553,10520.6,2712.689,10705.9501
,,,,,,,,8728,3533.272,363.9073,3350.695,1905.344,23092.82,10229.26,11913.79,2892.54,11140.9425
,,,,,,,,8729,4333.647,393.3178,3777.528,2400.223,24219.429,12855.79,12640.67,2924.786,12335.6963
,,,,,,,,8730,4572.835,447.3235,4195.375,2961.041,25101.616,15011.66,13757.5,3270.029,12797.8111
,,,,,,,,8731,4544.133,447.986,4341.461,2965.528,24903.609,16170.04,14775.94,3542.413,12684.6321
,,,,,,,,8732,4502.673,436.4279,4304.231,3009.852,24409.674,16217.25,14834.6,3522.457,12540.0285
,,,,,,,,8733,4410.187,426.1039,4217.149,2926.524,23711.487,16109.33,14836.33,3478.221,12273.4215
,,,,,,,,8734,4279.431,408.3496,4047.487,2780.99,22570.447,15766.88,15202.18,3367.646,11738.226
,,,,,,,,8735,4099.773,386.4583,3904.839,2575.549,21159.703,15357.1,14967.18,3238.703,11271.0189
,,,,,,,,8736,3940.314,363.7232,3722.079,2423.273,20039.516,15231.3,14979.82,3201.178,11012.2152
,,,,,,,,8737,3959.449,368.795,3695.211,2305.787,19579.502,16286.58,15331.66,3424.476,11312.6001
,,,,,,,,8738,3875.468,365.9736,3549.113,2243.968,19193.37,15605.36,14675.41,3297.995,11205.4584
,,,,,,,,8739,3809.558,366.2551,3496.447,2129.87,19060.75,14405.29,13667.78,3005.221,11221.0874
,,,,,,,,8740,3790.423,378.5574,3477.958,2148.367,18981.274,13331.95,12893.73,2748.094,11356.4799
,,,,,,,,8741,3799.99,389.1721,3484.554,2210.823,18986.817,12751.21,12490.78,2610.888,11542.1027
,,,,,,,,8742,3844.639,403.4519,3560.058,2322.079,19628.192,12620.71,12360.49,2525.434,11980.3383
,,,,,,,,8743,3922.242,412.9323,3760.681,2552.532,21053.401,13541.07,12696.51,2684.16,12722.9636
,,,,,,,,8744,3874.249,423.1428,3878.783,2707.477,22565.478,14747.19,13113.88,2622.021,12477.7723
,,,,,,,,8745,3182.479,425.494,3694.776,2505.304,23343.311,13961.38,13193.93,2404.471,12506.2749
,,,,,,,,8746,2840.111,403.2841,3752.248,2145.541,23650.27,12703.45,13237.46,2349.062,11997.0999
,,,,,,,,8747,2622.278,383.195,2769.246,1799.097,23824.885,10845.73,10652.8,3292.457,11183.4605
,,,,,,,,8748,2433.632,370.541,3146.902,1558.068,23499.081,9139.207,11962.41,3253.097,10995.1762
,,,,,,,,8749,2437.227,360.9513,2622.374,1440.557,23055.961,7335.168,10803.25,2375.943,10767.0217
,,,,,,,,8750,2608.943,345.5622,2648.19,1462.925,22742.231,7157.177,9578.917,3197.918,10652.3404
,,,,,,,,8751,3004.792,361.1105,2965.756,1564.705,22798.77,8053.553,10520.6,2712.689,10705.9501
,,,,,,,,8752,3533.272,363.9073,3350.695,1905.344,23092.82,10229.26,11913.79,2892.54,11140.9425
,,,,,,,,8753,4333.647,393.3178,3777.528,2400.223,24219.429,12855.79,12640.67,2924.786,12335.6963
,,,,,,,,8754,4572.835,447.3235,4195.375,2961.041,25101.616,15011.66,13757.5,3270.029,12797.8111
,,,,,,,,8755,4544.133,447.986,4341.461,2965.528,24903.609,16170.04,14775.94,3542.413,12684.6321
,,,,,,,,8756,4502.673,436.4279,4304.231,3009.852,24409.674,16217.25,14834.6,3522.457,12540.0285
,,,,,,,,8757,4410.187,426.1039,4217.149,2926.524,23711.487,16109.33,14836.33,3478.221,12273.4215
,,,,,,,,8758,4279.431,408.3496,4047.487,2780.99,22570.447,15766.88,15202.18,3367.646,11738.226
,,,,,,,,8759,4099.773,386.4583,3904.839,2575.549,21159.703,15357.1,14967.18,3238.703,11271.0189
,,,,,,,,8760,3940.314,363.7232,3722.079,2423.273,20039.516,15231.3,14979.82,3201.178,11012.2152
