Line,1,2,3,4,5,6,7,8,9,10,11,12,13,14,15,16,17,Total
AnnualSum,42372.491642957495,15030.015826560486,106707.3170530833,18423.813098732946,9179.423421451591,14282.729976709494,10659.726870987033,486273.5562801819,55488.99425857167,167332.35436669676,24309.01512103946,609663.9118502226,222369.51012554977,46686.321586417434,10944.780259192401,200888.75975868257,70938.19882313645,2.1115509203201733e6
t1,5.699999999999999,2.1,15.62063539793446,0.0,0.0,1.7748152314584378,1.48,50.044797815930984,10.224,24.5,0.0,94.08,40.71660769035933,10.597051342168676,0.0,53.43835794888894,14.868,325.14426542674084
t2,5.699999999999999,2.1,16.370615536961264,0.0,0.0,1.8385508213041324,1.48,48.31945930958902,10.224,24.5,0.0,94.08,45.0,10.107289868755016,0.0,55.26086713619049,14.868,329.8487826727999
t3,5.699999999999999,2.1,16.797080283733862,0.0,0.0,1.8157063215530127,1.48,58.371909842313556,10.224,24.5,0.0,94.08,34.14605557128856,8.235585791164656,0.0,54.889463891587326,14.868,327.207801701641
t4,5.699999999999999,2.1,16.591195477378346,0.0,0.0,1.7797314086610265,1.48,59.25153236894978,10.224,24.5,0.0,94.08,45.0,7.0648892530120495,0.0,49.79806588539686,14.868,332.43741439339806
t5,5.699999999999999,2.1,15.145288823952335,0.0,0.0,1.6404773519163776,1.48,52.90407128117704,10.224,24.5,0.0,94.08,45.0,6.693534080321286,0.0,60.16380465870867,14.868,334.4991761960757
t6,5.699999999999999,2.1,12.817048506176763,0.0,0.0,1.3924599303135898,1.48,60.584458436123775,10.224,24.5,0.0,94.08,32.20667683550995,7.465864473092369,0.0,26.12557477492066,14.868,293.5440829561371
t7,5.699999999999999,2.1,10.631116033485593,0.0,0.0,1.0896164260826289,1.48,78.38584685053273,10.224,24.5,0.0,94.08,43.628651087891285,9.474868340722889,0.0,7.446384933015879,14.868,303.608483671731
t8,5.699999999999999,2.1,11.3541110682423,0.0,0.0,1.0201143852663024,1.48,55.226610732847575,7.903013943206179,24.5,0.0,94.08,0.0,11.735244592771087,0.0,32.47526664730161,14.868,262.4423613696351
t9,5.699999999999999,2.1,14.31155893318768,0.0,0.0,1.6963509746042824,1.48,59.18195197330007,9.73732770542876,24.5,0.0,94.08,45.0,5.811757834939758,0.0,49.400924665838794,14.868,327.86787208729936
t10,5.699999999999999,2.1,16.99283308238331,0.0,0.0,2.0374855088899966,1.48,17.12345967319855,5.751893122297085,24.5,0.0,94.08,45.0,3.551139833815261,0.0,62.19409030428574,14.868,295.37890152486995
t11,0.0,2.1,0.0,0.0,0.0,2.5032187094873075,1.48,0.0,3.264123212894211,24.5,0.0,94.08,45.0,0.0,0.0,64.2042229260666,10.114199592648541,247.24576444109667
t12,0.0,2.1,0.0,2.763281141342948,0.0,2.8336069623494295,1.48,0.0,3.924975658842315,24.5,0.0,94.08,45.0,0.0,0.0,31.022740276208737,6.555555685317219,214.26015972406066
t13,5.699999999999999,2.1,0.0,22.507292599433768,0.0,0.34145723611747186,1.48,0.5390374246068124,4.624576425698449,24.5,0.0,94.08,45.0,0.0,0.0,19.149072466904883,3.8144665255589123,223.8359026783203
t14,5.699999999999999,2.1,0.0,24.13209639405461,0.0,1.5661838662817327,1.48,7.112264934057948,3.498083188564695,24.5,0.0,94.08,45.0,0.0,0.0,21.364320685211954,3.7120264875931523,234.24497555576409
t15,0.0,2.1,0.0,0.0,0.0,3.9481734133200614,1.48,0.0,3.452335258882236,24.5,0.0,94.08,45.0,0.0,0.0,30.9495891897734,8.79182161716012,214.30191947913582
t16,0.0,2.1,0.0,0.0,0.0,1.59823708709806,1.48,0.0,2.80825286774451,24.5,0.0,94.08,45.0,1.1668289828915657,0.0,50.42228617599167,14.868,238.02360511372578
t17,5.699999999999999,2.1,8.220571842820252,0.0,0.0,1.2879882528621214,1.48,67.07809432552001,10.224,24.5,0.0,94.08,30.97993134764211,6.896938962891567,0.0,34.698830396542235,14.868,302.1143551282783
t18,5.699999999999999,2.1,4.423193491281031,0.0,0.0,0.872314584370334,1.48,46.29095047298664,7.197058674035148,24.5,0.0,94.08,45.0,8.788342984096385,0.0,21.061723028253997,14.868,276.36158323502355
t19,5.699999999999999,2.1,4.496279886514402,0.0,0.0,0.7996103534096582,1.48,51.14439847692946,7.471234814538368,24.5,0.0,94.08,45.0,10.245647622811246,0.0,30.466265885396876,14.868,292.3514370396
t20,5.699999999999999,2.1,5.309850889493542,0.0,0.0,0.8507289198606276,1.48,71.51466231804764,10.224,24.5,0.0,94.08,45.0,10.45384798602409,0.0,45.753034776114944,14.868,331.8341248895408
t21,5.699999999999999,2.1,6.324107096047659,0.0,0.0,0.9839764061722259,1.48,76.79787688604766,10.224,24.5,0.0,94.08,45.0,9.603893942971883,0.0,43.2962484250794,14.868,334.9581027563188
t22,5.699999999999999,2.1,8.852601634280028,0.0,0.0,1.1782868093578907,1.48,71.71848319918824,10.224,24.5,0.0,94.08,26.33174347633456,8.643378673413658,0.0,49.378769122063524,14.868,319.0552629146379
t23,5.699999999999999,2.1,11.425640363177754,0.0,0.0,1.383288800398209,1.48,66.2116458735667,10.224,24.5,0.0,94.08,37.966833905114825,7.767724473734941,0.0,56.442728065396864,14.868,334.1498614813893
t24,5.699999999999999,2.1,13.719707890486593,0.0,0.0,1.5893238427078156,1.48,52.853422027559596,10.224,24.5,0.0,94.08,45.0,7.804728658795182,0.0,60.33714524634924,14.868,334.2563276658984
t25,5.699999999999999,2.1,14.573068367149947,0.0,0.0,1.7617403683424602,1.48,25.3495473080794,6.395424489078704,24.5,0.0,94.08,45.0,7.181335868755018,0.0,59.80099699714289,14.868,302.7901133985484
t26,0.0,2.1,11.065731472418497,0.0,0.0,1.875477252364361,1.48,0.0,3.3564898826347296,24.5,0.0,94.08,45.0,5.793863281606427,0.0,59.35055278047623,14.868,263.4701146695002
t27,0.0,2.1,4.196786371841212,0.0,0.0,1.88860856147337,1.48,0.0,3.4534162203592813,24.5,0.0,94.08,45.0,4.294226507951805,0.0,55.86801763206352,14.868,251.72905529368919
t28,0.0,2.1,10.703114746622465,0.0,0.0,1.8781499253359895,1.48,0.0,3.2797036455089823,24.5,0.0,94.08,45.0,3.8848555778313214,0.0,49.50504144158735,14.868,251.2788653368861
t29,5.699999999999999,2.1,14.843823084131083,0.0,0.0,1.751654454952714,1.48,26.176080320716213,6.336381491316103,24.5,0.0,94.08,45.0,4.016111164979922,0.0,38.57472461555556,14.868,279.4267751316516
t30,5.699999999999999,2.1,12.730977006673289,0.0,0.0,1.5462232951717276,1.48,53.801109639370864,10.224,24.5,0.0,94.08,45.0,5.500203910522086,0.0,33.72882897095242,14.868,305.25934282269037
t31,5.699999999999999,2.1,10.627654265858986,0.0,0.0,1.2125181682429076,1.48,63.65168384779299,10.224,24.5,0.0,94.08,45.0,7.624194587871484,0.0,26.457261225555587,14.868,307.52531209532196
t32,5.699999999999999,2.1,11.962659231102275,0.0,0.0,1.1096879044300656,1.48,61.218581654622014,10.224,24.5,0.0,94.08,45.0,3.2835838365461854,0.0,35.810621669365084,14.868,311.33713429606564
t33,0.0,2.1,9.768303872623644,0.0,0.0,1.8437870124340479,1.48,0.0,4.782264675409182,24.5,0.0,94.08,45.0,3.119198324738953,0.0,44.39446467904762,14.868,245.93601856425346
t34,0.0,2.1,0.9012029784799832,17.517521782652484,0.0,1.755278875290675,1.48,0.0,6.680745372774451,24.5,0.0,94.08,45.0,0.0,0.0,0.0,6.305561158106746,200.32031016730434
t35,5.699999999999999,2.1,0.0,21.15283047453993,0.0,0.056697280088139644,1.29955517238477,73.5155055296008,0.0,24.5,0.0,94.08,45.0,0.0,0.0,9.405725480721603,0.0,276.81031393733525
t36,5.699999999999999,2.1,0.0,17.15090911551061,0.0,3.505359077829767,0.0,44.51610387006407,0.0,24.5,0.0,94.08,45.0,3.488805287968131,0.0,18.91571876578554,0.0,258.9568961171581
t37,5.699999999999999,2.1,0.0,12.477814238988879,0.0,3.8898522442087566,0.05354806581162326,46.21193166149828,0.0,24.5,0.0,94.08,45.0,0.0,0.0,34.49804475477797,0.0,268.5111909652855
t38,5.699999999999999,2.1,0.0,16.329932793164804,0.0,1.1420521829387986,1.2617142053306618,37.657013041872865,0.0,24.5,0.0,94.08,45.0,0.0,0.0,34.240150958045035,0.0,262.0108631813522
t39,5.699999999999999,2.1,0.0,25.245368684853382,0.0,3.247406265485317,1.48,59.4093598082011,0.0,24.5,0.0,94.08,45.0,0.0,0.0,21.13145299540132,0.5727599548640436,282.4663477088052
t40,0.0,2.1,0.0,0.0,0.0,5.432007274853162,1.48,0.0,3.7052295150099797,24.5,0.0,94.08,45.0,0.0,0.0,24.648811468606667,11.534680133152063,212.48072839162188
t41,5.699999999999999,2.1,10.090120998728892,0.0,0.0,2.424805369517174,1.48,60.90911240648399,10.224,24.5,0.0,94.08,45.0,6.936731527951807,0.0,48.48446569532176,14.868,326.7972359980036
t42,5.699999999999999,2.1,5.769181574697123,0.0,0.0,0.9490981582877059,1.48,76.92005241294774,10.224,24.5,0.0,94.08,45.0,9.579279659116466,0.0,33.158552552698424,14.868,324.3281643577475
t43,5.699999999999999,2.1,6.181382170526313,0.0,0.0,0.8941251368840224,1.48,82.42694286433282,10.224,24.5,0.0,94.08,22.906841936629338,10.60688933317269,0.0,34.39911763206351,14.868,310.3672990736087
t44,5.699999999999999,2.1,23.780605606474673,0.0,0.0,0.8989499253359885,1.48,81.21326718660576,10.224,24.5,0.0,94.08,45.0,0.0,0.0,34.78806207650798,14.868,338.6328847949244
t45,5.699999999999999,2.1,7.779954166554119,0.0,0.0,1.0017076157292202,1.48,78.0483849708777,10.224,24.5,0.0,94.08,45.0,9.989468122891568,0.0,46.471303349010704,14.868,341.24281822506333
t46,5.699999999999999,2.1,10.122041554836146,0.0,0.0,1.1896387257341974,1.48,71.58128197747337,10.224,24.5,0.0,94.08,45.0,9.291168661204816,0.0,45.4184049336508,14.868,335.55453585289933
t47,5.699999999999999,2.1,12.72882209108242,0.0,0.0,1.4292098556495778,1.48,55.81503481725013,10.224,24.5,0.0,94.08,45.0,8.528241008995982,0.0,57.117897631428605,14.868,333.5712054044067
t48,5.699999999999999,2.1,15.071340462482622,0.0,0.0,1.6465977103036342,1.48,54.33210731684198,10.224,24.5,0.0,94.08,45.0,1.351225706152995,0.0,52.619138901269864,14.868,322.9724100970511
t49,5.699999999999999,2.1,16.143974027527307,0.0,0.0,1.723464609258338,1.48,56.61671165296801,10.224,24.5,0.0,94.08,36.888722349643764,8.717130705220882,0.0,54.88536207650797,14.868,327.9273654211263
t50,5.699999999999999,2.1,17.05054006526315,0.0,0.0,1.819470283723246,1.48,24.722187164471023,7.52353493567158,24.5,0.0,94.08,45.0,7.0034256687550185,0.0,55.58474801857145,14.868,301.4319061364555
t51,5.699999999999999,2.1,17.388333511142,0.0,0.0,1.8030050771528123,1.48,0.0,4.167743155216157,24.5,0.0,94.08,45.0,5.340859075341365,0.0,54.13600175904765,14.868,270.5639425779
t52,5.699999999999999,2.1,17.015505308560076,0.0,0.0,1.771108611249378,1.48,11.926830324953553,4.315594628514244,24.5,0.0,94.08,45.0,4.55515272947791,0.0,50.20052398126985,14.868,277.512715584025
t53,5.699999999999999,2.1,15.569167672015888,0.0,0.0,1.6394998506719765,1.48,32.883976691374166,7.800554722520373,24.5,0.0,94.08,45.0,4.467781508433732,0.0,41.4132373139683,14.868,291.50221775898444
t54,5.699999999999999,2.1,13.176488557140017,0.0,0.0,1.3713106022896975,1.48,68.05930550299338,10.224,24.5,0.0,94.08,45.0,5.503456922570282,0.0,48.19723392170561,14.868,334.259795506699
t55,5.699999999999999,2.1,25.934647793806054,0.0,0.0,0.9842702837232459,1.48,75.13403384401826,10.224,24.5,0.0,94.08,45.0,0.0,0.0,34.415148425079394,14.868,334.42010034662695
t56,0.0,2.1,14.318372042637911,0.0,0.0,2.872262611926333,1.48,0.0,1.8275583647904194,24.5,0.0,94.08,45.0,3.9018702110843395,0.0,39.70723369555558,14.868,244.65529692599458
t57,5.699999999999999,2.1,30.765247103753726,0.0,0.0,2.400611057829766,1.48,29.32079667734846,0.0,24.5,0.0,94.08,45.0,7.280792882327884,0.0,0.0,1.7301273798212415,244.3575751010811
t58,5.699999999999999,2.1,42.05348462319763,0.0,6.5,2.077236443593828,0.0,89.9,10.224,24.5,0.0,94.08,45.0,0.8075161470998705,0.0,38.87213699714288,0.0,361.8143742110342
t59,5.699999999999999,2.1,43.54,0.0,6.5,0.0,1.48,89.9,10.224,24.5,2.6265687325759703,94.08,45.0,0.0,2.1703113415075377,10.966617267096773,0.0,338.78749734118026
t60,5.699999999999999,2.1,30.035120682542203,0.0,6.5,0.0,1.48,89.9,10.224,24.5,5.926779751660811,75.98274360684196,45.0,0.0,2.1384912410050227,27.97681803660767,7.2817446639597785,334.7456979826174
t61,5.699999999999999,2.1,43.54,0.0,5.054717989813788,0.0,1.48,89.9,10.224,24.5,6.127005929412944,57.31237360298174,45.0,0.0,0.7136170676363182,22.168471083568345,5.014594757744212,318.83478043115736
t62,5.699999999999999,2.1,28.359947308361477,0.0,5.349394681288373,0.0,1.48,89.9,10.224,24.5,6.020766212694431,58.2573354918873,45.0,0.0,0.5647947173998802,14.395483761000554,9.902166088277951,301.75388826090995
t63,5.699999999999999,2.1,38.792457037060586,0.0,6.5,0.0,1.48,89.9,10.224,24.5,6.15197056826894,79.23177833850048,45.0,0.0,1.4948405275376881,53.78837685404348,11.808931097724068,376.67235442313523
t64,5.699999999999999,2.1,22.76352612488581,0.0,0.0,2.479555294853162,1.48,84.5138714717393,5.4242308473180145,24.5,5.44117758804186,94.08,45.0,0.0,0.0,40.32557019343389,3.174652743665655,336.9825842639377
t65,0.0,2.1,0.0,0.0,0.0,2.4303406607068205,1.48,0.0,2.343894742155688,24.5,0.0,94.08,45.0,3.237407807951806,0.0,49.59627483733164,14.868,239.63591804814592
t66,5.699999999999999,2.1,19.206215724523734,0.0,0.0,0.9326329517172736,1.48,76.6798268229325,10.224,24.5,0.0,94.08,45.0,0.0,0.0,36.12612239396827,14.868,330.89679789314175
t67,5.699999999999999,2.1,7.082331525044686,0.0,0.0,1.914314783474366,1.48,80.2188049189244,10.224,24.5,0.0,94.08,45.0,0.0,0.0,43.35367341539685,14.868,330.5211246428403
t68,5.699999999999999,2.1,7.112166678967224,0.0,0.0,1.9500011946241915,1.48,79.79419183318113,10.224,24.5,0.0,94.08,45.0,10.45410518313253,0.0,46.228855955079375,14.868,343.49132084498444
t69,5.699999999999999,2.1,8.166212359205552,0.0,0.0,0.9926556495769042,1.48,66.84661632552002,10.224,24.5,0.0,94.08,45.0,10.115101993413656,0.0,55.32895731460324,14.868,339.4015436423194
t70,5.699999999999999,2.1,10.195586738550142,0.0,0.0,1.1933462419113992,1.48,70.75370545509892,10.224,24.5,0.0,94.08,45.0,9.39622883660522,0.0,62.06909036047623,14.868,351.55995763264195
t71,5.699999999999999,2.1,12.622007791181723,0.0,0.0,1.4084332503733208,1.48,66.01418298731606,10.224,24.5,0.0,94.08,45.0,0.0,0.0,68.06623156031746,14.868,346.0628555891886
t72,5.699999999999999,2.1,14.60725506029792,0.0,0.0,1.5953304131408665,1.48,51.13988954804665,10.224,24.5,0.0,94.08,21.55574005466202,9.355058886586344,0.0,66.2960826414286,14.868,317.50135660416237
t73,5.699999999999999,2.1,15.59729279614697,0.0,0.0,1.694902040816328,1.48,56.95702288340939,10.224,24.5,0.0,94.08,45.0,3.4389836893385497,0.0,73.30301575730162,14.868,348.94321716701285
t74,5.699999999999999,2.1,16.288450690883806,0.0,0.0,1.7781491289198612,1.48,45.42293305936073,10.224,24.5,0.0,94.08,45.0,7.8948397832931745,0.0,67.80614067559432,14.868,337.14251333805186
t75,5.699999999999999,2.1,16.656093193366434,0.0,0.0,1.7515980089596823,1.48,30.24201078953293,6.927428578303353,24.5,0.0,94.08,45.0,6.0083947314056205,0.0,63.80367540920634,14.868,313.11720071077434
t76,5.699999999999999,2.1,16.29839110796425,0.0,0.0,1.7059090094574416,1.48,29.27505588439802,6.658628902701393,24.5,0.0,94.08,45.0,4.941945117751003,0.0,56.87044842507941,14.868,303.47837844735153
t77,5.699999999999999,2.1,14.837789320476661,0.0,0.0,1.5320858138377305,1.48,58.74550545712837,10.224,24.5,0.0,94.08,41.368310807016,4.9361130986345385,0.0,42.62466588539686,14.868,316.99647038249014
t78,5.699999999999999,2.1,29.47557482196624,0.0,0.0,1.2970581383773039,1.48,66.48173521217655,10.224,24.5,0.0,94.08,45.0,0.0,0.0,32.34570874253973,14.868,327.5520769150598
t79,5.699999999999999,2.1,9.921356351261167,0.0,0.0,0.9482944748631168,1.48,73.92262613049212,10.224,24.5,0.0,94.08,45.0,0.0,0.0,43.496985309836674,14.868,326.241262266453
t80,0.0,2.1,14.782079959632656,0.0,0.0,3.2696235875360884,1.48,0.0,2.954417218283434,24.5,0.0,94.08,45.0,1.1094446478714883,0.0,46.12101794222225,14.868,250.26458335554594
t81,5.699999999999999,2.1,32.753391933545196,0.0,0.0,2.910687920189149,1.48,54.44910587307049,0.0,24.5,0.0,94.08,45.0,0.0,0.0,20.35889661105581,7.081064583484382,290.413146921345
t82,5.699999999999999,2.1,38.73683801251242,0.0,2.0208613083643674,2.2923820916622426,1.48,89.9,10.224,24.5,0.0,94.08,45.0,0.0,0.0,38.45134611907323,1.8328406999170057,356.31826823152926
t83,5.699999999999999,2.1,41.500144688738835,0.0,0.0,2.892205889328024,1.48,89.9,9.662359613426853,24.5,0.0,94.08,45.0,0.0,0.0,42.175955082222195,14.868,373.85866527371587
t84,5.699999999999999,2.1,43.54,0.0,0.0,4.033485630492783,1.48,89.9,8.887342587815631,24.5,1.831833019237329,68.66389169463733,45.0,0.0,0.0,19.0407542568254,14.868,329.54530718900844
t85,5.699999999999999,2.1,26.746772703674274,0.0,0.0,2.992066018745645,1.48,89.9,8.409656117114228,24.5,1.9630510931961864,71.53621166728409,45.0,0.0,0.0,57.226241400305,12.470548380785502,350.0245473811049
t86,5.699999999999999,2.1,35.651114900099316,0.0,0.0,2.8181666658337496,1.48,89.9,8.25947981935872,24.5,0.7822364145910679,51.23314784173096,45.0,0.0,0.0,53.00406996535206,14.554804322819743,334.9830199297856
t87,5.699999999999999,2.1,12.08447901300887,0.0,0.0,3.427857755928324,1.48,89.9,9.363829742324652,24.5,2.067191152503762,52.55497914807699,45.0,0.0,0.0,47.012960733015866,14.868,310.05929754485845
t88,5.699999999999999,2.1,6.583087615888782,0.0,0.0,2.816091681114983,1.48,64.65294327395762,0.0,24.5,3.730898701043654,87.98644560877031,45.0,0.0,0.0,38.913802689254474,5.8949499669687775,289.3582195369986
t89,0.0,2.1,10.299866863606695,0.0,0.0,2.3549915317869585,1.48,0.0,4.482564787584829,24.5,0.0,94.08,45.0,6.446199026666665,0.0,45.74346252031748,14.868,251.35508472996264
t90,5.699999999999999,2.1,6.018331655451837,0.0,0.0,0.9450188153310117,1.48,78.06192825043127,10.224,24.5,0.0,94.08,45.0,10.584341605783132,0.0,65.07438736452121,14.868,358.63600769151844
t91,5.699999999999999,2.1,5.797321253545185,0.0,0.0,0.8836665007466417,1.48,72.35287773556571,10.224,24.5,0.0,94.08,3.0102542507275944,12.622721759839358,0.0,37.18645636158733,14.868,284.8052978620118
t92,5.699999999999999,2.1,6.6104473707249145,0.0,0.0,1.9700323544051777,1.48,80.86242681684425,10.224,24.5,0.0,94.08,45.0,13.177904872289156,0.0,36.7488416693651,14.868,337.3216530836286
t93,5.699999999999999,2.1,7.776519550307834,0.0,0.0,2.084141961174715,1.48,78.26936817250125,10.224,24.5,0.0,94.08,45.0,12.696181535742971,0.0,40.215334139365126,14.868,338.9935453590919
t94,5.699999999999999,2.1,10.13374826446871,0.0,0.0,1.1878593330014953,1.48,63.763474430847275,10.224,24.5,0.0,94.08,45.0,12.271799511646588,0.0,45.411181828412744,14.868,330.72006336837677
t95,5.699999999999999,2.1,12.407921054935452,0.0,0.0,1.4183784967645605,1.48,57.21586702546929,10.224,24.5,0.0,94.08,45.0,11.397759451726907,0.0,50.79760999333335,14.868,331.18953602222956
t96,5.699999999999999,2.1,14.792665659613865,0.0,0.0,1.6207069188651078,1.48,60.07239507397669,10.224,24.5,0.0,94.08,45.0,0.0,0.0,56.154662304285736,14.868,330.5924299567414
t97,5.699999999999999,2.1,15.69202501207547,0.0,0.0,1.727171229467397,1.48,46.49331899259257,10.224,24.5,0.0,94.08,45.0,0.0,0.0,59.32755436777781,14.868,321.19206960191326
t98,5.699999999999999,2.1,16.506014401509432,0.0,0.0,1.8167976107516186,1.48,43.78490213252157,10.224,24.5,0.0,94.08,24.991330133001604,9.958089510522088,0.0,63.96365713655601,14.868,313.9727909248623
t99,5.699999999999999,2.1,16.712761174101285,0.0,0.0,1.8120570433051282,1.48,52.38601585794012,10.224,24.5,0.0,94.08,45.0,0.0,0.0,52.529034614534794,14.868,321.39186868988133
t100,5.699999999999999,2.1,18.477855422443103,0.0,0.0,1.7892125435540074,1.48,53.117159726433265,10.224,24.5,0.0,94.08,45.0,6.805275875983935,0.0,56.56995477428572,14.868,334.71145834270004
t101,5.699999999999999,2.1,15.149641015213502,0.0,0.0,1.6653897461423603,1.48,56.211391279959386,10.224,24.5,0.0,94.08,45.0,0.0,0.0,45.33091773298556,14.868,316.3093397743008
t102,5.699999999999999,2.1,12.733159073644487,0.0,0.0,1.4495008461921364,1.48,63.09004189832571,10.224,24.5,0.0,94.08,10.004637891165723,6.716659622008033,0.0,30.37693191777781,14.868,277.3229312491139
t103,5.699999999999999,2.1,27.576399704389278,0.0,0.0,1.8778309285658137,1.48,62.45829437483508,10.224,24.5,0.0,94.08,45.0,0.33175065331202,0.0,53.87309623460318,14.868,344.0693718957054
t104,0.0,2.1,11.287626736285993,0.0,0.0,3.4040438961473383,1.48,0.0,1.819815993133735,24.5,0.0,94.08,45.0,0.06407778385542073,0.0,60.23490440940599,14.868,258.8384688188285
t105,5.699999999999999,2.1,30.968963103237353,0.0,0.0,2.668929732035839,1.48,25.920734692252353,0.0,24.5,0.0,94.08,45.0,0.0,0.0,25.287269272239797,13.70221455889224,271.4081113586576
t106,5.699999999999999,2.1,34.47228968981132,0.0,0.0,3.3084189306421115,1.48,51.338469686259245,0.0,24.5,0.0,94.08,45.0,0.0,0.0,44.27084275858473,13.58491666916414,319.83493773446156
t107,5.699999999999999,2.1,39.83357446303874,0.0,5.431184722617012,0.43641873844345214,1.48,89.9,10.224,24.5,2.4138121339287486,26.637352070135883,45.0,0.0,0.0,66.07174310829198,7.560387736709514,327.2884729731653
t108,5.699999999999999,2.1,43.356535199046675,0.0,3.3694284005233985,1.6843537955851595,1.48,89.9,10.224,23.674958032930334,1.8985373200498161,0.0,45.0,0.0,0.0,43.72997733105089,14.868,286.9857900791863
t109,5.699999999999999,2.1,27.041721213267145,0.0,0.0,4.348853873399701,1.48,89.9,9.14981138985972,11.13518545012347,5.208674971111107,0.0,45.0,0.0,0.0,72.60811566985309,8.547488979254778,282.21985154686894
t110,5.699999999999999,2.1,40.301857558212525,0.0,1.754828655551078,2.7385488401792366,1.48,89.9,10.224,10.891584758394025,4.690596870503234,0.0,45.0,0.0,0.0,51.740135858610294,4.633086867552871,271.15463940900327
t111,5.699999999999999,2.1,34.72645079042702,0.0,0.0,2.0994439099950224,1.48,89.9,9.845196776472944,23.708472948080807,0.0,32.32043246477732,45.0,0.0,0.0,64.66488754627922,8.457404384410875,320.00228882044325
t112,5.699999999999999,2.1,21.272585541886798,0.0,0.0,4.36374213941805,0.28428188717434855,89.9,7.999076805440278,24.5,1.2154501792975423,70.87360264565095,45.0,0.0,0.0,54.447112298730154,0.0,327.6558514975981
t113,0.0,2.1,0.0,0.0,0.0,2.381266693558985,1.48,0.0,4.404182885788423,24.5,0.0,94.08,45.0,2.562652298634536,0.0,37.316906944705345,14.868,228.6930088226873
t114,5.699999999999999,2.1,7.039928347288969,0.0,0.0,0.9521435540069698,1.48,67.43452510076104,10.224,24.5,0.0,94.08,11.86832957067961,8.977876882088353,0.0,40.09714302888892,14.868,289.3219464837139
t115,5.699999999999999,2.1,19.94129007940393,0.0,0.0,0.9230613240418128,1.48,79.50842087184168,10.224,24.5,0.0,94.08,45.0,0.0,0.0,42.0317722346032,14.868,340.35654450989057
t116,5.699999999999999,2.1,7.256198456524323,0.0,0.0,0.9805582877053266,1.48,69.38085101085743,10.224,24.5,0.0,94.08,45.0,12.037090443855421,0.0,37.09151792984128,14.868,324.6982161287838
t117,5.699999999999999,2.1,7.859116033485594,0.0,0.0,1.0946678944748638,1.48,67.47283023115169,10.224,24.5,0.0,94.08,45.0,11.697259992610444,0.0,30.461249050476226,14.868,316.5371232021988
t118,5.699999999999999,2.1,9.550265983833157,0.0,0.0,1.2694676953708321,1.48,73.94538977980719,10.224,24.5,0.0,94.08,45.0,7.518585265622487,0.0,43.55659190761907,14.868,333.7923006322527
t119,5.699999999999999,2.1,11.363801237060574,0.0,0.0,1.4436071677451474,1.48,60.21952323652968,10.224,24.5,0.0,94.08,45.0,11.184051517429719,0.0,47.46225539968257,14.868,329.62523855844773
t120,5.699999999999999,2.1,13.383221296643493,0.0,0.0,1.625158984569438,1.48,64.61365346199898,10.224,24.5,0.0,94.08,45.0,11.719306537349398,0.0,80.71622047904765,14.868,370.009560759609
t121,5.699999999999999,2.1,14.451545030506457,0.0,0.0,1.7096720756595332,1.48,60.80387418406901,10.224,24.5,0.0,94.08,45.0,11.494665042570283,0.0,52.632979428095254,14.868,339.0447357609005
t122,5.699999999999999,2.1,15.27981116754717,0.0,0.0,1.7596160278745647,1.48,58.60795811872143,10.224,24.5,0.0,94.08,25.330030792847076,0.0,0.0,53.63965403126985,14.868,307.5690701382601
t123,5.699999999999999,2.1,32.52568405731877,0.0,0.0,1.729358287705327,1.48,57.88760822973107,10.224,24.5,0.0,94.08,45.0,9.049819226506022,0.0,54.10808873301591,14.868,353.25255853427706
t124,5.699999999999999,2.1,24.05171315793695,0.0,0.0,1.7054798407167757,1.48,57.49591660314559,10.224,24.5,0.0,94.08,45.0,0.0,0.0,45.69505443777781,14.868,326.9001640395771
t125,5.699999999999999,2.1,14.976190512135055,0.0,0.0,1.5847024390243916,1.48,49.31156043876205,10.224,24.5,0.0,94.08,45.0,7.035292359036142,0.0,52.270392343588036,14.868,323.1301380925456
t126,5.699999999999999,2.1,13.976212359205562,0.0,0.0,1.4390690890990552,1.48,61.97445938711311,10.224,24.5,0.0,94.08,45.0,0.0,0.0,35.09874055857145,14.868,310.44048139398916
t127,5.699999999999999,2.1,29.70178534828203,0.0,0.0,2.2167141754585566,1.48,66.86628455809235,10.224,24.5,0.0,94.08,45.0,0.0,0.0,33.44179025968255,14.868,330.17857434151546
t128,0.0,2.1,14.931382288421055,0.0,0.0,2.1973728160079657,1.48,0.0,2.2394601519760493,24.5,0.0,94.08,45.0,1.5754944342168682,0.0,48.5024469732963,14.868,251.47415666391822
t129,5.699999999999999,2.1,38.19989422407151,0.0,0.0,0.4170357328820311,1.48,53.094443426525395,0.0,24.5,0.0,94.08,45.0,0.0,0.0,24.700278275572025,2.02437012896274,291.2960217880137
t130,5.699999999999999,2.1,30.02111178927507,0.0,2.1131029338500276,1.5995601938629649,1.48,89.9,10.224,24.5,0.0801655663677153,94.08,45.0,0.0,0.0,27.97132218962887,14.868,349.63726267298466
t131,5.699999999999999,2.1,43.54,0.0,0.0,2.787685907098059,1.48,89.9,7.8705031989178345,24.5,0.847413882779729,47.68182330638331,45.0,0.0,0.0,17.818255790158744,0.0,289.22568208533767
t132,5.699999999999999,2.1,43.54,0.0,0.0,4.463944565286213,1.48,89.9,7.4005034462525074,24.5,0.0015694136276955435,29.392061529318898,45.0,0.0,0.0,47.59011606774269,7.788954830954264,308.85714985318225
t133,5.699999999999999,2.1,43.54,0.0,0.0,3.967077061025107,1.48,89.9,8.093126290781568,24.240504712323233,0.0,32.94872404979758,45.0,0.0,0.0,42.14042073301587,0.0,299.10985284694334
t134,5.699999999999999,2.1,43.54,0.0,0.0,2.990821518994526,1.48,89.9,8.001366309298596,24.2803112729293,0.0,56.46498787093119,45.0,0.0,0.0,53.63147630066481,12.403169888116821,345.4921331609353
t135,5.699999999999999,2.1,43.54,0.0,0.0,2.2639432490592353,1.48,89.9,9.604119546252507,24.5,0.6605029230908174,51.60906073780788,45.0,0.0,0.0,40.21812054253969,14.868,331.44374699875016
t136,5.699999999999999,2.1,30.170870306454812,0.0,0.0,2.5572307691289202,1.48,89.9,6.829795915081292,24.5,1.7834111222277966,77.67600493219983,45.0,0.0,0.0,37.78690549021691,2.378097116334335,327.8623156516439
t137,0.0,2.1,1.1162664985032547,0.0,0.0,2.872444493459434,1.48,0.0,4.5628917393612785,24.5,0.0,94.08,45.0,4.490332290923694,0.0,44.71948929492066,14.868,239.78942431716834
t138,5.699999999999999,2.1,7.931354365163848,0.0,0.0,1.0750166251866613,1.48,62.68311846534755,10.224,24.5,0.0,94.08,45.0,0.0,0.0,36.04331985365084,14.868,305.68480930934885
t139,5.699999999999999,2.1,7.985422022879836,0.0,0.0,1.0391814833250388,1.48,75.69326771588025,10.224,24.5,0.0,94.08,45.0,2.246542853416775,0.0,37.83495477428574,14.868,322.75136884978764
t140,5.699999999999999,2.1,8.495358337358484,0.0,0.0,1.1257624688899963,1.48,73.81889845966514,10.224,24.5,0.0,94.08,45.0,11.157337775261045,0.0,42.47705318698414,14.868,335.0264102281588
t141,5.699999999999999,2.1,8.941703918291951,0.0,0.0,1.256336386261823,1.48,62.22880124606799,10.224,24.5,0.0,94.08,45.0,10.968100085943773,0.0,58.72536728313305,14.868,340.07230891969857
t142,5.699999999999999,2.1,10.14799786069513,0.0,0.0,1.414067098058737,1.48,68.61458428452562,10.224,24.5,0.0,94.08,29.434772755238498,10.675933747791165,0.0,45.54851552952386,14.868,318.787871275833
t143,5.699999999999999,2.1,11.775556947090367,0.0,0.0,1.5787818815331023,1.48,64.8671993996956,10.224,24.5,0.0,94.08,44.39117125584321,0.0,0.0,39.30516112349206,14.868,314.8698706076543
t144,5.699999999999999,2.1,13.62370987658391,0.0,0.0,1.721685216525635,1.48,50.790671848198855,10.224,24.5,0.0,94.08,45.0,9.504747435341363,0.0,48.06339373267944,14.868,321.6562081093292
t145,5.699999999999999,2.1,14.128877701807344,0.0,0.0,1.8035247386759592,1.48,56.67787852947739,10.224,24.5,0.0,94.08,14.786181795388078,9.992948238554215,0.0,53.02972365365082,14.868,303.3711346575538
t146,5.699999999999999,2.1,14.844698953048656,0.0,0.0,1.882693379790942,1.48,53.95596183541348,10.224,24.5,0.0,94.08,45.0,9.869617162248996,0.0,54.82040364412701,14.868,333.325374974629
t147,5.699999999999999,2.1,15.232236192373385,0.0,0.0,1.8639282229965166,1.48,43.43985040405884,10.224,24.5,0.0,94.08,26.1354300809542,8.403931543775101,0.0,47.250859199682566,14.868,295.2782356438406
t148,5.699999999999999,2.1,15.575646321469717,0.0,0.0,1.8591867595818823,1.48,52.4195664832065,10.224,24.5,0.0,94.08,41.67813468239277,7.085145523694779,0.0,53.725585370793695,14.868,325.29526514113934
t149,5.699999999999999,2.1,15.28153510001986,0.0,0.0,1.7666000995520168,1.48,52.68046348980215,10.224,24.5,0.0,94.08,45.0,6.430891881124495,0.0,42.33273298984128,14.868,316.4442235603398
t150,5.699999999999999,2.1,14.408724772313803,0.0,0.0,1.6786124440019912,1.48,44.78506197179097,10.224,24.5,0.0,94.08,45.0,6.344243583453814,0.0,44.133721104444476,14.868,309.302363876005
t151,5.699999999999999,2.1,13.3594338090566,0.0,0.0,1.5507103036336498,1.48,58.361225153526135,10.224,24.5,0.0,94.08,45.0,6.674557039437752,0.0,28.579827663174648,14.868,306.4777539688287
t152,0.0,2.1,19.756063144173485,0.0,0.0,1.9304648020706823,1.48,0.0,2.88214494015968,24.5,0.0,94.08,45.0,3.901018436867469,0.0,46.087084336031744,14.868,256.5847756593031
t153,5.699999999999999,2.1,7.857716849294941,0.0,0.0,2.370861530393329,1.48,0.0,6.23615575712575,24.5,0.0,94.08,45.0,0.0,0.0,9.295070330689885,7.376975816535754,205.99678028403966
t154,5.699999999999999,2.1,21.614838647030794,0.0,0.0,2.0402522585166762,1.48,55.95569429771316,0.0,24.5,0.0,94.08,45.0,0.0,0.0,28.687151528711972,13.198335521148032,294.3562722531206
t155,5.699999999999999,2.1,27.998225480953327,0.0,0.0,2.4253370906819316,1.48,73.71467299941722,1.8349485631329918,24.5,0.0,94.08,45.0,0.0,0.0,52.118442173329825,7.57984186022155,338.5314681677368
t156,5.699999999999999,2.1,43.54,0.0,4.174697455601413,0.0,1.48,89.9,10.224,24.5,1.2497135175784624,94.08,45.0,0.0,0.7077965299055436,51.909687308387134,14.868,389.4338948114725
t157,5.699999999999999,2.1,34.018912588715075,0.0,3.7756076377352805,0.0,1.48,89.9,10.224,24.5,3.2509662354942295,84.31996361940466,45.0,0.0,0.9566858195752291,56.983852893693495,14.868,377.0779887946179
t158,5.699999999999999,2.1,34.81516994991063,0.0,5.236759995188729,0.0,1.48,89.9,10.224,24.5,3.4919682979929743,66.36891744480951,45.0,0.0,0.9423914614591836,58.60826583177278,9.083686837163203,357.45115981829696
t159,5.699999999999999,2.1,32.10553387054619,0.0,0.0,2.898971834335491,1.48,89.9,8.148582432068462,24.5,3.0260176299147004,64.67091088469428,45.0,0.0,0.0,50.89841476593598,5.3420884760322265,335.7705198935273
t160,5.699999999999999,2.1,15.81932508460775,0.0,0.0,2.4048396154106535,1.48,57.7407374112962,0.0,24.5,3.5306197017059704,68.47745317485924,45.0,0.0,0.0,23.872709602991083,8.698578711560925,259.3242633024318
t161,0.0,2.1,0.0,0.0,0.0,2.558798301324043,1.48,0.0,5.138472726467065,24.5,0.0,94.08,45.0,5.736016004578316,0.0,41.461017330743836,14.868,236.92230436311326
t162,5.699999999999999,2.1,7.084917423753708,0.0,0.0,1.1661966152314591,1.48,65.09483724647384,10.224,24.5,0.0,94.08,29.80336327922347,9.44211392497992,0.0,31.949783971111145,14.868,297.4932124607736
t163,5.699999999999999,2.1,7.158448704786493,0.0,0.0,1.1312556495769053,1.48,78.10178600345003,10.224,24.5,0.0,94.08,45.0,11.26057865991968,0.0,31.424220479047666,14.868,327.0282894967808
t164,5.699999999999999,2.1,7.648476510148952,0.0,0.0,1.1692420109507229,1.48,76.53575657676308,10.224,24.5,0.0,94.08,45.0,11.414227556305224,0.0,26.303524615555563,14.868,321.02322726972346
t165,5.699999999999999,2.1,8.888512259900684,0.0,0.0,1.2421711299153817,1.48,74.27111517848807,10.224,24.5,0.0,94.08,39.63697999481108,0.0,0.0,40.41724525047622,14.868,317.40802381359146
t166,5.699999999999999,2.1,10.766069360198612,0.0,0.0,1.42335111996018,1.48,60.69213405012684,10.224,24.5,0.0,94.08,33.12564488134672,10.038245607228914,0.0,43.73354842507941,14.868,312.73099344394063
t167,5.699999999999999,2.1,13.006500343316782,0.0,0.0,1.6230068690891006,1.48,65.12648634277015,10.224,24.5,0.0,94.08,45.0,9.178058224257027,0.0,50.43598334571431,14.868,337.32203512514735
t168,5.699999999999999,2.1,15.035874722661365,0.0,0.0,1.8132388252862128,1.48,49.53975879330286,10.224,24.5,0.0,94.08,45.0,8.648891308594376,0.0,60.971131917777775,14.868,333.9608955676226
t169,5.699999999999999,2.1,15.540625467447862,0.0,0.0,1.8707366849178706,1.48,56.06210268168444,10.224,24.5,0.0,94.08,45.0,9.912028739759037,0.0,62.70387699650798,14.868,344.04137057031716
t170,5.699999999999999,2.1,16.368891604488578,0.0,0.0,1.97274892981583,1.48,52.52901693840688,10.224,24.5,0.0,94.08,45.0,9.34918315694779,0.0,55.42429881222223,14.868,333.5961394418813
t171,5.699999999999999,2.1,16.6288300354717,0.0,0.0,2.0089567944250883,1.48,48.00557684058799,9.890875309463757,24.5,0.0,94.08,45.0,7.357133448674697,0.0,55.983257948888905,14.868,327.60263037751207
t172,5.699999999999999,2.1,16.555729737557105,0.0,0.0,1.993525535092086,1.48,31.256162457335186,7.649216261064606,24.5,0.0,94.08,45.0,6.117026641445784,0.0,53.946746837777795,14.868,305.2464074702726
t173,5.699999999999999,2.1,15.473141852750745,0.0,0.0,1.8824613240418118,1.48,44.97687505286469,9.325598914309058,24.5,0.0,94.08,45.0,5.7931562840160655,0.0,47.07712461555559,14.868,312.256358043538
t174,5.699999999999999,2.1,13.532438774299901,0.0,0.0,1.7015133897461436,1.48,57.840339165499756,10.224,24.5,0.0,94.08,45.0,6.418241696867468,0.0,45.38927382190479,14.868,322.8338068483181
t175,5.699999999999999,2.1,11.375910472413102,0.0,0.0,1.450682628173222,1.48,44.458201370117344,10.224,24.5,0.0,94.08,45.0,2.227753338575968,0.0,32.67916461863902,14.868,290.1437124279187
t176,0.0,2.1,19.32915108291105,0.0,0.0,3.3376024825087116,1.48,0.0,3.06946073964072,24.5,0.0,94.08,45.0,4.551277822168676,0.0,40.98082985984129,14.868,253.29632198707046
t177,5.699999999999999,2.1,23.079219979622657,0.0,0.0,1.7617459369636639,1.48,11.324050158478698,5.130429201027374,24.5,0.0,94.08,45.0,6.691239669131403,0.0,0.0,5.774530216862006,226.6212151620858
t178,5.699999999999999,2.1,31.109851604965264,0.0,0.0,2.4140331445296175,1.48,58.7266358598423,0.0,24.5,0.0,94.08,45.0,0.0,0.0,19.121567083837387,8.34853859824773,292.5806262914223
t179,5.699999999999999,2.1,30.389127270665362,0.0,0.0,3.0316570590642122,1.48,89.9,4.426762987290132,24.5,0.0,94.08,45.0,0.0,0.0,35.11967763993399,0.818080414159109,336.54530537111276
t180,5.699999999999999,2.1,21.395600914836155,0.0,0.0,6.539588268621205,0.0,89.9,8.975969420097826,24.5,0.0,94.08,45.0,1.6963773731474112,0.0,37.33856194888892,0.0,337.2260979255915
t181,5.699999999999999,2.1,28.267845282025824,0.0,3.22513793887267,2.968646045678064,0.7765242574347002,89.9,10.224,24.5,0.0,94.08,45.0,0.0,0.0,41.12514480603176,0.0,347.867298330043
t182,5.699999999999999,2.1,30.302987953882834,0.0,0.0,3.9040745958647802,1.2937385948697404,89.9,8.445485171000799,24.5,0.0,94.08,45.0,0.0,0.0,47.64071512968253,0.0,352.8670014453007
t183,5.699999999999999,2.1,27.42265830788481,0.0,0.0,2.6659892420905935,1.48,70.28146937933872,2.3097981230252405,24.5,0.0,94.08,45.0,0.0,0.0,40.000304991416094,7.211769960785496,322.75199000454097
t184,5.699999999999999,2.1,16.46249061843099,0.0,0.0,1.5890507652364372,1.48,28.770257158445364,0.05843101146082568,24.5,0.0,94.08,45.0,0.0,0.0,24.89730953819259,12.209666623867063,256.84720571563327
t185,5.699999999999999,2.1,12.80070285970208,0.0,0.0,1.7794170771428583,1.48,52.707625591040085,10.224,24.5,0.0,94.08,45.0,6.81389929269076,0.0,49.27996536908526,14.868,321.333610189661
t186,5.699999999999999,2.1,4.358754563773577,0.0,0.0,2.057133897461425,1.48,68.35589427945204,10.224,24.5,0.0,94.08,45.0,9.593823676305217,0.0,41.89977436841273,14.868,324.217380785405
t187,5.699999999999999,2.1,21.65349537807348,0.0,0.0,1.8217517770034857,1.48,70.41371780242847,10.224,24.5,0.0,94.08,45.0,5.999349338004669,0.0,37.79514144158731,14.868,335.6354557370974
t188,5.699999999999999,2.1,5.5062262618867885,0.0,0.0,1.005646291687408,1.48,71.80435027174023,10.224,24.5,0.0,94.08,45.0,12.463250598072289,0.0,55.87459713282687,14.868,344.6060705562136
t189,5.699999999999999,2.1,6.683533113922537,0.0,0.0,1.1351871577899464,1.48,69.59459245783867,10.224,24.5,0.0,94.08,45.0,12.413017142168673,0.0,35.38552206634924,14.868,323.16385193806906
t190,5.699999999999999,2.1,8.806764494260173,0.0,4.77670791798014,4.5961563463352935,1.48,75.35560197322432,10.224,24.5,0.0,94.08,45.0,11.636175082730922,0.0,40.493404824920624,14.868,343.61681063945144
t191,5.699999999999999,2.1,27.7146268903831,0.0,6.5,7.0546641114982584,1.48,82.63093427295787,10.224,24.5,0.0,94.08,45.0,10.815172195180724,0.0,45.805401650317485,14.868,378.4727991203374
t192,5.699999999999999,2.1,13.591692001708047,0.0,6.5,6.173813638626183,1.48,76.14287891344496,10.224,24.5,0.0,94.08,45.0,11.060691348273094,0.0,66.13871395471546,14.868,377.55978985676774
t193,5.699999999999999,2.1,14.091674126832174,0.0,6.5,6.2754531607765065,1.48,61.90279783581939,10.224,24.5,0.0,94.08,45.0,11.456926584738957,0.0,61.660271508001536,14.868,359.8391232161685
t194,5.699999999999999,2.1,14.983962110943395,0.0,0.0,1.9320881035340978,1.48,53.0486762573313,10.224,24.5,0.0,94.08,45.0,10.014975906024095,0.0,54.65767444730162,14.868,332.58937682513454
t195,5.699999999999999,2.1,15.400472537954323,0.0,0.0,1.9501920358387272,1.48,51.08943398559108,10.224,24.5,0.0,94.08,45.0,8.021454548915662,0.0,52.99527286000002,14.868,327.40882596829977
t196,5.699999999999999,2.1,15.10636131650447,0.0,0.0,1.9374343454454965,1.48,50.77955696478942,10.224,24.5,0.0,94.08,45.0,6.882833871004015,0.0,47.94066333619052,14.868,320.59884983393397
t197,5.699999999999999,2.1,13.82784294510427,0.0,0.0,1.8173181682429083,1.48,54.08845003186198,10.224,24.5,0.0,94.08,45.0,6.562446018795178,0.0,37.78849190761906,14.868,312.03654907162337
t198,5.699999999999999,2.1,12.28498152075044,0.0,0.0,1.614186958685914,1.48,52.59862338873668,10.224,24.5,0.0,94.08,45.0,0.0,0.0,25.00016651079366,14.868,289.44995837896664
t199,5.699999999999999,2.1,9.069719807070499,0.0,0.0,1.2999924340467903,1.48,62.35006245520041,10.224,24.5,0.0,94.08,45.0,10.06472117437751,0.0,18.25555326936508,14.868,298.99204914006026
t200,5.699999999999999,2.1,21.087922997140023,0.0,0.0,1.4269109546938785,1.48,35.533336870226655,10.224,24.5,0.0,94.08,45.0,4.974422946184737,0.0,52.36216402793175,14.868,313.33675779617704
t201,5.699999999999999,2.1,23.8467490182721,0.0,0.0,2.45706559848681,1.48,35.52882939894042,7.084632734250915,24.5,0.0,94.08,45.0,4.843798539357431,0.0,67.89599282492068,14.868,329.3850681142283
t202,0.0,2.1,13.225157702522342,0.0,0.0,4.930911107605775,1.48,0.0,4.792263799720559,24.5,0.0,94.08,45.0,0.0,0.0,48.37904428538058,14.20147885629406,252.6888557515233
t203,5.699999999999999,2.1,6.561275590585897,0.0,0.0,5.261264901622698,0.0,44.10102454320356,0.0,24.5,0.0,94.08,45.0,0.9448336927490026,0.0,47.678762412222234,0.0,275.92716114038336
t204,5.699999999999999,2.1,0.0,7.775841543174913,0.0,3.969855842389249,0.0,52.09446463585019,0.0,24.5,0.0,94.08,45.0,0.08353536780876619,0.0,44.748671976775,0.0,280.0523693659981
t205,5.699999999999999,2.1,0.0,10.33071382224469,0.0,2.2046866039621706,1.48,46.20949917351405,0.0,24.5,0.0,94.08,45.0,0.0,0.0,37.20714540606997,6.396284015347426,275.2083290211383
t206,5.699999999999999,2.1,0.0,4.931833806309399,0.0,3.894288915709309,1.48,35.965037151927056,0.0,24.5,0.0,94.08,45.0,0.0,0.0,39.68424228582996,6.681014406404833,264.0164165661805
t207,5.699999999999999,2.1,30.32184041060577,0.0,0.0,2.749866195798907,1.48,28.96613909203549,0.0,24.5,0.0,94.08,45.0,0.0,0.0,37.89997853435766,5.628778515468273,278.42660274826613
t208,5.699999999999999,2.1,12.449326126117182,0.0,0.0,3.6934718401161315,1.48,0.0,3.7714893892215575,24.5,0.0,94.08,45.0,0.0,0.0,10.417836713649075,11.117420690110773,214.30954475921473
t209,5.699999999999999,2.1,21.807346031022835,0.0,0.0,2.6309694312394236,1.48,25.682154863590938,5.952496706381563,24.5,0.0,94.08,45.0,7.690291360803212,0.0,49.833625358412725,14.868,301.32488375145067
t210,5.699999999999999,2.1,4.476385149672294,0.0,0.0,0.9409394723743164,1.48,73.87267727204465,10.224,24.5,0.0,94.08,45.0,9.87433675373494,0.0,32.150997701428594,14.868,319.26733634925483
t211,5.699999999999999,2.1,4.549916430705057,0.0,0.0,0.9195016426082643,1.48,76.31426273972602,10.224,24.5,0.0,94.08,45.0,11.297741131084338,0.0,31.567824615555608,14.868,322.6012465596793
t212,5.699999999999999,2.1,5.594007791181732,0.0,0.0,0.9397576903932315,1.48,73.86101365154742,10.224,24.5,0.0,94.08,45.0,12.235752564658632,0.0,31.03967920920637,14.868,321.6222109069874
t213,5.699999999999999,2.1,7.391985944111216,0.0,0.0,1.051567346938777,1.48,70.76481472389648,10.224,24.5,0.0,94.08,45.0,12.319386769156626,0.0,36.760096669523854,14.868,326.23985145362695
t214,5.699999999999999,2.1,10.042893590585887,0.0,0.0,1.2599023394723747,1.48,64.57880384860475,10.224,24.5,0.0,94.08,45.0,12.235477194056227,0.0,42.74995381238095,14.868,328.8190307851002
t215,5.699999999999999,2.1,12.380643342323733,0.0,6.5,5.938843305126929,1.48,81.35741171750378,10.224,24.5,0.0,94.08,45.0,11.195502440160642,0.0,47.0958966695238,14.868,362.42029747463886
t216,5.699999999999999,2.1,14.747380184428998,0.0,6.5,6.148584967645596,1.48,74.26579034885845,10.224,24.5,0.0,94.08,45.0,4.228298924743371,0.0,51.63875794888891,14.868,355.4808123745653
t217,5.699999999999999,2.1,16.861723800993687,0.0,6.5,6.249563265306122,1.48,70.26306028452561,10.224,24.5,0.0,94.08,45.0,11.408705706827309,0.0,56.345237751746055,14.868,365.58029080939883
t218,5.699999999999999,2.1,16.574762508162856,0.0,0.0,1.9012264808362374,1.48,52.77974492947743,10.224,24.5,0.0,94.08,45.0,9.63396882248996,0.0,51.924632145555606,14.868,330.7663348865221
t219,5.699999999999999,2.1,17.030645328421052,0.0,0.0,1.9193304131408668,1.48,42.040549784271924,10.224,24.5,0.0,94.08,45.0,7.587550616385543,0.0,60.60678580389835,14.868,327.13686194611773
t220,5.699999999999999,2.1,17.045340462482617,0.0,0.0,1.9065709308113503,1.48,42.69897892034496,10.224,24.5,0.0,94.08,45.0,6.328135022811244,0.0,51.33572374354606,14.868,317.26674907999626
t221,5.699999999999999,2.1,15.771145824945384,0.0,0.0,1.7955076157292198,1.48,46.290279054693045,10.224,24.5,0.0,94.08,45.0,6.074094411566262,0.0,48.737755727301625,14.868,316.6207826342355
t222,5.699999999999999,2.1,13.541086242025825,0.0,0.0,1.595049079143854,1.48,62.702007596955866,10.224,24.5,0.0,94.08,45.0,6.736142127871489,0.0,31.013188812141767,14.868,313.53947385813876
t223,5.699999999999999,2.1,11.301517225143991,0.0,0.0,1.2808545545047294,1.48,62.67468561258244,10.224,24.5,0.0,94.08,45.0,8.947490166586347,0.0,27.10786906000002,14.868,309.26441661881756
t224,5.699999999999999,2.1,17.723172059463757,0.0,0.0,3.739944145027378,1.48,0.0,3.2537126427145715,24.5,0.0,94.08,45.0,1.9883974619277094,0.0,67.83996027253968,14.868,282.2731865816731
t225,0.0,2.1,0.0,0.0,0.0,5.322192449805875,1.48,0.0,4.335922248902195,24.5,0.0,94.08,45.0,0.0,0.0,47.1454542452009,14.221410173413895,238.18497911732288
t226,5.699999999999999,2.1,7.032352777954319,0.0,0.0,3.4592659191936304,1.48,17.227681054408578,2.7923424620734383,24.5,0.0,94.08,45.0,0.0,0.0,36.96540365489632,13.843904461530718,254.180950330057
t227,5.699999999999999,2.1,26.265002012671317,0.0,0.0,3.8084695030662026,1.48,35.61486460141943,0.0,24.5,0.0,94.08,45.0,0.0,0.0,37.74385129593794,13.399658015911372,289.69184542900626
t228,5.699999999999999,2.1,37.69197294057597,0.0,0.0,3.404237347765058,1.48,47.05536412804337,0.0,24.5,0.0,94.08,45.0,0.0,0.0,46.14055146054385,11.73281602574017,318.88494190266846
t229,5.699999999999999,2.1,28.540228609136058,0.0,0.0,3.4713614891289204,1.48,71.50003458418846,2.4649908292971032,24.5,0.0,94.08,45.0,0.0,0.0,53.75614925463211,10.710930308177243,343.3036950745599
t230,5.699999999999999,2.1,29.001006695809334,0.0,0.0,3.7193269445793935,1.48,75.42454967514364,2.5589313165922487,24.5,0.0,94.08,45.0,0.0,0.0,50.884624645753945,9.695365997502511,344.14380527538106
t231,5.699999999999999,2.1,11.349387475471703,0.0,0.0,3.298470996346442,1.48,54.62087427719074,0.0,24.5,0.0,94.08,45.0,0.0,0.0,38.01126007417142,11.919996917200406,292.0599897403807
t232,5.699999999999999,2.1,0.0,10.542269673245674,0.0,1.8381012381085122,1.48,23.836406441919102,3.65458984597881,24.5,0.0,94.08,45.0,1.4180810328514049,0.0,8.40791021375802,14.868,237.4253584458615
t233,5.699999999999999,2.1,14.448901644766618,0.0,0.0,2.5096732639920374,1.48,19.29821651193603,5.978103284850017,24.5,0.0,94.08,45.0,7.001223176465865,0.0,39.491879771111165,14.868,276.4559976531217
t234,5.699999999999999,2.1,4.84576548730883,0.0,0.0,0.9436121453459437,1.48,24.821885445357665,10.224,24.5,0.0,94.08,45.0,10.502314776546182,0.0,28.547652225079418,14.868,267.613230079638
t235,5.699999999999999,2.1,5.145062408857998,0.0,0.0,0.8886391239422603,1.48,26.81253214814813,10.224,24.5,0.0,94.08,45.0,1.0811105685650801,0.0,28.49310460603178,14.868,260.37244885554526
t236,5.699999999999999,2.1,19.17997911189655,0.0,0.0,0.942430363364859,1.48,73.06612317483511,10.224,24.5,0.0,94.08,45.0,13.564185859598393,0.0,30.25802206634924,14.868,334.96274057604415
t237,5.699999999999999,2.1,7.7475192112413005,0.0,0.0,1.0810231956197123,1.48,29.150652007760204,10.224,24.5,0.0,94.08,45.0,0.5895978131726901,0.0,37.12291826634924,14.868,273.64371049414314
t238,5.699999999999999,2.1,9.830099151658388,0.0,0.12859535074953463,1.3942487520562834,1.48,62.38499417296591,10.224,24.5,0.0,94.08,45.0,8.834135703144701,0.0,77.41853532015875,14.868,357.94260845073353
t239,5.699999999999999,2.1,12.520782369136045,0.0,6.5,5.968299153807865,1.48,75.72889989081682,10.224,24.5,0.0,94.08,45.0,11.520376171566266,0.0,69.19927768255256,14.868,379.38963526787956
t240,5.699999999999999,2.1,30.66426939951145,0.0,0.2981553247863255,1.9277672731613087,1.48,56.661874456349786,10.224,24.5,0.0,94.08,45.0,11.709981474056224,0.0,56.71378175841274,14.868,355.9278296862778
t241,5.699999999999999,2.1,15.932486440635548,0.0,4.726122396370859,5.0285631050388675,1.48,63.70716243042196,10.224,24.5,0.0,94.08,45.0,11.607337822971889,0.0,60.89330239333338,14.868,359.84697458877247
t242,5.699999999999999,2.1,16.697175616405165,0.0,0.0,1.9088717770034842,1.48,52.1275052144089,10.224,24.5,0.0,94.08,45.0,9.993723465863454,0.0,62.06585159968257,14.868,340.7451276733636
t243,5.699999999999999,2.1,17.39828783090367,0.0,0.0,1.9220030861124944,1.48,50.92770771547436,10.224,24.5,0.0,94.08,45.0,7.930596965301205,0.0,61.74835414000004,14.868,337.8789497377918
t244,5.699999999999999,2.1,17.01118157469712,0.0,0.0,1.9119171727227482,1.48,49.27803360699687,9.946449953568093,24.5,0.0,94.08,45.0,6.458227688835338,0.0,50.99950715523811,14.868,323.33331715205827
t245,5.699999999999999,2.1,15.33517164421053,0.0,0.0,1.7930669985067205,1.48,54.40022213130389,10.224,24.5,0.0,94.08,45.0,6.005892697188755,0.0,50.05363890126988,14.868,325.5399923724798
t246,5.699999999999999,2.1,13.10511206129096,0.0,0.0,1.5839292185166753,1.48,61.64893576133941,10.224,24.5,0.0,94.08,45.0,6.849726327228915,0.0,38.44860516142861,14.868,319.5883085298045
t247,5.699999999999999,2.1,10.85515774152929,0.0,6.5,6.811049477351917,1.48,76.18913823033995,10.224,24.5,0.0,94.08,45.0,9.051354271726904,0.0,49.74198811587671,14.868,357.10068783682476
t248,0.0,2.1,13.84193231710964,0.0,0.0,3.4390126368143368,1.48,0.0,3.203075561477046,24.5,0.0,94.08,45.0,3.191685681526102,0.0,51.72349259000004,14.868,257.4271987869272
t249,5.699999999999999,2.1,0.0,5.38597221642063,0.0,2.281288708402191,1.48,33.55709480042258,2.7120923873262135,24.5,0.0,94.08,45.0,0.0,0.0,19.915053365230012,7.5003269640886225,244.21182844189028
t250,5.699999999999999,2.1,16.26838506339623,0.0,0.0,3.6239305284519676,1.48,81.24763574035099,1.619797681428523,24.5,0.0,94.08,45.0,0.0,0.0,50.56092026031763,1.1681182699899277,327.34878754393526
t251,5.699999999999999,2.1,28.624877848222443,0.0,0.0,2.4188364297461433,1.48,89.9,9.955032098476957,24.5,0.0,94.08,45.0,0.0,0.0,41.04394553429755,13.617579700327294,358.42027161107035
t252,5.699999999999999,2.1,22.483925057267616,0.0,0.0,3.0395214610154317,1.48,89.9,8.6936984395992,24.5,2.851132540338805,94.08,45.0,0.0,0.0,22.583355536190492,14.868,337.2796330344115
t253,5.699999999999999,2.1,31.94300036421053,0.0,0.0,2.066937773698358,1.48,89.9,8.653832524769536,24.5,2.8951304855393865,86.85958020693616,45.0,0.0,0.0,43.15247057955765,13.68011176676737,357.931063701479
t254,5.699999999999999,2.1,31.570740388679255,0.0,0.0,2.9135469545345956,1.48,89.9,8.693185846092184,24.5,2.2367591202609134,46.45066383814401,45.0,0.584011881625118,0.0,56.00766116793651,14.868,332.00456919727264
t255,5.699999999999999,2.1,18.918708153075457,0.0,0.0,2.7290106678247894,1.48,89.9,9.642879472344692,24.5,2.4295121383341693,55.64045699461539,45.0,3.2268286961445787,0.0,47.47208988539685,14.868,323.6074860077359
t256,5.699999999999999,2.1,16.282093585898714,0.0,0.0,2.1252608199900456,1.48,37.84451793240602,1.2108425527206503,24.5,2.850137125378826,58.823314496243995,45.0,0.0,0.0,34.709372087135684,6.76804383045317,239.3935824302271
t257,0.0,2.1,0.0,0.0,0.0,2.704542751299156,1.48,0.0,4.778870862994012,24.5,0.0,94.08,45.0,4.615735021365457,0.0,33.93625311773237,14.868,228.063401753391
t258,5.699999999999999,2.1,5.0001686650645505,0.0,0.0,1.7434106199545647,1.48,73.71430984042256,10.224,24.5,0.0,94.08,45.0,3.0592389836772935,0.0,47.85595227006822,14.868,329.32508037918717
t259,5.699999999999999,2.1,5.787783362184705,0.0,0.0,0.9244742658038829,1.48,76.9440370102891,10.224,24.5,0.0,94.08,45.0,12.211580689317266,0.0,37.30301627253973,14.868,331.1228916001346
t260,5.699999999999999,2.1,6.757495378073478,0.0,0.0,2.0379960179193635,1.48,73.50898432527852,10.224,24.5,0.0,94.08,45.0,0.0,0.0,41.89466366380957,14.868,322.1511393850809
t261,5.699999999999999,2.1,7.839652279761665,0.0,0.0,1.0769438526630168,1.48,76.01585707721966,10.224,24.5,0.0,94.08,45.0,0.0,0.0,46.78414683777778,14.868,329.6686000474221
t262,5.699999999999999,2.1,10.231469558808344,0.0,0.0,2.35546799402688,1.48,70.2519930488077,10.224,24.5,0.0,94.08,45.0,11.479282154698796,0.0,73.34474091276259,14.868,365.6149536691043
t263,5.699999999999999,2.1,12.78981315364449,0.0,0.0,1.5172046789447504,1.48,63.32564175910704,10.224,24.5,0.0,94.08,45.0,6.569757970218288,0.0,59.992423981269845,14.868,342.1468415431844
t264,5.699999999999999,2.1,16.22165351901231,0.0,0.0,1.7104811348929825,1.48,52.45971948209478,10.224,24.5,0.0,94.08,45.0,10.349644829718875,0.0,62.92429858444444,14.868,341.6177975501634
t265,5.699999999999999,2.1,15.955411961986094,0.0,0.0,1.8320039820806384,1.48,51.529269072754914,10.224,24.5,0.0,94.08,45.0,10.087973166907627,0.0,62.01626421714289,14.868,339.37292240087214
t266,5.699999999999999,2.1,16.910845924250243,0.0,0.0,1.9407682429069189,1.48,48.20632630461694,10.224,24.5,0.0,94.08,45.0,8.523104669236947,0.0,62.80355930968257,14.868,336.3366044506936
t267,5.699999999999999,2.1,17.469219310546173,0.0,0.0,1.9705968143354904,1.48,28.936537321637548,7.7500307302187075,24.5,0.0,94.08,45.0,6.7761350387148624,0.0,60.41348389222223,14.868,311.044003107675
t268,5.699999999999999,2.1,17.409966735173782,0.0,0.0,1.973268591338975,1.48,14.650170289826583,5.9025870623200625,24.5,0.0,94.08,45.0,5.4448414154216875,0.0,56.46964366317463,14.868,289.5784777572557
t269,5.699999999999999,2.1,16.111121991777555,0.0,0.0,1.868584569437532,1.48,32.282394506097575,7.961433562469425,24.5,0.0,94.08,45.0,4.920461897510037,0.0,46.45801985365082,14.868,297.33001638094294
t270,5.699999999999999,2.1,13.768172767666334,0.0,0.0,1.6604807366849192,1.48,56.36549602638253,10.224,24.5,0.0,94.08,45.0,0.0,0.0,35.46603079013066,14.868,305.21218032086443
t271,5.699999999999999,2.1,28.822913451559085,0.0,0.0,1.3734421105027388,1.48,65.26825571628612,10.224,24.5,0.0,94.08,45.0,0.0,0.0,34.681845001706606,14.868,328.09845628005456
t272,0.0,2.1,0.0,0.0,0.0,3.3972255785764065,1.48,0.0,2.6991531382834326,24.5,0.0,94.08,45.0,0.0,0.0,57.11690707839692,12.184993261993949,242.55827905725073
t273,5.699999999999999,2.1,0.0,2.4410750403640025,0.0,4.492148911661189,0.5028989629258529,61.551125042395284,0.0,24.5,0.0,94.08,45.0,0.0,0.0,42.772170045708506,0.0,283.1394180030548
t274,5.699999999999999,2.1,1.680531509960164,0.0,0.5981779008454975,4.010919783067406,0.781121858975906,89.9,10.224,24.5,0.0,94.08,45.0,0.0,0.0,60.10142009960005,0.0,338.676171152449
t275,5.699999999999999,2.1,5.311347274001992,0.0,6.5,0.0,1.3436727060678653,89.9,10.224,24.5,0.0,94.08,45.0,0.0,0.0,53.4740507724839,0.0,338.13307075255375
t276,5.699999999999999,2.1,20.6436578303873,0.0,5.918121157634629,0.0,1.0789056416860878,89.9,10.224,23.90445196121212,0.0,39.34069757222671,45.0,0.0,0.0,86.4811814415873,0.0,330.2910156047341
t277,5.699999999999999,2.1,43.54,0.0,6.5,0.0,0.8917509495808386,85.40291909578119,10.224,22.721621481818183,0.0,8.135394618704428,45.0,0.0,0.0,59.711889124127,0.0,289.92757527001163
t278,5.699999999999999,2.1,38.500679204369426,0.0,6.5,0.0,0.8106970573652699,75.31382415541647,10.224,21.569868476161616,0.0,50.42189327538461,45.0,0.0,0.0,61.8261858598413,0.0,317.96714802853865
t279,5.699999999999999,2.1,18.085097284766643,0.0,6.5,0.0,0.9788475908982037,89.9,10.224,23.393407516969695,0.0,49.039858606153835,45.0,0.0,0.0,71.4880325613672,0.0,322.4092435601556
t280,5.699999999999999,2.1,5.042087779821256,0.0,0.0,1.5434441948033866,1.48,29.62468709334649,0.0,24.5,1.0808964977220263,86.77984078828474,45.0,0.0,0.0,58.71391762780705,1.6010989281571002,263.16597290994207
t281,0.0,2.1,2.795454604884515,0.0,0.0,2.3100865044101546,1.48,0.0,0.860160123912174,24.5,0.0,94.08,45.0,3.877434761526105,0.0,63.358955384285736,14.868,255.23009137901866
t282,5.699999999999999,2.1,8.587908486315774,0.0,0.0,1.0156551518168255,1.48,27.31458304201584,3.7092832540583114,24.5,0.0,94.08,45.0,0.0,0.0,41.687617859841275,14.868,270.04304779404805
t283,5.699999999999999,2.1,8.328401038450833,0.0,0.0,0.986200199104033,1.48,32.13044044288872,4.410100764659211,24.5,0.0,94.08,45.0,1.4292524854618407,0.0,40.41400198682542,14.868,275.42639691739004
t284,5.699999999999999,2.1,17.293709704911333,0.0,0.0,2.121531607765058,1.48,0.0,0.3372310674650681,24.5,0.0,94.08,45.0,0.0,0.0,43.76080992333336,14.868,251.24128230347483
t285,5.699999999999999,2.1,9.549390114915585,0.0,0.0,1.1514274763563968,1.48,0.0,0.6758207457085831,24.5,0.0,94.08,45.0,0.0,0.0,47.13170198682542,14.868,246.23634032380596
t286,5.699999999999999,2.1,10.897991902403172,0.0,0.0,1.3122026879044308,1.48,52.39216083479587,9.629709779102667,24.5,0.0,94.08,45.0,0.0,0.0,53.15814008206353,14.868,315.11820528626964
t287,5.699999999999999,2.1,12.368978992770598,0.0,0.0,1.5054791438526642,1.48,61.444469335362754,10.224,24.5,0.0,94.08,45.0,8.208737061365461,0.0,69.39259133357639,14.868,350.87225586692784
t288,5.699999999999999,2.1,14.443759529016884,0.0,0.0,2.7659002488800417,1.48,8.952642886230214,3.808812770538904,24.5,0.0,94.08,45.0,8.34491014939759,0.0,93.12678175841273,14.868,319.1708073424764
t289,5.699999999999999,2.1,15.248238178470706,0.0,0.0,1.7943894474863127,1.48,38.314537256120666,8.325087752647384,24.5,0.0,94.08,45.0,7.89404488883534,0.0,64.78303826698418,14.868,324.08733579054456
t290,5.699999999999999,2.1,16.101153769334655,0.0,0.0,1.884015828770533,1.48,9.238091999298042,4.789351941428621,24.5,0.0,94.08,45.0,6.712453398875501,0.0,65.26798334571431,14.868,291.7210502834217
t291,0.0,2.1,8.993768194600802,0.0,0.0,1.9138444001991046,1.48,0.0,3.7814724886227546,24.5,0.0,94.08,45.0,5.331528522570281,0.0,64.32417318761905,14.868,266.372786793612
t292,0.0,2.1,1.8260954194694008,0.0,0.0,1.9282417122946753,1.48,0.0,3.9232749796407167,24.5,0.0,94.08,45.0,3.9815577214457836,0.0,60.647856908095264,14.868,254.33502674094584
t293,0.0,2.1,6.10256897217063,0.0,0.0,1.8393607765057258,1.48,0.0,3.814168241117765,24.5,0.0,94.08,45.0,3.494848584096387,0.0,53.340074774920645,14.868,250.61902134881115
t294,5.699999999999999,2.1,16.85027194212513,0.0,0.0,2.792999701343953,1.48,0.0,3.3601703910059486,24.5,0.0,94.08,45.0,3.5466636967068266,0.0,43.62544008206351,14.868,257.9035458132454
t295,5.699999999999999,2.1,15.472710869632573,0.0,0.0,2.1910365923270096,1.48,38.87236343608097,7.878314047361523,24.5,0.0,94.08,45.0,0.0,0.0,31.914683345714316,14.868,284.0571082911164
t296,0.0,2.1,10.287386012591854,0.0,0.0,3.425119270871081,1.48,0.0,2.685958582315368,24.5,0.0,94.08,45.0,0.0,0.0,32.686823943702,10.199500701470287,226.4447885109506
t297,5.699999999999999,2.1,5.717212654895727,0.0,0.0,3.5132811506520665,1.48,38.33900525291277,0.0,24.5,0.0,94.08,45.0,0.0,0.0,5.639016803208681,5.936000947854983,232.00451680952423
t298,5.699999999999999,2.1,20.123494487269113,0.0,0.0,3.249479926026372,1.0177064129458901,85.01192884434411,3.204861212348435,24.5,2.6564764898344193,49.23610743837653,45.0,0.0,0.0,28.507426330476207,0.0,270.3074811416211
t299,5.699999999999999,2.1,33.91509996945383,0.0,0.0,3.997104844031858,1.48,89.9,10.102622874949901,24.5,3.1835794598996476,31.56723168655625,45.0,0.0,0.0,0.0,14.868,266.3136388348915
t300,5.699999999999999,2.1,0.0,2.696948422770468,0.0,4.742296780318568,1.48,89.9,7.866378870501003,13.612883353278562,6.597345237289491,0.0,45.0,0.0,0.0,34.68959397709146,5.789169859212071,220.1746165004616
t301,5.699999999999999,2.1,0.0,0.0,0.0,3.698356810184172,1.48,89.9,8.117023477234474,0.0,10.454374435524334,10.469490680738511,45.0,0.0,0.0,4.459037504444489,14.868,196.24628290812598
t302,5.699999999999999,2.1,19.23066444762662,0.0,0.0,3.650316790273769,1.48,89.9,9.824193286332669,0.2460033675615224,9.066691384294966,0.0,45.0,0.0,0.0,43.57444892515226,12.330205075407855,242.10252327664966
t303,5.699999999999999,2.1,1.245528004250247,0.0,0.0,3.170528537411648,1.48,89.9,7.8481020672144295,0.0,8.723095317992977,8.215584185502173,45.0,0.0,0.0,33.83121182873016,14.868,222.08204994110162
t304,5.699999999999999,2.1,0.0,6.970355927563206,0.0,3.447887123773022,1.48,89.9,4.559513748434066,8.82908295090599,8.904681049845534,0.0,45.0,0.0,0.0,16.004379552201733,4.503888263726082,197.39978861644963
t305,0.0,2.1,0.0,0.0,0.0,3.4421363938178215,1.48,0.0,6.177672097764472,24.5,5.387943290697441,89.0714392017983,45.0,8.273422108563095,0.0,0.0,4.275064437597713,189.70767753023884
t306,5.699999999999999,2.1,7.29640501064547,0.0,0.0,1.1271763066202103,1.48,0.0,0.5568959281437115,24.5,0.0,94.08,45.0,0.0,0.0,31.61341191714289,14.868,228.32188916255225
t307,5.699999999999999,2.1,7.537324573704068,0.0,0.0,2.205010751617721,1.48,0.0,0.2425214387225546,24.5,0.0,94.08,45.0,0.0,0.0,63.69381944714288,14.868,261.40667621118723
t308,5.699999999999999,2.1,8.5325341069712,0.0,0.0,1.1843005475360884,1.48,0.0,0.4058028758483031,24.5,0.0,94.08,45.0,0.0,0.0,39.60197064730161,14.868,237.4526081776572
t309,5.699999999999999,2.1,10.159245129811316,0.0,0.0,1.3288999502239933,1.48,0.0,0.9238281596806384,24.5,0.0,94.08,45.0,0.0,0.0,44.2818781773016,14.868,244.42185141701754
t310,5.699999999999999,2.1,11.506109082144983,0.0,0.0,1.502434644101544,1.48,0.0,1.6303416079840323,24.5,0.0,94.08,45.0,0.0,0.0,46.944435092381,14.868,249.31132042661153
t311,5.699999999999999,2.1,13.28028584480635,0.0,0.0,1.6644758586361377,1.48,13.40631987739273,4.101955595948866,24.5,0.0,94.08,45.0,7.685147357269078,0.0,81.16261151063492,14.868,309.028796044688
t312,5.699999999999999,2.1,32.31979925096326,0.0,0.0,1.8265179691388762,1.48,11.415788526402139,5.768428046137974,24.5,0.0,94.08,45.0,7.430645863132531,0.0,55.16969858444448,14.868,301.6588782402192
t313,5.699999999999999,2.1,16.730903521072495,0.0,0.0,1.8961122946739677,1.48,0.0,3.3358498299401202,24.5,0.0,94.08,45.0,7.107676650923697,0.0,88.69764658645737,14.868,305.49618888306765
t314,5.699999999999999,2.1,34.45687770180735,0.0,0.0,2.0007972125435547,1.48,0.0,3.7524159361277447,24.5,0.0,94.08,45.0,8.332248569317269,0.0,61.98466801920635,14.868,298.25500743900227
t315,5.699999999999999,2.1,18.348522190387293,0.0,0.0,2.0229804878048796,1.48,16.154845086700906,6.1414269091257125,24.5,0.0,94.08,45.0,6.995827173815262,0.0,62.450972781111126,14.868,299.84257462894516
t316,5.699999999999999,2.1,19.943200477394043,0.0,0.0,2.0065161772025903,1.48,0.0,4.023152747305389,24.5,0.0,94.08,45.0,5.6839522069076285,0.0,59.33385414000001,14.868,278.7186757488097
t317,5.699999999999999,2.1,18.206228247984107,0.0,0.0,1.951169537083127,1.48,0.0,4.032356435928143,24.5,0.46900464636770617,94.08,45.0,5.165298165943775,0.0,57.28943277081757,14.868,274.8414898041244
t318,5.699999999999999,2.1,17.42164433537239,0.0,0.0,2.9397512195121958,1.48,17.85053268433409,6.236925813422982,24.5,0.20173757675136866,94.08,45.0,4.763767367228914,0.0,45.26544366317466,14.868,282.40780265979663
t319,5.699999999999999,2.1,30.37895688565008,0.0,0.0,2.47884008735128,1.48,0.0,3.29440453013972,24.5,0.0,94.08,45.0,0.0,0.0,37.713216044127016,14.868,261.5934175472681
t320,5.699999999999999,2.1,19.18064505521351,0.0,0.0,2.4846676890791444,1.48,37.860154572449495,0.0,24.5,0.0,94.08,45.0,0.0,0.0,13.965579425873823,8.672977129949647,255.02402387256564
t321,5.699999999999999,2.1,3.9144456764250357,0.0,3.8238757877302447,3.9931685938381567,0.0,89.9,10.224,24.5,1.5850248839739065,47.58138632098723,45.0,2.0252263685258978,0.0,49.09436214661824,0.0,289.44148977809874
t322,5.699999999999999,2.1,26.869340009929825,0.0,4.206736845228925,3.330697981642898,0.0,89.9,10.224,0.0,7.5800504720220765,4.955044612125972,45.0,0.0,0.0,0.0,0.0,199.86586992094968
t323,5.699999999999999,2.1,16.500252517298918,0.0,0.0,5.242100143036336,0.0,89.9,10.224,0.0,6.571723573075764,78.86783387921555,45.0,0.0,0.0,54.647537543015886,0.0,314.7534476556425
t324,5.699999999999999,2.1,29.239490711261166,0.0,0.0,6.701093013832373,0.0,89.9,10.224,10.419432034615362,9.522661441923264,94.08,45.0,0.0,0.0,31.927827473333345,0.0,334.8145046749655
t325,5.699999999999999,2.1,4.873882522303876,0.0,0.0,7.676565570761573,0.0,89.9,10.224,12.606835885879725,10.181343453074243,94.08,45.0,13.255981180000001,0.0,34.49183517936508,0.0,330.0904437913845
t326,5.699999999999999,2.1,22.24004597350546,0.0,0.0,6.986334189825784,0.0,89.9,10.224,7.577288313834072,8.564462431380173,94.08,45.0,0.984168070358563,0.0,5.044288703809524,0.0,298.4005876827136
t327,5.699999999999999,2.1,1.5135030602979263,0.0,0.0,6.764601301732204,0.0,89.9,10.224,0.0,6.772449905499247,61.55672433923715,45.0,1.1921907289142881,0.0,34.82470413238095,0.0,265.54817346806175
t328,5.699999999999999,2.1,8.137746381370414,0.0,0.0,5.681193522827278,0.0,89.9,10.224,0.0,8.553462215112896,36.273679611578345,45.0,0.0,0.0,44.66473252953788,0.0,256.23481426042684
t329,5.699999999999999,2.1,0.0,8.883460010596556,0.0,1.0168496701642615,1.48,0.0,0.0,24.5,3.980784309984946,43.07999096987818,45.0,0.0,0.0,7.114726452910172,11.666597046062435,154.52240845959653
t330,5.699999999999999,2.1,6.9858747226613644,0.0,0.0,1.1688701841712303,1.48,53.844258968602,9.513633798163296,24.5,0.0,94.08,45.0,6.469489591164658,0.0,50.10195407000002,14.868,315.8120813347626
t331,5.699999999999999,2.1,7.186990909354506,0.0,0.0,1.1176037829766057,1.48,63.74051461146625,10.224,24.5,0.0,94.08,45.0,7.860310198232929,0.0,53.995860419206366,14.868,331.8532799212366
t332,5.699999999999999,2.1,7.603501336365434,0.0,0.0,1.1696147336983582,1.48,60.55756782606368,9.851427894966722,24.5,0.0,94.08,45.0,8.105634556465866,0.0,54.69645255269844,14.868,329.71219890025844
t333,5.699999999999999,2.1,8.755296768341603,0.0,0.0,1.2448438028870101,1.48,70.29265932947743,10.224,24.5,0.0,94.08,45.0,8.227359058634535,0.0,56.26584960587304,14.868,342.7380085652136
t334,5.699999999999999,2.1,10.627668168540218,0.0,0.0,1.4260237929318085,1.48,65.7424737802131,10.224,24.5,0.0,94.08,45.0,8.325052672128516,0.0,55.09127318761909,14.868,339.1644916014327
t335,5.699999999999999,2.1,12.852959262204566,0.0,0.0,1.6279794922847193,1.48,60.081835768239436,10.224,24.5,0.0,94.08,45.0,7.7354451338152606,0.0,67.2591573146032,14.868,347.50937697114716
t336,5.699999999999999,2.1,15.117622618709031,0.0,0.0,1.8222907914385276,1.48,55.53966268209031,10.224,24.5,0.0,94.08,45.0,7.587910695100403,0.0,64.79571272272574,14.868,342.815199510064
t337,5.699999999999999,2.1,0.0,0.0,6.5,6.420656445993034,1.48,89.9,10.224,24.5,0.0,94.08,45.0,10.667459047068272,0.0,59.388645875873046,14.868,370.8287613689344
t338,5.699999999999999,2.1,0.0,0.0,6.5,7.563261324041812,1.48,89.9,10.224,24.5,0.0,94.08,45.0,8.610513747563317,0.0,53.58218493301591,14.868,364.107960004621
t339,5.699999999999999,2.1,0.0,0.0,6.5,7.608521154803385,1.48,89.9,10.224,24.5,0.0,94.08,45.0,7.412475487389558,0.0,57.26349087571432,14.868,366.6364875179072
t340,5.699999999999999,2.1,0.0,0.0,6.5,6.511549726231958,1.48,89.9,10.224,24.5,0.0,94.08,45.0,5.747475529477912,0.0,0.0,14.868,306.6110252557099
t341,5.699999999999999,2.1,0.0,0.0,6.5,6.394105326032854,1.48,89.9,10.224,24.5,0.0,94.08,18.029134997860893,5.129516500562249,0.0,23.636554139999994,14.868,302.54131096445604
t342,5.699999999999999,2.1,0.0,0.0,6.5,6.1936476854156295,1.48,89.9,10.224,24.5,0.0,94.08,45.0,5.758192195341367,0.0,0.0,14.868,306.30383988075704
t343,5.699999999999999,2.1,0.0,0.0,6.5,6.954614036834246,1.48,89.9,10.224,24.5,0.0,94.08,45.0,0.0,0.0,0.0,14.868,301.3066140368342
t344,5.699999999999999,2.1,20.635648658947368,0.0,0.0,1.3288571365654567,1.48,73.32294469364189,8.772532806813079,24.5,0.0,94.08,45.0,6.218505732913135,0.0,0.0,8.701098747686205,291.8395877765671
t345,0.0,2.1,28.694945964692828,0.0,0.0,3.316028388083624,1.48,0.0,0.5853865452504999,24.5,0.0,94.08,45.0,0.0,0.0,34.61406201238099,14.868,249.23842291040793
t346,0.0,2.1,10.309203275676305,0.0,0.0,2.9240011108312607,1.48,0.0,0.3598579012774453,24.5,2.2579468608931244,32.25324956091241,45.0,0.0,0.0,42.936597477495525,0.41515785778448744,164.53601404487057
t347,0.0,2.1,30.460107191698114,0.0,0.0,4.162861638456943,1.48,0.0,0.0,24.5,1.0231935675062707,0.0,45.0,0.0,0.0,92.22764867317461,0.0,200.95381107083594
t348,0.0,2.1,6.557787258272095,0.0,0.0,4.170506176749247,1.48,0.0,1.7756859192814378,24.5,1.2027475623883586,49.47127449285151,45.0,0.0,0.0,33.20876645095241,14.868,184.33476786049505
t349,0.0,2.1,28.250905839245288,0.0,0.0,3.4924767703633646,1.48,0.0,0.0,21.981856359797977,0.0,0.0,45.0,0.0,0.0,31.252328725513006,9.771857061427573,143.3294247563472
t350,0.0,2.1,11.77272119698624,0.0,0.0,4.498369453290195,1.48,0.0,5.150925380328534,24.5,0.7200470586352218,28.215891935170085,45.0,0.0,0.0,58.380815917777824,14.868,196.6867709421881
t351,0.0,2.1,42.20116984520358,0.0,0.0,2.708768955530116,1.48,0.0,0.0,22.66636721090909,0.0,0.0,45.0,0.0,0.0,42.910961677307654,9.502932639617319,168.57020032856775
t352,0.0,2.1,31.032942278847408,0.0,0.0,1.8768020981483327,1.48,0.0,0.0,24.5,1.5504004674460599,0.0,45.0,0.0,0.0,59.24684677931826,4.707550579899294,171.49454220365936
t353,5.699999999999999,2.1,9.700858068520356,0.0,0.0,0.9429479418516682,1.48,55.006211522177985,6.217478846573943,24.5,4.4285390027998,94.08,21.993773125130485,0.9595018393574287,0.0,14.083841852539715,14.868,256.06115219895133
t354,5.699999999999999,2.1,0.0,0.0,0.0,1.01002130413141,1.48,75.59964355063198,10.224,24.5,0.0,94.08,0.0,0.0,0.0,0.0,14.868,229.5616648547634
t355,5.699999999999999,2.1,0.0,0.0,0.0,1.7770125037332016,1.48,64.99207529040523,10.224,24.5,0.0,94.08,16.498056072090648,11.642398164016065,0.0,0.0,14.868,247.86154203024518
t356,5.699999999999999,2.1,0.0,0.0,0.0,0.940130413140867,1.48,76.6830899129267,10.224,24.5,0.0,94.08,45.0,12.144033571244979,0.0,48.05614203714289,14.868,335.7753959344554
t357,5.699999999999999,2.1,0.0,0.0,4.0243083481371125,4.891331347005245,1.48,89.9,10.224,24.5,0.0,94.08,0.0,11.475907685301205,0.0,0.0,14.868,263.24354738044354
t358,5.699999999999999,2.1,0.0,0.0,6.5,5.723755400696865,1.48,89.9,10.224,24.5,0.0,94.08,45.0,10.968816306506023,0.0,61.14666271079366,14.868,372.19123441799655
t359,5.699999999999999,2.1,0.0,0.0,6.5,5.960653857640618,1.48,89.9,10.224,24.5,0.0,94.08,45.0,10.395373607389558,0.0,0.0,14.868,310.70802746503017
t360,5.699999999999999,2.1,0.0,0.0,6.5,6.144878347436537,1.48,89.9,10.224,24.5,0.0,94.08,23.407696093665493,10.763785317429718,0.0,15.762674774920642,14.868,305.43103453345236
t361,5.699999999999999,2.1,0.0,0.0,6.5,6.283843902439025,1.48,89.9,10.224,24.5,0.0,94.08,45.0,0.0,0.0,60.55200871941298,14.868,361.187852621852
t362,5.699999999999999,2.1,0.0,0.0,6.5,6.379476854156298,1.48,89.9,10.224,24.5,0.0,94.08,37.291656075923946,0.0,0.0,64.71330874253971,14.868,357.73644167261995
t363,5.699999999999999,2.1,0.0,0.0,6.5,6.424736684917871,1.48,89.9,10.224,24.5,0.0,94.08,45.0,0.0,0.0,59.808820938849436,14.868,360.58555762376733
t364,5.699999999999999,2.1,0.0,0.0,6.5,6.402926132404182,1.48,89.9,10.224,24.5,0.0,94.08,45.0,3.94204158168674,0.0,0.0,14.868,304.69696771409093
t365,5.699999999999999,2.1,0.0,0.0,6.5,6.285482628173222,1.48,89.9,10.224,24.5,0.0,94.08,45.0,6.315103762730923,0.0,0.0,14.868,306.9525863909041
t366,5.699999999999999,2.1,0.0,0.0,0.0,2.7030848183175724,1.48,45.58054075701837,10.224,24.5,0.0,94.08,45.0,0.0,0.0,0.0,14.868,246.23562557533592
t367,0.0,2.1,0.0,0.0,0.0,2.3644070681931315,1.48,0.0,6.498289711776446,24.5,0.0,88.52079315213983,0.0,8.354842610602411,0.0,52.75411317090464,14.868,201.44044571361647
t368,0.0,2.1,20.2957879594439,0.0,0.0,3.695440923434545,1.48,0.0,4.776791189128328,24.5,6.726937373094593,50.36093897448956,45.0,0.7833764018473921,0.0,1.8224657590476552,14.868,176.40973858048596
t369,5.699999999999999,2.1,19.42351158200596,0.0,0.0,3.4685589007765065,1.48,45.04476199952925,5.568743483350483,24.5,5.102626808610135,94.08,45.0,0.0,0.0,24.04745672729159,0.14639039417925664,275.6620498957432
t370,0.0,2.1,24.144421524095268,0.0,0.0,6.493826695699353,0.0,0.0,4.168083219081837,19.68750079073295,3.427411811280513,0.0,45.0,0.0,0.0,0.0,0.0,105.02124404088991
t371,0.0,2.1,19.99877136067527,0.0,0.0,8.02663286792434,0.0,0.0,0.0,0.0,8.300134789974912,0.0,45.0,0.0,0.0,0.0,0.0,83.42553901857453
t372,5.699999999999999,2.1,35.35557022129096,0.0,0.0,5.27999103318221,1.240953542565132,0.0,0.0,0.0,7.351659730627195,0.0,45.0,0.0,0.0,0.0,0.0,102.0281745276655
t373,5.699999999999999,2.1,19.008638596663356,0.0,0.0,7.227632668820308,0.0,0.0,0.19762079584830336,0.0,6.67526701146011,0.0,42.08796324969461,0.0,0.0,0.0,0.0,82.99712232248669
t374,0.0,2.1,21.972495597656394,0.0,0.0,7.079685929148831,0.0,0.0,6.562089845948103,0.0,6.568883410145511,0.0,45.0,0.0,0.0,0.0,0.0,89.28315478289883
t375,5.699999999999999,2.1,21.202844340854018,0.0,0.0,6.455656660856148,0.0,0.0,0.0,5.1961971940217655,5.407616596579488,0.0,45.0,0.0,0.0,0.0,0.0,91.06231479231141
t376,2.622486765985495,2.1,0.0,0.0,0.0,3.5340794651743317,1.2625354556763737,0.0,0.7239225331813441,0.0,8.936546402498745,0.0,45.0,0.0,0.0,0.0,0.0,64.1795706225163
t377,5.699999999999999,2.1,15.207230092512408,0.0,0.0,0.9440477786759579,1.48,47.2951117331391,5.997353158905442,24.5,4.042472680822878,94.08,12.490812044747953,2.806795396096804,0.0,0.0,8.044068924051638,224.68789180895217
t378,5.699999999999999,2.1,0.0,0.0,0.0,2.0436298656047795,1.48,3.9262457694514956,8.03272273320868,24.5,0.0,94.08,45.0,0.0,0.0,0.0,14.868,201.73059836826496
t379,0.0,2.1,0.0,0.0,0.0,1.6969514783474375,1.48,0.0,6.543597192814373,24.5,0.0,94.08,0.0,13.740308010120478,0.0,0.0,14.868,159.00885668128228
t380,5.699999999999999,2.1,0.0,0.0,0.0,1.924772523643604,1.48,8.324994101117744,7.634221955516765,24.5,0.0,94.08,0.0,14.028654461847385,0.0,18.727450856666707,14.868,193.3680938987922
t381,5.699999999999999,2.1,0.0,0.0,0.0,0.967799701343953,1.48,41.31429901568864,5.72933008316624,24.5,0.0,94.08,13.503970687103262,13.186342337349398,0.0,29.859556986984167,14.868,247.28929881163566
t382,5.699999999999999,2.1,0.0,0.0,2.8780868379977744,3.1264338141407597,1.48,86.09122975874001,10.224,24.5,9.083899648770696,94.08,0.0,12.509301551485944,0.0,0.0,14.868,266.64095161113516
t383,5.699999999999999,2.1,0.0,0.0,6.5,5.839644400199104,1.48,89.9,10.224,24.5,0.0,94.08,0.0,11.728284856706827,0.0,0.0,14.868,266.91992925690596
t384,5.699999999999999,2.1,0.0,0.0,6.5,6.021197112991538,1.48,89.9,10.224,24.5,0.0,94.08,45.0,0.0,0.0,58.593239459841335,14.868,358.9664365728329
t385,5.699999999999999,2.1,0.0,0.0,6.5,6.162461722249876,1.48,89.9,10.224,24.5,0.0,94.08,45.0,0.0,0.0,67.32389682783867,14.868,367.8383585500885
t386,5.699999999999999,2.1,0.0,0.0,6.5,6.226198208063714,1.48,89.9,10.224,24.5,0.0,94.08,0.0,10.290410981204818,0.0,51.62035203746032,14.868,317.48896122672886
t387,5.699999999999999,2.1,0.0,0.0,6.5,6.236888899950224,1.48,89.9,10.224,24.5,0.0,94.08,32.18211327077231,8.466886005301207,0.0,41.946218704127006,14.868,338.18410688015075
t388,5.699999999999999,2.1,0.0,0.0,6.5,6.1523193628670985,1.48,89.9,10.224,24.5,0.0,94.08,45.0,2.5954623327710857,0.0,0.0,14.868,303.09978169563817
t389,5.699999999999999,2.1,0.0,0.0,6.5,5.968410253857642,1.48,85.71582450044431,10.224,24.5,0.0,94.08,3.659475272019125,6.98067144257028,0.0,33.56048293920638,14.868,295.3368644080977
t390,5.699999999999999,2.1,0.0,0.0,0.0,1.2468265803882543,1.48,48.33036903224624,10.224,24.5,0.0,94.08,0.0,7.932749506827308,0.0,16.023935796666688,14.868,226.48588091612848
t391,2.6255412094381927,2.1,0.0,0.0,0.0,1.965437829766054,1.48,0.0,3.551493443799116,24.5,0.0,94.08,28.555648885390422,0.0,0.0,0.0,14.868,173.72612136839376
t392,0.0,2.1,19.814795056722943,0.0,0.0,4.2197829841612755,1.48,0.0,4.519034380039921,24.5,0.0,82.6236433714538,34.4214951417194,0.07582725317268939,0.0,0.0,14.868,188.62257818727002
t393,2.337449969594801,2.1,22.056219284716274,0.0,0.0,3.5785852728506335,1.4790280812825636,0.0,1.1395061432734537,24.5,0.0,94.08,45.0,0.0,0.0,5.1761085315673405,0.0,201.44689728328507
t394,0.0,2.1,15.562808892313804,0.0,0.0,6.904627193459432,0.0,0.0,0.0,24.5,2.704988073035625,30.523438435944183,45.0,0.0,0.0,0.0,0.0,127.29586259475305
t395,5.699999999999999,2.1,14.369892855253228,0.0,0.0,8.347053475191638,0.0,0.0,5.801738469580839,24.5,0.24654592214751475,32.50518343355011,45.0,0.0,0.0,0.0,0.0,138.5704141557233
t396,5.699999999999999,2.1,33.001835258430994,0.0,0.0,8.200269840263434,0.0,0.0,0.22370145097804445,23.651174556363635,0.0,49.82098660979759,45.0,0.0,0.0,0.0,0.0,167.6979677158337
t397,3.9546919629538873,2.1,30.85710251238176,0.0,0.0,7.340719975938278,0.0,0.0,2.5352328834807474,23.193400818787886,0.0,0.0,45.0,0.0,0.0,0.0,0.0,114.98114815354256
t398,5.699999999999999,2.1,14.015066895372406,0.0,0.0,7.190100563295172,0.0,0.0,0.23779970419161636,21.206361777979794,0.0,16.050527338056654,45.0,0.0,0.0,0.0,0.0,111.49985627889563
t399,5.699999999999999,2.1,10.292806501171789,0.0,0.0,7.963126645923345,0.0,0.0,0.0,24.5,0.965931460832914,0.0,45.0,0.0,0.0,0.0,0.0,96.52186460792805
t400,5.699999999999999,2.1,15.010038969175774,0.0,0.0,3.5068995822150524,1.1861215726302863,0.0,3.9574975074251477,24.5,1.448542080582037,0.0,45.0,0.0,0.0,0.0,0.0,102.40909971202831
t401,5.699999999999999,2.1,13.165432109831182,0.0,0.0,1.3843265243205574,1.48,18.239306043088387,2.315013859685265,24.5,3.7928987239638725,94.08,17.54598861104227,0.0,0.0,9.925256077382018,9.297895884934546,203.52611783424808
t402,5.699999999999999,2.1,0.0,0.0,0.0,0.953036834245895,1.48,6.993691026609158,5.925494116637135,24.5,0.0,94.08,9.125529968613323,0.0,0.0,58.36792103444445,14.868,224.09367298054997
t403,1.0420229176203646,2.1,0.0,0.0,0.0,0.7754165256346449,1.48,0.0,6.707838994011977,24.5,0.0,94.08,0.0,12.96696529879518,0.0,0.0,14.868,158.52024373606216
t404,5.699999999999999,2.1,0.0,0.0,0.0,1.8912382279741171,1.48,0.9311621735485588,6.76536558794578,24.5,0.0,94.08,0.0,13.38966545574297,0.0,28.106261561269864,14.868,193.81169300648128
t405,5.699999999999999,2.1,0.0,0.0,0.0,0.9379711299153813,1.48,19.495851406402284,9.46072124091258,24.5,0.0,94.08,15.381030806448338,13.479673440160639,0.0,31.36804568825397,14.868,232.8512937120932
t406,5.699999999999999,2.1,0.0,0.0,0.0,2.2138225983076167,1.48,58.5321296482873,10.224,24.5,0.0,94.08,45.0,12.819540412048193,0.0,43.39964904344303,14.868,314.91714170208616
t407,5.699999999999999,2.1,0.0,0.0,6.5,5.813522448979593,1.48,89.9,10.224,24.5,0.0,94.08,0.0,0.0,0.0,0.0,14.868,255.16552244897957
t408,5.699999999999999,2.1,0.0,0.0,6.5,5.991368541562967,1.48,89.9,10.224,24.5,0.0,94.08,9.81910331412927,11.90009331485944,0.0,47.96628142190481,14.868,325.02884659245643
t409,5.699999999999999,2.1,0.0,0.0,6.5,6.131226480836237,1.48,89.9,10.224,24.5,5.72569091821375,94.08,45.0,2.0875878130120484,0.0,42.96979087571432,14.868,351.2662960877763
t410,5.699999999999999,2.1,0.0,0.0,6.5,6.192290293678448,1.48,89.9,10.224,24.5,0.0,94.08,0.0,10.50792797269076,0.0,25.27515782693738,14.868,291.3273760933066
t411,5.699999999999999,2.1,0.0,0.0,6.5,6.181543155798905,1.48,89.9,10.224,24.5,0.0,94.08,0.0,0.0,0.0,0.0,14.868,255.5335431557989
t412,5.699999999999999,2.1,0.0,0.0,6.5,6.091860328521653,1.48,89.9,10.224,24.5,0.0,94.08,0.0,7.429702839839358,0.0,0.0,14.868,262.873563168361
t413,5.699999999999999,2.1,0.0,0.0,6.5,7.00225087108014,1.48,89.9,10.224,24.5,0.0,94.08,45.0,0.0,0.0,0.0,14.868,301.3542508710801
t414,5.699999999999999,2.1,0.0,0.0,6.5,5.6434685913389755,1.48,89.9,10.224,24.5,0.0,94.08,0.0,7.694713626987949,0.0,0.0,14.868,262.6901822183269
t415,5.699999999999999,2.1,0.0,0.0,0.0,1.6984477451468394,1.48,75.90229783812785,10.224,24.5,0.0,94.08,45.0,8.824149368835338,0.0,0.0,14.868,284.37689495211
t416,5.699999999999999,2.1,24.167728957418074,0.0,0.0,3.197366722932168,1.48,53.87360848794894,10.224,24.5,0.0,94.08,45.0,7.729977529498404,0.0,0.0,2.27481413255215,274.32749583034973
t417,0.0,2.1,22.496510733942408,0.0,0.0,3.4117249535390752,1.48,0.0,0.8730553144510976,24.5,0.0,94.08,45.0,0.0,0.0,8.024791140676346,0.07350143975830445,202.03958358236724
t418,0.0,2.1,14.048492522939426,0.0,0.0,6.783196630990544,0.0,0.0,1.7417857826025074,24.5,2.494127462338183,94.08,45.0,0.0,0.0,0.0,0.0,190.74760239887067
t419,0.0,2.1,17.018105902959274,0.0,0.0,3.824857656376308,1.48,0.0,0.0,24.5,0.8226420551831404,94.08,45.0,0.0,0.0,0.0,0.0,188.82560561451874
t420,0.0,2.1,35.71881096750745,0.0,0.0,7.218396133230463,0.0,0.0,0.07921238954091843,21.98205938505051,0.0,0.0,45.0,0.0,0.0,0.0,0.0,112.09847887532935
t421,0.0,2.1,19.1266222995432,0.0,0.0,7.208125650403185,0.0,0.0,0.4246053583632741,21.623105491717165,0.0,76.75449221538456,45.0,0.0,0.0,0.0,0.0,172.2369510154114
t422,0.0,2.1,34.2497999847865,0.0,0.0,4.817519577730215,1.48,0.0,0.32076148175648705,24.5,0.8123021169091823,79.01203303782029,45.0,0.0,0.0,0.0,0.0,192.29241619900267
t423,0.0,2.1,12.828834076544192,0.0,0.0,4.071946086414566,1.4453612822094424,0.0,5.851764674211578,24.5,2.2371972498745607,94.08,45.0,0.0,0.0,0.0,0.0,192.11510336925434
t424,0.0,2.1,14.913151280754063,0.0,0.0,3.102358878725735,1.48,0.0,3.974163685788423,24.5,3.478655415042647,94.08,45.0,0.0,0.0,0.8077771647175,0.0,193.43610642502836
t425,5.699999999999999,2.1,13.016226913247264,0.0,0.0,1.180681029049279,1.48,58.452130198882536,8.153795708997002,24.5,4.189456642690584,94.08,45.0,0.0,0.0,9.849659468508811,12.41932804394763,280.1212780053232
t426,5.699999999999999,2.1,0.0,0.0,6.5,5.464076953708314,1.48,89.9,10.224,24.5,0.0,94.08,45.0,8.98476100931727,0.0,0.0,14.868,308.8008379630256
t427,5.699999999999999,2.1,0.0,0.0,4.134848785693003,3.682405476683692,1.48,89.9,10.224,24.5,0.0,94.08,8.949838072594453,11.614026530441764,0.0,0.0,14.868,271.2331188654129
t428,5.699999999999999,2.1,0.0,0.0,4.153731429706908,3.703867226612883,1.48,89.9,10.224,24.5,0.0,94.08,15.118588342065463,12.566597775742974,0.0,0.0,14.868,278.3947847741282
t429,5.699999999999999,2.1,0.0,0.0,4.444542966716349,3.9926190555495835,1.48,89.9,10.224,24.5,0.0,94.08,45.0,12.318958935261044,0.0,62.526430330476224,14.868,371.1345512880032
t430,5.699999999999999,2.1,0.0,0.0,6.261508310779928,5.406571310704807,1.48,89.9,10.224,24.5,0.0,94.08,0.0,11.931987212048188,0.0,48.09133255206352,14.868,314.54339938559644
t431,5.699999999999999,2.1,0.0,0.0,6.5,5.8121157789945235,1.48,89.9,10.224,24.5,0.0,94.08,45.0,0.0,0.0,69.98762239396828,14.868,370.1517381729628
t432,5.699999999999999,2.1,0.0,0.0,6.5,6.002720457939274,1.48,89.9,10.224,24.5,0.0,94.08,0.0,0.0,0.0,0.0,14.868,255.35472045793927
t433,5.699999999999999,2.1,0.0,0.0,6.5,6.146798407167746,1.48,89.9,10.224,24.5,0.0,94.08,45.0,2.262276786345375,0.0,36.42348427873838,14.868,339.18455947225146
t434,5.699999999999999,2.1,0.0,0.0,6.5,6.227000099552016,1.48,89.9,10.224,24.5,0.0,94.08,45.0,9.40439499646586,0.0,0.0,14.868,309.98339509601783
t435,5.699999999999999,2.1,0.0,0.0,6.5,7.3515010452961675,1.48,89.9,10.224,24.5,0.0,94.08,45.0,7.3863393964658615,0.0,0.0,14.868,309.089840441762
t436,5.699999999999999,2.1,0.0,0.0,6.5,7.3333971129915385,1.48,89.9,10.224,24.5,0.0,94.08,45.0,0.0,0.0,0.0,14.868,301.68539711299155
t437,5.699999999999999,2.1,0.0,0.0,6.5,6.152143753111,1.48,89.9,10.224,24.5,4.5802408429503245,94.08,37.57807172371919,0.0,0.0,0.0,14.868,297.6624563197805
t438,5.699999999999999,2.1,0.0,0.0,0.0,2.559428870084619,1.48,39.187776715848635,10.224,24.5,6.038727546412443,94.08,45.0,0.0,0.0,0.0,14.868,245.7379331323457
t439,0.0,2.1,0.0,0.0,0.0,2.0504270383275274,1.48,0.0,7.614657100503122,24.5,0.0,94.08,45.0,6.888761034457832,0.0,54.556692171746,14.868,253.13853734503448
t440,3.0049834810895937,2.1,16.297871057304175,0.0,0.0,3.737474856824291,1.48,0.0,4.717097381157684,24.5,0.0,74.00765270411378,45.0,4.478365085258283,0.0,0.0,5.591174894657416,184.91461946040522
t441,5.699999999999999,2.1,17.706756184985103,0.0,0.0,2.8811568101841716,1.48,0.0,1.4017228268263462,24.5,5.097666843863522,82.1849444059347,45.0,0.0,0.0,12.613817760213728,9.90447169653575,210.5705365285433
t442,5.699999999999999,2.1,3.2667062241509437,0.0,0.0,1.8344545702638138,1.48,0.6948193434720499,0.0,24.5,3.320595357792275,88.6248209899868,45.0,0.0,0.0,25.11828372666667,14.868,216.50768021233256
t443,0.0,2.1,5.460587131360468,0.0,0.0,3.356015584414754,1.48,0.0,3.8499233484231534,24.5,2.6852373104565976,89.6205015804802,45.0,0.0,0.0,13.631745415396852,0.0,191.68401037053204
t444,0.0,2.1,18.898377587725243,0.0,0.0,3.305372638954705,1.48,0.0,3.444326218323354,24.5,1.7693669764274969,94.08,45.0,0.0,0.0,29.772212591059354,10.120174750211481,234.46983076270163
t445,0.0,2.1,18.041842071181737,0.0,0.0,4.634047701174715,1.48,0.0,4.477243811936129,24.5,1.4083668190165572,84.58760182224327,45.0,0.0,0.0,27.065430894585344,0.0,213.29453312013777
t446,0.0,2.1,15.635328787209545,0.0,0.0,3.4968894134693875,1.48,0.0,6.199312816327344,24.5,1.2737998146813847,94.08,45.0,0.0,0.0,22.620712962381223,10.39029541872867,226.77633921279755
t447,0.0,2.1,27.41727619376365,0.0,0.0,3.0543734353708314,1.48,0.0,0.0,24.5,1.6301383134169576,94.08,45.0,0.0,0.0,31.541813299045664,3.1925712943202402,233.99617253591734
t448,0.0,2.1,0.0,0.0,0.0,3.0674537517969145,1.48,0.0,1.223539894493276,24.5,3.178784849131962,46.861634799722985,45.0,0.0,0.0,26.225699536825413,0.0,153.63711283197054
t449,0.0,2.1,0.0,3.0218609261071716,0.0,0.9554364297461428,1.48,0.0,0.0,24.5,5.2645233904565965,78.10687661126619,45.0,0.0,0.0,10.188223007539062,7.581815698932523,178.19873606404767
t450,0.0,2.1,0.0,0.0,0.0,2.0706379293180692,1.48,0.0,1.5502910419161657,24.5,0.0,37.10035645635406,45.0,0.0,0.0,0.0,14.868,128.6692854275883
t451,0.0,2.1,0.0,0.0,0.0,1.7159415231458444,1.48,0.0,0.7660642586826361,24.5,0.0,36.97271766846166,45.0,11.10639789429719,0.0,63.69953214555557,14.868,202.2086534901429
t452,0.0,2.1,0.0,0.0,0.0,0.908515281234446,1.48,0.0,0.7897515497005994,24.5,0.0,58.190755712186146,0.0,11.919843375261042,0.0,41.30075159968257,14.868,156.05761751806477
t453,0.0,2.1,0.0,0.0,0.0,1.0380561473369843,1.48,0.0,0.8958272079840303,24.5,0.0,78.81540145453046,12.685562365115782,11.60949701895582,0.0,43.47018293920636,14.868,191.4625271331294
t454,5.699999999999999,2.1,0.0,0.0,0.0,1.2052106520657049,1.48,1.3003895879234402,8.025309641034973,24.5,0.0,94.08,45.0,11.374504319839357,0.0,0.0,14.868,209.63341420086348
t455,5.699999999999999,2.1,0.0,0.0,0.0,1.4034606271777013,1.48,35.75756311160015,6.854176292557223,24.5,0.0,94.08,0.0,11.076946574618471,0.0,0.0,14.868,197.8201466059535
t456,5.699999999999999,2.1,0.0,0.0,0.0,1.5796679940268803,1.48,61.78887391711889,9.805070652972768,24.5,0.0,94.08,37.55404076266557,10.087249031004013,0.0,83.62010969555558,14.868,347.1630120533437
t457,5.699999999999999,2.1,0.0,0.0,4.9333630850885815,5.138337758955437,1.48,71.32416999691749,10.224,24.5,0.0,94.08,45.0,0.0,0.0,51.136607593015896,14.868,330.48447843397736
t458,5.699999999999999,2.1,0.0,0.0,5.940836557803216,5.88019331329,1.48,70.33468170376918,10.224,24.5,0.0,94.08,0.0,0.0,0.0,0.0,14.868,235.10771157486238
t459,5.699999999999999,2.1,0.0,0.0,5.157787164609084,5.380599290297671,1.48,66.97922811400635,10.224,24.5,0.0,94.08,10.70245909667093,0.0,0.0,0.0,14.868,241.17207366558404
t460,5.699999999999999,2.1,0.0,0.0,2.156709220530911,4.384378488752701,1.48,60.08291663051685,10.224,24.5,0.0,94.08,33.752353574659956,0.0,0.0,52.04774269025513,14.868,305.3761006047156
t461,5.699999999999999,2.1,0.0,0.0,0.0,1.747518666002988,1.48,51.925127243443946,10.224,24.5,0.0,94.08,0.0,6.739989215261044,0.0,0.0,14.868,213.36463512470797
t462,5.699999999999999,2.1,0.0,0.0,0.0,1.573695470383276,1.48,23.727293827968357,6.5672932059003095,24.5,0.0,94.08,0.0,6.578074050602408,0.0,0.0,14.868,181.1743565548543
t463,0.0,2.1,0.0,0.0,0.0,1.3544717770034855,1.48,0.0,4.817483192665375,24.5,0.0,94.08,8.553050588252173,6.454195209236949,0.0,18.785778701269884,14.868,176.99297946842788
t464,0.0,2.1,0.0,0.0,0.0,5.500931900129419,1.48,0.0,8.674744611576847,24.5,0.0,62.643091581960384,45.0,0.0,0.0,0.0,7.8527054768177225,157.7514735704844
t465,0.0,2.1,0.0,0.0,0.0,9.521830777332008,0.0,0.0,2.563966305868263,24.5,0.0,56.46428754859428,45.0,1.7947131173705178,0.0,27.153913288412692,0.0,169.09871103757777
t466,0.0,2.1,25.167150233825822,0.0,0.0,4.6427905583175715,1.48,0.0,4.4016060945490985,24.5,0.1577313527044656,10.186949713183086,45.0,0.0,0.0,58.184025060634944,0.0,175.820253013215
t467,0.0,2.1,7.702655411837134,0.0,0.0,2.5447338054654067,1.48,0.0,3.4157368655711426,18.795385382828286,0.0,0.0,45.0,0.0,0.0,56.85242995779684,0.0,137.89094142349882
t468,0.0,2.1,6.4495132000657005,0.0,0.0,2.495502631836735,1.48,0.0,0.0,16.238752412525255,0.0,0.0,0.0,0.0,0.0,42.214325377460355,14.868,85.84609362188804
t469,0.0,2.1,27.213176273464228,0.0,0.0,3.365770824967647,1.48,0.0,0.0,13.825227101010102,0.0,0.0,20.51312690569269,0.0,0.0,74.93064890580554,0.0,143.4279500109402
t470,0.0,2.1,18.25430440981131,0.0,0.0,2.282995527715282,1.48,0.0,0.0,18.19447362444445,0.0,0.0,18.57879627056734,0.0,0.0,62.68343366936507,0.0,123.57400350190346
t471,0.0,2.1,8.603486705514571,0.0,0.0,3.4784595643550227,1.48,0.0,0.0,21.508222050505047,0.0,0.0,0.0,0.0,0.0,59.041180235238116,0.0,96.21134855561276
t472,0.0,2.1,0.0,0.0,0.0,2.7110456105823797,1.48,0.0,0.8667378992384759,24.5,0.230312700521825,0.0,39.91370649177173,0.0,0.0,73.12388605415377,2.643843157056981,147.56953191332516
t473,5.699999999999999,1.8657682143403824,0.0,0.0,0.0,0.7379616661821813,1.48,54.51502342787346,4.7462345193639335,24.5,3.0177723890617165,76.64305618647938,0.0,0.0,0.0,20.942730854917457,6.05046602020141,200.19901327841993
t474,0.0,2.1,0.0,0.0,0.0,1.1692420109507229,1.48,0.0,2.1072749796407186,24.5,0.0,94.08,0.0,6.852966103935744,0.0,0.0,14.868,147.15748309452718
t475,0.0,2.1,0.0,0.0,0.0,2.14112643106023,1.48,0.0,1.218142007185628,24.5,8.62506071249373,87.36646364192316,45.0,9.081016877108436,0.0,0.0,14.868,196.37980966977116
t476,0.0,2.1,0.0,0.0,0.0,1.1321417620706835,1.48,0.0,7.689922446307387,24.5,0.0,91.70711775613326,45.0,10.108782663132532,0.0,0.0,14.868,198.58596462764385
t477,5.699999999999999,2.1,0.0,0.0,0.0,1.249957093081136,1.48,0.9253256079946056,7.913871966395307,24.5,0.0,94.08,45.0,0.0,0.0,0.0,14.868,197.81715466747104
t478,5.699999999999999,2.1,0.0,0.0,0.0,1.3885499253359888,1.48,35.95255248509125,6.532703773646832,24.5,0.0,94.08,45.0,0.0,0.0,66.24803680066739,14.868,297.84984298474143
t479,5.699999999999999,2.1,0.0,0.0,0.0,1.5505920358387266,1.48,67.56969820533318,10.224,24.5,0.0,94.08,0.0,9.405753491084338,0.0,0.0,14.868,231.47804373225625
t480,5.699999999999999,2.1,0.0,0.0,6.5,6.182492882030861,1.48,89.9,10.224,24.5,0.0,94.08,0.0,8.963783023293171,0.0,0.0,14.868,264.498275905324
t481,5.699999999999999,2.1,0.0,0.0,6.5,6.340082926829269,1.48,89.9,10.224,24.5,0.0,94.08,45.0,2.931534635903611,0.0,0.0,14.868,303.6236175627329
t482,5.699999999999999,2.1,0.0,0.0,6.5,6.402180686908912,1.48,89.9,10.224,24.5,0.0,94.08,28.013193988280417,0.0,0.0,53.24521032984129,14.868,337.01258500503064
t483,5.699999999999999,2.1,0.0,0.0,6.5,7.517629666500746,1.48,89.9,10.224,24.5,0.0,94.08,45.0,8.008000028594378,0.0,0.0,14.868,309.8776296950951
t484,5.699999999999999,2.1,0.0,0.0,6.5,6.426001791936289,1.48,89.9,10.224,24.5,0.0,94.08,0.0,6.574019663935741,0.0,0.0,14.868,262.35202145587203
t485,5.699999999999999,2.1,0.0,0.0,6.5,6.355224788451967,1.48,89.9,10.224,24.5,0.0,94.08,0.0,5.94390956658634,0.0,0.0,14.868,261.6511343550383
t486,5.699999999999999,2.1,0.0,0.0,6.5,7.331047884519662,1.48,83.83910619709063,10.224,24.5,0.0,94.08,45.0,0.0,0.0,0.0,14.868,295.6221540816103
t487,5.699999999999999,2.1,0.0,0.0,0.0,2.518969099054256,1.48,45.83449854777563,10.224,24.5,0.0,94.08,45.0,0.0,0.0,58.49630213262582,14.868,304.8017697794557
t488,0.0,2.1,27.265634654339618,0.0,0.0,2.7138473804678953,1.48,6.188958605498693,0.0,24.5,4.105206333035623,94.08,45.0,0.0,0.0,16.91947402227577,6.39671858662638,230.74983958224396
t489,5.699999999999999,2.1,11.148050375614622,0.11929654387973643,0.0,0.0,0.0,0.0,0.0,24.5,1.8502413220973404,7.0793731270955025,45.0,0.0,6.25,0.0,5.056613064409133,108.80357443309633
t490,5.699999999999999,2.1,17.869191255332662,0.0,0.0,6.2704878206371335,0.0,89.9,5.910148214348699,0.0,8.281852332925238,0.0,19.45946496496794,0.0,0.0,0.0,0.0,155.49114458821165
t491,5.699999999999999,2.1,20.390740556226422,0.0,0.0,7.639837148661025,0.0,56.821613288792506,0.0,0.0,6.714511958625189,0.0,45.0,7.038170076856912,0.0,0.0,0.0,151.40487302916208
t492,5.699999999999999,2.1,39.067871829632566,0.0,0.0,5.792093433212841,0.0,89.9,3.9023519165931884,0.0,5.705676452323132,0.0,18.984037355974284,1.1111880045418328,1.5989269394276617,0.0,0.0,173.86214593170553
t493,5.699999999999999,2.1,22.047571404289968,0.0,0.0,6.526730229795919,0.0,56.47863453800467,5.18754827253401,0.0,5.282007753095836,0.0,43.687347017880555,1.654212312749003,0.0,0.0,0.0,148.66405152834994
t494,5.699999999999999,2.1,33.19814408595765,0.0,0.0,5.830081671346796,0.0,89.9,10.224,0.0,5.784722970005018,0.0,45.0,13.148756920717135,1.1986728324622935,0.0,0.0,212.0843784804889
t495,5.699999999999999,2.1,21.92121153616683,0.0,0.0,5.993092989138876,0.0,7.2549027917397755,0.0,0.0,5.55142032088309,0.0,45.0,0.0,0.0,0.0,0.0,93.52062763792856
t496,5.699999999999999,0.0,0.5256867418731136,0.0,0.0,2.3056092114472295,0.0,0.0,0.0,0.0,8.154354902619168,0.0,34.77992942981288,1.832330815085263,2.5640688123618114,0.0,0.0,55.86197991319947
t497,5.699999999999999,0.024660614021954394,0.0,0.24653105542079695,0.0,1.7411202663912408,1.48,11.349129217402332,0.0,24.5,2.752437954119418,75.80892426367457,0.0,0.0,0.0,13.744299947683706,4.834336333635445,142.18143965234944
t498,5.699999999999999,2.1,0.0,0.0,0.0,1.249964260826283,1.48,28.49564708803094,9.085546858420596,24.5,0.0,94.08,29.684863618314125,0.0,0.0,42.96686063460324,14.868,254.2108824601952
t499,5.110590176621971,2.1,0.0,0.0,0.0,1.940461284221007,1.48,0.0,7.3262154602794425,24.5,0.0,94.08,45.0,4.070435293480858,0.0,27.396306818730213,14.868,227.87200903333348
t500,2.378952531646585,2.1,0.0,0.0,0.0,1.1085518168242918,1.48,0.0,7.094170788023951,24.5,0.0,94.08,0.0,10.902917440000003,0.0,0.0,14.868,158.51259257649482
t501,5.699999999999999,2.1,0.0,0.0,0.0,1.195505525136885,1.48,11.48969969064396,8.824318134975513,24.5,0.0,94.08,45.0,10.58990283261044,0.0,0.0,14.868,219.8274261833668
t502,5.699999999999999,2.1,0.0,0.0,0.0,1.3649599800895984,1.48,58.29598878577568,10.224,24.5,0.0,94.08,0.0,0.0,0.0,0.0,14.868,212.61294876586527
t503,5.699999999999999,2.1,0.0,0.0,6.5,6.00858636137382,1.48,89.9,10.224,24.5,0.0,94.08,16.414653060557963,0.0,0.0,0.0,14.868,271.77523942193176
t504,5.699999999999999,2.1,0.0,0.0,6.5,6.193844798407169,1.48,89.9,10.224,24.5,0.0,94.08,45.0,0.0,0.0,0.0,14.868,300.5458447984072
t505,5.699999999999999,2.1,0.0,0.0,6.5,6.322865107018417,1.48,89.9,10.224,24.5,0.0,94.08,45.0,0.0,0.0,0.0,14.868,300.67486510701843
t506,5.699999999999999,2.1,0.0,0.0,6.5,7.460123743155799,1.48,89.9,10.224,24.5,0.0,94.08,45.0,0.0,0.0,0.0,14.868,301.8121237431558
t507,5.699999999999999,2.1,0.0,0.0,6.5,6.4456530612244896,1.48,89.9,10.224,24.5,0.0,94.08,45.0,0.0,0.0,0.0,14.868,300.7976530612245
t508,5.699999999999999,2.1,0.0,0.0,6.5,6.41211786958686,1.48,89.9,10.224,24.5,0.0,94.08,41.825923543979854,4.382840625542167,0.0,0.0,14.868,301.97288203910887
t509,5.699999999999999,2.1,0.0,0.0,6.5,6.301054554504729,1.48,89.9,10.224,24.5,0.0,94.08,41.54859868579343,0.0,0.0,0.0,14.868,297.2016532402981
t510,5.699999999999999,2.1,0.0,0.0,6.5,6.061715480338477,1.48,89.9,10.224,24.5,0.0,94.08,45.0,0.0,0.0,0.0,14.868,300.41371548033845
t511,5.699999999999999,2.1,0.0,0.0,0.0,2.847850526311598,1.48,28.23549865274881,10.224,24.5,0.0,94.08,26.555678115667014,0.0,0.0,0.0,14.868,210.5910272947274
t512,5.699999999999999,2.1,23.478753921380694,0.0,0.0,3.081469303962171,1.48,0.0,1.2275364246492966,24.5,0.0,94.08,45.0,0.0,0.0,24.534195482614667,2.5650134252769354,227.74696855788378
t513,5.699999999999999,2.1,6.108162781688189,0.0,0.0,4.251405690223993,1.48,9.587161714069234,5.019595156468438,24.5,0.0,94.08,45.0,0.0,0.0,26.01462188539683,0.0,223.84094722784667
t514,5.699999999999999,2.1,15.522333619106263,0.0,0.0,3.6529948390542573,1.48,0.0,0.0,24.5,0.0,94.08,45.0,0.0,0.0,20.93763234183399,0.0,212.9729607999945
t515,5.699999999999999,2.1,34.40747138705064,0.0,0.0,4.8920784627476355,1.48,89.9,10.224,24.5,0.0,94.08,45.0,0.0,0.0,19.80034950507937,0.0,332.08389935487764
t516,5.699999999999999,2.1,32.13154592174711,0.0,0.0,3.7493194781781978,1.48,89.9,10.224,24.5,0.0,94.08,45.0,0.0,0.0,22.476863720764655,6.034030090571576,337.3757592112615
t517,5.699999999999999,2.1,14.200007831300898,0.0,0.0,4.502647839267915,1.48,89.9,10.224,24.5,0.0,94.08,45.0,0.0,0.0,85.40676985625534,0.0,377.09342552682415
t518,5.699999999999999,2.1,29.40392712623635,0.0,0.0,4.656792748461922,1.48,89.9,10.224,24.5,0.0,94.08,45.0,0.0,0.0,0.0,0.0,307.0447198746983
t519,5.699999999999999,2.1,11.062058063674288,0.0,0.0,3.30255929898457,1.48,89.9,7.362500235911826,24.5,0.0,94.08,45.0,0.0,0.0,0.0,0.0,284.4871175985707
t520,5.699999999999999,2.1,16.56376067364449,0.0,0.0,2.380712011777004,1.48,89.9,10.224,24.5,0.0,94.08,45.0,0.0,0.0,58.28039038122143,0.0,350.2088630666429
t521,4.6461271349016435,2.1,15.369477980669794,0.0,0.0,1.6168499688203088,1.48,0.0,1.1126905418436874,24.5,0.0,94.08,45.0,0.0,0.0,29.685912449175355,7.1965363219536735,226.78759439736447
t522,0.0,2.1,0.0,0.0,0.0,1.0832605813738185,1.48,0.0,8.456459906746508,24.5,0.0,50.56651660000314,45.0,7.802800288835343,0.0,40.9181389708178,14.868,196.77517634777658
t523,0.0,2.1,0.0,0.0,0.0,1.632423462164621,1.48,0.0,6.9985881628742534,24.5,0.0,39.36031884534146,45.0,0.0,0.0,0.0,14.868,135.93933047038033
t524,0.0,2.1,0.0,0.0,0.0,0.9023680438028878,1.48,0.0,7.024744611576849,0.0,0.0,83.66462763755628,45.0,11.138258285943774,0.0,38.494573187619054,14.868,204.67257176649883
t525,0.0,2.1,0.0,0.0,0.0,1.0514195121951224,1.48,0.0,0.9336597333333331,20.33886415495979,0.0,89.9038628856907,45.0,10.249110364176707,0.0,5.0846690599999915,14.868,191.00958571035565
t526,5.699999999999999,2.1,0.0,0.0,0.0,2.334916276754606,1.48,36.78436305027493,6.618263048915403,24.5,0.0,94.08,45.0,9.431555972690763,0.0,43.70501038827429,14.868,286.60210873691
t527,5.699999999999999,2.1,0.0,0.0,6.5,5.962805973120956,1.48,89.02672562915666,10.224,24.5,0.0,94.08,45.0,8.535624637751003,0.0,0.0,14.868,307.97715624002865
t528,5.699999999999999,2.1,0.0,0.0,6.5,6.150737083125933,1.48,89.9,10.224,24.5,0.0,94.08,45.0,0.0,0.0,0.0,14.868,300.5027370831259
t529,5.699999999999999,2.1,0.0,0.0,6.5,6.312406470881035,1.48,89.9,10.224,24.5,0.0,94.08,0.0,8.887476339919678,0.0,3.353932145555568,14.868,267.9058149563563
t530,5.699999999999999,2.1,0.0,0.0,6.5,6.408039422598308,1.48,89.9,10.224,24.5,0.0,94.08,45.0,0.0,0.0,3.6320257963492177,14.868,304.39206521894755
t531,5.699999999999999,2.1,0.0,0.0,6.5,7.534840318566452,1.48,89.9,10.224,24.5,0.0,94.08,10.367383523415874,0.0,0.0,3.170274774920641,14.868,270.42449861690295
t532,5.699999999999999,2.1,0.0,0.0,6.5,6.4532983573917395,1.48,89.9,10.224,24.5,0.0,94.08,39.39589441435768,0.0,0.0,33.52497580976611,14.868,328.7261685815155
t533,5.699999999999999,2.1,0.0,0.0,4.342916430433033,4.865222924739975,1.48,64.44833378331145,10.224,24.5,0.0,94.08,39.254638535818636,0.0,0.0,4.0687309792069275,14.868,269.93184265351
t534,5.699999999999999,2.1,0.0,0.0,0.0,1.6860821304131415,1.48,13.639188594687596,5.06018210377378,24.5,0.0,94.08,45.0,0.0,0.0,44.84326747269843,14.868,252.95672030157294
t535,0.0,2.1,0.0,0.0,0.0,1.3912100547536101,1.48,0.0,7.258323312574852,24.5,0.0,67.2626648515828,45.0,5.072082163373486,0.0,0.0,14.868,168.93228038228474
t536,0.0,2.1,0.0,0.0,0.0,1.519770885007467,1.48,0.0,7.4027207428742505,24.5,0.0,45.95616972420199,45.0,0.0,0.0,0.0,14.868,142.8266613520837
t537,0.0,2.1,0.0,22.66012357237614,0.0,0.0,1.48,0.0,1.7392805994411176,24.5,0.0,49.80449118823358,45.0,0.0,0.09014852743718449,8.238948460762256,1.9916086921651588,157.60460104041545
t538,5.699999999999999,2.1,0.0,7.5051688884529755,0.0,4.29322597678447,0.0,16.35732368824117,0.0,24.5,0.0,94.08,45.0,2.892319669402391,0.0,20.27370377764361,0.0,222.7017420005246
t539,0.0,2.1,0.0,7.586111154984824,0.0,5.9234740604081635,0.0,0.0,0.0,23.836363636363643,0.0,58.85568295457488,45.0,0.0,0.0,48.44872388769866,0.0,191.75035569403016
t540,5.699999999999999,2.1,0.0,0.0,0.0,4.55012464667994,0.0,0.0,0.7770066499114516,0.0,7.306356246864024,0.0,45.0,0.0,0.0,91.51079033047618,0.0,156.94427787393158
t541,5.699999999999999,2.1,0.0,0.0,0.0,5.663539366530613,0.0,0.0,3.240077586307385,0.0,7.542958354239841,0.0,42.44719337628574,0.44165815051792584,0.0,95.53600000000002,0.0,162.67142683388153
t542,5.699999999999999,2.1,0.0,0.0,0.0,6.846699758675959,0.0,0.0,0.0,16.249467020574656,1.6265483984454414,0.0,45.0,0.24269628350597677,0.0,69.94038718587302,0.0,147.70579864707506
t543,5.699999999999999,2.1,4.0001117284210554,0.0,0.0,6.0175604936087606,0.0,0.0,3.783607509980041,19.148353611528023,1.8940347406377744,0.0,45.0,4.974219164133414,0.0,65.16002457682542,0.0,157.77791182513448
t544,5.699999999999999,2.1,0.0,0.0,0.0,6.86462042392235,0.0,0.0,3.0296177297005986,24.5,1.3993975684796778,5.694339945631067,45.0,3.2634325653386456,0.0,60.0548703596748,0.0,157.60627859274715
t545,2.0639400254472835,0.0,0.0,14.038254982666068,0.0,2.5434790380089605,1.48,0.0,0.19331363964071777,24.5,4.007816530938284,94.08,20.717367360920992,0.0,0.0,16.05456250079855,5.074086706263848,184.7528207846847
t546,5.699999999999999,2.1,0.0,0.0,6.5,6.684635693369837,1.48,89.9,10.224,24.5,0.0,94.08,45.0,0.0,0.0,0.0,14.868,301.0366356933698
t547,5.699999999999999,2.1,0.0,0.0,0.0,0.9092678944748639,1.48,67.51426010881092,10.224,24.5,0.0,94.08,45.0,3.999073092128505,0.0,0.0,14.868,270.3746010954143
t548,5.699999999999999,2.1,0.0,0.0,0.0,0.9318238924838231,1.48,59.59544621753742,10.224,24.5,0.0,94.08,45.0,11.033234804176706,0.0,0.0,14.868,269.51250491419796
t549,5.699999999999999,2.1,0.0,0.0,0.0,1.0382882030861136,1.48,61.017283719180476,10.224,24.5,0.0,94.08,45.0,10.786472763855423,0.0,0.0,14.868,270.794044686122
t550,5.699999999999999,2.1,0.0,0.0,6.5,5.692372324539574,1.48,89.9,10.224,24.5,0.0,94.08,30.94394226283332,10.297793768353413,0.0,0.0,14.868,296.2861083557263
t551,5.699999999999999,2.1,0.0,0.0,6.5,5.934616127426581,1.48,89.9,10.224,24.5,0.0,94.08,45.0,0.0,0.0,44.84863464985766,14.868,345.1352507772842
t552,5.699999999999999,2.1,0.0,0.0,6.5,6.158382379293182,1.48,89.9,10.224,24.5,0.0,94.08,2.5940881782822096,9.660584943293172,0.0,54.287201759047655,14.868,322.0522572599162
t553,5.699999999999999,2.1,0.0,0.0,6.5,6.3097337979094075,1.48,89.9,10.224,24.5,0.0,94.08,45.0,0.0,0.0,66.12528493301588,14.868,366.78701873092524
t554,5.699999999999999,2.1,0.0,0.0,6.5,7.489580487804878,1.48,89.9,10.224,24.5,0.0,94.08,45.0,8.171119069558232,0.0,3.4540547105987254,14.868,313.46675426796185
t555,5.699999999999999,2.1,0.0,0.0,6.5,7.538918765555003,1.48,89.9,10.224,24.5,0.0,94.08,45.0,0.0,0.0,0.0,14.868,301.890918765555
t556,5.699999999999999,2.1,0.0,0.0,6.5,6.462350323544053,1.48,89.9,10.224,24.5,0.0,94.08,45.0,0.0,0.0,0.0,14.868,300.81435032354403
t557,5.699999999999999,2.1,0.0,0.0,6.5,6.366718267794923,1.48,87.94516395200658,10.224,24.5,0.0,94.08,30.380932787788314,4.888662048674697,0.0,0.0,14.868,289.0334770562645
t558,5.699999999999999,2.1,0.0,0.0,0.0,1.7169446490791447,1.48,32.21182191834247,10.224,24.5,0.0,94.08,45.0,0.0,0.0,0.0,14.868,231.88076656742163
t559,0.0,2.1,0.0,0.0,0.0,3.0931477886311605,1.48,0.0,8.965729332974052,24.5,0.0,78.42292572114799,45.0,6.051079886987952,0.0,5.86326274873016,14.868,190.34414547847132
t560,5.699999999999999,2.1,31.759883234836146,0.0,0.0,3.3548856304927828,1.48,0.0,0.6957222476736769,24.5,0.0,55.50149156578299,45.0,0.0,0.0,28.42958219770298,7.979899404712989,206.50146428120158
t561,5.699999999999999,2.1,9.43565062756704,0.0,0.0,4.707612957521156,1.48,44.743171523193446,10.224,24.5,0.0,94.08,45.0,0.0,0.0,54.04576204772328,2.293087913434036,298.30928506943894
t562,5.699999999999999,2.1,17.197724023316788,0.0,0.0,7.3375197094942735,0.035338013667333454,56.221411940489304,10.224,24.5,2.954472497190165,80.90627816398039,45.0,0.0,0.0,65.35481183534841,0.0,317.53155618348666
t563,5.699999999999999,2.1,18.859392979980143,0.0,0.0,8.2333272112361,0.05932741407316689,22.973082812419907,0.0,24.5,1.694559885077773,14.953029323686145,45.0,0.0,0.0,0.0,0.0,144.07271962647323
t564,5.699999999999999,2.1,35.88550788365444,0.0,0.0,6.623027760275735,0.36849830589178234,89.9,10.224,0.0,8.501333106372302,0.0,45.0,0.0,0.0,13.567586636478383,0.0,217.86995369267262
t565,5.699999999999999,2.1,37.197365484131076,0.0,0.0,6.569315615318325,0.40707823474949856,89.9,10.224,0.0,8.228921026783743,0.0,45.0,0.0,0.0,93.20451960031747,0.0,298.5311999613001
t566,5.699999999999999,2.1,37.104972597298904,0.0,0.0,5.842033171390067,0.6668323331863725,89.9,10.224,0.0,7.469434867887606,0.0,45.0,0.0,0.0,93.01130485390127,0.0,297.0185778236642
t567,5.699999999999999,2.1,17.173330396067545,0.0,0.0,7.856685630492783,0.0,89.9,7.969223953346698,0.0,7.734292445127949,0.0,45.0,0.0,0.0,59.87026607587301,0.0,243.303798500908
t568,5.699999999999999,2.1,19.197061811161216,0.0,0.0,6.70434068275759,0.0,53.94550909555446,10.224,0.0,8.96829381108881,0.0,45.0,0.0,0.0,45.199108870158746,0.0,197.03831427072083
t569,5.699999999999999,2.1,9.617703367889327,0.0,0.0,1.848851063892484,1.48,0.0,0.0,24.5,4.198762365087806,25.327143819718746,45.0,0.0,0.0,28.6888274354152,6.422533148841896,154.88382120084543
t570,5.699999999999999,2.1,0.0,0.0,6.5,6.462534150313591,1.48,89.9,10.224,24.5,0.0,94.08,45.0,8.458576145943775,0.0,53.944894909436016,14.868,363.2180052056934
t571,5.699999999999999,2.1,0.0,0.0,0.14169060773839712,1.66428297653581,1.48,80.87497600471234,10.224,24.5,0.0,94.08,45.0,0.0,0.0,0.0,14.868,280.63294958898655
t572,5.699999999999999,2.1,0.0,0.0,0.0,0.7910717770034853,1.48,77.79137242040929,10.224,24.5,0.0,94.08,45.0,12.381962395341365,0.0,0.0,14.868,288.91640659275413
t573,5.699999999999999,2.1,0.0,0.0,5.688557441828123,4.840201460053311,1.48,89.9,10.224,24.5,0.0,94.08,45.0,12.126653275020082,0.0,0.0,14.868,310.50741217690154
t574,5.699999999999999,2.1,0.0,0.0,6.5,5.611939472374317,1.48,89.9,10.224,24.5,0.0,94.08,45.0,9.437550118131732,0.0,0.0,14.868,309.40148959050606
t575,5.699999999999999,2.1,0.0,0.0,6.5,5.887717570930812,1.48,89.9,10.224,24.5,0.0,94.08,35.18579224945655,0.0,0.0,46.24786865349208,14.868,336.6733784738794
t576,5.699999999999999,2.1,0.0,0.0,6.5,6.107777202588353,1.48,89.9,10.224,24.5,0.0,94.08,45.0,10.950517836144575,0.0,55.15148459650796,14.868,366.56177963524084
t577,5.699999999999999,2.1,0.0,0.0,6.5,7.305355102040816,1.48,89.9,10.224,24.5,0.0,94.08,45.0,2.4404198405028055,0.0,57.971783971111115,14.868,362.0695589136547
t578,5.699999999999999,2.1,0.0,0.0,6.5,6.355654853160776,1.48,89.9,10.224,24.5,0.0,94.08,45.0,9.165858210923693,0.0,0.0,14.868,309.8735130640845
t579,5.699999999999999,2.1,0.0,0.0,6.5,6.414045097063217,1.48,89.9,10.224,24.5,0.0,94.08,45.0,7.279681504096383,0.0,74.31007572427274,14.868,382.35580232543236
t580,5.699999999999999,2.1,0.0,0.0,6.5,6.430743255350922,1.48,89.9,10.224,24.5,0.0,94.08,45.0,0.0,0.0,16.789530221746055,14.868,317.572273477097
t581,5.699999999999999,2.1,0.0,0.0,0.0,2.9840335490293675,1.48,32.665990631961655,10.224,24.5,0.0,94.08,45.0,0.0,0.0,0.0,14.868,233.602024180991
t582,0.0,2.1,0.0,0.0,0.0,1.7098199104031875,1.48,0.0,8.772798332934133,24.5,0.0,75.11896524683974,0.8522137377414213,6.115001401285138,0.0,0.0,14.868,135.5167986292036
t583,0.0,2.1,0.0,0.0,0.0,2.2712713725037346,1.48,0.0,9.191692224351298,24.5,0.0,35.32364146404384,45.0,0.0,0.0,43.77354879650796,14.868,178.50815385740682
t584,0.0,2.1,3.8463785842919247,8.314935502404863,0.0,5.415406287536088,1.48,0.0,6.799536527145707,24.5,0.0,28.848662192926685,45.0,0.0,0.0,0.0,8.72759806312185,135.03251715742712
t585,5.699999999999999,2.1,9.036092714081436,0.0,0.0,3.991778313419613,1.48,24.14131770993599,1.0709178461806446,24.5,0.0,81.88037346733559,45.0,0.0,0.0,39.4954260865444,5.000006297703923,243.39591243520158
t586,5.699999999999999,2.1,0.0,0.0,0.0,4.670612161105029,1.48,89.9,10.224,24.5,0.0,94.08,45.0,0.0,0.0,49.75530438598559,4.634030428640476,332.0439469757311
t587,5.699999999999999,2.1,27.2662586617279,0.0,0.0,7.294454753608761,0.0,89.9,10.224,24.5,0.6601562120020065,92.21337376547376,45.0,0.0,0.0,54.73930096176536,0.0,359.5975443545778
t588,5.699999999999999,2.1,18.956443724369414,0.0,0.0,6.3129369391651595,0.872735816878784,89.9,10.224,24.5,0.16493356524836877,59.77058100037038,45.0,0.0,0.0,61.57389871079366,0.0,325.07552975682574
t589,5.699999999999999,2.1,17.869185553565046,0.0,0.0,3.9950969794225997,1.48,69.14527178852636,10.224,24.5,1.1597365641545394,73.43679532188234,45.0,0.0,0.0,94.06415083777779,0.0,348.67423704532865
t590,5.699999999999999,2.1,19.49691219316717,0.0,0.0,5.470846116577645,1.1560327308617233,0.0,2.46673368184369,24.5,1.6861892178524842,61.21402906755915,45.0,0.0,0.0,58.029338647301614,0.0,226.82008165516348
t591,5.699999999999999,2.1,15.446658348321758,0.0,0.0,6.988410070512693,0.0,89.9,10.224,24.5,0.9584588017260415,67.85876963275447,45.0,0.0,0.0,57.51497868523811,0.0,326.1912755385531
t592,5.699999999999999,2.1,22.004236071777548,0.0,0.0,2.31875223079144,1.48,85.16614798353487,8.53117345784343,24.5,2.1235361909683883,90.21555024609637,45.0,0.0,0.0,71.5954867749206,0.0,360.7348829559327
t593,5.699999999999999,2.1,13.477203748154999,0.0,0.0,1.7261088040617234,1.48,0.0,0.0,24.5,2.410674788031881,94.08,45.0,0.0,0.0,33.39239979122,5.414645783141983,229.28103291461056
t594,5.699999999999999,2.1,0.0,0.0,0.0,2.204794080627178,1.48,3.599843784450458,3.8743780437092625,24.5,0.0,94.08,45.0,6.669117991726908,0.0,0.0,14.868,204.0761339005138
t595,0.0,2.1,0.0,0.0,0.0,1.7160513585986295,1.48,0.0,7.760722941317367,11.790820641386624,0.0,94.08,45.0,0.0,0.0,0.0,14.868,178.79559494130262
t596,0.0,2.1,0.0,0.0,0.0,0.7975998008959697,1.48,0.0,7.926663251097804,24.5,0.0,70.70232092957748,45.0,9.503921613815264,0.0,0.0,14.868,176.8785055953865
t597,0.0,2.1,0.0,0.0,0.0,0.8950112493778004,1.48,0.0,1.847236199600799,20.304340449623727,0.0,94.08,45.0,9.323358792565703,0.0,45.51121826634923,14.868,235.40916495751725
t598,5.699999999999999,2.1,0.0,0.0,0.0,1.146306122448981,1.48,18.636327506007884,6.582025379782153,24.5,0.0,94.08,45.0,9.16186703694779,0.0,0.0,14.868,223.25452604518682
t599,5.699999999999999,2.1,0.0,0.0,0.0,1.379497959183674,1.48,55.332976101374996,9.625052107853953,24.5,0.0,94.08,45.0,7.758342230682732,0.0,53.1049752420009,14.868,314.9288436410962
t600,5.699999999999999,2.1,0.0,0.0,6.5,6.0335829766052775,1.48,77.73704115805327,10.224,24.5,0.0,94.08,45.0,0.0,0.0,0.0,14.868,288.22262413465853
t601,5.699999999999999,2.1,0.0,0.0,6.5,6.17522030861125,1.48,80.40098201561844,10.224,24.5,0.0,94.08,20.735586347153802,0.0,0.0,2.1524378604762107,14.868,268.91622653185965
t602,5.699999999999999,2.1,0.0,0.0,6.5,6.295336485813838,1.48,79.45474446017242,10.224,24.5,0.0,94.08,45.0,0.0,0.0,11.125267761444528,14.868,301.3273487074308
t603,5.699999999999999,2.1,0.0,0.0,6.5,7.4379413638626195,1.48,72.33935362724975,10.224,24.5,0.0,94.08,17.190517567330833,0.0,0.0,0.0,14.868,256.4198125584432
t604,5.699999999999999,2.1,0.0,0.0,1.2396318940709519,2.7892875583593395,1.48,52.62527082784138,10.224,24.5,0.0,94.08,45.0,4.149540851405624,0.0,0.0,14.868,258.7557311316773
t605,5.699999999999999,2.1,0.0,0.0,0.0,1.8720026879044314,1.48,18.697615496953706,6.796251624013747,24.5,0.0,94.08,21.29714873299917,0.0,0.0,0.0,14.868,191.39101854187106
t606,0.0,2.1,0.0,0.0,0.0,1.6974340467894482,1.48,0.0,7.395473877422389,24.5,0.0,73.93812314717768,45.0,0.0,0.0,37.33041826634921,14.868,208.30944933773873
t607,0.0,2.1,0.0,0.0,0.0,2.3916205014235947,1.48,0.0,2.6698359408383237,24.5,0.0,35.35375896551136,45.0,4.3704285003212835,0.0,13.413585893629879,14.868,146.14722980172445
t608,5.699999999999999,2.1,32.17836933628601,0.0,0.0,3.1389331168043806,1.48,0.0,0.0,24.5,0.0,33.644650951124035,45.0,0.0,0.0,28.20761380389027,10.179028424914396,186.1285956330191
t609,5.699999999999999,2.1,43.54,3.6317015174283074,0.0,4.219169652394227,1.48,0.0,0.7262985222339343,24.5,0.0,55.102944619588904,45.0,0.0,0.0,49.17511920196766,5.156789418610261,240.33202293222328
t610,5.699999999999999,2.1,43.54,2.8015483039315705,0.0,4.759905242239922,1.48,20.036247232802914,8.20816662769381,24.5,0.0,94.08,45.0,0.0,0.0,56.86339939176684,7.070085580886205,316.1393523793212
t611,5.699999999999999,2.1,43.54,0.0,0.0,4.912123163310608,1.48,0.0,4.069578524128257,24.5,2.8210455011941775,79.61953194027195,45.0,0.0,0.0,6.853710774285747,14.868,235.46398990319076
t612,5.699999999999999,2.1,43.54,0.0,0.0,5.246329931139871,1.48,0.0,1.239341780480962,24.5,0.0,94.08,45.0,0.0,0.0,44.1610914098413,14.868,281.9147631214621
t613,5.699999999999999,2.1,43.54,0.0,0.0,4.113328039651568,1.48,0.0,1.1385336818436893,24.5,2.901629751901657,90.34013023316356,45.0,0.0,0.0,77.1505183042857,14.868,312.83214001084616
t614,5.699999999999999,2.1,43.54,0.0,0.0,5.0407303293479355,1.48,0.0,3.0650691403206425,24.5,3.167508686954341,37.330156657334946,45.0,0.0,0.0,68.04469208206352,14.868,253.83615689602135
t615,5.699999999999999,2.1,43.54,0.0,0.0,4.560262036665008,1.48,0.0,0.0,24.5,2.5624642586151527,28.926827172597914,45.0,0.0,0.0,77.86642116142858,14.868,251.10397462930663
t616,5.699999999999999,2.1,43.54,0.0,0.0,2.4347362029168744,1.48,0.0,0.4124501919760485,24.5,3.6890532078675338,38.601439461324695,45.0,5.260176982971887,0.0,52.876029378095275,14.868,240.4618854251523
t617,0.0,2.1,24.025774662522345,0.0,0.0,1.9543002425883536,1.48,0.0,2.4114553404008023,24.5,4.710429005117912,73.60408910378176,36.131893858883146,0.0,0.0,39.24785693791126,4.9071935215911395,215.07299267279672
t618,5.699999999999999,2.1,0.0,0.0,0.0,1.285419665495272,1.48,42.52154902801553,8.730581223061366,24.5,0.0,94.08,45.0,0.0,0.0,0.0,14.868,240.26554991657216
t619,5.699999999999999,2.1,0.0,0.0,0.0,2.010980786460927,1.48,3.4080455414846624,1.6743582555073488,24.5,0.0,94.08,45.0,2.4581221975903613,0.0,13.452411510634931,14.868,210.73191829167823
t620,0.0,2.1,0.0,0.0,0.0,0.8742346441015445,1.48,0.0,1.3374169820359278,23.345256284950906,0.0,94.08,45.0,10.685133061686747,0.0,44.664587473333334,14.868,238.43462844610846
t621,5.1983441305817975,2.1,0.0,0.0,0.0,0.9897509208561487,1.48,0.0,1.548821106586827,24.5,0.0,94.08,0.0,11.056407764658633,0.0,55.154883345714296,14.868,210.9762072683977
t622,5.699999999999999,2.1,0.0,0.0,0.0,2.2514380288700853,1.48,27.777889195144237,5.83604786710918,24.5,0.0,94.08,0.0,11.112741680803213,0.0,0.0,14.868,189.70611677192673
t623,5.699999999999999,2.1,0.0,0.0,0.0,2.4601457441513195,1.48,57.60821184983681,10.224,24.5,0.0,94.08,38.28689413276259,10.223517459437751,0.0,0.0,14.868,261.5307691861885
t624,5.699999999999999,2.1,0.0,0.0,6.5,6.0467142857142875,1.48,75.70049507623958,10.224,24.5,0.0,94.08,45.0,10.264063882730921,0.0,0.0,14.868,296.4632732446848
t625,5.699999999999999,2.1,0.0,0.0,6.5,6.199330811348931,1.48,84.61937432710211,10.224,24.5,0.0,94.08,45.0,0.0,0.0,0.0,14.868,295.27070513845104
t626,5.699999999999999,2.1,0.0,0.0,6.5,6.3157403683424596,1.48,87.76981263840274,10.224,24.5,0.0,94.08,8.836151720514776,0.0,0.0,0.0,14.868,262.37370472726
t627,5.699999999999999,2.1,0.0,0.0,6.5,6.4062600298656065,1.48,84.7828847594618,10.224,24.5,0.0,94.08,19.674665608234015,0.0,0.0,0.0,14.868,270.3158103975614
t628,5.699999999999999,2.1,0.0,0.0,6.5,6.4465463414634145,1.48,70.12775205704561,10.224,24.5,0.0,94.08,45.0,6.183819851405621,0.0,65.25321384413898,14.868,352.46333209405367
t629,5.699999999999999,2.1,0.0,0.0,0.0,1.976313987058239,1.48,50.0166462187455,10.224,24.5,0.0,94.08,38.14345626488353,5.726717192771082,0.0,62.000481758412725,14.868,310.8156154218711
t630,5.699999999999999,2.1,0.0,0.0,0.0,1.8743026381284233,1.48,23.26401566753262,7.219766493324164,24.5,0.0,94.08,45.0,0.0,0.0,55.03835636158733,14.868,275.12444116057253
t631,3.0936096981275614,2.1,0.0,0.0,0.0,2.8436848120258844,1.48,0.0,2.3324362774850282,24.5,0.0,94.08,45.0,0.0,0.0,49.00728903843967,14.868,239.30501982607814
t632,0.0,2.1,0.0,17.758981079838225,0.0,4.066223446059462,1.48,0.0,2.981617215289422,24.5,0.0,85.81225962554043,45.0,0.0,0.0,26.804853001844343,4.938318163967765,215.44225253253967
t633,5.699999999999999,2.1,0.0,0.23125459360971481,0.0,7.8992423962037215,0.13731733370741325,5.322699728554179,0.0,24.5,0.0,94.08,45.0,0.0,0.0,65.54088573708557,0.0,250.5113997891606
t634,5.699999999999999,2.1,0.0,0.0,0.0,4.049846904758588,1.48,0.0,1.263191960601203,24.5,0.5351567517511283,47.101172833645805,45.0,0.0,0.0,49.389579790158734,0.0,181.11894824091547
t635,5.699999999999999,2.1,0.0,0.0,0.0,7.423313903265307,0.0,0.0,0.8864175625651303,24.5,0.07821915617661776,15.70448471383426,45.0,0.0,0.0,57.95172290126984,0.0,159.34415823711115
t636,5.699999999999999,2.1,10.852460009374372,0.0,0.0,6.448101861749779,0.530283431227477,0.0,1.215659080641283,23.246412635959594,0.0,5.334264319190283,45.0,0.0,0.0,94.81124677428572,0.0,195.2384281124285
t637,5.699999999999999,2.1,27.179809366258954,0.0,0.0,5.54017440884022,0.0,0.0,0.0,24.5,0.5123107860712482,0.6007579335078146,45.0,0.0,0.0,80.23685014661825,0.0,191.3699026412965
t638,5.699999999999999,2.1,33.12481709731811,0.0,0.0,6.9404061049224675,0.0,0.0,0.0,24.5,1.0322475632814845,45.47031210955339,45.0,0.0,0.0,59.526067955079384,0.0,223.39385083015483
t639,5.699999999999999,2.1,28.95187152337638,0.0,0.0,5.395449487965559,0.7805682842885769,0.0,0.0,24.5,0.5532604331560456,26.958857296594893,45.0,0.0,0.0,55.11385864793653,0.0,195.05386567331797
t640,5.699999999999999,2.1,14.12587009640517,0.0,0.0,2.2029094152215034,1.48,0.0,2.281750963887778,22.021055158383835,0.0,4.9163179819433465,45.0,0.0,0.0,71.70405058380952,0.0,171.53195419965112
t641,5.699999999999999,0.0,0.0,4.8523118740141555,0.0,1.900383567625685,1.48,40.62951466857437,1.3549373047422462,24.5,1.351173389613646,94.08,14.363101398432436,0.0,0.0,25.685996301330327,6.304301562175225,222.2017200665081
t642,5.699999999999999,2.1,0.0,0.0,0.0,2.5672212583275256,1.48,11.052466381256718,4.182831937674787,24.5,0.0,94.08,45.0,0.0,0.0,0.0,14.868,205.53051957725904
t643,0.0,2.1,0.0,0.0,0.0,2.0018978198108517,1.48,0.0,3.172821388150945,24.5,0.0,82.45788490242194,45.0,0.0,0.0,0.0,14.868,175.58060411038372
t644,0.0,2.1,0.0,0.0,0.0,1.064698656047786,1.48,0.0,1.864544250698603,16.31081174257435,0.0,94.08,45.0,7.905572842088352,0.0,0.0,14.868,184.6736274914091
t645,2.681418392273543,2.1,0.0,0.0,0.0,1.1825139870582384,1.48,0.0,2.1270313532934138,24.5,0.0,94.08,45.0,0.0,0.0,0.0,14.868,188.0189637326252
t646,5.699999999999999,2.1,0.0,0.0,0.0,1.366366650074665,1.48,21.905504974864616,10.224,24.5,0.0,94.08,45.0,0.0,0.0,0.0,14.868,221.22387162493928
t647,5.699999999999999,2.1,0.0,0.0,0.0,2.591845893479344,1.48,51.67994361458846,9.95501748257649,24.5,0.0,94.08,45.0,0.0,0.0,23.15524366317461,14.868,275.11005065381886
t648,5.699999999999999,2.1,0.0,0.0,5.981268796781125,5.832276543739208,1.48,71.13764736800888,10.224,24.5,0.0,94.08,45.0,7.095653973815264,0.0,67.53572398126985,14.868,355.5345706636144
t649,5.699999999999999,2.1,0.0,0.0,6.5,7.397140766550524,1.48,75.27068400360717,10.224,24.5,0.0,94.08,45.0,7.095155439498595,0.0,1.327576996507942,14.868,295.5425572061642
t650,5.699999999999999,2.1,0.0,0.0,6.5,6.429335689397711,1.48,73.67812872200493,10.224,24.5,0.0,94.08,45.0,0.0,0.0,0.0,14.868,284.55946441140264
t651,5.699999999999999,2.1,0.0,0.0,6.5,6.503158088601296,1.48,70.51014042570029,10.224,24.5,0.0,94.08,45.0,3.8637632106218702,0.0,3.643672234603199,14.868,288.97273395952664
t652,5.699999999999999,2.1,0.0,0.0,6.111938648741718,6.267270798922088,1.48,60.02408941894373,10.224,24.5,0.0,94.08,45.0,0.0,0.0,22.73272519904444,14.868,293.088024065652
t653,5.699999999999999,2.1,0.0,0.0,0.7766633094187161,2.5972288686424516,1.48,48.05207711872679,10.224,24.5,0.0,94.08,45.0,3.2466672194377475,0.0,0.0,14.868,252.6246365162257
t654,5.699999999999999,2.1,0.0,0.0,0.0,1.9891639621702346,1.48,26.223900774921862,10.224,24.5,0.0,94.08,32.663382020367536,3.3632881359036135,0.0,22.10592779015873,14.868,239.297662683522
t655,5.699999999999999,2.1,4.641267905501484,0.0,0.0,3.059277146520658,1.48,13.627556060295221,10.224,24.5,0.0,94.08,40.855265243735396,0.0,0.0,0.0,14.539375103423964,214.80674145947674
t656,5.699999999999999,2.1,17.830856037696133,0.0,0.0,5.424476954719373,0.9315569371543087,78.5949792465451,10.224,24.5,1.4082164860612132,58.78466820451969,45.0,0.0,0.0,19.941494293218888,0.0,270.44024815991474
t657,5.699999999999999,2.1,19.952648891201587,0.0,0.0,6.276154819143853,0.0,89.9,10.224,6.951926933004876,5.714481653741909,0.0,45.0,0.0,0.0,9.043167917777785,0.0,200.86238021487
t658,5.699999999999999,2.1,39.84579837243298,0.0,0.0,7.543251667496267,0.0,89.9,10.224,0.0,5.466694534540893,0.0,45.0,1.7973922847011972,0.0,0.0,0.0,207.57713685917133
t659,5.699999999999999,2.1,25.15271280226416,0.0,0.0,6.593596217023395,0.0,89.9,5.634393816064425,0.0,5.334365825760161,0.0,45.0,0.0,0.0,6.213592843968258,0.0,191.6286615050804
t660,5.699999999999999,2.1,43.54,0.0,0.0,7.484825722961293,0.0,89.9,9.75379310460922,0.0,4.514038455203211,0.0,45.0,0.0,0.0,25.634642571221438,0.0,233.62729985399517
t661,5.699999999999999,2.1,43.54,0.0,0.0,7.670809756097561,0.0,89.9,9.688357090180359,0.0,4.763311323411942,14.647738266796555,45.0,0.0,0.0,19.514159497460323,0.0,242.52437593394674
t662,5.699999999999999,2.1,26.13149616222442,0.0,0.0,7.584580886012941,0.0,89.9,9.39417545147325,0.0,5.6335652674962375,4.169857865039607,45.0,0.0,0.0,48.41641121285714,0.0,244.0300868451036
t663,5.699999999999999,2.1,19.60534774001986,0.0,0.0,6.335500049776008,0.0,89.9,10.224,0.0,6.297262206783744,94.08,45.0,0.0,0.0,39.5057048636508,0.0,318.74781486023045
t664,5.699999999999999,2.1,24.802084294617003,0.0,0.0,5.665585680268791,0.0,89.9,10.224,0.0,7.353660239026592,55.20162603804989,45.0,4.915695679750951,0.0,0.0,0.0,250.8626519317132
t665,5.699999999999999,2.1,3.6190621694538283,0.0,0.0,2.7898142434942756,1.48,89.9,9.940552607855711,2.8346998838650705,9.100637731320376,0.0,45.0,0.0,0.0,16.148603282109736,1.7070120091440086,190.320381927243
t666,5.699999999999999,2.1,0.0,0.0,0.0,1.7048555042210058,1.48,15.3968990702935,7.1665305252012175,24.5,0.0,94.08,29.361665594088542,3.1262699434538153,0.0,0.0,14.868,199.4842206372581
t667,0.0,2.1,0.0,0.0,0.0,1.2677796913887507,1.48,0.0,8.913440934131737,24.5,0.0,78.66365619871291,45.0,4.432304142489949,0.0,0.0,14.868,181.22518096672334
t668,0.0,2.1,0.0,0.0,0.0,1.1774006968641124,1.48,0.0,6.574413872984825,24.5,0.0,79.81940268898319,45.0,0.0,0.0,0.0,14.868,175.51921725883213
t669,0.6910795321021165,2.1,0.0,0.0,0.0,1.2948442010950731,1.48,0.0,9.257056178842314,24.5,0.0,94.08,45.0,7.432108287068273,0.0,54.246452265238126,14.868,254.9495404643459
t670,5.699999999999999,2.1,0.0,0.0,0.0,2.5616445993031367,1.48,27.790065307880685,10.224,24.5,0.0,94.08,45.0,0.0,0.0,0.0,14.868,228.30370990718382
t671,5.699999999999999,2.1,0.0,0.0,6.22275234948547,5.913113622002859,1.48,69.38529908492812,10.224,24.5,0.0,94.08,45.0,7.007457165140562,0.0,6.530862710793656,14.868,293.0114849323507
t672,5.699999999999999,2.1,0.0,0.0,6.5,7.364639522150323,1.48,89.9,10.224,24.5,0.0,94.08,45.0,8.028212201124498,0.0,3.9447563615873165,14.868,313.6896080848622
t673,5.699999999999999,0.0,14.7130273456999,0.0,0.0,0.0,1.48,89.9,10.224,24.5,15.598692575984058,94.08,0.0,5.840055743814786,0.0,0.0,3.3641756811519468,265.39995134665065
t674,5.699999999999999,0.0,12.878731273192345,0.0,0.0,0.0,1.48,89.9,10.224,24.5,16.05580269058296,94.08,0.0,9.436532152964821,0.0,0.0,7.850236894121163,272.10530301086135
t675,5.699999999999999,0.0,12.172133085881168,0.0,0.0,0.0,1.48,89.9,9.595483514570859,24.5,0.0,94.08,0.0,0.0,0.0,0.0,9.489974729275081,246.91759132972712
t676,5.699999999999999,0.0,0.0,0.0,0.0,0.0,1.48,89.9,10.224,24.5,0.0,94.08,0.0,5.495768122167951,0.0,0.0,10.236354429910635,241.61612255207862
t677,5.699999999999999,0.0,13.487978000281974,0.0,0.0,0.0,1.48,89.9,10.224,24.5,0.0,94.08,0.0,0.0,0.0,0.0,5.442570914518395,244.81454891480035
t678,5.699999999999999,0.0,0.0,0.0,0.0,0.0,1.48,89.9,10.224,24.5,0.0,94.08,0.0,11.34501608588259,0.0,0.0,0.29236636238332675,237.5213824482659
t679,5.699999999999999,2.1,17.340653085243297,0.0,0.0,1.368437837322051,1.48,89.9,10.062699812375248,24.5,0.0,94.08,23.95137083711745,0.0,0.0,9.597980369537593,7.745289979133933,287.82643192072953
t680,5.699999999999999,2.1,0.0,23.250874459782395,0.0,0.0,0.4454355788777559,7.506619926587725,1.9083741409218444,24.5,0.8486789595885592,54.45361254023293,45.0,0.0,6.25,0.0,0.0,171.9635956059912
t681,5.699999999999999,2.1,0.0,17.91564571723049,0.0,0.0,0.3123812889021962,0.0,0.0,19.806895359787415,0.1591918294768302,0.0,45.0,0.0,6.25,0.0,0.0,97.24411419539692
t682,5.699999999999999,2.1,0.0,21.880923059821956,0.0,0.0,0.33197330487026017,0.0,0.0,0.0,5.582775532574009,0.0,20.78668810870387,0.0,6.25,0.0,0.0,62.6323600059701
t683,5.699999999999999,2.1,0.0,42.92824765032113,0.0,0.0,0.8151680638722554,39.20132719433219,0.0,0.0,4.470018388881084,0.0,0.0,0.0,6.25,0.0,0.0,101.46476129740667
t684,5.699999999999999,2.1,0.0,48.400931545844315,0.0,0.0,0.19923757632734526,50.01463506554954,0.0,0.0,3.2853059959859507,0.0,0.0,0.1364204892451969,6.25,0.0,0.0,116.08653067295235
t685,5.699999999999999,2.1,0.0,31.729424652558187,0.0,0.0,0.27926882839863315,31.980089485860912,0.0,0.0,3.1080117320421476,0.0,0.0,0.0,6.25,0.0,0.0,81.14679469885988
t686,5.699999999999999,2.1,0.0,40.04061944414561,0.0,0.0,0.0,0.0,0.0,0.0,3.1789582302458608,0.0,0.0,0.0,6.25,0.0,0.0,57.26957767439147
t687,5.699999999999999,2.1,0.0,36.53586483504914,0.0,0.0,0.00957011125748437,0.0,0.0,0.0,4.330984480832915,0.0,0.0,0.0,6.25,9.011586141478308,0.0,63.93800556861784
t688,5.699999999999999,2.1,0.0,26.81219811704877,0.0,0.0,0.0,0.0,0.0,0.0,6.561840621565479,0.0,0.0,0.0,5.0808737599004985,40.93997037227026,0.0,87.19488287078501
t689,0.0,0.49107249504510536,5.196475026274045,32.123572649403386,0.0,0.0,1.4529629601596807,0.0,0.6275692007185646,24.5,2.106869320572001,38.445299038522045,0.0,3.250841006989234,0.0,0.0,0.0,108.19466169768405
t690,5.699999999999999,0.0,9.21990868572004,0.0,0.0,0.0,1.48,89.9,10.224,24.5,0.0,94.08,0.0,17.086596439196786,1.4534230997014943,0.0,0.0,253.64392822461835
t691,5.699999999999999,0.0,21.885256952950648,0.0,0.0,0.0,1.48,89.9,10.224,24.5,11.83126891542601,94.08,0.0,20.0,0.0,0.0,0.0,279.6005258683767
t692,5.699999999999999,0.0,12.580763712165625,0.0,0.0,0.0,1.48,89.9,6.986931417881077,24.5,0.0,94.08,0.0,8.758499011244979,1.049895522388061,0.0,0.0,245.03608966367972
t693,5.699999999999999,0.0,4.087464405115813,0.0,0.0,0.0,1.48,89.9,10.224,24.5,11.842472346786248,94.08,0.0,20.0,0.03285373134328435,0.0,0.0,261.84679048324534
t694,5.699999999999999,0.0,1.0500565501309185,0.0,0.0,0.0,1.48,89.9,10.224,24.5,12.804621823617339,94.08,0.0,20.0,1.593467661691543,0.0,0.0,261.3321460354398
t695,5.699999999999999,0.0,0.0,0.0,0.0,0.0,1.48,89.9,10.224,24.5,0.0,94.08,0.0,20.0,0.8464447761194044,0.0,0.0,246.7304447761194
t696,5.699999999999999,0.0,12.652856147311178,0.0,0.0,0.0,1.48,89.9,7.785155029141717,24.5,0.0,94.08,0.0,6.892894964497988,1.7871934328358223,0.0,0.0,244.7780995737867
t697,5.699999999999999,0.0,10.848392904612282,0.0,0.0,0.0,1.48,89.9,10.224,24.5,0.0,94.08,0.0,8.074606977886443,0.0,0.0,1.305967140933493,246.1129670234322
t698,5.699999999999999,0.0,9.277714153353477,0.0,0.0,0.0,1.48,89.9,10.224,24.5,0.0,94.08,0.0,1.2828063848836293,0.0,0.0,6.051702633942401,242.49622317217953
t699,5.699999999999999,0.0,2.5817014467870547,0.0,0.0,0.0,1.48,89.9,9.39624560958084,24.5,0.0,94.08,0.0,9.594304493579306,0.0,0.0,6.8464914706256454,244.07874302057286
t700,5.699999999999999,0.0,7.9351099237462215,0.0,0.0,0.0,1.48,89.9,8.31587725486693,24.5,0.0,94.08,0.0,9.366722054356996,0.0,0.0,5.868549067447888,247.14625830041803
t701,5.699999999999999,0.0,8.998757456475332,0.0,0.0,0.0,1.48,89.9,9.065395855776288,24.5,0.0,94.08,0.0,11.487932684748682,0.0,0.0,1.5620958812115338,246.7741818782118
t702,5.699999999999999,0.0,9.00594469893253,0.0,0.0,0.0,1.48,89.9,10.224,24.5,14.518448407443946,94.08,0.0,11.800810938944165,0.0,0.0,0.4484143385501722,261.6576183838708
t703,5.699999999999999,0.0,0.0,2.320330995793736,0.0,0.9198763501045311,1.48,89.9,9.68036037996008,24.5,0.0,94.08,0.0,0.0,0.0,6.451798356953262,11.834926416153063,246.86729249896462
t704,0.0,2.1,6.934738807586893,0.0,0.0,4.194948127108014,0.0,0.0,1.5609230884231535,24.5,2.1468409270245856,58.91065163458355,45.0,0.6712844764940246,0.0,21.790149401767973,0.0,167.8095364629882
t705,5.699999999999999,2.1,14.006781135372396,0.0,0.0,0.0,0.0,31.573985052646616,0.0,8.639800244146306,5.512556785241653,0.0,45.0,5.09634618007968,4.793442542713784,0.0,0.0,122.42291194020044
t706,5.699999999999999,2.1,0.0,0.0,0.0,0.0,0.0,74.58647663417301,10.224,0.0,6.7023173556347215,0.0,1.9204618883975197,0.0,6.25,0.0,0.0,107.48325587820526
t707,5.699999999999999,2.1,14.167922400516403,0.0,0.0,0.0,0.0,51.53456743241992,0.0,0.0,5.091687441194179,0.0,0.0,0.0,6.25,0.0,0.0,84.8441772741305
t708,5.699999999999999,2.1,26.57078851729891,0.0,0.0,0.0,0.0,89.9,10.224,0.0,3.740723471279478,0.0,0.0,2.0797023231824228,6.25,0.0,0.0,146.5652143117608
t709,5.699999999999999,2.1,24.943404248778563,0.0,0.0,0.0,0.0,89.9,6.4115053462086395,0.0,3.820048830888109,0.6860601651963283,0.0,14.092066977211157,6.06722798875622,0.0,0.0,153.72031355703902
t710,5.699999999999999,2.1,7.118202558609729,0.0,0.0,0.0,0.0,6.948627094726456,0.0,0.0,4.244970552523834,0.22637567021680255,0.0,0.31109887529880437,5.851060824577115,0.0,0.0,32.50033557595274
t711,5.699999999999999,2.1,9.31573688274082,0.0,0.0,0.0,0.25176147146292577,89.9,10.224,0.0,5.228609731419969,3.2067612797278273,0.0,0.0,6.25,0.0,0.17550972153072658,132.35237908688225
t712,5.699999999999999,2.1,6.526979773941747,0.0,0.0,0.0,0.4032797079358724,0.0,0.0,0.0,7.582374119809334,12.792175955103351,0.0,0.0,6.25,0.0,8.593913828418922,49.94872338520923
t713,0.0,2.1,0.0,0.0,0.0,1.542191631338975,1.48,0.0,0.19437467170340594,24.5,2.7475757368389364,0.0,27.231578085745678,0.0,0.0,3.5637019888004264,1.1908420918227558,64.55026420625018
t714,5.699999999999999,0.0,2.980222092414479,0.0,0.0,0.0,1.48,89.9,8.395700732135728,24.5,0.0,94.08,0.0,14.196588677590363,0.0,0.0,0.0,241.23251150214057
t715,5.699999999999999,0.0,20.039240920725078,0.0,0.0,0.0,1.48,89.9,10.224,24.5,11.849563312954661,94.08,0.0,7.3314586178814025,0.0,0.0,0.0,265.10426285156115
t716,5.699999999999999,0.0,3.247083740463241,0.0,0.0,0.0,1.48,89.9,3.9635435848303393,24.5,0.0,94.08,0.0,6.768311463935739,0.0,0.0,0.0,229.63893878922931
t717,5.699999999999999,0.0,19.139973972084594,0.0,0.0,0.0,1.48,89.9,10.224,24.5,12.016129546586944,94.08,0.0,19.623061026987948,0.0,0.0,0.0,276.6631645456595
t718,5.699999999999999,0.0,0.0,0.0,0.0,0.0,1.48,89.9,7.74017083497007,24.5,0.0,94.08,0.0,6.582679055903615,0.0,0.0,0.0,229.9828498908737
t719,5.699999999999999,0.0,13.016024324551868,0.0,0.0,0.0,1.48,89.9,10.224,24.5,14.389146985550575,94.08,0.0,19.244900670682732,0.0,0.0,0.0,272.5340719807852
t720,5.699999999999999,0.0,10.431269037542801,0.0,0.0,0.0,1.48,89.9,10.224,24.5,16.00825710014948,94.08,0.0,15.516022361602836,0.0,0.0,5.315694689553132,273.15524318884826
t721,5.699999999999999,0.0,0.0,0.0,0.0,0.0,1.48,89.9,10.224,24.5,16.039563527653215,94.08,0.0,9.923055819641935,0.0,0.0,10.83224086542206,262.67886021271727
t722,5.699999999999999,0.0,3.637784576856139,0.48685827612266824,0.0,0.0,1.48,89.9,10.224,24.5,0.0,94.08,0.0,5.298808581847389,0.0,0.0,14.868,250.17545143482621
t723,5.699999999999999,0.0,7.3508742741994,0.0,0.0,0.0,1.48,89.9,8.486376396007985,24.5,0.0,94.08,0.0,3.6175248348594344,0.0,0.0,14.868,249.98277550506683
t724,5.699999999999999,0.0,7.814044465538772,0.0,0.0,0.0,1.48,89.9,10.224,24.5,0.0,94.08,0.0,2.7733102244176706,0.0,0.0,14.868,251.33935468995645
t725,5.699999999999999,0.0,0.0,0.0,0.0,0.0,1.48,89.9,10.224,24.5,0.0,94.08,0.0,0.0,0.0,0.0,9.733953238252267,235.61795323825228
t726,5.699999999999999,0.0,0.0,0.0,0.0,0.0,1.48,89.9,8.476078134930138,24.5,0.0,94.08,0.0,0.0,0.0,0.0,8.729977140531936,232.86605527546206
t727,5.699999999999999,2.1,24.52235114347567,0.0,0.0,0.6061692321353914,1.48,65.20178039663566,7.48496272909415,24.5,0.0,94.08,45.0,0.0,0.0,23.146697609784216,7.547029073595164,301.36899018472025
t728,5.699999999999999,2.1,26.090849098033758,0.0,0.0,0.0,0.0,25.860760926811235,0.0,24.5,2.202493574872052,64.4317118284584,45.0,0.0,5.180241919104479,0.0,0.0,201.06605734727992
t729,5.699999999999999,2.1,21.723028859424033,0.0,0.0,3.244210347117969,0.0,0.0,0.0,24.5,1.3605405183241326,1.5120210815787167,45.0,0.0,0.0,0.0,0.0,105.13980080644485
t730,5.699999999999999,2.1,21.71018062176762,0.0,0.0,6.647246904758586,0.0,5.604959749630345,0.0,0.0,8.64274439684897,0.0,24.179363197584625,0.0,0.0,0.0,0.0,74.58449487059015
t731,5.699999999999999,2.1,16.505804548599794,0.0,0.0,4.028649923060753,0.0,5.47635216757023,0.0,0.0,8.692081641816356,0.0,45.0,0.0,3.1589454594974824,0.0,0.0,90.66183374054462
t732,5.699999999999999,2.1,40.444674024270114,0.0,0.0,6.606834261652562,0.0,52.28688637831446,0.0,0.0,7.033517333196186,0.0,45.0,0.24581285745019738,0.0,0.0,0.0,159.41772485488352
t733,5.699999999999999,2.1,38.47506150192651,0.0,0.0,1.00874701861317,0.0,0.0,0.0,0.0,7.817991635985951,0.0,45.0,10.967071248446215,5.27066007256282,0.0,0.0,116.33953147753466
t734,5.699999999999999,2.1,21.52556020103279,0.0,0.0,6.3876026426526815,0.0,41.39999549216363,0.0,0.0,6.165484617732062,0.0,30.367656971280244,5.919860648037803,0.0,0.0,0.0,119.56616057289921
t735,5.699999999999999,2.1,29.021223741330022,0.0,0.0,4.395821419442508,0.0,14.676575645131509,0.0,0.0,5.337181382127446,0.0,45.0,8.016118495219123,0.0,0.0,0.0,114.2469206832506
t736,4.368623194314018,0.0,0.0,0.0,0.0,0.7090545128296135,0.0,23.07330270182355,0.0,0.0,7.426259463712995,0.0,32.931555058398466,0.0,3.896916472584471,0.0,0.0,72.40571140366312
t737,0.0,2.1,0.0,0.0,0.0,1.1154032947660397,1.459028824168336,0.0,1.040235867385231,24.5,2.5076864581936777,28.235242797284034,45.0,0.0,0.0,11.65827886381162,0.0,117.61587610560893
t738,5.699999999999999,0.0,7.434785331198393,0.0,0.0,0.0,1.48,89.9,8.925250654251496,24.5,0.0,94.08,0.0,0.0,0.0,0.0,14.868,246.8880359854499
t739,5.699999999999999,0.0,2.715915563222561,0.0,0.0,0.0,1.48,89.9,10.224,24.5,11.865825518684602,94.08,0.0,15.655166833239416,0.0,0.0,0.0,256.12090791514663
t740,5.699999999999999,0.0,20.630825935830813,0.0,0.0,0.0,1.48,89.9,4.392307201596807,24.5,11.710229197807672,94.08,0.0,15.37099333275107,0.0,0.0,4.162307677517498,271.92666334550387
t741,5.699999999999999,0.0,17.77084940953832,0.0,0.0,0.0,1.48,89.9,10.224,24.5,0.0,94.08,0.0,9.8832846973494,0.0,0.0,14.868,268.40613410688775
t742,5.699999999999999,0.0,16.36398404257805,0.0,0.0,0.0,1.48,89.9,10.224,24.5,12.92676432486298,94.08,0.0,0.0,0.0,0.0,14.868,270.042748367441
t743,5.699999999999999,0.0,13.351573166445121,0.0,0.0,0.0,1.48,89.9,10.224,24.5,14.296371699053312,94.08,0.0,10.463286737028112,0.0,0.0,14.868,278.8632316025266
t744,5.699999999999999,0.0,0.0,0.0,0.0,0.0,1.48,89.9,7.862632586986029,24.5,15.882382660687595,94.08,0.0,0.0,0.0,0.0,14.868,254.27301524767364
t745,5.699999999999999,0.0,0.0,0.0,0.0,0.0,1.48,89.9,10.224,24.5,0.0,94.08,0.0,9.770704018958934,0.0,0.0,11.230854570387288,246.88555858934623
t746,5.699999999999999,0.0,0.0,0.0,0.0,0.0,1.48,89.9,10.224,24.5,0.0,94.08,0.0,0.0,0.0,0.0,13.886183269493543,239.77018326949354
t747,5.699999999999999,0.0,7.778981021430011,0.0,0.0,0.0,1.48,89.9,10.224,24.5,16.359449925261583,94.08,0.0,0.0,0.0,0.0,14.868,264.8904309466916
t748,5.699999999999999,0.0,5.6290245108242365,0.0,0.0,0.0,1.48,89.9,10.224,24.5,0.0,94.08,0.0,0.0,0.0,0.0,14.868,246.3810245108242
t749,5.699999999999999,0.0,0.0,0.0,0.0,0.0,1.48,89.9,7.823159211177645,24.5,0.0,94.08,0.0,0.0,0.0,0.0,7.776024737755738,231.25918394893336
t750,5.699999999999999,0.0,0.0,0.0,0.0,0.0,1.48,89.9,10.224,24.5,0.0,94.08,0.0,0.0,0.0,0.0,5.372173331062579,231.2561733310626
t751,5.699999999999999,2.1,26.28571884842106,0.0,0.0,1.1564011883325045,1.48,89.9,7.881484475608785,24.5,0.0,94.08,29.621294661162036,0.0,0.0,2.1150889028023516,8.444641313454177,293.2646293897809
t752,5.699999999999999,2.1,2.2555057806742282,36.71664407857448,0.0,1.8203332163563957,0.0,0.0,1.3953947757515026,24.5,0.7478854590868041,0.10979463787257908,45.0,0.0,6.25,0.0,0.8700531831380348,127.46561113145404
t753,5.699999999999999,2.1,31.744959408897724,0.0,1.7111450246497772,0.0,0.0,89.9,10.224,0.0,7.206895291580533,31.736668469843952,45.0,3.0286359155777975,6.25,0.0,4.360622194984915,238.96292630553472
t754,5.699999999999999,2.1,13.17809148428997,0.0,6.5,0.0,0.0,89.9,10.224,0.0,5.724521798655292,94.08,45.0,0.0,1.6790060982089563,0.0,0.0,274.08561938115423
t755,5.699999999999999,2.1,25.152526439602784,0.0,6.5,0.0,0.0,89.9,10.224,0.0,4.03090378946312,94.08,45.0,2.0661577477290853,1.8952417910447767,0.0,0.0,286.6488297678398
t756,5.699999999999999,2.1,40.488278303633905,0.0,6.5,0.0,0.0,89.9,10.224,0.0,2.9859109724234827,94.08,45.0,3.3376274251792823,3.064077611940299,0.0,0.0,303.379894313177
t757,5.699999999999999,2.1,39.93198039324727,0.0,6.5,1.0995382424916715,0.0,89.9,10.224,0.0,2.8360766610436534,94.08,45.0,17.46995035250996,0.5306956721029479,0.0,0.0,315.37224132139545
t758,5.699999999999999,2.1,21.160608521628593,0.0,6.5,2.1944187543201785,0.0,89.9,10.224,0.0,3.186731700250878,94.08,12.481009563233588,16.683122199360703,0.0,0.0,0.0,264.20989073879394
t759,5.699999999999999,2.1,10.33237019002979,0.0,6.5,0.3731330919298443,0.0,89.9,10.224,0.0,4.3823588268138485,94.08,45.0,12.00830983680459,0.5259682973869234,0.0,0.0,281.126140242965
t760,5.699999999999999,2.1,31.250578005322744,0.0,6.5,1.1228856304927837,0.0,89.9,10.224,0.0,6.662561710878071,47.55235020332449,45.0,0.0,0.0,0.0,0.0,246.01237555001808
t761,5.699999999999999,2.1,0.0,11.613446700454986,0.0,0.0,0.06422393365269463,19.44447395404342,0.08080011699634494,0.0,10.411211989252383,0.0,25.592219110870275,0.0,5.991039731008431,4.153040207179289,0.0,85.15045574345781
t762,5.699999999999999,0.0,1.7081482214200316,0.0,0.0,0.0,1.48,89.9,10.224,24.5,12.184010061135904,94.08,0.0,0.0,0.0,0.0,14.868,254.6441582825559
t763,5.699999999999999,0.0,19.10530463009064,0.0,0.0,0.0,1.48,89.9,10.224,24.5,0.0,94.08,0.0,0.7799577898795136,0.0,0.0,14.868,260.63726241997017
t764,5.699999999999999,0.0,2.3316698431822775,0.0,0.0,0.0,1.48,89.9,10.224,24.5,0.0,94.08,0.0,0.0,0.0,0.0,14.868,243.0836698431823
t765,5.699999999999999,0.0,1.1478591684592194,0.0,0.0,0.0,1.48,89.9,10.224,24.5,12.376111609367218,94.08,0.0,0.0,0.0,0.0,14.868,254.27597077782644
t766,5.699999999999999,0.0,15.727978000281972,0.0,0.0,0.0,1.48,89.9,7.587404462195621,24.5,13.348598903836573,94.08,0.0,0.0,0.0,0.0,14.868,267.19198136631417
t767,5.699999999999999,0.0,13.30156511005036,0.0,0.0,0.0,1.48,89.9,7.9774287664670664,24.5,0.0,94.08,0.0,8.885396491084334,0.0,0.0,14.868,260.6923903676018
t768,5.699999999999999,0.0,10.805843055669685,0.0,0.0,0.0,1.48,89.9,8.830838899800398,24.5,0.0,94.08,0.0,8.253791140883532,0.0,0.0,14.868,258.41847309635364
t769,5.699999999999999,0.0,0.42123534644696015,5.57676312401399,0.0,0.0,1.48,89.9,7.6716013748503,24.5,0.0,94.08,0.0,0.0,0.0,0.0,14.868,244.19759984531123
t770,5.699999999999999,0.0,0.0,0.0,0.0,0.0,1.48,89.9,10.224,24.5,0.0,94.08,0.0,4.306666928514057,0.0,0.0,14.868,245.05866692851407
t771,5.699999999999999,0.0,0.0,0.0,0.0,0.0,1.48,89.9,10.224,24.5,0.0,94.08,0.0,0.0,0.0,0.0,14.868,240.752
t772,5.699999999999999,0.0,7.828960880443108,0.0,0.0,0.0,1.48,89.9,7.799739193612775,24.5,0.0,94.08,0.0,0.0,0.0,0.0,14.868,246.1567000740559
t773,5.699999999999999,0.0,0.0,0.0,0.0,0.0,1.48,89.9,10.224,24.5,0.0,94.08,0.0,3.0661795802409633,0.0,0.0,14.868,243.81817958024098
t774,5.699999999999999,0.0,4.759011101752267,0.0,0.0,0.0,1.48,89.9,10.224,24.5,0.0,94.08,0.0,0.0,0.0,0.0,14.868,245.51101110175227
t775,5.699999999999999,2.1,28.20419666133068,0.0,0.0,1.6562044735490302,1.48,58.13110617267788,5.385487444390399,24.5,0.0,94.08,45.0,0.0,0.0,32.20110147257216,4.912794387955685,303.3508906124758
t776,5.699999999999999,2.1,31.446975044210518,0.0,0.0,6.415789662349427,0.0,69.90290545955236,6.437153170847333,24.5,0.4934971133868525,15.014833707288743,45.0,3.1526941572908385,0.0,0.1012539488888718,0.0,210.26510226381498
t777,5.699999999999999,2.1,39.69368617553128,0.0,6.5,1.5877228629467404,0.0,89.9,10.224,0.0,7.146057373888611,0.0,24.319555270001153,8.192670743904383,0.0,11.639305059999986,0.0,207.0029974862722
t778,5.699999999999999,2.1,25.3564231625422,0.0,6.5,2.2108312140812556,0.0,89.9,10.224,0.0,6.007725783933768,25.799062937453577,45.0,10.86096854055777,0.0,0.0,0.0,229.65901163856856
t779,5.699999999999999,2.1,43.54,0.0,6.5,1.788717969138876,0.0,89.9,10.224,0.0,4.355357467185148,94.08,45.0,0.17091401992031982,0.0,0.08062461555556952,0.0,303.4396140717999
t780,5.699999999999999,2.1,26.98221660842106,0.0,6.5,2.7773023394723744,0.0,89.9,10.224,0.0,3.4408350386853983,94.08,45.0,1.9774662513147423,0.0,37.31040239333335,0.0,325.9922226312269
t781,5.699999999999999,2.1,39.69455065318706,0.0,6.5,2.6429985067197603,0.0,89.9,10.224,0.0,3.819883335363774,94.08,45.0,2.466623658804781,0.0,17.989789269951576,0.0,320.117845424027
t782,5.699999999999999,2.1,23.193833291638526,0.0,6.5,2.3759354902936787,0.0,89.9,10.224,0.0,4.072782482378324,94.08,45.0,14.686781460398405,0.0,2.781089060634927,0.0,300.61442178534384
t783,5.699999999999999,2.1,35.97397665279047,0.0,6.5,0.5228665165057249,0.0,89.9,10.224,0.0,4.718431863682891,45.40432151659248,45.0,6.029801011065688,0.0,0.0,0.0,252.07339756063726
t784,5.699999999999999,2.1,11.738150087666336,0.0,6.5,0.0,0.0,89.9,10.224,0.0,6.644706560100352,94.08,45.0,0.0,0.0,6.311399447777798,0.0,278.1982560955445
t785,5.699999999999999,2.1,0.0,4.7354714900890365,0.0,0.0,0.0,11.110926693188768,0.0,0.0,10.87482996286001,0.0,36.89453054331777,1.744154190522087,5.045177786169156,1.1270523914809645,0.0,79.33214305762779
t786,5.699999999999999,0.0,0.0,0.0,0.0,0.0,1.48,89.9,10.224,24.5,0.0,94.08,0.0,0.0,0.0,0.0,14.868,240.752
t787,5.699999999999999,0.0,1.6887796921248848,0.0,0.0,0.0,1.48,89.9,10.224,24.5,11.2619151060289,94.08,0.0,9.104911330281128,0.0,0.0,14.868,262.80760612843494
t788,5.699999999999999,0.0,19.19742613724069,0.0,0.0,0.0,1.48,89.9,5.802272413572855,24.5,11.060341803687097,94.08,0.0,0.0,0.0,0.0,14.868,266.5880403545006
t789,5.699999999999999,0.0,0.0,1.062985078301321,0.0,0.0,1.48,89.9,10.224,24.5,0.0,94.08,0.0,9.655784675983934,0.0,0.0,14.868,251.47076975428527
t790,5.699999999999999,0.0,2.3433967132326217,0.0,0.0,0.0,1.48,89.9,10.224,24.5,0.0,94.08,0.0,1.74525907630522,0.0,0.0,14.868,244.84065578953783
t791,5.699999999999999,0.0,12.748036409144014,0.0,0.0,0.0,1.48,89.9,6.296011030738524,24.5,0.0,94.08,0.0,0.0,0.0,0.0,14.868,249.5720474398825
t792,5.699999999999999,0.0,10.242670850231628,0.0,0.0,0.0,1.48,89.9,10.224,24.5,0.0,94.08,0.0,0.0,0.0,0.0,14.868,250.9946708502316
t793,5.699999999999999,0.0,8.40837477772407,0.0,0.0,0.0,1.48,89.9,9.079012456686627,24.5,16.06279222720478,94.08,0.0,7.92783802425703,0.0,0.0,14.868,272.0060174858725
t794,5.699999999999999,0.0,0.0,0.0,0.0,0.0,1.48,89.9,8.173253117764474,24.5,0.0,94.08,0.0,6.413297646425701,0.0,0.0,14.868,245.11455076419014
t795,5.699999999999999,0.0,6.534616469566967,0.0,0.0,0.0,1.48,89.9,10.224,24.5,0.0,94.08,0.0,5.137859810602408,0.0,0.0,14.868,252.4244762801694
t796,5.699999999999999,0.0,6.554354636737156,0.0,0.0,0.0,1.48,89.9,10.224,24.5,16.650589935226705,94.08,0.0,0.0,0.0,0.0,14.868,263.95694457196385
t797,5.699999999999999,0.0,0.0,0.0,0.0,0.0,1.48,89.9,10.224,24.5,0.0,94.08,0.0,4.318924057349396,0.0,0.0,14.868,245.0709240573494
t798,5.699999999999999,0.0,1.730062461268883,0.0,0.0,0.2504609195420616,1.48,89.9,10.224,24.5,0.0,94.08,0.0,0.0,0.0,0.0,14.868,242.73252338081096
t799,0.0,2.1,26.6759704451253,0.0,0.0,2.2989926268591336,1.48,0.0,0.12149573991984179,24.5,1.2943473494330149,55.49152944460159,45.0,0.0,0.0,40.25127067892342,1.7975240578247726,201.01113034268707
t800,5.699999999999999,2.1,28.92776488639524,0.0,6.5,1.1517743313389754,0.0,89.9,10.224,0.0,7.171299020130457,0.0,32.740191825946525,4.163687093705182,0.0,0.7360835171428763,0.0,189.31480067465924
t801,5.699999999999999,2.1,20.77606266411122,0.0,6.5,2.692635279954823,0.0,89.9,10.224,0.0,5.579725249312595,55.78146264351108,45.0,8.899001905418327,0.0,0.0,0.0,253.15288774230802
t802,5.699999999999999,2.1,24.974641198371394,0.0,6.5,1.8638216027874566,0.0,89.9,10.224,0.0,4.6057277683492215,94.08,35.23862143685133,10.742572609880478,0.0,0.0,0.0,285.92938461623993
t803,5.699999999999999,2.1,42.90000593719961,0.0,6.5,2.8010625186660034,0.0,89.9,10.224,0.0,3.131088025820371,94.08,45.0,0.16678372541832917,0.0,0.0,0.0,302.5029402071043
t804,5.699999999999999,2.1,25.79170618148957,0.0,6.5,2.7199962170233953,0.0,89.9,10.224,0.0,2.118433020200703,84.52929144876995,45.0,16.03525479123506,0.0,0.0,0.0,290.61868165871863
t805,5.699999999999999,2.1,24.562292080198603,0.0,6.5,1.5025995022399203,0.0,89.9,10.224,0.0,2.520804613507276,18.558132747189518,0.0,7.390419833538498,0.0,5.882418837888128,0.0,174.8406676145619
t806,5.699999999999999,2.1,37.18748575948363,0.0,6.5,2.224129931139871,0.0,89.9,10.224,0.0,3.316826895815353,73.78625225013874,45.0,1.750506864063742,0.0,0.0,0.0,277.6892017006414
t807,5.699999999999999,2.1,28.078113276980474,0.0,6.5,0.06298309191637712,0.0,89.9,10.224,0.0,4.908355364867036,94.08,14.01193663307106,1.3240473643027864,0.0,0.0,0.0,256.8894357311377
t808,5.699999999999999,2.1,21.58484707849057,0.0,0.0,0.0,0.3277177083020363,89.9,10.224,0.0,7.850573729212242,0.0,0.0,0.0,6.175579911356798,0.0,0.0,143.86271842736164
t809,5.699999999999999,2.1,0.0,3.8561479372106815,0.0,0.0,0.0,19.489951115426326,0.0,0.0,11.681369772563976,0.0,32.02248138940901,0.8432854586345395,5.132753447960199,6.495735718403095,0.0,87.32172483960782
t810,5.699999999999999,0.0,5.2567943015105785,0.0,0.0,0.0,1.48,89.9,8.462308214770458,24.5,9.31559971873558,94.08,0.0,0.0,0.0,0.0,0.0,238.69470223501662
t811,5.699999999999999,0.0,3.784479591419946,0.0,0.0,0.0,1.48,89.9,10.224,24.5,12.097207266457398,94.08,0.0,17.347821403373494,0.0,0.0,0.0,259.11350826125084
t812,5.699999999999999,0.0,21.253649702195368,0.0,0.0,0.0,1.48,89.9,10.224,24.5,0.0,94.08,0.0,17.810510497831327,0.0,0.0,0.0,264.9481602000267
t813,5.699999999999999,0.0,2.908782466143012,0.0,0.0,0.0,1.48,89.9,10.224,24.5,0.0,94.08,0.0,18.697061196626507,0.0,0.0,0.0,247.48984366276954
t814,5.699999999999999,0.0,18.61802633865055,0.0,0.0,0.0,1.48,89.9,7.376451294211576,24.5,13.633907324364724,94.08,0.0,6.852226120871562,0.0,0.0,0.0,262.14061107809835
t815,5.699999999999999,0.0,15.356914556173217,0.0,0.0,0.0,1.48,89.9,10.224,24.5,0.0,94.08,0.0,17.90319704899598,0.0,0.0,0.0,259.1441116051692
t816,5.699999999999999,0.0,0.0,0.0,0.0,0.0,1.48,89.9,10.224,24.5,16.59574090682611,94.08,0.0,4.317150052102571,0.0,0.0,2.2334439067726217,249.03033486570132
t817,5.699999999999999,0.0,12.03090649977845,0.0,0.0,0.0,1.48,89.9,10.224,24.5,16.69185052316891,94.08,0.0,13.01697922079714,0.0,0.0,7.590759059245305,275.2144953029898
t818,5.699999999999999,0.0,10.584352622638468,0.0,0.0,0.0,1.48,89.9,9.020999335665543,24.5,0.0,94.08,0.0,9.17876259066487,0.0,0.0,11.345219477775562,255.78933402674443
t819,5.699999999999999,0.0,9.699222713272912,0.0,0.0,0.0,1.48,89.9,10.224,24.5,0.0,94.08,0.0,0.0,0.0,0.0,13.244937451956304,248.8281601652292
t820,5.699999999999999,0.0,9.48517638900302,0.0,0.0,0.0,1.48,89.9,10.224,24.5,0.0,94.08,0.0,0.0,0.0,0.0,13.04005292655413,248.40922931555716
t821,5.699999999999999,0.0,0.0,0.0,0.0,0.0,1.48,89.9,9.700210099800398,24.5,0.0,94.08,0.0,5.958304528648213,0.0,0.0,10.926831476703084,242.2453461051517
t822,5.699999999999999,0.0,0.0,0.0,0.0,0.38593847056247016,1.48,89.9,10.224,24.5,17.101014539561536,94.08,0.0,1.046241271726908,0.0,0.0,14.868,259.2851942818509
t823,5.699999999999999,2.1,7.65430033942403,0.0,0.0,2.346101735868592,1.48,67.9605951728867,7.571413730453555,24.5,0.7906708555042634,94.08,31.416864224667545,0.0,0.0,35.80471895479518,3.7547162979053312,285.1593813115052
t824,0.0,2.1,5.0539935019134035,0.0,0.0,1.8479414980629827,0.0,0.0,3.7306966554890213,21.739261336767676,0.0,11.5025871774899,45.0,1.4715388816733084,5.356734417938899,0.0,0.0,97.80275346933519
t825,5.699999999999999,0.602144142720956,0.0,0.0,0.0,0.0,0.04325485823647324,42.670628679556444,0.0,0.0,6.615637032804818,0.0,27.90719636367246,0.0,6.25,0.0,10.680003702259302,100.46886477925045
t826,5.699999999999999,2.1,0.0,0.0,0.0,0.0,0.5103252512916417,43.93644886315427,0.0,0.0,7.241251244445559,0.0,21.38547828507823,0.0,6.25,0.0,0.0,87.1235036439697
t827,5.699999999999999,2.1,22.866412689056602,0.0,0.0,0.0,0.46143358108216476,12.168632053169043,0.0,0.0,6.375228003843452,0.0,39.468067135221794,0.0,6.25,0.0,14.868,110.25777346237305
t828,5.699999999999999,2.1,3.4668889142006027,0.0,0.0,0.0,0.20055024901803584,15.864059110300627,0.0,0.0,7.027196158916207,0.0,0.0,0.0,6.25,0.0,4.1065576498249765,44.71525208226045
t829,5.699999999999999,2.1,14.077998748363525,0.0,0.0,0.0,0.0,27.971800512129988,0.0,0.0,6.35557833728048,0.0,0.0,0.0,6.25,0.0,8.294371911757695,70.74974950953168
t830,5.699999999999999,2.1,0.0,25.167479362923533,0.0,0.0,0.8588790881362726,39.01405036373584,0.0,0.0,7.074388748238836,0.0,0.0,0.0,6.25,0.0,4.862966210597869,91.02776377363234
t831,5.699999999999999,2.1,10.146689471578952,0.0,0.0,0.0,0.5425568436472948,0.0,0.0,0.0,7.83121565623683,0.0,8.046443312285696,0.0,6.25,0.0,14.868,55.484905283748766
t832,0.0,0.0,9.496825234078552,0.0,0.0,0.0,0.48918107607214434,0.0,0.0,0.0,9.159332397170097,0.0,30.17509496927714,0.0,6.25,17.374294509991653,7.53551272295431,80.4802409095439
t833,5.699999999999999,0.0,8.273251651188149,1.1642267762461052,0.0,1.436860236525636,1.48,0.0,1.6057314390818358,24.5,3.29657955639739,40.03746737147814,8.419750378144304,0.0,0.0,0.0,1.9275575716012043,97.84142498066275
t834,5.699999999999999,0.0,0.0,0.0,0.0,0.0,1.48,89.9,8.154092964990022,24.5,9.938149344144506,94.08,0.0,0.0,0.0,0.0,0.0,233.75224230913454
t835,5.699999999999999,0.0,20.1294905883988,0.0,0.0,0.0,1.48,89.9,10.224,24.5,0.0,94.08,0.0,2.7117044236144565,0.0,0.0,0.0,248.72519501201324
t836,5.699999999999999,0.0,21.23654799021148,0.0,0.0,0.0,1.48,89.9,6.269255209580837,24.5,0.0,94.08,0.0,17.012312560642574,0.0,0.0,0.0,260.1781157604349
t837,5.699999999999999,0.0,20.062817879436054,0.0,0.0,0.0,1.48,89.9,10.224,24.5,0.0,94.08,0.0,17.813018561606427,0.0,0.0,0.0,263.75983644104247
t838,5.699999999999999,0.0,2.931970341873121,0.0,0.0,0.0,1.48,89.9,6.612119244317909,24.5,0.0,94.08,0.0,17.23540972514056,0.0,0.0,0.0,242.43949931133156
t839,5.699999999999999,0.0,0.0,0.0,0.0,0.0,1.48,89.9,10.224,24.5,0.0,94.08,0.0,15.285596564641716,0.0,0.0,2.888884717894756,244.0584812825365
t840,5.699999999999999,0.0,12.329601363826797,0.0,0.0,0.0,1.48,89.9,10.224,24.5,16.164042850024913,94.08,0.0,12.332128213701194,0.0,0.0,10.044066445799418,276.7538388733524
t841,5.699999999999999,2.1,0.0,0.0,0.0,0.0,1.48,89.9,10.224,24.5,0.0,94.08,0.0,10.52864117820981,0.0,0.0,6.959645037120145,245.47228621532992
t842,5.699999999999999,2.1,0.0,0.0,0.0,0.0,1.48,89.9,10.224,24.5,0.0,94.08,0.0,0.0,0.0,0.0,14.868,242.85199999999998
t843,5.699999999999999,2.1,0.0,0.0,0.0,0.0,1.48,89.9,10.224,24.5,16.45727553562531,94.08,0.0,0.0,0.0,0.0,9.777121063475702,254.21839659910103
t844,5.699999999999999,2.1,0.0,0.0,0.0,0.0,1.48,89.9,10.224,24.5,16.2986158445441,94.08,0.0,3.6459196516902113,0.0,0.0,12.82907935543199,260.7576148516663
t845,5.699999999999999,2.1,0.0,0.0,0.0,0.0,1.48,89.9,10.224,24.5,15.483700049825613,94.08,0.0,8.520207797708094,0.0,0.0,4.859675244586901,256.8475830921206
t846,5.699999999999999,0.19723249035246707,0.0,0.0,0.0,0.0,1.48,89.9,10.224,24.5,0.0,94.08,0.0,8.95399683649235,0.0,0.0,1.9487868032969138,236.98401613014173
t847,5.699999999999999,2.1,32.14487751193645,0.0,0.0,0.8697299090891003,1.48,52.364575920306336,4.496647844050091,24.5,0.0,94.08,45.0,0.0,0.0,28.240932856621455,5.171520932849942,296.14828497485337
t848,0.0,2.1,25.78212822955312,0.0,0.0,3.697139189477353,1.48,0.0,0.9936890230060126,24.5,1.4300682376317104,75.98978078836353,45.0,0.0,0.0,8.332159799871556,0.09998636215508996,189.40495163005835
t849,5.699999999999999,2.1,0.0,0.0,0.0,0.0,1.48,0.0,0.0,24.3016815779798,0.0,12.214783080000014,45.0,0.0,3.463864263211301,0.0,0.0,94.26032892119112
t850,5.699999999999999,2.1,25.01885471988084,0.0,0.0,0.0,1.48,0.0,1.7216717019960084,0.0,6.15131494335173,0.0,12.567877797934765,6.952980221696832,2.7252857001990054,0.0,0.0,64.41798508505917
t851,5.699999999999999,0.0,0.0,0.0,0.0,0.0,1.48,0.0,3.251235052095809,0.0,4.225534375423983,12.304695982638153,0.0,11.15436217558233,2.7825871927363197,0.0,0.0,40.89841477847659
t852,5.699999999999999,0.0,11.246511482621653,0.0,0.0,0.0,1.48,0.0,0.0,0.0,3.9302503015353727,0.0,0.0,0.0,2.9869533618905493,0.0,0.0,25.343715146047575
t853,5.699999999999999,0.0,16.291519797337973,0.0,0.0,0.0,1.48,0.0,0.0,0.0,5.469723887275465,0.0,0.0,0.0,3.622807093233831,0.0,0.0,32.56405077784727
t854,5.699999999999999,2.1,9.972418965839125,0.0,0.0,0.0,1.48,0.0,0.0,0.0,5.4986354210938275,0.0,19.005738547422062,0.8646163263453785,2.4565897264676626,0.0,0.0,47.07799898716805
t855,5.699999999999999,2.1,8.550893713644495,0.0,0.0,0.0,1.48,0.0,0.0,0.0,7.053235572995484,0.0,0.8491895784331673,6.6007451990361465,0.7056573881592049,0.0,0.0,33.039721452268495
t856,5.699999999999999,0.5890197670607394,18.3490488024328,0.0,0.0,0.0,1.48,0.0,0.15599907841088914,0.0,8.465771790807828,0.0,0.0,16.256169452530123,0.0,0.0,0.0,50.99600889124238
t857,0.0,2.1,0.0,0.0,0.0,0.0,1.48,0.0,0.6023866969660671,16.676505465338032,5.970354516237204,0.0,27.88098429962727,8.16453074056895,1.2510259143718578,0.0,1.902957136463562,66.02874476957292
t858,5.699999999999999,2.1,0.0,0.0,0.0,0.0,1.48,89.9,10.224,24.5,0.0,94.08,0.0,13.473699841445786,0.0,0.0,0.0,241.45769984144576
t859,5.699999999999999,2.1,5.2212799243102195,0.0,0.0,0.0,1.48,89.9,6.81433254227545,24.5,0.0,94.08,0.0,3.2827629111646597,0.0,0.0,0.0,233.07837537775035
t860,5.699999999999999,2.1,2.465551011359524,0.0,0.0,0.0,1.48,89.9,10.224,24.5,10.904256103637268,94.08,0.0,17.697077377510038,0.0,0.0,0.0,259.05088449250684
t861,5.699999999999999,2.1,17.959744364833842,0.0,0.0,0.0,1.48,89.9,10.224,24.5,0.0,94.08,0.0,18.634735551164656,0.0,0.0,0.0,264.5784799159985
t862,5.699999999999999,2.1,14.896902471581077,0.0,0.0,0.0,1.48,89.9,10.224,24.5,0.0,94.08,0.0,18.50253026570281,0.0,0.0,0.0,261.3834327372839
t863,5.699999999999999,2.1,12.088006197663656,0.0,0.0,0.0,1.48,89.9,10.224,24.5,0.0,94.08,0.0,18.29565841959839,0.0,0.0,0.0,258.36766461726205
t864,5.699999999999999,2.1,0.0,0.0,0.0,0.0,1.48,89.9,10.224,24.5,16.1314110612855,94.08,0.0,5.248136961767067,0.0,0.0,0.0,249.36354802305257
t865,5.699999999999999,2.1,7.446139128177244,0.0,0.0,0.0,1.48,89.9,8.047048772015986,24.5,2.4419003728771798,94.08,0.0,11.068221212084689,0.0,0.0,0.40386350782525016,247.16717299298034
t866,5.699999999999999,2.1,5.387730266143005,0.0,0.0,0.0,1.48,89.9,10.224,24.5,0.0,94.08,0.0,13.452589743614457,0.0,0.0,0.0,246.82432000975746
t867,5.699999999999999,2.1,0.0,0.0,0.0,0.0,1.48,89.9,10.224,24.5,0.0,94.08,0.0,7.215135412888405,0.0,0.0,8.46983804460776,243.66897345749615
t868,5.699999999999999,2.1,0.0,0.0,0.0,0.0,1.48,89.9,8.44318620518962,24.5,16.030704534130543,94.08,0.0,6.200773529757316,0.0,0.0,8.916781084786509,257.351445353864
t869,5.699999999999999,2.1,0.0,0.0,0.0,0.0,1.48,89.9,10.224,24.5,15.460548081714002,94.08,0.0,1.373475189800799,0.0,0.0,0.0,244.8180232715148
t870,5.699999999999999,2.1,0.0,0.0,0.0,0.0,1.48,89.9,8.738284453692616,24.5,15.029770787822619,94.08,0.0,0.0,0.0,0.0,2.279912856921575,243.80796809843682
t871,5.699999999999999,0.0,0.0,9.220328774074817,2.805539640149044,3.910573856892651,1.48,89.9,10.224,24.5,14.846193483170598,94.08,22.422234938410583,0.0,0.0,13.486412621886295,6.324804967089626,298.9000882816736
t872,0.0,2.1,0.0,9.486603061557124,0.0,2.895616917551021,1.48,0.0,2.7970454629540904,24.5,1.395373411500251,84.59218635355873,45.0,0.0,0.0,6.414836388233979,4.322313505760318,184.98397510111553
t873,0.0,2.1,1.391246191943598,0.0,0.0,0.0,1.48,0.0,0.9891490009296376,20.525881028686875,0.0,12.922948515789438,45.0,0.0,3.009147477810947,0.0,0.0,87.41837221516049
t874,0.0,0.0,11.051767967535598,0.0,0.0,0.0,1.3100690860170603,0.0,4.641358372175647,0.0,5.889252153868541,0.0,21.970019197388428,0.0,3.161493148882851,0.0,0.0,48.02395992586813
t875,5.699999999999999,0.0,12.93246393727905,0.0,0.0,0.0,1.48,0.0,0.0,0.0,4.895250442047164,13.41629488074198,0.0,0.0,2.7777274912437817,0.0,0.0,41.20173675131197
t876,5.699999999999999,0.0,25.309145746454824,0.0,0.0,0.0,0.0,0.0,1.5362629690038268,0.0,4.373083934992475,0.0,0.0,0.0,4.94544200517413,0.0,0.0,41.86393465562525
t877,0.0,2.1,0.0,0.0,0.0,0.0,1.336751374709418,0.0,0.5547201792159452,0.0,4.188991788268943,0.0,0.0,0.0,3.825555159256627,0.0,0.0,12.006018501450933
t878,5.699999999999999,0.0,4.032157595511426,0.0,0.0,0.0,0.0,0.0,0.0,0.0,5.850793324405418,0.0,0.0,0.0,4.334513646965175,0.0,0.0,19.917464566882018
t879,0.0,1.148567154043523,29.630943344043086,0.0,0.0,0.0,0.0,0.0,0.0,0.0,7.293887379869544,0.0,0.0,0.0,5.358583909678959,0.0,0.0,43.43198178763511
t880,0.0,0.0,20.538074756541242,0.0,0.0,0.0,0.0,0.0,0.0,0.0,8.990899911108881,0.0,10.234544607674184,0.0,4.701252864378111,0.0,0.0,44.464772139702426
t881,1.6806797760363996,0.0,0.0,5.064873573385873,0.0,0.0,0.0,0.0,1.0684837694211586,24.5,4.843498466683393,56.65064480688295,0.0,4.840337317269077,4.8400404727363195,1.9753530468779512,0.0,105.46391122929313
t882,5.699999999999999,2.1,8.947927431023453,0.0,0.0,0.0,0.0,89.9,10.224,24.5,11.33311205552566,94.08,0.0,4.014766704700836,4.567280098387115,0.0,0.0,255.36708628963706
t883,5.699999999999999,2.1,2.7807491641024926,0.0,0.0,0.0,0.0,89.9,10.224,24.5,0.0,94.08,0.0,20.0,4.368563184079603,0.0,0.0,253.65331234818208
t884,5.699999999999999,2.1,19.588326439355495,0.0,0.0,0.0,0.12840655423211347,89.9,6.128611145069874,24.5,0.0,94.08,0.0,9.191382084169378,4.256386648406523,0.0,0.0,255.57311287123338
t885,5.699999999999999,2.1,17.461482532004034,0.0,0.0,0.0,0.0,89.9,10.224,24.5,10.072466367713005,94.08,0.0,20.0,3.702852736318409,0.0,0.0,277.7408016360354
t886,5.699999999999999,2.1,0.0,0.0,0.0,0.0,0.0,89.9,6.584544250698604,24.5,1.20125177822379,94.08,0.0,10.942269671164658,5.098506467661693,0.0,0.0,240.10657216774877
t887,5.699999999999999,2.1,0.0,0.0,0.0,0.0,0.0,89.9,10.224,24.5,0.0,94.08,0.0,20.0,4.539516417910449,0.0,0.0,251.04351641791047
t888,5.699999999999999,2.1,8.41900519061431,0.0,0.0,0.0,1.4671949079759508,89.9,10.224,24.5,0.0,94.08,0.0,20.0,1.9338655441205925,0.0,0.0,258.3240656427108
t889,5.699999999999999,2.1,0.0,0.0,0.0,0.0,1.48,89.9,8.814198922155688,24.5,15.708327852516193,94.08,0.0,14.140499725819023,0.0,0.0,6.202978064468726,262.62600456495966
t890,5.699999999999999,2.1,0.0,0.0,0.0,0.0,1.48,89.9,10.224,24.5,15.958597907324362,94.08,0.0,6.456123694368327,0.0,0.0,14.68098600885801,265.07970761055066
t891,5.699999999999999,2.1,4.714024324551864,0.0,0.0,0.0,1.48,89.9,10.224,24.5,0.0,94.08,0.0,4.410994279036148,0.0,0.0,14.868,251.977018603588
t892,5.699999999999999,2.1,0.0,0.0,0.0,0.0,1.48,89.9,10.224,24.5,15.991313403089187,94.08,0.0,0.0,0.0,0.0,12.436953875253222,256.41226727834237
t893,5.699999999999999,2.1,5.525023317502527,0.0,0.0,0.0,1.48,89.9,10.224,24.5,15.439565520677629,94.08,0.0,6.561558507023051,0.0,0.0,9.613792364369408,265.12393970957265
t894,5.699999999999999,2.1,0.0,0.0,0.0,0.0,1.48,89.9,10.224,24.5,0.0,94.08,0.0,9.130862058883801,0.0,0.0,4.004272921032766,241.11913497991654
t895,5.699999999999999,0.0,1.087470206434951,0.0,0.0,0.1410614173021407,1.48,89.9,10.224,24.5,0.0,94.08,0.0,8.0612612230668,0.0,0.0,0.4858550318172806,235.65964787862117
t896,0.0,2.1,1.1679437763257206,0.0,0.0,0.2784724675759091,1.48,0.0,2.64762670506986,24.5,1.6683973121625681,77.37347749289071,3.6130977793676586,0.0,0.0,13.163429059513431,3.5047339106545725,131.49717850356043
t897,5.699999999999999,2.1,0.0,7.518976055192877,0.0,0.0,0.0,37.32396098339084,0.0,0.0,7.527738035353739,0.0,28.203236315748416,0.0,6.25,19.071811343792053,0.0,113.69572273347792
t898,5.699999999999999,1.76700328024865,0.0,42.67015001468501,0.0,0.0,0.0,0.0,0.0,0.0,6.69919598763673,0.0,0.0,0.0,6.25,14.908145603751146,0.0,77.99449488632153
t899,5.699999999999999,0.0,0.0,22.80172353388723,0.0,0.0,0.0,18.2665745480689,0.0,0.0,5.845558454591068,37.71337666115594,0.0,0.0,6.25,0.0,0.0,96.57723319770315
t900,5.699999999999999,0.0,0.0,22.87791971786351,0.0,0.0,0.0,1.607695730625904,0.0,0.0,5.163393878575013,0.0,0.0,0.0,6.25,0.0,0.0,41.59900932706442
t901,5.699999999999999,0.0,0.0,28.928221053016795,0.0,0.0,0.18692576545090184,0.09324759506158511,0.0,0.0,5.2994601103863515,0.0,0.0,0.0,6.25,0.0,0.0,46.45785452391563
t902,5.699999999999999,0.0,0.0,54.58148003707221,0.0,0.0,0.8063261662525052,34.5065989837654,0.0,0.0,6.282818404676369,0.0,0.0,0.0,6.25,0.0,0.0,108.12722359176648
t903,5.699999999999999,0.0,0.0,28.98802434941822,0.0,0.0,0.9234163466132265,38.821959963351404,0.0,0.0,7.9682402956648275,0.0,0.0,0.0,6.25,10.674176434945315,0.0,99.32581738999298
t904,5.699999999999999,2.1,0.0,0.0,0.0,0.0,0.43380745028963863,0.0,0.0,0.0,9.705761118544904,0.0,9.081221472673223,0.0,6.25,40.56519731675517,8.126951697676455,81.9629390559394
t905,2.432537302087344,2.1,0.0595509059425851,0.0,0.0,3.3689414774775623,0.26209469042084216,0.0,1.3755434578842303,13.131693257489864,9.659536005749889,0.0,45.0,0.0,0.0,0.0,0.0,77.38989709705231
t906,5.699999999999999,2.1,5.3135064258207425,0.0,0.0,0.0,1.48,89.9,8.261033288383235,24.5,10.034315200279021,94.08,0.0,12.766309356706824,1.753251955422887,0.0,0.0,255.8884162266127
t907,5.699999999999999,2.1,8.12123259383688,0.0,0.0,0.0,1.48,89.9,10.224,24.5,0.0,94.08,0.0,17.24785358425703,0.06589094527363347,0.0,0.0,253.41897712336754
t908,5.699999999999999,2.1,5.046809823041273,0.0,0.0,0.0,0.3362962617478703,89.9,5.453568183632735,24.5,0.0,94.08,0.0,9.22292981215989,3.60018692967322,0.0,0.0,239.939791010255
t909,5.699999999999999,2.1,19.139635603504544,0.0,0.0,0.0,1.48,89.9,10.224,24.5,8.881789735924265,94.08,0.0,20.0,0.0,0.0,0.0,276.0054253394288
t910,5.699999999999999,2.1,15.257011232910374,0.0,0.0,0.0,1.48,89.9,10.224,24.5,10.861656203288488,94.08,0.0,20.0,0.053271641791046084,0.0,0.0,274.1559390779899
t911,5.699999999999999,2.1,0.0,0.0,0.0,0.0,1.1581025578826278,89.9,10.224,24.5,0.0,94.08,0.0,20.0,2.6835344204020077,0.0,0.0,250.34563697828463
t912,5.699999999999999,2.1,9.487023317502517,0.0,0.0,0.0,1.48,89.9,7.372151826986081,24.5,14.131573492775285,94.08,0.0,17.226212781268618,0.0,0.0,4.459557647944409,270.4365190664769
t913,5.699999999999999,2.1,0.0,0.0,0.0,0.0,1.48,89.9,10.224,24.5,0.0,94.08,0.0,8.505023826912192,0.0,0.0,8.343323645402197,244.83234747231435
t914,5.699999999999999,2.1,4.989470447411892,0.0,0.0,0.0,1.48,89.9,10.224,24.5,0.0,94.08,0.0,0.0,0.0,0.0,4.9427834269314745,237.91625387434337
t915,5.699999999999999,2.1,0.0,0.0,0.0,0.0,1.48,89.9,10.077235685948125,24.5,15.795194818136522,94.08,0.0,6.038129362189647,0.0,0.0,13.95020547261173,263.62076533888603
t916,5.699999999999999,2.1,0.0,0.0,0.0,0.0,1.48,89.9,10.224,24.5,0.0,94.08,0.0,0.0,0.0,0.0,14.868,242.85199999999998
t917,5.699999999999999,2.1,0.0,0.0,0.0,0.0,1.48,89.9,10.224,24.5,0.0,94.08,0.0,0.0,0.0,0.0,6.974437489950351,234.95843748995034
t918,5.699999999999999,0.0,3.428238755789472,0.0,0.0,0.0,1.48,89.9,10.224,24.5,0.0,94.08,0.0,0.0,0.0,0.0,14.868,244.18023875578945
t919,0.0,2.1,17.14748157086506,0.0,0.0,2.393617614415133,1.48,0.0,0.26187500232464966,24.5,3.0953011767185137,80.97270689360448,45.0,0.0,0.0,43.31821032705687,5.999779865417922,226.26897245040266
t920,5.699999999999999,2.1,28.172234854299905,0.0,0.0,0.0,1.48,29.563884047964525,0.0,24.5,1.2932113647767176,14.160896237848796,45.0,1.2823898233734927,3.2131722673631846,0.0,0.0,156.46578859562663
t921,5.699999999999999,2.1,15.217587776012437,3.8145474030620616,0.0,0.0,1.3159732398797601,89.9,6.15873139759519,0.0,8.375966134179627,0.0,23.652002496032953,0.0,4.080251903284778,0.0,0.0,160.31506035004682
t922,5.699999999999999,2.1,17.804764771281036,0.0,0.0,0.0,0.43391771587174216,85.37529432882381,4.362431122427164,0.0,7.689053430697441,0.0,0.0,0.0,6.25,0.0,0.0,129.7154613691012
t923,5.699999999999999,2.1,23.31522766803023,15.829430336683503,0.0,0.0,0.09675225302605245,85.34582735377035,10.224,0.0,6.790310803863523,54.28355070560007,0.0,0.0,6.25,0.0,0.0,209.93509912097372
t924,5.699999999999999,2.1,17.176069325272202,16.756773046956702,0.0,0.0,0.2090211909018042,89.9,10.224,0.0,6.447865272142498,0.0,0.0,0.0,6.25,0.0,5.942908190017257,160.70663702529046
t925,5.699999999999999,2.1,0.0,15.849385243956483,0.0,0.0,0.39581077006012033,18.90851180503291,0.0,0.0,6.6828166017962864,66.82084379829732,0.0,0.0,6.25,0.0,5.724360436225582,128.43172865536872
t926,5.699999999999999,2.1,0.0,7.439121344767567,0.0,0.0,0.21495810289834094,89.9,4.669327602404811,0.0,8.213797033306573,0.0,0.0,0.0,6.25,0.0,4.986864894851552,129.47406897822884
t927,5.699999999999999,2.1,9.53574199704479,9.398661926236363,0.0,0.0,0.912155860240481,89.9,10.224,0.0,9.348229480170598,26.868903531932716,0.0,0.0,6.25,0.0,14.194825280374042,184.43251807599898
t928,5.699999999999999,2.1,0.0,14.875563866389717,0.0,0.0,0.26162319490981994,0.0,0.0,0.0,11.359996737380833,0.0,11.816001447617849,0.0,6.25,12.29816698267305,13.641503034430247,78.30285526340151
t929,0.0,2.1,0.0,0.0,0.0,0.0,0.04305645441117797,0.0,1.6645217556886223,24.163671005895537,7.7944329664698415,0.0,44.60397749538498,0.0,4.138340824732229,3.0764404051474346,0.0,87.58444090772983
t930,5.699999999999999,2.1,11.204982537965758,0.0,0.0,0.0,0.0,89.9,10.224,24.5,8.292195536183357,94.08,0.0,11.235969578903264,3.5675604131343293,36.95036245279246,0.0,297.7550705189792
t931,5.699999999999999,2.1,12.034734576314202,0.0,0.0,0.0,0.0,89.9,6.7230694097804395,24.5,0.0,94.08,0.0,20.0,3.2527406965174133,25.103110396444304,0.0,283.3936550790564
t932,5.699999999999999,2.1,26.769325432306154,0.0,0.0,0.0,0.0,89.9,10.224,24.5,6.86921474838067,94.08,0.0,20.0,2.6743512437810955,10.391414936673863,0.0,293.20830636114175
t933,5.699999999999999,2.1,21.872187466545803,0.0,0.0,0.0,0.0,89.9,10.224,24.5,0.0,94.08,0.0,20.0,2.933323383084579,0.0,0.0,271.3095108496304
t934,5.699999999999999,2.1,1.0869951201208459,0.0,0.0,0.0,0.0,89.9,10.224,24.5,10.614336821126058,94.08,0.0,20.0,4.4596636815920405,0.0,0.0,262.66499562283894
t935,5.699999999999999,2.1,14.80785514026184,0.0,0.0,0.0,0.0,89.9,10.224,24.5,12.286824115595415,94.08,0.0,20.0,5.14793432835821,0.0,0.0,278.7466135842155
t936,5.699999999999999,2.1,8.549728309567003,0.0,0.0,0.0,0.0,89.9,10.224,24.5,0.0,94.08,0.0,20.0,5.553167164179105,1.4651689836157773,0.0,262.07206445736193
t937,5.699999999999999,2.1,0.0,0.0,0.0,0.0,0.951623212003727,89.9,10.224,24.5,14.929929247633284,94.08,0.0,15.422849925249043,2.3979361730653377,0.0,0.0,260.2063385579514
t938,5.699999999999999,2.1,0.0,0.0,0.0,0.0,1.48,89.9,9.433015118562874,24.5,0.0,94.08,0.0,1.9692653694779092,0.0,0.0,0.0,229.16228048804078
t939,5.699999999999999,2.1,0.0,0.0,0.0,0.0,1.48,89.9,10.224,24.5,15.704672645739908,94.08,0.0,9.15330940792404,0.0,0.0,7.04436797654421,259.8863500302082
t940,5.699999999999999,2.1,0.0,0.0,0.0,0.0,1.48,89.9,10.224,24.5,0.0,94.08,0.0,0.0,0.0,0.0,7.503003883733883,235.48700388373388
t941,5.699999999999999,2.1,6.332948795850959,0.0,0.0,0.0,1.48,89.9,8.034581699001997,24.5,15.181217737917288,94.08,0.0,9.745503545977336,0.0,0.0,4.229339534180763,261.28359131292837
t942,5.699999999999999,0.0,2.7237142811122164,0.0,0.3288923858618954,0.0,1.48,89.9,10.224,24.5,15.177564470563029,94.08,0.0,0.0,0.0,0.0,1.1587661081628833,245.27293724570004
t943,0.0,2.1,26.334352365874214,0.0,0.0,2.3326245830562478,1.48,0.0,0.0069639543086169875,24.5,2.7163633501555435,81.62802282656251,45.0,0.0,0.0,28.39391865047238,5.084382060241687,219.5766277906712
t944,5.699999999999999,2.1,0.0,38.26341551695351,0.0,0.0,1.37698523731463,0.0,1.5713597303406863,24.5,0.9172643887004504,20.699921015676992,45.0,0.0,4.807580208185923,0.0,0.0,144.9365260971722
t945,5.699999999999999,2.1,0.0,44.08181671470172,0.0,0.0,0.0,0.0,0.0,0.0,8.376882788078275,0.0,38.720917399316036,0.0,6.25,0.0,0.0,105.22961690209604
t946,5.699999999999999,2.1,0.0,23.048431441622153,0.0,0.0,0.0,7.769759062661402,0.0,0.0,7.594096595594579,0.0,2.1995611246185773,0.0,6.25,14.84302158583262,0.0,69.50486981032932
t947,5.699999999999999,0.0,0.0,23.932439641424324,0.0,0.0,0.0,9.656560035268598,0.0,0.0,6.443985199397894,0.0,0.0,0.0,6.25,0.0,0.8269561452234361,52.80994102131425
t948,5.699999999999999,0.0,0.0,48.13329892530169,0.0,0.0,0.0,47.789822144067,0.0,0.0,5.93048106744606,0.0,0.0,0.0,6.25,0.0,2.4039205765640492,116.20752271337881
t949,5.699999999999999,0.0,0.0,19.338541284974713,0.0,0.0,0.0,59.43747372170527,0.0,0.0,6.573097432062219,46.17976853165071,0.0,0.0,6.25,0.0,14.868,158.34688097039287
t950,5.699999999999999,0.0,0.0,25.565361632027372,0.0,0.0,0.0,53.14435416338098,0.0,0.0,7.67121607839438,0.0,0.0,0.0,6.25,26.61731432298631,14.868,139.81624619678902
t951,5.699999999999999,1.6173224924641065,0.0,0.0,0.0,0.0,0.17783241334669378,43.32101751071463,0.0,0.0,10.13332342977421,0.0,0.0,0.0,6.25,42.427410144220474,12.866612967066107,122.49351895758622
t952,5.699999999999999,2.1,0.0,7.858172506073187,0.0,0.0,0.569384317154309,0.0,0.0,0.0,11.682697340933263,0.0,29.374708472961196,0.0,6.25,47.61894403247792,9.03191465894721,120.18582132854709
t953,0.0,2.1,0.0,21.048838420059344,0.0,0.0,0.0,0.0,1.53208836982036,24.5,7.9077708038835945,83.07789024474143,2.041082281189327,1.8050551314056231,3.522427079800996,17.103975159030018,0.0,164.63912748993067
t954,5.699999999999999,2.1,16.258650580906338,0.0,0.0,0.0,0.0,89.9,10.224,24.5,0.0,94.08,0.0,3.963856974247723,3.314603199203982,30.172994508051698,0.0,280.21410526240976
t955,5.699999999999999,2.1,32.98480942022155,0.0,0.0,0.0,0.0,89.9,10.224,24.5,0.0,94.08,0.0,20.0,2.9845426865671647,34.02868729849305,0.0,316.5020394052817
t956,5.699999999999999,2.1,13.132676892527693,0.0,0.0,0.0,0.0,89.9,6.007607267065868,24.5,0.0,94.08,0.0,20.0,3.737695522388061,28.96914363455466,0.0,288.12712331653626
t957,5.699999999999999,2.1,9.905782632708949,0.0,0.0,0.0,0.0,89.9,10.224,24.5,8.446750373692078,94.08,0.0,20.0,2.866657711442788,48.771405927926466,0.0,316.4945966457703
t958,5.699999999999999,2.1,21.46866883613293,0.0,0.0,0.0,0.0,89.9,10.224,24.5,10.79242351768809,94.08,0.0,17.865435196595655,4.566860696517414,13.188825174406976,0.0,294.3862134213411
t959,5.699999999999999,2.1,1.990692752104747,0.0,0.0,0.0,0.0,89.9,10.224,24.5,0.0,94.08,0.0,9.226580227791164,3.9032268656716425,20.26795963363986,0.0,261.89245947920745
t960,5.699999999999999,2.1,15.324995120120846,0.0,0.0,0.0,0.0,89.9,10.224,24.5,0.0,94.08,0.0,8.391289412851403,5.545668656716418,0.0,0.0,255.76595318968867
t961,5.699999999999999,2.1,11.278769541067481,0.0,0.0,0.0,0.9575572715228884,89.9,10.224,24.5,8.261925272553945,94.08,0.0,17.619460527349712,2.369554263517577,0.0,0.0,266.9912668760116
t962,5.699999999999999,2.1,9.340086761611284,0.0,0.0,0.0,1.48,89.9,10.224,24.5,16.2475615346288,94.08,0.0,12.585115296973852,0.0,0.0,3.5169939532473022,269.6737575464613
t963,5.699999999999999,2.1,7.823786660906347,0.0,0.0,0.0,1.48,89.9,10.224,24.5,0.0,94.08,0.0,7.815450222459487,0.0,0.0,9.198727816206555,252.82196469957236
t964,5.699999999999999,2.1,0.0,0.0,0.0,0.0,1.48,89.9,10.224,24.5,0.0,94.08,0.0,6.081475342369508,0.0,0.0,10.380580845004983,244.44605618737447
t965,5.699999999999999,2.1,0.0,0.0,0.0,0.0,1.48,89.9,10.224,24.5,0.0,94.08,0.0,5.8453272943681736,0.0,0.0,10.09914886883814,243.92847616320628
t966,5.699999999999999,0.0,2.2040996148162875,0.0,1.8705212341778574,1.1265689270009047,1.48,89.9,10.224,24.5,0.0,94.08,0.0,0.0,0.0,0.0,14.664576603625376,245.7497663796204
t967,0.0,2.1,10.49725617712016,0.0,0.0,4.38727201009631,0.6372272164729464,0.0,0.16742346705410902,24.5,0.6593396481986956,59.65754101744609,45.0,0.0,0.0,24.754038532753967,0.0,172.36009806914228
t968,5.699999999999999,2.1,0.0,13.077331802453015,0.0,0.0,0.0,17.814662582710696,0.0,20.98477191818182,0.0,5.767717545425088,45.0,0.0,6.25,0.0,8.322606697011793,125.01709054578241
t969,5.699999999999999,2.1,0.0,19.793432408110768,0.0,0.0,0.0,0.0,1.1571158558316639,0.0,5.7977831689713994,0.0,20.848397262604088,0.0,6.25,0.0,10.695538694897843,72.34226739041576
t970,5.699999999999999,2.1,0.0,36.03122163123357,0.0,0.0,0.0,50.12346031438728,0.0,0.0,4.594637252915202,50.678653750602805,0.0,0.0,6.25,0.0,4.333640704091358,159.8116136532302
t971,5.699999999999999,2.1,0.0,32.10657075555104,0.0,0.0,0.0,62.668311478541156,0.0,0.0,3.413590306161565,62.778921476770876,0.0,0.0,6.25,0.0,14.868,189.88539401702462
t972,5.699999999999999,2.1,0.0,9.068461408941648,0.0,0.0,0.0,63.00258899342026,6.1257176320454505,0.0,2.8546978241746106,0.0,0.0,0.0,6.25,0.0,14.868,109.96946585858196
t973,5.699999999999999,2.1,0.0,18.162000074997596,0.0,0.0,0.0,65.91428948162641,0.0,0.0,3.1444496137380824,42.36453480008682,0.0,0.0,6.25,1.5212223855332645,14.868,160.0244963559822
t974,5.699999999999999,2.1,0.0,22.335237487992092,0.0,0.0,0.0,15.553669482434685,0.0,0.0,4.549185671490216,0.0,0.0,0.0,6.25,11.132402466580533,14.868,82.48849510849752
t975,5.699999999999999,2.1,0.0,0.0,0.0,0.0,0.2226496478156315,0.0,3.272615518436874,0.0,6.167985646573005,49.50593697470579,0.0,0.0,6.25,56.7841644047345,14.868,144.8713521922658
t976,2.9156679513224444,0.0,0.0,0.0,0.0,0.0,0.5556540566332666,0.0,0.0,0.0,8.455473229312593,0.0,6.407986421551319,0.0,6.25,61.62896787099622,14.319696525131217,100.53344605494706
t977,0.0,2.1,0.0,10.212283742947548,0.0,0.0,0.187015531536927,0.0,0.6163893695009973,24.5,4.416918591580533,74.73186958891502,6.1294133698928785,0.0,4.492816881974761,24.456174586233217,0.0,151.84288166258187
t978,5.699999999999999,2.1,8.53067213878959,0.0,0.0,0.0,0.0,89.9,10.224,24.5,0.0,94.08,0.0,13.242776937108436,3.950570363383086,33.62138691656391,0.0,285.849406355845
t979,5.699999999999999,2.1,31.246114878428994,0.0,0.0,0.0,0.0,89.9,9.077551231616784,24.5,0.0,94.08,0.0,18.673332642730927,3.873141691542289,25.65408019534747,0.0,304.8042206396665
t980,5.699999999999999,2.1,29.869021303403827,0.0,0.0,0.0,0.0,89.9,10.224,24.5,0.0,94.08,0.0,7.224449795983933,3.3015791044776135,18.412119740556083,0.0,285.3111699444215
t981,5.699999999999999,2.1,9.267168332608248,0.0,0.0,0.0,0.0,89.9,5.620252073453095,24.5,11.299653213751867,94.08,0.0,20.0,3.597381094527364,36.99285896652463,0.0,303.0573136808652
t982,5.699999999999999,2.1,4.7125862580866,0.0,0.0,0.0,0.0,89.9,10.224,24.5,0.0,94.08,0.0,20.0,5.123720398009952,0.0,0.0,256.3403066560965
t983,5.699999999999999,2.1,20.008974979133942,0.0,0.0,0.0,0.0,89.9,10.224,24.5,13.778971599402096,94.08,0.0,19.42656686056225,5.616873631840797,0.0,0.0,285.33538707093913
t984,5.699999999999999,2.1,16.525484546102724,0.0,0.0,0.0,0.0,89.9,7.20972512734531,24.5,15.677405082212257,94.08,0.0,7.044199533654616,6.0593492537313445,0.0,0.0,268.79616354304625
t985,5.699999999999999,2.1,12.907351615589132,0.0,0.0,0.0,1.48,89.9,10.224,24.5,0.0,94.08,0.0,5.632430235689663,1.1452429631155758,0.0,0.0,247.6690248143944
t986,5.699999999999999,2.1,10.442336509848944,0.0,0.0,0.0,1.48,89.9,10.224,24.5,17.14266865969108,94.08,0.0,11.242707722780056,0.0,0.0,4.995460686117188,271.8071735784373
t987,5.699999999999999,2.1,0.0,0.0,0.0,0.0,1.48,89.9,10.224,24.5,17.18245042351769,94.08,0.0,10.68363151787193,0.0,0.0,2.802173695054609,258.65225563644424
t988,5.699999999999999,2.1,0.0,0.0,0.0,0.0,1.48,89.9,10.224,24.5,0.0,94.08,0.0,0.0,0.0,0.0,12.240578502859979,240.22457850285997
t989,5.699999999999999,2.1,3.059699653315151,0.0,0.0,0.0,1.48,89.9,10.224,24.5,16.207511755664836,94.08,0.0,0.0,0.0,0.0,5.913468630506475,253.16468003948648
t990,5.699999999999999,2.1,0.0,0.0,0.0,0.0,1.48,89.9,10.224,24.5,10.412138664425498,94.08,0.0,0.0,0.0,0.0,13.595135936455186,251.9912746008807
t991,0.0,2.1,19.423050825461775,0.0,0.0,4.250587088852971,0.34083302857715286,0.0,2.631419728737474,23.64278658929293,0.0,33.34231867248976,34.52220993983632,0.0,0.0,36.51954347269843,0.0,156.7727493459468
t992,0.0,2.1,0.0,0.0,0.0,6.135650068372325,0.0,0.0,1.2620296303807612,16.6482574630303,0.0,0.0,24.585191088211577,1.7448113890039865,0.0,4.311558242999472,0.0,56.787497881998426
t993,5.699999999999999,2.1,0.0,15.88792167729021,0.0,0.0,0.0,0.0,0.0,0.0,4.910646627977924,0.0,20.37060347921374,0.0,6.25,0.0,0.0,55.21917178448187
t994,5.699999999999999,0.0,0.0,12.302902380456393,0.0,0.0,0.0,2.3143044849540404,0.0,0.0,3.567122501113898,31.342533128511125,0.0,0.0,6.25,0.0,3.5049315503277025,64.98179404536315
t995,5.699999999999999,0.0,0.0,0.0,0.0,0.0,0.0,0.0,0.0,0.0,2.519390739949824,74.01990307541622,0.0,0.0,6.25,31.283610600322586,14.868,134.64090441568862
t996,1.2433939440317001,0.0,0.0,0.0,0.0,0.0,0.0,0.0,0.0,0.0,2.0955976560963374,0.0,0.0,0.0,6.25,27.325732635833273,10.59636284589802,47.51108708185933
t997,5.699999999999999,0.0,0.0,0.0,0.0,0.0,0.14030332056112213,0.0,0.0,0.0,2.4599543277671847,0.0,0.0,0.0,6.25,33.64561383580648,14.868,63.063871484134786
t998,5.699999999999999,0.0,0.0,6.064797004589503,0.0,0.0,0.044116519908876224,41.29791334539182,0.0,0.0,3.922557554560964,8.71968324314279,0.0,0.0,6.25,33.21118140991277,0.0,105.21024907750672
t999,5.699999999999999,0.0,0.0,2.4368790828486464,0.0,0.0,0.004023194909819595,0.0,0.0,0.0,5.47140953553437,0.0,0.0,0.0,6.25,43.85338364522779,0.0,63.71569545852062
t1000,5.699999999999999,2.1,0.0,9.479820397982218,0.0,0.0,0.23286167186372747,21.098782085855092,0.0,0.0,7.778476317350727,0.0,36.92243655336045,0.0,6.25,38.7144308199887,0.0,128.2768078464009
t1001,0.0,2.1,7.416846309819284,21.994710832015222,0.0,0.0,1.48,0.0,0.28240083872255495,24.5,4.682418109422979,67.58236336910159,24.069188071708922,3.217697662248996,1.399731557412936,0.0,0.0,158.7253567504525
t1002,5.699999999999999,2.1,19.44230623351461,0.0,0.0,0.0,0.0,89.9,10.224,24.5,0.0,94.08,0.0,13.85855973502008,6.19873752756219,1.7108362972187483,0.0,267.71443979331565
t1003,5.699999999999999,2.1,13.073009190010074,0.0,0.0,0.0,0.0,89.9,10.224,24.5,0.0,94.08,0.0,6.496048521473675,4.728614328358209,9.51210563158642,0.0,260.3137776714284
t1004,5.699999999999999,2.1,7.2126789066263886,0.0,0.0,0.0,0.0,89.9,10.224,24.5,0.0,94.08,0.0,19.914958733815258,5.248993034825871,2.307481326690746,0.0,261.18811200195825
t1005,5.699999999999999,2.1,23.08057215939577,0.0,0.0,0.0,0.0,89.9,10.224,24.5,11.764917787742903,94.08,0.0,20.0,5.341186069651743,0.0,0.0,286.6906760167904
t1006,5.699999999999999,2.1,19.84973026614301,0.0,0.0,0.0,0.0,89.9,7.506733585628743,24.5,12.959633283507726,94.08,0.0,7.2294918687550185,4.4161810945273645,7.853295895551235,0.0,276.0950659941131
t1007,5.699999999999999,2.1,16.8228541332125,0.0,0.0,0.0,1.1269935400519593,89.9,10.224,24.5,14.40833682112606,94.08,0.0,16.547039730096678,2.0470290369849176,0.0,0.0,277.4562532614721
t1008,5.699999999999999,2.1,13.010850105015113,0.0,0.0,0.0,1.48,89.9,7.79550423473054,24.5,15.845628300946688,94.08,0.0,2.0986371671192376,0.0,0.0,3.4919965763455854,260.0026163841572
t1009,5.699999999999999,0.0,1.3364367882025856,0.0,0.8510060392551569,0.0,1.48,63.59401486386443,10.224,0.0,0.0,94.08,45.0,4.987002884337349,0.0,0.0,14.868,242.12046057565954
t1010,5.699999999999999,0.0,5.53747948929494,0.0,0.0,0.0,1.48,48.828276989548435,10.224,0.0,0.0,94.08,0.0,0.0,0.22102211055276275,5.7353433122134785,14.868,186.6741219016096
t1011,5.699999999999999,0.0,7.581549002701085,0.0,0.0,0.0514438028870096,1.48,56.13575432450533,10.224,24.5,0.0,94.08,0.0,1.8896319124498,0.0,7.051592463015902,14.868,223.56197150555914
t1012,5.699999999999999,0.0,8.606190512135063,0.0,0.0,0.22343026381284314,1.48,56.77852144779299,10.224,0.0,0.0,0.0,8.301241173421941,1.1213576915662662,0.0,7.406927860158776,14.868,114.70966894888787
t1013,5.699999999999999,0.0,8.522718814021838,0.0,0.0,0.27760139372822445,1.48,60.83243712714357,10.224,24.5,0.0,94.08,12.710194489961436,0.0,0.0,4.083054844285744,14.868,237.2780066691408
t1014,5.699999999999999,0.0,15.222947849970199,0.0,0.0,1.4540955636436046,1.48,55.943973118254675,10.224,0.0,0.0,94.08,0.0,5.08418397021769,0.0,3.6993531803174706,14.868,207.75655368240365
t1015,5.699999999999999,2.1,32.44290810109236,0.0,0.0,2.710620999183674,1.48,47.37988775622658,1.7656584262182085,24.5,0.0,40.34782459967614,45.0,1.7771824054618446,0.0,21.0138248628572,14.868,241.085907150716
t1016,5.699999999999999,2.1,5.33151136639524,0.0,0.0,0.0,1.48,89.9,3.3320314167935865,0.0,0.0,0.0,45.0,5.037516011726904,3.452387736417912,0.0,0.0,161.3334465313336
t1017,5.699999999999999,2.1,7.107226906732879,0.0,0.0,0.0,1.48,89.9,1.7547890474148302,24.5,0.0,0.0,45.0,0.3657928213654585,3.6154807250746295,0.0,0.0,181.5232895005878
t1018,5.699999999999999,2.1,6.508358878887162,0.0,0.0,0.0,1.48,89.9,1.1725376870941882,0.0,0.0,0.0,45.0,0.0,4.608048884278609,0.0,0.0,156.46894545025998
t1019,5.699999999999999,2.1,0.0,0.0,0.0,0.0,1.48,89.9,1.3803967751503021,0.0,4.269592207414045,0.0,45.0,0.0,2.9203553519402994,0.0,0.0,152.75034433450466
t1020,5.699999999999999,2.1,12.263294053267133,0.0,0.0,0.0,1.48,89.9,2.258146754388778,5.416426114173056,7.178328536273051,0.0,45.0,0.0,3.3763147092809485,0.0,0.0,174.672510167383
t1021,5.699999999999999,2.1,0.0,0.0,0.0,0.0,1.48,89.9,3.5005094604408833,24.5,3.4001840484205315,0.0,45.0,0.0,1.361361322089552,0.0,0.0,176.94205483095098
t1022,5.699999999999999,2.1,0.0,0.0,0.0,0.0,0.0,89.9,4.749711026933872,24.5,0.0,0.0,45.0,6.630780100546397,5.762986197711444,1.0640057830276255,0.0,185.40748310821934
t1023,5.699999999999999,2.1,0.0,0.0,0.0,0.0,0.0,39.07327429306418,0.8763328590648202,24.5,3.6170531205333534,50.25909291357511,45.0,0.9346655401606436,4.656996147960201,10.812223104805772,0.0,187.52963797916408
t1024,0.0,2.1,0.0,25.3667675501879,0.0,0.0,0.0,0.0,4.445475924151697,24.5,0.0,94.08,22.166629266466494,5.534290822730925,4.016808088258708,10.616964186587845,0.0,192.82693583838355
t1025,5.699999999999999,0.0,0.0,12.859220166686463,6.5,0.0,0.4682310080239527,74.69398405621514,10.224,24.5,4.38540170524837,94.08,13.914039710542237,12.275272722072483,6.25,35.92987541494654,0.0,301.7800247837352
t1026,5.699999999999999,2.1,7.4949005027593145,0.0,3.5170889174366593,0.0,0.0,89.9,10.224,24.5,2.2378905722328124,94.08,12.005371265326549,14.638958984361038,3.4799759045031187,53.89439278512765,0.0,323.77257893174715
t1027,5.699999999999999,0.0,24.780098282255796,0.0,0.0,0.0,0.0,89.9,9.3320893506986,24.5,2.7285177722328187,94.08,32.52764839786752,8.443699092690766,6.247233830845771,50.42930497840075,0.0,348.668591704992
t1028,5.699999999999999,0.0,18.019973972084596,0.0,0.0,0.0,0.3560183632734529,89.9,9.037260798403192,24.5,0.17556547917712176,94.08,28.243357348551722,7.124135537696978,6.25,33.66486531000003,0.0,317.05117680918715
t1029,5.699999999999999,0.0,14.248615905619332,0.0,0.40705682662693543,0.0,0.5932681643647658,89.9,10.224,24.5,2.9405580468360726,94.08,10.364190635317449,19.338931178080244,6.25,21.479825868774554,0.0,300.0264466256193
t1030,5.699999999999999,2.1,19.65972220974824,0.0,6.019414501738702,0.0,1.48,89.9,10.224,24.5,6.454920777279523,94.08,5.699746360387896,16.430018567228913,6.25,29.3181386456452,0.0,317.81596106202846
t1031,5.699999999999999,2.1,11.029969943887204,0.0,6.5,0.0,1.48,89.9,10.224,24.5,9.868807174887895,94.08,27.533396990398728,15.787333679999998,6.25,6.222735419838715,0.0,311.1762432090126
t1032,5.699999999999999,2.1,5.119192501792532,0.0,6.5,0.8342429078279829,1.48,81.95002671456112,10.224,24.5,11.558050464746593,94.08,45.0,15.900367164658633,2.4940260907537772,0.0,0.0,307.4399058443406
t1033,5.699999999999999,0.7917403366364517,0.0,0.0,1.4868610971313525,0.0,1.48,65.09652066652136,10.224,0.0,0.0,94.08,45.0,11.245827900018249,0.0,0.0,4.606978900129095,239.7119289004365
t1034,5.699999999999999,0.0,3.336837979860979,0.0,0.8482019124307986,0.0,1.48,61.282434847549965,10.224,24.5,0.0,94.08,7.407789629809057,3.127010428755021,0.0,0.0,14.868,226.8542747984058
t1035,5.699999999999999,0.0,6.175445725640505,0.0,0.0,0.0,1.48,57.89886968158295,10.224,0.0,0.0,94.08,18.97529681818562,1.5088833612851398,0.21486733668341643,2.09579656259238,14.868,213.22115948597002
t1036,5.699999999999999,0.0,7.239431822959288,0.0,0.0,0.010263315082131103,1.48,57.42821224677825,10.224,24.5,0.0,94.08,8.522625249443706,0.7781787379919687,0.0,4.861655955079415,14.868,229.69236732733475
t1037,5.699999999999999,0.0,7.396434802105256,0.0,0.0,0.139521951219514,1.48,61.5013589722983,10.224,0.0,0.0,94.08,0.0,0.5558449119678717,0.0,0.41189405031752435,14.868,196.3570546879085
t1038,5.699999999999999,0.0,14.244673478570006,0.0,0.0,1.2228237866401201,1.48,56.264753070573285,10.224,24.5,0.0,94.08,0.0,6.177315737617862,0.0,0.0,12.345675326832211,226.23924140023348
t1039,5.699999999999999,2.1,29.462075060456808,0.0,0.0,2.4562726666799417,1.48,24.218122630585007,1.7113966285747824,0.0,0.0,0.0,45.0,2.4010494377510034,0.0,6.245926707729467,14.868,135.642843131777
t1040,5.699999999999999,2.1,0.0,0.0,0.0,2.9069002564360384,1.48,89.9,3.0628595896593196,24.5,0.0,0.0,45.0,0.0,0.0,0.0,10.164062981648478,184.81382282774385
t1041,5.699999999999999,2.1,0.0,0.0,0.0,3.8215686954152512,1.48,89.9,1.807563278356716,24.5,0.0,0.0,45.0,0.0,0.0,0.0,8.880993206077473,183.19012517984945
t1042,5.699999999999999,2.1,21.114372694632408,0.0,0.0,2.588598124270783,1.48,89.9,1.580011492304609,0.0,0.0,0.0,45.0,0.0,0.0,0.0,0.7273816863157923,170.19036399752358
t1043,5.699999999999999,2.1,0.0,0.0,0.0,2.0685737340268786,1.48,89.9,1.8948145668136287,24.5,3.0503056986547077,0.0,45.0,0.0,0.0,0.0,0.0,175.6936939994952
t1044,5.699999999999999,2.1,0.0,0.0,0.0,1.234101260159282,1.48,89.9,2.9933282404008033,24.5,4.141627035575479,0.0,45.0,0.0,0.0,0.0,0.0,177.04905653613557
t1045,5.699999999999999,2.1,1.579143799330185,5.712508921446348,0.0,0.0,1.48,89.9,4.43658263559118,1.8048224232323284,0.0,0.0,45.0,0.0,1.8066240086567185,0.0,0.0,159.51968178825675
t1046,5.699999999999999,2.1,0.0,0.0,0.0,0.0,0.5597694874949896,86.14097359733404,5.339031194896742,24.5,9.815314119752376,58.30491298355643,45.0,0.0,6.25,9.921319858962134,0.9180105881579648,254.54933183015467
t1047,5.699999999999999,0.0,20.623289641369592,0.0,0.0,0.0,0.0,0.0,5.293659211257487,24.5,0.0,94.08,4.085426990287018,1.6638471033734918,4.229140426567165,24.114750206073644,0.0,184.29011357892838
t1048,0.0,2.1,0.0,16.750234218753693,0.0,0.0,0.0,0.0,3.872530936167668,24.5,0.0,94.08,3.5428500764538495,6.359970779036145,3.2302677897512435,24.855761847395225,0.0,179.29161564755782
t1049,5.699999999999999,0.0,0.0,6.1546811550939875,6.5,0.0,0.71338052502994,78.281706835312,10.224,24.5,2.633587836869039,94.08,9.570654864314625,11.129120476024337,6.25,47.41223231346923,0.0,303.1493640061131
t1050,5.699999999999999,0.0,14.381274876334336,0.0,6.5,0.0,0.0,89.9,10.224,24.5,3.902369715283495,94.08,4.867349232775043,9.925227429076305,5.23458528875622,55.45213599686964,0.0,324.666942539095
t1051,5.699999999999999,0.0,30.157931112064464,0.0,6.5,0.0,1.48,89.9,10.224,24.5,3.9895293126241897,94.08,13.05377450531454,4.356584952834484,6.25,49.24847821322581,0.0,339.44029809606354
t1052,5.699999999999999,0.0,26.40569143432023,0.0,4.708080523402113,0.0,1.48,89.9,10.224,24.5,2.4299096838936256,94.08,45.0,15.953193768835341,6.25,28.779687890645167,0.0,355.41056330109643
t1053,5.699999999999999,0.0,12.196044465538769,0.0,4.9328254493947545,0.0,1.48,89.9,10.224,24.5,0.4287877571500275,94.08,38.31398443915083,15.57194572144578,6.25,9.185854387303765,0.0,312.7634422199839
t1054,5.699999999999999,0.0,21.312328453454164,0.0,6.04877365524093,0.0,1.48,89.9,10.224,24.5,4.698740408570006,94.08,16.61025161952495,14.857711009156624,6.25,16.70531692290323,0.0,312.36712206884994
t1055,5.699999999999999,2.1,11.108922612567975,0.0,6.5,0.0,1.48,89.9,10.224,24.5,8.497169905331344,94.08,8.341890422302704,14.640011514538152,6.25,1.8260224061290324,0.0,285.14801686086923
t1056,5.699999999999999,2.1,5.044201565236652,0.0,6.5,0.6114990055355198,1.48,84.31994426301368,10.224,24.5,10.435078226208274,94.08,25.14351900228968,15.209385310682729,2.1141673288441916,0.0,0.0,287.46179470181073
t1057,5.699999999999999,1.1891260365357446,0.0,0.0,1.9679697030699521,0.0,1.48,68.08575598963881,10.224,4.531383439434037,4.251964486062674,94.08,39.62424845329112,11.295841136273701,0.0,0.0,4.133786406077478,246.56407565038356
t1058,5.699999999999999,0.0,2.0622123592055606,0.0,1.3347251132360316,0.0,1.48,61.94377943854269,10.224,24.5,0.0,94.08,39.94381874179169,4.895527503895856,0.0,0.0,11.252015355034763,257.4160785117066
t1059,5.699999999999999,0.0,6.370514245998017,0.0,0.7735359838953181,0.0,1.48,58.41005923443224,10.224,0.0,0.0,94.08,0.0,1.2456783246586334,0.0,0.0,14.868,193.1517877889842
t1060,5.699999999999999,0.0,7.394710869632571,0.0,0.35386170105686804,0.0,1.48,56.92164205066528,10.224,24.5,0.0,94.08,8.124573549461447,0.3934429026506033,0.0,0.0,14.868,224.04023107346677
t1061,5.699999999999999,0.0,7.071181574697115,0.0,0.22186884750880684,0.0,1.48,60.47768601093634,10.224,0.0,0.0,94.08,16.014139450231685,3.143456598235471,0.0,0.0,9.763190960317791,208.1755234419272
t1062,5.699999999999999,0.0,13.397338966156893,0.0,0.0,0.9240390180985584,1.48,54.48508893456116,10.224,24.5,0.0,94.08,0.0,6.124789350693185,0.0,0.0,9.883720984031804,220.7989772535416
t1063,5.699999999999999,2.1,30.815779997815294,0.0,0.0,2.168839814514685,1.48,0.0,5.25458666978044,0.0,0.0,53.74024353352223,45.0,10.030872276925427,0.0,0.0,3.0472246342990696,159.33754692685713
t1064,5.699999999999999,2.1,43.54,0.0,0.0,2.534910675262097,1.48,68.4613664747856,0.0,0.0,0.0,0.0,45.0,4.662632032369481,0.09991765658288902,0.0,0.0,173.5788268390001
t1065,5.699999999999999,2.1,35.97953925930487,0.0,0.0,2.7274427235739185,1.48,78.76704703500248,0.0,24.5,0.0,0.0,45.0,0.0,0.0,0.0,0.3820014527507552,196.63603047063202
t1066,5.699999999999999,2.1,13.953979805351532,18.136863301636467,0.0,0.0,1.48,76.79532495247905,0.0,24.5,0.0,0.0,45.0,0.0,3.340304759032193,0.0,0.0,191.00647281849925
t1067,5.699999999999999,2.1,12.777879434197617,21.721237891885398,0.0,0.0,1.48,78.82213256444555,0.0,24.5,0.0,0.0,45.0,0.0,2.09672550119403,0.0,0.0,194.1979753917226
t1068,5.699999999999999,2.1,4.504929248736751,29.9424696839926,0.0,0.0,1.48,70.95424396982752,0.0,24.5,0.0,0.0,45.0,0.0,1.258493660398009,0.0,0.0,185.44013656295488
t1069,5.699999999999999,2.1,0.0,46.02225840247394,0.0,0.0,1.48,61.08724051985215,0.0,24.5,0.0,36.34906777068826,45.0,7.8078838215943405,1.646809083283584,0.0,0.0,231.69325959789228
t1070,5.699999999999999,2.1,0.0,0.0,0.0,0.0,0.0,61.832773165570714,1.8104902292144964,24.5,7.68581517137661,85.1359786799182,45.0,0.9612432735742985,4.61555734199005,21.61333597245147,0.0,260.95519383409584
t1071,0.0,2.1,4.654588052696091,0.0,0.0,0.0,0.0,0.0,5.2679697132934145,24.5,0.0,94.08,45.0,0.11665727084337109,3.894834953930349,20.41445007925694,0.0,200.02850007002016
t1072,5.699999999999999,0.0,0.0,11.754929484272974,0.0,0.0,0.0,6.061748305699758,4.23609851214359,24.5,1.1176868839638696,94.08,0.0,5.433545120562246,2.729650874328361,32.95952437691289,0.0,188.5731835578837
t1073,5.699999999999999,0.0,0.0,4.992518855113761,6.5,0.0,0.5502188483832333,80.94359355880265,10.224,24.5,3.2151492172704397,94.08,0.0,13.391578422878581,6.25,47.162059829276046,0.0,297.5091187317247
t1074,5.699999999999999,0.0,14.771338886404823,0.0,6.5,0.0,0.0,89.9,10.224,24.5,4.772551623291523,94.08,1.2143330486511357,9.413500744738952,4.905829069850747,61.92570926419114,0.0,327.9072626371283
t1075,5.699999999999999,0.0,30.919780376918442,0.0,6.5,0.0,1.48,89.9,10.224,24.5,5.81774664268941,94.08,3.9398690468416357,9.218093321922828,6.25,54.163091116451604,0.0,342.69258050482387
t1076,5.699999999999999,0.0,23.20263862465258,0.0,6.5,0.0,1.48,89.9,10.224,24.5,3.63629804315103,94.08,45.0,15.734492446265058,6.25,34.27433305193548,0.0,360.4817621660041
t1077,5.699999999999999,0.0,19.197059007331315,0.0,6.5,0.0,1.48,89.9,10.224,24.5,2.104804816859008,94.08,45.0,9.935939401826687,6.25,16.042361115806486,0.0,330.91416434182355
t1078,5.699999999999999,0.0,21.865871253051363,0.0,6.5,0.0,1.48,88.89834075332318,10.224,24.5,4.421579471848531,94.08,24.910455757206773,15.27829213076305,6.25,25.599655632580674,0.0,329.7081949987736
t1079,5.699999999999999,2.1,14.163432179536755,0.0,6.5,0.0,1.48,89.89846416235416,10.224,24.5,7.133533632286994,94.08,0.07053049768306169,14.926105881606421,6.25,6.073058858387094,0.0,283.09912521185447
t1080,5.699999999999999,2.1,7.035063599476329,0.0,6.5,1.4158276262398055,1.48,82.34514649132421,10.224,24.5,9.018064773293476,94.08,18.719159090273543,15.093932623935743,1.1219562735678459,0.0,0.0,279.33315047811095
t1081,5.699999999999999,2.1,0.4233838411681643,0.0,2.188053749370908,0.0,1.48,67.39388254239647,10.224,24.5,6.301435700162848,94.08,37.35448175200766,7.217106810886513,0.0,0.0,11.228648015372412,270.19099241136496
t1082,5.699999999999999,0.0,2.6197237792651427,0.0,1.4661736285858056,0.0,1.48,52.737170882221186,10.224,24.5,0.0,94.08,25.0370556817499,2.6964389661044166,0.0,0.0,14.868,235.40856293792646
t1083,5.699999999999999,0.0,4.649098158609733,0.0,0.0,0.0,1.48,56.03917032328766,10.224,0.0,0.0,94.08,10.327309131612934,1.215173126907632,0.7530160804020092,1.2180037253904905,14.868,200.55377054621047
t1084,5.699999999999999,0.0,6.100190512135051,0.0,0.0,0.0,1.48,56.09237377331302,10.224,24.5,0.0,94.08,14.26356802851248,0.4133835413654619,0.3946371859296469,2.6650525967312917,14.868,230.78120563798694
t1085,5.699999999999999,0.0,7.183640363177757,0.0,0.13603562675869696,0.0,1.48,50.183990011821095,10.224,0.0,0.0,94.08,0.0,0.0997273437750998,0.1583119480597106,0.0,14.868,184.11370529359235
t1086,5.699999999999999,0.0,13.78868547896723,0.0,0.0,0.7347630599104038,1.48,57.891494369802096,10.224,24.5,0.0,94.08,0.0,2.487084610309837,0.0,1.6580046534920827,14.868,227.41203217248162
t1087,5.699999999999999,2.1,27.59815766160874,0.0,0.0,2.1892625123743157,1.48,0.0,4.945093593213574,0.0,0.0,63.777648479271214,45.0,2.9094228001606397,0.0,1.3149248295339315,14.868,171.8825098761624
t1088,5.699999999999999,2.1,28.273319470546184,0.0,0.0,0.25001710333322597,1.48,66.90103022166585,0.0,24.5,0.0,0.0,45.0,11.694976788353413,2.528349600200967,0.0,0.0,188.4276931840996
t1089,5.699999999999999,2.1,33.88973448806357,0.0,0.0,2.194160692712793,1.48,78.5341536774963,0.0,0.0,0.0,0.0,45.0,1.3159179548665842,0.0,0.0,2.072884860893798,172.28685167403304
t1090,5.699999999999999,2.1,40.08520042534196,0.0,0.0,0.0,1.48,80.68936308900936,0.0,24.5,0.0,0.0,45.0,0.0,2.1061364464676644,0.0,0.0,201.660699960819
t1091,5.699999999999999,2.1,26.541159218152938,0.0,0.0,0.0,1.48,81.22814597358304,0.0,24.5,0.0,0.0,45.0,0.0,2.9240271470918953,0.0,0.0,189.47333233882787
t1092,5.699999999999999,2.1,20.46085541572989,0.0,0.0,0.0,1.48,74.9818576719862,0.0,17.257639514659406,0.0,0.0,45.0,0.0,1.4150070932338301,0.0,0.0,168.39535969560933
t1093,5.699999999999999,2.1,19.44226079557608,9.210512154257998,0.0,0.0,1.48,89.9,3.0946252911022047,24.5,0.0,30.337481568384927,45.0,0.0,1.9176976404975152,0.0,0.0,232.68257744981875
t1094,2.80289555119744,0.0,6.659946229246063,0.0,0.0,0.0,0.5593811107414819,0.0,7.89667884702595,24.5,0.0,0.0,45.0,0.0,6.25,11.77454833315012,3.5087380945676556,108.95218816592872
t1095,5.699999999999999,0.0,2.6095004460422873,0.0,0.0,0.0,0.7121764239520966,0.0,6.192688601636728,24.5,0.0,94.08,6.588112261022081,0.0,6.0198102551845585,20.384799690792427,0.0,166.78708767863017
t1096,5.699999999999999,1.9691764371802598,0.0,0.0,6.5,0.0,0.759249153173653,56.74514663521059,10.224,24.5,0.0,94.08,13.930063819925184,1.6741962245234836,6.25,30.861719206935504,0.0,253.19355147694867
t1097,5.699999999999999,2.1,21.835482361289007,0.0,6.5,0.0,0.7745144411576849,72.35285721663115,10.224,24.5,1.5779914864224762,94.08,0.0,9.364874077840621,6.25,61.89143352290325,0.0,317.1511531062442
t1098,5.699999999999999,2.1,14.08105612652566,0.0,6.5,0.0,0.0,89.9,10.224,24.5,4.170261726141492,94.08,4.985103892773094,2.456729954377509,5.292923597213931,60.18465444995509,0.0,324.17472974698677
t1099,5.699999999999999,0.0,25.73886396201409,0.0,6.5,0.0,1.48,89.9,10.224,24.5,4.411375462558958,94.08,17.939935052447524,3.964804338152609,6.25,58.59700983580643,0.0,349.2859886509796
t1100,5.699999999999999,0.0,20.467013247009067,0.0,6.5,0.0,1.48,89.9,10.224,24.5,1.4798484696437526,94.08,45.0,10.259525125849809,6.25,46.53512273903228,0.0,362.37550958153486
t1101,5.699999999999999,0.0,17.10267028628398,0.0,6.5,0.0,1.48,89.9,10.224,24.5,0.755867463876433,94.08,33.84883676197289,3.4543840552610408,6.25,32.91137435193544,0.0,326.70713291932975
t1102,5.699999999999999,0.0,21.516294213776447,0.0,6.5,0.0,1.48,86.21270239715884,10.224,24.5,6.253284504235178,94.08,5.5614867902906875,15.98070795261044,6.25,38.176364674516094,0.0,322.43484053258766
t1103,5.699999999999999,2.1,11.82079371025175,0.0,6.5,0.0,1.48,86.98362432708274,10.224,24.5,9.501131041355256,94.08,16.897704674123734,15.880251149076301,6.25,18.68807435193548,0.0,310.6055792538253
t1104,5.699999999999999,2.1,5.960024324551857,0.0,6.5,0.0,1.48,72.21145419624555,10.224,24.5,12.103756851021425,94.08,34.866717864699446,15.960862666345381,6.25,4.43746144870968,0.0,296.37427735157337
t1105,5.699999999999999,2.1,2.3462760868882073,0.0,6.5,1.226224717092784,1.48,76.1296761359716,10.224,3.2734655930209606,5.726240984535886,94.08,45.0,14.14017082779116,2.118187033366834,0.0,0.0,270.04424137866744
t1106,5.699999999999999,0.07195987339374642,0.0,0.0,1.2414365374937086,0.0,1.48,60.58865042474613,10.224,24.5,0.0,94.08,27.803915348598778,8.463242557571359,0.0,0.0,5.580680697636581,239.7338854394403
t1107,5.699999999999999,0.0,3.8407267584111153,0.0,0.7953225968797171,0.0,1.48,48.223666444758514,10.224,0.0,0.0,94.08,36.58827296630031,4.066599245641786,0.0,0.0,10.85559430240319,215.85418231439462
t1108,5.699999999999999,0.0,5.5418032231579,0.0,0.4383872169099122,0.0,1.48,56.74652346919366,10.224,24.5,0.0,94.08,27.862769497064914,2.4314673615582296,0.0,0.0,12.382484074002013,241.3874348418866
t1109,5.699999999999999,0.0,6.527086242025815,0.0,0.22707669854051155,0.0,1.48,59.917835388998114,10.224,0.0,0.0,94.08,37.904955957035256,7.85951222691679,0.0,0.0,2.4079359111420215,226.32840242465855
t1110,5.699999999999999,0.0,11.655112274438935,0.0,0.0,0.8671253296963669,1.48,57.87660446619989,10.224,23.45969152040403,0.0,94.08,4.678258838994865,0.5356063989822916,0.0,0.0,12.315537603296942,222.8719364320133
t1111,5.699999999999999,2.1,29.974924134856,0.0,0.0,2.2215141937182694,1.48,22.05903485799403,1.8912219110475708,19.549134923636373,0.0,56.938671951983736,45.0,1.276114353574296,0.0,10.38086125047624,14.868,213.4394775772865
t1112,5.699999999999999,2.1,0.7725958355114348,0.0,0.0,2.6730015008362376,1.48,89.9,4.009351615991984,12.812663027272718,0.0,0.0,45.0,0.0,0.0,0.0,13.273999244210572,177.72161122382295
t1113,5.699999999999999,2.1,4.89596140738765,0.0,0.0,2.689071095898459,1.48,89.9,1.6302942521843664,9.293321170505058,0.0,0.0,45.0,5.12780675960722,0.0,0.0,10.668130112135083,178.48458479771784
t1114,5.699999999999999,2.1,2.2230212929890847,0.0,0.0,3.523664663558604,1.48,89.9,0.6984434092184365,7.6027645101010135,0.0,0.0,45.0,0.0,0.0,0.0,4.640060773505498,162.86795464937265
t1115,5.699999999999999,2.1,0.0,0.0,0.0,2.273163077984427,1.48,89.9,0.13232646857715316,22.458834155320112,2.525906898345794,0.0,45.0,0.0,1.14292792039209,0.0,0.0,172.71315852061957
t1116,5.699999999999999,2.1,0.0,0.0,0.0,1.6004276912195121,1.48,89.9,0.9143619632865737,0.0,4.540558485102135,0.0,45.0,0.0,0.0,0.0,0.0,151.23534813960822
t1117,5.699999999999999,2.1,0.0,0.0,0.0,0.0,1.48,89.9,1.6977264809619248,0.0,0.8542371668360745,0.0,45.0,0.0,1.1599165459701484,0.0,0.0,147.89188019376817
t1118,5.699999999999999,2.1,0.0,14.545442314021226,0.0,0.0,1.48,89.9,2.8189755915430923,15.226881072362408,0.0,0.0,45.0,0.0,1.7417633121393057,0.0,0.0,178.51306229006605
t1119,5.699999999999999,2.1,0.0,3.691630990080318,0.0,0.0,0.4313357186427145,71.73581775899487,1.7469860942713433,24.5,0.0,54.62061635441292,45.0,0.0,5.71054004648117,4.733425571131407,0.0,219.97035253401475
t1120,0.0,2.1,0.0,21.01168161341245,0.0,0.0,0.0,0.0,6.490356848103793,24.5,0.0,94.08,29.05393007321855,5.201519001606425,3.7424369439801004,11.193257824635362,0.0,197.37318230495666
t1121,5.699999999999999,0.0,0.0,10.400073149080107,6.5,0.0,0.9520267764870257,63.312908208401836,10.224,24.5,1.7770195332162568,94.08,19.437478157818145,12.400355531779015,6.25,31.398388646275485,0.0,286.93225000305785
t1122,5.699999999999999,2.1,24.188001894098687,0.0,6.5,0.0,0.0,89.9,10.224,24.5,0.0,94.08,16.78057217136476,6.8199754746799846,5.829729567363183,70.7660986010865,0.0,357.3883777085931
t1123,5.699999999999999,0.0,25.91115076825242,0.0,1.7854477481867943,0.0,0.6819788846379792,89.9,10.224,24.5,1.7983577712406598,94.08,13.664395054174921,13.822142436992847,6.25,41.46081733596771,0.0,329.7782899994533
t1124,5.699999999999999,0.0,14.049627547109774,0.0,2.9273579326378596,0.0,1.3297249519655199,89.9,10.224,24.5,4.462937717987046,94.08,5.82166882651872,3.6468366663823484,6.25,25.181107245483844,0.0,288.0732608880852
t1125,5.699999999999999,2.1,6.398070648821754,0.0,6.286967681271733,0.0,1.48,89.9,10.224,24.5,6.886388639760837,94.08,3.5292815050159594,7.453186923657729,6.25,9.06083346499997,0.0,273.84872886352804
t1126,5.699999999999999,2.1,5.983614940453908,0.0,6.5,0.0,1.48,82.90978014611873,10.224,24.5,10.598027902341801,94.08,19.731166645275344,10.949699159404002,6.25,9.002029984516101,0.0,290.0083187781099
t1127,5.699999999999999,2.1,0.5094909507498613,0.0,6.5,0.0,1.48,75.58449687590054,10.224,24.5,13.300809167912309,94.08,37.11696795740078,14.87562981650994,6.25,0.0,0.0,292.22139476847343
t1128,5.699999999999999,2.1,3.87000619766363,0.0,6.5,0.0,1.48,79.6284369083714,10.224,12.217182072588045,11.526858583110869,94.08,45.0,9.892094931716574,3.5445287419095473,0.0,0.0,285.7631074353601
t1129,5.699999999999999,1.2936776832371661,0.3699739674026926,0.0,6.5,3.5675220507715295,1.48,75.3593112608828,10.224,24.5,2.540158199839358,94.08,45.0,12.483913297522804,0.0,0.0,4.118271561588874,287.21682802124525
t1130,5.699999999999999,0.0,2.217922388997028,0.0,0.8323729240060366,0.0,1.48,59.81013766453188,10.224,8.141434110790172,0.0,94.08,23.275703509746293,6.400114758795244,0.0,0.0,10.687218930009958,222.84890428687658
t1131,5.699999999999999,0.0,5.630474524051652,0.0,0.24474413688978286,0.0,1.48,56.41994146318598,10.224,24.5,0.0,94.08,31.776713338105786,2.454527976867471,0.0,0.0,14.868,247.37840143910068
t1132,5.699999999999999,0.0,7.072057443614693,0.0,0.0,0.04469178695868686,1.48,55.890751930999464,10.224,0.0,0.0,94.08,21.410371394691154,1.7158199520935686,0.0,0.0,14.00296669565046,211.620659204008
t1133,5.699999999999999,0.0,8.409829042423038,0.0,0.0,0.24650681931309215,1.48,57.005815979299854,10.224,24.5,0.0,94.08,0.0,0.4358432592771096,0.0,3.1998792092063857,14.868,220.14987430951948
t1134,5.699999999999999,0.0,16.254216544548157,0.0,0.0,1.2220702774315593,1.48,0.0,4.342778980454058,0.0,0.0,74.00114891012993,0.0,4.525469488353411,0.0,11.938087409206364,14.868,134.33177161012347
t1135,5.699999999999999,2.1,7.788876298251071,0.0,0.0,2.8604286646889014,1.48,89.9,6.28853281907816,0.0,0.0,0.0,45.0,0.0,0.0,34.09948411385016,13.228125237442088,208.44544713331038
t1136,5.699999999999999,2.1,7.777606904031773,0.0,0.0,0.0,1.48,89.9,2.67893894769539,11.583788699940747,2.3663708870652598,0.0,45.0,4.2037115394377516,4.641889382315777,0.0,0.0,177.43230636048673
t1137,5.699999999999999,2.1,10.446492731002996,0.0,0.0,0.0,1.48,89.9,1.330589451022044,0.0,9.659564303492223,0.0,45.0,5.884573113581813,4.2235603270646775,0.0,0.0,175.72477992616376
t1138,5.699999999999999,2.1,5.734531330049005,0.0,0.0,0.0,1.48,89.9,0.01469184224449313,0.0,9.477906874781736,33.40511291585497,45.0,0.0,4.9631185360199,0.0,0.0,197.7753614989501
t1139,5.699999999999999,2.1,0.0,0.0,0.0,0.0,1.48,89.9,1.469332396367264,0.0,9.56131844298043,51.57952680158938,45.0,0.0,3.3066021181094523,0.0,0.0,210.09677975904654
t1140,5.699999999999999,2.1,0.0,0.0,0.0,0.0,1.48,89.9,1.0976601764471037,0.0,10.380908985529354,0.0,45.0,0.0,2.6865046056716415,0.0,0.0,158.3450737676481
t1141,5.699999999999999,2.1,0.0,0.0,0.0,0.0,1.48,89.9,0.03833577724550937,0.0,11.430561278775714,0.0,45.0,0.0,1.975137441492538,0.0,0.0,157.62403449751375
t1142,5.699999999999999,2.1,0.0,0.0,0.0,0.0,0.00987589968063888,89.9,0.7555876785571132,0.0,12.884957552152533,0.0,45.0,0.0,6.25,11.939381061612945,0.0,174.53980219200324
t1143,5.699999999999999,2.1,0.0,0.0,0.0,0.0,0.0,89.9,2.2330780830861703,1.6765841242578996,9.281342980767324,0.0,45.0,0.0,5.373963312139306,14.70030284293774,0.0,175.96527134318842
t1144,5.699999999999999,2.1,0.0,14.241976107181012,0.0,0.0,0.0,67.93277730393916,1.1252823549770261,24.5,0.0,0.0,45.0,0.30404675429718786,4.654236943980101,13.294828249050934,0.0,178.85314771342544
t1145,5.699999999999999,0.0,0.0,13.148381245934742,0.0,0.0,0.0,4.91903644355363,6.102750834681273,24.5,0.0,79.12094090632787,0.0,8.074128965461847,3.465635040000001,28.855970657837595,0.0,173.88684409379695
t1146,5.699999999999999,2.1,16.31161573111778,0.0,6.5,0.0,0.0688317825149695,82.37677451546422,10.224,24.5,0.0,94.08,45.0,12.715808419136668,6.25,31.70612421322584,0.0,337.5331546614595
t1147,5.699999999999999,2.1,15.118365271178247,0.0,6.174363324709401,0.0,0.0,89.9,10.224,11.134964276161618,0.0,94.08,21.268627816823795,4.750118004337348,5.3946750578636,33.50754001552538,0.0,299.35265376659936
t1148,5.699999999999999,2.1,9.08415322686807,0.0,5.365837738698464,0.0,0.0,89.9,10.224,24.5,0.0,94.08,0.0,17.966719184738952,5.468275922998031,25.483071043575706,0.0,289.8720571168792
t1149,5.699999999999999,2.1,2.407126036535755,0.0,6.5,0.0,0.23059600798403168,89.9,10.224,0.0,0.0,94.08,0.0,17.447229604883407,6.25,0.0,0.0,234.83895164940319
t1150,5.699999999999999,2.1,12.920844062719025,0.0,6.5,0.0,0.03892734530938109,89.9,10.224,24.5,0.0,94.08,32.77489099563275,15.636679458307066,6.25,8.947930239193552,0.0,309.57327210116176
t1151,5.699999999999999,2.1,0.0,0.0,4.235303843984827,0.0,1.48,79.97603946286937,10.224,0.0,0.0,94.08,26.632707741309144,0.5449541190361417,1.4239766314572726,0.0,0.0,226.39698179865673
t1152,5.699999999999999,2.1,0.0,0.0,1.5721259184700536,0.0,1.48,65.66672884506754,10.224,24.5,0.0,16.911082466963567,0.0,0.0,0.0,0.0,7.91745671392257,136.07139394442373
t1153,5.699999999999999,0.0,1.5527068974379397,0.0,0.9487409159536982,0.0,1.48,62.622307313812925,10.224,0.0,0.0,94.08,0.0,0.0,0.0,0.0,14.868,191.47575512720456
t1154,5.699999999999999,0.0,5.151249102005963,0.0,0.0,0.0,1.48,47.890524149771664,10.224,0.0,0.0,94.08,0.0,0.0,0.35243718592964685,1.8852145714932023,14.868,181.63142500920048
t1155,5.699999999999999,0.0,7.896861799404161,0.0,0.0,0.0,1.48,54.7366961217656,10.224,24.5,0.0,94.08,3.074373303811088,0.0,0.04025025125628062,7.8079877477578385,14.868,224.40816922399495
t1156,5.699999999999999,0.0,9.333245116186696,0.0,0.0,0.1261585863613748,1.48,54.588018480365285,10.224,0.0,0.0,94.08,0.0,6.1955249238352526,0.0,13.343450012380984,14.868,209.9383971191296
t1157,5.699999999999999,0.0,10.813324560079444,0.0,0.0,0.32530184171229554,1.48,40.6492228858386,8.270029037317633,24.5,0.0,94.08,0.0,6.846920877911646,0.0,14.386593307301633,14.868,221.91939251016126
t1158,0.0,2.1,11.641876955829193,0.0,0.0,1.3683084058536592,1.48,0.0,3.6444710077445093,0.0,0.0,65.86475256660437,21.997109659014356,3.8897370876305235,0.0,21.88612415206352,14.868,148.7403798347401
t1159,5.699999999999999,2.1,5.739870997855028,0.0,0.0,3.1144472809158796,1.48,89.9,5.707448061442883,20.501220177373735,0.0,0.0,45.0,0.0,0.0,11.913243895063882,9.952287602477337,201.10851801512874
t1160,5.699999999999999,2.1,0.0,14.699256298991115,0.0,0.0,1.265057137205589,89.9,0.7607315561523069,0.0,0.8973557018933822,0.0,45.0,4.505939990342673,6.25,9.576061487080496,0.0,180.65440217166557
t1161,5.699999999999999,2.1,0.0,14.50784969855589,0.0,0.0,0.6701593328143715,89.9,0.0,0.0,8.109148942870046,4.273025042777764,45.0,0.0,6.25,0.0,0.0,176.51018301701808
t1162,5.699999999999999,2.1,0.0,15.469870517230467,0.0,0.0,0.6580277091925562,89.9,4.63848531791583,0.0,7.880076727977922,42.25516353894123,45.0,5.183171937561904,6.25,0.0,0.0,225.03479574881993
t1163,5.699999999999999,2.1,0.0,24.728394657310357,0.0,0.0,0.33174416315369337,89.9,0.0,0.0,8.38662501598595,8.849948284800924,45.0,0.0,6.25,0.0,0.0,191.2467121212509
t1164,5.699999999999999,2.1,0.0,12.612729837112788,0.0,0.0,0.029364123233532834,89.9,5.058772936072143,0.0,9.140257730486704,94.08,45.0,0.0,6.25,0.0,0.0,269.87112462690516
t1165,5.699999999999999,2.1,0.0,0.0,0.0,0.0,0.0,89.9,5.936435899799595,0.0,10.15365963716006,0.0,45.0,0.0,6.25,6.009409405117844,0.0,171.0495049420775
t1166,5.699999999999999,2.1,0.0,1.3442234270623166,0.0,0.0,0.0,89.9,0.8557740320641304,0.0,12.369743274540891,0.0,45.0,0.0,6.17610062557214,87.00777651326828,0.0,250.45361787250775
t1167,5.699999999999999,2.1,7.554153187472309,0.0,0.0,0.0,0.0,89.9,7.885359233659612,0.0,13.793774151540395,0.0,45.0,0.0,5.508666794726371,33.24998598027055,0.0,210.69193934766923
t1168,5.699999999999999,2.1,5.312995834411971,0.0,0.0,0.0,0.0,89.9,4.651283373947897,0.0,7.603148960119583,0.0,45.0,0.783954751566264,4.482247889253732,13.432367836278303,0.0,178.96599864557774
t1169,0.0,0.0,0.0,4.125994971434236,0.0,0.0,0.0,0.0,5.3300754813972056,24.5,0.0,75.60918572762343,0.0,7.965659895502009,3.178479816119404,38.37020413395798,0.0,159.07960002603426
t1170,5.699999999999999,2.1,23.48782100225579,0.0,6.5,0.0,0.07658611385229479,87.58399953463217,10.224,7.096534757777779,0.0,94.08,45.0,0.15417643721969593,6.25,28.529803464999997,0.0,316.7829213107377
t1171,5.699999999999999,2.1,24.14227679468278,0.0,3.456214898509688,0.0,0.0,89.9,10.224,24.5,0.0,94.08,32.0366642800496,5.692204932216641,3.20906842837304,36.85102186107879,0.0,331.89145119491053
t1172,5.699999999999999,2.1,9.771915563222553,0.0,3.937753622255345,0.0,0.0,89.9,10.224,4.949191919191923,0.0,94.08,26.64945128545906,17.639842167228917,4.296797492315873,18.069162327493103,0.0,287.3181143771668
t1173,5.699999999999999,2.1,2.1566768925277033,0.0,6.380220301639348,0.0,0.05425910937469433,89.9,10.224,24.5,0.0,94.08,32.08339395468984,17.74267075285955,6.25,0.0,0.0,291.1712210110911
t1174,5.699999999999999,2.1,0.0,0.0,6.5,0.0,0.0,89.9,10.224,0.0,0.0,94.08,39.27327702908187,17.12524457381526,6.25,12.58434918096772,0.0,283.73687078386484
t1175,5.699999999999999,2.1,0.0,0.0,5.052711955407927,0.0,1.48,81.44292235029656,10.224,24.5,0.0,83.86477916866393,45.0,12.481237620368528,2.0077452182914506,0.0,0.0,273.8533963130284
t1176,5.699999999999999,2.1,0.0,0.0,1.6462383492702557,0.0,1.48,68.22797311509773,10.224,0.0,0.0,94.08,40.88923790602036,10.974130425322175,0.0,0.0,7.057563072611727,242.37914286832225
t1177,5.699999999999999,2.0128279499295076,0.0,0.0,0.0,0.0,1.48,67.27573308330795,10.224,0.0,0.0,94.08,45.0,12.73861320768969,0.0,0.0,4.585609287368444,243.09678352829562
t1178,5.699999999999999,0.0,1.235684057318766,0.0,0.0,0.0,1.48,62.875598424758984,10.224,0.0,0.0,94.08,45.0,5.77699632121733,0.0,0.0,11.835917131559109,238.2081959348542
t1179,5.699999999999999,0.0,4.519775417795434,0.0,0.0,0.0,1.48,61.152709336986284,10.224,0.0,0.0,94.08,25.775485860240025,2.4957665243373506,0.0,0.0,14.868,220.2957371393591
t1180,5.699999999999999,0.0,5.539217324448871,0.0,0.0,0.0,1.48,61.23034394074073,10.224,24.5,0.0,94.08,0.0,1.8049610544578303,0.0,0.0,14.868,219.42652231964743
t1181,5.699999999999999,0.0,5.426772438649457,0.0,0.0,0.0,1.48,65.87922379665144,10.224,0.0,0.0,94.08,0.0,3.4856357779125973,0.0,0.0,12.383053180119175,198.65868519333267
t1182,5.699999999999999,0.0,10.52133826585899,0.0,0.0,0.8425507154604281,1.48,63.865209879066434,10.224,24.5,0.0,94.08,0.0,1.9527669150193596,0.0,0.0,11.932340199920702,225.09820597532593
t1183,5.699999999999999,2.1,28.523355830029132,0.0,0.0,2.3711046228770547,1.48,8.363241071401044,2.6349421552995578,0.0,0.0,41.147468315708515,45.0,3.9522496810628978,0.0,0.0,9.574870661981235,150.84723233835945
t1184,5.699999999999999,2.1,38.61691403086397,0.0,0.0,3.3256448141662527,1.48,69.27605242132275,2.0209054054884823,24.5,1.7728852233488688,0.0,45.0,0.0,0.0,0.0,11.675246290883821,205.46764818607411
t1185,5.699999999999999,2.1,27.574987267340457,0.0,0.0,3.3055186817620723,1.48,89.9,3.9123160023647308,24.5,0.0,48.317364177813765,45.0,0.0,0.0,1.4484998915872986,14.868,268.1066860208683
t1186,5.699999999999999,2.1,6.562026576722946,0.0,0.0,2.730272190970632,1.48,89.9,3.9155366022845683,24.5,0.0,37.511276580242956,45.0,1.2267012410233202,0.0,0.0,8.029891344965288,228.6557045362097
t1187,5.699999999999999,2.1,0.0,0.0,0.0,2.0402898116774537,1.48,89.9,3.876671050901804,24.5,11.470242909683895,68.7512428032312,45.0,10.441104987791164,0.0,0.0,0.0,265.2595515632855
t1188,5.699999999999999,2.1,0.0,17.869942292265105,0.0,0.0,1.3690470917833741,89.9,4.65295085234469,24.5,14.546421534872048,76.57512823420743,45.0,9.733903874134693,2.5083215560026364,0.0,0.0,294.45571543560993
t1189,5.699999999999999,2.1,0.0,8.11797110927794,0.0,0.0,0.0,51.282948296106454,0.0,24.5,16.149410997992973,90.21212216375693,45.0,0.7798396409638585,4.693009083283583,26.262607094845837,0.0,274.7979083862276
t1190,5.699999999999999,2.1,0.0,10.837584733214603,0.0,0.0,0.0,59.90185204151887,6.079048145306194,24.5,9.487812996143491,94.08,45.0,2.225859705702808,3.6615494678606986,31.049581315308636,0.0,294.6232884050553
t1191,5.699999999999999,0.0,0.0,2.1459063368941553,0.0,0.0,0.0,89.9,8.90738629248829,24.5,1.3179493189138043,94.08,0.0,4.875023254377511,3.400168287263682,56.214627516630195,0.0,291.04106100656765
t1192,5.699999999999999,2.1,9.494708460020119,0.0,0.0,0.0,0.0,89.9,8.332647183792414,24.5,1.2977703452516212,94.08,38.55116121848259,8.495662492128517,3.025511570845773,81.93580840835838,0.0,367.4132696788795
t1193,5.699999999999999,0.0,0.0,5.048195915450038,6.5,0.0,0.13318491624750534,89.9,10.224,24.5,1.8092857893226308,94.08,44.75690070315392,15.834695491054203,6.25,45.811482652184665,0.0,350.547745467413
t1194,5.699999999999999,0.0,17.9815645713998,0.0,0.0,0.0,0.10624216175648724,89.9,10.224,24.5,4.4945834106271905,94.08,26.958901607314214,19.861016634150655,6.25,28.25225179852219,0.0,328.30856018377057
t1195,5.699999999999999,2.1,36.15238033663644,0.0,0.0,0.0,0.0,89.9,10.224,24.5,4.175574069342701,94.08,45.0,20.0,5.867303482587066,50.11509642439659,0.0,387.8143543129628
t1196,5.699999999999999,2.1,26.452034395045327,0.0,0.0,0.0,0.0,89.9,10.224,24.5,1.449474159558451,94.08,45.0,15.59286959325933,6.25,41.259780470645175,0.0,362.5081586185083
t1197,5.699999999999999,0.0,14.647891394038261,0.0,0.0,0.0,0.357728942115768,89.9,10.224,24.5,2.1918475336322882,94.08,32.73720921572236,13.252022673218208,6.25,7.384229826129021,0.0,301.22492958485594
t1198,5.699999999999999,0.0,24.082622511863033,0.0,0.4825096584202772,0.0,0.9141325985571145,89.9,10.224,24.5,6.600452416542104,94.08,7.533830966244965,20.0,4.891234396049983,5.249636466533339,0.0,294.15841901421084
t1199,5.699999999999999,2.1,15.494630568257795,0.0,3.1097216909914462,0.0,1.48,84.55363287492516,10.224,24.5,10.153341305430994,94.08,15.896348370589099,18.016411584899597,6.25,17.051849180967718,0.0,308.60993557606184
t1200,5.699999999999999,2.1,8.489526842175225,0.0,2.2833862103673868,0.0,1.48,82.70117563967594,10.224,0.0,3.333862481315394,94.08,7.3982683711048765,17.394314796465864,6.25,3.479720561774197,0.0,244.91425490287887
t1201,5.699999999999999,2.1,1.574316368862024,0.0,0.0,0.0,1.48,71.1267988505327,10.224,24.5,0.0,94.08,33.18455586044667,15.151710400160642,1.3701974795979894,0.0,0.0,260.4915789596
t1202,5.699999999999999,0.40312402243705714,0.0,0.0,0.0,0.0,1.48,66.44018697838659,10.224,24.5,0.0,94.08,30.892933341784097,9.025653738785914,0.0,0.0,5.698147518848091,248.44404560024176
t1203,5.699999999999999,0.0,2.7395231834359484,0.0,0.0,0.0,1.48,64.16905628939624,10.224,0.0,0.0,94.08,38.86691238938251,5.248243600825697,0.0,0.0,9.695738382800412,232.20347384584082
t1204,5.699999999999999,0.0,3.2343196084607873,0.0,0.0,0.0,1.48,54.48293017838658,10.224,24.5,0.0,94.08,25.128753732049915,2.572134110160108,0.0,0.0,12.915150854935481,234.31728848399288
t1205,5.699999999999999,0.0,4.077294782244283,0.0,0.0,0.0,1.48,67.7932456547945,10.224,0.0,0.0,94.08,0.0,5.273078210667648,0.0,0.0,8.400091908123146,197.0277105558296
t1206,5.699999999999999,0.0,7.9314077792651645,0.0,0.0,0.6718499688203097,1.48,69.52498094229323,10.224,0.0,0.0,94.08,20.30032611254042,4.835318599053845,0.0,0.0,7.142416102204586,221.89029950417756
t1207,0.0,2.1,33.547168264508436,0.0,0.0,2.2554682863912405,1.48,0.0,2.513014228263473,0.0,0.0,91.25835694445169,30.66967640236882,2.522921350682731,0.0,6.005505313968294,14.868,187.22011079063466
t1208,5.699999999999999,2.1,34.35687467245282,0.0,0.0,2.654950837063216,1.48,0.0,0.0,24.5,0.0,9.165587847935242,45.0,6.6976195240439065,0.0,0.0,2.2364512734657285,133.8914841549609
t1209,5.699999999999999,2.1,35.58098751400199,0.0,0.0,1.2463746320271685,1.48,0.0,1.633480316796812,24.5,0.2187483080091191,0.0,45.0,8.541398444899595,2.1641289087437388,0.0,0.0,128.16511812447843
t1210,5.699999999999999,2.1,33.726250235193646,0.0,0.0,0.0,1.48,69.29356561452933,0.0,24.5,0.0,28.16961481846153,45.0,7.06339717148594,2.885237939004976,0.0,0.0,219.9180657786754
t1211,5.699999999999999,2.1,10.069210082415369,26.19665801286382,0.0,0.0,1.48,72.88878760756037,0.0,24.5,7.743499822388357,35.59588237341834,45.0,0.0,2.3555364464676645,0.0,0.0,233.6295743451139
t1212,5.699999999999999,2.1,11.77579528407215,23.197129125706002,0.0,0.0,1.48,68.59590962076888,0.0,24.5,9.223584775072757,25.860392157208235,45.0,0.0,2.3770311271913975,0.0,0.0,219.80984209001943
t1213,4.400843051143231,2.1,0.0,0.0,0.0,0.0,0.0,61.344715711779216,0.0,24.5,11.935888206081282,47.995368930269194,45.0,10.31314017951807,4.920388187761197,11.812624028028335,0.0,224.32296829458053
t1214,0.0,2.1,4.737001943403854,0.0,0.0,0.0,0.0,52.374933379793006,0.0,24.5,13.259633289523329,77.03541565602085,45.0,0.0,4.183985202686569,25.475351220203873,0.0,248.66632069163143
t1215,0.0,2.1,0.0,9.042667236122384,0.0,0.0,0.0,0.0,6.071087481836328,24.5,9.995432462949664,94.08,45.0,4.037741698393576,3.1281777861691547,19.71882148644477,0.0,217.67392815191585
t1216,5.699999999999999,2.1,0.0,21.176606328585557,0.0,0.0,0.0,44.560674143683386,10.224,24.5,3.3387692520279053,94.08,8.380806837922172,9.348262861606424,2.296635040000001,24.075305015622344,0.0,249.7810594794478
t1217,5.699999999999999,2.1,0.7755679500100375,0.0,6.5,0.0,0.0,77.85363629364788,10.224,24.5,0.0,94.08,45.0,15.593073058834813,5.842535537512438,52.602665174959846,0.0,340.77147801496506
t1218,5.699999999999999,0.737730747006838,20.433778559538982,0.0,5.473349147025665,0.0,1.48,89.9,10.224,24.5,1.8285023688710498,94.08,0.0,2.5980456126104405,6.25,50.23399234161288,0.0,313.4393987766659
t1219,5.699999999999999,0.0,28.628972078831826,0.0,5.091433316557625,0.0,1.48,89.9,10.224,24.5,1.3030419515102858,94.08,36.65190790944339,4.789849335903615,6.25,43.83970443274194,0.0,352.4389090249887
t1220,5.699999999999999,0.0,25.50038629836857,0.0,0.0,0.0,0.22368383233532954,89.9,10.224,24.5,1.1153124065769837,94.08,27.74959536297094,20.0,6.25,31.911962497258084,0.0,337.15494039750985
t1221,5.699999999999999,0.0,16.11287226010071,0.0,0.0,0.0,0.29850355289421077,89.9,10.224,24.5,3.725241654210264,94.08,20.59520327265805,14.128624406572758,6.25,18.46067630158727,0.0,303.97512144802334
t1222,5.699999999999999,0.0,27.44153691266867,0.0,2.858033087729761,0.0,1.1341919461567682,89.9,10.224,24.5,7.339990034877926,94.08,0.6906747508546124,17.67649531721997,6.25,10.789709570186904,0.0,298.5846316196946
t1223,5.699999999999999,2.1,18.510989077824764,0.0,0.0,0.0,1.48,84.29852863845764,10.224,0.0,2.433635276532135,94.08,1.6209981914660279,16.580658598875498,0.19797637407033586,0.0,0.0,237.22678615722637
t1224,5.699999999999999,2.1,11.451915563222554,0.0,0.0,0.0,1.48,75.58178458285137,10.224,0.0,0.0,94.08,7.120651393101726,13.007005770847009,0.0,0.0,6.546963680456862,227.2923209904795
t1225,5.699999999999999,2.1,5.213498644793548,0.0,0.0,0.0,1.48,69.33420354419076,10.224,0.0,0.0,94.08,30.030788978858535,6.78679714891055,0.0,0.0,13.86883307936446,238.81812139611787
t1226,5.699999999999999,2.1,1.8681894806444934,0.0,0.0,0.0,1.48,64.97722101511921,10.224,0.0,0.0,94.08,17.68473041698723,3.5092911662650605,0.0,0.0,14.868,216.491432079016
t1227,5.699999999999999,1.2939498029002972,0.0,0.0,0.0,0.0,1.48,62.71127083551496,10.224,0.0,0.0,94.08,30.62481937967123,1.6454359778313263,0.5274363261691738,0.0,14.868,223.154912322087
t1228,5.699999999999999,0.1109991483182149,0.0,0.0,0.0,0.0,1.48,62.61070555657027,10.224,0.0,0.0,94.08,22.398199234702055,0.9672097323694795,0.0,0.0,14.868,212.43911367196
t1229,5.699999999999999,0.15091254207450308,0.0,0.0,0.0,0.0,1.48,67.16553154134957,10.224,0.0,0.0,94.08,30.906276843422084,4.919110188706592,0.0,0.0,8.395458343972221,223.02128945952495
t1230,5.699999999999999,0.0,4.327679874597828,0.0,0.0,0.11797500615231504,1.48,66.69535572018263,10.224,24.5,14.56218370618834,94.08,0.0,1.8786950837291345,0.0,0.0,10.852106834280073,234.4179962251303
t1231,0.0,2.1,20.9657115567428,0.0,0.0,2.187079933977105,1.48,0.0,3.438298977964072,0.0,0.0,94.08,37.6250197562194,1.7579765457831291,0.0,12.178228479047627,14.868,190.6803152497341
t1232,5.699999999999999,2.1,20.5135359114598,0.0,0.0,2.190252557172723,1.48,24.30600441936716,2.0344763159652697,10.135723931111107,0.0,25.815162668501998,45.0,0.0,0.0,0.0,12.427523144508452,151.70267894808651
t1233,5.699999999999999,2.1,43.54,0.0,0.0,3.2241012987004694,1.48,67.1141914297585,0.0,24.5,0.0,24.174937658562243,45.0,0.0,0.0,0.0,13.145085369990074,229.9783157570113
t1234,5.699999999999999,2.1,32.98459234990996,0.0,0.0,2.2592008121752114,1.48,69.48356989441103,0.0,24.5,0.0,11.442483356347667,45.0,0.0,0.0,0.0,5.592275947944416,200.54212236078828
t1235,5.699999999999999,2.1,21.329866284131082,0.0,0.0,2.2114797569238442,1.48,22.160199834598313,0.0,0.0,8.809234663261417,0.0,45.0,0.0,0.0,0.0,0.0,108.79078053891466
t1236,5.699999999999999,2.1,21.64831547594838,0.0,0.0,0.5669706025300545,1.48,62.95923848891081,0.0,0.0,10.186784086241847,0.0,45.0,0.0,0.09026760153516823,0.0,0.0,149.73157625516626
t1237,5.699999999999999,2.1,25.947572295064884,0.0,0.0,0.0,1.48,55.60371031030064,0.0,24.5,3.3731027562531075,0.0,45.0,0.0,1.724665799701494,0.0,0.0,165.4290511613201
t1238,5.699999999999999,2.1,0.0,3.0084838338403523,0.0,0.0,0.0782301693195765,45.524314190823056,0.0,24.5,9.483029155233318,36.58568333526879,45.0,5.387867233754975,4.779052293089015,0.0,0.0,182.14666021132908
t1239,5.486520404623946,0.0,0.0,0.0,0.0,0.0,0.0,0.0,4.64858226231537,24.5,4.054032581647908,94.08,26.563974568032414,3.018029113253014,3.808151371840797,9.644908085997448,0.0,175.80419838771093
t1240,5.699999999999999,2.1,23.136218171158113,0.0,6.5,0.0,0.6560274152095816,67.1858994757991,10.224,24.5,4.990393443234587,94.08,21.408630371343396,5.512615962692447,6.25,15.274184277741982,0.0,287.51796911717923
t1241,5.699999999999999,2.1,17.642722489063427,0.0,6.5,0.0,0.21282563481037922,85.64764981610342,10.224,24.5,0.0,94.08,45.0,9.231488071476134,6.25,37.67120720693548,0.0,344.7598932183888
t1242,5.699999999999999,2.1,22.8170083280161,0.0,0.0,0.0,0.0,89.9,10.224,24.5,1.1079159147882383,94.08,4.401166838638359,6.384255764192058,6.25,35.899580238709646,0.0,303.36392708434437
t1243,5.699999999999999,0.0,24.973067063726088,0.0,0.2661761449421285,0.0,0.0,89.9,10.224,24.5,1.900585700647732,94.08,22.10458996217596,7.912507382008036,6.25,21.981268535806453,0.0,309.7921947893064
t1244,5.699999999999999,0.0,19.00729119262841,0.0,0.0,0.0,0.22503712574850268,89.9,10.224,24.5,3.1848430493273554,94.08,14.548222193339972,20.0,6.25,10.762006277096777,0.0,298.381399838141
t1245,5.699999999999999,0.0,20.10334346151578,0.0,0.0,0.0,0.33013868263473045,89.9,10.224,24.5,5.100610861983058,94.08,4.145015252977114,20.0,6.25,0.0,0.0,280.33310825911065
t1246,5.699999999999999,2.1,17.133188007326094,0.0,1.8367705812220652,0.0,0.8673826723304534,89.9,10.224,24.5,8.412088689586447,94.08,14.986870453256786,18.54258915641407,6.25,0.0,0.0,294.53288956013597
t1247,5.699999999999999,2.1,14.540205593434031,0.0,0.0,0.0,1.48,85.6849605560629,10.224,0.0,0.0,94.08,10.634629777667497,16.99459600578313,0.40419773698492295,0.0,0.0,241.8425896699325
t1248,5.699999999999999,2.1,8.1526527233434,0.0,0.0,0.0,1.48,76.02954188736682,10.224,0.0,0.0,94.08,20.480622254739448,11.025623006518455,0.0,0.0,10.223327261549167,239.4957671335173
t1249,5.699999999999999,2.1,3.6739639015911307,0.0,0.0,0.0,1.48,70.05833742262807,10.224,0.0,0.40812253455141984,94.08,44.62467241793086,8.671718995227776,0.0,0.0,10.447577865859,251.46839313778827
t1250,5.699999999999999,0.5496094202215503,0.0,0.0,0.0,0.0,1.48,65.42464874074074,10.224,24.5,0.0,94.08,37.85707043970876,3.1918949535742946,1.0438934673366824,1.6823501160740595,14.868,260.6014671376561
t1251,5.699999999999999,0.0,2.0803692608937494,0.0,0.0,0.0,1.48,62.85666024474885,10.224,0.0,0.0,94.08,0.0,1.8662916112449826,0.6534753768844215,6.075381742747893,14.868,199.88417823651986
t1252,5.699999999999999,0.0,2.5016483075670224,0.0,0.0,0.0,1.48,62.645257524911166,10.224,0.0,0.0,94.08,0.0,0.5714217836144564,0.508324623115577,6.452440097728366,14.868,199.03109233693658
t1253,5.699999999999999,0.0,3.7122659838331713,0.0,0.0,0.0,1.48,66.83803213718923,10.224,24.5,0.0,94.08,0.0,0.37982729510040186,0.30241005025125517,0.02128794809128258,14.868,222.10582341446533
t1254,5.699999999999999,0.0,7.721938008063552,0.0,0.0,0.2896416064509712,1.48,66.17595672450548,10.17013948551726,0.0,0.0,94.08,0.0,2.404228008910721,0.0,0.0,10.195846999384296,198.21775083283228
t1255,0.0,2.1,23.456673378470686,0.0,0.0,2.1100454889795923,1.48,0.0,3.7540588869461073,0.0,0.0,94.08,40.03988909114759,4.159147787871488,0.0,3.167424488571465,14.868,189.21523912198694
t1256,5.699999999999999,2.1,18.90924898419067,0.0,0.0,1.75309500729908,1.48,0.0,5.661960901443123,0.0,0.0,26.684829905101218,45.0,5.233313421285137,1.0228540420100338,0.0,0.0,113.54530226132927
t1257,5.699999999999999,2.1,13.58042659070507,0.0,0.0,2.467164708155972,1.48,0.0,7.078233222021154,0.0,7.8466399091180925,0.0,45.0,1.039833080963856,0.42458127859295447,0.0,0.0,86.7168787895571
t1258,5.699999999999999,2.1,31.595269845124147,0.0,0.0,0.0,1.48,71.61292102699852,0.0,9.513177030207848,4.123124511593559,0.0,45.0,0.0,2.7248866952238804,0.0,0.0,173.84937910914795
t1259,5.699999999999999,2.1,21.90208630272096,0.0,0.0,0.0,1.48,44.37498378546379,3.3335960748746625,0.0,7.505425620983443,0.0,45.0,0.0,2.129681720099504,0.0,0.0,133.52577350414236
t1260,5.699999999999999,2.1,8.833690804334408,30.97002703961457,0.0,0.0,1.48,62.07011849648104,0.0,10.697948381351653,9.647540566905823,0.0,45.0,4.958933022507562,2.5433772424875634,0.0,0.0,184.0016355536826
t1261,5.699999999999999,2.1,3.4175231875483694,19.241966213970684,0.0,0.0,1.48,45.130293166367686,0.0,17.071920315881375,9.115554346128553,0.0,45.0,9.311261651807232,1.5318838635098053,0.0,0.0,159.1004027452137
t1262,0.0,2.1,0.0,3.4423921596723552,0.0,0.0,0.0,0.0,3.8540058591217576,24.5,8.057784272905172,24.77684333909891,45.0,2.7972148045783123,4.171813063383086,23.02675779353254,0.0,141.72681129229215
t1263,0.0,2.1,0.0,29.51674268917902,0.0,0.0,0.0,0.0,4.226092250778443,24.5,8.710594620991417,94.08,23.05990574466691,4.980250184899601,3.574884705174132,13.210489399425025,0.0,207.95895959511455
t1264,5.699999999999999,0.6553194920091263,0.0,34.876160695698026,6.5,0.0,0.5689657200399202,76.97034787068488,10.224,24.5,7.734163967573494,94.08,0.0,8.683810392851726,6.25,17.419646428148603,0.0,294.1624145670058
t1265,5.699999999999999,0.0,0.0,4.750524525934732,6.5,0.0,0.0,89.9,10.224,24.5,0.0,94.08,28.60869848024807,16.726986515662652,6.25,59.79409048509572,0.0,347.0343000069412
t1266,5.699999999999999,2.1,14.980198691440073,0.0,6.5,0.0,1.48,89.9,10.224,24.5,0.1788404753961158,94.08,8.05351758617276,4.680434390682731,6.25,57.55217795451612,0.0,326.1791690982078
t1267,5.699999999999999,0.0,23.320332239959725,0.0,5.23555208857574,0.0,1.48,89.9,10.224,24.5,0.7371873362132547,94.08,4.40511096905652,6.504049047710841,6.25,44.74460724548385,0.0,317.08083892699995
t1268,5.699999999999999,0.0,19.35714964177239,0.0,0.0,0.0,0.0,89.9,10.224,24.5,1.758977578475338,94.08,14.42902900773509,20.0,6.25,27.902188303709718,0.0,314.1013445316925
t1269,5.699999999999999,0.0,10.765281122134931,0.0,0.0,0.0,0.0,89.9,10.224,24.5,4.280254110612856,94.08,0.5546903714449829,14.048694862805364,6.25,28.241387848128063,0.0,288.5443083151262
t1270,5.699999999999999,2.1,16.430191494743195,0.0,1.6102631173373156,0.0,1.007794904601449,89.9,10.224,24.5,7.614890881913303,94.08,17.976779285629046,18.63626124563806,6.25,4.064671248807445,0.0,300.09485217866984
t1271,5.699999999999999,2.1,9.957990084874115,0.0,2.0827287875074187,0.0,1.48,89.9,10.224,0.0,0.0,94.08,13.089154900347406,16.398254932208832,5.331853157587921,0.0,0.0,250.34398186252568
t1272,5.699999999999999,2.1,3.103319390010066,0.0,0.0,0.0,1.48,76.4150076627093,10.224,0.0,0.0,94.08,20.2403201164764,14.002654156130442,0.0,0.0,3.5924434482423333,230.93774477356854
t1273,5.699999999999999,0.9584009610070378,0.0,0.0,0.0,0.0,1.48,69.41285323916792,10.224,0.0,0.0,94.08,0.0,7.8128704778822105,0.0,0.0,10.896078006335657,200.5642026843928
t1274,5.699999999999999,0.0,4.17722725493546,0.0,0.0,0.0,1.48,64.7469633574835,10.224,24.5,0.0,94.08,11.426639308831414,2.9436410889959848,0.0,0.0,14.868,234.14647101024636
t1275,5.699999999999999,0.0,6.7602203035948385,0.0,0.0,0.0,1.48,61.148174825773694,10.224,0.0,0.0,94.08,0.0,1.4744168729317257,0.0,0.0,14.868,195.73481200230026
t1276,5.699999999999999,0.0,8.069018714716986,0.0,0.0,0.0,1.48,53.87869915332015,9.294852849996147,0.0,0.0,94.08,0.0,1.1477171105623527,0.4428261306532649,0.0,13.424408964360335,187.51752292360922
t1277,5.699999999999999,0.0,8.294784355233373,0.0,0.0,0.0,1.48,58.762381487652604,9.713305841404315,24.5,0.0,94.08,0.0,3.066385797381624,0.402368844221105,0.0,9.85294532979237,215.8521716556854
t1278,5.699999999999999,0.0,12.405951899463759,0.0,0.0,0.12435519530114625,1.48,50.538448321255395,7.846362842177329,0.0,0.0,94.08,0.0,3.398365508882298,0.0,0.0,7.70070729584909,183.27419106292905
t1279,5.699999999999999,2.1,29.604369002859993,0.0,0.0,1.9923887443305142,1.48,40.79650280837052,1.2840946467876297,0.0,0.0,58.27577068688259,45.0,1.6502009658634522,0.0,2.8862543207597553,14.868,205.63758117585445
t1280,5.699999999999999,2.1,32.74543216861967,0.0,0.0,2.760472589178696,1.48,89.9,3.2918168499398837,3.934033434148147,8.807554930333838,0.0,45.0,0.0,0.0,0.0,8.406192570923555,204.12550254314382
t1281,5.699999999999999,2.1,43.54,0.0,0.0,2.949119577730213,1.48,89.9,1.721256693426852,0.0,8.802543997441045,0.0,45.0,3.558182394789528,0.0,0.0,9.290888389652451,214.04199105304008
t1282,5.699999999999999,2.1,39.63311530888657,0.0,0.0,2.6010700008262817,1.48,89.9,1.8572550556713463,0.0,8.867963237621675,0.0,45.0,0.0,0.0,0.0,1.565060711400196,198.70446431440607
t1283,5.699999999999999,2.1,37.98102175646478,0.0,0.0,0.0,1.48,89.9,2.2093957970741505,0.0,10.922872043009468,0.0,45.0,0.0,2.3582827151243784,0.0,0.0,197.65157231167277
t1284,5.699999999999999,2.1,19.880347282073814,0.0,0.0,0.0,1.48,89.9,3.4200719505410833,0.0,11.17426948858003,0.0,45.0,8.234435913975904,2.401011226693884,0.0,0.0,189.29013586186474
t1285,5.699999999999999,2.1,5.209409494207121,5.929859453506824,0.0,0.0,1.48,89.9,5.018069088817634,16.40914595233948,8.193097199701048,0.0,45.0,8.693963828915662,2.061547391741294,0.0,0.0,195.69509240922906
t1286,5.699999999999999,2.1,0.0,1.8693336611276075,0.0,0.0,0.0,89.9,6.2537965437274545,24.5,11.620279893998998,36.30972680608907,45.0,1.0088152126907628,4.997452864378109,18.32795280698144,0.0,247.58735778899347
t1287,1.4140346953170602,2.1,0.0,12.152078423572124,0.0,0.0,0.0,0.0,3.7840088807584866,24.5,13.726459896297039,78.58880170023393,45.0,4.193265267630521,3.6476409240796044,16.06184820345814,0.0,205.16813799134692
t1288,5.699999999999999,2.1,0.0,32.748869866389725,0.0,0.0,0.0,0.0,2.169540171217565,24.5,3.857692562212258,94.08,5.109991312597691,8.090416657831327,2.6698991792039806,19.112007088799885,0.0,200.13841683825243
t1289,5.699999999999999,0.0,0.0,5.0125565160435395,6.5,0.0,0.04517693221556916,89.48637899392187,10.224,24.5,3.591938206803813,94.08,0.0,15.533529798893294,6.25,51.14676408832324,0.0,312.07034453620133
t1290,5.699999999999999,2.1,13.652055421349457,0.0,6.5,0.0,0.0,89.9,10.224,24.5,1.28707677923733,94.08,0.0,12.219076471244982,4.868197229054727,44.779374982726665,0.0,309.80978088361314
t1291,5.699999999999999,0.0,23.719060649377855,0.0,0.26563965777554044,0.0,0.0,89.9,10.224,24.5,1.3338285911690957,94.08,29.942989125357688,7.348130985220885,6.25,35.999720148709635,0.0,329.2633691576107
t1292,5.699999999999999,0.0,29.699200566734785,0.0,0.0,0.0,0.24309061876247443,89.9,10.224,24.5,1.4167065271549595,94.08,13.025590128470844,10.956562995122306,6.25,23.91059111645163,0.0,309.90574195269704
t1293,5.699999999999999,0.0,8.564757456475323,0.0,0.0,0.0,0.1885463214969949,89.9,10.224,24.5,3.6799422022919788,94.08,0.6668229619994013,20.0,6.25,33.01892184316601,0.0,296.7729907854297
t1294,5.699999999999999,2.1,11.191730025604743,0.0,2.712295810829611,0.0,1.3509559994178577,89.9,10.224,24.5,7.4691220727453915,94.08,13.840687701696085,16.880578897552162,6.25,13.279737809091994,0.0,299.4791083169378
t1295,5.699999999999999,2.1,0.7937346566914382,0.0,2.842511826874684,0.0,1.48,86.6810515076761,10.224,24.5,0.0,94.08,5.758114380711281,16.45738718136546,6.25,12.620591529516137,0.0,269.48739108283513
t1296,5.699999999999999,2.1,1.3010555430815576,0.0,1.1833536181757145,0.0,1.48,79.48206919737125,10.224,0.0,0.0,94.08,20.95520571349873,12.739857801585835,5.543775369045213,0.0,0.0,234.78931724275833
t1297,5.699999999999999,0.0,1.483930333386307,0.0,0.0,0.0,1.48,70.03789848158296,10.224,0.0,0.0,94.08,45.0,13.289392584296971,0.0,0.0,1.5141594363257265,242.80938083559195
t1298,5.699999999999999,0.0,5.846730730605773,0.0,0.0,0.0,1.48,65.51524790705224,10.224,0.0,0.0,94.08,0.0,0.0,0.0,0.0,8.634278958212544,191.48025759587057
t1299,5.699999999999999,0.0,8.292615536961259,0.0,0.0,0.0,1.48,62.50736547052256,10.224,24.5,0.0,94.08,0.0,0.0,0.0,0.0,13.801169825342642,220.58515083282646
t1300,5.699999999999999,0.0,9.817239171519365,0.0,0.0,0.0,1.48,50.718203342438464,10.147448860124317,0.0,7.027989638524844,94.08,0.0,3.4225520127948412,0.007217085427134556,0.0,9.91284962753131,192.31349973836026
t1301,5.699999999999999,0.0,11.052506301608739,0.0,0.0,0.055523145843703894,1.48,37.63503835759558,7.177745259028212,0.0,0.0,94.08,0.0,1.5069674108074658,0.0,0.0,12.588673835531312,171.27645431041503
t1302,0.0,0.0,12.13194395507448,0.0,0.0,0.6489275198407181,1.48,0.0,1.7203355257485038,0.0,0.0,94.08,0.0,0.0,0.0,4.639610410071154,13.970007897951614,128.67082530868646
t1303,5.699999999999999,2.1,7.939408017676267,0.0,0.0,2.6930026816127435,1.48,89.9,6.910833716993988,0.0,1.8736537688789283,0.0,45.0,0.0,0.0,13.675692084355344,14.868,192.14059026951728
t1304,5.699999999999999,2.1,14.903977462204578,0.0,0.0,3.7356559639920377,1.48,89.9,2.9463246989579126,0.0,8.158056705980934,0.0,45.0,0.0,0.0,0.0,6.172410004350451,180.0964248354859
t1305,5.699999999999999,2.1,18.501106161708044,0.0,0.0,4.042595834574416,1.48,73.41379912873504,0.0,0.0,12.255121968349224,0.0,45.0,10.81386167837591,0.0,0.0,1.2003294912348468,174.50681426297746
t1306,5.699999999999999,2.1,14.678167099543215,0.0,0.0,3.6996013099352925,1.48,73.91607022717352,5.602687421566212,0.0,13.039319106964372,0.0,45.0,0.0,0.0,0.0,11.557785799274921,176.7736309644575
t1307,5.699999999999999,2.1,8.353237895968233,0.0,0.0,4.068092538123067,1.48,80.50580238672688,6.446896134708647,0.0,14.450534666703463,0.0,45.0,0.0,0.0,0.0,0.0,168.1045636222303
t1308,5.699999999999999,2.1,13.971738518688506,0.0,0.0,3.4911032511996027,1.48,89.9,8.34915805771543,0.0,15.556692167476166,21.35308845089914,45.0,9.642338748915662,0.0,0.0,0.0,216.5441191948945
t1309,5.699999999999999,2.1,9.510549035988097,0.0,0.0,1.686179010283723,1.48,89.9,9.403500646893791,0.0,17.1731546093427,12.963062676063027,45.0,0.0,0.0,0.0,3.3027408450050153,198.21918682357636
t1310,5.699999999999999,2.1,0.0,0.0,0.0,0.0,0.0,89.9,4.6731170220440905,0.0,15.991947323743105,0.0,45.0,19.48354090611715,5.943676744975126,6.7617260815318065,0.0,195.5540080784113
t1311,5.699999999999999,2.1,0.0,7.168048806528189,0.0,0.0,0.0,26.002328003354737,3.190995600529509,24.5,13.2419591104867,40.68545786624662,45.0,7.255662242730924,4.834600128059702,22.770977041041697,0.0,202.45002879897808
t1312,0.0,2.1,0.0,14.59389530472799,0.0,0.0,0.0,0.0,4.138128357005991,24.5,1.473110406421885,94.08,13.789050004802508,10.596534005381525,4.369552366865673,25.75050694970312,0.0,195.3907773949087
t1313,5.699999999999999,0.0,0.0,0.5577683714738111,0.0,0.0,0.0,51.969645636265845,10.224,24.5,0.14099123920278908,94.08,0.0,20.0,3.5540489703482594,54.72940495906158,0.0,265.4558591763523
t1314,5.699999999999999,2.1,12.505246695871092,0.0,1.847002216304032,0.0,1.0458250740267108,89.9,10.224,24.5,0.0,94.08,10.00312122289475,16.808108143858117,6.25,19.00253414870964,0.0,293.96583750166434
t1315,5.699999999999999,0.0,20.692451313474326,0.0,0.0,0.0,0.33799920159680524,89.9,9.138335905788422,24.5,1.5135451585849522,94.08,7.893296424462261,11.338588003054948,6.25,14.881913697096797,0.0,286.2261297040585
t1316,5.699999999999999,2.1,26.241427898126876,0.0,0.0,0.0,0.2982047363872363,89.9,10.108482468662675,18.679288113815673,1.2625793038735715,94.08,0.0,6.734996601215938,6.25,4.397107245483872,0.0,265.7520863675658
t1317,5.699999999999999,2.1,23.71690247158107,0.0,1.6006806410332872,0.0,1.129049206482913,89.9,10.224,6.449232323232328,0.0,94.08,4.121566771712139,17.772924067811353,6.25,0.0,0.0,263.0443554818531
t1318,5.699999999999999,2.1,0.0,0.0,2.19701177654756,0.0,1.48,89.9,10.224,24.5,0.0,94.08,16.470368203176157,3.5135454131726886,6.25,0.0,0.0,256.4149253928964
t1319,5.699999999999999,2.1,0.0,0.0,0.0,0.0,1.48,79.14342176925416,10.224,0.0,0.0,94.08,32.10115522913153,15.32056740064257,3.184720092663303,0.0,0.0,243.33386449169157
t1320,5.699999999999999,2.1,5.591597335629404,0.0,0.0,0.0,1.48,73.50396536905122,10.224,7.0090345308533095,2.7745802213306607,94.08,39.60243274044523,9.179633572962144,0.0,0.0,4.079247283138041,255.32449105341001
t1321,5.699999999999999,2.1,1.2321975370392664,0.0,0.0,0.0,1.48,68.90294564180617,10.224,24.5,0.0,94.08,45.0,7.784808224376177,0.0,0.0,12.549107544230417,273.55305894745203
t1322,5.699999999999999,0.0,1.1011478110427115,0.0,0.0,0.0,1.48,64.46528774348046,10.224,0.0,0.0,94.08,44.061135026823,0.0,0.0,0.0,14.868,235.97957058134617
t1323,5.699999999999999,0.0,3.9488479103475718,0.0,0.0,0.16874574415132018,1.48,62.181966013597155,10.224,0.0,8.07758146487294,94.08,23.497808242669873,0.0,0.0,4.169815091746082,14.868,228.3967644673849
t1324,5.699999999999999,0.0,6.15468902256208,0.0,0.0,0.38102030861124997,1.48,60.903832155048164,10.224,24.5,0.0,94.08,13.566643060868216,2.272206892530122,0.0,8.304735726666694,14.868,242.43512716628655
t1325,5.699999999999999,0.0,7.488136887507454,0.0,0.0,0.4651606769537092,1.48,61.16122710339928,10.224,0.0,0.0,94.08,0.0,1.5018452665060253,0.0,12.213433732857174,14.868,209.18180366722362
t1326,5.699999999999999,0.0,12.632009496285995,0.0,0.0,0.9031960716674968,1.48,19.251313030707795,4.372359400614293,0.0,0.0,94.08,0.0,0.0,0.0,17.38340907787802,14.6424464436858,170.4447335208394
t1327,5.699999999999999,2.1,10.7406275397237,0.0,0.0,2.8818467831558,1.48,89.9,7.596585653507015,19.56403878957133,2.9010719337817696,0.0,45.0,0.0,0.0,38.85204447470059,14.433272623867065,241.14948779830726
t1328,5.699999999999999,2.1,3.3527943707249395,0.0,0.0,3.9276153467695383,1.48,89.9,3.6638238202805646,0.0,7.628424444987456,0.0,45.0,0.0,0.0,23.95395011380957,14.868,201.5746080965721
t1329,5.699999999999999,2.1,8.512208771042053,0.0,0.0,5.078108466445613,1.48,89.9,2.56914033302605,0.0,10.06412716579969,0.0,45.0,0.0,0.0,19.886616044127035,14.868,205.15820078044044
t1330,5.699999999999999,2.1,4.4600959903475745,0.0,0.0,5.314391255181684,1.48,89.9,2.3187141156312614,0.0,12.085468571791267,11.489874946676922,45.0,0.0,0.0,28.320674234317295,0.7399340116307478,208.90915312557675
t1331,5.699999999999999,2.1,0.0,0.0,0.0,4.700507930144351,1.48,89.9,2.275216699799601,0.0,14.35561505684897,18.01728151952135,45.0,0.0,0.0,3.466678712470942,14.363965664330308,201.35926558311553
t1332,5.699999999999999,2.1,0.0,0.0,0.0,3.141901459263317,1.48,89.9,2.3024059358717417,0.0,15.76942539302559,11.013613655264226,45.0,0.0,0.0,24.311562177301646,14.868,215.58690862072655
t1333,5.699999999999999,2.1,3.48314425942404,0.0,0.0,2.36617224074664,1.48,89.9,2.191760709418835,0.0,17.451057938863972,0.0,45.0,0.0,0.0,5.194163556618385,14.26966784998993,189.1359665550618
t1334,5.699999999999999,2.1,0.0,0.0,0.0,1.5869155956495788,1.48,89.9,3.7650209450901833,0.0,15.126545626944306,0.0,45.0,0.0,0.0,0.0,7.955083765124145,172.61356593280823
t1335,5.699999999999999,2.1,21.190296855895312,2.6887977541311963,0.0,0.0,1.48,51.59259316726933,0.05478120876162407,24.5,0.19677729185849685,0.0,45.0,3.972242247469878,2.412324506169154,0.0,0.0,160.88781303155497
t1336,5.699999999999999,2.1,0.0,34.056405583818005,0.0,0.0,0.7315629944529649,7.90954957582995,6.314260013109013,24.5,0.0,94.08,0.0,10.606152732963738,3.1492903757167396,0.0,0.0,189.1472212758904
t1337,5.699999999999999,0.0,0.0,8.977779681622149,6.5,0.0,0.7593138583632734,69.97721105202433,10.224,24.5,0.0,94.08,45.0,12.160860413011866,6.25,34.15559004576608,0.0,318.2847550507877
t1338,5.699999999999999,2.1,9.827063840443088,0.0,2.001068038072525,0.0,1.429171649189329,89.9,10.224,24.5,1.5783077641654177,94.08,33.33951015820097,6.652272009375603,6.25,36.45096370387095,0.0,324.03235716331795
t1339,5.699999999999999,0.0,18.872634596455185,0.0,0.0,0.0,0.5553996007984034,89.9,8.838096269860278,24.5,1.8223347915097134,94.08,4.609347239871719,10.86852660048834,6.25,31.100107245483894,0.0,297.09644634446755
t1340,5.699999999999999,2.0866824879307195,12.475686247497276,0.0,0.0,0.0,0.7876910179640706,89.9,9.480191926546906,24.5,3.98437767812656,94.08,0.0,10.317722342794895,6.25,16.175687255161286,0.0,275.7380389560217
t1341,5.699999999999999,2.1,10.907324868358508,0.0,0.0,0.0,1.48,89.9,10.149448271457086,24.5,7.010156452416545,94.08,16.71909200884744,20.0,4.668955508007165,19.978883612700148,0.0,307.1938607217869
t1342,5.699999999999999,2.1,16.81180075959717,0.0,2.1664424760946126,0.0,1.48,89.9,10.224,0.0,0.0,94.08,17.505604003473945,20.0,6.25,20.435423912482207,0.21333209389728086,286.8666032455452
t1343,5.699999999999999,2.1,10.30450770823766,0.0,1.4134683442375424,0.0,1.48,85.76678921439154,10.224,24.5,0.0,94.08,37.39245305672456,18.05263953140562,6.25,3.87157435193545,0.0,301.13543220693236
t1344,5.699999999999999,2.1,4.548125029486395,0.0,0.0,0.0,1.48,76.62179684302384,10.224,0.0,0.0,94.08,37.15228240764268,19.309525375582325,0.650679099698472,0.0,0.0,251.8664087554337
t1345,5.699999999999999,0.0,7.040915437656406,0.0,6.5,4.628899352911899,1.48,75.99849953404366,10.224,24.5,0.0,94.08,0.0,6.66210568268365,0.0,8.758957948888934,14.868,260.44137795618457
t1346,5.699999999999999,0.0,13.407190829833427,0.0,6.5,4.937179591836736,1.48,72.03192898264841,10.224,24.5,7.28238111318615,94.08,0.0,10.233603492208836,0.0,14.504608742539734,14.868,279.74889275225325
t1347,5.699999999999999,0.0,13.963952478820188,0.0,6.5,5.095141463414635,1.48,71.14781790928461,10.224,24.5,0.0,94.08,0.0,8.805645809156626,0.0,9.549926202857181,14.868,265.9144838635333
t1348,5.699999999999999,0.0,12.654507565231938,0.0,6.5,5.251697560975612,1.48,71.93344319350585,10.224,24.5,0.0,94.08,0.0,8.323789428594374,0.0,8.94370398063495,14.868,264.45914172894277
t1349,5.699999999999999,0.0,17.66639713687828,0.0,6.5,5.188193130910903,1.48,75.03769242699137,10.224,24.5,0.0,94.08,0.0,8.732810076144576,0.0,9.261880287777824,14.868,273.2389730587029
t1350,5.699999999999999,0.0,11.441920402899704,0.0,6.5,5.55941890859134,1.48,82.58429100842211,10.224,24.5,12.104605347335687,94.08,0.0,7.731831762783777,0.0,0.7270814153968297,14.868,277.5011488454294
t1351,5.699999999999999,2.1,11.892812488203662,0.0,0.0,3.171886902618219,1.48,0.0,3.9852590323752497,24.5,0.0,94.08,45.0,3.548497049959837,0.0,20.67302937746035,14.868,230.9994848506173
t1352,5.699999999999999,2.1,5.2068302279550105,14.147144004615294,0.0,0.0,1.48,89.9,5.37394289174349,24.5,0.0,57.9036123179757,45.0,7.784357894457826,5.521929496379917,0.0,0.0,264.6178168331273
t1353,5.699999999999999,2.1,0.0,32.07245071062314,0.0,0.0,1.48,89.9,4.732389371262525,24.5,1.7268870846663322,18.14589338804859,45.0,6.634841073654618,5.035005103184081,0.0,0.0,237.0274667314393
t1354,5.699999999999999,2.1,5.5490493980149385,47.13165384105747,0.0,0.0,1.48,89.9,2.090992438356714,3.9371477256056373,7.404379417478823,0.0,45.0,0.0,4.804506595721395,0.0,0.0,215.09772941623498
t1355,5.699999999999999,2.1,12.761995783520542,7.76276509506048,0.0,0.0,1.48,89.9,0.7039800723847668,0.0,8.15065617672855,2.0387104789814603,45.0,0.0,5.786031968855723,0.0,0.0,181.38413957553155
t1356,5.699999999999999,2.1,0.0,33.92581021907239,0.0,0.0,1.48,83.12329410099836,0.3370169606886644,0.0,8.18530296452584,0.0,34.018149927828844,0.0,5.283100625572141,0.0,0.0,174.1526747986862
t1357,5.699999999999999,2.1,0.0,43.37732968399606,0.0,0.0,1.48,85.99617590530761,0.0,0.0,8.541658581475163,0.0,16.955393024606693,0.0,4.727926496218908,0.0,0.0,168.87848369160446
t1358,5.699999999999999,2.1,0.0,41.132089211275954,0.0,0.0,1.48,89.9,1.9879982800000002,0.0,9.28267912574009,6.616169393395067,32.82644641401356,0.0,4.113379232537314,0.0,0.0,195.13876165696198
t1359,5.699999999999999,2.1,0.0,19.831603685895132,0.0,0.0,1.48,89.9,3.860575042525048,4.078883489114152,9.265434011150976,0.0,45.0,10.847662871084333,3.56651654597015,0.0,0.0,195.6306756457398
t1360,5.699999999999999,2.1,4.10878399827242,6.607051087383982,0.0,0.0,1.48,77.91939162931017,4.403372134024623,24.5,4.023247947134971,14.012693206327123,45.0,1.0069991991164688,2.1740100783084593,0.0,0.0,193.03554927987824
t1361,0.0,2.1,0.0,39.07171636799209,0.0,0.0,1.1066827921143416,0.0,4.7696298410379265,24.5,0.0,94.08,1.9640940692494595,11.755170986485714,1.3688207173667408,0.0,0.0,180.71611477424625
t1362,5.699999999999999,0.0,3.3073706887936742,14.276288087307115,6.5,0.0,1.48,89.9,10.224,24.5,0.0,94.08,45.0,20.0,2.755156433034827,0.0,0.0,317.7228152091356
t1363,5.699999999999999,0.0,0.31536691811275547,11.330002112616224,1.933306951217098,0.0,1.48,89.9,10.224,24.5,0.0,94.08,17.77268038406951,20.0,0.047211600485411,0.0,0.0,277.282567966501
t1364,5.699999999999999,0.0,0.0,0.0,2.816637161251869,0.0,1.48,89.9,10.224,24.5,0.0,94.08,0.0,20.0,0.0,0.0,0.0,248.70063716125185
t1365,5.699999999999999,0.0,0.0,0.0,4.308407230203675,0.0,1.48,89.9,10.224,24.5,7.7581833582461375,94.08,0.0,11.454364323855422,2.7411157927342926,0.0,0.0,252.14607070503953
t1366,5.699999999999999,0.0,0.0,0.0,3.883679305315456,1.616562369987224,1.48,89.9,10.224,24.5,0.0,94.08,0.0,10.543551039022143,0.0,0.0,3.7455397739622818,245.67333248828712
t1367,5.699999999999999,0.0,2.53668306427012,0.0,6.5,3.991050671976109,1.48,87.65493095038052,10.224,24.5,0.0,94.08,17.283013901406385,14.953700401927708,0.0,0.8185769965079479,14.868,284.5899559864688
t1368,5.699999999999999,0.0,7.129572835868912,0.0,6.5,4.435622896963664,1.48,81.65172398660577,10.224,24.5,5.073935104154531,94.08,0.0,15.095006200321288,0.0,12.096894456825451,14.868,282.8347554807396
t1369,5.699999999999999,0.0,9.860059429712013,0.0,6.5,4.725277750124441,1.48,79.01225413658042,10.224,24.5,0.0,94.08,10.171446880833843,12.99149747421687,0.0,13.426564041547763,14.868,287.53909971301533
t1370,5.699999999999999,0.0,16.766436844501083,0.0,6.5,4.9815452463912395,1.48,74.43310852521564,10.224,24.5,0.0,94.08,0.0,10.722274285943776,0.0,26.821200171746057,14.868,291.0765650737978
t1371,5.699999999999999,0.0,13.830567870625618,0.0,2.0306652250658304,2.09734033081335,1.48,62.00669134148488,10.224,24.5,0.0,94.08,0.0,9.18046055630522,0.0,21.990306748730184,14.868,261.98803207302507
t1372,5.699999999999999,0.6544870178441347,13.783767049405123,0.0,0.0,0.8245657541065213,1.48,56.87810836002028,10.224,24.5,0.0,94.08,0.0,8.416454002570282,0.0,20.422549378095272,14.868,251.8319315620416
t1373,5.699999999999999,0.0,14.286005805084406,0.0,6.5,5.29859611747138,1.48,74.50141066707253,10.224,24.5,0.0,94.08,0.0,8.669298806746987,0.0,15.909640488571446,14.868,276.01695188494676
t1374,5.699999999999999,0.0,13.225189519086396,0.0,6.5,5.692898450652067,1.48,81.14347605438866,10.224,24.5,0.0,94.08,0.0,8.339078119277106,0.0,12.669954837777786,14.868,278.422596981182
t1375,5.699999999999999,2.1,9.67785296266136,0.0,0.0,3.2705643540866114,1.48,32.22658192536103,0.08752194580924277,24.5,0.0,94.08,45.0,2.828673102248995,0.0,39.83414725666672,14.868,275.653341546834
t1376,5.699999999999999,2.1,19.134894023952345,0.0,0.0,0.0,1.48,89.9,5.450996487878975,24.5,4.715587601976918,82.88719348717353,45.0,19.201817618315655,6.123382217611941,0.0,0.0,306.1938714369094
t1377,5.699999999999999,2.1,26.262154673485618,0.0,0.0,0.0,1.48,89.9,1.4520051207615243,24.5,2.9651202453788237,22.302172621831094,45.0,2.8513592634538174,5.483004108159206,0.0,0.0,229.99581603307007
t1378,5.699999999999999,2.1,34.40098338767781,4.0912169390558875,0.0,0.0,1.48,89.9,4.074472835013598,6.459057145631412,7.512388178754356,0.0,45.0,0.0,5.399125501194032,0.0,0.0,206.1172439873271
t1379,5.699999999999999,2.1,26.435655566832185,0.0,0.0,0.0,1.48,89.9,0.0,0.0,9.598814997932765,23.092884086847466,45.0,6.114028856546179,6.126612068358211,0.0,0.0,215.54799557651683
t1380,5.699999999999999,2.1,30.754837323483493,17.14581179533326,0.0,0.0,1.48,89.9,6.084363846092186,0.0,9.902426268379328,42.12194241537442,45.0,0.0,5.873100625572141,0.0,0.0,256.0624822742348
t1381,5.699999999999999,2.1,28.795694738511678,12.931797613218349,0.0,0.0,1.48,89.9,6.663517123847697,0.0,10.623266810346212,37.26017029611825,45.0,6.342576930200804,5.060119831332594,0.0,0.0,251.8571433435756
t1382,5.699999999999999,2.1,0.0,28.289347098531472,0.0,0.0,1.48,89.9,1.301871168176355,0.0,11.912282897892624,19.371933077125103,45.0,0.0,3.49849167034826,0.0,0.0,208.55392591207382
t1383,5.699999999999999,2.1,0.0,40.70053245353117,0.0,0.0,0.45611621904191574,89.9,2.686714052785574,13.804397463401855,8.908412828390626,0.0,45.0,0.0,6.25,0.0,0.0,215.50617301715113
t1384,5.699999999999999,2.1,14.020204499425763,1.2863149273959236,0.0,0.0,1.48,89.9,5.066547799398801,24.5,7.152650104686402,25.87752354011384,45.0,1.7310525275502007,2.728597142985077,0.0,0.0,226.542890541556
t1385,0.0,2.1,17.123857425452343,13.501256928639881,0.0,0.0,1.48,0.0,4.631450770379241,24.5,0.0,94.08,7.440044709509705,11.084609671004015,0.9429166320398028,0.0,0.0,176.88413613702497
t1386,5.699999999999999,0.0,1.4681586087785754,0.0,5.8661042366120215,0.0,1.48,89.9,10.224,24.5,0.0,94.08,0.0,10.862548143373493,3.4303955903819685,0.0,0.0,247.51120657914606
t1387,5.699999999999999,0.0,0.0,0.0,0.0,0.0,0.9194650698602798,89.9,10.182962842315366,24.5,0.0,94.08,0.0,20.0,0.0,0.0,0.0,245.28242791217565
t1388,5.699999999999999,0.0,0.0,0.0,1.481681423149543,0.0,1.48,89.9,10.224,24.5,0.0,94.08,16.38998135761782,20.0,0.0,0.0,0.0,263.75566278076735
t1389,5.699999999999999,0.0,0.0,0.0,3.2540711582712443,0.0,1.48,89.9,10.224,24.5,5.752284005979072,94.08,0.0,12.431282948594376,0.8826868700669586,0.0,0.0,248.2043249829117
t1390,5.699999999999999,0.0,0.44373172365441915,0.0,4.525237836354504,2.1215118898620666,1.48,89.9,10.224,24.5,0.0,94.08,13.465803160563626,18.790088875120485,0.0,0.0,9.259509982502516,274.4898834680576
t1391,5.699999999999999,0.0,22.64018256774579,0.0,6.5,4.000988750622201,1.48,89.07458503257227,10.224,24.5,0.0,94.08,0.0,15.218077774136544,0.0,9.695592463015904,14.868,297.98142658809263
t1392,5.699999999999999,0.0,10.384273928222447,0.0,6.5,4.441481632653063,1.48,82.74847930350076,10.224,24.5,5.212928549988628,94.08,0.0,3.800858631404492,0.0,19.68046547888889,14.868,283.62048752465824
t1393,5.699999999999999,0.0,29.570405010645487,0.0,6.5,4.739815729218519,1.48,78.85842375281584,10.224,24.5,0.0,94.08,0.0,12.63037861879518,0.0,26.191338901269866,14.868,309.3423620127449
t1394,5.699999999999999,0.0,14.21161255781529,0.0,6.5,5.0037294176207086,1.48,74.54938513607306,10.224,24.5,0.0,94.08,0.0,10.186278175100401,0.0,30.01848175841274,14.868,291.32148704502214
t1395,5.699999999999999,0.0,14.956406996742801,0.0,0.10522560386573865,0.8581086906586143,1.48,58.20170825149553,10.224,24.5,0.0,94.08,0.0,8.699481765140563,0.0,25.838676362222273,14.868,259.51160767012556
t1396,5.699999999999999,2.1,12.792399052353531,0.0,0.0,0.9399413638626192,1.48,51.783852557311825,9.501614757303432,24.5,13.191090184354756,94.08,0.0,7.947376621847389,0.0,24.80085096539684,14.868,263.68512550243037
t1397,5.699999999999999,0.0,14.31888564619663,0.0,1.9783268900097228,2.3151891018893402,1.48,63.73149638492358,10.224,24.5,0.0,94.08,0.0,7.863127572851404,0.0,19.92459286952387,14.868,260.98361846539456
t1398,5.699999999999999,0.0,13.52276250816286,0.0,6.5,5.723169630343454,1.48,79.80639970613902,10.224,24.5,11.372300555924266,94.08,4.339623176187801,7.506477095983936,0.0,18.996696869523834,14.868,298.6194295422651
t1399,5.699999999999999,2.1,11.478678904667328,0.0,0.0,3.3900193067994033,1.48,30.950229620532276,0.0,24.5,0.0,94.08,45.0,0.7776691980722886,0.0,31.92891308182723,14.868,266.25351011189855
t1400,5.699999999999999,2.1,39.199783364806365,0.0,0.0,0.0,1.48,89.9,3.5515754551903824,24.5,5.559267168871048,86.9667402818349,45.0,14.22831307461847,6.25,0.0,0.0,324.4356793453212
t1401,5.699999999999999,2.1,28.085305454260187,0.0,0.0,0.0,1.48,89.9,1.4936271920240496,24.5,4.145469446251881,35.57868567343118,45.0,0.0,3.644513796884423,0.0,0.0,241.6276015628517
t1402,5.699999999999999,2.1,28.916449680993058,0.0,0.0,0.0,1.48,89.9,0.4802304183166316,24.124699999198942,3.072924680348787,0.0,45.0,0.0,5.172503610646767,0.0,0.0,205.9468083895042
t1403,5.699999999999999,2.1,27.000010173545178,0.0,0.0,0.0,1.48,89.9,0.3480097282565133,0.0,11.73684769921726,0.27345995480114776,45.0,0.0,4.678076744975127,0.0,0.0,188.21640430079523
t1404,5.699999999999999,2.1,24.135446121906657,0.0,0.0,0.0,1.48,89.9,0.8733319919839685,0.0,12.385452468861017,5.175818756706822,45.0,2.383565195994036,5.03667006122125,0.0,0.0,194.17028459667378
t1405,5.699999999999999,2.1,25.386199037390483,13.423884927163828,0.0,0.0,1.48,89.9,1.989244578757517,10.992548191826804,10.608316695426003,0.0,45.0,6.543465655341364,4.660868784776122,0.0,0.0,217.7845278706821
t1406,5.699999999999999,2.1,0.0,50.24024808913946,0.0,0.0,1.48,89.9,6.613099767209462,24.5,8.383321905509282,18.796457305397002,45.0,0.0,2.734984207661691,0.0,0.0,255.44811127491693
t1407,5.699999999999999,2.1,0.0,38.29386817546983,0.0,0.0,0.674598620561122,89.9,4.73840194492986,24.5,0.0,18.647480856437294,45.0,0.0,5.202873218103872,0.0,0.0,234.75722281550193
t1408,5.699999999999999,2.1,12.768584223753717,0.0,0.0,1.597324953539075,1.48,57.122391538283594,2.4423370886585145,24.5,6.230939822092065,74.17321489262946,45.0,0.0,0.0,0.0,4.243760363665654,237.3585528826221
t1409,5.699999999999999,2.1,13.313105501101358,19.87198117041969,0.15976952213386938,0.0,1.48,55.802227287916644,10.224,24.5,1.7479074716890879,94.08,0.0,12.171855287228912,0.0,0.0,0.0,241.15084624048953
t1410,5.699999999999999,0.0,0.0,9.057776758813066,0.0,0.0,0.0,89.9,9.896242357125749,24.5,3.5304745101843524,94.08,18.126860676622595,20.0,1.948228074825872,2.3127306510263845,0.0,279.05231302859795
t1411,5.699999999999999,1.7301607206752754,0.0,0.0,0.0,0.0,0.0,89.9,8.41170649740519,24.5,2.988124564025909,94.08,0.0,16.657517354040348,1.7276925373134333,6.459645279472781,0.0,252.15484695293293
t1412,5.699999999999999,2.1,0.0,0.0,0.0,0.0,0.8032674250465814,89.9,9.463220801596806,24.5,5.239620328849031,94.08,0.0,19.559696526995005,0.0,0.0,0.0,251.34580508248743
t1413,5.699999999999999,0.0,0.0,0.0,1.2039040258321005,0.0,1.48,89.9,10.224,24.5,8.584204285002492,94.08,13.347688692878359,5.684639334618474,0.0,0.0,0.0,254.70443633833142
t1414,5.699999999999999,0.0,0.0,0.0,5.711977306706421,2.6634308908309126,1.48,89.9,10.224,24.5,9.036695099279468,94.08,25.885861852326116,10.163625313349117,0.0,0.0,1.2446980247467683,280.5902884872388
t1415,5.699999999999999,0.0,4.826857840834164,0.0,6.5,3.8295147834743655,1.48,89.9,10.224,24.5,11.512242539948252,94.08,39.94106331045397,0.0,0.0,0.38905318698413,14.868,307.7507316616949
t1416,5.699999999999999,0.0,9.316812160595832,0.0,6.5,4.2568763563962175,1.48,85.53211357686453,10.224,24.5,6.402847392097415,94.08,40.253675321974605,15.477053619759035,0.0,12.326894456825428,14.868,330.91827288451304
t1417,5.699999999999999,0.0,11.325429836861968,0.0,6.5,4.64840368342459,1.48,82.10516624454591,10.224,24.5,0.0,94.08,5.99528474363088,13.128375201445781,0.0,22.07216429809526,14.868,296.62682400800435
t1418,5.699999999999999,0.0,12.824973034478651,0.0,6.5,4.9123164758586375,1.48,76.7341555023846,10.224,24.5,0.0,94.08,0.0,10.494742523052212,0.0,21.340243663174633,14.868,283.65843119894873
t1419,5.699999999999999,2.1,12.141030631300895,0.0,0.0,0.6403332005973129,1.48,50.92072075868066,9.161940279176788,24.5,0.0,94.08,0.0,8.474563712931726,0.0,26.31010080603177,14.868,250.37668938871911
t1420,5.699999999999999,2.1,12.508242150665339,0.0,0.0,0.808241214534595,1.48,29.105835659052172,6.367122967085955,24.5,0.0,94.08,0.0,7.587273756144577,0.0,26.261926202857182,14.868,225.3666419503398
t1421,5.699999999999999,2.1,12.375888625342597,0.0,0.0,0.8224978596316584,1.48,40.185424387325845,7.629168738620635,24.5,6.843273992915203,94.08,0.0,7.5260036520481925,0.0,21.672533505079404,14.868,239.7827907609635
t1422,5.699999999999999,1.7204563375852935,11.945044998780151,0.0,0.0,1.2751913326829285,1.48,67.00450170674783,10.224,24.5,0.0,94.08,0.0,7.625050005301204,0.0,19.51954262174603,14.868,259.94178700284345
t1423,5.699999999999999,2.1,11.832084380337635,0.0,0.0,3.399394717451469,1.48,32.53291383564318,0.0,24.5,0.0,94.08,45.0,0.0,0.0,13.373549832928022,13.571140789566972,247.56908355592728
t1424,5.699999999999999,2.1,23.486169651757702,0.0,0.0,0.0,1.48,89.9,3.2572623533066136,24.5,4.827852006437464,94.08,45.0,13.778215508353412,5.082969282288558,0.0,0.0,313.19246880214376
t1425,5.699999999999999,2.1,37.990576823969135,0.0,0.0,0.0,1.48,89.9,1.8207266814028058,24.5,0.0,40.8906547508502,45.0,0.0,6.25,0.0,0.0,255.63195825622216
t1426,5.699999999999999,2.1,26.24749296202583,0.0,0.0,0.0,1.48,89.9,1.809383582244491,24.5,4.134689247104864,14.004194044302169,45.0,0.0,4.9196926653731365,0.0,0.0,219.7954525010505
t1427,5.699999999999999,2.1,40.04342160750744,0.0,0.0,0.0,1.48,89.9,2.377686032865735,24.5,4.603167656206723,0.4004972503532241,45.0,0.0,4.2205635935595565,0.0,0.0,220.32533614049268
t1428,5.699999999999999,2.1,18.479598370168812,0.0,0.0,0.0,1.48,89.9,3.4911376977955904,21.93728959694996,6.608238559023421,0.0,45.0,0.0,4.433622018606966,0.0,0.0,199.12988624254476
t1429,5.699999999999999,2.1,29.877405718728895,0.0,0.0,0.0,1.48,89.9,4.784455190380764,24.5,7.835088378735574,18.317588089766836,45.0,0.0,3.8815264962189064,0.0,0.0,233.37606387383096
t1430,5.699999999999999,2.1,22.788058789235365,0.0,0.0,0.0,1.48,89.9,6.1663500280561125,24.5,10.384373542067236,58.66818774782349,45.0,0.0,1.8742827151243808,0.0,0.0,268.5612528223066
t1431,5.699999999999999,2.1,0.0,21.24871412395647,0.0,0.0,1.48,15.249462371067347,2.8212822427451556,24.5,8.414800239372196,94.08,45.0,1.358287851164657,2.378069779800996,0.0,0.0,224.33061660810682
t1432,5.699999999999999,2.1,30.217198835963945,19.6833369162735,0.0,0.0,1.48,9.573846503650099,4.400968313193911,24.5,4.503810793532636,94.08,45.0,5.168654336144579,1.0972677897512433,0.0,0.0,247.5050834885099
t1433,5.699999999999999,0.0,0.0,35.41315884866471,6.5,0.0,1.48,86.66622701186199,10.224,24.5,0.5678427338284017,94.08,7.787777578007495,14.1012818351004,5.197007179303485,0.0,0.0,292.2172951867665
t1434,5.699999999999999,2.1,0.7139526055589096,0.0,4.114891615742326,0.0,1.48,89.9,10.224,24.5,0.9095686404683562,94.08,0.0,5.427295895341363,6.25,19.27195636758064,0.0,264.67166512469163
t1435,5.699999999999999,2.1,2.3737826327089655,0.0,6.5,0.0,1.48,89.9,10.224,24.5,1.5805142002989594,94.08,0.0,19.56099397751004,6.25,8.1476195933871,0.0,272.3969104039051
t1436,5.699999999999999,0.0,0.0,0.0,0.0,0.0,1.48,89.9,10.224,24.5,4.519579471848534,94.08,0.0,9.055622522891566,4.1925125078187335,0.0,0.0,243.65171450255883
t1437,5.699999999999999,0.0,0.0,0.0,1.0466956215400078,0.0,1.48,89.9,10.224,24.5,7.497966118584955,94.08,0.0,6.382262900080323,0.0,0.0,0.0,240.81092464020526
t1438,5.699999999999999,0.0,0.0,0.0,1.7151507800704577,0.0,1.48,89.9,10.224,24.5,10.849225710014949,94.08,22.61691837945389,5.162804236787148,0.0,0.0,0.0,266.2280991063264
t1439,5.699999999999999,0.0,2.729151783237346,0.0,6.291945525285647,3.7177690710526945,1.48,89.9,10.224,24.5,13.156288988540108,94.08,37.13518169049319,11.90021198516536,0.0,0.0,9.114296833088398,309.92884587686274
t1440,5.699999999999999,0.5467635966730432,7.802381427225745,0.0,6.5,4.292563663514187,1.48,89.9,10.224,24.5,11.818942722292912,94.08,45.0,8.468479534297186,0.0,5.369450012380985,14.868,330.55058095638407
t1441,5.699999999999999,0.0,10.232456649175766,0.0,6.5,4.729357093081136,1.48,87.8958323819381,10.224,24.5,0.0,94.08,16.872653421616977,12.740198696064256,0.0,16.11170810825398,14.868,305.93420635013024
t1442,5.699999999999999,0.0,12.555511266852033,0.0,6.5,5.006402090592337,1.48,81.67288261024862,10.224,24.5,0.0,94.08,0.0,10.13279511325301,0.0,21.299089060634962,14.868,288.01868014158094
t1443,5.699999999999999,0.0,13.912746619384311,0.0,3.5526327040690284,3.173379593631216,1.48,70.87215607211635,10.224,24.5,0.0,94.08,0.0,8.218491402570281,0.0,17.048243663174635,14.868,267.62965005494584
t1444,5.699999999999999,2.1,12.150540065263154,0.0,0.0,0.8946815331010463,1.48,49.921890289947854,8.62553056292155,24.5,0.0,94.08,0.0,7.057063199196784,0.0,18.099688107619073,14.868,239.47739375804946
t1445,5.699999999999999,2.1,12.125890611439916,0.0,0.0,0.9538243902439033,1.48,54.6217728074789,9.190439495212395,24.5,0.0,94.08,0.0,6.801614231967871,0.0,13.34616429809527,14.868,239.76770583443823
t1446,5.699999999999999,0.0,13.225912458510424,0.0,5.787593426815175,5.3091875287137045,1.48,81.08292534574363,10.224,24.5,0.0,94.08,0.0,7.268684452369477,0.0,9.549019853650814,14.868,273.0753230658032
t1447,5.699999999999999,2.1,0.26104363523269,0.0,0.0,3.484498251548035,1.48,31.705595482513566,0.0,24.5,0.0,94.08,45.0,0.0,0.0,27.195226435608426,14.868,250.37436380490269
t1448,5.699999999999999,2.1,19.02307306268124,0.0,0.0,5.562857556824292,1.48,62.77913626517495,0.0,24.5,5.699649650901831,94.08,45.0,0.0,0.0,10.244050837777818,14.868,291.03676737336014
t1449,5.699999999999999,2.1,40.67068002935453,0.0,0.0,5.546169392279362,1.48,72.30660102614098,0.0,24.5,4.981618823943801,58.15263422025773,45.0,0.0,0.0,4.522645986825439,14.868,279.8283494788019
t1450,5.699999999999999,2.1,22.658664723773587,0.0,0.0,4.423555217351918,1.48,73.47860637496305,0.0,24.5,5.240229392413448,25.837334568884604,45.0,0.0,0.0,18.176282676457458,14.868,243.46267295384408
t1451,5.699999999999999,2.1,15.955667702919555,0.0,0.0,3.7924701999303143,1.48,70.25125463794973,0.0,24.5,6.268138460572001,3.362266691430914,45.0,0.0,0.0,0.0,14.868,193.2777976928025
t1452,5.699999999999999,2.1,26.803868904508445,0.0,0.0,3.0348870242210064,1.48,62.16357578255298,0.0,22.32026971605341,8.322414144643746,0.0,45.0,0.0,0.0,0.0,0.0,176.9250155719796
t1453,5.699999999999999,2.1,18.327113146812316,0.0,0.0,3.4930304786759594,1.48,50.129385026909816,0.0,24.5,9.914623081023585,15.242577467636211,45.0,0.0,0.0,0.0,10.054632529925827,185.94136173098372
t1454,5.699999999999999,2.1,0.0,0.0,0.0,1.5068724896266814,1.48,38.29978620975852,0.0,24.5,11.73722660742599,40.785317469411154,45.0,0.0,0.0,0.0,2.251729555630646,173.36093233185298
t1455,0.0,2.1,16.39237039419416,21.690615791050632,0.0,0.0,1.48,0.0,3.684230654690619,24.5,11.923496119571492,94.08,45.0,3.5419079197590366,1.8949125658706478,0.0,0.0,226.28753344513657
t1456,5.699999999999999,2.1,10.682171864000136,29.19958593291372,0.0,0.0,1.48,63.09314105225772,10.224,24.5,3.2684145502740427,94.08,23.520061420218283,6.51136007293173,1.0072807250746263,0.0,0.0,275.3660156176702
t1457,5.699999999999999,0.0,2.0312694261229542,11.676024264088753,6.5,0.0,1.48,89.9,10.224,24.5,1.8230826049272384,94.08,18.505369818090408,15.737834112771086,3.8487693683582105,0.0,0.0,286.00634959435865
t1458,5.699999999999999,2.1,4.979123973131926,0.0,6.5,0.0,1.48,89.9,10.224,24.5,0.36758100733432825,94.08,3.315253346243142,6.830566961365458,6.25,3.6065206582257896,0.0,259.8330459463007
t1459,5.699999999999999,2.1,5.429166318509564,0.0,1.3240350741401814,0.0,1.48,89.9,10.224,24.5,1.3898365719980137,94.08,0.0,8.73240303325301,3.7014839117587788,0.0,0.0,248.56092490965958
t1460,5.699999999999999,1.6324452711782487,0.0,0.0,2.414692098641165,0.0,1.48,89.9,10.224,24.5,3.8187284504235186,94.08,0.0,20.0,0.0,0.0,0.0,253.74986582024292
t1461,5.699999999999999,2.1,0.0,0.0,0.0,0.0,1.48,89.9,10.224,24.5,7.636654708520178,94.08,14.68621670935206,6.970014057831324,0.0,0.0,0.0,257.2768854757036
t1462,5.699999999999999,1.4981971284591897,0.0,0.0,1.2893937307501346,0.0,1.48,89.9,10.224,24.5,11.316589935226705,94.08,37.815936035528246,15.454927972871642,0.0,0.0,2.998938342522385,296.2579831453583
t1463,5.699999999999999,2.1,3.196184553843102,0.0,5.640064701043228,2.660997597302755,1.48,89.9,10.224,24.5,10.656844943371805,94.08,45.0,0.0,0.0,4.681926202857195,14.868,314.6880179984181
t1464,5.699999999999999,0.0,5.290957145700109,0.0,6.5,3.694249576903933,1.48,89.9,10.224,24.5,3.8300624906974554,94.08,45.0,13.386031012066004,0.0,17.831434139365108,14.868,336.28473436473257
t1465,5.699999999999999,0.0,8.545213352254214,0.0,6.5,4.131936286709807,1.48,87.0020962630137,10.224,24.5,0.0,94.08,7.354059789263383,12.358141511646584,0.0,26.760025568571447,14.868,303.5034727714591
t1466,5.699999999999999,0.0,11.0153166293148,0.0,6.5,4.476423494275761,1.48,80.63547839025877,10.224,24.5,0.0,94.08,0.0,9.809206738473897,0.0,32.175275409206414,14.868,295.46370066152963
t1467,5.699999999999999,1.3024369993170153,10.134158676671067,0.0,0.0,0.34162638128422174,1.48,61.49461801278539,10.224,24.5,12.907016442451422,94.08,0.0,8.12584922393574,0.0,26.062846837777823,14.868,271.22055257422267
t1468,5.699999999999999,2.1,11.223662210248262,0.0,0.0,0.5267441513190654,1.48,35.485681126479186,7.0133873381712775,24.5,0.0,94.08,0.0,6.830903080803215,0.0,25.223073187619065,14.868,229.03145109464003
t1469,5.699999999999999,2.1,11.10126300468719,0.0,0.0,0.6226091587854659,1.48,18.350656855430973,4.842483190615627,24.5,0.0,94.08,0.0,5.8940258094779105,0.0,24.358866431904797,14.868,207.89790445090193
t1470,5.699999999999999,2.1,11.263020700814302,0.0,0.0,0.7546820308611254,1.48,11.765476148104632,3.8103866714511816,24.5,0.0,94.08,0.0,5.340887785140564,0.0,22.503336996507958,14.868,198.16579033287974
t1471,5.699999999999999,2.1,8.408709377199614,0.0,0.0,3.1922455028272787,1.48,53.97866960946306,1.7531869624200502,24.5,5.485682212262918,93.23214421341527,45.0,0.0,0.0,0.0,13.125690584048336,257.95632846163653
t1472,5.699999999999999,2.1,4.040346416068035,21.5045357428931,0.0,0.0,1.48,89.9,2.180166631983968,24.5,2.9273688513697933,8.530302068778155,45.0,0.0,5.673789182786071,0.0,0.0,213.53650889387913
t1473,5.699999999999999,2.1,0.6407912822950244,34.09876304685856,0.0,0.0,1.48,89.9,1.3799795408416844,0.0,9.848506596096337,20.581465563175563,45.0,8.608064563935741,4.888028983781096,0.0,0.0,224.22559957698397
t1474,5.699999999999999,2.1,2.677655645708832,27.71870722095284,0.0,0.0,1.48,89.9,0.8554412772745509,0.0,9.816797502197693,56.866059104295715,45.0,0.0,5.179956775119961,0.0,0.0,247.2946175255496
t1475,5.699999999999999,2.1,15.941061428520792,0.8048622473696831,0.0,0.0,1.48,89.9,1.2402075165130255,0.0,9.930370126271953,75.05249935408048,45.0,4.959926002650607,3.9908389340298527,0.0,0.0,256.0997656094364
t1476,5.699999999999999,2.1,13.221511552147168,18.669451109664916,0.0,0.0,1.48,89.9,1.72650462549098,0.0,10.626985651700954,75.15887360320076,45.0,0.0,3.502711570845772,0.0,0.0,267.0860381130505
t1477,5.699999999999999,2.1,0.0,27.398396231889215,0.0,0.0,1.48,89.9,2.4219492298998,0.0,12.153990167506272,74.4997972508891,45.0,12.842239556867469,4.271558337014927,0.0,0.0,277.76793077406677
t1478,5.699999999999999,2.1,0.0,18.136128386350148,0.0,0.0,1.48,89.9,4.16155148240481,0.0,13.80500299666834,37.78155823169957,45.0,1.4949095315662633,3.4384041081592054,0.0,0.0,222.99755473684834
t1479,5.699999999999999,2.1,6.156390947646489,0.0,0.0,2.339618432882031,1.48,89.9,5.4077969134669415,0.0,16.190966692925237,1.2851173793520518,44.40748755741467,3.0100030292369477,0.0,0.0,0.0,177.97738095292436
t1480,5.699999999999999,2.1,2.61877120271979,0.0,0.0,1.4720094732005975,1.48,0.0,6.098216152055889,24.5,9.922424125970897,17.24243008532719,45.0,4.49683129464692,0.0,0.0,5.143895053545229,125.77457738746651
t1481,5.699999999999999,0.0,9.074044738585123,3.4305038749770524,6.5,0.0,1.48,70.88098281825474,10.224,24.5,5.2369147176581965,94.08,0.0,13.215277802008034,4.343221109651743,0.0,0.0,248.66494506113492
t1482,5.699999999999999,2.1,0.9082668764148935,0.0,1.7760658919125778,0.0,1.2528101468985557,89.9,10.224,24.5,0.0,94.08,0.0,20.0,0.0,0.0,0.0,250.441142915226
t1483,5.699999999999999,2.1,0.45483802042294913,0.0,0.0,0.0,0.6117600798403199,89.9,9.314330392015972,24.5,3.850662680617839,94.08,0.0,20.0,0.0,0.0,0.0,250.5115911728971
t1484,5.699999999999999,0.7204431592346305,0.0,0.0,0.16624859294585356,0.0,0.8304073014253663,89.9,10.224,24.5,0.0,94.08,0.0,20.0,0.0,0.0,0.0,246.12109905360586
t1485,5.699999999999999,2.1,0.0,0.0,2.8527842547441633,0.0,1.48,89.9,10.224,24.5,0.0,94.08,3.2471420830978635,9.072752852654057,0.0,0.0,3.194714475432001,246.35139366592804
t1486,5.699999999999999,0.0,0.0,0.0,2.2738495678092416,0.08437672861097045,1.48,89.9,10.224,24.5,1.8161507080080448,94.08,45.0,15.65676268809632,0.0,0.0,11.746201677994073,302.46134137051865
t1487,5.699999999999999,0.0,0.0,0.0,5.800996543268765,2.9621827232559386,1.48,89.9,10.224,24.5,0.0,94.08,0.0,0.0,0.0,9.135369021269893,14.868,258.6505482877946
t1488,5.699999999999999,0.0,3.3044030245481673,0.0,6.5,3.89569905425585,1.48,83.87600261106039,10.224,24.5,9.319392426834526,94.08,0.0,13.784506443694776,0.0,20.442988068888933,14.868,291.97499162928267
t1489,5.699999999999999,0.0,6.383054464468727,0.0,6.5,4.2559830761572925,1.48,81.09486401501775,10.224,24.5,0.0,94.08,0.0,6.601758346042216,0.0,23.404840605396846,14.868,279.09250050708283
t1490,5.699999999999999,0.0,8.956969062284017,0.0,6.0234435938970385,4.215769276320435,1.48,75.58505776950892,10.224,24.5,0.0,94.08,0.0,10.45052127871486,0.0,28.54255702714288,14.868,284.6263180078682
t1491,5.699999999999999,2.1,8.783825070228394,0.0,0.0,0.36699571926331576,1.48,36.54344633587229,7.123973285429436,24.5,0.0,94.08,0.0,8.52325487823293,0.0,30.065628743174642,14.868,234.135124032201
t1492,5.699999999999999,2.1,10.078345427725909,0.0,0.0,0.5299311100049784,1.48,24.77510004352918,5.680266165998761,24.5,5.609722236497748,94.08,0.0,7.89885118441767,0.0,27.176247790793656,14.868,224.4764639589679
t1493,5.699999999999999,2.1,10.485777403892747,0.0,0.0,0.605019512195123,1.48,25.60100190026504,5.946914639618858,24.5,0.0,94.08,0.0,7.724363412690762,0.0,25.192450012380988,14.868,218.2835268810435
t1494,5.699999999999999,2.1,11.436887632293939,0.0,0.0,0.7280395221503239,1.48,22.596776110717474,5.402686622659795,24.5,1.6346272186347812,94.08,0.0,6.857848016064258,0.0,23.266383219365117,14.868,214.65124834188566
t1495,5.699999999999999,2.1,7.177124080278048,0.0,0.0,3.3347850747536096,1.48,44.38356650272056,0.0,24.5,0.15841262298030334,87.18548436055775,45.0,0.0,0.0,0.061993084980327774,11.424653994702922,232.50601972097348
t1496,5.699999999999999,2.1,0.0,28.918213198363077,0.0,0.0,1.48,89.9,1.6822642254108224,24.5,3.185224461093829,27.846780674115635,45.0,0.5834568068273109,4.5042797300497535,0.0,0.0,235.40021909586045
t1497,5.699999999999999,2.1,0.0,34.40081687877076,0.0,0.0,1.48,89.9,0.0,24.5,1.8090312129152024,6.654940783795482,45.0,0.0,4.849885700199008,0.0,0.0,216.39467457568045
t1498,5.699999999999999,2.1,0.0,30.289546858358072,0.0,0.0,1.48,89.9,0.0,0.0,9.5529751579428,12.683848161392643,45.0,0.0,4.4410319688557225,0.0,0.0,201.1474021465492
t1499,5.699999999999999,2.1,0.0,25.612568898635,0.0,0.0,1.48,89.9,2.3128305855525495,0.0,7.747594954942299,27.533199568195386,45.0,6.038681774136547,5.346664804676617,0.0,0.0,218.77154058613837
t1500,5.699999999999999,2.1,0.0,24.868224684985165,0.0,0.0,1.48,89.9,0.0,0.0,6.5530179631108885,26.764616736340994,45.0,0.0,4.588772267363186,0.0,0.0,206.95463165180024
t1501,5.699999999999999,2.1,0.0,38.08110697974282,0.0,0.0,0.6144144226347307,89.9,0.0,0.0,8.779697714530858,13.917797199538013,45.0,8.98708201247096,6.25,0.0,0.0,219.33009832891736
t1502,5.699999999999999,2.1,0.0,14.965591260178044,0.0,0.0,1.48,89.2542395557446,1.1995919210894743,0.0,9.614034493326642,0.0,45.0,0.0,3.4357284862686597,0.0,0.0,172.74918571660743
t1503,5.699999999999999,2.1,0.0,20.737598928545992,0.0,0.0,0.6843664375854658,89.9,2.3615483615230426,0.0,10.234411529894633,9.35327577130687,45.0,9.88068651416612,4.436175325918817,0.0,0.0,200.38806286894095
t1504,5.699999999999999,2.1,0.0,14.403211513832163,0.0,0.0,1.48,50.979123403134494,0.1705460738275258,0.0,9.62064256567988,0.0,42.12227087162235,4.902615888915665,1.4108777400000019,0.0,0.0,132.88928805701207
t1505,5.699999999999999,0.0,0.08261521182060268,37.16966521897179,2.1003051337841145,0.0,1.48,48.139405493964595,10.224,24.5,0.0,94.08,0.0,13.90709175895582,1.2599811176230535,0.0,0.0,238.64306393511995
t1506,5.699999999999999,0.0,0.0,15.5946313221365,5.552149964242431,0.0,0.0,89.9,10.224,24.5,0.0,94.08,0.0,14.105240930441765,6.031093541450331,1.8265978681907789,0.0,267.5137136264618
t1507,5.699999999999999,0.0,5.324430277681845,5.807049613824825,1.3612380673621507,0.0,1.101954896337877,89.9,10.224,24.5,0.0,94.08,0.0,13.604713929186342,0.0,0.0,0.0,251.60338678439302
t1508,5.699999999999999,0.0,0.0,0.0,3.3022632600099375,0.0,1.48,89.9,10.224,24.5,0.0,94.08,0.0,12.11645228562249,0.5991832393634855,0.0,0.0,241.90189878499592
t1509,5.699999999999999,0.0,0.0,0.0,2.8375185707096096,0.0,1.48,89.9,10.224,24.5,3.0040996470346313,94.08,0.0,20.0,0.0,0.0,2.7068188197418177,254.43243703748604
t1510,5.699999999999999,0.0,0.0,0.0,4.312466190561358,1.5666964845046836,1.48,89.9,10.224,24.5,0.0,94.08,0.0,14.57475639244995,0.0,0.0,13.106538780019873,259.4444578475359
t1511,5.699999999999999,0.0,3.327314643217474,0.0,6.5,3.5009722249875574,1.48,86.5933996485033,10.224,24.5,0.0,94.08,0.0,12.024051054939754,0.0,16.64387817730162,14.868,279.4416157489497
t1512,5.699999999999999,0.0,7.899892597537233,0.0,6.5,3.9812389248382294,1.48,79.54680252338913,10.224,24.5,0.0,94.08,34.62859737455656,12.591221732120843,0.0,25.946782939206386,14.868,321.9465360916484
t1513,5.699999999999999,2.1,17.99385088949354,0.0,0.0,1.4875096067695386,1.48,0.0,4.84938268742515,24.5,0.0,94.08,28.124692449842595,11.194303363534136,0.0,54.43261316793652,14.868,260.8103521650015
t1514,5.699999999999999,2.1,18.744262011638526,0.0,0.0,1.6156438028870093,1.48,47.40680938772198,10.224,24.5,0.0,94.08,30.34236385918193,8.868579920963853,0.0,49.315153812381,14.868,309.2448127947743
t1515,5.699999999999999,2.1,19.05351325294935,0.0,0.0,1.7668545545047296,1.48,0.0,5.222648879840319,24.5,0.927254067486207,94.08,45.0,1.1837070432788699,0.0,56.91423317746033,14.868,272.7962109755198
t1516,5.699999999999999,2.1,18.818655258907647,0.0,0.0,1.7771716276754612,1.48,0.0,3.822543945708582,24.5,8.314250615915508,94.08,25.76082344085685,6.3782564318072295,0.0,48.43054270126987,14.868,256.0302440221411
t1517,5.699999999999999,2.1,17.4713603234558,0.0,0.0,1.7307371826779507,1.48,3.700818659360728,10.224,24.5,0.0,94.08,45.0,6.281099672771083,0.0,43.820434139365084,14.868,270.95644997763065
t1518,5.699999999999999,2.1,19.15803430564857,0.0,0.0,1.544304131408662,1.48,0.0,3.480607627944112,24.5,13.754194319880417,94.08,0.0,7.682679607228914,0.0,43.2301579488889,14.868,231.57797794099957
t1519,0.0,2.1,9.665272299622638,0.0,0.0,2.5082191076953717,1.48,0.0,4.763727871017966,24.5,9.33555284116408,94.08,45.0,6.105444479437752,0.0,42.11588793905685,14.868,256.52210453799466
t1520,5.699999999999999,2.1,36.01629824432969,0.0,0.0,1.591115075838727,1.48,72.36921841757515,0.0,24.5,5.358604963823382,63.0952684592022,45.0,2.5174082012635193,0.0,0.0,12.285496247308851,272.01340960934147
t1521,5.699999999999999,2.1,16.394034594041713,0.0,0.0,1.3415668567346943,1.48,89.88651661965501,0.0,15.82308839665272,5.945935054309915,0.0,45.0,0.0,0.0,1.8975563640692639,11.376081053635447,196.94477893909877
t1522,5.699999999999999,2.1,21.81946629731877,0.0,0.0,1.538262811030364,1.48,89.9,6.458695748977959,0.0,9.044379130747616,33.02775838954747,45.0,1.7788998530143865,0.0,8.874966139365103,14.868,241.5904283700017
t1523,5.699999999999999,2.1,43.54,0.0,0.0,1.872845090771529,1.48,89.9,5.660328427855711,0.0,7.853547511851478,76.2833495864383,45.0,0.0,0.0,13.149956415555575,14.868,307.40802703247255
t1524,5.699999999999999,2.1,43.54,0.0,0.0,1.9396045731010465,1.48,89.9,5.398617958917838,14.954526517368441,11.982531052894874,94.08,45.0,5.912288858554218,0.0,0.9147679076190661,14.868,337.7703368684555
t1525,5.699999999999999,2.1,35.930583731201594,0.0,0.0,0.0,1.48,89.9,5.6287109064128265,20.550663740761806,13.696332891529654,94.08,45.0,10.8666833657706,0.0,0.0,8.509372448440933,333.44234708411744
t1526,5.699999999999999,2.1,23.344828209159306,9.7539740997573,0.0,0.0,1.0651793274251498,89.9,6.538077360761525,0.0,6.981446716146513,69.09597056476115,15.796651652799614,6.931183769858836,0.0,0.0,0.0,237.20731170066938
t1527,5.699999999999999,2.1,15.764741097103519,15.057820854054595,0.0,0.0,1.48,89.9,1.264427340399393,0.0,8.885929499648771,17.167496641668414,0.0,6.934216438795178,0.0,0.0,0.0,164.25463187166983
t1528,5.699999999999999,2.1,0.46139895953220866,26.04683025983067,0.0,0.0,1.48,62.75484597022297,2.293841572834854,0.0,10.35491295676869,0.0,25.977493975568294,11.331463754457829,1.7605305623880612,0.0,0.0,150.26131801160358
t1529,0.0,2.1,25.92482122284012,0.0,0.0,0.0,1.48,0.0,6.68807949764471,24.5,3.9293560362738185,94.08,13.978549290660178,8.803786762650605,0.2946824120603008,0.3579848217133695,14.868,197.00526004384307
t1530,5.699999999999999,2.1,5.751900541926522,0.0,0.0,0.5397831757093097,1.48,26.285838573921833,10.224,24.5,0.0,94.08,38.62545633457546,14.510044904738955,0.0,0.0,14.868,238.66502353087208
t1531,5.699999999999999,2.1,6.115636390983119,0.0,0.0,0.23918460854610515,1.48,0.0,1.0110004806387214,24.5,9.839781763826608,94.08,0.0,0.8982043339759,0.0,9.221396044127026,14.868,170.0532036220975
t1532,5.699999999999999,2.1,7.386369260893738,0.0,0.0,0.0,1.48,75.90864528665651,10.224,24.5,0.0,94.08,0.0,13.866642932851402,0.0,15.299472221783,14.868,265.4131297021846
t1533,5.699999999999999,2.1,8.891960124846067,0.0,0.0,0.213674962667995,1.48,71.69645886595636,10.224,24.5,0.0,94.08,0.0,14.71265217831325,0.0,20.181588107619064,14.868,268.64833423940274
t1534,5.699999999999999,2.1,28.033977999721937,0.0,0.0,0.4120656047784978,1.48,0.0,2.441618179640719,24.5,0.0,94.08,0.0,13.603995832610442,0.0,28.438337939365102,14.868,215.6579955561167
t1535,5.699999999999999,2.1,13.954148804091357,0.0,0.0,0.8649434544549536,1.48,50.496985096296285,10.224,24.5,13.998793223716989,94.08,0.0,10.41980585690199,0.0,36.51572944650796,14.868,279.2024058819695
t1536,5.699999999999999,2.1,16.2918985558292,0.0,0.0,1.1433951219512204,1.48,51.206101985509896,10.224,24.5,0.0,94.08,3.5228275022506357,0.6368405201606396,0.0,44.899260380476186,14.868,270.6523240661778
t1537,5.699999999999999,2.1,17.65908822812314,0.0,0.0,1.4349772025883534,1.48,0.0,4.695427056287426,24.5,0.0,94.08,14.692866599165269,11.35900450056225,0.0,51.59253476476195,14.868,244.16189835148836
t1538,5.699999999999999,2.1,18.658635397934464,0.0,0.0,1.5835152812344457,1.48,0.0,5.081570958882236,24.5,0.0,94.08,40.7094869966111,9.065102009317268,0.0,55.88608079650797,14.868,273.71239144048747
t1539,5.699999999999999,2.1,36.14412099872891,0.0,0.0,1.7166221005475366,1.48,0.0,4.1034981524950105,24.5,3.862656524034117,94.08,45.0,7.173451904899601,0.0,58.96964683777778,14.868,299.6979965184829
t1540,5.699999999999999,2.1,19.07948346148957,0.0,0.0,1.7396986560477865,1.48,0.0,4.1469214003992025,24.5,10.162962815419862,94.08,26.342680012193124,6.238264278393576,0.0,50.54986237428575,14.868,260.98787299822885
t1541,5.699999999999999,2.1,17.726557940139028,0.0,0.0,1.7136680935788955,1.48,0.0,3.6970231025948093,24.5,0.0,94.08,45.0,5.993812275180724,0.0,53.32784015206352,14.868,270.186901563557
t1542,5.699999999999999,2.1,14.834758535968225,0.0,0.0,1.567148631159782,1.48,10.84840902191078,4.172373766108207,24.5,13.256911808669656,94.08,0.0,7.295454315662648,0.0,43.85825203746031,14.868,238.5613081169396
t1543,0.0,2.1,9.281538291678258,0.0,0.0,3.369056752205078,1.48,0.0,3.3827399009181627,24.5,0.0,94.08,45.0,3.154986159678714,0.0,49.396609164487515,14.868,250.61293026896772
t1544,0.0,2.1,0.0,0.0,0.0,5.15815778365356,1.48,0.0,6.579564147544911,24.5,0.0,94.08,45.0,0.0,0.0,1.4712135421765329,11.405073950130918,191.77400942350593
t1545,4.836670847002363,2.1,0.0,20.467323694781292,0.0,4.251604595151818,1.48,12.761476603448177,5.083762209093789,24.5,2.496834430125439,81.8089360948209,45.0,0.0,0.0,0.0,6.424121265276937,211.2107297397007
t1546,5.699999999999999,2.1,37.3089345460576,0.0,6.5,2.2380246185924606,0.4371995947899197,89.9,10.224,15.760972740640485,2.5788510617040363,0.0,45.0,0.0,0.0,34.479440850476216,0.0,252.2274234122607
t1547,5.699999999999999,2.1,32.041144056762676,0.0,2.9257263825566175,1.2680921521921273,1.48,89.9,10.224,0.0,6.98220768,51.69101662861662,45.0,0.8366709133333339,0.0,5.578858095400718,14.868,270.5957159088621
t1548,5.699999999999999,2.1,11.799505971042707,0.0,0.40227719816809165,6.201491867689341,0.4179667725050104,89.9,10.224,0.0,6.696705935624685,59.34739492075213,39.49889368388924,0.0,0.0,19.995763542698402,0.0,252.2839998923696
t1549,5.699999999999999,2.1,16.826223211479647,0.0,0.0,1.7128897841723358,1.48,89.9,7.110697626693389,0.0,7.691006788178625,67.52281167348194,45.0,0.0,0.0,0.0,5.307396485263146,250.3510255692691
t1550,5.699999999999999,2.1,4.548971971519365,0.0,2.4156042702365337,1.3887398494354155,1.48,89.9,10.224,0.0,8.490895528881083,4.033515404797277,3.7199559832418014,0.0,0.0,20.301430144875265,0.481701962860019,154.78481511584678
t1551,5.699999999999999,2.1,36.82942087582919,0.0,4.079515637584294,0.0,1.48,89.9,10.224,0.0,9.128146849603612,31.74913218498964,45.0,0.0,0.4233250266088827,13.640163601545655,9.023880299819302,259.2775844759806
t1552,5.699999999999999,2.1,30.13032897354518,0.0,0.0,0.6239748070482827,1.48,84.2583179290307,3.284975648242917,13.187651497038447,6.942793153403089,0.0,45.0,0.0,0.0,13.57741677557169,0.21046112898287436,206.4959199128632
t1553,0.0,2.1,7.076484594688474,0.0,0.0,1.0270368279542068,1.48,0.0,4.951862653373255,24.5,7.204385757300552,84.59419103653362,45.0,4.394538908032131,0.0,25.575870614444508,14.868,222.77237039232674
t1554,5.699999999999999,2.1,4.95981140587885,0.0,0.0,0.13027914385266465,1.48,74.74039864008115,10.224,24.5,9.641411049307427,94.08,0.0,0.9051431334939702,0.0,16.00692457682544,14.868,259.3359679494395
t1555,5.699999999999999,2.1,22.453219310546174,0.0,0.0,0.0,1.48,81.8228466098427,10.224,24.5,0.0,94.08,45.0,0.8105729212851412,0.0,23.226496044127014,14.868,326.26513488580105
t1556,5.699999999999999,2.1,6.79166816854022,0.0,0.0,0.8176148332503741,1.48,77.45063367508877,10.224,24.5,0.0,94.08,0.0,13.429512796947789,0.0,29.51588770111114,14.868,280.9573171749383
t1557,5.699999999999999,2.1,8.904514245998003,0.0,0.0,0.0,1.48,73.44219203206495,10.224,24.5,11.26531938216243,94.08,0.0,13.89176830955823,0.0,35.44983826698413,14.868,295.90563223676776
t1558,5.699999999999999,2.1,11.26172775145978,0.0,0.0,0.3868297660527631,1.48,0.0,2.497059600798404,24.5,0.0,94.08,0.0,12.474151578795182,0.0,73.55814008206352,14.868,242.90590877916964
t1559,5.699999999999999,2.1,14.564865785223429,0.0,0.0,0.8101119960179212,1.48,50.19555213394214,10.224,24.5,0.0,94.08,17.330765980936697,11.856226056064259,0.0,53.098941669365104,14.868,300.80846362154955
t1560,5.699999999999999,2.1,17.16689160448857,0.0,0.0,1.1130459930313599,1.48,38.554869426208555,8.220167908036137,24.5,0.0,94.08,45.0,11.333995381365458,0.0,60.31082347238097,14.868,324.427793785511
t1561,5.699999999999999,2.1,18.578194484329693,0.0,0.0,1.3806654056744658,1.48,0.0,3.6129683544910183,24.5,15.279196811160935,94.08,37.46922991105027,0.0,0.0,60.307416272539726,14.868,279.3556712392461
t1562,5.699999999999999,2.1,19.66121335225422,0.0,0.0,1.5835152812344457,1.48,0.0,4.0258538219560895,24.5,6.307222373805921,94.08,39.69024617849384,7.11023848562249,0.0,62.976310876349224,14.868,284.08260036971626
t1563,0.0,2.1,9.035764294530784,0.0,0.0,1.689466202090593,1.48,0.0,4.315007514570859,24.5,0.03754609699052965,94.08,45.0,5.357595020080323,0.0,62.77454960587305,14.868,265.2379287341361
t1564,0.0,2.1,0.6700023331800516,0.0,0.0,1.7242665007466413,1.48,0.0,4.316090110978043,24.5,1.09943604733433,94.08,45.0,4.397964333654619,0.0,63.57281191714286,14.868,257.8085712430365
t1565,0.0,2.1,12.951867611862383,0.0,0.0,1.7009095072175218,1.48,0.0,3.8416277972055894,24.5,3.2502084322829967,94.08,45.0,4.4340738697188735,0.0,54.680268653492085,14.868,262.88695587177943
t1566,5.699999999999999,2.1,30.855085523838227,0.0,0.0,1.5416314584370345,1.48,6.482514288471971,3.7899488859094377,24.5,0.0,94.08,45.0,5.655118107951807,0.0,50.54641007650795,14.868,286.5987083411164
t1567,0.0,2.1,9.452966225183712,0.0,0.0,3.5967021340766565,1.48,0.0,2.6730125001596803,24.5,0.0,94.08,45.0,0.0,0.0,23.787711836664013,13.857740489949645,220.5281331860337
t1568,5.699999999999999,2.1,24.586315782681236,0.0,0.0,3.6326205234743667,1.48,31.30470760823066,0.0,24.5,0.0,94.08,45.0,0.0,0.0,15.779754380134438,8.527524301530711,256.6909225960514
t1569,5.699999999999999,2.1,43.54,0.0,6.5,0.0,1.48,89.9,10.224,24.5,0.4192096718314145,94.08,45.0,0.0,0.34002399125628,40.007088512596006,12.365908925196369,376.15623110088006
t1570,5.699999999999999,2.1,43.54,0.0,0.0,3.22987029948233,1.48,89.9,9.623610007374749,24.5,0.016295343201204734,57.97106296525995,45.0,0.0,0.0,41.86660989061289,8.852710001389726,333.7801585073208
t1571,5.699999999999999,2.1,37.654459156186704,0.0,5.975671765083039,0.04659050593753455,1.48,89.9,10.224,20.27718275474747,0.0,12.72306635319838,45.0,0.0,0.0,12.776341248076506,3.14294516992707,247.00025695315668
t1572,5.699999999999999,2.1,27.72099132762662,0.0,1.697131957282336,1.3512251001836328,1.48,89.9,10.224,0.0,6.53657508491721,2.9190015356936656,45.0,0.0,0.0,32.571121821904754,0.0,227.20004682760822
t1573,5.699999999999999,2.1,32.11573269286991,0.0,1.8644501103170663,0.8802255221873009,1.48,89.9,10.224,0.0,7.062643705198192,17.00056761592417,45.0,0.0,0.0,22.782580082063493,0.0,236.1101997285601
t1574,5.699999999999999,2.1,43.54,3.4731173006132567,6.306409418539494,0.0,0.0,89.9,10.224,0.0,6.822823996367285,21.0707634002443,38.64413775561716,2.353899492350596,0.0,13.966588884752193,0.0,244.10174024848422
t1575,5.699999999999999,2.1,41.02413065147965,0.0,0.0,1.384236850004978,1.48,39.61402051269475,0.06376421515290157,0.0,8.701380328439539,0.0,35.31579536189078,0.0,0.0,1.9661468820583567,1.7333194603222566,139.0827942620432
t1576,5.699999999999999,2.1,16.409864439921087,18.82819014575584,0.0,0.0,1.48,0.0,2.725638936327345,24.5,4.186598165699949,16.005889787021005,45.0,1.2055371100401582,1.602225089751246,0.0,0.0,139.74394367451663
t1577,5.699999999999999,2.1,35.02582569322741,0.0,0.0,0.0,1.48,0.0,0.28078486702594924,24.5,0.0,94.08,0.0,0.0,0.0,0.0,14.868,178.03461056025333
t1578,5.699999999999999,2.1,4.384991147686188,0.0,0.0,0.0,1.48,87.14259552186707,10.224,24.5,9.460533437608369,94.08,0.0,15.033798414939756,0.5175969849246221,0.0,14.868,269.49151550702595
t1579,5.699999999999999,2.1,21.843795278768617,0.0,0.0,0.0,1.48,76.493856329173,10.224,24.5,1.8390703115102907,94.08,0.0,13.829794462168676,0.1598020100502505,0.0,14.868,267.1183183916708
t1580,5.699999999999999,2.1,6.108712855729894,0.0,0.0,0.011054110184173602,1.48,81.45619654063927,10.224,24.5,10.17628400597907,94.08,0.0,13.529181879999996,0.0,0.3190912822222506,14.868,264.55252067475465
t1581,5.699999999999999,2.1,8.222420899424025,0.0,0.0,0.0,1.48,68.20488297229832,10.224,24.5,11.066947683109117,94.08,0.0,0.9893641233734868,0.0,27.91088725236362,14.868,269.3465029305686
t1582,5.699999999999999,2.1,10.73749935026812,0.0,0.0,0.0623656545545056,1.48,44.888122161799465,7.922018450939964,24.5,12.490636771300448,94.08,0.0,0.0,0.0,26.071914050952422,14.868,244.9005564398149
t1583,5.699999999999999,2.1,14.134063401906653,0.0,0.0,0.4792694873071192,1.48,64.03274487184171,10.224,24.5,0.0,94.08,45.0,12.177017750522086,0.0,50.64457946682541,14.868,339.419674978403
t1584,5.699999999999999,2.1,16.88356886367428,0.0,0.0,0.8776957690393241,1.48,0.0,3.386320076966069,24.5,0.0,94.08,7.279577374139758,5.800075602248997,0.0,59.3574711142858,14.868,236.31270880035424
t1585,5.699999999999999,2.1,18.45621235920556,0.0,0.0,1.185229666500748,1.48,0.0,3.1124825201426836,24.5,15.468702541106127,94.08,16.65820367215777,9.694915775421688,0.0,71.38855949746034,14.868,278.6923060319949
t1586,5.699999999999999,2.1,19.700557940139024,0.0,0.0,1.4205798904927827,1.48,0.0,3.5010742754491018,24.5,0.0,94.08,45.0,7.617216111164659,0.0,87.98964872066124,14.868,307.9570769379068
t1587,5.699999999999999,2.1,20.11706836714995,0.0,0.0,1.565411348929817,1.48,0.0,5.046929689421158,24.5,6.82223015732066,94.08,39.988258030881525,6.1723741365461855,0.0,61.4209023933334,14.868,283.86117412358266
t1588,5.699999999999999,2.1,19.930661217199606,0.0,0.0,1.5911605774016935,1.48,0.0,3.7557400303393225,24.5,4.67677321043121,94.08,39.29713674335797,5.537835311325301,0.0,61.68460611444447,14.868,279.20191320449953
t1589,5.699999999999999,2.1,18.876615536961268,0.0,0.0,1.6103898456943764,1.48,0.0,4.5722531369261485,24.5,3.6828813299949803,94.08,45.0,0.0,0.0,50.25271985365082,14.868,266.7228597032276
t1590,5.699999999999999,2.1,32.1883003478133,0.0,0.0,1.4692157292185175,1.48,0.0,2.4514727648702594,24.5,0.0,94.08,45.0,0.0,0.0,37.63512626634925,14.868,261.47211510825133
t1591,0.0,2.1,13.954806276345579,0.0,0.0,3.662343448163267,1.48,0.0,4.853621178203593,24.5,10.346710502528857,94.08,45.0,0.0,0.0,13.029685336555826,12.679569856354474,225.68673659815158
t1592,5.699999999999999,2.1,32.88481070264151,0.0,0.0,4.046829549773293,1.2248294225250511,89.9,9.628308795312797,24.5,3.3785364521023573,52.063057563451885,45.0,0.0,0.0,29.894350069206368,0.0,300.3207225550133
t1593,5.699999999999999,2.1,43.54,0.0,0.0,3.259013455281235,1.48,89.9,7.3500532078957885,21.48179404196643,1.8950611973393194,0.0,45.0,0.0,0.0,18.97080352843601,0.0,240.6767254309188
t1594,5.699999999999999,2.1,43.54,0.0,0.0,4.9982494655691045,0.732579786057145,89.9,6.058267349779559,0.0,7.293640063231309,31.576621350990568,45.0,0.0,0.0,44.41929667904764,0.0,281.31865469467533
t1595,5.699999999999999,2.1,38.73300554935452,0.0,0.0,6.35979523726232,0.0,89.9,5.3841091101002005,0.0,5.790740489553437,80.06948346167069,45.0,0.0,0.0,43.651379891587304,0.0,322.68851373952845
t1596,5.699999999999999,2.1,38.13103945799406,0.0,0.0,2.7260754761871584,1.48,89.9,5.321861232505014,6.160926951019156,7.154429673532637,94.08,45.0,0.0,0.0,39.83666969492063,0.0,337.5910024861586
t1597,5.699999999999999,2.1,43.54,0.0,0.0,2.9766107063659732,1.48,89.9,5.681555478597197,16.395815481259156,10.623097976412554,94.08,45.0,0.0,0.0,2.4183513463492097,0.0,319.89543098898406
t1598,5.699999999999999,2.1,43.54,0.0,0.0,5.8826088758885025,0.0,89.9,8.317324571503004,3.675892032913019,6.895767567892376,94.08,45.0,0.0,0.0,0.0,0.0,305.0915930481969
t1599,5.699999999999999,2.1,43.239087885799414,0.0,0.0,5.137013753937283,0.0,89.9,8.308038786452906,0.0,8.322159816869043,61.85823052916519,45.0,0.0,0.0,0.0,0.0,269.5645307722238
t1600,5.699999999999999,2.1,31.243751269712032,0.0,0.0,2.996901006067804,0.4835220027655317,89.9,5.390079758064996,0.0,10.490898879859508,0.0,37.49017142584168,0.0,0.0,6.731726260476199,0.0,192.52705060278774
t1601,0.0,2.1,18.13136654573675,0.0,0.0,0.9768733635440534,1.48,0.0,4.559687424351297,24.5,6.610289511179127,67.40699215266025,45.0,2.8956579019277084,0.0,19.516280513333392,14.868,208.04514741273258
t1602,5.699999999999999,2.1,9.475653391158378,0.0,0.0,0.0,1.48,6.39270948026382,0.0,24.5,10.123220086327855,94.08,45.0,0.6867963902008025,0.4863949748743697,24.102411362621048,14.868,238.99518568544627
t1603,5.699999999999999,2.1,5.646796271817278,0.0,0.0,0.1914836236933812,1.48,81.27924462019277,10.224,24.5,10.127880418535128,94.08,45.0,7.682877596078738,0.0,17.23419348848833,14.868,320.11447601880565
t1604,5.699999999999999,2.1,6.980675119880822,0.0,0.0,0.0,1.48,0.0,0.0,24.5,0.0,94.08,25.318081644221948,12.775763541686747,0.0,5.053531917777805,14.868,192.8560522235673
t1605,5.699999999999999,2.1,26.104105109950353,0.0,0.0,0.0,1.48,0.0,0.24164965908183503,24.5,0.0,94.08,45.0,13.687208233413656,0.0,6.985355955079417,14.868,234.74631895752526
t1606,5.699999999999999,2.1,28.535711862681232,0.0,0.0,0.1726279741164767,1.48,69.59933855870115,10.224,24.5,0.0,94.08,45.0,0.4311479503614457,0.0,23.122783345714303,14.868,319.8136096915746
t1607,5.699999999999999,2.1,14.760796271817275,0.0,0.0,0.6086687904430075,1.48,61.33611887326231,10.224,24.5,14.057527653213752,94.08,45.0,13.070375684497993,0.0,56.425768723492084,14.868,358.2112559967264
t1608,5.699999999999999,2.1,17.344220303594835,0.0,0.0,0.9795673469387766,1.48,55.26079578650431,10.224,24.5,0.0,94.08,0.0,12.957189186506024,0.0,60.912200846141786,14.868,300.4059734696857
t1609,5.699999999999999,2.1,18.648263997735846,0.0,0.0,1.3155231458437042,1.48,0.0,9.881136589221557,24.5,15.45433283507723,94.08,6.194168157884046,11.055874121445784,0.0,48.74431870412698,14.868,254.02161755133514
t1610,5.699999999999999,2.1,19.888285844806358,0.0,0.0,1.5251241413638637,1.48,0.0,5.147095718962077,24.5,8.707390258203723,94.08,45.0,0.0,0.0,69.0126993188529,14.868,292.0085952821889
t1611,5.699999999999999,2.1,29.112197901234875,0.0,0.0,1.6442063713290203,1.48,0.0,4.126713435528941,24.5,3.822239547797297,94.08,45.0,0.0,0.0,48.3802329898413,14.868,274.81359024573146
t1612,5.699999999999999,2.1,20.466136887507453,0.0,0.0,1.6699555998008968,1.48,0.0,4.120866083832336,24.5,1.8812786368489693,94.08,45.0,3.615928188660218,0.0,57.110423028253976,14.868,276.59258842490385
t1613,5.699999999999999,2.1,19.04444870478649,0.0,0.0,1.9589540666998533,1.48,20.072547834642045,7.730942027811927,24.5,3.742285894811834,94.08,45.0,5.517890762891566,0.0,47.31552897095242,14.868,293.1105982625961
t1614,5.699999999999999,2.1,33.98154503050646,0.0,0.0,2.6104139372822304,1.48,0.0,4.699003686643747,24.5,0.0,94.08,45.0,6.368348438393573,0.0,51.91332922826315,14.868,287.30064032108913
t1615,5.699999999999999,2.1,9.783343392532279,0.0,0.0,1.1463708249676465,1.48,6.2532296513179295,4.139229937278265,24.5,0.0,94.08,45.0,0.0,0.0,11.05169220468262,10.869750564994964,216.10361657577369
t1616,5.699999999999999,2.1,34.51208603368355,0.0,6.5,1.2566777789044143,0.5900203978356692,89.9,10.224,24.5,3.31252645104867,55.28378833460038,45.0,0.0,0.0,21.36611140920635,0.0,300.245210405279
t1617,5.699999999999999,2.1,43.54,0.0,0.0,6.6224294831558,0.0,89.9,10.224,12.117489840873743,4.468518363248619,0.0,45.0,0.0,0.0,29.537080526507964,0.0,249.2095182137861
t1618,5.699999999999999,2.1,36.34666785362464,0.0,0.0,3.318891902269788,1.48,89.9,10.224,0.0,7.2047687651981915,34.0699346296791,45.0,0.0,0.0,65.94357699650793,0.0,301.28784014727967
t1619,5.699999999999999,2.1,29.738064339900696,0.0,0.4539684460004975,6.252044908503618,0.0,89.9,10.224,0.0,6.100595113246363,83.05472061431038,45.0,0.0,0.0,61.329558266349196,0.0,339.8529516883107
t1620,5.699999999999999,2.1,39.10913100095043,0.0,5.533684915360161,0.0,1.48,89.9,10.224,6.306881006368808,7.94869303837569,94.08,45.0,0.0,0.0,20.978071218730165,0.0,328.36046117978526
t1621,5.699999999999999,2.1,43.54,0.0,4.4164833260561975,0.0,1.48,89.9,10.224,8.142828332637832,8.988146731788735,94.08,45.0,0.0,0.0,39.87426455269843,0.0,353.4457229431812
t1622,5.699999999999999,2.1,29.92188533032771,0.0,0.0,6.031235655380787,0.0,89.9,10.224,0.0,6.779847445930758,88.01059310476052,45.0,0.0,0.0,5.104184895348402,0.0,288.7717464317481
t1623,5.699999999999999,2.1,23.17702309040715,0.0,2.4572252094275857,0.0,1.1242669719088394,89.9,10.224,0.0,9.497843799147017,40.81074649899258,45.0,0.0,0.0,0.0,0.0,229.99110556988316
t1624,5.699999999999999,2.1,25.017348280503587,3.9844881680629918,0.0,0.0,1.0643729975951906,89.9,5.609441518511553,16.221578070338964,6.477573271778774,0.0,45.0,0.0,2.0912326066905953,0.0,0.0,203.16603491348164
t1625,0.0,2.1,23.5077329938967,0.0,0.0,1.0294147274066705,1.48,0.0,2.9448040565668667,24.5,0.5446493601494679,94.08,45.0,2.723319548112448,0.0,4.573488615555598,14.868,217.35140930168774
t1626,5.699999999999999,2.1,4.659789320476665,0.0,0.0,0.0,1.48,0.0,0.0,24.5,9.294851898714496,94.08,0.0,0.9878203391164655,0.2010864321608043,0.0,14.868,157.87154799046843
t1627,5.699999999999999,2.1,22.63659567598808,0.0,0.0,0.0,1.48,0.0,0.0,24.5,10.347220727453912,94.08,45.0,0.9921687082365916,0.0,50.4812954098413,14.868,272.18528052151987
t1628,5.699999999999999,2.1,6.955580780258181,0.0,0.0,0.7602585365853666,1.48,0.0,0.6098540119760466,24.5,0.0,94.08,45.0,11.362591915180717,0.0,24.11008105412702,14.868,231.52636629812733
t1629,5.699999999999999,2.1,8.872927354240318,0.0,0.0,0.07142568442011028,1.48,0.0,1.3944877924151693,24.5,0.0,94.08,24.444105550449077,11.730007757911647,0.0,44.78233502238096,14.868,234.02328916181727
t1630,5.699999999999999,2.1,10.913104116901682,0.0,0.0,0.34082448979591945,1.48,69.37722676123795,10.224,24.5,0.0,94.08,28.72193133709601,0.0,0.0,53.51903568793652,14.868,315.8241223929681
t1631,5.699999999999999,2.1,13.653962110943397,0.0,0.0,0.6916909905425594,1.48,0.0,1.6214957956087803,24.5,0.0,94.08,45.0,10.980238924979913,0.0,60.105067433968266,14.868,274.7804552560429
t1632,5.699999999999999,2.1,16.130126943396228,0.0,0.0,1.0271262319561982,1.48,0.0,3.5127401261477047,24.5,0.0,94.08,45.0,0.0,0.0,67.06437505395617,14.868,275.4623683554563
t1633,5.699999999999999,2.1,34.547245116186694,0.0,0.0,1.3118156296665024,1.48,38.748068563825775,7.969265072345005,24.5,0.0,94.08,45.0,9.583615799839356,0.0,56.75978906063492,14.868,336.6477992424983
t1634,5.699999999999999,2.1,18.89477242502483,0.0,0.0,1.5418214036834252,1.48,0.0,3.371569323752495,24.5,0.0,94.08,45.0,3.6120620938517587,0.0,66.20756588539685,14.868,281.35579113170934
t1635,5.699999999999999,2.1,19.571235185700093,0.0,0.0,1.6699555998008968,1.48,3.863607287537456,4.183473650529032,24.5,0.0,94.08,45.0,6.163313477429719,0.0,56.30499405031749,14.868,279.48457925131464
t1636,0.0,2.1,13.306691277678064,0.0,0.0,1.7178872075659541,1.48,0.0,3.823514577245509,24.5,1.0764710003612694,94.08,45.0,5.134706553734938,0.0,56.46961350444448,14.868,263.55688412103024
t1637,0.0,2.1,12.942146128444657,0.0,0.0,1.7644130413140875,1.48,0.0,3.765328054291416,24.5,0.6059938838233885,94.08,45.0,4.4476851275502,0.0,52.94398378349208,14.868,258.49755001891583
t1638,5.699999999999999,2.1,18.422470551857,0.0,0.0,1.7099614733698365,1.48,0.0,3.421422874251497,24.5,3.9235218447956726,94.08,41.49544081235217,4.4554060648995994,0.0,46.283526882222276,14.868,262.43975050374803
t1639,0.0,2.1,0.0,0.0,0.0,2.4356555437332013,1.48,0.0,3.937835282554891,24.5,0.42805140948679693,94.08,45.0,0.0,0.0,41.733707581774766,7.6647136358509504,223.3599634534006
t1640,5.699999999999999,2.1,0.0,19.035284624671373,0.0,4.446259127605774,0.0,39.94801578322327,0.0,24.5,0.24906444761665736,9.651936937350989,45.0,1.163343923585657,0.0,17.882144080243332,0.0,169.67604892429705
t1641,5.699999999999999,1.2292982299503528,0.0,0.0,0.0,5.344307708989548,0.0,89.9,6.112044822434135,0.0,7.035816568931258,0.0,23.44362828391258,2.431603073067732,0.0,36.554049485396824,0.0,177.75074817268242
t1642,5.699999999999999,2.1,0.0,5.557657094155707,4.7506752601107225,2.757111029147836,0.0,89.9,10.224,0.0,5.883256664545911,75.34263735048505,45.0,4.2366096747040265,0.0,36.94739739723563,0.0,288.3993444703849
t1643,5.699999999999999,2.1,0.0,5.269321401536893,0.0,2.032355195301145,1.48,89.9,6.077055184128256,10.854374527343198,9.45700150916791,94.08,45.0,0.0,0.0,28.503390297135443,3.129367978932528,303.58286609354536
t1644,5.699999999999999,2.1,0.0,0.0,0.0,1.1339074241811844,1.48,89.9,8.757952804729458,0.0,5.86620390567988,86.24802890310643,45.0,0.0,0.0,0.0,3.7528017864853958,249.93889482418237
t1645,5.699999999999999,2.1,10.946050247110227,0.0,0.0,1.2034305561772032,1.48,89.9,7.213766995951906,0.0,6.401996916196688,90.601589419774,45.0,0.0,0.0,16.141340689190674,5.603251360986914,282.2914261853876
t1646,5.699999999999999,2.1,1.5809562703981723,4.032806355764952,0.0,0.599312799990045,1.48,89.9,8.350634803286574,0.0,7.72251008306071,88.68901334293136,45.0,0.0,0.0,0.0,5.539723588008622,260.69495724344046
t1647,5.699999999999999,2.1,26.93369675030785,0.0,0.0,0.0,1.48,89.9,9.875672525651304,0.0,11.0148786609433,41.64340922891043,45.0,0.0,0.5145275700502273,0.0,0.0,234.16218473586312
t1648,5.699999999999999,2.1,0.0,11.187264744648871,0.0,0.0,1.48,58.439405476471165,0.0,17.772422027880502,7.428532070084703,0.0,45.0,1.3792914120481892,0.991835374318075,0.0,0.0,151.4787511054515
t1649,0.0,2.1,0.0,0.0,0.0,0.7693545979890498,1.48,0.0,3.6536804782035945,24.5,7.441068551380163,94.08,45.0,3.202322187068274,0.0,6.06039090204857,14.868,203.15481671668962
t1650,5.699999999999999,2.1,5.4794079897914605,0.0,0.0,0.019728322548532913,1.48,89.9,10.224,24.5,7.153578984912802,94.08,0.0,0.0,0.0,7.781910329841271,14.868,263.2866256270941
t1651,5.699999999999999,2.1,6.7830067981330515,0.0,0.0,0.4208272772523652,1.48,89.9,10.224,24.5,0.0,94.08,45.0,5.685943532690757,0.0,6.701497224920649,14.868,307.44327483299685
t1652,5.699999999999999,2.1,7.949511266852031,0.0,0.0,0.0,1.48,80.3960628651446,10.224,24.5,0.0,94.08,18.950898112022674,10.343511971244983,0.0,23.14434484396829,14.868,293.73632905923256
t1653,5.699999999999999,2.1,12.786778147303766,0.0,0.0,0.17544937779990138,1.48,0.0,0.01915788103792488,24.5,0.0,94.08,0.0,0.0,0.0,55.93273677839119,14.868,211.64212218453275
t1654,5.699999999999999,2.1,12.248734702800393,0.0,0.0,0.38786371329019553,1.48,59.3179441992897,10.224,24.5,13.113786746387644,94.08,37.83962345485923,9.753406324337348,0.0,33.74438777111113,14.868,319.35774691207564
t1655,5.699999999999999,2.1,15.062679092075474,0.0,0.0,0.6585285216525644,1.48,62.63721983723997,10.224,24.5,0.0,94.08,34.73125752718398,0.0,0.0,41.638276659999995,14.868,307.67996163815195
t1656,5.699999999999999,2.1,17.596804216206554,0.0,0.0,1.0505755102040828,1.48,0.0,3.708478476646707,24.5,3.276226837925381,94.08,45.0,0.0,0.0,50.47078334571431,14.868,263.83086838669703
t1657,5.699999999999999,2.1,18.919866778272095,0.0,0.0,1.3611548033847694,1.48,43.685535214205956,10.224,24.5,14.503183897480014,94.08,33.31063622120437,10.32004596433735,0.0,56.479123466031766,14.868,331.5315463449163
t1658,5.699999999999999,2.1,20.395191505183718,0.0,0.0,1.5847812842210058,1.48,50.258408938001,10.224,24.5,3.165481225182772,94.08,43.19836251166324,8.592889877911647,0.0,52.78169128222225,14.868,332.92880662438563
t1659,4.696240601176777,2.1,20.25030384598329,0.0,0.0,1.7038635141861636,1.48,0.0,3.883709349301397,24.5,0.0,94.08,38.01218887874053,6.782188640160642,0.0,56.38774491396832,14.868,268.74423974351714
t1660,0.0,2.1,16.121046858281765,0.0,0.0,1.7876302638128436,1.48,0.0,4.0653453157684645,24.5,3.349919719016557,80.73496893301252,45.0,5.710021549879519,0.0,57.6816544377778,14.868,257.3985870775495
t1661,0.0,2.1,10.418404423696582,0.0,0.0,1.8291834743653568,1.48,0.0,4.227529138522953,24.5,3.240216758655293,77.40715600296325,45.0,4.780332360321284,0.0,58.01682144095244,14.868,247.86764359947716
t1662,0.0,2.1,15.29351762859747,0.0,0.0,1.8045595818815334,1.48,0.0,3.9397469876247486,24.5,3.608674708901154,82.96846146750367,45.0,4.74417481702811,0.0,54.92646366380955,14.868,255.23359885534626
t1663,0.0,2.1,2.5023006361452875,14.832758330247723,0.0,1.4964031793728236,1.48,2.201761690761957,7.006371035935301,24.5,2.3862368554340168,57.915957697783824,45.0,0.0,0.0,0.0,12.121606846344402,173.54339627202532
t1664,5.699999999999999,0.0,0.0,15.932226406430727,0.0,4.276104844031858,1.48,89.9,8.104466338677355,0.0,8.36764809676869,5.4611988946191214,37.92998286115681,0.0,0.0,28.381260191619493,0.5044222315407859,206.03730986484484
t1665,5.699999999999999,2.1,0.0,4.154032170313441,0.0,4.86928055333997,1.48,89.9,6.078390052785575,0.0,8.979195095694932,75.65124619409424,45.0,0.0,0.0,21.372839152217274,14.868,280.15298321844546
t1666,5.699999999999999,2.1,6.146552380774576,0.0,0.0,3.8520691048581392,1.48,89.9,5.540310600641281,6.747783099144007,11.724863243228707,94.08,45.0,0.0,0.0,26.934009011386475,8.023762991397371,307.22935043143053
t1667,5.699999999999999,2.1,0.0,8.544317781799801,0.0,3.597614152145347,1.48,89.9,5.647626891983967,19.082264019937906,15.603925293134022,94.08,45.0,0.0,0.0,12.05660533085493,10.706431374340385,313.4987848441964
t1668,5.699999999999999,2.1,0.0,0.0,0.0,4.242720175042311,1.48,89.9,5.920327093547093,24.5,17.416309584746614,94.08,45.0,0.0,0.0,0.0,9.364740631198389,299.70409748453443
t1669,5.699999999999999,0.0,1.4181120916683119,6.551712867616207,0.0,3.091608573474947,1.48,89.9,7.004573435390782,24.5,17.912369371229303,94.08,45.0,0.0,0.0,0.0,0.0,296.63837633937953
t1670,5.699999999999999,0.0,6.186201190308036,7.6758734982789765,0.0,6.305313206401195,0.0,89.9,8.310825885450905,0.0,10.422606011058706,80.90152229431247,27.853634917650893,1.1645706306772905,0.0,0.0,0.0,244.42054763413847
t1671,5.699999999999999,0.0,14.441575712426985,0.0,0.0,0.7309305082465124,1.48,87.68268074806814,2.5485278368523407,0.0,14.228837404475662,0.0,9.935054994626839,4.660430379116467,1.4915974795979863,0.0,0.0,142.89963506341093
t1672,0.0,2.1,21.864995561369597,0.0,0.0,0.0,0.5438635244311381,55.970084260078856,0.0,10.111757810826571,13.048447675914293,0.0,45.0,7.060703703489403,6.25,9.842712600322592,0.0,171.79256513643244
t1673,5.699999999999999,2.1,0.23467722999007415,0.0,0.0,0.8761203659432566,1.48,0.0,3.4122088412774456,24.5,3.4483001369603348,94.08,18.04772387377984,5.816816146827306,0.0,0.0,14.868,174.56384659477823
t1674,5.699999999999999,2.1,0.0,0.0,0.0,0.0,1.48,84.50021271232877,10.224,24.5,0.0,94.08,11.269939250176355,15.291163998072289,0.123021105527637,0.0,14.868,264.13633706610506
t1675,5.699999999999999,2.1,1.4673861427209485,0.0,0.0,0.0,1.48,7.6913778459665405,0.0,24.5,7.279009466865971,94.08,0.0,1.8859637935742943,0.0,4.673370240793714,14.868,165.72510748992144
t1676,5.699999999999999,2.1,4.0114516839324725,0.0,0.0,0.0,1.48,9.125882588330795,0.0,24.5,0.0,94.08,0.0,13.600410276144574,0.0,14.930118336349237,14.868,184.39586288475707
t1677,5.699999999999999,2.1,24.161066370785807,0.0,0.0,0.2056497760079646,1.48,70.02980895585998,10.224,24.5,10.445039362232187,94.08,0.0,13.498942472185144,0.0,24.087415091746067,14.868,295.37992202881713
t1678,5.699999999999999,2.1,11.31017859555114,0.0,0.0,0.4086403185664515,1.48,9.114912184371464,1.9202368790829503,24.5,0.0,94.08,0.0,0.0,0.0,34.49990992333338,14.868,199.98187790090537
t1679,5.699999999999999,2.1,15.874095179463751,0.0,0.0,0.8111459432553516,1.48,0.0,1.659678743313374,24.5,0.0,94.08,0.0,12.029355302008032,0.0,44.47225912968256,14.868,217.57453429772306
t1680,5.699999999999999,2.1,18.418591703793446,0.0,0.0,1.1850889995022407,1.48,22.670964008768365,6.7155785341649405,24.5,0.0,94.08,45.0,0.14373139726907233,0.0,55.132910329841316,14.868,291.9948649733394
t1681,5.699999999999999,2.1,18.915112061290962,0.0,0.0,1.4594604280736694,1.48,0.0,3.5970686115768458,24.5,0.0,94.08,4.386195864829207,0.0,0.0,47.85689190761908,14.868,218.94272887338977
t1682,5.699999999999999,2.1,19.76328683785502,0.0,0.0,2.708015331010454,1.48,0.0,10.224,24.5,0.0,94.08,43.309320980100715,8.897594279196786,0.0,50.65563159015877,14.868,278.28584901832176
t1683,5.699999999999999,2.1,20.316905507169814,0.0,0.0,2.843794823295173,1.48,18.517212728017633,6.616963787880981,24.5,0.0,94.08,34.30250951879093,7.219504797269075,0.0,51.35960460603176,14.868,283.9044957684554
t1684,5.699999999999999,2.1,20.042258039443894,0.0,0.0,1.8034342458934802,1.48,10.337015329682641,5.405622709808279,24.5,0.0,94.08,31.52624424891686,6.461954596465863,0.0,49.53417127269841,14.868,267.83870044290944
t1685,5.699999999999999,2.1,18.38052616258193,0.0,0.0,1.747947834743655,1.48,0.0,3.473175369261478,24.5,11.94325743150631,94.08,12.372412273351465,6.397438283212848,0.0,42.52016672968258,14.868,239.56292408434024
t1686,5.699999999999999,2.1,15.99346360051638,0.0,0.0,1.5655941264310607,1.48,0.0,2.4363180359281427,24.5,0.0,94.08,24.698489548255367,0.0,0.0,63.97487241555554,14.868,251.39673772668647
t1687,5.699999999999999,2.1,10.067960548043688,0.0,0.0,3.5080819250174216,1.48,0.0,4.898137718522952,24.5,0.0,94.08,45.0,1.185982472208834,0.0,21.790717981734563,14.868,229.17888064552744
t1688,5.699999999999999,2.1,43.54,0.0,0.0,3.8382953865903446,1.48,89.9,9.32718124140281,24.5,4.313557686573002,72.83479412688033,45.0,0.0,0.0,37.46126058576163,3.071081837019133,343.0661708642272
t1689,5.699999999999999,2.1,43.54,0.02254841284054153,0.0,3.62489279823793,1.48,89.9,7.280161002004008,24.5,0.6841884700351228,2.186111560324721,45.0,0.0,0.0,46.94140218170611,4.422561161226172,277.38186558637454
t1690,5.699999999999999,2.1,43.54,0.0,0.0,4.78922030861125,1.48,89.9,6.2259825490981955,0.0,6.938266166251881,34.60279485779636,45.0,0.0,0.0,36.849710369900585,0.0,277.1259742516583
t1691,5.699999999999999,2.1,43.54,0.0,0.0,3.465902239920359,1.48,89.9,5.83950158717435,0.0,6.5774585951731055,89.26253523236738,45.0,0.0,0.0,16.080695237619068,0.0,308.9460928922543
t1692,5.699999999999999,2.1,43.54,0.0,0.0,4.186095769039324,1.48,89.9,6.180980545090183,7.4240728281680575,9.487444947513707,94.08,45.0,0.0,0.0,9.48982184126986,0.0,318.5684159310811
t1693,5.699999999999999,2.1,43.54,0.0,0.0,2.636397013439523,1.48,89.9,6.97823806973948,4.054632138266829,8.425857507523656,94.08,45.0,0.0,0.0,21.102259778836125,7.166755903323257,332.16414041112887
t1694,5.699999999999999,2.1,43.54,0.0,0.0,3.0377093238725736,1.48,89.9,8.424658186773547,0.0,8.242148035855491,77.78594057037498,45.0,0.0,0.0,20.724274510793638,0.0,305.9347306276702
t1695,5.699999999999999,2.1,40.78568695408144,0.0,0.0,2.235430777332007,1.48,89.9,10.189618015470945,0.0,10.1382987906573,37.56907359958914,45.0,0.0,0.0,0.0,0.0,245.09810813713082
t1696,5.699999999999999,2.1,15.62373711033237,15.292683980377053,0.0,0.0,1.48,89.9,5.030432505531064,24.5,6.322227496959356,3.8490506797642383,45.0,4.950404070923693,0.6783921678606964,0.0,0.0,220.42692801174846
t1697,5.699999999999999,2.1,22.908928654260183,0.0,0.0,0.37486878415131986,1.48,0.0,3.5661121899401196,24.5,0.0,94.08,34.52647287071246,9.266463250763048,0.0,4.6582305742857155,14.868,218.02907632411285
t1698,5.699999999999999,2.1,15.722806202303866,0.0,0.0,0.0,1.48,89.9,10.224,24.5,8.041015445939212,94.08,0.0,14.702735058795179,0.19709447236180835,0.0,14.868,281.5156511794001
t1699,5.699999999999999,2.1,2.168470551856998,0.0,0.0,0.3061971129915381,1.48,18.748491336783363,0.0,24.5,0.0,94.08,0.0,14.355426902650601,0.0,35.726212542539706,14.868,214.0327984468222
t1700,5.699999999999999,2.1,15.083793157069612,0.0,0.0,0.0,1.48,3.0565774003044246,0.0,24.5,0.0,94.08,0.0,14.207983323534133,0.0,13.05165857428573,14.868,188.1280124551939
t1701,5.699999999999999,2.1,6.555503322462758,0.0,0.0,0.0,1.48,0.0,0.34121080239520946,24.5,0.0,94.08,0.0,1.556673011084339,0.0,22.84540301873018,14.868,174.02679015467248
t1702,5.699999999999999,2.1,10.913104116901682,0.0,0.0,0.2812515679442518,1.48,40.467371991107214,6.722751458632548,24.5,0.0,94.08,0.0,0.8557103318875463,0.0,35.30818035534936,14.868,237.27636982182256
t1703,5.699999999999999,2.1,14.153096172512418,0.0,0.0,0.702895072175213,1.48,9.091443499865328,3.4748248940900623,24.5,14.340199302441455,94.08,0.0,1.597271236112492,0.0,41.292593494920666,14.868,227.38032367211764
t1704,5.699999999999999,2.1,16.819560919285006,0.0,0.0,1.0470095569935292,1.48,11.705039032275673,4.828002331654989,24.5,12.490568955875501,94.08,0.0,12.99890666313253,0.0,48.347434764761935,14.868,250.96452222397915
t1705,5.699999999999999,2.1,18.13311404738828,0.0,0.0,1.3263536087605783,1.48,0.0,2.6050301732534935,24.5,0.0,94.08,17.277355734820897,10.786906716144577,0.0,54.56234428857145,14.868,247.4191045689393
t1706,5.699999999999999,2.1,19.167264990784513,0.0,0.0,1.5110995520159294,1.48,0.0,3.0329285109780444,24.5,0.0,94.08,12.573157022569676,8.532756309718874,0.0,58.15482779015874,14.868,245.70003417622578
t1707,5.699999999999999,2.1,19.70141990637537,0.0,0.0,1.9087319738619832,1.48,0.0,3.378834792814371,24.5,0.0,94.08,23.9353220635943,7.0322610306827285,0.0,52.12998618380956,14.868,250.8145559511383
t1708,5.699999999999999,2.1,19.29918753298908,0.0,0.0,1.6944388252862137,1.48,0.0,3.44423618043912,24.5,0.0,94.08,27.864152714542307,6.03015186570281,0.0,50.675156025079396,14.868,251.73532314403892
t1709,5.699999999999999,2.1,17.995143838848065,0.0,0.0,1.6928914883026396,1.48,0.0,3.154954933333334,24.5,0.0,94.08,23.53783022921464,6.043513655742968,0.0,52.85086949777781,14.868,248.00320364321945
t1710,5.699999999999999,2.1,15.666903521072497,0.0,0.0,1.546372025883525,1.48,0.0,2.208567707784432,24.5,0.0,94.08,17.69662393871877,7.281356849317269,0.0,35.74791235492064,14.868,222.87573639769715
t1711,5.699999999999999,2.1,8.81778549279047,0.0,0.0,3.743438420786462,1.48,0.0,4.417472628343314,24.5,0.0,94.08,45.0,3.27828391373494,0.0,33.74179704676457,14.868,241.72677750241974
t1712,5.699999999999999,2.1,35.40345693183715,0.0,0.0,3.9731986220308615,1.48,89.9,7.656984513993862,24.5,2.4006580308580077,94.08,45.0,0.0,0.0,21.635088314505317,8.368200366163144,342.19758677938836
t1713,5.699999999999999,2.1,25.205570582760682,0.0,0.0,4.497363281065207,1.48,89.9,8.263259390804542,24.5,1.2388843859207228,44.7113532363382,45.0,0.0,0.0,10.271835792425222,5.350857427210471,268.21912409652504
t1714,5.699999999999999,2.1,16.216702604079416,0.0,0.0,3.474875476187159,1.48,89.9,7.997753770621244,17.758594980820554,2.5242214806178396,0.0,45.0,0.0,0.0,6.304508342539712,14.868,213.32465665486595
t1715,5.699999999999999,2.1,23.73548360146971,0.0,0.0,3.096285033180688,1.48,89.9,8.840426926533066,0.0,8.299538651500253,19.10381878454937,45.0,0.0,0.0,9.739204799365115,14.868,231.8627577965982
t1716,5.699999999999999,2.1,35.23815461644489,0.0,0.0,2.550553524967646,1.48,89.9,9.151334014749496,0.0,7.414386013908682,52.9430411161919,45.0,1.9041324913253035,0.0,0.0,14.868,268.24960177758794
t1717,5.699999999999999,2.1,13.01995782788481,0.0,0.0,5.526282945631471,0.3859941436873749,89.9,6.384012269893001,0.0,8.246445300732564,25.2004718335795,45.0,0.0,0.0,5.270079764603203,0.0,206.73324408601192
t1718,5.699999999999999,2.1,20.1374871666733,0.0,0.0,2.956230587538558,1.2500125041683385,89.9,4.294205321723443,5.655902047242344,7.060208498495263,0.0,45.0,0.0,0.0,1.2962573204762065,0.0,185.35030344631744
t1719,5.699999999999999,2.1,0.0,0.0,0.0,3.9785233607068196,1.48,46.81882546751792,0.5677708869514059,14.095488003600705,7.18179711823618,0.0,45.0,2.3633058142168646,0.0,0.0,0.0,129.2857106512299
t1720,5.699999999999999,2.1,0.0,0.0,0.0,2.829890408989547,1.48,0.0,4.227850867345311,24.5,5.974697210968389,38.124931583586225,45.0,0.9297989945381527,0.0,8.632264252171348,14.868,154.36743331759897
t1721,5.699999999999999,2.1,5.513311938550155,0.0,0.0,0.0,1.48,0.0,1.3586979895409157,24.5,0.0,94.08,0.0,10.738568859999997,0.0,0.0,14.868,160.33857878809104
t1722,5.699999999999999,2.1,19.371537086117176,0.0,0.0,0.0,1.48,19.32753762962964,0.0,24.5,0.0,94.08,0.0,14.447024135261042,0.3065608040200983,0.0,14.868,196.18065965502797
t1723,5.699999999999999,2.1,16.463030628068587,0.0,0.0,0.07958257839721312,1.48,12.18299727285642,0.0,24.5,0.0,94.08,0.0,0.4335664102811238,0.0,5.666910329841291,14.868,177.55408721944463
t1724,5.699999999999999,2.1,4.705195477378353,0.0,0.0,0.0,1.48,5.63422681887366,0.0,24.5,0.0,94.08,0.0,14.470287113734937,0.0,10.924434764761934,14.868,178.4621441747489
t1725,5.699999999999999,2.1,6.205155755431962,0.0,0.0,0.8124101543056256,1.48,0.0,6.505895452295411,24.5,0.0,94.08,0.0,1.749320179598392,0.0,20.241597631428597,14.868,178.24237917305996
t1726,5.699999999999999,2.1,9.940389121866927,0.0,0.0,0.09219512195122019,1.48,0.0,1.1010523768463063,24.5,0.5000805444054319,94.08,0.0,14.013391960481929,0.0,39.12166325437962,14.868,207.49677237993143
t1727,5.699999999999999,2.1,13.680363302601789,0.0,0.0,0.49737252364360485,1.48,0.0,2.2990596007984037,24.5,0.0,94.08,0.0,1.3315344514056215,0.0,55.41976942616448,14.868,215.95609930461387
t1728,5.699999999999999,2.1,32.99452417648461,0.0,0.0,0.8931270283723252,1.48,5.5486485092891025,3.937836720807268,24.5,0.0,94.08,0.0,13.829080355502008,0.0,45.2681031206886,14.868,245.19931991114393
t1729,5.699999999999999,2.1,17.38616469286991,0.0,0.0,1.2317555002488814,1.48,0.0,3.804302447904191,24.5,0.0,94.08,0.0,12.191357760481928,0.0,47.13663022137505,14.868,224.47821062287997
t1730,5.699999999999999,2.1,18.415991902403178,0.0,0.0,1.411527924340469,1.48,0.0,2.9897716247505004,24.5,0.0,94.08,0.0,10.090797869236946,0.0,56.15474808857148,14.868,231.79083740930258
t1731,5.699999999999999,2.1,18.97522725493545,0.0,0.0,1.5536867098058746,1.48,0.0,3.1560728878243522,24.5,0.0,94.08,7.25313963093765,8.366760066345378,0.0,50.82374173936509,14.868,232.85662828921377
t1732,5.699999999999999,2.1,19.063898555829198,0.0,0.0,1.624695769039324,1.48,0.0,3.229619699800399,24.5,0.0,94.08,13.550670740976095,7.445250026184738,0.0,49.43658459650799,14.868,237.07871938833776
t1733,5.699999999999999,2.1,17.637886639245284,0.0,0.0,1.598665206570433,1.48,0.0,2.6788809868263472,24.5,0.0,94.08,1.2084588169112935,7.632131303293175,0.0,43.72851350444447,14.868,217.212536457291
t1734,5.699999999999999,2.1,15.726156748480637,0.0,0.0,1.4574910900945752,1.48,0.0,1.905281138522955,24.5,0.0,94.08,3.083438395293471,8.94664877686747,0.0,31.966985558412723,14.868,205.81400170767182
t1735,5.699999999999999,2.1,1.8257528647070538,0.0,0.0,3.3365447561871586,1.48,0.0,3.918851529301396,24.5,12.93146411028401,94.08,45.0,2.846410317028113,0.0,58.655576323241476,14.868,271.2425999007492
t1736,5.699999999999999,2.1,12.244075488897721,0.0,0.0,3.4412739829069205,1.48,89.9,3.4863243456513033,24.5,0.3381348910486795,94.08,45.0,0.0,0.0,22.554446351981472,7.565317995166163,312.38957305565225
t1737,5.699999999999999,2.1,43.54,0.0,0.0,4.09409429151817,1.48,89.9,8.718174325330663,24.5,1.4766771606322127,9.45979531653357,45.0,0.0,0.0,0.0,14.868,250.8367410940146
t1738,5.699999999999999,2.1,28.87336244015889,0.0,0.0,3.1127063373120962,1.48,89.9,7.399005326813627,0.0,7.651116429141997,11.737040001838526,45.0,0.0,0.0,36.61444930622721,0.0,239.56767984149238
t1739,5.699999999999999,2.1,43.54,0.0,0.0,2.956406486640121,1.48,89.9,6.911068415190381,0.0,6.7977516801605615,27.41393235841517,45.0,0.0,0.0,42.45340466952381,0.0,274.25256360993006
t1740,5.699999999999999,2.1,43.54,0.0,0.0,2.3208281889795925,1.48,89.9,6.965534326052104,0.0,5.948844505047668,71.05469861893168,45.0,0.0,0.0,29.181761351581265,7.386190520382675,310.577857510975
t1741,5.699999999999999,2.1,43.54,0.0,0.0,2.8230150429238683,1.48,89.9,7.523792308777557,0.0,5.466098096046162,88.12152915685267,45.0,0.0,0.0,0.0,4.479985527570576,296.1344201321708
t1742,5.699999999999999,2.1,28.461636387884816,0.0,0.0,1.4297941421901457,1.48,89.9,8.713209615110223,0.0,6.42360373808329,75.05689036771344,45.0,0.0,0.0,20.177813060000034,0.0,284.44294731098194
t1743,5.699999999999999,2.1,39.37365443761668,0.0,0.0,4.997308116218061,0.04883074432865742,89.9,9.879969643569728,0.0,8.461744316046161,41.518398380489,45.0,0.0,0.0,12.770040107619048,0.0,259.7499457458873
t1744,5.699999999999999,2.1,18.40696848914973,8.677274756621241,0.0,0.0,1.48,89.9,4.987578280721443,7.188065252715802,8.364950499431984,0.0,45.0,3.738519447309236,0.7948021181094529,0.0,0.0,196.3381588440589
t1745,5.699999999999999,2.1,25.630562748083417,0.0,0.0,0.48593030729716463,1.48,0.0,2.8154433270658688,24.5,0.0,94.08,0.0,8.342746710602405,0.0,3.410966964761942,14.868,183.4136500578108
t1746,5.699999999999999,2.1,20.652641356226415,0.0,0.0,0.0492406172224997,1.48,3.905760114459678,0.0,24.5,0.0,94.08,0.0,14.59314516851406,0.0,30.57429128222224,14.868,212.5030785386449
t1747,5.699999999999999,2.1,21.461888625342585,0.0,0.0,0.0,1.48,3.6684804135971603,0.0,24.5,0.0,94.08,0.0,4.3067018909237,0.0,0.0,14.868,172.16507092986345
t1748,5.699999999999999,2.1,5.804647314518369,0.0,0.0,0.0,1.48,0.0,0.0,24.5,0.0,94.08,0.0,0.5174847431325228,0.0,0.0,14.868,149.05013205765087
t1749,5.699999999999999,2.1,7.819743640238328,0.0,0.0,0.7671503235440527,1.48,6.382210603348567,0.0,24.5,0.0,94.08,0.0,0.8866310274698768,0.0,11.746757314603185,14.868,170.330492909204
t1750,5.699999999999999,2.1,10.613807195352534,0.0,0.0,0.05561363862618286,1.48,0.0,1.1789477109780446,24.5,0.0,94.08,0.0,14.140100806265059,0.0,52.99721191714288,14.868,221.71368126836467
t1751,5.699999999999999,2.1,13.951535100019857,0.0,0.0,0.44536157292185224,1.48,0.0,1.3302084927744486,24.5,0.0,94.08,0.0,1.0729591685140492,0.0,35.51241826634922,14.868,195.0404826005794
t1752,5.699999999999999,2.1,33.09875257767627,0.0,0.0,0.8464605276256855,1.48,12.683830846280129,4.746659639260661,24.5,2.190750470159241,94.08,0.0,13.526034398232932,0.0,43.684323028253985,14.868,253.5048114874889
t1753,5.699999999999999,2.1,17.803968069235346,0.0,0.0,1.2060062717770048,1.48,0.0,2.5025905197604783,24.5,0.0,94.08,0.0,11.462467105381524,0.0,50.9704341393651,14.868,226.67346610551945
t1754,5.699999999999999,2.1,18.941054464468717,0.0,0.0,1.4024759581881543,1.48,0.0,3.1268350211576834,24.5,0.0,94.08,10.88327608666116,9.046063342650603,0.0,54.6227833457143,14.868,240.75048821884064
t1755,5.699999999999999,2.1,19.769334504190667,0.0,0.0,1.5382554504728738,1.48,0.0,3.4308619768463062,24.5,0.0,94.08,23.349260118789303,6.99740132257028,0.0,57.09723532015877,14.868,254.91034869302817
t1756,5.699999999999999,2.1,19.7887982579146,0.0,0.0,1.6002125435540073,1.48,0.0,3.4875276934131736,24.5,0.0,94.08,45.0,6.248603884819274,0.0,70.36637695650725,14.868,289.2195193362083
t1757,5.699999999999999,2.1,18.37663341183714,0.0,0.0,1.5832339472374317,1.48,0.0,3.1518752271457102,24.5,0.0,94.08,28.708422002452036,6.233326728674698,0.0,45.520634416666724,14.868,246.30212573401374
t1758,5.699999999999999,2.1,27.140861668083208,0.0,0.0,1.8821767645594847,1.48,0.0,2.149600879840319,24.5,0.0,94.08,0.0,7.473370168835341,0.0,34.10131151063494,14.868,215.4753209919533
t1759,5.699999999999999,2.1,6.20334997286991,0.0,0.0,3.4539287144649093,1.48,0.0,4.325581781237523,24.5,0.0,94.08,45.0,0.7483644510040142,0.0,35.11382856344072,14.868,237.57305348301708
t1760,5.699999999999999,2.1,35.65303276417017,0.0,1.1171035975943622,1.6739965514401716,1.48,89.9,10.224,24.5,1.5083071338083454,94.08,45.0,0.0,0.0,33.173213757264435,3.827492648761332,349.9371464530388
t1761,5.699999999999999,2.1,43.54,0.0,0.0,4.220892599133898,1.48,89.9,8.079089708657316,24.5,1.1076775239739072,24.00569218940822,45.0,0.0,0.0,30.59588145491034,0.9788377686581989,281.20807124474186
t1762,5.699999999999999,2.1,43.54,0.0,0.0,4.296934311428572,1.48,89.9,6.744893506653308,0.0,6.988257284204717,6.473513678319242,45.0,0.0,0.0,34.417403028253986,0.0,246.6410018088598
t1763,5.699999999999999,2.1,38.02466936266137,0.0,0.0,3.9843428118911093,1.48,89.9,6.360608280801603,0.0,6.971228050888108,38.41292225499871,45.0,0.0,0.0,29.882247570219025,6.064790906203415,273.88080923766336
t1764,5.699999999999999,2.1,43.54,0.0,0.0,2.8706148490094576,1.48,89.9,6.480256013507015,0.0,5.739695431299547,89.67194993783478,45.0,0.0,0.0,60.96150431875027,0.0,353.44402055040104
t1765,5.699999999999999,2.1,35.75058168440915,0.0,0.0,3.6194049933598804,1.48,89.9,7.030629958637273,0.0,6.470968992433518,60.62654853006087,45.0,0.0,0.0,59.54462239333335,0.0,317.222756552234
t1766,5.699999999999999,2.1,43.54,0.0,0.0,2.054680851996019,1.48,89.9,9.915551155376061,0.0,6.617591204435523,52.19195171681182,45.0,0.0,0.0,17.20685585428574,0.0,275.7066307829051
t1767,5.699999999999999,2.1,40.21609520623635,0.0,0.0,1.3289081292483822,1.48,89.9,10.006900337194391,0.0,8.293849221073758,54.48598347270181,45.0,0.0,0.0,38.94872461555554,0.0,297.4604609820102
t1768,5.699999999999999,2.1,26.083878999364458,0.0,0.0,1.160269901274266,1.48,89.9,4.075391699559123,3.9734564331409956,9.302689680478316,0.0,45.0,0.0,0.0,11.854526557667336,4.800399156958715,205.43061242844323
t1769,5.699999999999999,2.1,25.613052574657402,0.0,0.0,2.0211152749427583,1.48,0.0,3.5122044500598797,24.5,0.0,94.08,34.982220446146094,6.342251789236944,0.0,41.44307324030307,14.868,256.64191777534614
t1770,5.699999999999999,2.1,21.122357344309822,0.0,0.0,0.0,1.48,1.7998510327752455,0.0,24.5,0.0,94.08,45.0,12.395459252530118,0.0,46.28769223523814,14.868,269.3333598648533
t1771,5.699999999999999,2.1,5.195237185422037,0.0,0.0,0.0,1.48,0.0,0.0,24.5,0.0,94.08,10.091082286549113,12.56198246939759,0.0,62.97631921936511,14.868,233.55262116073385
t1772,5.699999999999999,2.1,6.288210373108238,0.0,0.0,0.017718666002987268,1.48,6.358301278944705,0.0,24.5,10.390420528151472,94.08,0.0,0.0,0.0,29.438155727301602,14.868,195.22080657350898
t1773,5.699999999999999,2.1,8.321908486315792,0.0,0.0,0.1540106520657055,1.48,0.0,0.0,24.5,0.0,94.08,0.0,12.653123381526102,0.0,42.889286520317484,14.868,206.74632904022508
t1774,5.699999999999999,2.1,24.448143401906655,0.0,0.0,0.34461533101045316,1.48,0.0,0.3020009564870254,24.5,0.0,94.08,0.0,1.4781848154216861,0.0,41.56719604412701,14.868,210.8681405489528
t1775,5.699999999999999,2.1,30.890339469433968,0.0,0.0,0.7172923842707827,1.48,0.0,1.1288054419161673,24.5,0.0,94.08,32.66354285457321,12.448138275180723,0.0,50.19011627253974,14.868,270.76623469791457
t1776,5.699999999999999,2.1,16.281958138748763,0.0,0.0,2.185535092085615,1.48,0.0,2.097910280239521,24.5,0.0,94.08,0.0,12.356508462811243,0.0,63.38175159968258,14.868,239.03166357356773
t1777,5.699999999999999,2.1,17.703632418788487,0.0,0.0,2.324132762568445,1.48,0.0,2.8488873740518956,24.5,14.943999003487795,94.08,45.0,0.0,0.0,78.37901555795398,14.868,303.9276671168506
t1778,5.699999999999999,2.1,18.664683064270104,0.0,0.0,1.601619213539075,1.48,0.0,3.395877394011977,24.5,0.0,94.08,24.426449053697088,0.0,0.0,60.59212103444448,14.868,251.40874975996275
t1779,5.699999999999999,2.1,19.21874661938431,0.0,0.0,1.6985181682429067,1.48,0.0,3.583239811576847,24.5,0.0,94.08,35.45521816306138,0.0,0.0,61.262116044761925,14.868,263.94583880702737
t1780,5.699999999999999,2.1,19.057406003694137,0.0,0.0,1.74237043305127,1.48,0.0,3.739092106986029,24.5,7.510799038798058,94.08,36.430709608753666,5.878115476947788,0.0,66.48715477428573,14.868,283.5736474425167
t1781,5.699999999999999,2.1,17.69498495106257,0.0,0.0,1.7099614733698365,1.48,0.0,3.303116135728542,24.5,5.27375911431009,94.08,45.0,5.78975556257028,0.0,80.95095368333035,14.868,302.45053092037165
t1782,5.699999999999999,2.1,32.47030967797417,0.0,0.0,1.5533560975609768,1.48,0.0,2.3076320942115776,24.5,0.0,94.08,45.0,7.0849304573494,0.0,41.556289694920686,14.868,272.7005180220168
t1783,5.699999999999999,2.1,7.405208803694143,0.0,0.0,3.402743362458936,1.48,0.0,4.423806881437127,24.5,0.0,94.08,45.0,1.1611669349397562,0.0,37.91632672413357,14.868,242.0372527066635
t1784,5.699999999999999,2.1,36.41762048991204,0.0,0.7343710653850041,2.038100356855685,1.48,89.9,10.224,24.5,5.751204109593581,94.08,45.0,0.0,0.0,33.12125426830504,12.471765615526268,363.51831590557765
t1785,5.699999999999999,2.1,43.54,0.0,0.0,3.2959766210353414,1.48,89.9,7.855187478757514,24.5,2.0886881368389347,50.45091088947786,45.0,0.0,0.0,64.07624516142856,0.0,339.9870082875382
t1786,5.699999999999999,2.1,43.54,0.0,0.0,3.450894888830265,1.48,89.9,6.533750324729455,21.75033621151515,0.0,32.000986316356304,45.0,0.0,0.0,62.59780561312617,0.0,314.0537733545574
t1787,5.699999999999999,2.1,38.09365329076466,0.0,0.0,4.577799717103036,1.48,89.9,6.333461938356713,0.0,7.776065094119416,0.5689218475703158,45.0,0.0,0.0,43.23023490126987,0.0,244.760136789184
t1788,5.699999999999999,2.1,43.54,0.0,0.0,4.292948149158787,1.48,89.9,7.087996149178355,0.0,9.50138912816859,36.9488824579881,45.0,0.0,0.0,38.65699775904765,0.0,284.2082136435415
t1789,5.699999999999999,2.1,32.85587721433963,0.0,0.0,3.9472872233250387,1.48,89.9,7.408748808697393,0.0,6.431374819377822,81.91936550918473,45.0,0.0,0.0,34.92517172666668,0.0,311.6678253015913
t1790,5.699999999999999,2.1,43.54,0.0,0.0,2.4522246051070185,1.48,89.9,7.726601195951907,0.0,8.12012980648269,51.27704669012291,45.0,0.0,0.0,25.82685420285717,0.0,283.1228565005217
t1791,5.699999999999999,2.1,35.21938815559087,0.0,0.0,2.8427950381582896,1.48,89.9,9.594408666292587,0.0,9.687000969131963,17.499559067214307,45.0,0.0,0.0,42.938331409841254,0.0,261.9614833062293
t1792,5.699999999999999,2.1,24.167066830546183,0.0,0.0,1.6737107176007975,1.48,89.9,3.874998180320641,24.5,3.666264591329653,8.261952165457393,45.0,0.0,0.0,15.06394054712879,3.1142948608862016,228.50222789326963
t1793,5.699999999999999,2.1,27.577076552810333,0.0,0.0,1.4696307552812358,1.48,0.0,3.4412418244710583,24.5,0.0,94.08,3.9604489477963467,6.324834563212854,0.0,21.71245712349208,14.868,207.2136897670639
t1794,5.699999999999999,2.1,5.309850889493542,0.0,0.0,0.7764415131906426,1.48,0.0,1.2708042418601788,24.5,0.0,94.08,0.0,12.023722358554215,0.0,13.481356025079402,14.868,175.59017502817798
t1795,5.699999999999999,2.1,18.862406901155524,0.0,0.0,0.0,1.48,6.814646973921871,0.0,24.5,0.0,94.08,0.0,7.5018742494779085,0.0,47.322249050476195,14.868,223.22917717503148
t1796,5.699999999999999,2.1,7.148480482343591,0.0,0.0,0.06668422100547608,1.48,1.9757660156265793,0.0,24.5,0.0,94.08,0.0,12.23135670088353,0.0,20.020839745555552,14.868,184.17112716541473
t1797,5.699999999999999,2.1,25.746834007666344,0.0,0.0,0.4185855649576914,1.48,0.0,0.25667093013972003,24.5,0.0,94.08,0.0,11.797143568835343,0.0,27.110922285238114,14.868,208.05815635683717
t1798,5.699999999999999,2.1,10.814492398927506,0.0,0.0,1.0918574982503553,1.48,0.0,0.7170045493013976,24.5,0.0,94.08,23.337037270431196,0.0,0.0,63.296276253492074,14.868,241.98466797040254
t1799,5.699999999999999,2.1,30.594045527030776,0.0,0.0,1.9510781483325041,1.48,0.0,0.7003281500998003,24.5,0.0,94.08,45.0,12.241921424257027,0.0,70.90772114285718,14.868,304.1230943925773
t1800,5.699999999999999,2.1,16.049255060297913,0.0,0.0,1.1579331010452973,1.48,0.0,1.4963333205588825,24.5,0.0,94.08,0.0,12.102084371566265,0.0,47.25303860317461,14.868,220.78664445664296
t1801,5.699999999999999,2.1,17.5444606213704,0.0,0.0,1.4566470881035345,1.48,30.379391334443746,6.175436252143206,24.5,0.0,94.08,0.0,0.0,0.0,53.21827193650793,14.868,251.5022072325688
t1802,5.699999999999999,2.1,18.633110075193645,0.0,0.0,1.6156438028870093,1.48,0.0,3.0023262866267486,24.5,0.0,94.08,30.4000434054797,0.0,0.0,49.443264923492066,14.868,245.82238849367917
t1803,5.699999999999999,2.1,19.275386142720947,0.0,0.0,1.733319362867099,1.48,0.0,2.8696556279441108,24.5,0.0,94.08,22.374833457367696,0.0,0.0,60.55849666952382,14.868,249.53969126042364
t1804,5.699999999999999,2.1,36.491840959006964,0.0,0.0,2.867764659034346,1.48,0.0,3.5487912606786423,24.5,0.0,94.08,45.0,6.091384182811244,0.0,61.89612148073033,14.868,298.62390254226153
t1805,5.699999999999999,2.1,19.040528148679243,0.0,0.0,1.8029208561473378,1.48,0.0,3.025941912974052,24.5,13.748971844803682,94.08,15.3193786224249,5.371722655421685,0.0,50.567935390158745,14.868,251.60539943060962
t1806,5.699999999999999,2.1,18.22697104838133,0.0,0.0,1.7443890492782486,1.48,23.59904439911228,5.869825615544794,24.5,0.0,94.08,45.0,0.0,0.0,60.40929293101583,14.868,297.57752304333246
t1807,5.699999999999999,2.1,7.575623768381331,0.0,0.0,3.7630108448780493,1.48,0.0,5.217891340159681,24.5,0.0,94.08,45.0,0.0,0.0,12.910886963663952,10.907046389466263,213.2344593065493
t1808,5.699999999999999,2.1,38.336206875193014,0.0,0.0,5.035254249556994,0.0,89.9,10.224,24.5,1.0932962628800809,26.322835709948475,45.0,0.0,0.0,17.191343517142865,0.0,265.4029366147214
t1809,5.699999999999999,2.1,43.54,0.0,0.0,6.244032569268292,0.0,89.9,10.224,0.0,6.936455899729052,34.426121660401684,45.0,0.0,0.0,57.23928749089737,0.0,301.3098976202964
t1810,5.699999999999999,2.1,36.679708422681244,0.0,0.0,7.6511972668438215,0.0,89.9,10.224,0.0,5.241622545198195,83.40705483758425,45.0,0.0,0.0,70.50095712349207,0.0,356.4045401957996
t1811,5.699999999999999,2.1,43.54,0.0,0.0,7.486244913718269,0.0,89.9,10.224,18.84528405842955,11.33360238930742,94.08,45.0,0.0,0.0,69.34174956126986,0.0,397.55088092272507
t1812,5.699999999999999,2.1,43.54,0.0,6.5,3.0018257997312103,0.0,89.9,10.224,24.5,12.83932220102358,94.08,45.0,0.0,0.0,37.225686818730175,0.0,374.610834819485
t1813,5.699999999999999,2.1,43.54,0.0,3.9369464143768766,1.8039446945794173,0.6475813814078422,89.9,10.224,24.5,13.070620410015051,94.08,45.0,0.0,0.0,29.09314865349207,0.0,363.5962415538712
t1814,5.699999999999999,2.1,43.54,0.0,0.0,6.209742972453958,0.0,89.9,10.224,21.120624425412846,13.103494316651721,94.08,45.0,0.0,0.0,15.78156213269841,0.0,346.75942384721696
t1815,5.699999999999999,2.1,21.188054920476667,0.0,1.9689025448615989,3.4315787726891465,0.0,89.9,10.224,0.0,7.368993657190165,86.0961246731101,45.0,0.0,0.0,31.66486064238755,0.0,304.64251521071526
t1816,5.699999999999999,2.1,20.55127729497518,0.0,0.0,1.3817533038128427,1.48,89.9,5.507485809819638,0.0,10.224434530767684,23.60158031950749,45.0,0.0,0.0,8.386703464716028,1.9717714128902317,215.8050061364891
t1817,5.699999999999999,2.1,22.609561895094327,0.0,0.0,1.430451860308611,1.48,26.85425850024949,5.42101925190252,24.5,0.0,94.08,24.729461710428208,6.363747412771083,0.0,40.16939079036567,14.868,270.30589142111995
t1818,5.699999999999999,2.1,23.364095179463757,0.0,0.0,0.0,1.48,0.0,0.0,24.5,0.0,94.08,45.0,0.0,0.0,21.591445250476223,14.868,232.68354042993997
t1819,5.699999999999999,2.1,7.15323519932472,0.0,0.0,0.9676981368802806,1.48,0.0,0.0,24.5,11.00595316392626,94.08,0.0,9.400115453161623,0.0,22.022576996507937,14.868,193.27757894980084
t1820,5.699999999999999,2.1,24.947541058311813,0.0,0.0,0.2662001991040332,1.48,0.0,0.0,24.5,11.407502740408571,94.08,5.672405690031332,10.490043590682731,0.0,28.93613509238099,14.868,224.44782837091947
t1821,5.699999999999999,2.1,9.872905507169808,0.0,0.0,0.4393612742658045,1.48,0.0,0.0,24.5,0.0,94.08,45.0,10.652830601445782,0.0,36.45661128285717,14.868,245.14970866573856
t1822,5.699999999999999,2.1,11.823131922264144,0.0,0.0,0.6544491786958699,1.48,0.35859972805683143,0.0,24.5,0.0,94.08,0.0,0.0,0.0,57.83811007403283,14.868,213.40229090304967
t1823,5.699999999999999,2.1,14.4939204028997,0.0,0.0,0.9160629168740679,1.48,0.0,0.42659721197604766,24.5,0.0,94.08,8.187827669347476,0.0,0.0,82.79140239333336,14.868,249.54381059443065
t1824,5.699999999999999,2.1,16.753398059304864,0.0,0.0,2.2977246391239436,1.48,0.0,1.3676620151696604,24.5,0.0,94.08,0.0,10.525999238714858,0.0,58.87527540920637,14.868,232.54805936151968
t1825,5.699999999999999,2.1,25.421192542580762,0.0,0.0,1.5059862618218027,1.48,0.0,2.0166889133732533,24.5,0.0,94.08,35.44209288837085,10.207579358714861,0.0,63.95861667904764,14.868,281.28015664390915
t1826,5.699999999999999,2.1,19.263290810049657,0.0,0.0,1.6884313588850186,1.48,0.0,2.695239811576847,24.5,0.0,94.08,30.510080010089005,0.0,0.0,66.5490160447619,14.868,263.4340580353624
t1827,5.699999999999999,2.1,20.0474437395432,0.0,0.0,1.7762783474365362,1.48,0.0,3.0435840750499,24.5,1.1394107149423027,94.08,45.0,0.8239711312560509,0.0,67.3778638915873,14.868,281.9365518998153
t1828,0.0,2.1,16.09748346148957,0.0,0.0,1.8460214036834257,1.48,0.0,3.435461274251497,24.5,0.8448545759092018,94.08,41.31389514048553,5.2807616342168675,0.0,64.98086167000001,14.868,270.8273391600361
t1829,0.0,2.1,15.710391107964256,0.0,0.0,1.8834952712792443,1.48,0.0,3.5172457053892225,24.5,1.3177228843321624,94.08,42.00678519302769,5.0044391675501965,0.0,62.23086842571432,14.868,268.6989477552571
t1830,5.699999999999999,2.1,19.204468565759676,0.0,0.0,1.8317154803384779,1.48,9.396318961449525,4.533050404750293,24.5,0.0,94.08,42.82956193541561,5.207176994859437,0.0,55.77175595507941,14.868,281.5020482976524
t1831,5.699999999999999,2.1,0.0,0.0,0.0,3.827562177789946,1.48,0.0,5.339428307265472,24.5,0.9736853301354743,94.08,45.0,0.0,0.0,18.72435126981941,12.430436171520638,214.15546325653094
t1832,5.699999999999999,2.1,0.0,5.722444034499491,0.0,6.078979135389505,0.5087253379158313,89.9,7.262923699107359,24.5,0.4757427450476656,14.057013666924231,45.0,0.0,0.0,45.166997845801625,0.0,246.4728264646857
t1833,5.699999999999999,2.1,19.918129548321748,0.0,0.0,4.482210667824789,1.48,89.9,8.328577408857718,0.0,7.373322438926242,47.541103099234924,45.0,0.0,0.0,70.0315314726984,0.0,301.85487463586384
t1834,5.699999999999999,2.1,38.092633162065546,0.0,0.0,3.5043205732503733,1.48,89.9,7.340751127494989,0.0,5.545861609081786,91.08626134863835,45.0,0.0,0.0,64.47620386809429,10.026465600060428,364.25249728868573
t1835,5.699999999999999,2.1,43.54,0.0,0.0,3.426142872901942,1.48,89.9,7.287859891783569,15.394262579610682,10.771224459661191,94.08,45.0,0.0,0.0,41.804759472698414,0.0,360.4842492766558
t1836,5.699999999999999,2.1,43.54,0.0,0.0,4.310678462747635,1.48,89.9,7.748022501803607,24.5,13.57474662068239,94.08,45.0,0.0,0.0,58.78914036206778,3.8234985417837586,394.54608648908516
t1837,5.699999999999999,2.1,31.165073818629605,0.0,0.0,3.874498771358885,1.48,89.9,8.70511148252505,22.767997367524156,13.523097660029896,94.08,45.0,0.0,0.0,34.94101644115637,13.562822667150042,366.799618208374
t1838,5.699999999999999,2.1,43.54,0.0,0.062077299043785644,3.385343928659636,1.48,89.9,10.224,1.7390209971716042,9.311977232835082,94.08,45.0,0.0,0.0,0.0,5.652680906693164,312.17510036440325
t1839,5.699999999999999,2.1,35.98505385290965,0.0,0.0,2.72266542143355,1.48,89.9,8.552191151429993,0.0,11.784013991580533,55.023861453875575,45.0,0.0,0.0,21.62299723705734,0.888819435387712,280.75960254367436
t1840,5.699999999999999,2.1,21.41028620579941,0.0,0.0,4.03432026639124,1.48,74.00815755280483,4.72445334004706,13.597090036646486,10.190843314000997,0.0,45.0,4.939792584002184,0.0,0.0,2.5595171782721,189.7444604779643
t1841,5.699999999999999,2.1,22.489977340178744,0.0,0.0,1.284425180368344,1.48,0.0,0.48776893289420975,24.5,0.0,94.08,0.0,10.066139426425702,0.0,21.47161165365081,14.868,198.52792253351782
t1842,5.699999999999999,2.1,22.33080620230387,0.0,0.0,0.0,1.48,16.107352299137496,0.0,24.5,7.859810662680618,94.08,45.0,15.413516077108431,0.0,12.58015698698416,14.868,262.0196422282146
t1843,5.699999999999999,2.1,6.2029869371598725,0.0,0.0,0.0,1.48,14.481889369051252,0.0,24.5,0.0,94.08,0.0,15.633066378634535,0.0,49.244873485396845,14.868,228.2908161702425
t1844,5.699999999999999,2.1,24.49728882395233,0.0,0.0,0.18243255350920934,1.48,7.878437127143579,0.0,24.5,11.050555057299452,94.08,0.0,16.075924184257033,0.0,56.01260874253968,14.868,258.42524648870125
t1845,5.699999999999999,2.1,9.844363302601781,0.0,0.0,0.44508023892483967,1.48,8.70245722252663,0.0,24.5,0.0,94.08,0.0,13.890946707148595,0.0,25.310450637777805,14.868,200.92129810897967
t1846,5.699999999999999,2.1,29.001090214220465,0.0,0.0,1.1468284397654178,1.48,2.435653565499741,0.0,24.5,12.239738913801697,94.08,45.0,8.39929591718875,0.0,38.615296669523836,14.868,279.5659037199999
t1847,5.699999999999999,2.1,15.092959131797416,0.0,0.0,0.9781597809855657,1.48,0.0,0.6560691241516975,24.5,0.0,94.08,0.0,0.0,0.0,37.0408633361905,14.868,196.49605137312517
t1848,5.699999999999999,2.1,17.489531127825224,0.0,0.0,1.3027636635141866,1.48,0.0,1.7558365237524942,24.5,0.0,94.08,45.0,0.3645002245783144,0.0,53.739276034603215,14.868,262.37990757427343
t1849,5.699999999999999,2.1,35.99445863527309,0.0,0.0,1.5409281234445,1.48,0.0,2.3425280926147716,24.5,0.0,94.08,14.50633024866498,8.49779599563781,0.0,56.09231274477885,14.868,261.702353840414
t1850,5.699999999999999,2.1,19.925475517100296,0.0,0.0,1.7102428073668503,1.48,0.0,2.912718569261476,24.5,0.0,94.08,14.3287883038837,9.620590633574297,0.0,55.72455362476193,14.868,246.95036945594853
t1851,5.699999999999999,2.1,20.533592696842106,0.0,0.0,2.508108957126134,1.48,0.0,3.240164439121756,24.5,0.0,94.08,43.28698201209066,7.665119779277109,0.0,65.62482890283269,14.868,285.58679678729044
t1852,5.699999999999999,2.1,20.960499976280442,0.0,0.0,1.7631470383275267,1.48,0.0,3.3170147385229556,24.5,0.0,94.08,38.397809835113335,6.3298019058634525,0.0,53.33579489460318,14.868,266.83206838871087
t1853,5.699999999999999,2.1,18.695825070228395,0.0,0.0,1.7733252364360388,1.48,0.0,2.8503520638722546,24.5,0.0,94.08,23.03434490970584,6.567689906666668,0.0,46.17050124380955,14.868,241.82003843071874
t1854,5.699999999999999,2.1,16.215767473406153,0.0,0.0,1.6140471876555509,1.48,0.0,1.9094348502993992,24.5,0.0,94.08,0.0,3.048992001159581,0.0,34.730756799365096,14.868,200.24699831188576
t1855,5.699999999999999,2.1,13.805268865952977,0.0,0.0,3.3150473804678944,1.48,0.0,3.188906026427145,24.5,0.0,94.08,45.0,5.065066274136546,0.0,50.984970894603215,14.868,264.0872594415878
t1856,5.699999999999999,2.1,7.83847565247269,0.0,0.0,3.4202886170532603,1.48,89.9,4.7626313879759525,24.5,0.0,94.08,45.0,0.0,0.0,23.60634265288289,10.167175128378647,312.55491343876344
t1857,5.699999999999999,2.1,24.836534466613703,0.0,2.4405843275289416,1.9317850669120924,1.48,89.9,10.224,24.5,0.6304168734269942,10.610627073605531,45.0,0.0,0.0,26.689705812380986,14.868,260.91165362046826
t1858,5.699999999999999,2.1,43.54,0.0,0.0,4.195967661353906,1.48,89.9,9.43770560765531,0.0,8.340975787857502,0.5925787378373167,45.0,0.0,0.0,4.7203226377778265,14.868,229.87555043248187
t1859,5.699999999999999,2.1,43.54,0.0,0.0,4.034542872901941,1.48,89.9,9.638262340320647,0.0,8.135184974330155,28.719197899106806,45.0,0.0,0.0,34.55029457428573,14.868,287.66548266094526
t1860,5.699999999999999,2.1,43.54,0.0,0.150852297161561,2.3901819559637016,1.48,89.9,10.224,0.0,8.143082907355744,44.5743174380074,45.0,0.0,0.0,27.88071343142858,14.868,295.95114802991696
t1861,5.699999999999999,2.1,37.988170175808456,0.0,3.8573449966784166,0.0,1.48,89.9,10.224,0.0,9.09037359423984,34.653741439820394,45.0,0.0,0.0,21.055696215555567,14.868,275.91732642210263
t1862,5.699999999999999,2.1,41.56889338736844,0.0,0.0,2.0151202745943255,1.48,89.9,4.948701459719439,0.0,10.154214149764176,15.371047509017453,45.0,0.0,0.0,21.06670048105564,8.122300733494459,247.42697799501394
t1863,5.699999999999999,2.1,32.27113152615691,0.0,0.0,1.653362753108266,1.48,89.9,6.7922506146292605,24.5,4.080657304164574,10.203149433380492,45.0,3.2338012640358387,0.0,0.0,14.196106922462773,241.1104598179381
t1864,5.699999999999999,2.1,18.532532842303883,0.0,0.0,0.5589767980886018,1.48,0.0,3.209458611257483,24.5,6.959657234510789,79.69831585759943,45.0,9.018437105943772,0.0,35.6367239998603,14.868,247.26210244956425
t1865,5.699999999999999,2.1,18.544388607308843,0.0,0.0,0.0,1.48,78.38379052394723,10.224,24.5,0.0,94.08,0.0,18.734913482168672,0.0,20.38881284396826,14.868,289.003905457393
t1866,5.699999999999999,2.1,19.574377205283017,0.0,0.0,0.2222610253857647,1.48,89.9,10.224,24.5,0.0,94.08,0.0,20.0,0.0,17.9049865203175,14.868,300.5536247509863
t1867,5.699999999999999,2.1,3.8881627067725852,0.0,0.0,0.48955177842146724,1.48,0.0,3.0720755497005974,24.5,0.0,94.08,0.0,7.603799277751003,0.0,25.223230330476238,14.868,183.0048196431219
t1868,5.699999999999999,2.1,5.334069360198608,0.0,0.0,0.0,1.48,89.9,8.473501649500996,24.5,0.0,94.08,0.0,4.975104239196783,0.0,28.30673731396829,14.868,279.7174125628647
t1869,5.699999999999999,2.1,8.049415934180736,0.0,0.0,0.0,1.48,89.9,10.224,24.5,0.0,94.08,0.0,2.9872354767871445,0.0,32.68545636158732,14.868,286.5741077725552
t1870,5.699999999999999,2.1,10.897102130804363,0.0,0.0,0.3057347934295677,1.48,86.3159738130898,10.224,24.5,0.0,94.08,0.0,9.628936657631504,0.0,42.679265305136845,14.868,302.77901270009204
t1871,5.699999999999999,2.1,31.127769459503476,0.0,0.0,0.7300509706321563,1.48,35.72518856112921,4.751177773858193,24.5,0.0,94.08,0.0,14.534824460562248,0.0,43.86446632317464,14.868,273.46147754885993
t1872,5.699999999999999,2.1,16.974839965958292,0.0,0.0,1.056061523145845,1.48,62.57148278172499,10.224,24.5,0.0,94.08,0.0,9.590956561003035,0.0,49.92454270126987,14.868,293.06988353310203
t1873,5.699999999999999,2.1,18.489509280754714,0.0,0.0,1.371613439522151,1.48,30.015000443797895,6.130989420684538,24.5,0.0,94.08,0.0,12.001977315180726,0.0,53.79546016158731,14.868,264.53255006152733
t1874,5.699999999999999,2.1,19.455328545898706,0.0,0.0,1.5563593827775022,1.48,5.423257188064545,3.337374407824023,24.5,0.0,94.08,9.198005118891674,9.703314892208835,0.0,48.78845561857145,14.868,240.1900951542367
t1875,5.699999999999999,2.1,20.254190512135047,0.0,0.0,1.6804142359382785,1.48,0.0,3.018089920958084,24.5,0.0,94.08,27.357334063391523,7.5748147916465856,0.0,49.94458397111112,14.868,252.55742749518063
t1876,5.699999999999999,2.1,19.8376661824429,0.0,0.0,1.7034907914385273,1.48,0.0,3.2787155273453115,24.5,0.0,94.08,37.064090676217745,6.264454575100403,0.0,48.87107444730163,14.868,259.74749219984653
t1877,5.699999999999999,2.1,18.455350392969212,0.0,0.0,1.710995420607268,1.48,0.0,2.934009890618762,24.5,0.0,94.08,27.58107965387189,6.377195840963854,0.0,43.478767472698436,14.868,243.26539867172943
t1878,5.699999999999999,2.1,16.268973034478652,0.0,0.0,1.5644759581881535,1.48,1.71750947622918,2.340428844548676,24.5,0.0,94.08,0.0,7.875066299116466,0.0,32.94664173936511,14.868,205.44109535192624
t1879,5.699999999999999,2.1,22.031293305530927,0.0,0.0,2.161072666679941,1.48,0.0,3.3364460852295417,24.5,0.0,94.08,45.0,6.642033298072287,0.0,41.820221631428595,14.868,263.7190669869413
t1880,5.699999999999999,2.1,2.071456582840126,0.0,0.0,3.477909774232822,1.48,89.9,4.338131931983968,24.5,0.0,94.08,45.0,0.0,0.0,4.097445336394954,12.948640957119828,289.6935845825717
t1881,5.699999999999999,2.1,17.293336151062565,0.0,0.0,3.247978305216526,1.48,89.9,4.001426547545978,24.5,4.026964136497742,34.17376165181774,45.0,0.0,0.0,30.169981573654002,5.969626679798588,267.56307504559317
t1882,5.699999999999999,2.1,43.54,0.0,0.0,1.9772298593130921,1.48,89.9,9.608405289498995,17.63228367427037,5.616287816382656,0.0,45.0,3.90245417638554,0.0,29.86718225682541,14.868,271.191843072676
t1883,5.699999999999999,2.1,33.61597923269117,0.0,0.0,2.130101658367347,1.48,89.9,9.778490491022044,0.0,10.860031345890617,5.270061105156757,45.0,0.0,0.0,29.8576356536508,14.868,250.56029948677872
t1884,5.699999999999999,2.1,43.54,0.0,0.8122045839959768,0.5489994941005824,1.48,89.9,10.224,0.0,11.192111049734066,12.919837476053777,45.0,0.0,0.0,21.60030981523812,14.868,259.8854624191225
t1885,5.699999999999999,2.1,33.058708326293264,0.0,4.05977740613991,0.23888351436011943,1.48,89.9,10.224,0.0,11.457181707185146,4.0083782765884655,45.0,0.0,0.0,10.955286177301637,14.868,233.05021540786854
t1886,5.699999999999999,2.1,43.54,0.0,0.0,2.3165866757889497,1.48,89.9,8.953131770504797,12.046331543355253,8.017662856083696,0.0,45.0,0.0,0.0,19.1709784851168,5.819403137643499,244.04409446849297
t1887,5.699999999999999,2.1,35.142158473843104,0.0,0.0,1.452070598138379,1.48,89.9,6.878450220080159,24.5,7.150600622910187,45.07623291626502,45.0,6.585574647488696,0.0,0.0,6.23844408234361,277.20353156106916
t1888,5.699999999999999,2.1,21.390902245124142,0.0,0.0,2.892300939452465,1.48,4.224334771946999,2.465959629940087,24.5,0.0,94.08,45.0,6.935281311726908,0.0,0.0,14.868,225.63677889819058
t1889,5.699999999999999,2.1,20.833750925084402,0.0,0.0,0.2568885950024885,1.48,79.96289059904616,10.224,24.5,0.0,94.08,0.0,15.096789572530124,0.0,16.512146838412747,14.868,285.6144665300759
t1890,5.699999999999999,2.1,20.979201435670305,0.0,0.0,0.0,1.48,89.9,8.405442074251496,24.5,0.0,94.08,0.0,4.817009787951802,0.0,2.544116272539723,14.868,269.37376957041334
t1891,5.699999999999999,2.1,4.817654265858988,0.0,0.0,0.22471644418478393,1.48,89.9,8.683986318562875,24.5,0.0,94.08,0.0,3.0662545293172627,0.0,41.61722913582692,14.868,291.0378406937508
t1892,5.699999999999999,2.1,22.99991444460775,0.0,0.0,0.0,1.48,89.9,9.805863706187624,24.5,0.0,94.08,0.0,13.905519160481925,0.0,35.8450663854036,14.868,315.18436369668086
t1893,5.699999999999999,2.1,8.62683599376364,0.0,0.0,0.0,1.48,89.9,10.224,24.5,0.0,94.08,0.0,14.300656406104414,0.0,55.163100488767995,14.868,320.94259288863606
t1894,5.699999999999999,2.1,23.929230035165908,0.0,0.0,0.2098697859631672,1.48,84.10606325114153,10.224,24.5,0.0,94.08,0.0,1.8335858136441965,0.0,36.258023098253986,14.868,299.28877198416876
t1895,5.699999999999999,2.1,14.322208387010924,0.0,0.0,0.5969441513190642,1.48,74.74216076306443,10.224,24.5,0.0,94.08,0.0,13.494482867469879,0.0,43.92738652031749,14.868,300.03518268918174
t1896,5.699999999999999,2.1,16.772861813028793,0.0,0.0,0.9564907914385274,1.48,65.2273792466768,10.224,24.5,0.0,94.08,0.0,13.712093939759033,0.0,50.73232427904763,14.868,300.3531500699508
t1897,5.699999999999999,2.1,18.292716827924526,0.0,0.0,1.2770144350423103,1.48,24.564010349520508,5.278349501253006,24.5,0.0,94.08,0.0,11.015323883212853,0.0,55.33346747269844,14.868,258.4888824696516
t1898,5.699999999999999,2.1,19.322113054339624,0.0,0.0,1.4477357889497273,1.48,0.0,2.6268643720558873,24.5,0.0,94.08,6.80432539118636,8.788259869718877,0.0,50.53941412984134,14.868,232.25671260609178
t1899,5.699999999999999,2.1,19.704450690883814,0.0,0.0,1.5536867098058746,1.48,0.0,3.0300861189620756,24.5,0.0,94.08,22.84972862196119,7.518787902811245,0.0,51.57549921873019,14.868,248.9602392631544
t1900,5.699999999999999,2.1,19.410339469433964,0.0,0.0,1.5794359382777512,1.48,0.0,3.1213945500997995,24.5,0.0,94.08,26.981972331547365,6.487584159036143,0.0,50.12891191714289,14.868,250.4376383655379
t1901,5.699999999999999,2.1,18.111495378073485,0.0,0.0,1.598665206570433,1.48,0.0,2.5147187592814353,24.5,0.0,94.08,14.290660585433939,6.479226337349396,0.0,43.440139526666684,14.868,229.16290579337536
t1902,5.699999999999999,2.1,15.915608585620651,0.0,0.0,1.4303351916376312,1.48,25.699510275332376,6.450226664896421,24.5,0.0,94.08,0.0,8.126645814779113,0.0,29.033145875873025,14.868,229.38347240813923
t1903,5.699999999999999,2.1,18.27393176870619,0.0,0.0,2.5959361808661034,1.48,0.0,2.7273707111776444,24.5,0.0,94.08,45.0,3.433174911887552,0.0,52.3651021298413,14.868,267.1235157024788
t1904,5.699999999999999,2.1,34.80493878160874,0.0,0.0,2.7485163838626185,1.48,89.9,5.4635540726731096,24.5,0.0,94.08,45.0,0.0,0.0,26.79650289354977,7.706417206364549,340.27992933805876
t1905,5.699999999999999,2.1,43.54,0.0,1.0761342895520927,2.0594166898098845,1.48,89.9,10.224,24.5,2.3809094468840932,50.23720512089599,45.0,0.0,0.0,39.133337631428574,14.868,332.1990031785706
t1906,5.699999999999999,2.1,43.54,0.0,1.3293145764368375,2.0671193563684125,1.48,89.9,10.224,17.29001952897636,3.290189814329847,0.0,45.0,0.0,0.0,46.511465440952406,14.868,283.30010871706384
t1907,5.699999999999999,2.1,43.54,0.0,5.2656750828686425,0.0,1.48,89.9,10.224,0.0,8.479321917280481,13.385086595163314,45.0,0.0,0.0,20.962072558400415,12.122105870775435,258.15826202448824
t1908,5.699999999999999,2.1,43.54,0.0,5.046950142929042,0.25291123299515883,1.48,89.9,10.224,0.0,8.317050412624184,19.5587202891077,45.0,0.0,0.0,15.751617694920668,14.868,261.7392497725767
t1909,5.699999999999999,2.1,43.54,0.0,6.5,0.0,1.48,89.9,10.224,0.0,9.415134655484195,0.7420452904628252,45.0,0.0,1.262569719899498,27.942172092903238,10.465131701810261,254.27105346055998
t1910,5.699999999999999,2.1,43.54,0.0,0.0,2.898420324370333,1.48,89.9,9.63096047318557,24.5,2.9964895743803304,0.33485066051125245,45.0,0.0,0.0,46.39305665657029,3.8869765360725,278.36075422509026
t1911,5.699999999999999,2.1,36.586391122661375,0.0,0.0,2.1463159938576424,1.48,89.9,7.960689119839685,24.5,6.20449022088309,54.31824076228866,45.0,0.0,0.0,20.63175246602696,12.890223940302112,309.41810362585954
t1912,5.699999999999999,2.1,20.961179079682232,0.0,0.0,3.74682200855152,1.48,0.0,2.2990494769660685,24.5,0.0,94.08,45.0,5.644038358072286,0.0,40.538049235435786,14.868,260.91713815870787
t1913,5.699999999999999,2.1,20.55172765120158,0.0,0.0,1.1295938214833259,1.48,89.9,9.881525930339324,24.5,0.0,94.08,0.0,17.020456925542163,0.0,24.366396425079365,14.868,305.5777007536458
t1914,5.699999999999999,2.1,5.25233549723932,0.0,0.0,0.7371882528621218,1.48,89.9,10.224,24.5,0.0,94.08,0.0,9.332940815421681,0.0,12.527817304444461,14.868,270.7022818699676
t1915,5.699999999999999,2.1,5.762702925243309,0.0,0.0,0.3651508887450091,1.48,89.9,6.862458898203592,24.5,0.0,94.08,0.0,7.619143822650595,0.0,17.62930936793655,14.868,270.86676590277904
t1916,5.699999999999999,2.1,6.944347413823237,0.0,0.0,1.0050334494773536,1.48,89.9,10.224,24.5,0.0,94.08,0.0,6.921871180562245,0.0,22.95395953619051,14.868,280.6772115800534
t1917,5.699999999999999,2.1,8.973707890486594,0.0,0.0,0.1264820308611258,1.48,89.9,10.155861996007983,24.5,0.0,94.08,0.0,19.556088095742968,0.0,28.099513167936532,14.868,299.5396531810352
t1918,5.699999999999999,2.1,11.331366281747764,0.0,0.0,0.390536386261822,1.48,89.04493610350075,10.224,24.5,0.0,94.08,0.0,11.869822629095845,0.0,35.53164173936511,14.868,301.12030313997127
t1919,5.699999999999999,2.1,14.301882667050641,0.0,0.0,0.7440755599800905,1.48,79.21234776864534,10.224,24.5,0.0,94.08,0.0,17.268965637429716,0.0,63.92535389335823,14.868,328.404625526464
t1920,5.699999999999999,2.1,33.73370193219464,0.0,0.0,1.0365509208561485,1.48,39.72512795474435,6.205968472902547,24.5,0.0,94.08,0.0,17.97017090730924,0.0,49.806752225079386,14.868,291.2062724130863
t1921,5.699999999999999,2.1,18.316518218192652,0.0,0.0,1.350837730214038,1.48,63.804143512937586,10.224,24.5,0.0,94.08,0.0,15.21305772626506,0.0,55.08136809809527,14.868,306.7179252857046
t1922,5.699999999999999,2.1,19.360609578669315,0.0,0.0,1.492995619711301,1.48,13.054007206231354,3.815309899888639,24.5,0.0,94.08,0.0,12.229703634377508,0.0,58.6048909457143,14.868,251.28551688459237
t1923,5.699999999999999,2.1,19.782305705779546,0.0,0.0,1.6106711796913897,1.48,0.0,2.755743375648702,24.5,0.0,94.08,10.502026219816202,9.97669410827309,0.0,53.59074967587305,14.868,240.94619026508195
t1924,5.699999999999999,2.1,19.68932457370407,0.0,0.0,1.6273684420109522,1.48,0.0,2.8169050522954087,24.5,0.0,94.08,22.284029882629813,8.028262948433733,0.0,54.05954366317464,14.868,251.23343456224865
t1925,5.699999999999999,2.1,17.939352379066538,0.0,0.0,1.6375457441513204,1.48,0.0,2.24025948742515,24.5,0.0,94.08,14.571390190349913,7.267415770602409,0.0,50.56591785984129,14.868,236.9498814314366
t1926,5.699999999999999,2.1,15.493467572711015,0.0,0.0,1.4692157292185175,1.48,7.346956169366927,3.7088817856302705,24.5,0.0,94.08,0.0,8.676210935421688,0.0,48.36481835365078,14.868,227.78755054599918
t1927,5.699999999999999,2.1,1.3475853064462278,0.0,0.0,3.104783368521653,1.48,0.0,2.7578842694211576,24.5,0.0,94.08,45.0,3.576303358072291,0.0,68.56599576460322,14.868,267.08055206706456
t1928,5.699999999999999,2.1,32.35353966415095,0.0,0.0,3.316859846520658,1.48,89.9,6.567052030791911,24.5,0.0,94.08,45.0,0.0,0.0,41.67077164603302,6.374309679919438,353.04253286741596
t1929,5.699999999999999,2.1,43.54,0.0,1.3780906836034241,3.0864946010926504,1.48,89.9,10.224,24.5,1.0992010190667334,35.53129238961296,45.0,0.0,0.0,47.58600880603178,14.868,325.9930874994075
t1930,5.699999999999999,2.1,43.54,0.0,0.45183740291897356,2.7172964039857925,1.48,89.9,10.224,11.678346269680981,4.059625369207768,0.0,45.0,0.0,0.0,54.11706506063495,14.868,285.83617050642846
t1931,5.699999999999999,2.1,33.868788789155914,0.0,0.0,3.033204396047786,1.48,89.9,9.989990687935872,0.0,7.986203001073759,14.828875667405343,45.0,0.0,0.0,58.16181058380953,14.868,286.9168731254282
t1932,5.699999999999999,2.1,43.54,0.0,0.6499521446904948,2.3011241033128735,1.48,89.9,10.224,0.0,8.30198225610637,17.48514199669315,45.0,0.0,0.0,56.5176595368254,14.868,298.0678600376283
t1933,5.699999999999999,2.1,43.54,0.0,4.6082354614494285,0.2860041795191147,1.48,89.9,10.224,0.0,9.009814669553439,6.1864594121845204,45.0,6.125978301927715,0.0,50.779645759047625,14.868,289.80813778368184
t1934,5.699999999999999,2.1,39.60055555793447,0.0,0.0,2.7212506877351927,1.48,89.9,5.232751338677354,9.300359185702264,6.760031422262084,0.0,45.0,0.0,0.0,40.72224166330713,10.582725541651556,259.09991539727
t1935,5.699999999999999,2.1,33.83085332754717,0.0,0.0,4.381994839054257,1.48,66.09359945150209,3.956377724627028,24.5,4.889200004094331,37.38312308609138,45.0,2.513162428674698,0.0,19.552165351904783,14.868,266.24847621349574
t1936,5.699999999999999,2.1,30.420750022532786,0.0,0.0,3.245189640298656,1.48,0.0,2.55317632770459,24.5,3.81087193739909,94.08,45.0,8.336834690120481,0.0,66.25808808206351,14.868,302.3529107001191
t1937,5.699999999999999,2.1,34.201469603535244,0.0,0.0,0.5645183610552525,1.48,89.9,10.224,24.5,0.0,94.08,0.0,20.0,0.0,24.34191299650798,14.868,321.95990096109847
t1938,5.699999999999999,2.1,19.906515271488956,0.0,0.0,0.0,1.48,89.9,8.386099235129741,24.5,0.0,94.08,0.0,20.0,0.0,15.218252037460363,14.868,296.13886654407906
t1939,5.699999999999999,2.1,4.879938277775561,0.0,0.0,0.8142668561398558,1.48,89.9,10.224,24.5,0.0,94.08,0.0,7.264787108273086,0.0,53.38351552952381,14.868,309.1945077717123
t1940,5.699999999999999,2.1,6.1891676720158815,0.0,0.0,0.0,1.48,89.9,9.990274313772453,24.5,0.0,94.08,0.0,5.060126942329318,0.0,28.45278854539684,14.868,282.3203574735145
t1941,5.699999999999999,2.1,8.757882667050637,0.0,0.0,0.2354783474365363,1.48,84.29774869000506,10.224,24.5,0.0,94.08,0.0,18.10616936,0.0,27.65925761238101,14.868,292.00853667687323
t1942,5.699999999999999,2.1,11.164839965958288,0.0,0.0,0.49849785963165916,1.48,81.70496198356163,10.224,24.5,0.0,94.08,0.0,8.638335554494521,0.0,58.52934871190967,14.868,313.48798407555574
t1943,5.699999999999999,2.1,26.627635673725337,0.0,0.0,0.8349670482827286,1.48,72.61300891145608,10.224,24.5,0.0,94.08,0.0,16.821185551807226,0.0,47.51425997396829,14.868,317.36305715923964
t1944,5.699999999999999,2.1,16.71836330260179,0.0,0.0,1.1375292185166759,1.48,64.13485809104007,10.224,24.5,0.0,94.08,0.0,16.62910625831325,0.0,53.32999013269845,14.868,304.90184700317025
t1945,5.699999999999999,2.1,18.227846917298905,0.0,0.0,1.4142005973120957,1.48,58.17498479585995,10.224,24.5,0.0,94.08,0.0,12.167232404943215,0.0,57.188361561269886,14.868,300.12462627668407
t1946,5.699999999999999,2.1,35.57602074980646,0.0,0.0,1.565411348929817,1.48,0.0,3.7662593497810133,24.5,0.0,94.08,16.894012247607062,10.478143833574297,0.0,59.20776872349209,14.868,270.2156162531907
t1947,5.699999999999999,2.1,19.899088228123137,0.0,0.0,1.689466202090593,1.48,0.0,3.238199225548901,24.5,0.0,94.08,9.513237797130527,8.848963057670684,0.0,51.47809888222227,14.868,237.3950533927861
t1948,5.699999999999999,2.1,19.64434939992056,0.0,0.0,1.7242665007466413,1.48,0.0,3.2194038642714555,24.5,0.0,94.08,13.495248135449888,7.652612928835345,0.0,49.25433856476192,14.868,237.7182193939858
t1949,5.699999999999999,2.1,18.33078236913605,0.0,0.0,1.7099614733698365,1.48,55.01019110502281,10.224,24.5,0.0,94.08,30.60263612777521,7.521139780401606,0.0,43.09895443777779,14.868,309.2256652934833
t1950,5.699999999999999,2.1,15.923825070228402,0.0,0.0,2.6013619711299154,1.48,49.17875406079349,9.09696519997687,24.5,0.0,94.08,23.541571351202897,0.0,0.0,39.496725053333385,14.868,282.56720270666494
t1951,5.699999999999999,2.1,12.373850253362608,0.0,0.0,3.2532524576207074,1.48,0.0,3.4596888827544916,24.5,0.0,94.08,45.0,3.3429233947791137,0.0,58.30801566317463,14.868,268.46573065169156
t1952,5.699999999999999,2.1,36.87592968385303,0.0,0.0,3.4600633308412156,1.48,89.9,7.550087158434369,24.5,0.0,94.08,45.0,0.0,0.0,36.987080501169444,5.619419526324268,353.25258020062233
t1953,5.699999999999999,2.1,43.54,0.0,0.0,4.117253276087606,1.48,89.9,9.511616715711423,24.5,1.378213694741594,48.1788677563905,45.0,0.0,0.0,43.75907318031748,14.868,334.03302462324865
t1954,5.699999999999999,2.1,43.54,0.0,0.0,4.39578378878049,1.48,89.9,8.699342919519035,21.3058278461952,0.2684451766616764,0.0,45.0,0.0,0.0,35.565136568328015,14.868,272.82253629948445
t1955,5.699999999999999,2.1,34.28429874808343,0.0,0.0,4.300476073499254,1.48,89.9,8.982702836593186,5.458497981759123,6.426228167075228,0.0,45.0,0.0,0.0,52.994307457923966,6.590203279534342,263.2167145444686
t1956,5.699999999999999,2.1,43.54,0.0,0.0,4.028685033180688,1.48,89.9,9.172172386452907,0.0,7.8149030142197695,22.711743994287303,45.0,0.0,0.0,38.7457040250794,14.868,285.06120845322005
t1957,5.699999999999999,2.1,43.54,0.0,0.6718029538600923,2.1327093577553593,1.48,89.9,10.224,0.0,8.364874026342196,23.052238483723134,45.0,0.0,0.0,33.75849344095241,14.868,280.7921182626332
t1958,5.699999999999999,2.1,42.50360197457797,0.0,4.609354822949166,0.0,1.48,89.9,10.224,0.0,10.113355812042148,4.0592799756037365,45.0,0.0,0.15279919751707607,34.758719793783506,0.0,250.6011115764736
t1959,5.699999999999999,2.1,33.771028993565054,0.0,0.0,2.4715936444300657,1.48,89.9,5.564837033266532,24.5,4.634691971179127,13.520082653227039,45.0,0.0,0.0,22.812349151885417,6.248426191218527,257.7030096387718
t1960,5.699999999999999,2.1,16.38448175535253,0.0,0.0,3.6264868030662027,1.48,0.0,4.185045921317367,24.5,6.428321177310587,81.11778043402373,45.0,3.873597284819272,0.0,8.265697592553298,14.868,217.529410968443
t1961,5.699999999999999,2.1,13.448197808579936,0.0,0.0,0.7293926268591344,1.48,76.58036057777775,10.224,24.5,0.0,94.08,0.0,4.060112409156621,0.0,20.34542511396829,14.868,268.11548853634173
t1962,5.699999999999999,2.1,21.781956152651443,0.0,0.0,0.7003191637630676,1.48,89.9,10.224,24.5,0.0,94.08,0.0,9.328825366071541,0.0,15.938264923492081,14.868,290.6013656059781
t1963,5.699999999999999,2.1,10.344001238861887,0.0,0.0,0.0,1.48,89.9,9.453243613572855,24.5,0.0,94.08,0.0,3.7565615201606413,0.0,23.280736352063517,14.868,279.4625427246589
t1964,5.699999999999999,2.1,7.408863799126112,0.0,0.0,0.0,1.48,82.07929943338407,10.224,24.5,0.0,94.08,0.0,15.988385941847385,0.0,27.21798618380957,14.868,285.6465353581671
t1965,5.699999999999999,2.1,9.521278893465727,0.0,0.0,0.20401105027376862,1.48,79.59679822912224,10.224,24.5,0.0,94.08,0.0,2.474369824578312,0.0,31.147141739365107,14.868,275.8955997368051
t1966,5.699999999999999,2.1,11.677807195352532,0.0,0.0,0.4888420109507227,1.48,59.05645527746836,8.392597715480084,24.5,0.0,94.08,0.0,14.623373840642566,0.0,68.18746396158731,14.868,305.15454000148156
t1967,5.699999999999999,2.1,14.32957680806355,0.0,0.0,0.7853967147834752,1.48,67.83315300943683,10.224,24.5,0.0,94.08,0.0,13.964474242248993,0.0,70.67211285545342,14.868,320.53671362998625
t1968,5.699999999999999,2.1,28.460313469999473,0.0,0.0,1.071492782478846,1.48,57.821029302891944,10.224,24.5,0.0,94.08,0.0,13.399091587630519,0.0,51.93981634253973,14.868,305.6437434855405
t1969,5.699999999999999,2.1,19.956875579100437,0.0,0.0,1.3611548033847694,1.48,0.0,9.15034325429142,24.5,0.0,94.08,0.0,11.51090117429719,0.0,50.35028810761907,14.868,235.0575629186929
t1970,5.699999999999999,2.1,19.27584493120159,0.0,0.0,1.5187448481831773,1.48,0.0,2.8844881724550895,24.5,0.0,94.08,0.6202274956970882,9.00608410120482,0.0,54.11021394222225,14.868,230.143603490964
t1971,5.699999999999999,2.1,20.035334504190665,0.0,0.0,1.646879044300649,1.48,0.0,3.606462318562873,24.5,0.0,94.08,21.16961831733183,7.9641758401606415,0.0,56.81753055825402,14.868,253.96800058280067
t1972,5.699999999999999,2.1,20.157747612432978,0.0,0.0,1.7088361373817822,1.48,0.0,3.9294624143712578,24.5,0.0,94.08,30.491023848548508,6.839405836626506,0.0,56.124679764603215,14.868,261.9791556139642
t1973,5.699999999999999,2.1,19.451880680953323,0.0,0.0,1.7372571428571433,1.48,0.0,3.8285393085828354,24.5,0.0,94.08,26.922563452819617,6.446331836144577,0.0,54.00186906000004,14.868,255.11644148135753
t1974,5.699999999999999,2.1,18.201904514121154,0.0,0.0,1.6606222996515685,1.48,0.0,3.418055322954091,24.5,0.0,94.08,15.59711506577456,6.461588233734936,0.0,47.83473890126987,14.868,235.90202433750616
t1975,5.699999999999999,2.1,4.1475600203773615,0.0,0.0,3.5028754541363876,1.48,0.0,4.8664700920558905,24.5,0.0,94.08,45.0,0.0,0.0,26.870522802747026,13.213620196817725,225.46104856613437
t1976,5.699999999999999,2.1,0.6998569044289984,0.0,0.0,3.520817138705824,1.48,89.9,2.293246727134269,24.5,1.8706584484997484,91.36128797874899,45.0,0.0,0.0,46.942682602848826,2.1061640205236634,317.4747138208903
t1977,5.699999999999999,2.1,11.257029379821251,0.0,0.0,4.179517686241911,1.48,89.9,8.676881574709418,21.54618447090909,0.0,13.495549967611318,45.0,0.0,0.0,45.69541411380953,14.868,263.89857719310254
t1978,5.699999999999999,2.1,26.686755549513403,0.0,0.0,3.169277765883525,1.48,89.9,6.846272964929859,0.0,5.275039639939789,22.58246099952712,45.0,0.0,0.0,54.540210558253996,14.868,278.1480174780477
t1979,5.699999999999999,2.1,40.915993583753746,0.0,0.0,3.118244316406172,1.48,89.9,6.578219608016034,0.0,4.564440698996488,66.2891218795495,45.0,0.0,0.0,54.34005299650798,14.868,334.85407308322993
t1980,5.699999999999999,2.1,43.54,0.0,0.0,3.892842823125934,1.48,89.9,6.373785020160319,0.0,3.736431452574009,90.38722765653974,45.0,0.0,0.0,22.377272272539695,14.868,329.35555922493967
t1981,5.699999999999999,2.1,43.54,0.0,0.0,3.5400257997312106,1.48,89.9,7.934780726773544,4.792156578910446,5.4570919250224215,94.08,45.0,0.0,0.0,19.70307365076989,14.868,338.0951286812075
t1982,5.699999999999999,2.1,29.43537474788482,0.0,0.0,1.7226458096864117,1.48,89.9,9.864259684689374,0.0,4.553453550767688,81.6197619846458,45.0,0.0,0.0,7.606074028951589,11.525711256052363,290.5072810626781
t1983,5.699999999999999,2.1,39.74710859535254,0.0,4.392947087015605,0.0,1.48,89.9,10.224,0.0,6.580937136046162,37.6717731029396,45.0,0.0,0.6789363554473956,17.70627335669923,14.868,276.04997563350054
t1984,5.699999999999999,2.1,20.044298890208538,0.0,0.0,1.3171920433947242,1.48,89.9,5.0298307511823666,21.574602421259332,1.9258014323368213,0.0,45.0,0.0,0.0,0.9250727015703806,10.904645581067468,205.9014438210196
t1985,5.699999999999999,2.1,26.120741719462096,0.0,0.0,2.0775110937580896,1.48,0.0,3.733906810299403,24.5,0.0,94.08,30.83808782314187,0.0,0.0,18.98062084396831,14.868,224.47886829062975
t1986,5.699999999999999,2.1,6.868661217199598,0.0,0.0,0.0,1.48,0.0,0.015178601197603156,24.5,0.0,94.08,0.0,0.0,0.0,13.471492939523841,14.868,163.08333275792103
t1987,5.699999999999999,2.1,24.624887632293934,0.0,0.0,1.0272158287705335,1.48,0.0,0.05224408942115735,24.5,0.0,94.08,45.0,11.021849675180723,0.0,50.295890945714305,14.868,274.75008817138064
t1988,5.699999999999999,2.1,8.816273928222435,0.0,0.0,0.3128666998506729,1.48,0.0,0.37391047025948176,24.5,0.0,94.08,0.0,11.790655192771085,0.0,24.440938901269895,14.868,188.46264519237357
t1989,5.699999999999999,2.1,10.046786341330685,0.0,0.0,0.5456858138377314,1.48,0.0,0.9795171624750504,24.5,0.0,94.08,22.134149008246137,11.215926579116466,0.0,29.9422940503175,14.868,217.59235895532356
t1990,5.699999999999999,2.1,11.492692994756696,0.0,0.0,0.7309442508710814,1.48,0.0,1.3078773940119766,24.5,0.0,94.08,0.0,9.383023384945385,0.0,35.97098611380956,14.868,201.61352413839467
t1991,5.699999999999999,2.1,30.67450034331679,0.0,0.0,1.006954405176706,1.48,0.0,2.0959891704590805,24.5,0.0,94.08,45.0,0.0,0.0,73.28091151063497,14.868,294.7863554295875
t1992,5.699999999999999,2.1,15.772021693862953,0.0,0.0,1.2591434544549538,1.48,0.0,2.581976244311377,24.5,0.0,94.08,0.0,10.783662695100402,0.0,48.50386112349209,14.868,221.62866521122174
t1993,5.699999999999999,2.1,16.86022626188679,0.0,0.0,1.5331421602787458,1.48,0.0,3.2262277413173637,24.5,0.0,94.08,26.53850245103274,0.0,0.0,54.2169559550794,14.868,245.10305456959503
t1994,5.699999999999999,2.1,17.771977999721944,0.0,0.0,1.6793802887008469,1.48,0.0,3.564598998802395,24.5,0.0,94.08,45.0,8.093754566586343,0.0,83.33788992028323,14.868,302.1756017740948
t1995,5.699999999999999,2.1,18.213137880556104,0.0,0.0,2.869544051767049,1.48,0.0,4.108746703393211,24.5,0.0,94.08,32.25741834504449,7.626641624096382,0.0,58.15869570761905,14.868,265.9621843124763
t1996,5.699999999999999,2.1,18.149560919285,0.0,0.0,2.6688663613738193,1.48,0.0,4.2029012502994,24.5,0.0,94.08,45.0,3.831372354171085,0.0,56.16860205682543,14.868,272.74930294195474
t1997,5.699999999999999,2.1,17.287121991777557,0.0,0.0,1.8811953210552523,1.48,9.028151635879075,5.279468013704844,24.5,0.0,94.08,45.0,5.316650646907629,0.0,53.38674587587307,14.868,279.9073334851974
t1998,5.699999999999999,2.1,16.272434802105263,0.0,0.0,1.8462534594325548,1.48,0.0,5.0527196752090155,24.5,0.0,94.08,45.0,0.0,0.0,46.1429379393651,14.868,257.04234587611194
t1999,5.699999999999999,2.1,2.1562451534855924,0.0,0.0,2.657413930990544,1.48,0.0,5.247803750698605,24.5,0.0,94.08,45.0,0.7277471499598356,0.0,27.691625968207752,14.868,226.20883595334232
t2000,5.699999999999999,2.1,18.529342460575975,0.0,0.0,0.0,1.48,89.9,10.224,24.5,2.0677724761966876,62.052935873348886,45.0,0.0,0.0,28.779919558718984,0.0,290.33397036884054
t2001,5.699999999999999,2.1,37.22583894220462,0.0,0.0,0.7509580961572929,1.48,89.9,10.224,0.0,7.50534434041144,1.8187705529546456,45.0,0.0,0.0,21.656243692343725,0.0,223.36115562407173
t2002,5.699999999999999,2.1,33.44042036158889,0.0,0.0,2.487147163837353,1.48,89.9,10.224,0.0,5.665001050556949,53.589086712793076,45.0,0.0,0.0,32.469312542539704,0.0,282.05496783131593
t2003,5.699999999999999,2.1,34.94106797429992,0.0,0.0,5.6522523719163775,0.0,89.9,10.224,1.3432135778760577,5.272052917259595,94.08,45.0,0.0,0.0,37.547408098095254,0.0,331.7599949394472
t2004,5.699999999999999,2.1,28.93521948071501,0.0,0.0,3.5951856720657056,1.48,89.9,10.224,24.38980589216829,12.636965245500745,94.08,45.0,0.0,0.0,70.25259330444446,0.0,388.2937695948942
t2005,5.699999999999999,2.1,24.261069264707047,0.0,0.0,4.863663858624609,0.18107502669841719,89.9,10.224,24.5,12.62711136429503,94.08,45.0,0.0,0.0,63.90527482825398,0.0,377.3421943425791
t2006,5.699999999999999,2.1,25.09247372627607,0.0,0.0,3.2627796989447484,1.48,89.9,10.224,11.834368997381144,9.069973714866267,94.08,45.0,0.0,0.0,25.70483127269841,0.0,323.44842741016663
t2007,5.699999999999999,2.1,26.71730681275075,0.0,0.0,6.5897750282030865,0.0,89.9,10.01818774424078,0.0,6.900909216517813,84.27872672498378,45.0,0.0,0.0,39.181440986984164,0.0,316.3863465136804
t2008,5.699999999999999,2.1,25.268623903992058,0.0,0.0,1.5239174650871088,1.48,89.9,3.5398667841683387,0.0,9.307661203341699,8.84717305723299,45.0,0.0,0.0,0.45449342319554414,8.015109568680762,201.1368454056985
t2009,0.0,2.1,17.253179742244285,0.0,0.0,1.6647842644897972,1.48,0.0,4.046913717924152,24.5,2.0231370747896134,94.08,36.70680736851682,6.394625442088352,0.0,23.898898710793684,14.868,229.01634632084668
t2010,5.699999999999999,2.1,24.937169658113206,0.0,0.0,1.7347663514186176,1.48,0.0,0.8492768798403211,24.5,0.0,94.08,16.133370256322397,9.689561647068276,0.0,15.666375072698457,14.868,211.73851986546126
t2011,5.699999999999999,2.1,14.850702868969469,0.0,0.0,0.6338553509208578,1.48,0.0,0.6489092343313376,24.5,0.0,94.08,16.758091421410583,0.0,0.0,35.5292724157782,14.868,211.14883129141046
t2012,5.699999999999999,2.1,8.766544037457795,0.0,0.0,0.784172822299652,1.48,0.0,0.8214728702594802,24.5,0.0,94.08,22.527623185088157,9.875957626827308,0.0,26.139955212063516,14.868,211.64372575399588
t2013,5.699999999999999,2.1,10.276458635273082,0.0,0.0,0.874832254853161,1.48,0.0,1.3382591057884228,24.5,0.0,94.08,0.4097478713178477,0.0,0.0,31.79832779015878,14.868,187.42562565739127
t2014,5.699999999999999,2.1,11.81059170379344,0.0,0.0,1.0352356396217037,1.48,0.0,1.8622630978043897,24.5,0.0,94.08,1.5836362620967823,5.283985382604781,0.0,38.923603980634944,14.868,203.22731606655603
t2015,5.699999999999999,2.1,14.815294782244289,0.0,0.0,1.2680547536087623,1.48,0.0,2.6702340135728537,24.5,0.0,94.08,32.114399018393044,0.0,0.0,47.791649378095265,14.868,241.3876319459142
t2016,5.699999999999999,2.1,17.3736244743992,0.0,0.0,1.5008729716276767,1.48,4.110815454328709,5.15122248191079,24.5,0.0,94.08,45.0,6.140150265381526,0.0,54.16874144158734,14.868,276.1734270892352
t2017,0.0,2.1,11.219560919285005,0.0,0.0,1.7975190642110501,1.48,0.0,5.702489900569855,24.5,0.0,94.08,0.0,10.556705541847391,0.0,52.529840488571445,14.868,218.83411591448473
t2018,0.0,2.1,11.954845924250249,0.0,0.0,1.8663688402190146,1.48,0.0,2.7849609405189604,24.5,0.0,94.08,0.0,9.549656718554216,0.0,62.65473667968258,14.868,225.838569103225
t2019,0.0,2.1,14.006492103268526,0.0,0.0,1.8924907914385274,1.48,0.0,2.979023862674651,24.5,0.0,88.8991932986229,16.655486687002885,7.922224610120482,0.0,63.24935096539684,14.868,238.5522623185248
t2020,0.0,2.1,11.719556947090368,0.0,0.0,1.820679840716775,1.48,0.0,2.9109539081836315,24.5,0.0,66.36044883898839,23.867233030050013,0.0,0.0,52.212392235238134,14.868,201.8392648002673
t2021,0.0,2.1,10.386540065263157,0.0,0.0,1.6890710801393736,1.48,0.0,2.3929598003992028,24.5,0.0,94.08,0.05502290879731569,6.3409164168674685,0.0,43.25542674936509,14.868,201.1479370208316
t2022,0.0,2.1,7.999463600516386,0.0,0.0,1.4782945744151326,1.48,0.0,2.9303149940119746,24.5,0.0,94.08,0.0,2.7454595503085826,0.0,32.682427155873036,14.868,184.86395987512512
t2023,0.0,2.1,5.421670154637531,0.0,0.0,1.1412555500248893,1.48,0.0,1.6783348790419181,24.5,0.0,94.08,0.0,8.09663672176707,0.0,27.48346780282498,14.868,180.84936510829635
t2024,0.0,2.1,13.36012372794439,0.0,0.0,1.4175194561274265,1.48,0.0,1.8217090778842318,24.5,0.0,94.08,5.774298973636416,4.368150964417673,0.0,46.57215731396829,14.868,210.34195951397842
t2025,5.699999999999999,2.1,13.541343447745778,0.0,0.0,2.6583027313887517,1.48,65.70221601714414,4.518399686381413,24.5,0.0,94.08,45.0,0.0,0.0,76.05363683550684,12.735312913071493,348.0692116312384
t2026,5.699999999999999,2.1,0.0,0.0,0.0,3.617402582060728,1.48,89.9,4.276845172625251,24.5,0.0,94.08,45.0,0.0,0.0,53.92360344142636,10.356797318267873,334.93464851438017
t2027,5.699999999999999,2.1,0.0,0.9257581932861488,0.0,1.7024615168541566,1.48,89.9,4.465097892104205,24.5,0.0,55.63593652809716,45.0,0.0,0.0,51.13517054802584,0.3160802010876148,282.8605048794551
t2028,5.699999999999999,2.1,6.611087845283022,0.0,0.0,4.43003742697796,0.22351045118236373,89.9,4.945508108697394,24.5,0.0,7.724060536518185,45.0,0.0,0.0,54.60223242507937,0.0,245.7364367937383
t2029,5.699999999999999,2.1,9.620722302085401,0.0,0.0,1.4742512629965157,1.48,89.9,4.071391529178358,24.5,0.0,0.8002078870445434,45.0,0.0,0.0,54.4114030955236,1.788129602014094,240.84610567884252
t2030,5.699999999999999,2.1,0.9758937354915561,0.0,0.0,3.3295083063016433,1.48,89.9,4.7037133043286605,24.5,0.0,27.696048058785387,45.0,0.0,0.0,35.12702622644956,11.13938037854985,251.65157000990666
t2031,5.699999999999999,2.1,2.5785024105874927,0.0,0.0,2.734574707496267,1.48,89.9,5.7684105089779605,0.0,0.0,29.353475324696323,45.0,2.698891781686743,0.0,75.77024353619049,14.868,277.9520982696353
t2032,0.0,2.1,7.247004754121152,0.0,0.0,1.7552555042210067,1.48,0.0,1.8590043168463088,24.5,0.0,94.08,4.660320001825017,7.768054719598394,0.0,58.850369948888904,14.868,219.16800924550077
t2033,0.0,2.1,19.17628338204567,0.0,0.0,1.0565767048282746,1.48,0.0,1.5500983245908173,24.5,0.0,94.08,0.0,11.002151711967871,0.0,27.524286520317517,14.868,197.33739664375014
t2034,0.0,2.1,0.0,0.0,0.0,0.7297839721254368,1.48,0.0,0.49057097804391037,0.0,0.0,94.08,0.0,13.027771711646587,0.0,21.97448969492066,14.868,148.7506163567366
t2035,0.0,2.1,0.0,0.0,0.0,0.7640646092583382,1.48,0.0,0.0,24.5,0.0,94.08,0.0,0.9303302570281119,0.0,34.1062484250794,14.868,172.82864329136584
t2036,0.0,2.1,0.02125704639522922,0.0,0.0,0.854063713290195,1.48,0.0,0.0,0.0,0.0,94.08,0.0,13.432760203534132,0.0,33.70973627317463,14.868,160.54581723639416
t2037,0.0,2.1,1.4018489033962107,0.0,0.0,0.9591204579392737,1.48,0.0,0.27108735489021996,24.5,0.0,94.08,0.0,12.290897740401602,0.0,47.046758901904795,14.868,198.9977133585321
t2038,0.0,2.1,3.724472537954313,0.0,0.0,1.149352414136388,1.48,0.0,1.0011974211576853,24.5,0.0,94.08,0.0,11.671254539598396,0.0,54.8278827114286,14.868,209.40215962427538
t2039,0.0,2.1,6.28713986665342,0.0,0.0,1.3798706819313105,1.48,0.0,1.5633034938123753,24.5,0.0,94.08,0.0,10.46421844273092,0.0,70.05616219659476,14.868,226.77869468172278
t2040,0.0,2.1,8.879656251956309,0.0,0.0,1.574181981085118,1.48,0.0,2.4044383664670654,13.95890198283458,0.0,94.08,0.0,10.312972387309237,0.0,64.87787064730162,14.868,214.53602161695392
t2041,0.0,2.1,10.820359330407152,0.0,0.0,1.708694574415133,1.48,0.0,1.725030326546907,24.5,0.0,94.08,0.0,11.264218495742972,0.0,95.53600000000002,14.868,258.08230272711216
t2042,0.0,2.1,11.844555954041715,0.0,0.0,1.773837730214039,1.48,0.0,2.157858764071857,24.5,0.0,0.0,11.015450517520172,9.553600021847387,0.0,62.318510329841324,14.868,141.6118133175365
t2043,0.0,2.1,12.765817256246274,0.0,0.0,1.7898737680438033,1.48,0.0,2.384284959680638,24.5,0.0,94.08,5.009502101144767,7.7480349330120495,0.0,62.56176842571431,14.868,229.28728144384183
t2044,0.0,2.1,12.280099151658394,0.0,0.0,1.718062817322051,1.48,0.0,2.409324974051895,24.5,0.0,93.18745256228567,7.925582748855013,6.520139403694781,0.0,57.67286429809525,14.868,224.66152595596304
t2045,0.0,2.1,11.108422885521351,0.0,0.0,1.605964659034346,1.48,0.0,2.003205213572854,24.5,0.0,94.08,0.0,6.127575570281125,0.0,49.74813850987348,14.868,207.62130683828315
t2046,0.0,2.1,8.564357344309832,0.0,0.0,1.3810237929318072,1.48,0.0,1.228499578443116,24.5,0.0,94.08,0.0,6.523181424096385,0.0,47.428097631428585,14.868,202.15315977120972
t2047,0.0,2.1,11.43488900051165,0.0,0.0,1.0976908909905427,1.48,0.0,0.10834084790419173,0.0,0.0,94.08,0.0,0.0,0.0,35.10079356793655,14.868,160.26971430734292
t2048,0.0,2.1,27.08478284953327,0.0,0.0,1.286346096555502,1.48,0.0,1.657820218203594,24.5,0.0,94.08,11.399936084547408,7.996762715100398,0.0,43.36276696476194,14.868,229.8164149287021
t2049,5.699999999999999,2.1,27.324375678887787,0.0,0.0,0.7803078085415628,1.48,89.9,3.517354759078159,24.5,0.0,0.0,45.0,2.0343459999090747,0.0,0.0,13.251684528679238,215.58806877509585
t2050,5.699999999999999,2.1,43.54,0.0,0.0,1.1037469324838243,1.48,89.9,10.004303315511022,24.5,0.0,94.08,45.0,0.0,0.0,23.620453711419323,4.7751697903755534,345.8036737497897
t2051,5.699999999999999,2.1,35.43522390502484,0.0,0.0,3.2964408100348437,1.48,89.9,8.955092894669336,24.5,0.0,85.77088724331978,45.0,0.0,0.0,45.42773109238093,14.868,362.43337594542976
t2052,5.699999999999999,2.1,43.54,0.0,0.0,2.6471945183474377,1.48,89.9,8.288906533747497,24.5,0.0,0.0,45.0,0.0,0.0,44.50951883777779,14.868,282.53361988987274
t2053,5.699999999999999,2.1,43.54,0.0,0.0,3.280334402777502,1.48,89.9,8.128449759238476,24.5,0.0,35.34006058469636,45.0,0.0,0.0,41.48006575841272,14.868,315.316910505125
t2054,5.699999999999999,2.1,43.54,0.0,0.0,3.1222053915679453,1.48,89.9,8.788742450821642,24.5,0.0,21.37231232234817,45.0,0.0,0.0,6.351915726666695,14.868,266.7231758914045
t2055,5.699999999999999,2.1,38.823827884766644,0.0,0.0,3.5782630321851676,1.48,89.9,9.592677698757514,24.5,0.0,32.7637554386235,45.0,0.0,0.0,18.86017082912437,14.868,287.1666948834572
t2056,5.699999999999999,2.1,21.158000694220473,0.0,0.0,2.3929568019810863,1.48,89.9,4.347722073907817,24.5,0.0,31.92636587271252,45.0,4.211941776611595,0.0,0.0,10.502871768142994,243.2198589875765
t2057,0.0,2.1,3.3092050106454804,0.0,0.0,2.3297018954604285,1.48,0.0,1.7098162968063864,0.0,0.0,94.08,0.0,10.140192333975905,0.0,43.368984341300575,14.868,173.38589987818875
t2058,0.0,2.1,0.4083633026017831,0.0,0.0,0.7320839223494278,1.48,0.0,0.7808750179640723,24.5,0.0,21.686338843238854,0.0,12.31897430634538,0.0,21.724698475714302,14.868,100.59933386821382
t2059,0.0,2.1,17.668514376405152,0.0,0.0,0.7636918865107027,1.48,0.0,0.0,0.0,0.0,33.474824571254985,0.0,5.748965054185477,0.0,25.06509412031748,14.868,101.16909000867379
t2060,0.0,2.1,1.7660436713406187,0.0,0.0,0.846938974614237,1.48,0.0,7.1422068295409185,24.5,0.0,94.08,0.0,13.5623852162249,0.0,28.523762710793683,14.868,188.86933740251433
t2061,0.0,2.1,2.8637714456007877,0.0,0.0,0.9534032852165263,1.48,0.0,0.8455354107784433,24.5,0.0,94.08,0.0,0.17841466891566485,0.0,35.07029064793654,14.868,176.93941545844797
t2062,0.0,2.1,13.59112854196022,0.0,0.0,1.1489796913887516,1.48,0.0,0.23844273852295297,24.5,0.0,94.08,0.0,12.013358751164658,0.0,38.027832552063515,14.868,202.04774227510006
t2063,0.0,2.1,7.74560064123138,0.0,0.0,1.3731186660029868,1.48,0.0,0.8735675369261473,24.5,0.0,51.70115247646363,0.0,0.0,0.0,52.36838969492066,14.868,157.0098290155448
t2064,0.0,2.1,10.206180581648459,0.0,0.0,1.5546713787954218,1.48,0.0,2.7409508662674633,19.775138512520037,0.0,94.08,0.0,10.852438256385543,0.0,62.30222687333619,14.868,219.95960646895313
t2065,0.0,2.1,11.882621495253227,0.0,0.0,1.6432638128422108,1.48,0.0,3.4945786586826344,24.5,0.0,0.0,0.0,2.382419094649593,0.0,58.08482144095241,14.868,120.43570450238008
t2066,0.0,2.1,12.823777403892752,0.0,0.0,1.7187240418118468,1.48,0.0,2.572711345309383,24.5,0.0,94.08,0.0,9.488483927068273,0.0,66.99214801857147,14.868,230.62384473665372
t2067,0.0,2.1,13.382595675988087,0.0,0.0,1.729787456445994,1.48,0.0,2.756167481037923,24.5,0.0,94.08,4.7360247506357345,7.74791810698795,0.0,59.03421604476194,14.868,226.41470951585762
t2068,0.0,2.1,12.980780383038727,0.0,0.0,1.606942160278746,1.48,0.0,2.61867617724551,24.5,0.0,87.34114357769724,9.815599649342026,6.360604610441768,0.0,54.75282103444449,14.868,218.42456759248847
t2069,0.0,2.1,11.691876708758691,0.0,0.0,1.447517172722748,1.48,0.0,2.2400899209580842,24.5,0.0,94.08,3.233834607343427,5.892967168835341,0.0,46.75558928841273,14.868,208.289874867031
t2070,0.0,2.1,26.22715787193644,0.0,0.0,1.2124894972623204,1.48,0.0,1.3179866986027946,24.5,0.0,94.08,0.0,5.555449473976171,0.0,35.67900611444448,14.868,207.0200896562222
t2071,0.0,2.1,7.0453505233763725,0.0,0.0,0.9023743155798909,1.48,0.0,1.4785493828343301,24.5,0.0,94.08,0.0,0.0,0.0,35.7843147114286,14.868,182.23858893321918
t2072,5.699999999999999,2.1,27.32567360223215,0.0,0.0,1.9162923779790955,1.48,89.9,10.050546515430863,24.5,0.0,94.08,45.0,0.8008066511646588,0.0,72.6091502414286,14.868,390.3304693882353
t2073,5.699999999999999,2.1,38.26563389143993,0.0,0.0,2.632042723573918,1.48,89.9,8.637553856633266,24.5,0.0,87.16260360315789,45.0,0.0,0.0,30.54477830886075,7.789343041772407,343.7119554254382
t2074,5.699999999999999,2.1,43.54,0.0,6.5,0.6160421810863274,0.8352577267370971,89.9,10.224,0.0,0.0,41.045569044534375,45.0,0.0,0.0,52.373062431269844,0.0,297.83393138362766
t2075,5.699999999999999,2.1,43.54,0.0,5.4070987587418236,0.40186670748762865,1.48,89.9,10.224,24.5,0.0,7.629770884372506,45.0,0.0,0.0,51.76828105063924,10.485499789728092,298.13651719096924
t2076,5.699999999999999,2.1,26.29911395416088,0.0,0.4504003020533498,3.214350620797928,1.48,89.9,10.224,24.5,0.0,0.0,45.0,0.0,0.0,60.92928055927094,6.324260895931522,276.1214063322146
t2077,5.699999999999999,2.1,30.97261925843098,0.0,0.0,4.234713803713291,1.48,89.9,7.4547773912625255,24.5,0.0,0.0,45.0,0.0,0.0,71.62516871984114,5.122229430010068,288.089508603258
t2078,5.699999999999999,2.1,43.54,0.0,0.0,2.5713794084917883,1.48,89.9,7.0472941151503,24.5,0.0,0.0,45.0,0.0,0.0,59.80610214188458,6.429829630921364,288.074605296448
t2079,5.699999999999999,2.1,43.54,0.0,0.0,2.476898671806869,1.48,89.9,8.773885941723448,23.95388026383839,0.0,7.031149208501967,45.0,0.0,0.0,26.03599579079368,0.0,255.99180987666438
t2080,5.699999999999999,2.1,27.87010659360478,0.0,0.0,2.3418292758486823,1.48,89.9,3.5259033885370727,24.5,0.0,0.0,45.0,0.0,0.0,24.840442859013404,5.715571302155078,232.97385341915898
t2081,0.0,2.1,21.163121576127104,0.0,0.0,1.2545401234345452,1.48,0.0,3.0225756400798405,0.0,0.0,94.08,0.0,9.645794769638556,0.0,43.47066060585531,14.868,191.08469271513536
t2082,0.0,2.1,1.9005665365640456,0.0,0.0,0.7166526630164266,1.48,0.0,0.0,23.083736241414144,0.0,94.08,0.0,0.0,0.0,22.608702393333363,14.868,160.83765783432798
t2083,0.0,2.1,1.871579446196616,0.0,0.0,0.7237774016923848,1.48,0.0,0.0,24.5,0.0,94.08,0.0,10.068071672305631,0.0,24.44321763206354,14.868,174.13464615225817
t2084,0.0,2.1,19.793899887944374,0.0,0.0,0.820155798904929,1.48,0.0,1.0155987129740522,24.5,0.0,94.08,0.0,0.0055827289959791155,0.0,36.1497922352381,14.868,194.81302936405743
t2085,0.0,2.1,4.0735271556305825,0.0,0.0,0.9433164758586371,1.48,0.0,0.0,24.5,0.0,94.08,0.0,12.220729351967867,0.0,47.04676683841271,14.868,201.31233982186978
t2086,0.0,2.1,6.034555954041705,0.0,0.0,1.10943792931807,1.48,0.0,0.5884950163672658,24.5,0.0,94.08,0.0,11.431072423453815,0.0,90.03352457682539,14.868,246.22508590000623
t2087,0.0,2.1,8.515044533982119,0.0,0.0,1.3245249377799917,1.48,0.0,1.2264351361277441,24.5,0.0,94.08,0.0,10.300058562891564,0.0,58.16246676841271,14.868,216.55652993919412
t2088,0.0,2.1,10.86793430558093,0.0,0.0,1.5046709805873577,1.48,0.0,3.2519471584830337,16.173738394343406,0.0,94.08,0.0,10.153861092208835,0.0,62.991689656190495,14.868,217.47184158739407
t2089,0.0,2.1,12.617906500218472,0.0,0.0,2.45198494623817,1.48,0.0,2.6623054898203593,24.5,0.0,94.08,0.0,1.4752223901109556,0.0,66.95476676841271,14.868,223.19018609480065
t2090,0.0,2.1,13.510180581648463,0.0,0.0,1.658265007466402,1.48,0.0,3.0089970586826356,24.5,0.0,94.08,4.289618751494517,9.130275191807227,0.0,68.85783568793656,14.868,237.48317227903578
t2091,0.0,2.1,14.078939270824236,0.0,0.0,1.7012248880039829,1.48,0.0,3.232107790818365,24.5,0.0,0.0,18.734889828714888,7.394465705863454,0.0,67.64828422873019,14.868,155.7379117129551
t2092,0.0,2.1,13.937076311539224,0.0,0.0,1.615621403683425,1.48,0.0,3.152887184031936,24.5,0.0,66.25359311402318,22.05526180543139,6.18114951759036,0.0,63.12239057793655,14.868,219.26597991423608
t2093,0.0,2.1,12.618768596861964,0.0,0.0,1.4877201592832268,1.48,0.0,2.7638072479041904,24.5,0.0,78.28809333290744,12.911724036050005,5.834081244497989,0.0,54.732803276349244,14.868,211.58499789385405
t2094,0.0,2.1,10.618798388321746,0.0,0.0,2.372882030861125,1.48,0.0,3.158073762874252,24.5,0.0,94.08,0.0,2.4680276726837986,0.0,42.06383502238099,14.868,197.70961687712193
t2095,0.0,2.1,8.3883215945581,0.0,0.0,1.0080080637132909,1.48,0.0,0.8231306970059868,24.5,0.0,94.08,0.0,0.0,0.0,60.68505558918016,14.868,207.93251594445755
t2096,5.699999999999999,2.1,19.488016006156904,0.0,0.0,4.298688210642111,1.48,89.9,7.0394156496994,24.5,0.0,87.08396051125507,45.0,0.0,0.0,29.840294598391115,9.162349061470294,325.59272403761486
t2097,5.699999999999999,2.1,1.3306725319165884,0.0,0.0,4.22840318832546,1.1716819752304615,89.9,2.8346731976753525,0.0,0.0,29.78035084882591,45.0,0.0,0.0,55.14653295777781,0.0,237.1923146997516
t2098,5.699999999999999,2.1,25.076882152889787,0.0,0.0,4.117495187486312,1.48,89.9,8.572490844769538,24.5,0.0,11.69408477927127,45.0,0.0,0.0,72.27942578904762,0.0,290.42037875346455
t2099,5.699999999999999,2.1,43.54,0.0,0.0,4.3961735349228475,1.48,89.9,7.190247641402808,24.5,0.0,0.0,45.0,0.0,0.0,43.68937908185481,8.039210521890828,275.5350107800713
t2100,5.699999999999999,2.1,38.91931548452831,0.0,0.0,4.490811066032853,1.48,89.9,6.740666821002008,24.5,0.0,0.0,45.0,0.0,0.0,57.95419575142861,0.0,276.78498912299176
t2101,5.699999999999999,2.1,37.7424556381728,0.0,0.0,3.391043320886013,1.48,89.9,6.773022956993988,24.5,0.0,0.0,45.0,0.0,0.0,85.59808236225291,4.580849598066465,306.76545387637225
t2102,5.699999999999999,2.1,43.54,0.0,0.0,4.289554221831758,1.48,89.9,7.416943480521044,24.5,0.0,0.0,45.0,0.0,0.0,87.68331852031746,0.0,311.60981622267025
t2103,5.699999999999999,2.1,40.325278099821276,0.0,0.0,2.718268009785964,1.48,89.9,8.87537127631263,24.5,0.0,0.0,45.0,0.0,0.0,44.30268531396826,0.0,264.90160269988814
t2104,5.699999999999999,2.1,21.775868368738834,0.0,0.0,2.51663941630662,1.48,89.9,3.5186288394388776,24.5,0.0,14.71376393489878,45.0,0.0,0.0,34.89410392444588,5.088756029909361,251.18776051373837
t2105,0.0,2.1,7.108878393816898,0.0,0.0,1.4117583414534605,1.48,0.0,1.8685463203992028,24.5,0.0,94.08,0.0,0.0,0.0,29.796370456825407,14.868,177.21355351249497
t2106,0.0,2.1,17.15900878423038,0.0,0.0,0.7833503235440524,1.48,0.0,0.0,23.262312803636362,0.0,94.08,0.0,12.411957658634536,0.0,28.392371828095285,14.868,194.53700139814063
t2107,0.0,2.1,0.7470326173982041,0.0,0.0,0.8082062717770048,1.48,0.0,0.0,24.5,0.0,94.08,0.0,13.269190097670679,0.0,59.2102663231746,14.868,211.0626953100205
t2108,0.0,2.1,2.2275430444091295,0.0,0.0,0.864670184171231,1.48,0.0,0.0,24.5,0.0,94.08,0.0,13.435697297991972,0.0,30.895389764920665,14.868,184.451300291493
t2109,0.0,2.1,3.580454663078441,0.0,0.0,0.9468824290691898,1.48,0.0,0.0,24.5,0.0,16.011365084210485,0.0,1.9770199870736078,0.0,36.44670239333335,14.868,101.91042455676507
t2110,0.0,2.1,5.69330074053625,0.0,0.0,1.1092972623195627,1.48,0.0,1.6353348598802375,0.0,0.0,94.08,0.0,12.510464911967873,0.0,34.567265885396864,14.868,168.04366366010078
t2111,0.0,2.1,8.139185546891756,0.0,0.0,1.3015397710303642,1.48,0.0,0.9740374546906192,24.5,0.0,0.0,0.0,11.23153524064257,0.0,48.70976389158733,14.868,113.30406190484263
t2112,0.0,2.1,10.550897562780536,0.0,0.0,1.4411101045296175,1.48,0.0,2.849378772055889,24.5,0.0,94.08,0.0,11.215817493654619,0.0,67.59133627156079,14.868,230.67654020458144
t2113,0.0,2.1,26.554396499777923,0.0,0.0,1.5142712792434054,1.48,0.0,2.2025733349301393,24.5,0.0,94.08,0.0,11.875145104899598,0.0,50.33643985428571,14.868,229.51082607313677
t2114,0.0,2.1,13.325497364170806,0.0,0.0,1.6012240915878555,1.48,0.0,3.7034015840319365,24.5,0.0,94.08,0.0,9.99230403614458,0.0,60.41828810761909,14.868,226.06871518355427
t2115,0.0,2.1,13.982482468440914,0.0,0.0,1.6263120955699368,1.48,0.0,2.59900428263473,24.5,0.0,94.08,0.0,8.096465854939757,0.0,58.29541601718282,14.868,221.62768071876818
t2116,0.0,2.1,13.987682071221446,0.0,0.0,1.6045015430562475,1.48,0.0,2.580227741317365,24.5,0.0,94.08,0.0,6.790080312771083,0.0,49.10839374890504,14.868,211.0988854172712
t2117,0.0,2.1,12.615723779265142,0.0,0.0,1.4514549527127933,1.48,0.0,2.190845362075846,24.5,0.0,94.08,0.0,4.9076930685105555,0.0,48.64328112412703,14.868,206.83699828669137
t2118,0.0,2.1,10.733842945104275,0.0,0.0,1.2419453459432557,1.48,0.0,1.4366636311377239,0.0,0.0,94.08,0.0,6.931262063453815,0.0,37.452695409841304,14.868,170.32440939548036
t2119,0.0,2.1,8.214871743515392,0.0,0.0,1.0505952215032361,1.48,0.0,0.5100716726546906,24.5,0.0,94.08,0.0,8.409851858473894,0.0,20.01918544095241,14.868,175.23257593709963
t2120,0.0,2.1,28.511834756186694,0.0,0.0,1.0836189686311608,1.48,0.0,0.7445865261077791,24.5,0.0,94.08,0.0,8.675536123132527,0.0,44.16893769492066,14.868,220.2125140689788
t2121,0.0,2.1,43.54,0.0,0.0,2.7571629603583876,1.48,0.0,0.44940019257485037,24.5,0.0,94.08,27.74124472272839,4.737696971967874,0.0,63.751306711428605,14.868,280.0048115590581
t2122,5.699999999999999,2.1,43.54,0.0,0.0,2.9689393665306136,1.48,70.27089870536689,8.001677194624381,24.5,0.0,80.79695112194331,45.0,1.6138308639357428,0.0,82.87902601238099,14.868,383.71932326478196
t2123,5.699999999999999,2.1,34.2164499661172,0.0,0.0,3.623656439701345,1.48,89.9,8.935960725410823,18.623924384646465,0.0,27.781187552307674,45.0,0.0,0.0,63.08293618427381,0.19693450056395165,300.64104975302126
t2124,5.699999999999999,2.1,31.92146009378353,0.0,0.0,3.7071045812269627,0.8265583241683372,89.9,8.824169627414832,24.5,0.0,0.0,45.0,0.0,0.0,53.502144469523834,0.0,265.98143709611753
t2125,5.699999999999999,2.1,24.795482544945383,0.0,0.0,6.548665170782341,0.8379238543486974,89.9,9.771732706613228,24.5,0.0,0.0,45.0,0.0,0.0,55.30520136420063,0.0,264.45900564089027
t2126,5.699999999999999,2.1,4.177771326801674,0.0,0.0,6.30056719354256,1.48,89.9,9.647698749498998,24.5,0.0,0.0,45.0,0.0,2.8886551113718597,95.53600000000002,2.577994527129908,289.80868690834507
t2127,5.699999999999999,2.1,15.184723458391266,0.0,0.0,3.763937275938278,1.48,56.999972046541615,4.643199302205303,20.630861549898988,0.0,0.0,45.0,2.8959915842570276,0.0,74.1159269552381,14.868,247.38261217247054
t2128,0.0,2.1,12.57551599503475,0.0,0.0,1.835781537073172,1.48,0.0,2.1874507572455095,24.5,0.0,63.00239793844874,22.846346457841697,3.675538723293172,0.0,50.43230048857146,14.868,199.50333189750847
t2129,0.0,2.1,3.274220303594832,0.0,0.0,1.0874392234942767,1.48,0.0,1.6182316196007986,24.5,0.0,94.08,0.0,0.0,0.0,26.515399656507952,14.868,169.52329080319785
t2130,0.0,2.1,0.730585745501479,0.0,0.0,0.8349894474863127,1.48,0.0,0.6218879632734531,24.5,0.0,94.08,0.0,12.15432957911647,0.0,30.06672981523813,14.868,181.43652255061582
t2131,0.0,2.1,18.054730730605748,0.0,0.0,0.888407964161275,1.48,0.0,5.72320529021956,24.5,0.0,22.945190177489845,0.0,12.5560827924498,0.0,63.65008695809525,14.868,166.76570391302147
t2132,0.0,2.1,1.9459581387487461,0.0,0.0,0.9884920856147341,1.48,0.0,0.9804599233532935,24.5,0.0,94.08,0.0,12.424641518072287,0.0,35.5789468377778,14.868,188.94649850356686
t2133,0.0,2.1,3.636677105978148,0.0,0.0,1.1052743653558998,1.48,0.0,0.0,24.5,0.0,94.08,0.0,11.962974220883536,0.0,40.03489881222223,14.868,193.7678245044398
t2134,0.0,2.1,5.356369260893735,0.0,0.0,1.2673164758586362,1.48,0.0,0.686938320159682,24.5,0.0,94.08,0.0,11.566777931726907,0.0,37.952348425079414,14.868,193.85775041371835
t2135,0.0,2.1,17.105708860327713,0.0,0.0,1.4552475858636147,1.48,0.0,1.1363735441117766,24.5,0.0,94.08,0.0,10.557489071646588,0.0,54.84985042337529,14.868,222.13266948532498
t2136,0.0,2.1,9.159489419781535,0.0,0.0,1.6277483325037339,1.48,0.0,2.2207676493413167,24.5,0.0,94.08,0.0,10.592138407710845,0.0,88.13131921936511,14.868,248.75946302870256
t2137,0.0,2.1,10.786617523058593,0.0,0.0,1.7204192135390752,1.48,0.0,2.3833956902195625,24.5,0.0,94.08,0.0,0.0,0.0,55.45099604412701,14.868,207.36942847094423
t2138,0.0,2.1,11.854941256921549,0.0,0.0,1.8059662518666013,1.48,0.0,2.738778067864272,24.5,0.0,94.08,0.0,4.910835299034311,0.0,59.382662710793674,14.868,217.7211835864804
t2139,0.0,2.1,12.7714338090566,0.0,0.0,1.8746753608760585,1.48,0.0,2.938198275449101,24.5,0.0,0.0,15.752956056871236,7.881825832610443,0.0,70.2355077017461,14.868,154.40259703660954
t2140,0.0,2.1,13.016246122859977,0.0,0.0,1.851830861124939,1.48,0.0,3.0549278642714564,24.5,0.0,79.50291187215511,22.18556327666922,6.360521157429719,0.0,64.83026230428574,14.868,233.75026345879616
t2141,0.0,2.1,12.658126957020853,0.0,0.0,1.7682952712792441,1.48,0.0,2.96986408782435,24.5,0.0,68.1473723697587,24.580947244608517,5.689160209638553,0.0,62.5715214409524,14.868,221.3332875810826
t2142,0.0,2.1,11.819475517100297,0.0,0.0,2.699089696366351,1.48,0.0,2.673489978443113,24.5,0.0,80.16093485317812,17.54083789724181,5.317740779919678,0.0,55.38610334634923,14.868,218.5456720685986
t2143,0.0,2.1,10.62789061143992,0.0,0.0,2.3162395007428978,1.48,0.0,2.287211677445111,24.5,0.0,94.08,20.573309698186428,6.110508225301202,0.0,45.38134525047623,14.868,224.32450496359178
t2144,5.699999999999999,2.1,20.581954221211532,0.0,0.0,3.036648575092087,1.48,89.9,5.700316023406814,24.5,0.0,50.794653437489856,45.0,2.6137628198393568,0.0,24.653223166020936,14.868,290.9285582430606
t2145,5.699999999999999,2.1,40.67652056885736,0.0,1.6981335119324399,0.0,1.48,89.9,10.224,0.0,0.0,0.0,45.0,0.3299120538955799,0.0,15.76315483777779,14.868,227.73972097246318
t2146,5.699999999999999,2.1,43.54,0.0,4.568634177144475,1.1743570710362423,1.48,89.9,10.224,3.1732980008607563,11.328341492605869,0.0,45.0,0.0,0.0,15.394760140137999,8.421139610047941,242.00453049183326
t2147,5.699999999999999,2.1,43.54,0.0,0.0,4.395740920402806,1.48,89.9,10.224,0.0,10.726518338825892,43.39818768856539,45.0,0.0,0.0,37.034563129682574,0.0,293.4990100774766
t2148,5.699999999999999,2.1,38.68359006828204,0.0,0.0,3.643110518496765,1.48,89.9,10.224,0.0,9.228393123823382,71.8488526339014,45.0,0.0,0.0,62.58294349381899,2.9385308237865058,343.32942066210904
t2149,5.699999999999999,2.1,43.54,0.0,0.0,4.715738492613242,1.48,89.9,10.224,0.0,8.889894720772705,81.95489519168126,45.0,0.0,0.0,59.53782155391316,5.246947768358512,358.2892977273388
t2150,5.699999999999999,2.1,27.25263127791676,0.0,0.0,3.342090309437533,1.48,89.9,10.224,0.0,9.168227101043653,66.74057872930328,45.0,0.0,0.0,33.099493733492075,0.0,294.00702115119327
t2151,5.699999999999999,2.1,27.420663201946386,0.0,4.178503693303528,0.0,1.48,89.9,10.224,0.0,9.696568741796288,34.430931289048274,45.0,0.0,0.0,38.80981396170921,0.0,268.9404808878037
t2152,5.699999999999999,2.1,20.24522278224429,0.0,0.0,2.7557831694176214,1.48,89.9,2.549626409390218,24.5,0.0,0.0,45.0,0.0,0.0,15.600907283288906,7.618758402799598,217.45029804714062
t2153,0.0,2.1,20.517938277775567,0.0,0.0,2.4621460567346953,1.48,0.0,2.796544363872257,24.5,0.0,44.41683097311736,45.0,7.133577852771083,0.0,33.77153331460318,14.868,199.04657083887415
t2154,0.0,2.1,17.66028385870903,0.0,0.0,2.0152921851667505,1.48,0.0,0.0,24.5,0.0,94.08,9.036003171277317,0.0,0.0,58.574623028253995,14.868,224.3142022434071
t2155,0.0,2.1,0.9148518825422047,0.0,0.0,0.9931762070681941,1.48,0.0,6.064071100998006,24.5,0.0,94.08,45.0,11.602118020240964,0.0,30.32661509174605,14.868,231.92883230259542
t2156,0.0,2.1,1.8071259639721875,0.0,0.0,1.0955611747137883,1.48,0.0,6.320020156487026,24.5,0.0,94.08,0.0,11.168955613333333,0.0,33.927029377460336,14.868,191.3466922859667
t2157,0.0,2.1,16.44810963825223,0.0,0.0,1.2133774016923853,1.48,0.0,0.24219295329341284,24.5,0.0,94.08,22.889355002602613,0.0,0.0,36.73881509174606,14.868,214.5598500875867
t2158,0.0,2.1,21.390317622363447,0.0,0.0,1.3328314584370344,1.48,0.0,0.7636610650698619,24.5,0.0,0.0,45.0,10.572162689638555,0.0,42.006892869523824,14.868,164.01386570503274
t2159,0.0,2.1,6.330822091082422,0.0,0.0,1.47944230960677,1.48,0.0,0.9131611113772454,24.5,0.0,85.63090302194328,45.0,9.597664697670682,0.0,45.195488107619056,14.868,237.09548133929945
t2160,0.0,2.1,8.28147948929493,0.0,0.0,1.61967386759582,1.48,0.0,1.5535295185628746,24.5,0.0,94.08,1.1733933275440647,9.158622730281126,0.0,79.6065303304762,14.868,238.42122926375504
t2161,0.0,2.1,9.97261553696127,0.0,0.0,2.805237730214038,1.48,0.0,2.189593390818365,24.5,0.0,94.08,36.09956046664986,0.0,0.0,51.9967604892064,14.868,240.09176761384992
t2162,0.0,2.1,10.9777932926713,0.0,0.0,1.7938124440019925,1.48,0.0,2.6084615584830346,24.5,0.0,94.08,28.223052249521412,9.67131462184739,0.0,53.52837500269844,14.868,243.83080916922353
t2163,0.0,2.1,11.575956152651447,0.0,0.0,1.8176344449975121,1.48,0.0,2.7275762810379245,24.5,0.0,76.8752660934308,27.207689324742024,8.259707067630524,0.0,83.78341604476194,14.868,255.19524540925218
t2164,0.0,2.1,11.63002367996028,0.0,0.0,1.7857379790940777,1.48,0.0,8.81209333995575,24.5,0.0,33.17388602696354,45.0,1.897575884257016,0.0,57.80677382190479,14.868,203.05409073213542
t2165,0.0,2.1,11.321203421767628,0.0,0.0,1.724012941762071,1.48,0.0,3.0094145101796417,0.0,0.0,22.150952488421034,45.0,6.10073071373494,0.0,43.8026341393651,14.868,151.55694821523042
t2166,0.0,2.1,10.39994224997021,0.0,0.0,1.6528632155301146,1.48,0.0,2.907536170858284,24.5,0.0,73.49272746250065,11.192571157285446,0.0,0.0,35.289109695555574,14.868,177.88274995170028
t2167,0.0,2.1,9.159920402899704,0.0,0.0,2.6591752115480345,1.48,0.0,8.043802054854629,24.5,0.0,27.148615267287404,45.0,0.0,0.0,46.74710956793654,14.868,181.7066225045263
t2168,5.699999999999999,2.1,22.16045074554122,0.0,0.0,2.3069488239721263,1.48,89.9,5.609500709739483,24.5,0.0,24.311361501862336,45.0,0.0,0.0,3.604014149446941,5.588086894843906,232.26036282540602
t2169,5.699999999999999,2.1,41.48410038152864,0.0,5.606642491117735,0.0,1.48,89.9,10.224,24.5,0.0,0.0,45.0,0.0,0.0,4.473811901484601,1.7145120852140898,232.18306685934505
t2170,5.699999999999999,2.1,43.54,0.0,4.9906310653849975,0.0,1.48,89.9,10.224,0.0,8.701186836103634,0.0,45.0,0.0,0.0,31.307615066190486,0.0,242.94343296767912
t2171,5.699999999999999,2.1,43.54,0.0,0.0,3.6662202248183178,1.48,89.9,10.224,0.0,9.452045649864527,31.628170102770017,45.0,0.0,0.0,33.82560535841273,0.0,276.51604133586557
t2172,5.699999999999999,2.1,43.54,0.0,2.306188805742664,2.1720380448726955,1.48,89.9,10.224,0.0,9.112218177079779,52.67688562773723,45.0,0.0,0.0,64.06096796525586,3.907388668882178,332.1796872895703
t2173,5.699999999999999,2.1,43.54,0.0,0.0,4.741601509039325,1.48,89.9,10.224,0.0,8.789709634560964,73.32489446716454,45.0,0.0,0.0,61.68914677029973,4.382100931117825,350.8714533121823
t2174,5.699999999999999,2.1,43.54,0.0,0.0,3.4343203741463433,1.48,89.9,10.224,0.0,9.159189108399397,56.34979950786403,45.0,0.0,0.0,50.53821871138016,0.0,317.42552770179
t2175,5.699999999999999,2.1,26.349576926911627,0.0,5.499013281346808,0.0,1.48,89.9,10.224,1.4679983652936928,9.728762312037867,0.0,45.0,0.0,0.0,12.44385697746034,0.0,209.89320786305032
t2176,5.699999999999999,2.1,23.314645907090377,0.0,0.0,2.7979196552314582,1.48,89.9,3.6452434957915827,24.5,0.0,0.0,45.0,0.0,0.0,11.59853224693811,8.207499382900304,218.24384068795183
t2177,0.0,2.1,7.168194274364509,0.0,0.0,1.6773026918765563,1.48,0.0,2.626751943672655,0.0,0.0,0.0,0.0,7.4288401963855435,0.0,38.19700537746035,14.868,75.54609448375962
t2178,0.0,2.1,0.0,0.0,0.0,2.02345087108014,1.48,0.0,1.4425555417165656,24.5,0.0,94.08,0.0,10.387816131887552,0.0,53.74363890126985,14.868,204.6254614459541
t2179,0.0,2.1,0.0,0.0,0.0,0.950962667994027,1.48,0.0,7.3466062978043905,24.5,0.0,94.08,0.0,12.410542408995983,0.0,31.525508108253998,14.868,189.2616194830484
t2180,0.0,2.1,0.0,0.0,0.0,2.1066979591836743,1.48,0.0,0.0,24.5,0.0,94.08,0.0,12.159358162730923,0.0,34.172956361587325,14.868,185.46701248350192
t2181,0.0,2.1,1.1419104724130995,0.0,0.0,2.197358287705326,1.48,0.0,1.2726386139720556,24.5,0.0,94.08,0.0,12.537697721445786,0.0,38.01569858444447,14.868,192.19330367998074
t2182,0.0,2.1,3.004327552850044,0.0,0.0,2.0040314079125148,1.48,0.0,1.758070720958082,24.5,0.0,94.08,0.0,2.903346783422794,0.0,46.320019853650805,14.868,193.01779631879424
t2183,0.0,2.1,22.171008784230384,0.0,0.0,1.4499864609258348,1.48,0.0,0.6751497069860272,0.0,0.0,94.08,0.0,10.56642066072289,0.0,51.94561985365082,14.868,199.33618546651593
t2184,0.0,2.1,7.37103460349553,0.0,0.0,1.640218417122947,1.48,0.0,1.4793504479041903,24.5,0.0,94.08,0.0,9.85323880931727,0.0,55.68457794952383,14.868,213.05642022736376
