Zone,1,2,3,4,5,6,7,8,9,Total
AnnualSum,9.83976991691928e6,2.5949716319367397e6,2.0552500891093988e7,2.4127325214049313e6,2.8214469112142548e7,2.3701905266353156e7,5.420309366347196e7,1.0030593801525316e6,4.0312723673295945e7,1.8283522605677107e8
t1,1745.5226362615501,361.248,2839.3579497544592,556.9770000000001,2079.2356611165,4169.015845000424,6157.593000000001,0.0,6044.788122974217,23953.73821510715
t2,1518.608712981468,361.248,2839.3579497544592,556.9770000000001,2079.2356611165,4169.015845000424,6157.593000000001,0.0,5793.643707716912,23475.67987656976
t3,1512.8847162250684,361.248,2839.3579497544592,556.9770000000001,768.7576611164999,4169.015845000424,6157.593000000001,0.0,4920.993844875844,21286.828016972297
t4,1527.1951409458682,361.248,2839.3579497544592,556.9770000000001,2079.2356611165,4169.015845000424,6157.593000000001,0.0,4386.969558587087,22077.592155404338
t5,1574.3172187486678,361.248,2839.3579497544592,556.9770000000001,768.7576611164999,4169.015845000424,6157.593000000001,0.0,4750.96487845458,21178.23155307463
t6,1682.3679482141229,361.248,2839.3579497544592,556.9770000000001,2079.2356611165,4169.015845000424,6157.593000000001,0.0,6044.788122974217,23890.583527059724
t7,1745.5226362615501,361.248,2839.3579497544592,556.9770000000001,3187.494943408972,4169.015845000424,6157.593000000001,0.0,6044.788122974217,25061.99749739962
t8,831.4894092585189,361.248,2839.3579497544592,556.9770000000001,2922.658247308603,4169.015845000424,6157.593000000001,0.0,4868.8993646745275,22707.238815996534
t9,281.6998180710002,135.135358510122,2839.3579497544592,556.9770000000001,2079.2356611165,4432.500066010688,6157.593000000001,0.0,2457.425636346893,18939.924489809662
t10,281.6998180710002,51.19800000000001,1846.868049559296,134.23912566374145,2079.2356611165,1364.061,5440.981449519297,0.0,1579.824,12778.107103929835
t11,281.6998180710002,51.19800000000001,1558.130477092959,0.0,768.7576611164999,0.0,4785.1050000000005,0.0,1579.824,9024.71495628046
t12,281.6998180710002,51.19800000000001,1459.2398964742426,0.0,2079.2356611165,0.0,4785.1050000000005,0.0,1579.824,10236.302375661744
t13,281.6998180710002,51.19800000000001,807.8851579175227,0.0,2079.2356611165,0.0,4785.1050000000005,0.0,1579.824,9584.947637105024
t14,281.6998180710002,51.19800000000001,610.0101400055231,0.0,768.7576611164999,0.0,1067.4980724940133,0.0,1579.824,4358.987691687036
t15,281.6998180710002,51.19800000000001,766.7714241775731,0.0,768.7576611164999,0.0,2510.8777866039995,0.0,1579.824,5959.128689969073
t16,281.6998180710002,54.23084809607544,1348.6257322594136,0.0,768.7576611164999,0.0,3393.3674857810283,0.0,1579.824,7426.505545324018
t17,281.6998180710002,249.20309822371186,2094.2680905187476,112.64227224038405,2079.2356611165,466.820947974599,6157.593000000001,0.0,2563.502150376854,14004.965038521797
t18,1745.5226362615501,361.248,2839.3579497544592,556.9770000000001,3515.427517376519,6098.625795695506,6157.593000000001,0.0,6044.788122974217,27319.54002206225
t19,1745.5226362615501,361.248,2839.3579497544592,556.9770000000001,3887.0928649391326,4169.015845000424,6157.593000000001,107.84038956258628,6044.788122974217,25869.435808492366
t20,1745.5226362615501,361.248,2839.3579497544592,556.9770000000001,3660.269228609768,4169.015845000424,6157.593000000001,310.84499999999997,6044.788122974217,25845.61678260042
t21,1745.5226362615501,361.248,2839.3579497544592,556.9770000000001,3158.5530490221377,6942.337381200615,6157.593000000001,304.22208910842,6044.788122974217,28110.5992283214
t22,1745.5226362615501,361.248,2839.3579497544592,556.9770000000001,4406.373300234417,4169.015845000424,6157.593000000001,272.1206226674519,6044.788122974217,26552.99647689252
t23,1745.5226362615501,361.248,2839.3579497544592,556.9770000000001,2079.2356611165,4169.015845000424,6157.593000000001,232.119993571236,6044.788122974217,24185.858208678386
t24,1745.5226362615501,361.248,2839.3579497544592,556.9770000000001,2079.2356611165,4169.015845000424,6157.593000000001,310.84499999999997,6044.788122974217,24264.58321510715
t25,1745.5226362615501,361.248,2839.3579497544592,556.9770000000001,2079.2356611165,4169.015845000424,6157.593000000001,136.69067016445763,6044.788122974217,24090.42888527161
t26,1745.5226362615501,361.248,2839.3579497544592,556.9770000000001,2079.2356611165,4169.015845000424,6157.593000000001,0.0,6044.788122974217,23953.73821510715
t27,1745.5226362615501,361.248,2839.3579497544592,556.9770000000001,2079.2356611165,4169.015845000424,6157.593000000001,86.55190787573994,6044.788122974217,24040.29012298289
t28,1568.2879413880682,361.248,2839.3579497544592,556.9770000000001,2079.2356611165,4169.015845000424,6157.593000000001,0.0,5658.830922445432,23390.546319704885
t29,1682.4529045202578,361.248,2839.3579497544592,556.9770000000001,2079.2356611165,4169.015845000424,6157.593000000001,0.0,6044.788122974217,23890.66848336586
t30,1745.5226362615501,361.248,2839.3579497544592,556.9770000000001,3308.9265561805632,4169.015845000424,6157.593000000001,0.0,6044.788122974217,25183.42911017121
t31,1745.5226362615501,361.248,2839.3579497544592,556.9770000000001,4406.373300234417,4169.015845000424,6157.593000000001,310.84499999999997,6044.788122974217,26591.72085422507
t32,453.69680725396057,361.248,2839.3579497544592,556.9770000000001,4406.373300234417,4169.015845000424,6157.593000000001,0.0,5561.542067784531,24505.803970027795
t33,281.6998180710002,51.19800000000001,1758.155509118321,389.0393599758385,4406.373300234417,4169.015845000424,5577.760587487138,0.0,1579.824,18213.06641988714
t34,281.6998180710002,51.19800000000001,1140.168544413896,0.0,4406.373300234417,1132.106540830363,2194.50957840459,0.0,1579.824,10785.879781954267
t35,281.6998180710002,51.19800000000001,770.1845306542136,0.0,768.7576611164999,0.0,903.2790000000001,0.0,1579.824,4354.943009841714
t36,281.6998180710002,51.19800000000001,595.646478680963,0.0,2079.2356611165,0.0,903.2790000000001,0.0,1579.824,5490.882957868464
t37,281.6998180710002,51.19800000000001,480.570184251,0.0,768.7576611164999,0.0,903.2790000000001,0.0,1579.824,4065.3286634385004
t38,281.6998180710002,51.19800000000001,600.8689553772224,0.0,768.7576611164999,0.0,1163.551174299307,0.0,1579.824,4445.899608864029
t39,281.6998180710002,51.19800000000001,737.401113696799,0.0,2079.2356611165,0.0,903.2790000000001,0.0,1579.824,5632.637592884299
t40,281.6998180710002,51.19800000000001,1121.7583725079292,0.0,2079.2356611165,0.0,3163.6884222355466,0.0,1579.824,8277.404273930977
t41,281.6998180710002,239.51156164873206,1890.0071812164579,64.11429171467397,768.7576611164999,673.346956662746,6157.593000000001,0.0,1841.3507064096607,11916.381176839772
t42,1745.5226362615501,361.248,2839.3579497544592,556.9770000000001,3536.632674825218,4169.015845000424,6157.593000000001,0.0,6044.788122974217,25411.13522881587
t43,1745.5226362615501,361.248,2839.3579497544592,556.9770000000001,4406.373300234417,4169.015845000424,6157.593000000001,310.84499999999997,6044.788122974217,26591.72085422507
t44,1745.5226362615501,361.248,2839.3579497544592,556.9770000000001,3679.2709208551723,4169.015845000424,6157.593000000001,310.84499999999997,6044.788122974217,25864.61847484582
t45,1745.5226362615501,361.248,2839.3579497544592,556.9770000000001,3206.499172609749,4169.015845000424,6157.593000000001,310.84499999999997,6044.788122974217,25391.8467266004
t46,1745.5226362615501,361.248,2839.3579497544592,556.9770000000001,4406.373300234417,4169.015845000424,6157.593000000001,207.51854303711033,6044.788122974217,26488.39439726218
t47,1745.5226362615501,361.248,2839.3579497544592,556.9770000000001,4406.373300234417,4169.015845000424,6157.593000000001,310.84499999999997,6044.788122974217,26591.72085422507
t48,1745.5226362615501,361.248,2839.3579497544592,556.9770000000001,2079.2356611165,4169.015845000424,6157.593000000001,310.84499999999997,6044.788122974217,24264.58321510715
t49,1745.5226362615501,361.248,2839.3579497544592,556.9770000000001,2079.2356611165,4169.015845000424,6157.593000000001,310.84499999999997,6044.788122974217,24264.58321510715
t50,1745.5226362615501,361.248,2839.3579497544592,556.9770000000001,2079.2356611165,4169.015845000424,6157.593000000001,0.0,6044.788122974217,23953.73821510715
t51,1745.5226362615501,361.248,2839.3579497544592,556.9770000000001,842.0818810029576,4169.015845000424,6157.593000000001,104.43397826265007,6044.788122974217,22821.018413256257
t52,1745.5226362615501,361.248,2839.3579497544592,556.9770000000001,4406.373300234417,4372.088657593074,6157.593000000001,0.0,6044.788122974217,26483.948666817716
t53,1745.5226362615501,361.248,2839.3579497544592,556.9770000000001,4406.373300234417,4169.015845000424,6157.593000000001,0.0,6044.788122974217,26280.87585422507
t54,1745.5226362615501,361.248,2839.3579497544592,556.9770000000001,3554.520816913838,4169.015845000424,6157.593000000001,104.37265081148998,6044.788122974217,25533.396021715977
t55,1745.5226362615501,361.248,2839.3579497544592,556.9770000000001,4406.373300234417,4169.015845000424,6157.593000000001,310.84499999999997,6044.788122974217,26591.72085422507
t56,1745.5226362615501,361.248,2839.3579497544592,556.9770000000001,4406.373300234417,4169.015845000424,6157.593000000001,0.0,6044.788122974217,26280.87585422507
t57,281.6998180710002,184.07139834826208,2747.3273339947523,230.39100000000002,4406.373300234417,3664.3906777875773,6157.593000000001,0.0,1895.3866183833875,19567.2331468194
t58,281.6998180710002,51.19800000000001,1234.3290235605455,0.0,2301.292997509437,1063.0026672360757,3168.853320906215,0.0,1579.824,9680.199827283273
t59,281.6998180710002,51.19800000000001,829.652804463695,0.0,2079.2356611165,0.0,903.2790000000001,0.0,1579.824,5724.889283651195
t60,281.6998180710002,51.19800000000001,622.1952788877095,0.0,768.7576611164999,0.0,1560.5635992156876,0.0,1579.824,4864.238357290897
t61,281.6998180710002,51.19800000000001,574.1916949299988,0.0,2079.2356611165,0.0,903.2790000000001,0.0,1579.824,5469.428174117499
t62,281.6998180710002,51.19800000000001,585.5104725835588,0.0,768.7576611164999,0.0,903.2790000000001,0.0,1579.824,4170.268951771059
t63,281.6998180710002,51.19800000000001,770.1488360755394,0.0,768.7576611164999,0.0,903.2790000000001,0.0,1579.824,4354.907315263039
t64,281.6998180710002,51.19800000000001,1566.786755733802,0.0,2079.2356611165,0.0,3392.330604762039,0.0,1579.824,8951.074839683342
t65,281.6998180710002,235.67751844639196,2012.5579497544593,60.464383851798026,2079.2356611165,996.3227650659876,6157.593000000001,0.0,1918.7795100502822,13742.330606356421
t66,1745.5226362615501,361.248,2839.3579497544592,556.9770000000001,3955.683810345129,4169.015845000424,6157.593000000001,0.0,6044.788122974217,25830.18636433578
t67,1745.5226362615501,361.248,2839.3579497544592,556.9770000000001,4406.373300234417,4169.015845000424,6157.593000000001,0.0,6044.788122974217,26280.87585422507
t68,1745.5226362615501,361.248,2839.3579497544592,556.9770000000001,4406.373300234417,4169.015845000424,6157.593000000001,310.84499999999997,6044.788122974217,26591.72085422507
t69,1745.5226362615501,361.248,2839.3579497544592,556.9770000000001,4406.373300234417,6942.337381200615,6157.593000000001,310.84499999999997,6044.788122974217,29365.04239042526
t70,1745.5226362615501,361.248,2839.3579497544592,556.9770000000001,4406.373300234417,4169.015845000424,6157.593000000001,310.84499999999997,6044.788122974217,26591.72085422507
t71,1745.5226362615501,361.248,2839.3579497544592,556.9770000000001,3253.0453118755054,4169.015845000424,6157.593000000001,309.2362147688277,6044.788122974217,25436.784080634985
t72,1745.5226362615501,361.248,2839.3579497544592,556.9770000000001,4406.373300234417,4169.015845000424,6157.593000000001,310.84499999999997,6044.788122974217,26591.72085422507
t73,1745.5226362615501,361.248,2839.3579497544592,556.9770000000001,2079.2356611165,4169.015845000424,6157.593000000001,310.84499999999997,6044.788122974217,24264.58321510715
t74,1745.5226362615501,361.248,2839.3579497544592,556.9770000000001,2079.2356611165,4169.015845000424,6157.593000000001,310.84499999999997,6044.788122974217,24264.58321510715
t75,1745.5226362615501,361.248,2839.3579497544592,556.9770000000001,2211.364116411591,4169.015845000424,6157.593000000001,128.61630837182574,6044.788122974217,24214.48297877407
t76,1745.5226362615501,361.248,2839.3579497544592,556.9770000000001,2641.2248998625237,4169.015845000424,6157.593000000001,31.482839310119864,6044.788122974217,24547.210293163294
t77,1745.5226362615501,361.248,2839.3579497544592,556.9770000000001,3377.119565771513,4588.905890718142,6157.593000000001,31.625358875531965,6044.788122974217,25703.137524355414
t78,1745.5226362615501,361.248,2839.3579497544592,556.9770000000001,4406.373300234417,4169.015845000424,6157.593000000001,126.0726055229818,6044.788122974217,26406.94845974805
t79,1745.5226362615501,361.248,2839.3579497544592,556.9770000000001,4406.373300234417,4169.015845000424,7311.807909359396,310.84499999999997,6044.788122974217,27745.935763584464
t80,1745.5226362615501,361.248,2839.3579497544592,556.9770000000001,4406.373300234417,4563.416111249265,6157.593000000001,215.83818600122484,6044.788122974217,26891.11430647513
t81,281.6998180710002,193.43996394088202,2839.3579497544592,556.9770000000001,3943.035188155211,4169.015845000424,6157.593000000001,0.0,2212.1755270159188,20353.2942919379
t82,281.6998180710002,51.19800000000001,1738.303283519368,230.39100000000002,3400.4306645350207,2391.6312503098015,4785.1050000000005,0.0,1579.824,14458.58301643519
t83,281.6998180710002,51.19800000000001,769.458523807961,230.39100000000002,2981.102804146623,1364.061,1241.7729529549526,0.0,1579.824,8499.508098980537
t84,281.6998180710002,51.19800000000001,1091.7941513957758,0.0,2496.5974700281813,138.05051072170951,2081.911985856263,0.0,1579.824,7721.07593607293
t85,281.6998180710002,51.19800000000001,538.8912326798468,0.0,2440.5847461935723,179.40714892545134,1404.4018371912207,0.0,1579.824,6476.0067830610915
t86,281.6998180710002,51.19800000000001,1025.9552216443633,104.72360096255814,2461.3570612024187,1364.061,2094.9673038856317,0.0,1579.824,8963.786005765973
t87,281.6998180710002,51.19800000000001,891.5841440550805,230.39100000000002,4406.373300234417,1364.061,2796.957714647109,0.0,1579.824,11602.088977007606
t88,281.6998180710002,139.43451189280196,1858.9500116397724,230.39100000000002,2589.139782301429,2162.2091274573627,3384.166215769736,0.0,1579.824,12225.814467132102
t89,281.6998180710002,239.077940601132,1978.1010012787726,397.86828348733206,2835.711696629701,3237.6315055426226,6157.593000000001,0.0,2789.2909322150967,17916.974177825658
t90,1745.5226362615501,361.248,2839.3579497544592,556.9770000000001,4406.373300234417,4169.015845000424,6157.593000000001,151.24264901895006,6044.788122974217,26432.11850324402
t91,1745.5226362615501,361.248,2839.3579497544592,556.9770000000001,4406.373300234417,4169.015845000424,6157.593000000001,310.84499999999997,6044.788122974217,26591.72085422507
t92,1745.5226362615501,361.248,2839.3579497544592,556.9770000000001,4406.373300234417,4169.015845000424,6157.593000000001,310.84499999999997,6044.788122974217,26591.72085422507
t93,1745.5226362615501,361.248,2839.3579497544592,556.9770000000001,4406.373300234417,4169.015845000424,6157.593000000001,310.84499999999997,6044.788122974217,26591.72085422507
t94,1745.5226362615501,361.248,2839.3579497544592,556.9770000000001,4056.9256288682113,4169.015845000424,6157.593000000001,310.84499999999997,6044.788122974217,26242.273182858862
t95,1745.5226362615501,361.248,2839.3579497544592,556.9770000000001,3406.1012587579617,4169.015845000424,6157.593000000001,310.84499999999997,6044.788122974217,25591.448812748615
t96,1745.5226362615501,361.248,2839.3579497544592,556.9770000000001,4406.373300234417,4169.015845000424,6157.593000000001,310.84499999999997,6044.788122974217,26591.72085422507
t97,1745.5226362615501,361.248,2839.3579497544592,556.9770000000001,4406.373300234417,4169.015845000424,6157.593000000001,310.84499999999997,6044.788122974217,26591.72085422507
t98,1745.5226362615501,361.248,2839.3579497544592,556.9770000000001,2191.562685264339,6517.833117578399,6157.593000000001,308.18785656672,6044.788122974217,26723.070368399687
t99,1745.5226362615501,361.248,2839.3579497544592,556.9770000000001,2332.13835799714,4169.015845000424,6157.593000000001,114.48500880973191,6044.788122974217,24321.125920797524
t100,1745.5226362615501,361.248,2839.3579497544592,556.9770000000001,2669.4419866576986,4169.015845000424,6157.593000000001,0.0,6044.788122974217,24543.944540648346
t101,1745.5226362615501,361.248,2839.3579497544592,556.9770000000001,3467.743987217894,4508.866991037907,6157.593000000001,0.0,6044.788122974217,25682.097687246027
t102,1745.5226362615501,361.248,2839.3579497544592,556.9770000000001,4406.373300234417,4169.015845000424,6157.593000000001,310.84499999999997,6044.788122974217,26591.72085422507
t103,1745.5226362615501,361.248,2839.3579497544592,556.9770000000001,4406.373300234417,4169.015845000424,6157.593000000001,310.84499999999997,6044.788122974217,26591.72085422507
t104,1745.5226362615501,361.248,2839.3579497544592,556.9770000000001,4406.373300234417,4169.015845000424,6157.593000000001,310.84499999999997,6044.788122974217,26591.72085422507
t105,1745.5226362615501,361.248,2839.3579497544592,556.9770000000001,4406.373300234417,4169.015845000424,6157.593000000001,111.47247620749766,6044.788122974217,26392.348330432567
t106,794.8510402146405,361.248,2839.3579497544592,556.9770000000001,3752.7158266805122,4169.015845000424,6157.593000000001,114.88116443372684,3416.256416839051,22162.896242922812
t107,281.6998180710002,226.70047634587186,2012.5579497544593,230.39100000000002,3262.6537055031054,4169.015845000424,6157.593000000001,0.0,2988.2983944254,19328.91018910026
t108,281.6998180710002,153.86965404420593,2217.295689424618,230.39100000000002,4406.373300234417,1364.061,6157.593000000001,0.0,2845.5198837399334,17656.803345514178
t109,281.6998180710002,267.69485170495193,1361.1657866783396,0.0,2662.4033090112594,1282.5968494837207,6157.593000000001,0.0,2021.6216237648393,14034.77523871411
t110,281.6998180710002,245.8784097914521,923.9180369841777,230.39100000000002,2726.668097542431,1862.1888559039292,6157.593000000001,0.0,2367.9273054342693,14796.264523727259
t111,281.6998180710002,254.31285261007196,1280.6252065897768,230.39100000000002,2293.364258085662,1364.061,6157.593000000001,0.0,2315.367868194322,14177.415003550834
t112,281.6998180710002,328.457137750686,1667.084269967654,230.39100000000002,2738.517302681029,1364.061,6157.593000000001,0.0,2724.2573081642245,15492.060836634593
t113,281.6998180710002,306.464001231852,2839.3579497544592,475.5335710507802,4406.373300234417,2632.3663285873317,6157.593000000001,0.0,3363.2894901403624,20462.677459070204
t114,1745.5226362615501,361.248,2839.3579497544592,556.9770000000001,4406.373300234417,4169.015845000424,6157.593000000001,99.89630462050776,6044.788122974217,26380.772158845575
t115,1745.5226362615501,361.248,2839.3579497544592,556.9770000000001,4406.373300234417,4169.015845000424,6157.593000000001,269.7719530426858,6044.788122974217,26550.647807267756
t116,1745.5226362615501,361.248,2839.3579497544592,556.9770000000001,4406.373300234417,4169.015845000424,6157.593000000001,0.0,6044.788122974217,26280.87585422507
t117,1745.5226362615501,361.248,2839.3579497544592,556.9770000000001,4406.373300234417,4169.015845000424,6157.593000000001,310.84499999999997,6044.788122974217,26591.72085422507
t118,1745.5226362615501,361.248,2839.3579497544592,556.9770000000001,4387.356473235757,4169.015845000424,6157.593000000001,269.3282176349105,6044.788122974217,26531.187244861318
t119,1745.5226362615501,361.248,2839.3579497544592,556.9770000000001,4406.373300234417,4169.015845000424,6157.593000000001,0.0,6044.788122974217,26280.87585422507
t120,1745.5226362615501,361.248,2839.3579497544592,556.9770000000001,3211.5158591552618,5816.010439022166,6157.593000000001,0.0,6044.788122974217,26733.013007167654
t121,1745.5226362615501,361.248,2839.3579497544592,556.9770000000001,2965.5908755856003,4169.015845000424,6157.593000000001,33.08879301395998,6044.788122974217,24873.182222590214
t122,1745.5226362615501,361.248,2839.3579497544592,556.9770000000001,2957.4812075712257,4169.015845000424,6157.593000000001,287.2396017964019,6044.788122974217,25119.22336335828
t123,1745.5226362615501,361.248,2839.3579497544592,556.9770000000001,3012.2317530689616,4169.015845000424,6157.593000000001,126.51202191737981,6044.788122974217,25013.24632897699
t124,1745.5226362615501,361.248,2839.3579497544592,556.9770000000001,3191.926394587047,4169.015845000424,6157.593000000001,0.0,6044.788122974217,25066.428948577697
t125,1745.5226362615501,361.248,2839.3579497544592,556.9770000000001,3531.0470359497876,4169.015845000424,6157.593000000001,0.0,6044.788122974217,25405.549589940438
t126,1745.5226362615501,361.248,2839.3579497544592,556.9770000000001,4406.373300234417,4169.015845000424,6157.593000000001,0.0,6044.788122974217,26280.87585422507
t127,1745.5226362615501,361.248,2839.3579497544592,556.9770000000001,4406.373300234417,4169.015845000424,6157.593000000001,0.0,6044.788122974217,26280.87585422507
t128,921.2236972917342,361.248,2839.3579497544592,556.9770000000001,4406.373300234417,4169.015845000424,6157.593000000001,0.0,5347.314375260306,24759.10316754134
t129,281.6998180710002,174.59941669432195,2278.763755290007,230.39100000000002,3310.614673909917,1502.5126615055292,5874.758042275591,0.0,1579.824,15233.163367746367
t130,281.6998180710002,51.19800000000001,1898.5180260143977,0.0,4406.373300234417,0.0,1929.2088434971045,0.0,1579.824,10146.82198781692
t131,281.6998180710002,51.19800000000001,618.9824692783734,0.0,768.7576611164999,0.0,903.2790000000001,0.0,1579.824,4203.740948465874
t132,281.6998180710002,51.19800000000001,480.570184251,0.0,2079.2356611165,0.0,903.2790000000001,0.0,1579.824,5375.8066634385
t133,281.6998180710002,51.19800000000001,480.570184251,0.0,768.7576611164999,0.0,903.2790000000001,0.0,1579.824,4065.3286634385004
t134,281.6998180710002,51.19800000000001,480.570184251,0.0,2079.2356611165,0.0,903.2790000000001,0.0,1579.824,5375.8066634385
t135,281.6998180710002,51.19800000000001,480.570184251,0.0,2079.2356611165,0.0,903.2790000000001,0.0,1579.824,5375.8066634385
t136,281.6998180710002,51.19800000000001,1314.4159907003186,0.0,768.7576611164999,0.0,903.2790000000001,0.0,1579.824,4899.174469887819
t137,281.6998180710002,237.43424736007196,2100.677464591892,0.0,2079.2356611165,0.0,6157.593000000001,0.0,1715.3343069828995,12571.974498122363
t138,1745.5226362615501,361.248,2839.3579497544592,556.9770000000001,4387.526191667859,4169.015845000424,6157.593000000001,0.0,6044.788122974217,26262.02874565851
t139,1745.5226362615501,361.248,2839.3579497544592,556.9770000000001,4406.373300234417,4169.015845000424,6157.593000000001,0.0,6044.788122974217,26280.87585422507
t140,1745.5226362615501,361.248,2839.3579497544592,556.9770000000001,4406.373300234417,4169.015845000424,6157.593000000001,0.0,6044.788122974217,26280.87585422507
t141,1745.5226362615501,361.248,2839.3579497544592,556.9770000000001,4406.373300234417,4169.015845000424,6157.593000000001,0.0,6044.788122974217,26280.87585422507
t142,1745.5226362615501,361.248,2839.3579497544592,556.9770000000001,4406.373300234417,4169.015845000424,6157.593000000001,0.0,6044.788122974217,26280.87585422507
t143,1745.5226362615501,361.248,2839.3579497544592,556.9770000000001,3340.501852802324,4169.015845000424,6157.593000000001,0.0,6044.788122974217,25215.004406792974
t144,1745.5226362615501,361.248,2839.3579497544592,556.9770000000001,4406.373300234417,4169.015845000424,6157.593000000001,0.0,6044.788122974217,26280.87585422507
t145,1745.5226362615501,361.248,2839.3579497544592,556.9770000000001,4406.373300234417,4169.015845000424,6157.593000000001,0.0,6044.788122974217,26280.87585422507
t146,1745.5226362615501,361.248,2839.3579497544592,556.9770000000001,2295.7361343716134,4169.015845000424,6157.593000000001,0.0,6044.788122974217,24170.238688362264
t147,1729.3020297527064,361.248,2839.3579497544592,556.9770000000001,4406.373300234417,4169.015845000424,6157.593000000001,0.0,6044.788122974217,26264.655247716222
t148,1596.3613987948681,361.248,2839.3579497544592,556.9770000000001,2079.2356611165,4169.015845000424,6157.593000000001,0.0,5606.381506276842,23366.17036094309
t149,1605.4243934524682,361.248,2839.3579497544592,556.9770000000001,4406.373300234417,4169.015845000424,6157.593000000001,0.0,5541.797030454446,25637.786518896217
t150,1649.6145140218682,361.248,2839.3579497544592,556.9770000000001,2194.0465530939914,4169.015845000424,6157.593000000001,0.0,5877.223610706473,23805.076472577217
t151,1745.5226362615501,361.248,2839.3579497544592,556.9770000000001,3480.1353026642346,4169.015845000424,6157.593000000001,0.0,6044.788122974217,25354.637856654885
t152,281.6998180710002,321.61241469910715,2839.3579497544592,556.9770000000001,3226.0334850889567,4169.015845000424,6157.593000000001,0.0,3327.606348827994,20879.895861441943
t153,281.6998180710002,51.19800000000001,1843.3284533133356,29.30319532826618,2314.4365463539393,1364.061,2656.76052337281,0.0,1579.824,10120.611536439352
t154,281.6998180710002,51.19800000000001,480.570184251,0.0,2079.2356611165,0.0,903.2790000000001,0.0,1579.824,5375.8066634385
t155,281.6998180710002,51.19800000000001,480.570184251,0.0,1029.3793985651475,0.0,903.2790000000001,0.0,1579.824,4325.950400887148
t156,12.147737169421662,51.19800000000001,480.570184251,0.0,768.7576611164999,0.0,903.2790000000001,0.0,1579.824,3795.7765825369215
t157,54.516146990260836,51.19800000000001,480.570184251,0.0,768.7576611164999,0.0,903.2790000000001,0.0,1579.824,3838.1449923577607
t158,281.6998180710002,51.19800000000001,480.570184251,0.0,2079.2356611165,0.0,903.2790000000001,0.0,1579.824,5375.8066634385
t159,281.6998180710002,51.19800000000001,480.570184251,0.0,768.7576611164999,0.0,903.2790000000001,0.0,1579.824,4065.3286634385004
t160,281.6998180710002,51.19800000000001,1401.2128926244338,0.0,2079.2356611165,532.37731458195,903.2790000000001,0.0,1579.824,6828.826686393884
t161,281.6998180710002,247.07074262298602,2539.586228221728,230.39100000000002,2079.2356611165,1848.6744147190318,6157.593000000001,0.0,2133.2244927005904,15517.475357451838
t162,1745.5226362615501,361.248,2839.3579497544592,556.9770000000001,2268.534438276869,4169.015845000424,6157.593000000001,0.0,5662.307613983319,23760.556483276625
t163,1745.5226362615501,361.248,2839.3579497544592,556.9770000000001,3189.5127511614864,4169.015845000424,6157.593000000001,0.0,6044.788122974217,25064.015305152137
t164,1745.5226362615501,361.248,2839.3579497544592,556.9770000000001,2958.777686363202,4169.015845000424,6157.593000000001,0.0,6044.788122974217,24833.28024035385
t165,1745.5226362615501,361.248,2839.3579497544592,556.9770000000001,4406.373300234417,4169.015845000424,6157.593000000001,0.0,6044.788122974217,26280.87585422507
t166,1745.5226362615501,361.248,2839.3579497544592,556.9770000000001,2079.2356611165,4169.015845000424,6157.593000000001,0.0,6044.788122974217,23953.73821510715
t167,1745.5226362615501,361.248,2839.3579497544592,556.9770000000001,2079.2356611165,4169.015845000424,6157.593000000001,0.0,6044.788122974217,23953.73821510715
t168,1745.5226362615501,361.248,2839.3579497544592,556.9770000000001,768.7576611164999,4169.015845000424,6157.593000000001,0.0,6044.788122974217,22643.26021510715
t169,1382.353255718868,361.248,2839.3579497544592,438.9378876504,768.7576611164999,4169.015845000424,6157.593000000001,0.0,6044.788122974217,22162.051722214866
t170,1360.5439649970003,361.248,2839.3579497544592,422.7812284511999,768.7576611164999,4169.015845000424,6157.593000000001,0.0,5313.494328108949,21392.791977428533
t171,1336.973813114268,361.248,2839.3579497544592,230.39100000000002,768.7576611164999,3695.8537954595045,6157.593000000001,0.0,4102.617410344427,19492.792629789157
t172,1347.2324845918683,361.248,2839.3579497544592,230.39100000000002,768.7576611164999,3311.175,6157.593000000001,0.0,3984.9341414703476,19000.689236933176
t173,1512.1210940800681,361.248,2839.3579497544592,556.9770000000001,1250.485051535268,3311.175,6157.593000000001,0.0,5441.899326041265,21430.856421411063
t174,1588.0357398298681,361.248,2839.3579497544592,230.39100000000002,2298.4765464676425,4169.015845000424,6157.593000000001,0.0,6044.788122974217,23688.90620402661
t175,1524.107863138945,361.248,2839.3579497544592,230.39100000000002,3154.220182988269,3311.175,6157.593000000001,0.0,4650.795226388864,22228.888222270536
t176,624.3284527853492,361.248,2839.3579497544592,230.39100000000002,2679.799229012338,4169.015845000424,6157.593000000001,0.0,3914.615575438635,20976.349051991205
t177,281.6998180710002,106.43496392206198,1555.8740276868825,230.39100000000002,1736.7435174304906,1364.061,6157.593000000001,0.0,2849.0298616084615,14281.827188718897
t178,281.6998180710002,80.64537027258001,728.0761670753974,0.0,768.7576611164999,0.0,3620.234671639302,0.0,1579.824,7059.2376881747805
t179,281.6998180710002,51.19800000000001,480.570184251,0.0,768.7576611164999,0.0,903.2790000000001,0.0,1579.824,4065.3286634385004
t180,281.6998180710002,51.19800000000001,480.570184251,0.0,768.7576611164999,0.0,903.2790000000001,0.0,1579.824,4065.3286634385004
t181,281.6998180710002,51.19800000000001,480.570184251,0.0,768.7576611164999,0.0,903.2790000000001,0.0,1579.824,4065.3286634385004
t182,281.6998180710002,51.19800000000001,480.570184251,0.0,768.7576611164999,0.0,903.2790000000001,0.0,1579.824,4065.3286634385004
t183,281.6998180710002,51.19800000000001,693.686859258083,0.0,768.7576611164999,0.0,1644.3755480805546,0.0,1579.824,5019.541886526138
t184,281.6998180710002,178.179744018012,480.570184251,0.0,768.7576611164999,0.0,2253.078044717875,0.0,1579.824,5542.109452174387
t185,281.6998180710002,313.67560213771196,1865.1443435153471,0.0,1345.6599342214051,0.0,6157.593000000001,0.0,2419.9521731368186,12383.724871082284
t186,1438.9885765422669,361.248,2839.3579497544592,230.39100000000002,3567.28434695185,3311.175,6157.593000000001,45.758531966909615,5626.607413355899,23578.403818571383
t187,1745.5226362615501,361.248,2839.3579497544592,230.39100000000002,4028.8075611274694,3311.175,6157.593000000001,0.0,5684.130839258786,24358.225986402264
t188,1745.5226362615501,361.248,2839.3579497544592,230.39100000000002,3847.4978202034695,3311.175,6157.593000000001,0.0,5779.378401385107,24272.163807604586
t189,1745.5226362615501,361.248,2839.3579497544592,230.39100000000002,3335.856439011515,4169.015845000424,6157.593000000001,0.0,6044.788122974217,24883.772993002163
t190,1644.5841596402145,361.248,2839.3579497544592,230.39100000000002,2635.143570669569,3311.175,6157.593000000001,0.0,6044.788122974217,23224.28080303846
t191,1615.810271830668,361.248,2839.3579497544592,556.9770000000001,1955.3861398352974,3311.175,6157.593000000001,0.0,6044.788122974217,22842.33548439464
t192,1552.9472035678682,361.248,2839.3579497544592,230.39100000000002,1407.2348049872994,4169.015845000424,6157.593000000001,0.0,5130.368600365656,21848.156403675704
t193,1163.779149742668,361.248,2839.3579497544592,230.39100000000002,1218.5412853232976,4169.015845000424,6157.593000000001,0.0,4647.4337301241085,20787.35995994496
t194,1489.6766609806682,361.248,2839.3579497544592,230.39100000000002,1131.8561213495175,3311.175,6157.593000000001,0.0,4342.22369775268,19863.521429837325
t195,1478.0247140974682,361.248,2839.3579497544592,230.39100000000002,1027.588854446286,3602.6323022587217,6157.593000000001,0.0,3825.1243589223473,19521.960179479283
t196,1492.233378341268,361.248,2839.3579497544592,230.39100000000002,1394.9748648595169,3311.175,6157.593000000001,0.0,3398.784,19185.757192955243
t197,1531.825220945868,361.248,2839.3579497544592,230.39100000000002,2201.186855982656,3311.175,6157.593000000001,0.0,4638.5079373002045,21271.284963983187
t198,1613.221752434868,361.248,2839.3579497544592,230.39100000000002,3347.461621248125,3311.175,6157.593000000001,0.0,4635.9936757383475,22496.4419991758
t199,1121.6447929964804,361.248,2839.3579497544592,479.76677318120875,4327.82744969747,4169.015845000424,6157.593000000001,0.40791959690386626,3931.68932574934,23388.551055976284
t200,281.6998180710002,157.75694934274188,1914.1627769439872,230.39100000000002,3048.8453988916935,3268.873779161911,6157.593000000001,0.0,2345.4550122469914,17404.777734658324
t201,281.6998180710002,51.19800000000001,1034.145733750324,0.0,2513.838552907839,15.627133020658182,2925.824812166883,0.0,1579.824,8402.158049916705
t202,89.56845751550767,51.19800000000001,480.570184251,0.0,768.7576611164999,0.0,903.2790000000001,0.0,1542.4082028961939,3835.7815057792013
t203,0.0,51.19800000000001,480.570184251,0.0,768.7576611164999,0.0,903.2790000000001,0.0,642.3416984034443,2846.1465437709444
t204,0.0,51.19800000000001,480.570184251,0.0,768.7576611164999,0.0,903.2790000000001,0.0,1358.3586675433369,3562.163512910837
t205,0.0,51.19800000000001,480.570184251,0.0,768.7576611164999,0.0,903.2790000000001,0.0,636.2111459531893,2840.0159913206894
t206,0.0,15.263197582469903,480.570184251,0.0,768.7576611164999,0.0,903.2790000000001,0.0,0.0,2167.87004294997
t207,0.0,51.19800000000001,480.570184251,0.0,768.7576611164999,0.0,903.2790000000001,0.0,458.6956486886302,2662.5004940561303
t208,0.0,51.19800000000001,480.570184251,0.0,768.7576611164999,0.0,903.2790000000001,0.0,1579.824,3783.6288453675
t209,281.6998180710002,192.86581693092597,480.570184251,0.0,768.7576611164999,0.0,2809.7200446278043,0.0,1579.824,6113.437524997231
t210,1661.1217996506396,361.248,2839.3579497544592,230.39100000000002,3150.629455416075,3033.906626360279,6157.593000000001,0.0,4800.804769947645,22235.052601129097
t211,1477.7527853650683,361.248,2839.3579497544592,230.39100000000002,3748.535259258655,3311.175,6157.593000000001,0.0,4146.291979839972,22272.344974218155
t212,1745.5226362615501,361.248,2839.3579497544592,230.39100000000002,3740.8307376481284,4169.015845000424,6157.593000000001,0.0,6044.788122974217,25288.747291638778
t213,1745.5226362615501,361.248,2839.3579497544592,230.39100000000002,3275.6623133821236,4169.015845000424,6157.593000000001,0.0,4597.661431767521,23376.45217616608
t214,1561.0490772096546,361.248,2839.3579497544592,230.39100000000002,2617.046498487519,3311.175,6157.593000000001,0.0,5147.416652997341,22225.277178448974
t215,1641.4923755974683,361.248,2839.3579497544592,230.39100000000002,2011.765400331297,3311.175,6157.593000000001,0.0,6044.788122974217,22597.810848657442
t216,1566.2650387660685,361.248,2839.3579497544592,230.39100000000002,1512.473406351297,3423.340455517201,6157.593000000001,0.0,6044.788122974217,22135.45697336324
t217,1533.898583585268,361.248,2839.3579497544592,230.39100000000002,1434.724706127299,4169.015845000424,6157.593000000001,21.62146476787211,3404.5042586199716,20152.354807855292
t218,1504.870693062468,361.248,2839.3579497544592,469.4050649987999,1423.6449990992996,3311.175,6157.593000000001,0.0,3922.3813431363474,19989.676050051377
t219,1493.8678982776682,361.248,2839.3579497544592,230.39100000000002,1531.6973042132993,3482.5739030282093,6157.593000000001,0.0,3954.202274850347,20050.931330123985
t220,1153.9020729226684,361.248,2839.3579497544592,230.39100000000002,1833.3408641075678,3311.175,6157.593000000001,0.0,4096.283572009812,19983.29145879451
t221,1547.299520451468,361.248,2839.3579497544592,230.39100000000002,2497.905085629518,3311.175,6157.593000000001,0.0,5550.223554877746,22495.193110713193
t222,1628.1872507956682,361.248,2839.3579497544592,230.39100000000002,3499.1873318854687,4169.015845000424,6157.593000000001,0.0,6044.788122974217,24929.768500410235
t223,676.8305134139069,361.248,2839.3579497544592,230.39100000000002,4406.373300234417,3311.175,6157.593000000001,0.0,3860.6784774705056,21843.647240873288
t224,281.6998180710002,155.15942716978202,2304.4317670162773,230.39100000000002,3298.3886579039713,3311.175,6070.288794315218,0.0,1579.824,17231.35846447625
t225,281.6998180710002,51.19800000000001,1393.7199923972112,0.0,2839.437887423397,241.1912617360161,1691.4345540465615,0.0,1579.824,8078.505513674187
t226,0.0,51.19800000000001,480.570184251,0.0,768.7576611164999,0.0,903.2790000000001,0.0,1261.5462203049728,3465.351065672473
t227,0.0,51.19800000000001,480.570184251,0.0,768.7576611164999,0.0,903.2790000000001,0.0,663.1619546518966,2866.966800019397
t228,0.0,51.19800000000001,480.570184251,0.0,768.7576611164999,0.0,903.2790000000001,0.0,0.0,2203.8048453675
t229,0.0,51.19800000000001,480.570184251,0.0,768.7576611164999,0.0,903.2790000000001,0.0,0.0,2203.8048453675
t230,0.0,51.19800000000001,480.570184251,0.0,768.7576611164999,0.0,903.2790000000001,0.0,542.0828478491452,2745.8876932166454
t231,0.0,51.19800000000001,480.570184251,0.0,768.7576611164999,0.0,903.2790000000001,0.0,421.6264985168929,2625.431343884393
t232,0.0,51.19800000000001,480.570184251,0.0,768.7576611164999,0.0,903.2790000000001,0.0,1403.0373584560691,3606.8422038235694
t233,281.6998180710002,203.963569695726,1842.2288481060089,26.479880350410138,1099.870342169695,1262.0499049261937,4359.070658142167,0.0,1579.824,10655.187021461203
t234,1597.6326207944824,361.248,2839.3579497544592,230.39100000000002,2895.50845952294,3311.175,6157.593000000001,0.0,5322.080369030315,22714.986399102196
t235,1451.237100598068,361.248,2839.3579497544592,556.9770000000001,3352.2735311041256,4169.015845000424,6157.593000000001,0.0,6044.788122974217,24932.490549431295
t236,1745.5226362615501,361.248,2839.3579497544592,230.39100000000002,3290.473315068124,4169.015845000424,6157.593000000001,0.0,4335.678633889812,23129.28037997437
t237,1745.5226362615501,361.248,2839.3579497544592,230.39100000000002,2934.102922254658,4169.015845000424,6157.593000000001,0.0,6044.788122974217,24482.019476245307
t238,1397.4374779248203,361.248,2839.3579497544592,230.39100000000002,2166.4936443805327,3311.175,6157.593000000001,0.0,6044.788122974217,22508.48419503403
t239,1618.2906755512681,361.248,2839.3579497544592,230.39100000000002,1241.2236426502673,4169.015845000424,6157.593000000001,0.0,6044.788122974217,22661.908235930638
t240,1440.0142720096678,361.248,2839.3579497544592,230.39100000000002,768.7576611164999,4169.015845000424,6157.593000000001,192.37193356598695,5726.076358134639,21884.826019581677
t241,1403.0109488008682,361.248,2839.3579497544592,230.39100000000002,768.7576611164999,3311.175,6157.593000000001,0.0,5550.342421652855,20621.875981324683
t242,1379.5357693588683,361.248,2839.3579497544592,230.39100000000002,768.7576611164999,4169.015845000424,6157.593000000001,33.2746459741379,5890.203357126673,21829.37722833106
t243,1367.9537809174685,361.248,2839.3579497544592,230.39100000000002,768.7576611164999,4111.144190132034,6157.593000000001,0.0,5380.193661203021,21216.639243123485
t244,1027.1357165800682,361.248,2839.3579497544592,230.39100000000002,768.7576611164999,3311.175,6157.593000000001,0.0,4335.723746489168,19031.382073940193
t245,1424.7562030276683,361.248,2839.3579497544592,230.39100000000002,768.7576611164999,4169.015845000424,6157.593000000001,0.0,5201.252371809734,21152.372030708786
t246,1629.0649366150683,361.248,2839.3579497544592,230.39100000000002,1302.2505313461763,4169.015845000424,6157.593000000001,0.0,6044.788122974217,22733.709385690345
t247,868.3504400934002,361.248,2839.3579497544592,230.39100000000002,2244.3757369377413,3311.175,6157.593000000001,0.0,4060.5463335501267,20073.037460335727
t248,281.6998180710002,269.3742401757119,2839.3579497544592,230.39100000000002,1400.9460297009725,4169.015845000424,6157.593000000001,225.81459432117285,2820.8644889896577,18395.0569660134
t249,281.6998180710002,51.19800000000001,2314.4969632891207,230.39100000000002,768.7576611164999,1516.0206526719458,4301.885541796912,0.0,1579.824,11044.27363694548
t250,281.6998180710002,51.19800000000001,576.714035219314,0.0,768.7576611164999,0.0,1086.7411138103932,0.0,1579.824,4344.934628217208
t251,281.6998180710002,51.19800000000001,480.570184251,0.0,768.7576611164999,0.0,903.2790000000001,0.0,1579.824,4065.3286634385004
t252,253.4637625796567,51.19800000000001,480.570184251,0.0,768.7576611164999,0.0,903.2790000000001,0.0,1579.824,4037.092607947157
t253,281.6998180710002,51.19800000000001,480.570184251,0.0,768.7576611164999,0.0,903.2790000000001,0.0,1579.824,4065.3286634385004
t254,281.6998180710002,51.19800000000001,480.570184251,0.0,768.7576611164999,0.0,903.2790000000001,0.0,1579.824,4065.3286634385004
t255,281.6998180710002,51.19800000000001,480.570184251,0.0,768.7576611164999,0.0,903.2790000000001,0.0,1579.824,4065.3286634385004
t256,281.6998180710002,59.441195206272035,480.570184251,0.0,768.7576611164999,0.0,903.2790000000001,0.0,1579.824,4073.5718586447724
t257,281.6998180710002,195.87698689584607,1134.8541403805737,0.0,768.7576611164999,1130.8336464274928,6157.593000000001,0.0,1579.824,11249.439252891414
t258,1314.6120283709067,361.248,2839.3579497544592,230.39100000000002,1963.3451731412888,3311.175,6157.593000000001,0.0,4644.2597390019855,20821.98189026864
t259,1745.5226362615501,361.248,2839.3579497544592,230.39100000000002,2325.747182747599,3311.175,6157.593000000001,0.0,5706.63493185647,22677.669700620077
t260,1745.5226362615501,361.248,2839.3579497544592,230.39100000000002,2116.83478402714,4169.015845000424,6157.593000000001,0.0,5783.7761633739,23403.73937841747
t261,1735.8382912666684,361.248,2839.3579497544592,556.9770000000001,1498.3122426256818,4169.015845000424,6157.593000000001,0.0,6044.788122974217,23363.130451621448
t262,1664.5605139582685,361.248,2839.3579497544592,556.9770000000001,792.3662755570557,3311.175,6157.593000000001,0.0,6044.788122974217,21728.065862244002
t263,1461.5810192896681,361.248,2839.3579497544592,230.39100000000002,768.7576611164999,4169.015845000424,6157.593000000001,0.0,6044.788122974217,22032.732598135266
t264,1414.4907435220682,361.248,2839.3579497544592,230.39100000000002,768.7576611164999,4169.015845000424,6157.593000000001,0.0,5876.661951676071,21817.516151069525
t265,1148.0077364352549,361.248,2839.3579497544592,490.82579319779995,768.7576611164999,4169.015845000424,6157.593000000001,0.0,5314.762581952222,21249.56856745666
t266,1360.1055547186681,361.248,2839.3579497544592,230.39100000000002,768.7576611164999,3311.175,6157.593000000001,0.0,4373.395092747676,19402.023258337304
t267,1349.1023266906682,361.248,2839.3579497544592,230.39100000000002,768.7576611164999,3311.175,6157.593000000001,0.0,4460.264772390551,19477.88970995218
t268,1004.3665040386683,361.248,2839.3579497544592,556.9770000000001,768.7576611164999,3311.175,6157.593000000001,0.0,4225.04407360329,19224.519188512917
t269,1523.874801440268,361.248,2839.3579497544592,230.39100000000002,795.4809259832483,3311.175,6157.593000000001,0.0,5027.92832100599,20247.048998183967
t270,1597.8810150280688,361.248,2839.3579497544592,230.39100000000002,1695.3837930060968,4169.015845000424,6157.593000000001,0.0,4439.810070426897,21490.68067321595
t271,1140.18300276025,361.248,2839.3579497544592,230.39100000000002,2636.6312312519426,3311.175,6157.593000000001,0.0,4241.346153404544,20917.925337171197
t272,445.18621482353547,361.248,2839.3579497544592,230.39100000000002,1659.3436838406683,2407.2359169267133,6157.593000000001,0.0,2383.0955319108793,16483.451297256255
t273,281.6998180710002,51.19800000000001,1212.0064693064762,0.0,768.7576611164999,264.1774830530067,2981.758155404757,0.0,1579.824,7139.421586951741
t274,0.0,51.19800000000001,480.570184251,0.0,768.7576611164999,0.0,903.2790000000001,0.0,1579.824,3783.6288453675
t275,0.0,51.19800000000001,480.570184251,0.0,768.7576611164999,0.0,903.2790000000001,0.0,1101.9944681501718,3305.799313517672
t276,0.0,51.19800000000001,480.570184251,0.0,768.7576611164999,0.0,903.2790000000001,0.0,1160.0171769654983,3363.822022332998
t277,0.0,51.19800000000001,480.570184251,0.0,768.7576611164999,0.0,903.2790000000001,0.0,741.1317664433861,2944.9366118108865
t278,0.0,51.19800000000001,480.570184251,0.0,768.7576611164999,0.0,903.2790000000001,0.0,1051.8458605902522,3255.6507059577525
t279,0.0,51.19800000000001,480.570184251,0.0,768.7576611164999,0.0,903.2790000000001,0.0,873.4316397816403,3077.23648514914
t280,0.0,51.19800000000001,480.570184251,0.0,768.7576611164999,0.0,903.2790000000001,0.0,1579.824,3783.6288453675
t281,281.6998180710002,213.68749516441198,480.570184251,0.0,768.7576611164999,0.0,3263.89023146284,0.0,1579.824,6588.429390065752
t282,1080.9095966488,361.248,2839.3579497544592,230.39100000000002,1854.5007678704962,3311.175,6157.593000000001,0.0,3792.977303816226,19628.152618089982
t283,1739.934556114668,361.248,2839.3579497544592,230.39100000000002,2515.7838898441246,3311.175,6157.593000000001,0.0,4492.509875907522,21647.993271620773
t284,1732.2639707896683,361.248,2839.3579497544592,230.39100000000002,2432.632779255315,4169.015845000424,6157.593000000001,0.0,4333.644069253812,22256.14661405368
t285,1702.5492050050682,361.248,2839.3579497544592,230.39100000000002,2157.65911874475,4169.015845000424,6157.593000000001,0.0,4196.822356927812,21814.63647543251
t286,1288.9842075568681,361.248,2839.3579497544592,230.39100000000002,1782.2902234386586,3311.175,6157.593000000001,0.0,3962.6561105523483,19933.695491302333
t287,1574.742918225468,361.248,2839.3579497544592,230.39100000000002,1400.2257023555687,3731.621882121111,6157.593000000001,0.0,3741.220893354347,20036.401345810955
t288,1517.1264135394679,361.248,2839.3579497544592,230.39100000000002,1028.7787959392967,4059.2960207579927,6157.593000000001,0.0,4161.497862387385,20355.2890423786
t289,1127.310074515668,361.248,2839.3579497544592,230.39100000000002,816.5147626592968,4169.015845000424,6157.593000000001,0.0,4540.421640859366,20241.852272789212
t290,1403.9352895949316,361.248,2839.3579497544592,230.39100000000002,768.7576611164999,4169.015845000424,6157.593000000001,0.0,3811.833860097759,19742.132605564075
t291,1364.2738690454164,361.248,2839.3579497544592,230.39100000000002,768.7576611164999,3873.276700798171,6157.593000000001,0.0,3398.784,18993.682180714546
t292,1454.0212346728683,361.248,2839.3579497544592,230.39100000000002,865.9211963735653,2288.1683051843106,6157.593000000001,0.0,3398.784,17595.484685985204
t293,1471.3653766906677,361.248,2839.3579497544592,230.39100000000002,1183.0105763375182,3311.175,6157.593000000001,0.0,3398.784,18952.924902782644
t294,1508.266939422468,361.248,2839.3579497544592,230.39100000000002,1661.6573625454657,3311.175,6157.593000000001,0.0,4418.09071482901,20487.779966551403
t295,486.0534025447213,361.248,2839.3579497544592,230.39100000000002,2341.62363137147,3311.175,6157.593000000001,0.0,3244.5223629013863,18971.964346572036
t296,281.6998180710002,51.19800000000001,1975.8792491677002,3.492130913136034,1029.446112376844,1176.1449850613494,3333.789709245143,0.0,1579.824,9431.474004835172
t297,0.0,51.19800000000001,480.570184251,0.0,768.7576611164999,0.0,903.2790000000001,0.0,1505.8234917300215,3709.6283370975216
t298,0.0,51.19800000000001,480.570184251,0.0,768.7576611164999,0.0,903.2790000000001,0.0,1173.7271504112434,3377.5319957787433
t299,0.0,51.19800000000001,480.570184251,0.0,768.7576611164999,0.0,903.2790000000001,0.0,293.87743053083125,2497.682275898331
t300,0.0,51.19800000000001,480.570184251,0.0,768.7576611164999,0.0,903.2790000000001,0.0,0.0,2203.8048453675
t301,0.0,51.19800000000001,480.570184251,0.0,768.7576611164999,0.0,903.2790000000001,0.0,0.0,2203.8048453675
t302,0.0,51.19800000000001,480.570184251,0.0,768.7576611164999,0.0,903.2790000000001,0.0,988.2458037305774,3192.0506490980774
t303,0.0,51.19800000000001,480.570184251,0.0,768.7576611164999,0.0,903.2790000000001,0.0,919.6578338492412,3123.4626792167414
t304,0.0,51.19800000000001,480.570184251,0.0,768.7576611164999,0.0,903.2790000000001,0.0,1386.2719728511097,3590.07681821861
t305,281.6998180710002,347.19584526733183,681.3676314632877,17.682992282790764,768.7576611164999,1364.061,4702.378503405893,0.0,1579.824,9742.967451606803
t306,1559.845753685936,361.248,2839.3579497544592,230.39100000000002,1036.3488133822884,3311.175,6157.593000000001,0.0,4283.027382754541,19778.986899577227
t307,1374.9090589822683,361.248,2839.3579497544592,230.39100000000002,1735.1482976365348,3311.175,6157.593000000001,0.0,4687.045297459811,20696.867603833074
t308,1665.696280827141,361.248,2839.3579497544592,230.39100000000002,1752.1450151565175,4169.015845000424,6157.593000000001,0.0,6044.788122974217,23220.235213712756
t309,1670.7233534176682,361.248,2839.3579497544592,230.39100000000002,1536.6269678887506,4169.015845000424,6157.593000000001,0.0,6044.788122974217,23009.744239035517
t310,1606.021811848068,361.248,2839.3579497544592,230.39100000000002,1218.0082208613157,4169.015845000424,6157.593000000001,0.0,6044.788122974217,22626.423950438482
t311,1531.678515620868,361.248,2839.3579497544592,230.39100000000002,800.1088992813153,4169.015845000424,6157.593000000001,0.0,4173.368985352776,20262.762195009844
t312,1346.9971620160682,361.248,2839.3579497544592,230.39100000000002,768.7576611164999,3311.175,6157.593000000001,0.0,3962.7363951432526,18978.256168030282
t313,957.3525419110682,361.248,2839.3579497544592,230.39100000000002,768.7576611164999,3311.175,6157.593000000001,0.0,3398.784,18024.659152782027
t314,1284.204052608468,361.248,2839.3579497544592,230.39100000000002,768.7576611164999,4169.015845000424,6157.593000000001,0.0,5557.752550632749,21368.3200591126
t315,1269.8936278876681,361.248,2839.3579497544592,230.39100000000002,768.7576611164999,4006.0927881030066,6157.593000000001,0.0,3688.492343454347,19321.826370315983
t316,920.623130927868,361.248,2839.3579497544592,230.39100000000002,768.7576611164999,2259.367789824877,6157.593000000001,0.0,3437.3478946130326,16974.686426236738
t317,1291.5625688878683,361.248,2839.3579497544592,230.39100000000002,768.7576611164999,3311.175,6157.593000000001,0.0,3766.4987076303473,18726.583887389173
t318,1440.7415567080682,361.248,2839.3579497544592,230.39100000000002,931.8882318105193,3311.175,6157.593000000001,0.0,4003.6203299523468,19276.015068225395
t319,868.3504400934002,361.248,2839.3579497544592,230.39100000000002,1546.4651160572798,3311.175,6157.593000000001,0.0,3095.994197357859,18410.574703262995
t320,281.6998180710002,146.25948474802203,2252.2206959894024,54.487995189714006,768.7576611164999,963.9292183674067,5856.921734607782,0.0,1579.824,11904.10060808983
t321,281.6998180710002,51.19800000000001,480.570184251,0.0,768.7576611164999,0.0,903.2790000000001,0.0,1579.824,4065.3286634385004
t322,0.0,5.119854884201452,480.570184251,0.0,768.7576611164999,0.0,903.2790000000001,0.0,1174.630304147423,3332.3570043991244
t323,0.0,0.0,480.570184251,0.0,768.7576611164999,0.0,903.2790000000001,0.0,0.0,2152.6068453675
t324,0.0,0.0,480.570184251,0.0,768.7576611164999,0.0,903.2790000000001,0.0,0.0,2152.6068453675
t325,0.0,0.0,480.570184251,0.0,768.7576611164999,0.0,786.3260469190894,0.0,0.0,2035.6538922865893
t326,0.0,0.0,480.570184251,0.0,768.7576611164999,0.0,903.2790000000001,0.0,527.1967187336762,2679.803564101176
t327,0.0,0.0,480.570184251,0.0,768.7576611164999,0.0,903.2790000000001,0.0,693.6857636243124,2846.292608991812
t328,0.0,0.0,480.570184251,0.0,768.7576611164999,0.0,903.2790000000001,0.0,1579.824,3732.4308453675
t329,281.6998180710002,213.34437969613205,480.570184251,230.39100000000002,768.7576611164999,1425.561637445263,4788.86135924415,0.0,1579.824,9769.010039824045
t330,1435.5853505748528,361.248,2839.3579497544592,230.39100000000002,768.7576611164999,3311.175,6157.593000000001,0.0,5164.455226526078,20268.56318797189
t331,1276.801708487868,361.248,2839.3579497544592,230.39100000000002,768.7576611164999,3311.175,6157.593000000001,0.0,5366.226817350347,20311.551136709175
t332,1616.876082347868,361.248,2839.3579497544592,230.39100000000002,768.7576611164999,4169.015845000424,6157.593000000001,0.0,4938.662288769522,21081.901826988775
t333,1554.6294976618678,361.248,2839.3579497544592,230.39100000000002,768.7576611164999,4169.015845000424,6157.593000000001,0.0,4754.288530395522,20835.281483928775
t334,1476.5401624522683,361.248,2839.3579497544592,230.39100000000002,768.7576611164999,3311.175,6157.593000000001,0.0,5817.253644242131,20962.31641756536
t335,1390.1701131256682,361.248,2839.3579497544592,230.39100000000002,768.7576611164999,4169.015845000424,6157.593000000001,0.0,5214.955318737403,21131.488887734457
t336,1320.8003347360682,361.248,2839.3579497544592,230.39100000000002,768.7576611164999,3311.175,6157.593000000001,0.0,5828.729483348704,20818.052428955732
t337,931.734041387868,361.248,1810.5894843238418,230.39100000000002,768.7576611164999,3311.175,6157.593000000001,0.0,4301.777376402152,17873.26556323036
t338,1262.0263104634682,361.248,1886.1632250472896,230.39100000000002,768.7576611164999,4169.015845000424,6157.593000000001,0.0,3801.9326150363872,18637.12765666407
t339,1259.1643120852682,361.248,2144.761483524831,230.39100000000002,768.7576611164999,4092.734987719602,6157.593000000001,0.0,3784.4549185263477,18799.10536297255
t340,1276.2349747072683,361.248,2672.1373460602777,230.39100000000002,768.7576611164999,3967.828899003648,6157.593000000001,0.0,4065.430384908347,19499.621265796042
t341,1444.3926236548682,361.248,2839.3579497544592,230.39100000000002,768.7576611164999,4169.015845000424,6157.593000000001,0.0,4098.418638832428,20069.174718358678
t342,1518.7041182602684,361.248,2839.3579497544592,230.39100000000002,1675.6688560765504,4169.015845000424,6157.593000000001,0.0,6044.788122974217,22996.766892065916
t343,508.99272871921875,361.248,2839.3579497544592,230.39100000000002,2320.0399421649886,4169.015845000424,6157.593000000001,0.0,4217.606273670773,20804.244739309863
t344,281.6998180710002,361.248,2839.3579497544592,230.39100000000002,1307.652671833753,4169.015845000424,6157.593000000001,0.0,2570.169808009921,17917.128092669558
t345,281.6998180710002,51.19800000000001,1063.9706483982916,230.39100000000002,768.7576611164999,3893.944626391961,4655.007561625711,0.0,1579.824,12524.793315603463
t346,281.6998180710002,51.19800000000001,480.570184251,230.39100000000002,768.7576611164999,1760.8728747711077,1119.5641311131003,0.0,1579.824,6272.877669322708
t347,281.6998180710002,51.19800000000001,480.570184251,0.0,768.7576611164999,1364.061,903.2790000000001,0.0,1579.824,5429.3896634385
t348,281.6998180710002,51.19800000000001,480.570184251,0.0,768.7576611164999,493.15285396044607,903.2790000000001,0.0,1579.824,4558.481517398946
t349,281.6998180710002,51.19800000000001,480.570184251,0.0,768.7576611164999,129.98690914085867,903.2790000000001,0.0,1579.824,4195.315572579359
t350,281.6998180710002,51.19800000000001,480.570184251,0.0,768.7576611164999,654.9368514197434,903.2790000000001,0.0,1579.824,4720.2655148582435
t351,281.6998180710002,51.19800000000001,480.570184251,119.36570202385349,768.7576611164999,1364.061,903.2790000000001,0.0,1579.824,5548.755365462353
t352,281.6998180710002,89.3807054361491,480.570184251,230.39100000000002,768.7576611164999,1364.061,1291.3823882587153,0.0,1579.824,6086.066757133365
t353,281.6998180710002,227.25372419580592,480.570184251,230.39100000000002,768.7576611164999,3311.175,6087.075904007579,0.0,1579.824,12966.747291641886
t354,1396.7933806136919,361.248,2045.261584305064,230.39100000000002,768.7576611164999,4169.015845000424,6157.593000000001,0.0,5081.697585942202,20210.75805697788
t355,1338.7493673544684,361.248,2839.3579497544592,230.39100000000002,768.7576611164999,3311.175,6157.593000000001,0.0,4754.377907946797,19761.649886172225
t356,1673.5449423592681,361.248,2839.3579497544592,230.39100000000002,768.7576611164999,4169.015845000424,6157.593000000001,0.0,5145.284046366347,21345.192444597
t357,1603.666362411468,361.248,2839.3579497544592,230.39100000000002,768.7576611164999,3523.4017293868815,6157.593000000001,163.2174516958232,6044.788122974217,21692.42127733935
t358,1506.2231266150682,361.248,2839.3579497544592,230.39100000000002,768.7576611164999,3311.175,6157.593000000001,0.0,6044.788122974217,21219.533860460244
t359,1406.3249331082682,361.248,2701.068321505409,230.39100000000002,768.7576611164999,4169.015845000424,6157.593000000001,0.0,6044.788122974217,21839.186883704817
t360,1317.3977335912684,361.248,2453.3844637805705,230.39100000000002,768.7576611164999,4169.015845000424,6157.593000000001,0.0,6044.788122974217,21502.57582646298
t361,926.525201387868,361.248,2319.3104921827776,230.39100000000002,768.7576611164999,3311.175,6157.593000000001,0.0,5292.958117991057,19367.958472678205
t362,1247.1757158058683,361.248,2370.5508997327947,230.39100000000002,768.7576611164999,4169.015845000424,6157.593000000001,0.0,4343.454806042784,19648.18692769837
t363,1235.148529463268,361.248,2383.5766048657383,230.39100000000002,768.7576611164999,4169.015845000424,6157.593000000001,0.0,4627.1654910017105,19932.89613144764
t364,906.560738765868,361.248,2839.3579497544592,230.39100000000002,768.7576611164999,3311.175,6157.593000000001,0.0,3940.12103869522,18515.204388332048
t365,1419.2658314672744,361.248,2839.3579497544592,230.39100000000002,768.7576611164999,4169.015845000424,6157.593000000001,0.0,5682.985604481969,21628.614891820627
t366,1496.6662929988681,361.248,2839.3579497544592,230.39100000000002,1627.0273931784577,4169.015845000424,6157.593000000001,0.0,6044.788122974217,22926.087603906424
t367,552.1647711059175,361.248,2839.3579497544592,230.39100000000002,2252.7168564799276,4169.015845000424,6157.593000000001,0.0,6044.788122974217,22607.275545314948
t368,281.6998180710002,361.248,2839.3579497544592,230.39100000000002,1583.7727500168496,3311.175,6157.593000000001,0.0,2394.265993722882,17159.50351156519
t369,281.6998180710002,51.19800000000001,1385.928067506858,214.41507131049968,768.7576611164999,1364.061,4801.644100959442,0.0,1579.824,10447.5277189643
t370,281.6998180710002,51.19800000000001,480.570184251,0.0,768.7576611164999,49.962486308881964,2972.7343063183157,0.0,1579.824,6184.746456065697
t371,281.6998180710002,51.19800000000001,480.570184251,0.0,768.7576611164999,0.0,903.2790000000001,0.0,1579.824,4065.3286634385004
t372,281.6998180710002,51.19800000000001,480.570184251,0.0,768.7576611164999,0.0,903.2790000000001,0.0,1579.824,4065.3286634385004
t373,281.6998180710002,51.19800000000001,480.570184251,0.0,768.7576611164999,0.0,903.2790000000001,0.0,1579.824,4065.3286634385004
t374,281.6998180710002,51.19800000000001,480.570184251,0.0,768.7576611164999,0.0,903.2790000000001,0.0,1579.824,4065.3286634385004
t375,281.6998180710002,51.19800000000001,480.570184251,0.0,768.7576611164999,0.0,903.2790000000001,0.0,1579.824,4065.3286634385004
t376,281.6998180710002,51.19800000000001,480.570184251,0.0,768.7576611164999,0.0,903.2790000000001,0.0,1579.824,4065.3286634385004
t377,281.6998180710002,51.19800000000001,480.570184251,0.0,768.7576611164999,288.12720348284387,3971.460577494373,0.0,1579.824,7421.637444415717
t378,1366.7341944816621,361.248,1542.6356890155912,230.39100000000002,768.7576611164999,2363.6180346011956,6157.593000000001,0.0,4665.901203818651,17456.8787830336
t379,1293.3830679760683,361.248,2228.3948864852437,230.39100000000002,768.7576611164999,3311.175,6157.593000000001,0.0,6044.788122974217,20395.73073855203
t380,1641.528280214268,361.248,2251.4720156302856,230.39100000000002,768.7576611164999,4169.015845000424,6157.593000000001,0.0,6044.788122974217,21624.793924935693
t381,1596.142478533776,361.248,2153.4171180012004,230.39100000000002,768.7576611164999,4169.015845000424,6157.593000000001,0.0,6044.788122974217,21481.353225626117
t382,1523.2619872018677,361.248,2050.941087933361,230.39100000000002,768.7576611164999,3311.175,6157.593000000001,0.0,6044.788122974217,20448.155859225946
t383,1441.1145396731758,361.248,2008.29946099272,230.39100000000002,768.7576611164999,4169.015845000424,6157.593000000001,0.0,6044.788122974217,21181.20762975704
t384,1360.500288724776,361.248,2012.5579497544593,230.39100000000002,768.7576611164999,4169.015845000424,6157.593000000001,0.0,5926.835401373776,20986.899145969935
t385,971.2622803354681,361.248,2012.5579497544593,230.39100000000002,768.7576611164999,3311.175,6157.593000000001,0.0,4571.41746628588,18384.40235749231
t386,1302.1333094110682,361.248,2012.5579497544593,230.39100000000002,768.7576611164999,3311.175,6157.593000000001,0.0,4273.325252983472,18417.1811732655
t387,1288.5034051672685,361.248,2202.8345756575204,230.39100000000002,768.7576611164999,4169.015845000424,6157.593000000001,0.0,4007.3436191256214,19185.687106067337
t388,952.6906602892682,361.248,2364.5770507465204,230.39100000000002,768.7576611164999,3311.175,6157.593000000001,0.0,4040.035541792913,18186.467913945202
t389,1347.9579499168683,361.248,2839.3579497544592,230.39100000000002,768.7576611164999,4169.015845000424,6157.593000000001,0.0,4858.692088723814,20733.013494512066
t390,1533.8667819634682,361.248,2839.3579497544592,230.39100000000002,889.4701475297152,2221.9018450004237,6157.593000000001,0.0,4916.678674809738,19150.507399057806
t391,611.5326687189181,361.248,2839.3579497544592,230.39100000000002,1681.4002310792062,3311.175,6157.593000000001,0.0,5682.276916652092,20874.974766204676
t392,281.6998180710002,361.248,2839.3579497544592,230.39100000000002,1160.5186255094636,3163.117005950383,6157.593000000001,0.0,1753.2898169467198,15947.215216232027
t393,281.6998180710002,51.19800000000001,480.570184251,0.0,768.7576611164999,0.0,3821.6150640543606,0.0,1579.824,6983.66472749286
t394,246.29312952235463,51.19800000000001,480.570184251,0.0,768.7576611164999,0.0,903.2790000000001,0.0,1579.824,4029.9219748898545
t395,0.0,51.19800000000001,480.570184251,0.0,768.7576611164999,0.0,903.2790000000001,0.0,1355.600834169325,3559.405679536825
t396,0.0,51.19800000000001,480.570184251,0.0,768.7576611164999,0.0,903.2790000000001,0.0,1117.1086930391725,3320.9135384066726
t397,0.0,51.19800000000001,480.570184251,0.0,768.7576611164999,0.0,903.2790000000001,0.0,1169.9314350978168,3373.7362804653167
t398,0.0,51.19800000000001,480.570184251,0.0,768.7576611164999,0.0,903.2790000000001,0.0,1579.824,3783.6288453675
t399,0.0,51.19800000000001,480.570184251,0.0,768.7576611164999,0.0,903.2790000000001,0.0,1579.824,3783.6288453675
t400,0.0,51.19800000000001,480.570184251,0.0,768.7576611164999,0.0,903.2790000000001,0.0,1579.824,3783.6288453675
t401,281.6998180710002,166.65779399804262,480.570184251,0.0,768.7576611164999,0.0,1469.5808092588995,0.0,1579.824,4747.090266695443
t402,1309.078505663397,361.248,1787.223254540035,230.39100000000002,768.7576611164999,3090.0240818327375,6157.593000000001,0.0,3560.1603397611134,17264.475842913784
t403,1309.899984191868,361.248,2839.3579497544592,230.39100000000002,768.7576611164999,4169.015845000424,6157.593000000001,0.0,4372.16495643352,20208.428396496773
t404,1688.7794280894384,361.248,2839.3579497544592,230.39100000000002,768.7576611164999,4169.015845000424,6157.593000000001,0.0,4338.746399079522,20553.889283040342
t405,1647.4443335317158,361.248,2839.3579497544592,230.39100000000002,768.7576611164999,4169.015845000424,6157.593000000001,0.0,6044.788122974217,22218.595912377314
t406,1583.815909758274,361.248,2839.3579497544592,230.39100000000002,768.7576611164999,3311.175,6157.593000000001,0.0,3761.5664669931857,19013.90498762242
t407,1455.5517419290682,361.248,2734.0449404242845,230.39100000000002,768.7576611164999,4169.015845000424,6157.593000000001,0.0,3923.0911822034004,19799.693370673675
t408,1376.4384488182682,361.248,2172.931317566624,230.39100000000002,768.7576611164999,4169.015845000424,6157.593000000001,0.0,5359.302606935833,20595.67787943765
t409,1337.5970851324682,361.248,2462.248034768777,230.39100000000002,768.7576611164999,4169.015845000424,6157.593000000001,0.0,3757.582711398347,19244.433337416514
t410,1303.6279120504682,361.248,2294.8123054060243,230.39100000000002,768.7576611164999,3311.175,6157.593000000001,0.0,4439.730572739383,18867.335451312378
t411,1005.0031149246183,361.248,2612.4485459608713,230.39100000000002,768.7576611164999,3311.175,6157.593000000001,0.0,3552.912817767521,17999.52913976951
t412,947.952464614068,361.248,2839.3579497544592,230.39100000000002,768.7576611164999,4169.015845000424,6157.593000000001,0.0,3398.784,18873.099920485452
t413,1469.6740415386685,361.248,2839.3579497544592,230.39100000000002,1002.0119885171881,3311.175,6157.593000000001,0.0,4789.620098976748,20161.071078787063
t414,1523.474115143868,361.248,2839.3579497544592,230.39100000000002,1887.7779387685482,4169.015845000424,6157.593000000001,0.0,4516.386493681366,21685.244342348666
t415,348.98882827696514,361.248,2839.3579497544592,230.39100000000002,2460.822490697079,4169.015845000424,6157.593000000001,0.0,3398.784,19966.20111372893
t416,281.6998180710002,52.02172635808092,2341.196550930319,230.39100000000002,882.7560508809682,3311.175,6157.593000000001,0.0,1579.824,14836.65714624037
t417,281.6998180710002,51.19800000000001,701.2523780478632,230.39100000000002,768.7576611164999,1364.061,1756.6552793212413,0.0,1579.824,6733.839136556604
t418,0.0,51.19800000000001,480.570184251,0.0,768.7576611164999,227.8270857791778,903.2790000000001,0.0,318.91013606619714,2750.542067212875
t419,0.0,0.0,480.570184251,0.0,768.7576611164999,0.0,903.2790000000001,0.0,0.0,2152.6068453675
t420,0.0,0.0,480.570184251,0.0,768.7576611164999,0.0,903.2790000000001,0.0,0.0,2152.6068453675
t421,0.0,0.0,480.570184251,0.0,768.7576611164999,0.0,903.2790000000001,0.0,0.0,2152.6068453675
t422,0.0,0.0,480.570184251,0.0,768.7576611164999,0.0,903.2790000000001,0.0,0.0,2152.6068453675
t423,0.0,0.0,480.570184251,0.0,768.7576611164999,0.0,903.2790000000001,0.0,0.0,2152.6068453675
t424,0.0,4.6029657754530175,480.570184251,0.0,768.7576611164999,0.0,903.2790000000001,0.0,773.2972507005932,2930.5070618435466
t425,281.6998180710002,51.19800000000001,480.570184251,0.0,768.7576611164999,556.4605496595664,2236.0991608435834,0.0,1579.824,5954.60937394165
t426,1332.2175275423267,361.248,1439.00969940317,230.39100000000002,768.7576611164999,3311.175,6157.593000000001,0.0,4045.26984690487,17645.661734966867
t427,1301.1867821566682,361.248,2199.0951999879344,230.39100000000002,768.7576611164999,4169.015845000424,6157.593000000001,0.0,3999.622386816797,19186.909875078323
t428,1650.5912748718683,361.248,2091.678674905842,230.39100000000002,768.7576611164999,4169.015845000424,6157.593000000001,0.0,4624.621701363521,20053.897157258154
t429,1595.0867228884683,361.248,2138.716236649681,230.39100000000002,768.7576611164999,4169.015845000424,6157.593000000001,0.0,4751.073318844777,20171.88178449985
t430,1522.0345087600679,361.248,2012.5579497544593,230.39100000000002,768.7576611164999,3311.175,6157.593000000001,0.0,4351.473202006775,18715.230321637802
t431,1429.596592009668,361.248,1849.59611080344,230.39100000000002,768.7576611164999,3686.5522620691854,6157.593000000001,0.0,4138.949589732348,18622.68421573114
t432,1357.7714234932685,361.248,1872.3133019983202,230.39100000000002,768.7576611164999,4169.015845000424,6157.593000000001,0.0,6044.788122974217,20961.87835458273
t433,1034.8510095648185,361.248,1709.3555146641597,230.39100000000002,768.7576611164999,3311.175,6157.593000000001,0.0,3398.784,16972.15518534548
t434,1290.2714867890684,361.248,1890.4467631878,230.39100000000002,768.7576611164999,3311.175,6157.593000000001,0.0,3780.6045876575213,17790.487498750892
t435,1268.462628905268,361.248,2002.0310936594399,230.39100000000002,768.7576611164999,3311.175,6157.593000000001,0.0,3766.4781988563473,17866.136582537558
t436,931.8294466666681,361.248,2204.389907170321,230.39100000000002,768.7576611164999,3311.175,6157.593000000001,0.0,4112.263135626347,18077.647150579836
t437,1334.7605335912683,361.248,2686.4413816137762,230.39100000000002,768.7576611164999,4169.015845000424,6157.593000000001,0.0,4192.251083094347,19900.458504416314
t438,1520.0520151612684,361.248,2839.3579497544592,230.39100000000002,768.7576611164999,4169.015845000424,6157.593000000001,0.0,6044.788122974217,22091.203594006867
t439,872.8996583029101,361.248,2839.3579497544592,230.39100000000002,1381.8905360796473,3311.175,6157.593000000001,0.0,6044.788122974217,21199.343267111235
t440,281.6998180710002,361.248,2358.2617316695078,230.39100000000002,768.7576611164999,3949.0042620984723,6157.593000000001,0.0,2680.0073954013824,16786.962868356863
t441,281.6998180710002,51.19800000000001,480.570184251,230.39100000000002,768.7576611164999,1364.061,4795.616078857679,0.0,1579.824,9552.11774229618
t442,281.6998180710002,51.19800000000001,480.570184251,0.0,768.7576611164999,0.0,903.2790000000001,0.0,1579.824,4065.3286634385004
t443,0.0,51.19800000000001,480.570184251,0.0,768.7576611164999,0.0,903.2790000000001,0.0,1579.824,3783.6288453675
t444,0.0,51.19800000000001,480.570184251,0.0,768.7576611164999,0.0,903.2790000000001,0.0,1498.0153725572877,3701.820217924788
t445,0.0,51.19800000000001,480.570184251,0.0,768.7576611164999,0.0,903.2790000000001,0.0,1245.032131391978,3448.836976759478
t446,0.0,51.19800000000001,480.570184251,0.0,768.7576611164999,0.0,903.2790000000001,0.0,1579.824,3783.6288453675
t447,0.0,51.19800000000001,480.570184251,0.0,768.7576611164999,0.0,903.2790000000001,0.0,1579.824,3783.6288453675
t448,128.75825043681147,51.19800000000001,480.570184251,0.0,768.7576611164999,0.0,903.2790000000001,0.0,1579.824,3912.3870958043117
t449,281.6998180710002,302.2017808398119,480.570184251,0.0,768.7576611164999,0.0,4218.426751475538,0.0,1579.824,7631.480195753851
t450,901.3164366919065,361.248,2760.059721842846,230.39100000000002,768.7576611164999,1364.061,6157.593000000001,0.0,4256.2397937093565,16799.66661336061
t451,1617.137277579204,361.248,2655.6305337852373,230.39100000000002,768.7576611164999,4169.015845000424,6157.593000000001,0.0,4576.709381349522,20536.48269883089
t452,1611.9920024014082,361.248,2607.425406114911,230.39100000000002,768.7576611164999,4169.015845000424,6157.593000000001,0.0,4599.3050623743475,20505.72797700759
t453,1570.3904396492042,361.248,2145.6240617029225,230.39100000000002,768.7576611164999,4169.015845000424,6157.593000000001,0.0,4455.211143834347,19858.2311513034
t454,1377.7720111430165,361.248,1913.05832721012,230.39100000000002,768.7576611164999,3311.175,6157.593000000001,0.0,3676.9793381407976,17796.974337610434
t455,1425.4117099108682,361.248,1815.8654710096796,230.39100000000002,768.7576611164999,3311.175,6157.593000000001,0.0,3932.0703128735217,18002.51215491057
t456,1352.359062539268,361.248,1743.09400153404,230.39100000000002,768.7576611164999,4169.015845000424,6157.593000000001,0.0,4713.090624231952,19495.549194422183
t457,961.1435261548683,361.248,1720.6320871541998,230.39100000000002,768.7576611164999,3311.175,6157.593000000001,0.0,3398.784,16909.72427442557
t458,1275.6244130854682,361.248,1607.3870212332001,230.39100000000002,768.7576611164999,4169.015845000424,6157.593000000001,0.0,3747.971498346268,18317.98843878186
t459,1252.931514184068,361.248,1815.6889664897997,230.39100000000002,768.7576611164999,3311.175,6157.593000000001,0.0,3429.746997249522,17327.53213903989
t460,904.4428641082682,361.248,1926.8795927429999,230.39100000000002,768.7576611164999,1952.1461153385783,6157.593000000001,0.0,3398.784,15700.242233306348
t461,1281.8890126084682,361.248,2028.9102186193234,230.39100000000002,768.7576611164999,3234.365916731081,6157.593000000001,0.0,3687.4619297375216,17750.616738812896
t462,1311.8704689340682,361.248,2684.5690971441772,230.39100000000002,768.7576611164999,3311.175,6157.593000000001,0.0,3940.573735905521,18766.177963100265
t463,281.6998180710002,361.248,2527.3715754761565,230.39100000000002,768.7576611164999,3311.175,6157.593000000001,0.0,2902.984681084319,16541.22073574798
t464,281.6998180710002,51.19800000000001,480.570184251,230.39100000000002,768.7576611164999,393.90696143437725,2826.836399352719,0.0,1579.824,6613.184024225597
t465,0.0,51.19800000000001,480.570184251,0.0,768.7576611164999,0.0,903.2790000000001,0.0,677.4875455233177,2881.292390890818
t466,0.0,0.0,480.570184251,0.0,768.7576611164999,0.0,0.0,0.0,0.0,1249.3278453674998
t467,0.0,0.0,480.570184251,0.0,768.7576611164999,0.0,0.0,0.0,0.0,1249.3278453674998
t468,0.0,0.0,0.0,0.0,768.7576611164999,0.0,0.0,0.0,0.0,768.7576611164999
t469,0.0,0.0,0.0,0.0,768.7576611164999,0.0,0.0,0.0,0.0,768.7576611164999
t470,0.0,0.0,480.570184251,0.0,768.7576611164999,0.0,0.0,0.0,0.0,1249.3278453674998
t471,0.0,0.0,480.570184251,0.0,768.7576611164999,0.0,0.0,0.0,0.0,1249.3278453674998
t472,0.0,0.0,480.570184251,0.0,768.7576611164999,0.0,464.8189380264728,0.0,0.0,1714.1467833939726
t473,281.6998180710002,51.19800000000001,480.570184251,0.0,768.7576611164999,0.0,1273.5841316726812,0.0,1579.824,4435.633795111182
t474,1280.6186288809597,361.248,1294.8656768534609,230.39100000000002,768.7576611164999,1364.061,6157.593000000001,0.0,4280.837638017466,15738.37260486839
t475,1229.8708480282678,361.248,1780.3547282575921,230.39100000000002,768.7576611164999,3311.175,6157.593000000001,0.0,4196.064076650798,18035.454314053157
t476,1574.2000589645756,361.248,1579.3594833889197,230.39100000000002,768.7576611164999,4169.015845000424,6157.593000000001,0.0,4536.695611704347,19377.26066017477
t477,1532.8019813824678,361.248,1983.8806584780107,230.39100000000002,768.7576611164999,4169.015845000424,6157.593000000001,0.0,4363.711515276347,19567.39966125375
t478,1473.7549109572683,361.248,1880.6825430795604,230.39100000000002,768.7576611164999,3311.175,6157.593000000001,0.0,4038.691368944554,18222.293484097885
t479,1401.2492219638682,361.248,1792.2691236969597,230.39100000000002,768.7576611164999,3311.175,6157.593000000001,0.0,4078.339528873102,18101.02253565043
t480,1333.4122030336682,361.248,1664.88104579417,230.39100000000002,768.7576611164999,4169.015845000424,6157.593000000001,0.0,3684.3501297826006,18369.648884727365
t481,944.3463390509763,361.248,1668.6517763718,230.39100000000002,768.7576611164999,3311.175,6157.593000000001,0.0,3398.784,16840.946776539276
t482,1272.253609271376,361.248,1509.43311497988,230.39100000000002,768.7576611164999,4148.126624615028,6157.593000000001,0.0,3653.281314957521,18101.084324940304
t483,1243.3597179682683,361.248,1678.4153630685594,230.39100000000002,768.7576611164999,3311.175,6157.593000000001,0.0,3575.8971210762156,17326.836863229546
t484,966.505622319618,361.248,1696.2527528513147,230.39100000000002,768.7576611164999,3155.3901593364176,6157.593000000001,0.0,2663.807122538307,15999.945318162157
t485,1261.7909878876683,361.248,2012.5579497544593,230.39100000000002,768.7576611164999,3061.0607697910923,6157.593000000001,0.0,3271.782607694876,17125.181976244596
t486,1280.6996909866682,361.248,2296.6773435301475,230.39100000000002,768.7576611164999,3418.7477711678866,6157.593000000001,0.0,3759.552549578615,18273.66701637982
t487,537.2172792835273,361.248,2238.3217573863876,230.39100000000002,768.7576611164999,1990.7497926464143,6157.593000000001,0.0,2098.609907653649,14382.888398086478
t488,281.6998180710002,213.96456192139206,480.570184251,0.0,768.7576611164999,369.48390885887375,3956.855120785609,0.0,1579.824,7651.155255004374
t489,0.0,51.19800000000001,480.570184251,0.0,768.7576611164999,0.0,903.2790000000001,0.0,1491.9713431320408,3695.7761884995407
t490,0.0,0.0,480.570184251,0.0,768.7576611164999,0.0,903.2790000000001,0.0,0.0,2152.6068453675
t491,0.0,0.0,480.570184251,0.0,768.7576611164999,0.0,903.2790000000001,0.0,0.0,2152.6068453675
t492,0.0,0.0,480.570184251,0.0,768.7576611164999,0.0,903.2790000000001,0.0,0.0,2152.6068453675
t493,0.0,0.0,480.570184251,0.0,768.7576611164999,0.0,903.2790000000001,0.0,0.0,2152.6068453675
t494,0.0,0.0,480.570184251,0.0,768.7576611164999,0.0,903.2790000000001,0.0,946.4479690198177,3099.0548143873175
t495,0.0,0.0,480.570184251,0.0,768.7576611164999,0.0,903.2790000000001,0.0,1579.824,3732.4308453675
t496,281.6998180710002,51.19800000000001,480.570184251,0.0,768.7576611164999,0.0,2091.331902952031,0.0,1579.824,5253.381566390532
t497,281.6998180710002,226.949901401232,1112.5795531081203,65.74459161076787,768.7576611164999,181.23349457314683,6157.593000000001,0.0,1889.092960283443,10683.65098016421
t498,1639.517316748018,361.248,2781.689064175004,230.39100000000002,768.7576611164999,1584.0267657770441,6157.593000000001,0.0,4811.886204838181,18335.109012654746
t499,1408.6751443534683,361.248,2839.3579497544592,230.39100000000002,916.0444321569407,3311.175,6157.593000000001,0.0,5052.5368019486195,20277.02132821349
t500,1624.711598150268,361.248,2839.3579497544592,230.39100000000002,768.7576611164999,4169.015845000424,6157.593000000001,0.0,4890.255235120775,21041.330289142425
t501,1561.7463365806682,361.248,2631.328061261993,230.39100000000002,768.7576611164999,4169.015845000424,6157.593000000001,0.0,4480.400998992348,20360.48090295193
t502,1271.9035937394044,361.248,1820.2811219828566,230.39100000000002,768.7576611164999,3311.175,6157.593000000001,0.0,4321.438657506347,18242.78803434511
t503,1395.607487260068,361.248,1805.1553085253602,230.39100000000002,768.7576611164999,4169.015845000424,6157.593000000001,0.0,4786.682793795855,19674.45109569821
t504,1318.535754753468,361.248,1715.37492623376,230.39100000000002,768.7576611164999,4169.015845000424,6157.593000000001,0.0,3554.501662791521,18275.417849895675
t505,1158.8720142391503,361.248,2839.3579497544592,230.39100000000002,768.7576611164999,4169.015845000424,6157.593000000001,0.0,3915.6801190535216,19600.915589164055
t506,1430.245310451468,361.248,2839.3579497544592,230.39100000000002,768.7576611164999,2221.9018450004237,6157.593000000001,0.0,3767.7007094538108,17777.19547577666
t507,1407.9590198014685,361.248,2839.3579497544592,230.39100000000002,768.7576611164999,2385.6733608980326,6157.593000000001,0.0,3861.1573239326135,18012.137315503074
t508,1158.8720142391503,361.248,2839.3579497544592,230.39100000000002,768.7576611164999,2985.4599513391017,6157.593000000001,0.0,2981.210925360077,17482.89050180929
t509,1452.9950245684681,361.248,2839.3579497544592,230.39100000000002,768.7576611164999,3311.175,6157.593000000001,0.0,3611.479146874964,18732.996782314392
t510,835.3104600274838,361.248,2839.3579497544592,230.39100000000002,768.7576611164999,1364.061,6157.593000000001,0.0,4001.739557971832,16558.458628870274
t511,281.6998180710002,268.551222248292,2839.3579497544592,230.39100000000002,768.7576611164999,4169.015845000424,6157.593000000001,0.0,2859.5695658474983,17574.936062038174
t512,281.6998180710002,51.19800000000001,943.4535259095856,0.0,768.7576611164999,1246.4988021392135,3947.5267881033574,0.0,1579.824,8818.958595339656
t513,281.6998180710002,51.19800000000001,480.570184251,0.0,768.7576611164999,0.0,903.2790000000001,0.0,1579.824,4065.3286634385004
t514,281.6998180710002,51.19800000000001,480.570184251,0.0,768.7576611164999,0.0,903.2790000000001,0.0,1579.824,4065.3286634385004
t515,0.0,51.19800000000001,480.570184251,0.0,768.7576611164999,0.0,903.2790000000001,0.0,1579.824,3783.6288453675
t516,0.0,51.19800000000001,480.570184251,0.0,768.7576611164999,0.0,903.2790000000001,0.0,1579.824,3783.6288453675
t517,281.6998180710002,51.19800000000001,480.570184251,0.0,768.7576611164999,0.0,903.2790000000001,0.0,1579.824,4065.3286634385004
t518,281.6998180710002,51.19800000000001,480.570184251,0.0,768.7576611164999,0.0,903.2790000000001,0.0,1579.824,4065.3286634385004
t519,281.6998180710002,51.19800000000001,480.570184251,0.0,768.7576611164999,0.0,903.2790000000001,0.0,1579.824,4065.3286634385004
t520,281.6998180710002,51.19800000000001,480.570184251,0.0,768.7576611164999,0.0,903.2790000000001,0.0,1579.824,4065.3286634385004
t521,281.6998180710002,306.393082796706,480.570184251,0.0,768.7576611164999,0.0,3218.91813759692,0.0,1579.824,6636.162883832127
t522,806.8468206069256,361.248,2511.4996772613817,230.39100000000002,768.7576611164999,1364.061,6157.593000000001,0.0,5476.2879314252405,17676.68509041005
t523,1716.5641397072602,361.248,2839.3579497544592,230.39100000000002,768.7576611164999,2221.9018450004237,6157.593000000001,0.0,6044.788122974217,20340.601718552858
t524,1374.9453964288682,361.248,2839.3579497544592,230.39100000000002,768.7576611164999,4169.015845000424,6157.593000000001,0.0,5980.527336234348,21881.8361885346
t525,1697.4335180806684,361.248,2839.3579497544592,230.39100000000002,768.7576611164999,2721.615432684238,6157.593000000001,31.103677701659812,5912.132746629283,20719.632985966808
t526,1600.2256044466678,361.248,2839.3579497544592,230.39100000000002,768.7576611164999,4169.015845000424,6157.593000000001,0.0,5686.036590105522,21812.62565042357
t527,1507.6859272192678,361.248,2839.3579497544592,230.39100000000002,768.7576611164999,4169.015845000424,6157.593000000001,0.0,5042.1056200163885,21076.15500310704
t528,1158.8720142391503,361.248,2839.3579497544592,230.39100000000002,768.7576611164999,4169.015845000424,6157.593000000001,0.0,4804.121563772091,20489.357033882625
t529,1365.091782539268,361.248,2839.3579497544592,230.39100000000002,768.7576611164999,2221.9018450004237,6157.593000000001,0.0,4225.828122974217,18170.16936138487
t530,1316.6404662310683,361.248,2839.3579497544592,230.39100000000002,768.7576611164999,2221.9018450004237,6157.593000000001,0.0,4181.810381096388,18077.70030319884
t531,1288.1218105096686,361.248,2839.3579497544592,230.39100000000002,768.7576611164999,1364.061,6157.593000000001,0.0,3900.0329408611315,16909.56336224176
t532,1158.8720142391503,361.248,2839.3579497544592,230.39100000000002,768.7576611164999,1364.061,6157.593000000001,0.0,3313.579321824193,16193.859946934303
t533,1306.3499931316683,361.248,2839.3579497544592,230.39100000000002,768.7576611164999,3311.175,6157.593000000001,0.0,3721.6612036621937,18696.53380766482
t534,604.4697348502289,361.248,2839.3579497544592,230.39100000000002,768.7576611164999,1364.061,6157.593000000001,0.0,4394.995929491434,16720.874275212624
t535,281.6998180710002,309.5592236434319,2344.3366874535427,230.39100000000002,768.7576611164999,3311.175,6157.593000000001,0.0,2606.222203988639,16009.734594273115
t536,281.6998180710002,51.19800000000001,480.570184251,0.0,768.7576611164999,1023.585457027194,3029.707789185242,0.0,1579.824,7215.342909650937
t537,263.1519015722843,51.19800000000001,480.570184251,0.0,768.7576611164999,0.0,903.2790000000001,0.0,1579.824,4046.7807469397844
t538,0.0,4.716865199302205,480.570184251,0.0,768.7576611164999,0.0,903.2790000000001,0.0,327.0585752163221,2484.382285783124
t539,0.0,36.85310142363647,480.570184251,0.0,768.7576611164999,0.0,903.2790000000001,0.0,0.0,2189.459946791136
t540,0.0,0.0,480.570184251,0.0,768.7576611164999,0.0,903.2790000000001,0.0,897.6838058616718,3050.2906512291715
t541,0.0,0.0,480.570184251,0.0,768.7576611164999,0.0,903.2790000000001,0.0,459.9639811982755,2612.5708265657754
t542,0.0,0.0,480.570184251,0.0,768.7576611164999,0.0,903.2790000000001,0.0,0.0,2152.6068453675
t543,0.0,51.19800000000001,480.570184251,0.0,768.7576611164999,0.0,903.2790000000001,0.0,984.7194163011491,3188.524261668649
t544,0.0,51.19800000000001,480.570184251,0.0,768.7576611164999,0.0,903.2790000000001,0.0,1579.824,3783.6288453675
t545,281.6998180710002,261.82070025529197,480.570184251,0.0,768.7576611164999,0.0,2268.3281602821694,0.0,1579.824,5641.000523975961
t546,873.9749643299916,361.248,2496.7945711068646,230.39100000000002,768.7576611164999,2090.171164303303,6157.593000000001,0.0,4225.828122974217,17204.758483830876
t547,1643.5417785286802,361.248,2839.3579497544592,230.39100000000002,768.7576611164999,3311.175,6157.593000000001,0.0,4527.877255805799,19839.941645205436
t548,1657.136137940976,361.248,2839.3579497544592,230.39100000000002,768.7576611164999,4169.015845000424,6157.593000000001,0.0,4993.803752934347,21177.303346746703
t549,1261.220133749268,361.248,2839.3579497544592,230.39100000000002,768.7576611164999,2221.9018450004237,6157.593000000001,109.38761211704472,6044.788122974217,19994.645324711913
t550,1520.8133855164679,361.248,2839.3579497544592,230.39100000000002,768.7576611164999,3350.2932770920506,6157.593000000001,0.0,4593.875911431522,19822.330184911
t551,1421.2200397840681,361.248,2839.3579497544592,230.39100000000002,768.7576611164999,3311.175,6157.593000000001,0.0,4240.43894479552,19330.181595450547
t552,1340.3323094398684,361.248,2839.3579497544592,230.39100000000002,768.7576611164999,3499.9106764266494,6157.593000000001,0.0,4225.828122974217,19423.41871971169
t553,1293.9925125910686,361.248,2839.3579497544592,230.39100000000002,768.7576611164999,2221.9018450004237,6157.593000000001,0.0,4225.828122974217,18099.070091436668
t554,1158.8720142391503,361.248,2839.3579497544592,230.39100000000002,768.7576611164999,2221.9018450004237,6157.593000000001,0.0,4087.108193130173,17825.229663240705
t555,901.0720645852682,361.248,2839.3579497544592,230.39100000000002,768.7576611164999,3311.175,6157.593000000001,0.0,3030.4127921482614,17600.00746760449
t556,1275.4526941666682,361.248,2839.3579497544592,230.39100000000002,768.7576611164999,3311.175,6157.593000000001,0.0,3679.5782447283473,18623.553549765973
t557,1158.8720142391503,361.248,2839.3579497544592,230.39100000000002,768.7576611164999,3311.175,6157.593000000001,0.0,3929.180842969811,18756.575468079922
t558,1158.8720142391503,361.248,2839.3579497544592,230.39100000000002,987.7776947384097,4169.015845000424,6157.593000000001,0.0,4225.828122974217,20130.083626706662
t559,281.6998180710002,361.248,2839.3579497544592,230.39100000000002,1455.6660768178854,3311.175,6157.593000000001,0.0,3320.423563431332,17957.554408074677
t560,281.6998180710002,51.19800000000001,1501.9584718249903,230.39100000000002,768.7576611164999,1970.6258870481777,5014.097325385344,0.0,1579.824,11398.552163446013
t561,281.6998180710002,51.19800000000001,852.5208125582661,0.0,768.7576611164999,562.3816489962339,2428.08500338063,0.0,1579.824,6524.466944122631
t562,281.6998180710002,51.19800000000001,480.570184251,0.0,768.7576611164999,0.0,903.2790000000001,0.0,1579.824,4065.3286634385004
t563,281.6998180710002,51.19800000000001,480.570184251,0.0,768.7576611164999,0.0,903.2790000000001,0.0,1579.824,4065.3286634385004
t564,281.6998180710002,51.19800000000001,480.570184251,0.0,768.7576611164999,0.0,903.2790000000001,0.0,1579.824,4065.3286634385004
t565,281.6998180710002,51.19800000000001,480.570184251,0.0,768.7576611164999,0.0,903.2790000000001,0.0,1579.824,4065.3286634385004
t566,281.6998180710002,51.19800000000001,480.570184251,0.0,768.7576611164999,0.0,903.2790000000001,0.0,1579.824,4065.3286634385004
t567,281.6998180710002,51.19800000000001,480.570184251,0.0,768.7576611164999,0.0,903.2790000000001,0.0,1579.824,4065.3286634385004
t568,281.6998180710002,51.19800000000001,480.570184251,0.0,768.7576611164999,0.0,903.2790000000001,0.0,1579.824,4065.3286634385004
t569,281.6998180710002,340.3865944688521,709.7286053110967,0.0,768.7576611164999,0.0,5632.319424744821,0.0,1579.824,9312.71610371227
t570,834.4988615413205,361.248,2796.556249067378,230.39100000000002,768.7576611164999,1364.061,6157.593000000001,0.0,3901.584229334684,16414.69000105988
t571,1745.5226362615501,361.248,2839.3579497544592,230.39100000000002,1224.5135422061862,3311.175,6157.593000000001,0.0,4601.940138721973,20471.74126694417
t572,1745.5226362615501,361.248,2839.3579497544592,230.39100000000002,1335.2894810707494,2808.4253888342764,6157.593000000001,0.0,4784.712982909217,20262.540438830256
t573,1390.7653863886687,361.248,2839.3579497544592,230.39100000000002,966.6929848981267,2504.609672531382,6157.593000000001,0.0,5448.923584149973,19899.58157772261
t574,1533.780994435668,361.248,2839.3579497544592,230.39100000000002,768.7576611164999,3311.175,6157.593000000001,0.0,4523.639158147811,19725.94276345444
t575,1442.0553997840682,361.248,2839.3579497544592,230.39100000000002,768.7576611164999,2221.9018450004237,6157.593000000001,0.0,4225.828122974217,18247.13297862967
t576,1365.5942288992683,361.248,2839.3579497544592,230.39100000000002,768.7576611164999,3311.175,6157.593000000001,0.0,4225.828122974217,19259.944962744445
t577,1313.905674753468,361.248,2839.3579497544592,230.39100000000002,768.7576611164999,2221.9018450004237,6157.593000000001,0.0,4025.944194511812,17919.099325136664
t578,1294.2782947708681,361.248,2839.3579497544592,230.39100000000002,768.7576611164999,4169.015845000424,6157.593000000001,0.0,3478.3196657924204,19298.96141643467
t579,1158.8720142391503,361.248,2839.3579497544592,230.39100000000002,768.7576611164999,3571.416227052222,6157.593000000001,0.0,3756.434195233812,18844.070047396144
t580,1158.8720142391503,361.248,2839.3579497544592,230.39100000000002,768.7576611164999,3223.8745114339554,6157.593000000001,0.0,3810.8151132183475,18550.90924976241
t581,1325.8942710328681,361.248,2839.3579497544592,230.39100000000002,768.7576611164999,3311.175,6157.593000000001,0.0,4052.577795427811,19046.99467733164
t582,1158.8720142391503,361.248,2839.3579497544592,230.39100000000002,1613.5765324746565,3311.175,6157.593000000001,0.0,4225.828122974217,19898.041619442483
t583,281.6998180710002,361.248,2839.3579497544592,230.39100000000002,1761.32088344572,1364.061,6157.593000000001,0.0,3528.6047343841174,16524.276385655296
t584,281.6998180710002,146.9063054357819,1432.0094775914454,0.0,768.7576611164999,1091.665401223569,5520.335006169721,0.0,1579.824,10821.197669608018
t585,281.6998180710002,51.19800000000001,480.570184251,0.0,768.7576611164999,0.0,1357.5414841896527,0.0,1579.824,4519.591147628153
t586,6.506445919723372,51.19800000000001,480.570184251,0.0,768.7576611164999,0.0,903.2790000000001,0.0,1579.824,3790.1352912872235
t587,0.0,42.83769816941449,480.570184251,0.0,768.7576611164999,0.0,903.2790000000001,0.0,657.972916162801,2853.4174596997154
t588,0.0,51.19800000000001,480.570184251,0.0,768.7576611164999,0.0,903.2790000000001,0.0,730.6873337238402,2934.4921790913404
t589,0.0,0.0,480.570184251,0.0,768.7576611164999,0.0,903.2790000000001,0.0,593.1711747099549,2745.7780200774546
t590,0.0,0.0,480.570184251,0.0,768.7576611164999,0.0,903.2790000000001,0.0,1579.824,3732.4308453675
t591,0.0,51.19800000000001,480.570184251,0.0,768.7576611164999,0.0,903.2790000000001,0.0,1532.1917887134912,3735.9966340809915
t592,0.0,38.382731622065265,480.570184251,0.0,768.7576611164999,0.0,903.2790000000001,0.0,1495.5873968691994,3686.5769738587646
t593,281.6998180710002,273.9109663944119,480.570184251,0.0,768.7576611164999,0.0,2906.1073183025856,0.0,1579.824,6290.869948135498
t594,947.447878814743,361.248,2463.464144021538,230.39100000000002,768.7576611164999,1364.061,6157.593000000001,0.0,3370.8022223542416,15663.764906307022
t595,1290.4803167135399,361.248,2839.3579497544592,230.39100000000002,768.7576611164999,2221.9018450004237,6157.593000000001,0.0,4512.465514254347,18382.19528683927
t596,1654.2673554124683,361.248,2839.3579497544592,230.39100000000002,768.7576611164999,2221.9018450004237,6157.593000000001,0.0,4473.487026850986,18707.003838134835
t597,1611.508233825468,361.248,2839.3579497544592,230.39100000000002,768.7576611164999,3311.175,6157.593000000001,64.19116902109823,5191.830882419874,20536.0528961374
t598,1524.591222242976,361.248,2839.3579497544592,230.39100000000002,768.7576611164999,2221.9018450004237,6157.593000000001,0.0,4225.828122974217,18329.668801088577
t599,1158.8720142391503,361.248,2839.3579497544592,230.39100000000002,768.7576611164999,4169.015845000424,6157.593000000001,0.0,3484.141394308739,19169.37686441927
t600,1361.6260109806683,361.248,2839.3579497544592,230.39100000000002,768.7576611164999,4169.015845000424,6157.593000000001,0.0,3938.2661796035823,19826.255646455633
t601,956.0682482536685,361.248,2839.3579497544592,230.39100000000002,768.7576611164999,2221.9018450004237,6157.593000000001,0.0,3311.6180781618596,16846.93578228691
t602,1275.866090446068,361.248,2828.56844608776,230.39100000000002,768.7576611164999,2954.439129359449,6157.593000000001,0.0,3691.2634959258116,18268.12682293559
t603,1258.114907347068,361.248,2809.4648384482803,230.39100000000002,768.7576611164999,3311.175,6157.593000000001,0.0,3914.0387120343466,18810.783118946194
t604,1158.8720142391503,361.248,2828.8751530046393,230.39100000000002,768.7576611164999,2041.024567777808,6157.593000000001,0.0,3676.164594015155,17222.925990153253
t605,1158.8720142391503,361.248,2839.3579497544592,230.39100000000002,768.7576611164999,1364.061,6157.593000000001,0.0,3556.9093526559714,16437.18997776608
t606,1157.9071048579863,361.248,2839.3579497544592,230.39100000000002,768.7576611164999,3311.175,6157.593000000001,0.0,4249.100512509855,19075.5302282388
t607,281.6998180710002,244.63440585001194,2032.6935170478953,230.39100000000002,768.7576611164999,1364.061,6157.593000000001,0.0,2587.771355404582,13667.60175748999
t608,281.6998180710002,51.19800000000001,480.570184251,0.0,768.7576611164999,353.08963792242787,2699.4525848081435,0.0,1579.824,6214.591886169072
t609,183.31858009964267,51.19800000000001,480.570184251,0.0,768.7576611164999,0.0,903.2790000000001,0.0,1579.824,3966.9474254671427
t610,0.0,51.19800000000001,480.570184251,0.0,768.7576611164999,0.0,903.2790000000001,0.0,1198.3611351588877,3402.165980526388
t611,0.0,51.19800000000001,480.570184251,0.0,768.7576611164999,0.0,903.2790000000001,0.0,504.36777508607145,2708.1726204535717
t612,0.0,51.19800000000001,480.570184251,0.0,768.7576611164999,0.0,903.2790000000001,0.0,377.4849005164429,2581.289745883943
t613,0.0,51.19800000000001,480.570184251,0.0,768.7576611164999,0.0,903.2790000000001,0.0,747.2311590863652,2951.036004453865
t614,0.0,51.19800000000001,480.570184251,0.0,768.7576611164999,0.0,903.2790000000001,0.0,269.6417233105368,2473.446568678037
t615,0.0,51.19800000000001,480.570184251,0.0,768.7576611164999,0.0,903.2790000000001,0.0,1058.8617655183969,3262.666610885897
t616,0.0,51.19800000000001,480.570184251,0.0,768.7576611164999,0.0,903.2790000000001,0.0,1579.824,3783.6288453675
t617,281.6998180710002,307.86669620449203,480.570184251,0.0,768.7576611164999,0.0,2848.247817000794,0.0,1579.824,6266.966176643786
t618,1203.4016668050133,361.248,2528.9150734738773,230.39100000000002,768.7576611164999,1828.9903040833196,6157.593000000001,0.0,4335.583076493796,17414.879781972508
t619,1268.7503685340685,361.248,2839.3579497544592,230.39100000000002,768.7576611164999,3311.175,6157.593000000001,0.0,4225.828122974217,19163.101102379245
t620,1273.316845290468,361.248,2839.3579497544592,230.39100000000002,768.7576611164999,4169.015845000424,6157.593000000001,0.0,4547.009814280569,20346.69011544242
t621,1580.032155058608,361.248,2839.3579497544592,230.39100000000002,768.7576611164999,2221.9018450004237,6157.593000000001,0.0,4597.371313579812,18756.652924509803
t622,1497.986905127808,361.248,2839.3579497544592,230.39100000000002,768.7576611164999,2221.9018450004237,6157.593000000001,0.0,4225.828122974217,18303.06448397341
t623,1411.6482241798083,361.248,2839.3579497544592,230.39100000000002,768.7576611164999,4169.015845000424,6157.593000000001,0.0,3673.5506132619716,19611.562293313164
t624,1158.8720142391503,361.248,2839.3579497544592,230.39100000000002,768.7576611164999,3311.175,6157.593000000001,0.0,4041.9993322784267,18869.393957388536
t625,1274.5750044695762,361.248,2839.3579497544592,230.39100000000002,768.7576611164999,2221.9018450004237,6157.593000000001,0.0,3945.2656013507753,17799.090061691735
t626,1240.9111162828683,361.248,2839.3579497544592,230.39100000000002,768.7576611164999,2221.9018450004237,6157.593000000001,0.0,3860.0081260103875,17680.168698164638
t627,1158.8720142391503,361.248,2839.3579497544592,230.39100000000002,768.7576611164999,2470.0310679082013,6157.593000000001,0.0,3799.9540420487756,17786.204735067087
t628,1158.8720142391503,361.248,2839.3579497544592,230.39100000000002,768.7576611164999,3084.7109866046408,6157.593000000001,0.0,3796.1317993907755,18397.062411105526
t629,1230.2131649813762,361.248,2839.3579497544592,230.39100000000002,768.7576611164999,1364.061,6157.593000000001,0.0,4100.142735438348,17051.764511290683
t630,735.521358231714,361.248,2839.3579497544592,230.39100000000002,768.7576611164999,3144.2728802472225,6157.593000000001,0.0,3233.5833346737963,17470.725184023693
t631,281.6998180710002,218.23674442663204,1251.6350992838502,230.39100000000002,768.7576611164999,1364.061,6157.593000000001,0.0,1579.824,11852.198322897984
t632,281.6998180710002,51.19800000000001,480.570184251,0.0,768.7576611164999,0.0,903.2790000000001,0.0,1579.824,4065.3286634385004
t633,0.0,0.0,480.570184251,0.0,768.7576611164999,0.0,903.2790000000001,0.0,35.30434716072974,2187.9111925282295
t634,0.0,0.0,480.570184251,0.0,768.7576611164999,0.0,0.0,0.0,0.0,1249.3278453674998
t635,0.0,0.0,480.570184251,0.0,768.7576611164999,0.0,0.0,0.0,0.0,1249.3278453674998
t636,0.0,0.0,262.8883464730754,0.0,768.7576611164999,0.0,0.0,0.0,0.0,1031.6460075895752
t637,0.0,0.0,287.7836737416713,0.0,768.7576611164999,0.0,0.0,0.0,0.0,1056.5413348581712
t638,0.0,0.0,480.570184251,0.0,768.7576611164999,0.0,0.0,0.0,0.0,1249.3278453674998
t639,0.0,39.98814791978098,480.570184251,0.0,768.7576611164999,0.0,0.0,0.0,0.0,1289.315993287281
t640,0.0,51.19800000000001,480.570184251,0.0,768.7576611164999,0.0,903.2790000000001,0.0,1203.7301283071135,3407.534973674614
t641,281.6998180710002,361.248,480.570184251,0.0,768.7576611164999,0.0,3242.2506633131734,0.0,1579.824,6714.3503267516735
t642,1036.2497148287541,361.248,2418.420867793505,230.39100000000002,768.7576611164999,1346.6872369602224,6157.593000000001,0.0,3519.571656094487,15838.91913679347
t643,1328.2140757893796,361.248,2839.3579497544592,230.39100000000002,768.7576611164999,1364.061,6157.593000000001,0.0,4718.304974352904,17767.927661013244
t644,1690.183117063068,361.248,2839.3579497544592,230.39100000000002,768.7576611164999,2221.9018450004237,6157.593000000001,0.0,4582.525745208906,18851.958318143355
t645,1647.4557975112675,361.248,2839.3579497544592,230.39100000000002,768.7576611164999,2221.9018450004237,6157.593000000001,0.0,4427.654248099044,18654.359501481693
t646,1603.7744742089758,361.248,2839.3579497544592,230.39100000000002,768.7576611164999,2221.9018450004237,6157.593000000001,0.0,3772.4027426838597,17955.426672764217
t647,1499.9903287138682,361.248,2839.3579497544592,230.39100000000002,768.7576611164999,2221.9018450004237,6157.593000000001,0.0,3368.9443696267967,17448.184154212046
t648,1429.1195924866681,361.248,2839.3579497544592,230.39100000000002,768.7576611164999,4169.015845000424,6157.593000000001,0.0,3698.269660905521,19653.752709263572
t649,1039.4045802832684,361.248,2839.3579497544592,230.39100000000002,768.7576611164999,3750.5874705206343,6157.593000000001,0.0,3591.816715392347,18739.156377067207
t650,1349.4907093762683,361.248,2817.3239837812794,230.39100000000002,768.7576611164999,2221.9018450004237,6157.593000000001,0.0,3515.3834562875213,17422.08965556199
t651,1320.495054131868,361.248,2797.6555676476796,230.39100000000002,768.7576611164999,1364.061,6157.593000000001,0.0,3504.1615166538113,16504.362799549857
t652,1158.8720142391503,361.248,2744.824247214163,230.39100000000002,768.7576611164999,1364.061,6157.593000000001,0.0,2594.634348579766,15380.381271149578
t653,1158.8720142391503,361.248,2595.1674977643597,230.39100000000002,768.7576611164999,2654.7909961976166,6157.593000000001,0.0,3133.2617667629092,17060.081936080536
t654,290.6983722376206,361.248,2473.3108435573918,230.39100000000002,768.7576611164999,1364.061,6157.593000000001,0.0,2976.41844366762,14622.478320579134
t655,281.6998180710002,232.97656942650596,746.2591873177604,0.0,768.7576611164999,1206.860887043688,4810.072262388035,0.0,1579.824,9626.450385363489
t656,183.6634148162233,51.19800000000001,480.570184251,0.0,768.7576611164999,0.0,903.2790000000001,0.0,1579.824,3967.292260183723
t657,0.0,0.0,480.570184251,0.0,768.7576611164999,0.0,903.2790000000001,0.0,637.4840689259142,2790.0909142934142
t658,0.0,0.0,480.570184251,0.0,768.7576611164999,0.0,903.2790000000001,0.0,567.5047978362265,2720.111643203726
t659,0.0,0.0,480.570184251,0.0,768.7576611164999,0.0,903.2790000000001,0.0,0.0,2152.6068453675
t660,0.0,0.0,480.570184251,0.0,768.7576611164999,0.0,903.2790000000001,0.0,0.0,2152.6068453675
t661,0.0,0.0,480.570184251,0.0,768.7576611164999,0.0,903.2790000000001,0.0,458.42431268690206,2611.0311580544017
t662,0.0,0.0,480.570184251,0.0,768.7576611164999,0.0,903.2790000000001,0.0,96.76221385836573,2249.3690592258654
t663,0.0,37.564682507811035,480.570184251,0.0,768.7576611164999,0.0,903.2790000000001,0.0,659.6370562219469,2849.8085840972576
t664,0.0,51.19800000000001,480.570184251,0.0,768.7576611164999,0.0,903.2790000000001,0.0,1579.824,3783.6288453675
t665,281.6998180710002,309.01882431097187,480.570184251,0.0,768.7576611164999,0.0,1637.6690126713363,0.0,1579.824,5057.539500420808
t666,281.6998180710002,361.248,2350.885554545275,230.39100000000002,768.7576611164999,1364.061,6157.593000000001,0.0,3583.3917988963567,15098.027832629132
t667,1677.7461955490253,361.248,2839.3579497544592,230.39100000000002,768.7576611164999,1364.061,6157.593000000001,0.0,4994.412335610349,18393.567142030333
t668,1650.1162787706535,361.248,2839.3579497544592,230.39100000000002,768.7576611164999,2221.9018450004237,6157.593000000001,0.0,5181.083467587521,19410.44920222956
t669,1312.6793137318682,361.248,2839.3579497544592,230.39100000000002,768.7576611164999,1364.061,6157.593000000001,0.0,4678.860374323811,17712.94829892664
t670,1600.3841797258683,361.248,2839.3579497544592,230.39100000000002,768.7576611164999,4169.015845000424,6157.593000000001,0.0,4363.863675397811,20490.61131099506
t671,1496.739947236668,361.248,2839.3579497544592,230.39100000000002,768.7576611164999,2221.9018450004237,6157.593000000001,0.0,3853.093594237044,17929.082997345096
t672,1417.0474608826682,361.248,2839.3579497544592,230.39100000000002,768.7576611164999,4169.015845000424,6157.593000000001,0.0,3594.713687179043,19538.124603933094
t673,1494.8469109174684,361.248,2839.3579497544592,230.39100000000002,768.7576611164999,3311.175,6157.593000000001,0.0,4186.383629125886,19349.753150914312
t674,1462.5122577718678,361.248,2831.54536478784,230.39100000000002,768.7576611164999,1364.061,6157.593000000001,0.0,3235.3311639228846,16411.439447599092
t675,1445.238074609268,361.248,2633.2316742847593,230.39100000000002,768.7576611164999,1364.061,6157.593000000001,0.0,3022.3030978072397,15982.823507817766
t676,1363.557350866052,361.248,2587.34098225872,230.39100000000002,768.7576611164999,2749.2474718521958,6157.593000000001,0.0,2803.4310487055213,17021.56651479899
t677,1489.9751535568685,361.248,2678.5133367537596,230.39100000000002,768.7576611164999,1364.061,6157.593000000001,0.0,3123.233675765184,16173.772827192313
t678,1361.8681082424175,361.248,2839.3579497544592,230.39100000000002,933.7568750402505,2681.045945127598,6157.593000000001,0.0,3453.262816325302,18018.523694490028
t679,281.6998180710002,280.9798633978921,2612.5464341036563,230.39100000000002,768.7576611164999,1364.061,6157.593000000001,0.0,2546.3295171695704,14242.358293858619
t680,281.6998180710002,51.19800000000001,946.5483745001646,0.0,768.7576611164999,793.1644106465017,5308.928819265214,0.0,1579.824,9730.12108359938
t681,281.6998180710002,51.19800000000001,480.570184251,0.0,768.7576611164999,0.0,3008.2764684254507,0.0,1579.824,6170.326131863951
t682,281.6998180710002,51.19800000000001,480.570184251,0.0,768.7576611164999,0.0,1660.1143837480965,0.0,1579.824,4822.164047186597
t683,281.6998180710002,51.19800000000001,480.570184251,0.0,768.7576611164999,0.0,903.2790000000001,0.0,1579.824,4065.3286634385004
t684,281.6998180710002,51.19800000000001,480.570184251,0.0,768.7576611164999,0.0,903.2790000000001,0.0,1579.824,4065.3286634385004
t685,281.6998180710002,51.19800000000001,480.570184251,0.0,768.7576611164999,0.0,903.2790000000001,0.0,1579.824,4065.3286634385004
t686,281.6998180710002,51.19800000000001,480.570184251,0.0,768.7576611164999,0.0,903.2790000000001,0.0,1579.824,4065.3286634385004
t687,281.6998180710002,51.19800000000001,480.570184251,0.0,768.7576611164999,0.0,903.2790000000001,0.0,1579.824,4065.3286634385004
t688,281.6998180710002,150.36063656278205,480.570184251,0.0,768.7576611164999,0.0,1503.7800136943542,0.0,1579.824,4764.992313695637
t689,281.6998180710002,227.99379076746595,480.570184251,0.0,768.7576611164999,0.0,4047.710406948812,0.0,1579.824,7386.5558611547785
t690,868.3504400934002,361.248,2441.096950016662,230.39100000000002,768.7576611164999,1364.061,6157.593000000001,0.0,4388.275640422622,16579.773691649185
t691,1745.5226362615501,361.248,2839.3579497544592,230.39100000000002,768.7576611164999,3311.175,6157.593000000001,0.0,5078.1088655809945,20492.154112713506
t692,1745.5226362615501,361.248,2839.3579497544592,230.39100000000002,768.7576611164999,3311.175,6157.593000000001,0.0,5763.281359779409,21177.32660691192
t693,1745.5226362615501,361.248,2839.3579497544592,230.39100000000002,768.7576611164999,3311.175,6157.593000000001,0.0,6044.788122974217,21458.833370106728
t694,1693.015566022668,361.248,2839.3579497544592,230.39100000000002,768.7576611164999,3311.175,6157.593000000001,0.0,3865.398099762798,19226.936276656426
t695,1255.1231497366682,361.248,2839.3579497544592,230.39100000000002,768.7576611164999,3311.175,6157.593000000001,0.0,4204.819848654347,19128.465609261973
t696,1530.864433045068,361.248,2839.3579497544592,230.39100000000002,768.7576611164999,3311.175,6157.593000000001,0.0,4494.085415400567,19693.472459316596
t697,1126.8394297774682,361.248,2839.3579497544592,230.39100000000002,768.7576611164999,3311.175,6157.593000000001,0.0,3680.0858536068768,18475.447894255303
t698,1447.521746230668,361.248,2820.5866844957995,230.39100000000002,768.7576611164999,2693.3641008586865,6157.593000000001,0.0,3807.2682495053173,18286.730442206972
t699,1430.5528436722682,361.248,2805.5229656022,230.39100000000002,768.7576611164999,3311.175,6157.593000000001,0.0,3398.784,18464.02447039097
t700,1082.2359129286683,361.248,2638.60476410124,230.39100000000002,768.7576611164999,1364.061,6157.593000000001,0.0,3398.784,16001.675338146408
t701,1480.7404403938685,361.248,2695.111554110994,230.39100000000002,768.7576611164999,3311.175,6157.593000000001,0.0,3829.648180037793,18834.664835659154
t702,1287.713406320933,361.248,2839.3579497544592,230.39100000000002,808.7266860464217,3311.175,6157.593000000001,0.0,4095.0958154226846,19091.3008575445
t703,281.6998180710002,248.05678305865197,2254.8654522954384,230.39100000000002,768.7576611164999,2637.6367806693065,6157.593000000001,0.0,2714.2857751105776,15293.286270321474
t704,281.6998180710002,51.19800000000001,480.570184251,0.0,768.7576611164999,845.9114765594661,3049.2813717639624,0.0,1579.824,7057.24251176193
t705,281.6998180710002,51.19800000000001,480.570184251,0.0,768.7576611164999,0.0,903.2790000000001,0.0,1579.824,4065.3286634385004
t706,0.0,51.19800000000001,480.570184251,0.0,768.7576611164999,0.0,903.2790000000001,0.0,1445.70566738053,3649.51051274803
t707,0.0,51.19800000000001,480.570184251,0.0,768.7576611164999,0.0,903.2790000000001,0.0,1288.744494003336,3492.549339370836
t708,0.0,51.19800000000001,480.570184251,0.0,768.7576611164999,0.0,903.2790000000001,0.0,382.65973455599294,2586.464579923493
t709,0.0,51.19800000000001,480.570184251,0.0,768.7576611164999,0.0,903.2790000000001,0.0,498.6126521579162,2702.4174975254164
t710,0.0,51.19800000000001,480.570184251,0.0,768.7576611164999,0.0,903.2790000000001,0.0,866.6702760738264,3070.4751214413263
t711,0.0,51.19800000000001,480.570184251,0.0,768.7576611164999,0.0,903.2790000000001,0.0,662.5181406086886,2866.3229859761886
t712,69.39224930574997,51.19800000000001,480.570184251,0.0,768.7576611164999,0.0,903.2790000000001,0.0,1579.824,3853.02109467325
t713,281.6998180710002,299.676550544952,1179.1723597605653,0.0,768.7576611164999,0.0,5148.027546821042,0.0,1579.824,9257.157936314059
t714,1367.3776594401231,361.248,2799.1460637593414,230.39100000000002,768.7576611164999,2687.3984030691604,6157.593000000001,0.0,4857.265732306004,19229.17751969113
t715,1542.8048999685443,361.248,2839.3579497544592,230.39100000000002,1293.246518841617,3311.175,6157.593000000001,11.002717298670442,5268.89798653552,21015.717072398813
t716,1665.378263693136,361.248,2839.3579497544592,230.39100000000002,1316.644648161299,3311.175,6157.593000000001,0.0,6044.788122974217,21926.575984583113
t717,1745.5226362615501,361.248,2839.3579497544592,230.39100000000002,996.788229669297,3311.175,6157.593000000001,310.84499999999997,6044.788122974217,21997.708938659525
t718,1378.114494784668,361.248,2839.3579497544592,230.39100000000002,768.7576611164999,3311.175,6157.593000000001,0.0,6044.788122974217,21091.425228629843
t719,1614.334327173468,361.248,2839.3579497544592,230.39100000000002,768.7576611164999,4169.015845000424,6157.593000000001,0.0,6044.788122974217,22185.48590601907
t720,1520.1605640796683,361.248,2839.3579497544592,230.39100000000002,768.7576611164999,3311.175,6157.593000000001,0.0,5677.495381391065,20866.178556341692
t721,1452.425305213068,361.248,2750.16422550372,230.39100000000002,768.7576611164999,3311.175,6157.593000000001,0.0,4966.291788817154,19998.045980650444
t722,1420.3636978066681,361.248,2838.69647167284,230.39100000000002,768.7576611164999,3311.175,6157.593000000001,0.0,3863.048017489829,18951.27284808584
t723,1408.9157047072683,361.248,2818.4031197514,230.39100000000002,768.7576611164999,3311.175,6157.593000000001,0.0,3485.843736592676,18542.327222167845
t724,1069.184768684868,361.248,2695.14875168184,230.39100000000002,768.7576611164999,1364.061,6157.593000000001,0.0,3463.4619412695274,16109.846122752737
t725,1455.3890636548683,361.248,2752.1628498878395,230.39100000000002,768.7576611164999,3311.175,6157.593000000001,0.0,3700.016996767291,18736.7335714265
t726,1258.0685993915333,361.248,2800.576224048973,230.39100000000002,768.7576611164999,3311.175,6157.593000000001,0.0,3711.0988678480953,18598.908352405102
t727,281.6998180710002,239.88156845629194,1918.4536975933734,230.39100000000002,768.7576611164999,1364.061,6157.593000000001,0.0,2357.1617197570754,13317.999464994242
t728,281.6998180710002,51.19800000000001,480.570184251,0.0,768.7576611164999,453.1200693349761,3467.5195718449786,0.0,1579.824,7082.689304618454
t729,281.6998180710002,51.19800000000001,480.570184251,0.0,768.7576611164999,0.0,1518.052168869457,0.0,1579.824,4680.101832307957
t730,281.6998180710002,51.19800000000001,480.570184251,0.0,768.7576611164999,0.0,903.2790000000001,0.0,1579.824,4065.3286634385004
t731,281.6998180710002,51.19800000000001,480.570184251,0.0,768.7576611164999,0.0,903.2790000000001,0.0,1579.824,4065.3286634385004
t732,281.6998180710002,51.19800000000001,480.570184251,0.0,768.7576611164999,0.0,903.2790000000001,0.0,1579.824,4065.3286634385004
t733,281.6998180710002,51.19800000000001,480.570184251,0.0,768.7576611164999,0.0,903.2790000000001,0.0,1579.824,4065.3286634385004
t734,281.6998180710002,51.19800000000001,480.570184251,0.0,768.7576611164999,0.0,903.2790000000001,0.0,1579.824,4065.3286634385004
t735,281.6998180710002,51.19800000000001,480.570184251,0.0,768.7576611164999,0.0,903.2790000000001,0.0,1579.824,4065.3286634385004
t736,281.6998180710002,197.9608110521819,480.570184251,0.0,768.7576611164999,0.0,1390.6047492446269,0.0,1579.824,4699.417223735309
t737,281.6998180710002,290.00888087898596,480.570184251,0.0,768.7576611164999,0.0,5984.3655941552,0.0,1579.824,9385.226138472686
t738,1623.7946526808794,361.248,2659.404719590659,230.39100000000002,768.7576611164999,1364.061,6157.593000000001,0.0,5707.0097173774675,18872.259750765505
t739,1745.5226362615501,361.248,2839.3579497544592,230.39100000000002,768.7576611164999,3311.175,6157.593000000001,0.0,6044.788122974217,21458.833370106728
t740,1745.5226362615501,361.248,2839.3579497544592,230.39100000000002,768.7576611164999,3311.175,6157.593000000001,0.0,6044.788122974217,21458.833370106728
t741,1745.5226362615501,361.248,2839.3579497544592,230.39100000000002,768.7576611164999,3522.7201603361673,6157.593000000001,308.55647981892594,6044.788122974217,21978.93501026182
t742,1669.953967054124,361.248,2839.3579497544592,230.39100000000002,768.7576611164999,3311.175,6157.593000000001,0.0,6044.788122974217,21383.2647008993
t743,1637.0721713362682,361.248,2839.3579497544592,230.39100000000002,768.7576611164999,4169.015845000424,6157.593000000001,0.0,6044.788122974217,22208.223750181867
t744,1557.208399306668,361.248,2839.3579497544592,230.39100000000002,768.7576611164999,4169.015845000424,6157.593000000001,0.0,6044.788122974217,22128.359978152268
t745,1473.2547172138684,361.248,2787.16233573852,230.39100000000002,768.7576611164999,3311.175,6157.593000000001,94.04026364352057,5599.37293709865,20782.99491481106
t746,1434.8903530510686,361.248,2839.3579497544592,230.39100000000002,768.7576611164999,3311.175,6157.593000000001,0.0,4177.213587440407,19280.626551362435
t747,1422.3866004286683,361.248,2811.7968414904803,230.39100000000002,768.7576611164999,1364.061,6157.593000000001,0.0,3432.280290930861,16548.514393966507
t748,1431.3478307315756,361.248,2813.1976067119194,230.39100000000002,768.7576611164999,1364.061,6157.593000000001,0.0,3349.7431485818042,16476.3392471418
t749,1111.925231876268,361.248,2839.3579497544592,230.39100000000002,768.7576611164999,2551.8323463123334,6157.593000000001,0.0,3536.6083027873365,17557.7134918469
t750,1257.602365637589,361.248,2839.3579497544592,230.39100000000002,768.7576611164999,3311.175,6157.593000000001,0.0,3446.9064324446554,18373.031408953204
t751,281.6998180710002,240.86456821507193,1543.5770401633433,230.39100000000002,768.7576611164999,1364.061,6157.593000000001,0.0,2305.6533097854563,12892.597397351372
t752,281.6998180710002,51.19800000000001,480.570184251,0.0,768.7576611164999,1146.9794776165159,3428.302449312464,0.0,1579.824,7737.331590367479
t753,281.6998180710002,51.19800000000001,480.570184251,0.0,768.7576611164999,0.0,1922.155471761953,0.0,1579.824,5084.205135200453
t754,281.6998180710002,51.19800000000001,480.570184251,0.0,768.7576611164999,0.0,903.2790000000001,0.0,1579.824,4065.3286634385004
t755,281.6998180710002,51.19800000000001,480.570184251,0.0,768.7576611164999,0.0,903.2790000000001,0.0,1579.824,4065.3286634385004
t756,281.6998180710002,51.19800000000001,480.570184251,0.0,768.7576611164999,0.0,903.2790000000001,0.0,1579.824,4065.3286634385004
t757,281.6998180710002,51.19800000000001,480.570184251,0.0,768.7576611164999,0.0,903.2790000000001,0.0,1579.824,4065.3286634385004
t758,281.6998180710002,51.19800000000001,480.570184251,0.0,768.7576611164999,0.0,903.2790000000001,0.0,1579.824,4065.3286634385004
t759,281.6998180710002,51.19800000000001,480.570184251,0.0,768.7576611164999,0.0,903.2790000000001,0.0,1579.824,4065.3286634385004
t760,281.6998180710002,244.70416450375214,480.570184251,0.0,768.7576611164999,0.0,1059.7827463726853,0.0,1579.824,4415.338574314937
t761,281.6998180710002,328.77364882062597,480.570184251,0.0,768.7576611164999,0.0,5212.785754924399,0.0,1852.2716445262736,8924.8587117098
t762,1735.8019709670675,361.248,2398.7375392877793,230.39100000000002,768.7576611164999,3131.0878965846778,6157.593000000001,0.0,5829.476629879212,20613.093697835237
t763,1745.5226362615501,361.248,2839.3579497544592,230.39100000000002,768.7576611164999,3311.175,6157.593000000001,0.0,6044.788122974217,21458.833370106728
t764,1745.5226362615501,361.248,2839.3579497544592,230.39100000000002,768.7576611164999,3311.175,6157.593000000001,0.0,6044.788122974217,21458.833370106728
t765,1745.5226362615501,361.248,2839.3579497544592,230.39100000000002,768.7576611164999,3311.175,6157.593000000001,0.0,6044.788122974217,21458.833370106728
t766,1745.5226362615501,361.248,2839.3579497544592,230.39100000000002,768.7576611164999,3669.586312038391,6157.593000000001,0.0,6044.788122974217,21817.244682145116
t767,1745.5226362615501,361.248,2839.3579497544592,230.39100000000002,768.7576611164999,3311.175,6157.593000000001,0.0,6044.788122974217,21458.833370106728
t768,1728.7914107896681,361.248,2839.3579497544592,230.39100000000002,768.7576611164999,4169.015845000424,6157.593000000001,0.0,5809.0628646564855,22064.217731317534
t769,1603.2679287316682,361.248,2798.17834187784,230.39100000000002,768.7576611164999,3311.175,6157.593000000001,0.0,4388.305352260519,19618.916283986528
t770,1568.0013187660684,361.248,2777.0307550457283,230.39100000000002,768.7576611164999,1364.061,6157.593000000001,0.0,3658.8157259878794,16885.898460916174
t771,1546.2624193240683,361.248,2599.5632591718,230.39100000000002,768.7576611164999,1364.061,6157.593000000001,0.0,3360.4322828203235,16388.30862243269
t772,1378.0296154582647,361.248,2596.7025444832793,230.39100000000002,768.7576611164999,1364.061,6157.593000000001,0.0,3142.9346852483054,15999.71750630635
t773,1562.0034097840683,361.248,2704.7113884418795,230.39100000000002,768.7576611164999,2498.668012585644,6157.593000000001,0.0,3371.98915374172,17655.36162566981
t774,1355.7221441699335,361.248,2670.1884870712956,230.39100000000002,768.7576611164999,3099.6594087012704,6157.593000000001,0.0,3733.2576770343517,18376.81737809335
t775,281.6998180710002,248.10864706513198,1184.5827649037603,230.39100000000002,768.7576611164999,1364.061,6157.593000000001,0.0,2979.1516424961446,13214.345533652537
t776,281.6998180710002,142.66418269144194,480.570184251,230.39100000000002,768.7576611164999,1526.5577969612584,4723.571607580635,0.0,1579.824,9734.036250671836
t777,281.6998180710002,51.19800000000001,480.570184251,0.0,768.7576611164999,701.0290226141857,3232.41076492808,0.0,1579.824,7095.4894509807655
t778,281.6998180710002,51.19800000000001,480.570184251,0.0,768.7576611164999,0.0,2143.111680468649,0.0,1579.824,5305.16134390715
t779,281.6998180710002,51.19800000000001,480.570184251,0.0,768.7576611164999,0.0,903.2790000000001,0.0,1579.824,4065.3286634385004
t780,281.6998180710002,51.19800000000001,480.570184251,0.0,768.7576611164999,0.0,903.2790000000001,0.0,1579.824,4065.3286634385004
t781,281.6998180710002,51.19800000000001,480.570184251,0.0,768.7576611164999,0.0,903.2790000000001,0.0,1579.824,4065.3286634385004
t782,281.6998180710002,51.19800000000001,480.570184251,0.0,768.7576611164999,0.0,903.2790000000001,0.0,1579.824,4065.3286634385004
t783,281.6998180710002,51.19800000000001,480.570184251,0.0,768.7576611164999,0.0,903.2790000000001,0.0,1579.824,4065.3286634385004
t784,281.6998180710002,80.01061856218196,480.570184251,0.0,768.7576611164999,0.0,1839.4663262631175,0.0,1579.824,5030.3286082638
t785,281.6998180710002,311.511308385702,480.570184251,0.0,768.7576611164999,0.0,6157.593000000001,0.0,2179.7326820753638,10179.864653899567
t786,1354.136814274756,361.248,2422.614098277622,230.39100000000002,768.7576611164999,1364.061,6157.593000000001,0.0,5478.993310396341,18137.794884065217
t787,1745.5226362615501,361.248,2839.3579497544592,230.39100000000002,768.7576611164999,3311.175,6157.593000000001,0.0,6044.788122974217,21458.833370106728
t788,1745.5226362615501,361.248,2839.3579497544592,230.39100000000002,768.7576611164999,3311.175,6157.593000000001,0.0,6044.788122974217,21458.833370106728
t789,1745.5226362615501,361.248,2839.3579497544592,230.39100000000002,768.7576611164999,3311.175,6157.593000000001,0.0,6044.788122974217,21458.833370106728
t790,1745.5226362615501,361.248,2839.3579497544592,230.39100000000002,768.7576611164999,3311.175,6157.593000000001,0.0,6044.788122974217,21458.833370106728
t791,1745.5226362615501,361.248,2839.3579497544592,230.39100000000002,768.7576611164999,3311.175,6157.593000000001,0.0,6044.788122974217,21458.833370106728
t792,1671.683707661868,361.248,2827.52902413276,230.39100000000002,768.7576611164999,3311.175,6157.593000000001,0.0,5772.4236669725415,21100.80105988367
t793,1576.5555118654681,361.248,2756.6120306944554,230.39100000000002,768.7576611164999,4169.015845000424,6157.593000000001,0.0,4867.060091432728,20887.233140109573
t794,1540.2013399282685,361.248,2821.72381668264,230.39100000000002,768.7576611164999,3311.175,6157.593000000001,0.0,4142.7313859215,19333.82120364891
t795,1517.3049208996683,361.248,2804.9969981877603,230.39100000000002,768.7576611164999,3311.175,6157.593000000001,0.0,3852.52716501864,19003.993745222568
t796,1514.169443125668,361.248,2606.1826599889196,230.39100000000002,768.7576611164999,1364.061,6157.593000000001,0.0,3695.448236483413,16697.8510007145
t797,1519.0412008996682,361.248,2640.40253139828,230.39100000000002,768.7576611164999,1364.061,6157.593000000001,0.0,3629.4043548113023,16670.89874822575
t798,648.3098145897067,361.248,2490.5986673040325,230.39100000000002,768.7576611164999,1710.1679395558467,6157.593000000001,0.0,3320.3621761297654,15687.42825869585
t799,281.6998180710002,211.42093652539208,904.8038965481137,0.0,768.7576611164999,904.7220086634393,5020.895789381645,0.0,1579.824,9672.124110306091
t800,281.6998180710002,51.19800000000001,480.570184251,0.0,768.7576611164999,0.0,903.2790000000001,0.0,1579.824,4065.3286634385004
t801,0.0,0.0,480.570184251,0.0,768.7576611164999,0.0,903.2790000000001,0.0,363.98667581809366,2516.5935211855935
t802,0.0,0.0,480.570184251,0.0,768.7576611164999,0.0,0.0,0.0,0.0,1249.3278453674998
t803,0.0,0.0,480.570184251,0.0,768.7576611164999,0.0,0.0,0.0,0.0,1249.3278453674998
t804,0.0,0.0,480.570184251,0.0,768.7576611164999,0.0,0.0,0.0,0.0,1249.3278453674998
t805,0.0,0.0,480.570184251,0.0,768.7576611164999,0.0,0.0,0.0,0.0,1249.3278453674998
t806,0.0,0.0,480.570184251,0.0,768.7576611164999,0.0,173.01900511980634,0.0,0.0,1422.346850487306
t807,0.0,0.0,480.570184251,0.0,768.7576611164999,0.0,0.0,0.0,0.0,1249.3278453674998
t808,0.0,15.687656426810987,480.570184251,0.0,768.7576611164999,0.0,268.04551208502994,0.0,6.182761362656354,1539.2437752419971
t809,281.6998180710002,249.885288981402,480.570184251,0.0,768.7576611164999,0.0,2698.0099997675684,0.0,1579.824,6058.74695218747
t810,606.5651829253087,361.248,2313.127608775008,230.39100000000002,768.7576611164999,1012.4161916401042,6157.593000000001,0.0,4913.593136445879,16363.6917809028
t811,1463.4470488006634,361.248,2839.3579497544592,230.39100000000002,768.7576611164999,1364.061,6157.593000000001,0.0,5216.5041948253365,18401.359854496957
t812,1745.5226362615501,361.248,2839.3579497544592,230.39100000000002,768.7576611164999,3311.175,6157.593000000001,0.0,5097.741661724385,20511.786908856895
t813,1745.5226362615501,361.248,2839.3579497544592,230.39100000000002,768.7576611164999,3311.175,6157.593000000001,0.0,5242.893735440388,20656.938982572898
t814,1589.0462213898543,361.248,2707.7870965359843,230.39100000000002,768.7576611164999,3311.175,6157.593000000001,0.0,4351.575950232797,19477.573929275135
t815,1622.0998845340682,361.248,2839.3579497544592,230.39100000000002,768.7576611164999,1364.061,6157.593000000001,0.0,4336.1066030811335,17679.61509848616
t816,1557.055338783468,361.248,2839.3579497544592,230.39100000000002,768.7576611164999,3311.175,6157.593000000001,0.0,4147.653615114347,19373.231564768776
t817,1494.5988783586683,361.248,2839.3579497544592,230.39100000000002,768.7576611164999,3311.175,6157.593000000001,0.0,3934.833104077811,19097.954593307437
t818,1467.3395031142677,361.248,2649.6633199316398,230.39100000000002,768.7576611164999,1364.061,6157.593000000001,0.0,3395.8911867155216,16394.94467087793
t819,1085.530398811668,361.248,2839.3579497544592,230.39100000000002,768.7576611164999,1364.061,6157.593000000001,0.0,3355.0980138764276,16162.037023559056
t820,1082.8401193522684,361.248,2811.2593517085597,230.39100000000002,768.7576611164999,1364.061,6157.593000000001,0.0,2827.803232454837,15603.953364632165
t821,1438.5855252304677,361.248,2722.510542606388,230.39100000000002,768.7576611164999,1364.061,6157.593000000001,0.0,2882.380307275572,15925.527036228927
t822,520.1735115621877,361.248,2433.0415379759484,230.39100000000002,768.7576611164999,2024.68805903107,6157.593000000001,0.0,3011.0642293356045,15506.956999021311
t823,281.6998180710002,209.204476178772,480.570184251,0.0,768.7576611164999,161.09433144984848,4163.70429753008,0.0,1579.824,7644.854768597201
t824,0.0,51.19800000000001,480.570184251,0.0,768.7576611164999,0.0,903.2790000000001,0.0,1099.6090427589843,3303.4138881264844
t825,0.0,0.0,0.0,0.0,768.7576611164999,0.0,0.0,0.0,0.0,768.7576611164999
t826,0.0,0.0,0.0,0.0,768.7576611164999,0.0,0.0,0.0,0.0,768.7576611164999
t827,0.0,0.0,0.0,0.0,768.7576611164999,0.0,0.0,0.0,0.0,768.7576611164999
t828,0.0,0.0,0.0,0.0,768.7576611164999,0.0,0.0,0.0,0.0,768.7576611164999
t829,0.0,0.0,0.0,0.0,768.7576611164999,0.0,0.0,0.0,0.0,768.7576611164999
t830,0.0,0.0,0.0,0.0,768.7576611164999,0.0,0.0,0.0,0.0,768.7576611164999
t831,0.0,0.0,0.0,0.0,768.7576611164999,0.0,0.0,0.0,0.0,768.7576611164999
t832,0.0,46.73182330067099,480.570184251,0.0,768.7576611164999,0.0,903.2790000000001,0.0,814.2956116147275,3013.6342802828985
t833,281.6998180710002,282.274401810072,480.570184251,0.0,768.7576611164999,0.0,3375.1225766529824,0.0,1579.824,6768.248641901555
t834,1084.2345971575749,361.248,2501.124070139975,230.39100000000002,768.7576611164999,1364.061,6157.593000000001,0.0,4476.673308715333,16944.082637129384
t835,1745.5226362615501,361.248,2839.3579497544592,230.39100000000002,768.7576611164999,2762.856838307535,6157.593000000001,0.0,5290.860946214161,20156.588031654206
t836,1745.5226362615501,361.248,2839.3579497544592,230.39100000000002,768.7576611164999,3311.175,6157.593000000001,0.0,5254.368598861812,20668.41384599432
t837,1745.5226362615501,361.248,2839.3579497544592,230.39100000000002,768.7576611164999,3311.175,6157.593000000001,0.0,6033.256067102635,21447.301314235145
t838,1735.2135177563266,361.248,2839.3579497544592,230.39100000000002,768.7576611164999,3311.175,6157.593000000001,0.0,4154.3258566822615,19558.06198530955
t839,1639.215492417468,361.248,2839.3579497544592,230.39100000000002,768.7576611164999,3311.175,6157.593000000001,0.0,5424.76166589192,20732.499769180347
t840,1566.1314766672679,361.248,2837.10245691648,230.39100000000002,768.7576611164999,3311.175,6157.593000000001,0.0,4075.491544614347,19307.890139314593
t841,1566.0547297840685,361.248,2839.3579497544592,230.39100000000002,768.7576611164999,3311.175,6157.593000000001,0.0,4422.691481040016,19657.268821695045
t842,1490.483955115068,361.248,2839.3579497544592,230.39100000000002,768.7576611164999,1364.061,6157.593000000001,0.0,4038.5631345602224,17250.45570054625
t843,1466.328255196068,361.248,2839.3579497544592,230.39100000000002,768.7576611164999,1364.061,6157.593000000001,0.0,3398.784,16586.52086606703
t844,1279.3071787307153,361.248,2839.3579497544592,230.39100000000002,768.7576611164999,1364.061,6157.593000000001,0.0,3233.881220887812,16234.597010489486
t845,1476.9469898083498,361.248,2839.3579497544592,230.39100000000002,768.7576611164999,3075.197763331631,6157.593000000001,0.0,3225.7684369466356,18135.260800957578
t846,1133.5121021447399,361.248,2839.3579497544592,230.39100000000002,768.7576611164999,1364.061,6157.593000000001,0.0,3300.510002941589,16155.430715957285
t847,281.6998180710002,219.9429733884719,2341.2456517443825,230.39100000000002,768.7576611164999,1364.061,6157.593000000001,0.0,2641.004106592823,14004.695210913178
t848,281.6998180710002,135.844733273622,1824.8419696148335,0.0,768.7576611164999,727.0809051128755,4612.354591330638,0.0,1579.824,9930.40367851947
t849,281.6998180710002,51.19800000000001,1759.4266195416694,0.0,768.7576611164999,0.0,2583.223928757749,0.0,1579.824,7024.130027486919
t850,281.6998180710002,51.19800000000001,1047.7981524669344,0.0,768.7576611164999,0.0,903.2790000000001,0.0,1579.824,4632.556631654435
t851,281.6998180710002,51.19800000000001,480.570184251,0.0,768.7576611164999,0.0,903.2790000000001,0.0,1579.824,4065.3286634385004
t852,281.6998180710002,51.19800000000001,480.570184251,0.0,768.7576611164999,0.0,903.2790000000001,0.0,1579.824,4065.3286634385004
t853,281.6998180710002,51.19800000000001,480.570184251,0.0,768.7576611164999,0.0,903.2790000000001,0.0,1579.824,4065.3286634385004
t854,281.6998180710002,51.19800000000001,480.570184251,0.0,768.7576611164999,0.0,903.2790000000001,0.0,1579.824,4065.3286634385004
t855,281.6998180710002,51.19800000000001,480.570184251,0.0,768.7576611164999,0.0,903.2790000000001,0.0,1579.824,4065.3286634385004
t856,281.6998180710002,230.04959814436205,1457.5252225617405,0.0,768.7576611164999,0.0,1031.6051399538237,0.0,1579.824,5349.461439847426
t857,281.6998180710002,300.97665253980597,1820.962121579805,0.0,768.7576611164999,0.0,5644.876847092897,0.0,1579.824,10397.09710040001
t858,914.9519880521359,361.248,2839.3579497544592,230.39100000000002,768.7576611164999,1364.061,6157.593000000001,0.0,5064.575719248794,17700.936318171887
t859,1745.5226362615501,361.248,2839.3579497544592,230.39100000000002,768.7576611164999,3311.175,6157.593000000001,0.0,6044.788122974217,21458.833370106728
t860,1745.5226362615501,361.248,2839.3579497544592,230.39100000000002,768.7576611164999,3311.175,6157.593000000001,0.0,6044.788122974217,21458.833370106728
t861,1745.5226362615501,361.248,2839.3579497544592,230.39100000000002,768.7576611164999,4169.015845000424,6157.593000000001,0.0,6044.788122974217,22316.67421510715
t862,1745.5226362615501,361.248,2839.3579497544592,230.39100000000002,768.7576611164999,3311.175,6157.593000000001,0.0,6044.788122974217,21458.833370106728
t863,1745.5226362615501,361.248,2839.3579497544592,230.39100000000002,768.7576611164999,3311.175,6157.593000000001,0.0,5985.039004279213,21399.084251411725
t864,1662.964150841868,361.248,2839.3579497544592,230.39100000000002,768.7576611164999,3417.3378493059417,6157.593000000001,0.0,5469.158483828833,20906.8080948476
t865,1584.938419289268,361.248,2839.3579497544592,230.39100000000002,768.7576611164999,1364.061,6157.593000000001,0.0,4637.765777497752,17944.11280765798
t866,1524.4599162250686,361.248,2839.3579497544592,230.39100000000002,768.7576611164999,3311.175,6157.593000000001,0.0,3740.5053972739215,18933.48792436995
t867,1494.3067409806683,361.248,2839.3579497544592,230.39100000000002,768.7576611164999,1364.061,6157.593000000001,0.0,3279.74484939173,16495.460201243357
t868,1364.108463004922,361.248,2839.3579497544592,230.39100000000002,768.7576611164999,1364.061,6157.593000000001,0.0,3087.345424450808,16172.86249832669
t869,1520.815637719668,361.248,2839.3579497544592,230.39100000000002,768.7576611164999,1364.061,6157.593000000001,0.0,3203.470854206471,16445.6951027971
t870,1163.9416198015888,361.248,2839.3579497544592,230.39100000000002,768.7576611164999,2500.0030572328365,6157.593000000001,0.0,3398.784,17420.076287905384
t871,281.6998180710002,218.95559605441196,2305.357819391637,230.39100000000002,768.7576611164999,2051.4301770095444,6157.593000000001,0.0,2790.5045868431234,14804.689658486219
t872,281.6998180710002,51.19800000000001,1677.411247819261,0.0,768.7576611164999,399.45306787673377,4565.334423984701,0.0,1579.824,9323.678218868195
t873,281.6998180710002,51.19800000000001,1535.7870877639007,0.0,768.7576611164999,0.0,2445.295874470078,0.0,1579.824,6662.56244142148
t874,281.6998180710002,51.19800000000001,1307.370184251,0.0,768.7576611164999,0.0,903.2790000000001,0.0,1579.824,4892.1286634385
t875,281.6998180710002,51.19800000000001,573.0776773762185,0.0,768.7576611164999,0.0,903.2790000000001,0.0,1579.824,4157.836156563719
t876,281.6998180710002,51.19800000000001,667.5393887025634,0.0,768.7576611164999,0.0,903.2790000000001,0.0,1579.824,4252.297867890064
t877,281.6998180710002,51.19800000000001,1143.8885218651988,0.0,768.7576611164999,0.0,903.2790000000001,0.0,1579.824,4728.647001052699
t878,281.6998180710002,51.19800000000001,1226.2023380168253,0.0,768.7576611164999,0.0,1154.1912472101278,0.0,1579.824,5061.8730644144525
t879,281.6998180710002,204.17577384388198,1277.433263002798,0.0,768.7576611164999,0.0,1761.0430279361242,0.0,1579.824,5872.9335439703045
t880,281.6998180710002,248.55993627064197,1361.1766026558532,0.0,768.7576611164999,0.0,2481.28817597044,0.0,1579.824,6721.306194084436
t881,281.6998180710002,329.684456578746,1765.8190472363806,0.0,768.7576611164999,0.0,6157.593000000001,0.0,1809.7158731014786,11113.269856104107
t882,1237.0214703878735,361.248,2839.3579497544592,230.39100000000002,768.7576611164999,1364.061,6157.593000000001,0.0,4960.705303813955,17919.13538507279
t883,1745.5226362615501,361.248,2839.3579497544592,230.39100000000002,768.7576611164999,1364.061,6157.593000000001,0.0,6044.788122974217,19511.719370106726
t884,1745.5226362615501,361.248,2839.3579497544592,230.39100000000002,768.7576611164999,3311.175,6157.593000000001,0.0,6044.788122974217,21458.833370106728
t885,1745.5226362615501,361.248,2839.3579497544592,230.39100000000002,768.7576611164999,3729.907817680244,6157.593000000001,89.88039350845246,6044.788122974217,21967.446581295422
t886,1745.5226362615501,361.248,2839.3579497544592,230.39100000000002,768.7576611164999,4169.015845000424,6157.593000000001,0.0,6044.788122974217,22316.67421510715
t887,1745.5226362615501,361.248,2839.3579497544592,230.39100000000002,768.7576611164999,3311.175,6157.593000000001,0.0,6044.788122974217,21458.833370106728
t888,1702.072638725268,361.248,2839.3579497544592,230.39100000000002,768.7576611164999,4169.015845000424,6157.593000000001,0.0,6044.788122974217,22273.224217570867
t889,1623.569473993068,361.248,2839.3579497544592,230.39100000000002,768.7576611164999,3311.175,6157.593000000001,0.0,6044.788122974217,21336.880207838243
t890,1563.0909713422682,361.248,2839.3579497544592,230.39100000000002,768.7576611164999,3311.175,6157.593000000001,0.0,4683.515701358282,19915.12928357151
t891,1536.4803145396686,361.248,2839.3579497544592,230.39100000000002,768.7576611164999,3311.175,6157.593000000001,0.0,4200.368159015745,19405.371084426373
t892,1520.364084620268,361.248,2839.3579497544592,230.39100000000002,768.7576611164999,1364.061,6157.593000000001,0.0,3993.7840559880474,17235.556751479275
t893,1540.601592981468,361.248,2839.3579497544592,230.39100000000002,768.7576611164999,1364.061,6157.593000000001,0.0,4020.1265876056596,17282.136791458088
t894,1222.159698110451,361.248,2839.3579497544592,230.39100000000002,768.7576611164999,1364.061,6157.593000000001,0.0,3890.2826680636676,16833.850977045076
t895,281.6998180710002,242.72753906845196,2839.3579497544592,230.39100000000002,768.7576611164999,1364.061,6157.593000000001,0.0,2455.819460811418,14340.407428821829
t896,281.6998180710002,51.19800000000001,1805.8255139712903,0.0,768.7576611164999,794.5638677651475,5321.785835463061,0.0,1579.824,10603.654696386999
t897,281.6998180710002,51.19800000000001,1719.6744218311992,0.0,768.7576611164999,0.0,3747.640990752669,0.0,1579.824,8148.794891771369
t898,281.6998180710002,51.19800000000001,1503.0927237550495,0.0,768.7576611164999,0.0,2388.551032227613,0.0,1579.824,6573.123235170164
t899,281.6998180710002,51.19800000000001,1374.976605281187,0.0,768.7576611164999,0.0,2462.6352806534683,0.0,1579.824,6519.091365122156
t900,281.6998180710002,51.19800000000001,1386.7163633617208,0.0,768.7576611164999,0.0,2986.8911845681987,0.0,1579.824,7055.087027117421
t901,281.6998180710002,139.216942862682,1358.7922629283455,0.0,768.7576611164999,0.0,3141.9701682535538,0.0,1579.824,7270.260853232081
t902,281.6998180710002,170.82979518490205,1359.1265175414558,0.0,768.7576611164999,0.0,3020.1626865299963,0.0,1579.824,7180.400478443855
t903,281.6998180710002,218.30688821632197,1437.9155836318325,0.0,768.7576611164999,0.0,4038.8527668893585,0.0,1579.824,8325.356717925013
t904,281.6998180710002,264.2905544006219,1600.7736282181988,0.0,768.7576611164999,0.0,5133.893030472341,0.0,1579.824,9629.238692278663
t905,281.6998180710002,335.6907468695519,1923.07309731716,0.0,768.7576611164999,0.0,6157.593000000001,0.0,2718.9254090181435,12185.739732392356
t906,1400.0810775844527,361.248,2839.3579497544592,230.39100000000002,928.891952532052,1364.061,6157.593000000001,0.0,5451.996542495967,18733.62052236693
t907,1745.5226362615501,361.248,2839.3579497544592,230.39100000000002,1740.547343569795,1364.061,6157.593000000001,12.257833204104479,6044.788122974217,20495.766885764126
t908,1745.5226362615501,361.248,2839.3579497544592,230.39100000000002,1619.2393281709121,3311.175,6157.593000000001,0.0,6044.788122974217,22309.315037161137
t909,1745.5226362615501,361.248,2839.3579497544592,230.39100000000002,959.7188228025783,4169.015845000424,6157.593000000001,294.00185404246196,6044.788122974217,22801.637230835688
t910,1745.5226362615501,361.248,2839.3579497544592,230.39100000000002,768.7576611164999,4169.015845000424,6157.593000000001,0.0,6044.788122974217,22316.67421510715
t911,1745.5226362615501,361.248,2839.3579497544592,230.39100000000002,768.7576611164999,3311.175,6157.593000000001,0.0,6044.788122974217,21458.833370106728
t912,1682.527160083897,361.248,2839.3579497544592,230.39100000000002,768.7576611164999,3311.175,6157.593000000001,0.0,6044.788122974217,21395.837893929074
t913,1526.8953755028003,361.248,2839.3579497544592,230.39100000000002,768.7576611164999,3311.175,6157.593000000001,0.0,5952.844441522993,21148.262427896752
t914,1453.4361202932,361.248,2839.3579497544592,230.39100000000002,768.7576611164999,3311.175,6157.593000000001,0.0,4954.366564202121,20076.32529536628
t915,1426.997181996,361.248,2839.3579497544592,230.39100000000002,768.7576611164999,3311.175,6157.593000000001,0.0,3942.25099655947,19037.770789426428
t916,1411.630998157332,361.248,2839.3579497544592,230.39100000000002,768.7576611164999,1364.061,6157.593000000001,0.0,3810.0075157090546,16943.047124737346
t917,1453.0290783934681,361.248,2839.3579497544592,230.39100000000002,768.7576611164999,3311.175,6157.593000000001,0.0,4394.899261945929,19516.450951210354
t918,1118.103816098821,361.248,2839.3579497544592,230.39100000000002,768.7576611164999,3120.706579179221,6157.593000000001,0.0,4051.3805540681906,18647.538560217192
t919,281.6998180710002,232.52505336361202,2839.3579497544592,230.39100000000002,768.7576611164999,1364.061,6157.593000000001,0.0,2679.151658449704,14553.537140755276
t920,281.6998180710002,51.19800000000001,1891.3708182531134,0.0,990.9754412381279,1125.7339936724877,6121.601408899001,0.0,1579.824,12042.403480133731
t921,281.6998180710002,51.19800000000001,1762.622425523952,0.0,768.7576611164999,0.0,4816.25994527022,0.0,1579.824,9260.361849981673
t922,281.6998180710002,51.19800000000001,1560.5710567518167,0.0,768.7576611164999,0.0,3812.8979504241574,0.0,1579.824,8054.948486363475
t923,281.6998180710002,51.19800000000001,1155.7318536558846,0.0,768.7576611164999,0.0,2275.7670000000003,0.0,1579.824,6112.978332843386
t924,281.6998180710002,51.19800000000001,1240.4809824362835,0.0,768.7576611164999,0.0,1508.9171925370674,0.0,1579.824,5430.877654160851
t925,281.6998180710002,51.19800000000001,1445.366585870057,0.0,768.7576611164999,0.0,969.2583604462542,0.0,1579.824,5096.104425503811
t926,281.6998180710002,51.19800000000001,1527.6732108139267,0.0,768.7576611164999,0.0,1026.6565040869702,0.0,1579.824,5235.809194088397
t927,281.6998180710002,185.90923543246197,1645.8383604790424,0.0,768.7576611164999,0.0,2934.339706856006,0.0,1579.824,7396.3687819550105
t928,281.6998180710002,224.68715648056187,1839.8028408957382,0.0,768.7576611164999,0.0,4274.314442978667,0.0,1579.824,8969.085919542467
t929,281.6998180710002,283.8985050999718,2079.759745729647,0.0,768.7576611164999,0.0,6157.593000000001,0.0,2147.946438717242,11719.65516873436
t930,1395.704982831823,361.248,2839.3579497544592,230.39100000000002,1090.1934471939167,1364.061,6157.593000000001,0.0,5598.950071494518,19037.499451274718
t931,1745.5226362615501,361.248,2839.3579497544592,230.39100000000002,1663.6714333153043,3311.175,6157.593000000001,0.0,6044.788122974217,22353.747142305532
t932,1745.5226362615501,361.248,2839.3579497544592,230.39100000000002,1685.451902016252,3311.175,6157.593000000001,0.0,6044.788122974217,22375.527611006477
t933,1745.5226362615501,361.248,2839.3579497544592,230.39100000000002,768.7576611164999,4169.015845000424,6157.593000000001,310.84499999999997,6044.788122974217,22627.51921510715
t934,1745.5226362615501,361.248,2839.3579497544592,230.39100000000002,768.7576611164999,3311.175,6157.593000000001,77.90741038160466,6044.788122974217,21536.74078048833
t935,1745.5226362615501,361.248,2839.3579497544592,230.39100000000002,768.7576611164999,3311.175,6157.593000000001,310.84499999999997,6044.788122974217,21769.678370106725
t936,1745.5226362615501,361.248,2839.3579497544592,230.39100000000002,768.7576611164999,4169.015845000424,6157.593000000001,17.610336665465923,6044.788122974217,22334.284551772616
t937,1513.749258818268,361.248,2839.3579497544592,230.39100000000002,768.7576611164999,3311.175,6157.593000000001,0.0,6044.788122974217,21227.059992663442
t938,1442.6750020504683,361.248,2839.3579497544592,230.39100000000002,768.7576611164999,3311.175,6157.593000000001,0.0,4951.045209774033,20062.242822695458
t939,1421.686581527268,361.248,2839.3579497544592,230.39100000000002,768.7576611164999,1364.061,6157.593000000001,0.0,4222.787040506843,17365.88223290507
t940,1433.032814149668,361.248,2839.3579497544592,230.39100000000002,768.7576611164999,1364.061,6157.593000000001,0.0,3999.644761368347,17154.086186388977
t941,1460.1209041318684,361.248,2839.3579497544592,230.39100000000002,768.7576611164999,1364.061,6157.593000000001,0.0,4308.836709772186,17490.366224775014
t942,1085.01732505846,361.248,2839.3579497544592,230.39100000000002,768.7576611164999,1364.061,6157.593000000001,0.0,4094.075490846755,16900.501426776173
t943,281.6998180710002,232.318555681572,2315.365873597142,230.39100000000002,768.7576611164999,1390.7590349370216,6157.593000000001,0.0,2170.0003947083214,13546.885338111559
t944,281.6998180710002,51.19800000000001,1502.113487422209,0.0,768.7576611164999,383.4768472983434,4183.714117380157,0.0,1579.824,8750.78393128821
t945,281.6998180710002,51.19800000000001,1278.7426784702632,0.0,768.7576611164999,0.0,2492.4181527767346,0.0,1579.824,6452.640310434499
t946,281.6998180710002,51.19800000000001,480.570184251,0.0,768.7576611164999,0.0,903.2790000000001,0.0,1579.824,4065.3286634385004
t947,281.6998180710002,51.19800000000001,480.570184251,0.0,768.7576611164999,0.0,903.2790000000001,0.0,1579.824,4065.3286634385004
t948,281.6998180710002,51.19800000000001,480.570184251,0.0,768.7576611164999,0.0,903.2790000000001,0.0,1579.824,4065.3286634385004
t949,281.6998180710002,51.19800000000001,480.570184251,0.0,768.7576611164999,0.0,903.2790000000001,0.0,1579.824,4065.3286634385004
t950,281.6998180710002,51.19800000000001,480.570184251,0.0,768.7576611164999,0.0,903.2790000000001,0.0,1579.824,4065.3286634385004
t951,281.6998180710002,155.96602565287276,518.5138143119185,0.0,768.7576611164999,0.0,903.2790000000001,0.0,1579.824,4208.040319152291
t952,281.6998180710002,232.02603282874193,1479.2040508776918,0.0,768.7576611164999,0.0,2060.0572656515983,0.0,1579.824,6401.568828545533
t953,281.6998180710002,300.130589335872,1907.51897026011,0.0,768.7576611164999,0.0,6157.593000000001,0.0,2003.4220655146112,11419.122104298094
t954,1570.7778213417378,361.248,2839.3579497544592,230.39100000000002,770.4669946190184,1364.061,6157.593000000001,0.0,5278.81965031434,18572.715416029554
t955,1745.5226362615501,361.248,2839.3579497544592,230.39100000000002,1671.0441675181448,3311.175,6157.593000000001,0.0,6044.788122974217,22361.11987650837
t956,1745.5226362615501,361.248,2839.3579497544592,230.39100000000002,1900.0623684049822,3311.175,6157.593000000001,206.08355869905014,6044.788122974217,22796.22163609426
t957,1745.5226362615501,361.248,2839.3579497544592,230.39100000000002,1471.158058108575,3311.175,6157.593000000001,0.0,6044.788122974217,22161.2337670988
t958,1745.5226362615501,361.248,2839.3579497544592,230.39100000000002,879.8898904544614,3311.175,6157.593000000001,0.0,6044.788122974217,21569.965599444688
t959,1745.5226362615501,361.248,2839.3579497544592,230.39100000000002,768.7576611164999,3668.3361838735973,6157.593000000001,0.0,6044.788122974217,21815.994553980323
t960,1745.5226362615501,361.248,2839.3579497544592,230.39100000000002,768.7576611164999,3311.175,6157.593000000001,0.0,6044.788122974217,21458.833370106728
t961,1618.347490353468,361.248,2839.3579497544592,230.39100000000002,768.7576611164999,1364.061,6157.593000000001,0.0,6044.788122974217,19384.544224198642
t962,1544.786475080268,361.248,2839.3579497544592,230.39100000000002,768.7576611164999,3003.189647373672,6157.593000000001,0.0,5492.615881673009,20397.939614997907
t963,1507.7517830794682,361.248,2839.3579497544592,230.39100000000002,768.7576611164999,3311.175,6157.593000000001,0.0,4639.286459919038,19815.560853869465
t964,1487.6156015386684,361.248,2839.3579497544592,230.39100000000002,768.7576611164999,2973.2882186754664,6157.593000000001,0.0,3914.0976775955214,18732.349108680617
t965,1484.174843573868,361.248,2839.3579497544592,230.39100000000002,768.7576611164999,1364.061,6157.593000000001,0.0,3937.547820029572,17143.1312744744
t966,729.8095123821153,361.248,2839.3579497544592,223.80160677059132,768.7576611164999,1364.061,6157.593000000001,0.0,3357.929832725306,15802.55856274897
t967,281.6998180710002,224.69185119565194,1910.6961723400793,0.0,768.7576611164999,37.155931439456886,4193.042632469182,0.0,1579.824,8995.86806663187
t968,281.6998180710002,51.19800000000001,644.8269413440047,0.0,768.7576611164999,0.0,903.2790000000001,0.0,1579.824,4229.5854205315045
t969,281.6998180710002,51.19800000000001,480.570184251,0.0,768.7576611164999,0.0,903.2790000000001,0.0,1579.824,4065.3286634385004
t970,281.6998180710002,51.19800000000001,480.570184251,0.0,768.7576611164999,0.0,903.2790000000001,0.0,1579.824,4065.3286634385004
t971,281.6998180710002,51.19800000000001,480.570184251,0.0,768.7576611164999,0.0,903.2790000000001,0.0,1579.824,4065.3286634385004
t972,281.6998180710002,51.19800000000001,480.570184251,0.0,768.7576611164999,0.0,903.2790000000001,0.0,1579.824,4065.3286634385004
t973,281.6998180710002,51.19800000000001,480.570184251,0.0,768.7576611164999,0.0,903.2790000000001,0.0,1579.824,4065.3286634385004
t974,281.6998180710002,51.19800000000001,480.570184251,0.0,768.7576611164999,0.0,903.2790000000001,0.0,1579.824,4065.3286634385004
t975,281.6998180710002,163.69649510023396,807.0459316662119,0.0,768.7576611164999,0.0,903.2790000000001,0.0,1579.824,4504.302905953946
t976,281.6998180710002,249.59362151518195,1161.568873992692,0.0,768.7576611164999,0.0,1791.0884137606538,0.0,1579.824,5832.532388456028
t977,281.6998180710002,319.24423556755187,1638.96573154011,0.0,768.7576611164999,0.0,6003.100224829274,0.0,1579.824,10591.591671124437
t978,1626.3200643337984,361.248,2839.3579497544592,230.39100000000002,768.7576611164999,1364.061,6157.593000000001,0.0,5283.398607755666,18631.127282960424
t979,1745.5226362615501,361.248,2839.3579497544592,230.39100000000002,768.7576611164999,1364.061,6157.593000000001,0.0,6044.788122974217,19511.719370106726
t980,1745.5226362615501,361.248,2839.3579497544592,230.39100000000002,768.7576611164999,3311.175,6157.593000000001,0.0,6044.788122974217,21458.833370106728
t981,1745.5226362615501,361.248,2839.3579497544592,230.39100000000002,768.7576611164999,3311.175,6157.593000000001,0.0,6044.788122974217,21458.833370106728
t982,1745.5226362615501,361.248,2839.3579497544592,230.39100000000002,768.7576611164999,3311.175,6157.593000000001,0.0,6044.788122974217,21458.833370106728
t983,1745.5226362615501,361.248,2839.3579497544592,230.39100000000002,768.7576611164999,3311.175,6157.593000000001,0.0,6044.788122974217,21458.833370106728
t984,1702.0408371034684,361.248,2839.3579497544592,230.39100000000002,768.7576611164999,3311.175,6157.593000000001,0.0,5980.755838555615,21351.319286530044
t985,1635.5330566786681,361.248,2839.3579497544592,230.39100000000002,768.7576611164999,3311.175,6157.593000000001,0.0,6044.788122974217,21348.843790523842
t986,1555.2936119464687,361.248,2839.3579497544592,230.39100000000002,768.7576611164999,1364.061,6157.593000000001,0.0,4513.228480211623,17789.93070302905
t987,1521.8014388008683,361.248,2839.3579497544592,230.39100000000002,768.7576611164999,3311.175,6157.593000000001,0.0,4454.806093340718,19645.130143012546
t988,1487.0813535568686,361.248,2839.3579497544592,230.39100000000002,768.7576611164999,1364.061,6157.593000000001,0.0,4151.463993440388,17359.953957868216
t989,1486.4326351150683,361.248,2839.3579497544592,230.39100000000002,768.7576611164999,1364.061,6157.593000000001,0.0,3985.047744351274,17192.888990337302
t990,583.670536977297,361.248,2839.3579497544592,131.81860818784202,768.7576611164999,1190.6264387045135,6157.593000000001,0.0,3149.9034550512565,15182.97564979187
t991,281.6998180710002,213.94796101759198,1961.7489810352326,0.0,768.7576611164999,0.0,4589.587776260037,0.0,1579.824,9395.566197500362
t992,281.6998180710002,51.19800000000001,1352.9227195791118,0.0,768.7576611164999,0.0,903.2790000000001,0.0,1579.824,4937.6811987666115
t993,281.6998180710002,51.19800000000001,839.0813687829726,0.0,768.7576611164999,0.0,903.2790000000001,0.0,1579.824,4423.839847970473
t994,281.6998180710002,51.19800000000001,513.1869615506754,0.0,768.7576611164999,0.0,903.2790000000001,0.0,1579.824,4097.945440738175
t995,281.6998180710002,51.19800000000001,480.570184251,0.0,768.7576611164999,0.0,903.2790000000001,0.0,1579.824,4065.3286634385004
t996,281.6998180710002,51.19800000000001,480.570184251,0.0,768.7576611164999,0.0,903.2790000000001,0.0,1579.824,4065.3286634385004
t997,281.6998180710002,51.19800000000001,480.570184251,0.0,768.7576611164999,0.0,903.2790000000001,0.0,1579.824,4065.3286634385004
t998,281.6998180710002,51.19800000000001,480.570184251,0.0,768.7576611164999,0.0,903.2790000000001,0.0,1579.824,4065.3286634385004
t999,281.6998180710002,212.241987847002,705.9930101498779,0.0,768.7576611164999,0.0,903.2790000000001,0.0,1579.824,4451.79547718438
t1000,281.6998180710002,267.75510663592206,1115.5229120390645,0.0,768.7576611164999,0.0,2303.1152621681035,0.0,1579.824,6316.67476003059
t1001,281.6998180710002,338.872537022886,1693.7213736652318,0.0,768.7576611164999,0.0,5803.805538283181,0.0,2340.2977297108973,11227.154657869696
t1002,1285.6151456693474,361.248,2839.3579497544592,230.39100000000002,768.7576611164999,1364.061,6157.593000000001,0.0,5863.307909809627,18870.331666349935
t1003,1745.5226362615501,361.248,2839.3579497544592,230.39100000000002,1300.5171925880036,1364.061,6157.593000000001,0.0,6044.788122974217,20043.47890157823
t1004,1745.5226362615501,361.248,2839.3579497544592,230.39100000000002,1567.0572776761746,3311.175,6157.593000000001,0.0,6044.788122974217,22257.132986666402
t1005,1745.5226362615501,361.248,2839.3579497544592,230.39100000000002,1299.6889551180257,3311.175,6157.593000000001,0.0,6044.788122974217,21989.764664108254
t1006,1745.5226362615501,361.248,2839.3579497544592,230.39100000000002,768.7576611164999,3311.175,6157.593000000001,0.0,6044.788122974217,21458.833370106728
t1007,1745.5226362615501,361.248,2839.3579497544592,230.39100000000002,768.7576611164999,3311.175,6157.593000000001,0.0,6044.788122974217,21458.833370106728
t1008,1745.5226362615501,361.248,2839.3579497544592,230.39100000000002,768.7576611164999,1364.061,6157.593000000001,0.0,6044.788122974217,19511.719370106726
t1009,1745.5226362615501,361.248,2839.3579497544592,230.39100000000002,4406.373300234417,3311.175,9289.355098909315,310.84499999999997,6044.788122974217,28539.05610813396
t1010,1745.5226362615501,361.248,2839.3579497544592,230.39100000000002,4406.373300234417,3311.175,7624.388764898368,310.84499999999997,6044.788122974217,26874.08977412301
t1011,1745.5226362615501,361.248,2839.3579497544592,230.39100000000002,4406.373300234417,1364.061,6812.725027994111,310.84499999999997,6044.788122974217,24115.31203721875
t1012,1745.5226362615501,361.248,2839.3579497544592,230.39100000000002,4406.373300234417,3311.175,6215.052132599769,310.84499999999997,6044.788122974217,25464.75314182441
t1013,1745.5226362615501,361.248,2839.3579497544592,230.39100000000002,4406.373300234417,3311.175,6157.593000000001,310.84499999999997,6044.788122974217,25407.294009224643
t1014,1745.5226362615501,361.248,2839.3579497544592,230.39100000000002,4406.373300234417,3311.175,6906.8009999999995,310.84499999999997,6044.788122974217,26156.50200922464
t1015,1745.5226362615501,361.248,2839.3579497544592,230.39100000000002,4406.373300234417,3311.175,6157.593000000001,0.0,6044.788122974217,25096.44900922464
t1016,281.6998180710002,240.38540266210202,2015.230888506233,230.39100000000002,4406.373300234417,2578.1080371910098,6157.593000000001,0.0,4997.471944577,20907.253391241764
t1017,281.6998180710002,259.04974117648186,2731.3292517055297,230.39100000000002,4406.373300234417,2570.3746291531193,6157.593000000001,0.0,5116.792948340468,21753.603688681018
t1018,281.6998180710002,267.8646150353382,1787.9888764760037,0.0,4406.373300234417,1364.061,6157.593000000001,0.0,5454.479769444832,19720.06037926159
t1019,281.6998180710002,295.3716654746219,1307.370184251,0.0,4406.373300234417,660.8226940346959,6157.593000000001,0.0,5958.842953085892,19068.07361515163
t1020,281.6998180710002,337.24186469950195,1307.370184251,0.0,4406.373300234417,0.0,6157.593000000001,0.0,6044.788122974217,18535.066290230137
t1021,281.6998180710002,361.248,1307.370184251,0.0,4406.373300234416,731.8451821674173,6157.593000000001,0.0,6044.788122974217,19290.91760769805
t1022,281.6998180710002,361.248,1690.4994275801068,23.35021526692796,4406.373300234416,677.2332155758194,6157.593000000001,0.0,6044.788122974217,19642.785099702487
t1023,1064.651924575412,361.248,2774.3307772120015,138.0497629105379,4406.373300234416,1364.061,6157.593000000001,0.0,6044.788122974217,22311.095887906584
t1024,1745.5226362615501,361.248,2839.3579497544592,230.39100000000002,4406.373300234417,1364.061,6906.8009999999995,310.84499999999997,6044.788122974217,24209.388009224644
t1025,1745.5226362615501,361.248,2839.3579497544592,230.39100000000002,4406.373300234417,1523.2027529117213,10669.883093094975,310.84499999999997,6748.763880142633,28835.587612399755
t1026,1745.5226362615501,442.1185808566921,2839.3579497544592,441.8252456712722,4406.373300234417,4169.015845000424,11520.345,310.84499999999997,8095.810408851144,33971.21396662996
t1027,1745.5226362615501,490.3022118582002,2839.3579497544592,600.5827797931024,4406.373300234417,4226.343000198823,11520.345,310.84499999999997,9096.507437147366,35236.17931524792
t1028,1745.5226362615501,440.3172701766002,2839.3579497544592,477.11902466519973,4406.373300234417,4093.552438141182,11520.345,310.84499999999997,7194.710560076871,33028.14317931028
t1029,1745.5226362615501,407.0333800197562,2839.3579497544592,247.97368373939977,4406.373300234417,4169.015845000424,11520.345,310.84499999999997,8727.40072130698,34373.86751631698
t1030,1745.5226362615501,361.248,2839.3579497544592,230.39100000000002,4406.373300234417,4169.015845000424,11520.345,310.84499999999997,6759.493122974218,32342.59185422507
t1031,1745.5226362615501,361.248,2839.3579497544592,230.39100000000002,4406.373300234417,4169.015845000424,11520.345,310.84499999999997,6759.493122974218,32342.59185422507
t1032,1745.5226362615501,361.248,2839.3579497544592,230.39100000000002,4406.373300234417,4169.015845000424,11520.345,602.0342992870071,6074.468975362857,31948.757005900712
t1033,1745.5226362615501,361.248,2839.3579497544592,230.39100000000002,4406.373300234417,3311.175,9614.177377166969,310.84499999999997,6044.788122974217,28863.87838639161
t1034,1745.5226362615501,361.248,2839.3579497544592,230.39100000000002,4406.373300234417,3311.175,8677.140082045737,310.84499999999997,6044.788122974217,27926.84109127038
t1035,1745.5226362615501,361.248,2839.3579497544592,230.39100000000002,4406.373300234417,3311.175,7511.107744787247,310.84499999999997,6044.788122974217,26760.80875401189
t1036,1745.5226362615501,361.248,2839.3579497544592,230.39100000000002,4406.373300234417,3311.175,6830.143503239109,310.84499999999997,6044.788122974217,26079.84451246375
t1037,1745.5226362615501,361.248,2839.3579497544592,230.39100000000002,4406.373300234417,3311.175,6906.8009999999995,310.84499999999997,6044.788122974217,26156.50200922464
t1038,1745.5226362615501,361.248,2839.3579497544592,230.39100000000002,4406.373300234417,3311.175,6906.8009999999995,310.84499999999997,6044.788122974217,26156.50200922464
t1039,1745.5226362615501,361.248,2839.3579497544592,230.39100000000002,4406.373300234417,3311.175,6157.593000000001,0.0,6044.788122974217,25096.44900922464
t1040,281.6998180710002,235.25243321998195,1994.2357629244332,230.39100000000002,4406.373300234417,1364.061,6157.593000000001,0.0,5270.025442167236,19939.63175661707
t1041,281.6998180710002,268.14537905560195,1675.7057480569065,137.83995696498775,4406.373300234417,1364.061,6157.593000000001,0.0,5369.329512326882,19660.747714709796
t1042,281.6998180710002,265.42116170951834,1961.0794590714468,0.0,4406.373300234417,830.0776613711926,6157.593000000001,0.0,5822.605070450835,19724.84947090841
t1043,281.6998180710002,297.9143610926819,1275.4525195604142,0.0,4406.373300234417,222.3615629712072,6157.593000000001,0.0,6044.788122974217,18686.18268490394
t1044,281.6998180710002,340.97478563176196,1764.3432746861495,0.0,4406.373300234416,0.0,6157.593000000001,0.0,6044.788122974217,18995.772301597546
t1045,281.6998180710002,361.248,1609.5195500510174,0.0,4406.373300234417,547.5622679373154,6157.593000000001,0.0,6044.788122974217,19408.784059267968
t1046,281.6998180710002,361.248,2773.5079793889918,166.77979498062004,4406.373300234417,0.0,6157.593000000001,0.0,6044.788122974217,20191.990015649248
t1047,869.5703175970033,361.248,2839.3579497544592,230.39100000000002,4406.373300234417,1364.061,6157.593000000001,0.0,6044.788122974217,22273.382690560098
t1048,1745.5226362615501,361.248,2839.3579497544592,230.39100000000002,4406.373300234417,1364.061,6168.550984634882,310.84499999999997,6044.788122974217,23471.137993859524
t1049,1745.5226362615501,361.248,2839.3579497544592,230.39100000000002,4406.373300234417,2806.394178903248,9645.491224983454,310.84499999999997,6242.05469904437,28587.677989181495
t1050,1745.5226362615501,463.9149786736921,2839.3579497544592,682.007198871446,4406.373300234417,4169.015845000424,11520.345,310.84499999999997,7568.050569389543,33705.432478185525
t1051,1745.5226362615501,515.5964778918865,2839.3579497544592,897.1903775821139,4406.373300234417,5016.803845000424,11520.345,310.84499999999997,9036.498716420418,36288.533303145276
t1052,1745.5226362615501,463.3557483912,2839.3579497544592,720.3344739912001,4406.373300234417,5016.803845000424,11520.345,310.84499999999997,7839.295776758552,34862.2337303918
t1053,1745.5226362615501,449.2208669208001,2839.3579497544592,556.9770000000001,4406.373300234417,5016.803845000424,11520.345,310.84499999999997,8072.702921086654,34918.148519258306
t1054,1745.5226362615501,366.19986957419997,2839.3579497544592,556.9770000000001,4406.373300234417,4169.015845000424,11520.345,310.84499999999997,6759.493122974218,32674.129723799266
t1055,1745.5226362615501,363.7715861410501,2839.3579497544592,556.9770000000001,4406.373300234417,4169.015845000424,11520.345,310.84499999999997,6759.493122974218,32671.70144036612
t1056,1745.5226362615501,361.248,2839.3579497544592,556.9770000000001,4406.373300234417,4541.547210827339,11185.619488650382,310.84499999999997,6044.788122974217,31992.278708702364
t1057,1745.5226362615501,361.248,2839.3579497544592,230.39100000000002,4406.373300234417,3971.1506943180184,10120.153126128705,310.84499999999997,6044.788122974217,30029.829829671366
t1058,1745.5226362615501,361.248,2839.3579497544592,230.39100000000002,4406.373300234417,3311.175,8128.452211168147,310.84499999999997,6044.788122974217,27378.15322039279
t1059,1745.5226362615501,361.248,2839.3579497544592,230.39100000000002,4406.373300234417,3311.175,6157.593000000001,310.84499999999997,6044.788122974217,25407.294009224643
t1060,1745.5226362615501,361.248,2839.3579497544592,230.39100000000002,4406.373300234417,3311.175,6187.301378786404,310.84499999999997,6044.788122974217,25437.002388011046
t1061,1745.5226362615501,361.248,2839.3579497544592,230.39100000000002,4406.373300234417,3311.175,6157.593000000001,310.84499999999997,6044.788122974217,25407.294009224643
t1062,1745.5226362615501,361.248,2839.3579497544592,230.39100000000002,4406.373300234417,3311.175,6906.8009999999995,310.84499999999997,6044.788122974217,26156.50200922464
t1063,1692.1798139147236,361.248,2839.3579497544592,230.39100000000002,4406.373300234417,1364.061,6157.593000000001,0.0,6044.788122974217,23095.992186877815
t1064,281.6998180710002,262.2733576579965,2014.8225437623153,230.39100000000002,4406.373300234417,3273.02080619525,6157.593000000001,0.0,5374.507226810431,22000.681052731412
t1065,281.6998180710002,280.75712126620186,1563.6299191073276,230.39100000000002,4406.373300234417,1364.061,6157.593000000001,0.0,5318.86291739053,19603.368076069477
t1066,281.6998180710002,298.95115977664193,1405.1670485961163,230.39100000000002,4406.373300234417,1364.061,6157.593000000001,0.0,5404.111609237839,19548.347935916016
t1067,281.6998180710002,325.62616113172203,1307.370184251,176.26950939167898,4406.373300234417,1364.061,6157.593000000001,0.0,5875.0926710791355,19894.085644158953
t1068,281.6998180710002,360.475981506702,1340.611876565501,131.31931229316518,4406.373300234417,1364.061,6157.593000000001,0.0,5958.0252447108805,20000.159533381666
t1069,281.6998180710002,361.248,1399.3447316578481,230.39100000000002,4406.373300234417,1480.6887044534594,6157.593000000001,0.0,6044.788122974217,20362.12667739094
t1070,281.6998180710002,361.248,1644.6005663627218,230.39100000000002,4406.373300234417,1364.061,6157.593000000001,0.0,6044.788122974217,20490.754807642355
t1071,401.54353669770023,361.248,2839.3579497544592,230.39100000000002,4406.373300234417,1483.8545120172082,6157.593000000001,0.0,6044.788122974217,21925.149421678
t1072,1745.5226362615501,361.248,2839.3579497544592,230.39100000000002,4406.373300234417,1364.061,6157.593000000001,0.0,6044.788122974217,23149.335009224644
t1073,1745.5226362615501,361.248,2839.3579497544592,280.74319604079625,4406.373300234417,1364.061,8940.728291090441,310.84499999999997,6044.788122974217,26293.66749635588
t1074,1745.5226362615501,440.9959606888919,2839.3579497544592,890.9910151937102,4406.373300234417,4169.015845000424,11520.345,310.84499999999997,6759.493122974218,33082.93983010767
t1075,1745.5226362615501,512.9472018072264,2839.3579497544592,1098.9670231947955,4406.373300234417,5330.162864856142,11520.345,310.84499999999997,7119.806498859178,34884.32747496777
t1076,1745.5226362615501,433.93737614430006,2839.3579497544592,943.7325874178997,4406.373300234417,5070.537445474468,11520.345,310.84499999999997,6759.493122974218,34030.144418261305
t1077,1745.5226362615501,437.8088867966999,2839.3579497544592,681.915019731,4406.373300234417,6290.010878852346,11520.345,310.84499999999997,6759.493122974218,34991.671794604685
t1078,1745.5226362615501,361.248,2839.3579497544592,556.9770000000001,4406.373300234417,4435.677515257254,11520.345,310.84499999999997,6759.493122974218,32935.8395244819
t1079,1745.5226362615501,361.248,2839.3579497544592,556.9770000000001,4406.373300234417,4169.015845000424,11520.345,310.84499999999997,6192.824102476069,32102.50883372692
t1080,1745.5226362615501,361.248,2839.3579497544592,556.9770000000001,4406.373300234417,4766.69468348847,11158.913412740336,310.84499999999997,6044.788122974217,32190.72010545345
t1081,1745.5226362615501,361.248,2839.3579497544592,230.39100000000002,4406.373300234417,3998.8902396071094,9375.849262378895,310.84499999999997,6044.788122974217,29313.265511210648
t1082,1745.5226362615501,361.248,2839.3579497544592,230.39100000000002,4406.373300234417,3311.175,7628.741563528167,310.84499999999997,6044.788122974217,26878.44257275281
t1083,1745.5226362615501,361.248,2839.3579497544592,230.39100000000002,4406.373300234417,3311.175,7308.237442144215,310.84499999999997,6044.788122974217,26557.938451368856
t1084,1745.5226362615501,361.248,2839.3579497544592,230.39100000000002,4406.373300234417,1364.061,6769.888944124504,310.84499999999997,6044.788122974217,24072.475953349145
t1085,1745.5226362615501,361.248,2839.3579497544592,230.39100000000002,4406.373300234417,3311.175,6906.8009999999995,310.84499999999997,6044.788122974217,26156.50200922464
t1086,1745.5226362615501,361.248,2839.3579497544592,230.39100000000002,4406.373300234417,3311.175,7694.726658460457,310.84499999999997,6044.788122974217,26944.427667685097
t1087,1745.5226362615501,361.248,2839.3579497544592,230.39100000000002,4406.373300234417,3311.175,6157.593000000001,0.0,6044.788122974217,25096.44900922464
t1088,281.6998180710002,260.7649548499019,2432.169453471492,230.39100000000002,4406.373300234417,2791.245243107041,6157.593000000001,0.0,5319.540075993541,21879.776845727396
t1089,281.6998180710002,277.3427936996819,1724.0720120944964,230.39100000000002,4406.373300234417,1535.7285693852377,6157.593000000001,0.0,5308.668925150008,19921.869418634844
t1090,281.6998180710002,263.4743117480983,1192.83621876496,163.76494142713707,4406.373300234417,1364.061,6157.593000000001,0.0,5564.096919209593,19393.89950945521
t1091,281.6998180710002,304.012251195402,1010.9758538423392,122.89420037502613,4406.373300234417,1211.008236844306,6157.593000000001,0.0,5770.84229555166,19265.39895611415
t1092,281.6998180710002,329.81377944244196,1012.3718499464571,230.39100000000002,4406.373300234417,1089.4082714275355,6157.593000000001,0.0,5947.269288921601,19454.920308043453
t1093,281.6998180710002,361.248,1109.7002185007939,230.39100000000002,4406.373300234417,1364.061,6157.593000000001,0.0,6044.788122974217,19955.85445978043
t1094,281.6998180710002,361.248,1307.370184251,230.39100000000002,4406.373300234417,1364.061,6157.593000000001,0.0,6044.788122974217,20153.524425530635
t1095,281.6998180710002,361.248,2561.609676257876,230.39100000000002,4406.373300234416,1364.061,6157.593000000001,0.0,6044.788122974217,21407.76391753751
t1096,1745.5226362615501,361.248,2839.3579497544592,230.39100000000002,4406.373300234417,1364.061,6157.593000000001,0.0,6044.788122974217,23149.335009224644
t1097,1745.5226362615501,361.248,2839.3579497544592,405.78040618742386,4406.373300234417,2590.151108478073,10156.54130618993,310.84499999999997,6044.788122974217,28860.607830080073
t1098,1745.5226362615501,396.35070180859213,2839.3579497544592,955.0699772018755,4406.373300234417,4169.015845000424,11520.345,310.84499999999997,6759.493122974218,33102.373533235535
t1099,1745.5226362615501,431.75084414190013,2839.3579497544592,1018.2903166075554,4406.373300234417,5391.988940737741,11520.345,310.84499999999997,7987.919440488407,35652.39342822603
t1100,1745.5226362615501,400.3955306514001,2839.3579497544592,828.5547940712997,4406.373300234417,5016.803845000424,11520.345,310.84499999999997,7896.363634056091,34964.561690029645
t1101,1745.5226362615501,361.248,2839.3579497544592,572.8342135610999,4406.373300234417,6562.23394518817,11520.345,310.84499999999997,6759.493122974218,35078.25316797392
t1102,1745.5226362615501,361.248,2839.3579497544592,556.9770000000001,4406.373300234417,5016.803845000424,11520.345,310.84499999999997,6759.493122974218,33516.96585422507
t1103,1745.5226362615501,361.248,2839.3579497544592,556.9770000000001,4406.373300234417,4169.015845000424,11520.345,310.84499999999997,6759.493122974218,32669.17785422507
t1104,1745.5226362615501,361.248,2839.3579497544592,556.9770000000001,4406.373300234417,4990.4452842204455,11520.345,310.84499999999997,6289.333593122895,33020.447763593766
t1105,1745.5226362615501,361.248,2839.3579497544592,230.39100000000002,4406.373300234417,3634.396801264134,9932.68215012526,310.84499999999997,6044.788122974217,29505.604960614037
t1106,1745.5226362615501,361.248,2839.3579497544592,230.39100000000002,4406.373300234417,4093.5833355000896,9083.009567662435,310.84499999999997,6044.788122974217,29115.11891238717
t1107,1745.5226362615501,361.248,2839.3579497544592,230.39100000000002,4406.373300234417,3311.175,7701.1826862324515,310.84499999999997,6044.788122974217,26950.883695457094
t1108,1745.5226362615501,361.248,2839.3579497544592,230.39100000000002,4406.373300234417,3311.175,6906.8009999999995,310.84499999999997,6044.788122974217,26156.50200922464
t1109,1745.5226362615501,361.248,2839.3579497544592,230.39100000000002,4406.373300234417,2898.8761537994606,6906.8009999999995,310.84499999999997,6044.788122974217,25744.203163024104
t1110,1745.5226362615501,361.248,2839.3579497544592,230.39100000000002,4406.373300234417,1827.8003428418797,6906.8009999999995,310.84499999999997,6044.788122974217,24673.127352066524
t1111,1745.5226362615501,361.248,2839.3579497544592,230.39100000000002,4406.373300234417,3311.175,6157.593000000001,0.0,6044.788122974217,25096.44900922464
t1112,281.6998180710002,261.859985057862,1701.0199822294182,230.39100000000002,4406.373300234417,2221.678345765215,6157.593000000001,0.0,5234.539586604665,20495.155017962577
t1113,281.6998180710002,250.77822554020202,1307.370184251,0.0,4406.373300234417,1240.3785974593648,6157.593000000001,0.0,5177.1436187154295,18821.336744271415
t1114,281.6998180710002,279.04319744212194,1307.370184251,0.0,4406.373300234417,1364.061,6157.593000000001,0.0,5278.9894841304795,19075.129984129017
t1115,281.6998180710002,293.147689640022,1299.6142375073812,0.0,4406.373300234417,926.5333527605748,6157.593000000001,0.0,5532.862918319293,18897.82431653269
t1116,281.6998180710002,325.8788566358218,1307.370184251,16.99413160228785,4406.373300234417,808.7936637487086,6157.593000000001,0.0,5296.901503922103,18601.60445846534
t1117,281.6998180710002,334.78330224473865,2405.9436122075076,116.86499148968394,4406.373300234417,68.35758634015359,6157.593000000001,0.0,6044.788122974217,19816.403733561718
t1118,281.6998180710002,361.248,2124.477107954502,230.39100000000002,4406.373300234417,1094.942778813698,6157.593000000001,0.0,6044.788122974217,20701.513128047834
t1119,818.8120261579693,361.248,2783.5318032748823,230.39100000000002,4406.373300234416,907.7029052217746,6157.593000000001,0.0,6044.788122974217,21710.44015786326
t1120,1745.5226362615501,361.248,2839.3579497544592,230.39100000000002,4406.373300234417,1376.9960141757992,6169.678162256818,310.84499999999997,6044.788122974217,23485.200185657257
t1121,1745.5226362615501,361.248,2839.3579497544592,290.24661829431585,4406.373300234417,1364.061,10697.059907577439,310.84499999999997,6044.788122974217,28059.5025350964
t1122,1745.5226362615501,371.473274320692,2839.3579497544592,556.9770000000001,4406.373300234417,4169.015845000424,11520.345,310.84499999999997,7575.855670482451,33495.765676054
t1123,1745.5226362615501,407.6642806188001,2839.3579497544592,881.777357959644,4406.373300234417,4532.81710236996,11520.345,310.84499999999997,9183.56378564735,35828.26641284618
t1124,1745.5226362615501,384.0759786647399,2839.3579497544592,768.0162359279994,4406.373300234417,5016.803845000424,11520.345,310.84499999999997,8587.268409621085,35578.608355464676
t1125,1745.5226362615501,361.248,2839.3579497544592,556.9770000000001,4406.373300234417,5016.803845000424,11520.345,310.84499999999997,7282.8169459869205,34040.28967723777
t1126,1745.5226362615501,361.248,2839.3579497544592,556.9770000000001,4406.373300234417,4590.566585922811,11520.345,310.84499999999997,6759.493122974218,33090.72859514746
t1127,1745.5226362615501,361.248,2839.3579497544592,556.9770000000001,4406.373300234417,4169.015845000424,11520.345,310.84499999999997,6759.493122974218,32669.17785422507
t1128,1745.5226362615501,361.248,2839.3579497544592,556.9770000000001,4406.373300234417,4306.65841427027,11520.345,721.0849307369384,6698.867402052561,33156.4346333102
t1129,1745.5226362615501,361.248,2839.3579497544592,230.39100000000002,4406.373300234417,3490.9884036744147,10475.70397258452,310.84499999999997,6044.788122974217,29905.21838548358
t1130,1745.5226362615501,361.248,2839.3579497544592,230.39100000000002,4406.373300234417,3311.175,8659.655558456127,310.84499999999997,6044.788122974217,27909.356567680767
t1131,1745.5226362615501,361.248,2839.3579497544592,230.39100000000002,4406.373300234417,3311.175,7231.048944832622,310.84499999999997,6044.788122974217,26480.749954057264
t1132,1745.5226362615501,361.248,2839.3579497544592,230.39100000000002,4406.373300234417,3311.175,6906.8009999999995,310.84499999999997,6044.788122974217,26156.50200922464
t1133,1745.5226362615501,361.248,2839.3579497544592,230.39100000000002,4406.373300234417,3311.175,6671.814442438169,310.84499999999997,6044.788122974217,25921.51545166281
t1134,1745.5226362615501,361.248,2839.3579497544592,230.39100000000002,4406.373300234417,3311.175,6157.593000000001,42.04714183767337,6044.788122974217,25138.496151062314
t1135,852.7354739825458,361.248,2839.3579497544592,230.39100000000002,4406.373300234417,2109.999597363667,6157.593000000001,0.0,5288.491567001536,22246.189888336627
t1136,281.6998180710002,232.74846483124196,1541.0716639030732,0.0,4406.373300234417,0.0,6157.593000000001,0.0,3398.784,16018.270247039733
t1137,281.6998180710002,214.87113979138203,1237.209938142974,0.0,4406.373300234417,0.0,6157.593000000001,0.0,2615.6583895796766,14913.405585819452
t1138,281.6998180710002,261.95006735692186,1133.4550821868133,0.0,4406.373300234417,0.0,6157.593000000001,0.0,3398.784,15639.855267849152
t1139,281.6998180710002,271.55403233506206,1112.936532313603,0.0,4406.373300234417,0.0,6157.593000000001,0.0,2394.338081655364,14624.494764609446
t1140,281.6998180710002,294.91729637710193,1220.6017527907566,0.0,4406.373300234417,0.0,6157.593000000001,0.0,4596.499663517992,16957.684830991268
t1141,281.6998180710002,302.9539411807185,1306.540269920607,0.0,4406.373300234417,0.0,6157.593000000001,0.0,3486.8698636765735,15942.030193083316
t1142,281.6998180710002,361.248,1511.0640750272823,0.0,4406.373300234417,0.0,6157.593000000001,0.0,6044.788122974217,18762.766316306916
t1143,281.6998180710002,361.248,1976.586520364537,203.97999001267797,4406.373300234417,0.0,6157.593000000001,0.0,6044.788122974217,19432.26875165685
t1144,1745.5226362615501,361.248,2839.3579497544592,230.39100000000002,4406.373300234417,1045.7882841680582,6157.593000000001,0.0,6044.788122974217,22831.0622933927
t1145,1745.5226362615501,361.248,2839.3579497544592,253.65388906687215,4406.373300234417,1364.061,8610.616699922908,310.84499999999997,6044.788122974217,25936.466598214425
t1146,1745.5226362615501,367.0167805831921,2839.3579497544592,556.9770000000001,4406.373300234417,4169.015845000424,11274.93537785733,310.84499999999997,6044.788122974217,31714.83201266559
t1147,1745.5226362615501,408.8303459784002,2839.3579497544592,818.0019293958147,4406.373300234417,4169.015845000424,11520.345,310.84499999999997,6591.684397103336,32809.976403728404
t1148,1745.5226362615501,372.18498318861003,2839.3579497544592,556.9770000000001,4406.373300234417,4084.038031650472,11520.345,310.84499999999997,6044.788122974217,31880.432024063724
t1149,1745.5226362615501,361.248,2839.3579497544592,487.8836737656004,4406.373300234417,4169.015845000424,11520.345,310.84499999999997,6044.788122974217,31885.379527990666
t1150,1745.5226362615501,361.248,2839.3579497544592,230.39100000000002,4406.373300234417,4169.015845000424,11520.345,310.84499999999997,6044.788122974217,31627.886854225068
t1151,1745.5226362615501,361.248,2839.3579497544592,230.39100000000002,4406.373300234417,3806.951163826762,11445.595737746808,310.84499999999997,6044.788122974217,31191.07291079821
t1152,1745.5226362615501,361.248,2839.3579497544592,230.39100000000002,4406.373300234417,3844.4521383612464,10294.12822193149,310.84499999999997,6044.788122974217,30077.10636951738
t1153,1745.5226362615501,361.248,2839.3579497544592,230.39100000000002,4406.373300234417,4169.015845000424,10292.30554864968,310.84499999999997,6044.788122974217,30399.847402874748
t1154,1745.5226362615501,361.248,2839.3579497544592,230.39100000000002,4406.373300234417,3311.175,8643.09636936657,310.84499999999997,6044.788122974217,27892.797378591215
t1155,1745.5226362615501,361.248,2839.3579497544592,230.39100000000002,4406.373300234417,3311.175,6906.8009999999995,310.84499999999997,6044.788122974217,26156.50200922464
t1156,1745.5226362615501,361.248,2839.3579497544592,230.39100000000002,4406.373300234417,3311.175,6291.651951911651,310.84499999999997,6044.788122974217,25541.352961136294
t1157,1745.5226362615501,361.248,2839.3579497544592,230.39100000000002,4406.373300234417,1364.061,6157.593000000001,310.84499999999997,6044.788122974217,23460.180009224645
t1158,1745.5226362615501,361.248,2839.3579497544592,230.39100000000002,4406.373300234417,1364.061,6157.593000000001,0.0,6044.788122974217,23149.335009224644
t1159,281.6998180710002,317.35492535070586,2303.398749515905,230.39100000000002,4406.373300234417,1591.526629586073,6157.593000000001,0.0,5353.360263523065,20641.697686281168
t1160,281.6998180710002,254.21687214718202,1412.2633606647457,0.0,4406.373300234417,0.0,6157.593000000001,0.0,3351.9997558791338,15864.146106996479
t1161,281.6998180710002,245.145621726222,1136.74366245578,0.0,4406.373300234417,0.0,6157.593000000001,0.0,2190.84013813239,14418.395540619811
t1162,281.6998180710002,255.04458292967846,1101.141557592461,0.0,4406.373300234417,0.0,6157.593000000001,0.0,2820.325707301592,15022.17796612915
t1163,281.6998180710002,251.31553995784196,1109.6206268139879,0.0,4406.373300234417,0.0,6157.593000000001,0.0,3612.0096633172616,15818.61194839451
t1164,281.6998180710002,287.686231111002,1133.2853256805452,0.0,4406.373300234417,0.0,6157.593000000001,0.0,3155.732298347244,15422.369973444209
t1165,281.6998180710002,353.6507701196819,1236.4791398493624,0.0,4406.373300234417,0.0,6157.593000000001,0.0,3942.589126138208,16378.38515441267
t1166,281.6998180710002,361.248,1396.908845627522,0.0,4406.373300234417,0.0,6157.593000000001,0.0,6044.788122974217,18648.611086907156
t1167,281.6998180710002,361.248,1953.7456749241549,230.39100000000002,4406.373300234417,63.600872498071645,6157.593000000001,0.0,6044.788122974217,19499.43978870186
t1168,1745.5226362615501,361.248,2839.3579497544592,230.39100000000002,4406.373300234417,1357.9717309465104,6157.593000000001,0.0,6044.788122974217,23143.245740171154
t1169,1745.5226362615501,361.248,2839.3579497544592,496.18472130058797,4406.373300234417,2661.51494439876,8232.905555564113,310.84499999999997,6044.788122974217,27098.740230488107
t1170,1745.5226362615501,387.33932410009197,2839.3579497544592,556.9770000000001,4406.373300234417,3670.781638478161,11520.345,310.84499999999997,6185.0749923438425,31622.616841172523
t1171,1745.5226362615501,422.50492440450006,2839.3579497544592,979.3423332384423,4406.373300234417,4451.047268496851,11520.345,310.84499999999997,6759.493122974218,33434.83153536444
t1172,1745.5226362615501,386.30427043668004,2839.3579497544592,785.0809258422,4406.373300234417,4332.73520705387,11520.345,310.84499999999997,6759.493122974218,33086.05741255739
t1173,1745.5226362615501,386.02097883830623,2839.3579497544592,532.0730196233995,4406.373300234417,4169.015845000424,11520.345,310.84499999999997,6044.788122974217,31954.34185268677
t1174,1745.5226362615501,361.248,2839.3579497544592,264.6511186278,4406.373300234417,4076.1234595925116,11520.345,310.84499999999997,6044.788122974217,31569.254587444953
t1175,1745.5226362615501,361.248,2839.3579497544592,230.39100000000002,4406.373300234417,4111.134872441672,11520.345,310.84499999999997,6044.788122974217,31570.00588166631
t1176,1745.5226362615501,361.248,2839.3579497544592,230.39100000000002,4406.373300234417,4169.015845000424,11433.50648883792,310.84499999999997,6044.788122974217,31541.048343062987
t1177,1745.5226362615501,361.248,2839.3579497544592,230.39100000000002,4406.373300234417,3400.7347456676384,10977.89520034781,310.84499999999997,6044.788122974217,30317.15595524009
t1178,1745.5226362615501,361.248,2839.3579497544592,230.39100000000002,4406.373300234417,2539.314925724267,9558.683417934244,310.84499999999997,6044.788122974217,28036.524352883152
t1179,1745.5226362615501,361.248,2839.3579497544592,230.39100000000002,4406.373300234417,4169.015845000424,8097.922887554039,310.84499999999997,6044.788122974217,28205.464741779106
t1180,1745.5226362615501,361.248,2839.3579497544592,230.39100000000002,4406.373300234417,4169.015845000424,7420.337154458133,310.84499999999997,6044.788122974217,27527.879008683198
t1181,1745.5226362615501,361.248,2839.3579497544592,230.39100000000002,4406.373300234417,4169.015845000424,7815.247546722141,310.84499999999997,6044.788122974217,27922.789400947207
t1182,1745.5226362615501,361.248,2839.3579497544592,230.39100000000002,4406.373300234417,4169.015845000424,8032.4259078410505,310.84499999999997,6044.788122974217,28139.967762066117
t1183,1745.5226362615501,361.248,2839.3579497544592,230.39100000000002,4406.373300234417,4169.015845000424,6157.593000000001,0.0,6044.788122974217,25954.289854225066
t1184,776.7429139054169,361.248,2839.3579497544592,230.39100000000002,4406.373300234417,3175.3888215440215,6157.593000000001,0.0,6044.788122974217,23991.88310841253
t1185,690.8433083933379,361.248,2839.3579497544592,230.39100000000002,4406.373300234417,2132.6898011613694,6157.593000000001,0.0,6044.788122974217,22863.2844825178
t1186,758.678838891344,361.248,2839.3579497544592,230.39100000000002,4406.373300234417,1364.061,6157.593000000001,0.0,6044.788122974217,22162.491211854438
t1187,468.69644955576354,361.248,2839.3579497544592,230.39100000000002,4406.373300234417,1364.061,6157.593000000001,0.0,6044.788122974217,21872.50882251886
t1188,707.4002519585723,361.248,2839.3579497544592,230.39100000000002,4406.373300234417,1364.061,6157.593000000001,0.0,6044.788122974217,22111.212624921667
t1189,1228.6198076633839,361.248,2839.3579497544592,230.39100000000002,4406.373300234417,1364.061,6157.593000000001,0.0,6044.788122974217,22632.432180626474
t1190,1745.5226362615501,361.248,2839.3579497544592,230.39100000000002,4406.373300234417,1364.061,6157.593000000001,0.0,6044.788122974217,23149.335009224644
t1191,1745.5226362615501,361.248,2839.3579497544592,230.39100000000002,4406.373300234417,1364.061,6489.4136176334805,310.84499999999997,6044.788122974217,23792.000626858124
t1192,1745.5226362615501,361.248,2839.3579497544592,230.39100000000002,4406.373300234417,1364.061,7781.904265545709,310.84499999999997,6044.788122974217,25084.491274770353
t1193,1745.5226362615501,361.248,2839.3579497544592,556.9770000000001,3999.974680339393,2109.7715696407954,8172.692109480339,310.84499999999997,6176.9192669614295,26273.308212437965
t1194,1745.5226362615501,461.92534987039215,2839.3579497544592,1026.1930725437442,2304.358144525598,4169.015845000424,11520.345,310.84499999999997,8365.406861019324,32742.96985897549
t1195,1972.319781916291,491.8352856288001,2839.3579497544592,1175.6751781014482,3404.264842298785,6327.405227130839,11520.345,310.84499999999997,9143.26903049921,37185.317295329834
t1196,1745.5226362615501,552.7095219674314,2839.3579497544592,917.8299244796999,4406.373300234417,5957.5539895493985,11520.345,310.84499999999997,9428.736790822652,37679.27411306961
t1197,2701.415496840747,686.5620000000001,2839.3579497544592,610.3255036041002,4406.373300234417,6264.890977477524,11520.345,310.84499999999997,9164.953973219524,38505.06920113078
t1198,2950.862008708094,686.5620000000001,2839.3579497544592,556.9770000000001,4406.373300234417,6591.916495063893,11520.345,459.35158086298856,8346.321794695697,38358.06712931955
t1199,2687.912582539522,686.5620000000001,2839.3579497544592,556.9770000000001,4406.373300234417,5910.711191497692,11520.345,722.9549226533636,7608.179101190527,36939.37304786999
t1200,1851.7362700260546,686.5620000000001,2839.3579497544592,556.9770000000001,4406.373300234417,5254.464148010263,11520.345,384.8114820274183,7129.724866500813,34630.35201655342
t1201,1745.5226362615501,361.248,2839.3579497544592,230.39100000000002,4406.373300234417,4169.015845000424,11520.345,544.8952349421597,6044.788122974217,31861.937089167226
t1202,1745.5226362615501,361.248,2839.3579497544592,230.39100000000002,4406.373300234417,4169.015845000424,10291.076992966682,310.84499999999997,6044.788122974217,30398.61884719175
t1203,1745.5226362615501,361.248,2839.3579497544592,230.39100000000002,4406.373300234417,2221.9018450004237,9074.762782639416,310.84499999999997,6044.788122974217,27235.19063686448
t1204,1745.5226362615501,361.248,2839.3579497544592,230.39100000000002,4406.373300234417,4169.015845000424,8467.215845989793,310.84499999999997,6044.788122974217,28574.757700214857
t1205,1745.5226362615501,361.248,2839.3579497544592,230.39100000000002,4406.373300234417,4169.015845000424,8833.798382880954,310.84499999999997,6044.788122974217,28941.34023710602
t1206,1745.5226362615501,361.248,2839.3579497544592,230.39100000000002,4406.373300234417,4169.015845000424,8121.308758106617,310.84499999999997,6044.788122974217,28228.850612331684
t1207,1745.5226362615501,361.248,2839.3579497544592,230.39100000000002,4406.373300234417,2221.9018450004237,6598.661924500721,310.84499999999997,6044.788122974217,24759.08977872579
t1208,1158.8720142391503,361.248,2839.3579497544592,230.39100000000002,4406.373300234417,2491.1434148947856,6157.593000000001,1.9415680329358405,6044.788122974217,23691.708370129963
t1209,1158.8720142391503,361.248,2839.3579497544592,230.39100000000002,4406.373300234417,2486.525978595523,6157.593000000001,167.34360690202965,6044.788122974217,23852.492972699794
t1210,1158.8720142391503,361.248,2839.3579497544592,230.39100000000002,4406.373300234417,1364.061,6157.593000000001,0.0,6044.788122974217,22562.68438720224
t1211,962.2794461876872,361.248,2839.3579497544592,230.39100000000002,4406.373300234417,1364.061,6157.593000000001,0.0,6044.788122974217,22366.09181915078
t1212,1745.5226362615501,361.248,2839.3579497544592,230.39100000000002,4406.373300234417,1364.061,6157.593000000001,0.0,6044.788122974217,23149.335009224644
t1213,1727.19327831578,361.248,2839.3579497544592,230.39100000000002,4406.373300234417,1364.061,6157.593000000001,0.0,6044.788122974217,23131.005651278872
t1214,1640.5130966741215,361.248,2839.3579497544592,230.39100000000002,4406.373300234417,1364.061,6157.593000000001,0.0,6044.788122974217,23044.325469637213
t1215,1745.5226362615501,361.248,2839.3579497544592,230.39100000000002,4406.373300234417,2059.0376205424927,6317.70542266213,310.84499999999997,6044.788122974217,24315.269052429267
t1216,1745.5226362615501,361.248,2839.3579497544592,230.39100000000002,4406.373300234417,1364.061,8053.009685454133,310.84499999999997,6044.788122974217,25355.596694678778
t1217,1745.5226362615501,361.248,2839.3579497544592,556.9770000000001,4406.373300234417,2131.1163523032387,9386.031868128586,310.84499999999997,6461.649496464057,28199.121603146312
t1218,1745.5226362615501,470.457060465192,2839.3579497544592,789.6856706712704,4309.900719640559,4169.015845000424,11520.345,310.84499999999997,8727.684076067746,34882.8139578612
t1219,1900.4463963000912,686.5620000000001,2839.3579497544592,970.5468120845878,4406.373300234417,6044.550000894532,11520.345,347.78833000629913,9916.274048097886,38632.243837372276
t1220,1745.5226362615501,686.5620000000001,2839.3579497544592,743.7802941309,4406.373300234417,5664.286133620044,11520.345,310.84499999999997,10022.14258664481,37939.214900646184
t1221,3366.7675933188902,686.5620000000001,2839.3579497544592,556.9770000000001,4406.373300234417,7151.113997201014,11520.345,310.84499999999997,9064.887926845697,39903.229767354474
t1222,2383.4565754536866,686.5620000000001,2839.3579497544592,556.9770000000001,4406.373300234417,6281.58144787107,11520.345,589.1633053585987,7200.478395305485,36464.29497397772
t1223,1745.5226362615501,686.5620000000001,2839.3579497544592,556.9770000000001,4406.373300234417,5332.263000701931,11520.345,603.2136104365034,6794.881813193528,34485.496310582384
t1224,1745.5226362615501,686.5620000000001,2839.3579497544592,556.9770000000001,4406.373300234417,4169.015845000424,11520.345,337.6504525196637,6454.5599939935255,32716.364177764044
t1225,1745.5226362615501,361.248,2839.3579497544592,230.39100000000002,4406.373300234417,4169.015845000424,10706.979453619797,310.84499999999997,6044.788122974217,30814.52130784486
t1226,1745.5226362615501,361.248,2839.3579497544592,230.39100000000002,4406.373300234417,4169.015845000424,9968.827401200713,310.84499999999997,6044.788122974217,30076.36925542578
t1227,1745.5226362615501,361.248,2839.3579497544592,230.39100000000002,4406.373300234417,4169.015845000424,8457.115246526771,310.84499999999997,6044.788122974217,28564.65710075184
t1228,1745.5226362615501,361.248,2839.3579497544592,230.39100000000002,4406.373300234417,4169.015845000424,6906.8009999999995,310.84499999999997,6044.788122974217,27014.342854225066
t1229,1745.5226362615501,361.248,2839.3579497544592,230.39100000000002,4406.373300234417,2221.9018450004237,7771.259867430968,310.84499999999997,6044.788122974217,25931.687721656035
t1230,1745.5226362615501,361.248,2839.3579497544592,230.39100000000002,4406.373300234417,2756.37509531834,8392.101253791085,310.84499999999997,6044.788122974217,27087.00235833407
t1231,1745.5226362615501,361.248,2839.3579497544592,230.39100000000002,4406.373300234417,4169.015845000424,6157.593000000001,83.06804056116566,6044.788122974217,26037.357894786233
t1232,696.0253101547834,361.248,2839.3579497544592,230.39100000000002,4406.373300234417,2894.5149137927297,6157.593000000001,0.0,5746.74608848422,23332.249562420613
t1233,776.5936310181247,361.248,2839.3579497544592,230.39100000000002,4406.373300234417,2461.7727950528183,6157.593000000001,14.764681643978653,5546.493646876451,22794.588004580248
t1234,781.6118174065688,361.248,2839.3579497544592,230.39100000000002,4406.373300234417,1364.061,6157.593000000001,0.0,5779.828066354323,21920.464133749767
t1235,587.2030231560368,361.248,2839.3579497544592,0.0,4406.373300234417,1364.061,6157.593000000001,0.0,6044.788122974217,21760.624396119132
t1236,868.3504400934002,361.248,2839.3579497544592,0.0,4406.373300234417,1364.061,6157.593000000001,0.0,6044.788122974217,22041.771813056494
t1237,555.5020238557331,361.248,2839.3579497544592,0.0,4406.373300234417,1364.061,6157.593000000001,0.0,6044.788122974217,21728.923396818827
t1238,1184.4492554905296,361.248,2839.3579497544592,230.39100000000002,4406.373300234417,1364.061,6157.593000000001,0.0,6044.788122974217,22588.261628453623
t1239,1745.5226362615501,361.248,2839.3579497544592,230.39100000000002,4406.373300234417,1364.061,6157.593000000001,267.5821663703661,6044.788122974217,23416.91717559501
t1240,1745.5226362615501,393.1626013586782,2839.3579497544592,230.39100000000002,4406.373300234417,1973.0484788627725,8767.620506190797,310.84499999999997,6044.788122974217,26711.10959563689
t1241,1745.5226362615501,445.23256138549203,2839.3579497544592,230.39100000000002,4406.373300234417,1364.061,11481.359635414005,310.84499999999997,6256.220508850124,29079.363591900048
t1242,1745.5226362615501,488.09669703469206,2839.3579497544592,632.2376887276857,4406.373300234417,4265.159016518571,11520.345,310.84499999999997,8388.113526856949,34596.05081538832
t1243,1763.9485116579906,500.1382861875,2839.3579497544592,680.6775091374536,4406.373300234417,5417.351834022736,11520.345,310.84499999999997,8954.656255092807,36393.69364608736
t1244,1745.5226362615501,499.01441701110014,2839.3579497544592,556.9770000000001,4406.373300234417,5016.803845000424,11520.345,310.84499999999997,9512.989396466526,36408.228544728474
t1245,1745.5226362615501,454.8084946878,2839.3579497544592,556.9770000000001,4406.373300234417,5016.803845000424,11520.345,310.84499999999997,8711.358093079696,35562.391319018345
t1246,1745.5226362615501,406.05174757287,2839.3579497544592,556.9770000000001,4406.373300234417,4169.015845000424,11520.345,310.84499999999997,6759.493122974218,32713.981601797936
t1247,1745.5226362615501,366.6173446360799,2839.3579497544592,556.9770000000001,4406.373300234417,4169.015845000424,11520.345,736.6761534558117,6759.493122974218,33100.378352316955
t1248,1745.5226362615501,361.248,2839.3579497544592,556.9770000000001,4406.373300234417,4361.572776063886,11520.345,559.7247127666369,6506.486370988696,32857.60774606965
t1249,1745.5226362615501,361.248,2839.3579497544592,230.39100000000002,4406.373300234417,3801.819899970733,11196.433137934431,310.84499999999997,6044.788122974217,30936.779047129807
t1250,1745.5226362615501,361.248,2839.3579497544592,230.39100000000002,4406.373300234417,3793.1008802482797,9306.130435857305,310.84499999999997,6044.788122974217,29037.75732533023
t1251,1745.5226362615501,361.248,2839.3579497544592,230.39100000000002,4406.373300234417,4169.015845000424,6981.49056789673,310.84499999999997,6044.788122974217,27089.032422121796
t1252,1745.5226362615501,361.248,2839.3579497544592,230.39100000000002,4406.373300234417,3509.7308711247583,6906.8009999999995,310.84499999999997,6044.788122974217,26355.057880349403
t1253,1745.5226362615501,361.248,2839.3579497544592,230.39100000000002,4406.373300234417,4169.015845000424,7522.739712905505,310.84499999999997,6044.788122974217,27630.281567130573
t1254,1745.5226362615501,361.248,2839.3579497544592,230.39100000000002,4406.373300234417,4169.015845000424,8449.193467724395,310.84499999999997,6044.788122974217,28556.73532194946
t1255,1745.5226362615501,361.248,2839.3579497544592,230.39100000000002,4406.373300234417,4169.015845000424,6157.593000000001,273.06521303729636,6044.788122974217,26227.35506726236
t1256,1514.2918251782846,361.248,2839.3579497544592,230.39100000000002,4406.373300234417,2394.3247912069082,6157.593000000001,0.0,6044.788122974217,23948.367989348288
t1257,1158.8720142391503,361.248,2839.3579497544592,0.0,4406.373300234417,1364.061,6157.593000000001,0.0,6044.788122974217,22332.293387202244
t1258,1561.831144941781,361.248,2839.3579497544592,169.9504582230061,4406.373300234417,1364.061,6157.593000000001,0.0,6044.788122974217,22905.20297612788
t1259,1745.5226362615501,361.248,2839.3579497544592,0.0,4406.373300234417,1364.061,6157.593000000001,0.0,6044.788122974217,22918.94400922464
t1260,1745.5226362615501,361.248,2839.3579497544592,0.0,4406.373300234417,1364.061,6157.593000000001,0.0,6044.788122974217,22918.94400922464
t1261,1745.5226362615501,361.248,2839.3579497544592,0.0,4406.373300234417,1364.061,6157.593000000001,0.0,6044.788122974217,22918.94400922464
t1262,1745.5226362615501,361.248,2839.3579497544592,6.344118933401787,4406.373300234417,1364.061,6157.593000000001,0.0,6044.788122974217,22925.288128158045
t1263,1745.5226362615501,361.248,2839.3579497544592,230.39100000000002,4406.373300234417,1364.061,7229.29885894061,310.84499999999997,6044.788122974217,24531.885868165253
t1264,1745.5226362615501,361.248,2839.3579497544592,230.39100000000002,4406.373300234417,1364.061,9797.29671797525,310.84499999999997,6044.788122974217,27099.883727199893
t1265,1745.5226362615501,411.26911634209205,2839.3579497544592,238.8002627321043,4406.373300234417,1364.061,10704.0968943326,310.84499999999997,6852.078510932206,28872.404670589432
t1266,1745.5226362615501,494.83650368959206,2839.3579497544592,556.9770000000001,4406.373300234417,4017.3546117649607,11520.345,310.84499999999997,9262.045814652762,35153.65781635774
t1267,1745.5226362615501,543.9881528307001,2839.3579497544592,732.7342005675421,4406.373300234417,4681.906839988397,11520.345,352.1411296391455,10048.162032976421,36870.53124225263
t1268,1745.5226362615501,498.9230353227001,2839.3579497544592,630.3927623813995,4406.373300234417,4270.293437464599,11520.345,310.84499999999997,10002.979659896528,36225.032781315655
t1269,1745.5226362615501,686.5620000000001,2839.3579497544592,556.9770000000001,4406.373300234417,4527.923834125835,11520.345,311.22217943811586,9117.56740514953,35711.8513049639
t1270,1745.5226362615501,671.4111405221661,2839.3579497544592,556.9770000000001,4406.373300234417,4169.015845000424,11520.345,736.0853012825756,8259.965964264165,34905.054137319756
t1271,1745.5226362615501,686.5620000000001,2839.3579497544592,556.9770000000001,4406.373300234417,4169.015845000424,11520.345,761.4323588679838,7404.332316281528,34089.918406400364
t1272,1745.5226362615501,685.7634897911886,2839.3579497544592,556.9770000000001,4406.373300234417,4169.015845000424,11520.345,786.2549999999999,6759.493122974218,33469.10334401626
t1273,1745.5226362615501,361.248,2839.3579497544592,230.39100000000002,4406.373300234417,3203.0178581831988,10734.26484683642,310.84499999999997,6044.788122974217,29875.808714244264
t1274,1745.5226362615501,361.248,2839.3579497544592,230.39100000000002,4406.373300234417,4169.015845000424,9814.11167186945,310.84499999999997,6044.788122974217,29921.653526094517
t1275,1745.5226362615501,361.248,2839.3579497544592,230.39100000000002,4406.373300234417,2221.9018450004237,8723.009108090613,310.84499999999997,6044.788122974217,26883.436962315678
t1276,1745.5226362615501,361.248,2839.3579497544592,230.39100000000002,4406.373300234417,4169.015845000424,8041.862520465798,310.84499999999997,6044.788122974217,28149.404374690865
t1277,1745.5226362615501,361.248,2839.3579497544592,230.39100000000002,4406.373300234417,4169.015845000424,8184.402639285598,310.84499999999997,6044.788122974217,28291.944493510662
t1278,1745.5226362615501,361.248,2839.3579497544592,230.39100000000002,4406.373300234417,2221.9018450004237,8976.537417038959,310.84499999999997,6044.788122974217,27136.965271264027
t1279,1745.5226362615501,361.248,2839.3579497544592,230.39100000000002,4406.373300234417,2221.9018450004237,8464.986398262969,310.84499999999997,6044.788122974217,26625.414252488034
t1280,1745.5226362615501,361.248,2839.3579497544592,230.39100000000002,4406.373300234417,1844.0712418292312,6157.593000000001,11.431712465801711,6044.788122974217,23640.776963519675
t1281,1745.5226362615501,361.248,2839.3579497544592,0.0,4406.373300234417,1364.061,6157.593000000001,0.0,6044.788122974217,22918.94400922464
t1282,1496.145176058764,361.248,2839.3579497544592,230.39100000000002,4406.373300234417,1364.061,6157.593000000001,0.0,6044.788122974217,22899.95754902186
t1283,1745.5226362615501,361.248,2839.3579497544592,230.39100000000002,4406.373300234417,1364.061,6157.593000000001,0.0,6044.788122974217,23149.335009224644
t1284,1745.5226362615501,361.248,2839.3579497544592,13.892172865056073,4406.373300234417,1364.061,6157.593000000001,0.0,6044.788122974217,22932.8361820897
t1285,1745.5226362615501,361.248,2839.3579497544592,230.39100000000002,4406.373300234417,1364.061,6157.593000000001,0.0,6044.788122974217,23149.335009224644
t1286,1745.5226362615501,361.248,2839.3579497544592,230.39100000000002,4406.373300234417,1364.061,6526.550408193403,310.84499999999997,6044.788122974217,23829.137417418046
t1287,1745.5226362615501,361.248,2839.3579497544592,230.39100000000002,4406.373300234417,1364.061,11237.868375933442,310.84499999999997,6044.788122974217,28540.455385158082
t1288,1745.5226362615501,503.977604007981,2839.3579497544592,230.39100000000002,4406.373300234417,1364.061,11520.345,310.84499999999997,8853.162149949467,31774.035640207876
t1289,1745.5226362615501,488.2019259648811,2839.3579497544592,422.5746026730359,4406.373300234417,1364.061,11520.345,310.84499999999997,9417.65784336186,32514.939258250204
t1290,1884.3317694529696,513.1756853358812,2839.3579497544592,556.9770000000001,4406.373300234417,3851.0362196060723,11520.345,310.84499999999997,9045.907989020876,34928.34991340467
t1291,1745.5226362615501,686.5620000000001,2839.3579497544592,891.8268600492664,4406.373300234417,4602.8581718165915,11520.345,310.84499999999997,9677.69925215648,36681.39017027277
t1292,1745.5226362615501,484.2488192220002,2839.3579497544592,629.6074750872003,4406.373300234417,4169.015845000424,11520.345,310.84499999999997,9606.766194404529,35712.08221996458
t1293,1745.5226362615501,454.89900000000006,2839.3579497544592,556.9770000000001,4406.373300234417,4220.553838030636,11520.345,310.84499999999997,8839.633417649527,34894.50714193059
t1294,1745.5226362615501,454.89900000000006,2839.3579497544592,556.9770000000001,4406.373300234417,4169.015845000424,11520.345,600.0966456002157,7297.954531006772,33590.54190785784
t1295,1745.5226362615501,361.248,2839.3579497544592,556.9770000000001,4406.373300234417,4169.015845000424,11520.345,310.84499999999997,7287.592855049528,33197.27758630038
t1296,1745.5226362615501,361.248,2839.3579497544592,493.3937103787769,4406.373300234417,4169.015845000424,11520.345,620.6404722436249,6569.966956621817,32725.863870495068
t1297,1745.5226362615501,361.248,2839.3579497544592,230.39100000000002,4406.373300234417,3734.7260963890426,11409.227896472563,310.84499999999997,6044.788122974217,31082.48000208625
t1298,1745.5226362615501,361.248,2839.3579497544592,230.39100000000002,4406.373300234417,4169.015845000424,9856.425298864,310.84499999999997,6044.788122974217,29963.967153089066
t1299,1745.5226362615501,361.248,2839.3579497544592,230.39100000000002,4406.373300234417,4169.015845000424,8305.94106808706,310.84499999999997,6044.788122974217,28413.482922312127
t1300,1745.5226362615501,361.248,2839.3579497544592,230.39100000000002,4406.373300234417,2221.9018450004237,7436.561320034714,310.84499999999997,6044.788122974217,25596.98917425978
t1301,1745.5226362615501,361.248,2839.3579497544592,230.39100000000002,4406.373300234417,3809.1077510514247,6906.8009999999995,310.84499999999997,6044.788122974217,26654.434760276064
t1302,1745.5226362615501,361.248,2839.3579497544592,230.39100000000002,4406.373300234417,3883.4085476905075,6679.138273982524,310.84499999999997,6044.788122974217,26501.072830897672
t1303,1745.5226362615501,361.248,2839.3579497544592,230.39100000000002,4406.373300234417,1824.0874656489377,6157.593000000001,0.0,6044.788122974217,23609.36147487358
t1304,281.6998180710002,306.9996885070919,2012.5579497544593,0.0,4406.373300234417,735.9436980182777,6157.593000000001,0.0,5462.302625157382,19363.47007974263
t1305,281.6998180710002,324.09473127420597,1513.251589299191,0.0,4406.373300234417,0.0,6157.593000000001,0.0,5846.513903458451,18529.526342337267
t1306,281.6998180710002,245.49599999999998,1823.1941686839234,0.0,4406.373300234417,0.0,6157.593000000001,0.0,5304.565712372701,18218.921999362043
t1307,281.6998180710002,272.5758868077406,1789.0385991792848,0.0,4406.373300234417,0.0,6157.593000000001,0.0,5195.990427915046,18103.27103220749
t1308,281.6998180710002,321.82777248052196,1838.102694326553,0.0,4406.373300234417,0.0,6157.593000000001,0.0,6044.788122974217,19050.38470808671
t1309,281.6998180710002,361.248,1522.4547123524042,0.0,4406.373300234417,0.0,6157.593000000001,0.0,5786.907361278347,18516.27619193617
t1310,281.6998180710002,361.248,2012.5579497544593,125.03735573376001,4406.373300234417,0.0,6157.593000000001,0.0,6044.788122974217,19389.297546767855
t1311,820.3990941303853,361.248,2839.3579497544592,230.39100000000002,4406.373300234417,732.1352266169906,6157.593000000001,0.0,6044.788122974217,21592.28569371047
t1312,1745.5226362615501,361.248,2839.3579497544592,230.39100000000002,4406.373300234417,1364.061,6157.593000000001,0.0,6044.788122974217,23149.335009224644
t1313,1745.5226362615501,361.248,2839.3579497544592,230.39100000000002,4406.373300234417,1364.061,10082.407207977261,310.84499999999997,6044.788122974217,27384.994217201904
t1314,1745.5226362615501,417.477953865492,2839.3579497544592,531.0013576689721,4406.373300234417,4169.015845000424,11520.345,310.84499999999997,6044.788122974217,31984.72716575953
t1315,1745.5226362615501,447.98876479079996,2839.3579497544592,723.3851647305901,4406.373300234417,4224.3884403201755,11520.345,310.84499999999997,6044.788122974217,32262.99437906621
t1316,1745.5226362615501,419.43162981329993,2839.3579497544592,551.1926038500002,4406.373300234417,4169.015845000424,11520.345,310.84499999999997,6044.788122974217,32006.872087888365
t1317,1745.5226362615501,363.1046024524764,2839.3579497544592,306.23298201840004,4406.373300234417,4169.015845000424,11520.345,310.84499999999997,6044.788122974217,31705.585438695944
t1318,1745.5226362615501,361.248,2839.3579497544592,230.39100000000002,4406.373300234417,3311.175,11520.345,310.84499999999997,6044.788122974217,30770.04600922464
t1319,1745.5226362615501,361.248,2839.3579497544592,230.39100000000002,4406.373300234417,3572.5575188520675,11520.345,310.84499999999997,6044.788122974217,31031.42852807671
t1320,1745.5226362615501,361.248,2839.3579497544592,230.39100000000002,4406.373300234417,4169.015845000424,11520.345,310.84499999999997,6044.788122974217,31627.886854225068
t1321,1745.5226362615501,361.248,2839.3579497544592,230.39100000000002,4406.373300234417,3685.70184542013,10451.891523512833,310.84499999999997,6044.788122974217,30076.119378157604
t1322,1745.5226362615501,361.248,2839.3579497544592,230.39100000000002,4406.373300234417,4169.015845000424,9273.708945601073,310.84499999999997,6044.788122974217,29381.25079982614
t1323,1745.5226362615501,361.248,2839.3579497544592,230.39100000000002,4406.373300234417,4169.015845000424,6906.8009999999995,310.84499999999997,6044.788122974217,27014.342854225066
t1324,1745.5226362615501,361.248,2839.3579497544592,230.39100000000002,4406.373300234417,4060.299178442328,6860.28640607911,310.84499999999997,6044.788122974217,26859.11159374608
t1325,1745.5226362615501,361.248,2839.3579497544592,230.39100000000002,4406.373300234417,3067.45555269958,6373.615849624354,310.84499999999997,6044.788122974217,25379.597411548577
t1326,1745.5226362615501,361.248,2839.3579497544592,230.39100000000002,4406.373300234417,3256.5185140295025,6157.593000000001,156.64593879319116,6044.788122974217,25198.438462047336
t1327,321.44910138326424,361.248,2839.3579497544592,230.39100000000002,4406.373300234417,1561.2992300974652,6157.593000000001,0.0,5174.567148704992,21052.2787301746
t1328,281.6998180710002,237.9715797812818,2012.5579497544593,230.39100000000002,4406.373300234417,241.0140581870461,6157.593000000001,0.0,4795.566856376272,18363.16756240448
t1329,281.6998180710002,223.90842055558196,1533.8774667771545,170.35430121573017,4406.373300234417,880.0616464184244,6157.593000000001,0.0,3912.6774866826136,17566.545439954923
t1330,281.6998180710002,239.12692327162182,1745.520429544113,0.0,4406.373300234417,708.1373408442364,6157.593000000001,0.0,2459.8295892610504,15998.280401226439
t1331,281.6998180710002,259.081448419062,2002.6233936678018,0.0,4406.373300234417,341.4109208026194,6157.593000000001,0.0,4736.693205633821,18185.475086828723
t1332,281.6998180710002,279.5206014855765,1844.0661365914377,0.0,4406.373300234417,0.0,6157.593000000001,0.0,5749.56807915798,18718.82093554041
t1333,281.6998180710002,312.202675362522,1853.3749263859193,125.15295801040207,4406.373300234417,856.617322867302,6157.593000000001,0.0,5291.42796805648,19284.441968988045
t1334,281.6998180710002,324.29823248422196,1554.4564830833358,230.39100000000002,4406.373300234417,480.5343735597722,6157.593000000001,0.0,5558.712393630119,18994.05860106287
t1335,1106.511689957031,361.248,2839.3579497544592,230.39100000000002,4406.373300234417,1364.061,6157.593000000001,0.0,6044.788122974217,22510.32406292012
t1336,1745.5226362615501,361.248,2839.3579497544592,230.39100000000002,4406.373300234417,1364.061,6157.593000000001,310.84499999999997,6044.788122974217,23460.180009224645
t1337,1745.5226362615501,361.248,2839.3579497544592,230.39100000000002,4406.373300234417,1364.061,10322.389814290304,310.84499999999997,6044.788122974217,27624.976823514946
t1338,1745.5226362615501,396.5897607730921,2839.3579497544592,556.9770000000001,4406.373300234417,4169.015845000424,11520.345,310.84499999999997,7366.053745786268,33311.08023781021
t1339,1745.5226362615501,428.97007436400014,2839.3579497544592,780.1211074077119,4406.373300234417,5112.456499301857,11520.345,310.84499999999997,8710.433823669182,35854.42539099318
t1340,1745.5226362615501,396.8724219279001,2839.3579497544592,586.8990204242998,4406.373300234417,4905.268383058853,11520.345,310.84499999999997,7600.727226949043,34312.21093861052
t1341,1745.5226362615501,361.248,2839.3579497544592,556.9770000000001,4406.373300234417,4169.015845000424,11520.345,758.469113364636,7405.091498304435,33762.40034291992
t1342,1745.5226362615501,361.248,2839.3579497544592,242.75102868242539,4406.373300234417,4169.015845000424,11520.345,310.84499999999997,6759.493122974218,32354.95188290749
t1343,1745.5226362615501,361.248,2839.3579497544592,230.39100000000002,4406.373300234417,3426.4741809938837,11520.345,503.40227237822376,6653.226939959228,31686.341279581764
t1344,1745.5226362615501,361.248,2839.3579497544592,230.39100000000002,4406.373300234417,3974.2456868244185,11520.345,623.0510704804242,6093.4405038865,31793.97514744177
t1345,1745.5226362615501,361.248,2839.3579497544592,230.39100000000002,4406.373300234417,2221.9018450004237,6157.593000000001,310.84499999999997,6044.788122974217,24318.020854225066
t1346,1745.5226362615501,361.248,2839.3579497544592,230.39100000000002,4406.373300234417,3912.110290922772,6157.593000000001,48.90874422800405,6044.788122974217,25746.293044375416
t1347,1605.1114045918678,361.248,2839.3579497544592,230.39100000000002,4406.373300234417,3156.697246567609,6157.593000000001,0.0,5956.58215191119,24713.354053059542
t1348,1610.8354009348675,361.248,2839.3579497544592,230.39100000000002,4406.373300234417,1921.2030875776552,6157.593000000001,0.0,5734.511012697497,23261.512751198898
t1349,1745.5226362615501,361.248,2839.3579497544592,230.39100000000002,4406.373300234417,2221.9018450004237,6157.593000000001,0.0,6044.788122974217,24007.175854225065
t1350,1745.5226362615501,361.248,2839.3579497544592,230.39100000000002,4406.373300234417,2221.9018450004237,6157.593000000001,177.6795702502293,6044.788122974217,24184.855424475292
t1351,738.4729140888188,361.248,2839.3579497544592,230.39100000000002,4406.373300234417,4169.015845000424,6157.593000000001,0.0,5514.080493513465,24416.532502591584
t1352,281.6998180710002,155.85901915300187,1790.4161022555402,230.39100000000002,4406.373300234417,3311.175,6157.593000000001,0.0,1579.824,17913.33123971396
t1353,281.6998180710002,51.19800000000001,1227.4006163242395,0.0,4406.373300234417,1364.061,6157.593000000001,0.0,1579.824,15068.149734629658
t1354,281.6998180710002,51.19800000000001,833.9347817481108,0.0,4406.373300234417,0.0,4638.180400063732,0.0,1579.824,11791.210300117262
t1355,281.6998180710002,51.19800000000001,612.0645022459503,0.0,4406.373300234417,0.0,3158.4581747903603,0.0,1579.824,10089.617795341728
t1356,281.6998180710002,51.19800000000001,554.1522128744807,0.0,4406.373300234417,0.0,3524.6643347454647,0.0,1579.824,10397.911665925363
t1357,281.6998180710002,51.19800000000001,628.6008375544737,0.0,4406.373300234417,0.0,1331.385474683752,0.0,1579.824,8279.081430543643
t1358,281.6998180710002,51.19800000000001,842.226057258413,0.0,4406.373300234417,0.0,2334.210512716368,0.0,1579.824,9495.5316882802
t1359,281.6998180710002,188.41052672548193,1037.0822319085223,0.0,4406.373300234417,0.0,3788.4723490994425,0.0,1579.824,11281.862226038864
t1360,281.6998180710002,241.84438204474185,1444.015314534135,0.0,4406.373300234417,974.3443110454034,6157.593000000001,0.0,1579.824,15085.694125929698
t1361,965.5572754146408,361.248,2839.3579497544592,230.39100000000002,4406.373300234417,2297.590789089227,6157.593000000001,0.0,5813.817118720097,23071.92843321284
t1362,1745.5226362615501,361.248,2839.3579497544592,230.39100000000002,4406.373300234417,2221.9018450004237,6157.593000000001,310.84499999999997,6044.788122974217,24318.020854225066
t1363,1745.5226362615501,361.248,2839.3579497544592,230.39100000000002,4406.373300234417,3311.175,6157.593000000001,310.84499999999997,6044.788122974217,25407.294009224643
t1364,1745.5226362615501,361.248,2839.3579497544592,230.39100000000002,4406.373300234417,4169.015845000424,6157.593000000001,310.84499999999997,6044.788122974217,26265.134854225067
t1365,1745.5226362615501,361.248,2839.3579497544592,230.39100000000002,4406.373300234417,3311.175,6157.593000000001,310.84499999999997,6044.788122974217,25407.294009224643
t1366,1745.5226362615501,361.248,2839.3579497544592,230.39100000000002,4406.373300234417,4169.015845000424,6157.593000000001,310.84499999999997,6044.788122974217,26265.134854225067
t1367,1745.5226362615501,361.248,2839.3579497544592,230.39100000000002,4406.373300234417,4169.015845000424,6157.593000000001,310.84499999999997,6044.788122974217,26265.134854225067
t1368,1745.5226362615501,361.248,2839.3579497544592,230.39100000000002,4406.373300234417,2221.9018450004237,6157.593000000001,310.84499999999997,6044.788122974217,24318.020854225066
t1369,1745.5226362615501,361.248,2839.3579497544592,230.39100000000002,4406.373300234417,2221.9018450004237,6157.593000000001,310.84499999999997,6044.788122974217,24318.020854225066
t1370,1745.5226362615501,361.248,2839.3579497544592,230.39100000000002,4406.373300234417,4136.171462052361,6157.593000000001,58.86592677122372,6044.788122974217,25980.311398048227
t1371,1665.3544233165628,361.248,2839.3579497544592,230.39100000000002,4406.373300234417,3356.705825195076,6157.593000000001,0.0,6044.788122974217,25061.81162147473
t1372,1607.8466288992681,361.248,2839.3579497544592,230.39100000000002,4406.373300234417,3038.719245213564,6157.593000000001,0.0,5763.491345880181,24405.02046998189
t1373,1745.5226362615501,361.248,2839.3579497544592,230.39100000000002,4406.373300234417,3330.2069495201163,6157.593000000001,0.0,6044.788122974217,25115.480958744756
t1374,1745.5226362615501,361.248,2839.3579497544592,230.39100000000002,4406.373300234417,4169.015845000424,6157.593000000001,72.37297991672622,6044.788122974217,26026.662834141793
t1375,743.1664596577472,361.248,2839.3579497544592,230.39100000000002,4406.373300234417,2221.9018450004237,6157.593000000001,0.0,5589.899931572237,22549.931486219284
t1376,281.6998180710002,165.76479110050195,1857.4279474760888,230.39100000000002,4406.373300234417,4162.747464846793,6157.593000000001,0.0,1579.824,18841.821321728803
t1377,281.6998180710002,51.19800000000001,1312.3173712012474,230.39100000000002,4406.373300234417,1364.061,6157.593000000001,0.0,1579.824,15383.457489506665
t1378,281.6998180710002,51.19800000000001,911.4868003770222,0.0,4406.373300234417,395.5183916761835,4785.1050000000005,0.0,1579.824,12411.205310358624
t1379,281.6998180710002,51.19800000000001,709.8623297868667,0.0,4406.373300234417,1201.7822478648254,3396.570445603091,0.0,1579.824,11627.3101415602
t1380,281.6998180710002,51.19800000000001,670.0724997526266,0.0,4406.373300234417,0.0,3728.373027340301,0.0,1579.824,10717.540645398345
t1381,281.6998180710002,51.19800000000001,738.6768985511467,0.0,4406.373300234417,0.0,2977.3990786088325,0.0,1579.824,10035.171095465397
t1382,281.6998180710002,181.58568235498203,961.5306367486265,0.0,4406.373300234417,0.0,2680.4960200021687,0.0,1579.824,10091.509457411195
t1383,281.6998180710002,257.398873275072,1206.0196918278018,0.0,4406.373300234417,0.0,4382.1547168533225,0.0,1579.824,12113.470400261613
t1384,281.6998180710002,281.35527868044596,1627.087335527372,0.0,4406.373300234417,1363.1324656820816,6157.593000000001,0.0,1579.824,15697.065198195318
t1385,1468.7712681052112,361.248,2839.3579497544592,230.39100000000002,4406.373300234417,1364.061,6157.593000000001,0.0,6044.788122974217,22872.5836410683
t1386,1745.5226362615501,361.248,2839.3579497544592,230.39100000000002,4406.373300234417,4169.015845000424,6157.593000000001,310.84499999999997,6044.788122974217,26265.134854225067
t1387,1745.5226362615501,361.248,2839.3579497544592,230.39100000000002,4406.373300234417,3311.175,6157.593000000001,310.84499999999997,6044.788122974217,25407.294009224643
t1388,1745.5226362615501,361.248,2839.3579497544592,230.39100000000002,4406.373300234417,2788.715342243042,6157.593000000001,310.84499999999997,6044.788122974217,24884.834351467685
t1389,1745.5226362615501,361.248,2839.3579497544592,230.39100000000002,4406.373300234417,4169.015845000424,6157.593000000001,310.84499999999997,6044.788122974217,26265.134854225067
t1390,1745.5226362615501,361.248,2839.3579497544592,230.39100000000002,4406.373300234417,4169.015845000424,6157.593000000001,310.84499999999997,6044.788122974217,26265.134854225067
t1391,1745.5226362615501,361.248,2839.3579497544592,230.39100000000002,4406.373300234417,3311.175,6157.593000000001,310.84499999999997,6044.788122974217,25407.294009224643
t1392,1745.5226362615501,361.248,2839.3579497544592,230.39100000000002,4406.373300234417,3311.175,6157.593000000001,310.84499999999997,6044.788122974217,25407.294009224643
t1393,1745.5226362615501,361.248,2839.3579497544592,230.39100000000002,4406.373300234417,3311.175,6157.593000000001,310.84499999999997,6044.788122974217,25407.294009224643
t1394,1745.5226362615501,361.248,2839.3579497544592,230.39100000000002,4406.373300234417,4169.015845000424,6157.593000000001,52.68226338646794,6044.788122974217,26006.972117611534
t1395,1643.1134709728224,361.248,2839.3579497544592,230.39100000000002,4406.373300234417,3432.838628139847,6157.593000000001,0.0,6044.788122974217,25115.703472075762
t1396,1592.9574445918677,361.248,2839.3579497544592,230.39100000000002,4406.373300234417,3080.964334302,6157.593000000001,0.0,5666.968277141744,24335.853306024488
t1397,1745.5226362615501,361.248,2839.3579497544592,230.39100000000002,4406.373300234417,3450.224260920491,6157.593000000001,0.0,6044.788122974217,25235.498270145134
t1398,1745.5226362615501,361.248,2839.3579497544592,230.39100000000002,4406.373300234417,4169.015845000424,6157.593000000001,85.91687341757562,6044.788122974217,26040.206727642642
t1399,791.8055179987736,361.248,2839.3579497544592,230.39100000000002,4406.373300234417,3311.175,6157.593000000001,0.0,5595.906623859076,23693.850391846725
t1400,281.6998180710002,212.22701896372192,1768.4672876814195,230.39100000000002,4406.373300234417,4160.073318588847,6157.593000000001,0.0,1579.824,18796.64874353941
t1401,281.6998180710002,178.35439958572198,1252.7383106461914,230.39100000000002,4406.373300234417,1364.061,6157.593000000001,0.0,1579.824,15451.034828537331
t1402,281.6998180710002,149.58086081278188,919.8472946933593,0.0,4406.373300234417,1364.061,4785.1050000000005,0.0,1579.824,13486.49127381156
t1403,281.6998180710002,120.62877916858206,747.9600466511491,0.0,4406.373300234417,271.5665651733452,4146.7649910977425,0.0,1579.824,11554.817500396237
t1404,281.6998180710002,229.435061578212,675.1251024993092,0.0,4406.373300234417,638.5698964386124,2669.84090696932,0.0,1579.824,10480.86808579087
t1405,281.6998180710002,173.8480524879766,727.6794818297192,0.0,4406.373300234417,693.22128699164,4632.839135765762,0.0,1579.824,12495.485075380515
t1406,281.6998180710002,211.331198485182,974.1619312206957,0.0,4406.373300234417,0.0,4785.1050000000005,0.0,1579.824,12238.495248011295
t1407,281.6998180710002,252.407275285122,1218.2258021940145,0.0,4406.373300234417,0.0,6157.593000000001,0.0,1579.824,13896.123195784556
t1408,281.6998180710002,314.0326809971221,1713.7147448936703,0.0,4406.373300234417,566.1654482575834,6157.593000000001,0.0,2644.7149568273558,16084.29394928115
t1409,1745.5226362615501,361.248,2839.3579497544592,230.39100000000002,4406.373300234417,2958.0343305249394,6157.593000000001,0.0,6044.788122974217,24743.308339749583
t1410,1745.5226362615501,361.248,2839.3579497544592,230.39100000000002,4406.373300234417,4169.015845000424,6906.8009999999995,310.84499999999997,6044.788122974217,27014.342854225066
t1411,1745.5226362615501,361.248,2839.3579497544592,230.39100000000002,4406.373300234417,4169.015845000424,6632.760927626958,310.84499999999997,6044.788122974217,26740.302781852024
t1412,1745.5226362615501,361.248,2839.3579497544592,230.39100000000002,4406.373300234417,4169.015845000424,6157.593000000001,310.84499999999997,6044.788122974217,26265.134854225067
t1413,1745.5226362615501,361.248,2839.3579497544592,230.39100000000002,4406.373300234417,2221.9018450004237,6157.593000000001,310.84499999999997,6044.788122974217,24318.020854225066
t1414,1745.5226362615501,361.248,2839.3579497544592,230.39100000000002,4406.373300234417,4169.015845000424,6157.593000000001,310.84499999999997,6044.788122974217,26265.134854225067
t1415,1745.5226362615501,361.248,2839.3579497544592,230.39100000000002,4406.373300234417,4169.015845000424,6157.593000000001,310.84499999999997,6044.788122974217,26265.134854225067
t1416,1745.5226362615501,361.248,2839.3579497544592,230.39100000000002,4406.373300234417,3311.175,6157.593000000001,310.84499999999997,6044.788122974217,25407.294009224643
t1417,1745.5226362615501,361.248,2839.3579497544592,230.39100000000002,4406.373300234417,4169.015845000424,6157.593000000001,310.84499999999997,6044.788122974217,26265.134854225067
t1418,1745.5226362615501,361.248,2839.3579497544592,230.39100000000002,4406.373300234417,4162.759574879689,6157.593000000001,44.32493787461995,6044.788122974217,25992.35852197895
t1419,1745.5226362615501,361.248,2839.3579497544592,230.39100000000002,4406.373300234417,2221.9018450004237,6157.593000000001,0.0,6044.788122974217,24007.175854225065
t1420,1566.346787789268,361.248,2839.3579497544592,230.39100000000002,4406.373300234417,3067.5380053040226,6157.593000000001,0.0,6011.363557754084,24640.21160083625
t1421,1745.5226362615501,361.248,2839.3579497544592,230.39100000000002,4406.373300234417,3432.0154827570714,6157.593000000001,0.0,6044.788122974217,25217.289491981715
t1422,1745.5226362615501,361.248,2839.3579497544592,230.39100000000002,4406.373300234417,2221.9018450004237,6157.593000000001,305.3328692640812,6044.788122974217,24312.508723489147
t1423,1745.5226362615501,361.248,2839.3579497544592,230.39100000000002,4406.373300234417,4169.015845000424,6157.593000000001,0.0,6044.788122974217,25954.289854225066
t1424,311.2763821108211,361.248,2839.3579497544592,230.39100000000002,4406.373300234417,4169.015845000424,6157.593000000001,0.0,5532.637527792529,24007.893004892652
t1425,281.6998180710002,280.1179436209919,1761.453410805506,230.39100000000002,4406.373300234417,2002.9342790224405,6157.593000000001,0.0,3027.3294475676557,18147.892199322014
t1426,281.6998180710002,197.49648621224242,1357.7718913136043,0.0,4406.373300234417,612.2882248166325,6157.593000000001,0.0,1635.6977879830117,14648.920508630908
t1427,281.6998180710002,177.8659499575619,987.0220378388199,0.0,4406.373300234417,0.0,6157.593000000001,0.0,1776.8670247058935,13787.421130807692
t1428,281.6998180710002,207.83969213994595,989.7204082859781,0.0,4406.373300234417,639.6756812198263,6157.593000000001,0.0,1667.2523337691616,14350.15423372033
t1429,281.6998180710002,255.50483716864204,931.2761550245541,0.0,4406.373300234417,0.0,6157.593000000001,0.0,2759.9575627982003,14792.404673296816
t1430,281.6998180710002,245.49599999999998,1124.618290161464,0.0,4406.373300234417,1364.061,6157.593000000001,0.0,1579.824,15159.665408466883
t1431,281.6998180710002,261.3112832891821,1428.892255508527,0.0,4406.373300234417,1364.061,6157.593000000001,0.0,4225.828122974217,18125.758780077344
t1432,281.6998180710002,361.248,2005.7606094460461,230.39100000000002,4406.373300234417,1403.9152365108685,6157.593000000001,0.0,4487.771117654248,19334.75208191658
t1433,1745.5226362615501,361.248,2839.3579497544592,230.39100000000002,4406.373300234417,3761.764826379986,6157.593000000001,310.84499999999997,6044.788122974217,25857.88383560463
t1434,1745.5226362615501,361.248,2839.3579497544592,230.39100000000002,4406.373300234417,4169.015845000424,6906.8009999999995,310.84499999999997,6044.788122974217,27014.342854225066
t1435,1745.5226362615501,361.248,2839.3579497544592,230.39100000000002,4406.373300234417,4169.015845000424,6321.477245484196,310.84499999999997,6044.788122974217,26429.01909970926
t1436,1745.5226362615501,361.248,2839.3579497544592,230.39100000000002,4406.373300234417,2622.6354564992757,6157.593000000001,310.84499999999997,6044.788122974217,24718.75446572392
t1437,1745.5226362615501,361.248,2839.3579497544592,230.39100000000002,4406.373300234417,3247.0070434302174,6157.593000000001,310.84499999999997,6044.788122974217,25343.12605265486
t1438,1745.5226362615501,361.248,2839.3579497544592,230.39100000000002,4406.373300234417,3311.175,6157.593000000001,310.84499999999997,6044.788122974217,25407.294009224643
t1439,1745.5226362615501,361.248,2839.3579497544592,230.39100000000002,4406.373300234417,4169.015845000424,6157.593000000001,310.84499999999997,6044.788122974217,26265.134854225067
t1440,1745.5226362615501,361.248,2839.3579497544592,230.39100000000002,4406.373300234417,2585.796212520555,6157.593000000001,310.84499999999997,6044.788122974217,24681.9152217452
t1441,1745.5226362615501,361.248,2839.3579497544592,230.39100000000002,4406.373300234417,2221.9018450004237,6157.593000000001,310.84499999999997,6044.788122974217,24318.020854225066
t1442,1745.5226362615501,361.248,2839.3579497544592,230.39100000000002,4406.373300234417,4147.560683599206,6157.593000000001,73.85179305301179,6044.788122974217,26006.68648587686
t1443,1745.5226362615501,361.248,2839.3579497544592,230.39100000000002,4406.373300234417,2439.18117801202,6157.593000000001,0.0,6044.788122974217,24224.45518723666
t1444,1561.9202283298678,361.248,2839.3579497544592,230.39100000000002,4406.373300234417,3024.562671643465,6157.593000000001,0.0,5990.627679656184,24572.073829618395
t1445,1745.5226362615501,361.248,2839.3579497544592,230.39100000000002,4406.373300234417,3354.5913853788597,6157.593000000001,0.0,6044.788122974217,25139.8653946035
t1446,1745.5226362615501,361.248,2839.3579497544592,230.39100000000002,4406.373300234417,4169.015845000424,6157.593000000001,278.0167808711281,6044.788122974217,26232.306635096193
t1447,1745.5226362615501,361.248,2839.3579497544592,230.39100000000002,4406.373300234417,4169.015845000424,6157.593000000001,0.0,6044.788122974217,25954.289854225066
t1448,281.6998180710002,246.55519855212594,2793.188875240201,230.39100000000002,4406.373300234417,2653.8902701267934,6157.593000000001,0.0,3086.5923039254644,19856.28376615
t1449,281.6998180710002,137.42393140192195,1355.3829006589651,230.39100000000002,4406.373300234417,1426.3816757307845,6157.593000000001,0.0,1579.824,15575.06962609709
t1450,281.6998180710002,153.16323407374188,971.488049896094,0.0,4406.373300234417,1364.061,6157.593000000001,0.0,1579.824,14914.202402275254
t1451,281.6998180710002,114.29466598084198,834.5577892689384,0.0,4406.373300234417,923.6403737543919,5669.182797878676,0.0,1579.824,13809.572745188267
t1452,281.6998180710002,175.31676032158182,867.2935472925316,0.0,4406.373300234417,0.0,6154.690491848005,0.0,1579.824,13465.197917767537
t1453,281.6998180710002,179.046938138142,996.0353275151718,0.0,4406.373300234417,0.0,6157.593000000001,0.0,2012.7590131542252,14033.507397112957
t1454,281.6998180710002,222.3588838031566,1155.135726506445,0.0,4406.373300234417,0.0,6157.593000000001,0.0,1579.824,13802.98472861502
t1455,281.6998180710002,261.14413471408193,1426.4897024178897,24.133588060889927,4406.373300234417,1364.061,6157.593000000001,0.0,1873.8203896317925,15795.314933130072
t1456,281.6998180710002,355.90006023457187,1882.754586257873,88.50942993687602,4406.373300234417,969.1007412694548,6157.593000000001,0.0,3878.8255551061093,18020.756491110304
t1457,1745.5226362615501,361.248,2839.3579497544592,230.39100000000002,4406.373300234417,3923.1700496753215,6157.593000000001,0.0,6044.788122974217,25708.444058899964
t1458,1745.5226362615501,361.248,2839.3579497544592,230.39100000000002,4406.373300234417,4169.015845000424,6157.593000000001,310.84499999999997,6044.788122974217,26265.134854225067
t1459,1745.5226362615501,361.248,2839.3579497544592,230.39100000000002,4406.373300234417,3463.253347744283,6157.593000000001,310.84499999999997,6044.788122974217,25559.37235696893
t1460,1745.5226362615501,361.248,2839.3579497544592,230.39100000000002,4406.373300234417,4169.015845000424,6157.593000000001,310.84499999999997,6044.788122974217,26265.134854225067
t1461,1745.5226362615501,361.248,2839.3579497544592,230.39100000000002,4406.373300234417,4169.015845000424,6157.593000000001,310.84499999999997,6044.788122974217,26265.134854225067
t1462,1745.5226362615501,361.248,2839.3579497544592,230.39100000000002,4406.373300234417,4169.015845000424,6157.593000000001,310.84499999999997,6044.788122974217,26265.134854225067
t1463,1745.5226362615501,361.248,2839.3579497544592,230.39100000000002,4406.373300234417,3311.175,6157.593000000001,310.84499999999997,6044.788122974217,25407.294009224643
t1464,1745.5226362615501,361.248,2839.3579497544592,230.39100000000002,4406.373300234417,4169.015845000424,6157.593000000001,310.84499999999997,6044.788122974217,26265.134854225067
t1465,1745.5226362615501,361.248,2839.3579497544592,230.39100000000002,4406.373300234417,4169.015845000424,6157.593000000001,310.84499999999997,6044.788122974217,26265.134854225067
t1466,1745.5226362615501,361.248,2839.3579497544592,230.39100000000002,4406.373300234417,4169.015845000424,6157.593000000001,82.19498136351602,6044.788122974217,26036.48483558858
t1467,1574.481229411068,361.248,2839.3579497544592,230.39100000000002,4406.373300234417,3424.9664302888723,6157.593000000001,0.0,5936.0450869560045,24930.45599664482
t1468,1570.4617110328675,361.248,2839.3579497544592,230.39100000000002,4406.373300234417,1364.061,6157.593000000001,0.0,5344.0705500180275,22273.556511039773
t1469,1581.4009029874678,361.248,2839.3579497544592,230.39100000000002,4406.373300234417,2770.7571815487368,6157.593000000001,0.0,5126.823732327265,23473.945066852346
t1470,1610.638668835668,361.248,2839.3579497544592,230.39100000000002,4406.373300234417,2998.1482331045345,6157.593000000001,0.0,5526.615722429716,24130.365874358795
t1471,602.0392324485227,361.248,2839.3579497544592,230.39100000000002,4406.373300234417,2116.973431635191,6157.593000000001,0.0,2720.0186226943924,19433.994536766982
t1472,281.6998180710002,186.2637921591419,2004.2570916894053,0.0,4406.373300234417,1283.0624713449783,3581.2013619899235,0.0,1579.824,13322.681835488867
t1473,281.6998180710002,121.07888491324198,1502.7358848166207,0.0,4406.373300234417,0.0,2158.706571622832,0.0,1579.824,10050.418459658113
t1474,281.6998180710002,135.59337774268994,1343.1997595507726,0.0,4406.373300234417,0.0,3709.3942556428487,0.0,1579.824,11456.084511241728
t1475,281.6998180710002,127.70071003198197,1172.7876682794454,0.0,4406.373300234417,0.0,3392.7688041534116,0.0,1579.824,10961.154300770257
t1476,281.6998180710002,51.19800000000001,1202.8083783856443,0.0,4406.373300234417,0.0,2979.6844144674164,0.0,1579.824,10501.587911158478
t1477,281.6998180710002,219.49946730610188,1321.0059675617674,0.0,4406.373300234417,0.0,3442.6935539456904,0.0,1579.824,11251.096107118978
t1478,281.6998180710002,245.49599999999998,1267.9259819871581,0.0,4406.373300234417,0.0,3160.452048504464,0.0,1579.824,10941.771148797041
t1479,281.6998180710002,307.08652950624594,1600.1152683252446,0.0,4406.373300234417,0.0,6157.593000000001,0.0,1579.824,14332.69191613691
t1480,281.6998180710002,361.248,2335.6463259049606,213.70846095433805,4406.373300234417,1364.061,6157.593000000001,0.0,4405.995918462866,19526.325823627583
t1481,1745.5226362615501,361.248,2839.3579497544592,230.39100000000002,4406.373300234417,2662.5127383506497,6157.593000000001,30.491307468716844,6044.788122974217,24478.278055044007
t1482,1745.5226362615501,361.248,2839.3579497544592,230.39100000000002,4406.373300234417,2775.486271916955,6157.593000000001,310.84499999999997,6044.788122974217,24871.605281141598
t1483,1745.5226362615501,361.248,2839.3579497544592,230.39100000000002,4406.373300234417,4169.015845000424,6157.593000000001,310.84499999999997,6044.788122974217,26265.134854225067
t1484,1745.5226362615501,361.248,2839.3579497544592,230.39100000000002,4406.373300234417,4169.015845000424,6157.593000000001,0.0,6044.788122974217,25954.289854225066
t1485,1745.5226362615501,361.248,2839.3579497544592,230.39100000000002,4406.373300234417,4169.015845000424,6157.593000000001,304.9657592210999,6044.788122974217,26259.255613446167
t1486,1745.5226362615501,361.248,2839.3579497544592,230.39100000000002,4406.373300234417,3311.175,6157.593000000001,0.0,6044.788122974217,25096.44900922464
t1487,1745.5226362615501,361.248,2839.3579497544592,230.39100000000002,4406.373300234417,2221.9018450004237,6157.593000000001,310.84499999999997,6044.788122974217,24318.020854225066
t1488,1745.5226362615501,361.248,2839.3579497544592,230.39100000000002,4406.373300234417,4169.015845000424,6157.593000000001,0.0,6044.788122974217,25954.289854225066
t1489,1745.5226362615501,361.248,2839.3579497544592,230.39100000000002,4406.373300234417,4169.015845000424,6157.593000000001,269.4802592104499,6044.788122974217,26223.770113435516
t1490,1745.5226362615501,361.248,2839.3579497544592,230.39100000000002,4406.373300234417,4169.015845000424,6157.593000000001,0.0,6044.788122974217,25954.289854225066
t1491,1542.903409969068,361.248,2839.3579497544592,230.39100000000002,4406.373300234417,3465.405557268605,6157.593000000001,0.0,5506.302747398929,24509.574964625477
t1492,1530.5009841670678,361.248,2839.3579497544592,230.39100000000002,4406.373300234417,2885.1356414002626,6157.593000000001,0.0,4882.898136415456,23293.498011971664
t1493,1546.891126725468,361.248,2839.3579497544592,230.39100000000002,4406.373300234417,2728.1049177103437,6157.593000000001,0.0,4771.838308483355,23041.797602908046
t1494,1559.090031573468,361.248,2839.3579497544592,230.39100000000002,4406.373300234417,2867.1595300979707,6157.593000000001,0.0,5257.273195960364,23678.486007620682
t1495,1339.636946833595,361.248,2839.3579497544592,230.39100000000002,4406.373300234417,1587.3693177138903,6157.593000000001,0.0,3340.611799289882,20262.581313826246
t1496,281.6998180710002,358.39280659093197,1967.4592621323513,0.0,4406.373300234417,1026.9984211700778,6157.593000000001,0.0,1579.824,15778.34060819878
t1497,281.6998180710002,245.49599999999998,1878.4807192509775,0.0,4406.373300234417,0.0,6157.593000000001,0.0,1579.824,14549.466837556396
t1498,281.6998180710002,222.46567387818462,1421.191366595234,0.0,4406.373300234417,0.0,5347.06857573851,0.0,1579.824,13258.622734517347
t1499,281.6998180710002,166.6025882639519,1034.4335346252815,0.0,4406.373300234417,0.0,2133.2201105929576,0.0,1579.824,9602.153351787609
t1500,281.6998180710002,261.8659345246321,964.8658842853201,0.0,4406.373300234417,0.0,5150.953595931778,0.0,1579.824,12645.582533047149
t1501,281.6998180710002,245.49599999999998,1178.5444816041918,0.0,4406.373300234417,0.0,6157.593000000001,0.0,1579.824,13849.53059990961
t1502,281.6998180710002,312.2229889910519,1368.383294387505,0.0,4406.373300234417,0.0,5937.923631175839,0.0,1579.824,13886.427032859814
t1503,281.6998180710002,361.248,1555.2435836846846,0.0,4406.373300234417,0.0,6157.593000000001,0.0,3099.8876540151878,15862.045356005288
t1504,306.48851703503453,361.248,2839.3579497544592,230.39100000000002,4406.373300234417,204.913440313411,6157.593000000001,0.0,5377.938998278577,19884.3042056159
t1505,1745.5226362615501,361.248,2839.3579497544592,230.39100000000002,4406.373300234417,1884.5551851817595,6157.593000000001,310.84499999999997,6044.788122974217,23980.6741944064
t1506,1745.5226362615501,361.248,2839.3579497544592,230.39100000000002,4406.373300234417,4169.015845000424,6157.593000000001,310.84499999999997,6044.788122974217,26265.134854225067
t1507,1745.5226362615501,361.248,2839.3579497544592,230.39100000000002,4406.373300234417,2221.9018450004237,6157.593000000001,310.84499999999997,6044.788122974217,24318.020854225066
t1508,1745.5226362615501,361.248,2839.3579497544592,230.39100000000002,4406.373300234417,4169.015845000424,6157.593000000001,310.84499999999997,6044.788122974217,26265.134854225067
t1509,1745.5226362615501,361.248,2839.3579497544592,230.39100000000002,4406.373300234417,4169.015845000424,6157.593000000001,310.84499999999997,6044.788122974217,26265.134854225067
t1510,1745.5226362615501,361.248,2839.3579497544592,230.39100000000002,4406.373300234417,4169.015845000424,6157.593000000001,310.84499999999997,6044.788122974217,26265.134854225067
t1511,1745.5226362615501,361.248,2839.3579497544592,230.39100000000002,4406.373300234417,3176.690049398509,6157.593000000001,310.84499999999997,6044.788122974217,25272.809058623152
t1512,1745.5226362615501,361.248,2839.3579497544592,230.39100000000002,4406.373300234417,2690.424718397718,6157.593000000001,310.84499999999997,6044.788122974217,24786.543727622364
t1513,1745.5226362615501,361.248,2839.3579497544592,230.39100000000002,4406.373300234417,4169.015845000424,6157.593000000001,291.7198015438197,6044.788122974217,26246.009655768885
t1514,1745.5226362615501,361.248,2839.3579497544592,230.39100000000002,4406.373300234417,3311.175,6157.593000000001,54.32834473693183,6044.788122974217,25150.777353961574
t1515,1548.3984393478677,361.248,2839.3579497544592,230.39100000000002,4406.373300234417,3170.715135454818,6157.593000000001,0.0,5914.53069732499,24628.607522116552
t1516,1558.5176267716677,361.248,2839.3579497544592,230.39100000000002,4406.373300234417,1626.998351735449,6157.593000000001,0.0,5677.688701639847,22858.167930135838
t1517,1745.5226362615501,361.248,2839.3579497544592,230.39100000000002,4406.373300234417,3287.2758485516456,6157.593000000001,0.0,6044.788122974217,25072.54985777629
t1518,1745.5226362615501,361.248,2839.3579497544592,230.39100000000002,4406.373300234417,3311.175,6157.593000000001,94.41253307531353,6044.788122974217,25190.861542299954
t1519,1015.978301571115,361.248,2839.3579497544592,230.39100000000002,4406.373300234417,4169.015845000424,6157.593000000001,0.0,6044.788122974217,25224.74551953463
t1520,281.6998180710002,162.35401939408183,1779.9823393622974,230.39100000000002,4406.373300234417,1364.061,6157.593000000001,0.0,1579.824,15962.278477061798
t1521,281.6998180710002,51.19800000000001,1187.940268389577,0.0,4406.373300234417,1364.061,6157.593000000001,0.0,1579.824,15028.689386694996
t1522,281.6998180710002,51.19800000000001,827.0328524754253,0.0,4406.373300234417,1364.061,4634.804910026131,0.0,1579.824,13144.993880806975
t1523,281.6998180710002,51.19800000000001,647.3916460398252,0.0,4406.373300234417,0.0,2275.7670000000003,0.0,1579.824,9242.253764345243
t1524,281.6998180710002,51.19800000000001,621.5991009778589,0.0,4406.373300234417,0.0,2275.7670000000003,0.0,1579.824,9216.461219283277
t1525,281.6998180710002,150.227060821782,725.217674558932,0.0,4406.373300234417,0.0,2275.7670000000003,0.0,1579.824,9419.108853686132
t1526,281.6998180710002,195.996546657102,948.9261159366051,0.0,4406.373300234417,131.47693022850063,5573.959614289971,0.0,1579.824,13118.256325417595
t1527,281.6998180710002,242.39790786070185,1342.692801641133,0.0,4406.373300234417,97.03096964223467,6157.593000000001,0.0,1579.824,14107.611797449488
t1528,281.6998180710002,324.78608070661653,1835.1597187187085,4.998078349452037,4406.373300234417,1249.49314476872,6157.593000000001,0.0,2486.7916166201594,16746.894757469076
t1529,1745.5226362615501,361.248,2839.3579497544592,230.39100000000002,4406.373300234417,3170.612348566205,6157.593000000001,17.20711872352505,6044.788122974217,24973.09347651437
t1530,1745.5226362615501,361.248,2839.3579497544592,230.39100000000002,4406.373300234417,4169.015845000424,6157.593000000001,310.84499999999997,6044.788122974217,26265.134854225067
t1531,1745.5226362615501,361.248,2839.3579497544592,230.39100000000002,4406.373300234417,3311.175,6157.593000000001,310.84499999999997,6044.788122974217,25407.294009224643
t1532,1745.5226362615501,361.248,2839.3579497544592,230.39100000000002,4406.373300234417,4169.015845000424,6157.593000000001,310.84499999999997,6044.788122974217,26265.134854225067
t1533,1745.5226362615501,361.248,2839.3579497544592,230.39100000000002,4406.373300234417,3311.175,6157.593000000001,310.84499999999997,6044.788122974217,25407.294009224643
t1534,1745.5226362615501,361.248,2839.3579497544592,230.39100000000002,4406.373300234417,4169.015845000424,6157.593000000001,310.84499999999997,6044.788122974217,26265.134854225067
t1535,1745.5226362615501,361.248,2839.3579497544592,230.39100000000002,4406.373300234417,3311.175,6157.593000000001,310.84499999999997,6044.788122974217,25407.294009224643
t1536,1745.5226362615501,361.248,2839.3579497544592,230.39100000000002,4406.373300234417,4169.015845000424,6157.593000000001,310.84499999999997,6044.788122974217,26265.134854225067
t1537,1745.5226362615501,361.248,2839.3579497544592,230.39100000000002,4406.373300234417,4169.015845000424,6157.593000000001,310.84499999999997,6044.788122974217,26265.134854225067
t1538,1745.5226362615501,361.248,2839.3579497544592,230.39100000000002,4406.373300234417,3311.175,6157.593000000001,58.50418760941213,6044.788122974217,25154.953196834053
t1539,1566.995506231068,361.248,2839.3579497544592,230.39100000000002,4406.373300234417,3311.175,6157.593000000001,0.0,6033.554204343553,24906.687960563497
t1540,1581.8846909518677,361.248,2839.3579497544592,230.39100000000002,4406.373300234417,3078.5704655736054,6157.593000000001,0.0,5652.250740498324,24307.669147012675
t1541,1745.5226362615501,361.248,2839.3579497544592,230.39100000000002,4406.373300234417,3311.175,6157.593000000001,0.0,6044.788122974217,25096.44900922464
t1542,1745.5226362615501,361.248,2839.3579497544592,230.39100000000002,4406.373300234417,3311.175,6157.593000000001,83.7585618728754,6044.788122974217,25180.20757109752
t1543,874.1720660601669,361.248,2839.3579497544592,230.39100000000002,4406.373300234417,3311.175,6157.593000000001,0.0,6044.788122974217,24225.09843902326
t1544,281.6998180710002,167.13200279362198,1853.0670496244977,230.39100000000002,4406.373300234417,3003.748655987301,6157.593000000001,0.0,1669.4660319582188,17769.470858669058
t1545,281.6998180710002,123.61501115056198,1358.858524652617,91.05464543649227,4406.373300234417,1364.061,5965.623715705295,0.0,1579.824,15171.110015250382
t1546,281.6998180710002,138.37080295679843,1307.370184251,0.0,4406.373300234417,1364.061,6157.593000000001,0.0,1579.824,15235.292105513217
t1547,281.6998180710002,124.90257041992197,1097.381120219692,0.0,4406.373300234417,1364.061,5125.845896031622,0.0,1579.824,13980.087704976653
t1548,281.6998180710002,166.95000000000002,1307.370184251,0.0,4406.373300234417,575.4536792235668,5546.467411997297,0.0,1579.824,13864.13839377728
t1549,281.6998180710002,213.153742456482,1307.370184251,0.0,4406.373300234417,1082.537074794883,6157.593000000001,0.0,1579.824,15028.551119807784
t1550,281.6998180710002,260.91826808452186,1514.6956113544165,0.0,4406.373300234417,1364.061,6157.593000000001,0.0,1579.824,15565.164997744356
t1551,281.6998180710002,316.558715396322,1948.7983502786624,0.0,4406.373300234417,1364.061,6157.593000000001,0.0,3484.2207280097864,17959.304911990188
t1552,281.6998180710002,344.59387338492587,2793.687819054342,17.013062245638,4406.373300234417,1364.061,6157.593000000001,0.0,4760.213517372291,20125.235390362614
t1553,1745.5226362615501,361.248,2839.3579497544592,230.39100000000002,4406.373300234417,2338.9973756593045,6157.593000000001,310.84499999999997,6044.788122974217,24435.116384883946
t1554,1745.5226362615501,361.248,2839.3579497544592,230.39100000000002,4406.373300234417,3311.175,6906.8009999999995,310.84499999999997,6044.788122974217,26156.50200922464
t1555,1745.5226362615501,361.248,2839.3579497544592,230.39100000000002,4406.373300234417,3311.175,6157.593000000001,310.84499999999997,6044.788122974217,25407.294009224643
t1556,1745.5226362615501,361.248,2839.3579497544592,230.39100000000002,4406.373300234417,3462.3437025785806,6157.593000000001,310.84499999999997,6044.788122974217,25558.462711803226
t1557,1745.5226362615501,361.248,2839.3579497544592,230.39100000000002,4406.373300234417,3311.175,6906.8009999999995,310.84499999999997,6044.788122974217,26156.50200922464
t1558,1745.5226362615501,361.248,2839.3579497544592,230.39100000000002,4406.373300234417,3550.7481822068503,6906.8009999999995,310.84499999999997,6044.788122974217,26396.075191431493
t1559,1745.5226362615501,361.248,2839.3579497544592,230.39100000000002,4406.373300234417,4169.015845000424,6157.593000000001,310.84499999999997,6044.788122974217,26265.134854225067
t1560,1745.5226362615501,361.248,2839.3579497544592,230.39100000000002,4406.373300234417,3311.175,6658.527675476259,310.84499999999997,6044.788122974217,25908.2286847009
t1561,1745.5226362615501,361.248,2839.3579497544592,230.39100000000002,4406.373300234417,3311.175,6157.593000000001,310.84499999999997,6044.788122974217,25407.294009224643
t1562,1745.5226362615501,361.248,2839.3579497544592,230.39100000000002,4406.373300234417,3311.175,6157.593000000001,147.06827957371186,6044.788122974217,25243.517288798354
t1563,1745.5226362615501,361.248,2839.3579497544592,230.39100000000002,4406.373300234417,3311.175,6157.593000000001,0.0,6044.788122974217,25096.44900922464
t1564,1632.8933539523644,361.248,2839.3579497544592,230.39100000000002,4406.373300234417,2377.232867471264,6157.593000000001,0.0,6044.788122974217,24049.87759438672
t1565,1745.5226362615501,361.248,2839.3579497544592,230.39100000000002,4406.373300234417,3311.175,6157.593000000001,0.0,6044.788122974217,25096.44900922464
t1566,1745.5226362615501,361.248,2839.3579497544592,230.39100000000002,4406.373300234417,4169.015845000424,6157.593000000001,310.84499999999997,6044.788122974217,26265.134854225067
t1567,1745.5226362615501,361.248,2839.3579497544592,230.39100000000002,4406.373300234417,4169.015845000424,6157.593000000001,0.0,6044.788122974217,25954.289854225066
t1568,281.6998180710002,178.49288829634193,2497.5111690650315,230.39100000000002,4406.373300234417,2804.0197387276244,6157.593000000001,0.0,2621.560183266294,19177.641097660708
t1569,281.6998180710002,140.57414142904202,1445.9601098582336,230.39100000000002,4406.373300234417,1364.061,6157.593000000001,0.0,1579.824,15606.476369592694
t1570,281.6998180710002,162.26988823606192,1307.370184251,0.0,4406.373300234417,1364.061,6157.593000000001,0.0,1579.824,15259.19119079248
t1571,281.6998180710002,194.94360056914192,784.2316401296845,0.0,4406.373300234417,1364.061,6006.073882166201,0.0,1579.824,14617.207241170445
t1572,281.6998180710002,166.95000000000002,714.9837726559643,0.0,4406.373300234417,635.4687790438784,5121.648846218276,0.0,1579.824,12906.948516223536
t1573,281.6998180710002,177.714443115582,817.1275574797072,0.0,4406.373300234417,0.0,5718.964119541226,0.0,1579.824,12981.703238441933
t1574,281.6998180710002,215.12073409270198,893.9453500703243,0.0,4406.373300234417,0.0,6157.593000000001,0.0,1579.824,13534.556202468444
t1575,281.6998180710002,292.8990169313219,1307.370184251,0.0,4406.373300234417,0.0,6157.593000000001,0.0,1579.824,14025.75931948774
t1576,281.6998180710002,348.02236026965846,1763.9622175189822,154.17340598869814,4406.373300234417,524.4545426690194,6157.593000000001,0.0,3639.748590180217,17276.027234931993
t1577,1745.5226362615501,361.248,2839.3579497544592,230.39100000000002,4406.373300234417,1364.061,6157.593000000001,310.84499999999997,6044.788122974217,23460.180009224645
t1578,1745.5226362615501,361.248,2839.3579497544592,230.39100000000002,4406.373300234417,4169.015845000424,6157.593000000001,310.84499999999997,6044.788122974217,26265.134854225067
t1579,1745.5226362615501,361.248,2839.3579497544592,230.39100000000002,4406.373300234417,3311.175,6906.8009999999995,310.84499999999997,6044.788122974217,26156.50200922464
t1580,1745.5226362615501,361.248,2839.3579497544592,230.39100000000002,4406.373300234417,4169.015845000424,6157.593000000001,310.84499999999997,6044.788122974217,26265.134854225067
t1581,1745.5226362615501,361.248,2839.3579497544592,230.39100000000002,4406.373300234417,4169.015845000424,6157.593000000001,310.84499999999997,6044.788122974217,26265.134854225067
t1582,1745.5226362615501,361.248,2839.3579497544592,230.39100000000002,4406.373300234417,3311.175,6691.339192138152,310.84499999999997,6044.788122974217,25941.040201362794
t1583,1745.5226362615501,361.248,2839.3579497544592,230.39100000000002,4406.373300234417,3401.589437476739,6157.593000000001,310.84499999999997,6044.788122974217,25497.70844670138
t1584,1745.5226362615501,361.248,2839.3579497544592,230.39100000000002,4406.373300234417,4169.015845000424,6157.593000000001,310.84499999999997,6044.788122974217,26265.134854225067
t1585,1745.5226362615501,361.248,2839.3579497544592,230.39100000000002,4406.373300234417,3311.175,6157.593000000001,310.84499999999997,6044.788122974217,25407.294009224643
t1586,1745.5226362615501,361.248,2839.3579497544592,230.39100000000002,4406.373300234417,3311.175,6157.593000000001,77.16199453544374,6044.788122974217,25173.611003760085
t1587,1745.5226362615501,361.248,2839.3579497544592,230.39100000000002,4406.373300234417,3291.3513296567694,6157.593000000001,0.0,6044.788122974217,25076.62533888141
t1588,1563.3194256904678,361.248,2839.3579497544592,230.39100000000002,4406.373300234417,3050.951235468127,6157.593000000001,0.0,5749.309390904671,24358.543302052145
t1589,1745.5226362615501,361.248,2839.3579497544592,230.39100000000002,4406.373300234417,2470.0355236409146,6157.593000000001,0.0,6044.788122974217,24255.309532865558
t1590,1745.5226362615501,361.248,2839.3579497544592,230.39100000000002,4406.373300234417,4169.015845000424,6157.593000000001,0.0,6044.788122974217,25954.289854225066
t1591,804.3712041296629,361.248,2839.3579497544592,230.39100000000002,4406.373300234417,3311.175,6157.593000000001,0.0,5783.752724020319,23894.26217813886
t1592,281.6998180710002,168.69681431254202,2202.3695395073714,230.39100000000002,4406.373300234417,1457.1231896090103,6157.593000000001,0.0,1579.824,16484.070661734342
t1593,281.6998180710002,51.19800000000001,1385.6370540418482,0.0,4406.373300234417,1364.061,3851.3566529259733,0.0,1579.824,12920.149825273238
t1594,281.6998180710002,51.19800000000001,1307.370184251,0.0,4406.373300234417,1364.061,4230.020123580609,0.0,1579.824,13220.546426137025
t1595,281.6998180710002,51.19800000000001,1074.655367017805,0.0,4406.373300234417,228.79136080241395,3612.625617670301,0.0,1579.824,11235.167463795937
t1596,281.6998180710002,51.19800000000001,573.4553632971442,0.0,4406.373300234417,0.0,2275.7670000000003,0.0,1579.824,9168.317481602562
t1597,281.6998180710002,134.41132494494428,649.3111410307921,0.0,4406.373300234417,54.772998937825385,4135.232740832377,0.0,1579.824,11241.625324051358
t1598,281.6998180710002,180.13175947444202,936.9289143962658,0.0,4406.373300234417,0.0,2275.7670000000003,0.0,1579.824,9660.724792176126
t1599,281.6998180710002,216.6311370454618,1307.370184251,0.0,4406.373300234417,0.0,6157.593000000001,0.0,1579.824,13949.49143960188
t1600,281.6998180710002,300.9301811133764,1616.5802732473421,0.0,4406.373300234417,1364.061,6157.593000000001,0.0,1579.824,15707.061572666136
t1601,1745.5226362615501,361.248,2839.3579497544592,230.39100000000002,4406.373300234417,2529.703395141375,6157.593000000001,0.0,6044.788122974217,24314.977404366018
t1602,1745.5226362615501,361.248,2839.3579497544592,230.39100000000002,4406.373300234417,4169.015845000424,6157.593000000001,310.84499999999997,6044.788122974217,26265.134854225067
t1603,1745.5226362615501,361.248,2839.3579497544592,230.39100000000002,4406.373300234417,3311.175,6157.593000000001,310.84499999999997,6044.788122974217,25407.294009224643
t1604,1745.5226362615501,361.248,2839.3579497544592,230.39100000000002,4406.373300234417,3367.5354933968706,6157.593000000001,310.84499999999997,6044.788122974217,25463.654502621514
t1605,1745.5226362615501,361.248,2839.3579497544592,230.39100000000002,4406.373300234417,4169.015845000424,6157.593000000001,310.84499999999997,6044.788122974217,26265.134854225067
t1606,1745.5226362615501,361.248,2839.3579497544592,230.39100000000002,4406.373300234417,3311.175,6157.593000000001,310.84499999999997,6044.788122974217,25407.294009224643
t1607,1745.5226362615501,361.248,2839.3579497544592,230.39100000000002,4406.373300234417,3311.175,6157.593000000001,310.84499999999997,6044.788122974217,25407.294009224643
t1608,1745.5226362615501,361.248,2839.3579497544592,230.39100000000002,4406.373300234417,3554.7904819635396,6157.593000000001,310.84499999999997,6044.788122974217,25650.909491188184
t1609,1745.5226362615501,361.248,2839.3579497544592,230.39100000000002,4406.373300234417,3311.175,6157.593000000001,277.574466563724,6044.788122974217,25374.023475788366
t1610,1745.5226362615501,361.248,2839.3579497544592,230.39100000000002,4406.373300234417,4169.015845000424,6157.593000000001,24.152808111905937,6044.788122974217,25978.442662336973
t1611,1649.7109936053746,361.248,2839.3579497544592,230.39100000000002,4406.373300234417,3311.175,6157.593000000001,0.0,6044.788122974217,25000.637366568466
t1612,1590.8840819524678,361.248,2839.3579497544592,230.39100000000002,4406.373300234417,3194.526067979808,6157.593000000001,0.0,5746.803647582913,24527.17704750407
t1613,1745.5226362615501,361.248,2839.3579497544592,230.39100000000002,4406.373300234417,3311.175,6157.593000000001,0.0,6044.788122974217,25096.44900922464
t1614,1745.5226362615501,361.248,2839.3579497544592,230.39100000000002,4406.373300234417,3311.175,6157.593000000001,310.84499999999997,6044.788122974217,25407.294009224643
t1615,1291.0025886326096,361.248,2839.3579497544592,230.39100000000002,4406.373300234417,3311.175,6157.593000000001,0.0,6044.788122974217,24641.928961595702
t1616,281.6998180710002,153.186737930742,1731.6836988764774,230.39100000000002,4406.373300234417,1578.3422613283021,6023.663110158866,0.0,1579.824,15985.163926599806
t1617,281.6998180710002,51.19800000000001,1307.370184251,0.0,4406.373300234417,1364.061,5844.260998909716,0.0,1579.824,14834.787301466135
t1618,281.6998180710002,51.19800000000001,815.0936098775808,0.0,4406.373300234417,1364.061,3721.1751710443036,0.0,1579.824,12219.424899227302
t1619,281.6998180710002,51.19800000000001,684.282662691748,0.0,4406.373300234417,1364.061,2275.7670000000003,0.0,1579.824,10643.205780997165
t1620,281.6998180710002,51.19800000000001,756.2836900799082,0.0,4406.373300234417,815.9568291982815,2275.7670000000003,0.0,1579.824,10167.102637583608
t1621,281.6998180710002,51.19800000000001,861.2546686867504,0.0,4406.373300234417,0.0,2275.7670000000003,0.0,1579.824,9456.116786992168
t1622,281.6998180710002,51.19800000000001,1307.370184251,0.0,4406.373300234417,328.2661448591042,5693.96791930566,0.0,1579.824,13648.699366721183
t1623,281.6998180710002,210.44317770712203,1307.370184251,0.0,4406.373300234417,678.3128738807872,6157.593000000001,0.0,1579.824,14621.616354144327
t1624,281.6998180710002,275.183177630682,1718.889926650504,19.755831891042128,4406.373300234417,1364.061,6157.593000000001,0.0,1955.9943315141243,16179.55038599177
t1625,1745.5226362615501,361.248,2839.3579497544592,230.39100000000002,4406.373300234417,1364.061,6157.593000000001,0.0,6044.788122974217,23149.335009224644
t1626,1745.5226362615501,361.248,2839.3579497544592,230.39100000000002,4406.373300234417,4169.015845000424,6157.593000000001,310.84499999999997,6044.788122974217,26265.134854225067
t1627,1745.5226362615501,361.248,2839.3579497544592,230.39100000000002,4406.373300234417,3311.175,6157.593000000001,310.84499999999997,6044.788122974217,25407.294009224643
t1628,1745.5226362615501,361.248,2839.3579497544592,230.39100000000002,4406.373300234417,3311.175,6157.593000000001,310.84499999999997,6044.788122974217,25407.294009224643
t1629,1745.5226362615501,361.248,2839.3579497544592,230.39100000000002,4406.373300234417,4169.015845000424,6157.593000000001,310.84499999999997,6044.788122974217,26265.134854225067
t1630,1745.5226362615501,361.248,2839.3579497544592,230.39100000000002,4406.373300234417,3311.175,6157.593000000001,205.63347652423997,6044.788122974217,25302.08248574888
t1631,1745.5226362615501,361.248,2839.3579497544592,230.39100000000002,4406.373300234417,4169.015845000424,6157.593000000001,310.84499999999997,6044.788122974217,26265.134854225067
t1632,1745.5226362615501,361.248,2839.3579497544592,230.39100000000002,4406.373300234417,4169.015845000424,6157.593000000001,310.84499999999997,6044.788122974217,26265.134854225067
t1633,1745.5226362615501,361.248,2839.3579497544592,230.39100000000002,4406.373300234417,3311.175,6157.593000000001,310.84499999999997,6044.788122974217,25407.294009224643
t1634,1745.5226362615501,361.248,2839.3579497544592,230.39100000000002,4406.373300234417,3311.175,6157.593000000001,79.96069471186186,6044.788122974217,25176.409703936504
t1635,1745.5226362615501,361.248,2839.3579497544592,230.39100000000002,4406.373300234417,3294.147775631041,6157.593000000001,0.0,6044.788122974217,25079.421784855684
t1636,1596.6256715042962,361.248,2839.3579497544592,230.39100000000002,4406.373300234417,2882.939670005112,6157.593000000001,0.0,6044.788122974217,24519.3167144725
t1637,1591.5900488530679,361.248,2839.3579497544592,230.39100000000002,4406.373300234417,2772.5811896257437,6157.593000000001,0.0,6020.76592886657,24379.90041733426
t1638,1745.5226362615501,361.248,2839.3579497544592,230.39100000000002,4406.373300234417,2942.7464784260033,6157.593000000001,0.0,6044.788122974217,24728.020487650643
t1639,776.3701395996245,361.248,2839.3579497544592,230.39100000000002,4406.373300234417,1687.2939648949698,6157.593000000001,0.0,3518.8759040302593,19977.50325851373
t1640,281.6998180710002,166.95000000000002,1644.7950928419793,0.0,4406.373300234417,1364.061,3106.3732105856457,0.0,1579.824,12550.076421733042
t1641,281.6998180710002,129.15562952940047,1307.370184251,0.0,4406.373300234417,181.9563834453587,4241.443563935404,0.0,1579.824,12127.822879466581
t1642,281.6998180710002,51.19800000000001,1075.1982625573219,0.0,4406.373300234417,0.0,2054.627939208897,0.0,1579.824,9448.921320071637
t1643,281.6998180710002,51.19800000000001,915.2542221521763,0.0,4406.373300234417,0.0,2349.6132967120493,0.0,1579.824,9583.962637169643
t1644,281.6998180710002,51.19800000000001,1302.0987562309226,0.0,4406.373300234417,0.0,2275.7670000000003,0.0,1579.824,9896.96087453634
t1645,281.6998180710002,137.98515009580203,947.3388316276825,0.0,4406.373300234417,0.0,1289.14770388478,0.0,1579.824,8642.368803913681
t1646,281.6998180710002,51.19800000000001,1307.370184251,0.0,4406.373300234417,0.0,4443.4163307792805,0.0,1579.824,12069.881633335699
t1647,281.6998180710002,205.29466351552193,1504.323671650018,0.0,4406.373300234417,0.0,3574.9504212504685,0.0,1579.824,11552.465874721427
t1648,281.6998180710002,267.69373151910605,2573.120565110014,3.985318131371977,4406.373300234417,990.0298913128069,6157.593000000001,0.0,1792.062799008228,16472.558423386945
t1649,1745.5226362615501,361.248,2839.3579497544592,230.39100000000002,4406.373300234417,1364.061,6157.593000000001,0.0,6044.788122974217,23149.335009224644
t1650,1745.5226362615501,361.248,2839.3579497544592,230.39100000000002,4406.373300234417,4169.015845000424,6157.593000000001,310.84499999999997,6044.788122974217,26265.134854225067
t1651,1745.5226362615501,361.248,2839.3579497544592,230.39100000000002,4406.373300234417,4169.015845000424,6157.593000000001,310.84499999999997,6044.788122974217,26265.134854225067
t1652,1745.5226362615501,361.248,2839.3579497544592,230.39100000000002,4406.373300234417,3311.175,6157.593000000001,310.84499999999997,6044.788122974217,25407.294009224643
t1653,1745.5226362615501,361.248,2839.3579497544592,230.39100000000002,4406.373300234417,3311.175,6157.593000000001,310.84499999999997,6044.788122974217,25407.294009224643
t1654,1745.5226362615501,361.248,2839.3579497544592,230.39100000000002,4406.373300234417,3311.175,6157.593000000001,310.84499999999997,6044.788122974217,25407.294009224643
t1655,1745.5226362615501,361.248,2839.3579497544592,230.39100000000002,4406.373300234417,3311.175,6157.593000000001,310.84499999999997,6044.788122974217,25407.294009224643
t1656,1745.5226362615501,361.248,2839.3579497544592,230.39100000000002,4406.373300234417,3311.175,6157.593000000001,310.84499999999997,6044.788122974217,25407.294009224643
t1657,1745.5226362615501,361.248,2839.3579497544592,230.39100000000002,4406.373300234417,3311.175,6157.593000000001,310.84499999999997,6044.788122974217,25407.294009224643
t1658,1745.5226362615501,361.248,2839.3579497544592,230.39100000000002,4406.373300234417,3311.175,6157.593000000001,110.48474081116207,6044.788122974217,25206.933750035805
t1659,1745.5226362615501,361.248,2839.3579497544592,230.39100000000002,4406.373300234417,3311.175,6157.593000000001,0.0,6044.788122974217,25096.44900922464
t1660,1560.5210309692677,361.248,2839.3579497544592,230.39100000000002,4406.373300234417,2764.7050442140376,6157.593000000001,0.0,5681.686770720261,24001.876095892443
t1661,1573.024783591668,361.248,2839.3579497544592,230.39100000000002,4406.373300234417,2650.23476583306,6157.593000000001,0.0,5597.080521110287,23815.30332052389
t1662,1593.6379646554678,361.248,2839.3579497544592,230.39100000000002,4406.373300234417,2838.8457918825848,6157.593000000001,0.0,6018.456675720467,24445.903682247394
t1663,848.928384641486,361.248,2839.3579497544592,230.39100000000002,4406.373300234417,1965.9852440601746,6157.593000000001,0.0,3199.157493792893,20009.03437248343
t1664,281.6998180710002,142.20666547024197,1734.411374649301,0.0,4406.373300234417,1364.061,5585.434121652211,0.0,1579.824,15094.010280077171
t1665,281.6998180710002,51.19800000000001,1319.9229421065538,0.0,4406.373300234417,228.30226898427972,2359.5327612534993,0.0,1579.824,10226.85309064975
t1666,281.6998180710002,51.19800000000001,1307.370184251,0.0,4406.373300234417,0.0,2275.7670000000003,0.0,1579.824,9902.232302556418
t1667,281.6998180710002,51.19800000000001,974.9474424026891,0.0,4406.373300234417,0.0,2294.1306931850677,0.0,1579.824,9588.173253893174
t1668,281.6998180710002,51.19800000000001,951.1615234064161,0.0,4406.373300234417,0.0,2275.7670000000003,0.0,1579.824,9546.023641711834
t1669,281.6998180710002,51.19800000000001,1307.370184251,0.0,4406.373300234417,0.0,1676.8142019906022,0.0,1579.824,9303.27950454702
t1670,281.6998180710002,169.58334871090193,1567.8445446134226,0.0,4406.373300234417,0.0,3789.293019577323,0.0,1579.824,11794.618031207065
t1671,281.6998180710002,213.35808214918185,2013.1954347586989,0.0,4406.373300234417,822.370698352426,6157.593000000001,0.0,1579.824,15474.414333565725
t1672,281.6998180710002,277.209460235886,2163.17431213093,230.39100000000002,4406.373300234417,1364.061,6157.593000000001,0.0,3420.607906772074,18301.109797444307
t1673,1745.5226362615501,361.248,2839.3579497544592,230.39100000000002,4406.373300234417,3311.175,6157.593000000001,310.84499999999997,6044.788122974217,25407.294009224643
t1674,1745.5226362615501,361.248,2839.3579497544592,230.39100000000002,4406.373300234417,4169.015845000424,6157.593000000001,310.84499999999997,6044.788122974217,26265.134854225067
t1675,1745.5226362615501,361.248,2839.3579497544592,230.39100000000002,4406.373300234417,3311.175,6157.593000000001,310.84499999999997,6044.788122974217,25407.294009224643
t1676,1745.5226362615501,361.248,2839.3579497544592,230.39100000000002,4406.373300234417,3311.175,6157.593000000001,310.84499999999997,6044.788122974217,25407.294009224643
t1677,1745.5226362615501,361.248,2839.3579497544592,230.39100000000002,4406.373300234417,4169.015845000424,6157.593000000001,310.84499999999997,6044.788122974217,26265.134854225067
t1678,1745.5226362615501,361.248,2839.3579497544592,230.39100000000002,4406.373300234417,3311.175,6157.593000000001,310.84499999999997,6044.788122974217,25407.294009224643
t1679,1745.5226362615501,361.248,2839.3579497544592,230.39100000000002,4406.373300234417,4169.015845000424,6157.593000000001,310.84499999999997,6044.788122974217,26265.134854225067
t1680,1745.5226362615501,361.248,2839.3579497544592,230.39100000000002,4406.373300234417,3311.175,6157.593000000001,310.84499999999997,6044.788122974217,25407.294009224643
t1681,1745.5226362615501,361.248,2839.3579497544592,556.9770000000001,2079.2356611165,4169.015845000424,6157.593000000001,208.15490346992772,6044.788122974217,24161.893118577078
t1682,1423.7158350563761,361.248,2839.3579497544592,556.9770000000001,4406.373300234417,4169.015845000424,6157.593000000001,0.0,5884.422990149245,25798.703920194923
t1683,1413.800172050868,361.248,2839.3579497544592,556.9770000000001,4406.373300234417,4456.788116567498,6157.593000000001,0.0,4962.106635031844,25154.244173639087
t1684,1415.809931446668,361.248,2839.3579497544592,556.9770000000001,2079.2356611165,4169.015845000424,6157.593000000001,0.0,4360.510269684594,21939.747657002645
t1685,1449.0990172948682,361.248,2839.3579497544592,556.9770000000001,4406.373300234417,4169.015845000424,6157.593000000001,0.0,4504.3906323295505,24444.05474461372
t1686,1508.7252809632682,361.248,2839.3579497544592,556.9770000000001,2079.2356611165,4169.015845000424,6157.593000000001,0.0,5589.518694110908,23261.671430945556
t1687,1289.0531572099735,361.248,2839.3579497544592,556.9770000000001,4406.373300234417,4169.015845000424,6157.593000000001,0.0,5981.838795160448,25761.457047359723
t1688,281.6998180710002,194.16289386714607,2248.7049387802026,230.39100000000002,2079.2356611165,3612.5356575608766,6157.593000000001,0.0,2040.4910577699695,16844.814027165696
t1689,281.6998180710002,51.19800000000001,1443.9747297920956,230.39100000000002,4406.373300234417,2105.4687872058003,5455.168353432585,0.0,1579.824,15554.097988735899
t1690,281.6998180710002,51.19800000000001,980.0475330272542,0.0,4406.373300234417,1283.6277865621769,3628.2435719627497,0.0,1579.824,12211.014009857598
t1691,281.6998180710002,51.19800000000001,881.6223186144878,0.0,4406.373300234417,415.54670656694935,1382.9144054254332,0.0,1579.824,8999.178548912287
t1692,281.6998180710002,51.19800000000001,863.6611912146105,0.0,4406.373300234417,430.33231309876766,903.2790000000001,0.0,1579.824,8516.367622618796
t1693,281.6998180710002,51.19800000000001,939.1868419303735,0.0,2079.2356611165,0.0,2275.7670000000003,0.0,1579.824,7206.911321117874
t1694,281.6998180710002,51.19800000000001,1054.835308218486,0.0,4406.373300234417,0.0,1873.8131779630387,0.0,1579.824,9247.743604486943
t1695,281.6998180710002,189.54115650238202,1314.0406640588553,0.0,2079.2356611165,690.2555313990592,3618.4311188690376,0.0,1579.824,9753.027950016834
t1696,281.6998180710002,254.86789734031206,1818.506741002601,0.0,4406.373300234417,1364.061,6157.593000000001,0.0,1924.9586666185774,16208.060423266908
t1697,1745.5226362615501,361.248,2839.3579497544592,556.9770000000001,4406.373300234417,4169.015845000424,6157.593000000001,0.0,5954.042354993131,26190.130086243982
t1698,1745.5226362615501,361.248,2839.3579497544592,556.9770000000001,2079.2356611165,5016.803845000424,6157.593000000001,258.306086047326,6044.788122974217,25059.832301154478
t1699,1745.5226362615501,361.248,2839.3579497544592,556.9770000000001,2079.2356611165,5016.803845000424,6157.593000000001,310.84499999999997,6044.788122974217,25112.371215107152
t1700,1745.5226362615501,361.248,2839.3579497544592,556.9770000000001,4406.373300234417,4169.015845000424,6157.593000000001,0.0,6044.788122974217,26280.87585422507
t1701,1745.5226362615501,361.248,2839.3579497544592,556.9770000000001,4406.373300234417,5016.803845000424,6157.593000000001,310.84499999999997,6044.788122974217,27439.50885422507
t1702,1745.5226362615501,361.248,2839.3579497544592,556.9770000000001,2079.2356611165,4169.015845000424,6157.593000000001,0.0,6044.788122974217,23953.73821510715
t1703,1745.5226362615501,361.248,2839.3579497544592,556.9770000000001,2079.2356611165,4169.015845000424,6157.593000000001,239.66227865121593,6044.788122974217,24193.400493758367
t1704,1745.5226362615501,361.248,2839.3579497544592,556.9770000000001,4397.574815389364,5016.803845000424,6157.593000000001,0.0,6044.788122974217,27119.865369380015
t1705,1745.5226362615501,361.248,2839.3579497544592,556.9770000000001,2079.2356611165,4169.015845000424,6157.593000000001,70.07456631694242,6044.788122974217,24023.812781424094
t1706,1706.775867474839,361.248,2839.3579497544592,556.9770000000001,4406.373300234417,5016.803845000424,6157.593000000001,200.7841955826898,6044.788122974217,27290.701281021047
t1707,1434.515113591668,361.248,2839.3579497544592,556.9770000000001,4406.373300234417,5016.803845000424,6157.593000000001,0.0,5361.832006597833,26134.700215178804
t1708,1443.953780951868,361.248,2839.3579497544592,556.9770000000001,4406.373300234417,4169.015845000424,6157.593000000001,0.0,4784.631107993445,24719.149983934614
t1709,1480.1044319350685,361.248,2839.3579497544592,556.9770000000001,4406.373300234417,5016.803845000424,6157.593000000001,0.0,4984.9652980260735,25803.42282495044
t1710,1745.5226362615501,361.248,2839.3579497544592,556.9770000000001,4406.373300234417,4169.015845000424,6157.593000000001,0.0,6044.788122974217,26280.87585422507
t1711,1745.5226362615501,361.248,2839.3579497544592,556.9770000000001,4406.373300234417,4169.015845000424,6157.593000000001,0.0,6044.788122974217,26280.87585422507
t1712,281.6998180710002,361.248,2839.3579497544592,556.9770000000001,2079.2356611165,5016.803845000424,6157.593000000001,0.0,2120.4043774509996,19413.319651393384
t1713,281.6998180710002,51.19800000000001,1714.207289120268,230.39100000000002,4406.373300234417,3790.232574890866,6157.593000000001,0.0,1579.824,18211.518982316553
t1714,281.6998180710002,51.19800000000001,1277.59033833649,230.39100000000002,2079.2356611165,2607.1557345533224,4785.1050000000005,0.0,1579.824,12892.199552077313
t1715,281.6998180710002,51.19800000000001,1082.3924979150106,230.39100000000002,2079.2356611165,1364.061,2716.1014547733967,0.0,1579.824,9384.903431875908
t1716,281.6998180710002,51.19800000000001,874.8434440415964,187.45455388493104,4406.373300234417,1364.061,1645.2162548663478,0.0,1579.824,10390.670371098293
t1717,281.6998180710002,51.19800000000001,1000.4246840325566,86.73573165266676,2079.2356611165,1364.061,3489.0213954889714,0.0,1579.824,9932.200290361696
t1718,281.6998180710002,51.19800000000001,1220.9388695505693,95.05712283535432,4406.373300234417,1364.061,2233.2182162342624,0.0,1579.824,11232.370326925604
t1719,281.6998180710002,206.1396607125287,1371.5097073705042,230.39100000000002,4406.373300234417,1364.061,3955.7834794301766,0.0,1579.824,13395.781965818627
t1720,281.6998180710002,265.69297051842585,2100.4961454743734,230.39100000000002,4406.373300234417,1562.9404174177448,6157.593000000001,0.0,3024.1235122764547,18029.310163992417
t1721,1745.5226362615501,361.248,2839.3579497544592,556.9770000000001,4406.373300234417,4169.015845000424,6157.593000000001,0.0,6044.788122974217,26280.87585422507
t1722,1745.5226362615501,361.248,2839.3579497544592,556.9770000000001,4066.157701159092,5016.803845000424,6157.593000000001,0.0,6044.788122974217,26788.448255149742
t1723,1745.5226362615501,361.248,2839.3579497544592,556.9770000000001,4033.1393766549536,4169.015845000424,6157.593000000001,310.84499999999997,6044.788122974217,26218.486930645606
t1724,1745.5226362615501,361.248,2839.3579497544592,556.9770000000001,3547.030508210649,5016.803845000424,6157.593000000001,310.84499999999997,6044.788122974217,26580.1660622013
t1725,1745.5226362615501,361.248,2839.3579497544592,556.9770000000001,4406.373300234417,5016.803845000424,6157.593000000001,310.84499999999997,6044.788122974217,27439.50885422507
t1726,1745.5226362615501,361.248,2839.3579497544592,556.9770000000001,4406.373300234417,4169.015845000424,6157.593000000001,118.79747812248016,6044.788122974217,26399.67333234755
t1727,1745.5226362615501,361.248,2839.3579497544592,556.9770000000001,2079.2356611165,5016.803845000424,6157.593000000001,0.0,6044.788122974217,24801.52621510715
t1728,1745.5226362615501,361.248,2839.3579497544592,556.9770000000001,4406.373300234417,4169.015845000424,6157.593000000001,304.3768105980898,6044.788122974217,26585.252664823158
t1729,1745.5226362615501,361.248,2839.3579497544592,556.9770000000001,4406.373300234417,4169.015845000424,6157.593000000001,18.948628000589956,6044.788122974217,26299.82448222566
t1730,1745.5226362615501,361.248,2839.3579497544592,556.9770000000001,2079.2356611165,4445.728646240028,6157.593000000001,226.5140807683019,6044.788122974217,24456.965097115055
t1731,1430.870830795176,361.248,2839.3579497544592,556.9770000000001,4406.373300234417,4635.023205543929,6157.593000000001,0.0,5808.938155103342,26196.381441431324
t1732,1436.766550348068,361.248,2839.3579497544592,556.9770000000001,4406.373300234417,4169.015845000424,6157.593000000001,0.0,5462.619777876273,25389.951423213643
t1733,1477.108871458068,361.248,2839.3579497544592,556.9770000000001,2079.2356611165,4169.015845000424,6157.593000000001,0.0,5845.310493880678,23485.84682121013
t1734,1745.5226362615501,361.248,2839.3579497544592,556.9770000000001,4406.373300234417,4767.314818961293,6157.593000000001,0.0,6044.788122974217,26879.174828185936
t1735,1745.5226362615501,361.248,2839.3579497544592,556.9770000000001,4406.373300234417,4169.015845000424,6157.593000000001,0.0,6044.788122974217,26280.87585422507
t1736,281.6998180710002,361.248,2839.3579497544592,556.9770000000001,4406.373300234417,5016.803845000424,6157.593000000001,0.0,3296.706886862333,22916.759799922635
t1737,281.6998180710002,145.2217440908219,2121.83777528569,556.9770000000001,4406.373300234417,4169.015845000424,6157.593000000001,0.0,1579.824,19418.542482682355
t1738,281.6998180710002,51.19800000000001,1484.4837748935704,279.5951934479972,4406.373300234417,4169.015845000424,6157.593000000001,0.0,1579.824,18409.78293164741
t1739,281.6998180710002,51.19800000000001,1188.4119447701967,230.39100000000002,4406.373300234417,2511.587756409938,3373.093200347056,0.0,1579.824,13622.579019832607
t1740,281.6998180710002,51.19800000000001,1032.7301906145663,230.39100000000002,2079.2356611165,2740.632238495415,4785.1050000000005,0.0,1579.824,12780.815908297482
t1741,281.6998180710002,51.19800000000001,1162.253742235209,230.39100000000002,4406.373300234417,3300.763941383623,2245.638909494259,0.0,1579.824,13258.142711418508
t1742,281.6998180710002,51.19800000000001,1110.7024876899063,230.39100000000002,4406.373300234417,2221.9018450004237,2823.551467344406,0.0,1579.824,12705.641918340152
t1743,281.6998180710002,200.93623270684196,1511.5659346071614,230.39100000000002,4406.373300234417,2939.6371535842104,4785.1050000000005,0.0,1579.824,15935.532439203631
t1744,281.6998180710002,270.96202561830586,2107.9879587445594,231.98013692573997,4406.373300234417,3566.912900331963,6157.593000000001,0.0,2852.778820676151,19876.287960602134
t1745,1745.5226362615501,361.248,2839.3579497544592,556.9770000000001,2079.2356611165,4169.015845000424,6157.593000000001,0.0,6044.788122974217,23953.73821510715
t1746,1745.5226362615501,361.248,2839.3579497544592,556.9770000000001,4406.373300234417,5016.803845000424,6157.593000000001,309.34960909393203,6044.788122974217,27438.013463319003
t1747,1745.5226362615501,361.248,2839.3579497544592,556.9770000000001,2079.2356611165,4169.015845000424,6157.593000000001,310.84499999999997,6044.788122974217,24264.58321510715
t1748,1745.5226362615501,361.248,2839.3579497544592,556.9770000000001,4406.373300234417,5016.803845000424,6157.593000000001,23.203086206609832,6044.788122974217,27151.86694043168
t1749,1745.5226362615501,361.248,2839.3579497544592,556.9770000000001,4406.373300234417,5016.803845000424,6157.593000000001,310.84499999999997,6044.788122974217,27439.50885422507
t1750,1745.5226362615501,361.248,2839.3579497544592,556.9770000000001,2079.2356611165,4169.015845000424,6157.593000000001,0.0,6044.788122974217,23953.73821510715
t1751,1745.5226362615501,361.248,2839.3579497544592,556.9770000000001,4406.373300234417,4169.015845000424,6157.593000000001,274.6638353522399,6044.788122974217,26555.53968957731
t1752,1745.5226362615501,361.248,2839.3579497544592,556.9770000000001,4406.373300234417,5016.803845000424,6157.593000000001,187.33137172319758,6044.788122974217,27315.995225948267
t1753,1745.5226362615501,361.248,2839.3579497544592,556.9770000000001,4406.373300234417,4169.015845000424,6157.593000000001,310.84499999999997,6044.788122974217,26591.72085422507
t1754,1416.357323068068,361.248,2839.3579497544592,556.9770000000001,2079.2356611165,5016.803845000424,6157.593000000001,0.0,5967.268055769349,24394.8408347088
t1755,1415.027650906068,361.248,2839.3579497544592,556.9770000000001,4406.373300234417,4748.342636109805,6157.593000000001,0.0,5041.714113866638,25526.633650871387
t1756,1414.754171510268,361.248,2839.3579497544592,556.9770000000001,4406.373300234417,4169.015845000424,6157.593000000001,0.0,4452.7950470743335,24358.114313573904
t1757,1454.4477745918682,361.248,2839.3579497544592,556.9770000000001,4406.373300234417,4169.015845000424,6157.593000000001,0.0,4548.702344533703,24493.715214114873
t1758,1518.5705561614682,361.248,2839.3579497544592,556.9770000000001,4406.373300234417,4766.355155156309,6157.593000000001,0.0,5766.2846274513395,26372.759588757992
t1759,1745.5226362615501,361.248,2839.3579497544592,556.9770000000001,2079.2356611165,4169.015845000424,6157.593000000001,0.0,6044.788122974217,23953.73821510715
t1760,281.6998180710002,212.06967782821195,2839.3579497544592,556.9770000000001,4406.373300234417,4169.015845000424,6157.593000000001,0.0,2274.2399678546326,20897.326558743145
t1761,281.6998180710002,51.19800000000001,1704.2972415924887,556.9770000000001,2079.2356611165,5016.803845000424,6157.593000000001,0.0,1579.824,17427.628565780415
t1762,281.6998180710002,51.19800000000001,1417.542024164409,556.6859788502377,4406.373300234417,4169.015845000424,5822.943231886322,0.0,1579.824,18285.28219820681
t1763,281.6998180710002,51.19800000000001,1303.2136113504703,230.39100000000002,4406.373300234417,3079.483167869663,3555.1922870536837,0.0,1579.824,14487.375184579234
t1764,281.6998180710002,51.19800000000001,1104.9396340169076,230.39100000000002,4406.373300234417,3234.838279105474,4785.1050000000005,0.0,1579.824,15674.3690314278
t1765,281.6998180710002,51.19800000000001,1134.2976874418675,230.39100000000002,4406.373300234417,1677.7551390182277,2951.474129088779,0.0,1579.824,12313.013073854292
t1766,281.6998180710002,132.3615752002132,1192.0537664682276,230.39100000000002,4406.373300234417,1532.241871239078,4785.1050000000005,0.0,1579.824,14140.050331212937
t1767,281.6998180710002,199.882349895822,1735.7697703162437,230.39100000000002,4406.373300234417,2539.13264167832,6157.593000000001,0.0,1652.6293744951718,17203.471254690976
t1768,741.9128234183663,361.248,2839.3579497544592,230.39100000000002,4406.373300234417,2699.4977460133523,6157.593000000001,0.0,3550.896681828947,20987.270501249543
t1769,1745.5226362615501,361.248,2839.3579497544592,556.9770000000001,4406.373300234417,4169.015845000424,6157.593000000001,187.07783922849276,6044.788122974217,26467.95369345356
t1770,1745.5226362615501,361.248,2839.3579497544592,556.9770000000001,2079.2356611165,5016.803845000424,6157.593000000001,308.01742471476,6044.788122974217,25109.54363982191
t1771,1745.5226362615501,361.248,2839.3579497544592,556.9770000000001,2079.2356611165,5016.803845000424,6157.593000000001,310.84499999999997,6044.788122974217,25112.371215107152
t1772,1745.5226362615501,361.248,2839.3579497544592,556.9770000000001,4406.373300234417,4169.015845000424,6157.593000000001,0.0,6044.788122974217,26280.87585422507
t1773,1745.5226362615501,361.248,2839.3579497544592,556.9770000000001,2079.2356611165,5016.803845000424,6157.593000000001,8.036006534717878,6044.788122974217,24809.56222164187
t1774,1745.5226362615501,361.248,2839.3579497544592,556.9770000000001,2079.2356611165,4169.015845000424,6157.593000000001,0.0,6044.788122974217,23953.73821510715
t1775,1745.5226362615501,361.248,2839.3579497544592,556.9770000000001,2079.2356611165,4169.015845000424,6157.593000000001,289.1611829493059,6044.788122974217,24242.899398056456
t1776,1745.5226362615501,361.248,2839.3579497544592,556.9770000000001,2079.2356611165,5016.803845000424,6157.593000000001,310.84499999999997,6044.788122974217,25112.371215107152
t1777,1745.5226362615501,361.248,2839.3579497544592,556.9770000000001,4406.373300234417,4169.015845000424,6157.593000000001,98.71804040787075,6044.788122974217,26379.59389463294
t1778,1424.4026952208078,361.248,2839.3579497544592,556.9770000000001,4406.373300234417,4169.015845000424,6157.593000000001,147.83092907023777,5728.373111234115,25791.171830514464
t1779,1418.576938400808,361.248,2839.3579497544592,556.9770000000001,4406.373300234417,5016.803845000424,6157.593000000001,0.0,4640.323915151975,25397.253948542082
t1780,1428.2186926450083,361.248,2839.3579497544592,556.9770000000001,2079.2356611165,4169.015845000424,6157.593000000001,0.0,3969.6648587242526,21561.311007240645
t1781,1475.817769970808,361.248,2839.3579497544592,556.9770000000001,4406.373300234417,4169.015845000424,6157.593000000001,0.0,3994.6343251296234,23961.017190089733
t1782,1549.277458837008,361.248,2839.3579497544592,556.9770000000001,4406.373300234417,5016.803845000424,6157.593000000001,0.0,5054.968509016629,25942.59906284294
t1783,1745.5226362615501,361.248,2839.3579497544592,556.9770000000001,4406.373300234417,4169.015845000424,6157.593000000001,0.0,6044.788122974217,26280.87585422507
t1784,1037.8320790931427,361.248,2839.3579497544592,556.9770000000001,4406.373300234417,4169.015845000424,6157.593000000001,0.0,3976.8548286039254,23505.252002686368
t1785,281.6998180710002,236.20192242337197,2839.3579497544592,556.9770000000001,2079.2356611165,5016.803845000424,6157.593000000001,0.0,2506.5566608340673,19674.42585719982
t1786,281.6998180710002,111.48331438210957,1308.819979203752,556.9770000000001,4406.373300234417,5127.098492307902,5197.8617364772845,0.0,1579.824,18570.137640676465
t1787,281.6998180710002,51.19800000000001,1072.1348683380243,230.39100000000002,2079.2356611165,2901.494823843696,3287.5809898435264,0.0,1579.824,11483.559161212746
t1788,281.6998180710002,51.19800000000001,991.0799736681839,230.39100000000002,4406.373300234417,2671.283250202187,3510.77005430799,0.0,1579.824,13722.619396483778
t1789,281.6998180710002,66.8638645880749,944.294959071911,187.53967380391018,4406.373300234417,1364.061,2792.1508006227896,0.0,1579.824,11622.807416392103
t1790,281.6998180710002,159.41104715902193,1046.928855582954,0.0,4406.373300234417,1150.9794248295464,3196.7718958188857,0.0,1579.824,11821.988341695826
t1791,281.6998180710002,195.4457060808419,1338.1497862701456,230.39100000000002,4406.373300234417,1364.061,4658.756041229289,0.0,1579.824,14054.700651885694
t1792,281.6998180710002,271.736203969512,2045.3656375682908,233.8294360788961,4406.373300234417,2664.021409922521,6157.593000000001,0.0,3264.995839379582,19325.614645224217
t1793,1745.5226362615501,361.248,2839.3579497544592,556.9770000000001,4406.373300234417,4169.015845000424,6157.593000000001,0.0,6044.788122974217,26280.87585422507
t1794,1745.5226362615501,361.248,2839.3579497544592,556.9770000000001,2079.2356611165,5016.803845000424,6157.593000000001,0.0,6044.788122974217,24801.52621510715
t1795,1745.5226362615501,361.248,2839.3579497544592,556.9770000000001,2079.2356611165,4169.015845000424,6157.593000000001,0.0,6044.788122974217,23953.73821510715
t1796,1745.5226362615501,361.248,2839.3579497544592,556.9770000000001,4406.373300234417,5016.803845000424,6157.593000000001,0.0,6044.788122974217,27128.66385422507
t1797,1745.5226362615501,361.248,2839.3579497544592,556.9770000000001,2079.2356611165,5016.803845000424,6157.593000000001,210.5852837911259,6044.788122974217,25012.111498898277
t1798,1745.5226362615501,361.248,2839.3579497544592,556.9770000000001,4406.373300234417,4169.015845000424,6157.593000000001,0.0,6044.788122974217,26280.87585422507
t1799,1745.5226362615501,361.248,2839.3579497544592,556.9770000000001,4406.373300234417,5016.803845000424,6157.593000000001,0.0,6044.788122974217,27128.66385422507
t1800,1745.5226362615501,361.248,2839.3579497544592,556.9770000000001,4406.373300234417,5016.803845000424,6157.593000000001,29.917522371834437,6044.788122974217,27158.581376596903
t1801,1745.5226362615501,361.248,2839.3579497544592,556.9770000000001,4406.373300234417,4169.015845000424,6157.593000000001,261.16236750992994,6044.788122974217,26542.038221734998
t1802,1458.022094655468,361.248,2839.3579497544592,556.9770000000001,2079.2356611165,4169.015845000424,6157.593000000001,0.0,6000.213840969584,23621.663391496433
t1803,1446.401949807468,361.248,2839.3579497544592,556.9770000000001,4406.373300234417,4169.015845000424,6157.593000000001,0.0,5353.832847676145,25290.799892472915
t1804,1443.7434719698686,361.248,2839.3579497544592,556.9770000000001,4406.373300234417,4636.971617713163,6157.593000000001,0.0,4563.59931412875,24965.863653800658
t1805,1463.1291745918681,361.248,2839.3579497544592,556.9770000000001,4406.373300234417,4169.015845000424,6157.593000000001,0.0,4086.7514577431175,24040.445727324284
t1806,1504.9342967194684,361.248,2839.3579497544592,556.9770000000001,2079.2356611165,4169.015845000424,6157.593000000001,0.0,4214.173953290072,21882.535705880924
t1807,1401.694545160998,361.248,2839.3579497544592,556.9770000000001,4406.373300234417,4169.015845000424,6157.593000000001,0.0,4119.970340493613,24012.22998064391
t1808,281.6998180710002,309.49489980229197,2182.7677022690423,523.8766635714119,4406.373300234417,3422.4984930823935,4785.1050000000005,0.0,1579.824,17491.639877030557
t1809,281.6998180710002,51.19800000000001,1730.0125962624977,230.39100000000002,4406.373300234417,1990.63225665867,1155.8795912374044,0.0,1579.824,11426.01056246399
t1810,281.6998180710002,51.19800000000001,1246.4235073535622,0.0,4406.373300234417,1263.3732285460817,2735.48379477817,0.0,1579.824,11564.375648983232
t1811,281.6998180710002,51.19800000000001,1666.6707524654537,0.0,2079.2356611165,37.758237291616,903.2790000000001,0.0,1579.824,6599.665468944571
t1812,281.6998180710002,51.19800000000001,1076.3633059862811,0.0,2079.2356611165,0.0,903.2790000000001,0.0,1579.824,5971.599785173781
t1813,281.6998180710002,51.19800000000001,1090.0381685549207,0.0,2079.2356611165,0.0,903.2790000000001,0.0,1579.824,5985.274647742421
t1814,281.6998180710002,51.19800000000001,1206.4364843751703,0.0,4406.373300234417,0.0,992.7587416209168,0.0,1579.824,8518.290344301506
t1815,281.6998180710002,196.64896829476197,1498.6083485351423,0.0,4406.373300234417,0.0,3413.272045164012,0.0,1579.824,11376.426480299335
t1816,281.6998180710002,282.240361383366,2137.097723819001,3.855692358048048,4406.373300234417,184.38139606647795,6157.593000000001,0.0,3171.132104609421,16624.37339654173
t1817,1745.5226362615501,361.248,2839.3579497544592,556.9770000000001,4406.373300234417,4064.434433753803,6157.593000000001,0.0,6044.788122974217,26176.294442978447
t1818,1745.5226362615501,361.248,2839.3579497544592,556.9770000000001,4406.373300234417,4169.015845000424,6157.593000000001,0.0,6044.788122974217,26280.87585422507
t1819,1745.5226362615501,361.248,2839.3579497544592,556.9770000000001,4406.373300234417,5016.803845000424,6157.593000000001,310.84499999999997,6044.788122974217,27439.50885422507
t1820,1745.5226362615501,361.248,2839.3579497544592,556.9770000000001,4406.373300234417,4169.015845000424,6157.593000000001,310.84499999999997,6044.788122974217,26591.72085422507
t1821,1745.5226362615501,361.248,2839.3579497544592,556.9770000000001,4406.373300234417,5016.803845000424,6157.593000000001,0.0,6044.788122974217,27128.66385422507
t1822,1745.5226362615501,361.248,2839.3579497544592,556.9770000000001,2079.2356611165,4169.015845000424,6157.593000000001,262.0066940974201,6044.788122974217,24215.74490920457
t1823,1745.5226362615501,361.248,2839.3579497544592,556.9770000000001,4406.373300234417,5016.803845000424,6157.593000000001,0.0,6044.788122974217,27128.66385422507
t1824,1745.5226362615501,361.248,2839.3579497544592,556.9770000000001,4406.373300234417,4810.703698496657,6157.593000000001,0.0,6044.788122974217,26922.5637077213
t1825,1745.5226362615501,361.248,2839.3579497544592,556.9770000000001,2079.2356611165,4169.015845000424,6157.593000000001,310.84499999999997,6044.788122974217,24264.58321510715
t1826,1745.5226362615501,361.248,2839.3579497544592,556.9770000000001,4406.373300234417,4169.015845000424,6157.593000000001,209.53077598749294,6044.788122974217,26490.40663021256
t1827,1460.832792987468,361.248,2839.3579497544592,556.9770000000001,4406.373300234417,4169.015845000424,6157.593000000001,0.0,5738.7421955817645,25690.14008355853
t1828,1453.372516231068,361.248,2839.3579497544592,556.9770000000001,2079.2356611165,4421.674888921043,6157.593000000001,0.0,5270.3925185317485,23139.851534554822
t1829,1466.4236604748683,361.248,2839.3579497544592,556.9770000000001,4406.373300234417,4169.015845000424,6157.593000000001,0.0,5158.558688229818,25115.547443693984
t1830,1506.492069359268,361.248,2839.3579497544592,556.9770000000001,4406.373300234417,4169.015845000424,6157.593000000001,0.0,5571.582438866974,25568.639603215543
t1831,1470.3405778415945,361.248,2839.3579497544592,556.9770000000001,4406.373300234417,4169.015845000424,6157.593000000001,0.0,5467.662145880997,25428.56781871189
t1832,281.6998180710002,203.08256960305204,2563.0610021451475,230.39100000000002,4406.373300234417,3604.554734677681,6157.593000000001,0.0,1579.824,19026.5794247313
t1833,281.6998180710002,51.19800000000001,1942.0195333195868,0.0,4406.373300234417,885.0546843699549,2858.508103425396,0.0,1579.824,12004.677439420355
t1834,281.6998180710002,51.19800000000001,1689.7282393148244,0.0,4406.373300234417,0.0,2037.2569652141533,0.0,1579.824,10046.080322834396
t1835,281.6998180710002,51.19800000000001,1294.7757893643893,0.0,4406.373300234417,0.0,1206.8759331127858,0.0,1579.824,8820.746840782593
t1836,281.6998180710002,51.19800000000001,1163.1163782340673,0.0,4406.373300234417,0.0,1541.0864649818323,0.0,1579.824,9023.297961521317
t1837,281.6998180710002,51.19800000000001,1343.9026815020584,0.0,2079.2356611165,0.0,2720.084888666642,0.0,1579.824,8055.945049356202
t1838,281.6998180710002,171.932451010602,1331.64949637698,0.0,4406.373300234417,0.0,4785.1050000000005,0.0,1579.824,12556.584065693001
t1839,281.6998180710002,274.8536200494719,1683.6037568042275,0.0,2079.2356611165,0.0,6157.593000000001,0.0,2315.101533587464,12792.087389628663
t1840,281.6998180710002,345.9496692437459,2839.3579497544592,49.6743119812739,2079.2356611165,1321.1480725608749,6157.593000000001,0.0,3824.539994876698,16899.198477604554
t1841,1745.5226362615501,361.248,2839.3579497544592,556.9770000000001,4406.373300234417,4169.015845000424,6157.593000000001,310.84499999999997,6044.788122974217,26591.72085422507
t1842,1745.5226362615501,361.248,2839.3579497544592,556.9770000000001,4406.373300234417,5016.803845000424,6157.593000000001,79.50088051496957,6044.788122974217,27208.16473474004
t1843,1745.5226362615501,361.248,2839.3579497544592,556.9770000000001,4406.373300234417,4169.015845000424,6157.593000000001,310.84499999999997,6044.788122974217,26591.72085422507
t1844,1745.5226362615501,361.248,2839.3579497544592,556.9770000000001,2375.720626567452,4169.015845000424,6157.593000000001,310.84499999999997,6044.788122974217,24561.068180558104
t1845,1745.5226362615501,361.248,2839.3579497544592,556.9770000000001,4406.373300234417,4169.015845000424,6157.593000000001,310.84499999999997,6044.788122974217,26591.72085422507
t1846,1745.5226362615501,361.248,2839.3579497544592,556.9770000000001,4406.373300234417,4169.015845000424,6157.593000000001,0.0,6044.788122974217,26280.87585422507
t1847,1745.5226362615501,361.248,2839.3579497544592,556.9770000000001,4406.373300234417,4169.015845000424,6157.593000000001,0.0,6044.788122974217,26280.87585422507
t1848,1543.985536144068,361.248,2839.3579497544592,556.9770000000001,4406.373300234417,4169.015845000424,6157.593000000001,0.0,5732.918325955037,25767.468957088404
t1849,1745.5226362615501,361.248,2839.3579497544592,556.9770000000001,4406.373300234417,5016.803845000424,6157.593000000001,310.84499999999997,6044.788122974217,27439.50885422507
t1850,1745.5226362615501,361.248,2839.3579497544592,556.9770000000001,4657.752300234417,5016.803845000424,6906.8009999999995,310.84499999999997,6044.788122974217,28440.095854225066
t1851,1745.5226362615501,361.248,2839.3579497544592,556.9770000000001,4657.752300234417,5016.803845000424,6157.593000000001,310.84499999999997,6044.788122974217,27690.887854225068
t1852,1745.5226362615501,361.248,2839.3579497544592,556.9770000000001,4406.373300234417,4169.015845000424,6157.593000000001,66.21914863533293,6044.788122974217,26347.095002860402
t1853,1745.5226362615501,361.248,3100.5949497544593,556.9770000000001,4406.373300234417,4660.693470508188,6157.593000000001,310.84499999999997,6044.788122974217,27344.63547973283
t1854,1745.5226362615501,361.248,3100.5949497544593,556.9770000000001,4657.752300234417,4169.015845000424,6157.593000000001,310.84499999999997,6044.788122974217,27104.33685422507
t1855,1745.5226362615501,361.248,3428.814746209561,556.9770000000001,4406.373300234417,5016.803845000424,6157.593000000001,310.84499999999997,6044.788122974217,28028.96565068017
t1856,289.8486792266848,361.248,2839.3579497544592,556.9770000000001,4406.373300234417,5016.803845000424,6157.593000000001,0.0,3961.467375084046,23589.669149300033
t1857,281.6998180710002,51.19800000000001,1648.5231261677889,556.9770000000001,4406.373300234417,4169.015845000424,6157.593000000001,0.0,1579.824,18851.20408947363
t1858,281.6998180710002,51.19800000000001,1618.8771854882636,230.39100000000002,4657.752300234417,4051.744008011605,3380.375764017063,0.0,1579.824,15851.862075822348
t1859,281.6998180710002,51.19800000000001,1406.3275880851004,230.39100000000002,4406.373300234417,2084.48712188271,4039.6372688129627,0.0,1579.824,14079.938097086191
t1860,281.6998180710002,51.19800000000001,1038.6879936838534,230.39100000000002,4406.373300234417,2636.039317373325,2604.2263824934344,0.0,1579.824,12828.439811856031
t1861,281.6998180710002,51.19800000000001,1307.370184251,230.39100000000002,4657.752300234417,1704.8319248977755,4420.016428211371,0.0,1579.824,14233.083655665563
t1862,281.6998180710002,51.19800000000001,1307.370184251,230.39100000000002,4657.752300234417,1364.061,4714.3548027408415,0.0,1579.824,14186.651105297258
t1863,281.6998180710002,147.83098598842193,1906.6708979877096,230.39100000000002,4406.373300234417,1364.061,6157.593000000001,0.0,1579.824,16074.44400228155
t1864,367.2669164881177,361.248,2839.3579497544592,287.94010843125596,4406.373300234417,3311.175,6157.593000000001,0.0,2950.1658420476183,20681.12011695587
t1865,1745.5226362615501,361.248,2839.3579497544592,556.9770000000001,4406.373300234417,4169.015845000424,6157.593000000001,310.84499999999997,6044.788122974217,26591.72085422507
t1866,1745.5226362615501,361.248,3596.849219842556,556.9770000000001,4406.373300234417,5016.803845000424,8983.010658359832,310.84499999999997,6044.788122974217,31022.417782672997
t1867,1745.5226362615501,361.248,3303.044536485861,556.9770000000001,4406.373300234417,5016.803845000424,8993.407893298565,310.84499999999997,6044.788122974217,30739.010334255032
t1868,1745.5226362615501,361.248,3725.7616748634323,556.9770000000001,4657.752300234417,5016.803845000424,9815.24586070844,310.84499999999997,6044.788122974217,32234.94444004248
t1869,1745.5226362615501,361.248,3442.391364813692,556.9770000000001,4406.373300234417,5016.803845000424,9377.642720297756,310.84499999999997,6044.788122974217,31262.591989582055
t1870,1745.5226362615501,361.248,3100.5949497544593,556.9770000000001,4406.373300234417,5016.803845000424,8879.843583564549,310.84499999999997,6044.788122974217,30422.996437789614
t1871,1745.5226362615501,361.248,3100.5949497544593,556.9770000000001,4657.752300234417,7285.459160514483,6906.8009999999995,310.84499999999997,6044.788122974217,30969.98816973913
t1872,1745.5226362615501,361.248,2839.3579497544592,556.9770000000001,4657.752300234417,7318.74059169252,6906.8009999999995,310.84499999999997,6044.788122974217,30742.032600917162
t1873,1745.5226362615501,361.248,3100.5949497544593,556.9770000000001,4657.752300234417,5016.803845000424,8851.20443444088,310.84499999999997,6044.788122974217,30645.73628866595
t1874,1745.5226362615501,361.248,2839.3579497544592,556.9770000000001,4406.373300234417,5016.803845000424,6906.8009999999995,310.84499999999997,6044.788122974217,28188.71685422507
t1875,1745.5226362615501,361.248,3031.4996206406117,556.9770000000001,4406.373300234417,5016.803845000424,6157.593000000001,310.84499999999997,6044.788122974217,27631.65052511122
t1876,1745.5226362615501,361.248,3020.7899195075106,556.9770000000001,4406.373300234417,4878.435590504136,6157.593000000001,310.84499999999997,6044.788122974217,27482.57256948183
t1877,1745.5226362615501,361.248,3100.5949497544593,556.9770000000001,4406.373300234417,4169.015845000424,6157.593000000001,310.84499999999997,6044.788122974217,26852.957854225067
t1878,1745.5226362615501,361.248,3100.5949497544593,556.9770000000001,4657.752300234417,5016.803845000424,6906.8009999999995,310.84499999999997,6044.788122974217,28701.332854225067
t1879,1745.5226362615501,361.248,3724.0648661205328,556.9770000000001,4406.373300234417,5016.803845000424,6157.593000000001,310.84499999999997,6044.788122974217,28324.21577059114
t1880,281.6998180710002,361.248,2839.3579497544592,556.9770000000001,4657.752300234417,5016.803845000424,6157.593000000001,0.0,6044.788122974217,25916.22003603452
t1881,281.6998180710002,361.248,2839.3579497544592,556.9770000000001,4406.373300234417,4169.015845000424,6157.593000000001,0.0,3398.784,22171.048913060302
t1882,281.6998180710002,361.248,2839.3579497544592,230.39100000000002,4406.373300234417,2099.0912337177847,6157.593000000001,0.0,3398.784,19774.538301777662
t1883,281.6998180710002,361.248,2839.3579497544592,230.39100000000002,4406.373300234417,1364.061,6157.593000000001,0.0,2245.779226544689,17886.503294604565
t1884,281.6998180710002,361.248,2839.3579497544592,230.39100000000002,4406.373300234417,1364.061,6157.593000000001,0.0,2055.1560102770545,17695.88007833693
t1885,281.6998180710002,361.248,2839.3579497544592,230.39100000000002,4406.373300234417,1364.061,6157.593000000001,0.0,2769.154152781743,18409.87822084162
t1886,281.6998180710002,361.248,2839.3579497544592,230.39100000000002,4406.373300234417,1364.061,6157.593000000001,0.0,2611.49433775187,18252.218405811745
t1887,281.6998180710002,361.248,2839.3579497544592,230.39100000000002,4657.752300234417,1364.061,6157.593000000001,0.0,3229.8542927846333,19121.95736084451
t1888,772.9292596013264,361.248,2839.3579497544592,230.39100000000002,4406.373300234417,1364.061,6157.593000000001,0.0,4035.731700368312,20167.685209958516
t1889,1745.5226362615501,361.248,2839.3579497544592,556.9770000000001,4406.373300234417,4169.015845000424,6906.8009999999995,310.84499999999997,6044.788122974217,27340.92885422507
t1890,1745.5226362615501,361.248,3545.171813365471,556.9770000000001,4406.373300234417,5016.803845000424,8812.41010310944,310.84499999999997,6044.788122974217,30800.13982094552
t1891,1745.5226362615501,361.248,3394.4186778688236,556.9770000000001,4406.373300234417,5016.803845000424,8262.031457987887,310.84499999999997,6044.788122974217,30099.00804032732
t1892,1745.5226362615501,361.248,3709.840607881772,556.9770000000001,4406.373300234417,5016.803845000424,10451.780867403617,310.84499999999997,6044.788122974217,32604.179379756
t1893,1745.5226362615501,361.248,3655.7311977890718,556.9770000000001,4657.752300234417,7220.474782728214,8482.825439502756,310.84499999999997,6044.788122974217,33036.16447949023
t1894,1745.5226362615501,361.248,3424.8495172382723,556.9770000000001,4406.373300234417,5016.803845000424,9792.966289321312,310.84499999999997,6044.788122974217,31660.37371103019
t1895,1745.5226362615501,361.248,3456.3909948198316,556.9770000000001,4657.752300234417,5016.803845000424,8107.043952954284,310.84499999999997,6044.788122974217,30257.371852244723
t1896,1745.5226362615501,361.248,3100.5949497544593,556.9770000000001,4657.752300234417,5016.803845000424,9408.980689271175,310.84499999999997,6044.788122974217,31203.512543496243
t1897,1745.5226362615501,361.248,3792.1091996874925,556.9770000000001,4406.373300234417,6170.715058878681,7600.452784439467,310.84499999999997,6044.788122974217,30989.031102475823
t1898,1745.5226362615501,361.248,3628.8554261386525,556.9770000000001,4406.373300234417,5016.803845000424,6906.8009999999995,310.84499999999997,6044.788122974217,28978.21433060926
t1899,1745.5226362615501,361.248,3100.5949497544593,556.9770000000001,4406.373300234417,4169.015845000424,6906.8009999999995,310.84499999999997,6044.788122974217,27602.165854225066
t1900,1745.5226362615501,361.248,3100.5949497544593,556.9770000000001,4406.373300234417,4606.070278283094,6906.8009999999995,310.84499999999997,6044.788122974217,28039.22028750774
t1901,1745.5226362615501,361.248,3707.4817602081325,556.9770000000001,4406.373300234417,4169.015845000424,6906.8009999999995,310.84499999999997,6044.788122974217,28209.05266467874
t1902,1745.5226362615501,361.248,4028.8155217305325,556.9770000000001,4657.752300234417,5016.803845000424,6906.8009999999995,310.84499999999997,6044.788122974217,29629.55342620114
t1903,1745.5226362615501,361.248,4342.0651721907325,556.9770000000001,4406.373300234417,5016.803845000424,10250.518080067985,310.84499999999997,6044.788122974217,33035.141156729325
t1904,1745.5226362615501,361.248,2839.3579497544592,556.9770000000001,4657.752300234417,5016.803845000424,6157.593000000001,310.84499999999997,6044.788122974217,27690.887854225068
t1905,281.6998180710002,361.248,2839.3579497544592,305.761267317563,4657.752300234417,4169.015845000424,6157.593000000001,120.75587702380162,6044.788122974217,24937.972180375884
t1906,354.83065817796034,361.248,2839.3579497544592,230.39100000000002,4406.373300234417,2084.8745462694087,6157.593000000001,0.0,6044.788122974217,22479.456577410463
t1907,281.6998180710002,361.248,2839.3579497544592,230.39100000000002,4406.373300234417,1364.061,6157.593000000001,62.78328531371368,3919.0496148013717,19622.556968174962
t1908,281.6998180710002,361.248,2839.3579497544592,230.39100000000002,4406.373300234417,1364.061,6157.593000000001,0.0,4174.526152910545,19815.25022097042
t1909,456.4908406079292,361.248,2839.3579497544592,230.39100000000002,4406.373300234417,1364.061,6157.593000000001,0.0,3398.784,19214.299090596807
t1910,281.6998180710002,361.248,2839.3579497544592,230.39100000000002,4406.373300234417,1364.061,6157.593000000001,0.0,4937.966564513215,20578.690632573092
t1911,370.73225975612644,361.248,2839.3579497544592,230.39100000000002,4406.373300234417,1364.061,6157.593000000001,0.0,5949.413130074796,21679.1696398198
t1912,765.0228678245105,361.248,2839.3579497544592,230.39100000000002,4406.373300234417,1684.6062830982453,6157.593000000001,0.0,5264.225312362905,21708.817713274537
t1913,1745.5226362615501,361.248,2839.3579497544592,556.9770000000001,4406.373300234417,4169.015845000424,6906.8009999999995,310.84499999999997,6044.788122974217,27340.92885422507
t1914,1745.5226362615501,361.248,3830.217078155072,556.9770000000001,4657.752300234417,5016.803845000424,8513.196838546735,310.84499999999997,6044.788122974217,31037.350821172415
t1915,1745.5226362615501,361.248,3750.1647746524,556.9770000000001,4406.373300234417,5016.803845000424,9088.663789060663,310.84499999999997,6044.788122974217,31281.38646818367
t1916,1745.5226362615501,361.248,3958.2744108042316,556.9770000000001,4657.752300234417,7790.125381200615,11220.40050759923,310.84499999999997,6044.788122974217,36645.93335907426
t1917,1745.5226362615501,361.248,3781.764163028732,556.9770000000001,4657.752300234417,7790.125381200615,9253.623351534117,310.84499999999997,6044.788122974217,34502.64595523365
t1918,1745.5226362615501,361.248,3856.713739516532,556.9770000000001,4406.373300234417,7790.125381200615,9709.716669672829,310.84499999999997,6044.788122974217,34782.30984986016
t1919,1745.5226362615501,361.248,3555.3709772550324,556.9770000000001,4657.752300234417,5016.803845000424,9891.767201683371,310.84499999999997,6044.788122974217,32141.07508340901
t1920,1745.5226362615501,361.248,3526.202687345961,556.9770000000001,4406.373300234417,5016.803845000424,6906.8009999999995,310.84499999999997,6044.788122974217,28875.561591816568
t1921,1745.5226362615501,361.248,3100.5949497544593,556.9770000000001,4406.373300234417,5016.803845000424,6906.8009999999995,310.84499999999997,6044.788122974217,28449.953854225067
t1922,1745.5226362615501,361.248,3100.5949497544593,556.9770000000001,4406.373300234417,5016.803845000424,6906.8009999999995,310.84499999999997,6044.788122974217,28449.953854225067
t1923,1745.5226362615501,361.248,3100.5949497544593,556.9770000000001,4406.373300234417,4169.015845000424,6906.8009999999995,310.84499999999997,6044.788122974217,27602.165854225066
t1924,1745.5226362615501,361.248,3100.5949497544593,556.9770000000001,4406.373300234417,4483.669741072134,6466.175758430243,310.84499999999997,6044.788122974217,27476.194508727018
t1925,1745.5226362615501,361.248,3393.0117482987707,556.9770000000001,4406.373300234417,4169.015845000424,6378.0379797750065,310.84499999999997,6044.788122974217,27365.819632544386
t1926,1745.5226362615501,361.248,3100.5949497544593,556.9770000000001,4406.373300234417,4169.015845000424,6157.593000000001,310.84499999999997,6044.788122974217,26852.957854225067
t1927,1745.5226362615501,361.248,3884.219252904056,556.9770000000001,4657.752300234417,5016.803845000424,6906.8009999999995,310.84499999999997,6044.788122974217,29484.95715737466
t1928,772.1211747830467,361.248,2839.3579497544592,556.9770000000001,4657.752300234417,5016.803845000424,6157.593000000001,0.0,6044.788122974217,26406.641392746566
t1929,281.6998180710002,158.840879678022,2605.954633338213,230.39100000000002,4657.752300234417,3922.2003892489006,6157.593000000001,0.0,4067.710539250277,22082.14255982083
t1930,281.6998180710002,166.14478734700188,1474.729428287179,230.39100000000002,4657.752300234417,1963.3684211338618,6157.593000000001,0.0,2364.0511510970955,17295.729906170556
t1931,281.6998180710002,140.55041489584426,1761.8294739585792,230.39100000000002,4406.373300234417,1364.061,6157.593000000001,0.0,1579.824,15922.32200715984
t1932,281.6998180710002,113.002714915242,1386.2973801676687,230.39100000000002,4406.373300234417,1364.061,6157.593000000001,0.0,1579.824,15519.24221338833
t1933,281.6998180710002,169.9385081006566,1307.370184251,230.39100000000002,4406.373300234417,1364.061,5423.1957532970355,0.0,1579.824,14762.85356395411
t1934,281.6998180710002,177.83729211874189,1394.9110693582386,230.39100000000002,4406.373300234417,1364.061,6157.593000000001,0.0,1579.824,15592.690479782399
t1935,281.6998180710002,191.09152924084194,1817.58026287899,230.39100000000002,4406.373300234417,1364.061,6157.593000000001,0.0,1982.2713954864637,16431.061305911713
t1936,281.6998180710002,263.452835043186,2496.220735438947,230.39100000000002,4406.373300234417,1364.061,6157.593000000001,0.0,3108.895490791504,18308.687179579054
t1937,1745.5226362615501,361.248,2839.3579497544592,556.9770000000001,4406.373300234417,4169.015845000424,6157.593000000001,310.84499999999997,6044.788122974217,26591.72085422507
t1938,1745.5226362615501,361.248,3598.3211331221723,556.9770000000001,4657.752300234417,7194.466688967983,8657.493090330025,310.84499999999997,6044.788122974217,33127.41397189037
t1939,1745.5226362615501,361.248,3301.2162841499708,556.9770000000001,4406.373300234417,5016.803845000424,8554.377728470137,310.84499999999997,6044.788122974217,30298.151917090716
t1940,1745.5226362615501,361.248,3856.759468116872,556.9770000000001,4406.373300234417,5016.803845000424,10368.305796374785,310.84499999999997,6044.788122974217,32667.623168962265
t1941,1745.5226362615501,361.248,3806.231605464572,556.9770000000001,4406.373300234417,5016.803845000424,9313.31688765741,310.84499999999997,6044.788122974217,31562.10639759259
t1942,1745.5226362615501,361.248,3589.2436297315617,556.9770000000001,4657.752300234417,5016.803845000424,10551.331959213614,310.84499999999997,6044.788122974217,32834.51249341579
t1943,1745.5226362615501,361.248,3432.2768068148116,556.9770000000001,4406.373300234417,5016.803845000424,9505.328957239948,310.84499999999997,6044.788122974217,31380.16366852537
t1944,1745.5226362615501,361.248,3100.5949497544593,556.9770000000001,4657.752300234417,6620.351419972173,10152.682216873034,310.84499999999997,6044.788122974217,33550.761646069855
t1945,1745.5226362615501,361.248,3100.5949497544593,556.9770000000001,4657.752300234417,5016.803845000424,8864.964567243047,310.84499999999997,6044.788122974217,30659.496421468113
t1946,1745.5226362615501,361.248,3100.5949497544593,556.9770000000001,4406.373300234417,5016.803845000424,6906.8009999999995,310.84499999999997,6044.788122974217,28449.953854225067
t1947,1745.5226362615501,361.248,3100.5949497544593,556.9770000000001,4406.373300234417,5016.803845000424,6906.8009999999995,310.84499999999997,6044.788122974217,28449.953854225067
t1948,1745.5226362615501,361.248,3100.5949497544593,556.9770000000001,4406.373300234417,4169.015845000424,6157.593000000001,310.84499999999997,6044.788122974217,26852.957854225067
t1949,1745.5226362615501,361.248,3100.5949497544593,556.9770000000001,4406.373300234417,5016.803845000424,6157.593000000001,310.84499999999997,6044.788122974217,27700.745854225068
t1950,1745.5226362615501,361.248,3782.8513412220327,556.9770000000001,4406.373300234417,5016.803845000424,6906.8009999999995,310.84499999999997,6044.788122974217,29132.21024569264
t1951,1745.5226362615501,361.248,4074.156961147292,556.9770000000001,4406.373300234417,5016.803845000424,6906.8009999999995,310.84499999999997,6044.788122974217,29423.5158656179
t1952,1043.70020955202,361.248,2839.3579497544592,556.9770000000001,4406.373300234417,5016.803845000424,6157.593000000001,0.0,6044.788122974217,26426.841427515537
t1953,281.6998180710002,210.9363242721839,2839.3579497544592,556.9770000000001,4406.373300234417,5016.803845000424,6157.593000000001,0.0,1733.598994422346,21203.34023175483
t1954,281.6998180710002,166.95000000000002,1849.420506135066,556.9770000000001,4406.373300234417,4169.015845000424,6157.593000000001,0.0,1579.824,19167.85346944091
t1955,281.6998180710002,130.02921108010202,1962.3170109172884,230.39100000000002,4406.373300234417,4169.015845000424,6157.593000000001,0.0,1579.824,18917.243185303232
t1956,281.6998180710002,51.19800000000001,1546.209183591429,230.39100000000002,4406.373300234417,4113.321009222536,5755.445853392017,0.0,1579.824,17964.462164511402
t1957,281.6998180710002,51.19800000000001,1918.140360659242,230.39100000000002,4406.373300234417,3311.175,6068.387287276565,0.0,1579.824,17847.188766241223
t1958,281.6998180710002,166.95000000000002,2839.3579497544592,230.39100000000002,4406.373300234417,3033.527862428703,6157.593000000001,0.0,1579.824,18695.71693048858
t1959,281.6998180710002,182.18689744954048,2839.3579497544592,230.39100000000002,4406.373300234417,1852.8229186591993,6157.593000000001,0.0,1676.2523738943548,17626.677258062973
t1960,448.02292035418566,361.248,2839.3579497544592,262.47241555008003,4657.752300234417,3828.7590693780144,6157.593000000001,0.0,2841.2984135805787,21396.504068851737
t1961,1745.5226362615501,361.248,2839.3579497544592,556.9770000000001,4657.752300234417,4169.015845000424,6157.593000000001,310.84499999999997,6044.788122974217,26843.099854225067
t1962,1745.5226362615501,361.248,3733.793895483811,556.9770000000001,4657.752300234417,6990.671925074944,9270.794863608475,310.84499999999997,6044.788122974217,33672.39374363742
t1963,1745.5226362615501,361.248,3505.9183389354384,556.9770000000001,4406.373300234417,5016.803845000424,6906.8009999999995,310.84499999999997,6044.788122974217,28855.277243406046
t1964,1745.5226362615501,361.248,3782.520529021112,556.9770000000001,4406.373300234417,5016.803845000424,8995.552102628932,310.84499999999997,6044.788122974217,31220.63053612065
t1965,1745.5226362615501,361.248,3745.3831855391118,556.9770000000001,4406.373300234417,5016.803845000424,9836.214101860627,310.84499999999997,6044.788122974217,32024.155191870348
t1966,1745.5226362615501,361.248,3687.499046694813,556.9770000000001,4406.373300234417,5016.803845000424,7972.25009771919,310.84499999999997,6044.788122974217,30102.30704888461
t1967,1745.5226362615501,361.248,3602.554960566212,556.9770000000001,4406.373300234417,5016.803845000424,6906.8009999999995,310.84499999999997,6044.788122974217,28951.91386503682
t1968,1745.5226362615501,361.248,3100.5949497544593,556.9770000000001,4657.752300234417,7790.125381200615,8566.133697750583,310.84499999999997,6044.788122974217,33133.98708817585
t1969,1745.5226362615501,361.248,3100.5949497544593,556.9770000000001,4406.373300234417,5016.803845000424,8701.532422617942,310.84499999999997,6044.788122974217,30244.685276843007
t1970,1745.5226362615501,361.248,3100.5949497544593,556.9770000000001,4657.752300234417,5016.803845000424,6906.8009999999995,310.84499999999997,6044.788122974217,28701.332854225067
t1971,1745.5226362615501,361.248,3100.5949497544593,556.9770000000001,4406.373300234417,5016.803845000424,6906.8009999999995,310.84499999999997,6044.788122974217,28449.953854225067
t1972,1745.5226362615501,361.248,3100.5949497544593,556.9770000000001,4406.373300234417,5016.803845000424,6157.593000000001,310.84499999999997,6044.788122974217,27700.745854225068
t1973,1745.5226362615501,361.248,3100.5949497544593,556.9770000000001,4406.373300234417,4169.015845000424,6157.593000000001,310.84499999999997,6044.788122974217,26852.957854225067
t1974,1745.5226362615501,361.248,3447.994737975451,556.9770000000001,4406.373300234417,4603.612720109249,6157.593000000001,310.84499999999997,6044.788122974217,27634.954517554885
t1975,1745.5226362615501,361.248,3100.5949497544593,556.9770000000001,4406.373300234417,4169.015845000424,6906.8009999999995,310.84499999999997,6044.788122974217,27602.165854225066
t1976,349.2500268558389,361.248,2839.3579497544592,556.9770000000001,4657.752300234417,4017.6268988619927,6157.593000000001,0.0,3327.3095454790127,22267.11472118572
t1977,281.6998180710002,208.00470754624195,1985.3260920059074,230.39100000000002,4406.373300234417,2204.615833685982,5053.232162519267,0.0,1579.824,15949.466914062818
t1978,281.6998180710002,51.19800000000001,2138.322975628717,230.39100000000002,4406.373300234417,1651.357484220757,5588.772945150355,0.0,1579.824,15927.939523305246
t1979,281.6998180710002,51.19800000000001,1916.5480557682267,230.39100000000002,4406.373300234417,1364.061,2995.2734746423666,0.0,1579.824,12825.36864871601
t1980,281.6998180710002,51.19800000000001,1307.370184251,230.39100000000002,4406.373300234417,1364.061,2411.1143645760067,0.0,1579.824,11632.031667132425
t1981,281.6998180710002,51.19800000000001,1307.370184251,230.39100000000002,4406.373300234417,1473.5151471544204,4177.057383624242,0.0,1579.824,13507.428833335081
t1982,281.6998180710002,51.19800000000001,1307.370184251,230.39100000000002,4406.373300234417,1364.061,4803.811115567143,0.0,1579.824,14024.728418123561
t1983,281.6998180710002,51.19800000000001,1818.3509268490745,230.39100000000002,4406.373300234417,1364.061,5287.807815927239,0.0,1579.824,15019.705861081731
t1984,281.6998180710002,213.25635546763195,2314.0840665585065,230.39100000000002,4657.752300234417,1505.0049105802602,6157.593000000001,0.0,2109.232408705663,17469.01385961748
t1985,1745.5226362615501,361.248,2839.3579497544592,556.9770000000001,4406.373300234417,4169.015845000424,6157.593000000001,310.84499999999997,6044.788122974217,26591.72085422507
t1986,1745.5226362615501,361.248,3734.4871838802314,556.9770000000001,4657.752300234417,5751.099431549025,8219.350730829234,310.84499999999997,6044.788122974217,31382.070405728675
t1987,1745.5226362615501,361.248,3336.493095027994,556.9770000000001,4406.373300234417,4169.015845000424,6906.8009999999995,310.84499999999997,6044.788122974217,27838.0639994986
t1988,1745.5226362615501,361.248,3570.8292589479915,556.9770000000001,4406.373300234417,5016.803845000424,6906.8009999999995,310.84499999999997,6044.788122974217,28920.1881634186
t1989,1745.5226362615501,361.248,3646.011275049032,556.9770000000001,4406.373300234417,4169.015845000424,8333.873357436014,310.84499999999997,6044.788122974217,29574.65453695565
t1990,1745.5226362615501,361.248,3402.319730060972,556.9770000000001,4657.752300234417,5016.803845000424,6906.8009999999995,310.84499999999997,6044.788122974217,29003.05763453158
t1991,1745.5226362615501,361.248,3503.4830434088108,556.9770000000001,4406.373300234417,5016.803845000424,6906.8009999999995,310.84499999999997,6044.788122974217,28852.84194787942
t1992,1745.5226362615501,361.248,3100.5949497544593,556.9770000000001,4657.752300234417,5016.803845000424,6157.593000000001,310.84499999999997,6044.788122974217,27952.12485422507
t1993,1745.5226362615501,361.248,3100.5949497544593,556.9770000000001,4406.373300234417,5016.803845000424,8644.187463964328,310.84499999999997,6044.788122974217,30187.340318189395
t1994,1745.5226362615501,361.248,2839.3579497544592,556.9770000000001,4406.373300234417,5016.803845000424,6906.8009999999995,310.84499999999997,6044.788122974217,28188.71685422507
t1995,1745.5226362615501,361.248,3100.5949497544593,556.9770000000001,4406.373300234417,5016.803845000424,6906.8009999999995,310.84499999999997,6044.788122974217,28449.953854225067
t1996,1745.5226362615501,361.248,2839.3579497544592,556.9770000000001,4406.373300234417,4169.015845000424,6157.593000000001,310.84499999999997,6044.788122974217,26591.72085422507
t1997,1745.5226362615501,361.248,3100.5949497544593,556.9770000000001,4657.752300234417,4169.015845000424,6906.8009999999995,310.84499999999997,6044.788122974217,27853.544854225067
t1998,1745.5226362615501,361.248,3100.5949497544593,556.9770000000001,4406.373300234417,4169.015845000424,6157.593000000001,310.84499999999997,6044.788122974217,26852.957854225067
t1999,1745.5226362615501,361.248,3652.626018581252,556.9770000000001,4567.572325408932,4169.015845000424,6906.8009999999995,310.84499999999997,6044.788122974217,28315.395948226374
t2000,673.2339105237756,361.248,2839.3579497544592,556.9770000000001,4657.752300234417,4310.86335462573,6157.593000000001,0.0,4153.626765448426,23710.652280586808
t2001,281.6998180710002,244.244556384006,2039.593853495589,230.39100000000002,4406.373300234417,2539.378142542522,6157.593000000001,0.0,1579.824,17479.097670727533
t2002,281.6998180710002,154.07837372644207,1763.4409973642119,230.39100000000002,4406.373300234417,1364.061,5766.573199520318,0.0,1579.824,15546.441688916388
t2003,281.6998180710002,123.27948864142192,1643.8876263609789,230.39100000000002,4406.373300234417,1364.061,2404.935713450424,0.0,1579.824,12034.451946758243
t2004,281.6998180710002,140.44988438548194,1307.370184251,230.39100000000002,4406.373300234417,1364.061,4672.894330100102,0.0,1579.824,13983.063517042001
t2005,281.6998180710002,121.9669485280965,1307.370184251,230.39100000000002,4657.752300234417,1364.061,3365.367319361091,0.0,1579.824,12908.432570445606
t2006,281.6998180710002,166.87163152636185,1307.370184251,230.39100000000002,4406.373300234417,1364.061,5758.0503857246085,0.0,1579.824,15094.641319807388
t2007,281.6998180710002,168.18672968476199,1372.708277661036,230.39100000000002,4406.373300234417,1364.061,6157.593000000001,0.0,1579.824,15560.837125651216
t2008,281.6998180710002,259.7496808911119,2331.7642389666835,230.39100000000002,4657.752300234417,1692.409350065594,6157.593000000001,0.0,2534.0391181519526,18145.39850638076
t2009,1745.5226362615501,361.248,3100.5949497544593,556.9770000000001,4406.373300234417,4422.563422522678,7338.379072863893,310.84499999999997,6044.788122974217,28287.291504611214
t2010,1745.5226362615501,361.248,3100.5949497544593,556.9770000000001,4406.373300234417,5016.803845000424,6157.593000000001,310.84499999999997,6044.788122974217,27700.745854225068
t2011,1745.5226362615501,361.248,3100.5949497544593,556.9770000000001,4406.373300234417,5016.803845000424,6906.8009999999995,310.84499999999997,6044.788122974217,28449.953854225067
t2012,1745.5226362615501,361.248,3700.951067856932,556.9770000000001,4406.373300234417,5016.803845000424,6906.8009999999995,310.84499999999997,6044.788122974217,29050.30997232754
t2013,1745.5226362615501,361.248,3649.545103854632,556.9770000000001,4406.373300234417,5016.803845000424,6906.8009999999995,310.84499999999997,6044.788122974217,28998.90400832524
t2014,1745.5226362615501,361.248,3530.561979074132,556.9770000000001,4406.373300234417,4169.015845000424,6906.8009999999995,310.84499999999997,6044.788122974217,28032.13288354474
t2015,1745.5226362615501,361.248,3100.5949497544593,556.9770000000001,4657.752300234417,5016.803845000424,6906.8009999999995,310.84499999999997,6044.788122974217,28701.332854225067
t2016,1745.5226362615501,361.248,3100.5949497544593,556.9770000000001,4657.752300234417,4169.015845000424,6157.593000000001,310.84499999999997,6044.788122974217,27104.33685422507
t2017,1745.5226362615501,361.248,3408.837136489831,556.9770000000001,4657.752300234417,5016.803845000424,8250.458955188416,310.84499999999997,6044.788122974217,30353.232996148854
t2018,1745.5226362615501,361.248,3100.5949497544593,556.9770000000001,4657.752300234417,5016.803845000424,6906.8009999999995,310.84499999999997,6044.788122974217,28701.332854225067
t2019,1745.5226362615501,361.248,3100.5949497544593,556.9770000000001,4657.752300234417,5016.803845000424,6546.875594683853,310.84499999999997,6044.788122974217,28341.40744890892
t2020,1745.5226362615501,361.248,3100.5949497544593,556.9770000000001,4657.752300234417,4169.015845000424,6157.593000000001,310.84499999999997,6044.788122974217,27104.33685422507
t2021,1745.5226362615501,361.248,3564.879547038152,556.9770000000001,4657.752300234417,4169.015845000424,6157.593000000001,310.84499999999997,6044.788122974217,27568.62145150876
t2022,1745.5226362615501,361.248,3793.5512503051523,556.9770000000001,4657.752300234416,4887.098016478432,6906.8009999999995,310.84499999999997,6044.788122974217,29264.583326253767
t2023,1745.5226362615501,361.248,3991.86829309082,556.9770000000001,4657.752300234415,5016.803845000424,6906.8009999999995,310.84499999999997,6044.788122974217,29592.606197561425
t2024,1745.5226362615501,361.248,3524.4944674217836,556.9770000000001,7219.191137564034,5016.803845000424,6906.8009999999995,310.84499999999997,6044.788122974217,31686.671209222008
t2025,1462.1791794693218,361.248,2839.3579497544592,556.9770000000001,4657.752300234415,5016.803845000424,6157.593000000001,0.0,6044.788122974217,27096.699397432836
t2026,281.6998180710002,361.248,2839.3579497544592,556.9770000000001,4657.752300234415,4169.015845000424,6157.593000000001,0.0,4888.939868082721,23912.58378114302
t2027,281.6998180710002,361.248,2839.3579497544592,301.59440043086397,4657.752300234415,3386.588910700413,6157.593000000001,0.0,4242.878158462915,22228.712537654068
t2028,281.6998180710002,192.10800301045188,2787.76385162927,230.39100000000002,4657.752300234415,1364.061,6157.593000000001,0.0,4087.223653572994,19758.592626518133
t2029,281.6998180710002,361.248,2839.3579497544592,230.39100000000002,4657.752300234415,2855.541140221484,6157.593000000001,0.0,4370.335558810267,21753.91876709163
t2030,281.6998180710002,361.248,2839.3579497544592,230.39100000000002,4657.752300234415,2394.431787912873,6157.593000000001,0.0,2853.274867055202,19775.74872302795
t2031,281.6998180710002,361.248,2839.3579497544592,392.663308049748,7219.191137564034,2685.3010234077246,6157.593000000001,0.0,3572.014996122861,23509.06923296983
t2032,281.6998180710002,361.248,2839.3579497544592,556.9770000000001,7219.191137564034,2983.710088726923,6157.593000000001,0.0,4055.0243176011927,24454.80131171761
t2033,1745.5226362615501,361.248,3437.7874138020925,556.9770000000001,7219.191137564034,4169.015845000424,6157.593000000001,310.84499999999997,6044.788122974217,30002.968155602317
t2034,1745.5226362615501,361.248,4290.055425503012,556.9770000000001,7219.191137564034,4169.015845000424,6906.8009999999995,310.84499999999997,6044.788122974217,31604.444167303238
t2035,1745.5226362615501,361.248,4123.395326615916,556.9770000000001,4657.752300234415,5016.803845000424,6906.8009999999995,310.84499999999997,6044.788122974217,29724.133231086522
t2036,1745.5226362615501,361.248,4448.845542688712,556.9770000000001,4657.752300234415,5016.803845000424,11014.690876095394,310.84499999999997,6044.788122974217,34157.473323254715
t2037,1745.5226362615501,361.248,4433.345759604393,556.9770000000001,7219.191137564034,5016.803845000424,9816.174231212592,310.84499999999997,6044.788122974217,35504.89573261722
t2038,1745.5226362615501,361.248,4375.475066283452,556.9770000000001,4657.752300234415,5016.803845000424,9127.902036262494,310.84499999999997,6044.788122974217,32197.314007016554
t2039,1745.5226362615501,361.248,4320.497781727113,556.9770000000001,4657.752300234416,5016.803845000424,11110.648749699661,310.84499999999997,6044.788122974217,34125.08343589739
t2040,1745.5226362615501,361.248,4225.742164436072,556.9770000000001,7219.191137564034,5016.803845000424,7148.782323610364,310.84499999999997,6044.788122974217,32629.900229846662
t2041,1745.5226362615501,361.248,3100.5949497544593,556.9770000000001,4657.752300234417,5016.803845000424,8216.928204608981,310.84499999999997,6044.788122974217,30011.46005883405
t2042,1745.5226362615501,361.248,3478.0816251690308,556.9770000000001,4657.752300234417,5016.803845000424,6906.8009999999995,310.84499999999997,6044.788122974217,29078.819529639637
t2043,1745.5226362615501,361.248,3100.5949497544593,556.9770000000001,4657.752300234417,5016.803845000424,6157.593000000001,310.84499999999997,6044.788122974217,27952.12485422507
t2044,1745.5226362615501,361.248,3100.5949497544593,556.9770000000001,4657.752300234417,4799.052995617277,6906.8009999999995,310.84499999999997,6044.788122974217,28483.58200484192
t2045,1745.5226362615501,361.248,3100.5949497544593,556.9770000000001,4657.752300234417,4408.714799934669,6157.593000000001,310.84499999999997,6044.788122974217,27344.03580915931
t2046,1745.5226362615501,361.248,3705.021422354311,556.9770000000001,4657.752300234417,4664.061447607082,6906.8009999999995,310.84499999999997,6044.788122974217,28953.016929431575
t2047,1745.5226362615501,361.248,3742.6577820352522,556.9770000000001,4657.752300234416,4169.015845000424,6906.8009999999995,310.84499999999997,6044.788122974217,28495.60768650586
t2048,1745.5226362615501,361.248,3449.8982313669176,556.9770000000001,7219.191137564034,4169.015845000424,6157.593000000001,310.84499999999997,6044.788122974217,30015.078973167143
t2049,281.6998180710002,361.248,2839.3579497544592,556.9770000000001,4657.752300234415,5016.803845000424,6157.593000000001,272.421287577813,5551.724311178267,25695.57751181638
t2050,281.6998180710002,361.248,2839.3579497544592,556.9770000000001,7219.191137564034,4169.015845000424,6157.593000000001,0.0,5909.098936054135,27494.181686444055
t2051,281.6998180710002,361.248,2839.3579497544592,556.9770000000001,4657.752300234415,3795.9747580742896,6157.593000000001,0.0,4340.1869891479355,22990.7898152821
t2052,281.6998180710002,361.248,2839.3579497544592,556.9770000000001,4657.752300234417,3441.296939064902,6157.593000000001,0.0,3398.784,21694.70900712478
t2053,1110.2803175646463,361.248,2839.3579497544592,442.67860600117206,7219.191137564034,3423.906836103014,6157.593000000001,0.0,5139.740493150313,26693.996340137637
t2054,281.6998180710002,361.248,2839.3579497544592,383.6938399829161,4657.752300234416,3704.9506049018187,6157.593000000001,0.0,2308.747169183733,20695.042682128347
t2055,281.6998180710002,361.248,2839.3579497544592,556.9770000000001,7219.191137564034,4134.618441158032,6157.593000000001,0.0,4225.828122974217,25776.513469521742
t2056,767.5063861284435,361.248,2839.3579497544592,556.9770000000001,4657.752300234416,4169.015845000424,6157.593000000001,0.0,5885.495656204237,25394.946137321982
t2057,1745.5226362615501,361.248,2839.3579497544592,556.9770000000001,4657.752300234415,5016.803845000424,6906.8009999999995,310.84499999999997,6044.788122974217,28440.095854225066
t2058,1745.5226362615501,361.248,3671.8987516396523,556.9770000000001,4657.752300234415,5016.803845000424,8542.242777045933,310.84499999999997,6044.788122974217,30908.07843315619
t2059,1745.5226362615501,361.248,3750.6311009084716,556.9770000000001,7219.191137564034,5016.803845000424,9811.824032236562,310.84499999999997,6044.788122974217,34817.83087494526
t2060,1745.5226362615501,361.248,3787.542670362512,556.9770000000001,4657.752300234415,5016.803845000424,9134.26513669696,310.84499999999997,6044.788122974217,31615.74471153008
t2061,1745.5226362615501,361.248,3742.9318140291916,556.9770000000001,4657.752300234415,5016.803845000424,6906.8009999999995,310.84499999999997,6044.788122974217,29343.669718499797
t2062,1745.5226362615501,361.248,3615.1011877776323,556.9770000000001,4657.752300234415,5016.803845000424,9035.592478416824,310.84499999999997,6044.788122974217,31344.630570665064
t2063,1745.5226362615501,361.248,3408.8220195425706,556.9770000000001,4657.752300234416,5016.803845000424,6906.8009999999995,310.84499999999997,6044.788122974217,29009.559924013178
t2064,1745.5226362615501,361.248,3100.5949497544593,556.9770000000001,4657.752300234416,5016.803845000424,6906.8009999999995,310.84499999999997,6044.788122974217,28701.332854225064
t2065,1745.5226362615501,361.248,3100.5949497544593,556.9770000000001,4657.752300234416,7790.125381200615,6906.8009999999995,310.84499999999997,6044.788122974217,31474.654390425258
t2066,1745.5226362615501,361.248,3100.5949497544593,556.9770000000001,4657.752300234417,5016.803845000424,6906.8009999999995,310.84499999999997,6044.788122974217,28701.332854225067
t2067,1745.5226362615501,361.248,3100.5949497544593,556.9770000000001,4657.752300234417,5016.803845000424,6157.593000000001,310.84499999999997,6044.788122974217,27952.12485422507
t2068,1745.5226362615501,361.248,3407.120047770751,556.9770000000001,4657.752300234416,4990.696772045368,6648.396758127592,310.84499999999997,6044.788122974217,28723.34663741389
t2069,1745.5226362615501,361.248,3563.9485912325117,556.9770000000001,7219.191137564034,4941.392443442372,6906.8009999999995,310.84499999999997,6044.788122974217,31650.713931474686
t2070,1745.5226362615501,361.248,3838.9674870011713,556.9770000000001,7219.191137564034,5016.803845000424,6906.8009999999995,310.84499999999997,6044.788122974217,32001.144228801397
t2071,1745.5226362615501,361.248,3679.3232963546725,556.9770000000001,4657.752300234415,5016.803845000424,6906.8009999999995,310.84499999999997,6044.788122974217,29280.06120082528
t2072,1745.5226362615501,361.248,3100.5949497544593,556.9770000000001,4657.752300234415,5016.803845000424,6157.593000000001,310.84499999999997,6044.788122974217,27952.124854225065
t2073,281.6998180710002,361.248,2839.3579497544592,556.9770000000001,4657.752300234415,5016.803845000424,6157.593000000001,0.0,5362.509872726279,25233.941785786577
t2074,281.6998180710002,361.248,2839.3579497544592,556.9770000000001,4657.752300234415,3269.147665803939,6157.593000000001,0.0,2655.728920768766,20779.50465463258
t2075,281.6998180710002,191.68935793594204,2839.3579497544592,230.39100000000002,4657.752300234415,1364.061,6157.593000000001,0.0,1848.8912177261545,17571.435643721972
t2076,281.6998180710002,221.820177624522,2592.5722995768097,230.39100000000002,4657.752300234417,1364.061,6157.593000000001,0.0,1579.824,17085.71359550675
t2077,281.6998180710002,217.85508083458205,2839.3579497544592,230.39100000000002,4657.752300234417,1364.061,6157.593000000001,0.0,2373.8678287497164,18122.577977644174
t2078,281.6998180710002,140.76415524082205,2420.667094654456,230.39100000000002,4657.752300234417,1364.061,6157.593000000001,0.0,2253.710533197622,17506.638901398317
t2079,281.6998180710002,142.70921630497656,2839.3579497544592,230.39100000000002,4657.752300234417,1364.061,6157.593000000001,0.0,2425.080534977327,18098.64481934218
t2080,281.6998180710002,236.52250250683193,2839.3579497544592,230.39100000000002,4657.752300234417,1364.061,6157.593000000001,0.0,3464.4495897672696,19231.827160333978
t2081,1745.5226362615501,361.248,2904.579147924228,556.9770000000001,4657.752300234417,4357.620697287245,6157.593000000001,310.84499999999997,6044.788122974217,27096.92590468166
t2082,1745.5226362615501,361.248,3100.5949497544593,556.9770000000001,4657.752300234417,5016.803845000424,6906.8009999999995,310.84499999999997,6044.788122974217,28701.332854225067
t2083,1745.5226362615501,361.248,3879.949496914352,556.9770000000001,4657.752300234415,5016.803845000424,9444.559305858276,310.84499999999997,6044.788122974217,32018.445707243238
t2084,1745.5226362615501,361.248,3902.810340475232,556.9770000000001,7219.191137564034,7790.125381200615,6906.8009999999995,310.84499999999997,6044.788122974217,34838.30861847565
t2085,1745.5226362615501,361.248,3674.147499845971,556.9770000000001,7219.191137564034,5016.803845000424,8585.155584895503,310.84499999999997,6044.788122974217,33514.6788265417
t2086,1745.5226362615501,361.248,3335.378328377606,556.9770000000001,4657.752300234416,5016.803845000424,9576.761424283315,310.84499999999997,6044.788122974217,31606.07665713153
t2087,1745.5226362615501,361.248,3100.5949497544593,556.9770000000001,4657.752300234416,5016.803845000424,8332.97977423395,310.84499999999997,6044.788122974217,30127.511628459015
t2088,1745.5226362615501,361.248,3421.705563263311,556.9770000000001,7219.191137564034,5016.803845000424,9333.270563779506,310.84499999999997,6044.788122974217,34010.35186884305
t2089,1745.5226362615501,361.248,3100.5949497544593,556.9770000000001,4657.752300234417,7790.125381200615,6979.050859909555,310.84499999999997,6044.788122974217,31546.904250334814
t2090,1745.5226362615501,361.248,3100.5949497544593,556.9770000000001,4657.752300234417,5016.803845000424,6906.8009999999995,310.84499999999997,6044.788122974217,28701.332854225067
t2091,1745.5226362615501,361.248,3100.5949497544593,556.9770000000001,4657.752300234417,5016.803845000424,6157.593000000001,310.84499999999997,6044.788122974217,27952.12485422507
t2092,1745.5226362615501,361.248,3385.399429188391,556.9770000000001,4657.752300234417,4829.45518708145,6906.8009999999995,310.84499999999997,6044.788122974217,28798.788675740023
t2093,1745.5226362615501,361.248,3387.505744180292,556.9770000000001,4657.752300234416,4169.015845000424,6906.8009999999995,310.84499999999997,6044.788122974217,28140.4556486509
t2094,1745.5226362615501,361.248,3685.054083377792,556.9770000000001,4657.752300234416,4169.015845000424,7667.325953417722,310.84499999999997,6044.788122974217,29198.528941266122
t2095,1745.5226362615501,361.248,4232.481168255452,556.9770000000001,4657.752300234415,5016.803845000424,11089.368657872143,310.84499999999997,6044.788122974217,34015.7867305982
t2096,1745.5226362615501,361.248,3100.5949497544593,556.9770000000001,4657.752300234415,5016.803845000424,6906.8009999999995,310.84499999999997,6044.788122974217,28701.332854225064
t2097,1034.9883840142643,361.248,2839.3579497544592,556.9770000000001,4657.752300234415,7790.125381200615,6157.593000000001,141.1571111954039,6044.788122974217,29583.987249373375
t2098,281.6998180710002,242.63290060531196,2613.4572143241658,556.9770000000001,4657.752300234415,4169.015845000424,6157.593000000001,0.0,4859.531478660115,23538.659556895433
t2099,281.6998180710002,278.883401748246,2012.5579497544593,556.9770000000001,4657.752300234415,4243.187292548622,6157.593000000001,0.0,4232.066093336782,22420.71685569353
t2100,281.6998180710002,239.589253481652,1977.1305443952062,230.39100000000002,4657.752300234415,3749.337220855689,6157.593000000001,0.0,3308.4556009427324,20601.948737980696
t2101,281.6998180710002,245.49599999999998,1549.0595577664235,230.39100000000002,4657.752300234415,1364.061,6157.593000000001,0.0,3837.6703755730946,18323.723051644934
t2102,281.6998180710002,245.49599999999998,2232.0860682069465,230.39100000000002,7219.191137564034,1364.061,6157.593000000001,0.0,4225.828122974217,21956.3461468162
t2103,281.6998180710002,175.679257800822,2500.845128952788,230.39100000000002,4657.752300234417,2651.1974932120424,6157.593000000001,0.0,3547.8643905654108,20203.022388836478
t2104,281.6998180710002,288.02464524181056,2675.9913362073275,527.249488613856,7219.191137564034,3328.450668796243,6157.593000000001,0.0,3541.0010816659806,24019.20117616025
t2105,1745.5226362615501,361.248,2839.3579497544592,556.9770000000001,4657.752300234415,4169.015845000424,6157.593000000001,310.84499999999997,6044.788122974217,26843.099854225067
t2106,1745.5226362615501,361.248,3706.541285024792,556.9770000000001,4657.752300234415,5016.803845000424,9285.346684335324,310.84499999999997,6044.788122974217,31685.824873830723
t2107,1745.5226362615501,361.248,3811.359147556171,556.9770000000001,4657.752300234415,5016.803845000424,9843.882566217146,310.84499999999997,6044.788122974217,32349.17861824392
t2108,1745.5226362615501,361.248,3841.406767772671,556.9770000000001,4657.752300234415,5016.803845000424,6906.8009999999995,310.84499999999997,6044.788122974217,29442.144672243277
t2109,1745.5226362615501,361.248,3856.159906035572,556.9770000000001,4657.752300234415,5016.803845000424,6906.8009999999995,310.84499999999997,6044.788122974217,29456.89781050618
t2110,1745.5226362615501,361.248,3789.5372419670125,556.9770000000001,4657.752300234415,7790.125381200615,8048.332341685916,310.84499999999997,6044.788122974217,33305.12802432373
t2111,1745.5226362615501,361.248,3681.874110636752,556.9770000000001,4657.752300234416,5016.803845000424,8388.117103499515,310.84499999999997,6044.788122974217,30763.928118606873
t2112,1745.5226362615501,361.248,3432.817068885752,556.9770000000001,7219.191137564034,7790.125381200615,8600.40928189071,310.84499999999997,6044.788122974217,36061.92362877688
t2113,1745.5226362615501,361.248,3100.5949497544593,556.9770000000001,4657.752300234416,5016.803845000424,9199.179207885723,310.84499999999997,6044.788122974217,30993.71106211079
t2114,1745.5226362615501,361.248,3100.5949497544593,556.9770000000001,4657.752300234416,5016.803845000424,6906.8009999999995,310.84499999999997,6044.788122974217,28701.332854225064
t2115,1745.5226362615501,361.248,3100.5949497544593,556.9770000000001,4657.752300234416,5016.803845000424,6906.8009999999995,310.84499999999997,6044.788122974217,28701.332854225064
t2116,1745.5226362615501,361.248,3100.5949497544593,556.9770000000001,4657.752300234416,4169.015845000424,6157.593000000001,310.84499999999997,6044.788122974217,27104.336854225065
t2117,1745.5226362615501,361.248,3100.5949497544593,556.9770000000001,4657.752300234416,4970.574800904743,6157.593000000001,310.84499999999997,6044.788122974217,27905.895810129387
t2118,1745.5226362615501,361.248,3504.447591828152,556.9770000000001,4657.752300234416,5016.803845000424,6906.8009999999995,310.84499999999997,6044.788122974217,29105.18549629876
t2119,1745.5226362615501,361.248,3566.1411357937877,556.9770000000001,4657.752300234415,5016.803845000424,6906.8009999999995,310.84499999999997,6044.788122974217,29166.879040264394
t2120,1745.5226362615501,361.248,3100.5949497544593,556.9770000000001,4657.752300234415,5016.803845000424,6157.593000000001,310.84499999999997,6044.788122974217,27952.124854225065
t2121,953.0741956660332,361.248,2839.3579497544592,556.9770000000001,7219.191137564034,5016.803845000424,6157.593000000001,0.0,4225.828122974217,27330.07325095917
t2122,281.6998180710002,242.36008376569197,2478.4248360072197,257.43367719452715,4657.752300234415,4169.015845000424,6157.593000000001,0.0,2699.8531468462043,20944.132707119483
t2123,281.6998180710002,200.80871445403204,1533.3418590737865,230.39100000000002,4657.752300234415,2248.9441398437775,6157.593000000001,0.0,1579.824,16890.35483167701
t2124,281.6998180710002,100.28417003773663,1864.9196376641105,230.39100000000002,4657.752300234415,1364.061,6157.593000000001,0.0,2005.3947831645269,16662.09570917179
t2125,281.6998180710002,51.19800000000001,902.8839307478191,230.39100000000002,7219.191137564034,1364.061,5787.241192978394,0.0,1579.824,17416.490079361247
t2126,281.6998180710002,125.51076177148198,1822.4905655792013,230.39100000000002,4657.752300234415,1364.061,6157.593000000001,0.0,1579.824,16219.3224456561
t2127,281.6998180710002,166.56288613408188,1791.553686207995,230.39100000000002,4657.752300234415,1364.061,6157.593000000001,0.0,2369.563307575916,17019.17699822341
t2128,281.6998180710002,194.87555330034596,2839.3579497544592,265.6773795555961,7219.191137564034,2421.7075127625103,6157.593000000001,0.0,2715.562375371972,22095.664726379917
t2129,1745.5226362615501,361.248,2850.948885739024,556.9770000000001,4657.752300234415,4169.015845000424,6157.593000000001,310.84499999999997,6044.788122974217,26854.69079020963
t2130,1745.5226362615501,361.248,3552.1498864016726,556.9770000000001,7219.191137564034,6978.835896988598,9014.461018759124,310.84499999999997,6044.788122974217,35784.0186989492
t2131,1745.5226362615501,361.248,3619.112955786692,556.9770000000001,4657.752300234415,5016.803845000424,8345.071998548345,310.84499999999997,6044.788122974217,30658.121858805644
t2132,1745.5226362615501,361.248,3735.164349320492,556.9770000000001,4657.752300234415,5016.803845000424,8986.171738861578,310.84499999999997,6044.788122974217,31415.272992652677
t2133,1745.5226362615501,361.248,3542.802588470972,556.9770000000001,4657.752300234415,5016.803845000424,6906.8009999999995,310.84499999999997,6044.788122974217,29143.540492941578
t2134,1745.5226362615501,361.248,3647.477526958112,556.9770000000001,4657.752300234417,5016.803845000424,10206.648515980805,310.84499999999997,6044.788122974217,32548.062947409522
t2135,1745.5226362615501,361.248,3409.1913773121314,556.9770000000001,5152.247160071494,5016.803845000424,10271.273596664121,310.84499999999997,6044.788122974217,32868.89673828394
t2136,1745.5226362615501,361.248,3100.5949497544593,556.9770000000001,4882.1341106053305,5016.803845000424,9968.442807339396,310.84499999999997,6044.788122974217,31987.356471935378
t2137,1745.5226362615501,361.248,3100.5949497544593,556.9770000000001,7086.036694562096,5016.803845000424,6906.8009999999995,310.84499999999997,6044.788122974217,31129.617248552746
t2138,1745.5226362615501,361.248,3100.5949497544593,556.9770000000001,4657.752300234417,5016.803845000424,6157.593000000001,310.84499999999997,6044.788122974217,27952.12485422507
t2139,1745.5226362615501,361.248,3100.5949497544593,556.9770000000001,4657.752300234417,4169.015845000424,6906.8009999999995,310.84499999999997,6044.788122974217,27853.544854225067
t2140,1745.5226362615501,361.248,3100.5949497544593,556.9770000000001,4657.752300234417,4169.015845000424,6157.593000000001,310.84499999999997,6044.788122974217,27104.33685422507
t2141,1745.5226362615501,361.248,3100.5949497544593,556.9770000000001,4657.752300234417,4169.015845000424,6906.8009999999995,310.84499999999997,6044.788122974217,27853.544854225067
t2142,1745.5226362615501,361.248,3100.5949497544593,556.9770000000001,4657.752300234417,4169.015845000424,6906.8009999999995,310.84499999999997,6044.788122974217,27853.544854225067
t2143,1745.5226362615501,361.248,3100.5949497544593,556.9770000000001,4657.752300234417,4169.015845000424,6906.8009999999995,310.84499999999997,6044.788122974217,27853.544854225067
t2144,1326.9990381885893,361.248,2839.3579497544592,556.9770000000001,4657.752300234417,4169.015845000424,6157.593000000001,0.0,6044.788122974217,26113.731256152107
t2145,281.6998180710002,317.89813493089184,2839.3579497544592,556.9770000000001,4657.752300234417,4169.015845000424,6157.593000000001,0.0,1690.3863755750097,20670.680423566202
t2146,281.6998180710002,247.10823089692659,2826.310018983342,556.9770000000001,4657.752300234417,4169.015845000424,6157.593000000001,0.0,1579.824,20476.28021318611
t2147,281.6998180710002,51.19800000000001,2678.547697973168,342.5694365658839,4657.752300234417,3946.719707481823,4763.5734092819475,0.0,1579.824,18301.88436960824
t2148,281.6998180710002,51.19800000000001,2328.5369052541673,295.1428603389237,6857.084499349311,4169.015845000424,4156.640228443589,0.0,1579.824,19719.142156457416
t2149,281.6998180710002,264.0228278998919,2104.3805256334504,464.4226330645781,4657.752300234417,4169.015845000424,5071.956122278929,0.0,1579.824,18593.074072182688
t2150,281.6998180710002,202.79277392935202,2718.4217693611126,486.2690217845551,4657.752300234417,4169.015845000424,4785.1050000000005,0.0,1579.824,18880.88052838086
t2151,281.6998180710002,190.47026233666205,2762.6652139067724,306.7705178554122,7219.191137564034,4169.015845000424,6157.593000000001,0.0,1579.824,22667.229794734307
t2152,1745.5226362615501,361.248,2839.3579497544592,556.9770000000001,4657.752300234417,4351.645652819759,6157.593000000001,0.0,3302.52359333193,23972.620132402117
t2153,1745.5226362615501,361.248,3373.4804512370715,556.9770000000001,4657.752300234417,4169.015845000424,6157.593000000001,310.84499999999997,6044.788122974217,27377.22235570768
t2154,1745.5226362615501,361.248,3656.3102587792523,556.9770000000001,4657.752300234417,5016.803845000424,6906.8009999999995,310.84499999999997,6044.788122974217,29257.04816324986
t2155,1745.5226362615501,361.248,3680.170653264332,556.9770000000001,4657.752300234417,5016.803845000424,6157.593000000001,310.84499999999997,6044.788122974217,28531.70055773494
t2156,1745.5226362615501,361.248,3471.582290228612,556.9770000000001,4657.752300234417,5016.803845000424,6157.593000000001,310.84499999999997,6044.788122974217,28323.11219469922
t2157,1745.5226362615501,361.248,3399.264533771972,556.9770000000001,4657.752300234417,5016.803845000424,6157.593000000001,310.84499999999997,6044.788122974217,28250.79443824258
t2158,1745.5226362615501,361.248,3474.4300964766912,556.9770000000001,7219.191137564034,5016.803845000424,6157.593000000001,310.84499999999997,6044.788122974217,30887.398838276917
t2159,1745.5226362615501,361.248,3400.1353486798503,556.9770000000001,7219.191137564034,5016.803845000424,6157.593000000001,310.84499999999997,6044.788122974217,30813.104090480076
t2160,1745.5226362615501,361.248,3100.5949497544593,556.9770000000001,4657.752300234416,5016.803845000424,6157.593000000001,310.84499999999997,6044.788122974217,27952.124854225065
t2161,1745.5226362615501,361.248,3100.5949497544593,556.9770000000001,7219.191137564034,4169.015845000424,6157.593000000001,310.84499999999997,6044.788122974217,29665.775691554685
t2162,1745.5226362615501,361.248,2839.3579497544592,556.9770000000001,4657.752300234417,5016.803845000424,6906.8009999999995,310.84499999999997,6044.788122974217,28440.095854225066
t2163,1745.5226362615501,361.248,2839.3579497544592,556.9770000000001,4657.752300234417,5016.803845000424,6157.593000000001,310.84499999999997,6044.788122974217,27690.887854225068
t2164,1745.5226362615501,361.248,2839.3579497544592,556.9770000000001,7219.191137564034,4456.573911131158,6157.593000000001,310.84499999999997,6044.788122974217,29692.09675768542
t2165,1745.5226362615501,361.248,3100.5949497544593,556.9770000000001,4657.752300234417,4169.015845000424,6157.593000000001,310.84499999999997,6044.788122974217,27104.33685422507
t2166,1745.5226362615501,361.248,2839.3579497544592,556.9770000000001,4657.752300234417,4169.015845000424,6157.593000000001,310.84499999999997,6044.788122974217,26843.099854225067
t2167,1745.5226362615501,361.248,3100.5949497544593,556.9770000000001,4657.752300234416,4169.015845000424,6157.593000000001,310.84499999999997,6044.788122974217,27104.336854225065
t2168,1745.5226362615501,361.248,2839.3579497544592,556.9770000000001,4657.752300234416,4169.015845000424,6157.593000000001,310.84499999999997,6044.788122974217,26843.099854225067
t2169,915.2762027545205,361.248,2839.3579497544592,556.9770000000001,7219.191137564034,3744.591595131162,6157.593000000001,0.0,6044.788122974217,27839.023008178392
t2170,281.6998180710002,361.248,2839.3579497544592,230.43379744996784,4657.752300234416,2437.868362459985,6157.593000000001,0.0,5478.635833912613,22444.58906188244
t2171,715.8593723438936,361.248,2839.3579497544592,230.39100000000002,4657.752300234417,1364.061,6157.593000000001,0.0,5198.304961473661,21524.56758380643
t2172,575.7826608557518,361.248,2839.3579497544592,230.39100000000002,4657.752300234417,1364.061,6157.593000000001,0.0,4169.500165706362,20355.686076550992
t2173,431.55746376529635,361.248,2839.3579497544592,230.39100000000002,4657.752300234417,1364.061,6157.593000000001,0.0,3728.067469310074,19770.02818306425
t2174,1028.124726779413,361.248,2839.3579497544592,230.39100000000002,7219.191137564034,1364.061,6157.593000000001,0.0,3370.9650983602996,22570.931912458203
t2175,1181.1888503656148,361.248,2839.3579497544592,230.39100000000002,4657.752300234417,1364.061,6157.593000000001,0.0,4896.441696570337,21688.03379692483
t2176,1095.568819216945,361.248,2839.3579497544592,230.39100000000002,4657.752300234417,1364.061,6157.593000000001,0.0,4963.233965022926,21669.206034228748
t2177,1745.5226362615501,361.248,2839.3579497544592,556.9770000000001,4657.752300234415,3159.2599057069483,6157.593000000001,288.7116876480909,6044.788122974217,25811.210602579682
t2178,1745.5226362615501,361.248,3583.680747114392,556.9770000000001,4657.752300234415,5016.803845000424,6906.8009999999995,310.84499999999997,6044.788122974217,29184.418651584998
t2179,1745.5226362615501,361.248,3100.5949497544593,556.9770000000001,7219.191137564034,5016.803845000424,6157.593000000001,310.84499999999997,6044.788122974217,30513.563691554686
t2180,1745.5226362615501,361.248,3492.486712447832,556.9770000000001,4657.752300234415,5016.803845000424,6906.8009999999995,310.84499999999997,6044.788122974217,29093.224616918436
t2181,1745.5226362615501,361.248,3601.501174474892,556.9770000000001,4657.752300234415,5016.803845000424,6157.593000000001,310.84499999999997,6044.788122974217,28453.0310789455
t2182,1745.5226362615501,361.248,3305.2186493792765,556.9770000000001,4657.752300234416,4169.015845000424,6906.8009999999995,310.84499999999997,6044.788122974217,28058.168553849882
t2183,1745.5226362615501,361.248,3233.5423092944593,556.9770000000001,4657.752300234416,5016.803845000424,6157.593000000001,310.84499999999997,6044.788122974217,28085.072213765066
t2184,1745.5226362615501,361.248,3100.5949497544593,556.9770000000001,4657.752300234416,5016.803845000424,6157.593000000001,310.84499999999997,6044.788122974217,27952.124854225065
