Line,1,2,3,4,5,6,7,8,9,10,11,12,13,14,15,16,17,Total
AnnualSum,40341.64296253049,17275.40759570024,99832.19761426985,28352.435753974634,4462.409784838263,8807.536116617339,9405.565245837888,468579.27322855074,36407.46137323599,185650.52401786883,18993.282433332137,708816.0752173674,379685.01050030184,87800.69906061461,20565.28674285992,155045.47482332416,48343.65810741318,2.318363940578637e6
t1,5.699999999999999,2.1,2.926681509155899,0.0,0.0,1.5044147336983578,1.48,77.18949148533738,10.224,24.5,0.0,94.08,45.0,13.596781638272358,0.0,19.227158393968285,14.868,312.3965277604323
t2,5.699999999999999,2.1,3.5131800195829173,0.0,0.0,1.5372519661523152,1.48,76.23152255789662,10.175413561567506,24.5,0.0,94.08,45.0,14.592991063775102,0.0,18.30709236158732,14.868,312.0854515305618
t3,5.699999999999999,2.1,3.8631939222641436,0.0,0.0,1.4564517670482835,1.48,27.156586899698347,4.641804103689549,24.5,0.0,94.08,45.0,12.31809018313253,0.0,22.011692908095245,14.868,259.1758197839281
t4,5.699999999999999,2.1,3.424494816007943,0.0,0.0,1.88144057980299,1.48,31.928624672775506,3.8400138113593862,24.5,0.0,94.08,45.0,10.498288681606425,0.0,14.246507828095263,14.868,253.54737038964754
t5,5.699999999999999,2.1,2.3704769411320767,0.0,0.0,0.9061454454952723,1.48,72.76676397850518,8.664352607945055,24.5,0.0,94.08,45.0,10.370572195662653,0.0,0.0,14.868,282.8063111687402
t6,5.699999999999999,2.1,0.44987713974179755,0.0,0.0,1.5173733964659037,1.48,18.617016312937604,0.0,24.5,0.0,94.08,45.0,0.023251543534135274,0.0,0.0,14.868,208.33551839267943
t7,5.699999999999999,2.1,0.0,0.0,0.0,0.151330811348931,1.48,32.58745505509895,0.0,24.5,0.0,94.08,45.0,16.644375188930518,0.0,0.0,10.896330385794672,233.13949144117308
t8,0.0,2.1,2.2844526642383327,0.0,0.0,3.2907146776306635,1.48,0.0,0.9820371132264499,24.5,0.0,94.08,45.0,9.41584347686747,0.0,3.3884056851145807,14.868,201.3894536170775
t9,5.699999999999999,2.1,0.0,46.40010293756677,0.0,0.0,1.48,42.3315710409463,0.0,24.5,0.0,94.08,45.0,12.037877885863454,4.960840908111195,0.0,0.0,278.59039277248775
t10,5.699999999999999,2.1,43.54,0.0,0.0,3.8747807258138387,1.48,89.9,10.224,24.5,0.0,94.08,45.0,0.0,0.0,0.0,1.091477635750247,321.4902583615641
t11,5.699999999999999,2.1,35.108179992254215,0.0,0.0,5.445913106849179,1.48,89.9,6.633737692184372,24.5,0.0,94.08,45.0,0.0,0.0,0.0,6.218460915449345,316.16629170673707
t12,5.699999999999999,2.1,36.151254835392265,0.0,0.0,4.584252204161274,1.48,89.9,5.37054330340681,24.5,0.04567373776781422,94.08,45.0,0.0,0.0,0.0,3.4166907243303113,312.32841480505846
t13,5.699999999999999,2.1,36.26019014224429,0.0,0.0,4.557986002070683,1.48,89.9,5.84175025089756,22.804226365656568,0.0,74.00705578105263,45.0,0.0,0.0,13.892518625658127,2.40628266004028,303.95000982762014
t14,5.699999999999999,2.1,43.54,0.0,0.0,5.232814251697363,1.48,89.9,5.794554619278555,22.776400848282833,0.0,84.06701002226724,45.0,0.0,0.0,19.034504425167906,4.040758927432026,328.6660430941259
t15,5.699999999999999,2.1,37.17391746885852,0.0,0.0,4.68954486394226,1.48,89.9,7.178046309418838,24.5,0.0,94.08,45.0,0.0,0.0,19.87110795924575,0.0,331.6726166014654
t16,5.699999999999999,2.1,21.96998047249255,0.0,0.0,3.3626201170632153,1.48,89.9,5.76724599009508,24.5,0.0,94.08,45.0,0.0,0.0,14.18541580481248,2.5354778402819713,310.5807402247453
t17,0.0,2.1,24.379577379487543,0.0,0.0,0.0,1.48,0.0,3.3991732095808396,24.5,0.0,94.08,45.0,18.53388633156627,2.3821027016915437,0.0,0.0,215.85473962232618
t18,5.699999999999999,2.1,0.0,0.0,0.0,0.6189052264808366,1.48,12.610910911099719,0.0,24.5,0.0,94.08,45.0,15.68519010891566,0.0,0.0,14.868,216.6430062464962
t19,5.699999999999999,2.1,0.0,0.0,0.0,1.2201426206193158,1.48,18.52015425440392,0.5920259610592694,24.5,0.0,94.08,45.0,20.0,0.0,0.0,7.816576007157492,221.00889884324
t20,5.699999999999999,2.1,0.0,0.0,0.0,0.5245266301642625,1.48,15.700760163571772,0.0,24.5,0.0,94.08,45.0,18.30108099694779,0.0,0.0,14.868,222.25436779068383
t21,5.699999999999999,2.1,9.759818053346574,0.0,0.0,0.6448264808362383,1.48,32.97281933135474,1.439778455812527,24.5,0.0,94.08,45.0,17.38220872674698,0.0,0.0,14.868,249.92745104809705
t22,5.699999999999999,2.1,0.0,0.0,0.0,0.8283682429069203,1.48,44.496509891504694,4.966544103417699,24.5,0.0,94.08,45.0,16.5535775211245,0.0,0.0,14.868,254.5729997589538
t23,5.699999999999999,2.1,0.0,0.0,0.0,1.0430404181184671,1.48,76.96531057980718,10.224,24.5,0.0,94.08,45.0,9.593498061369557,0.0,0.0,14.868,285.55384905929515
t24,5.699999999999999,2.1,1.3056427802581845,0.0,0.0,1.1887015430562482,1.48,57.3466833037551,7.659087288108628,24.5,0.0,94.08,45.0,4.946496333253011,0.0,0.0,14.868,260.1746112484312
t25,5.699999999999999,2.1,1.6898989868123022,0.0,0.0,1.350130811348931,1.48,64.04986339969557,10.224,24.5,0.0,94.08,45.0,14.777399333785594,0.0,9.00447375174606,14.868,288.8237662833884
t26,5.699999999999999,2.1,2.2468264942601714,0.0,0.0,2.4183437299651582,1.48,60.45289231902588,10.224,24.5,0.0,94.08,45.0,14.372089844497989,0.0,1.3756983042857565,14.868,278.81785069203494
t27,5.699999999999999,2.1,2.6754322539423923,0.0,0.0,1.3846748631159795,1.48,59.85921922534651,8.921281886458667,24.5,0.0,94.08,45.0,11.531115514377506,0.0,0.0,14.868,272.09972374324104
t28,5.699999999999999,2.1,2.178341886514389,0.0,0.0,1.265184071677452,1.48,21.400712884021257,4.874963874843824,24.5,0.0,94.08,45.0,9.555672915341365,0.0,0.0,14.868,227.0028756323983
t29,5.699999999999999,2.1,0.8435176561270998,0.0,0.0,1.0438441015430564,1.48,42.289995520238435,5.542283984967302,24.5,0.0,94.08,45.0,9.046289199614924,0.0,0.0,2.145055514875892,233.7709859773667
t30,5.699999999999999,2.1,0.0,0.0,0.0,0.5489767048282737,1.48,44.009877803665525,3.888641601309432,24.5,0.0,94.08,45.0,12.587938762246033,0.0,0.0,12.176076969632591,246.07151184168185
t31,0.0,2.1,5.613619157727144,1.5147394611807867,0.0,0.0,1.48,3.345270494457545,2.825562378620981,24.5,0.0,94.08,45.0,12.031764571967868,1.0735376194029869,0.0,0.0,193.56449368335734
t32,5.699999999999999,2.1,18.090911045441914,0.0,0.0,3.0943399638427085,1.48,23.322244630515378,0.0,24.5,0.0,94.08,45.0,11.630506234985772,0.0,0.0,12.507092295265998,241.50509417005176
t33,5.699999999999999,2.1,25.77578401756281,0.37850175936369007,0.0,0.0,1.48,37.888640488348955,0.0,24.5,0.0,94.08,45.0,11.446952662008032,3.419739431542289,0.0,0.0,251.76961835882577
t34,5.699999999999999,2.1,43.54,2.3730306158259333,0.0,4.49475780570433,1.48,89.9,8.08803858001484,24.5,2.7593627433283507,94.08,45.0,0.0,0.0,19.24126484950681,4.574303718026177,347.83075831240643
t35,5.699999999999999,2.1,34.75129816504471,0.0,0.0,4.185346579472375,1.48,89.9,8.531721384969938,24.5,0.048130051028599914,94.08,45.0,0.0,0.0,14.072792278362238,0.0,324.3492884588779
t36,5.699999999999999,2.1,35.635546817517394,0.0,0.0,5.334775426411151,1.48,89.9,7.400292054589176,24.5,0.0,94.08,45.0,0.0,0.0,0.0,8.756257300845911,319.88687159936364
t37,5.699999999999999,2.1,34.81827710685206,0.0,0.0,4.311685255430564,1.48,89.9,7.171192196112224,24.5,0.0,94.08,45.0,0.0,0.0,22.212504214290778,5.609849498529714,336.88350827121536
t38,5.699999999999999,2.1,43.54,0.0,0.0,4.894599717103036,1.48,89.9,7.798850808176353,24.5,0.0,94.08,45.0,0.0,0.0,23.124356114041717,3.914119930595375,346.03192656991644
t39,5.699999999999999,2.1,25.85057785649612,0.0,0.0,4.323613554833252,1.48,89.9,10.224,24.5,0.0,94.08,45.0,0.0,0.0,12.229981069581857,12.750962004934543,328.1391344858458
t40,5.699999999999999,2.1,22.33166822025819,0.0,0.0,2.849930122040816,1.48,65.55423172384425,0.0,24.5,0.0,94.08,45.0,0.0,0.0,5.807682341467471,6.680114428741185,276.0836268363519
t41,0.0,2.1,5.578134465250515,0.0,0.0,0.0,1.48,0.0,2.404570050219562,24.5,0.0,94.08,45.0,19.763915517831325,2.206094741492539,0.0,0.0,197.11271477479394
t42,0.41633516977087726,2.1,0.0,0.0,0.0,0.5674515679442518,1.48,0.0,1.3753997515030059,24.5,0.0,94.08,45.0,5.0607909840160605,0.0,0.0,14.868,189.44797747323418
t43,0.0,2.1,0.0,0.0,0.0,0.4555200597312108,1.48,1.2063597009630942,0.0,24.5,0.0,94.08,45.0,20.0,0.0,0.0,14.868,203.68987976069428
t44,0.8354239112650387,2.1,0.0,0.0,0.0,0.46388929815828833,1.48,18.341160732623045,0.0,24.5,0.0,94.08,45.0,9.930619516058854,0.0,0.0,11.403932087018543,208.1350255451238
t45,5.699999999999999,2.1,0.0,0.0,0.0,0.5505365853658543,1.48,35.46858049938606,2.485313260395757,24.5,0.0,94.08,45.0,18.318034562570276,0.0,0.0,14.868,244.55046490771792
t46,5.699999999999999,2.1,0.0,0.0,0.0,0.7357018417122964,1.48,71.13441814850601,7.952541012231081,24.5,0.0,94.08,45.0,17.31564412465863,0.0,1.6026987107937036,14.868,286.4690038379017
t47,5.699999999999999,2.1,10.015134087136346,0.0,0.0,1.0042673967147844,1.48,25.82741371282353,2.7569761596789313,24.5,0.0,94.08,45.0,16.23908638441767,0.0,7.7705955361905055,14.868,251.34147327696175
t48,5.699999999999999,2.1,1.4627986888977078,0.0,0.0,1.1927647585863623,1.48,78.54224248101471,10.224,24.5,0.0,94.08,45.0,9.994670847895879,0.0,11.377599891587328,14.868,300.522076667982
t49,5.699999999999999,2.1,2.2608821049850985,0.0,0.0,1.3577725236436042,1.48,81.99750666220191,10.224,24.5,0.0,94.08,45.0,15.538772716913492,0.0,12.215498076507963,14.868,311.3224320842521
t50,5.699999999999999,2.1,3.019315074200594,0.0,0.0,1.4410894972623203,1.48,78.07005146382546,10.224,24.5,0.0,94.08,45.0,15.32621422024096,0.0,10.93417766936509,14.868,306.7428479248945
t51,5.699999999999999,2.1,3.354564329414099,0.0,0.0,1.4090604280736694,1.48,71.71834959640861,9.37875004634327,24.5,0.0,94.08,45.0,12.470037513413654,0.0,8.315558621746044,14.868,294.37432053539936
t52,5.699999999999999,2.1,2.72913831153922,0.0,0.0,1.3324891986062721,1.48,66.63234789519572,8.326761504400219,24.5,0.0,94.08,45.0,10.573812424364204,0.0,0.0,14.84019573334662,277.2947450674522
t53,5.699999999999999,2.1,1.3647569808540156,0.0,0.0,1.092615231458438,1.48,80.34601673351591,9.277908402351152,24.5,0.0,94.08,45.0,10.514655934297187,0.0,0.0,14.868,290.32395328247674
t54,5.699999999999999,2.1,0.0,0.0,0.0,1.466660959540138,1.48,89.9,10.197153692614771,24.5,0.0,94.08,45.0,15.032491339508796,0.0,0.0,9.5115900188481,298.9678960105118
t55,5.699999999999999,2.1,0.0,1.63092295470984,0.0,0.0,1.48,54.261420612774195,1.6519591181621525,24.5,0.0,94.08,45.0,12.98988259156626,1.312856027363186,0.0,0.0,244.70704130457565
t56,0.0,2.1,19.658802917274745,0.0,0.0,3.321622890671977,1.48,0.0,1.9669349642484961,24.5,0.0,94.08,45.0,8.342734335100397,0.0,6.536216834385317,14.868,221.85431194168095
t57,5.699999999999999,2.1,28.86599368377359,0.0,0.0,2.58038430924924,1.48,32.27482726683096,0.0,24.5,0.0,94.08,45.0,8.57259811140562,0.8589816220996551,0.0,0.0,246.01278499335908
t58,5.699999999999999,2.1,39.10018726025819,0.0,0.0,4.465360194952714,1.48,89.9,3.965869354085486,24.5,0.2961871427802658,94.08,45.0,0.0,0.0,25.92843110005849,2.2448837889023174,338.7609188410375
t59,5.699999999999999,2.1,29.065979308877854,0.0,0.0,4.955536302468891,1.48,89.9,8.895740667014026,24.5,0.0,94.08,45.0,0.0,0.0,17.262720533476365,0.14097182582196563,323.08094863765905
t60,5.699999999999999,2.1,30.217536092432983,0.0,0.0,5.194131723076158,1.48,89.9,7.711944828496989,24.5,0.0,94.08,45.0,0.0,0.0,22.346390592255048,5.593872709949655,333.8238759462108
t61,5.699999999999999,2.1,30.59919046780536,0.0,0.0,4.261330053837732,1.48,89.9,7.1686957195190395,24.5,0.0,94.08,45.0,0.0,0.0,34.98476546402544,0.0,339.77398170518757
t62,5.699999999999999,2.1,42.742570532393245,0.0,0.0,4.9885168898257835,1.48,89.9,7.4885658009218465,24.5,0.0,94.08,45.0,0.0,0.0,26.681168884767818,5.749829953232636,350.4106520611413
t63,5.699999999999999,2.1,32.729944400896876,0.0,0.0,4.534769055082131,1.48,89.9,10.224,24.5,0.0,94.08,45.0,0.0,0.0,32.73730528155873,11.210482630271908,354.1965013678096
t64,5.699999999999999,2.1,16.48862691229394,0.0,0.0,3.2643987133797916,1.48,67.938893900276,0.0,24.5,0.8355527260010025,94.08,45.0,0.0,0.0,17.652421094050197,4.236540551822759,283.27643389782367
t65,0.0,2.1,14.611862379223828,0.0,0.0,0.0,1.48,0.0,2.958615157245509,24.5,0.0,94.08,45.0,18.791287034297188,2.5867892688557226,0.0,0.0,206.10855383962223
t66,5.699999999999999,2.1,0.0,0.0,0.0,0.5584336485813856,1.48,20.256640483003572,0.0,24.5,0.0,94.08,45.0,5.887884344176701,0.0,9.27877807636967,14.868,223.70973655213132
t67,5.699999999999999,2.1,0.0,0.0,0.0,0.4017942259830773,1.48,27.371314153221707,0.0,24.5,0.0,94.08,45.0,9.82954925180722,0.0,0.0,14.868,225.33065763101197
t68,5.699999999999999,2.1,0.0,0.0,0.0,0.4286123444499764,1.48,89.9,9.664998954091818,24.5,0.0,94.08,45.0,20.0,0.0,0.0,14.868,307.7216112985418
t69,5.699999999999999,2.1,0.0,0.0,0.0,0.5564723743155804,1.48,89.9,9.96867959281437,24.5,0.0,94.08,45.0,18.904533296064255,0.0,0.0,14.868,307.0576852631942
t70,5.699999999999999,2.1,0.0,0.0,0.0,0.7938241911398721,1.48,89.9,10.224,24.5,0.0,94.08,45.0,17.840225632610434,0.0,6.553424107619087,14.868,313.0394739313694
t71,5.699999999999999,2.1,0.0,0.0,0.0,1.0193868591338981,1.48,89.9,10.224,24.5,0.0,94.08,45.0,17.03294049204819,0.0,4.2605855796825685,14.868,310.16491293086466
t72,5.699999999999999,2.1,2.167525600516375,0.0,0.0,1.207966650074665,1.48,80.88753103423632,10.224,24.5,0.0,94.08,45.0,15.375648584598945,0.0,15.185503472698443,14.868,312.7761753421247
t73,5.699999999999999,2.1,3.0146298706256185,0.0,0.0,1.1356172224987573,1.48,77.69824527407405,10.224,24.5,0.0,94.08,45.0,11.463915006234522,0.0,9.986149504444468,14.868,301.2505568778774
t74,5.699999999999999,2.1,3.591035034478645,0.0,0.0,1.1439864609258346,1.48,75.11434674540843,10.224,24.5,0.0,94.08,45.0,15.630569705381522,0.0,10.236937759047624,14.868,303.66887570524204
t75,5.699999999999999,2.1,4.000163137755702,0.0,0.0,1.1364271777003494,1.48,47.48578792282328,7.825307754469315,24.5,0.0,94.08,45.0,12.885652776385543,0.0,16.879959028254014,14.868,277.9412977973882
t76,5.699999999999999,2.1,3.547422323455796,0.0,0.0,1.0430287705326038,1.48,52.997354434306295,8.224504204695279,24.5,0.0,94.08,45.0,10.860927495261045,0.0,3.3353272822222686,14.868,267.7365645104733
t77,5.699999999999999,2.1,2.197805640238319,0.0,0.0,0.8048616226978607,1.48,68.50542882173372,9.527843073276701,24.5,0.0,94.08,45.0,10.509574579598393,0.0,0.0,14.868,279.273513737545
t78,5.699999999999999,2.1,0.0,0.0,0.0,0.4000623195619717,1.48,89.9,10.224,24.5,0.0,94.08,45.0,11.660657650602408,0.0,9.189239397936548,14.868,309.1019593681009
t79,5.699999999999999,2.1,0.0,0.0,0.0,0.0,1.48,33.10256356748859,0.0,24.5,0.0,94.08,45.0,5.793253412111114,0.0,0.0,10.40590905535783,222.16172603495752
t80,0.0,2.1,14.105923839548511,0.0,0.0,2.8615477288999505,1.48,0.0,1.7229607237274578,24.5,0.0,94.08,45.0,8.639661115020075,0.0,19.065968526745824,14.868,228.42406193394183
t81,5.699999999999999,2.1,28.24710268182721,0.0,0.0,2.9601570092882046,1.48,35.070365263144424,0.0,24.5,0.0,94.08,45.0,3.8020192360747904,0.0,0.0,10.384362085459856,253.32400627579446
t82,5.699999999999999,2.1,39.06394568131082,0.0,0.0,4.315954819143854,1.48,89.9,7.633227059921117,24.5,0.0,94.08,45.0,0.0,0.0,35.1379972819467,3.1211972632628346,352.0323221055853
t83,5.699999999999999,2.1,28.821427753763658,0.0,0.0,3.8219168134196124,1.48,89.9,8.75377068749499,24.5,0.0,94.08,45.0,0.0,0.0,25.792069334415054,0.0,329.9491845890933
t84,5.699999999999999,2.1,29.703831006037742,0.0,0.0,5.042161190472873,1.48,89.9,7.5622822649699435,24.5,0.0,94.08,45.0,0.0,0.0,26.064030071419864,4.988509370674728,336.12081390357514
t85,5.699999999999999,2.1,43.54,0.0,0.0,4.987141578725734,1.48,89.9,7.42021009519038,24.5,0.38507762375685134,94.08,45.0,0.0,0.0,29.810508384123455,2.710272456052371,351.6132101378488
t86,5.699999999999999,2.1,26.29782251157895,0.0,0.0,4.668745859462419,1.48,89.9,7.9179848333066145,24.5,0.5614534157548591,94.08,45.0,0.0,0.0,19.62128919216587,5.970422279778446,327.7977180920472
t87,5.699999999999999,2.1,34.86852460667328,0.0,0.0,4.087712310433052,1.48,89.9,9.1232954545491,24.5,0.0,94.08,45.0,0.0,0.0,29.83364270476739,10.295139106003225,350.968314182426
t88,5.699999999999999,2.1,19.067751057199608,0.0,0.0,2.7607038264609267,1.48,65.03538418478071,0.0,24.5,0.0,94.08,45.0,0.0,0.0,6.488705901404296,5.624338486807647,271.83688345665314
t89,0.0,2.1,9.30936288876472,0.0,0.0,0.0,1.48,0.0,2.675221108542914,24.5,0.0,94.08,45.0,18.388950732449796,2.314093746467663,0.0,0.0,199.84762847622508
t90,5.699999999999999,2.1,0.0,0.0,0.0,0.6122437033349928,1.48,34.931211971261696,1.9906383886128944,24.5,0.0,94.08,45.0,7.655253983231737,0.0,0.0,14.868,232.91734804644133
t91,5.699999999999999,2.1,0.0,0.0,0.0,0.4648703832752629,1.48,38.311576598109646,2.7563833593278337,24.5,0.0,94.08,45.0,20.0,0.0,0.0,14.868,249.26083034071274
t92,5.699999999999999,2.1,0.0,0.0,0.0,0.45470562468890113,1.48,47.13736331887629,2.4113285496252432,24.5,0.0,94.08,45.0,20.0,0.0,0.0,14.868,257.7313974931904
t93,5.699999999999999,2.1,0.0,0.0,0.0,0.5489121951219522,1.48,76.47015582750123,7.852073223043904,24.5,0.0,94.08,45.0,18.69680521220883,0.0,2.4109606155555827,14.868,293.7069070734315
t94,5.699999999999999,2.1,0.0,0.0,0.0,0.7526114484818329,1.48,21.70482106626077,0.0,24.5,0.0,94.08,45.0,6.356995691646585,0.0,12.005925060634915,14.868,228.5483532670241
t95,5.699999999999999,2.1,0.0,0.0,0.0,1.0118266799402698,1.48,89.33841130106543,10.224,24.5,0.0,94.08,45.0,16.351977818152605,0.0,18.0327479171429,14.868,322.6869637163012
t96,5.699999999999999,2.1,1.6383756501688098,0.0,0.0,1.2542998506719762,1.48,76.41046212237441,10.224,24.5,0.0,94.08,45.0,17.203467195180718,0.0,22.383212996507954,14.868,316.8418178149039
t97,5.699999999999999,2.1,2.4901651238530285,0.0,0.0,1.4006920856147345,1.48,76.09037670136982,10.224,24.5,0.0,94.08,45.0,17.086794854136546,0.0,21.58507792000001,14.868,316.60510668497415
t98,5.699999999999999,2.1,3.159926792174777,0.0,0.0,1.4427963165754112,1.48,74.24558126555046,10.224,24.5,0.0,94.08,45.0,14.837757681767066,0.0,19.648078369524452,14.868,311.2861404255922
t99,5.699999999999999,2.1,3.7114461566236305,0.0,0.0,1.410768143354904,1.48,28.45369441745933,5.149571260899744,24.5,0.0,94.08,45.0,12.233194404979916,0.0,17.86941394952381,14.868,256.55608833284134
t100,5.699999999999999,2.1,3.5340896521549157,0.0,0.0,1.3511056246889015,1.48,13.03696884705968,2.6869638765472246,24.5,0.0,94.08,45.0,10.237545715341366,0.0,11.920661796349238,14.868,230.4953355121413
t101,5.699999999999999,2.1,2.2381929292154874,0.0,0.0,1.1146452961672484,1.48,47.955076687080386,5.44980661753978,24.5,0.0,94.08,45.0,9.664670986666666,0.0,1.5459395741269908,14.868,255.69633209079655
t102,5.699999999999999,2.1,0.0,0.0,0.0,0.7056170233947248,1.48,89.9,9.637582548502998,24.5,0.0,94.08,45.0,10.389807390040161,0.0,2.2413951171280395,14.868,300.60240207906594
t103,5.699999999999999,2.1,0.0,0.0,0.0,0.2075026381284231,1.48,89.9,8.993911415568864,24.5,0.0,94.08,45.0,13.138177124738952,0.0,0.0,14.868,299.96759117843624
t104,5.699999999999999,2.1,6.726681417000989,0.0,0.0,0.8721689703733215,1.48,87.7029978591541,6.629296501391197,24.5,0.0,94.08,45.0,16.119987999518067,0.0,0.0,14.868,305.77913274743764
t105,5.699999999999999,2.1,24.406452068123123,0.0,0.0,0.3879570472772533,1.48,70.89953589409673,6.473469075002036,24.5,0.0,94.08,45.0,16.360243010923693,0.0,28.265013741343775,14.868,334.52067083676656
t106,0.0,2.1,9.990394678220495,0.0,0.0,0.8221924877949242,1.48,0.0,0.7329952636327374,24.5,0.0,94.08,45.0,14.664582162329316,0.0,52.54217576548351,14.868,260.780340357461
t107,0.0,2.1,0.0,0.0,0.0,1.7742903869387758,1.48,0.0,2.400438851656688,24.5,0.0,94.08,45.0,11.752518102329311,0.0,15.810070264853582,14.868,213.76531760577834
t108,0.0,2.1,14.798602361772417,0.0,0.0,0.0,1.48,6.309791361965017,3.245341104939984,24.5,0.0,94.08,45.0,14.555842824069739,0.0,0.0,5.6008238194022555,211.67040147214942
t109,0.0,2.1,12.182872409466258,0.0,0.0,0.0,1.48,4.221800098056549,2.103393517145246,24.5,0.0,94.08,45.0,15.975092208273093,2.134295736517415,0.0,0.0,203.77745396945855
t110,0.0,2.1,0.0,0.0,0.0,0.06937991938325402,1.48,0.0,1.6844171112974051,24.5,0.0,94.08,45.0,17.142878120481928,1.62502538934165,0.0,0.0,187.68170054050424
t111,0.0,2.1,0.0,0.0,0.0,1.7155641549825797,1.48,0.0,0.7585026724151706,24.5,0.0,94.08,45.0,9.209111631726904,0.0,3.43183601369554,14.868,197.1430144728202
t112,5.699999999999999,2.1,2.107660459940402,0.0,0.0,1.2756034385166761,1.48,1.8180164267884384,0.0,24.5,0.0,94.08,45.0,11.429808069638554,0.0,20.36647642386728,14.868,224.72556481875134
t113,5.699999999999999,2.1,0.0,0.0,0.0,1.0967395261224495,1.48,36.123128019728526,3.7949284015916396,24.5,0.0,94.08,45.0,12.689008957751003,0.0,8.477293404141273,14.868,249.9090983093349
t114,5.699999999999999,2.1,0.0,0.0,0.0,0.6324836236933802,1.48,10.843504334449513,0.0,24.5,0.0,94.08,45.0,3.198503708674697,0.0,0.0,14.868,202.40249166681758
t115,5.699999999999999,2.1,0.5191706823528548,0.0,0.0,0.5726553509208575,1.48,72.22768054526327,7.084908514578696,24.5,0.0,94.08,45.0,17.979170054779114,0.0,0.0,14.868,286.1115851478948
t116,5.699999999999999,2.1,0.0,0.0,0.0,0.6163006470881052,1.48,78.79768034246813,7.538680385422581,24.5,0.0,94.08,45.0,17.593590824738957,0.0,5.198423701111167,14.868,297.4726759008289
t117,5.699999999999999,2.1,0.0,0.0,0.0,0.7475743155798911,1.48,53.75211874832081,4.304012739220893,24.5,0.0,94.08,45.0,16.6879862690763,0.0,9.142041985782072,14.868,272.36173405797996
t118,5.699999999999999,2.1,0.0,0.0,0.0,0.9327395719263333,1.48,83.73849371567731,10.224,24.5,0.0,94.08,45.0,16.169720975582326,0.0,10.241401251111142,14.868,309.0343555142971
t119,5.699999999999999,2.1,0.0,0.0,0.0,1.1305854654056755,1.48,70.0897585216371,7.821665175342196,24.5,0.0,94.08,45.0,15.455586447871482,0.0,18.84115355460322,14.868,301.0667491648597
t120,5.699999999999999,2.1,2.231005243018865,0.0,0.0,1.3098991538078653,1.48,77.25258613000507,10.224,24.5,0.0,94.08,45.0,16.16897135951807,0.0,27.038244742539703,14.868,321.9527066288896
t121,5.699999999999999,2.1,3.0445901486792386,0.0,0.0,1.3721599800895983,1.48,67.2046082630137,10.224,24.5,0.0,94.08,45.0,15.519568047068269,0.0,28.631451994448955,14.868,313.72437843329976
t122,5.699999999999999,2.1,4.064365719682226,0.0,0.0,1.4327973120955706,1.48,49.03328314143325,6.9137424837335635,24.5,0.0,94.08,45.0,13.936171765461847,0.0,22.698390774285755,14.868,285.80675119669223
t123,5.699999999999999,2.1,4.85705489545184,0.0,0.0,1.3428134395221516,1.48,0.0,0.3313982323353312,24.5,0.0,94.08,45.0,11.761169116465867,0.0,21.032098710793665,14.868,227.05253439456885
t124,5.699999999999999,2.1,5.0758430905071075,0.0,0.0,1.2603888501742169,1.48,0.0,0.252767797205588,24.5,0.0,94.08,45.0,9.96595400803213,0.0,18.738917469841272,14.868,223.0218712157603
t125,5.699999999999999,2.1,4.395986375094339,0.0,0.0,1.0870055749128924,1.48,0.0,0.2151584385738271,24.5,0.0,94.08,45.0,9.265240176385543,0.0,18.70709036777778,14.868,221.39848093274435
t126,5.699999999999999,2.1,3.4050310622840128,0.0,0.0,0.7386146341463429,1.48,36.074637161036016,3.924210137215363,24.5,0.0,94.08,45.0,9.210151139437752,0.0,10.074270139365105,14.868,251.1549142734846
t127,5.699999999999999,2.1,2.00026244262164,0.0,0.0,0.47110721752115514,1.48,87.11720147228772,10.224,24.5,0.0,94.08,45.0,11.520853267148595,0.0,0.0,14.868,299.0614243995791
t128,0.0,2.1,0.0,0.0,0.0,2.807667304718768,1.48,0.0,0.7873685953506996,24.5,0.0,94.08,45.0,9.043059340477523,0.0,0.0,7.502659371145697,187.3007546116927
t129,5.699999999999999,2.1,0.0,27.234301475964394,0.0,0.0,0.5580709281836336,19.77536392344012,0.0,24.5,0.0,94.08,45.0,14.950054355005491,6.25,10.044211105779677,0.0,250.1920017883733
t130,5.699999999999999,2.1,0.0,24.191884291394654,0.0,0.0,1.48,68.3524036690981,0.0,24.5,0.0,94.08,45.0,2.0607593971887535,4.824901567350859,0.0,0.0,272.2899489250324
t131,0.0,2.1,4.992168403907349,0.0,0.0,0.0,1.0682391731337326,87.84329375678661,0.0,24.5,0.0,94.08,45.0,0.0,6.25,23.4209813330827,1.351082972965372,290.6057656398757
t132,5.699999999999999,2.1,0.0,0.0,0.0,0.3895744029128705,1.48,89.9,7.082614635911827,24.5,0.16964370568011533,94.08,45.0,0.0,1.5336028810989741,0.0,0.0,271.9354356256038
t133,5.699999999999999,2.1,10.142957985289657,9.333530301204833,0.0,0.0,1.48,89.9,7.280259218797599,24.5,0.0,94.08,45.0,0.0,5.103721521094529,0.0,0.0,294.6204690263866
t134,5.699999999999999,2.1,7.083105427177152,4.449178880191981,0.0,0.0,1.48,89.9,10.224,24.5,0.0,94.08,45.0,0.0,5.208841919104479,0.0,0.0,289.7251262264736
t135,5.699999999999999,2.1,29.190217652772134,0.0,0.0,2.3665932296516794,1.48,89.9,10.224,24.5,0.0,94.08,45.0,0.0,2.082476745876053,0.0,0.0,306.62328762829986
t136,5.699999999999999,2.1,12.583786476373136,11.648104832671311,0.0,0.0,1.48,71.96287755451948,0.0,24.5,0.0,94.08,45.0,4.3157474295582325,3.1650360350248774,0.0,0.0,276.53555232814705
t137,0.0,2.1,21.659585478777018,0.0,0.0,0.0,1.48,0.0,1.2471656943712583,24.5,0.0,94.08,45.0,14.519167342168675,2.5255882738308477,0.0,0.0,207.1115067891478
t138,5.699999999999999,2.1,0.0,0.0,0.0,0.7276659034345455,1.48,14.604198497818361,0.0,24.5,0.0,94.08,45.0,11.620948254457828,0.0,3.1538205265079697,14.868,217.83463318221868
t139,5.699999999999999,2.1,0.0,0.0,0.0,0.6678367346938789,1.48,80.9199048279178,8.275153969566109,24.5,0.0,94.08,45.0,14.048409852690762,0.0,4.914970139365142,14.868,296.55427552423373
t140,5.699999999999999,2.1,6.948168743232473,0.0,0.0,0.7679799900447992,1.48,7.866990746220193,0.0,24.5,0.0,94.08,45.0,7.505811329865492,0.0,12.970865923968264,14.868,223.7878167333312
t141,5.699999999999999,2.1,0.0,0.0,0.0,0.957291786958687,1.48,23.4815733797004,1.695874241103278,24.5,0.0,94.08,45.0,12.681395324819272,0.0,16.99249712349209,14.868,243.5366318560737
t142,5.699999999999999,2.1,0.0,0.0,0.0,1.1575765057242418,1.48,5.6430801665026875,0.17557036803422058,24.5,0.0,94.08,45.0,11.647533036626504,0.0,22.19416950507941,14.868,228.54592958196704
t143,2.1222738103609733,2.1,0.0,2.3396187029314,0.0,1.3015299153807867,1.48,0.0,0.25521252104208325,24.5,0.0,94.08,45.0,10.976682860240961,0.0,24.31992296317199,14.868,223.3432407731282
t144,0.0,2.1,0.0,1.68674778608696,0.0,1.421097760079642,1.48,0.0,0.17690998962075793,24.5,0.0,94.08,45.0,10.841336895903613,0.0,22.945203877832334,14.868,219.0992963095233
t145,3.5548125806004993,2.1,2.2860597590480896,0.0,0.0,1.4724689895470398,1.48,0.0,0.46041897165668855,24.5,0.0,94.08,45.0,12.54533106779116,0.0,32.740324990634974,14.868,235.08741635927845
t146,0.0,2.1,0.0,0.0,0.0,1.5239226480836245,1.48,0.0,0.6464759999999999,24.5,0.0,94.08,45.0,12.392970920160636,0.0,33.417969731745885,14.868,230.00933929999013
t147,0.0,2.1,0.0,0.0,0.0,1.3497240418118472,1.48,0.0,0.5646105884231538,24.5,0.0,94.08,45.0,10.896394916305221,0.0,25.170924754621637,14.868,220.00965430116185
t148,0.0,2.1,0.0,0.0,0.0,1.2336468889995038,1.48,0.0,0.36742229780439245,24.5,0.0,94.08,45.0,9.125700836626505,0.0,16.155903461023076,14.868,208.91067348445347
t149,0.0,2.1,0.0,0.0,0.0,1.02831786958686,1.48,0.0,0.010559452295411175,24.5,0.0,94.08,45.0,8.545086622329315,0.0,16.756828542326023,14.868,208.3687924865376
t150,2.2573290999057316,2.1,2.7724191680903534,0.0,0.0,0.8533102040816342,1.48,0.0,0.0,24.5,0.0,94.08,45.0,8.38687768626506,0.0,16.939282133492075,14.868,213.23721829183484
t151,5.699999999999999,2.1,4.458660314121143,0.0,0.0,0.6581450472872082,1.48,17.86711922881785,0.0,24.5,0.0,94.08,45.0,0.0,0.0,11.71318808002276,14.868,222.42511267024895
t152,0.0,2.1,0.0,0.0,0.0,2.8688839160577415,1.48,0.0,0.7158101123046108,24.5,0.0,94.08,45.0,5.632011671646501,0.0,0.0,4.489322222014245,180.86602792202308
t153,0.0,2.1,5.0032955738913625,35.05122144371872,0.0,1.6491485885920611,1.062250359919838,11.713055123607695,0.0,24.5,0.0,94.08,45.0,0.0,0.0,0.0,0.0,220.15897108972968
t154,5.699999999999999,2.1,0.0,42.76757349007077,0.0,6.779028587187656,0.0,7.659210098758011,0.0,24.5,1.1897797127747116,94.08,45.0,2.412356134103586,0.0,20.225363425166854,0.0,252.41331144806156
t155,5.699999999999999,2.1,0.0,30.750809207886732,0.0,6.310353923175709,0.0,89.9,9.83031514006846,24.5,0.0,94.08,45.0,6.344495585418328,0.0,40.1442554615443,0.0,354.6602293180935
t156,5.699999999999999,2.1,0.0,28.911020298361954,6.5,3.1880008121752126,0.0,89.9,10.224,24.5,0.0,94.08,45.0,6.076276052318448,0.0,49.83421824884727,0.0,366.0135154117029
t157,5.699999999999999,2.1,0.0,40.740503112234585,2.3456275144539567,4.806048907363957,0.7735483224762985,89.9,10.224,24.5,0.0,94.08,45.0,0.0,0.0,46.517312888744094,0.0,366.6870407452729
t158,5.699999999999999,2.1,0.0,41.529609664671376,0.3143569535178676,3.5093181640003372,1.48,89.9,10.224,24.5,0.0,94.08,45.0,0.0,0.0,35.38216734447613,0.2757767129103793,353.9952288395761
t159,5.699999999999999,2.1,0.0,23.654207703538912,0.0,4.349596630990543,1.48,89.9,9.868372791663331,24.5,0.0,94.08,45.0,0.0,0.0,17.413367937946074,3.937111931419937,321.98265699555884
t160,2.106133035284413,2.1,0.0,44.86380591162108,0.0,5.814120168559019,0.32834694360721434,50.51324958446526,0.0,24.5,0.0,94.08,45.0,0.0,0.0,0.0,0.0,269.30565564353697
t161,0.0,2.1,35.92650994847936,0.0,0.0,0.0,1.48,22.098016822838876,0.1611374737752029,24.5,0.0,94.08,45.0,13.034312728433736,2.887005189253733,0.0,0.0,241.2669821627809
t162,5.699999999999999,2.1,0.0,0.0,0.0,0.8691858636137392,1.48,10.489638618772197,0.0,24.5,0.0,94.08,45.0,11.613717034056222,0.0,19.593117569639855,14.868,230.29365908608202
t163,5.699999999999999,2.1,0.0,0.0,0.0,0.7892000995520173,1.48,12.848777271360415,0.0,24.5,0.0,94.08,45.0,6.876075081396446,0.0,0.0,14.868,208.24205245230885
t164,5.699999999999999,2.1,0.0,0.0,0.0,0.8034218018914894,1.48,57.49448628027368,5.68724118196844,24.5,0.0,94.08,45.0,3.4028105292369437,0.0,0.0,14.868,255.11595979337056
t165,5.699999999999999,2.1,0.0,0.0,0.0,0.9144555500248898,1.48,78.14558040891909,8.865414375688589,24.5,0.0,94.08,45.0,14.570713759518073,0.0,7.754174494761924,14.868,297.97833858891255
t166,5.699999999999999,2.1,0.16471924500497473,0.0,0.0,1.09962080637133,1.48,79.53914853754624,9.63081254629387,24.5,0.0,94.08,45.0,13.786045831807224,0.0,8.047747917142885,14.868,299.9960948841665
t167,5.699999999999999,2.1,2.4367788279245173,0.0,0.0,1.31258705823793,1.48,4.1016513684424085,0.0,24.5,0.0,94.08,45.0,1.5293020940562223,0.0,20.25071153661641,14.868,217.3590308852775
t168,5.699999999999999,2.1,4.580516663078449,0.0,0.0,1.534818516674963,1.48,17.824428600014986,3.952241677708689,24.5,0.0,94.08,45.0,12.69511265301205,0.0,20.92084569555559,14.868,249.2359638060447
t169,5.699999999999999,2.1,7.078967507169804,0.0,0.0,1.7249393728223001,1.48,37.842229794481455,7.34437744979854,24.5,0.0,94.08,45.0,15.064202665381526,0.0,29.505073939365104,14.868,286.2877907290187
t170,5.699999999999999,2.1,7.532445163574971,0.0,0.0,1.8419089099054267,1.48,0.0,1.2413608974051893,24.5,0.0,94.08,45.0,13.888233617670679,0.0,22.014201885396837,14.868,234.24615047395307
t171,0.0,2.1,1.4982223250961848,0.0,0.0,1.8697081134892994,1.48,0.0,1.1526980327345298,24.5,0.0,94.08,45.0,10.934194786987952,0.0,21.833859028253997,14.868,219.31668228656196
t172,0.0,2.1,0.0,0.0,0.0,1.8099631657541075,1.48,0.0,0.7092196550898223,24.5,0.0,94.08,45.0,8.725746418473893,0.0,9.524569845472854,14.868,202.7974990847907
t173,2.478591537400822,2.1,3.4645191116822924,0.0,0.0,1.65763424589348,1.48,0.1637300862506248,0.0,24.5,0.0,94.08,45.0,8.37420825493976,0.0,9.8707903677778,14.868,208.03747360394476
t174,5.699999999999999,2.1,3.149096603495518,0.0,0.0,1.3268849178695876,1.48,49.649886806360335,5.290887462215995,24.5,0.0,94.08,45.0,9.468529741526105,0.0,5.0457901400000225,14.868,261.6590756714676
t175,5.699999999999999,2.1,0.5580260970407018,0.0,0.0,0.894368840219016,1.48,84.41510085023322,9.301275147842915,24.5,0.0,94.08,45.0,13.095309929159722,0.0,0.0,14.868,295.99208086449556
t176,5.699999999999999,2.1,27.777848725441913,0.0,0.0,1.553269381463416,1.48,23.418865532847665,1.7483080438848317,24.5,0.0,94.08,45.0,14.04121724289156,0.0,26.23820377033111,14.868,282.5057126968605
t177,5.699999999999999,2.1,6.698647935451848,0.0,0.0,3.256186269377801,1.48,0.0,1.2827612476247519,24.5,13.969119010453415,94.08,45.0,9.749018820458529,0.0,0.0,7.941420535448919,215.75715381881525
t178,5.699999999999999,2.1,15.381992926673291,0.0,0.0,2.54893052024888,1.48,64.16506087408578,0.0,24.5,0.0,94.08,45.0,3.8357592505466416,0.0,0.0,4.142267204025383,262.93401077557996
t179,5.699999999999999,2.1,15.378844712889773,0.0,0.0,2.9798298593130914,1.48,79.12656670314442,0.0,24.5,0.08860045789735974,94.08,45.0,0.0,0.0,4.922596604541768,0.2592546459013111,275.6156929836877
t180,5.699999999999999,2.1,20.92162971642503,0.0,0.0,0.40476544915878654,1.48,85.11967980332184,0.0,24.5,2.3960812624613865,94.08,45.0,5.795209937086588,0.0,0.0,5.0319432555066195,292.5293094239603
t181,5.699999999999999,2.1,33.46694188484609,0.0,0.0,0.0,1.48,65.87188730042386,0.0,24.5,2.9866817640657715,94.08,45.0,0.0,0.0,11.893445438621915,0.0,287.07895638795765
t182,5.699999999999999,2.1,43.54,0.0,0.0,1.653244194803385,1.48,35.72248974701823,0.0,24.5,3.618935907623319,94.08,45.0,0.0,0.0,0.07925992572265532,7.199457941268441,264.6733877164361
t183,5.699999999999999,2.1,12.628719213783521,0.0,0.0,1.559533990721753,1.48,29.613298594677193,0.0,24.5,2.787536455635277,94.08,45.0,0.0,0.0,9.850012615587632,5.505014549506546,234.80411541991194
t184,0.0,2.1,4.809740372729103,0.0,0.0,0.8516421042110507,1.48,17.061934614184334,0.0,24.5,2.376028614698556,94.08,45.0,3.7960815578395337,0.0,0.0,1.1925078949906254,197.2479351586532
t185,0.0,2.1,8.718962384223177,0.0,0.0,0.0,1.48,0.0,1.0212948259880261,24.5,0.0,94.08,45.0,14.439597767389559,2.5398778260696524,0.0,0.0,193.8797328036704
t186,5.699999999999999,2.1,0.0,0.0,0.0,0.6746702837232459,1.48,19.602887685060622,1.0690092601593006,24.5,0.0,94.08,45.0,12.702409956063903,0.0,0.0,14.868,221.77697718500707
t187,5.699999999999999,2.1,0.0,0.0,0.0,0.5812727725236441,1.48,16.725298660515445,0.1492102516536552,24.5,0.0,94.08,45.0,4.745620074457832,0.0,0.0,14.868,209.92940175915058
t188,5.306545504472539,2.1,0.0,0.0,0.0,1.5972175975609766,1.48,13.968844098224235,0.0,24.5,0.0,94.08,45.0,5.2245053089959805,0.0,0.0,14.868,208.12511250925374
t189,5.699999999999999,2.1,0.0,0.0,0.0,0.7865130910900946,1.48,29.884832058802306,2.8581556354256565,24.5,0.0,94.08,45.0,9.740375087560817,0.0,2.915950348730195,14.868,233.91382622160907
t190,5.699999999999999,2.1,0.7299744585104253,0.0,0.0,0.9825697361871589,1.48,59.98126684244404,6.969228515393527,24.5,13.595562531141006,94.08,45.0,15.545265063293167,0.0,10.676607272698426,14.868,296.20847441966777
t191,5.699999999999999,2.1,3.1981313601986097,0.0,0.0,1.2342256844201107,1.48,43.29598752532857,6.569597558952623,24.5,0.0,94.08,45.0,14.651866461044175,0.0,9.970124733015894,14.868,266.64793332295994
t192,5.699999999999999,2.1,5.33103900667329,0.0,0.0,1.4749078148332513,1.48,72.43155492683915,10.224,24.5,0.0,94.08,45.0,15.371396538795176,0.0,15.452408860000046,14.868,308.0133071471409
t193,5.699999999999999,2.1,6.227178033485599,0.0,0.0,1.6458522648083633,1.48,56.036867793067366,8.942643169945335,24.5,0.0,94.08,45.0,15.959081871004011,0.0,27.91287615206353,14.868,304.4524992843742
t194,5.699999999999999,2.1,6.743718251956312,0.0,0.0,1.7568851169736202,1.48,0.0,1.8358764375249523,24.5,0.0,94.08,45.0,13.587885454939759,0.0,30.089160671312783,14.868,241.74152593270742
t195,0.0,2.1,0.0,0.0,0.0,1.8015114982578413,1.48,0.0,1.938670658682637,24.5,0.0,94.08,45.0,10.651091148273089,0.0,8.99215073524533,14.868,205.41142404045888
t196,0.0,2.1,0.0,0.0,0.0,1.7510326530612248,1.48,0.0,1.8598600894211585,24.5,0.0,94.08,45.0,12.669038860697349,0.0,0.0,7.643644052935066,191.0835756561148
t197,0.0,2.1,0.0,0.0,0.0,1.615530910900947,1.48,0.0,1.1298982978043906,24.5,0.0,94.08,45.0,9.023906648536213,0.0,0.0,14.002787381914784,192.9321232391563
t198,5.699999999999999,2.1,2.7828443691360483,0.0,0.0,1.3538759581881548,1.48,3.002336212278037,0.0,24.5,0.0,94.08,45.0,10.124102120321284,0.0,12.892460615555573,14.868,217.88361927547908
t199,0.907887374100636,2.1,9.416337922172202,0.0,0.0,1.501576437297615,1.48,9.775681336174502,0.0,24.5,11.789464872944691,94.08,45.0,3.040501053413649,0.0,5.281403472698443,14.868,223.74085246880173
t200,5.699999999999999,2.1,35.183843043694154,0.0,0.0,2.0634784406968647,1.48,19.266692583680886,4.089047244384528,24.5,0.0,94.08,45.0,15.06910338738956,0.0,16.984589593985824,14.868,280.3847542938318
t201,5.699999999999999,2.1,31.056237719662906,4.884891771164914,0.0,0.0,1.48,3.4644326419221407,0.0,24.5,0.0,94.08,45.0,12.948866850120483,1.5852400151243793,0.0,0.0,226.79966899799481
t202,5.699999999999999,2.1,43.54,0.0,0.0,2.4617492360278757,1.48,18.819726071591916,0.0,24.5,0.0,94.08,45.0,0.0,0.0,0.0,11.001636465319574,248.68311177293936
t203,5.699999999999999,2.1,43.54,0.0,0.0,2.365661616406174,1.48,55.25191792784624,0.0,24.5,0.0,94.08,45.0,0.0,0.0,0.0,13.291741519607388,287.3093210638598
t204,5.699999999999999,2.1,43.54,0.0,0.0,0.4232636074464916,1.48,82.47392125170036,0.0,24.5,0.2813748320179381,94.08,45.0,0.0,0.0,16.42739152553056,14.868,330.87395121669533
t205,5.699999999999999,2.1,35.56205144655412,0.0,0.0,1.491244815261325,1.48,89.9,0.0,24.5,1.3715800781963134,94.08,45.0,0.0,0.0,16.803624473924366,14.868,332.85650081393607
t206,5.699999999999999,2.1,22.2256933297716,0.0,0.0,1.7544623364161287,1.48,89.9,0.0,24.5,1.4525050607174894,94.08,45.0,0.0,0.0,0.0,14.868,303.0606607269052
t207,5.699999999999999,2.1,12.748910544826225,0.0,0.0,0.89303404049776,1.48,88.41430319393791,0.0,24.5,0.0,94.08,45.0,0.0,0.0,0.0,10.444349845799646,285.36059762506153
t208,0.5128231767211512,2.1,0.0,0.0,0.0,0.0,0.18985836934131706,73.22884636990636,0.0,24.5,0.0,94.08,45.0,9.733385043769811,6.25,6.674487482785556,0.0,262.2694004425242
t209,0.0,2.1,22.772266070050364,0.0,0.0,0.0,0.4637246368063871,25.53144917941843,0.0,24.5,1.5019467519418035,94.08,45.0,16.1567753318619,6.25,15.3109950571632,0.0,253.6671570272421
t210,0.0,2.1,0.0,0.0,0.0,0.7556371329019422,1.48,6.818410629316519,0.0,24.5,0.21224021073759292,94.08,45.0,14.779660893975903,0.0,19.72326446269158,14.868,224.31721332962354
t211,0.0,2.1,0.0,0.0,0.0,0.6621562966650086,1.48,3.6655161396303764,0.0,24.5,12.146886895864474,94.08,45.0,17.153293620080316,0.0,0.0,14.868,215.65585295224017
t212,3.2103524069602654,2.1,0.0,0.0,0.0,0.6258158287705332,1.48,12.33163992004059,0.0,24.5,0.0,94.08,45.0,6.271038713654619,0.0,1.8001689898412976,14.868,206.26701585926727
t213,5.699999999999999,2.1,0.0,0.0,0.0,1.740279518914884,1.48,26.70657918525541,2.3407548552370048,24.5,0.0,94.08,45.0,17.00493637028112,0.0,11.047973313968262,14.868,246.5685232436567
t214,5.699999999999999,2.1,0.623605044409121,0.0,0.0,0.9531452463912407,1.48,49.49178489152474,6.414955037428264,24.5,0.0,94.08,45.0,16.11654579453815,0.0,22.0709209330159,14.868,283.3989569473074
t215,5.699999999999999,2.1,3.0823916693545086,0.0,0.0,1.195535092085616,1.48,22.76009515916521,2.462583445819715,24.5,0.0,94.08,45.0,14.84428398200803,0.0,31.22027648857147,14.868,263.29316583700455
t216,5.699999999999999,2.1,5.555970486315787,0.0,0.0,1.4345937282229977,1.48,0.0,1.6247537309381241,24.5,0.0,94.08,45.0,15.41351966875502,0.0,37.88331775841273,14.868,249.64015537264464
t217,5.699999999999999,2.1,6.442725203296919,0.0,0.0,1.547333399701344,1.48,0.0,0.6522547289421156,24.5,0.0,94.08,45.0,16.327797269879518,0.0,36.82725862841644,14.868,249.52536923023632
t218,5.699999999999999,2.1,7.033895014617672,0.0,0.0,1.6845428571428582,1.48,0.0,1.0515291321357287,24.5,0.0,94.08,45.0,13.835041174297183,0.0,41.21413081029341,14.868,252.54713898848684
t219,0.0,2.1,0.0,0.0,0.0,1.6954333499253373,1.48,0.0,1.0107396630738545,24.5,0.0,94.08,45.0,11.134235757429717,0.0,26.290631471135942,14.868,222.15904024156484
t220,0.0,2.1,0.0,0.0,0.0,1.6617807864609264,1.48,0.0,0.7574042395209591,24.5,0.0,94.08,45.0,8.978242761767067,0.0,12.824489250770133,14.868,206.24991703851907
t221,0.0,2.1,0.0,0.0,0.0,1.526278148332505,1.48,0.0,0.05790913373253694,24.5,0.0,94.08,45.0,8.676021480963858,0.0,16.125009451984326,14.868,208.41321821501322
t222,5.699999999999999,2.1,2.846643773306849,0.0,0.0,1.2477978098556513,1.48,1.2200164342973052,0.0,24.5,0.0,94.08,45.0,10.079859709879518,0.0,11.860241567936532,14.868,214.98255929527585
t223,5.580584292846057,2.1,0.4249589559178539,0.0,0.0,0.8321904430064719,1.48,17.9976195819381,0.0,24.5,0.0,94.08,45.0,2.180138687228916,0.0,3.2230271916788595,14.868,212.26651915261624
t224,4.604413837773978,2.1,10.609091277306254,0.0,0.0,1.4617489235241423,1.48,0.0,3.5335612184368714,24.5,0.0,94.08,45.0,9.273702524257029,0.0,42.00606023943354,14.868,253.51657802073183
t225,0.0,2.1,15.772544757219467,0.0,0.0,5.2604790600597315,1.48,0.0,4.350565321042083,24.5,0.0,94.08,45.0,6.104857560883535,0.0,19.901914474503336,14.868,233.41836117370818
t226,5.699999999999999,2.1,9.09622073322741,0.0,0.0,6.885156013768044,1.48,0.0,2.791755778957917,24.5,0.0,94.08,45.0,8.801366106088015,0.0,0.0,9.04904466881026,209.48354330085166
t227,5.699999999999999,2.1,13.950077849334654,0.0,0.0,4.9250680097859645,1.48,0.0,0.8963342308617241,24.5,0.0,94.08,45.0,4.5635635349397585,0.0,2.2581480765252553,14.868,214.32119170144736
t228,5.699999999999999,2.1,42.65653562252235,0.0,0.0,5.090470896794427,1.48,0.0,0.8312738387975943,24.5,0.0,94.08,45.0,0.0,0.0,12.751863069417157,14.868,249.05814342753152
t229,5.699999999999999,2.1,18.269825900893746,0.0,0.0,5.075897078974616,1.48,0.0,0.027600693026051858,24.5,1.3768756108420528,94.08,45.0,0.0,0.0,7.7587616840825175,14.868,220.236960967819
t230,0.0,2.1,9.294472425664242,1.649966264710309,0.0,4.83938030445993,1.48,0.0,0.103850905931861,24.5,1.56650991840558,94.08,45.0,5.280250754216867,0.0,0.0,14.868,204.76243057338877
t231,0.0,2.1,10.055905517542794,0.0,0.0,2.9922730648880047,1.48,58.466113220138006,0.0,24.5,0.15745387477827594,94.08,45.0,6.339415996223395,0.0,0.0,11.135296254141613,256.3064579277121
t232,0.0,2.1,9.388174214823765,0.0,0.0,0.14866370699850637,1.48,36.10117028058157,0.0,24.5,0.0,94.08,45.0,13.479210013808432,0.0,0.0,5.081379431472207,231.35859764768446
t233,0.0,2.1,2.600709153796581,0.0,0.0,1.2834189686311603,1.48,0.0,3.9072195451497014,24.5,1.8979801667636729,94.08,45.0,16.24563750472049,0.0,0.0,6.441042750344596,199.5360080894062
t234,5.699999999999999,2.1,0.0,0.0,0.0,0.7388108511697368,1.48,14.630316001421056,0.5892771481864492,24.5,0.0,94.08,45.0,15.48306998682731,0.0,0.0,14.868,219.16947398760453
t235,0.8410082835417033,2.1,0.0,0.0,0.0,0.600703633648582,1.48,16.35490560974124,0.0,24.5,0.0,94.08,45.0,17.780942548273092,0.0,0.0,14.868,217.6055600752046
t236,5.699999999999999,2.1,0.0,0.0,0.0,0.6258991538078661,1.48,24.11081542657069,1.0900787831902305,24.5,11.833425012456402,94.08,45.0,18.012568370763052,0.0,0.0,14.868,243.40078674678824
t237,5.699999999999999,2.1,0.0,0.0,0.0,0.7646487804878055,1.48,43.68445695755703,4.406310707642985,24.5,0.0,94.08,45.0,5.818227326690131,0.0,4.072830456825429,14.868,246.4744742292034
t238,5.699999999999999,2.1,0.793773862681226,0.0,0.0,1.00533180686909,1.48,74.43620807364611,8.386116437549488,24.5,0.0,94.08,45.0,16.185844133333326,0.0,14.456126875714315,14.868,302.9914011897935
t239,5.699999999999999,2.1,3.0153528100496523,0.0,0.0,1.230894474863117,1.48,49.779920641155776,5.922971118983967,24.5,0.0,94.08,45.0,15.366324799999997,0.0,21.90519989158736,14.868,284.94866373663984
t240,5.699999999999999,2.1,5.232274359205563,0.0,0.0,1.4716599303135893,1.48,38.564587254827316,5.143578985977331,24.5,0.0,94.08,45.0,16.101741633413653,0.0,28.77010283841271,14.868,283.0119450021501
t241,5.699999999999999,2.1,7.007243574697119,0.0,4.275553868364816,3.0682552907289518,1.48,89.9,10.224,24.5,0.0,94.08,45.0,19.400597505381523,0.0,36.69610506000003,14.868,358.2997552991725
t242,5.699999999999999,2.1,7.775783793167822,0.0,0.0,0.5100334494773525,1.48,36.310435932982614,4.444919946197863,24.5,0.0,94.08,45.0,16.5703507664257,0.0,38.546714177301624,14.868,291.88623806555296
t243,5.699999999999999,2.1,8.051904945104267,0.0,0.0,0.5900192135390755,1.48,15.182767795839661,0.0,24.5,0.0,94.08,45.0,13.946834898152607,0.0,38.39196315587302,14.868,263.89149000850864
t244,5.699999999999999,2.1,7.761728182442901,0.0,0.0,0.608552314584372,1.48,73.06515852040499,7.188617917690016,24.5,0.0,94.08,45.0,12.456957637108436,0.0,27.537228869523823,14.868,316.3462434417545
t245,5.699999999999999,2.1,6.289197894458788,0.0,0.0,0.4301310104529624,1.48,73.62295765879257,6.337069134770471,24.5,0.0,94.08,45.0,11.985882460401609,0.0,26.577566330476234,14.868,312.97080448935264
t246,5.699999999999999,2.1,3.8560062360675222,0.0,0.0,0.17944987555998115,1.48,89.9,8.064041250299404,24.5,0.0,94.08,45.0,13.288966845461843,0.0,16.896596339473994,14.868,319.91306054686277
t247,5.699999999999999,2.1,1.7238215290168766,0.0,0.0,0.8159629435042318,1.48,53.98987132457594,1.1970701396613062,24.5,11.51412456402591,94.08,45.0,14.452667582422723,0.0,2.203956686571019,14.868,273.625474769778
t248,0.0,2.1,30.223862526991063,0.0,0.0,2.375752009636636,1.48,33.777918478701025,0.7327985075710218,24.5,10.885991155356251,94.08,45.0,13.076337676867468,0.0,32.697442287886986,14.868,305.79810264301045
t249,5.699999999999999,2.1,30.926217519960286,0.0,0.0,2.7165602945047294,1.48,0.0,1.097314848817637,24.5,0.0,94.08,45.0,0.7287168577510014,0.0,4.227593135448177,14.868,227.42440265648185
t250,5.699999999999999,2.1,41.62052797493546,0.0,0.0,4.0828472034146355,1.48,42.71604463852144,0.0,24.5,0.0,94.08,45.0,0.0,0.0,31.499737504659826,10.488325200503516,303.26748252203487
t251,5.699999999999999,2.1,31.04861382097319,0.0,0.0,4.8464199261622705,1.48,55.67874265613789,0.9790424808143015,24.5,0.0,94.08,45.0,0.0,0.0,42.36944635324385,10.153997953079873,317.93626319041135
t252,5.699999999999999,2.1,43.54,0.0,0.0,3.5835855725136887,1.48,53.80348261234107,0.0,24.5,1.114175543657202,94.08,45.0,0.0,0.0,31.31620398207171,14.868,321.0854477105837
t253,5.699999999999999,2.1,33.20587746125125,0.0,0.0,2.74025397404679,1.48,60.46760983248893,0.0,24.5,1.9270154887593427,94.08,45.0,0.0,0.0,34.356697606989975,14.868,320.4254543635363
t254,5.699999999999999,2.1,19.691515204726922,0.0,0.0,2.93340079012444,1.48,63.69949708488912,0.0,24.5,1.5552079563428003,94.08,45.0,0.0,0.0,29.057906608845162,14.868,304.66552764492843
t255,5.699999999999999,2.1,0.24858890236345885,0.0,0.0,1.950504921533101,1.48,32.751962409344515,0.0,24.5,0.07890919911310643,94.08,45.0,0.0,0.0,33.33425342736315,0.0,241.22421885971733
t256,0.0,2.1,8.793992176878152,0.0,0.0,1.7644096502538587,1.48,34.37715593128635,0.0,24.5,0.0,94.08,45.0,7.797511013161229,0.0,0.0,1.0460790703524385,220.93914784193203
t257,0.0,2.1,23.921602561331923,0.0,0.0,0.0,1.48,0.0,1.3756915708183637,24.5,8.1611816432993,94.08,45.0,15.243036890522088,2.1366430001990064,0.0,0.0,217.99815566617067
t258,5.699999999999999,2.1,0.7836650460670672,1.114920356043545,0.0,0.8297704330512699,1.48,42.69349289782652,4.113809740004903,24.5,13.86583856502242,94.08,45.0,12.253825696064252,0.0,0.0,14.868,263.38332273407997
t259,5.699999999999999,2.1,2.9448496679556975,0.0,0.0,0.6528892981582884,1.48,32.297998425562646,1.5249013925241925,24.5,0.0,94.08,45.0,15.17778167433203,0.0,0.0,13.714130254339654,239.17255071287252
t260,5.699999999999999,2.1,0.0,3.7638903543377045,0.0,0.6594683922349442,1.48,34.413548467227486,1.8936187674379095,24.5,0.0,94.08,45.0,15.235977564337343,0.0,0.9837162348518228,14.868,244.67821978042718
t261,5.699999999999999,2.1,0.0,2.2193079478665303,0.0,0.7924488800398221,1.48,12.424760597494723,0.0,24.5,0.0,94.08,45.0,14.835058431325299,0.0,9.967382622256132,14.868,227.96695847898252
t262,5.699999999999999,2.1,0.7848066332869919,0.0,0.0,0.9716792434046799,1.48,56.474548296062174,5.886985610209827,24.5,0.0,94.08,45.0,14.507633327228913,0.0,21.250511409206354,14.868,287.6041645193989
t263,5.699999999999999,2.1,3.252226692869909,0.0,0.0,1.1821224489795923,1.48,7.7257860943683365,0.0,24.5,0.0,94.08,45.0,13.43853636417671,0.0,29.003807828095272,14.868,242.3304794284898
t264,5.699999999999999,2.1,5.759311102005953,0.0,0.0,1.329407068193132,1.48,6.514573646285807,0.5212797765964018,24.5,1.1705800323432032,94.08,45.0,14.301179755502007,0.0,34.93192252031751,14.868,252.25625390124398
t265,5.699999999999999,2.1,7.458218748480634,0.0,0.0,1.3933756097560979,1.48,0.7367349390157194,0.0,24.5,0.0,94.08,45.0,15.94703528321285,0.0,39.16568918698416,14.868,252.42905376744946
t266,0.7269865626355267,2.1,4.400768304957235,0.0,0.0,1.3606145345943266,1.48,0.6518025168949854,0.0,24.5,0.0,94.08,45.0,13.208426642570279,0.0,33.14979989158734,14.868,235.5263984532397
t267,0.0,2.1,0.0,0.0,0.0,1.2478676953708319,1.48,0.0,0.539202595591182,24.5,0.0,94.08,45.0,10.032595969317267,0.0,15.575977749036767,14.868,209.42364400931604
t268,0.0,2.1,0.0,0.0,0.0,1.0796057740169247,1.48,0.0,1.205477240881764,24.5,0.0,94.08,45.0,8.045799813815261,0.0,7.6826440807857646,14.868,200.04152690949968
t269,0.0,2.1,0.0,0.0,0.0,0.7497479342956708,1.48,0.0,2.4857007342685398,24.5,8.384119313828403,94.08,45.0,7.787502269879519,0.0,18.860972178362008,14.868,220.29604243063415
t270,5.699999999999999,2.1,4.402117457517377,0.0,0.0,0.4561472374315594,1.48,32.18939367878376,0.5719648907483529,24.5,0.0,94.08,45.0,9.152264835020073,0.0,16.724358621746042,14.868,251.22424672124717
t271,5.699999999999999,2.1,2.519722224150937,0.0,0.0,0.03298058735689489,1.48,80.63287427220014,5.267776364409559,24.5,0.0,94.08,45.0,12.883799728995985,0.0,7.632487599682572,14.868,296.6976407767961
t272,5.699999999999999,2.1,11.565326994553143,0.0,0.0,0.6666429659472718,1.48,89.9,6.656096188423157,24.5,2.3325046398535236,94.08,45.0,6.615213415421686,0.0,11.31935663878365,14.868,316.7831408429824
t273,5.699999999999999,2.1,2.8940760597020936,0.0,0.0,0.7255525073967152,1.48,89.9,8.415459140558886,24.5,0.0,94.08,45.0,6.4386892036357155,0.0,21.18283907667645,14.868,317.2846159879698
t274,5.699999999999999,2.1,2.505134649572988,0.0,0.0,3.2920711733997026,1.48,8.485305887881662,0.03392260371496454,24.5,0.0,94.08,45.0,10.325069846746983,0.0,44.211885368110245,14.868,256.58138952942653
t275,0.0,2.1,0.0,0.0,0.0,4.054954896645096,1.48,0.0,0.41332776364729534,24.5,0.0,94.08,45.0,8.645603913253012,0.0,19.993725441347554,14.868,215.13561201489296
t276,0.0,2.1,1.9268488545609428,22.96430185301219,0.0,4.23005753477352,1.48,0.0,0.06456411767535118,24.5,0.0,94.08,45.0,6.8635016102008,0.0,0.0,14.868,218.07727397022282
t277,0.0,2.1,0.49856312062068037,2.921482639981575,0.0,2.6620084556296675,1.48,0.0,0.23128348468937968,24.5,1.47345719669158,94.08,45.0,8.780972716465858,0.0,0.0,14.868,198.59576761407874
t278,0.0,2.1,0.0,25.567076025890696,0.0,2.0732874999303155,1.48,0.0,0.18179247839679327,24.5,4.034712566407575,94.08,45.0,9.94669620875502,0.0,4.563413497049721,14.868,228.3949782764301
t279,0.0,2.1,0.0,32.537358281537074,0.0,1.556762761254357,1.48,0.0,0.3130865921357286,24.5,3.58908841021425,94.08,45.0,6.756086536947793,0.0,0.3747327769409224,14.868,227.15511535903013
t280,0.0,2.1,0.0,5.138915512194158,0.0,1.6812871017222508,1.48,0.0,0.23647899775551048,24.5,2.767628781534629,94.08,45.0,10.422925680722889,0.0,8.732425606616134,14.868,211.0076616805456
t281,0.0,2.1,14.264914586316861,0.0,0.0,0.0,1.48,0.0,3.357379610738523,24.5,10.072389453396891,94.08,45.0,19.072051444899596,1.1045751243781108,0.0,0.0,215.03131021972996
t282,5.699999999999999,2.1,0.0,3.6929520328008008,0.0,0.8144843205574925,1.48,47.0874641767821,4.131973750019791,24.5,0.0,94.08,45.0,13.549224716465867,0.0,15.18189344011432,14.868,272.1859924367404
t283,5.699999999999999,2.1,0.0,6.215722508028324,0.0,0.7099472374315587,1.48,38.06407781338939,2.2504864816429575,24.5,0.0,94.08,45.0,15.722352785542167,0.0,7.897252638920206,14.868,258.58783946495464
t284,5.699999999999999,2.1,0.0,4.483127968088977,0.0,0.7241689397710307,1.48,25.64953489600073,2.0601215501147685,24.5,0.0,94.08,45.0,15.670811575742974,0.0,8.612030330030388,14.868,244.92779525974885
t285,5.699999999999999,2.1,0.0,2.868763964044483,0.0,0.9278681931309113,1.48,55.66716917246948,6.6161502590224615,24.5,0.0,94.08,45.0,14.73881743566265,0.0,13.849732933269188,14.868,282.3965019575991
t286,5.699999999999999,2.1,0.0,0.05587822086956827,0.0,1.1054741662518672,1.48,66.32138313238256,7.719044699313512,24.5,0.0,94.08,45.0,14.509486242730919,0.0,22.08463746887514,14.868,299.52390393042356
t287,5.699999999999999,2.1,2.201434240039722,0.0,0.0,1.3032376306620217,1.48,4.563134692237446,0.0,24.5,0.0,94.08,45.0,13.68320725333333,0.0,26.23551617111117,14.868,235.71452998738366
t288,5.699999999999999,2.1,4.561456087110231,0.0,0.0,1.4901097063215538,1.48,44.543516481749876,6.100539290682701,24.5,0.0,94.08,45.0,14.420906933493974,0.0,31.009717758412723,14.868,289.854246257771
t289,5.699999999999999,2.1,6.261809612432968,0.0,0.0,1.6382920856147352,1.48,0.0,0.744343123353292,24.5,0.0,94.08,45.0,14.336305297188753,0.0,35.061725283203124,14.868,245.77047540179285
t290,0.0,2.1,0.0,0.0,0.0,1.7569684420109508,1.48,0.0,1.3571700407185634,24.5,0.0,94.08,45.0,11.647293402730925,0.0,13.49409741879775,14.868,210.2835293042582
t291,0.0,2.1,0.0,0.0,0.0,1.8217514186162282,1.48,0.0,1.675867693413175,24.5,0.0,94.08,45.0,13.80548756914717,0.0,0.0,6.88728806829454,191.35039474947112
t292,0.0,2.1,5.444995535644664,0.0,0.0,0.0,1.48,0.0,1.7170562491017978,24.5,0.0,94.08,45.0,15.630705897028113,2.043743283582091,0.0,0.0,191.9965009653567
t293,0.0,2.1,11.359687566267624,0.0,0.0,0.0,1.48,0.0,1.549312878243513,24.5,0.0,94.08,45.0,14.72078882522088,1.9633104477611947,0.0,0.0,196.7530997174932
t294,0.0,2.1,6.5828421993524975,0.0,0.0,0.0,1.48,0.0,1.2737747369261487,24.5,0.0,94.08,45.0,14.785569223935742,1.8418965174129363,0.0,0.0,191.64408267762732
t295,0.0,2.1,0.0,0.0,0.0,1.4489802887008476,1.48,0.0,0.7253126131736529,24.5,0.0,94.08,45.0,13.265864904367541,0.0,0.0,5.726965050400174,188.3271228566422
t296,5.699999999999999,2.1,0.0,1.9412343849258291,0.0,0.0,0.9589705449900207,11.467909884977834,0.0,24.5,0.0,94.08,45.0,13.761011214899519,6.25,15.970904596068634,0.0,221.73003062586184
t297,5.699999999999999,2.1,18.11213625899259,26.7923132680937,0.0,0.0,1.48,18.751879385007395,0.0,24.5,0.0,94.08,45.0,6.591884088835341,4.790170277313433,0.0,0.0,247.89838327824245
t298,5.699999999999999,2.1,24.40842047994278,38.887676407493835,0.0,0.0,1.48,22.32079971326762,0.0,24.5,0.756898225769796,94.08,45.0,0.5314504636144548,2.740735537512439,0.0,0.0,262.5059808276009
t299,5.699999999999999,2.1,41.714735938341796,16.834412045271726,0.0,0.0,1.4450418324649297,78.85516422990686,4.302556930058808,24.5,0.6307555223281482,94.08,45.0,0.0,5.9912311824630375,0.0,0.0,321.15389768083526
t300,5.699999999999999,2.1,43.54,7.0403634943088935,0.0,0.0,1.48,71.23230358157714,0.0,24.5,0.37512127089814323,94.08,45.0,4.663603778152609,6.0270886852736325,0.0,0.0,305.7384808102104
t301,5.699999999999999,2.1,37.2719571668719,0.0,0.0,0.0,1.48,57.85468465151306,0.0,24.5,0.9957381795914311,94.08,45.0,0.6390890964658615,5.490247864698249,0.0,0.0,275.11171695914044
t302,0.0,2.1,13.984813329702135,3.110448984749902,0.0,5.2751541222797425,1.48,54.232099597999024,0.0,24.5,3.4168838407927877,94.08,45.0,0.0,0.0,0.0,0.0,247.1793998755236
t303,5.699999999999999,2.1,32.27346774021849,0.0,0.0,4.877589761901444,1.48,67.80404763525875,0.0,24.5,0.6132570660089686,94.08,45.0,0.0,0.0,0.0,0.0,278.4283622033877
t304,5.699999999999999,2.1,34.58465251392256,0.0,0.0,2.922232194206074,1.48,26.702851729581074,0.0,24.5,2.133427613333335,94.08,45.0,0.0,0.0,23.41833197787304,7.7928550604767315,270.41435108939277
t305,0.0,2.1,3.2368071821550806,0.0,0.0,0.0,0.5608168523752496,9.537391771976347,0.0,24.5,1.1579138469041643,94.08,45.0,9.485826237609439,6.25,2.5506564041841275,0.0,198.45941229520443
t306,5.699999999999999,2.1,0.0,2.4287639640445042,0.0,0.885197710303634,1.48,7.718283573665612,0.708541861122595,24.5,0.0,94.08,45.0,10.141558631967868,0.0,14.76333928247549,14.868,224.3736850235797
t307,5.699999999999999,2.1,0.0,4.170033933710815,0.0,0.7849720258835258,1.48,19.844490305428703,0.0,24.5,0.0,94.08,45.0,11.98881371550201,0.0,15.08550095962368,14.868,239.60181094014874
t308,5.699999999999999,2.1,0.0,3.1133888376541825,0.0,0.8589386759581894,1.48,16.71828736276003,0.0,24.5,0.0,94.08,45.0,12.557401003855421,0.0,29.606747519029227,14.868,250.58276339925706
t309,5.699999999999999,2.1,0.0,1.379615329059662,0.0,1.016304728720758,1.48,12.64861998985286,0.0,24.5,0.0,94.08,45.0,12.331872456867469,0.0,28.471716349444943,14.868,243.57612885394568
t310,5.699999999999999,2.1,1.0980062360675262,0.0,0.0,1.1829377799900458,1.48,7.945190071638756,0.0,24.5,15.032749377179872,94.08,45.0,12.11253912353413,0.0,35.080413003219185,14.868,260.1798355916295
t311,1.522167208864211,2.1,0.0,0.0,0.0,1.369809855649577,1.48,2.053711549959194,0.07372507623733146,24.5,0.0,94.08,45.0,11.506841059598392,0.0,37.36029165730164,14.868,235.91454640761035
t312,0.0,2.1,0.0,0.0,0.0,1.5549760079641621,1.48,0.0,0.45184469141716666,24.5,0.0,94.08,45.0,11.099800453975902,0.0,31.366412759892818,14.868,226.50103391325004
t313,0.0,2.1,0.0,0.0,0.0,1.67698267794923,1.48,0.0,1.0923146091816376,24.5,0.0,94.08,45.0,13.523109405301204,0.0,42.12017024987793,14.868,240.44057694230997
t314,0.0,2.1,0.0,0.0,0.0,1.7863920358387266,1.48,0.0,1.707787473053894,24.5,19.34865570503239,94.08,45.0,12.410027287871484,0.0,26.741194141560726,14.868,244.02205664335722
t315,0.0,2.1,0.0,0.0,0.0,1.8588176207068203,1.48,0.0,2.0824809421157693,24.5,0.21410861983059293,94.08,45.0,10.323648306591055,0.0,0.0,13.792213807584886,195.43126929682913
t316,0.0,2.1,3.797576359652545,0.0,0.0,0.0,1.48,0.0,2.401220226746509,24.5,0.09685600398604986,94.08,45.0,15.734999212530122,2.0475343283582106,0.0,0.0,191.23818613127344
t317,0.0,2.1,10.608170126854725,0.0,0.0,0.0,1.48,0.0,2.4040266139720567,24.5,0.27187255393878523,94.08,45.0,14.97097269012048,1.9773930348258726,0.0,0.0,197.3924350197119
t318,0.0,2.1,11.58754433183439,0.0,0.0,0.0,1.48,0.0,2.1511850586826355,24.5,0.9013246362267932,94.08,45.0,14.612422007228911,1.9260288557213945,0.0,0.0,198.33850488969412
t319,0.0,2.1,0.0,0.0,0.0,0.816991392838388,1.48,0.0,1.3341549285429133,24.5,0.0,94.08,45.0,16.121501101526103,0.8374485858417249,0.0,0.0,186.2700960087491
t320,0.0,2.1,22.59814386011916,0.0,0.0,0.0,1.48,0.0,0.6306080021157687,24.5,0.0,94.08,45.0,9.43664508216867,5.460576333532342,0.0,0.0,205.28597327793594
t321,0.0,2.1,27.491487471218527,0.0,0.0,0.0,1.48,5.631017789245938,0.0,24.5,0.0,94.08,45.0,7.023903381285139,6.25,20.52856210530553,0.0,234.08497074705514
t322,5.699999999999999,2.1,23.135258414686223,5.386062949215867,0.0,0.0,1.1575485543712576,4.379531406347959,0.0,24.5,0.0,94.08,45.0,0.0,6.25,0.0,0.0,211.6884013246213
t323,0.0,2.1,2.950210513571318,0.2490089259194718,0.0,5.3577946399502245,1.48,44.22812211941844,0.0,24.5,0.0,94.08,45.0,0.0,0.0,0.0,0.0,219.94513619885947
t324,5.699999999999999,2.1,26.80379543829197,0.0,0.0,1.4876249097542453,1.48,51.94770832152785,0.0,24.5,0.08164080380331015,94.08,45.0,11.749652323132526,2.5108900738881825,0.0,0.0,267.44131187039807
t325,5.699999999999999,2.1,0.0,31.0021585832558,0.0,5.297508527456446,1.48,31.480802675426343,0.0,24.5,0.0,94.08,45.0,0.0,0.0,5.921991891683457,0.0,246.56246167782203
t326,5.699999999999999,2.1,0.0,45.260095030818995,0.0,4.501483838556496,1.48,72.11842540593398,0.0,24.5,0.0,94.08,45.0,2.2486832260240974,0.0,2.1376060529528274,14.868,313.99429355428634
t327,2.1294026192772866,2.1,0.0,40.43320530723054,0.0,3.770355018247886,1.48,76.51002379089208,0.0,24.5,0.0,94.08,45.0,0.0,0.0,0.0,3.9372568655387674,293.9402436011865
t328,0.0,2.1,30.728091364068476,0.0,0.0,1.927077635522467,1.48,69.67186352074916,0.0,24.5,0.0,94.08,45.0,16.138914456867465,1.3228342828056188,0.0,0.0,286.94878126001316
t329,0.0,2.1,35.43980499524674,0.0,0.0,0.0,0.8476360140518964,41.09703975059636,0.0,24.5,2.4889436000802805,94.08,45.0,15.825933159470296,6.25,12.899644403058163,0.0,280.52900192250377
t330,5.699999999999999,2.1,0.0,4.845983377593529,0.0,0.9651825783972132,1.48,0.5238982818655704,1.1971160061946609,24.5,0.0,94.08,45.0,9.939752532208836,0.0,3.826653260038225,14.868,209.02658603629803
t331,5.699999999999999,2.1,0.0,6.767746774964631,0.0,0.8127712294673974,1.48,65.53046457087038,6.498586855942287,24.5,0.0,94.08,45.0,12.403668486104419,0.0,0.051185587064049375,14.868,279.79242350441314
t332,5.699999999999999,2.1,0.0,5.624013711263911,0.0,0.8177268292682942,1.48,19.043089515575854,0.0,24.5,0.0,94.08,45.0,13.110781386184739,0.0,12.662049603948226,14.868,238.985661046241
t333,5.699999999999999,2.1,0.0,3.7795283725379387,0.0,0.9304665007466407,1.48,17.145391900152212,0.0,24.5,12.313345291479822,94.08,45.0,12.850067649959835,0.0,18.074189600277172,14.868,252.8209893151536
t334,5.699999999999999,2.1,0.0,0.38294192157734197,0.0,1.1678183175709314,1.48,25.929662141748956,3.4300489392378823,24.5,0.0,94.08,45.0,12.443280501365455,0.0,28.740316369340075,14.868,259.82206819084064
t335,5.699999999999999,2.1,2.1347291754915525,0.0,0.0,1.380783673469389,1.48,2.5373076789447015,0.0,24.5,14.156155455904333,94.08,45.0,11.71834798522088,0.0,32.933551091746054,14.868,252.5888750607769
t336,0.8144955997903723,2.1,0.6575823862945167,0.0,0.0,1.6013092085614742,1.48,0.0,0.5493162251497006,24.5,0.0,94.08,45.0,11.180834591325299,0.0,28.887533631428635,14.868,225.71907164254998
t337,0.0,2.1,0.0,0.0,0.0,1.6583671478347444,1.48,0.0,1.119225738922155,24.5,18.886076731439964,94.08,45.0,15.78986962859438,0.0,0.0,14.868,219.48153924679121
t338,0.0,2.1,0.0,0.0,0.0,1.7399764061722254,1.48,0.0,1.309875487425152,24.5,0.03173891380169444,94.08,45.0,14.663088255100398,0.0,0.0,14.868,199.77267906249946
t339,0.0,2.1,0.0,0.0,0.0,1.7879331010452975,1.48,0.0,1.1741190003992024,24.5,11.974891891239341,94.08,45.0,11.660285042248997,0.0,0.0,14.868,208.62522903493283
t340,0.0,2.1,0.0,0.0,0.0,1.7509493280238935,1.48,0.0,0.6805379720558883,24.5,0.0,94.08,45.0,9.657686065863453,0.0,0.0,14.868,194.11717336594324
t341,0.0,2.1,0.0,0.0,0.0,1.6154475858636144,1.48,0.0,0.0,24.5,0.0,94.08,45.0,9.139802897188755,0.0,8.080533224920675,14.868,200.86378370797306
t342,0.0,2.1,0.0,0.0,0.0,1.2998177202588366,1.48,0.0,0.7281824609218449,24.5,0.0,94.08,45.0,10.21622117156626,0.0,7.978589622141092,14.868,202.25081097488805
t343,5.699999999999999,2.1,0.0,0.0,0.0,1.2232582916774517,1.48,14.32838838127215,4.254114593192606,24.5,13.521268505550571,94.08,45.0,0.0,0.0,0.0,14.868,221.05502977169277
t344,5.699999999999999,2.1,0.0,0.0,0.0,3.736069082807368,1.48,56.291791392509886,5.577102912998442,24.5,0.0,94.08,45.0,5.237194131084333,0.0,0.0,14.868,258.5701575194
t345,5.699999999999999,2.1,3.846905442463593,9.019591228549773,0.0,2.5337286287605787,1.48,35.720879454678126,2.178613405978985,24.5,0.0,94.08,45.0,0.0,0.0,0.0,13.520714344934547,239.68043250536562
t346,5.699999999999999,2.1,32.2904939057001,0.0,0.0,3.7235397867894475,1.48,63.47392530185962,1.372271255160883,24.5,0.0,94.08,45.0,0.0,0.0,39.574732223230505,7.520517342396781,320.81547981513734
t347,5.699999999999999,2.1,22.727215027249255,0.0,0.0,3.230059969218518,1.48,89.9,9.712657960961923,24.5,0.0,94.08,45.0,6.4391016721549486,0.0,45.980857362788356,14.868,365.717891992373
t348,5.699999999999999,2.1,25.633172362542208,0.0,1.8720362493910392,0.7356918447739994,1.48,89.9,10.224,24.5,0.0,94.08,45.0,0.0,0.0,31.90770533736625,14.868,348.00060579407346
t349,5.699999999999999,2.1,13.184031340409833,0.0,0.12968426146955261,3.2736630191306864,1.48,89.9,10.224,24.5,0.0,94.08,45.0,0.0,0.0,43.24729851815837,13.18650251573011,346.00517965489854
t350,5.699999999999999,2.1,6.0804208657795495,0.0,0.0,3.844095140388033,1.065516134468938,80.74199751120523,8.175877230728728,24.5,0.0,94.08,45.0,0.0,0.0,39.077707359809395,0.0,310.3656142423799
t351,5.699999999999999,2.1,0.12123329862959885,0.0,0.0,3.4127638701742167,1.48,0.0,0.0,24.5,0.0,94.08,45.0,0.0,0.0,17.097023965815453,14.13546712497482,207.62648825959408
t352,0.0,2.1,20.63639163033232,0.0,0.0,0.11545574973790482,1.48,5.2176147732889895,0.0,24.5,17.68810628694569,94.08,45.0,10.587067369638552,2.075980865747126,0.0,0.0,223.48061667569058
t353,0.0,2.1,28.501367210755287,0.0,0.0,0.0,1.48,2.818553159496816,3.668324244078805,24.5,0.0,94.08,45.0,16.20323296690763,3.2640041942288565,0.0,0.0,221.61548177546737
t354,0.0,2.1,0.0,0.0,0.0,0.6890577401692398,1.48,0.0,0.0,24.5,0.0,94.08,45.0,14.447979604016066,0.0,8.293637217486845,14.868,205.45867456167213
t355,0.0,2.1,0.0,0.0,0.0,0.5458300647088113,1.48,0.0,0.0,24.5,1.8872499027998073,94.08,45.0,8.692430217760794,0.0,3.886565377460379,14.868,197.0400755627298
t356,0.0,2.1,0.0,0.0,0.0,0.5600517670482843,1.48,0.0,2.027314247695389,24.5,0.0,94.08,45.0,6.650625323775096,0.0,0.0,14.868,191.26599133851877
t357,0.0,2.1,0.0,0.0,0.0,0.7435111000497775,1.48,0.0,0.0,24.5,0.0,94.08,45.0,16.92216045381526,0.0,0.0,14.868,199.69367155386502
t358,0.0,2.1,0.0,0.0,0.0,1.7688907255929005,1.48,0.0,0.5300003815631273,24.5,0.0,94.08,45.0,15.952522890281124,0.0,0.0,14.868,200.27941399743716
t359,0.0,2.1,0.0,0.0,0.0,1.2678782478845207,1.48,0.0,0.4478070530938141,24.5,0.0,94.08,45.0,14.779812592610437,0.0,26.462281250476206,14.868,224.98577914406494
t360,0.0,2.1,0.0,0.0,0.0,1.4732009955201604,1.48,0.0,0.10405056606786414,24.5,0.0,94.08,45.0,15.530206219919675,0.0,0.0,14.868,199.1354577815077
t361,0.0,2.1,0.0,0.0,0.0,2.6323734960179204,1.48,0.0,0.8046592526946111,24.5,0.0,94.08,45.0,5.189965406987947,0.0,16.742914134446767,14.868,207.39791229014725
t362,0.0,2.1,0.0,0.0,0.0,1.7661521154803392,1.48,0.0,1.4459456319361277,24.5,0.0,94.08,45.0,13.688217923855422,0.0,9.204831799859225,14.868,208.1331474711311
t363,0.0,2.1,0.0,0.0,0.0,1.8048427078148337,1.48,0.0,1.5793196471057909,24.5,0.0,94.08,45.0,10.517840747791164,0.0,0.0,14.868,195.93000310271177
t364,0.0,2.1,0.0,0.0,0.0,1.8048427078148337,1.48,0.0,1.4022258347305396,24.5,0.0,94.08,45.0,9.619091351214763,0.0,0.0,13.00357124579321,192.98973113955336
t365,0.0,2.1,0.0,0.0,0.0,1.6601563962170243,1.48,0.0,0.5808016351297407,24.5,0.0,94.08,45.0,7.519499941104801,0.0,0.0,14.868,191.78845797245157
t366,0.0,2.1,0.0,0.0,0.0,1.3740334494773532,1.48,0.0,0.18235642954091896,24.5,0.0,94.08,45.0,9.920135054618473,0.0,4.882960453957033,14.868,198.38748538759376
t367,0.0,2.1,0.0,0.0,0.0,1.239297017411648,1.48,0.0,0.0,24.5,13.319426388350768,94.08,45.0,1.5413350642570238,0.0,0.0,14.868,198.12805847001945
t368,1.5940926143995238,2.1,10.552801130804975,0.0,0.0,2.9168558423892503,1.48,0.0,2.905621820120237,24.5,0.0,94.08,45.0,8.862092385301207,0.0,0.0,14.868,208.85946379301518
t369,0.3976593889846478,2.1,0.0,0.0,0.0,0.0,1.48,2.5825661940956297,0.0,24.5,0.0,94.08,45.0,6.61432839269076,6.25,2.5800490723132645,0.0,185.58460304808432
t370,5.699999999999999,2.1,12.166623333664358,0.0,0.0,5.371610468720756,1.48,50.12085163119757,4.762150448046427,24.5,0.0,94.08,45.0,0.0,0.0,28.424506098516368,1.319568325921445,275.02531030606696
t371,5.699999999999999,2.1,0.0,0.0,4.000012725052846,5.197640122383796,0.0,89.9,10.224,24.5,2.996616501195816,94.08,45.0,0.0,0.0,64.88263949035418,0.0,348.5809088389866
t372,5.699999999999999,2.1,43.54,0.0,6.5,4.60132873651568,0.0,89.9,10.224,24.5,0.3092184637369225,94.08,45.0,0.0,0.0,52.33369691194349,0.0,378.7882441121961
t373,5.699999999999999,2.1,43.54,0.0,6.5,3.480621044380289,0.0,86.31956152348943,10.224,24.5,4.253718572137519,94.08,45.0,2.4159420118841464,0.0,50.76334514846191,0.0,378.8771883003533
t374,5.699999999999999,2.1,43.54,0.0,0.0,8.882768955530114,0.0,89.9,10.224,24.5,4.6344184081714,94.08,45.0,0.0,0.0,49.37950359494699,0.0,377.9406909586485
t375,5.699999999999999,2.1,42.65624857540998,0.0,6.5,3.9484448141662525,0.0,89.9,10.224,24.5,2.273506616860987,94.08,45.0,0.0,0.0,37.64716299329117,0.0,364.5293629997284
t376,5.699999999999999,2.1,39.70645803519366,0.0,6.5,3.1019824946042807,0.0,73.49852436992609,10.224,24.5,0.0,94.08,45.0,2.0305636361857378,0.0,43.888509877333405,0.0,350.3300384132432
t377,5.699999999999999,2.1,7.803429254220457,0.0,0.0,1.7207446427874564,1.48,0.0,0.0,24.5,0.0,94.08,45.0,2.408884486889903,0.0,0.0,2.1905870271006105,186.9836454109984
t378,0.0,2.1,0.0,0.0,0.0,1.7389077916874078,1.48,0.0,0.0,24.5,0.0,94.08,45.0,6.800273891301293,0.0,0.0,14.868,190.5671816829887
t379,0.0,2.1,0.0,0.0,0.0,0.6056583374813349,1.48,0.0,1.226634411222445,24.5,0.0,94.08,45.0,8.966919210410623,0.0,8.25516696476191,14.868,201.08237892387632
t380,0.0,2.1,0.0,0.0,0.0,0.619880039820807,1.48,0.0,1.4391686236472943,24.5,12.062196312904836,94.08,45.0,16.48402691742972,0.0,0.0,14.868,212.63327189380266
t381,0.0,2.1,0.0,0.0,0.0,0.7249771030363373,1.48,0.0,1.1381465795591188,24.5,12.469305430991529,94.08,45.0,16.14222928915662,0.0,0.0,14.868,212.5026584027436
t382,0.0,2.1,0.0,0.0,0.0,0.9472103534096582,1.48,0.0,0.0,24.5,0.0,94.08,45.0,15.828633260205883,0.0,0.0,14.868,198.80384361361553
t383,0.0,2.1,0.0,0.0,0.0,1.208132404181186,1.48,0.0,0.0,24.5,0.0,94.08,45.0,15.704357617670684,0.0,19.41453901873017,14.868,218.35502904058205
t384,0.0,2.1,0.0,0.0,0.0,2.4489141630164273,1.48,0.0,0.3219854289137896,24.5,0.0,94.08,45.0,5.12695068361446,0.0,0.0,14.868,189.92585027554466
t385,0.0,2.1,0.0,0.0,0.0,2.3177259954326552,1.48,0.0,2.2982372391217574,24.5,0.0,94.08,45.0,17.732396363534132,0.0,48.284876918334575,14.868,252.66123651642312
t386,0.0,2.1,0.0,0.0,0.0,1.7585095072175219,1.48,0.0,2.2091381149983853,24.5,0.0,94.08,45.0,14.665402636626503,0.0,20.202662828253978,14.868,220.8637130870964
t387,0.0,2.1,0.0,0.0,0.0,1.814108810353411,1.48,0.0,1.764738142914171,24.5,0.0,94.08,45.0,0.0,0.0,0.0,14.868,185.60684695326756
t388,0.0,2.1,0.0,0.0,0.0,1.814108810353411,1.48,0.0,1.718898773652696,24.5,0.0,94.08,45.0,8.888113792449802,0.0,0.0,14.868,194.4491213764559
t389,0.0,2.1,0.0,0.0,0.0,1.6542206072672982,1.48,0.0,1.1667860471057867,24.5,0.0,94.08,45.0,8.19769485542169,0.0,1.1733480214483114,14.868,194.2200495312431
t390,0.0,2.1,0.0,0.0,0.0,1.3925665505226497,1.48,0.0,0.0,24.5,0.0,94.08,45.0,9.328534763855423,0.0,5.853317758412731,14.868,198.6024190727908
t391,0.0,2.1,0.0,0.0,0.0,1.2046069228372334,1.48,0.0,0.7540534396793603,24.5,0.0,94.08,45.0,0.0,0.0,9.014464880501329,14.868,193.00112524301792
t392,5.699999999999999,2.1,17.724741356861976,0.0,0.0,1.4558937717073175,1.48,17.778554279940845,0.0,24.5,0.0,94.08,45.0,4.0657192510096465,0.0,0.0,8.277233560674913,222.16214222019468
t393,5.699999999999999,2.1,43.54,2.9681934927398834,0.0,4.015691703165754,1.48,19.120929960918048,0.0,24.5,0.0,94.08,45.0,0.0,0.0,26.327853104303443,13.366739125639477,282.19940738676655
t394,5.699999999999999,2.1,43.54,2.2417213394216757,6.5,0.0,1.48,89.9,10.224,24.5,1.3263530911011459,94.08,45.0,0.0,0.1389405741708527,52.42772031870972,4.0219032589325225,383.1806385823359
t395,5.699999999999999,2.1,43.54,0.0,4.777106141217911,0.5139992363454876,1.48,89.9,10.224,24.5,2.765332662600897,94.08,45.0,0.0,0.0,67.29532236337529,0.0,391.8757604035396
t396,5.699999999999999,2.1,43.54,0.0,0.0,3.2216217412443995,1.48,89.9,9.839985476392783,24.5,0.5629450397209769,94.08,45.0,0.0,0.0,67.81241420375592,0.0,387.7369664611141
t397,5.699999999999999,2.1,43.54,0.0,0.0,6.671120854417983,0.8736279519038094,89.9,10.224,24.5,0.8715421667164912,94.08,45.0,0.0,0.0,43.89911743572601,0.0,367.3594084087643
t398,5.699999999999999,2.1,43.54,0.0,0.0,5.853023142664424,1.2300790281763534,89.9,8.306636159118238,24.5,1.9403101656203292,94.08,45.0,0.0,0.0,67.81224094617139,0.0,389.9622894417507
t399,5.699999999999999,2.1,43.54,0.0,0.0,5.005064525465406,1.48,89.9,8.95137013098196,24.5,1.4146790275535626,94.08,45.0,0.0,0.0,24.341394989888247,3.4418473951057416,349.45435606899497
t400,5.699999999999999,2.1,39.741140006077465,0.0,0.0,2.170044616157294,1.48,89.9,10.138533657515032,24.5,0.0,94.08,45.0,0.0,0.0,19.012141707737882,3.455779554845117,337.2776395423328
t401,5.699999999999999,2.1,6.9355649405453965,1.453003350942308,0.0,0.0,1.48,17.867804008728086,0.0,24.5,0.7202462090918214,94.08,45.0,11.208160709236948,2.030075836019901,0.0,0.0,213.07485505456447
t402,0.0,2.1,0.0,0.0,0.0,0.6537675002389267,1.48,0.0,0.1295399733867718,24.5,0.0,94.08,45.0,11.22914453319823,0.0,0.0,14.868,194.0404520068239
t403,0.0,2.1,0.0,0.0,0.0,1.3866910669487313,1.48,0.0,0.0,24.5,12.510782262082714,94.08,45.0,5.4474271392951055,0.0,0.0,14.868,201.37290046832655
t404,0.0,2.1,0.0,0.0,0.0,1.4488694641612752,1.48,0.0,1.7900723350701384,24.5,12.373453911310413,94.08,45.0,17.500812852690764,0.0,0.0,14.868,215.1412085632326
t405,0.0,2.1,0.0,0.0,0.0,0.6398717770034853,1.48,0.0,0.0,24.5,0.0,94.08,45.0,17.109024082891565,0.0,31.409284140158782,14.868,231.1861800000538
t406,0.0,2.1,0.0,0.0,0.0,1.8805702108013946,1.48,0.0,0.0,24.5,0.0,94.08,45.0,16.32042505879518,0.0,0.0,14.868,200.22899526959657
t407,0.0,2.1,0.0,0.0,0.0,1.1768362369337997,1.48,0.0,0.0,24.5,0.0,94.08,45.0,15.229859509076306,0.0,14.736500298095283,14.868,213.1711960441054
t408,0.0,2.1,0.0,0.0,0.0,1.4176016923842711,1.48,0.0,1.7610489500998,24.5,0.0,94.08,45.0,4.477474721526098,0.0,30.609209821904773,14.868,220.29333518591497
t409,0.0,2.1,0.0,0.0,0.0,1.5362771528123447,1.48,0.0,1.6860562682634739,24.5,0.0,94.08,45.0,7.572138236326102,0.0,0.0,14.868,192.82247165740193
t410,0.0,2.1,0.0,0.0,0.0,1.6827527127924344,1.48,0.0,2.3174270499001994,24.5,0.0,94.08,45.0,11.735850013815256,0.0,0.0,14.868,197.76402977650787
t411,0.0,2.1,0.0,0.0,0.0,1.7644452961672483,1.48,0.0,2.5402676550898207,24.5,0.0,94.08,45.0,12.19005480102584,0.0,0.0,9.160974094996936,192.81574184727984
t412,0.0,2.1,1.3852587593895802,0.0,0.0,0.0,1.48,0.0,2.481219846706587,24.5,0.0,94.08,45.0,15.407503991485942,1.9614149253731352,0.0,0.0,188.39539752295525
t413,0.0,2.1,2.325625403287839,0.0,0.0,0.0,1.48,0.0,1.691282577245509,24.5,5.72715182832916,94.08,45.0,14.635645406265056,1.8604915422885593,0.0,0.0,193.40019675741615
t414,0.0,2.1,0.0,0.0,0.0,1.4136209059233464,1.48,0.0,0.3935397780439116,24.5,0.0,94.08,45.0,8.930806821641694,0.0,0.0,12.08835257776287,189.9863200833718
t415,5.699999999999999,2.1,0.0,0.0,0.0,1.3985526669885524,1.48,36.48997945179498,0.0,24.5,14.581043406975583,94.08,45.0,9.180943944247105,0.0,0.0,14.868,249.3785194700062
t416,5.699999999999999,2.1,0.0,0.0,0.0,1.980820899631659,1.48,54.39412533445357,4.74775015638769,24.5,0.0,94.08,45.0,1.8477328532689297,0.0,0.0,14.868,250.69842924374186
t417,5.699999999999999,2.1,23.44137222375373,0.0,0.0,1.0111996950522657,1.48,39.334748551710206,0.0,24.5,18.32179940909816,94.08,45.0,12.322190155347522,0.0,0.0,10.317903665326554,277.6092137002885
t418,5.699999999999999,2.1,33.233555593604784,0.0,0.0,2.425988047466402,1.48,70.46364610743225,0.0,24.5,1.7060823760538129,94.08,45.0,5.7714595683534125,0.0,25.623243563738693,14.868,326.95197525664935
t419,5.699999999999999,2.1,21.707787975888778,0.0,0.0,2.881441452543554,1.48,89.9,9.671483058517033,24.5,3.8951703883109126,94.08,45.0,0.0,0.0,21.12363011301533,14.868,336.9075129882756
t420,5.699999999999999,2.1,25.37685214828204,0.0,0.0,4.641324754435042,1.48,89.9,7.128812726292586,24.5,4.552529992386647,94.08,45.0,0.0,0.0,48.71707397972828,4.440379169446127,357.6169727705708
t421,5.699999999999999,2.1,17.96862401950347,0.0,0.0,3.831613876635142,1.48,89.9,10.224,24.5,2.9465235048729457,94.08,45.0,0.0,0.0,67.86287778047425,8.517038583222561,374.11067776470844
t422,5.699999999999999,2.1,14.175648591777556,0.0,0.5920441396980357,2.835353392685634,1.48,89.9,10.224,24.5,1.798626757070254,94.08,45.0,0.0,0.0,51.091193058245814,8.899887025015108,352.3767529644924
t423,5.699999999999999,2.1,18.63287175126118,0.0,0.0,6.138432945425585,0.0,10.874942926304755,3.5715074994977782,24.5,1.9012302709715998,94.08,45.0,0.3913369330677269,0.0,54.23784621667657,0.0,267.12816854320516
t424,5.699999999999999,2.1,0.0,9.611657463134465,0.0,0.0,1.48,0.0,0.0,24.5,15.414857994741606,94.08,45.0,0.0,0.30755455758793865,7.908287741895579,5.57914346052366,211.68150121788324
t425,0.0,2.1,0.9054288914907974,0.0,0.0,0.0,1.48,0.0,1.9668660248303378,24.5,0.0,94.08,45.0,12.808357500080321,1.6682022041791056,0.0,0.0,184.50885462058054
t426,0.0,2.1,0.0,0.0,0.0,1.6731464178695872,1.48,0.0,0.2708162966467078,24.5,0.0,94.08,45.0,12.399298069879515,0.0,16.611825060634946,14.868,212.98308584503073
t427,0.6926360279233058,2.1,0.0,0.0,0.0,0.520635440517672,1.48,0.0,0.0,24.5,0.0,94.08,45.0,14.216050647389556,0.0,4.852828235238136,14.868,202.31015035106867
t428,0.4425764620474931,2.1,0.0,0.0,0.0,0.45901702339472455,1.48,0.0,0.0,24.5,0.0,94.08,45.0,15.474452253815262,0.0,0.0,14.868,198.40404573925747
t429,0.0,2.1,0.0,0.0,0.0,0.5548479840716786,1.48,0.0,0.0,24.5,0.0,94.08,45.0,15.606789788755016,0.0,9.535941161428603,14.868,207.72557893425528
t430,0.0,2.1,0.0,0.0,0.0,0.8495068193130921,1.48,0.0,0.0,24.5,0.0,94.08,45.0,15.27551779871486,0.0,20.428109821904783,14.868,218.58113443993273
t431,0.0,2.1,0.0,0.0,0.0,1.101161871577901,1.48,0.0,0.8511109972055892,24.5,3.5341153041210087,94.08,45.0,13.821034912128516,0.0,0.0,14.868,201.335423085033
t432,0.0,2.1,0.0,0.0,0.0,1.3157516177202588,1.48,0.0,0.6302505469061879,24.5,0.0,94.08,45.0,2.661089486184734,0.0,11.716261961948526,14.868,198.35135361275968
t433,0.0,2.1,0.0,0.0,0.0,1.5422129417620711,1.48,0.0,2.3498468317764476,24.5,0.0,94.08,45.0,14.52590418313253,0.0,0.0,14.868,200.44596395667105
t434,0.0,2.1,0.0,0.0,0.0,1.6701554006968642,1.48,0.0,2.147370211576847,24.5,0.0,94.08,45.0,11.503231911004013,0.0,0.0,14.868,197.34875752327773
t435,0.0,2.1,0.0,0.0,0.0,1.7366451966152328,1.48,0.0,2.3882437029940133,24.5,0.0,94.08,45.0,13.867441720321834,0.0,0.0,5.8649510255378114,191.0172816454689
t436,0.0,2.1,7.262500874198839,0.0,0.0,0.0,1.48,0.0,2.3650151121756497,24.5,0.0,94.08,45.0,15.170465907951806,1.9596109452736332,0.0,0.0,193.91759283959993
t437,0.0,2.1,12.078671827846915,0.0,0.0,0.0,1.48,0.0,1.7038528654690628,24.5,4.372027543321638,94.08,45.0,14.372955782971887,1.8502925373134342,0.0,0.0,201.53780055692295
t438,0.0,2.1,0.0,0.0,0.0,0.43184632067239226,1.48,0.0,0.5830810762475065,24.5,0.0,94.08,45.0,15.14880184257028,1.1295865902538236,0.0,0.0,184.453315829744
t439,5.699999999999999,2.1,0.0,0.0,0.0,1.187680292672973,1.48,18.923011286351453,0.0,24.5,0.0,94.08,45.0,8.669078021927708,0.0,10.998647132493618,14.868,227.50641673344575
t440,5.699999999999999,2.1,0.0,0.0,0.0,1.8711275198407171,1.48,19.24004288708338,1.4124564944711604,24.5,0.0,94.08,45.0,11.266623938606637,0.0,0.0,6.405333147883815,213.0555839878857
t441,0.0,2.1,0.0,0.0,0.0,1.7301270822085932,1.48,0.0,0.6077698953106214,24.5,0.0,94.08,45.0,14.257200161204818,2.1772200548385503,0.0,0.0,185.9323171935626
t442,0.0,2.1,9.686118401409868,0.0,0.0,3.2029662455749133,1.48,0.9589676587185836,0.0,24.5,17.14886908320877,94.08,45.0,10.827948605196413,0.0,0.0,7.6884876811909875,216.67335767529954
t443,5.699999999999999,2.1,43.54,26.0043690947181,0.0,5.6920703832752615,1.48,12.344939793162458,0.0,24.5,0.8219965229804334,94.08,45.0,4.017359688433735,0.0,5.019140344641583,14.868,285.1678758272115
t444,5.699999999999999,2.1,43.54,18.805599192680514,0.0,5.766654355400697,1.48,23.275924966032537,0.0,24.5,0.0,94.08,45.0,3.0435720051405633,0.0,6.599023895140956,14.868,288.75877441439525
t445,5.699999999999999,2.1,0.0,13.815172538847309,0.0,5.817460228969637,1.48,12.075761003311964,0.0,24.5,0.0,94.08,45.0,1.2377358008032115,0.0,33.659300629086474,14.868,254.3334302010186
t446,5.699999999999999,2.1,18.91253830573983,0.0,0.0,4.687030777332007,1.48,25.119728029689497,0.0,24.5,1.6325478957049704,94.08,45.0,1.1617995488353348,0.0,23.95542311012949,14.868,263.19706766743116
t447,5.699999999999999,2.1,21.70992659197616,0.0,2.1724151413519297,3.9145479685916107,1.48,89.9,10.224,24.5,0.0,94.08,45.0,0.0,0.0,57.654802014005114,9.171817405840889,367.6075091217657
t448,5.699999999999999,2.1,7.536750024270117,0.0,0.0,4.486133216356397,1.48,45.02454469752587,0.0,24.5,1.1336740813346702,94.08,45.0,1.2462163801606398,0.0,8.322791236502992,14.868,255.47810963615066
t449,0.0,2.1,4.585153193836862,0.0,0.0,2.578639031946243,1.48,0.0,0.0,24.5,2.2388117546011053,94.08,45.0,3.3552303685021205,0.0,0.0,7.4163711898698885,187.33420553875624
t450,0.0,2.1,0.0,0.0,0.0,1.2535621119893872,1.48,0.0,0.0,24.5,12.425730204315114,94.08,45.0,10.335912563935743,0.0,0.0,14.868,206.04320488024024
t451,0.0,2.1,0.0,0.0,0.0,0.6452466898954713,1.48,0.0,0.6731644248497033,24.5,0.0,94.08,45.0,13.030813328514052,0.0,0.0,14.868,196.37722444325922
t452,0.0,2.1,0.0,0.0,0.0,0.5759865604778505,1.48,0.0,0.0,24.5,0.0,94.08,45.0,14.141831554698792,0.0,0.0,14.868,196.74581811517663
t453,0.0,2.1,0.0,0.0,0.0,0.731645793927328,1.48,0.0,0.0,24.5,0.9757343557403966,94.08,45.0,4.197706768263005,0.0,0.0,14.868,187.93308691793072
t454,0.0,2.1,0.0,0.0,0.0,0.944611149825785,1.48,0.0,0.0,24.5,0.0,94.08,45.0,14.713898810923695,0.0,23.767966558254006,14.868,221.4544765190035
t455,0.0,2.1,0.0,0.0,0.0,1.1517240418118475,1.48,0.0,0.0,24.5,0.33779674791773473,94.08,45.0,14.115842670843373,0.0,0.0,14.868,197.63336346057295
t456,0.0,2.1,0.0,0.0,0.0,1.3755798904927834,1.48,0.0,0.7897199888223556,24.5,7.30287757533368,94.08,45.0,14.646097388915658,0.0,0.0,14.868,206.14227484356448
t457,0.0,2.1,0.0,0.0,0.0,1.8893426980949832,1.48,0.0,1.332364603592814,24.5,0.0,94.08,45.0,16.437882730763054,0.0,0.0,14.868,201.68759003245086
t458,0.0,2.1,0.0,0.0,0.0,1.638127227476357,1.48,0.0,1.8909573237524946,24.5,0.0,94.08,45.0,2.0611093017670625,0.0,0.0,14.868,187.61819385299592
t459,0.0,2.1,0.0,0.0,0.0,2.7400760345943262,1.48,0.0,2.118012166067865,24.5,13.765022810245865,94.08,45.0,7.117020553859251,0.0,0.0,14.868,207.7681315647673
t460,0.0,2.1,0.0,0.0,0.0,1.793951319064212,1.48,0.0,2.2494452998003998,24.5,0.0,94.08,45.0,13.46352334678196,0.0,0.0,6.633771150170234,191.30069111581682
t461,0.0,2.1,0.0,0.0,0.0,1.758591936286711,1.48,0.0,1.9347427049900205,24.5,0.0,94.08,45.0,14.712460587081457,0.0,0.0,2.9141902655760568,188.47998549393424
t462,0.0,2.1,0.0,0.0,0.0,1.6491834743653562,1.48,0.0,1.5916279824351298,24.5,5.5365030542298115,94.08,45.0,14.237007530702785,0.0,0.0,3.480386321837913,193.65470836357102
t463,0.0,2.1,0.0,0.0,0.0,1.2978867096836493,1.48,0.0,1.0307200077844307,24.5,0.0,94.08,45.0,14.264913286666665,1.3868143657299883,0.0,0.0,185.14033436986472
t464,5.699999999999999,2.1,30.6205073605164,0.0,0.0,3.3870495844599313,1.48,8.048178707294225,0.0,24.5,0.0,94.08,45.0,0.0,0.0,10.336009443642517,12.6505178681571,237.90226296407016
t465,5.699999999999999,2.1,17.272016470585896,0.0,6.297674688817314,0.0,1.48,89.9,10.224,24.5,0.4910688069456904,94.08,45.0,0.0,0.557099889435352,38.56337800984816,0.7512963043907296,336.91653417002317
t466,5.699999999999999,2.1,40.32340585743794,0.0,6.5,0.9214457056932226,0.23105092901803437,89.9,10.224,24.5,0.0,94.08,45.0,0.0,0.0,36.18560156496675,0.0,355.6655040571159
t467,5.699999999999999,2.1,43.54,0.0,5.840584752944147,0.5436438415716995,1.4102957168084829,89.9,10.224,24.5,0.0,94.08,45.0,0.0,0.0,0.0,0.0,322.8385243113243
t468,5.699999999999999,2.1,43.54,0.0,3.5785318640765014,1.459273478370641,1.48,89.9,10.224,24.5,0.0,94.08,45.0,0.0,0.0,14.659975207738533,0.0,336.22178055018566
t469,5.699999999999999,2.1,32.19839224639524,0.0,0.0,8.03603936195122,0.0,89.9,8.888429641563125,24.5,0.0,94.08,45.0,0.0,0.0,9.922919128015147,0.0,320.32578037792473
t470,5.699999999999999,2.1,42.20205165890765,0.0,0.0,7.954990979671478,0.0,89.9,10.224,24.5,0.0,94.08,45.0,0.0,0.0,0.0,0.0,321.66104263857915
t471,5.699999999999999,2.1,21.843866730764645,0.0,0.0,7.614080752444003,0.0,89.9,10.224,24.5,0.0,94.08,45.0,0.0,0.0,2.334892537755004,0.0,303.29684002096366
t472,5.699999999999999,2.1,12.187472914317599,0.0,6.5,0.0,1.2420774964870263,89.9,10.224,24.5,0.16306189335326438,94.08,45.0,0.0,0.0,39.6948597958556,0.0,331.29147210001355
t473,5.699999999999999,2.1,12.729863279563059,0.0,0.0,0.6662609195420611,1.48,0.0,0.0,24.5,0.0,94.08,45.0,3.5012972821478363,0.0,0.0,8.559235526884509,198.31665700813747
t474,0.0,2.1,0.0,0.0,0.0,1.1002239462319579,1.48,0.0,0.1516230254291424,24.5,0.0,94.08,45.0,15.676278526919031,0.0,0.0,0.0,184.08812549858013
t475,0.0,2.1,0.0,0.0,0.0,1.7992924606769543,1.48,0.0,1.909481248897794,24.5,0.0,94.08,45.0,14.642133736552209,0.0,0.0,0.0,185.51090744612696
t476,0.0,2.1,0.0,0.0,0.0,0.7325372822299654,1.48,0.0,1.6050057442885766,24.5,0.0,94.08,45.0,8.282928658072285,0.0,0.0,0.0,177.78047168459082
t477,0.0,2.1,0.0,0.0,0.0,1.8790300415629673,1.48,0.0,1.0217603975951908,24.5,14.333349277528649,94.08,45.0,20.0,0.0,0.0,0.0,204.3941397166868
t478,0.0,2.1,0.0,0.0,0.0,1.5917242237397287,1.48,0.0,0.26990687037358424,24.5,0.0,94.08,45.0,20.0,0.0,0.0,0.0,189.0216310941133
t479,0.0,2.1,0.0,0.0,0.0,1.2493442508710813,1.48,0.0,0.15224453972056176,24.5,0.0,94.08,45.0,19.669278249638555,0.0,0.0,0.0,188.2308670402302
t480,0.0,2.1,0.0,0.0,0.0,1.4901097063215538,1.48,0.0,0.9482186107784438,24.5,0.0,94.08,45.0,7.736020641204818,0.0,0.0,0.0,177.33434895830482
t481,0.0,2.1,0.0,0.0,0.0,1.6045570930811353,1.48,0.0,1.396159870658682,24.5,0.0,94.08,45.0,20.0,0.0,0.0,0.0,190.16071696373982
t482,0.0,2.1,0.0,0.0,0.0,1.732499552015929,1.48,0.0,1.9736258906187634,24.5,0.3751051320378674,94.08,45.0,8.082372708995981,0.0,0.0,0.0,179.32360328366855
t483,0.0,2.1,0.0,0.0,0.0,1.815815629666502,1.48,0.0,2.2518127552894205,24.5,0.540775286497259,94.08,45.0,14.853620458446558,0.0,0.0,0.0,186.62202412989973
t484,0.0,2.1,7.134266328218564,0.0,0.0,0.0,1.48,0.0,2.306041326946107,24.5,0.6624713502740424,94.08,45.0,15.434036533333332,2.0764199004975143,0.0,0.0,194.77323543926957
t485,0.0,2.1,12.596891305563954,0.0,0.0,0.0,1.48,0.0,2.1065051608782444,24.5,0.38242949676133675,94.08,45.0,14.484445228915657,2.047442786069653,0.0,0.0,198.77771397818887
t486,0.0,2.1,14.339012505126057,0.0,0.0,0.0,1.48,0.0,1.852738789620759,24.5,0.10641953163926368,94.08,45.0,14.084713860240965,1.9568099502487577,0.0,0.0,199.4996946368758
t487,0.0,2.1,13.433070408580065,0.0,0.0,0.0,0.04081924758483076,6.897287975377032,0.0,24.5,10.763220102413243,94.08,45.0,16.044014444317952,6.25,3.779607057293939,0.0,222.88801923556704
t488,5.699999999999999,2.1,25.257518920476663,0.0,0.0,2.1496221938078657,1.48,0.0,0.0,24.5,0.0,94.08,45.0,5.5765392372261005,0.0,0.0,1.0092061461781576,206.85288649768876
t489,5.699999999999999,2.1,14.950953022164853,0.0,0.0,2.798290233031359,1.48,89.9,10.224,24.5,0.0,94.08,45.0,0.0,0.0,0.0,3.565340430755284,294.2985836859515
t490,5.699999999999999,2.1,23.320797712850048,0.0,0.0,4.672945262150324,1.48,89.9,10.224,24.5,2.5883258307523676,94.08,45.0,0.0,0.0,0.0,0.0,303.5660688057527
t491,5.699999999999999,2.1,42.83615863106257,0.0,0.0,4.841036949556995,1.48,89.9,5.163393387655312,24.5,2.281736744404584,94.08,45.0,0.0,0.0,0.0,0.0,317.88232571267946
t492,5.699999999999999,2.1,37.00220391884594,0.0,0.0,3.859741004559482,1.48,89.9,10.224,24.5,3.581876081554559,94.08,45.0,0.0,0.0,7.955247197574584,0.0,325.38306820253456
t493,5.699999999999999,2.1,29.068968763495537,0.0,0.0,5.002169652394226,1.48,89.9,10.224,14.593698573131313,0.0,74.89785624680165,45.0,0.0,0.0,50.41894047170794,0.0,328.3856337075307
t494,5.699999999999999,2.1,40.55792114093348,0.0,0.0,3.5727588243703345,1.48,89.9,10.224,24.5,2.080260821793721,94.08,45.0,0.0,0.0,0.0,0.0,319.19494078709755
t495,5.699999999999999,2.1,0.0,0.0,0.0,4.04762311182678,1.48,89.9,9.797975497114228,24.5,1.2251710287992035,94.08,45.0,0.0,0.0,0.0,0.0,277.8307696377402
t496,5.699999999999999,2.1,15.037351011678254,0.0,6.5,0.0,0.9964485002293723,89.9,10.224,24.5,0.0,94.08,45.0,0.0,0.515602289321184,15.710649409191406,0.0,310.26405121042023
t497,5.699999999999999,2.1,6.304927090098795,6.592913409350806,0.0,0.0,1.48,0.0,0.0,24.5,0.0,94.08,45.0,5.92304203301205,0.8949842937313441,0.0,0.0,192.575866826193
t498,0.0,2.1,9.557365114165746,0.0,0.0,0.0,1.48,0.0,0.18816331896207647,24.5,0.0,94.08,45.0,16.59953601783133,1.3856837523383085,0.0,0.0,194.89074820329745
t499,0.0,2.1,0.0,0.0,0.0,1.9290250639621713,1.48,0.0,0.0,24.5,0.0,94.08,45.0,8.828111878295134,0.0,0.0,14.868,192.7851369422573
t500,0.0,2.1,0.0,0.0,0.0,0.7933403683424605,1.48,0.0,0.0,24.5,0.0,94.08,45.0,12.110323385220884,0.0,0.0,14.868,194.93166375356333
t501,0.0,2.1,0.0,0.0,0.0,0.9212003982080643,1.48,0.0,0.0,24.5,0.0,94.08,45.0,12.552345966104415,0.0,0.0,14.868,195.50154636431247
t502,0.0,2.1,0.0,0.0,0.0,1.3953744019907919,1.48,0.0,0.0,24.5,0.0,94.08,45.0,0.8920421783935738,0.0,0.0,14.868,184.31541658038435
t503,0.0,2.1,0.0,0.0,0.0,1.343717471378796,1.48,0.0,0.20941317365269507,24.5,0.0,94.08,45.0,9.204985033151877,0.0,0.0,14.868,192.78611567818334
t504,0.0,2.1,0.0,0.0,0.0,2.106181629724559,1.48,0.0,0.9484683960079846,24.5,0.0,94.08,45.0,11.538851969638554,0.0,0.0,14.868,196.6215019953711
t505,5.699999999999999,2.1,20.389470010352476,0.0,0.0,0.0,0.0,89.9,5.616704881437125,24.5,0.0,94.08,45.0,20.0,6.021278438232925,0.0,0.0,313.3074533300225
t506,5.699999999999999,2.1,19.430251480644515,0.0,0.0,0.0,0.0,89.9,7.041849639920161,24.5,0.0,94.08,45.0,20.0,6.25,0.0,0.0,314.00210112056465
t507,5.699999999999999,2.1,18.91591714026183,0.0,0.0,0.0,0.0,89.9,6.88846954251497,24.5,0.0,94.08,45.0,19.22788550730924,5.645581094527365,0.0,0.0,311.9578532846134
t508,5.699999999999999,2.1,8.38269043244622,0.0,0.0,0.0,0.0,89.9,9.710124778323054,24.5,0.0,94.08,45.0,18.216607540722894,5.668151243781096,11.876321833286783,0.0,315.13389582856007
t509,5.699999999999999,2.1,9.292720596145163,0.0,0.0,0.0,0.0,89.9,5.089797173652695,24.5,0.0,94.08,45.0,18.76748857927711,6.25,0.0,0.0,300.680006349075
t510,5.699999999999999,2.1,22.793733857280966,0.0,0.0,0.0,0.0,89.9,1.9704858906187603,24.5,0.0,94.08,45.0,20.0,5.191792039800997,0.0,0.0,311.2360117877007
t511,5.699999999999999,2.1,1.0753035021550938,0.0,0.0,0.0,0.0,89.9,2.969026208582835,24.5,0.0,94.08,45.0,19.356641281044176,5.6561444927363205,0.0,0.0,290.3371154845184
t512,5.699999999999999,2.1,43.54,1.9839398614045602,0.0,1.7306119399502249,1.48,89.9,9.849867104391217,24.5,0.0,94.08,45.0,5.196524595388124,0.0,0.0,7.972794340622855,333.03373784175693
t513,0.0,2.1,26.53451482923978,0.0,0.0,3.2116853236336493,1.48,0.0,1.2310813753692622,24.5,0.0,94.08,45.0,0.0,0.0,15.4677953411416,8.624891211943604,222.22996808132788
t514,5.699999999999999,2.1,9.727015818113193,0.0,0.0,0.0,1.48,0.0,4.059088416526948,24.5,0.09124972227797219,72.1863618573833,45.0,2.4249503055635615,3.3713341504477623,0.0,0.0,170.64000027031273
t515,5.699999999999999,2.1,10.918651246117179,0.0,0.0,0.0,1.48,0.0,1.0613841454690591,18.99977220262626,0.0,73.41049599473682,45.0,0.0,4.296617043482588,0.0,0.0,162.9669206324319
t516,5.699999999999999,2.1,11.567092899185699,0.0,0.0,0.0,1.48,0.0,8.24976398243513,15.92183680989899,0.0,3.6732788406911534,45.0,0.0,3.2146127574129366,0.0,0.0,96.9065852896239
t517,5.699999999999999,2.1,8.254623950228407,0.0,0.0,0.0,1.48,0.0,8.215640199481038,15.818588697777782,0.0,59.54876739595143,45.0,0.0,3.125017732537316,0.0,0.0,149.24263797597598
t518,0.0,2.1,0.0,0.0,0.0,0.0,1.48,0.0,7.05195524227545,15.093935265252526,0.0,92.9784130367611,45.0,2.5217273848995987,3.6211512838246604,0.0,0.0,169.84718221301335
t519,0.262328259152259,2.1,0.0,0.0,0.0,0.0,1.48,0.0,0.7730410936926114,20.33044051696969,0.0,94.08,45.0,6.7214085450602425,2.2457285723383102,0.0,0.0,172.99294698721312
t520,0.0,2.1,0.0,0.0,0.0,0.0,1.48,0.0,2.5074484310179628,24.5,2.5704573202709478,94.08,45.0,3.6249503944141854,0.12616309223880673,0.0,0.0,175.9890192379419
t521,5.699999999999999,2.1,0.0,16.493775650761616,0.0,0.0,0.0,89.9,9.207499907704591,24.5,0.0,94.08,45.0,14.036489842489962,6.0937564330348275,9.159238402173695,0.0,316.27076023616473
t522,5.699999999999999,2.1,29.69592892169184,0.0,0.0,0.0,1.48,61.490436341591895,5.316922761960746,24.5,0.0,94.08,45.0,20.0,0.22334747781094677,0.0,0.0,289.5866355030554
t523,5.699999999999999,2.1,20.47787232656597,0.0,0.0,0.0,1.48,29.79693991606215,2.2626563976156975,24.5,0.0,94.08,45.0,11.83779885678715,0.4532545576359115,0.0,0.0,237.68852205466686
t524,5.699999999999999,2.1,20.014730332608256,0.0,0.0,0.0,1.48,15.599398804337213,0.7101584103619445,24.5,0.0,94.08,45.0,20.0,0.0,0.0,0.0,229.1842875473074
t525,5.699999999999999,2.1,31.36377816745217,0.0,0.0,0.0,1.48,37.61470092360779,4.315730515275034,24.5,0.0,94.08,45.0,20.0,1.1677883656716428,0.0,0.0,267.3219979720066
t526,5.699999999999999,2.1,28.14764120874119,0.0,0.0,0.0,1.48,61.485202648595525,6.340636030145349,24.5,0.0,94.08,45.0,20.0,0.41342388059701557,0.0,0.0,289.24690376807905
t527,5.699999999999999,2.1,25.49553647560926,0.0,0.0,0.0,1.48,89.9,5.129615061077844,24.5,0.0,94.08,45.0,20.0,0.6723203980099517,0.0,0.0,314.05747193469705
t528,5.699999999999999,2.1,22.338614018408865,0.0,0.0,0.0,1.48,89.9,10.224,24.5,0.0,94.08,45.0,20.0,1.102558208955225,0.0,0.0,316.42517222736404
t529,5.699999999999999,2.1,20.954982598469286,0.0,0.0,0.0,1.48,89.9,6.3742629077844315,24.5,0.0,94.08,45.0,12.40339018550855,1.3822208955223896,0.0,0.0,303.8748565872846
t530,5.699999999999999,2.1,19.80641865083586,0.0,0.0,0.0,1.4122853171798087,89.9,6.785654221157685,24.5,0.0,94.08,45.0,18.16908736436657,1.845653015387642,0.0,0.0,309.2990985689276
t531,5.699999999999999,2.1,19.26211049373616,0.0,0.0,0.0,0.049302070728493935,89.9,5.637214149301397,24.5,0.0,94.08,45.0,18.84631546468466,5.34585006251256,0.0,0.0,310.4207922409633
t532,5.699999999999999,2.1,19.677020866344414,0.0,0.0,0.0,0.0,89.9,5.144419738123753,24.5,0.0,94.08,45.0,18.105939326104416,6.25,2.553614213225777,0.0,313.01099414379837
t533,5.699999999999999,2.1,20.87127867097684,0.0,0.0,0.0,1.0512261206088793,89.9,5.17764129500998,24.5,0.0,94.08,45.0,16.60440026592839,2.7386622565917986,0.0,0.0,307.7232086091159
t534,5.699999999999999,2.1,7.2313204635246775,0.0,0.0,0.0,1.48,44.11543346160524,5.0162774817278475,24.5,0.0,94.08,45.0,18.27742291445783,1.3626447761194038,0.0,0.0,248.863099097435
t535,5.699999999999999,2.1,2.363981990302112,0.0,0.0,0.0,1.48,11.880514354227707,3.3930431625702973,24.5,0.0,94.08,45.0,15.65685463598394,2.553982565771146,0.0,0.0,208.70837670885518
t536,5.699999999999999,2.1,1.4950547050248288,0.0,0.0,0.12857072541562944,1.48,41.513570431291356,3.702948792772748,24.5,0.0,94.08,45.0,12.107653012611921,0.0,0.0,4.595441720239098,236.4032393873556
t537,5.699999999999999,2.1,15.539966860178742,0.0,6.5,5.2209311037132915,1.48,71.79050479070523,10.224,24.5,0.0,94.08,45.0,2.9123760819880617,0.0,0.0,13.542157466540592,298.58993630312585
t538,5.699999999999999,2.1,9.39771223506051,2.5642797431616184,0.0,0.0,1.48,0.0,6.005814091816369,24.5,0.0,94.08,45.0,4.829391697831324,1.1058974205970156,0.0,0.0,196.76309518846682
t539,5.699999999999999,2.1,3.5861985942005985,0.0,0.0,0.0,1.48,0.0,8.202454449501,24.5,0.0,94.08,45.0,14.833693863614453,0.0,0.0,0.0,199.48234690731604
t540,5.699999999999999,2.1,0.0,9.365047916003967,0.0,0.0,1.48,0.0,7.100449180958084,24.5,0.0,94.08,45.0,0.6804639842570284,0.6948457266846737,0.0,0.0,190.70080680790375
t541,5.699999999999999,2.1,4.295009171029438,16.629026886385038,0.0,0.0,1.48,0.0,6.509998181237524,24.5,3.1176076508178623,94.08,45.0,0.0,1.2209013875877492,0.0,0.0,204.63254327705764
t542,5.699999999999999,2.1,17.022317906111173,11.462125911166673,0.0,0.0,1.48,0.0,4.400295695848304,24.5,3.3688765414550925,94.08,45.0,0.0,1.4191524529353248,0.0,0.0,210.53276850751658
t543,5.699999999999999,2.1,26.17202060859233,13.579249939096057,0.0,0.0,1.48,0.0,0.0,24.5,2.867767711028599,94.08,45.0,5.8580707910843355,0.8127106618905491,0.0,0.0,222.1498197116919
t544,5.699999999999999,2.1,9.214267719556599,18.38574696770491,0.0,0.0,1.48,0.0,0.0,24.5,1.1592516460913176,94.08,45.0,8.205189839908758,0.0,0.0,0.0,209.82445617326158
t545,5.699999999999999,2.1,7.22093135048368,27.12402257288854,0.0,0.0,1.48,89.9,8.390098811017966,24.5,0.8085494939412028,94.08,45.0,5.654959467148595,1.1492539454726383,0.0,0.0,313.10781564095265
t546,5.699999999999999,2.1,21.393000422517634,0.0,0.0,0.0,1.0204836854509012,89.9,5.853889263433135,24.5,0.0,94.08,45.0,20.0,1.6291717245228778,0.0,0.0,311.17654509592455
t547,5.699999999999999,2.1,34.61063617349445,0.0,0.0,0.0,1.48,89.9,10.224,24.5,0.0,94.08,45.0,20.0,0.0,0.0,0.0,327.59463617349445
t548,5.699999999999999,2.1,32.64530481359261,0.0,0.0,0.0,1.48,71.28762378281756,0.01050553634340834,24.5,0.0,94.08,45.0,20.0,0.0,0.0,0.0,296.8034341327536
t549,5.699999999999999,2.1,16.06312106775428,0.0,0.0,0.0,1.48,72.25717968075419,0.8508349465184474,24.5,0.0,94.08,45.0,20.0,0.047012935323384485,0.0,0.0,282.0781486303503
t550,5.699999999999999,2.1,29.249439798872114,0.0,0.0,0.0,1.48,89.9,4.162127369261477,24.5,0.0,94.08,45.0,20.0,0.39663383084577175,0.0,0.0,316.56820099897936
t551,5.699999999999999,2.1,25.798235367854986,0.0,0.0,0.0,1.48,89.9,10.224,24.5,0.0,94.08,45.0,20.0,0.7341592039801006,0.0,0.0,319.51639457183506
t552,5.699999999999999,2.1,7.941964842860022,0.0,0.0,0.0,1.48,89.9,10.224,24.5,0.0,94.08,45.0,13.237774219678716,1.1764915422885585,0.0,0.0,295.3402306048273
t553,5.699999999999999,2.1,11.687749110687347,0.0,0.0,0.0,1.48,89.9,6.991025378043916,24.5,0.0,94.08,45.0,11.870965375893709,2.5938132412935335,0.0,0.0,295.90355310591855
t554,5.699999999999999,2.1,21.103061148318226,0.0,0.0,0.0,1.48,89.9,8.157804043566191,24.5,0.0,94.08,45.0,18.55039616144579,1.6974537313432851,0.0,0.0,312.2687150846735
t555,5.699999999999999,2.1,20.653425700181273,0.0,0.0,0.0,0.0,89.9,6.738627702994013,24.5,0.0,94.08,45.0,19.58815538313253,6.25,0.0,0.0,314.5102087863078
t556,5.699999999999999,2.1,21.013125599476336,0.0,0.0,0.0,0.0,89.9,6.134730355289422,24.5,0.0,94.08,45.0,18.61310923566265,6.135488388481685,0.0,0.0,313.17645357891007
t557,5.699999999999999,2.1,22.242136677019136,0.0,0.0,0.0,1.48,89.9,6.137589748777842,24.5,0.0,94.08,45.0,16.21133560305221,2.7926908532338324,0.0,0.0,310.143752882083
t558,5.699999999999999,2.1,8.317399013373619,0.0,0.0,0.0,1.48,70.76613101956572,0.9824684589141762,24.5,0.0,94.08,45.0,18.29957429550201,1.3813313432835834,0.0,0.0,272.6069041306391
t559,4.64892522178697,2.1,0.0,0.0,0.0,0.0,1.48,26.27182871713905,0.0,24.5,0.0,94.08,45.0,11.787660829397591,3.4383600125968807,0.0,0.0,213.3067747809205
t560,5.699999999999999,2.1,40.609010000993045,0.0,0.0,4.0436011108312595,1.48,32.47112897586194,1.826476411209573,24.5,0.0,94.08,45.0,0.0,0.0,33.364141792661826,3.325607074259812,288.49996536581745
t561,5.699999999999999,2.1,12.335822157418072,0.0,0.0,1.5096275916674957,0.0,18.82577176194824,0.6985852894354044,24.5,0.0,94.08,45.0,0.39518450943737976,6.25,0.0,1.6283750644473918,213.02336637435397
t562,5.036108825695886,2.1,0.0,0.0,0.0,1.0011653155494311,0.0,45.4105267047314,0.0,19.6876410169697,0.0,94.08,45.0,0.0,6.25,0.0,9.871714828579945,228.43715669152635
t563,5.699999999999999,2.1,0.0,17.302187853418843,0.0,0.9458741893977098,0.0,16.288935706259227,0.0,15.048401005252526,0.0,94.08,45.0,0.0,6.25,0.0,0.0,202.7153987543283
t564,5.699999999999999,2.1,25.53644591710029,0.0,0.0,0.9020273003982081,0.0,22.362840703400682,0.0,16.940075546868687,0.0,50.145175925587,45.0,0.0,6.25,0.0,0.0,174.93656539335487
t565,5.699999999999999,2.1,30.642505555233363,0.0,0.0,0.3442944142160284,0.0,53.82438563181596,0.0,21.770752667474746,0.0,74.26392752647776,45.0,0.0,6.25,0.0,1.8924991742005977,241.78836496941844
t566,5.699999999999999,2.1,23.507316512391693,15.78821725655621,0.0,0.0,0.2309089664529062,13.349317561360278,0.0,24.5,1.6131515481485197,94.08,45.0,0.0,6.25,0.0,14.868,246.9869118449096
t567,5.699999999999999,2.1,22.550439047647405,24.50897663191322,0.0,0.0,0.13346527907815625,0.0,0.0,22.0724656810101,0.0,23.573007142258923,45.0,0.0,6.25,0.0,0.0,151.8883537819078
t568,5.699999999999999,2.1,0.0,21.223821594421352,0.0,0.0,0.0,28.529190420384428,0.0,24.5,2.7408927306271944,76.60459843580475,45.0,0.0,6.25,0.0,9.988106607965602,222.6366097892033
t569,4.281526615373946,2.1,0.0,0.0,0.0,1.994696680766551,1.48,0.0,0.8347605558882242,24.5,1.8589156690682564,94.08,45.0,0.12811512544496464,0.0,0.0,1.521007554067904,177.77902220060983
t570,5.699999999999999,2.1,7.73371637475327,0.0,0.0,0.0,0.0,88.0690468711719,6.366958496436083,24.5,0.0,94.08,45.0,20.0,5.640387584776121,23.991987487476926,0.0,323.18209681461434
t571,5.699999999999999,2.1,33.7585394967573,0.0,0.0,0.0,0.0,51.78911785778048,0.0,24.5,0.0,94.08,45.0,20.0,3.3839845999244695,0.0,0.0,280.31164195446223
t572,5.699999999999999,2.1,33.407608983162135,0.0,0.0,0.0,0.0,44.89849556616344,1.3368549591099281,24.5,0.0,94.08,45.0,20.0,4.560474932835822,0.0,0.0,275.5834344412713
t573,5.699999999999999,2.1,15.631010292326282,0.0,0.0,0.0,0.0,59.43274014635186,0.0,24.5,0.0,94.08,45.0,20.0,3.7836318407960214,0.0,0.0,270.22738227947417
t574,5.699999999999999,2.1,28.281790252044313,0.0,0.0,0.0,0.0,79.9934114129856,3.5717051193295806,24.5,0.0,94.08,45.0,20.0,5.237329659203981,0.0,0.0,308.46423644356344
t575,5.699999999999999,2.1,25.165077261107754,0.0,0.0,0.0,0.0,89.9,5.1187744574850305,24.5,0.0,94.08,45.0,20.0,4.4418009950248765,0.0,0.0,316.0056527136177
t576,5.699999999999999,2.1,22.439518348721048,0.0,0.0,0.0,0.0,89.9,10.224,24.5,0.0,94.08,45.0,20.0,4.842969154228857,4.410274748596938,0.0,323.19676225154683
t577,5.699999999999999,2.1,21.096829526968786,0.0,0.0,0.0,0.0,89.9,4.670682451097805,24.5,0.0,94.08,45.0,20.0,5.129223880597016,3.337178559203178,0.0,315.5139144178668
t578,5.699999999999999,2.1,20.223528419214503,0.0,0.0,0.0,0.0,89.9,10.224,24.5,0.0,94.08,45.0,20.0,5.345244776119403,0.0,0.0,317.07277319533387
t579,5.699999999999999,2.1,19.804614018408866,0.0,0.0,0.0,0.0,89.9,3.955157691017964,24.5,0.0,94.08,45.0,18.59620632064257,5.439760199004976,3.973065483014711,0.0,313.04880371208907
t580,5.699999999999999,2.1,4.666599416193357,0.0,0.0,0.0,0.0,89.9,3.189057890618762,24.5,0.0,94.08,45.0,17.602781534618476,6.25,9.709598084193525,0.0,302.69803692562414
t581,5.699999999999999,2.1,5.935805861309167,0.0,0.0,0.0,0.0,89.9,1.7028503057884223,24.5,0.0,94.08,45.0,18.445295272771084,5.31961393034826,0.0,0.0,292.68356537021697
t582,5.699999999999999,2.1,23.01894568346425,0.0,0.0,0.0,0.0,84.44759421203725,0.0,24.5,0.0,94.08,45.0,16.22751385709853,5.020727363184081,0.0,0.0,300.09478111578414
t583,5.699999999999999,2.1,0.0,14.009593396083083,0.0,0.0,1.48,76.87735084908331,0.7441055755308272,24.5,0.0,94.08,45.0,11.59548637493976,2.2897457191905497,0.0,0.0,278.37628191482753
t584,0.0,2.1,30.015758687547166,0.0,0.0,4.070710418944748,1.48,0.0,1.4924405192384764,24.5,0.0,94.08,45.0,0.0,0.0,22.438680156866663,2.140698044410873,227.31828782700794
t585,5.699999999999999,2.1,35.26116100808182,6.107050572688696,0.0,0.0,1.0646560913827678,4.897866168748731,2.2190640783077327,24.5,0.0,94.08,45.0,0.0,5.396934817001161,0.0,0.0,226.32673273621091
t586,5.699999999999999,2.1,28.527161107288975,0.0,0.0,0.9015237663016421,0.0,89.9,6.451465545231527,17.670911856363638,0.0,19.962342870850208,45.0,0.0,6.25,0.0,0.0,222.463405146036
t587,5.699999999999999,2.1,31.007881113485602,0.0,0.0,1.0791458668491778,0.0,89.9,3.5776963398797594,0.0,3.946953336678374,0.0,45.0,1.3098816204988653,6.25,0.0,5.672460598989363,195.54401887638113
t588,5.699999999999999,2.1,43.54,0.0,0.0,0.7701588604274789,0.0,43.027637894874324,2.098172316211733,0.0,2.652883709031611,0.0,45.0,0.0,6.25,0.0,3.0416773008937383,154.18053008143886
t589,5.699999999999999,2.1,30.922823203694147,0.0,0.0,1.3364880197411648,0.0,89.9,8.435480288577155,0.0,2.263392188710487,0.0,8.248352369300054,0.0,6.25,0.0,1.6945146765640455,156.85105074658708
t590,5.699999999999999,2.1,28.435009216762666,0.0,0.0,0.49547010776505895,0.0,89.9,9.105096663727457,0.0,2.615310357581535,0.0,10.837318736860073,0.026879956334663533,6.25,0.0,0.0,155.46508503903146
t591,5.699999999999999,2.1,38.17899744119167,0.0,0.0,0.0,0.0,89.9,4.823161129939877,0.0,3.6022530015554444,0.0,39.32495632173635,0.0,6.25,0.0,14.868,204.74736789442335
t592,5.699999999999999,2.1,20.218761940953147,10.494885642622357,0.0,0.0,0.325407563647294,89.9,6.75838226997996,0.0,5.878728810747615,0.0,45.0,0.0,6.25,0.0,8.251348965351484,200.8775151933019
t593,5.699999999999999,2.1,2.2921762713406166,0.0,0.0,0.16012097766483294,1.48,0.0,1.4666137067065865,24.5,1.33465351718013,21.19404037523517,45.0,2.3130085936546165,0.9506242914490618,0.0,0.0,108.491237733231
t594,5.699999999999999,2.1,9.18409174183064,0.0,0.0,0.0,0.0,89.9,5.483032900479043,24.5,0.0,94.08,45.0,19.537724778152615,5.729014450447763,31.594086504008743,0.0,332.80795037491885
t595,5.699999999999999,2.1,17.448951883464247,0.0,0.0,0.0,0.0,53.96356089398571,0.4093750954562035,24.5,0.0,94.08,45.0,12.460194317670682,3.8692077914667564,36.25507134560172,0.0,295.7863613276453
t596,5.699999999999999,2.1,32.54674292072507,0.0,0.0,0.0,0.0,34.99535917050174,0.0,24.5,0.0,94.08,45.0,20.0,4.640999310945276,0.0,0.0,263.5631014021721
t597,5.699999999999999,2.1,30.816185015387717,0.0,0.0,0.0,0.0,43.75698821571709,0.0,24.5,0.0,94.08,45.0,20.0,3.8884388059701496,0.0,0.0,269.841612037075
t598,5.699999999999999,2.1,13.002661853252773,0.0,0.0,0.0,0.0,69.50996078034458,1.2149926105072035,24.5,0.0,94.08,45.0,20.0,4.217569154228857,0.0,0.0,279.3251843983334
t599,5.699999999999999,2.1,25.881544532004035,0.0,0.0,0.0,0.0,89.9,3.4012700375249496,24.5,0.0,94.08,45.0,20.0,4.476465671641791,0.0,0.0,315.0392802411708
t600,5.699999999999999,2.1,23.413314924753276,0.0,0.0,0.0,0.0,89.9,5.0443149403497465,24.5,0.0,94.08,45.0,20.0,4.91690248756219,3.1504681236703287,0.0,317.8050004763356
t601,5.699999999999999,2.1,22.465065176515616,0.0,0.0,0.0,0.0,89.9,5.649392078243512,24.5,0.0,94.08,45.0,20.0,5.21994825870647,3.019164991592017,0.0,317.6335705050576
t602,5.699999999999999,2.1,20.973254501792557,0.0,0.0,0.0,0.0,89.9,10.224,24.5,0.0,94.08,45.0,20.0,5.355535323383085,0.0,0.0,317.83278982517567
t603,5.699999999999999,2.1,20.151864773695873,0.0,0.0,0.0,0.0,89.9,4.059567726946107,24.5,0.0,94.08,45.0,18.71848286746988,5.5099940298507475,0.0,0.0,309.7199093979626
t604,5.699999999999999,2.1,17.015805230102895,0.0,0.0,0.0,0.0,89.9,3.1671727073852303,24.5,0.0,94.08,45.0,17.810110946987955,6.25,0.0,0.0,305.52308888447607
t605,5.699999999999999,2.1,5.663827884149042,0.0,0.0,0.0,0.0,89.9,1.9538325317365264,24.5,0.0,94.08,45.0,18.424686817670683,6.25,0.0,0.0,293.5723472335563
t606,5.699999999999999,2.1,22.226402405800613,0.0,0.0,0.0,0.0,89.9,7.290153983233534,24.5,0.0,94.08,45.0,17.327671193002153,5.133929353233833,0.0,0.0,313.25815693527016
t607,5.699999999999999,2.1,14.707890639404171,0.0,0.0,1.0190653993827787,1.48,89.9,2.7317843089820335,24.5,0.0,94.08,45.0,10.569187184095274,0.0,0.0,1.6647022836071894,293.4526298154714
t608,2.1395907461833628,2.1,32.40743705815034,0.0,0.0,4.216536402020907,1.48,0.0,0.8519691239278558,24.5,0.0,94.08,45.0,0.0,0.0,0.0,1.9213839886404818,208.69691731892297
t609,5.699999999999999,2.1,40.807882654180744,0.0,0.0,1.540465562914624,0.0,89.9,10.224,24.5,0.5753792995985952,77.13073516347207,45.0,2.6025041482071725,5.3225095424347835,0.0,0.0,305.403476370808
t610,5.699999999999999,2.1,34.29707560591643,0.0,2.4561420892810117,0.0,0.0,89.9,10.224,15.90729247527393,0.20301238605878827,0.0,45.0,0.0,6.25,0.0,0.0,212.03752255653018
t611,5.699999999999999,2.1,43.54,0.0,1.6614809739195227,0.0,0.0,89.9,10.224,0.0,3.4743703544706466,0.0,45.0,4.721013189368715,6.25,0.0,0.0,212.57086451775888
t612,5.699999999999999,2.1,43.54,0.0,6.5,0.0,0.0,89.9,10.224,0.0,2.0579894631209235,0.0,38.480392771634044,1.9321194723505986,2.480312131840797,0.0,0.0,202.91481383894637
t613,5.699999999999999,2.1,32.29340578419066,0.0,6.5,0.0,0.0,89.9,10.224,0.0,1.613901455092825,94.08,19.99122323977469,3.040203984382475,2.4371142536514196,0.0,0.0,267.87984871709205
t614,5.699999999999999,2.1,29.8697791704866,0.0,2.3443397913561834,0.0,0.0,89.9,10.224,0.0,1.8938670346211746,40.59957870896138,42.56436195056666,3.2297892863745052,6.25,0.0,0.0,234.67571594236654
t615,5.699999999999999,2.1,25.550299527984112,0.0,1.6548723967312469,0.0,0.0,89.9,10.224,0.0,3.1499189888208727,30.74991781462429,45.0,11.517323901195219,6.25,0.0,0.0,231.79633262935576
t616,5.699999999999999,2.1,28.1533204233168,0.0,0.1684886908196726,0.0,0.0,89.9,10.224,0.0,5.584033011871551,0.0,45.0,0.0,6.25,0.0,11.77567046341407,204.8555125894221
t617,0.0,2.1,6.404224537473681,0.0,0.0,1.467423985744151,1.48,0.0,0.6643684480239533,24.5,1.2003647375213247,9.938749637429648,45.0,0.0,0.0,3.25134346343479,1.765099453272907,97.77157426290046
t618,5.699999999999999,2.1,7.234567256836563,0.0,0.0,0.0,0.0,89.9,5.241828301716569,24.5,0.0,94.08,45.0,19.5150963113253,5.854473156915425,29.652265844425212,0.0,328.7782308712191
t619,5.699999999999999,2.1,27.888467695640795,0.0,0.0,0.0,0.0,89.9,7.5950953389221585,24.5,0.0,94.08,45.0,20.0,4.800154534825872,11.729625834755234,0.0,333.293343404144
t620,5.699999999999999,2.1,30.940845639758322,0.0,0.0,0.0,0.0,89.9,1.9059654083832336,24.5,0.0,94.08,45.0,20.0,3.8624457711442792,9.042194575824887,0.0,327.03145139511076
t621,5.699999999999999,2.1,29.6993995168983,0.0,0.0,0.0,0.0,89.9,8.236558888622756,24.5,0.0,94.08,45.0,20.0,4.078282587064678,0.0,0.0,323.29424099258574
t622,5.699999999999999,2.1,27.964104451440093,0.0,0.0,0.0,0.0,89.9,7.7859249900199625,24.5,0.0,94.08,45.0,19.00441363340375,5.4478480671641805,0.0,0.0,321.482291142028
t623,5.699999999999999,2.1,25.629290755568984,0.0,0.0,0.0,0.0,89.9,10.224,24.5,0.0,94.08,45.0,14.150050459678715,4.602759203980101,18.540831297160977,0.0,334.42693171638876
t624,5.699999999999999,2.1,23.400132648821756,0.0,0.0,0.0,0.0,89.9,4.548423540119761,24.5,0.0,94.08,45.0,20.0,4.973053731343286,0.0,0.0,314.2016099202848
t625,5.699999999999999,2.1,22.680718751540784,0.0,0.0,0.0,0.0,89.9,4.780853726147704,24.5,0.0,94.08,45.0,20.0,5.3907288785314345,0.0,0.0,314.1323013562199
t626,5.699999999999999,2.1,5.953274139254781,0.0,0.0,0.0,0.0,89.9,4.877278021556888,24.5,0.0,94.08,45.0,20.0,5.36402288557214,0.0,0.0,297.4745750463838
t627,5.699999999999999,2.1,5.433441309446125,0.0,0.0,0.0,0.0,89.9,5.888084483832335,24.5,0.0,94.08,45.0,19.890239005783133,5.489411940298509,10.254685715488684,0.0,308.2358624548488
t628,5.699999999999999,2.1,5.393231843182273,0.0,0.0,0.0,0.0,89.9,4.114191318163673,24.5,0.0,94.08,45.0,18.761699353574297,5.5633452736318425,7.994164943445649,0.0,303.1066327319977
t629,5.699999999999999,2.1,21.33729679786506,0.0,0.0,0.0,0.0,89.9,3.487765237524951,24.5,0.0,94.08,45.0,18.446717092048193,6.25,0.0,0.0,310.8017791274382
t630,5.699999999999999,2.1,21.777429728378653,0.0,0.0,0.0,0.0,89.9,2.4621115928143706,24.5,0.0,94.08,45.0,18.71422907293173,5.3075184079602,0.0,0.0,309.5412888020849
t631,5.699999999999999,2.1,15.63866734844092,0.0,0.0,1.1823627612543564,1.48,89.9,4.8509174167265465,24.5,0.0,94.08,45.0,5.6787319900047475,0.0,0.0,2.7636041456412044,292.87428366206774
t632,5.699999999999999,2.1,18.884590102862376,18.333257321417758,0.0,0.5990838385564953,0.0,0.0,0.20357816180360655,24.5,2.3314961557150014,92.55451766977446,45.0,0.0,6.25,0.0,2.099246379304868,218.55576962943456
t633,5.699999999999999,2.1,32.31102236611505,0.0,6.5,0.0,0.7501630956214008,89.9,10.224,21.702596199797977,0.0,6.941793146477759,45.0,6.376758136787566,4.9559631080352196,0.0,0.0,232.46229605283494
t634,5.699999999999999,2.1,43.54,0.0,6.5,0.0,1.48,89.9,10.224,0.0,4.762180753728049,43.01383372449657,45.0,0.0,5.908560888059704,0.0,0.0,258.12857536628434
t635,5.699999999999999,2.1,32.90551303344589,0.0,6.5,0.0,0.0,89.9,10.224,0.0,2.697214466683392,75.32211530637646,45.0,1.8310186117131482,3.2939356860098483,0.0,0.0,275.4737971042287
t636,5.699999999999999,2.1,43.54,0.0,6.5,0.0,1.31990890729404,89.9,10.224,0.0,1.4102976578524837,45.5844488455055,45.0,3.3941263075347736,6.25,0.0,0.0,260.9227817181868
t637,5.699999999999999,2.1,33.31575335122145,0.0,6.5,0.0,1.48,89.9,10.224,0.0,1.0396200863522325,61.10274278925645,45.0,10.69280899426295,6.25,0.0,0.0,273.30492522109313
t638,5.699999999999999,2.1,43.54,0.0,6.5,0.0,1.48,89.9,10.224,0.0,1.6581302011440036,94.08,45.0,0.0,5.739909110251259,0.0,0.0,305.9220393113952
t639,5.699999999999999,2.1,25.26108670383316,0.0,6.5,0.0,0.0,89.9,10.224,0.0,3.30320841267436,10.576898684284382,45.0,0.0,1.1891829066666673,0.0,0.0,199.7543767074586
t640,5.699999999999999,2.1,25.58448681554886,2.8058245322432147,1.8096083865417474,0.0,0.6349680819313304,89.9,10.224,0.0,5.349991321786252,0.0,45.0,0.0,6.25,0.0,4.48693519954997,199.8458143376014
t641,0.0,2.1,21.099820555829197,0.0,0.0,0.5789533038128423,1.48,0.0,2.247616044208417,24.5,1.7324979181936766,80.12072997434801,23.407689381524442,3.3540207212783026,0.0,0.0,6.8560210208176375,167.47734892001253
t642,5.699999999999999,2.1,14.354805765884215,0.0,0.0,0.0,0.0,89.9,4.131437435329342,24.5,0.0,94.08,45.0,20.0,4.411172353432836,0.0,0.0,304.1774155546464
t643,5.699999999999999,2.1,15.899322477623372,0.0,0.0,0.0,0.0,89.9,5.553418028340766,24.5,0.0,94.08,45.0,20.0,4.4223003287801905,24.74930230992938,0.0,331.9043431446737
t644,5.699999999999999,2.1,15.056728318509574,0.0,0.0,0.0,0.0,89.9,1.3971289852295388,24.5,0.0,94.08,45.0,20.0,5.079633141791047,37.078589422770804,0.0,339.8920798683009
t645,5.699999999999999,2.1,28.908730836132936,0.0,0.0,0.0,0.0,89.9,9.185055608782436,24.5,0.0,94.08,45.0,20.0,4.2345442786069665,35.625536872558165,0.0,359.2338675960805
t646,5.699999999999999,2.1,11.393155307432027,0.0,0.0,0.0,0.0,89.9,8.79201388263473,24.5,0.0,94.08,45.0,20.0,5.593726674129355,0.0,0.0,307.05889586419613
t647,5.699999999999999,2.1,24.614213212769386,0.0,0.0,0.0,0.0,89.9,9.901184683433137,24.5,0.0,94.08,45.0,20.0,4.746834825870648,0.0,0.0,320.54223272207315
t648,5.699999999999999,2.1,16.4459778979689,0.0,0.0,0.0,0.0,89.9,4.809356340119761,24.5,0.0,94.08,45.0,20.0,5.026404975124381,17.240608819276183,0.0,324.8023480324892
t649,5.699999999999999,2.1,21.508060141268885,0.0,0.0,0.0,0.0,89.9,5.5339129421157685,24.5,0.0,94.08,45.0,20.0,5.3163592039801015,0.0,0.0,313.63833228736473
t650,5.699999999999999,2.1,20.42419508588117,0.0,0.0,0.0,0.0,89.9,6.0173082459081835,24.5,0.0,94.08,45.0,16.08547235195797,6.25,0.0,0.0,310.0569756837473
t651,5.699999999999999,2.1,15.749323913599063,0.0,0.0,0.0,0.0,89.9,6.185517922554891,24.5,0.0,94.08,45.0,19.098372166425705,6.25,0.0,0.0,308.5632140025796
t652,5.699999999999999,2.1,19.51542167198389,0.0,0.0,0.0,0.0,89.9,6.211577992814373,24.5,0.0,94.08,45.0,17.48100416128514,5.73450248756219,9.441618529427258,0.0,319.66412484307284
t653,5.699999999999999,2.1,19.905109486686815,0.0,0.0,0.0,0.0,89.9,5.9645651608782435,24.5,0.0,94.08,45.0,16.65530382441767,5.784154228855722,13.837865206476451,0.0,323.4269979073149
t654,5.699999999999999,2.1,20.219848660906347,0.0,0.0,0.0,0.0,89.9,6.372580342916724,24.5,0.0,94.08,45.0,16.276074479759032,5.732791044776121,14.609112418842152,0.0,324.49040694720037
t655,5.699999999999999,2.1,11.41021952479356,0.0,0.0,0.0,0.40092703201596774,89.9,8.034279591177643,24.5,0.0,94.08,45.0,11.226995261622623,6.25,0.05632179695350574,0.0,298.6587432065633
t656,5.699999999999999,2.1,0.0,34.821597147181,0.0,0.0,1.3250954881763517,0.3664691073667011,1.6311753250501047,24.5,0.0,94.08,45.0,0.0,4.138417927679841,0.0,0.0,213.662754995454
t657,5.699999999999999,2.1,0.0,35.846431972235195,0.0,0.651805212761976,0.0,0.0,0.0,24.5,1.335453392463622,80.50423403520153,45.0,0.0,6.25,0.0,0.0,201.88792461266235
t658,5.699999999999999,2.1,0.0,27.938215488387733,0.0,0.4143510593130904,0.0,33.506847023972405,0.0,22.096205055353533,0.0,94.08,45.0,0.0,6.25,0.0,0.0,237.08561862702675
t659,5.699999999999999,2.1,7.2528180676546254,18.08516615542033,0.0,0.501314623275261,0.0,21.061662087313497,0.0,20.42096978020202,0.0,94.08,45.0,0.0,6.25,0.0,0.5158737458987069,220.96780445976444
t660,5.699999999999999,2.1,17.676000130248262,0.0,0.0,0.9490684311398705,0.0,13.455706354204036,0.0,14.003358443636367,0.0,94.08,45.0,0.0,6.25,0.0,3.039785548499303,202.25391890772784
t661,5.699999999999999,2.1,14.683797651259656,18.59430699372005,0.0,1.2853533258636136,0.0,10.337112796362739,0.0,17.60690182909091,0.0,92.73032821651827,45.0,0.0,6.25,0.0,0.251675617914598,214.53947643072985
t662,5.699999999999999,2.1,17.637907630069513,0.0,0.0,0.22011233357889418,0.0,0.0,3.00265281825834,21.498808536969694,0.0,35.900438694694834,45.0,0.0,6.25,0.0,14.868,152.17792001357128
t663,5.699999999999999,2.1,0.0,6.795426108366244,0.0,0.5221416782777503,0.0,0.0,0.0,24.5,0.7694784534269935,94.08,45.0,0.0,6.25,0.0,13.915450481648467,199.63249672171946
t664,0.0,2.1,1.5360486566364588,0.0,0.0,0.0,0.0,2.0654637749827414,0.0,24.5,0.0,94.08,45.0,0.0,6.25,0.0,4.095628610009935,179.62714104162913
t665,5.699999999999999,2.1,0.0,3.6904882540455,0.0,0.0,0.6837681497804386,89.9,9.172598752934134,24.5,0.0,94.08,45.0,8.06180205525928,6.25,11.00712221489771,0.0,300.1457794269171
t666,5.699999999999999,2.1,17.767525090129684,0.0,0.0,0.0,0.0,89.9,5.337975459401199,24.5,0.0,94.08,45.0,14.171132077500147,5.7147149479602,0.0,0.0,304.27134757499124
t667,5.699999999999999,2.1,16.132162356777446,0.0,0.0,0.0,0.0,89.9,7.223483894610782,24.5,0.0,94.08,45.0,20.0,3.823085572139305,40.58013033017149,0.0,349.038862153699
t668,5.699999999999999,2.1,31.904406566243708,0.0,0.0,0.0,0.0,89.9,1.0971301269461085,24.5,0.0,94.08,45.0,20.0,5.062749559701495,0.0,0.0,319.3442862528913
t669,5.699999999999999,2.1,15.10202741216516,0.0,0.0,0.0,0.0,89.9,1.4717236055888223,24.5,0.0,94.08,45.0,20.0,4.003536318407961,0.0,0.0,301.85728733616196
t670,5.699999999999999,2.1,27.642400523947632,0.0,0.0,0.0,0.0,89.9,3.5533869461077843,24.5,0.0,94.08,45.0,20.0,4.2419422885572144,0.0,0.0,316.7177297586126
t671,5.699999999999999,2.1,25.139445841168182,0.0,0.0,0.0,0.0,89.9,4.585910850299402,24.5,0.0,94.08,45.0,20.0,4.601946268656717,0.0,0.0,315.6073029601243
t672,5.699999999999999,2.1,22.666464975105736,0.0,0.0,0.0,0.0,89.9,5.620468782435129,24.5,0.0,94.08,45.0,20.0,4.990927363184081,0.0,0.0,314.55786112072497
t673,5.699999999999999,2.1,9.221336576314197,0.0,0.0,0.0,1.48,89.9,10.224,24.5,0.0,94.08,45.0,20.0,1.2877980099502497,0.0,0.0,303.49313458626443
t674,5.699999999999999,2.1,23.7558144212286,0.0,0.0,0.0,1.48,89.9,10.156439648554397,24.5,0.0,94.08,45.0,17.27529323309237,1.5346915422885579,0.0,0.0,315.4822388451639
t675,5.699999999999999,2.1,23.1358385904129,0.0,0.0,0.0,0.0,88.99375914459381,6.202366919594908,24.5,0.0,94.08,45.0,17.94099016851406,5.417281592039802,0.0,0.0,313.0702364151555
t676,5.699999999999999,2.1,22.940994683061433,0.0,0.0,0.0,0.0,71.5582380475398,3.7350911843967878,24.5,0.0,94.08,45.0,16.546587703935746,5.508098507462688,0.0,0.0,291.6690101263965
t677,5.699999999999999,2.1,23.935671420221553,0.0,0.0,0.0,0.8450388291624459,89.9,5.6016749413173645,24.5,0.0,94.08,45.0,15.292177854489717,3.3215589382567905,0.0,0.0,310.2761219834478
t678,5.699999999999999,2.1,16.053614971883185,0.0,0.0,0.0,0.0,69.04979791865067,3.329261658390835,24.5,0.0,94.08,45.0,17.461540236626508,5.805486781293536,0.0,0.0,283.07970156684473
t679,0.0,2.1,18.406679858152934,0.0,0.0,1.8578967582677948,1.48,24.703900578538814,0.0,24.5,0.0,94.08,45.0,4.094533098526107,0.0,0.0,8.515289602043296,224.73829989552894
t680,5.699999999999999,2.1,42.06657510256206,0.0,0.0,3.8492306777799894,1.48,82.1072989434952,9.485394890850097,24.5,0.0,94.08,45.0,0.0,0.0,21.24650034723054,8.46694093711984,340.0819408990377
t681,5.699999999999999,2.1,30.292070531135764,0.0,0.0,3.49630586269786,1.48,89.9,8.730088284889781,24.5,0.0,94.08,45.0,0.8382170893975869,0.0,0.0,0.0,306.116681768121
t682,5.699999999999999,2.1,32.05154559242878,0.0,0.0,3.7435437920159287,1.48,89.9,6.355411315671343,24.5,1.3676515988058193,60.607318032359636,45.0,0.0,0.0,0.0,0.0,272.8054703312815
t683,5.699999999999999,2.1,22.619230717735842,0.0,0.0,3.832848520736686,1.48,89.9,5.62705688977956,23.705652039797975,0.0,25.070846563424073,45.0,0.0,0.0,0.0,0.0,225.03563473147415
t684,5.699999999999999,2.1,22.982771929255208,0.0,0.0,3.9294440911068067,1.3333084273955262,89.9,5.248618831262526,21.52903390707071,0.0,82.66459306615387,45.0,0.0,0.0,0.0,0.0,280.38777025224465
t685,5.699999999999999,2.1,14.267830416325145,34.02103160078089,0.0,0.0,0.8272152210379238,89.9,4.8814696,24.5,0.17726372230807788,67.19119597584555,45.0,0.0,6.25,0.0,0.0,294.8160065362976
t686,5.699999999999999,2.1,0.0,25.11968749250164,0.0,0.0,0.5064902709381243,89.9,5.387050093787577,24.5,1.039436098464626,88.05918996943637,45.0,0.0,6.25,0.0,0.0,293.56185392512833
t687,5.699999999999999,2.1,0.0,15.455186863210093,0.0,0.0,0.11657287035679924,89.9,6.9666128419238476,24.5,4.873865530556946,94.08,45.0,0.0,6.25,0.0,0.0,294.9422381060477
t688,5.699999999999999,2.1,0.0,44.273965099545016,0.0,0.0,0.0,36.96074256302165,1.847721932078703,24.5,5.580495495625289,94.08,45.0,1.8888420061847395,5.78329366039801,0.509483668541239,0.0,268.22454442539464
t689,5.699999999999999,2.1,0.0,21.307774410009905,0.0,0.0,0.13501884838323386,1.9803561962455636,0.0,24.5,0.0,94.08,45.0,8.29611664874203,6.25,8.891577991947802,0.0,218.24084409532853
t690,5.699999999999999,2.1,27.68669129446122,0.0,0.0,0.0,1.48,89.9,10.224,24.5,0.0,94.08,45.0,15.33979547223537,0.12073337873044146,0.0,0.0,316.13122014542705
t691,5.699999999999999,2.1,0.0,0.0,0.773604932310015,0.0,1.48,89.9,10.224,24.5,0.0,94.08,45.0,19.58008964769646,0.0,0.0,0.0,293.3376945800065
t692,5.699999999999999,2.1,0.0,0.0,0.2314480123301458,0.0,1.48,89.9,10.224,24.5,0.0,94.08,45.0,20.0,0.0,0.0,0.0,293.21544801233017
t693,5.699999999999999,2.1,10.832841611560928,0.0,0.0,0.0,1.48,89.9,10.224,24.5,0.0,94.08,45.0,20.0,0.0,0.0,0.0,303.8168416115609
t694,5.699999999999999,2.1,0.0,0.0,0.0,0.0,1.48,89.9,10.224,24.5,0.0,94.08,45.0,20.0,0.0,0.0,0.0,292.984
t695,5.699999999999999,2.1,16.015946848217535,0.0,0.0,0.0,1.48,89.9,10.224,24.5,0.0,94.08,45.0,14.119653552851405,0.09440099502487705,0.0,0.0,303.2140013960938
t696,5.699999999999999,2.1,0.0,0.0,0.0,0.0,1.48,89.9,10.224,24.5,0.0,94.08,45.0,20.0,0.5058597014925381,0.0,0.0,293.4898597014925
t697,5.699999999999999,2.1,0.0,0.0,0.0,0.0,1.48,89.9,10.224,24.5,0.0,94.08,45.0,20.0,0.9378089552238819,0.0,0.0,293.92180895522387
t698,5.699999999999999,2.1,26.222975820664402,0.0,0.0,0.0,1.48,89.9,10.224,24.5,0.0,94.08,45.0,18.158062097510037,1.2343542288557228,0.0,0.0,318.5993921470302
t699,5.699999999999999,2.1,24.204206124015748,0.0,0.0,0.0,1.48,89.9,10.224,24.5,0.0,94.08,45.0,15.929450696867468,1.4504676616915444,0.0,0.0,314.5681244825748
t700,5.699999999999999,2.1,24.500126606525686,0.0,0.0,0.0,1.48,89.9,9.279109105704825,24.5,0.0,94.08,45.0,15.11551722682731,1.5946348258706482,0.0,0.0,313.24938776492843
t701,5.699999999999999,2.1,16.713151436639098,0.0,0.0,0.0,1.48,89.9,10.224,24.5,0.0,94.08,45.0,15.826110253172692,1.5593422885572152,0.0,0.0,307.08260397836904
t702,5.699999999999999,2.1,16.673719410956704,0.0,0.0,0.0,1.48,89.9,8.182768415000098,24.5,0.0,94.08,45.0,15.375690611566263,1.919036035024877,0.0,0.0,304.91121447254795
t703,0.0,2.1,16.507763307368414,0.0,0.0,1.6522631096864109,1.48,27.46154427945206,0.0,24.5,0.0,94.08,45.0,7.798892996719452,0.0,0.0,4.101825292525679,224.68228898575202
t704,0.0,2.1,41.258864708123156,0.0,0.0,3.3947042467197623,1.48,0.0,1.4062119001996,24.5,0.0,94.08,45.0,0.45116649301204526,0.0,6.6646063592558145,14.868,235.2035537073104
t705,5.699999999999999,2.1,34.73095641495696,0.0,0.0,4.105605690223992,1.48,89.9,8.484917074509019,24.5,0.0,94.08,45.0,0.28093670273092436,0.0,18.277580235428907,14.868,343.50799611784976
t706,5.699999999999999,2.1,16.02889083992055,0.0,0.0,3.3784340856943764,1.48,89.9,6.447517568737474,24.5,2.631146098484696,94.08,45.0,0.39276407799196733,0.0,0.0,0.0,291.63875267082904
t707,5.699999999999999,2.1,15.864094559880835,0.0,0.0,3.2441669876356416,1.48,89.9,5.378834493106215,24.5,1.5279793595484188,94.08,45.0,0.0,0.0,0.0,0.0,288.7750754001711
t708,5.699999999999999,2.1,13.93659544671301,0.0,0.0,2.878135330094575,1.48,89.9,4.923261946292587,24.5,1.7041519913998984,94.08,45.0,0.0,0.0,0.0,0.0,286.2021447145001
t709,5.699999999999999,2.1,22.23986725719745,0.0,0.0,3.0717587219705376,1.48,89.9,4.683292865731464,24.5,2.743460571430005,94.08,45.0,0.10704748835341195,0.0,0.0,0.0,295.6054269046829
t710,5.699999999999999,2.1,4.1990197361271075,0.0,0.0,1.82319585933438,1.4191747165130257,89.9,5.969098380761524,24.5,3.920664547967887,94.08,45.0,0.0,0.0,0.0,0.0,278.6111532407039
t711,5.699999999999999,2.1,10.187216652115206,0.0,0.0,5.44787617305127,0.0,89.9,7.916049363527054,24.5,5.256373464703516,94.08,45.0,3.7905108854272003,0.0,2.7194269765001113,0.0,296.5974535153244
t712,0.0,2.1,9.5612241679436,17.614165748894823,0.0,0.0,0.34516256455089883,0.0,2.113464947704589,24.5,0.0,94.08,45.0,0.0,6.012771867914918,0.0,0.0,201.32678929700882
t713,5.699999999999999,2.1,0.0,10.161828860257184,0.0,0.0,0.003549387305388921,11.261483297209534,0.0,24.5,0.0,94.08,45.0,9.767589140701249,6.25,31.82515789659284,0.0,240.6496085820662
t714,5.699999999999999,2.1,0.18062482920442835,0.0,0.0,0.0,1.48,89.9,10.224,24.5,0.0,94.08,45.0,20.0,0.0,0.0,0.0,293.16462482920446
t715,5.699999999999999,2.1,2.5620145219335204,0.0,0.9887085381023332,0.0,0.18450404819302696,89.9,10.224,24.5,0.0,94.08,45.0,20.0,3.137076769547706,0.0,0.0,298.3763038777766
t716,5.699999999999999,2.1,0.18057927520643619,0.0,1.1388898247998813,0.0,1.48,89.9,10.224,24.5,0.0,94.08,45.0,20.0,0.0,0.0,0.0,294.30346910000634
t717,5.699999999999999,2.1,0.0,0.0,0.0,0.0,1.48,89.9,10.224,24.5,0.0,94.08,45.0,20.0,0.0,0.0,0.0,292.984
t718,5.699999999999999,2.1,0.0,0.0,0.0,0.0,1.48,89.9,10.224,24.5,0.0,94.08,45.0,20.0,0.0,0.0,0.0,292.984
t719,5.699999999999999,2.1,0.0,0.0,0.1553143432309998,0.0,1.48,89.9,10.224,24.5,0.0,94.08,45.0,20.0,0.0,0.0,0.0,293.139314343231
t720,5.699999999999999,2.1,0.0,0.0,0.0,0.0,1.48,89.9,10.224,24.5,0.0,94.08,45.0,20.0,0.31204079601990115,0.0,0.0,293.2960407960199
t721,5.699999999999999,2.1,0.0,0.0,0.0,0.0,1.48,89.9,10.224,24.5,0.0,94.08,45.0,20.0,0.7198925373134335,0.0,0.0,293.70389253731344
t722,5.699999999999999,2.1,18.212094912940966,0.0,0.0,0.0,1.48,89.9,10.224,24.5,0.0,94.08,45.0,19.08589445060241,1.0164388059701508,0.0,0.0,311.29842816951356
t723,5.699999999999999,2.1,25.793822477623362,0.0,0.0,0.0,1.48,89.9,10.224,24.5,0.0,94.08,45.0,15.091228785900448,1.2633323383084587,0.0,0.0,315.1323836018323
t724,5.699999999999999,2.1,25.827814421228602,0.0,0.0,0.0,1.48,89.9,10.224,24.5,0.0,94.08,45.0,15.435047352289157,1.3869174129353252,0.0,0.0,315.633779186453
t725,5.699999999999999,2.1,26.89595943633434,0.0,0.0,0.0,1.48,89.9,10.224,24.5,0.0,94.08,45.0,15.499556730120478,1.4732218905472663,0.0,0.0,316.8527380570021
t726,5.699999999999999,2.1,19.008367362618337,0.0,0.0,0.0,1.48,89.9,6.985093930455647,24.5,0.0,94.08,45.0,14.406638556064255,1.8423713584079622,0.0,0.0,305.0024712075462
t727,0.0,2.1,14.265430367944392,0.0,0.0,1.500583766729717,1.48,25.587925665946226,0.0,24.5,0.0,94.08,45.0,0.7553533089128637,0.0,0.0,14.474836132915286,223.74412924244848
t728,5.699999999999999,2.1,33.32701322951342,0.0,0.0,3.103503848511698,1.48,30.735054084653374,3.1279088609109036,24.5,0.0,94.08,45.0,0.0,0.0,33.42392938913243,5.955568304310169,282.532977717032
t729,5.699999999999999,2.1,23.88438069072492,0.0,0.0,7.197120473698358,0.0,89.9,7.911421517434869,24.5,0.0,94.08,45.0,1.6334182514741036,0.0,11.556389160698917,0.0,313.4627300940312
t730,5.699999999999999,2.1,10.22616796039722,0.0,0.0,3.8968324900143405,1.48,89.9,6.304410134669339,24.5,2.621306774430507,94.08,45.0,0.0,0.0,0.0,0.0,285.80871735951143
t731,5.699999999999999,2.1,11.073920147725927,0.0,0.0,3.0941084510502748,1.48,89.9,5.314285090300602,24.5,1.4957739802609138,94.08,45.0,0.0,0.0,0.0,0.0,283.7380876693377
t732,5.699999999999999,2.1,10.734138618430988,0.0,0.0,5.373238654546222,0.3080943936963048,89.9,4.903502236472947,24.5,1.948949695333668,77.34386617421865,45.0,0.0,0.0,0.0,0.0,267.81178977269883
t733,5.699999999999999,2.1,19.875919780097163,0.0,0.0,3.4800191131031193,0.9961101086573146,89.9,4.910284562725452,24.5,3.430616959839437,78.67878943529976,45.0,0.0,0.0,0.0,0.0,278.5717399597222
t734,5.699999999999999,2.1,1.0909246634756777,0.0,0.0,1.5976499144649077,1.48,89.9,5.857815693907817,24.5,5.682128969121929,0.0,45.0,0.0,0.0,0.0,0.0,182.90851924097032
t735,5.699999999999999,2.1,14.933864577551736,0.0,0.0,3.145844491236237,0.0,89.9,7.8124099642885785,24.5,7.626153427014548,94.08,45.0,5.479604077609562,2.26371954050105,0.0,0.0,302.5415960782017
t736,0.0,2.1,0.0,28.409593912997014,0.0,0.0,0.119400530459082,0.0,2.349841398722555,24.5,10.605616402298041,94.08,30.129666311276544,0.0,5.033754678801404,1.6811031256169497,0.0,199.0089763601716
t737,5.699999999999999,2.1,32.43431754038267,0.0,0.0,0.0,0.0,10.711156132521564,0.0,24.5,0.0,94.08,45.0,8.872444595502007,5.687608174328359,46.124477911811375,0.0,275.21000435454596
t738,5.699999999999999,2.1,17.978300917341397,0.0,1.6841677103573218,0.0,1.48,89.9,10.224,24.5,0.0,94.08,45.0,18.408776975893705,0.0,0.0,0.0,311.0552456035924
t739,5.699999999999999,2.1,22.753877422235643,0.0,0.319698164533349,0.0,0.0,86.8164886351701,10.224,24.5,0.0,94.08,45.0,20.0,2.4596631658736183,1.3522650471866757,0.0,315.3059924349994
t740,5.699999999999999,2.1,5.217533957985896,0.0,0.9610548568193253,0.0,1.48,89.9,10.224,24.5,0.0,94.08,45.0,20.0,0.0,0.0,0.0,299.16258881480525
t741,5.699999999999999,2.1,3.078311400080571,0.0,0.7284961453937407,0.0,1.48,89.9,10.224,24.5,0.0,94.08,45.0,20.0,0.0,0.0,0.0,296.7908075454743
t742,5.699999999999999,2.1,8.570605383656108,0.0,0.0,0.0,1.48,89.9,10.224,24.5,0.0,94.08,45.0,20.0,0.0,0.0,0.0,301.5546053836561
t743,5.699999999999999,2.1,0.0,0.0,0.6251737292400585,0.0,1.48,89.9,10.224,24.5,0.0,94.08,45.0,20.0,0.0,0.0,0.0,293.60917372924007
t744,5.699999999999999,2.1,0.0,0.0,0.027460291897331287,0.0,1.48,89.9,10.224,24.5,0.0,94.08,45.0,20.0,0.0,0.0,0.0,293.0114602918973
t745,5.699999999999999,2.1,19.8211307801677,0.0,0.0,0.0,1.48,89.9,10.224,24.5,0.0,94.08,45.0,10.445138553654617,0.45241691542288737,0.0,0.0,303.7026862492452
t746,5.699999999999999,2.1,0.0,0.0,0.0,0.0,1.48,89.9,10.224,24.5,0.0,94.08,45.0,18.488547357751003,0.831199004975126,0.0,0.0,292.3037463627261
t747,5.699999999999999,2.1,29.757556616596183,0.0,0.0,0.0,1.48,89.9,10.224,24.5,0.0,94.08,45.0,16.33779822939759,1.1090587064676627,0.0,0.0,320.18841355246144
t748,5.699999999999999,2.1,29.322908076817725,0.0,0.0,0.0,1.48,89.9,10.224,24.5,0.0,94.08,45.0,15.248120542329314,1.2719124378109472,0.0,0.0,318.826941056958
t749,5.699999999999999,2.1,17.87036690976784,0.0,0.0,0.0,1.48,89.9,10.224,24.5,0.0,94.08,45.0,15.565231635983933,1.2945741293532353,0.0,0.0,307.71417267510503
t750,5.699999999999999,2.1,20.959336291117832,0.0,0.0,0.0,1.48,89.9,8.148616942082844,24.5,0.0,94.08,45.0,15.00968599855421,1.7479484728358212,0.0,0.0,308.62558770459077
t751,0.0,2.1,8.642668784101078,4.509518898718704,0.0,0.0,1.48,23.881333850157276,0.0,24.5,0.0,94.08,45.0,9.804566746746987,1.736943497711443,0.0,0.0,215.7350317774355
t752,0.0,2.1,34.52856025433963,0.0,0.0,2.939248696694874,1.48,0.0,1.287187599041917,24.5,0.0,94.08,45.0,0.12038332273091842,0.0,2.6271952145128425,14.868,223.5305750873202
t753,5.699999999999999,2.1,38.195099657279044,0.0,0.0,3.8740866260129434,1.48,76.73942957379525,5.927059459156278,24.5,2.37881452296961,94.08,45.0,0.0,0.0,27.666835587289345,6.327328645156086,333.96865407165853
t754,5.699999999999999,2.1,9.668954685004964,0.0,0.0,6.346537321134893,0.0,89.9,5.4175646511422855,24.5,1.8549937648369288,28.557236665866522,45.0,2.859829545293488,0.0,0.0,0.0,221.90511663327908
t755,5.699999999999999,2.1,10.63702209739821,0.0,0.0,6.30042004886013,0.0,89.9,4.297588886573148,24.5,0.3495211192875049,22.88499599557702,45.0,0.0,0.0,0.0,0.0,211.66954814769602
t756,5.699999999999999,2.1,10.382692419821238,0.0,0.0,6.644294610472279,0.0,89.9,3.874617992785572,24.5,0.2534462071650762,0.0,45.0,0.0,0.0,0.0,0.0,188.3550512302442
t757,5.699999999999999,2.1,9.936726537118004,0.0,0.0,0.0,0.0,89.9,3.7771680448897835,24.5,1.5980924690817857,53.468906222163916,45.0,0.9607399274900423,5.902074448955225,0.0,0.0,242.84370764969879
t758,5.699999999999999,2.1,0.0,0.0,0.0,3.135934758337641,0.0,89.9,5.438130793026053,24.5,3.045603966041142,64.0359912470293,45.0,1.1723360025498015,1.5910399937311661,0.0,0.0,245.6190367607151
t759,5.699999999999999,2.1,0.0,0.0,0.0,0.0,0.04229140610589943,89.9,6.60730381254509,24.5,5.2957125977621695,94.08,45.0,3.951159066365813,5.467109638740519,0.0,0.0,282.64357652151944
t760,5.699999999999999,2.1,0.0,22.935911438892187,0.0,0.0,0.7755742971142282,5.146952325978654,1.9736656608706247,24.5,8.480790345529352,94.08,45.0,0.0,6.25,5.777516401066929,3.903998530427409,226.62440899987936
t761,5.699999999999999,2.1,0.0,3.664784225677546,0.0,0.0,0.0,0.0,0.1924165692614773,24.5,1.1317516414349782,94.08,45.0,5.564381410200804,5.580010164378112,62.6387090258832,0.0,250.15205303683612
t762,5.699999999999999,2.1,26.02717527913523,0.0,6.5,0.0,0.8032780529740519,89.9,10.224,24.5,0.0,94.08,45.0,18.52516034532509,6.25,0.8451719218305664,0.0,330.45478559926494
t763,5.699999999999999,2.1,21.80477893280967,0.0,5.295356895300555,0.0,0.012378435507784374,89.9,10.224,24.5,0.0,94.08,45.0,19.487486707461635,6.25,3.038450289193559,0.0,327.3924512602732
t764,5.699999999999999,2.1,4.479862256072499,0.0,3.542350009916758,0.0,1.48,89.9,10.224,24.5,0.0,94.08,45.0,20.0,0.5155093263316505,0.0,0.0,301.5217215923209
t765,5.699999999999999,2.1,0.8078582278751354,0.0,2.341982385505784,0.0,1.48,89.9,10.224,24.5,0.0,94.08,45.0,20.0,0.0,0.0,0.0,296.1338406133809
t766,5.699999999999999,2.1,10.226767089909362,0.0,1.6852697533970789,0.0,1.48,89.9,10.224,24.5,0.0,94.08,45.0,20.0,0.0,0.0,0.0,304.89603684330643
t767,5.699999999999999,2.1,36.58467833732124,0.0,0.7603855057876175,0.0,1.48,89.9,10.224,24.5,0.0,94.08,45.0,20.0,0.0,0.0,0.0,330.3290638431088
t768,5.699999999999999,2.1,1.890295790815712,0.0,0.20576376446904726,0.0,1.48,89.9,10.224,24.5,0.0,94.08,45.0,20.0,0.0,0.0,0.0,295.0800595552848
t769,5.699999999999999,2.1,7.859620770605747,0.0,0.0,0.0,1.48,89.9,10.224,24.5,0.0,94.08,45.0,20.0,0.3560059701492554,0.0,0.0,301.19962674075504
t770,5.699999999999999,2.1,14.340261047613293,0.0,0.0,0.0,1.48,89.9,10.224,24.5,0.0,94.08,45.0,18.356978316144577,0.7264845771144286,0.0,0.0,306.4077239408723
t771,5.699999999999999,2.1,28.209055106022163,0.0,0.0,0.0,1.48,89.9,10.224,24.5,0.0,94.08,45.0,16.290068592931725,1.0249263681592042,0.0,0.0,318.50805006711306
t772,5.699999999999999,2.1,26.444471280713717,0.0,0.0,0.0,1.48,89.9,10.224,24.5,0.0,94.08,45.0,15.00007883437751,1.181188059701494,0.0,0.0,315.6097381747927
t773,5.699999999999999,2.1,28.48833607278953,0.0,0.0,0.0,1.48,89.9,10.224,24.5,0.0,94.08,45.0,15.098513697831326,1.1832676616915427,0.0,0.0,317.7541174323124
t774,5.699999999999999,2.1,17.816139720966767,0.0,0.0,0.0,0.0,80.86155620748373,5.435322388472052,24.5,0.0,94.08,45.0,17.081618422811246,5.323701706666668,0.0,0.0,297.89833844640043
t775,0.0,2.1,13.383862453266149,2.7423260796850197,0.0,0.0,1.48,39.42157219232876,0.0,24.5,0.0,94.08,45.0,8.563242393012041,0.5082370300497514,0.0,0.0,231.7792401483417
t776,0.0,2.1,37.172224603892765,0.0,0.0,2.5764300584171225,1.48,20.03566365225774,0.0,24.5,0.0,94.08,45.0,0.0,0.0,7.439751304899084,10.44110073393756,244.82517035340427
t777,5.699999999999999,2.1,40.44440659841113,0.0,0.0,4.13696099136884,1.48,25.73978056416128,3.3447894670764446,24.5,0.0,94.08,45.0,0.0,0.0,27.9046900858456,1.8476393876334398,276.27826709449675
t778,5.699999999999999,2.1,27.610644795565687,0.0,0.0,7.500037447317071,0.0,89.9,10.067568838116234,23.05787227616162,0.0,28.797894750850187,45.0,5.493965849482072,0.0,12.728466510543898,0.0,257.9564504680368
t779,5.699999999999999,2.1,35.50650933398415,0.0,4.512731857906393,4.289629610670823,0.0,89.9,10.224,20.62570192222222,0.0,76.11159708850205,45.0,8.827250913147413,0.0,4.426271393983722,0.0,307.22369212041673
t780,5.699999999999999,2.1,15.683993290529864,0.0,0.0,6.9319282387556,0.0,89.9,8.174500145771542,20.50043793272727,0.0,0.0,45.0,10.55946809378486,0.0,1.8800385467053213,0.0,206.43036624827445
t781,5.699999999999999,2.1,3.854694406593854,0.0,0.0,0.010104568521650857,0.0,89.9,6.100462316472946,22.69870656080809,0.0,47.22994765214576,45.0,0.5446979956972099,6.25,0.0,0.0,229.38861350023953
t782,5.699999999999999,2.1,0.0,0.0,0.0,0.0,0.0,89.9,4.347674199599197,24.5,0.9894066947616653,0.0,45.0,0.7858100642231108,5.420638628059703,0.0,0.0,178.7435295866437
t783,5.699999999999999,2.1,0.0,0.0,0.0,0.0,0.20940421676680251,89.9,5.345302408016035,24.5,2.803657550225787,94.08,45.0,0.11930498862136696,5.2386980753225485,0.0,0.0,274.99636723895253
t784,5.699999999999999,2.1,0.0,7.12306620818993,0.0,0.0,0.8468444253892217,13.086025278797294,2.709581367655054,24.5,5.454677810436527,94.08,45.0,0.0,5.592335379647871,21.20562896301485,0.0,227.39815943313073
t785,5.699999999999999,2.1,33.61646719081571,0.0,0.0,0.0,0.0,0.0,0.6307679299001988,24.5,4.5286731857299385,94.08,45.0,9.735014420963859,5.653181308656718,59.49849757127908,0.0,285.0426016073455
t786,5.699999999999999,2.1,39.54598036370596,0.0,1.6743041975239046,0.0,1.48,89.9,10.224,24.5,0.0,94.08,45.0,17.586090845943772,0.0,0.0,0.0,331.7903754071736
t787,5.699999999999999,2.1,8.735299548802107,0.0,5.128711083019623,0.0,1.48,89.9,10.224,24.5,0.0,94.08,45.0,20.0,2.2920496838190862,0.0,0.0,309.1400603156408
t788,5.699999999999999,2.1,1.8913988811278934,0.0,1.252489079265224,0.0,1.48,89.9,10.224,24.5,0.0,94.08,45.0,12.593117042008778,0.0,0.0,0.0,288.7210050024019
t789,5.699999999999999,2.1,13.277709688096675,0.0,0.6919332664821328,0.0,1.48,89.9,10.224,24.5,0.0,94.08,45.0,20.0,0.0,0.0,0.0,306.9536429545788
t790,5.699999999999999,2.1,0.0,0.0,0.0,0.0,1.48,89.9,10.224,24.5,0.0,94.08,45.0,20.0,0.0,0.0,0.0,292.984
t791,5.699999999999999,2.1,1.9481540532220627,0.0,0.5463454453950678,0.0,1.48,89.9,10.224,24.5,0.0,94.08,45.0,12.670507198955821,0.0,0.0,0.0,288.14900669757293
t792,5.699999999999999,2.1,1.4128998881772454,0.0,0.0,0.0,1.48,89.9,10.224,24.5,0.0,94.08,45.0,18.109755779695803,0.08862189054726465,0.0,0.0,292.59527755842026
t793,5.699999999999999,2.1,16.535674456722937,0.0,0.0,0.0,1.48,89.9,10.224,24.5,0.0,94.08,45.0,20.0,0.5619194029850757,0.0,0.0,310.08159385970805
t794,5.699999999999999,2.1,13.069983101993968,0.0,0.0,0.0,1.48,89.9,10.224,24.5,0.0,94.08,45.0,18.65337643630522,0.9014328358208968,0.0,0.0,305.6087923741201
t795,5.699999999999999,2.1,27.284237381953684,0.0,0.0,0.0,1.48,89.9,10.224,24.5,0.0,94.08,45.0,12.76651190149837,1.1708049751243799,0.0,0.0,314.2055542585764
t796,5.699999999999999,2.1,26.629522376918434,0.0,0.0,0.0,1.48,89.9,8.962039576792339,24.5,0.0,94.08,45.0,15.093419272771081,1.2961930348258714,0.0,0.0,314.7411742613077
t797,5.699999999999999,2.1,26.00004402847935,0.0,0.0,0.0,1.48,89.9,7.4330565342072346,24.5,0.0,94.08,45.0,14.425640336224898,1.327159203980101,0.0,0.0,311.9459001028916
t798,5.699999999999999,2.1,14.588638188237665,0.0,0.0,0.0,0.0,29.47213163325216,0.0,24.5,0.0,94.08,45.0,14.354874695341367,5.8004907613930365,9.193480308055378,0.0,244.7896155862796
t799,0.0,2.1,21.24323188786495,0.0,0.0,2.072602980268791,1.48,13.371749772349062,0.0,24.5,0.0,94.08,45.0,0.0,0.0,11.28243877914414,4.320340867411885,219.45036428703884
t800,5.699999999999999,2.1,23.71597951606753,0.0,4.323646403331654,3.5407129349626847,0.0,89.9,10.224,24.5,0.8367600682990464,58.88095918635546,45.0,0.1964343943426277,0.0,20.07733151836622,0.0,288.9958240217253
t801,5.699999999999999,2.1,19.487085531606677,0.0,0.2342088464720694,6.8930398311509755,0.0,89.9,10.224,0.0,6.931355354611139,0.0,45.0,0.0,0.0,0.0,0.0,186.46968956384086
t802,5.699999999999999,2.1,23.253658763922463,0.0,1.1941091481026722,5.801383672699923,0.0,89.9,10.224,0.0,5.432710030476668,0.0,45.0,0.7512804319521939,0.0,0.0,0.0,189.35714204715393
t803,5.699999999999999,2.1,16.230790272254215,0.0,0.0,3.6602061531316896,0.041420603246492486,89.9,5.741377156272548,0.0,4.007938528539889,5.603927153394284,45.0,0.0,0.0,0.0,0.0,177.98565986683914
t804,5.699999999999999,2.1,20.172909801787476,0.0,0.0,2.661042873721115,0.8696716124538211,89.9,4.257123537835673,0.0,3.4855355180030108,19.676482331430755,45.0,0.0,0.0,0.0,0.0,193.82276567523186
t805,5.699999999999999,2.1,19.13151953346574,0.0,0.0,5.577302079721255,0.0,89.9,6.475200032545093,0.0,3.8087915191169093,25.089647042392475,45.0,0.0,0.0,0.0,0.0,202.78246020724148
t806,5.699999999999999,2.1,15.75405856496524,0.0,0.0,4.485472965335987,0.0,89.9,8.965501918236475,0.0,4.7904565778926225,56.93305245103969,45.0,0.2759835493227047,0.0,12.464492160288088,0.0,246.36901818708083
t807,0.0,2.1,14.945816098788491,0.0,0.0,1.2253814636603222,1.141323675911824,0.0,0.6516978666132254,12.010492395522878,3.3015158026405653,0.0,15.143485363590806,0.0,0.0,2.6276010326261785,0.0,53.1473136993543
t808,5.699999999999999,0.0,0.0,16.328702986785377,0.0,0.0,0.0,0.0,1.4030095190818366,24.5,2.428915931721023,87.30968691817945,0.0,7.543757932048192,3.6552230997014936,6.2580008748043365,0.0,155.1272972623217
t809,5.699999999999999,0.019673672972690903,13.349780793558411,0.0,0.0,0.0,0.0,0.0,0.6148598173652696,24.5,7.17501291870547,94.08,45.0,12.408350431325303,2.4369136469651744,49.00666784191302,0.0,254.29125912280534
t810,5.699999999999999,2.1,40.513318024088626,0.0,0.7839811553296406,0.0,1.48,89.9,10.224,24.5,0.0,94.08,45.0,8.273534430405679,0.0,0.0,0.0,322.55483360982396
t811,5.699999999999999,2.1,27.74831439949587,0.0,1.016434041719855,0.0,1.48,89.9,10.224,24.5,0.0,94.08,45.0,15.613471330146657,0.0,0.0,0.0,317.36221977136233
t812,5.699999999999999,2.1,43.2344951865861,0.0,0.4039391044287867,0.0,1.48,89.9,10.224,24.5,0.0,94.08,45.0,20.0,0.0,0.0,0.0,336.6224342910149
t813,5.699999999999999,2.1,5.892675366991028,0.0,1.4058148968293893,0.0,1.48,89.9,10.224,24.5,0.0,94.08,45.0,20.0,0.0,0.0,0.0,300.2824902638204
t814,5.699999999999999,2.1,15.64968935506448,0.0,0.0,0.0,1.48,89.9,10.224,24.5,0.0,94.08,45.0,20.0,0.0,0.0,0.0,308.63368935506446
t815,5.699999999999999,2.1,33.65470263875127,0.0,0.0,0.0,1.48,89.9,10.224,24.5,0.0,94.08,45.0,10.639195419357428,0.0,0.0,0.0,317.2778980581087
t816,5.699999999999999,2.1,31.5911336558711,0.0,0.0,0.0,1.48,89.9,10.224,24.5,0.0,94.08,45.0,20.0,0.21400995024875652,0.0,0.0,324.7891436061198
t817,5.699999999999999,2.1,29.368207170473312,0.0,0.0,0.0,1.48,89.9,10.224,24.5,0.0,94.08,45.0,20.0,0.6067830845771154,0.0,0.0,322.9589902550504
t818,5.699999999999999,2.1,27.30611855013092,0.0,0.0,0.0,1.48,89.9,10.224,24.5,0.0,94.08,45.0,18.90232035421687,0.8948417910447767,0.0,0.0,320.08728069539256
t819,5.699999999999999,2.1,25.784319960000005,0.0,0.0,0.0,1.48,89.9,10.224,24.5,0.0,94.08,45.0,16.586480000803213,1.2016786069651755,0.0,0.0,316.55647856776835
t820,5.699999999999999,2.1,25.146072225861033,0.0,0.0,0.0,1.48,89.9,8.881733138893685,24.5,0.0,94.08,45.0,15.440240388112448,1.3869174129353252,0.0,0.0,313.61496316580246
t821,5.699999999999999,2.1,24.907000725357506,0.0,0.0,0.0,1.48,89.9,7.691826221053417,24.5,0.0,94.08,45.0,14.864166027469878,1.357940298507464,0.0,0.0,311.5809332723883
t822,5.699999999999999,2.1,18.304959480644513,0.0,0.0,0.0,0.0,41.81473464609558,1.0797318468121933,24.5,0.0,94.08,45.0,15.994455068995984,5.79850369671642,0.0,0.0,254.3723847392647
t823,5.699999999999999,2.1,3.754856784733131,0.0,0.0,0.0,1.1079509841117767,24.254414904921365,0.0,24.5,0.0,94.08,45.0,7.574464010394468,6.25,24.435495104291643,0.0,238.75718178845239
t824,5.699999999999999,0.0,8.24283037997986,0.0,0.0,0.0,1.48,0.0,1.5818701148502996,24.5,0.5993324619869537,94.08,32.77489368320381,5.1604201338152595,6.25,24.915591009560366,0.0,205.28493778339651
t825,5.699999999999999,2.1,11.501087914078557,0.0,0.0,0.0,1.48,0.0,2.3944382244311373,20.949673036161617,0.0,51.20766792097164,0.0,4.485400478955826,6.25,37.00445628847527,0.0,143.07272386307403
t826,5.699999999999999,2.1,1.500257513304738,3.654915347582796,0.0,0.0,1.48,80.847080379584,8.778133545156239,0.0,5.529041513988962,0.0,45.0,3.810110372048192,5.742622885572141,0.0,0.0,164.14216155723705
t827,5.699999999999999,2.1,0.0,31.21015910817014,0.0,0.0,1.248382087305389,89.9,6.977557085090181,0.0,4.722103340361263,11.82941362713335,43.979577433569034,10.120898417970327,6.25,12.234434728702352,0.0,226.27252582830204
t828,5.699999999999999,2.1,0.0,42.902887477001656,0.0,0.0,1.48,89.9,10.012239759599199,0.0,3.403327704786754,41.889381183314946,39.13329185205893,5.6820830637750985,4.03116430716418,0.0,0.0,246.2343753477008
t829,5.589909904595335,0.8131418270279517,0.0,0.0,0.0,0.0,0.4693601312175651,0.0,1.8079158561277437,0.0,3.99222431473156,0.0,5.864885997600765,5.35419134940737,6.25,28.585933769436465,0.0,58.72756315014475
t830,0.02045313884855832,2.1,4.879261633373322,21.072099248201948,0.0,7.718897262319563,0.0,0.0,3.731896851703408,0.0,4.4234546773105885,0.0,0.0,1.031762281195219,0.0,0.0,0.0,44.97782509295261
t831,5.699999999999999,2.1,13.641387045202793,20.95091409147623,0.0,5.604545955104037,0.8446643175551102,34.5062322852765,0.0,15.766739316234856,0.4363828399444287,0.0,30.64206038536497,0.0,0.0,0.0,0.0,130.19292623615894
t832,5.699999999999999,2.1,29.054380492849948,0.0,0.0,0.0,1.48,23.281248818873678,0.0,23.05194715616162,0.0,0.0,0.4268577303721969,4.059780890843373,6.25,16.149308296919045,0.0,111.55352338601985
t833,5.699999999999999,0.0,27.05487879214501,0.0,0.0,0.0,0.261163359361278,24.58995909182142,0.0,24.5,4.532178343853486,94.08,2.9930823964814257,8.050520960637442,6.25,6.417671888578075,0.0,204.42945483287812
t834,5.699999999999999,2.1,32.9181708013293,0.0,0.0,0.0,0.904824960218352,89.9,5.894114344990019,24.5,0.0,94.08,45.0,16.230328508156795,1.7258185529880887,0.0,0.0,318.9532571676825
t835,5.699999999999999,2.1,35.08131983915406,0.0,0.0,0.0,1.48,89.9,10.224,24.5,0.0,94.08,45.0,18.737621474216862,0.0,0.0,0.0,326.80294131337087
t836,5.699999999999999,2.1,25.124540419304846,0.0,0.0,0.0,1.48,89.9,10.224,24.5,0.0,94.08,45.0,20.0,0.0,0.0,0.0,318.10854041930486
t837,5.699999999999999,2.1,15.364075351578954,0.0,0.0,0.0,1.48,89.9,10.224,24.5,0.0,94.08,45.0,20.0,0.024626865671642396,0.0,0.0,308.37270221725055
t838,5.699999999999999,2.1,13.26857695523335,0.0,0.0,0.0,1.48,89.9,10.224,24.5,0.0,94.08,45.0,20.0,0.1498308457711461,0.0,0.0,306.4024078010045
t839,5.699999999999999,2.1,12.902843122134952,0.0,0.0,0.0,1.48,89.9,10.224,24.5,0.0,94.08,45.0,20.0,0.47896218905472815,0.0,0.0,306.3658053111897
t840,5.699999999999999,2.1,26.218559637744207,0.0,0.0,0.0,1.48,89.9,10.224,24.5,0.0,94.08,45.0,20.0,0.9296895522388067,0.0,0.0,320.132249189983
t841,5.699999999999999,2.1,9.08261916065458,0.0,0.0,0.0,0.0,35.746558387417544,0.0,24.5,15.247918285999,94.08,45.0,10.066056509799196,5.346609950248758,0.0,0.0,246.86976229411908
t842,5.699999999999999,2.1,4.466200624652566,0.0,0.0,0.0,0.16141445519694955,42.51390887143582,0.0,24.5,15.553414050822122,94.08,45.0,17.80983554223583,5.168695313165813,0.0,0.0,257.0534688575091
t843,5.699999999999999,2.1,19.564738892527693,0.0,0.0,0.0,0.14573348985868198,42.10203539851572,0.03601757759477603,24.5,0.0,94.08,45.0,15.758906357110511,5.281621500401992,0.0,0.0,254.26905321600935
t844,5.699999999999999,2.1,19.879478066747232,0.0,0.0,0.0,0.0,42.098999600608835,0.0,24.5,0.0,94.08,45.0,14.869224752931727,5.67574129353234,1.744323880379532,0.0,255.64776759419968
t845,5.699999999999999,2.1,20.86940354509567,0.0,0.0,0.0,0.0,46.37286434540842,0.0,24.5,0.0,94.08,45.0,14.63557322891566,5.566421890547265,2.7275121619998104,0.0,261.5517751719668
t846,5.699999999999999,2.1,5.042166688217522,0.0,0.0,0.0,0.37935122503971447,49.31259391930999,0.0,24.5,14.054176079930242,94.08,45.0,12.57223685584411,5.360354623358723,0.0,0.0,258.1008793917003
t847,0.0,2.1,30.86905833052632,0.0,0.0,1.8021451405475373,1.48,40.80385168218164,0.0,24.5,15.215213018256103,94.08,45.0,0.0,0.0,17.14055753463031,9.939405932064448,282.93023163820635
t848,5.699999999999999,2.1,43.54,0.0,0.0,2.765384364041812,1.48,36.84120122318227,8.942669874977321,24.5,0.0,94.08,45.0,0.0,0.0,41.3787525994494,8.579926980946627,314.90793504259744
t849,5.699999999999999,2.1,41.260302276504476,0.0,6.5,0.0,1.48,86.70231047920159,10.224,24.5,0.0,94.08,45.0,0.0,0.44943906663316535,7.62761088800815,3.780223263766362,329.40388597411373
t850,5.699999999999999,2.1,28.77305140857995,0.0,6.5,0.0,1.48,81.14528272396254,10.224,24.5,0.0,94.08,45.0,6.080951273079041,0.0,0.0,0.0,305.58328540562155
t851,5.699999999999999,2.1,33.971918062644136,0.0,4.417466749864122,0.0,0.3948561743887754,89.9,10.224,24.5,0.0,94.08,45.0,0.0,3.997114850305944,0.0,0.0,314.285355837203
t852,5.699999999999999,2.1,30.156888094101294,0.0,4.775358316406648,0.0,0.0,89.9,10.224,24.5,0.09710915457099811,94.08,45.0,1.3887600282071724,5.088145621727295,0.0,0.0,313.0102612150134
t853,5.699999999999999,2.1,26.63949685477656,0.0,2.7549527350478087,0.0,1.48,89.9,10.224,10.659973482424242,0.0,94.08,45.0,0.0,2.7638403156711675,0.0,0.0,291.3022633879198
t854,5.699999999999999,2.1,17.452515816797614,0.0,6.5,0.0,1.2936533863248636,78.41959545687533,10.224,16.68400268222222,0.0,94.08,45.0,0.0,0.0,0.0,0.0,277.45376734222003
t855,5.699999999999999,2.1,0.0,0.0,6.5,2.4710363522448984,0.0,51.40462269594876,10.224,20.740007261818178,0.0,62.04179808534417,45.0,3.406130034661355,0.0,10.775790493014606,0.0,220.36338492303196
t856,0.0,2.0449558055136525,0.0,26.575106019326107,0.0,6.621773634474864,0.0,0.0,7.0906291470140275,22.747844625858583,0.0,89.87365779498835,45.0,2.759999963824701,0.0,8.437014831537311,0.0,211.15098182253757
t857,5.699999999999999,2.1,30.589839076132932,0.0,0.0,0.0,1.48,53.81504803958398,0.0,24.5,8.4369448885362,94.08,45.0,2.786763659759034,4.461843850903864,0.0,0.0,272.950439514916
t858,5.699999999999999,2.1,32.98628211532729,0.0,0.0,0.0,0.0,67.061150104833,0.24859663955439737,24.5,0.0,94.08,45.0,18.037603493493975,6.085050271343285,0.0,0.0,295.79868262455193
t859,5.699999999999999,2.1,34.50621901337362,0.0,0.0,0.0,1.2911385308216425,89.9,3.2362588222580273,24.5,0.0,94.08,45.0,20.0,1.6940621481510312,0.0,0.0,322.0076785146043
t860,5.699999999999999,2.1,18.476478570271905,0.0,0.0,0.0,1.48,89.9,5.104753205732551,24.5,0.0,94.08,45.0,20.0,0.1242358208955234,0.0,0.0,306.4654675969
t861,5.699999999999999,2.1,17.182782699174222,0.0,0.0,0.0,1.48,89.9,4.03055907225549,24.5,8.659631290483306,94.08,45.0,20.0,0.25286368159204164,0.0,0.0,312.8858367435051
t862,5.699999999999999,2.1,17.971829633967772,0.0,0.0,0.0,1.48,89.9,10.224,24.5,0.0,94.08,45.0,20.0,0.5649263681592054,0.0,0.0,311.520756002127
t863,5.699999999999999,2.1,27.11127464277946,0.0,0.0,0.0,1.48,89.9,5.938553940119764,24.5,8.991320142007044,94.08,45.0,20.0,1.074415920398011,0.0,0.0,325.8755646453043
t864,5.699999999999999,2.1,8.595537986183283,0.0,0.0,0.0,1.48,89.9,6.867467160079842,24.5,6.730825412754626,94.08,45.0,20.0,1.749573044004073,0.0,0.0,306.70340360302185
t865,5.699999999999999,2.1,22.330168902598196,0.0,0.0,0.0,1.204286675190381,80.45234424817599,5.9204202117939895,24.5,0.0,94.08,45.0,20.0,2.2557759986548227,0.0,0.0,303.5429960364134
t866,5.699999999999999,2.1,20.866132648821754,0.0,0.0,0.0,0.0,42.96287603652968,0.0,24.5,14.754632785251623,94.08,45.0,19.103697669718873,5.473526368159205,0.0,0.0,274.54086550848115
t867,5.699999999999999,2.1,20.166456918710978,0.0,0.0,0.0,0.0,41.866385842313555,0.0,24.5,14.652035874439465,94.08,45.0,16.92850478698795,5.5558547263681595,0.0,0.0,270.5492381488201
t868,5.699999999999999,2.1,20.56088189353475,0.0,0.0,0.0,0.0,42.43504500874477,0.0017668949711574324,24.5,0.0,94.08,45.0,15.665748961767068,5.574633830845773,0.0,0.0,255.61807658986353
t869,5.699999999999999,2.1,21.425427714279962,0.0,0.0,0.0,0.0,54.01755890846081,0.958390839381668,24.5,0.0,94.08,45.0,15.436252661445785,5.467209950248757,0.0,0.0,268.68484007381693
t870,5.699999999999999,2.1,17.516721467190333,0.0,0.0,0.0,0.0,45.611040796621,0.0,24.5,13.539211817538614,94.08,45.0,13.591156752128514,6.25,10.272064556836192,0.0,278.1601953903147
t871,0.0,2.1,15.41447190899702,0.0,0.0,2.7760243977999006,1.48,9.625439781420601,0.0,24.5,14.989970947533633,94.08,45.0,0.0,0.0,15.100062983670504,5.881881276998993,230.94785129642068
t872,5.699999999999999,2.1,0.8298837014895752,0.0,0.0,7.392521625803424,0.284310021162325,60.927820383183594,5.3170570906999854,24.5,0.0,94.08,45.0,0.0,0.0,46.164720859335524,0.0,292.29631368167446
t873,5.699999999999999,2.1,12.378868992055613,0.0,4.503760340825365,5.331293843735762,0.0,89.9,10.224,22.57856065030303,0.0,94.08,45.0,5.245900212111552,0.0,49.753778683366576,0.0,346.7961627223979
t874,5.699999999999999,2.1,0.0,19.234148474135484,0.0,8.606766749626681,0.0,74.92926252678751,3.609204715193963,24.5,1.1015126854708535,94.08,45.0,4.649153404701195,0.0,25.781653642264782,0.0,309.2917021981804
t875,5.699999999999999,2.1,0.0,10.168320929464095,0.0,9.055961274265806,0.0,89.9,3.834636123446894,17.451983642222224,0.0,70.83038429878539,45.0,9.190848805577689,0.0,33.937938259085335,0.0,297.17007333284744
t876,5.699999999999999,2.1,0.0,0.0,0.0,8.999863812842209,0.0,89.9,5.458892095230459,12.28620913979798,0.0,94.08,45.0,7.572864617850487,0.0,23.949516521704638,0.0,295.0473461874258
t877,5.699999999999999,2.1,21.195166699161103,0.0,6.5,4.033017039153808,0.0,73.6824300058354,10.224,11.809120927676767,0.0,77.8992861908502,45.0,11.868080963266932,0.0,28.517802780007965,0.0,298.5289046059522
t878,5.699999999999999,2.1,42.21228543507449,0.0,0.0,5.034693180686909,1.48,69.77557162851556,9.864954442328662,16.03939287535353,0.0,0.0,45.0,0.0,0.0,25.322542964178897,0.49348382725074985,223.0229243533888
t879,5.699999999999999,2.1,37.61187154156902,0.0,0.0,7.159661906232355,0.24117117551102216,67.82578331799938,5.037572985902889,23.499840399191918,0.0,0.0,45.0,0.0,0.0,15.488033664870752,0.0,209.66393499127736
t880,0.0,1.5044007388282021,0.0,0.0,0.0,6.754251484151319,0.0,0.0,0.5163073798403193,24.5,1.2994805656899144,90.00285370506894,10.806082890365458,6.8060234990438255,0.0,2.6268236422997315,0.0,144.8162239052877
t881,5.699999999999999,2.1,30.690174458288016,0.0,0.0,0.0,0.6708268324151698,0.0,0.2843782966866261,24.5,1.0897294785248473,94.08,45.0,6.481044466204137,6.25,17.416099709255725,0.0,234.26225324137454
t882,5.699999999999999,2.1,33.794082860302105,0.0,0.0,0.0,0.0,35.98206133552511,0.0,24.5,0.0,94.08,45.0,16.71039730176707,5.527815139502489,0.0,0.0,263.39435663709673
t883,5.699999999999999,2.1,33.18330896302115,0.0,0.0,0.0,0.9630788748296576,88.23581611275674,4.359722006344798,24.5,0.0,94.08,45.0,20.0,1.5858374026385165,0.0,0.0,319.70776335959084
t884,5.699999999999999,2.1,32.83920616342397,0.0,0.0,0.0,1.48,89.9,3.34185097005988,24.5,0.0,94.08,45.0,20.0,0.252765174129355,0.0,0.0,319.19382230761323
t885,5.699999999999999,2.1,31.790066183564946,0.0,0.0,0.0,1.48,89.9,8.636449085609858,24.5,8.49125460886896,94.08,45.0,20.0,0.4403442786069661,0.0,0.0,332.11811415665073
t886,5.699999999999999,2.1,29.731995690110786,0.0,0.0,0.0,1.48,89.9,5.7367933225542584,24.5,9.949270553064274,94.08,45.0,20.0,0.6514845771144289,0.0,0.0,328.82954414284376
t887,5.699999999999999,2.1,26.699719758590135,0.0,0.0,0.0,1.48,89.9,10.224,24.5,11.52471350274041,94.08,45.0,20.0,1.1657621890547265,0.0,0.0,332.37419545038523
t888,5.699999999999999,2.1,23.60748209494462,0.0,0.0,0.0,1.48,89.9,10.224,24.5,12.980123847415953,94.08,45.0,20.0,2.557713738805971,0.0,0.0,332.1293196811665
t889,5.699999999999999,2.1,22.078732850231624,0.0,0.0,0.0,1.48,89.9,8.257635384687251,24.5,14.04608071748879,94.08,45.0,19.89252206923695,1.6134139303482606,0.0,0.0,328.6483849519929
t890,5.699999999999999,2.1,20.5397479559718,0.0,0.0,0.0,0.0,42.01066006558337,1.3376100299583455,24.5,14.449555555555554,94.08,45.0,19.510218898634538,5.526785074626867,0.0,0.0,274.7545775803305
t891,5.699999999999999,2.1,20.01919609293051,0.0,0.0,0.0,0.0,40.449419393607315,0.0,24.5,0.0,94.08,45.0,17.20990677413655,5.588531343283583,0.0,0.0,254.64705360395797
t892,5.699999999999999,2.1,20.363175951943603,0.0,0.0,0.0,0.0,48.20536313427588,1.067556057544069,24.5,14.198664673642252,94.08,45.0,15.801715285301203,5.598822885572139,0.0,0.0,276.6152979882791
t893,5.699999999999999,2.1,21.516491158388718,0.0,0.0,0.0,0.0,63.81643904446764,2.5086931963277377,24.5,0.0,94.08,45.0,15.686268585381528,5.518574129353234,0.0,0.0,280.4264661139188
t894,5.699999999999999,2.1,20.6933857188721,0.0,0.0,0.0,0.02235377852295404,53.01343842572782,1.1350547585002106,24.5,13.253085621295465,94.08,45.0,14.303965060068457,6.25,0.0,0.0,280.05128336298696
t895,5.699999999999999,2.1,14.688090140010557,1.401263518917337,0.0,1.7921559917172734,1.48,24.52104613816337,0.0,24.5,0.0,94.08,45.0,0.0,0.0,0.0,10.671251920140984,225.9338077089495
t896,0.0,2.1,23.357990389791457,0.0,0.0,3.1226592410054765,1.48,18.857294920131924,0.0,24.5,16.48427704655705,94.08,45.0,0.0,0.0,34.58089715563903,6.971732226666658,270.5348509797916
t897,0.0,2.1,39.31787074554121,0.0,0.0,4.366685431388752,1.48,22.601805270522586,0.0,24.5,0.0,94.08,45.0,0.0,0.0,31.79534098928702,11.511253866324271,276.75295630306385
t898,0.0,2.1,43.54,1.997095417487627,0.0,5.173978711627677,1.48,6.776725932714341,0.0,24.5,0.01665498399601476,94.08,35.89725704016115,0.0,0.0,30.195753389283805,12.517498976898287,258.2749644521689
t899,5.699999999999999,2.1,21.40352052381331,0.0,6.5,3.237142872901942,0.0,88.38022076885167,10.224,15.35215015191919,0.0,94.08,45.0,0.509479259920317,0.0,64.15800297430059,0.0,356.64451655170706
t900,5.699999999999999,2.1,14.173985081747768,0.0,0.0,5.001058729397711,0.0,26.449838002575696,4.634027290342485,11.717904991717175,0.0,79.72327469829956,45.0,0.08606336764940173,0.0,61.30822738176751,0.0,255.89437954349728
t901,5.699999999999999,2.1,1.3118038946971262,0.0,0.0,4.997473960856147,0.0,49.732384977581795,8.753498775679184,13.62279027656566,0.0,94.08,45.0,12.157989410358564,0.0,60.42596624376691,0.0,297.8819075395054
t902,5.699999999999999,0.0,0.0,13.153267021193125,0.0,7.907458353240418,0.0,37.189257417295,1.3897882973361555,24.5,1.9495387534927755,94.08,37.07937506771024,13.091960651792826,0.0,51.196721216112,0.0,287.23736677817254
t903,0.0,0.0,0.0,24.07840591947423,0.0,7.3719211705624685,0.0,0.0,2.866078301523046,24.5,0.7457662232413427,94.08,17.033750202069616,9.84662135888446,0.0,27.93279128833299,0.0,208.45533446408814
t904,5.699999999999999,2.1,0.0,18.45147737993935,0.0,6.838198323374813,0.0,28.6952562709827,0.0,24.5,16.901981648968608,94.08,45.0,5.765261499282866,0.0,14.497268728961842,0.0,262.52944385151017
t905,5.699999999999999,2.1,26.190013404833845,0.0,0.0,0.0,1.48,60.32614626294265,0.0,24.5,10.815471778166417,94.08,45.0,0.3681020158232916,4.262917113059535,0.0,0.0,274.82265057482573
t906,5.699999999999999,2.1,32.10743892330311,0.0,0.0,0.0,0.5862893576765964,89.9,3.2025492362874273,24.5,0.0,94.08,45.0,17.053085960720395,3.437432213154355,0.0,0.0,317.6667956911419
t907,5.699999999999999,2.1,28.78907128527694,0.0,0.0,0.0,1.48,89.9,10.224,24.5,0.0,94.08,45.0,20.0,0.0,0.0,0.0,321.77307128527696
t908,5.699999999999999,2.1,33.58745188346424,0.0,0.0,0.0,1.48,89.9,2.9488447920159677,24.5,7.878533134030892,94.08,45.0,20.0,0.0,0.0,0.0,327.1748298095111
t909,5.699999999999999,2.1,16.765334562215514,0.0,0.0,0.0,1.48,89.9,10.224,24.5,8.879731938216242,94.08,45.0,20.0,0.06489253731343414,0.0,0.0,318.6939590377452
t910,5.699999999999999,2.1,29.825526405115813,0.0,0.0,0.0,1.48,89.9,10.224,24.5,9.706122571001494,94.08,45.0,20.0,0.3462676616915428,0.0,0.0,332.86191663780886
t911,5.699999999999999,2.1,26.793250473595165,0.0,0.0,0.0,1.48,89.9,5.002477906586827,24.5,11.502726457399103,94.08,45.0,20.0,0.884918407960201,0.0,0.0,326.94337324554124
t912,5.699999999999999,2.1,23.641065176515614,0.0,0.0,0.0,1.48,89.9,10.224,24.5,0.0,94.08,45.0,20.0,1.2757950248756231,0.0,0.0,317.9008602013912
t913,5.699999999999999,2.1,14.788905693173932,0.0,0.0,0.0,1.48,89.9,10.224,24.5,0.0,94.08,45.0,20.0,1.4608507462686584,0.0,0.0,309.2337564394426
t914,5.699999999999999,2.1,20.518101362487624,0.0,0.0,0.0,1.48,89.9,7.1796774131736525,24.5,14.502004982561035,94.08,45.0,18.523541116465864,1.71623184079602,0.0,0.0,325.1995567154842
t915,5.699999999999999,2.1,20.27284563975831,0.0,0.0,0.0,0.0,68.95320364903992,3.200906114684953,24.5,14.411182859990033,94.08,45.0,19.057239334136547,5.528588059701494,0.0,0.0,302.80396565731127
t916,5.699999999999999,2.1,20.547375347714,0.0,0.0,0.0,0.0,45.391562514659135,0.1174886018028196,24.5,0.0,94.08,45.0,17.701417842088354,5.569844776119405,0.0,0.0,260.7076890823837
t917,5.699999999999999,2.1,21.801594884471303,0.0,0.0,0.0,0.0,60.37600537666791,1.4963846770329987,24.5,0.0,94.08,45.0,17.071725415261042,5.518574129353234,0.0,0.0,277.6442844827865
t918,5.699999999999999,2.1,8.228229814098691,0.0,0.0,0.0,0.007359766546906207,48.74719417338407,0.0,24.5,0.0,94.08,45.0,14.96191775732166,6.25,0.0,0.0,249.5747015113513
t919,0.0,2.1,7.276552800993049,0.0,0.0,2.687971820487806,1.48,18.97952969030949,0.0,24.5,0.0,94.08,45.0,0.0,0.0,14.035051308400282,4.894406476515606,215.03351209670623
t920,5.699999999999999,2.1,25.10831718176763,0.0,0.421355389843991,6.350736663434139,0.44553336020040196,89.9,10.224,24.5,9.035018696186661,94.08,45.0,0.0,0.0,33.83135003556847,0.0,346.69631132700124
t921,5.699999999999999,2.1,23.406017211709017,0.0,0.0,2.597554221831757,0.0,89.9,7.4900137844488945,24.5,0.39815781858504595,75.33548310555267,45.0,0.0,6.25,0.0,0.0,282.6772261421274
t922,5.699999999999999,2.1,39.59411719344588,0.0,0.0,2.704501380009362,0.0,89.9,5.496350715350703,20.539659885252526,0.0,16.40315220582994,45.0,0.0,6.25,0.0,0.0,233.6877813798884
t923,5.699999999999999,2.1,26.754305130764653,0.0,0.0,2.003880078725734,0.0,89.9,4.356372166733468,15.846271251313132,0.0,0.0,45.0,0.0,6.25,0.0,0.0,197.910828627537
t924,5.699999999999999,2.1,26.96672432770606,0.0,0.0,1.8237026770333515,0.0,89.9,3.6793379078156323,11.981705168080804,0.0,0.0,45.0,12.234432861305663,6.25,0.0,0.0,205.6359029419415
t925,5.699999999999999,2.1,24.47717315571003,0.0,0.0,1.3904008353210533,0.0,89.9,4.708039451062122,12.263846582222222,0.0,46.07437852955461,45.0,13.907451910517928,6.25,0.0,0.0,251.77129046438796
t926,5.699999999999999,2.1,34.72461577831182,0.0,0.0,1.7701984229268295,0.0,89.9,5.656486054388775,16.684159443838382,0.0,59.3854376948988,45.0,1.9641235060557771,6.25,0.0,0.0,269.1350209004204
t927,5.699999999999999,2.1,26.934544380933463,0.0,0.0,0.1305253748929815,0.0,89.9,8.406560149418839,21.50567834161616,0.0,0.0,45.0,0.0,6.25,0.0,0.0,205.92730824686146
t928,5.699999999999999,2.1,2.3679775012580473,0.0,0.0,0.13145656130413066,0.0,89.9,8.799318718517036,24.5,1.4999102390265924,44.397755775522974,45.0,4.021693978318011,6.25,0.0,0.0,234.6681127739468
t929,1.9440569007726614,2.1,0.0,9.152817295012598,0.0,0.0,1.1254183719438873,15.095857619918833,0.0,24.5,1.9697196120421447,94.08,45.0,0.0,2.3755752308264313,0.0,0.0,197.34344503051653
t930,5.699999999999999,2.1,15.286757844149053,0.0,0.0,0.0,0.0,41.931195063206495,0.0,24.5,0.0,94.08,45.0,17.722811202248998,4.525853945472638,6.768897142438058,0.0,257.61551519751526
t931,5.699999999999999,2.1,21.986847693516516,0.0,0.0,0.0,0.0,89.9,3.796949022914172,24.5,0.0,94.08,45.0,16.55588888609451,4.212644257313435,0.0,0.0,307.83232985983864
t932,5.699999999999999,2.1,35.52562711005036,0.0,0.0,0.0,0.0,89.9,1.9246573572854284,24.5,0.0,94.08,45.0,20.0,3.055412935323383,0.0,0.0,321.78569740265914
t933,5.699999999999999,2.1,18.222420161409882,0.0,0.0,0.0,0.0,89.9,2.443601944910181,24.5,0.0,94.08,45.0,20.0,4.497737619402987,0.0,0.0,306.44375972572305
t934,5.699999999999999,2.1,31.9311094866868,0.0,0.0,0.0,0.0,89.9,2.98317232734531,24.5,8.800691579471849,94.08,45.0,20.0,4.542577634750341,0.0,0.0,329.53755102825426
t935,5.699999999999999,2.1,28.518648258086614,0.0,0.0,0.0,0.0,89.9,3.796543490618762,24.5,10.601738913801695,94.08,45.0,20.0,4.213685572139305,0.0,0.0,328.41061623464634
t936,5.699999999999999,2.1,9.692909587391746,0.0,0.0,0.0,0.0,89.9,4.6557739816367265,24.5,0.0,94.08,45.0,20.0,5.727326674129354,0.0,0.0,301.3560102431578
t937,5.699999999999999,2.1,8.20438390763343,0.0,0.0,0.0,0.0,48.895752947742274,0.0,24.5,13.320584952665673,94.08,45.0,20.0,4.983345273631842,0.0,0.0,266.78406708167324
t938,5.699999999999999,2.1,21.71969558940585,0.0,0.0,0.0,0.0,73.99147242815769,3.760085986089808,24.5,13.836861983059293,94.08,45.0,20.0,5.250821890547265,0.0,0.0,309.93893787725995
t939,5.699999999999999,2.1,21.225099416193355,0.0,0.0,0.0,0.0,85.82169443102444,6.899338937597163,24.5,0.0,94.08,45.0,18.048259334297192,5.393000995024877,0.0,0.0,308.767393114137
t940,5.699999999999999,2.1,21.43968149071501,0.0,0.0,0.0,0.0,79.12361974908366,4.756102332648075,24.5,0.0,94.08,45.0,16.874067484979918,5.514690547263683,0.0,0.0,299.08816160469036
t941,5.699999999999999,2.1,18.21824038987726,0.0,0.0,0.0,0.0,85.23970167443173,5.014207465476286,24.5,13.252886762909817,94.08,45.0,16.318390660160645,5.467118407960201,0.0,0.0,314.8905453608159
t942,5.699999999999999,2.1,8.264541824733136,0.0,0.0,0.0,0.022080325429141557,37.01990693198377,0.0,24.5,12.901450547483806,94.08,45.0,14.327401790485375,6.25,6.518857191259549,0.0,256.6842386113748
t943,0.0,2.1,14.124315822244291,0.0,0.0,2.6460073605574914,1.48,5.483411632054784,0.0,24.5,0.0,94.08,45.0,0.0,0.0,7.217963513817825,4.451367600966763,201.08306592964118
t944,5.699999999999999,2.1,24.346894647825227,0.0,0.8581281700553646,5.17003908779897,0.8032985328256523,89.9,10.224,24.5,7.342132267832655,94.08,45.0,0.0,0.0,23.813543541911415,0.0,333.8380362482493
t945,5.699999999999999,2.1,34.00888543114201,0.0,0.0,1.6674826535906693,1.48,89.9,8.65806872933868,24.5,2.1992271922328297,94.08,45.0,2.077340101686742,3.4885484690969304,0.0,0.0,314.85955257708787
t946,5.699999999999999,2.1,23.91895867539225,0.0,0.0,0.0,1.48,89.9,6.267910289819641,24.5,3.7244136168288975,67.51807292712944,45.0,1.4550967643954096,4.3694455932338325,0.0,0.0,275.93389786679944
t947,5.699999999999999,2.1,22.3629221583714,0.0,0.0,0.0,1.48,89.9,4.640409423166331,24.5,0.7203536648168577,0.0,45.0,15.376187562570278,4.401716240000002,0.0,0.0,216.18158904892488
t948,5.699999999999999,2.1,5.6161522981507765,0.0,0.0,0.0,1.48,89.9,3.8790195060521047,24.02581575454546,0.0,60.89006549052633,45.0,13.72190987453815,5.024222925615706,0.0,0.0,257.3371858494285
t949,5.699999999999999,2.1,0.0,0.0,0.0,0.0,1.48,89.9,3.680931494989982,18.220846685454543,0.0,0.0,45.0,0.0,4.812370277313433,0.0,0.0,170.89414845775795
t950,5.699999999999999,2.1,0.0,0.0,0.0,0.0,0.8132912638476971,89.9,4.2506368865731465,17.432677988686873,0.0,7.507873373675361,45.0,0.0,4.885696721653254,0.0,0.0,177.59017623443637
t951,5.699999999999999,2.1,0.0,0.0,0.0,0.0,1.48,89.9,7.953376083607211,20.8792790820202,0.0,81.36047740445348,45.0,0.0,2.224469473830848,0.0,0.0,256.5976020439117
t952,5.699999999999999,2.1,2.0845210380536243,0.0,0.0,2.3597751538275005,0.0,84.71182161054386,10.170147755513334,24.5,0.4665805979026596,9.904631094119104,45.0,5.245180823107569,3.4576118007852683,0.0,0.0,195.70026987385293
t953,5.699999999999999,2.1,0.0,31.437487094480687,0.0,0.0,0.945024115458283,0.0,0.0,24.5,5.929160909031609,94.08,42.442019794746045,0.2759073906277756,5.090849020773137,0.0,0.0,212.50044832511753
t954,5.699999999999999,2.1,15.72134996040283,0.0,0.0,0.0,0.0,31.606453167579907,0.0,24.5,9.015254728938713,94.08,45.0,17.122718601927712,5.286564699203981,22.763289764407457,0.0,272.8956309224606
t955,5.699999999999999,2.1,31.401419588761332,0.0,0.0,0.0,1.1231157569890464,82.78467028448532,2.943878242279617,24.5,0.0,94.08,45.0,20.0,0.12317631825118315,0.0,0.0,309.7562601907665
t956,5.699999999999999,2.1,22.19344332354482,0.0,0.0,0.0,0.0,89.9,2.6705701029940125,24.5,0.0,94.08,45.0,20.0,3.169244433969836,0.0,0.0,309.31325786050866
t957,5.699999999999999,2.1,20.58827917450151,0.0,0.0,0.0,0.0,89.9,2.915148755289422,24.5,0.0,94.08,45.0,20.0,3.1907313432835833,0.0,0.0,307.9741592730745
t958,5.699999999999999,2.1,23.559810274058428,0.0,0.0,0.0,0.0,89.9,3.3406088830339327,24.5,0.0,94.08,45.0,20.0,3.5666208955223886,0.0,0.0,311.7470400526147
t959,5.699999999999999,2.1,30.918499214783495,0.0,0.0,0.0,0.0,51.59472159309994,0.0,24.5,0.0,94.08,45.0,20.0,5.178384385572141,0.0,0.0,279.0716051934556
t960,5.699999999999999,2.1,27.446090352749245,0.0,0.0,0.0,0.0,89.9,5.86683346267465,24.5,14.019064275037369,94.08,45.0,20.0,5.6412988134328375,0.0,0.0,334.25328690389415
t961,5.699999999999999,2.1,25.877117543081578,0.0,0.0,0.0,0.0,89.9,5.32499203992016,24.5,0.0,94.08,45.0,20.0,4.870143283582091,0.0,0.0,317.3522528665838
t962,5.699999999999999,2.1,24.148773132205438,0.0,0.0,0.0,0.275621161362726,47.02734693901572,0.0,24.5,15.47839860488291,94.08,45.0,20.0,4.491788050533703,0.0,0.0,282.80192788800053
t963,5.699999999999999,2.1,23.335419657885197,0.0,0.0,0.0,0.0,44.313924740740745,0.0,24.5,15.370207274539114,94.08,45.0,18.295007768835344,5.3003810945273635,0.0,0.0,277.99494053652774
t964,5.699999999999999,2.1,23.056138691117823,0.0,0.0,0.0,0.0,44.223015899746315,0.0,24.5,0.0,94.08,45.0,17.07930583164659,5.46186752913871,0.0,0.0,261.20032795164946
t965,5.699999999999999,2.1,22.99619105768379,0.0,0.0,0.0,0.0,45.68849993992897,0.0,24.5,0.0,94.08,45.0,15.96189950859438,5.436153233830846,0.0,0.0,261.462743740038
t966,5.699999999999999,2.1,6.370142058126891,0.0,0.0,0.0,0.09470387832335354,45.93704401765601,0.0,24.5,0.0,94.08,45.0,13.23590125171344,6.25,6.253163741479765,0.0,249.52095494729946
t967,0.0,2.1,29.126381991618672,0.0,0.0,3.1015426517471383,1.48,40.64787911535261,0.0,24.5,0.0,94.08,45.0,0.0,0.0,15.553827652301159,3.8004150518026174,259.3900464628222
t968,5.699999999999999,2.1,43.54,0.0,6.486510100521142,3.747777781538403,0.0,59.777737903369975,10.224,24.5,0.0,94.08,45.0,0.22465038095617473,0.0,36.22952812899131,0.0,331.610204295377
t969,5.699999999999999,2.1,43.54,0.0,6.5,4.253967147834745,0.0,42.99574465778217,10.224,24.5,0.0,94.08,45.0,2.475938993147408,0.0,49.12149944808038,0.0,330.49115024684465
t970,0.0,2.1,43.54,9.913995089574652,0.0,6.237642430280114,1.1445089726252506,3.9988856565572397,5.631201225937784,24.5,1.0266470450075267,94.08,44.5978559852646,0.0,0.0,60.582026737106375,0.0,297.3527631423535
t971,0.0,2.1,27.81958093310825,0.0,0.0,5.428555400696865,1.48,0.0,7.062302258677353,24.5,0.9139688416658295,94.08,7.549942516196339,0.0,0.0,39.480815759521576,7.4900130329707935,217.90517874283705
t972,5.699999999999999,0.0,0.0,33.522579134600605,0.0,5.299587954206073,1.48,7.5589670788159,4.767353106768978,15.276336113535354,0.0,54.671721949311745,0.0,0.0,0.0,21.537573748384425,5.06188813081571,154.87600721643878
t973,0.5195778089593325,0.0,0.0,44.31942089565682,0.0,8.238865321881534,0.0,0.0,2.964179758116231,24.5,4.801648891021426,94.08,27.08497695190461,1.2283531967330688,0.0,20.405091926929952,0.0,228.14211475120297
t974,5.699999999999999,2.1,0.0,48.991462301112215,0.0,6.378887911986062,0.0,39.16570562483405,5.758410631593415,18.170684882828287,0.0,63.437759790607295,45.0,4.542102875458166,0.0,8.393396955187042,0.0,247.6384109736065
t975,5.699999999999999,2.1,0.0,20.37445401969666,0.0,5.704707310781484,0.0,3.2563372832670874,1.5455015311746885,24.5,0.0,94.08,45.0,5.0072199133067725,0.0,19.02941869779595,0.0,226.29763875602268
t976,5.699999999999999,2.1,11.848677553651374,20.462363665356964,0.0,1.8284696790751027,1.2373352854509023,43.61524910716388,0.0,24.5,0.0,94.08,45.0,0.0,0.0,0.0,0.0,250.3720952906982
t977,5.699999999999999,2.1,32.605267053897286,0.0,0.0,0.0,0.0,50.34230531915779,0.0,24.5,7.4943551991670825,94.08,45.0,8.10395306497992,6.19410568676617,6.3930354833820315,0.0,282.51302180735036
t978,5.699999999999999,2.1,33.272174138690836,0.0,0.0,0.0,0.0,67.60808157584982,0.0,24.5,0.0,94.08,45.0,16.67006053060241,3.681070646766171,0.5749373639794668,0.0,293.18632425588874
t979,5.699999999999999,2.1,33.66186590159114,0.0,0.0,0.0,0.0,70.92724583378995,0.0,24.5,9.928836823766817,94.08,45.0,18.625278337269076,4.034396190149255,0.0,0.0,308.5576230865663
t980,5.699999999999999,2.1,28.682980805128487,0.0,0.0,0.0,0.0,89.9,2.565305013972056,24.5,0.0,94.08,45.0,20.0,3.90370248756219,0.0,0.0,316.43198830666273
t981,5.699999999999999,2.1,32.42677716040281,0.0,0.0,0.0,0.0,89.9,2.8775592495009987,24.5,0.0,94.08,45.0,20.0,4.054093532338309,0.0,0.0,320.6384299422421
t982,5.699999999999999,2.1,15.029630634723071,0.0,0.0,0.0,0.0,65.79129321887368,0.0,24.5,11.133990034877929,94.08,45.0,20.0,4.232556218905474,0.0,0.0,287.56747010738013
t983,5.699999999999999,2.1,27.825528419214507,0.0,0.0,0.0,0.0,89.9,3.859335886626746,24.5,0.0,94.08,45.0,20.0,4.635619900497514,0.0,0.0,317.60048420633876
t984,5.699999999999999,2.1,25.052795287291048,0.0,0.0,0.0,0.0,89.9,5.940918815169662,24.5,14.185878425510712,94.08,45.0,20.0,4.985332338308459,0.0,0.0,331.4449248662799
t985,5.699999999999999,2.1,19.19878461643257,0.0,0.0,0.0,0.0,89.9,6.73364281516966,24.5,15.193913303437965,94.08,45.0,20.0,5.242425870646768,0.0,0.0,327.64876660568694
t986,5.699999999999999,2.1,21.104456918710977,0.0,0.0,0.0,0.0,47.36058718735585,0.22341630707401416,24.5,15.61492476332835,94.08,45.0,19.958709515180722,5.477224875621891,0.0,0.0,281.1193195672718
t987,5.699999999999999,2.1,17.618581100096822,0.0,0.0,0.0,0.0,44.26674452156266,0.0,24.5,2.1588033684295067,94.08,45.0,17.624804321606426,5.559554228855723,0.0,0.0,258.60848754055115
t988,5.699999999999999,2.1,19.621401530996984,0.0,0.0,0.0,0.0,41.716052638899406,1.070988789763283,24.5,0.0,94.08,45.0,16.047624774939763,5.6418825870646785,0.0,0.0,255.47795032166414
t989,5.699999999999999,2.1,19.66087786533737,0.0,0.0,0.0,0.0,43.424583568138,0.0,24.5,0.0,94.08,45.0,14.572973048273097,6.25,4.620278020260135,0.0,259.9087125020086
t990,5.699999999999999,2.1,2.5783506620342362,0.0,0.0,0.0,0.5501703261301247,35.50050338454592,0.0,24.5,0.0,94.08,45.0,10.311475753016335,5.351336863924416,0.0,0.0,225.67183698965104
t991,5.699999999999999,2.1,14.694443233723929,0.0,0.0,4.864801365554686,0.8324957355911815,34.27081787802204,4.308859103288419,24.5,1.7652740740391366,86.95485192568518,45.0,0.0,0.0,1.6092445549777463,0.0,226.6007878708823
t992,5.699999999999999,2.1,17.548293716508194,0.0,0.0,2.896596133230463,0.0,89.9,8.345770999358718,24.5,0.005493927064724898,40.77837147102178,45.0,0.0,6.25,0.0,13.203131141608738,256.22765738879264
t993,5.699999999999999,2.1,28.503369309592845,0.0,6.5,0.0,1.48,89.9,10.224,0.3284741992733526,5.18248103403089,0.0,45.0,0.0,6.20253899751244,0.0,14.868,215.98886354040954
t994,5.699999999999999,2.1,29.687888260933466,0.0,6.5,0.0,1.4468662555110225,89.9,10.224,0.0,3.9640530393075757,0.0,45.0,0.0,6.25,0.0,2.6486373302093638,203.42144488596142
t995,5.699999999999999,2.1,0.0,0.0,6.5,0.0,1.319445850082653,89.9,10.224,0.0,3.1927405311590573,40.12664661056538,45.0,0.0,6.25,0.0,14.868,225.18083299180708
t996,5.699999999999999,2.1,43.54,0.0,6.5,0.0,1.4407897024048086,89.9,10.224,5.6349432969696975,0.0,0.0,45.0,0.0,6.25,0.0,14.868,231.1577329993745
t997,5.699999999999999,2.1,33.647153090126935,0.0,6.5,0.0,1.0998717434869745,89.9,10.224,5.405212249091131,2.4557799912492966,0.0,45.0,0.0,6.25,0.0,14.868,223.15001707395436
t998,5.699999999999999,2.1,40.74555473759683,0.0,6.5,0.0,1.48,89.9,10.224,0.0,5.458067381274461,0.0,45.0,0.0,6.25,0.0,14.868,228.22562211887129
t999,5.699999999999999,2.1,20.58428948738828,0.0,6.5,0.0,1.48,89.9,10.224,16.323521168080806,0.0,20.26326981959516,45.0,4.431380168377025,6.094284705174131,0.0,14.868,243.46874534861539
t1000,5.699999999999999,2.1,10.530988894541801,0.0,6.5,0.0,1.48,89.9,10.224,24.23341677939394,0.0,52.11023361643723,45.0,1.7312947184063714,5.123066794726371,2.4698474666160344,14.868,271.97084827012173
t1001,5.699999999999999,2.1,0.0,0.0,6.5,1.1668131566251871,0.0,83.93363282172498,10.224,24.5,7.6391895017962925,94.08,45.0,4.752391235537852,0.0,2.30742608035749,0.0,287.90345279604185
t1002,5.699999999999999,2.1,22.244782590735152,0.0,0.0,0.0,0.0,32.15506344281074,0.0,24.5,0.0,94.08,45.0,11.278806819196785,5.271786283781095,33.1895236129892,0.0,275.51996274951296
t1003,5.699999999999999,2.1,24.997627526807648,0.0,0.0,0.0,0.0,53.34472306807711,0.0,24.5,9.47085614291978,94.08,45.0,17.938111070843373,4.7604293319403,9.788151173053173,0.0,291.6798983136414
t1004,5.699999999999999,2.1,17.96870012112789,0.0,0.0,0.0,0.0,71.48089072795534,0.0,24.5,0.0,94.08,45.0,20.0,3.768921393034827,0.0,0.0,284.59851224211803
t1005,5.699999999999999,2.1,31.838241410151063,0.0,0.0,0.0,0.0,69.50723582993403,0.0,24.5,0.0,94.08,45.0,10.212615405060241,3.956777114427862,0.0,0.0,286.89486975957317
t1006,5.699999999999999,2.1,29.44092821780463,0.0,0.0,0.0,0.0,89.9,3.3830346986027955,24.5,11.09192027902342,94.08,45.0,20.0,5.091612460620987,0.0,0.0,330.2874956560518
t1007,5.699999999999999,2.1,26.189318952950657,0.0,0.0,0.0,0.0,89.9,4.280401108183632,24.5,0.0,94.08,45.0,15.765361727033135,5.749895828358211,0.0,0.0,313.2649776165256
t1008,5.699999999999999,2.1,7.933858227875127,0.0,0.0,0.0,0.0,51.56253664860478,0.0,24.5,14.306604882909813,94.08,45.0,20.0,6.130481898009951,0.0,0.0,271.3134816573997
t1009,5.699999999999999,0.0,5.36529881196373,0.0,2.522703043540419,0.0,1.48,63.2169125341747,10.224,24.5,0.0,94.08,27.076184250045223,20.0,1.8415863557270633,0.0,8.52773451484391,264.5344195102951
t1010,5.699999999999999,2.1,4.522577764632439,0.0,0.0,0.1826296665007471,1.48,22.15743761917237,5.781540793075141,24.5,0.0,94.08,45.0,14.718642311562668,0.0,0.0,11.416421909553144,231.6392500644965
t1011,5.699999999999999,2.1,1.9841629828610294,1.2308240157863766,0.0,0.43445136884021973,1.48,0.0,1.6920713612774467,24.5,0.0,94.08,45.0,10.473680190040161,0.0,0.0,14.868,203.54318991880524
t1012,5.699999999999999,2.1,0.575829136540137,2.617716201740881,0.0,0.5750744649079157,1.48,0.0,1.5771132774451115,24.5,0.0,94.08,45.0,8.929115737028114,0.0,0.0,14.868,202.00284881766217
t1013,5.699999999999999,2.1,0.09272486311817488,0.0,0.0,0.6231969138875076,1.48,0.0,1.0290343888223568,24.5,0.0,94.08,45.0,8.404661623063527,0.0,0.0,14.592947499174498,197.60256528806607
t1014,0.0,2.1,4.160688199956931,0.0,0.0,1.329433244081634,1.48,0.0,1.2581471337325358,24.5,0.0,94.08,45.0,10.273319627130236,0.0,0.0,10.17919477596375,194.36078298086505
t1015,5.699999999999999,2.1,0.0,6.416674336419384,0.0,0.0,0.692265954171657,29.844757949492372,0.0,24.5,0.0,94.08,45.0,13.488485237704188,6.25,19.291284644048957,0.0,247.36346812183655
t1016,5.699999999999999,2.1,0.0,7.650076699545042,0.0,0.0,1.272190071337326,49.86378181331691,0.0,24.5,0.0,94.08,45.0,12.716944887641263,6.25,4.604367698281014,0.0,253.73736117012157
t1017,5.699999999999999,2.1,0.0,15.161329961345215,0.0,0.0,1.3964651212375248,49.80105774275999,0.0,24.5,0.0,94.08,45.0,12.262360788283035,6.25,0.0,0.0,256.25121361362574
t1018,5.699999999999999,2.1,0.0,18.18231193628376,0.0,0.0,0.9976158966866259,53.15108743026123,0.0,24.5,1.6531390572102496,94.08,45.0,11.469140796840852,6.25,0.0,0.0,263.0832951172827
t1019,5.699999999999999,2.1,0.0,28.271355342022908,0.0,0.0,1.341357336806387,67.9138817804633,0.0,24.5,6.045567855615329,94.08,45.0,17.247650317323746,6.25,2.303259975901915,0.0,300.7530726081336
t1020,5.699999999999999,2.1,0.0,24.91082267351138,0.0,0.0,1.130102646187625,89.9,0.0,24.5,9.786789937409065,94.08,45.0,0.3985362151500996,6.25,20.881381175702884,0.0,324.637632647961
t1021,5.699999999999999,2.1,0.0,0.0,0.0,0.0,0.7949657200399203,89.9,0.0,24.5,9.263707394917784,94.08,45.0,5.770613316948115,6.25,50.38606956390248,0.0,333.7453559958083
t1022,5.699999999999999,2.1,0.0,0.0,0.0,0.0,0.10013964918163602,89.9,0.0,24.5,7.898192806955643,94.08,45.0,0.0,6.25,56.47252900793187,0.0,332.00086146406915
t1023,3.1412114581673887,2.1,0.0,0.0,0.0,0.0,0.0,59.70935542414984,0.0,24.5,0.0,94.08,45.0,0.0,6.25,65.30527399309037,0.0,300.0858408754076
t1024,0.0,2.1,9.576996653655598,0.0,0.0,0.0,0.0,72.15944618292755,0.0,24.5,0.0,94.08,45.0,2.4565066066657146,5.728747391741295,95.53600000000002,0.0,351.1376968349902
t1025,0.0,2.1,24.928679088378654,0.0,0.0,0.0,0.0,39.08013474819123,0.0,24.5,0.14782131902658902,94.08,45.0,5.1212288975100435,4.58636936835821,51.14646478308111,0.0,290.6906982045458
t1026,5.699999999999999,0.0,18.589155812729103,0.0,6.5,0.0,0.1943741378043905,89.38244440434296,10.224,24.5,3.1420409811741115,94.08,21.005425275131106,17.761208350825743,6.25,65.16576042878268,0.0,362.49440939079017
t1027,5.699999999999999,2.1,13.686902764108735,0.0,6.5,0.0,0.31759022862275477,79.03006887159815,10.224,24.5,3.8155080932262853,94.08,45.0,20.0,6.25,65.98317861103602,0.0,377.18724856859194
t1028,5.699999999999999,2.1,38.35035621377643,0.0,3.316469660009946,0.0,0.0,89.9,10.224,24.5,2.532065842890113,94.08,45.0,20.0,4.09181041482578,44.95494696009873,0.0,384.749649091601
t1029,5.699999999999999,2.1,14.466796797865058,0.0,4.837674782314965,0.0,0.0,89.9,10.224,24.5,0.31285398896136507,94.08,45.0,20.0,5.906748485250608,50.60734681496073,0.0,367.63542086935274
t1030,5.699999999999999,2.1,11.608329130443108,0.0,6.5,0.0,0.10013852295409188,89.9,10.224,24.5,3.040113602391629,94.08,45.0,20.0,6.25,2.2788725672580665,0.0,321.28145382304695
t1031,5.699999999999999,0.0,2.4650042500302187,0.0,6.5,0.0,0.6657475141413535,82.08404773536276,10.224,24.5,7.149737917289487,94.08,41.44036533940482,20.0,6.25,0.0,0.0,301.05890275622863
t1032,5.699999999999999,0.0,11.34984060451157,0.0,6.5,1.9218416419806006,1.48,76.93809089436833,10.224,24.5,9.10929845540608,94.08,29.79811936557288,20.0,2.0182121289447075,0.0,0.0,293.61940309078415
t1033,5.699999999999999,0.0,5.865055106022133,0.0,0.3445281328636115,0.0,1.48,58.687508286000025,10.224,24.5,0.0,94.08,35.595605290458195,18.948509675311044,0.0,0.0,7.959700956226425,263.38490744688147
t1034,5.699999999999999,2.1,4.887437784773409,0.0,0.0,0.043630960676953996,1.48,13.17075999544995,3.3609265108838775,24.5,0.0,94.08,45.0,11.843283445578292,0.0,0.0,13.757869774498525,219.923908471861
t1035,5.699999999999999,2.1,0.0,4.786545561617785,0.0,0.31398576406172296,1.48,0.0,1.6393148934131743,24.5,0.0,94.08,45.0,9.044992542168675,0.0,0.6109903682283371,14.868,204.12382912948968
t1036,5.699999999999999,2.1,0.0,3.2569560772901927,0.0,0.49167506222001084,1.48,0.0,1.4687731209580839,24.5,0.0,94.08,45.0,7.6364487840963875,0.0,2.211475915598597,14.868,202.79332896016325
t1037,5.699999999999999,2.1,0.27653221167825026,0.0,0.0,0.513705126928821,1.48,0.6430522347646637,1.0168756713552995,24.5,0.0,94.08,45.0,7.100009285220883,0.0,7.425673904688403,14.868,204.70384843463634
t1038,0.0,2.1,0.0,0.0,0.0,1.193848176884022,1.48,0.0,1.1881185192814385,24.5,7.299732020558047,94.08,45.0,6.981311532620196,0.0,0.0,14.168147978432025,197.9911582277757
t1039,5.699999999999999,2.1,0.0,0.0,0.0,0.0,0.3054526738298533,32.33039324752095,0.0,24.5,6.000545432070829,94.08,45.0,12.717131794533746,6.25,10.405373853566067,0.0,239.38889700152143
t1040,5.699999999999999,2.1,0.0,7.635932171434227,0.0,0.0,0.7982318647505,59.00106692613111,0.0,24.5,0.0,94.08,45.0,20.0,6.25,0.0,0.0,265.0652309623158
t1041,5.699999999999999,2.1,0.0,27.89711246596486,0.0,0.0,1.4206830853093815,52.8715463195663,0.0,24.5,0.0,94.08,45.0,8.13613327417919,6.25,0.0,0.0,267.9554751450197
t1042,5.699999999999999,2.1,0.0,16.3087007739268,0.0,0.0,1.47825953241517,81.60347134950223,0.0,24.5,0.6913993617937177,94.08,45.0,10.47579158898864,6.25,0.0,0.0,288.1876226066265
t1043,5.699999999999999,2.1,0.0,13.489834104727969,0.0,0.0,1.394971708063873,89.9,0.0,24.5,9.945518833647766,94.08,45.0,0.0,6.25,26.87784155859004,0.0,319.23816620502964
t1044,5.699999999999999,2.1,0.0,26.968543536773073,0.0,0.0,0.7506745793213573,89.9,0.0,24.5,10.486989609071754,94.08,45.0,2.5376027239302905,6.25,4.759662563631702,0.0,313.03347301272817
t1045,5.699999999999999,2.1,0.0,19.535411256063306,0.0,0.0,0.3512174934930134,89.9,0.0,24.5,12.85069819247366,94.08,45.0,0.0,6.25,27.373217879425866,0.0,327.6405448214558
t1046,5.699999999999999,2.1,0.0,0.0,0.0,0.0,0.5372391731337325,89.9,0.0,24.5,11.420153026706522,94.08,45.0,0.0,6.25,56.11117796316739,0.0,335.59857016300765
t1047,0.0,2.1,0.808715828116835,0.0,0.0,0.0,0.0,82.57980615575164,0.0,24.5,1.032908143178876,94.08,45.0,3.9316801466666647,6.25,95.53600000000002,0.0,355.81911027371405
t1048,0.0,2.1,11.75474429256799,0.0,0.0,0.0,0.0,66.06263194616069,0.0,24.5,0.0,94.08,45.0,4.290992134457831,5.753067789751247,95.42556549084237,0.0,348.96700165378013
t1049,0.0,2.1,24.905842958912395,0.0,0.0,0.0,0.0,48.070382477082326,0.0,24.5,0.24515937451078426,94.08,45.0,8.52576959469879,4.1674031992039815,50.57083544010141,0.0,302.1653930445097
t1050,5.699999999999999,0.0,8.68616428903322,0.0,6.5,0.0,0.06251585437125777,75.39158288315576,10.224,24.5,3.331562679407929,94.08,8.78210215011704,19.246654268388525,6.25,62.8369566683124,0.0,325.59153879278614
t1051,5.699999999999999,2.1,29.619772439033227,0.0,6.5,0.0,0.0,80.19699914740742,10.224,24.5,4.029912508680383,94.08,45.0,20.0,6.25,49.051900442230036,0.0,377.2525845373511
t1052,5.699999999999999,2.1,23.375407069768364,0.0,6.5,0.0,0.13159772754491003,89.9,10.224,24.5,2.4159634846362303,94.08,45.0,20.0,6.25,38.867873838225826,0.0,369.0448421201753
t1053,5.699999999999999,2.1,32.66818904358508,0.0,6.5,0.0,0.2691829570858292,89.9,10.224,24.5,0.25568310911808956,94.08,45.0,20.0,6.25,22.483148031774192,0.0,359.9302031415632
t1054,5.699999999999999,2.1,13.416585317502522,0.0,6.5,0.0,0.4454851526946113,89.9,10.224,24.5,3.8949785749875465,94.08,45.0,20.0,6.25,21.312690854745288,0.0,343.32373989993
t1055,5.699999999999999,0.0,4.585969003303107,0.0,6.5,0.0,0.3633280391712944,83.63096943723997,10.224,24.5,8.240670652715496,94.08,39.52605068497803,15.87312612522694,6.25,7.89429163258063,0.0,307.36840557521543
t1056,5.699999999999999,0.0,14.192757019415913,0.0,6.5,3.701987157789947,1.48,86.6727850459665,10.224,24.5,10.839355256601893,94.08,25.836317667303803,20.0,0.0,0.0,0.4105903708838281,304.1377925179619
t1057,5.699999999999999,0.0,8.501425700181251,0.0,0.510973930548564,0.0,1.48,70.28712050693649,10.224,24.5,0.0,94.08,24.08187931468332,17.974584682419028,0.0,0.0,11.53314882117183,268.8731329559405
t1058,5.699999999999999,2.1,4.234168649726852,5.670804674579463,0.0,0.0,1.48,29.82893605406589,5.262022966216798,24.5,0.0,94.08,45.0,12.046354268594374,0.07032763819095358,0.0,14.868,244.84061425137432
t1059,5.699999999999999,2.1,0.0,10.750859009545007,0.0,0.25399173718267937,1.48,0.0,1.4296326578842322,24.5,0.0,94.08,45.0,9.720034011244982,0.0,1.4154139642929737,14.868,211.2979313801499
t1060,5.699999999999999,2.1,0.0,9.229944954944377,0.0,0.43005664509706437,1.48,0.0,1.3647224415169674,24.5,0.0,94.08,45.0,8.21868240433735,0.0,2.7911623529374228,14.868,209.76256879883317
t1061,5.699999999999999,2.1,0.0,4.104177479595553,0.0,0.4967955201592837,1.48,0.0,0.7792184399201588,24.5,0.0,94.08,45.0,7.8390555163855415,0.0,8.655739759669357,14.868,209.60298671572988
t1062,0.0,2.1,0.0,0.0,0.0,1.20303185035341,1.48,0.0,1.1409557228343314,24.5,0.0,94.08,45.0,7.78419444427739,0.0,0.0,14.12543539335801,191.41361741082315
t1063,5.699999999999999,2.1,0.0,6.646616860178041,0.0,0.0,0.2697755770954335,34.12896419048793,0.0,24.5,0.0,94.08,45.0,20.0,6.25,2.4090159690461523,0.0,241.08437259680755
t1064,5.699999999999999,2.1,0.0,24.12308261561696,0.0,0.0,1.3192747020758488,52.35692656915724,0.0,24.5,0.0,94.08,45.0,12.070683055599002,6.25,0.0,0.0,267.499966942449
t1065,5.699999999999999,2.1,0.0,19.44861988775471,0.0,0.0,1.48,46.286426707994096,0.0,24.5,0.0,94.08,45.0,20.0,5.806083708775844,0.0,0.0,264.4011303045246
t1066,5.699999999999999,2.1,0.0,27.150197079970585,0.0,0.0,0.9653556172455093,52.98523696566783,0.0,24.5,4.643699015077217,94.08,45.0,10.819592605761008,6.25,0.0,0.0,274.19408128372214
t1067,5.699999999999999,2.1,0.0,20.194358930854698,0.0,0.0,1.264755340798403,58.32931197236077,0.0,24.5,4.3412029314199705,52.5243166708037,45.0,17.792939218560633,6.25,0.0,0.0,237.9968850647982
t1068,5.699999999999999,2.1,0.0,30.60428553633531,0.0,0.0,0.5942067150499003,61.13435056076887,0.0,24.5,4.024267657962871,94.08,45.0,4.587321232811645,6.25,0.0,0.0,278.57443170292856
t1069,5.699999999999999,2.1,0.0,31.31355059889221,0.0,0.0,0.23414404039920084,71.37893259318876,0.0,24.5,5.316074983602608,94.08,45.0,12.421466128853965,6.25,21.57263278558005,0.0,319.8668011305168
t1070,5.699999999999999,2.1,0.0,0.0,0.0,0.0,0.4472778956886226,81.11299180796453,0.0,24.5,6.225187186703462,53.30798574574989,45.0,16.094576125587857,6.25,57.6175141726681,0.0,298.35553293436243
t1071,5.699999999999999,2.1,0.0,9.182807315924812,0.0,0.0,0.06026152842315433,82.4129863959586,0.0,24.5,8.360461696103632,94.08,45.0,5.585190710670065,6.25,53.732590934067034,0.0,336.9642985811473
t1072,0.0,2.1,1.3707202254582256,0.0,0.0,0.0,0.0,74.75618222238542,0.0,24.5,0.0,94.08,45.0,6.590507446586347,5.53456231711443,73.1886604487262,0.0,327.1206326602706
t1073,0.0,2.1,14.081981229325287,0.0,0.0,0.0,0.0,54.895461800552006,0.0,24.5,0.0,94.08,45.0,11.16974757228916,4.370727491243782,70.8875016217204,0.0,321.0854197151306
t1074,5.699999999999999,0.0,10.516499043142,0.0,6.5,0.0,0.0,67.16708127368851,10.224,24.5,0.0,94.08,35.153609453778074,19.9531095962249,6.064515637014926,52.65950518156412,0.0,332.51832018541256
t1075,5.699999999999999,0.0,2.080055923423955,0.0,6.5,0.0,0.25722616124625547,79.2441231981228,10.224,24.5,1.260583171639259,94.08,41.619130802442896,20.0,5.839954217689683,24.791869967238757,0.0,316.0969434418036
t1076,5.699999999999999,2.1,15.536816938851954,0.0,1.913270454843512,0.0,0.0,89.9,10.224,24.5,2.2583302592924737,94.08,45.0,20.0,2.441303158582737,58.838817338887345,0.0,372.492538150458
t1077,5.699999999999999,2.1,26.237705659899298,0.0,3.0174435230998644,0.0,0.0,89.9,10.224,24.5,4.3683766816143486,94.08,45.0,20.0,4.289128848028869,13.408445534856872,0.0,342.8251002474993
t1078,5.699999999999999,0.0,4.087354703202417,0.0,5.273983109786391,0.0,0.19288003049985553,89.9,10.224,24.5,7.632783258594918,94.08,35.472868312724366,20.0,6.25,12.904912576906767,0.0,316.2187819917147
t1079,5.699999999999999,0.0,4.75123443211913,0.0,6.5,0.0,0.49807299425611484,89.9,10.224,24.5,11.225398106626805,94.08,24.225515850024617,20.0,6.041408108844213,0.0,0.0,297.6456294918709
t1080,5.699999999999999,0.0,6.60505212055961,0.0,6.5,3.8583721254355408,1.48,79.44871220537796,10.224,24.5,13.730554060787245,94.08,14.210050720666825,20.0,0.0,0.0,4.457772098788489,284.79451333161563
t1081,5.699999999999999,0.0,4.542442820020124,0.0,0.34370900855560915,0.0,1.48,62.018779926989446,10.224,24.5,0.0,94.08,39.13768761266873,16.63083214896998,0.0,0.0,13.473712516762662,272.13116403396657
t1082,5.699999999999999,2.1,0.0,6.971285703174925,0.0,0.03330044798407233,1.48,0.0,1.0402504319361283,24.5,0.0,94.08,45.0,11.613669042088354,0.0,1.295871636457538,14.868,208.68237726164102
t1083,5.699999999999999,2.1,0.0,4.267977310859469,0.0,0.30194932802389324,1.48,0.0,1.415115710978045,24.5,0.0,94.08,45.0,9.140212969799196,0.0,7.416413419819368,14.868,210.26966873947995
t1084,0.0,2.1,5.3712061634239765,0.0,0.0,0.4780966650074673,1.48,0.0,1.4411655552894211,24.5,0.0,94.08,45.0,8.740836736862768,0.0,0.0,12.512960298860218,195.70426541944386
t1085,0.0,2.1,2.6178369212890287,0.0,0.0,0.5632853160776522,1.48,0.0,1.0093959504990033,24.5,0.0,94.08,45.0,9.408300412686325,0.0,0.0,10.155598954589868,190.91441755514188
t1086,0.0,2.1,2.1337370992221847,0.0,0.0,0.0,1.48,0.0,0.9196097588822364,24.5,0.0,94.08,45.0,14.234127239919678,1.391191258905474,0.0,0.0,185.83866535692957
t1087,5.699999999999999,2.1,0.0,10.040414172225514,0.0,0.0,0.7651775150099805,27.955334309502216,0.0,24.5,0.0,94.08,45.0,20.0,6.25,5.186772948624928,0.0,241.57769894536264
t1088,5.699999999999999,2.1,0.0,16.216677206765585,0.0,0.0,1.0871995294211576,48.26754690270086,0.0,24.5,0.0,94.08,45.0,10.810383517450209,6.25,0.0,0.0,254.01180715633782
t1089,5.699999999999999,2.1,0.0,29.886895266508414,0.0,0.0,1.48,55.03068665863974,0.0,24.5,0.0,94.08,45.0,15.641229210040155,6.25,0.0,0.0,279.6688111351883
t1090,5.699999999999999,2.1,0.0,40.43508727378078,0.0,0.0,1.48,58.08153912591426,0.0,24.5,2.0621335886502767,72.10068575316555,45.0,5.20111582406372,6.25,0.0,0.0,262.9105615655746
t1091,5.699999999999999,2.1,0.0,37.85757909609364,0.0,0.0,1.48,52.166905501577155,0.0,24.5,0.5841635990366273,22.459892625887544,45.0,0.0,6.25,0.0,0.0,198.09854082259497
t1092,5.699999999999999,2.1,0.0,34.336730306691415,0.0,0.0,1.4331721072654693,52.83534466881223,0.0,24.5,0.20588261559458113,94.08,45.0,8.57821101513942,6.25,0.0,0.0,275.0193407135031
t1093,5.699999999999999,2.1,0.0,42.11611081681503,0.0,0.0,0.7128721841117756,55.291862693356336,0.0,24.5,0.7255685162468646,76.25028203542799,45.0,6.189763458257225,6.25,11.977869046170152,0.0,276.81432875038536
t1094,5.699999999999999,2.1,0.0,34.122285611355096,0.0,0.0,0.9025489535728536,46.415020761103996,0.0,24.5,2.3651866433416946,21.863251082996143,45.0,3.251879842197376,6.25,30.46391925282623,0.0,222.93409214739341
t1095,2.6033578621297657,2.1,0.0,0.0,0.0,0.0,0.6017321871057879,41.85624268876294,0.0,24.5,4.674402696096335,94.08,45.0,3.778709615157475,6.25,73.175572307658,0.0,298.6200173569103
t1096,0.0,2.1,42.33190331210473,0.0,0.0,0.0,0.24988468211576825,37.30687363397733,0.0,24.5,1.8022448907025268,94.08,45.0,12.015747542640849,6.25,88.38010072586343,0.0,354.01675478740464
t1097,0.0,2.1,43.54,0.0,0.0,0.0,0.0,30.573729093721045,0.0,24.5,0.0,94.08,45.0,9.0092420237751,5.628158337014929,48.00725079136868,0.0,302.4383802458797
t1098,5.699999999999999,0.0,19.847509554843896,0.0,6.5,0.0,0.5483118623552892,72.68425251492643,10.224,24.5,0.0,94.08,25.628654788719754,17.030524703392413,6.25,67.95783061397455,0.0,350.95108403821234
t1099,5.699999999999999,2.1,0.6624043918227555,0.0,6.5,0.0,0.2194835190419166,80.98884202898024,10.224,24.5,3.5447037496163456,94.08,45.0,18.076759987919722,6.25,41.497327543877,0.0,339.343521221258
t1100,5.699999999999999,2.1,9.094617543081588,0.0,3.330022285941394,0.0,0.0,89.9,10.224,24.5,4.413841968310915,94.08,45.0,20.0,4.81208039864736,31.49888619152563,0.0,344.6534483875069
t1101,5.699999999999999,2.1,5.8762670899093745,0.0,4.458467672925999,0.0,0.0,89.9,10.224,24.5,6.734530144494273,94.08,45.0,20.0,6.25,13.03929319306455,0.0,327.8625581003942
t1102,5.699999999999999,2.0980293219991806,14.921990004091814,0.0,6.5,0.0,0.7284563469697617,89.81452387864029,10.224,24.5,9.316012954658692,94.08,45.0,14.970181545068632,6.25,0.0,0.0,324.1031940514284
t1103,5.699999999999999,0.0,0.0,0.0,6.5,0.16871763400222375,1.48,83.5417645426687,10.224,24.5,12.338931738913798,94.08,36.7838748862808,16.282263855982716,3.9265118149748677,0.0,0.0,295.52606447282307
t1104,5.699999999999999,0.0,4.606408580342393,0.0,6.5,0.0,1.48,79.36986465712835,10.224,24.5,12.889834273459162,94.08,30.1697699213845,20.0,4.79290945273632,0.0,7.952060945423767,302.2648478304744
t1105,5.699999999999999,2.1,2.70833003049346,0.0,0.0,0.18758437033349998,1.48,40.035687263643474,6.687862447959344,24.5,0.0,94.08,45.0,18.580194297569932,0.0,0.0,7.882012417457819,248.9416708274575
t1106,5.699999999999999,2.1,0.07449720068479858,0.0,0.0,0.43013997013439625,1.48,0.0,1.1453510882235527,24.5,0.0,94.08,45.0,12.889003149292783,0.0,0.0,11.221756566951337,198.6207479752869
t1107,0.0,2.1,2.63025148064451,0.0,0.0,0.6617217521154815,1.48,0.0,1.4906614195608787,24.5,0.0,94.08,45.0,12.824026221256414,0.0,0.0,6.777859272658678,191.54452014623595
t1108,0.0,2.1,3.463431055628901,0.0,0.0,0.0,1.48,0.0,1.4796674075848293,24.5,0.0,94.08,45.0,15.479239519678714,0.9014328358208968,0.0,0.0,188.4837708187133
t1109,0.0,2.1,0.0,0.0,0.0,0.6950598850853709,1.48,0.0,1.1174978427145719,24.5,0.0,94.08,45.0,15.082948875341362,0.2288327754911514,0.0,0.0,184.28433937863247
t1110,0.0,2.1,7.412600938907433,0.0,0.0,0.0,1.48,0.0,1.2602778323353299,24.5,0.0,94.08,45.0,14.12641145196787,1.7972400151243786,0.0,0.0,191.756530238335
t1111,5.699999999999999,2.1,0.0,23.013248775272018,0.0,0.0,0.9314513673053889,31.472780790330223,0.0,24.5,0.0,94.08,45.0,14.587381149309703,6.25,10.699347497718518,0.0,258.3342095799358
t1112,5.699999999999999,2.1,0.0,49.28519975760866,0.0,0.0,1.48,47.25952299062594,0.0,24.5,0.0,94.08,45.0,10.045399689076305,6.25,0.0,0.0,285.7001224373109
t1113,5.699999999999999,2.1,0.0,44.91178783133531,0.0,0.0,1.48,51.650687905766404,0.0,24.5,0.0,94.08,45.0,7.550627061035838,5.224413027227076,0.0,0.0,282.1975158253646
t1114,5.699999999999999,2.1,0.0,49.167621766053394,0.0,0.0,1.37768058925038,64.64199082294726,0.0,24.5,2.2055385136621726,94.08,45.0,7.279761256723135,5.974026811072436,0.0,0.0,302.0266197597088
t1115,5.699999999999999,2.1,0.0,65.617483768445,0.0,0.0,1.48,74.0867854651454,0.0,24.5,3.0296919759959855,51.20194574710923,45.0,3.221946248433733,5.2793580310447785,0.0,0.0,281.217211236174
t1116,5.699999999999999,2.1,0.0,47.7089082474155,0.0,0.0,1.48,89.9,0.0,24.5,2.876858057280481,32.88635790697848,45.0,0.0,4.9378028472077435,0.0,0.0,257.0899270588822
t1117,5.699999999999999,2.1,0.0,52.24249759876432,0.0,0.0,1.48,89.9,0.0,24.5,3.7615063262217747,94.08,45.0,0.5162969702811241,5.0972538594029855,0.0,0.0,324.3775547546702
t1118,5.699999999999999,2.1,0.0,59.723003071691394,0.0,0.0,0.9232730833000375,89.9,0.0,24.5,5.984679291891624,94.08,45.0,0.0,5.826603039834236,0.0,0.0,333.7375584867173
t1119,5.699999999999999,2.1,0.0,47.12749751473788,0.0,0.0,0.5183573368063875,82.72183297999015,0.0,24.5,5.500230838764331,94.08,45.0,0.0,6.25,14.922140264015372,0.0,328.4200589343141
t1120,5.699999999999999,2.1,0.0,27.37123563770525,0.0,0.0,0.12837170806387205,68.95757815689502,0.0,24.5,0.0,94.08,45.0,0.0,6.25,45.398410954628396,0.0,319.48559645729256
t1121,5.699999999999999,2.1,0.0,4.7414620683283975,0.0,0.0,0.0,49.41929504603254,0.0,24.5,0.0,94.08,45.0,3.5279511056224893,5.282642462786072,85.78560757929775,0.0,320.13695826206725
t1122,5.699999999999999,2.1,0.0,8.072243630108787,0.0,0.0,0.0,0.0,2.1199817635129725,24.5,0.0,94.08,45.0,16.134173640240963,2.4802439952238817,44.735081851795954,0.0,244.92172488088255
t1123,5.699999999999999,2.1,2.185132102269205,0.0,6.5,0.0,0.6896014243687384,77.6302689836327,10.224,24.5,1.1485901472247182,94.08,45.0,20.0,5.511584751754318,41.27743952985818,0.0,336.5466169391078
t1124,5.699999999999999,2.1,5.844812910654589,0.0,3.161295672131156,0.0,0.0,89.9,10.224,24.5,2.7388683483408087,94.08,45.0,20.0,4.769181821670345,18.965698817319378,0.0,326.9838575701163
t1125,5.699999999999999,2.1,2.526291259093652,0.0,5.200092256731249,0.0,0.0,89.9,10.224,24.5,5.511326357747885,94.08,45.0,20.0,6.25,3.7625189995161565,0.0,314.75422887308895
t1126,5.699999999999999,2.1,0.0,0.0,6.5,0.0,0.851002917165669,89.75393012805682,10.224,24.5,8.0704105630294,94.08,45.0,20.0,6.25,0.0,0.0,313.0293436082519
t1127,5.699999999999999,2.1,0.0,0.0,6.5,0.0,1.48,83.8619058743785,10.224,24.5,10.862674638764329,94.08,45.0,15.207052844257024,5.282598315920398,0.0,0.0,304.79823167332023
t1128,5.699999999999999,0.0,0.0800103924840498,0.0,6.5,0.0,1.2068346227810351,82.12572554074073,10.224,24.5,13.26193423019432,94.08,30.378843105494152,20.0,5.3690709153567235,2.9566850314839668,0.0,296.38310383853496
t1129,5.699999999999999,2.1,0.0,0.3859905435805883,1.3406329936024228,0.0,1.48,70.22861226858403,10.224,24.5,0.0,94.08,45.0,20.0,1.244754212892467,7.837516208253983,7.4532837209667715,291.5747899478803
t1130,5.699999999999999,2.1,1.9804789272293926,0.0,0.0,0.46395828770532627,1.48,1.4594926878653813,1.7438316396023592,24.5,0.0,94.08,45.0,18.46440564498686,0.0,0.0,4.405439530863952,201.3776067182533
t1131,5.699999999999999,2.1,3.522939701807346,0.0,0.0,0.7233392732702851,1.48,0.0,1.7354641197604792,24.5,0.0,94.08,45.0,12.290815575802778,0.0,0.0,11.147363867447892,202.27992253808878
t1132,0.0,2.1,0.0,0.0,0.0,0.901028571428572,1.48,0.0,1.8121309764471074,24.5,0.0,94.08,45.0,14.797077126152383,0.0,0.0,3.4579603307113755,188.12819700473943
t1133,0.0,2.1,0.0,0.0,0.0,1.0324679940268797,1.48,0.0,1.7368919297405203,24.5,0.0,94.08,45.0,14.96761008188234,0.0,0.0,1.3991329961521415,186.29610300180187
t1134,0.0,2.1,14.707633548076545,0.0,0.0,0.0,1.48,16.748503571257974,0.3745253252252435,24.5,0.0,94.08,45.0,13.423449425622488,2.062637030049752,0.0,0.0,214.476748900232
t1135,5.699999999999999,2.1,10.104469060254893,14.26840189291459,0.0,0.0,1.48,46.76563417106951,0.0,24.5,0.0,94.08,45.0,6.314912057188754,2.385269865870648,0.0,0.0,252.6986870472984
t1136,5.699999999999999,2.1,26.41734174948334,18.397444850706965,0.0,0.0,1.48,89.9,2.771153806332666,24.5,4.570904777591572,94.08,45.0,12.02755283844524,3.110965991243783,0.0,0.0,330.05536401380357
t1137,5.699999999999999,2.1,41.168260532907496,0.0,0.0,0.0,1.48,89.9,7.664849919438877,24.5,4.821429379337685,94.08,45.0,4.391275652128516,4.360913560895525,0.0,0.0,325.1667290447081
t1138,5.699999999999999,2.1,19.597361271958064,17.755333454130355,0.0,0.0,1.48,89.9,5.02017361707553,24.5,4.309092600541898,36.50050023062047,45.0,3.929800096947789,3.250672458905473,0.0,0.0,259.0429337301796
t1139,5.699999999999999,2.1,13.40422135858127,25.264856249167078,0.0,0.0,1.48,89.9,0.0,24.5,4.281575892132462,23.869117478189423,45.0,0.0,3.8042299788059712,0.0,0.0,239.30400095687622
t1140,5.699999999999999,2.1,25.4179971100298,0.0,0.0,0.0,0.645659504208418,89.9,4.880622143406814,24.5,4.269332038645255,26.181524954784873,45.0,0.0,4.359449515580014,0.0,0.0,232.9545852666552
t1141,5.699999999999999,2.1,0.0,33.64872335837786,0.0,0.0,1.48,89.9,5.129744775190381,24.5,4.8034394144606125,94.08,45.0,3.5556775377509995,2.6594837101492548,0.0,0.0,312.55706879592907
t1142,5.699999999999999,2.1,0.0,46.817621159762645,0.0,0.0,1.48,89.9,0.0,24.5,6.773755496397389,70.3466595450947,45.0,12.13107296136546,3.4369158998205713,0.0,0.0,308.1860250624408
t1143,5.699999999999999,2.1,0.0,34.71307048043522,0.0,0.0,0.6317848817165668,89.9,1.5649454647759389,24.5,2.1948994312306795,94.08,45.0,2.197176803547923,6.25,21.467817404259737,0.0,330.29969446596607
t1144,5.699999999999999,2.1,0.0,13.181172016577662,0.0,0.0,0.3360371771257486,78.7463894842977,0.0,24.5,0.0,94.08,45.0,3.6672747981295224,6.25,55.12932340624856,0.0,328.6901968823792
t1145,0.0,2.1,2.679344005276954,0.0,0.0,0.0,0.0,56.89746458767868,0.0,24.5,0.0,94.08,45.0,8.757541679759033,5.60125087432836,90.29498559850587,0.0,329.9105867455489
t1146,5.699999999999999,2.1,1.1054098420543792,0.0,0.0,0.0,0.0,1.5418041844966988,2.812515592982516,24.5,0.0,94.08,45.0,16.794008880883535,2.536550462885574,49.901612945654,0.0,246.07190190895668
t1147,5.699999999999999,2.1,6.023911805077998,0.0,6.5,0.0,0.23323042522954085,82.87884749607305,10.224,24.5,0.3704092195283494,94.08,45.0,19.598901565102242,6.25,45.287060182677756,0.0,348.7463606936889
t1148,5.699999999999999,2.1,8.390923686082573,0.0,4.057976154992563,0.0,0.0,89.9,10.224,24.5,1.1072400749377171,94.08,45.0,11.822875951244981,5.6504562646269525,12.598815245316347,0.0,315.1322873772012
t1149,5.699999999999999,2.1,2.435298308439061,0.0,6.5,0.0,1.48,88.90069353465246,10.224,24.5,3.887284504235176,94.08,45.0,20.0,3.956554178211745,3.0428342792310996,0.0,311.8066648047695
t1150,5.699999999999999,1.9019008867070137,0.0,0.0,6.5,0.0,1.48,83.7334135395231,10.224,24.5,6.994496263079223,94.08,39.90584354176651,20.0,3.6362626865671652,10.129689793936777,0.0,308.7856067115798
t1151,5.699999999999999,0.0,0.0,0.0,6.5,0.0,1.48,79.49758348209033,10.224,24.5,0.0,94.08,44.11346273718901,20.0,4.298406965174132,7.0318154936317985,0.0,297.42526867808533
t1152,5.699999999999999,0.0,0.6881976513207196,0.0,6.5,0.0,1.48,84.43349124261796,10.224,24.5,0.0,94.08,45.0,20.0,4.674297512437812,0.0,5.361465590214402,302.6414519965909
t1153,5.699999999999999,2.1,0.8572001211278989,0.0,0.0,0.33260219014435133,1.48,32.28218745381471,5.893776914933498,24.5,0.0,94.08,45.0,18.574152436849666,0.0,0.0,8.482595247785532,239.28251436465564
t1154,5.699999999999999,2.1,1.1055831973386196,0.0,0.0,0.5363838725734209,1.48,0.0,1.8188717796407194,24.5,0.0,94.08,45.0,11.962530265702812,0.0,1.3106812504762213,14.868,204.46205036573178
t1155,0.0,2.1,0.6851960929305174,0.0,0.0,0.7418732702837234,1.48,0.0,2.122006653892216,24.5,0.0,94.08,45.0,12.753453444166489,0.0,0.0,8.880301388497287,192.34283084977022
t1156,0.0,2.1,4.213403752073872,0.0,0.0,0.0,1.48,0.0,2.185795077045908,24.5,0.0,94.08,45.0,15.930888124497988,1.1241383084577123,0.0,0.0,190.61422526207548
t1157,0.0,2.1,10.758744140992093,0.0,0.0,0.0,1.48,0.0,2.015989734131737,24.5,0.0,94.08,45.0,14.595389538795178,1.230747263681593,0.0,0.0,195.7608706776006
t1158,0.0,2.1,15.544006102114809,0.0,0.0,0.0,0.0,22.837894704721545,0.0,24.5,0.0,94.08,45.0,15.035838819598396,5.897470860895523,7.027955152671175,0.0,232.02316564000145
t1159,5.699999999999999,2.1,17.671966513088393,0.0,0.0,0.0,1.48,47.74080057032037,0.0,24.5,0.0,94.08,45.0,4.4494598754216845,2.4719494678606972,0.0,0.0,245.19417642669117
t1160,5.699999999999999,2.1,16.43781118437521,13.775925786600897,0.0,0.0,1.48,89.9,3.096448717515032,24.5,4.75580011077772,53.37967308463429,45.0,3.4187687428112405,2.8752684788059715,0.0,0.0,266.4196961055204
t1161,5.699999999999999,2.1,23.205096349195635,0.0,0.0,0.0,1.48,89.9,1.8791224729058127,24.5,4.158251819468139,94.08,45.0,7.361637352413518,3.156950070845773,0.0,0.0,302.5210580648289
t1162,5.699999999999999,2.1,10.386305436657576,20.739529196804305,0.0,0.0,1.48,89.9,1.0039874690581154,24.5,3.805314140953334,23.916039401804525,45.0,4.275974313656331,2.9876028071641803,0.0,0.0,235.79475276609838
t1163,5.699999999999999,2.1,19.98897189978511,2.401019205635208,0.0,0.0,1.48,89.9,0.0,24.5,3.17780020335173,94.08,45.0,13.347749235903612,3.7905334613930375,0.0,0.0,305.46607400606865
t1164,5.699999999999999,2.1,0.0,38.41997016930868,0.0,0.0,1.48,89.9,5.010510301162324,24.5,3.8309205883492186,8.200884979150175,45.0,5.089540257670682,3.405681720099505,0.0,0.0,232.63750801574056
t1165,5.699999999999999,2.1,0.0,45.56522336557861,0.0,0.0,1.141261129221558,89.9,0.0,24.5,5.480496652654291,28.891571082574576,45.0,5.883470733210264,6.25,5.4101584305024595,0.0,265.8221813937418
t1166,5.699999999999999,2.1,0.0,35.200092733808106,0.0,0.0,0.922138574331338,89.9,0.0,24.5,7.284774868590066,75.15533505154471,45.0,0.0,6.25,31.464862226619754,0.0,323.4772034548939
t1167,5.699999999999999,2.1,0.0,24.850738637151323,0.0,0.0,0.5910152210379239,89.9,0.0,24.5,7.353028278824104,94.08,45.0,0.0,6.25,50.099724893558204,0.0,350.4245070305716
t1168,5.699999999999999,2.1,0.0,6.0136455788328265,0.0,0.0,0.14283877393213626,79.45779855668803,0.0,24.5,0.0,94.08,45.0,0.5900396166580859,6.25,86.02937382125631,0.0,349.8636963473674
t1169,0.0,2.1,6.535726318509585,0.0,0.0,0.0,0.0,62.00730284652538,0.0,24.5,0.0,94.08,45.0,7.911925439598394,5.274898184179105,95.53600000000002,0.0,342.9458527888125
t1170,5.699999999999999,2.1,6.1406241965357555,0.0,0.0,0.0,0.0,52.59821451596003,9.914463934152193,24.5,0.0,94.08,45.0,16.958944174859436,2.3978240947263685,79.06539666110432,0.0,338.45546757733814
t1171,5.699999999999999,1.3299915005530598,1.521127766834753,0.0,6.5,0.0,0.4812262849611768,80.86304376558091,10.224,24.5,0.6749671863677104,94.08,45.0,7.978262839214349,6.25,62.960695768410154,0.0,348.0633151119221
t1172,5.699999999999999,2.1,13.661127110050339,0.0,4.153145883358175,0.0,0.0,89.9,10.224,24.5,2.010350079362232,94.08,45.0,20.0,5.375637990712857,53.538967697429236,0.0,370.24322876091287
t1173,5.699999999999999,2.1,7.812961953957693,0.0,5.471255409041239,0.0,0.0,89.9,10.224,24.5,4.589600398604884,94.08,45.0,20.0,6.25,15.732611579516096,0.0,331.3604293411199
t1174,5.699999999999999,0.0,2.174007271178227,0.0,6.5,0.0,0.3165305389221561,86.3191673501776,10.224,24.5,7.755267563527656,94.08,37.92932604005328,14.001963959589737,6.25,21.815807761612895,0.0,317.5660704850616
t1175,5.699999999999999,0.0,12.605864773695863,0.0,6.5,0.0,1.48,80.45890094205986,10.224,24.5,6.417713004484305,94.08,23.625806156289425,20.0,4.00186169154229,7.093076289135406,3.212185122351524,299.89940797955865
t1176,5.699999999999999,0.0,6.336219255065453,0.0,4.029530854081815,0.0,1.48,69.50655740589056,10.224,24.5,6.711112784832857,94.08,30.931925745780617,20.0,2.6188382728896182,0.0,9.889805222517625,286.0079895410585
t1177,5.699999999999999,2.1,10.152382397059409,0.0,0.0,0.0,0.0,35.12909864975197,6.096705119269128,18.957336412912248,11.701985119157044,94.08,0.0,19.19948617381526,6.25,29.278888406774165,0.0,238.64588227873924
t1178,5.699999999999999,0.0,8.425010795850941,0.0,0.0,0.20480930565512764,1.238207524408818,0.0,0.6102351489021948,24.5,0.0,79.87516274752869,1.021853777482154,20.0,0.0,31.645904090967715,0.0,173.22118339079563
t1179,5.699999999999999,0.0,5.7319634645317175,0.0,0.0,0.0,0.0,0.0,0.8984106075848303,0.0,0.0,48.22379896299596,0.0,19.704223397429715,3.1320398009950257,28.030307132596672,0.0,111.42074336613392
t1180,5.699999999999999,0.0,4.602390453454177,0.0,0.0,0.0,0.0,0.0,0.920222792814371,0.0,0.0,94.08,11.122610212863234,18.554003245140564,3.399607960199007,25.17217885774515,0.0,163.5510135222165
t1181,5.699999999999999,0.0,3.0878949851762254,0.0,0.0,0.0,0.0,0.0,0.21438418363273717,0.0,0.0,94.08,4.655366100067591,18.494636380080323,3.4652378109452746,26.879962319628145,0.0,156.57748177953027
t1182,0.8351371808340197,2.1,0.5256103159064665,0.0,0.0,0.0,0.0,21.40728797577132,0.0,24.5,0.0,0.0,45.0,18.085946184658635,4.005800214129355,23.36762327165187,0.0,139.82740514295168
t1183,5.699999999999999,2.1,0.0,0.14195852696341144,0.0,0.0,0.15119449708582847,89.9,8.434486162805612,0.0,0.0,61.27744712817807,45.0,13.43374954351073,6.25,40.47862880677142,0.0,272.8674646653151
t1184,5.699999999999999,2.1,0.0,4.701940605064311,0.0,0.0,0.43398836784182876,89.9,9.719265793787574,0.0,0.0,0.0,45.0,11.640988032696324,6.25,82.85727381047388,0.0,258.30345660986393
t1185,5.699999999999999,2.1,0.0,12.705195287319508,0.0,0.0,0.4510055174451096,89.9,8.134199225010018,0.0,0.0,66.00880281230766,45.0,5.860014487931288,6.25,78.02833416333183,0.0,320.1375514933454
t1186,5.699999999999999,2.1,0.0,11.09529461463898,0.0,0.0,0.41534683481037904,89.9,2.6317343395000634,0.0,0.0,25.040447277085036,45.0,0.37870467136394004,6.25,89.45112689534358,0.0,277.962654632742
t1187,5.699999999999999,2.1,0.0,21.41513420456981,0.0,0.0,0.1642514256287421,89.9,1.2251617557515035,0.0,0.0,0.0,45.0,7.768189973217901,6.25,95.53600000000002,0.0,275.058737359168
t1188,5.699999999999999,2.1,0.0,5.929822691897104,0.0,0.0,0.0,89.9,6.987636796793588,14.84376258100425,6.525022759711019,0.0,45.0,0.0,6.25,95.53600000000002,0.0,278.77224482940596
t1189,5.699999999999999,2.1,0.0,13.35468910136499,0.0,0.0,0.0,89.9,7.645228743887774,14.336871906997022,7.938582236352769,0.0,45.0,0.0,5.822055849452738,95.53600000000002,0.0,287.3334278380553
t1190,5.699999999999999,2.1,0.0,0.0,0.0,0.0,0.0,89.9,3.25374883046092,0.0,3.629922443338311,0.0,45.0,11.476578297670683,4.946126496218906,95.53600000000002,0.0,261.54237606768885
t1191,5.699999999999999,2.1,6.064552200563951,0.0,0.0,0.0,0.0,89.9,5.400742309418841,0.0,0.0,0.0,45.0,18.42610262658635,3.768813063383086,95.53600000000002,0.0,271.89621019995224
t1192,5.699999999999999,2.1,0.0,10.007147841084537,0.0,0.0,0.0,89.9,7.074917004128255,24.5,0.0,94.08,45.0,9.879573902088353,2.4702867812935314,86.63915029704415,0.0,377.35107582563876
t1193,5.699999999999999,2.1,0.0,15.7813615163996,0.0,4.592133282504657,0.0,0.0,2.44312619161677,24.5,0.0,94.08,37.94260034038289,13.828106568674695,6.025002848439344,95.53600000000002,0.0,302.52833074801794
t1194,5.699999999999999,0.0,23.04247329760323,0.0,6.5,1.1605700949974873,0.0,65.82038682516487,10.224,24.5,1.2182415928650305,94.08,17.601171219791443,20.0,6.25,95.53600000000002,13.178915032429781,384.8117580628518
t1195,5.699999999999999,2.1,18.342639177916563,0.0,6.5,0.0,1.48,89.9,10.224,24.5,0.0,94.08,45.0,17.364469327791163,6.25,95.53600000000002,0.0,416.9771085057077
t1196,5.699999999999999,2.1,43.54,0.0,4.971440362606943,0.0,1.48,78.94347392913808,10.224,24.5,0.2049706028898875,94.08,45.0,7.2475754037751,6.25,95.53600000000002,0.0,419.77746029841
t1197,5.699999999999999,2.1,23.3497756498288,0.0,5.486597986914945,0.0,1.48,89.9,10.224,24.5,2.6040627802690595,94.08,45.0,16.783455323641366,6.25,95.53600000000002,0.0,422.9938917406542
t1198,5.699999999999999,2.1,14.959179476616306,0.0,3.0238571718671374,0.0,1.48,89.9,10.224,24.5,6.625571499750871,94.08,45.0,7.669007750120483,6.25,56.107895617779334,0.0,367.61951151613414
t1199,5.699999999999999,2.1,13.443766743503405,0.0,2.694100249389712,0.0,1.48,89.9,10.224,24.5,10.125215744892877,94.08,45.0,19.560154191004017,6.25,50.40243720693544,0.0,375.45967413572544
t1200,5.699999999999999,0.0,17.48016286030211,0.0,2.356891494715651,0.0,1.48,63.795312795488364,10.224,24.5,13.006397608370703,94.08,32.60327684899295,9.873416870811075,6.25,36.59416301338706,0.0,317.9436214920679
t1201,5.699999999999999,0.0,13.502922175508544,0.0,0.0,0.0,0.0,49.91756498581025,7.6787082596621925,24.5,14.204203288490286,94.08,0.5134136108084327,19.116513814457832,6.25,22.893727116451586,0.0,258.35705325118914
t1202,5.699999999999999,0.0,9.736245438348444,0.0,0.0,0.0,0.686179296365547,0.0,0.18154339001996012,0.0,0.029181384696452334,94.08,0.0,20.0,0.9755879229893584,22.385222949073516,0.0,153.77396038149328
t1203,5.699999999999999,0.0,7.483331037542803,0.0,0.0,0.0,0.0,0.0,0.574771029141716,24.5,0.0,60.618253483967585,0.0,19.73035551373494,3.00674328358209,12.95306233005775,0.0,134.5665166780269
t1204,5.699999999999999,0.0,5.969554602497466,0.0,0.0,0.0,0.0,0.0,0.5837920351297415,0.0,0.0,94.08,13.835162910030638,18.620682526265064,3.306988059701494,11.402411439350015,0.0,153.4985915729744
t1205,5.699999999999999,0.0,5.400757019415906,0.0,0.0,0.0,0.0,0.0,0.10057656047904134,0.0,0.0,45.337554435029546,7.549528371555921,18.375806643534137,3.422178109452737,15.796957745614778,0.0,101.68335888508206
t1206,0.0,2.1,1.5624716238872176,0.0,0.0,0.0,0.0,15.205549787552693,0.7675036809068497,0.0,0.0,0.0,45.0,17.8929230686747,3.929971358407961,18.255052198471354,0.0,104.7134717179008
t1207,5.699999999999999,2.1,1.5355223056998981,0.0,0.0,0.0,0.17254973122656256,89.9,8.360206445691386,0.0,0.0,94.08,45.0,20.0,6.25,21.557947244263612,0.0,294.6562257268815
t1208,5.699999999999999,2.1,0.0,3.198370058199843,0.0,0.0,0.25608815217564873,89.9,5.182430712005077,0.0,0.0,0.0,45.0,20.0,6.25,52.643112230904904,0.0,230.23000115328549
t1209,5.699999999999999,2.1,0.0,13.315907360356075,0.0,0.0,0.5149105074650704,89.9,2.067409041282566,0.0,0.0,63.84627137101211,45.0,20.0,6.25,75.45072035798933,0.0,324.1452186381051
t1210,5.699999999999999,2.1,0.0,13.597981073669644,0.0,0.0,0.8275788936926148,89.9,6.875471139438878,0.0,0.0,0.0,45.0,20.0,6.25,24.017933504770305,0.0,214.26896461157142
t1211,5.699999999999999,2.1,0.0,33.71650856328387,0.0,0.0,0.23262068710578773,89.9,0.30818710525049764,0.0,1.2896953859093037,0.0,45.0,8.46155163917354,6.25,91.6890210636576,0.0,284.64758444438064
t1212,5.699999999999999,2.1,0.0,22.22455920712959,0.0,0.0,0.0,89.9,5.857561858236473,0.0,6.70644111251619,0.0,45.0,16.52488284297189,6.25,29.44592463172685,0.0,229.70936965258102
t1213,5.699999999999999,2.1,0.0,0.0,0.0,0.0,0.05393892212424835,89.9,0.5266365804809617,13.571544481667777,6.453879612556063,0.0,45.0,20.0,6.25,95.53600000000002,0.0,285.09199959682906
t1214,5.699999999999999,2.1,0.0,0.0,0.0,0.0,0.0,89.9,7.661496966853707,0.0,0.0,0.11446637417002649,45.0,10.968943792847679,5.972121521094529,95.53600000000002,0.0,262.9530286549659
t1215,5.699999999999999,2.1,3.19538409889223,0.0,0.0,0.0,0.0,89.9,9.428890932625247,0.0,0.0,38.853732342753084,45.0,10.223191237991967,5.326930476318408,73.04450088732,0.0,282.77262997590094
t1216,5.699999999999999,2.1,0.0,2.4059639807000077,0.0,0.0,0.0,89.9,5.29477756188377,24.5,0.0,82.29361020598053,45.0,12.141200153333333,4.204449879303484,78.49655751721873,0.0,352.03655929841983
t1217,0.0,2.1,0.0,7.410263593550918,0.0,0.0,0.0,0.0,4.418173495409182,24.5,0.0,94.08,45.0,12.877015022329314,2.84899921910448,90.93825054337914,0.0,284.17270187377306
t1218,5.699999999999999,0.0,24.792022139496463,0.0,4.098175969618256,0.0,1.48,89.9,10.224,24.5,2.026997171891617,94.08,40.082729653328336,6.002855276637827,6.25,92.09581973581186,0.0,401.2325999467844
t1219,5.699999999999999,2.1,17.017734517824785,0.0,5.552827700291895,0.0,1.48,89.9,10.224,24.5,0.0,94.08,45.0,13.463110018188749,6.25,95.53600000000002,0.0,410.80367223630543
t1220,5.699999999999999,2.1,28.893451379939577,0.0,4.189000000251633,0.0,1.48,89.9,10.224,24.5,0.0,94.08,45.0,8.03653639317269,6.25,91.85111513822586,0.0,412.20410291158976
t1221,5.699999999999999,2.1,25.359797408388715,0.0,4.790225868142926,0.0,1.48,63.66550398150797,10.224,24.5,0.055776781265572846,94.08,45.0,20.0,6.25,95.53600000000002,0.0,398.7413040393052
t1222,5.699999999999999,2.1,30.695627110050356,0.0,2.407331469424196,0.0,1.48,89.9,10.224,24.5,3.9382202291978086,94.08,45.0,14.155414441870342,6.25,68.15902835749472,0.0,398.5896216080374
t1223,5.699999999999999,2.1,24.954569708237667,0.0,1.4446326122294908,0.0,1.48,89.9,10.224,24.5,7.600821126058797,94.08,45.0,20.0,6.25,54.398920664838734,0.0,387.6329441113647
t1224,5.699999999999999,1.3518031179377619,2.3528106344847197,0.0,1.8855992954202296,0.0,1.48,34.53852466764806,10.224,24.5,10.994980568011957,94.08,45.0,11.294129822088351,6.25,37.92951743903225,0.0,287.5813655446233
t1225,5.699999999999999,0.0,12.294058127170176,0.0,0.0,0.0,1.48,77.11845069589039,10.224,24.5,12.342238166417538,94.08,12.985953968862725,19.177384044979917,6.25,12.112279829814456,0.0,288.2643648331352
t1226,5.699999999999999,2.1,6.187576757583087,0.0,0.0,0.0,0.0,0.22535492944349703,4.97281921386884,24.5,4.028954714099365,94.08,0.0,18.406907892369478,6.25,16.776081510322577,0.0,183.2276950176868
t1227,5.699999999999999,0.0,6.719351178529699,0.0,0.0,0.0,0.9689150668350931,0.0,0.73014504271457,0.0,0.0,68.0703030978947,0.0,20.0,0.7890196592816834,14.495316947281797,0.0,117.47305099253752
t1228,5.699999999999999,0.0,5.475367291319227,0.0,0.0,0.0,0.564458078156314,0.0,0.7147638051896203,0.0,0.0,94.08,0.0,20.0,2.0441298648939648,7.504099762468541,0.0,136.08281880202767
t1229,5.699999999999999,0.0,4.826150775709964,0.0,0.0,0.0,0.4798669787975958,0.0,0.2258526754491021,0.0,0.0,43.53462966975678,13.604889576159666,20.0,2.3392937493651975,8.416405310001858,0.0,99.12708873524016
t1230,0.0,0.7477434731678226,0.0,0.0,0.0,0.0,0.12768377927855798,0.0,3.0576748322155707,0.0,0.0,59.728298695939976,37.63134015086938,20.0,3.7454998488628997,2.8131678530855297,0.0,127.85140863341975
t1231,5.699999999999999,2.1,3.1841060699697814,0.0,0.0,0.0,0.5325453058065471,89.9,8.23169042048096,0.0,0.0,59.03756405574204,45.0,13.752865488283266,5.38450569567622,0.0,0.0,232.82327703595882
t1232,5.699999999999999,2.1,0.0,1.8182928968941847,0.0,0.0,0.4983592100598795,89.9,9.368260076152309,9.877908029083574,0.0,93.770707008583,45.0,18.43620010465912,6.25,15.937526742028574,0.0,298.65725406746066
t1233,5.699999999999999,2.1,0.0,6.819041031097927,0.0,0.0,0.613190292472568,89.9,1.5843064859318667,0.0,0.0,0.0,45.0,13.299137686263563,6.25,33.90376914981643,0.0,205.1694446455824
t1234,5.699999999999999,2.1,0.0,30.54706940118695,0.0,0.0,0.964089871736527,89.9,6.09259019559118,0.0,0.0,0.0,45.0,0.0,6.25,52.348482641587516,0.0,238.90223211010218
t1235,5.699999999999999,2.1,0.0,5.188392205665697,0.0,0.0,0.33273286275449165,89.9,0.0,0.0,0.0,4.402345627287444,45.0,0.0,6.25,83.26656828606069,0.0,242.14003898176833
t1236,5.699999999999999,2.1,0.0,0.0,0.0,0.0,0.0,89.9,5.421902662925852,10.165356992240415,7.900981665899347,0.0,45.0,8.589006606345382,6.25,76.92113067134432,0.0,257.9483785987553
t1237,5.699999999999999,2.1,0.0,0.0,0.0,0.0,0.0,89.9,6.118302127454911,0.0,7.400522121783753,0.0,45.0,8.79134484497992,6.25,95.53600000000002,0.0,266.7961690942186
t1238,5.699999999999999,2.1,0.3268904368580142,0.0,0.0,0.0,0.0,89.9,2.6746425728868366,24.5,2.609035737219717,0.0,45.0,0.0,5.779760327064676,95.53600000000002,0.0,274.1263290740293
t1239,5.699999999999999,2.1,8.888501851399798,0.0,0.0,0.0,0.0,89.9,3.5611253619238483,1.1526242369231336,0.0,29.750457621133624,45.0,2.5581566799196778,5.103231968855723,95.53600000000002,0.0,289.2500977201558
t1240,5.699999999999999,2.1,0.0,0.0,0.0,0.0,0.0,88.61856900050705,5.386682605433543,24.5,0.0,94.08,45.0,4.028908988433734,3.9258190335323397,87.27870467572163,0.0,360.61868430362824
t1241,0.0,2.1,0.0,3.144383241978245,0.0,0.0,0.0,0.0,4.456230839920159,24.5,0.0,94.08,45.0,9.601560134297188,2.9852623632835837,91.37097691269251,0.0,277.23841349217173
t1242,5.699999999999999,0.0,25.870388705458197,0.0,6.5,0.0,0.0,50.18400285113138,10.224,24.5,1.7459754688208728,94.08,23.60213982557407,14.825784171709556,6.109443306169156,95.53600000000002,0.0,358.8777343288632
t1243,5.699999999999999,2.1,25.17315442893253,0.0,5.553822164308,0.0,1.48,89.9,10.224,24.5,0.0,94.08,45.0,7.978702013564397,6.25,88.39926412901873,0.0,406.3389427358236
t1244,5.699999999999999,2.1,43.54,0.0,4.13772360367388,0.0,1.48,65.45271785850485,10.224,24.5,0.0,94.08,45.0,18.451108901686744,6.25,95.53600000000002,0.0,416.45155036386546
t1245,5.699999999999999,2.1,23.45067998014099,0.0,4.756045093105183,0.0,1.48,89.9,10.224,24.5,1.9377967115097134,94.08,45.0,9.222953951887547,6.25,56.75639038032262,0.0,375.3578661169661
t1246,5.699999999999999,2.1,16.1808733336153,0.0,2.4602780276282674,0.0,1.48,89.9,10.224,24.5,5.994971599402096,94.08,45.0,20.0,6.25,61.24371098741932,0.0,385.113833948065
t1247,5.699999999999999,2.1,10.570708177522649,0.0,2.9138829391041767,0.0,1.48,84.688481952343,10.224,24.5,9.22363527653214,94.08,45.0,10.237705501606424,6.25,32.01225599327632,0.0,338.9806698403847
t1248,5.699999999999999,0.0,17.530283706223567,0.0,2.0001615500754886,0.0,1.48,83.35734529072599,10.224,24.5,12.429000498256105,94.08,38.967688267681446,10.929208823694779,6.25,28.85122752951615,0.0,336.2989156661735
t1249,5.699999999999999,0.0,12.814624088902312,0.0,0.0,0.0,1.48,30.25317049375948,10.224,24.5,13.592493273542603,94.08,6.570942621967906,18.768107375903618,6.25,1.7744474679314952,0.0,226.00778532200744
t1250,5.699999999999999,2.1,6.962934260100696,0.0,0.0,0.0,0.0,0.0,1.4409576784719809,24.5,3.1105789119016616,94.08,0.0,18.256441292048194,6.25,9.40027591661287,0.0,171.80118805913543
t1251,5.699999999999999,0.0,7.4292625581873075,0.0,0.0,0.0,1.1293825946292584,0.0,1.085626080638722,0.0,0.0,59.43366552616437,5.242717800245338,20.0,0.4713777118942374,13.716564498169717,0.0,114.20859676992895
t1252,5.699999999999999,0.0,5.475367291319227,0.0,0.0,0.0,0.5274885585571141,0.0,1.067081076247505,0.0,0.0,53.92072237870445,0.0,20.0,2.2803533938452047,9.969881588587084,0.0,98.94089428726058
t1253,5.699999999999999,0.0,5.135405559194355,0.0,0.0,0.0,0.49059019983967905,0.0,0.5981480079840344,24.5,0.0,61.457292959514135,0.0,20.0,2.4360582581110486,16.763025891257247,0.0,137.0805208759005
t1254,0.0,0.2104466127904678,0.0,0.0,0.0,0.0,0.3953622795991981,0.0,2.5214493211177658,0.0,0.0,5.063305042217287,22.96281135684905,20.0,3.1100096565214033,12.618651381013517,0.0,66.88203565010869
t1255,5.699999999999999,2.1,2.9936459302579728,9.075678135520903,0.0,0.0,1.48,89.9,9.457488535230462,0.0,0.0,0.0,45.0,14.818093550923695,3.435270860895523,0.0,0.0,183.96017701282855
t1256,5.699999999999999,2.1,0.0,23.82178161032644,0.0,0.0,0.6998478328143712,89.9,6.064153774789583,0.0,0.0,92.64817541708497,45.0,20.0,6.25,55.98535918690804,0.0,348.1693178219234
t1257,5.699999999999999,2.1,0.0,7.645640437626098,0.0,0.0,0.9823448548677786,89.9,6.958026115591182,0.0,0.0,0.0,45.0,8.248754432293085,6.25,37.283927725654976,0.0,210.06869356603312
t1258,5.699999999999999,2.1,0.0,9.773735993875388,0.0,0.0,1.1182000513772452,89.9,1.4002167961759522,0.0,0.0,19.863955865829933,45.0,4.826390128240899,6.25,77.645607806967,0.0,263.5781066424664
t1259,5.699999999999999,2.1,0.0,0.0,0.0,0.0,0.49995322203592785,89.9,0.0,16.28401017512555,2.9528047187145,0.0,45.0,0.0,6.25,95.53600000000002,0.0,264.222768115876
t1260,5.699999999999999,2.1,0.0,0.0,0.0,0.0,0.23497797253493014,89.9,5.318970954949898,0.0,8.83534739919719,0.0,45.0,0.0,6.25,95.53600000000002,0.0,258.875296326682
t1261,5.699999999999999,2.1,0.0,0.0,0.0,0.0,0.0,89.9,0.0,0.0,9.86026962699448,0.0,45.0,7.137645319919675,6.25,95.53600000000002,0.0,261.4839149469142
t1262,5.699999999999999,2.1,0.0,2.3073828934916065,0.0,0.0,0.0804814885029944,89.9,6.054314983687377,0.0,4.932787288141495,0.0,45.0,9.384263940871511,6.25,35.17507753819717,0.0,206.88430813289216
t1263,5.699999999999999,2.1,5.808707300906344,0.0,0.0,0.0,0.0,89.9,2.304223120200398,12.561504272996224,0.0,0.0,45.0,11.757623825863458,5.601620028557217,95.53600000000002,0.0,276.26967854852364
t1264,5.699999999999999,2.1,15.45914655117823,0.0,0.0,0.0,0.0,89.9,9.56615406268283,0.0,0.0,0.0,45.0,1.6939516103614465,4.608981222587065,66.25732491153033,0.0,240.2855583583399
t1265,5.699999999999999,2.1,0.0,1.972222083442111,0.0,0.0,0.0,5.95222221868687,4.412426281305277,24.5,0.0,94.08,45.0,7.8344879513253005,3.32941206835821,86.27552382371967,0.0,281.15629442683746
t1266,5.699999999999999,0.0,11.726917366334321,0.0,3.0345800910820335,0.0,1.48,28.978914731822776,10.224,24.5,0.10792408331838489,94.08,23.65776038770758,0.0,6.25,95.53600000000002,0.0,305.2760966602651
t1267,5.699999999999999,2.1,32.42739650574019,0.0,5.6916993661197814,0.0,1.48,86.35670395549096,10.224,24.5,0.0,94.08,45.0,7.639645327459976,6.25,95.53600000000002,0.0,416.98544515481086
t1268,5.699999999999999,2.1,29.916621571278952,0.0,4.4082675392551565,0.0,1.48,89.9,10.224,24.5,0.5334509217737927,94.08,45.0,18.145503366586343,6.25,78.03095448338705,0.0,410.2687978822813
t1269,5.699999999999999,2.1,38.62415278980866,0.0,3.6422499448401426,0.0,1.48,89.9,10.224,24.5,3.1542899850523156,94.08,45.0,20.0,6.25,86.23994872870968,0.0,430.8946414484108
t1270,5.699999999999999,2.1,16.554107976112796,0.0,2.369518168344237,0.0,1.48,44.99318399911918,10.224,24.5,6.770203288490283,94.08,45.0,9.062186417429713,6.25,38.151168697843886,0.0,307.23436854734007
t1271,5.699999999999999,2.1,26.61526860048338,0.0,2.765018218419727,0.0,1.48,82.25896162875104,10.224,24.5,10.233790732436473,94.08,45.0,20.0,6.25,36.304937206935506,0.0,367.5119763870261
t1272,5.699999999999999,0.0,2.5709841090432977,0.0,1.8783619526925013,0.0,1.48,74.03787845583771,10.224,24.5,13.160683607374189,94.08,35.8318391431341,10.534007236224895,6.25,0.0,0.0,280.2477545043067
t1273,5.699999999999999,0.0,13.677280685075516,0.0,0.0,0.0,0.6404072691783558,10.36363397119307,8.719192795513907,24.5,14.37488191330344,94.08,2.652160077329493,20.0,4.256724096118575,7.592452568809688,0.0,206.55673337652203
t1274,5.699999999999999,0.0,10.514859738449138,0.0,0.0,0.0,0.23688978448738185,0.0,0.5381344734530938,0.0,1.2111187651681024,94.08,0.0,20.0,2.490219989909561,4.260826094096747,0.0,139.03204884556402
t1275,5.699999999999999,0.0,8.366867794843902,0.0,0.0,0.0,1.0725140395991983,0.0,0.8841994874251493,24.5,0.0,63.67553903417,0.0,20.0,0.7366172445811029,0.0,0.0,124.93573760061935
t1276,5.699999999999999,0.0,6.887830534018126,0.0,0.0,0.0,0.3655726448897793,0.0,0.7453872063872246,0.0,0.0,49.42378505174087,0.0,20.0,2.696121914976222,0.5424627522558972,0.0,86.36116010426812
t1277,5.699999999999999,0.0,6.26308934569989,0.0,0.0,0.0,0.32465590372610764,0.0,0.2639780247504982,0.0,0.0,94.08,5.67973784331778,19.90785500385812,2.9543701106130356,0.0,0.0,135.17368623196543
t1278,0.0,2.1,3.359017557260826,0.0,0.0,0.0,1.4768310925638655,7.877894049359763,1.596411024239042,0.0,0.0,0.0,45.0,14.262436415062774,0.5706699784353397,0.0,0.0,76.2432601169216
t1279,5.699999999999999,2.1,2.777959066022151,0.0,0.0,0.0,0.4039861138522951,89.9,9.248642271503005,24.5,0.0,94.08,45.0,12.221588064609255,6.25,3.6307135811748146,0.0,295.81288909716153
t1280,5.699999999999999,2.1,0.0,0.0,0.0,0.0,0.6673763757285427,89.9,5.449667839078155,0.0,0.0,94.08,45.0,6.1729796547448075,6.25,43.76925983347484,0.0,299.08928370302635
t1281,5.699999999999999,2.1,0.0,7.461729098793293,0.0,0.0,0.7988849585628749,89.9,8.135035621523045,0.0,0.0,0.0,45.0,12.914587697418174,6.25,19.83812489745765,0.0,198.09836227375504
t1282,5.699999999999999,2.1,0.0,21.08249927593274,0.0,0.0,0.7970761761277448,89.9,4.979891450650259,21.591975997979805,0.0,0.0,45.0,7.171320515230686,6.25,46.362312746487525,0.0,250.9350761624088
t1283,5.699999999999999,2.1,0.0,1.226829158733925,0.0,0.0,0.8605245669635863,89.9,4.885850672545092,0.0,7.223294586643253,0.0,45.0,0.0,6.25,44.28336118267959,0.0,207.42986016756544
t1284,5.699999999999999,2.1,0.0,0.0,0.0,0.0,0.17006699449101903,89.9,0.0,0.0,7.690541952423485,0.0,45.0,0.0,6.25,84.33733660270003,0.0,241.14794554961452
t1285,5.699999999999999,2.1,0.0,11.109415254797232,0.0,0.0,0.29060284578842355,89.9,5.767150292705415,0.0,8.550885153627696,0.0,45.0,0.0,6.25,88.30282468890644,0.0,262.97087823582524
t1286,5.699999999999999,2.1,0.0,0.0,0.0,0.0,0.0,89.9,0.8229216450100206,0.0,10.84160968950326,0.0,45.0,0.0,6.137455849452738,95.53600000000002,0.0,256.03798718396604
t1287,5.699999999999999,2.1,8.26398444652568,0.0,0.0,0.0,0.0,89.9,2.932169222004012,24.5,1.7898054220827162,0.0,45.0,11.236615287630528,5.526968287263681,95.53600000000002,0.0,292.4855426655066
t1288,5.699999999999999,2.1,19.06408355146023,0.0,0.0,0.0,0.0,89.9,5.783566842837787,0.0,0.0,0.0,45.0,1.2434040976706864,4.3894210235820905,95.53600000000002,0.0,268.7164755155508
t1289,5.699999999999999,2.1,1.3701431654783798,0.0,0.0,0.0,0.0,66.17596168688985,4.379380288074043,24.5,0.0,94.08,45.0,7.090488054056223,3.2747553519403008,64.82851491726846,0.0,318.4992434637073
t1290,5.699999999999999,0.0,28.083431850110763,0.0,4.144509632853552,0.0,1.48,37.37776870172283,10.224,24.5,2.1089460071848496,94.08,3.352819532904512,9.944760021526099,6.25,93.26759988473786,0.0,320.5138356310404
t1291,5.699999999999999,2.1,19.82768849865057,0.0,3.6318342430699584,0.0,1.48,62.49464594851336,10.224,24.5,0.49032205789736166,94.08,45.0,3.925539604738952,6.25,67.4001853063188,0.0,347.10421565918904
t1292,5.699999999999999,2.1,43.54,0.0,5.457987518872674,0.0,1.48,89.9,10.224,24.5,1.7715894369706076,94.08,45.0,18.106882094939756,6.25,63.552256740806456,0.0,411.66271579158945
t1293,5.699999999999999,2.1,23.86739498517622,0.0,2.8686946152491184,0.0,1.48,89.9,10.224,24.5,4.0244454409566535,94.08,45.0,11.615605756476901,6.25,80.46197801772976,0.0,402.0721188155886
t1294,5.699999999999999,2.1,23.04520095348437,0.0,3.650074806440548,0.0,1.48,89.9,10.224,24.5,6.95438664673642,94.08,45.0,20.0,6.25,46.52076076682386,0.0,379.4044231734852
t1295,5.699999999999999,1.9530108077540307,12.396351564640797,0.0,1.142157222194265,0.0,1.48,88.67465405346891,10.224,24.5,10.11751469855506,94.08,45.0,10.280661860321283,6.25,52.239694858387125,0.0,364.03804506532146
t1296,5.699999999999999,0.0,19.7535485602014,0.0,1.934988827377955,0.0,1.48,75.09657044951187,10.224,24.5,13.667306427503737,94.08,25.101171592103316,20.0,6.25,11.250404825322569,0.0,309.03799068202085
t1297,5.699999999999999,0.9305038015291843,15.120333781834344,0.0,0.0,0.0,1.48,22.73175919066463,10.224,24.5,14.838297957149972,94.08,0.0,11.050007854677855,6.25,28.950952287419334,0.0,235.85585487327535
t1298,5.699999999999999,2.1,7.985709688096665,0.0,0.0,0.0,0.0,0.0,5.390342032496335,24.5,3.1489816750526827,94.08,0.0,19.132282599678714,4.814961194029853,21.84890972603272,0.0,188.70118691538696
t1299,5.699999999999999,0.0,7.8627691040080645,0.0,0.0,0.0,1.0940418771303053,0.0,0.8613299880239521,0.0,0.0,70.05871363603244,0.0,20.0,0.5407792017796872,19.221314475047105,0.0,125.33894828202155
t1300,5.699999999999999,0.0,6.054738892527676,0.0,0.0,0.0,0.8858433051703404,0.0,1.0790218427145701,0.0,0.0,94.08,0.0,20.0,1.3683617119883553,12.502436091728338,0.0,141.67040184412926
t1301,5.699999999999999,0.0,4.451041007331311,0.0,0.0,0.0,0.5530262832865724,0.0,1.0341027273453105,0.0,0.0,94.08,0.0,20.0,2.3336011545941666,8.068043760449683,0.0,136.21981493300703
t1302,5.699999999999999,2.1,3.6555411952869936,0.0,0.0,0.0,0.0,43.26788044614164,1.9964547638726677,0.0,0.0,91.1898352165992,45.0,16.551225632128517,4.354269865870648,4.825476760039363,0.0,218.640683879939
t1303,5.699999999999999,2.1,0.0,0.6820754262710098,0.0,0.0,0.3270323859256615,89.9,6.629740866533067,0.0,0.0,0.0,45.0,20.0,6.25,47.06467483503601,0.0,223.65352351376575
t1304,5.699999999999999,2.1,0.0,15.865594452855909,0.0,0.0,0.6931608068662681,89.9,7.870805129119307,2.335247855917118,7.634728557897358,0.0,45.0,0.9954716825022533,6.25,52.416067004423574,0.0,236.7610754895818
t1305,5.699999999999999,2.1,0.0,10.737773562532151,0.0,0.0,0.6735480324151693,89.9,6.323236428857717,0.0,7.462070561264428,0.0,45.0,0.0,6.25,36.785544686992225,0.0,210.93217327206168
t1306,5.699999999999999,2.1,0.0,7.250876550385759,0.0,0.0,0.9234970573652694,89.9,0.0,0.0,7.112867166392376,0.0,45.0,0.0,6.25,71.24492157227206,0.0,235.48216234641546
t1307,5.699999999999999,2.1,0.0,1.774141618714168,0.0,0.0,0.4164274735329333,89.9,5.247754505010025,0.0,7.534785089754141,0.0,45.0,0.0,6.25,85.2647277147389,0.0,249.1878364017502
t1308,5.699999999999999,2.1,0.0,3.9160294761728265,0.0,0.0,0.1181995294211573,89.9,0.0,0.0,8.317355109172102,0.0,45.0,0.0,6.25,95.53600000000002,0.0,256.8375841147661
t1309,5.699999999999999,2.1,0.0,0.0,0.0,0.0,0.02414416315369266,89.9,0.0,0.0,9.713637391329655,0.0,45.0,0.0,6.25,84.61443023409221,0.0,243.30221178857556
t1310,5.699999999999999,2.1,2.1225871598388837,0.0,0.0,0.0,0.0,89.9,7.7082998958316615,8.10322892770261,9.530417951280528,0.0,45.0,0.0,5.220593706567166,95.53600000000002,0.0,270.9211276412209
t1311,5.699999999999999,2.1,13.742484368539774,0.0,0.0,0.0,0.0,89.9,3.173810929859718,0.0,3.5171868177678136,0.0,45.0,0.0,5.040226993731344,95.53600000000002,0.0,263.7097091098987
t1312,5.699999999999999,2.1,23.195303795407845,0.0,0.0,0.0,0.0,89.9,4.9574657246893805,24.5,0.0,0.0,45.0,2.776142808353414,4.567517540995026,88.43852394256432,0.0,291.13495381201
t1313,0.0,0.3360839958291908,0.0,0.0,0.0,0.0,0.0,0.0,4.874856316247504,13.769059796969712,0.0,94.08,40.300881289630425,10.227248240240964,2.5345156370149264,95.53600000000002,0.0,261.6586452759327
t1314,5.699999999999999,0.0,28.50313680680762,0.0,4.015979084287872,0.0,1.48,34.611483784844566,10.224,24.5,0.4163439390566967,94.08,11.800245802504676,2.1103108769054204,6.25,95.53600000000002,0.0,319.22750029440687
t1315,5.699999999999999,2.1,25.524986187522657,0.0,4.100046502516358,0.0,1.48,53.63817334604212,10.224,24.5,0.0,94.08,45.0,15.444918084738953,6.25,95.53600000000002,0.0,383.5781241208201
t1316,5.699999999999999,2.1,31.867570211762327,0.0,3.373935984146959,0.0,1.48,89.9,10.224,24.5,0.0,94.08,45.0,16.494326012690763,6.25,72.5777770640323,0.0,403.54760927263237
t1317,5.699999999999999,2.1,42.399584813977846,0.0,4.056240764972317,0.0,1.48,89.9,10.224,24.5,1.9476183358246149,94.08,45.0,18.321554303453812,6.25,52.08277706403222,0.0,398.0417752822608
t1318,5.699999999999999,0.0,17.952105962014084,0.0,2.028722919173305,0.0,1.48,89.9,10.224,24.5,5.1072725460886925,94.08,42.63378989570912,6.642484904337349,6.25,67.2263000730077,0.0,373.7246763003302
t1319,5.699999999999999,0.0,13.010895488700891,0.0,0.7608548568193294,0.0,1.48,75.71032488634984,10.224,24.5,8.65706427503737,94.08,22.261366087632855,6.292715579036142,6.25,53.47421140048385,0.0,322.40143257406027
t1320,5.699999999999999,0.0,22.353389446404826,0.0,1.6754847508807242,0.0,1.48,82.21242443366366,10.224,24.5,12.552433482810168,94.08,16.127272339085287,8.85271088991198,6.25,41.874969465,0.0,327.8826848077566
t1321,5.699999999999999,1.5923235388800143,16.29398030833045,0.0,1.0371697030699532,0.0,1.48,75.79130748187622,10.224,24.5,14.118389636273047,94.08,0.0,18.634009559678717,6.25,19.46679981010857,0.0,289.1679800382169
t1322,5.699999999999999,2.1,11.783840604511562,0.0,0.0,0.0,0.0,15.611157550528477,4.165253791733196,0.0,1.5628346732363225,94.08,0.0,18.697322314698795,6.25,19.814082368225783,0.0,179.76449130293412
t1323,5.699999999999999,0.0,10.521824491722047,0.0,0.0,0.3377011551983926,1.48,0.0,1.1411923193612783,24.5,0.0,59.89320785014596,1.467143446936877,20.0,0.0,21.732080271129014,0.0,146.77314953449357
t1324,5.699999999999999,0.0,8.288648258086587,0.0,0.0,0.0,0.651967923687376,0.0,1.25106670499002,0.0,0.0,94.08,0.0,20.0,1.971887911605098,19.514325910246644,0.0,151.45789670861572
t1325,5.699999999999999,0.0,6.180132648821743,0.0,0.0,0.0,0.28239932753507097,0.0,1.1641645093812392,0.0,0.0,31.17794679935219,0.0,20.0,2.9669837656961677,12.786055155901563,0.0,80.25768220668797
t1326,4.1844132108552055,2.1,4.10502214800957,0.0,0.0,0.0,0.0,26.706207898294736,0.0,0.0,0.0,0.0,45.0,18.98785723052209,4.101304647860697,6.293874442865166,0.0,111.47867957840745
t1327,5.699999999999999,2.1,0.0,0.0,0.0,0.0,0.0,89.9,7.714451573146291,24.5,0.0,41.99750195562756,45.0,14.058062822730923,5.095678821094529,21.39412491937768,0.0,257.459820091977
t1328,5.699999999999999,2.1,0.0,0.17976283604351911,0.0,0.0,0.2652312982210708,89.9,5.445377612989766,0.0,9.695922362132535,0.0,45.0,20.0,6.25,13.88723859158051,0.0,198.42353270096743
t1329,5.699999999999999,2.1,0.0,0.0,0.0,0.0,0.0,89.9,10.224,0.0,10.111711295122932,0.0,45.0,6.731613681124497,6.25,0.0,0.0,176.01732497624744
t1330,5.699999999999999,2.1,0.9408780624773281,0.0,0.0,0.0,0.7168985314171654,89.9,10.224,0.0,9.751126570396389,0.0,45.0,11.205309887357329,6.25,30.0293726152386,0.0,211.8175856668868
t1331,5.699999999999999,2.1,0.0,0.0,0.0,0.0,0.5576945394011966,89.9,1.068638113466937,0.0,11.563128349463122,0.0,45.0,2.2458498157381643,6.25,57.07239455107693,0.0,221.45770536914634
t1332,5.699999999999999,2.1,0.0,0.0,0.0,0.0,0.0,89.9,0.3273123104609227,0.0,12.28391057703964,0.0,45.0,18.746644311485944,6.25,59.267154330424546,0.0,239.57502152941103
t1333,5.699999999999999,2.1,0.0,0.0,0.0,0.0,0.0,89.9,1.425690892505013,0.0,13.389139274119422,0.0,45.0,13.142804807389556,2.87083304995025,62.879396393793726,0.0,236.407864417758
t1334,5.699999999999999,2.1,0.0,0.0,0.0,0.0,0.0,89.9,2.2316347452104197,0.0,15.209151689864527,0.0,45.0,15.15702899828516,2.64936936835821,95.53600000000002,0.0,273.4831848017184
t1335,5.699999999999999,2.1,0.0,11.685499265163214,0.0,0.0,0.0,64.48974578157815,4.984293684034416,0.0,3.4101649220029886,0.0,45.0,10.690470073734938,0.5099226021890548,62.207018715803905,0.0,210.77711504450664
t1336,0.0,2.1,1.8327526563947605,0.0,0.0,0.05910511904570523,0.0,21.256887270467807,3.3127724882236094,2.917787155555557,0.0,0.0,45.0,10.931135398634538,0.0,72.54578012504317,0.0,159.95622021336516
t1337,5.699999999999999,2.1,25.747257549365557,0.0,1.3433844769069017,0.0,1.0173366190655626,47.57339679653179,10.224,24.5,0.48276993455092454,5.645180285211726,0.0,10.351982689824437,6.25,88.2603387983757,0.0,229.19564714983258
t1338,5.699999999999999,0.0,29.096200061188313,0.0,2.8329970009964804,0.0,1.48,89.9,10.224,24.5,2.8386489323231308,94.08,10.221182092176194,3.1694183284337325,6.25,95.53600000000002,0.0,375.82844641511787
t1339,5.699999999999999,2.1,43.54,0.0,4.0230731733957565,0.0,1.48,89.9,10.224,24.5,0.0,94.08,45.0,7.552949035572424,6.25,95.53600000000002,0.0,429.88602220896814
t1340,5.699999999999999,2.1,34.416557120120835,0.0,4.917847005535981,0.0,1.48,83.33071968093405,10.224,24.5,0.0,94.08,45.0,17.790994125943772,6.25,95.53600000000002,0.0,425.3261179325346
t1341,5.699999999999999,2.1,43.54,0.0,3.9724257674886765,0.0,1.48,89.9,10.224,24.5,0.21620827105131957,94.08,45.0,8.396468924899596,6.25,70.92795193827376,0.0,406.2870549017133
t1342,5.699999999999999,2.1,22.688843122134962,0.0,3.0426778057372887,0.0,1.48,53.38603201863658,10.224,24.5,3.7750682610862,94.08,45.0,19.456076731084334,6.25,22.596277064032254,0.0,314.27897500271166
t1343,5.699999999999999,0.0,27.211771913927475,0.0,2.0883548062405635,0.0,1.48,89.9,10.224,24.5,7.776501245640259,94.08,29.86364130099206,18.760413068594378,6.25,0.0,0.0,317.83468233539475
t1344,5.699999999999999,0.0,24.533568701188315,0.0,0.063543231253146,0.0,1.48,74.51048949686081,10.224,24.5,10.893925261584458,94.08,29.617627561837523,10.971069263052199,6.25,9.274888406774176,0.0,302.0991119225506
t1345,5.699999999999999,0.0,9.581610997260816,0.0,0.0,0.0,1.48,0.0,0.10001281277445204,24.5,13.59884105630294,94.08,45.0,7.316553167148594,6.25,0.0,0.0,207.60701803348678
t1346,5.699999999999999,0.0,5.299866787794554,0.0,0.0,0.0,1.48,0.0,6.540229331736529,24.5,14.662024912805181,94.08,45.0,4.079658268353413,6.25,8.42616196483869,0.0,216.01794126552835
t1347,5.699999999999999,0.0,3.216559637744216,0.0,0.0,0.0,1.48,0.0,0.9491416031936132,24.5,0.0,94.08,45.0,12.732456726845085,6.25,0.0,0.0,193.9081579677829
t1348,5.699999999999999,0.0,2.1524327495266777,0.0,0.0,0.0,1.48,0.0,2.1083084119760476,24.5,0.0,94.08,45.0,12.144620081606424,6.25,3.3455490616128953,0.0,196.76091030472205
t1349,5.699999999999999,0.0,2.257341108036258,0.0,0.0,0.0,1.48,0.0,0.2018194842315365,24.5,0.0,94.08,45.0,0.41537281534136133,6.25,0.0,0.0,179.88453340760915
t1350,5.699999999999999,2.1,0.0,3.9435376324035536,0.0,0.0,1.48,0.0,3.434665143789094,24.5,13.549084969735926,94.08,45.0,10.800661645381524,6.25,0.0,0.0,210.83794939131008
t1351,5.699999999999999,2.1,0.0,0.0,0.0,2.7371416562269797,1.48,89.9,9.231156268537077,24.5,0.0,94.08,45.0,10.342925419244883,0.0,0.0,6.075076758284158,291.1463001022931
t1352,5.699999999999999,2.1,0.0,17.880417804676558,0.0,0.0,0.8374282136127753,89.9,4.101392741482966,24.5,0.22418238756353479,94.08,45.0,20.0,6.25,49.188306292866095,0.0,359.761727440202
t1353,5.699999999999999,2.1,0.0,9.502415526923828,0.0,0.0,0.6980306832110909,89.9,3.3913802249910447,24.5,3.9098308119919722,81.64620161251808,45.0,17.882568895010706,6.25,32.09224331712528,0.0,322.572671071772
t1354,5.699999999999999,2.1,0.0,7.824030118100897,0.0,0.0,0.6225624036726549,89.9,6.829056519799599,24.5,4.014216160712493,55.79685000997681,45.0,0.8077921438849205,6.25,51.6305195694299,0.0,300.97502692557725
t1355,5.699999999999999,2.1,0.0,1.449327409535095,0.0,0.0,0.45751130586826355,89.9,6.680738932625254,24.5,4.697362545348722,31.756239873895137,45.0,0.0,6.25,29.96100019456147,0.0,248.45218026183394
t1356,5.699999999999999,2.1,0.0,0.0,0.0,0.0,0.1831216851097806,89.9,1.2151237593587205,24.5,4.945649577601603,15.778029045852671,45.0,9.773074722531005,6.25,39.712855317507966,0.0,245.05785410796173
t1357,5.699999999999999,2.1,0.0,6.906729650366004,0.0,0.0,0.0,89.9,8.08308043430862,24.5,7.943228704616155,42.3457503180878,45.0,2.25615505266434,6.25,87.07324669765543,0.0,328.0581908576984
t1358,5.699999999999999,2.1,1.8929660591741948,0.0,0.0,0.0,0.0,89.9,9.474388518196388,24.5,10.072927021013548,73.81998630366841,45.0,12.844311698634536,6.066760327064677,36.68564862321811,0.0,318.05698855096995
t1359,5.699999999999999,2.1,12.560355380020143,0.0,0.0,0.0,0.0,89.9,5.654797145050104,24.5,6.677304818106626,94.08,45.0,3.8556814666666663,5.194366297213933,76.90590984727396,0.0,372.12841495433145
t1360,5.699999999999999,2.1,0.0,13.566477992838786,0.0,0.0,0.0,62.59236224161256,4.324401171491389,24.5,5.20000977697944,94.08,45.0,7.150443853493974,4.1987334613930365,61.80395759949068,0.0,330.21638609729985
t1361,5.699999999999999,2.1,0.0,2.8823594495351457,0.0,0.0,0.0,0.0,7.66415221984032,24.5,2.063610695423984,94.08,45.0,14.793921155582332,3.7383492364179123,95.53600000000002,0.0,298.0583927567997
t1362,5.699999999999999,2.1,21.63137013023163,0.0,0.0,0.0,0.0,55.626981061187195,10.224,24.5,0.0,94.08,45.0,9.05778059646586,6.25,95.53600000000002,0.0,369.7061317878847
t1363,5.699999999999999,2.1,41.708422727140885,0.0,0.0,0.0,0.0,83.98420136743945,10.224,24.5,0.2044154139789238,94.08,45.0,13.017017186746985,5.7139624950248775,95.53600000000002,0.0,421.76801919033113
t1364,5.699999999999999,2.1,37.69848112692757,0.0,0.0,0.0,0.18933824650698644,89.9,6.458945081037926,24.5,0.0,94.08,45.0,20.0,6.25,95.53600000000002,0.0,427.4127644544725
t1365,5.699999999999999,2.1,40.795901027472304,0.0,0.0,0.0,0.0,24.48876641501775,0.0,24.5,0.37416342800199603,94.08,45.0,20.0,6.25,61.67556874136663,0.0,324.9643996118587
t1366,5.699999999999999,2.1,34.744855710251755,0.0,0.0,0.0,0.2735720039860312,82.34994100330172,10.224,24.5,4.067805680119579,94.08,45.0,20.0,6.25,59.99222292225804,0.0,389.2823973199171
t1367,5.699999999999999,2.1,10.618220765639483,0.0,0.0,0.0,0.5434391217564871,15.434633057737178,0.0,24.5,7.680845042351768,94.08,45.0,20.0,6.25,35.741517439032236,0.0,267.64865542651717
t1368,5.699999999999999,2.1,20.091578771681768,0.0,0.0,0.0,0.8765968063872256,0.0,0.0,24.5,10.299947184853014,94.08,45.0,16.885481233565486,6.25,25.965081955161292,0.0,251.74868595164878
t1369,5.699999999999999,0.0,11.482509285276938,0.0,0.0,0.0,1.1074366739078167,66.08425862851341,10.224,24.5,11.672484304932736,94.08,12.485848471359184,20.0,6.25,17.225065381290317,0.0,280.8116027452804
t1370,5.699999999999999,0.0,7.285949365840885,0.0,0.0,0.0,1.2529261477045908,61.006654366717385,10.224,24.5,0.0,94.08,15.275810377492409,16.46734785821449,6.25,0.0,0.0,242.04268811596975
t1371,5.699999999999999,0.0,0.0,0.0,0.0,0.0,1.4236526946107784,0.0,0.90187955449102,24.5,0.0,94.08,37.817448672185236,13.706549299555107,6.25,2.2371942229032133,0.0,186.61672444374534
t1372,5.699999999999999,0.0,3.2487469489224554,0.0,0.0,0.0,1.48,0.0,2.222068130938125,24.5,13.599259591429995,94.08,45.0,12.38868853461847,6.25,0.0,0.0,208.46876320590903
t1373,5.699999999999999,0.0,3.0688899499294964,0.0,0.0,0.0,1.48,0.0,3.5832743546975854,24.5,0.0,94.08,45.0,12.04574187196787,6.25,3.00092002935484,0.0,198.70882620594978
t1374,5.699999999999999,2.1,0.0,2.967850915093977,0.0,0.0,1.48,0.0,2.205120913782757,24.5,11.97769736811161,94.08,45.0,11.158904189799193,6.25,0.0,0.0,207.41957338678753
t1375,5.699999999999999,2.1,9.12721089450478,0.0,0.0,2.5679667433349933,1.48,89.9,9.152072959519037,24.5,0.0,94.08,45.0,14.151259213798095,0.0,0.0,3.081284242729018,300.8397940538859
t1376,5.699999999999999,2.1,0.0,0.0,0.0,0.0,0.45378396055888265,89.9,10.011861679358715,24.5,0.0,94.08,45.0,20.0,6.25,0.0,0.0,297.9956456399176
t1377,5.699999999999999,2.1,0.0,4.080056651750756,0.0,0.0,0.5198582120558886,89.9,8.221179362725453,24.5,2.5292924309416835,94.08,45.0,18.45276260724543,6.25,0.0,0.0,301.3331492647192
t1378,5.699999999999999,2.1,0.0,2.1725490323639822,0.0,0.0,0.38942828800150964,89.9,7.238892824128257,24.5,5.979161956869043,77.2836792069685,45.0,9.962137763304511,6.25,18.519296475510345,0.0,294.9951455471462
t1379,5.699999999999999,2.1,0.0,0.0,0.0,0.0,0.08249613620758489,89.9,7.057730440440882,24.5,7.069716525569491,46.04777439001382,45.0,1.305713641736605,6.25,31.511197123676435,0.0,266.52462825764485
t1380,5.699999999999999,2.1,0.0,0.0,0.0,0.0,0.0,89.9,1.8995123862925858,24.5,8.928794297772203,48.32296608383255,45.0,12.283871542570276,6.25,39.54005990002865,0.0,284.42520421049625
t1381,5.699999999999999,2.1,7.610836446527847,0.0,0.0,0.0,0.0,89.9,3.3019290291783583,24.5,11.555589079508279,70.94024064581802,45.0,0.12566793871485574,5.612628983781096,95.53600000000002,0.0,361.88289212352845
t1382,5.699999999999999,2.1,10.660393719355492,0.0,0.0,0.0,0.0,89.9,6.248264434129319,24.5,10.534986977767808,94.08,45.0,14.52994795365462,4.98061007830846,76.75157375440632,0.0,384.98577691762205
t1383,5.699999999999999,2.1,20.228724634400795,0.0,0.0,0.0,0.0,74.53026708908163,4.812625625221935,24.5,3.976604439147026,94.08,45.0,5.0947393351807175,4.252796147960201,60.019047581306765,0.0,344.2948048522991
t1384,0.0,2.1,5.8721862223920835,0.0,0.0,0.0,0.0,0.0,3.7581710742115755,24.5,4.959263996691574,94.08,45.0,7.883239310602408,3.3095911728358227,73.80186782914254,0.0,265.26431960587604
t1385,5.699999999999999,0.0,1.661545448982878,0.0,6.5,0.0,0.2956282136127747,82.50134162660578,10.224,24.5,3.543581167797287,94.08,26.11338306938826,14.9941737139246,6.25,92.40087841131599,0.0,368.7645316516276
t1386,5.699999999999999,2.1,26.797275833111783,0.0,6.5,0.0,1.48,89.9,10.224,24.5,0.7033339410336206,94.08,45.0,6.218111967791164,6.25,95.53600000000002,0.0,414.98872174193656
t1387,5.699999999999999,2.1,43.54,0.0,6.5,0.0,1.48,89.9,10.224,24.5,1.4262889958655303,94.08,45.0,11.350307303534139,6.25,95.53600000000002,0.0,437.5865962993997
t1388,5.699999999999999,2.1,37.819191561208434,0.0,6.5,0.0,1.48,89.9,10.224,24.5,0.0,94.08,45.0,10.369816213895579,6.25,86.38785351499996,0.0,420.310861290104
t1389,5.699999999999999,2.1,42.440541510855994,0.0,6.5,0.0,1.48,89.9,10.224,24.5,0.0,94.08,45.0,20.0,6.25,67.88193941132776,0.0,416.05648092218377
t1390,5.699999999999999,2.1,21.91516296730111,0.0,6.5,0.0,1.48,89.9,10.224,24.5,2.342785251619329,94.08,45.0,17.59394132594023,6.25,66.74761001903224,0.0,394.33349956389293
t1391,5.699999999999999,2.1,25.973016838147036,0.0,0.0,0.0,1.48,51.11597613416469,4.976985048416173,24.5,6.383567513702046,94.08,45.0,20.0,3.508731343283583,57.53760290415375,3.3580403042497484,345.713920086117
t1392,5.699999999999999,2.1,19.85800576060423,0.0,0.0,0.0,1.48,0.0,0.0,24.5,8.41929446935725,94.08,45.0,20.0,4.1436099502487584,38.44278608296806,0.2904136277431179,264.0141098909214
t1393,5.699999999999999,0.0,11.763270614582074,0.0,0.0,0.0,1.4727890646893778,0.0,0.1088129261477047,24.5,9.232173393124068,94.08,45.0,20.0,4.78445909746578,32.01253828132507,0.0,248.6540433773341
t1394,5.699999999999999,0.0,8.525915126163143,0.0,0.0,0.0,1.0844079840319354,0.0,0.7094776926147708,24.5,11.047290483308421,94.08,0.0,17.032699583164916,6.25,11.65669485838708,0.0,180.58648572767027
t1395,5.699999999999999,0.0,4.214183001289016,0.0,0.0,0.0,1.255134131736527,58.898678966615925,10.224,24.5,0.0,94.08,30.222881658288184,14.03492396571676,6.25,5.932371832903229,0.0,255.31217355654962
t1396,5.699999999999999,0.0,3.2100037465055182,0.0,0.0,0.0,1.38388622754491,0.0,3.9704982685029866,24.5,0.0,94.08,45.0,12.32828070014092,6.25,1.4451468843548236,0.0,197.86781582704913
t1397,5.699999999999999,0.0,3.5397439277744094,0.0,0.0,0.0,1.4177137724550894,38.45077556015446,6.80199933827961,24.5,0.0,94.08,45.0,12.16266759206791,6.25,5.38029163258063,0.0,243.2831918233121
t1398,5.699999999999999,2.1,0.0,1.508212932898125,0.0,0.0,1.48,15.220855710879851,4.57626033087096,24.5,11.186247442850025,94.08,45.0,9.652388407630518,6.25,7.67713565261385,0.0,228.93110047774334
t1399,5.699999999999999,2.1,1.2958408152528078,0.0,0.0,2.383588147018418,1.48,89.9,9.074305004408819,24.5,11.699556249048332,94.08,45.0,10.318671433253316,0.0,0.0,3.3299185056590757,300.86188015464074
t1400,5.699999999999999,2.1,0.0,0.0,0.0,0.0,0.43735841165668626,89.9,9.601917180761525,24.5,9.306052515323662,94.08,45.0,19.453814942021328,6.25,0.0,0.0,306.3291430497632
t1401,5.699999999999999,2.1,0.0,3.2444606674975516,0.0,0.0,0.4384685912974046,89.9,1.6165983527054115,24.5,0.0,94.08,45.0,3.7382826078015876,6.25,14.990269699177746,0.0,291.5580799184797
t1402,5.699999999999999,2.1,0.6034855703121905,0.0,0.0,0.0,0.2266111062674653,89.9,2.0768077483978566,24.5,0.0,94.08,45.0,7.31586673214192,6.25,30.739122905345013,0.0,308.49189406246444
t1403,5.699999999999999,2.1,5.037413971160257,0.0,0.0,0.0,0.0,89.9,6.642575005931867,24.5,0.0,94.08,45.0,10.4066398184739,6.25,72.18237353625372,0.0,361.7990023318197
t1404,5.699999999999999,2.1,0.0,0.0,0.0,0.0,0.0,89.9,7.721198651543091,24.5,0.0,94.08,45.0,0.0,6.25,43.12183934324479,0.0,318.3730379947879
t1405,5.699999999999999,2.1,2.615707089023169,0.0,0.0,0.0,0.0,89.9,9.001794701242487,24.5,0.0,94.08,45.0,9.75982626,5.460849879303484,36.95531868044028,0.0,325.07349661000944
t1406,5.699999999999999,2.1,11.204590882537772,0.0,0.0,0.0,0.0,89.9,4.7950958629659315,24.5,1.5166050967084954,94.08,45.0,7.667271182665287,4.414897502630629,95.53600000000002,0.0,386.41446052750814
t1407,0.0,2.1,15.86763239005035,0.0,0.0,0.0,0.0,43.18449795741748,0.0,24.5,3.669679631200799,94.08,45.0,3.1105512034538165,4.09872550119403,84.34600509645237,0.0,319.9570917797688
t1408,5.699999999999999,2.1,3.605646446167658,0.0,0.0,0.0,0.0,0.0,3.8365892108982025,24.5,0.0,94.08,45.0,5.587719124899597,2.9521483867661704,79.57855393769613,0.0,266.94065710642775
t1409,5.699999999999999,0.0,2.0363106856797266,0.0,6.5,0.0,0.23063438271457107,81.2155541607407,10.224,24.5,4.5390296340692435,94.08,33.75067803588011,13.447696960182446,6.25,95.53600000000002,0.0,378.0099038592668
t1410,5.699999999999999,2.1,26.85945105969786,0.0,6.5,0.0,1.48,89.9,10.224,24.5,1.9017280894831958,94.08,45.0,4.614836078955822,6.25,95.53600000000002,0.0,414.64601522813683
t1411,5.699999999999999,2.1,43.54,0.0,6.5,0.0,1.4445198832335338,89.9,10.224,24.5,3.659724997521318,94.08,45.0,10.065614832475768,6.25,95.53600000000002,0.0,438.49985971323065
t1412,5.699999999999999,2.1,43.54,0.0,0.6516492654555273,0.0,0.0,89.9,10.224,24.5,1.311686904164576,94.08,45.0,20.0,6.103594753142032,90.48237776181237,0.0,433.59330868457454
t1413,5.699999999999999,2.1,43.54,0.0,0.0,0.0,0.0,89.9,10.224,24.5,0.6970493273542576,94.08,45.0,17.58273790910274,6.25,75.65600358933646,0.0,415.22979082579343
t1414,5.699999999999999,2.1,19.666904095760316,0.0,1.4572069734724316,0.0,0.5214510695366733,89.9,10.224,24.5,2.070493273542597,94.08,45.0,20.0,6.25,71.04775810354836,0.0,392.5178135158604
t1415,5.699999999999999,2.1,29.439194078831818,0.0,0.0,0.0,0.38444378427285125,32.84765181712025,6.774198886656442,24.5,4.934305929247635,94.08,45.0,20.0,6.058995343678118,50.21433984087144,0.0,322.03312968067854
t1416,5.699999999999999,2.1,22.294781188600204,0.0,0.0,0.0,1.48,0.0,0.0,24.5,6.972739412057799,94.08,45.0,20.0,4.026708457711445,39.0112030593179,0.0,265.1654321176873
t1417,5.699999999999999,0.0,13.480632145297077,0.0,0.0,0.0,1.3451641446893783,0.0,0.15696557285429133,24.5,8.459822620827104,94.08,40.90720135875307,20.0,4.975375937863789,20.85221291955729,0.0,234.45737469984198
t1418,5.699999999999999,0.0,8.234918147311177,0.0,0.0,0.0,1.0581512974051899,0.0,0.7141761053892212,24.5,0.7553360140779339,94.08,21.892097215598472,16.443990783111687,6.25,8.74267914241933,0.0,188.37134870531298
t1419,5.699999999999999,0.0,6.166612004310163,0.0,0.0,0.0,1.204141716566866,68.31669209416542,10.224,24.5,11.169153961136024,94.08,30.019933361914948,13.543617081578851,6.25,7.607130342258046,0.0,278.7812805619303
t1420,5.699999999999999,0.0,4.648098409143996,0.0,0.0,0.0,1.341875049900199,0.0,2.151515879745847,24.5,0.0,94.08,45.0,12.0019759075494,6.25,6.395001309999965,0.0,202.0684665563394
t1421,5.699999999999999,0.0,3.484533454461213,0.0,0.0,0.0,1.3846838323353294,0.0,1.0979467697710714,24.5,11.861452914798205,94.08,11.66079546132978,11.696657385801888,6.25,3.0234533359677416,0.0,174.73952315446522
t1422,5.699999999999999,2.1,0.0,2.100402557032639,0.0,0.0,1.48,0.0,6.338375532375251,24.5,0.0,94.08,45.0,10.069629562971887,6.25,1.2836436012070476,0.0,198.90205125358685
t1423,5.699999999999999,2.1,5.314909494228522,0.0,0.0,2.475957982757592,1.48,89.9,9.051923241482967,24.5,0.0,94.08,45.0,11.644887572617845,0.0,0.0,3.4424606568450096,294.6901389479319
t1424,5.699999999999999,2.1,0.0,2.242925763283886,0.0,0.0,0.19971809229540793,89.9,9.349742653106214,24.5,10.798193253798294,94.08,45.0,20.0,6.25,0.6106955555825054,0.0,310.7312753180663
t1425,5.699999999999999,2.1,0.0,13.18881310817808,0.0,0.0,0.4430677928942128,89.9,1.212484313867737,24.5,0.0,94.08,45.0,19.22906941825618,6.25,65.51384187659654,0.0,367.11727650979276
t1426,5.699999999999999,2.1,0.0,6.2385842894164005,0.0,0.0,0.23419074698602876,89.9,6.0942340545090214,24.5,0.0,94.08,45.0,12.342681347686634,6.25,14.67582424540181,0.0,307.1155146839999
t1427,5.699999999999999,2.1,0.0,0.0,0.0,0.0,0.0,89.9,5.6500094148296585,24.5,0.0,94.08,45.0,10.509630359196784,6.25,16.724329035967813,0.0,300.41396880999423
t1428,5.699999999999999,2.1,0.0,0.0,0.0,0.0,0.0,89.9,6.760369378877758,24.5,0.0,94.08,45.0,0.0,6.199721255167945,37.943986983432026,0.0,312.1840776174777
t1429,5.699999999999999,2.1,0.0,0.0,0.0,0.0,0.0,89.9,1.8410223039278553,24.5,0.0,94.08,45.0,3.073784721120689,5.753831968855722,95.53600000000002,0.0,367.4846389939043
t1430,5.699999999999999,2.1,6.713831770876129,0.0,0.0,0.0,0.0,89.9,4.443263310482029,24.5,0.0,94.08,45.0,0.0,5.000706595721394,95.53600000000002,0.0,372.97380167707956
t1431,3.1635887180950384,2.1,14.563344591152653,0.0,0.0,0.0,0.0,54.811757274509624,0.0,24.5,4.474533790682612,94.08,45.0,1.0279505800803195,4.420828983781095,95.53600000000002,0.0,343.67800393830134
t1432,0.0,2.1,23.840448774340384,0.0,0.0,0.0,0.0,1.6879613332125922,3.9465693701477473,24.5,4.140698328380662,94.08,45.0,4.189447771566263,3.415869779800995,66.35357238549138,0.0,273.25456774294
t1433,5.699999999999999,0.0,0.20351348362538416,0.0,6.5,0.0,0.44550464219560953,67.74332832409945,10.224,24.5,4.029702900652283,94.08,45.0,10.693270990941327,6.25,86.82173082398369,0.0,362.1910511654977
t1434,5.699999999999999,2.1,25.191787414179252,0.0,6.5,0.0,0.045570320576705924,89.9,10.224,24.5,6.986508877521322,94.08,45.0,6.146227487197683,6.25,86.56193438353193,0.0,409.1860284830069
t1435,5.699999999999999,2.1,40.32158004056393,0.0,6.5,0.0,1.48,89.9,10.224,24.5,2.104391130978428,94.08,45.0,8.665237351726907,6.25,87.92542222532255,0.0,424.7506307485918
t1436,5.699999999999999,2.1,43.54,0.0,4.984237544287875,0.0,1.48,89.9,10.224,24.5,0.0,94.08,45.0,15.880485497765385,6.25,95.53600000000002,0.0,439.17472304205324
t1437,5.699999999999999,2.1,32.25439546064653,0.0,3.665251900089977,0.0,0.9294164786548101,89.9,10.224,24.5,0.0,94.08,45.0,20.0,6.25,80.87800763698618,0.0,415.4810714763775
t1438,5.699999999999999,2.1,34.63848108789525,0.0,4.425546992959496,0.0,1.48,89.9,10.224,24.5,3.8963736920777277,94.08,45.0,16.925159623153423,6.25,52.66012538345118,0.0,391.77968677953714
t1439,5.699999999999999,2.1,21.967553670642488,0.0,0.0,0.0,0.3787624750499003,85.92364409822424,10.224,24.5,7.409522670652715,94.08,45.0,17.993245762759067,6.25,48.28193679387096,0.0,369.80866547119933
t1440,5.699999999999999,2.1,21.272668399073517,0.0,0.0,0.0,0.7408219560878248,0.0,2.9298727130825646,24.5,10.217426008968609,94.08,45.0,20.0,6.25,12.510320035083877,0.0,245.3011091122964
t1441,5.699999999999999,0.0,15.452066183564956,0.0,0.0,0.0,1.1910901020440885,63.59827809518009,10.224,24.5,11.24456701544594,94.08,20.56628181151809,20.0,6.25,23.321872277741914,0.0,296.1281554854951
t1442,5.699999999999999,0.0,10.937467996253774,0.0,0.0,0.0,1.128340119760479,0.0,3.9233622421468284,24.5,12.325287493771802,94.08,0.0,16.382989254295268,6.25,15.16263075532259,0.0,190.39007786155074
t1443,5.699999999999999,0.0,6.891510292326283,0.0,0.0,0.0,1.2660363273453095,0.0,3.8263225475041254,24.5,0.0,94.08,28.921261613075533,13.81738114399474,6.25,8.593324303709663,0.0,193.84583622795563
t1444,5.699999999999999,0.0,5.098466989204409,0.0,0.0,0.0,1.370015968063872,15.084228289960762,4.904124883698414,24.5,13.265045341305433,94.08,45.0,12.394692334683244,6.25,8.172418980806421,0.0,235.81899278772255
t1445,5.699999999999999,0.0,0.0,0.0,0.0,0.0,1.48,0.0,1.0577503776447126,24.5,0.0,94.08,34.68790691206713,9.537735763354483,6.25,12.765516994193556,0.0,190.05891004725987
t1446,5.699999999999999,1.2234027368023819,0.0,0.0,0.0,0.0,1.48,0.0,2.346952259344979,24.5,6.997599907135224,94.08,45.0,11.697210928514055,6.25,16.144691101377457,0.0,215.4198569331741
t1447,5.699999999999999,2.1,17.85155094893791,1.8986754891752042,0.0,0.0,1.48,89.9,9.286961743767536,24.5,13.12290546369706,94.08,45.0,13.992394328755017,2.462710661890549,0.0,0.0,321.3751986362233
t1448,5.699999999999999,2.1,0.0,6.649320798140436,0.0,0.0,0.456356032512488,89.9,7.564289135423436,24.5,0.14576978079719993,94.08,45.0,20.0,6.25,44.74747070946708,0.0,347.0932064563407
t1449,5.699999999999999,2.1,0.0,34.00986230877156,0.0,0.0,0.6066019246307379,89.9,7.016418580120238,24.5,2.0176698139989977,67.89872129159521,45.0,5.901981186061294,6.25,51.30008435519612,0.0,342.20133946037413
t1450,5.699999999999999,2.1,0.0,12.757959599881314,0.0,0.0,0.4962574136526944,89.9,5.400931175911823,24.5,1.4560843785549455,34.70983613267746,45.0,0.0,6.25,71.94141760151004,0.0,300.21248630218827
t1451,5.699999999999999,2.1,0.0,2.7869206859347244,0.0,0.0,0.2573164954890221,89.9,0.0,24.5,1.9388242267335682,3.8030129479368266,45.0,8.207015823899512,6.25,56.47736685366049,0.0,246.92045703365417
t1452,5.699999999999999,2.1,0.0,0.0,0.0,0.0,0.33878807532934185,89.9,0.0,17.359194925733,5.265769233781754,0.0,45.0,0.0,6.25,95.53600000000002,0.0,267.4497522348441
t1453,5.699999999999999,2.1,0.0,0.0,0.0,0.0,0.0,89.9,2.8168022436758187,24.5,4.423232282639239,9.22343671974023,45.0,8.558999201526104,6.25,83.60846834338786,0.0,282.08093879096924
t1454,5.699999999999999,2.1,1.4506683587109805,0.0,0.0,0.0,0.0,89.9,1.2577421515030083,24.5,7.25011585773206,43.42966769945906,45.0,11.004821938152611,5.7958727648756225,95.53600000000002,0.0,332.92488877043337
t1455,5.699999999999999,2.1,10.951937915206447,0.0,0.0,0.0,0.0,89.9,8.632159817354712,24.5,9.842602387195182,91.70687552252292,45.0,3.3907441876654287,4.178504605671643,47.85206612957612,0.0,343.75489056519245
t1456,5.699999999999999,2.1,11.800576089950328,0.0,0.0,0.0,0.0,89.9,5.091032548657317,24.5,1.1479994320622366,94.08,45.0,6.7867891089156585,3.807638934029853,57.21659326489117,0.0,347.1306293785066
t1457,5.699999999999999,2.1,0.0,5.652852539624165,0.0,0.0,0.0,0.0,9.720567250259483,24.5,0.2060500019830622,94.08,45.0,17.977620297188754,4.2281108817910455,75.71466484122415,0.0,284.87986581207065
t1458,5.699999999999999,2.1,19.742927099979852,0.0,0.0,0.0,0.13794831245509015,78.87213459381026,10.224,24.5,0.0,94.08,45.0,12.85034229093724,6.25,85.41280983811633,0.0,384.8701621352988
t1459,5.699999999999999,2.1,35.21844610300101,0.0,0.0,0.0,0.0,56.6015484960179,4.464760553003736,24.5,0.0,94.08,45.0,11.335660630441765,6.1606391119402995,95.53600000000002,0.0,380.69705489440474
t1460,5.699999999999999,2.1,43.54,0.0,0.0,0.0,0.0,0.0,0.0,24.5,1.9088759342301946,94.08,45.0,20.0,6.25,61.536938767419386,0.0,304.6158147016496
t1461,5.699999999999999,2.1,38.66509538799597,0.0,0.0,0.0,0.08222714570858285,51.27297331775172,4.261845754978916,24.5,4.648523168908821,94.08,45.0,18.63309055383154,6.25,46.35954706338707,0.0,341.5533023925626
t1462,5.699999999999999,2.1,19.92763062200401,0.0,0.0,0.0,0.37221357285429085,88.86114321988836,10.224,24.5,8.50009267563528,94.08,45.0,20.0,6.25,59.90431969645165,0.0,385.4193997868336
t1463,5.699999999999999,0.0,21.85550827822758,0.0,0.0,0.0,0.616746506986028,82.36315090370371,10.224,24.5,11.371236671649228,94.08,42.20363298939512,11.918233114835225,6.25,43.565275916612904,0.0,354.64778438140985
t1464,5.699999999999999,0.0,17.044442820020137,0.0,0.0,0.0,0.8962303393213578,0.0,6.815341472215572,24.5,3.305484014330161,94.08,45.0,20.0,6.25,29.83391939387097,0.0,253.4254180397582
t1465,5.699999999999999,0.0,11.828702638751249,0.0,0.0,0.0,1.2886660770156035,63.92059281136478,10.224,24.5,14.568293971101149,94.08,10.68467464349254,20.0,6.25,0.0,0.0,263.04493014172533
t1466,5.699999999999999,0.0,0.0,0.0,0.0,0.0,1.2338035928143711,0.0,2.0526532455089828,24.5,0.0,94.08,24.876780586354425,16.90653715046437,6.25,18.320291187741933,0.0,193.92006576288406
t1467,5.699999999999999,0.0,0.0,0.0,0.0,0.0,1.4161928143712574,0.0,1.021188213972055,24.5,16.269632286995517,94.08,37.869267341161404,13.990025536982902,6.25,0.0,0.0,201.09630619348314
t1468,5.699999999999999,0.0,3.400096395045321,0.0,0.0,0.0,1.48,0.0,6.910512613173653,24.5,14.82504934492725,94.08,45.0,12.172488875823289,6.25,6.681904090967719,0.0,221.00005131993723
t1469,5.699999999999999,0.0,0.0,0.0,0.0,0.0,1.48,33.27657673872039,5.352135914709746,24.5,0.0,94.08,45.0,11.01053594008032,6.25,0.0,0.0,226.64924859351046
t1470,0.366388075053017,2.1,0.0,0.0,0.0,0.0,0.2781036237571694,0.0,1.7329365847904197,24.5,0.0,94.08,45.0,13.789272888487723,3.587138942973424,0.0,0.0,185.4338401150617
t1471,5.699999999999999,2.1,0.9039422930513545,0.0,0.0,0.0,0.1930250200000005,89.9,7.883105520300924,24.5,1.9600970126241866,84.29633858386944,45.0,12.611501693654617,6.25,41.75404402314148,0.0,323.052054146642
t1472,5.699999999999999,2.1,0.0,15.792986592324427,0.0,0.0,0.8118338607584822,89.9,4.08053198717509,0.0,7.998736144716507,0.0,45.0,7.328439489323362,6.25,39.77784113162936,0.0,224.7403692059272
t1473,5.699999999999999,2.1,0.0,21.143621173689404,0.0,0.0,0.9135220843113783,89.9,2.070619646693385,0.0,6.380615259478174,0.0,45.0,4.39487204573744,6.25,55.87059627848361,0.0,239.7238464883934
t1474,5.699999999999999,2.1,0.0,5.740397876439181,0.0,0.0,1.0494978204566001,89.9,5.7816410753507,0.0,6.024631969402909,0.0,45.0,0.0,6.25,79.06294704698247,0.0,246.60911578863187
t1475,5.699999999999999,2.1,0.0,0.0,0.0,0.0,0.510144838802395,89.9,4.127263288176352,0.0,5.718409880190667,0.0,45.0,5.623381682239376,6.25,95.53600000000002,0.0,260.4651996894088
t1476,5.699999999999999,2.1,15.32056489244715,0.0,0.0,0.0,0.2772091102594808,89.9,4.608425422044086,0.0,6.1721006337681885,0.0,45.0,6.095588192612526,6.25,95.53600000000002,0.0,276.9598882511315
t1477,5.699999999999999,2.1,12.644343029566965,0.0,0.0,0.0,0.44506552043912223,89.9,0.0,0.0,7.616197256206724,0.0,45.0,5.384831121435125,6.25,90.23101685566313,0.0,265.2714537833111
t1478,5.699999999999999,2.1,21.44057028684792,0.0,0.0,0.0,0.20645833481037942,89.9,6.605182555511022,0.0,9.188744031991973,0.0,45.0,0.0,6.25,95.53600000000002,0.0,281.9269552091613
t1479,5.699999999999999,2.1,32.05278342336572,0.0,0.0,0.0,0.0,89.9,2.4915687052104234,0.0,10.647664193366783,0.0,45.0,7.8331115228103165,5.7874051031840805,95.53600000000002,0.0,297.04853294793736
t1480,5.699999999999999,2.1,35.52524969768379,0.0,0.0,0.0,0.0,89.9,4.967434685731465,24.5,4.561449957671851,17.93889076634021,45.0,3.781106008594376,4.84567574995025,68.64419158266644,0.0,307.4639984486384
t1481,1.551662318593342,2.1,0.0,0.0,0.0,0.0,0.0,7.610534230782938,2.665021541397303,24.5,6.373673034419536,94.08,45.0,10.112412824497993,3.414871855920399,78.10578908419252,0.0,275.513964889804
t1482,5.699999999999999,0.0,31.732772736394757,0.0,0.0,0.0,0.11672184239520986,0.0,0.20806749097804061,24.5,0.0,94.08,2.5426621076070943,15.187571867087513,6.25,90.13493628017137,0.0,270.452732324634
t1483,5.699999999999999,0.0,33.42415889882174,0.0,0.0,0.0,0.1617051127744509,0.0,0.0,24.5,1.7134290329347295,94.08,44.268947904225776,20.0,6.25,63.22164844483871,0.0,293.3198893935954
t1484,5.699999999999999,2.1,41.72112761357502,0.0,0.0,0.0,0.43630032235528954,32.961911959320595,7.284442477405254,24.5,3.0569177877428997,94.08,45.0,20.0,6.25,48.533745219032255,0.0,331.6244453794313
t1485,5.699999999999999,0.0,17.387326505820727,0.0,0.0,0.0,0.7175234760479035,23.727691121258264,0.0,24.5,0.0,94.08,45.0,8.46087137008874,6.25,57.26777550354837,0.0,283.091187976764
t1486,5.699999999999999,0.0,10.646841108036254,0.0,0.0,0.0,0.6916461574636045,0.0,0.0,24.5,10.500711509715993,94.08,4.671849240146871,10.91475683925082,6.25,46.966694858387086,0.0,214.92249971300063
t1487,5.699999999999999,0.0,4.481384914682759,0.0,0.0,0.0,0.7724047904191613,0.0,0.0,24.5,12.781148978574986,94.08,0.0,18.32273722112787,6.25,0.0,0.0,166.88767590480478
t1488,5.699999999999999,0.0,15.313899013373621,0.0,0.0,0.0,1.2458758077755527,0.0,0.8938702403193614,24.5,15.438037867463873,94.08,5.531349634192336,20.0,6.25,0.0,0.0,188.95303256312474
t1489,5.699999999999999,0.0,9.084477059697884,0.0,0.0,0.0,1.1986031936127741,0.0,6.2342086499002,24.5,0.0,94.08,37.57166651862615,8.26292619906516,6.25,0.0,0.0,192.8818816209022
t1490,5.699999999999999,0.0,5.317800322537758,0.0,0.0,0.0,1.48,24.89635265469304,10.224,24.5,17.000722471350276,94.08,45.0,15.868015287068275,5.365930464522597,0.0,0.0,249.43282120017193
t1491,5.699999999999999,0.0,2.4204065662436998,0.0,0.0,0.0,1.48,0.0,1.3609741285429142,24.5,0.0,94.08,45.0,1.7322951954216845,0.7000309670351605,0.0,0.0,176.97370685724343
t1492,5.699999999999999,0.7620161309106032,1.689639440188276,0.0,0.0,0.0,1.48,0.0,1.3577326483033936,24.5,8.121321972225678,94.08,45.0,8.705970831152039,0.13624422110552561,0.0,4.722412357323255,196.25533760120877
t1493,5.699999999999999,2.1,1.518471017401809,0.0,0.0,0.06557770034843229,1.48,0.0,1.30843417964072,24.5,4.17322478863021,94.08,45.0,12.471345885279769,0.0,0.0,5.982034263634574,198.3790878349355
t1494,5.699999999999999,2.1,2.709322702960719,0.0,0.0,0.5263590383175718,1.48,61.0038914721662,6.420665445144442,24.5,2.431276607646774,94.08,45.0,7.9941264186457195,0.0,0.0,10.955714985478862,264.90135667036026
t1495,5.699999999999999,2.1,0.0,2.9082169169139487,0.0,0.0,0.0,89.9,7.2483355281763515,24.5,0.048270177892621245,62.17431999128481,45.0,10.192670589317267,6.25,49.45156339313397,0.0,305.473376596719
t1496,5.699999999999999,2.1,0.0,41.46662737562809,0.0,0.0,1.0807066174226687,89.9,7.304098430741485,5.616800352025017,4.500826515236662,0.0,45.0,0.5699964936790685,6.25,0.0,0.0,209.489055784733
t1497,5.699999999999999,2.1,0.0,23.047418336182005,0.0,0.0,1.4169689136526953,89.9,0.9197657853306641,0.0,4.242127474109383,0.0,45.0,2.95461858091659,6.25,23.358375631870086,0.0,204.8892747220614
t1498,5.699999999999999,2.1,0.0,43.14046264807914,0.0,0.0,0.7377308667465063,89.9,0.0,0.0,3.8701283597190166,0.0,45.0,0.0,6.25,20.84701766752048,0.0,217.54533954206514
t1499,5.699999999999999,2.1,0.0,14.711449659070226,0.0,0.0,0.5224661960878246,89.9,0.0,0.0,4.473999276307076,0.0,45.0,3.9599899982818276,6.25,27.539852989906684,0.0,200.15775811965364
t1500,5.699999999999999,2.1,0.0,6.329340855905052,0.0,0.0,0.2053053178443108,89.9,3.9078310909819636,0.0,5.111862734420472,0.0,45.0,5.150509544400358,6.25,50.95724794118791,0.0,220.61209748474008
t1501,5.699999999999999,2.1,0.0,0.0,0.0,0.0,0.31707749648702555,89.9,4.701377231262524,0.0,6.252588113988961,0.0,45.0,0.0,6.25,85.96036596404971,0.0,246.18140880578824
t1502,5.699999999999999,2.1,0.0,0.0,0.0,0.0,0.0,89.9,0.23457066452905778,0.0,8.571599024465632,0.0,45.0,0.0,6.25,88.58636989642781,0.0,246.34253958542251
t1503,5.699999999999999,2.1,4.479756634884183,0.0,0.0,0.0,0.0,89.9,1.8494458165531047,0.0,10.184091115785247,0.0,45.0,0.0,5.688920526069653,95.53600000000002,0.0,260.43821409329223
t1504,5.699999999999999,2.1,16.159992917019142,0.0,0.0,0.0,0.0,89.9,7.453482485993052,11.989139805093005,7.836591642102634,0.0,45.0,2.2934143922891557,4.693006098208957,95.53600000000002,0.0,288.661627340706
t1505,1.2211302390292254,2.1,0.0,0.0,0.0,0.0,0.0,16.515624160438495,2.664157344212973,24.5,11.959552744104364,90.82952807305519,45.0,9.955494711726908,3.4931947015920413,90.2946720028478,0.0,298.533353977007
t1506,5.699999999999999,0.0,31.878573487653572,0.0,0.0,0.0,0.5098804481836333,0.0,0.0,24.5,3.5119823652017916,94.08,0.0,15.46841944552758,6.25,95.53600000000002,0.0,277.4348557465666
t1507,5.699999999999999,0.0,33.32214063122857,0.0,0.0,0.0,0.11752307684630695,78.98034281316679,10.224,24.5,0.0,94.08,37.870208082468494,16.37794506017785,6.25,95.53600000000002,0.0,402.958159663888
t1508,5.699999999999999,0.0,24.37308682807652,0.0,0.0,0.0,0.39023405489022017,0.0,1.6543087153692624,24.5,3.783955156950671,94.08,36.54527922373224,20.0,6.25,73.80832481564518,0.0,291.0851887946641
t1509,5.699999999999999,0.0,16.81852892273915,0.0,0.0,0.0,0.29119600798403183,0.0,2.7684651640718565,24.5,6.459475834578977,94.08,20.84159687553517,20.0,6.25,76.58204969709676,0.0,274.29131250200595
t1510,5.699999999999999,0.0,26.090825498771398,0.0,0.0,0.0,0.4599644710578843,80.9978176381532,10.224,24.5,9.997911310413553,94.08,7.011207367562937,20.0,6.25,31.08483145839702,0.0,316.39655774435596
t1511,5.699999999999999,0.0,19.765250473595174,0.0,0.0,0.0,0.7774640810076194,82.96344886737694,10.224,24.5,0.0,94.08,45.0,18.302304719747784,6.25,25.27245292290324,0.0,332.83492106463075
t1512,5.699999999999999,0.0,0.0,0.0,0.0,0.0,0.985902594810379,77.25146688949769,10.224,24.5,14.88609466865969,94.08,1.4571377821700275,20.0,6.25,5.0052597875806315,0.0,260.33986172271847
t1513,0.0,2.1,10.048122578328305,0.0,0.0,0.0,1.48,19.468069096106465,0.0,24.5,0.0,94.08,45.0,18.540593044337346,6.25,0.0,0.0,221.46678471877212
t1514,0.0,2.1,0.0,0.0,0.0,0.0,1.48,49.77796333563334,0.0,24.5,0.0,94.08,45.0,14.321691337349394,2.1823810945273636,0.0,0.0,233.44203576751008
t1515,0.0,2.1,5.661470010352463,0.0,0.0,0.0,1.48,9.095631623854132,0.0,24.5,10.124901987365776,94.08,45.0,12.150572683373493,4.582191771055255,0.0,0.0,208.77476807600112
t1516,0.0,2.1,4.8016754484189486,0.0,0.0,0.0,1.48,49.066201834204065,0.0,24.5,6.907400954490732,94.08,45.0,8.892423104156013,5.444020916783911,0.0,0.0,242.27172225805364
t1517,0.0,2.1,5.2056029408660764,0.0,0.0,0.0,1.48,18.533419557614593,0.0,24.5,0.0,94.08,45.0,11.961430017188755,4.755669157989927,0.0,0.0,207.61612167365934
t1518,0.0,2.1,0.0,0.0,0.0,0.0,1.48,8.149161851158228,0.0,24.5,0.0,94.08,45.0,3.5053909244776382,6.25,1.487278773209984,0.0,186.55183154884585
t1519,5.699999999999999,2.1,18.56388636488936,10.111746129594176,3.7811492354705583,0.0,1.48,89.9,10.224,24.5,0.0,94.08,45.0,18.412189983935743,0.25541306870178704,0.0,0.0,324.1083847825916
t1520,5.699999999999999,2.1,0.0,15.135581215746805,0.0,0.0,1.269913369318875,89.9,10.224,24.5,0.0,94.08,45.0,20.0,6.25,25.417537879065925,0.0,339.5770324641316
t1521,5.699999999999999,2.1,0.0,53.201049648902085,0.0,0.0,1.1324534216367268,89.9,8.531434371728706,21.590491816363645,0.0,59.11275197052625,45.0,20.0,6.25,33.614071924703204,0.0,346.1322531538606
t1522,5.699999999999999,2.1,0.0,28.564422677586528,0.0,0.0,1.48,89.9,3.0398837976352695,14.991928797777781,0.0,11.743428907287456,45.0,8.486627561509403,6.25,14.684471568687098,0.0,231.94076331048353
t1523,5.699999999999999,2.1,0.0,26.7441022241345,0.0,0.0,1.0566638008782439,89.9,6.107242451583171,0.0,3.7694129615855494,14.735281362650129,45.0,0.0,6.25,40.91482399327867,0.0,242.2775267941103
t1524,5.699999999999999,2.1,0.0,35.145833173293774,0.0,0.0,0.8368286711377242,89.9,0.9039256892184392,0.0,3.573903973406926,46.36923504252789,45.0,10.27961905518986,6.25,57.146425651152896,0.0,303.2057712559275
t1525,5.699999999999999,2.1,0.0,33.173236593954535,0.0,0.0,0.9747022469860283,89.9,5.169508349498999,0.0,4.100008060963372,41.10522436408786,45.0,10.715846753710732,6.25,60.25702414713814,0.0,304.44555051633967
t1526,5.699999999999999,2.1,0.0,14.511269235806143,0.0,0.0,0.6126395723353294,89.9,7.358096124448895,0.0,5.053925960511793,24.419446838169677,45.0,12.123706361062935,6.25,56.44955443516936,0.0,269.47863852750413
t1527,5.699999999999999,2.1,34.51345243468277,0.0,0.0,0.0,0.0,89.9,7.61969337486554,11.093632116124283,3.399723528151466,0.0,45.0,3.891117956465861,6.25,84.27145361277833,0.0,293.7390730230682
t1528,5.699999999999999,2.1,6.981540945861025,0.0,0.0,0.0,0.0,89.9,6.340077075110226,24.5,1.1126646800501767,27.509988686721844,45.0,7.062558612263166,6.098406098208956,95.53600000000002,0.0,317.8412360982154
t1529,5.699999999999999,2.1,0.0,19.4189715431454,0.0,0.0,1.48,89.9,8.718976264893803,24.5,0.0,94.08,45.0,6.338930293092367,6.25,32.05197324350807,0.0,335.5388513446396
t1530,0.0,2.1,7.599858600322261,0.0,0.0,0.0,1.0046868354091816,36.089363458413054,0.0,24.5,0.0,94.08,45.0,8.661160117553488,6.25,65.9749209110584,0.0,291.2599899227564
t1531,0.0,2.1,11.75488541820746,0.0,0.0,0.0,0.8138364500998002,68.44768172916342,0.0,24.5,7.282622820129546,94.08,45.0,20.0,6.25,45.983111579516155,0.0,326.2121379971164
t1532,0.0,2.1,27.77716990964755,0.0,0.0,0.0,0.542148502994012,0.0,0.0,24.5,7.83515196811161,94.08,45.0,20.0,6.25,34.67718028983866,0.0,262.76165067059185
t1533,0.0,2.1,23.63505913421954,0.0,0.0,0.0,0.9413191708279806,39.24664679783147,0.0,24.5,8.026404204786756,94.08,45.0,20.0,6.25,46.32396485774192,0.0,310.1033941654077
t1534,0.0,2.1,4.258120047985905,0.0,0.0,0.0,1.4602627974051903,0.0,0.0,24.5,4.183501567235331,94.08,45.0,20.0,6.25,0.9703738382257641,0.0,202.8022582508522
t1535,0.0,2.1,14.69761703955689,0.0,0.0,0.0,1.48,0.0,0.0,24.5,3.8950667761465323,94.08,45.0,20.0,6.25,0.0,0.0,212.00268381570342
t1536,0.0,2.1,10.075896999274933,0.0,0.0,0.0,1.48,12.683320592607192,0.0,24.5,3.41086014104979,94.08,45.0,20.0,6.25,0.0,0.0,219.5800777329319
t1537,0.0,2.1,7.3521286206243674,0.0,0.0,0.0,1.48,0.0,0.0,24.5,15.885263577478826,94.08,45.0,19.804519207228914,4.41333749969848,0.0,0.0,214.6152489050306
t1538,0.0,2.1,4.704789244994974,0.0,0.0,0.0,1.48,19.78494682779694,0.0,24.5,0.0,94.08,45.0,12.234877450905095,0.703274584723617,0.0,0.0,204.58788810842063
t1539,0.0,2.1,0.0,0.0,0.0,0.48842717770034894,1.48,15.769304724691981,0.0,24.5,13.368716792453586,94.08,45.0,12.616149667034524,0.0,0.0,1.5422825257994168,210.94488088767986
t1540,0.0,2.1,0.0,0.0,0.0,0.6088927824788467,1.48,15.971703754361771,0.0,24.5,0.0,94.08,45.0,11.947123747259443,0.0,0.0,0.33756987380340947,196.02529015790344
t1541,0.0,2.1,0.0,0.0,0.0,0.0,1.48,26.21780823932973,0.0,24.5,0.0,94.08,45.0,12.403616456546182,2.3581013187939686,0.0,0.0,208.13952601466988
t1542,0.0,2.1,0.0,0.0,0.0,0.0,1.48,42.790465984425836,0.0,24.5,0.0,94.08,45.0,1.8266167824899582,4.36053542294617,0.0,0.0,216.13761818986194
t1543,5.699999999999999,2.1,1.1615556127507483,0.0,0.485221629944645,2.5954124733305073,1.48,89.9,10.224,24.5,0.0,94.08,45.0,8.3394066026506,0.0,4.323075678043196,14.868,304.7566719967197
t1544,5.699999999999999,2.1,0.0,45.13512034694364,0.0,0.0,1.3679413648078966,89.9,10.221904209319709,24.5,4.2877298377120105,94.08,45.0,20.0,6.25,0.0,0.0,348.5426957587833
t1545,5.699999999999999,2.1,0.0,32.445956330801195,0.0,0.0,1.48,89.9,8.389425433867737,24.5,0.071506018354239,59.053316362308166,45.0,9.604733756787148,6.25,4.21608008055891,0.0,288.7110179826774
t1546,5.699999999999999,2.1,0.0,35.513618476637,0.0,0.0,1.48,89.9,0.5313289901803626,16.836686471515154,0.0,13.416238956680186,45.0,4.939931766665476,5.1250661249662475,0.0,0.0,220.54287078664441
t1547,5.699999999999999,2.1,0.0,44.50467359596041,0.0,0.0,1.48,89.9,0.0,0.0,5.390405422579026,0.0,45.0,9.7196503302008,6.25,0.0,0.0,210.04472934874025
t1548,5.699999999999999,2.1,0.0,36.39719442988335,0.0,0.0,1.3988683148503,89.9,0.0,0.0,5.703126858374312,0.0,45.0,0.0,6.25,22.313998931680505,0.0,214.76318853478847
t1549,5.699999999999999,2.1,0.0,47.206879554619206,0.0,0.0,0.7182023238323352,89.9,5.28644590701403,0.0,6.778682302428499,0.0,45.0,11.801844613605084,6.25,9.490371654937244,0.0,230.2324263564364
t1550,5.699999999999999,2.1,0.0,39.4653820274184,0.0,0.0,0.9103545423952097,89.9,6.611070585170338,1.5052405502581392,7.881946877777777,0.0,45.0,0.3212474039549801,6.25,9.185361824980424,0.0,214.83060381195526
t1551,5.699999999999999,2.1,0.0,4.674620703897138,0.0,0.0,0.1918602080638724,89.9,2.6432139198396785,24.5,1.9290863159257383,11.657137694475926,45.0,15.613316264000511,6.25,51.939820804049944,0.0,262.0990559102528
t1552,5.699999999999999,2.1,0.0,8.12386976581603,0.0,0.0,0.0,89.9,5.553412411222446,24.5,4.290538138595084,58.34220976514805,45.0,11.907784246045438,6.25,69.47147419349325,0.0,331.1392885203203
t1553,5.699999999999999,2.1,0.0,18.217187987378857,0.0,0.0,1.48,61.37833693841733,3.008243233531112,24.5,0.0,94.08,45.0,7.7922068870682715,6.25,18.09908793386331,0.0,287.6050629802589
t1554,0.0,2.1,7.799846796253794,0.0,0.0,0.0,0.6078364132534929,18.598508213849193,0.0,24.5,0.0,94.08,45.0,11.12315185970485,6.25,36.72968390790333,0.0,246.78902719096467
t1555,0.0,2.1,13.806923673363588,0.0,0.0,0.0,0.8501606017964072,41.38392100044081,0.0,24.5,4.514857000498257,94.08,45.0,20.0,6.25,58.5162467281019,0.0,311.002109004201
t1556,0.0,2.1,10.490091863323254,0.0,0.0,0.0,1.0480827574850304,24.29751071424348,0.0,24.5,0.0,94.08,45.0,20.0,6.25,30.406067386612865,0.0,258.17175272166463
t1557,0.0,2.1,20.65217091669689,0.0,0.0,0.0,1.0569967386922512,50.61433738644377,0.0,24.5,7.750796213253612,94.08,45.0,20.0,6.25,43.536081955161286,0.0,315.5403832102478
t1558,0.0,2.1,16.455596898570004,0.0,0.0,0.0,1.48,0.0,0.0,24.5,10.550056801195815,94.08,45.0,20.0,6.25,2.282906096290277,0.0,222.6985597960561
t1559,0.0,2.1,11.119961450433033,0.0,0.0,0.0,1.48,46.71129398679155,0.0,24.5,10.350268786292018,94.08,45.0,20.0,6.25,0.0,0.0,261.5915242235166
t1560,0.0,2.1,6.403554602497485,0.0,0.0,0.0,1.48,21.298848500739275,0.0,24.5,7.231597013105847,94.08,45.0,20.0,6.25,3.3477432454838536,0.0,231.69174336182647
t1561,0.0,2.1,0.0,0.0,0.0,0.0,1.48,0.09690487925086262,0.0,24.5,0.0,94.08,45.0,20.0,6.25,0.0,0.0,193.50690487925087
t1562,0.0,2.1,2.6811054584894207,0.0,0.0,0.0,1.48,19.309341110694934,0.0,24.5,15.661975087194818,94.08,45.0,16.606112764658633,2.603196004221083,0.0,0.0,224.02173042525888
t1563,0.0,2.1,0.0,0.0,0.0,0.5963778994524646,1.48,19.930825763627404,0.0,24.5,0.0,94.08,45.0,12.464497469555758,0.0,0.0,2.685690669692163,202.83739180232777
t1564,0.0,2.1,2.145566687089623,0.0,0.0,0.7462670980587369,1.48,14.20238209876787,0.0,24.5,0.0,94.08,45.0,11.17978138025515,0.0,0.0,2.8142630217676445,198.24826028593904
t1565,0.0,2.1,0.0,0.0,0.0,0.0,1.48,43.52872081103993,0.0,24.5,15.070257100149478,94.08,45.0,4.947256027424362,1.8619706655276203,0.0,0.0,232.56820460414139
t1566,0.0,2.1,0.0,0.0,0.0,0.0,1.48,8.170896363528845,0.0,24.5,13.62013413838565,94.08,45.0,13.757591474216868,4.737284015276974,0.0,0.0,207.44590599140832
t1567,5.699999999999999,2.1,15.096183219611223,0.0,0.42878488958228717,2.7231085955935876,1.48,89.9,10.224,24.5,14.329401365351268,94.08,45.0,7.144779558152608,0.0,4.093139134876317,14.868,331.6673967631673
t1568,5.699999999999999,2.1,0.0,34.63973451649097,0.0,0.0,1.1440986502370398,89.9,4.692478564488974,24.5,11.876722612202736,94.08,45.0,20.0,6.25,0.0,0.0,339.8830343434197
t1569,5.699999999999999,2.1,0.0,35.3871325670821,0.0,0.0,1.1548490304191612,89.9,2.2702233818436883,24.5,0.4443678985148027,88.95921118077365,45.0,5.274309062091718,6.25,8.395968082043355,0.0,315.33606120276846
t1570,5.699999999999999,2.1,0.0,46.3739404827257,0.0,0.0,1.48,89.9,6.553329475350702,21.373044008080807,0.0,48.536192098299566,45.0,2.0842168467469877,6.25,7.69760685467636,0.0,283.0483297658801
t1571,5.699999999999999,2.1,0.0,62.39616390453019,0.0,0.0,1.48,89.9,5.892537075270543,21.309448048484853,0.0,6.249085127611363,45.0,10.212998570040163,6.25,0.0,0.0,256.4902327259371
t1572,5.699999999999999,2.1,0.0,32.849445637388705,0.0,0.0,0.7723604076646701,89.9,0.3321984155511015,12.99133161720927,3.407516011858491,0.0,45.0,2.67203686105022,6.25,12.460675022146507,0.0,214.43556397286898
t1573,5.699999999999999,2.1,0.0,50.73241546923839,0.0,0.0,0.9317960593612774,89.9,4.855357269509702,24.5,1.3637261527145,2.1247645343979547,45.0,11.51425444971374,6.25,40.52724287299891,0.0,285.4995568079345
t1574,5.699999999999999,2.1,0.0,15.306949554223555,0.0,0.0,0.0784993298203592,89.9,9.269091432104211,24.5,4.18757591986954,40.09158874226404,45.0,16.165460479918234,6.25,55.008859298572744,0.0,313.5580247567727
t1575,5.699999999999999,2.1,0.0,24.87621564640949,0.0,0.0,0.0,89.9,9.047527983216817,24.5,6.801110636026091,84.93950755423549,45.0,7.014853621124494,6.25,60.56614981893744,0.0,366.6953652599498
t1576,5.699999999999999,2.1,0.0,2.5075093321068436,0.0,0.0,0.0,89.9,8.101393886172348,24.5,1.0966064097441068,94.08,45.0,10.257613309076305,5.710160327064677,25.805457578805562,0.0,314.7587408429698
t1577,5.699999999999999,2.1,0.0,11.317714842690407,0.0,0.0,1.48,6.885778602878269,0.0,24.5,4.2623699099451935,94.08,45.0,10.787671527469875,6.25,16.89916001312301,0.0,229.26269489610675
t1578,0.0,2.1,13.45961100177241,0.0,0.0,0.0,0.3245222415968059,0.0,0.0,24.5,0.6582429696163454,94.08,45.0,20.0,6.25,75.77574126175354,0.0,282.1481174747391
t1579,0.0,2.1,31.590219524038282,0.0,0.0,0.0,0.6607490249501001,0.0,0.0,24.5,2.6844238362067245,94.08,45.0,20.0,6.25,47.39509545048384,0.0,274.26048783567893
t1580,0.0,2.1,28.722134662920443,0.0,0.0,0.0,0.8744623982035923,0.0,0.0,24.5,2.3243278525161934,94.08,45.0,13.419583592435371,6.25,47.26843650117482,0.0,264.5389450072504
t1581,0.0,2.1,6.797954904612273,0.0,0.0,0.0,0.8285826438818722,0.0,0.0,24.5,6.024959641255605,94.08,45.0,20.0,6.25,40.25322292225802,0.0,245.8347201120078
t1582,0.0,2.1,2.9453607454984962,0.0,0.0,0.0,1.422093935129741,0.0,0.0,24.5,9.611059292476334,94.08,45.0,20.0,6.25,0.0,0.0,205.90851397310456
t1583,0.0,2.1,12.34305107782477,0.0,0.0,0.0,1.48,0.6032841214391537,0.0,24.5,0.0,94.08,45.0,20.0,6.25,0.0,0.0,206.35633519926392
t1584,0.0,2.1,7.865729856717019,0.0,0.0,0.0,1.48,7.572790687905365,0.0,24.5,13.061290958655317,94.08,45.0,20.0,6.163554228855722,0.0,0.0,221.82336573213342
t1585,0.0,2.1,5.937804350735151,0.0,0.0,0.0,1.48,0.0,0.0,24.5,14.175477827603387,94.08,45.0,20.0,2.195284634974876,0.0,0.0,209.46856681331343
t1586,0.0,2.1,0.0,0.0,0.0,0.2551385764061728,1.48,23.754088458551013,0.0,24.5,15.11235475834579,94.08,45.0,15.731868250078028,0.0,0.0,2.866078314717018,224.879528358098
t1587,0.0,2.1,3.0261568180060445,0.0,0.0,0.44209397710303694,1.48,44.2663726206013,0.0,24.5,0.0,94.08,45.0,9.454930665611714,0.0,0.0,7.001875376742827,231.35142945806493
t1588,0.0,2.1,2.6916794766163092,0.0,0.0,0.6088927824788467,1.48,11.721962662986687,0.0,24.5,0.0,94.08,45.0,9.529820080814934,0.0,0.0,6.681196131459783,198.39355113435658
t1589,0.0,2.1,0.0,0.0,0.0,0.5862964659034358,1.48,56.54545817407592,0.0,24.5,0.0,94.08,45.0,12.41638384400911,0.0,0.0,2.0602507491360695,238.76838923312454
t1590,0.0,2.1,0.0,0.0,0.0,0.0,1.48,39.77664714726354,0.0,24.5,0.0,94.08,45.0,14.79341429566265,1.5372617749446735,0.0,0.0,223.26732321787085
t1591,5.699999999999999,2.1,20.772068072866173,0.0,2.4648041584297866,1.2235000458478216,1.48,89.9,10.224,24.5,0.0,94.08,45.0,7.743853649718875,0.0,4.588479942879973,14.868,324.6447058697426
t1592,5.699999999999999,2.1,0.0,23.713475945440187,0.0,0.0,1.2232622201372396,89.9,10.224,24.5,0.0,94.08,45.0,20.0,6.25,0.0,0.0,322.69073816557744
t1593,5.699999999999999,2.1,0.0,43.770626988924185,0.0,0.0,1.1549951382035932,89.9,9.124809208897796,24.5,0.0,94.08,45.0,6.838646736933361,6.25,0.0,0.0,328.41907807295894
t1594,5.699999999999999,2.1,0.0,32.93989249784373,0.0,0.0,0.9750610064670653,89.9,2.4675423457314616,24.5,0.14183935210235613,61.80791658515231,45.0,3.993311071296926,6.25,17.61440711341744,0.0,293.3899699720113
t1595,5.699999999999999,2.1,0.0,53.00470440882295,0.0,0.0,0.8494634016766475,89.9,5.569116517046702,24.5,0.3885976093627705,32.75224643731245,45.0,12.831112288125912,6.25,0.0,0.0,278.8452406623474
t1596,5.699999999999999,2.1,0.0,20.65474254856577,0.0,0.0,0.8876511491816368,89.9,9.294745407254513,24.5,1.5444695855594595,13.422059689203927,45.0,12.25123069019423,6.25,30.094166229677093,0.0,261.59906529963666
t1597,5.699999999999999,2.1,0.0,33.834229155806156,0.0,0.0,0.09778749504990016,89.9,10.137444674557571,24.5,3.739602152905169,30.564100785981477,45.0,7.0222004277754015,6.25,10.894292726136587,0.0,269.7396574182123
t1598,5.699999999999999,2.1,0.0,4.608470483170804,0.0,0.0,0.0,89.9,6.555767292184368,24.5,7.419036907124938,77.72174019150913,45.0,18.448682989477913,6.25,18.607491999068703,0.0,306.81118986253585
t1599,5.699999999999999,2.1,0.0,52.45257018686449,0.0,0.0,0.12351023101796457,83.59827140760791,7.723819162241476,24.5,2.636601731299542,94.08,45.0,11.384689509566407,6.25,4.667771796951179,0.0,340.2172340255489
t1600,5.699999999999999,2.1,0.0,35.14224963920871,0.0,0.0,0.0,0.0,1.6904407704590823,24.5,5.672800520587943,94.08,45.0,15.267660176626507,5.188511570845773,30.487156503908942,0.0,264.82881918163696
t1601,0.6619140201882026,2.1,0.0,0.0,0.0,0.0,0.0,0.0,0.0,24.5,0.8861719681215774,94.08,45.0,16.764038255299482,4.003174649452738,81.62296635682404,0.0,269.618265249886
t1602,5.699999999999999,2.1,17.748231918751248,0.0,0.0,0.0,0.5570321447904192,0.0,0.0,24.5,0.0,94.08,45.0,14.68891973529952,6.25,77.63401029997053,0.0,288.2581940988117
t1603,0.0,2.1,23.59488139001007,0.0,0.0,0.0,0.5652025179640727,0.0,0.0,24.5,0.0,94.08,45.0,15.883233382473605,6.25,61.072051670645145,0.0,273.0453689610929
t1604,0.0,2.1,20.965996804159126,0.0,0.0,0.0,0.6690253584527303,0.0,0.0,24.5,7.207902063331646,94.08,45.0,20.0,6.25,52.77791959541751,0.0,273.550843821361
t1605,0.0,2.1,9.75422479383685,0.0,0.0,0.0,0.7145369261477043,0.0,0.0,24.5,4.869809666168411,94.08,45.0,20.0,6.25,16.541376354599375,0.0,223.80994774075234
t1606,0.0,2.1,19.936775146304132,0.0,0.0,0.0,1.48,0.0,0.0,24.5,8.58065371200797,94.08,45.0,20.0,5.019901492537314,13.00580494783639,0.0,233.70313529868582
t1607,0.0,2.1,14.046581792829825,0.0,0.0,0.0,1.48,0.0,0.0,24.5,11.072290981564525,94.08,45.0,20.0,5.685561194029853,28.536306832043344,7.380853602658617,253.88159440312617
t1608,0.0,2.1,9.40587081599195,0.0,0.0,0.0,1.48,1.7640559302119119,0.0,24.5,12.990597907324364,94.08,45.0,20.0,6.182955223880597,16.417306630745763,8.424134702356495,242.3449212105111
t1609,0.0,2.1,6.558189043585112,0.0,0.0,0.0,1.48,5.652828724691962,0.0,24.5,0.0,94.08,45.0,20.0,6.25,0.0,1.9886685382074563,207.60968630648452
t1610,0.0,2.1,4.230340100986906,0.0,0.0,0.0,1.48,11.591604024051271,0.0,24.5,0.0,94.08,45.0,17.242176836144576,4.191438259597993,0.0,0.0,204.41555922078075
t1611,0.0,2.1,2.906656314481373,0.0,0.0,0.0,1.48,15.468542417348445,0.0,24.5,0.0,94.08,45.0,14.52074475951807,1.7710664003014978,0.0,0.0,201.82700989164937
t1612,0.0,2.1,2.6021527898086636,0.0,0.0,0.0,1.48,0.8054770610152736,0.0,24.5,15.276455406078725,94.08,45.0,13.074416671485944,0.8118201691457033,0.0,0.0,199.7303220975343
t1613,0.0,2.1,2.666851682054386,0.0,0.0,0.0,1.48,7.686587856481031,0.0,24.5,14.275926258096666,94.08,45.0,13.080249173012044,4.11076489276382,0.0,0.0,208.98037986240794
t1614,0.0,2.1,3.705756012366568,0.0,0.0,0.0,1.48,5.109833616559881,0.0,24.5,0.0,94.08,45.0,15.06370007871486,6.25,0.0,0.0,197.28928970764133
t1615,5.699999999999999,2.1,30.14113180119168,0.0,4.58884153399094,0.0,1.48,89.9,10.224,24.5,0.0,94.08,45.0,6.164805238396891,0.1775534026531741,0.0,7.321647431443167,321.37797940767587
t1616,5.699999999999999,2.1,4.60293220738264,11.212955062956391,0.0,0.0,1.48,89.9,10.224,24.5,0.0,94.08,45.0,20.0,4.8238436031840815,0.0,0.0,313.6237308735231
t1617,5.699999999999999,2.1,9.392000809605948,12.29022169499435,0.0,0.0,1.48,89.9,3.578952967535074,24.5,1.6275555319518364,94.08,45.0,10.062508648273093,5.331665493731343,0.0,0.0,305.04290514609164
t1618,5.699999999999999,2.1,16.58647571563058,0.0,0.0,1.2873657128660045,1.48,89.9,2.653023050100205,24.5,1.229467941876569,66.34221054441805,45.0,16.779376671164655,3.6750593482654517,0.0,0.0,277.2329789843215
t1619,5.699999999999999,2.1,0.0,28.925509360313967,0.0,0.0,1.48,89.9,2.557038198356716,24.5,1.8221830725439037,26.603295491721713,45.0,14.583997730843372,5.606944406666668,0.0,0.0,248.77896826044633
t1620,5.699999999999999,2.1,0.0,0.0,0.0,0.0,1.48,89.9,3.176952639759518,24.5,3.279332806352234,3.222838056105723,45.0,14.009310868514056,4.348708497755009,0.0,0.0,196.71714286848658
t1621,5.699999999999999,2.1,0.0,25.914721627155654,0.0,0.0,1.48,89.9,9.617331732548138,24.5,5.368243515163071,14.320069204012066,45.0,12.109351622788989,2.943025692736318,0.0,0.0,238.95274339440425
t1622,5.699999999999999,2.1,0.0,29.533582301285865,0.0,0.0,0.10498807532934193,89.9,6.75656653314629,24.5,7.7565583267436,38.63732925538649,45.0,10.990426974339993,6.25,5.059150258361309,0.0,272.28860172459287
t1623,5.022730430886572,2.1,0.0,0.0,0.0,0.0,1.48,40.366855562523455,0.0,24.5,10.465326359322367,94.08,45.0,6.618082356626505,6.25,52.81083499506819,0.0,288.69382970442706
t1624,0.0,2.1,13.448352899375632,0.0,0.0,0.0,1.48,8.104381366377543,0.0,24.5,1.5366315613552557,94.08,45.0,7.058426375502007,6.25,54.738325354750565,0.0,258.29611755736096
t1625,0.0,2.1,13.98021735991366,0.0,0.0,0.0,1.197637211656686,0.0,0.0,24.5,0.6553746520577989,94.08,45.0,17.088582274471143,6.25,83.21759180779382,0.0,288.0694033058931
t1626,0.0,2.1,25.946741338690842,0.0,0.0,0.0,0.3869431228343304,0.0,0.0,24.5,0.0,94.08,45.0,20.0,6.25,52.576898458798645,0.0,270.8405829203238
t1627,0.0,2.1,26.52625299121852,0.0,0.0,0.0,0.39624722854291466,0.0,0.0,24.5,0.0,94.08,45.0,18.268590782651756,6.25,41.692710863870936,0.0,258.81380186628417
t1628,0.0,2.1,33.097380397842485,0.0,0.0,0.0,1.48,27.176407940240658,0.0,24.5,0.9732964623816672,94.08,45.0,20.0,3.1747422885572134,29.40689226223475,0.0,280.9887193512568
t1629,0.0,2.1,29.91640656624371,0.0,0.0,0.0,1.48,0.0,0.0,24.5,5.186905829596412,94.08,45.0,20.0,5.032570669576209,2.6835063041540708,0.0,229.97938936957038
t1630,0.0,2.1,9.366787177963896,0.0,0.0,0.0,1.48,0.0,0.0,24.5,8.318115297722033,94.08,45.0,20.0,5.428696823383086,28.0705604402158,0.0,238.3441597392848
t1631,0.0,2.1,15.95805409897281,0.0,0.0,0.0,1.48,0.0,0.0,24.5,11.605944195316395,94.08,45.0,20.0,4.963197014925373,16.0303383586278,0.0,235.7175336678424
t1632,0.0,2.1,11.811939295347434,0.0,0.0,0.0,1.48,0.9488148822080026,0.0,24.5,1.5103689920478314,94.08,45.0,20.0,5.464383084577115,4.149660714589933,0.0,211.04516696877033
t1633,0.0,2.1,8.515369305417929,0.0,0.0,0.0,1.48,6.842155011138509,0.0,24.5,1.253493872635777,94.08,45.0,20.0,3.9294692688974657,0.0,0.0,207.70048745808967
t1634,0.0,2.1,6.037623081852965,0.0,0.0,0.0,1.48,6.3096573255791055,0.0,24.5,0.8192999244656205,94.08,45.0,17.238875493493975,2.2341116264321492,0.0,0.0,199.79956745182378
t1635,0.0,2.1,5.58873486433031,0.0,0.0,0.12215808860129504,1.48,16.03500514302613,0.0,24.5,0.0,94.08,45.0,13.555515544150943,0.0,0.0,1.5241395267924607,203.98555316690113
t1636,0.0,2.1,3.6655465461027235,0.0,0.0,0.309114385266302,1.48,18.739208005519973,0.0,24.5,0.0,94.08,45.0,11.38425570240525,0.0,0.0,1.9683162894538193,203.22644092874805
t1637,0.0,2.1,3.7704690033031283,0.0,0.0,0.3958441015430569,1.48,3.4477242377525856,0.0,24.5,0.0,94.08,45.0,11.09085124765301,0.0,0.0,0.6542030828004038,186.51909167305217
t1638,0.0,2.1,3.6253370798388787,0.0,0.0,0.0,1.48,1.2472456981764544,0.0,24.5,10.114602756216765,94.08,45.0,11.540374693172687,1.4755118089363368,0.0,0.0,195.16307203634113
t1639,5.699999999999999,2.1,0.0,0.053699730365976604,0.0,0.0,1.2124132673370878,89.9,9.775344697915834,24.5,0.5645566120179336,94.08,45.0,14.733084692685916,3.592648736836415,0.0,0.0,291.21174773715916
t1640,5.699999999999999,2.1,0.0,18.67366659208698,0.0,0.0,0.4120033403592811,89.9,9.596090687566612,24.5,0.8067505183442045,52.90959688684236,45.0,20.0,6.25,0.0,0.0,275.84810802519945
t1641,5.699999999999999,2.1,0.0,27.636416152047484,0.0,0.0,1.2091904705389231,89.9,10.224,13.783488830887869,1.8989342689486741,0.0,45.0,6.284216975090884,6.25,33.47815065611714,0.0,243.46439735363094
t1642,5.699999999999999,2.1,0.0,24.823991549396677,0.0,0.0,1.0505692061651828,89.9,5.172467514859306,0.0,6.308261051299548,0.0,45.0,11.626819885958131,6.25,0.0,0.0,197.93210920767885
t1643,5.699999999999999,2.1,0.0,23.5889990707103,0.0,0.0,1.1105501511776443,89.9,3.3840629547895795,0.0,5.8857742932563974,65.26478125628645,45.0,10.336670686113877,6.25,32.61456992504628,0.0,291.1354083373805
t1644,5.699999999999999,2.1,0.0,9.810078498239388,0.0,0.0,0.40304942962075807,89.9,9.105181850781563,0.0,6.445559569362769,0.0,45.0,2.0767754144547834,6.25,10.08057063785942,0.0,186.87121540031868
t1645,5.699999999999999,2.1,1.912403275125885,0.0,0.0,0.0,0.21683984878243517,89.9,10.224,0.0,7.9344165932965405,39.03228339690308,45.0,20.0,6.25,17.14483361875169,0.0,245.41477673285965
t1646,5.699999999999999,2.1,22.887803516737165,0.0,0.0,0.0,0.0,89.9,10.224,0.0,9.59603724121425,0.0,45.0,15.718619535165415,6.25,0.0,0.0,207.37646029311682
t1647,5.699999999999999,2.1,4.3095351462792415,0.0,0.0,0.0,0.5762632530906897,89.9,7.965650861683365,14.556605925093681,7.350792272137521,0.0,45.0,10.013382791356408,4.9008971937391275,0.0,0.0,192.37312744338
t1648,0.0,2.1,16.35268142490435,0.0,0.0,0.0,1.48,71.32586151408576,0.0,24.5,5.871463830436527,33.20230438956524,45.0,5.150967722971895,6.25,0.0,0.0,211.23327888196377
t1649,0.0,2.1,21.76780591520647,0.0,0.0,0.0,1.020171575668879,1.6648875465056767,0.0,24.5,0.0,94.08,45.0,16.575920662012965,6.25,40.75330083759144,0.0,253.71208653698542
t1650,0.0,2.1,27.09084465284997,0.0,0.0,0.0,0.06673899045908134,0.0,0.0,24.5,0.0,94.08,45.0,20.0,6.25,34.67960975487753,0.0,253.76719339818658
t1651,0.0,2.1,37.336815428277944,0.0,0.0,0.0,0.5361629970059887,0.0,0.0,24.5,5.615102142501247,94.08,45.0,20.0,6.25,59.1338400196774,0.0,294.5519205874626
t1652,0.0,2.1,32.98415480390735,0.0,0.0,0.0,0.291168063872255,47.91065259630084,0.0,24.5,0.0,94.08,45.0,20.0,6.25,21.36061577370965,0.0,294.4765912377901
t1653,0.0,2.1,27.87807423995973,0.0,0.0,0.0,0.5923461077844309,0.0,0.0,24.5,9.190605879422026,94.08,45.0,20.0,6.25,38.98348518096773,0.0,268.57451140813396
t1654,0.0,2.1,23.69722026211482,0.0,0.0,0.0,1.289250022954091,3.2189004995564563,0.0,24.5,0.0,94.08,45.0,20.0,6.25,3.7143763125779543,0.0,223.8497470972033
t1655,0.0,2.1,18.71326255818732,0.0,0.0,0.0,1.3573310373547098,3.428083270970933,0.0,24.5,0.0,94.08,45.0,20.0,6.25,0.0,0.0,215.42867686651294
t1656,0.0,2.1,0.0,0.0,0.0,0.0,1.48,50.45335777796949,0.0,24.5,2.656602421920288,94.08,45.0,20.0,6.25,1.2168680835483725,0.0,247.73682828343814
t1657,0.0,2.1,10.561385418207463,0.0,0.0,0.0,1.48,0.0,0.0,24.5,0.0,94.08,45.0,20.0,4.447608856482406,0.0,0.0,202.16899427468988
t1658,0.0,2.1,7.878573736435061,0.0,0.0,0.0,1.48,44.37368617013308,0.0,24.5,0.0,94.08,45.0,6.009378759437749,0.1669053388944555,0.0,0.0,225.5885440049003
t1659,0.0,2.1,5.855242417200412,0.0,0.0,0.16849128919860706,1.48,14.057874718580587,0.0,24.5,13.077668777661819,94.08,45.0,12.555305685952376,0.0,0.0,3.6110432010725186,216.4856260896663
t1660,0.0,2.1,4.49610042324269,0.0,0.0,0.3444728720756601,1.48,30.244497407195684,0.0,24.5,0.0,94.08,45.0,9.57560995971556,0.0,0.0,5.949136904587894,217.7698175668175
t1661,0.0,2.1,0.0,0.0,0.0,0.3865771030363367,1.48,23.291148759152296,0.0,24.5,0.0,94.08,45.0,6.546193515991738,0.0,0.0,5.934107750129098,203.31802712830947
t1662,0.3006718634700028,2.1,3.2572790656565314,0.0,0.0,0.5087504230960692,1.48,7.217912801498287,0.0,24.5,0.0,94.08,45.0,7.664479968446533,0.0,0.0,5.554488143119523,191.66358226528695
t1663,5.699999999999999,2.1,13.627085950735149,0.0,0.0,0.0,0.3659705449900205,89.9,8.519319058476952,24.5,0.9716905140807062,94.08,45.0,11.293229715301129,6.25,5.369135039531699,0.0,307.67643082311565
t1664,5.699999999999999,2.1,0.0,20.93186701218595,0.0,0.0,1.2621225709556017,89.9,5.312892262746553,24.5,1.132020053968892,63.037188546412246,45.0,4.243336213466488,6.25,0.0,0.0,269.3694266597357
t1665,5.699999999999999,2.1,0.0,31.01778347628092,0.0,0.0,1.166601525429141,89.9,1.134151533106214,23.66704454747475,0.0,37.97793186825909,45.0,10.620129219149765,6.25,24.6757637846603,0.0,279.2094059543602
t1666,5.699999999999999,2.1,0.0,31.53330162939664,0.0,0.0,1.0538713857085833,89.9,6.918559643527055,6.456468130038033,4.767575416880905,0.0,45.0,13.565803938600071,6.25,36.94204663714545,0.0,250.18762678129679
t1667,5.699999999999999,2.1,0.0,20.074777155014836,0.0,0.0,1.3249820873053897,89.9,7.21899225683367,0.0,5.5063380961966875,67.40761446483332,45.0,10.243410941022532,6.25,35.87334583880694,0.0,296.59946084001336
t1668,5.699999999999999,2.1,43.54,0.0,0.0,0.0,0.5597751781237528,89.9,2.0065268389979973,0.0,3.5568192764174626,90.35778412893873,45.0,3.9409868074428673,6.25,34.456946697920614,0.0,327.3688389278414
t1669,5.699999999999999,2.1,8.498330722983042,0.0,0.0,0.0,0.1612334615568859,89.9,8.368304700320644,0.0,5.375822470587056,66.04684969113235,45.0,12.873661718084792,6.25,90.02978332150231,0.0,340.3039860861671
t1670,5.699999999999999,2.1,43.54,0.0,0.0,0.0,0.0,89.9,9.681668583446896,0.0,6.722133501515305,33.930588960438385,45.0,6.020225383855422,4.932423099701493,28.391303959566653,0.0,275.91834348852416
t1671,5.699999999999999,2.1,25.144310345176223,0.0,0.0,0.0,0.1695705104590823,89.9,4.2041216086573145,7.986194315623276,6.542091333353271,0.0,45.0,11.143448100003688,6.25,43.48696773749955,0.0,247.62670395077242
t1672,5.699999999999999,2.1,26.628035972245712,0.0,0.0,0.0,1.48,43.3540495620411,0.2914024452837674,2.2941996122903987,6.988635338375691,0.0,45.0,5.555823314297188,6.25,36.8527698768234,0.0,182.49491612135722
t1673,0.0,2.1,27.239226476253783,0.0,0.0,0.0,1.3105234392015972,30.22174333314933,0.0,24.5,2.031980753622313,94.08,45.0,12.305380968346999,6.25,26.92795311073106,0.0,271.9668080813051
t1674,0.0,2.1,10.816550997260832,0.0,0.0,0.0,0.6018278219657043,0.0,0.0,24.5,11.2594668515994,94.08,45.0,20.0,6.25,42.84610047791857,0.0,257.4539461487445
t1675,0.0,2.1,9.831372830090627,0.0,0.0,0.0,0.19613932135728446,0.0,0.0,24.5,0.0,94.08,45.0,20.0,6.25,25.7991641608064,0.0,227.75667631225429
t1676,0.0,2.1,23.649721772688835,0.0,0.0,0.0,0.8497637954091822,0.0,0.0,24.5,0.0,94.08,45.0,20.0,6.25,33.33687283713417,0.0,249.76635840523218
t1677,0.0,2.1,20.725639194642497,0.0,0.0,0.0,1.1122615998003997,0.0,0.0,24.5,0.0,94.08,45.0,20.0,6.25,21.359953335967713,0.0,235.12785413041058
t1678,0.0,2.1,16.106448627764372,0.0,0.0,0.0,1.3594388453093822,0.0,0.0,24.5,0.0,94.08,45.0,19.17684420799445,6.25,0.0,0.0,208.5727316810682
t1679,0.0,2.1,0.0,0.0,0.0,0.0,1.48,24.393208268181418,0.0,24.5,16.257069257598406,94.08,45.0,6.663706057590358,3.9784935359798825,0.0,0.0,218.45247711935008
t1680,0.0,2.1,9.07318400833838,0.0,0.0,0.0,1.48,23.918867596254316,0.0,24.5,0.0,94.08,45.0,10.67370131028112,1.1662029850746283,0.0,0.0,211.99195589994844
t1681,5.699999999999999,2.1,0.7972938542502828,0.0,0.0,1.2058449975112004,1.48,7.711225021586993,0.0,24.5,18.098009965122074,94.08,45.0,10.073274108023236,0.0,26.3342098219048,14.868,251.9478577683986
t1682,5.699999999999999,2.1,1.8064590662562063,0.0,0.0,1.3987361871577906,1.48,12.047689919763439,0.0,24.5,0.0,94.08,45.0,13.502414244819278,0.0,29.332961134810176,14.868,245.81626055280688
t1683,5.699999999999999,2.1,2.4318850841310855,0.0,0.0,1.5284687904430077,1.48,53.99824775660879,5.5970569731849364,0.0,0.0,94.08,45.0,10.339181138473895,0.0,25.488939574126995,14.868,262.6117793169687
t1684,5.699999999999999,2.1,2.3821273880039784,0.0,0.0,1.5656183175709315,1.48,79.06813103215917,9.075835136220784,24.5,0.0,87.2009932095547,45.0,8.570493760963856,0.0,25.846663790158768,14.868,307.35786263463217
t1685,5.699999999999999,2.1,1.3475732668520417,0.0,0.0,1.5153052264808369,1.48,53.03278664871255,6.059047935528835,24.5,1.1730908053386933,94.08,45.0,8.22690457574297,0.0,22.34425744095242,14.868,281.4269658996083
t1686,5.699999999999999,2.1,0.0,0.0,0.0,1.3523348929815837,1.48,1.5303525082306644,0.0,24.5,11.150489536889117,94.08,45.0,7.9290734938945695,0.0,16.910581229302448,14.868,226.60083166129837
t1687,5.699999999999999,2.1,3.509563190903675,0.0,0.0,3.5656218951518177,1.48,89.9,9.831304315470941,24.5,0.0,94.08,45.0,9.46205999289622,0.0,0.0,3.717479678269779,292.8460290726925
t1688,5.699999999999999,2.1,36.40605919416089,0.0,0.0,3.741328338307617,1.48,89.9,4.015580266813626,1.5959626560046025,0.0,94.08,45.0,0.0,0.0,18.355553387959343,7.058527352749246,309.43301119599533
t1689,5.699999999999999,2.1,35.83623765803402,0.0,0.0,4.364056660856148,1.48,89.9,9.43195257446894,0.0,0.0,41.785593797246946,45.0,0.0,0.0,11.439035616067738,14.868,261.9048763066738
t1690,5.699999999999999,2.1,43.54,0.0,0.0,4.468579408491787,1.48,89.9,7.634662072585169,5.7851960391082,2.9667578158545007,0.0,45.0,0.0,0.0,0.0,14.868,223.44319533603965
t1691,5.699999999999999,2.1,32.24666168385305,0.0,0.0,3.2119434933598807,1.48,89.9,6.9108685765130256,0.0,4.7385077060511795,0.0,45.0,0.0,0.0,20.84128691940389,11.812488836515609,223.9417572156966
t1692,5.699999999999999,2.1,29.548049530923546,0.0,0.0,2.8026455341762073,1.48,89.9,10.146724501232006,0.0,5.673948562458605,0.0,45.0,0.0,0.0,0.0,3.8491554565452017,196.20052358533556
t1693,5.699999999999999,2.1,24.904473819543192,0.0,0.0,2.0677867984868104,1.48,89.9,7.3015282573146285,0.0,6.0932001183843445,24.00849164157976,45.0,0.0,0.0,0.0,8.39081721767557,216.9462978529843
t1694,5.699999999999999,2.1,27.269766533897293,2.0926017979077725,0.0,0.0,0.7667322933466925,89.9,10.224,0.0,8.31842010799799,0.0,45.0,0.0,4.290180829717947,0.0,0.0,195.6617015628677
t1695,5.699999999999999,2.1,6.229891292608527,30.868927714463105,0.0,0.0,1.48,89.9,3.1702816440881776,24.5,0.0,34.177176160080975,45.0,3.1657372791967866,1.5022648046766178,0.0,0.0,247.79427889511416
t1696,5.699999999999999,2.1,0.0,7.688268160751746,0.0,0.0,0.2508499515768468,89.9,6.03839501322645,24.5,0.0,78.97593989902836,45.0,8.803118473024712,6.25,34.78921059206673,0.0,309.9957820896749
t1697,5.699999999999999,2.1,9.871110025938432,0.0,0.0,0.30427366220010255,1.48,36.34631589490851,4.019577492636956,0.0,0.0,94.08,45.0,19.616014296305224,0.0,0.0,0.0,218.51729137198922
t1698,0.9245682314214928,2.1,0.0,0.0,0.0,0.0,0.8325726767024834,0.0,0.0,24.5,1.8342171250376418,94.08,45.0,20.0,0.6270972660301282,0.0,0.0,189.89845529919174
t1699,0.0,2.1,0.0,0.0,0.0,0.0,1.48,0.0,0.0,24.5,0.0,94.08,45.0,20.0,0.32867004271356826,0.0,3.157000812617245,190.6456708553308
t1700,1.4423150606865052,2.1,0.0,0.0,0.0,0.0,1.48,0.0,0.0,24.5,0.0,94.08,45.0,6.7431521064257,0.0,0.0,14.868,190.2134671671122
t1701,5.699999999999999,2.1,0.0,0.0,0.0,0.0,1.48,0.0,0.0,24.5,0.0,94.08,45.0,18.93249436465863,0.0,0.0,14.868,206.66049436465863
t1702,0.0,2.1,0.0,4.286443484645718,0.0,0.0,1.48,0.0,0.1964929859719445,0.0,0.0,94.08,45.0,18.24471903100401,0.13073986892050757,0.0,14.868,180.38639537054217
t1703,5.699999999999999,2.1,0.0,11.128529383660254,0.0,0.12531727227476475,1.48,0.0,0.2699186949899796,24.5,5.331911960155644,94.08,45.0,17.972933959518066,0.0,10.830212440735586,14.868,233.38682371133427
t1704,5.699999999999999,2.1,0.0,6.3604019822446745,0.0,0.5236145345943257,1.48,5.137353847609665,0.0,24.5,0.0,94.08,45.0,18.79149508,0.0,23.99091287567869,14.868,242.53177832012733
t1705,5.699999999999999,2.1,0.0,4.515916643518703,0.0,0.8537985067197613,1.48,8.918051631739782,0.0,0.0,0.0,94.08,45.0,12.245828835371215,0.0,25.312109812674354,14.868,215.0737054300238
t1706,5.699999999999999,2.1,0.0,1.5051866131850091,0.0,1.1578049776007975,1.48,12.806367058058163,0.0,24.5,0.0,94.08,45.0,13.005595847068273,0.0,32.913144337172085,14.868,249.11609883308432
t1707,5.699999999999999,2.1,0.0,0.7721128012537688,0.0,1.3043638626182197,1.48,53.04335128399475,5.2474957226470424,24.5,0.0,94.08,45.0,10.189241204176707,0.0,30.07972580886902,14.868,288.3642906835595
t1708,5.699999999999999,2.1,0.0,0.9226648740545901,0.0,1.4139389746142372,1.48,66.91035071822915,7.155703523853702,24.5,0.0,94.08,45.0,8.826105187791162,0.0,27.406183078189635,14.868,300.3629463567325
t1709,5.699999999999999,2.1,0.0,1.4826972299696577,0.0,1.3619190642110508,1.48,36.38666436458808,3.5807174015167726,0.0,0.0,94.08,45.0,8.369458506345383,0.0,19.54271811952432,14.868,233.95217468615525
t1710,5.699999999999999,2.1,0.0,3.4777346414964407,0.0,1.1895993031358896,1.48,2.22709573149334,0.0,24.5,0.0,94.08,45.0,0.0,0.0,12.437641917792504,14.868,207.06007159391817
t1711,5.699999999999999,2.1,0.0,0.0,1.4966036991041762,2.4841084496944386,1.48,89.9,10.224,0.0,0.0,94.08,45.0,5.138065340562245,0.0,23.586857125473564,14.868,296.0576346148344
t1712,5.699999999999999,2.1,27.258670053346584,0.0,0.0,3.691810866928821,1.48,89.9,4.794145377835671,4.566097266439983,0.0,94.08,45.0,0.0,0.0,6.560179217786714,13.125913374642375,298.2568161569801
t1713,5.699999999999999,2.1,41.36668466736843,0.0,0.0,4.349228388083623,1.48,89.9,4.627609462493193,17.059159885252527,0.0,39.7768537537652,45.0,0.0,0.0,0.0,6.710994653537968,258.07053081050094
t1714,5.699999999999999,2.1,43.54,0.0,0.0,3.481983811926332,1.48,89.9,7.377576314028054,0.0,3.0957056666432514,0.0,45.0,0.0,0.0,0.0,9.939998661382896,211.61526445398053
t1715,5.699999999999999,2.1,36.717288872651444,0.0,0.0,3.2892608828893577,1.48,89.9,6.059638106573149,0.0,1.4157843386352233,3.2095265075422184,45.0,0.0,0.0,0.0,8.459482333353472,203.33098104164486
t1716,5.699999999999999,2.1,35.45109378562068,0.0,0.0,2.7095669876356405,1.48,89.9,5.672596022404812,0.0,1.2532525048570007,39.788200822177316,45.0,0.0,0.0,0.0,0.0,229.05471012269544
t1717,5.699999999999999,2.1,33.582198055729904,0.0,0.0,2.1571300538377303,1.48,89.9,6.374827287695392,0.0,0.41242899156046126,53.712295703441235,45.0,0.0,0.0,0.0,6.981787405281877,247.40066749754658
t1718,5.699999999999999,2.1,35.5776118391427,0.0,0.0,0.0,1.48,89.9,10.224,0.0,1.4496201362167584,37.82981604198699,45.0,0.0,2.284487803689381,0.0,0.0,231.54553582103586
t1719,5.699999999999999,2.1,20.33451005244715,16.20461511093906,0.0,0.0,1.48,89.9,10.224,0.0,4.327805899969894,0.0,45.0,0.0,1.6688657997014942,0.0,0.0,196.9397968630576
t1720,5.699999999999999,2.1,0.0,29.754793038536107,0.0,0.0,0.18305953241516978,89.9,3.935031475991985,0.0,7.375824163411942,2.6387926972313456,45.0,9.263661761224224,6.25,4.940133942941045,0.0,207.04129661175182
t1721,5.699999999999999,2.1,10.722294418011527,0.0,0.0,0.0,0.0,89.9,9.258900276873751,24.5,2.4610964943401936,94.08,45.0,16.924970605622494,3.5438006717412947,3.766917757990264,0.0,307.9579802245795
t1722,5.699999999999999,2.1,0.0,0.0,0.0,0.0,1.48,0.0,0.0,24.5,11.025075172536127,94.08,45.0,19.203134261469486,1.3103052185929658,0.0,6.222550214359202,210.62106486695774
t1723,5.699999999999999,2.1,0.0,0.0,0.0,0.0,1.1655035159680638,0.0,0.0,0.0,2.6130682610861973,94.08,45.0,6.023858153772967,0.0,0.0,14.868,171.55042993082722
t1724,3.859703251584933,2.1,0.0,0.0,0.0,0.0,1.48,0.0,0.0,24.5,0.0,94.08,45.0,16.88359547056151,0.6563649945486514,0.0,12.856436902770682,201.4161006194658
t1725,5.699999999999999,2.1,0.0,0.0,0.0,0.0,1.48,0.0,1.7100477146292574,24.5,13.173658196312905,94.08,45.0,5.971688611004012,0.0,0.0,14.868,208.58339452194616
t1726,5.699999999999999,2.1,0.0,0.0,0.0,0.0,1.48,0.0,0.0,24.5,0.0,94.08,45.0,19.104594578728946,0.4657678391959782,0.0,12.442490982875576,204.87285340080052
t1727,5.699999999999999,2.1,0.0,8.29718054645095,0.0,0.03273419611747265,1.48,0.0,0.08995667494989938,24.5,0.0,94.08,45.0,5.873222498393573,0.0,6.917249723865889,14.868,208.93834363977777
t1728,5.699999999999999,2.1,0.0,4.45647882754298,0.0,0.4663908412145356,1.48,4.357561542040415,0.0,24.5,0.0,94.08,45.0,6.6406256253011975,0.0,22.003467211467598,14.868,225.65252404756674
t1729,5.699999999999999,2.1,0.0,2.1851401015571126,0.0,0.8259984071677456,1.48,9.544237652045346,0.0,24.5,0.0,94.08,45.0,15.226405221365457,0.0,28.648345603943586,14.868,244.15812698607928
t1730,5.699999999999999,2.1,0.0,0.15896012177957403,0.0,1.1207387755102045,1.48,35.68826802005616,3.1947623588621323,24.5,0.0,94.08,45.0,11.677329959839357,0.0,27.60549131790828,14.868,267.1735505539557
t1731,5.699999999999999,2.1,0.14253056575968956,0.0,0.0,1.267297660527627,1.48,51.50034732349928,5.254041149898418,24.5,0.0,88.69368724202427,45.0,9.685221669558235,0.0,21.8668082346032,14.868,272.0579338458707
t1732,5.699999999999999,2.1,0.13712242276067993,0.0,0.0,1.322980288700847,1.48,47.62552707103863,4.68405108661028,24.5,0.0,74.91055068242916,45.0,8.689142090441766,0.0,15.935934812222232,14.868,246.9533084542036
t1733,5.699999999999999,2.1,0.0,2.406630495894827,0.0,1.2525097063215545,1.48,7.615158658255306,0.0,0.0,0.0,87.65757312267209,45.0,8.980620945060242,0.0,12.678295833409367,14.868,189.73878876161342
t1734,5.699999999999999,2.1,0.0,6.380555672841229,0.0,1.081896764559483,1.48,0.0,0.20108998957915808,24.5,0.0,94.08,45.0,10.885404194859435,0.0,7.224334631003383,14.868,213.5012812528427
t1735,5.699999999999999,2.1,2.6598275347368476,0.0,0.2944596939305542,2.979964473742779,1.48,89.9,10.224,24.5,15.39829126093672,94.08,45.0,8.05731405004016,0.0,16.154591331652412,14.868,333.39644834503946
t1736,5.699999999999999,2.1,42.984429287189684,0.0,0.0,3.707351434375312,1.48,89.9,3.7051329404809605,24.5,4.917950776818862,94.08,45.0,1.0424827938152554,0.0,5.74340448898823,14.868,339.72875172166835
t1737,5.699999999999999,2.1,43.54,0.0,0.0,3.7769401085913388,1.48,89.9,10.224,17.001903996161616,0.0,23.972447812469653,45.0,0.0,0.0,18.202556520551298,1.9889451656205253,262.8867936033944
t1738,5.699999999999999,2.1,43.54,21.361378937171107,0.0,4.935920677341369,1.48,89.9,10.224,0.0,2.4658997805418967,34.89530631650885,45.0,0.0,0.0,49.79168914644283,12.72622056654582,324.1204154245518
t1739,5.699999999999999,2.1,43.54,1.543705190385752,0.0,5.202078845196616,1.48,89.9,5.794095514789054,0.0,0.9253869857601604,20.330363051958233,45.0,0.0,0.0,24.401843050301473,0.0,245.9174726383913
t1740,5.699999999999999,2.1,43.54,14.211963811442203,0.0,4.092120978845198,1.48,89.9,10.224,0.0,0.11687281386853973,48.52024328338651,45.0,0.0,0.0,47.346080749174995,0.0,312.2312816367175
t1741,5.699999999999999,2.1,43.54,0.0,0.0,3.718658161523146,1.48,89.9,10.224,0.0,0.01220648170596978,41.43114699434687,45.0,0.0,0.0,10.768302007614153,5.6002054896878155,259.47451913487794
t1742,5.699999999999999,2.1,43.54,0.0,0.0,3.16969142765555,1.48,89.9,8.281205624008017,0.0,1.359113026904166,94.08,45.0,0.0,0.0,6.68953312678761,0.0,301.29954320535535
t1743,5.699999999999999,2.1,43.54,0.0,0.0,3.2506155458735693,1.48,89.9,10.091756089899798,0.0,4.147049725720019,0.0,45.0,0.0,0.0,17.682248789280266,0.0,222.89167015077365
t1744,5.699999999999999,2.1,31.93944653909657,4.0961708136085075,0.0,0.0,1.48,89.9,6.004794589258519,0.0,0.0,9.96123647854252,45.0,3.473535671164658,2.1178797300497525,0.0,0.0,201.77306382172054
t1745,5.699999999999999,2.1,18.7255062651059,0.0,6.140228941348761,0.0,1.48,89.9,10.224,24.5,13.836031785989038,94.08,45.0,12.450719015942031,3.022044182224606,0.0,8.493563284746264,335.65209347535654
t1746,2.541900892476454,2.1,0.0,0.0,0.0,0.3970333267794927,1.48,0.0,0.0,0.0,2.5879212755356225,94.08,45.0,17.659905242730918,0.0,0.0,14.868,180.7147607375225
t1747,0.0,2.1,0.0,0.0,0.0,0.0,1.48,0.0,2.246528559901736,0.0,2.5126826108619804,94.08,45.0,17.240175407275185,0.0,0.0,14.868,179.52738657803891
t1748,0.0,2.1,0.0,0.0,0.0,0.0,1.48,0.0,0.0,24.5,0.0,94.08,45.0,16.88202415678715,0.0,12.705586063968275,14.868,211.6156102207554
t1749,5.699999999999999,2.1,0.0,0.0,0.0,0.0,1.48,0.0,0.0,24.5,0.0,94.08,45.0,7.775785584979917,0.0,0.0,14.868,195.50378558497994
t1750,5.699999999999999,2.1,0.0,0.0,0.0,0.1870181184668993,1.48,0.0,0.28818532264529106,24.5,0.0,94.08,45.0,6.9869766818473895,0.0,0.0,14.868,195.19018012295956
t1751,5.699999999999999,2.1,0.0,0.0,0.0,1.5255034113987063,1.48,0.0,0.0,0.0,7.823391131041357,94.08,45.0,7.642412477991963,0.0,8.877253304444473,14.868,189.09656032487652
t1752,5.699999999999999,2.1,0.0,0.0,0.0,0.8741208561473377,1.48,0.0,0.12517669461077904,24.5,0.0,94.08,45.0,20.0,0.0,15.175253304444455,14.868,223.90255085520258
t1753,5.699999999999999,2.1,0.0,0.0,0.0,2.1607327500066558,1.48,0.0,1.0202226778443115,24.5,0.0,94.08,45.0,10.45165733309015,0.0,21.376554891746043,14.868,222.73716765268716
t1754,5.699999999999999,2.1,0.0,1.6972027911425513,0.0,1.3616699850671978,1.48,6.954648243666833,0.0,0.0,0.0,94.08,45.0,13.012748648674698,0.0,23.62589008521998,14.868,209.88015975377124
t1755,5.699999999999999,2.1,0.0,1.1210207891203194,0.0,1.4728685913389745,1.48,10.952109962345972,0.0,24.5,6.001287603933783,94.08,45.0,10.566244881606424,0.0,19.206774846982984,14.868,237.04830667532846
t1756,5.699999999999999,2.1,0.0,1.7185354503943193,0.0,1.5100181184669001,1.48,19.99765880484419,1.1340542210371671,24.5,2.0379071488610268,94.08,45.0,9.19193388562249,0.0,14.746578455708063,14.868,238.06468608493415
t1757,5.699999999999999,2.1,0.0,4.018681052012115,0.0,1.4563747137879548,1.48,6.621595744110403,0.0,24.5,5.183527547686903,94.08,45.0,9.002192042248996,0.0,14.441147573142707,14.868,228.45151867298907
t1758,0.0,2.1,0.0,0.0,0.0,1.2394285714285724,1.48,0.0,0.0,24.5,0.0,94.08,45.0,8.579917310066522,0.0,6.093579160399596,14.868,197.9409250418947
t1759,5.699999999999999,2.1,1.2828998823038793,0.0,1.0747482007649798,2.696978875154913,1.48,89.9,10.224,24.5,0.0,94.08,45.0,4.568671021044174,0.0,15.935925102891476,14.868,313.4112230821594
t1760,5.699999999999999,2.1,38.661913397537255,0.0,0.0,3.856902852991539,1.48,89.9,3.628807849098194,24.5,9.998708735650313,94.08,45.0,0.0,0.0,12.67510291062174,8.363521327613293,339.9449570735123
t1761,5.699999999999999,2.1,43.54,4.2404288927794465,0.0,3.9360963057043317,1.48,89.9,8.48136226672372,0.0,0.0,40.75870215157894,45.0,0.0,0.0,0.0,14.208366927876334,259.34495654466275
t1762,5.699999999999999,2.1,43.54,2.3900894947499536,0.0,4.311084956774515,1.48,89.9,10.224,6.057997278595624,1.3530123904833091,0.0,45.0,0.0,0.0,5.120509594551512,14.868,232.04469371515492
t1763,5.699999999999999,2.1,43.54,0.0,0.0,4.407129157869588,1.48,89.9,0.0,0.0,1.7819549254691414,0.0,45.0,0.0,0.0,17.88697281226477,0.0,211.7960568956035
t1764,5.699999999999999,2.1,43.54,0.0,0.0,4.1779799293977105,1.48,89.9,6.536657402765529,0.0,0.5894314520923227,1.9900798870649914,45.0,0.0,0.0,29.574268460486383,10.585107334159117,241.17352446596604
t1765,5.699999999999999,2.1,43.54,0.0,0.0,4.53836180808303,1.48,89.9,0.0,0.0,2.0594369472855,0.0,45.0,0.0,0.0,18.35774083832173,12.512916045740177,225.18845563943043
t1766,5.699999999999999,2.1,43.54,0.0,0.0,4.0918498913190655,1.48,89.9,1.4077484758316618,0.0,2.628979985539387,0.0,45.0,0.0,0.0,20.92907484856912,0.0,216.77765320125923
t1767,5.699999999999999,2.1,43.54,2.6196423259899873,0.0,3.3225089256645113,1.48,89.9,3.814637291302605,0.0,5.476690288610135,0.0,45.0,0.0,0.0,6.029351503338181,3.6907416889627402,212.67357202386813
t1768,5.699999999999999,2.1,18.018100924606674,16.993763565557725,0.0,0.0,1.48,89.9,6.963748341322644,0.0,0.0,23.814553939190287,45.0,7.186351224979915,2.139590177810947,0.0,0.0,219.2961081734682
t1769,5.699999999999999,2.1,16.996729898828203,0.0,0.0,1.6392482764360383,1.48,0.6781789731690441,0.0,24.5,0.0,94.08,45.0,11.711351608273093,0.0,0.0,14.868,218.75350875670637
t1770,1.1208808238880577,2.1,0.0,0.0,0.0,0.0,1.48,0.0,0.0,24.5,0.0,94.08,45.0,8.288489281204821,0.0,0.2507619179365792,14.868,191.68813202302945
t1771,0.0,2.1,0.0,0.0,0.0,0.0,1.48,0.0,0.0,24.5,0.0,94.08,45.0,13.854151414212046,0.0,0.0,14.868,195.88215141421205
t1772,5.699999999999999,2.1,0.0,0.0,0.0,0.0,1.48,0.0,3.2499210997995944,0.0,4.113070254110612,94.08,45.0,5.293176626907629,0.0,0.0,14.868,175.88416798081784
t1773,5.699999999999999,2.1,0.0,0.0,0.0,1.0812053526630179,1.48,0.0,0.0,24.5,13.373815645241654,94.08,45.0,18.544150753092367,0.0,0.0,14.868,220.72717175099703
t1774,5.699999999999999,2.1,0.0,0.0,0.0,0.25871169736187244,1.48,0.0,0.0,24.5,14.459579471848532,94.08,45.0,18.422065917751002,0.0,0.47796917746034673,14.868,221.34632626442175
t1775,5.699999999999999,2.1,0.0,0.0,0.0,0.6367690393230472,1.48,0.0,0.0,24.5,0.0,94.08,45.0,7.452162353493974,0.0,9.108110447301629,14.868,204.92504184011867
t1776,1.166670014482416,2.1,0.0,0.0,0.0,0.9743465405674481,1.48,0.0,0.015517232734530737,24.5,0.0,94.08,45.0,19.832376913734937,0.0,43.377963066243055,14.868,247.39487376776242
t1777,5.699999999999999,2.1,0.0,0.0,0.0,1.2952635141861624,1.48,0.0,0.9771351393213574,24.5,0.0,94.08,45.0,10.91217009903106,0.0,21.41580409809528,14.868,222.32837285063385
t1778,5.699999999999999,2.1,0.0,2.2762543583821997,0.0,1.4619789945246393,1.48,9.567058962641685,0.0,24.5,13.327885631941806,94.08,45.0,12.83031257188755,0.0,23.838045447644742,14.868,251.0295359670226
t1779,5.699999999999999,2.1,0.0,1.47339894887765,0.0,1.571470781483326,1.48,20.905495433522308,1.071974904195753,24.5,5.742151241826403,94.08,45.0,10.344548841445787,0.0,18.101438727160733,14.868,246.93847887851197
t1780,5.699999999999999,2.1,0.0,1.6787396971081807,0.0,1.582444599303137,1.48,35.51400341097728,3.088353199922113,24.5,0.0,94.08,45.0,8.869709976706828,0.0,16.384069896395147,14.868,254.84532078041266
t1781,5.699999999999999,2.1,0.0,3.92525334725984,0.0,1.4841748133399704,1.48,7.812975830852652,0.0,24.5,0.0,94.08,45.0,8.734840117269078,0.0,10.806763065977577,14.868,220.4920071746991
t1782,5.699999999999999,2.1,0.0,8.205421193569247,0.0,1.2504023892483833,1.48,0.0,0.0,24.5,0.0,94.08,45.0,10.705759808594378,0.0,4.623749447867513,14.868,212.5133328392795
t1783,5.699999999999999,2.1,0.0,0.0,2.7835105825968847,1.5062932883092341,1.48,89.9,10.224,0.0,0.0,94.08,45.0,4.692271928192769,0.0,23.57288813659835,14.868,295.90696393569726
t1784,5.699999999999999,2.1,38.73720251968225,0.0,0.0,3.8483893636933795,1.48,89.9,4.36244270240481,24.5,7.266767081003509,94.08,45.0,0.0,0.0,16.479005110653787,8.97896898179255,342.4327757592303
t1785,5.699999999999999,2.1,43.54,0.0,0.0,3.698598446072673,1.48,89.9,1.3187242647695363,7.952997695151514,0.0,38.44030734801618,45.0,0.0,0.0,0.0,14.868,253.9986277540099
t1786,5.699999999999999,2.1,43.54,0.0,0.0,4.510823846168172,1.48,89.9,7.708879881042089,0.0,2.6664299190868026,8.504772650061183,45.0,0.0,0.0,44.78498162540253,0.0,255.89588792176076
t1787,5.699999999999999,2.1,43.54,0.0,0.0,5.088964774345447,1.48,89.9,7.006522061402805,0.0,1.2367863875765186,0.0,45.0,0.0,0.0,36.493982006221394,9.5918991269285,247.13815435647464
t1788,5.699999999999999,2.1,43.54,0.0,0.0,3.93869192541563,1.48,89.9,0.0,0.0,0.9250031739688896,7.379331070814991,45.0,0.0,0.0,11.51512606788078,0.0,211.47815223808027
t1789,5.699999999999999,2.1,39.758695205439786,0.0,0.0,4.584760493608763,1.48,89.9,1.7783734592764007,0.0,1.7785746742197697,41.49428880194273,45.0,0.0,0.0,18.327390400449936,9.877695847794573,261.779778882732
t1790,5.699999999999999,2.1,43.54,0.0,0.0,3.7454811506520667,1.48,89.9,8.536909400561123,0.0,2.7679408003110897,0.0,45.0,0.0,0.0,0.0,8.273696386345632,211.0440277378699
t1791,5.699999999999999,2.1,38.50389525684212,0.0,0.0,3.8976590771042745,1.072484042084168,89.9,2.5902330010821633,0.0,4.923089188670344,45.615953640980166,45.0,0.0,0.0,2.937775609100648,0.0,242.24108981586386
t1792,5.699999999999999,2.1,7.179371820327481,27.33364852605801,0.0,0.0,1.48,89.9,5.793660538637275,15.825974146273017,0.0,6.94948682356275,45.0,4.682999927469881,1.9472588345273643,0.0,0.0,213.8924006168558
t1793,5.699999999999999,2.1,14.70798447416088,0.0,0.0,1.3720858075460436,1.48,25.20633007936469,2.529604847053484,24.5,8.731581900511797,94.08,45.0,14.964887065429435,0.0,0.0,6.722224695364046,247.09469886943037
t1794,5.699999999999999,2.1,0.0,0.0,0.0,0.08880326207068247,1.48,0.0,3.301060788777553,0.0,0.0,94.08,45.0,19.31400956032128,0.0,0.0,14.868,185.93187361116952
t1795,4.509091819430452,2.1,0.0,0.0,0.0,0.0,1.48,0.0,0.0,24.5,0.0,94.08,45.0,11.52795603497319,0.0,0.0,14.868,198.06504785440362
t1796,5.699999999999999,2.1,0.0,0.0,0.0,0.0,1.48,0.0,0.0,0.0,0.0,94.08,45.0,6.116443207630521,0.0,20.112502374761952,14.868,189.45694558239248
t1797,5.699999999999999,2.1,0.0,0.0,0.0,0.1494743653559,1.48,0.0,0.8943327422845704,24.5,0.0,94.08,45.0,6.555921257108431,0.0,0.0,14.868,195.32772836474888
t1798,5.699999999999999,2.1,0.0,0.0,0.0,0.42893041314086716,1.48,0.0,0.0,0.0,0.0,94.08,45.0,18.63598898200803,0.0,2.3802406060317574,14.868,184.67316000118063
t1799,0.0,2.1,0.0,0.0,0.0,0.7826012941762072,1.48,0.0,0.0,24.5,0.0,94.08,45.0,7.68236076714859,0.0,10.812539018730172,14.868,201.30550108005497
t1800,5.699999999999999,2.1,0.0,0.0,0.0,2.028421081881534,1.48,0.0,0.5289500231536939,24.5,18.060188340807176,94.08,45.0,18.822415813333336,0.0,17.701173939365127,14.868,244.8691491985409
t1801,3.271896364160477,2.1,0.0,0.0,0.0,2.039236781863298,1.48,0.0,1.099037847504991,24.5,0.0,94.08,45.0,13.821335919233768,0.0,24.22291900920636,14.868,226.48242592196888
t1802,5.699999999999999,2.1,0.0,1.3090329225884718,0.0,1.4527953210552529,1.48,11.175133014489905,0.0,24.5,0.0,94.08,45.0,13.400357193574296,0.0,28.030749736784355,14.868,243.09606818849227
t1803,5.699999999999999,2.1,0.0,0.24489136546003848,0.0,1.5900872075659542,1.48,26.533976511533496,1.7977102795592177,24.5,0.0,94.08,45.0,11.065828201606426,0.0,23.343692815786405,14.868,252.3041863815115
t1804,5.699999999999999,2.1,0.0,0.05572250802830259,0.0,1.6103271279243416,1.48,54.381853498044876,5.529216517305855,24.5,0.13369139284496617,94.08,45.0,9.034361707630522,0.0,24.311256251301163,14.868,282.78442900308005
t1805,5.699999999999999,2.1,0.0,0.9306729630333694,0.0,1.593500846192136,1.48,59.236614822761666,6.367145100807368,0.0,0.0,90.97658946121459,45.0,8.091425334136547,0.0,21.581908644396353,14.868,257.925857172542
t1806,5.699999999999999,2.1,0.0,3.2631178568655135,0.0,1.5119740169238443,1.48,36.2248140337396,3.725764335958649,24.5,1.1201004005820543,94.08,45.0,8.228399094056225,0.0,14.531794362558436,14.868,256.33396410068434
t1807,5.699999999999999,2.1,2.11429171690169,0.0,0.0,0.8616897676846994,1.48,89.9,8.92321650028056,24.5,2.0913946015253466,94.08,45.0,7.4017310527710825,0.41162854841428415,0.0,0.0,284.5639521875776
t1808,5.699999999999999,2.1,32.90196343861887,0.0,3.3276521253648728,4.319773581105397,0.3117349990380768,89.9,10.224,16.244612595616086,0.0,4.709520338380615,45.0,0.0,0.0,5.267814736599788,0.0,220.00707181472373
t1809,5.699999999999999,2.1,31.52940568146972,0.0,0.0,3.6727533490094584,1.48,89.9,10.224,0.0,4.9176335012042145,0.0,45.0,0.0,0.0,27.113990324502332,0.0,221.63778285618574
t1810,5.699999999999999,2.1,35.220528476861965,0.0,0.0,7.336638866569299,0.3642674183856927,89.9,10.224,0.0,1.6874550243753141,8.759958241793457,45.0,0.0,0.0,49.49641355400108,0.0,255.7892615819868
t1811,5.699999999999999,2.1,21.616488113406152,0.0,0.0,8.456754918695868,0.0,89.9,10.224,0.0,0.444480025940792,57.24867617985912,45.0,0.0,0.0,21.194543632726283,0.0,261.8849428706282
t1812,5.699999999999999,2.1,38.24768605589673,0.0,3.5413326222445902,4.868780614116274,0.0,89.9,10.224,0.0,0.8088387879177124,71.44034413309286,45.0,0.0,0.0,14.598832521615176,0.0,286.42981473488334
t1813,5.699999999999999,2.1,19.506426979344578,0.0,2.6616662951167234,5.150971817109559,0.0,89.9,10.224,0.0,0.22998760204716395,70.66638383307398,45.0,0.0,0.0,29.397728661677064,0.0,280.5371651883691
t1814,5.699999999999999,2.1,30.435724397418067,0.0,0.0,2.927218256923844,1.48,89.9,10.224,0.0,1.429643362639238,57.93725745432474,45.0,0.0,0.0,0.0,0.0,247.13384347130588
t1815,5.699999999999999,2.1,9.86936711236211,0.0,0.0,6.294000934469388,0.0,89.9,10.224,0.0,3.8193942042348223,12.361423392943047,45.0,0.0,0.036955972532337344,0.0,0.0,185.3051416165417
t1816,5.699999999999999,2.1,3.3163310579899576,28.762031893057138,0.0,0.0,1.3336594193987954,89.9,4.145678282605211,0.0,7.517606982910187,0.0,45.0,0.0,2.202292819010963,0.0,0.0,189.97760045497225
t1817,5.699999999999999,2.1,0.0,0.0,0.0,1.1486994461722255,1.48,89.9,9.884207714869744,24.5,0.0,85.33809956113357,45.0,13.241707943736715,0.0,0.0,1.3028090597854005,279.59552372569766
t1818,5.699999999999999,2.1,0.0,0.0,0.0,0.11570560154305749,1.48,20.518267246525387,0.0,0.0,4.380493273542599,94.08,45.0,14.7192786366265,0.0,0.0,14.868,202.96174475823756
t1819,5.699999999999999,2.1,0.0,0.0,0.0,0.40442685589845706,1.48,89.9,10.224,24.5,0.0,94.08,45.0,14.327234726384528,0.0,0.0,14.868,302.58366158228296
t1820,5.699999999999999,2.1,0.0,0.0,0.0,0.0,1.48,0.0,0.0,0.0,0.0,94.08,45.0,15.595337113253013,0.0,0.0,14.868,178.82333711325302
t1821,5.699999999999999,2.1,0.0,0.0,0.0,0.07103056246889086,1.48,11.002228754263228,0.0,0.0,0.0,94.08,45.0,4.856372184819274,0.0,0.0,14.868,179.15763150155138
t1822,5.699999999999999,2.1,0.0,0.0,0.0,0.293262020905924,1.48,19.878634156688953,3.273148825701187,0.0,0.0,94.08,45.0,16.24945778072289,0.0,0.0,14.868,202.92250278401895
t1823,5.699999999999999,2.1,0.0,0.0,0.0,0.6780642110502743,1.48,0.14926155071464453,0.0,0.0,0.0,94.08,45.0,15.480589134618475,0.0,22.64094018373513,14.868,202.17685508011851
t1824,5.699999999999999,2.1,0.0,0.0,0.0,0.9542723743155808,1.48,79.21141005618531,10.224,0.0,0.0,94.08,45.0,5.482511946907624,0.0,13.817745180317512,14.868,272.9179395577261
t1825,5.699999999999999,2.1,0.0,1.1224184679170102,0.0,2.1984677717770045,1.48,10.835992350123218,0.0,24.5,0.0,94.08,45.0,4.294990404257024,0.0,20.23448042979506,14.868,226.4143494238693
t1826,5.699999999999999,2.1,0.219662641231383,0.0,0.0,1.4005263315082146,1.48,89.9,4.808335910220441,24.5,9.816722716909188,94.08,45.0,12.926260558875496,0.0,47.247553015513496,14.868,354.0470611742582
t1827,5.699999999999999,2.1,1.1010092152135107,0.0,0.0,1.5563513190642124,1.48,89.72988762937409,10.224,0.0,1.7681826111289536,94.08,45.0,2.3207193910352912,0.0,28.646206240793674,14.868,298.57435640660975
t1828,5.699999999999999,2.1,0.0,0.0,0.0,1.6380439024390252,1.48,89.9,10.051229316232462,23.67214141414142,0.0,83.49467326032386,45.0,8.468538281927708,0.0,29.76390996775158,14.868,316.13653614281606
t1829,5.699999999999999,2.1,0.0,0.0,0.02914976064418754,1.6364395446034876,1.48,89.9,10.224,24.241858585858587,0.0,78.5849101197571,45.0,7.568405068273091,0.0,24.988895009250328,14.868,306.32165808838676
t1830,5.699999999999999,2.1,0.0,0.36661431793731114,0.0,2.224534365984751,1.48,89.9,10.224,24.5,0.0,85.46233591336038,45.0,7.548055784016064,0.0,26.22156075754182,14.868,315.5951011388403
t1831,5.699999999999999,2.1,1.3091927807049333,0.0,0.0,1.1920463849477356,1.48,89.9,8.740187533346695,24.5,0.0,94.08,45.0,5.868422711275174,0.0,0.0,3.1644808146499193,283.0343302249244
t1832,5.699999999999999,2.1,33.16161832671301,0.0,6.5,0.0,1.2681078358083842,89.9,10.224,1.9845050996964293,5.31382588497259,0.0,45.0,0.0,0.0,11.321486383011518,0.0,212.47354353020197
t1833,5.699999999999999,2.1,24.31647495871278,0.0,0.0,3.876371069268293,1.48,89.9,10.224,0.0,3.044934055855495,0.0,45.0,0.0,0.0,39.32800154053785,0.0,224.96978162437443
t1834,5.699999999999999,2.1,32.16411144989077,0.0,0.0,3.926186002070683,1.48,89.9,10.224,0.0,0.5280290816557948,42.39931037213463,45.0,0.0,0.0,51.99411613084837,0.0,285.4157530366002
t1835,5.699999999999999,2.1,33.62063364850051,0.0,0.0,7.962503868809761,0.0,89.9,10.224,1.5126404209900979,0.0,81.29522566055334,45.0,0.0,0.0,21.53410179354678,0.0,298.8491053924005
t1836,5.699999999999999,2.1,29.46278655519364,0.0,0.0,5.734238303092138,0.5310509929580611,89.9,8.013467907756576,0.8676605162376231,0.0,93.79355380743083,45.0,0.0,0.0,15.114827938032477,0.0,296.21758602070133
t1837,5.699999999999999,2.1,24.306066723811156,0.0,0.0,6.508324976684919,0.0,89.9,10.224,0.0,0.2879545832212738,90.79488567122796,45.0,0.0,0.0,2.1823391852747713,0.0,277.0035711402201
t1838,5.699999999999999,2.1,25.48883204278053,0.0,0.0,3.535591653389747,1.48,89.9,10.224,0.0,1.3816525604014045,66.50426977137387,45.0,0.0,0.0,3.209997906526474,0.0,254.524343934472
t1839,5.699999999999999,2.1,0.0,50.777455825954505,0.0,0.0,1.1399984621643284,89.9,5.648012270499001,0.0,4.93842391790266,14.52591208510901,45.0,0.0,5.684979874888783,0.0,0.0,225.4147824365183
t1840,5.699999999999999,2.1,0.0,25.300489833155293,0.0,0.0,1.48,89.9,2.9947341989579166,0.0,7.55327876866031,0.0,45.0,1.0778325482730904,2.880247763181687,0.0,0.0,183.98658311222832
t1841,5.699999999999999,2.1,12.802624594555587,0.0,0.0,0.0,1.48,89.9,8.870874152905811,24.5,0.0,75.68325049603236,45.0,14.975254164417668,0.6363514579104483,0.0,0.0,281.6483548658219
t1842,5.699999999999999,2.1,0.0,0.0,0.0,0.015396592085616223,1.48,0.0,0.0,24.5,12.077019431988044,94.08,45.0,2.9827928328514055,0.0,0.0,14.868,202.80320885692507
t1843,5.699999999999999,2.1,0.0,0.0,0.0,0.2393357658038842,1.48,0.0,1.3009791006012033,24.5,0.0,94.08,45.0,3.3994452416867453,0.0,9.558965940741734,14.868,202.22672604883357
t1844,5.699999999999999,2.1,0.0,0.0,0.0,0.0,1.48,0.0,0.0,0.0,0.0,94.08,45.0,15.29762541638554,0.0,0.0,14.868,178.52562541638554
t1845,5.699999999999999,2.1,0.0,0.0,0.0,0.17584605516386728,1.48,0.0,0.0,24.5,0.0,94.08,45.0,15.82251233606425,0.0,0.0,14.868,203.7263583912281
t1846,5.699999999999999,2.1,0.0,0.0,0.0,0.259527028372325,1.48,0.0,0.29568412985971887,24.5,15.950938714499257,94.08,45.0,15.018250709076304,0.0,9.350150685238146,14.868,228.60255126704573
t1847,5.699999999999999,2.1,0.0,0.0,0.0,0.6653835739173732,1.48,4.494065528240517,0.0,24.5,0.0,94.08,45.0,14.019104419437745,0.0,28.123189186984153,14.868,235.0297427085798
t1848,5.699999999999999,2.1,0.0,0.0,0.0,0.963456047784969,1.48,9.65389983282405,0.0,24.5,0.0,94.08,45.0,4.721156100963853,0.0,28.243030050317472,14.868,231.30954203189037
t1849,5.699999999999999,2.1,0.0,0.0,0.0,1.6616141363862624,1.48,0.0,1.7019024814371266,24.5,0.0,94.08,45.0,6.980497862076271,0.0,28.417839980634955,14.868,226.48985446053462
t1850,5.699999999999999,2.1,0.6258850841310836,0.0,0.0,1.7802904927824803,1.48,0.0,2.1959595097804385,24.5,0.0,94.08,45.0,13.673060603534132,0.0,30.09169712349211,14.868,236.09489281372024
t1851,5.699999999999999,2.1,0.6702346372591872,0.0,2.6198545454545465,0.0,1.48,38.88294959116707,2.3372500014176154,24.5,0.0,94.08,45.0,10.652715174297189,0.0,30.10293839333338,14.868,272.993942342929
t1852,5.699999999999999,2.1,0.3303001784707065,0.0,2.622315052160955,0.0,1.48,61.040613716489766,5.607282771763047,24.5,0.0,94.08,45.0,8.589078877108435,0.0,27.326690367777797,14.868,293.2442809637707
t1853,5.699999999999999,2.1,0.0,1.7566406071182945,2.4294397416790874,0.0,1.48,45.747778802068204,4.148619925479492,24.5,0.0,94.08,45.0,7.768836885461847,0.0,18.30723448480767,14.868,267.8865504466146
t1854,5.699999999999999,2.1,0.0,0.0,0.0,1.3958144350423105,1.48,0.0,0.0,24.5,0.0,94.08,45.0,8.80960596192771,0.0,16.89120149317695,14.868,214.82462189014694
t1855,5.699999999999999,2.1,4.3081598461569,0.0,3.590432369359166,0.0,1.48,37.635715069665586,5.197415942438966,24.5,0.0,94.08,45.0,5.179920228112452,0.0,29.310566951536014,14.868,272.9502104072691
t1856,5.699999999999999,2.1,24.178977425501493,0.0,0.0,1.9620218325933307,1.48,89.9,5.691338646252507,24.5,0.0,94.08,45.0,0.0,0.0,11.62103772740782,7.949216262698893,314.16259189445407
t1857,5.699999999999999,2.1,25.76637805271102,0.0,0.0,4.0897416782777505,1.48,89.9,1.951700321603212,24.137654138383848,0.0,53.05782906097161,45.0,0.0,0.0,22.04594496891095,4.778792812306135,280.0080410331645
t1858,5.699999999999999,2.1,32.611313220375216,0.0,0.0,4.4652795578198115,1.48,89.9,0.0,11.376431711159238,0.6490851623816594,0.0,45.0,0.0,0.0,27.90417732483208,14.868,236.05428697656802
t1859,5.699999999999999,2.1,33.58678401195631,0.0,0.0,4.537244615062219,1.48,89.9,0.0,0.0,2.7485199068138493,0.0,45.0,0.0,0.0,18.333933448631978,0.0,203.38648198246435
t1860,5.699999999999999,2.1,43.54,0.0,0.0,3.4075440906719763,1.48,89.9,0.0,0.0,1.744442851660814,0.0,45.0,0.0,0.0,2.7310341505840046,8.227913020322257,203.83093411323904
t1861,5.699999999999999,2.1,29.475951287110224,0.0,0.0,4.017318781314087,1.48,89.9,2.3372073138793845,0.0,2.4453542235624686,0.0,45.0,0.0,0.0,22.224113614722697,5.058034855086823,209.7379800756757
t1862,5.699999999999999,2.1,39.39071960790468,0.0,0.0,3.318968059561972,1.48,89.9,1.5279770604008005,0.0,3.6636647409633714,0.0,45.0,0.0,0.0,0.0,10.278425748418934,202.35975521724976
t1863,5.699999999999999,2.1,30.231909206474693,0.0,0.0,1.3248509099850683,1.48,89.9,3.8775468157515016,0.5553572482783335,6.016566729775774,0.0,45.0,0.0,0.0,6.095190347847516,0.0,192.28142125811289
t1864,5.699999999999999,2.1,0.0,15.640554745361024,0.0,0.0,0.459786113852295,89.9,7.644078602965932,24.5,1.950696980893125,70.4094752341917,45.0,10.578317244127323,6.25,2.2045049005342756,0.0,282.3374138219257
t1865,0.0,2.1,0.0,0.0,0.0,0.2650186099352929,1.48,0.0,0.0,24.5,0.0,94.08,45.0,3.5838454769477863,0.0,3.666304513014248,14.868,189.5431685998973
t1866,5.14014701568601,2.1,0.0,0.0,0.0,0.0,1.48,0.0,4.078687852505008,24.5,11.591672147483806,94.08,45.0,17.58758143148594,0.0,11.206646044920696,14.868,231.63273449208145
t1867,5.699999999999999,2.1,0.0,0.0,0.0,0.07148816566660285,1.48,0.0,0.0,24.5,0.0,94.08,45.0,9.114254478223028,0.0,0.0,14.868,196.9137426438896
t1868,0.0,2.1,0.0,0.0,0.0,1.0100036602787463,1.48,0.0,0.0,24.5,0.0,94.08,45.0,18.27145309767068,0.0,0.0,14.868,201.30945675794942
t1869,5.699999999999999,2.1,0.0,0.0,0.0,0.21441772025883615,1.48,0.0,0.0,24.5,0.0,94.08,45.0,17.13528261060241,0.0,3.6194225203174852,14.868,208.69712285117873
t1870,0.0,2.1,0.0,0.0,0.0,0.5477653558984588,1.48,0.0,0.13888004649298646,24.5,0.0,94.08,45.0,16.121899193253018,0.0,6.210902323174602,14.868,205.04744691881908
t1871,5.699999999999999,2.1,0.0,0.0,0.0,0.9519159780985571,1.48,0.0,0.0,24.5,0.0,94.08,45.0,3.31415036393574,0.0,22.693779663174638,14.868,214.68784600520894
t1872,5.699999999999999,2.1,0.0,0.0,0.0,1.2372244897959197,1.48,0.0,0.6039059017964069,24.5,0.0,94.08,45.0,15.09425698843373,0.0,25.333686856248008,14.868,229.99707423627405
t1873,5.699999999999999,2.1,0.04877088353526248,0.0,0.0,2.476382754355401,1.48,0.0,1.6053409373253493,24.5,0.0,94.08,45.0,4.410114261445782,0.0,39.0977562499461,14.868,235.3663650866079
t1874,5.699999999999999,2.1,0.9012832966435024,0.0,0.0,1.630400398208065,1.48,0.0,2.1433728734530946,24.5,0.0,94.08,45.0,13.198154827791162,0.0,31.79004644703378,14.868,237.39125784312958
t1875,5.699999999999999,2.1,1.1921969014101246,0.0,2.4328353700943888,0.0,1.48,53.53773665711155,4.462300035045593,24.5,0.0,94.08,45.0,9.656273879036146,0.0,30.29873998063495,14.868,289.30808282333277
t1876,5.699999999999999,2.1,0.8818195429195659,0.0,2.459672329855937,0.0,1.48,80.63222761196646,8.327201181273688,24.5,0.0,94.08,45.0,7.754980754056226,0.0,28.0825733139683,14.868,315.86647473404014
t1877,5.699999999999999,2.1,0.0,0.6538822653589365,2.2558997516145074,0.0,1.48,65.88065717156098,7.019371862752458,24.5,0.0,94.08,45.0,6.932637226666667,0.0,20.8464469284864,14.868,291.31689520643994
t1878,5.699999999999999,2.1,0.0,4.86311179013143,1.0868473153264577,0.5493004781648194,1.48,3.4634565242998403,0.0,24.5,0.0,94.08,45.0,8.089147764819277,0.0,8.288235348728133,14.868,214.06809922146994
t1879,5.699999999999999,2.1,8.72919472123139,0.0,2.9303953102434197,0.0,1.48,28.29350643941895,3.9941450926387363,24.5,0.0,94.08,45.0,7.434542278795181,0.0,20.203330985742454,14.868,259.3131148280701
t1880,5.699999999999999,2.1,10.798230338031619,0.0,0.0,2.56705326788452,1.48,89.9,6.371473281042081,24.5,5.945199073730796,94.08,45.0,0.6691262442570236,0.0,2.7235033275925247,14.868,306.7025855325386
t1881,5.699999999999999,2.1,41.676397830268144,0.0,0.0,2.8308255242210056,1.48,89.9,2.6149150205210425,24.5,0.0,94.08,45.0,0.0,0.0,20.856948969441408,9.661204506283987,340.4002918507356
t1882,5.699999999999999,2.1,43.54,0.0,0.0,3.2336975998805384,1.48,89.9,0.49561260260521367,14.918481783838383,0.0,59.239198414250964,45.0,0.0,0.0,0.0,14.868,280.4749904005751
t1883,5.699999999999999,2.1,33.46831485803377,0.0,0.0,4.379058751448483,1.48,89.9,0.0,0.0,3.0690241440040134,0.0,45.0,0.0,0.0,35.14716480519257,11.294344257824777,231.5379068165036
t1884,5.699999999999999,2.1,32.698725909712024,0.0,0.0,3.1208450364161275,1.48,89.9,0.0,0.0,1.7146930102759665,0.0,45.0,0.0,0.0,17.8089033442415,0.0,199.52316730064564
t1885,5.699999999999999,2.1,43.54,0.0,0.0,3.795103450303635,1.48,89.9,0.21240410192384837,0.0,2.0334388059508264,0.0,45.0,0.0,0.0,2.8004657458055715,6.410327592567978,202.97173969655185
t1886,5.699999999999999,2.1,22.84972333215492,0.0,0.0,3.207951334823296,1.48,89.9,3.150137450581164,0.0,3.1252804219769197,0.0,45.0,0.0,0.0,6.968544709658192,4.5064825489840885,187.9881197981786
t1887,5.699999999999999,2.1,0.5279023312648388,5.865338456512224,0.0,2.3189323203882535,1.48,89.9,2.0406371319438876,0.0,5.246709804927245,0.0,45.0,0.0,0.0,0.0,0.0,160.17952004503644
t1888,5.699999999999999,2.1,0.0,8.852256222235416,0.0,0.0,0.48452144319361323,89.9,5.873975730020039,24.5,0.1985122221675841,52.52473052944536,45.0,9.31724781504573,6.25,2.426089539739048,0.0,253.12733350184678
t1889,0.0,2.1,0.0,0.0,0.0,0.23884290062717825,1.48,0.0,0.4338394549700598,24.5,0.0,94.08,45.0,12.148654324337349,0.0,0.0,14.868,194.84933667993457
t1890,2.1346485331698957,2.1,0.0,0.0,0.0,0.0,1.48,0.0,0.0,24.5,0.0,94.08,45.0,15.347530864417667,0.0,0.0,14.868,199.51017939758756
t1891,0.0,2.1,0.0,0.0,0.0,0.0,1.48,0.0,0.0,24.5,0.0,94.08,45.0,13.381291638496695,0.0,5.0848044257143306,14.868,200.49409606421102
t1892,5.699999999999999,2.1,0.0,0.0,0.0,0.09070423096067853,1.48,0.0,1.5605318444889735,24.5,0.0,94.08,45.0,16.057436783614452,0.0,11.876437352539716,14.868,217.31311021160383
t1893,0.0,2.1,0.0,0.0,0.0,0.36503892483822814,1.48,0.0,0.0,24.5,0.0,94.08,45.0,13.50284863318473,0.0,17.5157887804762,14.868,213.41167633849915
t1894,0.0,2.1,0.0,0.0,0.0,0.7262699850671992,1.48,0.0,0.0,24.5,0.0,94.08,45.0,3.4082724455421687,0.0,41.83564770033242,14.868,227.9981901309418
t1895,0.0,2.1,0.0,0.0,0.0,1.024259133897462,1.48,0.0,0.0,24.5,0.0,94.08,45.0,14.202147701526105,0.0,32.876118439926216,14.868,230.13052527534978
t1896,5.699999999999999,2.1,0.0,0.0,0.0,1.2650245893479353,1.48,0.0,0.0664808287425149,24.5,0.0,94.08,45.0,14.906371271164657,0.0,60.17009558777782,14.868,264.1359722770329
t1897,5.699999999999999,2.1,0.0,0.0,0.0,2.4780895736684916,1.48,0.0,0.7794731305389229,24.5,0.0,94.08,45.0,5.075203245381526,0.0,35.32380442571433,14.868,231.38457037530327
t1898,5.699999999999999,2.1,0.0,0.0,0.0,2.615298135141862,1.48,0.0,1.34501347704591,24.5,0.0,94.08,45.0,7.300548766190159,0.0,36.24365744095243,14.868,235.23251781933035
t1899,5.699999999999999,2.1,0.0,0.07007035591505885,0.8652964755694451,1.095022558184646,1.48,13.361232777030677,0.0,24.5,0.0,94.08,45.0,10.86935637751004,0.0,28.065697489112505,14.868,242.05467603332235
t1900,5.699999999999999,2.1,0.0,0.4011381011122223,2.473031395926478,0.0,1.48,38.35982602024633,2.974885539855126,24.5,8.756217231339683,94.08,45.0,8.677533036626507,0.0,24.8890583185538,14.868,274.2596896436602
t1901,5.699999999999999,2.1,0.0,2.765882287158744,2.302070740188775,0.0,1.48,23.81962489642797,1.442003748806806,24.5,0.0,94.08,45.0,7.933369162248995,0.0,14.936051674489581,14.868,240.92700250932086
t1902,0.0,2.1,0.0,0.0,0.0,2.3108902705326044,1.48,0.0,0.3243018613226455,24.5,0.0,94.08,45.0,2.0770135232534224,0.0,12.9372463998413,14.868,199.67745205494992
t1903,5.699999999999999,2.1,5.757611377715999,0.0,0.0,2.4142301489757485,1.48,0.0,1.2728244518637257,24.5,12.545959830493272,94.08,45.0,5.6302944032827575,0.0,21.51883990976474,14.868,236.86776012209626
t1904,5.699999999999999,2.1,7.169000968023841,0.0,0.0,2.770366358974615,1.48,89.9,6.8631464318637265,24.5,0.0,94.08,45.0,9.245611367970785,0.0,0.0,8.568612741054299,297.3767378678873
t1905,5.699999999999999,2.1,39.76592779185701,0.0,0.0,3.997458751448482,1.48,89.9,2.924833229178354,24.5,7.621971220291024,94.08,45.0,3.297211488674699,0.0,13.582023609715337,14.868,348.81742609116486
t1906,5.699999999999999,2.1,30.649546224746764,0.0,0.0,3.3591842101343947,1.48,89.9,1.240543837434869,16.086302064242425,0.0,82.07799044064774,45.0,0.0,0.0,23.538266346741775,14.868,315.99983312394795
t1907,5.699999999999999,2.1,31.878455510506463,0.0,0.0,3.3101129308909907,1.48,89.9,0.0,9.528154991717178,0.0,9.494174221943313,45.0,0.0,0.0,1.6056960570770444,13.463417504491435,213.46001121662644
t1908,5.699999999999999,2.1,43.54,0.0,0.0,3.1560440408959685,1.48,89.9,0.0,0.0,3.05274837923733,0.0,45.0,0.0,0.0,10.0348882624824,8.128053671863036,212.09173435447875
t1909,5.699999999999999,2.1,27.728858718133075,0.0,0.0,2.825163901523146,1.48,89.9,0.0,0.0,2.9088223177220263,0.0,45.0,0.0,0.0,28.482287607940055,7.638423739939569,213.7635562852579
t1910,5.699999999999999,2.1,36.5232345207923,0.0,0.0,3.320674878875063,1.48,89.9,6.699712997274548,0.0,4.945529617481185,0.0,45.0,0.0,0.0,0.0,10.252374196233628,205.92152621065674
t1911,5.699999999999999,2.1,25.921914556464746,0.0,0.0,2.306556312424093,1.48,89.9,3.1010772211623254,21.720277567070713,0.0,11.841538038218598,45.0,0.0,0.0,12.002405827697906,0.379494483465438,221.45326400650382
t1912,5.699999999999999,2.1,0.0,11.295659187695357,0.0,0.0,0.36988481351791463,89.9,7.193219932024051,24.5,2.5502427712694407,90.80848025541542,45.0,10.321019477889804,5.825933091878233,0.0,0.0,295.5644395296902
t1913,5.699999999999999,2.1,0.0,0.0,0.0,0.04036445363862707,1.48,0.0,0.0,24.5,0.0,94.08,45.0,14.56660264216867,0.0,17.575890520937914,14.868,219.9108576167452
t1914,0.8003327848984355,2.1,0.0,0.0,0.0,0.451008239671479,1.48,0.0,2.91016986292585,24.5,0.0,94.08,45.0,16.864992659437753,0.0,0.0,14.868,203.05450354693352
t1915,0.0,2.1,0.0,0.0,0.0,0.0,1.48,0.0,2.82644221723447,24.5,0.0,94.08,45.0,17.889465373493973,0.0,0.0,14.868,202.74390759072844
t1916,5.699999999999999,2.1,0.0,0.0,0.0,0.0,1.48,0.0,2.424577154308614,24.5,9.715738319417984,94.08,45.0,6.6688995081927676,0.0,0.0,14.868,206.53721498191933
t1917,0.0,2.1,0.0,0.0,0.0,0.3753631657541075,1.48,0.0,1.51002481122244,24.5,0.0,94.08,45.0,17.365953823132525,0.0,3.0117971234920935,14.868,204.29113892360115
t1918,0.0,2.1,0.0,0.0,0.0,0.6143384768541571,1.48,0.0,0.0,24.5,0.0,94.08,45.0,16.415684264738953,0.0,12.771376488571468,14.868,211.82939923016457
t1919,5.699999999999999,2.1,0.0,0.0,0.0,1.947786636884023,1.48,0.0,0.0,24.5,0.0,94.08,45.0,15.454722814779116,0.0,21.623782431269884,14.868,226.75429188293302
t1920,5.699999999999999,2.1,0.0,0.0,0.0,1.2313720258835241,1.48,0.0,0.4482195608782436,24.5,0.0,94.08,45.0,4.274966138875497,0.0,27.376158063478034,14.868,221.0587157891153
t1921,5.5259231100743005,2.1,0.0,0.0,0.0,1.4334468889995031,1.48,0.0,0.0,24.5,0.0,94.08,45.0,14.805428718166139,0.0,31.888907828095274,14.868,235.6817065453352
t1922,5.699999999999999,2.1,0.6002902479841157,0.0,0.0,1.5596825286212048,1.48,0.0,0.390269300200401,24.5,0.0,94.08,45.0,16.89059640931727,0.0,33.549266558254,14.868,240.71810504437698
t1923,5.699999999999999,2.1,0.8857818070705075,0.0,0.0,1.6506412145345954,1.48,0.0,0.0,24.5,0.0,94.08,45.0,12.952212043373494,0.0,34.96639394888893,14.868,238.18302901386753
t1924,5.699999999999999,2.1,0.45249084381330434,0.0,0.0,1.689414235938278,1.48,0.0,0.0,24.5,14.617098465077774,94.08,45.0,7.518833507928378,0.0,33.96754315523811,14.868,245.97338020799583
t1925,5.699999999999999,2.1,0.0,0.0,0.0,1.5463523145843716,1.48,0.0,0.0,24.5,0.0,94.08,45.0,9.758417206907634,0.0,21.088897123492092,14.868,220.1216666449841
t1926,0.8840508961069884,2.1,0.0,0.0,0.0,1.2939643603782982,1.48,0.0,2.2462628120240473,24.5,0.0,94.08,45.0,0.0,0.0,33.84316691489843,14.868,220.29544498340775
t1927,5.699999999999999,2.1,7.62653768544191,0.0,0.0,2.1963603720059734,1.48,0.0,2.7521410658917804,24.5,0.0,94.08,45.0,8.920585660722887,0.0,24.665972788322204,14.868,233.88959757238473
t1928,5.699999999999999,2.1,21.556136929585627,0.0,0.0,2.7350069761971136,1.48,89.9,9.296182836913827,24.5,0.9203060523733219,94.08,45.0,1.3018116664492099,0.0,0.0,12.284120004933563,310.8535644664527
t1929,5.699999999999999,2.1,38.18592467605276,0.0,0.0,3.9741098216326534,1.48,89.9,4.209915171663324,24.5,2.239265895176882,94.08,45.0,0.0,0.0,25.048118056481304,10.150172561530207,346.56750618253716
t1930,5.699999999999999,2.1,32.62261535320755,0.0,0.0,4.350971942090592,1.48,89.9,1.070006402124251,23.232298249494946,0.0,27.410304478542525,45.0,0.0,0.0,0.0,14.868,247.73419642545986
t1931,5.699999999999999,2.1,43.54,0.0,0.0,4.358070697690394,1.48,89.9,0.6092076622444915,0.0,4.615529674470645,0.0,45.0,0.0,0.0,27.465268076294787,12.35781982684793,237.12589593754825
t1932,5.699999999999999,2.1,43.54,0.0,0.0,3.943665720089597,1.48,89.9,0.7996907793186394,0.0,3.554410978996488,0.0,45.0,0.0,0.0,0.0,0.0,196.01776747840472
t1933,5.699999999999999,2.1,43.54,0.0,0.0,2.7143317462220016,1.48,89.9,1.469292132865727,0.0,3.202011663421977,0.0,45.0,0.0,0.0,0.0,4.299264831789955,199.40490037429964
t1934,5.699999999999999,2.1,23.202239717457793,0.0,0.0,3.18108841794923,1.48,89.9,7.136649316864641,0.0,3.8601947902358242,0.0,45.0,0.0,0.0,0.0,13.718774993690133,195.2789472361976
t1935,5.699999999999999,2.1,12.57766325914599,0.0,0.0,1.3258669378596326,1.48,89.9,4.4560846852505,4.862030039566131,3.3313155985251734,0.0,45.0,0.09500699735420781,0.0,0.0,2.8929726057720138,173.72094012347364
t1936,5.699999999999999,2.1,0.0,11.93483636482691,0.0,0.0,0.5190665369660683,89.9,8.074229300440882,24.5,0.8434930589362762,63.40182513835471,45.0,11.742591582947515,6.25,7.024470880523306,0.0,276.9905128629957
t1937,0.0,2.1,0.0,0.0,0.0,0.1589422535390749,1.48,0.0,1.6736166706613227,24.5,0.0,94.08,45.0,6.749310586404044,0.0,0.0,14.868,190.60986951060445
t1938,5.699999999999999,2.1,0.0,0.0,0.0,0.0,1.48,0.0,3.736191049298597,24.5,0.0,94.08,45.0,17.322733188755027,0.0,8.881631759206375,14.868,217.66855599726
t1939,0.0,2.1,0.0,0.0,0.0,0.887836611996019,1.48,0.0,0.0,24.5,0.0,94.08,45.0,18.170592048995985,0.0,0.0,14.868,201.086428660992
t1940,0.0,2.1,0.0,0.0,0.0,0.10419930313588921,1.48,0.0,4.072462638877757,24.5,0.0,94.08,45.0,16.558441457028106,0.0,0.0,14.868,202.76310339904174
t1941,5.699999999999999,2.1,0.0,0.0,0.0,0.26489656545545165,1.48,0.0,0.0,24.5,0.0,94.08,45.0,15.518365549076302,0.0,5.152147510634934,14.868,208.66340962516668
t1942,0.0,2.1,0.0,0.0,0.0,0.5890605276256851,1.48,0.0,1.474372038677339,24.5,4.658154450555194,94.08,45.0,3.893619506586343,0.0,6.225387599682578,14.868,198.86859412312714
t1943,0.0,2.1,0.0,0.0,0.0,0.8963166749626689,1.48,0.0,0.0,24.5,0.0,94.08,45.0,14.177448688995982,0.0,22.403103472698422,14.868,219.50486883665707
t1944,5.699999999999999,2.1,0.0,0.0,0.0,1.1817076157292195,1.48,0.0,0.0,24.5,0.0,94.08,45.0,14.949077123694774,0.0,28.78083045682543,14.868,232.63961519624942
t1945,5.14772994514116,2.1,0.0,0.0,0.0,0.9328040816326536,1.48,0.0,0.3334023377245515,24.5,0.0,94.08,45.0,10.656431182447447,0.0,34.303982203492104,14.868,233.4023497504379
t1946,5.699999999999999,2.1,0.44458021819266064,0.0,0.0,1.2307161772025896,1.48,0.0,0.7308864175648718,24.5,0.0,94.08,45.0,14.01551415935743,0.0,28.437610774920657,14.868,232.58730774723819
t1947,5.699999999999999,2.1,0.562808619384317,0.0,0.0,1.3124087605774026,1.48,3.734962630476056,0.036341371020998534,24.5,0.0,94.08,45.0,11.31687316819277,0.0,29.64757744158734,14.868,234.33897199123888
t1948,5.699999999999999,2.1,0.33644516357497734,0.0,1.9478288127173375,0.0,1.48,15.479500171536332,1.4505510993286443,24.5,0.0,94.08,45.0,9.545514106345383,0.0,26.967159028253995,14.868,243.45499838175667
t1949,4.211248940044576,2.1,0.0,0.0,0.0,1.1761750124440036,1.48,0.0,0.0,24.5,0.0,94.08,45.0,8.942365291111916,0.0,20.27650601301593,14.868,216.6342952566164
t1950,5.699999999999999,2.1,0.0,0.0,0.0,1.9162431824290698,1.48,0.0,2.3397282180360754,24.5,0.0,94.08,45.0,10.684284332530122,0.0,18.6409939488889,14.868,221.30924968188415
t1951,5.699999999999999,2.1,7.293485053862962,0.0,0.0,0.8875865146739683,1.48,0.0,3.4932790158316647,24.5,0.0,94.08,45.0,0.0,0.0,28.21131095061586,14.868,227.61366153498446
t1952,5.699999999999999,2.1,11.169541075469548,0.0,0.0,0.44163515871577946,1.48,89.9,10.224,24.5,0.0,94.08,45.0,7.8439202804552846,0.0,0.0,2.270615342302555,294.70971185694316
t1953,5.699999999999999,2.1,42.69455722347568,0.0,0.0,3.526659746968642,1.48,89.9,4.808106681803604,24.5,11.566023561123952,94.08,45.0,0.0,0.0,6.768360546506571,14.868,346.99170775987847
t1954,5.699999999999999,2.1,32.52815273751738,0.0,0.0,3.5631901601095093,1.48,89.9,2.430598523086176,19.841137810101014,0.0,85.2116260977328,45.0,0.0,0.0,9.814978910436087,14.868,312.43768423898297
t1955,5.699999999999999,2.1,43.54,0.0,0.0,3.182675667088103,1.48,89.9,2.1411349954709427,3.911728688542425,2.7995151028500236,0.0,45.0,5.831215741767067,0.0,5.893037088857245,14.868,226.3473072845758
t1956,5.699999999999999,2.1,34.1044442443297,0.0,0.0,2.811702876137383,1.48,89.9,7.8609221941483,0.0,2.708802774560963,0.0,45.0,1.6718373225702812,0.0,18.151377788809082,14.868,226.35708720055567
t1957,5.699999999999999,2.1,30.758279182800408,0.0,0.0,3.673535804708812,1.48,89.9,2.3515170940681362,0.0,2.34823593183141,0.0,45.0,0.0,0.0,17.079268295018334,14.868,215.25883630842705
t1958,5.699999999999999,2.1,40.02400598820259,0.0,0.0,2.345721767874565,1.48,89.9,3.1803216433667356,0.0,3.811667998454593,0.0,45.0,0.9744914424056038,0.0,0.0,3.769160456724095,198.28536929702818
t1959,5.699999999999999,2.1,19.21125921699318,13.55503929276906,0.0,0.0,1.48,89.9,5.350513455791582,5.164258247228611,4.171449357817647,0.0,45.0,8.456441575582328,0.9502380250746282,0.0,0.0,201.03919917125705
t1960,5.699999999999999,2.1,0.0,9.88292419058358,0.0,0.0,0.4095569721357278,89.9,8.858619437795586,24.5,0.3215609479879573,62.926839244566516,45.0,16.910494578892653,6.25,14.241107978507417,0.0,287.00110335046946
t1961,0.0,2.1,0.0,0.0,0.0,0.11762826648083718,1.48,0.0,0.0,24.5,0.0,94.08,45.0,17.96871468594377,0.0,0.0,14.868,200.1143429524246
t1962,3.789721659588902,2.1,0.0,0.0,0.0,0.7825728987058249,1.48,0.0,0.0,24.5,11.896916791230693,94.08,45.0,17.52334381606425,0.0,0.0,14.868,216.02055516558966
t1963,5.699999999999999,2.1,0.0,0.0,0.0,0.5979067810829478,1.48,0.0,2.8864481168473137,24.5,0.0,94.08,45.0,17.146327174297184,0.0,0.0,14.868,208.35868207222745
t1964,0.0,2.1,0.0,0.0,0.0,0.1747523145843711,1.48,0.0,0.0,24.5,0.0,94.08,45.0,4.541096538875498,0.0,0.0,14.868,186.74384885345987
t1965,5.699999999999999,2.1,0.0,0.0,0.0,0.5284240915878559,1.48,0.0,3.0302313202404823,24.5,0.0,94.08,45.0,3.528456495983934,0.0,0.0,14.868,194.81511190781225
t1966,0.0,2.1,0.0,0.0,0.0,0.75236236933798,1.48,0.0,0.0,24.5,0.0,94.08,45.0,5.779873756937889,0.0,14.21435267904766,14.868,202.77458880532353
t1967,5.699999999999999,2.1,0.0,0.0,0.0,1.0041016426082636,1.48,0.0,0.0,24.5,0.0,94.08,45.0,2.6101748996787153,0.0,12.9989431552381,14.868,204.34121969752508
t1968,5.699999999999999,2.1,0.0,0.0,0.0,1.2634001991040333,1.48,0.0,0.0,24.5,9.1024297764275,94.08,45.0,14.7639590097992,0.0,26.31629553619049,14.868,239.17408452152122
t1969,5.699999999999999,2.1,0.0,0.0,0.0,1.4654750622200101,1.48,0.0,0.35729645508982016,24.5,0.0,94.08,45.0,15.077986841606421,0.0,23.148405060000005,14.868,227.77716341891625
t1970,5.699999999999999,2.1,0.13671924500496907,0.0,0.0,2.5800220774016926,1.48,0.0,0.6200192000000004,24.5,0.0,94.08,45.0,13.486078882730924,0.0,24.732405060000023,14.868,229.2832444651376
t1971,5.699999999999999,2.1,0.5505464545382357,0.0,1.6429313762923585,0.495926410219832,1.48,9.871054821431358,0.0,24.5,0.0,94.08,45.0,11.274590347951804,0.0,26.365674901269852,14.868,237.9287243117034
t1972,5.699999999999999,2.1,0.5505464545382357,0.0,2.4028430203676128,0.0,1.48,35.460522280414565,3.5781818730248394,24.5,0.0,94.08,45.0,9.037095243534136,0.0,25.174711409206374,14.868,263.93190028108575
t1973,5.699999999999999,2.1,0.1219406948560082,0.0,2.289998112270245,0.0,1.48,43.50399590052064,5.0740112229886,24.5,0.0,94.08,45.0,7.6674336525301205,0.0,22.46057331396829,14.868,268.84595289713394
t1974,5.699999999999999,2.1,0.0,2.2244242269362813,2.021893293591656,0.0,1.48,22.79150511032708,3.0397321730275704,24.5,0.0,94.08,45.0,6.978618047228914,0.0,14.563631342429636,14.868,239.34780419354112
t1975,5.699999999999999,2.1,0.4441745327800173,0.0,6.5,0.0,1.48,82.07490742802368,10.224,24.5,0.0,94.08,45.0,4.118899915582329,2.3629284269346726,21.351300024686175,14.868,314.8042103280069
t1976,5.699999999999999,2.1,20.00028455352533,0.0,0.0,2.695003378476854,1.48,89.9,6.001875775350702,24.5,1.6201383059890302,94.08,45.0,0.23835732030524048,0.0,0.0,4.022287359182242,297.3379466928294
t1977,5.699999999999999,2.1,43.33633098323735,0.0,6.5,1.1631627068989554,0.0,89.9,8.499593676472948,19.22016658343434,0.0,14.397532635303632,45.0,0.0,0.0,3.374128393180985,0.0,239.19091497852824
t1978,5.699999999999999,2.1,33.82303397024827,0.0,6.5,1.262243344031857,0.0,89.9,6.691347606292586,0.0,4.206273966392374,0.0,45.0,0.0,0.0,8.155457958989965,0.0,203.33835684595502
t1979,5.699999999999999,2.1,34.776084545263174,0.0,6.321009106018881,0.0,0.9465500729071077,89.9,10.224,0.0,2.6912709661113903,0.0,45.0,0.0,0.0,9.85791956265831,0.0,207.51683425295886
t1980,5.699999999999999,2.1,33.862688709155925,0.0,6.5,1.9214277143653564,0.0,89.9,6.5254330159614415,0.0,1.1686015371700955,0.0,45.0,0.0,0.0,36.336343463756705,0.0,229.01449444040952
t1981,5.699999999999999,2.1,43.54,0.0,6.5,0.0,1.0425230054690624,89.9,10.224,0.0,0.6322765131660822,0.0,45.0,0.0,0.0,19.389328886711613,0.0,224.02812840534676
t1982,5.699999999999999,2.1,25.17909532456802,0.0,6.5,0.0,1.1994092330139727,89.9,6.159510379959924,0.0,1.5582221462017063,0.0,45.0,0.0,0.0,0.0,0.0,183.29623708374362
t1983,5.699999999999999,2.1,27.8967260764229,0.0,6.5,0.0,0.5288969346107792,89.9,8.230217811703406,0.0,3.994404178444556,0.0,45.0,0.0,0.0,0.0,0.0,189.85024500118166
t1984,5.699999999999999,2.1,0.0,11.802416696656769,0.0,0.0,1.0020895070658684,89.9,5.493661819158315,21.08228751111111,0.0,1.807390331902825,45.0,5.064565758691295,6.25,7.307686001722126,0.0,202.5100976263083
t1985,5.699999999999999,2.1,0.0,0.1674047191202497,1.3445231790958783,0.0,1.48,76.97255816150444,10.224,24.5,0.0,94.08,45.0,0.0,0.0,0.0,14.868,276.43648605972055
t1986,5.699999999999999,2.1,0.0,0.0,0.5062082463984127,0.0,1.48,0.0,2.7002611264384666,24.5,0.0,94.08,45.0,12.601334220722892,0.0,0.0,14.868,203.53580359355976
t1987,5.699999999999999,2.1,0.0,0.0,0.655491902632888,0.0,1.48,89.9,10.224,24.5,0.0,94.08,45.0,2.574528622239086,0.0,12.654056530634938,14.868,303.7360770555069
t1988,5.699999999999999,2.1,0.0,0.0,0.7463020367610549,0.0,1.48,0.0,0.0,24.5,0.0,94.08,45.0,12.864254800321287,0.0,0.0,14.868,201.33855683708234
t1989,5.699999999999999,2.1,0.0,0.0,1.1709532041728776,0.0,1.48,0.0,0.9195853066299527,24.5,0.0,94.08,45.0,1.2692495204016023,0.0,0.0,14.868,191.08778803120444
t1990,5.699999999999999,2.1,0.0,0.0,1.4269853949329374,0.0,1.48,71.70315018900638,10.224,24.5,0.0,94.08,45.0,12.505975021686744,0.0,6.024376152063488,14.868,289.61248675768957
t1991,5.699999999999999,2.1,0.0,0.0,3.1295376053154507,0.0,1.48,80.45276899004028,10.224,24.5,0.0,94.08,45.0,11.654548402088356,0.0,40.77468248285719,14.868,333.96353748030134
t1992,5.699999999999999,2.1,0.0,0.0,3.4657216092896177,0.0,1.48,39.442313674466746,3.8490505618223905,24.5,0.0,94.08,45.0,0.0,0.0,24.57279712349209,14.868,259.0578829690708
t1993,5.699999999999999,2.1,0.05199630558093051,0.0,2.931562761572583,0.0,1.48,26.572266006929272,1.4640926705117203,24.5,0.0,94.08,45.0,13.230630439678718,0.0,35.70501617111114,14.868,267.68356435538436
t1994,5.699999999999999,2.1,0.8118890563257215,0.0,2.4331944361649294,0.0,1.48,26.362838309427808,1.0610244632110126,24.5,0.0,94.08,45.0,12.600091142650601,0.0,41.7181643366667,14.868,272.7152017444468
t1995,5.699999999999999,2.1,1.1143418865143973,0.0,2.5265851962245427,0.0,1.48,70.24781947224528,6.7649882718379315,24.5,0.0,94.08,45.0,10.297267706024094,0.0,44.41815363206352,14.868,323.0971561649098
t1996,5.699999999999999,2.1,0.0,0.0,0.08665856789129567,1.7405823228362145,1.48,89.9,10.224,24.5,0.0,94.08,45.0,8.221308793734938,0.0,39.67454189329776,14.868,337.5750915777602
t1997,5.699999999999999,2.1,0.0,0.0,0.5572232382486189,1.369532664266562,1.48,89.9,10.224,24.5,4.739808812102368,94.08,45.0,7.053558764497991,0.0,30.676441794306697,14.868,332.24856527342223
t1998,5.699999999999999,2.1,0.0,0.3579611329019077,1.5814819196779082,0.5774084948958673,1.48,89.9,10.224,24.5,0.0,94.08,45.0,6.528214908755019,0.0,29.502453351344048,14.868,326.3995198075748
t1999,5.699999999999999,2.1,0.0,0.0,1.0938291116457002,1.9343988597463282,1.48,89.9,10.224,24.5,0.0,94.08,45.0,3.3744926304417704,0.0,4.562062309545739,14.868,298.8167829113795
t2000,5.699999999999999,2.1,23.0681988314995,0.0,0.0,3.2742225920159287,1.48,89.9,3.87470538993988,24.5,2.214887849964875,90.6929231263959,45.0,0.0,0.0,21.10600928741537,8.917224242799593,321.82817132003106
t2001,5.699999999999999,2.1,40.91986441163854,0.0,4.806726843079982,0.0,1.48,89.9,10.224,0.0,7.12446497958856,0.0,45.0,0.0,0.0,25.0933920171714,0.0,232.3484482514785
t2002,5.699999999999999,2.1,32.44084054621436,0.0,6.5,1.0820387632582906,1.028006643662474,89.9,10.224,0.0,3.5662324979327646,0.0,45.0,0.0,0.0,31.238492013502544,0.0,228.77961046457042
t2003,5.699999999999999,2.1,34.235628670387285,0.0,0.0,5.9023478713590425,0.9371026298735169,89.9,10.224,0.0,3.8136607712393364,0.0,45.0,0.0,0.0,57.91755788766234,0.0,255.73029783052152
t2004,5.699999999999999,2.1,43.54,0.0,0.0,6.955866440099552,0.0,89.9,10.224,0.0,3.4180494724335166,0.0,45.0,0.0,0.0,27.25473423284559,0.0,234.09265014537866
t2005,5.699999999999999,2.1,29.407742777715995,0.0,6.405818944172879,0.0,1.48,89.9,10.224,0.0,2.660726132513799,0.0,45.0,0.0,0.0,50.47329607465312,0.0,243.35158392905578
t2006,5.699999999999999,2.1,25.12882064861967,0.0,0.0,7.330298074494774,0.0,89.9,10.224,0.0,4.406756347937781,0.0,45.0,0.0,0.0,8.933876192112873,0.0,198.7237512631651
t2007,5.699999999999999,2.1,28.886275289970218,0.0,0.0,5.402162706898954,0.0,89.9,10.224,17.968200102828284,0.0,1.4473837557085032,45.0,0.0,0.0,10.258214471689007,0.0,216.88623632709493
t2008,5.699999999999999,2.1,0.0,12.99922984834818,0.0,0.0,1.1447837150473812,89.9,8.24856919831663,24.5,0.33949403078775625,87.2869077532175,45.0,5.159475585828742,5.157459710454041,0.0,0.0,287.5359198420002
t2009,0.0,2.1,0.0,0.0,0.0,0.7509209494076663,1.48,0.0,0.549266093652695,24.5,0.0,94.08,45.0,10.096279966668844,0.0,0.0,14.868,193.4244670097292
t2010,0.0,2.1,0.0,0.0,0.0,1.3014190908412158,1.48,0.0,0.0,24.5,0.0,94.08,45.0,2.447782268353413,0.0,0.0,14.868,185.77720135919463
t2011,5.699999999999999,2.1,0.0,0.0,0.0,1.0365175335113026,1.48,0.0,0.0,24.5,0.0,94.08,45.0,14.92004168883534,0.0,0.0,14.868,203.68455922234665
t2012,5.699999999999999,2.1,0.0,0.0,0.0,1.5245429335490297,1.48,0.0,2.536033705811624,24.5,13.364670652715494,94.08,45.0,14.78355863261044,0.0,0.0,14.868,219.93680592468658
t2013,5.699999999999999,2.1,0.0,0.0,0.0,0.6911587854654062,1.48,0.0,2.1856309947895767,24.5,0.0,94.08,45.0,15.055777757108434,0.0,5.734254266349218,14.868,211.39482180371263
t2014,0.608871073774167,2.1,0.0,0.0,0.0,0.8855919362867106,1.48,0.0,0.0,24.5,0.0,94.08,45.0,14.468685387630522,0.0,14.732708234603196,14.868,212.7238566322946
t2015,5.699999999999999,2.1,0.0,0.0,0.0,1.152449776007965,1.48,0.0,0.5043955719438856,24.5,0.0,94.08,45.0,1.4858190964658557,0.0,14.111384425079384,14.868,204.9820488694971
t2016,5.699999999999999,2.1,0.0,0.0,0.0,1.4546678944748639,1.48,0.0,0.4046540055888245,24.5,0.0,94.08,45.0,0.8621713816064249,0.0,20.102815209206398,14.868,210.5523084908765
t2017,5.699999999999999,2.1,0.0,0.0,0.0,2.1971537075019567,1.48,76.97340922518205,0.0,24.5,0.0,94.08,45.0,9.314012336224897,0.0,20.938742748730157,14.868,297.151318017639
t2018,5.699999999999999,2.1,0.0,4.306039024590484,0.0,1.575775908412146,1.48,81.92377708718304,0.0,24.5,0.0,94.08,45.0,8.003731211726901,0.0,18.647530588657318,14.868,302.1848538205699
t2019,5.699999999999999,2.1,0.0,0.0,0.0,1.6313752115480344,1.48,83.2084670822545,0.0,24.5,0.0,94.08,45.0,5.289440926586346,0.0,24.933199763518335,14.868,302.7904829839072
t2020,5.699999999999999,2.1,0.0,3.7696527758543907,0.0,1.5530971627675474,1.48,83.4405608323249,0.14980778210854812,24.5,0.0,94.08,45.0,3.2583302358232915,0.0,11.206206967367404,14.868,291.10565575624605
t2021,5.699999999999999,2.1,0.0,0.0,0.0,1.3747591836734707,1.48,76.91831134050979,0.0,24.5,0.0,94.08,45.0,3.0988261775100403,0.0,3.365262202857182,14.868,272.4851589045505
t2022,5.699999999999999,2.1,0.0,9.342949034701707,0.0,1.0760380288700855,1.48,68.31263672049997,0.0,24.5,0.0,94.08,45.0,0.0,0.0,0.0,14.868,266.45962378407177
t2023,5.699999999999999,2.1,0.0,0.0,0.0,0.7142407167745156,1.48,55.95594968255023,0.0,24.5,0.0,94.08,45.0,7.919751355100394,0.0,0.0,14.868,252.31794175442514
t2024,5.699999999999999,2.1,15.006452907130098,0.0,0.0,1.5503924277551038,1.48,0.0,0.0,24.5,0.0,94.08,45.0,6.07627733759036,0.0,2.016524322284243,14.868,212.3776469947598
t2025,5.699999999999999,2.1,35.62080978898965,0.0,6.5,0.0,1.48,89.9,10.224,24.5,0.0,94.08,45.0,5.98284110698795,1.1482902359798994,45.702754764275454,14.868,382.80669589623295
t2026,5.699999999999999,2.1,6.380591016405166,0.0,3.347837431846999,1.5161747322781307,1.48,89.9,10.224,24.5,0.0,94.08,45.0,6.06469349807229,0.0,33.46406241941515,14.868,338.6253590980177
t2027,5.699999999999999,2.1,4.984231837775563,0.0,0.0,3.729067987735192,1.48,89.9,9.152790064809617,24.5,0.0,94.08,45.0,6.020010755100398,0.0,44.08694912728782,14.868,345.60104977270856
t2028,5.699999999999999,2.1,21.952873581527143,0.0,0.0,3.0916932739472385,1.48,89.9,9.219168575470944,24.5,0.394095247463877,94.08,45.0,16.08001019349398,0.0,68.90406748517493,14.868,397.2699083570781
t2029,5.699999999999999,2.1,7.912561059900701,0.0,0.0,2.0257142794225986,1.48,89.9,9.575323019559118,24.5,0.0,94.08,45.0,17.845054979598387,0.0,50.498712181822334,14.868,365.4853655203031
t2030,5.699999999999999,2.1,0.0,0.0,0.0,1.0765217689696385,1.48,89.9,9.89779459503006,24.5,0.0,94.08,45.0,8.417419840562246,0.0,24.468812582009086,14.868,321.4885487865711
t2031,5.699999999999999,2.1,29.201855971042725,0.0,4.6193994504479186,0.0,1.48,89.9,10.224,24.5,0.0,94.08,45.0,12.165844925236044,1.6131075122658127,32.25252339722848,14.868,367.70473125622095
t2032,5.699999999999999,2.1,5.305361669791462,0.0,0.0,1.3122449517073176,1.48,79.14003226237708,0.0,24.5,0.0,94.08,45.0,9.22958135124497,0.0,18.144554785233428,14.868,300.8597750203542
t2033,0.0,2.1,0.0,0.0,0.0,0.8490984111398716,1.48,67.97700198890803,0.0,24.5,0.0,94.08,45.0,9.422603619277105,0.0,0.0,14.868,260.27670401932505
t2034,0.0,2.1,0.0,0.0,0.0,0.43211557989049443,1.48,59.01250570660148,0.0,24.5,0.0,94.08,45.0,0.0,0.0,0.0,14.868,241.47262128649197
t2035,0.0,2.1,0.0,0.0,0.0,0.43121781981085194,1.48,65.1270524957587,0.0,24.5,0.0,94.08,45.0,11.93517999405622,0.0,0.0,14.868,259.5214503096258
t2036,0.0,2.1,0.0,18.085934843720924,0.0,0.4934786460925849,1.48,55.74530169792726,0.0,24.5,0.0,94.08,45.0,12.453386487550196,0.0,0.0,14.868,268.80610167529096
t2037,0.0,2.1,0.0,4.091863916834838,0.0,0.6078427078148343,1.48,57.72698401039644,0.0,24.5,0.0,94.08,45.0,11.735204005622487,0.0,0.0,14.868,256.1898946406686
t2038,4.122023716063977,2.1,0.0,16.541789067022776,0.0,0.8376343454454958,1.48,63.74436184736049,0.0,24.5,0.0,94.08,45.0,10.492525974297187,0.0,0.0,14.868,277.7663349501899
t2039,5.699999999999999,2.1,0.0,14.017024833609689,0.0,1.0968504728720767,1.48,71.12109502035209,0.0,24.5,0.0,94.08,45.0,8.208981072128507,0.0,8.088531560577692,14.868,290.26048295954
t2040,5.699999999999999,2.1,0.0,10.415097634418608,0.0,1.3359091090094593,1.48,78.6989231863452,0.0,24.5,0.0,94.08,45.0,8.302564042248992,0.0,7.747019700406071,14.868,294.2275136724283
t2041,5.699999999999999,2.1,0.0,7.404389848776526,0.0,1.3814269785963178,1.48,85.43849895726683,0.0,24.5,0.0,94.08,45.0,9.416135833253009,0.0,15.46177814763849,14.868,306.83022976553116
t2042,5.699999999999999,2.1,0.0,5.528739697108178,0.0,1.4327973120955706,1.48,89.9,1.1718274596835974,24.5,0.0,94.08,45.0,6.144296560642569,0.0,18.768885699411,14.868,310.67454672894087
t2043,5.699999999999999,2.1,0.0,4.661285703174911,0.0,1.4210923842707828,1.48,85.5583495959889,8.202094843691624,24.5,0.0,94.08,45.0,3.168195846586345,0.0,18.099648461219505,14.868,308.83866683493204
t2044,5.699999999999999,2.1,0.0,4.8504545606066465,1.8310434522405654,0.03899147588764846,1.48,89.9,10.224,24.5,0.0,94.08,45.0,1.1296442207228885,0.0,13.19907712046661,14.868,308.9012108299243
t2045,5.699999999999999,2.1,0.0,6.8045394948837075,0.0,1.098793827775013,1.48,89.9,7.269402850606154,24.5,0.0,94.08,45.0,1.0535707553413625,0.0,2.321032915160612,14.868,296.17533984376684
t2046,0.0,2.1,0.0,3.740577917532872,0.0,0.6259573917371833,1.48,79.62147968195879,0.0,24.5,0.0,94.08,45.0,1.1867068223766166,0.0,0.0,14.868,267.2027218136055
t2047,0.0,2.1,0.0,0.0,0.0,1.1876051535589849,1.48,55.261647113008586,0.0,24.5,0.0,94.08,45.0,7.604352140160642,0.0,0.0,14.868,246.08160440672822
t2048,5.699999999999999,2.1,0.0,12.619296797775515,0.0,0.22383255350920966,1.48,54.55497484087451,0.0,24.5,0.0,94.08,45.0,9.098739466345373,0.0,4.5157270378982135,14.868,268.7405706964028
t2049,5.699999999999999,2.1,0.0,5.800041063336706,0.0,1.1167151358785479,1.48,66.31790915093856,0.0,24.5,0.0,94.08,45.0,13.675501017590353,0.0,10.95659351807245,14.868,285.59475988581664
t2050,5.699999999999999,2.1,0.0,6.937405093670377,0.0,1.3295873110900962,1.48,68.14337443978039,0.0,24.5,0.0,94.08,45.0,11.923807964899593,0.0,42.9600659688222,14.868,319.02224077826264
t2051,5.699999999999999,2.1,7.852127757338618,0.0,0.0,1.597654747317074,1.48,71.87165210833635,0.0,24.5,0.0,94.08,45.0,8.429104085622484,0.0,83.43208349825213,14.868,360.91062219686665
t2052,5.699999999999999,2.1,0.0,8.357073791344778,0.0,1.342017116655053,1.48,89.9,1.2913802846844904,24.5,0.0,94.08,45.0,7.514978447309229,0.0,71.9891202201198,14.868,368.1225698601133
t2053,5.699999999999999,2.1,0.0,2.479018783377154,0.0,1.4126731644400212,1.48,89.9,3.9049791832325056,24.5,0.0,94.08,45.0,5.788965160963852,0.0,60.89244528943789,14.868,352.10608158145146
t2054,5.699999999999999,2.1,0.0,15.549064292214352,0.0,1.328853513180688,1.48,89.9,0.0,24.5,0.0,94.08,45.0,2.8275634049799168,0.0,33.50265842483088,14.868,330.8361396352058
t2055,5.699999999999999,2.1,0.0,14.991617748230526,0.0,1.5878098493578898,1.48,87.39420906268822,0.0,24.5,0.0,94.08,45.0,0.0,0.0,5.706975250195429,14.868,297.4086119104721
t2056,5.699999999999999,2.1,0.0,19.542383782042464,0.0,3.9423173655350925,1.48,89.9,5.8226264792699745,24.5,0.0,94.08,45.0,3.665955366104416,0.0,3.292055117238236,14.868,313.8933381101902
t2057,0.0,2.1,0.0,17.028666896299306,0.0,0.9677138417023394,1.48,63.09294639361975,0.0,24.5,0.0,94.08,45.0,0.0,0.0,0.0,14.868,263.1173271316214
t2058,0.0,2.1,0.0,22.009609262325593,0.0,0.3841588850174224,1.48,0.0,0.0,24.5,0.0,94.08,45.0,10.837253326907629,0.0,0.0,14.868,215.25902147425063
t2059,0.0,2.1,5.405295194447825,12.36228968859261,0.0,0.426263115978099,1.48,59.71605718654233,0.0,24.5,0.0,94.08,45.0,5.716908140669163,0.0,0.0,14.868,265.65481332623006
t2060,0.0,2.1,0.0,1.073038547806291,0.0,0.5407096067695375,1.48,53.462055037306264,0.0,24.5,0.0,94.08,45.0,11.505098459437747,0.0,0.0,14.868,248.60890165131985
t2061,0.0,2.1,0.0,16.273103701152685,0.0,0.6736067695370844,1.48,66.06756559699083,0.0,24.5,0.0,94.08,45.0,10.94820806939759,0.0,0.0,14.868,275.99048413707817
t2062,4.956610276939653,2.1,0.0,18.543208519446164,0.0,1.8882961441015436,1.48,62.05593064499478,0.0,24.5,0.0,94.08,45.0,10.102990571405618,0.0,0.0,14.868,279.57503615688773
t2063,5.699999999999999,2.1,0.0,15.282347381638036,0.0,1.1382280736684929,1.48,76.4245080876759,0.0,24.5,0.0,94.08,45.0,2.9816385533165586,0.0,1.1162248534660903,14.868,284.67094694976504
t2064,5.699999999999999,2.1,0.0,11.599694196602607,0.0,1.351111000497761,1.48,73.60408198378236,0.0,24.5,0.0,94.08,45.0,9.347940184899596,0.0,16.611310231165103,14.868,300.2421375969474
t2065,5.699999999999999,2.1,0.0,8.847914621274008,0.0,1.4791367844698866,1.48,79.81026710354578,0.0,24.5,0.0,94.08,45.0,10.8074846053012,0.0,16.362107685376632,14.868,305.0349107999676
t2066,5.699999999999999,2.1,0.0,6.8615303947826,0.0,1.556517073170732,1.48,83.24175749290015,0.0,24.5,0.0,94.08,45.0,7.601012966746983,0.0,27.776887434368557,14.868,314.765705361969
t2067,5.699999999999999,2.1,0.0,5.729942932699693,0.0,1.535545146839224,1.48,85.16544389881439,0.0,24.5,0.0,94.08,45.0,3.688224615675934,0.0,19.219150093131752,14.868,303.066306687161
t2068,5.699999999999999,2.1,0.0,6.05467094078866,0.0,1.449706918865108,1.48,89.9,1.7131495406660295,24.5,0.0,94.08,45.0,3.1491472559036118,0.0,15.266597267606553,14.868,305.2612719238299
t2069,5.699999999999999,2.1,0.0,7.804594095490384,0.0,1.2468991538078655,1.48,74.20141596268822,0.0,24.5,0.0,94.08,45.0,3.0309946454618446,0.0,9.991285649665612,14.868,284.00318950711386
t2070,4.471930616405129,2.1,0.0,10.130404167319549,0.0,0.908672971627677,1.48,89.9,0.0,24.5,0.0,94.08,45.0,0.0,0.0,0.0,14.868,287.43900775535235
t2071,0.0,2.1,0.0,8.17183170924169,0.0,0.48721314086610346,1.48,89.9,0.0,24.5,0.0,94.08,45.0,7.287680500321284,0.0,0.0,14.868,287.8747253504291
t2072,5.699999999999999,2.1,3.218031125918581,0.0,6.5,0.0,1.48,89.9,10.224,24.5,0.0,94.08,45.0,8.485270713172685,1.474996768643214,39.26430434466281,14.868,346.7946029523973
t2073,5.699999999999999,2.1,24.236160982686602,0.0,0.0,0.5902511865903441,1.48,89.9,10.224,24.5,0.0,94.08,45.0,6.424630791799404,0.0,0.0,5.636026303498124,309.8710692645745
t2074,5.699999999999999,2.1,40.5500526059583,0.0,0.0,2.0220006280139384,1.48,89.9,10.224,24.5,0.0,94.08,45.0,0.0,0.0,0.0,14.868,330.42405323397224
t2075,5.699999999999999,2.1,29.511724319563072,0.0,0.0,3.000262955778996,1.48,89.9,7.447426869920896,24.5,0.8549223263923754,89.9843362949731,45.0,0.0,0.0,4.656193245588766,10.535609465076751,314.6704754772939
t2076,5.699999999999999,2.1,32.78509195142007,0.0,0.0,2.2059182846490804,1.48,89.9,10.224,21.103600799393934,0.0,52.47373141214572,45.0,0.0,0.0,7.995973343256724,13.11736589333333,284.08568168419885
t2077,5.699999999999999,2.1,43.54,0.0,0.0,4.4331850829566966,1.48,89.9,10.224,21.606128062020208,0.0,50.39397510655871,45.0,0.0,0.0,18.94687096932753,9.846912656112787,303.17107187697593
t2078,5.699999999999999,2.1,28.480513626415107,0.0,0.0,3.970315317291593,1.48,89.9,10.224,22.334304094343434,0.0,93.69216195935222,45.0,0.0,0.0,25.592452309295197,14.868,343.3417473066976
t2079,5.699999999999999,2.1,27.499862010995482,0.0,0.0,2.214801188332505,1.48,89.9,10.224,24.5,0.1272174546487303,94.08,45.0,0.0,0.0,0.0,14.868,317.6938806539767
t2080,5.699999999999999,2.1,0.0,0.0,2.6116962638248635,0.9456958159040081,1.48,89.9,10.224,24.5,0.0,94.08,45.0,4.028154653574296,0.0,19.199292852472688,14.868,314.6368395857759
t2081,5.699999999999999,2.1,0.0,20.751360526228513,0.0,0.8732223533997023,1.48,89.9,0.0,24.5,0.0,94.08,45.0,7.454384809317269,0.0,0.0,14.868,306.7069676889455
t2082,5.699999999999999,2.1,0.0,25.353868590536663,0.0,0.4288676953708325,1.48,57.821877018577815,0.0,24.5,0.0,94.08,45.0,0.0,0.0,0.0,14.868,271.3326133044853
t2083,5.699999999999999,2.1,0.0,25.117481860910015,0.0,1.4247383541562977,1.48,54.70100358535949,0.0,24.5,0.0,94.08,45.0,10.653787134457826,0.0,17.86240730395386,14.868,297.4874182388375
t2084,5.699999999999999,2.1,0.0,0.0,0.0,0.5129928322548538,1.48,89.9,0.0,24.5,0.0,94.08,45.0,11.389437594056227,0.0,22.537847968730187,14.868,312.0682783950413
t2085,5.699999999999999,2.1,0.0,0.0,0.0,1.6367235209059239,1.48,0.0,0.0,24.5,0.0,94.08,45.0,0.0,0.0,0.0,14.868,189.36472352090593
t2086,5.699999999999999,2.1,0.0,0.0,0.0,0.8664155301144858,1.48,64.5371986587947,0.0,24.5,0.0,94.08,45.0,0.48469486439737824,0.0,15.906374325937454,14.868,269.52268337924403
t2087,5.699999999999999,2.1,0.0,14.467479838665295,0.0,1.1088044798407173,1.48,70.25372896929245,0.0,24.5,0.0,94.08,45.0,9.146078379116462,0.0,0.0,14.868,282.70409166691496
t2088,5.699999999999999,2.1,0.0,10.707526350293207,0.0,1.3646893977103043,1.48,77.82957519896223,0.0,24.5,0.0,94.08,45.0,9.753674515662649,0.0,3.853083174439844,14.868,291.2365486370682
t2089,5.699999999999999,2.1,0.0,7.806395915510601,0.0,1.4773466401194626,1.48,89.9,0.0,24.5,0.0,94.08,45.0,10.866164475502009,0.0,10.250824927372884,14.868,308.0287319585049
t2090,5.699999999999999,2.1,0.0,6.111261436238617,0.0,1.5716365355898467,1.48,87.92021671261429,0.0,24.5,0.0,94.08,45.0,7.868092186345383,0.0,12.969403252440706,14.868,304.16861012322886
t2091,5.699999999999999,2.1,0.0,5.220161335126376,0.0,1.593500846192136,1.48,89.85840005416185,0.0,24.5,0.0,94.08,45.0,1.4158223936650103,0.0,13.526463133728223,14.868,299.34234776287354
t2092,5.699999999999999,2.1,0.0,5.637160324004033,0.0,1.550581284221006,1.48,89.9,1.2029982703230087,24.5,0.0,94.08,45.0,2.6136755911646605,0.0,9.113106444698401,14.868,297.74552191441114
t2093,5.699999999999999,2.1,0.0,5.243878727936535,0.0,2.3907102804878053,1.48,89.9,0.0,24.5,0.0,94.08,45.0,2.0609825763855394,0.0,0.3295894320463604,14.868,287.65316101685625
t2094,5.699999999999999,2.1,0.0,0.0,0.0,1.1213964161274272,1.48,76.18019535943539,0.0,24.5,0.0,94.08,45.0,0.0,0.0,0.0,14.868,265.02959177556284
t2095,5.699999999999999,2.1,0.0,0.0,0.0,1.5238666706139188,1.48,72.8857370907316,0.0,24.5,0.0,94.08,45.0,0.0,0.0,0.0,14.868,262.13760376134553
t2096,5.699999999999999,2.1,34.58913156881829,0.0,5.576497498585333,0.0,1.48,89.9,10.224,24.5,0.0,94.08,45.0,0.20056002224899405,1.9013625454705336,9.876603115823682,14.868,339.99615475094686
t2097,5.699999999999999,2.1,31.897007577991904,0.0,0.0,2.74533321745147,1.48,89.9,9.42855744761523,24.5,0.0,94.08,45.0,15.029132727228918,0.0,18.021277391316225,14.868,354.7493083616037
t2098,5.699999999999999,2.1,22.373301793406153,0.0,0.0,4.0537871746441025,1.48,89.9,8.193344021963926,24.5,0.0,94.08,45.0,10.347166927710845,0.0,46.08678701767674,14.868,368.6823869354017
t2099,5.699999999999999,2.1,20.37151451054617,0.0,0.0,5.093459164599303,1.48,89.9,4.058601935640824,19.260717186464646,0.0,16.62954830696356,45.0,4.5269371868273085,0.0,0.0,14.868,228.9887782910418
t2100,5.699999999999999,2.1,15.854105770923548,0.0,0.0,6.528045431776412,1.48,89.9,6.906497013226454,13.493037113939396,0.0,22.22397283408906,45.0,8.11915997116466,0.0,23.969313981817905,14.868,256.14213211693743
t2101,5.699999999999999,2.1,23.61885730744787,0.0,0.0,3.8883627844002,1.48,89.9,9.107465522725454,15.832104643636363,0.0,31.971386790607287,45.0,4.651499952909471,0.0,0.0,14.868,248.11767700172663
t2102,5.699999999999999,2.1,0.21572719813306337,0.0,6.5,0.0,1.48,89.9,10.224,13.369352726262624,0.0,52.98165859384614,45.0,5.602554087228914,0.6962249093467315,46.3881369343477,14.868,295.0256544491652
t2103,5.699999999999999,2.1,0.0,0.0,6.5,0.0,1.48,89.9,10.224,16.446052363434344,0.0,65.04827865449394,45.0,4.078212799518069,1.1776832008040197,64.39969757432264,14.868,326.921924592573
t2104,5.699999999999999,2.1,8.751588837060579,0.0,0.0,2.684013433230464,1.48,89.9,6.129920501696936,24.5,0.0,94.08,45.0,2.748435500481928,0.0,34.72420521799765,14.868,332.66616349046757
t2105,5.699999999999999,2.1,0.0,22.42220380226491,0.0,0.8550342000895981,1.48,64.99957337816384,0.0,24.5,0.0,94.08,45.0,8.132558849317268,0.0,0.0,14.868,284.1373702298356
t2106,5.699999999999999,2.1,0.0,3.6034227102527696,0.0,0.47341075161772067,1.48,17.648814736657194,0.0,24.5,0.0,94.08,45.0,9.525421731887548,0.0,0.0,14.868,218.97906993041522
t2107,5.699999999999999,2.1,0.0,3.1454489994337798,0.0,1.4969981849178706,1.48,54.17047149664585,0.0,24.5,0.0,94.08,45.0,10.158880294457829,0.0,0.0,14.868,256.69979897545534
t2108,5.699999999999999,2.1,0.0,3.569325644661252,0.0,0.557535888501743,1.48,64.11938603977049,0.0,24.5,0.0,94.08,45.0,0.0,0.0,0.0,14.868,255.97424757293348
t2109,5.699999999999999,2.1,0.0,23.569940910454996,0.0,0.6812493777999006,1.48,67.09312304913476,0.0,24.5,0.0,94.08,45.0,10.494540454779115,0.0,0.0,14.868,289.56685379216873
t2110,5.699999999999999,2.1,0.0,19.961696218847322,0.0,0.8942156296665014,1.48,64.06279626589178,0.0,24.5,0.0,94.08,45.0,10.099370015742966,0.0,9.180696300087257,14.868,291.92677443023587
t2111,5.699999999999999,2.1,0.0,15.951445460505555,0.0,1.1366045793927337,1.48,72.05890938644376,0.0,24.5,0.0,94.08,45.0,8.475691019919674,0.0,2.37442946604498,14.868,287.72507991230674
t2112,5.699999999999999,2.1,0.0,11.743372659696673,0.0,1.542358864266628,1.48,78.12254128866161,0.0,24.5,0.0,94.08,45.0,9.685093474216865,0.0,4.074668966671474,14.868,292.8960352535132
t2113,5.699999999999999,2.1,0.0,0.0,0.0,1.3629763066202103,1.48,83.57416423434913,0.0,24.5,0.0,94.08,45.0,10.991435236947789,0.0,18.03131140920638,14.868,301.6878871871235
t2114,5.699999999999999,2.1,0.0,5.935928776986839,0.0,2.3580325303633654,1.48,86.25113328117023,0.0,24.5,0.0,94.08,45.0,8.071009581847392,0.0,23.91482079338121,14.868,314.25892496374894
t2115,5.699999999999999,2.1,0.0,4.864290758786644,0.0,1.269738277750126,1.48,89.9,0.6496281616410602,24.5,0.0,94.08,45.0,5.38276391839357,0.0,16.800771783987543,14.868,306.5951929005589
t2116,5.699999999999999,2.1,0.0,4.911582973144573,0.0,1.1165949228471879,1.48,89.9,3.4838552668973266,24.5,0.0,94.08,45.0,3.274284247710844,0.0,13.335724288521579,14.868,303.75004169912154
t2117,5.699999999999999,2.1,0.0,6.322941921577354,0.0,0.8894015928322558,1.48,89.9,1.1791238809731521,24.5,0.0,94.08,45.0,3.2739299281927705,0.0,4.862709473625785,14.868,294.15610679720135
t2118,5.699999999999999,2.1,0.0,9.405744752719905,0.0,0.5604415131906424,1.48,52.52769761985923,0.0,24.5,0.0,94.08,45.0,0.0,0.0,0.11440307948068495,14.868,250.33628696525048
t2119,5.699999999999999,2.1,0.0,0.0,0.0,1.1574486577899468,1.48,55.17430205159902,0.0,24.5,0.0,94.08,45.0,7.977035958473896,0.0,0.0,14.868,252.03678666786286
t2120,5.699999999999999,2.1,5.203189796027811,0.0,0.0,1.1892742595121952,1.48,57.97080005082029,0.0,24.5,0.0,94.08,45.0,9.141816878955817,0.0,3.166764953935932,14.868,264.39984593925203
t2121,5.699999999999999,2.1,38.433597669394246,0.0,0.0,1.9386476791239435,1.48,89.9,9.310393233960507,24.5,0.0,94.08,45.0,10.372219271164651,0.0,21.463277979464376,14.868,359.1461358331077
t2122,5.699999999999999,2.1,11.538089872682917,0.0,0.9695337210065308,1.2292560865415139,1.48,89.9,10.224,24.5,0.0,94.08,45.0,11.954072108433726,0.0,40.33956926632443,14.868,353.88252105498907
t2123,5.699999999999999,2.1,0.0,0.0,0.0,1.5401913048404805,1.48,89.9,8.545779312905811,24.5,0.0,94.08,45.0,12.929266868273091,0.0,44.97909808869512,14.868,345.6223355747145
t2124,5.699999999999999,2.1,0.0,0.0,0.0,0.47637184363364926,1.48,89.9,9.001409048537074,24.5,2.233605303009468,94.08,45.0,13.313226997108435,0.0,41.86800164721443,14.868,344.520614839503
t2125,5.699999999999999,2.1,0.0,0.0,0.0,0.6495687575211557,1.48,89.9,10.059277444168336,24.5,0.0,94.08,45.0,19.88245197293173,0.0,48.64035866249389,14.868,356.8596568371151
t2126,5.699999999999999,2.1,0.0,0.0,1.0703382920885742,0.6340268177015482,1.48,89.9,10.224,24.5,0.0,94.08,45.0,11.4265078702008,0.0,53.63832431951599,14.868,354.62119729950695
t2127,5.699999999999999,2.1,11.35537426141015,0.0,0.0,1.1319152354305637,1.48,52.981482906969,4.350389888620004,24.5,0.0,94.08,45.0,8.289035786987949,0.0,36.89560949698607,14.868,302.7318075764037
t2128,5.699999999999999,2.1,0.0,0.0,0.0,0.9803183215430575,1.48,76.97407680861232,0.0,24.5,0.0,94.08,45.0,7.484984221767063,0.0,38.41527380798002,14.868,311.58265315990246
t2129,5.699999999999999,2.1,0.0,0.0,0.0,0.7740869089099058,1.48,66.6317216092136,0.0,24.5,0.0,94.08,45.0,9.5831134475502,0.0,19.53539394888892,14.868,284.2523159145626
t2130,5.699999999999999,2.1,0.0,0.0,0.0,0.5088534594325544,1.48,58.59725081611355,0.0,24.5,0.0,94.08,45.0,0.0,0.0,13.529291727301626,14.868,260.36339600284776
t2131,5.699999999999999,2.1,0.0,15.751041104640946,0.0,0.5677006470881046,1.48,67.1197565690953,0.0,24.5,0.0,94.08,45.0,3.711135888873452,0.0,22.990399198797203,14.868,297.868033408495
t2132,5.699999999999999,2.1,0.0,21.08127154746208,0.0,0.7082404181184678,1.48,71.41532295450685,0.0,24.5,0.0,94.08,45.0,10.475925619598389,0.0,0.0,14.868,291.4087605396858
t2133,5.699999999999999,2.1,0.0,19.77317245747218,0.0,1.8505042078148344,1.48,65.82835715460544,0.0,24.5,0.0,94.08,45.0,9.917195771405614,0.0,9.69245819527825,14.868,294.78968778657634
t2134,5.699999999999999,2.1,0.0,0.0,0.0,0.9607054255848688,1.48,63.46103451724711,0.0,24.5,0.0,94.08,45.0,9.640375365783129,0.0,21.0777828377778,14.868,282.8678981463929
t2135,5.699999999999999,2.1,0.0,13.460462649585429,0.0,1.0895393728223002,1.48,83.25920228067736,0.0,24.5,0.0,94.08,45.0,0.0,0.0,44.51749270480885,14.868,330.0546970078939
t2136,5.699999999999999,2.1,0.0,9.638224024711828,0.0,1.1492789447486316,1.48,79.70123597648812,0.0,24.5,0.0,94.08,45.0,10.189939728995983,0.0,14.934824589925213,14.868,303.34150326486974
t2137,5.699999999999999,2.1,0.0,0.0,0.0,2.16270161946242,1.48,0.0,0.0,24.5,0.0,94.08,45.0,11.954627239036139,0.0,24.42925109174604,14.868,226.2745799502446
t2138,5.699999999999999,2.1,0.0,4.049934843720913,0.0,1.2292584370333508,1.48,72.07284277589669,0.0,24.5,0.0,94.08,45.0,9.59202609574297,0.0,21.705120697083842,14.868,296.3771828494778
t2139,5.699999999999999,2.1,0.0,0.0,0.0,1.2528286709805878,1.48,89.9,0.0,24.5,0.0,94.08,45.0,0.0,0.0,24.10528125047621,14.868,302.9861099214568
t2140,5.699999999999999,2.1,0.0,2.8202705363397285,0.0,1.193083723245397,1.48,77.66265352010565,0.0,24.5,0.0,94.08,45.0,5.166913402409638,0.0,28.097782035296216,14.868,302.6687032173966
t2141,5.699999999999999,2.1,0.0,3.4512412137917,0.0,1.0870055749128924,1.48,68.59529432641419,0.0,24.5,0.0,94.08,45.0,4.488453314056227,0.0,23.37360272914622,14.868,288.7235971583212
t2142,5.699999999999999,2.1,0.0,0.0,0.0,0.9684125435540074,1.48,89.9,0.0,24.5,0.0,94.08,45.0,3.6532313020080296,0.0,27.195185967509058,14.868,309.44482981307107
t2143,5.699999999999999,2.1,0.0,0.0,0.0,1.7605839489795918,1.48,72.18460531704996,0.0,24.5,0.0,94.08,45.0,0.0,0.0,7.595968460952395,14.868,269.269157726982
t2144,5.699999999999999,2.1,0.0,4.961893758341759,0.0,0.7458040358287706,1.48,89.9,0.0,24.5,0.0,94.08,45.0,4.10480763943775,0.0,0.0,14.868,287.4405054336083
t2145,5.699999999999999,2.1,16.195160706852047,0.0,4.198741699879216,0.0,1.48,89.9,10.224,24.5,2.668992597678127,94.08,45.0,7.0783649328537495,0.8444992973857207,0.0,11.639838743101356,315.6095979777502
t2146,5.699999999999999,2.1,0.0,0.0,2.393479130186221,0.29152448744481724,1.48,89.9,10.224,24.5,2.54315360250878,72.19816740759127,45.0,9.9571040334053,0.0,0.0,14.868,281.1554286611364
t2147,5.699999999999999,2.1,0.0,0.0,0.0,3.1384484755400717,1.48,89.9,9.285640471422843,24.5,3.0644332453186127,49.868305127254686,45.0,10.304815199036142,0.0,0.0,14.868,259.20964251857237
t2148,5.699999999999999,2.1,3.443694428520355,0.0,0.0,3.424391953140867,1.48,89.9,10.224,22.01693363232323,0.0,45.40951468178139,45.0,17.348934017955557,0.0,0.0,14.868,260.9154687137214
t2149,5.699999999999999,2.1,5.3124571586891784,0.0,0.4816756624056349,3.709432464079992,1.48,89.9,10.224,15.400194417894646,3.6397798157847516,0.0,45.0,0.5242506707630519,0.0,0.0,14.868,198.33979018961725
t2150,5.699999999999999,2.1,0.7005713518172931,0.0,0.0,3.8134867266600305,1.48,89.9,8.323836141202401,0.0,6.779371914681384,0.10668699522497321,45.0,12.805875102088352,0.0,0.0,14.868,191.57782823167443
t2151,5.699999999999999,2.1,20.033657947606752,0.0,0.0,2.3111213476157313,1.48,89.9,7.511974841763528,16.37680330532463,1.4649469235675054,0.0,45.0,11.577418666024094,0.0,0.0,14.868,218.32392303190224
t2152,5.699999999999999,2.1,0.0,0.0,0.0,1.8406323481134899,1.48,89.9,9.637869313527158,24.5,0.7449671322528839,75.88989764798993,45.0,18.64456853333333,0.0,0.0,14.868,290.30593497521676
t2153,5.699999999999999,2.1,0.0,0.0,0.0,0.9087546580288712,1.48,89.9,3.562490414316128,24.5,0.0,94.08,45.0,0.0,0.0,14.57955940668094,14.868,296.6788044790259
t2154,5.699999999999999,2.1,0.0,0.0,0.0,0.5625739173718277,1.48,89.9,6.079455081618803,24.5,0.0,94.08,45.0,0.0,0.0,12.822674196984154,14.868,297.09270319597476
t2155,5.699999999999999,2.1,0.0,19.15032004918098,0.0,0.6644230960676961,1.48,89.9,3.0571705227410484,24.5,0.0,94.08,45.0,6.344059839839359,0.0,2.7156971625527353,14.868,309.5596706703818
t2156,5.699999999999999,2.1,0.0,0.0,0.0,0.8142298656047794,1.48,89.9,0.0,24.5,0.0,94.08,45.0,6.6447176162249,0.0,22.70799073555559,14.868,307.79493821738527
t2157,5.699999999999999,2.1,0.0,6.730321518230479,0.0,1.9792557259830768,1.48,89.9,3.017972115686935,24.5,0.0,94.08,45.0,6.938716031807233,0.0,21.362108733440873,14.868,317.65637412514866
t2158,5.699999999999999,2.1,0.0,0.0,0.0,1.7135434454615595,1.48,89.9,1.1663820780115837,24.5,0.0,94.08,45.0,6.733086924497992,0.0,30.098119306984163,14.868,317.3391317549553
t2159,5.699999999999999,2.1,0.0,10.510326115915058,0.0,1.2880348432055762,1.48,89.9,2.268561675606775,24.5,0.0,94.08,45.0,5.770737230361441,0.0,26.393153287366466,14.868,323.8588131524553
t2160,5.699999999999999,2.1,0.0,7.278127935935278,0.0,1.4379240418118475,1.48,89.9,0.0,24.5,0.0,94.08,45.0,5.949582071646585,0.0,31.108184338953446,14.868,323.4018183883472
t2161,5.699999999999999,2.1,0.0,0.0,0.0,1.5322139372822317,1.48,89.9,10.199698063326656,24.5,0.0,94.08,45.0,0.0,0.0,41.00408279904767,14.868,330.3639947996566
t2162,5.699999999999999,2.1,0.0,2.783943911668336,0.0,2.6004277518666012,1.48,89.9,3.7018975751708885,24.5,0.0,94.08,45.0,0.0,0.0,40.43292284616404,14.868,327.14719208486986
t2163,5.699999999999999,2.1,0.0,0.0,0.0,1.655927426580389,1.48,51.61778618653235,4.454948687366053,24.5,0.0,94.08,45.0,5.377401624096383,0.0,41.316017054127016,14.868,292.1500809787022
t2164,5.699999999999999,2.1,0.0,0.0,0.0,1.5288773519163772,1.48,89.9,7.033880606729989,24.5,0.0,94.08,45.0,0.0,0.0,31.34312728222225,14.868,317.53388524086864
t2165,5.699999999999999,2.1,0.0,1.77977508639028,0.0,2.3664833018914893,1.48,89.9,6.298007611446001,24.5,0.0,94.08,45.0,0.0,0.0,23.765895614501805,14.868,311.8381616142296
t2166,5.699999999999999,2.1,0.0,0.0,0.0,1.0980618218018925,1.48,89.9,3.9895388186209533,24.5,0.0,94.08,45.0,0.0,0.0,16.36855585365082,14.868,299.0841564940737
t2167,5.699999999999999,2.1,0.0,0.0,0.0,0.8112059731209565,1.48,89.9,2.3964095111115955,24.5,0.0,94.08,45.0,0.0,0.0,8.570963274297785,14.868,289.4065787585304
t2168,5.699999999999999,2.1,16.164047425501494,0.0,0.0,0.9112195059034353,1.48,89.9,8.390552527094185,24.5,0.0,94.08,45.0,9.808882788394037,0.0,0.0,0.8803014084080514,298.91500365530123
t2169,5.699999999999999,2.1,41.194937782970875,0.0,0.0,2.2167325426381286,1.48,89.9,9.009243634866392,24.5,0.0,94.08,45.0,0.0,0.0,11.796701625833279,0.002551655850515123,326.9801672421592
t2170,5.699999999999999,2.1,43.54,0.0,0.0,4.006955934514092,1.48,89.9,0.5846665187174342,24.5,0.0,94.08,45.0,0.0,0.0,10.285392924296497,12.07021814872105,333.2472335262491
t2171,5.699999999999999,2.1,43.54,0.0,0.0,3.6574197502040815,1.48,89.9,0.0,24.5,0.0,94.08,45.0,0.0,0.0,14.121440139614657,0.0,324.0788598898187
t2172,5.699999999999999,2.1,39.44738833298908,0.0,0.0,3.870939710383277,1.48,89.9,0.5493412618066654,24.5,0.0,94.08,45.0,0.0,0.0,20.294758060418435,0.0,326.92242736559746
t2173,5.699999999999999,2.1,43.54,0.0,0.0,3.784208202170234,1.48,89.9,3.782174924769538,14.90233658444445,0.0,25.91893990251006,45.0,0.0,0.0,18.804283227498935,3.1511327213897276,258.06307556278296
t2174,5.699999999999999,2.1,43.54,0.0,0.0,4.61091917952215,1.48,89.9,4.159884333106217,14.495710912813822,0.7662545442850085,0.0,45.0,0.0,0.0,0.0,0.0,211.75276896972719
t2175,5.699999999999999,2.1,19.839126876777467,1.170340968549424,0.0,0.0,0.7443122270259485,89.9,10.224,15.889356541010102,0.0,5.044959926477707,45.0,0.0,6.25,0.0,0.0,201.86209653984065
t2176,5.699999999999999,2.1,10.237500757099694,0.0,0.0,0.0,0.908770944191617,89.9,3.706406952905811,24.5,0.21261424570998577,44.13657456159619,45.0,6.511644872483467,6.25,8.311975182008478,0.0,247.4754875159952
t2177,5.699999999999999,2.1,0.0,13.403335995564534,0.0,1.2463545584768554,1.48,89.9,6.687706719946288,24.5,0.0,94.08,45.0,1.64275436497992,0.0,0.0,14.868,300.60815163896757
t2178,5.699999999999999,2.1,0.0,6.935662655850968,0.0,0.6552394225983089,1.48,66.62277298388092,0.0,24.5,0.0,94.08,45.0,4.88444890072289,0.0,1.560524740376156,14.868,268.3866487034293
t2179,5.699999999999999,2.1,0.0,0.0,0.0,1.684762644848185,1.48,72.5093884401648,0.0,24.5,0.0,94.08,45.0,6.496910366746988,0.0,5.066805060000005,14.868,273.48586651176
t2180,5.699999999999999,2.1,0.0,0.0,0.0,1.754583650323545,1.48,89.9,0.0,24.5,0.0,94.08,45.0,4.106659939373153,0.0,14.89154053180088,14.868,298.3807841214976
t2181,5.699999999999999,2.1,0.0,18.050387826531853,0.0,0.8992527625684432,1.48,89.9,0.0,24.5,0.0,94.08,45.0,0.0,0.0,0.0,14.868,296.5776405891003
t2182,5.699999999999999,2.1,0.0,14.842992269039428,0.0,1.0751519163763072,1.48,78.21822516643391,0.0,24.5,0.0,94.08,45.0,0.0,0.0,0.0,14.868,281.86436935184963
t2183,5.699999999999999,2.1,0.0,11.051896421071778,0.0,1.2788511697361877,1.48,73.27071041276213,0.0,24.5,0.0,94.08,45.0,5.419560551004019,0.0,0.0,14.868,278.7490185545741
t2184,5.699999999999999,2.1,0.0,0.0,0.0,1.4228045793927329,1.48,87.65015305918895,0.0,24.5,0.0,94.08,45.0,5.3796480780722895,0.0,10.505162828254003,14.868,292.685768544908
