Resource,Central_Storage,IID_Storage,LADWP_Storage,North_Storage,PGE_Storage,SCE_Storage,SDGE_Storage,South_Storage,Central_Storage_Invest,IID_Storage_Invest,LADWP_Storage_Invest,NCNC_Storage_Invest,North_Storage_Invest,PGE_Storage_Invest,SCE_Storage_Invest,SDGE_Storage_Invest,South_Storage_Invest,Total
Zone,1,2,3,5,6,7,8,9,1,2,3,4,5,6,7,8,9,0
AnnualSum,1.559021211451941e6,149382.41167555453,2.0259137075861937e6,98965.57980345479,4.90425758144711e6,1.0322462654506963e7,1.9749269541745684e6,2.6200360268889256e6,7.296012091444269e6,0.0,859173.9414901334,0.0,0.0,0.0,2.061608619645648e6,7.288268721234092e6,5.349704514207555e6,4.650973401555641e7
t1,0.0,0.0,0.0,0.0,0.0,0.0,0.0,0.0,0.0,0.0,0.0,0.0,0.0,0.0,0.0,0.0,0.0,0.0
t2,0.0,0.0,0.0,0.0,0.0,0.0,0.0,0.0,0.0,0.0,0.0,0.0,0.0,0.0,0.0,0.0,0.0,0.0
t3,0.0,0.0,0.0,0.0,0.0,0.0,0.0,0.0,0.0,0.0,0.0,0.0,0.0,0.0,0.0,0.0,0.0,0.0
t4,0.0,0.0,0.0,0.0,0.0,0.0,0.0,0.0,0.0,0.0,0.0,0.0,0.0,0.0,0.0,0.0,0.0,0.0
t5,0.0,0.0,0.0,0.0,0.0,0.0,0.0,0.0,0.0,0.0,0.0,0.0,0.0,0.0,0.0,0.0,0.0,0.0
t6,0.0,0.0,0.0,0.0,0.0,0.0,0.0,0.0,0.0,0.0,0.0,0.0,0.0,0.0,0.0,0.0,0.0,0.0
t7,0.0,0.0,0.0,0.0,0.0,0.0,0.0,0.0,0.0,0.0,0.0,0.0,0.0,0.0,0.0,0.0,0.0,0.0
t8,0.0,0.0,0.0,0.0,0.0,0.0,0.0,0.0,0.0,0.0,0.0,0.0,0.0,0.0,0.0,0.0,0.0,0.0
t9,0.0,0.0,0.0,0.0,0.0,0.0,0.0,0.0,0.0,0.0,0.0,0.0,0.0,0.0,0.0,223.58018502176432,0.0,223.58018502176432
t10,432.0833333333334,92.30769225,0.0,0.0,0.0,0.0,0.0,1559.9999999999998,2910.3541812899484,0.0,557.9800189334986,0.0,0.0,0.0,1325.5286868440348,2989.6855426800003,0.0,9867.939455330816
t11,972.1875000000001,0.0,1296.0000000000002,0.0,2144.0527506818175,3700.9881544394843,1275.80838375,1559.9999999999998,2667.6945880200938,0.0,557.9800189334986,0.0,0.0,0.0,1325.5286868440348,2407.42940151,3356.290727102567,21263.960211281497
t12,972.1875000000001,92.30769225,1296.0000000000002,0.0,2963.502804873738,6920.0,1275.80838375,0.0,1558.7633631851572,0.0,273.23723613000004,0.0,0.0,0.0,545.2835795200031,3435.5953978771463,3356.290727102567,22688.976684688612
t13,0.0,41.02564100000005,1296.0000000000002,0.0,3535.9999999999995,6920.0,1275.80838375,1559.9999999999998,4402.697148476807,0.0,212.7211404874152,0.0,0.0,0.0,1325.5286868440348,3345.52594215,3131.8487852367803,27047.15572794504
t14,972.1875000000001,92.30769225,0.0,0.0,3535.9999999999995,6920.0,0.0,1559.9999999999998,3922.5669771985768,0.0,557.9800189334986,0.0,0.0,0.0,265.2219689425657,4010.2199213999993,1334.6555389118992,23171.13961763654
t15,0.0,0.0,1296.0000000000002,0.0,3535.9999999999995,6294.567401116069,567.0259483333328,0.0,2850.031530591824,0.0,0.0,0.0,0.0,0.0,734.0338497854236,3156.6364853381515,3356.290727102567,21790.585942267367
t16,972.1875000000001,92.30769225,575.9999999999998,0.0,0.0,0.0,1275.80838375,693.3333333333329,1735.9342022574479,0.0,320.0127618420827,0.0,0.0,0.0,370.11314941561335,918.1251119699998,381.4711705550285,7335.293305373507
t17,0.0,0.0,0.0,0.0,0.0,0.0,0.0,0.0,0.0,0.0,0.0,0.0,0.0,0.0,0.0,0.0,0.0,0.0
t18,0.0,0.0,0.0,0.0,0.0,0.0,0.0,0.0,0.0,0.0,0.0,0.0,0.0,0.0,0.0,0.0,0.0,0.0
t19,0.0,0.0,0.0,0.0,0.0,0.0,0.0,0.0,0.0,0.0,0.0,0.0,0.0,0.0,0.0,0.0,0.0,0.0
t20,0.0,0.0,0.0,0.0,0.0,0.0,0.0,0.0,0.0,0.0,0.0,0.0,0.0,0.0,0.0,0.0,0.0,0.0
t21,0.0,0.0,0.0,0.0,0.0,0.0,0.0,0.0,0.0,0.0,0.0,0.0,0.0,0.0,0.0,0.0,0.0,0.0
t22,0.0,0.0,0.0,0.0,0.0,0.0,0.0,0.0,0.0,0.0,0.0,0.0,0.0,0.0,0.0,0.0,0.0,0.0
t23,0.0,0.0,0.0,0.0,0.0,0.0,0.0,0.0,0.0,0.0,0.0,0.0,0.0,0.0,0.0,0.0,0.0,0.0
t24,0.0,0.0,0.0,0.0,0.0,0.0,0.0,0.0,0.0,0.0,0.0,0.0,0.0,0.0,0.0,0.0,0.0,0.0
t25,0.0,0.0,0.0,0.0,0.0,0.0,0.0,0.0,0.0,0.0,0.0,0.0,0.0,0.0,0.0,0.0,0.0,0.0
t26,0.0,0.0,0.0,0.0,0.0,0.0,0.0,0.0,0.0,0.0,0.0,0.0,0.0,0.0,0.0,0.0,0.0,0.0
t27,0.0,0.0,0.0,0.0,0.0,0.0,0.0,0.0,0.0,0.0,0.0,0.0,0.0,0.0,0.0,0.0,0.0,0.0
t28,0.0,0.0,0.0,0.0,0.0,0.0,0.0,0.0,0.0,0.0,0.0,0.0,0.0,0.0,0.0,0.0,0.0,0.0
t29,0.0,0.0,0.0,0.0,0.0,0.0,0.0,0.0,0.0,0.0,0.0,0.0,0.0,0.0,0.0,0.0,0.0,0.0
t30,0.0,0.0,0.0,0.0,0.0,0.0,0.0,0.0,0.0,0.0,0.0,0.0,0.0,0.0,0.0,0.0,0.0,0.0
t31,0.0,0.0,0.0,0.0,0.0,0.0,0.0,0.0,0.0,0.0,0.0,0.0,0.0,0.0,0.0,0.0,0.0,0.0
t32,0.0,0.0,0.0,0.0,0.0,0.0,0.0,0.0,0.0,0.0,0.0,0.0,0.0,0.0,0.0,0.0,0.0,0.0
t33,600.4353519490475,0.0,0.0,254.117647,0.0,0.0,0.0,0.0,0.0,0.0,0.0,0.0,0.0,0.0,0.0,0.0,0.0,854.5529989490475
t34,0.0,92.30769225,661.4478064240762,0.0,0.0,0.0,1275.80838375,1131.9442681743935,3750.777409895918,0.0,557.9800189334986,0.0,0.0,0.0,1325.5286868440348,3045.1898313499996,466.49415099061815,12307.478248612539
t35,972.1875000000001,0.0,1296.0000000000002,0.0,0.0,6920.0,0.0,1559.9999999999998,2699.1379670363995,0.0,557.9800189334986,0.0,0.0,0.0,0.0,3386.488424582304,1549.1993533584036,18940.993263910605
t36,0.0,92.30769225,1296.0000000000002,0.0,2273.397711181558,6920.0,1275.80838375,388.8826763826234,3778.8415917601046,0.0,557.9800189334986,0.0,0.0,0.0,1325.5286868440348,3470.2978300699997,3356.290727102567,24735.33531827439
t37,758.9963756532993,0.0,1296.0000000000002,0.0,3535.9999999999995,5914.762685892248,1275.80838375,1559.9999999999998,4510.809447979468,0.0,557.9800189334986,0.0,0.0,0.0,1325.5286868440348,4609.529547288089,2934.2054515604823,28279.620597901125
t38,972.1875000000001,92.30769225,1201.7285428899997,0.0,3535.9999999999995,6920.0,1275.80838375,1559.9999999999998,3415.8195311039112,0.0,0.0,0.0,0.0,0.0,589.1238608195713,1975.7316794300002,2661.867056336367,24200.574246579847
t39,972.1875000000001,41.02564100000005,8.823650685923779,0.0,3535.9999999999995,4080.792869663309,567.0259483333328,732.506388776316,689.0978625071161,0.0,247.99111952599924,0.0,0.0,0.0,1325.5286868440348,3590.201055906668,3356.290727102567,19147.471450345263
t40,44.83910573098715,92.30769225,0.0,0.0,2834.1578443739972,0.0,0.0,0.0,1203.5581807369417,0.0,0.0,0.0,0.0,0.0,0.0,409.3596193200002,592.5002095604012,5176.722651972327
t41,0.0,0.0,0.0,0.0,0.0,0.0,0.0,0.0,0.0,0.0,0.0,0.0,0.0,0.0,0.0,0.0,0.0,0.0
t42,0.0,0.0,0.0,0.0,0.0,0.0,0.0,0.0,0.0,0.0,0.0,0.0,0.0,0.0,0.0,0.0,0.0,0.0
t43,0.0,0.0,0.0,0.0,0.0,0.0,0.0,0.0,0.0,0.0,0.0,0.0,0.0,0.0,0.0,0.0,0.0,0.0
t44,0.0,0.0,0.0,0.0,0.0,0.0,0.0,0.0,0.0,0.0,0.0,0.0,0.0,0.0,0.0,0.0,0.0,0.0
t45,0.0,0.0,0.0,0.0,0.0,0.0,0.0,0.0,0.0,0.0,0.0,0.0,0.0,0.0,0.0,0.0,0.0,0.0
t46,0.0,0.0,0.0,0.0,0.0,0.0,0.0,0.0,0.0,0.0,0.0,0.0,0.0,0.0,0.0,0.0,0.0,0.0
t47,0.0,0.0,0.0,0.0,0.0,0.0,0.0,0.0,0.0,0.0,0.0,0.0,0.0,0.0,0.0,0.0,0.0,0.0
t48,0.0,0.0,0.0,254.117647,0.0,0.0,0.0,0.0,0.0,0.0,0.0,0.0,0.0,0.0,0.0,0.0,0.0,254.117647
t49,0.0,0.0,0.0,254.117647,0.0,0.0,0.0,0.0,0.0,0.0,0.0,0.0,0.0,0.0,0.0,0.0,0.0,254.117647
t50,0.0,0.0,0.0,0.0,0.0,0.0,0.0,0.0,0.0,0.0,0.0,0.0,0.0,0.0,0.0,0.0,0.0,0.0
t51,0.0,0.0,0.0,0.0,0.0,0.0,0.0,0.0,0.0,0.0,0.0,0.0,0.0,0.0,0.0,0.0,0.0,0.0
t52,0.0,0.0,0.0,0.0,0.0,0.0,0.0,0.0,0.0,0.0,0.0,0.0,0.0,0.0,0.0,0.0,0.0,0.0
t53,0.0,0.0,0.0,0.0,0.0,0.0,0.0,0.0,0.0,0.0,0.0,0.0,0.0,0.0,0.0,0.0,0.0,0.0
t54,0.0,0.0,0.0,0.0,0.0,0.0,0.0,0.0,0.0,0.0,0.0,0.0,0.0,0.0,0.0,0.0,0.0,0.0
t55,0.0,0.0,0.0,0.0,0.0,0.0,0.0,0.0,0.0,0.0,0.0,0.0,0.0,0.0,0.0,0.0,0.0,0.0
t56,0.0,0.0,0.0,0.0,0.0,0.0,0.0,0.0,0.0,0.0,0.0,0.0,0.0,0.0,0.0,0.0,0.0,0.0
t57,0.0,0.0,0.0,0.0,0.0,0.0,0.0,0.0,0.0,0.0,0.0,0.0,0.0,0.0,0.0,0.0,0.0,0.0
t58,312.0355832891919,92.30769225,903.5192118040023,0.0,0.0,972.3074625437731,567.0259483333328,1446.2254607249818,2198.0801405027155,0.0,247.99111952599895,0.0,0.0,0.0,386.724169059339,2486.4734696466676,901.5695768781401,10514.259834558143
t59,972.1875000000001,92.30769225,668.5706029699995,0.0,0.0,4658.379019328569,1275.80838375,1559.9999999999998,3939.19863801214,0.0,0.0,0.0,0.0,0.0,1325.5286868440348,2515.2334518899997,1966.2091755103183,18973.42315055506
t60,972.1875000000001,0.0,1145.4890970860172,0.0,3535.9999999999995,6920.0,1275.80838375,807.1078726083513,4510.809447979468,0.0,557.9800189334986,0.0,0.0,0.0,0.0,3586.1573837903916,3356.290727102567,26667.830431250295
t61,972.1875000000001,92.30769225,1296.0000000000002,0.0,3535.9999999999995,6920.0,1275.80838375,1559.9999999999998,4510.809447979468,0.0,557.9800189334986,0.0,0.0,0.0,666.583965965267,3184.66515161,3356.290727102567,27928.6328875908
t62,120.04775004414103,41.02564100000005,1296.0000000000002,0.0,3535.9999999999995,4364.869073683211,0.0,1559.9999999999998,4510.809447979468,0.0,557.9800189334986,0.0,0.0,0.0,1325.5286868440348,4017.06802266,1611.688230431644,22941.016871575997
t63,972.1875000000001,92.30769225,450.42108813998084,0.0,3535.9999999999995,6920.0,0.0,0.0,378.3348685665964,0.0,0.0,0.0,0.0,0.0,1226.2038750280476,3443.72306838,2493.2326520187203,19512.410744383345
t64,0.0,0.0,0.0,0.0,1571.555555555554,0.0,1275.80838375,0.0,0.0,0.0,557.9800189334986,0.0,0.0,0.0,960.669224454987,1253.4774399700004,1231.5665869674538,6851.057209631494
t65,0.0,0.0,0.0,0.0,0.0,0.0,0.0,0.0,0.0,0.0,0.0,0.0,0.0,0.0,0.0,0.0,0.0,0.0
t66,0.0,0.0,0.0,0.0,0.0,0.0,0.0,0.0,0.0,0.0,0.0,0.0,0.0,0.0,0.0,0.0,0.0,0.0
t67,0.0,0.0,0.0,0.0,0.0,0.0,0.0,0.0,0.0,0.0,0.0,0.0,0.0,0.0,0.0,0.0,0.0,0.0
t68,0.0,0.0,0.0,0.0,0.0,0.0,0.0,0.0,0.0,0.0,0.0,0.0,0.0,0.0,0.0,0.0,0.0,0.0
t69,0.0,0.0,0.0,0.0,0.0,0.0,0.0,0.0,0.0,0.0,0.0,0.0,0.0,0.0,0.0,0.0,0.0,0.0
t70,0.0,0.0,0.0,0.0,0.0,0.0,0.0,0.0,0.0,0.0,0.0,0.0,0.0,0.0,0.0,0.0,0.0,0.0
t71,0.0,0.0,0.0,0.0,0.0,0.0,0.0,0.0,0.0,0.0,0.0,0.0,0.0,0.0,0.0,0.0,0.0,0.0
t72,0.0,0.0,0.0,0.0,0.0,0.0,0.0,0.0,0.0,0.0,0.0,0.0,0.0,0.0,0.0,0.0,0.0,0.0
t73,0.0,0.0,0.0,0.0,0.0,0.0,0.0,0.0,0.0,0.0,0.0,0.0,0.0,0.0,0.0,0.0,0.0,0.0
t74,0.0,0.0,0.0,0.0,0.0,0.0,0.0,0.0,0.0,0.0,0.0,0.0,0.0,0.0,0.0,0.0,0.0,0.0
t75,0.0,0.0,0.0,0.0,0.0,0.0,0.0,0.0,0.0,0.0,0.0,0.0,0.0,0.0,0.0,0.0,0.0,0.0
t76,0.0,0.0,0.0,0.0,0.0,0.0,0.0,0.0,0.0,0.0,0.0,0.0,0.0,0.0,0.0,0.0,0.0,0.0
t77,0.0,0.0,0.0,0.0,0.0,0.0,0.0,0.0,0.0,0.0,0.0,0.0,0.0,0.0,0.0,0.0,0.0,0.0
t78,0.0,0.0,0.0,0.0,0.0,0.0,0.0,0.0,0.0,0.0,0.0,0.0,0.0,0.0,0.0,0.0,0.0,0.0
t79,0.0,0.0,0.0,0.0,0.0,0.0,0.0,0.0,0.0,0.0,0.0,0.0,0.0,0.0,0.0,0.0,0.0,0.0
t80,0.0,0.0,0.0,0.0,0.0,0.0,0.0,0.0,0.0,0.0,0.0,0.0,0.0,0.0,0.0,0.0,0.0,0.0
t81,549.3294062124077,0.0,0.0,0.0,0.0,0.0,0.0,0.0,0.0,0.0,0.0,0.0,0.0,0.0,0.0,0.0,0.0,549.3294062124077
t82,972.1875000000001,92.30769225,489.36248989349906,0.0,0.0,0.0,1275.80838375,1559.9999999999998,593.575762792671,0.0,557.9800189334986,0.0,0.0,0.0,1325.5286868440348,0.0,500.1321752363559,7366.8827097000585
t83,0.0,41.02564100000005,86.63751010650067,0.0,1900.2777252416302,4939.980153654544,593.6010797114225,1559.9999999999998,3625.6576688195296,0.0,557.9800189334986,0.0,0.0,0.0,0.0,3943.5209099821745,1824.1525700161462,19072.833277465445
t84,972.1875000000001,0.0,1296.0000000000002,0.0,2738.681024906855,6021.429165621205,1275.80838375,446.7509078523113,3366.7815885496416,0.0,557.9800189334986,0.0,0.0,0.0,1325.5286868440348,4288.97819153,3356.290727102567,25646.41619509011
t85,614.6175083584104,92.30769225,1296.0000000000002,0.0,3535.9999999999995,6920.0,1249.2332523719103,1559.9999999999998,4510.809447979468,0.0,557.9800189334986,0.0,0.0,0.0,1002.4166018581016,4609.529547288089,2606.707712179102,28555.601781218582
t86,0.0,92.30769225,1296.0000000000002,0.0,3535.9999999999995,6920.0,1275.80838375,1559.9999999999998,4332.962458166015,0.0,247.99111952599924,0.0,0.0,0.0,1204.2690974097009,3286.15854763,3160.780495528067,26912.277794259782
t87,972.1875000000001,0.0,1296.0000000000002,0.0,3535.9999999999995,3400.6775700784992,0.0,246.58242548102118,2667.262425458748,0.0,0.0,0.0,0.0,0.0,1033.4955352398388,3884.0409009967975,3242.842007467383,20279.088364722287
t88,240.3239187625148,92.30769225,0.0,0.0,468.59680540706984,2553.4686662013055,0.0,0.0,950.9926392537851,0.0,0.0,0.0,0.0,0.0,0.0,474.56989052000023,225.94198848179036,5006.201600876467
t89,0.0,0.0,0.0,0.0,0.0,0.0,0.0,0.0,0.0,0.0,0.0,0.0,0.0,0.0,0.0,0.0,0.0,0.0
t90,0.0,0.0,0.0,0.0,0.0,0.0,0.0,0.0,0.0,0.0,0.0,0.0,0.0,0.0,0.0,0.0,0.0,0.0
t91,0.0,0.0,0.0,0.0,0.0,0.0,0.0,0.0,0.0,0.0,0.0,0.0,0.0,0.0,0.0,0.0,0.0,0.0
t92,0.0,0.0,0.0,0.0,0.0,0.0,0.0,0.0,0.0,0.0,0.0,0.0,0.0,0.0,0.0,0.0,0.0,0.0
t93,0.0,0.0,0.0,0.0,0.0,0.0,0.0,0.0,0.0,0.0,0.0,0.0,0.0,0.0,0.0,0.0,0.0,0.0
t94,0.0,0.0,0.0,0.0,0.0,0.0,0.0,0.0,0.0,0.0,0.0,0.0,0.0,0.0,0.0,0.0,0.0,0.0
t95,0.0,0.0,0.0,0.0,0.0,0.0,0.0,0.0,0.0,0.0,0.0,0.0,0.0,0.0,0.0,0.0,0.0,0.0
t96,0.0,0.0,0.0,112.94117644444447,0.0,0.0,0.0,0.0,0.0,0.0,0.0,0.0,0.0,0.0,0.0,0.0,0.0,112.94117644444447
t97,0.0,0.0,0.0,0.0,0.0,0.0,0.0,0.0,0.0,0.0,0.0,0.0,0.0,0.0,0.0,0.0,0.0,0.0
t98,0.0,0.0,0.0,0.0,0.0,0.0,0.0,0.0,0.0,0.0,0.0,0.0,0.0,0.0,0.0,0.0,0.0,0.0
t99,0.0,0.0,0.0,0.0,0.0,0.0,0.0,0.0,0.0,0.0,0.0,0.0,0.0,0.0,0.0,0.0,0.0,0.0
t100,0.0,0.0,0.0,0.0,0.0,0.0,0.0,0.0,0.0,0.0,0.0,0.0,0.0,0.0,0.0,0.0,0.0,0.0
t101,0.0,0.0,0.0,0.0,0.0,0.0,0.0,0.0,0.0,0.0,0.0,0.0,0.0,0.0,0.0,0.0,0.0,0.0
t102,0.0,0.0,0.0,0.0,0.0,0.0,0.0,0.0,0.0,0.0,0.0,0.0,0.0,0.0,0.0,0.0,0.0,0.0
t103,0.0,0.0,0.0,0.0,0.0,0.0,0.0,0.0,0.0,0.0,0.0,0.0,0.0,0.0,0.0,0.0,0.0,0.0
t104,0.0,0.0,0.0,0.0,0.0,0.0,0.0,0.0,0.0,0.0,0.0,0.0,0.0,0.0,0.0,0.0,0.0,0.0
t105,0.0,0.0,0.0,0.0,0.0,0.0,0.0,0.0,0.0,0.0,0.0,0.0,0.0,0.0,0.0,0.0,0.0,0.0
t106,0.0,0.0,0.0,0.0,0.0,0.0,0.0,0.0,4510.809447979468,0.0,0.0,0.0,0.0,0.0,516.7615472915132,2470.9280787000016,0.0,7498.499073970983
t107,0.0,0.0,1296.0000000000002,0.0,0.0,2036.494786447729,0.0,1559.9999999999998,2589.5522338274113,0.0,0.0,0.0,0.0,0.0,1325.5286868440348,1095.646059506934,3356.290727102567,13259.512493728676
t108,669.1986983574164,0.0,47.787536609999904,254.117647,0.0,6920.0,0.0,0.0,2438.9574577526705,0.0,0.0,0.0,0.0,0.0,0.0,3343.773106980001,3356.290727102567,17030.125173802655
t109,627.0513016425838,20.51282050000003,0.0,0.0,1473.4749631210136,6920.0,0.0,693.3333333333329,1782.5075731886034,0.0,0.0,0.0,0.0,0.0,1103.3290699623071,3868.0582896600004,3356.290727102567,19844.558078510403
t110,972.1875000000001,92.30769225,221.03122333005325,0.0,3199.8900581150097,6920.0,1275.80838375,1158.797814490154,0.0,0.0,0.0,0.0,0.0,0.0,0.0,2454.636781450001,2286.7771591879123,18581.43661257313
t111,0.0,92.30769225,591.9132138299997,0.0,3535.9999999999995,6920.0,1275.80838375,1559.9999999999998,0.0,0.0,0.0,0.0,0.0,0.0,0.0,943.8060280252852,0.0,14919.835317855284
t112,972.1875000000001,0.0,0.0,0.0,3535.9999999999995,1039.060769107828,1275.80838375,1559.9999999999998,0.0,0.0,0.0,0.0,0.0,0.0,0.0,0.0,1265.68508953497,9648.741742392798
t113,0.0,0.0,0.0,0.0,0.0,0.0,0.0,0.0,0.0,0.0,0.0,0.0,0.0,0.0,0.0,0.0,0.0,0.0
t114,0.0,0.0,0.0,0.0,0.0,0.0,0.0,0.0,0.0,0.0,0.0,0.0,0.0,0.0,0.0,0.0,0.0,0.0
t115,0.0,0.0,0.0,0.0,0.0,0.0,0.0,0.0,0.0,0.0,0.0,0.0,0.0,0.0,0.0,0.0,0.0,0.0
t116,0.0,0.0,0.0,0.0,0.0,0.0,0.0,0.0,0.0,0.0,0.0,0.0,0.0,0.0,0.0,0.0,0.0,0.0
t117,0.0,0.0,0.0,0.0,0.0,0.0,0.0,0.0,0.0,0.0,0.0,0.0,0.0,0.0,0.0,0.0,0.0,0.0
t118,0.0,0.0,0.0,0.0,0.0,0.0,0.0,0.0,0.0,0.0,0.0,0.0,0.0,0.0,0.0,0.0,0.0,0.0
t119,0.0,0.0,0.0,0.0,0.0,0.0,0.0,0.0,0.0,0.0,0.0,0.0,0.0,0.0,0.0,0.0,0.0,0.0
t120,0.0,0.0,0.0,0.0,0.0,0.0,0.0,0.0,0.0,0.0,0.0,0.0,0.0,0.0,0.0,0.0,0.0,0.0
t121,0.0,0.0,0.0,0.0,0.0,0.0,0.0,0.0,0.0,0.0,0.0,0.0,0.0,0.0,0.0,0.0,0.0,0.0
t122,0.0,0.0,0.0,0.0,0.0,0.0,0.0,0.0,0.0,0.0,0.0,0.0,0.0,0.0,0.0,0.0,0.0,0.0
t123,0.0,0.0,0.0,0.0,0.0,0.0,0.0,0.0,0.0,0.0,0.0,0.0,0.0,0.0,0.0,0.0,0.0,0.0
t124,0.0,0.0,0.0,0.0,0.0,0.0,0.0,0.0,0.0,0.0,0.0,0.0,0.0,0.0,0.0,0.0,0.0,0.0
t125,0.0,0.0,0.0,0.0,0.0,0.0,0.0,0.0,0.0,0.0,0.0,0.0,0.0,0.0,0.0,0.0,0.0,0.0
t126,0.0,0.0,0.0,0.0,0.0,0.0,0.0,0.0,0.0,0.0,0.0,0.0,0.0,0.0,0.0,0.0,0.0,0.0
t127,0.0,0.0,0.0,0.0,0.0,0.0,0.0,0.0,0.0,0.0,0.0,0.0,0.0,0.0,0.0,0.0,0.0,0.0
t128,0.0,0.0,0.0,0.0,0.0,0.0,0.0,0.0,0.0,0.0,0.0,0.0,0.0,0.0,0.0,0.0,0.0,0.0
t129,858.2413346245603,0.0,0.0,0.0,0.0,0.0,0.0,0.0,0.0,0.0,0.0,0.0,0.0,0.0,879.5501773739074,340.2732583200001,688.8453174735769,2766.9100877920446
t130,0.0,69.48991287,1296.0000000000002,0.0,0.0,3075.555555555554,1275.80838375,1559.9999999999998,1391.5853180827814,0.0,0.0,0.0,0.0,0.0,322.1776902480107,2780.3985860100006,299.48799532200974,12070.503441838355
t131,972.1875000000001,71.93409976,1296.0000000000002,0.0,0.0,0.0,1275.0187634633326,1559.9999999999998,3047.0623005848106,0.0,557.9800189334986,0.0,0.0,0.0,1325.5286868440348,3072.7605671167194,1316.3391790659223,14494.811115768316
t132,0.0,0.0,1296.0000000000002,0.0,2102.516914795749,6920.0,1275.80838375,656.9212740714873,4510.809447979468,0.0,557.9800189334986,0.0,0.0,0.0,1325.5286868440348,3825.5018829492624,3356.290727102567,25827.357336426066
t133,972.1875000000001,92.30769225,1296.0000000000002,0.0,3535.9999999999995,6920.0,0.0,1559.9999999999998,3992.649323632767,0.0,557.9800189334986,0.0,0.0,0.0,0.0,4488.325460358563,990.5513150932204,24406.00131026805
t134,0.0,92.30769225,82.23721088600082,0.0,3535.9999999999995,6920.0,0.0,1559.9999999999998,4206.959632354372,0.0,0.0,0.0,0.0,0.0,0.0,2638.421092362515,3356.290727102567,22392.216354955453
t135,972.1875000000001,84.21701286999999,0.0,0.0,3535.9999999999995,6920.0,1275.80838375,0.0,455.5989887258505,0.0,557.9800189334986,0.0,0.0,0.0,936.1785764092563,3341.1171408299997,3356.290727102567,21435.378348621176
t136,546.0294987087735,0.0,493.76278911399936,0.0,3005.0386407598066,0.0,567.8155686200001,36.41205926184554,2443.376979659809,0.0,247.99111952599924,0.0,0.0,0.0,1102.2747904764667,0.0,1552.7516877489766,9995.453133875677
t137,0.0,0.0,0.0,0.0,0.0,0.0,0.0,0.0,0.0,0.0,0.0,0.0,0.0,0.0,0.0,0.0,0.0,0.0
t138,0.0,0.0,0.0,0.0,0.0,0.0,0.0,0.0,0.0,0.0,0.0,0.0,0.0,0.0,0.0,0.0,0.0,0.0
t139,0.0,0.0,0.0,0.0,0.0,0.0,0.0,0.0,0.0,0.0,0.0,0.0,0.0,0.0,0.0,0.0,0.0,0.0
t140,0.0,0.0,0.0,0.0,0.0,0.0,0.0,0.0,0.0,0.0,0.0,0.0,0.0,0.0,0.0,0.0,0.0,0.0
t141,0.0,0.0,0.0,0.0,0.0,0.0,0.0,0.0,0.0,0.0,0.0,0.0,0.0,0.0,0.0,0.0,0.0,0.0
t142,0.0,0.0,0.0,0.0,0.0,0.0,0.0,0.0,0.0,0.0,0.0,0.0,0.0,0.0,0.0,0.0,0.0,0.0
t143,0.0,0.0,0.0,0.0,0.0,0.0,0.0,0.0,0.0,0.0,0.0,0.0,0.0,0.0,0.0,0.0,0.0,0.0
t144,0.0,0.0,0.0,0.0,0.0,0.0,0.0,0.0,0.0,0.0,0.0,0.0,0.0,0.0,0.0,0.0,0.0,0.0
t145,0.0,0.0,0.0,0.0,0.0,0.0,0.0,0.0,0.0,0.0,0.0,0.0,0.0,0.0,0.0,0.0,0.0,0.0
t146,0.0,0.0,0.0,0.0,0.0,0.0,0.0,0.0,0.0,0.0,0.0,0.0,0.0,0.0,0.0,0.0,0.0,0.0
t147,0.0,0.0,0.0,0.0,0.0,0.0,0.0,0.0,0.0,0.0,0.0,0.0,0.0,0.0,0.0,0.0,0.0,0.0
t148,0.0,0.0,0.0,0.0,0.0,0.0,0.0,0.0,0.0,0.0,0.0,0.0,0.0,0.0,0.0,0.0,0.0,0.0
t149,0.0,0.0,0.0,0.0,0.0,0.0,0.0,0.0,0.0,0.0,0.0,0.0,0.0,0.0,0.0,0.0,0.0,0.0
t150,0.0,0.0,0.0,0.0,0.0,0.0,0.0,0.0,0.0,0.0,0.0,0.0,0.0,0.0,0.0,0.0,0.0,0.0
t151,0.0,0.0,0.0,0.0,0.0,0.0,0.0,0.0,0.0,0.0,0.0,0.0,0.0,0.0,0.0,0.0,0.0,0.0
t152,0.0,0.0,0.0,0.0,0.0,0.0,0.0,0.0,0.0,0.0,0.0,0.0,0.0,0.0,0.0,0.0,0.0,0.0
t153,972.1875000000001,92.30769225,0.0,0.0,1856.8876534837693,539.2926094482655,0.0,0.0,0.0,0.0,0.0,0.0,0.0,0.0,1325.5286868440348,2181.78662084,1542.4382518711725,8510.429014737243
t154,972.1875000000001,41.02564100000005,1296.0000000000002,0.0,0.0,2804.618724411845,0.0,1559.9999999999998,3078.1212867924028,0.0,101.5827461700004,0.0,0.0,0.0,0.0,2883.44025354,1675.9428327377952,14412.918984652044
t155,972.1875000000001,92.30769225,1296.0000000000002,0.0,0.0,5554.7163916957625,1275.80838375,693.3333333333329,4415.92265945774,0.0,557.9800189334986,0.0,0.0,0.0,1325.5286868440348,1912.5188193100003,1789.4457561173165,19885.749241691683
t156,972.1875000000001,0.0,1296.0000000000002,0.0,2640.89444054763,6920.0,567.0259483333328,1559.9999999999998,1727.5448529555692,0.0,557.9800189334986,0.0,0.0,0.0,1325.5286868440348,4609.529547288089,2614.155672500067,24790.84666740222
t157,432.0833333333334,0.0,1296.0000000000002,0.0,3535.9999999999995,6920.0,1275.80838375,1559.9999999999998,2124.4658355675765,0.0,557.9800189334986,0.0,0.0,0.0,589.1238608195713,4609.529547288089,2742.125476365272,25643.11645605734
t158,0.0,92.30769225,575.9999999999998,0.0,3535.9999999999995,5973.155035355106,1275.80838375,1559.9999999999998,4404.777702001997,0.0,217.06688062999967,0.0,0.0,0.0,0.0,2204.14898551,2333.0253446900106,22172.29002418711
t159,0.0,92.30769225,0.0,0.0,3535.9999999999995,2043.7727946445762,1275.80838375,0.0,4297.209654244571,0.0,487.3215116594978,0.0,0.0,0.0,1325.5286868440348,2085.8442141708815,2219.714341729776,17363.50727929334
t160,0.0,0.0,0.0,0.0,2466.6611150079257,0.0,0.0,0.0,0.0,0.0,0.0,0.0,0.0,0.0,0.0,0.0,0.0,2466.6611150079257
t161,0.0,0.0,0.0,0.0,0.0,0.0,0.0,0.0,0.0,0.0,0.0,0.0,0.0,0.0,0.0,0.0,0.0,0.0
t162,0.0,0.0,0.0,0.0,0.0,0.0,0.0,0.0,0.0,0.0,0.0,0.0,0.0,0.0,0.0,0.0,0.0,0.0
t163,0.0,0.0,0.0,0.0,0.0,0.0,0.0,0.0,0.0,0.0,0.0,0.0,0.0,0.0,0.0,0.0,0.0,0.0
t164,0.0,0.0,0.0,0.0,0.0,0.0,0.0,0.0,0.0,0.0,0.0,0.0,0.0,0.0,0.0,0.0,0.0,0.0
t165,0.0,0.0,0.0,0.0,0.0,0.0,0.0,0.0,0.0,0.0,0.0,0.0,0.0,0.0,0.0,0.0,0.0,0.0
t166,0.0,0.0,0.0,0.0,0.0,0.0,0.0,0.0,0.0,0.0,0.0,0.0,0.0,0.0,0.0,0.0,0.0,0.0
t167,0.0,0.0,0.0,0.0,0.0,0.0,0.0,0.0,0.0,0.0,0.0,0.0,0.0,0.0,0.0,0.0,0.0,0.0
t168,0.0,0.0,0.0,0.0,0.0,0.0,0.0,0.0,0.0,0.0,0.0,0.0,0.0,0.0,0.0,0.0,0.0,0.0
t169,0.0,0.0,0.0,0.0,0.0,0.0,0.0,0.0,0.0,0.0,0.0,0.0,0.0,0.0,0.0,0.0,0.0,0.0
t170,0.0,0.0,0.0,0.0,0.0,0.0,0.0,0.0,0.0,0.0,0.0,0.0,0.0,0.0,0.0,0.0,0.0,0.0
t171,0.0,0.0,0.0,0.0,0.0,0.0,0.0,0.0,0.0,0.0,0.0,0.0,0.0,0.0,0.0,0.0,0.0,0.0
t172,0.0,0.0,0.0,0.0,0.0,0.0,0.0,0.0,0.0,0.0,0.0,0.0,0.0,0.0,0.0,0.0,0.0,0.0
t173,0.0,0.0,0.0,0.0,0.0,0.0,0.0,0.0,0.0,0.0,0.0,0.0,0.0,0.0,0.0,0.0,0.0,0.0
t174,0.0,0.0,0.0,0.0,0.0,0.0,0.0,0.0,0.0,0.0,0.0,0.0,0.0,0.0,0.0,0.0,0.0,0.0
t175,0.0,0.0,0.0,0.0,0.0,0.0,0.0,0.0,0.0,0.0,0.0,0.0,0.0,0.0,0.0,0.0,0.0,0.0
t176,0.0,0.0,0.0,0.0,0.0,0.0,0.0,0.0,0.0,0.0,0.0,0.0,0.0,0.0,0.0,0.0,0.0,0.0
t177,0.0,0.0,0.0,0.0,0.0,0.0,0.0,429.4341474115626,0.0,0.0,0.0,0.0,0.0,0.0,0.0,0.0,0.0,429.4341474115626
t178,972.1875000000001,92.30769225,0.0,0.0,0.0,1288.49258953245,0.0,1559.9999999999998,0.0,0.0,516.3856717999992,0.0,0.0,0.0,397.9251544795659,3868.48679406,1358.2407485111805,10054.026150633195
t179,0.0,0.0,1296.0000000000002,0.0,0.0,5710.5075775760915,1275.80838375,0.0,2335.5438130366774,0.0,557.9800189334986,0.0,0.0,0.0,0.0,2572.3012536135275,3356.290727102567,17104.43177401236
t180,972.1875000000001,0.0,1296.0000000000002,0.0,2313.715666190526,6317.605397575963,1275.80838375,0.0,4043.977231172489,0.0,557.9800189334986,0.0,0.0,0.0,1325.5286868440348,1037.7267600699995,774.3066410576116,19914.836285594123
t181,972.1875000000001,92.30769225,1296.0000000000002,0.0,3535.9999999999995,6920.0,567.0259483333328,1559.9999999999998,3558.729944040972,0.0,557.9800189334986,0.0,0.0,0.0,191.19870634000517,3558.753818886667,2337.756241071986,25147.939869856466
t182,0.0,41.02564100000005,1296.0000000000002,0.0,3535.9999999999995,6166.024694905086,0.0,1559.9999999999998,4510.809447979468,0.0,0.0,0.0,0.0,0.0,1325.5286868440348,4526.07690432,2291.0378553361716,25252.503230384762
t183,432.0833333333329,92.30769225,0.0,0.0,3535.9999999999995,4352.925295965963,1275.80838375,263.89918592177077,4165.737393675243,0.0,130.19504144999848,0.0,0.0,0.0,1325.5286868440348,3209.98289909,3356.290727102567,22140.75863938291
t184,972.1875000000001,92.30769225,575.9999999999998,0.0,2793.839889365029,0.0,1275.80838375,1559.9999999999998,1433.244161115006,0.0,159.39042520949994,0.0,0.0,0.0,1325.5286868440348,1713.4695579068666,1442.924735829325,13344.70103226976
t185,0.0,0.0,0.0,0.0,0.0,0.0,0.0,0.0,0.0,0.0,0.0,0.0,0.0,0.0,0.0,0.0,0.0,0.0
t186,0.0,0.0,0.0,0.0,0.0,0.0,0.0,0.0,0.0,0.0,0.0,0.0,0.0,0.0,0.0,0.0,0.0,0.0
t187,0.0,0.0,0.0,0.0,0.0,0.0,0.0,0.0,0.0,0.0,0.0,0.0,0.0,0.0,0.0,0.0,0.0,0.0
t188,0.0,0.0,0.0,0.0,0.0,0.0,0.0,0.0,0.0,0.0,0.0,0.0,0.0,0.0,0.0,0.0,0.0,0.0
t189,0.0,0.0,0.0,0.0,0.0,0.0,0.0,0.0,0.0,0.0,0.0,0.0,0.0,0.0,0.0,0.0,0.0,0.0
t190,0.0,0.0,0.0,0.0,0.0,0.0,0.0,0.0,0.0,0.0,0.0,0.0,0.0,0.0,0.0,0.0,0.0,0.0
t191,0.0,0.0,0.0,0.0,0.0,0.0,0.0,0.0,0.0,0.0,0.0,0.0,0.0,0.0,0.0,0.0,0.0,0.0
t192,0.0,0.0,0.0,0.0,0.0,0.0,0.0,0.0,0.0,0.0,0.0,0.0,0.0,0.0,0.0,0.0,0.0,0.0
t193,0.0,0.0,0.0,0.0,0.0,0.0,0.0,0.0,0.0,0.0,0.0,0.0,0.0,0.0,0.0,0.0,0.0,0.0
t194,0.0,0.0,0.0,0.0,0.0,0.0,0.0,0.0,0.0,0.0,0.0,0.0,0.0,0.0,0.0,0.0,0.0,0.0
t195,0.0,0.0,0.0,0.0,0.0,0.0,0.0,0.0,0.0,0.0,0.0,0.0,0.0,0.0,0.0,0.0,0.0,0.0
t196,0.0,0.0,0.0,0.0,0.0,0.0,0.0,0.0,0.0,0.0,0.0,0.0,0.0,0.0,0.0,0.0,0.0,0.0
t197,0.0,0.0,0.0,0.0,0.0,0.0,0.0,0.0,0.0,0.0,0.0,0.0,0.0,0.0,0.0,0.0,0.0,0.0
t198,0.0,0.0,0.0,0.0,0.0,0.0,0.0,0.0,0.0,0.0,0.0,0.0,0.0,0.0,0.0,0.0,0.0,0.0
t199,0.0,0.0,0.0,0.0,0.0,0.0,0.0,0.0,0.0,0.0,0.0,0.0,0.0,0.0,0.0,0.0,0.0,0.0
t200,0.0,0.0,0.0,0.0,0.0,0.0,0.0,0.0,0.0,0.0,0.0,0.0,0.0,0.0,0.0,0.0,0.0,0.0
t201,78.84434731524765,0.0,0.0,0.0,0.0,0.0,0.0,0.0,0.0,0.0,0.0,0.0,0.0,0.0,0.0,0.0,0.0,78.84434731524765
t202,568.5970317924784,0.0,101.23063723349959,0.0,0.0,4124.386349271605,1275.80838375,1032.042195817644,1179.6341492595254,0.0,557.9800189334986,0.0,0.0,0.0,1325.5286868440348,1785.84043671,0.0,11951.047889612284
t203,0.0,92.30769225,1296.0000000000002,0.0,1263.6866618577728,1161.657527281574,1275.80838375,1427.4889933749648,4510.809447979468,0.0,557.9800189334986,0.0,0.0,0.0,1325.5286868440348,2615.806388070393,1926.1173306764952,17453.1911310182
t204,972.1875000000001,41.02564100000005,1296.0000000000002,0.0,2754.75036069353,3076.240189988829,0.0,1559.9999999999998,4510.809447979468,0.0,0.0,0.0,0.0,0.0,0.0,3658.78534446,3156.255583231455,21026.05406735328
t205,756.8294542256074,92.30769225,1296.0000000000002,0.0,3535.9999999999995,6920.0,0.0,1559.9999999999998,4510.809447979468,0.0,252.0328269594987,0.0,0.0,0.0,1325.5286868440348,3899.19972394,2987.0640263740324,27135.77185857264
t206,972.1875000000001,0.0,1296.0000000000002,0.0,3535.9999999999995,6920.0,1275.80838375,1353.8021441407238,1056.9192277859152,0.0,482.6982080899994,0.0,0.0,0.0,1325.5286868440348,3072.3675539700002,3356.290727102567,24647.60243168324
t207,972.1875000000001,92.30769225,0.0,0.0,3535.9999999999995,6920.0,1275.80838375,0.0,3236.5886120322866,0.0,71.24010340999953,0.0,0.0,0.0,0.0,2947.9137097499997,2607.5857124130152,21659.631713605304
t208,0.0,92.30769225,474.7693627665001,0.0,1089.1185330042517,1633.2714890135471,567.0259483333328,0.0,1042.4716580037277,0.0,557.9800189334986,0.0,0.0,0.0,589.1238608195713,2506.884831046668,883.5342962138454,9436.487690384942
t209,0.0,0.0,0.0,0.0,0.0,0.0,0.0,0.0,0.0,0.0,0.0,0.0,0.0,0.0,0.0,0.0,0.0,0.0
t210,0.0,0.0,0.0,0.0,0.0,0.0,0.0,0.0,0.0,0.0,0.0,0.0,0.0,0.0,0.0,0.0,0.0,0.0
t211,0.0,0.0,0.0,0.0,0.0,0.0,0.0,0.0,0.0,0.0,0.0,0.0,0.0,0.0,0.0,0.0,0.0,0.0
t212,0.0,0.0,0.0,0.0,0.0,0.0,0.0,0.0,0.0,0.0,0.0,0.0,0.0,0.0,0.0,0.0,0.0,0.0
t213,0.0,0.0,0.0,0.0,0.0,0.0,0.0,0.0,0.0,0.0,0.0,0.0,0.0,0.0,0.0,0.0,0.0,0.0
t214,0.0,0.0,0.0,0.0,0.0,0.0,0.0,0.0,0.0,0.0,0.0,0.0,0.0,0.0,0.0,0.0,0.0,0.0
t215,0.0,0.0,0.0,0.0,0.0,0.0,0.0,0.0,0.0,0.0,0.0,0.0,0.0,0.0,0.0,0.0,0.0,0.0
t216,0.0,0.0,0.0,254.117647,0.0,0.0,0.0,0.0,0.0,0.0,0.0,0.0,0.0,0.0,0.0,0.0,0.0,254.117647
t217,0.0,0.0,0.0,254.117647,0.0,0.0,0.0,0.0,0.0,0.0,0.0,0.0,0.0,0.0,0.0,0.0,0.0,254.117647
t218,0.0,0.0,0.0,254.117647,0.0,0.0,0.0,0.0,0.0,0.0,0.0,0.0,0.0,0.0,0.0,0.0,0.0,254.117647
t219,0.0,0.0,0.0,0.0,0.0,0.0,0.0,0.0,0.0,0.0,0.0,0.0,0.0,0.0,0.0,0.0,0.0,0.0
t220,0.0,0.0,0.0,77.84913563707572,0.0,0.0,0.0,0.0,0.0,0.0,0.0,0.0,0.0,0.0,0.0,0.0,0.0,77.84913563707572
t221,0.0,0.0,0.0,6.856746696257687,0.0,0.0,0.0,0.0,0.0,0.0,0.0,0.0,0.0,0.0,0.0,0.0,0.0,6.856746696257687
t222,0.0,0.0,0.0,0.0,0.0,0.0,0.0,0.0,0.0,0.0,0.0,0.0,0.0,0.0,0.0,0.0,0.0,0.0
t223,0.0,0.0,0.0,0.0,0.0,0.0,0.0,0.0,0.0,0.0,0.0,0.0,0.0,0.0,0.0,0.0,0.0,0.0
t224,0.0,0.0,0.0,0.0,0.0,0.0,0.0,0.0,0.0,0.0,0.0,0.0,0.0,0.0,0.0,0.0,0.0,0.0
t225,0.0,0.0,0.0,0.0,0.0,0.0,0.0,0.0,0.0,0.0,0.0,0.0,0.0,0.0,0.0,0.0,0.0,0.0
t226,324.0625000000001,0.0,659.2109173765007,0.0,0.0,0.0,382.8554196910278,0.0,2824.637098514534,0.0,557.9800189334986,0.0,0.0,0.0,0.0,2504.7893042089727,0.0,7253.535258724533
t227,0.0,0.0,1296.0000000000002,0.0,1571.5555555555557,3760.747028520201,0.0,1559.9999999999998,2774.6586178695484,0.0,0.0,0.0,0.0,0.0,1325.5286868440348,3047.5393617600007,3356.290727102567,18692.319977651907
t228,972.1875000000001,92.30769225,1296.0000000000002,0.0,3535.9999999999995,4503.855027122097,1275.80838375,1559.9999999999998,4510.809447979468,0.0,557.9800189334986,0.0,0.0,0.0,589.1238608195713,2984.5126094899997,3356.290727102567,25234.875267447205
t229,0.0,92.30769225,0.0,0.0,3535.9999999999995,6920.0,42.414041558972215,1559.9999999999998,3600.0736750993924,0.0,557.9800189334986,0.0,0.0,0.0,1325.5286868440348,4156.474673061029,0.0,21790.778787746927
t230,972.1875000000001,30.76923075000009,1296.0000000000002,0.0,3535.9999999999995,6920.0,0.0,0.0,2104.139526213747,0.0,557.9800189334986,0.0,0.0,0.0,0.0,3424.4445506599995,3356.290727102567,22197.811553659812
t231,972.1875000000001,92.30769225,1212.7890826234989,197.64705877777774,0.0,6920.0,1275.80838375,0.0,2094.5834231427575,0.0,5.7539817359986145,0.0,0.0,0.0,1325.5286868440348,2334.3936678300006,3356.290727102567,19787.290204056633
t232,0.0,0.0,0.0,0.0,3535.9999999999995,1730.9534999132595,1275.80838375,519.9999999999999,1518.1962162255954,0.0,242.23713779000067,0.0,0.0,0.0,1325.5286868440348,1581.5889467099998,1491.6847676011398,13221.99763883403
t233,0.0,0.0,0.0,0.0,0.0,0.0,0.0,0.0,0.0,0.0,0.0,0.0,0.0,0.0,0.0,0.0,0.0,0.0
t234,0.0,0.0,0.0,0.0,0.0,0.0,0.0,0.0,0.0,0.0,0.0,0.0,0.0,0.0,0.0,0.0,0.0,0.0
t235,0.0,0.0,0.0,0.0,0.0,0.0,0.0,0.0,0.0,0.0,0.0,0.0,0.0,0.0,0.0,0.0,0.0,0.0
t236,0.0,0.0,0.0,0.0,0.0,0.0,0.0,0.0,0.0,0.0,0.0,0.0,0.0,0.0,0.0,0.0,0.0,0.0
t237,0.0,0.0,0.0,0.0,0.0,0.0,0.0,0.0,0.0,0.0,0.0,0.0,0.0,0.0,0.0,0.0,0.0,0.0
t238,0.0,0.0,0.0,0.0,0.0,0.0,0.0,0.0,0.0,0.0,0.0,0.0,0.0,0.0,0.0,0.0,0.0,0.0
t239,0.0,0.0,0.0,0.0,0.0,0.0,0.0,0.0,0.0,0.0,0.0,0.0,0.0,0.0,0.0,0.0,0.0,0.0
t240,0.0,0.0,0.0,0.0,0.0,0.0,0.0,0.0,0.0,0.0,0.0,0.0,0.0,0.0,0.0,0.0,0.0,0.0
t241,0.0,0.0,0.0,0.0,0.0,0.0,0.0,0.0,0.0,0.0,0.0,0.0,0.0,0.0,0.0,0.0,0.0,0.0
t242,0.0,0.0,0.0,0.0,0.0,0.0,0.0,0.0,0.0,0.0,0.0,0.0,0.0,0.0,0.0,0.0,0.0,0.0
t243,0.0,0.0,0.0,0.0,0.0,0.0,0.0,0.0,0.0,0.0,0.0,0.0,0.0,0.0,0.0,0.0,0.0,0.0
t244,0.0,0.0,0.0,0.0,0.0,0.0,0.0,0.0,0.0,0.0,0.0,0.0,0.0,0.0,0.0,0.0,0.0,0.0
t245,0.0,0.0,0.0,0.0,0.0,0.0,0.0,0.0,0.0,0.0,0.0,0.0,0.0,0.0,0.0,0.0,0.0,0.0
t246,0.0,0.0,0.0,0.0,0.0,0.0,0.0,0.0,0.0,0.0,0.0,0.0,0.0,0.0,0.0,0.0,0.0,0.0
t247,0.0,0.0,0.0,0.0,0.0,0.0,0.0,0.0,0.0,0.0,0.0,0.0,0.0,0.0,0.0,0.0,0.0,0.0
t248,0.0,0.0,0.0,0.0,0.0,0.0,0.0,0.0,0.0,0.0,0.0,0.0,0.0,0.0,0.0,0.0,0.0,0.0
t249,432.0833333333334,0.0,0.0,0.0,0.0,0.0,567.0259483333328,0.0,776.6747164525591,0.0,0.0,0.0,0.0,0.0,0.0,264.970424946668,53.97619540239429,2094.7306184682875
t250,972.1875000000001,41.02564100000005,591.194494286502,0.0,0.0,1660.3940948825896,0.0,693.3333333333329,4278.503428395574,0.0,557.9800189334986,0.0,0.0,0.0,1325.5286868440348,1386.3885113800004,0.0,11506.535709055532
t251,0.0,0.0,126.60667351349974,0.0,1150.342376987182,1550.8500177492142,1275.80838375,1559.9999999999998,4510.809447979468,0.0,0.0,0.0,0.0,0.0,1325.5286868440348,3689.8469829699998,3306.7299605010408,18496.52253029444
t252,972.1875000000001,92.30769225,1296.0000000000002,0.0,3206.7871222466306,6920.0,1275.80838375,1559.9999999999998,1806.9411379609364,0.0,487.12452052999913,0.0,0.0,0.0,1325.5286868440348,1679.4967454699395,3356.290727102567,23978.472516154106
t253,972.1875000000001,92.30769225,1296.0000000000002,0.0,3535.9999999999995,6920.0,0.0,1559.9999999999998,4510.809447979468,0.0,318.8466179294987,0.0,0.0,0.0,1325.5286868440348,4138.040346996579,2081.297284447957,26751.017576447535
t254,0.0,0.0,1296.0000000000002,0.0,3370.481327123879,6920.0,1275.80838375,1559.9999999999998,3362.3911862722284,0.0,557.9800189334986,0.0,0.0,0.0,0.0,3392.719339144966,1646.4694375835327,23381.849692808104
t255,972.1875000000001,92.30769225,1154.1988321999984,0.0,3072.3771482814172,5107.176685787297,0.0,0.0,704.8725348256191,0.0,0.0,0.0,0.0,0.0,0.0,4609.529547288089,3356.290727102567,19068.94066773499
t256,0.0,92.30769225,0.0,0.0,1379.5675809164443,1677.134757136457,1275.80838375,0.0,97.04009115400264,0.0,557.9800189334986,0.0,0.0,0.0,589.1238608195713,1325.806089750818,1115.7933438713474,8110.5618185821395
t257,0.0,0.0,0.0,0.0,0.0,0.0,0.0,0.0,0.0,0.0,0.0,0.0,0.0,0.0,0.0,0.0,0.0,0.0
t258,0.0,0.0,0.0,0.0,0.0,0.0,0.0,0.0,0.0,0.0,0.0,0.0,0.0,0.0,0.0,0.0,0.0,0.0
t259,0.0,0.0,0.0,0.0,0.0,0.0,0.0,0.0,0.0,0.0,0.0,0.0,0.0,0.0,0.0,0.0,0.0,0.0
t260,0.0,0.0,0.0,0.0,0.0,0.0,0.0,0.0,0.0,0.0,0.0,0.0,0.0,0.0,0.0,0.0,0.0,0.0
t261,0.0,0.0,0.0,0.0,0.0,0.0,0.0,0.0,0.0,0.0,0.0,0.0,0.0,0.0,0.0,0.0,0.0,0.0
t262,0.0,0.0,0.0,0.0,0.0,0.0,0.0,0.0,0.0,0.0,0.0,0.0,0.0,0.0,0.0,0.0,0.0,0.0
t263,0.0,0.0,0.0,0.0,0.0,0.0,0.0,0.0,0.0,0.0,0.0,0.0,0.0,0.0,0.0,0.0,0.0,0.0
t264,0.0,0.0,0.0,0.0,0.0,0.0,0.0,0.0,0.0,0.0,0.0,0.0,0.0,0.0,0.0,0.0,0.0,0.0
t265,0.0,0.0,0.0,0.0,0.0,0.0,0.0,0.0,0.0,0.0,0.0,0.0,0.0,0.0,0.0,0.0,0.0,0.0
t266,0.0,0.0,0.0,0.0,0.0,0.0,0.0,0.0,0.0,0.0,0.0,0.0,0.0,0.0,0.0,0.0,0.0,0.0
t267,0.0,0.0,0.0,0.0,0.0,0.0,0.0,0.0,0.0,0.0,0.0,0.0,0.0,0.0,0.0,0.0,0.0,0.0
t268,0.0,0.0,0.0,0.0,0.0,0.0,0.0,0.0,0.0,0.0,0.0,0.0,0.0,0.0,0.0,0.0,0.0,0.0
t269,0.0,0.0,0.0,0.0,0.0,0.0,0.0,0.0,0.0,0.0,0.0,0.0,0.0,0.0,0.0,0.0,0.0,0.0
t270,0.0,0.0,0.0,0.0,0.0,0.0,0.0,0.0,0.0,0.0,0.0,0.0,0.0,0.0,0.0,0.0,0.0,0.0
t271,0.0,0.0,0.0,0.0,0.0,0.0,0.0,0.0,0.0,0.0,0.0,0.0,0.0,0.0,0.0,0.0,0.0,0.0
t272,0.0,0.0,0.0,0.0,0.0,0.0,0.0,0.0,0.0,0.0,0.0,0.0,0.0,0.0,0.0,0.0,0.0,0.0
t273,0.0,0.0,0.0,0.0,0.0,0.0,0.0,0.0,0.0,0.0,0.0,0.0,0.0,0.0,0.0,0.0,0.0,0.0
t274,0.0,0.0,0.0,0.0,0.0,0.0,0.0,0.0,1945.2098176921704,0.0,0.0,0.0,0.0,0.0,1139.831626192104,2948.69549876,0.0,6033.736942644275
t275,0.0,0.0,575.9999999999998,0.0,0.0,2745.881699630095,1275.80838375,1559.9999999999998,1486.4384807108986,0.0,0.0,0.0,0.0,0.0,1325.5286868440348,1905.4316897300012,1019.057905249956,11894.146845914986
t276,972.1875000000001,92.30769225,0.0,0.0,1571.5555555555557,4783.219027024259,0.0,0.0,1575.9415523679543,0.0,104.34049354999996,0.0,0.0,0.0,1325.5286868440348,3790.81606562,3356.290727102567,17572.18730031437
t277,972.1875000000001,92.30769225,1296.0000000000002,0.0,3535.9999999999995,4656.437843176699,679.2728902633326,1559.9999999999998,283.0464370775732,0.0,0.0,0.0,0.0,0.0,1044.6327240683456,2965.041811956668,3356.290727102567,20441.217625895188
t278,0.0,0.0,1296.0000000000002,0.0,3535.9999999999995,5391.192442049509,1275.80838375,1559.9999999999998,1603.1847620166143,0.0,557.9800189334986,0.0,0.0,0.0,0.0,2422.95689097,2860.5317535633935,20503.654251283016
t279,0.0,0.0,1296.0000000000002,0.0,3535.9999999999995,6343.750408700862,1275.80838375,718.8869642768259,1371.9765134924507,0.0,0.0,0.0,0.0,0.0,0.0,2534.7981416500006,3356.290727102567,20433.51113897271
t280,631.317874679459,92.30769225,1296.0000000000002,0.0,3535.9999999999995,6835.074134974128,1163.5614418200005,1534.4463690565065,0.0,0.0,0.0,0.0,0.0,0.0,0.0,0.0,968.3858358903584,16057.093348670453
t281,0.0,0.0,0.0,0.0,0.0,0.0,0.0,0.0,0.0,0.0,0.0,0.0,0.0,0.0,0.0,0.0,0.0,0.0
t282,0.0,0.0,0.0,0.0,0.0,0.0,0.0,0.0,0.0,0.0,0.0,0.0,0.0,0.0,0.0,0.0,0.0,0.0
t283,0.0,0.0,0.0,0.0,0.0,0.0,0.0,0.0,0.0,0.0,0.0,0.0,0.0,0.0,0.0,0.0,0.0,0.0
t284,0.0,0.0,0.0,0.0,0.0,0.0,0.0,0.0,0.0,0.0,0.0,0.0,0.0,0.0,0.0,0.0,0.0,0.0
t285,0.0,0.0,0.0,0.0,0.0,0.0,0.0,0.0,0.0,0.0,0.0,0.0,0.0,0.0,0.0,0.0,0.0,0.0
t286,0.0,0.0,0.0,0.0,0.0,0.0,0.0,0.0,0.0,0.0,0.0,0.0,0.0,0.0,0.0,0.0,0.0,0.0
t287,0.0,0.0,0.0,0.0,0.0,0.0,0.0,0.0,0.0,0.0,0.0,0.0,0.0,0.0,0.0,0.0,0.0,0.0
t288,0.0,0.0,0.0,0.0,0.0,0.0,0.0,0.0,0.0,0.0,0.0,0.0,0.0,0.0,0.0,0.0,0.0,0.0
t289,0.0,0.0,0.0,0.0,0.0,0.0,0.0,0.0,0.0,0.0,0.0,0.0,0.0,0.0,0.0,0.0,0.0,0.0
t290,0.0,0.0,0.0,0.0,0.0,0.0,0.0,0.0,0.0,0.0,0.0,0.0,0.0,0.0,0.0,0.0,0.0,0.0
t291,0.0,0.0,0.0,0.0,0.0,0.0,0.0,0.0,0.0,0.0,0.0,0.0,0.0,0.0,0.0,0.0,0.0,0.0
t292,0.0,0.0,0.0,0.0,0.0,0.0,0.0,0.0,0.0,0.0,0.0,0.0,0.0,0.0,0.0,0.0,0.0,0.0
t293,0.0,0.0,0.0,0.0,0.0,0.0,0.0,0.0,0.0,0.0,0.0,0.0,0.0,0.0,0.0,0.0,0.0,0.0
t294,0.0,0.0,0.0,0.0,0.0,0.0,0.0,0.0,0.0,0.0,0.0,0.0,0.0,0.0,0.0,0.0,0.0,0.0
t295,0.0,0.0,0.0,0.0,0.0,0.0,0.0,0.0,0.0,0.0,0.0,0.0,0.0,0.0,0.0,0.0,0.0,0.0
t296,0.0,0.0,0.0,0.0,0.0,0.0,0.0,0.0,0.0,0.0,0.0,0.0,0.0,0.0,0.0,0.0,0.0,0.0
t297,972.1875000000001,41.02564100000005,0.0,112.94117644444447,0.0,0.0,1275.80838375,88.5174547013503,1026.8436146192969,0.0,457.9431336799994,0.0,0.0,0.0,0.0,936.4248715500001,0.0,4911.691775745092
t298,972.1875000000001,0.0,0.0,0.0,0.0,0.0,1275.80838375,1559.9999999999998,3116.2515778539673,0.0,0.0,0.0,0.0,0.0,1325.5286868440348,1502.5575279100005,2108.7608519350774,11861.09452829308
t299,0.0,92.30769225,0.0,0.0,0.0,5197.059895907406,0.0,0.0,3021.4912649120115,0.0,557.9800189334986,0.0,0.0,0.0,1325.5286868440348,2631.10831526,0.0,12825.47587410695
t300,972.1875000000001,0.0,1296.0000000000002,0.0,3399.1351373312905,4720.857449700826,1275.80838375,1559.9999999999998,2289.925764912012,0.0,557.9800189334986,0.0,0.0,0.0,0.0,1152.69150139,2013.2413400646053,19237.82709608223
t301,0.0,92.30769225,645.1922126094992,0.0,1708.4204182242647,5694.75719049556,689.1479737985978,0.0,3381.700237278655,0.0,557.9800189334986,0.0,0.0,0.0,589.1238608195713,3314.8278437614026,2596.3989553574575,19269.85640352851
t302,972.1875000000001,92.30769225,1296.0000000000002,0.0,3535.9999999999995,5000.11703721018,0.0,1559.9999999999998,3423.713745672632,0.0,0.0,0.0,0.0,0.0,1325.5286868440348,4291.544497700001,3356.290727102567,24853.689886779415
t303,0.0,92.30769225,1296.0000000000002,0.0,3535.9999999999995,6920.0,0.0,1559.9999999999998,2424.5406223312484,0.0,0.0,0.0,0.0,0.0,1325.5286868440348,3448.3346394999994,1485.8650744491358,22088.57671537442
t304,432.0833333333334,0.0,1226.8077873905013,0.0,3535.9999999999995,3222.763982241585,0.0,604.8158786319825,1363.5751634400342,0.0,348.0280047794979,0.0,0.0,0.0,0.0,2733.8355977200004,3356.290727102567,16824.200474639503
t305,0.0,0.0,0.0,0.0,0.0,0.0,1153.686358284737,0.0,0.0,0.0,0.0,0.0,0.0,0.0,0.0,0.0,0.0,1153.686358284737
t306,0.0,0.0,0.0,0.0,0.0,0.0,0.0,0.0,0.0,0.0,0.0,0.0,0.0,0.0,0.0,0.0,0.0,0.0
t307,0.0,0.0,0.0,0.0,0.0,0.0,0.0,0.0,0.0,0.0,0.0,0.0,0.0,0.0,0.0,0.0,0.0,0.0
t308,0.0,0.0,0.0,0.0,0.0,0.0,0.0,0.0,0.0,0.0,0.0,0.0,0.0,0.0,0.0,0.0,0.0,0.0
t309,0.0,0.0,0.0,0.0,0.0,0.0,0.0,0.0,0.0,0.0,0.0,0.0,0.0,0.0,0.0,0.0,0.0,0.0
t310,0.0,0.0,0.0,0.0,0.0,0.0,0.0,0.0,0.0,0.0,0.0,0.0,0.0,0.0,0.0,0.0,0.0,0.0
t311,0.0,0.0,0.0,0.0,0.0,0.0,0.0,0.0,0.0,0.0,0.0,0.0,0.0,0.0,0.0,0.0,0.0,0.0
t312,0.0,0.0,0.0,0.0,0.0,0.0,0.0,0.0,0.0,0.0,0.0,0.0,0.0,0.0,0.0,0.0,0.0,0.0
t313,0.0,0.0,0.0,0.0,0.0,0.0,0.0,0.0,0.0,0.0,0.0,0.0,0.0,0.0,0.0,0.0,0.0,0.0
t314,0.0,0.0,0.0,0.0,0.0,0.0,0.0,0.0,0.0,0.0,0.0,0.0,0.0,0.0,0.0,0.0,0.0,0.0
t315,0.0,0.0,0.0,0.0,0.0,0.0,0.0,0.0,0.0,0.0,0.0,0.0,0.0,0.0,0.0,0.0,0.0,0.0
t316,0.0,0.0,0.0,0.0,0.0,0.0,0.0,0.0,0.0,0.0,0.0,0.0,0.0,0.0,0.0,0.0,0.0,0.0
t317,0.0,0.0,0.0,0.0,0.0,0.0,0.0,0.0,0.0,0.0,0.0,0.0,0.0,0.0,0.0,0.0,0.0,0.0
t318,0.0,0.0,0.0,0.0,0.0,0.0,0.0,0.0,0.0,0.0,0.0,0.0,0.0,0.0,0.0,0.0,0.0,0.0
t319,0.0,0.0,0.0,0.0,0.0,0.0,0.0,0.0,0.0,0.0,0.0,0.0,0.0,0.0,0.0,0.0,0.0,0.0
t320,0.0,0.0,0.0,0.0,0.0,0.0,0.0,0.0,0.0,0.0,0.0,0.0,0.0,0.0,0.0,0.0,0.0,0.0
t321,972.1875000000001,0.0,1296.0000000000002,0.0,1913.0552485499995,1045.9950801865,0.0,1080.2625410415976,0.0,0.0,557.9800189334986,0.0,0.0,0.0,0.0,0.0,3356.290727102567,10221.771115814163
t322,972.1875000000001,92.30769225,1296.0000000000002,0.0,0.0,2.836933910205293,567.0259483333328,1559.9999999999998,3004.6976402817477,0.0,481.88936125634024,0.0,0.0,0.0,1325.5286868440348,4609.529547288089,2448.3921183403377,16360.395428504087
t323,0.0,92.30769225,0.0,0.0,608.6244587104022,1166.5319049878694,1275.80838375,629.1966059166475,4510.809447979468,0.0,0.0,0.0,0.0,0.0,1325.5286868440348,4609.529547288089,3356.290727102567,17574.627454829075
t324,972.1875000000001,0.0,1296.0000000000002,0.0,3535.9999999999995,6920.0,1275.80838375,1559.9999999999998,2030.4492103258326,0.0,557.9800189334986,0.0,0.0,0.0,589.1238608195713,1300.552411550001,0.0,20038.101385378905
t325,972.1875000000001,72.87449388157897,1296.0000000000002,0.0,3535.9999999999995,3121.2530880452277,1275.80838375,1165.0495837018564,4510.809447979468,0.0,0.0,0.0,0.0,0.0,1325.5286868440348,4579.049158757832,0.0,21854.560342959998
t326,0.0,92.30769225,0.0,0.0,2045.9837249593788,6920.0,0.0,1559.9999999999998,1480.4667964738724,0.0,408.6269524000001,0.0,0.0,0.0,1325.5286868440348,2184.6178924600003,3356.290727102567,19373.822472489854
t327,972.1875000000001,92.30769225,0.0,0.0,599.6776717238257,6920.0,0.0,413.0505960991784,4510.809447979469,0.0,557.9800189334986,0.0,0.0,0.0,0.0,2705.96474308,584.8338365626975,17356.81150662867
t328,540.1041666666674,92.30769225,575.9999999999998,0.0,3476.214451611948,4658.9385484257555,1275.80838375,1274.3882265564682,0.0,0.0,0.0,0.0,0.0,0.0,0.0,531.4217858900007,1814.7495398006718,14239.932794951512
t329,0.0,0.0,0.0,254.117647,0.0,0.0,0.0,0.0,0.0,0.0,0.0,0.0,0.0,0.0,0.0,0.0,0.0,254.117647
t330,0.0,0.0,0.0,0.0,0.0,0.0,0.0,0.0,0.0,0.0,0.0,0.0,0.0,0.0,0.0,0.0,0.0,0.0
t331,0.0,0.0,0.0,0.0,0.0,0.0,0.0,0.0,0.0,0.0,0.0,0.0,0.0,0.0,0.0,0.0,0.0,0.0
t332,0.0,0.0,0.0,0.0,0.0,0.0,0.0,0.0,0.0,0.0,0.0,0.0,0.0,0.0,0.0,0.0,0.0,0.0
t333,0.0,0.0,0.0,0.0,0.0,0.0,0.0,0.0,0.0,0.0,0.0,0.0,0.0,0.0,0.0,0.0,0.0,0.0
t334,0.0,0.0,0.0,0.0,0.0,0.0,0.0,0.0,0.0,0.0,0.0,0.0,0.0,0.0,0.0,0.0,0.0,0.0
t335,0.0,0.0,0.0,0.0,0.0,0.0,0.0,0.0,0.0,0.0,0.0,0.0,0.0,0.0,0.0,0.0,0.0,0.0
t336,0.0,0.0,0.0,0.0,0.0,0.0,0.0,0.0,0.0,0.0,0.0,0.0,0.0,0.0,0.0,0.0,0.0,0.0
t337,0.0,0.0,0.0,0.0,0.0,0.0,0.0,0.0,0.0,0.0,0.0,0.0,0.0,0.0,0.0,0.0,0.0,0.0
t338,0.0,0.0,0.0,0.0,0.0,0.0,0.0,0.0,0.0,0.0,0.0,0.0,0.0,0.0,0.0,0.0,0.0,0.0
t339,0.0,0.0,0.0,0.0,0.0,0.0,0.0,0.0,0.0,0.0,0.0,0.0,0.0,0.0,0.0,0.0,0.0,0.0
t340,0.0,0.0,0.0,0.0,0.0,0.0,0.0,0.0,0.0,0.0,0.0,0.0,0.0,0.0,0.0,0.0,0.0,0.0
t341,0.0,0.0,0.0,0.0,0.0,0.0,0.0,0.0,0.0,0.0,0.0,0.0,0.0,0.0,0.0,0.0,0.0,0.0
t342,0.0,0.0,0.0,0.0,0.0,0.0,0.0,0.0,0.0,0.0,0.0,0.0,0.0,0.0,0.0,0.0,0.0,0.0
t343,0.0,0.0,0.0,0.0,0.0,0.0,0.0,0.0,0.0,0.0,0.0,0.0,0.0,0.0,0.0,0.0,0.0,0.0
t344,0.0,0.0,0.0,0.0,0.0,0.0,0.0,0.0,0.0,0.0,0.0,0.0,0.0,0.0,0.0,0.0,0.0,0.0
t345,843.0658236470618,92.30769225,662.4379689144442,0.0,0.0,0.0,1275.80838375,0.0,0.0,0.0,0.0,0.0,0.0,0.0,0.0,143.28941504666187,0.0,3016.909283608168
t346,529.5446040287254,92.30769225,699.8058279770004,0.0,0.0,2679.808959073158,0.0,1559.9999999999998,4510.809447979468,0.0,247.99111952599924,0.0,0.0,0.0,589.1238608195713,2617.041283903416,0.0,13526.432795557337
t347,0.0,92.30769225,0.0,112.94117644444447,916.6292220036057,6920.0,0.0,1559.9999999999998,3379.628400451538,0.0,557.9800189334986,0.0,0.0,0.0,1325.5286868440348,640.1711195800002,3356.290727102567,18861.477043609688
t348,972.1875000000001,19.39781818000004,1296.0000000000002,254.117647,2956.352352792721,6920.0,538.2827553719114,444.3527071124879,3578.506507285883,0.0,0.0,0.0,0.0,0.0,0.0,4609.529547288089,3356.290727102567,24945.01756213366
t349,0.0,0.0,1237.3551341161578,254.117647,3247.39686045907,6920.0,746.0140005519112,1559.9999999999998,4510.809447979468,0.0,0.0,0.0,0.0,0.0,0.0,4609.529547288089,35.95824189342641,23121.180879288124
t350,972.1875000000001,92.30769225,0.0,0.0,705.7414989901566,6920.0,958.8659640719115,1559.9999999999998,225.50554922786975,0.0,557.9800189334986,0.0,0.0,0.0,1325.5286868440348,4609.529547288089,3356.290727102567,21283.937184708127
t351,31.660405657546338,65.25021287000008,1296.0000000000002,254.117647,3535.9999999999995,395.7465964823983,1275.80838375,1488.5887294291915,4510.809447979468,0.0,557.9800189334986,0.0,0.0,0.0,1325.5286868440348,3400.9969425993772,3356.290727102567,21494.77779864808
t352,972.1875000000001,92.30769225,1296.0000000000002,254.117647,3535.9999999999995,0.0,875.479995837599,79.34585618978751,588.841020702751,0.0,557.9800189334986,0.0,0.0,0.0,1325.5286868440348,1342.8140052096776,1455.726525707713,12376.32894867506
t353,0.0,0.0,0.0,0.0,817.4356213100007,0.0,0.0,0.0,0.0,0.0,0.0,0.0,0.0,0.0,0.0,0.0,0.0,817.4356213100007
t354,0.0,0.0,0.0,0.0,0.0,0.0,0.0,0.0,0.0,0.0,0.0,0.0,0.0,0.0,0.0,0.0,0.0,0.0
t355,0.0,0.0,0.0,0.0,0.0,0.0,0.0,0.0,0.0,0.0,0.0,0.0,0.0,0.0,0.0,0.0,0.0,0.0
t356,0.0,0.0,0.0,0.0,0.0,0.0,0.0,0.0,0.0,0.0,0.0,0.0,0.0,0.0,0.0,0.0,0.0,0.0
t357,0.0,0.0,0.0,0.0,0.0,0.0,0.0,0.0,0.0,0.0,0.0,0.0,0.0,0.0,0.0,0.0,0.0,0.0
t358,0.0,0.0,0.0,0.0,0.0,0.0,0.0,0.0,0.0,0.0,0.0,0.0,0.0,0.0,0.0,0.0,0.0,0.0
t359,0.0,0.0,0.0,0.0,0.0,0.0,0.0,0.0,0.0,0.0,0.0,0.0,0.0,0.0,0.0,0.0,0.0,0.0
t360,0.0,0.0,0.0,0.0,0.0,0.0,0.0,0.0,0.0,0.0,0.0,0.0,0.0,0.0,0.0,0.0,0.0,0.0
t361,0.0,0.0,0.0,0.0,0.0,0.0,0.0,0.0,0.0,0.0,0.0,0.0,0.0,0.0,0.0,0.0,0.0,0.0
t362,0.0,0.0,0.0,0.0,0.0,0.0,0.0,0.0,0.0,0.0,0.0,0.0,0.0,0.0,0.0,0.0,0.0,0.0
t363,0.0,0.0,0.0,0.0,0.0,0.0,0.0,0.0,0.0,0.0,0.0,0.0,0.0,0.0,0.0,0.0,0.0,0.0
t364,0.0,0.0,0.0,0.0,0.0,0.0,0.0,0.0,0.0,0.0,0.0,0.0,0.0,0.0,0.0,0.0,0.0,0.0
t365,0.0,0.0,0.0,0.0,0.0,0.0,0.0,0.0,0.0,0.0,0.0,0.0,0.0,0.0,0.0,0.0,0.0,0.0
t366,0.0,0.0,0.0,0.0,0.0,0.0,0.0,0.0,0.0,0.0,0.0,0.0,0.0,0.0,0.0,0.0,0.0,0.0
t367,0.0,0.0,0.0,0.0,0.0,0.0,0.0,0.0,0.0,0.0,0.0,0.0,0.0,0.0,0.0,0.0,0.0,0.0
t368,0.0,0.0,0.0,0.0,0.0,0.0,0.0,0.0,0.0,0.0,0.0,0.0,0.0,0.0,0.0,0.0,0.0,0.0
t369,972.1875000000001,92.30769225,0.0,0.0,0.0,0.0,1275.80838375,690.8838270291695,3023.0601855521872,0.0,247.99111952599924,0.0,0.0,0.0,1325.5286868440348,0.0,0.0,7627.76739495139
t370,972.1875000000001,0.0,1296.0000000000002,254.117647,244.34803351972195,6920.0,0.0,1506.1262705566082,1479.8485811681937,0.0,557.9800189334986,0.0,0.0,0.0,589.1238608195713,2481.2332004710756,0.0,16300.965112468668
t371,0.0,92.30769225,1296.0000000000002,254.117647,3535.9999999999995,6920.0,567.0259483333328,1559.9999999999998,2805.667349294214,0.0,0.0,0.0,0.0,0.0,1325.5286868440348,4402.302278466667,3356.290727102567,26115.240329290813
t372,972.1875000000001,41.02564100000005,736.3843931234983,254.117647,3535.9999999999995,5419.970221588745,1275.80838375,499.82517939305194,4510.809447979468,0.0,557.9800189334986,0.0,0.0,0.0,1325.5286868440348,4123.34372865,3356.290727102567,26609.271575364866
t373,972.1875000000001,92.30769225,1296.0000000000002,0.0,2564.9398458090386,5723.679753341869,0.0,1116.4980563545028,2312.5563978461714,0.0,557.9800189334986,0.0,0.0,0.0,1325.5286868440348,3102.943300679319,1760.711114731444,20825.33236678988
t374,0.0,92.30769225,1135.615606876502,254.117647,2298.2676762267947,3409.7914065159252,1275.80838375,1559.9999999999998,4510.809447979468,0.0,557.9800189334986,0.0,0.0,0.0,0.0,3642.98335417,3356.290727102567,22093.971960804753
t375,432.0833333333334,0.0,0.0,0.0,3535.9999999999995,2362.114174109019,1275.80838375,0.0,1405.2905812001557,0.0,0.0,0.0,0.0,0.0,0.0,2733.99212551,3087.264379972263,14832.55297787477
t376,0.0,0.0,0.0,112.94117644444447,0.0,0.0,0.0,0.0,0.0,0.0,0.0,0.0,0.0,0.0,0.0,0.0,0.0,112.94117644444447
t377,0.0,0.0,0.0,0.0,0.0,0.0,0.0,0.0,0.0,0.0,0.0,0.0,0.0,0.0,0.0,0.0,0.0,0.0
t378,0.0,0.0,0.0,0.0,0.0,0.0,0.0,0.0,0.0,0.0,0.0,0.0,0.0,0.0,0.0,0.0,0.0,0.0
t379,0.0,0.0,0.0,0.0,0.0,0.0,0.0,0.0,0.0,0.0,0.0,0.0,0.0,0.0,0.0,0.0,0.0,0.0
t380,0.0,0.0,0.0,0.0,0.0,0.0,0.0,0.0,0.0,0.0,0.0,0.0,0.0,0.0,0.0,0.0,0.0,0.0
t381,0.0,0.0,0.0,0.0,0.0,0.0,0.0,0.0,0.0,0.0,0.0,0.0,0.0,0.0,0.0,0.0,0.0,0.0
t382,0.0,0.0,0.0,0.0,0.0,0.0,0.0,0.0,0.0,0.0,0.0,0.0,0.0,0.0,0.0,0.0,0.0,0.0
t383,0.0,0.0,0.0,0.0,0.0,0.0,0.0,0.0,0.0,0.0,0.0,0.0,0.0,0.0,0.0,0.0,0.0,0.0
t384,0.0,0.0,0.0,0.0,0.0,0.0,0.0,0.0,0.0,0.0,0.0,0.0,0.0,0.0,0.0,0.0,0.0,0.0
t385,0.0,0.0,0.0,0.0,0.0,0.0,0.0,0.0,0.0,0.0,0.0,0.0,0.0,0.0,0.0,0.0,0.0,0.0
t386,0.0,0.0,0.0,0.0,0.0,0.0,0.0,0.0,0.0,0.0,0.0,0.0,0.0,0.0,0.0,0.0,0.0,0.0
t387,0.0,0.0,0.0,0.0,0.0,0.0,0.0,0.0,0.0,0.0,0.0,0.0,0.0,0.0,0.0,0.0,0.0,0.0
t388,0.0,0.0,0.0,0.0,0.0,0.0,0.0,0.0,0.0,0.0,0.0,0.0,0.0,0.0,0.0,0.0,0.0,0.0
t389,0.0,0.0,0.0,0.0,0.0,0.0,0.0,0.0,0.0,0.0,0.0,0.0,0.0,0.0,0.0,0.0,0.0,0.0
t390,0.0,0.0,0.0,0.0,0.0,0.0,0.0,0.0,0.0,0.0,0.0,0.0,0.0,0.0,0.0,0.0,0.0,0.0
t391,0.0,0.0,0.0,0.0,0.0,0.0,0.0,0.0,0.0,0.0,0.0,0.0,0.0,0.0,0.0,0.0,0.0,0.0
t392,0.0,0.0,0.0,0.0,0.0,0.0,0.0,0.0,0.0,0.0,0.0,0.0,0.0,0.0,0.0,0.0,0.0,0.0
t393,972.1875000000001,0.0,0.0,0.0,0.0,0.0,0.0,0.0,38.785572047569595,0.0,0.0,0.0,0.0,0.0,0.0,0.0,0.0,1010.9730720475698
t394,0.0,0.0,0.0,0.0,0.0,0.0,1275.80838375,0.0,3119.91676006092,0.0,0.0,0.0,0.0,0.0,0.0,706.2913113887253,0.0,5102.016455199645
t395,0.0,41.02564100000005,1296.0000000000002,0.0,0.0,5456.029525229065,0.0,1559.9999999999998,2911.868549365319,0.0,557.9800189334986,0.0,0.0,0.0,1325.5286868440348,3226.0907641400004,3356.290727102567,19730.813912614485
t396,972.1875000000001,92.30769225,1296.0000000000002,254.117647,2143.0882459705913,6920.0,0.0,1559.9999999999998,2488.2361878032107,0.0,557.9800189334986,0.0,0.0,0.0,495.7276997166055,4378.13316544,3356.290727102567,24514.068884216475
t397,972.1875000000001,0.0,1296.0000000000002,112.94117644444447,3535.9999999999995,5221.21963659105,1275.80838375,1263.0358527544088,2546.508369993262,0.0,0.0,0.0,0.0,0.0,1325.5286868440348,3763.8303881295124,0.0,21313.059994506715
t398,0.0,92.30769225,1296.0000000000002,254.117647,3535.9999999999995,3586.278357430619,0.0,0.0,2726.0850307979417,0.0,247.99111952599918,0.0,0.0,0.0,1325.5286868440348,4201.02036046,2819.50154362144,20084.83043793003
t399,972.1875000000001,92.30769225,575.9999999999998,254.117647,3535.9999999999995,3175.191001491547,662.1434529211766,1559.9999999999998,1863.064354830948,0.0,557.9800189334986,0.0,0.0,0.0,1325.5286868440348,3042.5784124788233,3356.290727102567,20973.389493852592
t400,432.0833333333334,92.30769225,0.0,254.117647,2964.4673095849644,6396.837034813273,1275.80838375,990.2974805789238,466.05308948232766,0.0,557.9800189334986,0.0,0.0,0.0,93.39616110296589,1168.8535859099998,1700.0248601998892,16392.226596939174
t401,0.0,0.0,0.0,0.0,0.0,0.0,1180.6908791621563,0.0,0.0,0.0,0.0,0.0,0.0,0.0,0.0,0.0,328.44909088237716,1509.1399700445336
t402,0.0,0.0,0.0,0.0,0.0,0.0,0.0,0.0,0.0,0.0,0.0,0.0,0.0,0.0,0.0,0.0,0.0,0.0
t403,0.0,0.0,0.0,0.0,0.0,0.0,0.0,0.0,0.0,0.0,0.0,0.0,0.0,0.0,0.0,0.0,0.0,0.0
t404,0.0,0.0,0.0,0.0,0.0,0.0,0.0,0.0,0.0,0.0,0.0,0.0,0.0,0.0,0.0,0.0,0.0,0.0
t405,0.0,0.0,0.0,0.0,0.0,0.0,0.0,0.0,0.0,0.0,0.0,0.0,0.0,0.0,0.0,0.0,0.0,0.0
t406,0.0,0.0,0.0,0.0,0.0,0.0,0.0,0.0,0.0,0.0,0.0,0.0,0.0,0.0,0.0,0.0,0.0,0.0
t407,0.0,0.0,0.0,0.0,0.0,0.0,0.0,0.0,0.0,0.0,0.0,0.0,0.0,0.0,0.0,0.0,0.0,0.0
t408,0.0,0.0,0.0,0.0,0.0,0.0,0.0,0.0,0.0,0.0,0.0,0.0,0.0,0.0,0.0,0.0,0.0,0.0
t409,0.0,0.0,0.0,0.0,0.0,0.0,0.0,0.0,0.0,0.0,0.0,0.0,0.0,0.0,0.0,0.0,0.0,0.0
t410,0.0,0.0,0.0,0.0,0.0,0.0,0.0,0.0,0.0,0.0,0.0,0.0,0.0,0.0,0.0,0.0,0.0,0.0
t411,0.0,0.0,0.0,0.0,0.0,0.0,0.0,0.0,0.0,0.0,0.0,0.0,0.0,0.0,0.0,0.0,0.0,0.0
t412,0.0,0.0,0.0,0.0,0.0,0.0,0.0,0.0,0.0,0.0,0.0,0.0,0.0,0.0,0.0,0.0,0.0,0.0
t413,0.0,0.0,0.0,0.0,0.0,0.0,0.0,0.0,0.0,0.0,0.0,0.0,0.0,0.0,0.0,0.0,0.0,0.0
t414,0.0,0.0,0.0,0.0,0.0,0.0,0.0,0.0,0.0,0.0,0.0,0.0,0.0,0.0,0.0,0.0,0.0,0.0
t415,0.0,0.0,0.0,0.0,0.0,0.0,0.0,0.0,0.0,0.0,0.0,0.0,0.0,0.0,0.0,0.0,0.0,0.0
t416,0.0,0.0,0.0,0.0,0.0,0.0,0.0,0.0,0.0,0.0,0.0,0.0,0.0,0.0,0.0,0.0,0.0,0.0
t417,972.1875000000001,0.0,960.8782435834999,0.0,0.0,0.0,0.0,1559.9999999999998,941.8297059893986,0.0,280.89534421949884,0.0,0.0,0.0,1325.5286868440348,1282.948508981297,253.88254428001568,7578.150533897744
t418,0.0,92.30769225,1296.0000000000002,254.117647,0.0,3836.5871915441057,567.0259483333328,139.5068627840157,4510.809447979468,0.0,525.0757942399989,0.0,0.0,0.0,589.1238608195713,1039.3332776461295,512.7541332776833,13362.641855874308
t419,972.1875000000001,92.30769225,1296.0000000000002,254.117647,2183.837270483274,6920.0,1275.80838375,1559.9999999999998,1093.6796327285197,0.0,0.0,0.0,0.0,0.0,1325.5286868440348,2748.5259376172903,3356.290727102567,23078.283477775687
t420,972.1875000000001,92.30769225,1296.0000000000002,0.0,3535.9999999999995,6920.0,0.0,553.8264705493173,4510.809447979468,0.0,557.9800189334986,0.0,0.0,0.0,1325.5286868440348,3959.2589152429123,3356.290727102567,27080.189458901797
t421,432.0833333333329,41.02564100000005,0.0,0.0,3535.9999999999995,3952.557388870874,1275.80838375,1559.9999999999998,4510.809447979468,0.0,557.9800189334986,0.0,0.0,0.0,0.0,4609.529547288089,2495.846475206955,22971.64023636222
t422,972.1875000000001,0.0,0.0,254.117647,3469.9818843133953,4424.894652615281,1275.80838375,1559.9999999999998,2472.3118417950914,0.0,0.0,0.0,0.0,0.0,0.0,2554.96086549,1585.4923419390548,18569.755116902823
t423,0.0,92.30769225,911.1217564165005,254.117647,2907.6409554144097,4701.516322525296,0.0,0.0,2007.7924665684402,0.0,557.9800189334986,0.0,0.0,0.0,1325.5286868440348,3301.8423935,3356.290727102567,19416.138666554747
t424,0.0,0.0,0.0,112.94117644444447,82.09544534447555,0.0,1275.80838375,0.0,0.0,0.0,0.0,0.0,0.0,0.0,0.0,990.3985421813425,0.0,2461.2435477202625
t425,0.0,0.0,0.0,0.0,0.0,0.0,0.0,0.0,0.0,0.0,0.0,0.0,0.0,0.0,0.0,0.0,0.0,0.0
t426,0.0,0.0,0.0,0.0,0.0,0.0,0.0,0.0,0.0,0.0,0.0,0.0,0.0,0.0,0.0,0.0,0.0,0.0
t427,0.0,0.0,0.0,0.0,0.0,0.0,0.0,0.0,0.0,0.0,0.0,0.0,0.0,0.0,0.0,0.0,0.0,0.0
t428,0.0,0.0,0.0,0.0,0.0,0.0,0.0,0.0,0.0,0.0,0.0,0.0,0.0,0.0,0.0,0.0,0.0,0.0
t429,0.0,0.0,0.0,0.0,0.0,0.0,0.0,0.0,0.0,0.0,0.0,0.0,0.0,0.0,0.0,0.0,0.0,0.0
t430,0.0,0.0,0.0,0.0,0.0,0.0,0.0,0.0,0.0,0.0,0.0,0.0,0.0,0.0,0.0,0.0,0.0,0.0
t431,0.0,0.0,0.0,0.0,0.0,0.0,0.0,0.0,0.0,0.0,0.0,0.0,0.0,0.0,0.0,0.0,0.0,0.0
t432,0.0,0.0,0.0,0.0,0.0,0.0,0.0,0.0,0.0,0.0,0.0,0.0,0.0,0.0,0.0,0.0,0.0,0.0
t433,0.0,0.0,0.0,0.0,0.0,0.0,0.0,0.0,0.0,0.0,0.0,0.0,0.0,0.0,0.0,0.0,0.0,0.0
t434,0.0,0.0,0.0,0.0,0.0,0.0,0.0,0.0,0.0,0.0,0.0,0.0,0.0,0.0,0.0,0.0,0.0,0.0
t435,0.0,0.0,0.0,0.0,0.0,0.0,0.0,0.0,0.0,0.0,0.0,0.0,0.0,0.0,0.0,0.0,0.0,0.0
t436,0.0,0.0,0.0,0.0,0.0,0.0,0.0,0.0,0.0,0.0,0.0,0.0,0.0,0.0,0.0,0.0,0.0,0.0
t437,0.0,0.0,0.0,0.0,0.0,0.0,0.0,0.0,0.0,0.0,0.0,0.0,0.0,0.0,0.0,0.0,0.0,0.0
t438,0.0,0.0,0.0,0.0,0.0,0.0,0.0,0.0,0.0,0.0,0.0,0.0,0.0,0.0,0.0,0.0,0.0,0.0
t439,0.0,0.0,0.0,0.0,0.0,0.0,0.0,0.0,0.0,0.0,0.0,0.0,0.0,0.0,0.0,0.0,0.0,0.0
t440,0.0,0.0,0.0,0.0,0.0,0.0,0.0,0.0,0.0,0.0,0.0,0.0,0.0,0.0,0.0,0.0,0.0,0.0
t441,0.0,0.0,0.0,0.0,0.0,0.0,0.0,430.8837626357148,0.0,0.0,0.0,0.0,0.0,0.0,0.0,508.80888572000083,2380.4978432726057,3320.190491628321
t442,972.1875000000001,79.25641172999997,177.6077324735,254.117647,0.0,2027.5820061300003,0.0,1559.9999999999998,715.9201061044074,0.0,500.92101354700026,0.0,0.0,0.0,0.0,1383.8310068000008,0.0,7671.42342378491
t443,0.0,92.30769225,0.0,254.117647,2321.8770118048583,483.4573276462067,1275.80838375,262.4495706976182,4510.809447979468,0.0,557.9800189334986,0.0,0.0,0.0,1325.5286868440348,599.2708810299998,0.0,11683.606667935683
t444,972.1875000000001,0.0,1296.0000000000002,0.0,2199.9287558689407,3464.3906368159637,1275.80838375,0.0,2463.958418256694,0.0,0.0,0.0,0.0,0.0,1325.5286868440348,778.7160585300002,3356.290727102567,17132.8091671682
t445,0.0,92.30769225,1296.0000000000002,112.94117644444447,2759.0874252277804,4020.1255849633826,1275.80838375,1559.9999999999998,3407.9376910153574,0.0,305.05012491249767,0.0,0.0,0.0,611.3675493482002,963.2995105500004,3356.290727102567,19760.215865564227
t446,972.1875000000001,92.30769225,1296.0000000000002,0.0,2090.0280686638494,6920.0,0.0,1559.9999999999998,3192.3072949690577,0.0,0.0,0.0,0.0,0.0,0.0,2622.6519814800004,2263.0760958372775,21008.558633200184
t447,972.1875000000001,0.0,398.3922675264997,0.0,3535.9999999999995,6920.0,0.0,0.0,4510.809447979468,0.0,557.9800189334986,0.0,0.0,0.0,1241.7164244110475,3739.31730548,3356.290727102567,25232.69369143308
t448,432.0833333333334,54.07692152000004,1296.0000000000002,254.117647,2808.634293990126,6920.0,0.0,1559.9999999999998,1246.2995847154061,0.0,0.0,0.0,0.0,0.0,299.1729181609977,1764.6806432199996,204.40155559382367,16839.466897533686
t449,0.0,0.0,0.0,254.117647,0.0,0.0,913.9586657416975,0.0,0.0,0.0,557.9800189334986,0.0,0.0,0.0,1087.9243425873954,0.0,0.0,2813.9806742625915
t450,0.0,0.0,0.0,0.0,0.0,0.0,0.0,0.0,0.0,0.0,0.0,0.0,0.0,0.0,0.0,0.0,0.0,0.0
t451,0.0,0.0,0.0,0.0,0.0,0.0,0.0,0.0,0.0,0.0,0.0,0.0,0.0,0.0,0.0,0.0,0.0,0.0
t452,0.0,0.0,0.0,0.0,0.0,0.0,0.0,0.0,0.0,0.0,0.0,0.0,0.0,0.0,0.0,0.0,0.0,0.0
t453,0.0,0.0,0.0,0.0,0.0,0.0,0.0,0.0,0.0,0.0,0.0,0.0,0.0,0.0,0.0,0.0,0.0,0.0
t454,0.0,0.0,0.0,0.0,0.0,0.0,0.0,0.0,0.0,0.0,0.0,0.0,0.0,0.0,0.0,0.0,0.0,0.0
t455,0.0,0.0,0.0,0.0,0.0,0.0,0.0,0.0,0.0,0.0,0.0,0.0,0.0,0.0,0.0,0.0,0.0,0.0
t456,0.0,0.0,0.0,0.0,0.0,0.0,0.0,0.0,0.0,0.0,0.0,0.0,0.0,0.0,0.0,0.0,0.0,0.0
t457,0.0,0.0,0.0,0.0,0.0,0.0,0.0,0.0,0.0,0.0,0.0,0.0,0.0,0.0,0.0,0.0,0.0,0.0
t458,0.0,0.0,0.0,0.0,0.0,0.0,0.0,0.0,0.0,0.0,0.0,0.0,0.0,0.0,0.0,0.0,0.0,0.0
t459,0.0,0.0,0.0,0.0,0.0,0.0,0.0,0.0,0.0,0.0,0.0,0.0,0.0,0.0,0.0,0.0,0.0,0.0
t460,0.0,0.0,0.0,0.0,0.0,0.0,0.0,0.0,0.0,0.0,0.0,0.0,0.0,0.0,0.0,0.0,0.0,0.0
t461,0.0,0.0,0.0,0.0,0.0,0.0,0.0,0.0,0.0,0.0,0.0,0.0,0.0,0.0,0.0,0.0,0.0,0.0
t462,0.0,0.0,0.0,0.0,0.0,0.0,0.0,0.0,0.0,0.0,0.0,0.0,0.0,0.0,0.0,0.0,0.0,0.0
t463,0.0,0.0,0.0,0.0,0.0,0.0,0.0,0.0,0.0,0.0,0.0,0.0,0.0,0.0,0.0,0.0,0.0,0.0
t464,0.0,0.0,521.6320131575413,254.117647,0.0,0.0,0.0,1559.9999999999998,0.0,0.0,0.0,0.0,0.0,0.0,479.47249201946516,0.0,0.0,2815.2221521770066
t465,972.1875000000001,92.30769225,0.0,254.117647,0.0,6920.0,1275.80838375,155.99999999999991,0.0,0.0,557.9800189334986,0.0,0.0,0.0,0.0,1214.83177477,0.0,11443.233016703498
t466,554.8217091108531,92.30769225,826.531188158213,112.94117644444447,0.0,6920.0,127.5808383749999,1419.6,4510.809447979468,0.0,247.99111952599924,0.0,0.0,0.0,0.0,1544.5995139000008,0.0,16357.182685743977
t467,972.1875000000001,92.30769225,1296.0000000000002,0.0,1519.2924138121025,665.287952636235,1275.80838375,1559.9999999999998,1343.258826031311,0.0,557.9800189334986,0.0,0.0,0.0,1325.5286868440348,0.0,3356.290727102567,13963.942201359749
t468,972.1875000000001,0.0,1296.0000000000002,0.0,370.37409929886957,6920.0,1275.80838375,1559.9999999999998,3359.0675143344497,0.0,0.0,0.0,0.0,0.0,1325.5286868440348,2906.0300164299997,3356.290727102567,23341.286927759917
t469,0.0,29.1497975526316,0.0,0.0,3535.9999999999995,5159.366085954612,1275.80838375,0.0,4510.809447979468,0.0,0.0,0.0,0.0,0.0,1325.5286868440348,2581.61788805,1491.684767601142,19909.96505773189
t470,724.3723698365152,92.30769225,768.5557507982509,254.117647,3535.9999999999995,2002.6494823016533,275.30601965131564,1559.9999999999998,3372.895025063889,0.0,557.9800189334986,0.0,0.0,0.0,1325.5286868440348,4609.529547288089,3356.290727102567,22435.532967069812
t471,972.1875000000001,92.30769225,1296.0000000000002,0.0,3535.9999999999995,6920.0,1275.80838375,1559.9999999999998,4125.91931370156,0.0,0.0,0.0,0.0,0.0,0.0,4609.529547288089,0.0,24387.75243698965
t472,972.1875000000001,92.30769225,1296.0000000000002,254.117647,2006.5705520390318,2197.9320872894605,1275.80838375,1007.0666666666659,1797.0007390835995,0.0,557.9800189334986,0.0,0.0,0.0,109.651368800106,3020.659700220883,3356.290727102567,17943.573083135816
t473,0.0,0.0,0.0,0.0,1211.3184904055508,0.0,0.0,0.0,0.0,0.0,0.0,0.0,0.0,0.0,0.0,0.0,0.0,1211.3184904055508
t474,0.0,0.0,0.0,0.0,0.0,0.0,0.0,0.0,0.0,0.0,0.0,0.0,0.0,0.0,0.0,0.0,0.0,0.0
t475,0.0,0.0,0.0,0.0,0.0,0.0,0.0,0.0,0.0,0.0,0.0,0.0,0.0,0.0,0.0,0.0,0.0,0.0
t476,0.0,0.0,0.0,0.0,0.0,0.0,0.0,0.0,0.0,0.0,0.0,0.0,0.0,0.0,0.0,0.0,0.0,0.0
t477,0.0,0.0,0.0,0.0,0.0,0.0,0.0,0.0,0.0,0.0,0.0,0.0,0.0,0.0,0.0,0.0,0.0,0.0
t478,0.0,0.0,0.0,0.0,0.0,0.0,0.0,0.0,0.0,0.0,0.0,0.0,0.0,0.0,0.0,0.0,0.0,0.0
t479,0.0,0.0,0.0,0.0,0.0,0.0,0.0,0.0,0.0,0.0,0.0,0.0,0.0,0.0,0.0,0.0,0.0,0.0
t480,0.0,0.0,0.0,0.0,0.0,0.0,0.0,0.0,0.0,0.0,0.0,0.0,0.0,0.0,0.0,0.0,0.0,0.0
t481,0.0,0.0,0.0,0.0,0.0,0.0,0.0,0.0,0.0,0.0,0.0,0.0,0.0,0.0,0.0,0.0,0.0,0.0
t482,0.0,0.0,0.0,0.0,0.0,0.0,0.0,0.0,0.0,0.0,0.0,0.0,0.0,0.0,0.0,0.0,0.0,0.0
t483,0.0,0.0,0.0,0.0,0.0,0.0,0.0,0.0,0.0,0.0,0.0,0.0,0.0,0.0,0.0,0.0,0.0,0.0
t484,0.0,0.0,0.0,0.0,0.0,0.0,0.0,0.0,0.0,0.0,0.0,0.0,0.0,0.0,0.0,0.0,0.0,0.0
t485,0.0,0.0,0.0,0.0,0.0,0.0,0.0,0.0,0.0,0.0,0.0,0.0,0.0,0.0,0.0,0.0,0.0,0.0
t486,0.0,0.0,0.0,0.0,0.0,0.0,0.0,0.0,0.0,0.0,0.0,0.0,0.0,0.0,0.0,0.0,0.0,0.0
t487,0.0,0.0,0.0,0.0,0.0,0.0,0.0,0.0,0.0,0.0,0.0,0.0,0.0,0.0,0.0,0.0,0.0,0.0
t488,100.36116481176629,0.0,0.0,254.117647,0.0,0.0,0.0,0.0,0.0,0.0,0.0,0.0,0.0,0.0,1325.5286868440348,0.0,0.0,1680.007498655801
t489,881.8624516694105,92.30769225,1296.0000000000002,254.117647,0.0,3354.2031660408534,1275.80838375,1559.9999999999998,0.0,0.0,0.0,0.0,0.0,0.0,1325.5286868440348,3574.3933040299994,2670.4776593575,16284.698990941799
t490,178.5112934975307,92.30769225,1296.0000000000002,0.0,0.0,6920.0,1088.271266112841,1386.763372399553,4510.809447979468,0.0,0.0,0.0,0.0,0.0,0.0,4330.644737896203,0.0,19803.307810135597
t491,972.1875000000001,92.30769225,1296.0000000000002,254.117647,3508.9380927354828,0.0,1275.80838375,860.0245604775278,3521.9305374746386,0.0,557.9800189334986,0.0,0.0,0.0,0.0,3471.9557437573085,3356.290727102567,19167.54090348102
t492,972.1875000000001,92.30769225,1296.0000000000002,0.0,3535.9999999999995,6920.0,1275.80838375,1559.9999999999998,4510.809447979468,0.0,557.9800189334986,0.0,0.0,0.0,1325.5286868440348,3112.73526482,0.0,25159.356994577003
t493,0.0,29.1497975526316,575.9999999999998,0.0,3535.9999999999995,6920.0,962.9376411228902,544.79101449134,4510.809447979468,0.0,557.9800189334986,0.0,0.0,0.0,0.0,3064.77048614422,3356.290727102567,24058.72913332662
t494,972.1875000000001,0.0,0.0,0.0,430.48506797559025,4722.189096753098,347.63415847456633,1559.9999999999998,2570.5767120129403,0.0,557.9800189334986,0.0,0.0,0.0,1325.5286868440348,2438.7545576294783,3356.290727102567,18281.626525725773
t495,972.1875000000001,92.30769225,1296.0000000000002,112.94117644444447,3535.9999999999995,2940.206824747268,0.0,1559.9999999999998,3677.674893673157,0.0,0.0,0.0,0.0,0.0,0.0,4479.3590076490445,0.0,18666.677094763912
t496,253.57203983580322,92.30769225,944.0000000000006,254.117647,1168.1323948444822,1420.96858273312,1031.3046947504813,0.0,925.7050603403429,0.0,247.99111952599918,0.0,0.0,0.0,589.1238608195713,144.63393293227332,2177.497835346208,9249.354860378282
t497,0.0,0.0,0.0,0.0,0.0,0.0,0.0,0.0,0.0,0.0,0.0,0.0,0.0,0.0,0.0,0.0,0.0,0.0
t498,0.0,0.0,0.0,0.0,0.0,0.0,0.0,0.0,0.0,0.0,0.0,0.0,0.0,0.0,0.0,0.0,0.0,0.0
t499,0.0,0.0,0.0,0.0,0.0,0.0,0.0,0.0,0.0,0.0,0.0,0.0,0.0,0.0,0.0,0.0,0.0,0.0
t500,0.0,0.0,0.0,0.0,0.0,0.0,0.0,0.0,0.0,0.0,0.0,0.0,0.0,0.0,0.0,0.0,0.0,0.0
t501,0.0,0.0,0.0,0.0,0.0,0.0,0.0,0.0,0.0,0.0,0.0,0.0,0.0,0.0,0.0,0.0,0.0,0.0
t502,0.0,0.0,0.0,0.0,0.0,0.0,0.0,0.0,0.0,0.0,0.0,0.0,0.0,0.0,0.0,0.0,0.0,0.0
t503,0.0,0.0,0.0,0.0,0.0,0.0,0.0,0.0,0.0,0.0,0.0,0.0,0.0,0.0,0.0,0.0,0.0,0.0
t504,0.0,0.0,0.0,0.0,0.0,0.0,0.0,0.0,0.0,0.0,0.0,0.0,0.0,0.0,0.0,0.0,0.0,0.0
t505,0.0,0.0,0.0,0.0,0.0,0.0,0.0,0.0,0.0,0.0,0.0,0.0,0.0,0.0,0.0,0.0,0.0,0.0
t506,0.0,0.0,0.0,0.0,0.0,0.0,0.0,0.0,0.0,0.0,0.0,0.0,0.0,0.0,0.0,0.0,0.0,0.0
t507,0.0,0.0,0.0,0.0,0.0,0.0,0.0,0.0,0.0,0.0,0.0,0.0,0.0,0.0,0.0,0.0,0.0,0.0
t508,0.0,0.0,0.0,0.0,0.0,0.0,0.0,0.0,0.0,0.0,0.0,0.0,0.0,0.0,0.0,0.0,0.0,0.0
t509,0.0,0.0,0.0,0.0,0.0,0.0,0.0,0.0,0.0,0.0,0.0,0.0,0.0,0.0,0.0,0.0,0.0,0.0
t510,0.0,0.0,0.0,0.0,0.0,0.0,0.0,0.0,0.0,0.0,0.0,0.0,0.0,0.0,0.0,0.0,0.0,0.0
t511,0.0,0.0,0.0,0.0,0.0,0.0,0.0,0.0,0.0,0.0,0.0,0.0,0.0,0.0,0.0,0.0,0.0,0.0
t512,0.0,0.0,0.0,0.0,0.0,0.0,0.0,0.0,0.0,0.0,0.0,0.0,0.0,0.0,0.0,0.0,0.0,0.0
t513,972.1875000000001,0.0,0.0,254.117647,0.0,0.0,1275.80838375,479.30596613771377,2644.0301017240286,0.0,557.9800189334986,0.0,0.0,0.0,1325.5286868440348,0.0,439.1488467943712,7948.107151183645
t514,972.1875000000001,92.30769225,1296.0000000000002,0.0,0.0,3501.1864384594223,1275.80838375,1128.6246304760575,4435.457206551938,0.0,557.9800189334986,0.0,0.0,0.0,0.0,3021.9842555700006,0.0,16281.536125990915
t515,209.78782894736847,9.230769225000005,1296.0000000000002,254.117647,3404.5324450599983,0.0,0.0,0.0,2216.556207417838,0.0,408.061857199999,0.0,0.0,0.0,1325.5286868440348,4558.55973411,3356.290727102567,17038.665902906807
t516,972.1875000000001,83.9999999475,0.0,0.0,3535.9999999999995,6920.0,708.7824354166661,1559.9999999999998,3843.750818176697,0.0,550.397347792998,0.0,0.0,0.0,0.0,2038.5037671189723,3356.290727102567,23569.912595555397
t517,972.1875000000001,71.95141695907897,0.0,112.94117644444447,3535.9999999999995,6920.0,1275.80838375,614.8620171429197,4510.809447979468,0.0,0.0,0.0,0.0,0.0,0.0,4609.529547288089,1052.5359208067691,23676.62541037077
t518,972.1875000000001,92.30769225,1296.0000000000002,254.117647,2123.566067419998,6920.0,1275.80838375,1559.9999999999998,1879.4222591015005,0.0,0.0,0.0,0.0,0.0,1325.5286868440348,765.58965479,3356.290727102567,21820.818618258105
t519,97.21874999999999,92.30769225,1296.0000000000002,0.0,785.2734700499999,3213.877574355963,1275.80838375,1559.9999999999998,779.3304748389297,0.0,405.4919523999994,0.0,0.0,0.0,1325.5286868440348,3525.5748556300005,0.0,14356.411840118926
t520,972.1875000000001,92.30769225,575.9999999999998,254.117647,2330.183573025556,3280.4915427401697,0.0,1559.9999999999998,563.5864432631265,0.0,0.0,0.0,0.0,0.0,589.1238608195713,1967.0561734399998,3356.290727102567,15541.34515964099
t521,0.0,0.0,0.0,0.0,0.0,0.0,0.0,0.0,0.0,0.0,0.0,0.0,0.0,0.0,0.0,0.0,0.0,0.0
t522,0.0,0.0,0.0,0.0,0.0,0.0,0.0,0.0,0.0,0.0,0.0,0.0,0.0,0.0,0.0,0.0,0.0,0.0
t523,0.0,0.0,0.0,0.0,0.0,0.0,0.0,0.0,0.0,0.0,0.0,0.0,0.0,0.0,0.0,0.0,0.0,0.0
t524,0.0,0.0,0.0,0.0,0.0,0.0,0.0,0.0,0.0,0.0,0.0,0.0,0.0,0.0,0.0,0.0,0.0,0.0
t525,0.0,0.0,0.0,0.0,0.0,0.0,0.0,0.0,0.0,0.0,0.0,0.0,0.0,0.0,0.0,0.0,0.0,0.0
t526,0.0,0.0,0.0,0.0,0.0,0.0,0.0,0.0,0.0,0.0,0.0,0.0,0.0,0.0,0.0,0.0,0.0,0.0
t527,0.0,0.0,0.0,0.0,0.0,0.0,0.0,0.0,0.0,0.0,0.0,0.0,0.0,0.0,0.0,0.0,0.0,0.0
t528,0.0,0.0,0.0,0.0,0.0,0.0,0.0,0.0,0.0,0.0,0.0,0.0,0.0,0.0,0.0,0.0,0.0,0.0
t529,0.0,0.0,0.0,0.0,0.0,0.0,0.0,0.0,0.0,0.0,0.0,0.0,0.0,0.0,0.0,0.0,0.0,0.0
t530,0.0,0.0,0.0,0.0,0.0,0.0,0.0,0.0,0.0,0.0,0.0,0.0,0.0,0.0,0.0,0.0,0.0,0.0
t531,0.0,0.0,0.0,0.0,0.0,0.0,0.0,0.0,0.0,0.0,0.0,0.0,0.0,0.0,0.0,0.0,0.0,0.0
t532,0.0,0.0,0.0,0.0,0.0,0.0,0.0,0.0,0.0,0.0,0.0,0.0,0.0,0.0,0.0,0.0,0.0,0.0
t533,0.0,0.0,0.0,0.0,0.0,0.0,0.0,0.0,0.0,0.0,0.0,0.0,0.0,0.0,0.0,0.0,0.0,0.0
t534,0.0,0.0,0.0,0.0,0.0,0.0,0.0,0.0,0.0,0.0,0.0,0.0,0.0,0.0,0.0,0.0,0.0,0.0
t535,0.0,0.0,0.0,0.0,0.0,0.0,0.0,0.0,0.0,0.0,0.0,0.0,0.0,0.0,0.0,0.0,0.0,0.0
t536,0.0,0.0,0.0,0.0,0.0,0.0,0.0,0.0,0.0,0.0,0.0,0.0,0.0,0.0,0.0,0.0,0.0,0.0
t537,972.1875000000001,92.30769225,0.0,254.117647,0.0,4139.435041520845,1275.80838375,1559.9999999999998,0.0,0.0,418.9650000000005,0.0,0.0,0.0,1325.5286868440348,168.06284875000023,0.0,10206.412800114878
t538,933.8983237811784,92.30769225,1296.0000000000002,0.0,9.914437400474927,1984.411860111814,1275.80838375,1559.9999999999998,4510.809447979468,0.0,476.99239134055074,0.0,0.0,0.0,1325.5286868440348,1087.4654954850005,0.0,14553.136718942522
t539,345.29575516619,92.30769225,1276.6995488421057,112.94117644444447,1746.2632174483597,6920.0,1202.4682951400002,1559.9999999999998,4510.809447979468,0.0,0.0,0.0,0.0,0.0,0.0,0.0,3356.290727102567,21123.075860373137
t540,972.1875000000001,92.30769225,1296.0000000000002,254.117647,885.0222525667208,0.0,567.1920929911028,1533.9905670275614,2295.319242086228,0.0,0.0,0.0,0.0,0.0,1325.5286868440348,3225.2673645677937,3356.290727102567,15803.223772436007
t541,972.1875000000001,41.02564100000002,0.0,0.0,1512.1706194399999,2030.2403375156905,0.0,48.6074669897385,4510.809447979468,0.0,0.0,0.0,0.0,0.0,0.0,4609.529547288089,0.0,13724.570560212986
t542,0.0,0.0,1296.0000000000002,0.0,3535.9999999999995,6920.0,27.579996371910553,470.03354493006833,4510.809447979468,0.0,0.0,0.0,0.0,0.0,0.0,4609.529547288089,3356.290727102567,24726.243263672106
t543,972.1875000000001,92.30769225,0.0,254.117647,3535.9999999999995,4028.447116653224,1275.80838375,1559.9999999999998,2171.1407413415764,0.0,557.9800189334986,0.0,0.0,0.0,1325.5286868440348,4609.529547288089,3356.290727102567,23739.33806116299
t544,972.1875000000001,0.0,1296.0000000000002,0.0,3535.9999999999995,4733.021199753982,1275.80838375,1559.9999999999998,1558.8188251602137,0.0,557.9800189334986,0.0,0.0,0.0,589.1238608195713,2345.4764860299997,1491.6847676011398,19916.1010420484
t545,0.0,92.30769225,0.0,254.117647,954.1850286999991,0.0,1056.1908561846494,0.0,1040.8130711041101,0.0,557.9800189334986,0.0,0.0,0.0,0.0,0.0,0.0,3955.594314172258
t546,0.0,0.0,0.0,0.0,0.0,0.0,0.0,0.0,0.0,0.0,0.0,0.0,0.0,0.0,0.0,0.0,0.0,0.0
t547,0.0,0.0,0.0,0.0,0.0,0.0,0.0,0.0,0.0,0.0,0.0,0.0,0.0,0.0,0.0,0.0,0.0,0.0
t548,0.0,0.0,0.0,0.0,0.0,0.0,0.0,0.0,0.0,0.0,0.0,0.0,0.0,0.0,0.0,0.0,0.0,0.0
t549,0.0,0.0,0.0,0.0,0.0,0.0,0.0,0.0,0.0,0.0,0.0,0.0,0.0,0.0,0.0,0.0,0.0,0.0
t550,0.0,0.0,0.0,0.0,0.0,0.0,0.0,0.0,0.0,0.0,0.0,0.0,0.0,0.0,0.0,0.0,0.0,0.0
t551,0.0,0.0,0.0,0.0,0.0,0.0,0.0,0.0,0.0,0.0,0.0,0.0,0.0,0.0,0.0,0.0,0.0,0.0
t552,0.0,0.0,0.0,0.0,0.0,0.0,0.0,0.0,0.0,0.0,0.0,0.0,0.0,0.0,0.0,0.0,0.0,0.0
t553,0.0,0.0,0.0,0.0,0.0,0.0,0.0,0.0,0.0,0.0,0.0,0.0,0.0,0.0,0.0,0.0,0.0,0.0
t554,0.0,0.0,0.0,0.0,0.0,0.0,0.0,0.0,0.0,0.0,0.0,0.0,0.0,0.0,0.0,0.0,0.0,0.0
t555,0.0,0.0,0.0,0.0,0.0,0.0,0.0,0.0,0.0,0.0,0.0,0.0,0.0,0.0,0.0,0.0,0.0,0.0
t556,0.0,0.0,0.0,0.0,0.0,0.0,0.0,0.0,0.0,0.0,0.0,0.0,0.0,0.0,0.0,0.0,0.0,0.0
t557,0.0,0.0,0.0,0.0,0.0,0.0,0.0,0.0,0.0,0.0,0.0,0.0,0.0,0.0,0.0,0.0,0.0,0.0
t558,0.0,0.0,0.0,0.0,0.0,0.0,0.0,0.0,0.0,0.0,0.0,0.0,0.0,0.0,0.0,0.0,0.0,0.0
t559,0.0,0.0,0.0,0.0,0.0,0.0,0.0,0.0,0.0,0.0,0.0,0.0,0.0,0.0,0.0,0.0,0.0,0.0
t560,0.0,0.0,0.0,0.0,0.0,0.0,0.0,0.0,0.0,0.0,0.0,0.0,0.0,0.0,0.0,0.0,0.0,0.0
t561,972.1875000000001,92.30769225,1296.0000000000002,254.117647,0.0,1528.536065752463,1275.80838375,1559.9999999999998,1197.129691231592,0.0,557.9800189334986,0.0,0.0,0.0,1325.5286868440348,0.0,1491.6847676011434,11551.280453362731
t562,826.2508110536749,9.230769225000005,1296.0000000000002,0.0,122.56744067692318,0.0,1054.7370470436013,1559.9999999999998,4510.809447979468,0.0,557.9800189334986,0.0,0.0,0.0,1325.5286868440348,4609.529547288089,3356.290727102567,19228.924496146858
t563,430.10133422090877,92.30769225,1296.0000000000002,112.94117644444447,3535.9999999999995,6920.0,1275.80838375,1559.9999999999998,4510.809447979468,0.0,0.0,0.0,0.0,0.0,1325.5286868440348,4609.529547288089,3356.290727102567,29025.31699587951
t564,972.1875000000001,92.30769225,582.4446295699996,254.117647,2343.9694281344127,6920.0,1275.80838375,1559.9999999999998,2430.313194211656,0.0,0.0,0.0,0.0,0.0,1325.5286868440348,1885.8817545519828,0.0,19642.558916312082
t565,483.3518020938374,19.919028327631604,0.0,0.0,3535.9999999999995,6920.0,623.9581947327143,693.3333333333329,4510.809447979468,0.0,557.9800189334986,0.0,0.0,0.0,0.0,1451.5637109045717,0.0,18796.915536305056
t566,972.1875000000001,92.30769225,1296.0000000000002,0.0,2507.200487420001,6920.0,0.0,0.0,2730.294985577131,0.0,557.9800189334986,0.0,0.0,0.0,0.0,4609.529547288089,3356.290727102567,23041.790958571284
t567,0.0,92.30769225,1296.0000000000002,254.117647,2012.024273554217,1708.782683105153,1275.80838375,1559.9999999999998,2469.538280247533,0.0,0.0,0.0,0.0,0.0,0.0,0.0,3356.290727102567,14024.86968700947
t568,972.1875000000001,92.30769225,930.3946709077791,0.0,1657.793925770001,1366.772872450402,1275.80838375,1136.2962962962963,2268.079075257702,0.0,247.99111952599924,0.0,0.0,0.0,589.1238608195707,3320.7638806262416,0.0,13857.519277653993
t569,0.0,0.0,0.0,254.117647,0.0,0.0,0.0,0.0,0.0,0.0,0.0,0.0,0.0,0.0,0.0,0.0,0.0,254.117647
t570,0.0,0.0,0.0,0.0,0.0,0.0,0.0,0.0,0.0,0.0,0.0,0.0,0.0,0.0,0.0,0.0,0.0,0.0
t571,0.0,0.0,0.0,0.0,0.0,0.0,0.0,0.0,0.0,0.0,0.0,0.0,0.0,0.0,0.0,0.0,0.0,0.0
t572,0.0,0.0,0.0,0.0,0.0,0.0,0.0,0.0,0.0,0.0,0.0,0.0,0.0,0.0,0.0,0.0,0.0,0.0
t573,0.0,0.0,0.0,0.0,0.0,0.0,0.0,0.0,0.0,0.0,0.0,0.0,0.0,0.0,0.0,0.0,0.0,0.0
t574,0.0,0.0,0.0,0.0,0.0,0.0,0.0,0.0,0.0,0.0,0.0,0.0,0.0,0.0,0.0,0.0,0.0,0.0
t575,0.0,0.0,0.0,0.0,0.0,0.0,0.0,0.0,0.0,0.0,0.0,0.0,0.0,0.0,0.0,0.0,0.0,0.0
t576,0.0,0.0,0.0,0.0,0.0,0.0,0.0,0.0,0.0,0.0,0.0,0.0,0.0,0.0,0.0,0.0,0.0,0.0
t577,0.0,0.0,0.0,0.0,0.0,0.0,0.0,0.0,0.0,0.0,0.0,0.0,0.0,0.0,0.0,0.0,0.0,0.0
t578,0.0,0.0,0.0,0.0,0.0,0.0,0.0,0.0,0.0,0.0,0.0,0.0,0.0,0.0,0.0,0.0,0.0,0.0
t579,0.0,0.0,0.0,0.0,0.0,0.0,0.0,0.0,0.0,0.0,0.0,0.0,0.0,0.0,0.0,0.0,0.0,0.0
t580,0.0,0.0,0.0,0.0,0.0,0.0,0.0,0.0,0.0,0.0,0.0,0.0,0.0,0.0,0.0,0.0,0.0,0.0
t581,0.0,0.0,0.0,0.0,0.0,0.0,0.0,0.0,0.0,0.0,0.0,0.0,0.0,0.0,0.0,0.0,0.0,0.0
t582,0.0,0.0,0.0,0.0,0.0,0.0,0.0,0.0,0.0,0.0,0.0,0.0,0.0,0.0,0.0,0.0,0.0,0.0
t583,0.0,0.0,0.0,0.0,0.0,0.0,0.0,0.0,0.0,0.0,0.0,0.0,0.0,0.0,0.0,0.0,0.0,0.0
t584,0.0,0.0,0.0,0.0,0.0,0.0,0.0,0.0,0.0,0.0,0.0,0.0,0.0,0.0,0.0,0.0,0.0,0.0
t585,972.1875000000001,92.30769225,1296.0000000000002,0.0,0.0,0.0,1275.80838375,1559.9999999999998,797.6504745553825,0.0,557.9800189334986,0.0,0.0,0.0,1325.5286868440348,0.0,0.0,7877.462756332916
t586,487.6458697929621,92.30769225,1296.0000000000002,0.0,217.2748948599537,6920.0,1275.80838375,1559.9999999999998,4510.809447979468,0.0,0.0,0.0,0.0,0.0,1325.5286868440348,65.30960868976487,0.0,17750.68458416618
t587,797.9034153200602,92.30769225,0.0,254.117647,2190.1984575045844,6920.0,0.0,1559.9999999999998,4510.809447979468,0.0,557.9800189334986,0.0,0.0,0.0,0.0,4609.529547288089,3356.290727102567,24849.13695337827
t588,972.1875000000001,92.30769225,278.487799536842,0.0,3535.9999999999995,4063.5376292305,920.9138168109556,1559.9999999999998,2447.610045764383,0.0,557.9800189334986,0.0,0.0,0.0,0.0,4609.529547288089,3356.290727102567,22394.844776916834
t589,454.154662255399,29.1497975526316,744.6700952000001,254.117647,3535.9999999999995,4895.6244537140765,757.78142496536,477.03157894736813,4510.809447979468,0.0,0.0,0.0,0.0,0.0,1325.5286868440348,4371.526791853684,3356.290727102567,24712.685313414586
t590,972.1875000000001,0.0,1296.0000000000002,112.94117644444447,3535.9999999999995,6920.0,1275.80838375,1419.6000000000001,1051.9874590212055,0.0,0.0,0.0,0.0,0.0,1325.5286868440348,4177.578484479044,3356.290727102567,25443.922417641297
t591,972.1875000000001,92.30769225,1296.0000000000002,254.117647,2152.598100893692,1036.3934726109817,1275.80838375,155.99999999999991,4510.809447979468,0.0,557.9800189334986,0.0,0.0,0.0,0.0,3397.717139730001,1491.6847676011407,17193.604170748782
t592,0.0,92.30769225,1296.0000000000002,0.0,547.4841022973238,0.0,1275.80838375,1559.9999999999998,0.0,0.0,247.99111952599924,0.0,0.0,0.0,589.1238608195713,0.0,0.0,5608.715158642895
t593,0.0,0.0,0.0,254.117647,0.0,0.0,0.0,0.0,0.0,0.0,0.0,0.0,0.0,0.0,0.0,0.0,0.0,254.117647
t594,0.0,0.0,0.0,0.0,0.0,0.0,0.0,0.0,0.0,0.0,0.0,0.0,0.0,0.0,0.0,0.0,0.0,0.0
t595,0.0,0.0,0.0,0.0,0.0,0.0,0.0,0.0,0.0,0.0,0.0,0.0,0.0,0.0,0.0,0.0,0.0,0.0
t596,0.0,0.0,0.0,0.0,0.0,0.0,0.0,0.0,0.0,0.0,0.0,0.0,0.0,0.0,0.0,0.0,0.0,0.0
t597,0.0,0.0,0.0,0.0,0.0,0.0,0.0,0.0,0.0,0.0,0.0,0.0,0.0,0.0,0.0,0.0,0.0,0.0
t598,0.0,0.0,0.0,0.0,0.0,0.0,0.0,0.0,0.0,0.0,0.0,0.0,0.0,0.0,0.0,0.0,0.0,0.0
t599,0.0,0.0,0.0,0.0,0.0,0.0,0.0,0.0,0.0,0.0,0.0,0.0,0.0,0.0,0.0,0.0,0.0,0.0
t600,0.0,0.0,0.0,0.0,0.0,0.0,0.0,0.0,0.0,0.0,0.0,0.0,0.0,0.0,0.0,0.0,0.0,0.0
t601,0.0,0.0,0.0,0.0,0.0,0.0,0.0,0.0,0.0,0.0,0.0,0.0,0.0,0.0,0.0,0.0,0.0,0.0
t602,0.0,0.0,0.0,0.0,0.0,0.0,0.0,0.0,0.0,0.0,0.0,0.0,0.0,0.0,0.0,0.0,0.0,0.0
t603,0.0,0.0,0.0,0.0,0.0,0.0,0.0,0.0,0.0,0.0,0.0,0.0,0.0,0.0,0.0,0.0,0.0,0.0
t604,0.0,0.0,0.0,0.0,0.0,0.0,0.0,0.0,0.0,0.0,0.0,0.0,0.0,0.0,0.0,0.0,0.0,0.0
t605,0.0,0.0,0.0,0.0,0.0,0.0,0.0,0.0,0.0,0.0,0.0,0.0,0.0,0.0,0.0,0.0,0.0,0.0
t606,0.0,0.0,0.0,0.0,0.0,0.0,0.0,0.0,0.0,0.0,0.0,0.0,0.0,0.0,0.0,0.0,0.0,0.0
t607,0.0,0.0,0.0,0.0,0.0,0.0,0.0,0.0,0.0,0.0,0.0,0.0,0.0,0.0,0.0,0.0,0.0,0.0
t608,972.1875000000001,92.30769225,1296.0000000000002,254.117647,0.0,0.0,0.0,380.234909370084,0.0,0.0,0.0,0.0,0.0,0.0,0.0,0.0,0.0,2994.8477486200845
t609,972.1875000000001,92.30769225,0.0,254.117647,0.0,6920.0,1275.80838375,1217.7885815669242,982.1569362940346,0.0,0.0,0.0,0.0,0.0,0.0,3428.023364823905,1328.654734527247,16471.04484021211
t610,972.1875000000001,9.716599184210532,841.2036829399997,0.0,2068.443907180968,0.0,738.6259063815788,463.99027658976786,3626.868205314837,0.0,0.0,0.0,0.0,0.0,1325.5286868440348,3111.5080399244307,3356.290727102567,16514.363531462393
t611,0.0,0.0,1296.0000000000002,0.0,0.0,2420.3610341792805,0.0,1559.9999999999998,4510.809447979468,0.0,0.0,0.0,0.0,0.0,1325.5286868440348,4609.529547288089,3356.290727102567,19078.519443393438
t612,972.1875000000001,92.30769225,1296.0000000000002,254.117647,2977.610626083474,6920.0,1275.80838375,1559.9999999999998,4280.654615999986,0.0,557.9800189334986,0.0,0.0,0.0,1325.5286868440348,0.0,0.0,21512.195170860996
t613,543.9075706586008,68.01619428947372,1165.9148351231586,0.0,3535.9999999999995,6920.0,940.0693353947366,929.6888163522149,4510.809447979468,0.0,557.9800189334986,0.0,0.0,0.0,0.0,0.0,0.0,19172.386218731153
t614,274.7766398677149,92.30769225,514.7497952,0.0,3535.9999999999995,6920.0,1275.80838375,1559.9999999999998,1608.372726191993,0.0,0.0,0.0,0.0,0.0,1325.5286868440348,2750.7153550406383,3356.290727102567,23214.55000624695
t615,972.1875000000001,92.30769225,868.0557831111122,112.94117644444447,3535.9999999999995,0.0,1275.80838375,1559.9999999999998,1766.2551386424182,0.0,557.9800189334986,0.0,0.0,0.0,0.0,3557.80640558,3356.290727102567,17655.632825814042
t616,972.1875000000001,92.30769225,475.49357432098697,0.0,61.50102229111376,5654.793372288185,1275.80838375,0.0,3049.5047881522773,0.0,247.99111952599895,0.0,0.0,0.0,589.1238608195713,3029.2152752899997,163.0300330738938,15610.956621762027
t617,0.0,0.0,0.0,254.117647,0.0,0.0,0.0,0.0,0.0,0.0,557.9800189334986,0.0,0.0,0.0,0.0,0.0,0.0,812.0976659334987
t618,0.0,0.0,0.0,0.0,0.0,0.0,0.0,0.0,0.0,0.0,0.0,0.0,0.0,0.0,0.0,0.0,0.0,0.0
t619,0.0,0.0,0.0,0.0,0.0,0.0,0.0,0.0,0.0,0.0,0.0,0.0,0.0,0.0,0.0,0.0,0.0,0.0
t620,0.0,0.0,0.0,0.0,0.0,0.0,0.0,0.0,0.0,0.0,0.0,0.0,0.0,0.0,0.0,0.0,0.0,0.0
t621,0.0,0.0,0.0,0.0,0.0,0.0,0.0,0.0,0.0,0.0,0.0,0.0,0.0,0.0,0.0,0.0,0.0,0.0
t622,0.0,0.0,0.0,0.0,0.0,0.0,0.0,0.0,0.0,0.0,0.0,0.0,0.0,0.0,0.0,0.0,0.0,0.0
t623,0.0,0.0,0.0,0.0,0.0,0.0,0.0,0.0,0.0,0.0,0.0,0.0,0.0,0.0,0.0,0.0,0.0,0.0
t624,0.0,0.0,0.0,0.0,0.0,0.0,0.0,0.0,0.0,0.0,0.0,0.0,0.0,0.0,0.0,0.0,0.0,0.0
t625,0.0,0.0,0.0,0.0,0.0,0.0,0.0,0.0,0.0,0.0,0.0,0.0,0.0,0.0,0.0,0.0,0.0,0.0
t626,0.0,0.0,0.0,0.0,0.0,0.0,0.0,0.0,0.0,0.0,0.0,0.0,0.0,0.0,0.0,0.0,0.0,0.0
t627,0.0,0.0,0.0,0.0,0.0,0.0,0.0,0.0,0.0,0.0,0.0,0.0,0.0,0.0,0.0,0.0,0.0,0.0
t628,0.0,0.0,0.0,115.76736691538159,0.0,0.0,0.0,0.0,0.0,0.0,0.0,0.0,0.0,0.0,0.0,0.0,0.0,115.76736691538159
t629,0.0,0.0,0.0,205.82804371469976,0.0,0.0,0.0,0.0,0.0,0.0,0.0,0.0,0.0,0.0,0.0,0.0,0.0,205.82804371469976
t630,0.0,0.0,0.0,0.0,0.0,0.0,0.0,0.0,0.0,0.0,0.0,0.0,0.0,0.0,0.0,0.0,0.0,0.0
t631,0.0,0.0,0.0,0.0,0.0,0.0,0.0,0.0,0.0,0.0,0.0,0.0,0.0,0.0,0.0,0.0,0.0,0.0
t632,0.0,0.0,0.0,254.117647,0.0,0.0,0.0,0.0,0.0,0.0,0.0,0.0,0.0,0.0,0.0,0.0,0.0,254.117647
t633,972.1875000000001,92.30769225,1296.0000000000002,254.117647,0.0,0.0,0.0,0.0,0.0,0.0,557.9800189334986,0.0,0.0,0.0,1325.5286868440348,2113.00685706,1491.6847676011407,8102.813169688674
t634,972.1875000000001,92.30769225,0.0,0.0,3535.9999999999995,3383.274344040802,1275.80838375,1559.9999999999998,4510.809447979468,0.0,557.9800189334986,0.0,0.0,0.0,0.0,4263.480060929044,0.0,20151.847447882814
t635,195.77327259175746,92.30769225,1296.0000000000002,0.0,0.0,0.0,1275.80838375,1559.9999999999998,4510.809447979468,0.0,0.0,0.0,0.0,0.0,0.0,703.64369584,3356.290727102567,12990.633219513793
t636,972.1875000000001,29.149797552631615,1039.6993304869782,0.0,3535.9999999999995,6920.0,1275.80838375,1075.578947368421,3768.3793789722004,0.0,0.0,0.0,0.0,0.0,0.0,4609.529547288089,0.0,23226.33288541832
t637,757.9086103467174,0.0,1279.4585642498641,112.94117644444447,3535.9999999999995,6920.0,1275.80838375,1559.9999999999998,3366.8848895235355,0.0,0.0,0.0,0.0,0.0,1325.5286868440348,2425.92235071,3356.290727102567,25916.74338897116
t638,325.5121960088937,92.30769225,0.0,0.0,1571.555555555554,6612.281211514751,0.0,1559.9999999999998,4510.809447979468,0.0,557.9800189334986,0.0,0.0,0.0,589.1238608195713,1969.33935328,3356.290727102567,21145.200063444303
t639,972.1875000000001,92.30769225,1296.0000000000002,0.0,3535.9999999999995,6920.0,0.0,155.99999999999991,1476.2989646559374,0.0,557.9800189334986,0.0,0.0,0.0,1325.5286868440348,3807.805904200001,3356.290727102567,23496.399493986042
t640,972.1875000000001,92.30769225,1296.0000000000002,254.117647,0.0,0.0,567.0259483333328,1559.9999999999998,993.3037224757472,0.0,247.99111952599932,0.0,0.0,0.0,1325.5286868440348,978.569647927755,0.0,8287.031964356871
t641,0.0,0.0,0.0,0.0,0.0,0.0,0.0,0.0,0.0,0.0,0.0,0.0,0.0,0.0,0.0,0.0,0.0,0.0
t642,0.0,0.0,0.0,254.117647,0.0,0.0,0.0,0.0,0.0,0.0,0.0,0.0,0.0,0.0,0.0,0.0,0.0,254.117647
t643,0.0,0.0,0.0,0.0,0.0,0.0,0.0,0.0,0.0,0.0,0.0,0.0,0.0,0.0,0.0,0.0,0.0,0.0
t644,0.0,0.0,0.0,0.0,0.0,0.0,0.0,0.0,0.0,0.0,0.0,0.0,0.0,0.0,0.0,0.0,0.0,0.0
t645,0.0,0.0,0.0,0.0,0.0,0.0,0.0,0.0,0.0,0.0,0.0,0.0,0.0,0.0,0.0,0.0,0.0,0.0
t646,0.0,0.0,0.0,0.0,0.0,0.0,0.0,0.0,0.0,0.0,0.0,0.0,0.0,0.0,0.0,0.0,0.0,0.0
t647,0.0,0.0,0.0,0.0,0.0,0.0,0.0,0.0,0.0,0.0,0.0,0.0,0.0,0.0,0.0,0.0,0.0,0.0
t648,0.0,0.0,0.0,0.0,0.0,0.0,0.0,0.0,0.0,0.0,0.0,0.0,0.0,0.0,0.0,0.0,0.0,0.0
t649,0.0,0.0,0.0,0.0,0.0,0.0,0.0,0.0,0.0,0.0,0.0,0.0,0.0,0.0,0.0,0.0,0.0,0.0
t650,0.0,0.0,0.0,0.0,0.0,0.0,0.0,0.0,0.0,0.0,0.0,0.0,0.0,0.0,0.0,0.0,0.0,0.0
t651,0.0,0.0,0.0,0.0,0.0,0.0,0.0,0.0,0.0,0.0,0.0,0.0,0.0,0.0,0.0,0.0,0.0,0.0
t652,0.0,0.0,0.0,0.0,0.0,0.0,0.0,0.0,0.0,0.0,0.0,0.0,0.0,0.0,0.0,0.0,0.0,0.0
t653,0.0,0.0,0.0,0.0,0.0,0.0,0.0,0.0,0.0,0.0,0.0,0.0,0.0,0.0,0.0,0.0,0.0,0.0
t654,0.0,0.0,0.0,0.0,0.0,0.0,0.0,0.0,0.0,0.0,0.0,0.0,0.0,0.0,0.0,0.0,0.0,0.0
t655,0.0,0.0,0.0,0.0,0.0,0.0,0.0,0.0,0.0,0.0,0.0,0.0,0.0,0.0,0.0,0.0,0.0,0.0
t656,21.1786367815239,92.30769225,1296.0000000000002,254.117647,0.0,0.0,0.0,0.0,0.0,0.0,557.9800189334986,0.0,0.0,0.0,1325.5286868440348,0.0,1491.6847676011407,5038.797449410198
t657,972.1875000000001,53.441295513157904,0.0,254.117647,0.0,5128.117552583527,1275.80838375,1559.9999999999998,0.0,0.0,557.9800189334986,0.0,0.0,0.0,1325.5286868440348,2530.4362663300003,0.0,13657.617350954217
t658,78.15797689662851,0.0,666.21821830473,0.0,3535.9999999999995,6920.0,799.2345115109554,1559.9999999999998,4510.809447979468,0.0,0.0,0.0,0.0,0.0,1325.5286868440348,4609.529547288089,0.0,24005.478388823907
t659,972.1875000000001,92.30769225,159.78538522101303,0.0,1496.8111967851435,3722.1169211503066,279.7339365208021,185.40684453678224,3288.6496710425254,0.0,411.14317184573565,0.0,0.0,0.0,0.0,4609.529547288089,3356.290727102567,18573.962593742966
t660,972.1875000000001,92.30769225,1296.0000000000002,112.94117644444447,3025.119,4188.77295817462,1275.80838375,1559.9999999999998,3947.5877195287794,0.0,557.9800189334986,0.0,0.0,0.0,0.0,0.0,0.0,17028.704449081342
t661,497.22014993406094,24.291497960526346,879.2595543689939,0.0,807.2372610329138,6920.0,1106.3462501236027,307.2247344105859,4510.809447979468,0.0,557.9800189334986,0.0,0.0,0.0,0.0,3693.303873182794,0.0,19303.672787926444
t662,693.7839662727993,92.30769225,1296.0000000000002,0.0,3535.9999999999995,5240.504687154142,1275.80838375,1559.9999999999998,0.0,0.0,0.0,0.0,0.0,0.0,1325.5286868440348,0.0,3356.290727102567,18376.22414337354
t663,972.1875000000001,92.30769225,1296.0000000000002,0.0,3535.9999999999995,3536.8460527943353,769.1889273709556,1559.9999999999998,4415.987624990382,0.0,0.0,0.0,0.0,0.0,0.0,4609.529547288089,3356.290727102567,24144.33807179633
t664,972.1875000000001,92.30769225,1296.0000000000002,254.117647,2810.346696589815,3759.0599413396258,1275.8083837500003,1559.9999999999998,105.35758109898472,0.0,0.0,0.0,0.0,0.0,0.0,434.46920656999976,3356.290727102567,15915.945375700992
t665,0.0,0.0,0.0,0.0,0.0,0.0,0.0,0.0,0.0,0.0,0.0,0.0,0.0,0.0,981.2544177844383,0.0,0.0,981.2544177844383
t666,0.0,0.0,0.0,254.117647,0.0,0.0,0.0,0.0,0.0,0.0,0.0,0.0,0.0,0.0,0.0,0.0,0.0,254.117647
t667,0.0,0.0,0.0,0.0,0.0,0.0,0.0,0.0,0.0,0.0,0.0,0.0,0.0,0.0,0.0,0.0,0.0,0.0
t668,0.0,0.0,0.0,0.0,0.0,0.0,0.0,0.0,0.0,0.0,0.0,0.0,0.0,0.0,0.0,0.0,0.0,0.0
t669,0.0,0.0,0.0,0.0,0.0,0.0,0.0,0.0,0.0,0.0,0.0,0.0,0.0,0.0,0.0,0.0,0.0,0.0
t670,0.0,0.0,0.0,0.0,0.0,0.0,0.0,0.0,0.0,0.0,0.0,0.0,0.0,0.0,0.0,0.0,0.0,0.0
t671,0.0,0.0,0.0,0.0,0.0,0.0,0.0,0.0,0.0,0.0,0.0,0.0,0.0,0.0,0.0,0.0,0.0,0.0
t672,0.0,0.0,0.0,254.117647,0.0,0.0,0.0,0.0,0.0,0.0,0.0,0.0,0.0,0.0,0.0,0.0,0.0,254.117647
t673,0.0,0.0,0.0,0.0,0.0,0.0,0.0,0.0,0.0,0.0,0.0,0.0,0.0,0.0,0.0,0.0,0.0,0.0
t674,0.0,0.0,0.0,0.0,0.0,0.0,0.0,0.0,0.0,0.0,0.0,0.0,0.0,0.0,0.0,0.0,0.0,0.0
t675,0.0,0.0,0.0,0.0,0.0,0.0,0.0,0.0,0.0,0.0,0.0,0.0,0.0,0.0,0.0,0.0,0.0,0.0
t676,0.0,0.0,0.0,0.0,0.0,0.0,0.0,0.0,0.0,0.0,0.0,0.0,0.0,0.0,0.0,0.0,0.0,0.0
t677,0.0,0.0,0.0,0.0,0.0,0.0,0.0,0.0,0.0,0.0,0.0,0.0,0.0,0.0,0.0,0.0,0.0,0.0
t678,0.0,0.0,0.0,0.0,0.0,0.0,0.0,0.0,0.0,0.0,0.0,0.0,0.0,0.0,0.0,0.0,0.0,0.0
t679,0.0,0.0,0.0,0.0,0.0,0.0,0.0,0.0,0.0,0.0,0.0,0.0,0.0,0.0,0.0,0.0,0.0,0.0
t680,972.1875000000001,0.0,555.9324853132962,0.0,0.0,0.0,0.0,0.0,1834.9176334439978,0.0,557.9800189334986,0.0,0.0,0.0,0.0,603.9572955989381,0.0,4524.974933289731
t681,972.1875000000001,92.30769225,1086.0456973399996,0.0,0.0,0.0,1275.80838375,1559.9999999999998,2859.3835778798693,0.0,0.0,0.0,0.0,0.0,0.0,4065.9679812490444,0.0,11911.700832468914
t682,972.1875000000001,9.230769225000005,544.6103787052818,0.0,672.5612896990594,3346.3614813695744,1019.8618660000968,1559.9999999999998,4510.809447979468,0.0,557.9800189334986,0.0,0.0,0.0,589.1238608195713,3438.224264266593,1717.6103005055427,18938.561177503685
t683,972.1875000000001,92.30769225,1296.0000000000002,0.0,2786.639653755994,6920.0,1275.80838375,1559.9999999999998,4510.809447979468,0.0,557.9800189334986,0.0,0.0,0.0,0.0,2328.506070865639,3356.290727102567,25656.529494637165
t684,0.0,92.30769225,1296.0000000000002,0.0,3535.9999999999995,6920.0,810.1610917359554,1559.9999999999998,2865.7332489781043,0.0,557.9800189334986,0.0,0.0,0.0,1325.5286868440348,4609.529547288089,3356.290727102567,26929.531013132255
t685,647.7255219683857,61.191318017631524,1296.0000000000002,0.0,3535.9999999999995,6920.0,1275.80838375,477.03157894736813,4510.809447979468,0.0,0.0,0.0,0.0,0.0,1325.5286868440348,4306.362917369045,0.0,24356.457854875935
t686,170.95868855793017,92.30769225,425.1653782799996,0.0,3535.9999999999995,0.0,814.5822740850002,1419.6000000000001,976.5189929131097,0.0,0.0,0.0,0.0,0.0,1325.5286868440348,0.0,3356.290727102567,12116.95244003264
t687,972.1875000000001,51.03540256000009,1296.0000000000002,0.0,1648.3546121005015,3783.8983385913807,309.89839370526295,155.99999999999966,1518.4287255963707,0.0,0.0,0.0,0.0,0.0,0.0,4609.529547288089,3130.3651941981648,17475.69771403977
t688,972.1875000000001,92.30769225,0.0,0.0,0.0,2865.295735594601,1275.80838375,1559.9999999999998,123.411545048846,0.0,247.99111952599924,0.0,0.0,0.0,1325.5286868440348,0.0,0.0,8462.530663013482
t689,0.0,0.0,0.0,0.0,0.0,0.0,0.0,0.0,0.0,0.0,0.0,0.0,0.0,0.0,0.0,0.0,0.0,0.0
t690,0.0,0.0,0.0,0.0,0.0,0.0,0.0,0.0,0.0,0.0,0.0,0.0,0.0,0.0,0.0,0.0,0.0,0.0
t691,0.0,0.0,0.0,0.0,0.0,0.0,0.0,0.0,0.0,0.0,0.0,0.0,0.0,0.0,0.0,0.0,0.0,0.0
t692,0.0,0.0,0.0,0.0,0.0,0.0,0.0,0.0,0.0,0.0,0.0,0.0,0.0,0.0,0.0,0.0,0.0,0.0
t693,0.0,0.0,0.0,0.0,0.0,0.0,0.0,0.0,0.0,0.0,0.0,0.0,0.0,0.0,0.0,0.0,0.0,0.0
t694,0.0,0.0,0.0,0.0,0.0,0.0,0.0,0.0,0.0,0.0,0.0,0.0,0.0,0.0,0.0,0.0,0.0,0.0
t695,0.0,0.0,0.0,0.0,0.0,0.0,0.0,0.0,0.0,0.0,0.0,0.0,0.0,0.0,0.0,0.0,0.0,0.0
t696,0.0,0.0,0.0,0.0,0.0,0.0,0.0,0.0,0.0,0.0,0.0,0.0,0.0,0.0,0.0,0.0,0.0,0.0
t697,0.0,0.0,0.0,0.0,0.0,0.0,0.0,0.0,0.0,0.0,0.0,0.0,0.0,0.0,0.0,0.0,0.0,0.0
t698,0.0,0.0,0.0,0.0,0.0,0.0,0.0,0.0,0.0,0.0,0.0,0.0,0.0,0.0,0.0,0.0,0.0,0.0
t699,0.0,0.0,0.0,0.0,0.0,0.0,0.0,0.0,0.0,0.0,0.0,0.0,0.0,0.0,0.0,0.0,0.0,0.0
t700,0.0,0.0,0.0,0.0,0.0,0.0,0.0,0.0,0.0,0.0,0.0,0.0,0.0,0.0,0.0,0.0,0.0,0.0
t701,0.0,0.0,0.0,0.0,0.0,0.0,0.0,0.0,0.0,0.0,0.0,0.0,0.0,0.0,0.0,0.0,0.0,0.0
t702,0.0,0.0,0.0,0.0,0.0,0.0,0.0,0.0,0.0,0.0,0.0,0.0,0.0,0.0,0.0,0.0,0.0,0.0
t703,0.0,0.0,0.0,0.0,0.0,0.0,0.0,0.0,0.0,0.0,0.0,0.0,0.0,0.0,0.0,0.0,0.0,0.0
t704,972.1875000000001,0.0,1056.9599539797214,0.0,0.0,0.0,0.0,0.0,0.0,0.0,557.9800189334986,0.0,0.0,0.0,0.0,0.0,1088.2450200000444,3675.3724929132645
t705,972.1875000000001,92.30769225,344.7360414182509,0.0,0.0,498.4353699290563,1275.80838375,1559.9999999999998,2351.396701538989,0.0,557.9800189334986,0.0,0.0,0.0,0.0,2583.5929293100003,0.0,10236.444637129795
t706,540.9022359167212,9.230769225000005,987.4789998703027,0.0,2948.1345365493157,6920.0,632.9834906259181,1559.9999999999998,4510.809447979468,0.0,0.0,0.0,0.0,0.0,0.0,4609.529547288089,0.0,22719.069027454818
t707,0.0,83.9999999475,405.52746296999965,0.0,3535.9999999999995,6920.0,1275.80838375,1559.9999999999998,3874.4347293439873,0.0,0.0,0.0,0.0,0.0,1325.5286868440348,3557.8785584890447,3356.290727102567,25895.468548447134
t708,972.1875000000001,92.30769225,1296.0000000000002,0.0,3535.9999999999995,6920.0,0.0,78.8311245077995,4510.809447979468,0.0,0.0,0.0,0.0,0.0,1325.5286868440348,3467.31752756,3356.290727102567,25555.27270624387
t709,972.1875000000001,28.22672063013161,983.9960639100009,0.0,3043.2398456812575,6920.0,1045.7117511503975,1152.7478228606217,2016.093987486855,0.0,557.9800189334986,0.0,0.0,0.0,589.1238608195713,3954.421353473647,0.0,21263.728924945983
t710,972.1875000000001,92.30769225,1296.0000000000002,0.0,2412.211007344981,2577.120185626499,1275.80838375,1559.9999999999998,3491.580697397178,0.0,557.9800189334986,0.0,0.0,0.0,0.0,0.0,3356.290727102567,17591.48621240472
t711,478.4077797313656,92.30769225,829.147513219999,0.0,239.97016598000022,0.0,1275.80838375,1559.9999999999998,1132.4763895358774,0.0,0.0,0.0,0.0,0.0,1325.5286868440348,4210.457163619045,2516.7111400241756,13660.814914954497
t712,548.6441336318154,92.30769225,1296.0000000000002,0.0,0.0,0.0,1275.80838375,0.0,0.0,0.0,247.9911195259993,0.0,0.0,0.0,1325.5286868440348,443.4137596322713,1243.0193346794877,6472.71311031361
t713,0.0,0.0,0.0,0.0,0.0,0.0,0.0,0.0,0.0,0.0,0.0,0.0,0.0,0.0,0.0,0.0,0.0,0.0
t714,0.0,0.0,0.0,0.0,0.0,0.0,0.0,0.0,0.0,0.0,0.0,0.0,0.0,0.0,0.0,0.0,0.0,0.0
t715,0.0,0.0,0.0,0.0,0.0,0.0,0.0,0.0,0.0,0.0,0.0,0.0,0.0,0.0,0.0,0.0,0.0,0.0
t716,0.0,0.0,0.0,0.0,0.0,0.0,0.0,0.0,0.0,0.0,0.0,0.0,0.0,0.0,0.0,0.0,0.0,0.0
t717,0.0,0.0,0.0,0.0,0.0,0.0,0.0,0.0,0.0,0.0,0.0,0.0,0.0,0.0,0.0,0.0,0.0,0.0
t718,0.0,0.0,0.0,0.0,0.0,0.0,0.0,0.0,0.0,0.0,0.0,0.0,0.0,0.0,0.0,0.0,0.0,0.0
t719,0.0,0.0,0.0,0.0,0.0,0.0,0.0,0.0,0.0,0.0,0.0,0.0,0.0,0.0,0.0,0.0,0.0,0.0
t720,0.0,0.0,0.0,0.0,0.0,0.0,0.0,0.0,0.0,0.0,0.0,0.0,0.0,0.0,0.0,0.0,0.0,0.0
t721,0.0,0.0,0.0,0.0,0.0,0.0,0.0,0.0,0.0,0.0,0.0,0.0,0.0,0.0,0.0,0.0,0.0,0.0
t722,0.0,0.0,0.0,0.0,0.0,0.0,0.0,0.0,0.0,0.0,0.0,0.0,0.0,0.0,0.0,0.0,0.0,0.0
t723,0.0,0.0,0.0,0.0,0.0,0.0,0.0,0.0,0.0,0.0,0.0,0.0,0.0,0.0,0.0,0.0,0.0,0.0
t724,0.0,0.0,0.0,0.0,0.0,0.0,0.0,0.0,0.0,0.0,0.0,0.0,0.0,0.0,0.0,0.0,0.0,0.0
t725,0.0,0.0,0.0,0.0,0.0,0.0,0.0,0.0,0.0,0.0,0.0,0.0,0.0,0.0,0.0,0.0,0.0,0.0
t726,0.0,0.0,0.0,0.0,0.0,0.0,0.0,0.0,0.0,0.0,0.0,0.0,0.0,0.0,0.0,0.0,0.0,0.0
t727,0.0,0.0,0.0,0.0,0.0,0.0,0.0,0.0,0.0,0.0,0.0,0.0,0.0,0.0,0.0,0.0,0.0,0.0
t728,972.1875000000001,0.0,0.0,0.0,0.0,2181.0317056516124,0.0,0.0,0.0,0.0,557.9800189334986,0.0,0.0,0.0,1325.5286868440348,0.0,0.0,5036.727911429146
t729,972.1875000000001,92.30769225,1296.0000000000002,0.0,0.0,0.0,1275.80838375,1559.9999999999998,3288.108067811068,0.0,0.0,0.0,0.0,0.0,0.0,4162.18118917,2637.251640700806,15283.844473681875
t730,590.5674081617433,92.30769225,1296.0000000000002,0.0,575.4050475203564,3257.6497609844487,1011.6462869395591,1559.9999999999998,4510.809447979468,0.0,248.2408161699978,0.0,0.0,0.0,0.0,3988.674181810882,1641.8633831765349,18773.164024992995
t731,972.1875000000001,92.30769225,1296.0000000000002,0.0,3244.4388137636133,3211.9806124316156,599.901145165704,1295.4047994026587,4510.809447979468,0.0,541.4188900967487,0.0,0.0,0.0,589.1238608195713,4609.529547288089,3356.290727102567,24319.39303630004
t732,972.1875000000001,92.30769225,1296.0000000000002,0.0,3535.9999999999995,6920.0,1275.80838375,1559.9999999999998,3902.928668064639,0.0,0.0,0.0,0.0,0.0,1325.5286868440348,2595.7451888900005,0.0,23476.506119798672
t733,0.0,19.919028327631583,575.9999999999998,0.0,3535.9999999999995,6920.0,1275.80838375,0.0,4510.809447979468,0.0,557.9800189334986,0.0,0.0,0.0,0.0,322.0645902500008,2548.804424226896,20267.385893467494
t734,972.1875000000001,92.30769225,536.9986688100745,0.0,3290.4685028052595,6920.0,1275.80838375,1559.9999999999998,0.0,0.0,0.0,0.0,0.0,0.0,1325.5286868440348,199.07374325000004,0.0,16172.373177709369
t735,373.55908276965346,9.230769225000031,843.3348124332505,0.0,1533.2431914663225,1344.8934764878748,0.0,1425.256534594386,0.0,0.0,557.9800189334986,0.0,0.0,0.0,1325.5286868440348,4609.529547288089,3356.290727102567,15378.846847144678
t736,665.1426858114962,92.30769225,502.9613195186111,0.0,0.0,0.0,0.0,149.7149615617932,0.0,0.0,34.712686455806846,0.0,0.0,0.0,0.0,0.0,1376.3467737020392,2821.1861192997467
t737,0.0,0.0,0.0,0.0,0.0,0.0,0.0,0.0,0.0,0.0,0.0,0.0,0.0,0.0,0.0,0.0,0.0,0.0
t738,0.0,0.0,0.0,0.0,0.0,0.0,0.0,0.0,0.0,0.0,0.0,0.0,0.0,0.0,0.0,0.0,0.0,0.0
t739,0.0,0.0,0.0,0.0,0.0,0.0,0.0,0.0,0.0,0.0,0.0,0.0,0.0,0.0,0.0,0.0,0.0,0.0
t740,0.0,0.0,0.0,0.0,0.0,0.0,0.0,0.0,0.0,0.0,0.0,0.0,0.0,0.0,0.0,0.0,0.0,0.0
t741,0.0,0.0,0.0,0.0,0.0,0.0,0.0,0.0,0.0,0.0,0.0,0.0,0.0,0.0,0.0,0.0,0.0,0.0
t742,0.0,0.0,0.0,0.0,0.0,0.0,0.0,0.0,0.0,0.0,0.0,0.0,0.0,0.0,0.0,0.0,0.0,0.0
t743,0.0,0.0,0.0,0.0,0.0,0.0,0.0,0.0,0.0,0.0,0.0,0.0,0.0,0.0,0.0,0.0,0.0,0.0
t744,0.0,0.0,0.0,0.0,0.0,0.0,0.0,0.0,0.0,0.0,0.0,0.0,0.0,0.0,0.0,0.0,0.0,0.0
t745,0.0,0.0,0.0,0.0,0.0,0.0,0.0,0.0,0.0,0.0,0.0,0.0,0.0,0.0,0.0,0.0,0.0,0.0
t746,0.0,0.0,0.0,0.0,0.0,0.0,0.0,0.0,0.0,0.0,0.0,0.0,0.0,0.0,0.0,0.0,0.0,0.0
t747,0.0,0.0,0.0,0.0,0.0,0.0,0.0,0.0,0.0,0.0,0.0,0.0,0.0,0.0,0.0,0.0,0.0,0.0
t748,0.0,0.0,0.0,0.0,0.0,0.0,0.0,0.0,0.0,0.0,0.0,0.0,0.0,0.0,0.0,0.0,0.0,0.0
t749,0.0,0.0,0.0,0.0,0.0,0.0,0.0,0.0,0.0,0.0,0.0,0.0,0.0,0.0,0.0,0.0,0.0,0.0
t750,0.0,0.0,0.0,0.0,0.0,0.0,0.0,0.0,0.0,0.0,0.0,0.0,0.0,0.0,0.0,0.0,0.0,0.0
t751,0.0,0.0,0.0,0.0,0.0,0.0,0.0,0.0,0.0,0.0,0.0,0.0,0.0,0.0,0.0,0.0,0.0,0.0
t752,0.0,0.0,0.0,0.0,0.0,0.0,0.0,0.0,0.0,0.0,0.0,0.0,0.0,0.0,0.0,0.0,0.0,0.0
t753,972.1875000000001,17.777412870000063,0.0,0.0,0.0,776.1375785625371,1275.80838375,1559.9999999999998,2205.5003661373885,0.0,557.9800189334986,0.0,0.0,0.0,100.92128429572621,1400.0215218700002,1302.0829411678596,10168.41700758701
t754,972.1875000000001,49.81521287000007,858.5327646805011,0.0,0.0,1177.2721117858125,0.0,1559.9999999999998,2598.6237658466107,0.0,312.4132963994989,0.0,0.0,0.0,1325.5286868440348,4140.7623387,1959.3870666549071,14954.522743781365
t755,972.1875000000001,92.30769225,1296.0000000000002,0.0,3232.403469348419,6920.0,56.92930621191117,1559.9999999999998,2540.2878247985473,0.0,177.88873042999975,0.0,0.0,0.0,0.0,4609.529547288089,0.0,21457.53407032697
t756,0.0,0.0,1296.0000000000002,0.0,3535.9999999999995,6920.0,510.0966421214216,0.0,3967.1880208376947,0.0,315.66911163000043,0.0,0.0,0.0,488.2025765238449,1831.8887966985785,3356.290727102567,22221.335874914104
t757,0.0,92.30769225,931.1321604899997,0.0,3535.9999999999995,6920.0,1275.80838375,693.3333333333329,4049.52499482442,0.0,0.0,0.0,0.0,0.0,1325.5286868440348,1471.5639604700007,1586.5054868809407,21881.70469884273
t758,0.0,92.30769225,1054.168589662998,0.0,2316.5608385805335,3812.9649634727907,1275.80838375,1559.9999999999998,3004.9767852087793,0.0,557.9800189334986,0.0,0.0,0.0,1325.5286868440348,4072.5944085100004,0.0,19072.890367212636
t759,972.1875000000001,0.0,324.1664851665014,0.0,1974.6974369793477,3890.218866247434,1275.80838375,0.0,1681.9402333664138,0.0,557.9800189334986,0.0,0.0,0.0,1325.5286868440348,1312.6626325903917,3356.290727102567,16671.480970980185
t760,432.0833333333334,65.7407075099999,0.0,0.0,1119.893810647255,338.9620354869831,0.0,0.0,0.0,0.0,0.0,0.0,0.0,0.0,0.0,1647.7747818200003,3356.290727102567,6960.745395900139
t761,0.0,0.0,0.0,0.0,0.0,0.0,0.0,0.0,0.0,0.0,0.0,0.0,0.0,0.0,0.0,0.0,0.0,0.0
t762,0.0,0.0,0.0,0.0,0.0,0.0,0.0,0.0,0.0,0.0,0.0,0.0,0.0,0.0,0.0,0.0,0.0,0.0
t763,0.0,0.0,0.0,0.0,0.0,0.0,0.0,0.0,0.0,0.0,0.0,0.0,0.0,0.0,0.0,0.0,0.0,0.0
t764,0.0,0.0,0.0,0.0,0.0,0.0,0.0,0.0,0.0,0.0,0.0,0.0,0.0,0.0,0.0,0.0,0.0,0.0
t765,0.0,0.0,0.0,0.0,0.0,0.0,0.0,0.0,0.0,0.0,0.0,0.0,0.0,0.0,0.0,0.0,0.0,0.0
t766,0.0,0.0,0.0,0.0,0.0,0.0,0.0,0.0,0.0,0.0,0.0,0.0,0.0,0.0,0.0,0.0,0.0,0.0
t767,0.0,0.0,0.0,0.0,0.0,0.0,0.0,0.0,0.0,0.0,0.0,0.0,0.0,0.0,0.0,0.0,0.0,0.0
t768,0.0,0.0,0.0,0.0,0.0,0.0,0.0,0.0,0.0,0.0,0.0,0.0,0.0,0.0,0.0,0.0,0.0,0.0
t769,0.0,0.0,0.0,0.0,0.0,0.0,0.0,0.0,0.0,0.0,0.0,0.0,0.0,0.0,0.0,0.0,0.0,0.0
t770,0.0,0.0,0.0,0.0,0.0,0.0,0.0,0.0,0.0,0.0,0.0,0.0,0.0,0.0,0.0,0.0,0.0,0.0
t771,0.0,0.0,0.0,0.0,0.0,0.0,0.0,0.0,0.0,0.0,0.0,0.0,0.0,0.0,0.0,0.0,0.0,0.0
t772,0.0,0.0,0.0,0.0,0.0,0.0,0.0,0.0,0.0,0.0,0.0,0.0,0.0,0.0,0.0,0.0,0.0,0.0
t773,0.0,0.0,0.0,0.0,0.0,0.0,0.0,0.0,0.0,0.0,0.0,0.0,0.0,0.0,0.0,0.0,0.0,0.0
t774,0.0,0.0,0.0,0.0,0.0,0.0,0.0,0.0,0.0,0.0,0.0,0.0,0.0,0.0,0.0,0.0,0.0,0.0
t775,0.0,0.0,0.0,0.0,0.0,0.0,0.0,0.0,0.0,0.0,0.0,0.0,0.0,0.0,0.0,0.0,0.0,0.0
t776,712.2474685232829,0.0,0.0,0.0,0.0,0.0,0.0,0.0,0.0,0.0,0.0,0.0,0.0,0.0,0.0,0.0,1266.3570020007046,1978.6044705239874
t777,0.0,92.30769225,0.0,0.0,0.0,0.0,1145.583303553159,693.3333333333329,2078.858943854657,0.0,49.51875256950029,0.0,0.0,0.0,1325.5286868440348,0.0,3356.290727102567,8741.42143950725
t778,972.1875000000001,92.30769225,344.13562536999984,0.0,1228.0473525139034,981.8031222894996,1275.80838375,1559.9999999999998,3828.826149322006,0.0,0.0,0.0,0.0,0.0,1325.5286868440348,3042.7680395499997,1509.990997198812,16161.403549088256
t779,0.0,92.30769225,1296.0000000000002,0.0,3535.9999999999995,1139.4099228928187,1275.80838375,0.0,3501.0492307408317,0.0,557.9800189334986,0.0,0.0,0.0,1325.5286868440348,3546.0885708499995,3356.290727102567,19626.46323336375
t780,0.0,9.857328129999958,884.0117612599987,0.0,3535.9999999999995,6920.0,0.0,1559.9999999999998,4510.809447979468,0.0,0.0,0.0,0.0,0.0,0.0,2718.9666374400003,1989.6592004973713,22129.304375306838
t781,692.0233648100505,92.30769225,1296.0000000000002,0.0,3535.9999999999995,6920.0,0.0,1559.9999999999998,3476.3483544599108,0.0,557.9800189334986,0.0,0.0,0.0,0.0,3525.5302831559534,2237.803496300849,23893.993209910263
t782,0.0,31.168312870000104,1296.0000000000002,0.0,3535.9999999999995,6920.0,0.0,1559.9999999999998,1407.43710534432,0.0,208.35052399999876,0.0,0.0,0.0,1325.5286868440348,4609.529547288089,1200.455525808538,22094.46970215498
t783,972.1875000000001,0.0,643.8526133700012,0.0,0.0,6920.0,1275.80838375,0.0,757.8969080522744,0.0,548.1018618899986,0.0,0.0,0.0,0.0,2199.075524357274,0.0,13316.922791419547
t784,972.1875000000001,0.0,0.0,0.0,343.5082030416517,954.3425103732359,697.2510285301743,0.0,486.81585126638714,0.0,557.9800189334986,0.0,0.0,0.0,589.1238608195713,844.8393853057468,0.0,5446.048358270266
t785,0.0,0.0,0.0,0.0,0.0,0.0,0.0,0.0,0.0,0.0,0.0,0.0,0.0,0.0,0.0,0.0,0.0,0.0
t786,0.0,0.0,0.0,0.0,0.0,0.0,0.0,0.0,0.0,0.0,0.0,0.0,0.0,0.0,0.0,0.0,0.0,0.0
t787,0.0,0.0,0.0,0.0,0.0,0.0,0.0,0.0,0.0,0.0,0.0,0.0,0.0,0.0,0.0,0.0,0.0,0.0
t788,0.0,0.0,0.0,0.0,0.0,0.0,0.0,0.0,0.0,0.0,0.0,0.0,0.0,0.0,0.0,0.0,0.0,0.0
t789,0.0,0.0,0.0,0.0,0.0,0.0,0.0,0.0,0.0,0.0,0.0,0.0,0.0,0.0,0.0,0.0,0.0,0.0
t790,0.0,0.0,0.0,0.0,0.0,0.0,0.0,0.0,0.0,0.0,0.0,0.0,0.0,0.0,0.0,0.0,0.0,0.0
t791,0.0,0.0,0.0,0.0,0.0,0.0,0.0,0.0,0.0,0.0,0.0,0.0,0.0,0.0,0.0,0.0,0.0,0.0
t792,0.0,0.0,0.0,0.0,0.0,0.0,0.0,0.0,0.0,0.0,0.0,0.0,0.0,0.0,0.0,0.0,0.0,0.0
t793,0.0,0.0,0.0,0.0,0.0,0.0,0.0,0.0,0.0,0.0,0.0,0.0,0.0,0.0,0.0,0.0,0.0,0.0
t794,0.0,0.0,0.0,0.0,0.0,0.0,0.0,0.0,0.0,0.0,0.0,0.0,0.0,0.0,0.0,0.0,0.0,0.0
t795,0.0,0.0,0.0,0.0,0.0,0.0,0.0,0.0,0.0,0.0,0.0,0.0,0.0,0.0,0.0,0.0,0.0,0.0
t796,0.0,0.0,0.0,0.0,0.0,0.0,0.0,0.0,0.0,0.0,0.0,0.0,0.0,0.0,0.0,0.0,0.0,0.0
t797,0.0,0.0,0.0,0.0,0.0,0.0,0.0,0.0,0.0,0.0,0.0,0.0,0.0,0.0,0.0,0.0,0.0,0.0
t798,0.0,0.0,0.0,0.0,0.0,0.0,0.0,0.0,0.0,0.0,0.0,0.0,0.0,0.0,0.0,0.0,0.0,0.0
t799,0.0,0.0,0.0,0.0,0.0,0.0,0.0,0.0,0.0,0.0,0.0,0.0,0.0,0.0,0.0,0.0,0.0,0.0
t800,972.1875000000001,92.30769225,1296.0000000000002,0.0,0.0,0.0,0.0,1559.9999999999998,1048.4963603986018,0.0,0.0,0.0,0.0,0.0,1325.5286868440348,266.7934967800003,0.0,6561.313736272637
t801,972.1875000000001,92.30769225,1296.0000000000002,0.0,1571.5555555555557,1981.816822110503,1275.80838375,1559.9999999999998,3567.162723620726,0.0,0.0,0.0,0.0,0.0,0.0,4369.415400186089,3356.290727102567,20042.54480457544
t802,972.1875000000001,92.30769225,864.5717600982366,0.0,0.0,6920.0,738.625906381579,1559.9999999999998,3162.8981214121004,0.0,85.2846746960001,0.0,0.0,0.0,589.1238608195713,4609.529547288089,0.0,19594.529062945578
t803,972.1875000000001,0.0,1183.3766604182504,0.0,3535.9999999999995,6920.0,0.0,1559.9999999999998,3452.3519195592207,0.0,557.9800189334986,0.0,0.0,0.0,0.0,4609.529547288089,3356.290727102567,26147.716373301628
t804,206.08157998258136,92.30769225,0.0,112.94117644444447,3535.9999999999995,6920.0,1275.80838375,0.0,4510.809447979468,0.0,557.9800189334986,0.0,0.0,0.0,1325.5286868440348,795.9551150413522,0.0,19333.41210122538
t805,655.0076907761244,29.149797552631576,1296.0000000000002,254.117647,3535.9999999999995,5524.267938445309,940.0693353947366,492.6315789473681,4510.809447979468,0.0,162.70644482999907,0.0,0.0,0.0,0.0,4223.481951254308,839.7995398811897,22464.041372061136
t806,418.10480818866256,92.30769225,953.3147373782502,254.117647,0.0,0.0,1275.80838375,1559.9999999999998,2020.074250935815,0.0,557.9800189334986,0.0,0.0,0.0,0.0,707.3409250899996,3356.290727102567,11195.339190628792
t807,972.1875000000001,92.30769225000003,1296.0000000000002,254.117647,3535.9999999999995,2456.9699223682173,1275.80838375,1559.9999999999998,0.0,0.0,0.0,0.0,0.0,0.0,1325.5286868440348,1600.48727517,804.6853902600443,15174.092497642298
t808,0.0,0.0,0.0,254.117647,0.0,1583.314274358966,1275.80838375,0.0,0.0,0.0,557.9800189334986,0.0,0.0,0.0,1325.5286868440348,0.0,3203.490564562473,8200.239575448973
t809,0.0,0.0,0.0,0.0,0.0,0.0,0.0,0.0,0.0,0.0,0.0,0.0,0.0,0.0,0.0,0.0,0.0,0.0
t810,0.0,0.0,0.0,0.0,0.0,0.0,0.0,0.0,0.0,0.0,0.0,0.0,0.0,0.0,0.0,0.0,0.0,0.0
t811,0.0,0.0,0.0,0.0,0.0,0.0,0.0,0.0,0.0,0.0,0.0,0.0,0.0,0.0,0.0,0.0,0.0,0.0
t812,0.0,0.0,0.0,0.0,0.0,0.0,0.0,0.0,0.0,0.0,0.0,0.0,0.0,0.0,0.0,0.0,0.0,0.0
t813,0.0,0.0,0.0,0.0,0.0,0.0,0.0,0.0,0.0,0.0,0.0,0.0,0.0,0.0,0.0,0.0,0.0,0.0
t814,0.0,0.0,0.0,0.0,0.0,0.0,0.0,0.0,0.0,0.0,0.0,0.0,0.0,0.0,0.0,0.0,0.0,0.0
t815,0.0,0.0,0.0,0.0,0.0,0.0,0.0,0.0,0.0,0.0,0.0,0.0,0.0,0.0,0.0,0.0,0.0,0.0
t816,0.0,0.0,0.0,0.0,0.0,0.0,0.0,0.0,0.0,0.0,0.0,0.0,0.0,0.0,0.0,0.0,0.0,0.0
t817,0.0,0.0,0.0,0.0,0.0,0.0,0.0,0.0,0.0,0.0,0.0,0.0,0.0,0.0,0.0,0.0,0.0,0.0
t818,0.0,0.0,0.0,0.0,0.0,0.0,0.0,0.0,0.0,0.0,0.0,0.0,0.0,0.0,0.0,0.0,0.0,0.0
t819,0.0,0.0,0.0,0.0,0.0,0.0,0.0,0.0,0.0,0.0,0.0,0.0,0.0,0.0,0.0,0.0,0.0,0.0
t820,0.0,0.0,0.0,0.0,0.0,0.0,0.0,0.0,0.0,0.0,0.0,0.0,0.0,0.0,0.0,0.0,0.0,0.0
t821,0.0,0.0,0.0,0.0,0.0,0.0,0.0,0.0,0.0,0.0,0.0,0.0,0.0,0.0,0.0,0.0,0.0,0.0
t822,0.0,0.0,0.0,0.0,0.0,0.0,0.0,0.0,0.0,0.0,0.0,0.0,0.0,0.0,0.0,0.0,0.0,0.0
t823,0.0,0.0,0.0,0.0,0.0,0.0,0.0,0.0,0.0,0.0,0.0,0.0,0.0,0.0,0.0,0.0,0.0,0.0
t824,972.1875000000001,0.0,436.52299126146767,0.0,0.0,0.0,0.0,0.0,2571.395185296409,0.0,0.0,0.0,0.0,0.0,1325.5286868440348,980.3471370599999,2491.3150932122267,8777.296593674138
t825,972.1875000000001,92.30769225,1296.0000000000002,0.0,0.0,3989.442154738202,0.0,693.3333333333329,0.0,0.0,290.5969363335258,0.0,0.0,0.0,1325.5286868440348,3258.350047418955,1644.7406723820181,13562.487023300071
t826,0.0,0.0,1296.0000000000002,0.0,2459.5158725964143,4477.793480190002,1275.80838375,1559.9999999999998,4225.707143223438,0.0,261.59658714999966,0.0,0.0,0.0,0.0,2261.4122259300007,2607.769140575436,20425.602833415287
t827,171.19220290209202,92.30769225,97.06167179776583,0.0,3535.9999999999995,5487.063382049173,1275.80838375,1559.9999999999998,4510.809447979468,0.0,557.9800189334986,0.0,0.0,0.0,1325.5286868440348,1930.7447421099998,597.3290494886404,21141.825278104672
t828,972.1875000000001,58.408620379999974,1296.0000000000002,0.0,3535.9999999999995,6920.0,0.0,0.0,4141.7352834944495,0.0,253.77761497597228,0.0,0.0,0.0,1325.5286868440348,4406.334196919999,2391.8110590413057,25301.782961655765
t829,972.1875000000001,0.0,1267.6944349507673,0.0,3535.9999999999995,6920.0,567.0259483333328,0.0,2759.108671351594,0.0,557.9800189334986,0.0,0.0,0.0,589.1238608195713,3899.3974867666675,84.19691240630318,21152.71483356173
t830,0.0,92.30769225,0.0,0.0,2648.039682959139,2961.2565385781804,1275.80838375,1559.9999999999998,1839.286259674498,0.0,557.9800189334986,0.0,0.0,0.0,0.0,2912.67672515,3134.5285260773794,16981.883827372694
t831,260.8911304312415,74.92471287000002,70.72090198999904,0.0,0.0,0.0,1275.80838375,1559.9999999999998,0.0,0.0,0.0,0.0,0.0,0.0,0.0,837.535426591437,1965.1572228280977,6045.037778460775
t832,0.0,0.0,0.0,0.0,0.0,0.0,0.0,0.0,0.0,0.0,0.0,0.0,0.0,0.0,0.0,0.0,0.0,0.0
t833,0.0,0.0,0.0,0.0,0.0,0.0,0.0,0.0,0.0,0.0,0.0,0.0,0.0,0.0,0.0,0.0,0.0,0.0
t834,0.0,0.0,0.0,0.0,0.0,0.0,0.0,0.0,0.0,0.0,0.0,0.0,0.0,0.0,0.0,0.0,0.0,0.0
t835,0.0,0.0,0.0,0.0,0.0,0.0,0.0,0.0,0.0,0.0,0.0,0.0,0.0,0.0,0.0,0.0,0.0,0.0
t836,0.0,0.0,0.0,0.0,0.0,0.0,0.0,0.0,0.0,0.0,0.0,0.0,0.0,0.0,0.0,0.0,0.0,0.0
t837,0.0,0.0,0.0,0.0,0.0,0.0,0.0,0.0,0.0,0.0,0.0,0.0,0.0,0.0,0.0,0.0,0.0,0.0
t838,0.0,0.0,0.0,0.0,0.0,0.0,0.0,0.0,0.0,0.0,0.0,0.0,0.0,0.0,0.0,0.0,0.0,0.0
t839,0.0,0.0,0.0,0.0,0.0,0.0,0.0,0.0,0.0,0.0,0.0,0.0,0.0,0.0,0.0,0.0,0.0,0.0
t840,0.0,0.0,0.0,0.0,0.0,0.0,0.0,0.0,0.0,0.0,0.0,0.0,0.0,0.0,0.0,0.0,0.0,0.0
t841,0.0,0.0,0.0,0.0,0.0,0.0,0.0,0.0,0.0,0.0,0.0,0.0,0.0,0.0,0.0,0.0,0.0,0.0
t842,0.0,0.0,0.0,0.0,0.0,0.0,0.0,0.0,0.0,0.0,0.0,0.0,0.0,0.0,0.0,0.0,0.0,0.0
t843,0.0,0.0,0.0,0.0,0.0,0.0,0.0,0.0,0.0,0.0,0.0,0.0,0.0,0.0,0.0,0.0,0.0,0.0
t844,0.0,0.0,0.0,0.0,0.0,0.0,0.0,0.0,0.0,0.0,0.0,0.0,0.0,0.0,0.0,0.0,0.0,0.0
t845,0.0,0.0,0.0,0.0,0.0,0.0,0.0,0.0,0.0,0.0,0.0,0.0,0.0,0.0,0.0,0.0,0.0,0.0
t846,0.0,0.0,0.0,0.0,0.0,0.0,0.0,0.0,0.0,0.0,0.0,0.0,0.0,0.0,0.0,0.0,0.0,0.0
t847,0.0,0.0,0.0,0.0,0.0,0.0,0.0,0.0,0.0,0.0,0.0,0.0,0.0,0.0,0.0,0.0,0.0,0.0
t848,648.1250000000002,92.30769225,0.0,0.0,0.0,0.0,0.0,0.0,1894.5805851271778,0.0,0.0,0.0,0.0,0.0,1325.5286868440348,0.0,0.0,3960.5419642212128
t849,972.1875000000001,92.30769225,1296.0000000000002,0.0,0.0,2446.7607740588282,1275.80838375,1559.9999999999998,2805.686921365008,0.0,557.9800189334986,0.0,0.0,0.0,1325.5286868440348,3206.1645820100002,2384.9467495799513,17923.37130879132
t850,0.0,0.0,885.5698840850002,0.0,3172.5671966066493,6920.0,624.0950894844327,1261.8680338357217,4510.809447979468,0.0,0.0,0.0,0.0,0.0,0.0,4609.529547288089,1784.9190030786108,23769.358202357973
t851,972.1875000000001,92.30769225,1287.937262,0.0,2933.7968408770826,0.0,1275.80838375,51.81617669059357,4510.809447979468,0.0,0.0,0.0,0.0,0.0,1325.5286868440348,311.707165785966,3356.290727102567,16118.18988327971
t852,972.1875000000001,92.30769225,1129.0702525332506,0.0,534.2355909032779,6920.0,0.0,1559.9999999999998,4510.809447979468,0.0,557.9800189334986,0.0,0.0,0.0,1325.5286868440348,3021.962842510001,643.2067121026362,21267.28874405617
t853,0.0,68.50202424868422,883.6309400908025,0.0,3535.9999999999995,6215.870662496193,1054.6001522918828,1559.9999999999998,1994.7447357593414,0.0,557.9800189334986,0.0,0.0,0.0,0.0,2028.0884294662349,0.0,17899.416963286636
t854,972.1875000000001,92.30769225,1021.7844616170004,0.0,1416.278450206344,6920.0,1275.80838375,0.0,4510.809447979468,0.0,247.99111952599924,0.0,0.0,0.0,0.0,4244.130749659044,3356.290727102567,24057.588532090427
t855,972.1875000000001,9.230769224999998,669.3485326450002,0.0,3261.8242666322003,0.0,1275.80838375,1559.9999999999998,0.0,0.0,0.0,0.0,0.0,0.0,0.0,1701.9413937300003,3356.290727102567,12806.631573084767
t856,972.1875000000001,92.30769225000003,696.2794081722232,0.0,0.0,1332.924119000533,1275.80838375,1559.9999999999998,0.0,0.0,0.0,0.0,0.0,0.0,589.1238608195713,1769.2719415299998,0.0,8287.902905522327
t857,0.0,0.0,0.0,0.0,860.8532103299995,0.0,0.0,1559.9999999999998,0.0,0.0,557.9800189334986,0.0,0.0,0.0,0.0,0.0,34.903029942509626,3013.7362592060076
t858,0.0,0.0,0.0,0.0,0.0,0.0,0.0,0.0,0.0,0.0,0.0,0.0,0.0,0.0,0.0,0.0,0.0,0.0
t859,0.0,0.0,0.0,0.0,0.0,0.0,0.0,0.0,0.0,0.0,0.0,0.0,0.0,0.0,0.0,0.0,0.0,0.0
t860,0.0,0.0,0.0,0.0,0.0,0.0,0.0,0.0,0.0,0.0,0.0,0.0,0.0,0.0,0.0,0.0,0.0,0.0
t861,0.0,0.0,0.0,0.0,0.0,0.0,0.0,0.0,0.0,0.0,0.0,0.0,0.0,0.0,0.0,0.0,0.0,0.0
t862,0.0,0.0,0.0,0.0,0.0,0.0,0.0,0.0,0.0,0.0,0.0,0.0,0.0,0.0,0.0,0.0,0.0,0.0
t863,0.0,0.0,0.0,0.0,0.0,0.0,0.0,0.0,0.0,0.0,0.0,0.0,0.0,0.0,0.0,0.0,0.0,0.0
t864,0.0,0.0,0.0,0.0,0.0,0.0,0.0,0.0,0.0,0.0,0.0,0.0,0.0,0.0,0.0,0.0,0.0,0.0
t865,0.0,0.0,0.0,0.0,0.0,0.0,0.0,0.0,0.0,0.0,0.0,0.0,0.0,0.0,0.0,0.0,0.0,0.0
t866,0.0,0.0,0.0,0.0,0.0,0.0,0.0,0.0,0.0,0.0,0.0,0.0,0.0,0.0,0.0,0.0,0.0,0.0
t867,0.0,0.0,0.0,0.0,0.0,0.0,0.0,0.0,0.0,0.0,0.0,0.0,0.0,0.0,0.0,0.0,0.0,0.0
t868,0.0,0.0,0.0,0.0,0.0,0.0,0.0,0.0,0.0,0.0,0.0,0.0,0.0,0.0,0.0,0.0,0.0,0.0
t869,0.0,0.0,0.0,0.0,0.0,0.0,0.0,0.0,0.0,0.0,0.0,0.0,0.0,0.0,0.0,0.0,0.0,0.0
t870,0.0,0.0,0.0,0.0,0.0,0.0,0.0,0.0,0.0,0.0,0.0,0.0,0.0,0.0,0.0,0.0,0.0,0.0
t871,0.0,0.0,0.0,0.0,0.0,0.0,0.0,0.0,0.0,0.0,0.0,0.0,0.0,0.0,0.0,0.0,0.0,0.0
t872,739.0158613793038,92.30769225,1296.0000000000002,0.0,0.0,2050.5421941609734,0.0,1559.9999999999998,0.0,0.0,0.0,0.0,0.0,0.0,1325.5286868440348,0.0,0.0,7063.394434634312
t873,972.1875000000001,92.30769225,865.6506783019735,0.0,0.0,5074.512025255123,1275.80838375,1559.9999999999998,3109.328940766078,0.0,349.39333517802675,0.0,0.0,0.0,0.0,3485.369824894356,3356.290727102567,20140.84910749812
t874,0.0,92.30769225,1296.0000000000002,0.0,1156.0210439036152,4921.043530300431,1262.4796658509556,1341.8693733947468,4510.809447979468,0.0,509.94739046674863,0.0,0.0,0.0,589.1238608195713,4609.529547288089,2074.139330217632,22363.270882471257
t875,972.1875000000001,0.0,185.98123826055152,0.0,2856.5904919330346,6920.0,1275.80838375,0.0,2013.7651155024532,0.0,557.9800189334986,0.0,0.0,0.0,0.0,3928.9921665040442,3356.290727102567,22067.595641986147
t876,972.1875000000001,92.30769225,1296.0000000000002,0.0,3535.9999999999995,6920.0,172.6942682709558,1559.9999999999998,3844.6759743759812,0.0,0.0,0.0,0.0,0.0,1325.5286868440348,4609.529547288089,0.0,24328.92366902906
t877,972.1875000000001,29.149797552631576,905.8094286000003,0.0,3535.9999999999995,6920.0,972.7436051494047,1559.9999999999998,2798.801368420282,0.0,0.0,0.0,0.0,0.0,0.0,4609.529547288089,0.0,22304.221247010406
t878,667.0563663365903,92.30769225,365.9393953332508,0.0,3535.9999999999995,0.0,546.5860862549998,1327.1646561666437,4510.809447979468,0.0,557.9800189334986,0.0,0.0,0.0,1325.5286868440348,0.0,3356.290727102567,16285.663077201052
t879,445.25403191011736,92.30769225000003,952.9191904000003,0.0,1094.944019718906,0.0,1275.80838375,258.7059375926179,0.0,0.0,0.0,0.0,0.0,0.0,1325.5286868440348,0.0,2773.836164486076,8219.304106951753
t880,585.4816312109805,0.0,1296.0000000000002,0.0,0.0,0.0,1275.80838375,1445.8822915637586,0.0,0.0,557.9800189334986,0.0,0.0,0.0,0.0,0.0,0.0,5161.152325458237
t881,0.0,0.0,0.0,0.0,0.0,0.0,0.0,0.0,0.0,0.0,0.0,0.0,0.0,0.0,0.0,0.0,0.0,0.0
t882,0.0,0.0,0.0,0.0,0.0,0.0,0.0,0.0,0.0,0.0,0.0,0.0,0.0,0.0,0.0,0.0,0.0,0.0
t883,0.0,0.0,0.0,0.0,0.0,0.0,0.0,0.0,0.0,0.0,0.0,0.0,0.0,0.0,0.0,0.0,0.0,0.0
t884,0.0,0.0,0.0,0.0,0.0,0.0,0.0,0.0,0.0,0.0,0.0,0.0,0.0,0.0,0.0,0.0,0.0,0.0
t885,0.0,0.0,0.0,0.0,0.0,0.0,0.0,0.0,0.0,0.0,0.0,0.0,0.0,0.0,0.0,0.0,0.0,0.0
t886,0.0,0.0,0.0,0.0,0.0,0.0,0.0,0.0,0.0,0.0,0.0,0.0,0.0,0.0,0.0,0.0,0.0,0.0
t887,0.0,0.0,0.0,0.0,0.0,0.0,0.0,0.0,0.0,0.0,0.0,0.0,0.0,0.0,0.0,0.0,0.0,0.0
t888,0.0,0.0,0.0,0.0,0.0,0.0,0.0,0.0,0.0,0.0,0.0,0.0,0.0,0.0,0.0,0.0,0.0,0.0
t889,0.0,0.0,0.0,0.0,0.0,0.0,0.0,0.0,0.0,0.0,0.0,0.0,0.0,0.0,0.0,0.0,0.0,0.0
t890,0.0,0.0,0.0,0.0,0.0,0.0,0.0,0.0,0.0,0.0,0.0,0.0,0.0,0.0,0.0,0.0,0.0,0.0
t891,0.0,0.0,0.0,0.0,0.0,0.0,0.0,0.0,0.0,0.0,0.0,0.0,0.0,0.0,0.0,0.0,0.0,0.0
t892,0.0,0.0,0.0,0.0,0.0,0.0,0.0,0.0,0.0,0.0,0.0,0.0,0.0,0.0,0.0,0.0,0.0,0.0
t893,0.0,0.0,0.0,0.0,0.0,0.0,0.0,0.0,0.0,0.0,0.0,0.0,0.0,0.0,0.0,0.0,0.0,0.0
t894,0.0,0.0,0.0,0.0,0.0,0.0,0.0,0.0,0.0,0.0,0.0,0.0,0.0,0.0,0.0,0.0,0.0,0.0
t895,0.0,0.0,0.0,0.0,0.0,0.0,0.0,0.0,0.0,0.0,0.0,0.0,0.0,0.0,0.0,0.0,0.0,0.0
t896,0.0,92.30769225,0.0,117.73518363695027,0.0,0.0,0.0,1559.9999999999998,0.0,0.0,557.9800189334986,0.0,0.0,0.0,0.0,0.0,0.0,2328.0228948204485
t897,972.1875000000001,92.30769225,0.0,0.0,0.0,0.0,1275.80838375,155.99999999999991,4510.809447979468,0.0,0.0,0.0,0.0,0.0,1325.5286868440348,221.1808678700009,0.0,8553.822578693505
t898,307.0065789473683,77.73279347368423,1296.0000000000002,0.0,938.0052594239426,3075.5555555555507,402.88685802631545,1419.6,2627.9257943896578,0.0,0.0,0.0,0.0,0.0,0.0,2251.0589931603704,3356.290727102567,15752.062560079456
t899,972.1875000000001,92.30769225,1296.0000000000002,0.0,3535.9999999999995,6920.0,1275.80838375,1559.9999999999998,4510.809447979468,0.0,557.9800189334986,0.0,0.0,0.0,1325.5286868440348,549.8206565500003,85.41774572960963,22681.860132036614
t900,972.1875000000001,0.0,1296.0000000000002,0.0,3535.9999999999995,6920.0,0.0,1559.9999999999998,2295.4764771015757,0.0,557.9800189334986,0.0,0.0,0.0,0.0,4609.529547288089,3356.290727102567,25103.464270425735
t901,0.0,92.30769225,558.0263376210132,0.0,3535.9999999999995,6920.0,1275.80838375,595.9880576944391,4510.809447979468,0.0,411.14317184573565,0.0,0.0,0.0,589.1238608195713,4609.529547288089,1406.267021871531,24505.00352111985
t902,972.1875000000001,0.0,626.3420238000003,0.0,2353.473370834394,6920.000000000004,1275.80838375,702.0961528318763,2310.5727416266354,0.0,0.0,0.0,0.0,0.0,0.0,2291.7416994855407,3356.290727102567,20808.512599431015
t903,0.0,92.30769225,966.2127214686708,0.0,3129.9954021478925,0.0,1275.80838375,1559.9999999999998,1743.119712716796,0.0,557.9800189334986,0.0,0.0,0.0,1325.5286868440348,3843.595252604152,3356.290727102567,17850.83859781761
t904,972.1875000000001,92.30769225000003,1296.0000000000002,0.0,0.0,0.0,1275.80838375,1559.9999999999998,3075.210816958525,0.0,0.0,0.0,0.0,0.0,1325.5286868440348,3182.5603967751927,0.0,12779.603476577751
t905,972.1875000000001,0.0,355.88438056622215,0.0,0.0,0.0,0.0,0.0,0.0,0.0,0.0,0.0,0.0,0.0,0.0,0.0,0.0,1328.0718805662223
t906,0.0,0.0,0.0,0.0,0.0,0.0,0.0,0.0,0.0,0.0,0.0,0.0,0.0,0.0,0.0,0.0,0.0,0.0
t907,0.0,0.0,0.0,0.0,0.0,0.0,0.0,0.0,0.0,0.0,0.0,0.0,0.0,0.0,0.0,0.0,0.0,0.0
t908,0.0,0.0,0.0,0.0,0.0,0.0,0.0,0.0,0.0,0.0,0.0,0.0,0.0,0.0,0.0,0.0,0.0,0.0
t909,0.0,0.0,0.0,0.0,0.0,0.0,0.0,0.0,0.0,0.0,0.0,0.0,0.0,0.0,0.0,0.0,0.0,0.0
t910,0.0,0.0,0.0,0.0,0.0,0.0,0.0,0.0,0.0,0.0,0.0,0.0,0.0,0.0,0.0,0.0,0.0,0.0
t911,0.0,0.0,0.0,0.0,0.0,0.0,0.0,0.0,0.0,0.0,0.0,0.0,0.0,0.0,0.0,0.0,0.0,0.0
t912,0.0,0.0,0.0,0.0,0.0,0.0,0.0,0.0,0.0,0.0,0.0,0.0,0.0,0.0,0.0,0.0,0.0,0.0
t913,0.0,0.0,0.0,0.0,0.0,0.0,0.0,0.0,0.0,0.0,0.0,0.0,0.0,0.0,0.0,0.0,0.0,0.0
t914,0.0,0.0,0.0,0.0,0.0,0.0,0.0,0.0,0.0,0.0,0.0,0.0,0.0,0.0,0.0,0.0,0.0,0.0
t915,0.0,0.0,0.0,0.0,0.0,0.0,0.0,0.0,0.0,0.0,0.0,0.0,0.0,0.0,0.0,0.0,0.0,0.0
t916,0.0,0.0,0.0,254.117647,0.0,0.0,0.0,0.0,0.0,0.0,0.0,0.0,0.0,0.0,0.0,0.0,0.0,254.117647
t917,0.0,0.0,0.0,0.0,0.0,0.0,0.0,0.0,0.0,0.0,0.0,0.0,0.0,0.0,0.0,0.0,0.0,0.0
t918,0.0,0.0,0.0,0.0,0.0,0.0,0.0,0.0,0.0,0.0,0.0,0.0,0.0,0.0,0.0,0.0,0.0,0.0
t919,0.0,0.0,0.0,0.0,0.0,0.0,0.0,0.0,0.0,0.0,0.0,0.0,0.0,0.0,0.0,0.0,0.0,0.0
t920,972.1875000000001,92.30769225,0.0,239.7264851260508,0.0,0.0,1275.80838375,405.4400061574083,960.5454608110002,0.0,557.9800189334986,0.0,0.0,0.0,1325.5286868440348,0.0,0.0,5829.524233871993
t921,972.1875000000001,60.10202425393418,1296.0000000000002,0.0,0.0,6920.0,1275.80838375,1559.9999999999998,3646.3185332495677,0.0,0.0,0.0,0.0,0.0,0.0,2600.3729885400003,0.0,18330.7894297935
t922,636.1443752004401,92.30769225,1296.0000000000002,0.0,1888.0369441889375,3649.5405583222546,423.6195627913279,1559.9999999999998,3154.684577016662,0.0,0.0,0.0,0.0,0.0,1325.5286868440348,0.0,741.8328115185652,14767.695208132222
t923,172.81796032587576,92.30769225,1296.0000000000002,0.0,3535.9999999999995,0.0,0.0,836.2555532344007,4510.809447979468,0.0,557.9800189334986,0.0,0.0,0.0,1325.5286868440348,4609.529547288089,3356.290727102567,20293.519633957934
t924,972.1875000000001,92.30769225,0.0,0.0,3535.9999999999995,6920.0,1275.80838375,1559.9999999999998,3187.250282964237,0.0,557.9800189334986,0.0,0.0,0.0,1325.5286868440348,2925.7590193,3356.290727102567,25709.112311144338
t925,972.1875000000001,16.707692297250084,575.2332479047368,0.0,3535.9999999999995,6920.0,1054.1178229459556,1024.32549648051,4510.809447979468,0.0,557.9800189334986,0.0,0.0,0.0,0.0,4609.529547288089,0.0,23776.89077382951
t926,884.6906249999998,83.99999994749989,1296.0000000000002,0.0,572.4310888820305,6920.0,1275.80838375,0.0,0.0,0.0,14.069899959997745,0.0,0.0,0.0,0.0,856.3376927500004,3356.290727102567,15259.628417392096
t927,97.21874999999999,9.230769225000055,1130.0299099900003,0.0,2647.0875224845863,0.0,872.4359527495584,1559.9999999999998,2508.790996291821,0.0,0.0,0.0,0.0,0.0,0.0,1215.141171490884,3356.290727102567,13396.225799334417
t928,972.1875000000001,92.30769225,1296.0000000000002,0.0,0.0,3059.8588213196845,1275.80838375,1559.9999999999998,2224.464946319608,0.0,0.0,0.0,0.0,0.0,589.1238608195713,3670.1280212900006,0.0,14739.879225748862
t929,0.0,0.0,0.0,0.0,0.0,0.0,0.0,0.0,0.0,0.0,233.92121956600133,0.0,0.0,0.0,0.0,0.0,749.8519560825753,983.7731756485766
t930,0.0,0.0,0.0,0.0,0.0,0.0,0.0,0.0,0.0,0.0,0.0,0.0,0.0,0.0,0.0,0.0,0.0,0.0
t931,0.0,0.0,0.0,0.0,0.0,0.0,0.0,0.0,0.0,0.0,0.0,0.0,0.0,0.0,0.0,0.0,0.0,0.0
t932,0.0,0.0,0.0,0.0,0.0,0.0,0.0,0.0,0.0,0.0,0.0,0.0,0.0,0.0,0.0,0.0,0.0,0.0
t933,0.0,0.0,0.0,0.0,0.0,0.0,0.0,0.0,0.0,0.0,0.0,0.0,0.0,0.0,0.0,0.0,0.0,0.0
t934,0.0,0.0,0.0,0.0,0.0,0.0,0.0,0.0,0.0,0.0,0.0,0.0,0.0,0.0,0.0,0.0,0.0,0.0
t935,0.0,0.0,0.0,0.0,0.0,0.0,0.0,0.0,0.0,0.0,0.0,0.0,0.0,0.0,0.0,0.0,0.0,0.0
t936,0.0,0.0,0.0,242.57765859292846,0.0,0.0,0.0,0.0,0.0,0.0,0.0,0.0,0.0,0.0,0.0,0.0,0.0,242.57765859292846
t937,0.0,0.0,0.0,0.0,0.0,0.0,0.0,0.0,0.0,0.0,0.0,0.0,0.0,0.0,0.0,0.0,0.0,0.0
t938,0.0,0.0,0.0,254.117647,0.0,0.0,0.0,0.0,0.0,0.0,0.0,0.0,0.0,0.0,0.0,0.0,0.0,254.117647
t939,0.0,0.0,0.0,0.0,0.0,0.0,0.0,0.0,0.0,0.0,0.0,0.0,0.0,0.0,0.0,0.0,0.0,0.0
t940,0.0,0.0,0.0,0.0,0.0,0.0,0.0,0.0,0.0,0.0,0.0,0.0,0.0,0.0,0.0,0.0,0.0,0.0
t941,0.0,0.0,0.0,0.0,0.0,0.0,0.0,0.0,0.0,0.0,0.0,0.0,0.0,0.0,0.0,0.0,0.0,0.0
t942,0.0,0.0,0.0,0.0,0.0,0.0,0.0,0.0,0.0,0.0,0.0,0.0,0.0,0.0,0.0,0.0,0.0,0.0
t943,0.0,0.0,0.0,0.0,0.0,0.0,0.0,0.0,0.0,0.0,0.0,0.0,0.0,0.0,0.0,0.0,0.0,0.0
t944,972.1875000000001,92.30769225,1296.0000000000002,0.0,0.0,0.0,0.0,0.0,1598.3941404040079,0.0,0.0,0.0,0.0,0.0,0.0,0.0,0.0,3958.8893326540083
t945,972.1875000000001,92.30769225,1296.0000000000002,254.117647,0.0,0.0,1275.80838375,1559.9999999999998,3072.2547216158605,0.0,557.9800189334986,0.0,0.0,0.0,1325.5286868440348,3144.4021120500006,1491.6847676011398,15042.271530044534
t946,972.1875000000001,0.0,869.89977585,0.0,0.0,0.0,127.5808383749999,571.3762946852808,4510.809447979468,0.0,0.0,0.0,0.0,0.0,0.0,3146.2079741600005,0.0,10198.06183104975
t947,0.0,92.30769225,1296.0000000000002,0.0,2029.66445574656,6920.0,1275.80838375,1559.9999999999998,4510.809447979468,0.0,0.0,0.0,0.0,0.0,0.0,0.0,3356.290727102567,21040.880706828597
t948,972.1875000000001,92.30769225,959.1296492543286,0.0,3117.683536910346,6920.0,1275.80838375,1559.9999999999998,2933.344910709316,0.0,0.0,0.0,0.0,0.0,0.0,764.6973371900008,3356.290727102567,21951.449737166557
t949,0.0,76.80971655118421,303.2531299332501,0.0,3535.9999999999995,6920.0,879.6363066907894,1516.2507876313396,4510.809447979468,0.0,557.9800189334986,0.0,0.0,0.0,589.1238608195713,2268.165475588422,0.0,21158.028744127525
t950,972.1875000000001,83.9999999475,1241.6351421782506,0.0,3535.9999999999995,6920.0,0.0,1312.7872706649116,1107.3632318239036,0.0,557.9800189334986,0.0,0.0,0.0,1325.5286868440348,4609.529547288089,3356.290727102567,25023.302124782756
t951,972.1875000000001,9.230769225000031,509.2848614332508,0.0,3496.207562898649,191.57332882196934,1275.80838375,274.6808103723196,1155.3891576769872,0.0,557.9800189334986,0.0,0.0,0.0,1325.5286868440348,4609.529547288089,3356.290727102567,17733.691354346367
t952,648.1249999999994,92.30769225,874.1279317408334,247.8540304630176,0.0,2883.9822267335867,1275.80838375,1428.1324329196445,0.0,0.0,247.99111952599924,0.0,0.0,0.0,1325.5286868440348,1944.26599438246,0.0,10968.123498609575
t953,0.0,0.0,0.0,254.117647,0.0,0.0,0.0,0.0,0.0,0.0,0.0,0.0,0.0,0.0,0.0,0.0,0.0,254.117647
t954,0.0,0.0,0.0,0.0,0.0,0.0,0.0,0.0,0.0,0.0,0.0,0.0,0.0,0.0,0.0,0.0,0.0,0.0
t955,0.0,0.0,0.0,0.0,0.0,0.0,0.0,0.0,0.0,0.0,0.0,0.0,0.0,0.0,0.0,0.0,0.0,0.0
t956,0.0,0.0,0.0,0.0,0.0,0.0,0.0,0.0,0.0,0.0,0.0,0.0,0.0,0.0,0.0,0.0,0.0,0.0
t957,0.0,0.0,0.0,0.0,0.0,0.0,0.0,0.0,0.0,0.0,0.0,0.0,0.0,0.0,0.0,0.0,0.0,0.0
t958,0.0,0.0,0.0,0.0,0.0,0.0,0.0,0.0,0.0,0.0,0.0,0.0,0.0,0.0,0.0,0.0,0.0,0.0
t959,0.0,0.0,0.0,0.0,0.0,0.0,0.0,0.0,0.0,0.0,0.0,0.0,0.0,0.0,0.0,0.0,0.0,0.0
t960,0.0,0.0,0.0,0.0,0.0,0.0,0.0,0.0,0.0,0.0,0.0,0.0,0.0,0.0,0.0,0.0,0.0,0.0
t961,0.0,0.0,0.0,254.117647,0.0,0.0,0.0,0.0,0.0,0.0,0.0,0.0,0.0,0.0,0.0,0.0,0.0,254.117647
t962,0.0,0.0,0.0,0.0,0.0,0.0,0.0,0.0,0.0,0.0,0.0,0.0,0.0,0.0,0.0,0.0,0.0,0.0
t963,0.0,0.0,0.0,0.0,0.0,0.0,0.0,0.0,0.0,0.0,0.0,0.0,0.0,0.0,0.0,0.0,0.0,0.0
t964,0.0,0.0,0.0,0.0,0.0,0.0,0.0,0.0,0.0,0.0,0.0,0.0,0.0,0.0,0.0,0.0,0.0,0.0
t965,0.0,0.0,0.0,0.0,0.0,0.0,0.0,0.0,0.0,0.0,0.0,0.0,0.0,0.0,0.0,0.0,0.0,0.0
t966,0.0,0.0,0.0,0.0,0.0,0.0,0.0,0.0,0.0,0.0,0.0,0.0,0.0,0.0,0.0,0.0,0.0,0.0
t967,0.0,0.0,0.0,0.0,0.0,0.0,0.0,0.0,0.0,0.0,0.0,0.0,0.0,0.0,0.0,0.0,0.0,0.0
t968,0.0,74.25231286999995,0.0,0.0,1335.0173446329782,0.0,1275.80838375,0.0,3165.8817607801993,0.0,557.9800189334986,0.0,0.0,0.0,589.1238608195713,2365.68107107,3356.290727102567,12720.035479958815
t969,972.1875000000001,0.0,609.161358466502,0.0,0.0,5831.359685149392,152.80171575333284,0.0,1457.2657116118398,0.0,557.9800189334986,0.0,0.0,0.0,0.0,3869.4766313066675,2139.136222745713,15589.368843966946
t970,432.0833333333334,67.76459976000011,1261.2417508940016,0.0,1034.617075912072,3659.2399188316836,1275.80838375,1559.9999999999998,2649.2141758044486,0.0,247.99111952599918,0.0,0.0,0.0,0.0,2257.2621147300006,1159.3903766947635,15604.612849236304
t971,0.0,0.0,0.0,0.0,3535.9999999999995,3390.0587247864423,0.0,1559.9999999999998,4510.809447979468,0.0,0.0,0.0,0.0,0.0,0.0,2848.87348174,802.5456871213148,16648.287341627223
t972,972.1875000000001,92.30769225,373.6642834246036,0.0,3535.9999999999995,6920.0,414.2242325800001,1559.9999999999998,2461.9767517501577,0.0,0.0,0.0,0.0,0.0,1325.5286868440348,0.0,728.8563800567731,18384.745526905568
t973,972.1875000000001,83.62411286999999,380.38848710189177,0.0,2737.921135010504,4939.206724212068,0.0,1559.9999999999998,2291.207132887211,0.0,0.0,0.0,0.0,0.0,0.0,3848.63151076,281.9660830490385,17095.132685890712
t974,0.0,92.30769225,1250.1459489765016,0.0,3535.9999999999995,6015.690502575964,1275.80838375,552.3070654606579,3383.322284481419,0.0,557.9800189334986,0.0,0.0,0.0,1325.5286868440348,653.3184526699999,0.0,18642.409035942073
t975,972.1875000000001,0.0,951.5032010465006,0.0,0.0,0.0,1275.80838375,141.02626787267505,0.0,0.0,557.9800189334986,0.0,0.0,0.0,1325.5286868440348,3269.44518311,3092.371472138671,11585.850713695381
t976,0.0,0.0,933.8949700899999,0.0,0.0,0.0,0.0,0.0,128.36472572511167,0.0,0.0,0.0,0.0,0.0,1325.5286868440348,1374.1095425603926,3356.290727102567,7118.188652322106
t977,0.0,0.0,0.0,0.0,0.0,0.0,0.0,0.0,0.0,0.0,0.0,0.0,0.0,0.0,0.0,0.0,0.0,0.0
t978,0.0,0.0,0.0,0.0,0.0,0.0,0.0,0.0,0.0,0.0,0.0,0.0,0.0,0.0,0.0,0.0,0.0,0.0
t979,0.0,0.0,0.0,0.0,0.0,0.0,0.0,0.0,0.0,0.0,0.0,0.0,0.0,0.0,0.0,0.0,0.0,0.0
t980,0.0,0.0,0.0,0.0,0.0,0.0,0.0,0.0,0.0,0.0,0.0,0.0,0.0,0.0,0.0,0.0,0.0,0.0
t981,0.0,0.0,0.0,0.0,0.0,0.0,0.0,0.0,0.0,0.0,0.0,0.0,0.0,0.0,0.0,0.0,0.0,0.0
t982,0.0,0.0,0.0,0.0,0.0,0.0,0.0,0.0,0.0,0.0,0.0,0.0,0.0,0.0,0.0,0.0,0.0,0.0
t983,0.0,0.0,0.0,0.0,0.0,0.0,0.0,0.0,0.0,0.0,0.0,0.0,0.0,0.0,0.0,0.0,0.0,0.0
t984,0.0,0.0,0.0,254.117647,0.0,0.0,0.0,0.0,0.0,0.0,0.0,0.0,0.0,0.0,0.0,0.0,0.0,254.117647
t985,0.0,0.0,0.0,0.0,0.0,0.0,0.0,0.0,0.0,0.0,0.0,0.0,0.0,0.0,0.0,0.0,0.0,0.0
t986,0.0,0.0,0.0,0.0,0.0,0.0,0.0,0.0,0.0,0.0,0.0,0.0,0.0,0.0,0.0,0.0,0.0,0.0
t987,0.0,0.0,0.0,0.0,0.0,0.0,0.0,0.0,0.0,0.0,0.0,0.0,0.0,0.0,0.0,0.0,0.0,0.0
t988,0.0,0.0,0.0,0.0,0.0,0.0,0.0,0.0,0.0,0.0,0.0,0.0,0.0,0.0,0.0,0.0,0.0,0.0
t989,0.0,0.0,0.0,0.0,0.0,0.0,0.0,0.0,0.0,0.0,0.0,0.0,0.0,0.0,0.0,0.0,0.0,0.0
t990,0.0,0.0,0.0,0.0,0.0,0.0,0.0,0.0,0.0,0.0,0.0,0.0,0.0,0.0,0.0,0.0,0.0,0.0
t991,0.0,0.0,0.0,0.0,0.0,0.0,0.0,0.0,0.0,0.0,0.0,0.0,0.0,0.0,0.0,0.0,0.0,0.0
t992,972.1875000000001,0.0,1296.0000000000002,0.0,0.0,0.0,1275.80838375,1559.9999999999998,602.6542771010061,0.0,0.0,0.0,0.0,0.0,1325.5286868440348,0.0,0.0,7032.178847695042
t993,972.1875000000001,92.30769225,1296.0000000000002,0.0,0.0,6920.0,1275.80838375,1559.9999999999998,3968.4205985885624,0.0,0.0,0.0,0.0,0.0,0.0,265.1974426300003,3356.290727102567,19706.21234432113
t994,818.6842105263161,92.30769225,1028.2127762831317,0.0,1571.5555555555557,6920.0,1215.2508566229562,1298.0842105263152,4412.6648340128795,0.0,0.0,0.0,0.0,0.0,0.0,4370.851848921088,0.0,21727.611984698244
t995,0.0,0.0,901.82905279,0.0,3535.9999999999995,6920.0,0.0,0.0,4510.809447979468,0.0,0.0,0.0,0.0,0.0,1325.5286868440348,4609.529547288089,3356.290727102567,25159.98746200416
t996,972.1875000000001,29.149797552631608,1296.0000000000002,0.0,3535.9999999999995,6011.87620633326,1275.80838375,1559.9999999999998,2522.059137215392,0.0,557.9800189334986,0.0,0.0,0.0,0.0,2287.3574971617063,0.0,20048.418540946488
t997,0.0,92.30769225,677.4672497345007,0.0,0.0,2729.1764252456883,428.43347781574846,1559.9999999999998,3683.723895979866,0.0,247.99111952599918,0.0,0.0,0.0,1325.5286868440348,4609.529547288089,2521.490859280497,17875.648953964424
t998,972.1875000000001,92.30769225,0.0,0.0,3535.9999999999995,0.0,812.3350708509553,1419.6,644.3741643846764,0.0,557.9800189334986,0.0,0.0,0.0,0.0,4609.529547288089,3356.290727102567,16000.604720809784
t999,972.1875000000001,92.30769225,1075.8593422450003,0.0,3535.9999999999995,0.0,737.285386395,155.99999999999966,3543.7459981148604,0.0,0.0,0.0,0.0,0.0,1325.5286868440348,0.0,2326.484635423211,13765.399241272105
t1000,972.1875000000001,92.30769225,1296.0000000000002,0.0,0.0,6920.0,771.6725885268289,1559.9999999999998,1074.514944294009,0.0,557.9800189334986,0.0,0.0,0.0,589.1238608195713,0.0,0.0,13833.786604823908
t1001,0.0,0.0,0.0,254.117647,0.0,0.0,560.1508835813028,0.0,0.0,0.0,557.9800189334986,0.0,0.0,0.0,0.0,0.0,0.0,1372.2485495148014
t1002,0.0,0.0,0.0,0.0,0.0,0.0,0.0,0.0,0.0,0.0,0.0,0.0,0.0,0.0,0.0,0.0,0.0,0.0
t1003,0.0,0.0,0.0,0.0,0.0,0.0,0.0,0.0,0.0,0.0,0.0,0.0,0.0,0.0,0.0,0.0,0.0,0.0
t1004,0.0,0.0,0.0,0.0,0.0,0.0,0.0,0.0,0.0,0.0,0.0,0.0,0.0,0.0,0.0,0.0,0.0,0.0
t1005,0.0,0.0,0.0,0.0,0.0,0.0,0.0,0.0,0.0,0.0,0.0,0.0,0.0,0.0,0.0,0.0,0.0,0.0
t1006,0.0,0.0,0.0,0.0,0.0,0.0,0.0,0.0,0.0,0.0,0.0,0.0,0.0,0.0,0.0,0.0,0.0,0.0
t1007,0.0,0.0,0.0,0.0,0.0,0.0,0.0,0.0,0.0,0.0,0.0,0.0,0.0,0.0,0.0,0.0,0.0,0.0
t1008,0.0,0.0,0.0,0.0,0.0,0.0,0.0,0.0,0.0,0.0,0.0,0.0,0.0,0.0,0.0,0.0,0.0,0.0
t1009,0.0,0.0,0.0,0.0,0.0,0.0,0.0,0.0,0.0,0.0,0.0,0.0,0.0,0.0,0.0,0.0,0.0,0.0
t1010,0.0,0.0,0.0,0.0,0.0,0.0,0.0,0.0,0.0,0.0,0.0,0.0,0.0,0.0,0.0,0.0,0.0,0.0
t1011,0.0,0.0,0.0,0.0,0.0,0.0,0.0,0.0,0.0,0.0,0.0,0.0,0.0,0.0,0.0,0.0,0.0,0.0
t1012,0.0,0.0,0.0,0.0,0.0,0.0,0.0,0.0,0.0,0.0,0.0,0.0,0.0,0.0,0.0,0.0,0.0,0.0
t1013,0.0,0.0,0.0,0.0,0.0,0.0,0.0,0.0,0.0,0.0,0.0,0.0,0.0,0.0,0.0,0.0,0.0,0.0
t1014,0.0,0.0,0.0,0.0,0.0,0.0,0.0,0.0,0.0,0.0,0.0,0.0,0.0,0.0,0.0,0.0,0.0,0.0
t1015,0.0,0.0,0.0,0.0,0.0,0.0,0.0,56.77869203679986,0.0,0.0,0.0,0.0,0.0,0.0,0.0,0.0,0.0,56.77869203679986
t1016,972.1875000000001,92.30769225,1296.0000000000002,0.0,0.0,4418.661821431891,1275.80838375,1559.9999999999998,517.1301580078664,0.0,0.0,0.0,0.0,0.0,0.0,0.0,2947.5179544338343,13079.613509873594
t1017,972.1875000000001,75.06524705444492,0.0,0.0,622.6225953099969,0.0,0.0,1559.9999999999998,3017.6827919027696,0.0,485.6233500894987,0.0,0.0,0.0,227.6499093227177,1687.8619991552937,2936.486193011296,11585.17958584602
t1018,110.0586654966893,0.0,0.0,0.0,2080.84801557,1065.1719026083733,1178.8400837158638,636.5546412965332,3870.616812265313,0.0,0.0,0.0,0.0,0.0,361.47395149685354,784.4352071967718,1898.472906006079,11986.472185652477
t1019,0.0,64.0514128700001,0.0,0.0,1067.4898164828571,1700.4877188373623,0.0,0.0,3717.0489344835337,0.0,0.0,0.0,0.0,0.0,1325.5286868440348,2533.7656598400004,3339.383709448016,13747.755938805803
t1020,0.0,1.2207128699998626,0.0,0.0,3535.9999999999995,3553.160983275964,0.0,1559.9999999999998,3368.4868718186,0.0,320.34778836999914,0.0,0.0,0.0,1325.5286868440348,3302.5079244599997,291.54521503811816,17258.798182676714
t1021,972.1875000000001,0.0,264.7900092065014,0.0,3535.9999999999995,3474.1992754859657,0.0,0.0,2184.1443811986,0.0,557.9800189334986,0.0,0.0,0.0,1325.5286868440348,4199.262130560001,963.3110275477319,17477.40302977633
t1022,0.0,0.0,310.6550866465012,0.0,3251.0715340792317,5195.696444739997,583.3138750950039,0.0,2549.2570044314893,0.0,557.9800189334986,0.0,0.0,0.0,0.0,3793.188772124997,0.0,16241.162736050717
t1023,972.1875000000001,0.0,0.0,0.0,962.5694375110544,557.0558806418192,0.0,1559.9999999999998,823.6750369116857,0.0,557.9800189334986,0.0,0.0,0.0,1325.5286868440348,4097.20220352,2540.1306705263296,13396.329434888423
t1024,322.02466783664454,0.0,0.0,0.0,0.0,6303.733928084314,1275.80838375,0.0,0.0,0.0,0.0,0.0,0.0,0.0,0.0,88.57409108999947,0.0,7990.141070760958
t1025,0.0,0.0,0.0,0.0,0.0,0.0,0.0,0.0,0.0,0.0,0.0,0.0,0.0,0.0,0.0,0.0,0.0,0.0
t1026,0.0,0.0,0.0,0.0,0.0,0.0,0.0,0.0,0.0,0.0,0.0,0.0,0.0,0.0,0.0,0.0,0.0,0.0
t1027,0.0,0.0,0.0,0.0,0.0,0.0,0.0,0.0,0.0,0.0,0.0,0.0,0.0,0.0,0.0,0.0,0.0,0.0
t1028,0.0,0.0,0.0,0.0,0.0,0.0,0.0,0.0,0.0,0.0,0.0,0.0,0.0,0.0,0.0,0.0,0.0,0.0
t1029,0.0,0.0,0.0,0.0,0.0,0.0,0.0,0.0,0.0,0.0,0.0,0.0,0.0,0.0,0.0,0.0,0.0,0.0
t1030,0.0,0.0,0.0,0.0,0.0,0.0,0.0,0.0,0.0,0.0,0.0,0.0,0.0,0.0,0.0,0.0,0.0,0.0
t1031,0.0,0.0,0.0,0.0,0.0,0.0,0.0,0.0,0.0,0.0,0.0,0.0,0.0,0.0,0.0,0.0,0.0,0.0
t1032,0.0,0.0,0.0,0.0,0.0,0.0,0.0,0.0,0.0,0.0,0.0,0.0,0.0,0.0,0.0,0.0,0.0,0.0
t1033,0.0,0.0,0.0,0.0,0.0,0.0,0.0,0.0,0.0,0.0,0.0,0.0,0.0,0.0,0.0,0.0,0.0,0.0
t1034,0.0,0.0,0.0,0.0,0.0,0.0,0.0,0.0,0.0,0.0,0.0,0.0,0.0,0.0,0.0,0.0,0.0,0.0
t1035,0.0,0.0,0.0,0.0,0.0,0.0,0.0,0.0,0.0,0.0,0.0,0.0,0.0,0.0,0.0,0.0,0.0,0.0
t1036,0.0,0.0,0.0,0.0,0.0,0.0,0.0,0.0,0.0,0.0,0.0,0.0,0.0,0.0,0.0,0.0,0.0,0.0
t1037,0.0,0.0,0.0,0.0,0.0,0.0,0.0,0.0,0.0,0.0,0.0,0.0,0.0,0.0,0.0,0.0,0.0,0.0
t1038,0.0,0.0,0.0,0.0,0.0,0.0,0.0,0.0,0.0,0.0,0.0,0.0,0.0,0.0,0.0,0.0,0.0,0.0
t1039,0.0,0.0,0.0,0.0,0.0,0.0,0.0,0.0,0.0,0.0,0.0,0.0,0.0,0.0,0.0,0.0,0.0,0.0
t1040,943.9877306308588,25.179512870000142,0.0,0.0,0.0,0.0,971.0398968830445,1559.9999999999998,2726.2093512982324,0.0,0.0,0.0,0.0,0.0,0.0,0.0,0.0,6226.4164916821355
t1041,972.1875000000001,92.30769225,0.0,0.0,0.0,1289.4268458199995,1275.80838375,1559.9999999999998,2793.435934108435,0.0,462.3500111900002,0.0,0.0,0.0,0.0,732.7023139300004,3356.290727102567,12534.509408151001
t1042,972.1875000000001,92.30769225,1151.1239845476996,0.0,1731.1865099467082,5293.119256591103,871.794435200288,1559.9999999999998,2781.6902819348966,0.0,0.0,0.0,0.0,0.0,589.1238608195713,1772.9163182797122,3356.290727102567,20171.740566672546
t1043,0.0,52.359912870000024,287.4373035565012,0.0,3535.9999999999995,6920.0,0.0,0.0,3595.999430326366,0.0,557.9800189334986,0.0,0.0,0.0,1325.5286868440348,4329.09650116,3356.290727102567,23960.692580792966
t1044,0.0,55.79390750999987,1296.0000000000002,0.0,3535.9999999999995,5031.995934159991,0.0,1559.9999999999998,3076.4417854358508,0.0,557.9800189334986,0.0,0.0,0.0,1325.5286868440348,4577.576840839999,0.0,21017.317173723375
t1045,972.1875000000001,0.0,1296.0000000000002,0.0,3535.9999999999995,6920.0,0.0,0.0,1714.1285044314898,0.0,0.0,0.0,0.0,0.0,0.0,4544.569408699999,817.4416928403064,19800.327105971795
t1046,0.0,0.0,458.0267609999996,0.0,2743.822035912031,5301.013518984463,0.0,0.0,2016.4867854358497,0.0,0.0,0.0,0.0,0.0,1325.5286868440348,2547.0359857286,0.0,14391.913773904978
t1047,0.0,92.30769225,294.5378313452978,0.0,484.1191384768153,0.0,1275.80838375,0.0,1343.6499180487392,0.0,557.9800189334986,0.0,0.0,0.0,1325.5286868440348,1829.31979953,3356.290727102567,10559.542196280952
t1048,460.28310270247437,0.0,976.8741195505024,0.0,148.42787122000112,0.0,1275.80838375,693.3333333333329,0.0,0.0,343.6211272694978,0.0,0.0,0.0,0.0,153.5808197787484,674.2430747608328,4726.1718323653895
t1049,0.0,0.0,0.0,0.0,0.0,0.0,0.0,0.0,0.0,0.0,0.0,0.0,0.0,0.0,0.0,0.0,0.0,0.0
t1050,0.0,0.0,0.0,0.0,0.0,0.0,0.0,0.0,0.0,0.0,0.0,0.0,0.0,0.0,0.0,0.0,0.0,0.0
t1051,0.0,0.0,0.0,0.0,0.0,0.0,0.0,0.0,0.0,0.0,0.0,0.0,0.0,0.0,0.0,0.0,0.0,0.0
t1052,0.0,0.0,0.0,0.0,0.0,0.0,0.0,0.0,0.0,0.0,0.0,0.0,0.0,0.0,0.0,0.0,0.0,0.0
t1053,0.0,0.0,0.0,0.0,0.0,0.0,0.0,0.0,0.0,0.0,0.0,0.0,0.0,0.0,0.0,0.0,0.0,0.0
t1054,0.0,0.0,0.0,0.0,0.0,0.0,0.0,0.0,0.0,0.0,0.0,0.0,0.0,0.0,0.0,0.0,0.0,0.0
t1055,0.0,0.0,0.0,0.0,0.0,0.0,0.0,0.0,0.0,0.0,0.0,0.0,0.0,0.0,0.0,0.0,0.0,0.0
t1056,0.0,0.0,0.0,0.0,0.0,0.0,0.0,0.0,0.0,0.0,0.0,0.0,0.0,0.0,0.0,0.0,0.0,0.0
t1057,0.0,0.0,0.0,0.0,0.0,0.0,0.0,0.0,0.0,0.0,0.0,0.0,0.0,0.0,0.0,0.0,0.0,0.0
t1058,0.0,0.0,0.0,0.0,0.0,0.0,0.0,0.0,0.0,0.0,0.0,0.0,0.0,0.0,0.0,0.0,0.0,0.0
t1059,0.0,0.0,0.0,0.0,0.0,0.0,0.0,0.0,0.0,0.0,0.0,0.0,0.0,0.0,0.0,0.0,0.0,0.0
t1060,0.0,0.0,0.0,0.0,0.0,0.0,0.0,0.0,0.0,0.0,0.0,0.0,0.0,0.0,0.0,0.0,0.0,0.0
t1061,0.0,0.0,0.0,0.0,0.0,0.0,0.0,0.0,0.0,0.0,0.0,0.0,0.0,0.0,0.0,0.0,0.0,0.0
t1062,0.0,0.0,0.0,0.0,0.0,0.0,0.0,0.0,0.0,0.0,0.0,0.0,0.0,0.0,0.0,0.0,0.0,0.0
t1063,0.0,0.0,0.0,0.0,0.0,0.0,0.0,0.0,0.0,0.0,0.0,0.0,0.0,0.0,0.0,0.0,0.0,0.0
t1064,972.1875000000001,92.30769225,0.0,0.0,0.0,0.0,0.0,1559.9999999999998,2945.7541878032102,0.0,0.0,0.0,0.0,0.0,0.0,1401.814384315031,2163.9997398351206,9136.063504203361
t1065,297.83556280841066,2.3955281300000464,0.0,0.0,0.0,3062.6239675075367,1275.80838375,1559.9999999999998,1091.431155554637,0.0,0.0,0.0,0.0,0.0,0.0,1301.0340136114228,2496.787798116422,11087.916409478428
t1066,972.1875000000001,92.30769225,0.0,0.0,1806.4000045199998,4073.2457761686173,1275.80838375,1559.9999999999998,750.6587147480946,0.0,0.0,0.0,0.0,0.0,0.0,727.2017203900008,2948.7598183579066,14206.56961018462
t1067,0.0,0.0,0.0,0.0,3535.9999999999995,4846.61604719594,1275.80838375,1559.9999999999998,1233.2478946295028,0.0,0.0,0.0,0.0,0.0,1325.5286868440348,1313.6706795099997,2582.8123232808193,17673.684015210296
t1068,0.0,92.30769225,0.0,0.0,966.7268828599991,4083.1686207695775,0.0,693.3333333333329,4120.295537210267,0.0,0.0,0.0,0.0,0.0,0.0,3035.56774654,2587.4889084740244,15578.8887214372
t1069,0.0,92.30769225,830.8351861999993,0.0,3535.9999999999995,6685.452894190804,0.0,0.0,859.1897620166134,0.0,0.0,0.0,0.0,0.0,0.0,3215.79135608,2136.9990879471184,17356.575978684534
t1070,972.1875000000001,38.63011287000001,613.4151239565003,0.0,2108.5171436246233,4057.5829227399963,1275.80838375,0.0,2491.213262016614,0.0,557.9800189334986,0.0,0.0,0.0,0.0,2758.402582366871,0.0,14873.737050258103
t1071,0.0,0.0,893.8877158975038,0.0,2064.966957094427,3389.64561417,0.0,0.0,2926.0328946295035,0.0,0.0,0.0,0.0,0.0,0.0,3018.89232082,0.0,12293.425502611433
t1072,0.0,0.0,0.0,0.0,1696.9445674565047,557.2197128130834,0.0,0.0,1995.013721864001,0.0,0.0,0.0,0.0,0.0,0.0,2500.4153546400003,0.0,6749.593356773589
t1073,0.0,0.0,0.0,0.0,0.0,0.0,0.0,0.0,0.0,0.0,0.0,0.0,0.0,0.0,0.0,0.0,0.0,0.0
t1074,0.0,0.0,0.0,0.0,0.0,0.0,0.0,0.0,0.0,0.0,0.0,0.0,0.0,0.0,0.0,0.0,0.0,0.0
t1075,0.0,0.0,0.0,0.0,0.0,0.0,0.0,0.0,0.0,0.0,0.0,0.0,0.0,0.0,0.0,0.0,0.0,0.0
t1076,0.0,0.0,0.0,0.0,0.0,0.0,0.0,0.0,0.0,0.0,0.0,0.0,0.0,0.0,0.0,0.0,0.0,0.0
t1077,0.0,0.0,0.0,0.0,0.0,0.0,0.0,0.0,0.0,0.0,0.0,0.0,0.0,0.0,0.0,0.0,0.0,0.0
t1078,0.0,0.0,0.0,0.0,0.0,0.0,0.0,0.0,0.0,0.0,0.0,0.0,0.0,0.0,0.0,0.0,0.0,0.0
t1079,0.0,0.0,0.0,0.0,0.0,0.0,0.0,0.0,0.0,0.0,0.0,0.0,0.0,0.0,0.0,0.0,0.0,0.0
t1080,0.0,0.0,0.0,0.0,0.0,0.0,0.0,0.0,0.0,0.0,0.0,0.0,0.0,0.0,0.0,0.0,0.0,0.0
t1081,0.0,0.0,0.0,0.0,0.0,0.0,0.0,0.0,0.0,0.0,0.0,0.0,0.0,0.0,0.0,0.0,0.0,0.0
t1082,0.0,0.0,0.0,0.0,0.0,0.0,0.0,0.0,0.0,0.0,0.0,0.0,0.0,0.0,0.0,0.0,0.0,0.0
t1083,0.0,0.0,0.0,0.0,0.0,0.0,0.0,0.0,0.0,0.0,0.0,0.0,0.0,0.0,0.0,0.0,0.0,0.0
t1084,0.0,0.0,0.0,0.0,0.0,0.0,0.0,0.0,0.0,0.0,0.0,0.0,0.0,0.0,0.0,0.0,0.0,0.0
t1085,0.0,0.0,0.0,0.0,0.0,0.0,0.0,0.0,0.0,0.0,0.0,0.0,0.0,0.0,0.0,0.0,0.0,0.0
t1086,0.0,0.0,0.0,0.0,0.0,0.0,0.0,0.0,0.0,0.0,0.0,0.0,0.0,0.0,0.0,0.0,0.0,0.0
t1087,0.0,0.0,0.0,0.0,0.0,0.0,0.0,0.0,0.0,0.0,0.0,0.0,0.0,0.0,0.0,0.0,0.0,0.0
t1088,0.0,0.0,0.0,0.0,0.0,3269.205351421518,1275.80838375,1559.9999999999998,416.70993252783876,0.0,557.9800189334986,0.0,0.0,0.0,1325.5286868440348,771.1593787299993,2200.0006413616743,11376.392393568563
t1089,0.0,92.30769225,0.0,0.0,0.0,4002.7043004267534,0.0,1559.9999999999998,1560.8315243413851,0.0,0.0,0.0,0.0,0.0,1325.5286868440348,2572.8267830399996,2873.5328438442607,13987.731830746434
t1090,972.1875000000001,41.02564100000005,575.9999999999998,0.0,0.0,3915.5683411232935,567.0259483333328,1559.9999999999998,3529.6769341084346,0.0,0.0,0.0,0.0,0.0,0.0,2714.496313186667,2466.855795564712,16342.836473316442
t1091,972.1875000000001,92.30769225,1296.0000000000002,0.0,3535.9999999999995,5661.988929508889,0.0,1559.9999999999998,3580.022996773368,0.0,557.9800189334986,0.0,0.0,0.0,0.0,3406.42165454,2582.674871040017,23245.583663045774
t1092,0.0,92.30769225,1296.0000000000002,0.0,3535.9999999999995,1696.9691776318316,1275.80838375,0.0,4117.740609169393,0.0,0.0,0.0,0.0,0.0,1325.5286868440348,1608.3492119300004,2989.4130449720246,17938.11680654728
t1093,972.1875000000001,0.0,1296.0000000000002,0.0,2270.4275281598216,6920.0,0.0,84.85269563069251,749.342082806385,0.0,557.9800189334986,0.0,0.0,0.0,0.0,3072.60701432,1804.3704792287192,17727.767319079117
t1094,432.0833333333329,92.30769225,0.0,0.0,1590.6408040575272,2738.344333159096,0.0,608.4806377026401,3261.1035870251585,0.0,0.0,0.0,0.0,0.0,1325.5286868440348,3016.12911178,0.0,13064.61818615179
t1095,972.1875000000001,0.0,0.0,0.0,2680.5194448082066,1797.0982997586646,1275.80838375,0.0,1450.0318641461838,0.0,557.9800189334986,0.0,0.0,0.0,0.0,1693.0497398903967,0.0,10426.67525128695
t1096,0.0,0.0,1296.0000000000002,0.0,2101.9677785299987,753.6768225255049,1275.80838375,0.0,1382.5824601217091,0.0,247.99111952599924,0.0,0.0,0.0,589.1238608195713,1631.7587805300002,0.0,9278.909205802784
t1097,0.0,0.0,0.0,0.0,0.0,0.0,0.0,0.0,0.0,0.0,0.0,0.0,0.0,0.0,0.0,0.0,0.0,0.0
t1098,0.0,0.0,0.0,0.0,0.0,0.0,0.0,0.0,0.0,0.0,0.0,0.0,0.0,0.0,0.0,0.0,0.0,0.0
t1099,0.0,0.0,0.0,0.0,0.0,0.0,0.0,0.0,0.0,0.0,0.0,0.0,0.0,0.0,0.0,0.0,0.0,0.0
t1100,0.0,0.0,0.0,0.0,0.0,0.0,0.0,0.0,0.0,0.0,0.0,0.0,0.0,0.0,0.0,0.0,0.0,0.0
t1101,0.0,0.0,0.0,0.0,0.0,0.0,0.0,0.0,0.0,0.0,0.0,0.0,0.0,0.0,0.0,0.0,0.0,0.0
t1102,0.0,0.0,0.0,0.0,0.0,0.0,0.0,0.0,0.0,0.0,0.0,0.0,0.0,0.0,0.0,0.0,0.0,0.0
t1103,0.0,0.0,0.0,0.0,0.0,0.0,0.0,0.0,0.0,0.0,0.0,0.0,0.0,0.0,0.0,0.0,0.0,0.0
t1104,0.0,0.0,0.0,0.0,0.0,0.0,0.0,0.0,0.0,0.0,0.0,0.0,0.0,0.0,0.0,0.0,0.0,0.0
t1105,0.0,0.0,0.0,0.0,0.0,0.0,0.0,0.0,0.0,0.0,0.0,0.0,0.0,0.0,0.0,0.0,0.0,0.0
t1106,0.0,0.0,0.0,0.0,0.0,0.0,0.0,0.0,0.0,0.0,0.0,0.0,0.0,0.0,0.0,0.0,0.0,0.0
t1107,0.0,0.0,0.0,0.0,0.0,0.0,0.0,0.0,0.0,0.0,0.0,0.0,0.0,0.0,0.0,0.0,0.0,0.0
t1108,0.0,0.0,0.0,0.0,0.0,0.0,0.0,0.0,0.0,0.0,0.0,0.0,0.0,0.0,0.0,0.0,0.0,0.0
t1109,0.0,0.0,0.0,0.0,0.0,0.0,0.0,0.0,0.0,0.0,0.0,0.0,0.0,0.0,0.0,0.0,0.0,0.0
t1110,0.0,0.0,0.0,0.0,0.0,0.0,0.0,0.0,0.0,0.0,0.0,0.0,0.0,0.0,0.0,0.0,0.0,0.0
t1111,0.0,0.0,0.0,0.0,0.0,0.0,0.0,0.0,0.0,0.0,0.0,0.0,0.0,0.0,0.0,0.0,0.0,0.0
t1112,0.0,69.39241286999992,0.0,0.0,0.0,0.0,0.0,1559.9999999999998,895.0206488553985,0.0,397.58728711000003,0.0,0.0,0.0,0.0,1466.1573754800004,0.0,4388.157724315399
t1113,972.1875000000001,92.30769225,0.0,0.0,0.0,2433.8891516705544,1275.80838375,0.0,362.30124178228243,0.0,0.0,0.0,0.0,0.0,0.0,715.1308566899999,2126.7721970502557,7978.3970231930925
t1114,0.0,92.30769225,1296.0000000000002,0.0,770.0123954599969,2316.303736647331,0.0,1559.9999999999998,4425.278898094274,0.0,0.0,0.0,0.0,0.0,80.73358519611196,0.0,3356.290727102567,13896.927034750282
t1115,972.1875000000001,92.30769225,1296.0000000000002,0.0,3002.1798594920233,2778.648001979631,1275.80838375,0.0,3940.2983576935585,0.0,557.9800189334986,0.0,0.0,0.0,1325.5286868440348,0.0,3356.290727102567,18597.22922804531
t1116,0.0,40.11461287000012,384.03531339999887,0.0,3535.9999999999995,6920.0,0.0,1559.9999999999998,4510.809447979468,0.0,0.0,0.0,0.0,0.0,508.39027562345916,3630.73733236,0.0,21090.086982232926
t1117,972.1875000000001,0.0,1296.0000000000002,0.0,3535.9999999999995,6447.375639347938,1275.80838375,1559.9999999999998,647.444420358491,0.0,408.38385134949783,0.0,0.0,0.0,0.0,3439.7709765100003,3356.290727102567,22939.26149841849
t1118,0.0,0.0,548.8796009999986,0.0,3515.798782063532,6336.157339084465,0.0,693.3333333333329,4263.386857693558,0.0,0.0,0.0,0.0,0.0,1325.5286868440348,4567.77109646,0.0,21250.855696478924
t1119,432.0833333333329,0.0,939.0850856000021,0.0,1355.5645185400017,3523.181686825638,1275.80838375,0.0,79.09191841682511,0.0,557.9800189334986,0.0,0.0,0.0,1325.5286868440348,2756.2599477203894,2721.2032976534506,14965.786877617173
t1120,972.1875000000001,23.826307509999996,0.0,0.0,0.0,0.0,567.0259483333328,0.0,924.4102001459985,0.0,557.9800189334986,0.0,0.0,0.0,1325.5286868440348,3570.400355326667,0.0,7941.359017093531
t1121,0.0,0.0,0.0,0.0,0.0,0.0,0.0,0.0,0.0,0.0,0.0,0.0,0.0,0.0,0.0,340.57004739999996,0.0,340.57004739999996
t1122,0.0,0.0,0.0,0.0,0.0,0.0,0.0,0.0,0.0,0.0,0.0,0.0,0.0,0.0,0.0,0.0,0.0,0.0
t1123,0.0,0.0,0.0,0.0,0.0,0.0,0.0,0.0,0.0,0.0,0.0,0.0,0.0,0.0,0.0,0.0,0.0,0.0
t1124,0.0,0.0,0.0,0.0,0.0,0.0,0.0,0.0,0.0,0.0,0.0,0.0,0.0,0.0,0.0,0.0,0.0,0.0
t1125,0.0,0.0,0.0,0.0,0.0,0.0,0.0,0.0,0.0,0.0,0.0,0.0,0.0,0.0,0.0,0.0,0.0,0.0
t1126,0.0,0.0,0.0,0.0,0.0,0.0,0.0,0.0,0.0,0.0,0.0,0.0,0.0,0.0,0.0,0.0,0.0,0.0
t1127,0.0,0.0,0.0,0.0,0.0,0.0,0.0,0.0,0.0,0.0,0.0,0.0,0.0,0.0,0.0,0.0,0.0,0.0
t1128,0.0,0.0,0.0,0.0,0.0,0.0,0.0,0.0,0.0,0.0,0.0,0.0,0.0,0.0,0.0,0.0,0.0,0.0
t1129,0.0,0.0,0.0,0.0,0.0,0.0,0.0,0.0,0.0,0.0,0.0,0.0,0.0,0.0,0.0,0.0,0.0,0.0
t1130,0.0,0.0,0.0,0.0,0.0,0.0,0.0,0.0,0.0,0.0,0.0,0.0,0.0,0.0,0.0,0.0,0.0,0.0
t1131,0.0,0.0,0.0,0.0,0.0,0.0,0.0,0.0,0.0,0.0,0.0,0.0,0.0,0.0,0.0,0.0,0.0,0.0
t1132,0.0,0.0,0.0,0.0,0.0,0.0,0.0,0.0,0.0,0.0,0.0,0.0,0.0,0.0,0.0,0.0,0.0,0.0
t1133,0.0,0.0,0.0,0.0,0.0,0.0,0.0,0.0,0.0,0.0,0.0,0.0,0.0,0.0,0.0,0.0,0.0,0.0
t1134,0.0,0.0,0.0,0.0,0.0,0.0,0.0,0.0,0.0,0.0,0.0,0.0,0.0,0.0,0.0,0.0,0.0,0.0
t1135,0.0,0.0,0.0,0.0,0.0,0.0,0.0,0.0,0.0,0.0,0.0,0.0,0.0,0.0,0.0,0.0,0.0,0.0
t1136,0.0,92.30769225,0.0,0.0,0.0,0.0,0.0,1559.9999999999998,2932.280137078594,0.0,557.9800189334986,0.0,0.0,0.0,0.0,1642.1449342999997,2346.869560219675,9131.582342781767
t1137,972.1875000000001,3.3285128699999667,0.0,0.0,3535.9999999999995,2713.92970338141,1275.80838375,1559.9999999999998,2278.79242383892,0.0,557.9800189334986,0.0,0.0,0.0,1325.5286868440348,1509.7405405500003,1884.2096270553998,17617.505397223264
t1138,637.638869552665,92.30769225,1296.0000000000002,0.0,3535.9999999999995,3463.9108170242894,567.0259483333328,1559.9999999999998,4208.572988140893,0.0,0.0,0.0,0.0,0.0,589.1238608195713,2242.6783311066674,2050.4286017830705,20243.687109010487
t1139,972.1875000000001,92.30769225,675.02698885,0.0,3535.9999999999995,6920.0,1275.80838375,1559.9999999999998,1081.549459126494,0.0,0.0,0.0,0.0,0.0,1325.5286868440348,1718.3462403900005,2903.601614558713,22060.35656576924
t1140,0.0,0.0,1296.0000000000002,0.0,1795.2161651899987,4641.033959717719,1275.80838375,0.0,4367.004675335281,0.0,0.0,0.0,0.0,0.0,0.0,3710.6434006300005,2689.1948419505834,19774.901426573582
t1141,972.1875000000001,37.69712813000005,1196.9730111499998,0.0,1218.1733272699983,6920.0,1275.80838375,206.67114401434046,1247.9458072253517,0.0,247.99111952599924,0.0,0.0,0.0,0.0,3050.01064943,1515.6293338543906,17889.08740435008
t1142,0.0,0.0,1296.0000000000002,0.0,0.0,1572.0443782194252,0.0,486.66218931899243,3931.896500274322,0.0,557.9800189334986,0.0,0.0,0.0,1325.5286868440348,3130.2091774236947,0.0,12300.320951013966
t1143,271.06563288721105,92.30769225,0.0,0.0,2094.166063095558,4524.6366972127125,0.0,0.0,0.0,0.0,557.9800189334986,0.0,0.0,0.0,0.0,2167.0038594000007,1526.9140965895763,11234.074060368557
t1144,495.5663308934572,0.0,0.0,0.0,0.0,0.0,0.0,0.0,0.0,0.0,0.0,0.0,0.0,0.0,1325.5286868440348,1316.0208547166967,0.0,3137.115872454189
t1145,0.0,0.0,0.0,0.0,0.0,0.0,0.0,0.0,0.0,0.0,0.0,0.0,0.0,0.0,0.0,0.0,0.0,0.0
t1146,0.0,0.0,0.0,0.0,0.0,0.0,0.0,0.0,0.0,0.0,0.0,0.0,0.0,0.0,0.0,0.0,0.0,0.0
t1147,0.0,0.0,0.0,0.0,0.0,0.0,0.0,0.0,0.0,0.0,0.0,0.0,0.0,0.0,0.0,0.0,0.0,0.0
t1148,0.0,0.0,0.0,0.0,0.0,0.0,0.0,0.0,0.0,0.0,0.0,0.0,0.0,0.0,0.0,0.0,0.0,0.0
t1149,0.0,0.0,0.0,0.0,0.0,0.0,0.0,0.0,0.0,0.0,0.0,0.0,0.0,0.0,0.0,0.0,0.0,0.0
t1150,0.0,0.0,0.0,0.0,0.0,0.0,0.0,0.0,0.0,0.0,0.0,0.0,0.0,0.0,0.0,0.0,0.0,0.0
t1151,0.0,0.0,0.0,0.0,0.0,0.0,0.0,0.0,0.0,0.0,0.0,0.0,0.0,0.0,0.0,0.0,0.0,0.0
t1152,0.0,0.0,0.0,0.0,0.0,0.0,0.0,0.0,0.0,0.0,0.0,0.0,0.0,0.0,0.0,0.0,0.0,0.0
t1153,0.0,0.0,0.0,0.0,0.0,0.0,0.0,0.0,0.0,0.0,0.0,0.0,0.0,0.0,0.0,0.0,0.0,0.0
t1154,0.0,0.0,0.0,0.0,0.0,0.0,0.0,0.0,0.0,0.0,0.0,0.0,0.0,0.0,0.0,0.0,0.0,0.0
t1155,0.0,0.0,0.0,0.0,0.0,0.0,0.0,0.0,0.0,0.0,0.0,0.0,0.0,0.0,0.0,0.0,0.0,0.0
t1156,0.0,0.0,0.0,0.0,0.0,0.0,0.0,0.0,0.0,0.0,0.0,0.0,0.0,0.0,0.0,0.0,0.0,0.0
t1157,0.0,0.0,0.0,0.0,0.0,0.0,0.0,0.0,0.0,0.0,0.0,0.0,0.0,0.0,0.0,0.0,0.0,0.0
t1158,0.0,0.0,0.0,0.0,0.0,0.0,0.0,0.0,0.0,0.0,0.0,0.0,0.0,0.0,0.0,0.0,0.0,0.0
t1159,0.0,0.0,0.0,0.0,0.0,0.0,0.0,0.0,0.0,0.0,0.0,0.0,0.0,0.0,0.0,0.0,0.0,0.0
t1160,972.1875000000001,92.30769225,0.0,0.0,2738.55204081,0.0,1275.80838375,1559.9999999999998,3033.094855132963,0.0,504.8627169099996,0.0,0.0,0.0,1325.5286868440348,1634.265557181298,2662.468562650499,15799.075995528794
t1161,972.1875000000001,92.30769225,0.0,0.0,3535.9999999999995,3697.2983296568746,1275.80838375,693.3333333333329,3560.821845765684,0.0,362.77492759299713,0.0,0.0,0.0,0.0,1719.6656560775452,1141.9276455187069,17052.12531394514
t1162,972.1875000000001,92.30769225,1296.0000000000002,0.0,980.9832122543444,6617.276750021289,0.0,1559.9999999999998,3651.3614203584916,0.0,0.0,0.0,0.0,0.0,589.1238608195713,3061.332882211777,159.01326427172347,18979.586582187196
t1163,0.0,65.98872038000003,1296.0000000000002,0.0,3535.9999999999995,3918.9867579310267,0.0,1559.9999999999998,1351.9137192699623,0.0,0.0,0.0,0.0,0.0,1325.5286868440348,3166.0557418064463,3356.290727102567,19576.764353334038
t1164,0.0,67.34461286999999,1296.0000000000002,0.0,1274.9468107516711,3107.977587488277,0.0,0.0,3704.235729232318,0.0,557.9800189334986,0.0,0.0,0.0,1325.5286868440348,2638.4267039400006,3356.290727102567,17328.730877162365
t1165,972.1875000000001,0.0,1296.0000000000002,0.0,1048.819460679999,5243.962279399593,0.0,1559.9999999999998,2698.366394330922,0.0,557.9800189334986,0.0,0.0,0.0,1325.5286868440348,3115.9384849200005,1622.4228957229714,19441.20572083102
t1166,432.0833333333334,0.0,0.0,0.0,0.0,6920.0,1275.80838375,0.0,0.0,0.0,496.3135128899997,0.0,0.0,0.0,0.0,2319.5048642533266,671.9575463995043,12115.667640626163
t1167,0.0,0.0,575.9999999999998,0.0,2484.4255727366635,1250.0538510584995,1275.80838375,0.0,2048.2480269295165,0.0,0.0,0.0,0.0,0.0,0.0,2541.65094753,1946.4763072428682,12122.663089247548
t1168,0.0,0.0,0.0,0.0,115.82845832287427,0.0,567.0259483333328,0.0,0.0,0.0,0.0,0.0,0.0,0.0,0.0,289.95715002666714,0.0,972.8115566828743
t1169,0.0,0.0,0.0,0.0,0.0,0.0,0.0,0.0,0.0,0.0,0.0,0.0,0.0,0.0,0.0,0.0,0.0,0.0
t1170,0.0,0.0,0.0,0.0,0.0,0.0,0.0,0.0,0.0,0.0,0.0,0.0,0.0,0.0,0.0,0.0,0.0,0.0
t1171,0.0,0.0,0.0,0.0,0.0,0.0,0.0,0.0,0.0,0.0,0.0,0.0,0.0,0.0,0.0,0.0,0.0,0.0
t1172,0.0,0.0,0.0,0.0,0.0,0.0,0.0,0.0,0.0,0.0,0.0,0.0,0.0,0.0,0.0,0.0,0.0,0.0
t1173,0.0,0.0,0.0,0.0,0.0,0.0,0.0,0.0,0.0,0.0,0.0,0.0,0.0,0.0,0.0,0.0,0.0,0.0
t1174,0.0,0.0,0.0,0.0,0.0,0.0,0.0,0.0,0.0,0.0,0.0,0.0,0.0,0.0,0.0,0.0,0.0,0.0
t1175,0.0,0.0,0.0,0.0,0.0,0.0,0.0,0.0,0.0,0.0,0.0,0.0,0.0,0.0,0.0,0.0,0.0,0.0
t1176,0.0,0.0,0.0,0.0,0.0,0.0,0.0,0.0,0.0,0.0,0.0,0.0,0.0,0.0,0.0,0.0,0.0,0.0
t1177,0.0,0.0,0.0,0.0,0.0,0.0,0.0,0.0,0.0,0.0,0.0,0.0,0.0,0.0,0.0,0.0,0.0,0.0
t1178,0.0,0.0,0.0,0.0,0.0,0.0,0.0,0.0,0.0,0.0,0.0,0.0,0.0,0.0,0.0,0.0,0.0,0.0
t1179,0.0,0.0,0.0,0.0,0.0,0.0,0.0,0.0,0.0,0.0,0.0,0.0,0.0,0.0,0.0,0.0,0.0,0.0
t1180,0.0,0.0,0.0,0.0,732.0037512635836,0.0,0.0,0.0,0.0,0.0,0.0,0.0,0.0,0.0,0.0,0.0,0.0,732.0037512635836
t1181,0.0,0.0,0.0,0.0,0.0,0.0,0.0,0.0,0.0,0.0,0.0,0.0,0.0,0.0,0.0,0.0,0.0,0.0
t1182,0.0,0.0,0.0,0.0,1761.712599366053,0.0,0.0,0.0,0.0,0.0,0.0,0.0,0.0,0.0,0.0,0.0,0.0,1761.712599366053
t1183,426.4546938983174,92.30769225,0.0,0.0,0.0,6920.0,1065.12725676,1559.9999999999998,0.0,0.0,0.0,0.0,0.0,0.0,0.0,0.0,807.6828913257126,10871.57253423403
t1184,770.5489081286034,92.30769225,0.0,0.0,0.0,6920.0,630.9657525510052,534.1922243776622,0.0,0.0,0.0,0.0,0.0,0.0,0.0,0.0,0.0,8948.01457730727
t1185,28.87329026588059,0.0,0.0,0.0,0.0,0.0,18.798058905653406,1219.5193819088852,4233.389032080568,0.0,0.0,0.0,0.0,0.0,1325.5286868440348,2225.221549294347,2152.0793596995063,11203.409358998875
t1186,972.1875000000001,40.79531287000032,0.0,0.0,804.0591195717075,1962.3369151948707,0.0,0.0,3353.4982643263666,0.0,505.09364998000086,0.0,0.0,0.0,909.8580370307651,3436.7389312799996,3356.290727102567,15340.858457356278
t1187,972.1875000000001,0.0,169.81499175943532,0.0,2292.986634112894,1268.619685269198,549.7954171641508,1559.9999999999998,3179.53712590277,0.0,539.834697250564,0.0,0.0,0.0,0.0,3591.867807463015,3327.9860198807733,17452.6298788028
t1188,0.0,0.0,286.985138947653,0.0,3355.8685737861583,0.0,397.19063743146734,1083.4872452786567,3643.63411943585,0.0,466.8535976623466,0.0,0.0,0.0,1325.5286868440348,3827.2239180881943,3356.290727102567,17743.06264457693
t1189,495.08558353559937,0.0,77.54252727650201,0.0,3535.9999999999995,2364.9532379534794,859.8196874128798,800.6385091301706,2851.612042367171,0.0,557.9800189334986,0.0,0.0,0.0,0.0,3294.9368719644654,1395.0445124485593,16233.612991022324
t1190,0.0,0.0,0.0,0.0,2430.14700590516,0.0,0.0,175.49597263795556,2786.3714069071307,0.0,207.98460341000023,0.0,0.0,0.0,1325.5286868440348,3344.156106277704,521.4734384517227,10791.157220433708
t1191,655.4958575049328,0.0,0.0,0.0,802.7778715499993,0.0,1275.80838375,0.0,0.0,0.0,0.0,0.0,0.0,0.0,1004.7945106328409,766.6528035793342,0.0,4505.529427017107
t1192,0.0,0.0,0.0,0.0,0.0,0.0,0.0,0.0,0.0,0.0,0.0,0.0,0.0,0.0,0.0,0.0,0.0,0.0
t1193,0.0,0.0,0.0,0.0,0.0,0.0,0.0,0.0,0.0,0.0,0.0,0.0,0.0,0.0,0.0,0.0,0.0,0.0
t1194,0.0,0.0,0.0,0.0,0.0,0.0,0.0,0.0,0.0,0.0,0.0,0.0,0.0,0.0,0.0,0.0,0.0,0.0
t1195,0.0,0.0,0.0,0.0,0.0,0.0,0.0,0.0,0.0,0.0,0.0,0.0,0.0,0.0,0.0,0.0,0.0,0.0
t1196,0.0,0.0,0.0,0.0,0.0,0.0,0.0,0.0,0.0,0.0,0.0,0.0,0.0,0.0,0.0,0.0,0.0,0.0
t1197,0.0,0.0,0.0,0.0,0.0,0.0,0.0,0.0,0.0,0.0,0.0,0.0,0.0,0.0,0.0,0.0,0.0,0.0
t1198,0.0,0.0,0.0,0.0,0.0,0.0,0.0,0.0,0.0,0.0,0.0,0.0,0.0,0.0,0.0,0.0,0.0,0.0
t1199,0.0,0.0,0.0,0.0,0.0,0.0,0.0,0.0,0.0,0.0,0.0,0.0,0.0,0.0,0.0,0.0,0.0,0.0
t1200,0.0,0.0,0.0,0.0,0.0,0.0,0.0,0.0,0.0,0.0,0.0,0.0,0.0,0.0,0.0,0.0,0.0,0.0
t1201,0.0,0.0,0.0,0.0,0.0,0.0,0.0,0.0,0.0,0.0,0.0,0.0,0.0,0.0,0.0,0.0,0.0,0.0
t1202,0.0,0.0,0.0,0.0,0.0,0.0,0.0,0.0,0.0,0.0,0.0,0.0,0.0,0.0,0.0,0.0,0.0,0.0
t1203,0.0,0.0,0.0,0.0,0.0,0.0,0.0,0.0,0.0,0.0,0.0,0.0,0.0,0.0,0.0,0.0,0.0,0.0
t1204,0.0,0.0,0.0,0.0,0.0,0.0,0.0,0.0,0.0,0.0,0.0,0.0,0.0,0.0,0.0,0.0,0.0,0.0
t1205,0.0,0.0,0.0,0.0,0.0,0.0,0.0,0.0,0.0,0.0,0.0,0.0,0.0,0.0,0.0,0.0,0.0,0.0
t1206,0.0,0.0,0.0,0.0,1766.4784678782705,0.0,0.0,0.0,0.0,0.0,0.0,0.0,0.0,0.0,0.0,0.0,0.0,1766.4784678782705
t1207,972.1875000000001,92.30769225,0.0,0.0,407.939254907172,6920.0,0.0,1559.9999999999998,0.0,0.0,0.0,0.0,0.0,0.0,22.998472719721228,612.95874684,0.0,10588.391666716892
t1208,677.8055516893667,36.4730870099999,0.0,0.0,0.0,5785.835636497125,0.0,0.0,0.0,0.0,0.0,0.0,0.0,0.0,0.0,986.2611463600009,0.0,7486.375421556492
t1209,0.0,48.672512869999906,110.24952139999955,0.0,0.0,3160.7746958081816,0.0,540.6933644578767,1939.8927143197106,0.0,0.0,0.0,0.0,0.0,496.3607203712161,1171.0926564600004,3356.290727102567,10824.026912789552
t1210,972.1875000000001,27.67491287000029,295.16963461076165,0.0,1143.4615784222447,2954.8989501270394,0.0,1019.3066355421228,3373.101704838601,0.0,446.2105462792381,0.0,0.0,0.0,1325.5286868440348,1591.8887025800004,1439.1207537744642,14588.54960588851
t1211,972.1875000000001,0.0,535.625711026502,0.0,3117.908398177945,826.4163493036548,0.0,1559.9999999999998,3245.3814110642975,0.0,557.9800189334986,0.0,0.0,0.0,1325.5286868440348,2619.1138556600004,3356.290727102567,18116.4326581125
t1212,0.0,0.0,640.3592822265013,0.0,3058.4892436862683,861.3252587746211,0.0,1559.9999999999998,3865.651334649422,0.0,557.9800189334986,0.0,0.0,0.0,1325.5286868440348,3170.9110319600004,2875.987463668176,17916.23232074252
t1213,392.846096242177,0.0,734.8252805797398,0.0,2696.5894583681666,1399.5881249013662,0.0,693.3333333333334,3080.8562384072457,0.0,359.7605921802598,0.0,0.0,0.0,69.76466772863344,2874.2364892,2576.346470972421,14878.146751913346
t1214,333.6191854017898,0.0,213.94642502650174,0.0,2799.483887343836,0.0,0.0,0.0,2440.0764381912286,0.0,557.9800189334986,0.0,0.0,0.0,1325.5286868440348,2882.62078126,1312.8115333912133,11866.066956392104
t1215,0.0,0.0,167.25465958000052,0.0,725.20526677165,0.0,0.0,0.0,2103.082149549351,0.0,0.0,0.0,0.0,0.0,0.0,2832.91104446,0.0,5828.453120361002
t1216,0.0,0.0,0.0,0.0,0.0,0.0,0.0,0.0,0.0,0.0,0.0,0.0,0.0,0.0,0.0,0.0,0.0,0.0
t1217,0.0,0.0,0.0,0.0,0.0,0.0,0.0,0.0,0.0,0.0,0.0,0.0,0.0,0.0,0.0,0.0,0.0,0.0
t1218,0.0,0.0,0.0,0.0,0.0,0.0,0.0,0.0,0.0,0.0,0.0,0.0,0.0,0.0,0.0,0.0,0.0,0.0
t1219,0.0,0.0,0.0,0.0,0.0,0.0,0.0,0.0,0.0,0.0,0.0,0.0,0.0,0.0,0.0,0.0,0.0,0.0
t1220,0.0,0.0,0.0,0.0,0.0,0.0,0.0,0.0,0.0,0.0,0.0,0.0,0.0,0.0,0.0,0.0,0.0,0.0
t1221,0.0,0.0,0.0,0.0,0.0,0.0,0.0,0.0,0.0,0.0,0.0,0.0,0.0,0.0,0.0,0.0,0.0,0.0
t1222,0.0,0.0,0.0,0.0,0.0,0.0,0.0,0.0,0.0,0.0,0.0,0.0,0.0,0.0,0.0,0.0,0.0,0.0
t1223,0.0,0.0,0.0,0.0,0.0,0.0,0.0,0.0,0.0,0.0,0.0,0.0,0.0,0.0,0.0,0.0,0.0,0.0
t1224,0.0,0.0,0.0,0.0,0.0,0.0,0.0,0.0,0.0,0.0,0.0,0.0,0.0,0.0,0.0,0.0,0.0,0.0
t1225,0.0,0.0,0.0,0.0,0.0,0.0,0.0,0.0,0.0,0.0,0.0,0.0,0.0,0.0,0.0,0.0,0.0,0.0
t1226,0.0,0.0,0.0,0.0,0.0,0.0,0.0,0.0,0.0,0.0,0.0,0.0,0.0,0.0,0.0,0.0,0.0,0.0
t1227,0.0,0.0,0.0,0.0,0.0,0.0,0.0,0.0,0.0,0.0,0.0,0.0,0.0,0.0,0.0,0.0,0.0,0.0
t1228,0.0,0.0,0.0,0.0,0.0,0.0,0.0,0.0,0.0,0.0,0.0,0.0,0.0,0.0,0.0,0.0,0.0,0.0
t1229,0.0,0.0,0.0,0.0,0.0,0.0,0.0,0.0,0.0,0.0,0.0,0.0,0.0,0.0,0.0,0.0,0.0,0.0
t1230,0.0,0.0,0.0,0.0,3068.8272571335365,0.0,0.0,0.0,0.0,0.0,0.0,0.0,0.0,0.0,0.0,0.0,0.0,3068.8272571335365
t1231,924.4628861565528,92.30769225,0.0,0.0,954.9193887939733,6920.0,410.24512885458836,1559.9999999999998,0.0,0.0,0.0,0.0,0.0,0.0,0.0,0.0,1042.931641326459,11904.866737381573
t1232,972.1875000000001,92.30769225,0.0,0.0,0.0,5865.144042954826,207.77015598363505,1559.9999999999998,0.0,0.0,0.0,0.0,0.0,0.0,0.0,0.0,4.8994597681175645,8702.308850956579
t1233,479.80794717678066,58.19081287000022,0.0,0.0,0.0,1562.9876558832868,0.0,1559.9999999999998,3539.188281154142,0.0,360.4422434000004,0.0,0.0,0.0,0.0,3336.6555578,3356.290727102567,14253.563225386777
t1234,972.1875000000001,92.30769225,690.2876147791677,0.0,442.2507382870178,3638.5881144256805,1050.2121111292627,0.0,3048.0957520487395,0.0,148.86983804083158,0.0,0.0,0.0,1325.5286868440348,2682.8221567619553,3356.290727102567,17447.440931669254
t1235,0.0,75.14252037999981,579.5799166465024,0.0,1982.857435877625,2712.1016166349914,0.0,1559.9999999999998,3827.5132520487396,0.0,557.9800189334986,0.0,0.0,0.0,1325.5286868440348,4080.5753061912383,3356.290727102567,20057.569480659193
t1236,0.0,0.0,664.7884320765013,0.0,2980.411396333414,4442.333966018494,1275.80838375,0.0,3230.4213644447645,0.0,557.9800189334986,0.0,0.0,0.0,1325.5286868440348,3064.0336905661084,2740.9337813576312,20282.239720324447
t1237,0.0,0.0,776.0351559913352,0.0,2444.9418293253198,3724.17946084159,1224.8190472451095,647.0963604932716,3091.879252048739,0.0,296.65905701866575,0.0,0.0,0.0,1325.5286868440348,3022.911663258344,607.1161471023405,17161.16666016875
t1238,0.0,0.0,111.62620327650275,0.0,1125.9322106102377,1890.2206987966847,1275.80838375,0.0,2488.3662283309222,0.0,557.9800189334986,0.0,0.0,0.0,589.1238608195708,2597.3348607653893,0.0,10636.392465282806
t1239,972.1875000000001,0.0,0.0,0.0,0.0,0.0,225.5962726207375,46.23697284006134,822.5778609438106,0.0,0.0,0.0,0.0,0.0,0.0,1702.464752604026,452.09446514915743,4221.157824157793
t1240,0.0,0.0,0.0,0.0,0.0,0.0,0.0,0.0,0.0,0.0,0.0,0.0,0.0,0.0,0.0,0.0,0.0,0.0
t1241,0.0,0.0,0.0,0.0,0.0,0.0,0.0,0.0,0.0,0.0,0.0,0.0,0.0,0.0,0.0,0.0,0.0,0.0
t1242,0.0,0.0,0.0,0.0,0.0,0.0,0.0,0.0,0.0,0.0,0.0,0.0,0.0,0.0,0.0,0.0,0.0,0.0
t1243,0.0,0.0,0.0,0.0,0.0,0.0,0.0,0.0,0.0,0.0,0.0,0.0,0.0,0.0,0.0,0.0,0.0,0.0
t1244,0.0,0.0,0.0,0.0,0.0,0.0,0.0,0.0,0.0,0.0,0.0,0.0,0.0,0.0,0.0,0.0,0.0,0.0
t1245,0.0,0.0,0.0,0.0,0.0,0.0,0.0,0.0,0.0,0.0,0.0,0.0,0.0,0.0,0.0,0.0,0.0,0.0
t1246,0.0,0.0,0.0,0.0,0.0,0.0,0.0,0.0,0.0,0.0,0.0,0.0,0.0,0.0,0.0,0.0,0.0,0.0
t1247,0.0,0.0,0.0,0.0,0.0,0.0,0.0,0.0,0.0,0.0,0.0,0.0,0.0,0.0,0.0,0.0,0.0,0.0
t1248,0.0,0.0,0.0,0.0,0.0,0.0,0.0,0.0,0.0,0.0,0.0,0.0,0.0,0.0,0.0,0.0,0.0,0.0
t1249,0.0,0.0,0.0,0.0,0.0,0.0,0.0,0.0,0.0,0.0,0.0,0.0,0.0,0.0,0.0,0.0,0.0,0.0
t1250,0.0,0.0,0.0,0.0,0.0,0.0,0.0,0.0,0.0,0.0,0.0,0.0,0.0,0.0,0.0,0.0,0.0,0.0
t1251,0.0,0.0,0.0,0.0,0.0,0.0,0.0,0.0,0.0,0.0,0.0,0.0,0.0,0.0,0.0,0.0,0.0,0.0
t1252,0.0,0.0,0.0,0.0,0.0,0.0,0.0,0.0,0.0,0.0,0.0,0.0,0.0,0.0,0.0,0.0,0.0,0.0
t1253,0.0,0.0,0.0,0.0,0.0,0.0,0.0,0.0,0.0,0.0,0.0,0.0,0.0,0.0,0.0,0.0,0.0,0.0
t1254,0.0,0.0,0.0,0.0,1628.814712036554,0.0,0.0,0.0,0.0,0.0,0.0,0.0,0.0,0.0,0.0,0.0,0.0,1628.814712036554
t1255,0.0,92.30769225,0.0,0.0,0.0,5091.794907300924,0.0,1559.9999999999998,3603.5368742424175,0.0,0.0,0.0,0.0,0.0,0.0,0.0,113.37459974958941,10461.014073542932
t1256,0.0,0.0,0.0,0.0,0.0,0.0,525.5576829459053,0.0,3418.9114392790457,0.0,0.0,0.0,0.0,0.0,1325.5286868440348,833.8921156740947,899.0724317384271,7002.962356481507
t1257,0.0,92.30769225,495.0030050000008,0.0,0.0,0.0,1275.80838375,693.3333333333329,0.0,0.0,0.0,0.0,0.0,0.0,1325.5286868440348,789.1756828300006,2088.853252980405,6760.010036987775
t1258,0.0,88.32241287000036,1058.7824668899998,0.0,246.72210041789478,1246.3247343677451,10.181598304529471,1559.9999999999998,2979.756695822137,0.0,0.0,0.0,0.0,0.0,514.6825032895761,3005.228513535471,2170.5937557901366,12880.59478128749
t1259,0.0,50.6361128700002,931.8939107070025,0.0,1895.1396121678167,2610.2359447349827,1275.80838375,1559.9999999999998,1853.3000213888006,0.0,420.37784178299654,0.0,0.0,0.0,1325.5286868440348,2012.4627953099994,1594.7502059484814,15530.133515504114
t1260,0.0,0.0,1296.0000000000002,0.0,3535.9999999999995,3654.441675532982,0.0,1559.9999999999998,45.62390779501385,0.0,391.1935416299989,0.0,0.0,0.0,1325.5286868440348,3596.0263877800003,356.422414992557,15761.236614574587
t1261,0.0,0.0,1051.0885226965022,0.0,3081.27627355585,4405.606363739298,0.0,0.0,0.0,0.0,557.9800189334986,0.0,0.0,0.0,0.0,4007.068187120001,1700.5693543391214,14803.58872038427
t1262,0.0,0.0,641.1430250265021,0.0,2567.139813858592,0.0,0.0,0.0,2116.1061136108488,0.0,557.9800189334986,0.0,0.0,0.0,74.4413575299952,3808.104244872435,3012.3783796947546,12777.292953526627
t1263,0.0,0.0,0.0,0.0,481.3382931324822,0.0,0.0,0.0,1855.5800070255304,0.0,552.379773980001,0.0,0.0,0.0,0.0,2434.8400608250604,2980.8332807779384,8304.971415741013
t1264,0.0,0.0,0.0,0.0,0.0,0.0,0.0,0.0,168.97304595639534,0.0,0.0,0.0,0.0,0.0,0.0,0.0,0.0,168.97304595639534
t1265,0.0,0.0,0.0,0.0,0.0,0.0,0.0,0.0,0.0,0.0,0.0,0.0,0.0,0.0,0.0,0.0,0.0,0.0
t1266,0.0,0.0,0.0,0.0,0.0,0.0,0.0,0.0,0.0,0.0,0.0,0.0,0.0,0.0,0.0,0.0,0.0,0.0
t1267,0.0,0.0,0.0,0.0,0.0,0.0,0.0,0.0,0.0,0.0,0.0,0.0,0.0,0.0,0.0,0.0,0.0,0.0
t1268,0.0,0.0,0.0,0.0,0.0,0.0,0.0,0.0,0.0,0.0,0.0,0.0,0.0,0.0,0.0,0.0,0.0,0.0
t1269,0.0,0.0,0.0,0.0,0.0,0.0,0.0,0.0,0.0,0.0,0.0,0.0,0.0,0.0,0.0,0.0,0.0,0.0
t1270,0.0,0.0,0.0,0.0,0.0,0.0,0.0,0.0,0.0,0.0,0.0,0.0,0.0,0.0,0.0,0.0,0.0,0.0
t1271,0.0,0.0,0.0,0.0,0.0,0.0,0.0,0.0,0.0,0.0,0.0,0.0,0.0,0.0,0.0,0.0,0.0,0.0
t1272,0.0,0.0,0.0,0.0,0.0,0.0,0.0,0.0,0.0,0.0,0.0,0.0,0.0,0.0,0.0,0.0,0.0,0.0
t1273,0.0,0.0,0.0,0.0,0.0,0.0,0.0,0.0,0.0,0.0,0.0,0.0,0.0,0.0,0.0,0.0,0.0,0.0
t1274,0.0,0.0,0.0,0.0,0.0,0.0,0.0,0.0,0.0,0.0,0.0,0.0,0.0,0.0,0.0,0.0,0.0,0.0
t1275,0.0,0.0,0.0,0.0,0.0,0.0,0.0,0.0,0.0,0.0,0.0,0.0,0.0,0.0,0.0,0.0,0.0,0.0
t1276,0.0,0.0,0.0,0.0,0.0,0.0,0.0,0.0,0.0,0.0,0.0,0.0,0.0,0.0,0.0,0.0,0.0,0.0
t1277,0.0,0.0,0.0,0.0,0.0,0.0,0.0,0.0,0.0,0.0,0.0,0.0,0.0,0.0,0.0,0.0,0.0,0.0
t1278,0.0,0.0,0.0,0.0,0.0,0.0,0.0,0.0,0.0,0.0,0.0,0.0,0.0,0.0,0.0,0.0,0.0,0.0
t1279,972.1875000000001,92.30769225,0.0,0.0,0.0,4165.917200446806,284.9097707755139,191.43635724738672,0.0,0.0,0.0,0.0,0.0,0.0,0.0,0.0,0.0,5706.758520719707
t1280,0.0,0.0,0.0,0.0,0.0,3228.6239457958945,1275.80838375,1559.9999999999998,1055.0481719674485,0.0,0.0,0.0,0.0,0.0,1325.5286868440348,694.9432781900003,2546.3388671089715,11686.291333656347
t1281,0.0,92.30769225,448.8740436599991,0.0,0.0,4192.486904767601,1275.80838375,1559.9999999999998,1882.8707622405489,0.0,0.0,0.0,0.0,0.0,1325.5286868440348,860.4986177299998,0.0,11638.375091242184
t1282,0.0,92.30769225,1296.0000000000002,0.0,1182.6398655204448,4699.468817226291,0.0,0.0,3892.770583440406,0.0,116.95781961999774,0.0,0.0,0.0,0.0,2807.1975038199994,3356.290727102567,17443.633008979705
t1283,0.0,70.10651287000009,1296.0000000000002,0.0,3277.5425023799967,5319.902815830962,775.2801846496449,1559.9999999999998,1713.71877636559,0.0,388.65281459999846,0.0,0.0,0.0,0.0,3050.513993710355,2427.1903793224933,19878.90797972904
t1284,0.0,0.0,1126.6065768665005,0.0,911.1019298006858,2921.2700466470437,0.0,1559.9999999999998,3648.5732520487395,0.0,557.9800189334986,0.0,0.0,0.0,1325.5286868440348,4312.36194458,3356.290727102567,19719.71318282307
t1285,0.0,0.0,1010.1928555169997,0.0,3535.9999999999995,3638.419913590766,1275.80838375,501.89697608594605,3214.0112520487396,0.0,396.2726873730002,0.0,0.0,0.0,585.0692971295717,2335.0819332700007,588.182820430908,17080.936119195932
t1286,0.0,0.0,582.3265239565009,0.0,3535.9999999999995,473.72630224596213,0.0,0.0,2723.3702520487395,0.0,557.9800189334986,0.0,0.0,0.0,1325.5286868440348,3574.1473997543117,2389.952715227591,15163.031899010639
t1287,0.0,0.0,0.0,0.0,2399.1515893400024,0.0,0.0,0.0,1917.6789408596414,0.0,462.0678358000004,0.0,0.0,0.0,4.054563689999624,2852.0533168923953,252.601439716309,7887.607686298348
t1288,0.0,0.0,0.0,0.0,873.1196685144249,0.0,0.0,0.0,0.0,0.0,0.0,0.0,0.0,0.0,0.0,0.0,0.0,873.1196685144249
t1289,0.0,0.0,0.0,0.0,0.0,0.0,0.0,0.0,0.0,0.0,0.0,0.0,0.0,0.0,0.0,0.0,0.0,0.0
t1290,0.0,0.0,0.0,0.0,0.0,0.0,0.0,0.0,0.0,0.0,0.0,0.0,0.0,0.0,0.0,0.0,0.0,0.0
t1291,0.0,0.0,0.0,0.0,0.0,0.0,0.0,0.0,0.0,0.0,0.0,0.0,0.0,0.0,0.0,0.0,0.0,0.0
t1292,0.0,0.0,0.0,0.0,0.0,0.0,0.0,0.0,0.0,0.0,0.0,0.0,0.0,0.0,0.0,0.0,0.0,0.0
t1293,0.0,0.0,0.0,0.0,0.0,0.0,0.0,0.0,0.0,0.0,0.0,0.0,0.0,0.0,0.0,0.0,0.0,0.0
t1294,0.0,0.0,0.0,0.0,0.0,0.0,0.0,0.0,0.0,0.0,0.0,0.0,0.0,0.0,0.0,0.0,0.0,0.0
t1295,0.0,0.0,0.0,0.0,0.0,0.0,0.0,0.0,0.0,0.0,0.0,0.0,0.0,0.0,0.0,0.0,0.0,0.0
t1296,0.0,0.0,0.0,0.0,0.0,0.0,0.0,0.0,0.0,0.0,0.0,0.0,0.0,0.0,0.0,0.0,0.0,0.0
t1297,0.0,0.0,0.0,0.0,0.0,0.0,0.0,0.0,0.0,0.0,0.0,0.0,0.0,0.0,0.0,0.0,0.0,0.0
t1298,0.0,0.0,0.0,0.0,0.0,0.0,0.0,0.0,0.0,0.0,0.0,0.0,0.0,0.0,0.0,0.0,0.0,0.0
t1299,0.0,0.0,0.0,0.0,0.0,0.0,0.0,0.0,0.0,0.0,0.0,0.0,0.0,0.0,0.0,0.0,0.0,0.0
t1300,0.0,0.0,0.0,0.0,0.0,0.0,0.0,0.0,0.0,0.0,0.0,0.0,0.0,0.0,0.0,0.0,0.0,0.0
t1301,0.0,0.0,0.0,0.0,0.0,0.0,0.0,0.0,0.0,0.0,0.0,0.0,0.0,0.0,0.0,0.0,0.0,0.0
t1302,0.0,0.0,0.0,0.0,0.0,0.0,0.0,0.0,0.0,0.0,0.0,0.0,0.0,0.0,0.0,0.0,0.0,0.0
t1303,0.0,0.0,0.0,0.0,0.0,0.0,0.0,0.0,0.0,0.0,0.0,0.0,0.0,0.0,0.0,0.0,0.0,0.0
t1304,972.1875000000001,92.30769225,0.0,0.0,2969.7896044800295,0.0,0.0,1559.9999999999998,2573.2595073795865,0.0,557.9800189334986,0.0,0.0,0.0,1315.9344437579298,3741.78335108,2164.842297395777,15948.08441527682
t1305,972.1875000000001,0.0,1296.0000000000002,0.0,2612.843261078647,3831.2562749008885,1275.80838375,1559.9999999999998,2291.1608240078667,0.0,0.0,0.0,0.0,0.0,598.7181039056759,3122.91584481,2367.626673423617,19928.516865876696
t1306,0.0,92.30769225,1296.0000000000002,0.0,2371.37610849595,6604.90656471019,1275.80838375,1559.9999999999998,4277.089476855085,0.0,247.99111952599924,0.0,0.0,0.0,1325.5286868440348,752.3584362300002,1708.1633009934985,21511.529769654757
t1307,972.1875000000001,0.0,589.2802556899989,0.0,1785.2124065918354,6639.256040680002,0.0,693.3333333333329,3086.6693246815466,0.0,0.0,0.0,0.0,0.0,0.0,2104.3157188200003,1567.0075378192782,17437.262117615996
t1308,0.0,41.02564100000005,116.66854742650123,0.0,3128.3564312514754,5385.7592048359675,0.0,0.0,2574.7145002743227,0.0,557.9800189334986,0.0,0.0,0.0,1325.5286868440348,2170.7622924599996,3356.290727102567,18657.086050128368
t1309,432.0833333333329,92.30769225,42.6628334265009,0.0,1742.0906040799998,3896.7301895999954,567.0259483333328,1559.9999999999998,2714.179786102518,0.0,557.9800189334986,0.0,0.0,0.0,0.0,4236.920209886667,0.0,15841.980615945846
t1310,972.1875000000001,0.0,1123.3883634569988,0.0,0.0,3501.3385149365754,1275.80838375,0.0,1711.177902655977,0.0,557.9800189334986,0.0,0.0,0.0,1325.5286868440348,2507.5630866903925,1841.3446355486174,14816.317092816094
t1311,0.0,92.30769225,1296.0000000000002,0.0,0.0,896.3087658919337,1275.80838375,0.0,811.6773962655743,0.0,0.0,0.0,0.0,0.0,0.0,577.4674813299998,1911.5725037280545,6861.142223215563
t1312,0.0,0.0,0.0,0.0,0.0,0.0,0.0,0.0,8.113272797376995,0.0,0.0,0.0,0.0,0.0,0.0,1272.7115666400002,0.0,1280.8248394373772
t1313,0.0,0.0,0.0,0.0,0.0,0.0,0.0,0.0,0.0,0.0,0.0,0.0,0.0,0.0,0.0,0.0,0.0,0.0
t1314,0.0,0.0,0.0,0.0,0.0,0.0,0.0,0.0,0.0,0.0,0.0,0.0,0.0,0.0,0.0,0.0,0.0,0.0
t1315,0.0,0.0,0.0,0.0,0.0,0.0,0.0,0.0,0.0,0.0,0.0,0.0,0.0,0.0,0.0,0.0,0.0,0.0
t1316,0.0,0.0,0.0,0.0,0.0,0.0,0.0,0.0,0.0,0.0,0.0,0.0,0.0,0.0,0.0,0.0,0.0,0.0
t1317,0.0,0.0,0.0,0.0,0.0,0.0,0.0,0.0,0.0,0.0,0.0,0.0,0.0,0.0,0.0,0.0,0.0,0.0
t1318,0.0,0.0,0.0,0.0,0.0,0.0,0.0,0.0,0.0,0.0,0.0,0.0,0.0,0.0,0.0,0.0,0.0,0.0
t1319,0.0,0.0,0.0,0.0,0.0,0.0,0.0,0.0,0.0,0.0,0.0,0.0,0.0,0.0,0.0,0.0,0.0,0.0
t1320,0.0,0.0,0.0,0.0,0.0,0.0,0.0,0.0,0.0,0.0,0.0,0.0,0.0,0.0,0.0,0.0,0.0,0.0
t1321,0.0,0.0,0.0,0.0,0.0,0.0,0.0,0.0,0.0,0.0,0.0,0.0,0.0,0.0,0.0,0.0,0.0,0.0
t1322,0.0,0.0,0.0,0.0,0.0,0.0,0.0,0.0,0.0,0.0,0.0,0.0,0.0,0.0,0.0,0.0,0.0,0.0
t1323,0.0,0.0,0.0,0.0,0.0,0.0,0.0,0.0,0.0,0.0,0.0,0.0,0.0,0.0,0.0,0.0,0.0,0.0
t1324,0.0,0.0,0.0,0.0,0.0,0.0,0.0,0.0,0.0,0.0,0.0,0.0,0.0,0.0,0.0,0.0,0.0,0.0
t1325,0.0,0.0,0.0,0.0,0.0,0.0,0.0,0.0,0.0,0.0,0.0,0.0,0.0,0.0,0.0,0.0,0.0,0.0
t1326,0.0,0.0,0.0,0.0,0.0,0.0,0.0,0.0,0.0,0.0,0.0,0.0,0.0,0.0,0.0,0.0,0.0,0.0
t1327,0.0,0.0,0.0,0.0,0.0,0.0,0.0,0.0,0.0,0.0,0.0,0.0,0.0,0.0,0.0,0.0,0.0,0.0
t1328,972.1875000000001,92.30769225,1296.0000000000002,0.0,2470.3144702720833,6920.0,1275.80838375,1559.9999999999998,2799.475249488144,0.0,0.0,0.0,0.0,0.0,0.0,0.0,472.1350819476279,17858.228377707856
t1329,972.1875000000001,92.30769225,1296.0000000000002,0.0,2297.870299160002,6920.0,1275.80838375,1559.9999999999998,2720.1233926695027,0.0,126.6201085008302,0.0,0.0,0.0,0.0,0.0,3356.290727102567,20617.208103432902
t1330,972.1875000000001,92.30769225,1296.0000000000002,0.0,3132.9835336452256,6920.0,1275.80838375,1559.9999999999998,2084.094192068658,0.0,503.63552110783525,0.0,0.0,0.0,0.0,1446.6941579829988,3356.290727102567,22640.00170790728
t1331,0.0,43.91383117770041,1030.7663234669983,0.0,2499.026331031894,4043.3439605254707,0.0,1117.4661194567962,3332.715196225826,0.0,485.2763700854193,0.0,0.0,0.0,1325.5286868440348,3877.09048124,2056.988124631535,19812.115424685675
t1332,972.1875000000001,0.0,547.9051714665014,0.0,2845.7985242280424,3943.3951058892485,0.0,842.450430237804,2292.1670773628784,0.0,557.9800189334986,0.0,0.0,0.0,1325.5286868440348,4221.117336459999,2318.8522881245453,19867.38213954655
t1333,432.0833333333334,89.41950207229961,293.3285050665002,0.0,1776.4282542682408,2008.8164891408371,1042.3688669159383,293.41678363873234,2126.855862892492,0.0,557.9800189334986,0.0,0.0,0.0,1221.296569249987,3353.872114484062,3356.290727102567,16552.15702709849
t1334,0.0,0.0,0.0,0.0,693.1341429500641,0.0,0.0,0.0,2299.31057736288,0.0,248.4191576989108,0.0,0.0,0.0,1325.5286868440348,4202.9771038,0.0,8769.369668655889
t1335,0.0,0.0,0.0,0.0,0.0,0.0,0.0,0.0,1801.474334649422,0.0,0.0,0.0,0.0,0.0,693.3559784136189,3385.046793980001,0.0,5879.877107043042
t1336,0.0,0.0,0.0,0.0,0.0,0.0,800.4654651673947,0.0,591.8261083000529,0.0,0.0,0.0,0.0,0.0,0.0,0.0,0.0,1392.2915734674475
t1337,0.0,0.0,0.0,0.0,0.0,0.0,0.0,0.0,0.0,0.0,0.0,0.0,0.0,0.0,0.0,0.0,0.0,0.0
t1338,0.0,0.0,0.0,0.0,0.0,0.0,0.0,0.0,0.0,0.0,0.0,0.0,0.0,0.0,0.0,0.0,0.0,0.0
t1339,0.0,0.0,0.0,0.0,0.0,0.0,0.0,0.0,0.0,0.0,0.0,0.0,0.0,0.0,0.0,0.0,0.0,0.0
t1340,0.0,0.0,0.0,0.0,0.0,0.0,0.0,0.0,0.0,0.0,0.0,0.0,0.0,0.0,0.0,0.0,0.0,0.0
t1341,0.0,0.0,0.0,0.0,0.0,0.0,0.0,0.0,0.0,0.0,0.0,0.0,0.0,0.0,0.0,0.0,0.0,0.0
t1342,0.0,0.0,0.0,0.0,0.0,0.0,0.0,0.0,0.0,0.0,0.0,0.0,0.0,0.0,0.0,0.0,0.0,0.0
t1343,0.0,0.0,0.0,0.0,0.0,0.0,0.0,0.0,0.0,0.0,0.0,0.0,0.0,0.0,0.0,0.0,0.0,0.0
t1344,0.0,0.0,0.0,0.0,0.0,0.0,0.0,0.0,0.0,0.0,0.0,0.0,0.0,0.0,0.0,0.0,0.0,0.0
t1345,0.0,0.0,0.0,0.0,0.0,0.0,0.0,0.0,0.0,0.0,0.0,0.0,0.0,0.0,0.0,0.0,0.0,0.0
t1346,0.0,0.0,0.0,0.0,0.0,0.0,0.0,0.0,0.0,0.0,0.0,0.0,0.0,0.0,0.0,0.0,0.0,0.0
t1347,0.0,0.0,0.0,0.0,0.0,0.0,0.0,0.0,0.0,0.0,0.0,0.0,0.0,0.0,0.0,0.0,0.0,0.0
t1348,0.0,0.0,0.0,0.0,0.0,0.0,0.0,0.0,0.0,0.0,0.0,0.0,0.0,0.0,0.0,0.0,0.0,0.0
t1349,0.0,0.0,0.0,0.0,0.0,0.0,0.0,0.0,0.0,0.0,0.0,0.0,0.0,0.0,0.0,0.0,0.0,0.0
t1350,0.0,0.0,0.0,0.0,0.0,0.0,0.0,0.0,0.0,0.0,0.0,0.0,0.0,0.0,0.0,0.0,0.0,0.0
t1351,0.0,0.0,0.0,0.0,0.0,0.0,0.0,0.0,0.0,0.0,0.0,0.0,0.0,0.0,0.0,0.0,0.0,0.0
t1352,972.1875000000001,0.0,0.0,0.0,0.0,958.502852363094,0.0,1559.9999999999998,0.0,0.0,0.0,0.0,0.0,0.0,0.0,0.0,3032.5405711981675,6523.230923561261
t1353,108.02083333333348,92.30769225,290.46865418870027,0.0,0.0,4075.8575274459686,0.0,765.8581690111026,2556.9775715022733,0.0,557.9800189334986,0.0,0.0,0.0,1325.5286868440348,1989.4417996600005,0.0,11762.44095316891
t1354,0.0,81.01688721666666,0.0,0.0,0.0,251.98372179791778,0.0,1559.9999999999998,2532.6846899971342,0.0,557.9800189334986,0.0,0.0,0.0,1325.5286868440348,3480.4035534199998,3310.6308510445892,13100.22840925384
t1355,0.0,0.0,0.0,0.0,0.0,0.0,0.0,1354.492304611482,2886.7261999793045,0.0,75.71367616973912,0.0,0.0,0.0,1325.5286868440348,3799.89860478,3356.290727102567,12798.650199487127
t1356,0.0,0.0,0.0,0.0,0.0,0.0,0.0,375.0376682860251,2742.9746437812905,0.0,557.9800189334986,0.0,0.0,0.0,1325.5286868440348,4027.2125444400003,3166.6392978949216,12195.37286017977
t1357,0.0,0.0,0.0,0.0,0.0,0.0,0.0,0.0,3029.4271560732136,0.0,557.9800189334986,0.0,0.0,0.0,589.1238608195713,4016.5282977797006,2050.746228771164,10243.805562377147
t1358,0.0,0.0,0.0,0.0,0.0,0.0,0.0,0.0,1861.6238058511997,0.0,172.27744335626002,0.0,0.0,0.0,0.0,875.4849492800004,0.0,2909.38619848746
t1359,0.0,0.0,0.0,0.0,0.0,0.0,0.0,0.0,0.0,0.0,0.0,0.0,0.0,0.0,0.0,0.0,0.0,0.0
t1360,0.0,0.0,0.0,0.0,0.0,0.0,0.0,0.0,0.0,0.0,0.0,0.0,0.0,0.0,0.0,0.0,0.0,0.0
t1361,0.0,0.0,0.0,0.0,0.0,0.0,0.0,0.0,0.0,0.0,0.0,0.0,0.0,0.0,0.0,0.0,0.0,0.0
t1362,0.0,0.0,0.0,0.0,0.0,0.0,0.0,0.0,0.0,0.0,0.0,0.0,0.0,0.0,0.0,0.0,0.0,0.0
t1363,0.0,0.0,0.0,0.0,0.0,0.0,0.0,0.0,0.0,0.0,0.0,0.0,0.0,0.0,0.0,0.0,0.0,0.0
t1364,0.0,0.0,0.0,0.0,0.0,0.0,0.0,0.0,0.0,0.0,0.0,0.0,0.0,0.0,0.0,0.0,0.0,0.0
t1365,0.0,0.0,0.0,0.0,0.0,0.0,0.0,0.0,0.0,0.0,0.0,0.0,0.0,0.0,0.0,0.0,0.0,0.0
t1366,0.0,0.0,0.0,0.0,0.0,0.0,0.0,0.0,0.0,0.0,0.0,0.0,0.0,0.0,0.0,0.0,0.0,0.0
t1367,0.0,0.0,0.0,0.0,0.0,0.0,0.0,0.0,0.0,0.0,0.0,0.0,0.0,0.0,0.0,0.0,0.0,0.0
t1368,0.0,0.0,0.0,0.0,0.0,0.0,0.0,0.0,0.0,0.0,0.0,0.0,0.0,0.0,0.0,0.0,0.0,0.0
t1369,0.0,0.0,0.0,0.0,0.0,0.0,0.0,0.0,0.0,0.0,0.0,0.0,0.0,0.0,0.0,0.0,0.0,0.0
t1370,0.0,0.0,0.0,0.0,0.0,0.0,0.0,0.0,0.0,0.0,0.0,0.0,0.0,0.0,0.0,0.0,0.0,0.0
t1371,0.0,0.0,0.0,0.0,0.0,0.0,0.0,0.0,0.0,0.0,0.0,0.0,0.0,0.0,0.0,0.0,0.0,0.0
t1372,0.0,0.0,0.0,0.0,0.0,0.0,0.0,0.0,0.0,0.0,0.0,0.0,0.0,0.0,0.0,0.0,0.0,0.0
t1373,0.0,0.0,0.0,0.0,0.0,0.0,0.0,0.0,0.0,0.0,0.0,0.0,0.0,0.0,0.0,0.0,0.0,0.0
t1374,0.0,0.0,0.0,0.0,0.0,0.0,0.0,0.0,0.0,0.0,0.0,0.0,0.0,0.0,0.0,0.0,0.0,0.0
t1375,340.8117091282897,92.30769225,0.0,0.0,0.0,2443.318988392404,0.0,1559.9999999999998,0.0,0.0,0.0,0.0,0.0,0.0,0.0,0.0,113.35760221257762,4549.795991983272
t1376,0.0,0.0,0.0,0.0,3535.9999999999995,0.0,0.0,0.0,2290.968804321067,0.0,557.9800189334986,0.0,0.0,0.0,1325.5286868440348,1772.0451166400005,700.307435804721,10182.83006254332
t1377,0.0,0.0,0.0,0.0,2332.5151479513124,0.0,0.0,0.0,3668.2273303839734,0.0,218.7609529829965,0.0,0.0,0.0,1303.8876599565208,2425.1309094000007,1897.1376210622075,11845.659621737012
t1378,0.0,0.0,0.0,0.0,2552.705461336513,0.0,0.0,0.0,3386.2910154128085,0.0,435.4185904900009,0.0,0.0,0.0,1022.7516610072839,3321.9791682664,3356.290727102567,14075.436623615573
t1379,0.0,0.0,86.7636928265012,0.0,1207.0298451139151,0.0,0.0,410.5428891078011,3158.4533207911977,0.0,557.9800189334986,0.0,0.0,0.0,1325.5286868440348,3839.56976298,3356.290727102567,13942.158943699515
t1380,0.0,0.0,0.0,0.0,266.6294921999992,0.0,0.0,0.0,2904.3381515409465,0.0,530.0165213600002,0.0,0.0,0.0,913.5419135438357,3894.766580316627,3356.290727102567,11865.583386063976
t1381,0.0,0.0,0.0,0.0,0.0,0.0,0.0,0.0,2382.593362503364,0.0,179.7550925599988,0.0,0.0,0.0,0.0,3379.9765932200003,2137.1728356241997,8079.497883907563
t1382,0.0,0.0,0.0,0.0,0.0,0.0,0.0,0.0,817.7531730187819,0.0,0.0,0.0,0.0,0.0,0.0,939.7771136854827,0.0,1757.5302867042647
t1383,0.0,0.0,0.0,0.0,0.0,0.0,0.0,0.0,0.0,0.0,0.0,0.0,0.0,0.0,0.0,0.0,0.0,0.0
t1384,0.0,0.0,0.0,0.0,0.0,0.0,0.0,0.0,0.0,0.0,0.0,0.0,0.0,0.0,0.0,0.0,0.0,0.0
t1385,0.0,0.0,0.0,0.0,0.0,0.0,0.0,0.0,0.0,0.0,0.0,0.0,0.0,0.0,0.0,0.0,0.0,0.0
t1386,0.0,0.0,0.0,0.0,0.0,0.0,0.0,0.0,0.0,0.0,0.0,0.0,0.0,0.0,0.0,0.0,0.0,0.0
t1387,0.0,0.0,0.0,0.0,0.0,0.0,0.0,0.0,0.0,0.0,0.0,0.0,0.0,0.0,0.0,0.0,0.0,0.0
t1388,0.0,0.0,0.0,0.0,0.0,0.0,0.0,0.0,0.0,0.0,0.0,0.0,0.0,0.0,0.0,0.0,0.0,0.0
t1389,0.0,0.0,0.0,0.0,0.0,0.0,0.0,0.0,0.0,0.0,0.0,0.0,0.0,0.0,0.0,0.0,0.0,0.0
t1390,0.0,0.0,0.0,0.0,0.0,0.0,0.0,0.0,0.0,0.0,0.0,0.0,0.0,0.0,0.0,0.0,0.0,0.0
t1391,0.0,0.0,0.0,0.0,0.0,0.0,0.0,0.0,0.0,0.0,0.0,0.0,0.0,0.0,0.0,0.0,0.0,0.0
t1392,0.0,0.0,0.0,0.0,0.0,0.0,0.0,0.0,0.0,0.0,0.0,0.0,0.0,0.0,0.0,0.0,0.0,0.0
t1393,0.0,0.0,0.0,0.0,0.0,0.0,0.0,0.0,0.0,0.0,0.0,0.0,0.0,0.0,0.0,0.0,0.0,0.0
t1394,0.0,0.0,0.0,0.0,0.0,0.0,0.0,0.0,0.0,0.0,0.0,0.0,0.0,0.0,0.0,0.0,0.0,0.0
t1395,0.0,0.0,0.0,0.0,0.0,0.0,0.0,0.0,0.0,0.0,0.0,0.0,0.0,0.0,0.0,0.0,0.0,0.0
t1396,0.0,0.0,0.0,0.0,1587.0305346199993,0.0,0.0,0.0,0.0,0.0,0.0,0.0,0.0,0.0,0.0,0.0,0.0,1587.0305346199993
t1397,0.0,0.0,0.0,0.0,0.0,0.0,0.0,0.0,0.0,0.0,0.0,0.0,0.0,0.0,0.0,0.0,0.0,0.0
t1398,0.0,0.0,0.0,0.0,0.0,0.0,0.0,0.0,0.0,0.0,0.0,0.0,0.0,0.0,0.0,0.0,0.0,0.0
t1399,281.87342009745623,0.0,0.0,0.0,2676.170257472043,3895.886453483273,0.0,1559.9999999999998,0.0,0.0,0.0,0.0,0.0,0.0,31.26154156321426,0.0,896.5841208603651,9341.77579347635
t1400,0.0,0.0,0.0,0.0,1735.2313878203577,0.0,0.0,0.0,3602.0684511815734,0.0,0.0,0.0,0.0,0.0,1080.4511825090174,2316.1381860399997,1383.9845115510786,10117.873719102026
t1401,0.0,0.0,0.0,0.0,3302.4256100716398,0.0,0.0,0.0,3872.1437368133134,0.0,0.0,0.0,0.0,0.0,0.0,2476.318659508925,1877.641894251238,11528.529900645115
t1402,0.0,0.0,0.0,0.0,2207.60699841104,0.0,0.0,0.0,3879.672943169394,0.0,0.0,0.0,0.0,0.0,0.0,3055.1973135722646,3356.290727102567,12498.767982255265
t1403,0.0,0.0,0.0,0.0,2054.8651719151035,0.0,0.0,0.0,3571.579966887212,0.0,322.3259760899987,0.0,0.0,0.0,802.9398235913793,3653.1894904400006,3356.290727102567,13761.191156026262
t1404,0.0,0.0,0.0,0.0,1228.6449443441195,0.0,0.0,0.0,3091.842228330923,0.0,0.0,0.0,0.0,0.0,0.0,2560.7974650297588,3356.290727102567,10237.575364807368
t1405,0.0,0.0,0.0,0.0,923.5806509012504,0.0,0.0,0.0,1004.8394930524178,0.0,0.0,0.0,0.0,0.0,0.0,1193.1117527799997,689.764968041023,3811.296864774691
t1406,0.0,0.0,0.0,0.0,0.0,0.0,0.0,0.0,0.0,0.0,0.0,0.0,0.0,0.0,0.0,0.0,0.0,0.0
t1407,0.0,0.0,0.0,0.0,0.0,0.0,0.0,0.0,0.0,0.0,0.0,0.0,0.0,0.0,0.0,0.0,0.0,0.0
t1408,0.0,0.0,0.0,0.0,0.0,0.0,0.0,0.0,0.0,0.0,0.0,0.0,0.0,0.0,0.0,0.0,0.0,0.0
t1409,0.0,0.0,0.0,0.0,0.0,0.0,0.0,0.0,0.0,0.0,0.0,0.0,0.0,0.0,0.0,0.0,0.0,0.0
t1410,0.0,0.0,0.0,0.0,0.0,0.0,0.0,0.0,0.0,0.0,0.0,0.0,0.0,0.0,0.0,0.0,0.0,0.0
t1411,0.0,0.0,0.0,0.0,0.0,0.0,0.0,0.0,0.0,0.0,0.0,0.0,0.0,0.0,0.0,0.0,0.0,0.0
t1412,0.0,0.0,0.0,0.0,0.0,0.0,0.0,0.0,0.0,0.0,0.0,0.0,0.0,0.0,0.0,0.0,0.0,0.0
t1413,0.0,0.0,0.0,0.0,0.0,0.0,0.0,0.0,0.0,0.0,0.0,0.0,0.0,0.0,0.0,0.0,0.0,0.0
t1414,0.0,0.0,0.0,0.0,0.0,0.0,0.0,0.0,0.0,0.0,0.0,0.0,0.0,0.0,0.0,0.0,0.0,0.0
t1415,0.0,0.0,0.0,0.0,0.0,0.0,0.0,0.0,0.0,0.0,0.0,0.0,0.0,0.0,0.0,0.0,0.0,0.0
t1416,0.0,0.0,0.0,0.0,0.0,0.0,0.0,0.0,0.0,0.0,0.0,0.0,0.0,0.0,0.0,0.0,0.0,0.0
t1417,0.0,0.0,0.0,0.0,0.0,0.0,0.0,0.0,0.0,0.0,0.0,0.0,0.0,0.0,0.0,0.0,0.0,0.0
t1418,0.0,0.0,0.0,0.0,0.0,0.0,0.0,0.0,0.0,0.0,0.0,0.0,0.0,0.0,0.0,0.0,0.0,0.0
t1419,0.0,0.0,0.0,0.0,0.0,0.0,0.0,0.0,0.0,0.0,0.0,0.0,0.0,0.0,0.0,0.0,0.0,0.0
t1420,0.0,0.0,0.0,0.0,0.0,0.0,0.0,0.0,0.0,0.0,0.0,0.0,0.0,0.0,0.0,0.0,0.0,0.0
t1421,0.0,0.0,0.0,0.0,0.0,0.0,0.0,0.0,0.0,0.0,0.0,0.0,0.0,0.0,0.0,0.0,0.0,0.0
t1422,0.0,0.0,0.0,0.0,0.0,0.0,0.0,0.0,0.0,0.0,0.0,0.0,0.0,0.0,0.0,0.0,0.0,0.0
t1423,171.33234367583256,0.0,0.0,0.0,0.0,1957.6585559329217,0.0,1559.9999999999998,0.0,0.0,0.0,0.0,0.0,0.0,0.0,0.0,565.0691195496233,4254.060019158378
t1424,0.0,0.0,0.0,0.0,0.0,0.0,0.0,0.0,2286.310034924627,0.0,181.1993720599988,0.0,0.0,0.0,1325.5286868440348,1288.7332974400008,3272.637873374619,8354.40926464328
t1425,0.0,0.0,0.0,0.0,3535.9999999999995,0.0,0.0,0.0,3714.4467662264824,0.0,0.0,0.0,0.0,0.0,686.0010550283885,2212.7370088691478,971.7394952388379,11120.924325362856
t1426,0.0,0.0,0.0,0.0,3508.660507861809,0.0,0.0,0.0,3643.5819187751217,0.0,160.09835532999983,0.0,0.0,0.0,0.0,3103.79027392,3200.576438818428,13616.707494705359
t1427,0.0,0.0,0.0,0.0,3535.9999999999995,0.0,0.0,0.0,3463.5067983593685,0.0,442.50803078000035,0.0,0.0,0.0,815.695025570252,3447.18894974,3356.290727102567,15061.189531552189
t1428,0.0,0.0,0.0,0.0,3535.9999999999995,0.0,0.0,0.0,3071.2804489733535,0.0,0.0,0.0,0.0,0.0,0.0,3680.49311354,2391.4756186822583,12679.249181195612
t1429,0.0,0.0,0.0,0.0,1598.8950476937466,0.0,0.0,0.0,2230.4849091086026,0.0,0.0,0.0,0.0,0.0,0.0,1530.4165976525646,1159.0584032450754,6518.8549576999885
t1430,0.0,0.0,0.0,0.0,0.0,0.0,0.0,0.0,0.0,0.0,0.0,0.0,0.0,0.0,0.0,0.0,0.0,0.0
t1431,0.0,0.0,0.0,0.0,0.0,0.0,0.0,0.0,0.0,0.0,0.0,0.0,0.0,0.0,0.0,0.0,0.0,0.0
t1432,0.0,0.0,0.0,0.0,0.0,0.0,0.0,0.0,0.0,0.0,0.0,0.0,0.0,0.0,0.0,0.0,0.0,0.0
t1433,0.0,0.0,0.0,0.0,0.0,0.0,0.0,0.0,0.0,0.0,0.0,0.0,0.0,0.0,0.0,0.0,0.0,0.0
t1434,0.0,0.0,0.0,0.0,0.0,0.0,0.0,0.0,0.0,0.0,0.0,0.0,0.0,0.0,0.0,0.0,0.0,0.0
t1435,0.0,0.0,0.0,0.0,0.0,0.0,0.0,0.0,0.0,0.0,0.0,0.0,0.0,0.0,0.0,0.0,0.0,0.0
t1436,0.0,0.0,0.0,0.0,0.0,0.0,0.0,0.0,0.0,0.0,0.0,0.0,0.0,0.0,0.0,0.0,0.0,0.0
t1437,0.0,0.0,0.0,0.0,0.0,0.0,0.0,0.0,0.0,0.0,0.0,0.0,0.0,0.0,0.0,0.0,0.0,0.0
t1438,0.0,0.0,0.0,0.0,0.0,0.0,0.0,0.0,0.0,0.0,0.0,0.0,0.0,0.0,0.0,0.0,0.0,0.0
t1439,0.0,0.0,0.0,0.0,0.0,0.0,0.0,0.0,0.0,0.0,0.0,0.0,0.0,0.0,0.0,0.0,0.0,0.0
t1440,0.0,0.0,0.0,0.0,0.0,0.0,0.0,0.0,0.0,0.0,0.0,0.0,0.0,0.0,0.0,0.0,0.0,0.0
t1441,0.0,0.0,0.0,0.0,0.0,0.0,0.0,0.0,0.0,0.0,0.0,0.0,0.0,0.0,0.0,0.0,0.0,0.0
t1442,0.0,0.0,0.0,0.0,0.0,0.0,0.0,0.0,0.0,0.0,0.0,0.0,0.0,0.0,0.0,0.0,0.0,0.0
t1443,0.0,0.0,0.0,0.0,0.0,0.0,0.0,0.0,0.0,0.0,0.0,0.0,0.0,0.0,0.0,0.0,0.0,0.0
t1444,0.0,0.0,0.0,0.0,0.0,0.0,0.0,0.0,0.0,0.0,0.0,0.0,0.0,0.0,0.0,0.0,0.0,0.0
t1445,0.0,0.0,0.0,0.0,0.0,0.0,0.0,0.0,0.0,0.0,0.0,0.0,0.0,0.0,0.0,0.0,0.0,0.0
t1446,0.0,0.0,0.0,0.0,0.0,0.0,0.0,0.0,0.0,0.0,0.0,0.0,0.0,0.0,0.0,0.0,0.0,0.0
t1447,140.60162883736044,0.0,0.0,0.0,0.0,0.0,0.0,295.28177739046237,0.0,0.0,0.0,0.0,0.0,0.0,0.0,0.0,0.0,435.8834062278228
t1448,0.0,0.0,0.0,0.0,0.0,0.0,0.0,0.0,3442.7410093074923,0.0,0.0,0.0,0.0,0.0,1325.5286868440348,0.0,2066.2628009361956,6834.532497087723
t1449,0.0,0.0,0.0,0.0,0.0,0.0,0.0,317.1887276115394,3914.3496667600575,0.0,557.9800189334986,0.0,0.0,0.0,1325.5286868440348,1640.313129380875,622.8129899212267,8378.173219451231
t1450,0.0,0.0,0.0,0.0,1219.369745769997,0.0,0.0,1559.9999999999998,3552.3755186028816,0.0,557.9800189334986,0.0,0.0,0.0,1231.1563628252618,3567.5618136400003,390.8079917907351,12079.251451562373
t1451,0.0,0.0,0.0,0.0,3323.947917329999,0.0,0.0,0.0,3670.8015410795733,0.0,557.9800189334986,0.0,0.0,0.0,536.2152196334513,3623.3691632800005,3356.290727102567,15068.60458735909
t1452,0.0,0.0,0.0,0.0,475.34193768614756,0.0,0.0,0.0,3202.6187341348814,0.0,405.69556181709754,0.0,0.0,0.0,0.0,3321.956500833094,3356.290727102567,10761.903461573787
t1453,0.0,0.0,0.0,0.0,0.0,0.0,0.0,0.0,2265.1555211349687,0.0,0.0,0.0,0.0,0.0,0.0,1128.52384968,3356.290727102567,6749.970097917536
t1454,0.0,0.0,0.0,0.0,0.0,0.0,0.0,0.0,0.0,0.0,0.0,0.0,0.0,0.0,0.0,935.7547035399998,1768.09171205555,2703.84641559555
t1455,0.0,0.0,0.0,0.0,0.0,0.0,0.0,0.0,0.0,0.0,0.0,0.0,0.0,0.0,0.0,0.0,0.0,0.0
t1456,0.0,0.0,0.0,0.0,0.0,0.0,0.0,0.0,0.0,0.0,0.0,0.0,0.0,0.0,0.0,0.0,0.0,0.0
t1457,0.0,0.0,0.0,0.0,0.0,0.0,0.0,0.0,0.0,0.0,0.0,0.0,0.0,0.0,0.0,0.0,0.0,0.0
t1458,0.0,0.0,0.0,0.0,0.0,0.0,0.0,0.0,0.0,0.0,0.0,0.0,0.0,0.0,0.0,0.0,0.0,0.0
t1459,0.0,0.0,0.0,0.0,0.0,0.0,0.0,0.0,0.0,0.0,0.0,0.0,0.0,0.0,0.0,0.0,0.0,0.0
t1460,0.0,0.0,0.0,0.0,0.0,0.0,0.0,0.0,0.0,0.0,0.0,0.0,0.0,0.0,0.0,0.0,0.0,0.0
t1461,0.0,0.0,0.0,0.0,0.0,0.0,0.0,0.0,0.0,0.0,0.0,0.0,0.0,0.0,0.0,0.0,0.0,0.0
t1462,0.0,0.0,0.0,0.0,0.0,0.0,0.0,0.0,0.0,0.0,0.0,0.0,0.0,0.0,0.0,0.0,0.0,0.0
t1463,0.0,0.0,0.0,0.0,0.0,0.0,0.0,0.0,0.0,0.0,0.0,0.0,0.0,0.0,0.0,0.0,0.0,0.0
t1464,0.0,0.0,0.0,0.0,0.0,0.0,0.0,0.0,0.0,0.0,0.0,0.0,0.0,0.0,0.0,0.0,0.0,0.0
t1465,0.0,0.0,0.0,0.0,0.0,0.0,0.0,0.0,0.0,0.0,0.0,0.0,0.0,0.0,0.0,0.0,0.0,0.0
t1466,0.0,0.0,0.0,0.0,0.0,0.0,0.0,0.0,0.0,0.0,0.0,0.0,0.0,0.0,0.0,0.0,0.0,0.0
t1467,0.0,0.0,0.0,0.0,0.0,0.0,0.0,0.0,0.0,0.0,0.0,0.0,0.0,0.0,0.0,0.0,0.0,0.0
t1468,0.0,0.0,0.0,0.0,0.0,0.0,0.0,0.0,0.0,0.0,0.0,0.0,0.0,0.0,0.0,0.0,0.0,0.0
t1469,0.0,0.0,0.0,0.0,0.0,0.0,0.0,0.0,0.0,0.0,0.0,0.0,0.0,0.0,0.0,0.0,0.0,0.0
t1470,0.0,0.0,0.0,0.0,0.0,0.0,0.0,0.0,0.0,0.0,0.0,0.0,0.0,0.0,0.0,0.0,0.0,0.0
t1471,972.1875000000001,0.0,0.0,0.0,0.0,0.0,0.0,0.0,841.8230814283307,0.0,0.0,0.0,0.0,0.0,0.0,0.0,0.0,1814.0105814283309
t1472,972.1875000000001,92.30769225,0.0,0.0,0.0,0.0,505.67675900142103,0.0,2433.6033142778897,0.0,290.7296848494985,0.0,0.0,0.0,1325.5286868440348,0.0,3356.290727102567,8976.324364325412
t1473,76.45718803428556,92.30769225,0.0,0.0,1145.3882538326448,6920.0,0.0,736.802621270847,3871.674108638649,0.0,0.0,0.0,0.0,0.0,1325.5286868440348,3121.0078898200004,1944.6346976361904,19233.80113832665
t1474,972.1875000000001,92.30769225,575.9999999999998,0.0,3535.9999999999995,6920.0,1275.80838375,1559.9999999999998,2840.4483227258515,0.0,34.08172541999932,0.0,0.0,0.0,0.0,3150.72594989,3356.290727102567,24313.850301138416
t1475,0.0,0.0,1296.0000000000002,0.0,2520.4315209599017,6920.0,1275.80838375,1559.9999999999998,3275.316551689366,0.0,557.9800189334986,0.0,0.0,0.0,1325.5286868440348,3435.10095005,3356.290727102567,25522.456839329367
t1476,0.0,0.0,1296.0000000000002,0.0,3535.9999999999995,6920.0,61.3491893319118,1559.9999999999998,2926.893266527838,0.0,557.9800189334986,0.0,0.0,0.0,1325.5286868440348,4609.529547288089,0.0,22793.280708925373
t1477,0.0,73.86794964999996,1296.0000000000002,0.0,3535.9999999999995,3075.555555555556,1275.80838375,0.0,2428.584324083971,0.0,557.9800189334986,0.0,0.0,0.0,589.1238608195707,3420.3152620900005,2903.3407970675166,19156.576151950114
t1478,972.1875000000001,59.46538360000009,1296.0000000000002,0.0,1441.7357807630083,0.0,1275.80838375,1516.5307120624857,786.315190112963,0.0,481.15972819000007,0.0,0.0,0.0,0.0,734.6790393455838,0.0,8563.881717824042
t1479,355.6261452990468,0.0,0.0,0.0,0.0,0.0,0.0,0.0,643.3838315349965,0.0,0.0,0.0,0.0,0.0,0.0,2015.4393494633873,0.0,3014.4493262974306
t1480,0.0,0.0,0.0,0.0,0.0,0.0,0.0,0.0,0.0,0.0,0.0,0.0,0.0,0.0,0.0,0.0,0.0,0.0
t1481,0.0,0.0,0.0,0.0,0.0,0.0,0.0,0.0,0.0,0.0,0.0,0.0,0.0,0.0,0.0,0.0,0.0,0.0
t1482,0.0,0.0,0.0,0.0,0.0,0.0,0.0,0.0,0.0,0.0,0.0,0.0,0.0,0.0,0.0,0.0,0.0,0.0
t1483,0.0,0.0,0.0,0.0,0.0,0.0,0.0,0.0,0.0,0.0,0.0,0.0,0.0,0.0,0.0,0.0,0.0,0.0
t1484,0.0,0.0,0.0,0.0,0.0,0.0,0.0,0.0,0.0,0.0,0.0,0.0,0.0,0.0,0.0,0.0,0.0,0.0
t1485,0.0,0.0,0.0,0.0,0.0,0.0,0.0,0.0,0.0,0.0,0.0,0.0,0.0,0.0,0.0,0.0,0.0,0.0
t1486,0.0,0.0,0.0,0.0,0.0,0.0,0.0,0.0,0.0,0.0,0.0,0.0,0.0,0.0,0.0,0.0,0.0,0.0
t1487,0.0,0.0,0.0,0.0,0.0,0.0,0.0,0.0,0.0,0.0,0.0,0.0,0.0,0.0,0.0,0.0,0.0,0.0
t1488,0.0,0.0,0.0,0.0,0.0,0.0,0.0,0.0,0.0,0.0,0.0,0.0,0.0,0.0,0.0,0.0,0.0,0.0
t1489,0.0,0.0,0.0,0.0,0.0,0.0,0.0,0.0,0.0,0.0,0.0,0.0,0.0,0.0,0.0,0.0,0.0,0.0
t1490,0.0,0.0,0.0,0.0,0.0,0.0,0.0,0.0,0.0,0.0,0.0,0.0,0.0,0.0,0.0,0.0,0.0,0.0
t1491,0.0,0.0,0.0,0.0,0.0,0.0,0.0,0.0,0.0,0.0,0.0,0.0,0.0,0.0,0.0,0.0,0.0,0.0
t1492,0.0,0.0,0.0,0.0,0.0,0.0,0.0,0.0,0.0,0.0,0.0,0.0,0.0,0.0,0.0,0.0,0.0,0.0
t1493,0.0,0.0,0.0,0.0,0.0,0.0,0.0,0.0,0.0,0.0,0.0,0.0,0.0,0.0,0.0,0.0,0.0,0.0
t1494,0.0,0.0,0.0,0.0,0.0,0.0,0.0,0.0,0.0,0.0,0.0,0.0,0.0,0.0,0.0,0.0,0.0,0.0
t1495,0.0,0.0,0.0,0.0,0.0,0.0,0.0,0.0,1020.5036441672847,0.0,0.0,0.0,0.0,0.0,1325.5286868440348,0.0,0.0,2346.0323310113195
t1496,972.1875000000001,0.0,0.0,0.0,0.0,0.0,0.0,1559.9999999999998,0.0,0.0,0.0,0.0,0.0,0.0,0.0,3006.9028612800003,3356.290727102567,8895.381088382568
t1497,0.0,79.06719224999969,994.9730386865,0.0,858.0945236829099,693.1993141359629,1275.80838375,1559.9999999999998,3899.5150079591403,0.0,557.9800189334986,0.0,0.0,0.0,1325.5286868440348,96.97278477000037,235.82959835446982,11576.968549366517
t1498,972.1875000000001,69.50999224999998,1296.0000000000002,0.0,2939.91642903628,5383.886238369482,1275.80838375,693.3333333333329,3133.9881184348083,0.0,557.9800189334986,0.0,0.0,0.0,589.1238608195713,2934.9012405500002,699.8375009620066,20546.47261643898
t1499,0.0,92.30769225,1296.0000000000002,0.0,3535.9999999999995,6920.0,1275.80838375,1559.9999999999998,3971.238476229144,0.0,557.9800189334986,0.0,0.0,0.0,0.0,3212.3610079900004,1392.073241879724,23813.76882103237
t1500,972.1875000000001,92.30769225,774.5928879799985,0.0,3535.9999999999995,6920.0,0.0,1559.9999999999998,2619.449903971436,0.0,0.0,0.0,0.0,0.0,0.0,2245.8764203785763,3356.290727102567,22076.705131682575
t1501,432.0833333333329,41.401057400000234,1296.0000000000002,0.0,3535.9999999999995,6621.931410064931,198.9169475681428,0.0,2738.699290613742,0.0,557.9800189334986,0.0,0.0,0.0,1325.5286868440348,4210.460627951857,0.0,20959.001372709536
t1502,972.1875000000001,35.66278360000008,0.0,0.0,296.5060952270107,1276.811978149767,0.0,0.0,1596.8754813663104,0.0,89.81359507000109,0.0,0.0,0.0,1325.5286868440348,4180.12918754,3356.290727102567,13129.806034899691
t1503,0.0,0.0,102.43407333350163,0.0,1013.0385076093529,2939.726614835411,1275.80838375,0.0,1067.7720682779916,0.0,158.17752445599797,0.0,0.0,0.0,0.0,599.1938574866257,1795.651775881891,8951.80280563077
t1504,0.0,0.0,0.0,0.0,0.0,0.0,368.10900076518993,0.0,0.0,0.0,0.0,0.0,0.0,0.0,0.0,0.0,724.5833776256156,1092.6923783908055
t1505,0.0,0.0,0.0,0.0,0.0,0.0,0.0,0.0,0.0,0.0,0.0,0.0,0.0,0.0,0.0,0.0,0.0,0.0
t1506,0.0,0.0,0.0,0.0,0.0,0.0,0.0,0.0,0.0,0.0,0.0,0.0,0.0,0.0,0.0,0.0,0.0,0.0
t1507,0.0,0.0,0.0,0.0,0.0,0.0,0.0,0.0,0.0,0.0,0.0,0.0,0.0,0.0,0.0,0.0,0.0,0.0
t1508,0.0,0.0,0.0,0.0,0.0,0.0,0.0,0.0,0.0,0.0,0.0,0.0,0.0,0.0,0.0,0.0,0.0,0.0
t1509,0.0,0.0,0.0,0.0,0.0,0.0,0.0,0.0,0.0,0.0,0.0,0.0,0.0,0.0,0.0,0.0,0.0,0.0
t1510,0.0,0.0,0.0,0.0,0.0,0.0,0.0,0.0,0.0,0.0,0.0,0.0,0.0,0.0,0.0,0.0,0.0,0.0
t1511,0.0,0.0,0.0,0.0,0.0,0.0,0.0,0.0,0.0,0.0,0.0,0.0,0.0,0.0,0.0,0.0,0.0,0.0
t1512,0.0,0.0,0.0,0.0,0.0,0.0,0.0,0.0,0.0,0.0,0.0,0.0,0.0,0.0,0.0,0.0,0.0,0.0
t1513,0.0,0.0,0.0,0.0,0.0,0.0,0.0,0.0,0.0,0.0,0.0,0.0,0.0,0.0,0.0,0.0,0.0,0.0
t1514,0.0,0.0,0.0,0.0,0.0,0.0,0.0,0.0,0.0,0.0,0.0,0.0,0.0,0.0,0.0,0.0,0.0,0.0
t1515,0.0,0.0,0.0,0.0,0.0,0.0,0.0,0.0,0.0,0.0,0.0,0.0,0.0,0.0,0.0,0.0,0.0,0.0
t1516,0.0,0.0,0.0,0.0,0.0,0.0,0.0,0.0,0.0,0.0,0.0,0.0,0.0,0.0,0.0,0.0,0.0,0.0
t1517,0.0,0.0,0.0,0.0,0.0,0.0,0.0,0.0,0.0,0.0,0.0,0.0,0.0,0.0,0.0,0.0,0.0,0.0
t1518,0.0,0.0,0.0,0.0,0.0,0.0,0.0,0.0,0.0,0.0,0.0,0.0,0.0,0.0,0.0,0.0,0.0,0.0
t1519,284.8873350256303,92.30769225,0.0,0.0,0.0,0.0,0.0,1559.9999999999998,0.0,0.0,0.0,0.0,0.0,0.0,0.0,0.0,992.9006538356049,2930.095681111235
t1520,972.1875000000001,92.30769225,0.0,0.0,0.0,2157.9972365661943,1241.28790356,1559.9999999999998,2948.175644614999,0.0,0.0,0.0,0.0,0.0,1325.5286868440348,0.0,1466.045298305019,11763.529962140248
t1521,972.1875000000001,0.0,575.9999999999998,0.0,0.0,1841.2226312620292,1275.80838375,333.90295976530916,1295.8494891192188,0.0,22.903504369998217,0.0,0.0,0.0,0.0,435.81157505000044,3020.694684683547,9774.380728000102
t1522,0.0,50.552749649999875,1296.0000000000002,0.0,0.0,363.22612326302317,0.0,378.4624853448455,4510.809447979468,0.0,557.9800189334986,0.0,0.0,0.0,589.1238608195713,3081.9372665,3356.290727102567,14184.382679592973
t1523,972.1875000000001,0.0,0.0,0.0,0.0,3879.834796784571,0.0,524.5078899799464,4510.809447979468,0.0,557.9800189334986,0.0,0.0,0.0,1325.5286868440348,3887.0533218399996,3356.290727102567,19014.192389464086
t1524,713.9199658423724,0.0,1296.0000000000002,0.0,1678.0407804531353,6920.0,0.0,834.3205221819271,2479.586310949353,0.0,225.08761515600105,0.0,0.0,0.0,1325.5286868440348,4061.8043737000003,1741.4425008474173,21275.73075597424
t1525,0.0,0.0,1296.0000000000002,0.0,1174.4672724420695,6920.0,0.0,933.8597617456016,2828.877020605275,0.0,557.9800189334986,0.0,0.0,0.0,0.0,3956.4092332200003,983.1830841346858,18650.77639108113
t1526,0.0,92.30769225,1296.0000000000002,0.0,95.71050340037301,5631.281389171459,1275.80838375,808.2797143157039,1473.9346297720763,0.0,0.0,0.0,0.0,0.0,0.0,2377.9186256700004,0.0,13051.240938329614
t1527,0.0,82.78058360000018,0.0,0.0,0.0,3041.9933785082794,1275.80838375,0.0,0.0,0.0,557.9800189334986,0.0,0.0,0.0,0.0,1936.62542607,0.0,6895.187790861778
t1528,405.46353246533096,0.0,0.0,0.0,0.0,0.0,601.5464285233335,0.0,0.0,0.0,0.0,0.0,0.0,0.0,1325.5286868440348,749.2381658970575,0.0,3081.7768137297567
t1529,0.0,0.0,0.0,0.0,0.0,0.0,0.0,0.0,0.0,0.0,0.0,0.0,0.0,0.0,0.0,0.0,0.0,0.0
t1530,0.0,0.0,0.0,0.0,0.0,0.0,0.0,0.0,0.0,0.0,0.0,0.0,0.0,0.0,0.0,0.0,0.0,0.0
t1531,0.0,0.0,0.0,0.0,0.0,0.0,0.0,0.0,0.0,0.0,0.0,0.0,0.0,0.0,0.0,0.0,0.0,0.0
t1532,0.0,0.0,0.0,0.0,0.0,0.0,0.0,0.0,0.0,0.0,0.0,0.0,0.0,0.0,0.0,0.0,0.0,0.0
t1533,0.0,0.0,0.0,0.0,0.0,0.0,0.0,0.0,0.0,0.0,0.0,0.0,0.0,0.0,0.0,0.0,0.0,0.0
t1534,0.0,0.0,0.0,0.0,0.0,0.0,0.0,0.0,0.0,0.0,0.0,0.0,0.0,0.0,0.0,0.0,0.0,0.0
t1535,0.0,0.0,0.0,0.0,0.0,0.0,0.0,0.0,0.0,0.0,0.0,0.0,0.0,0.0,0.0,0.0,0.0,0.0
t1536,0.0,0.0,0.0,0.0,0.0,0.0,0.0,0.0,0.0,0.0,0.0,0.0,0.0,0.0,0.0,0.0,0.0,0.0
t1537,0.0,0.0,0.0,0.0,0.0,0.0,0.0,0.0,0.0,0.0,0.0,0.0,0.0,0.0,0.0,0.0,0.0,0.0
t1538,0.0,0.0,0.0,0.0,0.0,0.0,0.0,0.0,0.0,0.0,0.0,0.0,0.0,0.0,0.0,0.0,0.0,0.0
t1539,0.0,0.0,0.0,0.0,0.0,0.0,0.0,0.0,0.0,0.0,0.0,0.0,0.0,0.0,0.0,0.0,0.0,0.0
t1540,0.0,0.0,0.0,0.0,0.0,0.0,0.0,0.0,0.0,0.0,0.0,0.0,0.0,0.0,0.0,0.0,0.0,0.0
t1541,0.0,0.0,0.0,0.0,0.0,0.0,0.0,0.0,0.0,0.0,0.0,0.0,0.0,0.0,0.0,0.0,0.0,0.0
t1542,0.0,0.0,0.0,0.0,0.0,0.0,0.0,0.0,0.0,0.0,0.0,0.0,0.0,0.0,0.0,0.0,0.0,0.0
t1543,0.0,0.0,0.0,0.0,0.0,0.0,0.0,0.0,0.0,0.0,0.0,0.0,0.0,0.0,0.0,0.0,0.0,0.0
t1544,0.0,92.30769225,0.0,0.0,0.0,0.0,989.0807372400008,1559.9999999999998,1418.9828342465332,0.0,0.0,0.0,0.0,0.0,1325.5286868440348,0.0,1343.4113801800497,6729.311330760619
t1545,972.1875000000001,41.02564100000005,712.0348077440008,0.0,0.0,3512.6966858204296,1275.80838375,693.3333333333329,939.9726297510347,0.0,247.99111952599918,0.0,0.0,0.0,589.1238608195715,1645.4495642903928,1676.7174277219397,12306.3409537567
t1546,0.0,92.30769225,1296.0000000000002,0.0,0.0,3304.031084068163,853.7535948433324,1559.9999999999998,4510.809447979468,0.0,0.0,0.0,0.0,0.0,0.0,2319.0818777566674,2609.4715142217497,16545.45521111938
t1547,972.1875000000001,0.0,980.9160745794987,0.0,121.44949756672679,6920.0,0.0,1559.9999999999998,3962.3600526507157,0.0,0.0,0.0,0.0,0.0,0.0,3655.82779532,2504.4205159661024,20677.161436083046
t1548,972.1875000000001,92.30769225,179.04911767650054,0.0,1322.2098939885298,6920.0,1275.80838375,0.0,4510.809447979468,0.0,557.9800189334986,0.0,0.0,0.0,0.0,2348.16965519,921.7149880817841,19100.23669784978
t1549,432.0833333333329,0.0,1296.0000000000002,0.0,1301.5047842347708,6920.0,1275.80838375,0.0,1746.575071632397,0.0,557.9800189334986,0.0,0.0,0.0,1325.5286868440348,2987.8056873500004,1932.6483752950287,19775.934341373064
t1550,0.0,92.30769225,1296.0000000000002,0.0,0.0,3178.8277856669583,0.0,0.0,2270.153939223561,0.0,557.9800189334986,0.0,0.0,0.0,0.0,2868.3683581399996,1921.7478968266435,12185.385691040661
t1551,972.1875000000001,0.0,0.0,0.0,0.0,0.0,0.0,1559.9999999999998,688.3785675566795,0.0,557.9800189334986,0.0,0.0,0.0,1325.5286868440348,2618.0680245800004,0.0,7722.142797914214
t1552,0.0,0.0,0.0,0.0,0.0,0.0,0.0,0.0,0.0,0.0,0.0,0.0,0.0,0.0,1325.5286868440348,2044.0270253200001,2006.7155777181122,5376.271289882147
t1553,0.0,0.0,0.0,0.0,0.0,0.0,0.0,0.0,0.0,0.0,0.0,0.0,0.0,0.0,0.0,0.0,0.0,0.0
t1554,0.0,0.0,0.0,0.0,0.0,0.0,0.0,0.0,0.0,0.0,0.0,0.0,0.0,0.0,0.0,0.0,0.0,0.0
t1555,0.0,0.0,0.0,0.0,0.0,0.0,0.0,0.0,0.0,0.0,0.0,0.0,0.0,0.0,0.0,0.0,0.0,0.0
t1556,0.0,0.0,0.0,0.0,0.0,0.0,0.0,0.0,0.0,0.0,0.0,0.0,0.0,0.0,0.0,0.0,0.0,0.0
t1557,0.0,0.0,0.0,0.0,0.0,0.0,0.0,0.0,0.0,0.0,0.0,0.0,0.0,0.0,0.0,0.0,0.0,0.0
t1558,0.0,0.0,0.0,0.0,0.0,0.0,0.0,0.0,0.0,0.0,0.0,0.0,0.0,0.0,0.0,0.0,0.0,0.0
t1559,0.0,0.0,0.0,0.0,0.0,0.0,0.0,0.0,0.0,0.0,0.0,0.0,0.0,0.0,0.0,0.0,0.0,0.0
t1560,0.0,0.0,0.0,0.0,0.0,0.0,0.0,0.0,0.0,0.0,0.0,0.0,0.0,0.0,0.0,0.0,0.0,0.0
t1561,0.0,0.0,0.0,0.0,0.0,0.0,0.0,0.0,0.0,0.0,0.0,0.0,0.0,0.0,0.0,0.0,0.0,0.0
t1562,0.0,0.0,0.0,0.0,0.0,0.0,0.0,0.0,0.0,0.0,0.0,0.0,0.0,0.0,0.0,0.0,0.0,0.0
t1563,0.0,0.0,0.0,0.0,0.0,0.0,0.0,0.0,0.0,0.0,0.0,0.0,0.0,0.0,0.0,0.0,0.0,0.0
t1564,0.0,0.0,0.0,0.0,0.0,0.0,0.0,0.0,0.0,0.0,0.0,0.0,0.0,0.0,0.0,0.0,0.0,0.0
t1565,0.0,0.0,0.0,0.0,0.0,0.0,0.0,0.0,0.0,0.0,0.0,0.0,0.0,0.0,0.0,0.0,0.0,0.0
t1566,0.0,0.0,0.0,0.0,0.0,0.0,0.0,0.0,0.0,0.0,0.0,0.0,0.0,0.0,0.0,0.0,0.0,0.0
t1567,0.0,42.01484580223058,0.0,0.0,0.0,0.0,543.2571575199996,0.0,0.0,0.0,0.0,0.0,0.0,0.0,0.0,0.0,0.0,585.2720033222301
t1568,972.1875000000001,92.30769225,0.0,0.0,0.0,0.0,1275.80838375,1559.9999999999998,746.4185128227404,0.0,0.0,0.0,0.0,0.0,0.0,636.9996207499993,1449.28689316364,6733.0086027363795
t1569,972.1875000000001,92.30769225,1296.0000000000002,0.0,0.0,4608.422417557022,1275.80838375,1559.9999999999998,1409.373065165742,0.0,0.0,0.0,0.0,0.0,0.0,1492.17648459,3086.8609128826984,15793.136456195462
t1570,406.655284166359,91.31848744776948,530.0298789533236,0.0,0.0,6920.0,1171.9963361883342,1559.9999999999998,2231.1294901211354,0.0,0.0,0.0,0.0,0.0,1325.5286868440348,2008.307252191666,2605.6571071252033,18850.622523037826
t1571,972.1875000000001,0.0,1296.0000000000002,0.0,380.0290523167984,6126.185505210374,0.0,1559.9999999999998,3331.6392480974164,0.0,557.9800189334986,0.0,0.0,0.0,1325.5286868440348,3643.54092984,2371.598403408345,21564.689344650466
t1572,0.0,0.0,1296.0000000000002,0.0,157.34627439999983,6380.144956129046,0.0,693.3333333333329,3818.300667204614,0.0,557.9800189334986,0.0,0.0,0.0,1325.5286868440348,3782.65025556,2149.0162991012917,20160.300491505815
t1573,281.8855061527481,92.30769225,1296.0000000000002,0.0,0.0,5508.4817284762075,853.4045651216484,0.0,4000.371559628741,0.0,443.9336232749694,0.0,0.0,0.0,589.1238608195713,3436.2418325987487,1083.648940901861,17585.399309224496
t1574,0.0,0.0,45.97012104667571,0.0,0.0,1212.3209481829072,0.0,0.0,4510.809447979468,0.0,557.9800189334986,0.0,0.0,0.0,0.0,3205.2267794000004,2170.7791194283704,11703.08643497092
t1575,715.7300430142259,0.0,0.0,0.0,0.0,0.0,549.9846570033516,0.0,0.0,0.0,362.0375151845284,0.0,0.0,0.0,1325.5286868440348,2281.654833016649,0.0,5234.935735062789
t1576,0.0,0.0,0.0,0.0,0.0,0.0,0.0,0.0,0.0,0.0,0.0,0.0,0.0,0.0,0.0,0.0,0.0,0.0
t1577,0.0,0.0,0.0,0.0,0.0,0.0,0.0,0.0,0.0,0.0,0.0,0.0,0.0,0.0,0.0,0.0,0.0,0.0
t1578,0.0,0.0,0.0,0.0,0.0,0.0,0.0,0.0,0.0,0.0,0.0,0.0,0.0,0.0,0.0,0.0,0.0,0.0
t1579,0.0,0.0,0.0,0.0,0.0,0.0,0.0,0.0,0.0,0.0,0.0,0.0,0.0,0.0,0.0,0.0,0.0,0.0
t1580,0.0,0.0,0.0,0.0,0.0,0.0,0.0,0.0,0.0,0.0,0.0,0.0,0.0,0.0,0.0,0.0,0.0,0.0
t1581,0.0,0.0,0.0,0.0,0.0,0.0,0.0,0.0,0.0,0.0,0.0,0.0,0.0,0.0,0.0,0.0,0.0,0.0
t1582,0.0,0.0,0.0,0.0,0.0,0.0,0.0,0.0,0.0,0.0,0.0,0.0,0.0,0.0,0.0,0.0,0.0,0.0
t1583,0.0,0.0,0.0,0.0,0.0,0.0,0.0,0.0,0.0,0.0,0.0,0.0,0.0,0.0,0.0,0.0,0.0,0.0
t1584,0.0,0.0,0.0,0.0,0.0,0.0,0.0,0.0,0.0,0.0,0.0,0.0,0.0,0.0,0.0,0.0,0.0,0.0
t1585,0.0,0.0,0.0,0.0,0.0,0.0,0.0,0.0,0.0,0.0,0.0,0.0,0.0,0.0,0.0,0.0,0.0,0.0
t1586,0.0,0.0,0.0,0.0,0.0,0.0,0.0,0.0,0.0,0.0,0.0,0.0,0.0,0.0,0.0,0.0,0.0,0.0
t1587,0.0,0.0,0.0,0.0,0.0,0.0,0.0,0.0,0.0,0.0,0.0,0.0,0.0,0.0,0.0,0.0,0.0,0.0
t1588,0.0,0.0,0.0,0.0,0.0,0.0,0.0,0.0,0.0,0.0,0.0,0.0,0.0,0.0,0.0,0.0,0.0,0.0
t1589,0.0,0.0,0.0,0.0,0.0,0.0,0.0,0.0,0.0,0.0,0.0,0.0,0.0,0.0,0.0,0.0,0.0,0.0
t1590,0.0,0.0,0.0,0.0,0.0,0.0,0.0,0.0,0.0,0.0,0.0,0.0,0.0,0.0,0.0,0.0,0.0,0.0
t1591,972.1875000000001,0.0,0.0,0.0,0.0,0.0,0.0,1559.9999999999998,43.223725187986176,0.0,0.0,0.0,0.0,0.0,0.0,0.0,600.7786062324294,3176.1898314204154
t1592,972.1875000000001,92.30769225,0.0,0.0,0.0,3119.3382530852737,0.0,1559.9999999999998,3919.3840169799096,0.0,0.0,0.0,0.0,0.0,1325.5286868440348,1549.6068076799995,658.4804096535998,13196.833366492818
t1593,972.1875000000001,34.78496413333334,1246.3005600640004,0.0,0.0,3957.253299965357,0.0,897.2771116492113,1392.9810651657422,0.0,247.99111952599924,0.0,0.0,0.0,1325.5286868440348,2304.3062885599998,2219.69297388868,14598.303569796357
t1594,972.1875000000001,92.30769225,1296.0000000000002,0.0,437.7565867223814,2596.3868444991117,0.0,1559.9999999999998,2339.8533482888556,0.0,557.9800189334986,0.0,0.0,0.0,1319.8686687869463,2902.17787342,1697.1159965694574,15771.634529470251
t1595,432.0833333333334,0.0,1296.0000000000002,0.0,1570.948615265835,0.0,0.0,1356.0562216841215,4510.809447979468,0.0,557.9800189334986,0.0,0.0,0.0,1325.5286868440348,3330.7334400399996,3356.290727102567,17736.43049118286
t1596,0.0,0.0,955.8140180985584,0.0,2804.8366383399994,0.0,0.0,0.0,4510.809447979468,0.0,557.9800189334986,0.0,0.0,0.0,594.78387887666,3453.605325119999,3356.290727102567,16234.12005445075
t1597,0.0,0.0,0.0,0.0,2453.6181747700016,0.0,0.0,0.0,2542.6349545568664,0.0,557.9800189334986,0.0,0.0,0.0,0.0,3346.853767560001,3028.1982354621027,11929.28515128247
t1598,0.0,0.0,0.0,0.0,831.8584971299961,0.0,0.0,0.0,788.3459848815602,0.0,0.0,0.0,0.0,0.0,0.0,2445.233932240274,0.0,4065.43841425183
t1599,0.0,0.0,0.0,0.0,0.0,0.0,0.0,0.0,0.0,0.0,0.0,0.0,0.0,0.0,0.0,0.0,0.0,0.0
t1600,0.0,0.0,0.0,0.0,0.0,0.0,0.0,0.0,0.0,0.0,0.0,0.0,0.0,0.0,0.0,0.0,0.0,0.0
t1601,0.0,0.0,0.0,0.0,0.0,0.0,0.0,0.0,0.0,0.0,0.0,0.0,0.0,0.0,0.0,0.0,0.0,0.0
t1602,0.0,0.0,0.0,0.0,0.0,0.0,0.0,0.0,0.0,0.0,0.0,0.0,0.0,0.0,0.0,0.0,0.0,0.0
t1603,0.0,0.0,0.0,0.0,0.0,0.0,0.0,0.0,0.0,0.0,0.0,0.0,0.0,0.0,0.0,0.0,0.0,0.0
t1604,0.0,0.0,0.0,0.0,0.0,0.0,0.0,0.0,0.0,0.0,0.0,0.0,0.0,0.0,0.0,0.0,0.0,0.0
t1605,0.0,0.0,0.0,0.0,0.0,0.0,0.0,0.0,0.0,0.0,0.0,0.0,0.0,0.0,0.0,0.0,0.0,0.0
t1606,0.0,0.0,0.0,0.0,0.0,0.0,0.0,0.0,0.0,0.0,0.0,0.0,0.0,0.0,0.0,0.0,0.0,0.0
t1607,0.0,0.0,0.0,0.0,0.0,0.0,0.0,0.0,0.0,0.0,0.0,0.0,0.0,0.0,0.0,0.0,0.0,0.0
t1608,0.0,0.0,0.0,0.0,0.0,0.0,0.0,0.0,0.0,0.0,0.0,0.0,0.0,0.0,0.0,0.0,0.0,0.0
t1609,0.0,0.0,0.0,0.0,0.0,0.0,0.0,0.0,0.0,0.0,0.0,0.0,0.0,0.0,0.0,0.0,0.0,0.0
t1610,0.0,0.0,0.0,0.0,0.0,0.0,0.0,0.0,0.0,0.0,0.0,0.0,0.0,0.0,0.0,0.0,0.0,0.0
t1611,0.0,0.0,0.0,0.0,0.0,0.0,0.0,0.0,0.0,0.0,0.0,0.0,0.0,0.0,0.0,0.0,0.0,0.0
t1612,0.0,0.0,0.0,0.0,0.0,0.0,0.0,0.0,0.0,0.0,0.0,0.0,0.0,0.0,0.0,0.0,0.0,0.0
t1613,0.0,0.0,0.0,0.0,0.0,0.0,0.0,0.0,0.0,0.0,0.0,0.0,0.0,0.0,0.0,0.0,0.0,0.0
t1614,0.0,0.0,0.0,0.0,0.0,0.0,0.0,0.0,0.0,0.0,0.0,0.0,0.0,0.0,0.0,0.0,0.0,0.0
t1615,0.0,0.0,0.0,0.0,0.0,0.0,0.0,0.0,0.0,0.0,0.0,0.0,0.0,0.0,0.0,0.0,0.0,0.0
t1616,0.0,92.30769225,0.0,0.0,0.0,6920.0,0.0,1559.9999999999998,652.1022459148347,0.0,0.0,0.0,0.0,0.0,0.0,96.84646549145921,0.0,9321.256403656294
t1617,0.0,0.0,2.8537526882624036,0.0,0.0,10.210110178940171,0.0,0.0,4505.0453708906425,0.0,557.9800189334986,0.0,0.0,0.0,0.0,2172.7623302600005,3356.290727102567,10605.14231005391
t1618,0.0,0.0,1027.9687477954383,0.0,0.0,0.0,0.0,0.0,4510.809447979468,0.0,557.9800189334986,0.0,0.0,0.0,0.0,2819.9982555200004,3356.290727102567,12273.047197330972
t1619,0.0,0.0,1296.0000000000002,0.0,0.0,1639.283344861021,0.0,0.0,2391.344044175445,0.0,557.9800189334986,0.0,0.0,0.0,1325.5286868440348,3273.6093294800003,3356.290727102567,13840.036151396567
t1620,0.0,0.0,1296.0000000000002,0.0,336.26221567999994,0.0,0.0,424.6376319435832,4126.148658007867,0.0,557.9800189334986,0.0,0.0,0.0,1162.7433733632229,3338.54526014,2629.1249096903357,13871.442067758506
t1621,0.0,0.0,0.0,0.0,168.1728581899986,0.0,0.0,1482.0290347230828,2142.0464719644847,0.0,247.99111952599924,0.0,0.0,0.0,1325.5286868440348,3150.6648058,0.0,8516.4329770476
t1622,0.0,0.0,0.0,0.0,0.0,0.0,0.0,0.0,0.0,0.0,0.0,0.0,0.0,0.0,0.0,1794.9107202790622,0.0,1794.9107202790622
t1623,0.0,0.0,0.0,0.0,0.0,0.0,0.0,0.0,0.0,0.0,0.0,0.0,0.0,0.0,0.0,0.0,0.0,0.0
t1624,0.0,0.0,0.0,0.0,0.0,0.0,0.0,0.0,0.0,0.0,0.0,0.0,0.0,0.0,0.0,0.0,0.0,0.0
t1625,0.0,0.0,0.0,0.0,0.0,0.0,0.0,0.0,0.0,0.0,0.0,0.0,0.0,0.0,0.0,0.0,0.0,0.0
t1626,0.0,0.0,0.0,0.0,0.0,0.0,0.0,0.0,0.0,0.0,0.0,0.0,0.0,0.0,0.0,0.0,0.0,0.0
t1627,0.0,0.0,0.0,0.0,0.0,0.0,0.0,0.0,0.0,0.0,0.0,0.0,0.0,0.0,0.0,0.0,0.0,0.0
t1628,0.0,0.0,0.0,0.0,0.0,0.0,0.0,0.0,0.0,0.0,0.0,0.0,0.0,0.0,0.0,0.0,0.0,0.0
t1629,0.0,0.0,0.0,0.0,0.0,0.0,0.0,0.0,0.0,0.0,0.0,0.0,0.0,0.0,0.0,0.0,0.0,0.0
t1630,0.0,0.0,0.0,0.0,0.0,0.0,0.0,0.0,0.0,0.0,0.0,0.0,0.0,0.0,0.0,0.0,0.0,0.0
t1631,0.0,0.0,0.0,0.0,0.0,0.0,0.0,0.0,0.0,0.0,0.0,0.0,0.0,0.0,0.0,0.0,0.0,0.0
t1632,0.0,0.0,0.0,0.0,0.0,0.0,0.0,0.0,0.0,0.0,0.0,0.0,0.0,0.0,0.0,0.0,0.0,0.0
t1633,0.0,0.0,0.0,0.0,0.0,0.0,0.0,0.0,0.0,0.0,0.0,0.0,0.0,0.0,0.0,0.0,0.0,0.0
t1634,0.0,0.0,0.0,0.0,0.0,0.0,0.0,0.0,0.0,0.0,0.0,0.0,0.0,0.0,0.0,0.0,0.0,0.0
t1635,0.0,0.0,0.0,0.0,0.0,0.0,0.0,0.0,0.0,0.0,0.0,0.0,0.0,0.0,0.0,0.0,0.0,0.0
t1636,0.0,0.0,0.0,0.0,0.0,0.0,0.0,0.0,0.0,0.0,0.0,0.0,0.0,0.0,0.0,0.0,0.0,0.0
t1637,0.0,0.0,0.0,0.0,0.0,0.0,0.0,0.0,0.0,0.0,0.0,0.0,0.0,0.0,0.0,0.0,0.0,0.0
t1638,0.0,0.0,0.0,0.0,0.0,0.0,0.0,0.0,0.0,0.0,0.0,0.0,0.0,0.0,0.0,0.0,0.0,0.0
t1639,0.0,0.0,0.0,0.0,0.0,0.0,0.0,0.0,0.0,0.0,0.0,0.0,0.0,0.0,389.48149211803593,1339.2021280600002,0.0,1728.683620178036
t1640,972.1875000000001,92.30769225,0.0,0.0,0.0,3353.1396419597786,0.0,1559.9999999999998,0.0,0.0,241.39868649999985,0.0,0.0,0.0,1325.5286868440348,2851.46596416,3356.290727102567,13752.31889881638
t1641,170.06509345416276,92.30769225,1296.0000000000002,0.0,0.0,6920.0,1275.80838375,0.0,4510.809447979468,0.0,382.0043869400008,0.0,0.0,0.0,0.0,2415.9589915300003,3103.2291574459255,20166.18315334956
t1642,796.2383814387388,92.30769225,1296.0000000000002,0.0,3182.5499654605374,6187.584877723262,567.0259483333328,1559.9999999999998,3890.8836721852813,0.0,272.5715645529966,0.0,0.0,0.0,850.2472570787829,3318.468556986668,2043.9878659826984,24057.865781992296
t1643,972.1875000000001,0.0,0.0,0.0,3535.9999999999995,6920.0,1275.80838375,1559.9999999999998,3527.408081217891,0.0,557.9800189334986,0.0,0.0,0.0,1325.5286868440348,2690.7497553499998,2276.226475313764,24641.888901409187
t1644,972.1875000000001,0.0,1296.0000000000002,0.0,3535.9999999999995,2687.36921977781,1275.80838375,1559.9999999999998,3206.609723798655,0.0,557.9800189334986,0.0,0.0,0.0,1325.5286868440348,2342.2827429100003,3122.715626926018,21882.48190294002
t1645,437.9673584404317,41.02564100000005,1296.0000000000002,0.0,3535.9999999999995,4687.461816094703,1275.80838375,693.3333333333329,2585.510315370414,0.0,0.0,0.0,0.0,0.0,0.0,1504.7037973500005,752.136310249341,16809.946955588224
t1646,0.0,92.30769225,575.9999999999998,0.0,1925.0055900950176,0.0,0.0,0.0,2326.8207504681436,0.0,467.97651939999906,0.0,0.0,0.0,674.9237984667868,2462.75725236,262.2615129910928,8788.053116031038
t1647,0.0,0.0,0.0,0.0,0.0,0.0,0.0,0.0,0.0,0.0,0.0,0.0,0.0,0.0,0.0,1561.20879924039,0.0,1561.20879924039
t1648,0.0,0.0,0.0,0.0,0.0,0.0,0.0,0.0,0.0,0.0,0.0,0.0,0.0,0.0,0.0,0.0,0.0,0.0
t1649,0.0,0.0,0.0,0.0,0.0,0.0,0.0,0.0,0.0,0.0,0.0,0.0,0.0,0.0,0.0,0.0,0.0,0.0
t1650,0.0,0.0,0.0,0.0,0.0,0.0,0.0,0.0,0.0,0.0,0.0,0.0,0.0,0.0,0.0,0.0,0.0,0.0
t1651,0.0,0.0,0.0,0.0,0.0,0.0,0.0,0.0,0.0,0.0,0.0,0.0,0.0,0.0,0.0,0.0,0.0,0.0
t1652,0.0,0.0,0.0,0.0,0.0,0.0,0.0,0.0,0.0,0.0,0.0,0.0,0.0,0.0,0.0,0.0,0.0,0.0
t1653,0.0,0.0,0.0,0.0,0.0,0.0,0.0,0.0,0.0,0.0,0.0,0.0,0.0,0.0,0.0,0.0,0.0,0.0
t1654,0.0,0.0,0.0,0.0,0.0,0.0,0.0,0.0,0.0,0.0,0.0,0.0,0.0,0.0,0.0,0.0,0.0,0.0
t1655,0.0,0.0,0.0,0.0,0.0,0.0,0.0,0.0,0.0,0.0,0.0,0.0,0.0,0.0,0.0,0.0,0.0,0.0
t1656,0.0,0.0,0.0,0.0,0.0,0.0,0.0,0.0,0.0,0.0,0.0,0.0,0.0,0.0,0.0,0.0,0.0,0.0
t1657,0.0,0.0,0.0,0.0,0.0,0.0,0.0,0.0,0.0,0.0,0.0,0.0,0.0,0.0,0.0,0.0,0.0,0.0
t1658,0.0,0.0,0.0,0.0,0.0,0.0,0.0,0.0,0.0,0.0,0.0,0.0,0.0,0.0,0.0,0.0,0.0,0.0
t1659,0.0,0.0,0.0,0.0,0.0,0.0,0.0,0.0,0.0,0.0,0.0,0.0,0.0,0.0,0.0,0.0,0.0,0.0
t1660,0.0,0.0,0.0,0.0,0.0,0.0,0.0,0.0,0.0,0.0,0.0,0.0,0.0,0.0,0.0,0.0,0.0,0.0
t1661,0.0,0.0,0.0,0.0,0.0,0.0,0.0,0.0,0.0,0.0,0.0,0.0,0.0,0.0,0.0,0.0,0.0,0.0
t1662,0.0,0.0,0.0,0.0,0.0,0.0,0.0,0.0,0.0,0.0,0.0,0.0,0.0,0.0,0.0,0.0,0.0,0.0
t1663,432.0833333333334,0.0,0.0,0.0,0.0,0.0,0.0,473.7556903121375,0.0,0.0,0.0,0.0,0.0,0.0,1325.5286868440348,136.74300759778626,0.0,2368.1107180872923
t1664,972.1875000000001,92.30769225,0.0,0.0,0.0,0.0,0.0,1559.9999999999998,3022.901414523168,0.0,0.0,0.0,0.0,0.0,1325.5286868440348,2437.1048699692406,1030.8802976852833,10440.910461271727
t1665,0.0,92.30769225,1296.0000000000002,0.0,0.0,2828.264920102279,1275.80838375,1160.5903422057447,2779.2355564310674,0.0,557.9800189334986,0.0,0.0,0.0,1325.5286868440348,2442.7544827300003,2024.5243367214991,15782.994419968123
t1666,972.1875000000001,92.30769225,336.53100302400026,0.0,923.5700135369102,6920.0,567.0259483333328,1559.9999999999998,3947.784015052004,0.0,62.174395105999146,0.0,0.0,0.0,0.0,3246.0613107866675,716.6995796246116,19344.341457713526
t1667,972.1875000000001,0.0,1296.0000000000002,97.06272060254983,3535.9999999999995,6920.0,0.0,0.0,3841.6455154271016,0.0,557.9800189334986,0.0,0.0,0.0,1325.5286868440348,1654.619844213368,3356.290727102567,23557.315013123123
t1668,972.1875000000001,0.0,1296.0000000000002,254.117647,3535.9999999999995,3669.5274286651706,0.0,1559.9999999999998,1902.4140488218973,0.0,0.0,0.0,0.0,0.0,0.0,3916.4945398199993,3356.290727102567,20463.031891409635
t1669,0.0,41.02564100000005,85.19989588650145,0.0,3535.9999999999995,6525.604671734631,1275.80838375,199.18503851615347,549.7523705365873,0.0,557.9800189334986,0.0,0.0,0.0,0.0,2493.27249655,3356.290727102567,18620.11924400994
t1670,0.0,92.30769225,154.26910108949795,0.0,3535.9999999999995,3892.158535053473,1275.80838375,0.0,2607.607508960182,0.0,557.9800189334986,0.0,0.0,0.0,0.0,2342.82939097,0.0,14458.96063100665
t1671,0.0,0.0,1296.0000000000002,0.0,647.9855420186462,0.0,1275.80838375,0.0,0.0,0.0,185.8167244199992,0.0,0.0,0.0,0.0,1816.91804531,1075.8712806723122,6298.399976170958
t1672,0.0,0.0,0.0,0.0,0.0,0.0,0.0,419.8022622992975,1396.7015612678467,0.0,0.0,0.0,0.0,0.0,589.1238608195713,0.0,0.0,2405.6276843867154
t1673,0.0,0.0,0.0,0.0,0.0,0.0,0.0,0.0,0.0,0.0,0.0,0.0,0.0,0.0,0.0,0.0,0.0,0.0
t1674,0.0,0.0,0.0,0.0,0.0,0.0,0.0,0.0,0.0,0.0,0.0,0.0,0.0,0.0,0.0,0.0,0.0,0.0
t1675,0.0,0.0,0.0,0.0,0.0,0.0,0.0,0.0,0.0,0.0,0.0,0.0,0.0,0.0,0.0,0.0,0.0,0.0
t1676,0.0,0.0,0.0,0.0,0.0,0.0,0.0,0.0,0.0,0.0,0.0,0.0,0.0,0.0,0.0,0.0,0.0,0.0
t1677,0.0,0.0,0.0,0.0,0.0,0.0,0.0,0.0,0.0,0.0,0.0,0.0,0.0,0.0,0.0,0.0,0.0,0.0
t1678,0.0,0.0,0.0,0.0,0.0,0.0,0.0,0.0,0.0,0.0,0.0,0.0,0.0,0.0,0.0,0.0,0.0,0.0
t1679,0.0,0.0,0.0,0.0,0.0,0.0,0.0,0.0,0.0,0.0,0.0,0.0,0.0,0.0,0.0,0.0,0.0,0.0
t1680,0.0,0.0,0.0,0.0,0.0,0.0,0.0,0.0,0.0,0.0,0.0,0.0,0.0,0.0,0.0,0.0,0.0,0.0
t1681,0.0,0.0,0.0,0.0,0.0,0.0,0.0,0.0,0.0,0.0,0.0,0.0,0.0,0.0,0.0,0.0,0.0,0.0
t1682,0.0,0.0,0.0,0.0,0.0,0.0,0.0,0.0,0.0,0.0,0.0,0.0,0.0,0.0,0.0,0.0,0.0,0.0
t1683,0.0,0.0,0.0,0.0,0.0,0.0,0.0,0.0,0.0,0.0,0.0,0.0,0.0,0.0,0.0,0.0,0.0,0.0
t1684,0.0,0.0,0.0,0.0,0.0,0.0,0.0,0.0,0.0,0.0,0.0,0.0,0.0,0.0,0.0,0.0,0.0,0.0
t1685,0.0,0.0,0.0,0.0,0.0,0.0,0.0,0.0,0.0,0.0,0.0,0.0,0.0,0.0,0.0,0.0,0.0,0.0
t1686,0.0,0.0,0.0,0.0,0.0,0.0,0.0,0.0,0.0,0.0,0.0,0.0,0.0,0.0,0.0,0.0,0.0,0.0
t1687,0.0,0.0,0.0,0.0,0.0,0.0,0.0,0.0,0.0,0.0,0.0,0.0,0.0,0.0,0.0,0.0,0.0,0.0
t1688,768.5098840473959,92.30769225,0.0,0.0,0.0,0.0,819.4341654362803,1559.9999999999998,0.0,0.0,0.0,0.0,0.0,0.0,0.0,0.0,254.31589846777138,3494.567640201447
t1689,0.0,92.30769225,0.0,0.0,0.0,420.7351202567504,0.0,0.0,4134.415833740473,0.0,32.49554249999942,0.0,0.0,0.0,1325.5286868440348,2996.0503043757294,2794.733987383857,11796.267167350845
t1690,0.0,92.30769225,575.9999999999998,0.0,2455.2083940265625,5811.944879066545,0.0,1559.9999999999998,4510.809447979468,0.0,557.9800189334986,0.0,0.0,0.0,0.0,3406.6710642217568,1453.8386277780583,20424.76012425589
t1691,713.039594736176,92.30769225,1296.0000000000002,0.0,3535.9999999999995,6920.0,1275.80838375,0.0,4510.809447979468,0.0,557.9800189334986,0.0,0.0,0.0,1053.3537469248777,2541.334898542136,3133.8635466110463,25630.497329727204
t1692,972.1875000000001,0.0,1296.0000000000002,0.0,3535.9999999999995,6920.0,1275.80838375,1559.9999999999998,3332.0272324419834,0.0,215.4955770259997,0.0,0.0,0.0,861.2988007387281,2682.4619740173257,3356.290727102567,26007.5701950766
t1693,972.1875000000001,41.02564100000002,1296.0000000000002,0.0,3419.2364772378746,4377.677065189323,1023.4001666470529,1559.9999999999998,3559.980028878464,0.0,0.0,0.0,0.0,0.0,1325.5286868440348,2787.0021929972386,3356.290727102567,23718.328485896556
t1694,0.0,0.0,1296.0000000000002,0.0,1415.323103928365,5846.518061593869,1275.80838375,693.3333333333329,0.0,0.0,557.9800189334986,0.0,0.0,0.0,1325.5286868440348,2062.51021827,0.0,14473.001806653097
t1695,894.9088545497617,0.0,0.0,0.0,1353.7875803627526,458.6804294490637,0.0,0.0,0.0,0.0,557.9800189334986,0.0,0.0,0.0,0.0,2682.9268642399998,567.5141615655398,6515.797909100616
t1696,0.0,0.0,0.0,0.0,0.0,0.0,0.0,0.0,0.0,0.0,0.0,0.0,0.0,0.0,0.0,1327.8404712828735,0.0,1327.8404712828735
t1697,0.0,0.0,0.0,0.0,0.0,0.0,0.0,0.0,0.0,0.0,0.0,0.0,0.0,0.0,0.0,0.0,0.0,0.0
t1698,0.0,0.0,0.0,0.0,0.0,0.0,0.0,0.0,0.0,0.0,0.0,0.0,0.0,0.0,0.0,0.0,0.0,0.0
t1699,0.0,0.0,0.0,0.0,0.0,0.0,0.0,0.0,0.0,0.0,0.0,0.0,0.0,0.0,0.0,0.0,0.0,0.0
t1700,0.0,0.0,0.0,0.0,0.0,0.0,0.0,0.0,0.0,0.0,0.0,0.0,0.0,0.0,0.0,0.0,0.0,0.0
t1701,0.0,0.0,0.0,0.0,0.0,0.0,0.0,0.0,0.0,0.0,0.0,0.0,0.0,0.0,0.0,0.0,0.0,0.0
t1702,0.0,0.0,0.0,0.0,0.0,0.0,0.0,0.0,0.0,0.0,0.0,0.0,0.0,0.0,0.0,0.0,0.0,0.0
t1703,0.0,0.0,0.0,0.0,0.0,0.0,0.0,0.0,0.0,0.0,0.0,0.0,0.0,0.0,0.0,0.0,0.0,0.0
t1704,0.0,0.0,0.0,0.0,0.0,0.0,0.0,0.0,0.0,0.0,0.0,0.0,0.0,0.0,0.0,0.0,0.0,0.0
t1705,0.0,0.0,0.0,0.0,0.0,0.0,0.0,0.0,0.0,0.0,0.0,0.0,0.0,0.0,0.0,0.0,0.0,0.0
t1706,0.0,0.0,0.0,0.0,0.0,0.0,0.0,0.0,0.0,0.0,0.0,0.0,0.0,0.0,0.0,0.0,0.0,0.0
t1707,0.0,0.0,0.0,0.0,0.0,0.0,0.0,0.0,0.0,0.0,0.0,0.0,0.0,0.0,0.0,0.0,0.0,0.0
t1708,0.0,0.0,0.0,0.0,0.0,0.0,0.0,0.0,0.0,0.0,0.0,0.0,0.0,0.0,0.0,0.0,0.0,0.0
t1709,0.0,0.0,0.0,0.0,0.0,0.0,0.0,0.0,0.0,0.0,0.0,0.0,0.0,0.0,0.0,0.0,0.0,0.0
t1710,0.0,0.0,0.0,0.0,0.0,0.0,0.0,0.0,0.0,0.0,0.0,0.0,0.0,0.0,0.0,0.0,0.0,0.0
t1711,0.0,0.0,0.0,0.0,0.0,0.0,0.0,0.0,0.0,0.0,0.0,0.0,0.0,0.0,0.0,0.0,0.0,0.0
t1712,0.0,0.0,0.0,0.0,0.0,0.0,0.0,0.0,0.0,0.0,0.0,0.0,0.0,0.0,0.0,0.0,0.0,0.0
t1713,972.1875000000001,92.30769225,0.0,0.0,0.0,2784.9608103809833,1275.80838375,1559.9999999999998,517.5449659189215,0.0,0.0,0.0,0.0,0.0,0.0,988.9982893098138,1852.908543431629,10044.716185041349
t1714,972.1875000000001,92.30769225,1121.0837510234987,0.0,0.0,1940.0926347359646,567.0259483333328,693.3333333333329,4222.86485159499,0.0,224.4151842065014,0.0,0.0,0.0,1325.5286868440348,2930.5025983306596,3350.2368189466183,17439.578999598933
t1715,0.0,92.30769225,1296.0000000000002,0.0,2776.3050889526608,6920.0,0.0,1559.9999999999998,3940.05909479712,0.0,557.9800189334986,0.0,0.0,0.0,1325.5286868440348,4014.2472370948503,2050.7239534120804,24533.151772284247
t1716,972.1875000000001,79.71892038000006,1296.0000000000002,0.0,3535.9999999999995,6920.0,0.0,1559.9999999999998,4448.551787370502,0.0,23.575935319498516,0.0,0.0,0.0,1325.5286868440348,4158.708950021738,2592.9756350882362,26913.24741502401
t1717,432.0833333333329,53.61441286999995,1296.0000000000002,0.0,3535.9999999999995,5198.4097495365495,0.0,1559.9999999999998,0.0,0.0,557.9800189334986,0.0,0.0,0.0,0.0,3932.1243302600005,3356.290727102567,19922.502572035948
t1718,972.1875000000001,0.0,0.0,0.0,3535.9999999999995,5404.161404504157,1275.80838375,0.0,3853.667824007867,0.0,557.9800189334986,0.0,0.0,0.0,1325.5286868440348,1798.4386266699994,668.0105719587433,19391.7830166683
t1719,0.0,0.0,750.9162489765004,0.0,2331.250466602894,1587.930956397901,1275.80838375,0.0,3065.3534673304566,0.0,557.9800189334986,0.0,0.0,0.0,589.1238608195713,2049.79823439,1045.7014260715348,13253.863063272356
t1720,0.0,0.0,0.0,0.0,0.0,0.0,1275.80838375,0.0,0.0,0.0,0.0,0.0,0.0,0.0,0.0,613.97972187,0.0,1889.7881056200001
t1721,0.0,0.0,0.0,0.0,0.0,0.0,0.0,0.0,0.0,0.0,0.0,0.0,0.0,0.0,0.0,0.0,0.0,0.0
t1722,0.0,0.0,0.0,0.0,0.0,0.0,0.0,0.0,0.0,0.0,0.0,0.0,0.0,0.0,0.0,0.0,0.0,0.0
t1723,0.0,0.0,0.0,0.0,0.0,0.0,0.0,0.0,0.0,0.0,0.0,0.0,0.0,0.0,0.0,0.0,0.0,0.0
t1724,0.0,0.0,0.0,0.0,0.0,0.0,0.0,0.0,0.0,0.0,0.0,0.0,0.0,0.0,0.0,0.0,0.0,0.0
t1725,0.0,0.0,0.0,0.0,0.0,0.0,0.0,0.0,0.0,0.0,0.0,0.0,0.0,0.0,0.0,0.0,0.0,0.0
t1726,0.0,0.0,0.0,0.0,0.0,0.0,0.0,0.0,0.0,0.0,0.0,0.0,0.0,0.0,0.0,0.0,0.0,0.0
t1727,0.0,0.0,0.0,0.0,0.0,0.0,0.0,0.0,0.0,0.0,0.0,0.0,0.0,0.0,0.0,0.0,0.0,0.0
t1728,0.0,0.0,0.0,0.0,0.0,0.0,0.0,0.0,0.0,0.0,0.0,0.0,0.0,0.0,0.0,0.0,0.0,0.0
t1729,0.0,0.0,0.0,0.0,0.0,0.0,0.0,0.0,0.0,0.0,0.0,0.0,0.0,0.0,0.0,0.0,0.0,0.0
t1730,0.0,0.0,0.0,0.0,0.0,0.0,0.0,0.0,0.0,0.0,0.0,0.0,0.0,0.0,0.0,0.0,0.0,0.0
t1731,0.0,0.0,0.0,0.0,0.0,0.0,0.0,0.0,0.0,0.0,0.0,0.0,0.0,0.0,0.0,0.0,0.0,0.0
t1732,0.0,0.0,0.0,0.0,0.0,0.0,0.0,0.0,0.0,0.0,0.0,0.0,0.0,0.0,0.0,0.0,0.0,0.0
t1733,0.0,0.0,0.0,0.0,0.0,0.0,0.0,0.0,0.0,0.0,0.0,0.0,0.0,0.0,0.0,0.0,0.0,0.0
t1734,0.0,0.0,0.0,0.0,0.0,0.0,0.0,0.0,0.0,0.0,0.0,0.0,0.0,0.0,0.0,0.0,0.0,0.0
t1735,0.0,0.0,0.0,0.0,0.0,0.0,0.0,0.0,0.0,0.0,0.0,0.0,0.0,0.0,0.0,0.0,0.0,0.0
t1736,0.0,0.0,0.0,0.0,0.0,0.0,0.0,0.0,0.0,0.0,0.0,0.0,0.0,0.0,0.0,0.0,0.0,0.0
t1737,972.1875000000001,92.30769225,888.8373440239993,0.0,0.0,3236.5180404432353,0.0,1559.9999999999998,1623.3848335661862,0.0,89.0356465959995,0.0,0.0,0.0,589.1238608195713,1923.2313858270622,1570.21075343582,12544.837056961875
t1738,0.0,92.30769225,1296.0000000000002,0.0,1100.2268509755645,2512.1122288929846,0.0,1559.9999999999998,4510.809447979468,0.0,557.9800189334986,0.0,0.0,0.0,1325.5286868440348,3515.44920226,0.0,16470.41412813555
t1739,432.0833333333334,31.555812869999976,962.3363185065011,0.0,3535.9999999999995,6255.210280575962,1275.80838375,1559.9999999999998,2204.7881351899496,0.0,557.9800189334986,0.0,0.0,0.0,1325.5286868440348,2948.96097005,2582.716719163,23672.96865921628
t1740,972.1875000000001,46.23671287000003,1296.0000000000002,0.0,3024.671668891378,6920.0,1275.80838375,0.0,2520.8230615492866,0.0,0.0,0.0,0.0,0.0,0.0,3097.3077039500004,3356.290727102567,22509.325758113235
t1741,972.1875000000001,92.30769225,0.0,0.0,3535.9999999999995,6920.0,1275.80838375,693.3333333333329,4232.577700616063,0.0,557.9800189334986,0.0,0.0,0.0,0.0,3006.87672543,0.0,21287.071354312895
t1742,0.0,0.0,1296.0000000000002,0.0,3535.9999999999995,1457.5695710832276,1275.80838375,1559.9999999999998,4510.809447979468,0.0,557.9800189334986,0.0,0.0,0.0,1325.5286868440348,2613.1928863700005,3356.290727102567,21489.179722062792
t1743,972.1875000000001,55.540807510000015,20.826337469499222,0.0,982.6570356886124,3454.1454345601446,0.0,0.0,444.84936413943717,0.0,0.0,0.0,0.0,0.0,1325.5286868440348,3381.7791140599998,3356.290727102567,13993.805007374296
t1744,0.0,0.0,0.0,0.0,0.0,0.0,567.0259483333328,0.0,0.0,0.0,158.95547293000013,0.0,0.0,0.0,0.0,0.0,695.0480221048888,1421.0294433682218
t1745,0.0,0.0,0.0,0.0,0.0,0.0,0.0,0.0,0.0,0.0,0.0,0.0,0.0,0.0,0.0,0.0,0.0,0.0
t1746,0.0,0.0,0.0,0.0,0.0,0.0,0.0,0.0,0.0,0.0,0.0,0.0,0.0,0.0,0.0,0.0,0.0,0.0
t1747,0.0,0.0,0.0,0.0,0.0,0.0,0.0,0.0,0.0,0.0,0.0,0.0,0.0,0.0,0.0,0.0,0.0,0.0
t1748,0.0,0.0,0.0,0.0,0.0,0.0,0.0,0.0,0.0,0.0,0.0,0.0,0.0,0.0,0.0,0.0,0.0,0.0
t1749,0.0,0.0,0.0,0.0,0.0,0.0,0.0,0.0,0.0,0.0,0.0,0.0,0.0,0.0,0.0,0.0,0.0,0.0
t1750,0.0,0.0,0.0,0.0,0.0,0.0,0.0,0.0,0.0,0.0,0.0,0.0,0.0,0.0,0.0,0.0,0.0,0.0
t1751,0.0,0.0,0.0,0.0,0.0,0.0,0.0,0.0,0.0,0.0,0.0,0.0,0.0,0.0,0.0,0.0,0.0,0.0
t1752,0.0,0.0,0.0,0.0,0.0,0.0,0.0,0.0,0.0,0.0,0.0,0.0,0.0,0.0,0.0,0.0,0.0,0.0
t1753,0.0,0.0,0.0,0.0,0.0,0.0,0.0,0.0,0.0,0.0,0.0,0.0,0.0,0.0,0.0,0.0,0.0,0.0
t1754,0.0,0.0,0.0,0.0,0.0,0.0,0.0,0.0,0.0,0.0,0.0,0.0,0.0,0.0,0.0,0.0,0.0,0.0
t1755,0.0,0.0,0.0,0.0,0.0,0.0,0.0,0.0,0.0,0.0,0.0,0.0,0.0,0.0,0.0,0.0,0.0,0.0
t1756,0.0,0.0,0.0,0.0,0.0,0.0,0.0,0.0,0.0,0.0,0.0,0.0,0.0,0.0,0.0,0.0,0.0,0.0
t1757,0.0,0.0,0.0,0.0,0.0,0.0,0.0,0.0,0.0,0.0,0.0,0.0,0.0,0.0,0.0,0.0,0.0,0.0
t1758,0.0,0.0,0.0,0.0,0.0,0.0,0.0,0.0,0.0,0.0,0.0,0.0,0.0,0.0,0.0,0.0,0.0,0.0
t1759,0.0,0.0,0.0,0.0,0.0,0.0,0.0,0.0,0.0,0.0,0.0,0.0,0.0,0.0,0.0,0.0,0.0,0.0
t1760,713.5869646329345,92.30769225,0.0,0.0,0.0,0.0,0.0,1366.4093611318658,0.0,0.0,0.0,0.0,0.0,0.0,0.0,17.328607000394054,0.0,2189.632625015194
t1761,0.0,41.02564100000005,0.0,0.0,0.0,2857.5993854912194,0.0,886.9239722014671,1706.9293843630471,0.0,557.9800189334986,0.0,0.0,0.0,1325.5286868440348,3227.8728080600004,173.3967596322102,10777.256656525478
t1762,0.0,0.0,1296.0000000000002,0.0,0.0,4724.006458078684,1275.80838375,1559.9999999999998,4510.809447979468,0.0,247.99111952599924,0.0,0.0,0.0,0.0,2448.3800368499997,2588.3548225355103,18651.35026871966
t1763,0.0,0.0,1296.0000000000002,0.0,2192.8306325622275,6920.0,1275.80838375,1559.9999999999998,2723.4651428550856,0.0,557.9800189334986,0.0,0.0,0.0,1057.4458083291245,2826.2010973700003,3035.502983145465,23445.234066945406
t1764,972.1875000000001,0.0,1296.0000000000002,0.0,3535.9999999999995,6920.0,1275.80838375,0.0,4510.809447979468,0.0,0.0,0.0,0.0,0.0,27.314467913449825,2890.5415167700003,3356.290727102567,24784.952043515485
t1765,690.6838687003989,92.30769225,1296.0000000000002,0.0,3242.778814409257,4625.931351233482,567.0259483333328,1559.9999999999998,4510.809447979468,0.0,0.0,0.0,0.0,0.0,829.8922714210315,3464.7135222866677,1975.7915863377527,22855.93450295139
t1766,972.1875000000001,92.30769225,575.9999999999998,0.0,3207.9461085840694,3667.783763092886,0.0,0.0,1574.005655584444,0.0,557.9800189334986,0.0,0.0,0.0,1325.5286868440348,3662.0409163600007,2488.528425485123,18124.308767134055
t1767,972.1875000000001,92.30769225,0.0,0.0,3535.9999999999995,1040.234597659284,1275.80838375,0.0,511.21346427887704,0.0,557.9800189334986,0.0,0.0,0.0,1325.5286868440348,1949.71948325,1298.9823717727802,12559.962198738473
t1768,0.0,0.0,0.0,0.0,0.0,0.0,0.0,0.0,0.0,0.0,0.0,0.0,0.0,0.0,0.0,0.0,0.0,0.0
t1769,0.0,0.0,0.0,0.0,0.0,0.0,0.0,0.0,0.0,0.0,0.0,0.0,0.0,0.0,0.0,0.0,0.0,0.0
t1770,0.0,0.0,0.0,0.0,0.0,0.0,0.0,0.0,0.0,0.0,0.0,0.0,0.0,0.0,0.0,0.0,0.0,0.0
t1771,0.0,0.0,0.0,0.0,0.0,0.0,0.0,0.0,0.0,0.0,0.0,0.0,0.0,0.0,0.0,0.0,0.0,0.0
t1772,0.0,0.0,0.0,0.0,0.0,0.0,0.0,0.0,0.0,0.0,0.0,0.0,0.0,0.0,0.0,0.0,0.0,0.0
t1773,0.0,0.0,0.0,0.0,0.0,0.0,0.0,0.0,0.0,0.0,0.0,0.0,0.0,0.0,0.0,0.0,0.0,0.0
t1774,0.0,0.0,0.0,0.0,0.0,0.0,0.0,0.0,0.0,0.0,0.0,0.0,0.0,0.0,0.0,0.0,0.0,0.0
t1775,0.0,0.0,0.0,0.0,0.0,0.0,0.0,0.0,0.0,0.0,0.0,0.0,0.0,0.0,0.0,0.0,0.0,0.0
t1776,0.0,0.0,0.0,0.0,0.0,0.0,0.0,0.0,0.0,0.0,0.0,0.0,0.0,0.0,0.0,0.0,0.0,0.0
t1777,0.0,0.0,0.0,0.0,0.0,0.0,0.0,0.0,0.0,0.0,0.0,0.0,0.0,0.0,0.0,0.0,0.0,0.0
t1778,0.0,0.0,0.0,0.0,0.0,0.0,0.0,0.0,0.0,0.0,0.0,0.0,0.0,0.0,0.0,0.0,0.0,0.0
t1779,0.0,0.0,0.0,0.0,0.0,0.0,0.0,0.0,0.0,0.0,0.0,0.0,0.0,0.0,0.0,0.0,0.0,0.0
t1780,0.0,0.0,0.0,0.0,0.0,0.0,0.0,0.0,0.0,0.0,0.0,0.0,0.0,0.0,0.0,0.0,0.0,0.0
t1781,0.0,0.0,0.0,0.0,0.0,0.0,0.0,0.0,0.0,0.0,0.0,0.0,0.0,0.0,0.0,0.0,0.0,0.0
t1782,0.0,0.0,0.0,0.0,0.0,0.0,0.0,0.0,0.0,0.0,0.0,0.0,0.0,0.0,0.0,0.0,0.0,0.0
t1783,0.0,0.0,0.0,0.0,0.0,0.0,0.0,0.0,0.0,0.0,0.0,0.0,0.0,0.0,0.0,0.0,0.0,0.0
t1784,972.1875000000001,0.0,0.0,0.0,0.0,0.0,0.0,1559.9999999999998,95.91529188172815,0.0,0.0,0.0,0.0,0.0,0.0,341.7949104057505,0.0,2969.8977022874788
t1785,0.0,86.93251286999998,1296.0000000000002,0.0,0.0,1229.2574719083389,1275.80838375,0.0,2046.9939299512675,0.0,230.6124989999988,0.0,0.0,0.0,0.0,1761.9743257500004,3356.290727102567,11283.869850332172
t1786,432.0833333333334,92.30769225,1296.0000000000002,0.0,0.0,4969.513961187852,0.0,0.0,2916.4636867621984,0.0,557.9800189334986,0.0,0.0,0.0,1325.5286868440348,2939.232616875715,1438.9906438846358,15968.100640071267
t1787,0.0,75.57011286999999,575.9999999999998,0.0,2541.6126315396823,6920.0,1275.80838375,1559.9999999999998,3868.9632231180244,0.0,557.9800189334986,0.0,0.0,0.0,1325.5286868440348,2871.2264484099996,1035.5193673215713,22608.208872786814
t1788,972.1875000000001,60.283012869999986,1296.0000000000002,0.0,3535.9999999999995,3623.520775161521,1275.80838375,0.0,4510.809447979468,0.0,557.9800189334986,0.0,0.0,0.0,1325.5286868440348,3131.26102987,3356.290727102567,23645.669582511095
t1789,972.1875000000001,68.46031286999992,1296.0000000000002,0.0,3535.9999999999995,5974.623235237972,567.0259483333328,1559.9999999999998,4510.809447979468,0.0,17.378620526000454,0.0,0.0,0.0,589.1238608195713,3693.4461830466676,0.0,22785.055108813012
t1790,0.0,0.0,0.0,0.0,3535.9999999999995,6920.0,1275.80838375,693.3333333333329,1920.976384363047,0.0,0.0,0.0,0.0,0.0,0.0,2642.3612733700006,1706.5649694397039,18695.044344256083
t1791,972.1875000000001,26.702766270000158,0.0,0.0,2565.9429240158734,0.0,0.0,1559.9999999999998,177.1105789846555,0.0,557.9800189334986,0.0,0.0,0.0,0.0,2735.369128158925,3116.9000164534837,11712.192932816437
t1792,0.0,0.0,0.0,0.0,0.0,1118.6401120598707,0.0,0.0,0.0,0.0,0.0,0.0,0.0,0.0,1325.5286868440348,370.13207205999987,906.2912247068792,3720.5920956707846
t1793,0.0,0.0,0.0,0.0,0.0,0.0,0.0,0.0,0.0,0.0,0.0,0.0,0.0,0.0,0.0,0.0,0.0,0.0
t1794,0.0,0.0,0.0,0.0,0.0,0.0,0.0,0.0,0.0,0.0,0.0,0.0,0.0,0.0,0.0,0.0,0.0,0.0
t1795,0.0,0.0,0.0,0.0,0.0,0.0,0.0,0.0,0.0,0.0,0.0,0.0,0.0,0.0,0.0,0.0,0.0,0.0
t1796,0.0,0.0,0.0,0.0,0.0,0.0,0.0,0.0,0.0,0.0,0.0,0.0,0.0,0.0,0.0,0.0,0.0,0.0
t1797,0.0,0.0,0.0,0.0,0.0,0.0,0.0,0.0,0.0,0.0,0.0,0.0,0.0,0.0,0.0,0.0,0.0,0.0
t1798,0.0,0.0,0.0,0.0,0.0,0.0,0.0,0.0,0.0,0.0,0.0,0.0,0.0,0.0,0.0,0.0,0.0,0.0
t1799,0.0,0.0,0.0,0.0,0.0,0.0,0.0,0.0,0.0,0.0,0.0,0.0,0.0,0.0,0.0,0.0,0.0,0.0
t1800,0.0,0.0,0.0,0.0,0.0,0.0,0.0,0.0,0.0,0.0,0.0,0.0,0.0,0.0,0.0,0.0,0.0,0.0
t1801,0.0,0.0,0.0,0.0,0.0,0.0,0.0,0.0,0.0,0.0,0.0,0.0,0.0,0.0,0.0,0.0,0.0,0.0
t1802,0.0,0.0,0.0,0.0,0.0,0.0,0.0,0.0,0.0,0.0,0.0,0.0,0.0,0.0,0.0,0.0,0.0,0.0
t1803,0.0,0.0,0.0,0.0,0.0,0.0,0.0,0.0,0.0,0.0,0.0,0.0,0.0,0.0,0.0,0.0,0.0,0.0
t1804,0.0,0.0,0.0,0.0,0.0,0.0,0.0,0.0,0.0,0.0,0.0,0.0,0.0,0.0,0.0,0.0,0.0,0.0
t1805,0.0,0.0,0.0,0.0,0.0,0.0,0.0,0.0,0.0,0.0,0.0,0.0,0.0,0.0,0.0,0.0,0.0,0.0
t1806,0.0,0.0,0.0,0.0,0.0,0.0,0.0,0.0,0.0,0.0,0.0,0.0,0.0,0.0,0.0,0.0,0.0,0.0
t1807,0.0,0.0,0.0,0.0,0.0,0.0,0.0,0.0,0.0,0.0,0.0,0.0,0.0,0.0,0.0,0.0,0.0,0.0
t1808,972.1875000000001,92.30769225,0.0,0.0,0.0,0.0,0.0,0.0,1837.5762987366168,0.0,557.9800189334986,0.0,0.0,0.0,1325.5286868440348,0.0,0.0,4785.580196764151
t1809,972.1875000000001,92.30769225,1296.0000000000002,0.0,0.0,6920.0,1275.80838375,1559.9999999999998,2856.9907791165124,0.0,0.0,0.0,0.0,0.0,0.0,1845.4845190299995,188.06076752787015,17006.83964167438
t1810,0.0,63.64372465657897,214.0398224940022,254.117647,1959.5608289690774,4794.395967504272,567.0259483333328,1559.9999999999998,4510.809447979468,0.0,247.99111952599907,0.0,0.0,0.0,0.0,4376.649513947378,2425.8152311779154,20974.049251588025
t1811,0.0,92.30769225,1296.0000000000002,254.117647,3535.9999999999995,2938.2134955748793,1275.80838375,1559.9999999999998,4510.809447979468,0.0,0.0,0.0,0.0,0.0,0.0,2366.67659485,3356.290727102567,21186.223988506914
t1812,972.1875000000001,92.30769225,1043.3889749999998,254.117647,3535.9999999999995,6920.0,1275.80838375,1149.473684210526,3293.3617355115025,0.0,0.0,0.0,0.0,0.0,1325.5286868440348,3859.2459139732814,3356.290727102567,27077.710945641913
t1813,767.5164473684212,9.230769225000031,1253.4827411713015,112.94117644444447,3352.2080283830683,6920.0,1275.80838375,0.0,1743.584835224882,0.0,557.9800189334986,0.0,0.0,0.0,589.1238608195713,4609.529547288089,2234.0994959979275,23425.505304606206
t1814,972.1875000000001,92.30769225,704.329860033251,254.117647,3535.9999999999995,4624.728350804988,0.0,1559.9999999999998,4485.205425727989,0.0,557.9800189334986,0.0,0.0,0.0,1325.5286868440348,4521.615972920001,0.0,22634.00115451376
t1815,972.1875000000001,0.0,657.4112666297201,0.0,0.0,2550.3018324389022,0.0,0.0,0.0,0.0,557.9800189334986,0.0,0.0,0.0,1325.5286868440348,0.0,3356.290727102567,9419.700031948722
t1816,0.0,0.0,0.0,0.0,0.0,0.0,0.0,0.0,0.0,0.0,0.0,0.0,0.0,0.0,0.0,0.0,0.0,0.0
t1817,0.0,0.0,0.0,0.0,0.0,0.0,0.0,0.0,0.0,0.0,0.0,0.0,0.0,0.0,0.0,0.0,0.0,0.0
t1818,0.0,0.0,0.0,0.0,0.0,0.0,0.0,0.0,0.0,0.0,0.0,0.0,0.0,0.0,0.0,0.0,0.0,0.0
t1819,0.0,0.0,0.0,0.0,0.0,0.0,0.0,0.0,0.0,0.0,0.0,0.0,0.0,0.0,0.0,0.0,0.0,0.0
t1820,0.0,0.0,0.0,0.0,0.0,0.0,0.0,0.0,0.0,0.0,0.0,0.0,0.0,0.0,0.0,0.0,0.0,0.0
t1821,0.0,0.0,0.0,0.0,0.0,0.0,0.0,0.0,0.0,0.0,0.0,0.0,0.0,0.0,0.0,0.0,0.0,0.0
t1822,0.0,0.0,0.0,0.0,0.0,0.0,0.0,0.0,0.0,0.0,0.0,0.0,0.0,0.0,0.0,0.0,0.0,0.0
t1823,0.0,0.0,0.0,0.0,0.0,0.0,0.0,0.0,0.0,0.0,0.0,0.0,0.0,0.0,0.0,0.0,0.0,0.0
t1824,0.0,0.0,0.0,0.0,0.0,0.0,0.0,0.0,0.0,0.0,0.0,0.0,0.0,0.0,0.0,0.0,0.0,0.0
t1825,0.0,0.0,0.0,0.0,0.0,0.0,0.0,0.0,0.0,0.0,0.0,0.0,0.0,0.0,0.0,0.0,0.0,0.0
t1826,0.0,0.0,0.0,0.0,0.0,0.0,0.0,0.0,0.0,0.0,0.0,0.0,0.0,0.0,0.0,0.0,0.0,0.0
t1827,0.0,0.0,0.0,0.0,0.0,0.0,0.0,0.0,0.0,0.0,0.0,0.0,0.0,0.0,0.0,0.0,0.0,0.0
t1828,0.0,0.0,0.0,0.0,0.0,0.0,0.0,0.0,0.0,0.0,0.0,0.0,0.0,0.0,0.0,0.0,0.0,0.0
t1829,0.0,0.0,0.0,0.0,0.0,0.0,0.0,0.0,0.0,0.0,0.0,0.0,0.0,0.0,0.0,0.0,0.0,0.0
t1830,0.0,0.0,0.0,0.0,0.0,0.0,0.0,0.0,0.0,0.0,0.0,0.0,0.0,0.0,0.0,0.0,0.0,0.0
t1831,0.0,0.0,0.0,0.0,0.0,0.0,0.0,0.0,0.0,0.0,0.0,0.0,0.0,0.0,0.0,0.0,0.0,0.0
t1832,972.1875000000001,92.30769225,0.0,0.0,0.0,1972.3111902425007,0.0,0.0,0.0,0.0,557.9800189334986,0.0,0.0,0.0,1325.5286868440348,0.0,0.0,4920.315088270035
t1833,972.1875000000001,92.30769225,1296.0000000000002,0.0,0.0,0.0,1275.80838375,1559.9999999999998,3592.5366618978355,0.0,247.99111952599873,0.0,0.0,0.0,1325.5286868440348,1790.6387654500002,1831.0031343801747,13984.001944098043
t1834,716.3486842105264,63.64372465657893,0.0,0.0,2809.525331266481,6920.0,567.0259483333328,1149.473684210526,4510.809447979468,0.0,0.0,0.0,0.0,0.0,589.1238608195707,3182.418710227176,161.63763545875292,20670.00702716241
t1835,972.1875000000001,92.30769225,1296.0000000000002,0.0,3535.9999999999995,6920.0,0.0,1559.9999999999998,2361.3551422201954,0.0,0.0,0.0,0.0,0.0,0.0,4609.529547288089,3356.290727102567,24703.670608860855
t1836,0.0,92.30769225,1296.0000000000002,0.0,3535.9999999999995,6920.0,1275.80838375,1559.9999999999998,4510.809447979468,0.0,0.0,0.0,0.0,0.0,1325.5286868440348,1685.151870405618,3356.290727102567,25557.896808331687
t1837,972.1875000000001,9.230769225000055,326.1125703565012,0.0,3535.9999999999995,6920.0,1275.80838375,1559.9999999999998,799.7901068596414,0.0,557.9800189334986,0.0,0.0,0.0,0.0,4609.529547288089,1740.9792038619821,22307.61810027471
t1838,0.0,0.0,1296.0000000000002,254.117647,2298.0302242890734,1103.2443653130583,0.0,0.0,4272.741184083249,0.0,557.9800189334986,0.0,0.0,0.0,1325.5286868440348,4609.529547288089,1604.5990275651159,17321.77070131612
t1839,972.1875000000001,92.30769225,249.88742964349805,254.117647,0.0,0.0,1275.80838375,0.0,0.0,0.0,557.9800189334986,0.0,0.0,0.0,0.0,0.0,2866.047220540251,6268.335892117248
t1840,0.0,0.0,0.0,0.0,0.0,0.0,0.0,0.0,0.0,0.0,0.0,0.0,0.0,0.0,0.0,0.0,0.0,0.0
t1841,0.0,0.0,0.0,0.0,0.0,0.0,0.0,0.0,0.0,0.0,0.0,0.0,0.0,0.0,0.0,0.0,0.0,0.0
t1842,0.0,0.0,0.0,0.0,0.0,0.0,0.0,0.0,0.0,0.0,0.0,0.0,0.0,0.0,0.0,0.0,0.0,0.0
t1843,0.0,0.0,0.0,0.0,0.0,0.0,0.0,0.0,0.0,0.0,0.0,0.0,0.0,0.0,0.0,0.0,0.0,0.0
t1844,0.0,0.0,0.0,0.0,0.0,0.0,0.0,0.0,0.0,0.0,0.0,0.0,0.0,0.0,0.0,0.0,0.0,0.0
t1845,0.0,0.0,0.0,0.0,0.0,0.0,0.0,0.0,0.0,0.0,0.0,0.0,0.0,0.0,0.0,0.0,0.0,0.0
t1846,0.0,0.0,0.0,0.0,0.0,0.0,0.0,0.0,0.0,0.0,0.0,0.0,0.0,0.0,0.0,0.0,0.0,0.0
t1847,0.0,0.0,0.0,0.0,0.0,0.0,0.0,0.0,0.0,0.0,0.0,0.0,0.0,0.0,0.0,0.0,0.0,0.0
t1848,0.0,0.0,0.0,0.0,0.0,0.0,0.0,0.0,0.0,0.0,0.0,0.0,0.0,0.0,0.0,0.0,0.0,0.0
t1849,0.0,0.0,0.0,0.0,0.0,0.0,0.0,0.0,0.0,0.0,0.0,0.0,0.0,0.0,0.0,0.0,0.0,0.0
t1850,0.0,0.0,0.0,0.0,0.0,0.0,0.0,0.0,0.0,0.0,0.0,0.0,0.0,0.0,0.0,0.0,0.0,0.0
t1851,0.0,0.0,0.0,0.0,0.0,0.0,0.0,0.0,0.0,0.0,0.0,0.0,0.0,0.0,0.0,0.0,0.0,0.0
t1852,0.0,0.0,0.0,0.0,0.0,0.0,0.0,0.0,0.0,0.0,0.0,0.0,0.0,0.0,0.0,0.0,0.0,0.0
t1853,0.0,0.0,0.0,0.0,0.0,0.0,0.0,0.0,0.0,0.0,0.0,0.0,0.0,0.0,0.0,0.0,0.0,0.0
t1854,0.0,0.0,0.0,0.0,0.0,0.0,0.0,0.0,0.0,0.0,0.0,0.0,0.0,0.0,0.0,0.0,0.0,0.0
t1855,0.0,0.0,0.0,0.0,0.0,0.0,0.0,0.0,0.0,0.0,0.0,0.0,0.0,0.0,0.0,0.0,0.0,0.0
t1856,0.0,0.0,0.0,0.0,0.0,1034.345622145154,0.0,1559.9999999999998,1528.735239837309,0.0,557.9800189334986,0.0,0.0,0.0,0.0,584.9493234000008,0.0,5266.010204315962
t1857,972.1875000000001,0.0,575.9999999999998,0.0,861.577330116321,5253.2813142268915,0.0,1559.9999999999998,1689.2283724712397,0.0,346.88584306217405,0.0,0.0,0.0,0.0,2342.3117999923006,1173.5589814805107,14775.031141349438
t1858,972.1875000000001,92.30769225,1296.0000000000002,0.0,3535.9999999999995,6920.0,1275.80838375,693.3333333333329,2260.2158728463387,0.0,469.69252135999886,0.0,0.0,0.0,0.0,3062.72100571,2596.8206993287395,23175.08700857841
t1859,972.1875000000001,92.30769225,1296.0000000000002,0.0,2698.8403334623317,6920.0,1275.80838375,1559.9999999999998,2401.4146480399922,0.0,557.9800189334986,0.0,0.0,0.0,787.1876580496279,3806.174057450001,2381.508805709883,24749.409097645337
t1860,0.0,92.30769225,1296.0000000000002,0.0,3535.9999999999995,6920.0,1275.80838375,0.0,4510.809447979468,0.0,385.88705403999955,0.0,0.0,0.0,1020.7899585470014,4121.327057790001,3356.290727102567,26515.220321459034
t1861,432.0833333333329,30.76923075000003,1296.0000000000002,0.0,3535.9999999999995,3707.92861918351,0.0,1559.9999999999998,4510.809447979468,0.0,0.0,0.0,0.0,0.0,0.0,4609.529547288089,2844.561571874546,22527.681750408945
t1862,0.0,0.0,0.0,0.0,1547.137891976901,0.0,1275.80838375,0.0,2268.3084392790456,0.0,0.0,0.0,0.0,0.0,0.0,1258.9380035500003,2564.106890515163,8914.29960907111
t1863,972.1875000000001,0.0,0.0,0.0,0.0,0.0,567.0259483333328,0.0,468.2132802634869,0.0,161.48573893082414,0.0,0.0,0.0,1325.5286868440348,700.8471927666675,0.0,4195.288347138347
t1864,0.0,0.0,0.0,0.0,0.0,0.0,0.0,0.0,0.0,0.0,0.0,0.0,0.0,0.0,0.0,0.0,0.0,0.0
t1865,0.0,0.0,0.0,0.0,0.0,0.0,0.0,0.0,0.0,0.0,0.0,0.0,0.0,0.0,0.0,0.0,0.0,0.0
t1866,0.0,0.0,0.0,0.0,0.0,0.0,0.0,0.0,0.0,0.0,0.0,0.0,0.0,0.0,0.0,0.0,0.0,0.0
t1867,0.0,0.0,0.0,0.0,0.0,0.0,0.0,0.0,0.0,0.0,0.0,0.0,0.0,0.0,0.0,0.0,0.0,0.0
t1868,0.0,0.0,0.0,0.0,0.0,0.0,0.0,0.0,0.0,0.0,0.0,0.0,0.0,0.0,0.0,0.0,0.0,0.0
t1869,0.0,0.0,0.0,0.0,0.0,0.0,0.0,0.0,0.0,0.0,0.0,0.0,0.0,0.0,0.0,0.0,0.0,0.0
t1870,0.0,0.0,0.0,0.0,0.0,0.0,0.0,0.0,0.0,0.0,0.0,0.0,0.0,0.0,0.0,0.0,0.0,0.0
t1871,0.0,0.0,0.0,0.0,0.0,0.0,0.0,0.0,0.0,0.0,0.0,0.0,0.0,0.0,0.0,0.0,0.0,0.0
t1872,0.0,0.0,0.0,0.0,0.0,0.0,0.0,0.0,0.0,0.0,0.0,0.0,0.0,0.0,0.0,0.0,0.0,0.0
t1873,0.0,0.0,0.0,0.0,0.0,0.0,0.0,0.0,0.0,0.0,0.0,0.0,0.0,0.0,0.0,0.0,0.0,0.0
t1874,0.0,0.0,0.0,0.0,0.0,0.0,0.0,0.0,0.0,0.0,0.0,0.0,0.0,0.0,0.0,0.0,0.0,0.0
t1875,0.0,0.0,0.0,0.0,0.0,0.0,0.0,0.0,0.0,0.0,0.0,0.0,0.0,0.0,0.0,0.0,0.0,0.0
t1876,0.0,0.0,0.0,0.0,0.0,0.0,0.0,0.0,0.0,0.0,0.0,0.0,0.0,0.0,0.0,0.0,0.0,0.0
t1877,0.0,0.0,0.0,0.0,0.0,0.0,0.0,0.0,0.0,0.0,0.0,0.0,0.0,0.0,0.0,0.0,0.0,0.0
t1878,0.0,0.0,0.0,0.0,0.0,0.0,0.0,0.0,0.0,0.0,0.0,0.0,0.0,0.0,0.0,0.0,0.0,0.0
t1879,0.0,0.0,0.0,0.0,0.0,0.0,0.0,0.0,0.0,0.0,0.0,0.0,0.0,0.0,0.0,0.0,0.0,0.0
t1880,0.0,92.30769225,0.0,0.0,0.0,0.0,677.2238721229351,0.0,0.0,0.0,0.0,0.0,0.0,0.0,0.0,0.0,0.0,769.531564372935
t1881,0.0,92.30769225,0.0,0.0,0.0,0.0,112.23134842039775,307.0643480826489,0.0,0.0,557.9800189334986,0.0,0.0,0.0,1325.5286868440348,1195.4957219596024,0.0,3590.607816490183
t1882,972.1875000000001,0.0,1296.0000000000002,0.0,388.3014694531983,3851.914884395011,1275.80838375,1023.4775883772515,561.9489006716923,0.0,120.47812870600083,0.0,0.0,0.0,0.0,974.1023457300003,0.0,10464.219201083155
t1883,0.0,0.0,1296.0000000000002,0.0,3535.9999999999995,6920.0,0.0,0.0,2010.1719190411407,0.0,557.9800189334986,0.0,0.0,0.0,1325.5286868440348,2685.9081716200003,506.84126660065346,18838.43006303933
t1884,0.0,38.33362152000006,1296.0000000000002,0.0,3535.9999999999995,6250.564476130001,0.0,0.0,1838.3481196740793,0.0,127.51299081999822,0.0,0.0,0.0,0.0,3764.9057118,556.4057005582055,17408.070620502287
t1885,379.8861138347834,92.30769225,1296.0000000000002,0.0,3535.9999999999995,4505.699486861258,0.0,904.0256123328847,0.0,0.0,557.9800189334986,0.0,0.0,0.0,0.0,4215.3440206,0.0,15487.242944812426
t1886,0.0,0.0,575.9999999999998,0.0,2059.4956678579438,4178.54632310959,1275.80838375,0.0,0.0,0.0,557.9800189334986,0.0,0.0,0.0,1325.5286868440348,155.65025189000008,0.0,10129.009332385067
t1887,323.33452111523434,0.0,0.0,0.0,2659.7584182444143,3678.642905767329,1275.80838375,0.0,0.0,0.0,0.0,0.0,0.0,0.0,1325.5286868440348,552.4073009299998,0.0,9815.48021665101
t1888,0.0,0.0,0.0,0.0,0.0,1370.1874792923675,1053.3791115399997,0.0,0.0,0.0,0.0,0.0,0.0,0.0,589.1238608195713,0.0,0.0,3012.6904516519385
t1889,0.0,0.0,0.0,0.0,0.0,0.0,0.0,0.0,0.0,0.0,0.0,0.0,0.0,0.0,0.0,0.0,0.0,0.0
t1890,0.0,0.0,0.0,0.0,0.0,0.0,0.0,0.0,0.0,0.0,0.0,0.0,0.0,0.0,0.0,0.0,0.0,0.0
t1891,0.0,0.0,0.0,0.0,0.0,0.0,0.0,0.0,0.0,0.0,0.0,0.0,0.0,0.0,0.0,0.0,0.0,0.0
t1892,0.0,0.0,0.0,0.0,0.0,0.0,0.0,0.0,0.0,0.0,0.0,0.0,0.0,0.0,0.0,0.0,0.0,0.0
t1893,0.0,0.0,0.0,0.0,0.0,0.0,0.0,0.0,0.0,0.0,0.0,0.0,0.0,0.0,0.0,0.0,0.0,0.0
t1894,0.0,0.0,0.0,0.0,0.0,0.0,0.0,0.0,0.0,0.0,0.0,0.0,0.0,0.0,0.0,0.0,0.0,0.0
t1895,0.0,0.0,0.0,0.0,0.0,0.0,0.0,0.0,0.0,0.0,0.0,0.0,0.0,0.0,0.0,0.0,0.0,0.0
t1896,0.0,0.0,0.0,0.0,0.0,0.0,0.0,0.0,0.0,0.0,0.0,0.0,0.0,0.0,0.0,0.0,0.0,0.0
t1897,0.0,0.0,0.0,0.0,0.0,0.0,0.0,0.0,0.0,0.0,0.0,0.0,0.0,0.0,0.0,0.0,0.0,0.0
t1898,0.0,0.0,0.0,0.0,0.0,0.0,0.0,0.0,0.0,0.0,0.0,0.0,0.0,0.0,0.0,0.0,0.0,0.0
t1899,0.0,0.0,0.0,0.0,0.0,0.0,0.0,0.0,0.0,0.0,0.0,0.0,0.0,0.0,0.0,0.0,0.0,0.0
t1900,0.0,0.0,0.0,0.0,0.0,0.0,0.0,0.0,0.0,0.0,0.0,0.0,0.0,0.0,0.0,0.0,0.0,0.0
t1901,0.0,0.0,0.0,0.0,0.0,0.0,0.0,0.0,0.0,0.0,0.0,0.0,0.0,0.0,0.0,0.0,0.0,0.0
t1902,0.0,0.0,0.0,0.0,0.0,0.0,0.0,0.0,0.0,0.0,0.0,0.0,0.0,0.0,0.0,0.0,0.0,0.0
t1903,0.0,0.0,0.0,0.0,0.0,0.0,0.0,0.0,0.0,0.0,0.0,0.0,0.0,0.0,0.0,0.0,0.0,0.0
t1904,972.1875000000001,0.0,0.0,0.0,0.0,3055.4490867211343,1275.80838375,693.3333333333329,1393.6431156595793,0.0,0.0,0.0,0.0,0.0,0.0,0.0,0.0,7390.421419464046
t1905,0.0,41.02564100000005,0.0,0.0,0.0,1370.5038849707735,0.0,1559.9999999999998,2717.131101584698,0.0,0.0,0.0,0.0,0.0,0.0,330.5707271800007,3356.290727102567,9375.52208183804
t1906,972.1875000000001,0.0,0.0,0.0,0.0,3753.3029306761073,0.0,1559.9999999999998,4510.809447979468,0.0,0.0,0.0,0.0,0.0,0.0,1085.246190180001,1591.465505065813,13473.01157390139
t1907,972.1875000000001,0.0,0.0,0.0,2552.9000982492707,3650.581780772827,0.0,1559.9999999999998,4510.809447979468,0.0,557.9800189334986,0.0,0.0,0.0,0.0,3819.62300730548,3096.286772936822,20720.36862617737
t1908,854.213176611559,92.30769225,1296.0000000000002,0.0,3535.9999999999995,6920.0,802.7336640519112,0.0,2404.839429837175,0.0,557.9800189334986,0.0,0.0,0.0,1291.5458484669448,4609.529547288089,3356.290727102567,25721.440104541747
t1909,550.0576567217743,92.30769225,1296.0000000000002,0.0,3535.9999999999995,6920.0,1040.1006680314217,0.0,4510.809447979468,0.0,557.9800189334986,0.0,0.0,0.0,1325.5286868440348,4580.540980828578,3111.2562169385365,27520.58136852731
t1910,0.0,92.30769225,968.5590192899999,0.0,3535.9999999999995,3882.788017991437,1275.80838375,1559.9999999999998,0.0,0.0,0.0,0.0,0.0,0.0,1325.5286868440348,3860.35681443,405.257726865103,16906.606341420575
t1911,0.0,92.30769225,1296.0000000000002,0.0,1326.006421311498,1202.9298544232736,0.0,0.0,0.0,0.0,557.9800189334986,0.0,0.0,0.0,1325.5286868440348,558.5296757690257,0.0,6359.2823495313305
t1912,0.0,0.0,903.4409807099998,0.0,1228.6490359947836,0.0,1275.80838375,0.0,0.0,0.0,247.99111952599924,0.0,0.0,0.0,623.106699196661,1642.4010449658876,0.0,5921.397264143332
t1913,0.0,0.0,0.0,0.0,0.0,0.0,0.0,0.0,0.0,0.0,0.0,0.0,0.0,0.0,0.0,0.0,0.0,0.0
t1914,0.0,0.0,0.0,0.0,0.0,0.0,0.0,0.0,0.0,0.0,0.0,0.0,0.0,0.0,0.0,0.0,0.0,0.0
t1915,0.0,0.0,0.0,0.0,0.0,0.0,0.0,0.0,0.0,0.0,0.0,0.0,0.0,0.0,0.0,0.0,0.0,0.0
t1916,0.0,0.0,0.0,0.0,0.0,0.0,0.0,0.0,0.0,0.0,0.0,0.0,0.0,0.0,0.0,0.0,0.0,0.0
t1917,0.0,0.0,0.0,0.0,0.0,0.0,0.0,0.0,0.0,0.0,0.0,0.0,0.0,0.0,0.0,0.0,0.0,0.0
t1918,0.0,0.0,0.0,0.0,0.0,0.0,0.0,0.0,0.0,0.0,0.0,0.0,0.0,0.0,0.0,0.0,0.0,0.0
t1919,0.0,0.0,0.0,0.0,0.0,0.0,0.0,0.0,0.0,0.0,0.0,0.0,0.0,0.0,0.0,0.0,0.0,0.0
t1920,0.0,0.0,0.0,0.0,0.0,0.0,0.0,0.0,0.0,0.0,0.0,0.0,0.0,0.0,0.0,0.0,0.0,0.0
t1921,0.0,0.0,0.0,0.0,0.0,0.0,0.0,0.0,0.0,0.0,0.0,0.0,0.0,0.0,0.0,0.0,0.0,0.0
t1922,0.0,0.0,0.0,0.0,0.0,0.0,0.0,0.0,0.0,0.0,0.0,0.0,0.0,0.0,0.0,0.0,0.0,0.0
t1923,0.0,0.0,0.0,0.0,0.0,0.0,0.0,0.0,0.0,0.0,0.0,0.0,0.0,0.0,0.0,0.0,0.0,0.0
t1924,0.0,0.0,0.0,0.0,0.0,0.0,0.0,0.0,0.0,0.0,0.0,0.0,0.0,0.0,0.0,0.0,0.0,0.0
t1925,0.0,0.0,0.0,0.0,0.0,0.0,0.0,0.0,0.0,0.0,0.0,0.0,0.0,0.0,0.0,0.0,0.0,0.0
t1926,0.0,0.0,0.0,0.0,0.0,0.0,0.0,0.0,0.0,0.0,0.0,0.0,0.0,0.0,0.0,0.0,0.0,0.0
t1927,0.0,0.0,0.0,0.0,0.0,0.0,0.0,0.0,0.0,0.0,0.0,0.0,0.0,0.0,0.0,0.0,0.0,0.0
t1928,972.1875000000001,84.51122152000006,0.0,0.0,0.0,0.0,0.0,0.0,0.0,0.0,0.0,0.0,0.0,0.0,0.0,211.4039995600001,298.18779735594745,1566.2905184359477
t1929,0.0,0.0,0.0,0.0,0.0,0.0,1275.80838375,1559.9999999999998,0.0,0.0,557.9800189334986,0.0,0.0,0.0,1325.5286868440348,380.8761878100011,597.1423193073821,5697.335596644917
t1930,0.0,92.30769225,1296.0000000000002,0.0,1051.7400079216752,6669.208865792799,0.0,1163.5383556896322,3671.0974589056887,0.0,191.1413056959997,0.0,0.0,0.0,0.0,4609.529547288089,107.95820784507781,18852.52144138896
t1931,0.0,92.30769225,1296.0000000000002,0.0,3119.518290157439,6920.0,1275.80838375,0.0,0.0,0.0,56.84981382999943,0.0,0.0,0.0,1325.5286868440348,3430.20926365,2668.225114782053,20184.447245263527
t1932,0.0,0.0,1296.0000000000002,0.0,3535.9999999999995,6187.798278092859,567.0259483333328,1089.7949776437008,0.0,0.0,557.9800189334986,0.0,0.0,0.0,0.0,1293.3743664066671,0.0,14527.973589410058
t1933,0.0,92.30769225,1296.0000000000002,0.0,3535.9999999999995,6920.0,1275.80838375,1559.9999999999998,576.1536475204756,0.0,557.9800189334986,0.0,0.0,0.0,1325.5286868440348,4145.32827385,3350.5797218121706,24635.686424960182
t1934,972.1875000000001,48.822111729999975,575.9999999999998,0.0,3535.9999999999995,3113.274603173978,0.0,1559.9999999999998,0.0,0.0,557.9800189334986,0.0,0.0,0.0,0.0,4557.822593268478,510.2200809313041,15432.306908037259
t1935,0.0,0.0,0.0,0.0,936.2972574764406,0.0,0.0,0.0,1864.8428307590723,0.0,0.0,0.0,0.0,0.0,1325.5286868440348,1036.1525081999998,2320.859985974656,7483.681269254204
t1936,210.06860518823194,0.0,0.0,0.0,0.0,945.2738084959241,1275.80838375,0.0,0.0,0.0,0.0,0.0,0.0,0.0,589.1238608195713,822.1012479138254,0.0,3842.375906167553
t1937,0.0,0.0,0.0,0.0,0.0,0.0,0.0,0.0,0.0,0.0,0.0,0.0,0.0,0.0,0.0,0.0,0.0,0.0
t1938,0.0,0.0,0.0,0.0,0.0,0.0,0.0,0.0,0.0,0.0,0.0,0.0,0.0,0.0,0.0,0.0,0.0,0.0
t1939,0.0,0.0,0.0,0.0,0.0,0.0,0.0,0.0,0.0,0.0,0.0,0.0,0.0,0.0,0.0,0.0,0.0,0.0
t1940,0.0,0.0,0.0,0.0,0.0,0.0,0.0,0.0,0.0,0.0,0.0,0.0,0.0,0.0,0.0,0.0,0.0,0.0
t1941,0.0,0.0,0.0,0.0,0.0,0.0,0.0,0.0,0.0,0.0,0.0,0.0,0.0,0.0,0.0,0.0,0.0,0.0
t1942,0.0,0.0,0.0,0.0,0.0,0.0,0.0,0.0,0.0,0.0,0.0,0.0,0.0,0.0,0.0,0.0,0.0,0.0
t1943,0.0,0.0,0.0,0.0,0.0,0.0,0.0,0.0,0.0,0.0,0.0,0.0,0.0,0.0,0.0,0.0,0.0,0.0
t1944,0.0,0.0,0.0,0.0,0.0,0.0,0.0,0.0,0.0,0.0,0.0,0.0,0.0,0.0,0.0,0.0,0.0,0.0
t1945,0.0,0.0,0.0,0.0,0.0,0.0,0.0,0.0,0.0,0.0,0.0,0.0,0.0,0.0,0.0,0.0,0.0,0.0
t1946,0.0,0.0,0.0,0.0,0.0,0.0,0.0,0.0,0.0,0.0,0.0,0.0,0.0,0.0,0.0,0.0,0.0,0.0
t1947,0.0,0.0,0.0,0.0,0.0,0.0,0.0,0.0,0.0,0.0,0.0,0.0,0.0,0.0,0.0,0.0,0.0,0.0
t1948,0.0,0.0,0.0,0.0,0.0,0.0,0.0,0.0,0.0,0.0,0.0,0.0,0.0,0.0,0.0,0.0,0.0,0.0
t1949,0.0,0.0,0.0,0.0,0.0,0.0,0.0,0.0,0.0,0.0,0.0,0.0,0.0,0.0,0.0,0.0,0.0,0.0
t1950,0.0,0.0,0.0,0.0,0.0,0.0,0.0,0.0,0.0,0.0,0.0,0.0,0.0,0.0,0.0,0.0,0.0,0.0
t1951,0.0,0.0,0.0,0.0,0.0,0.0,0.0,0.0,0.0,0.0,0.0,0.0,0.0,0.0,0.0,0.0,0.0,0.0
t1952,0.0,0.0,0.0,0.0,0.0,0.0,0.0,0.0,0.0,0.0,0.0,0.0,0.0,0.0,0.0,0.0,0.0,0.0
t1953,972.1875000000001,92.30769225,439.33855650650264,0.0,0.0,1091.3943527459633,1275.80838375,0.0,792.6306714592275,0.0,557.9800189334986,0.0,0.0,0.0,1325.5286868440348,2257.1708286499997,1007.3190612221987,9811.665752361425
t1954,972.1875000000001,92.30769225,0.0,0.0,0.0,3540.846716137989,0.0,1379.511330301952,4474.837715112793,0.0,344.12030208321363,0.0,0.0,0.0,589.1238608195661,3516.8699125200005,2656.635545034464,17566.440574259977
t1955,776.546068994618,92.30769225,634.1020297869949,0.0,2429.831684407227,4046.294132339023,1275.80838375,1559.9999999999998,4510.809447979468,0.0,557.9800189334986,0.0,0.0,0.0,1325.5286868440348,2469.3386011699995,2447.695820203464,22126.24256665833
t1956,0.0,92.30769225,1296.0000000000002,0.0,3535.9999999999995,6920.0,1275.80838375,1559.9999999999998,2538.621062564156,0.0,461.85083637628384,0.0,0.0,0.0,1325.5286868440348,2542.29591141,2092.6157953461457,23641.02836854062
t1957,627.7247643387154,41.02564100000002,1296.0000000000002,0.0,3535.9999999999995,6920.0,567.0259483333328,1559.9999999999998,3220.3336459247425,0.0,0.0,0.0,0.0,0.0,0.0,3865.828371127061,3356.290727102567,24990.229097826414
t1958,0.0,0.0,1296.0000000000002,0.0,3535.9999999999995,4674.133921091455,0.0,0.0,4510.809447979468,0.0,0.0,0.0,0.0,0.0,0.0,4163.00893156,3356.290727102567,21536.243027733493
t1959,972.1875000000001,0.0,798.5594137065023,0.0,2677.7238711483283,3562.8864332411245,1275.80838375,873.8220030313807,0.0,0.0,557.9800189334986,0.0,0.0,0.0,1325.5286868440348,1672.2854315100005,0.0,13716.781742164869
t1960,0.0,0.0,0.0,0.0,0.0,0.0,0.0,0.0,0.0,0.0,0.0,0.0,0.0,0.0,0.0,0.0,0.0,0.0
t1961,0.0,0.0,0.0,0.0,0.0,0.0,0.0,0.0,0.0,0.0,0.0,0.0,0.0,0.0,0.0,0.0,0.0,0.0
t1962,0.0,0.0,0.0,0.0,0.0,0.0,0.0,0.0,0.0,0.0,0.0,0.0,0.0,0.0,0.0,0.0,0.0,0.0
t1963,0.0,0.0,0.0,0.0,0.0,0.0,0.0,0.0,0.0,0.0,0.0,0.0,0.0,0.0,0.0,0.0,0.0,0.0
t1964,0.0,0.0,0.0,0.0,0.0,0.0,0.0,0.0,0.0,0.0,0.0,0.0,0.0,0.0,0.0,0.0,0.0,0.0
t1965,0.0,0.0,0.0,0.0,0.0,0.0,0.0,0.0,0.0,0.0,0.0,0.0,0.0,0.0,0.0,0.0,0.0,0.0
t1966,0.0,0.0,0.0,0.0,0.0,0.0,0.0,0.0,0.0,0.0,0.0,0.0,0.0,0.0,0.0,0.0,0.0,0.0
t1967,0.0,0.0,0.0,0.0,0.0,0.0,0.0,0.0,0.0,0.0,0.0,0.0,0.0,0.0,0.0,0.0,0.0,0.0
t1968,0.0,0.0,0.0,0.0,0.0,0.0,0.0,0.0,0.0,0.0,0.0,0.0,0.0,0.0,0.0,0.0,0.0,0.0
t1969,0.0,0.0,0.0,0.0,0.0,0.0,0.0,0.0,0.0,0.0,0.0,0.0,0.0,0.0,0.0,0.0,0.0,0.0
t1970,0.0,0.0,0.0,0.0,0.0,0.0,0.0,0.0,0.0,0.0,0.0,0.0,0.0,0.0,0.0,0.0,0.0,0.0
t1971,0.0,0.0,0.0,0.0,0.0,0.0,0.0,0.0,0.0,0.0,0.0,0.0,0.0,0.0,0.0,0.0,0.0,0.0
t1972,0.0,0.0,0.0,0.0,0.0,0.0,0.0,0.0,0.0,0.0,0.0,0.0,0.0,0.0,0.0,0.0,0.0,0.0
t1973,0.0,0.0,0.0,0.0,0.0,0.0,0.0,0.0,0.0,0.0,0.0,0.0,0.0,0.0,0.0,0.0,0.0,0.0
t1974,0.0,0.0,0.0,0.0,0.0,0.0,0.0,0.0,0.0,0.0,0.0,0.0,0.0,0.0,0.0,0.0,0.0,0.0
t1975,0.0,0.0,0.0,0.0,0.0,0.0,0.0,0.0,0.0,0.0,0.0,0.0,0.0,0.0,0.0,0.0,0.0,0.0
t1976,0.0,0.0,0.0,0.0,0.0,0.0,0.0,0.0,0.0,0.0,0.0,0.0,0.0,0.0,0.0,0.0,0.0,0.0
t1977,432.0833333333334,0.0,0.0,0.0,0.0,0.0,0.0,1559.9999999999998,1961.8827930010605,0.0,557.9800189334986,0.0,0.0,0.0,1325.5286868440348,3677.17291792,1361.0951835722456,10875.742933604173
t1978,0.0,92.30769225,1296.0000000000002,0.0,504.98133298664015,6161.30405042043,1275.80838375,0.0,4510.809447979468,0.0,0.0,0.0,0.0,0.0,589.1238608195713,4262.610320589045,130.58958402889598,18823.53467282405
t1979,972.1875000000001,92.30769225,1296.0000000000002,0.0,3301.8596454456565,3401.413805441504,335.7390483552629,1559.9999999999998,4429.14625722707,0.0,0.0,0.0,0.0,0.0,1325.5286868440348,2986.1082395194744,3356.290727102567,23056.58160218557
t1980,972.1875000000001,92.30769225,575.9999999999998,0.0,3535.9999999999995,6920.0,1275.80838375,1559.9999999999998,4510.809447979468,0.0,247.99111952599924,0.0,0.0,0.0,1325.5286868440348,3593.539450883208,3356.290727102567,27966.463008335275
t1981,972.1875000000001,24.291497960526346,1296.0000000000002,0.0,3535.9999999999995,6920.0,1275.80838375,1559.9999999999998,4510.809447979468,0.0,557.9800189334986,0.0,0.0,0.0,0.0,4518.3776482790445,0.0,25171.45449690254
t1982,972.1875000000001,92.30769225,1296.0000000000002,0.0,3535.9999999999995,6920.0,1275.80838375,693.3333333333329,212.11024516118516,0.0,557.9800189334986,0.0,0.0,0.0,1325.5286868440348,3064.6129908818098,3356.290727102567,23302.159578256433
t1983,0.0,92.30769225,0.0,0.0,1300.7145771232586,432.8376996936198,1275.80838375,0.0,3.211230305911133,0.0,557.9800189334986,0.0,0.0,0.0,0.0,0.0,3356.290727102567,7019.150329158856
t1984,0.0,0.0,0.0,0.0,0.0,0.0,0.0,0.0,0.0,0.0,0.0,0.0,0.0,0.0,0.0,0.0,0.0,0.0
t1985,0.0,0.0,0.0,0.0,0.0,0.0,0.0,0.0,0.0,0.0,0.0,0.0,0.0,0.0,0.0,0.0,0.0,0.0
t1986,0.0,0.0,0.0,0.0,0.0,0.0,0.0,0.0,0.0,0.0,0.0,0.0,0.0,0.0,0.0,0.0,0.0,0.0
t1987,0.0,0.0,0.0,0.0,0.0,0.0,0.0,0.0,0.0,0.0,0.0,0.0,0.0,0.0,0.0,0.0,0.0,0.0
t1988,0.0,0.0,0.0,0.0,0.0,0.0,0.0,0.0,0.0,0.0,0.0,0.0,0.0,0.0,0.0,0.0,0.0,0.0
t1989,0.0,0.0,0.0,0.0,0.0,0.0,0.0,0.0,0.0,0.0,0.0,0.0,0.0,0.0,0.0,0.0,0.0,0.0
t1990,0.0,0.0,0.0,0.0,0.0,0.0,0.0,0.0,0.0,0.0,0.0,0.0,0.0,0.0,0.0,0.0,0.0,0.0
t1991,0.0,0.0,0.0,0.0,0.0,0.0,0.0,0.0,0.0,0.0,0.0,0.0,0.0,0.0,0.0,0.0,0.0,0.0
t1992,0.0,0.0,0.0,0.0,0.0,0.0,0.0,0.0,0.0,0.0,0.0,0.0,0.0,0.0,0.0,0.0,0.0,0.0
t1993,0.0,0.0,0.0,0.0,0.0,0.0,0.0,0.0,0.0,0.0,0.0,0.0,0.0,0.0,0.0,0.0,0.0,0.0
t1994,0.0,0.0,0.0,0.0,0.0,0.0,0.0,0.0,0.0,0.0,0.0,0.0,0.0,0.0,0.0,0.0,0.0,0.0
t1995,0.0,0.0,0.0,0.0,0.0,0.0,0.0,0.0,0.0,0.0,0.0,0.0,0.0,0.0,0.0,0.0,0.0,0.0
t1996,0.0,0.0,0.0,0.0,0.0,0.0,0.0,0.0,0.0,0.0,0.0,0.0,0.0,0.0,0.0,0.0,0.0,0.0
t1997,0.0,0.0,0.0,0.0,0.0,0.0,0.0,0.0,0.0,0.0,0.0,0.0,0.0,0.0,0.0,0.0,0.0,0.0
t1998,0.0,0.0,0.0,0.0,0.0,0.0,0.0,0.0,0.0,0.0,0.0,0.0,0.0,0.0,0.0,0.0,0.0,0.0
t1999,0.0,0.0,0.0,0.0,0.0,0.0,0.0,0.0,0.0,0.0,0.0,0.0,0.0,0.0,0.0,0.0,0.0,0.0
t2000,0.0,92.30769225,0.0,0.0,0.0,0.0,0.0,0.0,0.0,0.0,557.9800189334986,0.0,0.0,0.0,0.0,0.0,2106.671129320683,2756.958840504182
t2001,972.1875000000001,92.30769225,575.9999999999998,0.0,482.9788592149679,0.0,1275.80838375,1559.9999999999998,3871.068346578528,0.0,557.9800189334986,0.0,0.0,0.0,1325.5286868440348,874.234154802751,0.0,11588.093642373778
t2002,972.1875000000001,0.0,0.0,0.0,3535.9999999999995,6920.0,1009.0312047719117,1559.9999999999998,2765.9336032140664,0.0,557.9800189334986,0.0,0.0,0.0,31.98524490841817,4609.529547288089,0.0,21962.647119115987
t2003,972.1875000000001,0.0,1296.0000000000002,0.0,3535.9999999999995,6920.0,0.0,1559.9999999999998,4038.8082156729242,0.0,0.0,0.0,0.0,0.0,1325.5286868440348,1060.2634052900003,3356.290727102567,24065.078534909524
t2004,676.1976623532861,92.30769225,1296.0000000000002,0.0,3535.9999999999995,6920.0,1275.80838375,410.5263157894735,4510.809447979468,0.0,0.0,0.0,0.0,0.0,1325.5286868440348,3633.40403937,3356.290727102567,27032.872955438834
t2005,84.76326836528484,24.291497960526346,1296.0000000000002,0.0,3535.9999999999995,6920.0,1275.80838375,1559.9999999999998,4360.968770323683,0.0,247.9911195259996,0.0,0.0,0.0,0.0,4609.529547288089,0.0,23915.352587213583
t2006,972.1875000000001,92.30769225,0.0,0.0,1088.5766963405865,3075.555555555556,462.1071857659358,1559.9999999999998,1191.3890627648864,0.0,557.9800189334986,0.0,0.0,0.0,1325.5286868440348,4356.205452858129,2741.304365383026,17423.14221669565
t2007,0.0,92.30769225,1296.0000000000002,0.0,0.0,0.0,1275.80838375,0.0,0.0,0.0,0.0,0.0,0.0,0.0,557.1386159111529,1343.6318410500003,3356.290727102567,7921.1772600637205
t2008,0.0,0.0,0.0,0.0,0.0,0.0,0.0,0.0,0.0,0.0,0.0,0.0,0.0,0.0,0.0,0.0,0.0,0.0
t2009,0.0,0.0,0.0,0.0,0.0,0.0,0.0,0.0,0.0,0.0,0.0,0.0,0.0,0.0,0.0,0.0,0.0,0.0
t2010,0.0,0.0,0.0,0.0,0.0,0.0,0.0,0.0,0.0,0.0,0.0,0.0,0.0,0.0,0.0,0.0,0.0,0.0
t2011,0.0,0.0,0.0,0.0,0.0,0.0,0.0,0.0,0.0,0.0,0.0,0.0,0.0,0.0,0.0,0.0,0.0,0.0
t2012,0.0,0.0,0.0,0.0,0.0,0.0,0.0,0.0,0.0,0.0,0.0,0.0,0.0,0.0,0.0,0.0,0.0,0.0
t2013,0.0,0.0,0.0,0.0,0.0,0.0,0.0,0.0,0.0,0.0,0.0,0.0,0.0,0.0,0.0,0.0,0.0,0.0
t2014,0.0,0.0,0.0,0.0,0.0,0.0,0.0,0.0,0.0,0.0,0.0,0.0,0.0,0.0,0.0,0.0,0.0,0.0
t2015,0.0,0.0,0.0,0.0,0.0,0.0,0.0,0.0,0.0,0.0,0.0,0.0,0.0,0.0,0.0,0.0,0.0,0.0
t2016,0.0,0.0,0.0,0.0,0.0,0.0,0.0,0.0,0.0,0.0,0.0,0.0,0.0,0.0,0.0,0.0,0.0,0.0
t2017,0.0,0.0,0.0,0.0,0.0,0.0,0.0,0.0,0.0,0.0,0.0,0.0,0.0,0.0,0.0,0.0,0.0,0.0
t2018,0.0,0.0,0.0,0.0,0.0,0.0,0.0,0.0,0.0,0.0,0.0,0.0,0.0,0.0,0.0,0.0,0.0,0.0
t2019,0.0,0.0,0.0,0.0,0.0,0.0,0.0,0.0,0.0,0.0,0.0,0.0,0.0,0.0,0.0,0.0,0.0,0.0
t2020,0.0,0.0,0.0,0.0,0.0,0.0,0.0,0.0,0.0,0.0,0.0,0.0,0.0,0.0,0.0,0.0,0.0,0.0
t2021,0.0,0.0,0.0,0.0,0.0,0.0,0.0,0.0,0.0,0.0,0.0,0.0,0.0,0.0,0.0,0.0,0.0,0.0
t2022,0.0,0.0,0.0,0.0,0.0,0.0,0.0,0.0,0.0,0.0,0.0,0.0,0.0,0.0,0.0,0.0,0.0,0.0
t2023,0.0,0.0,0.0,0.0,0.0,0.0,0.0,0.0,0.0,0.0,0.0,0.0,0.0,0.0,0.0,0.0,0.0,0.0
t2024,474.4990152077081,0.0,0.0,0.0,0.0,0.0,0.0,0.0,0.0,0.0,0.0,0.0,0.0,0.0,0.0,0.0,0.0,474.4990152077081
t2025,78.48819011706075,0.0,0.0,0.0,0.0,1275.736102276781,1275.80838375,0.0,2025.5065911138108,0.0,0.0,0.0,0.0,0.0,0.0,2012.6169849903954,0.0,6668.156252248048
t2026,474.4990152077081,0.0,0.0,0.0,0.0,2862.762885333725,0.0,0.0,4510.809447979468,0.0,557.9800189334986,0.0,0.0,0.0,1325.5286868440348,3666.52297108,1128.159096796454,14526.262122174889
t2027,313.09592200941773,92.30769225,1296.0000000000002,0.0,0.0,4269.403552934886,1275.80838375,1559.9999999999998,2839.124748062759,0.0,0.0,0.0,0.0,0.0,1325.5286868440348,2287.0455818500004,2627.823336041792,17886.13790374289
t2028,972.1875000000001,9.230769225000005,1032.2167107300013,0.0,0.0,5355.921785445653,302.8372909983323,1559.9999999999998,2343.2969101745252,0.0,557.9800189334986,0.0,0.0,0.0,226.01807464975377,3779.269458201667,2493.6505656220716,18632.609083980504
t2029,356.33290200854555,92.30769225,1296.0000000000002,0.0,0.0,5709.390090679468,291.3748225578261,1559.9999999999998,2872.873865585216,0.0,557.9800189334986,0.0,0.0,0.0,363.10578616981724,3872.0569776421735,2389.93830904158,19361.360464868125
t2030,972.1875000000001,31.794871775000047,129.59999999999994,0.0,0.0,6584.076449160562,1275.80838375,0.0,3354.045949113278,0.0,247.99111952599924,0.0,0.0,0.0,1325.5286868440348,2582.44680923,2920.9856414069454,19424.465410805824
t2031,0.0,92.30769225,1296.0000000000002,0.0,0.0,2202.8957095985297,1112.0143995671738,693.3333333333329,2102.3844789908003,0.0,557.9800189334986,0.0,0.0,0.0,1325.5286868440348,2286.839204952826,3356.290727102567,15025.574251572763
t2032,679.5432887828932,92.30769225,710.1832892699989,0.0,0.0,2495.368980125951,136.60781896000063,1559.9999999999998,0.0,0.0,0.0,0.0,0.0,0.0,0.0,0.0,0.0,5674.011069388844
t2033,0.0,0.0,0.0,0.0,0.0,0.0,0.0,0.0,0.0,0.0,0.0,0.0,0.0,0.0,0.0,0.0,0.0,0.0
t2034,0.0,0.0,0.0,0.0,0.0,0.0,0.0,0.0,0.0,0.0,0.0,0.0,0.0,0.0,0.0,0.0,0.0,0.0
t2035,0.0,0.0,0.0,0.0,0.0,0.0,0.0,0.0,0.0,0.0,0.0,0.0,0.0,0.0,0.0,0.0,0.0,0.0
t2036,0.0,0.0,0.0,0.0,0.0,0.0,0.0,0.0,0.0,0.0,0.0,0.0,0.0,0.0,0.0,0.0,0.0,0.0
t2037,0.0,0.0,0.0,0.0,0.0,0.0,0.0,0.0,0.0,0.0,0.0,0.0,0.0,0.0,0.0,0.0,0.0,0.0
t2038,0.0,0.0,0.0,0.0,0.0,0.0,0.0,0.0,0.0,0.0,0.0,0.0,0.0,0.0,0.0,0.0,0.0,0.0
t2039,0.0,0.0,0.0,0.0,0.0,0.0,0.0,0.0,0.0,0.0,0.0,0.0,0.0,0.0,0.0,0.0,0.0,0.0
t2040,0.0,0.0,0.0,0.0,0.0,0.0,0.0,0.0,0.0,0.0,0.0,0.0,0.0,0.0,0.0,0.0,0.0,0.0
t2041,0.0,0.0,0.0,0.0,0.0,0.0,0.0,0.0,0.0,0.0,0.0,0.0,0.0,0.0,0.0,0.0,0.0,0.0
t2042,0.0,0.0,0.0,0.0,0.0,0.0,0.0,0.0,0.0,0.0,0.0,0.0,0.0,0.0,0.0,0.0,0.0,0.0
t2043,0.0,0.0,0.0,0.0,0.0,0.0,0.0,0.0,0.0,0.0,0.0,0.0,0.0,0.0,0.0,0.0,0.0,0.0
t2044,0.0,0.0,0.0,0.0,0.0,0.0,0.0,0.0,0.0,0.0,0.0,0.0,0.0,0.0,0.0,0.0,0.0,0.0
t2045,0.0,0.0,0.0,0.0,0.0,0.0,0.0,0.0,0.0,0.0,0.0,0.0,0.0,0.0,0.0,0.0,0.0,0.0
t2046,0.0,0.0,0.0,0.0,0.0,0.0,0.0,0.0,0.0,0.0,0.0,0.0,0.0,0.0,0.0,0.0,0.0,0.0
t2047,0.0,0.0,0.0,0.0,0.0,0.0,0.0,0.0,0.0,0.0,0.0,0.0,0.0,0.0,0.0,0.0,0.0,0.0
t2048,515.7195319476419,0.0,0.0,0.0,0.0,0.0,0.0,0.0,0.0,0.0,0.0,0.0,0.0,0.0,0.0,0.0,0.0,515.7195319476419
t2049,370.55955608499914,0.0,0.0,0.0,0.0,0.0,0.0,288.3289117404144,1240.9968394355144,0.0,0.0,0.0,0.0,0.0,261.88795695210297,2224.903482280001,0.0,4386.676746493032
t2050,174.5363207706231,0.0,1296.0000000000002,0.0,0.0,0.0,0.0,1300.503979433627,2825.666484132786,0.0,0.0,0.0,0.0,0.0,327.2359038674683,2425.5595914200007,1829.460576328417,10178.962855952923
t2051,429.00253226654706,0.0,129.59999999999994,0.0,0.0,2892.22439879739,0.0,1026.077062373545,2527.9568640621783,0.0,247.99111952599924,0.0,0.0,0.0,0.0,2431.2379197200003,3356.290727102567,13040.380623848227
t2052,972.1875000000001,0.0,620.7157894736841,0.0,0.0,3051.206810808024,0.0,0.0,4510.809447979468,0.0,0.0,0.0,0.0,0.0,1325.5286868440348,2717.1170454400008,2276.2589830811385,15473.82426362635
t2053,359.0801042996275,0.0,682.1052631578946,0.0,0.0,2491.793569528933,0.0,821.0526315789473,4104.410729028443,0.0,557.9800189334986,0.0,0.0,0.0,0.0,3026.0415737199996,3356.290727102567,15398.75461734991
t2054,203.76529043721467,0.0,794.0031145694609,0.0,0.0,1336.6423583536853,0.0,821.0526315789473,4510.809447979468,0.0,557.9800189334986,0.0,0.0,0.0,1325.5286868440348,3174.1969756000003,1920.567460760133,14644.545985056442
t2055,934.2914271836122,0.0,941.5758327989604,0.0,0.0,0.0,0.0,1559.9999999999998,327.3921784020004,0.0,557.9800189334986,0.0,0.0,0.0,1325.5286868440348,3179.7588419000003,2177.9792016365855,11004.506187698691
t2056,361.6910703430684,92.30769225,1296.0000000000002,0.0,0.0,6920.0,1014.5674889129464,1116.3181166278519,0.0,0.0,557.9800189334986,0.0,0.0,0.0,1325.5286868440348,1307.982557867054,0.0,13992.375631778452
t2057,0.0,0.0,0.0,0.0,0.0,0.0,0.0,0.0,0.0,0.0,0.0,0.0,0.0,0.0,0.0,0.0,0.0,0.0
t2058,0.0,0.0,0.0,0.0,0.0,0.0,0.0,0.0,0.0,0.0,0.0,0.0,0.0,0.0,0.0,0.0,0.0,0.0
t2059,0.0,0.0,0.0,0.0,0.0,0.0,0.0,0.0,0.0,0.0,0.0,0.0,0.0,0.0,0.0,0.0,0.0,0.0
t2060,0.0,0.0,0.0,0.0,0.0,0.0,0.0,0.0,0.0,0.0,0.0,0.0,0.0,0.0,0.0,0.0,0.0,0.0
t2061,0.0,0.0,0.0,0.0,0.0,0.0,0.0,0.0,0.0,0.0,0.0,0.0,0.0,0.0,0.0,0.0,0.0,0.0
t2062,0.0,0.0,0.0,0.0,0.0,0.0,0.0,0.0,0.0,0.0,0.0,0.0,0.0,0.0,0.0,0.0,0.0,0.0
t2063,0.0,0.0,0.0,0.0,0.0,0.0,0.0,0.0,0.0,0.0,0.0,0.0,0.0,0.0,0.0,0.0,0.0,0.0
t2064,0.0,0.0,0.0,0.0,0.0,0.0,0.0,0.0,0.0,0.0,0.0,0.0,0.0,0.0,0.0,0.0,0.0,0.0
t2065,0.0,0.0,0.0,0.0,0.0,0.0,0.0,0.0,0.0,0.0,0.0,0.0,0.0,0.0,0.0,0.0,0.0,0.0
t2066,0.0,0.0,0.0,0.0,0.0,0.0,0.0,0.0,0.0,0.0,0.0,0.0,0.0,0.0,0.0,0.0,0.0,0.0
t2067,0.0,0.0,0.0,0.0,0.0,0.0,0.0,0.0,0.0,0.0,0.0,0.0,0.0,0.0,0.0,0.0,0.0,0.0
t2068,0.0,0.0,0.0,0.0,0.0,0.0,0.0,0.0,0.0,0.0,0.0,0.0,0.0,0.0,0.0,0.0,0.0,0.0
t2069,0.0,0.0,0.0,0.0,0.0,0.0,0.0,0.0,0.0,0.0,0.0,0.0,0.0,0.0,0.0,0.0,0.0,0.0
t2070,0.0,0.0,0.0,0.0,0.0,0.0,0.0,0.0,0.0,0.0,0.0,0.0,0.0,0.0,0.0,0.0,0.0,0.0
t2071,0.0,0.0,0.0,0.0,0.0,0.0,0.0,0.0,0.0,0.0,0.0,0.0,0.0,0.0,0.0,0.0,0.0,0.0
t2072,0.0,0.0,0.0,0.0,0.0,0.0,0.0,0.0,0.0,0.0,0.0,0.0,0.0,0.0,0.0,0.0,0.0,0.0
t2073,0.0,0.0,0.0,0.0,0.0,0.0,0.0,0.0,2588.532764152328,0.0,0.0,0.0,0.0,0.0,0.0,791.5977027910135,871.2563782679338,4251.386845211276
t2074,972.1875000000001,92.30769225,0.0,0.0,0.0,0.0,1275.80838375,1559.9999999999998,3920.6686496170605,0.0,0.0,0.0,0.0,0.0,0.0,2913.526098476298,847.3781678898167,11581.876491983174
t2075,972.1875000000001,41.02564100000005,1296.0000000000002,0.0,0.0,5857.86691651686,0.0,1559.9999999999998,2468.3643935858604,0.0,0.0,0.0,0.0,0.0,1325.5286868440348,4609.529547288089,1482.3827984230516,19612.885483657894
t2076,972.1875000000001,0.0,1296.0000000000002,0.0,0.0,6920.0,1275.80838375,1559.9999999999998,2739.3849160242776,0.0,557.9800189334986,0.0,0.0,0.0,1325.5286868440348,3903.70319221,3356.290727102567,23906.883424864376
t2077,1.5905787693269877,92.30769225,1296.0000000000002,0.0,0.0,6920.0,567.0259483333328,693.3333333333329,3944.090835110935,0.0,247.99111952599924,0.0,0.0,0.0,844.0977417649451,3954.8017176067956,3356.290727102567,21917.52969379723
t2078,0.0,92.30769225,1296.0000000000002,0.0,0.0,6920.0,1275.80838375,1559.9999999999998,3072.692253963589,0.0,557.9800189334986,0.0,0.0,0.0,1325.5286868440348,1319.4872665248636,244.9623410755155,17664.7666433415
t2079,972.1875000000001,0.0,563.293496803499,0.0,0.0,4137.6886390386935,1275.80838375,0.0,1314.3081785658037,0.0,557.9800189334986,0.0,0.0,0.0,833.1142584493136,2711.551087070001,3356.290727102567,15722.222289713374
t2080,430.49275456400585,92.30769225,12.706503196500574,0.0,0.0,0.0,0.0,0.0,0.0,0.0,557.9800189334986,0.0,0.0,0.0,237.4405474493471,282.60137598000057,1401.995809047389,3015.5247014207416
t2081,0.0,0.0,0.0,0.0,0.0,0.0,0.0,0.0,0.0,0.0,0.0,0.0,0.0,0.0,0.0,0.0,0.0,0.0
t2082,0.0,0.0,0.0,0.0,0.0,0.0,0.0,0.0,0.0,0.0,0.0,0.0,0.0,0.0,0.0,0.0,0.0,0.0
t2083,0.0,0.0,0.0,0.0,0.0,0.0,0.0,0.0,0.0,0.0,0.0,0.0,0.0,0.0,0.0,0.0,0.0,0.0
t2084,0.0,0.0,0.0,0.0,0.0,0.0,0.0,0.0,0.0,0.0,0.0,0.0,0.0,0.0,0.0,0.0,0.0,0.0
t2085,0.0,0.0,0.0,0.0,0.0,0.0,0.0,0.0,0.0,0.0,0.0,0.0,0.0,0.0,0.0,0.0,0.0,0.0
t2086,0.0,0.0,0.0,0.0,0.0,0.0,0.0,0.0,0.0,0.0,0.0,0.0,0.0,0.0,0.0,0.0,0.0,0.0
t2087,0.0,0.0,0.0,0.0,0.0,0.0,0.0,0.0,0.0,0.0,0.0,0.0,0.0,0.0,0.0,0.0,0.0,0.0
t2088,0.0,0.0,0.0,0.0,0.0,0.0,0.0,0.0,0.0,0.0,0.0,0.0,0.0,0.0,0.0,0.0,0.0,0.0
t2089,0.0,0.0,0.0,0.0,0.0,0.0,0.0,0.0,0.0,0.0,0.0,0.0,0.0,0.0,0.0,0.0,0.0,0.0
t2090,0.0,0.0,0.0,0.0,0.0,0.0,0.0,0.0,0.0,0.0,0.0,0.0,0.0,0.0,0.0,0.0,0.0,0.0
t2091,0.0,0.0,0.0,0.0,0.0,0.0,0.0,0.0,0.0,0.0,0.0,0.0,0.0,0.0,0.0,0.0,0.0,0.0
t2092,0.0,0.0,0.0,0.0,0.0,0.0,0.0,0.0,0.0,0.0,0.0,0.0,0.0,0.0,0.0,0.0,0.0,0.0
t2093,0.0,0.0,0.0,0.0,0.0,0.0,0.0,0.0,0.0,0.0,0.0,0.0,0.0,0.0,0.0,0.0,0.0,0.0
t2094,0.0,0.0,0.0,0.0,0.0,0.0,0.0,0.0,0.0,0.0,0.0,0.0,0.0,0.0,0.0,0.0,0.0,0.0
t2095,0.0,0.0,0.0,0.0,0.0,0.0,0.0,0.0,0.0,0.0,0.0,0.0,0.0,0.0,0.0,0.0,0.0,0.0
t2096,699.421788584819,92.30769225,0.0,0.0,0.0,2737.4262369452185,275.1379274400012,975.3576016621297,602.4362334837201,0.0,0.0,0.0,0.0,0.0,739.8760050650714,0.0,10.835190145975115,6132.798675576935
t2097,0.0,0.0,946.800376364893,0.0,0.0,0.0,0.0,0.0,4510.809447979468,0.0,557.9800189334986,0.0,0.0,0.0,1325.5286868440348,3451.85102382,2120.3738961712843,12913.343450113178
t2098,272.7657114151811,0.0,925.199623635107,0.0,0.0,2980.5264788044606,0.0,0.0,4510.809447979468,0.0,557.9800189334986,0.0,0.0,0.0,1325.5286868440348,4084.7189688199996,3356.290727102567,18013.81966353432
t2099,972.1875000000001,0.0,1296.0000000000002,0.0,0.0,6229.813502726016,1275.80838375,1559.9999999999998,4510.809447979468,0.0,247.99111952599907,0.0,0.0,0.0,830.2036847744265,2609.2130025103897,780.3561509384668,20312.382792204768
t2100,0.0,41.02564100000005,1296.0000000000002,0.0,79.96064502797161,6920.0,1275.80838375,1277.975731671203,2861.722964638146,0.0,557.9800189334986,0.0,0.0,0.0,0.0,3071.3733571900007,3356.290727102567,20738.137469313384
t2101,972.1875000000001,92.30769225,1296.0000000000002,0.0,0.0,6593.174157698735,1275.80838375,1559.9999999999998,1482.6847469609527,0.0,557.9800189334986,0.0,0.0,0.0,344.5728578241081,2517.563215050001,1884.3655923365768,18576.644164803874
t2102,432.0833333333329,92.30769225,0.0,0.0,0.0,3678.389625203119,291.88802089333166,1559.9999999999998,853.1957577573183,0.0,0.0,0.0,0.0,0.0,0.0,3042.8912361066687,0.0,9950.75566554377
t2103,972.1875000000001,92.30769225,0.0,0.0,0.0,1616.2255541780091,0.0,0.0,715.573944241312,0.0,0.0,0.0,0.0,0.0,0.0,749.15907046,3356.290727102567,7501.744488231888
t2104,0.0,0.0,0.0,0.0,0.0,0.0,1275.80838375,0.0,0.0,0.0,0.0,0.0,0.0,0.0,1325.5286868440348,960.0281139900006,52.044665111401265,3613.409849695437
t2105,0.0,0.0,0.0,0.0,0.0,0.0,0.0,0.0,0.0,0.0,0.0,0.0,0.0,0.0,0.0,0.0,0.0,0.0
t2106,0.0,0.0,0.0,0.0,0.0,0.0,0.0,0.0,0.0,0.0,0.0,0.0,0.0,0.0,0.0,0.0,0.0,0.0
t2107,0.0,0.0,0.0,0.0,0.0,0.0,0.0,0.0,0.0,0.0,0.0,0.0,0.0,0.0,0.0,0.0,0.0,0.0
t2108,0.0,0.0,0.0,0.0,0.0,0.0,0.0,0.0,0.0,0.0,0.0,0.0,0.0,0.0,0.0,0.0,0.0,0.0
t2109,0.0,0.0,0.0,0.0,0.0,0.0,0.0,0.0,0.0,0.0,0.0,0.0,0.0,0.0,0.0,0.0,0.0,0.0
t2110,0.0,0.0,0.0,0.0,0.0,0.0,0.0,0.0,0.0,0.0,0.0,0.0,0.0,0.0,0.0,0.0,0.0,0.0
t2111,0.0,0.0,0.0,0.0,0.0,0.0,0.0,0.0,0.0,0.0,0.0,0.0,0.0,0.0,0.0,0.0,0.0,0.0
t2112,0.0,0.0,0.0,0.0,0.0,0.0,0.0,0.0,0.0,0.0,0.0,0.0,0.0,0.0,0.0,0.0,0.0,0.0
t2113,0.0,0.0,0.0,0.0,0.0,0.0,0.0,0.0,0.0,0.0,0.0,0.0,0.0,0.0,0.0,0.0,0.0,0.0
t2114,0.0,0.0,0.0,0.0,0.0,0.0,0.0,0.0,0.0,0.0,0.0,0.0,0.0,0.0,0.0,0.0,0.0,0.0
t2115,0.0,0.0,0.0,0.0,0.0,0.0,0.0,0.0,0.0,0.0,0.0,0.0,0.0,0.0,0.0,0.0,0.0,0.0
t2116,0.0,0.0,0.0,0.0,0.0,0.0,0.0,0.0,0.0,0.0,0.0,0.0,0.0,0.0,0.0,0.0,0.0,0.0
t2117,0.0,0.0,0.0,0.0,0.0,0.0,0.0,0.0,0.0,0.0,0.0,0.0,0.0,0.0,0.0,0.0,0.0,0.0
t2118,0.0,0.0,0.0,0.0,0.0,0.0,0.0,0.0,0.0,0.0,0.0,0.0,0.0,0.0,0.0,0.0,0.0,0.0
t2119,0.0,0.0,0.0,0.0,0.0,0.0,0.0,0.0,0.0,0.0,0.0,0.0,0.0,0.0,0.0,0.0,0.0,0.0
t2120,0.0,0.0,0.0,0.0,0.0,0.0,0.0,0.0,0.0,0.0,0.0,0.0,0.0,0.0,0.0,0.0,0.0,0.0
t2121,0.0,0.0,0.0,0.0,0.0,0.0,0.0,0.0,0.0,0.0,0.0,0.0,0.0,0.0,0.0,0.0,0.0,0.0
t2122,0.0,0.0,0.0,0.0,0.0,0.0,0.0,0.0,3895.002200836784,0.0,0.0,0.0,0.0,0.0,0.0,0.0,0.0,3895.002200836784
t2123,0.0,0.0,0.0,0.0,0.0,0.0,0.0,0.0,3809.962037011805,0.0,0.0,0.0,0.0,0.0,0.0,1243.7386201286315,1339.0751101391436,6392.77576727958
t2124,0.0,0.0,72.37262018210424,0.0,0.0,0.0,0.0,0.0,4510.809447979468,0.0,557.9800189334986,0.0,0.0,0.0,1325.5286868440348,1851.7787008400007,3356.290727102567,11674.760201881674
t2125,0.0,0.0,279.94404669113555,0.0,0.0,0.0,0.0,0.0,3561.2372450240064,0.0,557.9800189334986,0.0,0.0,0.0,1325.5286868440348,2071.388999660001,2666.4838644812735,10462.562861633949
t2126,0.0,0.0,0.0,0.0,0.0,0.0,0.0,0.0,2252.21990339345,0.0,0.0,0.0,0.0,0.0,1325.5286868440348,2128.5326930600004,3183.592969442329,8889.874252739814
t2127,0.0,0.0,0.0,0.0,0.0,1196.5522495432767,0.0,0.0,2018.8111567743429,0.0,0.0,0.0,0.0,0.0,1325.5286868440348,1417.6375832400006,2174.8741245153205,8133.403800916975
t2128,972.1875000000001,92.30769225,0.0,0.0,0.0,0.0,420.612148771498,1559.9999999999998,0.0,0.0,0.0,0.0,0.0,0.0,0.0,0.0,956.9787289128301,4002.0860699343275
t2129,0.0,0.0,0.0,0.0,0.0,0.0,0.0,0.0,0.0,0.0,0.0,0.0,0.0,0.0,0.0,0.0,0.0,0.0
t2130,0.0,0.0,0.0,0.0,0.0,0.0,0.0,0.0,0.0,0.0,0.0,0.0,0.0,0.0,0.0,0.0,0.0,0.0
t2131,0.0,0.0,0.0,0.0,0.0,0.0,0.0,0.0,0.0,0.0,0.0,0.0,0.0,0.0,0.0,0.0,0.0,0.0
t2132,0.0,0.0,0.0,0.0,0.0,0.0,0.0,0.0,0.0,0.0,0.0,0.0,0.0,0.0,0.0,0.0,0.0,0.0
t2133,0.0,0.0,0.0,0.0,0.0,0.0,0.0,0.0,0.0,0.0,0.0,0.0,0.0,0.0,0.0,0.0,0.0,0.0
t2134,0.0,0.0,0.0,0.0,0.0,0.0,0.0,0.0,0.0,0.0,0.0,0.0,0.0,0.0,0.0,0.0,0.0,0.0
t2135,0.0,0.0,0.0,0.0,0.0,0.0,0.0,0.0,0.0,0.0,0.0,0.0,0.0,0.0,0.0,0.0,0.0,0.0
t2136,0.0,0.0,0.0,0.0,0.0,0.0,0.0,0.0,0.0,0.0,0.0,0.0,0.0,0.0,0.0,0.0,0.0,0.0
t2137,0.0,0.0,0.0,0.0,0.0,0.0,0.0,0.0,0.0,0.0,0.0,0.0,0.0,0.0,0.0,0.0,0.0,0.0
t2138,0.0,0.0,0.0,0.0,0.0,0.0,0.0,0.0,0.0,0.0,0.0,0.0,0.0,0.0,0.0,0.0,0.0,0.0
t2139,0.0,0.0,0.0,0.0,0.0,0.0,0.0,0.0,0.0,0.0,0.0,0.0,0.0,0.0,0.0,0.0,0.0,0.0
t2140,0.0,0.0,0.0,0.0,0.0,0.0,0.0,0.0,0.0,0.0,0.0,0.0,0.0,0.0,0.0,0.0,0.0,0.0
t2141,0.0,0.0,0.0,0.0,0.0,0.0,0.0,0.0,0.0,0.0,0.0,0.0,0.0,0.0,0.0,0.0,0.0,0.0
t2142,0.0,0.0,0.0,0.0,0.0,0.0,0.0,0.0,0.0,0.0,0.0,0.0,0.0,0.0,0.0,0.0,0.0,0.0
t2143,0.0,0.0,0.0,0.0,0.0,0.0,0.0,0.0,0.0,0.0,0.0,0.0,0.0,0.0,0.0,0.0,0.0,0.0
t2144,536.8678277190348,0.0,0.0,0.0,0.0,0.0,1275.80838375,1397.878611355296,0.0,0.0,0.0,0.0,0.0,0.0,0.0,913.0761074703944,0.0,4123.630930294726
t2145,0.0,91.4713922499999,0.0,0.0,0.0,3002.1645052675062,0.0,0.0,1989.9729828668546,0.0,557.9800189334986,0.0,0.0,0.0,1325.5286868440348,2992.15614638,3356.290727102567,13315.56445964446
t2146,0.0,41.86194100000015,1296.0000000000002,0.0,0.0,3221.2434060342075,567.0259483333328,0.0,2231.6254639089166,0.0,0.0,0.0,0.0,0.0,589.1238608195713,2764.055586566668,3356.290727102567,14067.226933765263
t2147,626.3045608404516,0.0,0.0,0.0,0.0,0.0,0.0,1559.9999999999998,4510.809447979468,0.0,557.9800189334986,0.0,0.0,0.0,1325.5286868440348,3036.60911478,1408.2300986436253,13025.461928021077
t2148,0.0,0.0,186.9687045437581,0.0,0.0,3772.14764425384,0.0,855.4547219780368,3801.908904156852,0.0,557.9800189334986,0.0,0.0,0.0,0.0,3128.9322655199994,1884.9678077509889,14188.360067136973
t2149,972.1875000000001,92.30769225,1296.0000000000002,0.0,281.03310768277544,6920.0,1275.80838375,1559.9999999999998,2059.1600698889774,0.0,188.49652039599934,0.0,0.0,0.0,0.0,2235.91887379,530.7140056951694,17411.626153452922
t2150,972.1875000000001,92.30769225,1296.0000000000002,0.0,581.742178136505,6920.0,0.0,0.0,3940.7240939656144,0.0,0.0,0.0,0.0,0.0,0.0,3264.5614174,1382.7538848759389,18450.27676662806
t2151,972.1875000000001,92.30769225,1296.0000000000002,0.0,0.0,6920.0,1275.80838375,1559.9999999999998,1513.8410282531736,0.0,59.494599129999884,0.0,0.0,0.0,1325.5286868440348,1534.07005449,222.9963837903983,16772.234328507606
t2152,241.09844477384652,0.0,389.03129545624114,0.0,0.0,0.0,1275.80838375,0.0,0.0,0.0,557.9800189334986,0.0,0.0,0.0,1325.5286868440348,617.4184215500001,2774.604041050155,7181.469292357777
t2153,0.0,0.0,0.0,0.0,0.0,0.0,0.0,0.0,0.0,0.0,0.0,0.0,0.0,0.0,0.0,0.0,0.0,0.0
t2154,0.0,0.0,0.0,0.0,0.0,0.0,0.0,0.0,0.0,0.0,0.0,0.0,0.0,0.0,0.0,0.0,0.0,0.0
t2155,0.0,0.0,0.0,0.0,0.0,0.0,0.0,0.0,0.0,0.0,0.0,0.0,0.0,0.0,0.0,0.0,0.0,0.0
t2156,0.0,0.0,0.0,0.0,0.0,0.0,0.0,0.0,0.0,0.0,0.0,0.0,0.0,0.0,0.0,0.0,0.0,0.0
t2157,0.0,0.0,0.0,0.0,0.0,0.0,0.0,0.0,0.0,0.0,0.0,0.0,0.0,0.0,0.0,0.0,0.0,0.0
t2158,0.0,0.0,0.0,0.0,0.0,0.0,0.0,0.0,0.0,0.0,0.0,0.0,0.0,0.0,0.0,0.0,0.0,0.0
t2159,0.0,0.0,0.0,0.0,0.0,0.0,0.0,0.0,0.0,0.0,0.0,0.0,0.0,0.0,0.0,0.0,0.0,0.0
t2160,0.0,0.0,0.0,0.0,0.0,0.0,0.0,0.0,0.0,0.0,0.0,0.0,0.0,0.0,0.0,0.0,0.0,0.0
t2161,0.0,0.0,0.0,0.0,0.0,0.0,0.0,0.0,0.0,0.0,0.0,0.0,0.0,0.0,0.0,0.0,0.0,0.0
t2162,0.0,0.0,0.0,0.0,0.0,0.0,0.0,0.0,0.0,0.0,0.0,0.0,0.0,0.0,0.0,0.0,0.0,0.0
t2163,0.0,0.0,0.0,0.0,0.0,0.0,0.0,0.0,0.0,0.0,0.0,0.0,0.0,0.0,0.0,0.0,0.0,0.0
t2164,0.0,0.0,0.0,0.0,0.0,0.0,0.0,0.0,0.0,0.0,0.0,0.0,0.0,0.0,0.0,0.0,0.0,0.0
t2165,0.0,0.0,0.0,0.0,0.0,0.0,0.0,0.0,0.0,0.0,0.0,0.0,0.0,0.0,0.0,0.0,0.0,0.0
t2166,0.0,0.0,0.0,0.0,0.0,0.0,0.0,0.0,0.0,0.0,0.0,0.0,0.0,0.0,0.0,0.0,0.0,0.0
t2167,0.0,0.0,0.0,0.0,0.0,0.0,0.0,0.0,0.0,0.0,0.0,0.0,0.0,0.0,0.0,0.0,0.0,0.0
t2168,0.0,0.0,0.0,0.0,0.0,0.0,0.0,0.0,0.0,0.0,0.0,0.0,0.0,0.0,0.0,0.0,0.0,0.0
t2169,0.0,0.0,0.0,0.0,0.0,0.0,1275.80838375,0.0,1851.5097142816303,0.0,478.1745839499999,0.0,0.0,0.0,1325.5286868440348,1671.4383368699996,1281.0007314974987,7883.460437193164
t2170,972.1875000000001,92.30769225,680.6379803699999,0.0,0.0,2783.272623335963,1275.80838375,1559.9999999999998,1419.8387933755246,0.0,0.0,0.0,0.0,0.0,1325.5286868440348,2237.14402809,3356.290727102567,15703.016415118089
t2171,972.1875000000001,92.30769225,1296.0000000000002,0.0,0.0,6920.0,1275.80838375,693.3333333333329,2694.514460979236,0.0,0.0,0.0,0.0,0.0,0.0,3205.83839781,1612.0162469689712,18762.006015091538
t2172,972.1875000000001,0.0,1296.0000000000002,0.0,0.0,6920.0,1275.80838375,1559.9999999999998,4510.809447979468,0.0,557.9800189334986,0.0,0.0,0.0,0.0,1495.6468429665567,3151.1972030286665,21739.629396658194
t2173,432.0833333333329,41.02564100000005,1191.3620196300003,0.0,0.0,6507.694685478329,567.0259483333328,1559.9999999999998,3470.6164228847533,0.0,327.7965545094979,0.0,0.0,0.0,589.1238608195713,4573.967195246667,3304.352303916542,22565.047965152025
t2174,972.1875000000001,92.30769225,0.0,0.0,1856.3856106294306,4904.462120764011,0.0,1559.9999999999998,2885.4724665530366,0.0,557.9800189334986,0.0,0.0,0.0,1325.5286868440348,3829.665675143838,210.74336529323023,18194.73313641108
t2175,0.0,92.30769225,1296.0000000000002,0.0,98.81371964950996,2720.1261259772537,0.0,0.0,3215.2806849662074,0.0,557.9800189334986,0.0,0.0,0.0,1325.5286868440348,3473.0975118199995,2001.2470982039335,14780.381538644437
t2176,0.0,0.0,0.0,0.0,0.0,0.0,0.0,0.0,0.0,0.0,0.0,0.0,0.0,0.0,0.0,0.0,0.0,0.0
t2177,0.0,0.0,0.0,0.0,0.0,0.0,0.0,0.0,0.0,0.0,0.0,0.0,0.0,0.0,0.0,0.0,0.0,0.0
t2178,0.0,0.0,0.0,0.0,0.0,0.0,0.0,0.0,0.0,0.0,0.0,0.0,0.0,0.0,0.0,0.0,0.0,0.0
t2179,0.0,0.0,0.0,0.0,0.0,0.0,0.0,0.0,0.0,0.0,0.0,0.0,0.0,0.0,0.0,0.0,0.0,0.0
t2180,0.0,0.0,0.0,0.0,0.0,0.0,0.0,0.0,0.0,0.0,0.0,0.0,0.0,0.0,0.0,0.0,0.0,0.0
t2181,0.0,0.0,0.0,0.0,0.0,0.0,0.0,0.0,0.0,0.0,0.0,0.0,0.0,0.0,0.0,0.0,0.0,0.0
t2182,0.0,0.0,0.0,0.0,0.0,0.0,0.0,0.0,0.0,0.0,0.0,0.0,0.0,0.0,0.0,0.0,0.0,0.0
t2183,0.0,0.0,0.0,0.0,0.0,0.0,0.0,0.0,0.0,0.0,0.0,0.0,0.0,0.0,0.0,0.0,0.0,0.0
t2184,0.0,0.0,0.0,0.0,0.0,0.0,0.0,0.0,0.0,0.0,0.0,0.0,0.0,0.0,0.0,0.0,0.0,0.0
