Zone,1,2,3,4,5,6,7,8,9,Total
AnnualSum,4.756462100313299e6,2.1716857313594874e6,8.648766534811905e6,1.4942931864701605e6,1.419232381880063e7,1.310862397804223e7,3.863501262953054e7,493448.33065277577,1.782464696176331e7,1.0132526327174433e8
t1,964.5406222662001,350.34605113978193,1508.6199370968006,230.39100000000002,947.2192611164999,3311.175,6157.593000000001,0.0,3398.784,16868.668871619284
t2,964.5406222662001,350.34605113978193,1508.6199370968006,556.9770000000001,947.2192611164999,3311.175,6157.593000000001,0.0,3398.784,17195.254871619283
t3,964.5406222662001,350.34605113978193,1508.6199370968006,230.39100000000002,2257.6972611164997,3311.175,6157.593000000001,0.0,3398.784,18179.146871619283
t4,964.5406222662001,350.34605113978193,1508.6199370968006,230.39100000000002,2257.6972611164997,3199.2681110158496,6157.593000000001,0.0,3398.784,18067.239982635132
t5,964.5406222662001,350.34605113978193,1508.6199370968006,230.39100000000002,2257.6972611164997,3086.327344961291,6157.593000000001,0.0,3398.784,17954.299216580574
t6,964.5406222662001,350.34605113978193,1508.6199370968006,230.39100000000002,2257.6972611164997,3311.175,6157.593000000001,0.0,3398.784,18179.146871619283
t7,964.5406222662001,350.34605113978193,1508.6199370968006,556.9770000000001,1667.4647278954656,3311.175,6157.593000000001,0.0,3398.784,17915.500338398248
t8,964.5406222662001,350.34605113978193,1508.6199370968006,230.39100000000002,2257.6972611164997,3311.175,6157.593000000001,0.0,2996.6957507903944,17777.058622409677
t9,377.89000024380016,51.19800000000001,480.570184251,230.39100000000002,947.2192611164999,2785.0187174826387,903.2790000000001,0.0,1579.824,7355.39016309394
t10,0.0,51.19800000000001,255.48305353869043,0.0,2257.6972611164997,386.5933591331336,903.2790000000001,0.0,269.9301872763932,4124.180861064717
t11,0.0,51.19800000000001,480.570184251,0.0,1250.4459737059924,0.0,903.2790000000001,0.0,1253.938331141582,3939.4314890985743
t12,0.0,51.19800000000001,480.570184251,0.0,947.2192611164999,0.0,903.2790000000001,0.0,0.0,2382.2664453674997
t13,0.0,51.19800000000001,0.0,0.0,947.2192611164999,0.0,903.2790000000001,0.0,0.0,1901.6962611165
t14,0.0,51.19800000000001,0.0,0.0,947.2192611164999,0.0,903.2790000000001,0.0,0.0,1901.6962611165
t15,0.0,51.19800000000001,0.0,0.0,2257.6972611164997,0.0,903.2790000000001,0.0,416.79239675835163,3628.966657874851
t16,0.0,51.19800000000001,480.570184251,0.0,1545.9898820426044,276.36752767927413,903.2790000000001,0.0,1087.4816879223015,4344.88628189518
t17,377.89000024380016,350.34605113978193,1508.6199370968006,230.39100000000002,2257.6972611164997,3197.578111654333,6157.593000000001,0.0,3126.4305516052127,17206.54591285643
t18,964.5406222662001,350.34605113978193,1508.6199370968006,230.39100000000002,2257.6972611164997,3311.175,6157.593000000001,0.0,3398.784,18179.146871619283
t19,964.5406222662001,350.34605113978193,1508.6199370968006,556.9770000000001,2257.6972611164997,3311.175,6157.593000000001,0.0,3398.784,18505.732871619282
t20,964.5406222662001,350.34605113978193,1508.6199370968006,556.9770000000001,1569.3225820784917,3311.175,6157.593000000001,0.0,3398.784,17817.358192581276
t21,964.5406222662001,350.34605113978193,1508.6199370968006,230.39100000000002,2257.6972611164997,3311.175,6157.593000000001,0.0,3398.784,18179.146871619283
t22,964.5406222662001,350.34605113978193,1508.6199370968006,230.39100000000002,2257.6972611164997,3311.175,6157.593000000001,0.0,3398.784,18179.146871619283
t23,964.5406222662001,350.34605113978193,1508.6199370968006,556.9770000000001,2257.6972611164997,3311.175,6157.593000000001,0.0,3398.784,18505.732871619282
t24,964.5406222662001,350.34605113978193,1508.6199370968006,230.39100000000002,2257.6972611164997,3311.175,6157.593000000001,0.0,3398.784,18179.146871619283
t25,964.5406222662001,350.34605113978193,1508.6199370968006,230.39100000000002,947.2192611164999,3311.175,6157.593000000001,0.0,3398.784,16868.668871619284
t26,964.5406222662001,350.34605113978193,1508.6199370968006,230.39100000000002,947.2192611164999,3311.175,6157.593000000001,0.0,3398.784,16868.668871619284
t27,964.5406222662001,350.34605113978193,1508.6199370968006,230.39100000000002,2257.6972611164997,3311.175,6157.593000000001,0.0,3398.784,18179.146871619283
t28,964.5406222662001,350.34605113978193,1508.6199370968006,230.39100000000002,947.2192611164999,3311.175,6157.593000000001,0.0,3398.784,16868.668871619284
t29,964.5406222662001,350.34605113978193,1508.6199370968006,556.9770000000001,2257.6972611164997,3311.175,6157.593000000001,0.0,3398.784,18505.732871619282
t30,964.5406222662001,350.34605113978193,1508.6199370968006,556.9770000000001,2257.6972611164997,3311.175,6157.593000000001,0.0,3398.784,18505.732871619282
t31,964.5406222662001,350.34605113978193,1508.6199370968006,230.39100000000002,2257.6972611164997,3311.175,6157.593000000001,0.0,3398.784,18179.146871619283
t32,377.89000024380016,243.83852942454087,1508.6199370968006,230.39100000000002,1521.7411213208586,1364.061,6085.444460418663,0.0,1579.824,12911.810048504663
t33,0.0,51.19800000000001,480.570184251,230.39100000000002,955.1524108427964,2888.3055107506293,903.2790000000001,0.0,71.6435197037007,5580.539625548126
t34,0.0,0.0,46.165338541645745,230.39100000000002,2257.6972611164997,1854.2900252422187,903.2790000000001,0.0,0.0,5291.822624900365
t35,0.0,0.0,0.0,0.0,947.2192611164999,644.9983650811671,903.2790000000001,0.0,0.0,2495.496626197667
t36,0.0,0.0,0.0,0.0,947.2192611164999,0.0,903.2790000000001,0.0,0.0,1850.4982611165
t37,0.0,0.0,0.0,0.0,2257.6972611164997,0.0,903.2790000000001,0.0,0.0,3160.9762611164997
t38,0.0,0.0,480.570184251,0.0,947.2192611164999,0.0,903.2790000000001,0.0,0.0,2331.0684453675
t39,0.0,0.0,480.570184251,0.0,947.2192611164999,0.0,903.2790000000001,0.0,0.0,2331.0684453675
t40,0.0,0.0,480.570184251,0.0,947.2192611164999,0.0,903.2790000000001,0.0,0.0,2331.0684453675
t41,964.5406222662001,350.34605113978193,1508.6199370968006,406.1170497229917,2560.923973705992,1864.822691617511,6157.593000000001,0.0,3398.784,17211.747325549277
t42,964.5406222662001,350.34605113978193,1769.8569370968005,230.39100000000002,2560.923973705992,3311.175,6157.593000000001,310.84499999999997,3398.784,19054.455584208776
t43,964.5406222662001,350.34605113978193,1812.5574973251398,230.39100000000002,2560.923973705992,3311.175,6157.593000000001,310.84499999999997,3398.784,19097.156144437115
t44,964.5406222662001,350.34605113978193,1522.8909036375244,556.9770000000001,2560.923973705992,3311.175,6157.593000000001,310.84499999999997,3398.784,19134.0755507495
t45,964.5406222662001,350.34605113978193,1508.6199370968006,230.39100000000002,2560.923973705992,3311.175,6157.593000000001,310.84499999999997,3398.784,18793.218584208775
t46,964.5406222662001,350.34605113978193,1508.6199370968006,556.9770000000001,2560.923973705992,3311.175,6157.593000000001,310.84499999999997,3398.784,19119.804584208778
t47,964.5406222662001,350.34605113978193,1508.6199370968006,230.39100000000002,2560.923973705992,3311.175,6157.593000000001,310.84499999999997,3398.784,18793.218584208775
t48,964.5406222662001,350.34605113978193,1508.6199370968006,230.39100000000002,2475.9394795673206,3311.175,6157.593000000001,310.84499999999997,3398.784,18708.234090070106
t49,964.5406222662001,350.34605113978193,1508.6199370968006,556.9770000000001,2560.923973705992,3311.175,6157.593000000001,310.84499999999997,3398.784,19119.804584208778
t50,964.5406222662001,350.34605113978193,1508.6199370968006,556.9770000000001,1762.3644127626567,3311.175,6157.593000000001,310.84499999999997,3398.784,18321.24502326544
t51,964.5406222662001,350.34605113978193,1508.6199370968006,230.39100000000002,2257.6972611164997,3311.175,6157.593000000001,310.84499999999997,3398.784,18489.991871619284
t52,964.5406222662001,350.34605113978193,1508.6199370968006,230.39100000000002,1718.6977503525186,3311.175,6157.593000000001,310.84499999999997,3398.784,17950.992360855304
t53,964.5406222662001,350.34605113978193,1508.6199370968006,556.9770000000001,2257.6972611164997,3311.175,6157.593000000001,310.84499999999997,3398.784,18816.577871619284
t54,964.5406222662001,350.34605113978193,1508.6199370968006,230.39100000000002,2560.923973705992,3311.175,6157.593000000001,310.84499999999997,3398.784,18793.218584208775
t55,964.5406222662001,350.34605113978193,1878.3255183972067,556.9770000000001,2560.923973705992,3311.175,6712.146286353006,310.84499999999997,3398.784,20044.06345186219
t56,964.5406222662001,350.34605113978193,1508.6199370968006,230.39100000000002,2409.0219691072652,1609.563146031355,6157.593000000001,0.0,3301.915823366251,16531.991549007653
t57,377.89000024380016,51.19800000000001,534.9349956795907,230.39100000000002,1769.375852119154,2876.773108998335,1265.9930278296795,0.0,1579.824,8686.37998487056
t58,377.89000024380016,51.19800000000001,480.570184251,0.0,947.2192611164999,1306.4883264351954,903.2790000000001,0.0,0.0,4066.6447720464953
t59,377.89000024380016,51.19800000000001,480.570184251,0.0,2257.6972611164997,0.0,903.2790000000001,0.0,0.0,4070.6344456112997
t60,377.89000024380016,51.19800000000001,480.570184251,0.0,947.2192611164999,0.0,903.2790000000001,0.0,0.0,2760.1564456113
t61,377.89000024380016,51.19800000000001,480.570184251,0.0,2257.6972611164997,0.0,903.2790000000001,0.0,303.7093278983332,4374.343773509633
t62,377.89000024380016,51.19800000000001,480.570184251,0.0,2257.6972611164997,0.0,903.2790000000001,0.0,0.0,4070.6344456112997
t63,377.89000024380016,51.19800000000001,480.570184251,0.0,2257.6972611164997,0.0,903.2790000000001,0.0,0.0,4070.6344456112997
t64,377.89000024380016,51.19800000000001,480.570184251,0.0,2257.6972611164997,0.0,903.2790000000001,0.0,797.4234151926629,4868.057860803962
t65,714.0727098164446,350.34605113978193,1508.6199370968006,230.39100000000002,1876.2973113317462,2017.0524574137244,6157.593000000001,0.0,3398.784,16253.156466798497
t66,964.5406222662001,350.34605113978193,1508.6199370968006,230.39100000000002,2425.0680901072683,3311.175,6157.593000000001,0.0,3398.784,18346.517700610053
t67,964.5406222662001,350.34605113978193,1508.6199370968006,556.9770000000001,2560.923973705992,3311.175,6157.593000000001,0.0,3398.784,18808.959584208777
t68,964.5406222662001,350.34605113978193,1508.6199370968006,230.39100000000002,2257.6972611164997,3311.175,6157.593000000001,0.0,3398.784,18179.146871619283
t69,964.5406222662001,350.34605113978193,1508.6199370968006,556.9770000000001,2560.923973705992,3311.175,6157.593000000001,0.0,3398.784,18808.959584208777
t70,964.5406222662001,350.34605113978193,1508.6199370968006,556.9770000000001,2257.6972611164997,3311.175,6157.593000000001,0.0,3398.784,18505.732871619282
t71,964.5406222662001,350.34605113978193,1508.6199370968006,230.39100000000002,2257.6972611164997,3311.175,6157.593000000001,0.0,3398.784,18179.146871619283
t72,964.5406222662001,350.34605113978193,1508.6199370968006,230.39100000000002,947.2192611164999,3311.175,6157.593000000001,0.0,3398.784,16868.668871619284
t73,964.5406222662001,350.34605113978193,1508.6199370968006,230.39100000000002,2257.6972611164997,3311.175,6157.593000000001,0.0,3398.784,18179.146871619283
t74,964.5406222662001,350.34605113978193,1508.6199370968006,556.9770000000001,2257.6972611164997,3311.175,6157.593000000001,0.0,3398.784,18505.732871619282
t75,964.5406222662001,350.34605113978193,1508.6199370968006,230.39100000000002,2257.6972611164997,3311.175,6157.593000000001,0.0,3398.784,18179.146871619283
t76,964.5406222662001,350.34605113978193,1508.6199370968006,230.39100000000002,947.2192611164999,3311.175,6157.593000000001,0.0,3398.784,16868.668871619284
t77,964.5406222662001,350.34605113978193,1508.6199370968006,230.39100000000002,947.2192611164999,3311.175,6157.593000000001,0.0,3398.784,16868.668871619284
t78,964.5406222662001,350.34605113978193,1508.6199370968006,230.39100000000002,947.2192611164999,3311.175,6157.593000000001,0.0,3398.784,16868.668871619284
t79,964.5406222662001,350.34605113978193,1508.6199370968006,519.0475434678983,2257.6972611164997,3311.175,6157.593000000001,0.0,3398.784,18467.803415087183
t80,821.5824152595887,350.34605113978193,1508.6199370968006,230.39100000000002,947.2192611164999,2912.907468780447,6157.593000000001,0.0,2296.6677461241866,15225.326879517306
t81,0.0,51.19800000000001,480.570184251,230.39100000000002,947.2192611164999,3071.3269832253277,903.2790000000001,0.0,487.08086749744723,6171.065296090275
t82,0.0,51.19800000000001,480.570184251,0.0,2257.6972611164997,790.6579819662546,903.2790000000001,0.0,0.0,4483.4024273337545
t83,0.0,51.19800000000001,480.570184251,0.0,1250.4459737059924,0.0,903.2790000000001,0.0,0.0,2685.4931579569925
t84,0.0,51.19800000000001,480.570184251,0.0,947.2192611164999,0.0,903.2790000000001,0.0,0.0,2382.2664453674997
t85,105.01005968439023,51.19800000000001,480.570184251,0.0,2257.6972611164997,0.0,903.2790000000001,0.0,0.0,3797.7545050518897
t86,0.0,51.19800000000001,480.570184251,0.0,2257.6972611164997,0.0,903.2790000000001,0.0,0.0,3692.7444453675
t87,0.0,51.19800000000001,480.570184251,0.0,2257.6972611164997,0.0,903.2790000000001,0.0,0.0,3692.7444453675
t88,0.0,51.19800000000001,480.570184251,0.0,2257.6972611164997,0.0,903.2790000000001,0.0,0.0,3692.7444453675
t89,377.89000024380016,350.34605113978193,1508.6199370968006,230.39100000000002,947.2192611164999,2227.0444032348355,6157.593000000001,0.0,3067.20272925519,14866.306382086908
t90,964.5406222662001,350.34605113978193,1508.6199370968006,556.9770000000001,2560.923973705992,3311.175,6157.593000000001,0.0,3398.784,18808.959584208777
t91,964.5406222662001,350.34605113978193,1508.6199370968006,230.39100000000002,2560.923973705992,3311.175,6157.593000000001,0.0,3398.784,18482.373584208777
t92,964.5406222662001,350.34605113978193,1508.6199370968006,556.9770000000001,2461.746726053061,3311.175,6157.593000000001,0.0,3398.784,18709.782336555843
t93,964.5406222662001,350.34605113978193,1508.6199370968006,556.9770000000001,2560.923973705992,3311.175,6157.593000000001,0.0,3398.784,18808.959584208777
t94,964.5406222662001,350.34605113978193,1508.6199370968006,556.9770000000001,2257.6972611164997,3311.175,6157.593000000001,0.0,3398.784,18505.732871619282
t95,964.5406222662001,350.34605113978193,1508.6199370968006,491.848594878682,2257.6972611164997,3311.175,6157.593000000001,0.0,3398.784,18440.604466497964
t96,964.5406222662001,350.34605113978193,1508.6199370968006,230.39100000000002,2257.6972611164997,3311.175,6157.593000000001,0.0,3398.784,18179.146871619283
t97,964.5406222662001,350.34605113978193,1508.6199370968006,230.39100000000002,2257.6972611164997,3311.175,6157.593000000001,0.0,3398.784,18179.146871619283
t98,964.5406222662001,350.34605113978193,1508.6199370968006,556.9770000000001,2257.6972611164997,3311.175,6157.593000000001,0.0,3398.784,18505.732871619282
t99,964.5406222662001,350.34605113978193,1508.6199370968006,230.39100000000002,2257.6972611164997,3311.175,6157.593000000001,0.0,3398.784,18179.146871619283
t100,964.5406222662001,350.34605113978193,1508.6199370968006,230.39100000000002,2257.6972611164997,3311.175,6157.593000000001,0.0,3398.784,18179.146871619283
t101,964.5406222662001,350.34605113978193,1508.6199370968006,230.39100000000002,1378.7751616137064,3311.175,6157.593000000001,0.0,3398.784,17300.22477211649
t102,964.5406222662001,350.34605113978193,1508.6199370968006,230.39100000000002,2257.6972611164997,3311.175,6157.593000000001,0.0,3398.784,18179.146871619283
t103,964.5406222662001,350.34605113978193,1508.6199370968006,230.39100000000002,2328.3814562975167,3311.175,6157.593000000001,0.0,3398.784,18249.8310668003
t104,964.5406222662001,350.34605113978193,1508.6199370968006,230.39100000000002,2560.923973705992,3311.175,6157.593000000001,0.0,3398.784,18482.373584208777
t105,377.89000024380016,51.19800000000001,1508.6199370968006,230.39100000000002,1455.8252981977946,1364.061,2209.1570313109137,0.0,1579.824,8776.96626684931
t106,377.89000024380016,51.19800000000001,480.570184251,230.39100000000002,947.2192611164999,1364.061,903.2790000000001,0.0,1483.4980778551853,5838.106523466486
t107,377.89000024380016,51.19800000000001,480.570184251,230.39100000000002,947.2192611164999,1617.9919024151393,903.2790000000001,0.0,1579.824,6188.36334802644
t108,377.89000024380016,51.19800000000001,480.570184251,230.39100000000002,947.2192611164999,1522.6997769382801,903.2790000000001,0.0,1579.824,6093.071222549581
t109,377.89000024380016,51.19800000000001,480.570184251,230.39100000000002,1157.492531225792,1364.061,903.2790000000001,0.0,1579.824,6144.705715720593
t110,377.89000024380016,51.19800000000001,480.570184251,230.39100000000002,947.2192611164999,1364.061,903.2790000000001,0.0,1579.824,5934.432445611301
t111,377.89000024380016,51.19800000000001,480.570184251,3.8664011940468686,947.2192611164999,1364.061,903.2790000000001,0.0,1579.824,5707.907846805347
t112,377.89000024380016,51.19800000000001,480.570184251,0.0,947.2192611164999,1029.676715295185,903.2790000000001,0.0,1579.824,5369.657160906485
t113,944.3924276196625,350.34605113978193,1508.6199370968006,230.39100000000002,2257.6972611164997,2083.5004239929526,6157.593000000001,0.0,2745.017840702771,16277.557941668469
t114,964.5406222662001,350.34605113978193,1508.6199370968006,230.39100000000002,2257.6972611164997,3311.175,6157.593000000001,0.0,3398.784,18179.146871619283
t115,964.5406222662001,350.34605113978193,1508.6199370968006,230.39100000000002,2257.6972611164997,3311.175,6157.593000000001,0.0,3398.784,18179.146871619283
t116,964.5406222662001,350.34605113978193,1508.6199370968006,556.9770000000001,947.2192611164999,3311.175,6157.593000000001,0.0,3398.784,17195.254871619283
t117,964.5406222662001,350.34605113978193,1508.6199370968006,556.9770000000001,947.2192611164999,3311.175,6157.593000000001,0.0,3398.784,17195.254871619283
t118,964.5406222662001,350.34605113978193,1508.6199370968006,230.39100000000002,2257.6972611164997,3311.175,6157.593000000001,0.0,3398.784,18179.146871619283
t119,964.5406222662001,350.34605113978193,1508.6199370968006,556.9770000000001,947.2192611164999,3311.175,6157.593000000001,0.0,3398.784,17195.254871619283
t120,964.5406222662001,350.34605113978193,1508.6199370968006,230.39100000000002,2257.6972611164997,3311.175,6157.593000000001,0.0,3398.784,18179.146871619283
t121,964.5406222662001,350.34605113978193,1508.6199370968006,230.39100000000002,2257.6972611164997,3311.175,6157.593000000001,0.0,3398.784,18179.146871619283
t122,964.5406222662001,350.34605113978193,1508.6199370968006,502.64177099999995,947.2192611164999,3311.175,6157.593000000001,0.0,3398.784,17140.919642619283
t123,964.5406222662001,350.34605113978193,1508.6199370968006,230.39100000000002,947.2192611164999,3311.175,6157.593000000001,0.0,3398.784,16868.668871619284
t124,964.5406222662001,350.34605113978193,1508.6199370968006,230.39100000000002,947.2192611164999,3095.7604322854977,6157.593000000001,0.0,3398.784,16653.25430390478
t125,964.5406222662001,350.34605113978193,1508.6199370968006,521.3878073999999,2257.6972611164997,2878.4556732871324,6157.593000000001,0.0,3398.784,18037.424352306414
t126,964.5406222662001,350.34605113978193,1508.6199370968006,230.39100000000002,2257.6972611164997,2889.6444092653446,6157.593000000001,0.0,3398.784,17757.616280884627
t127,964.5406222662001,350.34605113978193,1508.6199370968006,230.39100000000002,2257.6972611164997,3311.175,6157.593000000001,0.0,3398.784,18179.146871619283
t128,377.89000024380016,51.19800000000001,1508.6199370968006,230.39100000000002,2257.6972611164997,3311.175,2710.4210057007153,0.0,1579.824,12027.216204157818
t129,0.0,0.0,0.0,0.0,947.2192611164999,869.5731708992769,0.0,0.0,0.0,1816.7924320157767
t130,0.0,0.0,0.0,0.0,2257.6972611164997,1005.4479430001235,0.0,0.0,0.0,3263.145204116623
t131,0.0,0.0,0.0,0.0,2257.6972611164997,320.45277566840065,0.0,0.0,0.0,2578.1500367849003
t132,0.0,0.0,0.0,0.0,947.2192611164999,104.86048993076254,0.0,0.0,0.0,1052.0797510472623
t133,0.0,0.0,0.0,0.0,2257.6972611164997,0.0,0.0,0.0,0.0,2257.6972611164997
t134,0.0,0.0,0.0,0.0,947.2192611164999,0.0,0.0,0.0,0.0,947.2192611164999
t135,0.0,0.0,0.0,0.0,947.2192611164999,0.0,0.0,0.0,0.0,947.2192611164999
t136,0.0,0.0,0.0,0.0,2257.6972611164997,0.0,0.0,0.0,0.0,2257.6972611164997
t137,377.89000024380016,320.58055156363207,1508.6199370968006,230.39100000000002,947.2192611164999,1367.874358419156,6157.593000000001,0.0,1702.734281948533,12612.902390388423
t138,964.5406222662001,350.34605113978193,1508.6199370968006,556.9770000000001,1863.6952374886423,3311.175,6157.593000000001,0.0,3398.784,18111.730847991425
t139,964.5406222662001,350.34605113978193,1508.6199370968006,230.39100000000002,1577.7226874375594,3311.175,6157.593000000001,0.0,3398.784,17499.172297940342
t140,964.5406222662001,350.34605113978193,1508.6199370968006,230.39100000000002,2257.6972611164997,3311.175,6157.593000000001,0.0,3398.784,18179.146871619283
t141,964.5406222662001,350.34605113978193,1508.6199370968006,230.39100000000002,2257.6972611164997,3311.175,6157.593000000001,0.0,3398.784,18179.146871619283
t142,964.5406222662001,350.34605113978193,1508.6199370968006,556.9770000000001,2257.6972611164997,3311.175,6157.593000000001,0.0,3398.784,18505.732871619282
t143,964.5406222662001,350.34605113978193,1508.6199370968006,230.39100000000002,947.2192611164999,3311.175,6157.593000000001,0.0,3398.784,16868.668871619284
t144,964.5406222662001,350.34605113978193,1508.6199370968006,556.9770000000001,947.2192611164999,3311.175,6157.593000000001,0.0,3398.784,17195.254871619283
t145,964.5406222662001,350.34605113978193,1508.6199370968006,230.39100000000002,2257.6972611164997,3311.175,6157.593000000001,0.0,3398.784,18179.146871619283
t146,964.5406222662001,350.34605113978193,1508.6199370968006,230.39100000000002,2257.6972611164997,3311.175,6157.593000000001,0.0,3398.784,18179.146871619283
t147,964.5406222662001,350.34605113978193,1508.6199370968006,457.8507078,2257.6972611164997,3311.175,6157.593000000001,0.0,3398.784,18406.606579419284
t148,964.5406222662001,350.34605113978193,1508.6199370968006,230.39100000000002,947.2192611164999,3311.175,6157.593000000001,0.0,3398.784,16868.668871619284
t149,964.5406222662001,350.34605113978193,1508.6199370968006,497.18406419999997,2257.6972611164997,3311.175,6157.593000000001,0.0,3398.784,18445.939935819282
t150,964.5406222662001,350.34605113978193,1508.6199370968006,230.39100000000002,2257.6972611164997,3311.175,6157.593000000001,0.0,3398.784,18179.146871619283
t151,964.5406222662001,350.34605113978193,1508.6199370968006,230.39100000000002,2257.6972611164997,3311.175,6157.593000000001,0.0,3398.784,18179.146871619283
t152,377.89000024380016,51.19800000000001,1508.6199370968006,230.39100000000002,2257.6972611164997,3259.32170751214,3246.910166369154,0.0,1579.824,12511.852072338395
t153,0.0,51.19800000000001,480.570184251,230.39100000000002,2257.6972611164997,1364.061,903.2790000000001,0.0,0.0,5287.1964453675
t154,377.89000024380016,51.19800000000001,480.570184251,230.39100000000002,947.2192611164999,2598.894236374637,903.2790000000001,0.0,0.0,5589.441681985938
t155,377.89000024380016,51.19800000000001,480.570184251,230.39100000000002,2257.6972611164997,1364.061,903.2790000000001,0.0,0.0,5665.0864456113
t156,377.89000024380016,51.19800000000001,480.570184251,0.0,2257.6972611164997,1364.061,903.2790000000001,0.0,0.0,5434.6954456113
t157,377.89000024380016,51.19800000000001,480.570184251,0.0,947.2192611164999,962.8581277739726,903.2790000000001,0.0,0.0,3723.014573385273
t158,377.89000024380016,51.19800000000001,480.570184251,0.0,947.2192611164999,738.2148244593154,903.2790000000001,0.0,0.0,3498.3712700706155
t159,375.8860657462912,51.19800000000001,480.570184251,0.0,947.2192611164999,1134.7765012386305,903.2790000000001,0.0,0.0,3892.929012352422
t160,377.89000024380016,51.19800000000001,480.570184251,0.0,2257.6972611164997,964.0349887511335,903.2790000000001,0.0,639.9272779150257,5674.59671227746
t161,964.5406222662001,350.34605113978193,1508.6199370968006,230.39100000000002,2257.6972611164997,1704.4627200777968,6157.593000000001,0.0,3153.8525336756466,16327.503125372727
t162,964.5406222662001,350.34605113978193,1508.6199370968006,556.9770000000001,1630.729440690249,3225.3268444979817,6157.593000000001,0.0,3398.784,17792.916895691014
t163,964.5406222662001,350.34605113978193,1508.6199370968006,556.9770000000001,2257.6972611164997,3311.175,6157.593000000001,0.0,3398.784,18505.732871619282
t164,964.5406222662001,350.34605113978193,1508.6199370968006,230.39100000000002,2257.6972611164997,3311.175,6157.593000000001,0.0,3398.784,18179.146871619283
t165,964.5406222662001,350.34605113978193,1508.6199370968006,556.9770000000001,2257.6972611164997,3311.175,6157.593000000001,0.0,3398.784,18505.732871619282
t166,964.5406222662001,350.34605113978193,1508.6199370968006,556.9770000000001,2257.6972611164997,3311.175,6157.593000000001,0.0,3398.784,18505.732871619282
t167,964.5406222662001,350.34605113978193,1508.6199370968006,556.9770000000001,2257.6972611164997,3311.175,6157.593000000001,0.0,3398.784,18505.732871619282
t168,964.5406222662001,350.34605113978193,1508.6199370968006,230.39100000000002,2257.6972611164997,3311.175,6157.593000000001,0.0,3398.784,18179.146871619283
t169,964.5406222662001,350.34605113978193,1508.6199370968006,230.39100000000002,947.2192611164999,3311.175,6157.593000000001,0.0,2589.0986946083867,16058.983566227671
t170,964.5406222662001,350.34605113978193,1508.6199370968006,230.39100000000002,947.2192611164999,3311.175,6157.593000000001,0.0,3006.48632697856,16476.371198597844
t171,964.5406222662001,350.34605113978193,1508.6199370968006,230.39100000000002,947.2192611164999,1364.061,6157.593000000001,0.0,3398.784,14921.554871619282
t172,964.5406222662001,350.34605113978193,1508.6199370968006,230.39100000000002,947.2192611164999,2808.5387193933852,6157.593000000001,0.0,3398.784,16366.032591012668
t173,964.5406222662001,350.34605113978193,1508.6199370968006,230.39100000000002,1128.4466162975161,1364.061,6157.593000000001,0.0,3398.784,15102.7822268003
t174,964.5406222662001,350.34605113978193,1508.6199370968006,230.39100000000002,2043.784390317569,3311.175,6157.593000000001,0.0,3398.784,17965.234000820354
t175,964.5406222662001,350.34605113978193,1508.6199370968006,230.39100000000002,2560.923973705992,3311.175,6157.593000000001,0.0,2341.7983074284584,17425.387891637234
t176,964.5406222662001,350.34605113978193,1508.6199370968006,230.39100000000002,2560.923973705992,1364.061,6157.593000000001,0.0,1579.824,14716.299584208777
t177,377.89000024380016,51.19800000000001,480.570184251,230.39100000000002,2147.874311401172,3311.175,903.2790000000001,0.0,1301.8686030134547,8804.246098909427
t178,21.522037892386535,51.19800000000001,480.570184251,230.39100000000002,1740.8761852702028,2850.8620077509186,903.2790000000001,0.0,1579.824,7858.522415164509
t179,0.0,51.19800000000001,480.570184251,0.0,1074.7768155700253,863.9246278979975,903.2790000000001,0.0,1579.824,4953.572627719022
t180,0.0,51.19800000000001,416.1398302566145,0.0,947.2192611164999,0.0,903.2790000000001,0.0,0.0,2317.8360913731144
t181,0.0,51.19800000000001,459.2706275151738,0.0,947.2192611164999,0.0,903.2790000000001,0.0,1387.0148086140061,3747.9816972456797
t182,0.0,51.19800000000001,480.570184251,0.0,947.2192611164999,0.0,903.2790000000001,0.0,1579.824,3962.0904453675
t183,0.0,51.19800000000001,480.570184251,0.0,947.2192611164999,0.0,903.2790000000001,0.0,1579.824,3962.0904453675
t184,0.0,51.19800000000001,480.570184251,0.0,947.2192611164999,0.0,903.2790000000001,0.0,1579.824,3962.0904453675
t185,377.89000024380016,284.4178078036319,999.1622341003024,83.23861626461404,1097.8951042211972,345.0862971307961,3829.7508106821097,0.0,1579.824,8597.264870446452
t186,964.5406222662001,350.34605113978193,1508.6199370968006,230.39100000000002,2560.923973705992,3311.175,6157.593000000001,0.0,3398.784,18482.373584208777
t187,964.5406222662001,350.34605113978193,1508.6199370968006,230.39100000000002,2560.923973705992,3311.175,6157.593000000001,0.0,2753.844794473089,17837.434378681864
t188,964.5406222662001,350.34605113978193,1508.6199370968006,230.39100000000002,2560.923973705992,3311.175,6157.593000000001,0.0,3398.784,18482.373584208777
t189,964.5406222662001,350.34605113978193,1508.6199370968006,230.39100000000002,2342.115217779375,3311.175,6157.593000000001,0.0,3398.784,18263.56482828216
t190,964.5406222662001,350.34605113978193,1508.6199370968006,230.39100000000002,1719.0614266442258,3311.175,6157.593000000001,0.0,3398.784,17640.51103714701
t191,964.5406222662001,350.34605113978193,1508.6199370968006,230.39100000000002,1024.0611479192246,1364.061,6157.593000000001,0.0,3398.784,14998.396758422008
t192,964.5406222662001,350.34605113978193,1508.6199370968006,230.39100000000002,947.2192611164999,2199.687479240905,6157.593000000001,0.0,3398.784,15757.181350860188
t193,377.89000024380016,350.34605113978193,1508.6199370968006,230.39100000000002,947.2192611164999,3311.175,6157.593000000001,0.0,3398.784,16282.018249596884
t194,964.5406222662001,350.34605113978193,1508.6199370968006,230.39100000000002,947.2192611164999,3311.175,6157.593000000001,0.0,3398.784,16868.668871619284
t195,685.434344646521,350.34605113978193,1508.6199370968006,230.39100000000002,947.2192611164999,1364.061,6157.593000000001,0.0,3398.784,14642.448593999605
t196,964.5406222662001,350.34605113978193,1508.6199370968006,230.39100000000002,947.2192611164999,2866.24316853822,6157.593000000001,0.0,3398.784,16423.737040157503
t197,964.5406222662001,350.34605113978193,1508.6199370968006,230.39100000000002,947.2192611164999,2861.5812360144782,6157.593000000001,0.0,3398.784,16419.075107633762
t198,964.5406222662001,350.34605113978193,1508.6199370968006,230.39100000000002,1719.7320095793746,1364.061,6157.593000000001,0.0,3398.784,15694.067620082158
t199,964.5406222662001,350.34605113978193,1508.6199370968006,230.39100000000002,2560.923973705992,3311.175,6157.593000000001,0.0,3398.784,18482.373584208777
t200,377.89000024380016,51.19800000000001,1508.6199370968006,230.39100000000002,2560.923973705992,3311.175,5381.19346578968,0.0,1579.824,15001.215376836273
t201,0.0,51.19800000000001,480.570184251,230.39100000000002,2011.2728507817744,2668.066154400323,903.2790000000001,0.0,487.5499622474072,6832.327151680505
t202,0.0,0.0,480.570184251,0.0,1351.7052806228921,764.51347477415,903.2790000000001,0.0,0.0,3500.0679396480423
t203,0.0,0.0,480.570184251,0.0,947.2192611164999,0.0,903.2790000000001,0.0,0.0,2331.0684453675
t204,0.0,0.0,480.570184251,0.0,947.2192611164999,0.0,903.2790000000001,0.0,0.0,2331.0684453675
t205,0.0,0.0,165.25600646186655,0.0,947.2192611164999,0.0,903.2790000000001,0.0,0.0,2015.7542675783666
t206,0.0,0.0,0.0,0.0,947.2192611164999,0.0,903.2790000000001,0.0,0.0,1850.4982611165
t207,0.0,0.0,480.570184251,0.0,947.2192611164999,0.0,903.2790000000001,0.0,0.0,2331.0684453675
t208,0.0,0.0,480.570184251,0.0,947.2192611164999,0.0,903.2790000000001,0.0,0.0,2331.0684453675
t209,377.89000024380016,263.27005279000934,1508.6199370968006,91.49842511860946,1656.211728069173,355.150454629314,3409.0761685115904,0.0,1579.824,9241.540766459297
t210,964.5406222662001,350.34605113978193,2064.442410835105,230.39100000000002,2560.923973705992,3311.175,6157.593000000001,310.84499999999997,3398.784,19349.04105794708
t211,964.5406222662001,350.34605113978193,2443.6283510942058,230.39100000000002,2560.923973705992,1364.061,6157.593000000001,310.84499999999997,3398.784,17781.11299820618
t212,964.5406222662001,350.34605113978193,1769.8569370968005,230.39100000000002,2560.923973705992,2423.1270957316437,6157.593000000001,310.84499999999997,3398.784,18166.40767994042
t213,964.5406222662001,350.34605113978193,1508.6199370968006,230.39100000000002,2560.923973705992,2396.4847047947924,6157.593000000001,310.84499999999997,3398.784,17878.528289003567
t214,964.5406222662001,350.34605113978193,1508.6199370968006,230.39100000000002,2560.923973705992,3311.175,6157.593000000001,310.84499999999997,3398.784,18793.218584208775
t215,964.5406222662001,350.34605113978193,1508.6199370968006,230.39100000000002,2560.923973705992,3311.175,6416.0367556515075,310.84499999999997,3398.784,19051.662339860282
t216,964.5406222662001,350.34605113978193,1508.6199370968006,230.39100000000002,2482.3400743618045,3311.175,6157.593000000001,310.84499999999997,3398.784,18714.634684864588
t217,964.5406222662001,350.34605113978193,1508.6199370968006,230.39100000000002,2172.4301294757906,3311.175,6906.8009999999995,310.84499999999997,3398.784,19153.932739978572
t218,964.5406222662001,350.34605113978193,1508.6199370968006,230.39100000000002,1930.9205562150719,3311.175,6157.593000000001,310.84499999999997,3398.784,18163.215166717855
t219,964.5406222662001,350.34605113978193,1508.6199370968006,230.39100000000002,1726.2053370104113,3311.175,6781.897142239847,310.84499999999997,3398.784,18582.80408975304
t220,964.5406222662001,350.34605113978193,1508.6199370968006,230.39100000000002,1878.6720684426768,3311.175,6157.593000000001,310.84499999999997,3398.784,18110.96667894546
t221,964.5406222662001,350.34605113978193,1508.6199370968006,230.39100000000002,2257.6972611164997,3311.175,6906.8009999999995,310.84499999999997,3398.784,19239.199871619283
t222,964.5406222662001,350.34605113978193,1674.0385199831421,230.39100000000002,2560.923973705992,3311.175,6906.8009999999995,310.84499999999997,3398.784,19707.845167095118
t223,964.5406222662001,350.34605113978193,2231.4574265142087,230.39100000000002,2560.923973705992,3311.175,6906.8009999999995,310.84499999999997,3398.784,20265.264073626182
t224,377.89000024380016,51.19800000000001,1508.6199370968006,230.39100000000002,2560.923973705992,1364.061,3562.4194190580342,0.0,1579.824,11235.327330104628
t225,0.0,51.19800000000001,480.570184251,230.39100000000002,1327.5405343727682,1364.061,903.2790000000001,0.0,1145.54219526655,5502.581913890319
t226,377.89000024380016,51.19800000000001,480.570184251,0.0,1360.4488081871855,621.5156585419728,903.2790000000001,0.0,0.0,3794.901651223958
t227,377.89000024380016,51.19800000000001,480.570184251,0.0,947.2192611164999,0.0,903.2790000000001,0.0,1579.824,4339.9804456113
t228,377.89000024380016,51.19800000000001,480.570184251,0.0,947.2192611164999,0.0,903.2790000000001,0.0,1579.824,4339.9804456113
t229,377.89000024380016,51.19800000000001,480.570184251,0.0,947.2192611164999,0.0,903.2790000000001,0.0,429.7458136282642,3189.9022592395645
t230,377.89000024380016,51.19800000000001,480.570184251,0.0,947.2192611164999,0.0,903.2790000000001,0.0,1579.824,4339.9804456113
t231,377.89000024380016,51.19800000000001,480.570184251,0.0,947.2192611164999,0.0,903.2790000000001,0.0,1579.824,4339.9804456113
t232,377.89000024380016,51.19800000000001,480.570184251,0.0,947.2192611164999,0.0,903.2790000000001,0.0,1579.824,4339.9804456113
t233,377.89000024380016,220.9575454950291,480.570184251,0.0,947.2192611164999,326.76677106548004,4294.362795382254,0.0,1579.824,8227.590557554064
t234,964.5406222662001,350.34605113978193,1508.6199370968006,230.39100000000002,2174.094617636763,1364.061,6157.593000000001,0.0,3398.784,16148.430228139547
t235,964.5406222662001,350.34605113978193,1508.6199370968006,230.39100000000002,2289.711070571914,3311.175,6157.593000000001,0.0,3398.784,18211.160681074696
t236,964.5406222662001,350.34605113978193,1508.6199370968006,230.39100000000002,2257.6972611164997,3311.175,6157.593000000001,0.0,3398.784,18179.146871619283
t237,964.5406222662001,350.34605113978193,1508.6199370968006,230.39100000000002,2257.6972611164997,2177.353883935818,6157.593000000001,0.0,3398.784,17045.325755555103
t238,964.5406222662001,350.34605113978193,1508.6199370968006,230.39100000000002,2257.6972611164997,3311.175,6157.593000000001,0.0,3398.784,18179.146871619283
t239,964.5406222662001,350.34605113978193,1508.6199370968006,230.39100000000002,947.2192611164999,2250.973988562822,6157.593000000001,0.0,3398.784,15808.467860182105
t240,964.5406222662001,350.34605113978193,1508.6199370968006,230.39100000000002,947.2192611164999,3311.175,6157.593000000001,0.0,3398.784,16868.668871619284
t241,964.5406222662001,350.34605113978193,1508.6199370968006,230.39100000000002,947.2192611164999,3311.175,6157.593000000001,0.0,3398.784,16868.668871619284
t242,964.5406222662001,350.34605113978193,1508.6199370968006,230.39100000000002,947.2192611164999,3311.175,6157.593000000001,0.0,3398.784,16868.668871619284
t243,964.5406222662001,350.34605113978193,1508.6199370968006,230.39100000000002,947.2192611164999,3311.175,6157.593000000001,0.0,3398.784,16868.668871619284
t244,964.5406222662001,350.34605113978193,1508.6199370968006,230.39100000000002,947.2192611164999,3311.175,6157.593000000001,0.0,3398.784,16868.668871619284
t245,964.5406222662001,350.34605113978193,1508.6199370968006,230.39100000000002,947.2192611164999,3311.175,6157.593000000001,0.0,3398.784,16868.668871619284
t246,964.5406222662001,350.34605113978193,1508.6199370968006,230.39100000000002,1094.73973724018,3311.175,6157.593000000001,0.0,3398.784,17016.189347742962
t247,964.5406222662001,350.34605113978193,1508.6199370968006,230.39100000000002,1535.7938431220227,3311.175,6157.593000000001,0.0,3398.784,17457.243453624807
t248,377.89000024380016,51.19800000000001,1477.0228914913278,230.39100000000002,947.2192611164999,1364.061,5691.084673601193,0.0,1579.824,11718.690826452821
t249,0.0,0.0,480.570184251,230.39100000000002,947.2192611164999,1364.061,903.2790000000001,0.0,0.0,3925.5204453675
t250,0.0,0.0,0.0,0.0,947.2192611164999,396.66682168981436,0.0,0.0,0.0,1343.8860828063143
t251,0.0,0.0,0.0,0.0,947.2192611164999,0.0,0.0,0.0,0.0,947.2192611164999
t252,0.0,0.0,0.0,0.0,947.2192611164999,0.0,0.0,0.0,0.0,947.2192611164999
t253,0.0,0.0,0.0,0.0,947.2192611164999,0.0,835.0566952497254,0.0,0.0,1782.2759563662253
t254,0.0,0.0,0.0,0.0,947.2192611164999,0.0,0.0,0.0,0.0,947.2192611164999
t255,0.0,0.0,0.0,0.0,947.2192611164999,0.0,0.0,0.0,0.0,947.2192611164999
t256,0.0,0.0,0.0,0.0,947.2192611164999,0.0,0.0,0.0,0.0,947.2192611164999
t257,377.89000024380016,51.19800000000001,480.570184251,0.0,947.2192611164999,656.5742719397845,903.2790000000001,0.0,1579.824,4996.554717551085
t258,964.5406222662001,350.34605113978193,1508.6199370968006,230.39100000000002,947.2192611164999,3311.175,6157.593000000001,0.0,2050.0195526343286,15519.904424253613
t259,964.5406222662001,350.34605113978193,1508.6199370968006,230.39100000000002,947.2192611164999,3311.175,6157.593000000001,0.0,3398.784,16868.668871619284
t260,964.5406222662001,350.34605113978193,1508.6199370968006,230.39100000000002,947.2192611164999,3311.175,6157.593000000001,0.0,3398.784,16868.668871619284
t261,964.5406222662001,350.34605113978193,1508.6199370968006,230.39100000000002,947.2192611164999,3311.175,6157.593000000001,0.0,3398.784,16868.668871619284
t262,964.5406222662001,350.34605113978193,1508.6199370968006,230.39100000000002,947.2192611164999,3311.175,6157.593000000001,0.0,3398.784,16868.668871619284
t263,964.5406222662001,350.34605113978193,1508.6199370968006,230.39100000000002,947.2192611164999,3311.175,6157.593000000001,0.0,2549.3071327235066,16019.19200434279
t264,964.5406222662001,350.34605113978193,1508.6199370968006,230.39100000000002,947.2192611164999,3311.175,6157.593000000001,0.0,3398.784,16868.668871619284
t265,964.5406222662001,350.34605113978193,1508.6199370968006,230.39100000000002,947.2192611164999,2476.6856679482235,6157.593000000001,0.0,3398.784,16034.179539567507
t266,964.5406222662001,350.34605113978193,1508.6199370968006,230.39100000000002,947.2192611164999,3311.175,6157.593000000001,0.0,3398.784,16868.668871619284
t267,964.5406222662001,350.34605113978193,1508.6199370968006,230.39100000000002,947.2192611164999,3311.175,6157.593000000001,0.0,3398.784,16868.668871619284
t268,964.5406222662001,350.34605113978193,1508.6199370968006,230.39100000000002,947.2192611164999,1364.061,6157.593000000001,0.0,1748.337117439321,13271.107989058604
t269,964.5406222662001,350.34605113978193,1508.6199370968006,230.39100000000002,947.2192611164999,3311.175,6157.593000000001,0.0,3398.784,16868.668871619284
t270,964.5406222662001,350.34605113978193,1508.6199370968006,230.39100000000002,947.2192611164999,3311.175,6157.593000000001,0.0,3398.784,16868.668871619284
t271,964.5406222662001,350.34605113978193,1508.6199370968006,230.39100000000002,947.2192611164999,2492.571634551299,6157.593000000001,0.0,3398.784,16050.065506170582
t272,377.89000024380016,51.19800000000001,1344.8025461267762,230.39100000000002,947.2192611164999,2397.216858780174,6136.777100408043,0.0,1579.824,13065.318766675293
t273,41.75484010837542,51.19800000000001,480.570184251,230.39100000000002,947.2192611164999,1364.061,903.2790000000001,0.0,1444.9184275135806,5463.391712989456
t274,37.53254041641177,51.19800000000001,480.570184251,230.39100000000002,947.2192611164999,1364.061,903.2790000000001,0.0,0.0,4014.250985783912
t275,377.89000024380016,51.19800000000001,480.570184251,0.0,947.2192611164999,225.13113152958627,903.2790000000001,0.0,0.0,2985.2875771408862
t276,377.89000024380016,51.19800000000001,480.570184251,0.0,947.2192611164999,0.0,903.2790000000001,0.0,192.48012603082577,2952.636571642126
t277,377.89000024380016,51.19800000000001,480.570184251,0.0,947.2192611164999,0.0,903.2790000000001,0.0,682.6628776476297,3442.8193232589297
t278,377.89000024380016,51.19800000000001,480.570184251,0.0,947.2192611164999,0.0,903.2790000000001,0.0,0.0,2760.1564456113
t279,377.89000024380016,51.19800000000001,480.570184251,0.0,947.2192611164999,0.0,903.2790000000001,0.0,0.0,2760.1564456113
t280,377.89000024380016,51.19800000000001,480.570184251,0.0,947.2192611164999,0.0,903.2790000000001,0.0,692.0787235049274,3452.2351691162276
t281,377.89000024380016,51.19800000000001,480.570184251,0.0,947.2192611164999,261.63682917830045,975.3836331024733,0.0,1579.824,4673.721907892073
t282,964.5406222662001,350.34605113978193,1508.6199370968006,230.39100000000002,2286.308394117568,1364.061,6157.593000000001,0.0,1579.824,14441.68400462035
t283,964.5406222662001,350.34605113978193,1508.6199370968006,230.39100000000002,2441.822032917568,3311.175,6157.593000000001,0.0,2323.8635070566356,17288.351150476985
t284,964.5406222662001,350.34605113978193,1508.6199370968006,230.39100000000002,2195.3153335175666,3311.175,6157.593000000001,0.0,1579.824,16297.80494402035
t285,964.5406222662001,350.34605113978193,1508.6199370968006,230.39100000000002,1756.4145490774683,3311.175,6157.593000000001,0.0,2491.6606050516157,16770.740764631868
t286,964.5406222662001,350.34605113978193,1508.6199370968006,230.39100000000002,1113.3891832059905,3311.175,6157.593000000001,0.0,2890.285308475033,16526.340102183807
t287,964.5406222662001,350.34605113978193,1508.6199370968006,230.39100000000002,947.2192611164999,1364.061,6157.593000000001,0.0,2804.820928443522,14327.591800062804
t288,964.5406222662001,350.34605113978193,1508.6199370968006,230.39100000000002,947.2192611164999,3311.175,6157.593000000001,0.0,1579.824,15049.708871619285
t289,964.5406222662001,350.34605113978193,1508.6199370968006,230.39100000000002,947.2192611164999,3311.175,6157.593000000001,0.0,2619.6581897163474,16089.543061335631
t290,964.5406222662001,350.34605113978193,1508.6199370968006,230.39100000000002,947.2192611164999,3311.175,6157.593000000001,0.0,2617.758947436348,16087.643819055633
t291,964.5406222662001,350.34605113978193,1508.6199370968006,230.39100000000002,947.2192611164999,3311.175,6157.593000000001,0.0,1579.824,15049.708871619285
t292,964.5406222662001,350.34605113978193,1508.6199370968006,230.39100000000002,947.2192611164999,2973.1697174975284,6157.593000000001,0.0,1845.2419746035214,14977.121563720333
t293,964.5406222662001,350.34605113978193,1508.6199370968006,230.39100000000002,947.2192611164999,2775.834046343713,6157.593000000001,0.0,3035.462182432354,15970.006100395349
t294,964.5406222662001,350.34605113978193,1508.6199370968006,230.39100000000002,947.2192611164999,2845.1276893844642,6157.593000000001,0.0,1644.4699933060647,14648.307554309813
t295,964.5406222662001,350.34605113978193,1508.6199370968006,230.39100000000002,947.2192611164999,2111.9564016930244,6157.593000000001,0.0,3190.5904018137685,15461.256675126077
t296,377.89000024380016,84.15043582363197,485.0458861336779,230.39100000000002,947.2192611164999,1364.061,1096.5230345520117,0.0,1579.824,6165.1046178696215
t297,0.0,51.19800000000001,0.0,0.0,947.2192611164999,0.0,81.88893298974679,0.0,0.0,1080.3061941062467
t298,0.0,51.19800000000001,0.0,0.0,947.2192611164999,0.0,0.0,0.0,0.0,998.4172611164998
t299,0.0,51.19800000000001,0.0,0.0,947.2192611164999,0.0,0.0,0.0,0.0,998.4172611164998
t300,0.0,51.19800000000001,0.0,0.0,947.2192611164999,0.0,0.0,0.0,0.0,998.4172611164998
t301,0.0,51.19800000000001,0.0,0.0,947.2192611164999,0.0,0.0,0.0,0.0,998.4172611164998
t302,0.0,51.19800000000001,0.0,0.0,947.2192611164999,0.0,0.0,0.0,0.0,998.4172611164998
t303,0.0,51.19800000000001,0.0,0.0,947.2192611164999,0.0,0.0,0.0,0.0,998.4172611164998
t304,0.0,51.19800000000001,0.0,0.0,947.2192611164999,0.0,0.0,0.0,0.0,998.4172611164998
t305,377.89000024380016,51.19800000000001,480.570184251,0.0,947.2192611164999,0.0,903.2790000000001,0.0,1579.824,4339.9804456113
t306,377.89000024380016,350.34605113978193,1508.6199370968006,230.39100000000002,2036.6041522173157,1364.061,6157.593000000001,0.0,1579.824,13605.3291406977
t307,377.89000024380016,350.34605113978193,1508.6199370968006,230.39100000000002,2261.20075307747,3311.175,6157.593000000001,0.0,2229.826040226821,16427.041781784676
t308,964.5406222662001,350.34605113978193,1508.6199370968006,230.39100000000002,2062.078889532126,3311.175,6157.593000000001,0.0,2861.660613489412,17446.40511352432
t309,377.89000024380016,350.34605113978193,1508.6199370968006,230.39100000000002,1696.2064582173145,1364.061,6157.593000000001,0.0,1579.824,13264.931446697698
t310,377.89000024380016,350.34605113978193,1508.6199370968006,230.39100000000002,1133.9879330664826,3311.175,6157.593000000001,0.0,1579.824,14649.826921546866
t311,377.89000024380016,350.34605113978193,1508.6199370968006,230.39100000000002,947.2192611164999,1483.2758828051824,6157.593000000001,0.0,1579.824,12635.159132402066
t312,964.5406222662001,350.34605113978193,1508.6199370968006,230.39100000000002,947.2192611164999,3311.175,6157.593000000001,0.0,1579.824,15049.708871619285
t313,377.89000024380016,350.34605113978193,1508.6199370968006,230.39100000000002,947.2192611164999,3311.175,6157.593000000001,0.0,2359.711599277658,15242.945848874542
t314,377.89000024380016,350.34605113978193,1508.6199370968006,230.39100000000002,947.2192611164999,3311.175,6157.593000000001,0.0,1579.824,14463.058249596885
t315,377.89000024380016,350.34605113978193,1508.6199370968006,230.39100000000002,947.2192611164999,3182.964355460725,6157.593000000001,0.0,2286.2418814835223,15041.26548654113
t316,964.5406222662001,350.34605113978193,1508.6199370968006,230.39100000000002,947.2192611164999,2507.577954041359,6157.593000000001,0.0,1579.824,14246.111825660642
t317,377.89000024380016,350.34605113978193,1508.6199370968006,230.39100000000002,947.2192611164999,1364.061,6157.593000000001,0.0,2494.6293877385633,13430.749637335446
t318,410.3752875521537,350.34605113978193,1508.6199370968006,230.39100000000002,947.2192611164999,2121.4833486099665,6157.593000000001,0.0,2523.1645704749717,14249.192455990174
t319,377.89000024380016,350.34605113978193,1508.6199370968006,230.39100000000002,1312.7819248059898,1364.061,6157.593000000001,0.0,1579.824,12881.506913286374
t320,85.50791707439312,51.19800000000001,480.570184251,0.0,947.2192611164999,1076.2347408081118,903.2790000000001,0.0,0.0,3544.009103250005
t321,0.0,0.0,0.0,0.0,947.2192611164999,0.0,0.0,0.0,0.0,947.2192611164999
t322,0.0,0.0,0.0,0.0,947.2192611164999,0.0,0.0,0.0,0.0,947.2192611164999
t323,0.0,0.0,0.0,0.0,947.2192611164999,0.0,0.0,0.0,0.0,947.2192611164999
t324,0.0,0.0,0.0,0.0,947.2192611164999,0.0,0.0,0.0,0.0,947.2192611164999
t325,0.0,0.0,0.0,0.0,947.2192611164999,0.0,0.0,0.0,0.0,947.2192611164999
t326,0.0,0.0,0.0,0.0,947.2192611164999,0.0,0.0,0.0,0.0,947.2192611164999
t327,0.0,0.0,0.0,0.0,947.2192611164999,0.0,0.0,0.0,0.0,947.2192611164999
t328,0.0,0.0,0.0,0.0,947.2192611164999,0.0,0.0,0.0,0.0,947.2192611164999
t329,377.89000024380016,51.19800000000001,480.570184251,0.0,947.2192611164999,0.0,903.2790000000001,0.0,1130.6517771040592,3890.808222715359
t330,964.5406222662001,350.34605113978193,1508.6199370968006,230.39100000000002,2560.923973705992,1364.061,6157.593000000001,0.0,3398.784,16535.259584208776
t331,964.5406222662001,350.34605113978193,1508.6199370968006,230.39100000000002,2560.923973705992,3311.175,6157.593000000001,0.0,3398.784,18482.373584208777
t332,964.5406222662001,350.34605113978193,1508.6199370968006,230.39100000000002,2560.923973705992,3311.175,6157.593000000001,0.0,3398.784,18482.373584208777
t333,964.5406222662001,350.34605113978193,1508.6199370968006,230.39100000000002,2560.923973705992,3311.175,6157.593000000001,0.0,3398.784,18482.373584208777
t334,964.5406222662001,350.34605113978193,1508.6199370968006,230.39100000000002,2062.429351677469,3311.175,6157.593000000001,0.0,3398.784,17983.878962180253
t335,964.5406222662001,350.34605113978193,1508.6199370968006,230.39100000000002,1483.3401812975185,3311.175,6157.593000000001,0.0,3398.784,17404.789791800304
t336,580.2278492880299,350.34605113978193,1508.6199370968006,230.39100000000002,1040.8165646975172,3311.175,6157.593000000001,0.0,3398.784,16577.95340222213
t337,964.5406222662001,350.34605113978193,1508.6199370968006,230.39100000000002,1009.9653494975182,3311.175,6157.593000000001,0.0,2811.9858728654244,16344.616832865726
t338,964.5406222662001,350.34605113978193,1508.6199370968006,230.39100000000002,982.9182410975174,3311.175,6157.593000000001,0.0,2938.072272640427,16443.656124240726
t339,964.5406222662001,350.34605113978193,1508.6199370968006,230.39100000000002,1071.038585097518,1364.061,6157.593000000001,0.0,3227.3017699883876,14873.89196558869
t340,964.5406222662001,350.34605113978193,1508.6199370968006,230.39100000000002,1316.9691088774675,1364.061,6157.593000000001,0.0,2535.6788985683875,14428.199617948638
t341,377.89000024380016,350.34605113978193,1508.6199370968006,230.39100000000002,1874.8565428774684,3102.0992365256043,6157.593000000001,0.0,3398.784,17000.579767883457
t342,964.5406222662001,350.34605113978193,1508.6199370968006,230.39100000000002,2560.923973705992,1364.061,6157.593000000001,0.0,2688.1193388871047,15824.594923095881
t343,377.89000024380016,350.34605113978193,1508.6199370968006,230.39100000000002,2560.923973705992,3311.175,6157.593000000001,0.0,1579.824,16076.762962186376
t344,205.3030522681543,51.19800000000001,480.570184251,230.39100000000002,2706.2757776211047,2602.0773943593617,903.2790000000001,0.0,1579.824,8758.918408499621
t345,0.0,0.0,0.0,0.0,1584.2641435736193,1044.8785187605658,0.0,0.0,0.0,2629.142662334185
t346,0.0,0.0,0.0,0.0,1206.467237587207,0.0,0.0,0.0,0.0,1206.467237587207
t347,0.0,0.0,0.0,0.0,0.0,0.0,0.0,0.0,0.0,0.0
t348,0.0,0.0,0.0,0.0,0.0,0.0,0.0,0.0,0.0,0.0
t349,0.0,0.0,0.0,0.0,0.0,0.0,0.0,0.0,0.0,0.0
t350,0.0,0.0,0.0,0.0,0.0,0.0,0.0,0.0,0.0,0.0
t351,0.0,0.0,0.0,0.0,0.0,0.0,0.0,0.0,0.0,0.0
t352,0.0,0.0,0.0,0.0,0.0,0.0,0.0,0.0,0.0,0.0
t353,0.0,51.19800000000001,94.40034843468314,0.0,0.0,0.0,903.2790000000001,0.0,10.240654650939431,1059.1180030856226
t354,377.89000024380016,350.34605113978193,1508.6199370968006,230.39100000000002,1501.8987530515146,1364.061,6157.593000000001,0.0,2068.6748173786677,13559.474558910564
t355,964.5406222662001,350.34605113978193,1508.6199370968006,230.39100000000002,2167.0537916936596,1921.974742151766,6157.593000000001,0.0,3398.784,16699.30314434821
t356,964.5406222662001,350.34605113978193,1508.6199370968006,230.39100000000002,2208.4224893003297,3311.175,6157.593000000001,0.0,2247.392566605574,16978.480666408686
t357,964.5406222662001,350.34605113978193,1508.6199370968006,230.39100000000002,1917.1988118697466,1364.061,6157.593000000001,0.0,3398.784,15891.53442237253
t358,560.5519070541208,350.34605113978193,1508.6199370968006,230.39100000000002,1269.829887117686,3311.175,6157.593000000001,0.0,3398.784,16787.290782408392
t359,964.5406222662001,350.34605113978193,1508.6199370968006,230.39100000000002,947.2192611164999,1364.061,6157.593000000001,0.0,2921.7213123035217,14444.492183922805
t360,964.5406222662001,350.34605113978193,1508.6199370968006,230.39100000000002,947.2192611164999,1995.854151471257,6157.593000000001,0.0,2096.4095003763478,14250.973523466888
t361,964.5406222662001,350.34605113978193,1508.6199370968006,230.39100000000002,947.2192611164999,1364.061,6157.593000000001,0.0,1579.824,13102.594871619283
t362,964.5406222662001,350.34605113978193,1508.6199370968006,230.39100000000002,947.2192611164999,1364.061,6157.593000000001,0.0,2583.765974916347,14106.53684653563
t363,377.89000024380016,350.34605113978193,1508.6199370968006,230.39100000000002,947.2192611164999,3311.175,6157.593000000001,0.0,2592.2405922363473,15475.474841833231
t364,964.5406222662001,350.34605113978193,1508.6199370968006,230.39100000000002,947.2192611164999,2912.6609239456197,6157.593000000001,0.0,1579.824,14651.194795564903
t365,964.5406222662001,350.34605113978193,1508.6199370968006,230.39100000000002,1274.9212963625587,2984.872990537272,6157.593000000001,0.0,2987.527275123521,16458.812172526134
t366,964.5406222662001,350.34605113978193,1508.6199370968006,230.39100000000002,2067.271941841626,1364.061,6157.593000000001,0.0,2913.7616732958113,15556.585225640221
t367,377.89000024380016,350.34605113978193,1508.6199370968006,230.39100000000002,2560.923973705992,3311.175,6157.593000000001,0.0,1579.824,16076.762962186376
t368,0.0,51.19800000000001,480.570184251,230.39100000000002,1460.1250251268546,1753.259753404595,903.2790000000001,0.0,1532.7021714112757,6411.5251341937255
t369,0.0,0.0,0.0,0.0,333.8012071465285,979.8496956280441,0.0,0.0,0.0,1313.6509027745726
t370,0.0,0.0,0.0,0.0,0.0,0.0,0.0,0.0,0.0,0.0
t371,0.0,0.0,0.0,0.0,0.0,0.0,0.0,0.0,0.0,0.0
t372,0.0,0.0,0.0,0.0,0.0,0.0,0.0,0.0,0.0,0.0
t373,0.0,0.0,0.0,0.0,0.0,0.0,0.0,0.0,0.0,0.0
t374,0.0,0.0,0.0,0.0,0.0,0.0,0.0,0.0,0.0,0.0
t375,0.0,0.0,0.0,0.0,0.0,0.0,0.0,0.0,0.0,0.0
t376,0.0,0.0,480.570184251,0.0,0.0,0.0,305.2915054171208,0.0,0.0,785.8616896681208
t377,377.89000024380016,209.38484969134868,1508.6199370968006,0.0,997.7551114804215,1234.6697068831645,4421.6986222459645,0.0,1579.824,10329.8422276415
t378,964.5406222662001,350.34605113978193,1508.6199370968006,230.39100000000002,2560.923973705992,1364.061,6157.593000000001,0.0,3336.6032498806976,16473.078834089472
t379,964.5406222662001,350.34605113978193,1508.6199370968006,230.39100000000002,2560.923973705992,3311.175,6157.593000000001,0.0,3398.784,18482.373584208777
t380,964.5406222662001,350.34605113978193,1508.6199370968006,230.39100000000002,2560.923973705992,1364.061,6157.593000000001,0.0,2199.0253985041863,15335.500982712962
t381,722.4621036094992,350.34605113978193,1508.6199370968006,230.39100000000002,2560.923973705992,3311.175,6157.593000000001,0.0,3398.784,18240.295065552076
t382,964.5406222662001,350.34605113978193,1508.6199370968006,230.39100000000002,2526.9100183532983,3311.175,6157.593000000001,0.0,2216.5331827705736,17266.108811626655
t383,964.5406222662001,350.34605113978193,1508.6199370968006,230.39100000000002,1823.9221477175672,1893.3377367405183,6157.593000000001,0.0,3398.784,16327.53449496087
t384,964.5406222662001,350.34605113978193,1508.6199370968006,230.39100000000002,1275.171371097517,3311.175,6157.593000000001,0.0,2938.428923399333,16736.265904999633
t385,964.5406222662001,350.34605113978193,1508.6199370968006,230.39100000000002,947.2192611164999,1364.061,6157.593000000001,0.0,3087.652413816347,14610.42328543563
t386,964.5406222662001,350.34605113978193,1508.6199370968006,230.39100000000002,947.2192611164999,3311.175,6157.593000000001,0.0,3021.8999036163473,16491.784775235632
t387,964.5406222662001,350.34605113978193,1508.6199370968006,230.39100000000002,947.2192611164999,1364.061,6157.593000000001,0.0,3221.3041790763473,14744.07505069563
t388,964.5406222662001,350.34605113978193,1508.6199370968006,230.39100000000002,955.0904686059902,1364.061,6157.593000000001,0.0,2816.090572145705,14346.732651254479
t389,964.5406222662001,350.34605113978193,1508.6199370968006,230.39100000000002,1401.9965577525181,1364.061,6157.593000000001,0.0,2377.694254581143,14355.242422836445
t390,377.89000024380016,350.34605113978193,1508.6199370968006,230.39100000000002,2253.514302086533,1364.061,6157.593000000001,0.0,3398.784,15641.199290566916
t391,964.5406222662001,350.34605113978193,1508.6199370968006,230.39100000000002,2560.923973705992,2225.1854801875556,6157.593000000001,0.0,2024.1437077894564,16021.743772185788
t392,377.89000024380016,350.34605113978193,1508.6199370968006,230.39100000000002,2560.923973705992,3311.175,6157.593000000001,0.0,1579.824,16076.762962186376
t393,377.89000024380016,51.19800000000001,480.570184251,230.39100000000002,947.2192611164999,1364.061,903.2790000000001,0.0,1579.824,5934.432445611301
t394,377.89000024380016,51.19800000000001,480.570184251,0.0,947.2192611164999,0.0,903.2790000000001,0.0,258.410829075563,3018.567274686863
t395,377.89000024380016,51.19800000000001,480.570184251,0.0,0.0,0.0,903.2790000000001,0.0,413.42361126493955,2226.3607957597396
t396,377.89000024380016,51.19800000000001,480.570184251,0.0,0.0,0.0,903.2790000000001,0.0,935.9818565902061,2748.9190410850065
t397,377.89000024380016,51.19800000000001,0.0,0.0,0.0,0.0,903.2790000000001,0.0,0.0,1332.3670002438002
t398,377.89000024380016,51.19800000000001,480.570184251,0.0,0.0,0.0,903.2790000000001,0.0,0.0,1812.9371844948002
t399,377.89000024380016,51.19800000000001,480.570184251,0.0,0.0,0.0,903.2790000000001,0.0,1162.2812939927696,2975.21847848757
t400,377.89000024380016,51.19800000000001,480.570184251,0.0,0.0,0.0,903.2790000000001,0.0,1219.0612581647704,3031.9984426595706
t401,377.89000024380016,51.19800000000001,480.570184251,0.0,415.73319840046827,609.5792422264497,903.2790000000001,0.0,1579.824,4418.073625121719
t402,964.5406222662001,350.34605113978193,1508.6199370968006,230.39100000000002,1227.779676843654,1364.061,6157.593000000001,0.0,3398.784,15202.115287346438
t403,964.5406222662001,350.34605113978193,1508.6199370968006,230.39100000000002,1329.4062402442942,1364.061,6157.593000000001,0.0,2564.5890853897013,14469.54693613678
t404,964.5406222662001,350.34605113978193,1508.6199370968006,230.39100000000002,1284.0370979140946,3311.175,6157.593000000001,0.0,1579.824,15386.526708416879
t405,964.5406222662001,350.34605113978193,1508.6199370968006,230.39100000000002,968.6120841457563,3311.175,6157.593000000001,0.0,3343.757668587272,16835.03536323581
t406,964.5406222662001,350.34605113978193,1508.6199370968006,230.39100000000002,947.2192611164999,3311.175,6157.593000000001,0.0,3090.771020736348,16560.655892355633
t407,377.89000024380016,350.34605113978193,1508.6199370968006,230.39100000000002,947.2192611164999,3311.175,6157.593000000001,0.0,3039.7277951358114,15922.962044732696
t408,964.5406222662001,350.34605113978193,1508.6199370968006,230.39100000000002,947.2192611164999,1364.061,6157.593000000001,0.0,2661.312745776348,14184.08361739563
t409,964.5406222662001,350.34605113978193,1508.6199370968006,230.39100000000002,947.2192611164999,1364.061,6157.593000000001,0.0,1579.824,13102.594871619283
t410,964.5406222662001,350.34605113978193,1508.6199370968006,230.39100000000002,1036.545315086534,3311.175,6157.593000000001,0.0,2506.3108961763473,16065.521821765666
t411,377.89000024380016,350.34605113978193,1508.6199370968006,230.39100000000002,1181.8775937525181,1364.061,6157.593000000001,0.0,1848.5575973763482,13019.33617960925
t412,964.5406222662001,350.34605113978193,1508.6199370968006,230.39100000000002,1393.1656846554197,1364.061,6157.593000000001,0.0,1579.824,13548.541295158204
t413,964.5406222662001,350.34605113978193,1508.6199370968006,230.39100000000002,2052.822940232269,1364.061,6157.593000000001,0.0,2875.0810589763482,15503.4556097114
t414,964.5406222662001,350.34605113978193,1508.6199370968006,230.39100000000002,2560.923973705992,1364.061,6157.593000000001,0.0,2575.273870776347,15711.749454985124
t415,964.5406222662001,350.34605113978193,1508.6199370968006,230.39100000000002,2560.923973705992,3311.175,6157.593000000001,0.0,1579.824,16663.413584208774
t416,377.89000024380016,51.19800000000001,735.4726439748633,230.39100000000002,1605.024164802418,1364.061,903.2790000000001,0.0,1579.824,6847.139809021082
t417,0.0,0.0,432.67362020906,230.39100000000002,636.4289108752331,1364.061,0.0,0.0,0.0,2663.5545310842926
t418,0.0,0.0,0.0,0.0,0.0,306.62695062689977,0.0,0.0,0.0,306.62695062689977
t419,0.0,0.0,412.3989927916206,0.0,0.0,0.0,903.2790000000001,0.0,0.0,1315.6779927916207
t420,0.0,0.0,377.0391822046575,0.0,0.0,0.0,0.0,0.0,0.0,377.0391822046575
t421,0.0,0.0,480.570184251,0.0,0.0,0.0,0.0,0.0,0.0,480.570184251
t422,0.0,0.0,480.570184251,0.0,0.0,0.0,0.0,0.0,0.0,480.570184251
t423,0.0,0.0,480.570184251,0.0,0.0,0.0,443.9113471270884,0.0,0.0,924.4815313780884
t424,0.0,51.19800000000001,480.570184251,0.0,0.0,0.0,903.2790000000001,0.0,0.0,1435.047184251
t425,377.89000024380016,51.19800000000001,480.570184251,230.39100000000002,197.6980683087158,1364.061,903.2790000000001,0.0,1579.824,5184.911252803516
t426,964.5406222662001,350.34605113978193,1508.6199370968006,230.39100000000002,947.2192611164999,1364.061,6157.593000000001,0.0,2009.522813561171,13532.293685180453
t427,964.5406222662001,350.34605113978193,1508.6199370968006,230.39100000000002,1205.6900028070422,3311.175,6157.593000000001,0.0,2982.0368271622356,16710.39244047206
t428,964.5406222662001,350.34605113978193,1508.6199370968006,230.39100000000002,1392.7596573457597,1364.061,6157.593000000001,0.0,3398.784,15367.095267848543
t429,377.89000024380016,350.34605113978193,1508.6199370968006,230.39100000000002,1159.439789281703,3311.175,6157.593000000001,0.0,2298.981799355216,15394.436577117303
t430,964.5406222662001,350.34605113978193,1508.6199370968006,230.39100000000002,947.2192611164999,3311.175,6157.593000000001,0.0,2619.6642941884347,16089.549165807719
t431,486.0908117546261,350.34605113978193,1508.6199370968006,230.39100000000002,947.2192611164999,1364.061,6157.593000000001,0.0,2732.016961176348,13776.338022284057
t432,964.5406222662001,350.34605113978193,1508.6199370968006,230.39100000000002,947.2192611164999,1729.9046417104573,6157.593000000001,0.0,1579.824,13468.43851332974
t433,377.89000024380016,350.34605113978193,1508.6199370968006,230.39100000000002,947.2192611164999,1364.061,6157.593000000001,0.0,1786.5451275635223,12722.665377160405
t434,377.89000024380016,350.34605113978193,1508.6199370968006,230.39100000000002,947.2192611164999,3311.175,6157.593000000001,0.0,2571.2893222236376,15454.523571820522
t435,800.968117987068,350.34605113978193,1508.6199370968006,230.39100000000002,947.2192611164999,1364.061,6157.593000000001,0.0,2377.937083014673,13737.135450354825
t436,377.89000024380016,350.34605113978193,1508.6199370968006,230.39100000000002,947.2192611164999,1364.061,6157.593000000001,0.0,1579.824,12515.944249596883
t437,964.5406222662001,350.34605113978193,1508.6199370968006,230.39100000000002,1499.8828607864252,2524.2214548336665,6157.593000000001,0.0,2708.8798900493603,15944.474816172236
t438,964.5406222662001,350.34605113978193,1508.6199370968006,230.39100000000002,2445.958226056181,1364.061,6157.593000000001,0.0,1579.824,14601.333836558964
t439,964.5406222662001,350.34605113978193,1508.6199370968006,230.39100000000002,2560.923973705992,3311.175,6157.593000000001,0.0,2433.2893395008873,17516.878923709664
t440,377.89000024380016,51.19800000000001,1440.03505198965,0.0,1580.471497569995,1079.4156467850746,3156.6162900162567,0.0,1579.824,9265.450486604777
t441,377.89000024380016,51.19800000000001,480.570184251,0.0,947.2192611164999,0.0,903.2790000000001,0.0,1579.824,4339.9804456113
t442,0.0,51.19800000000001,480.570184251,0.0,0.0,0.0,903.2790000000001,0.0,915.8741495374463,2350.9213337884466
t443,0.0,51.19800000000001,480.570184251,0.0,0.0,0.0,903.2790000000001,0.0,0.0,1435.047184251
t444,0.0,51.19800000000001,480.570184251,0.0,0.0,0.0,903.2790000000001,0.0,796.5736006098674,2231.6207848608674
t445,0.0,0.0,480.570184251,0.0,0.0,0.0,903.2790000000001,0.0,0.0,1383.8491842510002
t446,0.0,51.19800000000001,480.570184251,0.0,0.0,0.0,903.2790000000001,0.0,752.8220424751257,2187.869226726126
t447,0.0,51.19800000000001,480.570184251,0.0,0.0,0.0,903.2790000000001,0.0,373.0780116230348,1808.125195874035
t448,0.0,51.19800000000001,77.19444710114911,0.0,0.0,0.0,903.2790000000001,0.0,1579.824,2611.4954471011492
t449,0.0,51.19800000000001,480.570184251,0.0,0.0,0.0,903.2790000000001,0.0,1579.824,3014.871184251
t450,964.5406222662001,350.34605113978193,1508.6199370968006,230.39100000000002,947.2192611164999,1364.061,6157.593000000001,0.0,1915.2555850220836,13438.026456641366
t451,964.5406222662001,350.34605113978193,1508.6199370968006,230.39100000000002,1182.9110038238598,3311.175,6157.593000000001,0.0,2534.7976050161956,16240.37421934284
t452,964.5406222662001,350.34605113978193,1508.6199370968006,230.39100000000002,1019.3649346759572,1364.061,6157.593000000001,0.0,3182.4276188266135,14777.344164005355
t453,377.89000024380016,350.34605113978193,1508.6199370968006,230.39100000000002,947.2192611164999,3311.175,6157.593000000001,0.0,1835.7391683689095,14718.973417965793
t454,964.5406222662001,350.34605113978193,1508.6199370968006,230.39100000000002,947.2192611164999,1364.061,6157.593000000001,0.0,2769.7933247693304,14292.564196388614
t455,377.89000024380016,350.34605113978193,1508.6199370968006,230.39100000000002,947.2192611164999,2171.1686901201415,6157.593000000001,0.0,1579.824,13323.051939717025
t456,964.5406222662001,350.34605113978193,1369.8489128871165,230.39100000000002,947.2192611164999,3311.175,6157.593000000001,0.0,2294.7825125311515,15625.896359940753
t457,964.5406222662001,350.34605113978193,1293.67226520684,230.39100000000002,889.3194292626417,1364.061,6157.593000000001,0.0,1579.824,12829.747367875465
t458,377.89000024380016,350.34605113978193,1219.8537108284397,230.39100000000002,924.081458222514,1364.061,6157.593000000001,0.0,1579.824,12204.040220434537
t459,655.4446746906114,350.34605113978193,1299.0831846914577,230.39100000000002,947.2192611164999,1364.061,6157.593000000001,0.0,1579.824,12583.962171638352
t460,377.89000024380016,350.34605113978193,1508.6199370968006,230.39100000000002,947.2192611164999,1364.061,6157.593000000001,0.0,2362.487795976348,13298.60804557323
t461,964.5406222662001,350.34605113978193,1508.6199370968006,230.39100000000002,947.2192611164999,1364.061,6157.593000000001,0.0,1579.824,13102.594871619283
t462,377.89000024380016,350.34605113978193,1508.6199370968006,230.39100000000002,1003.5747275908782,1364.061,6157.593000000001,0.0,2801.601923223999,13794.077639295261
t463,377.89000024380016,350.34605113978193,1508.6199370968006,230.39100000000002,1600.8220822408784,1364.061,6157.593000000001,0.0,1579.824,13169.547070721263
t464,0.0,0.0,0.0,0.0,0.0,0.0,0.0,0.0,0.0,0.0
t465,0.0,0.0,0.0,0.0,0.0,0.0,0.0,0.0,0.0,0.0
t466,0.0,0.0,0.0,0.0,0.0,0.0,0.0,0.0,0.0,0.0
t467,0.0,0.0,0.0,0.0,0.0,0.0,0.0,0.0,0.0,0.0
t468,0.0,0.0,0.0,0.0,0.0,0.0,0.0,0.0,0.0,0.0
t469,0.0,0.0,0.0,0.0,0.0,0.0,0.0,0.0,0.0,0.0
t470,0.0,0.0,0.0,0.0,0.0,0.0,0.0,0.0,0.0,0.0
t471,0.0,0.0,0.0,0.0,0.0,0.0,0.0,0.0,0.0,0.0
t472,0.0,0.0,0.0,0.0,0.0,0.0,0.0,0.0,0.0,0.0
t473,0.0,0.0,0.0,0.0,0.0,0.0,0.0,0.0,0.0,0.0
t474,377.89000024380016,350.34605113978193,480.570184251,230.39100000000002,947.2192611164999,1364.061,6157.593000000001,0.0,1579.824,11487.894496751083
t475,377.89000024380016,350.34605113978193,1508.6199370968006,230.39100000000002,947.2192611164999,3248.9446694248077,6157.593000000001,0.0,1579.824,14400.82791902169
t476,377.89000024380016,350.34605113978193,1307.370184251,230.39100000000002,947.2192611164999,3311.175,6157.593000000001,0.0,1579.824,14261.808496751084
t477,377.89000024380016,350.34605113978193,1508.6199370968006,230.39100000000002,947.2192611164999,1364.061,6157.593000000001,0.0,1615.6787870485039,12551.799036645387
t478,377.89000024380016,350.34605113978193,1508.6199370968006,230.39100000000002,947.2192611164999,1364.061,6157.593000000001,0.0,1579.824,12515.944249596883
t479,377.89000024380016,350.34605113978193,1493.8832192694902,230.39100000000002,947.2192611164999,1364.061,6157.593000000001,0.0,2837.2020437763485,13758.585575545923
t480,377.89000024380016,350.34605113978193,1473.7178158674,230.39100000000002,947.2192611164999,3311.175,6157.593000000001,0.0,2464.6728347763483,15313.00496314383
t481,377.89000024380016,350.34605113978193,1420.4390761856755,230.39100000000002,947.2192611164999,3311.175,6157.593000000001,0.0,1579.824,14374.87738868576
t482,377.89000024380016,350.34605113978193,1297.1757193813398,230.39100000000002,947.2192611164999,3311.175,6157.593000000001,0.0,2323.8030747635225,14995.593106644945
t483,377.89000024380016,348.30287508000004,1173.7123768706747,230.39100000000002,947.2192611164999,1364.061,6157.593000000001,0.0,2520.4686059763476,13119.638119287323
t484,377.89000024380016,346.52661929999994,1238.1638385117078,230.39100000000002,947.2192611164999,1364.061,6157.593000000001,0.0,1579.824,12241.668719172008
t485,377.89000024380016,348.21874818000003,1307.370184251,230.39100000000002,947.2192611164999,1364.061,6157.593000000001,0.0,1579.824,12312.567193791301
t486,377.89000024380016,350.34605113978193,1508.6199370968006,230.39100000000002,947.2192611164999,1364.061,6157.593000000001,0.0,1579.824,12515.944249596883
t487,377.89000024380016,313.5430780036319,1307.370184251,230.39100000000002,947.2192611164999,1364.061,6135.5338290547525,0.0,1579.824,12255.832352669684
t488,0.0,0.0,0.0,0.0,0.0,0.0,0.0,0.0,0.0,0.0
t489,0.0,0.0,0.0,0.0,0.0,0.0,0.0,0.0,0.0,0.0
t490,0.0,0.0,0.0,0.0,0.0,0.0,0.0,0.0,0.0,0.0
t491,0.0,0.0,0.0,0.0,0.0,0.0,0.0,0.0,0.0,0.0
t492,0.0,0.0,0.0,0.0,0.0,0.0,0.0,0.0,0.0,0.0
t493,0.0,0.0,0.0,0.0,0.0,0.0,0.0,0.0,0.0,0.0
t494,0.0,0.0,0.0,0.0,0.0,0.0,0.0,0.0,0.0,0.0
t495,0.0,0.0,0.0,0.0,0.0,0.0,0.0,0.0,0.0,0.0
t496,0.0,0.0,0.0,0.0,0.0,0.0,0.0,0.0,0.0,0.0
t497,0.0,0.0,0.0,0.0,0.0,0.0,0.0,0.0,0.0,0.0
t498,377.89000024380016,350.34605113978193,1508.6199370968006,230.39100000000002,947.2192611164999,1364.061,6157.593000000001,0.0,1579.824,12515.944249596883
t499,762.2720900548175,350.34605113978193,1508.6199370968006,230.39100000000002,1188.130421296551,1364.061,6157.593000000001,0.0,3093.9599630895973,14655.37346267755
t500,964.5406222662001,350.34605113978193,1508.6199370968006,230.39100000000002,1248.572915146552,3311.175,6157.593000000001,0.0,3278.377108236348,17049.615633885685
t501,377.89000024380016,350.34605113978193,1508.6199370968006,230.39100000000002,1182.9396852883706,3311.175,6157.593000000001,0.0,1749.8406591716107,14868.795332940364
t502,964.5406222662001,350.34605113978193,1508.6199370968006,230.39100000000002,947.2192611164999,1364.061,6157.593000000001,0.0,2479.2548996763476,14002.02577129563
t503,377.89000024380016,350.34605113978193,1508.6199370968006,230.39100000000002,947.2192611164999,1364.061,6157.593000000001,0.0,1579.824,12515.944249596883
t504,964.5406222662001,350.34605113978193,1433.171643831523,230.39100000000002,947.2192611164999,1364.061,6157.593000000001,0.0,2477.5490045763477,13924.871582930353
t505,377.89000024380016,350.34605113978193,480.570184251,230.39100000000002,589.199295487182,1364.061,6157.593000000001,0.0,1579.824,11129.874531121764
t506,377.89000024380016,350.34605113978193,480.570184251,230.39100000000002,550.3689037871849,2894.615349946673,6157.593000000001,0.0,1579.824,12621.598489368442
t507,377.89000024380016,350.34605113978193,480.570184251,230.39100000000002,647.8323421871843,1364.061,6157.593000000001,0.0,1579.824,11188.507577821769
t508,377.89000024380016,350.34605113978193,480.570184251,230.39100000000002,912.3121967792819,1364.061,6157.593000000001,0.0,1579.824,11452.987432413865
t509,377.89000024380016,350.34605113978193,480.570184251,230.39100000000002,947.2192611164999,2710.3551738882475,6157.593000000001,0.0,1579.824,12834.18867063933
t510,377.89000024380016,350.34605113978193,1495.5763805883983,230.39100000000002,947.2192611164999,1364.061,6157.593000000001,0.0,1579.824,12502.900693088483
t511,377.89000024380016,269.56957936581375,1076.7817135501473,230.39100000000002,947.2192611164999,1364.061,5920.243307846555,0.0,1579.824,11765.979862122816
t512,0.0,0.0,0.0,230.39100000000002,98.9130701237462,1146.5281967386875,0.0,0.0,0.0,1475.8322668624337
t513,0.0,0.0,0.0,0.0,0.0,0.0,0.0,0.0,0.0,0.0
t514,0.0,0.0,0.0,0.0,0.0,0.0,0.0,0.0,0.0,0.0
t515,0.0,0.0,0.0,0.0,0.0,0.0,0.0,0.0,0.0,0.0
t516,0.0,0.0,0.0,0.0,0.0,0.0,0.0,0.0,0.0,0.0
t517,0.0,0.0,0.0,0.0,0.0,0.0,0.0,0.0,0.0,0.0
t518,0.0,0.0,0.0,0.0,0.0,0.0,0.0,0.0,0.0,0.0
t519,0.0,0.0,0.0,0.0,0.0,0.0,0.0,0.0,0.0,0.0
t520,0.0,0.0,0.0,0.0,0.0,0.0,0.0,0.0,0.0,0.0
t521,0.0,0.0,0.0,0.0,0.0,0.0,0.0,0.0,0.0,0.0
t522,377.89000024380016,350.34605113978193,480.570184251,230.39100000000002,947.2192611164999,1364.061,6157.593000000001,0.0,1579.824,11487.894496751083
t523,377.89000024380016,350.34605113978193,889.0855466733265,230.39100000000002,947.2192611164999,1364.061,6157.593000000001,0.0,1579.824,11896.40985917341
t524,377.89000024380016,350.34605113978193,979.167336495649,230.39100000000002,947.2192611164999,3311.175,6157.593000000001,0.0,1579.824,13933.605648995734
t525,377.89000024380016,350.34605113978193,480.570184251,230.39100000000002,947.2192611164999,1364.061,6157.593000000001,0.0,1579.824,11487.894496751083
t526,377.89000024380016,350.34605113978193,591.3749733324873,230.39100000000002,947.2192611164999,1364.061,6157.593000000001,0.0,2742.188265363522,12761.063551196092
t527,377.89000024380016,350.34605113978193,480.570184251,230.39100000000002,947.2192611164999,3311.175,6157.593000000001,0.0,2468.899022976348,14324.083519727432
t528,377.89000024380016,350.34605113978193,480.570184251,230.39100000000002,565.9110009525654,3311.175,6157.593000000001,0.0,1579.824,13053.700236587149
t529,377.89000024380016,350.34605113978193,480.570184251,230.39100000000002,509.86057482468175,3311.175,6157.593000000001,0.0,1930.2298367934682,13348.055647252731
t530,377.89000024380016,350.34605113978193,480.570184251,230.39100000000002,503.89712539294874,1364.061,6157.593000000001,0.0,1579.824,11044.572361027533
t531,377.89000024380016,350.34605113978193,480.570184251,230.39100000000002,688.0289982371814,2640.1311173876757,6157.593000000001,0.0,1579.824,12504.77435125944
t532,377.89000024380016,350.34605113978193,480.570184251,230.39100000000002,947.2192611164999,1364.061,6157.593000000001,0.0,1579.824,11487.894496751083
t533,377.89000024380016,350.34605113978193,1019.7780162033303,230.39100000000002,947.2192611164999,1364.061,6157.593000000001,0.0,1579.824,12027.102328703413
t534,377.89000024380016,350.34605113978193,1508.6199370968006,230.39100000000002,947.2192611164999,1364.061,6157.593000000001,0.0,1579.824,12515.944249596883
t535,377.89000024380016,266.97107947021516,1307.370184251,230.39100000000002,947.2192611164999,1364.061,6157.593000000001,0.0,1579.824,12231.319525081515
t536,0.0,0.0,0.0,0.0,718.223138905714,1139.9957892624082,0.0,0.0,0.0,1858.2189281681221
t537,0.0,0.0,0.0,0.0,0.0,0.0,0.0,0.0,0.0,0.0
t538,0.0,0.0,0.0,0.0,0.0,0.0,0.0,0.0,0.0,0.0
t539,0.0,0.0,0.0,0.0,0.0,0.0,0.0,0.0,0.0,0.0
t540,0.0,0.0,0.0,0.0,0.0,0.0,0.0,0.0,0.0,0.0
t541,0.0,0.0,0.0,0.0,0.0,0.0,0.0,0.0,0.0,0.0
t542,0.0,0.0,0.0,0.0,0.0,0.0,0.0,0.0,0.0,0.0
t543,0.0,0.0,0.0,0.0,0.0,0.0,0.0,0.0,0.0,0.0
t544,0.0,0.0,0.0,0.0,0.0,0.0,0.0,0.0,0.0,0.0
t545,0.0,0.0,0.0,0.0,0.0,0.0,0.0,0.0,0.0,0.0
t546,377.89000024380016,350.34605113978193,480.570184251,230.39100000000002,146.7909782455702,1364.061,6157.593000000001,0.0,1579.824,10687.466213880154
t547,377.89000024380016,350.34605113978193,480.570184251,230.39100000000002,587.9175812262199,1364.061,6157.593000000001,0.0,2507.2203118389057,12055.98912869971
t548,377.89000024380016,350.34605113978193,480.570184251,230.39100000000002,817.4771117605263,1364.061,6157.593000000001,0.0,1579.824,11358.15234739511
t549,377.89000024380016,350.34605113978193,480.570184251,230.39100000000002,680.2047948010348,3311.175,6157.593000000001,0.0,1579.824,13167.994030435619
t550,377.89000024380016,350.34605113978193,480.570184251,230.39100000000002,621.7711536532072,3311.175,6157.593000000001,0.0,1579.824,13109.560389287792
t551,377.89000024380016,350.34605113978193,480.570184251,230.39100000000002,419.96751338718514,3311.175,6157.593000000001,0.0,1579.824,12907.75674902177
t552,377.89000024380016,350.34605113978193,480.570184251,230.39100000000002,345.5631388809052,1364.061,6157.593000000001,0.0,1579.824,10886.238374515488
t553,377.89000024380016,350.34605113978193,480.570184251,230.39100000000002,415.1278183246815,1364.061,6157.593000000001,0.0,1579.824,10955.803053959266
t554,377.89000024380016,350.34605113978193,480.570184251,230.39100000000002,478.08794223718064,1364.061,6157.593000000001,0.0,1579.824,11018.763177871764
t555,377.89000024380016,350.34605113978193,480.570184251,230.39100000000002,679.7035486178194,1364.061,6157.593000000001,0.0,1579.824,11220.378784252403
t556,377.89000024380016,350.34605113978193,480.570184251,230.39100000000002,947.2192611164999,1364.061,6157.593000000001,0.0,1579.824,11487.894496751083
t557,377.89000024380016,350.34605113978193,480.570184251,230.39100000000002,947.2192611164999,1364.061,6157.593000000001,0.0,1579.824,11487.894496751083
t558,377.89000024380016,350.34605113978193,1508.6199370968006,230.39100000000002,986.6192230661653,3311.175,6157.593000000001,0.0,1579.824,14502.45821154655
t559,377.89000024380016,51.19800000000001,1508.6199370968006,230.39100000000002,1189.5237817829766,3311.175,5177.450233702339,0.0,1579.824,13426.071952825918
t560,0.0,0.0,0.0,230.39100000000002,655.5473123306233,2329.671748525446,0.0,0.0,0.0,3215.6100608560696
t561,0.0,0.0,0.0,0.0,0.0,0.0,0.0,0.0,0.0,0.0
t562,0.0,0.0,0.0,0.0,0.0,0.0,0.0,0.0,0.0,0.0
t563,0.0,0.0,0.0,0.0,0.0,0.0,0.0,0.0,0.0,0.0
t564,0.0,0.0,0.0,0.0,0.0,0.0,0.0,0.0,0.0,0.0
t565,0.0,0.0,0.0,0.0,0.0,0.0,0.0,0.0,0.0,0.0
t566,0.0,0.0,0.0,0.0,0.0,0.0,0.0,0.0,0.0,0.0
t567,0.0,0.0,0.0,0.0,0.0,0.0,0.0,0.0,0.0,0.0
t568,0.0,0.0,0.0,0.0,0.0,0.0,0.0,0.0,0.0,0.0
t569,0.0,0.0,0.0,0.0,0.0,0.0,0.0,0.0,0.0,0.0
t570,377.89000024380016,350.34605113978193,480.570184251,230.39100000000002,614.0248643505475,1567.6955442528556,6157.593000000001,0.0,1579.824,11358.334644237986
t571,377.89000024380016,350.34605113978193,480.570184251,230.39100000000002,947.2192611164999,1364.061,6157.593000000001,0.0,1579.824,11487.894496751083
t572,377.89000024380016,350.34605113978193,887.9618678487664,230.39100000000002,947.2192611164999,1635.6295038542587,6157.593000000001,0.0,1804.1349969793207,12391.165681182429
t573,377.89000024380016,350.34605113978193,1126.0059109274139,230.39100000000002,947.2192611164999,3311.175,6157.593000000001,0.0,2950.8405882035217,15451.46081163102
t574,377.89000024380016,350.34605113978193,480.570184251,230.39100000000002,947.2192611164999,3311.175,6157.593000000001,0.0,2075.0640153635222,13930.248512114606
t575,377.89000024380016,350.34605113978193,494.6292767361691,230.39100000000002,947.2192611164999,2350.272208531302,6157.593000000001,0.0,1579.824,12488.164797767555
t576,377.89000024380016,350.34605113978193,480.570184251,230.39100000000002,947.2192611164999,3311.175,6157.593000000001,0.0,2177.292874563522,14032.477371314606
t577,377.89000024380016,350.34605113978193,480.570184251,230.39100000000002,719.3327831053768,1642.0793585085662,6157.593000000001,0.0,1579.824,11538.026377248527
t578,377.89000024380016,350.34605113978193,480.570184251,230.39100000000002,669.2986779945163,1364.061,6157.593000000001,0.0,1579.824,11209.9739136291
t579,377.89000024380016,350.34605113978193,480.570184251,230.39100000000002,793.4544478871844,3311.175,6157.593000000001,0.0,2199.4907903763474,13900.910473898115
t580,377.89000024380016,350.34605113978193,683.1458981779905,230.39100000000002,947.2192611164999,3311.175,6157.593000000001,0.0,1579.824,13637.584210678073
t581,377.89000024380016,350.34605113978193,1025.2389260143566,230.39100000000002,947.2192611164999,1364.061,6157.593000000001,0.0,1579.824,12032.56323851444
t582,377.89000024380016,350.34605113978193,1508.6199370968006,230.39100000000002,1220.7498460456409,3311.175,6157.593000000001,0.0,2667.8936951068035,15824.658529632827
t583,377.89000024380016,51.19800000000001,1508.6199370968006,230.39100000000002,1029.1253109962574,3311.175,6157.593000000001,0.0,1579.824,14245.81624833686
t584,0.0,0.0,0.0,230.39100000000002,89.44146657551984,1364.061,0.0,0.0,0.0,1683.8934665755198
t585,0.0,0.0,0.0,0.0,0.0,733.3157159264916,0.0,0.0,0.0,733.3157159264916
t586,0.0,0.0,0.0,0.0,0.0,0.0,0.0,0.0,0.0,0.0
t587,0.0,0.0,0.0,0.0,0.0,0.0,0.0,0.0,0.0,0.0
t588,0.0,0.0,0.0,0.0,0.0,0.0,0.0,0.0,0.0,0.0
t589,0.0,0.0,0.0,0.0,0.0,0.0,0.0,0.0,0.0,0.0
t590,0.0,0.0,0.0,0.0,0.0,0.0,0.0,0.0,0.0,0.0
t591,0.0,0.0,0.0,0.0,0.0,0.0,0.0,0.0,0.0,0.0
t592,0.0,0.0,0.0,0.0,0.0,0.0,0.0,0.0,0.0,0.0
t593,0.0,0.0,0.0,0.0,0.0,0.0,0.0,0.0,0.0,0.0
t594,377.89000024380016,350.34605113978193,480.570184251,230.39100000000002,496.429399545998,1364.061,6157.593000000001,0.0,1579.824,11037.104635180582
t595,377.89000024380016,350.34605113978193,1307.370184251,230.39100000000002,947.2192611164999,1364.061,6157.593000000001,0.0,3324.1292473520216,14058.999744103105
t596,377.89000024380016,350.34605113978193,1307.370184251,230.39100000000002,947.2192611164999,1364.061,6157.593000000001,0.0,3398.784,14133.654496751082
t597,377.89000024380016,350.34605113978193,979.1235617177799,230.39100000000002,947.2192611164999,2076.3573086508363,6157.593000000001,0.0,1579.824,12698.744182868699
t598,377.89000024380016,350.34605113978193,1191.6067604458772,230.39100000000002,947.2192611164999,2167.817542937945,6157.593000000001,0.0,1579.824,13002.687615883906
t599,377.89000024380016,350.34605113978193,480.570184251,230.39100000000002,947.2192611164999,3311.175,6157.593000000001,0.0,1579.824,13435.008496751085
t600,377.89000024380016,350.34605113978193,480.570184251,230.39100000000002,947.2192611164999,2438.323259725512,6157.593000000001,0.0,2635.5529486883884,13617.885705164983
t601,377.89000024380016,350.34605113978193,1307.370184251,230.39100000000002,947.2192611164999,3311.175,6157.593000000001,0.0,1579.824,14261.808496751084
t602,377.89000024380016,350.34605113978193,480.570184251,230.39100000000002,947.2192611164999,1364.061,6157.593000000001,0.0,2477.3228584883877,12385.39335523947
t603,377.89000024380016,350.34605113978193,480.570184251,230.39100000000002,947.2192611164999,1364.061,6157.593000000001,0.0,2407.6729020293,12315.743398780383
t604,377.89000024380016,350.34605113978193,836.1439875851702,230.39100000000002,947.2192611164999,1364.061,6157.593000000001,0.0,2422.0780592892993,12685.722359374551
t605,377.89000024380016,350.34605113978193,1307.370184251,230.39100000000002,947.2192611164999,1364.061,6157.593000000001,0.0,2570.0881811763475,13304.958677927429
t606,377.89000024380016,350.34605113978193,1508.6199370968006,230.39100000000002,947.2192611164999,1364.061,6157.593000000001,0.0,1579.824,12515.944249596883
t607,377.89000024380016,51.19800000000001,733.0716076218746,230.39100000000002,947.2192611164999,1364.061,4446.318879784466,0.0,1579.824,9729.97374876664
t608,0.0,0.0,0.0,0.0,0.0,0.0,0.0,0.0,0.0,0.0
t609,0.0,0.0,0.0,0.0,0.0,0.0,0.0,0.0,0.0,0.0
t610,0.0,0.0,0.0,0.0,0.0,0.0,0.0,0.0,0.0,0.0
t611,0.0,0.0,0.0,0.0,0.0,0.0,0.0,0.0,0.0,0.0
t612,0.0,0.0,0.0,0.0,0.0,0.0,0.0,0.0,0.0,0.0
t613,0.0,0.0,0.0,0.0,0.0,0.0,0.0,0.0,0.0,0.0
t614,0.0,0.0,0.0,0.0,0.0,0.0,0.0,0.0,0.0,0.0
t615,0.0,0.0,0.0,0.0,0.0,0.0,0.0,0.0,0.0,0.0
t616,0.0,0.0,0.0,0.0,0.0,0.0,0.0,0.0,0.0,0.0
t617,0.0,0.0,0.0,0.0,0.0,0.0,0.0,0.0,0.0,0.0
t618,377.89000024380016,350.34605113978193,480.570184251,230.39100000000002,0.0,1227.467360261513,6125.364696095254,0.0,1579.824,10371.853291991349
t619,377.89000024380016,350.34605113978193,480.570184251,230.39100000000002,349.2153203013953,2505.3386486650516,6157.593000000001,0.0,2652.955875363522,13104.300079964552
t620,377.89000024380016,350.34605113978193,480.570184251,230.39100000000002,863.8656720717977,1364.061,6157.593000000001,0.0,1579.824,11404.540907706381
t621,377.89000024380016,350.34605113978193,480.570184251,230.39100000000002,947.2192611164999,1364.061,6157.593000000001,0.0,1970.2981804416982,11878.36867719278
t622,377.89000024380016,350.34605113978193,480.570184251,230.39100000000002,947.2192611164999,3311.175,6157.593000000001,0.0,1579.824,13435.008496751085
t623,377.89000024380016,350.34605113978193,480.570184251,230.39100000000002,947.2192611164999,1364.061,6157.593000000001,0.0,1579.824,11487.894496751083
t624,377.89000024380016,350.34605113978193,480.570184251,230.39100000000002,814.0578599053781,3311.175,6157.593000000001,0.0,2500.691136576348,14222.714232116308
t625,377.89000024380016,350.34605113978193,480.570184251,230.39100000000002,740.2545720876391,1364.061,6157.593000000001,0.0,1844.120956000428,11545.22676372265
t626,377.89000024380016,350.34605113978193,480.570184251,230.39100000000002,494.0132154179467,3311.175,6157.593000000001,0.0,1805.4023416883877,13207.380792740918
t627,377.89000024380016,350.34605113978193,480.570184251,230.39100000000002,223.91609676493698,1364.061,6157.593000000001,0.0,1579.824,10764.591332399521
t628,377.89000024380016,350.34605113978193,480.570184251,230.39100000000002,0.0,1364.061,6157.593000000001,0.0,1579.824,10540.675235634582
t629,377.89000024380016,350.34605113978193,480.570184251,230.39100000000002,0.0,1364.061,6157.593000000001,0.0,1579.824,10540.675235634582
t630,377.89000024380016,350.34605113978193,480.570184251,230.39100000000002,185.8425168021118,1364.061,6157.593000000001,0.0,1579.824,10726.517752436695
t631,377.89000024380016,52.91868592363201,480.570184251,230.39100000000002,495.3923250154787,1364.061,4056.5534078499095,0.0,1579.824,8637.600603283821
t632,0.0,0.0,0.0,0.0,0.0,0.0,0.0,0.0,0.0,0.0
t633,0.0,0.0,0.0,0.0,0.0,0.0,0.0,0.0,0.0,0.0
t634,0.0,0.0,0.0,0.0,0.0,0.0,0.0,0.0,0.0,0.0
t635,0.0,0.0,0.0,0.0,0.0,0.0,0.0,0.0,0.0,0.0
t636,0.0,0.0,0.0,0.0,0.0,0.0,0.0,0.0,0.0,0.0
t637,0.0,0.0,0.0,0.0,0.0,0.0,0.0,0.0,0.0,0.0
t638,0.0,0.0,0.0,0.0,0.0,0.0,0.0,0.0,0.0,0.0
t639,0.0,0.0,0.0,0.0,0.0,0.0,0.0,0.0,0.0,0.0
t640,0.0,0.0,0.0,0.0,0.0,0.0,0.0,0.0,0.0,0.0
t641,0.0,0.0,0.0,0.0,0.0,0.0,0.0,0.0,0.0,0.0
t642,377.89000024380016,350.34605113978193,480.570184251,230.39100000000002,0.0,674.9968411812748,3911.076195489698,0.0,1579.824,7605.094272305556
t643,377.89000024380016,350.34605113978193,480.570184251,230.39100000000002,0.0,1364.061,6157.593000000001,0.0,1579.824,10540.675235634582
t644,377.89000024380016,350.34605113978193,480.570184251,230.39100000000002,167.19810059417534,2901.058046285141,6157.593000000001,0.0,1579.824,12244.8703825139
t645,377.89000024380016,350.34605113978193,480.570184251,230.39100000000002,722.7199168246811,1364.061,6157.593000000001,0.0,1579.824,11263.395152459265
t646,377.89000024380016,350.34605113978193,480.570184251,230.39100000000002,947.2192611164999,1364.061,5266.438607140773,0.0,1579.824,10596.740103891854
t647,377.89000024380016,350.34605113978193,480.570184251,230.39100000000002,941.4362032573321,1364.061,6157.593000000001,0.0,1579.824,11482.111438891916
t648,377.89000024380016,350.34605113978193,480.570184251,230.39100000000002,529.6207337916543,1364.061,6157.593000000001,0.0,1579.824,11070.295969426239
t649,377.89000024380016,350.34605113978193,480.570184251,230.39100000000002,0.0,1364.061,6157.593000000001,0.0,1579.824,10540.675235634582
t650,377.89000024380016,350.34605113978193,480.570184251,230.39100000000002,0.0,3311.175,6157.593000000001,0.0,1579.824,12487.789235634584
t651,377.89000024380016,350.34605113978193,480.570184251,230.39100000000002,91.70613528718258,2724.1851439425895,6157.593000000001,0.0,1579.824,11992.505514864355
t652,377.89000024380016,347.8588008,480.570184251,230.39100000000002,136.3696011310038,1364.061,5196.89047377131,0.0,1579.824,9713.855060197115
t653,377.89000024380016,345.64975655999996,480.570184251,230.39100000000002,503.6098649572034,1364.061,6157.593000000001,0.0,1579.824,11039.588806012005
t654,377.89000024380016,348.2411958,480.570184251,230.39100000000002,658.1857699797388,1364.061,4884.7764759363645,0.0,1579.824,9923.939626210904
t655,217.29045532182124,51.19800000000001,480.570184251,0.0,0.0,660.422398485955,903.2790000000001,0.0,1009.7651535114119,3322.5251915701883
t656,0.0,0.0,0.0,0.0,0.0,0.0,0.0,0.0,0.0,0.0
t657,0.0,0.0,0.0,0.0,0.0,0.0,0.0,0.0,0.0,0.0
t658,0.0,0.0,0.0,0.0,0.0,0.0,0.0,0.0,0.0,0.0
t659,0.0,0.0,0.0,0.0,0.0,0.0,0.0,0.0,0.0,0.0
t660,0.0,0.0,0.0,0.0,0.0,0.0,0.0,0.0,0.0,0.0
t661,0.0,0.0,0.0,0.0,0.0,0.0,0.0,0.0,0.0,0.0
t662,0.0,0.0,0.0,0.0,0.0,0.0,0.0,0.0,0.0,0.0
t663,0.0,0.0,0.0,0.0,0.0,0.0,0.0,0.0,0.0,0.0
t664,0.0,0.0,0.0,0.0,0.0,0.0,0.0,0.0,0.0,0.0
t665,0.0,0.0,0.0,0.0,0.0,0.0,0.0,0.0,0.0,0.0
t666,377.89000024380016,349.3478805614354,480.570184251,230.39100000000002,0.0,609.4419625229518,5493.899461688003,0.0,1579.824,9121.364489267191
t667,377.89000024380016,350.34605113978193,480.570184251,230.39100000000002,0.0,1364.061,6157.593000000001,0.0,2090.3795548549874,11051.23079048957
t668,377.89000024380016,350.34605113978193,480.570184251,230.39100000000002,0.0,1364.061,6157.593000000001,0.0,1579.824,10540.675235634582
t669,377.89000024380016,350.34605113978193,480.570184251,230.39100000000002,0.0,1364.061,6157.593000000001,0.0,1579.824,10540.675235634582
t670,377.89000024380016,350.34605113978193,480.570184251,230.39100000000002,0.0,1364.061,6157.593000000001,0.0,1579.824,10540.675235634582
t671,377.89000024380016,350.34605113978193,480.570184251,230.39100000000002,0.0,3311.175,6157.593000000001,0.0,1579.824,12487.789235634584
t672,377.89000024380016,350.34605113978193,480.570184251,230.39100000000002,0.0,1364.061,6157.593000000001,0.0,1579.824,10540.675235634582
t673,377.89000024380016,350.34605113978193,480.570184251,230.39100000000002,0.0,3311.175,6157.593000000001,0.0,1579.824,12487.789235634584
t674,377.89000024380016,350.34605113978193,480.570184251,230.39100000000002,0.0,1364.061,5499.957102979018,0.0,1579.824,9883.0393386136
t675,377.89000024380016,350.34605113978193,480.570184251,230.39100000000002,947.2192611164999,1364.061,6157.593000000001,0.0,1579.824,11487.894496751083
t676,377.89000024380016,350.34605113978193,480.570184251,230.39100000000002,947.2192611164999,1364.061,6157.593000000001,0.0,1579.824,11487.894496751083
t677,377.89000024380016,350.34605113978193,480.570184251,230.39100000000002,947.2192611164999,1364.061,6157.593000000001,0.0,1579.824,11487.894496751083
t678,377.89000024380016,350.34605113978193,480.570184251,230.39100000000002,685.3621611344427,1364.061,5746.62787657246,0.0,1579.824,10815.072273341484
t679,0.0,51.19800000000001,480.570184251,36.95184036684752,0.0,1364.061,903.2790000000001,0.0,15.719032645211708,2851.7790572630593
t680,0.0,0.0,0.0,0.0,947.2192611164999,0.0,0.0,0.0,0.0,947.2192611164999
t681,0.0,0.0,0.0,0.0,0.0,0.0,0.0,0.0,0.0,0.0
t682,0.0,0.0,0.0,0.0,0.0,0.0,0.0,0.0,0.0,0.0
t683,0.0,0.0,0.0,0.0,0.0,0.0,0.0,0.0,0.0,0.0
t684,0.0,0.0,0.0,0.0,947.2192611164999,0.0,0.0,0.0,0.0,947.2192611164999
t685,0.0,0.0,0.0,0.0,0.0,0.0,0.0,0.0,0.0,0.0
t686,0.0,0.0,0.0,0.0,0.0,0.0,0.0,0.0,0.0,0.0
t687,0.0,0.0,0.0,0.0,947.2192611164999,0.0,0.0,0.0,0.0,947.2192611164999
t688,0.0,0.0,0.0,0.0,947.2192611164999,0.0,0.0,0.0,0.0,947.2192611164999
t689,0.0,0.0,0.0,0.0,947.2192611164999,0.0,0.0,0.0,0.0,947.2192611164999
t690,377.89000024380016,350.34605113978193,480.570184251,230.39100000000002,947.2192611164999,1364.061,6157.593000000001,0.0,1579.824,11487.894496751083
t691,377.89000024380016,350.34605113978193,560.1732062987808,230.39100000000002,947.2192611164999,2442.6714984949804,6157.593000000001,0.0,3197.003504163522,14263.287521457367
t692,377.89000024380016,350.34605113978193,560.944535520738,230.39100000000002,947.2192611164999,3311.175,6157.593000000001,0.0,2403.6505601921467,14339.209408212968
t693,377.89000024380016,350.34605113978193,480.570184251,230.39100000000002,947.2192611164999,1364.061,6157.593000000001,0.0,3286.294326258835,13194.364823009917
t694,377.89000024380016,350.34605113978193,480.570184251,230.39100000000002,932.1075032572045,1364.061,6157.593000000001,0.0,2695.6224653763484,12588.581204268135
t695,377.89000024380016,350.34605113978193,480.570184251,230.39100000000002,429.9125550945179,2865.243139882619,6157.593000000001,0.0,1579.824,12471.769930611721
t696,377.89000024380016,350.34605113978193,480.570184251,230.39100000000002,25.10535660113821,1822.7895819909459,6157.593000000001,0.0,1579.824,11024.509174226667
t697,377.89000024380016,350.34605113978193,480.570184251,230.39100000000002,0.0,1364.061,6157.593000000001,0.0,1579.824,10540.675235634582
t698,377.89000024380016,350.34605113978193,480.570184251,230.39100000000002,0.0,1364.061,6157.593000000001,0.0,1579.824,10540.675235634582
t699,377.89000024380016,350.34605113978193,480.570184251,230.39100000000002,947.2192611164999,1364.061,6157.593000000001,0.0,1579.824,11487.894496751083
t700,377.89000024380016,350.34605113978193,480.570184251,230.39100000000002,0.0,1364.061,6157.593000000001,0.0,1579.824,10540.675235634582
t701,377.89000024380016,350.34605113978193,480.570184251,230.39100000000002,947.2192611164999,1364.061,6157.593000000001,0.0,1579.824,11487.894496751083
t702,377.89000024380016,350.34605113978193,480.570184251,230.39100000000002,591.8800768607589,1364.061,5628.467616965945,0.0,1579.824,10603.429929461287
t703,2.692337787452427,51.19800000000001,480.570184251,230.39100000000002,0.0,1364.061,903.2790000000001,0.0,27.986489043782356,3060.1780110822347
t704,0.0,0.0,0.0,0.0,947.2192611164999,0.0,0.0,0.0,0.0,947.2192611164999
t705,0.0,0.0,0.0,0.0,0.0,0.0,0.0,0.0,0.0,0.0
t706,0.0,0.0,0.0,0.0,0.0,0.0,0.0,0.0,0.0,0.0
t707,0.0,0.0,0.0,0.0,0.0,0.0,0.0,0.0,0.0,0.0
t708,0.0,0.0,0.0,0.0,0.0,0.0,0.0,0.0,0.0,0.0
t709,0.0,0.0,0.0,0.0,310.5859258858926,0.0,0.0,0.0,0.0,310.5859258858926
t710,0.0,0.0,0.0,0.0,410.57658089490087,0.0,0.0,0.0,0.0,410.57658089490087
t711,0.0,0.0,0.0,0.0,0.0,0.0,0.0,0.0,0.0,0.0
t712,0.0,0.0,0.0,0.0,0.0,0.0,0.0,0.0,0.0,0.0
t713,0.0,51.19800000000001,21.74895122309108,0.0,0.0,0.0,903.2790000000001,0.0,109.02619513164426,1085.2521463547355
t714,377.89000024380016,350.34605113978193,480.570184251,230.39100000000002,947.2192611164999,1364.061,6157.593000000001,0.0,1579.824,11487.894496751083
t715,377.89000024380016,350.34605113978193,480.570184251,230.39100000000002,947.2192611164999,1364.061,6157.593000000001,0.0,1579.824,11487.894496751083
t716,377.89000024380016,350.34605113978193,480.570184251,230.39100000000002,0.0,3311.175,6157.593000000001,0.0,3398.784,14306.749235634583
t717,377.89000024380016,350.34605113978193,480.570184251,230.39100000000002,947.2192611164999,1364.061,6157.593000000001,0.0,2716.7423248162263,12624.81282156731
t718,377.89000024380016,350.34605113978193,480.570184251,230.39100000000002,947.2192611164999,3311.175,6157.593000000001,0.0,2378.493516592147,14233.678013343231
t719,377.89000024380016,350.34605113978193,480.570184251,230.39100000000002,947.2192611164999,2913.2280766327085,6157.593000000001,0.0,3398.784,14856.02157338379
t720,377.89000024380016,350.34605113978193,480.570184251,230.39100000000002,0.0,2635.5837420643047,6157.593000000001,0.0,2966.602444776348,13198.976422475236
t721,377.89000024380016,350.34605113978193,480.570184251,230.39100000000002,0.0,3311.175,6157.593000000001,0.0,2009.5478518758116,12917.513087510395
t722,377.89000024380016,350.34605113978193,480.570184251,230.39100000000002,947.2192611164999,3311.175,6157.593000000001,0.0,1579.824,13435.008496751085
t723,377.89000024380016,350.34605113978193,480.570184251,230.39100000000002,0.0,1364.061,6157.593000000001,0.0,1579.824,10540.675235634582
t724,377.89000024380016,350.34605113978193,480.570184251,230.39100000000002,89.82943967756299,1364.061,6157.593000000001,0.0,1579.824,10630.504675312146
t725,377.89000024380016,350.34605113978193,480.570184251,230.39100000000002,778.8156097899363,1364.061,6157.593000000001,0.0,2170.386895547399,11910.053740971918
t726,377.89000024380016,350.34605113978193,480.570184251,230.39100000000002,947.2192611164999,1364.061,6157.593000000001,0.0,1579.824,11487.894496751083
t727,0.0,51.19800000000001,480.570184251,183.54399981458403,947.2192611164999,1364.061,903.2790000000001,0.0,300.2034703866639,4230.074915568748
t728,0.0,0.0,0.0,0.0,0.0,0.0,0.0,0.0,0.0,0.0
t729,0.0,0.0,0.0,0.0,0.0,0.0,0.0,0.0,0.0,0.0
t730,0.0,0.0,0.0,0.0,947.2192611164999,0.0,0.0,0.0,0.0,947.2192611164999
t731,0.0,0.0,0.0,0.0,0.0,0.0,0.0,0.0,0.0,0.0
t732,0.0,0.0,0.0,0.0,0.0,0.0,0.0,0.0,0.0,0.0
t733,0.0,0.0,0.0,0.0,947.2192611164999,0.0,0.0,0.0,0.0,947.2192611164999
t734,0.0,0.0,0.0,0.0,0.0,0.0,0.0,0.0,0.0,0.0
t735,0.0,0.0,0.0,0.0,0.0,0.0,0.0,0.0,0.0,0.0
t736,0.0,0.0,0.0,0.0,0.0,0.0,0.0,0.0,0.0,0.0
t737,0.0,51.19800000000001,0.0,0.0,0.0,0.0,903.2790000000001,0.0,1008.1102041869325,1962.5872041869325
t738,377.89000024380016,350.34605113978193,480.570184251,230.39100000000002,947.2192611164999,1364.061,6157.593000000001,0.0,3398.784,13306.854496751082
t739,377.89000024380016,350.34605113978193,480.570184251,230.39100000000002,947.2192611164999,1364.061,6157.593000000001,0.0,3398.784,13306.854496751082
t740,377.89000024380016,350.34605113978193,480.570184251,230.39100000000002,947.2192611164999,3311.175,6157.593000000001,0.0,3398.784,15253.968496751084
t741,377.89000024380016,350.34605113978193,480.570184251,230.39100000000002,947.2192611164999,2600.050422557057,6157.593000000001,0.0,2205.664618792146,13349.724538100287
t742,377.89000024380016,350.34605113978193,480.570184251,230.39100000000002,534.8516071178184,1364.061,6157.593000000001,0.0,3398.784,12894.486842752402
t743,377.89000024380016,350.34605113978193,480.570184251,230.39100000000002,947.2192611164999,2679.3736383068886,6157.593000000001,0.0,3398.784,14622.16713505797
t744,377.89000024380016,350.34605113978193,480.570184251,230.39100000000002,947.2192611164999,1740.6649214438087,6157.593000000001,0.0,3311.801763488387,13596.47618168328
t745,377.89000024380016,350.34605113978193,480.570184251,230.39100000000002,947.2192611164999,3311.175,6157.593000000001,0.0,2450.505600488387,14305.69009723947
t746,377.89000024380016,350.34605113978193,480.570184251,230.39100000000002,947.2192611164999,1364.061,6157.593000000001,0.0,2888.7922967763484,12796.86279352743
t747,377.89000024380016,350.34605113978193,480.570184251,230.39100000000002,947.2192611164999,1364.061,6157.593000000001,0.0,1579.824,11487.894496751083
t748,377.89000024380016,350.34605113978193,480.570184251,230.39100000000002,947.2192611164999,1364.061,6157.593000000001,0.0,1876.186036233767,11784.25653298485
t749,377.89000024380016,350.34605113978193,480.570184251,230.39100000000002,883.4488855995553,1364.061,6157.593000000001,0.0,3036.309686611663,12880.6098078458
t750,377.89000024380016,350.34605113978193,480.570184251,230.39100000000002,947.2192611164999,1364.061,6157.593000000001,0.0,2536.502099646089,12444.57259639717
t751,377.89000024380016,51.19800000000001,480.570184251,230.39100000000002,947.2192611164999,1364.061,903.2790000000001,0.0,1579.824,5934.432445611301
t752,0.0,0.0,0.0,0.0,0.0,0.0,78.04269966074862,0.0,0.0,78.04269966074862
t753,0.0,0.0,0.0,0.0,0.0,0.0,0.0,0.0,0.0,0.0
t754,0.0,0.0,0.0,0.0,0.0,0.0,0.0,0.0,0.0,0.0
t755,0.0,0.0,0.0,0.0,0.0,0.0,0.0,0.0,0.0,0.0
t756,0.0,0.0,0.0,0.0,947.2192611164999,0.0,0.0,0.0,0.0,947.2192611164999
t757,0.0,0.0,0.0,0.0,842.9554291430045,0.0,0.0,0.0,0.0,842.9554291430045
t758,0.0,0.0,0.0,0.0,805.2246071802639,0.0,0.0,0.0,0.0,805.2246071802639
t759,0.0,0.0,0.0,0.0,573.8837761817729,0.0,0.0,0.0,0.0,573.8837761817729
t760,0.0,0.0,0.0,0.0,588.6440291532365,0.0,0.0,0.0,0.0,588.6440291532365
t761,111.06871728254198,51.19800000000001,480.570184251,0.0,0.0,0.0,903.2790000000001,0.0,1579.824,3125.939901533542
t762,377.89000024380016,350.34605113978193,480.570184251,230.39100000000002,0.0,1364.061,6157.593000000001,0.0,2135.2219470206273,11096.07318265521
t763,377.89000024380016,350.34605113978193,480.570184251,230.39100000000002,947.2192611164999,1364.061,6157.593000000001,0.0,3398.784,13306.854496751082
t764,377.89000024380016,350.34605113978193,480.570184251,230.39100000000002,947.2192611164999,1364.061,6157.593000000001,0.0,3398.784,13306.854496751082
t765,377.89000024380016,350.34605113978193,480.570184251,230.39100000000002,0.0,2005.0037883047569,6157.593000000001,0.0,3398.784,13000.578023939339
t766,377.89000024380016,350.34605113978193,480.570184251,230.39100000000002,947.2192611164999,1364.061,6157.593000000001,0.0,3398.784,13306.854496751082
t767,377.89000024380016,350.34605113978193,480.570184251,230.39100000000002,0.0,1896.3124709663819,6157.593000000001,0.0,3053.712852576347,12546.815559177312
t768,377.89000024380016,350.34605113978193,480.570184251,230.39100000000002,947.2192611164999,1364.061,6157.593000000001,0.0,3334.175814576348,13242.246311327432
t769,377.89000024380016,350.34605113978193,480.570184251,230.39100000000002,947.2192611164999,3311.175,6157.593000000001,0.0,2423.080139875812,14278.264636626896
t770,377.89000024380016,350.34605113978193,480.570184251,230.39100000000002,0.0,1364.061,6157.593000000001,0.0,2218.2794069763486,11179.13064261093
t771,377.89000024380016,350.34605113978193,480.570184251,230.39100000000002,0.0,1364.061,6157.593000000001,0.0,2744.274577075812,11705.125812710394
t772,377.89000024380016,350.34605113978193,480.570184251,230.39100000000002,947.2192611164999,1364.061,6157.593000000001,0.0,1579.824,11487.894496751083
t773,377.89000024380016,350.34605113978193,480.570184251,230.39100000000002,947.2192611164999,2342.604717719135,6157.593000000001,0.0,1579.824,12466.438214470218
t774,377.89000024380016,350.34605113978193,480.570184251,230.39100000000002,947.2192611164999,1364.061,6157.593000000001,0.0,1793.1122405891558,11701.18273734024
t775,87.60065106184382,51.19800000000001,480.570184251,0.0,947.2192611164999,1085.9335728489284,903.2790000000001,0.0,1417.2807524551183,4973.081421733391
t776,0.0,0.0,0.0,0.0,947.2192611164999,0.0,0.0,0.0,0.0,947.2192611164999
t777,0.0,0.0,0.0,0.0,0.0,0.0,0.0,0.0,0.0,0.0
t778,0.0,0.0,0.0,0.0,0.0,0.0,0.0,0.0,0.0,0.0
t779,0.0,0.0,0.0,0.0,947.2192611164999,0.0,0.0,0.0,0.0,947.2192611164999
t780,0.0,0.0,0.0,0.0,0.0,0.0,0.0,0.0,0.0,0.0
t781,0.0,0.0,0.0,0.0,0.0,0.0,0.0,0.0,0.0,0.0
t782,0.0,0.0,0.0,0.0,0.0,0.0,0.0,0.0,0.0,0.0
t783,0.0,0.0,0.0,0.0,0.0,0.0,0.0,0.0,0.0,0.0
t784,0.0,0.0,0.0,0.0,947.2192611164999,0.0,0.0,0.0,0.0,947.2192611164999
t785,0.0,51.19800000000001,0.0,0.0,947.2192611164999,0.0,208.99210040062286,0.0,0.0,1207.4093615171228
t786,377.89000024380016,291.87223660363185,480.570184251,230.39100000000002,472.7332653533214,1364.061,6157.593000000001,0.0,1579.824,10954.934686451754
t787,377.89000024380016,350.34605113978193,480.570184251,230.39100000000002,947.2192611164999,1364.061,6157.593000000001,0.0,1579.824,11487.894496751083
t788,377.89000024380016,350.34605113978193,480.570184251,230.39100000000002,947.2192611164999,1364.061,6157.593000000001,0.0,1579.824,11487.894496751083
t789,377.89000024380016,350.34605113978193,480.570184251,230.39100000000002,947.2192611164999,1364.061,6157.593000000001,0.0,2654.6545306916114,12562.725027442695
t790,377.89000024380016,350.34605113978193,480.570184251,230.39100000000002,604.2386699650652,1364.061,6157.593000000001,0.0,3398.784,12963.873905599648
t791,377.89000024380016,350.34605113978193,480.570184251,230.39100000000002,947.2192611164999,3311.175,6157.593000000001,0.0,1579.824,13435.008496751085
t792,377.89000024380016,350.34605113978193,480.570184251,230.39100000000002,0.0,1364.061,6157.593000000001,0.0,1579.824,10540.675235634582
t793,377.89000024380016,350.34605113978193,480.570184251,230.39100000000002,0.0,1364.061,6157.593000000001,0.0,2694.033423471628,11654.88465910621
t794,377.89000024380016,350.34605113978193,480.570184251,230.39100000000002,947.2192611164999,1364.061,6157.593000000001,0.0,1579.824,11487.894496751083
t795,377.89000024380016,350.34605113978193,480.570184251,230.39100000000002,0.0,1364.061,6157.593000000001,0.0,1579.824,10540.675235634582
t796,377.89000024380016,350.34605113978193,480.570184251,230.39100000000002,0.0,1986.4989302267106,6157.593000000001,0.0,1579.824,11163.113165861294
t797,377.89000024380016,350.34605113978193,480.570184251,230.39100000000002,947.2192611164999,1364.061,6157.593000000001,0.0,1579.824,11487.894496751083
t798,377.89000024380016,143.92096534363208,480.570184251,28.538429608867197,576.9617794042341,785.3470494421476,4052.0678651285584,0.0,1579.824,8025.120273422241
t799,0.0,51.19800000000001,480.570184251,0.0,0.0,0.0,0.0,0.0,0.0,531.768184251
t800,0.0,0.0,0.0,0.0,208.89119955478296,0.0,0.0,0.0,0.0,208.89119955478296
t801,0.0,0.0,0.0,0.0,0.0,0.0,0.0,0.0,0.0,0.0
t802,0.0,0.0,0.0,0.0,651.712442332289,0.0,0.0,0.0,0.0,651.712442332289
t803,0.0,0.0,0.0,0.0,88.16529949661889,0.0,0.0,0.0,0.0,88.16529949661889
t804,0.0,0.0,0.0,0.0,0.0,0.0,0.0,0.0,0.0,0.0
t805,0.0,0.0,0.0,0.0,0.0,0.0,0.0,0.0,0.0,0.0
t806,0.0,0.0,0.0,0.0,0.0,0.0,0.0,0.0,0.0,0.0
t807,0.0,0.0,0.0,0.0,0.0,0.0,0.0,0.0,0.0,0.0
t808,0.0,0.0,0.0,0.0,0.0,0.0,0.0,0.0,0.0,0.0
t809,0.0,0.0,0.0,0.0,0.0,0.0,0.0,0.0,0.0,0.0
t810,377.89000024380016,264.702679123632,480.570184251,230.39100000000002,0.0,812.7885310508223,6157.593000000001,0.0,1661.1324262047945,9985.06782087405
t811,377.89000024380016,350.34605113978193,480.570184251,230.39100000000002,947.2192611164999,1364.061,6157.593000000001,0.0,1579.824,11487.894496751083
t812,377.89000024380016,350.34605113978193,480.570184251,230.39100000000002,0.0,1789.7866623475695,6157.593000000001,0.0,1579.824,10966.400897982152
t813,377.89000024380016,350.34605113978193,480.570184251,230.39100000000002,947.2192611164999,1364.061,6157.593000000001,0.0,1579.824,11487.894496751083
t814,377.89000024380016,350.34605113978193,480.570184251,230.39100000000002,0.0,1364.061,6157.593000000001,0.0,1579.824,10540.675235634582
t815,377.89000024380016,350.34605113978193,480.570184251,230.39100000000002,0.0,1364.061,6157.593000000001,0.0,1579.824,10540.675235634582
t816,377.89000024380016,350.34605113978193,480.570184251,230.39100000000002,947.2192611164999,1364.061,6157.593000000001,0.0,1579.824,11487.894496751083
t817,377.89000024380016,350.34605113978193,480.570184251,230.39100000000002,65.91637950113682,1364.061,6157.593000000001,0.0,1579.824,10606.59161513572
t818,377.89000024380016,350.34605113978193,480.570184251,230.39100000000002,947.2192611164999,2909.6892539951764,6157.593000000001,0.0,1579.824,13033.52275074626
t819,377.89000024380016,350.34605113978193,480.570184251,230.39100000000002,218.0102330572019,1364.061,6157.593000000001,0.0,1579.824,10758.685468691785
t820,377.89000024380016,350.34605113978193,480.570184251,230.39100000000002,274.9525200876394,1364.061,6157.593000000001,0.0,1579.824,10815.627755722224
t821,377.89000024380016,350.34605113978193,480.570184251,230.39100000000002,947.2192611164999,1364.061,6157.593000000001,0.0,1579.824,11487.894496751083
t822,377.89000024380016,144.0050922436319,480.570184251,66.38422216517155,675.5029514772799,835.5111673867718,4191.8287789739015,0.0,1579.824,8351.516396741557
t823,0.0,51.19800000000001,480.570184251,0.0,947.2192611164999,0.0,0.0,0.0,0.0,1478.9874453674997
t824,0.0,0.0,0.0,0.0,947.2192611164999,0.0,0.0,0.0,0.0,947.2192611164999
t825,0.0,0.0,0.0,0.0,0.0,0.0,0.0,0.0,0.0,0.0
t826,0.0,0.0,0.0,0.0,0.0,0.0,0.0,0.0,0.0,0.0
t827,0.0,0.0,0.0,0.0,0.0,0.0,0.0,0.0,0.0,0.0
t828,0.0,0.0,0.0,0.0,0.0,0.0,0.0,0.0,0.0,0.0
t829,0.0,0.0,0.0,0.0,720.0892074254323,0.0,0.0,0.0,0.0,720.0892074254323
t830,0.0,0.0,0.0,0.0,724.3260354397195,0.0,0.0,0.0,0.0,724.3260354397195
t831,0.0,0.0,0.0,0.0,0.0,0.0,0.0,0.0,0.0,0.0
t832,0.0,51.19800000000001,480.570184251,0.0,947.2192611164999,0.0,0.0,0.0,0.0,1478.9874453674997
t833,0.0,51.19800000000001,247.8856438939199,0.0,0.0,0.0,903.2790000000001,0.0,477.09180561378673,1679.4544495077066
t834,377.89000024380016,350.34605113978193,480.570184251,230.39100000000002,339.6577773698915,1364.061,6157.593000000001,0.0,1579.824,10880.333013004474
t835,377.89000024380016,350.34605113978193,480.570184251,230.39100000000002,947.2192611164999,1666.8373771262095,6157.593000000001,0.0,1579.824,11790.670873877294
t836,377.89000024380016,350.34605113978193,480.570184251,230.39100000000002,947.2192611164999,2647.508061490539,6157.593000000001,0.0,1579.824,12771.341558241624
t837,377.89000024380016,350.34605113978193,480.570184251,230.39100000000002,947.2192611164999,1364.061,6157.593000000001,0.0,1579.824,11487.894496751083
t838,377.89000024380016,350.34605113978193,480.570184251,230.39100000000002,947.2192611164999,1364.061,6157.593000000001,0.0,1579.824,11487.894496751083
t839,377.89000024380016,350.34605113978193,480.570184251,230.39100000000002,947.2192611164999,1364.061,6157.593000000001,0.0,1579.824,11487.894496751083
t840,377.89000024380016,350.34605113978193,480.570184251,230.39100000000002,388.5785257995549,1364.061,6157.593000000001,0.0,1579.824,10929.253761434138
t841,377.89000024380016,350.34605113978193,480.570184251,0.0,0.0,1364.061,6157.593000000001,0.0,1579.824,10310.284235634583
t842,377.89000024380016,350.34605113978193,480.570184251,0.0,0.0,0.0,5586.691178751247,0.0,1579.824,8375.32141438583
t843,377.89000024380016,350.34605113978193,480.570184251,0.0,0.0,0.0,6157.593000000001,0.0,1579.824,8946.223235634583
t844,377.89000024380016,349.7528342399999,480.570184251,0.0,0.0,0.0,4410.136885474706,0.0,1579.824,7198.173904209507
t845,377.89000024380016,350.34605113978193,480.570184251,0.0,0.0,0.0,3763.0201630551123,0.0,1579.824,6551.650398689695
t846,377.89000024380016,325.932634663632,480.570184251,0.0,0.0,0.0,2275.7670000000003,0.0,1579.824,5039.983819158433
t847,0.0,0.0,0.0,0.0,0.0,0.0,0.0,0.0,0.0,0.0
t848,0.0,0.0,0.0,0.0,0.0,0.0,0.0,0.0,0.0,0.0
t849,0.0,0.0,0.0,0.0,0.0,0.0,0.0,0.0,0.0,0.0
t850,0.0,0.0,0.0,0.0,0.0,0.0,0.0,0.0,0.0,0.0
t851,0.0,0.0,0.0,0.0,0.0,0.0,0.0,0.0,0.0,0.0
t852,0.0,0.0,0.0,0.0,0.0,0.0,0.0,0.0,0.0,0.0
t853,0.0,0.0,0.0,0.0,0.0,0.0,0.0,0.0,0.0,0.0
t854,0.0,0.0,0.0,0.0,0.0,0.0,0.0,0.0,0.0,0.0
t855,0.0,0.0,0.0,0.0,0.0,0.0,0.0,0.0,0.0,0.0
t856,0.0,0.0,0.0,0.0,0.0,0.0,0.0,0.0,0.0,0.0
t857,0.0,0.0,0.0,0.0,0.0,0.0,0.0,0.0,0.0,0.0
t858,377.89000024380016,163.9188182836319,240.29950871067305,0.0,0.0,0.0,1562.1506687616895,0.0,1579.824,3924.082995999795
t859,377.89000024380016,350.34605113978193,480.570184251,0.0,0.0,0.0,5554.636850534272,0.0,1579.824,8343.267086168855
t860,377.89000024380016,350.34605113978193,480.570184251,0.0,0.0,1364.061,6157.593000000001,0.0,1579.824,10310.284235634583
t861,377.89000024380016,350.34605113978193,480.570184251,0.0,0.0,1364.061,6157.593000000001,0.0,1579.824,10310.284235634583
t862,377.89000024380016,350.34605113978193,480.570184251,0.0,0.0,532.1999418916397,6157.593000000001,0.0,1579.824,9478.423177526223
t863,377.89000024380016,350.34605113978193,480.570184251,0.0,0.0,1364.061,6157.593000000001,0.0,1579.824,10310.284235634583
t864,377.89000024380016,350.34605113978193,480.570184251,0.0,0.0,1364.061,6157.593000000001,0.0,1579.824,10310.284235634583
t865,377.89000024380016,350.34605113978193,480.570184251,0.0,0.0,0.0,4790.955137912802,0.0,1579.824,7579.585373547385
t866,377.89000024380016,350.34605113978193,480.570184251,0.0,0.0,0.0,6157.593000000001,0.0,1579.824,8946.223235634583
t867,377.89000024380016,350.34605113978193,480.570184251,0.0,0.0,1364.061,5641.156054106788,0.0,1579.824,9793.84728974137
t868,377.89000024380016,350.34605113978193,480.570184251,0.0,0.0,0.0,5056.739418316639,0.0,1579.824,7845.369653951222
t869,377.89000024380016,350.34605113978193,480.570184251,0.0,0.0,0.0,4688.414317728073,0.0,1579.824,7477.044553362655
t870,377.89000024380016,329.47386040363205,480.570184251,0.0,0.0,0.0,2275.7670000000003,0.0,1579.824,5043.5250448984325
t871,0.0,0.0,0.0,0.0,0.0,0.0,0.0,0.0,0.0,0.0
t872,0.0,0.0,0.0,0.0,0.0,0.0,0.0,0.0,0.0,0.0
t873,0.0,0.0,0.0,0.0,0.0,0.0,0.0,0.0,0.0,0.0
t874,0.0,0.0,0.0,0.0,0.0,0.0,0.0,0.0,0.0,0.0
t875,0.0,0.0,0.0,0.0,0.0,0.0,0.0,0.0,0.0,0.0
t876,0.0,0.0,0.0,0.0,0.0,0.0,0.0,0.0,0.0,0.0
t877,0.0,0.0,0.0,0.0,0.0,0.0,0.0,0.0,0.0,0.0
t878,0.0,0.0,0.0,0.0,0.0,0.0,0.0,0.0,0.0,0.0
t879,0.0,0.0,0.0,0.0,0.0,0.0,0.0,0.0,0.0,0.0
t880,0.0,0.0,0.0,0.0,0.0,0.0,0.0,0.0,0.0,0.0
t881,0.0,0.0,0.0,0.0,0.0,0.0,0.0,0.0,0.0,0.0
t882,377.89000024380016,164.3155996036319,301.00868385936593,0.0,0.0,0.0,2275.7670000000003,0.0,1579.824,4698.805283706799
t883,377.89000024380016,350.34605113978193,480.570184251,0.0,0.0,0.0,6157.593000000001,0.0,1579.824,8946.223235634583
t884,377.89000024380016,350.34605113978193,480.570184251,0.0,0.0,1364.061,6157.593000000001,0.0,1579.824,10310.284235634583
t885,377.89000024380016,350.34605113978193,480.570184251,0.0,0.0,1364.061,6157.593000000001,0.0,1579.824,10310.284235634583
t886,377.89000024380016,350.34605113978193,480.570184251,0.0,0.0,1364.061,4811.335164261863,0.0,1579.824,8964.026399896446
t887,377.89000024380016,350.34605113978193,480.570184251,0.0,0.0,1364.061,6157.593000000001,0.0,1579.824,10310.284235634583
t888,377.89000024380016,350.34605113978193,480.570184251,0.0,0.0,1364.061,3956.017596844078,0.0,1579.824,8108.70883247866
t889,377.89000024380016,350.34605113978193,480.570184251,0.0,0.0,0.0,6157.593000000001,0.0,1579.824,8946.223235634583
t890,377.89000024380016,350.34605113978193,480.570184251,0.0,0.0,1364.061,6157.593000000001,0.0,1579.824,10310.284235634583
t891,377.89000024380016,350.34605113978193,480.570184251,0.0,0.0,0.0,5392.629860078571,0.0,1579.824,8181.260095713154
t892,377.89000024380016,350.34605113978193,480.570184251,0.0,0.0,0.0,5695.598207541215,0.0,1579.824,8484.228443175798
t893,377.89000024380016,350.34605113978193,480.570184251,0.0,0.0,0.0,6157.593000000001,0.0,1579.824,8946.223235634583
t894,377.89000024380016,326.43834688363205,480.570184251,0.0,0.0,0.0,3745.430000283342,0.0,1579.824,6510.1525316617735
t895,0.0,0.0,0.0,0.0,0.0,0.0,0.0,0.0,0.0,0.0
t896,0.0,0.0,0.0,0.0,0.0,0.0,0.0,0.0,0.0,0.0
t897,0.0,0.0,0.0,0.0,0.0,0.0,0.0,0.0,0.0,0.0
t898,0.0,0.0,0.0,0.0,0.0,0.0,0.0,0.0,0.0,0.0
t899,0.0,0.0,0.0,0.0,0.0,0.0,0.0,0.0,0.0,0.0
t900,0.0,0.0,0.0,0.0,0.0,0.0,0.0,0.0,0.0,0.0
t901,0.0,0.0,0.0,0.0,0.0,0.0,0.0,0.0,0.0,0.0
t902,0.0,0.0,0.0,0.0,0.0,0.0,0.0,0.0,0.0,0.0
t903,0.0,0.0,0.0,0.0,0.0,0.0,0.0,0.0,0.0,0.0
t904,0.0,0.0,0.0,0.0,0.0,0.0,0.0,0.0,0.0,0.0
t905,0.0,0.0,0.0,0.0,0.0,0.0,0.0,0.0,0.0,0.0
t906,377.89000024380016,188.30040616363186,346.13552408616596,0.0,0.0,0.0,903.2790000000001,0.0,1579.824,3395.4289304935983
t907,377.89000024380016,350.34605113978193,480.570184251,0.0,0.0,0.0,4658.466940351521,0.0,1579.824,7447.097175986104
t908,377.89000024380016,350.34605113978193,480.570184251,0.0,0.0,1364.061,6157.593000000001,0.0,1579.824,10310.284235634583
t909,377.89000024380016,350.34605113978193,480.570184251,0.0,0.0,1364.061,6157.593000000001,0.0,1579.824,10310.284235634583
t910,377.89000024380016,350.34605113978193,480.570184251,0.0,0.0,442.67690411120435,4391.309611696807,0.0,1579.824,7622.616751442594
t911,377.89000024380016,350.34605113978193,480.570184251,0.0,0.0,1364.061,6157.593000000001,0.0,1579.824,10310.284235634583
t912,377.89000024380016,350.34605113978193,480.570184251,0.0,0.0,1364.061,6157.593000000001,0.0,1579.824,10310.284235634583
t913,377.89000024380016,350.34605113978193,480.570184251,0.0,0.0,1364.061,6157.593000000001,0.0,1579.824,10310.284235634583
t914,377.89000024380016,350.34605113978193,480.570184251,0.0,0.0,0.0,4231.005218503764,0.0,1579.824,7019.635454138346
t915,377.89000024380016,350.34605113978193,480.570184251,0.0,0.0,0.0,6109.875754295251,0.0,1579.824,8898.505989929834
t916,377.89000024380016,350.34605113978193,480.570184251,0.0,0.0,0.0,5489.502176731199,0.0,1579.824,8278.132412365781
t917,377.89000024380016,350.34605113978193,480.570184251,0.0,0.0,0.0,5604.265631378622,0.0,1579.824,8392.895867013205
t918,377.89000024380016,329.36728588363206,480.570184251,0.0,0.0,0.0,2275.7670000000003,0.0,1579.824,5043.418470378432
t919,0.0,0.0,0.0,0.0,0.0,0.0,0.0,0.0,0.0,0.0
t920,0.0,0.0,0.0,0.0,0.0,0.0,0.0,0.0,0.0,0.0
t921,0.0,0.0,0.0,0.0,0.0,0.0,0.0,0.0,0.0,0.0
t922,0.0,0.0,0.0,0.0,0.0,0.0,0.0,0.0,0.0,0.0
t923,0.0,0.0,0.0,0.0,0.0,0.0,0.0,0.0,0.0,0.0
t924,0.0,0.0,0.0,0.0,0.0,0.0,0.0,0.0,0.0,0.0
t925,0.0,0.0,0.0,0.0,0.0,0.0,0.0,0.0,0.0,0.0
t926,0.0,0.0,0.0,0.0,0.0,0.0,0.0,0.0,0.0,0.0
t927,0.0,0.0,0.0,0.0,0.0,0.0,0.0,0.0,0.0,0.0
t928,0.0,0.0,0.0,0.0,0.0,0.0,0.0,0.0,0.0,0.0
t929,0.0,0.0,0.0,0.0,0.0,0.0,0.0,0.0,0.0,0.0
t930,377.89000024380016,207.60970006363198,480.570184251,0.0,721.1894622570615,0.0,2275.7670000000003,0.0,1579.824,5642.850346815494
t931,377.89000024380016,350.34605113978193,480.570184251,0.0,947.2192611164999,0.0,6157.593000000001,0.0,1579.824,9893.442496751082
t932,377.89000024380016,350.34605113978193,480.570184251,0.0,947.2192611164999,1364.061,6157.593000000001,0.0,1579.824,11257.503496751084
t933,377.89000024380016,350.34605113978193,480.570184251,0.0,947.2192611164999,1364.061,6157.593000000001,0.0,1579.824,11257.503496751084
t934,377.89000024380016,350.34605113978193,480.570184251,0.0,328.0921711577483,343.11491847719844,4852.428719846725,0.0,1579.824,8312.266045116254
t935,377.89000024380016,350.34605113978193,480.570184251,0.0,0.0,1364.061,6157.593000000001,0.0,1579.824,10310.284235634583
t936,377.89000024380016,350.34605113978193,480.570184251,0.0,0.0,1364.061,6157.593000000001,0.0,1579.824,10310.284235634583
t937,377.89000024380016,350.34605113978193,480.570184251,0.0,0.0,495.1873937181505,5121.671050779873,0.0,1579.824,8405.488680132607
t938,377.89000024380016,350.34605113978193,480.570184251,0.0,0.0,562.3074378785328,6157.593000000001,0.0,1579.824,9508.530673513116
t939,377.89000024380016,350.34605113978193,480.570184251,0.0,0.0,1364.061,6157.593000000001,0.0,1579.824,10310.284235634583
t940,377.89000024380016,350.34605113978193,480.570184251,0.0,0.0,0.0,4881.047878071231,0.0,1579.824,7669.678113705813
t941,377.89000024380016,350.34605113978193,480.570184251,0.0,0.0,0.0,4991.789953517125,0.0,1579.824,7780.420189151708
t942,377.89000024380016,326.413584223632,480.570184251,0.0,0.0,0.0,4786.130636441462,0.0,1579.824,7550.828405159895
t943,0.0,0.0,0.0,0.0,0.0,0.0,0.0,0.0,0.0,0.0
t944,0.0,0.0,0.0,0.0,0.0,0.0,0.0,0.0,0.0,0.0
t945,0.0,0.0,0.0,0.0,0.0,0.0,0.0,0.0,0.0,0.0
t946,0.0,0.0,0.0,0.0,0.0,0.0,0.0,0.0,0.0,0.0
t947,0.0,0.0,0.0,0.0,0.0,0.0,0.0,0.0,0.0,0.0
t948,0.0,0.0,0.0,0.0,0.0,0.0,0.0,0.0,0.0,0.0
t949,0.0,0.0,0.0,0.0,0.0,0.0,0.0,0.0,0.0,0.0
t950,0.0,0.0,0.0,0.0,0.0,0.0,0.0,0.0,0.0,0.0
t951,0.0,0.0,0.0,0.0,0.0,0.0,0.0,0.0,0.0,0.0
t952,0.0,0.0,0.0,0.0,0.0,0.0,0.0,0.0,0.0,0.0
t953,0.0,0.0,0.0,0.0,0.0,0.0,0.0,0.0,0.0,0.0
t954,377.89000024380016,216.860930623632,480.570184251,0.0,833.8998885318122,0.0,2275.7670000000003,0.0,1579.824,5764.812003650244
t955,377.89000024380016,350.34605113978193,480.570184251,0.0,947.2192611164999,0.0,6157.593000000001,0.0,1579.824,9893.442496751082
t956,377.89000024380016,350.34605113978193,480.570184251,0.0,712.0238150217617,1364.061,6157.593000000001,0.0,1579.824,11022.308050656346
t957,377.89000024380016,350.34605113978193,480.570184251,0.0,573.4762163842976,1364.061,2752.3231768652495,0.0,1579.824,7478.4906288841285
t958,377.89000024380016,350.34605113978193,480.570184251,0.0,120.42524347639826,0.0,5579.634906993432,0.0,1579.824,8488.690386104412
t959,377.89000024380016,350.34605113978193,480.570184251,0.0,0.0,539.3381512777265,6157.593000000001,0.0,1579.824,9485.56138691231
t960,377.89000024380016,350.34605113978193,480.570184251,0.0,0.0,1124.6284362619638,6157.593000000001,0.0,1579.824,10070.851671896547
t961,377.89000024380016,350.34605113978193,480.570184251,0.0,0.0,0.0,6157.593000000001,0.0,1579.824,8946.223235634583
t962,377.89000024380016,350.34605113978193,480.570184251,0.0,0.0,1364.061,6157.593000000001,0.0,1579.824,10310.284235634583
t963,377.89000024380016,350.34605113978193,480.570184251,0.0,0.0,0.0,6157.593000000001,0.0,1579.824,8946.223235634583
t964,377.89000024380016,350.34605113978193,480.570184251,0.0,0.0,0.0,4530.614644283157,0.0,1579.824,7319.24487991774
t965,377.89000024380016,350.34605113978193,480.570184251,0.0,0.0,0.0,6157.593000000001,0.0,1579.824,8946.223235634583
t966,377.89000024380016,320.16438178363194,480.570184251,0.0,0.0,614.2868849070794,3256.042592355539,0.0,1579.824,6628.778043541051
t967,0.0,0.0,0.0,0.0,0.0,0.0,0.0,0.0,0.0,0.0
t968,0.0,0.0,0.0,0.0,0.0,0.0,0.0,0.0,0.0,0.0
t969,0.0,0.0,0.0,0.0,0.0,0.0,0.0,0.0,0.0,0.0
t970,0.0,0.0,0.0,0.0,0.0,0.0,0.0,0.0,0.0,0.0
t971,0.0,0.0,0.0,0.0,0.0,0.0,0.0,0.0,0.0,0.0
t972,0.0,0.0,0.0,0.0,0.0,0.0,0.0,0.0,0.0,0.0
t973,0.0,0.0,0.0,0.0,0.0,0.0,0.0,0.0,0.0,0.0
t974,0.0,0.0,0.0,0.0,0.0,0.0,0.0,0.0,0.0,0.0
t975,0.0,0.0,0.0,0.0,0.0,0.0,0.0,0.0,0.0,0.0
t976,0.0,0.0,0.0,0.0,0.0,0.0,0.0,0.0,0.0,0.0
t977,0.0,0.0,0.0,0.0,0.0,0.0,0.0,0.0,0.0,0.0
t978,377.89000024380016,170.08579546363202,317.44490148641984,0.0,0.0,0.0,903.2790000000001,0.0,1579.824,3348.523697193852
t979,377.89000024380016,350.34605113978193,480.570184251,0.0,0.0,0.0,4890.158697240416,0.0,1579.824,7678.788932874999
t980,377.89000024380016,350.34605113978193,480.570184251,0.0,0.0,0.0,6157.593000000001,0.0,1579.824,8946.223235634583
t981,377.89000024380016,350.34605113978193,480.570184251,0.0,0.0,766.4316480000514,6157.593000000001,0.0,1579.824,9712.654883634634
t982,377.89000024380016,350.34605113978193,480.570184251,0.0,0.0,291.7164224007823,6157.593000000001,0.0,1579.824,9237.939658035366
t983,377.89000024380016,350.34605113978193,480.570184251,0.0,0.0,0.0,6157.593000000001,0.0,1579.824,8946.223235634583
t984,377.89000024380016,350.34605113978193,480.570184251,0.0,0.0,0.0,4504.787182302324,0.0,1579.824,7293.417417936907
t985,377.89000024380016,350.34605113978193,480.570184251,0.0,0.0,0.0,6157.593000000001,0.0,1579.824,8946.223235634583
t986,377.89000024380016,350.34605113978193,480.570184251,0.0,0.0,0.0,6157.593000000001,0.0,1579.824,8946.223235634583
t987,377.89000024380016,350.34605113978193,480.570184251,0.0,0.0,1364.061,5502.471702260882,0.0,1579.824,9655.162937895464
t988,377.89000024380016,350.34605113978193,480.570184251,0.0,0.0,0.0,5752.9409139295885,0.0,1579.824,8541.571149564172
t989,377.89000024380016,350.34605113978193,480.570184251,0.0,0.0,0.0,5049.3949501858215,0.0,1579.824,7838.025185820405
t990,377.89000024380016,309.14710642363195,480.570184251,0.0,0.0,0.0,2275.7670000000003,0.0,1579.824,5023.198290918433
t991,0.0,0.0,0.0,0.0,0.0,0.0,0.0,0.0,0.0,0.0
t992,0.0,0.0,0.0,0.0,0.0,0.0,0.0,0.0,0.0,0.0
t993,0.0,0.0,0.0,0.0,0.0,0.0,0.0,0.0,0.0,0.0
t994,0.0,0.0,0.0,0.0,0.0,0.0,0.0,0.0,0.0,0.0
t995,0.0,0.0,0.0,0.0,0.0,0.0,0.0,0.0,0.0,0.0
t996,0.0,0.0,0.0,0.0,0.0,0.0,0.0,0.0,0.0,0.0
t997,0.0,0.0,0.0,0.0,0.0,0.0,0.0,0.0,0.0,0.0
t998,0.0,0.0,0.0,0.0,0.0,0.0,0.0,0.0,0.0,0.0
t999,0.0,0.0,0.0,0.0,0.0,0.0,0.0,0.0,0.0,0.0
t1000,0.0,0.0,0.0,0.0,0.0,0.0,0.0,0.0,0.0,0.0
t1001,0.0,0.0,0.0,0.0,0.0,0.0,0.0,0.0,0.0,0.0
t1002,377.89000024380016,172.43936434363187,196.73042863263288,0.0,0.0,0.0,1514.706525808857,0.0,1579.824,3841.590319028922
t1003,377.89000024380016,350.34605113978193,480.570184251,0.0,0.0,0.0,4498.14311738049,0.0,1579.824,7286.773353015073
t1004,377.89000024380016,350.34605113978193,480.570184251,0.0,0.0,350.2712788241552,6157.593000000001,0.0,1579.824,9296.494514458738
t1005,377.89000024380016,350.34605113978193,480.570184251,0.0,0.0,0.0,3571.6717019838125,0.0,1579.824,6360.301937618395
t1006,377.89000024380016,350.34605113978193,480.570184251,0.0,0.0,0.0,6157.593000000001,0.0,1579.824,8946.223235634583
t1007,377.89000024380016,350.34605113978193,480.570184251,0.0,0.0,729.5592439594564,6157.593000000001,0.0,1579.824,9675.78247959404
t1008,377.89000024380016,350.34605113978193,480.570184251,0.0,0.0,0.0,6157.593000000001,0.0,1579.824,8946.223235634583
t1009,964.5406222662001,350.34605113978193,1508.6199370968006,58.34618397814129,2257.6972611164997,1364.061,6157.593000000001,0.0,3398.784,16059.988055597423
t1010,964.5406222662001,350.34605113978193,1508.6199370968006,0.0,947.2192611164999,1364.061,6157.593000000001,0.0,3398.784,14691.163871619283
t1011,964.5406222662001,350.34605113978193,1508.6199370968006,0.0,947.2192611164999,1364.061,6157.593000000001,0.0,3398.784,14691.163871619283
t1012,964.5406222662001,350.34605113978193,1508.6199370968006,0.0,2257.6972611164997,1364.061,6157.593000000001,0.0,3398.784,16001.641871619282
t1013,964.5406222662001,350.34605113978193,1508.6199370968006,0.0,947.2192611164999,1364.061,6157.593000000001,0.0,3398.784,14691.163871619283
t1014,964.5406222662001,350.34605113978193,1508.6199370968006,0.0,947.2192611164999,1299.7590333455794,6157.593000000001,0.0,2773.311741511833,14001.389646476695
t1015,377.89000024380016,51.19800000000001,480.570184251,0.0,947.2192611164999,0.0,903.2790000000001,0.0,1579.824,4339.9804456113
t1016,377.89000024380016,51.19800000000001,480.570184251,0.0,1168.2243871945093,0.0,903.2790000000001,0.0,1579.824,4560.985571689309
t1017,0.0,51.19800000000001,0.0,0.0,947.2192611164999,0.0,903.2790000000001,0.0,1106.1684337668942,3007.864694883394
t1018,0.0,51.19800000000001,0.0,0.0,947.2192611164999,0.0,903.2790000000001,0.0,412.6532162349159,2314.3494773514158
t1019,0.0,51.19800000000001,0.0,0.0,947.2192611164999,0.0,903.2790000000001,0.0,898.1338939697189,2799.830155086219
t1020,0.0,51.19800000000001,0.0,0.0,947.2192611164999,0.0,903.2790000000001,0.0,791.2336652350238,2692.9299263515236
t1021,0.0,51.19800000000001,0.0,0.0,947.2192611164999,0.0,903.2790000000001,0.0,854.6330199800352,2756.329281096535
t1022,0.0,51.19800000000001,0.0,0.0,947.2192611164999,0.0,903.2790000000001,0.0,846.2442850909143,2747.940546207414
t1023,0.0,51.19800000000001,0.0,0.0,947.2192611164999,0.0,903.2790000000001,0.0,1407.0525291862016,3308.7487903027013
t1024,0.0,51.19800000000001,23.88415673647109,0.0,947.2192611164999,0.0,903.2790000000001,0.0,1579.824,3505.404417852971
t1025,377.89000024380016,248.92888703136595,480.570184251,0.0,947.2192611164999,0.0,1270.8090166077793,0.0,1579.824,4905.241349250446
t1026,964.5406222662001,350.34605113978193,1209.692544313031,166.24916469101885,947.2192611164999,146.9300865903722,6157.593000000001,0.0,3398.784,13341.354730116906
t1027,964.5406222662001,350.34605113978193,1508.6199370968006,556.9770000000001,947.2192611164999,1364.061,6157.593000000001,0.0,3398.784,15248.140871619282
t1028,964.5406222662001,350.34605113978193,1508.6199370968006,556.9770000000001,947.2192611164999,3311.175,6157.593000000001,0.0,3398.784,17195.254871619283
t1029,964.5406222662001,350.34605113978193,1508.6199370968006,420.1808730000002,947.2192611164999,2302.8085146496196,6157.593000000001,0.0,3398.784,16050.092259268902
t1030,964.5406222662001,350.34605113978193,1508.6199370968006,230.39100000000002,947.2192611164999,3311.175,6157.593000000001,0.0,3398.784,16868.668871619284
t1031,964.5406222662001,350.34605113978193,1508.6199370968006,230.39100000000002,2257.6972611164997,1728.2483968231022,6157.593000000001,0.0,3398.784,16596.220268442386
t1032,964.5406222662001,350.34605113978193,1508.6199370968006,230.39100000000002,2257.6972611164997,1788.9692344168143,6157.593000000001,0.0,3398.784,16656.941106036098
t1033,964.5406222662001,350.34605113978193,1508.6199370968006,230.39100000000002,947.2192611164999,1526.5605725509158,6157.593000000001,0.0,3398.784,15084.054444170199
t1034,964.5406222662001,350.34605113978193,1508.6199370968006,0.0,947.2192611164999,1364.061,6157.593000000001,0.0,3398.784,14691.163871619283
t1035,964.5406222662001,350.34605113978193,1508.6199370968006,0.0,947.2192611164999,1364.061,6157.593000000001,0.0,3398.784,14691.163871619283
t1036,964.5406222662001,350.34605113978193,1508.6199370968006,0.0,947.2192611164999,1364.061,6157.593000000001,0.0,3398.784,14691.163871619283
t1037,964.5406222662001,350.34605113978193,1508.6199370968006,0.0,947.2192611164999,0.0,6157.593000000001,0.0,3398.784,13327.102871619283
t1038,964.5406222662001,350.34605113978193,1508.6199370968006,0.0,2257.6972611164997,1268.7893334443202,6157.593000000001,0.0,3085.0819025508285,15592.66810761443
t1039,377.89000024380016,51.19800000000001,998.2932857338087,0.0,947.2192611164999,963.0034843422285,1316.5967771525188,0.0,1579.824,6234.024808588856
t1040,122.44533976738647,51.19800000000001,0.0,0.0,2257.6972611164997,0.0,903.2790000000001,0.0,216.5367613462567,3551.156362230143
t1041,0.0,51.19800000000001,0.0,0.0,947.2192611164999,0.0,903.2790000000001,0.0,1184.9025468004027,3086.598807916903
t1042,0.0,51.19800000000001,0.0,0.0,947.2192611164999,0.0,903.2790000000001,0.0,1276.1565053349284,3177.8527664514286
t1043,0.0,51.19800000000001,0.0,0.0,947.2192611164999,0.0,903.2790000000001,0.0,649.2084825315408,2550.9047436480405
t1044,0.0,51.19800000000001,0.0,0.0,947.2192611164999,0.0,903.2790000000001,0.0,0.0,1901.6962611165
t1045,0.0,51.19800000000001,0.0,0.0,947.2192611164999,0.0,903.2790000000001,0.0,235.31588469071056,2137.0121458072103
t1046,0.0,51.19800000000001,0.0,0.0,947.2192611164999,0.0,903.2790000000001,0.0,0.0,1901.6962611165
t1047,0.0,51.19800000000001,0.0,0.0,1250.4459737059924,0.0,903.2790000000001,0.0,1579.824,3784.746973705993
t1048,0.0,51.19800000000001,0.0,0.0,947.2192611164999,0.0,903.2790000000001,0.0,1579.824,3481.5202611165
t1049,377.89000024380016,350.34605113978193,480.570184251,0.0,947.2192611164999,0.0,2118.3801074740995,0.0,1579.824,5854.229604225182
t1050,964.5406222662001,350.34605113978193,1508.6199370968006,174.68227931426426,947.2192611164999,938.7665262693828,6157.593000000001,0.0,3398.784,14440.55167720293
t1051,964.5406222662001,350.34605113978193,1508.6199370968006,556.9770000000001,1391.4337616448888,1364.061,6157.593000000001,0.0,3398.784,15692.355372147671
t1052,964.5406222662001,350.34605113978193,1508.6199370968006,556.9770000000001,2229.077399101385,2283.2104584570884,6157.593000000001,0.0,3398.784,17449.148468061256
t1053,964.5406222662001,350.34605113978193,1508.6199370968006,391.5963299999999,2003.5788638975166,2393.529792728531,6157.593000000001,0.0,3398.784,17168.58859712883
t1054,964.5406222662001,350.34605113978193,1508.6199370968006,230.39100000000002,2257.6972611164997,3311.175,6157.593000000001,0.0,3398.784,18179.146871619283
t1055,964.5406222662001,350.34605113978193,1508.6199370968006,230.39100000000002,947.2192611164999,2733.4088970774133,6157.593000000001,0.0,3398.784,16290.902768696697
t1056,964.5406222662001,350.34605113978193,1508.6199370968006,230.39100000000002,2257.6972611164997,1364.061,6157.593000000001,0.0,3398.784,16232.032871619282
t1057,964.5406222662001,350.34605113978193,1508.6199370968006,230.39100000000002,947.2192611164999,1424.8251920003886,6157.593000000001,0.0,3398.784,14982.31906361967
t1058,964.5406222662001,350.34605113978193,1508.6199370968006,0.0,947.2192611164999,1364.061,6157.593000000001,0.0,3398.784,14691.163871619283
t1059,964.5406222662001,350.34605113978193,1508.6199370968006,0.0,947.2192611164999,1364.061,6157.593000000001,0.0,3398.784,14691.163871619283
t1060,964.5406222662001,350.34605113978193,1508.6199370968006,0.0,947.2192611164999,1364.061,6157.593000000001,0.0,3398.784,14691.163871619283
t1061,964.5406222662001,350.34605113978193,1508.6199370968006,0.0,947.2192611164999,1364.061,6157.593000000001,0.0,3398.784,14691.163871619283
t1062,964.5406222662001,350.34605113978193,1508.6199370968006,0.0,947.2192611164999,1364.061,6157.593000000001,0.0,3110.349053680186,14402.728925299469
t1063,377.89000024380016,51.19800000000001,936.0071724012482,0.0,947.2192611164999,683.383553864173,2068.9166421731584,0.0,1579.824,6644.43862979888
t1064,377.89000024380016,51.19800000000001,480.570184251,0.0,2257.6972611164997,0.0,903.2790000000001,0.0,1579.824,5650.4584456113
t1065,377.89000024380016,51.19800000000001,480.570184251,0.0,2257.6972611164997,0.0,903.2790000000001,0.0,1579.824,5650.4584456113
t1066,377.89000024380016,51.19800000000001,480.570184251,0.0,947.2192611164999,0.0,903.2790000000001,0.0,1579.824,4339.9804456113
t1067,377.89000024380016,51.19800000000001,480.570184251,0.0,947.2192611164999,0.0,903.2790000000001,0.0,1579.824,4339.9804456113
t1068,377.89000024380016,51.19800000000001,480.570184251,0.0,947.2192611164999,0.0,903.2790000000001,0.0,1579.824,4339.9804456113
t1069,377.89000024380016,51.19800000000001,480.570184251,0.0,947.2192611164999,0.0,903.2790000000001,0.0,1579.824,4339.9804456113
t1070,377.89000024380016,51.19800000000001,480.570184251,0.0,947.2192611164999,0.0,903.2790000000001,0.0,1579.824,4339.9804456113
t1071,377.89000024380016,51.19800000000001,480.570184251,0.0,947.2192611164999,0.0,903.2790000000001,0.0,1579.824,4339.9804456113
t1072,377.89000024380016,51.19800000000001,480.570184251,0.0,947.2192611164999,0.0,903.2790000000001,0.0,1579.824,4339.9804456113
t1073,377.89000024380016,350.34605113978193,480.570184251,0.0,947.2192611164999,0.0,2603.870789930901,0.0,1579.824,6339.7202866819825
t1074,964.5406222662001,350.34605113978193,1508.6199370968006,0.0,947.2192611164999,1364.061,6157.593000000001,0.0,3398.784,14691.163871619283
t1075,964.5406222662001,350.34605113978193,1508.6199370968006,261.6193123954822,947.2192611164999,1364.061,6157.593000000001,0.0,3398.784,14952.783184014765
t1076,964.5406222662001,350.34605113978193,1508.6199370968006,261.32271786480453,1772.3014742385121,2299.300032417331,6157.593000000001,0.0,3398.784,16712.807835023432
t1077,964.5406222662001,350.34605113978193,1508.6199370968006,230.39100000000002,1761.4375699626587,1626.9988211352131,6157.593000000001,0.0,3398.784,15998.711001600655
t1078,964.5406222662001,350.34605113978193,1508.6199370968006,230.39100000000002,2257.6972611164997,1364.061,6157.593000000001,0.0,3398.784,16232.032871619282
t1079,964.5406222662001,350.34605113978193,1508.6199370968006,230.39100000000002,947.2192611164999,1364.061,6157.593000000001,0.0,3398.784,14921.554871619282
t1080,964.5406222662001,350.34605113978193,1508.6199370968006,230.39100000000002,947.2192611164999,1364.061,6157.593000000001,0.0,3398.784,14921.554871619282
t1081,964.5406222662001,350.34605113978193,1508.6199370968006,0.0,947.2192611164999,1364.061,6157.593000000001,0.0,3398.784,14691.163871619283
t1082,964.5406222662001,350.34605113978193,1508.6199370968006,0.0,947.2192611164999,1064.7634998415022,6157.593000000001,0.0,3398.784,14391.866371460786
t1083,964.5406222662001,350.34605113978193,1508.6199370968006,0.0,947.2192611164999,1364.061,6157.593000000001,0.0,3398.784,14691.163871619283
t1084,964.5406222662001,350.34605113978193,1508.6199370968006,0.0,2257.6972611164997,1364.061,6157.593000000001,0.0,3398.784,16001.641871619282
t1085,964.5406222662001,350.34605113978193,1508.6199370968006,0.0,947.2192611164999,1364.061,6157.593000000001,0.0,3398.784,14691.163871619283
t1086,964.5406222662001,350.34605113978193,1508.6199370968006,0.0,947.2192611164999,126.11136513522395,6157.593000000001,0.0,3388.923790080866,13443.354026835374
t1087,377.89000024380016,51.19800000000001,996.3046590235558,0.0,947.2192611164999,399.7485261258319,1578.728018078228,0.0,1579.824,5930.9124645879165
t1088,0.0,51.19800000000001,480.570184251,0.0,2257.6972611164997,0.0,903.2790000000001,0.0,1579.824,5272.5684453675
t1089,0.0,51.19800000000001,480.570184251,0.0,947.2192611164999,0.0,903.2790000000001,0.0,1579.824,3962.0904453675
t1090,0.0,51.19800000000001,480.570184251,0.0,947.2192611164999,0.0,903.2790000000001,0.0,1371.750868343514,3754.0173137110137
t1091,0.0,51.19800000000001,480.570184251,0.0,947.2192611164999,0.0,903.2790000000001,0.0,1579.824,3962.0904453675
t1092,0.0,51.19800000000001,0.0,0.0,947.2192611164999,0.0,903.2790000000001,0.0,1579.824,3481.5202611165
t1093,0.0,51.19800000000001,445.69362131413305,0.0,1250.4459737059924,0.0,903.2790000000001,0.0,1579.824,4230.440595020125
t1094,0.0,51.19800000000001,0.0,0.0,947.2192611164999,0.0,903.2790000000001,0.0,1579.824,3481.5202611165
t1095,0.0,51.19800000000001,0.0,0.0,947.2192611164999,0.0,903.2790000000001,0.0,1579.824,3481.5202611165
t1096,0.0,51.19800000000001,480.570184251,0.0,1250.4459737059924,0.0,903.2790000000001,0.0,1579.824,4265.317157956993
t1097,377.89000024380016,350.34605113978193,480.570184251,0.0,947.2192611164999,0.0,1199.3786016653883,0.0,1579.824,4935.22809841647
t1098,964.5406222662001,350.34605113978193,1508.6199370968006,0.0,947.2192611164999,1364.061,6157.593000000001,0.0,3398.784,14691.163871619283
t1099,964.5406222662001,350.34605113978193,1508.6199370968006,230.39100000000002,947.2192611164999,1364.061,6157.593000000001,0.0,3398.784,14921.554871619282
t1100,964.5406222662001,350.34605113978193,1508.6199370968006,230.39100000000002,947.2192611164999,1645.2467939276382,6157.593000000001,0.0,3398.784,15202.74066554692
t1101,964.5406222662001,350.34605113978193,1508.6199370968006,230.39100000000002,947.2192611164999,1539.301881274408,6157.593000000001,0.0,3398.784,15096.795752893691
t1102,964.5406222662001,350.34605113978193,1508.6199370968006,230.39100000000002,2257.6972611164997,1602.823474084897,6157.593000000001,0.0,3398.784,16470.79534570418
t1103,964.5406222662001,350.34605113978193,1508.6199370968006,230.39100000000002,947.2192611164999,2581.3564551655645,6157.593000000001,0.0,3398.784,16138.850326784846
t1104,964.5406222662001,350.34605113978193,1508.6199370968006,230.39100000000002,947.2192611164999,1364.061,6157.593000000001,0.0,3398.784,14921.554871619282
t1105,964.5406222662001,350.34605113978193,1508.6199370968006,102.69457600027837,947.2192611164999,1364.061,6157.593000000001,0.0,3398.784,14793.858447619561
t1106,964.5406222662001,350.34605113978193,1508.6199370968006,0.0,947.2192611164999,518.47422315634,6157.593000000001,0.0,3398.784,13845.577094775623
t1107,964.5406222662001,350.34605113978193,1508.6199370968006,0.0,947.2192611164999,1364.061,6157.593000000001,0.0,3398.784,14691.163871619283
t1108,964.5406222662001,350.34605113978193,1508.6199370968006,0.0,947.2192611164999,1364.061,6157.593000000001,0.0,3398.784,14691.163871619283
t1109,964.5406222662001,350.34605113978193,1508.6199370968006,0.0,947.2192611164999,1364.061,6157.593000000001,0.0,3398.784,14691.163871619283
t1110,964.5406222662001,350.34605113978193,1508.6199370968006,0.0,947.2192611164999,1002.3644558969534,6157.593000000001,0.0,3310.0542365192973,14240.737564035535
t1111,377.89000024380016,51.19800000000001,899.0315434909505,0.0,1551.6795139446974,29.562224278978903,1311.159464845729,0.0,1579.824,5800.344746804156
t1112,0.0,51.19800000000001,0.0,0.0,2257.6972611164997,0.0,903.2790000000001,0.0,0.0,3212.1742611164996
t1113,0.0,51.19800000000001,0.0,0.0,947.2192611164999,0.0,903.2790000000001,0.0,0.0,1901.6962611165
t1114,0.0,51.19800000000001,0.0,0.0,947.2192611164999,0.0,903.2790000000001,0.0,0.0,1901.6962611165
t1115,0.0,51.19800000000001,0.0,0.0,947.2192611164999,0.0,903.2790000000001,0.0,0.0,1901.6962611165
t1116,0.0,51.19800000000001,0.0,0.0,947.2192611164999,0.0,861.330261153967,0.0,0.0,1859.7475222704668
t1117,0.0,51.19800000000001,0.0,0.0,947.2192611164999,0.0,903.2790000000001,0.0,0.0,1901.6962611165
t1118,0.0,51.19800000000001,0.0,0.0,947.2192611164999,0.0,903.2790000000001,0.0,0.0,1901.6962611165
t1119,0.0,51.19800000000001,0.0,0.0,2257.6972611164997,0.0,903.2790000000001,0.0,0.0,3212.1742611164996
t1120,0.0,51.19800000000001,0.0,0.0,2257.6972611164997,0.0,903.2790000000001,0.0,0.0,3212.1742611164996
t1121,0.0,51.19800000000001,16.46471546938954,0.0,947.2192611164999,0.0,903.2790000000001,0.0,1579.824,3497.98497658589
t1122,583.0863750125528,350.34605113978193,1508.6199370968006,0.0,947.2192611164999,1364.061,6157.593000000001,0.0,3398.784,14309.709624365634
t1123,964.5406222662001,350.34605113978193,1508.6199370968006,263.2188677636769,947.2192611164999,1364.061,6157.593000000001,0.0,3398.784,14954.38273938296
t1124,964.5406222662001,350.34605113978193,1508.6199370968006,230.39100000000002,947.2192611164999,2124.824847439359,6157.593000000001,0.0,3398.784,15682.318719058641
t1125,964.5406222662001,350.34605113978193,1508.6199370968006,230.39100000000002,947.2192611164999,1855.2529635722676,6157.593000000001,0.0,3398.784,15412.74683519155
t1126,964.5406222662001,350.34605113978193,1508.6199370968006,230.39100000000002,947.2192611164999,3105.766637708091,6157.593000000001,0.0,3398.784,16663.260509327374
t1127,964.5406222662001,350.34605113978193,1508.6199370968006,230.39100000000002,2257.6972611164997,1364.061,6157.593000000001,0.0,3398.784,16232.032871619282
t1128,964.5406222662001,350.34605113978193,1508.6199370968006,230.39100000000002,2257.6972611164997,2195.9411406405698,6157.593000000001,0.0,3398.784,17063.913012259854
t1129,964.5406222662001,350.34605113978193,1508.6199370968006,227.890397925219,947.2192611164999,1364.061,6157.593000000001,0.0,3398.784,14919.054269544502
t1130,964.5406222662001,350.34605113978193,1508.6199370968006,0.0,947.2192611164999,704.8847731260502,6157.593000000001,0.0,3398.784,14031.987644745333
t1131,964.5406222662001,350.34605113978193,1508.6199370968006,0.0,947.2192611164999,1364.061,6157.593000000001,0.0,3398.784,14691.163871619283
t1132,964.5406222662001,350.34605113978193,1508.6199370968006,0.0,947.2192611164999,1364.061,6157.593000000001,0.0,3398.784,14691.163871619283
t1133,964.5406222662001,350.34605113978193,1508.6199370968006,0.0,947.2192611164999,1364.061,6157.593000000001,0.0,3398.784,14691.163871619283
t1134,377.89000024380016,348.074876083632,1508.6199370968006,0.0,2257.6972611164997,0.0,6157.593000000001,0.0,2079.3325147539044,12729.207589294638
t1135,0.0,51.19800000000001,480.570184251,0.0,947.2192611164999,0.0,276.37458523504034,0.0,0.0,1755.36203060254
t1136,0.0,0.0,0.0,0.0,1250.4459737059924,0.0,0.0,0.0,0.0,1250.4459737059924
t1137,0.0,0.0,0.0,0.0,2257.6972611164997,0.0,0.0,0.0,0.0,2257.6972611164997
t1138,0.0,0.0,0.0,0.0,947.2192611164999,0.0,0.0,0.0,0.0,947.2192611164999
t1139,0.0,0.0,0.0,0.0,2257.6972611164997,0.0,0.0,0.0,0.0,2257.6972611164997
t1140,0.0,0.0,0.0,0.0,947.2192611164999,0.0,0.0,0.0,0.0,947.2192611164999
t1141,0.0,0.0,0.0,0.0,947.2192611164999,0.0,0.0,0.0,0.0,947.2192611164999
t1142,0.0,0.0,0.0,0.0,947.2192611164999,0.0,0.0,0.0,0.0,947.2192611164999
t1143,0.0,0.0,0.0,0.0,947.2192611164999,0.0,0.0,0.0,0.0,947.2192611164999
t1144,0.0,0.0,0.0,0.0,947.2192611164999,0.0,0.0,0.0,0.0,947.2192611164999
t1145,0.0,51.19800000000001,311.57455946188685,0.0,947.2192611164999,0.0,903.2790000000001,0.0,1579.824,3793.094820578387
t1146,447.2460729058636,350.34605113978193,1508.6199370968006,0.0,947.2192611164999,1364.061,6157.593000000001,0.0,3398.784,14173.869322258946
t1147,964.5406222662001,350.34605113978193,1508.6199370968006,363.36035959548195,947.2192611164999,1364.061,6157.593000000001,0.0,3398.784,15054.524231214764
t1148,964.5406222662001,350.34605113978193,1508.6199370968006,332.8224275022542,947.2192611164999,2125.7271850792035,6157.593000000001,0.0,3398.784,15785.65248420074
t1149,598.6762833757482,350.34605113978193,1508.6199370968006,230.39100000000002,947.2192611164999,2125.390818724546,6157.593000000001,0.0,3398.784,15317.020351453377
t1150,964.5406222662001,350.34605113978193,1508.6199370968006,230.39100000000002,947.2192611164999,1364.061,6157.593000000001,0.0,3398.784,14921.554871619282
t1151,964.5406222662001,350.34605113978193,1508.6199370968006,230.39100000000002,2257.6972611164997,1364.061,6157.593000000001,0.0,3398.784,16232.032871619282
t1152,964.5406222662001,350.34605113978193,1508.6199370968006,230.39100000000002,2257.6972611164997,1364.061,6157.593000000001,0.0,3398.784,16232.032871619282
t1153,964.5406222662001,350.34605113978193,1508.6199370968006,160.8982043854336,947.2192611164999,1364.061,6157.593000000001,0.0,3398.784,14852.062076004717
t1154,964.5406222662001,350.34605113978193,1508.6199370968006,0.0,947.2192611164999,1364.061,6157.593000000001,0.0,3398.784,14691.163871619283
t1155,964.5406222662001,350.34605113978193,1508.6199370968006,0.0,947.2192611164999,1364.061,6157.593000000001,0.0,3398.784,14691.163871619283
t1156,964.5406222662001,350.34605113978193,1508.6199370968006,0.0,947.2192611164999,1364.061,6157.593000000001,0.0,3327.2175236390613,14619.597395258344
t1157,377.89000024380016,350.34605113978193,1508.6199370968006,0.0,947.2192611164999,1364.061,6157.593000000001,0.0,3095.071491316941,13800.800740913824
t1158,377.89000024380016,350.34605113978193,1508.6199370968006,0.0,947.2192611164999,1195.52867279463,6157.593000000001,0.0,1949.4077821729088,12486.604704564423
t1159,0.0,51.19800000000001,480.570184251,0.0,947.2192611164999,0.0,903.2790000000001,0.0,324.8327842488115,2707.0992296163113
t1160,0.0,51.19800000000001,0.0,0.0,2257.6972611164997,0.0,903.2790000000001,0.0,0.0,3212.1742611164996
t1161,0.0,51.19800000000001,0.0,0.0,947.2192611164999,0.0,0.0,0.0,0.0,998.4172611164998
t1162,0.0,51.19800000000001,0.0,0.0,947.2192611164999,0.0,903.2790000000001,0.0,0.0,1901.6962611165
t1163,0.0,51.19800000000001,0.0,0.0,947.2192611164999,0.0,183.03639927666416,0.0,0.0,1181.453660393164
t1164,0.0,51.19800000000001,0.0,0.0,2242.889266105359,0.0,0.0,0.0,0.0,2294.087266105359
t1165,0.0,51.19800000000001,0.0,0.0,947.2192611164999,0.0,903.2790000000001,0.0,0.0,1901.6962611165
t1166,0.0,51.19800000000001,0.0,0.0,947.2192611164999,0.0,0.0,0.0,0.0,998.4172611164998
t1167,0.0,51.19800000000001,0.0,0.0,947.2192611164999,0.0,903.2790000000001,0.0,0.0,1901.6962611165
t1168,0.0,51.19800000000001,0.0,0.0,947.2192611164999,0.0,903.2790000000001,0.0,943.0083921066872,2844.704653223187
t1169,377.89000024380016,350.34605113978193,707.3022217620182,0.0,947.2192611164999,0.0,3814.0097923476565,0.0,1579.824,7776.591326609758
t1170,964.5406222662001,350.34605113978193,1508.6199370968006,0.0,947.2192611164999,1364.061,6157.593000000001,0.0,3398.784,14691.163871619283
t1171,964.5406222662001,350.34605113978193,1508.6199370968006,230.39100000000002,947.2192611164999,1364.061,6157.593000000001,0.0,3398.784,14921.554871619282
t1172,964.5406222662001,350.34605113978193,1508.6199370968006,280.09904280000006,947.2192611164999,1797.388984292814,6157.593000000001,0.0,3398.784,15404.590898712097
t1173,964.5406222662001,350.34605113978193,1508.6199370968006,230.39100000000002,947.2192611164999,1579.0555411146224,6157.593000000001,0.0,3398.784,15136.549412733904
t1174,964.5406222662001,350.34605113978193,1508.6199370968006,230.39100000000002,947.2192611164999,1364.061,6157.593000000001,0.0,3398.784,14921.554871619282
t1175,964.5406222662001,350.34605113978193,1508.6199370968006,230.39100000000002,947.2192611164999,1364.061,6157.593000000001,0.0,3398.784,14921.554871619282
t1176,964.5406222662001,350.34605113978193,1508.6199370968006,230.39100000000002,947.2192611164999,1364.061,6157.593000000001,0.0,3398.784,14921.554871619282
t1177,964.5406222662001,350.34605113978193,1508.6199370968006,230.39100000000002,2560.923973705992,1364.061,6157.593000000001,310.84499999999997,3398.784,16846.104584208777
t1178,964.5406222662001,350.34605113978193,1508.6199370968006,230.39100000000002,2560.923973705992,1364.061,6157.593000000001,310.84499999999997,3398.784,16846.104584208777
t1179,964.5406222662001,350.34605113978193,1508.6199370968006,230.39100000000002,2560.923973705992,1364.061,6157.593000000001,310.84499999999997,3398.784,16846.104584208777
t1180,964.5406222662001,350.34605113978193,1508.6199370968006,230.39100000000002,2560.923973705992,1364.061,6157.593000000001,310.84499999999997,3398.784,16846.104584208777
t1181,964.5406222662001,350.34605113978193,1508.6199370968006,230.39100000000002,2560.923973705992,1364.061,6157.593000000001,310.84499999999997,3398.784,16846.104584208777
t1182,964.5406222662001,350.34605113978193,1508.6199370968006,230.39100000000002,2560.923973705992,1364.061,6157.593000000001,0.0,3398.784,16535.259584208776
t1183,667.1262817731125,350.34605113978193,1508.6199370968006,0.0,2560.923973705992,0.0,6157.593000000001,0.0,3398.784,14643.393243715687
t1184,377.89000024380016,275.6444680156918,480.570184251,0.0,2560.923973705992,0.0,1248.239175637503,0.0,1579.824,6523.091801853987
t1185,377.89000024380016,51.19800000000001,480.570184251,0.0,2257.6972611164997,0.0,903.2790000000001,0.0,1579.824,5650.4584456113
t1186,377.89000024380016,51.19800000000001,480.570184251,0.0,1042.3387609665492,0.0,903.2790000000001,0.0,1579.824,4435.099945461349
t1187,377.89000024380016,51.19800000000001,480.570184251,0.0,947.2192611164999,0.0,903.2790000000001,0.0,1579.824,4339.9804456113
t1188,377.89000024380016,51.19800000000001,480.570184251,0.0,1250.4459737059924,0.0,903.2790000000001,0.0,1579.824,4643.207158200792
t1189,377.89000024380016,51.19800000000001,480.570184251,0.0,947.2192611164999,0.0,903.2790000000001,0.0,1579.824,4339.9804456113
t1190,377.89000024380016,51.19800000000001,480.570184251,0.0,947.2192611164999,0.0,903.2790000000001,0.0,1579.824,4339.9804456113
t1191,377.89000024380016,51.19800000000001,480.570184251,0.0,1086.6766571475778,0.0,903.2790000000001,0.0,1579.824,4479.437841642378
t1192,377.89000024380016,347.8458708883572,480.570184251,0.0,947.2192611164999,0.0,1099.4698763795834,0.0,1579.824,4832.81919287924
t1193,377.89000024380016,350.34605113978193,480.570184251,0.0,947.2192611164999,0.0,4711.626780327491,0.0,2725.0694447924416,9592.721721871014
t1194,964.5406222662001,350.34605113978193,1508.6199370968006,190.39789581522933,1250.4459737059924,1364.061,6157.593000000001,0.0,3398.784,15184.788480024004
t1195,964.5406222662001,350.34605113978193,1508.6199370968006,424.3327255954823,2473.5888317391364,1457.4470800352997,6157.593000000001,0.0,3398.784,16735.2522478727
t1196,964.5406222662001,350.34605113978193,1508.6199370968006,392.62858979999993,2560.923973705992,2385.02714451975,11058.221931734248,310.84499999999997,3823.6743228218306,23354.827573084604
t1197,964.5406222662001,437.21993701696493,1508.6199370968006,230.56917539999995,2560.9239737059925,3107.7338521684183,10924.150021274156,310.84499999999997,3398.784,23443.386518928535
t1198,964.5406222662001,397.97361244696503,1508.6199370968006,230.39100000000002,2560.9239737059925,2612.814727103731,11520.345,310.84499999999997,3922.6940958051846,24029.147968424877
t1199,964.5406222662001,354.06248227696494,1508.6199370968006,230.39100000000002,2560.9239737059925,2378.3080313786795,11520.345,310.84499999999997,4113.4890000000005,23941.52504672464
t1200,964.5406222662001,350.34605113978193,1508.6199370968006,230.39100000000002,2560.923973705992,1926.2396126400222,9681.429214145217,310.84499999999997,3398.784,20932.119410994015
t1201,964.5406222662001,350.34605113978193,1508.6199370968006,230.39100000000002,2560.923973705992,1364.061,7408.694633112332,310.84499999999997,3398.784,18097.206217321105
t1202,964.5406222662001,350.34605113978193,1508.6199370968006,230.39100000000002,2560.923973705992,1364.061,6157.593000000001,310.84499999999997,3398.784,16846.104584208777
t1203,964.5406222662001,350.34605113978193,1508.6199370968006,230.39100000000002,2560.923973705992,1364.061,6157.593000000001,310.84499999999997,3398.784,16846.104584208777
t1204,964.5406222662001,350.34605113978193,1508.6199370968006,230.39100000000002,2560.923973705992,1364.061,6157.593000000001,310.84499999999997,3398.784,16846.104584208777
t1205,964.5406222662001,350.34605113978193,1508.6199370968006,230.39100000000002,2560.923973705992,1364.061,6157.593000000001,310.84499999999997,3398.784,16846.104584208777
t1206,964.5406222662001,350.34605113978193,1508.6199370968006,206.88873277992835,2560.923973705992,1364.061,6157.593000000001,0.0,3398.784,16511.757316988704
t1207,964.5406222662001,350.34605113978193,1508.6199370968006,0.0,2560.923973705992,271.8857497135407,6157.593000000001,0.0,3398.784,15212.693333922314
t1208,377.89000024380016,255.84872416947601,480.570184251,0.0,2560.923973705992,0.0,1550.313028077162,0.0,1579.824,6805.369910447431
t1209,377.89000024380016,51.19800000000001,480.570184251,0.0,2560.923973705992,0.0,903.2790000000001,0.0,1579.824,5953.685158200793
t1210,377.89000024380016,51.19800000000001,480.570184251,0.0,2560.923973705992,0.0,903.2790000000001,0.0,1579.824,5953.685158200793
t1211,377.89000024380016,51.19800000000001,480.570184251,0.0,2257.6972611164997,0.0,903.2790000000001,0.0,1579.824,5650.4584456113
t1212,377.89000024380016,51.19800000000001,480.570184251,0.0,2257.6972611164997,0.0,903.2790000000001,0.0,1579.824,5650.4584456113
t1213,377.89000024380016,51.19800000000001,480.570184251,0.0,2021.41178007607,0.0,903.2790000000001,0.0,1579.824,5414.17296457087
t1214,377.89000024380016,51.19800000000001,480.570184251,0.0,2257.6972611164997,0.0,903.2790000000001,0.0,1579.824,5650.4584456113
t1215,377.89000024380016,51.19800000000001,480.570184251,0.0,1150.373392911129,0.0,903.2790000000001,0.0,1579.824,4543.134577405929
t1216,377.89000024380016,274.41657017417054,480.570184251,0.0,1259.120527090119,0.0,903.2790000000001,0.0,1579.824,4875.10028175909
t1217,377.89000024380016,350.34605113978193,480.570184251,0.0,947.2192611164999,0.0,3918.3546002932762,0.0,2229.229411098577,8303.609508142936
t1218,964.5406222662001,350.34605113978193,1508.6199370968006,230.39100000000002,1711.1547663332788,1364.061,6157.593000000001,0.0,3398.784,15685.490376836062
t1219,964.5406222662001,350.34605113978193,1508.6199370968006,556.9770000000001,2544.6866445483556,1457.371619828116,6157.593000000001,0.0,3398.784,16938.918874879255
t1220,964.5406222662001,350.34605113978193,1508.6199370968006,556.9770000000001,2560.923973705992,3311.175,10182.56441159108,310.84499999999997,3398.784,23144.775995799857
t1221,964.5406222662001,387.80769962642694,1508.6199370968006,390.1779545999999,2560.9239737059925,3311.175,8531.137672436409,310.84499999999997,3398.784,21364.01185973183
t1222,964.5406222662001,350.34605113978193,1508.6199370968006,230.39100000000002,2560.9239737059925,2910.3291186095016,9460.204631415725,310.84499999999997,3398.784,21694.984334234003
t1223,964.5406222662001,350.34605113978193,1508.6199370968006,230.39100000000002,2560.9239737059925,2667.2282063464754,8782.207834828201,310.84499999999997,3398.784,20773.886625383453
t1224,964.5406222662001,350.34605113978193,1508.6199370968006,230.39100000000002,2560.923973705992,2179.9263636129244,7730.847847980285,310.84499999999997,3398.784,19235.224795801983
t1225,964.5406222662001,350.34605113978193,1508.6199370968006,230.39100000000002,2560.923973705992,1364.061,6157.593000000001,310.84499999999997,3398.784,16846.104584208777
t1226,964.5406222662001,350.34605113978193,1508.6199370968006,230.39100000000002,2560.923973705992,1364.061,6157.593000000001,310.84499999999997,3398.784,16846.104584208777
t1227,964.5406222662001,350.34605113978193,1508.6199370968006,230.39100000000002,2560.923973705992,1364.061,6157.593000000001,310.84499999999997,3398.784,16846.104584208777
t1228,964.5406222662001,350.34605113978193,1508.6199370968006,230.39100000000002,2560.923973705992,1364.061,6157.593000000001,310.84499999999997,3398.784,16846.104584208777
t1229,964.5406222662001,350.34605113978193,1508.6199370968006,230.39100000000002,2560.923973705992,1364.061,6157.593000000001,310.84499999999997,3398.784,16846.104584208777
t1230,964.5406222662001,350.34605113978193,1508.6199370968006,230.39100000000002,2560.923973705992,1364.061,6157.593000000001,0.0,3398.784,16535.259584208776
t1231,377.89000024380016,349.9763888597818,1508.6199370968006,0.0,2560.923973705992,450.39897045234727,6157.593000000001,0.0,2933.0645847205537,14338.466855079276
t1232,377.89000024380016,51.19800000000001,480.570184251,0.0,2560.923973705992,0.0,903.2790000000001,0.0,1579.824,5953.685158200793
t1233,377.89000024380016,51.19800000000001,480.570184251,0.0,2257.6972611164997,0.0,903.2790000000001,0.0,1579.824,5650.4584456113
t1234,377.89000024380016,51.19800000000001,480.570184251,0.0,2257.6972611164997,0.0,903.2790000000001,0.0,1579.824,5650.4584456113
t1235,377.89000024380016,51.19800000000001,480.570184251,0.0,2257.6972611164997,0.0,903.2790000000001,0.0,1579.824,5650.4584456113
t1236,377.89000024380016,51.19800000000001,480.570184251,0.0,2560.923973705992,0.0,903.2790000000001,0.0,1579.824,5953.685158200793
t1237,377.89000024380016,51.19800000000001,480.570184251,0.0,2257.6972611164997,0.0,903.2790000000001,0.0,1579.824,5650.4584456113
t1238,377.89000024380016,51.19800000000001,480.570184251,0.0,2468.7079878138898,0.0,903.2790000000001,0.0,1579.824,5861.469172308691
t1239,377.89000024380016,51.19800000000001,480.570184251,0.0,2363.0958841735055,0.0,903.2790000000001,0.0,1579.824,5755.857068668305
t1240,377.89000024380016,288.409436419542,480.570184251,0.0,2257.6972611164997,0.0,903.2790000000001,0.0,1579.824,5887.669882030843
t1241,377.89000024380016,350.34605113978193,480.570184251,0.0,2257.6972611164997,0.0,4071.8978507819024,0.0,2405.418297711769,9943.819645244754
t1242,964.5406222662001,350.34605113978193,1508.6199370968006,230.39100000000002,2257.6972611164997,1364.061,6157.593000000001,0.0,3398.784,16232.032871619282
t1243,964.5406222662001,350.34605113978193,1508.6199370968006,521.1278551954816,2560.923973705992,1527.1443712801029,6157.593000000001,183.12160081463384,3398.784,17172.201411498994
t1244,964.5406222662001,434.70425326652474,1508.6199370968006,473.5785107999998,2560.923973705992,3311.175,10473.991500165466,310.84499999999997,3559.848134367652,23598.226931668636
t1245,964.5406222662001,386.70863120642673,1508.6199370968006,270.195219,2560.9239737059925,3224.4103264751784,10965.607650093176,310.84499999999997,3398.784,23590.635359843778
t1246,964.5406222662001,352.6564868364268,1508.6199370968006,230.39100000000002,2560.9239737059925,2721.7131066768516,11520.345,310.84499999999997,4113.4890000000005,24283.524126582277
t1247,964.5406222662001,350.34605113978193,1508.6199370968006,230.39100000000002,2560.923973705992,2682.2103073884387,11520.345,310.84499999999997,4113.4890000000005,24241.710891597213
t1248,964.5406222662001,350.34605113978193,1508.6199370968006,230.39100000000002,2560.923973705992,2204.245291813056,9708.900295740183,310.84499999999997,3398.784,21237.596171762016
t1249,964.5406222662001,350.34605113978193,1508.6199370968006,230.39100000000002,2560.923973705992,1364.061,6157.593000000001,310.84499999999997,3398.784,16846.104584208777
t1250,964.5406222662001,350.34605113978193,1508.6199370968006,230.39100000000002,2560.923973705992,1364.061,6157.593000000001,310.84499999999997,3398.784,16846.104584208777
t1251,964.5406222662001,350.34605113978193,1508.6199370968006,230.39100000000002,2560.923973705992,1364.061,6157.593000000001,310.84499999999997,3398.784,16846.104584208777
t1252,964.5406222662001,350.34605113978193,1508.6199370968006,230.39100000000002,2560.923973705992,1364.061,6157.593000000001,310.84499999999997,3398.784,16846.104584208777
t1253,964.5406222662001,350.34605113978193,1508.6199370968006,230.39100000000002,2560.923973705992,1364.061,6157.593000000001,310.84499999999997,3398.784,16846.104584208777
t1254,964.5406222662001,350.34605113978193,1508.6199370968006,230.39100000000002,2560.923973705992,1364.061,6157.593000000001,0.0,3398.784,16535.259584208776
t1255,964.5406222662001,350.34605113978193,1508.6199370968006,0.0,2560.923973705992,485.86264003052014,6157.593000000001,0.0,3398.784,15426.670224239295
t1256,377.89000024380016,221.0822856195419,480.570184251,0.0,2560.923973705992,0.0,2275.7670000000003,0.0,1579.824,7496.057443820335
t1257,416.0093469228757,51.19800000000001,480.570184251,0.0,2560.923973705992,0.0,3431.3841563054916,0.0,1579.824,8519.90966118536
t1258,377.89000024380016,51.19800000000001,480.570184251,0.0,2560.923973705992,0.0,1932.1542752031626,0.0,1579.824,6982.560433403954
t1259,377.89000024380016,51.19800000000001,480.570184251,0.0,2560.923973705992,0.0,2348.0467481903797,0.0,1579.824,7398.452906391172
t1260,377.89000024380016,60.36658657954196,480.570184251,0.0,2560.923973705992,0.0,3216.5379517717847,0.0,1579.824,8276.11269655212
t1261,686.8793453237857,98.75842447954186,480.570184251,0.0,2560.923973705992,0.0,3230.911566390868,0.0,1579.824,8637.867494151187
t1262,377.89000024380016,51.19800000000001,480.570184251,0.0,2560.923973705992,0.0,903.2790000000001,0.0,1579.824,5953.685158200793
t1263,377.89000024380016,51.19800000000001,480.570184251,0.0,2560.923973705992,0.0,903.2790000000001,0.0,1579.824,5953.685158200793
t1264,377.89000024380016,51.19800000000001,480.570184251,0.0,2560.923973705992,0.0,903.2790000000001,0.0,1579.824,5953.685158200793
t1265,377.89000024380016,350.34605113978193,480.570184251,0.0,2560.923973705992,0.0,3517.8705852518533,0.0,2555.58178324653,9843.182577838958
t1266,964.5406222662001,350.34605113978193,1508.6199370968006,126.4708226559858,2560.923973705992,1364.061,6157.593000000001,0.0,3398.784,16431.33940686476
t1267,964.5406222662001,404.6364589641743,1508.6199370968006,412.15126940050607,2560.923973705992,1963.2525246443333,6157.593000000001,310.84499999999997,3398.784,17681.346786078007
t1268,964.5406222662001,409.67728031694014,1508.6199370968006,364.7674967999998,2560.923973705992,2324.0097470561814,9771.855315691366,310.84499999999997,3398.784,21614.02337293348
t1269,964.5406222662001,393.59613727403297,1508.6199370968006,230.39100000000002,2560.923973705992,3311.175,7913.170009751883,310.84499999999997,3398.784,20592.04568009491
t1270,964.5406222662001,365.7433497842015,1508.6199370968006,230.39100000000002,2560.9239737059925,3311.175,9151.81388481698,310.84499999999997,3398.784,21802.836767670175
t1271,964.5406222662001,350.34605113978193,1508.6199370968006,230.39100000000002,2560.9239737059925,1712.662467171436,6906.8009999999995,310.84499999999997,3398.784,17943.914051380212
t1272,964.5406222662001,350.34605113978193,1508.6199370968006,230.39100000000002,2560.9239737059925,1364.061,6906.8009999999995,310.84499999999997,3398.784,17595.312584208776
t1273,964.5406222662001,350.34605113978193,1508.6199370968006,230.39100000000002,2560.923973705992,1490.5001053529736,6157.593000000001,310.84499999999997,3398.784,16972.54368956175
t1274,964.5406222662001,350.34605113978193,1508.6199370968006,230.39100000000002,2560.923973705992,1364.061,6157.593000000001,310.84499999999997,3398.784,16846.104584208777
t1275,964.5406222662001,350.34605113978193,1508.6199370968006,230.39100000000002,2560.923973705992,1364.061,6157.593000000001,310.84499999999997,3398.784,16846.104584208777
t1276,964.5406222662001,350.34605113978193,1508.6199370968006,230.39100000000002,2560.923973705992,1364.061,6157.593000000001,310.84499999999997,3398.784,16846.104584208777
t1277,964.5406222662001,350.34605113978193,1508.6199370968006,230.39100000000002,2560.923973705992,1364.061,6157.593000000001,310.84499999999997,3398.784,16846.104584208777
t1278,964.5406222662001,350.34605113978193,1508.6199370968006,0.0,2560.923973705992,1364.061,6157.593000000001,0.0,3398.784,16304.868584208774
t1279,964.5406222662001,350.34605113978193,1508.6199370968006,0.0,2560.923973705992,1364.061,6157.593000000001,0.0,3398.784,16304.868584208774
t1280,377.89000024380016,211.434976519542,480.570184251,0.0,2560.923973705992,0.0,5366.7652804196905,0.0,1579.824,10577.408415140026
t1281,377.89000024380016,51.19800000000001,480.570184251,0.0,2560.923973705992,0.0,3365.47032179661,0.0,1579.824,8415.876479997401
t1282,377.89000024380016,51.19800000000001,480.570184251,0.0,2560.923973705992,0.0,2131.3862516286226,0.0,1579.824,7181.792409829415
t1283,377.89000024380016,51.19800000000001,480.570184251,0.0,2560.923973705992,0.0,2275.7670000000003,0.0,1579.824,7326.173158200792
t1284,377.89000024380016,51.19800000000001,480.570184251,0.0,2560.923973705992,0.0,903.2790000000001,0.0,1579.824,5953.685158200793
t1285,377.89000024380016,97.38705265954188,480.570184251,0.0,2560.923973705992,0.0,995.1471246326684,0.0,1579.824,6091.742335493003
t1286,377.89000024380016,51.19800000000001,480.570184251,0.0,2560.923973705992,0.0,903.2790000000001,0.0,1579.824,5953.685158200793
t1287,377.89000024380016,51.19800000000001,480.570184251,0.0,2560.923973705992,0.0,903.2790000000001,0.0,1579.824,5953.685158200793
t1288,377.89000024380016,86.23215621160269,480.570184251,0.0,2560.923973705992,0.0,903.2790000000001,0.0,1760.2099745127462,6169.105288925141
t1289,439.3212787790651,350.34605113978193,480.570184251,0.0,2560.923973705992,0.0,3123.179813269341,0.0,2736.0784777578483,9690.41977890303
t1290,964.5406222662001,350.34605113978193,1508.6199370968006,0.0,2560.923973705992,881.3260151358896,6157.593000000001,0.0,3398.784,15822.133599344665
t1291,964.5406222662001,385.43703918973205,1508.6199370968006,304.9308267368961,2560.923973705992,1364.061,6906.8009999999995,310.84499999999997,3398.784,17704.94339899562
t1292,964.5406222662001,394.20958541693994,1508.6199370968006,277.69264140000007,2560.923973705992,1709.5090921539172,9665.116943661213,310.84499999999997,3398.784,20790.241795701062
t1293,964.5406222662001,350.34605113978193,1508.6199370968006,230.39100000000002,2560.923973705992,1766.8935419768613,6906.8009999999995,310.84499999999997,3398.784,17998.145126185635
t1294,964.5406222662001,356.3890947440731,1508.6199370968006,230.39100000000002,2560.9239737059925,2266.510226943818,6906.8009999999995,310.84499999999997,3398.784,18503.804854756883
t1295,964.5406222662001,350.34605113978193,1508.6199370968006,230.39100000000002,2560.923973705992,2528.998246401219,6906.8009999999995,310.84499999999997,3398.784,18760.249830609995
t1296,964.5406222662001,350.34605113978193,1508.6199370968006,230.39100000000002,2560.923973705992,1364.061,6906.8009999999995,310.84499999999997,3398.784,17595.312584208776
t1297,964.5406222662001,350.34605113978193,1508.6199370968006,230.39100000000002,2560.923973705992,1364.061,6157.593000000001,310.84499999999997,3398.784,16846.104584208777
t1298,964.5406222662001,350.34605113978193,1508.6199370968006,230.39100000000002,2560.923973705992,1364.061,6157.593000000001,310.84499999999997,3398.784,16846.104584208777
t1299,964.5406222662001,350.34605113978193,1508.6199370968006,230.39100000000002,2560.923973705992,1364.061,6157.593000000001,310.84499999999997,3398.784,16846.104584208777
t1300,964.5406222662001,350.34605113978193,1508.6199370968006,230.39100000000002,2560.923973705992,1364.061,6157.593000000001,310.84499999999997,3398.784,16846.104584208777
t1301,964.5406222662001,350.34605113978193,1508.6199370968006,230.39100000000002,2560.923973705992,1364.061,6157.593000000001,310.84499999999997,3398.784,16846.104584208777
t1302,379.090747283272,350.34605113978193,1508.6199370968006,0.0,2560.923973705992,1364.061,6157.593000000001,0.0,3125.245551731779,15445.880260957627
t1303,377.89000024380016,287.8781311636319,910.9900628244126,0.0,2560.923973705992,1301.552757338127,2267.0761827706183,0.0,1579.824,9286.135108046583
t1304,377.89000024380016,51.19800000000001,0.0,0.0,2560.923973705992,0.0,903.2790000000001,0.0,315.1825458703705,4208.473519820162
t1305,0.0,51.19800000000001,0.0,0.0,2560.923973705992,0.0,903.2790000000001,0.0,0.0,3515.400973705992
t1306,377.89000024380016,51.19800000000001,0.0,0.0,2560.923973705992,0.0,903.2790000000001,0.0,0.0,3893.2909739497923
t1307,377.89000024380016,51.19800000000001,0.0,0.0,2560.923973705992,0.0,0.0,0.0,0.0,2990.0119739497923
t1308,0.0,51.19800000000001,0.0,0.0,2560.923973705992,0.0,0.0,0.0,789.7072708146032,3401.8292445205952
t1309,377.89000024380016,51.19800000000001,0.0,0.0,2560.923973705992,0.0,0.0,0.0,489.33870883721943,3479.3506827870115
t1310,377.89000024380016,51.19800000000001,0.0,0.0,2560.923973705992,0.0,903.2790000000001,0.0,929.8308494468537,4823.121823396646
t1311,0.0,51.19800000000001,0.0,0.0,2560.923973705992,0.0,50.78431399591837,0.0,1579.824,4242.73028770191
t1312,35.49671930542225,51.19800000000001,160.05368919547865,0.0,2560.923973705992,720.683896553342,903.2790000000001,0.0,1579.824,6011.459278760236
t1313,441.63270782340214,286.340884251366,480.570184251,0.0,2560.923973705992,0.0,2950.966019615551,0.0,2488.5643923737966,9208.998162021107
t1314,964.5406222662001,350.34605113978193,1508.6199370968006,142.82611771426667,2560.923973705992,0.0,6157.593000000001,0.0,3398.784,15083.633701923041
t1315,964.5406222662001,350.34605113978193,1508.6199370968006,230.39100000000002,2560.923973705992,1364.061,6157.593000000001,310.84499999999997,3398.784,16846.104584208777
t1316,964.5406222662001,350.34605113978193,1508.6199370968006,454.88208239999994,2560.923973705992,1412.031126637213,6157.593000000001,310.84499999999997,3398.784,17118.565793245987
t1317,964.5406222662001,350.34605113978193,1508.6199370968006,230.39100000000002,2560.923973705992,1364.061,6157.593000000001,310.84499999999997,3398.784,16846.104584208777
t1318,964.5406222662001,350.34605113978193,1508.6199370968006,230.39100000000002,2560.923973705992,1364.061,6157.593000000001,310.84499999999997,3398.784,16846.104584208777
t1319,964.5406222662001,350.34605113978193,1508.6199370968006,230.39100000000002,2560.9239737059925,1364.061,6157.593000000001,310.84499999999997,3398.784,16846.104584208777
t1320,964.5406222662001,350.34605113978193,1508.6199370968006,230.39100000000002,2560.9239737059925,1364.061,6157.593000000001,310.84499999999997,3398.784,16846.104584208777
t1321,964.5406222662001,350.34605113978193,1508.6199370968006,230.39100000000002,2560.923973705992,1364.061,6157.593000000001,310.84499999999997,3398.784,16846.104584208777
t1322,964.5406222662001,350.34605113978193,1508.6199370968006,230.39100000000002,2560.923973705992,1364.061,6157.593000000001,310.84499999999997,3398.784,16846.104584208777
t1323,964.5406222662001,350.34605113978193,1508.6199370968006,230.39100000000002,2560.923973705992,1364.061,6157.593000000001,310.84499999999997,3398.784,16846.104584208777
t1324,964.5406222662001,350.34605113978193,1508.6199370968006,230.39100000000002,2560.923973705992,1364.061,6157.593000000001,310.84499999999997,3398.784,16846.104584208777
t1325,964.5406222662001,350.34605113978193,1508.6199370968006,230.39100000000002,2560.923973705992,1364.061,6157.593000000001,310.84499999999997,3398.784,16846.104584208777
t1326,486.2559635794624,350.34605113978193,1474.933236001692,0.0,2560.923973705992,1364.061,6157.593000000001,0.0,2845.171194833764,15239.284419260692
t1327,377.89000024380016,291.6718616236319,893.8986246283198,0.0,2560.923973705992,958.8883888893904,1276.2953376944677,0.0,1579.824,7939.3921867856025
t1328,377.89000024380016,51.19800000000001,480.570184251,0.0,2054.820317855542,0.0,903.2790000000001,0.0,1579.824,5447.581502350342
t1329,377.89000024380016,51.19800000000001,480.570184251,0.0,1856.2430198641641,0.0,903.2790000000001,0.0,1579.824,5249.004204358964
t1330,377.89000024380016,51.19800000000001,480.570184251,0.0,2257.6972611164997,0.0,903.2790000000001,0.0,1579.824,5650.4584456113
t1331,377.89000024380016,51.19800000000001,0.0,0.0,2467.8624948668635,0.0,903.2790000000001,0.0,1579.824,5380.053495110664
t1332,377.89000024380016,51.19800000000001,0.0,0.0,2560.923973705992,0.0,180.42935917191943,0.0,1579.824,4750.265333121712
t1333,377.89000024380016,51.19800000000001,0.0,0.0,2560.923973705992,0.0,11.513152203141155,0.0,1555.5758632095963,4557.10098936253
t1334,377.89000024380016,51.19800000000001,0.0,0.0,2560.923973705992,0.0,0.0,0.0,800.0688323277094,3790.080806277502
t1335,377.89000024380016,51.19800000000001,0.0,0.0,2560.923973705992,0.0,716.0608308727619,0.0,558.2860154939273,4264.358820316482
t1336,254.7503816731556,51.19800000000001,0.0,0.0,2560.923973705992,0.0,903.2790000000001,0.0,875.6108405554265,4645.762195934574
t1337,546.9198136562579,350.34605113978193,480.570184251,0.0,2560.923973705992,0.0,3103.255669233696,0.0,2045.5005408505342,9087.516232837263
t1338,964.5406222662001,350.34605113978193,1508.6199370968006,221.12670787252128,2560.923973705992,416.8037575338319,6157.593000000001,0.0,3398.784,15578.738049615127
t1339,964.5406222662001,376.22003257001427,1508.6199370968006,556.9770000000001,2560.923973705992,1364.061,6157.593000000001,310.84499999999997,3398.784,17198.564565639008
t1340,964.5406222662001,473.1743645025723,1508.6199370968006,546.5700683999999,2560.923973705992,2196.498923731016,10017.43310506916,310.84499999999997,3398.784,21977.389994771744
t1341,964.5406222662001,534.8764488050774,1508.6199370968006,385.95093959999986,2560.9239737059925,1553.2543526208176,7569.302948436125,310.84499999999997,3398.784,18787.098222531014
t1342,964.5406222662001,383.0224429772947,1508.6199370968006,230.39100000000002,2560.9239737059925,1991.423417947521,8488.286774166761,310.84499999999997,3398.784,19836.83716816057
t1343,964.5406222662001,350.34605113978193,1508.6199370968006,230.39100000000002,2560.9239737059925,1364.061,6906.8009999999995,310.84499999999997,3398.784,17595.312584208776
t1344,964.5406222662001,350.34605113978193,1508.6199370968006,230.39100000000002,2560.923973705992,1364.061,6906.8009999999995,310.84499999999997,3398.784,17595.312584208776
t1345,964.5406222662001,499.366740616965,2991.065320582989,230.39100000000002,2560.923973705992,1364.061,10665.585033591658,310.84499999999997,3398.784,22985.562690763807
t1346,964.5406222662001,476.14439788696507,1769.8569370968005,230.39100000000002,2560.923973705992,2830.2555819516115,10518.158852448354,310.84499999999997,3398.784,23059.900365355927
t1347,964.5406222662001,460.86380782696506,2729.828320582989,230.39100000000002,2560.923973705992,1364.061,8720.82491526383,310.84499999999997,3398.784,20741.062639645977
t1348,964.5406222662001,451.320278026965,1769.8569370968005,230.39100000000002,2560.923973705992,1364.061,8896.681646904264,310.84499999999997,3398.784,19947.404458000223
t1349,964.5406222662001,450.07422682696483,2991.065320582989,230.39100000000002,2560.923973705992,1364.061,8443.685546109686,310.84499999999997,3398.784,20714.370689491832
t1350,964.5406222662001,412.80284336975706,2991.065320582989,230.39100000000002,2560.923973705992,1364.061,9150.986541502256,310.84499999999997,3398.784,21384.400301427195
t1351,964.5406222662001,350.34605113978193,1769.8569370968005,230.39100000000002,2560.923973705992,1364.061,6294.003531250033,310.84499999999997,3398.784,17243.752115458807
t1352,964.5406222662001,350.34605113978193,1508.6199370968006,230.39100000000002,2560.923973705992,1364.061,6157.593000000001,0.0,3398.784,16535.259584208776
t1353,377.89000024380016,276.8404342156919,1097.4430757808811,230.39100000000002,2560.923973705992,1364.061,6157.593000000001,0.0,1579.824,13644.966483946366
t1354,377.89000024380016,287.40858973491197,545.5544998595404,230.39100000000002,2560.923973705992,1364.061,5200.967993317115,0.0,1579.824,12147.021056861358
t1355,377.89000024380016,257.680504939542,1508.6199370968006,230.39100000000002,2560.923973705992,1364.061,5155.403487561225,0.0,1579.824,13034.793903547361
t1356,377.89000024380016,285.76280827954196,1262.4228286837983,230.39100000000002,2560.923973705992,1364.061,3695.386558424804,0.0,1579.824,11356.662169337938
t1357,377.89000024380016,51.19800000000001,480.570184251,230.39100000000002,2560.923973705992,1364.061,903.2790000000001,0.0,1579.824,7548.137158200792
t1358,377.89000024380016,51.19800000000001,480.570184251,230.39100000000002,2560.923973705992,1364.061,903.2790000000001,0.0,1579.824,7548.137158200792
t1359,377.89000024380016,256.18449301954195,594.2870569114563,230.39100000000002,2560.923973705992,1364.061,1911.505743419155,0.0,1579.824,8875.067267299944
t1360,377.89000024380016,326.959005171366,480.570184251,230.39100000000002,2560.923973705992,1364.061,4127.409886933222,0.0,1579.824,11048.02905030538
t1361,964.5406222662001,350.34605113978193,1508.6199370968006,230.39100000000002,2560.923973705992,1364.061,6157.593000000001,38.95657967188423,3398.784,16574.21616388066
t1362,964.5406222662001,675.6600511397819,1508.6199370968006,440.4924346242218,2560.923973705992,3311.175,9703.992003273977,310.84499999999997,3755.969926841589,23232.218948948565
t1363,964.5406222662001,675.6600511397819,1508.6199370968006,746.7832332468788,2560.923973705992,3311.175,11520.345,310.84499999999997,3398.784,24997.676817455656
t1364,964.5406222662001,675.6600511397819,1508.6199370968006,556.9770000000001,2560.923973705992,3311.175,11517.135174770016,310.84499999999997,3398.784,24804.66075897879
t1365,964.5406222662001,660.930094096965,1508.6199370968006,556.9770000000001,2560.923973705992,3311.175,11520.345,310.84499999999997,3398.784,24793.140627165958
t1366,964.5406222662001,627.936896086965,1508.6199370968006,556.9770000000001,2560.9239737059925,3311.175,11520.345,310.84499999999997,4294.917457457559,25656.280886613516
t1367,964.5406222662001,587.718523426965,1508.6199370968006,506.1753293133595,2560.923973705992,3311.175,11520.345,310.84499999999997,5495.527015120391,26765.87040092971
t1368,972.9580673141583,545.3823566269651,2046.192486071585,230.39100000000002,2560.923973705992,3311.175,11520.345,310.84499999999997,5660.259930826294,27158.472814544995
t1369,964.5406222662001,521.7307965769651,1769.8569370968005,230.39100000000002,2560.923973705992,1799.9604560616863,11520.345,310.84499999999997,3820.5121885171143,23499.105974224756
t1370,964.5406222662001,496.3772528269651,2991.065320582989,230.39100000000002,2560.923973705992,1364.061,10321.327246044531,310.84499999999997,3398.784,22638.315415426678
t1371,964.5406222662001,473.1549100969649,1769.8569370968005,230.39100000000002,2560.923973705992,1364.061,10139.819216863636,310.84499999999997,3398.784,21212.376660029593
t1372,964.5406222662001,462.981601966965,2991.065320582989,230.39100000000002,2560.923973705992,1364.061,9384.24900385981,310.84499999999997,3398.784,21667.841522381954
t1373,964.5406222662001,456.9704400169649,2991.065320582989,230.39100000000002,2560.923973705992,1364.061,10145.140510325458,310.84499999999997,3398.784,22422.721866897606
t1374,964.5406222662001,405.33880937975687,1769.8569370968005,230.39100000000002,2560.923973705992,1364.061,8784.34818982986,310.84499999999997,3398.784,19789.08953227861
t1375,964.5406222662001,350.34605113978193,1508.6199370968006,230.39100000000002,2560.923973705992,1364.061,6157.593000000001,0.0,3398.784,16535.259584208776
t1376,377.89000024380016,257.70937901136597,480.570184251,230.39100000000002,2560.923973705992,1364.061,3258.3365200978888,0.0,1579.824,10109.706057310046
t1377,377.89000024380016,51.19800000000001,480.570184251,0.0,2560.923973705992,651.6417910662003,903.2790000000001,0.0,1579.824,6605.326949266993
t1378,377.89000024380016,51.19800000000001,480.570184251,0.0,2560.923973705992,101.3118030793069,903.2790000000001,0.0,1579.824,6054.9969612801
t1379,377.89000024380016,51.19800000000001,480.570184251,0.0,2560.923973705992,0.0,903.2790000000001,0.0,1579.824,5953.685158200793
t1380,377.89000024380016,51.19800000000001,480.570184251,0.0,1953.1125399392147,0.0,903.2790000000001,0.0,1579.824,5345.8737244340155
t1381,377.89000024380016,51.19800000000001,480.570184251,0.0,1174.6210467919989,0.0,903.2790000000001,0.0,1579.824,4567.3822312868
t1382,0.0,51.19800000000001,321.36820911849884,0.0,947.2192611164999,0.0,903.2790000000001,0.0,1579.824,3802.8884702349987
t1383,377.89000024380016,66.90723601954198,480.570184251,0.0,947.2192611164999,0.0,1163.1041049482135,0.0,1579.824,4615.514786579055
t1384,377.89000024380016,350.34605113978193,480.570184251,88.04454218879441,947.2192611164999,303.35054116967706,3871.919390729596,0.0,1579.824,7999.16397083915
t1385,563.7681256482346,350.34605113978193,857.7653450633198,230.39100000000002,947.2192611164999,1364.061,6157.593000000001,0.0,3398.784,13869.927782967836
t1386,964.5406222662001,479.51473889975694,1508.6199370968006,466.1399292237324,947.2192611164999,2361.2974760377497,8859.203370445699,310.84499999999997,3398.784,19296.16433508644
t1387,964.5406222662001,675.6600511397819,1508.6199370968006,598.3258478828282,1763.091665353978,3311.175,10797.384746719654,310.84499999999997,3502.596686685481,23432.239557144723
t1388,964.5406222662001,675.6600511397819,1508.6199370968006,760.4678075999996,1666.315878291261,3937.846960921724,11520.345,310.84499999999997,3398.784,24743.42525731577
t1389,964.5406222662001,675.6600511397819,1508.6199370968006,594.1396883999996,1210.1876810912624,3584.430846027175,11099.643898994875,310.84499999999997,3398.784,23346.851725016095
t1390,964.5406222662001,647.2244674069651,1508.6199370968006,556.9770000000001,947.2192611164999,3311.175,11520.345,310.84499999999997,5089.862473885262,24856.80876177173
t1391,1041.6471326141584,509.2704856728624,1508.6199370968006,556.9770000000001,1758.086094063104,3737.276045507718,11520.345,310.84499999999997,4985.84525130383,25928.91194625847
t1392,964.5406222662001,575.6881652569651,1508.6199370968006,556.9770000000001,2560.923973705992,3587.963669449326,11520.345,310.84499999999997,5489.384984088355,27075.288351863637
t1393,964.5406222662001,543.8808846469651,2508.8368981149724,230.39100000000002,2560.923973705992,2566.077131947973,11520.345,310.84499999999997,3801.5791932894776,25007.41970397158
t1394,964.5406222662001,517.9978677169651,1769.8569370968005,230.39100000000002,2560.923973705992,1364.061,11520.345,310.84499999999997,3398.784,22637.745400785956
t1395,964.5406222662001,496.26354079696495,2991.065320582989,230.39100000000002,2560.923973705992,3311.175,9177.359766318941,310.84499999999997,3398.784,23441.34822367109
t1396,964.5406222662001,479.82379780696493,2991.065320582989,230.39100000000002,2560.923973705992,1364.061,9752.354158321325,310.84499999999997,3398.784,22052.78887268347
t1397,964.5406222662001,476.97592018696486,2991.065320582989,230.39100000000002,2560.923973705992,1364.061,10167.730849604268,310.84499999999997,3398.784,22465.317686346414
t1398,964.5406222662001,432.70318796975704,1769.8569370968005,230.39100000000002,2560.923973705992,1364.061,8920.490356920362,310.84499999999997,3398.784,19952.59607795911
t1399,964.5406222662001,350.34605113978193,1508.6199370968006,230.39100000000002,2560.923973705992,1364.061,6157.593000000001,0.0,3398.784,16535.259584208776
t1400,377.89000024380016,274.9700055436319,618.8088479049478,230.39100000000002,2560.923973705992,1364.061,3441.207848230136,0.0,1579.824,10448.076675628508
t1401,377.89000024380016,263.0947633995419,553.9036537175823,230.39100000000002,2560.923973705992,1364.061,1582.3687878586313,0.0,1579.824,8512.457178925548
t1402,377.89000024380016,51.19800000000001,480.570184251,0.0,2560.923973705992,1349.9649368074593,903.2790000000001,0.0,1579.824,7303.650095008252
t1403,377.89000024380016,51.19800000000001,480.570184251,0.0,2560.923973705992,882.3010704317908,903.2790000000001,0.0,1579.824,6835.986228632584
t1404,377.89000024380016,51.19800000000001,480.570184251,0.0,2560.923973705992,532.6657706895467,903.2790000000001,0.0,1579.824,6486.350928890339
t1405,377.89000024380016,51.19800000000001,480.570184251,0.0,2560.923973705992,1160.8092923709469,903.2790000000001,0.0,1579.824,7114.494450571739
t1406,377.89000024380016,248.72378053954202,1044.544523538528,230.39100000000002,1041.2188739569187,1364.061,2927.621912867247,0.0,1579.824,8814.275091146037
t1407,377.89000024380016,286.818673219542,948.3973811939439,0.0,947.2192611164999,645.287178217853,4540.740380967782,0.0,1579.824,9326.176874959421
t1408,377.89000024380016,350.34605113978193,480.570184251,0.0,947.2192611164999,936.4128505792654,6157.593000000001,0.0,1701.5650000320227,10951.59634736237
t1409,964.5406222662001,350.34605113978193,1288.9922830859825,230.39100000000002,947.2192611164999,2747.378409751314,6157.593000000001,263.99830354605746,3398.784,16349.242930905835
t1410,964.5406222662001,582.6351524240831,1508.6199370968006,583.1721336605206,2560.923973705992,3311.175,11520.345,310.84499999999997,3831.732479874777,25173.989299028373
t1411,964.5406222662001,675.6600511397819,1508.6199370968006,1034.8676487466157,2560.923973705992,4988.798430077913,11520.345,310.84499999999997,4113.4890000000005,27678.089663033308
t1412,964.5406222662001,675.6600511397819,1508.6199370968006,908.2722518999999,2560.923973705992,4903.932833572048,11520.345,310.84499999999997,4113.4890000000005,27466.628669680824
t1413,964.5406222662001,675.6600511397819,1508.6199370968006,730.1421350999999,2505.0160159626553,4228.842038162903,11520.345,310.84499999999997,3785.4061410407758,26229.416940769115
t1414,964.5406222662001,655.1796762469651,1508.6199370968006,556.9770000000001,1546.8886912059902,4708.670361471456,11520.345,310.84499999999997,4463.441285779344,26235.507574066753
t1415,1174.6468325141582,524.6823351514428,1508.6199370968006,556.9770000000001,1384.292966356799,4349.519726744149,11520.345,310.84499999999997,5973.898289301134,27303.827087164485
t1416,964.5406222662001,581.0963626369651,1986.52680389795,556.9770000000001,2560.923973705992,3784.519517875255,11520.345,310.84499999999997,6022.956530533339,28288.730810915702
t1417,964.5406222662001,549.818505916965,1769.8569370968005,230.39100000000002,2560.923973705992,3311.175,11520.345,310.84499999999997,4706.5021327123695,25924.398171698325
t1418,964.5406222662001,520.758797776965,2991.065320582989,230.39100000000002,2560.923973705992,1379.7963303448983,10705.316349214836,310.84499999999997,3398.784,23062.42139389188
t1419,964.5406222662001,503.1598032769651,1769.8569370968005,230.39100000000002,2560.923973705992,3311.175,10455.974076931463,310.84499999999997,3398.784,23505.65041327742
t1420,964.5406222662001,484.61562373696495,2991.065320582989,230.39100000000002,2560.923973705992,1364.061,9895.977681746044,310.84499999999997,3398.784,22201.20422203819
t1421,964.5406222662001,480.69549145696504,1769.8569370968005,230.39100000000002,2560.923973705992,1364.061,10247.970970666633,310.84499999999997,3398.784,21328.06899519259
t1422,964.5406222662001,448.08891359975706,2991.065320582989,230.39100000000002,2560.923973705992,1364.061,8475.414230965192,310.84499999999997,3398.784,20744.114061120134
t1423,964.5406222662001,350.34605113978193,1508.6199370968006,230.39100000000002,2560.923973705992,2578.1180355472106,6157.593000000001,0.0,3398.784,17749.316619755988
t1424,377.89000024380016,288.2283859713659,480.570184251,230.39100000000002,2560.923973705992,1364.061,5424.390921661318,0.0,1579.824,12306.279465833477
t1425,377.89000024380016,274.604770219542,480.570184251,230.39100000000002,2560.923973705992,1364.061,966.9800521230976,0.0,1579.824,7835.244980543432
t1426,377.89000024380016,51.19800000000001,480.570184251,0.0,2560.923973705992,900.541427611674,903.2790000000001,0.0,1579.824,6854.2265858124665
t1427,377.89000024380016,51.19800000000001,480.570184251,0.0,2560.923973705992,665.459114035217,903.2790000000001,0.0,1579.824,6619.14427223601
t1428,377.89000024380016,51.19800000000001,480.570184251,0.0,2560.923973705992,389.2927835798277,903.2790000000001,0.0,1579.824,6342.97794178062
t1429,377.89000024380016,51.19800000000001,480.570184251,15.391900803089563,2560.923973705992,251.48538298424666,903.2790000000001,0.0,1579.824,6220.56244198813
t1430,377.89000024380016,255.00882475954197,480.570184251,73.1241704555039,2560.923973705992,0.0,1030.9039112546923,0.0,1579.824,6358.245064670531
t1431,377.89000024380016,278.17737301954196,480.570184251,230.39100000000002,1637.993467836321,846.425441869468,4916.321513101666,0.0,1579.824,10347.592980321799
t1432,544.7901562119789,350.34605113978193,894.49871034273,230.39100000000002,1672.2117456707308,1364.061,6157.593000000001,0.0,2844.676520819246,14058.568184184469
t1433,964.5406222662001,350.34605113978193,1508.6199370968006,230.39100000000002,2560.923973705992,1364.061,6157.593000000001,0.0,3398.784,16535.259584208776
t1434,964.5406222662001,350.34605113978193,1508.6199370968006,556.9770000000001,2560.923973705992,3250.838639142627,6157.593000000001,0.0,3398.784,18748.623223351402
t1435,964.5406222662001,581.4582005269649,1508.6199370968006,832.4734159751364,2560.923973705992,3928.3552345075454,8186.735666439851,310.84499999999997,3398.784,22272.73605051849
t1436,964.5406222662001,540.4553282269651,1508.6199370968006,704.6276594999997,2560.923973705992,3745.2113615760168,10148.395198881,310.84499999999997,3398.784,23882.403081252975
t1437,964.5406222662001,675.6600511397819,1508.6199370968006,556.9770000000001,2560.9239737059925,3516.7873897679465,11431.59321574934,310.84499999999997,3398.784,24924.731189726062
t1438,964.5406222662001,640.9038750798313,1508.6199370968006,556.9770000000001,2560.9239737059925,3311.175,11520.345,310.84499999999997,5071.238014685603,26445.568422834425
t1439,1084.3115708141581,464.0894512317022,1508.6199370968006,556.9770000000001,2560.9239737059925,3311.175,11520.345,310.84499999999997,5509.575145341201,26826.862078189857
t1440,1017.498482914158,561.949218526965,1916.784780753681,481.29781925764433,2560.923973705992,3311.175,11520.345,310.84499999999997,5614.551913033339,27295.37118819178
t1441,964.5406222662001,537.741420826965,2158.758970693894,230.39100000000002,2560.923973705992,2308.136055071712,11520.345,310.84499999999997,4363.708582206791,24955.39062477155
t1442,964.5406222662001,511.75814803696494,1769.8569370968005,230.39100000000002,2560.923973705992,1364.061,11127.600085867049,310.84499999999997,3398.784,22238.760766973006
t1443,964.5406222662001,494.259409396965,2980.6830065485706,230.39100000000002,2560.923973705992,1364.061,10699.206810800342,310.84499999999997,3398.784,23003.69482271807
t1444,964.5406222662001,482.484422716965,1769.8569370968005,230.39100000000002,2560.923973705992,1364.061,10492.814876073247,310.84499999999997,3398.784,21574.701831859205
t1445,964.5406222662001,476.4599031769649,2991.065320582989,230.39100000000002,2560.923973705992,1364.061,10712.62197621511,310.84499999999997,3398.784,23009.692795947256
t1446,964.5406222662001,462.848559823446,2991.065320582989,230.39100000000002,2560.923973705992,1364.061,10272.165347495695,310.84499999999997,3398.784,22555.62482387432
t1447,964.5406222662001,350.34605113978193,1508.6199370968006,230.39100000000002,2560.923973705992,1364.061,6157.593000000001,0.0,3398.784,16535.259584208776
t1448,377.89000024380016,312.33173332363197,1310.8986670682887,230.39100000000002,2560.923973705992,1364.061,6115.113491554348,0.0,1579.824,13851.43386589606
t1449,377.89000024380016,282.53855507136586,480.570184251,230.39100000000002,2560.923973705992,1364.061,2822.415337673597,0.0,1579.824,9698.614050945756
t1450,377.89000024380016,258.06715795954193,480.570184251,230.39100000000002,2560.923973705992,1364.061,985.8905015287502,0.0,1579.824,7837.617817689084
t1451,377.89000024380016,193.96831480838554,480.570184251,222.0238109352692,2560.923973705992,1364.061,903.2790000000001,0.0,1579.824,7682.540283944447
t1452,377.89000024380016,149.174343092031,480.570184251,230.39100000000002,2560.923973705992,1364.061,903.2790000000001,0.0,1579.824,7646.113501292824
t1453,377.89000024380016,51.19800000000001,480.570184251,230.39100000000002,2560.923973705992,1021.8957505578799,903.2790000000001,0.0,1579.824,7205.971908758673
t1454,377.89000024380016,51.19800000000001,480.570184251,230.39100000000002,2560.923973705992,770.7045416386925,903.2790000000001,0.0,1579.824,6954.780699839484
t1455,377.89000024380016,242.37131077954203,480.570184251,230.39100000000002,2560.923973705992,1364.061,2026.5794985095251,0.0,1579.824,8862.61096748986
t1456,377.89000024380016,350.34605113978193,739.1659922370486,230.39100000000002,2560.923973705992,1364.061,5234.1720955073315,0.0,1579.824,12436.774112833955
t1457,964.5406222662001,350.34605113978193,1508.6199370968006,230.39100000000002,2560.923973705992,1364.061,6157.593000000001,0.0,3398.784,16535.259584208776
t1458,964.5406222662001,350.34605113978193,1508.6199370968006,474.98171816289374,2560.923973705992,3051.4990261032067,6157.593000000001,65.09787049509063,3398.784,18532.386198969965
t1459,964.5406222662001,675.6600511397819,1508.6199370968006,556.9770000000001,2560.923973705992,3311.175,11150.672912738162,310.84499999999997,3398.784,24438.198496946938
t1460,964.5406222662001,675.6600511397819,1637.7761998800454,556.9770000000001,2560.9239737059925,3311.175,11520.345,310.84499999999997,3587.6459119173014,25125.88875890932
t1461,964.5406222662001,643.852784956965,1526.5866640023692,556.9770000000001,2560.9239737059925,3311.175,11520.345,310.84499999999997,4113.4890000000005,25508.735044931527
t1462,964.5406222662001,607.669439566965,1508.6199370968006,230.39100000000002,2560.923973705992,3311.0187393812935,11520.345,310.84499999999997,4113.4890000000005,25127.842712017253
t1463,964.5406222662001,576.8675270869652,1508.6199370968006,230.39100000000002,2560.923973705992,2905.3546721018624,11520.345,310.84499999999997,4113.4890000000005,24691.37673225782
t1464,964.5406222662001,541.414215886965,1769.8569370968005,230.39100000000002,2560.923973705992,2306.6947437405643,11520.345,310.84499999999997,3727.1191110449736,23932.130603741498
t1465,964.5406222662001,516.865479256965,2991.065320582989,230.39100000000002,2560.923973705992,1407.4950899945625,11520.345,310.84499999999997,3796.3977358436446,24298.869221650355
t1466,964.5406222662001,499.366740616965,1769.8569370968005,230.39100000000002,2560.923973705992,1364.061,11520.345,310.84499999999997,3398.784,22619.11427368596
t1467,964.5406222662001,475.08550081696484,2827.1015292990714,230.39100000000002,2560.923973705992,1364.061,10018.647320972814,310.84499999999997,3398.784,22150.379947061043
t1468,964.5406222662001,462.89470369696494,2587.0449894784447,230.39100000000002,2560.923973705992,1364.061,10362.612742103685,310.84499999999997,3398.784,22242.098031251287
t1469,964.5406222662001,452.721444856965,1769.8569370968005,230.39100000000002,2560.923973705992,2041.1777174029799,8899.241235471001,310.84499999999997,3398.784,20628.48193079994
t1470,964.5406222662001,415.20819536975705,1769.8569370968005,230.39100000000002,2560.923973705992,1364.061,7681.755919971263,310.84499999999997,3398.784,18696.366648410014
t1471,377.89000024380016,325.746108583632,1508.6199370968006,230.39100000000002,2560.923973705992,1364.061,6157.593000000001,0.0,1758.5028665818702,14283.727886212095
t1472,377.89000024380016,281.94683011978185,832.9505443030586,230.39100000000002,2560.923973705992,1364.061,2876.4367282051244,0.0,1579.824,10104.424076577758
t1473,377.89000024380016,256.44497315569186,565.8058656063963,25.24297954197583,2560.923973705992,1364.061,6157.593000000001,0.0,1579.824,12887.785792253857
t1474,377.89000024380016,264.4236758356918,480.570184251,0.0,2560.923973705992,958.5998907498765,4716.040769848064,0.0,1579.824,10938.272494634424
t1475,377.89000024380016,239.63389999954194,480.570184251,0.0,2560.923973705992,0.0,3810.9075233790545,0.0,1579.824,9049.749581579388
t1476,377.89000024380016,270.98814031954197,480.570184251,43.489966191089934,2560.923973705992,199.0945471580233,2936.3287216872427,0.0,1579.824,8449.109533556692
t1477,430.9000403946173,330.3288370448519,480.570184251,115.61675971813554,2560.923973705992,399.8603450892207,3766.97943947907,0.0,1579.824,9665.003579682889
t1478,377.89000024380016,350.34605113978193,480.570184251,211.78314053576398,2560.923973705992,257.6257423112633,2945.2797039651264,0.0,1579.824,8764.242796152728
t1479,377.89000024380016,350.34605113978193,1508.6199370968006,230.39100000000002,2560.923973705992,528.128482168227,4993.507850942605,0.0,1579.824,12129.631295297208
t1480,377.89000024380016,262.548041899542,1508.6199370968006,230.39100000000002,2560.923973705992,1364.061,6157.593000000001,0.0,2988.1067700996578,15450.133723045792
t1481,964.5406222662001,350.34605113978193,1508.6199370968006,230.39100000000002,2560.923973705992,1364.061,6157.593000000001,0.0,3398.784,16535.259584208776
t1482,964.5406222662001,613.4698306897319,1769.8569370968005,230.39100000000002,2560.923973705992,2908.3963157664907,7896.564765911396,310.84499999999997,3398.784,20653.77244543661
t1483,964.5406222662001,654.7151218169403,2991.065320582989,302.08985654993575,2560.923973705992,1364.061,11520.345,310.84499999999997,3398.784,24067.369894922056
t1484,964.5406222662001,664.860725146965,2991.065320582989,230.39100000000002,2560.923973705992,3311.175,11520.345,310.84499999999997,3398.784,25952.930641702143
t1485,964.5406222662001,621.2947235569651,1769.8569370968005,230.39100000000002,2560.923973705992,2601.361164955296,11520.345,310.84499999999997,3398.784,23978.342421581256
t1486,964.5406222662001,582.6914856169649,2991.065320582989,230.39100000000002,2560.923973705992,1364.061,6906.8009999999995,310.84499999999997,3398.784,19310.103402172146
t1487,964.5406222662001,558.256411726965,2991.065320582989,230.39100000000002,2560.923973705992,1364.061,8389.933949751203,310.84499999999997,3398.784,20768.80127803335
t1488,964.5406222662001,527.494670596965,1769.8569370968005,230.39100000000002,2560.923973705992,2549.525327472229,11520.345,310.84499999999997,3398.784,23832.70653113819
t1489,964.5406222662001,503.6425495369651,2991.065320582989,230.39100000000002,2560.923973705992,1364.061,8697.671248127048,310.84499999999997,3398.784,21021.924714219196
t1490,964.5406222662001,483.58349113696494,2991.065320582989,230.39100000000002,2560.923973705992,1364.061,6906.8009999999995,310.84499999999997,3398.784,19210.995407692146
t1491,964.5406222662001,443.99705113978195,1769.8569370968005,230.39100000000002,2560.923973705992,1364.061,6906.8009999999995,310.84499999999997,3398.784,17950.200584208775
t1492,964.5406222662001,446.3779872323085,2325.9974772106107,230.39100000000002,2560.923973705992,1364.061,6906.8009999999995,310.84499999999997,3398.784,18508.72206041511
t1493,964.5406222662001,443.99705113978195,2697.5415930012614,230.39100000000002,2560.923973705992,1364.061,6157.593000000001,310.84499999999997,3398.784,18128.677240113237
t1494,964.5406222662001,382.2622862778764,1769.8569370968005,230.39100000000002,2560.923973705992,1364.061,6157.593000000001,310.84499999999997,3398.784,17139.25781934687
t1495,377.89000024380016,350.34605113978193,1508.6199370968006,230.39100000000002,2560.923973705992,1364.061,6157.593000000001,0.0,1579.824,14129.648962186377
t1496,377.89000024380016,297.5520632236321,950.8632815502723,230.39100000000002,2560.923973705992,1364.061,3621.5138126637157,0.0,1579.824,10983.019131387413
t1497,377.89000024380016,350.34605113978193,480.570184251,22.523853860628407,2560.923973705992,1364.061,903.2790000000001,0.0,1579.824,7639.418063201203
t1498,377.89000024380016,350.34605113978193,480.570184251,0.0,2560.923973705992,1186.9280953211564,903.2790000000001,0.0,1579.824,7439.761304661732
t1499,377.89000024380016,282.88702931569185,480.570184251,0.0,2560.923973705992,253.22771272021356,903.2790000000001,0.0,1579.824,6438.6019002366975
t1500,377.89000024380016,315.87639065569186,480.570184251,0.0,2560.923973705992,122.49774145268367,903.2790000000001,0.0,1579.824,6340.861290309169
t1501,377.89000024380016,327.68403106870204,480.570184251,49.360490722843174,2560.923973705992,416.29952649699555,1630.3811977619675,0.0,1579.824,7422.933404251302
t1502,377.89000024380016,350.34605113978193,480.570184251,230.39100000000002,2560.923973705992,0.0,2275.7670000000003,0.0,1579.824,7855.712209340574
t1503,377.89000024380016,350.34605113978193,480.570184251,230.39100000000002,2560.923973705992,1364.061,2599.6973990321717,0.0,1579.824,9543.703608372747
t1504,377.89000024380016,350.34605113978193,480.570184251,230.39100000000002,2560.923973705992,1364.061,3753.7741404584153,0.0,1579.824,10697.78034979899
t1505,964.5406222662001,350.34605113978193,1508.6199370968006,230.39100000000002,2560.923973705992,1364.061,6157.593000000001,0.0,3398.784,16535.259584208776
t1506,964.5406222662001,665.830938899757,1508.6199370968006,230.39100000000002,2560.923973705992,1364.061,9087.842639507842,310.84499999999997,3398.784,20091.83911147659
t1507,964.5406222662001,675.6600511397819,2274.91315697633,278.02505103047923,2560.923973705992,2622.019154970115,11520.345,310.84499999999997,3398.784,24606.056010088898
t1508,964.5406222662001,671.067124786965,2235.716669131011,230.39100000000002,2560.9239737059925,2526.3656901230484,11520.345,310.84499999999997,3398.784,24418.979080013218
t1509,964.5406222662001,620.0754368269652,2991.065320582989,230.39100000000002,2560.923973705992,2006.1088282983044,11520.345,310.84499999999997,3398.784,24603.07918168045
t1510,964.5406222662001,598.8304117369652,1769.8569370968005,230.39100000000002,2560.923973705992,1614.044164040917,11520.345,310.84499999999997,3398.784,22968.561108846876
t1511,964.5406222662001,561.8021371669652,2991.065320582989,230.39100000000002,2560.923973705992,1850.7055832701435,11520.345,310.84499999999997,3398.784,24389.402636992287
t1512,964.5406222662001,531.127294306965,2991.065320582989,230.39100000000002,2560.923973705992,2395.095335940649,11520.345,310.84499999999997,3398.784,24903.117546802794
t1513,964.5406222662001,454.4770067869651,1508.6199370968006,230.39100000000002,2560.923973705992,3311.175,10687.11994623295,310.84499999999997,3398.784,23426.87648608891
t1514,964.5406222662001,435.49025233696506,1508.6199370968006,230.39100000000002,2560.923973705992,3311.175,6906.8009999999995,310.84499999999997,3398.784,19627.57078540596
t1515,964.5406222662001,381.49380050693986,1508.6199370968006,230.39100000000002,2560.923973705992,1364.061,6157.593000000001,310.84499999999997,3398.784,16877.252333575932
t1516,964.5406222662001,417.97820539696494,1508.6199370968006,230.39100000000002,2560.923973705992,1364.061,6906.8009999999995,310.84499999999997,3398.784,17662.944738465958
t1517,964.5406222662001,424.131026806965,1508.6199370968006,230.39100000000002,2560.923973705992,2743.141417446732,6906.8009999999995,310.84499999999997,3398.784,19048.177977322688
t1518,964.5406222662001,426.2831676434458,1508.6199370968006,230.39100000000002,2560.923973705992,1364.061,6157.593000000001,310.84499999999997,3398.784,16922.041700712438
t1519,821.7594641186554,350.34605113978193,1508.6199370968006,230.39100000000002,2560.923973705992,3311.175,6157.593000000001,0.0,3398.784,18339.59242606123
t1520,377.89000024380016,166.95000000000002,1198.0639393787344,230.39100000000002,2560.923973705992,1364.061,4368.907046730817,0.0,1579.824,11847.010960059342
t1521,377.89000024380016,166.95000000000002,480.570184251,230.39100000000002,2560.923973705992,1364.061,1294.4514127254663,0.0,1579.824,8055.061570926258
t1522,377.89000024380016,51.19800000000001,480.570184251,230.39100000000002,2560.923973705992,1364.061,964.5026060460165,0.0,1579.824,7609.360764246809
t1523,377.89000024380016,51.19800000000001,480.570184251,4.763239449786254,2560.923973705992,1364.061,903.2790000000001,0.0,1579.824,7322.50939765058
t1524,377.89000024380016,154.7449390788544,480.570184251,0.0,2560.923973705992,1364.061,903.2790000000001,0.0,1579.824,7421.293097279648
t1525,377.89000024380016,51.19800000000001,480.570184251,0.0,2560.923973705992,1364.061,903.2790000000001,0.0,1579.824,7317.746158200793
t1526,377.89000024380016,166.95000000000002,480.570184251,0.0,2560.923973705992,1364.061,1072.8781935478285,0.0,1579.824,7603.09735174862
t1527,377.89000024380016,350.34605113978193,480.570184251,230.39100000000002,2560.923973705992,1364.061,1835.9995511176228,0.0,1579.824,8780.005760458198
t1528,377.89000024380016,350.34605113978193,1049.1731719674003,230.39100000000002,2560.923973705992,1364.061,4052.230187807761,0.0,1579.824,11564.839384864736
t1529,964.5406222662001,531.923218619757,1508.6199370968006,230.39100000000002,2560.923973705992,1398.4586257026904,6157.593000000001,310.84499999999997,3398.784,17062.07937739144
t1530,964.5406222662001,608.7793433534458,1508.6199370968006,230.39100000000002,2560.923973705992,2114.1490491248037,11520.345,310.84499999999997,3398.784,23217.37792554724
t1531,964.5406222662001,596.807040621306,1508.6199370968006,230.39100000000002,2560.9239737059925,3039.452877836311,8154.326671579518,310.84499999999997,3398.784,20764.69112310613
t1532,964.5406222662001,590.7496119769651,1508.6199370968006,230.39100000000002,2560.9239737059925,3046.489864630957,11520.345,310.84499999999997,3398.784,24131.689009676917
t1533,964.5406222662001,557.928978256965,1508.6199370968006,230.39100000000002,2560.9239737059925,2795.961262080492,11520.345,310.84499999999997,3398.784,23848.33977340645
t1534,964.5406222662001,525.8529192769649,1508.6199370968006,230.39100000000002,2560.923973705992,3311.175,7829.289935501985,310.84499999999997,3398.784,20640.422387847946
t1535,964.5406222662001,491.98802761696504,1508.6199370968006,230.39100000000002,2560.923973705992,2305.351382004328,11520.345,310.84499999999997,3398.784,23291.788942690284
t1536,964.5406222662001,443.99705113978195,1508.6199370968006,230.39100000000002,2560.923973705992,3311.175,11520.345,310.84499999999997,3398.784,24249.621584208777
t1537,964.5406222662001,443.99705113978195,1508.6199370968006,230.39100000000002,2560.923973705992,3311.175,11520.345,310.84499999999997,3398.784,24249.621584208777
t1538,964.5406222662001,387.33116591694005,1508.6199370968006,230.39100000000002,2560.923973705992,3311.175,8114.886397016931,310.84499999999997,3398.784,20787.497096002866
t1539,964.5406222662001,423.2727400369651,1508.6199370968006,230.39100000000002,2560.923973705992,3054.787106435886,8539.464452998744,310.84499999999997,3398.784,20991.62883254059
t1540,964.5406222662001,371.40743993693997,1508.6199370968006,230.39100000000002,2560.923973705992,1364.061,6906.8009999999995,310.84499999999997,3398.784,17616.37397300593
t1541,964.5406222662001,418.7228294269652,1508.6199370968006,230.39100000000002,2560.923973705992,1364.061,9023.43736912353,310.84499999999997,3398.784,19780.325731619487
t1542,964.5406222662001,378.354462683421,1508.6199370968006,230.39100000000002,2560.923973705992,3311.175,6157.593000000001,310.84499999999997,3398.784,18821.226995752415
t1543,633.2948130190598,350.34605113978193,1508.6199370968006,230.39100000000002,2560.923973705992,1364.061,6157.593000000001,0.0,2881.642209057281,15686.871984018917
t1544,377.89000024380016,290.03138552751585,971.4630327073739,230.39100000000002,2560.923973705992,1364.061,3187.0345146107825,0.0,1579.824,10561.618906795466
t1545,377.89000024380016,288.7848996730319,480.570184251,230.39100000000002,2560.923973705992,1364.061,2275.7670000000003,0.0,1579.824,9158.212057873825
t1546,377.89000024380016,287.01193093978196,480.570184251,230.39100000000002,2560.923973705992,1364.061,903.2790000000001,0.0,1579.824,7783.951089140575
t1547,377.89000024380016,224.25541642363197,480.570184251,230.39100000000002,2560.923973705992,1364.061,903.2790000000001,0.0,1579.824,7721.194574624424
t1548,377.89000024380016,254.01918329569196,480.570184251,230.39100000000002,2560.923973705992,1364.061,903.2790000000001,0.0,1579.824,7750.958341496485
t1549,377.89000024380016,237.78017305954197,480.570184251,230.39100000000002,2560.923973705992,1364.061,1987.1398799604985,0.0,1579.824,8818.580211220833
t1550,377.89000024380016,314.97546803569185,480.570184251,230.39100000000002,2560.923973705992,1364.061,903.2790000000001,0.0,1579.824,7811.914626236485
t1551,377.89000024380016,312.43905553954204,480.570184251,230.39100000000002,2560.923973705992,1364.061,1162.5721768536655,0.0,1579.824,8068.671390594
t1552,377.89000024380016,350.34605113978193,480.570184251,230.39100000000002,2560.923973705992,1364.061,4149.966973582212,0.0,1579.824,11093.973182922786
t1553,964.5406222662001,350.34605113978193,1508.6199370968006,230.39100000000002,2560.923973705992,1364.061,6157.593000000001,0.0,3398.784,16535.259584208776
t1554,964.5406222662001,553.0510359097323,1508.6199370968006,230.39100000000002,2560.923973705992,3311.175,10540.966344731916,310.84499999999997,3398.784,23379.29691371064
t1555,964.5406222662001,610.5479755669651,1508.6199370968006,556.9770000000001,2560.9239737059925,3311.175,11520.345,310.84499999999997,3398.784,24742.75850863596
t1556,964.5406222662001,582.0364215169651,1508.6199370968006,377.61132213470523,2560.9239737059925,3311.175,11520.345,310.84499999999997,3398.784,24534.881276720662
t1557,964.5406222662001,546.039047296965,1508.6199370968006,230.39100000000002,2560.9239737059925,3311.175,10968.954665850866,310.84499999999997,3398.784,23800.273246216824
t1558,964.5406222662001,519.5864351269651,1508.6199370968006,230.39100000000002,2560.9239737059925,2831.8025563765727,10208.118832594193,310.84499999999997,3398.784,22533.612357166727
t1559,964.5406222662001,489.87018418696505,1508.6199370968006,230.39100000000002,2560.923973705992,3311.175,11520.345,310.84499999999997,3398.784,24295.494717255955
t1560,964.5406222662001,464.4898759669651,1508.6199370968006,230.39100000000002,2560.923973705992,2620.258308464533,10532.083527071016,310.84499999999997,3398.784,22590.93624457151
t1561,964.5406222662001,443.49899011696516,1508.6199370968006,230.39100000000002,2560.923973705992,3311.175,8966.95255372038,310.84499999999997,3398.784,21695.73107690634
t1562,964.5406222662001,430.20912457696505,1508.6199370968006,230.39100000000002,2560.923973705992,1364.061,9588.87311251322,310.84499999999997,3398.784,20357.247770159178
t1563,964.5406222662001,371.44761128693995,1508.6199370968006,230.39100000000002,2560.923973705992,2447.5842268758124,6906.8009999999995,310.84499999999997,3398.784,18699.937371231747
t1564,964.5406222662001,362.96297855694,1508.6199370968006,230.39100000000002,2560.923973705992,1364.061,6906.8009999999995,310.84499999999997,3398.784,17607.92951162593
t1565,964.5406222662001,410.2917749269651,1508.6199370968006,230.39100000000002,2560.923973705992,3164.3714126600576,6906.8009999999995,310.84499999999997,3398.784,19455.568720656014
t1566,964.5406222662001,414.4632284834462,1508.6199370968006,230.39100000000002,2560.923973705992,3311.175,6157.593000000001,310.84499999999997,3398.784,18857.33576155244
t1567,583.0863727513183,350.34605113978193,1508.6199370968006,230.39100000000002,2560.923973705992,1364.061,6157.593000000001,0.0,1855.3997345043344,14610.42106919823
t1568,377.89000024380016,51.19800000000001,653.9610260221085,230.39100000000002,2560.923973705992,1364.061,1411.5569369380457,0.0,1579.824,8229.805936909946
t1569,377.89000024380016,51.19800000000001,480.570184251,230.39100000000002,2560.923973705992,1364.061,1415.7830986027398,0.0,1579.824,8060.641256803532
t1570,377.89000024380016,51.19800000000001,480.570184251,147.50263795130516,2560.923973705992,1364.061,903.2790000000001,0.0,1579.824,7465.248796152098
t1571,377.89000024380016,51.19800000000001,480.570184251,109.04757391232135,2560.923973705992,1364.061,903.2790000000001,0.0,1579.824,7426.793732113114
t1572,377.89000024380016,51.19800000000001,480.570184251,129.3439964001364,2560.923973705992,1364.061,903.2790000000001,0.0,1579.824,7447.090154600928
t1573,377.89000024380016,51.19800000000001,480.570184251,230.39100000000002,2560.923973705992,1364.061,903.2790000000001,0.0,1579.824,7548.137158200792
t1574,377.89000024380016,51.19800000000001,480.570184251,230.39100000000002,2560.923973705992,1364.061,903.2790000000001,0.0,1579.824,7548.137158200792
t1575,377.89000024380016,51.19800000000001,480.570184251,230.39100000000002,2560.923973705992,1364.061,903.2790000000001,0.0,1579.824,7548.137158200792
t1576,377.89000024380016,350.34605113978193,480.570184251,230.39100000000002,2560.923973705992,1364.061,2500.3336648228446,0.0,1579.824,9444.33987416342
t1577,964.5406222662001,350.34605113978193,1508.6199370968006,230.39100000000002,2560.923973705992,1364.061,6157.593000000001,0.0,3398.784,16535.259584208776
t1578,964.5406222662001,583.8395415097322,1508.6199370968006,556.9770000000001,2560.923973705992,3311.175,8752.053314083,310.84499999999997,3398.784,21947.75838866173
t1579,964.5406222662001,633.924152386965,1516.0908608660488,556.9770000000001,2560.923973705992,3355.9716318563137,11520.345,310.84499999999997,3398.784,24818.40224108152
t1580,964.5406222662001,603.3082110769652,1508.6199370968006,556.9770000000001,2560.923973705992,3311.175,11520.345,310.84499999999997,3398.784,24735.518744145957
t1581,964.5406222662001,566.1516346369649,1508.6199370968006,556.9770000000001,2560.9239737059925,3311.175,11520.345,310.84499999999997,3398.784,24698.362167705956
t1582,964.5406222662001,530.2691554069651,1508.6199370968006,342.64040801490165,2560.923973705992,3311.175,11520.345,310.84499999999997,3398.784,24448.143096490858
t1583,964.5406222662001,495.331910506965,1508.6199370968006,230.39100000000002,2560.923973705992,3311.175,11520.345,310.84499999999997,3398.784,24300.95644357596
t1584,964.5406222662001,470.038500556965,1508.6199370968006,230.39100000000002,2560.923973705992,3311.175,11520.345,310.84499999999997,3398.784,24275.663033625955
t1585,964.5406222662001,443.99705113978195,1508.6199370968006,230.39100000000002,2560.923973705992,3311.175,10860.130380183633,310.84499999999997,3398.784,23589.40696439241
t1586,964.5406222662001,435.03436912696515,1508.6199370968006,230.39100000000002,2560.923973705992,3311.175,9574.618662580391,310.84499999999997,3398.784,22294.932564776347
t1587,964.5406222662001,425.919958066965,1508.6199370968006,230.39100000000002,2560.923973705992,1364.061,8401.255429543837,310.84499999999997,3398.784,19165.340920679795
t1588,964.5406222662001,416.90590144696506,1508.6199370968006,230.39100000000002,2560.923973705992,3105.7693459868815,8894.959978548659,310.84499999999997,3398.784,21391.7397590515
t1589,964.5406222662001,418.7362363069651,1508.6199370968006,230.39100000000002,2560.923973705992,1364.061,8508.610702556216,310.84499999999997,3398.784,19265.512471932172
t1590,964.5406222662001,420.16011739344606,1508.6199370968006,230.39100000000002,2560.923973705992,3311.175,9756.218534906784,310.84499999999997,3398.784,22461.658185369226
t1591,964.5406222662001,350.34605113978193,1508.6199370968006,230.39100000000002,2560.923973705992,3311.175,6157.593000000001,0.0,3398.784,18482.373584208777
t1592,377.89000024380016,304.08907153978197,627.60281535246,230.39100000000002,2560.923973705992,1364.061,5120.291574656804,0.0,1579.824,12165.073435498838
t1593,377.89000024380016,283.751516196352,480.570184251,230.39100000000002,2560.923973705992,1364.061,2480.086283021865,0.0,1579.824,9357.49795741901
t1594,377.89000024380016,275.9063946797819,480.570184251,230.39100000000002,2560.923973705992,1364.061,1039.2221518490053,0.0,1579.824,7908.788704729579
t1595,377.89000024380016,51.19800000000001,480.570184251,230.39100000000002,2560.923973705992,1364.061,903.2790000000001,0.0,1579.824,7548.137158200792
t1596,377.89000024380016,51.19800000000001,480.570184251,230.39100000000002,2560.923973705992,1364.061,903.2790000000001,0.0,1579.824,7548.137158200792
t1597,377.89000024380016,51.19800000000001,480.570184251,230.39100000000002,2560.923973705992,1364.061,903.2790000000001,0.0,1579.824,7548.137158200792
t1598,377.89000024380016,51.19800000000001,480.570184251,230.39100000000002,2560.923973705992,1364.061,903.2790000000001,0.0,1579.824,7548.137158200792
t1599,377.89000024380016,350.34605113978193,480.570184251,230.39100000000002,2560.923973705992,1364.061,2914.1721026388263,0.0,1579.824,9858.178311979402
t1600,377.89000024380016,350.34605113978193,1169.9132370864238,230.39100000000002,2560.923973705992,1364.061,6157.593000000001,0.0,2022.7607406864133,14233.879002862412
t1601,964.5406222662001,350.34605113978193,1508.6199370968006,230.39100000000002,2560.923973705992,1364.061,6157.593000000001,310.84499999999997,3398.784,16846.104584208777
t1602,964.5406222662001,618.871474673421,1508.6199370968006,556.9770000000001,2560.923973705992,3311.175,9209.80118202039,310.84499999999997,3398.784,22440.538189762803
t1603,964.5406222662001,585.3870516823351,1653.242881674609,556.9770000000001,2560.9239737059925,3992.599247102756,10763.592580755641,310.84499999999997,3398.784,24786.892357187535
t1604,964.5406222662001,617.596593436965,1714.0537863262168,556.9770000000001,2560.9239737059925,3557.7876799119495,11520.345,310.84499999999997,3831.724951383477,25634.794607030803
t1605,964.5406222662001,566.4736954969649,1988.242014744009,556.9770000000001,2560.9239737059925,3311.175,11520.345,310.84499999999997,4620.159808011842,26399.682114225012
t1606,964.5406222662001,530.0617923769651,2156.24332029643,556.9770000000001,2560.9239737059925,3311.175,11520.345,310.84499999999997,5729.289123569649,27640.400832215233
t1607,964.5406222662001,496.72627531696503,2982.798310630802,394.97862211557856,2560.923973705992,3311.175,11520.345,310.84499999999997,5664.018850539157,28206.351654574697
t1608,964.5406222662001,470.91679906696487,2228.714436928516,230.39100000000002,2560.923973705992,3311.175,11520.345,310.84499999999997,5219.579806333339,26817.431638301012
t1609,964.5406222662001,448.09681060696494,1606.6385106787704,230.39100000000002,2560.923973705992,3311.175,11520.345,310.84499999999997,3977.799331511292,24930.75524876922
t1610,964.5406222662001,431.74396588696493,1508.6199370968006,230.39100000000002,2560.923973705992,1364.061,10219.75499935586,310.84499999999997,3398.784,20989.664498311817
t1611,964.5406222662001,421.14153901696517,1508.6199370968006,230.39100000000002,2560.923973705992,3311.175,8874.203573487308,310.84499999999997,3398.784,21580.62464557327
t1612,964.5406222662001,412.65690628696507,1508.6199370968006,230.39100000000002,2560.923973705992,3113.077490369226,9217.252998101541,310.84499999999997,3398.784,21717.091927826725
t1613,964.5406222662001,411.410805796965,1508.6199370968006,230.39100000000002,2560.923973705992,1364.061,8438.060875100426,310.84499999999997,3398.784,19187.637213966384
t1614,964.5406222662001,419.84989456696496,1680.877118348571,230.39100000000002,2560.923973705992,1364.061,10858.726135474508,310.84499999999997,3398.784,21788.998744362238
t1615,964.5406222662001,350.34605113978193,1508.6199370968006,230.39100000000002,2560.923973705992,3311.175,6157.593000000001,310.84499999999997,3398.784,18793.218584208775
t1616,377.89000024380016,282.864040699782,930.8379223963683,230.39100000000002,2560.923973705992,1364.061,6157.593000000001,0.0,1686.9762227772299,13591.537159823172
t1617,377.89000024380016,202.99752385954204,480.570184251,230.39100000000002,2560.923973705992,1364.061,3609.7319641689046,0.0,1579.824,10406.38964622924
t1618,377.89000024380016,190.41730711954196,480.570184251,0.0,2560.923973705992,1364.061,1423.204721562048,0.0,1579.824,7976.891186882382
t1619,377.89000024380016,203.91766957954198,480.570184251,0.0,2560.923973705992,402.0975259146753,1389.0462403214542,0.0,1579.824,6994.269594016463
t1620,377.89000024380016,235.98969631954196,480.570184251,0.0,2560.923973705992,0.0,1796.3572731467898,0.0,1579.824,7031.555127667125
t1621,377.89000024380016,261.345378619542,480.570184251,0.0,2560.923973705992,0.0,1384.0778181256662,0.0,1579.824,6644.631354946001
t1622,377.89000024380016,290.10629367810213,480.570184251,110.85973319511335,2560.923973705992,314.1617347897293,903.2790000000001,0.0,1579.824,6617.614919863738
t1623,377.89000024380016,350.34605113978193,665.4284864416923,230.39100000000002,2560.923973705992,1364.061,3947.8584855196336,0.0,1579.824,11076.7229970509
t1624,377.89000024380016,350.34605113978193,1378.2525709087329,230.39100000000002,2560.923973705992,1364.061,6157.593000000001,0.0,2445.1178981291496,14864.575494127457
t1625,964.5406222662001,350.34605113978193,1508.6199370968006,230.39100000000002,2560.923973705992,1364.061,6157.593000000001,0.0,3398.784,16535.259584208776
t1626,964.5406222662001,590.5658979369655,1508.6199370968006,513.438624936896,2560.923973705992,3278.6582875324607,9273.687278389889,310.84499999999997,3398.784,22400.063621865203
t1627,964.5406222662001,482.9077896959625,1762.0039425301288,556.9770000000001,2560.9239737059925,3311.175,11080.621627300023,310.84499999999997,3398.784,24428.77895549831
t1628,964.5406222662001,628.0317793369652,2132.5516101505286,556.9770000000001,2560.9239737059925,3311.175,11468.210759030198,310.84499999999997,3398.784,25332.039744489884
t1629,964.5406222662001,575.6347841869651,1920.252421468089,230.39100000000002,2560.9239737059925,3239.320303120606,11520.345,310.84499999999997,5233.603217023932,26555.85632177179
t1630,964.5406222662001,566.2383357469652,1684.1436509258606,230.39100000000002,2560.923973705992,2625.0283501248846,11520.345,310.84499999999997,5407.339217533339,25869.795150303242
t1631,964.5406222662001,532.916225566965,1508.6199370968006,230.39100000000002,2560.923973705992,3008.0052992975343,11520.345,310.84499999999997,3472.7598091174186,24109.346867050914
t1632,964.5406222662001,507.9650360869651,1508.6199370968006,230.39100000000002,2560.923973705992,3178.416973063448,10948.446356521614,310.84499999999997,3398.784,23608.93289874102
t1633,964.5406222662001,481.5459904069649,1508.6199370968006,230.39100000000002,2560.923973705992,1839.5420055591962,11520.345,310.84499999999997,3398.784,22815.537529035155
t1634,964.5406222662001,461.473574416965,1508.6199370968006,230.39100000000002,2560.923973705992,2955.200057438656,10338.09770082065,310.84499999999997,3398.784,22728.875865745264
t1635,964.5406222662001,443.4454118869651,1508.6199370968006,230.39100000000002,2560.923973705992,1364.061,9453.592759971403,310.84499999999997,3398.784,20235.203704927364
t1636,964.5406222662001,396.96033139894496,1508.6199370968006,230.39100000000002,2560.923973705992,1364.061,9194.595298938615,310.84499999999997,3398.784,19929.721163406553
t1637,964.5406222662001,429.00980029696507,1508.6199370968006,230.39100000000002,2560.923973705992,1364.061,7965.737921158485,310.84499999999997,3398.784,18732.913254524443
t1638,964.5406222662001,378.01624313694003,1508.6199370968006,230.39100000000002,2560.923973705992,1364.061,6906.8009999999995,310.84499999999997,3398.784,17622.982776205932
t1639,377.89000024380016,323.037305083632,1508.6199370968006,230.39100000000002,2560.923973705992,1560.1109934022445,6157.593000000001,0.0,1579.824,14298.39020953247
t1640,377.89000024380016,273.81488005978196,480.570184251,230.39100000000002,2560.923973705992,1364.061,3707.6911890300453,0.0,1579.824,10575.16622729062
t1641,377.89000024380016,246.40456199569198,480.570184251,100.35613805817474,2560.923973705992,1364.061,3291.565559880234,0.0,1579.824,10001.595418134893
t1642,377.89000024380016,254.43555977569181,480.570184251,203.21392365729415,2560.923973705992,1364.061,2275.7670000000003,0.0,1579.824,9096.685641633778
t1643,377.89000024380016,224.5885790595419,480.570184251,5.616024695278862,2560.923973705992,1364.061,2275.7670000000003,0.0,1579.824,8869.240761955614
t1644,377.89000024380016,250.0480247595419,480.570184251,0.1955715222146049,2560.923973705992,1251.765906808371,2275.7670000000003,0.0,1579.824,8776.98466129092
t1645,377.89000024380016,284.7979496289419,480.570184251,171.7915501731593,2560.923973705992,1090.5880839892093,2275.7670000000003,0.0,1579.824,8822.152741992104
t1646,377.89000024380016,344.2677931756919,480.570184251,230.39100000000002,2560.923973705992,1364.061,2191.1284737898904,0.0,1579.824,9129.056425166375
t1647,377.89000024380016,341.37779965954195,480.570184251,230.39100000000002,2560.923973705992,1364.061,3050.107269491737,0.0,1579.824,9985.145227352072
t1648,377.89000024380016,350.34605113978193,1080.6072629240582,230.39100000000002,2560.923973705992,1364.061,6157.593000000001,0.0,1901.470461331213,14023.282749344846
t1649,964.5406222662001,479.542394409732,1508.6199370968006,230.39100000000002,2560.923973705992,1364.061,6157.593000000001,310.84499999999997,3398.784,16975.300927478725
t1650,964.5406222662001,641.649562813446,1508.6199370968006,230.39100000000002,2560.923973705992,3311.175,11520.345,310.84499999999997,3398.784,24447.274095882436
t1651,964.5406222662001,650.2769971069652,1508.6199370968006,230.39100000000002,2560.9239737059925,3311.175,11520.345,310.84499999999997,3398.784,24455.901530175957
t1652,964.5406222662001,620.806900426965,1508.6199370968006,230.39100000000002,2560.9239737059925,1364.061,11520.345,310.84499999999997,3398.784,22479.31743349596
t1653,964.5406222662001,579.5016339769651,1508.6199370968006,230.39100000000002,2560.923973705992,3311.175,11520.345,310.84499999999997,3398.784,24385.126167045957
t1654,964.5406222662001,547.225013986965,1508.6199370968006,230.39100000000002,2560.923973705992,1699.5972653141137,11520.345,310.84499999999997,3398.784,22741.271812370072
t1655,964.5406222662001,520.772401816965,1508.6199370968006,230.39100000000002,2560.923973705992,2376.090192023723,9332.317918759414,310.84499999999997,3398.784,21203.285045669094
t1656,964.5406222662001,494.3197896469651,1508.6199370968006,230.39100000000002,2560.923973705992,3311.175,6906.8009999999995,310.84499999999997,3398.784,19686.40032271596
t1657,964.5406222662001,471.057275566965,1508.6199370968006,230.39100000000002,2560.923973705992,3311.175,11520.345,310.84499999999997,3398.784,24276.681808635956
t1658,964.5406222662001,443.99705113978195,1508.6199370968006,230.39100000000002,2560.923973705992,1364.061,8590.564334570076,310.84499999999997,3398.784,19372.72691877885
t1659,964.5406222662001,395.29973234694006,1508.6199370968006,230.39100000000002,2560.923973705992,1364.061,6906.8009999999995,310.84499999999997,3398.784,17640.266265415932
t1660,964.5406222662001,397.495665564123,1508.6199370968006,230.39100000000002,2560.923973705992,2718.190850015436,6157.593000000001,310.84499999999997,3398.784,18247.384048648553
t1661,964.5406222662001,428.0511590869649,1508.6199370968006,230.39100000000002,2560.923973705992,1364.061,6906.8009999999995,310.84499999999997,3398.784,17673.017692155958
t1662,964.5406222662001,376.0990100069399,1508.6199370968006,230.39100000000002,2560.923973705992,2476.220345821836,6157.593000000001,310.84499999999997,3398.784,17984.016888897768
t1663,377.89000024380016,326.4612905836319,1508.6199370968006,230.39100000000002,2560.923973705992,1364.061,6157.593000000001,0.0,1579.824,14105.764201630225
t1664,377.89000024380016,268.6747884797819,480.570184251,230.39100000000002,2560.923973705992,1364.061,2275.7670000000003,0.0,1579.824,9138.101946680576
t1665,377.89000024380016,234.97839269569192,480.570184251,230.39100000000002,2560.923973705992,1364.061,1124.343761926476,0.0,1579.824,7952.98231282296
t1666,377.89000024380016,249.32560505569197,480.570184251,0.0,2560.923973705992,782.986488000536,2129.777291619823,0.0,1579.824,8161.297542876842
t1667,377.89000024380016,204.140781559542,480.570184251,0.0,2560.923973705992,0.0,903.2790000000001,0.0,1579.824,6106.627939760334
t1668,377.89000024380016,243.4602890595419,480.570184251,0.0,2560.923973705992,0.0,903.2790000000001,0.0,1579.824,6145.947447260334
t1669,377.89000024380016,279.46847950894204,480.570184251,0.0,2560.923973705992,339.4013456273933,903.2790000000001,0.0,1579.824,6521.3569833371275
t1670,377.89000024380016,338.382878815692,480.570184251,0.0,2560.923973705992,1133.937519436049,2198.9031737590103,0.0,1579.824,8670.431730211543
t1671,377.89000024380016,345.31336765954194,480.570184251,65.57915024010283,2560.923973705992,1364.061,2771.016513412044,0.0,1579.824,9545.17818951248
t1672,377.89000024380016,350.34605113978193,674.7302954085845,230.39100000000002,2560.923973705992,1364.061,5323.784658481443,0.0,1579.824,12461.950978979603
t1673,964.5406222662001,473.2925209897319,1508.6199370968006,230.39100000000002,2560.923973705992,1364.061,6157.593000000001,310.84499999999997,3398.784,16969.051054058724
t1674,964.5406222662001,590.8730295234209,1508.6199370968006,230.39100000000002,2560.923973705992,1364.061,11520.345,310.84499999999997,3398.784,22449.38356259241
t1675,964.5406222662001,592.7428541069402,1508.6199370968006,230.39100000000002,2560.9239737059925,3311.175,9328.495891426408,310.84499999999997,3398.784,22206.518278602343
t1676,964.5406222662001,608.3419523269649,1508.6199370968006,230.39100000000002,2560.9239737059925,1941.0987940541754,11520.345,310.84499999999997,3398.784,23043.890279450134
t1677,964.5406222662001,569.455395466965,1508.6199370968006,230.39100000000002,2560.9239737059925,3311.175,7578.974323761106,310.84499999999997,3398.784,20433.709252297063
t1678,964.5406222662001,537.7082486569651,1508.6199370968006,230.39100000000002,2560.923973705992,1364.061,8417.844354657465,310.84499999999997,3398.784,19293.718136383424
t1679,964.5406222662001,512.401431826965,1508.6199370968006,230.39100000000002,2560.923973705992,3311.175,9780.940524319187,310.84499999999997,3398.784,22578.621489215147
t1680,964.5406222662001,486.9074608669649,1508.6199370968006,230.39100000000002,2560.923973705992,3311.175,10243.918856673254,310.84499999999997,3398.784,23016.105850609212
t1681,964.5406222662001,350.34605113978193,1508.6199370968006,230.39100000000002,2560.923973705992,1364.061,6157.593000000001,0.0,2176.432452116226,15312.908036325003
t1682,964.5406222662001,350.34605113978193,1508.6199370968006,230.39100000000002,2560.923973705992,1364.061,6157.593000000001,0.0,3398.784,16535.259584208776
t1683,964.5406222662001,350.34605113978193,1508.6199370968006,230.39100000000002,2560.923973705992,1364.061,6157.593000000001,0.0,3356.0120159763474,16492.487600185123
t1684,964.5406222662001,350.34605113978193,1508.6199370968006,230.39100000000002,2560.923973705992,1364.061,6157.593000000001,0.0,2726.8177947363474,15863.293378945124
t1685,964.5406222662001,350.34605113978193,1508.6199370968006,230.39100000000002,2560.923973705992,1364.061,6157.593000000001,0.0,3398.784,16535.259584208776
t1686,964.5406222662001,350.34605113978193,1508.6199370968006,230.39100000000002,2560.923973705992,1364.061,6157.593000000001,0.0,3398.784,16535.259584208776
t1687,377.89000024380016,288.49792693453793,1508.6199370968006,230.39100000000002,2560.923973705992,1364.061,6157.593000000001,0.0,1579.824,14067.800837981133
t1688,0.0,51.19800000000001,480.570184251,230.39100000000002,2560.923973705992,1364.061,903.2790000000001,0.0,0.0,5590.423157956992
t1689,0.0,51.19800000000001,0.0,0.0,2560.923973705992,0.0,903.2790000000001,0.0,0.0,3515.400973705992
t1690,0.0,51.19800000000001,0.0,0.0,2560.923973705992,0.0,903.2790000000001,0.0,0.0,3515.400973705992
t1691,0.0,51.19800000000001,0.0,0.0,2560.923973705992,0.0,903.2790000000001,0.0,0.0,3515.400973705992
t1692,0.0,51.19800000000001,0.0,0.0,2560.923973705992,0.0,903.2790000000001,0.0,0.0,3515.400973705992
t1693,0.0,51.19800000000001,0.0,0.0,2560.923973705992,0.0,903.2790000000001,0.0,0.0,3515.400973705992
t1694,0.0,51.19800000000001,0.0,0.0,2560.923973705992,0.0,903.2790000000001,0.0,0.0,3515.400973705992
t1695,0.0,51.19800000000001,0.0,0.0,2560.923973705992,0.0,833.0961807111361,0.0,0.0,3445.218154417128
t1696,0.0,51.19800000000001,293.66624871324336,0.0,2560.923973705992,618.4441970487113,903.2790000000001,0.0,1492.7940570998041,5920.305476567752
t1697,941.4308156703756,350.34605113978193,1508.6199370968006,230.39100000000002,2560.923973705992,1364.061,6157.593000000001,0.0,3398.784,16512.14977761295
t1698,964.5406222662001,350.34605113978193,1508.6199370968006,230.39100000000002,2560.923973705992,1364.061,6157.593000000001,0.0,3398.784,16535.259584208776
t1699,964.5406222662001,350.34605113978193,1508.6199370968006,230.39100000000002,2560.923973705992,2633.536843758407,6157.593000000001,0.0,3398.784,17804.73542796718
t1700,964.5406222662001,350.34605113978193,1508.6199370968006,230.39100000000002,2560.923973705992,3311.175,6157.593000000001,0.0,3398.784,18482.373584208777
t1701,964.5406222662001,350.34605113978193,1508.6199370968006,230.39100000000002,2560.923973705992,2365.711772775744,6157.593000000001,0.0,3398.784,17536.91035698452
t1702,964.5406222662001,350.34605113978193,1508.6199370968006,230.39100000000002,2560.923973705992,1364.061,6157.593000000001,0.0,3398.784,16535.259584208776
t1703,964.5406222662001,350.34605113978193,1508.6199370968006,230.39100000000002,2560.923973705992,1364.061,6157.593000000001,0.0,3398.784,16535.259584208776
t1704,964.5406222662001,350.34605113978193,1508.6199370968006,230.39100000000002,2560.923973705992,1364.061,6157.593000000001,0.0,3398.784,16535.259584208776
t1705,964.5406222662001,350.34605113978193,1508.6199370968006,230.39100000000002,2560.923973705992,3311.175,6157.593000000001,0.0,3398.784,18482.373584208777
t1706,964.5406222662001,350.34605113978193,1508.6199370968006,230.39100000000002,2560.923973705992,3124.5219653271415,6157.593000000001,0.0,3398.784,18295.720549535916
t1707,964.5406222662001,350.34605113978193,1508.6199370968006,230.39100000000002,2560.923973705992,1364.061,6157.593000000001,0.0,3398.784,16535.259584208776
t1708,964.5406222662001,350.34605113978193,1508.6199370968006,230.39100000000002,2560.923973705992,1364.061,6157.593000000001,0.0,3398.784,16535.259584208776
t1709,964.5406222662001,350.34605113978193,1508.6199370968006,230.39100000000002,2560.923973705992,1364.061,6157.593000000001,0.0,3398.784,16535.259584208776
t1710,964.5406222662001,350.34605113978193,1508.6199370968006,230.39100000000002,2560.923973705992,3174.8201675370606,6157.593000000001,0.0,3398.784,18346.018751745836
t1711,881.3270072975421,350.34605113978193,1508.6199370968006,230.39100000000002,2560.923973705992,2277.0177041386855,6157.593000000001,0.0,1761.140307702113,15727.358981080915
t1712,0.0,51.19800000000001,480.570184251,0.0,2560.923973705992,1334.9846634057958,903.2790000000001,0.0,546.9700182123172,5877.925839575105
t1713,0.0,51.19800000000001,57.39114967566951,0.0,2560.923973705992,0.0,903.2790000000001,0.0,0.0,3572.7921233816614
t1714,0.0,51.19800000000001,0.0,0.0,2560.923973705992,0.0,903.2790000000001,0.0,0.0,3515.400973705992
t1715,0.0,51.19800000000001,0.0,0.0,2560.923973705992,0.0,903.2790000000001,0.0,0.0,3515.400973705992
t1716,0.0,51.19800000000001,0.0,0.0,2517.683764012274,0.0,903.2790000000001,0.0,0.0,3472.160764012274
t1717,0.0,51.19800000000001,0.0,0.0,1876.070617368363,0.0,903.2790000000001,0.0,394.8475062269526,3225.395123595316
t1718,0.0,51.19800000000001,0.0,0.0,2058.923729135562,0.0,903.2790000000001,0.0,0.0,3013.400729135562
t1719,0.0,51.19800000000001,0.0,0.0,2560.923973705992,0.0,903.2790000000001,0.0,0.0,3515.400973705992
t1720,0.0,51.19800000000001,193.30391887629872,0.0,2560.923973705992,0.0,903.2790000000001,0.0,482.7612190014681,4191.466111583759
t1721,377.89000024380016,350.34605113978193,1508.6199370968006,230.39100000000002,2560.923973705992,1364.061,6157.593000000001,0.0,3273.909684796148,15823.734646982524
t1722,964.5406222662001,350.34605113978193,1508.6199370968006,230.39100000000002,2560.923973705992,1364.061,6157.593000000001,0.0,3398.784,16535.259584208776
t1723,964.5406222662001,350.34605113978193,1508.6199370968006,230.39100000000002,2560.923973705992,1364.061,6157.593000000001,0.0,3398.784,16535.259584208776
t1724,964.5406222662001,350.34605113978193,1508.6199370968006,230.39100000000002,2560.923973705992,1364.061,6157.593000000001,0.0,3398.784,16535.259584208776
t1725,964.5406222662001,350.34605113978193,1508.6199370968006,230.39100000000002,2560.923973705992,1364.061,6157.593000000001,0.0,3398.784,16535.259584208776
t1726,964.5406222662001,350.34605113978193,1508.6199370968006,230.39100000000002,2560.923973705992,3311.175,6157.593000000001,0.0,3398.784,18482.373584208777
t1727,964.5406222662001,350.34605113978193,1508.6199370968006,230.39100000000002,2560.923973705992,1364.061,6157.593000000001,0.0,3398.784,16535.259584208776
t1728,964.5406222662001,350.34605113978193,1508.6199370968006,230.39100000000002,2560.923973705992,1364.061,6157.593000000001,0.0,3398.784,16535.259584208776
t1729,964.5406222662001,350.34605113978193,1508.6199370968006,230.39100000000002,2560.923973705992,1364.061,6157.593000000001,0.0,3398.784,16535.259584208776
t1730,964.5406222662001,350.34605113978193,1508.6199370968006,230.39100000000002,2560.923973705992,1364.061,6157.593000000001,0.0,3398.784,16535.259584208776
t1731,964.5406222662001,350.34605113978193,1508.6199370968006,230.39100000000002,2560.923973705992,2267.2615753246314,6157.593000000001,0.0,3398.784,17438.460159533406
t1732,964.5406222662001,350.34605113978193,1508.6199370968006,230.39100000000002,2560.923973705992,1364.061,6157.593000000001,0.0,3398.784,16535.259584208776
t1733,964.5406222662001,350.34605113978193,1508.6199370968006,230.39100000000002,2560.923973705992,1364.061,6157.593000000001,0.0,3398.784,16535.259584208776
t1734,964.5406222662001,350.34605113978193,1508.6199370968006,230.39100000000002,2560.923973705992,1364.061,6157.593000000001,0.0,3398.784,16535.259584208776
t1735,377.89000024380016,53.665658383631985,1508.6199370968006,230.39100000000002,2560.923973705992,3311.175,5980.826955094689,0.0,1579.824,15603.316524524915
t1736,0.0,0.0,9.783229944314922,0.0,2560.923973705992,1046.1382945408384,0.0,0.0,0.0,3616.8454981911455
t1737,0.0,0.0,0.0,0.0,2560.923973705992,0.0,0.0,0.0,0.0,2560.923973705992
t1738,0.0,0.0,0.0,0.0,2560.923973705992,0.0,0.0,0.0,0.0,2560.923973705992
t1739,0.0,0.0,0.0,0.0,2560.923973705992,0.0,0.0,0.0,0.0,2560.923973705992
t1740,0.0,0.0,0.0,0.0,2560.923973705992,0.0,0.0,0.0,0.0,2560.923973705992
t1741,0.0,0.0,0.0,0.0,2560.923973705992,0.0,0.0,0.0,0.0,2560.923973705992
t1742,0.0,0.0,0.0,0.0,2560.923973705992,0.0,0.0,0.0,0.0,2560.923973705992
t1743,0.0,0.0,0.0,0.0,2560.923973705992,0.0,0.0,0.0,0.0,2560.923973705992
t1744,0.0,0.0,0.0,0.0,2560.923973705992,0.0,0.0,0.0,0.0,2560.923973705992
t1745,428.96012578254044,350.34605113978193,1508.6199370968006,230.39100000000002,2560.923973705992,1364.061,6157.593000000001,0.0,2986.6169559987343,15587.51204372385
t1746,964.5406222662001,350.34605113978193,1508.6199370968006,230.39100000000002,2560.923973705992,1917.9616841070501,6157.593000000001,0.0,3147.6354197957894,16838.011688111616
t1747,964.5406222662001,350.34605113978193,1508.6199370968006,230.39100000000002,2560.923973705992,1364.061,6157.593000000001,0.0,3398.784,16535.259584208776
t1748,964.5406222662001,350.34605113978193,1508.6199370968006,230.39100000000002,2560.923973705992,3311.175,6157.593000000001,0.0,3398.784,18482.373584208777
t1749,964.5406222662001,350.34605113978193,1508.6199370968006,230.39100000000002,2560.923973705992,1364.061,6157.593000000001,0.0,3398.784,16535.259584208776
t1750,964.5406222662001,350.34605113978193,1508.6199370968006,230.39100000000002,2560.923973705992,3311.175,6157.593000000001,0.0,3398.784,18482.373584208777
t1751,964.5406222662001,350.34605113978193,1508.6199370968006,230.39100000000002,2560.923973705992,2168.511842442077,6157.593000000001,0.0,3398.784,17339.710426650854
t1752,964.5406222662001,350.34605113978193,1508.6199370968006,230.39100000000002,2560.923973705992,1364.061,6157.593000000001,0.0,3398.784,16535.259584208776
t1753,964.5406222662001,350.34605113978193,1508.6199370968006,230.39100000000002,2560.923973705992,1364.061,6157.593000000001,0.0,3398.784,16535.259584208776
t1754,964.5406222662001,350.34605113978193,1508.6199370968006,230.39100000000002,2560.923973705992,1364.061,6157.593000000001,0.0,3398.784,16535.259584208776
t1755,964.5406222662001,350.34605113978193,1508.6199370968006,230.39100000000002,2560.923973705992,1364.061,6157.593000000001,0.0,3398.784,16535.259584208776
t1756,964.5406222662001,350.34605113978193,1508.6199370968006,230.39100000000002,2560.923973705992,1364.061,6157.593000000001,0.0,3398.784,16535.259584208776
t1757,964.5406222662001,350.34605113978193,1508.6199370968006,230.39100000000002,2560.923973705992,1364.061,6157.593000000001,0.0,3398.784,16535.259584208776
t1758,964.5406222662001,350.34605113978193,1508.6199370968006,230.39100000000002,2560.923973705992,1364.061,6157.593000000001,0.0,3398.784,16535.259584208776
t1759,541.2672079524767,350.34605113978193,1508.6199370968006,230.39100000000002,2560.923973705992,1364.061,6157.593000000001,0.0,1579.824,14293.026169895053
t1760,0.0,0.0,0.0,0.0,2560.923973705992,517.8519225231825,0.0,0.0,0.0,3078.7758962291746
t1761,0.0,0.0,0.0,0.0,2560.923973705992,0.0,0.0,0.0,0.0,2560.923973705992
t1762,0.0,0.0,0.0,0.0,2560.923973705992,0.0,0.0,0.0,0.0,2560.923973705992
t1763,0.0,0.0,0.0,0.0,2460.736251268011,0.0,0.0,0.0,0.0,2460.736251268011
t1764,0.0,0.0,0.0,0.0,1766.6525026716517,0.0,0.0,0.0,0.0,1766.6525026716517
t1765,0.0,0.0,0.0,0.0,1274.7066692555225,0.0,0.0,0.0,0.0,1274.7066692555225
t1766,0.0,0.0,0.0,0.0,947.2192611164999,0.0,0.0,0.0,0.0,947.2192611164999
t1767,0.0,0.0,0.0,0.0,1898.845368092416,0.0,0.0,0.0,0.0,1898.845368092416
t1768,0.0,51.19800000000001,183.02537525656547,0.0,2560.923973705992,0.0,191.53486846516853,0.0,0.0,2986.682217427726
t1769,964.5406222662001,350.34605113978193,1508.6199370968006,211.2502399240402,2560.923973705992,1275.7327521529655,6157.593000000001,0.0,1579.824,14608.830576285782
t1770,964.5406222662001,350.34605113978193,1508.6199370968006,230.39100000000002,2560.923973705992,1364.061,6157.593000000001,0.0,3398.784,16535.259584208776
t1771,964.5406222662001,350.34605113978193,1508.6199370968006,230.39100000000002,2560.923973705992,3311.175,6157.593000000001,0.0,3398.784,18482.373584208777
t1772,964.5406222662001,350.34605113978193,1508.6199370968006,230.39100000000002,2560.923973705992,1364.061,6157.593000000001,0.0,3398.784,16535.259584208776
t1773,964.5406222662001,350.34605113978193,1508.6199370968006,230.39100000000002,2560.923973705992,1364.061,6157.593000000001,0.0,3398.784,16535.259584208776
t1774,964.5406222662001,350.34605113978193,1508.6199370968006,230.39100000000002,2560.923973705992,1364.061,6157.593000000001,0.0,3398.784,16535.259584208776
t1775,964.5406222662001,350.34605113978193,1508.6199370968006,230.39100000000002,2560.923973705992,1364.061,6157.593000000001,0.0,3398.784,16535.259584208776
t1776,964.5406222662001,350.34605113978193,1508.6199370968006,230.39100000000002,2560.923973705992,1364.061,6157.593000000001,0.0,3398.784,16535.259584208776
t1777,964.5406222662001,350.34605113978193,1508.6199370968006,230.39100000000002,2560.923973705992,1364.061,6157.593000000001,0.0,3398.784,16535.259584208776
t1778,964.5406222662001,350.34605113978193,1508.6199370968006,230.39100000000002,2560.923973705992,1364.061,6157.593000000001,0.0,3398.784,16535.259584208776
t1779,964.5406222662001,350.34605113978193,1508.6199370968006,230.39100000000002,2560.923973705992,1364.061,6157.593000000001,0.0,2844.8737242556713,15981.349308464447
t1780,964.5406222662001,350.34605113978193,1508.6199370968006,230.39100000000002,2560.923973705992,1364.061,6157.593000000001,0.0,3398.784,16535.259584208776
t1781,964.5406222662001,350.34605113978193,1508.6199370968006,230.39100000000002,2560.923973705992,1364.061,6157.593000000001,0.0,3398.784,16535.259584208776
t1782,964.5406222662001,350.34605113978193,1508.6199370968006,230.39100000000002,2560.923973705992,1364.061,6157.593000000001,0.0,3398.784,16535.259584208776
t1783,377.89000024380016,51.19800000000001,1508.6199370968006,230.39100000000002,2560.923973705992,1364.061,5643.73674503447,0.0,1579.824,13316.644656081064
t1784,0.0,0.0,0.0,0.0,2560.923973705992,418.3020685901479,0.0,0.0,0.0,2979.22604229614
t1785,0.0,0.0,0.0,0.0,2560.923973705992,0.0,0.0,0.0,0.0,2560.923973705992
t1786,0.0,0.0,0.0,0.0,2560.923973705992,0.0,0.0,0.0,0.0,2560.923973705992
t1787,0.0,0.0,0.0,0.0,2560.923973705992,0.0,0.0,0.0,0.0,2560.923973705992
t1788,0.0,0.0,0.0,0.0,2126.946488596217,0.0,0.0,0.0,0.0,2126.946488596217
t1789,0.0,0.0,0.0,0.0,1524.2178282905954,0.0,0.0,0.0,0.0,1524.2178282905954
t1790,0.0,0.0,0.0,0.0,1580.225464879431,0.0,0.0,0.0,0.0,1580.225464879431
t1791,0.0,0.0,0.0,0.0,2560.923973705992,0.0,0.0,0.0,0.0,2560.923973705992
t1792,0.0,0.0,0.0,0.0,2560.923973705992,0.0,0.0,0.0,0.0,2560.923973705992
t1793,377.89000024380016,350.34605113978193,1508.6199370968006,230.39100000000002,2560.923973705992,1364.061,5775.765193369235,0.0,1579.824,13747.82115555561
t1794,964.5406222662001,350.34605113978193,1508.6199370968006,230.39100000000002,2560.923973705992,3311.175,6157.593000000001,0.0,3398.784,18482.373584208777
t1795,964.5406222662001,350.34605113978193,1508.6199370968006,230.39100000000002,2560.923973705992,1364.061,6157.593000000001,0.0,3398.784,16535.259584208776
t1796,964.5406222662001,350.34605113978193,1508.6199370968006,230.39100000000002,2560.923973705992,3311.175,6157.593000000001,0.0,3398.784,18482.373584208777
t1797,964.5406222662001,350.34605113978193,1508.6199370968006,230.39100000000002,2560.923973705992,3311.175,6157.593000000001,0.0,3398.784,18482.373584208777
t1798,964.5406222662001,350.34605113978193,1508.6199370968006,230.39100000000002,2560.923973705992,3122.0857493963,6157.593000000001,0.0,3398.784,18293.284333605076
t1799,964.5406222662001,350.34605113978193,1508.6199370968006,230.39100000000002,2560.923973705992,1364.061,6157.593000000001,0.0,3398.784,16535.259584208776
t1800,964.5406222662001,350.34605113978193,1508.6199370968006,230.39100000000002,2560.923973705992,1606.4893628170557,6157.593000000001,0.0,3398.784,16777.68794702583
t1801,964.5406222662001,350.34605113978193,1508.6199370968006,230.39100000000002,2560.923973705992,1364.061,6157.593000000001,0.0,2709.356470114775,15845.832054323551
t1802,964.5406222662001,350.34605113978193,1508.6199370968006,230.39100000000002,2560.923973705992,1364.061,6157.593000000001,0.0,3398.784,16535.259584208776
t1803,964.5406222662001,350.34605113978193,1508.6199370968006,230.39100000000002,2560.923973705992,1364.061,6157.593000000001,0.0,3398.784,16535.259584208776
t1804,964.5406222662001,350.34605113978193,1508.6199370968006,230.39100000000002,2560.923973705992,1364.061,6157.593000000001,0.0,3398.784,16535.259584208776
t1805,964.5406222662001,350.34605113978193,1508.6199370968006,230.39100000000002,2560.923973705992,1364.061,6157.593000000001,0.0,3398.784,16535.259584208776
t1806,964.5406222662001,350.34605113978193,1508.6199370968006,230.39100000000002,2560.923973705992,1364.061,6157.593000000001,0.0,3398.784,16535.259584208776
t1807,377.89000024380016,51.19800000000001,1508.6199370968006,124.78717642905688,2560.923973705992,1364.061,2691.5820492758644,0.0,1579.824,10258.886136751515
t1808,0.0,0.0,0.0,0.0,2560.923973705992,0.0,0.0,0.0,0.0,2560.923973705992
t1809,0.0,0.0,0.0,0.0,1232.8857728504445,0.0,0.0,0.0,0.0,1232.8857728504445
t1810,0.0,0.0,0.0,0.0,830.1589280240089,0.0,0.0,0.0,0.0,830.1589280240089
t1811,0.0,0.0,0.0,0.0,670.7913836151729,0.0,0.0,0.0,0.0,670.7913836151729
t1812,0.0,0.0,0.0,0.0,375.1261186839843,0.0,0.0,0.0,0.0,375.1261186839843
t1813,0.0,0.0,0.0,0.0,400.4986941046452,0.0,0.0,0.0,0.0,400.4986941046452
t1814,0.0,0.0,0.0,0.0,701.7770532743998,0.0,0.0,0.0,0.0,701.7770532743998
t1815,0.0,0.0,0.0,0.0,1286.5998507261734,0.0,0.0,0.0,0.0,1286.5998507261734
t1816,0.0,0.0,0.0,0.0,2465.860299247353,0.0,0.0,0.0,0.0,2465.860299247353
t1817,377.89000024380016,350.34605113978193,1384.82903355039,177.58615466514,2560.923973705992,543.1722302720792,5778.333335794548,0.0,1579.824,12752.904779371733
t1818,964.5406222662001,350.34605113978193,1508.6199370968006,230.39100000000002,2560.923973705992,1840.3830130424942,6157.593000000001,0.0,3398.784,17011.58159725127
t1819,964.5406222662001,350.34605113978193,1508.6199370968006,230.39100000000002,2560.923973705992,1364.061,6157.593000000001,0.0,3398.784,16535.259584208776
t1820,644.6125389586325,350.34605113978193,1508.6199370968006,230.39100000000002,2560.923973705992,3311.175,6157.593000000001,0.0,3398.784,18162.44550090121
t1821,964.5406222662001,350.34605113978193,1508.6199370968006,230.39100000000002,2560.923973705992,1364.061,6157.593000000001,0.0,3398.784,16535.259584208776
t1822,964.5406222662001,350.34605113978193,1508.6199370968006,230.39100000000002,2560.923973705992,3311.175,6157.593000000001,0.0,3398.784,18482.373584208777
t1823,964.5406222662001,350.34605113978193,1508.6199370968006,230.39100000000002,2560.923973705992,1364.061,6157.593000000001,0.0,2785.402576727596,15921.878160936372
t1824,964.5406222662001,350.34605113978193,1508.6199370968006,230.39100000000002,2560.923973705992,3311.175,6157.593000000001,0.0,3398.784,18482.373584208777
t1825,964.5406222662001,350.34605113978193,1508.6199370968006,230.39100000000002,2560.923973705992,1364.061,6157.593000000001,0.0,3398.784,16535.259584208776
t1826,964.5406222662001,350.34605113978193,1508.6199370968006,230.39100000000002,2560.923973705992,1364.061,6157.593000000001,0.0,3171.549132696348,16308.024716905124
t1827,964.5406222662001,350.34605113978193,1508.6199370968006,230.39100000000002,2560.923973705992,1364.061,6157.593000000001,0.0,1753.7594679521467,14890.235052160922
t1828,964.5406222662001,350.34605113978193,1508.6199370968006,230.39100000000002,2560.923973705992,1364.061,6157.593000000001,0.0,3398.784,16535.259584208776
t1829,964.5406222662001,350.34605113978193,1508.6199370968006,230.39100000000002,2560.923973705992,1364.061,6157.593000000001,0.0,2562.561299875811,15699.036884084588
t1830,964.5406222662001,350.34605113978193,1508.6199370968006,230.39100000000002,2560.923973705992,1364.061,6157.593000000001,0.0,3398.784,16535.259584208776
t1831,377.89000024380016,51.19800000000001,1508.6199370968006,175.98746565544914,2560.923973705992,1364.061,2768.7805892276456,0.0,1579.824,10387.284965929688
t1832,0.0,0.0,0.0,0.0,2560.923973705992,0.0,0.0,0.0,0.0,2560.923973705992
t1833,0.0,0.0,0.0,0.0,2560.923973705992,0.0,0.0,0.0,0.0,2560.923973705992
t1834,0.0,0.0,0.0,0.0,2461.7503919414253,0.0,0.0,0.0,0.0,2461.7503919414253
t1835,0.0,0.0,0.0,0.0,1890.74661566052,0.0,0.0,0.0,0.0,1890.74661566052
t1836,0.0,0.0,0.0,0.0,1588.8418772896391,0.0,0.0,0.0,0.0,1588.8418772896391
t1837,0.0,0.0,0.0,0.0,1231.4853833715597,0.0,0.0,0.0,0.0,1231.4853833715597
t1838,0.0,0.0,0.0,0.0,256.25712303728085,0.0,0.0,0.0,0.0,256.25712303728085
t1839,0.0,0.0,0.0,0.0,0.0,0.0,0.0,0.0,0.0,0.0
t1840,0.0,0.0,0.0,0.0,1907.410768373524,0.0,0.0,0.0,0.0,1907.410768373524
t1841,377.89000024380016,350.34605113978193,1496.1410556024005,230.39100000000002,2560.923973705992,1364.061,5610.370812310183,0.0,1579.824,13569.947893002158
t1842,964.5406222662001,350.34605113978193,1508.6199370968006,230.39100000000002,2560.923973705992,1364.061,6157.593000000001,0.0,3398.784,16535.259584208776
t1843,499.3768509586325,350.34605113978193,1508.6199370968006,230.39100000000002,2560.923973705992,3291.72888386796,6157.593000000001,0.0,3398.784,17997.76369676917
t1844,964.5406222662001,350.34605113978193,1508.6199370968006,230.39100000000002,2560.923973705992,1364.061,6157.593000000001,0.0,3398.784,16535.259584208776
t1845,964.5406222662001,350.34605113978193,1508.6199370968006,230.39100000000002,2560.923973705992,3311.175,6157.593000000001,0.0,3398.784,18482.373584208777
t1846,964.5406222662001,350.34605113978193,1508.6199370968006,230.39100000000002,2560.923973705992,3311.175,6157.593000000001,0.0,3398.784,18482.373584208777
t1847,964.5406222662001,350.34605113978193,1508.6199370968006,230.39100000000002,2560.923973705992,1364.061,6157.593000000001,0.0,3202.2011717763467,16338.676755985123
t1848,964.5406222662001,350.34605113978193,1508.6199370968006,230.39100000000002,2560.923973705992,1364.061,6157.593000000001,0.0,3398.784,16535.259584208776
t1849,964.5406222662001,350.34605113978193,1508.6199370968006,230.39100000000002,2560.923973705992,3311.175,6157.593000000001,0.0,3398.784,18482.373584208777
t1850,964.5406222662001,350.34605113978193,1508.6199370968006,230.39100000000002,2560.923973705992,3311.175,6157.593000000001,0.0,3398.784,18482.373584208777
t1851,964.5406222662001,350.34605113978193,1508.6199370968006,230.39100000000002,2560.923973705992,2820.671951951454,6157.593000000001,0.0,3398.784,17991.87053616023
t1852,964.5406222662001,350.34605113978193,1508.6199370968006,230.39100000000002,2560.923973705992,2346.937570797108,6157.593000000001,0.0,3398.784,17518.136155005883
t1853,964.5406222662001,350.34605113978193,1508.6199370968006,230.39100000000002,2560.923973705992,1364.061,6157.593000000001,0.0,3398.784,16535.259584208776
t1854,964.5406222662001,350.34605113978193,1508.6199370968006,230.39100000000002,2560.9239737059925,1364.061,6157.593000000001,0.0,3398.784,16535.259584208776
t1855,964.5406222662001,350.34605113978193,1508.6199370968006,230.39100000000002,2560.9239737059925,3311.175,6157.593000000001,0.0,3398.784,18482.373584208777
t1856,377.89000024380016,51.19800000000001,480.570184251,222.74328030058905,2560.923973705992,1364.061,903.2790000000001,0.0,1579.824,7540.489438501381
t1857,377.89000024380016,51.19800000000001,480.570184251,0.0,2560.923973705992,1364.061,903.2790000000001,0.0,1579.824,7317.746158200793
t1858,377.89000024380016,51.19800000000001,480.570184251,0.0,2560.923973705992,933.9185110852468,903.2790000000001,0.0,1579.824,6887.60366928604
t1859,377.89000024380016,51.19800000000001,480.570184251,0.0,2560.923973705992,0.0,903.2790000000001,0.0,1579.824,5953.685158200793
t1860,377.89000024380016,51.19800000000001,480.570184251,0.0,2560.923973705992,0.0,903.2790000000001,0.0,1579.824,5953.685158200793
t1861,377.89000024380016,51.19800000000001,480.570184251,0.0,2560.923973705992,122.14565403662367,903.2790000000001,0.0,1579.824,6075.8308122374165
t1862,377.89000024380016,51.19800000000001,480.570184251,0.0,2560.923973705992,639.4048127189467,903.2790000000001,0.0,1579.824,6593.08997091974
t1863,377.89000024380016,51.19800000000001,480.570184251,0.0,2560.923973705992,1263.4462778662203,903.2790000000001,0.0,1579.824,7217.131436067013
t1864,964.5406222662001,350.34605113978193,1508.6199370968006,230.39100000000002,2560.923973705992,1364.061,6157.593000000001,0.0,2539.6454245846526,15676.121008793429
t1865,964.5406222662001,350.34605113978193,1508.6199370968006,230.39100000000002,2560.923973705992,3311.175,6157.593000000001,0.0,3398.784,18482.373584208777
t1866,964.5406222662001,350.34605113978193,1508.6199370968006,230.39100000000002,2560.923973705992,3311.175,6157.593000000001,0.0,3398.784,18482.373584208777
t1867,964.5406222662001,350.34605113978193,1508.6199370968006,230.39100000000002,2560.923973705992,3311.175,6157.593000000001,0.0,3398.784,18482.373584208777
t1868,964.5406222662001,350.34605113978193,1508.6199370968006,230.39100000000002,2560.923973705992,3311.175,6157.593000000001,0.0,3398.784,18482.373584208777
t1869,964.5406222662001,350.34605113978193,1508.6199370968006,230.39100000000002,2560.923973705992,3311.175,6157.593000000001,0.0,3398.784,18482.373584208777
t1870,964.5406222662001,350.34605113978193,1508.6199370968006,230.39100000000002,2560.923973705992,3311.175,6157.593000000001,0.0,3398.784,18482.373584208777
t1871,964.5406222662001,350.34605113978193,1508.6199370968006,230.39100000000002,2560.923973705992,3311.175,6157.593000000001,0.0,3398.784,18482.373584208777
t1872,964.5406222662001,350.34605113978193,1508.6199370968006,230.39100000000002,2560.923973705992,3311.175,6157.593000000001,0.0,3398.784,18482.373584208777
t1873,964.5406222662001,350.34605113978193,1508.6199370968006,230.39100000000002,2560.923973705992,1364.061,6157.593000000001,0.0,3398.784,16535.259584208776
t1874,964.5406222662001,350.34605113978193,1508.6199370968006,230.39100000000002,2560.923973705992,3311.175,6157.593000000001,0.0,3398.784,18482.373584208777
t1875,964.5406222662001,350.34605113978193,1508.6199370968006,230.39100000000002,2560.923973705992,2964.8586210766803,6157.593000000001,0.0,3398.784,18136.057205285455
t1876,964.5406222662001,350.34605113978193,1508.6199370968006,230.39100000000002,2560.923973705992,2476.9733580310317,6157.593000000001,0.0,3398.784,17648.17194223981
t1877,964.5406222662001,350.34605113978193,1508.6199370968006,230.39100000000002,2560.9239737059925,2518.2918034997224,6157.593000000001,0.0,3398.784,17689.490387708498
t1878,964.5406222662001,350.34605113978193,1508.6199370968006,230.39100000000002,2560.9239737059925,3118.6179802009074,6157.593000000001,0.0,3398.784,18289.816564409684
t1879,964.5406222662001,350.34605113978193,1508.6199370968006,230.39100000000002,2560.9239737059925,3051.9526787136097,6157.593000000001,0.0,3398.784,18223.151262922387
t1880,377.89000024380016,51.19800000000001,1469.5816852244698,230.39100000000002,2560.923973705992,2827.935220498793,5944.762308962582,0.0,1579.824,15042.506188635638
t1881,377.89000024380016,51.19800000000001,480.570184251,47.211122036312965,2560.923973705992,1364.061,2926.7126509246973,0.0,1579.824,9388.390931161803
t1882,377.89000024380016,70.147256766726,480.570184251,0.0,2560.923973705992,1364.061,1749.504333755368,0.0,1579.824,8182.920748722887
t1883,377.89000024380016,54.28778586672597,480.570184251,0.0,2560.923973705992,1007.3952654916092,1895.1689247803708,0.0,1579.824,7956.060134339497
t1884,377.89000024380016,51.19800000000001,480.570184251,0.0,2560.923973705992,599.5687618624681,903.2790000000001,0.0,1579.824,6553.25392006326
t1885,377.89000024380016,51.19800000000001,480.570184251,0.0,2560.923973705992,0.0,903.2790000000001,0.0,1579.824,5953.685158200793
t1886,377.89000024380016,331.9302832036319,480.570184251,0.0,2560.923973705992,1364.061,2275.7670000000003,0.0,1579.824,8970.966441404425
t1887,377.89000024380016,341.1185529436319,480.570184251,0.0,2560.923973705992,1364.061,2275.7670000000003,0.0,1579.824,8980.154711144425
t1888,377.89000024380016,291.27712829136595,714.4706707026056,0.0,2560.923973705992,1364.061,6157.593000000001,0.0,1579.824,13046.039772943765
t1889,964.5406222662001,350.34605113978193,1508.6199370968006,230.39100000000002,2560.923973705992,2559.219618440982,6157.593000000001,0.0,3398.784,17730.41820264976
t1890,964.5406222662001,350.34605113978193,1508.6199370968006,230.39100000000002,2560.9239737059925,3311.175,6157.593000000001,0.0,3398.784,18482.373584208777
t1891,964.5406222662001,350.34605113978193,1508.6199370968006,230.39100000000002,2560.923973705992,3311.175,6157.593000000001,0.0,3398.784,18482.373584208777
t1892,964.5406222662001,350.34605113978193,1508.6199370968006,230.39100000000002,2560.9239737059925,3311.175,6157.593000000001,0.0,3398.784,18482.373584208777
t1893,964.5406222662001,350.34605113978193,1508.6199370968006,230.39100000000002,2560.923973705992,3311.175,6157.593000000001,0.0,3398.784,18482.373584208777
t1894,964.5406222662001,350.34605113978193,1508.6199370968006,230.39100000000002,2560.9239737059925,3311.175,6157.593000000001,0.0,3398.784,18482.373584208777
t1895,964.5406222662001,350.34605113978193,1508.6199370968006,230.39100000000002,2560.9239737059925,3311.175,6157.593000000001,0.0,3398.784,18482.373584208777
t1896,964.5406222662001,350.34605113978193,1508.6199370968006,230.39100000000002,2560.9239737059925,3311.175,6157.593000000001,0.0,3398.784,18482.373584208777
t1897,964.5406222662001,350.34605113978193,1508.6199370968006,230.39100000000002,2560.9239737059925,3311.175,6157.593000000001,0.0,3398.784,18482.373584208777
t1898,964.5406222662001,350.34605113978193,1508.6199370968006,230.39100000000002,2560.9239737059925,3311.175,6157.593000000001,0.0,3398.784,18482.373584208777
t1899,964.5406222662001,350.34605113978193,1508.6199370968006,230.39100000000002,2560.9239737059925,3275.970100687325,6157.593000000001,0.0,3398.784,18447.168684896104
t1900,964.5406222662001,350.34605113978193,1508.6199370968006,230.39100000000002,2560.923973705992,1364.061,6157.593000000001,0.0,3398.784,16535.259584208776
t1901,964.5406222662001,350.34605113978193,1508.6199370968006,230.39100000000002,2560.9239737059925,2540.0812555524544,6157.593000000001,0.0,3398.784,17711.27983976123
t1902,964.5406222662001,350.34605113978193,1508.6199370968006,230.39100000000002,2560.9239737059925,3087.0873561441063,6157.593000000001,0.0,3398.784,18258.285940352882
t1903,964.5406222662001,350.34605113978193,1508.6199370968006,230.39100000000002,2560.9239737059925,3311.175,6157.593000000001,0.0,3398.784,18482.373584208777
t1904,377.89000024380016,51.19800000000001,1508.6199370968006,230.39100000000002,2560.923973705992,3311.175,6157.593000000001,0.0,1579.824,15777.614911046596
t1905,377.89000024380016,51.19800000000001,1508.6199370968006,230.39100000000002,2560.923973705992,3311.175,3697.6711210156445,0.0,1579.824,13317.693032062238
t1906,377.89000024380016,51.19800000000001,1463.040667767522,230.39100000000002,2560.923973705992,2118.5268036111047,2275.7670000000003,0.0,1579.824,10657.56144532842
t1907,377.89000024380016,51.19800000000001,717.7750315927385,40.40588719519519,2560.923973705992,1364.061,903.2790000000001,0.0,1579.824,7595.3568927377255
t1908,377.89000024380016,51.19800000000001,480.570184251,0.0,2560.923973705992,1364.061,903.2790000000001,0.0,1579.824,7317.746158200793
t1909,377.89000024380016,51.19800000000001,480.570184251,0.0,2560.923973705992,1364.061,903.2790000000001,0.0,1579.824,7317.746158200793
t1910,377.89000024380016,51.19800000000001,480.570184251,0.0,2560.923973705992,1364.061,2275.7670000000003,0.0,1579.824,8690.234158200792
t1911,377.89000024380016,51.19800000000001,480.570184251,0.0,2560.923973705992,1364.061,903.2790000000001,0.0,1579.824,7317.746158200793
t1912,377.89000024380016,51.19800000000001,639.222207054284,0.0,2560.923973705992,1364.061,3380.9466462652313,0.0,1579.824,9954.065827269307
t1913,964.5406222662001,350.34605113978193,1508.6199370968006,230.39100000000002,2560.9239737059925,1933.2758571787087,6157.593000000001,0.0,3398.784,17104.474441387487
t1914,964.5406222662001,350.34605113978193,1508.6199370968006,230.39100000000002,2560.9239737059925,3311.175,6157.593000000001,0.0,3398.784,18482.373584208777
t1915,964.5406222662001,350.34605113978193,1508.6199370968006,230.39100000000002,2560.923973705992,3311.175,6157.593000000001,0.0,3398.784,18482.373584208777
t1916,964.5406222662001,350.34605113978193,1508.6199370968006,230.39100000000002,2560.923973705992,3311.175,6157.593000000001,0.0,3398.784,18482.373584208777
t1917,964.5406222662001,350.34605113978193,1508.6199370968006,230.39100000000002,2560.923973705992,3311.175,6157.593000000001,0.0,3398.784,18482.373584208777
t1918,964.5406222662001,350.34605113978193,1508.6199370968006,230.39100000000002,2560.9239737059925,3311.175,6157.593000000001,0.0,3398.784,18482.373584208777
t1919,964.5406222662001,350.34605113978193,1508.6199370968006,230.39100000000002,2560.9239737059925,3311.175,6157.593000000001,0.0,3398.784,18482.373584208777
t1920,964.5406222662001,350.34605113978193,1508.6199370968006,230.39100000000002,2560.923973705992,1364.061,6157.593000000001,0.0,3398.784,16535.259584208776
t1921,964.5406222662001,350.34605113978193,1508.6199370968006,230.39100000000002,2560.923973705992,3311.175,6157.593000000001,0.0,3398.784,18482.373584208777
t1922,964.5406222662001,350.34605113978193,1508.6199370968006,230.39100000000002,2560.923973705992,3311.175,6157.593000000001,0.0,3398.784,18482.373584208777
t1923,964.5406222662001,350.34605113978193,1508.6199370968006,230.39100000000002,2560.923973705992,1364.061,6157.593000000001,0.0,3398.784,16535.259584208776
t1924,964.5406222662001,350.34605113978193,1508.6199370968006,230.39100000000002,2560.923973705992,3311.175,6157.593000000001,0.0,3398.784,18482.373584208777
t1925,964.5406222662001,350.34605113978193,1508.6199370968006,230.39100000000002,2560.923973705992,3311.175,6157.593000000001,0.0,3398.784,18482.373584208777
t1926,964.5406222662001,350.34605113978193,1508.6199370968006,230.39100000000002,2560.923973705992,3311.175,6157.593000000001,0.0,3398.784,18482.373584208777
t1927,964.5406222662001,350.34605113978193,1508.6199370968006,230.39100000000002,2560.923973705992,3311.175,6157.593000000001,0.0,3398.784,18482.373584208777
t1928,377.89000024380016,51.19800000000001,794.247314246424,230.39100000000002,2560.923973705992,1364.061,2539.1341367659024,0.0,1579.824,9497.669424962118
t1929,377.89000024380016,51.19800000000001,480.570184251,230.39100000000002,2560.923973705992,2162.477935611912,1162.1432642284644,0.0,1579.824,8605.418358041168
t1930,377.89000024380016,51.19800000000001,480.570184251,0.0,2560.923973705992,1364.061,903.2790000000001,0.0,1579.824,7317.746158200793
t1931,377.89000024380016,51.19800000000001,480.570184251,0.0,2560.923973705992,1102.698535016896,1150.4197341137399,0.0,1579.824,7303.524427331427
t1932,377.89000024380016,51.19800000000001,480.570184251,0.0,2560.923973705992,0.0,903.2790000000001,0.0,1579.824,5953.685158200793
t1933,377.89000024380016,51.19800000000001,480.570184251,0.0,2560.923973705992,0.0,2947.788068371839,0.0,1579.824,7998.194226572632
t1934,377.89000024380016,51.19800000000001,480.570184251,0.0,2560.923973705992,0.0,903.2790000000001,0.0,1579.824,5953.685158200793
t1935,377.89000024380016,51.19800000000001,1508.6199370968006,0.0,2560.923973705992,0.0,1514.6937905049006,0.0,1579.824,7593.149701551494
t1936,377.89000024380016,111.42892420363198,1508.6199370968006,0.0,2560.923973705992,1364.061,5261.963654372242,0.0,1579.824,12764.711489622467
t1937,964.5406222662001,350.34605113978193,1508.6199370968006,230.39100000000002,2560.923973705992,2324.8779958961354,6157.593000000001,0.0,3398.784,17496.076580104913
t1938,964.5406222662001,350.34605113978193,1508.6199370968006,230.39100000000002,2560.9239737059925,3311.175,6157.593000000001,0.0,3398.784,18482.373584208777
t1939,964.5406222662001,350.34605113978193,1508.6199370968006,230.39100000000002,2560.923973705992,3311.175,6157.593000000001,0.0,3398.784,18482.373584208777
t1940,964.5406222662001,350.34605113978193,1508.6199370968006,230.39100000000002,2560.923973705992,3311.175,6157.593000000001,0.0,3398.784,18482.373584208777
t1941,964.5406222662001,350.34605113978193,1508.6199370968006,230.39100000000002,2560.923973705992,3311.175,6157.593000000001,0.0,3398.784,18482.373584208777
t1942,964.5406222662001,350.34605113978193,1508.6199370968006,230.39100000000002,2560.9239737059925,3311.175,6157.593000000001,0.0,3398.784,18482.373584208777
t1943,964.5406222662001,350.34605113978193,1508.6199370968006,230.39100000000002,2560.9239737059925,3311.175,6157.593000000001,0.0,3398.784,18482.373584208777
t1944,964.5406222662001,350.34605113978193,1508.6199370968006,230.39100000000002,2560.923973705992,3311.175,6157.593000000001,0.0,3398.784,18482.373584208777
t1945,964.5406222662001,350.34605113978193,1508.6199370968006,230.39100000000002,2560.923973705992,1364.061,6157.593000000001,0.0,3398.784,16535.259584208776
t1946,964.5406222662001,350.34605113978193,1508.6199370968006,230.39100000000002,2560.923973705992,3311.175,6157.593000000001,0.0,3398.784,18482.373584208777
t1947,964.5406222662001,350.34605113978193,1508.6199370968006,230.39100000000002,2560.923973705992,3311.175,6157.593000000001,0.0,3398.784,18482.373584208777
t1948,964.5406222662001,350.34605113978193,1508.6199370968006,230.39100000000002,2560.923973705992,3152.1199372512356,6157.593000000001,0.0,3398.784,18323.318521460013
t1949,964.5406222662001,350.34605113978193,1508.6199370968006,230.39100000000002,2560.923973705992,2820.2669167035965,6157.593000000001,0.0,3398.784,17991.46550091237
t1950,964.5406222662001,350.34605113978193,1508.6199370968006,230.39100000000002,2560.923973705992,3311.175,6157.593000000001,0.0,3398.784,18482.373584208777
t1951,964.5406222662001,350.34605113978193,1508.6199370968006,230.39100000000002,2560.923973705992,3311.175,6157.593000000001,0.0,3398.784,18482.373584208777
t1952,0.0,51.19800000000001,480.570184251,230.39100000000002,2560.923973705992,1364.061,903.2790000000001,0.0,887.5415873704281,6477.96474532742
t1953,0.0,0.0,0.0,0.0,2560.923973705992,1364.061,0.0,0.0,0.0,3924.984973705992
t1954,0.0,0.0,0.0,0.0,2560.923973705992,590.364662337714,0.0,0.0,0.0,3151.288636043706
t1955,0.0,0.0,0.0,0.0,2560.923973705992,0.0,0.0,0.0,0.0,2560.923973705992
t1956,0.0,0.0,0.0,0.0,2560.923973705992,0.0,0.0,0.0,0.0,2560.923973705992
t1957,0.0,0.0,0.0,0.0,2560.923973705992,0.0,0.0,0.0,0.0,2560.923973705992
t1958,0.0,0.0,0.0,0.0,2560.923973705992,0.0,0.0,0.0,0.0,2560.923973705992
t1959,0.0,0.0,0.0,0.0,2560.923973705992,0.0,0.0,0.0,0.0,2560.923973705992
t1960,0.0,51.19800000000001,228.72319756159214,0.0,2560.923973705992,884.8337804814487,679.7360808573837,0.0,0.0,4405.415032606416
t1961,964.5406222662001,350.34605113978193,1508.6199370968006,230.39100000000002,2560.923973705992,1494.5583631584484,6157.593000000001,0.0,3398.784,16665.756947367223
t1962,964.5406222662001,350.34605113978193,1508.6199370968006,230.39100000000002,2560.923973705992,3311.175,6157.593000000001,0.0,3398.784,18482.373584208777
t1963,964.5406222662001,350.34605113978193,1508.6199370968006,230.39100000000002,2560.923973705992,3311.175,6157.593000000001,0.0,3398.784,18482.373584208777
t1964,964.5406222662001,350.34605113978193,1508.6199370968006,230.39100000000002,2560.9239737059925,3311.175,6157.593000000001,0.0,3398.784,18482.373584208777
t1965,964.5406222662001,350.34605113978193,1508.6199370968006,230.39100000000002,2560.9239737059925,3311.175,6157.593000000001,0.0,3398.784,18482.373584208777
t1966,964.5406222662001,350.34605113978193,1508.6199370968006,230.39100000000002,2560.9239737059925,3311.175,6157.593000000001,0.0,3398.784,18482.373584208777
t1967,964.5406222662001,350.34605113978193,1508.6199370968006,230.39100000000002,2560.9239737059925,3311.175,6157.593000000001,0.0,3398.784,18482.373584208777
t1968,964.5406222662001,350.34605113978193,1508.6199370968006,230.39100000000002,2560.9239737059925,3311.175,6157.593000000001,0.0,3398.784,18482.373584208777
t1969,964.5406222662001,350.34605113978193,1508.6199370968006,230.39100000000002,2560.923973705992,3311.175,6157.593000000001,0.0,3398.784,18482.373584208777
t1970,964.5406222662001,350.34605113978193,1508.6199370968006,230.39100000000002,2560.923973705992,3311.175,6157.593000000001,0.0,3398.784,18482.373584208777
t1971,964.5406222662001,350.34605113978193,1508.6199370968006,230.39100000000002,2560.923973705992,3311.175,6157.593000000001,0.0,3398.784,18482.373584208777
t1972,964.5406222662001,350.34605113978193,1508.6199370968006,230.39100000000002,2560.923973705992,2949.1550980343045,6157.593000000001,0.0,3398.784,18120.35368224308
t1973,964.5406222662001,350.34605113978193,1508.6199370968006,230.39100000000002,2560.923973705992,1364.061,6157.593000000001,0.0,3398.784,16535.259584208776
t1974,964.5406222662001,350.34605113978193,1508.6199370968006,230.39100000000002,2560.9239737059925,2757.36160199928,6157.593000000001,0.0,3398.784,17928.56018620806
t1975,964.5406222662001,350.34605113978193,1508.6199370968006,230.39100000000002,2560.923973705992,3128.790811021067,6157.593000000001,0.0,3398.784,18299.989395229844
t1976,0.0,0.0,0.0,0.0,2560.923973705992,1158.4272086337573,0.0,0.0,0.0,3719.3511823397494
t1977,0.0,0.0,0.0,0.0,2560.923973705992,0.0,0.0,0.0,0.0,2560.923973705992
t1978,0.0,0.0,0.0,0.0,2560.923973705992,0.0,0.0,0.0,0.0,2560.923973705992
t1979,0.0,0.0,0.0,0.0,2560.923973705992,0.0,0.0,0.0,0.0,2560.923973705992
t1980,0.0,0.0,0.0,0.0,2560.923973705992,0.0,0.0,0.0,0.0,2560.923973705992
t1981,0.0,0.0,0.0,0.0,2560.923973705992,0.0,0.0,0.0,0.0,2560.923973705992
t1982,0.0,0.0,0.0,0.0,2560.923973705992,0.0,0.0,0.0,0.0,2560.923973705992
t1983,0.0,0.0,0.0,0.0,2560.923973705992,0.0,0.0,0.0,0.0,2560.923973705992
t1984,0.0,0.0,0.0,0.0,2560.923973705992,0.0,0.0,0.0,0.0,2560.923973705992
t1985,964.5406222662001,350.34605113978193,1508.6199370968006,230.39100000000002,2560.923973705992,1364.061,6157.593000000001,0.0,3398.784,16535.259584208776
t1986,964.5406222662001,350.34605113978193,1508.6199370968006,230.39100000000002,2560.923973705992,3311.175,6157.593000000001,0.0,3398.784,18482.373584208777
t1987,964.5406222662001,350.34605113978193,1508.6199370968006,230.39100000000002,2560.923973705992,3311.175,6157.593000000001,0.0,3398.784,18482.373584208777
t1988,964.5406222662001,350.34605113978193,1508.6199370968006,230.39100000000002,2560.9239737059925,3311.175,6157.593000000001,0.0,3398.784,18482.373584208777
t1989,964.5406222662001,350.34605113978193,1508.6199370968006,230.39100000000002,2560.923973705992,3311.175,6157.593000000001,0.0,3398.784,18482.373584208777
t1990,964.5406222662001,350.34605113978193,1508.6199370968006,230.39100000000002,2560.923973705992,3311.175,6157.593000000001,0.0,3398.784,18482.373584208777
t1991,964.5406222662001,350.34605113978193,1508.6199370968006,230.39100000000002,2560.923973705992,3311.175,6157.593000000001,0.0,3398.784,18482.373584208777
t1992,964.5406222662001,350.34605113978193,1508.6199370968006,230.39100000000002,2560.923973705992,3311.175,6157.593000000001,0.0,3398.784,18482.373584208777
t1993,964.5406222662001,350.34605113978193,1508.6199370968006,230.39100000000002,2560.923973705992,3311.175,6157.593000000001,0.0,3398.784,18482.373584208777
t1994,964.5406222662001,350.34605113978193,1508.6199370968006,230.39100000000002,2560.923973705992,3311.175,6157.593000000001,0.0,3398.784,18482.373584208777
t1995,964.5406222662001,350.34605113978193,1508.6199370968006,230.39100000000002,2560.923973705992,3311.175,6157.593000000001,0.0,3398.784,18482.373584208777
t1996,964.5406222662001,350.34605113978193,1508.6199370968006,230.39100000000002,2560.923973705992,1364.061,6157.593000000001,0.0,3398.784,16535.259584208776
t1997,964.5406222662001,350.34605113978193,1508.6199370968006,230.39100000000002,2560.923973705992,1364.061,6157.593000000001,0.0,3398.784,16535.259584208776
t1998,964.5406222662001,350.34605113978193,1508.6199370968006,230.39100000000002,2560.923973705992,1364.061,6157.593000000001,0.0,3398.784,16535.259584208776
t1999,964.5406222662001,350.34605113978193,1508.6199370968006,230.39100000000002,2560.923973705992,2806.1300804994057,6157.593000000001,0.0,2024.3558529367322,16602.900517644914
t2000,0.0,0.0,0.0,0.0,2560.923973705992,1069.2288878307625,0.0,0.0,0.0,3630.1528615367542
t2001,0.0,0.0,0.0,0.0,2560.923973705992,0.0,0.0,0.0,0.0,2560.923973705992
t2002,0.0,0.0,0.0,0.0,2560.923973705992,0.0,0.0,0.0,0.0,2560.923973705992
t2003,0.0,0.0,0.0,0.0,2560.923973705992,0.0,0.0,0.0,0.0,2560.923973705992
t2004,0.0,0.0,0.0,0.0,2560.923973705992,0.0,0.0,0.0,0.0,2560.923973705992
t2005,0.0,0.0,0.0,0.0,2338.050963087632,0.0,0.0,0.0,0.0,2338.050963087632
t2006,0.0,0.0,0.0,0.0,2560.923973705992,0.0,0.0,0.0,0.0,2560.923973705992
t2007,0.0,0.0,0.0,0.0,2560.923973705992,545.8694621517252,0.0,0.0,0.0,3106.793435857717
t2008,0.0,6.0414464900382745,0.0,0.0,2560.923973705992,1364.061,0.0,0.0,0.0,3931.02642019603
t2009,964.5406222662001,350.34605113978193,1508.6199370968006,230.39100000000002,2560.923973705992,2432.2854289907586,6157.593000000001,0.0,3398.784,17603.484013199533
t2010,964.5406222662001,350.34605113978193,1508.6199370968006,230.39100000000002,2560.923973705992,3311.175,6157.593000000001,0.0,3398.784,18482.373584208777
t2011,964.5406222662001,350.34605113978193,1508.6199370968006,230.39100000000002,2560.9239737059925,3311.175,6157.593000000001,0.0,3398.784,18482.373584208777
t2012,964.5406222662001,350.34605113978193,1508.6199370968006,230.39100000000002,2560.9239737059925,3311.175,6157.593000000001,0.0,3398.784,18482.373584208777
t2013,964.5406222662001,350.34605113978193,1508.6199370968006,230.39100000000002,2560.9239737059925,3311.175,6157.593000000001,0.0,3398.784,18482.373584208777
t2014,964.5406222662001,350.34605113978193,1508.6199370968006,230.39100000000002,2560.9239737059925,3311.175,6157.593000000001,0.0,3398.784,18482.373584208777
t2015,964.5406222662001,350.34605113978193,1508.6199370968006,230.39100000000002,2560.923973705992,3311.175,6157.593000000001,0.0,3398.784,18482.373584208777
t2016,964.5406222662001,350.34605113978193,1508.6199370968006,230.39100000000002,2560.923973705992,3311.175,6157.593000000001,0.0,3398.784,18482.373584208777
t2017,964.5406222662001,350.34605113978193,2991.065320582989,556.9770000000001,2560.923973705992,3311.175,6157.593000000001,310.84499999999997,3398.784,20602.249967694963
t2018,964.5406222662001,350.34605113978193,2991.065320582989,556.9770000000001,2560.923973705992,3311.175,6157.593000000001,310.84499999999997,3398.784,20602.249967694963
t2019,964.5406222662001,350.34605113978193,2991.065320582989,230.39100000000002,2560.923973705992,3311.175,6157.593000000001,310.84499999999997,3398.784,20275.663967694964
t2020,964.5406222662001,350.34605113978193,2991.065320582989,455.15782019999995,2560.923973705992,3293.799950726496,6157.593000000001,310.84499999999997,3398.784,20483.05573862146
t2021,964.5406222662001,350.34605113978193,2991.065320582989,532.9382034,2560.923973705992,3146.6750366034776,6157.593000000001,310.84499999999997,3398.784,20413.71120769844
t2022,964.5406222662001,350.34605113978193,2991.065320582989,556.9770000000001,2560.923973705992,3311.175,6906.8009999999995,310.84499999999997,3398.784,21351.45796769496
t2023,964.5406222662001,350.34605113978193,2991.065320582989,230.39100000000002,2560.923973705992,3311.175,6906.8009999999995,310.84499999999997,3398.784,21024.871967694962
t2024,377.89000024380016,51.19800000000001,1190.9168086906861,230.39100000000002,2560.923973705992,2756.2379207835656,1440.3910237179973,0.0,1579.824,10187.772727142043
t2025,0.0,51.19800000000001,480.570184251,230.39100000000002,2560.923973705992,1364.061,903.2790000000001,0.0,0.0,5590.423157956992
t2026,377.89000024380016,51.19800000000001,480.570184251,230.39100000000002,2560.923973705992,1364.061,903.2790000000001,0.0,0.0,5968.313158200793
t2027,377.89000024380016,51.19800000000001,480.570184251,230.39100000000002,2560.923973705992,1364.061,903.2790000000001,0.0,0.0,5968.313158200793
t2028,377.89000024380016,51.19800000000001,480.570184251,230.39100000000002,2560.923973705992,1364.061,903.2790000000001,0.0,0.0,5968.313158200793
t2029,377.89000024380016,51.19800000000001,480.570184251,230.39100000000002,2560.923973705992,1364.061,903.2790000000001,0.0,109.83523111854758,6078.14838931934
t2030,377.89000024380016,51.19800000000001,480.570184251,230.39100000000002,2560.923973705992,1364.061,903.2790000000001,0.0,721.0186876094667,6689.331845810259
t2031,377.89000024380016,51.19800000000001,480.570184251,230.39100000000002,2560.923973705992,1364.061,903.2790000000001,0.0,889.1866047936579,6857.499762994451
t2032,377.89000024380016,51.19800000000001,480.570184251,230.39100000000002,2560.923973705992,1364.061,903.2790000000001,0.0,1579.824,7548.137158200792
t2033,964.5406222662001,350.34605113978193,2663.610334330529,556.9770000000001,2560.923973705992,3311.175,6631.085296805472,310.84499999999997,3398.784,20748.287278247975
t2034,964.5406222662001,350.34605113978193,2991.065320582989,556.9770000000001,2560.923973705992,3311.175,6906.8009999999995,310.84499999999997,3398.784,21351.45796769496
t2035,964.5406222662001,350.34605113978193,2991.065320582989,556.9770000000001,2560.923973705992,3311.175,6906.8009999999995,310.84499999999997,3398.784,21351.45796769496
t2036,964.5406222662001,350.34605113978193,2600.590823262369,556.9770000000001,2560.923973705992,3311.175,7536.33775963436,310.84499999999997,3398.784,21590.520230008704
t2037,964.5406222662001,350.34605113978193,2991.065320582989,230.39100000000002,2560.923973705992,3311.175,8631.821862633655,310.84499999999997,3398.784,22749.892830328616
t2038,964.5406222662001,350.34605113978193,1769.8569370968005,230.39100000000002,2560.923973705992,3311.175,6906.8009999999995,310.84499999999997,3398.784,19803.663584208774
t2039,964.5406222662001,350.34605113978193,2991.065320582989,556.9770000000001,2560.923973705992,3311.175,6906.8009999999995,310.84499999999997,3398.784,21351.45796769496
t2040,964.5406222662001,350.34605113978193,2991.065320582989,556.9770000000001,2560.923973705992,3311.175,9251.038011197315,310.84499999999997,3398.784,23695.69497889228
t2041,964.5406222662001,350.34605113978193,2938.2652858946913,556.9770000000001,2560.923973705992,3311.175,7790.809084626057,310.84499999999997,3398.784,22182.666017632724
t2042,964.5406222662001,350.34605113978193,2991.065320582989,556.9770000000001,2560.923973705992,3311.175,6906.8009999999995,310.84499999999997,3398.784,21351.45796769496
t2043,964.5406222662001,350.34605113978193,2991.065320582989,556.9770000000001,2560.923973705992,3311.175,6906.8009999999995,310.84499999999997,3398.784,21351.45796769496
t2044,964.5406222662001,350.34605113978193,2991.065320582989,556.9770000000001,2560.923973705992,3311.175,6906.8009999999995,310.84499999999997,3398.784,21351.45796769496
t2045,964.5406222662001,350.34605113978193,2991.065320582989,556.9770000000001,2560.923973705992,3311.175,6906.8009999999995,310.84499999999997,3398.784,21351.45796769496
t2046,964.5406222662001,350.34605113978193,2991.065320582989,556.9770000000001,2560.923973705992,3311.175,8141.019794501411,310.84499999999997,3398.784,22585.676762196374
t2047,964.5406222662001,350.34605113978193,2991.065320582989,230.39100000000002,2560.923973705992,3311.175,6906.8009999999995,310.84499999999997,3398.784,21024.871967694962
t2048,377.89000024380016,51.19800000000001,1483.8636319643883,230.39100000000002,2560.923973705992,1364.061,3095.398004880396,0.0,1579.824,10743.549610794576
t2049,377.89000024380016,51.19800000000001,480.570184251,230.39100000000002,2560.923973705992,1364.061,903.2790000000001,0.0,1579.824,7548.137158200792
t2050,377.89000024380016,51.19800000000001,480.570184251,230.39100000000002,2560.923973705992,1364.061,903.2790000000001,0.0,1579.824,7548.137158200792
t2051,377.89000024380016,51.19800000000001,480.570184251,230.39100000000002,2560.923973705992,1364.061,903.2790000000001,0.0,1579.824,7548.137158200792
t2052,377.89000024380016,51.19800000000001,480.570184251,230.39100000000002,2560.923973705992,1364.061,903.2790000000001,0.0,1579.824,7548.137158200792
t2053,377.89000024380016,51.19800000000001,480.570184251,230.39100000000002,2560.923973705992,1364.061,903.2790000000001,0.0,1579.824,7548.137158200792
t2054,377.89000024380016,51.19800000000001,480.570184251,230.39100000000002,2560.923973705992,1364.061,903.2790000000001,0.0,1579.824,7548.137158200792
t2055,377.89000024380016,51.19800000000001,480.570184251,230.39100000000002,2560.923973705992,1364.061,903.2790000000001,0.0,1579.824,7548.137158200792
t2056,377.89000024380016,51.19800000000001,932.2526726518745,230.39100000000002,2560.923973705992,1364.061,4805.343977427263,0.0,1579.824,11901.88462402893
t2057,964.5406222662001,350.34605113978193,1769.8569370968005,556.9770000000001,2560.923973705992,3311.175,6906.8009999999995,310.84499999999997,3398.784,20130.249584208774
t2058,964.5406222662001,350.34605113978193,2991.065320582989,556.9770000000001,2560.923973705992,3311.175,6906.8009999999995,310.84499999999997,3398.784,21351.45796769496
t2059,964.5406222662001,350.34605113978193,2991.065320582989,556.9770000000001,2560.923973705992,3311.175,6906.8009999999995,310.84499999999997,3398.784,21351.45796769496
t2060,964.5406222662001,350.34605113978193,2741.7065676382886,230.39100000000002,2560.923973705992,3311.175,6906.8009999999995,310.84499999999997,3398.784,20775.513214750263
t2061,964.5406222662001,350.34605113978193,2991.065320582989,556.9770000000001,2560.923973705992,3311.175,6906.8009999999995,310.84499999999997,3398.784,21351.45796769496
t2062,964.5406222662001,350.34605113978193,2991.065320582989,556.9770000000001,2560.923973705992,3311.175,6906.8009999999995,310.84499999999997,3398.784,21351.45796769496
t2063,964.5406222662001,350.34605113978193,2991.065320582989,556.9770000000001,2560.923973705992,3311.175,6906.8009999999995,310.84499999999997,3398.784,21351.45796769496
t2064,964.5406222662001,350.34605113978193,2991.065320582989,556.9770000000001,2560.923973705992,3311.175,7122.154924259609,310.84499999999997,3398.784,21566.81189195457
t2065,964.5406222662001,350.34605113978193,2991.065320582989,556.9770000000001,2560.923973705992,3311.175,6906.8009999999995,310.84499999999997,3398.784,21351.45796769496
t2066,964.5406222662001,350.34605113978193,2860.3925781808102,556.9770000000001,2560.923973705992,3311.175,6906.8009999999995,310.84499999999997,3398.784,21220.785225292784
t2067,964.5406222662001,350.34605113978193,2744.492180158689,556.9770000000001,2560.923973705992,3311.175,6157.593000000001,310.84499999999997,3398.784,20355.676827270665
t2068,964.5406222662001,350.34605113978193,2700.07166609837,556.9770000000001,2560.923973705992,3311.175,6157.593000000001,310.84499999999997,3398.784,20311.256313210346
t2069,964.5406222662001,350.34605113978193,2991.065320582989,556.9770000000001,2560.923973705992,3311.175,6906.8009999999995,310.84499999999997,3398.784,21351.45796769496
t2070,964.5406222662001,350.34605113978193,2991.065320582989,556.9770000000001,2560.923973705992,3311.175,6906.8009999999995,310.84499999999997,3398.784,21351.45796769496
t2071,964.5406222662001,350.34605113978193,2991.065320582989,556.9770000000001,2560.923973705992,3311.175,6157.593000000001,310.84499999999997,3398.784,20602.249967694963
t2072,377.89000024380016,51.19800000000001,1508.6199370968006,230.39100000000002,2560.923973705992,3311.175,3811.3207848490124,0.0,1579.824,13431.342695895606
t2073,377.89000024380016,51.19800000000001,837.696869042994,230.39100000000002,2560.923973705992,2341.729943301565,903.2790000000001,0.0,1579.824,8882.932786294352
t2074,377.89000024380016,51.19800000000001,480.570184251,230.39100000000002,2560.923973705992,1364.061,903.2790000000001,0.0,0.0,5968.313158200793
t2075,377.89000024380016,51.19800000000001,480.570184251,230.39100000000002,2560.923973705992,1364.061,903.2790000000001,0.0,0.0,5968.313158200793
t2076,377.89000024380016,51.19800000000001,480.570184251,230.39100000000002,2560.923973705992,1364.061,903.2790000000001,0.0,568.8716175233194,6537.184775724112
t2077,377.89000024380016,51.19800000000001,480.570184251,230.39100000000002,2560.923973705992,1364.061,903.2790000000001,0.0,0.0,5968.313158200793
t2078,377.89000024380016,51.19800000000001,480.570184251,230.39100000000002,2560.923973705992,1364.061,903.2790000000001,0.0,0.0,5968.313158200793
t2079,377.89000024380016,51.19800000000001,480.570184251,230.39100000000002,2560.923973705992,1364.061,903.2790000000001,0.0,953.3889957170795,6921.702153917872
t2080,377.89000024380016,51.19800000000001,480.570184251,230.39100000000002,2560.923973705992,1364.061,903.2790000000001,0.0,1462.0305907270117,7430.343748927804
t2081,964.5406222662001,350.34605113978193,2871.5915220698457,230.39100000000002,2560.923973705992,3311.175,6157.593000000001,310.84499999999997,3398.784,20156.19016918182
t2082,964.5406222662001,350.34605113978193,2991.065320582989,556.9770000000001,2560.923973705992,3311.175,6906.8009999999995,310.84499999999997,3398.784,21351.45796769496
t2083,964.5406222662001,350.34605113978193,2991.065320582989,556.9770000000001,2560.923973705992,3311.175,6906.8009999999995,310.84499999999997,3398.784,21351.45796769496
t2084,964.5406222662001,350.34605113978193,1769.8569370968005,556.9770000000001,2560.923973705992,3311.175,8138.1188981774585,310.84499999999997,3398.784,21361.567482386232
t2085,964.5406222662001,350.34605113978193,2991.065320582989,556.9770000000001,2560.923973705992,3311.175,6906.8009999999995,310.84499999999997,3398.784,21351.45796769496
t2086,964.5406222662001,350.34605113978193,2991.065320582989,556.9770000000001,2560.923973705992,3311.175,6906.8009999999995,310.84499999999997,3398.784,21351.45796769496
t2087,964.5406222662001,350.34605113978193,2991.065320582989,556.9770000000001,2560.923973705992,3311.175,6906.8009999999995,310.84499999999997,3398.784,21351.45796769496
t2088,964.5406222662001,350.34605113978193,2991.065320582989,556.9770000000001,2560.923973705992,3311.175,6906.8009999999995,310.84499999999997,3398.784,21351.45796769496
t2089,964.5406222662001,350.34605113978193,2991.065320582989,556.9770000000001,2560.923973705992,3311.175,6906.8009999999995,310.84499999999997,3398.784,21351.45796769496
t2090,964.5406222662001,350.34605113978193,2877.423906848571,230.39100000000002,2560.923973705992,3311.175,6157.593000000001,310.84499999999997,3398.784,20162.022553960545
t2091,964.5406222662001,350.34605113978193,2709.382664342769,556.9770000000001,2560.923973705992,3311.175,6157.593000000001,310.84499999999997,3398.784,20320.567311454746
t2092,964.5406222662001,350.34605113978193,2986.950535055091,556.9770000000001,2560.923973705992,3311.175,6620.878997327026,310.84499999999997,3398.784,21061.42117949409
t2093,964.5406222662001,350.34605113978193,1769.8569370968005,556.9770000000001,2560.923973705992,3311.175,6602.0347789289335,310.84499999999997,3398.784,19825.483363137708
t2094,964.5406222662001,350.34605113978193,2991.065320582989,556.9770000000001,2560.923973705992,3311.175,6157.593000000001,310.84499999999997,3398.784,20602.249967694963
t2095,964.5406222662001,350.34605113978193,2991.065320582989,281.79565089468684,2560.923973705992,3311.175,6157.593000000001,310.84499999999997,3398.784,20327.068618589652
t2096,377.89000024380016,51.19800000000001,1497.6744949683782,230.39100000000002,2560.923973705992,3311.175,4379.861766707513,0.0,1579.824,13988.938235625685
t2097,377.89000024380016,51.19800000000001,480.570184251,230.39100000000002,2560.923973705992,1364.061,903.2790000000001,0.0,1579.824,7548.137158200792
t2098,377.89000024380016,51.19800000000001,480.570184251,230.39100000000002,2560.923973705992,1364.061,903.2790000000001,0.0,1579.824,7548.137158200792
t2099,377.89000024380016,51.19800000000001,480.570184251,230.39100000000002,2560.923973705992,1364.061,903.2790000000001,0.0,1579.824,7548.137158200792
t2100,377.89000024380016,51.19800000000001,480.570184251,230.39100000000002,2560.923973705992,1364.061,903.2790000000001,0.0,1579.824,7548.137158200792
t2101,377.89000024380016,51.19800000000001,480.570184251,230.39100000000002,2560.923973705992,1364.061,903.2790000000001,0.0,1579.824,7548.137158200792
t2102,377.89000024380016,51.19800000000001,525.0621055102141,230.39100000000002,2560.923973705992,1364.061,903.2790000000001,0.0,1579.824,7592.629079460006
t2103,377.89000024380016,51.19800000000001,750.054674442228,230.39100000000002,2560.923973705992,1364.061,2275.7670000000003,0.0,1579.824,9190.109648392021
t2104,377.89000024380016,51.19800000000001,1264.9744798094157,230.39100000000002,2560.923973705992,1364.061,4820.050190531334,0.0,1579.824,12249.312644290541
t2105,964.5406222662001,350.34605113978193,2991.065320582989,556.9770000000001,2560.923973705992,3311.175,6157.593000000001,310.84499999999997,3398.784,20602.249967694963
t2106,964.5406222662001,350.34605113978193,2991.065320582989,556.9770000000001,2560.923973705992,3311.175,7753.930716623968,310.84499999999997,3398.784,22198.58768431893
t2107,964.5406222662001,350.34605113978193,2991.065320582989,556.9770000000001,2560.923973705992,3311.175,6906.8009999999995,310.84499999999997,3398.784,21351.45796769496
t2108,964.5406222662001,350.34605113978193,2991.065320582989,556.9770000000001,2560.923973705992,3311.175,6906.8009999999995,310.84499999999997,3398.784,21351.45796769496
t2109,964.5406222662001,350.34605113978193,2991.065320582989,556.9770000000001,2560.923973705992,3311.175,6906.8009999999995,310.84499999999997,3398.784,21351.45796769496
t2110,964.5406222662001,350.34605113978193,2991.065320582989,556.9770000000001,2560.923973705992,3311.175,8164.8815860353725,310.84499999999997,3398.784,22609.538553730334
t2111,964.5406222662001,350.34605113978193,2991.065320582989,556.9770000000001,2560.923973705992,3311.175,8917.883019143615,310.84499999999997,3398.784,23362.53998683858
t2112,964.5406222662001,350.34605113978193,2991.065320582989,556.9770000000001,2560.923973705992,3311.175,8389.649317624402,310.84499999999997,3398.784,22834.306285319362
t2113,964.5406222662001,350.34605113978193,2991.065320582989,556.9770000000001,2560.923973705992,3311.175,10356.525094670196,310.84499999999997,3398.784,24801.18206236516
t2114,964.5406222662001,350.34605113978193,1769.8569370968005,556.9770000000001,2560.923973705992,3311.175,9185.745112987124,310.84499999999997,3398.784,22409.1936971959
t2115,964.5406222662001,350.34605113978193,2904.408712415091,556.9770000000001,2560.923973705992,3311.175,7185.932819379031,310.84499999999997,3398.784,21543.933178906096
t2116,964.5406222662001,350.34605113978193,2991.065320582989,556.9770000000001,2560.923973705992,3311.175,6906.8009999999995,310.84499999999997,3398.784,21351.45796769496
t2117,964.5406222662001,350.34605113978193,2991.065320582989,556.9770000000001,2560.923973705992,3311.175,6906.8009999999995,310.84499999999997,3398.784,21351.45796769496
t2118,964.5406222662001,350.34605113978193,2991.065320582989,230.39100000000002,2560.923973705992,3311.175,7661.546729252283,310.84499999999997,3398.784,21779.617696947244
t2119,964.5406222662001,350.34605113978193,2991.065320582989,230.39100000000002,2560.923973705992,3311.175,6906.8009999999995,310.84499999999997,3398.784,21024.871967694962
t2120,964.5406222662001,350.34605113978193,2991.065320582989,556.9770000000001,2560.923973705992,3311.175,6193.5360438505995,310.84499999999997,3398.784,20638.19301154556
t2121,377.89000024380016,350.34605113978193,1508.6199370968006,230.39100000000002,2560.923973705992,1364.061,6157.593000000001,0.0,2595.1233837442205,15144.948345930596
t2122,377.89000024380016,51.19800000000001,1508.6199370968006,230.39100000000002,2560.923973705992,1364.061,5351.66120257048,0.0,1579.824,13024.569113617074
t2123,377.89000024380016,51.19800000000001,1175.749171177788,230.39100000000002,2560.923973705992,1364.061,4454.941935299699,0.0,1579.824,11794.97908042728
t2124,377.89000024380016,51.19800000000001,856.4164013915523,230.39100000000002,2560.923973705992,1364.061,3650.0302529229316,0.0,1579.824,10670.734628264276
t2125,377.89000024380016,51.19800000000001,938.9722597357996,230.39100000000002,2560.923973705992,1364.061,5698.000015286723,0.0,1579.824,12801.260248972316
t2126,619.8535032321507,350.34605113978193,1508.6199370968006,230.39100000000002,2560.923973705992,1364.061,6157.593000000001,0.0,1579.824,14371.612465174727
t2127,964.5406222662001,350.34605113978193,1508.6199370968006,230.39100000000002,2560.923973705992,1364.061,6157.593000000001,0.0,2386.2145991844195,15522.690183393195
t2128,964.5406222662001,350.34605113978193,1508.6199370968006,230.39100000000002,2560.923973705992,1364.061,6157.593000000001,0.0,3398.784,16535.259584208776
t2129,964.5406222662001,350.34605113978193,2991.065320582989,230.39100000000002,2560.923973705992,3311.175,6906.8009999999995,310.84499999999997,3398.784,21024.871967694962
t2130,964.5406222662001,350.34605113978193,2991.065320582989,556.9770000000001,2560.923973705992,3311.175,6157.593000000001,310.84499999999997,3398.784,20602.249967694963
t2131,964.5406222662001,350.34605113978193,2991.065320582989,556.9770000000001,2560.923973705992,3311.175,9070.399637508985,310.84499999999997,3398.784,23515.056605203947
t2132,964.5406222662001,350.34605113978193,2991.065320582989,556.9770000000001,2560.923973705992,3311.175,6906.8009999999995,310.84499999999997,3398.784,21351.45796769496
t2133,964.5406222662001,350.34605113978193,2991.065320582989,556.9770000000001,2560.923973705992,3311.175,7845.728163882423,310.84499999999997,3398.784,22290.385131577386
t2134,964.5406222662001,350.34605113978193,2991.065320582989,556.9770000000001,2560.923973705992,3311.175,6906.8009999999995,310.84499999999997,3398.784,21351.45796769496
t2135,964.5406222662001,350.34605113978193,2991.065320582989,556.9770000000001,2560.923973705992,3311.175,8513.604553903744,310.84499999999997,3398.784,22958.261521598706
t2136,964.5406222662001,350.34605113978193,1807.565734338404,344.68161475058577,2560.923973705992,3311.175,8411.589815943045,310.84499999999997,3398.784,21460.451812144012
t2137,964.5406222662001,350.34605113978193,2991.065320582989,556.9770000000001,2560.923973705992,3311.175,8244.657485183578,310.84499999999997,3398.784,22689.31445287854
t2138,964.5406222662001,350.34605113978193,1780.2651785427686,463.55190719999996,2560.923973705992,3311.175,8653.691910872012,310.84499999999997,3398.784,21794.123643726758
t2139,964.5406222662001,350.34605113978193,2991.065320582989,466.5882032009352,2560.923973705992,3311.175,6906.8009999999995,310.84499999999997,3398.784,21261.0691708959
t2140,964.5406222662001,350.34605113978193,2991.065320582989,458.9805299999999,2560.923973705992,2734.0761332104385,6906.8009999999995,310.84499999999997,3398.784,20676.3626309054
t2141,964.5406222662001,350.34605113978193,2991.065320582989,486.355878,2560.923973705992,2440.4866590494157,6906.8009999999995,310.84499999999997,3398.784,20410.14850474438
t2142,964.5406222662001,350.34605113978193,2991.065320582989,541.9838088,2560.923973705992,2366.6210653567205,6906.8009999999995,310.84499999999997,3398.784,20391.910841851684
t2143,964.5406222662001,350.34605113978193,2991.065320582989,418.3249109659345,2560.923973705992,2958.0268419873246,6906.8009999999995,310.84499999999997,3398.784,20859.65772064822
t2144,377.89000024380016,350.34605113978193,1508.6199370968006,230.39100000000002,2560.923973705992,1364.061,6157.593000000001,0.0,1579.824,14129.648962186377
t2145,377.89000024380016,350.34605113978193,1158.844692244332,230.39100000000002,2560.923973705992,1364.061,5084.990737930063,0.0,1579.824,12707.27145526397
t2146,377.89000024380016,254.14623769303202,660.1336504941486,230.39100000000002,2560.923973705992,1364.061,2275.7670000000003,0.0,1579.824,9303.136862136973
t2147,377.89000024380016,245.16039298363185,838.7690448219964,230.39100000000002,2560.923973705992,1364.061,2275.7670000000003,0.0,1579.824,9472.78641175542
t2148,377.89000024380016,236.904877663632,675.895277182368,230.39100000000002,2560.923973705992,1364.061,2275.7670000000003,0.0,1579.824,9301.657128795792
t2149,377.89000024380016,271.4909519597819,813.318374249079,230.39100000000002,2560.923973705992,1364.061,3553.092635635715,0.0,1579.824,10750.991935794369
t2150,377.89000024380016,272.1167982197821,676.5052001725805,230.39100000000002,2560.923973705992,1364.061,6157.593000000001,0.0,1579.824,13219.304972342155
t2151,377.89000024380016,312.95021785978196,480.570184251,230.39100000000002,2560.923973705992,1364.061,6157.593000000001,0.0,1579.824,13064.203376060575
t2152,377.89000024380016,335.57485894363185,1508.6199370968006,230.39100000000002,2560.923973705992,1364.061,5891.489787045695,0.0,1579.824,13848.77455703592
t2153,964.5406222662001,350.34605113978193,2991.065320582989,230.39100000000002,2560.923973705992,3172.546194453288,6157.593000000001,310.84499999999997,3398.784,20137.03516214825
t2154,964.5406222662001,350.34605113978193,2991.065320582989,556.9770000000001,2560.923973705992,3311.175,6157.593000000001,310.84499999999997,3398.784,20602.249967694963
t2155,964.5406222662001,350.34605113978193,2991.065320582989,556.9770000000001,2560.923973705992,3311.175,6906.8009999999995,310.84499999999997,3398.784,21351.45796769496
t2156,964.5406222662001,350.34605113978193,2991.065320582989,556.9770000000001,2560.923973705992,3311.175,6157.593000000001,310.84499999999997,3398.784,20602.249967694963
t2157,964.5406222662001,350.34605113978193,2991.065320582989,556.9770000000001,2560.923973705992,3311.175,6157.593000000001,310.84499999999997,3398.784,20602.249967694963
t2158,964.5406222662001,350.34605113978193,2991.065320582989,556.9770000000001,2560.923973705992,3311.175,6157.593000000001,310.84499999999997,3398.784,20602.249967694963
t2159,964.5406222662001,350.34605113978193,2991.065320582989,556.9770000000001,2560.923973705992,3311.175,6157.593000000001,310.84499999999997,3398.784,20602.249967694963
t2160,964.5406222662001,350.34605113978193,2991.065320582989,556.9770000000001,2560.923973705992,3311.175,6906.8009999999995,310.84499999999997,3398.784,21351.45796769496
t2161,964.5406222662001,350.34605113978193,2991.065320582989,230.39100000000002,2560.923973705992,3311.175,6157.593000000001,310.84499999999997,3398.784,20275.663967694964
t2162,964.5406222662001,350.34605113978193,2991.065320582989,556.9770000000001,2560.923973705992,3311.175,6906.8009999999995,310.84499999999997,3398.784,21351.45796769496
t2163,964.5406222662001,350.34605113978193,2991.065320582989,556.9770000000001,2560.923973705992,3311.175,6157.593000000001,310.84499999999997,3398.784,20602.249967694963
t2164,964.5406222662001,350.34605113978193,2991.065320582989,423.66376800000006,2560.923973705992,2990.2520576484308,6157.593000000001,310.84499999999997,3398.784,20148.013793343394
t2165,964.5406222662001,350.34605113978193,1769.8569370968005,444.06051059999993,2560.923973705992,2677.977140435886,6157.593000000001,310.84499999999997,3398.784,18634.92723524466
t2166,964.5406222662001,350.34605113978193,2991.065320582989,495.0567077999999,2560.923973705992,2638.532120020332,6157.593000000001,310.84499999999997,3398.784,19867.686795515296
t2167,964.5406222662001,350.34605113978193,1769.8569370968005,410.7073598694276,2560.923973705992,3086.186472019914,6157.593000000001,310.84499999999997,3398.784,19009.78341609812
t2168,377.89000024380016,51.19800000000001,1508.6199370968006,230.39100000000002,2560.923973705992,2043.585540494803,2588.014534695159,0.0,1579.824,10940.446986236557
t2169,0.0,51.19800000000001,480.570184251,230.39100000000002,2560.923973705992,1364.061,903.2790000000001,0.0,0.0,5590.423157956992
t2170,0.0,51.19800000000001,480.570184251,230.39100000000002,2560.923973705992,1364.061,903.2790000000001,0.0,872.9580183628137,6463.381176319806
t2171,0.0,51.19800000000001,0.0,230.39100000000002,2560.923973705992,1364.061,903.2790000000001,0.0,0.0,5109.852973705993
t2172,0.0,51.19800000000001,0.0,230.39100000000002,2560.923973705992,1364.061,903.2790000000001,0.0,406.8312574624742,5516.684231168467
t2173,0.0,51.19800000000001,0.0,230.39100000000002,2560.923973705992,1364.061,903.2790000000001,0.0,0.0,5109.852973705993
t2174,0.0,51.19800000000001,71.20195064310468,230.39100000000002,2560.923973705992,1364.061,903.2790000000001,0.0,0.0,5181.054924349097
t2175,0.0,51.19800000000001,480.570184251,230.39100000000002,2560.923973705992,1364.061,903.2790000000001,0.0,1579.824,7170.247157956992
t2176,377.89000024380016,293.00681290363195,693.2450339876998,230.39100000000002,2560.923973705992,1364.061,2337.6384064389345,0.0,1579.824,9436.980227280059
t2177,964.5406222662001,350.34605113978193,2991.065320582989,556.9770000000001,2560.923973705992,3311.175,6595.974531855084,310.84499999999997,3398.784,21040.631499550047
t2178,964.5406222662001,350.34605113978193,2729.828320582989,556.9770000000001,2560.923973705992,3311.175,6157.593000000001,310.84499999999997,3398.784,20341.012967694965
t2179,964.5406222662001,350.34605113978193,2991.065320582989,556.9770000000001,2560.923973705992,3311.175,6157.593000000001,310.84499999999997,3398.784,20602.249967694963
t2180,964.5406222662001,350.34605113978193,2991.065320582989,230.39100000000002,2560.923973705992,3311.175,6906.8009999999995,310.84499999999997,3398.784,21024.871967694962
t2181,964.5406222662001,350.34605113978193,2991.065320582989,556.9770000000001,2560.923973705992,3311.175,6157.593000000001,310.84499999999997,3398.784,20602.249967694963
t2182,964.5406222662001,350.34605113978193,2991.065320582989,556.9770000000001,2560.923973705992,3311.175,6906.8009999999995,310.84499999999997,3398.784,21351.45796769496
t2183,964.5406222662001,350.34605113978193,2991.065320582989,556.9770000000001,2560.923973705992,3311.175,6157.593000000001,310.84499999999997,3398.784,20602.249967694963
t2184,964.5406222662001,350.34605113978193,2991.065320582989,230.39100000000002,2560.923973705992,3311.175,6157.593000000001,310.84499999999997,3398.784,20275.663967694964
