Resource,Central_Storage,IID_Storage,LADWP_Storage,North_Storage,PGE_Storage,SCE_Storage,SDGE_Storage,South_Storage,Central_Storage_Invest,IID_Storage_Invest,LADWP_Storage_Invest,NCNC_Storage_Invest,North_Storage_Invest,PGE_Storage_Invest,SCE_Storage_Invest,SDGE_Storage_Invest,South_Storage_Invest,Total
Zone,1,2,3,5,6,7,8,9,1,2,3,4,5,6,7,8,9,0
AnnualSum,1.4452591348671892e6,129285.28180923329,841782.0091874979,10815.959346234333,3.135146708876313e6,8.042200523947714e6,1.9612198757643462e6,2.0564800869918184e6,0.0,0.0,0.0,0.0,0.0,0.0,0.0,0.0,0.0,1.7622189580790345e7
t1,0.0,0.0,0.0,0.0,0.0,0.0,0.0,0.0,0.0,0.0,0.0,0.0,0.0,0.0,0.0,0.0,0.0,0.0
t2,0.0,0.0,0.0,0.0,0.0,0.0,0.0,0.0,0.0,0.0,0.0,0.0,0.0,0.0,0.0,0.0,0.0,0.0
t3,0.0,0.0,0.0,0.0,0.0,0.0,0.0,0.0,0.0,0.0,0.0,0.0,0.0,0.0,0.0,0.0,0.0,0.0
t4,0.0,0.0,0.0,0.0,0.0,0.0,0.0,0.0,0.0,0.0,0.0,0.0,0.0,0.0,0.0,0.0,0.0,0.0
t5,0.0,0.0,0.0,0.0,0.0,0.0,0.0,0.0,0.0,0.0,0.0,0.0,0.0,0.0,0.0,0.0,0.0,0.0
t6,0.0,0.0,0.0,0.0,0.0,0.0,0.0,0.0,0.0,0.0,0.0,0.0,0.0,0.0,0.0,0.0,0.0,0.0
t7,0.0,0.0,0.0,0.0,0.0,0.0,0.0,0.0,0.0,0.0,0.0,0.0,0.0,0.0,0.0,0.0,0.0,0.0
t8,0.0,0.0,0.0,0.0,0.0,0.0,0.0,0.0,0.0,0.0,0.0,0.0,0.0,0.0,0.0,0.0,0.0,0.0
t9,0.0,0.0,0.0,0.0,0.0,0.0,0.0,0.0,0.0,0.0,0.0,0.0,0.0,0.0,0.0,0.0,0.0,0.0
t10,73.64142666000035,0.0,0.0,0.0,0.0,267.27517364997544,311.91960397278706,0.0,0.0,0.0,0.0,0.0,0.0,0.0,0.0,0.0,0.0,652.8362042827629
t11,489.6049822999998,0.0,0.0,0.0,1366.3079525481803,4049.9503536309644,552.1558815900003,833.7953907480862,0.0,0.0,0.0,0.0,0.0,0.0,0.0,0.0,0.0,7291.814560817231
t12,1096.09375,0.0,1210.9374458,0.0,3973.2473109999996,4226.733645990284,1428.14371275,1530.7810385499004,0.0,0.0,0.0,0.0,0.0,0.0,0.0,0.0,0.0,13465.936904090182
t13,572.4674266600005,0.0,0.0,0.0,3973.2473109999996,7557.921119353061,1257.4695212200002,1750.24390325,0.0,0.0,0.0,0.0,0.0,0.0,0.0,0.0,0.0,15111.349281483062
t14,325.36616901999986,110.76923075,0.0,0.0,3973.2473109999996,6549.671641248724,1428.14371275,1514.6143428210037,0.0,0.0,0.0,0.0,0.0,0.0,0.0,0.0,0.0,13901.812407589727
t15,1096.09375,110.76923075,0.0,0.0,1481.2773842099982,3237.6450399576424,1043.7520706544422,1750.24390325,0.0,0.0,0.0,0.0,0.0,0.0,0.0,0.0,0.0,8719.781378822083
t16,0.0,0.0,0.0,0.0,1985.3596066799992,0.0,0.0,0.0,0.0,0.0,0.0,0.0,0.0,0.0,0.0,0.0,0.0,1985.3596066799992
t17,0.0,0.0,0.0,0.0,0.0,0.0,0.0,0.0,0.0,0.0,0.0,0.0,0.0,0.0,0.0,0.0,0.0,0.0
t18,0.0,0.0,0.0,0.0,0.0,0.0,0.0,0.0,0.0,0.0,0.0,0.0,0.0,0.0,0.0,0.0,0.0,0.0
t19,0.0,0.0,0.0,0.0,0.0,0.0,0.0,0.0,0.0,0.0,0.0,0.0,0.0,0.0,0.0,0.0,0.0,0.0
t20,0.0,0.0,0.0,0.0,0.0,0.0,0.0,0.0,0.0,0.0,0.0,0.0,0.0,0.0,0.0,0.0,0.0,0.0
t21,0.0,0.0,0.0,0.0,0.0,0.0,0.0,0.0,0.0,0.0,0.0,0.0,0.0,0.0,0.0,0.0,0.0,0.0
t22,0.0,0.0,0.0,0.0,0.0,0.0,0.0,0.0,0.0,0.0,0.0,0.0,0.0,0.0,0.0,0.0,0.0,0.0
t23,0.0,0.0,0.0,0.0,0.0,0.0,0.0,0.0,0.0,0.0,0.0,0.0,0.0,0.0,0.0,0.0,0.0,0.0
t24,0.0,0.0,0.0,0.0,0.0,0.0,0.0,0.0,0.0,0.0,0.0,0.0,0.0,0.0,0.0,0.0,0.0,0.0
t25,0.0,0.0,0.0,0.0,0.0,0.0,0.0,0.0,0.0,0.0,0.0,0.0,0.0,0.0,0.0,0.0,0.0,0.0
t26,0.0,0.0,0.0,0.0,0.0,0.0,0.0,0.0,0.0,0.0,0.0,0.0,0.0,0.0,0.0,0.0,0.0,0.0
t27,0.0,0.0,0.0,0.0,0.0,0.0,0.0,0.0,0.0,0.0,0.0,0.0,0.0,0.0,0.0,0.0,0.0,0.0
t28,0.0,0.0,0.0,0.0,0.0,0.0,0.0,0.0,0.0,0.0,0.0,0.0,0.0,0.0,0.0,0.0,0.0,0.0
t29,0.0,0.0,0.0,0.0,0.0,0.0,0.0,0.0,0.0,0.0,0.0,0.0,0.0,0.0,0.0,0.0,0.0,0.0
t30,0.0,0.0,0.0,0.0,0.0,0.0,0.0,0.0,0.0,0.0,0.0,0.0,0.0,0.0,0.0,0.0,0.0,0.0
t31,0.0,0.0,0.0,0.0,0.0,0.0,0.0,0.0,0.0,0.0,0.0,0.0,0.0,0.0,0.0,0.0,0.0,0.0
t32,0.0,0.0,0.0,0.0,0.0,0.0,0.0,0.0,0.0,0.0,0.0,0.0,0.0,0.0,0.0,0.0,0.0,0.0
t33,0.0,0.0,0.0,0.0,0.0,0.0,0.0,0.0,0.0,0.0,0.0,0.0,0.0,0.0,0.0,0.0,0.0,0.0
t34,0.0,0.0,0.0,0.0,0.0,0.0,0.0,0.0,0.0,0.0,0.0,0.0,0.0,0.0,0.0,0.0,0.0,0.0
t35,1096.09375,110.76923075,0.0,0.0,0.0,1284.9062330389734,453.27737126,1750.24390325,0.0,0.0,0.0,0.0,0.0,0.0,0.0,0.0,0.0,4695.290488298973
t36,1096.09375,0.0,0.0,0.0,3973.2473109999996,3046.9551621714836,1428.14371275,1140.8246310564211,0.0,0.0,0.0,0.0,0.0,0.0,0.0,0.0,0.0,10685.264566977903
t37,468.75268190000014,0.0,0.0,0.0,3973.2473109999996,5632.8950640343255,1428.14371275,1750.24390325,0.0,0.0,0.0,0.0,0.0,0.0,0.0,0.0,0.0,13253.282672934325
t38,1096.09375,110.76923075,0.0,0.0,3973.2473109999996,4656.516833995148,1283.875993427229,988.1222378125697,0.0,0.0,0.0,0.0,0.0,0.0,0.0,0.0,0.0,12108.625356984947
t39,257.5334565482884,0.0,318.33090004999974,0.0,2611.6469407199984,744.3659077568099,1428.14371275,1750.24390325,0.0,0.0,0.0,0.0,0.0,0.0,0.0,0.0,0.0,7110.264821075097
t40,0.0,0.0,0.0,0.0,2221.2980027181784,0.0,0.0,0.0,0.0,0.0,0.0,0.0,0.0,0.0,0.0,0.0,0.0,2221.2980027181784
t41,0.0,0.0,0.0,0.0,0.0,0.0,0.0,0.0,0.0,0.0,0.0,0.0,0.0,0.0,0.0,0.0,0.0,0.0
t42,0.0,0.0,0.0,0.0,0.0,0.0,0.0,0.0,0.0,0.0,0.0,0.0,0.0,0.0,0.0,0.0,0.0,0.0
t43,0.0,0.0,0.0,0.0,0.0,0.0,0.0,0.0,0.0,0.0,0.0,0.0,0.0,0.0,0.0,0.0,0.0,0.0
t44,0.0,0.0,0.0,0.0,0.0,0.0,0.0,0.0,0.0,0.0,0.0,0.0,0.0,0.0,0.0,0.0,0.0,0.0
t45,0.0,0.0,0.0,0.0,0.0,0.0,0.0,0.0,0.0,0.0,0.0,0.0,0.0,0.0,0.0,0.0,0.0,0.0
t46,0.0,0.0,0.0,0.0,0.0,0.0,0.0,0.0,0.0,0.0,0.0,0.0,0.0,0.0,0.0,0.0,0.0,0.0
t47,0.0,0.0,0.0,0.0,0.0,0.0,0.0,0.0,0.0,0.0,0.0,0.0,0.0,0.0,0.0,0.0,0.0,0.0
t48,0.0,0.0,0.0,0.0,0.0,0.0,0.0,0.0,0.0,0.0,0.0,0.0,0.0,0.0,0.0,0.0,0.0,0.0
t49,0.0,0.0,0.0,0.0,0.0,0.0,0.0,0.0,0.0,0.0,0.0,0.0,0.0,0.0,0.0,0.0,0.0,0.0
t50,0.0,0.0,0.0,0.0,0.0,0.0,0.0,0.0,0.0,0.0,0.0,0.0,0.0,0.0,0.0,0.0,0.0,0.0
t51,0.0,0.0,0.0,0.0,0.0,0.0,0.0,0.0,0.0,0.0,0.0,0.0,0.0,0.0,0.0,0.0,0.0,0.0
t52,0.0,0.0,0.0,0.0,0.0,0.0,0.0,0.0,0.0,0.0,0.0,0.0,0.0,0.0,0.0,0.0,0.0,0.0
t53,0.0,0.0,0.0,0.0,0.0,0.0,0.0,0.0,0.0,0.0,0.0,0.0,0.0,0.0,0.0,0.0,0.0,0.0
t54,0.0,0.0,0.0,0.0,0.0,0.0,0.0,0.0,0.0,0.0,0.0,0.0,0.0,0.0,0.0,0.0,0.0,0.0
t55,0.0,0.0,0.0,0.0,0.0,0.0,0.0,0.0,0.0,0.0,0.0,0.0,0.0,0.0,0.0,0.0,0.0,0.0
t56,0.0,0.0,0.0,0.0,0.0,0.0,0.0,0.0,0.0,0.0,0.0,0.0,0.0,0.0,0.0,0.0,0.0,0.0
t57,0.0,0.0,0.0,0.0,0.0,0.0,0.0,0.0,0.0,0.0,0.0,0.0,0.0,0.0,0.0,0.0,0.0,0.0
t58,0.0,0.0,0.0,0.0,0.0,0.0,0.0,0.0,0.0,0.0,0.0,0.0,0.0,0.0,0.0,0.0,0.0,0.0
t59,1096.09375,110.76923075,0.0,0.0,2431.157152280001,148.9605486973331,506.53223000722915,1750.24390325,0.0,0.0,0.0,0.0,0.0,0.0,0.0,0.0,0.0,6043.756814984563
t60,1096.09375,0.0,0.0,0.0,3973.2473109999996,3355.7655889758057,1428.14371275,1750.24390325,0.0,0.0,0.0,0.0,0.0,0.0,0.0,0.0,0.0,11603.494265975805
t61,165.27980721999953,0.0,0.0,0.0,3973.2473109999996,6292.62182586606,1230.6211346799998,1750.24390325,0.0,0.0,0.0,0.0,0.0,0.0,0.0,0.0,0.0,13412.01398201606
t62,1096.09375,110.76923075,0.0,0.0,3973.2473109999996,5778.959489660641,1428.14371275,0.0,0.0,0.0,0.0,0.0,0.0,0.0,0.0,0.0,0.0,12387.21349416064
t63,1096.09375,0.0,0.0,0.0,359.896275089999,1950.3897382133196,1428.14371275,754.3528004070392,0.0,0.0,0.0,0.0,0.0,0.0,0.0,0.0,0.0,5588.876276460358
t64,0.0,0.0,0.0,0.0,2041.8915160681777,0.0,0.0,0.0,0.0,0.0,0.0,0.0,0.0,0.0,0.0,0.0,0.0,2041.8915160681777
t65,0.0,0.0,0.0,0.0,0.0,0.0,0.0,0.0,0.0,0.0,0.0,0.0,0.0,0.0,0.0,0.0,0.0,0.0
t66,0.0,0.0,0.0,0.0,0.0,0.0,0.0,0.0,0.0,0.0,0.0,0.0,0.0,0.0,0.0,0.0,0.0,0.0
t67,0.0,0.0,0.0,0.0,0.0,0.0,0.0,0.0,0.0,0.0,0.0,0.0,0.0,0.0,0.0,0.0,0.0,0.0
t68,0.0,0.0,0.0,0.0,0.0,0.0,0.0,0.0,0.0,0.0,0.0,0.0,0.0,0.0,0.0,0.0,0.0,0.0
t69,0.0,0.0,0.0,0.0,0.0,0.0,0.0,0.0,0.0,0.0,0.0,0.0,0.0,0.0,0.0,0.0,0.0,0.0
t70,0.0,0.0,0.0,0.0,0.0,0.0,0.0,0.0,0.0,0.0,0.0,0.0,0.0,0.0,0.0,0.0,0.0,0.0
t71,0.0,0.0,0.0,0.0,0.0,0.0,0.0,0.0,0.0,0.0,0.0,0.0,0.0,0.0,0.0,0.0,0.0,0.0
t72,0.0,0.0,0.0,0.0,0.0,0.0,0.0,0.0,0.0,0.0,0.0,0.0,0.0,0.0,0.0,0.0,0.0,0.0
t73,0.0,0.0,0.0,0.0,0.0,0.0,0.0,0.0,0.0,0.0,0.0,0.0,0.0,0.0,0.0,0.0,0.0,0.0
t74,0.0,0.0,0.0,0.0,0.0,0.0,0.0,0.0,0.0,0.0,0.0,0.0,0.0,0.0,0.0,0.0,0.0,0.0
t75,0.0,0.0,0.0,0.0,0.0,0.0,0.0,0.0,0.0,0.0,0.0,0.0,0.0,0.0,0.0,0.0,0.0,0.0
t76,0.0,0.0,0.0,0.0,0.0,0.0,0.0,0.0,0.0,0.0,0.0,0.0,0.0,0.0,0.0,0.0,0.0,0.0
t77,0.0,0.0,0.0,0.0,0.0,0.0,0.0,0.0,0.0,0.0,0.0,0.0,0.0,0.0,0.0,0.0,0.0,0.0
t78,0.0,0.0,0.0,0.0,0.0,0.0,0.0,0.0,0.0,0.0,0.0,0.0,0.0,0.0,0.0,0.0,0.0,0.0
t79,0.0,0.0,0.0,0.0,0.0,0.0,0.0,0.0,0.0,0.0,0.0,0.0,0.0,0.0,0.0,0.0,0.0,0.0
t80,0.0,0.0,0.0,0.0,0.0,0.0,0.0,0.0,0.0,0.0,0.0,0.0,0.0,0.0,0.0,0.0,0.0,0.0
t81,0.0,0.0,0.0,0.0,0.0,0.0,0.0,0.0,0.0,0.0,0.0,0.0,0.0,0.0,0.0,0.0,0.0,0.0
t82,0.0,0.0,0.0,0.0,0.0,0.0,0.0,0.0,0.0,0.0,0.0,0.0,0.0,0.0,0.0,0.0,0.0,0.0
t83,1096.09375,0.0,0.0,0.0,866.6074861619346,1236.09910598058,557.7403921888058,1750.24390325,0.0,0.0,0.0,0.0,0.0,0.0,0.0,0.0,0.0,5506.784637581321
t84,1096.09375,0.0,0.0,0.0,1687.3474462499998,3801.10767170655,1428.14371275,1750.24390325,0.0,0.0,0.0,0.0,0.0,0.0,0.0,0.0,0.0,9762.93648395655
t85,1096.09375,0.0,0.0,0.0,3577.598497296244,4822.854356668651,1235.9079592599999,1750.24390325,0.0,0.0,0.0,0.0,0.0,0.0,0.0,0.0,0.0,12482.698466474896
t86,0.0,110.76923075,0.0,0.0,3973.2473109999996,5654.8419879862,1428.14371275,0.0,0.0,0.0,0.0,0.0,0.0,0.0,0.0,0.0,0.0,11167.0022424862
t87,0.0,0.0,0.0,0.0,2677.75831379,472.1325706483439,1371.6487259884234,1750.24390325,0.0,0.0,0.0,0.0,0.0,0.0,0.0,0.0,0.0,6271.783513676767
t88,0.0,0.0,0.0,0.0,3970.127821939999,0.0,0.0,0.0,0.0,0.0,0.0,0.0,0.0,0.0,0.0,0.0,0.0,3970.127821939999
t89,0.0,0.0,0.0,0.0,0.0,0.0,0.0,0.0,0.0,0.0,0.0,0.0,0.0,0.0,0.0,0.0,0.0,0.0
t90,0.0,0.0,0.0,0.0,0.0,0.0,0.0,0.0,0.0,0.0,0.0,0.0,0.0,0.0,0.0,0.0,0.0,0.0
t91,0.0,0.0,0.0,0.0,0.0,0.0,0.0,0.0,0.0,0.0,0.0,0.0,0.0,0.0,0.0,0.0,0.0,0.0
t92,0.0,0.0,0.0,0.0,0.0,0.0,0.0,0.0,0.0,0.0,0.0,0.0,0.0,0.0,0.0,0.0,0.0,0.0
t93,0.0,0.0,0.0,0.0,0.0,0.0,0.0,0.0,0.0,0.0,0.0,0.0,0.0,0.0,0.0,0.0,0.0,0.0
t94,0.0,0.0,0.0,0.0,0.0,0.0,0.0,0.0,0.0,0.0,0.0,0.0,0.0,0.0,0.0,0.0,0.0,0.0
t95,0.0,0.0,0.0,0.0,0.0,0.0,0.0,0.0,0.0,0.0,0.0,0.0,0.0,0.0,0.0,0.0,0.0,0.0
t96,0.0,0.0,0.0,0.0,0.0,0.0,0.0,0.0,0.0,0.0,0.0,0.0,0.0,0.0,0.0,0.0,0.0,0.0
t97,0.0,0.0,0.0,0.0,0.0,0.0,0.0,0.0,0.0,0.0,0.0,0.0,0.0,0.0,0.0,0.0,0.0,0.0
t98,0.0,0.0,0.0,0.0,0.0,0.0,0.0,0.0,0.0,0.0,0.0,0.0,0.0,0.0,0.0,0.0,0.0,0.0
t99,0.0,0.0,0.0,0.0,0.0,0.0,0.0,0.0,0.0,0.0,0.0,0.0,0.0,0.0,0.0,0.0,0.0,0.0
t100,0.0,0.0,0.0,0.0,0.0,0.0,0.0,0.0,0.0,0.0,0.0,0.0,0.0,0.0,0.0,0.0,0.0,0.0
t101,0.0,0.0,0.0,0.0,0.0,0.0,0.0,0.0,0.0,0.0,0.0,0.0,0.0,0.0,0.0,0.0,0.0,0.0
t102,0.0,0.0,0.0,0.0,0.0,0.0,0.0,0.0,0.0,0.0,0.0,0.0,0.0,0.0,0.0,0.0,0.0,0.0
t103,0.0,0.0,0.0,0.0,0.0,0.0,0.0,0.0,0.0,0.0,0.0,0.0,0.0,0.0,0.0,0.0,0.0,0.0
t104,0.0,0.0,0.0,0.0,0.0,0.0,0.0,0.0,0.0,0.0,0.0,0.0,0.0,0.0,0.0,0.0,0.0,0.0
t105,0.0,0.0,0.0,0.0,0.0,0.0,0.0,0.0,0.0,0.0,0.0,0.0,0.0,0.0,0.0,0.0,0.0,0.0
t106,0.0,0.0,0.0,0.0,0.0,0.0,0.0,0.0,0.0,0.0,0.0,0.0,0.0,0.0,0.0,0.0,0.0,0.0
t107,0.0,0.0,0.0,0.0,0.0,0.0,0.0,0.0,0.0,0.0,0.0,0.0,0.0,0.0,0.0,0.0,0.0,0.0
t108,0.0,0.0,0.0,0.0,0.0,0.0,0.0,0.0,0.0,0.0,0.0,0.0,0.0,0.0,0.0,0.0,0.0,0.0
t109,0.0,0.0,0.0,0.0,0.0,0.0,0.0,0.0,0.0,0.0,0.0,0.0,0.0,0.0,0.0,0.0,0.0,0.0
t110,0.0,0.0,0.0,0.0,0.0,0.0,0.0,0.0,0.0,0.0,0.0,0.0,0.0,0.0,0.0,0.0,0.0,0.0
t111,0.0,0.0,0.0,0.0,0.0,0.0,0.0,0.0,0.0,0.0,0.0,0.0,0.0,0.0,0.0,0.0,0.0,0.0
t112,0.0,0.0,0.0,0.0,0.0,0.0,0.0,0.0,0.0,0.0,0.0,0.0,0.0,0.0,0.0,0.0,0.0,0.0
t113,0.0,0.0,0.0,0.0,0.0,0.0,0.0,0.0,0.0,0.0,0.0,0.0,0.0,0.0,0.0,0.0,0.0,0.0
t114,0.0,0.0,0.0,0.0,0.0,0.0,0.0,0.0,0.0,0.0,0.0,0.0,0.0,0.0,0.0,0.0,0.0,0.0
t115,0.0,0.0,0.0,0.0,0.0,0.0,0.0,0.0,0.0,0.0,0.0,0.0,0.0,0.0,0.0,0.0,0.0,0.0
t116,0.0,0.0,0.0,0.0,0.0,0.0,0.0,0.0,0.0,0.0,0.0,0.0,0.0,0.0,0.0,0.0,0.0,0.0
t117,0.0,0.0,0.0,0.0,0.0,0.0,0.0,0.0,0.0,0.0,0.0,0.0,0.0,0.0,0.0,0.0,0.0,0.0
t118,0.0,0.0,0.0,0.0,0.0,0.0,0.0,0.0,0.0,0.0,0.0,0.0,0.0,0.0,0.0,0.0,0.0,0.0
t119,0.0,0.0,0.0,0.0,0.0,0.0,0.0,0.0,0.0,0.0,0.0,0.0,0.0,0.0,0.0,0.0,0.0,0.0
t120,0.0,0.0,0.0,0.0,0.0,0.0,0.0,0.0,0.0,0.0,0.0,0.0,0.0,0.0,0.0,0.0,0.0,0.0
t121,0.0,0.0,0.0,0.0,0.0,0.0,0.0,0.0,0.0,0.0,0.0,0.0,0.0,0.0,0.0,0.0,0.0,0.0
t122,0.0,0.0,0.0,0.0,0.0,0.0,0.0,0.0,0.0,0.0,0.0,0.0,0.0,0.0,0.0,0.0,0.0,0.0
t123,0.0,0.0,0.0,0.0,0.0,0.0,0.0,0.0,0.0,0.0,0.0,0.0,0.0,0.0,0.0,0.0,0.0,0.0
t124,0.0,0.0,0.0,0.0,0.0,0.0,0.0,0.0,0.0,0.0,0.0,0.0,0.0,0.0,0.0,0.0,0.0,0.0
t125,0.0,0.0,0.0,0.0,0.0,0.0,0.0,0.0,0.0,0.0,0.0,0.0,0.0,0.0,0.0,0.0,0.0,0.0
t126,0.0,0.0,0.0,0.0,0.0,0.0,0.0,0.0,0.0,0.0,0.0,0.0,0.0,0.0,0.0,0.0,0.0,0.0
t127,0.0,0.0,0.0,0.0,0.0,0.0,0.0,0.0,0.0,0.0,0.0,0.0,0.0,0.0,0.0,0.0,0.0,0.0
t128,0.0,0.0,0.0,0.0,0.0,0.0,0.0,0.0,0.0,0.0,0.0,0.0,0.0,0.0,0.0,0.0,0.0,0.0
t129,0.0,0.0,0.0,0.0,0.0,0.0,0.0,0.0,0.0,0.0,0.0,0.0,0.0,0.0,0.0,0.0,0.0,0.0
t130,0.0,0.0,0.0,0.0,0.0,0.0,0.0,0.0,0.0,0.0,0.0,0.0,0.0,0.0,0.0,0.0,0.0,0.0
t131,0.0,0.0,0.0,0.0,0.0,0.0,0.0,0.0,0.0,0.0,0.0,0.0,0.0,0.0,0.0,0.0,0.0,0.0
t132,812.9867791000003,43.4808319695532,0.0,0.0,0.0,588.1572210640867,554.4584029800001,0.0,0.0,0.0,0.0,0.0,0.0,0.0,0.0,0.0,0.0,1999.0832351136403
t133,1096.09375,0.0,0.0,0.0,0.0,2904.1486718078168,217.89324281999978,0.0,0.0,0.0,0.0,0.0,0.0,0.0,0.0,0.0,0.0,4218.135664627816
t134,1096.09375,0.0,0.0,0.0,0.0,1179.3154846343919,744.73199937,0.0,0.0,0.0,0.0,0.0,0.0,0.0,0.0,0.0,0.0,3020.1412340043917
t135,614.2600523234199,110.76923075,225.3246017699998,0.0,0.0,0.0,538.81223443,0.0,0.0,0.0,0.0,0.0,0.0,0.0,0.0,0.0,0.0,1489.1661192734198
t136,0.0,0.0,0.0,0.0,0.0,0.0,0.0,0.0,0.0,0.0,0.0,0.0,0.0,0.0,0.0,0.0,0.0,0.0
t137,0.0,0.0,0.0,0.0,0.0,0.0,0.0,0.0,0.0,0.0,0.0,0.0,0.0,0.0,0.0,0.0,0.0,0.0
t138,0.0,0.0,0.0,0.0,0.0,0.0,0.0,0.0,0.0,0.0,0.0,0.0,0.0,0.0,0.0,0.0,0.0,0.0
t139,0.0,0.0,0.0,0.0,0.0,0.0,0.0,0.0,0.0,0.0,0.0,0.0,0.0,0.0,0.0,0.0,0.0,0.0
t140,0.0,0.0,0.0,0.0,0.0,0.0,0.0,0.0,0.0,0.0,0.0,0.0,0.0,0.0,0.0,0.0,0.0,0.0
t141,0.0,0.0,0.0,0.0,0.0,0.0,0.0,0.0,0.0,0.0,0.0,0.0,0.0,0.0,0.0,0.0,0.0,0.0
t142,0.0,0.0,0.0,0.0,0.0,0.0,0.0,0.0,0.0,0.0,0.0,0.0,0.0,0.0,0.0,0.0,0.0,0.0
t143,0.0,0.0,0.0,0.0,0.0,0.0,0.0,0.0,0.0,0.0,0.0,0.0,0.0,0.0,0.0,0.0,0.0,0.0
t144,0.0,0.0,0.0,0.0,0.0,0.0,0.0,0.0,0.0,0.0,0.0,0.0,0.0,0.0,0.0,0.0,0.0,0.0
t145,0.0,0.0,0.0,0.0,0.0,0.0,0.0,0.0,0.0,0.0,0.0,0.0,0.0,0.0,0.0,0.0,0.0,0.0
t146,0.0,0.0,0.0,0.0,0.0,0.0,0.0,0.0,0.0,0.0,0.0,0.0,0.0,0.0,0.0,0.0,0.0,0.0
t147,0.0,0.0,0.0,0.0,0.0,0.0,0.0,0.0,0.0,0.0,0.0,0.0,0.0,0.0,0.0,0.0,0.0,0.0
t148,0.0,0.0,0.0,0.0,0.0,0.0,0.0,0.0,0.0,0.0,0.0,0.0,0.0,0.0,0.0,0.0,0.0,0.0
t149,0.0,0.0,0.0,0.0,0.0,0.0,0.0,0.0,0.0,0.0,0.0,0.0,0.0,0.0,0.0,0.0,0.0,0.0
t150,0.0,0.0,0.0,0.0,0.0,0.0,0.0,0.0,0.0,0.0,0.0,0.0,0.0,0.0,0.0,0.0,0.0,0.0
t151,0.0,0.0,0.0,0.0,0.0,0.0,0.0,0.0,0.0,0.0,0.0,0.0,0.0,0.0,0.0,0.0,0.0,0.0
t152,0.0,0.0,0.0,0.0,0.0,0.0,0.0,0.0,0.0,0.0,0.0,0.0,0.0,0.0,0.0,0.0,0.0,0.0
t153,0.0,0.0,0.0,0.0,0.0,0.0,0.0,0.0,0.0,0.0,0.0,0.0,0.0,0.0,0.0,0.0,0.0,0.0
t154,0.0,0.0,0.0,0.0,2056.2489874072253,0.0,0.0,0.0,0.0,0.0,0.0,0.0,0.0,0.0,0.0,0.0,0.0,2056.2489874072253
t155,0.0,0.0,0.0,0.0,3268.369653029999,0.0,0.0,0.0,0.0,0.0,0.0,0.0,0.0,0.0,0.0,0.0,0.0,3268.369653029999
t156,0.0,0.0,0.0,0.0,1598.1887498600004,0.0,283.9463904740347,0.0,0.0,0.0,0.0,0.0,0.0,0.0,0.0,0.0,0.0,1882.135140334035
t157,0.0,0.0,0.0,0.0,2641.8805604909526,0.0,1399.6540992678363,0.0,0.0,0.0,0.0,0.0,0.0,0.0,0.0,0.0,0.0,4041.5346597587886
t158,0.0,0.0,0.0,0.0,3973.2473109999996,0.0,1428.14371275,491.8654897064203,0.0,0.0,0.0,0.0,0.0,0.0,0.0,0.0,0.0,5893.25651345642
t159,0.0,0.0,0.0,0.0,1169.5613011899993,0.0,1428.14371275,1333.8519584928838,0.0,0.0,0.0,0.0,0.0,0.0,0.0,0.0,0.0,3931.5569724328834
t160,0.0,0.0,0.0,0.0,2045.19031346,0.0,0.0,0.0,0.0,0.0,0.0,0.0,0.0,0.0,0.0,0.0,0.0,2045.19031346
t161,0.0,0.0,0.0,0.0,0.0,0.0,0.0,0.0,0.0,0.0,0.0,0.0,0.0,0.0,0.0,0.0,0.0,0.0
t162,0.0,0.0,0.0,0.0,0.0,0.0,0.0,0.0,0.0,0.0,0.0,0.0,0.0,0.0,0.0,0.0,0.0,0.0
t163,0.0,0.0,0.0,0.0,0.0,0.0,0.0,0.0,0.0,0.0,0.0,0.0,0.0,0.0,0.0,0.0,0.0,0.0
t164,0.0,0.0,0.0,0.0,0.0,0.0,0.0,0.0,0.0,0.0,0.0,0.0,0.0,0.0,0.0,0.0,0.0,0.0
t165,0.0,0.0,0.0,0.0,0.0,0.0,0.0,0.0,0.0,0.0,0.0,0.0,0.0,0.0,0.0,0.0,0.0,0.0
t166,0.0,0.0,0.0,0.0,0.0,0.0,0.0,0.0,0.0,0.0,0.0,0.0,0.0,0.0,0.0,0.0,0.0,0.0
t167,0.0,0.0,0.0,0.0,0.0,0.0,0.0,0.0,0.0,0.0,0.0,0.0,0.0,0.0,0.0,0.0,0.0,0.0
t168,0.0,0.0,0.0,0.0,0.0,0.0,0.0,0.0,0.0,0.0,0.0,0.0,0.0,0.0,0.0,0.0,0.0,0.0
t169,0.0,0.0,0.0,0.0,0.0,0.0,0.0,0.0,0.0,0.0,0.0,0.0,0.0,0.0,0.0,0.0,0.0,0.0
t170,0.0,0.0,0.0,0.0,0.0,0.0,0.0,0.0,0.0,0.0,0.0,0.0,0.0,0.0,0.0,0.0,0.0,0.0
t171,0.0,0.0,0.0,0.0,0.0,0.0,0.0,0.0,0.0,0.0,0.0,0.0,0.0,0.0,0.0,0.0,0.0,0.0
t172,0.0,0.0,0.0,0.0,0.0,0.0,0.0,0.0,0.0,0.0,0.0,0.0,0.0,0.0,0.0,0.0,0.0,0.0
t173,0.0,0.0,0.0,0.0,0.0,0.0,0.0,0.0,0.0,0.0,0.0,0.0,0.0,0.0,0.0,0.0,0.0,0.0
t174,0.0,0.0,0.0,0.0,0.0,0.0,0.0,0.0,0.0,0.0,0.0,0.0,0.0,0.0,0.0,0.0,0.0,0.0
t175,0.0,0.0,0.0,0.0,0.0,0.0,0.0,0.0,0.0,0.0,0.0,0.0,0.0,0.0,0.0,0.0,0.0,0.0
t176,0.0,0.0,0.0,0.0,0.0,0.0,0.0,0.0,0.0,0.0,0.0,0.0,0.0,0.0,0.0,0.0,0.0,0.0
t177,0.0,0.0,0.0,0.0,0.0,0.0,0.0,0.0,0.0,0.0,0.0,0.0,0.0,0.0,0.0,0.0,0.0,0.0
t178,0.0,0.0,0.0,0.0,0.0,0.0,0.0,0.0,0.0,0.0,0.0,0.0,0.0,0.0,0.0,0.0,0.0,0.0
t179,0.0,0.0,0.0,0.0,0.0,0.0,0.0,0.0,0.0,0.0,0.0,0.0,0.0,0.0,0.0,0.0,0.0,0.0
t180,0.0,0.0,0.0,0.0,0.0,0.0,0.0,0.0,0.0,0.0,0.0,0.0,0.0,0.0,0.0,0.0,0.0,0.0
t181,0.0,0.0,0.0,0.0,0.0,0.0,0.0,0.0,0.0,0.0,0.0,0.0,0.0,0.0,0.0,0.0,0.0,0.0
t182,0.0,0.0,0.0,0.0,0.0,0.0,0.0,0.0,0.0,0.0,0.0,0.0,0.0,0.0,0.0,0.0,0.0,0.0
t183,0.0,0.0,0.0,0.0,0.0,0.0,0.0,0.0,0.0,0.0,0.0,0.0,0.0,0.0,0.0,0.0,0.0,0.0
t184,0.0,0.0,0.0,0.0,0.0,0.0,0.0,0.0,0.0,0.0,0.0,0.0,0.0,0.0,0.0,0.0,0.0,0.0
t185,0.0,0.0,0.0,0.0,0.0,0.0,0.0,0.0,0.0,0.0,0.0,0.0,0.0,0.0,0.0,0.0,0.0,0.0
t186,0.0,0.0,0.0,0.0,0.0,0.0,0.0,0.0,0.0,0.0,0.0,0.0,0.0,0.0,0.0,0.0,0.0,0.0
t187,0.0,0.0,0.0,0.0,0.0,0.0,0.0,0.0,0.0,0.0,0.0,0.0,0.0,0.0,0.0,0.0,0.0,0.0
t188,0.0,0.0,0.0,0.0,0.0,0.0,0.0,0.0,0.0,0.0,0.0,0.0,0.0,0.0,0.0,0.0,0.0,0.0
t189,0.0,0.0,0.0,0.0,0.0,0.0,0.0,0.0,0.0,0.0,0.0,0.0,0.0,0.0,0.0,0.0,0.0,0.0
t190,0.0,0.0,0.0,0.0,0.0,0.0,0.0,0.0,0.0,0.0,0.0,0.0,0.0,0.0,0.0,0.0,0.0,0.0
t191,0.0,0.0,0.0,0.0,0.0,0.0,0.0,0.0,0.0,0.0,0.0,0.0,0.0,0.0,0.0,0.0,0.0,0.0
t192,0.0,0.0,0.0,0.0,0.0,0.0,0.0,0.0,0.0,0.0,0.0,0.0,0.0,0.0,0.0,0.0,0.0,0.0
t193,0.0,0.0,0.0,0.0,0.0,0.0,0.0,0.0,0.0,0.0,0.0,0.0,0.0,0.0,0.0,0.0,0.0,0.0
t194,0.0,0.0,0.0,0.0,0.0,0.0,0.0,0.0,0.0,0.0,0.0,0.0,0.0,0.0,0.0,0.0,0.0,0.0
t195,0.0,0.0,0.0,0.0,0.0,0.0,0.0,0.0,0.0,0.0,0.0,0.0,0.0,0.0,0.0,0.0,0.0,0.0
t196,0.0,0.0,0.0,0.0,0.0,0.0,0.0,0.0,0.0,0.0,0.0,0.0,0.0,0.0,0.0,0.0,0.0,0.0
t197,0.0,0.0,0.0,0.0,0.0,0.0,0.0,0.0,0.0,0.0,0.0,0.0,0.0,0.0,0.0,0.0,0.0,0.0
t198,0.0,0.0,0.0,0.0,0.0,0.0,0.0,0.0,0.0,0.0,0.0,0.0,0.0,0.0,0.0,0.0,0.0,0.0
t199,0.0,0.0,0.0,0.0,0.0,0.0,0.0,0.0,0.0,0.0,0.0,0.0,0.0,0.0,0.0,0.0,0.0,0.0
t200,0.0,0.0,0.0,0.0,0.0,0.0,0.0,0.0,0.0,0.0,0.0,0.0,0.0,0.0,0.0,0.0,0.0,0.0
t201,0.0,0.0,0.0,0.0,0.0,0.0,0.0,0.0,0.0,0.0,0.0,0.0,0.0,0.0,0.0,0.0,0.0,0.0
t202,0.0,0.0,0.0,0.0,0.0,0.0,0.0,0.0,0.0,0.0,0.0,0.0,0.0,0.0,0.0,0.0,0.0,0.0
t203,0.0,0.0,0.0,0.0,0.0,0.0,0.0,0.0,0.0,0.0,0.0,0.0,0.0,0.0,0.0,0.0,0.0,0.0
t204,0.0,0.0,0.0,0.0,0.0,0.0,0.0,0.0,0.0,0.0,0.0,0.0,0.0,0.0,0.0,0.0,0.0,0.0
t205,0.0,0.0,0.0,0.0,0.0,0.0,0.0,0.0,0.0,0.0,0.0,0.0,0.0,0.0,0.0,0.0,0.0,0.0
t206,0.0,0.0,0.0,0.0,0.0,0.0,0.0,0.0,0.0,0.0,0.0,0.0,0.0,0.0,0.0,0.0,0.0,0.0
t207,0.0,0.0,0.0,0.0,0.0,0.0,0.0,0.0,0.0,0.0,0.0,0.0,0.0,0.0,0.0,0.0,0.0,0.0
t208,0.0,0.0,0.0,0.0,0.0,0.0,0.0,0.0,0.0,0.0,0.0,0.0,0.0,0.0,0.0,0.0,0.0,0.0
t209,0.0,0.0,0.0,0.0,0.0,0.0,0.0,0.0,0.0,0.0,0.0,0.0,0.0,0.0,0.0,0.0,0.0,0.0
t210,0.0,0.0,0.0,0.0,0.0,0.0,0.0,0.0,0.0,0.0,0.0,0.0,0.0,0.0,0.0,0.0,0.0,0.0
t211,0.0,0.0,0.0,0.0,0.0,0.0,0.0,0.0,0.0,0.0,0.0,0.0,0.0,0.0,0.0,0.0,0.0,0.0
t212,0.0,0.0,0.0,0.0,0.0,0.0,0.0,0.0,0.0,0.0,0.0,0.0,0.0,0.0,0.0,0.0,0.0,0.0
t213,0.0,0.0,0.0,0.0,0.0,0.0,0.0,0.0,0.0,0.0,0.0,0.0,0.0,0.0,0.0,0.0,0.0,0.0
t214,0.0,0.0,0.0,0.0,0.0,0.0,0.0,0.0,0.0,0.0,0.0,0.0,0.0,0.0,0.0,0.0,0.0,0.0
t215,0.0,0.0,0.0,0.0,0.0,0.0,0.0,0.0,0.0,0.0,0.0,0.0,0.0,0.0,0.0,0.0,0.0,0.0
t216,0.0,0.0,0.0,0.0,0.0,0.0,0.0,0.0,0.0,0.0,0.0,0.0,0.0,0.0,0.0,0.0,0.0,0.0
t217,0.0,0.0,0.0,0.0,0.0,0.0,0.0,0.0,0.0,0.0,0.0,0.0,0.0,0.0,0.0,0.0,0.0,0.0
t218,0.0,0.0,0.0,0.0,0.0,0.0,0.0,0.0,0.0,0.0,0.0,0.0,0.0,0.0,0.0,0.0,0.0,0.0
t219,0.0,0.0,0.0,0.0,0.0,0.0,0.0,0.0,0.0,0.0,0.0,0.0,0.0,0.0,0.0,0.0,0.0,0.0
t220,0.0,0.0,0.0,0.0,0.0,0.0,0.0,0.0,0.0,0.0,0.0,0.0,0.0,0.0,0.0,0.0,0.0,0.0
t221,0.0,0.0,0.0,0.0,0.0,0.0,0.0,0.0,0.0,0.0,0.0,0.0,0.0,0.0,0.0,0.0,0.0,0.0
t222,0.0,0.0,0.0,0.0,0.0,0.0,0.0,0.0,0.0,0.0,0.0,0.0,0.0,0.0,0.0,0.0,0.0,0.0
t223,0.0,0.0,0.0,0.0,0.0,0.0,0.0,0.0,0.0,0.0,0.0,0.0,0.0,0.0,0.0,0.0,0.0,0.0
t224,0.0,0.0,0.0,0.0,0.0,0.0,0.0,0.0,0.0,0.0,0.0,0.0,0.0,0.0,0.0,0.0,0.0,0.0
t225,0.0,0.0,0.0,0.0,0.0,0.0,0.0,0.0,0.0,0.0,0.0,0.0,0.0,0.0,0.0,0.0,0.0,0.0
t226,0.0,0.0,0.0,0.0,0.0,0.0,0.0,0.0,0.0,0.0,0.0,0.0,0.0,0.0,0.0,0.0,0.0,0.0
t227,0.0,0.0,0.0,0.0,0.0,0.0,0.0,0.0,0.0,0.0,0.0,0.0,0.0,0.0,0.0,0.0,0.0,0.0
t228,0.0,0.0,0.0,0.0,0.0,0.0,0.0,0.0,0.0,0.0,0.0,0.0,0.0,0.0,0.0,0.0,0.0,0.0
t229,0.0,0.0,0.0,0.0,0.0,0.0,0.0,0.0,0.0,0.0,0.0,0.0,0.0,0.0,0.0,0.0,0.0,0.0
t230,0.0,0.0,0.0,0.0,0.0,0.0,0.0,0.0,0.0,0.0,0.0,0.0,0.0,0.0,0.0,0.0,0.0,0.0
t231,0.0,0.0,0.0,0.0,0.0,0.0,0.0,0.0,0.0,0.0,0.0,0.0,0.0,0.0,0.0,0.0,0.0,0.0
t232,0.0,0.0,0.0,0.0,0.0,0.0,0.0,0.0,0.0,0.0,0.0,0.0,0.0,0.0,0.0,0.0,0.0,0.0
t233,0.0,0.0,0.0,0.0,0.0,0.0,0.0,0.0,0.0,0.0,0.0,0.0,0.0,0.0,0.0,0.0,0.0,0.0
t234,0.0,0.0,0.0,0.0,0.0,0.0,0.0,0.0,0.0,0.0,0.0,0.0,0.0,0.0,0.0,0.0,0.0,0.0
t235,0.0,0.0,0.0,0.0,0.0,0.0,0.0,0.0,0.0,0.0,0.0,0.0,0.0,0.0,0.0,0.0,0.0,0.0
t236,0.0,0.0,0.0,0.0,0.0,0.0,0.0,0.0,0.0,0.0,0.0,0.0,0.0,0.0,0.0,0.0,0.0,0.0
t237,0.0,0.0,0.0,0.0,0.0,0.0,0.0,0.0,0.0,0.0,0.0,0.0,0.0,0.0,0.0,0.0,0.0,0.0
t238,0.0,0.0,0.0,0.0,0.0,0.0,0.0,0.0,0.0,0.0,0.0,0.0,0.0,0.0,0.0,0.0,0.0,0.0
t239,0.0,0.0,0.0,0.0,0.0,0.0,0.0,0.0,0.0,0.0,0.0,0.0,0.0,0.0,0.0,0.0,0.0,0.0
t240,0.0,0.0,0.0,0.0,0.0,0.0,0.0,0.0,0.0,0.0,0.0,0.0,0.0,0.0,0.0,0.0,0.0,0.0
t241,0.0,0.0,0.0,0.0,0.0,0.0,0.0,0.0,0.0,0.0,0.0,0.0,0.0,0.0,0.0,0.0,0.0,0.0
t242,0.0,0.0,0.0,0.0,0.0,0.0,0.0,0.0,0.0,0.0,0.0,0.0,0.0,0.0,0.0,0.0,0.0,0.0
t243,0.0,0.0,0.0,0.0,0.0,0.0,0.0,0.0,0.0,0.0,0.0,0.0,0.0,0.0,0.0,0.0,0.0,0.0
t244,0.0,0.0,0.0,0.0,0.0,0.0,0.0,0.0,0.0,0.0,0.0,0.0,0.0,0.0,0.0,0.0,0.0,0.0
t245,0.0,0.0,0.0,0.0,0.0,0.0,0.0,0.0,0.0,0.0,0.0,0.0,0.0,0.0,0.0,0.0,0.0,0.0
t246,0.0,0.0,0.0,0.0,0.0,0.0,0.0,0.0,0.0,0.0,0.0,0.0,0.0,0.0,0.0,0.0,0.0,0.0
t247,0.0,0.0,0.0,0.0,0.0,0.0,0.0,0.0,0.0,0.0,0.0,0.0,0.0,0.0,0.0,0.0,0.0,0.0
t248,0.0,0.0,0.0,0.0,0.0,0.0,0.0,0.0,0.0,0.0,0.0,0.0,0.0,0.0,0.0,0.0,0.0,0.0
t249,0.0,0.0,0.0,0.0,0.0,0.0,0.0,0.0,0.0,0.0,0.0,0.0,0.0,0.0,0.0,0.0,0.0,0.0
t250,0.0,0.0,0.0,0.0,0.0,0.0,0.0,0.0,0.0,0.0,0.0,0.0,0.0,0.0,0.0,0.0,0.0,0.0
t251,0.0,0.0,0.0,0.0,0.0,0.0,0.0,0.0,0.0,0.0,0.0,0.0,0.0,0.0,0.0,0.0,0.0,0.0
t252,774.4510565720271,0.0,0.0,0.0,0.0,0.0,843.7078308800001,0.0,0.0,0.0,0.0,0.0,0.0,0.0,0.0,0.0,0.0,1618.158887452027
t253,1096.09375,0.0,0.0,0.0,0.0,3.9785068017117453,1058.3845846800007,0.0,0.0,0.0,0.0,0.0,0.0,0.0,0.0,0.0,0.0,2158.456841481712
t254,1096.09375,110.76923075,0.0,0.0,2240.8888845126453,798.7336021148415,775.2139700800004,0.0,0.0,0.0,0.0,0.0,0.0,0.0,0.0,0.0,0.0,5021.699437457487
t255,687.0471976923992,0.0,0.0,0.0,1962.7499806062378,0.0,1074.6265896200002,0.0,0.0,0.0,0.0,0.0,0.0,0.0,0.0,0.0,0.0,3724.423767918637
t256,0.0,0.0,0.0,0.0,943.1935567396151,0.0,0.0,0.0,0.0,0.0,0.0,0.0,0.0,0.0,0.0,0.0,0.0,943.1935567396151
t257,0.0,0.0,0.0,0.0,0.0,0.0,0.0,0.0,0.0,0.0,0.0,0.0,0.0,0.0,0.0,0.0,0.0,0.0
t258,0.0,0.0,0.0,0.0,0.0,0.0,0.0,0.0,0.0,0.0,0.0,0.0,0.0,0.0,0.0,0.0,0.0,0.0
t259,0.0,0.0,0.0,0.0,0.0,0.0,0.0,0.0,0.0,0.0,0.0,0.0,0.0,0.0,0.0,0.0,0.0,0.0
t260,0.0,0.0,0.0,0.0,0.0,0.0,0.0,0.0,0.0,0.0,0.0,0.0,0.0,0.0,0.0,0.0,0.0,0.0
t261,0.0,0.0,0.0,0.0,0.0,0.0,0.0,0.0,0.0,0.0,0.0,0.0,0.0,0.0,0.0,0.0,0.0,0.0
t262,0.0,0.0,0.0,0.0,0.0,0.0,0.0,0.0,0.0,0.0,0.0,0.0,0.0,0.0,0.0,0.0,0.0,0.0
t263,0.0,0.0,0.0,0.0,0.0,0.0,0.0,0.0,0.0,0.0,0.0,0.0,0.0,0.0,0.0,0.0,0.0,0.0
t264,0.0,0.0,0.0,0.0,0.0,0.0,0.0,0.0,0.0,0.0,0.0,0.0,0.0,0.0,0.0,0.0,0.0,0.0
t265,0.0,0.0,0.0,0.0,0.0,0.0,0.0,0.0,0.0,0.0,0.0,0.0,0.0,0.0,0.0,0.0,0.0,0.0
t266,0.0,0.0,0.0,0.0,0.0,0.0,0.0,0.0,0.0,0.0,0.0,0.0,0.0,0.0,0.0,0.0,0.0,0.0
t267,0.0,0.0,0.0,0.0,0.0,0.0,0.0,0.0,0.0,0.0,0.0,0.0,0.0,0.0,0.0,0.0,0.0,0.0
t268,0.0,0.0,0.0,0.0,0.0,0.0,0.0,0.0,0.0,0.0,0.0,0.0,0.0,0.0,0.0,0.0,0.0,0.0
t269,0.0,0.0,0.0,0.0,0.0,0.0,0.0,0.0,0.0,0.0,0.0,0.0,0.0,0.0,0.0,0.0,0.0,0.0
t270,0.0,0.0,0.0,0.0,0.0,0.0,0.0,0.0,0.0,0.0,0.0,0.0,0.0,0.0,0.0,0.0,0.0,0.0
t271,0.0,0.0,0.0,0.0,0.0,0.0,0.0,0.0,0.0,0.0,0.0,0.0,0.0,0.0,0.0,0.0,0.0,0.0
t272,0.0,0.0,0.0,0.0,0.0,0.0,0.0,0.0,0.0,0.0,0.0,0.0,0.0,0.0,0.0,0.0,0.0,0.0
t273,0.0,0.0,0.0,0.0,0.0,0.0,0.0,0.0,0.0,0.0,0.0,0.0,0.0,0.0,0.0,0.0,0.0,0.0
t274,0.0,0.0,0.0,0.0,0.0,0.0,0.0,0.0,0.0,0.0,0.0,0.0,0.0,0.0,0.0,0.0,0.0,0.0
t275,0.0,0.0,0.0,0.0,39.70893604605469,1510.7801747230094,1020.9486679272293,0.0,0.0,0.0,0.0,0.0,0.0,0.0,0.0,0.0,0.0,2571.437778696293
t276,392.832818879999,0.0,0.0,0.0,3973.2473109999996,4734.20789571702,1428.14371275,1750.24390325,0.0,0.0,0.0,0.0,0.0,0.0,0.0,0.0,0.0,12278.67564159702
t277,1096.09375,110.76923075,0.0,0.0,3973.2473109999996,4227.323149257849,1130.2458878700002,1750.24390325,0.0,0.0,0.0,0.0,0.0,0.0,0.0,0.0,0.0,12287.923232127849
t278,1096.09375,110.76923075,0.0,0.0,3402.611007065952,3490.8125669898195,1014.10252164,1750.24390325,0.0,0.0,0.0,0.0,0.0,0.0,0.0,0.0,0.0,10864.63297969577
t279,0.0,0.0,0.0,0.0,3885.666491022431,2345.370953980411,1428.14371275,0.0,0.0,0.0,0.0,0.0,0.0,0.0,0.0,0.0,0.0,7659.1811577528415
t280,0.0,0.0,0.0,0.0,1165.1145620985926,0.0,0.0,0.0,0.0,0.0,0.0,0.0,0.0,0.0,0.0,0.0,0.0,1165.1145620985926
t281,0.0,0.0,0.0,0.0,0.0,0.0,0.0,0.0,0.0,0.0,0.0,0.0,0.0,0.0,0.0,0.0,0.0,0.0
t282,0.0,0.0,0.0,0.0,0.0,0.0,0.0,0.0,0.0,0.0,0.0,0.0,0.0,0.0,0.0,0.0,0.0,0.0
t283,0.0,0.0,0.0,0.0,0.0,0.0,0.0,0.0,0.0,0.0,0.0,0.0,0.0,0.0,0.0,0.0,0.0,0.0
t284,0.0,0.0,0.0,0.0,0.0,0.0,0.0,0.0,0.0,0.0,0.0,0.0,0.0,0.0,0.0,0.0,0.0,0.0
t285,0.0,0.0,0.0,0.0,0.0,0.0,0.0,0.0,0.0,0.0,0.0,0.0,0.0,0.0,0.0,0.0,0.0,0.0
t286,0.0,0.0,0.0,0.0,0.0,0.0,0.0,0.0,0.0,0.0,0.0,0.0,0.0,0.0,0.0,0.0,0.0,0.0
t287,0.0,0.0,0.0,0.0,0.0,0.0,0.0,0.0,0.0,0.0,0.0,0.0,0.0,0.0,0.0,0.0,0.0,0.0
t288,0.0,0.0,0.0,0.0,0.0,0.0,0.0,0.0,0.0,0.0,0.0,0.0,0.0,0.0,0.0,0.0,0.0,0.0
t289,0.0,0.0,0.0,0.0,0.0,0.0,0.0,0.0,0.0,0.0,0.0,0.0,0.0,0.0,0.0,0.0,0.0,0.0
t290,0.0,0.0,0.0,0.0,0.0,0.0,0.0,0.0,0.0,0.0,0.0,0.0,0.0,0.0,0.0,0.0,0.0,0.0
t291,0.0,0.0,0.0,0.0,0.0,0.0,0.0,0.0,0.0,0.0,0.0,0.0,0.0,0.0,0.0,0.0,0.0,0.0
t292,0.0,0.0,0.0,0.0,0.0,0.0,0.0,0.0,0.0,0.0,0.0,0.0,0.0,0.0,0.0,0.0,0.0,0.0
t293,0.0,0.0,0.0,0.0,0.0,0.0,0.0,0.0,0.0,0.0,0.0,0.0,0.0,0.0,0.0,0.0,0.0,0.0
t294,0.0,0.0,0.0,0.0,0.0,0.0,0.0,0.0,0.0,0.0,0.0,0.0,0.0,0.0,0.0,0.0,0.0,0.0
t295,0.0,0.0,0.0,0.0,0.0,0.0,0.0,0.0,0.0,0.0,0.0,0.0,0.0,0.0,0.0,0.0,0.0,0.0
t296,0.0,0.0,0.0,0.0,0.0,0.0,0.0,0.0,0.0,0.0,0.0,0.0,0.0,0.0,0.0,0.0,0.0,0.0
t297,0.0,0.0,0.0,0.0,0.0,0.0,0.0,0.0,0.0,0.0,0.0,0.0,0.0,0.0,0.0,0.0,0.0,0.0
t298,0.0,0.0,0.0,0.0,0.0,0.0,0.0,0.0,0.0,0.0,0.0,0.0,0.0,0.0,0.0,0.0,0.0,0.0
t299,676.5183944172512,0.0,0.0,0.0,0.0,0.0,1428.14371275,0.0,0.0,0.0,0.0,0.0,0.0,0.0,0.0,0.0,0.0,2104.662107167251
t300,1096.09375,110.76923075,128.31384637999966,0.0,2999.3918170499974,931.1434853380144,1428.14371275,1750.24390325,0.0,0.0,0.0,0.0,0.0,0.0,0.0,0.0,0.0,8444.099745518011
t301,1096.09375,110.76923075,108.94933310999988,0.0,3973.2473109999996,2535.285176772444,1428.14371275,358.51669064891064,0.0,0.0,0.0,0.0,0.0,0.0,0.0,0.0,0.0,9611.005205031353
t302,185.71387998734613,0.0,0.0,0.0,3973.2473109999996,0.0,1428.14371275,0.0,0.0,0.0,0.0,0.0,0.0,0.0,0.0,0.0,0.0,5587.104903737346
t303,0.0,0.0,0.0,0.0,3214.5756870214723,0.0,0.0,0.0,0.0,0.0,0.0,0.0,0.0,0.0,0.0,0.0,0.0,3214.5756870214723
t304,0.0,0.0,0.0,0.0,2592.224750366707,0.0,0.0,0.0,0.0,0.0,0.0,0.0,0.0,0.0,0.0,0.0,0.0,2592.224750366707
t305,0.0,0.0,0.0,0.0,0.0,0.0,0.0,0.0,0.0,0.0,0.0,0.0,0.0,0.0,0.0,0.0,0.0,0.0
t306,0.0,0.0,0.0,0.0,0.0,0.0,0.0,0.0,0.0,0.0,0.0,0.0,0.0,0.0,0.0,0.0,0.0,0.0
t307,0.0,0.0,0.0,0.0,0.0,0.0,0.0,0.0,0.0,0.0,0.0,0.0,0.0,0.0,0.0,0.0,0.0,0.0
t308,0.0,0.0,0.0,0.0,0.0,0.0,0.0,0.0,0.0,0.0,0.0,0.0,0.0,0.0,0.0,0.0,0.0,0.0
t309,0.0,0.0,0.0,0.0,0.0,0.0,0.0,0.0,0.0,0.0,0.0,0.0,0.0,0.0,0.0,0.0,0.0,0.0
t310,0.0,0.0,0.0,0.0,0.0,0.0,0.0,0.0,0.0,0.0,0.0,0.0,0.0,0.0,0.0,0.0,0.0,0.0
t311,0.0,0.0,0.0,0.0,0.0,0.0,0.0,0.0,0.0,0.0,0.0,0.0,0.0,0.0,0.0,0.0,0.0,0.0
t312,0.0,0.0,0.0,0.0,0.0,0.0,0.0,0.0,0.0,0.0,0.0,0.0,0.0,0.0,0.0,0.0,0.0,0.0
t313,0.0,0.0,0.0,0.0,0.0,0.0,0.0,0.0,0.0,0.0,0.0,0.0,0.0,0.0,0.0,0.0,0.0,0.0
t314,0.0,0.0,0.0,0.0,0.0,0.0,0.0,0.0,0.0,0.0,0.0,0.0,0.0,0.0,0.0,0.0,0.0,0.0
t315,0.0,0.0,0.0,0.0,0.0,0.0,0.0,0.0,0.0,0.0,0.0,0.0,0.0,0.0,0.0,0.0,0.0,0.0
t316,0.0,0.0,0.0,0.0,0.0,0.0,0.0,0.0,0.0,0.0,0.0,0.0,0.0,0.0,0.0,0.0,0.0,0.0
t317,0.0,0.0,0.0,0.0,0.0,0.0,0.0,0.0,0.0,0.0,0.0,0.0,0.0,0.0,0.0,0.0,0.0,0.0
t318,0.0,0.0,0.0,0.0,0.0,0.0,0.0,0.0,0.0,0.0,0.0,0.0,0.0,0.0,0.0,0.0,0.0,0.0
t319,0.0,0.0,0.0,0.0,0.0,0.0,0.0,0.0,0.0,0.0,0.0,0.0,0.0,0.0,0.0,0.0,0.0,0.0
t320,0.0,0.0,0.0,0.0,0.0,0.0,0.0,0.0,0.0,0.0,0.0,0.0,0.0,0.0,0.0,0.0,0.0,0.0
t321,1096.09375,0.0,0.0,0.0,0.0,0.0,0.0,0.0,0.0,0.0,0.0,0.0,0.0,0.0,0.0,0.0,0.0,1096.09375
t322,1096.09375,0.0,0.0,0.0,0.0,4292.3650380095005,0.0,1750.24390325,0.0,0.0,0.0,0.0,0.0,0.0,0.0,0.0,0.0,7138.7026912595
t323,1096.09375,110.76923075,0.0,0.0,3973.2473109999996,6753.599412495401,1428.14371275,1750.24390325,0.0,0.0,0.0,0.0,0.0,0.0,0.0,0.0,0.0,15112.0973202454
t324,1096.09375,110.76923075,1067.2353616400003,0.0,3973.2473109999996,3777.8921571154706,1428.14371275,864.738436806915,0.0,0.0,0.0,0.0,0.0,0.0,0.0,0.0,0.0,12318.119960062384
t325,0.0,110.76923075,1458.0000000000002,0.0,3973.2473109999996,7785.0,0.0,0.0,0.0,0.0,0.0,0.0,0.0,0.0,0.0,0.0,0.0,13327.01654175
t326,61.20037711999987,0.0,1458.0000000000002,0.0,697.1118214799994,4161.422003953448,1370.7717545272299,1750.24390325,0.0,0.0,0.0,0.0,0.0,0.0,0.0,0.0,0.0,9498.749860330678
t327,0.0,110.76923075,1458.0000000000002,0.0,3973.2473109999996,6054.173813524974,1298.4325648799997,0.0,0.0,0.0,0.0,0.0,0.0,0.0,0.0,0.0,0.0,12894.622920154974
t328,0.0,23.967308845621766,706.2343410952653,0.0,162.58581095817746,0.0,496.0927580300001,1264.2084320620752,0.0,0.0,0.0,0.0,0.0,0.0,0.0,0.0,0.0,2653.0886509911397
t329,0.0,0.0,0.0,0.0,0.0,0.0,0.0,0.0,0.0,0.0,0.0,0.0,0.0,0.0,0.0,0.0,0.0,0.0
t330,0.0,0.0,0.0,0.0,0.0,0.0,0.0,0.0,0.0,0.0,0.0,0.0,0.0,0.0,0.0,0.0,0.0,0.0
t331,0.0,0.0,0.0,0.0,0.0,0.0,0.0,0.0,0.0,0.0,0.0,0.0,0.0,0.0,0.0,0.0,0.0,0.0
t332,0.0,0.0,0.0,0.0,0.0,0.0,0.0,0.0,0.0,0.0,0.0,0.0,0.0,0.0,0.0,0.0,0.0,0.0
t333,0.0,0.0,0.0,0.0,0.0,0.0,0.0,0.0,0.0,0.0,0.0,0.0,0.0,0.0,0.0,0.0,0.0,0.0
t334,0.0,0.0,0.0,0.0,0.0,0.0,0.0,0.0,0.0,0.0,0.0,0.0,0.0,0.0,0.0,0.0,0.0,0.0
t335,0.0,0.0,0.0,0.0,0.0,0.0,0.0,0.0,0.0,0.0,0.0,0.0,0.0,0.0,0.0,0.0,0.0,0.0
t336,0.0,0.0,0.0,0.0,0.0,0.0,0.0,0.0,0.0,0.0,0.0,0.0,0.0,0.0,0.0,0.0,0.0,0.0
t337,0.0,0.0,0.0,0.0,0.0,0.0,0.0,0.0,0.0,0.0,0.0,0.0,0.0,0.0,0.0,0.0,0.0,0.0
t338,0.0,0.0,0.0,0.0,0.0,0.0,0.0,0.0,0.0,0.0,0.0,0.0,0.0,0.0,0.0,0.0,0.0,0.0
t339,0.0,0.0,0.0,0.0,0.0,0.0,0.0,0.0,0.0,0.0,0.0,0.0,0.0,0.0,0.0,0.0,0.0,0.0
t340,0.0,0.0,0.0,0.0,0.0,0.0,0.0,0.0,0.0,0.0,0.0,0.0,0.0,0.0,0.0,0.0,0.0,0.0
t341,0.0,0.0,0.0,0.0,0.0,0.0,0.0,0.0,0.0,0.0,0.0,0.0,0.0,0.0,0.0,0.0,0.0,0.0
t342,0.0,0.0,0.0,0.0,0.0,0.0,0.0,0.0,0.0,0.0,0.0,0.0,0.0,0.0,0.0,0.0,0.0,0.0
t343,0.0,0.0,0.0,0.0,0.0,0.0,0.0,0.0,0.0,0.0,0.0,0.0,0.0,0.0,0.0,0.0,0.0,0.0
t344,0.0,0.0,0.0,0.0,0.0,0.0,0.0,0.0,0.0,0.0,0.0,0.0,0.0,0.0,0.0,0.0,0.0,0.0
t345,0.0,0.0,0.0,0.0,0.0,0.0,0.0,0.0,0.0,0.0,0.0,0.0,0.0,0.0,0.0,0.0,0.0,0.0
t346,237.16349072872498,98.27604460562152,358.6388699171018,0.0,1339.9532062187436,2021.8599261860581,570.8318244899999,1750.24390325,0.0,0.0,0.0,0.0,0.0,0.0,0.0,0.0,0.0,6376.96726539625
t347,1096.09375,99.34221286999994,1215.4233665999996,0.0,3665.937792669545,6052.974822495206,1143.47061708,0.0,0.0,0.0,0.0,0.0,0.0,0.0,0.0,0.0,0.0,13273.242561714751
t348,1096.09375,110.76923075,1458.0000000000002,0.0,1149.210780509999,7059.661897449825,1180.0650378,1750.24390325,0.0,0.0,0.0,0.0,0.0,0.0,0.0,0.0,0.0,13804.044599759825
t349,1096.09375,110.76923075,1348.38386743,0.0,3973.2473109999996,7785.0,1428.14371275,1750.24390325,0.0,0.0,0.0,0.0,0.0,0.0,0.0,0.0,0.0,17491.881775179998
t350,1096.09375,0.0,454.74967703000004,0.0,2840.777942949999,5733.588550894681,1209.8238947372297,1750.24390325,0.0,0.0,0.0,0.0,0.0,0.0,0.0,0.0,0.0,13085.277718861911
t351,0.0,47.887512870000315,167.42344510000018,0.0,2898.2571940998896,4171.367228073024,489.24941607999983,378.70296561899,0.0,0.0,0.0,0.0,0.0,0.0,0.0,0.0,0.0,8152.887761841904
t352,0.0,0.0,0.0,0.0,885.30264899,0.0,0.0,0.0,0.0,0.0,0.0,0.0,0.0,0.0,0.0,0.0,0.0,885.30264899
t353,0.0,0.0,0.0,0.0,0.0,0.0,0.0,0.0,0.0,0.0,0.0,0.0,0.0,0.0,0.0,0.0,0.0,0.0
t354,0.0,0.0,0.0,0.0,0.0,0.0,0.0,0.0,0.0,0.0,0.0,0.0,0.0,0.0,0.0,0.0,0.0,0.0
t355,0.0,0.0,0.0,0.0,0.0,0.0,0.0,0.0,0.0,0.0,0.0,0.0,0.0,0.0,0.0,0.0,0.0,0.0
t356,0.0,0.0,0.0,0.0,0.0,0.0,0.0,0.0,0.0,0.0,0.0,0.0,0.0,0.0,0.0,0.0,0.0,0.0
t357,0.0,0.0,0.0,0.0,0.0,0.0,0.0,0.0,0.0,0.0,0.0,0.0,0.0,0.0,0.0,0.0,0.0,0.0
t358,0.0,0.0,0.0,0.0,0.0,0.0,0.0,0.0,0.0,0.0,0.0,0.0,0.0,0.0,0.0,0.0,0.0,0.0
t359,0.0,0.0,0.0,0.0,0.0,0.0,0.0,0.0,0.0,0.0,0.0,0.0,0.0,0.0,0.0,0.0,0.0,0.0
t360,0.0,0.0,0.0,0.0,0.0,0.0,0.0,0.0,0.0,0.0,0.0,0.0,0.0,0.0,0.0,0.0,0.0,0.0
t361,0.0,0.0,0.0,0.0,0.0,0.0,0.0,0.0,0.0,0.0,0.0,0.0,0.0,0.0,0.0,0.0,0.0,0.0
t362,0.0,0.0,0.0,0.0,0.0,0.0,0.0,0.0,0.0,0.0,0.0,0.0,0.0,0.0,0.0,0.0,0.0,0.0
t363,0.0,0.0,0.0,0.0,0.0,0.0,0.0,0.0,0.0,0.0,0.0,0.0,0.0,0.0,0.0,0.0,0.0,0.0
t364,0.0,0.0,0.0,0.0,0.0,0.0,0.0,0.0,0.0,0.0,0.0,0.0,0.0,0.0,0.0,0.0,0.0,0.0
t365,0.0,0.0,0.0,0.0,0.0,0.0,0.0,0.0,0.0,0.0,0.0,0.0,0.0,0.0,0.0,0.0,0.0,0.0
t366,0.0,0.0,0.0,0.0,0.0,0.0,0.0,0.0,0.0,0.0,0.0,0.0,0.0,0.0,0.0,0.0,0.0,0.0
t367,0.0,0.0,0.0,0.0,0.0,0.0,0.0,0.0,0.0,0.0,0.0,0.0,0.0,0.0,0.0,0.0,0.0,0.0
t368,0.0,0.0,0.0,0.0,0.0,0.0,0.0,0.0,0.0,0.0,0.0,0.0,0.0,0.0,0.0,0.0,0.0,0.0
t369,0.0,0.0,0.0,0.0,0.0,0.0,0.0,0.0,0.0,0.0,0.0,0.0,0.0,0.0,0.0,0.0,0.0,0.0
t370,1096.09375,110.76923075,0.0,0.0,0.0,0.0,61.23449238723028,555.0852554969199,0.0,0.0,0.0,0.0,0.0,0.0,0.0,0.0,0.0,1823.1827286341502
t371,236.9466995800001,0.0,0.0,0.0,792.9659714972037,3501.7992992868717,803.6399850100003,1750.24390325,0.0,0.0,0.0,0.0,0.0,0.0,0.0,0.0,0.0,7085.595858624076
t372,325.67209582000015,110.76923075,0.0,0.0,3181.9864883200007,6551.660069042566,1249.79497463,1750.24390325,0.0,0.0,0.0,0.0,0.0,0.0,0.0,0.0,0.0,13170.126761812568
t373,1096.09375,0.0,0.0,0.0,3973.2473109999996,7785.0,1426.2354137599998,1070.663808442546,0.0,0.0,0.0,0.0,0.0,0.0,0.0,0.0,0.0,15351.240283202545
t374,43.5744342964155,0.0,0.0,0.0,2803.447460058577,7403.999092750918,1320.78234855,1750.24390325,0.0,0.0,0.0,0.0,0.0,0.0,0.0,0.0,0.0,13322.04723890591
t375,1096.09375,110.76923075,0.0,0.0,3973.2473109999996,5128.327357586502,952.4320174100001,503.1978049295246,0.0,0.0,0.0,0.0,0.0,0.0,0.0,0.0,0.0,11764.067471676026
t376,727.0640110323095,110.76923075,0.0,0.0,2027.7923345623963,0.0,207.4652711899998,0.0,0.0,0.0,0.0,0.0,0.0,0.0,0.0,0.0,0.0,3073.0908475347055
t377,0.0,0.0,0.0,0.0,0.0,0.0,0.0,0.0,0.0,0.0,0.0,0.0,0.0,0.0,0.0,0.0,0.0,0.0
t378,0.0,0.0,0.0,0.0,0.0,0.0,0.0,0.0,0.0,0.0,0.0,0.0,0.0,0.0,0.0,0.0,0.0,0.0
t379,0.0,0.0,0.0,0.0,0.0,0.0,0.0,0.0,0.0,0.0,0.0,0.0,0.0,0.0,0.0,0.0,0.0,0.0
t380,0.0,0.0,0.0,0.0,0.0,0.0,0.0,0.0,0.0,0.0,0.0,0.0,0.0,0.0,0.0,0.0,0.0,0.0
t381,0.0,0.0,0.0,0.0,0.0,0.0,0.0,0.0,0.0,0.0,0.0,0.0,0.0,0.0,0.0,0.0,0.0,0.0
t382,0.0,0.0,0.0,0.0,0.0,0.0,0.0,0.0,0.0,0.0,0.0,0.0,0.0,0.0,0.0,0.0,0.0,0.0
t383,0.0,0.0,0.0,0.0,0.0,0.0,0.0,0.0,0.0,0.0,0.0,0.0,0.0,0.0,0.0,0.0,0.0,0.0
t384,0.0,0.0,0.0,0.0,0.0,0.0,0.0,0.0,0.0,0.0,0.0,0.0,0.0,0.0,0.0,0.0,0.0,0.0
t385,0.0,0.0,0.0,0.0,0.0,0.0,0.0,0.0,0.0,0.0,0.0,0.0,0.0,0.0,0.0,0.0,0.0,0.0
t386,0.0,0.0,0.0,0.0,0.0,0.0,0.0,0.0,0.0,0.0,0.0,0.0,0.0,0.0,0.0,0.0,0.0,0.0
t387,0.0,0.0,0.0,0.0,0.0,0.0,0.0,0.0,0.0,0.0,0.0,0.0,0.0,0.0,0.0,0.0,0.0,0.0
t388,0.0,0.0,0.0,0.0,0.0,0.0,0.0,0.0,0.0,0.0,0.0,0.0,0.0,0.0,0.0,0.0,0.0,0.0
t389,0.0,0.0,0.0,0.0,0.0,0.0,0.0,0.0,0.0,0.0,0.0,0.0,0.0,0.0,0.0,0.0,0.0,0.0
t390,0.0,0.0,0.0,0.0,0.0,0.0,0.0,0.0,0.0,0.0,0.0,0.0,0.0,0.0,0.0,0.0,0.0,0.0
t391,0.0,0.0,0.0,0.0,0.0,0.0,0.0,0.0,0.0,0.0,0.0,0.0,0.0,0.0,0.0,0.0,0.0,0.0
t392,0.0,0.0,0.0,0.0,0.0,0.0,0.0,0.0,0.0,0.0,0.0,0.0,0.0,0.0,0.0,0.0,0.0,0.0
t393,0.0,0.0,0.0,0.0,0.0,0.0,0.0,0.0,0.0,0.0,0.0,0.0,0.0,0.0,0.0,0.0,0.0,0.0
t394,1063.3537422408967,110.76923075,0.0,0.0,0.0,0.0,134.05406189000013,0.0,0.0,0.0,0.0,0.0,0.0,0.0,0.0,0.0,0.0,1308.1770348808968
t395,518.0987436600007,0.0,564.3319415799998,0.0,0.0,3567.2791541122183,1428.14371275,378.70296561899045,0.0,0.0,0.0,0.0,0.0,0.0,0.0,0.0,0.0,6456.55651772121
t396,686.5387530400009,0.0,0.0,0.0,2907.3317029600007,5466.758876547802,1428.14371275,1750.24390325,0.0,0.0,0.0,0.0,0.0,0.0,0.0,0.0,0.0,12239.016948547804
t397,1096.09375,0.0,0.0,0.0,3973.2473109999996,6230.992038666664,738.452329117229,1750.24390325,0.0,0.0,0.0,0.0,0.0,0.0,0.0,0.0,0.0,13789.029332033893
t398,1096.09375,110.76923075,492.41047504999966,0.0,3941.63743240806,3771.528140834544,1192.2854415800002,1750.24390325,0.0,0.0,0.0,0.0,0.0,0.0,0.0,0.0,0.0,12354.968373872605
t399,161.35975178782726,0.0,0.0,0.0,3973.2473109999996,3311.257266245876,1100.50524485,1750.24390325,0.0,0.0,0.0,0.0,0.0,0.0,0.0,0.0,0.0,10296.613477133704
t400,0.0,0.0,0.0,0.0,1957.2231190701168,0.0,0.0,0.0,0.0,0.0,0.0,0.0,0.0,0.0,0.0,0.0,0.0,1957.2231190701168
t401,0.0,0.0,0.0,0.0,0.0,0.0,0.0,0.0,0.0,0.0,0.0,0.0,0.0,0.0,0.0,0.0,0.0,0.0
t402,0.0,0.0,0.0,0.0,0.0,0.0,0.0,0.0,0.0,0.0,0.0,0.0,0.0,0.0,0.0,0.0,0.0,0.0
t403,0.0,0.0,0.0,0.0,0.0,0.0,0.0,0.0,0.0,0.0,0.0,0.0,0.0,0.0,0.0,0.0,0.0,0.0
t404,0.0,0.0,0.0,0.0,0.0,0.0,0.0,0.0,0.0,0.0,0.0,0.0,0.0,0.0,0.0,0.0,0.0,0.0
t405,0.0,0.0,0.0,0.0,0.0,0.0,0.0,0.0,0.0,0.0,0.0,0.0,0.0,0.0,0.0,0.0,0.0,0.0
t406,0.0,0.0,0.0,0.0,0.0,0.0,0.0,0.0,0.0,0.0,0.0,0.0,0.0,0.0,0.0,0.0,0.0,0.0
t407,0.0,0.0,0.0,0.0,0.0,0.0,0.0,0.0,0.0,0.0,0.0,0.0,0.0,0.0,0.0,0.0,0.0,0.0
t408,0.0,0.0,0.0,0.0,0.0,0.0,0.0,0.0,0.0,0.0,0.0,0.0,0.0,0.0,0.0,0.0,0.0,0.0
t409,0.0,0.0,0.0,0.0,0.0,0.0,0.0,0.0,0.0,0.0,0.0,0.0,0.0,0.0,0.0,0.0,0.0,0.0
t410,0.0,0.0,0.0,0.0,0.0,0.0,0.0,0.0,0.0,0.0,0.0,0.0,0.0,0.0,0.0,0.0,0.0,0.0
t411,0.0,0.0,0.0,0.0,0.0,0.0,0.0,0.0,0.0,0.0,0.0,0.0,0.0,0.0,0.0,0.0,0.0,0.0
t412,0.0,0.0,0.0,0.0,0.0,0.0,0.0,0.0,0.0,0.0,0.0,0.0,0.0,0.0,0.0,0.0,0.0,0.0
t413,0.0,0.0,0.0,0.0,0.0,0.0,0.0,0.0,0.0,0.0,0.0,0.0,0.0,0.0,0.0,0.0,0.0,0.0
t414,0.0,0.0,0.0,0.0,0.0,0.0,0.0,0.0,0.0,0.0,0.0,0.0,0.0,0.0,0.0,0.0,0.0,0.0
t415,0.0,0.0,0.0,0.0,0.0,0.0,0.0,0.0,0.0,0.0,0.0,0.0,0.0,0.0,0.0,0.0,0.0,0.0
t416,0.0,0.0,0.0,0.0,0.0,0.0,0.0,0.0,0.0,0.0,0.0,0.0,0.0,0.0,0.0,0.0,0.0,0.0
t417,0.0,0.0,0.0,0.0,0.0,0.0,0.0,0.0,0.0,0.0,0.0,0.0,0.0,0.0,0.0,0.0,0.0,0.0
t418,1096.09375,110.76923075,181.36544579999946,0.0,0.0,0.0,240.00391935000033,1150.11939326286,0.0,0.0,0.0,0.0,0.0,0.0,0.0,0.0,0.0,2778.3517391628598
t419,472.8241826600004,0.0,0.0,0.0,659.5449592070687,3615.7452626547433,1269.2763057372285,1750.24390325,0.0,0.0,0.0,0.0,0.0,0.0,0.0,0.0,0.0,7767.634613509041
t420,583.2659250200003,0.0,0.0,0.0,3237.6810565099986,5993.475474911036,1169.5674409399999,1750.24390325,0.0,0.0,0.0,0.0,0.0,0.0,0.0,0.0,0.0,12734.233800631037
t421,1096.09375,110.76923075,0.0,0.0,3031.581665559287,6726.922461442623,1428.14371275,978.8274756061306,0.0,0.0,0.0,0.0,0.0,0.0,0.0,0.0,0.0,13372.33829610804
t422,1096.09375,0.0,0.0,0.0,3973.2473109999996,6234.536577567122,1428.14371275,0.0,0.0,0.0,0.0,0.0,0.0,0.0,0.0,0.0,0.0,12732.02135131712
t423,277.1671330487242,0.0,0.0,0.0,3973.2473109999996,2563.320702108994,486.44941141,1750.24390325,0.0,0.0,0.0,0.0,0.0,0.0,0.0,0.0,0.0,9050.428460817717
t424,0.0,0.0,0.0,0.0,1877.384573161823,0.0,0.0,0.0,0.0,0.0,0.0,0.0,0.0,0.0,0.0,0.0,0.0,1877.384573161823
t425,0.0,0.0,0.0,0.0,0.0,0.0,0.0,0.0,0.0,0.0,0.0,0.0,0.0,0.0,0.0,0.0,0.0,0.0
t426,0.0,0.0,0.0,0.0,0.0,0.0,0.0,0.0,0.0,0.0,0.0,0.0,0.0,0.0,0.0,0.0,0.0,0.0
t427,0.0,0.0,0.0,0.0,0.0,0.0,0.0,0.0,0.0,0.0,0.0,0.0,0.0,0.0,0.0,0.0,0.0,0.0
t428,0.0,0.0,0.0,0.0,0.0,0.0,0.0,0.0,0.0,0.0,0.0,0.0,0.0,0.0,0.0,0.0,0.0,0.0
t429,0.0,0.0,0.0,0.0,0.0,0.0,0.0,0.0,0.0,0.0,0.0,0.0,0.0,0.0,0.0,0.0,0.0,0.0
t430,0.0,0.0,0.0,0.0,0.0,0.0,0.0,0.0,0.0,0.0,0.0,0.0,0.0,0.0,0.0,0.0,0.0,0.0
t431,0.0,0.0,0.0,0.0,0.0,0.0,0.0,0.0,0.0,0.0,0.0,0.0,0.0,0.0,0.0,0.0,0.0,0.0
t432,0.0,0.0,0.0,0.0,0.0,0.0,0.0,0.0,0.0,0.0,0.0,0.0,0.0,0.0,0.0,0.0,0.0,0.0
t433,0.0,0.0,0.0,0.0,0.0,0.0,0.0,0.0,0.0,0.0,0.0,0.0,0.0,0.0,0.0,0.0,0.0,0.0
t434,0.0,0.0,0.0,0.0,0.0,0.0,0.0,0.0,0.0,0.0,0.0,0.0,0.0,0.0,0.0,0.0,0.0,0.0
t435,0.0,0.0,0.0,0.0,0.0,0.0,0.0,0.0,0.0,0.0,0.0,0.0,0.0,0.0,0.0,0.0,0.0,0.0
t436,0.0,0.0,0.0,0.0,0.0,0.0,0.0,0.0,0.0,0.0,0.0,0.0,0.0,0.0,0.0,0.0,0.0,0.0
t437,0.0,0.0,0.0,0.0,0.0,0.0,0.0,0.0,0.0,0.0,0.0,0.0,0.0,0.0,0.0,0.0,0.0,0.0
t438,0.0,0.0,0.0,0.0,0.0,0.0,0.0,0.0,0.0,0.0,0.0,0.0,0.0,0.0,0.0,0.0,0.0,0.0
t439,0.0,0.0,0.0,0.0,0.0,0.0,0.0,0.0,0.0,0.0,0.0,0.0,0.0,0.0,0.0,0.0,0.0,0.0
t440,0.0,0.0,0.0,0.0,0.0,0.0,0.0,0.0,0.0,0.0,0.0,0.0,0.0,0.0,0.0,0.0,0.0,0.0
t441,0.0,0.0,0.0,0.0,0.0,0.0,0.0,0.0,0.0,0.0,0.0,0.0,0.0,0.0,0.0,0.0,0.0,0.0
t442,1096.09375,110.76923075,235.34825540000026,0.0,0.0,1688.4795801359664,227.69690967000034,0.0,0.0,0.0,0.0,0.0,0.0,0.0,0.0,0.0,0.0,3358.3877259559667
t443,621.4520744199998,0.0,0.0,0.0,1572.897428219999,3764.5376055944366,1428.14371275,1750.24390325,0.0,0.0,0.0,0.0,0.0,0.0,0.0,0.0,0.0,9137.274724234436
t444,736.2007196600005,0.0,0.0,0.0,2344.30986260818,5962.626083566698,1002.4900676,1750.24390325,0.0,0.0,0.0,0.0,0.0,0.0,0.0,0.0,0.0,11795.870636684878
t445,1096.09375,110.76923075,0.0,0.0,3973.2473109999996,5927.721027116537,1428.14371275,378.70296561899045,0.0,0.0,0.0,0.0,0.0,0.0,0.0,0.0,0.0,12914.677997235525
t446,1012.6654246687259,0.0,0.0,0.0,3784.34274898,2559.255661377865,506.9663874172284,1750.24390325,0.0,0.0,0.0,0.0,0.0,0.0,0.0,0.0,0.0,9613.47412569382
t447,59.03277197999951,0.0,0.0,0.0,3614.9619892899996,96.3396940105028,1428.14371275,1750.24390325,0.0,0.0,0.0,0.0,0.0,0.0,0.0,0.0,0.0,6948.722071280501
t448,0.0,0.0,0.0,0.0,1462.9275363399993,0.0,0.0,0.0,0.0,0.0,0.0,0.0,0.0,0.0,0.0,0.0,0.0,1462.9275363399993
t449,0.0,0.0,0.0,0.0,0.0,0.0,0.0,0.0,0.0,0.0,0.0,0.0,0.0,0.0,0.0,0.0,0.0,0.0
t450,0.0,0.0,0.0,0.0,0.0,0.0,0.0,0.0,0.0,0.0,0.0,0.0,0.0,0.0,0.0,0.0,0.0,0.0
t451,0.0,0.0,0.0,0.0,0.0,0.0,0.0,0.0,0.0,0.0,0.0,0.0,0.0,0.0,0.0,0.0,0.0,0.0
t452,0.0,0.0,0.0,0.0,0.0,0.0,0.0,0.0,0.0,0.0,0.0,0.0,0.0,0.0,0.0,0.0,0.0,0.0
t453,0.0,0.0,0.0,0.0,0.0,0.0,0.0,0.0,0.0,0.0,0.0,0.0,0.0,0.0,0.0,0.0,0.0,0.0
t454,0.0,0.0,0.0,0.0,0.0,0.0,0.0,0.0,0.0,0.0,0.0,0.0,0.0,0.0,0.0,0.0,0.0,0.0
t455,0.0,0.0,0.0,0.0,0.0,0.0,0.0,0.0,0.0,0.0,0.0,0.0,0.0,0.0,0.0,0.0,0.0,0.0
t456,0.0,0.0,0.0,0.0,0.0,0.0,0.0,0.0,0.0,0.0,0.0,0.0,0.0,0.0,0.0,0.0,0.0,0.0
t457,0.0,0.0,0.0,0.0,0.0,0.0,0.0,0.0,0.0,0.0,0.0,0.0,0.0,0.0,0.0,0.0,0.0,0.0
t458,0.0,0.0,0.0,0.0,0.0,0.0,0.0,0.0,0.0,0.0,0.0,0.0,0.0,0.0,0.0,0.0,0.0,0.0
t459,0.0,0.0,0.0,0.0,0.0,0.0,0.0,0.0,0.0,0.0,0.0,0.0,0.0,0.0,0.0,0.0,0.0,0.0
t460,0.0,0.0,0.0,0.0,0.0,0.0,0.0,0.0,0.0,0.0,0.0,0.0,0.0,0.0,0.0,0.0,0.0,0.0
t461,0.0,0.0,0.0,0.0,0.0,0.0,0.0,0.0,0.0,0.0,0.0,0.0,0.0,0.0,0.0,0.0,0.0,0.0
t462,0.0,0.0,0.0,0.0,0.0,0.0,0.0,0.0,0.0,0.0,0.0,0.0,0.0,0.0,0.0,0.0,0.0,0.0
t463,0.0,0.0,0.0,0.0,0.0,0.0,0.0,0.0,0.0,0.0,0.0,0.0,0.0,0.0,0.0,0.0,0.0,0.0
t464,0.0,0.0,0.0,0.0,0.0,0.0,0.0,0.0,0.0,0.0,0.0,0.0,0.0,0.0,0.0,0.0,0.0,0.0
t465,0.0,0.0,0.0,0.0,0.0,0.0,0.0,0.0,0.0,0.0,0.0,0.0,0.0,0.0,0.0,0.0,0.0,0.0
t466,1096.09375,110.76923075,0.0,0.0,0.0,0.0,241.81554657722884,677.8391842650948,0.0,0.0,0.0,0.0,0.0,0.0,0.0,0.0,0.0,2126.5177115923234
t467,112.15246282000041,0.0,430.98531899999983,0.0,1720.5518116500007,3996.039708702077,1143.15657139,1750.24390325,0.0,0.0,0.0,0.0,0.0,0.0,0.0,0.0,0.0,9153.129776812078
t468,481.60971859999995,110.76923075,0.0,0.0,3627.913679669998,7785.0,1335.4474965,1277.8760499518396,0.0,0.0,0.0,0.0,0.0,0.0,0.0,0.0,0.0,14618.616175471838
t469,1096.09375,0.0,717.9200285999997,0.0,3973.2473109999996,7785.0,1337.8310917000001,783.2879028054592,0.0,0.0,0.0,0.0,0.0,0.0,0.0,0.0,0.0,15693.380084105458
t470,739.4950593087252,0.0,826.3336521999998,0.0,3973.2473109999996,5807.769257420885,1067.9610311400004,1750.24390325,0.0,0.0,0.0,0.0,0.0,0.0,0.0,0.0,0.0,14165.050214319612
t471,1096.09375,110.76923075,451.8726521999995,0.0,1568.7609012581793,3897.609531104128,895.3727656300002,1140.1876350965954,0.0,0.0,0.0,0.0,0.0,0.0,0.0,0.0,0.0,9160.666466038903
t472,0.0,110.76923075,0.0,0.0,1888.9658618599994,955.8565984812716,0.0,0.0,0.0,0.0,0.0,0.0,0.0,0.0,0.0,0.0,0.0,2955.591691091271
t473,0.0,0.0,0.0,0.0,0.0,0.0,0.0,0.0,0.0,0.0,0.0,0.0,0.0,0.0,0.0,0.0,0.0,0.0
t474,0.0,0.0,0.0,0.0,0.0,0.0,0.0,0.0,0.0,0.0,0.0,0.0,0.0,0.0,0.0,0.0,0.0,0.0
t475,0.0,0.0,0.0,0.0,0.0,0.0,0.0,0.0,0.0,0.0,0.0,0.0,0.0,0.0,0.0,0.0,0.0,0.0
t476,0.0,0.0,0.0,0.0,0.0,0.0,0.0,0.0,0.0,0.0,0.0,0.0,0.0,0.0,0.0,0.0,0.0,0.0
t477,0.0,0.0,0.0,0.0,0.0,0.0,0.0,0.0,0.0,0.0,0.0,0.0,0.0,0.0,0.0,0.0,0.0,0.0
t478,0.0,0.0,0.0,0.0,0.0,0.0,0.0,0.0,0.0,0.0,0.0,0.0,0.0,0.0,0.0,0.0,0.0,0.0
t479,0.0,0.0,0.0,0.0,0.0,0.0,0.0,0.0,0.0,0.0,0.0,0.0,0.0,0.0,0.0,0.0,0.0,0.0
t480,0.0,0.0,0.0,0.0,0.0,0.0,0.0,0.0,0.0,0.0,0.0,0.0,0.0,0.0,0.0,0.0,0.0,0.0
t481,0.0,0.0,0.0,0.0,0.0,0.0,0.0,0.0,0.0,0.0,0.0,0.0,0.0,0.0,0.0,0.0,0.0,0.0
t482,0.0,0.0,0.0,0.0,0.0,0.0,0.0,0.0,0.0,0.0,0.0,0.0,0.0,0.0,0.0,0.0,0.0,0.0
t483,0.0,0.0,0.0,0.0,0.0,0.0,0.0,0.0,0.0,0.0,0.0,0.0,0.0,0.0,0.0,0.0,0.0,0.0
t484,0.0,0.0,0.0,0.0,0.0,0.0,0.0,0.0,0.0,0.0,0.0,0.0,0.0,0.0,0.0,0.0,0.0,0.0
t485,0.0,0.0,0.0,0.0,60.91927967868817,0.0,0.0,0.0,0.0,0.0,0.0,0.0,0.0,0.0,0.0,0.0,0.0,60.91927967868817
t486,0.0,0.0,0.0,0.0,74.25960329489608,0.0,0.0,0.0,0.0,0.0,0.0,0.0,0.0,0.0,0.0,0.0,0.0,74.25960329489608
t487,0.0,0.0,0.0,0.0,0.0,0.0,0.0,0.0,0.0,0.0,0.0,0.0,0.0,0.0,0.0,0.0,0.0,0.0
t488,0.0,0.0,0.0,0.0,0.0,0.0,0.0,0.0,0.0,0.0,0.0,0.0,0.0,0.0,0.0,0.0,0.0,0.0
t489,0.0,0.0,0.0,0.0,0.0,0.0,0.0,0.0,0.0,0.0,0.0,0.0,0.0,0.0,0.0,0.0,0.0,0.0
t490,0.0,0.0,0.0,0.0,0.0,0.0,0.0,0.0,0.0,0.0,0.0,0.0,0.0,0.0,0.0,0.0,0.0,0.0
t491,1096.09375,0.0,0.0,0.0,2308.186867860001,0.0,1428.14371275,475.41630453303316,0.0,0.0,0.0,0.0,0.0,0.0,0.0,0.0,0.0,5307.840635143034
t492,1096.09375,0.0,0.0,0.0,2669.885748459999,0.0,609.3076352601961,0.0,0.0,0.0,0.0,0.0,0.0,0.0,0.0,0.0,0.0,4375.287133720195
t493,1096.09375,0.0,0.0,0.0,3973.2473109999996,0.0,1428.14371275,727.2912198506469,0.0,0.0,0.0,0.0,0.0,0.0,0.0,0.0,0.0,7224.775993600646
t494,1096.09375,0.0,0.0,0.0,3973.2473109999996,0.0,1182.0573755599999,491.55176391834993,0.0,0.0,0.0,0.0,0.0,0.0,0.0,0.0,0.0,6742.950200478349
t495,0.0,0.0,0.0,0.0,2347.0559938281795,0.0,0.0,0.0,0.0,0.0,0.0,0.0,0.0,0.0,0.0,0.0,0.0,2347.0559938281795
t496,0.0,0.0,0.0,0.0,1481.0636442899995,0.0,0.0,0.0,0.0,0.0,0.0,0.0,0.0,0.0,0.0,0.0,0.0,1481.0636442899995
t497,0.0,0.0,0.0,0.0,0.0,0.0,0.0,0.0,0.0,0.0,0.0,0.0,0.0,0.0,0.0,0.0,0.0,0.0
t498,0.0,0.0,0.0,0.0,0.0,0.0,0.0,0.0,0.0,0.0,0.0,0.0,0.0,0.0,0.0,0.0,0.0,0.0
t499,0.0,0.0,0.0,0.0,0.0,0.0,0.0,0.0,0.0,0.0,0.0,0.0,0.0,0.0,0.0,0.0,0.0,0.0
t500,0.0,0.0,0.0,0.0,0.0,0.0,0.0,0.0,0.0,0.0,0.0,0.0,0.0,0.0,0.0,0.0,0.0,0.0
t501,0.0,0.0,0.0,0.0,0.0,0.0,0.0,0.0,0.0,0.0,0.0,0.0,0.0,0.0,0.0,0.0,0.0,0.0
t502,0.0,0.0,0.0,0.0,0.0,0.0,0.0,0.0,0.0,0.0,0.0,0.0,0.0,0.0,0.0,0.0,0.0,0.0
t503,0.0,0.0,0.0,0.0,0.0,0.0,0.0,0.0,0.0,0.0,0.0,0.0,0.0,0.0,0.0,0.0,0.0,0.0
t504,0.0,0.0,0.0,0.0,0.0,0.0,0.0,0.0,0.0,0.0,0.0,0.0,0.0,0.0,0.0,0.0,0.0,0.0
t505,0.0,0.0,0.0,0.0,0.0,0.0,0.0,0.0,0.0,0.0,0.0,0.0,0.0,0.0,0.0,0.0,0.0,0.0
t506,0.0,0.0,0.0,0.0,0.0,0.0,0.0,0.0,0.0,0.0,0.0,0.0,0.0,0.0,0.0,0.0,0.0,0.0
t507,0.0,0.0,0.0,291.764706,0.0,0.0,0.0,0.0,0.0,0.0,0.0,0.0,0.0,0.0,0.0,0.0,0.0,291.764706
t508,0.0,0.0,0.0,0.0,0.0,0.0,0.0,0.0,0.0,0.0,0.0,0.0,0.0,0.0,0.0,0.0,0.0,0.0
t509,0.0,0.0,0.0,0.0,0.0,0.0,0.0,0.0,0.0,0.0,0.0,0.0,0.0,0.0,0.0,0.0,0.0,0.0
t510,0.0,0.0,0.0,0.0,0.0,0.0,0.0,0.0,0.0,0.0,0.0,0.0,0.0,0.0,0.0,0.0,0.0,0.0
t511,0.0,0.0,0.0,0.0,0.0,0.0,0.0,0.0,0.0,0.0,0.0,0.0,0.0,0.0,0.0,0.0,0.0,0.0
t512,0.0,0.0,0.0,0.0,0.0,0.0,0.0,0.0,0.0,0.0,0.0,0.0,0.0,0.0,0.0,0.0,0.0,0.0
t513,0.0,0.0,0.0,0.0,0.0,0.0,0.0,0.0,0.0,0.0,0.0,0.0,0.0,0.0,0.0,0.0,0.0,0.0
t514,0.0,0.0,0.0,0.0,0.0,0.0,0.0,0.0,0.0,0.0,0.0,0.0,0.0,0.0,0.0,0.0,0.0,0.0
t515,256.3764408698582,0.0,1458.0000000000002,0.0,1783.0804963819392,3059.655166559999,483.42731169770445,0.0,0.0,0.0,0.0,0.0,0.0,0.0,0.0,0.0,0.0,7040.539415509501
t516,659.2113094999996,110.76923075,922.2232616569672,291.764706,3798.8112690255894,6045.748815439999,1047.4826026607784,454.02140136098933,0.0,0.0,0.0,0.0,0.0,0.0,0.0,0.0,0.0,13330.032596394323
t517,1096.09375,110.76923075,1458.0000000000002,291.764706,3973.2473109999996,7785.0,1428.14371275,1750.24390325,0.0,0.0,0.0,0.0,0.0,0.0,0.0,0.0,0.0,17893.262613749997
t518,1005.5765746599998,110.76923075,851.2464410782989,0.0,3973.2473109999996,5781.289976820207,1428.14371275,1750.24390325,0.0,0.0,0.0,0.0,0.0,0.0,0.0,0.0,0.0,14900.517150308504
t519,508.1866656988682,110.76923075,1458.0000000000002,0.0,3224.300489030648,4488.69633696,1301.625038578746,1750.24390325,0.0,0.0,0.0,0.0,0.0,0.0,0.0,0.0,0.0,12841.821664268264
t520,1096.09375,23.967308845621766,0.0,0.0,0.0,5664.0621293185895,332.76212449999997,1674.9254675080006,0.0,0.0,0.0,0.0,0.0,0.0,0.0,0.0,0.0,8791.810780172213
t521,0.0,0.0,0.0,0.0,0.0,0.0,0.0,0.0,0.0,0.0,0.0,0.0,0.0,0.0,0.0,0.0,0.0,0.0
t522,0.0,0.0,0.0,0.0,0.0,0.0,0.0,0.0,0.0,0.0,0.0,0.0,0.0,0.0,0.0,0.0,0.0,0.0
t523,0.0,0.0,0.0,28.52835282757482,0.0,0.0,0.0,0.0,0.0,0.0,0.0,0.0,0.0,0.0,0.0,0.0,0.0,28.52835282757482
t524,0.0,0.0,0.0,0.0,0.0,0.0,0.0,0.0,0.0,0.0,0.0,0.0,0.0,0.0,0.0,0.0,0.0,0.0
t525,0.0,0.0,0.0,0.0,0.0,0.0,0.0,0.0,0.0,0.0,0.0,0.0,0.0,0.0,0.0,0.0,0.0,0.0
t526,0.0,0.0,0.0,0.0,0.0,0.0,0.0,0.0,0.0,0.0,0.0,0.0,0.0,0.0,0.0,0.0,0.0,0.0
t527,0.0,0.0,0.0,0.0,0.0,0.0,0.0,0.0,0.0,0.0,0.0,0.0,0.0,0.0,0.0,0.0,0.0,0.0
t528,0.0,0.0,0.0,0.0,0.0,0.0,0.0,0.0,0.0,0.0,0.0,0.0,0.0,0.0,0.0,0.0,0.0,0.0
t529,0.0,0.0,0.0,0.0,0.0,0.0,0.0,0.0,0.0,0.0,0.0,0.0,0.0,0.0,0.0,0.0,0.0,0.0
t530,0.0,0.0,0.0,0.0,0.0,0.0,0.0,0.0,0.0,0.0,0.0,0.0,0.0,0.0,0.0,0.0,0.0,0.0
t531,0.0,0.0,0.0,0.0,0.0,0.0,0.0,0.0,0.0,0.0,0.0,0.0,0.0,0.0,0.0,0.0,0.0,0.0
t532,0.0,0.0,0.0,0.0,0.0,0.0,0.0,0.0,0.0,0.0,0.0,0.0,0.0,0.0,0.0,0.0,0.0,0.0
t533,0.0,0.0,0.0,0.0,0.0,0.0,0.0,0.0,0.0,0.0,0.0,0.0,0.0,0.0,0.0,0.0,0.0,0.0
t534,0.0,0.0,0.0,0.0,0.0,0.0,0.0,0.0,0.0,0.0,0.0,0.0,0.0,0.0,0.0,0.0,0.0,0.0
t535,0.0,0.0,0.0,0.0,0.0,0.0,0.0,0.0,0.0,0.0,0.0,0.0,0.0,0.0,0.0,0.0,0.0,0.0
t536,0.0,0.0,0.0,0.0,0.0,0.0,0.0,0.0,0.0,0.0,0.0,0.0,0.0,0.0,0.0,0.0,0.0,0.0
t537,0.0,0.0,0.0,0.0,0.0,0.0,0.0,0.0,0.0,0.0,0.0,0.0,0.0,0.0,0.0,0.0,0.0,0.0
t538,197.96824314872492,110.76923075,422.79614279999964,291.764706,0.0,2146.859633850956,569.2434922300002,964.7479259959196,0.0,0.0,0.0,0.0,0.0,0.0,0.0,0.0,0.0,4704.1493747756
t539,1096.09375,110.76923075,848.5776667999996,0.0,3005.7979297035286,3702.510514461693,1133.8206197999998,1712.4347126578714,0.0,0.0,0.0,0.0,0.0,0.0,0.0,0.0,0.0,11610.004424173094
t540,1096.09375,0.0,1031.0082380000001,0.0,1172.4601936328245,4556.088427869129,1392.01786079,682.0284968227321,0.0,0.0,0.0,0.0,0.0,0.0,0.0,0.0,0.0,9929.696967114685
t541,1096.09375,110.76923075,1072.4898096000004,0.0,3973.2473109999996,7389.322721157468,70.21510461722886,172.11775822278108,0.0,0.0,0.0,0.0,0.0,0.0,0.0,0.0,0.0,13884.255685347478
t542,39.195247580000206,0.0,945.7463332000001,0.0,3973.2473109999996,6426.505868515737,1428.14371275,1750.24390325,0.0,0.0,0.0,0.0,0.0,0.0,0.0,0.0,0.0,14563.082376295737
t543,0.0,23.967308845621766,642.5935239999999,0.0,3973.2473109999996,5233.5026385224155,1428.14371275,1750.24390325,0.0,0.0,0.0,0.0,0.0,0.0,0.0,0.0,0.0,13051.698398368037
t544,1096.09375,110.76923075,1184.2579883352664,0.0,654.6868201018242,3369.6626207213967,0.0,347.86187841968604,0.0,0.0,0.0,0.0,0.0,0.0,0.0,0.0,0.0,6763.3322883281735
t545,0.0,0.0,0.0,0.0,0.0,0.0,0.0,0.0,0.0,0.0,0.0,0.0,0.0,0.0,0.0,0.0,0.0,0.0
t546,0.0,0.0,0.0,0.0,0.0,0.0,0.0,0.0,0.0,0.0,0.0,0.0,0.0,0.0,0.0,0.0,0.0,0.0
t547,0.0,0.0,0.0,0.0,0.0,0.0,0.0,0.0,0.0,0.0,0.0,0.0,0.0,0.0,0.0,0.0,0.0,0.0
t548,0.0,0.0,0.0,0.0,0.0,0.0,0.0,0.0,0.0,0.0,0.0,0.0,0.0,0.0,0.0,0.0,0.0,0.0
t549,0.0,0.0,0.0,0.0,0.0,0.0,0.0,0.0,0.0,0.0,0.0,0.0,0.0,0.0,0.0,0.0,0.0,0.0
t550,0.0,0.0,0.0,0.0,0.0,0.0,0.0,0.0,0.0,0.0,0.0,0.0,0.0,0.0,0.0,0.0,0.0,0.0
t551,0.0,0.0,0.0,0.0,0.0,0.0,0.0,0.0,0.0,0.0,0.0,0.0,0.0,0.0,0.0,0.0,0.0,0.0
t552,0.0,0.0,0.0,0.0,0.0,0.0,0.0,0.0,0.0,0.0,0.0,0.0,0.0,0.0,0.0,0.0,0.0,0.0
t553,0.0,0.0,0.0,0.0,0.0,0.0,0.0,0.0,0.0,0.0,0.0,0.0,0.0,0.0,0.0,0.0,0.0,0.0
t554,0.0,0.0,0.0,291.764706,0.0,0.0,0.0,0.0,0.0,0.0,0.0,0.0,0.0,0.0,0.0,0.0,0.0,291.764706
t555,0.0,0.0,0.0,0.0,0.0,0.0,0.0,0.0,0.0,0.0,0.0,0.0,0.0,0.0,0.0,0.0,0.0,0.0
t556,0.0,0.0,0.0,80.44989196605482,0.0,0.0,0.0,0.0,0.0,0.0,0.0,0.0,0.0,0.0,0.0,0.0,0.0,80.44989196605482
t557,0.0,0.0,0.0,0.0,0.0,0.0,0.0,0.0,0.0,0.0,0.0,0.0,0.0,0.0,0.0,0.0,0.0,0.0
t558,0.0,0.0,0.0,0.0,0.0,0.0,0.0,0.0,0.0,0.0,0.0,0.0,0.0,0.0,0.0,0.0,0.0,0.0
t559,0.0,0.0,0.0,0.0,0.0,0.0,0.0,0.0,0.0,0.0,0.0,0.0,0.0,0.0,0.0,0.0,0.0,0.0
t560,0.0,0.0,0.0,0.0,0.0,0.0,0.0,0.0,0.0,0.0,0.0,0.0,0.0,0.0,0.0,0.0,0.0,0.0
t561,0.0,0.0,0.0,0.0,0.0,0.0,0.0,0.0,0.0,0.0,0.0,0.0,0.0,0.0,0.0,0.0,0.0,0.0
t562,0.0,110.76923075,1170.3810016,291.764706,0.0,1087.2946899518574,645.5566422600001,287.0009812100007,0.0,0.0,0.0,0.0,0.0,0.0,0.0,0.0,0.0,3592.767251771858
t563,1096.09375,110.76923075,1458.0000000000002,0.0,1154.642788444871,3593.4763024106237,1330.51168186,1398.0755584401377,0.0,0.0,0.0,0.0,0.0,0.0,0.0,0.0,0.0,10141.569311905632
t564,1096.09375,0.0,1458.0000000000002,0.0,3314.0839011279822,7355.282090181893,0.0,1750.24390325,0.0,0.0,0.0,0.0,0.0,0.0,0.0,0.0,0.0,14973.703644559875
t565,1096.09375,110.76923075,0.0,0.0,3973.2473109999996,7785.0,1428.14371275,1176.4549089377056,0.0,0.0,0.0,0.0,0.0,0.0,0.0,0.0,0.0,15569.708913437704
t566,192.2352946200004,0.0,744.7859855352663,0.0,3973.2473109999996,7785.0,609.9035401772289,1116.467955793373,0.0,0.0,0.0,0.0,0.0,0.0,0.0,0.0,0.0,14421.640087125867
t567,1096.09375,110.76923075,1316.3027155999996,0.0,3245.7552128111197,2451.1619552186953,1349.1287182,1438.7274631852417,0.0,0.0,0.0,0.0,0.0,0.0,0.0,0.0,0.0,11007.939045765055
t568,44.92819610872564,23.967308845621766,0.0,291.764706,1091.7103520542037,2767.2373873357246,658.3402076900003,212.70780780253062,0.0,0.0,0.0,0.0,0.0,0.0,0.0,0.0,0.0,5090.655965836807
t569,0.0,0.0,0.0,291.764706,0.0,0.0,0.0,0.0,0.0,0.0,0.0,0.0,0.0,0.0,0.0,0.0,0.0,291.764706
t570,0.0,0.0,0.0,0.0,0.0,0.0,0.0,0.0,0.0,0.0,0.0,0.0,0.0,0.0,0.0,0.0,0.0,0.0
t571,0.0,0.0,0.0,0.0,0.0,0.0,0.0,0.0,0.0,0.0,0.0,0.0,0.0,0.0,0.0,0.0,0.0,0.0
t572,0.0,0.0,0.0,0.0,0.0,0.0,0.0,0.0,0.0,0.0,0.0,0.0,0.0,0.0,0.0,0.0,0.0,0.0
t573,0.0,0.0,0.0,0.0,0.0,0.0,0.0,0.0,0.0,0.0,0.0,0.0,0.0,0.0,0.0,0.0,0.0,0.0
t574,0.0,0.0,0.0,0.0,0.0,0.0,0.0,0.0,0.0,0.0,0.0,0.0,0.0,0.0,0.0,0.0,0.0,0.0
t575,0.0,0.0,0.0,0.0,0.0,0.0,0.0,0.0,0.0,0.0,0.0,0.0,0.0,0.0,0.0,0.0,0.0,0.0
t576,0.0,0.0,0.0,97.25551309723816,0.0,0.0,0.0,0.0,0.0,0.0,0.0,0.0,0.0,0.0,0.0,0.0,0.0,97.25551309723816
t577,0.0,0.0,0.0,291.764706,0.0,0.0,0.0,0.0,0.0,0.0,0.0,0.0,0.0,0.0,0.0,0.0,0.0,291.764706
t578,0.0,0.0,0.0,291.764706,0.0,0.0,0.0,0.0,0.0,0.0,0.0,0.0,0.0,0.0,0.0,0.0,0.0,291.764706
t579,0.0,0.0,0.0,291.764706,0.0,0.0,0.0,0.0,0.0,0.0,0.0,0.0,0.0,0.0,0.0,0.0,0.0,291.764706
t580,0.0,0.0,0.0,0.0,0.0,0.0,0.0,0.0,0.0,0.0,0.0,0.0,0.0,0.0,0.0,0.0,0.0,0.0
t581,0.0,0.0,0.0,0.0,0.0,0.0,0.0,0.0,0.0,0.0,0.0,0.0,0.0,0.0,0.0,0.0,0.0,0.0
t582,0.0,0.0,0.0,0.0,0.0,0.0,0.0,0.0,0.0,0.0,0.0,0.0,0.0,0.0,0.0,0.0,0.0,0.0
t583,0.0,0.0,0.0,0.0,0.0,0.0,0.0,0.0,0.0,0.0,0.0,0.0,0.0,0.0,0.0,0.0,0.0,0.0
t584,0.0,0.0,0.0,0.0,0.0,0.0,0.0,0.0,0.0,0.0,0.0,0.0,0.0,0.0,0.0,0.0,0.0,0.0
t585,0.0,0.0,0.0,97.25551309723816,0.0,0.0,431.4757545495226,0.0,0.0,0.0,0.0,0.0,0.0,0.0,0.0,0.0,0.0,528.7312676467608
t586,1096.09375,110.76923075,0.0,291.764706,0.0,679.7043233645002,0.0,1750.24390325,0.0,0.0,0.0,0.0,0.0,0.0,0.0,0.0,0.0,3928.5759133644997
t587,491.85804209441807,110.76923075,1458.0000000000002,0.0,1124.2219249399989,5698.328782275785,0.0,1750.24390325,0.0,0.0,0.0,0.0,0.0,0.0,0.0,0.0,0.0,10633.421883310202
t588,1096.09375,23.967308845621794,593.0551864352663,0.0,3013.4606155000006,6875.640195381946,1428.14371275,1750.24390325,0.0,0.0,0.0,0.0,0.0,0.0,0.0,0.0,0.0,14780.604672162834
t589,788.6890240783604,110.76923075,1458.0000000000002,0.0,3859.322298628178,7785.0,1428.14371275,378.70296561899,0.0,0.0,0.0,0.0,0.0,0.0,0.0,0.0,0.0,15808.627231825527
t590,1096.09375,0.0,0.0,0.0,3973.2473109999996,5167.8713531775875,1428.14371275,0.0,0.0,0.0,0.0,0.0,0.0,0.0,0.0,0.0,0.0,11665.356126927585
t591,52.710174555947205,110.76923075,1458.0000000000002,0.0,3154.7153548399997,4311.49607912,986.1338442499999,1750.24390325,0.0,0.0,0.0,0.0,0.0,0.0,0.0,0.0,0.0,11824.068586765947
t592,0.0,0.0,1180.4145162999998,291.764706,1627.7193715299989,2306.411691778973,319.54376588770583,0.0,0.0,0.0,0.0,0.0,0.0,0.0,0.0,0.0,0.0,5725.854051496677
t593,0.0,0.0,0.0,291.764706,0.0,0.0,0.0,0.0,0.0,0.0,0.0,0.0,0.0,0.0,0.0,0.0,0.0,291.764706
t594,0.0,0.0,0.0,0.0,0.0,0.0,0.0,0.0,0.0,0.0,0.0,0.0,0.0,0.0,0.0,0.0,0.0,0.0
t595,0.0,0.0,0.0,0.0,0.0,0.0,0.0,0.0,0.0,0.0,0.0,0.0,0.0,0.0,0.0,0.0,0.0,0.0
t596,0.0,0.0,0.0,0.0,0.0,0.0,0.0,0.0,0.0,0.0,0.0,0.0,0.0,0.0,0.0,0.0,0.0,0.0
t597,0.0,0.0,0.0,0.0,0.0,0.0,0.0,0.0,0.0,0.0,0.0,0.0,0.0,0.0,0.0,0.0,0.0,0.0
t598,0.0,0.0,0.0,0.0,0.0,0.0,0.0,0.0,0.0,0.0,0.0,0.0,0.0,0.0,0.0,0.0,0.0,0.0
t599,0.0,0.0,0.0,0.0,0.0,0.0,0.0,0.0,0.0,0.0,0.0,0.0,0.0,0.0,0.0,0.0,0.0,0.0
t600,0.0,0.0,0.0,0.0,0.0,0.0,0.0,0.0,0.0,0.0,0.0,0.0,0.0,0.0,0.0,0.0,0.0,0.0
t601,0.0,0.0,0.0,0.0,0.0,0.0,0.0,0.0,0.0,0.0,0.0,0.0,0.0,0.0,0.0,0.0,0.0,0.0
t602,0.0,0.0,0.0,291.764706,0.0,0.0,0.0,0.0,0.0,0.0,0.0,0.0,0.0,0.0,0.0,0.0,0.0,291.764706
t603,0.0,0.0,0.0,0.0,0.0,0.0,0.0,0.0,0.0,0.0,0.0,0.0,0.0,0.0,0.0,0.0,0.0,0.0
t604,0.0,0.0,0.0,291.764706,0.0,0.0,0.0,0.0,0.0,0.0,0.0,0.0,0.0,0.0,0.0,0.0,0.0,291.764706
t605,0.0,0.0,0.0,0.0,0.0,0.0,0.0,0.0,0.0,0.0,0.0,0.0,0.0,0.0,0.0,0.0,0.0,0.0
t606,0.0,0.0,0.0,0.0,0.0,0.0,0.0,0.0,0.0,0.0,0.0,0.0,0.0,0.0,0.0,0.0,0.0,0.0
t607,0.0,0.0,0.0,0.0,0.0,0.0,0.0,0.0,0.0,0.0,0.0,0.0,0.0,0.0,0.0,0.0,0.0,0.0
t608,0.0,0.0,0.0,0.0,0.0,0.0,0.0,0.0,0.0,0.0,0.0,0.0,0.0,0.0,0.0,0.0,0.0,0.0
t609,432.09790790313065,0.0,0.0,0.0,0.0,0.0,0.0,0.0,0.0,0.0,0.0,0.0,0.0,0.0,0.0,0.0,0.0,432.09790790313065
t610,1096.09375,110.76923075,1348.4391632000006,0.0,0.0,0.0,304.11586197999975,1100.8744577779253,0.0,0.0,0.0,0.0,0.0,0.0,0.0,0.0,0.0,3960.292463707926
t611,128.74429461999952,110.76923075,0.0,0.0,814.0438496000002,4363.404873434721,869.66953056,864.5038398194131,0.0,0.0,0.0,0.0,0.0,0.0,0.0,0.0,0.0,7151.135618784133
t612,0.0,110.76923075,1458.0000000000002,0.0,2590.1411961499994,5462.730120791894,1076.2919204200002,1750.24390325,0.0,0.0,0.0,0.0,0.0,0.0,0.0,0.0,0.0,12448.176371361895
t613,1096.09375,23.967308845621766,539.4189756352658,0.0,3973.2473109999996,5618.472749276625,1249.57562325723,1750.24390325,0.0,0.0,0.0,0.0,0.0,0.0,0.0,0.0,0.0,14251.019621264742
t614,1096.09375,110.76923075,1458.0000000000002,0.0,3973.2473109999996,7127.885735051014,1222.02349362,907.2484355246532,0.0,0.0,0.0,0.0,0.0,0.0,0.0,0.0,0.0,15895.267955945666
t615,772.4150382055957,0.0,1343.6115638999997,0.0,3012.8767190099993,6010.148300984909,918.0965026999999,1006.564038996999,0.0,0.0,0.0,0.0,0.0,0.0,0.0,0.0,0.0,13063.712163797503
t616,0.0,0.0,0.0,0.0,2389.1304896781776,4241.810645559631,381.81157040000005,0.0,0.0,0.0,0.0,0.0,0.0,0.0,0.0,0.0,0.0,7012.7527056378085
t617,0.0,0.0,0.0,0.0,0.0,0.0,0.0,0.0,0.0,0.0,0.0,0.0,0.0,0.0,0.0,0.0,0.0,0.0
t618,0.0,0.0,0.0,0.0,0.0,0.0,0.0,0.0,0.0,0.0,0.0,0.0,0.0,0.0,0.0,0.0,0.0,0.0
t619,0.0,0.0,0.0,0.0,0.0,0.0,0.0,0.0,0.0,0.0,0.0,0.0,0.0,0.0,0.0,0.0,0.0,0.0
t620,0.0,0.0,0.0,0.0,0.0,0.0,0.0,0.0,0.0,0.0,0.0,0.0,0.0,0.0,0.0,0.0,0.0,0.0
t621,0.0,0.0,0.0,0.0,0.0,0.0,0.0,0.0,0.0,0.0,0.0,0.0,0.0,0.0,0.0,0.0,0.0,0.0
t622,0.0,0.0,0.0,0.0,0.0,0.0,0.0,0.0,0.0,0.0,0.0,0.0,0.0,0.0,0.0,0.0,0.0,0.0
t623,0.0,0.0,0.0,0.0,0.0,0.0,0.0,0.0,0.0,0.0,0.0,0.0,0.0,0.0,0.0,0.0,0.0,0.0
t624,0.0,0.0,0.0,0.0,0.0,0.0,0.0,0.0,0.0,0.0,0.0,0.0,0.0,0.0,0.0,0.0,0.0,0.0
t625,0.0,0.0,0.0,0.0,0.0,0.0,0.0,0.0,0.0,0.0,0.0,0.0,0.0,0.0,0.0,0.0,0.0,0.0
t626,0.0,0.0,0.0,0.0,0.0,0.0,0.0,0.0,0.0,0.0,0.0,0.0,0.0,0.0,0.0,0.0,0.0,0.0
t627,0.0,0.0,0.0,0.0,0.0,0.0,0.0,0.0,0.0,0.0,0.0,0.0,0.0,0.0,0.0,0.0,0.0,0.0
t628,0.0,0.0,0.0,0.0,0.0,0.0,0.0,0.0,0.0,0.0,0.0,0.0,0.0,0.0,0.0,0.0,0.0,0.0
t629,0.0,0.0,0.0,291.764706,0.0,0.0,0.0,0.0,0.0,0.0,0.0,0.0,0.0,0.0,0.0,0.0,0.0,291.764706
t630,0.0,0.0,0.0,0.0,0.0,0.0,0.0,0.0,0.0,0.0,0.0,0.0,0.0,0.0,0.0,0.0,0.0,0.0
t631,0.0,0.0,0.0,0.0,0.0,0.0,0.0,0.0,0.0,0.0,0.0,0.0,0.0,0.0,0.0,0.0,0.0,0.0
t632,0.0,0.0,0.0,0.0,0.0,0.0,0.0,0.0,0.0,0.0,0.0,0.0,0.0,0.0,0.0,0.0,0.0,0.0
t633,1096.09375,110.76923075,361.37750650526596,0.0,0.0,0.0,0.0,266.0866100664259,0.0,0.0,0.0,0.0,0.0,0.0,0.0,0.0,0.0,1834.3270973216918
t634,1096.09375,0.0,1412.0921962300001,0.0,0.0,3459.0693989318697,1130.1843051900005,477.4173749246526,0.0,0.0,0.0,0.0,0.0,0.0,0.0,0.0,0.0,7574.857025276523
t635,254.12926334000014,110.76923075,1458.0000000000002,0.0,2667.052723678656,3953.2204192407694,943.9277622554008,1370.3340488546578,0.0,0.0,0.0,0.0,0.0,0.0,0.0,0.0,0.0,10757.433448119484
t636,1096.09375,0.0,1458.0000000000002,0.0,3973.2473109999996,5136.1089299389405,1428.14371275,1316.2617969151038,0.0,0.0,0.0,0.0,0.0,0.0,0.0,0.0,0.0,14407.855500604042
t637,995.4163840487251,78.83172672562178,1458.0000000000002,0.0,3973.2473109999996,6941.264100104972,903.6921634018289,1750.24390325,0.0,0.0,0.0,0.0,0.0,0.0,0.0,0.0,0.0,16100.695588531149
t638,83.71159334000016,110.76923075,0.0,0.0,3567.179847928505,6532.5088248794455,1428.14371275,842.8615863873504,0.0,0.0,0.0,0.0,0.0,0.0,0.0,0.0,0.0,12565.1747960353
t639,0.0,0.0,0.0,0.0,2259.0958360272193,4644.803983530869,187.49284658999966,1356.4732582207996,0.0,0.0,0.0,0.0,0.0,0.0,0.0,0.0,0.0,8447.865924368887
t640,0.0,55.904812869999986,0.0,0.0,312.86384680379746,2157.4767684719295,0.0,0.0,0.0,0.0,0.0,0.0,0.0,0.0,0.0,0.0,0.0,2526.245428145727
t641,0.0,0.0,0.0,0.0,0.0,0.0,0.0,0.0,0.0,0.0,0.0,0.0,0.0,0.0,0.0,0.0,0.0,0.0
t642,0.0,0.0,0.0,0.0,0.0,0.0,0.0,0.0,0.0,0.0,0.0,0.0,0.0,0.0,0.0,0.0,0.0,0.0
t643,0.0,0.0,0.0,0.0,0.0,0.0,0.0,0.0,0.0,0.0,0.0,0.0,0.0,0.0,0.0,0.0,0.0,0.0
t644,0.0,0.0,0.0,0.0,0.0,0.0,0.0,0.0,0.0,0.0,0.0,0.0,0.0,0.0,0.0,0.0,0.0,0.0
t645,0.0,0.0,0.0,0.0,0.0,0.0,0.0,0.0,0.0,0.0,0.0,0.0,0.0,0.0,0.0,0.0,0.0,0.0
t646,0.0,0.0,0.0,0.0,0.0,0.0,0.0,0.0,0.0,0.0,0.0,0.0,0.0,0.0,0.0,0.0,0.0,0.0
t647,0.0,0.0,0.0,0.0,0.0,0.0,0.0,0.0,0.0,0.0,0.0,0.0,0.0,0.0,0.0,0.0,0.0,0.0
t648,0.0,0.0,0.0,0.0,0.0,0.0,0.0,0.0,0.0,0.0,0.0,0.0,0.0,0.0,0.0,0.0,0.0,0.0
t649,0.0,0.0,0.0,0.0,0.0,0.0,0.0,0.0,0.0,0.0,0.0,0.0,0.0,0.0,0.0,0.0,0.0,0.0
t650,0.0,0.0,0.0,0.0,0.0,0.0,0.0,0.0,0.0,0.0,0.0,0.0,0.0,0.0,0.0,0.0,0.0,0.0
t651,0.0,0.0,0.0,0.0,0.0,0.0,0.0,0.0,0.0,0.0,0.0,0.0,0.0,0.0,0.0,0.0,0.0,0.0
t652,0.0,0.0,0.0,0.0,0.0,0.0,0.0,0.0,0.0,0.0,0.0,0.0,0.0,0.0,0.0,0.0,0.0,0.0
t653,0.0,0.0,0.0,0.0,0.0,0.0,0.0,0.0,0.0,0.0,0.0,0.0,0.0,0.0,0.0,0.0,0.0,0.0
t654,0.0,0.0,0.0,0.0,0.0,0.0,0.0,0.0,0.0,0.0,0.0,0.0,0.0,0.0,0.0,0.0,0.0,0.0
t655,0.0,0.0,0.0,0.0,0.0,0.0,0.0,0.0,0.0,0.0,0.0,0.0,0.0,0.0,0.0,0.0,0.0,0.0
t656,0.0,0.0,0.0,0.0,0.0,0.0,0.0,0.0,0.0,0.0,0.0,0.0,0.0,0.0,0.0,0.0,0.0,0.0
t657,0.0,110.76923075,0.0,0.0,0.0,0.0,294.57874767471753,0.0,0.0,0.0,0.0,0.0,0.0,0.0,0.0,0.0,0.0,405.34797842471755
t658,1096.09375,110.76923075,968.7158630299994,0.0,0.0,2482.8552260809624,0.0,827.4215369414342,0.0,0.0,0.0,0.0,0.0,0.0,0.0,0.0,0.0,5485.855606802395
t659,237.16349072872498,0.0,1458.0000000000002,0.0,3489.914955321134,4131.802064720677,859.7505672021597,1750.24390325,0.0,0.0,0.0,0.0,0.0,0.0,0.0,0.0,0.0,11926.874981222698
t660,1096.09375,110.76923075,0.0,0.0,3973.2473109999996,7640.508159727492,1353.0721287419021,1750.24390325,0.0,0.0,0.0,0.0,0.0,0.0,0.0,0.0,0.0,15923.934483469393
t661,1096.09375,23.967308845621766,1180.626138305266,129.67401746298427,3973.2473109999996,7497.406387912743,1428.14371275,1234.013118087621,0.0,0.0,0.0,0.0,0.0,0.0,0.0,0.0,0.0,16563.171744364234
t662,0.0,0.0,1451.1397156,0.0,3973.2473109999996,6313.911278804742,1428.14371275,856.5732301812475,0.0,0.0,0.0,0.0,0.0,0.0,0.0,0.0,0.0,14023.015248335989
t663,1096.09375,110.76923075,1088.9879858000002,0.0,268.3060341570308,4757.969307852176,657.89563381845,961.1828869086867,0.0,0.0,0.0,0.0,0.0,0.0,0.0,0.0,0.0,8941.204829286344
t664,0.0,0.0,0.0,0.0,1074.723953960014,0.0,0.0,0.0,0.0,0.0,0.0,0.0,0.0,0.0,0.0,0.0,0.0,1074.723953960014
t665,0.0,0.0,0.0,0.0,0.0,0.0,0.0,0.0,0.0,0.0,0.0,0.0,0.0,0.0,0.0,0.0,0.0,0.0
t666,0.0,0.0,0.0,0.0,0.0,0.0,0.0,0.0,0.0,0.0,0.0,0.0,0.0,0.0,0.0,0.0,0.0,0.0
t667,0.0,0.0,0.0,0.0,0.0,0.0,0.0,0.0,0.0,0.0,0.0,0.0,0.0,0.0,0.0,0.0,0.0,0.0
t668,0.0,0.0,0.0,0.0,0.0,0.0,0.0,0.0,0.0,0.0,0.0,0.0,0.0,0.0,0.0,0.0,0.0,0.0
t669,0.0,0.0,0.0,0.0,0.0,0.0,0.0,0.0,0.0,0.0,0.0,0.0,0.0,0.0,0.0,0.0,0.0,0.0
t670,0.0,0.0,0.0,0.0,0.0,0.0,0.0,0.0,0.0,0.0,0.0,0.0,0.0,0.0,0.0,0.0,0.0,0.0
t671,0.0,0.0,0.0,0.0,0.0,0.0,0.0,0.0,0.0,0.0,0.0,0.0,0.0,0.0,0.0,0.0,0.0,0.0
t672,0.0,0.0,0.0,0.0,0.0,0.0,0.0,0.0,0.0,0.0,0.0,0.0,0.0,0.0,0.0,0.0,0.0,0.0
t673,0.0,0.0,0.0,0.0,0.0,0.0,0.0,0.0,0.0,0.0,0.0,0.0,0.0,0.0,0.0,0.0,0.0,0.0
t674,0.0,0.0,0.0,0.0,0.0,0.0,0.0,0.0,0.0,0.0,0.0,0.0,0.0,0.0,0.0,0.0,0.0,0.0
t675,0.0,0.0,0.0,0.0,0.0,0.0,0.0,0.0,0.0,0.0,0.0,0.0,0.0,0.0,0.0,0.0,0.0,0.0
t676,0.0,0.0,0.0,0.0,0.0,0.0,0.0,0.0,0.0,0.0,0.0,0.0,0.0,0.0,0.0,0.0,0.0,0.0
t677,0.0,0.0,0.0,0.0,0.0,0.0,0.0,0.0,0.0,0.0,0.0,0.0,0.0,0.0,0.0,0.0,0.0,0.0
t678,0.0,0.0,0.0,0.0,0.0,0.0,0.0,0.0,0.0,0.0,0.0,0.0,0.0,0.0,0.0,0.0,0.0,0.0
t679,0.0,0.0,0.0,0.0,0.0,0.0,0.0,0.0,0.0,0.0,0.0,0.0,0.0,0.0,0.0,0.0,0.0,0.0
t680,0.0,0.0,0.0,0.0,0.0,0.0,0.0,0.0,0.0,0.0,0.0,0.0,0.0,0.0,0.0,0.0,0.0,0.0
t681,0.0,0.0,0.0,0.0,0.0,0.0,0.0,0.0,0.0,0.0,0.0,0.0,0.0,0.0,0.0,0.0,0.0,0.0
t682,1096.09375,0.0,0.0,0.0,0.0,0.0,0.0,1750.24390325,0.0,0.0,0.0,0.0,0.0,0.0,0.0,0.0,0.0,2846.3376532499997
t683,1096.09375,110.76923075,0.0,0.0,384.3869223062004,0.0,856.3515754418424,1750.24390325,0.0,0.0,0.0,0.0,0.0,0.0,0.0,0.0,0.0,4197.845381748042
t684,0.0,110.76923075,0.0,0.0,3421.187659089999,0.0,1349.1611127029887,1750.24390325,0.0,0.0,0.0,0.0,0.0,0.0,0.0,0.0,0.0,6631.361905792987
t685,0.0,0.0,0.0,0.0,3973.2473109999996,0.0,0.0,478.8061291409222,0.0,0.0,0.0,0.0,0.0,0.0,0.0,0.0,0.0,4452.053440140922
t686,0.0,0.0,0.0,0.0,3973.2473109999996,0.0,0.0,640.609538288317,0.0,0.0,0.0,0.0,0.0,0.0,0.0,0.0,0.0,4613.856849288317
t687,0.0,0.0,0.0,0.0,2491.764392731979,0.0,0.0,0.0,0.0,0.0,0.0,0.0,0.0,0.0,0.0,0.0,0.0,2491.764392731979
t688,0.0,0.0,0.0,0.0,2508.8532803099993,0.0,0.0,0.0,0.0,0.0,0.0,0.0,0.0,0.0,0.0,0.0,0.0,2508.8532803099993
t689,0.0,0.0,0.0,0.0,0.0,0.0,0.0,0.0,0.0,0.0,0.0,0.0,0.0,0.0,0.0,0.0,0.0,0.0
t690,0.0,0.0,0.0,0.0,0.0,0.0,0.0,0.0,0.0,0.0,0.0,0.0,0.0,0.0,0.0,0.0,0.0,0.0
t691,0.0,0.0,0.0,0.0,0.0,0.0,0.0,0.0,0.0,0.0,0.0,0.0,0.0,0.0,0.0,0.0,0.0,0.0
t692,0.0,0.0,0.0,0.0,0.0,0.0,0.0,0.0,0.0,0.0,0.0,0.0,0.0,0.0,0.0,0.0,0.0,0.0
t693,0.0,0.0,0.0,0.0,0.0,0.0,0.0,0.0,0.0,0.0,0.0,0.0,0.0,0.0,0.0,0.0,0.0,0.0
t694,0.0,0.0,0.0,0.0,0.0,0.0,0.0,0.0,0.0,0.0,0.0,0.0,0.0,0.0,0.0,0.0,0.0,0.0
t695,0.0,0.0,0.0,0.0,0.0,0.0,0.0,0.0,0.0,0.0,0.0,0.0,0.0,0.0,0.0,0.0,0.0,0.0
t696,0.0,0.0,0.0,0.0,0.0,0.0,0.0,0.0,0.0,0.0,0.0,0.0,0.0,0.0,0.0,0.0,0.0,0.0
t697,0.0,0.0,0.0,0.0,0.0,0.0,0.0,0.0,0.0,0.0,0.0,0.0,0.0,0.0,0.0,0.0,0.0,0.0
t698,0.0,0.0,0.0,0.0,0.0,0.0,0.0,0.0,0.0,0.0,0.0,0.0,0.0,0.0,0.0,0.0,0.0,0.0
t699,0.0,0.0,0.0,0.0,0.0,0.0,0.0,0.0,0.0,0.0,0.0,0.0,0.0,0.0,0.0,0.0,0.0,0.0
t700,0.0,0.0,0.0,0.0,0.0,0.0,0.0,0.0,0.0,0.0,0.0,0.0,0.0,0.0,0.0,0.0,0.0,0.0
t701,0.0,0.0,0.0,0.0,0.0,0.0,0.0,0.0,0.0,0.0,0.0,0.0,0.0,0.0,0.0,0.0,0.0,0.0
t702,0.0,0.0,0.0,0.0,0.0,0.0,0.0,0.0,0.0,0.0,0.0,0.0,0.0,0.0,0.0,0.0,0.0,0.0
t703,0.0,0.0,0.0,0.0,0.0,0.0,0.0,0.0,0.0,0.0,0.0,0.0,0.0,0.0,0.0,0.0,0.0,0.0
t704,0.0,0.0,0.0,0.0,0.0,0.0,0.0,0.0,0.0,0.0,0.0,0.0,0.0,0.0,0.0,0.0,0.0,0.0
t705,0.0,23.96730884562181,1157.3083405194075,0.0,0.0,1433.0259815645313,0.0,0.0,0.0,0.0,0.0,0.0,0.0,0.0,0.0,0.0,0.0,2614.301630929561
t706,855.6846514887242,110.76923075,0.0,0.0,0.0,4189.3807972842515,843.4260364499997,729.1579459510493,0.0,0.0,0.0,0.0,0.0,0.0,0.0,0.0,0.0,6728.4186619240245
t707,1096.09375,110.76923075,0.0,0.0,1824.640031908154,4887.827059749707,1065.0645090301075,1481.144469430598,0.0,0.0,0.0,0.0,0.0,0.0,0.0,0.0,0.0,10465.539050868565
t708,269.43029462000004,110.76923075,1458.0000000000002,0.0,3432.023485474827,5020.792317259524,1351.9092805200003,1632.3702018880101,0.0,0.0,0.0,0.0,0.0,0.0,0.0,0.0,0.0,13275.294810512361
t709,208.1422946200007,0.0,616.1613622158585,0.0,3973.2473109999996,7785.0,9.944790567122654,1750.24390325,0.0,0.0,0.0,0.0,0.0,0.0,0.0,0.0,0.0,14342.73966165298
t710,1096.09375,110.76923075,0.0,0.0,3970.6445207525485,5468.743985951298,1391.1301629400002,1284.1102030152251,0.0,0.0,0.0,0.0,0.0,0.0,0.0,0.0,0.0,13321.491853409072
t711,1096.09375,0.0,1458.0000000000002,0.0,2826.762434702689,2114.690592521377,1360.10972343,502.6518550841077,0.0,0.0,0.0,0.0,0.0,0.0,0.0,0.0,0.0,9358.308355738174
t712,0.0,0.0,1458.0000000000002,0.0,725.3690925999558,1924.9916907681018,0.0,0.0,0.0,0.0,0.0,0.0,0.0,0.0,0.0,0.0,0.0,4108.360783368058
t713,0.0,0.0,0.0,0.0,0.0,0.0,0.0,0.0,0.0,0.0,0.0,0.0,0.0,0.0,0.0,0.0,0.0,0.0
t714,0.0,0.0,0.0,0.0,0.0,0.0,0.0,0.0,0.0,0.0,0.0,0.0,0.0,0.0,0.0,0.0,0.0,0.0
t715,0.0,0.0,0.0,0.0,0.0,0.0,0.0,0.0,0.0,0.0,0.0,0.0,0.0,0.0,0.0,0.0,0.0,0.0
t716,0.0,0.0,0.0,0.0,0.0,0.0,0.0,0.0,0.0,0.0,0.0,0.0,0.0,0.0,0.0,0.0,0.0,0.0
t717,0.0,0.0,0.0,0.0,0.0,0.0,0.0,0.0,0.0,0.0,0.0,0.0,0.0,0.0,0.0,0.0,0.0,0.0
t718,0.0,0.0,0.0,0.0,0.0,0.0,0.0,0.0,0.0,0.0,0.0,0.0,0.0,0.0,0.0,0.0,0.0,0.0
t719,0.0,0.0,0.0,0.0,0.0,0.0,0.0,0.0,0.0,0.0,0.0,0.0,0.0,0.0,0.0,0.0,0.0,0.0
t720,0.0,0.0,0.0,0.0,0.0,0.0,0.0,0.0,0.0,0.0,0.0,0.0,0.0,0.0,0.0,0.0,0.0,0.0
t721,0.0,0.0,0.0,0.0,0.0,0.0,0.0,0.0,0.0,0.0,0.0,0.0,0.0,0.0,0.0,0.0,0.0,0.0
t722,0.0,0.0,0.0,0.0,0.0,0.0,0.0,0.0,0.0,0.0,0.0,0.0,0.0,0.0,0.0,0.0,0.0,0.0
t723,0.0,0.0,0.0,0.0,0.0,0.0,0.0,0.0,0.0,0.0,0.0,0.0,0.0,0.0,0.0,0.0,0.0,0.0
t724,0.0,0.0,0.0,0.0,0.0,0.0,0.0,0.0,0.0,0.0,0.0,0.0,0.0,0.0,0.0,0.0,0.0,0.0
t725,0.0,0.0,0.0,0.0,0.0,0.0,0.0,0.0,0.0,0.0,0.0,0.0,0.0,0.0,0.0,0.0,0.0,0.0
t726,0.0,0.0,0.0,0.0,0.0,0.0,0.0,0.0,0.0,0.0,0.0,0.0,0.0,0.0,0.0,0.0,0.0,0.0
t727,0.0,0.0,0.0,0.0,0.0,0.0,0.0,0.0,0.0,0.0,0.0,0.0,0.0,0.0,0.0,0.0,0.0,0.0
t728,0.0,0.0,0.0,0.0,0.0,0.0,0.0,1750.24390325,0.0,0.0,0.0,0.0,0.0,0.0,0.0,0.0,0.0,1750.24390325
t729,0.0,7.61137576666904,0.0,0.0,0.0,2381.831158117859,41.04973130311813,1086.3909311752814,0.0,0.0,0.0,0.0,0.0,0.0,0.0,0.0,0.0,3516.8831963629277
t730,1096.09375,110.76923075,1458.0000000000002,0.0,2889.549774569999,3514.459595280124,350.04096826812383,1750.24390325,0.0,0.0,0.0,0.0,0.0,0.0,0.0,0.0,0.0,11169.157222118249
t731,0.0,110.76923075,1458.0000000000002,0.0,835.5923077899992,6062.396669969847,965.5581521019762,57.60733072524316,0.0,0.0,0.0,0.0,0.0,0.0,0.0,0.0,0.0,9489.923691337064
t732,1096.09375,0.0,1458.0000000000002,0.0,3973.2473109999996,5739.983785601854,1162.3764764158882,0.0,0.0,0.0,0.0,0.0,0.0,0.0,0.0,0.0,0.0,13429.70132301774
t733,1096.09375,16.355933078952752,5.070507165264908,0.0,2245.8575507999985,6943.263821150673,1428.14371275,1750.24390325,0.0,0.0,0.0,0.0,0.0,0.0,0.0,0.0,0.0,13485.029178194889
t734,0.0,110.76923075,1251.09698777,0.0,3973.2473109999996,4085.594111923357,1079.504914947066,0.0,0.0,0.0,0.0,0.0,0.0,0.0,0.0,0.0,0.0,10500.212556390423
t735,1096.09375,110.76923075,0.0,0.0,2835.19262127818,2790.5972049874035,757.1781102418161,0.0,0.0,0.0,0.0,0.0,0.0,0.0,0.0,0.0,0.0,7589.8309172574
t736,237.16349072872544,0.0,517.3022078000001,0.0,0.0,1306.326078067681,237.73243690924144,984.9486069684655,0.0,0.0,0.0,0.0,0.0,0.0,0.0,0.0,0.0,3283.4728204741136
t737,0.0,0.0,0.0,0.0,0.0,0.0,0.0,0.0,0.0,0.0,0.0,0.0,0.0,0.0,0.0,0.0,0.0,0.0
t738,0.0,0.0,0.0,0.0,0.0,0.0,0.0,0.0,0.0,0.0,0.0,0.0,0.0,0.0,0.0,0.0,0.0,0.0
t739,0.0,0.0,0.0,0.0,0.0,0.0,0.0,0.0,0.0,0.0,0.0,0.0,0.0,0.0,0.0,0.0,0.0,0.0
t740,0.0,0.0,0.0,0.0,0.0,0.0,0.0,0.0,0.0,0.0,0.0,0.0,0.0,0.0,0.0,0.0,0.0,0.0
t741,0.0,0.0,0.0,0.0,0.0,0.0,0.0,0.0,0.0,0.0,0.0,0.0,0.0,0.0,0.0,0.0,0.0,0.0
t742,0.0,0.0,0.0,0.0,0.0,0.0,0.0,0.0,0.0,0.0,0.0,0.0,0.0,0.0,0.0,0.0,0.0,0.0
t743,0.0,0.0,0.0,0.0,0.0,0.0,0.0,0.0,0.0,0.0,0.0,0.0,0.0,0.0,0.0,0.0,0.0,0.0
t744,0.0,0.0,0.0,0.0,0.0,0.0,0.0,0.0,0.0,0.0,0.0,0.0,0.0,0.0,0.0,0.0,0.0,0.0
t745,0.0,0.0,0.0,0.0,0.0,0.0,0.0,0.0,0.0,0.0,0.0,0.0,0.0,0.0,0.0,0.0,0.0,0.0
t746,0.0,0.0,0.0,0.0,0.0,0.0,0.0,0.0,0.0,0.0,0.0,0.0,0.0,0.0,0.0,0.0,0.0,0.0
t747,0.0,0.0,0.0,0.0,0.0,0.0,0.0,0.0,0.0,0.0,0.0,0.0,0.0,0.0,0.0,0.0,0.0,0.0
t748,0.0,0.0,0.0,0.0,0.0,0.0,0.0,0.0,0.0,0.0,0.0,0.0,0.0,0.0,0.0,0.0,0.0,0.0
t749,0.0,0.0,0.0,0.0,0.0,0.0,0.0,0.0,0.0,0.0,0.0,0.0,0.0,0.0,0.0,0.0,0.0,0.0
t750,0.0,0.0,0.0,0.0,0.0,0.0,0.0,0.0,0.0,0.0,0.0,0.0,0.0,0.0,0.0,0.0,0.0,0.0
t751,0.0,0.0,0.0,0.0,0.0,0.0,0.0,0.0,0.0,0.0,0.0,0.0,0.0,0.0,0.0,0.0,0.0,0.0
t752,0.0,0.0,0.0,0.0,0.0,0.0,0.0,0.0,0.0,0.0,0.0,0.0,0.0,0.0,0.0,0.0,0.0,0.0
t753,177.5194213287265,0.0,0.0,0.0,0.0,0.0,277.64558636000004,1750.24390325,0.0,0.0,0.0,0.0,0.0,0.0,0.0,0.0,0.0,2205.4089109387264
t754,1096.09375,110.76923075,1209.2012746400003,0.0,632.6635618488908,1619.3361020326965,588.336821321821,1750.24390325,0.0,0.0,0.0,0.0,0.0,0.0,0.0,0.0,0.0,7006.644643843409
t755,1096.09375,110.76923075,0.0,0.0,2676.382605149127,3313.61737176418,831.2332375099998,1750.24390325,0.0,0.0,0.0,0.0,0.0,0.0,0.0,0.0,0.0,9778.340098423307
t756,1096.09375,110.76923075,0.0,0.0,3973.2473109999996,4848.359299866304,1428.14371275,920.8453978702975,0.0,0.0,0.0,0.0,0.0,0.0,0.0,0.0,0.0,12377.458702236601
t757,1077.75030242,110.76923075,0.0,0.0,3973.2473109999996,1811.0355299702396,1428.14371275,1208.1014709986916,0.0,0.0,0.0,0.0,0.0,0.0,0.0,0.0,0.0,9609.04755788893
t758,0.0,23.967308845621766,1458.0000000000002,0.0,3973.2473109999996,774.0390184392413,838.19221062,0.0,0.0,0.0,0.0,0.0,0.0,0.0,0.0,0.0,0.0,7067.445848904863
t759,77.98751697999934,0.0,0.0,0.0,0.0,1691.48650850673,629.8892216254083,0.0,0.0,0.0,0.0,0.0,0.0,0.0,0.0,0.0,0.0,2399.3632471121373
t760,0.0,0.0,0.0,0.0,1523.8987764401584,0.0,0.0,0.0,0.0,0.0,0.0,0.0,0.0,0.0,0.0,0.0,0.0,1523.8987764401584
t761,0.0,0.0,0.0,0.0,0.0,0.0,0.0,0.0,0.0,0.0,0.0,0.0,0.0,0.0,0.0,0.0,0.0,0.0
t762,0.0,0.0,0.0,0.0,0.0,0.0,0.0,0.0,0.0,0.0,0.0,0.0,0.0,0.0,0.0,0.0,0.0,0.0
t763,0.0,0.0,0.0,0.0,0.0,0.0,0.0,0.0,0.0,0.0,0.0,0.0,0.0,0.0,0.0,0.0,0.0,0.0
t764,0.0,0.0,0.0,0.0,0.0,0.0,0.0,0.0,0.0,0.0,0.0,0.0,0.0,0.0,0.0,0.0,0.0,0.0
t765,0.0,0.0,0.0,0.0,0.0,0.0,0.0,0.0,0.0,0.0,0.0,0.0,0.0,0.0,0.0,0.0,0.0,0.0
t766,0.0,0.0,0.0,0.0,0.0,0.0,0.0,0.0,0.0,0.0,0.0,0.0,0.0,0.0,0.0,0.0,0.0,0.0
t767,0.0,0.0,0.0,0.0,0.0,0.0,0.0,0.0,0.0,0.0,0.0,0.0,0.0,0.0,0.0,0.0,0.0,0.0
t768,0.0,0.0,0.0,0.0,0.0,0.0,0.0,0.0,0.0,0.0,0.0,0.0,0.0,0.0,0.0,0.0,0.0,0.0
t769,0.0,0.0,0.0,0.0,0.0,0.0,0.0,0.0,0.0,0.0,0.0,0.0,0.0,0.0,0.0,0.0,0.0,0.0
t770,0.0,0.0,0.0,0.0,0.0,0.0,0.0,0.0,0.0,0.0,0.0,0.0,0.0,0.0,0.0,0.0,0.0,0.0
t771,0.0,0.0,0.0,0.0,0.0,0.0,0.0,0.0,0.0,0.0,0.0,0.0,0.0,0.0,0.0,0.0,0.0,0.0
t772,0.0,0.0,0.0,0.0,0.0,0.0,0.0,0.0,0.0,0.0,0.0,0.0,0.0,0.0,0.0,0.0,0.0,0.0
t773,0.0,0.0,0.0,0.0,0.0,0.0,0.0,0.0,0.0,0.0,0.0,0.0,0.0,0.0,0.0,0.0,0.0,0.0
t774,0.0,0.0,0.0,0.0,0.0,0.0,0.0,0.0,0.0,0.0,0.0,0.0,0.0,0.0,0.0,0.0,0.0,0.0
t775,0.0,0.0,0.0,0.0,0.0,0.0,0.0,0.0,0.0,0.0,0.0,0.0,0.0,0.0,0.0,0.0,0.0,0.0
t776,0.0,0.0,0.0,0.0,0.0,0.0,0.0,0.0,0.0,0.0,0.0,0.0,0.0,0.0,0.0,0.0,0.0,0.0
t777,0.0,0.0,0.0,0.0,0.0,0.0,0.0,1623.2947387841073,0.0,0.0,0.0,0.0,0.0,0.0,0.0,0.0,0.0,1623.2947387841073
t778,0.0,110.76923075,0.0,0.0,0.0,1654.7216789253537,697.0540434400006,1750.24390325,0.0,0.0,0.0,0.0,0.0,0.0,0.0,0.0,0.0,4212.788856365354
t779,1096.09375,39.65343959562189,0.0,0.0,180.33831153999836,2681.076374373062,531.325455886416,1750.24390325,0.0,0.0,0.0,0.0,0.0,0.0,0.0,0.0,0.0,6278.731234645098
t780,1096.09375,110.76923075,238.5208069799999,0.0,2273.5620736700007,2515.8336486995977,1428.14371275,0.0,0.0,0.0,0.0,0.0,0.0,0.0,0.0,0.0,0.0,7662.9232228495985
t781,0.0,0.0,634.5518518700003,0.0,3464.3602103481803,3653.2008195861467,1428.14371275,0.0,0.0,0.0,0.0,0.0,0.0,0.0,0.0,0.0,0.0,9180.256594554327
t782,1096.09375,110.76923075,1458.0000000000002,0.0,3973.2473109999996,5567.245079369952,0.0,1750.24390325,0.0,0.0,0.0,0.0,0.0,0.0,0.0,0.0,0.0,13955.599274369952
t783,1096.09375,95.08309999999992,990.8120700900004,0.0,3973.2473109999996,4690.095820434727,1428.14371275,0.0,0.0,0.0,0.0,0.0,0.0,0.0,0.0,0.0,0.0,12273.475764274726
t784,237.16349072872544,0.0,250.15036643999966,0.0,2887.9316588799984,2976.1981329159835,508.77386536081224,505.6521300848834,0.0,0.0,0.0,0.0,0.0,0.0,0.0,0.0,0.0,7365.8696444104025
t785,0.0,0.0,0.0,0.0,0.0,0.0,0.0,0.0,0.0,0.0,0.0,0.0,0.0,0.0,0.0,0.0,0.0,0.0
t786,0.0,0.0,0.0,0.0,0.0,0.0,0.0,0.0,0.0,0.0,0.0,0.0,0.0,0.0,0.0,0.0,0.0,0.0
t787,0.0,0.0,0.0,0.0,0.0,0.0,0.0,0.0,0.0,0.0,0.0,0.0,0.0,0.0,0.0,0.0,0.0,0.0
t788,0.0,0.0,0.0,0.0,0.0,0.0,0.0,0.0,0.0,0.0,0.0,0.0,0.0,0.0,0.0,0.0,0.0,0.0
t789,0.0,0.0,0.0,0.0,0.0,0.0,0.0,0.0,0.0,0.0,0.0,0.0,0.0,0.0,0.0,0.0,0.0,0.0
t790,0.0,0.0,0.0,0.0,0.0,0.0,0.0,0.0,0.0,0.0,0.0,0.0,0.0,0.0,0.0,0.0,0.0,0.0
t791,0.0,0.0,0.0,0.0,0.0,0.0,0.0,0.0,0.0,0.0,0.0,0.0,0.0,0.0,0.0,0.0,0.0,0.0
t792,0.0,0.0,0.0,0.0,0.0,0.0,0.0,0.0,0.0,0.0,0.0,0.0,0.0,0.0,0.0,0.0,0.0,0.0
t793,0.0,0.0,0.0,0.0,0.0,0.0,0.0,0.0,0.0,0.0,0.0,0.0,0.0,0.0,0.0,0.0,0.0,0.0
t794,0.0,0.0,0.0,0.0,0.0,0.0,0.0,0.0,0.0,0.0,0.0,0.0,0.0,0.0,0.0,0.0,0.0,0.0
t795,0.0,0.0,0.0,0.0,0.0,0.0,0.0,0.0,0.0,0.0,0.0,0.0,0.0,0.0,0.0,0.0,0.0,0.0
t796,0.0,0.0,0.0,0.0,0.0,0.0,0.0,0.0,0.0,0.0,0.0,0.0,0.0,0.0,0.0,0.0,0.0,0.0
t797,0.0,0.0,0.0,0.0,0.0,0.0,0.0,0.0,0.0,0.0,0.0,0.0,0.0,0.0,0.0,0.0,0.0,0.0
t798,0.0,0.0,0.0,0.0,0.0,0.0,0.0,0.0,0.0,0.0,0.0,0.0,0.0,0.0,0.0,0.0,0.0,0.0
t799,0.0,0.0,0.0,0.0,0.0,0.0,0.0,0.0,0.0,0.0,0.0,0.0,0.0,0.0,0.0,0.0,0.0,0.0
t800,94.0031056292614,0.0,0.0,0.0,0.0,0.0,269.8171120371707,0.0,0.0,0.0,0.0,0.0,0.0,0.0,0.0,0.0,0.0,363.8202176664321
t801,143.16038509946358,110.76923075,0.0,0.0,0.0,2659.16228143906,0.0,1371.530951611082,0.0,0.0,0.0,0.0,0.0,0.0,0.0,0.0,0.0,4284.622848899606
t802,1096.09375,110.76923075,1051.8034251777644,0.0,3373.9472202235725,4520.964926454859,0.0,1622.2278436586207,0.0,0.0,0.0,0.0,0.0,0.0,0.0,0.0,0.0,11775.806396264816
t803,1096.09375,0.0,1363.2845333727519,0.0,1911.1507196925393,4820.178757339215,1428.14371275,1750.24390325,0.0,0.0,0.0,0.0,0.0,0.0,0.0,0.0,0.0,12369.095376404506
t804,1096.09375,110.76923075,310.70155501541456,0.0,1626.798074534827,6734.3986966253115,603.4827893549076,1750.24390325,0.0,0.0,0.0,0.0,0.0,0.0,0.0,0.0,0.0,12232.487999530462
t805,0.0,76.96612672562176,1458.0000000000002,0.0,3973.2473109999996,0.0,603.4615761848308,672.2486579109348,0.0,0.0,0.0,0.0,0.0,0.0,0.0,0.0,0.0,6783.923671821387
t806,0.0,0.0,691.1235725659218,0.0,512.8222228932141,6678.652583274503,1428.14371275,213.18331893835386,0.0,0.0,0.0,0.0,0.0,0.0,0.0,0.0,0.0,9523.925410421993
t807,1096.09375,57.77041287000001,242.7872826634141,0.0,1381.4740170940247,6369.726179827543,1189.45689283,0.0,0.0,0.0,0.0,0.0,0.0,0.0,0.0,0.0,0.0,10337.308535284981
t808,0.0,0.0,1029.7693339399996,0.0,3973.2473109999996,1041.3690001383027,499.0787070303194,0.0,0.0,0.0,0.0,0.0,0.0,0.0,0.0,0.0,0.0,6543.464352108622
t809,0.0,0.0,0.0,0.0,0.0,0.0,0.0,0.0,0.0,0.0,0.0,0.0,0.0,0.0,0.0,0.0,0.0,0.0
t810,0.0,0.0,0.0,0.0,0.0,0.0,0.0,0.0,0.0,0.0,0.0,0.0,0.0,0.0,0.0,0.0,0.0,0.0
t811,0.0,0.0,0.0,0.0,0.0,0.0,0.0,0.0,0.0,0.0,0.0,0.0,0.0,0.0,0.0,0.0,0.0,0.0
t812,0.0,0.0,0.0,0.0,0.0,0.0,0.0,0.0,0.0,0.0,0.0,0.0,0.0,0.0,0.0,0.0,0.0,0.0
t813,0.0,0.0,0.0,0.0,0.0,0.0,0.0,0.0,0.0,0.0,0.0,0.0,0.0,0.0,0.0,0.0,0.0,0.0
t814,0.0,0.0,0.0,0.0,0.0,0.0,0.0,0.0,0.0,0.0,0.0,0.0,0.0,0.0,0.0,0.0,0.0,0.0
t815,0.0,0.0,0.0,0.0,0.0,0.0,0.0,0.0,0.0,0.0,0.0,0.0,0.0,0.0,0.0,0.0,0.0,0.0
t816,0.0,0.0,0.0,0.0,0.0,0.0,0.0,0.0,0.0,0.0,0.0,0.0,0.0,0.0,0.0,0.0,0.0,0.0
t817,0.0,0.0,0.0,0.0,0.0,0.0,0.0,0.0,0.0,0.0,0.0,0.0,0.0,0.0,0.0,0.0,0.0,0.0
t818,0.0,0.0,0.0,0.0,0.0,0.0,0.0,0.0,0.0,0.0,0.0,0.0,0.0,0.0,0.0,0.0,0.0,0.0
t819,0.0,0.0,0.0,0.0,0.0,0.0,0.0,0.0,0.0,0.0,0.0,0.0,0.0,0.0,0.0,0.0,0.0,0.0
t820,0.0,0.0,0.0,0.0,0.0,0.0,0.0,0.0,0.0,0.0,0.0,0.0,0.0,0.0,0.0,0.0,0.0,0.0
t821,0.0,0.0,0.0,0.0,0.0,0.0,0.0,0.0,0.0,0.0,0.0,0.0,0.0,0.0,0.0,0.0,0.0,0.0
t822,0.0,0.0,0.0,0.0,0.0,0.0,0.0,0.0,0.0,0.0,0.0,0.0,0.0,0.0,0.0,0.0,0.0,0.0
t823,0.0,0.0,0.0,0.0,0.0,0.0,0.0,0.0,0.0,0.0,0.0,0.0,0.0,0.0,0.0,0.0,0.0,0.0
t824,101.92619610872546,0.0,735.7662557490463,0.0,0.0,1133.2650406893486,0.0,410.1313831425364,0.0,0.0,0.0,0.0,0.0,0.0,0.0,0.0,0.0,2381.0888756896566
t825,0.0,101.22451286999996,0.0,0.0,420.9173751875031,4718.396527169094,0.0,798.153905043911,0.0,0.0,0.0,0.0,0.0,0.0,0.0,0.0,0.0,6038.6923202705075
t826,1096.09375,62.86724460562194,1001.8529838785355,0.0,672.2090741108034,5002.652644853045,1111.0966949572298,1387.9264236988681,0.0,0.0,0.0,0.0,0.0,0.0,0.0,0.0,0.0,10334.698816104103
t827,1096.09375,0.0,1458.0000000000002,0.0,3973.2473109999996,5955.401870281528,1049.25390376,1734.9520683145072,0.0,0.0,0.0,0.0,0.0,0.0,0.0,0.0,0.0,15266.948903356035
t828,135.2372946199994,110.76923075,1458.0000000000002,0.0,3973.2473109999996,6474.047482239999,1186.12143628,1504.3243197343172,0.0,0.0,0.0,0.0,0.0,0.0,0.0,0.0,0.0,14841.747074624316
t829,1096.09375,110.76923075,665.8954193603776,0.0,436.92810915205183,7384.42786501861,1296.0353288,1050.9534430514757,0.0,0.0,0.0,0.0,0.0,0.0,0.0,0.0,0.0,12041.103146132515
t830,1096.09375,81.41401286999988,305.5079523999996,0.0,3973.2473109999996,2156.2609948471627,1223.9013070600001,493.23703563337415,0.0,0.0,0.0,0.0,0.0,0.0,0.0,0.0,0.0,9329.662363810536
t831,0.0,0.0,522.4470913473074,0.0,3302.890384987819,0.0,155.17583208000008,0.0,0.0,0.0,0.0,0.0,0.0,0.0,0.0,0.0,0.0,3980.513308415126
t832,0.0,0.0,0.0,0.0,0.0,0.0,0.0,0.0,0.0,0.0,0.0,0.0,0.0,0.0,0.0,0.0,0.0,0.0
t833,0.0,0.0,0.0,0.0,0.0,0.0,0.0,0.0,0.0,0.0,0.0,0.0,0.0,0.0,0.0,0.0,0.0,0.0
t834,0.0,0.0,0.0,0.0,0.0,0.0,0.0,0.0,0.0,0.0,0.0,0.0,0.0,0.0,0.0,0.0,0.0,0.0
t835,0.0,0.0,0.0,0.0,0.0,0.0,0.0,0.0,0.0,0.0,0.0,0.0,0.0,0.0,0.0,0.0,0.0,0.0
t836,0.0,0.0,0.0,0.0,0.0,0.0,0.0,0.0,0.0,0.0,0.0,0.0,0.0,0.0,0.0,0.0,0.0,0.0
t837,0.0,0.0,0.0,0.0,0.0,0.0,0.0,0.0,0.0,0.0,0.0,0.0,0.0,0.0,0.0,0.0,0.0,0.0
t838,0.0,0.0,0.0,0.0,0.0,0.0,0.0,0.0,0.0,0.0,0.0,0.0,0.0,0.0,0.0,0.0,0.0,0.0
t839,0.0,0.0,0.0,0.0,0.0,0.0,0.0,0.0,0.0,0.0,0.0,0.0,0.0,0.0,0.0,0.0,0.0,0.0
t840,0.0,0.0,0.0,0.0,0.0,0.0,0.0,0.0,0.0,0.0,0.0,0.0,0.0,0.0,0.0,0.0,0.0,0.0
t841,0.0,0.0,0.0,0.0,0.0,0.0,0.0,0.0,0.0,0.0,0.0,0.0,0.0,0.0,0.0,0.0,0.0,0.0
t842,0.0,0.0,0.0,0.0,0.0,0.0,0.0,0.0,0.0,0.0,0.0,0.0,0.0,0.0,0.0,0.0,0.0,0.0
t843,0.0,0.0,0.0,0.0,0.0,0.0,0.0,0.0,0.0,0.0,0.0,0.0,0.0,0.0,0.0,0.0,0.0,0.0
t844,0.0,0.0,0.0,0.0,0.0,0.0,0.0,0.0,0.0,0.0,0.0,0.0,0.0,0.0,0.0,0.0,0.0,0.0
t845,0.0,0.0,0.0,0.0,0.0,0.0,0.0,0.0,0.0,0.0,0.0,0.0,0.0,0.0,0.0,0.0,0.0,0.0
t846,0.0,0.0,0.0,0.0,0.0,0.0,0.0,0.0,0.0,0.0,0.0,0.0,0.0,0.0,0.0,0.0,0.0,0.0
t847,0.0,0.0,0.0,0.0,0.0,0.0,0.0,0.0,0.0,0.0,0.0,0.0,0.0,0.0,0.0,0.0,0.0,0.0
t848,0.0,0.0,0.0,0.0,0.0,0.0,0.0,0.0,0.0,0.0,0.0,0.0,0.0,0.0,0.0,0.0,0.0,0.0
t849,0.0,0.0,0.0,0.0,0.0,0.0,0.0,0.0,0.0,0.0,0.0,0.0,0.0,0.0,0.0,0.0,0.0,0.0
t850,571.565317927736,0.0,0.0,0.0,0.0,0.0,0.0,933.0901451217435,0.0,0.0,0.0,0.0,0.0,0.0,0.0,0.0,0.0,1504.6554630494795
t851,1096.09375,110.76923075,0.0,0.0,0.0,0.0,1065.2609748700002,778.4314167138879,0.0,0.0,0.0,0.0,0.0,0.0,0.0,0.0,0.0,3050.5553723338876
t852,1096.09375,106.47701287000017,0.0,0.0,57.96534590999891,2004.8963930797595,1319.4179340200003,1303.6842537237576,0.0,0.0,0.0,0.0,0.0,0.0,0.0,0.0,0.0,5888.534689603515
t853,0.0,41.60571287000009,0.0,0.0,0.0,737.7178780787456,1349.06442312,0.0,0.0,0.0,0.0,0.0,0.0,0.0,0.0,0.0,0.0,2128.3880140687456
t854,0.0,0.0,0.0,0.0,0.0,0.0,522.8192219129044,0.0,0.0,0.0,0.0,0.0,0.0,0.0,0.0,0.0,0.0,522.8192219129044
t855,0.0,0.0,0.0,0.0,0.0,0.0,0.0,0.0,0.0,0.0,0.0,0.0,0.0,0.0,0.0,0.0,0.0,0.0
t856,0.0,0.0,0.0,0.0,0.0,0.0,0.0,0.0,0.0,0.0,0.0,0.0,0.0,0.0,0.0,0.0,0.0,0.0
t857,0.0,0.0,0.0,0.0,0.0,0.0,0.0,0.0,0.0,0.0,0.0,0.0,0.0,0.0,0.0,0.0,0.0,0.0
t858,0.0,0.0,0.0,0.0,0.0,0.0,0.0,0.0,0.0,0.0,0.0,0.0,0.0,0.0,0.0,0.0,0.0,0.0
t859,0.0,0.0,0.0,0.0,0.0,0.0,0.0,0.0,0.0,0.0,0.0,0.0,0.0,0.0,0.0,0.0,0.0,0.0
t860,0.0,0.0,0.0,0.0,0.0,0.0,0.0,0.0,0.0,0.0,0.0,0.0,0.0,0.0,0.0,0.0,0.0,0.0
t861,0.0,0.0,0.0,0.0,0.0,0.0,0.0,0.0,0.0,0.0,0.0,0.0,0.0,0.0,0.0,0.0,0.0,0.0
t862,0.0,0.0,0.0,0.0,0.0,0.0,0.0,0.0,0.0,0.0,0.0,0.0,0.0,0.0,0.0,0.0,0.0,0.0
t863,0.0,0.0,0.0,0.0,0.0,0.0,0.0,0.0,0.0,0.0,0.0,0.0,0.0,0.0,0.0,0.0,0.0,0.0
t864,0.0,0.0,0.0,0.0,0.0,0.0,0.0,0.0,0.0,0.0,0.0,0.0,0.0,0.0,0.0,0.0,0.0,0.0
t865,0.0,0.0,0.0,0.0,0.0,0.0,0.0,0.0,0.0,0.0,0.0,0.0,0.0,0.0,0.0,0.0,0.0,0.0
t866,0.0,0.0,0.0,0.0,0.0,0.0,0.0,0.0,0.0,0.0,0.0,0.0,0.0,0.0,0.0,0.0,0.0,0.0
t867,0.0,0.0,0.0,0.0,0.0,0.0,0.0,0.0,0.0,0.0,0.0,0.0,0.0,0.0,0.0,0.0,0.0,0.0
t868,0.0,0.0,0.0,0.0,0.0,0.0,0.0,0.0,0.0,0.0,0.0,0.0,0.0,0.0,0.0,0.0,0.0,0.0
t869,0.0,0.0,0.0,0.0,0.0,0.0,0.0,0.0,0.0,0.0,0.0,0.0,0.0,0.0,0.0,0.0,0.0,0.0
t870,0.0,0.0,0.0,0.0,0.0,0.0,0.0,0.0,0.0,0.0,0.0,0.0,0.0,0.0,0.0,0.0,0.0,0.0
t871,0.0,0.0,0.0,0.0,0.0,0.0,0.0,0.0,0.0,0.0,0.0,0.0,0.0,0.0,0.0,0.0,0.0,0.0
t872,0.0,0.0,0.0,0.0,0.0,0.0,0.0,0.0,0.0,0.0,0.0,0.0,0.0,0.0,0.0,0.0,0.0,0.0
t873,0.0,0.0,0.0,0.0,0.0,0.0,0.0,0.0,0.0,0.0,0.0,0.0,0.0,0.0,0.0,0.0,0.0,0.0
t874,0.0,0.0,0.0,0.0,0.0,0.0,0.0,0.0,0.0,0.0,0.0,0.0,0.0,0.0,0.0,0.0,0.0,0.0
t875,0.0,0.0,0.0,0.0,0.0,0.0,0.0,0.0,0.0,0.0,0.0,0.0,0.0,0.0,0.0,0.0,0.0,0.0
t876,0.0,0.0,0.0,0.0,0.0,0.0,0.0,0.0,0.0,0.0,0.0,0.0,0.0,0.0,0.0,0.0,0.0,0.0
t877,0.0,0.0,0.0,0.0,0.0,0.0,0.0,0.0,0.0,0.0,0.0,0.0,0.0,0.0,0.0,0.0,0.0,0.0
t878,0.0,0.0,0.0,0.0,0.0,0.0,0.0,0.0,0.0,0.0,0.0,0.0,0.0,0.0,0.0,0.0,0.0,0.0
t879,0.0,0.0,0.0,0.0,0.0,0.0,0.0,0.0,0.0,0.0,0.0,0.0,0.0,0.0,0.0,0.0,0.0,0.0
t880,0.0,0.0,0.0,0.0,0.0,0.0,0.0,0.0,0.0,0.0,0.0,0.0,0.0,0.0,0.0,0.0,0.0,0.0
t881,0.0,0.0,0.0,0.0,0.0,0.0,0.0,0.0,0.0,0.0,0.0,0.0,0.0,0.0,0.0,0.0,0.0,0.0
t882,0.0,0.0,0.0,0.0,0.0,0.0,0.0,0.0,0.0,0.0,0.0,0.0,0.0,0.0,0.0,0.0,0.0,0.0
t883,0.0,0.0,0.0,0.0,0.0,0.0,0.0,0.0,0.0,0.0,0.0,0.0,0.0,0.0,0.0,0.0,0.0,0.0
t884,0.0,0.0,0.0,0.0,0.0,0.0,0.0,0.0,0.0,0.0,0.0,0.0,0.0,0.0,0.0,0.0,0.0,0.0
t885,0.0,0.0,0.0,0.0,0.0,0.0,0.0,0.0,0.0,0.0,0.0,0.0,0.0,0.0,0.0,0.0,0.0,0.0
t886,0.0,0.0,0.0,0.0,0.0,0.0,0.0,0.0,0.0,0.0,0.0,0.0,0.0,0.0,0.0,0.0,0.0,0.0
t887,0.0,0.0,0.0,0.0,0.0,0.0,0.0,0.0,0.0,0.0,0.0,0.0,0.0,0.0,0.0,0.0,0.0,0.0
t888,0.0,0.0,0.0,0.0,0.0,0.0,0.0,0.0,0.0,0.0,0.0,0.0,0.0,0.0,0.0,0.0,0.0,0.0
t889,0.0,0.0,0.0,0.0,0.0,0.0,0.0,0.0,0.0,0.0,0.0,0.0,0.0,0.0,0.0,0.0,0.0,0.0
t890,0.0,0.0,0.0,0.0,0.0,0.0,0.0,0.0,0.0,0.0,0.0,0.0,0.0,0.0,0.0,0.0,0.0,0.0
t891,0.0,0.0,0.0,0.0,0.0,0.0,0.0,0.0,0.0,0.0,0.0,0.0,0.0,0.0,0.0,0.0,0.0,0.0
t892,0.0,0.0,0.0,0.0,0.0,0.0,0.0,0.0,0.0,0.0,0.0,0.0,0.0,0.0,0.0,0.0,0.0,0.0
t893,0.0,0.0,0.0,0.0,0.0,0.0,0.0,0.0,0.0,0.0,0.0,0.0,0.0,0.0,0.0,0.0,0.0,0.0
t894,0.0,0.0,0.0,0.0,0.0,0.0,0.0,0.0,0.0,0.0,0.0,0.0,0.0,0.0,0.0,0.0,0.0,0.0
t895,0.0,0.0,0.0,0.0,0.0,0.0,0.0,0.0,0.0,0.0,0.0,0.0,0.0,0.0,0.0,0.0,0.0,0.0
t896,0.0,0.0,0.0,0.0,0.0,0.0,0.0,0.0,0.0,0.0,0.0,0.0,0.0,0.0,0.0,0.0,0.0,0.0
t897,0.0,0.0,0.0,0.0,0.0,0.0,0.0,0.0,0.0,0.0,0.0,0.0,0.0,0.0,0.0,0.0,0.0,0.0
t898,0.0,0.0,0.0,0.0,0.0,0.0,0.0,0.0,0.0,0.0,0.0,0.0,0.0,0.0,0.0,0.0,0.0,0.0
t899,0.0,0.0,0.0,0.0,0.0,0.0,0.0,0.0,0.0,0.0,0.0,0.0,0.0,0.0,0.0,0.0,0.0,0.0
t900,0.0,110.76923075,0.0,0.0,0.0,797.8733551081829,1428.14371275,1211.0192992903044,0.0,0.0,0.0,0.0,0.0,0.0,0.0,0.0,0.0,3547.805597898487
t901,0.0,110.76923075,0.0,0.0,0.0,760.541730297048,1428.14371275,1750.24390325,0.0,0.0,0.0,0.0,0.0,0.0,0.0,0.0,0.0,4049.6985770470483
t902,1096.09375,110.76923075,0.0,0.0,0.0,3868.239362705059,1428.14371275,1750.24390325,0.0,0.0,0.0,0.0,0.0,0.0,0.0,0.0,0.0,8253.489959455059
t903,1096.09375,110.76923075,0.0,0.0,0.0,3326.201366620127,1428.14371275,1750.24390325,0.0,0.0,0.0,0.0,0.0,0.0,0.0,0.0,0.0,7711.451963370127
t904,1096.09375,23.967308845621766,0.0,0.0,0.0,1211.667667402926,309.00965193722914,742.964146815773,0.0,0.0,0.0,0.0,0.0,0.0,0.0,0.0,0.0,3383.70252500155
t905,0.0,0.0,0.0,0.0,0.0,0.0,0.0,0.0,0.0,0.0,0.0,0.0,0.0,0.0,0.0,0.0,0.0,0.0
t906,0.0,0.0,0.0,0.0,0.0,0.0,0.0,0.0,0.0,0.0,0.0,0.0,0.0,0.0,0.0,0.0,0.0,0.0
t907,0.0,0.0,0.0,0.0,0.0,0.0,0.0,0.0,0.0,0.0,0.0,0.0,0.0,0.0,0.0,0.0,0.0,0.0
t908,0.0,0.0,0.0,0.0,0.0,0.0,0.0,0.0,0.0,0.0,0.0,0.0,0.0,0.0,0.0,0.0,0.0,0.0
t909,0.0,0.0,0.0,0.0,0.0,0.0,0.0,0.0,0.0,0.0,0.0,0.0,0.0,0.0,0.0,0.0,0.0,0.0
t910,0.0,0.0,0.0,0.0,0.0,0.0,0.0,0.0,0.0,0.0,0.0,0.0,0.0,0.0,0.0,0.0,0.0,0.0
t911,0.0,0.0,0.0,0.0,0.0,0.0,0.0,0.0,0.0,0.0,0.0,0.0,0.0,0.0,0.0,0.0,0.0,0.0
t912,0.0,0.0,0.0,0.0,0.0,0.0,0.0,0.0,0.0,0.0,0.0,0.0,0.0,0.0,0.0,0.0,0.0,0.0
t913,0.0,0.0,0.0,0.0,0.0,0.0,0.0,0.0,0.0,0.0,0.0,0.0,0.0,0.0,0.0,0.0,0.0,0.0
t914,0.0,0.0,0.0,0.0,0.0,0.0,0.0,0.0,0.0,0.0,0.0,0.0,0.0,0.0,0.0,0.0,0.0,0.0
t915,0.0,0.0,0.0,0.0,0.0,0.0,0.0,0.0,0.0,0.0,0.0,0.0,0.0,0.0,0.0,0.0,0.0,0.0
t916,0.0,0.0,0.0,0.0,0.0,0.0,0.0,0.0,0.0,0.0,0.0,0.0,0.0,0.0,0.0,0.0,0.0,0.0
t917,0.0,0.0,0.0,0.0,0.0,0.0,0.0,0.0,0.0,0.0,0.0,0.0,0.0,0.0,0.0,0.0,0.0,0.0
t918,0.0,0.0,0.0,0.0,0.0,0.0,0.0,0.0,0.0,0.0,0.0,0.0,0.0,0.0,0.0,0.0,0.0,0.0
t919,0.0,0.0,0.0,0.0,0.0,0.0,0.0,0.0,0.0,0.0,0.0,0.0,0.0,0.0,0.0,0.0,0.0,0.0
t920,0.0,0.0,0.0,0.0,0.0,0.0,0.0,0.0,0.0,0.0,0.0,0.0,0.0,0.0,0.0,0.0,0.0,0.0
t921,369.300400158109,0.0,0.0,0.0,0.0,0.0,0.0,447.68662381138904,0.0,0.0,0.0,0.0,0.0,0.0,0.0,0.0,0.0,816.9870239694981
t922,0.0,91.59184460562193,479.4222821099999,0.0,0.0,4252.407569830148,792.9043115672287,882.5477498695652,0.0,0.0,0.0,0.0,0.0,0.0,0.0,0.0,0.0,6498.873757982563
t923,1096.09375,0.0,1339.89362689,0.0,0.0,4459.1146542971865,810.8959936900002,1750.24390325,0.0,0.0,0.0,0.0,0.0,0.0,0.0,0.0,0.0,9456.241928127187
t924,0.0,110.76923075,1458.0000000000002,0.0,1024.2328574500007,257.7438446323499,1029.92247701,978.6397840736756,0.0,0.0,0.0,0.0,0.0,0.0,0.0,0.0,0.0,4859.3081939160265
t925,963.9568405706159,110.76923075,828.5257548255577,0.0,0.0,7785.0,1222.0696677100004,1750.24390325,0.0,0.0,0.0,0.0,0.0,0.0,0.0,0.0,0.0,12660.565397106175
t926,1096.09375,98.51571286999999,380.0234028454772,0.0,2240.6010831800013,7785.0,1151.63999052,1086.944256049411,0.0,0.0,0.0,0.0,0.0,0.0,0.0,0.0,0.0,13838.81819546489
t927,1096.09375,55.39821286999985,370.7574509588043,0.0,2473.50041176,5725.318688099113,830.71711869,483.3723583149494,0.0,0.0,0.0,0.0,0.0,0.0,0.0,0.0,0.0,11035.157990692867
t928,0.0,0.0,739.0842387399997,0.0,1450.276043780001,2559.8676682399973,183.43494375000026,0.0,0.0,0.0,0.0,0.0,0.0,0.0,0.0,0.0,0.0,4932.662894509998
t929,0.0,0.0,0.0,0.0,0.0,0.0,0.0,0.0,0.0,0.0,0.0,0.0,0.0,0.0,0.0,0.0,0.0,0.0
t930,0.0,0.0,0.0,0.0,0.0,0.0,0.0,0.0,0.0,0.0,0.0,0.0,0.0,0.0,0.0,0.0,0.0,0.0
t931,0.0,0.0,0.0,0.0,0.0,0.0,0.0,0.0,0.0,0.0,0.0,0.0,0.0,0.0,0.0,0.0,0.0,0.0
t932,0.0,0.0,0.0,0.0,0.0,0.0,0.0,0.0,0.0,0.0,0.0,0.0,0.0,0.0,0.0,0.0,0.0,0.0
t933,0.0,0.0,0.0,0.0,0.0,0.0,0.0,0.0,0.0,0.0,0.0,0.0,0.0,0.0,0.0,0.0,0.0,0.0
t934,0.0,0.0,0.0,0.0,0.0,0.0,0.0,0.0,0.0,0.0,0.0,0.0,0.0,0.0,0.0,0.0,0.0,0.0
t935,0.0,0.0,0.0,0.0,0.0,0.0,0.0,0.0,0.0,0.0,0.0,0.0,0.0,0.0,0.0,0.0,0.0,0.0
t936,0.0,0.0,0.0,0.0,0.0,0.0,0.0,0.0,0.0,0.0,0.0,0.0,0.0,0.0,0.0,0.0,0.0,0.0
t937,0.0,0.0,0.0,0.0,0.0,0.0,0.0,0.0,0.0,0.0,0.0,0.0,0.0,0.0,0.0,0.0,0.0,0.0
t938,0.0,0.0,0.0,0.0,0.0,0.0,0.0,0.0,0.0,0.0,0.0,0.0,0.0,0.0,0.0,0.0,0.0,0.0
t939,0.0,0.0,0.0,0.0,0.0,0.0,0.0,0.0,0.0,0.0,0.0,0.0,0.0,0.0,0.0,0.0,0.0,0.0
t940,0.0,0.0,0.0,0.0,0.0,0.0,0.0,0.0,0.0,0.0,0.0,0.0,0.0,0.0,0.0,0.0,0.0,0.0
t941,0.0,0.0,0.0,0.0,0.0,0.0,0.0,0.0,0.0,0.0,0.0,0.0,0.0,0.0,0.0,0.0,0.0,0.0
t942,0.0,0.0,0.0,0.0,0.0,0.0,0.0,0.0,0.0,0.0,0.0,0.0,0.0,0.0,0.0,0.0,0.0,0.0
t943,0.0,0.0,0.0,0.0,0.0,0.0,0.0,0.0,0.0,0.0,0.0,0.0,0.0,0.0,0.0,0.0,0.0,0.0
t944,0.0,0.0,0.0,0.0,0.0,0.0,0.0,992.0407109081473,0.0,0.0,0.0,0.0,0.0,0.0,0.0,0.0,0.0,992.0407109081473
t945,0.0,110.76923075,0.0,0.0,0.0,680.9865983417018,358.5089857300001,104.2263167559514,0.0,0.0,0.0,0.0,0.0,0.0,0.0,0.0,0.0,1254.4911315776533
t946,237.16349072872498,0.0,0.0,0.0,0.0,3512.351472891942,672.4325679109144,1750.24390325,0.0,0.0,0.0,0.0,0.0,0.0,0.0,0.0,0.0,6172.191434781581
t947,1096.09375,110.76923075,0.0,0.0,0.0,4146.5872594075545,1090.5768738999398,473.3052369645594,0.0,0.0,0.0,0.0,0.0,0.0,0.0,0.0,0.0,6917.332351022053
t948,1096.09375,98.86602672562195,0.0,0.0,0.0,4892.737339359877,1407.6119911263759,1750.24390325,0.0,0.0,0.0,0.0,0.0,0.0,0.0,0.0,0.0,9245.553010461876
t949,1096.09375,110.76923075,0.0,0.0,0.0,4712.9899096091485,1184.62377179,559.3746042403318,0.0,0.0,0.0,0.0,0.0,0.0,0.0,0.0,0.0,7663.851266389481
t950,1096.09375,35.870512869999814,0.0,0.0,0.0,92.94532326922597,1307.8303124800002,1750.24390325,0.0,0.0,0.0,0.0,0.0,0.0,0.0,0.0,0.0,4282.983801869226
t951,0.0,0.0,0.0,0.0,0.0,0.0,0.0,0.0,0.0,0.0,0.0,0.0,0.0,0.0,0.0,0.0,0.0,0.0
t952,0.0,0.0,0.0,0.0,0.0,0.0,0.0,0.0,0.0,0.0,0.0,0.0,0.0,0.0,0.0,0.0,0.0,0.0
t953,0.0,0.0,0.0,0.0,0.0,0.0,0.0,0.0,0.0,0.0,0.0,0.0,0.0,0.0,0.0,0.0,0.0,0.0
t954,0.0,0.0,0.0,0.0,0.0,0.0,0.0,0.0,0.0,0.0,0.0,0.0,0.0,0.0,0.0,0.0,0.0,0.0
t955,0.0,0.0,0.0,0.0,0.0,0.0,0.0,0.0,0.0,0.0,0.0,0.0,0.0,0.0,0.0,0.0,0.0,0.0
t956,0.0,0.0,0.0,0.0,0.0,0.0,0.0,0.0,0.0,0.0,0.0,0.0,0.0,0.0,0.0,0.0,0.0,0.0
t957,0.0,0.0,0.0,0.0,0.0,0.0,0.0,0.0,0.0,0.0,0.0,0.0,0.0,0.0,0.0,0.0,0.0,0.0
t958,0.0,0.0,0.0,0.0,0.0,0.0,0.0,0.0,0.0,0.0,0.0,0.0,0.0,0.0,0.0,0.0,0.0,0.0
t959,0.0,0.0,0.0,0.0,0.0,0.0,0.0,0.0,0.0,0.0,0.0,0.0,0.0,0.0,0.0,0.0,0.0,0.0
t960,0.0,0.0,0.0,0.0,0.0,0.0,0.0,0.0,0.0,0.0,0.0,0.0,0.0,0.0,0.0,0.0,0.0,0.0
t961,0.0,0.0,0.0,0.0,0.0,0.0,0.0,0.0,0.0,0.0,0.0,0.0,0.0,0.0,0.0,0.0,0.0,0.0
t962,0.0,0.0,0.0,0.0,0.0,0.0,0.0,0.0,0.0,0.0,0.0,0.0,0.0,0.0,0.0,0.0,0.0,0.0
t963,0.0,0.0,0.0,0.0,0.0,0.0,0.0,0.0,0.0,0.0,0.0,0.0,0.0,0.0,0.0,0.0,0.0,0.0
t964,0.0,0.0,0.0,0.0,0.0,0.0,0.0,0.0,0.0,0.0,0.0,0.0,0.0,0.0,0.0,0.0,0.0,0.0
t965,0.0,0.0,0.0,0.0,0.0,0.0,0.0,0.0,0.0,0.0,0.0,0.0,0.0,0.0,0.0,0.0,0.0,0.0
t966,0.0,0.0,0.0,0.0,0.0,0.0,0.0,0.0,0.0,0.0,0.0,0.0,0.0,0.0,0.0,0.0,0.0,0.0
t967,0.0,0.0,0.0,0.0,0.0,0.0,0.0,0.0,0.0,0.0,0.0,0.0,0.0,0.0,0.0,0.0,0.0,0.0
t968,0.0,0.0,0.0,0.0,0.0,0.0,0.0,0.0,0.0,0.0,0.0,0.0,0.0,0.0,0.0,0.0,0.0,0.0
t969,0.0,0.0,0.0,0.0,0.0,0.0,0.0,0.0,0.0,0.0,0.0,0.0,0.0,0.0,0.0,0.0,0.0,0.0
t970,0.0,0.0,0.0,0.0,0.0,0.0,0.0,0.0,0.0,0.0,0.0,0.0,0.0,0.0,0.0,0.0,0.0,0.0
t971,98.82669213804104,0.0,0.0,0.0,0.0,0.0,0.0,0.0,0.0,0.0,0.0,0.0,0.0,0.0,0.0,0.0,0.0,98.82669213804104
t972,1096.09375,0.0,0.0,0.0,0.0,0.0,0.0,994.8392166013082,0.0,0.0,0.0,0.0,0.0,0.0,0.0,0.0,0.0,2090.932966601308
t973,1096.09375,79.99000000000007,0.0,0.0,920.7959800999996,4416.410365908973,0.0,1750.24390325,0.0,0.0,0.0,0.0,0.0,0.0,0.0,0.0,0.0,8263.533999258972
t974,1096.09375,110.76923075,0.0,0.0,0.0,3280.0125811392645,1428.14371275,1750.24390325,0.0,0.0,0.0,0.0,0.0,0.0,0.0,0.0,0.0,7665.263177889265
t975,1096.09375,110.76923075,0.0,0.0,0.0,3761.002441412837,1428.14371275,1750.24390325,0.0,0.0,0.0,0.0,0.0,0.0,0.0,0.0,0.0,8146.253038162837
t976,138.33679859068388,0.0,0.0,0.0,0.0,0.0,0.0,0.0,0.0,0.0,0.0,0.0,0.0,0.0,0.0,0.0,0.0,138.33679859068388
t977,0.0,0.0,0.0,0.0,0.0,0.0,0.0,0.0,0.0,0.0,0.0,0.0,0.0,0.0,0.0,0.0,0.0,0.0
t978,0.0,0.0,0.0,0.0,0.0,0.0,0.0,0.0,0.0,0.0,0.0,0.0,0.0,0.0,0.0,0.0,0.0,0.0
t979,0.0,0.0,0.0,0.0,0.0,0.0,0.0,0.0,0.0,0.0,0.0,0.0,0.0,0.0,0.0,0.0,0.0,0.0
t980,0.0,0.0,0.0,0.0,0.0,0.0,0.0,0.0,0.0,0.0,0.0,0.0,0.0,0.0,0.0,0.0,0.0,0.0
t981,0.0,0.0,0.0,0.0,0.0,0.0,0.0,0.0,0.0,0.0,0.0,0.0,0.0,0.0,0.0,0.0,0.0,0.0
t982,0.0,0.0,0.0,0.0,0.0,0.0,0.0,0.0,0.0,0.0,0.0,0.0,0.0,0.0,0.0,0.0,0.0,0.0
t983,0.0,0.0,0.0,0.0,0.0,0.0,0.0,0.0,0.0,0.0,0.0,0.0,0.0,0.0,0.0,0.0,0.0,0.0
t984,0.0,0.0,0.0,0.0,0.0,0.0,0.0,0.0,0.0,0.0,0.0,0.0,0.0,0.0,0.0,0.0,0.0,0.0
t985,0.0,0.0,0.0,0.0,0.0,0.0,0.0,0.0,0.0,0.0,0.0,0.0,0.0,0.0,0.0,0.0,0.0,0.0
t986,0.0,0.0,0.0,0.0,0.0,0.0,0.0,0.0,0.0,0.0,0.0,0.0,0.0,0.0,0.0,0.0,0.0,0.0
t987,0.0,0.0,0.0,0.0,0.0,0.0,0.0,0.0,0.0,0.0,0.0,0.0,0.0,0.0,0.0,0.0,0.0,0.0
t988,0.0,0.0,0.0,0.0,0.0,0.0,0.0,0.0,0.0,0.0,0.0,0.0,0.0,0.0,0.0,0.0,0.0,0.0
t989,0.0,0.0,0.0,0.0,0.0,0.0,0.0,0.0,0.0,0.0,0.0,0.0,0.0,0.0,0.0,0.0,0.0,0.0
t990,0.0,0.0,0.0,0.0,0.0,0.0,0.0,0.0,0.0,0.0,0.0,0.0,0.0,0.0,0.0,0.0,0.0,0.0
t991,0.0,0.0,0.0,0.0,0.0,0.0,0.0,0.0,0.0,0.0,0.0,0.0,0.0,0.0,0.0,0.0,0.0,0.0
t992,0.0,29.47411287000007,0.0,0.0,0.0,136.5621407999958,0.0,1039.7753464833233,0.0,0.0,0.0,0.0,0.0,0.0,0.0,0.0,0.0,1205.8116001533192
t993,0.0,110.76923075,304.4819019699999,0.0,0.0,4027.2413959744213,440.77582709320683,0.0,0.0,0.0,0.0,0.0,0.0,0.0,0.0,0.0,0.0,4883.268355787628
t994,1070.5023605400002,11.118426725621445,969.4988007652661,0.0,620.1614524733582,3151.41750992,879.5872840219978,962.1319089356678,0.0,0.0,0.0,0.0,0.0,0.0,0.0,0.0,0.0,7664.417743381911
t995,1096.09375,0.0,978.6085716,0.0,1050.7878657744861,2574.0911659999974,1428.14371275,1750.24390325,0.0,0.0,0.0,0.0,0.0,0.0,0.0,0.0,0.0,8877.968969374484
t996,1096.09375,110.76923075,1180.9588572000002,0.0,3335.9664784762667,6203.266052514934,568.392142732024,1750.24390325,0.0,0.0,0.0,0.0,0.0,0.0,0.0,0.0,0.0,14245.690414923225
t997,1096.09375,110.76923075,1219.0839048000003,0.0,3973.2473109999996,5603.072998053535,1428.14371275,0.0,0.0,0.0,0.0,0.0,0.0,0.0,0.0,0.0,0.0,13430.410907353533
t998,262.75488018872534,70.76650000000012,1009.0381904000001,0.0,3973.2473109999996,7269.657876305082,962.1655246800001,1579.8646565910622,0.0,0.0,0.0,0.0,0.0,0.0,0.0,0.0,0.0,15127.49493916487
t999,0.0,23.377500000000218,485.79947599999986,0.0,496.90496796139917,3352.129152463491,314.37629891000006,297.418860108937,0.0,0.0,0.0,0.0,0.0,0.0,0.0,0.0,0.0,4970.006255443828
t1000,0.0,0.0,0.0,0.0,3302.3714897526665,507.0141330673342,0.0,0.0,0.0,0.0,0.0,0.0,0.0,0.0,0.0,0.0,0.0,3809.3856228200007
t1001,0.0,0.0,0.0,0.0,0.0,0.0,0.0,0.0,0.0,0.0,0.0,0.0,0.0,0.0,0.0,0.0,0.0,0.0
t1002,0.0,0.0,0.0,0.0,0.0,0.0,0.0,0.0,0.0,0.0,0.0,0.0,0.0,0.0,0.0,0.0,0.0,0.0
t1003,0.0,0.0,0.0,0.0,0.0,0.0,0.0,0.0,0.0,0.0,0.0,0.0,0.0,0.0,0.0,0.0,0.0,0.0
t1004,0.0,0.0,0.0,0.0,0.0,0.0,0.0,0.0,0.0,0.0,0.0,0.0,0.0,0.0,0.0,0.0,0.0,0.0
t1005,0.0,0.0,0.0,0.0,0.0,0.0,0.0,0.0,0.0,0.0,0.0,0.0,0.0,0.0,0.0,0.0,0.0,0.0
t1006,0.0,0.0,0.0,0.0,0.0,0.0,0.0,0.0,0.0,0.0,0.0,0.0,0.0,0.0,0.0,0.0,0.0,0.0
t1007,0.0,0.0,0.0,0.0,0.0,0.0,0.0,0.0,0.0,0.0,0.0,0.0,0.0,0.0,0.0,0.0,0.0,0.0
t1008,0.0,0.0,0.0,0.0,0.0,0.0,0.0,0.0,0.0,0.0,0.0,0.0,0.0,0.0,0.0,0.0,0.0,0.0
t1009,0.0,0.0,0.0,0.0,0.0,0.0,0.0,0.0,0.0,0.0,0.0,0.0,0.0,0.0,0.0,0.0,0.0,0.0
t1010,0.0,0.0,0.0,0.0,0.0,0.0,0.0,0.0,0.0,0.0,0.0,0.0,0.0,0.0,0.0,0.0,0.0,0.0
t1011,0.0,0.0,0.0,0.0,0.0,0.0,0.0,0.0,0.0,0.0,0.0,0.0,0.0,0.0,0.0,0.0,0.0,0.0
t1012,0.0,0.0,0.0,0.0,0.0,0.0,0.0,0.0,0.0,0.0,0.0,0.0,0.0,0.0,0.0,0.0,0.0,0.0
t1013,0.0,0.0,0.0,0.0,0.0,0.0,0.0,0.0,0.0,0.0,0.0,0.0,0.0,0.0,0.0,0.0,0.0,0.0
t1014,0.0,0.0,0.0,0.0,0.0,0.0,0.0,0.0,0.0,0.0,0.0,0.0,0.0,0.0,0.0,0.0,0.0,0.0
t1015,79.70160513063296,0.0,0.0,0.0,0.0,0.0,0.0,955.5420032841353,0.0,0.0,0.0,0.0,0.0,0.0,0.0,0.0,0.0,1035.2436084147682
t1016,0.0,91.11841979781083,0.0,0.0,0.0,0.0,0.0,74.82087390489292,0.0,0.0,0.0,0.0,0.0,0.0,0.0,0.0,0.0,165.93929370270376
t1017,1096.09375,100.86381979781073,0.0,0.0,0.0,0.0,839.5990382454785,0.0,0.0,0.0,0.0,0.0,0.0,0.0,0.0,0.0,0.0,2036.556608043289
t1018,1096.09375,87.20661979781092,0.0,0.0,0.0,7785.0,539.47273909,0.0,0.0,0.0,0.0,0.0,0.0,0.0,0.0,0.0,0.0,9507.773108887812
t1019,0.0,43.588919797811045,0.0,0.0,0.0,2599.4700022932684,801.0942420400003,0.0,0.0,0.0,0.0,0.0,0.0,0.0,0.0,0.0,0.0,3444.1531641310794
t1020,1096.09375,0.0,0.0,0.0,0.0,7785.0,990.0378078655637,1571.3429303890766,0.0,0.0,0.0,0.0,0.0,0.0,0.0,0.0,0.0,11442.47448825464
t1021,1096.09375,110.76923075,0.0,0.0,0.0,0.0,1428.14371275,246.61539625373464,0.0,0.0,0.0,0.0,0.0,0.0,0.0,0.0,0.0,2881.6220897537346
t1022,157.46188559809258,33.49722190437824,0.0,0.0,0.0,6319.174651732353,722.9837261978702,0.0,0.0,0.0,0.0,0.0,0.0,0.0,0.0,0.0,0.0,7233.117485432694
t1023,0.0,0.0,0.0,0.0,0.0,0.0,467.8594004270211,0.0,0.0,0.0,0.0,0.0,0.0,0.0,0.0,0.0,0.0,467.8594004270211
t1024,0.0,0.0,0.0,0.0,0.0,113.07507457749755,232.3938363212959,0.0,0.0,0.0,0.0,0.0,0.0,0.0,0.0,0.0,0.0,345.46891089879347
t1025,0.0,0.0,0.0,0.0,0.0,0.0,0.0,0.0,0.0,0.0,0.0,0.0,0.0,0.0,0.0,0.0,0.0,0.0
t1026,0.0,0.0,0.0,0.0,0.0,0.0,0.0,0.0,0.0,0.0,0.0,0.0,0.0,0.0,0.0,0.0,0.0,0.0
t1027,0.0,0.0,0.0,0.0,0.0,0.0,0.0,0.0,0.0,0.0,0.0,0.0,0.0,0.0,0.0,0.0,0.0,0.0
t1028,0.0,0.0,0.0,0.0,0.0,0.0,0.0,0.0,0.0,0.0,0.0,0.0,0.0,0.0,0.0,0.0,0.0,0.0
t1029,0.0,0.0,0.0,0.0,0.0,0.0,0.0,0.0,0.0,0.0,0.0,0.0,0.0,0.0,0.0,0.0,0.0,0.0
t1030,0.0,0.0,0.0,0.0,0.0,0.0,0.0,0.0,0.0,0.0,0.0,0.0,0.0,0.0,0.0,0.0,0.0,0.0
t1031,0.0,0.0,0.0,0.0,0.0,0.0,0.0,0.0,0.0,0.0,0.0,0.0,0.0,0.0,0.0,0.0,0.0,0.0
t1032,0.0,0.0,0.0,0.0,0.0,0.0,0.0,0.0,0.0,0.0,0.0,0.0,0.0,0.0,0.0,0.0,0.0,0.0
t1033,0.0,0.0,0.0,0.0,0.0,0.0,0.0,0.0,0.0,0.0,0.0,0.0,0.0,0.0,0.0,0.0,0.0,0.0
t1034,0.0,0.0,0.0,0.0,0.0,0.0,0.0,0.0,0.0,0.0,0.0,0.0,0.0,0.0,0.0,0.0,0.0,0.0
t1035,0.0,0.0,0.0,0.0,0.0,0.0,0.0,0.0,0.0,0.0,0.0,0.0,0.0,0.0,0.0,0.0,0.0,0.0
t1036,0.0,0.0,0.0,0.0,0.0,0.0,0.0,0.0,0.0,0.0,0.0,0.0,0.0,0.0,0.0,0.0,0.0,0.0
t1037,0.0,0.0,0.0,0.0,0.0,0.0,0.0,0.0,0.0,0.0,0.0,0.0,0.0,0.0,0.0,0.0,0.0,0.0
t1038,0.0,0.0,0.0,0.0,0.0,0.0,0.0,0.0,0.0,0.0,0.0,0.0,0.0,0.0,0.0,0.0,0.0,0.0
t1039,0.0,0.0,0.0,0.0,0.0,494.62869842034223,0.0,0.0,0.0,0.0,0.0,0.0,0.0,0.0,0.0,0.0,0.0,494.62869842034223
t1040,12.953992308724839,103.14841979781059,0.0,0.0,0.0,0.0,0.0,1750.24390325,0.0,0.0,0.0,0.0,0.0,0.0,0.0,0.0,0.0,1866.3463153565353
t1041,1096.09375,110.76923075,0.0,0.0,0.0,7785.0,567.5029307194981,1750.24390325,0.0,0.0,0.0,0.0,0.0,0.0,0.0,0.0,0.0,11309.609814719499
t1042,1096.09375,106.88561979781092,0.0,0.0,62.21890926999873,7785.0,388.9794346600004,378.70296561899045,0.0,0.0,0.0,0.0,0.0,0.0,0.0,0.0,0.0,9817.880679346801
t1043,1096.09375,42.64271979781103,66.59073451999953,0.0,0.0,7785.0,898.5360390300001,1750.24390325,0.0,0.0,0.0,0.0,0.0,0.0,0.0,0.0,0.0,11639.107146597811
t1044,1096.09375,0.0,0.0,0.0,0.0,0.0,1428.14371275,1750.24390325,0.0,0.0,0.0,0.0,0.0,0.0,0.0,0.0,0.0,4274.481366
t1045,224.20949841999987,0.0,0.0,0.0,0.0,7785.0,891.3320160548056,0.0,0.0,0.0,0.0,0.0,0.0,0.0,0.0,0.0,0.0,8900.541514474806
t1046,0.0,0.0,0.0,0.0,590.8312691813072,0.0,703.7832317990768,0.0,0.0,0.0,0.0,0.0,0.0,0.0,0.0,0.0,0.0,1294.614500980384
t1047,0.0,103.5982417021893,0.0,0.0,0.0,1189.823726678455,1143.3071379238484,0.0,0.0,0.0,0.0,0.0,0.0,0.0,0.0,0.0,0.0,2436.7291063044927
t1048,0.0,0.0,0.0,0.0,0.0,0.0,0.0,0.0,0.0,0.0,0.0,0.0,0.0,0.0,0.0,0.0,0.0,0.0
t1049,0.0,0.0,0.0,0.0,0.0,0.0,0.0,0.0,0.0,0.0,0.0,0.0,0.0,0.0,0.0,0.0,0.0,0.0
t1050,0.0,0.0,0.0,0.0,0.0,0.0,0.0,0.0,0.0,0.0,0.0,0.0,0.0,0.0,0.0,0.0,0.0,0.0
t1051,0.0,0.0,0.0,0.0,0.0,0.0,0.0,0.0,0.0,0.0,0.0,0.0,0.0,0.0,0.0,0.0,0.0,0.0
t1052,0.0,0.0,0.0,0.0,0.0,0.0,0.0,0.0,0.0,0.0,0.0,0.0,0.0,0.0,0.0,0.0,0.0,0.0
t1053,0.0,0.0,0.0,0.0,0.0,0.0,0.0,0.0,0.0,0.0,0.0,0.0,0.0,0.0,0.0,0.0,0.0,0.0
t1054,0.0,0.0,0.0,0.0,0.0,0.0,0.0,0.0,0.0,0.0,0.0,0.0,0.0,0.0,0.0,0.0,0.0,0.0
t1055,0.0,0.0,0.0,0.0,0.0,0.0,0.0,0.0,0.0,0.0,0.0,0.0,0.0,0.0,0.0,0.0,0.0,0.0
t1056,0.0,0.0,0.0,0.0,0.0,0.0,0.0,0.0,0.0,0.0,0.0,0.0,0.0,0.0,0.0,0.0,0.0,0.0
t1057,0.0,0.0,0.0,0.0,0.0,0.0,0.0,0.0,0.0,0.0,0.0,0.0,0.0,0.0,0.0,0.0,0.0,0.0
t1058,0.0,0.0,0.0,0.0,0.0,0.0,0.0,0.0,0.0,0.0,0.0,0.0,0.0,0.0,0.0,0.0,0.0,0.0
t1059,0.0,0.0,0.0,0.0,0.0,0.0,0.0,0.0,0.0,0.0,0.0,0.0,0.0,0.0,0.0,0.0,0.0,0.0
t1060,0.0,0.0,0.0,0.0,0.0,0.0,0.0,0.0,0.0,0.0,0.0,0.0,0.0,0.0,0.0,0.0,0.0,0.0
t1061,0.0,0.0,0.0,0.0,0.0,0.0,0.0,0.0,0.0,0.0,0.0,0.0,0.0,0.0,0.0,0.0,0.0,0.0
t1062,0.0,0.0,0.0,0.0,0.0,0.0,0.0,0.0,0.0,0.0,0.0,0.0,0.0,0.0,0.0,0.0,0.0,0.0
t1063,0.0,0.0,0.0,0.0,0.0,1699.5366064337275,546.4228778571276,1515.6442812666369,0.0,0.0,0.0,0.0,0.0,0.0,0.0,0.0,0.0,3761.603765557492
t1064,1096.09375,110.76923075,0.0,0.0,0.0,0.0,0.0,643.2060843955331,0.0,0.0,0.0,0.0,0.0,0.0,0.0,0.0,0.0,1850.069065145533
t1065,1096.09375,110.76923075,0.0,0.0,0.0,7785.0,0.0,776.0598834536385,0.0,0.0,0.0,0.0,0.0,0.0,0.0,0.0,0.0,9767.922864203638
t1066,0.0,110.76923075,0.0,0.0,0.0,4865.703597595308,403.7250961900003,1750.24390325,0.0,0.0,0.0,0.0,0.0,0.0,0.0,0.0,0.0,7130.441827785307
t1067,1096.09375,95.73621979781095,396.62856447057226,0.0,0.0,2674.362036833972,969.7873775299998,1750.24390325,0.0,0.0,0.0,0.0,0.0,0.0,0.0,0.0,0.0,6982.851851882354
t1068,0.0,39.00031979781088,560.7427379205716,0.0,0.0,5093.068131469541,1107.3602471700005,0.0,0.0,0.0,0.0,0.0,0.0,0.0,0.0,0.0,0.0,6800.171436357924
t1069,237.16349072872544,0.0,482.39327309976386,0.0,0.0,3821.2663918277353,1059.6373860661229,0.0,0.0,0.0,0.0,0.0,0.0,0.0,0.0,0.0,0.0,5600.4605417223465
t1070,1096.09375,0.0,110.7436679999999,0.0,0.0,826.1171153013893,976.2359378685184,0.0,0.0,0.0,0.0,0.0,0.0,0.0,0.0,0.0,0.0,3009.1904711699076
t1071,0.0,0.0,0.0,0.0,0.0,0.0,635.1924751632487,944.2805230031828,0.0,0.0,0.0,0.0,0.0,0.0,0.0,0.0,0.0,1579.4729981664314
t1072,0.0,0.0,0.0,0.0,0.0,4880.532766028859,323.2231050922112,0.0,0.0,0.0,0.0,0.0,0.0,0.0,0.0,0.0,0.0,5203.75587112107
t1073,0.0,0.0,0.0,0.0,0.0,0.0,0.0,0.0,0.0,0.0,0.0,0.0,0.0,0.0,0.0,0.0,0.0,0.0
t1074,0.0,0.0,0.0,0.0,0.0,0.0,0.0,0.0,0.0,0.0,0.0,0.0,0.0,0.0,0.0,0.0,0.0,0.0
t1075,0.0,0.0,0.0,0.0,0.0,0.0,0.0,0.0,0.0,0.0,0.0,0.0,0.0,0.0,0.0,0.0,0.0,0.0
t1076,0.0,0.0,0.0,0.0,0.0,0.0,0.0,0.0,0.0,0.0,0.0,0.0,0.0,0.0,0.0,0.0,0.0,0.0
t1077,0.0,0.0,0.0,0.0,0.0,0.0,0.0,0.0,0.0,0.0,0.0,0.0,0.0,0.0,0.0,0.0,0.0,0.0
t1078,0.0,0.0,0.0,0.0,0.0,0.0,0.0,0.0,0.0,0.0,0.0,0.0,0.0,0.0,0.0,0.0,0.0,0.0
t1079,0.0,0.0,0.0,0.0,0.0,0.0,0.0,0.0,0.0,0.0,0.0,0.0,0.0,0.0,0.0,0.0,0.0,0.0
t1080,0.0,0.0,0.0,0.0,0.0,0.0,0.0,0.0,0.0,0.0,0.0,0.0,0.0,0.0,0.0,0.0,0.0,0.0
t1081,0.0,0.0,0.0,0.0,0.0,0.0,0.0,0.0,0.0,0.0,0.0,0.0,0.0,0.0,0.0,0.0,0.0,0.0
t1082,0.0,0.0,0.0,0.0,0.0,0.0,0.0,0.0,0.0,0.0,0.0,0.0,0.0,0.0,0.0,0.0,0.0,0.0
t1083,0.0,0.0,0.0,0.0,0.0,0.0,0.0,0.0,0.0,0.0,0.0,0.0,0.0,0.0,0.0,0.0,0.0,0.0
t1084,0.0,0.0,0.0,0.0,0.0,0.0,0.0,0.0,0.0,0.0,0.0,0.0,0.0,0.0,0.0,0.0,0.0,0.0
t1085,0.0,0.0,0.0,0.0,0.0,0.0,0.0,0.0,0.0,0.0,0.0,0.0,0.0,0.0,0.0,0.0,0.0,0.0
t1086,0.0,0.0,0.0,0.0,0.0,0.0,0.0,0.0,0.0,0.0,0.0,0.0,0.0,0.0,0.0,0.0,0.0,0.0
t1087,205.89747446000024,0.0,0.0,0.0,0.0,0.0,286.8489474075145,0.0,0.0,0.0,0.0,0.0,0.0,0.0,0.0,0.0,0.0,492.74642186751475
t1088,1096.09375,110.76923075,0.0,0.0,0.0,0.0,0.0,0.0,0.0,0.0,0.0,0.0,0.0,0.0,0.0,0.0,0.0,1206.86298075
t1089,473.4933449400008,110.76923075,0.0,0.0,0.0,6188.796189781639,82.7932682000001,1750.24390325,0.0,0.0,0.0,0.0,0.0,0.0,0.0,0.0,0.0,8606.09593692164
t1090,70.8057237087246,110.76923075,0.0,0.0,0.0,6046.103626174806,453.2110367200002,1750.24390325,0.0,0.0,0.0,0.0,0.0,0.0,0.0,0.0,0.0,8431.133520603531
t1091,1096.09375,85.88711979781077,326.39792236057195,0.0,0.0,7785.0,712.8605113200003,0.0,0.0,0.0,0.0,0.0,0.0,0.0,0.0,0.0,0.0,10006.239303478384
t1092,1096.09375,41.287719797810816,228.67600443999947,0.0,0.0,1677.4951362212148,969.13717547,0.0,0.0,0.0,0.0,0.0,0.0,0.0,0.0,0.0,0.0,4012.689785929025
t1093,583.0606976199999,0.0,209.28778876057217,0.0,0.0,7785.0,1428.14371275,1164.3506103631703,0.0,0.0,0.0,0.0,0.0,0.0,0.0,0.0,0.0,11169.84280949374
t1094,0.0,7.561700000000118,0.0,0.0,0.0,0.0,708.2432495441666,1446.3343603780258,0.0,0.0,0.0,0.0,0.0,0.0,0.0,0.0,0.0,2162.1393099221923
t1095,0.0,0.0,0.0,0.0,0.0,2924.884708458848,450.94475403999536,0.0,0.0,0.0,0.0,0.0,0.0,0.0,0.0,0.0,0.0,3375.829462498843
t1096,0.0,0.0,0.0,0.0,0.0,417.17276446228846,929.4018474855525,0.0,0.0,0.0,0.0,0.0,0.0,0.0,0.0,0.0,0.0,1346.5746119478408
t1097,0.0,0.0,0.0,0.0,0.0,0.0,0.0,0.0,0.0,0.0,0.0,0.0,0.0,0.0,0.0,0.0,0.0,0.0
t1098,0.0,0.0,0.0,0.0,0.0,0.0,0.0,0.0,0.0,0.0,0.0,0.0,0.0,0.0,0.0,0.0,0.0,0.0
t1099,0.0,0.0,0.0,0.0,0.0,0.0,0.0,0.0,0.0,0.0,0.0,0.0,0.0,0.0,0.0,0.0,0.0,0.0
t1100,0.0,0.0,0.0,0.0,0.0,0.0,0.0,0.0,0.0,0.0,0.0,0.0,0.0,0.0,0.0,0.0,0.0,0.0
t1101,0.0,0.0,0.0,0.0,0.0,0.0,0.0,0.0,0.0,0.0,0.0,0.0,0.0,0.0,0.0,0.0,0.0,0.0
t1102,0.0,0.0,0.0,0.0,0.0,0.0,0.0,0.0,0.0,0.0,0.0,0.0,0.0,0.0,0.0,0.0,0.0,0.0
t1103,0.0,0.0,0.0,0.0,0.0,0.0,0.0,0.0,0.0,0.0,0.0,0.0,0.0,0.0,0.0,0.0,0.0,0.0
t1104,0.0,0.0,0.0,0.0,0.0,0.0,0.0,0.0,0.0,0.0,0.0,0.0,0.0,0.0,0.0,0.0,0.0,0.0
t1105,0.0,0.0,0.0,0.0,0.0,0.0,0.0,0.0,0.0,0.0,0.0,0.0,0.0,0.0,0.0,0.0,0.0,0.0
t1106,0.0,0.0,0.0,0.0,0.0,0.0,0.0,0.0,0.0,0.0,0.0,0.0,0.0,0.0,0.0,0.0,0.0,0.0
t1107,0.0,0.0,0.0,0.0,0.0,0.0,0.0,0.0,0.0,0.0,0.0,0.0,0.0,0.0,0.0,0.0,0.0,0.0
t1108,0.0,0.0,0.0,0.0,0.0,0.0,0.0,0.0,0.0,0.0,0.0,0.0,0.0,0.0,0.0,0.0,0.0,0.0
t1109,0.0,0.0,0.0,0.0,0.0,0.0,0.0,0.0,0.0,0.0,0.0,0.0,0.0,0.0,0.0,0.0,0.0,0.0
t1110,0.0,0.0,0.0,0.0,0.0,0.0,0.0,0.0,0.0,0.0,0.0,0.0,0.0,0.0,0.0,0.0,0.0,0.0
t1111,0.0,0.0,0.0,0.0,0.0,0.0,0.0,0.0,0.0,0.0,0.0,0.0,0.0,0.0,0.0,0.0,0.0,0.0
t1112,492.0392106687246,96.55203075000044,0.0,0.0,0.0,0.0,594.7896577700003,811.0759485566714,0.0,0.0,0.0,0.0,0.0,0.0,0.0,0.0,0.0,1994.4568477453968
t1113,1096.09375,110.76923075,0.0,0.0,0.0,2664.3561163801237,0.0,1750.24390325,0.0,0.0,0.0,0.0,0.0,0.0,0.0,0.0,0.0,5621.463000380123
t1114,1096.09375,110.76923075,0.0,0.0,0.0,3155.568798729418,619.7219901099993,0.0,0.0,0.0,0.0,0.0,0.0,0.0,0.0,0.0,0.0,4982.153769589417
t1115,0.0,108.15681979781061,311.22497111000047,0.0,0.0,5688.726820843272,986.2540631900005,1750.24390325,0.0,0.0,0.0,0.0,0.0,0.0,0.0,0.0,0.0,8844.606578191084
t1116,1096.09375,40.796919797810695,394.9011603605719,0.0,0.0,7785.0,345.71716798000085,1750.24390325,0.0,0.0,0.0,0.0,0.0,0.0,0.0,0.0,0.0,11412.752901388385
t1117,841.2180300600005,0.0,68.14319524000013,0.0,0.0,7785.0,1428.14371275,0.0,0.0,0.0,0.0,0.0,0.0,0.0,0.0,0.0,0.0,10122.50493805
t1118,0.0,0.0,0.0,0.0,0.0,5745.80068914598,663.3290511525307,1317.8709203123183,0.0,0.0,0.0,0.0,0.0,0.0,0.0,0.0,0.0,7727.000660610829
t1119,0.0,0.0,0.0,0.0,0.0,0.0,302.2889253161627,0.0,0.0,0.0,0.0,0.0,0.0,0.0,0.0,0.0,0.0,302.2889253161627
t1120,0.0,0.0,0.0,0.0,0.0,0.0,1081.339934668536,0.0,0.0,0.0,0.0,0.0,0.0,0.0,0.0,0.0,0.0,1081.339934668536
t1121,0.0,0.0,0.0,0.0,0.0,0.0,0.0,0.0,0.0,0.0,0.0,0.0,0.0,0.0,0.0,0.0,0.0,0.0
t1122,0.0,0.0,0.0,0.0,0.0,0.0,0.0,0.0,0.0,0.0,0.0,0.0,0.0,0.0,0.0,0.0,0.0,0.0
t1123,0.0,0.0,0.0,0.0,0.0,0.0,0.0,0.0,0.0,0.0,0.0,0.0,0.0,0.0,0.0,0.0,0.0,0.0
t1124,0.0,0.0,0.0,0.0,0.0,0.0,0.0,0.0,0.0,0.0,0.0,0.0,0.0,0.0,0.0,0.0,0.0,0.0
t1125,0.0,0.0,0.0,0.0,0.0,0.0,0.0,0.0,0.0,0.0,0.0,0.0,0.0,0.0,0.0,0.0,0.0,0.0
t1126,0.0,0.0,0.0,0.0,0.0,0.0,0.0,0.0,0.0,0.0,0.0,0.0,0.0,0.0,0.0,0.0,0.0,0.0
t1127,0.0,0.0,0.0,0.0,0.0,0.0,0.0,0.0,0.0,0.0,0.0,0.0,0.0,0.0,0.0,0.0,0.0,0.0
t1128,0.0,0.0,0.0,0.0,0.0,0.0,0.0,0.0,0.0,0.0,0.0,0.0,0.0,0.0,0.0,0.0,0.0,0.0
t1129,0.0,0.0,0.0,0.0,0.0,0.0,0.0,0.0,0.0,0.0,0.0,0.0,0.0,0.0,0.0,0.0,0.0,0.0
t1130,0.0,0.0,0.0,0.0,0.0,0.0,0.0,0.0,0.0,0.0,0.0,0.0,0.0,0.0,0.0,0.0,0.0,0.0
t1131,0.0,0.0,0.0,0.0,0.0,0.0,0.0,0.0,0.0,0.0,0.0,0.0,0.0,0.0,0.0,0.0,0.0,0.0
t1132,0.0,0.0,0.0,0.0,0.0,0.0,0.0,0.0,0.0,0.0,0.0,0.0,0.0,0.0,0.0,0.0,0.0,0.0
t1133,0.0,0.0,0.0,0.0,0.0,0.0,0.0,0.0,0.0,0.0,0.0,0.0,0.0,0.0,0.0,0.0,0.0,0.0
t1134,0.0,0.0,0.0,0.0,0.0,0.0,0.0,0.0,0.0,0.0,0.0,0.0,0.0,0.0,0.0,0.0,0.0,0.0
t1135,0.0,0.0,0.0,0.0,0.0,0.0,0.0,0.0,0.0,0.0,0.0,0.0,0.0,0.0,0.0,0.0,0.0,0.0
t1136,1096.09375,18.68293440781116,0.0,0.0,0.0,2123.9890074870214,0.0,1750.24390325,0.0,0.0,0.0,0.0,0.0,0.0,0.0,0.0,0.0,4989.009595144832
t1137,1096.09375,110.76923075,0.0,0.0,0.0,7785.0,871.0612720703548,0.0,0.0,0.0,0.0,0.0,0.0,0.0,0.0,0.0,0.0,9862.924252820354
t1138,1096.09375,5.284374437810657,0.0,0.0,0.0,7196.5348101329455,158.27495611000032,1750.24390325,0.0,0.0,0.0,0.0,0.0,0.0,0.0,0.0,0.0,10206.431793930757
t1139,603.2695631399989,110.76923075,0.0,0.0,0.0,0.0,640.099323019416,0.0,0.0,0.0,0.0,0.0,0.0,0.0,0.0,0.0,0.0,1354.138116909415
t1140,490.3828266600006,0.0,0.0,0.0,0.0,912.9592383610366,633.2856684410733,0.0,0.0,0.0,0.0,0.0,0.0,0.0,0.0,0.0,0.0,2036.6277334621104
t1141,234.9128154200007,110.76923075,551.2886828105717,0.0,222.29022852691978,0.0,880.1737828273406,1669.7694364239824,0.0,0.0,0.0,0.0,0.0,0.0,0.0,0.0,0.0,3669.2041767588153
t1142,0.0,110.76923075,32.70929368999942,0.0,0.0,0.0,728.9916935745658,444.10041837290095,0.0,0.0,0.0,0.0,0.0,0.0,0.0,0.0,0.0,1316.5706363874663
t1143,0.0,0.0,0.0,0.0,0.0,2911.785616966423,1428.14371275,0.0,0.0,0.0,0.0,0.0,0.0,0.0,0.0,0.0,0.0,4339.929329716423
t1144,0.0,0.0,0.0,0.0,0.0,0.0,0.0,0.0,0.0,0.0,0.0,0.0,0.0,0.0,0.0,0.0,0.0,0.0
t1145,0.0,0.0,0.0,0.0,0.0,0.0,0.0,0.0,0.0,0.0,0.0,0.0,0.0,0.0,0.0,0.0,0.0,0.0
t1146,0.0,0.0,0.0,0.0,0.0,0.0,0.0,0.0,0.0,0.0,0.0,0.0,0.0,0.0,0.0,0.0,0.0,0.0
t1147,0.0,0.0,0.0,0.0,0.0,0.0,0.0,0.0,0.0,0.0,0.0,0.0,0.0,0.0,0.0,0.0,0.0,0.0
t1148,0.0,0.0,0.0,0.0,0.0,0.0,0.0,0.0,0.0,0.0,0.0,0.0,0.0,0.0,0.0,0.0,0.0,0.0
t1149,0.0,0.0,0.0,0.0,0.0,0.0,0.0,0.0,0.0,0.0,0.0,0.0,0.0,0.0,0.0,0.0,0.0,0.0
t1150,0.0,0.0,0.0,0.0,0.0,0.0,0.0,0.0,0.0,0.0,0.0,0.0,0.0,0.0,0.0,0.0,0.0,0.0
t1151,0.0,0.0,0.0,0.0,0.0,0.0,0.0,0.0,0.0,0.0,0.0,0.0,0.0,0.0,0.0,0.0,0.0,0.0
t1152,0.0,0.0,0.0,0.0,0.0,0.0,0.0,0.0,0.0,0.0,0.0,0.0,0.0,0.0,0.0,0.0,0.0,0.0
t1153,0.0,0.0,0.0,0.0,0.0,0.0,0.0,0.0,0.0,0.0,0.0,0.0,0.0,0.0,0.0,0.0,0.0,0.0
t1154,0.0,0.0,0.0,0.0,0.0,0.0,0.0,0.0,0.0,0.0,0.0,0.0,0.0,0.0,0.0,0.0,0.0,0.0
t1155,0.0,0.0,0.0,0.0,0.0,0.0,0.0,0.0,0.0,0.0,0.0,0.0,0.0,0.0,0.0,0.0,0.0,0.0
t1156,0.0,0.0,0.0,0.0,0.0,0.0,0.0,0.0,0.0,0.0,0.0,0.0,0.0,0.0,0.0,0.0,0.0,0.0
t1157,0.0,0.0,0.0,0.0,0.0,0.0,0.0,0.0,0.0,0.0,0.0,0.0,0.0,0.0,0.0,0.0,0.0,0.0
t1158,0.0,0.0,0.0,0.0,0.0,0.0,0.0,0.0,0.0,0.0,0.0,0.0,0.0,0.0,0.0,0.0,0.0,0.0
t1159,223.32113400159187,27.333028447810882,0.0,0.0,0.0,0.0,0.0,0.0,0.0,0.0,0.0,0.0,0.0,0.0,0.0,0.0,0.0,250.65416244940275
t1160,809.0242129113248,110.76923075,0.0,0.0,0.0,2128.678586943645,0.0,1750.24390325,0.0,0.0,0.0,0.0,0.0,0.0,0.0,0.0,0.0,4798.715933854969
t1161,1096.09375,110.76923075,0.0,0.0,191.26800651181708,2243.363372426116,0.0,1750.24390325,0.0,0.0,0.0,0.0,0.0,0.0,0.0,0.0,0.0,5391.738262937933
t1162,1096.09375,106.01799827781063,0.0,0.0,2304.3036870299993,2284.2084182255844,94.75543422000055,1370.716744281296,0.0,0.0,0.0,0.0,0.0,0.0,0.0,0.0,0.0,7256.09603203469
t1163,1096.09375,1.3855128700002717,0.0,0.0,3071.7026998999995,0.0,1402.7620352699998,366.13897687929807,0.0,0.0,0.0,0.0,0.0,0.0,0.0,0.0,0.0,5938.082974919297
t1164,0.0,110.76923075,259.89744793057133,0.0,3261.8917995642346,2674.796580079999,1428.14371275,197.29744621793932,0.0,0.0,0.0,0.0,0.0,0.0,0.0,0.0,0.0,7932.796217292745
t1165,0.0,0.0,791.6449041505715,0.0,3575.579701614053,6533.4238210289195,1428.14371275,0.0,0.0,0.0,0.0,0.0,0.0,0.0,0.0,0.0,0.0,12328.792139543544
t1166,0.0,0.0,533.887489460572,0.0,3471.93646523318,977.3545879962197,943.66339464,0.0,0.0,0.0,0.0,0.0,0.0,0.0,0.0,0.0,0.0,5926.841937329971
t1167,300.9118938158082,0.0,23.56267008999946,0.0,653.7142880579735,1460.2101320417705,423.56872026133254,0.0,0.0,0.0,0.0,0.0,0.0,0.0,0.0,0.0,0.0,2861.9677042668845
t1168,0.0,0.0,0.0,0.0,0.0,0.0,84.45603033967595,0.0,0.0,0.0,0.0,0.0,0.0,0.0,0.0,0.0,0.0,84.45603033967595
t1169,0.0,0.0,0.0,0.0,0.0,752.8451871508504,0.0,0.0,0.0,0.0,0.0,0.0,0.0,0.0,0.0,0.0,0.0,752.8451871508504
t1170,0.0,0.0,0.0,0.0,0.0,0.0,0.0,0.0,0.0,0.0,0.0,0.0,0.0,0.0,0.0,0.0,0.0,0.0
t1171,0.0,0.0,0.0,0.0,0.0,0.0,0.0,0.0,0.0,0.0,0.0,0.0,0.0,0.0,0.0,0.0,0.0,0.0
t1172,0.0,0.0,0.0,0.0,0.0,0.0,0.0,0.0,0.0,0.0,0.0,0.0,0.0,0.0,0.0,0.0,0.0,0.0
t1173,0.0,0.0,0.0,0.0,0.0,0.0,0.0,0.0,0.0,0.0,0.0,0.0,0.0,0.0,0.0,0.0,0.0,0.0
t1174,0.0,0.0,0.0,0.0,0.0,0.0,0.0,0.0,0.0,0.0,0.0,0.0,0.0,0.0,0.0,0.0,0.0,0.0
t1175,0.0,0.0,0.0,0.0,0.0,0.0,0.0,0.0,0.0,0.0,0.0,0.0,0.0,0.0,0.0,0.0,0.0,0.0
t1176,0.0,0.0,0.0,0.0,0.0,0.0,0.0,0.0,0.0,0.0,0.0,0.0,0.0,0.0,0.0,0.0,0.0,0.0
t1177,0.0,0.0,0.0,0.0,0.0,0.0,0.0,0.0,0.0,0.0,0.0,0.0,0.0,0.0,0.0,0.0,0.0,0.0
t1178,0.0,0.0,0.0,0.0,0.0,0.0,0.0,0.0,0.0,0.0,0.0,0.0,0.0,0.0,0.0,0.0,0.0,0.0
t1179,0.0,0.0,0.0,0.0,0.0,0.0,0.0,0.0,0.0,0.0,0.0,0.0,0.0,0.0,0.0,0.0,0.0,0.0
t1180,0.0,0.0,0.0,0.0,0.0,0.0,0.0,0.0,0.0,0.0,0.0,0.0,0.0,0.0,0.0,0.0,0.0,0.0
t1181,0.0,0.0,0.0,0.0,0.0,0.0,0.0,0.0,0.0,0.0,0.0,0.0,0.0,0.0,0.0,0.0,0.0,0.0
t1182,0.0,0.0,0.0,0.0,0.0,0.0,0.0,0.0,0.0,0.0,0.0,0.0,0.0,0.0,0.0,0.0,0.0,0.0
t1183,0.0,0.0,0.0,0.0,0.0,0.0,0.0,0.0,0.0,0.0,0.0,0.0,0.0,0.0,0.0,0.0,0.0,0.0
t1184,1096.09375,110.76923075,0.0,0.0,0.0,3457.879574152378,0.0,1750.24390325,0.0,0.0,0.0,0.0,0.0,0.0,0.0,0.0,0.0,6414.986458152378
t1185,1096.09375,110.76923075,0.0,0.0,0.0,4216.592376904623,1428.14371275,1750.24390325,0.0,0.0,0.0,0.0,0.0,0.0,0.0,0.0,0.0,8601.842973654624
t1186,1096.09375,110.76923075,0.0,0.0,0.0,6013.894043686663,843.7744315902834,1750.24390325,0.0,0.0,0.0,0.0,0.0,0.0,0.0,0.0,0.0,9814.775359276948
t1187,1096.09375,0.0,0.0,0.0,0.0,6216.564254473325,1428.14371275,1527.2403021008938,0.0,0.0,0.0,0.0,0.0,0.0,0.0,0.0,0.0,10268.042019324219
t1188,237.16349072872544,0.0,0.0,0.0,0.0,5753.604132782824,1428.14371275,601.7065667680953,0.0,0.0,0.0,0.0,0.0,0.0,0.0,0.0,0.0,8020.617903029645
t1189,0.0,0.0,0.0,0.0,0.0,4329.092026967706,0.0,0.0,0.0,0.0,0.0,0.0,0.0,0.0,0.0,0.0,0.0,4329.092026967706
t1190,0.0,0.0,0.0,0.0,0.0,0.0,893.3789330969452,0.0,0.0,0.0,0.0,0.0,0.0,0.0,0.0,0.0,0.0,893.3789330969452
t1191,0.0,0.0,0.0,0.0,0.0,0.0,0.0,0.0,0.0,0.0,0.0,0.0,0.0,0.0,0.0,0.0,0.0,0.0
t1192,0.0,0.0,0.0,0.0,0.0,0.0,0.0,0.0,0.0,0.0,0.0,0.0,0.0,0.0,0.0,0.0,0.0,0.0
t1193,0.0,0.0,0.0,0.0,0.0,0.0,0.0,0.0,0.0,0.0,0.0,0.0,0.0,0.0,0.0,0.0,0.0,0.0
t1194,0.0,0.0,0.0,0.0,0.0,0.0,0.0,0.0,0.0,0.0,0.0,0.0,0.0,0.0,0.0,0.0,0.0,0.0
t1195,0.0,0.0,0.0,0.0,0.0,0.0,0.0,0.0,0.0,0.0,0.0,0.0,0.0,0.0,0.0,0.0,0.0,0.0
t1196,0.0,0.0,0.0,0.0,0.0,0.0,0.0,0.0,0.0,0.0,0.0,0.0,0.0,0.0,0.0,0.0,0.0,0.0
t1197,0.0,0.0,0.0,0.0,0.0,0.0,0.0,0.0,0.0,0.0,0.0,0.0,0.0,0.0,0.0,0.0,0.0,0.0
t1198,0.0,0.0,0.0,0.0,0.0,0.0,0.0,0.0,0.0,0.0,0.0,0.0,0.0,0.0,0.0,0.0,0.0,0.0
t1199,0.0,0.0,0.0,0.0,0.0,0.0,0.0,0.0,0.0,0.0,0.0,0.0,0.0,0.0,0.0,0.0,0.0,0.0
t1200,0.0,0.0,0.0,0.0,0.0,0.0,0.0,0.0,0.0,0.0,0.0,0.0,0.0,0.0,0.0,0.0,0.0,0.0
t1201,0.0,0.0,0.0,0.0,0.0,0.0,0.0,0.0,0.0,0.0,0.0,0.0,0.0,0.0,0.0,0.0,0.0,0.0
t1202,0.0,0.0,0.0,0.0,0.0,0.0,0.0,0.0,0.0,0.0,0.0,0.0,0.0,0.0,0.0,0.0,0.0,0.0
t1203,0.0,0.0,0.0,0.0,0.0,0.0,0.0,0.0,0.0,0.0,0.0,0.0,0.0,0.0,0.0,0.0,0.0,0.0
t1204,0.0,0.0,0.0,0.0,0.0,0.0,0.0,0.0,0.0,0.0,0.0,0.0,0.0,0.0,0.0,0.0,0.0,0.0
t1205,0.0,0.0,0.0,0.0,0.0,0.0,0.0,0.0,0.0,0.0,0.0,0.0,0.0,0.0,0.0,0.0,0.0,0.0
t1206,0.0,0.0,0.0,0.0,0.0,0.0,0.0,0.0,0.0,0.0,0.0,0.0,0.0,0.0,0.0,0.0,0.0,0.0
t1207,0.0,0.0,0.0,0.0,0.0,0.0,0.0,0.0,0.0,0.0,0.0,0.0,0.0,0.0,0.0,0.0,0.0,0.0
t1208,1026.4347341059836,0.0,0.0,0.0,0.0,1824.3326258752804,0.0,1750.24390325,0.0,0.0,0.0,0.0,0.0,0.0,0.0,0.0,0.0,4601.011263231264
t1209,1096.09375,110.76923075,0.0,0.0,0.0,3620.5311513101483,326.01849422000106,1750.24390325,0.0,0.0,0.0,0.0,0.0,0.0,0.0,0.0,0.0,6903.656529530149
t1210,1096.09375,110.76923075,0.0,0.0,0.0,6142.9574883644245,0.0,1546.8714948134543,0.0,0.0,0.0,0.0,0.0,0.0,0.0,0.0,0.0,8896.691963927879
t1211,1096.09375,110.76923075,0.0,0.0,0.0,7354.850883392464,1428.14371275,749.3060428287841,0.0,0.0,0.0,0.0,0.0,0.0,0.0,0.0,0.0,10739.163619721248
t1212,306.82250662274214,27.946619797811213,0.0,0.0,0.0,7774.938962051574,1428.14371275,93.95432786208802,0.0,0.0,0.0,0.0,0.0,0.0,0.0,0.0,0.0,9631.806129084214
t1213,0.0,106.78991979781055,0.0,0.0,0.0,5140.619691784654,578.5804150665325,0.0,0.0,0.0,0.0,0.0,0.0,0.0,0.0,0.0,0.0,5825.990026648997
t1214,0.0,0.0,0.0,0.0,0.0,966.221622320246,1428.14371275,0.0,0.0,0.0,0.0,0.0,0.0,0.0,0.0,0.0,0.0,2394.365335070246
t1215,0.0,0.0,0.0,0.0,0.0,0.0,0.0,0.0,0.0,0.0,0.0,0.0,0.0,0.0,0.0,0.0,0.0,0.0
t1216,0.0,0.0,0.0,0.0,0.0,0.0,0.0,0.0,0.0,0.0,0.0,0.0,0.0,0.0,0.0,0.0,0.0,0.0
t1217,0.0,0.0,0.0,0.0,0.0,0.0,0.0,0.0,0.0,0.0,0.0,0.0,0.0,0.0,0.0,0.0,0.0,0.0
t1218,0.0,0.0,0.0,0.0,0.0,0.0,0.0,0.0,0.0,0.0,0.0,0.0,0.0,0.0,0.0,0.0,0.0,0.0
t1219,0.0,0.0,0.0,0.0,0.0,0.0,0.0,0.0,0.0,0.0,0.0,0.0,0.0,0.0,0.0,0.0,0.0,0.0
t1220,0.0,0.0,0.0,0.0,0.0,0.0,0.0,0.0,0.0,0.0,0.0,0.0,0.0,0.0,0.0,0.0,0.0,0.0
t1221,0.0,0.0,0.0,0.0,0.0,0.0,0.0,0.0,0.0,0.0,0.0,0.0,0.0,0.0,0.0,0.0,0.0,0.0
t1222,0.0,0.0,0.0,0.0,0.0,0.0,0.0,0.0,0.0,0.0,0.0,0.0,0.0,0.0,0.0,0.0,0.0,0.0
t1223,0.0,0.0,0.0,0.0,0.0,0.0,0.0,0.0,0.0,0.0,0.0,0.0,0.0,0.0,0.0,0.0,0.0,0.0
t1224,0.0,0.0,0.0,0.0,0.0,0.0,0.0,0.0,0.0,0.0,0.0,0.0,0.0,0.0,0.0,0.0,0.0,0.0
t1225,0.0,0.0,0.0,0.0,0.0,0.0,0.0,0.0,0.0,0.0,0.0,0.0,0.0,0.0,0.0,0.0,0.0,0.0
t1226,0.0,0.0,0.0,0.0,0.0,0.0,0.0,0.0,0.0,0.0,0.0,0.0,0.0,0.0,0.0,0.0,0.0,0.0
t1227,0.0,0.0,0.0,0.0,0.0,0.0,0.0,0.0,0.0,0.0,0.0,0.0,0.0,0.0,0.0,0.0,0.0,0.0
t1228,0.0,0.0,0.0,0.0,0.0,0.0,0.0,0.0,0.0,0.0,0.0,0.0,0.0,0.0,0.0,0.0,0.0,0.0
t1229,0.0,0.0,0.0,0.0,0.0,0.0,0.0,0.0,0.0,0.0,0.0,0.0,0.0,0.0,0.0,0.0,0.0,0.0
t1230,0.0,0.0,0.0,0.0,0.0,0.0,0.0,0.0,0.0,0.0,0.0,0.0,0.0,0.0,0.0,0.0,0.0,0.0
t1231,0.0,0.0,0.0,0.0,0.0,0.0,0.0,0.0,0.0,0.0,0.0,0.0,0.0,0.0,0.0,0.0,0.0,0.0
t1232,0.0,0.0,1151.8352600805729,0.0,0.0,2164.2574177683946,1140.38663247227,1731.8967787711194,0.0,0.0,0.0,0.0,0.0,0.0,0.0,0.0,0.0,6188.376089092357
t1233,920.4579416199998,110.76923075,0.0,0.0,0.0,6203.423495727248,930.0146772648657,779.6749113554177,0.0,0.0,0.0,0.0,0.0,0.0,0.0,0.0,0.0,8944.34025671753
t1234,903.5003888999997,110.76923075,706.7939677341211,0.0,0.0,6848.476851592352,1428.14371275,1372.4948084022212,0.0,0.0,0.0,0.0,0.0,0.0,0.0,0.0,0.0,11370.178960128695
t1235,1096.09375,0.0,1458.0000000000002,0.0,0.0,7785.0,94.07302486755705,608.8190213913354,0.0,0.0,0.0,0.0,0.0,0.0,0.0,0.0,0.0,11041.985796258892
t1236,1096.09375,110.76923075,1458.0000000000002,0.0,0.0,5737.189941617471,1428.14371275,0.0,0.0,0.0,0.0,0.0,0.0,0.0,0.0,0.0,0.0,9830.19663511747
t1237,0.0,92.99611979781108,1372.8404749205713,0.0,0.0,4086.104718393325,207.94211449605896,1136.549155448897,0.0,0.0,0.0,0.0,0.0,0.0,0.0,0.0,0.0,6896.432583056663
t1238,605.3926602087259,41.74041979781068,0.0,0.0,0.0,0.0,792.880628336478,1750.24390325,0.0,0.0,0.0,0.0,0.0,0.0,0.0,0.0,0.0,3190.257611593014
t1239,0.0,0.0,0.0,0.0,0.0,0.0,0.0,0.0,0.0,0.0,0.0,0.0,0.0,0.0,0.0,0.0,0.0,0.0
t1240,0.0,0.0,0.0,0.0,0.0,0.0,0.0,0.0,0.0,0.0,0.0,0.0,0.0,0.0,0.0,0.0,0.0,0.0
t1241,0.0,0.0,0.0,0.0,0.0,0.0,0.0,0.0,0.0,0.0,0.0,0.0,0.0,0.0,0.0,0.0,0.0,0.0
t1242,0.0,0.0,0.0,0.0,0.0,0.0,0.0,0.0,0.0,0.0,0.0,0.0,0.0,0.0,0.0,0.0,0.0,0.0
t1243,0.0,0.0,0.0,0.0,0.0,0.0,0.0,0.0,0.0,0.0,0.0,0.0,0.0,0.0,0.0,0.0,0.0,0.0
t1244,0.0,0.0,0.0,0.0,0.0,0.0,0.0,0.0,0.0,0.0,0.0,0.0,0.0,0.0,0.0,0.0,0.0,0.0
t1245,0.0,0.0,0.0,0.0,0.0,0.0,0.0,0.0,0.0,0.0,0.0,0.0,0.0,0.0,0.0,0.0,0.0,0.0
t1246,0.0,0.0,0.0,0.0,0.0,0.0,0.0,0.0,0.0,0.0,0.0,0.0,0.0,0.0,0.0,0.0,0.0,0.0
t1247,0.0,0.0,0.0,0.0,0.0,0.0,0.0,0.0,0.0,0.0,0.0,0.0,0.0,0.0,0.0,0.0,0.0,0.0
t1248,0.0,0.0,0.0,0.0,0.0,0.0,0.0,0.0,0.0,0.0,0.0,0.0,0.0,0.0,0.0,0.0,0.0,0.0
t1249,0.0,0.0,0.0,0.0,0.0,0.0,0.0,0.0,0.0,0.0,0.0,0.0,0.0,0.0,0.0,0.0,0.0,0.0
t1250,0.0,0.0,0.0,0.0,0.0,0.0,0.0,0.0,0.0,0.0,0.0,0.0,0.0,0.0,0.0,0.0,0.0,0.0
t1251,0.0,0.0,0.0,0.0,0.0,0.0,0.0,0.0,0.0,0.0,0.0,0.0,0.0,0.0,0.0,0.0,0.0,0.0
t1252,0.0,0.0,0.0,0.0,0.0,0.0,0.0,0.0,0.0,0.0,0.0,0.0,0.0,0.0,0.0,0.0,0.0,0.0
t1253,0.0,0.0,0.0,0.0,0.0,0.0,0.0,0.0,0.0,0.0,0.0,0.0,0.0,0.0,0.0,0.0,0.0,0.0
t1254,0.0,0.0,0.0,0.0,0.0,0.0,0.0,0.0,0.0,0.0,0.0,0.0,0.0,0.0,0.0,0.0,0.0,0.0
t1255,0.0,0.0,0.0,0.0,0.0,0.0,0.0,0.0,0.0,0.0,0.0,0.0,0.0,0.0,0.0,0.0,0.0,0.0
t1256,106.09969766000022,13.704989047811257,0.0,0.0,0.0,3621.2061235390856,1307.048192011816,613.8181938920244,0.0,0.0,0.0,0.0,0.0,0.0,0.0,0.0,0.0,5661.877196150737
t1257,1096.09375,110.76923075,589.5959450274096,0.0,0.0,7785.0,0.0,1750.24390325,0.0,0.0,0.0,0.0,0.0,0.0,0.0,0.0,0.0,11331.70282902741
t1258,1096.09375,110.76923075,1458.0000000000002,0.0,0.0,4359.694853148032,1428.14371275,1515.1286749769658,0.0,0.0,0.0,0.0,0.0,0.0,0.0,0.0,0.0,9967.830221624998
t1259,1096.09375,110.76923075,1458.0000000000002,0.0,0.0,5291.968923713193,1428.14371275,1750.24390325,0.0,0.0,0.0,0.0,0.0,0.0,0.0,0.0,0.0,11135.219520463193
t1260,497.75081129999893,110.76923075,1288.482870387285,0.0,0.0,6042.971599634575,430.1051726754132,1750.24390325,0.0,0.0,0.0,0.0,0.0,0.0,0.0,0.0,0.0,10120.323587997273
t1261,46.559372300000234,0.0,1353.390887320572,0.0,0.0,4109.636348043628,1428.14371275,0.0,0.0,0.0,0.0,0.0,0.0,0.0,0.0,0.0,0.0,6937.7303204142
t1262,682.8473594687263,10.262319797810504,0.0,0.0,0.0,1613.9745770202783,0.0,0.0,0.0,0.0,0.0,0.0,0.0,0.0,0.0,0.0,0.0,2307.084256286815
t1263,0.0,0.0,0.0,0.0,0.0,0.0,0.0,0.0,0.0,0.0,0.0,0.0,0.0,0.0,0.0,0.0,0.0,0.0
t1264,0.0,0.0,0.0,0.0,0.0,0.0,0.0,0.0,0.0,0.0,0.0,0.0,0.0,0.0,0.0,0.0,0.0,0.0
t1265,0.0,0.0,0.0,0.0,0.0,0.0,0.0,0.0,0.0,0.0,0.0,0.0,0.0,0.0,0.0,0.0,0.0,0.0
t1266,0.0,0.0,0.0,0.0,0.0,0.0,0.0,0.0,0.0,0.0,0.0,0.0,0.0,0.0,0.0,0.0,0.0,0.0
t1267,0.0,0.0,0.0,0.0,0.0,0.0,0.0,0.0,0.0,0.0,0.0,0.0,0.0,0.0,0.0,0.0,0.0,0.0
t1268,0.0,0.0,0.0,0.0,0.0,0.0,0.0,0.0,0.0,0.0,0.0,0.0,0.0,0.0,0.0,0.0,0.0,0.0
t1269,0.0,0.0,0.0,0.0,0.0,0.0,0.0,0.0,0.0,0.0,0.0,0.0,0.0,0.0,0.0,0.0,0.0,0.0
t1270,0.0,0.0,0.0,0.0,0.0,0.0,0.0,0.0,0.0,0.0,0.0,0.0,0.0,0.0,0.0,0.0,0.0,0.0
t1271,0.0,0.0,0.0,0.0,0.0,0.0,0.0,0.0,0.0,0.0,0.0,0.0,0.0,0.0,0.0,0.0,0.0,0.0
t1272,0.0,0.0,0.0,0.0,0.0,0.0,0.0,0.0,0.0,0.0,0.0,0.0,0.0,0.0,0.0,0.0,0.0,0.0
t1273,0.0,0.0,0.0,0.0,0.0,0.0,0.0,0.0,0.0,0.0,0.0,0.0,0.0,0.0,0.0,0.0,0.0,0.0
t1274,0.0,0.0,0.0,0.0,0.0,0.0,0.0,0.0,0.0,0.0,0.0,0.0,0.0,0.0,0.0,0.0,0.0,0.0
t1275,0.0,0.0,0.0,0.0,0.0,0.0,0.0,0.0,0.0,0.0,0.0,0.0,0.0,0.0,0.0,0.0,0.0,0.0
t1276,0.0,0.0,0.0,0.0,0.0,0.0,0.0,0.0,0.0,0.0,0.0,0.0,0.0,0.0,0.0,0.0,0.0,0.0
t1277,0.0,0.0,0.0,0.0,0.0,0.0,0.0,0.0,0.0,0.0,0.0,0.0,0.0,0.0,0.0,0.0,0.0,0.0
t1278,0.0,0.0,0.0,0.0,0.0,0.0,0.0,0.0,0.0,0.0,0.0,0.0,0.0,0.0,0.0,0.0,0.0,0.0
t1279,0.0,0.0,0.0,0.0,0.0,0.0,0.0,0.0,0.0,0.0,0.0,0.0,0.0,0.0,0.0,0.0,0.0,0.0
t1280,1096.09375,0.0,1330.0563127705711,0.0,0.0,2471.7691581641357,940.7584093719312,1750.24390325,0.0,0.0,0.0,0.0,0.0,0.0,0.0,0.0,0.0,7588.921533556638
t1281,657.0567410687247,76.32011979781123,443.41338996469483,0.0,0.0,6396.763456670397,0.0,1750.24390325,0.0,0.0,0.0,0.0,0.0,0.0,0.0,0.0,0.0,9323.797610751628
t1282,1096.09375,110.76923075,1458.0000000000002,0.0,0.0,6080.709670701067,1428.14371275,1750.24390325,0.0,0.0,0.0,0.0,0.0,0.0,0.0,0.0,0.0,11923.960267451068
t1283,1096.09375,110.76923075,1458.0000000000002,0.0,0.0,6613.073147176567,1428.14371275,0.0,0.0,0.0,0.0,0.0,0.0,0.0,0.0,0.0,0.0,10706.079840676566
t1284,676.2004996600012,0.0,1458.0000000000002,0.0,0.0,5620.123608991728,0.0,1750.24390325,0.0,0.0,0.0,0.0,0.0,0.0,0.0,0.0,0.0,9504.56801190173
t1285,0.0,110.76923075,0.0,0.0,0.0,4912.861186503164,796.3949553152979,378.70296561899,0.0,0.0,0.0,0.0,0.0,0.0,0.0,0.0,0.0,6198.728338187452
t1286,0.0,58.41641979781059,0.0,0.0,0.0,729.152196891738,1428.14371275,0.0,0.0,0.0,0.0,0.0,0.0,0.0,0.0,0.0,0.0,2215.7123294395487
t1287,0.0,0.0,0.0,0.0,0.0,0.0,0.0,0.0,0.0,0.0,0.0,0.0,0.0,0.0,0.0,0.0,0.0,0.0
t1288,0.0,0.0,0.0,0.0,0.0,0.0,0.0,0.0,0.0,0.0,0.0,0.0,0.0,0.0,0.0,0.0,0.0,0.0
t1289,0.0,0.0,0.0,0.0,0.0,0.0,0.0,0.0,0.0,0.0,0.0,0.0,0.0,0.0,0.0,0.0,0.0,0.0
t1290,0.0,0.0,0.0,0.0,0.0,0.0,0.0,0.0,0.0,0.0,0.0,0.0,0.0,0.0,0.0,0.0,0.0,0.0
t1291,0.0,0.0,0.0,0.0,0.0,0.0,0.0,0.0,0.0,0.0,0.0,0.0,0.0,0.0,0.0,0.0,0.0,0.0
t1292,0.0,0.0,0.0,0.0,0.0,0.0,0.0,0.0,0.0,0.0,0.0,0.0,0.0,0.0,0.0,0.0,0.0,0.0
t1293,0.0,0.0,0.0,0.0,0.0,0.0,0.0,0.0,0.0,0.0,0.0,0.0,0.0,0.0,0.0,0.0,0.0,0.0
t1294,0.0,0.0,0.0,0.0,0.0,0.0,0.0,0.0,0.0,0.0,0.0,0.0,0.0,0.0,0.0,0.0,0.0,0.0
t1295,0.0,0.0,0.0,0.0,0.0,0.0,0.0,0.0,0.0,0.0,0.0,0.0,0.0,0.0,0.0,0.0,0.0,0.0
t1296,0.0,0.0,0.0,0.0,0.0,0.0,0.0,0.0,0.0,0.0,0.0,0.0,0.0,0.0,0.0,0.0,0.0,0.0
t1297,0.0,0.0,0.0,0.0,0.0,0.0,0.0,0.0,0.0,0.0,0.0,0.0,0.0,0.0,0.0,0.0,0.0,0.0
t1298,0.0,0.0,0.0,0.0,0.0,0.0,0.0,0.0,0.0,0.0,0.0,0.0,0.0,0.0,0.0,0.0,0.0,0.0
t1299,0.0,0.0,0.0,0.0,0.0,0.0,0.0,0.0,0.0,0.0,0.0,0.0,0.0,0.0,0.0,0.0,0.0,0.0
t1300,0.0,0.0,0.0,0.0,0.0,0.0,0.0,0.0,0.0,0.0,0.0,0.0,0.0,0.0,0.0,0.0,0.0,0.0
t1301,0.0,0.0,0.0,0.0,0.0,0.0,0.0,0.0,0.0,0.0,0.0,0.0,0.0,0.0,0.0,0.0,0.0,0.0
t1302,0.0,0.0,0.0,0.0,0.0,0.0,0.0,0.0,0.0,0.0,0.0,0.0,0.0,0.0,0.0,0.0,0.0,0.0
t1303,0.0,0.0,0.0,0.0,0.0,0.0,0.0,750.7312578896604,0.0,0.0,0.0,0.0,0.0,0.0,0.0,0.0,0.0,750.7312578896604
t1304,1096.09375,0.0,1458.0000000000002,0.0,0.0,4909.815513324986,1111.550791194426,0.0,0.0,0.0,0.0,0.0,0.0,0.0,0.0,0.0,0.0,8575.460054519412
t1305,1096.09375,110.76923075,1458.0000000000002,0.0,205.64162859796764,4365.817984475842,971.974464666123,1750.24390325,0.0,0.0,0.0,0.0,0.0,0.0,0.0,0.0,0.0,9958.540961739935
t1306,1096.09375,110.76923075,1458.0000000000002,0.0,818.5589385968235,7785.0,177.7536112502782,1750.24390325,0.0,0.0,0.0,0.0,0.0,0.0,0.0,0.0,0.0,13196.419433847102
t1307,1096.09375,20.284319797810703,0.0,0.0,882.9893388029907,7090.79004319927,1428.14371275,0.0,0.0,0.0,0.0,0.0,0.0,0.0,0.0,0.0,0.0,10518.30116455007
t1308,237.16349072872544,3.682989047811096,315.4697027352654,0.0,1007.2487167759216,7566.95139168763,1428.14371275,1750.24390325,0.0,0.0,0.0,0.0,0.0,0.0,0.0,0.0,0.0,12308.903906975354
t1309,0.0,110.76923075,1458.0000000000002,0.0,610.7853905176273,1106.0774924110672,0.0,0.0,0.0,0.0,0.0,0.0,0.0,0.0,0.0,0.0,0.0,3285.6321136786946
t1310,0.0,110.76923075,0.0,0.0,0.0,0.0,904.0182103264023,1378.2156109793302,0.0,0.0,0.0,0.0,0.0,0.0,0.0,0.0,0.0,2393.0030520557325
t1311,0.0,0.0,0.0,0.0,0.0,0.0,0.0,0.0,0.0,0.0,0.0,0.0,0.0,0.0,0.0,0.0,0.0,0.0
t1312,0.0,0.0,0.0,0.0,0.0,0.0,0.0,0.0,0.0,0.0,0.0,0.0,0.0,0.0,0.0,0.0,0.0,0.0
t1313,0.0,0.0,0.0,0.0,0.0,0.0,0.0,0.0,0.0,0.0,0.0,0.0,0.0,0.0,0.0,0.0,0.0,0.0
t1314,0.0,0.0,0.0,0.0,0.0,0.0,0.0,0.0,0.0,0.0,0.0,0.0,0.0,0.0,0.0,0.0,0.0,0.0
t1315,0.0,0.0,0.0,0.0,0.0,0.0,0.0,0.0,0.0,0.0,0.0,0.0,0.0,0.0,0.0,0.0,0.0,0.0
t1316,0.0,0.0,0.0,0.0,0.0,0.0,0.0,0.0,0.0,0.0,0.0,0.0,0.0,0.0,0.0,0.0,0.0,0.0
t1317,0.0,0.0,0.0,0.0,0.0,0.0,0.0,0.0,0.0,0.0,0.0,0.0,0.0,0.0,0.0,0.0,0.0,0.0
t1318,0.0,0.0,0.0,0.0,0.0,0.0,0.0,0.0,0.0,0.0,0.0,0.0,0.0,0.0,0.0,0.0,0.0,0.0
t1319,0.0,0.0,0.0,0.0,0.0,0.0,0.0,0.0,0.0,0.0,0.0,0.0,0.0,0.0,0.0,0.0,0.0,0.0
t1320,0.0,0.0,0.0,0.0,0.0,0.0,0.0,0.0,0.0,0.0,0.0,0.0,0.0,0.0,0.0,0.0,0.0,0.0
t1321,0.0,0.0,0.0,0.0,0.0,0.0,0.0,0.0,0.0,0.0,0.0,0.0,0.0,0.0,0.0,0.0,0.0,0.0
t1322,0.0,0.0,0.0,0.0,0.0,0.0,0.0,0.0,0.0,0.0,0.0,0.0,0.0,0.0,0.0,0.0,0.0,0.0
t1323,0.0,0.0,0.0,0.0,0.0,0.0,0.0,0.0,0.0,0.0,0.0,0.0,0.0,0.0,0.0,0.0,0.0,0.0
t1324,0.0,0.0,0.0,0.0,0.0,0.0,0.0,0.0,0.0,0.0,0.0,0.0,0.0,0.0,0.0,0.0,0.0,0.0
t1325,0.0,0.0,0.0,0.0,0.0,0.0,0.0,0.0,0.0,0.0,0.0,0.0,0.0,0.0,0.0,0.0,0.0,0.0
t1326,0.0,0.0,0.0,0.0,0.0,0.0,0.0,0.0,0.0,0.0,0.0,0.0,0.0,0.0,0.0,0.0,0.0,0.0
t1327,0.0,69.38483074999998,0.0,0.0,0.0,0.0,0.0,42.99782506852221,0.0,0.0,0.0,0.0,0.0,0.0,0.0,0.0,0.0,112.38265581852218
t1328,365.21542085999965,103.23561979781087,1458.0000000000002,0.0,0.0,4296.616129748605,1428.14371275,1750.24390325,0.0,0.0,0.0,0.0,0.0,0.0,0.0,0.0,0.0,9401.454786406415
t1329,0.0,110.76923075,1013.6098927541221,0.0,0.0,6433.206983432697,1428.14371275,1750.24390325,0.0,0.0,0.0,0.0,0.0,0.0,0.0,0.0,0.0,10735.973722936818
t1330,1096.09375,110.76923075,914.8411121905724,0.0,572.8840118754184,7217.246396354058,0.0,1750.24390325,0.0,0.0,0.0,0.0,0.0,0.0,0.0,0.0,0.0,11662.078404420048
t1331,968.0418198687255,72.88531979781094,0.0,0.0,531.0639718518378,6005.1834016736,1428.14371275,1567.7912238392314,0.0,0.0,0.0,0.0,0.0,0.0,0.0,0.0,0.0,10573.109449781205
t1332,1096.09375,0.0,0.0,0.0,772.3673871235827,5806.250913942474,883.3855931709968,518.157819961237,0.0,0.0,0.0,0.0,0.0,0.0,0.0,0.0,0.0,9076.255464198292
t1333,0.0,0.0,1458.0000000000002,0.0,0.0,3065.9485999473645,94.65817212069402,0.0,0.0,0.0,0.0,0.0,0.0,0.0,0.0,0.0,0.0,4618.6067720680585
t1334,1096.09375,0.0,1303.0186977905714,0.0,0.0,0.0,759.1095993955387,0.0,0.0,0.0,0.0,0.0,0.0,0.0,0.0,0.0,0.0,3158.22204718611
t1335,0.0,0.0,0.0,0.0,0.0,0.0,0.0,0.0,0.0,0.0,0.0,0.0,0.0,0.0,0.0,0.0,0.0,0.0
t1336,0.0,0.0,0.0,0.0,0.0,0.0,0.0,0.0,0.0,0.0,0.0,0.0,0.0,0.0,0.0,0.0,0.0,0.0
t1337,0.0,0.0,0.0,0.0,0.0,0.0,0.0,0.0,0.0,0.0,0.0,0.0,0.0,0.0,0.0,0.0,0.0,0.0
t1338,0.0,0.0,0.0,0.0,0.0,0.0,0.0,0.0,0.0,0.0,0.0,0.0,0.0,0.0,0.0,0.0,0.0,0.0
t1339,0.0,0.0,0.0,0.0,0.0,0.0,0.0,0.0,0.0,0.0,0.0,0.0,0.0,0.0,0.0,0.0,0.0,0.0
t1340,0.0,0.0,0.0,0.0,0.0,0.0,0.0,0.0,0.0,0.0,0.0,0.0,0.0,0.0,0.0,0.0,0.0,0.0
t1341,0.0,0.0,0.0,0.0,0.0,0.0,0.0,0.0,0.0,0.0,0.0,0.0,0.0,0.0,0.0,0.0,0.0,0.0
t1342,0.0,0.0,0.0,0.0,0.0,0.0,0.0,0.0,0.0,0.0,0.0,0.0,0.0,0.0,0.0,0.0,0.0,0.0
t1343,0.0,0.0,0.0,0.0,0.0,0.0,0.0,0.0,0.0,0.0,0.0,0.0,0.0,0.0,0.0,0.0,0.0,0.0
t1344,0.0,0.0,0.0,0.0,0.0,0.0,0.0,0.0,0.0,0.0,0.0,0.0,0.0,0.0,0.0,0.0,0.0,0.0
t1345,0.0,0.0,0.0,0.0,0.0,0.0,0.0,0.0,0.0,0.0,0.0,0.0,0.0,0.0,0.0,0.0,0.0,0.0
t1346,0.0,0.0,0.0,0.0,0.0,0.0,0.0,0.0,0.0,0.0,0.0,0.0,0.0,0.0,0.0,0.0,0.0,0.0
t1347,0.0,0.0,0.0,0.0,0.0,0.0,0.0,0.0,0.0,0.0,0.0,0.0,0.0,0.0,0.0,0.0,0.0,0.0
t1348,0.0,0.0,0.0,0.0,0.0,0.0,0.0,0.0,0.0,0.0,0.0,0.0,0.0,0.0,0.0,0.0,0.0,0.0
t1349,0.0,0.0,0.0,0.0,0.0,0.0,0.0,0.0,0.0,0.0,0.0,0.0,0.0,0.0,0.0,0.0,0.0,0.0
t1350,0.0,0.0,0.0,0.0,0.0,0.0,0.0,0.0,0.0,0.0,0.0,0.0,0.0,0.0,0.0,0.0,0.0,0.0
t1351,0.0,0.0,0.0,0.0,0.0,0.0,0.0,0.0,0.0,0.0,0.0,0.0,0.0,0.0,0.0,0.0,0.0,0.0
t1352,887.0573856199996,110.76923075,0.0,0.0,0.0,3227.474014917291,0.0,1750.24390325,0.0,0.0,0.0,0.0,0.0,0.0,0.0,0.0,0.0,5975.54453453729
t1353,1047.7330968200004,110.76923075,0.0,0.0,0.0,3337.4979177115174,1111.44633362,1750.24390325,0.0,0.0,0.0,0.0,0.0,0.0,0.0,0.0,0.0,7357.690482151517
t1354,1096.09375,6.237419797810839,0.0,0.0,0.0,3978.893663772463,0.0,1674.2901253810985,0.0,0.0,0.0,0.0,0.0,0.0,0.0,0.0,0.0,6755.514958951372
t1355,1096.09375,0.0,0.0,0.0,0.0,2932.2160857558442,1276.81104367,1044.462534884919,0.0,0.0,0.0,0.0,0.0,0.0,0.0,0.0,0.0,6349.583414310762
t1356,0.0,0.0,0.0,0.0,0.0,3630.648117047226,0.0,1075.6841913281628,0.0,0.0,0.0,0.0,0.0,0.0,0.0,0.0,0.0,4706.332308375389
t1357,494.5605082887255,0.0,0.0,0.0,0.0,1528.747309204377,1423.7225911899998,84.75392052481001,0.0,0.0,0.0,0.0,0.0,0.0,0.0,0.0,0.0,3531.784329207912
t1358,0.0,0.0,0.0,0.0,0.0,0.0,0.0,0.0,0.0,0.0,0.0,0.0,0.0,0.0,0.0,0.0,0.0,0.0
t1359,0.0,0.0,0.0,0.0,0.0,0.0,0.0,0.0,0.0,0.0,0.0,0.0,0.0,0.0,0.0,0.0,0.0,0.0
t1360,0.0,0.0,0.0,0.0,0.0,0.0,0.0,0.0,0.0,0.0,0.0,0.0,0.0,0.0,0.0,0.0,0.0,0.0
t1361,0.0,0.0,0.0,0.0,0.0,0.0,0.0,0.0,0.0,0.0,0.0,0.0,0.0,0.0,0.0,0.0,0.0,0.0
t1362,0.0,0.0,0.0,0.0,0.0,0.0,0.0,0.0,0.0,0.0,0.0,0.0,0.0,0.0,0.0,0.0,0.0,0.0
t1363,0.0,0.0,0.0,0.0,0.0,0.0,0.0,0.0,0.0,0.0,0.0,0.0,0.0,0.0,0.0,0.0,0.0,0.0
t1364,0.0,0.0,0.0,0.0,0.0,0.0,0.0,0.0,0.0,0.0,0.0,0.0,0.0,0.0,0.0,0.0,0.0,0.0
t1365,0.0,0.0,0.0,0.0,0.0,0.0,0.0,0.0,0.0,0.0,0.0,0.0,0.0,0.0,0.0,0.0,0.0,0.0
t1366,0.0,0.0,0.0,0.0,0.0,0.0,0.0,0.0,0.0,0.0,0.0,0.0,0.0,0.0,0.0,0.0,0.0,0.0
t1367,0.0,0.0,0.0,0.0,0.0,0.0,0.0,0.0,0.0,0.0,0.0,0.0,0.0,0.0,0.0,0.0,0.0,0.0
t1368,0.0,0.0,0.0,0.0,0.0,0.0,0.0,0.0,0.0,0.0,0.0,0.0,0.0,0.0,0.0,0.0,0.0,0.0
t1369,0.0,0.0,0.0,0.0,0.0,0.0,0.0,0.0,0.0,0.0,0.0,0.0,0.0,0.0,0.0,0.0,0.0,0.0
t1370,0.0,0.0,0.0,0.0,0.0,0.0,0.0,0.0,0.0,0.0,0.0,0.0,0.0,0.0,0.0,0.0,0.0,0.0
t1371,0.0,0.0,0.0,0.0,0.0,0.0,0.0,0.0,0.0,0.0,0.0,0.0,0.0,0.0,0.0,0.0,0.0,0.0
t1372,0.0,0.0,0.0,0.0,0.0,0.0,0.0,0.0,0.0,0.0,0.0,0.0,0.0,0.0,0.0,0.0,0.0,0.0
t1373,0.0,0.0,0.0,0.0,0.0,0.0,0.0,0.0,0.0,0.0,0.0,0.0,0.0,0.0,0.0,0.0,0.0,0.0
t1374,0.0,0.0,0.0,0.0,0.0,0.0,0.0,0.0,0.0,0.0,0.0,0.0,0.0,0.0,0.0,0.0,0.0,0.0
t1375,0.0,0.0,0.0,0.0,0.0,0.0,0.0,0.0,0.0,0.0,0.0,0.0,0.0,0.0,0.0,0.0,0.0,0.0
t1376,1096.09375,110.76923075,0.0,0.0,0.0,0.0,1101.7873524471715,1750.24390325,0.0,0.0,0.0,0.0,0.0,0.0,0.0,0.0,0.0,4058.8942364471714
t1377,1075.567199903851,110.76923075,0.0,0.0,0.0,2079.8395724375177,1326.85992106409,1750.24390325,0.0,0.0,0.0,0.0,0.0,0.0,0.0,0.0,0.0,6343.279827405458
t1378,1096.09375,110.76923075,0.0,0.0,0.0,2373.791084618555,1428.14371275,1750.24390325,0.0,0.0,0.0,0.0,0.0,0.0,0.0,0.0,0.0,6759.041681368555
t1379,552.44359692155,110.76923075,0.0,0.0,0.0,2383.935680214199,1357.5963964,1750.24390325,0.0,0.0,0.0,0.0,0.0,0.0,0.0,0.0,0.0,6154.9888075357485
t1380,801.3401939033256,23.967308845621766,0.0,0.0,444.0369658519365,1946.0048660964203,585.5774345000004,378.70296561899,0.0,0.0,0.0,0.0,0.0,0.0,0.0,0.0,0.0,4179.629734816294
t1381,0.0,0.0,0.0,0.0,0.0,0.0,0.0,0.0,0.0,0.0,0.0,0.0,0.0,0.0,0.0,0.0,0.0,0.0
t1382,0.0,0.0,0.0,0.0,0.0,0.0,0.0,0.0,0.0,0.0,0.0,0.0,0.0,0.0,0.0,0.0,0.0,0.0
t1383,0.0,0.0,0.0,0.0,0.0,0.0,0.0,0.0,0.0,0.0,0.0,0.0,0.0,0.0,0.0,0.0,0.0,0.0
t1384,0.0,0.0,0.0,0.0,0.0,0.0,0.0,0.0,0.0,0.0,0.0,0.0,0.0,0.0,0.0,0.0,0.0,0.0
t1385,0.0,0.0,0.0,0.0,0.0,0.0,0.0,0.0,0.0,0.0,0.0,0.0,0.0,0.0,0.0,0.0,0.0,0.0
t1386,0.0,0.0,0.0,0.0,0.0,0.0,0.0,0.0,0.0,0.0,0.0,0.0,0.0,0.0,0.0,0.0,0.0,0.0
t1387,0.0,0.0,0.0,0.0,0.0,0.0,0.0,0.0,0.0,0.0,0.0,0.0,0.0,0.0,0.0,0.0,0.0,0.0
t1388,0.0,0.0,0.0,0.0,0.0,0.0,0.0,0.0,0.0,0.0,0.0,0.0,0.0,0.0,0.0,0.0,0.0,0.0
t1389,0.0,0.0,0.0,0.0,0.0,0.0,0.0,0.0,0.0,0.0,0.0,0.0,0.0,0.0,0.0,0.0,0.0,0.0
t1390,0.0,0.0,0.0,0.0,0.0,0.0,0.0,0.0,0.0,0.0,0.0,0.0,0.0,0.0,0.0,0.0,0.0,0.0
t1391,0.0,0.0,0.0,0.0,0.0,0.0,0.0,0.0,0.0,0.0,0.0,0.0,0.0,0.0,0.0,0.0,0.0,0.0
t1392,0.0,0.0,0.0,0.0,0.0,0.0,0.0,0.0,0.0,0.0,0.0,0.0,0.0,0.0,0.0,0.0,0.0,0.0
t1393,0.0,0.0,0.0,0.0,0.0,0.0,0.0,0.0,0.0,0.0,0.0,0.0,0.0,0.0,0.0,0.0,0.0,0.0
t1394,0.0,0.0,0.0,0.0,0.0,0.0,0.0,0.0,0.0,0.0,0.0,0.0,0.0,0.0,0.0,0.0,0.0,0.0
t1395,0.0,0.0,0.0,0.0,0.0,0.0,0.0,0.0,0.0,0.0,0.0,0.0,0.0,0.0,0.0,0.0,0.0,0.0
t1396,0.0,0.0,0.0,0.0,0.0,0.0,0.0,0.0,0.0,0.0,0.0,0.0,0.0,0.0,0.0,0.0,0.0,0.0
t1397,0.0,0.0,0.0,0.0,0.0,0.0,0.0,0.0,0.0,0.0,0.0,0.0,0.0,0.0,0.0,0.0,0.0,0.0
t1398,0.0,0.0,0.0,0.0,0.0,0.0,0.0,0.0,0.0,0.0,0.0,0.0,0.0,0.0,0.0,0.0,0.0,0.0
t1399,0.0,0.0,0.0,0.0,0.0,0.0,0.0,0.0,0.0,0.0,0.0,0.0,0.0,0.0,0.0,0.0,0.0,0.0
t1400,456.58023049062325,0.0,0.0,0.0,0.0,0.0,0.0,0.0,0.0,0.0,0.0,0.0,0.0,0.0,0.0,0.0,0.0,456.58023049062325
t1401,1096.09375,110.76923075,0.0,0.0,0.0,1014.2616559060041,502.3613889799994,1092.5270784727393,0.0,0.0,0.0,0.0,0.0,0.0,0.0,0.0,0.0,3816.0131041087425
t1402,1096.09375,110.76923075,0.0,0.0,0.0,102.27092046473963,1255.7098261899998,424.0450341711081,0.0,0.0,0.0,0.0,0.0,0.0,0.0,0.0,0.0,2988.888761575847
t1403,1096.09375,0.0,0.0,0.0,0.0,0.0,0.0,0.0,0.0,0.0,0.0,0.0,0.0,0.0,0.0,0.0,0.0,1096.09375
t1404,0.0,0.0,0.0,0.0,0.0,0.0,0.0,0.0,0.0,0.0,0.0,0.0,0.0,0.0,0.0,0.0,0.0,0.0
t1405,0.0,0.0,0.0,0.0,0.0,0.0,0.0,0.0,0.0,0.0,0.0,0.0,0.0,0.0,0.0,0.0,0.0,0.0
t1406,0.0,0.0,0.0,0.0,0.0,0.0,0.0,0.0,0.0,0.0,0.0,0.0,0.0,0.0,0.0,0.0,0.0,0.0
t1407,0.0,0.0,0.0,0.0,0.0,0.0,0.0,0.0,0.0,0.0,0.0,0.0,0.0,0.0,0.0,0.0,0.0,0.0
t1408,0.0,0.0,0.0,0.0,0.0,0.0,0.0,0.0,0.0,0.0,0.0,0.0,0.0,0.0,0.0,0.0,0.0,0.0
t1409,0.0,0.0,0.0,0.0,0.0,0.0,0.0,0.0,0.0,0.0,0.0,0.0,0.0,0.0,0.0,0.0,0.0,0.0
t1410,0.0,0.0,0.0,0.0,0.0,0.0,0.0,0.0,0.0,0.0,0.0,0.0,0.0,0.0,0.0,0.0,0.0,0.0
t1411,0.0,0.0,0.0,0.0,0.0,0.0,0.0,0.0,0.0,0.0,0.0,0.0,0.0,0.0,0.0,0.0,0.0,0.0
t1412,0.0,0.0,0.0,0.0,0.0,0.0,0.0,0.0,0.0,0.0,0.0,0.0,0.0,0.0,0.0,0.0,0.0,0.0
t1413,0.0,0.0,0.0,0.0,0.0,0.0,0.0,0.0,0.0,0.0,0.0,0.0,0.0,0.0,0.0,0.0,0.0,0.0
t1414,0.0,0.0,0.0,0.0,0.0,0.0,0.0,0.0,0.0,0.0,0.0,0.0,0.0,0.0,0.0,0.0,0.0,0.0
t1415,0.0,0.0,0.0,0.0,0.0,0.0,0.0,0.0,0.0,0.0,0.0,0.0,0.0,0.0,0.0,0.0,0.0,0.0
t1416,0.0,0.0,0.0,0.0,0.0,0.0,0.0,0.0,0.0,0.0,0.0,0.0,0.0,0.0,0.0,0.0,0.0,0.0
t1417,0.0,0.0,0.0,0.0,0.0,0.0,0.0,0.0,0.0,0.0,0.0,0.0,0.0,0.0,0.0,0.0,0.0,0.0
t1418,0.0,0.0,0.0,0.0,0.0,0.0,0.0,0.0,0.0,0.0,0.0,0.0,0.0,0.0,0.0,0.0,0.0,0.0
t1419,0.0,0.0,0.0,0.0,0.0,0.0,0.0,0.0,0.0,0.0,0.0,0.0,0.0,0.0,0.0,0.0,0.0,0.0
t1420,0.0,0.0,0.0,0.0,0.0,0.0,0.0,0.0,0.0,0.0,0.0,0.0,0.0,0.0,0.0,0.0,0.0,0.0
t1421,0.0,0.0,0.0,0.0,0.0,0.0,0.0,0.0,0.0,0.0,0.0,0.0,0.0,0.0,0.0,0.0,0.0,0.0
t1422,0.0,0.0,0.0,0.0,0.0,0.0,0.0,0.0,0.0,0.0,0.0,0.0,0.0,0.0,0.0,0.0,0.0,0.0
t1423,0.0,0.0,0.0,0.0,0.0,0.0,0.0,0.0,0.0,0.0,0.0,0.0,0.0,0.0,0.0,0.0,0.0,0.0
t1424,956.7830465329552,0.0,0.0,0.0,0.0,910.095449482149,790.6189408400004,1750.24390325,0.0,0.0,0.0,0.0,0.0,0.0,0.0,0.0,0.0,4407.741340105104
t1425,1096.09375,110.76923075,0.0,0.0,0.0,3693.6054090024395,1047.56032546,1750.24390325,0.0,0.0,0.0,0.0,0.0,0.0,0.0,0.0,0.0,7698.272618462439
t1426,1096.09375,23.96730884562181,0.0,0.0,0.0,4882.109494087087,1428.14371275,1750.24390325,0.0,0.0,0.0,0.0,0.0,0.0,0.0,0.0,0.0,9180.55816893271
t1427,1096.09375,110.76923075,0.0,0.0,0.0,4846.832759762225,1428.14371275,1750.24390325,0.0,0.0,0.0,0.0,0.0,0.0,0.0,0.0,0.0,9232.083356512225
t1428,0.0,110.76923075,0.0,0.0,0.0,3065.694289439714,1254.1367378500001,378.70296561899,0.0,0.0,0.0,0.0,0.0,0.0,0.0,0.0,0.0,4809.303223658704
t1429,376.4741941957698,110.76923075,0.0,0.0,0.0,3872.0821683173517,72.98107328722794,0.0,0.0,0.0,0.0,0.0,0.0,0.0,0.0,0.0,0.0,4432.30666655035
t1430,0.0,0.0,0.0,0.0,0.0,473.50459232893115,0.0,0.0,0.0,0.0,0.0,0.0,0.0,0.0,0.0,0.0,0.0,473.50459232893115
t1431,0.0,0.0,0.0,0.0,0.0,0.0,0.0,0.0,0.0,0.0,0.0,0.0,0.0,0.0,0.0,0.0,0.0,0.0
t1432,0.0,0.0,0.0,0.0,0.0,0.0,0.0,0.0,0.0,0.0,0.0,0.0,0.0,0.0,0.0,0.0,0.0,0.0
t1433,0.0,0.0,0.0,0.0,0.0,0.0,0.0,0.0,0.0,0.0,0.0,0.0,0.0,0.0,0.0,0.0,0.0,0.0
t1434,0.0,0.0,0.0,0.0,0.0,0.0,0.0,0.0,0.0,0.0,0.0,0.0,0.0,0.0,0.0,0.0,0.0,0.0
t1435,0.0,0.0,0.0,0.0,0.0,0.0,0.0,0.0,0.0,0.0,0.0,0.0,0.0,0.0,0.0,0.0,0.0,0.0
t1436,0.0,0.0,0.0,0.0,0.0,0.0,0.0,0.0,0.0,0.0,0.0,0.0,0.0,0.0,0.0,0.0,0.0,0.0
t1437,0.0,0.0,0.0,0.0,0.0,0.0,0.0,0.0,0.0,0.0,0.0,0.0,0.0,0.0,0.0,0.0,0.0,0.0
t1438,0.0,0.0,0.0,0.0,0.0,0.0,0.0,0.0,0.0,0.0,0.0,0.0,0.0,0.0,0.0,0.0,0.0,0.0
t1439,0.0,0.0,0.0,0.0,0.0,0.0,0.0,0.0,0.0,0.0,0.0,0.0,0.0,0.0,0.0,0.0,0.0,0.0
t1440,0.0,0.0,0.0,0.0,0.0,0.0,0.0,0.0,0.0,0.0,0.0,0.0,0.0,0.0,0.0,0.0,0.0,0.0
t1441,0.0,0.0,0.0,0.0,0.0,0.0,0.0,0.0,0.0,0.0,0.0,0.0,0.0,0.0,0.0,0.0,0.0,0.0
t1442,0.0,0.0,0.0,0.0,0.0,0.0,0.0,0.0,0.0,0.0,0.0,0.0,0.0,0.0,0.0,0.0,0.0,0.0
t1443,0.0,0.0,0.0,0.0,0.0,0.0,0.0,0.0,0.0,0.0,0.0,0.0,0.0,0.0,0.0,0.0,0.0,0.0
t1444,0.0,0.0,0.0,0.0,0.0,0.0,0.0,0.0,0.0,0.0,0.0,0.0,0.0,0.0,0.0,0.0,0.0,0.0
t1445,0.0,0.0,0.0,0.0,0.0,0.0,0.0,0.0,0.0,0.0,0.0,0.0,0.0,0.0,0.0,0.0,0.0,0.0
t1446,0.0,0.0,0.0,0.0,0.0,0.0,0.0,0.0,0.0,0.0,0.0,0.0,0.0,0.0,0.0,0.0,0.0,0.0
t1447,0.0,0.0,0.0,0.0,0.0,0.0,0.0,0.0,0.0,0.0,0.0,0.0,0.0,0.0,0.0,0.0,0.0,0.0
t1448,1096.09375,14.799519797810634,883.9806412805724,0.0,0.0,2769.024168811908,309.0096519372287,1750.24390325,0.0,0.0,0.0,0.0,0.0,0.0,0.0,0.0,0.0,6823.151635077519
t1449,1096.09375,110.76923075,1458.0000000000002,0.0,0.0,4071.5364086098084,0.0,1750.24390325,0.0,0.0,0.0,0.0,0.0,0.0,0.0,0.0,0.0,8486.64329260981
t1450,10.131993882988693,110.76923075,1458.0000000000002,0.0,0.0,6263.03728558727,0.0,1750.24390325,0.0,0.0,0.0,0.0,0.0,0.0,0.0,0.0,0.0,9592.18241347026
t1451,1096.09375,0.0,104.96066124641243,0.0,0.0,7785.0,1428.14371275,155.72088775705421,0.0,0.0,0.0,0.0,0.0,0.0,0.0,0.0,0.0,10569.919011753465
t1452,760.9539853530803,9.167789047811146,1458.0000000000002,0.0,0.0,6334.480276934476,1428.14371275,1750.24390325,0.0,0.0,0.0,0.0,0.0,0.0,0.0,0.0,0.0,11740.989667335369
t1453,562.1712614926562,110.76923075,784.5284002082803,0.0,0.0,5487.618117408148,1428.14371275,222.98207786193575,0.0,0.0,0.0,0.0,0.0,0.0,0.0,0.0,0.0,8596.21280047102
t1454,0.0,110.76923075,0.0,0.0,0.0,113.75616774718169,1428.14371275,0.0,0.0,0.0,0.0,0.0,0.0,0.0,0.0,0.0,0.0,1652.6691112471817
t1455,0.0,0.0,0.0,0.0,0.0,0.0,0.0,0.0,0.0,0.0,0.0,0.0,0.0,0.0,0.0,0.0,0.0,0.0
t1456,0.0,0.0,0.0,0.0,0.0,0.0,0.0,0.0,0.0,0.0,0.0,0.0,0.0,0.0,0.0,0.0,0.0,0.0
t1457,0.0,0.0,0.0,0.0,0.0,0.0,0.0,0.0,0.0,0.0,0.0,0.0,0.0,0.0,0.0,0.0,0.0,0.0
t1458,0.0,0.0,0.0,0.0,0.0,0.0,0.0,0.0,0.0,0.0,0.0,0.0,0.0,0.0,0.0,0.0,0.0,0.0
t1459,0.0,0.0,0.0,0.0,0.0,0.0,0.0,0.0,0.0,0.0,0.0,0.0,0.0,0.0,0.0,0.0,0.0,0.0
t1460,0.0,0.0,0.0,0.0,0.0,0.0,0.0,0.0,0.0,0.0,0.0,0.0,0.0,0.0,0.0,0.0,0.0,0.0
t1461,0.0,0.0,0.0,0.0,0.0,0.0,0.0,0.0,0.0,0.0,0.0,0.0,0.0,0.0,0.0,0.0,0.0,0.0
t1462,0.0,0.0,0.0,0.0,0.0,0.0,0.0,0.0,0.0,0.0,0.0,0.0,0.0,0.0,0.0,0.0,0.0,0.0
t1463,0.0,0.0,0.0,0.0,0.0,0.0,0.0,0.0,0.0,0.0,0.0,0.0,0.0,0.0,0.0,0.0,0.0,0.0
t1464,0.0,0.0,0.0,0.0,0.0,0.0,0.0,0.0,0.0,0.0,0.0,0.0,0.0,0.0,0.0,0.0,0.0,0.0
t1465,0.0,0.0,0.0,0.0,0.0,0.0,0.0,0.0,0.0,0.0,0.0,0.0,0.0,0.0,0.0,0.0,0.0,0.0
t1466,0.0,0.0,0.0,0.0,0.0,0.0,0.0,0.0,0.0,0.0,0.0,0.0,0.0,0.0,0.0,0.0,0.0,0.0
t1467,0.0,0.0,0.0,0.0,0.0,0.0,0.0,0.0,0.0,0.0,0.0,0.0,0.0,0.0,0.0,0.0,0.0,0.0
t1468,0.0,0.0,0.0,0.0,0.0,0.0,0.0,0.0,0.0,0.0,0.0,0.0,0.0,0.0,0.0,0.0,0.0,0.0
t1469,0.0,0.0,0.0,0.0,0.0,0.0,0.0,0.0,0.0,0.0,0.0,0.0,0.0,0.0,0.0,0.0,0.0,0.0
t1470,0.0,0.0,0.0,0.0,0.0,0.0,0.0,0.0,0.0,0.0,0.0,0.0,0.0,0.0,0.0,0.0,0.0,0.0
t1471,0.0,0.0,523.875532260572,0.0,0.0,0.0,0.0,539.2733960922244,0.0,0.0,0.0,0.0,0.0,0.0,0.0,0.0,0.0,1063.1489283527962
t1472,757.3268601087253,0.0,438.0014419129788,0.0,0.0,7785.0,0.0,257.4917380133222,0.0,0.0,0.0,0.0,0.0,0.0,0.0,0.0,0.0,9237.820040035027
t1473,1096.09375,110.76923075,0.0,0.0,0.0,4072.5897388174294,454.31202495000014,1750.24390325,0.0,0.0,0.0,0.0,0.0,0.0,0.0,0.0,0.0,7484.008647767429
t1474,1096.09375,58.634719797811094,1458.0000000000002,0.0,1925.3319935936336,4480.0349229064195,849.3706819200002,0.0,0.0,0.0,0.0,0.0,0.0,0.0,0.0,0.0,0.0,9867.466068217864
t1475,0.0,110.76923075,333.2774143205719,0.0,3279.535382638201,5155.447786592979,1428.14371275,1750.24390325,0.0,0.0,0.0,0.0,0.0,0.0,0.0,0.0,0.0,12057.417430301753
t1476,1096.09375,110.76923075,1458.0000000000002,0.0,2879.6808784725777,1612.417928270574,960.05464844,1750.24390325,0.0,0.0,0.0,0.0,0.0,0.0,0.0,0.0,0.0,9867.260339183153
t1477,0.0,76.10181979781066,371.7090619205714,0.0,3973.2473109999996,3223.4750456527304,1379.1014649546441,1332.1817347634435,0.0,0.0,0.0,0.0,0.0,0.0,0.0,0.0,0.0,10355.8164380892
t1478,0.0,0.0,106.60625232057217,0.0,0.0,1158.6001861146672,707.4973234105541,0.0,0.0,0.0,0.0,0.0,0.0,0.0,0.0,0.0,0.0,1972.7037618457935
t1479,575.9303806200003,0.0,1458.0000000000002,0.0,0.0,5336.886816743991,243.10464651203128,0.0,0.0,0.0,0.0,0.0,0.0,0.0,0.0,0.0,0.0,7613.921843876024
t1480,0.0,0.0,0.0,0.0,0.0,0.0,0.0,0.0,0.0,0.0,0.0,0.0,0.0,0.0,0.0,0.0,0.0,0.0
t1481,0.0,0.0,0.0,0.0,0.0,0.0,0.0,0.0,0.0,0.0,0.0,0.0,0.0,0.0,0.0,0.0,0.0,0.0
t1482,0.0,0.0,0.0,0.0,0.0,0.0,0.0,0.0,0.0,0.0,0.0,0.0,0.0,0.0,0.0,0.0,0.0,0.0
t1483,0.0,0.0,0.0,0.0,0.0,0.0,0.0,0.0,0.0,0.0,0.0,0.0,0.0,0.0,0.0,0.0,0.0,0.0
t1484,0.0,0.0,0.0,0.0,0.0,0.0,0.0,0.0,0.0,0.0,0.0,0.0,0.0,0.0,0.0,0.0,0.0,0.0
t1485,0.0,0.0,0.0,0.0,0.0,0.0,0.0,0.0,0.0,0.0,0.0,0.0,0.0,0.0,0.0,0.0,0.0,0.0
t1486,0.0,0.0,0.0,0.0,0.0,0.0,0.0,0.0,0.0,0.0,0.0,0.0,0.0,0.0,0.0,0.0,0.0,0.0
t1487,0.0,0.0,0.0,0.0,0.0,0.0,0.0,0.0,0.0,0.0,0.0,0.0,0.0,0.0,0.0,0.0,0.0,0.0
t1488,0.0,0.0,0.0,0.0,0.0,0.0,0.0,0.0,0.0,0.0,0.0,0.0,0.0,0.0,0.0,0.0,0.0,0.0
t1489,0.0,0.0,0.0,0.0,0.0,0.0,0.0,0.0,0.0,0.0,0.0,0.0,0.0,0.0,0.0,0.0,0.0,0.0
t1490,0.0,0.0,0.0,0.0,0.0,0.0,0.0,0.0,0.0,0.0,0.0,0.0,0.0,0.0,0.0,0.0,0.0,0.0
t1491,0.0,0.0,0.0,0.0,0.0,0.0,0.0,0.0,0.0,0.0,0.0,0.0,0.0,0.0,0.0,0.0,0.0,0.0
t1492,0.0,0.0,0.0,0.0,0.0,0.0,0.0,0.0,0.0,0.0,0.0,0.0,0.0,0.0,0.0,0.0,0.0,0.0
t1493,0.0,0.0,0.0,0.0,0.0,0.0,0.0,0.0,0.0,0.0,0.0,0.0,0.0,0.0,0.0,0.0,0.0,0.0
t1494,0.0,0.0,0.0,0.0,0.0,0.0,0.0,0.0,0.0,0.0,0.0,0.0,0.0,0.0,0.0,0.0,0.0,0.0
t1495,132.64255706000077,0.0,817.0332818324076,0.0,0.0,0.0,0.0,319.90463142569774,0.0,0.0,0.0,0.0,0.0,0.0,0.0,0.0,0.0,1269.580470318106
t1496,1096.09375,0.0,0.0,0.0,0.0,3348.774091568696,0.0,291.97280156012505,0.0,0.0,0.0,0.0,0.0,0.0,0.0,0.0,0.0,4736.84064312882
t1497,1096.09375,0.0,185.04747378057203,0.0,0.0,2712.4189531181505,0.0,1083.167398671098,0.0,0.0,0.0,0.0,0.0,0.0,0.0,0.0,0.0,5076.727575569821
t1498,902.8221897510175,110.76923075,515.8339041505715,0.0,0.0,7574.759532720001,964.8805379469064,1750.24390325,0.0,0.0,0.0,0.0,0.0,0.0,0.0,0.0,0.0,11819.309298568498
t1499,268.5842903066864,110.76923075,1458.0000000000002,0.0,1535.3392549522812,4247.16363411825,1257.067640510319,1750.24390325,0.0,0.0,0.0,0.0,0.0,0.0,0.0,0.0,0.0,10627.167953887538
t1500,29.208203611020927,110.76923075,669.3375294205714,0.0,1428.686078083953,5066.4498588,1176.0544855996804,1101.156506050181,0.0,0.0,0.0,0.0,0.0,0.0,0.0,0.0,0.0,9581.661892315406
t1501,0.0,110.76923075,563.5579280305709,0.0,1730.865977697529,4346.590377348625,1096.7918339094404,0.0,0.0,0.0,0.0,0.0,0.0,0.0,0.0,0.0,0.0,7848.575347736166
t1502,0.0,0.0,480.6595855205722,0.0,0.0,2843.8865549549055,1052.3718968164035,0.0,0.0,0.0,0.0,0.0,0.0,0.0,0.0,0.0,0.0,4376.918037291882
t1503,1096.09375,23.967308845621766,0.0,0.0,0.0,0.0,474.4181081544797,1082.9894344118886,0.0,0.0,0.0,0.0,0.0,0.0,0.0,0.0,0.0,2677.4686014119898
t1504,0.0,0.0,1458.0000000000002,0.0,0.0,2684.4094224701644,0.0,0.0,0.0,0.0,0.0,0.0,0.0,0.0,0.0,0.0,0.0,4142.409422470165
t1505,0.0,0.0,0.0,0.0,0.0,0.0,0.0,0.0,0.0,0.0,0.0,0.0,0.0,0.0,0.0,0.0,0.0,0.0
t1506,0.0,0.0,0.0,0.0,0.0,0.0,0.0,0.0,0.0,0.0,0.0,0.0,0.0,0.0,0.0,0.0,0.0,0.0
t1507,0.0,0.0,0.0,0.0,0.0,0.0,0.0,0.0,0.0,0.0,0.0,0.0,0.0,0.0,0.0,0.0,0.0,0.0
t1508,0.0,0.0,0.0,0.0,0.0,0.0,0.0,0.0,0.0,0.0,0.0,0.0,0.0,0.0,0.0,0.0,0.0,0.0
t1509,0.0,0.0,0.0,0.0,0.0,0.0,0.0,0.0,0.0,0.0,0.0,0.0,0.0,0.0,0.0,0.0,0.0,0.0
t1510,0.0,0.0,0.0,0.0,0.0,0.0,0.0,0.0,0.0,0.0,0.0,0.0,0.0,0.0,0.0,0.0,0.0,0.0
t1511,0.0,0.0,0.0,0.0,0.0,0.0,0.0,0.0,0.0,0.0,0.0,0.0,0.0,0.0,0.0,0.0,0.0,0.0
t1512,0.0,0.0,0.0,0.0,0.0,0.0,0.0,0.0,0.0,0.0,0.0,0.0,0.0,0.0,0.0,0.0,0.0,0.0
t1513,0.0,0.0,0.0,0.0,0.0,0.0,0.0,0.0,0.0,0.0,0.0,0.0,0.0,0.0,0.0,0.0,0.0,0.0
t1514,0.0,0.0,0.0,0.0,0.0,0.0,0.0,0.0,0.0,0.0,0.0,0.0,0.0,0.0,0.0,0.0,0.0,0.0
t1515,0.0,0.0,0.0,0.0,0.0,0.0,0.0,0.0,0.0,0.0,0.0,0.0,0.0,0.0,0.0,0.0,0.0,0.0
t1516,0.0,0.0,0.0,0.0,0.0,0.0,0.0,0.0,0.0,0.0,0.0,0.0,0.0,0.0,0.0,0.0,0.0,0.0
t1517,0.0,0.0,0.0,0.0,0.0,0.0,0.0,0.0,0.0,0.0,0.0,0.0,0.0,0.0,0.0,0.0,0.0,0.0
t1518,0.0,0.0,0.0,0.0,0.0,0.0,0.0,0.0,0.0,0.0,0.0,0.0,0.0,0.0,0.0,0.0,0.0,0.0
t1519,0.0,0.0,0.0,0.0,0.0,0.0,0.0,0.0,0.0,0.0,0.0,0.0,0.0,0.0,0.0,0.0,0.0,0.0
t1520,16.761142365513244,110.76923075,64.47779276412214,0.0,0.0,6125.382474522348,0.0,1746.9247344614623,0.0,0.0,0.0,0.0,0.0,0.0,0.0,0.0,0.0,8064.315374863446
t1521,1096.09375,110.76923075,1458.0000000000002,0.0,0.0,0.0,1428.14371275,1614.1376253095398,0.0,0.0,0.0,0.0,0.0,0.0,0.0,0.0,0.0,5707.14431880954
t1522,1096.09375,0.0,60.06457702057186,0.0,0.0,7785.0,21.397017839497156,1690.0953303939514,0.0,0.0,0.0,0.0,0.0,0.0,0.0,0.0,0.0,10652.65067525402
t1523,855.6867996260795,110.76923075,190.9273329505718,0.0,0.0,2133.7991480597993,1428.14371275,1750.24390325,0.0,0.0,0.0,0.0,0.0,0.0,0.0,0.0,0.0,6469.570127386451
t1524,1096.09375,88.55391979781085,1458.0000000000002,0.0,0.0,7785.0,364.7020779100003,578.2769852040369,0.0,0.0,0.0,0.0,0.0,0.0,0.0,0.0,0.0,11370.626732911847
t1525,460.809298737133,46.18261979781089,1458.0000000000002,0.0,0.0,0.0,306.6764076100001,0.0,0.0,0.0,0.0,0.0,0.0,0.0,0.0,0.0,0.0,2271.6683261449443
t1526,0.0,0.0,0.0,0.0,0.0,7785.0,1428.14371275,0.0,0.0,0.0,0.0,0.0,0.0,0.0,0.0,0.0,0.0,9213.14371275
t1527,0.0,0.0,1458.0000000000002,0.0,0.0,1210.2708025166453,0.0,0.0,0.0,0.0,0.0,0.0,0.0,0.0,0.0,0.0,0.0,2668.2708025166457
t1528,0.0,0.0,0.0,0.0,0.0,0.0,1044.3778613277311,0.0,0.0,0.0,0.0,0.0,0.0,0.0,0.0,0.0,0.0,1044.3778613277311
t1529,0.0,0.0,0.0,0.0,0.0,0.0,0.0,0.0,0.0,0.0,0.0,0.0,0.0,0.0,0.0,0.0,0.0,0.0
t1530,0.0,0.0,0.0,0.0,0.0,0.0,0.0,0.0,0.0,0.0,0.0,0.0,0.0,0.0,0.0,0.0,0.0,0.0
t1531,0.0,0.0,0.0,0.0,0.0,0.0,0.0,0.0,0.0,0.0,0.0,0.0,0.0,0.0,0.0,0.0,0.0,0.0
t1532,0.0,0.0,0.0,0.0,0.0,0.0,0.0,0.0,0.0,0.0,0.0,0.0,0.0,0.0,0.0,0.0,0.0,0.0
t1533,0.0,0.0,0.0,0.0,0.0,0.0,0.0,0.0,0.0,0.0,0.0,0.0,0.0,0.0,0.0,0.0,0.0,0.0
t1534,0.0,0.0,0.0,0.0,0.0,0.0,0.0,0.0,0.0,0.0,0.0,0.0,0.0,0.0,0.0,0.0,0.0,0.0
t1535,0.0,0.0,0.0,0.0,0.0,0.0,0.0,0.0,0.0,0.0,0.0,0.0,0.0,0.0,0.0,0.0,0.0,0.0
t1536,0.0,0.0,0.0,0.0,0.0,0.0,0.0,0.0,0.0,0.0,0.0,0.0,0.0,0.0,0.0,0.0,0.0,0.0
t1537,0.0,0.0,0.0,0.0,0.0,0.0,0.0,0.0,0.0,0.0,0.0,0.0,0.0,0.0,0.0,0.0,0.0,0.0
t1538,0.0,0.0,0.0,0.0,0.0,0.0,0.0,0.0,0.0,0.0,0.0,0.0,0.0,0.0,0.0,0.0,0.0,0.0
t1539,0.0,0.0,0.0,0.0,0.0,0.0,0.0,0.0,0.0,0.0,0.0,0.0,0.0,0.0,0.0,0.0,0.0,0.0
t1540,0.0,0.0,0.0,0.0,0.0,0.0,0.0,0.0,0.0,0.0,0.0,0.0,0.0,0.0,0.0,0.0,0.0,0.0
t1541,0.0,0.0,0.0,0.0,0.0,0.0,0.0,0.0,0.0,0.0,0.0,0.0,0.0,0.0,0.0,0.0,0.0,0.0
t1542,0.0,0.0,0.0,0.0,0.0,0.0,0.0,0.0,0.0,0.0,0.0,0.0,0.0,0.0,0.0,0.0,0.0,0.0
t1543,0.0,0.0,0.0,0.0,0.0,0.0,0.0,0.0,0.0,0.0,0.0,0.0,0.0,0.0,0.0,0.0,0.0,0.0
t1544,0.0,13.193812870000155,183.41914647469397,0.0,0.0,0.0,1428.14371275,1676.8531082851493,0.0,0.0,0.0,0.0,0.0,0.0,0.0,0.0,0.0,3301.609780379844
t1545,1096.09375,110.76923075,1458.0000000000002,0.0,0.0,7785.0,433.56835453722823,1540.6258026204066,0.0,0.0,0.0,0.0,0.0,0.0,0.0,0.0,0.0,12424.057137907635
t1546,1096.09375,110.76923075,0.0,0.0,0.0,7785.0,122.79466062000033,1750.24390325,0.0,0.0,0.0,0.0,0.0,0.0,0.0,0.0,0.0,10864.901544620001
t1547,1096.09375,110.76923075,1458.0000000000002,0.0,0.0,7785.0,1428.14371275,817.1505610873462,0.0,0.0,0.0,0.0,0.0,0.0,0.0,0.0,0.0,12695.157254587346
t1548,692.3324416243278,39.30870692781093,132.0505562605718,0.0,0.0,4543.691230159999,657.7706835000004,0.0,0.0,0.0,0.0,0.0,0.0,0.0,0.0,0.0,0.0,6065.15361847271
t1549,0.0,82.2340197978107,1458.0000000000002,0.0,0.0,2390.564589659398,523.0196660299999,0.0,0.0,0.0,0.0,0.0,0.0,0.0,0.0,0.0,0.0,4453.818275487209
t1550,0.0,0.0,0.0,0.0,0.0,0.0,1428.14371275,0.0,0.0,0.0,0.0,0.0,0.0,0.0,0.0,0.0,0.0,1428.14371275
t1551,640.9247991043982,0.0,1458.0000000000002,0.0,0.0,2535.1966052793964,0.0,1594.8052033760866,0.0,0.0,0.0,0.0,0.0,0.0,0.0,0.0,0.0,6228.926607759882
t1552,0.0,0.0,0.0,0.0,0.0,0.0,0.0,0.0,0.0,0.0,0.0,0.0,0.0,0.0,0.0,0.0,0.0,0.0
t1553,0.0,0.0,0.0,0.0,0.0,0.0,0.0,0.0,0.0,0.0,0.0,0.0,0.0,0.0,0.0,0.0,0.0,0.0
t1554,0.0,0.0,0.0,0.0,0.0,0.0,0.0,0.0,0.0,0.0,0.0,0.0,0.0,0.0,0.0,0.0,0.0,0.0
t1555,0.0,0.0,0.0,0.0,0.0,0.0,0.0,0.0,0.0,0.0,0.0,0.0,0.0,0.0,0.0,0.0,0.0,0.0
t1556,0.0,0.0,0.0,0.0,0.0,0.0,0.0,0.0,0.0,0.0,0.0,0.0,0.0,0.0,0.0,0.0,0.0,0.0
t1557,0.0,0.0,0.0,0.0,0.0,0.0,0.0,0.0,0.0,0.0,0.0,0.0,0.0,0.0,0.0,0.0,0.0,0.0
t1558,0.0,0.0,0.0,0.0,0.0,0.0,0.0,0.0,0.0,0.0,0.0,0.0,0.0,0.0,0.0,0.0,0.0,0.0
t1559,0.0,0.0,0.0,0.0,0.0,0.0,0.0,0.0,0.0,0.0,0.0,0.0,0.0,0.0,0.0,0.0,0.0,0.0
t1560,0.0,0.0,0.0,0.0,0.0,0.0,0.0,0.0,0.0,0.0,0.0,0.0,0.0,0.0,0.0,0.0,0.0,0.0
t1561,0.0,0.0,0.0,0.0,0.0,0.0,0.0,0.0,0.0,0.0,0.0,0.0,0.0,0.0,0.0,0.0,0.0,0.0
t1562,0.0,0.0,0.0,0.0,0.0,0.0,0.0,0.0,0.0,0.0,0.0,0.0,0.0,0.0,0.0,0.0,0.0,0.0
t1563,0.0,0.0,0.0,0.0,0.0,0.0,0.0,0.0,0.0,0.0,0.0,0.0,0.0,0.0,0.0,0.0,0.0,0.0
t1564,0.0,0.0,0.0,0.0,0.0,0.0,0.0,0.0,0.0,0.0,0.0,0.0,0.0,0.0,0.0,0.0,0.0,0.0
t1565,0.0,0.0,0.0,0.0,0.0,0.0,0.0,0.0,0.0,0.0,0.0,0.0,0.0,0.0,0.0,0.0,0.0,0.0
t1566,0.0,0.0,0.0,0.0,0.0,0.0,0.0,0.0,0.0,0.0,0.0,0.0,0.0,0.0,0.0,0.0,0.0,0.0
t1567,0.0,0.0,0.0,0.0,0.0,0.0,0.0,0.0,0.0,0.0,0.0,0.0,0.0,0.0,0.0,0.0,0.0,0.0
t1568,764.9565002383495,110.76923075,0.0,0.0,0.0,0.0,0.0,925.915245554018,0.0,0.0,0.0,0.0,0.0,0.0,0.0,0.0,0.0,1801.6409765423675
t1569,980.1476805395191,110.76923075,1458.0000000000002,0.0,0.0,0.0,0.0,1750.24390325,0.0,0.0,0.0,0.0,0.0,0.0,0.0,0.0,0.0,4299.160814539519
t1570,1023.6789798390786,110.76923075,1458.0000000000002,0.0,0.0,5592.436767844068,937.5970589818562,1750.24390325,0.0,0.0,0.0,0.0,0.0,0.0,0.0,0.0,0.0,10872.725940665005
t1571,1096.09375,0.0,204.60993792057232,0.0,0.0,5088.588592639999,657.5020491899999,1465.2290637573074,0.0,0.0,0.0,0.0,0.0,0.0,0.0,0.0,0.0,8512.023393507878
t1572,0.0,86.12811979781118,532.8000616135505,0.0,0.0,4274.118357890958,1428.14371275,1488.046462807664,0.0,0.0,0.0,0.0,0.0,0.0,0.0,0.0,0.0,7809.236714859984
t1573,756.6615801117791,0.0,118.44406192057153,0.0,0.0,7785.0,1428.14371275,0.0,0.0,0.0,0.0,0.0,0.0,0.0,0.0,0.0,0.0,10088.24935478235
t1574,0.0,48.608419797810555,1458.0000000000002,0.0,0.0,286.80395482653256,1428.14371275,0.0,0.0,0.0,0.0,0.0,0.0,0.0,0.0,0.0,0.0,3221.5560873743434
t1575,0.0,0.0,0.0,0.0,0.0,7785.0,142.05425651537263,0.0,0.0,0.0,0.0,0.0,0.0,0.0,0.0,0.0,0.0,7927.054256515373
t1576,0.0,0.0,917.6156412805718,0.0,0.0,2012.5047518972367,0.0,0.0,0.0,0.0,0.0,0.0,0.0,0.0,0.0,0.0,0.0,2930.1203931778086
t1577,0.0,0.0,0.0,0.0,0.0,0.0,0.0,0.0,0.0,0.0,0.0,0.0,0.0,0.0,0.0,0.0,0.0,0.0
t1578,0.0,0.0,0.0,0.0,0.0,0.0,0.0,0.0,0.0,0.0,0.0,0.0,0.0,0.0,0.0,0.0,0.0,0.0
t1579,0.0,0.0,0.0,0.0,0.0,0.0,0.0,0.0,0.0,0.0,0.0,0.0,0.0,0.0,0.0,0.0,0.0,0.0
t1580,0.0,0.0,0.0,0.0,0.0,0.0,0.0,0.0,0.0,0.0,0.0,0.0,0.0,0.0,0.0,0.0,0.0,0.0
t1581,0.0,0.0,0.0,0.0,0.0,0.0,0.0,0.0,0.0,0.0,0.0,0.0,0.0,0.0,0.0,0.0,0.0,0.0
t1582,0.0,0.0,0.0,0.0,0.0,0.0,0.0,0.0,0.0,0.0,0.0,0.0,0.0,0.0,0.0,0.0,0.0,0.0
t1583,0.0,0.0,0.0,0.0,0.0,0.0,0.0,0.0,0.0,0.0,0.0,0.0,0.0,0.0,0.0,0.0,0.0,0.0
t1584,0.0,0.0,0.0,0.0,0.0,0.0,0.0,0.0,0.0,0.0,0.0,0.0,0.0,0.0,0.0,0.0,0.0,0.0
t1585,0.0,0.0,0.0,0.0,0.0,0.0,0.0,0.0,0.0,0.0,0.0,0.0,0.0,0.0,0.0,0.0,0.0,0.0
t1586,0.0,0.0,0.0,0.0,0.0,0.0,0.0,0.0,0.0,0.0,0.0,0.0,0.0,0.0,0.0,0.0,0.0,0.0
t1587,0.0,0.0,0.0,0.0,0.0,0.0,0.0,0.0,0.0,0.0,0.0,0.0,0.0,0.0,0.0,0.0,0.0,0.0
t1588,0.0,0.0,0.0,0.0,0.0,0.0,0.0,0.0,0.0,0.0,0.0,0.0,0.0,0.0,0.0,0.0,0.0,0.0
t1589,0.0,0.0,0.0,0.0,0.0,0.0,0.0,0.0,0.0,0.0,0.0,0.0,0.0,0.0,0.0,0.0,0.0,0.0
t1590,0.0,0.0,0.0,0.0,0.0,0.0,0.0,0.0,0.0,0.0,0.0,0.0,0.0,0.0,0.0,0.0,0.0,0.0
t1591,0.0,0.0,0.0,0.0,0.0,0.0,0.0,0.0,0.0,0.0,0.0,0.0,0.0,0.0,0.0,0.0,0.0,0.0
t1592,1096.09375,0.0,0.0,0.0,0.0,7678.434294327929,0.0,1750.24390325,0.0,0.0,0.0,0.0,0.0,0.0,0.0,0.0,0.0,10524.77194757793
t1593,237.16349072872498,110.76923075,1458.0000000000002,0.0,0.0,4468.103443400811,1428.14371275,1750.24390325,0.0,0.0,0.0,0.0,0.0,0.0,0.0,0.0,0.0,9452.423780879537
t1594,1096.09375,23.96730884562181,1028.3566895935512,0.0,0.0,4081.5887723779197,664.1592783972285,1235.5489619470334,0.0,0.0,0.0,0.0,0.0,0.0,0.0,0.0,0.0,8129.7147611613545
t1595,1096.09375,0.0,348.3805153105717,0.0,0.0,5976.760447081153,529.7729912700005,1750.24390325,0.0,0.0,0.0,0.0,0.0,0.0,0.0,0.0,0.0,9701.251606911725
t1596,0.0,110.76923075,306.9386722205718,0.0,0.0,6716.668661476928,1428.14371275,0.0,0.0,0.0,0.0,0.0,0.0,0.0,0.0,0.0,0.0,8562.5202771975
t1597,1096.09375,110.76923075,89.79382561057123,0.0,0.0,3822.2960676311154,543.2210950200007,893.3979069219565,0.0,0.0,0.0,0.0,0.0,0.0,0.0,0.0,0.0,6555.571875933644
t1598,0.0,110.76923075,1458.0000000000002,0.0,0.0,80.60073880293966,1428.14371275,0.0,0.0,0.0,0.0,0.0,0.0,0.0,0.0,0.0,0.0,3077.5136823029397
t1599,0.0,0.0,1458.0000000000002,0.0,0.0,0.0,0.0,0.0,0.0,0.0,0.0,0.0,0.0,0.0,0.0,0.0,0.0,1458.0000000000002
t1600,0.0,0.0,0.0,0.0,0.0,0.0,0.0,0.0,0.0,0.0,0.0,0.0,0.0,0.0,0.0,0.0,0.0,0.0
t1601,0.0,0.0,0.0,0.0,0.0,0.0,0.0,0.0,0.0,0.0,0.0,0.0,0.0,0.0,0.0,0.0,0.0,0.0
t1602,0.0,0.0,0.0,0.0,0.0,0.0,0.0,0.0,0.0,0.0,0.0,0.0,0.0,0.0,0.0,0.0,0.0,0.0
t1603,0.0,0.0,0.0,0.0,0.0,0.0,0.0,0.0,0.0,0.0,0.0,0.0,0.0,0.0,0.0,0.0,0.0,0.0
t1604,0.0,0.0,0.0,0.0,0.0,0.0,0.0,0.0,0.0,0.0,0.0,0.0,0.0,0.0,0.0,0.0,0.0,0.0
t1605,0.0,0.0,0.0,0.0,0.0,0.0,0.0,0.0,0.0,0.0,0.0,0.0,0.0,0.0,0.0,0.0,0.0,0.0
t1606,0.0,0.0,0.0,0.0,0.0,0.0,0.0,0.0,0.0,0.0,0.0,0.0,0.0,0.0,0.0,0.0,0.0,0.0
t1607,0.0,0.0,0.0,0.0,0.0,0.0,0.0,0.0,0.0,0.0,0.0,0.0,0.0,0.0,0.0,0.0,0.0,0.0
t1608,0.0,0.0,0.0,0.0,0.0,0.0,0.0,0.0,0.0,0.0,0.0,0.0,0.0,0.0,0.0,0.0,0.0,0.0
t1609,0.0,0.0,0.0,0.0,0.0,0.0,0.0,0.0,0.0,0.0,0.0,0.0,0.0,0.0,0.0,0.0,0.0,0.0
t1610,0.0,0.0,0.0,0.0,0.0,0.0,0.0,0.0,0.0,0.0,0.0,0.0,0.0,0.0,0.0,0.0,0.0,0.0
t1611,0.0,0.0,0.0,0.0,0.0,0.0,0.0,0.0,0.0,0.0,0.0,0.0,0.0,0.0,0.0,0.0,0.0,0.0
t1612,0.0,0.0,0.0,0.0,0.0,0.0,0.0,0.0,0.0,0.0,0.0,0.0,0.0,0.0,0.0,0.0,0.0,0.0
t1613,0.0,0.0,0.0,0.0,0.0,0.0,0.0,0.0,0.0,0.0,0.0,0.0,0.0,0.0,0.0,0.0,0.0,0.0
t1614,0.0,0.0,0.0,0.0,0.0,0.0,0.0,0.0,0.0,0.0,0.0,0.0,0.0,0.0,0.0,0.0,0.0,0.0
t1615,0.0,0.0,0.0,0.0,0.0,0.0,0.0,0.0,0.0,0.0,0.0,0.0,0.0,0.0,0.0,0.0,0.0,0.0
t1616,0.0,110.76923075,0.0,0.0,0.0,0.0,0.0,1101.4567799556532,0.0,0.0,0.0,0.0,0.0,0.0,0.0,0.0,0.0,1212.2260107056532
t1617,1096.09375,110.76923075,981.3587122441212,0.0,0.0,0.0,1428.14371275,1750.24390325,0.0,0.0,0.0,0.0,0.0,0.0,0.0,0.0,0.0,5366.6093089941205
t1618,1096.09375,110.76923075,1458.0000000000002,0.0,0.0,7304.905690025436,904.3796971772286,1750.24390325,0.0,0.0,0.0,0.0,0.0,0.0,0.0,0.0,0.0,12624.392271202665
t1619,1096.09375,0.0,1458.0000000000002,0.0,0.0,5284.014841194196,336.55612380999986,1602.8346965046405,0.0,0.0,0.0,0.0,0.0,0.0,0.0,0.0,0.0,9777.499411508838
t1620,555.5948486999995,110.76923075,109.06994059057281,0.0,0.0,6728.19812176,327.6087547599997,738.7742862958846,0.0,0.0,0.0,0.0,0.0,0.0,0.0,0.0,0.0,8570.015182856456
t1621,777.6623920287262,23.967308845621766,0.0,0.0,0.0,4567.594897057892,168.6087889400003,436.1250093628112,0.0,0.0,0.0,0.0,0.0,0.0,0.0,0.0,0.0,5973.958396235052
t1622,0.0,0.0,1458.0000000000002,0.0,0.0,0.0,1428.14371275,0.0,0.0,0.0,0.0,0.0,0.0,0.0,0.0,0.0,0.0,2886.1437127500003
t1623,0.0,0.0,0.0,0.0,0.0,6524.365401491884,1428.14371275,0.0,0.0,0.0,0.0,0.0,0.0,0.0,0.0,0.0,0.0,7952.509114241884
t1624,0.0,0.0,683.0410499005719,0.0,0.0,2415.3734735693806,0.0,0.0,0.0,0.0,0.0,0.0,0.0,0.0,0.0,0.0,0.0,3098.4145234699527
t1625,0.0,0.0,0.0,0.0,0.0,0.0,0.0,0.0,0.0,0.0,0.0,0.0,0.0,0.0,0.0,0.0,0.0,0.0
t1626,0.0,0.0,0.0,0.0,0.0,0.0,0.0,0.0,0.0,0.0,0.0,0.0,0.0,0.0,0.0,0.0,0.0,0.0
t1627,0.0,0.0,0.0,0.0,0.0,0.0,0.0,0.0,0.0,0.0,0.0,0.0,0.0,0.0,0.0,0.0,0.0,0.0
t1628,0.0,0.0,0.0,0.0,0.0,0.0,0.0,0.0,0.0,0.0,0.0,0.0,0.0,0.0,0.0,0.0,0.0,0.0
t1629,0.0,0.0,0.0,0.0,0.0,0.0,0.0,0.0,0.0,0.0,0.0,0.0,0.0,0.0,0.0,0.0,0.0,0.0
t1630,0.0,0.0,0.0,0.0,0.0,0.0,0.0,0.0,0.0,0.0,0.0,0.0,0.0,0.0,0.0,0.0,0.0,0.0
t1631,0.0,0.0,0.0,0.0,0.0,0.0,0.0,0.0,0.0,0.0,0.0,0.0,0.0,0.0,0.0,0.0,0.0,0.0
t1632,0.0,0.0,0.0,0.0,0.0,0.0,0.0,0.0,0.0,0.0,0.0,0.0,0.0,0.0,0.0,0.0,0.0,0.0
t1633,0.0,0.0,0.0,0.0,0.0,0.0,0.0,0.0,0.0,0.0,0.0,0.0,0.0,0.0,0.0,0.0,0.0,0.0
t1634,0.0,0.0,0.0,0.0,0.0,0.0,0.0,0.0,0.0,0.0,0.0,0.0,0.0,0.0,0.0,0.0,0.0,0.0
t1635,0.0,0.0,0.0,0.0,0.0,0.0,0.0,0.0,0.0,0.0,0.0,0.0,0.0,0.0,0.0,0.0,0.0,0.0
t1636,0.0,0.0,0.0,0.0,0.0,0.0,0.0,0.0,0.0,0.0,0.0,0.0,0.0,0.0,0.0,0.0,0.0,0.0
t1637,0.0,0.0,0.0,0.0,0.0,0.0,0.0,0.0,0.0,0.0,0.0,0.0,0.0,0.0,0.0,0.0,0.0,0.0
t1638,0.0,0.0,0.0,0.0,0.0,0.0,0.0,0.0,0.0,0.0,0.0,0.0,0.0,0.0,0.0,0.0,0.0,0.0
t1639,0.0,110.76923075,153.75078728057187,0.0,0.0,0.0,0.0,0.0,0.0,0.0,0.0,0.0,0.0,0.0,0.0,0.0,0.0,264.52001803057186
t1640,1096.09375,110.76923075,1224.2606201105723,0.0,0.0,0.0,132.4272831213647,1750.24390325,0.0,0.0,0.0,0.0,0.0,0.0,0.0,0.0,0.0,4313.794787231936
t1641,1096.09375,110.76923075,0.0,0.0,0.0,7785.0,109.13605812999982,1750.24390325,0.0,0.0,0.0,0.0,0.0,0.0,0.0,0.0,0.0,10851.24294213
t1642,1020.1803796976494,23.967308845621766,0.0,0.0,0.0,5900.324621055478,1214.0542126658638,1736.1523404489467,0.0,0.0,0.0,0.0,0.0,0.0,0.0,0.0,0.0,9894.67886271356
t1643,1096.09375,110.76923075,1458.0000000000002,0.0,0.0,7785.0,281.53581077000035,762.9017194316461,0.0,0.0,0.0,0.0,0.0,0.0,0.0,0.0,0.0,11494.300510951647
t1644,0.0,0.0,1458.0000000000002,0.0,0.0,7785.0,1428.14371275,347.8041608958768,0.0,0.0,0.0,0.0,0.0,0.0,0.0,0.0,0.0,11018.947873645877
t1645,313.07686103107653,0.0,0.0,0.0,0.0,0.0,1428.14371275,1032.33255134252,0.0,0.0,0.0,0.0,0.0,0.0,0.0,0.0,0.0,2773.5531251235966
t1646,0.0,0.0,758.5165197235498,0.0,0.0,3569.127804043317,1428.14371275,0.0,0.0,0.0,0.0,0.0,0.0,0.0,0.0,0.0,0.0,5755.788036516868
t1647,0.0,0.0,1094.9417756205721,0.0,0.0,0.0,0.0,0.0,0.0,0.0,0.0,0.0,0.0,0.0,0.0,0.0,0.0,1094.9417756205721
t1648,0.0,0.0,0.0,0.0,0.0,0.0,0.0,0.0,0.0,0.0,0.0,0.0,0.0,0.0,0.0,0.0,0.0,0.0
t1649,0.0,0.0,0.0,0.0,0.0,0.0,0.0,0.0,0.0,0.0,0.0,0.0,0.0,0.0,0.0,0.0,0.0,0.0
t1650,0.0,0.0,0.0,0.0,0.0,0.0,0.0,0.0,0.0,0.0,0.0,0.0,0.0,0.0,0.0,0.0,0.0,0.0
t1651,0.0,0.0,0.0,0.0,0.0,0.0,0.0,0.0,0.0,0.0,0.0,0.0,0.0,0.0,0.0,0.0,0.0,0.0
t1652,0.0,0.0,0.0,0.0,0.0,0.0,0.0,0.0,0.0,0.0,0.0,0.0,0.0,0.0,0.0,0.0,0.0,0.0
t1653,0.0,0.0,0.0,0.0,0.0,0.0,0.0,0.0,0.0,0.0,0.0,0.0,0.0,0.0,0.0,0.0,0.0,0.0
t1654,0.0,0.0,0.0,0.0,0.0,0.0,0.0,0.0,0.0,0.0,0.0,0.0,0.0,0.0,0.0,0.0,0.0,0.0
t1655,0.0,0.0,0.0,0.0,0.0,0.0,0.0,0.0,0.0,0.0,0.0,0.0,0.0,0.0,0.0,0.0,0.0,0.0
t1656,0.0,0.0,0.0,0.0,0.0,0.0,0.0,0.0,0.0,0.0,0.0,0.0,0.0,0.0,0.0,0.0,0.0,0.0
t1657,0.0,0.0,0.0,0.0,0.0,0.0,0.0,0.0,0.0,0.0,0.0,0.0,0.0,0.0,0.0,0.0,0.0,0.0
t1658,0.0,0.0,0.0,0.0,0.0,0.0,0.0,0.0,0.0,0.0,0.0,0.0,0.0,0.0,0.0,0.0,0.0,0.0
t1659,0.0,0.0,0.0,0.0,0.0,0.0,0.0,0.0,0.0,0.0,0.0,0.0,0.0,0.0,0.0,0.0,0.0,0.0
t1660,0.0,0.0,0.0,0.0,0.0,0.0,0.0,0.0,0.0,0.0,0.0,0.0,0.0,0.0,0.0,0.0,0.0,0.0
t1661,0.0,0.0,0.0,0.0,0.0,0.0,0.0,0.0,0.0,0.0,0.0,0.0,0.0,0.0,0.0,0.0,0.0,0.0
t1662,0.0,0.0,0.0,0.0,0.0,0.0,0.0,0.0,0.0,0.0,0.0,0.0,0.0,0.0,0.0,0.0,0.0,0.0
t1663,0.0,0.0,0.0,0.0,0.0,0.0,0.0,0.0,0.0,0.0,0.0,0.0,0.0,0.0,0.0,0.0,0.0,0.0
t1664,0.0,110.76923075,1253.815477914122,0.0,0.0,4387.2844188482895,0.0,0.0,0.0,0.0,0.0,0.0,0.0,0.0,0.0,0.0,0.0,5751.869127512411
t1665,339.823746468725,67.20971287000005,0.0,0.0,0.0,7785.0,1428.14371275,1519.09212942021,0.0,0.0,0.0,0.0,0.0,0.0,0.0,0.0,0.0,11139.269301508935
t1666,1096.09375,67.52682672562175,139.68030230057147,0.0,2255.2010343657917,5440.900023459452,797.4640274673616,0.0,0.0,0.0,0.0,0.0,0.0,0.0,0.0,0.0,0.0,9796.8659643188
t1667,1096.09375,110.76923075,1458.0000000000002,0.0,0.0,4978.9888755841575,1428.14371275,1750.24390325,0.0,0.0,0.0,0.0,0.0,0.0,0.0,0.0,0.0,10822.239472334159
t1668,1096.09375,110.76923075,379.9739225205725,0.0,477.9972154459835,5855.2477594495385,610.39029767,1750.24390325,0.0,0.0,0.0,0.0,0.0,0.0,0.0,0.0,0.0,10280.716079086094
t1669,993.4334942600008,0.0,1458.0000000000002,0.0,632.973139673219,0.0,813.0104005246266,1355.7791397291317,0.0,0.0,0.0,0.0,0.0,0.0,0.0,0.0,0.0,5253.196174186978
t1670,0.0,0.0,0.0,0.0,371.4265866679206,0.0,944.4323517752417,1004.3195029696475,0.0,0.0,0.0,0.0,0.0,0.0,0.0,0.0,0.0,2320.1784414128097
t1671,0.0,0.0,1458.0000000000002,0.0,0.0,4377.031347757355,0.0,0.0,0.0,0.0,0.0,0.0,0.0,0.0,0.0,0.0,0.0,5835.031347757355
t1672,0.0,0.0,0.0,0.0,0.0,0.0,0.0,0.0,0.0,0.0,0.0,0.0,0.0,0.0,0.0,0.0,0.0,0.0
t1673,0.0,0.0,0.0,0.0,0.0,0.0,0.0,0.0,0.0,0.0,0.0,0.0,0.0,0.0,0.0,0.0,0.0,0.0
t1674,0.0,0.0,0.0,0.0,0.0,0.0,0.0,0.0,0.0,0.0,0.0,0.0,0.0,0.0,0.0,0.0,0.0,0.0
t1675,0.0,0.0,0.0,0.0,0.0,0.0,0.0,0.0,0.0,0.0,0.0,0.0,0.0,0.0,0.0,0.0,0.0,0.0
t1676,0.0,0.0,0.0,0.0,0.0,0.0,0.0,0.0,0.0,0.0,0.0,0.0,0.0,0.0,0.0,0.0,0.0,0.0
t1677,0.0,0.0,0.0,0.0,0.0,0.0,0.0,0.0,0.0,0.0,0.0,0.0,0.0,0.0,0.0,0.0,0.0,0.0
t1678,0.0,0.0,0.0,0.0,0.0,0.0,0.0,0.0,0.0,0.0,0.0,0.0,0.0,0.0,0.0,0.0,0.0,0.0
t1679,0.0,0.0,0.0,0.0,0.0,0.0,0.0,0.0,0.0,0.0,0.0,0.0,0.0,0.0,0.0,0.0,0.0,0.0
t1680,0.0,0.0,0.0,0.0,0.0,0.0,0.0,0.0,0.0,0.0,0.0,0.0,0.0,0.0,0.0,0.0,0.0,0.0
t1681,0.0,0.0,0.0,0.0,0.0,0.0,0.0,0.0,0.0,0.0,0.0,0.0,0.0,0.0,0.0,0.0,0.0,0.0
t1682,0.0,0.0,0.0,0.0,0.0,0.0,0.0,0.0,0.0,0.0,0.0,0.0,0.0,0.0,0.0,0.0,0.0,0.0
t1683,0.0,0.0,0.0,0.0,0.0,0.0,0.0,0.0,0.0,0.0,0.0,0.0,0.0,0.0,0.0,0.0,0.0,0.0
t1684,0.0,0.0,0.0,0.0,0.0,0.0,0.0,0.0,0.0,0.0,0.0,0.0,0.0,0.0,0.0,0.0,0.0,0.0
t1685,0.0,0.0,0.0,0.0,0.0,0.0,0.0,0.0,0.0,0.0,0.0,0.0,0.0,0.0,0.0,0.0,0.0,0.0
t1686,0.0,0.0,0.0,0.0,0.0,0.0,0.0,0.0,0.0,0.0,0.0,0.0,0.0,0.0,0.0,0.0,0.0,0.0
t1687,0.0,0.0,0.0,0.0,0.0,0.0,0.0,0.0,0.0,0.0,0.0,0.0,0.0,0.0,0.0,0.0,0.0,0.0
t1688,0.0,0.0,0.0,0.0,0.0,0.0,0.0,0.0,0.0,0.0,0.0,0.0,0.0,0.0,0.0,0.0,0.0,0.0
t1689,0.0,0.0,0.0,0.0,0.0,0.0,72.86594643000032,751.6057995300214,0.0,0.0,0.0,0.0,0.0,0.0,0.0,0.0,0.0,824.4717459600217
t1690,1096.09375,110.76923075,846.6544980805719,0.0,0.0,2286.812299925911,495.90169038722934,1750.24390325,0.0,0.0,0.0,0.0,0.0,0.0,0.0,0.0,0.0,6586.475372393711
t1691,1096.09375,110.76923075,999.7895422699997,0.0,0.0,5198.213036629543,1084.69276015,1750.24390325,0.0,0.0,0.0,0.0,0.0,0.0,0.0,0.0,0.0,10239.802223049543
t1692,980.4564200487258,110.76923075,1458.0000000000002,0.0,0.0,7785.0,1307.0478037099997,1131.0892485210343,0.0,0.0,0.0,0.0,0.0,0.0,0.0,0.0,0.0,12772.362703029761
t1693,1096.09375,23.967308845621766,1253.2627035799994,0.0,0.0,7785.0,1282.52803,224.65061808601035,0.0,0.0,0.0,0.0,0.0,0.0,0.0,0.0,0.0,11665.502410511632
t1694,352.80082068,0.0,1109.6141798605722,0.0,0.0,5442.716191325365,1078.1793154900004,1750.24390325,0.0,0.0,0.0,0.0,0.0,0.0,0.0,0.0,0.0,9733.554410605939
t1695,0.0,110.76923075,480.14877894412183,0.0,0.0,4326.710897217973,700.3689567700004,21.60120273192334,0.0,0.0,0.0,0.0,0.0,0.0,0.0,0.0,0.0,5639.599066414018
t1696,0.0,0.0,0.0,0.0,0.0,0.0,0.0,0.0,0.0,0.0,0.0,0.0,0.0,0.0,0.0,0.0,0.0,0.0
t1697,0.0,0.0,0.0,0.0,0.0,0.0,0.0,0.0,0.0,0.0,0.0,0.0,0.0,0.0,0.0,0.0,0.0,0.0
t1698,0.0,0.0,0.0,0.0,0.0,0.0,0.0,0.0,0.0,0.0,0.0,0.0,0.0,0.0,0.0,0.0,0.0,0.0
t1699,0.0,0.0,0.0,0.0,0.0,0.0,0.0,0.0,0.0,0.0,0.0,0.0,0.0,0.0,0.0,0.0,0.0,0.0
t1700,0.0,0.0,0.0,0.0,0.0,0.0,0.0,0.0,0.0,0.0,0.0,0.0,0.0,0.0,0.0,0.0,0.0,0.0
t1701,0.0,0.0,0.0,0.0,0.0,0.0,0.0,0.0,0.0,0.0,0.0,0.0,0.0,0.0,0.0,0.0,0.0,0.0
t1702,0.0,0.0,0.0,0.0,0.0,0.0,0.0,0.0,0.0,0.0,0.0,0.0,0.0,0.0,0.0,0.0,0.0,0.0
t1703,0.0,0.0,0.0,0.0,0.0,0.0,0.0,0.0,0.0,0.0,0.0,0.0,0.0,0.0,0.0,0.0,0.0,0.0
t1704,0.0,0.0,0.0,0.0,0.0,0.0,0.0,0.0,0.0,0.0,0.0,0.0,0.0,0.0,0.0,0.0,0.0,0.0
t1705,0.0,0.0,0.0,0.0,0.0,0.0,0.0,0.0,0.0,0.0,0.0,0.0,0.0,0.0,0.0,0.0,0.0,0.0
t1706,0.0,0.0,0.0,0.0,0.0,0.0,0.0,0.0,0.0,0.0,0.0,0.0,0.0,0.0,0.0,0.0,0.0,0.0
t1707,0.0,0.0,0.0,0.0,0.0,0.0,0.0,0.0,0.0,0.0,0.0,0.0,0.0,0.0,0.0,0.0,0.0,0.0
t1708,0.0,0.0,0.0,0.0,0.0,0.0,0.0,0.0,0.0,0.0,0.0,0.0,0.0,0.0,0.0,0.0,0.0,0.0
t1709,0.0,0.0,0.0,0.0,0.0,0.0,0.0,0.0,0.0,0.0,0.0,0.0,0.0,0.0,0.0,0.0,0.0,0.0
t1710,0.0,0.0,0.0,0.0,0.0,0.0,0.0,0.0,0.0,0.0,0.0,0.0,0.0,0.0,0.0,0.0,0.0,0.0
t1711,0.0,0.0,0.0,0.0,0.0,0.0,0.0,0.0,0.0,0.0,0.0,0.0,0.0,0.0,0.0,0.0,0.0,0.0
t1712,0.0,0.0,0.0,0.0,0.0,0.0,0.0,0.0,0.0,0.0,0.0,0.0,0.0,0.0,0.0,0.0,0.0,0.0
t1713,1096.09375,23.96730884562181,411.76088719999973,0.0,0.0,0.0,0.0,72.61952387301308,0.0,0.0,0.0,0.0,0.0,0.0,0.0,0.0,0.0,1604.4414699186348
t1714,0.0,110.76923075,1017.5264015999996,0.0,0.0,4755.099272763068,861.3718202272278,0.0,0.0,0.0,0.0,0.0,0.0,0.0,0.0,0.0,0.0,6744.766725340295
t1715,1096.09375,110.76923075,1374.6711727999998,0.0,0.0,6416.822351889839,1221.7468962200005,1750.24390325,0.0,0.0,0.0,0.0,0.0,0.0,0.0,0.0,0.0,11970.34730490984
t1716,1096.09375,0.0,1250.8677858052667,0.0,0.0,7785.0,1428.14371275,1369.2004866474047,0.0,0.0,0.0,0.0,0.0,0.0,0.0,0.0,0.0,12929.305735202672
t1717,0.0,0.0,1431.08976234,0.0,0.0,7785.0,1209.2289019300003,1379.1261954138472,0.0,0.0,0.0,0.0,0.0,0.0,0.0,0.0,0.0,11804.444859683848
t1718,1096.09375,110.76923075,0.0,0.0,0.0,3751.1846253307767,915.4353808300004,1058.2445661847262,0.0,0.0,0.0,0.0,0.0,0.0,0.0,0.0,0.0,6931.727553095503
t1719,237.16349072872544,110.76923075,661.55369299,0.0,0.0,2331.34617511511,385.6577909800003,1750.24390325,0.0,0.0,0.0,0.0,0.0,0.0,0.0,0.0,0.0,5476.734283813836
t1720,0.0,0.0,0.0,0.0,0.0,0.0,0.0,0.0,0.0,0.0,0.0,0.0,0.0,0.0,0.0,0.0,0.0,0.0
t1721,0.0,0.0,0.0,0.0,0.0,0.0,0.0,0.0,0.0,0.0,0.0,0.0,0.0,0.0,0.0,0.0,0.0,0.0
t1722,0.0,0.0,0.0,0.0,0.0,0.0,0.0,0.0,0.0,0.0,0.0,0.0,0.0,0.0,0.0,0.0,0.0,0.0
t1723,0.0,0.0,0.0,0.0,0.0,0.0,0.0,0.0,0.0,0.0,0.0,0.0,0.0,0.0,0.0,0.0,0.0,0.0
t1724,0.0,0.0,0.0,0.0,0.0,0.0,0.0,0.0,0.0,0.0,0.0,0.0,0.0,0.0,0.0,0.0,0.0,0.0
t1725,0.0,0.0,0.0,0.0,0.0,0.0,0.0,0.0,0.0,0.0,0.0,0.0,0.0,0.0,0.0,0.0,0.0,0.0
t1726,0.0,0.0,0.0,0.0,0.0,0.0,0.0,0.0,0.0,0.0,0.0,0.0,0.0,0.0,0.0,0.0,0.0,0.0
t1727,0.0,0.0,0.0,0.0,0.0,0.0,0.0,0.0,0.0,0.0,0.0,0.0,0.0,0.0,0.0,0.0,0.0,0.0
t1728,0.0,0.0,0.0,0.0,0.0,0.0,0.0,0.0,0.0,0.0,0.0,0.0,0.0,0.0,0.0,0.0,0.0,0.0
t1729,0.0,0.0,0.0,0.0,0.0,0.0,0.0,0.0,0.0,0.0,0.0,0.0,0.0,0.0,0.0,0.0,0.0,0.0
t1730,0.0,0.0,0.0,0.0,0.0,0.0,0.0,0.0,0.0,0.0,0.0,0.0,0.0,0.0,0.0,0.0,0.0,0.0
t1731,0.0,0.0,0.0,0.0,0.0,0.0,0.0,0.0,0.0,0.0,0.0,0.0,0.0,0.0,0.0,0.0,0.0,0.0
t1732,0.0,0.0,0.0,0.0,0.0,0.0,0.0,0.0,0.0,0.0,0.0,0.0,0.0,0.0,0.0,0.0,0.0,0.0
t1733,0.0,0.0,0.0,0.0,0.0,0.0,0.0,0.0,0.0,0.0,0.0,0.0,0.0,0.0,0.0,0.0,0.0,0.0
t1734,0.0,0.0,0.0,0.0,0.0,0.0,0.0,0.0,0.0,0.0,0.0,0.0,0.0,0.0,0.0,0.0,0.0,0.0
t1735,0.0,0.0,0.0,0.0,0.0,0.0,0.0,0.0,0.0,0.0,0.0,0.0,0.0,0.0,0.0,0.0,0.0,0.0
t1736,0.0,0.0,0.0,0.0,0.0,0.0,0.0,0.0,0.0,0.0,0.0,0.0,0.0,0.0,0.0,0.0,0.0,0.0
t1737,281.2970693400002,110.76923075,381.15885851999997,0.0,0.0,1563.779154294999,83.57345175000042,1750.24390325,0.0,0.0,0.0,0.0,0.0,0.0,0.0,0.0,0.0,4170.821667904999
t1738,1096.09375,23.96730884562181,946.0225435399997,0.0,0.0,4883.877284470337,1275.4863874872294,0.0,0.0,0.0,0.0,0.0,0.0,0.0,0.0,0.0,0.0,8225.447274343189
t1739,167.26338204872528,0.0,1235.2748777200002,0.0,0.0,7785.0,1087.3723539699997,427.1042864530168,0.0,0.0,0.0,0.0,0.0,0.0,0.0,0.0,0.0,10702.014900191743
t1740,884.6967893399998,110.76923075,1344.8602306999996,0.0,0.0,7117.738995758797,1190.2720036900005,1750.24390325,0.0,0.0,0.0,0.0,0.0,0.0,0.0,0.0,0.0,12398.581153488798
t1741,1096.09375,110.76923075,1307.67993099,0.0,0.0,6819.057037399489,1428.14371275,0.0,0.0,0.0,0.0,0.0,0.0,0.0,0.0,0.0,0.0,10761.743661889488
t1742,0.0,110.76923075,932.4732612652664,0.0,0.0,4133.140473460521,646.2151574900001,1750.24390325,0.0,0.0,0.0,0.0,0.0,0.0,0.0,0.0,0.0,7572.842026215787
t1743,1096.09375,0.0,0.0,0.0,0.0,521.8594797146482,310.5214358000001,1701.8425824159729,0.0,0.0,0.0,0.0,0.0,0.0,0.0,0.0,0.0,3630.3172479306213
t1744,0.0,0.0,0.0,0.0,0.0,0.0,0.0,0.0,0.0,0.0,0.0,0.0,0.0,0.0,0.0,0.0,0.0,0.0
t1745,0.0,0.0,0.0,0.0,0.0,0.0,0.0,0.0,0.0,0.0,0.0,0.0,0.0,0.0,0.0,0.0,0.0,0.0
t1746,0.0,0.0,0.0,0.0,0.0,0.0,0.0,0.0,0.0,0.0,0.0,0.0,0.0,0.0,0.0,0.0,0.0,0.0
t1747,0.0,0.0,0.0,0.0,0.0,0.0,0.0,0.0,0.0,0.0,0.0,0.0,0.0,0.0,0.0,0.0,0.0,0.0
t1748,0.0,0.0,0.0,0.0,0.0,0.0,0.0,0.0,0.0,0.0,0.0,0.0,0.0,0.0,0.0,0.0,0.0,0.0
t1749,0.0,0.0,0.0,0.0,0.0,0.0,0.0,0.0,0.0,0.0,0.0,0.0,0.0,0.0,0.0,0.0,0.0,0.0
t1750,0.0,0.0,0.0,0.0,0.0,0.0,0.0,0.0,0.0,0.0,0.0,0.0,0.0,0.0,0.0,0.0,0.0,0.0
t1751,0.0,0.0,0.0,0.0,0.0,0.0,0.0,0.0,0.0,0.0,0.0,0.0,0.0,0.0,0.0,0.0,0.0,0.0
t1752,0.0,0.0,0.0,0.0,0.0,0.0,0.0,0.0,0.0,0.0,0.0,0.0,0.0,0.0,0.0,0.0,0.0,0.0
t1753,0.0,0.0,0.0,0.0,0.0,0.0,0.0,0.0,0.0,0.0,0.0,0.0,0.0,0.0,0.0,0.0,0.0,0.0
t1754,0.0,0.0,0.0,0.0,0.0,0.0,0.0,0.0,0.0,0.0,0.0,0.0,0.0,0.0,0.0,0.0,0.0,0.0
t1755,0.0,0.0,0.0,0.0,0.0,0.0,0.0,0.0,0.0,0.0,0.0,0.0,0.0,0.0,0.0,0.0,0.0,0.0
t1756,0.0,0.0,0.0,0.0,0.0,0.0,0.0,0.0,0.0,0.0,0.0,0.0,0.0,0.0,0.0,0.0,0.0,0.0
t1757,0.0,0.0,0.0,0.0,0.0,0.0,0.0,0.0,0.0,0.0,0.0,0.0,0.0,0.0,0.0,0.0,0.0,0.0
t1758,0.0,0.0,0.0,0.0,0.0,0.0,0.0,0.0,0.0,0.0,0.0,0.0,0.0,0.0,0.0,0.0,0.0,0.0
t1759,0.0,0.0,0.0,0.0,0.0,0.0,0.0,0.0,0.0,0.0,0.0,0.0,0.0,0.0,0.0,0.0,0.0,0.0
t1760,0.0,0.0,0.0,0.0,0.0,0.0,0.0,0.0,0.0,0.0,0.0,0.0,0.0,0.0,0.0,0.0,0.0,0.0
t1761,266.4953420600001,0.0,290.3370518699998,0.0,0.0,3156.4387337020294,138.49857913999975,378.70296561899045,0.0,0.0,0.0,0.0,0.0,0.0,0.0,0.0,0.0,4230.47267239102
t1762,706.1160927000005,110.76923075,1089.1515124449759,0.0,0.0,5575.809765377667,849.3364375072296,0.0,0.0,0.0,0.0,0.0,0.0,0.0,0.0,0.0,0.0,8331.183038779873
t1763,874.2086590600009,0.0,1158.81593296,0.0,0.0,5717.563147656549,1428.14371275,1750.24390325,0.0,0.0,0.0,0.0,0.0,0.0,0.0,0.0,0.0,10928.97535567655
t1764,872.6296162999996,110.76923075,1151.4516336500003,0.0,0.0,6416.553609938036,1428.14371275,1750.24390325,0.0,0.0,0.0,0.0,0.0,0.0,0.0,0.0,0.0,11729.791706638036
t1765,765.0321773000004,23.967308845621794,1458.0000000000002,0.0,0.0,5763.962848335321,1120.95445031,1750.24390325,0.0,0.0,0.0,0.0,0.0,0.0,0.0,0.0,0.0,10882.160688040944
t1766,376.84787689999973,110.76923075,783.4489234702903,0.0,0.0,5959.695883885506,870.77901365,0.0,0.0,0.0,0.0,0.0,0.0,0.0,0.0,0.0,0.0,8101.540928655796
t1767,760.2087264087248,110.76923075,216.26464834000004,0.0,0.0,234.4284362036856,185.72859682999976,1750.24390325,0.0,0.0,0.0,0.0,0.0,0.0,0.0,0.0,0.0,3257.6435417824105
t1768,0.0,0.0,0.0,0.0,0.0,0.0,0.0,0.0,0.0,0.0,0.0,0.0,0.0,0.0,0.0,0.0,0.0,0.0
t1769,0.0,0.0,0.0,0.0,0.0,0.0,0.0,0.0,0.0,0.0,0.0,0.0,0.0,0.0,0.0,0.0,0.0,0.0
t1770,0.0,0.0,0.0,0.0,0.0,0.0,0.0,0.0,0.0,0.0,0.0,0.0,0.0,0.0,0.0,0.0,0.0,0.0
t1771,0.0,0.0,0.0,0.0,0.0,0.0,0.0,0.0,0.0,0.0,0.0,0.0,0.0,0.0,0.0,0.0,0.0,0.0
t1772,0.0,0.0,0.0,0.0,0.0,0.0,0.0,0.0,0.0,0.0,0.0,0.0,0.0,0.0,0.0,0.0,0.0,0.0
t1773,0.0,0.0,0.0,0.0,0.0,0.0,0.0,0.0,0.0,0.0,0.0,0.0,0.0,0.0,0.0,0.0,0.0,0.0
t1774,0.0,0.0,0.0,0.0,0.0,0.0,0.0,0.0,0.0,0.0,0.0,0.0,0.0,0.0,0.0,0.0,0.0,0.0
t1775,0.0,0.0,0.0,0.0,0.0,0.0,0.0,0.0,0.0,0.0,0.0,0.0,0.0,0.0,0.0,0.0,0.0,0.0
t1776,0.0,0.0,0.0,0.0,0.0,0.0,0.0,0.0,0.0,0.0,0.0,0.0,0.0,0.0,0.0,0.0,0.0,0.0
t1777,0.0,0.0,0.0,0.0,0.0,0.0,0.0,0.0,0.0,0.0,0.0,0.0,0.0,0.0,0.0,0.0,0.0,0.0
t1778,0.0,0.0,0.0,0.0,0.0,0.0,0.0,0.0,0.0,0.0,0.0,0.0,0.0,0.0,0.0,0.0,0.0,0.0
t1779,0.0,0.0,0.0,0.0,0.0,0.0,0.0,0.0,0.0,0.0,0.0,0.0,0.0,0.0,0.0,0.0,0.0,0.0
t1780,0.0,0.0,0.0,0.0,0.0,0.0,0.0,0.0,0.0,0.0,0.0,0.0,0.0,0.0,0.0,0.0,0.0,0.0
t1781,0.0,0.0,0.0,0.0,0.0,0.0,0.0,0.0,0.0,0.0,0.0,0.0,0.0,0.0,0.0,0.0,0.0,0.0
t1782,0.0,0.0,0.0,0.0,0.0,0.0,0.0,0.0,0.0,0.0,0.0,0.0,0.0,0.0,0.0,0.0,0.0,0.0
t1783,0.0,0.0,0.0,0.0,0.0,0.0,0.0,0.0,0.0,0.0,0.0,0.0,0.0,0.0,0.0,0.0,0.0,0.0
t1784,0.0,0.0,0.0,0.0,0.0,0.0,0.0,0.0,0.0,0.0,0.0,0.0,0.0,0.0,0.0,0.0,0.0,0.0
t1785,502.507952148726,0.0,660.5393010369214,0.0,0.0,0.0,540.3017618700001,0.0,0.0,0.0,0.0,0.0,0.0,0.0,0.0,0.0,0.0,1703.3490150556474
t1786,624.5204942999998,0.0,1458.0000000000002,0.0,0.0,2901.575818234791,1082.682023357229,0.0,0.0,0.0,0.0,0.0,0.0,0.0,0.0,0.0,0.0,6066.77833589202
t1787,1096.09375,110.76923075,1458.0000000000002,0.0,0.0,4673.365076545677,1428.14371275,0.0,0.0,0.0,0.0,0.0,0.0,0.0,0.0,0.0,0.0,8766.371770045676
t1788,744.8349250199994,0.0,1458.0000000000002,0.0,0.0,3734.254940051062,1428.14371275,0.0,0.0,0.0,0.0,0.0,0.0,0.0,0.0,0.0,0.0,7365.233577821063
t1789,557.48761926,0.0,0.0,0.0,266.45645158998457,4674.326383164105,1428.14371275,1213.6608234215362,0.0,0.0,0.0,0.0,0.0,0.0,0.0,0.0,0.0,8140.074990185626
t1790,1096.09375,110.76923075,0.0,0.0,0.0,1055.4535827496798,114.16957946000016,1750.24390325,0.0,0.0,0.0,0.0,0.0,0.0,0.0,0.0,0.0,4126.730046209679
t1791,0.0,0.0,0.0,0.0,0.0,0.0,0.0,0.0,0.0,0.0,0.0,0.0,0.0,0.0,0.0,0.0,0.0,0.0
t1792,0.0,0.0,0.0,0.0,0.0,0.0,0.0,0.0,0.0,0.0,0.0,0.0,0.0,0.0,0.0,0.0,0.0,0.0
t1793,0.0,0.0,0.0,0.0,0.0,0.0,0.0,0.0,0.0,0.0,0.0,0.0,0.0,0.0,0.0,0.0,0.0,0.0
t1794,0.0,0.0,0.0,0.0,0.0,0.0,0.0,0.0,0.0,0.0,0.0,0.0,0.0,0.0,0.0,0.0,0.0,0.0
t1795,0.0,0.0,0.0,0.0,0.0,0.0,0.0,0.0,0.0,0.0,0.0,0.0,0.0,0.0,0.0,0.0,0.0,0.0
t1796,0.0,0.0,0.0,0.0,0.0,0.0,0.0,0.0,0.0,0.0,0.0,0.0,0.0,0.0,0.0,0.0,0.0,0.0
t1797,0.0,0.0,0.0,0.0,0.0,0.0,0.0,0.0,0.0,0.0,0.0,0.0,0.0,0.0,0.0,0.0,0.0,0.0
t1798,0.0,0.0,0.0,0.0,0.0,0.0,0.0,0.0,0.0,0.0,0.0,0.0,0.0,0.0,0.0,0.0,0.0,0.0
t1799,0.0,0.0,0.0,0.0,0.0,0.0,0.0,0.0,0.0,0.0,0.0,0.0,0.0,0.0,0.0,0.0,0.0,0.0
t1800,0.0,0.0,0.0,0.0,0.0,0.0,0.0,0.0,0.0,0.0,0.0,0.0,0.0,0.0,0.0,0.0,0.0,0.0
t1801,0.0,0.0,0.0,0.0,0.0,0.0,0.0,0.0,0.0,0.0,0.0,0.0,0.0,0.0,0.0,0.0,0.0,0.0
t1802,0.0,0.0,0.0,0.0,0.0,0.0,0.0,0.0,0.0,0.0,0.0,0.0,0.0,0.0,0.0,0.0,0.0,0.0
t1803,0.0,0.0,0.0,0.0,0.0,0.0,0.0,0.0,0.0,0.0,0.0,0.0,0.0,0.0,0.0,0.0,0.0,0.0
t1804,0.0,0.0,0.0,0.0,0.0,0.0,0.0,0.0,0.0,0.0,0.0,0.0,0.0,0.0,0.0,0.0,0.0,0.0
t1805,0.0,0.0,0.0,0.0,0.0,0.0,0.0,0.0,0.0,0.0,0.0,0.0,0.0,0.0,0.0,0.0,0.0,0.0
t1806,0.0,0.0,0.0,0.0,0.0,0.0,0.0,0.0,0.0,0.0,0.0,0.0,0.0,0.0,0.0,0.0,0.0,0.0
t1807,0.0,0.0,0.0,0.0,0.0,0.0,0.0,0.0,0.0,0.0,0.0,0.0,0.0,0.0,0.0,0.0,0.0,0.0
t1808,0.0,0.0,0.0,0.0,0.0,0.0,0.0,0.0,0.0,0.0,0.0,0.0,0.0,0.0,0.0,0.0,0.0,0.0
t1809,1096.09375,95.22732672562177,0.0,0.0,0.0,1991.5955329494886,451.18404513689,378.70296561899045,0.0,0.0,0.0,0.0,0.0,0.0,0.0,0.0,0.0,4012.803620430991
t1810,1096.09375,39.509212870000034,1171.40381896,0.0,0.0,5492.728457376731,901.3550203300002,0.0,0.0,0.0,0.0,0.0,0.0,0.0,0.0,0.0,0.0,8701.090259536732
t1811,679.4786246200009,110.76923075,1343.3635091951217,0.0,87.34665554545559,5431.8995366206655,1250.5945957500003,1750.24390325,0.0,0.0,0.0,0.0,0.0,0.0,0.0,0.0,0.0,10653.696055731245
t1812,565.0121482200012,0.0,1050.1265112901451,0.0,1189.9338509005865,7550.817798899592,1016.3752996800001,1750.24390325,0.0,0.0,0.0,0.0,0.0,0.0,0.0,0.0,0.0,13122.509512240325
t1813,1096.09375,110.76923075,1354.3680169999996,0.0,1412.012133223919,7354.236591169898,1258.502592152116,0.0,0.0,0.0,0.0,0.0,0.0,0.0,0.0,0.0,0.0,12585.982314295932
t1814,0.0,110.76923075,1086.8378906,0.0,532.1103660352288,3852.2307775618697,956.0970385982233,1750.24390325,0.0,0.0,0.0,0.0,0.0,0.0,0.0,0.0,0.0,8288.289206795322
t1815,88.76646788872347,0.0,141.36995568999956,0.0,0.0,1150.9437305205472,187.4759112900002,1750.24390325,0.0,0.0,0.0,0.0,0.0,0.0,0.0,0.0,0.0,3318.7999686392704
t1816,0.0,0.0,0.0,0.0,0.0,0.0,0.0,0.0,0.0,0.0,0.0,0.0,0.0,0.0,0.0,0.0,0.0,0.0
t1817,0.0,0.0,0.0,0.0,0.0,0.0,0.0,0.0,0.0,0.0,0.0,0.0,0.0,0.0,0.0,0.0,0.0,0.0
t1818,0.0,0.0,0.0,0.0,0.0,0.0,0.0,0.0,0.0,0.0,0.0,0.0,0.0,0.0,0.0,0.0,0.0,0.0
t1819,0.0,0.0,0.0,0.0,0.0,0.0,0.0,0.0,0.0,0.0,0.0,0.0,0.0,0.0,0.0,0.0,0.0,0.0
t1820,0.0,0.0,0.0,0.0,0.0,0.0,0.0,0.0,0.0,0.0,0.0,0.0,0.0,0.0,0.0,0.0,0.0,0.0
t1821,0.0,0.0,0.0,0.0,0.0,0.0,0.0,0.0,0.0,0.0,0.0,0.0,0.0,0.0,0.0,0.0,0.0,0.0
t1822,0.0,0.0,0.0,0.0,0.0,0.0,0.0,0.0,0.0,0.0,0.0,0.0,0.0,0.0,0.0,0.0,0.0,0.0
t1823,0.0,0.0,0.0,0.0,0.0,0.0,0.0,0.0,0.0,0.0,0.0,0.0,0.0,0.0,0.0,0.0,0.0,0.0
t1824,0.0,0.0,0.0,0.0,0.0,0.0,0.0,0.0,0.0,0.0,0.0,0.0,0.0,0.0,0.0,0.0,0.0,0.0
t1825,0.0,0.0,0.0,0.0,0.0,0.0,0.0,0.0,0.0,0.0,0.0,0.0,0.0,0.0,0.0,0.0,0.0,0.0
t1826,0.0,0.0,0.0,0.0,0.0,0.0,0.0,0.0,0.0,0.0,0.0,0.0,0.0,0.0,0.0,0.0,0.0,0.0
t1827,0.0,0.0,0.0,0.0,0.0,0.0,0.0,0.0,0.0,0.0,0.0,0.0,0.0,0.0,0.0,0.0,0.0,0.0
t1828,0.0,0.0,0.0,0.0,0.0,0.0,0.0,0.0,0.0,0.0,0.0,0.0,0.0,0.0,0.0,0.0,0.0,0.0
t1829,0.0,0.0,0.0,0.0,0.0,0.0,0.0,0.0,0.0,0.0,0.0,0.0,0.0,0.0,0.0,0.0,0.0,0.0
t1830,0.0,0.0,0.0,0.0,0.0,0.0,0.0,0.0,0.0,0.0,0.0,0.0,0.0,0.0,0.0,0.0,0.0,0.0
t1831,0.0,0.0,0.0,0.0,0.0,0.0,0.0,0.0,0.0,0.0,0.0,0.0,0.0,0.0,0.0,0.0,0.0,0.0
t1832,0.0,110.76923075,0.0,0.0,0.0,271.7386933761028,0.0,0.0,0.0,0.0,0.0,0.0,0.0,0.0,0.0,0.0,0.0,382.5079241261028
t1833,1096.09375,23.96730884562181,820.5711453140805,0.0,0.0,3074.7162743108465,814.1769906200005,1750.24390325,0.0,0.0,0.0,0.0,0.0,0.0,0.0,0.0,0.0,7579.769372340549
t1834,0.0,110.76923075,1268.9084240500001,0.0,0.0,6088.173143331973,735.6966056972288,0.0,0.0,0.0,0.0,0.0,0.0,0.0,0.0,0.0,0.0,8203.547403829201
t1835,1096.09375,0.0,914.1269476500001,0.0,682.5149507868384,6712.494652624562,1041.8054936999997,1750.24390325,0.0,0.0,0.0,0.0,0.0,0.0,0.0,0.0,0.0,12197.279698011402
t1836,237.16349072872498,0.0,995.5554042699996,0.0,2568.543625505278,6783.427396780012,1031.61498706,1750.24390325,0.0,0.0,0.0,0.0,0.0,0.0,0.0,0.0,0.0,13366.548807594016
t1837,1096.09375,110.76923075,1327.8145844911824,0.0,1527.7688086146218,5868.6995494794455,1362.1494266400005,0.0,0.0,0.0,0.0,0.0,0.0,0.0,0.0,0.0,0.0,11293.295349975251
t1838,0.0,110.76923075,607.9975131799998,0.0,493.13479303764535,4025.202715195852,766.5955705900001,1231.3118086137151,0.0,0.0,0.0,0.0,0.0,0.0,0.0,0.0,0.0,7235.0116313672115
t1839,1096.09375,0.0,212.4956837800039,0.0,0.0,0.0,269.5454286300003,897.6350602552743,0.0,0.0,0.0,0.0,0.0,0.0,0.0,0.0,0.0,2475.7699226652785
t1840,0.0,0.0,0.0,0.0,0.0,0.0,0.0,0.0,0.0,0.0,0.0,0.0,0.0,0.0,0.0,0.0,0.0,0.0
t1841,0.0,0.0,0.0,0.0,0.0,0.0,0.0,0.0,0.0,0.0,0.0,0.0,0.0,0.0,0.0,0.0,0.0,0.0
t1842,0.0,0.0,0.0,0.0,0.0,0.0,0.0,0.0,0.0,0.0,0.0,0.0,0.0,0.0,0.0,0.0,0.0,0.0
t1843,0.0,0.0,0.0,0.0,0.0,0.0,0.0,0.0,0.0,0.0,0.0,0.0,0.0,0.0,0.0,0.0,0.0,0.0
t1844,0.0,0.0,0.0,0.0,0.0,0.0,0.0,0.0,0.0,0.0,0.0,0.0,0.0,0.0,0.0,0.0,0.0,0.0
t1845,0.0,0.0,0.0,0.0,0.0,0.0,0.0,0.0,0.0,0.0,0.0,0.0,0.0,0.0,0.0,0.0,0.0,0.0
t1846,0.0,0.0,0.0,0.0,0.0,0.0,0.0,0.0,0.0,0.0,0.0,0.0,0.0,0.0,0.0,0.0,0.0,0.0
t1847,0.0,0.0,0.0,0.0,0.0,0.0,0.0,0.0,0.0,0.0,0.0,0.0,0.0,0.0,0.0,0.0,0.0,0.0
t1848,0.0,0.0,0.0,0.0,0.0,0.0,0.0,0.0,0.0,0.0,0.0,0.0,0.0,0.0,0.0,0.0,0.0,0.0
t1849,0.0,0.0,0.0,0.0,0.0,0.0,0.0,0.0,0.0,0.0,0.0,0.0,0.0,0.0,0.0,0.0,0.0,0.0
t1850,0.0,0.0,0.0,0.0,0.0,0.0,0.0,0.0,0.0,0.0,0.0,0.0,0.0,0.0,0.0,0.0,0.0,0.0
t1851,0.0,0.0,0.0,0.0,0.0,0.0,0.0,0.0,0.0,0.0,0.0,0.0,0.0,0.0,0.0,0.0,0.0,0.0
t1852,0.0,0.0,0.0,0.0,0.0,0.0,0.0,0.0,0.0,0.0,0.0,0.0,0.0,0.0,0.0,0.0,0.0,0.0
t1853,0.0,0.0,0.0,0.0,0.0,0.0,0.0,0.0,0.0,0.0,0.0,0.0,0.0,0.0,0.0,0.0,0.0,0.0
t1854,0.0,0.0,0.0,0.0,0.0,0.0,0.0,0.0,0.0,0.0,0.0,0.0,0.0,0.0,0.0,0.0,0.0,0.0
t1855,0.0,0.0,0.0,0.0,0.0,0.0,0.0,0.0,0.0,0.0,0.0,0.0,0.0,0.0,0.0,0.0,0.0,0.0
t1856,0.0,0.0,0.0,0.0,0.0,0.0,0.0,0.0,0.0,0.0,0.0,0.0,0.0,0.0,0.0,0.0,0.0,0.0
t1857,0.0,0.0,0.0,0.0,0.0,0.0,0.0,0.0,0.0,0.0,0.0,0.0,0.0,0.0,0.0,0.0,0.0,0.0
t1858,153.34797821999962,0.0,0.0,0.0,1286.616995679999,928.4780483611128,380.4653978400003,1750.24390325,0.0,0.0,0.0,0.0,0.0,0.0,0.0,0.0,0.0,4499.152323351112
t1859,1096.09375,0.0,0.0,0.0,1928.0423864999975,4322.968613343545,1428.14371275,0.0,0.0,0.0,0.0,0.0,0.0,0.0,0.0,0.0,0.0,8775.248462593543
t1860,247.17511058000002,110.76923075,0.0,0.0,3419.3276557599993,6842.517269074036,1428.14371275,87.18631300370409,0.0,0.0,0.0,0.0,0.0,0.0,0.0,0.0,0.0,12135.11929191774
t1861,1096.09375,24.61553928088353,0.0,0.0,3973.2473109999996,5476.86054226243,1356.6879668472284,0.0,0.0,0.0,0.0,0.0,0.0,0.0,0.0,0.0,0.0,11927.505109390542
t1862,0.0,110.76923075,0.0,0.0,3720.7680591399985,2543.891990252933,1428.14371275,1196.4265506043944,0.0,0.0,0.0,0.0,0.0,0.0,0.0,0.0,0.0,8999.999543497326
t1863,0.0,0.0,0.0,0.0,2424.6844683581803,0.0,0.0,0.0,0.0,0.0,0.0,0.0,0.0,0.0,0.0,0.0,0.0,2424.6844683581803
t1864,0.0,0.0,0.0,0.0,0.0,0.0,0.0,0.0,0.0,0.0,0.0,0.0,0.0,0.0,0.0,0.0,0.0,0.0
t1865,0.0,0.0,0.0,0.0,0.0,0.0,0.0,0.0,0.0,0.0,0.0,0.0,0.0,0.0,0.0,0.0,0.0,0.0
t1866,0.0,0.0,0.0,0.0,0.0,0.0,0.0,0.0,0.0,0.0,0.0,0.0,0.0,0.0,0.0,0.0,0.0,0.0
t1867,0.0,0.0,0.0,0.0,0.0,0.0,0.0,0.0,0.0,0.0,0.0,0.0,0.0,0.0,0.0,0.0,0.0,0.0
t1868,0.0,0.0,0.0,0.0,0.0,0.0,0.0,0.0,0.0,0.0,0.0,0.0,0.0,0.0,0.0,0.0,0.0,0.0
t1869,0.0,0.0,0.0,0.0,0.0,0.0,0.0,0.0,0.0,0.0,0.0,0.0,0.0,0.0,0.0,0.0,0.0,0.0
t1870,0.0,0.0,0.0,0.0,0.0,0.0,0.0,0.0,0.0,0.0,0.0,0.0,0.0,0.0,0.0,0.0,0.0,0.0
t1871,0.0,0.0,0.0,0.0,0.0,0.0,0.0,0.0,0.0,0.0,0.0,0.0,0.0,0.0,0.0,0.0,0.0,0.0
t1872,0.0,0.0,0.0,0.0,0.0,0.0,0.0,0.0,0.0,0.0,0.0,0.0,0.0,0.0,0.0,0.0,0.0,0.0
t1873,0.0,0.0,0.0,0.0,0.0,0.0,0.0,0.0,0.0,0.0,0.0,0.0,0.0,0.0,0.0,0.0,0.0,0.0
t1874,0.0,0.0,0.0,0.0,0.0,0.0,0.0,0.0,0.0,0.0,0.0,0.0,0.0,0.0,0.0,0.0,0.0,0.0
t1875,0.0,0.0,0.0,0.0,0.0,0.0,0.0,0.0,0.0,0.0,0.0,0.0,0.0,0.0,0.0,0.0,0.0,0.0
t1876,0.0,0.0,0.0,0.0,0.0,0.0,0.0,0.0,0.0,0.0,0.0,0.0,0.0,0.0,0.0,0.0,0.0,0.0
t1877,0.0,0.0,0.0,0.0,0.0,0.0,0.0,0.0,0.0,0.0,0.0,0.0,0.0,0.0,0.0,0.0,0.0,0.0
t1878,0.0,0.0,0.0,0.0,0.0,0.0,0.0,0.0,0.0,0.0,0.0,0.0,0.0,0.0,0.0,0.0,0.0,0.0
t1879,0.0,0.0,0.0,0.0,0.0,0.0,0.0,0.0,0.0,0.0,0.0,0.0,0.0,0.0,0.0,0.0,0.0,0.0
t1880,0.0,0.0,0.0,0.0,0.0,0.0,8.488304470000818,0.0,0.0,0.0,0.0,0.0,0.0,0.0,0.0,0.0,0.0,8.488304470000818
t1881,0.0,0.0,0.0,0.0,0.0,0.0,820.7034020400001,0.0,0.0,0.0,0.0,0.0,0.0,0.0,0.0,0.0,0.0,820.7034020400001
t1882,0.0,0.0,0.0,0.0,0.0,0.0,402.2767402072277,0.0,0.0,0.0,0.0,0.0,0.0,0.0,0.0,0.0,0.0,402.2767402072277
t1883,255.15927282946515,0.0,0.0,0.0,3249.8248641504138,0.0,1130.00471744,1521.8166412762173,0.0,0.0,0.0,0.0,0.0,0.0,0.0,0.0,0.0,6156.805495696096
t1884,1096.09375,0.0,0.0,0.0,3973.2473109999996,2718.9971259139606,1329.07364205,0.0,0.0,0.0,0.0,0.0,0.0,0.0,0.0,0.0,0.0,9117.41182896396
t1885,1096.09375,110.76923075,0.0,0.0,3790.93396438301,2017.6740587421605,1428.14371275,0.0,0.0,0.0,0.0,0.0,0.0,0.0,0.0,0.0,0.0,8443.61471662517
t1886,430.59430925419457,0.0,0.0,0.0,3122.5001664169704,0.0,902.8939839800003,0.0,0.0,0.0,0.0,0.0,0.0,0.0,0.0,0.0,0.0,4455.988459651166
t1887,0.0,0.0,0.0,0.0,819.1460531372695,0.0,0.0,0.0,0.0,0.0,0.0,0.0,0.0,0.0,0.0,0.0,0.0,819.1460531372695
t1888,0.0,0.0,0.0,0.0,0.0,0.0,0.0,0.0,0.0,0.0,0.0,0.0,0.0,0.0,0.0,0.0,0.0,0.0
t1889,0.0,0.0,0.0,0.0,0.0,0.0,0.0,0.0,0.0,0.0,0.0,0.0,0.0,0.0,0.0,0.0,0.0,0.0
t1890,0.0,0.0,0.0,0.0,0.0,0.0,0.0,0.0,0.0,0.0,0.0,0.0,0.0,0.0,0.0,0.0,0.0,0.0
t1891,0.0,0.0,0.0,0.0,0.0,0.0,0.0,0.0,0.0,0.0,0.0,0.0,0.0,0.0,0.0,0.0,0.0,0.0
t1892,0.0,0.0,0.0,0.0,0.0,0.0,0.0,0.0,0.0,0.0,0.0,0.0,0.0,0.0,0.0,0.0,0.0,0.0
t1893,0.0,0.0,0.0,0.0,0.0,0.0,0.0,0.0,0.0,0.0,0.0,0.0,0.0,0.0,0.0,0.0,0.0,0.0
t1894,0.0,0.0,0.0,0.0,0.0,0.0,0.0,0.0,0.0,0.0,0.0,0.0,0.0,0.0,0.0,0.0,0.0,0.0
t1895,0.0,0.0,0.0,0.0,0.0,0.0,0.0,0.0,0.0,0.0,0.0,0.0,0.0,0.0,0.0,0.0,0.0,0.0
t1896,0.0,0.0,0.0,0.0,0.0,0.0,0.0,0.0,0.0,0.0,0.0,0.0,0.0,0.0,0.0,0.0,0.0,0.0
t1897,0.0,0.0,0.0,0.0,0.0,0.0,0.0,0.0,0.0,0.0,0.0,0.0,0.0,0.0,0.0,0.0,0.0,0.0
t1898,0.0,0.0,0.0,0.0,0.0,0.0,0.0,0.0,0.0,0.0,0.0,0.0,0.0,0.0,0.0,0.0,0.0,0.0
t1899,0.0,0.0,0.0,0.0,0.0,0.0,0.0,0.0,0.0,0.0,0.0,0.0,0.0,0.0,0.0,0.0,0.0,0.0
t1900,0.0,0.0,0.0,0.0,0.0,0.0,0.0,0.0,0.0,0.0,0.0,0.0,0.0,0.0,0.0,0.0,0.0,0.0
t1901,0.0,0.0,0.0,0.0,0.0,0.0,0.0,0.0,0.0,0.0,0.0,0.0,0.0,0.0,0.0,0.0,0.0,0.0
t1902,0.0,0.0,0.0,0.0,0.0,0.0,0.0,0.0,0.0,0.0,0.0,0.0,0.0,0.0,0.0,0.0,0.0,0.0
t1903,0.0,0.0,0.0,0.0,0.0,0.0,0.0,0.0,0.0,0.0,0.0,0.0,0.0,0.0,0.0,0.0,0.0,0.0
t1904,0.0,0.0,0.0,0.0,0.0,0.0,0.0,0.0,0.0,0.0,0.0,0.0,0.0,0.0,0.0,0.0,0.0,0.0
t1905,0.0,0.0,0.0,0.0,0.0,0.0,532.8192842800001,0.0,0.0,0.0,0.0,0.0,0.0,0.0,0.0,0.0,0.0,532.8192842800001
t1906,0.0,0.0,0.0,0.0,0.0,0.0,1118.3774555300001,0.0,0.0,0.0,0.0,0.0,0.0,0.0,0.0,0.0,0.0,1118.3774555300001
t1907,0.0,0.0,0.0,0.0,2069.241758163131,0.0,725.8287565114068,0.0,0.0,0.0,0.0,0.0,0.0,0.0,0.0,0.0,0.0,2795.070514674538
t1908,1096.09375,110.76923075,0.0,0.0,3024.86642300146,520.0232852890553,1428.14371275,0.0,0.0,0.0,0.0,0.0,0.0,0.0,0.0,0.0,0.0,6179.8964017905155
t1909,0.0,0.0,0.0,0.0,799.2507757596644,0.0,1428.14371275,0.0,0.0,0.0,0.0,0.0,0.0,0.0,0.0,0.0,0.0,2227.3944885096644
t1910,0.0,0.0,0.0,0.0,9.972599118544721,0.0,749.7953994758211,0.0,0.0,0.0,0.0,0.0,0.0,0.0,0.0,0.0,0.0,759.7679985943658
t1911,0.0,0.0,0.0,0.0,0.0,0.0,38.47618164000033,0.0,0.0,0.0,0.0,0.0,0.0,0.0,0.0,0.0,0.0,38.47618164000033
t1912,0.0,0.0,0.0,0.0,0.0,0.0,0.0,0.0,0.0,0.0,0.0,0.0,0.0,0.0,0.0,0.0,0.0,0.0
t1913,0.0,0.0,0.0,0.0,0.0,0.0,0.0,0.0,0.0,0.0,0.0,0.0,0.0,0.0,0.0,0.0,0.0,0.0
t1914,0.0,0.0,0.0,0.0,0.0,0.0,0.0,0.0,0.0,0.0,0.0,0.0,0.0,0.0,0.0,0.0,0.0,0.0
t1915,0.0,0.0,0.0,0.0,0.0,0.0,0.0,0.0,0.0,0.0,0.0,0.0,0.0,0.0,0.0,0.0,0.0,0.0
t1916,0.0,0.0,0.0,0.0,0.0,0.0,0.0,0.0,0.0,0.0,0.0,0.0,0.0,0.0,0.0,0.0,0.0,0.0
t1917,0.0,0.0,0.0,0.0,0.0,0.0,0.0,0.0,0.0,0.0,0.0,0.0,0.0,0.0,0.0,0.0,0.0,0.0
t1918,0.0,0.0,0.0,0.0,0.0,0.0,0.0,0.0,0.0,0.0,0.0,0.0,0.0,0.0,0.0,0.0,0.0,0.0
t1919,0.0,0.0,0.0,0.0,0.0,0.0,0.0,0.0,0.0,0.0,0.0,0.0,0.0,0.0,0.0,0.0,0.0,0.0
t1920,0.0,0.0,0.0,0.0,0.0,0.0,0.0,0.0,0.0,0.0,0.0,0.0,0.0,0.0,0.0,0.0,0.0,0.0
t1921,0.0,0.0,0.0,0.0,0.0,0.0,0.0,0.0,0.0,0.0,0.0,0.0,0.0,0.0,0.0,0.0,0.0,0.0
t1922,0.0,0.0,0.0,0.0,0.0,0.0,0.0,0.0,0.0,0.0,0.0,0.0,0.0,0.0,0.0,0.0,0.0,0.0
t1923,0.0,0.0,0.0,0.0,0.0,0.0,0.0,0.0,0.0,0.0,0.0,0.0,0.0,0.0,0.0,0.0,0.0,0.0
t1924,0.0,0.0,0.0,0.0,0.0,0.0,0.0,0.0,0.0,0.0,0.0,0.0,0.0,0.0,0.0,0.0,0.0,0.0
t1925,0.0,0.0,0.0,0.0,0.0,0.0,0.0,0.0,0.0,0.0,0.0,0.0,0.0,0.0,0.0,0.0,0.0,0.0
t1926,0.0,0.0,0.0,0.0,0.0,0.0,0.0,0.0,0.0,0.0,0.0,0.0,0.0,0.0,0.0,0.0,0.0,0.0
t1927,0.0,0.0,0.0,0.0,0.0,0.0,0.0,0.0,0.0,0.0,0.0,0.0,0.0,0.0,0.0,0.0,0.0,0.0
t1928,0.0,0.0,0.0,0.0,0.0,0.0,0.0,0.0,0.0,0.0,0.0,0.0,0.0,0.0,0.0,0.0,0.0,0.0
t1929,0.0,0.0,0.0,0.0,0.0,0.0,0.0,0.0,0.0,0.0,0.0,0.0,0.0,0.0,0.0,0.0,0.0,0.0
t1930,0.0,0.0,0.0,0.0,0.0,0.0,1229.2211142200001,0.0,0.0,0.0,0.0,0.0,0.0,0.0,0.0,0.0,0.0,1229.2211142200001
t1931,0.0,0.0,0.0,0.0,1887.6985633699996,0.0,1428.14371275,0.0,0.0,0.0,0.0,0.0,0.0,0.0,0.0,0.0,0.0,3315.84227612
t1932,427.9114961805743,0.0,0.0,0.0,2733.039523728988,0.0,1428.14371275,0.0,0.0,0.0,0.0,0.0,0.0,0.0,0.0,0.0,0.0,4589.094732659562
t1933,0.0,0.0,0.0,0.0,3973.2473109999996,0.0,1428.14371275,0.0,0.0,0.0,0.0,0.0,0.0,0.0,0.0,0.0,0.0,5401.3910237499995
t1934,0.0,0.0,0.0,0.0,3558.955932327612,0.0,507.932250467229,0.0,0.0,0.0,0.0,0.0,0.0,0.0,0.0,0.0,0.0,4066.888182794841
t1935,0.0,0.0,0.0,0.0,3728.0726580199994,0.0,0.0,0.0,0.0,0.0,0.0,0.0,0.0,0.0,0.0,0.0,0.0,3728.0726580199994
t1936,0.0,0.0,0.0,0.0,871.6728879915751,0.0,0.0,0.0,0.0,0.0,0.0,0.0,0.0,0.0,0.0,0.0,0.0,871.6728879915751
t1937,0.0,0.0,0.0,0.0,0.0,0.0,0.0,0.0,0.0,0.0,0.0,0.0,0.0,0.0,0.0,0.0,0.0,0.0
t1938,0.0,0.0,0.0,0.0,0.0,0.0,0.0,0.0,0.0,0.0,0.0,0.0,0.0,0.0,0.0,0.0,0.0,0.0
t1939,0.0,0.0,0.0,0.0,0.0,0.0,0.0,0.0,0.0,0.0,0.0,0.0,0.0,0.0,0.0,0.0,0.0,0.0
t1940,0.0,0.0,0.0,0.0,0.0,0.0,0.0,0.0,0.0,0.0,0.0,0.0,0.0,0.0,0.0,0.0,0.0,0.0
t1941,0.0,0.0,0.0,0.0,0.0,0.0,0.0,0.0,0.0,0.0,0.0,0.0,0.0,0.0,0.0,0.0,0.0,0.0
t1942,0.0,0.0,0.0,0.0,0.0,0.0,0.0,0.0,0.0,0.0,0.0,0.0,0.0,0.0,0.0,0.0,0.0,0.0
t1943,0.0,0.0,0.0,0.0,0.0,0.0,0.0,0.0,0.0,0.0,0.0,0.0,0.0,0.0,0.0,0.0,0.0,0.0
t1944,0.0,0.0,0.0,0.0,0.0,0.0,0.0,0.0,0.0,0.0,0.0,0.0,0.0,0.0,0.0,0.0,0.0,0.0
t1945,0.0,0.0,0.0,0.0,0.0,0.0,0.0,0.0,0.0,0.0,0.0,0.0,0.0,0.0,0.0,0.0,0.0,0.0
t1946,0.0,0.0,0.0,0.0,0.0,0.0,0.0,0.0,0.0,0.0,0.0,0.0,0.0,0.0,0.0,0.0,0.0,0.0
t1947,0.0,0.0,0.0,0.0,0.0,0.0,0.0,0.0,0.0,0.0,0.0,0.0,0.0,0.0,0.0,0.0,0.0,0.0
t1948,0.0,0.0,0.0,0.0,0.0,0.0,0.0,0.0,0.0,0.0,0.0,0.0,0.0,0.0,0.0,0.0,0.0,0.0
t1949,0.0,0.0,0.0,0.0,0.0,0.0,0.0,0.0,0.0,0.0,0.0,0.0,0.0,0.0,0.0,0.0,0.0,0.0
t1950,0.0,0.0,0.0,0.0,0.0,0.0,0.0,0.0,0.0,0.0,0.0,0.0,0.0,0.0,0.0,0.0,0.0,0.0
t1951,0.0,0.0,0.0,0.0,0.0,0.0,0.0,0.0,0.0,0.0,0.0,0.0,0.0,0.0,0.0,0.0,0.0,0.0
t1952,0.0,0.0,0.0,0.0,0.0,0.0,0.0,0.0,0.0,0.0,0.0,0.0,0.0,0.0,0.0,0.0,0.0,0.0
t1953,0.0,0.0,0.0,0.0,0.0,0.0,0.0,0.0,0.0,0.0,0.0,0.0,0.0,0.0,0.0,0.0,0.0,0.0
t1954,39.517573580000686,36.923308921325294,0.0,0.0,828.2561907873231,2198.0434025428485,777.1549422800001,0.0,0.0,0.0,0.0,0.0,0.0,0.0,0.0,0.0,0.0,3879.8954181114977
t1955,1096.09375,110.76923075,0.0,0.0,521.9416600399971,1743.872905552949,1063.1562097499998,1146.171300588715,0.0,0.0,0.0,0.0,0.0,0.0,0.0,0.0,0.0,5682.005056681661
t1956,1096.09375,0.0,0.0,0.0,2367.3066018054133,3061.0336796662573,1300.3228454700002,936.3861715499567,0.0,0.0,0.0,0.0,0.0,0.0,0.0,0.0,0.0,8761.143048491627
t1957,1096.09375,110.76923075,0.0,0.0,3973.2473109999996,3113.6190206958804,1323.4768249043334,0.0,0.0,0.0,0.0,0.0,0.0,0.0,0.0,0.0,0.0,9617.206137350213
t1958,485.3742725437026,0.0,0.0,0.0,3973.2473109999996,2638.351269316413,446.4652370310316,0.0,0.0,0.0,0.0,0.0,0.0,0.0,0.0,0.0,0.0,7543.438089891147
t1959,0.0,0.0,0.0,0.0,3973.2473109999996,0.0,0.0,0.0,0.0,0.0,0.0,0.0,0.0,0.0,0.0,0.0,0.0,3973.2473109999996
t1960,0.0,0.0,0.0,0.0,1115.4404908054448,0.0,0.0,0.0,0.0,0.0,0.0,0.0,0.0,0.0,0.0,0.0,0.0,1115.4404908054448
t1961,0.0,0.0,0.0,0.0,0.0,0.0,0.0,0.0,0.0,0.0,0.0,0.0,0.0,0.0,0.0,0.0,0.0,0.0
t1962,0.0,0.0,0.0,0.0,0.0,0.0,0.0,0.0,0.0,0.0,0.0,0.0,0.0,0.0,0.0,0.0,0.0,0.0
t1963,0.0,0.0,0.0,0.0,0.0,0.0,0.0,0.0,0.0,0.0,0.0,0.0,0.0,0.0,0.0,0.0,0.0,0.0
t1964,0.0,0.0,0.0,0.0,0.0,0.0,0.0,0.0,0.0,0.0,0.0,0.0,0.0,0.0,0.0,0.0,0.0,0.0
t1965,0.0,0.0,0.0,0.0,0.0,0.0,0.0,0.0,0.0,0.0,0.0,0.0,0.0,0.0,0.0,0.0,0.0,0.0
t1966,0.0,0.0,0.0,0.0,0.0,0.0,0.0,0.0,0.0,0.0,0.0,0.0,0.0,0.0,0.0,0.0,0.0,0.0
t1967,0.0,0.0,0.0,0.0,0.0,0.0,0.0,0.0,0.0,0.0,0.0,0.0,0.0,0.0,0.0,0.0,0.0,0.0
t1968,0.0,0.0,0.0,0.0,0.0,0.0,0.0,0.0,0.0,0.0,0.0,0.0,0.0,0.0,0.0,0.0,0.0,0.0
t1969,0.0,0.0,0.0,0.0,0.0,0.0,0.0,0.0,0.0,0.0,0.0,0.0,0.0,0.0,0.0,0.0,0.0,0.0
t1970,0.0,0.0,0.0,0.0,0.0,0.0,0.0,0.0,0.0,0.0,0.0,0.0,0.0,0.0,0.0,0.0,0.0,0.0
t1971,0.0,0.0,0.0,0.0,0.0,0.0,0.0,0.0,0.0,0.0,0.0,0.0,0.0,0.0,0.0,0.0,0.0,0.0
t1972,0.0,0.0,0.0,0.0,0.0,0.0,0.0,0.0,0.0,0.0,0.0,0.0,0.0,0.0,0.0,0.0,0.0,0.0
t1973,0.0,0.0,0.0,0.0,0.0,0.0,0.0,0.0,0.0,0.0,0.0,0.0,0.0,0.0,0.0,0.0,0.0,0.0
t1974,0.0,0.0,0.0,0.0,0.0,0.0,0.0,0.0,0.0,0.0,0.0,0.0,0.0,0.0,0.0,0.0,0.0,0.0
t1975,0.0,0.0,0.0,0.0,0.0,0.0,0.0,0.0,0.0,0.0,0.0,0.0,0.0,0.0,0.0,0.0,0.0,0.0
t1976,0.0,0.0,0.0,0.0,0.0,0.0,0.0,0.0,0.0,0.0,0.0,0.0,0.0,0.0,0.0,0.0,0.0,0.0
t1977,1096.09375,110.76923075,0.0,0.0,68.74416732000044,2433.844277216793,1363.5818043472286,0.0,0.0,0.0,0.0,0.0,0.0,0.0,0.0,0.0,0.0,5073.033229634022
t1978,398.25682586000016,0.0,0.0,0.0,2603.8184447599992,6668.142221238155,869.35089112,1750.24390325,0.0,0.0,0.0,0.0,0.0,0.0,0.0,0.0,0.0,12289.812286228156
t1979,1096.09375,110.76923075,0.0,0.0,2160.3823313581793,5047.33322320196,1001.2692913600004,1750.24390325,0.0,0.0,0.0,0.0,0.0,0.0,0.0,0.0,0.0,11166.09172992014
t1980,496.80839222000134,36.923308921325294,0.0,0.0,3973.2473109999996,6767.988027238163,1428.14371275,0.0,0.0,0.0,0.0,0.0,0.0,0.0,0.0,0.0,0.0,12703.110752129489
t1981,332.4078874164332,0.0,0.0,0.0,3973.2473109999996,6473.822182813063,889.0668730400001,1750.24390325,0.0,0.0,0.0,0.0,0.0,0.0,0.0,0.0,0.0,13418.788157519495
t1982,0.0,0.0,0.0,0.0,3973.2473109999996,3761.1474419539595,470.17193032000006,0.0,0.0,0.0,0.0,0.0,0.0,0.0,0.0,0.0,0.0,8204.566683273959
t1983,393.51249062726885,0.0,0.0,0.0,0.0,0.0,0.0,0.0,0.0,0.0,0.0,0.0,0.0,0.0,0.0,0.0,0.0,393.51249062726885
t1984,0.0,0.0,0.0,0.0,0.0,0.0,0.0,0.0,0.0,0.0,0.0,0.0,0.0,0.0,0.0,0.0,0.0,0.0
t1985,0.0,0.0,0.0,0.0,0.0,0.0,0.0,0.0,0.0,0.0,0.0,0.0,0.0,0.0,0.0,0.0,0.0,0.0
t1986,0.0,0.0,0.0,0.0,0.0,0.0,0.0,0.0,0.0,0.0,0.0,0.0,0.0,0.0,0.0,0.0,0.0,0.0
t1987,0.0,0.0,0.0,0.0,0.0,0.0,0.0,0.0,0.0,0.0,0.0,0.0,0.0,0.0,0.0,0.0,0.0,0.0
t1988,0.0,0.0,0.0,0.0,0.0,0.0,0.0,0.0,0.0,0.0,0.0,0.0,0.0,0.0,0.0,0.0,0.0,0.0
t1989,0.0,0.0,0.0,0.0,0.0,0.0,0.0,0.0,0.0,0.0,0.0,0.0,0.0,0.0,0.0,0.0,0.0,0.0
t1990,0.0,0.0,0.0,0.0,0.0,0.0,0.0,0.0,0.0,0.0,0.0,0.0,0.0,0.0,0.0,0.0,0.0,0.0
t1991,0.0,0.0,0.0,0.0,0.0,0.0,0.0,0.0,0.0,0.0,0.0,0.0,0.0,0.0,0.0,0.0,0.0,0.0
t1992,0.0,0.0,0.0,0.0,0.0,0.0,0.0,0.0,0.0,0.0,0.0,0.0,0.0,0.0,0.0,0.0,0.0,0.0
t1993,0.0,0.0,0.0,0.0,0.0,0.0,0.0,0.0,0.0,0.0,0.0,0.0,0.0,0.0,0.0,0.0,0.0,0.0
t1994,0.0,0.0,0.0,0.0,0.0,0.0,0.0,0.0,0.0,0.0,0.0,0.0,0.0,0.0,0.0,0.0,0.0,0.0
t1995,0.0,0.0,0.0,0.0,0.0,0.0,0.0,0.0,0.0,0.0,0.0,0.0,0.0,0.0,0.0,0.0,0.0,0.0
t1996,0.0,0.0,0.0,0.0,0.0,0.0,0.0,0.0,0.0,0.0,0.0,0.0,0.0,0.0,0.0,0.0,0.0,0.0
t1997,0.0,0.0,0.0,0.0,0.0,0.0,0.0,0.0,0.0,0.0,0.0,0.0,0.0,0.0,0.0,0.0,0.0,0.0
t1998,0.0,0.0,0.0,0.0,0.0,0.0,0.0,0.0,0.0,0.0,0.0,0.0,0.0,0.0,0.0,0.0,0.0,0.0
t1999,0.0,0.0,0.0,0.0,0.0,0.0,0.0,0.0,0.0,0.0,0.0,0.0,0.0,0.0,0.0,0.0,0.0,0.0
t2000,0.0,0.0,0.0,0.0,0.0,0.0,541.4049480772286,0.0,0.0,0.0,0.0,0.0,0.0,0.0,0.0,0.0,0.0,541.4049480772286
t2001,0.0,110.76923075,0.0,0.0,197.33753574817965,3136.850796341664,1192.1948221700002,1750.24390325,0.0,0.0,0.0,0.0,0.0,0.0,0.0,0.0,0.0,6387.3962882598435
t2002,1096.09375,0.0,0.0,0.0,2895.688743779999,6298.784419985022,1310.6807372399999,0.0,0.0,0.0,0.0,0.0,0.0,0.0,0.0,0.0,0.0,11601.247651005022
t2003,1096.09375,110.76923075,0.0,0.0,3973.2473109999996,4650.530200790459,1294.7652804900001,0.0,0.0,0.0,0.0,0.0,0.0,0.0,0.0,0.0,0.0,11125.40577303046
t2004,234.7896675600006,0.0,0.0,0.0,1739.9186639099994,4813.939890203313,1318.13428909,0.0,0.0,0.0,0.0,0.0,0.0,0.0,0.0,0.0,0.0,8106.7825107633125
t2005,925.3086620765764,36.923308921325294,0.0,0.0,3973.2473109999996,2550.4638424057807,364.4044258700001,0.0,0.0,0.0,0.0,0.0,0.0,0.0,0.0,0.0,0.0,7850.347550273683
t2006,0.0,0.0,0.0,0.0,3973.2473109999996,265.7686935087027,0.0,930.693280839972,0.0,0.0,0.0,0.0,0.0,0.0,0.0,0.0,0.0,5169.709285348674
t2007,0.0,0.0,0.0,0.0,0.0,0.0,0.0,0.0,0.0,0.0,0.0,0.0,0.0,0.0,0.0,0.0,0.0,0.0
t2008,0.0,0.0,0.0,0.0,0.0,0.0,0.0,0.0,0.0,0.0,0.0,0.0,0.0,0.0,0.0,0.0,0.0,0.0
t2009,0.0,0.0,0.0,0.0,0.0,0.0,0.0,0.0,0.0,0.0,0.0,0.0,0.0,0.0,0.0,0.0,0.0,0.0
t2010,0.0,0.0,0.0,0.0,0.0,0.0,0.0,0.0,0.0,0.0,0.0,0.0,0.0,0.0,0.0,0.0,0.0,0.0
t2011,0.0,0.0,0.0,0.0,0.0,0.0,0.0,0.0,0.0,0.0,0.0,0.0,0.0,0.0,0.0,0.0,0.0,0.0
t2012,0.0,0.0,0.0,0.0,0.0,0.0,0.0,0.0,0.0,0.0,0.0,0.0,0.0,0.0,0.0,0.0,0.0,0.0
t2013,0.0,0.0,0.0,0.0,0.0,0.0,0.0,0.0,0.0,0.0,0.0,0.0,0.0,0.0,0.0,0.0,0.0,0.0
t2014,0.0,0.0,0.0,0.0,0.0,0.0,0.0,0.0,0.0,0.0,0.0,0.0,0.0,0.0,0.0,0.0,0.0,0.0
t2015,0.0,0.0,0.0,0.0,0.0,0.0,0.0,0.0,0.0,0.0,0.0,0.0,0.0,0.0,0.0,0.0,0.0,0.0
t2016,0.0,0.0,0.0,0.0,0.0,0.0,0.0,0.0,0.0,0.0,0.0,0.0,0.0,0.0,0.0,0.0,0.0,0.0
t2017,0.0,0.0,0.0,0.0,0.0,0.0,0.0,0.0,0.0,0.0,0.0,0.0,0.0,0.0,0.0,0.0,0.0,0.0
t2018,0.0,0.0,0.0,0.0,0.0,0.0,0.0,0.0,0.0,0.0,0.0,0.0,0.0,0.0,0.0,0.0,0.0,0.0
t2019,0.0,0.0,0.0,0.0,0.0,0.0,0.0,0.0,0.0,0.0,0.0,0.0,0.0,0.0,0.0,0.0,0.0,0.0
t2020,0.0,0.0,0.0,0.0,0.0,0.0,0.0,0.0,0.0,0.0,0.0,0.0,0.0,0.0,0.0,0.0,0.0,0.0
t2021,0.0,0.0,0.0,0.0,0.0,0.0,0.0,0.0,0.0,0.0,0.0,0.0,0.0,0.0,0.0,0.0,0.0,0.0
t2022,0.0,0.0,0.0,0.0,0.0,0.0,0.0,0.0,0.0,0.0,0.0,0.0,0.0,0.0,0.0,0.0,0.0,0.0
t2023,0.0,0.0,0.0,0.0,0.0,0.0,0.0,0.0,0.0,0.0,0.0,0.0,0.0,0.0,0.0,0.0,0.0,0.0
t2024,0.0,0.0,0.0,0.0,0.0,0.0,0.0,0.0,0.0,0.0,0.0,0.0,0.0,0.0,0.0,0.0,0.0,0.0
t2025,0.0,0.0,0.0,0.0,0.0,0.0,0.0,0.0,0.0,0.0,0.0,0.0,0.0,0.0,0.0,0.0,0.0,0.0
t2026,1096.09375,110.76923075,0.0,0.0,0.0,122.04685704422347,0.0,1750.24390325,0.0,0.0,0.0,0.0,0.0,0.0,0.0,0.0,0.0,3079.1537410442234
t2027,376.4648814687265,110.76923075,0.0,0.0,0.0,1911.651547830465,1428.14371275,1750.24390325,0.0,0.0,0.0,0.0,0.0,0.0,0.0,0.0,0.0,5577.273276049192
t2028,1096.09375,0.0,0.0,0.0,0.0,3614.9059463245326,1428.14371275,0.0,0.0,0.0,0.0,0.0,0.0,0.0,0.0,0.0,0.0,6139.143409074532
t2029,1096.09375,0.0,0.0,0.0,0.0,1552.8916136597875,1428.14371275,670.0838820657308,0.0,0.0,0.0,0.0,0.0,0.0,0.0,0.0,0.0,4747.2129584755185
t2030,956.7923592599994,110.76923075,0.0,0.0,0.0,0.0,0.0,1149.907766121608,0.0,0.0,0.0,0.0,0.0,0.0,0.0,0.0,0.0,2217.469356131607
t2031,0.0,0.0,0.0,0.0,0.0,0.0,0.0,0.0,0.0,0.0,0.0,0.0,0.0,0.0,0.0,0.0,0.0,0.0
t2032,0.0,0.0,0.0,0.0,0.0,0.0,0.0,0.0,0.0,0.0,0.0,0.0,0.0,0.0,0.0,0.0,0.0,0.0
t2033,0.0,0.0,0.0,0.0,0.0,0.0,0.0,0.0,0.0,0.0,0.0,0.0,0.0,0.0,0.0,0.0,0.0,0.0
t2034,0.0,0.0,0.0,0.0,0.0,0.0,0.0,0.0,0.0,0.0,0.0,0.0,0.0,0.0,0.0,0.0,0.0,0.0
t2035,0.0,0.0,0.0,0.0,0.0,0.0,0.0,0.0,0.0,0.0,0.0,0.0,0.0,0.0,0.0,0.0,0.0,0.0
t2036,0.0,0.0,0.0,0.0,0.0,0.0,0.0,0.0,0.0,0.0,0.0,0.0,0.0,0.0,0.0,0.0,0.0,0.0
t2037,0.0,0.0,0.0,0.0,0.0,0.0,0.0,0.0,0.0,0.0,0.0,0.0,0.0,0.0,0.0,0.0,0.0,0.0
t2038,0.0,0.0,0.0,0.0,0.0,0.0,0.0,0.0,0.0,0.0,0.0,0.0,0.0,0.0,0.0,0.0,0.0,0.0
t2039,0.0,0.0,0.0,0.0,0.0,0.0,0.0,0.0,0.0,0.0,0.0,0.0,0.0,0.0,0.0,0.0,0.0,0.0
t2040,0.0,0.0,0.0,0.0,0.0,0.0,0.0,0.0,0.0,0.0,0.0,0.0,0.0,0.0,0.0,0.0,0.0,0.0
t2041,0.0,0.0,0.0,0.0,0.0,0.0,0.0,0.0,0.0,0.0,0.0,0.0,0.0,0.0,0.0,0.0,0.0,0.0
t2042,0.0,0.0,0.0,0.0,0.0,0.0,0.0,0.0,0.0,0.0,0.0,0.0,0.0,0.0,0.0,0.0,0.0,0.0
t2043,0.0,0.0,0.0,0.0,0.0,0.0,0.0,0.0,0.0,0.0,0.0,0.0,0.0,0.0,0.0,0.0,0.0,0.0
t2044,0.0,0.0,0.0,0.0,0.0,0.0,0.0,0.0,0.0,0.0,0.0,0.0,0.0,0.0,0.0,0.0,0.0,0.0
t2045,0.0,0.0,0.0,0.0,0.0,0.0,0.0,0.0,0.0,0.0,0.0,0.0,0.0,0.0,0.0,0.0,0.0,0.0
t2046,0.0,0.0,0.0,0.0,0.0,0.0,0.0,0.0,0.0,0.0,0.0,0.0,0.0,0.0,0.0,0.0,0.0,0.0
t2047,0.0,0.0,0.0,0.0,0.0,0.0,0.0,0.0,0.0,0.0,0.0,0.0,0.0,0.0,0.0,0.0,0.0,0.0
t2048,0.0,0.0,0.0,0.0,0.0,0.0,0.0,0.0,0.0,0.0,0.0,0.0,0.0,0.0,0.0,0.0,0.0,0.0
t2049,0.0,0.0,0.0,0.0,0.0,0.0,0.0,0.0,0.0,0.0,0.0,0.0,0.0,0.0,0.0,0.0,0.0,0.0
t2050,0.0,0.0,0.0,0.0,0.0,0.0,0.0,0.0,0.0,0.0,0.0,0.0,0.0,0.0,0.0,0.0,0.0,0.0
t2051,0.0,0.0,0.0,0.0,0.0,0.0,0.0,0.0,0.0,0.0,0.0,0.0,0.0,0.0,0.0,0.0,0.0,0.0
t2052,0.0,0.0,0.0,0.0,0.0,0.0,0.0,0.0,0.0,0.0,0.0,0.0,0.0,0.0,0.0,0.0,0.0,0.0
t2053,0.0,0.0,0.0,0.0,0.0,0.0,0.0,0.0,0.0,0.0,0.0,0.0,0.0,0.0,0.0,0.0,0.0,0.0
t2054,0.0,0.0,0.0,0.0,0.0,0.0,0.0,0.0,0.0,0.0,0.0,0.0,0.0,0.0,0.0,0.0,0.0,0.0
t2055,0.0,0.0,0.0,0.0,0.0,0.0,0.0,0.0,0.0,0.0,0.0,0.0,0.0,0.0,0.0,0.0,0.0,0.0
t2056,0.0,0.0,0.0,0.0,0.0,0.0,0.0,0.0,0.0,0.0,0.0,0.0,0.0,0.0,0.0,0.0,0.0,0.0
t2057,0.0,0.0,0.0,0.0,0.0,0.0,0.0,0.0,0.0,0.0,0.0,0.0,0.0,0.0,0.0,0.0,0.0,0.0
t2058,0.0,0.0,0.0,0.0,0.0,0.0,0.0,0.0,0.0,0.0,0.0,0.0,0.0,0.0,0.0,0.0,0.0,0.0
t2059,0.0,0.0,0.0,0.0,0.0,0.0,0.0,0.0,0.0,0.0,0.0,0.0,0.0,0.0,0.0,0.0,0.0,0.0
t2060,0.0,0.0,0.0,0.0,0.0,0.0,0.0,0.0,0.0,0.0,0.0,0.0,0.0,0.0,0.0,0.0,0.0,0.0
t2061,0.0,0.0,0.0,0.0,0.0,0.0,0.0,0.0,0.0,0.0,0.0,0.0,0.0,0.0,0.0,0.0,0.0,0.0
t2062,0.0,0.0,0.0,0.0,0.0,0.0,0.0,0.0,0.0,0.0,0.0,0.0,0.0,0.0,0.0,0.0,0.0,0.0
t2063,0.0,0.0,0.0,0.0,0.0,0.0,0.0,0.0,0.0,0.0,0.0,0.0,0.0,0.0,0.0,0.0,0.0,0.0
t2064,0.0,0.0,0.0,0.0,0.0,0.0,0.0,0.0,0.0,0.0,0.0,0.0,0.0,0.0,0.0,0.0,0.0,0.0
t2065,0.0,0.0,0.0,0.0,0.0,0.0,0.0,0.0,0.0,0.0,0.0,0.0,0.0,0.0,0.0,0.0,0.0,0.0
t2066,0.0,0.0,0.0,0.0,0.0,0.0,0.0,0.0,0.0,0.0,0.0,0.0,0.0,0.0,0.0,0.0,0.0,0.0
t2067,0.0,0.0,0.0,0.0,0.0,0.0,0.0,0.0,0.0,0.0,0.0,0.0,0.0,0.0,0.0,0.0,0.0,0.0
t2068,0.0,0.0,0.0,0.0,0.0,0.0,0.0,0.0,0.0,0.0,0.0,0.0,0.0,0.0,0.0,0.0,0.0,0.0
t2069,0.0,0.0,0.0,0.0,0.0,0.0,0.0,0.0,0.0,0.0,0.0,0.0,0.0,0.0,0.0,0.0,0.0,0.0
t2070,0.0,0.0,0.0,0.0,0.0,0.0,0.0,0.0,0.0,0.0,0.0,0.0,0.0,0.0,0.0,0.0,0.0,0.0
t2071,0.0,0.0,0.0,0.0,0.0,0.0,0.0,0.0,0.0,0.0,0.0,0.0,0.0,0.0,0.0,0.0,0.0,0.0
t2072,0.0,0.0,0.0,0.0,0.0,0.0,0.0,0.0,0.0,0.0,0.0,0.0,0.0,0.0,0.0,0.0,0.0,0.0
t2073,224.27708202872526,0.0,461.46868297057296,0.0,0.0,0.0,0.0,0.0,0.0,0.0,0.0,0.0,0.0,0.0,0.0,0.0,0.0,685.7457649992982
t2074,0.0,0.0,1167.9414130505718,0.0,0.0,0.0,537.7578021972297,1193.6252170584235,0.0,0.0,0.0,0.0,0.0,0.0,0.0,0.0,0.0,2899.324432306225
t2075,1096.09375,110.76923075,883.211759761833,0.0,0.0,7785.0,1194.75926959,1605.0456594889383,0.0,0.0,0.0,0.0,0.0,0.0,0.0,0.0,0.0,12674.879669590771
t2076,1096.09375,23.96730884562181,1141.013875340572,0.0,0.0,7785.0,1428.14371275,1750.24390325,0.0,0.0,0.0,0.0,0.0,0.0,0.0,0.0,0.0,13224.462550186194
t2077,1096.09375,110.76923075,655.4139890005723,0.0,0.0,7691.177668829263,1428.14371275,1750.24390325,0.0,0.0,0.0,0.0,0.0,0.0,0.0,0.0,0.0,12731.842254579835
t2078,12.886408700000295,110.76923075,832.0556489205715,0.0,0.0,7785.0,1011.8122689300002,0.0,0.0,0.0,0.0,0.0,0.0,0.0,0.0,0.0,0.0,9752.523557300572
t2079,1096.09375,110.76923075,1006.3643336905722,0.0,0.0,1778.2747562695329,420.96773672,1080.5198955716278,0.0,0.0,0.0,0.0,0.0,0.0,0.0,0.0,0.0,5492.989703001733
t2080,0.0,0.0,0.0,0.0,0.0,0.0,0.0,0.0,0.0,0.0,0.0,0.0,0.0,0.0,0.0,0.0,0.0,0.0
t2081,0.0,0.0,0.0,0.0,0.0,0.0,0.0,0.0,0.0,0.0,0.0,0.0,0.0,0.0,0.0,0.0,0.0,0.0
t2082,0.0,0.0,0.0,0.0,0.0,0.0,0.0,0.0,0.0,0.0,0.0,0.0,0.0,0.0,0.0,0.0,0.0,0.0
t2083,0.0,0.0,0.0,0.0,0.0,0.0,0.0,0.0,0.0,0.0,0.0,0.0,0.0,0.0,0.0,0.0,0.0,0.0
t2084,0.0,0.0,0.0,0.0,0.0,0.0,0.0,0.0,0.0,0.0,0.0,0.0,0.0,0.0,0.0,0.0,0.0,0.0
t2085,0.0,0.0,0.0,0.0,0.0,0.0,0.0,0.0,0.0,0.0,0.0,0.0,0.0,0.0,0.0,0.0,0.0,0.0
t2086,0.0,0.0,0.0,0.0,0.0,0.0,0.0,0.0,0.0,0.0,0.0,0.0,0.0,0.0,0.0,0.0,0.0,0.0
t2087,0.0,0.0,0.0,0.0,0.0,0.0,0.0,0.0,0.0,0.0,0.0,0.0,0.0,0.0,0.0,0.0,0.0,0.0
t2088,0.0,0.0,0.0,0.0,0.0,0.0,0.0,0.0,0.0,0.0,0.0,0.0,0.0,0.0,0.0,0.0,0.0,0.0
t2089,0.0,0.0,0.0,0.0,0.0,0.0,0.0,0.0,0.0,0.0,0.0,0.0,0.0,0.0,0.0,0.0,0.0,0.0
t2090,0.0,0.0,0.0,0.0,0.0,0.0,0.0,0.0,0.0,0.0,0.0,0.0,0.0,0.0,0.0,0.0,0.0,0.0
t2091,0.0,0.0,0.0,0.0,0.0,0.0,0.0,0.0,0.0,0.0,0.0,0.0,0.0,0.0,0.0,0.0,0.0,0.0
t2092,0.0,0.0,0.0,0.0,0.0,0.0,0.0,0.0,0.0,0.0,0.0,0.0,0.0,0.0,0.0,0.0,0.0,0.0
t2093,0.0,0.0,0.0,0.0,0.0,0.0,0.0,0.0,0.0,0.0,0.0,0.0,0.0,0.0,0.0,0.0,0.0,0.0
t2094,0.0,0.0,0.0,0.0,0.0,0.0,0.0,0.0,0.0,0.0,0.0,0.0,0.0,0.0,0.0,0.0,0.0,0.0
t2095,0.0,0.0,0.0,0.0,0.0,0.0,0.0,0.0,0.0,0.0,0.0,0.0,0.0,0.0,0.0,0.0,0.0,0.0
t2096,0.0,0.0,0.0,0.0,0.0,0.0,0.0,0.0,0.0,0.0,0.0,0.0,0.0,0.0,0.0,0.0,0.0,0.0
t2097,1096.09375,110.76923075,0.0,0.0,0.0,3686.247376121722,1428.14371275,0.0,0.0,0.0,0.0,0.0,0.0,0.0,0.0,0.0,0.0,6321.254069621722
t2098,0.0,110.76923075,0.0,0.0,0.0,6677.255007178816,1428.14371275,1750.24390325,0.0,0.0,0.0,0.0,0.0,0.0,0.0,0.0,0.0,9966.411853928817
t2099,1096.09375,110.76923075,284.13163598784695,0.0,0.0,7785.0,1428.14371275,0.0,0.0,0.0,0.0,0.0,0.0,0.0,0.0,0.0,0.0,10704.138329487847
t2100,1096.09375,0.0,0.0,0.0,0.0,7785.0,1428.14371275,1750.24390325,0.0,0.0,0.0,0.0,0.0,0.0,0.0,0.0,0.0,12059.481366
t2101,237.16349072872544,77.17171114781104,0.0,0.0,0.0,6890.950041798255,0.0,1740.9041983305574,0.0,0.0,0.0,0.0,0.0,0.0,0.0,0.0,0.0,8946.189442005349
t2102,1096.09375,0.0,0.0,0.0,0.0,0.0,0.0,1750.24390325,0.0,0.0,0.0,0.0,0.0,0.0,0.0,0.0,0.0,2846.3376532499997
t2103,0.0,57.56482844781069,0.0,0.0,0.0,0.0,309.00965193722914,388.0426705384335,0.0,0.0,0.0,0.0,0.0,0.0,0.0,0.0,0.0,754.6171509234733
t2104,0.0,0.0,0.0,0.0,0.0,0.0,0.0,0.0,0.0,0.0,0.0,0.0,0.0,0.0,0.0,0.0,0.0,0.0
t2105,0.0,0.0,0.0,0.0,0.0,0.0,0.0,0.0,0.0,0.0,0.0,0.0,0.0,0.0,0.0,0.0,0.0,0.0
t2106,0.0,0.0,0.0,0.0,0.0,0.0,0.0,0.0,0.0,0.0,0.0,0.0,0.0,0.0,0.0,0.0,0.0,0.0
t2107,0.0,0.0,0.0,0.0,0.0,0.0,0.0,0.0,0.0,0.0,0.0,0.0,0.0,0.0,0.0,0.0,0.0,0.0
t2108,0.0,0.0,0.0,0.0,0.0,0.0,0.0,0.0,0.0,0.0,0.0,0.0,0.0,0.0,0.0,0.0,0.0,0.0
t2109,0.0,0.0,0.0,0.0,0.0,0.0,0.0,0.0,0.0,0.0,0.0,0.0,0.0,0.0,0.0,0.0,0.0,0.0
t2110,0.0,0.0,0.0,0.0,0.0,0.0,0.0,0.0,0.0,0.0,0.0,0.0,0.0,0.0,0.0,0.0,0.0,0.0
t2111,0.0,0.0,0.0,0.0,0.0,0.0,0.0,0.0,0.0,0.0,0.0,0.0,0.0,0.0,0.0,0.0,0.0,0.0
t2112,0.0,0.0,0.0,0.0,0.0,0.0,0.0,0.0,0.0,0.0,0.0,0.0,0.0,0.0,0.0,0.0,0.0,0.0
t2113,0.0,0.0,0.0,0.0,0.0,0.0,0.0,0.0,0.0,0.0,0.0,0.0,0.0,0.0,0.0,0.0,0.0,0.0
t2114,0.0,0.0,0.0,0.0,0.0,0.0,0.0,0.0,0.0,0.0,0.0,0.0,0.0,0.0,0.0,0.0,0.0,0.0
t2115,0.0,0.0,0.0,0.0,0.0,0.0,0.0,0.0,0.0,0.0,0.0,0.0,0.0,0.0,0.0,0.0,0.0,0.0
t2116,0.0,0.0,0.0,0.0,0.0,0.0,0.0,0.0,0.0,0.0,0.0,0.0,0.0,0.0,0.0,0.0,0.0,0.0
t2117,0.0,0.0,0.0,0.0,0.0,0.0,0.0,0.0,0.0,0.0,0.0,0.0,0.0,0.0,0.0,0.0,0.0,0.0
t2118,0.0,0.0,0.0,0.0,0.0,0.0,0.0,0.0,0.0,0.0,0.0,0.0,0.0,0.0,0.0,0.0,0.0,0.0
t2119,0.0,0.0,0.0,0.0,0.0,0.0,0.0,0.0,0.0,0.0,0.0,0.0,0.0,0.0,0.0,0.0,0.0,0.0
t2120,0.0,0.0,0.0,0.0,0.0,0.0,0.0,0.0,0.0,0.0,0.0,0.0,0.0,0.0,0.0,0.0,0.0,0.0
t2121,0.0,0.0,0.0,0.0,0.0,0.0,0.0,0.0,0.0,0.0,0.0,0.0,0.0,0.0,0.0,0.0,0.0,0.0
t2122,1059.6181872304426,0.0,0.0,0.0,0.0,0.0,0.0,0.0,0.0,0.0,0.0,0.0,0.0,0.0,0.0,0.0,0.0,1059.6181872304426
t2123,273.6390534982824,0.0,0.0,0.0,0.0,273.7347053605301,0.0,0.0,0.0,0.0,0.0,0.0,0.0,0.0,0.0,0.0,0.0,547.3737588588125
t2124,1096.09375,110.76923075,0.0,0.0,0.0,2755.8588770120505,0.0,1750.24390325,0.0,0.0,0.0,0.0,0.0,0.0,0.0,0.0,0.0,5712.96576101205
t2125,1096.09375,0.0,0.0,0.0,0.0,0.0,918.0145202389327,1750.24390325,0.0,0.0,0.0,0.0,0.0,0.0,0.0,0.0,0.0,3764.3521734889327
t2126,1096.09375,110.76923075,0.0,0.0,0.0,0.0,628.8835021555014,0.0,0.0,0.0,0.0,0.0,0.0,0.0,0.0,0.0,0.0,1835.7464829055014
t2127,0.0,0.0,0.0,0.0,0.0,0.0,0.0,0.0,0.0,0.0,0.0,0.0,0.0,0.0,0.0,0.0,0.0,0.0
t2128,0.0,0.0,0.0,0.0,0.0,0.0,0.0,0.0,0.0,0.0,0.0,0.0,0.0,0.0,0.0,0.0,0.0,0.0
t2129,0.0,0.0,0.0,0.0,0.0,0.0,0.0,0.0,0.0,0.0,0.0,0.0,0.0,0.0,0.0,0.0,0.0,0.0
t2130,0.0,0.0,0.0,0.0,0.0,0.0,0.0,0.0,0.0,0.0,0.0,0.0,0.0,0.0,0.0,0.0,0.0,0.0
t2131,0.0,0.0,0.0,0.0,0.0,0.0,0.0,0.0,0.0,0.0,0.0,0.0,0.0,0.0,0.0,0.0,0.0,0.0
t2132,0.0,0.0,0.0,0.0,0.0,0.0,0.0,0.0,0.0,0.0,0.0,0.0,0.0,0.0,0.0,0.0,0.0,0.0
t2133,0.0,0.0,0.0,0.0,0.0,0.0,0.0,0.0,0.0,0.0,0.0,0.0,0.0,0.0,0.0,0.0,0.0,0.0
t2134,0.0,0.0,0.0,0.0,0.0,0.0,0.0,0.0,0.0,0.0,0.0,0.0,0.0,0.0,0.0,0.0,0.0,0.0
t2135,0.0,0.0,0.0,0.0,0.0,0.0,0.0,0.0,0.0,0.0,0.0,0.0,0.0,0.0,0.0,0.0,0.0,0.0
t2136,0.0,0.0,0.0,0.0,0.0,0.0,0.0,0.0,0.0,0.0,0.0,0.0,0.0,0.0,0.0,0.0,0.0,0.0
t2137,0.0,0.0,0.0,0.0,0.0,0.0,0.0,0.0,0.0,0.0,0.0,0.0,0.0,0.0,0.0,0.0,0.0,0.0
t2138,0.0,0.0,0.0,0.0,0.0,0.0,0.0,0.0,0.0,0.0,0.0,0.0,0.0,0.0,0.0,0.0,0.0,0.0
t2139,0.0,0.0,0.0,0.0,0.0,0.0,0.0,0.0,0.0,0.0,0.0,0.0,0.0,0.0,0.0,0.0,0.0,0.0
t2140,0.0,0.0,0.0,0.0,0.0,0.0,0.0,0.0,0.0,0.0,0.0,0.0,0.0,0.0,0.0,0.0,0.0,0.0
t2141,0.0,0.0,0.0,0.0,0.0,0.0,0.0,0.0,0.0,0.0,0.0,0.0,0.0,0.0,0.0,0.0,0.0,0.0
t2142,0.0,0.0,0.0,0.0,0.0,0.0,0.0,0.0,0.0,0.0,0.0,0.0,0.0,0.0,0.0,0.0,0.0,0.0
t2143,0.0,0.0,0.0,0.0,0.0,0.0,0.0,0.0,0.0,0.0,0.0,0.0,0.0,0.0,0.0,0.0,0.0,0.0
t2144,0.0,0.0,0.0,0.0,0.0,0.0,0.0,0.0,0.0,0.0,0.0,0.0,0.0,0.0,0.0,0.0,0.0,0.0
t2145,0.0,0.0,0.0,0.0,0.0,0.0,0.0,0.0,0.0,0.0,0.0,0.0,0.0,0.0,0.0,0.0,0.0,0.0
t2146,237.16349072872498,110.76923075,0.0,0.0,0.0,0.0,338.2077666317234,0.0,0.0,0.0,0.0,0.0,0.0,0.0,0.0,0.0,0.0,686.1404881104484
t2147,0.0,110.76923075,0.0,0.0,0.0,2413.2062328182024,0.0,0.0,0.0,0.0,0.0,0.0,0.0,0.0,0.0,0.0,0.0,2523.9754635682025
t2148,1096.09375,0.0,0.0,0.0,0.0,2864.8566433631145,0.0,0.0,0.0,0.0,0.0,0.0,0.0,0.0,0.0,0.0,0.0,3960.9503933631145
t2149,1096.09375,110.76923075,0.0,0.0,0.0,3292.047561242991,0.0,0.0,0.0,0.0,0.0,0.0,0.0,0.0,0.0,0.0,0.0,4498.910541992991
t2150,1096.09375,0.0,0.0,0.0,0.0,760.760495252115,1428.14371275,0.0,0.0,0.0,0.0,0.0,0.0,0.0,0.0,0.0,0.0,3284.9979580021154
t2151,1096.09375,110.76923075,0.0,0.0,0.0,5512.177728995944,1428.14371275,0.0,0.0,0.0,0.0,0.0,0.0,0.0,0.0,0.0,0.0,8147.184422495944
t2152,0.0,0.0,0.0,0.0,0.0,1490.832785817184,1428.14371275,0.0,0.0,0.0,0.0,0.0,0.0,0.0,0.0,0.0,0.0,2918.976498567184
t2153,0.0,0.0,0.0,0.0,0.0,0.0,0.0,0.0,0.0,0.0,0.0,0.0,0.0,0.0,0.0,0.0,0.0,0.0
t2154,0.0,0.0,0.0,0.0,0.0,0.0,0.0,0.0,0.0,0.0,0.0,0.0,0.0,0.0,0.0,0.0,0.0,0.0
t2155,0.0,0.0,0.0,0.0,0.0,0.0,0.0,0.0,0.0,0.0,0.0,0.0,0.0,0.0,0.0,0.0,0.0,0.0
t2156,0.0,0.0,0.0,0.0,0.0,0.0,0.0,0.0,0.0,0.0,0.0,0.0,0.0,0.0,0.0,0.0,0.0,0.0
t2157,0.0,0.0,0.0,0.0,0.0,0.0,0.0,0.0,0.0,0.0,0.0,0.0,0.0,0.0,0.0,0.0,0.0,0.0
t2158,0.0,0.0,0.0,0.0,0.0,0.0,0.0,0.0,0.0,0.0,0.0,0.0,0.0,0.0,0.0,0.0,0.0,0.0
t2159,0.0,0.0,0.0,0.0,0.0,0.0,0.0,0.0,0.0,0.0,0.0,0.0,0.0,0.0,0.0,0.0,0.0,0.0
t2160,0.0,0.0,0.0,0.0,0.0,0.0,0.0,0.0,0.0,0.0,0.0,0.0,0.0,0.0,0.0,0.0,0.0,0.0
t2161,0.0,0.0,0.0,0.0,0.0,0.0,0.0,0.0,0.0,0.0,0.0,0.0,0.0,0.0,0.0,0.0,0.0,0.0
t2162,0.0,0.0,0.0,0.0,0.0,0.0,0.0,0.0,0.0,0.0,0.0,0.0,0.0,0.0,0.0,0.0,0.0,0.0
t2163,0.0,0.0,0.0,0.0,0.0,0.0,0.0,0.0,0.0,0.0,0.0,0.0,0.0,0.0,0.0,0.0,0.0,0.0
t2164,0.0,0.0,0.0,0.0,0.0,0.0,0.0,0.0,0.0,0.0,0.0,0.0,0.0,0.0,0.0,0.0,0.0,0.0
t2165,0.0,0.0,0.0,0.0,0.0,0.0,0.0,0.0,0.0,0.0,0.0,0.0,0.0,0.0,0.0,0.0,0.0,0.0
t2166,0.0,0.0,0.0,0.0,0.0,0.0,0.0,0.0,0.0,0.0,0.0,0.0,0.0,0.0,0.0,0.0,0.0,0.0
t2167,0.0,0.0,0.0,0.0,0.0,0.0,0.0,0.0,0.0,0.0,0.0,0.0,0.0,0.0,0.0,0.0,0.0,0.0
t2168,0.0,0.0,0.0,0.0,0.0,0.0,0.0,0.0,0.0,0.0,0.0,0.0,0.0,0.0,0.0,0.0,0.0,0.0
t2169,791.0092314564365,0.0,0.0,0.0,0.0,0.0,329.69677545406915,962.7672382515834,0.0,0.0,0.0,0.0,0.0,0.0,0.0,0.0,0.0,2083.4732451620894
t2170,488.5778203800009,110.76923075,1458.0000000000002,0.0,0.0,4219.271511820511,1240.1451306283006,0.0,0.0,0.0,0.0,0.0,0.0,0.0,0.0,0.0,0.0,7516.763693578812
t2171,743.9401892799992,110.76923075,1458.0000000000002,0.0,0.0,5536.387867217767,971.6250132299999,1750.24390325,0.0,0.0,0.0,0.0,0.0,0.0,0.0,0.0,0.0,10570.966203727767
t2172,1096.09375,23.967308845621794,1458.0000000000002,0.0,0.0,5443.982205437737,1428.14371275,1750.24390325,0.0,0.0,0.0,0.0,0.0,0.0,0.0,0.0,0.0,11200.43088028336
t2173,751.077508260001,110.76923075,1442.6954614452661,0.0,0.0,7785.0,1215.2486810118853,1750.24390325,0.0,0.0,0.0,0.0,0.0,0.0,0.0,0.0,0.0,13055.034784717154
t2174,463.0057477399999,110.76923075,330.77424128999934,0.0,0.0,6652.704395640636,829.90095602,1166.1796306174065,0.0,0.0,0.0,0.0,0.0,0.0,0.0,0.0,0.0,9553.334202058042
t2175,287.8342436122894,0.0,0.0,0.0,0.0,3187.106444982143,6.82423384297479,0.0,0.0,0.0,0.0,0.0,0.0,0.0,0.0,0.0,0.0,3481.764922437407
t2176,0.0,0.0,0.0,0.0,0.0,0.0,0.0,0.0,0.0,0.0,0.0,0.0,0.0,0.0,0.0,0.0,0.0,0.0
t2177,0.0,0.0,0.0,0.0,0.0,0.0,0.0,0.0,0.0,0.0,0.0,0.0,0.0,0.0,0.0,0.0,0.0,0.0
t2178,0.0,0.0,0.0,0.0,0.0,0.0,0.0,0.0,0.0,0.0,0.0,0.0,0.0,0.0,0.0,0.0,0.0,0.0
t2179,0.0,0.0,0.0,0.0,0.0,0.0,0.0,0.0,0.0,0.0,0.0,0.0,0.0,0.0,0.0,0.0,0.0,0.0
t2180,0.0,0.0,0.0,0.0,0.0,0.0,0.0,0.0,0.0,0.0,0.0,0.0,0.0,0.0,0.0,0.0,0.0,0.0
t2181,0.0,0.0,0.0,0.0,0.0,0.0,0.0,0.0,0.0,0.0,0.0,0.0,0.0,0.0,0.0,0.0,0.0,0.0
t2182,0.0,0.0,0.0,0.0,0.0,0.0,0.0,0.0,0.0,0.0,0.0,0.0,0.0,0.0,0.0,0.0,0.0,0.0
t2183,0.0,0.0,0.0,0.0,0.0,0.0,0.0,0.0,0.0,0.0,0.0,0.0,0.0,0.0,0.0,0.0,0.0,0.0
t2184,0.0,0.0,0.0,0.0,0.0,0.0,0.0,0.0,0.0,0.0,0.0,0.0,0.0,0.0,0.0,0.0,0.0,0.0
