Resource,Central_Storage,IID_Storage,LADWP_Storage,North_Storage,PGE_Storage,SCE_Storage,SDGE_Storage,South_Storage,Central_Storage_Invest,IID_Storage_Invest,LADWP_Storage_Invest,NCNC_Storage_Invest,North_Storage_Invest,PGE_Storage_Invest,SCE_Storage_Invest,SDGE_Storage_Invest,South_Storage_Invest,Total
Zone,1,2,3,5,6,7,8,9,1,2,3,4,5,6,7,8,9,0
AnnualSum,1.6790030381495792e6,129463.02877720998,551153.4751319828,0.0,394368.06246525026,8.035712393025829e6,2.098787806151094e6,1.8790744716350646e6,0.0,0.0,0.0,0.0,0.0,0.0,0.0,0.0,0.0,1.4767562275336009e7
t1,0.0,0.0,0.0,0.0,0.0,0.0,0.0,0.0,0.0,0.0,0.0,0.0,0.0,0.0,0.0,0.0,0.0,0.0
t2,0.0,0.0,0.0,0.0,0.0,0.0,0.0,0.0,0.0,0.0,0.0,0.0,0.0,0.0,0.0,0.0,0.0,0.0
t3,0.0,0.0,0.0,0.0,0.0,0.0,0.0,0.0,0.0,0.0,0.0,0.0,0.0,0.0,0.0,0.0,0.0,0.0
t4,0.0,0.0,0.0,0.0,0.0,0.0,0.0,0.0,0.0,0.0,0.0,0.0,0.0,0.0,0.0,0.0,0.0,0.0
t5,0.0,0.0,0.0,0.0,0.0,0.0,0.0,0.0,0.0,0.0,0.0,0.0,0.0,0.0,0.0,0.0,0.0,0.0
t6,0.0,0.0,0.0,0.0,0.0,0.0,0.0,0.0,0.0,0.0,0.0,0.0,0.0,0.0,0.0,0.0,0.0,0.0
t7,0.0,0.0,0.0,0.0,0.0,0.0,0.0,0.0,0.0,0.0,0.0,0.0,0.0,0.0,0.0,0.0,0.0,0.0
t8,0.0,0.0,0.0,0.0,0.0,1270.0991509769867,497.3544787999999,0.0,0.0,0.0,0.0,0.0,0.0,0.0,0.0,0.0,0.0,1767.4536297769866
t9,1220.0,120.0,0.0,0.0,0.0,1556.0101589192548,713.7947674400002,1950.0,0.0,0.0,0.0,0.0,0.0,0.0,0.0,0.0,0.0,5559.804926359255
t10,723.5906726599999,0.0,0.0,0.0,0.0,3415.5085643284215,1390.48690969,1950.0,0.0,0.0,0.0,0.0,0.0,0.0,0.0,0.0,0.0,7479.586146678422
t11,1003.5221476599996,0.0,0.0,0.0,0.0,4377.941378792304,1132.9665106399998,0.0,0.0,0.0,0.0,0.0,0.0,0.0,0.0,0.0,0.0,6514.430037092304
t12,797.3895520199999,0.0,0.0,0.0,0.0,1392.751702153708,999.7510145200001,1950.0,0.0,0.0,0.0,0.0,0.0,0.0,0.0,0.0,0.0,5139.8922686937085
t13,214.52485937999964,0.0,0.0,0.0,0.0,1967.785674724726,1021.6378339099996,0.0,0.0,0.0,0.0,0.0,0.0,0.0,0.0,0.0,0.0,3203.9483680147255
t14,1184.9460449171913,120.0,0.0,0.0,0.0,0.0,354.56229830040434,0.0,0.0,0.0,0.0,0.0,0.0,0.0,0.0,0.0,0.0,1659.5083432175957
t15,0.0,0.0,0.0,0.0,0.0,0.0,0.0,0.0,0.0,0.0,0.0,0.0,0.0,0.0,0.0,0.0,0.0,0.0
t16,0.0,0.0,0.0,0.0,0.0,0.0,0.0,0.0,0.0,0.0,0.0,0.0,0.0,0.0,0.0,0.0,0.0,0.0
t17,0.0,0.0,0.0,0.0,0.0,0.0,0.0,0.0,0.0,0.0,0.0,0.0,0.0,0.0,0.0,0.0,0.0,0.0
t18,0.0,0.0,0.0,0.0,0.0,0.0,0.0,0.0,0.0,0.0,0.0,0.0,0.0,0.0,0.0,0.0,0.0,0.0
t19,0.0,0.0,0.0,0.0,0.0,0.0,0.0,0.0,0.0,0.0,0.0,0.0,0.0,0.0,0.0,0.0,0.0,0.0
t20,0.0,0.0,0.0,0.0,0.0,0.0,0.0,0.0,0.0,0.0,0.0,0.0,0.0,0.0,0.0,0.0,0.0,0.0
t21,0.0,0.0,0.0,0.0,0.0,0.0,0.0,0.0,0.0,0.0,0.0,0.0,0.0,0.0,0.0,0.0,0.0,0.0
t22,0.0,0.0,0.0,0.0,0.0,0.0,0.0,0.0,0.0,0.0,0.0,0.0,0.0,0.0,0.0,0.0,0.0,0.0
t23,0.0,0.0,0.0,0.0,0.0,0.0,0.0,0.0,0.0,0.0,0.0,0.0,0.0,0.0,0.0,0.0,0.0,0.0
t24,0.0,0.0,0.0,0.0,0.0,0.0,0.0,0.0,0.0,0.0,0.0,0.0,0.0,0.0,0.0,0.0,0.0,0.0
t25,0.0,0.0,0.0,0.0,0.0,0.0,0.0,0.0,0.0,0.0,0.0,0.0,0.0,0.0,0.0,0.0,0.0,0.0
t26,0.0,0.0,0.0,0.0,0.0,0.0,0.0,0.0,0.0,0.0,0.0,0.0,0.0,0.0,0.0,0.0,0.0,0.0
t27,0.0,0.0,0.0,0.0,0.0,0.0,0.0,0.0,0.0,0.0,0.0,0.0,0.0,0.0,0.0,0.0,0.0,0.0
t28,0.0,0.0,0.0,0.0,0.0,0.0,0.0,0.0,0.0,0.0,0.0,0.0,0.0,0.0,0.0,0.0,0.0,0.0
t29,0.0,0.0,0.0,0.0,0.0,0.0,0.0,0.0,0.0,0.0,0.0,0.0,0.0,0.0,0.0,0.0,0.0,0.0
t30,0.0,0.0,0.0,0.0,0.0,0.0,0.0,0.0,0.0,0.0,0.0,0.0,0.0,0.0,0.0,0.0,0.0,0.0
t31,0.0,0.0,0.0,0.0,0.0,0.0,0.0,0.0,0.0,0.0,0.0,0.0,0.0,0.0,0.0,0.0,0.0,0.0
t32,0.0,0.0,0.0,0.0,0.0,0.0,0.0,0.0,0.0,0.0,0.0,0.0,0.0,0.0,0.0,0.0,0.0,0.0
t33,0.0,0.0,0.0,0.0,0.0,0.0,0.0,0.0,0.0,0.0,0.0,0.0,0.0,0.0,0.0,0.0,0.0,0.0
t34,0.0,0.0,0.0,0.0,0.0,0.0,0.0,0.0,0.0,0.0,0.0,0.0,0.0,0.0,0.0,0.0,0.0,0.0
t35,0.0,0.0,0.0,0.0,0.0,0.0,0.0,0.0,0.0,0.0,0.0,0.0,0.0,0.0,0.0,0.0,0.0,0.0
t36,0.0,0.0,0.0,0.0,0.0,0.0,0.0,0.0,0.0,0.0,0.0,0.0,0.0,0.0,0.0,0.0,0.0,0.0
t37,0.0,0.0,0.0,0.0,0.0,0.0,282.4441943329026,0.0,0.0,0.0,0.0,0.0,0.0,0.0,0.0,0.0,0.0,282.4441943329026
t38,0.0,0.0,0.0,0.0,0.0,0.0,0.0,0.0,0.0,0.0,0.0,0.0,0.0,0.0,0.0,0.0,0.0,0.0
t39,0.0,0.0,0.0,0.0,0.0,0.0,0.0,0.0,0.0,0.0,0.0,0.0,0.0,0.0,0.0,0.0,0.0,0.0
t40,0.0,0.0,0.0,0.0,0.0,0.0,0.0,0.0,0.0,0.0,0.0,0.0,0.0,0.0,0.0,0.0,0.0,0.0
t41,0.0,0.0,0.0,0.0,0.0,0.0,0.0,0.0,0.0,0.0,0.0,0.0,0.0,0.0,0.0,0.0,0.0,0.0
t42,0.0,0.0,0.0,0.0,0.0,0.0,0.0,0.0,0.0,0.0,0.0,0.0,0.0,0.0,0.0,0.0,0.0,0.0
t43,0.0,0.0,0.0,0.0,0.0,0.0,0.0,0.0,0.0,0.0,0.0,0.0,0.0,0.0,0.0,0.0,0.0,0.0
t44,0.0,0.0,0.0,0.0,0.0,0.0,0.0,0.0,0.0,0.0,0.0,0.0,0.0,0.0,0.0,0.0,0.0,0.0
t45,0.0,0.0,0.0,0.0,0.0,0.0,0.0,0.0,0.0,0.0,0.0,0.0,0.0,0.0,0.0,0.0,0.0,0.0
t46,0.0,0.0,0.0,0.0,0.0,0.0,0.0,0.0,0.0,0.0,0.0,0.0,0.0,0.0,0.0,0.0,0.0,0.0
t47,0.0,0.0,0.0,0.0,0.0,0.0,0.0,0.0,0.0,0.0,0.0,0.0,0.0,0.0,0.0,0.0,0.0,0.0
t48,0.0,0.0,0.0,0.0,0.0,0.0,0.0,0.0,0.0,0.0,0.0,0.0,0.0,0.0,0.0,0.0,0.0,0.0
t49,0.0,0.0,0.0,0.0,0.0,0.0,0.0,0.0,0.0,0.0,0.0,0.0,0.0,0.0,0.0,0.0,0.0,0.0
t50,0.0,0.0,0.0,0.0,0.0,0.0,0.0,0.0,0.0,0.0,0.0,0.0,0.0,0.0,0.0,0.0,0.0,0.0
t51,0.0,0.0,0.0,0.0,0.0,0.0,0.0,0.0,0.0,0.0,0.0,0.0,0.0,0.0,0.0,0.0,0.0,0.0
t52,0.0,0.0,0.0,0.0,0.0,0.0,0.0,0.0,0.0,0.0,0.0,0.0,0.0,0.0,0.0,0.0,0.0,0.0
t53,0.0,0.0,0.0,0.0,0.0,0.0,0.0,0.0,0.0,0.0,0.0,0.0,0.0,0.0,0.0,0.0,0.0,0.0
t54,0.0,0.0,0.0,0.0,0.0,0.0,0.0,0.0,0.0,0.0,0.0,0.0,0.0,0.0,0.0,0.0,0.0,0.0
t55,0.0,0.0,0.0,0.0,0.0,0.0,0.0,0.0,0.0,0.0,0.0,0.0,0.0,0.0,0.0,0.0,0.0,0.0
t56,0.0,0.0,0.0,0.0,0.0,0.0,0.0,0.0,0.0,0.0,0.0,0.0,0.0,0.0,0.0,0.0,0.0,0.0
t57,0.0,0.0,0.0,0.0,0.0,0.0,0.0,0.0,0.0,0.0,0.0,0.0,0.0,0.0,0.0,0.0,0.0,0.0
t58,875.9854887661949,0.0,0.0,0.0,0.0,0.0,722.7188372912564,0.0,0.0,0.0,0.0,0.0,0.0,0.0,0.0,0.0,0.0,1598.7043260574512
t59,1220.0,120.0,0.0,0.0,0.0,70.83741525956813,1211.3119084900004,0.0,0.0,0.0,0.0,0.0,0.0,0.0,0.0,0.0,0.0,2622.149323749569
t60,1220.0,120.0,0.0,0.0,0.0,3377.1105696542754,1590.0,0.0,0.0,0.0,0.0,0.0,0.0,0.0,0.0,0.0,0.0,6307.110569654275
t61,1220.0,0.0,0.0,0.0,0.0,444.5011376204993,1590.0,1950.0,0.0,0.0,0.0,0.0,0.0,0.0,0.0,0.0,0.0,5204.501137620499
t62,251.94670708747395,0.0,0.0,0.0,0.0,0.0,1590.0,0.0,0.0,0.0,0.0,0.0,0.0,0.0,0.0,0.0,0.0,1841.946707087474
t63,0.0,0.0,0.0,0.0,0.0,0.0,0.0,0.0,0.0,0.0,0.0,0.0,0.0,0.0,0.0,0.0,0.0,0.0
t64,0.0,0.0,0.0,0.0,0.0,0.0,0.0,0.0,0.0,0.0,0.0,0.0,0.0,0.0,0.0,0.0,0.0,0.0
t65,0.0,0.0,0.0,0.0,0.0,0.0,0.0,0.0,0.0,0.0,0.0,0.0,0.0,0.0,0.0,0.0,0.0,0.0
t66,0.0,0.0,0.0,0.0,0.0,0.0,0.0,0.0,0.0,0.0,0.0,0.0,0.0,0.0,0.0,0.0,0.0,0.0
t67,0.0,0.0,0.0,0.0,0.0,0.0,0.0,0.0,0.0,0.0,0.0,0.0,0.0,0.0,0.0,0.0,0.0,0.0
t68,0.0,0.0,0.0,0.0,0.0,0.0,0.0,0.0,0.0,0.0,0.0,0.0,0.0,0.0,0.0,0.0,0.0,0.0
t69,0.0,0.0,0.0,0.0,0.0,0.0,0.0,0.0,0.0,0.0,0.0,0.0,0.0,0.0,0.0,0.0,0.0,0.0
t70,0.0,0.0,0.0,0.0,0.0,0.0,0.0,0.0,0.0,0.0,0.0,0.0,0.0,0.0,0.0,0.0,0.0,0.0
t71,0.0,0.0,0.0,0.0,0.0,0.0,0.0,0.0,0.0,0.0,0.0,0.0,0.0,0.0,0.0,0.0,0.0,0.0
t72,0.0,0.0,0.0,0.0,0.0,0.0,0.0,0.0,0.0,0.0,0.0,0.0,0.0,0.0,0.0,0.0,0.0,0.0
t73,0.0,0.0,0.0,0.0,0.0,0.0,0.0,0.0,0.0,0.0,0.0,0.0,0.0,0.0,0.0,0.0,0.0,0.0
t74,0.0,0.0,0.0,0.0,0.0,0.0,0.0,0.0,0.0,0.0,0.0,0.0,0.0,0.0,0.0,0.0,0.0,0.0
t75,0.0,0.0,0.0,0.0,0.0,0.0,0.0,0.0,0.0,0.0,0.0,0.0,0.0,0.0,0.0,0.0,0.0,0.0
t76,0.0,0.0,0.0,0.0,0.0,0.0,0.0,0.0,0.0,0.0,0.0,0.0,0.0,0.0,0.0,0.0,0.0,0.0
t77,0.0,0.0,0.0,0.0,0.0,0.0,0.0,0.0,0.0,0.0,0.0,0.0,0.0,0.0,0.0,0.0,0.0,0.0
t78,0.0,0.0,0.0,0.0,0.0,0.0,0.0,0.0,0.0,0.0,0.0,0.0,0.0,0.0,0.0,0.0,0.0,0.0
t79,0.0,0.0,0.0,0.0,0.0,0.0,0.0,0.0,0.0,0.0,0.0,0.0,0.0,0.0,0.0,0.0,0.0,0.0
t80,0.0,120.0,0.0,0.0,0.0,637.27194332734,963.1904175797658,0.0,0.0,0.0,0.0,0.0,0.0,0.0,0.0,0.0,0.0,1720.462360907106
t81,1220.0,120.0,0.0,0.0,0.0,3195.6111327992635,617.6584183900003,1950.0,0.0,0.0,0.0,0.0,0.0,0.0,0.0,0.0,0.0,7103.269551189264
t82,1220.0,120.0,0.0,0.0,0.0,3601.715856755398,846.3812418800001,1950.0,0.0,0.0,0.0,0.0,0.0,0.0,0.0,0.0,0.0,7738.097098635398
t83,0.0,0.0,0.0,0.0,0.0,7711.603737042423,1011.7696420107152,0.0,0.0,0.0,0.0,0.0,0.0,0.0,0.0,0.0,0.0,8723.373379053139
t84,0.0,0.0,0.0,0.0,0.0,6126.74767241554,1060.14124558,1950.0,0.0,0.0,0.0,0.0,0.0,0.0,0.0,0.0,0.0,9136.88891799554
t85,1220.0,0.0,0.0,0.0,0.0,8428.079284249967,990.4949483207761,0.0,0.0,0.0,0.0,0.0,0.0,0.0,0.0,0.0,0.0,10638.574232570743
t86,263.9732766371902,25.964584587264614,0.0,0.0,0.0,5944.589592016274,776.0764089400001,421.9244995430499,0.0,0.0,0.0,0.0,0.0,0.0,0.0,0.0,0.0,7432.528361723778
t87,1220.0,120.0,0.0,0.0,0.0,825.9945870591196,438.31842307999966,1950.0,0.0,0.0,0.0,0.0,0.0,0.0,0.0,0.0,0.0,4554.31301013912
t88,0.0,0.0,0.0,0.0,0.0,0.0,0.0,0.0,0.0,0.0,0.0,0.0,0.0,0.0,0.0,0.0,0.0,0.0
t89,0.0,0.0,0.0,0.0,0.0,0.0,0.0,0.0,0.0,0.0,0.0,0.0,0.0,0.0,0.0,0.0,0.0,0.0
t90,0.0,0.0,0.0,0.0,0.0,0.0,0.0,0.0,0.0,0.0,0.0,0.0,0.0,0.0,0.0,0.0,0.0,0.0
t91,0.0,0.0,0.0,0.0,0.0,0.0,0.0,0.0,0.0,0.0,0.0,0.0,0.0,0.0,0.0,0.0,0.0,0.0
t92,0.0,0.0,0.0,0.0,0.0,0.0,0.0,0.0,0.0,0.0,0.0,0.0,0.0,0.0,0.0,0.0,0.0,0.0
t93,0.0,0.0,0.0,0.0,0.0,0.0,0.0,0.0,0.0,0.0,0.0,0.0,0.0,0.0,0.0,0.0,0.0,0.0
t94,0.0,0.0,0.0,0.0,0.0,0.0,0.0,0.0,0.0,0.0,0.0,0.0,0.0,0.0,0.0,0.0,0.0,0.0
t95,0.0,0.0,0.0,0.0,0.0,0.0,0.0,0.0,0.0,0.0,0.0,0.0,0.0,0.0,0.0,0.0,0.0,0.0
t96,0.0,0.0,0.0,0.0,0.0,0.0,0.0,0.0,0.0,0.0,0.0,0.0,0.0,0.0,0.0,0.0,0.0,0.0
t97,0.0,0.0,0.0,0.0,0.0,0.0,0.0,0.0,0.0,0.0,0.0,0.0,0.0,0.0,0.0,0.0,0.0,0.0
t98,0.0,0.0,0.0,0.0,0.0,0.0,0.0,0.0,0.0,0.0,0.0,0.0,0.0,0.0,0.0,0.0,0.0,0.0
t99,0.0,0.0,0.0,0.0,0.0,0.0,0.0,0.0,0.0,0.0,0.0,0.0,0.0,0.0,0.0,0.0,0.0,0.0
t100,0.0,0.0,0.0,0.0,0.0,0.0,0.0,0.0,0.0,0.0,0.0,0.0,0.0,0.0,0.0,0.0,0.0,0.0
t101,0.0,0.0,0.0,0.0,0.0,0.0,0.0,0.0,0.0,0.0,0.0,0.0,0.0,0.0,0.0,0.0,0.0,0.0
t102,0.0,0.0,0.0,0.0,0.0,0.0,0.0,0.0,0.0,0.0,0.0,0.0,0.0,0.0,0.0,0.0,0.0,0.0
t103,0.0,0.0,0.0,0.0,0.0,0.0,0.0,0.0,0.0,0.0,0.0,0.0,0.0,0.0,0.0,0.0,0.0,0.0
t104,0.0,0.0,0.0,0.0,0.0,0.0,0.0,0.0,0.0,0.0,0.0,0.0,0.0,0.0,0.0,0.0,0.0,0.0
t105,1220.0,120.0,0.0,0.0,0.0,1091.361712427275,890.9036897887937,1950.0,0.0,0.0,0.0,0.0,0.0,0.0,0.0,0.0,0.0,5272.265402216069
t106,412.80581153999987,0.0,0.0,0.0,0.0,6752.024484307142,751.9748222600002,0.0,0.0,0.0,0.0,0.0,0.0,0.0,0.0,0.0,0.0,7916.805118107142
t107,0.0,0.0,0.0,0.0,0.0,6966.077082517694,1139.2179519324634,0.0,0.0,0.0,0.0,0.0,0.0,0.0,0.0,0.0,0.0,8105.295034450158
t108,1220.0,120.0,0.0,0.0,0.0,3834.689485330231,1058.15462739,1950.0,0.0,0.0,0.0,0.0,0.0,0.0,0.0,0.0,0.0,8182.844112720231
t109,847.9650302371894,0.0,0.0,0.0,0.0,5514.1299610037695,1590.0,1950.0,0.0,0.0,0.0,0.0,0.0,0.0,0.0,0.0,0.0,9902.09499124096
t110,223.20243486000066,0.0,0.0,0.0,0.0,6112.288916794272,829.8523415599997,1950.0,0.0,0.0,0.0,0.0,0.0,0.0,0.0,0.0,0.0,9115.343693214272
t111,1220.0,120.0,0.0,0.0,0.0,2893.1376925524364,443.92731284999985,0.0,0.0,0.0,0.0,0.0,0.0,0.0,0.0,0.0,0.0,4677.065005402436
t112,0.0,0.0,0.0,0.0,0.0,0.0,0.0,0.0,0.0,0.0,0.0,0.0,0.0,0.0,0.0,0.0,0.0,0.0
t113,0.0,0.0,0.0,0.0,0.0,0.0,0.0,0.0,0.0,0.0,0.0,0.0,0.0,0.0,0.0,0.0,0.0,0.0
t114,0.0,0.0,0.0,0.0,0.0,0.0,0.0,0.0,0.0,0.0,0.0,0.0,0.0,0.0,0.0,0.0,0.0,0.0
t115,0.0,0.0,0.0,0.0,0.0,0.0,0.0,0.0,0.0,0.0,0.0,0.0,0.0,0.0,0.0,0.0,0.0,0.0
t116,0.0,0.0,0.0,0.0,0.0,0.0,0.0,0.0,0.0,0.0,0.0,0.0,0.0,0.0,0.0,0.0,0.0,0.0
t117,0.0,0.0,0.0,0.0,0.0,0.0,0.0,0.0,0.0,0.0,0.0,0.0,0.0,0.0,0.0,0.0,0.0,0.0
t118,0.0,0.0,0.0,0.0,0.0,0.0,0.0,0.0,0.0,0.0,0.0,0.0,0.0,0.0,0.0,0.0,0.0,0.0
t119,0.0,0.0,0.0,0.0,0.0,0.0,0.0,0.0,0.0,0.0,0.0,0.0,0.0,0.0,0.0,0.0,0.0,0.0
t120,0.0,0.0,0.0,0.0,0.0,0.0,0.0,0.0,0.0,0.0,0.0,0.0,0.0,0.0,0.0,0.0,0.0,0.0
t121,0.0,0.0,0.0,0.0,0.0,0.0,0.0,0.0,0.0,0.0,0.0,0.0,0.0,0.0,0.0,0.0,0.0,0.0
t122,0.0,0.0,0.0,0.0,0.0,0.0,0.0,0.0,0.0,0.0,0.0,0.0,0.0,0.0,0.0,0.0,0.0,0.0
t123,0.0,0.0,0.0,0.0,0.0,0.0,0.0,0.0,0.0,0.0,0.0,0.0,0.0,0.0,0.0,0.0,0.0,0.0
t124,0.0,0.0,0.0,0.0,0.0,0.0,0.0,0.0,0.0,0.0,0.0,0.0,0.0,0.0,0.0,0.0,0.0,0.0
t125,0.0,0.0,0.0,0.0,0.0,0.0,0.0,0.0,0.0,0.0,0.0,0.0,0.0,0.0,0.0,0.0,0.0,0.0
t126,0.0,0.0,0.0,0.0,0.0,0.0,0.0,0.0,0.0,0.0,0.0,0.0,0.0,0.0,0.0,0.0,0.0,0.0
t127,0.0,0.0,0.0,0.0,0.0,0.0,0.0,0.0,0.0,0.0,0.0,0.0,0.0,0.0,0.0,0.0,0.0,0.0
t128,168.9114281371901,120.0,295.44238119999966,0.0,0.0,1456.7568956322498,291.87751729125495,0.0,0.0,0.0,0.0,0.0,0.0,0.0,0.0,0.0,0.0,2332.988222260695
t129,1220.0,0.0,905.3863174000002,0.0,0.0,4387.624505084792,257.5324048200003,1594.8585083730493,0.0,0.0,0.0,0.0,0.0,0.0,0.0,0.0,0.0,8365.40173567784
t130,0.0,120.0,1103.4478046899997,0.0,0.0,4828.1305380649255,1109.2181483300003,0.0,0.0,0.0,0.0,0.0,0.0,0.0,0.0,0.0,0.0,7160.796491084925
t131,1220.0,0.0,1137.5296642700002,0.0,0.0,5734.083348484917,860.9800796100002,1950.0,0.0,0.0,0.0,0.0,0.0,0.0,0.0,0.0,0.0,10902.593092364918
t132,156.78738205999994,120.0,1178.7478571800002,0.0,0.0,5540.710494664423,1002.18323313,1950.0,0.0,0.0,0.0,0.0,0.0,0.0,0.0,0.0,0.0,9948.428967034422
t133,0.0,25.964584587264614,1201.55390218,0.0,0.0,5238.108366770398,1388.2389731600001,1950.0,0.0,0.0,0.0,0.0,0.0,0.0,0.0,0.0,0.0,9803.865826697662
t134,1220.0,0.0,809.5799032999998,0.0,0.0,6800.459413822884,837.6831042700002,777.0659911700009,0.0,0.0,0.0,0.0,0.0,0.0,0.0,0.0,0.0,10444.788412562884
t135,1158.2744664400002,120.0,0.0,0.0,0.0,2485.7402431407377,901.7038931200001,0.0,0.0,0.0,0.0,0.0,0.0,0.0,0.0,0.0,0.0,4665.718602700738
t136,0.0,0.0,198.834061708073,0.0,0.0,0.0,54.613392050000044,0.0,0.0,0.0,0.0,0.0,0.0,0.0,0.0,0.0,0.0,253.44745375807304
t137,0.0,0.0,0.0,0.0,0.0,0.0,0.0,0.0,0.0,0.0,0.0,0.0,0.0,0.0,0.0,0.0,0.0,0.0
t138,0.0,0.0,0.0,0.0,0.0,0.0,0.0,0.0,0.0,0.0,0.0,0.0,0.0,0.0,0.0,0.0,0.0,0.0
t139,0.0,0.0,0.0,0.0,0.0,0.0,0.0,0.0,0.0,0.0,0.0,0.0,0.0,0.0,0.0,0.0,0.0,0.0
t140,0.0,0.0,0.0,0.0,0.0,0.0,0.0,0.0,0.0,0.0,0.0,0.0,0.0,0.0,0.0,0.0,0.0,0.0
t141,0.0,0.0,0.0,0.0,0.0,0.0,0.0,0.0,0.0,0.0,0.0,0.0,0.0,0.0,0.0,0.0,0.0,0.0
t142,0.0,0.0,0.0,0.0,0.0,0.0,0.0,0.0,0.0,0.0,0.0,0.0,0.0,0.0,0.0,0.0,0.0,0.0
t143,0.0,0.0,0.0,0.0,0.0,0.0,0.0,0.0,0.0,0.0,0.0,0.0,0.0,0.0,0.0,0.0,0.0,0.0
t144,0.0,0.0,0.0,0.0,0.0,0.0,0.0,0.0,0.0,0.0,0.0,0.0,0.0,0.0,0.0,0.0,0.0,0.0
t145,0.0,0.0,0.0,0.0,0.0,0.0,0.0,0.0,0.0,0.0,0.0,0.0,0.0,0.0,0.0,0.0,0.0,0.0
t146,0.0,0.0,0.0,0.0,0.0,0.0,0.0,0.0,0.0,0.0,0.0,0.0,0.0,0.0,0.0,0.0,0.0,0.0
t147,0.0,0.0,0.0,0.0,0.0,0.0,0.0,0.0,0.0,0.0,0.0,0.0,0.0,0.0,0.0,0.0,0.0,0.0
t148,0.0,0.0,0.0,0.0,0.0,0.0,0.0,0.0,0.0,0.0,0.0,0.0,0.0,0.0,0.0,0.0,0.0,0.0
t149,0.0,0.0,0.0,0.0,0.0,0.0,0.0,0.0,0.0,0.0,0.0,0.0,0.0,0.0,0.0,0.0,0.0,0.0
t150,0.0,0.0,0.0,0.0,0.0,0.0,0.0,0.0,0.0,0.0,0.0,0.0,0.0,0.0,0.0,0.0,0.0,0.0
t151,0.0,0.0,0.0,0.0,0.0,0.0,0.0,0.0,0.0,0.0,0.0,0.0,0.0,0.0,0.0,0.0,0.0,0.0
t152,14.696899986230859,0.0,318.38815337999984,0.0,0.0,0.0,198.67823625125592,0.0,0.0,0.0,0.0,0.0,0.0,0.0,0.0,0.0,0.0,531.7632896174866
t153,656.3781804709595,120.0,958.9339820700002,0.0,0.0,4241.002533600621,613.0364761300002,421.92449954305056,0.0,0.0,0.0,0.0,0.0,0.0,0.0,0.0,0.0,7011.275671814632
t154,0.0,120.0,1148.72131038,0.0,0.0,5045.971806737963,857.5654406600001,1950.0,0.0,0.0,0.0,0.0,0.0,0.0,0.0,0.0,0.0,9122.258557777963
t155,1220.0,0.0,1236.6934390899996,0.0,0.0,6779.887360984535,894.2264532300002,0.0,0.0,0.0,0.0,0.0,0.0,0.0,0.0,0.0,0.0,10130.807253304534
t156,1220.0,120.0,736.1566246980726,0.0,0.0,6114.200987774374,1175.77496104,1950.0,0.0,0.0,0.0,0.0,0.0,0.0,0.0,0.0,0.0,11316.132573512446
t157,0.0,0.0,1280.8700104000002,0.0,0.0,6645.561968229533,1364.60846971,1950.0,0.0,0.0,0.0,0.0,0.0,0.0,0.0,0.0,0.0,11241.040448339532
t158,1220.0,25.964584587264614,1150.7583719099998,0.0,0.0,4451.907349249017,1076.0324174600003,1950.0,0.0,0.0,0.0,0.0,0.0,0.0,0.0,0.0,0.0,9874.662723206282
t159,812.8981961799997,120.0,0.0,0.0,0.0,3193.081799089286,524.1082912999999,0.0,0.0,0.0,0.0,0.0,0.0,0.0,0.0,0.0,0.0,4650.088286569286
t160,0.0,0.0,0.0,0.0,0.0,0.0,0.0,0.0,0.0,0.0,0.0,0.0,0.0,0.0,0.0,0.0,0.0,0.0
t161,0.0,0.0,0.0,0.0,0.0,0.0,0.0,0.0,0.0,0.0,0.0,0.0,0.0,0.0,0.0,0.0,0.0,0.0
t162,0.0,0.0,0.0,0.0,0.0,0.0,0.0,0.0,0.0,0.0,0.0,0.0,0.0,0.0,0.0,0.0,0.0,0.0
t163,0.0,0.0,0.0,0.0,0.0,0.0,0.0,0.0,0.0,0.0,0.0,0.0,0.0,0.0,0.0,0.0,0.0,0.0
t164,0.0,0.0,0.0,0.0,0.0,0.0,0.0,0.0,0.0,0.0,0.0,0.0,0.0,0.0,0.0,0.0,0.0,0.0
t165,0.0,0.0,0.0,0.0,0.0,0.0,0.0,0.0,0.0,0.0,0.0,0.0,0.0,0.0,0.0,0.0,0.0,0.0
t166,0.0,0.0,0.0,0.0,0.0,0.0,0.0,0.0,0.0,0.0,0.0,0.0,0.0,0.0,0.0,0.0,0.0,0.0
t167,0.0,0.0,0.0,0.0,0.0,0.0,0.0,0.0,0.0,0.0,0.0,0.0,0.0,0.0,0.0,0.0,0.0,0.0
t168,0.0,0.0,0.0,0.0,0.0,0.0,0.0,0.0,0.0,0.0,0.0,0.0,0.0,0.0,0.0,0.0,0.0,0.0
t169,0.0,0.0,0.0,0.0,0.0,0.0,0.0,0.0,0.0,0.0,0.0,0.0,0.0,0.0,0.0,0.0,0.0,0.0
t170,0.0,0.0,0.0,0.0,0.0,0.0,0.0,0.0,0.0,0.0,0.0,0.0,0.0,0.0,0.0,0.0,0.0,0.0
t171,0.0,0.0,0.0,0.0,0.0,0.0,0.0,0.0,0.0,0.0,0.0,0.0,0.0,0.0,0.0,0.0,0.0,0.0
t172,0.0,0.0,0.0,0.0,0.0,0.0,0.0,0.0,0.0,0.0,0.0,0.0,0.0,0.0,0.0,0.0,0.0,0.0
t173,0.0,0.0,0.0,0.0,0.0,0.0,0.0,0.0,0.0,0.0,0.0,0.0,0.0,0.0,0.0,0.0,0.0,0.0
t174,0.0,0.0,0.0,0.0,0.0,0.0,0.0,0.0,0.0,0.0,0.0,0.0,0.0,0.0,0.0,0.0,0.0,0.0
t175,0.0,0.0,0.0,0.0,0.0,0.0,0.0,0.0,0.0,0.0,0.0,0.0,0.0,0.0,0.0,0.0,0.0,0.0
t176,0.0,0.0,0.0,0.0,0.0,0.0,0.0,0.0,0.0,0.0,0.0,0.0,0.0,0.0,0.0,0.0,0.0,0.0
t177,0.0,0.0,0.0,0.0,0.0,0.0,0.0,0.0,0.0,0.0,0.0,0.0,0.0,0.0,0.0,0.0,0.0,0.0
t178,312.1799584999999,0.0,0.0,0.0,0.0,0.0,182.46891376895428,0.0,0.0,0.0,0.0,0.0,0.0,0.0,0.0,0.0,0.0,494.64887226895416
t179,1220.0,0.0,0.0,0.0,0.0,0.0,1287.2243846272042,0.0,0.0,0.0,0.0,0.0,0.0,0.0,0.0,0.0,0.0,2507.224384627204
t180,1220.0,120.0,0.0,0.0,0.0,842.7277779824633,1590.0,1945.6105110638555,0.0,0.0,0.0,0.0,0.0,0.0,0.0,0.0,0.0,5718.338289046319
t181,1219.6679660199998,0.0,0.0,0.0,0.0,2991.0102304069137,953.0647111250981,0.0,0.0,0.0,0.0,0.0,0.0,0.0,0.0,0.0,0.0,5163.742907552012
t182,468.18833849999976,0.0,0.0,0.0,0.0,0.0,1502.5482209000002,1950.0,0.0,0.0,0.0,0.0,0.0,0.0,0.0,0.0,0.0,3920.7365594
t183,0.0,120.0,0.0,0.0,0.0,0.0,1188.7245153600002,308.3777610046338,0.0,0.0,0.0,0.0,0.0,0.0,0.0,0.0,0.0,1617.102276364634
t184,703.9370136171901,0.0,0.0,0.0,0.0,0.0,0.0,0.0,0.0,0.0,0.0,0.0,0.0,0.0,0.0,0.0,0.0,703.9370136171901
t185,0.0,0.0,0.0,0.0,0.0,0.0,0.0,0.0,0.0,0.0,0.0,0.0,0.0,0.0,0.0,0.0,0.0,0.0
t186,0.0,0.0,0.0,0.0,0.0,0.0,0.0,0.0,0.0,0.0,0.0,0.0,0.0,0.0,0.0,0.0,0.0,0.0
t187,0.0,0.0,0.0,0.0,0.0,0.0,0.0,0.0,0.0,0.0,0.0,0.0,0.0,0.0,0.0,0.0,0.0,0.0
t188,0.0,0.0,0.0,0.0,0.0,0.0,0.0,0.0,0.0,0.0,0.0,0.0,0.0,0.0,0.0,0.0,0.0,0.0
t189,0.0,0.0,0.0,0.0,0.0,0.0,0.0,0.0,0.0,0.0,0.0,0.0,0.0,0.0,0.0,0.0,0.0,0.0
t190,0.0,0.0,0.0,0.0,0.0,0.0,0.0,0.0,0.0,0.0,0.0,0.0,0.0,0.0,0.0,0.0,0.0,0.0
t191,0.0,0.0,0.0,0.0,0.0,0.0,0.0,0.0,0.0,0.0,0.0,0.0,0.0,0.0,0.0,0.0,0.0,0.0
t192,0.0,0.0,0.0,0.0,0.0,0.0,0.0,0.0,0.0,0.0,0.0,0.0,0.0,0.0,0.0,0.0,0.0,0.0
t193,0.0,0.0,0.0,0.0,0.0,0.0,0.0,0.0,0.0,0.0,0.0,0.0,0.0,0.0,0.0,0.0,0.0,0.0
t194,0.0,0.0,0.0,0.0,0.0,0.0,0.0,0.0,0.0,0.0,0.0,0.0,0.0,0.0,0.0,0.0,0.0,0.0
t195,0.0,0.0,0.0,0.0,0.0,0.0,0.0,0.0,0.0,0.0,0.0,0.0,0.0,0.0,0.0,0.0,0.0,0.0
t196,0.0,0.0,0.0,0.0,0.0,0.0,0.0,0.0,0.0,0.0,0.0,0.0,0.0,0.0,0.0,0.0,0.0,0.0
t197,0.0,0.0,0.0,0.0,0.0,0.0,0.0,0.0,0.0,0.0,0.0,0.0,0.0,0.0,0.0,0.0,0.0,0.0
t198,0.0,0.0,0.0,0.0,0.0,0.0,0.0,0.0,0.0,0.0,0.0,0.0,0.0,0.0,0.0,0.0,0.0,0.0
t199,0.0,0.0,0.0,0.0,0.0,0.0,0.0,0.0,0.0,0.0,0.0,0.0,0.0,0.0,0.0,0.0,0.0,0.0
t200,0.0,0.0,0.0,0.0,0.0,0.0,0.0,0.0,0.0,0.0,0.0,0.0,0.0,0.0,0.0,0.0,0.0,0.0
t201,0.0,0.0,0.0,0.0,0.0,0.0,0.0,0.0,0.0,0.0,0.0,0.0,0.0,0.0,0.0,0.0,0.0,0.0
t202,0.0,0.0,0.0,0.0,0.0,0.0,0.0,0.0,0.0,0.0,0.0,0.0,0.0,0.0,0.0,0.0,0.0,0.0
t203,0.0,0.0,0.0,0.0,0.0,0.0,0.0,0.0,0.0,0.0,0.0,0.0,0.0,0.0,0.0,0.0,0.0,0.0
t204,1220.0,0.0,0.0,0.0,0.0,0.0,1590.0,0.0,0.0,0.0,0.0,0.0,0.0,0.0,0.0,0.0,0.0,2810.0
t205,0.0,0.0,0.0,0.0,0.0,0.0,0.0,0.0,0.0,0.0,0.0,0.0,0.0,0.0,0.0,0.0,0.0,0.0
t206,0.0,0.0,0.0,0.0,0.0,0.0,1107.253799817387,0.0,0.0,0.0,0.0,0.0,0.0,0.0,0.0,0.0,0.0,1107.253799817387
t207,1220.0,120.0,0.0,0.0,0.0,0.0,1001.7499922300002,664.7534309111222,0.0,0.0,0.0,0.0,0.0,0.0,0.0,0.0,0.0,3006.5034231411228
t208,269.30655996366056,0.0,0.0,0.0,0.0,0.0,0.0,0.0,0.0,0.0,0.0,0.0,0.0,0.0,0.0,0.0,0.0,269.30655996366056
t209,0.0,0.0,0.0,0.0,0.0,0.0,0.0,0.0,0.0,0.0,0.0,0.0,0.0,0.0,0.0,0.0,0.0,0.0
t210,0.0,0.0,0.0,0.0,0.0,0.0,0.0,0.0,0.0,0.0,0.0,0.0,0.0,0.0,0.0,0.0,0.0,0.0
t211,0.0,0.0,0.0,0.0,0.0,0.0,0.0,0.0,0.0,0.0,0.0,0.0,0.0,0.0,0.0,0.0,0.0,0.0
t212,0.0,0.0,0.0,0.0,0.0,0.0,0.0,0.0,0.0,0.0,0.0,0.0,0.0,0.0,0.0,0.0,0.0,0.0
t213,0.0,0.0,0.0,0.0,0.0,0.0,0.0,0.0,0.0,0.0,0.0,0.0,0.0,0.0,0.0,0.0,0.0,0.0
t214,0.0,0.0,0.0,0.0,0.0,0.0,0.0,0.0,0.0,0.0,0.0,0.0,0.0,0.0,0.0,0.0,0.0,0.0
t215,0.0,0.0,0.0,0.0,0.0,0.0,0.0,0.0,0.0,0.0,0.0,0.0,0.0,0.0,0.0,0.0,0.0,0.0
t216,0.0,0.0,0.0,0.0,0.0,0.0,0.0,0.0,0.0,0.0,0.0,0.0,0.0,0.0,0.0,0.0,0.0,0.0
t217,0.0,0.0,0.0,0.0,0.0,0.0,0.0,0.0,0.0,0.0,0.0,0.0,0.0,0.0,0.0,0.0,0.0,0.0
t218,0.0,0.0,0.0,0.0,0.0,0.0,0.0,0.0,0.0,0.0,0.0,0.0,0.0,0.0,0.0,0.0,0.0,0.0
t219,0.0,0.0,0.0,0.0,0.0,0.0,0.0,0.0,0.0,0.0,0.0,0.0,0.0,0.0,0.0,0.0,0.0,0.0
t220,0.0,0.0,0.0,0.0,0.0,0.0,0.0,0.0,0.0,0.0,0.0,0.0,0.0,0.0,0.0,0.0,0.0,0.0
t221,0.0,0.0,0.0,0.0,0.0,0.0,0.0,0.0,0.0,0.0,0.0,0.0,0.0,0.0,0.0,0.0,0.0,0.0
t222,0.0,0.0,0.0,0.0,0.0,0.0,0.0,0.0,0.0,0.0,0.0,0.0,0.0,0.0,0.0,0.0,0.0,0.0
t223,0.0,0.0,0.0,0.0,0.0,0.0,0.0,0.0,0.0,0.0,0.0,0.0,0.0,0.0,0.0,0.0,0.0,0.0
t224,0.0,0.0,0.0,0.0,0.0,0.0,0.0,0.0,0.0,0.0,0.0,0.0,0.0,0.0,0.0,0.0,0.0,0.0
t225,0.0,0.0,0.0,0.0,0.0,0.0,0.0,0.0,0.0,0.0,0.0,0.0,0.0,0.0,0.0,0.0,0.0,0.0
t226,0.0,0.0,0.0,0.0,0.0,0.0,0.0,0.0,0.0,0.0,0.0,0.0,0.0,0.0,0.0,0.0,0.0,0.0
t227,1220.0,120.0,0.0,0.0,0.0,0.0,1590.0,802.7295060807201,0.0,0.0,0.0,0.0,0.0,0.0,0.0,0.0,0.0,3732.72950608072
t228,1220.0,0.0,0.0,0.0,0.0,2535.390118103723,1397.9404495012561,0.0,0.0,0.0,0.0,0.0,0.0,0.0,0.0,0.0,0.0,5153.3305676049795
t229,1072.3119858971902,0.0,0.0,0.0,0.0,1642.727341010824,1590.0,0.0,0.0,0.0,0.0,0.0,0.0,0.0,0.0,0.0,0.0,4305.039326908014
t230,1082.07284844,0.0,0.0,0.0,0.0,1299.4799316576089,1590.0,0.0,0.0,0.0,0.0,0.0,0.0,0.0,0.0,0.0,0.0,3971.552780097609
t231,549.5884423000002,0.0,0.0,0.0,0.0,0.0,536.0902962800002,1062.7345003897815,0.0,0.0,0.0,0.0,0.0,0.0,0.0,0.0,0.0,2148.4132389697816
t232,0.0,0.0,0.0,0.0,0.0,0.0,0.0,0.0,0.0,0.0,0.0,0.0,0.0,0.0,0.0,0.0,0.0,0.0
t233,0.0,0.0,0.0,0.0,0.0,0.0,0.0,0.0,0.0,0.0,0.0,0.0,0.0,0.0,0.0,0.0,0.0,0.0
t234,0.0,0.0,0.0,0.0,0.0,0.0,0.0,0.0,0.0,0.0,0.0,0.0,0.0,0.0,0.0,0.0,0.0,0.0
t235,0.0,0.0,0.0,0.0,0.0,0.0,0.0,0.0,0.0,0.0,0.0,0.0,0.0,0.0,0.0,0.0,0.0,0.0
t236,0.0,0.0,0.0,0.0,0.0,0.0,0.0,0.0,0.0,0.0,0.0,0.0,0.0,0.0,0.0,0.0,0.0,0.0
t237,0.0,0.0,0.0,0.0,0.0,0.0,0.0,0.0,0.0,0.0,0.0,0.0,0.0,0.0,0.0,0.0,0.0,0.0
t238,0.0,0.0,0.0,0.0,0.0,0.0,0.0,0.0,0.0,0.0,0.0,0.0,0.0,0.0,0.0,0.0,0.0,0.0
t239,0.0,0.0,0.0,0.0,0.0,0.0,0.0,0.0,0.0,0.0,0.0,0.0,0.0,0.0,0.0,0.0,0.0,0.0
t240,0.0,0.0,0.0,0.0,0.0,0.0,0.0,0.0,0.0,0.0,0.0,0.0,0.0,0.0,0.0,0.0,0.0,0.0
t241,0.0,0.0,0.0,0.0,0.0,0.0,0.0,0.0,0.0,0.0,0.0,0.0,0.0,0.0,0.0,0.0,0.0,0.0
t242,0.0,0.0,0.0,0.0,0.0,0.0,0.0,0.0,0.0,0.0,0.0,0.0,0.0,0.0,0.0,0.0,0.0,0.0
t243,0.0,0.0,0.0,0.0,0.0,0.0,0.0,0.0,0.0,0.0,0.0,0.0,0.0,0.0,0.0,0.0,0.0,0.0
t244,0.0,0.0,0.0,0.0,0.0,0.0,0.0,0.0,0.0,0.0,0.0,0.0,0.0,0.0,0.0,0.0,0.0,0.0
t245,0.0,0.0,0.0,0.0,0.0,0.0,0.0,0.0,0.0,0.0,0.0,0.0,0.0,0.0,0.0,0.0,0.0,0.0
t246,0.0,0.0,0.0,0.0,0.0,0.0,0.0,0.0,0.0,0.0,0.0,0.0,0.0,0.0,0.0,0.0,0.0,0.0
t247,0.0,0.0,0.0,0.0,0.0,0.0,0.0,0.0,0.0,0.0,0.0,0.0,0.0,0.0,0.0,0.0,0.0,0.0
t248,0.0,0.0,0.0,0.0,0.0,0.0,0.0,0.0,0.0,0.0,0.0,0.0,0.0,0.0,0.0,0.0,0.0,0.0
t249,999.2079889399996,0.0,0.0,0.0,0.0,61.338832164988474,904.8516120512559,0.0,0.0,0.0,0.0,0.0,0.0,0.0,0.0,0.0,0.0,1965.398433156244
t250,0.0,120.0,0.0,0.0,0.0,3770.4442632008836,1248.17609505,0.0,0.0,0.0,0.0,0.0,0.0,0.0,0.0,0.0,0.0,5138.620358250883
t251,0.0,0.0,0.0,0.0,0.0,1634.4383873384393,182.70653277000014,1950.0,0.0,0.0,0.0,0.0,0.0,0.0,0.0,0.0,0.0,3767.1449201084397
t252,318.88355597999976,0.0,0.0,0.0,0.0,3653.3265724601943,1560.5263439100002,0.0,0.0,0.0,0.0,0.0,0.0,0.0,0.0,0.0,0.0,5532.736472350194
t253,1220.0,0.0,0.0,0.0,0.0,6336.362883573174,829.1827033200001,0.0,0.0,0.0,0.0,0.0,0.0,0.0,0.0,0.0,0.0,8385.545586893175
t254,1220.0,0.0,0.0,0.0,0.0,1284.037260051078,647.1391137299998,0.0,0.0,0.0,0.0,0.0,0.0,0.0,0.0,0.0,0.0,3151.176373781078
t255,1220.0,120.0,0.0,0.0,0.0,3494.930119827943,1331.44834495,397.7785434100014,0.0,0.0,0.0,0.0,0.0,0.0,0.0,0.0,0.0,6564.1570081879445
t256,165.88173171719077,120.0,0.0,0.0,0.0,0.0,0.0,0.0,0.0,0.0,0.0,0.0,0.0,0.0,0.0,0.0,0.0,285.88173171719075
t257,0.0,0.0,0.0,0.0,0.0,0.0,0.0,0.0,0.0,0.0,0.0,0.0,0.0,0.0,0.0,0.0,0.0,0.0
t258,0.0,0.0,0.0,0.0,0.0,0.0,0.0,0.0,0.0,0.0,0.0,0.0,0.0,0.0,0.0,0.0,0.0,0.0
t259,0.0,0.0,0.0,0.0,0.0,0.0,0.0,0.0,0.0,0.0,0.0,0.0,0.0,0.0,0.0,0.0,0.0,0.0
t260,0.0,0.0,0.0,0.0,0.0,0.0,0.0,0.0,0.0,0.0,0.0,0.0,0.0,0.0,0.0,0.0,0.0,0.0
t261,0.0,0.0,0.0,0.0,0.0,0.0,0.0,0.0,0.0,0.0,0.0,0.0,0.0,0.0,0.0,0.0,0.0,0.0
t262,0.0,0.0,0.0,0.0,0.0,0.0,0.0,0.0,0.0,0.0,0.0,0.0,0.0,0.0,0.0,0.0,0.0,0.0
t263,0.0,0.0,0.0,0.0,0.0,0.0,0.0,0.0,0.0,0.0,0.0,0.0,0.0,0.0,0.0,0.0,0.0,0.0
t264,0.0,0.0,0.0,0.0,0.0,0.0,0.0,0.0,0.0,0.0,0.0,0.0,0.0,0.0,0.0,0.0,0.0,0.0
t265,0.0,0.0,0.0,0.0,0.0,0.0,0.0,0.0,0.0,0.0,0.0,0.0,0.0,0.0,0.0,0.0,0.0,0.0
t266,0.0,0.0,0.0,0.0,0.0,0.0,0.0,0.0,0.0,0.0,0.0,0.0,0.0,0.0,0.0,0.0,0.0,0.0
t267,0.0,0.0,0.0,0.0,0.0,0.0,0.0,0.0,0.0,0.0,0.0,0.0,0.0,0.0,0.0,0.0,0.0,0.0
t268,0.0,0.0,0.0,0.0,0.0,0.0,0.0,0.0,0.0,0.0,0.0,0.0,0.0,0.0,0.0,0.0,0.0,0.0
t269,0.0,0.0,0.0,0.0,0.0,0.0,0.0,0.0,0.0,0.0,0.0,0.0,0.0,0.0,0.0,0.0,0.0,0.0
t270,0.0,0.0,0.0,0.0,0.0,0.0,0.0,0.0,0.0,0.0,0.0,0.0,0.0,0.0,0.0,0.0,0.0,0.0
t271,0.0,0.0,0.0,0.0,0.0,0.0,0.0,0.0,0.0,0.0,0.0,0.0,0.0,0.0,0.0,0.0,0.0,0.0
t272,0.0,0.0,0.0,0.0,0.0,0.0,0.0,0.0,0.0,0.0,0.0,0.0,0.0,0.0,0.0,0.0,0.0,0.0
t273,0.0,0.0,0.0,0.0,0.0,0.0,0.0,0.0,0.0,0.0,0.0,0.0,0.0,0.0,0.0,0.0,0.0,0.0
t274,0.0,0.0,0.0,0.0,0.0,0.0,0.0,0.0,0.0,0.0,0.0,0.0,0.0,0.0,0.0,0.0,0.0,0.0
t275,0.0,0.0,0.0,0.0,0.0,0.0,0.0,0.0,0.0,0.0,0.0,0.0,0.0,0.0,0.0,0.0,0.0,0.0
t276,0.0,0.0,0.0,0.0,0.0,0.0,0.0,0.0,0.0,0.0,0.0,0.0,0.0,0.0,0.0,0.0,0.0,0.0
t277,0.0,0.0,0.0,0.0,0.0,0.0,0.0,0.0,0.0,0.0,0.0,0.0,0.0,0.0,0.0,0.0,0.0,0.0
t278,0.0,0.0,0.0,0.0,0.0,0.0,0.0,0.0,0.0,0.0,0.0,0.0,0.0,0.0,0.0,0.0,0.0,0.0
t279,0.0,0.0,0.0,0.0,0.0,0.0,0.0,0.0,0.0,0.0,0.0,0.0,0.0,0.0,0.0,0.0,0.0,0.0
t280,0.0,0.0,0.0,0.0,0.0,0.0,0.0,0.0,0.0,0.0,0.0,0.0,0.0,0.0,0.0,0.0,0.0,0.0
t281,0.0,0.0,0.0,0.0,0.0,0.0,0.0,0.0,0.0,0.0,0.0,0.0,0.0,0.0,0.0,0.0,0.0,0.0
t282,0.0,0.0,0.0,0.0,0.0,0.0,0.0,0.0,0.0,0.0,0.0,0.0,0.0,0.0,0.0,0.0,0.0,0.0
t283,0.0,0.0,0.0,0.0,0.0,0.0,0.0,0.0,0.0,0.0,0.0,0.0,0.0,0.0,0.0,0.0,0.0,0.0
t284,0.0,0.0,0.0,0.0,0.0,0.0,0.0,0.0,0.0,0.0,0.0,0.0,0.0,0.0,0.0,0.0,0.0,0.0
t285,0.0,0.0,0.0,0.0,0.0,0.0,0.0,0.0,0.0,0.0,0.0,0.0,0.0,0.0,0.0,0.0,0.0,0.0
t286,0.0,0.0,0.0,0.0,0.0,0.0,0.0,0.0,0.0,0.0,0.0,0.0,0.0,0.0,0.0,0.0,0.0,0.0
t287,0.0,0.0,0.0,0.0,0.0,0.0,0.0,0.0,0.0,0.0,0.0,0.0,0.0,0.0,0.0,0.0,0.0,0.0
t288,0.0,0.0,0.0,0.0,0.0,0.0,0.0,0.0,0.0,0.0,0.0,0.0,0.0,0.0,0.0,0.0,0.0,0.0
t289,0.0,0.0,0.0,0.0,0.0,0.0,0.0,0.0,0.0,0.0,0.0,0.0,0.0,0.0,0.0,0.0,0.0,0.0
t290,0.0,0.0,0.0,0.0,0.0,0.0,0.0,0.0,0.0,0.0,0.0,0.0,0.0,0.0,0.0,0.0,0.0,0.0
t291,0.0,0.0,0.0,0.0,0.0,0.0,0.0,0.0,0.0,0.0,0.0,0.0,0.0,0.0,0.0,0.0,0.0,0.0
t292,0.0,0.0,0.0,0.0,0.0,0.0,0.0,0.0,0.0,0.0,0.0,0.0,0.0,0.0,0.0,0.0,0.0,0.0
t293,0.0,0.0,0.0,0.0,0.0,0.0,0.0,0.0,0.0,0.0,0.0,0.0,0.0,0.0,0.0,0.0,0.0,0.0
t294,0.0,0.0,0.0,0.0,0.0,0.0,0.0,0.0,0.0,0.0,0.0,0.0,0.0,0.0,0.0,0.0,0.0,0.0
t295,0.0,0.0,0.0,0.0,0.0,0.0,0.0,0.0,0.0,0.0,0.0,0.0,0.0,0.0,0.0,0.0,0.0,0.0
t296,0.0,0.0,0.0,0.0,0.0,0.0,0.0,0.0,0.0,0.0,0.0,0.0,0.0,0.0,0.0,0.0,0.0,0.0
t297,0.0,0.0,0.0,0.0,0.0,0.0,0.0,0.0,0.0,0.0,0.0,0.0,0.0,0.0,0.0,0.0,0.0,0.0
t298,0.0,0.0,0.0,0.0,0.0,0.0,0.0,0.0,0.0,0.0,0.0,0.0,0.0,0.0,0.0,0.0,0.0,0.0
t299,0.0,0.0,0.0,0.0,0.0,0.0,0.0,0.0,0.0,0.0,0.0,0.0,0.0,0.0,0.0,0.0,0.0,0.0
t300,0.0,0.0,0.0,0.0,0.0,0.0,0.0,0.0,0.0,0.0,0.0,0.0,0.0,0.0,0.0,0.0,0.0,0.0
t301,0.0,0.0,0.0,0.0,0.0,0.0,0.0,0.0,0.0,0.0,0.0,0.0,0.0,0.0,0.0,0.0,0.0,0.0
t302,616.9707654200001,0.0,0.0,0.0,0.0,0.0,0.0,0.0,0.0,0.0,0.0,0.0,0.0,0.0,0.0,0.0,0.0,616.9707654200001
t303,290.45862437999995,0.0,0.0,0.0,0.0,0.0,0.0,0.0,0.0,0.0,0.0,0.0,0.0,0.0,0.0,0.0,0.0,290.45862437999995
t304,0.0,0.0,0.0,0.0,0.0,0.0,0.0,0.0,0.0,0.0,0.0,0.0,0.0,0.0,0.0,0.0,0.0,0.0
t305,0.0,0.0,0.0,0.0,0.0,0.0,0.0,0.0,0.0,0.0,0.0,0.0,0.0,0.0,0.0,0.0,0.0,0.0
t306,0.0,0.0,0.0,0.0,0.0,0.0,0.0,0.0,0.0,0.0,0.0,0.0,0.0,0.0,0.0,0.0,0.0,0.0
t307,0.0,0.0,0.0,0.0,0.0,0.0,0.0,0.0,0.0,0.0,0.0,0.0,0.0,0.0,0.0,0.0,0.0,0.0
t308,0.0,0.0,0.0,0.0,0.0,0.0,0.0,0.0,0.0,0.0,0.0,0.0,0.0,0.0,0.0,0.0,0.0,0.0
t309,0.0,0.0,0.0,0.0,0.0,0.0,0.0,0.0,0.0,0.0,0.0,0.0,0.0,0.0,0.0,0.0,0.0,0.0
t310,0.0,0.0,0.0,0.0,0.0,0.0,0.0,0.0,0.0,0.0,0.0,0.0,0.0,0.0,0.0,0.0,0.0,0.0
t311,0.0,0.0,0.0,0.0,0.0,0.0,0.0,0.0,0.0,0.0,0.0,0.0,0.0,0.0,0.0,0.0,0.0,0.0
t312,0.0,0.0,0.0,0.0,0.0,0.0,0.0,0.0,0.0,0.0,0.0,0.0,0.0,0.0,0.0,0.0,0.0,0.0
t313,0.0,0.0,0.0,0.0,0.0,0.0,0.0,0.0,0.0,0.0,0.0,0.0,0.0,0.0,0.0,0.0,0.0,0.0
t314,0.0,0.0,0.0,0.0,0.0,0.0,0.0,0.0,0.0,0.0,0.0,0.0,0.0,0.0,0.0,0.0,0.0,0.0
t315,0.0,0.0,0.0,0.0,0.0,0.0,0.0,0.0,0.0,0.0,0.0,0.0,0.0,0.0,0.0,0.0,0.0,0.0
t316,0.0,0.0,0.0,0.0,0.0,0.0,0.0,0.0,0.0,0.0,0.0,0.0,0.0,0.0,0.0,0.0,0.0,0.0
t317,0.0,0.0,0.0,0.0,0.0,0.0,0.0,0.0,0.0,0.0,0.0,0.0,0.0,0.0,0.0,0.0,0.0,0.0
t318,0.0,0.0,0.0,0.0,0.0,0.0,0.0,0.0,0.0,0.0,0.0,0.0,0.0,0.0,0.0,0.0,0.0,0.0
t319,0.0,0.0,0.0,0.0,0.0,0.0,0.0,0.0,0.0,0.0,0.0,0.0,0.0,0.0,0.0,0.0,0.0,0.0
t320,0.0,0.0,0.0,0.0,0.0,0.0,0.0,0.0,0.0,0.0,0.0,0.0,0.0,0.0,0.0,0.0,0.0,0.0
t321,0.0,0.0,0.0,0.0,0.0,0.0,0.0,0.0,0.0,0.0,0.0,0.0,0.0,0.0,0.0,0.0,0.0,0.0
t322,0.0,0.0,0.0,0.0,0.0,0.0,0.0,0.0,0.0,0.0,0.0,0.0,0.0,0.0,0.0,0.0,0.0,0.0
t323,1220.0,0.0,0.0,0.0,0.0,0.0,189.9167009781214,0.0,0.0,0.0,0.0,0.0,0.0,0.0,0.0,0.0,0.0,1409.9167009781213
t324,0.0,0.0,0.0,0.0,0.0,0.0,345.66919412647553,0.0,0.0,0.0,0.0,0.0,0.0,0.0,0.0,0.0,0.0,345.66919412647553
t325,656.0342956599997,113.54463710770041,0.0,0.0,0.0,0.0,454.1489741100002,0.0,0.0,0.0,0.0,0.0,0.0,0.0,0.0,0.0,0.0,1223.7279068777002
t326,0.0,0.0,0.0,0.0,0.0,0.0,0.0,0.0,0.0,0.0,0.0,0.0,0.0,0.0,0.0,0.0,0.0,0.0
t327,0.0,0.0,0.0,0.0,0.0,0.0,0.0,0.0,0.0,0.0,0.0,0.0,0.0,0.0,0.0,0.0,0.0,0.0
t328,0.0,0.0,0.0,0.0,0.0,0.0,0.0,0.0,0.0,0.0,0.0,0.0,0.0,0.0,0.0,0.0,0.0,0.0
t329,0.0,0.0,0.0,0.0,0.0,0.0,0.0,0.0,0.0,0.0,0.0,0.0,0.0,0.0,0.0,0.0,0.0,0.0
t330,0.0,0.0,0.0,0.0,0.0,0.0,0.0,0.0,0.0,0.0,0.0,0.0,0.0,0.0,0.0,0.0,0.0,0.0
t331,0.0,0.0,0.0,0.0,0.0,0.0,0.0,0.0,0.0,0.0,0.0,0.0,0.0,0.0,0.0,0.0,0.0,0.0
t332,0.0,0.0,0.0,0.0,0.0,0.0,0.0,0.0,0.0,0.0,0.0,0.0,0.0,0.0,0.0,0.0,0.0,0.0
t333,0.0,0.0,0.0,0.0,0.0,0.0,0.0,0.0,0.0,0.0,0.0,0.0,0.0,0.0,0.0,0.0,0.0,0.0
t334,0.0,0.0,0.0,0.0,0.0,0.0,0.0,0.0,0.0,0.0,0.0,0.0,0.0,0.0,0.0,0.0,0.0,0.0
t335,0.0,0.0,0.0,0.0,0.0,0.0,0.0,0.0,0.0,0.0,0.0,0.0,0.0,0.0,0.0,0.0,0.0,0.0
t336,0.0,0.0,0.0,0.0,0.0,0.0,0.0,0.0,0.0,0.0,0.0,0.0,0.0,0.0,0.0,0.0,0.0,0.0
t337,0.0,0.0,0.0,0.0,0.0,0.0,0.0,0.0,0.0,0.0,0.0,0.0,0.0,0.0,0.0,0.0,0.0,0.0
t338,0.0,0.0,0.0,0.0,0.0,0.0,0.0,0.0,0.0,0.0,0.0,0.0,0.0,0.0,0.0,0.0,0.0,0.0
t339,0.0,0.0,0.0,0.0,0.0,0.0,0.0,0.0,0.0,0.0,0.0,0.0,0.0,0.0,0.0,0.0,0.0,0.0
t340,0.0,0.0,0.0,0.0,0.0,0.0,0.0,0.0,0.0,0.0,0.0,0.0,0.0,0.0,0.0,0.0,0.0,0.0
t341,0.0,0.0,0.0,0.0,0.0,0.0,0.0,0.0,0.0,0.0,0.0,0.0,0.0,0.0,0.0,0.0,0.0,0.0
t342,0.0,0.0,0.0,0.0,0.0,0.0,0.0,0.0,0.0,0.0,0.0,0.0,0.0,0.0,0.0,0.0,0.0,0.0
t343,0.0,0.0,0.0,0.0,0.0,0.0,0.0,0.0,0.0,0.0,0.0,0.0,0.0,0.0,0.0,0.0,0.0,0.0
t344,0.0,0.0,0.0,0.0,0.0,0.0,0.0,0.0,0.0,0.0,0.0,0.0,0.0,0.0,0.0,0.0,0.0,0.0
t345,1220.0,120.0,0.0,0.0,0.0,965.5497616542306,1207.9527257699997,0.0,0.0,0.0,0.0,0.0,0.0,0.0,0.0,0.0,0.0,3513.5024874242304
t346,1044.29448934,0.0,0.0,0.0,0.0,1279.489227702165,409.7822122679675,1950.0,0.0,0.0,0.0,0.0,0.0,0.0,0.0,0.0,0.0,4683.565929310133
t347,0.0,0.0,0.0,0.0,0.0,3445.0107049163043,1590.0,0.0,0.0,0.0,0.0,0.0,0.0,0.0,0.0,0.0,0.0,5035.010704916304
t348,1220.0,120.0,0.0,0.0,0.0,1210.6893247037622,1364.84837722,0.0,0.0,0.0,0.0,0.0,0.0,0.0,0.0,0.0,0.0,3915.537701923762
t349,1220.0,0.0,0.0,0.0,0.0,5442.69600551021,1363.69013046,0.0,0.0,0.0,0.0,0.0,0.0,0.0,0.0,0.0,0.0,8026.38613597021
t350,439.6787872971904,120.0,0.0,0.0,0.0,0.0,767.7573000632896,0.0,0.0,0.0,0.0,0.0,0.0,0.0,0.0,0.0,0.0,1327.43608736048
t351,0.0,0.0,0.0,0.0,0.0,0.0,0.0,0.0,0.0,0.0,0.0,0.0,0.0,0.0,0.0,0.0,0.0,0.0
t352,0.0,0.0,0.0,0.0,0.0,0.0,0.0,0.0,0.0,0.0,0.0,0.0,0.0,0.0,0.0,0.0,0.0,0.0
t353,0.0,0.0,0.0,0.0,0.0,0.0,0.0,0.0,0.0,0.0,0.0,0.0,0.0,0.0,0.0,0.0,0.0,0.0
t354,0.0,0.0,0.0,0.0,0.0,0.0,0.0,0.0,0.0,0.0,0.0,0.0,0.0,0.0,0.0,0.0,0.0,0.0
t355,0.0,0.0,0.0,0.0,0.0,0.0,0.0,0.0,0.0,0.0,0.0,0.0,0.0,0.0,0.0,0.0,0.0,0.0
t356,0.0,0.0,0.0,0.0,0.0,0.0,0.0,0.0,0.0,0.0,0.0,0.0,0.0,0.0,0.0,0.0,0.0,0.0
t357,0.0,0.0,0.0,0.0,0.0,0.0,0.0,0.0,0.0,0.0,0.0,0.0,0.0,0.0,0.0,0.0,0.0,0.0
t358,0.0,0.0,0.0,0.0,0.0,0.0,0.0,0.0,0.0,0.0,0.0,0.0,0.0,0.0,0.0,0.0,0.0,0.0
t359,0.0,0.0,0.0,0.0,0.0,0.0,0.0,0.0,0.0,0.0,0.0,0.0,0.0,0.0,0.0,0.0,0.0,0.0
t360,0.0,0.0,0.0,0.0,0.0,0.0,0.0,0.0,0.0,0.0,0.0,0.0,0.0,0.0,0.0,0.0,0.0,0.0
t361,0.0,0.0,0.0,0.0,0.0,0.0,0.0,0.0,0.0,0.0,0.0,0.0,0.0,0.0,0.0,0.0,0.0,0.0
t362,0.0,0.0,0.0,0.0,0.0,0.0,0.0,0.0,0.0,0.0,0.0,0.0,0.0,0.0,0.0,0.0,0.0,0.0
t363,0.0,0.0,0.0,0.0,0.0,0.0,0.0,0.0,0.0,0.0,0.0,0.0,0.0,0.0,0.0,0.0,0.0,0.0
t364,0.0,0.0,0.0,0.0,0.0,0.0,0.0,0.0,0.0,0.0,0.0,0.0,0.0,0.0,0.0,0.0,0.0,0.0
t365,0.0,0.0,0.0,0.0,0.0,0.0,0.0,0.0,0.0,0.0,0.0,0.0,0.0,0.0,0.0,0.0,0.0,0.0
t366,0.0,0.0,0.0,0.0,0.0,0.0,0.0,0.0,0.0,0.0,0.0,0.0,0.0,0.0,0.0,0.0,0.0,0.0
t367,0.0,0.0,0.0,0.0,0.0,0.0,0.0,0.0,0.0,0.0,0.0,0.0,0.0,0.0,0.0,0.0,0.0,0.0
t368,0.0,0.0,0.0,0.0,0.0,0.0,0.0,0.0,0.0,0.0,0.0,0.0,0.0,0.0,0.0,0.0,0.0,0.0
t369,790.2914237800007,120.0,0.0,0.0,0.0,1212.4259018558319,0.0,0.0,0.0,0.0,0.0,0.0,0.0,0.0,0.0,0.0,0.0,2122.717325635833
t370,0.0,0.0,0.0,0.0,0.0,1843.360555866545,527.6297431500001,301.72220036777617,0.0,0.0,0.0,0.0,0.0,0.0,0.0,0.0,0.0,2672.7124993843213
t371,0.0,0.0,0.0,0.0,0.0,5586.8421610585965,789.1707273699999,0.0,0.0,0.0,0.0,0.0,0.0,0.0,0.0,0.0,0.0,6376.012888428597
t372,853.2275950371899,0.0,0.0,0.0,0.0,5262.427395886218,1590.0,0.0,0.0,0.0,0.0,0.0,0.0,0.0,0.0,0.0,0.0,7705.654990923407
t373,1220.0,0.0,0.0,0.0,0.0,5230.371000394573,1590.0,1950.0,0.0,0.0,0.0,0.0,0.0,0.0,0.0,0.0,0.0,9990.371000394573
t374,1060.4542578199996,120.0,0.0,0.0,0.0,5581.213689754658,1240.7829535212568,0.0,0.0,0.0,0.0,0.0,0.0,0.0,0.0,0.0,0.0,8002.450901095915
t375,1220.0,0.0,0.0,0.0,0.0,3476.00920813089,966.4473217399999,0.0,0.0,0.0,0.0,0.0,0.0,0.0,0.0,0.0,0.0,5662.45652987089
t376,0.0,29.107323707121573,0.0,0.0,0.0,0.0,0.0,0.0,0.0,0.0,0.0,0.0,0.0,0.0,0.0,0.0,0.0,29.107323707121573
t377,0.0,0.0,0.0,0.0,0.0,0.0,0.0,0.0,0.0,0.0,0.0,0.0,0.0,0.0,0.0,0.0,0.0,0.0
t378,0.0,0.0,0.0,0.0,0.0,0.0,0.0,0.0,0.0,0.0,0.0,0.0,0.0,0.0,0.0,0.0,0.0,0.0
t379,0.0,0.0,0.0,0.0,0.0,0.0,0.0,0.0,0.0,0.0,0.0,0.0,0.0,0.0,0.0,0.0,0.0,0.0
t380,0.0,0.0,0.0,0.0,0.0,0.0,0.0,0.0,0.0,0.0,0.0,0.0,0.0,0.0,0.0,0.0,0.0,0.0
t381,0.0,0.0,0.0,0.0,0.0,0.0,0.0,0.0,0.0,0.0,0.0,0.0,0.0,0.0,0.0,0.0,0.0,0.0
t382,0.0,0.0,0.0,0.0,0.0,0.0,0.0,0.0,0.0,0.0,0.0,0.0,0.0,0.0,0.0,0.0,0.0,0.0
t383,0.0,0.0,0.0,0.0,0.0,0.0,0.0,0.0,0.0,0.0,0.0,0.0,0.0,0.0,0.0,0.0,0.0,0.0
t384,0.0,0.0,0.0,0.0,0.0,0.0,0.0,0.0,0.0,0.0,0.0,0.0,0.0,0.0,0.0,0.0,0.0,0.0
t385,0.0,0.0,0.0,0.0,0.0,0.0,0.0,0.0,0.0,0.0,0.0,0.0,0.0,0.0,0.0,0.0,0.0,0.0
t386,0.0,0.0,0.0,0.0,0.0,0.0,0.0,0.0,0.0,0.0,0.0,0.0,0.0,0.0,0.0,0.0,0.0,0.0
t387,0.0,0.0,0.0,0.0,0.0,0.0,0.0,0.0,0.0,0.0,0.0,0.0,0.0,0.0,0.0,0.0,0.0,0.0
t388,0.0,0.0,0.0,0.0,0.0,0.0,0.0,0.0,0.0,0.0,0.0,0.0,0.0,0.0,0.0,0.0,0.0,0.0
t389,0.0,0.0,0.0,0.0,0.0,0.0,0.0,0.0,0.0,0.0,0.0,0.0,0.0,0.0,0.0,0.0,0.0,0.0
t390,0.0,0.0,0.0,0.0,0.0,0.0,0.0,0.0,0.0,0.0,0.0,0.0,0.0,0.0,0.0,0.0,0.0,0.0
t391,0.0,0.0,0.0,0.0,0.0,0.0,0.0,0.0,0.0,0.0,0.0,0.0,0.0,0.0,0.0,0.0,0.0,0.0
t392,0.0,0.0,0.0,0.0,0.0,0.0,0.0,0.0,0.0,0.0,0.0,0.0,0.0,0.0,0.0,0.0,0.0,0.0
t393,559.6157547400009,120.0,0.0,0.0,0.0,2986.960726586333,112.21414059125625,0.0,0.0,0.0,0.0,0.0,0.0,0.0,0.0,0.0,0.0,3778.7906219175898
t394,906.3280473000002,0.0,0.0,0.0,0.0,3550.564465985514,1590.0,1950.0,0.0,0.0,0.0,0.0,0.0,0.0,0.0,0.0,0.0,7996.892513285514
t395,967.6881932999994,0.0,0.0,0.0,0.0,7248.06956846053,941.5510631399999,0.0,0.0,0.0,0.0,0.0,0.0,0.0,0.0,0.0,0.0,9157.308824900529
t396,1013.1641997799999,64.22659608243202,0.0,0.0,0.0,5972.275572218265,1085.00391424,1950.0,0.0,0.0,0.0,0.0,0.0,0.0,0.0,0.0,0.0,10084.670282320696
t397,990.97425778,0.0,0.0,0.0,0.0,5633.103320112416,1590.0,1950.0,0.0,0.0,0.0,0.0,0.0,0.0,0.0,0.0,0.0,10164.077577892416
t398,161.95585507719022,0.0,0.0,0.0,0.0,5563.21719181611,1385.2616278100002,0.0,0.0,0.0,0.0,0.0,0.0,0.0,0.0,0.0,0.0,7110.4346747033005
t399,544.2469686600001,120.0,0.0,0.0,0.0,4714.927123425183,0.0,0.0,0.0,0.0,0.0,0.0,0.0,0.0,0.0,0.0,0.0,5379.174092085183
t400,0.0,0.0,0.0,0.0,0.0,0.0,0.0,0.0,0.0,0.0,0.0,0.0,0.0,0.0,0.0,0.0,0.0,0.0
t401,0.0,0.0,0.0,0.0,0.0,0.0,0.0,0.0,0.0,0.0,0.0,0.0,0.0,0.0,0.0,0.0,0.0,0.0
t402,0.0,0.0,0.0,0.0,0.0,0.0,0.0,0.0,0.0,0.0,0.0,0.0,0.0,0.0,0.0,0.0,0.0,0.0
t403,0.0,0.0,0.0,0.0,0.0,0.0,0.0,0.0,0.0,0.0,0.0,0.0,0.0,0.0,0.0,0.0,0.0,0.0
t404,0.0,0.0,0.0,0.0,0.0,0.0,0.0,0.0,0.0,0.0,0.0,0.0,0.0,0.0,0.0,0.0,0.0,0.0
t405,0.0,0.0,0.0,0.0,0.0,0.0,0.0,0.0,0.0,0.0,0.0,0.0,0.0,0.0,0.0,0.0,0.0,0.0
t406,0.0,0.0,0.0,0.0,0.0,0.0,0.0,0.0,0.0,0.0,0.0,0.0,0.0,0.0,0.0,0.0,0.0,0.0
t407,0.0,0.0,0.0,0.0,0.0,0.0,0.0,0.0,0.0,0.0,0.0,0.0,0.0,0.0,0.0,0.0,0.0,0.0
t408,0.0,0.0,0.0,0.0,0.0,0.0,0.0,0.0,0.0,0.0,0.0,0.0,0.0,0.0,0.0,0.0,0.0,0.0
t409,0.0,0.0,0.0,0.0,0.0,0.0,0.0,0.0,0.0,0.0,0.0,0.0,0.0,0.0,0.0,0.0,0.0,0.0
t410,0.0,0.0,0.0,0.0,0.0,0.0,0.0,0.0,0.0,0.0,0.0,0.0,0.0,0.0,0.0,0.0,0.0,0.0
t411,0.0,0.0,0.0,0.0,0.0,0.0,0.0,0.0,0.0,0.0,0.0,0.0,0.0,0.0,0.0,0.0,0.0,0.0
t412,0.0,0.0,0.0,0.0,0.0,0.0,0.0,0.0,0.0,0.0,0.0,0.0,0.0,0.0,0.0,0.0,0.0,0.0
t413,0.0,0.0,0.0,0.0,0.0,0.0,0.0,0.0,0.0,0.0,0.0,0.0,0.0,0.0,0.0,0.0,0.0,0.0
t414,0.0,0.0,0.0,0.0,0.0,0.0,0.0,0.0,0.0,0.0,0.0,0.0,0.0,0.0,0.0,0.0,0.0,0.0
t415,0.0,0.0,0.0,0.0,0.0,0.0,0.0,0.0,0.0,0.0,0.0,0.0,0.0,0.0,0.0,0.0,0.0,0.0
t416,0.0,0.0,0.0,0.0,0.0,0.0,0.0,0.0,0.0,0.0,0.0,0.0,0.0,0.0,0.0,0.0,0.0,0.0
t417,1220.0,120.0,0.0,0.0,0.0,1347.9944997608886,1113.8964974912556,1950.0,0.0,0.0,0.0,0.0,0.0,0.0,0.0,0.0,0.0,5751.890997252144
t418,1220.0,25.96458458726457,0.0,0.0,0.0,5896.583135420201,722.8087443,0.0,0.0,0.0,0.0,0.0,0.0,0.0,0.0,0.0,0.0,7865.356464307466
t419,1220.0,0.0,0.0,0.0,0.0,5741.673747235351,859.4009797400004,1950.0,0.0,0.0,0.0,0.0,0.0,0.0,0.0,0.0,0.0,9771.074726975352
t420,0.0,120.0,0.0,0.0,0.0,5448.694474516166,1590.0,1950.0,0.0,0.0,0.0,0.0,0.0,0.0,0.0,0.0,0.0,9108.694474516167
t421,1220.0,0.0,0.0,0.0,0.0,7921.5492034437775,1036.1450897299997,421.9244995430499,0.0,0.0,0.0,0.0,0.0,0.0,0.0,0.0,0.0,10599.618792716827
t422,0.0,120.0,0.0,0.0,0.0,7189.021061985942,861.4398545700001,0.0,0.0,0.0,0.0,0.0,0.0,0.0,0.0,0.0,0.0,8170.460916555941
t423,263.9732766371902,120.0,0.0,0.0,0.0,2926.0976833029995,520.3395799500001,1950.0,0.0,0.0,0.0,0.0,0.0,0.0,0.0,0.0,0.0,5780.41053989019
t424,0.0,0.0,0.0,0.0,0.0,0.0,0.0,0.0,0.0,0.0,0.0,0.0,0.0,0.0,0.0,0.0,0.0,0.0
t425,0.0,0.0,0.0,0.0,0.0,0.0,0.0,0.0,0.0,0.0,0.0,0.0,0.0,0.0,0.0,0.0,0.0,0.0
t426,0.0,0.0,0.0,0.0,0.0,0.0,0.0,0.0,0.0,0.0,0.0,0.0,0.0,0.0,0.0,0.0,0.0,0.0
t427,0.0,0.0,0.0,0.0,0.0,0.0,0.0,0.0,0.0,0.0,0.0,0.0,0.0,0.0,0.0,0.0,0.0,0.0
t428,0.0,0.0,0.0,0.0,0.0,0.0,0.0,0.0,0.0,0.0,0.0,0.0,0.0,0.0,0.0,0.0,0.0,0.0
t429,0.0,0.0,0.0,0.0,0.0,0.0,0.0,0.0,0.0,0.0,0.0,0.0,0.0,0.0,0.0,0.0,0.0,0.0
t430,0.0,0.0,0.0,0.0,0.0,0.0,0.0,0.0,0.0,0.0,0.0,0.0,0.0,0.0,0.0,0.0,0.0,0.0
t431,0.0,0.0,0.0,0.0,0.0,0.0,0.0,0.0,0.0,0.0,0.0,0.0,0.0,0.0,0.0,0.0,0.0,0.0
t432,0.0,0.0,0.0,0.0,0.0,0.0,0.0,0.0,0.0,0.0,0.0,0.0,0.0,0.0,0.0,0.0,0.0,0.0
t433,0.0,0.0,0.0,0.0,0.0,0.0,0.0,0.0,0.0,0.0,0.0,0.0,0.0,0.0,0.0,0.0,0.0,0.0
t434,0.0,0.0,0.0,0.0,0.0,0.0,0.0,0.0,0.0,0.0,0.0,0.0,0.0,0.0,0.0,0.0,0.0,0.0
t435,0.0,0.0,0.0,0.0,0.0,0.0,0.0,0.0,0.0,0.0,0.0,0.0,0.0,0.0,0.0,0.0,0.0,0.0
t436,0.0,0.0,0.0,0.0,0.0,0.0,0.0,0.0,0.0,0.0,0.0,0.0,0.0,0.0,0.0,0.0,0.0,0.0
t437,0.0,0.0,0.0,0.0,0.0,0.0,0.0,0.0,0.0,0.0,0.0,0.0,0.0,0.0,0.0,0.0,0.0,0.0
t438,0.0,0.0,0.0,0.0,0.0,0.0,0.0,0.0,0.0,0.0,0.0,0.0,0.0,0.0,0.0,0.0,0.0,0.0
t439,0.0,0.0,0.0,0.0,0.0,0.0,0.0,0.0,0.0,0.0,0.0,0.0,0.0,0.0,0.0,0.0,0.0,0.0
t440,0.0,0.0,0.0,0.0,0.0,0.0,0.0,0.0,0.0,0.0,0.0,0.0,0.0,0.0,0.0,0.0,0.0,0.0
t441,404.96171585719117,120.0,0.0,0.0,0.0,1431.7796897457495,860.2016092400004,0.0,0.0,0.0,0.0,0.0,0.0,0.0,0.0,0.0,0.0,2816.943014842941
t442,964.0961727799993,0.0,0.0,0.0,0.0,2208.9906672658976,369.8871704912567,1950.0,0.0,0.0,0.0,0.0,0.0,0.0,0.0,0.0,0.0,5492.974010537153
t443,1220.0,0.0,0.0,0.0,0.0,4586.731487539673,1590.0,0.0,0.0,0.0,0.0,0.0,0.0,0.0,0.0,0.0,0.0,7396.731487539673
t444,858.9180247799999,54.03591808949564,0.0,0.0,0.0,6171.865114895837,1590.0,0.0,0.0,0.0,0.0,0.0,0.0,0.0,0.0,0.0,0.0,8674.819057765333
t445,1220.0,0.0,0.0,0.0,0.0,3891.125591855423,703.9419660499999,1950.0,0.0,0.0,0.0,0.0,0.0,0.0,0.0,0.0,0.0,7765.067557905423
t446,475.99736321999995,0.0,0.0,0.0,0.0,4695.519650473788,1590.0,0.0,0.0,0.0,0.0,0.0,0.0,0.0,0.0,0.0,0.0,6761.517013693788
t447,0.0,120.0,0.0,0.0,0.0,3308.0623680319154,0.0,0.0,0.0,0.0,0.0,0.0,0.0,0.0,0.0,0.0,0.0,3428.0623680319154
t448,0.0,0.0,0.0,0.0,0.0,0.0,0.0,0.0,0.0,0.0,0.0,0.0,0.0,0.0,0.0,0.0,0.0,0.0
t449,0.0,0.0,0.0,0.0,0.0,0.0,0.0,0.0,0.0,0.0,0.0,0.0,0.0,0.0,0.0,0.0,0.0,0.0
t450,0.0,0.0,0.0,0.0,0.0,0.0,0.0,0.0,0.0,0.0,0.0,0.0,0.0,0.0,0.0,0.0,0.0,0.0
t451,0.0,0.0,0.0,0.0,0.0,0.0,0.0,0.0,0.0,0.0,0.0,0.0,0.0,0.0,0.0,0.0,0.0,0.0
t452,0.0,0.0,0.0,0.0,0.0,0.0,0.0,0.0,0.0,0.0,0.0,0.0,0.0,0.0,0.0,0.0,0.0,0.0
t453,0.0,0.0,0.0,0.0,0.0,0.0,0.0,0.0,0.0,0.0,0.0,0.0,0.0,0.0,0.0,0.0,0.0,0.0
t454,0.0,0.0,0.0,0.0,0.0,0.0,0.0,0.0,0.0,0.0,0.0,0.0,0.0,0.0,0.0,0.0,0.0,0.0
t455,0.0,0.0,0.0,0.0,0.0,0.0,0.0,0.0,0.0,0.0,0.0,0.0,0.0,0.0,0.0,0.0,0.0,0.0
t456,0.0,0.0,0.0,0.0,0.0,0.0,0.0,0.0,0.0,0.0,0.0,0.0,0.0,0.0,0.0,0.0,0.0,0.0
t457,0.0,0.0,0.0,0.0,0.0,0.0,0.0,0.0,0.0,0.0,0.0,0.0,0.0,0.0,0.0,0.0,0.0,0.0
t458,0.0,0.0,0.0,0.0,0.0,0.0,0.0,0.0,0.0,0.0,0.0,0.0,0.0,0.0,0.0,0.0,0.0,0.0
t459,0.0,0.0,0.0,0.0,0.0,0.0,0.0,0.0,0.0,0.0,0.0,0.0,0.0,0.0,0.0,0.0,0.0,0.0
t460,0.0,0.0,0.0,0.0,0.0,0.0,0.0,0.0,0.0,0.0,0.0,0.0,0.0,0.0,0.0,0.0,0.0,0.0
t461,0.0,0.0,0.0,0.0,0.0,0.0,0.0,0.0,0.0,0.0,0.0,0.0,0.0,0.0,0.0,0.0,0.0,0.0
t462,0.0,0.0,0.0,0.0,0.0,0.0,0.0,0.0,0.0,0.0,0.0,0.0,0.0,0.0,0.0,0.0,0.0,0.0
t463,0.0,0.0,0.0,0.0,0.0,0.0,0.0,0.0,0.0,0.0,0.0,0.0,0.0,0.0,0.0,0.0,0.0,0.0
t464,0.0,0.0,0.0,0.0,0.0,0.0,0.0,0.0,0.0,0.0,0.0,0.0,0.0,0.0,0.0,0.0,0.0,0.0
t465,1220.0,120.0,756.4046403600001,0.0,0.0,0.0,0.0,1470.9833323730493,0.0,0.0,0.0,0.0,0.0,0.0,0.0,0.0,0.0,3567.3879727330495
t466,0.0,120.0,1407.4642547180713,0.0,0.0,5952.484972775268,1180.6805649856917,1950.0,0.0,0.0,0.0,0.0,0.0,0.0,0.0,0.0,0.0,10610.62979247903
t467,1220.0,0.0,1059.9093549799998,0.0,0.0,7491.791950318924,1367.4117272155654,0.0,0.0,0.0,0.0,0.0,0.0,0.0,0.0,0.0,0.0,11139.11303251449
t468,1220.0,25.964584587264586,1110.4921935999998,0.0,0.0,7715.791690227392,1192.4808895400001,1950.0,0.0,0.0,0.0,0.0,0.0,0.0,0.0,0.0,0.0,13214.729357954657
t469,0.0,0.0,1036.7006126000006,0.0,0.0,6332.366380743809,1224.0987555500003,0.0,0.0,0.0,0.0,0.0,0.0,0.0,0.0,0.0,0.0,8593.165748893809
t470,263.9732766371902,120.0,928.2238406600002,0.0,0.0,3913.7264447408243,1068.0991417100001,1950.0,0.0,0.0,0.0,0.0,0.0,0.0,0.0,0.0,0.0,8244.022703748014
t471,1220.0,120.0,531.32699501,0.0,0.0,5065.452366859112,671.25966678,900.9411671700012,0.0,0.0,0.0,0.0,0.0,0.0,0.0,0.0,0.0,8508.980195819113
t472,0.0,0.0,0.0,0.0,0.0,0.0,0.0,0.0,0.0,0.0,0.0,0.0,0.0,0.0,0.0,0.0,0.0,0.0
t473,0.0,0.0,0.0,0.0,0.0,0.0,0.0,0.0,0.0,0.0,0.0,0.0,0.0,0.0,0.0,0.0,0.0,0.0
t474,0.0,0.0,0.0,0.0,0.0,0.0,0.0,0.0,0.0,0.0,0.0,0.0,0.0,0.0,0.0,0.0,0.0,0.0
t475,0.0,0.0,0.0,0.0,0.0,0.0,0.0,0.0,0.0,0.0,0.0,0.0,0.0,0.0,0.0,0.0,0.0,0.0
t476,0.0,0.0,0.0,0.0,0.0,0.0,0.0,0.0,0.0,0.0,0.0,0.0,0.0,0.0,0.0,0.0,0.0,0.0
t477,0.0,0.0,0.0,0.0,0.0,0.0,0.0,0.0,0.0,0.0,0.0,0.0,0.0,0.0,0.0,0.0,0.0,0.0
t478,0.0,0.0,0.0,0.0,0.0,0.0,0.0,0.0,0.0,0.0,0.0,0.0,0.0,0.0,0.0,0.0,0.0,0.0
t479,0.0,0.0,0.0,0.0,0.0,0.0,0.0,0.0,0.0,0.0,0.0,0.0,0.0,0.0,0.0,0.0,0.0,0.0
t480,0.0,0.0,0.0,0.0,0.0,0.0,0.0,0.0,0.0,0.0,0.0,0.0,0.0,0.0,0.0,0.0,0.0,0.0
t481,0.0,0.0,0.0,0.0,0.0,0.0,0.0,0.0,0.0,0.0,0.0,0.0,0.0,0.0,0.0,0.0,0.0,0.0
t482,0.0,0.0,0.0,0.0,0.0,0.0,0.0,0.0,0.0,0.0,0.0,0.0,0.0,0.0,0.0,0.0,0.0,0.0
t483,0.0,0.0,0.0,0.0,0.0,0.0,0.0,0.0,0.0,0.0,0.0,0.0,0.0,0.0,0.0,0.0,0.0,0.0
t484,0.0,0.0,0.0,0.0,0.0,0.0,0.0,0.0,0.0,0.0,0.0,0.0,0.0,0.0,0.0,0.0,0.0,0.0
t485,0.0,0.0,0.0,0.0,0.0,0.0,0.0,0.0,0.0,0.0,0.0,0.0,0.0,0.0,0.0,0.0,0.0,0.0
t486,0.0,0.0,0.0,0.0,0.0,0.0,0.0,0.0,0.0,0.0,0.0,0.0,0.0,0.0,0.0,0.0,0.0,0.0
t487,0.0,0.0,0.0,0.0,0.0,0.0,0.0,0.0,0.0,0.0,0.0,0.0,0.0,0.0,0.0,0.0,0.0,0.0
t488,0.0,0.0,0.0,0.0,0.0,0.0,0.0,0.0,0.0,0.0,0.0,0.0,0.0,0.0,0.0,0.0,0.0,0.0
t489,0.0,0.0,0.0,0.0,0.0,0.0,0.0,0.0,0.0,0.0,0.0,0.0,0.0,0.0,0.0,0.0,0.0,0.0
t490,0.0,0.0,0.0,0.0,0.0,0.0,935.9692753671101,0.0,0.0,0.0,0.0,0.0,0.0,0.0,0.0,0.0,0.0,935.9692753671101
t491,1220.0,120.0,0.0,0.0,0.0,4888.491109479947,1581.4674744,0.0,0.0,0.0,0.0,0.0,0.0,0.0,0.0,0.0,0.0,7809.958583879947
t492,1220.0,0.0,0.0,0.0,0.0,6285.303511338084,1590.0,1950.0,0.0,0.0,0.0,0.0,0.0,0.0,0.0,0.0,0.0,11045.303511338083
t493,1131.5024837800001,0.0,0.0,0.0,107.40658924823073,4506.109294136715,1590.0,1950.0,0.0,0.0,0.0,0.0,0.0,0.0,0.0,0.0,0.0,9285.018367164947
t494,843.4158492200004,0.0,0.0,0.0,0.0,6005.351973937288,506.8151537600002,0.0,0.0,0.0,0.0,0.0,0.0,0.0,0.0,0.0,0.0,7355.582976917289
t495,206.94910370000005,0.0,0.0,0.0,0.0,3713.509259284075,499.77884225414687,0.0,0.0,0.0,0.0,0.0,0.0,0.0,0.0,0.0,0.0,4420.2372052382225
t496,0.0,0.0,0.0,0.0,0.0,0.0,0.0,0.0,0.0,0.0,0.0,0.0,0.0,0.0,0.0,0.0,0.0,0.0
t497,0.0,0.0,0.0,0.0,0.0,0.0,0.0,0.0,0.0,0.0,0.0,0.0,0.0,0.0,0.0,0.0,0.0,0.0
t498,0.0,0.0,0.0,0.0,0.0,0.0,0.0,0.0,0.0,0.0,0.0,0.0,0.0,0.0,0.0,0.0,0.0,0.0
t499,0.0,0.0,0.0,0.0,0.0,0.0,0.0,0.0,0.0,0.0,0.0,0.0,0.0,0.0,0.0,0.0,0.0,0.0
t500,0.0,0.0,0.0,0.0,0.0,0.0,0.0,0.0,0.0,0.0,0.0,0.0,0.0,0.0,0.0,0.0,0.0,0.0
t501,0.0,0.0,0.0,0.0,0.0,0.0,0.0,0.0,0.0,0.0,0.0,0.0,0.0,0.0,0.0,0.0,0.0,0.0
t502,0.0,0.0,0.0,0.0,0.0,0.0,0.0,0.0,0.0,0.0,0.0,0.0,0.0,0.0,0.0,0.0,0.0,0.0
t503,0.0,0.0,0.0,0.0,0.0,0.0,0.0,0.0,0.0,0.0,0.0,0.0,0.0,0.0,0.0,0.0,0.0,0.0
t504,0.0,0.0,0.0,0.0,0.0,0.0,0.0,0.0,0.0,0.0,0.0,0.0,0.0,0.0,0.0,0.0,0.0,0.0
t505,0.0,0.0,0.0,0.0,0.0,0.0,0.0,0.0,0.0,0.0,0.0,0.0,0.0,0.0,0.0,0.0,0.0,0.0
t506,0.0,0.0,0.0,0.0,0.0,0.0,0.0,0.0,0.0,0.0,0.0,0.0,0.0,0.0,0.0,0.0,0.0,0.0
t507,0.0,0.0,0.0,0.0,0.0,0.0,0.0,0.0,0.0,0.0,0.0,0.0,0.0,0.0,0.0,0.0,0.0,0.0
t508,0.0,0.0,0.0,0.0,0.0,0.0,0.0,0.0,0.0,0.0,0.0,0.0,0.0,0.0,0.0,0.0,0.0,0.0
t509,0.0,0.0,0.0,0.0,0.0,0.0,0.0,0.0,0.0,0.0,0.0,0.0,0.0,0.0,0.0,0.0,0.0,0.0
t510,0.0,0.0,0.0,0.0,0.0,0.0,0.0,0.0,0.0,0.0,0.0,0.0,0.0,0.0,0.0,0.0,0.0,0.0
t511,0.0,0.0,0.0,0.0,0.0,0.0,0.0,0.0,0.0,0.0,0.0,0.0,0.0,0.0,0.0,0.0,0.0,0.0
t512,0.0,0.0,0.0,0.0,0.0,1270.0991509769867,497.3544787999999,0.0,0.0,0.0,0.0,0.0,0.0,0.0,0.0,0.0,0.0,1767.4536297769866
t513,1220.0,120.0,0.0,0.0,0.0,1556.0101589192548,713.7947674400002,1950.0,0.0,0.0,0.0,0.0,0.0,0.0,0.0,0.0,0.0,5559.804926359255
t514,723.5906726599999,0.0,0.0,0.0,0.0,3415.5085643284215,1390.48690969,1950.0,0.0,0.0,0.0,0.0,0.0,0.0,0.0,0.0,0.0,7479.586146678422
t515,1003.5221476599996,0.0,0.0,0.0,0.0,4377.941378792304,1132.9665106399998,0.0,0.0,0.0,0.0,0.0,0.0,0.0,0.0,0.0,0.0,6514.430037092304
t516,797.3895520199999,0.0,0.0,0.0,0.0,1392.751702153708,999.7510145200001,1950.0,0.0,0.0,0.0,0.0,0.0,0.0,0.0,0.0,0.0,5139.8922686937085
t517,214.52485937999964,0.0,0.0,0.0,0.0,1967.785674724726,1021.6378339099996,0.0,0.0,0.0,0.0,0.0,0.0,0.0,0.0,0.0,0.0,3203.9483680147255
t518,1184.9460449171913,120.0,0.0,0.0,0.0,0.0,354.56229830040434,0.0,0.0,0.0,0.0,0.0,0.0,0.0,0.0,0.0,0.0,1659.5083432175957
t519,0.0,0.0,0.0,0.0,0.0,0.0,0.0,0.0,0.0,0.0,0.0,0.0,0.0,0.0,0.0,0.0,0.0,0.0
t520,0.0,0.0,0.0,0.0,0.0,0.0,0.0,0.0,0.0,0.0,0.0,0.0,0.0,0.0,0.0,0.0,0.0,0.0
t521,0.0,0.0,0.0,0.0,0.0,0.0,0.0,0.0,0.0,0.0,0.0,0.0,0.0,0.0,0.0,0.0,0.0,0.0
t522,0.0,0.0,0.0,0.0,0.0,0.0,0.0,0.0,0.0,0.0,0.0,0.0,0.0,0.0,0.0,0.0,0.0,0.0
t523,0.0,0.0,0.0,0.0,0.0,0.0,0.0,0.0,0.0,0.0,0.0,0.0,0.0,0.0,0.0,0.0,0.0,0.0
t524,0.0,0.0,0.0,0.0,0.0,0.0,0.0,0.0,0.0,0.0,0.0,0.0,0.0,0.0,0.0,0.0,0.0,0.0
t525,0.0,0.0,0.0,0.0,0.0,0.0,0.0,0.0,0.0,0.0,0.0,0.0,0.0,0.0,0.0,0.0,0.0,0.0
t526,0.0,0.0,0.0,0.0,0.0,0.0,0.0,0.0,0.0,0.0,0.0,0.0,0.0,0.0,0.0,0.0,0.0,0.0
t527,0.0,0.0,0.0,0.0,0.0,0.0,0.0,0.0,0.0,0.0,0.0,0.0,0.0,0.0,0.0,0.0,0.0,0.0
t528,0.0,0.0,0.0,0.0,0.0,0.0,0.0,0.0,0.0,0.0,0.0,0.0,0.0,0.0,0.0,0.0,0.0,0.0
t529,0.0,0.0,0.0,0.0,0.0,0.0,0.0,0.0,0.0,0.0,0.0,0.0,0.0,0.0,0.0,0.0,0.0,0.0
t530,0.0,0.0,0.0,0.0,0.0,0.0,0.0,0.0,0.0,0.0,0.0,0.0,0.0,0.0,0.0,0.0,0.0,0.0
t531,0.0,0.0,0.0,0.0,0.0,0.0,0.0,0.0,0.0,0.0,0.0,0.0,0.0,0.0,0.0,0.0,0.0,0.0
t532,0.0,0.0,0.0,0.0,0.0,0.0,0.0,0.0,0.0,0.0,0.0,0.0,0.0,0.0,0.0,0.0,0.0,0.0
t533,0.0,0.0,0.0,0.0,0.0,0.0,0.0,0.0,0.0,0.0,0.0,0.0,0.0,0.0,0.0,0.0,0.0,0.0
t534,0.0,0.0,0.0,0.0,0.0,0.0,0.0,0.0,0.0,0.0,0.0,0.0,0.0,0.0,0.0,0.0,0.0,0.0
t535,0.0,0.0,0.0,0.0,0.0,0.0,0.0,0.0,0.0,0.0,0.0,0.0,0.0,0.0,0.0,0.0,0.0,0.0
t536,0.0,0.0,0.0,0.0,0.0,0.0,0.0,0.0,0.0,0.0,0.0,0.0,0.0,0.0,0.0,0.0,0.0,0.0
t537,0.0,0.0,0.0,0.0,0.0,0.0,0.0,0.0,0.0,0.0,0.0,0.0,0.0,0.0,0.0,0.0,0.0,0.0
t538,0.0,0.0,0.0,0.0,0.0,0.0,0.0,0.0,0.0,0.0,0.0,0.0,0.0,0.0,0.0,0.0,0.0,0.0
t539,0.0,0.0,0.0,0.0,0.0,0.0,0.0,0.0,0.0,0.0,0.0,0.0,0.0,0.0,0.0,0.0,0.0,0.0
t540,0.0,0.0,0.0,0.0,0.0,0.0,0.0,0.0,0.0,0.0,0.0,0.0,0.0,0.0,0.0,0.0,0.0,0.0
t541,0.0,0.0,0.0,0.0,0.0,0.0,282.4441943329026,0.0,0.0,0.0,0.0,0.0,0.0,0.0,0.0,0.0,0.0,282.4441943329026
t542,0.0,0.0,0.0,0.0,0.0,0.0,0.0,0.0,0.0,0.0,0.0,0.0,0.0,0.0,0.0,0.0,0.0,0.0
t543,0.0,0.0,0.0,0.0,0.0,0.0,0.0,0.0,0.0,0.0,0.0,0.0,0.0,0.0,0.0,0.0,0.0,0.0
t544,0.0,0.0,0.0,0.0,0.0,0.0,0.0,0.0,0.0,0.0,0.0,0.0,0.0,0.0,0.0,0.0,0.0,0.0
t545,0.0,0.0,0.0,0.0,0.0,0.0,0.0,0.0,0.0,0.0,0.0,0.0,0.0,0.0,0.0,0.0,0.0,0.0
t546,0.0,0.0,0.0,0.0,0.0,0.0,0.0,0.0,0.0,0.0,0.0,0.0,0.0,0.0,0.0,0.0,0.0,0.0
t547,0.0,0.0,0.0,0.0,0.0,0.0,0.0,0.0,0.0,0.0,0.0,0.0,0.0,0.0,0.0,0.0,0.0,0.0
t548,0.0,0.0,0.0,0.0,0.0,0.0,0.0,0.0,0.0,0.0,0.0,0.0,0.0,0.0,0.0,0.0,0.0,0.0
t549,0.0,0.0,0.0,0.0,0.0,0.0,0.0,0.0,0.0,0.0,0.0,0.0,0.0,0.0,0.0,0.0,0.0,0.0
t550,0.0,0.0,0.0,0.0,0.0,0.0,0.0,0.0,0.0,0.0,0.0,0.0,0.0,0.0,0.0,0.0,0.0,0.0
t551,0.0,0.0,0.0,0.0,0.0,0.0,0.0,0.0,0.0,0.0,0.0,0.0,0.0,0.0,0.0,0.0,0.0,0.0
t552,0.0,0.0,0.0,0.0,0.0,0.0,0.0,0.0,0.0,0.0,0.0,0.0,0.0,0.0,0.0,0.0,0.0,0.0
t553,0.0,0.0,0.0,0.0,0.0,0.0,0.0,0.0,0.0,0.0,0.0,0.0,0.0,0.0,0.0,0.0,0.0,0.0
t554,0.0,0.0,0.0,0.0,0.0,0.0,0.0,0.0,0.0,0.0,0.0,0.0,0.0,0.0,0.0,0.0,0.0,0.0
t555,0.0,0.0,0.0,0.0,0.0,0.0,0.0,0.0,0.0,0.0,0.0,0.0,0.0,0.0,0.0,0.0,0.0,0.0
t556,0.0,0.0,0.0,0.0,0.0,0.0,0.0,0.0,0.0,0.0,0.0,0.0,0.0,0.0,0.0,0.0,0.0,0.0
t557,0.0,0.0,0.0,0.0,0.0,0.0,0.0,0.0,0.0,0.0,0.0,0.0,0.0,0.0,0.0,0.0,0.0,0.0
t558,0.0,0.0,0.0,0.0,0.0,0.0,0.0,0.0,0.0,0.0,0.0,0.0,0.0,0.0,0.0,0.0,0.0,0.0
t559,0.0,0.0,0.0,0.0,0.0,0.0,0.0,0.0,0.0,0.0,0.0,0.0,0.0,0.0,0.0,0.0,0.0,0.0
t560,0.0,0.0,0.0,0.0,0.0,0.0,0.0,0.0,0.0,0.0,0.0,0.0,0.0,0.0,0.0,0.0,0.0,0.0
t561,0.0,0.0,0.0,0.0,0.0,0.0,0.0,0.0,0.0,0.0,0.0,0.0,0.0,0.0,0.0,0.0,0.0,0.0
t562,875.9854887661949,0.0,0.0,0.0,0.0,0.0,722.7188372912564,0.0,0.0,0.0,0.0,0.0,0.0,0.0,0.0,0.0,0.0,1598.7043260574512
t563,1220.0,120.0,0.0,0.0,0.0,70.83741525956813,1211.3119084900004,0.0,0.0,0.0,0.0,0.0,0.0,0.0,0.0,0.0,0.0,2622.149323749569
t564,1220.0,120.0,0.0,0.0,0.0,3377.1105696542754,1590.0,0.0,0.0,0.0,0.0,0.0,0.0,0.0,0.0,0.0,0.0,6307.110569654275
t565,1220.0,0.0,0.0,0.0,0.0,444.5011376204993,1590.0,1950.0,0.0,0.0,0.0,0.0,0.0,0.0,0.0,0.0,0.0,5204.501137620499
t566,251.94670708747395,0.0,0.0,0.0,0.0,0.0,1590.0,0.0,0.0,0.0,0.0,0.0,0.0,0.0,0.0,0.0,0.0,1841.946707087474
t567,0.0,0.0,0.0,0.0,0.0,0.0,0.0,0.0,0.0,0.0,0.0,0.0,0.0,0.0,0.0,0.0,0.0,0.0
t568,0.0,0.0,0.0,0.0,0.0,0.0,0.0,0.0,0.0,0.0,0.0,0.0,0.0,0.0,0.0,0.0,0.0,0.0
t569,0.0,0.0,0.0,0.0,0.0,0.0,0.0,0.0,0.0,0.0,0.0,0.0,0.0,0.0,0.0,0.0,0.0,0.0
t570,0.0,0.0,0.0,0.0,0.0,0.0,0.0,0.0,0.0,0.0,0.0,0.0,0.0,0.0,0.0,0.0,0.0,0.0
t571,0.0,0.0,0.0,0.0,0.0,0.0,0.0,0.0,0.0,0.0,0.0,0.0,0.0,0.0,0.0,0.0,0.0,0.0
t572,0.0,0.0,0.0,0.0,0.0,0.0,0.0,0.0,0.0,0.0,0.0,0.0,0.0,0.0,0.0,0.0,0.0,0.0
t573,0.0,0.0,0.0,0.0,0.0,0.0,0.0,0.0,0.0,0.0,0.0,0.0,0.0,0.0,0.0,0.0,0.0,0.0
t574,0.0,0.0,0.0,0.0,0.0,0.0,0.0,0.0,0.0,0.0,0.0,0.0,0.0,0.0,0.0,0.0,0.0,0.0
t575,0.0,0.0,0.0,0.0,0.0,0.0,0.0,0.0,0.0,0.0,0.0,0.0,0.0,0.0,0.0,0.0,0.0,0.0
t576,0.0,0.0,0.0,0.0,0.0,0.0,0.0,0.0,0.0,0.0,0.0,0.0,0.0,0.0,0.0,0.0,0.0,0.0
t577,0.0,0.0,0.0,0.0,0.0,0.0,0.0,0.0,0.0,0.0,0.0,0.0,0.0,0.0,0.0,0.0,0.0,0.0
t578,0.0,0.0,0.0,0.0,0.0,0.0,0.0,0.0,0.0,0.0,0.0,0.0,0.0,0.0,0.0,0.0,0.0,0.0
t579,0.0,0.0,0.0,0.0,0.0,0.0,0.0,0.0,0.0,0.0,0.0,0.0,0.0,0.0,0.0,0.0,0.0,0.0
t580,0.0,0.0,0.0,0.0,0.0,0.0,0.0,0.0,0.0,0.0,0.0,0.0,0.0,0.0,0.0,0.0,0.0,0.0
t581,0.0,0.0,0.0,0.0,0.0,0.0,0.0,0.0,0.0,0.0,0.0,0.0,0.0,0.0,0.0,0.0,0.0,0.0
t582,0.0,0.0,0.0,0.0,0.0,0.0,0.0,0.0,0.0,0.0,0.0,0.0,0.0,0.0,0.0,0.0,0.0,0.0
t583,0.0,0.0,0.0,0.0,0.0,0.0,0.0,0.0,0.0,0.0,0.0,0.0,0.0,0.0,0.0,0.0,0.0,0.0
t584,0.0,120.0,0.0,0.0,0.0,637.27194332734,963.1904175797658,0.0,0.0,0.0,0.0,0.0,0.0,0.0,0.0,0.0,0.0,1720.462360907106
t585,1220.0,120.0,0.0,0.0,0.0,3195.6111327992635,617.6584183900003,1950.0,0.0,0.0,0.0,0.0,0.0,0.0,0.0,0.0,0.0,7103.269551189264
t586,1220.0,120.0,0.0,0.0,0.0,3601.715856755398,846.3812418800001,1950.0,0.0,0.0,0.0,0.0,0.0,0.0,0.0,0.0,0.0,7738.097098635398
t587,0.0,0.0,0.0,0.0,0.0,7711.603737042423,1011.7696420107152,0.0,0.0,0.0,0.0,0.0,0.0,0.0,0.0,0.0,0.0,8723.373379053139
t588,0.0,0.0,0.0,0.0,0.0,6126.74767241554,1060.14124558,1950.0,0.0,0.0,0.0,0.0,0.0,0.0,0.0,0.0,0.0,9136.88891799554
t589,1220.0,0.0,0.0,0.0,0.0,8428.079284249967,990.4949483207761,0.0,0.0,0.0,0.0,0.0,0.0,0.0,0.0,0.0,0.0,10638.574232570743
t590,263.9732766371902,25.964584587264614,0.0,0.0,0.0,5944.589592016274,776.0764089400001,421.9244995430499,0.0,0.0,0.0,0.0,0.0,0.0,0.0,0.0,0.0,7432.528361723778
t591,1220.0,120.0,0.0,0.0,0.0,825.9945870591196,438.31842307999966,1950.0,0.0,0.0,0.0,0.0,0.0,0.0,0.0,0.0,0.0,4554.31301013912
t592,0.0,0.0,0.0,0.0,0.0,0.0,0.0,0.0,0.0,0.0,0.0,0.0,0.0,0.0,0.0,0.0,0.0,0.0
t593,0.0,0.0,0.0,0.0,0.0,0.0,0.0,0.0,0.0,0.0,0.0,0.0,0.0,0.0,0.0,0.0,0.0,0.0
t594,0.0,0.0,0.0,0.0,0.0,0.0,0.0,0.0,0.0,0.0,0.0,0.0,0.0,0.0,0.0,0.0,0.0,0.0
t595,0.0,0.0,0.0,0.0,0.0,0.0,0.0,0.0,0.0,0.0,0.0,0.0,0.0,0.0,0.0,0.0,0.0,0.0
t596,0.0,0.0,0.0,0.0,0.0,0.0,0.0,0.0,0.0,0.0,0.0,0.0,0.0,0.0,0.0,0.0,0.0,0.0
t597,0.0,0.0,0.0,0.0,0.0,0.0,0.0,0.0,0.0,0.0,0.0,0.0,0.0,0.0,0.0,0.0,0.0,0.0
t598,0.0,0.0,0.0,0.0,0.0,0.0,0.0,0.0,0.0,0.0,0.0,0.0,0.0,0.0,0.0,0.0,0.0,0.0
t599,0.0,0.0,0.0,0.0,0.0,0.0,0.0,0.0,0.0,0.0,0.0,0.0,0.0,0.0,0.0,0.0,0.0,0.0
t600,0.0,0.0,0.0,0.0,0.0,0.0,0.0,0.0,0.0,0.0,0.0,0.0,0.0,0.0,0.0,0.0,0.0,0.0
t601,0.0,0.0,0.0,0.0,0.0,0.0,0.0,0.0,0.0,0.0,0.0,0.0,0.0,0.0,0.0,0.0,0.0,0.0
t602,0.0,0.0,0.0,0.0,0.0,0.0,0.0,0.0,0.0,0.0,0.0,0.0,0.0,0.0,0.0,0.0,0.0,0.0
t603,0.0,0.0,0.0,0.0,0.0,0.0,0.0,0.0,0.0,0.0,0.0,0.0,0.0,0.0,0.0,0.0,0.0,0.0
t604,0.0,0.0,0.0,0.0,0.0,0.0,0.0,0.0,0.0,0.0,0.0,0.0,0.0,0.0,0.0,0.0,0.0,0.0
t605,0.0,0.0,0.0,0.0,0.0,0.0,0.0,0.0,0.0,0.0,0.0,0.0,0.0,0.0,0.0,0.0,0.0,0.0
t606,0.0,0.0,0.0,0.0,0.0,0.0,0.0,0.0,0.0,0.0,0.0,0.0,0.0,0.0,0.0,0.0,0.0,0.0
t607,0.0,0.0,0.0,0.0,0.0,0.0,0.0,0.0,0.0,0.0,0.0,0.0,0.0,0.0,0.0,0.0,0.0,0.0
t608,0.0,0.0,0.0,0.0,0.0,0.0,0.0,0.0,0.0,0.0,0.0,0.0,0.0,0.0,0.0,0.0,0.0,0.0
t609,1220.0,120.0,0.0,0.0,0.0,1091.361712427275,890.9036897887937,1950.0,0.0,0.0,0.0,0.0,0.0,0.0,0.0,0.0,0.0,5272.265402216069
t610,412.80581153999987,0.0,0.0,0.0,0.0,6752.024484307142,751.9748222600002,0.0,0.0,0.0,0.0,0.0,0.0,0.0,0.0,0.0,0.0,7916.805118107142
t611,0.0,0.0,0.0,0.0,0.0,6966.077082517694,1139.2179519324634,0.0,0.0,0.0,0.0,0.0,0.0,0.0,0.0,0.0,0.0,8105.295034450158
t612,1220.0,120.0,0.0,0.0,0.0,3834.689485330231,1058.15462739,1950.0,0.0,0.0,0.0,0.0,0.0,0.0,0.0,0.0,0.0,8182.844112720231
t613,847.9650302371894,0.0,0.0,0.0,0.0,5514.1299610037695,1590.0,1950.0,0.0,0.0,0.0,0.0,0.0,0.0,0.0,0.0,0.0,9902.09499124096
t614,223.20243486000066,0.0,0.0,0.0,0.0,6112.288916794272,829.8523415599997,1950.0,0.0,0.0,0.0,0.0,0.0,0.0,0.0,0.0,0.0,9115.343693214272
t615,1220.0,120.0,0.0,0.0,0.0,2893.1376925524364,443.92731284999985,0.0,0.0,0.0,0.0,0.0,0.0,0.0,0.0,0.0,0.0,4677.065005402436
t616,0.0,0.0,0.0,0.0,0.0,0.0,0.0,0.0,0.0,0.0,0.0,0.0,0.0,0.0,0.0,0.0,0.0,0.0
t617,0.0,0.0,0.0,0.0,0.0,0.0,0.0,0.0,0.0,0.0,0.0,0.0,0.0,0.0,0.0,0.0,0.0,0.0
t618,0.0,0.0,0.0,0.0,0.0,0.0,0.0,0.0,0.0,0.0,0.0,0.0,0.0,0.0,0.0,0.0,0.0,0.0
t619,0.0,0.0,0.0,0.0,0.0,0.0,0.0,0.0,0.0,0.0,0.0,0.0,0.0,0.0,0.0,0.0,0.0,0.0
t620,0.0,0.0,0.0,0.0,0.0,0.0,0.0,0.0,0.0,0.0,0.0,0.0,0.0,0.0,0.0,0.0,0.0,0.0
t621,0.0,0.0,0.0,0.0,0.0,0.0,0.0,0.0,0.0,0.0,0.0,0.0,0.0,0.0,0.0,0.0,0.0,0.0
t622,0.0,0.0,0.0,0.0,0.0,0.0,0.0,0.0,0.0,0.0,0.0,0.0,0.0,0.0,0.0,0.0,0.0,0.0
t623,0.0,0.0,0.0,0.0,0.0,0.0,0.0,0.0,0.0,0.0,0.0,0.0,0.0,0.0,0.0,0.0,0.0,0.0
t624,0.0,0.0,0.0,0.0,0.0,0.0,0.0,0.0,0.0,0.0,0.0,0.0,0.0,0.0,0.0,0.0,0.0,0.0
t625,0.0,0.0,0.0,0.0,0.0,0.0,0.0,0.0,0.0,0.0,0.0,0.0,0.0,0.0,0.0,0.0,0.0,0.0
t626,0.0,0.0,0.0,0.0,0.0,0.0,0.0,0.0,0.0,0.0,0.0,0.0,0.0,0.0,0.0,0.0,0.0,0.0
t627,0.0,0.0,0.0,0.0,0.0,0.0,0.0,0.0,0.0,0.0,0.0,0.0,0.0,0.0,0.0,0.0,0.0,0.0
t628,0.0,0.0,0.0,0.0,0.0,0.0,0.0,0.0,0.0,0.0,0.0,0.0,0.0,0.0,0.0,0.0,0.0,0.0
t629,0.0,0.0,0.0,0.0,0.0,0.0,0.0,0.0,0.0,0.0,0.0,0.0,0.0,0.0,0.0,0.0,0.0,0.0
t630,0.0,0.0,0.0,0.0,0.0,0.0,0.0,0.0,0.0,0.0,0.0,0.0,0.0,0.0,0.0,0.0,0.0,0.0
t631,0.0,0.0,0.0,0.0,0.0,0.0,0.0,0.0,0.0,0.0,0.0,0.0,0.0,0.0,0.0,0.0,0.0,0.0
t632,168.9114281371901,120.0,295.44238119999966,0.0,0.0,1456.7568956322498,291.87751729125495,0.0,0.0,0.0,0.0,0.0,0.0,0.0,0.0,0.0,0.0,2332.988222260695
t633,1220.0,0.0,905.3863174000002,0.0,0.0,4387.624505084792,257.5324048200003,1594.8585083730493,0.0,0.0,0.0,0.0,0.0,0.0,0.0,0.0,0.0,8365.40173567784
t634,0.0,120.0,1103.4478046899997,0.0,0.0,4828.1305380649255,1109.2181483300003,0.0,0.0,0.0,0.0,0.0,0.0,0.0,0.0,0.0,0.0,7160.796491084925
t635,1220.0,0.0,1137.5296642700002,0.0,0.0,5734.083348484917,860.9800796100002,1950.0,0.0,0.0,0.0,0.0,0.0,0.0,0.0,0.0,0.0,10902.593092364918
t636,156.78738205999994,120.0,1178.7478571800002,0.0,0.0,5540.710494664423,1002.18323313,1950.0,0.0,0.0,0.0,0.0,0.0,0.0,0.0,0.0,0.0,9948.428967034422
t637,0.0,25.964584587264614,1201.55390218,0.0,0.0,5238.108366770398,1388.2389731600001,1950.0,0.0,0.0,0.0,0.0,0.0,0.0,0.0,0.0,0.0,9803.865826697662
t638,1220.0,0.0,809.5799032999998,0.0,0.0,6800.459413822884,837.6831042700002,777.0659911700009,0.0,0.0,0.0,0.0,0.0,0.0,0.0,0.0,0.0,10444.788412562884
t639,1158.2744664400002,120.0,0.0,0.0,0.0,2485.7402431407377,901.7038931200001,0.0,0.0,0.0,0.0,0.0,0.0,0.0,0.0,0.0,0.0,4665.718602700738
t640,0.0,0.0,198.834061708073,0.0,0.0,0.0,54.613392050000044,0.0,0.0,0.0,0.0,0.0,0.0,0.0,0.0,0.0,0.0,253.44745375807304
t641,0.0,0.0,0.0,0.0,0.0,0.0,0.0,0.0,0.0,0.0,0.0,0.0,0.0,0.0,0.0,0.0,0.0,0.0
t642,0.0,0.0,0.0,0.0,0.0,0.0,0.0,0.0,0.0,0.0,0.0,0.0,0.0,0.0,0.0,0.0,0.0,0.0
t643,0.0,0.0,0.0,0.0,0.0,0.0,0.0,0.0,0.0,0.0,0.0,0.0,0.0,0.0,0.0,0.0,0.0,0.0
t644,0.0,0.0,0.0,0.0,0.0,0.0,0.0,0.0,0.0,0.0,0.0,0.0,0.0,0.0,0.0,0.0,0.0,0.0
t645,0.0,0.0,0.0,0.0,0.0,0.0,0.0,0.0,0.0,0.0,0.0,0.0,0.0,0.0,0.0,0.0,0.0,0.0
t646,0.0,0.0,0.0,0.0,0.0,0.0,0.0,0.0,0.0,0.0,0.0,0.0,0.0,0.0,0.0,0.0,0.0,0.0
t647,0.0,0.0,0.0,0.0,0.0,0.0,0.0,0.0,0.0,0.0,0.0,0.0,0.0,0.0,0.0,0.0,0.0,0.0
t648,0.0,0.0,0.0,0.0,0.0,0.0,0.0,0.0,0.0,0.0,0.0,0.0,0.0,0.0,0.0,0.0,0.0,0.0
t649,0.0,0.0,0.0,0.0,0.0,0.0,0.0,0.0,0.0,0.0,0.0,0.0,0.0,0.0,0.0,0.0,0.0,0.0
t650,0.0,0.0,0.0,0.0,0.0,0.0,0.0,0.0,0.0,0.0,0.0,0.0,0.0,0.0,0.0,0.0,0.0,0.0
t651,0.0,0.0,0.0,0.0,0.0,0.0,0.0,0.0,0.0,0.0,0.0,0.0,0.0,0.0,0.0,0.0,0.0,0.0
t652,0.0,0.0,0.0,0.0,0.0,0.0,0.0,0.0,0.0,0.0,0.0,0.0,0.0,0.0,0.0,0.0,0.0,0.0
t653,0.0,0.0,0.0,0.0,0.0,0.0,0.0,0.0,0.0,0.0,0.0,0.0,0.0,0.0,0.0,0.0,0.0,0.0
t654,0.0,0.0,0.0,0.0,0.0,0.0,0.0,0.0,0.0,0.0,0.0,0.0,0.0,0.0,0.0,0.0,0.0,0.0
t655,0.0,0.0,0.0,0.0,0.0,0.0,0.0,0.0,0.0,0.0,0.0,0.0,0.0,0.0,0.0,0.0,0.0,0.0
t656,14.696899986230859,0.0,318.38815337999984,0.0,0.0,0.0,198.67823625125592,0.0,0.0,0.0,0.0,0.0,0.0,0.0,0.0,0.0,0.0,531.7632896174866
t657,656.3781804709595,120.0,958.9339820700002,0.0,0.0,4241.002533600621,613.0364761300002,421.92449954305056,0.0,0.0,0.0,0.0,0.0,0.0,0.0,0.0,0.0,7011.275671814632
t658,0.0,120.0,1148.72131038,0.0,0.0,5045.971806737963,857.5654406600001,1950.0,0.0,0.0,0.0,0.0,0.0,0.0,0.0,0.0,0.0,9122.258557777963
t659,1220.0,0.0,1236.6934390899996,0.0,0.0,6779.887360984535,894.2264532300002,0.0,0.0,0.0,0.0,0.0,0.0,0.0,0.0,0.0,0.0,10130.807253304534
t660,1220.0,120.0,736.1566246980726,0.0,0.0,6114.200987774374,1175.77496104,1950.0,0.0,0.0,0.0,0.0,0.0,0.0,0.0,0.0,0.0,11316.132573512446
t661,0.0,0.0,1280.8700104000002,0.0,0.0,6645.561968229533,1364.60846971,1950.0,0.0,0.0,0.0,0.0,0.0,0.0,0.0,0.0,0.0,11241.040448339532
t662,1220.0,25.964584587264614,1150.7583719099998,0.0,0.0,4451.907349249017,1076.0324174600003,1950.0,0.0,0.0,0.0,0.0,0.0,0.0,0.0,0.0,0.0,9874.662723206282
t663,812.8981961799997,120.0,0.0,0.0,0.0,3193.081799089286,524.1082912999999,0.0,0.0,0.0,0.0,0.0,0.0,0.0,0.0,0.0,0.0,4650.088286569286
t664,0.0,0.0,0.0,0.0,0.0,0.0,0.0,0.0,0.0,0.0,0.0,0.0,0.0,0.0,0.0,0.0,0.0,0.0
t665,0.0,0.0,0.0,0.0,0.0,0.0,0.0,0.0,0.0,0.0,0.0,0.0,0.0,0.0,0.0,0.0,0.0,0.0
t666,0.0,0.0,0.0,0.0,0.0,0.0,0.0,0.0,0.0,0.0,0.0,0.0,0.0,0.0,0.0,0.0,0.0,0.0
t667,0.0,0.0,0.0,0.0,0.0,0.0,0.0,0.0,0.0,0.0,0.0,0.0,0.0,0.0,0.0,0.0,0.0,0.0
t668,0.0,0.0,0.0,0.0,0.0,0.0,0.0,0.0,0.0,0.0,0.0,0.0,0.0,0.0,0.0,0.0,0.0,0.0
t669,0.0,0.0,0.0,0.0,0.0,0.0,0.0,0.0,0.0,0.0,0.0,0.0,0.0,0.0,0.0,0.0,0.0,0.0
t670,0.0,0.0,0.0,0.0,0.0,0.0,0.0,0.0,0.0,0.0,0.0,0.0,0.0,0.0,0.0,0.0,0.0,0.0
t671,0.0,0.0,0.0,0.0,0.0,0.0,0.0,0.0,0.0,0.0,0.0,0.0,0.0,0.0,0.0,0.0,0.0,0.0
t672,0.0,0.0,0.0,0.0,0.0,0.0,0.0,0.0,0.0,0.0,0.0,0.0,0.0,0.0,0.0,0.0,0.0,0.0
t673,0.0,0.0,0.0,0.0,0.0,0.0,0.0,0.0,0.0,0.0,0.0,0.0,0.0,0.0,0.0,0.0,0.0,0.0
t674,0.0,0.0,0.0,0.0,0.0,0.0,0.0,0.0,0.0,0.0,0.0,0.0,0.0,0.0,0.0,0.0,0.0,0.0
t675,0.0,0.0,0.0,0.0,0.0,0.0,0.0,0.0,0.0,0.0,0.0,0.0,0.0,0.0,0.0,0.0,0.0,0.0
t676,0.0,0.0,0.0,0.0,0.0,0.0,0.0,0.0,0.0,0.0,0.0,0.0,0.0,0.0,0.0,0.0,0.0,0.0
t677,0.0,0.0,0.0,0.0,0.0,0.0,0.0,0.0,0.0,0.0,0.0,0.0,0.0,0.0,0.0,0.0,0.0,0.0
t678,0.0,0.0,0.0,0.0,0.0,0.0,0.0,0.0,0.0,0.0,0.0,0.0,0.0,0.0,0.0,0.0,0.0,0.0
t679,0.0,0.0,0.0,0.0,0.0,0.0,0.0,0.0,0.0,0.0,0.0,0.0,0.0,0.0,0.0,0.0,0.0,0.0
t680,0.0,0.0,0.0,0.0,0.0,1270.0991509769867,497.3544787999999,0.0,0.0,0.0,0.0,0.0,0.0,0.0,0.0,0.0,0.0,1767.4536297769866
t681,1220.0,120.0,0.0,0.0,0.0,1556.0101589192548,713.7947674400002,1950.0,0.0,0.0,0.0,0.0,0.0,0.0,0.0,0.0,0.0,5559.804926359255
t682,723.5906726599999,0.0,0.0,0.0,0.0,3415.5085643284215,1390.48690969,1950.0,0.0,0.0,0.0,0.0,0.0,0.0,0.0,0.0,0.0,7479.586146678422
t683,1003.5221476599996,0.0,0.0,0.0,0.0,4377.941378792304,1132.9665106399998,0.0,0.0,0.0,0.0,0.0,0.0,0.0,0.0,0.0,0.0,6514.430037092304
t684,797.3895520199999,0.0,0.0,0.0,0.0,1392.751702153708,999.7510145200001,1950.0,0.0,0.0,0.0,0.0,0.0,0.0,0.0,0.0,0.0,5139.8922686937085
t685,214.52485937999964,0.0,0.0,0.0,0.0,1967.785674724726,1021.6378339099996,0.0,0.0,0.0,0.0,0.0,0.0,0.0,0.0,0.0,0.0,3203.9483680147255
t686,1184.9460449171913,120.0,0.0,0.0,0.0,0.0,354.56229830040434,0.0,0.0,0.0,0.0,0.0,0.0,0.0,0.0,0.0,0.0,1659.5083432175957
t687,0.0,0.0,0.0,0.0,0.0,0.0,0.0,0.0,0.0,0.0,0.0,0.0,0.0,0.0,0.0,0.0,0.0,0.0
t688,0.0,0.0,0.0,0.0,0.0,0.0,0.0,0.0,0.0,0.0,0.0,0.0,0.0,0.0,0.0,0.0,0.0,0.0
t689,0.0,0.0,0.0,0.0,0.0,0.0,0.0,0.0,0.0,0.0,0.0,0.0,0.0,0.0,0.0,0.0,0.0,0.0
t690,0.0,0.0,0.0,0.0,0.0,0.0,0.0,0.0,0.0,0.0,0.0,0.0,0.0,0.0,0.0,0.0,0.0,0.0
t691,0.0,0.0,0.0,0.0,0.0,0.0,0.0,0.0,0.0,0.0,0.0,0.0,0.0,0.0,0.0,0.0,0.0,0.0
t692,0.0,0.0,0.0,0.0,0.0,0.0,0.0,0.0,0.0,0.0,0.0,0.0,0.0,0.0,0.0,0.0,0.0,0.0
t693,0.0,0.0,0.0,0.0,0.0,0.0,0.0,0.0,0.0,0.0,0.0,0.0,0.0,0.0,0.0,0.0,0.0,0.0
t694,0.0,0.0,0.0,0.0,0.0,0.0,0.0,0.0,0.0,0.0,0.0,0.0,0.0,0.0,0.0,0.0,0.0,0.0
t695,0.0,0.0,0.0,0.0,0.0,0.0,0.0,0.0,0.0,0.0,0.0,0.0,0.0,0.0,0.0,0.0,0.0,0.0
t696,0.0,0.0,0.0,0.0,0.0,0.0,0.0,0.0,0.0,0.0,0.0,0.0,0.0,0.0,0.0,0.0,0.0,0.0
t697,0.0,0.0,0.0,0.0,0.0,0.0,0.0,0.0,0.0,0.0,0.0,0.0,0.0,0.0,0.0,0.0,0.0,0.0
t698,0.0,0.0,0.0,0.0,0.0,0.0,0.0,0.0,0.0,0.0,0.0,0.0,0.0,0.0,0.0,0.0,0.0,0.0
t699,0.0,0.0,0.0,0.0,0.0,0.0,0.0,0.0,0.0,0.0,0.0,0.0,0.0,0.0,0.0,0.0,0.0,0.0
t700,0.0,0.0,0.0,0.0,0.0,0.0,0.0,0.0,0.0,0.0,0.0,0.0,0.0,0.0,0.0,0.0,0.0,0.0
t701,0.0,0.0,0.0,0.0,0.0,0.0,0.0,0.0,0.0,0.0,0.0,0.0,0.0,0.0,0.0,0.0,0.0,0.0
t702,0.0,0.0,0.0,0.0,0.0,0.0,0.0,0.0,0.0,0.0,0.0,0.0,0.0,0.0,0.0,0.0,0.0,0.0
t703,0.0,0.0,0.0,0.0,0.0,0.0,0.0,0.0,0.0,0.0,0.0,0.0,0.0,0.0,0.0,0.0,0.0,0.0
t704,0.0,0.0,0.0,0.0,0.0,0.0,0.0,0.0,0.0,0.0,0.0,0.0,0.0,0.0,0.0,0.0,0.0,0.0
t705,0.0,0.0,0.0,0.0,0.0,0.0,0.0,0.0,0.0,0.0,0.0,0.0,0.0,0.0,0.0,0.0,0.0,0.0
t706,0.0,0.0,0.0,0.0,0.0,0.0,0.0,0.0,0.0,0.0,0.0,0.0,0.0,0.0,0.0,0.0,0.0,0.0
t707,0.0,0.0,0.0,0.0,0.0,0.0,0.0,0.0,0.0,0.0,0.0,0.0,0.0,0.0,0.0,0.0,0.0,0.0
t708,0.0,0.0,0.0,0.0,0.0,0.0,0.0,0.0,0.0,0.0,0.0,0.0,0.0,0.0,0.0,0.0,0.0,0.0
t709,0.0,0.0,0.0,0.0,0.0,0.0,282.4441943329026,0.0,0.0,0.0,0.0,0.0,0.0,0.0,0.0,0.0,0.0,282.4441943329026
t710,0.0,0.0,0.0,0.0,0.0,0.0,0.0,0.0,0.0,0.0,0.0,0.0,0.0,0.0,0.0,0.0,0.0,0.0
t711,0.0,0.0,0.0,0.0,0.0,0.0,0.0,0.0,0.0,0.0,0.0,0.0,0.0,0.0,0.0,0.0,0.0,0.0
t712,0.0,0.0,0.0,0.0,0.0,0.0,0.0,0.0,0.0,0.0,0.0,0.0,0.0,0.0,0.0,0.0,0.0,0.0
t713,0.0,0.0,0.0,0.0,0.0,0.0,0.0,0.0,0.0,0.0,0.0,0.0,0.0,0.0,0.0,0.0,0.0,0.0
t714,0.0,0.0,0.0,0.0,0.0,0.0,0.0,0.0,0.0,0.0,0.0,0.0,0.0,0.0,0.0,0.0,0.0,0.0
t715,0.0,0.0,0.0,0.0,0.0,0.0,0.0,0.0,0.0,0.0,0.0,0.0,0.0,0.0,0.0,0.0,0.0,0.0
t716,0.0,0.0,0.0,0.0,0.0,0.0,0.0,0.0,0.0,0.0,0.0,0.0,0.0,0.0,0.0,0.0,0.0,0.0
t717,0.0,0.0,0.0,0.0,0.0,0.0,0.0,0.0,0.0,0.0,0.0,0.0,0.0,0.0,0.0,0.0,0.0,0.0
t718,0.0,0.0,0.0,0.0,0.0,0.0,0.0,0.0,0.0,0.0,0.0,0.0,0.0,0.0,0.0,0.0,0.0,0.0
t719,0.0,0.0,0.0,0.0,0.0,0.0,0.0,0.0,0.0,0.0,0.0,0.0,0.0,0.0,0.0,0.0,0.0,0.0
t720,0.0,0.0,0.0,0.0,0.0,0.0,0.0,0.0,0.0,0.0,0.0,0.0,0.0,0.0,0.0,0.0,0.0,0.0
t721,0.0,0.0,0.0,0.0,0.0,0.0,0.0,0.0,0.0,0.0,0.0,0.0,0.0,0.0,0.0,0.0,0.0,0.0
t722,0.0,0.0,0.0,0.0,0.0,0.0,0.0,0.0,0.0,0.0,0.0,0.0,0.0,0.0,0.0,0.0,0.0,0.0
t723,0.0,0.0,0.0,0.0,0.0,0.0,0.0,0.0,0.0,0.0,0.0,0.0,0.0,0.0,0.0,0.0,0.0,0.0
t724,0.0,0.0,0.0,0.0,0.0,0.0,0.0,0.0,0.0,0.0,0.0,0.0,0.0,0.0,0.0,0.0,0.0,0.0
t725,0.0,0.0,0.0,0.0,0.0,0.0,0.0,0.0,0.0,0.0,0.0,0.0,0.0,0.0,0.0,0.0,0.0,0.0
t726,0.0,0.0,0.0,0.0,0.0,0.0,0.0,0.0,0.0,0.0,0.0,0.0,0.0,0.0,0.0,0.0,0.0,0.0
t727,0.0,0.0,0.0,0.0,0.0,0.0,0.0,0.0,0.0,0.0,0.0,0.0,0.0,0.0,0.0,0.0,0.0,0.0
t728,0.0,0.0,0.0,0.0,0.0,0.0,0.0,0.0,0.0,0.0,0.0,0.0,0.0,0.0,0.0,0.0,0.0,0.0
t729,0.0,0.0,0.0,0.0,0.0,0.0,0.0,0.0,0.0,0.0,0.0,0.0,0.0,0.0,0.0,0.0,0.0,0.0
t730,875.9854887661949,0.0,0.0,0.0,0.0,0.0,722.7188372912564,0.0,0.0,0.0,0.0,0.0,0.0,0.0,0.0,0.0,0.0,1598.7043260574512
t731,1220.0,120.0,0.0,0.0,0.0,70.83741525956813,1211.3119084900004,0.0,0.0,0.0,0.0,0.0,0.0,0.0,0.0,0.0,0.0,2622.149323749569
t732,1220.0,120.0,0.0,0.0,0.0,3377.1105696542754,1590.0,0.0,0.0,0.0,0.0,0.0,0.0,0.0,0.0,0.0,0.0,6307.110569654275
t733,1220.0,0.0,0.0,0.0,0.0,444.5011376204993,1590.0,1950.0,0.0,0.0,0.0,0.0,0.0,0.0,0.0,0.0,0.0,5204.501137620499
t734,251.94670708747395,0.0,0.0,0.0,0.0,0.0,1590.0,0.0,0.0,0.0,0.0,0.0,0.0,0.0,0.0,0.0,0.0,1841.946707087474
t735,0.0,0.0,0.0,0.0,0.0,0.0,0.0,0.0,0.0,0.0,0.0,0.0,0.0,0.0,0.0,0.0,0.0,0.0
t736,0.0,0.0,0.0,0.0,0.0,0.0,0.0,0.0,0.0,0.0,0.0,0.0,0.0,0.0,0.0,0.0,0.0,0.0
t737,0.0,0.0,0.0,0.0,0.0,0.0,0.0,0.0,0.0,0.0,0.0,0.0,0.0,0.0,0.0,0.0,0.0,0.0
t738,0.0,0.0,0.0,0.0,0.0,0.0,0.0,0.0,0.0,0.0,0.0,0.0,0.0,0.0,0.0,0.0,0.0,0.0
t739,0.0,0.0,0.0,0.0,0.0,0.0,0.0,0.0,0.0,0.0,0.0,0.0,0.0,0.0,0.0,0.0,0.0,0.0
t740,0.0,0.0,0.0,0.0,0.0,0.0,0.0,0.0,0.0,0.0,0.0,0.0,0.0,0.0,0.0,0.0,0.0,0.0
t741,0.0,0.0,0.0,0.0,0.0,0.0,0.0,0.0,0.0,0.0,0.0,0.0,0.0,0.0,0.0,0.0,0.0,0.0
t742,0.0,0.0,0.0,0.0,0.0,0.0,0.0,0.0,0.0,0.0,0.0,0.0,0.0,0.0,0.0,0.0,0.0,0.0
t743,0.0,0.0,0.0,0.0,0.0,0.0,0.0,0.0,0.0,0.0,0.0,0.0,0.0,0.0,0.0,0.0,0.0,0.0
t744,0.0,0.0,0.0,0.0,0.0,0.0,0.0,0.0,0.0,0.0,0.0,0.0,0.0,0.0,0.0,0.0,0.0,0.0
t745,0.0,0.0,0.0,0.0,0.0,0.0,0.0,0.0,0.0,0.0,0.0,0.0,0.0,0.0,0.0,0.0,0.0,0.0
t746,0.0,0.0,0.0,0.0,0.0,0.0,0.0,0.0,0.0,0.0,0.0,0.0,0.0,0.0,0.0,0.0,0.0,0.0
t747,0.0,0.0,0.0,0.0,0.0,0.0,0.0,0.0,0.0,0.0,0.0,0.0,0.0,0.0,0.0,0.0,0.0,0.0
t748,0.0,0.0,0.0,0.0,0.0,0.0,0.0,0.0,0.0,0.0,0.0,0.0,0.0,0.0,0.0,0.0,0.0,0.0
t749,0.0,0.0,0.0,0.0,0.0,0.0,0.0,0.0,0.0,0.0,0.0,0.0,0.0,0.0,0.0,0.0,0.0,0.0
t750,0.0,0.0,0.0,0.0,0.0,0.0,0.0,0.0,0.0,0.0,0.0,0.0,0.0,0.0,0.0,0.0,0.0,0.0
t751,0.0,0.0,0.0,0.0,0.0,0.0,0.0,0.0,0.0,0.0,0.0,0.0,0.0,0.0,0.0,0.0,0.0,0.0
t752,0.0,120.0,0.0,0.0,0.0,637.27194332734,963.1904175797658,0.0,0.0,0.0,0.0,0.0,0.0,0.0,0.0,0.0,0.0,1720.462360907106
t753,1220.0,120.0,0.0,0.0,0.0,3195.6111327992635,617.6584183900003,1950.0,0.0,0.0,0.0,0.0,0.0,0.0,0.0,0.0,0.0,7103.269551189264
t754,1220.0,120.0,0.0,0.0,0.0,3601.715856755398,846.3812418800001,1950.0,0.0,0.0,0.0,0.0,0.0,0.0,0.0,0.0,0.0,7738.097098635398
t755,0.0,0.0,0.0,0.0,0.0,7711.603737042423,1011.7696420107152,0.0,0.0,0.0,0.0,0.0,0.0,0.0,0.0,0.0,0.0,8723.373379053139
t756,0.0,0.0,0.0,0.0,0.0,6126.74767241554,1060.14124558,1950.0,0.0,0.0,0.0,0.0,0.0,0.0,0.0,0.0,0.0,9136.88891799554
t757,1220.0,0.0,0.0,0.0,0.0,8428.079284249967,990.4949483207761,0.0,0.0,0.0,0.0,0.0,0.0,0.0,0.0,0.0,0.0,10638.574232570743
t758,263.9732766371902,25.964584587264614,0.0,0.0,0.0,5944.589592016274,776.0764089400001,421.9244995430499,0.0,0.0,0.0,0.0,0.0,0.0,0.0,0.0,0.0,7432.528361723778
t759,1220.0,120.0,0.0,0.0,0.0,825.9945870591196,438.31842307999966,1950.0,0.0,0.0,0.0,0.0,0.0,0.0,0.0,0.0,0.0,4554.31301013912
t760,0.0,0.0,0.0,0.0,0.0,0.0,0.0,0.0,0.0,0.0,0.0,0.0,0.0,0.0,0.0,0.0,0.0,0.0
t761,0.0,0.0,0.0,0.0,0.0,0.0,0.0,0.0,0.0,0.0,0.0,0.0,0.0,0.0,0.0,0.0,0.0,0.0
t762,0.0,0.0,0.0,0.0,0.0,0.0,0.0,0.0,0.0,0.0,0.0,0.0,0.0,0.0,0.0,0.0,0.0,0.0
t763,0.0,0.0,0.0,0.0,0.0,0.0,0.0,0.0,0.0,0.0,0.0,0.0,0.0,0.0,0.0,0.0,0.0,0.0
t764,0.0,0.0,0.0,0.0,0.0,0.0,0.0,0.0,0.0,0.0,0.0,0.0,0.0,0.0,0.0,0.0,0.0,0.0
t765,0.0,0.0,0.0,0.0,0.0,0.0,0.0,0.0,0.0,0.0,0.0,0.0,0.0,0.0,0.0,0.0,0.0,0.0
t766,0.0,0.0,0.0,0.0,0.0,0.0,0.0,0.0,0.0,0.0,0.0,0.0,0.0,0.0,0.0,0.0,0.0,0.0
t767,0.0,0.0,0.0,0.0,0.0,0.0,0.0,0.0,0.0,0.0,0.0,0.0,0.0,0.0,0.0,0.0,0.0,0.0
t768,0.0,0.0,0.0,0.0,0.0,0.0,0.0,0.0,0.0,0.0,0.0,0.0,0.0,0.0,0.0,0.0,0.0,0.0
t769,0.0,0.0,0.0,0.0,0.0,0.0,0.0,0.0,0.0,0.0,0.0,0.0,0.0,0.0,0.0,0.0,0.0,0.0
t770,0.0,0.0,0.0,0.0,0.0,0.0,0.0,0.0,0.0,0.0,0.0,0.0,0.0,0.0,0.0,0.0,0.0,0.0
t771,0.0,0.0,0.0,0.0,0.0,0.0,0.0,0.0,0.0,0.0,0.0,0.0,0.0,0.0,0.0,0.0,0.0,0.0
t772,0.0,0.0,0.0,0.0,0.0,0.0,0.0,0.0,0.0,0.0,0.0,0.0,0.0,0.0,0.0,0.0,0.0,0.0
t773,0.0,0.0,0.0,0.0,0.0,0.0,0.0,0.0,0.0,0.0,0.0,0.0,0.0,0.0,0.0,0.0,0.0,0.0
t774,0.0,0.0,0.0,0.0,0.0,0.0,0.0,0.0,0.0,0.0,0.0,0.0,0.0,0.0,0.0,0.0,0.0,0.0
t775,0.0,0.0,0.0,0.0,0.0,0.0,0.0,0.0,0.0,0.0,0.0,0.0,0.0,0.0,0.0,0.0,0.0,0.0
t776,0.0,0.0,0.0,0.0,0.0,0.0,0.0,0.0,0.0,0.0,0.0,0.0,0.0,0.0,0.0,0.0,0.0,0.0
t777,1220.0,120.0,0.0,0.0,0.0,1091.361712427275,890.9036897887937,1950.0,0.0,0.0,0.0,0.0,0.0,0.0,0.0,0.0,0.0,5272.265402216069
t778,412.80581153999987,0.0,0.0,0.0,0.0,6752.024484307142,751.9748222600002,0.0,0.0,0.0,0.0,0.0,0.0,0.0,0.0,0.0,0.0,7916.805118107142
t779,0.0,0.0,0.0,0.0,0.0,6966.077082517694,1139.2179519324634,0.0,0.0,0.0,0.0,0.0,0.0,0.0,0.0,0.0,0.0,8105.295034450158
t780,1220.0,120.0,0.0,0.0,0.0,3834.689485330231,1058.15462739,1950.0,0.0,0.0,0.0,0.0,0.0,0.0,0.0,0.0,0.0,8182.844112720231
t781,847.9650302371894,0.0,0.0,0.0,0.0,5514.1299610037695,1590.0,1950.0,0.0,0.0,0.0,0.0,0.0,0.0,0.0,0.0,0.0,9902.09499124096
t782,223.20243486000066,0.0,0.0,0.0,0.0,6112.288916794272,829.8523415599997,1950.0,0.0,0.0,0.0,0.0,0.0,0.0,0.0,0.0,0.0,9115.343693214272
t783,1220.0,120.0,0.0,0.0,0.0,2893.1376925524364,443.92731284999985,0.0,0.0,0.0,0.0,0.0,0.0,0.0,0.0,0.0,0.0,4677.065005402436
t784,0.0,0.0,0.0,0.0,0.0,0.0,0.0,0.0,0.0,0.0,0.0,0.0,0.0,0.0,0.0,0.0,0.0,0.0
t785,0.0,0.0,0.0,0.0,0.0,0.0,0.0,0.0,0.0,0.0,0.0,0.0,0.0,0.0,0.0,0.0,0.0,0.0
t786,0.0,0.0,0.0,0.0,0.0,0.0,0.0,0.0,0.0,0.0,0.0,0.0,0.0,0.0,0.0,0.0,0.0,0.0
t787,0.0,0.0,0.0,0.0,0.0,0.0,0.0,0.0,0.0,0.0,0.0,0.0,0.0,0.0,0.0,0.0,0.0,0.0
t788,0.0,0.0,0.0,0.0,0.0,0.0,0.0,0.0,0.0,0.0,0.0,0.0,0.0,0.0,0.0,0.0,0.0,0.0
t789,0.0,0.0,0.0,0.0,0.0,0.0,0.0,0.0,0.0,0.0,0.0,0.0,0.0,0.0,0.0,0.0,0.0,0.0
t790,0.0,0.0,0.0,0.0,0.0,0.0,0.0,0.0,0.0,0.0,0.0,0.0,0.0,0.0,0.0,0.0,0.0,0.0
t791,0.0,0.0,0.0,0.0,0.0,0.0,0.0,0.0,0.0,0.0,0.0,0.0,0.0,0.0,0.0,0.0,0.0,0.0
t792,0.0,0.0,0.0,0.0,0.0,0.0,0.0,0.0,0.0,0.0,0.0,0.0,0.0,0.0,0.0,0.0,0.0,0.0
t793,0.0,0.0,0.0,0.0,0.0,0.0,0.0,0.0,0.0,0.0,0.0,0.0,0.0,0.0,0.0,0.0,0.0,0.0
t794,0.0,0.0,0.0,0.0,0.0,0.0,0.0,0.0,0.0,0.0,0.0,0.0,0.0,0.0,0.0,0.0,0.0,0.0
t795,0.0,0.0,0.0,0.0,0.0,0.0,0.0,0.0,0.0,0.0,0.0,0.0,0.0,0.0,0.0,0.0,0.0,0.0
t796,0.0,0.0,0.0,0.0,0.0,0.0,0.0,0.0,0.0,0.0,0.0,0.0,0.0,0.0,0.0,0.0,0.0,0.0
t797,0.0,0.0,0.0,0.0,0.0,0.0,0.0,0.0,0.0,0.0,0.0,0.0,0.0,0.0,0.0,0.0,0.0,0.0
t798,0.0,0.0,0.0,0.0,0.0,0.0,0.0,0.0,0.0,0.0,0.0,0.0,0.0,0.0,0.0,0.0,0.0,0.0
t799,0.0,0.0,0.0,0.0,0.0,0.0,0.0,0.0,0.0,0.0,0.0,0.0,0.0,0.0,0.0,0.0,0.0,0.0
t800,168.9114281371901,120.0,295.44238119999966,0.0,0.0,1456.7568956322498,291.87751729125495,0.0,0.0,0.0,0.0,0.0,0.0,0.0,0.0,0.0,0.0,2332.988222260695
t801,1220.0,0.0,905.3863174000002,0.0,0.0,4387.624505084792,257.5324048200003,1594.8585083730493,0.0,0.0,0.0,0.0,0.0,0.0,0.0,0.0,0.0,8365.40173567784
t802,0.0,120.0,1103.4478046899997,0.0,0.0,4828.1305380649255,1109.2181483300003,0.0,0.0,0.0,0.0,0.0,0.0,0.0,0.0,0.0,0.0,7160.796491084925
t803,1220.0,0.0,1137.5296642700002,0.0,0.0,5734.083348484917,860.9800796100002,1950.0,0.0,0.0,0.0,0.0,0.0,0.0,0.0,0.0,0.0,10902.593092364918
t804,156.78738205999994,120.0,1178.7478571800002,0.0,0.0,5540.710494664423,1002.18323313,1950.0,0.0,0.0,0.0,0.0,0.0,0.0,0.0,0.0,0.0,9948.428967034422
t805,0.0,25.964584587264614,1201.55390218,0.0,0.0,5238.108366770398,1388.2389731600001,1950.0,0.0,0.0,0.0,0.0,0.0,0.0,0.0,0.0,0.0,9803.865826697662
t806,1220.0,0.0,809.5799032999998,0.0,0.0,6800.459413822884,837.6831042700002,777.0659911700009,0.0,0.0,0.0,0.0,0.0,0.0,0.0,0.0,0.0,10444.788412562884
t807,1158.2744664400002,120.0,0.0,0.0,0.0,2485.7402431407377,901.7038931200001,0.0,0.0,0.0,0.0,0.0,0.0,0.0,0.0,0.0,0.0,4665.718602700738
t808,0.0,0.0,198.834061708073,0.0,0.0,0.0,54.613392050000044,0.0,0.0,0.0,0.0,0.0,0.0,0.0,0.0,0.0,0.0,253.44745375807304
t809,0.0,0.0,0.0,0.0,0.0,0.0,0.0,0.0,0.0,0.0,0.0,0.0,0.0,0.0,0.0,0.0,0.0,0.0
t810,0.0,0.0,0.0,0.0,0.0,0.0,0.0,0.0,0.0,0.0,0.0,0.0,0.0,0.0,0.0,0.0,0.0,0.0
t811,0.0,0.0,0.0,0.0,0.0,0.0,0.0,0.0,0.0,0.0,0.0,0.0,0.0,0.0,0.0,0.0,0.0,0.0
t812,0.0,0.0,0.0,0.0,0.0,0.0,0.0,0.0,0.0,0.0,0.0,0.0,0.0,0.0,0.0,0.0,0.0,0.0
t813,0.0,0.0,0.0,0.0,0.0,0.0,0.0,0.0,0.0,0.0,0.0,0.0,0.0,0.0,0.0,0.0,0.0,0.0
t814,0.0,0.0,0.0,0.0,0.0,0.0,0.0,0.0,0.0,0.0,0.0,0.0,0.0,0.0,0.0,0.0,0.0,0.0
t815,0.0,0.0,0.0,0.0,0.0,0.0,0.0,0.0,0.0,0.0,0.0,0.0,0.0,0.0,0.0,0.0,0.0,0.0
t816,0.0,0.0,0.0,0.0,0.0,0.0,0.0,0.0,0.0,0.0,0.0,0.0,0.0,0.0,0.0,0.0,0.0,0.0
t817,0.0,0.0,0.0,0.0,0.0,0.0,0.0,0.0,0.0,0.0,0.0,0.0,0.0,0.0,0.0,0.0,0.0,0.0
t818,0.0,0.0,0.0,0.0,0.0,0.0,0.0,0.0,0.0,0.0,0.0,0.0,0.0,0.0,0.0,0.0,0.0,0.0
t819,0.0,0.0,0.0,0.0,0.0,0.0,0.0,0.0,0.0,0.0,0.0,0.0,0.0,0.0,0.0,0.0,0.0,0.0
t820,0.0,0.0,0.0,0.0,0.0,0.0,0.0,0.0,0.0,0.0,0.0,0.0,0.0,0.0,0.0,0.0,0.0,0.0
t821,0.0,0.0,0.0,0.0,0.0,0.0,0.0,0.0,0.0,0.0,0.0,0.0,0.0,0.0,0.0,0.0,0.0,0.0
t822,0.0,0.0,0.0,0.0,0.0,0.0,0.0,0.0,0.0,0.0,0.0,0.0,0.0,0.0,0.0,0.0,0.0,0.0
t823,0.0,0.0,0.0,0.0,0.0,0.0,0.0,0.0,0.0,0.0,0.0,0.0,0.0,0.0,0.0,0.0,0.0,0.0
t824,14.696899986230859,0.0,318.38815337999984,0.0,0.0,0.0,198.67823625125592,0.0,0.0,0.0,0.0,0.0,0.0,0.0,0.0,0.0,0.0,531.7632896174866
t825,656.3781804709595,120.0,958.9339820700002,0.0,0.0,4241.002533600621,613.0364761300002,421.92449954305056,0.0,0.0,0.0,0.0,0.0,0.0,0.0,0.0,0.0,7011.275671814632
t826,0.0,120.0,1148.72131038,0.0,0.0,5045.971806737963,857.5654406600001,1950.0,0.0,0.0,0.0,0.0,0.0,0.0,0.0,0.0,0.0,9122.258557777963
t827,1220.0,0.0,1236.6934390899996,0.0,0.0,6779.887360984535,894.2264532300002,0.0,0.0,0.0,0.0,0.0,0.0,0.0,0.0,0.0,0.0,10130.807253304534
t828,1220.0,120.0,736.1566246980726,0.0,0.0,6114.200987774374,1175.77496104,1950.0,0.0,0.0,0.0,0.0,0.0,0.0,0.0,0.0,0.0,11316.132573512446
t829,0.0,0.0,1280.8700104000002,0.0,0.0,6645.561968229533,1364.60846971,1950.0,0.0,0.0,0.0,0.0,0.0,0.0,0.0,0.0,0.0,11241.040448339532
t830,1220.0,25.964584587264614,1150.7583719099998,0.0,0.0,4451.907349249017,1076.0324174600003,1950.0,0.0,0.0,0.0,0.0,0.0,0.0,0.0,0.0,0.0,9874.662723206282
t831,812.8981961799997,120.0,0.0,0.0,0.0,3193.081799089286,524.1082912999999,0.0,0.0,0.0,0.0,0.0,0.0,0.0,0.0,0.0,0.0,4650.088286569286
t832,0.0,0.0,0.0,0.0,0.0,0.0,0.0,0.0,0.0,0.0,0.0,0.0,0.0,0.0,0.0,0.0,0.0,0.0
t833,0.0,0.0,0.0,0.0,0.0,0.0,0.0,0.0,0.0,0.0,0.0,0.0,0.0,0.0,0.0,0.0,0.0,0.0
t834,0.0,0.0,0.0,0.0,0.0,0.0,0.0,0.0,0.0,0.0,0.0,0.0,0.0,0.0,0.0,0.0,0.0,0.0
t835,0.0,0.0,0.0,0.0,0.0,0.0,0.0,0.0,0.0,0.0,0.0,0.0,0.0,0.0,0.0,0.0,0.0,0.0
t836,0.0,0.0,0.0,0.0,0.0,0.0,0.0,0.0,0.0,0.0,0.0,0.0,0.0,0.0,0.0,0.0,0.0,0.0
t837,0.0,0.0,0.0,0.0,0.0,0.0,0.0,0.0,0.0,0.0,0.0,0.0,0.0,0.0,0.0,0.0,0.0,0.0
t838,0.0,0.0,0.0,0.0,0.0,0.0,0.0,0.0,0.0,0.0,0.0,0.0,0.0,0.0,0.0,0.0,0.0,0.0
t839,0.0,0.0,0.0,0.0,0.0,0.0,0.0,0.0,0.0,0.0,0.0,0.0,0.0,0.0,0.0,0.0,0.0,0.0
t840,0.0,0.0,0.0,0.0,0.0,0.0,0.0,0.0,0.0,0.0,0.0,0.0,0.0,0.0,0.0,0.0,0.0,0.0
t841,0.0,0.0,0.0,0.0,0.0,0.0,0.0,0.0,0.0,0.0,0.0,0.0,0.0,0.0,0.0,0.0,0.0,0.0
t842,0.0,0.0,0.0,0.0,0.0,0.0,0.0,0.0,0.0,0.0,0.0,0.0,0.0,0.0,0.0,0.0,0.0,0.0
t843,0.0,0.0,0.0,0.0,0.0,0.0,0.0,0.0,0.0,0.0,0.0,0.0,0.0,0.0,0.0,0.0,0.0,0.0
t844,0.0,0.0,0.0,0.0,0.0,0.0,0.0,0.0,0.0,0.0,0.0,0.0,0.0,0.0,0.0,0.0,0.0,0.0
t845,0.0,0.0,0.0,0.0,0.0,0.0,0.0,0.0,0.0,0.0,0.0,0.0,0.0,0.0,0.0,0.0,0.0,0.0
t846,0.0,0.0,0.0,0.0,0.0,0.0,0.0,0.0,0.0,0.0,0.0,0.0,0.0,0.0,0.0,0.0,0.0,0.0
t847,0.0,0.0,0.0,0.0,0.0,0.0,0.0,0.0,0.0,0.0,0.0,0.0,0.0,0.0,0.0,0.0,0.0,0.0
t848,0.0,0.0,0.0,0.0,0.0,1270.0991509769867,497.3544787999999,0.0,0.0,0.0,0.0,0.0,0.0,0.0,0.0,0.0,0.0,1767.4536297769866
t849,1220.0,120.0,0.0,0.0,0.0,1556.0101589192548,713.7947674400002,1950.0,0.0,0.0,0.0,0.0,0.0,0.0,0.0,0.0,0.0,5559.804926359255
t850,723.5906726599999,0.0,0.0,0.0,0.0,3415.5085643284215,1390.48690969,1950.0,0.0,0.0,0.0,0.0,0.0,0.0,0.0,0.0,0.0,7479.586146678422
t851,1003.5221476599996,0.0,0.0,0.0,0.0,4377.941378792304,1132.9665106399998,0.0,0.0,0.0,0.0,0.0,0.0,0.0,0.0,0.0,0.0,6514.430037092304
t852,797.3895520199999,0.0,0.0,0.0,0.0,1392.751702153708,999.7510145200001,1950.0,0.0,0.0,0.0,0.0,0.0,0.0,0.0,0.0,0.0,5139.8922686937085
t853,214.52485937999964,0.0,0.0,0.0,0.0,1967.785674724726,1021.6378339099996,0.0,0.0,0.0,0.0,0.0,0.0,0.0,0.0,0.0,0.0,3203.9483680147255
t854,1184.9460449171913,120.0,0.0,0.0,0.0,0.0,354.56229830040434,0.0,0.0,0.0,0.0,0.0,0.0,0.0,0.0,0.0,0.0,1659.5083432175957
t855,0.0,0.0,0.0,0.0,0.0,0.0,0.0,0.0,0.0,0.0,0.0,0.0,0.0,0.0,0.0,0.0,0.0,0.0
t856,0.0,0.0,0.0,0.0,0.0,0.0,0.0,0.0,0.0,0.0,0.0,0.0,0.0,0.0,0.0,0.0,0.0,0.0
t857,0.0,0.0,0.0,0.0,0.0,0.0,0.0,0.0,0.0,0.0,0.0,0.0,0.0,0.0,0.0,0.0,0.0,0.0
t858,0.0,0.0,0.0,0.0,0.0,0.0,0.0,0.0,0.0,0.0,0.0,0.0,0.0,0.0,0.0,0.0,0.0,0.0
t859,0.0,0.0,0.0,0.0,0.0,0.0,0.0,0.0,0.0,0.0,0.0,0.0,0.0,0.0,0.0,0.0,0.0,0.0
t860,0.0,0.0,0.0,0.0,0.0,0.0,0.0,0.0,0.0,0.0,0.0,0.0,0.0,0.0,0.0,0.0,0.0,0.0
t861,0.0,0.0,0.0,0.0,0.0,0.0,0.0,0.0,0.0,0.0,0.0,0.0,0.0,0.0,0.0,0.0,0.0,0.0
t862,0.0,0.0,0.0,0.0,0.0,0.0,0.0,0.0,0.0,0.0,0.0,0.0,0.0,0.0,0.0,0.0,0.0,0.0
t863,0.0,0.0,0.0,0.0,0.0,0.0,0.0,0.0,0.0,0.0,0.0,0.0,0.0,0.0,0.0,0.0,0.0,0.0
t864,0.0,0.0,0.0,0.0,0.0,0.0,0.0,0.0,0.0,0.0,0.0,0.0,0.0,0.0,0.0,0.0,0.0,0.0
t865,0.0,0.0,0.0,0.0,0.0,0.0,0.0,0.0,0.0,0.0,0.0,0.0,0.0,0.0,0.0,0.0,0.0,0.0
t866,0.0,0.0,0.0,0.0,0.0,0.0,0.0,0.0,0.0,0.0,0.0,0.0,0.0,0.0,0.0,0.0,0.0,0.0
t867,0.0,0.0,0.0,0.0,0.0,0.0,0.0,0.0,0.0,0.0,0.0,0.0,0.0,0.0,0.0,0.0,0.0,0.0
t868,0.0,0.0,0.0,0.0,0.0,0.0,0.0,0.0,0.0,0.0,0.0,0.0,0.0,0.0,0.0,0.0,0.0,0.0
t869,0.0,0.0,0.0,0.0,0.0,0.0,0.0,0.0,0.0,0.0,0.0,0.0,0.0,0.0,0.0,0.0,0.0,0.0
t870,0.0,0.0,0.0,0.0,0.0,0.0,0.0,0.0,0.0,0.0,0.0,0.0,0.0,0.0,0.0,0.0,0.0,0.0
t871,0.0,0.0,0.0,0.0,0.0,0.0,0.0,0.0,0.0,0.0,0.0,0.0,0.0,0.0,0.0,0.0,0.0,0.0
t872,0.0,0.0,0.0,0.0,0.0,0.0,0.0,0.0,0.0,0.0,0.0,0.0,0.0,0.0,0.0,0.0,0.0,0.0
t873,0.0,0.0,0.0,0.0,0.0,0.0,0.0,0.0,0.0,0.0,0.0,0.0,0.0,0.0,0.0,0.0,0.0,0.0
t874,0.0,0.0,0.0,0.0,0.0,0.0,0.0,0.0,0.0,0.0,0.0,0.0,0.0,0.0,0.0,0.0,0.0,0.0
t875,0.0,0.0,0.0,0.0,0.0,0.0,0.0,0.0,0.0,0.0,0.0,0.0,0.0,0.0,0.0,0.0,0.0,0.0
t876,0.0,0.0,0.0,0.0,0.0,0.0,0.0,0.0,0.0,0.0,0.0,0.0,0.0,0.0,0.0,0.0,0.0,0.0
t877,0.0,0.0,0.0,0.0,0.0,0.0,282.4441943329026,0.0,0.0,0.0,0.0,0.0,0.0,0.0,0.0,0.0,0.0,282.4441943329026
t878,0.0,0.0,0.0,0.0,0.0,0.0,0.0,0.0,0.0,0.0,0.0,0.0,0.0,0.0,0.0,0.0,0.0,0.0
t879,0.0,0.0,0.0,0.0,0.0,0.0,0.0,0.0,0.0,0.0,0.0,0.0,0.0,0.0,0.0,0.0,0.0,0.0
t880,0.0,0.0,0.0,0.0,0.0,0.0,0.0,0.0,0.0,0.0,0.0,0.0,0.0,0.0,0.0,0.0,0.0,0.0
t881,0.0,0.0,0.0,0.0,0.0,0.0,0.0,0.0,0.0,0.0,0.0,0.0,0.0,0.0,0.0,0.0,0.0,0.0
t882,0.0,0.0,0.0,0.0,0.0,0.0,0.0,0.0,0.0,0.0,0.0,0.0,0.0,0.0,0.0,0.0,0.0,0.0
t883,0.0,0.0,0.0,0.0,0.0,0.0,0.0,0.0,0.0,0.0,0.0,0.0,0.0,0.0,0.0,0.0,0.0,0.0
t884,0.0,0.0,0.0,0.0,0.0,0.0,0.0,0.0,0.0,0.0,0.0,0.0,0.0,0.0,0.0,0.0,0.0,0.0
t885,0.0,0.0,0.0,0.0,0.0,0.0,0.0,0.0,0.0,0.0,0.0,0.0,0.0,0.0,0.0,0.0,0.0,0.0
t886,0.0,0.0,0.0,0.0,0.0,0.0,0.0,0.0,0.0,0.0,0.0,0.0,0.0,0.0,0.0,0.0,0.0,0.0
t887,0.0,0.0,0.0,0.0,0.0,0.0,0.0,0.0,0.0,0.0,0.0,0.0,0.0,0.0,0.0,0.0,0.0,0.0
t888,0.0,0.0,0.0,0.0,0.0,0.0,0.0,0.0,0.0,0.0,0.0,0.0,0.0,0.0,0.0,0.0,0.0,0.0
t889,0.0,0.0,0.0,0.0,0.0,0.0,0.0,0.0,0.0,0.0,0.0,0.0,0.0,0.0,0.0,0.0,0.0,0.0
t890,0.0,0.0,0.0,0.0,0.0,0.0,0.0,0.0,0.0,0.0,0.0,0.0,0.0,0.0,0.0,0.0,0.0,0.0
t891,0.0,0.0,0.0,0.0,0.0,0.0,0.0,0.0,0.0,0.0,0.0,0.0,0.0,0.0,0.0,0.0,0.0,0.0
t892,0.0,0.0,0.0,0.0,0.0,0.0,0.0,0.0,0.0,0.0,0.0,0.0,0.0,0.0,0.0,0.0,0.0,0.0
t893,0.0,0.0,0.0,0.0,0.0,0.0,0.0,0.0,0.0,0.0,0.0,0.0,0.0,0.0,0.0,0.0,0.0,0.0
t894,0.0,0.0,0.0,0.0,0.0,0.0,0.0,0.0,0.0,0.0,0.0,0.0,0.0,0.0,0.0,0.0,0.0,0.0
t895,0.0,0.0,0.0,0.0,0.0,0.0,0.0,0.0,0.0,0.0,0.0,0.0,0.0,0.0,0.0,0.0,0.0,0.0
t896,0.0,0.0,0.0,0.0,0.0,0.0,0.0,0.0,0.0,0.0,0.0,0.0,0.0,0.0,0.0,0.0,0.0,0.0
t897,0.0,0.0,0.0,0.0,0.0,0.0,0.0,0.0,0.0,0.0,0.0,0.0,0.0,0.0,0.0,0.0,0.0,0.0
t898,875.9854887661949,0.0,0.0,0.0,0.0,0.0,722.7188372912564,0.0,0.0,0.0,0.0,0.0,0.0,0.0,0.0,0.0,0.0,1598.7043260574512
t899,1220.0,120.0,0.0,0.0,0.0,70.83741525956813,1211.3119084900004,0.0,0.0,0.0,0.0,0.0,0.0,0.0,0.0,0.0,0.0,2622.149323749569
t900,1220.0,120.0,0.0,0.0,0.0,3377.1105696542754,1590.0,0.0,0.0,0.0,0.0,0.0,0.0,0.0,0.0,0.0,0.0,6307.110569654275
t901,1220.0,0.0,0.0,0.0,0.0,444.5011376204993,1590.0,1950.0,0.0,0.0,0.0,0.0,0.0,0.0,0.0,0.0,0.0,5204.501137620499
t902,251.94670708747395,0.0,0.0,0.0,0.0,0.0,1590.0,0.0,0.0,0.0,0.0,0.0,0.0,0.0,0.0,0.0,0.0,1841.946707087474
t903,0.0,0.0,0.0,0.0,0.0,0.0,0.0,0.0,0.0,0.0,0.0,0.0,0.0,0.0,0.0,0.0,0.0,0.0
t904,0.0,0.0,0.0,0.0,0.0,0.0,0.0,0.0,0.0,0.0,0.0,0.0,0.0,0.0,0.0,0.0,0.0,0.0
t905,0.0,0.0,0.0,0.0,0.0,0.0,0.0,0.0,0.0,0.0,0.0,0.0,0.0,0.0,0.0,0.0,0.0,0.0
t906,0.0,0.0,0.0,0.0,0.0,0.0,0.0,0.0,0.0,0.0,0.0,0.0,0.0,0.0,0.0,0.0,0.0,0.0
t907,0.0,0.0,0.0,0.0,0.0,0.0,0.0,0.0,0.0,0.0,0.0,0.0,0.0,0.0,0.0,0.0,0.0,0.0
t908,0.0,0.0,0.0,0.0,0.0,0.0,0.0,0.0,0.0,0.0,0.0,0.0,0.0,0.0,0.0,0.0,0.0,0.0
t909,0.0,0.0,0.0,0.0,0.0,0.0,0.0,0.0,0.0,0.0,0.0,0.0,0.0,0.0,0.0,0.0,0.0,0.0
t910,0.0,0.0,0.0,0.0,0.0,0.0,0.0,0.0,0.0,0.0,0.0,0.0,0.0,0.0,0.0,0.0,0.0,0.0
t911,0.0,0.0,0.0,0.0,0.0,0.0,0.0,0.0,0.0,0.0,0.0,0.0,0.0,0.0,0.0,0.0,0.0,0.0
t912,0.0,0.0,0.0,0.0,0.0,0.0,0.0,0.0,0.0,0.0,0.0,0.0,0.0,0.0,0.0,0.0,0.0,0.0
t913,0.0,0.0,0.0,0.0,0.0,0.0,0.0,0.0,0.0,0.0,0.0,0.0,0.0,0.0,0.0,0.0,0.0,0.0
t914,0.0,0.0,0.0,0.0,0.0,0.0,0.0,0.0,0.0,0.0,0.0,0.0,0.0,0.0,0.0,0.0,0.0,0.0
t915,0.0,0.0,0.0,0.0,0.0,0.0,0.0,0.0,0.0,0.0,0.0,0.0,0.0,0.0,0.0,0.0,0.0,0.0
t916,0.0,0.0,0.0,0.0,0.0,0.0,0.0,0.0,0.0,0.0,0.0,0.0,0.0,0.0,0.0,0.0,0.0,0.0
t917,0.0,0.0,0.0,0.0,0.0,0.0,0.0,0.0,0.0,0.0,0.0,0.0,0.0,0.0,0.0,0.0,0.0,0.0
t918,0.0,0.0,0.0,0.0,0.0,0.0,0.0,0.0,0.0,0.0,0.0,0.0,0.0,0.0,0.0,0.0,0.0,0.0
t919,0.0,0.0,0.0,0.0,0.0,0.0,0.0,0.0,0.0,0.0,0.0,0.0,0.0,0.0,0.0,0.0,0.0,0.0
t920,0.0,120.0,0.0,0.0,0.0,637.27194332734,963.1904175797658,0.0,0.0,0.0,0.0,0.0,0.0,0.0,0.0,0.0,0.0,1720.462360907106
t921,1220.0,120.0,0.0,0.0,0.0,3195.6111327992635,617.6584183900003,1950.0,0.0,0.0,0.0,0.0,0.0,0.0,0.0,0.0,0.0,7103.269551189264
t922,1220.0,120.0,0.0,0.0,0.0,3601.715856755398,846.3812418800001,1950.0,0.0,0.0,0.0,0.0,0.0,0.0,0.0,0.0,0.0,7738.097098635398
t923,0.0,0.0,0.0,0.0,0.0,7711.603737042423,1011.7696420107152,0.0,0.0,0.0,0.0,0.0,0.0,0.0,0.0,0.0,0.0,8723.373379053139
t924,0.0,0.0,0.0,0.0,0.0,6126.74767241554,1060.14124558,1950.0,0.0,0.0,0.0,0.0,0.0,0.0,0.0,0.0,0.0,9136.88891799554
t925,1220.0,0.0,0.0,0.0,0.0,8428.079284249967,990.4949483207761,0.0,0.0,0.0,0.0,0.0,0.0,0.0,0.0,0.0,0.0,10638.574232570743
t926,263.9732766371902,25.964584587264614,0.0,0.0,0.0,5944.589592016274,776.0764089400001,421.9244995430499,0.0,0.0,0.0,0.0,0.0,0.0,0.0,0.0,0.0,7432.528361723778
t927,1220.0,120.0,0.0,0.0,0.0,825.9945870591196,438.31842307999966,1950.0,0.0,0.0,0.0,0.0,0.0,0.0,0.0,0.0,0.0,4554.31301013912
t928,0.0,0.0,0.0,0.0,0.0,0.0,0.0,0.0,0.0,0.0,0.0,0.0,0.0,0.0,0.0,0.0,0.0,0.0
t929,0.0,0.0,0.0,0.0,0.0,0.0,0.0,0.0,0.0,0.0,0.0,0.0,0.0,0.0,0.0,0.0,0.0,0.0
t930,0.0,0.0,0.0,0.0,0.0,0.0,0.0,0.0,0.0,0.0,0.0,0.0,0.0,0.0,0.0,0.0,0.0,0.0
t931,0.0,0.0,0.0,0.0,0.0,0.0,0.0,0.0,0.0,0.0,0.0,0.0,0.0,0.0,0.0,0.0,0.0,0.0
t932,0.0,0.0,0.0,0.0,0.0,0.0,0.0,0.0,0.0,0.0,0.0,0.0,0.0,0.0,0.0,0.0,0.0,0.0
t933,0.0,0.0,0.0,0.0,0.0,0.0,0.0,0.0,0.0,0.0,0.0,0.0,0.0,0.0,0.0,0.0,0.0,0.0
t934,0.0,0.0,0.0,0.0,0.0,0.0,0.0,0.0,0.0,0.0,0.0,0.0,0.0,0.0,0.0,0.0,0.0,0.0
t935,0.0,0.0,0.0,0.0,0.0,0.0,0.0,0.0,0.0,0.0,0.0,0.0,0.0,0.0,0.0,0.0,0.0,0.0
t936,0.0,0.0,0.0,0.0,0.0,0.0,0.0,0.0,0.0,0.0,0.0,0.0,0.0,0.0,0.0,0.0,0.0,0.0
t937,0.0,0.0,0.0,0.0,0.0,0.0,0.0,0.0,0.0,0.0,0.0,0.0,0.0,0.0,0.0,0.0,0.0,0.0
t938,0.0,0.0,0.0,0.0,0.0,0.0,0.0,0.0,0.0,0.0,0.0,0.0,0.0,0.0,0.0,0.0,0.0,0.0
t939,0.0,0.0,0.0,0.0,0.0,0.0,0.0,0.0,0.0,0.0,0.0,0.0,0.0,0.0,0.0,0.0,0.0,0.0
t940,0.0,0.0,0.0,0.0,0.0,0.0,0.0,0.0,0.0,0.0,0.0,0.0,0.0,0.0,0.0,0.0,0.0,0.0
t941,0.0,0.0,0.0,0.0,0.0,0.0,0.0,0.0,0.0,0.0,0.0,0.0,0.0,0.0,0.0,0.0,0.0,0.0
t942,0.0,0.0,0.0,0.0,0.0,0.0,0.0,0.0,0.0,0.0,0.0,0.0,0.0,0.0,0.0,0.0,0.0,0.0
t943,0.0,0.0,0.0,0.0,0.0,0.0,0.0,0.0,0.0,0.0,0.0,0.0,0.0,0.0,0.0,0.0,0.0,0.0
t944,0.0,0.0,0.0,0.0,0.0,0.0,0.0,0.0,0.0,0.0,0.0,0.0,0.0,0.0,0.0,0.0,0.0,0.0
t945,1220.0,120.0,0.0,0.0,0.0,1091.361712427275,890.9036897887937,1950.0,0.0,0.0,0.0,0.0,0.0,0.0,0.0,0.0,0.0,5272.265402216069
t946,412.80581153999987,0.0,0.0,0.0,0.0,6752.024484307142,751.9748222600002,0.0,0.0,0.0,0.0,0.0,0.0,0.0,0.0,0.0,0.0,7916.805118107142
t947,0.0,0.0,0.0,0.0,0.0,6966.077082517694,1139.2179519324634,0.0,0.0,0.0,0.0,0.0,0.0,0.0,0.0,0.0,0.0,8105.295034450158
t948,1220.0,120.0,0.0,0.0,0.0,3834.689485330231,1058.15462739,1950.0,0.0,0.0,0.0,0.0,0.0,0.0,0.0,0.0,0.0,8182.844112720231
t949,847.9650302371894,0.0,0.0,0.0,0.0,5514.1299610037695,1590.0,1950.0,0.0,0.0,0.0,0.0,0.0,0.0,0.0,0.0,0.0,9902.09499124096
t950,223.20243486000066,0.0,0.0,0.0,0.0,6112.288916794272,829.8523415599997,1950.0,0.0,0.0,0.0,0.0,0.0,0.0,0.0,0.0,0.0,9115.343693214272
t951,1220.0,120.0,0.0,0.0,0.0,2893.1376925524364,443.92731284999985,0.0,0.0,0.0,0.0,0.0,0.0,0.0,0.0,0.0,0.0,4677.065005402436
t952,0.0,0.0,0.0,0.0,0.0,0.0,0.0,0.0,0.0,0.0,0.0,0.0,0.0,0.0,0.0,0.0,0.0,0.0
t953,0.0,0.0,0.0,0.0,0.0,0.0,0.0,0.0,0.0,0.0,0.0,0.0,0.0,0.0,0.0,0.0,0.0,0.0
t954,0.0,0.0,0.0,0.0,0.0,0.0,0.0,0.0,0.0,0.0,0.0,0.0,0.0,0.0,0.0,0.0,0.0,0.0
t955,0.0,0.0,0.0,0.0,0.0,0.0,0.0,0.0,0.0,0.0,0.0,0.0,0.0,0.0,0.0,0.0,0.0,0.0
t956,0.0,0.0,0.0,0.0,0.0,0.0,0.0,0.0,0.0,0.0,0.0,0.0,0.0,0.0,0.0,0.0,0.0,0.0
t957,0.0,0.0,0.0,0.0,0.0,0.0,0.0,0.0,0.0,0.0,0.0,0.0,0.0,0.0,0.0,0.0,0.0,0.0
t958,0.0,0.0,0.0,0.0,0.0,0.0,0.0,0.0,0.0,0.0,0.0,0.0,0.0,0.0,0.0,0.0,0.0,0.0
t959,0.0,0.0,0.0,0.0,0.0,0.0,0.0,0.0,0.0,0.0,0.0,0.0,0.0,0.0,0.0,0.0,0.0,0.0
t960,0.0,0.0,0.0,0.0,0.0,0.0,0.0,0.0,0.0,0.0,0.0,0.0,0.0,0.0,0.0,0.0,0.0,0.0
t961,0.0,0.0,0.0,0.0,0.0,0.0,0.0,0.0,0.0,0.0,0.0,0.0,0.0,0.0,0.0,0.0,0.0,0.0
t962,0.0,0.0,0.0,0.0,0.0,0.0,0.0,0.0,0.0,0.0,0.0,0.0,0.0,0.0,0.0,0.0,0.0,0.0
t963,0.0,0.0,0.0,0.0,0.0,0.0,0.0,0.0,0.0,0.0,0.0,0.0,0.0,0.0,0.0,0.0,0.0,0.0
t964,0.0,0.0,0.0,0.0,0.0,0.0,0.0,0.0,0.0,0.0,0.0,0.0,0.0,0.0,0.0,0.0,0.0,0.0
t965,0.0,0.0,0.0,0.0,0.0,0.0,0.0,0.0,0.0,0.0,0.0,0.0,0.0,0.0,0.0,0.0,0.0,0.0
t966,0.0,0.0,0.0,0.0,0.0,0.0,0.0,0.0,0.0,0.0,0.0,0.0,0.0,0.0,0.0,0.0,0.0,0.0
t967,0.0,0.0,0.0,0.0,0.0,0.0,0.0,0.0,0.0,0.0,0.0,0.0,0.0,0.0,0.0,0.0,0.0,0.0
t968,168.9114281371901,120.0,295.44238119999966,0.0,0.0,1456.7568956322498,291.87751729125495,0.0,0.0,0.0,0.0,0.0,0.0,0.0,0.0,0.0,0.0,2332.988222260695
t969,1220.0,0.0,905.3863174000002,0.0,0.0,4387.624505084792,257.5324048200003,1594.8585083730493,0.0,0.0,0.0,0.0,0.0,0.0,0.0,0.0,0.0,8365.40173567784
t970,0.0,120.0,1103.4478046899997,0.0,0.0,4828.1305380649255,1109.2181483300003,0.0,0.0,0.0,0.0,0.0,0.0,0.0,0.0,0.0,0.0,7160.796491084925
t971,1220.0,0.0,1137.5296642700002,0.0,0.0,5734.083348484917,860.9800796100002,1950.0,0.0,0.0,0.0,0.0,0.0,0.0,0.0,0.0,0.0,10902.593092364918
t972,156.78738205999994,120.0,1178.7478571800002,0.0,0.0,5540.710494664423,1002.18323313,1950.0,0.0,0.0,0.0,0.0,0.0,0.0,0.0,0.0,0.0,9948.428967034422
t973,0.0,25.964584587264614,1201.55390218,0.0,0.0,5238.108366770398,1388.2389731600001,1950.0,0.0,0.0,0.0,0.0,0.0,0.0,0.0,0.0,0.0,9803.865826697662
t974,1220.0,0.0,809.5799032999998,0.0,0.0,6800.459413822884,837.6831042700002,777.0659911700009,0.0,0.0,0.0,0.0,0.0,0.0,0.0,0.0,0.0,10444.788412562884
t975,1158.2744664400002,120.0,0.0,0.0,0.0,2485.7402431407377,901.7038931200001,0.0,0.0,0.0,0.0,0.0,0.0,0.0,0.0,0.0,0.0,4665.718602700738
t976,0.0,0.0,198.834061708073,0.0,0.0,0.0,54.613392050000044,0.0,0.0,0.0,0.0,0.0,0.0,0.0,0.0,0.0,0.0,253.44745375807304
t977,0.0,0.0,0.0,0.0,0.0,0.0,0.0,0.0,0.0,0.0,0.0,0.0,0.0,0.0,0.0,0.0,0.0,0.0
t978,0.0,0.0,0.0,0.0,0.0,0.0,0.0,0.0,0.0,0.0,0.0,0.0,0.0,0.0,0.0,0.0,0.0,0.0
t979,0.0,0.0,0.0,0.0,0.0,0.0,0.0,0.0,0.0,0.0,0.0,0.0,0.0,0.0,0.0,0.0,0.0,0.0
t980,0.0,0.0,0.0,0.0,0.0,0.0,0.0,0.0,0.0,0.0,0.0,0.0,0.0,0.0,0.0,0.0,0.0,0.0
t981,0.0,0.0,0.0,0.0,0.0,0.0,0.0,0.0,0.0,0.0,0.0,0.0,0.0,0.0,0.0,0.0,0.0,0.0
t982,0.0,0.0,0.0,0.0,0.0,0.0,0.0,0.0,0.0,0.0,0.0,0.0,0.0,0.0,0.0,0.0,0.0,0.0
t983,0.0,0.0,0.0,0.0,0.0,0.0,0.0,0.0,0.0,0.0,0.0,0.0,0.0,0.0,0.0,0.0,0.0,0.0
t984,0.0,0.0,0.0,0.0,0.0,0.0,0.0,0.0,0.0,0.0,0.0,0.0,0.0,0.0,0.0,0.0,0.0,0.0
t985,0.0,0.0,0.0,0.0,0.0,0.0,0.0,0.0,0.0,0.0,0.0,0.0,0.0,0.0,0.0,0.0,0.0,0.0
t986,0.0,0.0,0.0,0.0,0.0,0.0,0.0,0.0,0.0,0.0,0.0,0.0,0.0,0.0,0.0,0.0,0.0,0.0
t987,0.0,0.0,0.0,0.0,0.0,0.0,0.0,0.0,0.0,0.0,0.0,0.0,0.0,0.0,0.0,0.0,0.0,0.0
t988,0.0,0.0,0.0,0.0,0.0,0.0,0.0,0.0,0.0,0.0,0.0,0.0,0.0,0.0,0.0,0.0,0.0,0.0
t989,0.0,0.0,0.0,0.0,0.0,0.0,0.0,0.0,0.0,0.0,0.0,0.0,0.0,0.0,0.0,0.0,0.0,0.0
t990,0.0,0.0,0.0,0.0,0.0,0.0,0.0,0.0,0.0,0.0,0.0,0.0,0.0,0.0,0.0,0.0,0.0,0.0
t991,0.0,0.0,0.0,0.0,0.0,0.0,0.0,0.0,0.0,0.0,0.0,0.0,0.0,0.0,0.0,0.0,0.0,0.0
t992,14.696899986230859,0.0,318.38815337999984,0.0,0.0,0.0,198.67823625125592,0.0,0.0,0.0,0.0,0.0,0.0,0.0,0.0,0.0,0.0,531.7632896174866
t993,656.3781804709595,120.0,958.9339820700002,0.0,0.0,4241.002533600621,613.0364761300002,421.92449954305056,0.0,0.0,0.0,0.0,0.0,0.0,0.0,0.0,0.0,7011.275671814632
t994,0.0,120.0,1148.72131038,0.0,0.0,5045.971806737963,857.5654406600001,1950.0,0.0,0.0,0.0,0.0,0.0,0.0,0.0,0.0,0.0,9122.258557777963
t995,1220.0,0.0,1236.6934390899996,0.0,0.0,6779.887360984535,894.2264532300002,0.0,0.0,0.0,0.0,0.0,0.0,0.0,0.0,0.0,0.0,10130.807253304534
t996,1220.0,120.0,736.1566246980726,0.0,0.0,6114.200987774374,1175.77496104,1950.0,0.0,0.0,0.0,0.0,0.0,0.0,0.0,0.0,0.0,11316.132573512446
t997,0.0,0.0,1280.8700104000002,0.0,0.0,6645.561968229533,1364.60846971,1950.0,0.0,0.0,0.0,0.0,0.0,0.0,0.0,0.0,0.0,11241.040448339532
t998,1220.0,25.964584587264614,1150.7583719099998,0.0,0.0,4451.907349249017,1076.0324174600003,1950.0,0.0,0.0,0.0,0.0,0.0,0.0,0.0,0.0,0.0,9874.662723206282
t999,812.8981961799997,120.0,0.0,0.0,0.0,3193.081799089286,524.1082912999999,0.0,0.0,0.0,0.0,0.0,0.0,0.0,0.0,0.0,0.0,4650.088286569286
t1000,0.0,0.0,0.0,0.0,0.0,0.0,0.0,0.0,0.0,0.0,0.0,0.0,0.0,0.0,0.0,0.0,0.0,0.0
t1001,0.0,0.0,0.0,0.0,0.0,0.0,0.0,0.0,0.0,0.0,0.0,0.0,0.0,0.0,0.0,0.0,0.0,0.0
t1002,0.0,0.0,0.0,0.0,0.0,0.0,0.0,0.0,0.0,0.0,0.0,0.0,0.0,0.0,0.0,0.0,0.0,0.0
t1003,0.0,0.0,0.0,0.0,0.0,0.0,0.0,0.0,0.0,0.0,0.0,0.0,0.0,0.0,0.0,0.0,0.0,0.0
t1004,0.0,0.0,0.0,0.0,0.0,0.0,0.0,0.0,0.0,0.0,0.0,0.0,0.0,0.0,0.0,0.0,0.0,0.0
t1005,0.0,0.0,0.0,0.0,0.0,0.0,0.0,0.0,0.0,0.0,0.0,0.0,0.0,0.0,0.0,0.0,0.0,0.0
t1006,0.0,0.0,0.0,0.0,0.0,0.0,0.0,0.0,0.0,0.0,0.0,0.0,0.0,0.0,0.0,0.0,0.0,0.0
t1007,0.0,0.0,0.0,0.0,0.0,0.0,0.0,0.0,0.0,0.0,0.0,0.0,0.0,0.0,0.0,0.0,0.0,0.0
t1008,0.0,0.0,0.0,0.0,0.0,0.0,0.0,0.0,0.0,0.0,0.0,0.0,0.0,0.0,0.0,0.0,0.0,0.0
t1009,0.0,0.0,0.0,0.0,0.0,0.0,0.0,0.0,0.0,0.0,0.0,0.0,0.0,0.0,0.0,0.0,0.0,0.0
t1010,0.0,0.0,0.0,0.0,0.0,0.0,0.0,0.0,0.0,0.0,0.0,0.0,0.0,0.0,0.0,0.0,0.0,0.0
t1011,0.0,0.0,0.0,0.0,0.0,0.0,0.0,0.0,0.0,0.0,0.0,0.0,0.0,0.0,0.0,0.0,0.0,0.0
t1012,0.0,0.0,0.0,0.0,0.0,0.0,0.0,0.0,0.0,0.0,0.0,0.0,0.0,0.0,0.0,0.0,0.0,0.0
t1013,0.0,0.0,0.0,0.0,0.0,0.0,0.0,0.0,0.0,0.0,0.0,0.0,0.0,0.0,0.0,0.0,0.0,0.0
t1014,0.0,0.0,0.0,0.0,0.0,0.0,0.0,0.0,0.0,0.0,0.0,0.0,0.0,0.0,0.0,0.0,0.0,0.0
t1015,0.0,0.0,0.0,0.0,0.0,0.0,0.0,0.0,0.0,0.0,0.0,0.0,0.0,0.0,0.0,0.0,0.0,0.0
t1016,0.0,0.0,0.0,0.0,0.0,0.0,0.0,0.0,0.0,0.0,0.0,0.0,0.0,0.0,0.0,0.0,0.0,0.0
t1017,1220.0,120.0,0.0,0.0,0.0,965.5497616542306,1207.9527257699997,0.0,0.0,0.0,0.0,0.0,0.0,0.0,0.0,0.0,0.0,3513.5024874242304
t1018,1044.29448934,0.0,0.0,0.0,0.0,1279.489227702165,409.7822122679675,1950.0,0.0,0.0,0.0,0.0,0.0,0.0,0.0,0.0,0.0,4683.565929310133
t1019,0.0,0.0,0.0,0.0,0.0,3445.0107049163043,1590.0,0.0,0.0,0.0,0.0,0.0,0.0,0.0,0.0,0.0,0.0,5035.010704916304
t1020,1220.0,120.0,0.0,0.0,0.0,1210.6893247037622,1364.84837722,0.0,0.0,0.0,0.0,0.0,0.0,0.0,0.0,0.0,0.0,3915.537701923762
t1021,1220.0,0.0,0.0,0.0,0.0,5442.69600551021,1363.69013046,0.0,0.0,0.0,0.0,0.0,0.0,0.0,0.0,0.0,0.0,8026.38613597021
t1022,439.6787872971904,120.0,0.0,0.0,0.0,0.0,767.7573000632896,0.0,0.0,0.0,0.0,0.0,0.0,0.0,0.0,0.0,0.0,1327.43608736048
t1023,0.0,0.0,0.0,0.0,0.0,0.0,0.0,0.0,0.0,0.0,0.0,0.0,0.0,0.0,0.0,0.0,0.0,0.0
t1024,0.0,0.0,0.0,0.0,0.0,0.0,0.0,0.0,0.0,0.0,0.0,0.0,0.0,0.0,0.0,0.0,0.0,0.0
t1025,0.0,0.0,0.0,0.0,0.0,0.0,0.0,0.0,0.0,0.0,0.0,0.0,0.0,0.0,0.0,0.0,0.0,0.0
t1026,0.0,0.0,0.0,0.0,0.0,0.0,0.0,0.0,0.0,0.0,0.0,0.0,0.0,0.0,0.0,0.0,0.0,0.0
t1027,0.0,0.0,0.0,0.0,0.0,0.0,0.0,0.0,0.0,0.0,0.0,0.0,0.0,0.0,0.0,0.0,0.0,0.0
t1028,0.0,0.0,0.0,0.0,0.0,0.0,0.0,0.0,0.0,0.0,0.0,0.0,0.0,0.0,0.0,0.0,0.0,0.0
t1029,0.0,0.0,0.0,0.0,0.0,0.0,0.0,0.0,0.0,0.0,0.0,0.0,0.0,0.0,0.0,0.0,0.0,0.0
t1030,0.0,0.0,0.0,0.0,0.0,0.0,0.0,0.0,0.0,0.0,0.0,0.0,0.0,0.0,0.0,0.0,0.0,0.0
t1031,0.0,0.0,0.0,0.0,0.0,0.0,0.0,0.0,0.0,0.0,0.0,0.0,0.0,0.0,0.0,0.0,0.0,0.0
t1032,0.0,0.0,0.0,0.0,0.0,0.0,0.0,0.0,0.0,0.0,0.0,0.0,0.0,0.0,0.0,0.0,0.0,0.0
t1033,0.0,0.0,0.0,0.0,0.0,0.0,0.0,0.0,0.0,0.0,0.0,0.0,0.0,0.0,0.0,0.0,0.0,0.0
t1034,0.0,0.0,0.0,0.0,0.0,0.0,0.0,0.0,0.0,0.0,0.0,0.0,0.0,0.0,0.0,0.0,0.0,0.0
t1035,0.0,0.0,0.0,0.0,0.0,0.0,0.0,0.0,0.0,0.0,0.0,0.0,0.0,0.0,0.0,0.0,0.0,0.0
t1036,0.0,0.0,0.0,0.0,0.0,0.0,0.0,0.0,0.0,0.0,0.0,0.0,0.0,0.0,0.0,0.0,0.0,0.0
t1037,0.0,0.0,0.0,0.0,0.0,0.0,0.0,0.0,0.0,0.0,0.0,0.0,0.0,0.0,0.0,0.0,0.0,0.0
t1038,0.0,0.0,0.0,0.0,0.0,0.0,0.0,0.0,0.0,0.0,0.0,0.0,0.0,0.0,0.0,0.0,0.0,0.0
t1039,0.0,0.0,0.0,0.0,0.0,0.0,0.0,0.0,0.0,0.0,0.0,0.0,0.0,0.0,0.0,0.0,0.0,0.0
t1040,0.0,0.0,0.0,0.0,0.0,0.0,0.0,0.0,0.0,0.0,0.0,0.0,0.0,0.0,0.0,0.0,0.0,0.0
t1041,790.2914237800007,120.0,0.0,0.0,0.0,1212.4259018558319,0.0,0.0,0.0,0.0,0.0,0.0,0.0,0.0,0.0,0.0,0.0,2122.717325635833
t1042,0.0,0.0,0.0,0.0,0.0,1843.360555866545,527.6297431500001,301.72220036777617,0.0,0.0,0.0,0.0,0.0,0.0,0.0,0.0,0.0,2672.7124993843213
t1043,0.0,0.0,0.0,0.0,0.0,5586.8421610585965,789.1707273699999,0.0,0.0,0.0,0.0,0.0,0.0,0.0,0.0,0.0,0.0,6376.012888428597
t1044,853.2275950371899,0.0,0.0,0.0,0.0,5262.427395886218,1590.0,0.0,0.0,0.0,0.0,0.0,0.0,0.0,0.0,0.0,0.0,7705.654990923407
t1045,1220.0,0.0,0.0,0.0,0.0,5230.371000394573,1590.0,1950.0,0.0,0.0,0.0,0.0,0.0,0.0,0.0,0.0,0.0,9990.371000394573
t1046,1060.4542578199996,120.0,0.0,0.0,0.0,5581.213689754658,1240.7829535212568,0.0,0.0,0.0,0.0,0.0,0.0,0.0,0.0,0.0,0.0,8002.450901095915
t1047,1220.0,0.0,0.0,0.0,0.0,3476.00920813089,966.4473217399999,0.0,0.0,0.0,0.0,0.0,0.0,0.0,0.0,0.0,0.0,5662.45652987089
t1048,0.0,29.107323707121573,0.0,0.0,0.0,0.0,0.0,0.0,0.0,0.0,0.0,0.0,0.0,0.0,0.0,0.0,0.0,29.107323707121573
t1049,0.0,0.0,0.0,0.0,0.0,0.0,0.0,0.0,0.0,0.0,0.0,0.0,0.0,0.0,0.0,0.0,0.0,0.0
t1050,0.0,0.0,0.0,0.0,0.0,0.0,0.0,0.0,0.0,0.0,0.0,0.0,0.0,0.0,0.0,0.0,0.0,0.0
t1051,0.0,0.0,0.0,0.0,0.0,0.0,0.0,0.0,0.0,0.0,0.0,0.0,0.0,0.0,0.0,0.0,0.0,0.0
t1052,0.0,0.0,0.0,0.0,0.0,0.0,0.0,0.0,0.0,0.0,0.0,0.0,0.0,0.0,0.0,0.0,0.0,0.0
t1053,0.0,0.0,0.0,0.0,0.0,0.0,0.0,0.0,0.0,0.0,0.0,0.0,0.0,0.0,0.0,0.0,0.0,0.0
t1054,0.0,0.0,0.0,0.0,0.0,0.0,0.0,0.0,0.0,0.0,0.0,0.0,0.0,0.0,0.0,0.0,0.0,0.0
t1055,0.0,0.0,0.0,0.0,0.0,0.0,0.0,0.0,0.0,0.0,0.0,0.0,0.0,0.0,0.0,0.0,0.0,0.0
t1056,0.0,0.0,0.0,0.0,0.0,0.0,0.0,0.0,0.0,0.0,0.0,0.0,0.0,0.0,0.0,0.0,0.0,0.0
t1057,0.0,0.0,0.0,0.0,0.0,0.0,0.0,0.0,0.0,0.0,0.0,0.0,0.0,0.0,0.0,0.0,0.0,0.0
t1058,0.0,0.0,0.0,0.0,0.0,0.0,0.0,0.0,0.0,0.0,0.0,0.0,0.0,0.0,0.0,0.0,0.0,0.0
t1059,0.0,0.0,0.0,0.0,0.0,0.0,0.0,0.0,0.0,0.0,0.0,0.0,0.0,0.0,0.0,0.0,0.0,0.0
t1060,0.0,0.0,0.0,0.0,0.0,0.0,0.0,0.0,0.0,0.0,0.0,0.0,0.0,0.0,0.0,0.0,0.0,0.0
t1061,0.0,0.0,0.0,0.0,0.0,0.0,0.0,0.0,0.0,0.0,0.0,0.0,0.0,0.0,0.0,0.0,0.0,0.0
t1062,0.0,0.0,0.0,0.0,0.0,0.0,0.0,0.0,0.0,0.0,0.0,0.0,0.0,0.0,0.0,0.0,0.0,0.0
t1063,0.0,0.0,0.0,0.0,0.0,0.0,0.0,0.0,0.0,0.0,0.0,0.0,0.0,0.0,0.0,0.0,0.0,0.0
t1064,0.0,0.0,0.0,0.0,0.0,0.0,0.0,0.0,0.0,0.0,0.0,0.0,0.0,0.0,0.0,0.0,0.0,0.0
t1065,559.6157547400009,120.0,0.0,0.0,0.0,2986.960726586333,112.21414059125625,0.0,0.0,0.0,0.0,0.0,0.0,0.0,0.0,0.0,0.0,3778.7906219175898
t1066,906.3280473000002,0.0,0.0,0.0,0.0,3550.564465985514,1590.0,1950.0,0.0,0.0,0.0,0.0,0.0,0.0,0.0,0.0,0.0,7996.892513285514
t1067,967.6881932999994,0.0,0.0,0.0,0.0,7248.06956846053,941.5510631399999,0.0,0.0,0.0,0.0,0.0,0.0,0.0,0.0,0.0,0.0,9157.308824900529
t1068,1013.1641997799999,64.22659608243202,0.0,0.0,0.0,5972.275572218265,1085.00391424,1950.0,0.0,0.0,0.0,0.0,0.0,0.0,0.0,0.0,0.0,10084.670282320696
t1069,990.97425778,0.0,0.0,0.0,0.0,5633.103320112416,1590.0,1950.0,0.0,0.0,0.0,0.0,0.0,0.0,0.0,0.0,0.0,10164.077577892416
t1070,161.95585507719022,0.0,0.0,0.0,0.0,5563.21719181611,1385.2616278100002,0.0,0.0,0.0,0.0,0.0,0.0,0.0,0.0,0.0,0.0,7110.4346747033005
t1071,544.2469686600001,120.0,0.0,0.0,0.0,4714.927123425183,0.0,0.0,0.0,0.0,0.0,0.0,0.0,0.0,0.0,0.0,0.0,5379.174092085183
t1072,0.0,0.0,0.0,0.0,0.0,0.0,0.0,0.0,0.0,0.0,0.0,0.0,0.0,0.0,0.0,0.0,0.0,0.0
t1073,0.0,0.0,0.0,0.0,0.0,0.0,0.0,0.0,0.0,0.0,0.0,0.0,0.0,0.0,0.0,0.0,0.0,0.0
t1074,0.0,0.0,0.0,0.0,0.0,0.0,0.0,0.0,0.0,0.0,0.0,0.0,0.0,0.0,0.0,0.0,0.0,0.0
t1075,0.0,0.0,0.0,0.0,0.0,0.0,0.0,0.0,0.0,0.0,0.0,0.0,0.0,0.0,0.0,0.0,0.0,0.0
t1076,0.0,0.0,0.0,0.0,0.0,0.0,0.0,0.0,0.0,0.0,0.0,0.0,0.0,0.0,0.0,0.0,0.0,0.0
t1077,0.0,0.0,0.0,0.0,0.0,0.0,0.0,0.0,0.0,0.0,0.0,0.0,0.0,0.0,0.0,0.0,0.0,0.0
t1078,0.0,0.0,0.0,0.0,0.0,0.0,0.0,0.0,0.0,0.0,0.0,0.0,0.0,0.0,0.0,0.0,0.0,0.0
t1079,0.0,0.0,0.0,0.0,0.0,0.0,0.0,0.0,0.0,0.0,0.0,0.0,0.0,0.0,0.0,0.0,0.0,0.0
t1080,0.0,0.0,0.0,0.0,0.0,0.0,0.0,0.0,0.0,0.0,0.0,0.0,0.0,0.0,0.0,0.0,0.0,0.0
t1081,0.0,0.0,0.0,0.0,0.0,0.0,0.0,0.0,0.0,0.0,0.0,0.0,0.0,0.0,0.0,0.0,0.0,0.0
t1082,0.0,0.0,0.0,0.0,0.0,0.0,0.0,0.0,0.0,0.0,0.0,0.0,0.0,0.0,0.0,0.0,0.0,0.0
t1083,0.0,0.0,0.0,0.0,0.0,0.0,0.0,0.0,0.0,0.0,0.0,0.0,0.0,0.0,0.0,0.0,0.0,0.0
t1084,0.0,0.0,0.0,0.0,0.0,0.0,0.0,0.0,0.0,0.0,0.0,0.0,0.0,0.0,0.0,0.0,0.0,0.0
t1085,0.0,0.0,0.0,0.0,0.0,0.0,0.0,0.0,0.0,0.0,0.0,0.0,0.0,0.0,0.0,0.0,0.0,0.0
t1086,0.0,0.0,0.0,0.0,0.0,0.0,0.0,0.0,0.0,0.0,0.0,0.0,0.0,0.0,0.0,0.0,0.0,0.0
t1087,0.0,0.0,0.0,0.0,0.0,0.0,0.0,0.0,0.0,0.0,0.0,0.0,0.0,0.0,0.0,0.0,0.0,0.0
t1088,0.0,0.0,0.0,0.0,0.0,0.0,0.0,0.0,0.0,0.0,0.0,0.0,0.0,0.0,0.0,0.0,0.0,0.0
t1089,1220.0,120.0,0.0,0.0,0.0,1347.9944997608886,1113.8964974912556,1950.0,0.0,0.0,0.0,0.0,0.0,0.0,0.0,0.0,0.0,5751.890997252144
t1090,1220.0,25.96458458726457,0.0,0.0,0.0,5896.583135420201,722.8087443,0.0,0.0,0.0,0.0,0.0,0.0,0.0,0.0,0.0,0.0,7865.356464307466
t1091,1220.0,0.0,0.0,0.0,0.0,5741.673747235351,859.4009797400004,1950.0,0.0,0.0,0.0,0.0,0.0,0.0,0.0,0.0,0.0,9771.074726975352
t1092,0.0,120.0,0.0,0.0,0.0,5448.694474516166,1590.0,1950.0,0.0,0.0,0.0,0.0,0.0,0.0,0.0,0.0,0.0,9108.694474516167
t1093,1220.0,0.0,0.0,0.0,0.0,7921.5492034437775,1036.1450897299997,421.9244995430499,0.0,0.0,0.0,0.0,0.0,0.0,0.0,0.0,0.0,10599.618792716827
t1094,0.0,120.0,0.0,0.0,0.0,7189.021061985942,861.4398545700001,0.0,0.0,0.0,0.0,0.0,0.0,0.0,0.0,0.0,0.0,8170.460916555941
t1095,263.9732766371902,120.0,0.0,0.0,0.0,2926.0976833029995,520.3395799500001,1950.0,0.0,0.0,0.0,0.0,0.0,0.0,0.0,0.0,0.0,5780.41053989019
t1096,0.0,0.0,0.0,0.0,0.0,0.0,0.0,0.0,0.0,0.0,0.0,0.0,0.0,0.0,0.0,0.0,0.0,0.0
t1097,0.0,0.0,0.0,0.0,0.0,0.0,0.0,0.0,0.0,0.0,0.0,0.0,0.0,0.0,0.0,0.0,0.0,0.0
t1098,0.0,0.0,0.0,0.0,0.0,0.0,0.0,0.0,0.0,0.0,0.0,0.0,0.0,0.0,0.0,0.0,0.0,0.0
t1099,0.0,0.0,0.0,0.0,0.0,0.0,0.0,0.0,0.0,0.0,0.0,0.0,0.0,0.0,0.0,0.0,0.0,0.0
t1100,0.0,0.0,0.0,0.0,0.0,0.0,0.0,0.0,0.0,0.0,0.0,0.0,0.0,0.0,0.0,0.0,0.0,0.0
t1101,0.0,0.0,0.0,0.0,0.0,0.0,0.0,0.0,0.0,0.0,0.0,0.0,0.0,0.0,0.0,0.0,0.0,0.0
t1102,0.0,0.0,0.0,0.0,0.0,0.0,0.0,0.0,0.0,0.0,0.0,0.0,0.0,0.0,0.0,0.0,0.0,0.0
t1103,0.0,0.0,0.0,0.0,0.0,0.0,0.0,0.0,0.0,0.0,0.0,0.0,0.0,0.0,0.0,0.0,0.0,0.0
t1104,0.0,0.0,0.0,0.0,0.0,0.0,0.0,0.0,0.0,0.0,0.0,0.0,0.0,0.0,0.0,0.0,0.0,0.0
t1105,0.0,0.0,0.0,0.0,0.0,0.0,0.0,0.0,0.0,0.0,0.0,0.0,0.0,0.0,0.0,0.0,0.0,0.0
t1106,0.0,0.0,0.0,0.0,0.0,0.0,0.0,0.0,0.0,0.0,0.0,0.0,0.0,0.0,0.0,0.0,0.0,0.0
t1107,0.0,0.0,0.0,0.0,0.0,0.0,0.0,0.0,0.0,0.0,0.0,0.0,0.0,0.0,0.0,0.0,0.0,0.0
t1108,0.0,0.0,0.0,0.0,0.0,0.0,0.0,0.0,0.0,0.0,0.0,0.0,0.0,0.0,0.0,0.0,0.0,0.0
t1109,0.0,0.0,0.0,0.0,0.0,0.0,0.0,0.0,0.0,0.0,0.0,0.0,0.0,0.0,0.0,0.0,0.0,0.0
t1110,0.0,0.0,0.0,0.0,0.0,0.0,0.0,0.0,0.0,0.0,0.0,0.0,0.0,0.0,0.0,0.0,0.0,0.0
t1111,0.0,0.0,0.0,0.0,0.0,0.0,0.0,0.0,0.0,0.0,0.0,0.0,0.0,0.0,0.0,0.0,0.0,0.0
t1112,0.0,0.0,0.0,0.0,0.0,0.0,0.0,0.0,0.0,0.0,0.0,0.0,0.0,0.0,0.0,0.0,0.0,0.0
t1113,404.96171585719117,120.0,0.0,0.0,0.0,1431.7796897457495,860.2016092400004,0.0,0.0,0.0,0.0,0.0,0.0,0.0,0.0,0.0,0.0,2816.943014842941
t1114,964.0961727799993,0.0,0.0,0.0,0.0,2208.9906672658976,369.8871704912567,1950.0,0.0,0.0,0.0,0.0,0.0,0.0,0.0,0.0,0.0,5492.974010537153
t1115,1220.0,0.0,0.0,0.0,0.0,4586.731487539673,1590.0,0.0,0.0,0.0,0.0,0.0,0.0,0.0,0.0,0.0,0.0,7396.731487539673
t1116,858.9180247799999,54.03591808949564,0.0,0.0,0.0,6171.865114895837,1590.0,0.0,0.0,0.0,0.0,0.0,0.0,0.0,0.0,0.0,0.0,8674.819057765333
t1117,1220.0,0.0,0.0,0.0,0.0,3891.125591855423,703.9419660499999,1950.0,0.0,0.0,0.0,0.0,0.0,0.0,0.0,0.0,0.0,7765.067557905423
t1118,475.99736321999995,0.0,0.0,0.0,0.0,4695.519650473788,1590.0,0.0,0.0,0.0,0.0,0.0,0.0,0.0,0.0,0.0,0.0,6761.517013693788
t1119,0.0,120.0,0.0,0.0,0.0,3308.0623680319154,0.0,0.0,0.0,0.0,0.0,0.0,0.0,0.0,0.0,0.0,0.0,3428.0623680319154
t1120,0.0,0.0,0.0,0.0,0.0,0.0,0.0,0.0,0.0,0.0,0.0,0.0,0.0,0.0,0.0,0.0,0.0,0.0
t1121,0.0,0.0,0.0,0.0,0.0,0.0,0.0,0.0,0.0,0.0,0.0,0.0,0.0,0.0,0.0,0.0,0.0,0.0
t1122,0.0,0.0,0.0,0.0,0.0,0.0,0.0,0.0,0.0,0.0,0.0,0.0,0.0,0.0,0.0,0.0,0.0,0.0
t1123,0.0,0.0,0.0,0.0,0.0,0.0,0.0,0.0,0.0,0.0,0.0,0.0,0.0,0.0,0.0,0.0,0.0,0.0
t1124,0.0,0.0,0.0,0.0,0.0,0.0,0.0,0.0,0.0,0.0,0.0,0.0,0.0,0.0,0.0,0.0,0.0,0.0
t1125,0.0,0.0,0.0,0.0,0.0,0.0,0.0,0.0,0.0,0.0,0.0,0.0,0.0,0.0,0.0,0.0,0.0,0.0
t1126,0.0,0.0,0.0,0.0,0.0,0.0,0.0,0.0,0.0,0.0,0.0,0.0,0.0,0.0,0.0,0.0,0.0,0.0
t1127,0.0,0.0,0.0,0.0,0.0,0.0,0.0,0.0,0.0,0.0,0.0,0.0,0.0,0.0,0.0,0.0,0.0,0.0
t1128,0.0,0.0,0.0,0.0,0.0,0.0,0.0,0.0,0.0,0.0,0.0,0.0,0.0,0.0,0.0,0.0,0.0,0.0
t1129,0.0,0.0,0.0,0.0,0.0,0.0,0.0,0.0,0.0,0.0,0.0,0.0,0.0,0.0,0.0,0.0,0.0,0.0
t1130,0.0,0.0,0.0,0.0,0.0,0.0,0.0,0.0,0.0,0.0,0.0,0.0,0.0,0.0,0.0,0.0,0.0,0.0
t1131,0.0,0.0,0.0,0.0,0.0,0.0,0.0,0.0,0.0,0.0,0.0,0.0,0.0,0.0,0.0,0.0,0.0,0.0
t1132,0.0,0.0,0.0,0.0,0.0,0.0,0.0,0.0,0.0,0.0,0.0,0.0,0.0,0.0,0.0,0.0,0.0,0.0
t1133,0.0,0.0,0.0,0.0,0.0,0.0,0.0,0.0,0.0,0.0,0.0,0.0,0.0,0.0,0.0,0.0,0.0,0.0
t1134,0.0,0.0,0.0,0.0,0.0,0.0,0.0,0.0,0.0,0.0,0.0,0.0,0.0,0.0,0.0,0.0,0.0,0.0
t1135,0.0,0.0,0.0,0.0,0.0,0.0,0.0,0.0,0.0,0.0,0.0,0.0,0.0,0.0,0.0,0.0,0.0,0.0
t1136,0.0,0.0,0.0,0.0,0.0,0.0,0.0,0.0,0.0,0.0,0.0,0.0,0.0,0.0,0.0,0.0,0.0,0.0
t1137,1220.0,120.0,756.4046403600001,0.0,0.0,0.0,0.0,1470.9833323730493,0.0,0.0,0.0,0.0,0.0,0.0,0.0,0.0,0.0,3567.3879727330495
t1138,0.0,120.0,1407.4642547180713,0.0,0.0,5952.484972775268,1180.6805649856917,1950.0,0.0,0.0,0.0,0.0,0.0,0.0,0.0,0.0,0.0,10610.62979247903
t1139,1220.0,0.0,1059.9093549799998,0.0,0.0,7491.791950318924,1367.4117272155654,0.0,0.0,0.0,0.0,0.0,0.0,0.0,0.0,0.0,0.0,11139.11303251449
t1140,1220.0,25.964584587264586,1110.4921935999998,0.0,0.0,7715.791690227392,1192.4808895400001,1950.0,0.0,0.0,0.0,0.0,0.0,0.0,0.0,0.0,0.0,13214.729357954657
t1141,0.0,0.0,1036.7006126000006,0.0,0.0,6332.366380743809,1224.0987555500003,0.0,0.0,0.0,0.0,0.0,0.0,0.0,0.0,0.0,0.0,8593.165748893809
t1142,263.9732766371902,120.0,928.2238406600002,0.0,0.0,3913.7264447408243,1068.0991417100001,1950.0,0.0,0.0,0.0,0.0,0.0,0.0,0.0,0.0,0.0,8244.022703748014
t1143,1220.0,120.0,531.32699501,0.0,0.0,5065.452366859112,671.25966678,900.9411671700012,0.0,0.0,0.0,0.0,0.0,0.0,0.0,0.0,0.0,8508.980195819113
t1144,0.0,0.0,0.0,0.0,0.0,0.0,0.0,0.0,0.0,0.0,0.0,0.0,0.0,0.0,0.0,0.0,0.0,0.0
t1145,0.0,0.0,0.0,0.0,0.0,0.0,0.0,0.0,0.0,0.0,0.0,0.0,0.0,0.0,0.0,0.0,0.0,0.0
t1146,0.0,0.0,0.0,0.0,0.0,0.0,0.0,0.0,0.0,0.0,0.0,0.0,0.0,0.0,0.0,0.0,0.0,0.0
t1147,0.0,0.0,0.0,0.0,0.0,0.0,0.0,0.0,0.0,0.0,0.0,0.0,0.0,0.0,0.0,0.0,0.0,0.0
t1148,0.0,0.0,0.0,0.0,0.0,0.0,0.0,0.0,0.0,0.0,0.0,0.0,0.0,0.0,0.0,0.0,0.0,0.0
t1149,0.0,0.0,0.0,0.0,0.0,0.0,0.0,0.0,0.0,0.0,0.0,0.0,0.0,0.0,0.0,0.0,0.0,0.0
t1150,0.0,0.0,0.0,0.0,0.0,0.0,0.0,0.0,0.0,0.0,0.0,0.0,0.0,0.0,0.0,0.0,0.0,0.0
t1151,0.0,0.0,0.0,0.0,0.0,0.0,0.0,0.0,0.0,0.0,0.0,0.0,0.0,0.0,0.0,0.0,0.0,0.0
t1152,0.0,0.0,0.0,0.0,0.0,0.0,0.0,0.0,0.0,0.0,0.0,0.0,0.0,0.0,0.0,0.0,0.0,0.0
t1153,0.0,0.0,0.0,0.0,0.0,0.0,0.0,0.0,0.0,0.0,0.0,0.0,0.0,0.0,0.0,0.0,0.0,0.0
t1154,0.0,0.0,0.0,0.0,0.0,0.0,0.0,0.0,0.0,0.0,0.0,0.0,0.0,0.0,0.0,0.0,0.0,0.0
t1155,0.0,0.0,0.0,0.0,0.0,0.0,0.0,0.0,0.0,0.0,0.0,0.0,0.0,0.0,0.0,0.0,0.0,0.0
t1156,0.0,0.0,0.0,0.0,0.0,0.0,0.0,0.0,0.0,0.0,0.0,0.0,0.0,0.0,0.0,0.0,0.0,0.0
t1157,0.0,0.0,0.0,0.0,0.0,0.0,0.0,0.0,0.0,0.0,0.0,0.0,0.0,0.0,0.0,0.0,0.0,0.0
t1158,0.0,0.0,0.0,0.0,0.0,0.0,0.0,0.0,0.0,0.0,0.0,0.0,0.0,0.0,0.0,0.0,0.0,0.0
t1159,0.0,0.0,0.0,0.0,0.0,0.0,0.0,0.0,0.0,0.0,0.0,0.0,0.0,0.0,0.0,0.0,0.0,0.0
t1160,0.0,0.0,0.0,0.0,0.0,0.0,0.0,0.0,0.0,0.0,0.0,0.0,0.0,0.0,0.0,0.0,0.0,0.0
t1161,0.0,0.0,0.0,0.0,0.0,0.0,0.0,0.0,0.0,0.0,0.0,0.0,0.0,0.0,0.0,0.0,0.0,0.0
t1162,0.0,0.0,0.0,0.0,0.0,0.0,935.9692753671101,0.0,0.0,0.0,0.0,0.0,0.0,0.0,0.0,0.0,0.0,935.9692753671101
t1163,1220.0,120.0,0.0,0.0,0.0,4888.491109479947,1581.4674744,0.0,0.0,0.0,0.0,0.0,0.0,0.0,0.0,0.0,0.0,7809.958583879947
t1164,1220.0,0.0,0.0,0.0,0.0,6285.303511338084,1590.0,1950.0,0.0,0.0,0.0,0.0,0.0,0.0,0.0,0.0,0.0,11045.303511338083
t1165,1131.5024837800001,0.0,0.0,0.0,107.40658924823073,4506.109294136715,1590.0,1950.0,0.0,0.0,0.0,0.0,0.0,0.0,0.0,0.0,0.0,9285.018367164947
t1166,843.4158492200004,0.0,0.0,0.0,0.0,6005.351973937288,506.8151537600002,0.0,0.0,0.0,0.0,0.0,0.0,0.0,0.0,0.0,0.0,7355.582976917289
t1167,206.94910370000005,0.0,0.0,0.0,0.0,3713.509259284075,499.77884225414687,0.0,0.0,0.0,0.0,0.0,0.0,0.0,0.0,0.0,0.0,4420.2372052382225
t1168,0.0,0.0,0.0,0.0,0.0,0.0,0.0,0.0,0.0,0.0,0.0,0.0,0.0,0.0,0.0,0.0,0.0,0.0
t1169,0.0,0.0,0.0,0.0,0.0,0.0,0.0,0.0,0.0,0.0,0.0,0.0,0.0,0.0,0.0,0.0,0.0,0.0
t1170,0.0,0.0,0.0,0.0,0.0,0.0,0.0,0.0,0.0,0.0,0.0,0.0,0.0,0.0,0.0,0.0,0.0,0.0
t1171,0.0,0.0,0.0,0.0,0.0,0.0,0.0,0.0,0.0,0.0,0.0,0.0,0.0,0.0,0.0,0.0,0.0,0.0
t1172,0.0,0.0,0.0,0.0,0.0,0.0,0.0,0.0,0.0,0.0,0.0,0.0,0.0,0.0,0.0,0.0,0.0,0.0
t1173,0.0,0.0,0.0,0.0,0.0,0.0,0.0,0.0,0.0,0.0,0.0,0.0,0.0,0.0,0.0,0.0,0.0,0.0
t1174,0.0,0.0,0.0,0.0,0.0,0.0,0.0,0.0,0.0,0.0,0.0,0.0,0.0,0.0,0.0,0.0,0.0,0.0
t1175,0.0,0.0,0.0,0.0,0.0,0.0,0.0,0.0,0.0,0.0,0.0,0.0,0.0,0.0,0.0,0.0,0.0,0.0
t1176,0.0,0.0,0.0,0.0,0.0,0.0,0.0,0.0,0.0,0.0,0.0,0.0,0.0,0.0,0.0,0.0,0.0,0.0
t1177,0.0,0.0,0.0,0.0,0.0,0.0,0.0,0.0,0.0,0.0,0.0,0.0,0.0,0.0,0.0,0.0,0.0,0.0
t1178,0.0,0.0,0.0,0.0,0.0,0.0,0.0,0.0,0.0,0.0,0.0,0.0,0.0,0.0,0.0,0.0,0.0,0.0
t1179,0.0,0.0,0.0,0.0,0.0,0.0,0.0,0.0,0.0,0.0,0.0,0.0,0.0,0.0,0.0,0.0,0.0,0.0
t1180,0.0,0.0,0.0,0.0,0.0,0.0,0.0,0.0,0.0,0.0,0.0,0.0,0.0,0.0,0.0,0.0,0.0,0.0
t1181,0.0,0.0,0.0,0.0,0.0,0.0,0.0,0.0,0.0,0.0,0.0,0.0,0.0,0.0,0.0,0.0,0.0,0.0
t1182,0.0,0.0,0.0,0.0,0.0,0.0,0.0,0.0,0.0,0.0,0.0,0.0,0.0,0.0,0.0,0.0,0.0,0.0
t1183,0.0,0.0,0.0,0.0,0.0,0.0,0.0,0.0,0.0,0.0,0.0,0.0,0.0,0.0,0.0,0.0,0.0,0.0
t1184,0.0,0.0,0.0,0.0,0.0,1270.0991509769867,497.3544787999999,0.0,0.0,0.0,0.0,0.0,0.0,0.0,0.0,0.0,0.0,1767.4536297769866
t1185,1220.0,120.0,0.0,0.0,0.0,1556.0101589192548,713.7947674400002,1950.0,0.0,0.0,0.0,0.0,0.0,0.0,0.0,0.0,0.0,5559.804926359255
t1186,723.5906726599999,0.0,0.0,0.0,0.0,3415.5085643284215,1390.48690969,1950.0,0.0,0.0,0.0,0.0,0.0,0.0,0.0,0.0,0.0,7479.586146678422
t1187,1003.5221476599996,0.0,0.0,0.0,0.0,4377.941378792304,1132.9665106399998,0.0,0.0,0.0,0.0,0.0,0.0,0.0,0.0,0.0,0.0,6514.430037092304
t1188,797.3895520199999,0.0,0.0,0.0,0.0,1392.751702153708,999.7510145200001,1950.0,0.0,0.0,0.0,0.0,0.0,0.0,0.0,0.0,0.0,5139.8922686937085
t1189,214.52485937999964,0.0,0.0,0.0,0.0,1967.785674724726,1021.6378339099996,0.0,0.0,0.0,0.0,0.0,0.0,0.0,0.0,0.0,0.0,3203.9483680147255
t1190,1184.9460449171913,120.0,0.0,0.0,0.0,0.0,354.56229830040434,0.0,0.0,0.0,0.0,0.0,0.0,0.0,0.0,0.0,0.0,1659.5083432175957
t1191,0.0,0.0,0.0,0.0,0.0,0.0,0.0,0.0,0.0,0.0,0.0,0.0,0.0,0.0,0.0,0.0,0.0,0.0
t1192,0.0,0.0,0.0,0.0,0.0,0.0,0.0,0.0,0.0,0.0,0.0,0.0,0.0,0.0,0.0,0.0,0.0,0.0
t1193,0.0,0.0,0.0,0.0,0.0,0.0,0.0,0.0,0.0,0.0,0.0,0.0,0.0,0.0,0.0,0.0,0.0,0.0
t1194,0.0,0.0,0.0,0.0,0.0,0.0,0.0,0.0,0.0,0.0,0.0,0.0,0.0,0.0,0.0,0.0,0.0,0.0
t1195,0.0,0.0,0.0,0.0,0.0,0.0,0.0,0.0,0.0,0.0,0.0,0.0,0.0,0.0,0.0,0.0,0.0,0.0
t1196,0.0,0.0,0.0,0.0,0.0,0.0,0.0,0.0,0.0,0.0,0.0,0.0,0.0,0.0,0.0,0.0,0.0,0.0
t1197,0.0,0.0,0.0,0.0,0.0,0.0,0.0,0.0,0.0,0.0,0.0,0.0,0.0,0.0,0.0,0.0,0.0,0.0
t1198,0.0,0.0,0.0,0.0,0.0,0.0,0.0,0.0,0.0,0.0,0.0,0.0,0.0,0.0,0.0,0.0,0.0,0.0
t1199,0.0,0.0,0.0,0.0,0.0,0.0,0.0,0.0,0.0,0.0,0.0,0.0,0.0,0.0,0.0,0.0,0.0,0.0
t1200,0.0,0.0,0.0,0.0,0.0,0.0,0.0,0.0,0.0,0.0,0.0,0.0,0.0,0.0,0.0,0.0,0.0,0.0
t1201,0.0,0.0,0.0,0.0,0.0,0.0,0.0,0.0,0.0,0.0,0.0,0.0,0.0,0.0,0.0,0.0,0.0,0.0
t1202,0.0,0.0,0.0,0.0,0.0,0.0,0.0,0.0,0.0,0.0,0.0,0.0,0.0,0.0,0.0,0.0,0.0,0.0
t1203,0.0,0.0,0.0,0.0,0.0,0.0,0.0,0.0,0.0,0.0,0.0,0.0,0.0,0.0,0.0,0.0,0.0,0.0
t1204,0.0,0.0,0.0,0.0,0.0,0.0,0.0,0.0,0.0,0.0,0.0,0.0,0.0,0.0,0.0,0.0,0.0,0.0
t1205,0.0,0.0,0.0,0.0,0.0,0.0,0.0,0.0,0.0,0.0,0.0,0.0,0.0,0.0,0.0,0.0,0.0,0.0
t1206,0.0,0.0,0.0,0.0,0.0,0.0,0.0,0.0,0.0,0.0,0.0,0.0,0.0,0.0,0.0,0.0,0.0,0.0
t1207,0.0,0.0,0.0,0.0,0.0,0.0,0.0,0.0,0.0,0.0,0.0,0.0,0.0,0.0,0.0,0.0,0.0,0.0
t1208,0.0,0.0,0.0,0.0,0.0,0.0,0.0,0.0,0.0,0.0,0.0,0.0,0.0,0.0,0.0,0.0,0.0,0.0
t1209,0.0,0.0,0.0,0.0,0.0,0.0,0.0,0.0,0.0,0.0,0.0,0.0,0.0,0.0,0.0,0.0,0.0,0.0
t1210,0.0,0.0,0.0,0.0,0.0,0.0,0.0,0.0,0.0,0.0,0.0,0.0,0.0,0.0,0.0,0.0,0.0,0.0
t1211,0.0,0.0,0.0,0.0,0.0,0.0,0.0,0.0,0.0,0.0,0.0,0.0,0.0,0.0,0.0,0.0,0.0,0.0
t1212,0.0,0.0,0.0,0.0,0.0,0.0,0.0,0.0,0.0,0.0,0.0,0.0,0.0,0.0,0.0,0.0,0.0,0.0
t1213,0.0,0.0,0.0,0.0,0.0,0.0,282.4441943329026,0.0,0.0,0.0,0.0,0.0,0.0,0.0,0.0,0.0,0.0,282.4441943329026
t1214,0.0,0.0,0.0,0.0,0.0,0.0,0.0,0.0,0.0,0.0,0.0,0.0,0.0,0.0,0.0,0.0,0.0,0.0
t1215,0.0,0.0,0.0,0.0,0.0,0.0,0.0,0.0,0.0,0.0,0.0,0.0,0.0,0.0,0.0,0.0,0.0,0.0
t1216,0.0,0.0,0.0,0.0,0.0,0.0,0.0,0.0,0.0,0.0,0.0,0.0,0.0,0.0,0.0,0.0,0.0,0.0
t1217,0.0,0.0,0.0,0.0,0.0,0.0,0.0,0.0,0.0,0.0,0.0,0.0,0.0,0.0,0.0,0.0,0.0,0.0
t1218,0.0,0.0,0.0,0.0,0.0,0.0,0.0,0.0,0.0,0.0,0.0,0.0,0.0,0.0,0.0,0.0,0.0,0.0
t1219,0.0,0.0,0.0,0.0,0.0,0.0,0.0,0.0,0.0,0.0,0.0,0.0,0.0,0.0,0.0,0.0,0.0,0.0
t1220,0.0,0.0,0.0,0.0,0.0,0.0,0.0,0.0,0.0,0.0,0.0,0.0,0.0,0.0,0.0,0.0,0.0,0.0
t1221,0.0,0.0,0.0,0.0,0.0,0.0,0.0,0.0,0.0,0.0,0.0,0.0,0.0,0.0,0.0,0.0,0.0,0.0
t1222,0.0,0.0,0.0,0.0,0.0,0.0,0.0,0.0,0.0,0.0,0.0,0.0,0.0,0.0,0.0,0.0,0.0,0.0
t1223,0.0,0.0,0.0,0.0,0.0,0.0,0.0,0.0,0.0,0.0,0.0,0.0,0.0,0.0,0.0,0.0,0.0,0.0
t1224,0.0,0.0,0.0,0.0,0.0,0.0,0.0,0.0,0.0,0.0,0.0,0.0,0.0,0.0,0.0,0.0,0.0,0.0
t1225,0.0,0.0,0.0,0.0,0.0,0.0,0.0,0.0,0.0,0.0,0.0,0.0,0.0,0.0,0.0,0.0,0.0,0.0
t1226,0.0,0.0,0.0,0.0,0.0,0.0,0.0,0.0,0.0,0.0,0.0,0.0,0.0,0.0,0.0,0.0,0.0,0.0
t1227,0.0,0.0,0.0,0.0,0.0,0.0,0.0,0.0,0.0,0.0,0.0,0.0,0.0,0.0,0.0,0.0,0.0,0.0
t1228,0.0,0.0,0.0,0.0,0.0,0.0,0.0,0.0,0.0,0.0,0.0,0.0,0.0,0.0,0.0,0.0,0.0,0.0
t1229,0.0,0.0,0.0,0.0,0.0,0.0,0.0,0.0,0.0,0.0,0.0,0.0,0.0,0.0,0.0,0.0,0.0,0.0
t1230,0.0,0.0,0.0,0.0,0.0,0.0,0.0,0.0,0.0,0.0,0.0,0.0,0.0,0.0,0.0,0.0,0.0,0.0
t1231,0.0,0.0,0.0,0.0,0.0,0.0,0.0,0.0,0.0,0.0,0.0,0.0,0.0,0.0,0.0,0.0,0.0,0.0
t1232,0.0,0.0,0.0,0.0,0.0,0.0,0.0,0.0,0.0,0.0,0.0,0.0,0.0,0.0,0.0,0.0,0.0,0.0
t1233,0.0,0.0,0.0,0.0,0.0,0.0,0.0,0.0,0.0,0.0,0.0,0.0,0.0,0.0,0.0,0.0,0.0,0.0
t1234,875.9854887661949,0.0,0.0,0.0,0.0,0.0,722.7188372912564,0.0,0.0,0.0,0.0,0.0,0.0,0.0,0.0,0.0,0.0,1598.7043260574512
t1235,1220.0,120.0,0.0,0.0,0.0,70.83741525956813,1211.3119084900004,0.0,0.0,0.0,0.0,0.0,0.0,0.0,0.0,0.0,0.0,2622.149323749569
t1236,1220.0,120.0,0.0,0.0,0.0,3377.1105696542754,1590.0,0.0,0.0,0.0,0.0,0.0,0.0,0.0,0.0,0.0,0.0,6307.110569654275
t1237,1220.0,0.0,0.0,0.0,0.0,444.5011376204993,1590.0,1950.0,0.0,0.0,0.0,0.0,0.0,0.0,0.0,0.0,0.0,5204.501137620499
t1238,251.94670708747395,0.0,0.0,0.0,0.0,0.0,1590.0,0.0,0.0,0.0,0.0,0.0,0.0,0.0,0.0,0.0,0.0,1841.946707087474
t1239,0.0,0.0,0.0,0.0,0.0,0.0,0.0,0.0,0.0,0.0,0.0,0.0,0.0,0.0,0.0,0.0,0.0,0.0
t1240,0.0,0.0,0.0,0.0,0.0,0.0,0.0,0.0,0.0,0.0,0.0,0.0,0.0,0.0,0.0,0.0,0.0,0.0
t1241,0.0,0.0,0.0,0.0,0.0,0.0,0.0,0.0,0.0,0.0,0.0,0.0,0.0,0.0,0.0,0.0,0.0,0.0
t1242,0.0,0.0,0.0,0.0,0.0,0.0,0.0,0.0,0.0,0.0,0.0,0.0,0.0,0.0,0.0,0.0,0.0,0.0
t1243,0.0,0.0,0.0,0.0,0.0,0.0,0.0,0.0,0.0,0.0,0.0,0.0,0.0,0.0,0.0,0.0,0.0,0.0
t1244,0.0,0.0,0.0,0.0,0.0,0.0,0.0,0.0,0.0,0.0,0.0,0.0,0.0,0.0,0.0,0.0,0.0,0.0
t1245,0.0,0.0,0.0,0.0,0.0,0.0,0.0,0.0,0.0,0.0,0.0,0.0,0.0,0.0,0.0,0.0,0.0,0.0
t1246,0.0,0.0,0.0,0.0,0.0,0.0,0.0,0.0,0.0,0.0,0.0,0.0,0.0,0.0,0.0,0.0,0.0,0.0
t1247,0.0,0.0,0.0,0.0,0.0,0.0,0.0,0.0,0.0,0.0,0.0,0.0,0.0,0.0,0.0,0.0,0.0,0.0
t1248,0.0,0.0,0.0,0.0,0.0,0.0,0.0,0.0,0.0,0.0,0.0,0.0,0.0,0.0,0.0,0.0,0.0,0.0
t1249,0.0,0.0,0.0,0.0,0.0,0.0,0.0,0.0,0.0,0.0,0.0,0.0,0.0,0.0,0.0,0.0,0.0,0.0
t1250,0.0,0.0,0.0,0.0,0.0,0.0,0.0,0.0,0.0,0.0,0.0,0.0,0.0,0.0,0.0,0.0,0.0,0.0
t1251,0.0,0.0,0.0,0.0,0.0,0.0,0.0,0.0,0.0,0.0,0.0,0.0,0.0,0.0,0.0,0.0,0.0,0.0
t1252,0.0,0.0,0.0,0.0,0.0,0.0,0.0,0.0,0.0,0.0,0.0,0.0,0.0,0.0,0.0,0.0,0.0,0.0
t1253,0.0,0.0,0.0,0.0,0.0,0.0,0.0,0.0,0.0,0.0,0.0,0.0,0.0,0.0,0.0,0.0,0.0,0.0
t1254,0.0,0.0,0.0,0.0,0.0,0.0,0.0,0.0,0.0,0.0,0.0,0.0,0.0,0.0,0.0,0.0,0.0,0.0
t1255,0.0,0.0,0.0,0.0,0.0,0.0,0.0,0.0,0.0,0.0,0.0,0.0,0.0,0.0,0.0,0.0,0.0,0.0
t1256,0.0,120.0,0.0,0.0,0.0,637.27194332734,963.1904175797658,0.0,0.0,0.0,0.0,0.0,0.0,0.0,0.0,0.0,0.0,1720.462360907106
t1257,1220.0,120.0,0.0,0.0,0.0,3195.6111327992635,617.6584183900003,1950.0,0.0,0.0,0.0,0.0,0.0,0.0,0.0,0.0,0.0,7103.269551189264
t1258,1220.0,120.0,0.0,0.0,0.0,3601.715856755398,846.3812418800001,1950.0,0.0,0.0,0.0,0.0,0.0,0.0,0.0,0.0,0.0,7738.097098635398
t1259,0.0,0.0,0.0,0.0,0.0,7711.603737042423,1011.7696420107152,0.0,0.0,0.0,0.0,0.0,0.0,0.0,0.0,0.0,0.0,8723.373379053139
t1260,0.0,0.0,0.0,0.0,0.0,6126.74767241554,1060.14124558,1950.0,0.0,0.0,0.0,0.0,0.0,0.0,0.0,0.0,0.0,9136.88891799554
t1261,1220.0,0.0,0.0,0.0,0.0,8428.079284249967,990.4949483207761,0.0,0.0,0.0,0.0,0.0,0.0,0.0,0.0,0.0,0.0,10638.574232570743
t1262,263.9732766371902,25.964584587264614,0.0,0.0,0.0,5944.589592016274,776.0764089400001,421.9244995430499,0.0,0.0,0.0,0.0,0.0,0.0,0.0,0.0,0.0,7432.528361723778
t1263,1220.0,120.0,0.0,0.0,0.0,825.9945870591196,438.31842307999966,1950.0,0.0,0.0,0.0,0.0,0.0,0.0,0.0,0.0,0.0,4554.31301013912
t1264,0.0,0.0,0.0,0.0,0.0,0.0,0.0,0.0,0.0,0.0,0.0,0.0,0.0,0.0,0.0,0.0,0.0,0.0
t1265,0.0,0.0,0.0,0.0,0.0,0.0,0.0,0.0,0.0,0.0,0.0,0.0,0.0,0.0,0.0,0.0,0.0,0.0
t1266,0.0,0.0,0.0,0.0,0.0,0.0,0.0,0.0,0.0,0.0,0.0,0.0,0.0,0.0,0.0,0.0,0.0,0.0
t1267,0.0,0.0,0.0,0.0,0.0,0.0,0.0,0.0,0.0,0.0,0.0,0.0,0.0,0.0,0.0,0.0,0.0,0.0
t1268,0.0,0.0,0.0,0.0,0.0,0.0,0.0,0.0,0.0,0.0,0.0,0.0,0.0,0.0,0.0,0.0,0.0,0.0
t1269,0.0,0.0,0.0,0.0,0.0,0.0,0.0,0.0,0.0,0.0,0.0,0.0,0.0,0.0,0.0,0.0,0.0,0.0
t1270,0.0,0.0,0.0,0.0,0.0,0.0,0.0,0.0,0.0,0.0,0.0,0.0,0.0,0.0,0.0,0.0,0.0,0.0
t1271,0.0,0.0,0.0,0.0,0.0,0.0,0.0,0.0,0.0,0.0,0.0,0.0,0.0,0.0,0.0,0.0,0.0,0.0
t1272,0.0,0.0,0.0,0.0,0.0,0.0,0.0,0.0,0.0,0.0,0.0,0.0,0.0,0.0,0.0,0.0,0.0,0.0
t1273,0.0,0.0,0.0,0.0,0.0,0.0,0.0,0.0,0.0,0.0,0.0,0.0,0.0,0.0,0.0,0.0,0.0,0.0
t1274,0.0,0.0,0.0,0.0,0.0,0.0,0.0,0.0,0.0,0.0,0.0,0.0,0.0,0.0,0.0,0.0,0.0,0.0
t1275,0.0,0.0,0.0,0.0,0.0,0.0,0.0,0.0,0.0,0.0,0.0,0.0,0.0,0.0,0.0,0.0,0.0,0.0
t1276,0.0,0.0,0.0,0.0,0.0,0.0,0.0,0.0,0.0,0.0,0.0,0.0,0.0,0.0,0.0,0.0,0.0,0.0
t1277,0.0,0.0,0.0,0.0,0.0,0.0,0.0,0.0,0.0,0.0,0.0,0.0,0.0,0.0,0.0,0.0,0.0,0.0
t1278,0.0,0.0,0.0,0.0,0.0,0.0,0.0,0.0,0.0,0.0,0.0,0.0,0.0,0.0,0.0,0.0,0.0,0.0
t1279,0.0,0.0,0.0,0.0,0.0,0.0,0.0,0.0,0.0,0.0,0.0,0.0,0.0,0.0,0.0,0.0,0.0,0.0
t1280,0.0,0.0,0.0,0.0,0.0,0.0,0.0,0.0,0.0,0.0,0.0,0.0,0.0,0.0,0.0,0.0,0.0,0.0
t1281,1220.0,120.0,0.0,0.0,0.0,1091.361712427275,890.9036897887937,1950.0,0.0,0.0,0.0,0.0,0.0,0.0,0.0,0.0,0.0,5272.265402216069
t1282,412.80581153999987,0.0,0.0,0.0,0.0,6752.024484307142,751.9748222600002,0.0,0.0,0.0,0.0,0.0,0.0,0.0,0.0,0.0,0.0,7916.805118107142
t1283,0.0,0.0,0.0,0.0,0.0,6966.077082517694,1139.2179519324634,0.0,0.0,0.0,0.0,0.0,0.0,0.0,0.0,0.0,0.0,8105.295034450158
t1284,1220.0,120.0,0.0,0.0,0.0,3834.689485330231,1058.15462739,1950.0,0.0,0.0,0.0,0.0,0.0,0.0,0.0,0.0,0.0,8182.844112720231
t1285,847.9650302371894,0.0,0.0,0.0,0.0,5514.1299610037695,1590.0,1950.0,0.0,0.0,0.0,0.0,0.0,0.0,0.0,0.0,0.0,9902.09499124096
t1286,223.20243486000066,0.0,0.0,0.0,0.0,6112.288916794272,829.8523415599997,1950.0,0.0,0.0,0.0,0.0,0.0,0.0,0.0,0.0,0.0,9115.343693214272
t1287,1220.0,120.0,0.0,0.0,0.0,2893.1376925524364,443.92731284999985,0.0,0.0,0.0,0.0,0.0,0.0,0.0,0.0,0.0,0.0,4677.065005402436
t1288,0.0,0.0,0.0,0.0,0.0,0.0,0.0,0.0,0.0,0.0,0.0,0.0,0.0,0.0,0.0,0.0,0.0,0.0
t1289,0.0,0.0,0.0,0.0,0.0,0.0,0.0,0.0,0.0,0.0,0.0,0.0,0.0,0.0,0.0,0.0,0.0,0.0
t1290,0.0,0.0,0.0,0.0,0.0,0.0,0.0,0.0,0.0,0.0,0.0,0.0,0.0,0.0,0.0,0.0,0.0,0.0
t1291,0.0,0.0,0.0,0.0,0.0,0.0,0.0,0.0,0.0,0.0,0.0,0.0,0.0,0.0,0.0,0.0,0.0,0.0
t1292,0.0,0.0,0.0,0.0,0.0,0.0,0.0,0.0,0.0,0.0,0.0,0.0,0.0,0.0,0.0,0.0,0.0,0.0
t1293,0.0,0.0,0.0,0.0,0.0,0.0,0.0,0.0,0.0,0.0,0.0,0.0,0.0,0.0,0.0,0.0,0.0,0.0
t1294,0.0,0.0,0.0,0.0,0.0,0.0,0.0,0.0,0.0,0.0,0.0,0.0,0.0,0.0,0.0,0.0,0.0,0.0
t1295,0.0,0.0,0.0,0.0,0.0,0.0,0.0,0.0,0.0,0.0,0.0,0.0,0.0,0.0,0.0,0.0,0.0,0.0
t1296,0.0,0.0,0.0,0.0,0.0,0.0,0.0,0.0,0.0,0.0,0.0,0.0,0.0,0.0,0.0,0.0,0.0,0.0
t1297,0.0,0.0,0.0,0.0,0.0,0.0,0.0,0.0,0.0,0.0,0.0,0.0,0.0,0.0,0.0,0.0,0.0,0.0
t1298,0.0,0.0,0.0,0.0,0.0,0.0,0.0,0.0,0.0,0.0,0.0,0.0,0.0,0.0,0.0,0.0,0.0,0.0
t1299,0.0,0.0,0.0,0.0,0.0,0.0,0.0,0.0,0.0,0.0,0.0,0.0,0.0,0.0,0.0,0.0,0.0,0.0
t1300,0.0,0.0,0.0,0.0,0.0,0.0,0.0,0.0,0.0,0.0,0.0,0.0,0.0,0.0,0.0,0.0,0.0,0.0
t1301,0.0,0.0,0.0,0.0,0.0,0.0,0.0,0.0,0.0,0.0,0.0,0.0,0.0,0.0,0.0,0.0,0.0,0.0
t1302,0.0,0.0,0.0,0.0,0.0,0.0,0.0,0.0,0.0,0.0,0.0,0.0,0.0,0.0,0.0,0.0,0.0,0.0
t1303,0.0,0.0,0.0,0.0,0.0,0.0,0.0,0.0,0.0,0.0,0.0,0.0,0.0,0.0,0.0,0.0,0.0,0.0
t1304,168.9114281371901,120.0,295.44238119999966,0.0,0.0,1456.7568956322498,291.87751729125495,0.0,0.0,0.0,0.0,0.0,0.0,0.0,0.0,0.0,0.0,2332.988222260695
t1305,1220.0,0.0,905.3863174000002,0.0,0.0,4387.624505084792,257.5324048200003,1594.8585083730493,0.0,0.0,0.0,0.0,0.0,0.0,0.0,0.0,0.0,8365.40173567784
t1306,0.0,120.0,1103.4478046899997,0.0,0.0,4828.1305380649255,1109.2181483300003,0.0,0.0,0.0,0.0,0.0,0.0,0.0,0.0,0.0,0.0,7160.796491084925
t1307,1220.0,0.0,1137.5296642700002,0.0,0.0,5734.083348484917,860.9800796100002,1950.0,0.0,0.0,0.0,0.0,0.0,0.0,0.0,0.0,0.0,10902.593092364918
t1308,156.78738205999994,120.0,1178.7478571800002,0.0,0.0,5540.710494664423,1002.18323313,1950.0,0.0,0.0,0.0,0.0,0.0,0.0,0.0,0.0,0.0,9948.428967034422
t1309,0.0,25.964584587264614,1201.55390218,0.0,0.0,5238.108366770398,1388.2389731600001,1950.0,0.0,0.0,0.0,0.0,0.0,0.0,0.0,0.0,0.0,9803.865826697662
t1310,1220.0,0.0,809.5799032999998,0.0,0.0,6800.459413822884,837.6831042700002,777.0659911700009,0.0,0.0,0.0,0.0,0.0,0.0,0.0,0.0,0.0,10444.788412562884
t1311,1158.2744664400002,120.0,0.0,0.0,0.0,2485.7402431407377,901.7038931200001,0.0,0.0,0.0,0.0,0.0,0.0,0.0,0.0,0.0,0.0,4665.718602700738
t1312,0.0,0.0,198.834061708073,0.0,0.0,0.0,54.613392050000044,0.0,0.0,0.0,0.0,0.0,0.0,0.0,0.0,0.0,0.0,253.44745375807304
t1313,0.0,0.0,0.0,0.0,0.0,0.0,0.0,0.0,0.0,0.0,0.0,0.0,0.0,0.0,0.0,0.0,0.0,0.0
t1314,0.0,0.0,0.0,0.0,0.0,0.0,0.0,0.0,0.0,0.0,0.0,0.0,0.0,0.0,0.0,0.0,0.0,0.0
t1315,0.0,0.0,0.0,0.0,0.0,0.0,0.0,0.0,0.0,0.0,0.0,0.0,0.0,0.0,0.0,0.0,0.0,0.0
t1316,0.0,0.0,0.0,0.0,0.0,0.0,0.0,0.0,0.0,0.0,0.0,0.0,0.0,0.0,0.0,0.0,0.0,0.0
t1317,0.0,0.0,0.0,0.0,0.0,0.0,0.0,0.0,0.0,0.0,0.0,0.0,0.0,0.0,0.0,0.0,0.0,0.0
t1318,0.0,0.0,0.0,0.0,0.0,0.0,0.0,0.0,0.0,0.0,0.0,0.0,0.0,0.0,0.0,0.0,0.0,0.0
t1319,0.0,0.0,0.0,0.0,0.0,0.0,0.0,0.0,0.0,0.0,0.0,0.0,0.0,0.0,0.0,0.0,0.0,0.0
t1320,0.0,0.0,0.0,0.0,0.0,0.0,0.0,0.0,0.0,0.0,0.0,0.0,0.0,0.0,0.0,0.0,0.0,0.0
t1321,0.0,0.0,0.0,0.0,0.0,0.0,0.0,0.0,0.0,0.0,0.0,0.0,0.0,0.0,0.0,0.0,0.0,0.0
t1322,0.0,0.0,0.0,0.0,0.0,0.0,0.0,0.0,0.0,0.0,0.0,0.0,0.0,0.0,0.0,0.0,0.0,0.0
t1323,0.0,0.0,0.0,0.0,0.0,0.0,0.0,0.0,0.0,0.0,0.0,0.0,0.0,0.0,0.0,0.0,0.0,0.0
t1324,0.0,0.0,0.0,0.0,0.0,0.0,0.0,0.0,0.0,0.0,0.0,0.0,0.0,0.0,0.0,0.0,0.0,0.0
t1325,0.0,0.0,0.0,0.0,0.0,0.0,0.0,0.0,0.0,0.0,0.0,0.0,0.0,0.0,0.0,0.0,0.0,0.0
t1326,0.0,0.0,0.0,0.0,0.0,0.0,0.0,0.0,0.0,0.0,0.0,0.0,0.0,0.0,0.0,0.0,0.0,0.0
t1327,0.0,0.0,0.0,0.0,0.0,0.0,0.0,0.0,0.0,0.0,0.0,0.0,0.0,0.0,0.0,0.0,0.0,0.0
t1328,14.696899986230859,0.0,318.38815337999984,0.0,0.0,0.0,198.67823625125592,0.0,0.0,0.0,0.0,0.0,0.0,0.0,0.0,0.0,0.0,531.7632896174866
t1329,656.3781804709595,120.0,958.9339820700002,0.0,0.0,4241.002533600621,613.0364761300002,421.92449954305056,0.0,0.0,0.0,0.0,0.0,0.0,0.0,0.0,0.0,7011.275671814632
t1330,0.0,120.0,1148.72131038,0.0,0.0,5045.971806737963,857.5654406600001,1950.0,0.0,0.0,0.0,0.0,0.0,0.0,0.0,0.0,0.0,9122.258557777963
t1331,1220.0,0.0,1236.6934390899996,0.0,0.0,6779.887360984535,894.2264532300002,0.0,0.0,0.0,0.0,0.0,0.0,0.0,0.0,0.0,0.0,10130.807253304534
t1332,1220.0,120.0,736.1566246980726,0.0,0.0,6114.200987774374,1175.77496104,1950.0,0.0,0.0,0.0,0.0,0.0,0.0,0.0,0.0,0.0,11316.132573512446
t1333,0.0,0.0,1280.8700104000002,0.0,0.0,6645.561968229533,1364.60846971,1950.0,0.0,0.0,0.0,0.0,0.0,0.0,0.0,0.0,0.0,11241.040448339532
t1334,1220.0,25.964584587264614,1150.7583719099998,0.0,0.0,4451.907349249017,1076.0324174600003,1950.0,0.0,0.0,0.0,0.0,0.0,0.0,0.0,0.0,0.0,9874.662723206282
t1335,812.8981961799997,120.0,0.0,0.0,0.0,3193.081799089286,524.1082912999999,0.0,0.0,0.0,0.0,0.0,0.0,0.0,0.0,0.0,0.0,4650.088286569286
t1336,0.0,0.0,0.0,0.0,0.0,0.0,0.0,0.0,0.0,0.0,0.0,0.0,0.0,0.0,0.0,0.0,0.0,0.0
t1337,0.0,0.0,0.0,0.0,0.0,0.0,0.0,0.0,0.0,0.0,0.0,0.0,0.0,0.0,0.0,0.0,0.0,0.0
t1338,0.0,0.0,0.0,0.0,0.0,0.0,0.0,0.0,0.0,0.0,0.0,0.0,0.0,0.0,0.0,0.0,0.0,0.0
t1339,0.0,0.0,0.0,0.0,0.0,0.0,0.0,0.0,0.0,0.0,0.0,0.0,0.0,0.0,0.0,0.0,0.0,0.0
t1340,0.0,0.0,0.0,0.0,0.0,0.0,0.0,0.0,0.0,0.0,0.0,0.0,0.0,0.0,0.0,0.0,0.0,0.0
t1341,0.0,0.0,0.0,0.0,0.0,0.0,0.0,0.0,0.0,0.0,0.0,0.0,0.0,0.0,0.0,0.0,0.0,0.0
t1342,0.0,0.0,0.0,0.0,0.0,0.0,0.0,0.0,0.0,0.0,0.0,0.0,0.0,0.0,0.0,0.0,0.0,0.0
t1343,0.0,0.0,0.0,0.0,0.0,0.0,0.0,0.0,0.0,0.0,0.0,0.0,0.0,0.0,0.0,0.0,0.0,0.0
t1344,0.0,0.0,0.0,0.0,0.0,0.0,0.0,0.0,0.0,0.0,0.0,0.0,0.0,0.0,0.0,0.0,0.0,0.0
t1345,0.0,0.0,0.0,0.0,0.0,0.0,0.0,0.0,0.0,0.0,0.0,0.0,0.0,0.0,0.0,0.0,0.0,0.0
t1346,0.0,0.0,0.0,0.0,0.0,0.0,0.0,0.0,0.0,0.0,0.0,0.0,0.0,0.0,0.0,0.0,0.0,0.0
t1347,0.0,0.0,0.0,0.0,0.0,0.0,0.0,0.0,0.0,0.0,0.0,0.0,0.0,0.0,0.0,0.0,0.0,0.0
t1348,0.0,0.0,0.0,0.0,0.0,0.0,0.0,0.0,0.0,0.0,0.0,0.0,0.0,0.0,0.0,0.0,0.0,0.0
t1349,0.0,0.0,0.0,0.0,0.0,0.0,0.0,0.0,0.0,0.0,0.0,0.0,0.0,0.0,0.0,0.0,0.0,0.0
t1350,0.0,0.0,0.0,0.0,0.0,0.0,0.0,0.0,0.0,0.0,0.0,0.0,0.0,0.0,0.0,0.0,0.0,0.0
t1351,0.0,0.0,0.0,0.0,0.0,0.0,0.0,0.0,0.0,0.0,0.0,0.0,0.0,0.0,0.0,0.0,0.0,0.0
t1352,0.0,0.0,0.0,0.0,0.0,1270.0991509769867,497.3544787999999,0.0,0.0,0.0,0.0,0.0,0.0,0.0,0.0,0.0,0.0,1767.4536297769866
t1353,1220.0,120.0,0.0,0.0,0.0,1556.0101589192548,713.7947674400002,1950.0,0.0,0.0,0.0,0.0,0.0,0.0,0.0,0.0,0.0,5559.804926359255
t1354,723.5906726599999,0.0,0.0,0.0,0.0,3415.5085643284215,1390.48690969,1950.0,0.0,0.0,0.0,0.0,0.0,0.0,0.0,0.0,0.0,7479.586146678422
t1355,1003.5221476599996,0.0,0.0,0.0,0.0,4377.941378792304,1132.9665106399998,0.0,0.0,0.0,0.0,0.0,0.0,0.0,0.0,0.0,0.0,6514.430037092304
t1356,797.3895520199999,0.0,0.0,0.0,0.0,1392.751702153708,999.7510145200001,1950.0,0.0,0.0,0.0,0.0,0.0,0.0,0.0,0.0,0.0,5139.8922686937085
t1357,214.52485937999964,0.0,0.0,0.0,0.0,1967.785674724726,1021.6378339099996,0.0,0.0,0.0,0.0,0.0,0.0,0.0,0.0,0.0,0.0,3203.9483680147255
t1358,1184.9460449171913,120.0,0.0,0.0,0.0,0.0,354.56229830040434,0.0,0.0,0.0,0.0,0.0,0.0,0.0,0.0,0.0,0.0,1659.5083432175957
t1359,0.0,0.0,0.0,0.0,0.0,0.0,0.0,0.0,0.0,0.0,0.0,0.0,0.0,0.0,0.0,0.0,0.0,0.0
t1360,0.0,0.0,0.0,0.0,0.0,0.0,0.0,0.0,0.0,0.0,0.0,0.0,0.0,0.0,0.0,0.0,0.0,0.0
t1361,0.0,0.0,0.0,0.0,0.0,0.0,0.0,0.0,0.0,0.0,0.0,0.0,0.0,0.0,0.0,0.0,0.0,0.0
t1362,0.0,0.0,0.0,0.0,0.0,0.0,0.0,0.0,0.0,0.0,0.0,0.0,0.0,0.0,0.0,0.0,0.0,0.0
t1363,0.0,0.0,0.0,0.0,0.0,0.0,0.0,0.0,0.0,0.0,0.0,0.0,0.0,0.0,0.0,0.0,0.0,0.0
t1364,0.0,0.0,0.0,0.0,0.0,0.0,0.0,0.0,0.0,0.0,0.0,0.0,0.0,0.0,0.0,0.0,0.0,0.0
t1365,0.0,0.0,0.0,0.0,0.0,0.0,0.0,0.0,0.0,0.0,0.0,0.0,0.0,0.0,0.0,0.0,0.0,0.0
t1366,0.0,0.0,0.0,0.0,0.0,0.0,0.0,0.0,0.0,0.0,0.0,0.0,0.0,0.0,0.0,0.0,0.0,0.0
t1367,0.0,0.0,0.0,0.0,0.0,0.0,0.0,0.0,0.0,0.0,0.0,0.0,0.0,0.0,0.0,0.0,0.0,0.0
t1368,0.0,0.0,0.0,0.0,0.0,0.0,0.0,0.0,0.0,0.0,0.0,0.0,0.0,0.0,0.0,0.0,0.0,0.0
t1369,0.0,0.0,0.0,0.0,0.0,0.0,0.0,0.0,0.0,0.0,0.0,0.0,0.0,0.0,0.0,0.0,0.0,0.0
t1370,0.0,0.0,0.0,0.0,0.0,0.0,0.0,0.0,0.0,0.0,0.0,0.0,0.0,0.0,0.0,0.0,0.0,0.0
t1371,0.0,0.0,0.0,0.0,0.0,0.0,0.0,0.0,0.0,0.0,0.0,0.0,0.0,0.0,0.0,0.0,0.0,0.0
t1372,0.0,0.0,0.0,0.0,0.0,0.0,0.0,0.0,0.0,0.0,0.0,0.0,0.0,0.0,0.0,0.0,0.0,0.0
t1373,0.0,0.0,0.0,0.0,0.0,0.0,0.0,0.0,0.0,0.0,0.0,0.0,0.0,0.0,0.0,0.0,0.0,0.0
t1374,0.0,0.0,0.0,0.0,0.0,0.0,0.0,0.0,0.0,0.0,0.0,0.0,0.0,0.0,0.0,0.0,0.0,0.0
t1375,0.0,0.0,0.0,0.0,0.0,0.0,0.0,0.0,0.0,0.0,0.0,0.0,0.0,0.0,0.0,0.0,0.0,0.0
t1376,0.0,0.0,0.0,0.0,0.0,0.0,0.0,0.0,0.0,0.0,0.0,0.0,0.0,0.0,0.0,0.0,0.0,0.0
t1377,0.0,0.0,0.0,0.0,0.0,0.0,0.0,0.0,0.0,0.0,0.0,0.0,0.0,0.0,0.0,0.0,0.0,0.0
t1378,0.0,0.0,0.0,0.0,0.0,0.0,0.0,0.0,0.0,0.0,0.0,0.0,0.0,0.0,0.0,0.0,0.0,0.0
t1379,0.0,0.0,0.0,0.0,0.0,0.0,0.0,0.0,0.0,0.0,0.0,0.0,0.0,0.0,0.0,0.0,0.0,0.0
t1380,0.0,0.0,0.0,0.0,0.0,0.0,0.0,0.0,0.0,0.0,0.0,0.0,0.0,0.0,0.0,0.0,0.0,0.0
t1381,0.0,0.0,0.0,0.0,0.0,0.0,282.4441943329026,0.0,0.0,0.0,0.0,0.0,0.0,0.0,0.0,0.0,0.0,282.4441943329026
t1382,0.0,0.0,0.0,0.0,0.0,0.0,0.0,0.0,0.0,0.0,0.0,0.0,0.0,0.0,0.0,0.0,0.0,0.0
t1383,0.0,0.0,0.0,0.0,0.0,0.0,0.0,0.0,0.0,0.0,0.0,0.0,0.0,0.0,0.0,0.0,0.0,0.0
t1384,0.0,0.0,0.0,0.0,0.0,0.0,0.0,0.0,0.0,0.0,0.0,0.0,0.0,0.0,0.0,0.0,0.0,0.0
t1385,0.0,0.0,0.0,0.0,0.0,0.0,0.0,0.0,0.0,0.0,0.0,0.0,0.0,0.0,0.0,0.0,0.0,0.0
t1386,0.0,0.0,0.0,0.0,0.0,0.0,0.0,0.0,0.0,0.0,0.0,0.0,0.0,0.0,0.0,0.0,0.0,0.0
t1387,0.0,0.0,0.0,0.0,0.0,0.0,0.0,0.0,0.0,0.0,0.0,0.0,0.0,0.0,0.0,0.0,0.0,0.0
t1388,0.0,0.0,0.0,0.0,0.0,0.0,0.0,0.0,0.0,0.0,0.0,0.0,0.0,0.0,0.0,0.0,0.0,0.0
t1389,0.0,0.0,0.0,0.0,0.0,0.0,0.0,0.0,0.0,0.0,0.0,0.0,0.0,0.0,0.0,0.0,0.0,0.0
t1390,0.0,0.0,0.0,0.0,0.0,0.0,0.0,0.0,0.0,0.0,0.0,0.0,0.0,0.0,0.0,0.0,0.0,0.0
t1391,0.0,0.0,0.0,0.0,0.0,0.0,0.0,0.0,0.0,0.0,0.0,0.0,0.0,0.0,0.0,0.0,0.0,0.0
t1392,0.0,0.0,0.0,0.0,0.0,0.0,0.0,0.0,0.0,0.0,0.0,0.0,0.0,0.0,0.0,0.0,0.0,0.0
t1393,0.0,0.0,0.0,0.0,0.0,0.0,0.0,0.0,0.0,0.0,0.0,0.0,0.0,0.0,0.0,0.0,0.0,0.0
t1394,0.0,0.0,0.0,0.0,0.0,0.0,0.0,0.0,0.0,0.0,0.0,0.0,0.0,0.0,0.0,0.0,0.0,0.0
t1395,0.0,0.0,0.0,0.0,0.0,0.0,0.0,0.0,0.0,0.0,0.0,0.0,0.0,0.0,0.0,0.0,0.0,0.0
t1396,0.0,0.0,0.0,0.0,0.0,0.0,0.0,0.0,0.0,0.0,0.0,0.0,0.0,0.0,0.0,0.0,0.0,0.0
t1397,0.0,0.0,0.0,0.0,0.0,0.0,0.0,0.0,0.0,0.0,0.0,0.0,0.0,0.0,0.0,0.0,0.0,0.0
t1398,0.0,0.0,0.0,0.0,0.0,0.0,0.0,0.0,0.0,0.0,0.0,0.0,0.0,0.0,0.0,0.0,0.0,0.0
t1399,0.0,0.0,0.0,0.0,0.0,0.0,0.0,0.0,0.0,0.0,0.0,0.0,0.0,0.0,0.0,0.0,0.0,0.0
t1400,0.0,0.0,0.0,0.0,0.0,0.0,0.0,0.0,0.0,0.0,0.0,0.0,0.0,0.0,0.0,0.0,0.0,0.0
t1401,0.0,0.0,0.0,0.0,0.0,0.0,0.0,0.0,0.0,0.0,0.0,0.0,0.0,0.0,0.0,0.0,0.0,0.0
t1402,875.9854887661949,0.0,0.0,0.0,0.0,0.0,722.7188372912564,0.0,0.0,0.0,0.0,0.0,0.0,0.0,0.0,0.0,0.0,1598.7043260574512
t1403,1220.0,120.0,0.0,0.0,0.0,70.83741525956813,1211.3119084900004,0.0,0.0,0.0,0.0,0.0,0.0,0.0,0.0,0.0,0.0,2622.149323749569
t1404,1220.0,120.0,0.0,0.0,0.0,3377.1105696542754,1590.0,0.0,0.0,0.0,0.0,0.0,0.0,0.0,0.0,0.0,0.0,6307.110569654275
t1405,1220.0,0.0,0.0,0.0,0.0,444.5011376204993,1590.0,1950.0,0.0,0.0,0.0,0.0,0.0,0.0,0.0,0.0,0.0,5204.501137620499
t1406,251.94670708747395,0.0,0.0,0.0,0.0,0.0,1590.0,0.0,0.0,0.0,0.0,0.0,0.0,0.0,0.0,0.0,0.0,1841.946707087474
t1407,0.0,0.0,0.0,0.0,0.0,0.0,0.0,0.0,0.0,0.0,0.0,0.0,0.0,0.0,0.0,0.0,0.0,0.0
t1408,0.0,0.0,0.0,0.0,0.0,0.0,0.0,0.0,0.0,0.0,0.0,0.0,0.0,0.0,0.0,0.0,0.0,0.0
t1409,0.0,0.0,0.0,0.0,0.0,0.0,0.0,0.0,0.0,0.0,0.0,0.0,0.0,0.0,0.0,0.0,0.0,0.0
t1410,0.0,0.0,0.0,0.0,0.0,0.0,0.0,0.0,0.0,0.0,0.0,0.0,0.0,0.0,0.0,0.0,0.0,0.0
t1411,0.0,0.0,0.0,0.0,0.0,0.0,0.0,0.0,0.0,0.0,0.0,0.0,0.0,0.0,0.0,0.0,0.0,0.0
t1412,0.0,0.0,0.0,0.0,0.0,0.0,0.0,0.0,0.0,0.0,0.0,0.0,0.0,0.0,0.0,0.0,0.0,0.0
t1413,0.0,0.0,0.0,0.0,0.0,0.0,0.0,0.0,0.0,0.0,0.0,0.0,0.0,0.0,0.0,0.0,0.0,0.0
t1414,0.0,0.0,0.0,0.0,0.0,0.0,0.0,0.0,0.0,0.0,0.0,0.0,0.0,0.0,0.0,0.0,0.0,0.0
t1415,0.0,0.0,0.0,0.0,0.0,0.0,0.0,0.0,0.0,0.0,0.0,0.0,0.0,0.0,0.0,0.0,0.0,0.0
t1416,0.0,0.0,0.0,0.0,0.0,0.0,0.0,0.0,0.0,0.0,0.0,0.0,0.0,0.0,0.0,0.0,0.0,0.0
t1417,0.0,0.0,0.0,0.0,0.0,0.0,0.0,0.0,0.0,0.0,0.0,0.0,0.0,0.0,0.0,0.0,0.0,0.0
t1418,0.0,0.0,0.0,0.0,0.0,0.0,0.0,0.0,0.0,0.0,0.0,0.0,0.0,0.0,0.0,0.0,0.0,0.0
t1419,0.0,0.0,0.0,0.0,0.0,0.0,0.0,0.0,0.0,0.0,0.0,0.0,0.0,0.0,0.0,0.0,0.0,0.0
t1420,0.0,0.0,0.0,0.0,0.0,0.0,0.0,0.0,0.0,0.0,0.0,0.0,0.0,0.0,0.0,0.0,0.0,0.0
t1421,0.0,0.0,0.0,0.0,0.0,0.0,0.0,0.0,0.0,0.0,0.0,0.0,0.0,0.0,0.0,0.0,0.0,0.0
t1422,0.0,0.0,0.0,0.0,0.0,0.0,0.0,0.0,0.0,0.0,0.0,0.0,0.0,0.0,0.0,0.0,0.0,0.0
t1423,0.0,0.0,0.0,0.0,0.0,0.0,0.0,0.0,0.0,0.0,0.0,0.0,0.0,0.0,0.0,0.0,0.0,0.0
t1424,0.0,120.0,0.0,0.0,0.0,637.27194332734,963.1904175797658,0.0,0.0,0.0,0.0,0.0,0.0,0.0,0.0,0.0,0.0,1720.462360907106
t1425,1220.0,120.0,0.0,0.0,0.0,3195.6111327992635,617.6584183900003,1950.0,0.0,0.0,0.0,0.0,0.0,0.0,0.0,0.0,0.0,7103.269551189264
t1426,1220.0,120.0,0.0,0.0,0.0,3601.715856755398,846.3812418800001,1950.0,0.0,0.0,0.0,0.0,0.0,0.0,0.0,0.0,0.0,7738.097098635398
t1427,0.0,0.0,0.0,0.0,0.0,7711.603737042423,1011.7696420107152,0.0,0.0,0.0,0.0,0.0,0.0,0.0,0.0,0.0,0.0,8723.373379053139
t1428,0.0,0.0,0.0,0.0,0.0,6126.74767241554,1060.14124558,1950.0,0.0,0.0,0.0,0.0,0.0,0.0,0.0,0.0,0.0,9136.88891799554
t1429,1220.0,0.0,0.0,0.0,0.0,8428.079284249967,990.4949483207761,0.0,0.0,0.0,0.0,0.0,0.0,0.0,0.0,0.0,0.0,10638.574232570743
t1430,263.9732766371902,25.964584587264614,0.0,0.0,0.0,5944.589592016274,776.0764089400001,421.9244995430499,0.0,0.0,0.0,0.0,0.0,0.0,0.0,0.0,0.0,7432.528361723778
t1431,1220.0,120.0,0.0,0.0,0.0,825.9945870591196,438.31842307999966,1950.0,0.0,0.0,0.0,0.0,0.0,0.0,0.0,0.0,0.0,4554.31301013912
t1432,0.0,0.0,0.0,0.0,0.0,0.0,0.0,0.0,0.0,0.0,0.0,0.0,0.0,0.0,0.0,0.0,0.0,0.0
t1433,0.0,0.0,0.0,0.0,0.0,0.0,0.0,0.0,0.0,0.0,0.0,0.0,0.0,0.0,0.0,0.0,0.0,0.0
t1434,0.0,0.0,0.0,0.0,0.0,0.0,0.0,0.0,0.0,0.0,0.0,0.0,0.0,0.0,0.0,0.0,0.0,0.0
t1435,0.0,0.0,0.0,0.0,0.0,0.0,0.0,0.0,0.0,0.0,0.0,0.0,0.0,0.0,0.0,0.0,0.0,0.0
t1436,0.0,0.0,0.0,0.0,0.0,0.0,0.0,0.0,0.0,0.0,0.0,0.0,0.0,0.0,0.0,0.0,0.0,0.0
t1437,0.0,0.0,0.0,0.0,0.0,0.0,0.0,0.0,0.0,0.0,0.0,0.0,0.0,0.0,0.0,0.0,0.0,0.0
t1438,0.0,0.0,0.0,0.0,0.0,0.0,0.0,0.0,0.0,0.0,0.0,0.0,0.0,0.0,0.0,0.0,0.0,0.0
t1439,0.0,0.0,0.0,0.0,0.0,0.0,0.0,0.0,0.0,0.0,0.0,0.0,0.0,0.0,0.0,0.0,0.0,0.0
t1440,0.0,0.0,0.0,0.0,0.0,0.0,0.0,0.0,0.0,0.0,0.0,0.0,0.0,0.0,0.0,0.0,0.0,0.0
t1441,0.0,0.0,0.0,0.0,0.0,0.0,0.0,0.0,0.0,0.0,0.0,0.0,0.0,0.0,0.0,0.0,0.0,0.0
t1442,0.0,0.0,0.0,0.0,0.0,0.0,0.0,0.0,0.0,0.0,0.0,0.0,0.0,0.0,0.0,0.0,0.0,0.0
t1443,0.0,0.0,0.0,0.0,0.0,0.0,0.0,0.0,0.0,0.0,0.0,0.0,0.0,0.0,0.0,0.0,0.0,0.0
t1444,0.0,0.0,0.0,0.0,0.0,0.0,0.0,0.0,0.0,0.0,0.0,0.0,0.0,0.0,0.0,0.0,0.0,0.0
t1445,0.0,0.0,0.0,0.0,0.0,0.0,0.0,0.0,0.0,0.0,0.0,0.0,0.0,0.0,0.0,0.0,0.0,0.0
t1446,0.0,0.0,0.0,0.0,0.0,0.0,0.0,0.0,0.0,0.0,0.0,0.0,0.0,0.0,0.0,0.0,0.0,0.0
t1447,0.0,0.0,0.0,0.0,0.0,0.0,0.0,0.0,0.0,0.0,0.0,0.0,0.0,0.0,0.0,0.0,0.0,0.0
t1448,0.0,0.0,0.0,0.0,0.0,0.0,0.0,0.0,0.0,0.0,0.0,0.0,0.0,0.0,0.0,0.0,0.0,0.0
t1449,1220.0,120.0,0.0,0.0,0.0,1091.361712427275,890.9036897887937,1950.0,0.0,0.0,0.0,0.0,0.0,0.0,0.0,0.0,0.0,5272.265402216069
t1450,412.80581153999987,0.0,0.0,0.0,0.0,6752.024484307142,751.9748222600002,0.0,0.0,0.0,0.0,0.0,0.0,0.0,0.0,0.0,0.0,7916.805118107142
t1451,0.0,0.0,0.0,0.0,0.0,6966.077082517694,1139.2179519324634,0.0,0.0,0.0,0.0,0.0,0.0,0.0,0.0,0.0,0.0,8105.295034450158
t1452,1220.0,120.0,0.0,0.0,0.0,3834.689485330231,1058.15462739,1950.0,0.0,0.0,0.0,0.0,0.0,0.0,0.0,0.0,0.0,8182.844112720231
t1453,847.9650302371894,0.0,0.0,0.0,0.0,5514.1299610037695,1590.0,1950.0,0.0,0.0,0.0,0.0,0.0,0.0,0.0,0.0,0.0,9902.09499124096
t1454,223.20243486000066,0.0,0.0,0.0,0.0,6112.288916794272,829.8523415599997,1950.0,0.0,0.0,0.0,0.0,0.0,0.0,0.0,0.0,0.0,9115.343693214272
t1455,1220.0,120.0,0.0,0.0,0.0,2893.1376925524364,443.92731284999985,0.0,0.0,0.0,0.0,0.0,0.0,0.0,0.0,0.0,0.0,4677.065005402436
t1456,0.0,0.0,0.0,0.0,0.0,0.0,0.0,0.0,0.0,0.0,0.0,0.0,0.0,0.0,0.0,0.0,0.0,0.0
t1457,0.0,0.0,0.0,0.0,0.0,0.0,0.0,0.0,0.0,0.0,0.0,0.0,0.0,0.0,0.0,0.0,0.0,0.0
t1458,0.0,0.0,0.0,0.0,0.0,0.0,0.0,0.0,0.0,0.0,0.0,0.0,0.0,0.0,0.0,0.0,0.0,0.0
t1459,0.0,0.0,0.0,0.0,0.0,0.0,0.0,0.0,0.0,0.0,0.0,0.0,0.0,0.0,0.0,0.0,0.0,0.0
t1460,0.0,0.0,0.0,0.0,0.0,0.0,0.0,0.0,0.0,0.0,0.0,0.0,0.0,0.0,0.0,0.0,0.0,0.0
t1461,0.0,0.0,0.0,0.0,0.0,0.0,0.0,0.0,0.0,0.0,0.0,0.0,0.0,0.0,0.0,0.0,0.0,0.0
t1462,0.0,0.0,0.0,0.0,0.0,0.0,0.0,0.0,0.0,0.0,0.0,0.0,0.0,0.0,0.0,0.0,0.0,0.0
t1463,0.0,0.0,0.0,0.0,0.0,0.0,0.0,0.0,0.0,0.0,0.0,0.0,0.0,0.0,0.0,0.0,0.0,0.0
t1464,0.0,0.0,0.0,0.0,0.0,0.0,0.0,0.0,0.0,0.0,0.0,0.0,0.0,0.0,0.0,0.0,0.0,0.0
t1465,0.0,0.0,0.0,0.0,0.0,0.0,0.0,0.0,0.0,0.0,0.0,0.0,0.0,0.0,0.0,0.0,0.0,0.0
t1466,0.0,0.0,0.0,0.0,0.0,0.0,0.0,0.0,0.0,0.0,0.0,0.0,0.0,0.0,0.0,0.0,0.0,0.0
t1467,0.0,0.0,0.0,0.0,0.0,0.0,0.0,0.0,0.0,0.0,0.0,0.0,0.0,0.0,0.0,0.0,0.0,0.0
t1468,0.0,0.0,0.0,0.0,0.0,0.0,0.0,0.0,0.0,0.0,0.0,0.0,0.0,0.0,0.0,0.0,0.0,0.0
t1469,0.0,0.0,0.0,0.0,0.0,0.0,0.0,0.0,0.0,0.0,0.0,0.0,0.0,0.0,0.0,0.0,0.0,0.0
t1470,0.0,0.0,0.0,0.0,0.0,0.0,0.0,0.0,0.0,0.0,0.0,0.0,0.0,0.0,0.0,0.0,0.0,0.0
t1471,0.0,0.0,0.0,0.0,0.0,0.0,0.0,0.0,0.0,0.0,0.0,0.0,0.0,0.0,0.0,0.0,0.0,0.0
t1472,168.9114281371901,120.0,295.44238119999966,0.0,0.0,1456.7568956322498,291.87751729125495,0.0,0.0,0.0,0.0,0.0,0.0,0.0,0.0,0.0,0.0,2332.988222260695
t1473,1220.0,0.0,905.3863174000002,0.0,0.0,4387.624505084792,257.5324048200003,1594.8585083730493,0.0,0.0,0.0,0.0,0.0,0.0,0.0,0.0,0.0,8365.40173567784
t1474,0.0,120.0,1103.4478046899997,0.0,0.0,4828.1305380649255,1109.2181483300003,0.0,0.0,0.0,0.0,0.0,0.0,0.0,0.0,0.0,0.0,7160.796491084925
t1475,1220.0,0.0,1137.5296642700002,0.0,0.0,5734.083348484917,860.9800796100002,1950.0,0.0,0.0,0.0,0.0,0.0,0.0,0.0,0.0,0.0,10902.593092364918
t1476,156.78738205999994,120.0,1178.7478571800002,0.0,0.0,5540.710494664423,1002.18323313,1950.0,0.0,0.0,0.0,0.0,0.0,0.0,0.0,0.0,0.0,9948.428967034422
t1477,0.0,25.964584587264614,1201.55390218,0.0,0.0,5238.108366770398,1388.2389731600001,1950.0,0.0,0.0,0.0,0.0,0.0,0.0,0.0,0.0,0.0,9803.865826697662
t1478,1220.0,0.0,809.5799032999998,0.0,0.0,6800.459413822884,837.6831042700002,777.0659911700009,0.0,0.0,0.0,0.0,0.0,0.0,0.0,0.0,0.0,10444.788412562884
t1479,1158.2744664400002,120.0,0.0,0.0,0.0,2485.7402431407377,901.7038931200001,0.0,0.0,0.0,0.0,0.0,0.0,0.0,0.0,0.0,0.0,4665.718602700738
t1480,0.0,0.0,198.834061708073,0.0,0.0,0.0,54.613392050000044,0.0,0.0,0.0,0.0,0.0,0.0,0.0,0.0,0.0,0.0,253.44745375807304
t1481,0.0,0.0,0.0,0.0,0.0,0.0,0.0,0.0,0.0,0.0,0.0,0.0,0.0,0.0,0.0,0.0,0.0,0.0
t1482,0.0,0.0,0.0,0.0,0.0,0.0,0.0,0.0,0.0,0.0,0.0,0.0,0.0,0.0,0.0,0.0,0.0,0.0
t1483,0.0,0.0,0.0,0.0,0.0,0.0,0.0,0.0,0.0,0.0,0.0,0.0,0.0,0.0,0.0,0.0,0.0,0.0
t1484,0.0,0.0,0.0,0.0,0.0,0.0,0.0,0.0,0.0,0.0,0.0,0.0,0.0,0.0,0.0,0.0,0.0,0.0
t1485,0.0,0.0,0.0,0.0,0.0,0.0,0.0,0.0,0.0,0.0,0.0,0.0,0.0,0.0,0.0,0.0,0.0,0.0
t1486,0.0,0.0,0.0,0.0,0.0,0.0,0.0,0.0,0.0,0.0,0.0,0.0,0.0,0.0,0.0,0.0,0.0,0.0
t1487,0.0,0.0,0.0,0.0,0.0,0.0,0.0,0.0,0.0,0.0,0.0,0.0,0.0,0.0,0.0,0.0,0.0,0.0
t1488,0.0,0.0,0.0,0.0,0.0,0.0,0.0,0.0,0.0,0.0,0.0,0.0,0.0,0.0,0.0,0.0,0.0,0.0
t1489,0.0,0.0,0.0,0.0,0.0,0.0,0.0,0.0,0.0,0.0,0.0,0.0,0.0,0.0,0.0,0.0,0.0,0.0
t1490,0.0,0.0,0.0,0.0,0.0,0.0,0.0,0.0,0.0,0.0,0.0,0.0,0.0,0.0,0.0,0.0,0.0,0.0
t1491,0.0,0.0,0.0,0.0,0.0,0.0,0.0,0.0,0.0,0.0,0.0,0.0,0.0,0.0,0.0,0.0,0.0,0.0
t1492,0.0,0.0,0.0,0.0,0.0,0.0,0.0,0.0,0.0,0.0,0.0,0.0,0.0,0.0,0.0,0.0,0.0,0.0
t1493,0.0,0.0,0.0,0.0,0.0,0.0,0.0,0.0,0.0,0.0,0.0,0.0,0.0,0.0,0.0,0.0,0.0,0.0
t1494,0.0,0.0,0.0,0.0,0.0,0.0,0.0,0.0,0.0,0.0,0.0,0.0,0.0,0.0,0.0,0.0,0.0,0.0
t1495,0.0,0.0,0.0,0.0,0.0,0.0,0.0,0.0,0.0,0.0,0.0,0.0,0.0,0.0,0.0,0.0,0.0,0.0
t1496,14.696899986230859,0.0,318.38815337999984,0.0,0.0,0.0,198.67823625125592,0.0,0.0,0.0,0.0,0.0,0.0,0.0,0.0,0.0,0.0,531.7632896174866
t1497,656.3781804709595,120.0,958.9339820700002,0.0,0.0,4241.002533600621,613.0364761300002,421.92449954305056,0.0,0.0,0.0,0.0,0.0,0.0,0.0,0.0,0.0,7011.275671814632
t1498,0.0,120.0,1148.72131038,0.0,0.0,5045.971806737963,857.5654406600001,1950.0,0.0,0.0,0.0,0.0,0.0,0.0,0.0,0.0,0.0,9122.258557777963
t1499,1220.0,0.0,1236.6934390899996,0.0,0.0,6779.887360984535,894.2264532300002,0.0,0.0,0.0,0.0,0.0,0.0,0.0,0.0,0.0,0.0,10130.807253304534
t1500,1220.0,120.0,736.1566246980726,0.0,0.0,6114.200987774374,1175.77496104,1950.0,0.0,0.0,0.0,0.0,0.0,0.0,0.0,0.0,0.0,11316.132573512446
t1501,0.0,0.0,1280.8700104000002,0.0,0.0,6645.561968229533,1364.60846971,1950.0,0.0,0.0,0.0,0.0,0.0,0.0,0.0,0.0,0.0,11241.040448339532
t1502,1220.0,25.964584587264614,1150.7583719099998,0.0,0.0,4451.907349249017,1076.0324174600003,1950.0,0.0,0.0,0.0,0.0,0.0,0.0,0.0,0.0,0.0,9874.662723206282
t1503,812.8981961799997,120.0,0.0,0.0,0.0,3193.081799089286,524.1082912999999,0.0,0.0,0.0,0.0,0.0,0.0,0.0,0.0,0.0,0.0,4650.088286569286
t1504,0.0,0.0,0.0,0.0,0.0,0.0,0.0,0.0,0.0,0.0,0.0,0.0,0.0,0.0,0.0,0.0,0.0,0.0
t1505,0.0,0.0,0.0,0.0,0.0,0.0,0.0,0.0,0.0,0.0,0.0,0.0,0.0,0.0,0.0,0.0,0.0,0.0
t1506,0.0,0.0,0.0,0.0,0.0,0.0,0.0,0.0,0.0,0.0,0.0,0.0,0.0,0.0,0.0,0.0,0.0,0.0
t1507,0.0,0.0,0.0,0.0,0.0,0.0,0.0,0.0,0.0,0.0,0.0,0.0,0.0,0.0,0.0,0.0,0.0,0.0
t1508,0.0,0.0,0.0,0.0,0.0,0.0,0.0,0.0,0.0,0.0,0.0,0.0,0.0,0.0,0.0,0.0,0.0,0.0
t1509,0.0,0.0,0.0,0.0,0.0,0.0,0.0,0.0,0.0,0.0,0.0,0.0,0.0,0.0,0.0,0.0,0.0,0.0
t1510,0.0,0.0,0.0,0.0,0.0,0.0,0.0,0.0,0.0,0.0,0.0,0.0,0.0,0.0,0.0,0.0,0.0,0.0
t1511,0.0,0.0,0.0,0.0,0.0,0.0,0.0,0.0,0.0,0.0,0.0,0.0,0.0,0.0,0.0,0.0,0.0,0.0
t1512,0.0,0.0,0.0,0.0,0.0,0.0,0.0,0.0,0.0,0.0,0.0,0.0,0.0,0.0,0.0,0.0,0.0,0.0
t1513,0.0,0.0,0.0,0.0,0.0,0.0,0.0,0.0,0.0,0.0,0.0,0.0,0.0,0.0,0.0,0.0,0.0,0.0
t1514,0.0,0.0,0.0,0.0,0.0,0.0,0.0,0.0,0.0,0.0,0.0,0.0,0.0,0.0,0.0,0.0,0.0,0.0
t1515,0.0,0.0,0.0,0.0,0.0,0.0,0.0,0.0,0.0,0.0,0.0,0.0,0.0,0.0,0.0,0.0,0.0,0.0
t1516,0.0,0.0,0.0,0.0,0.0,0.0,0.0,0.0,0.0,0.0,0.0,0.0,0.0,0.0,0.0,0.0,0.0,0.0
t1517,0.0,0.0,0.0,0.0,0.0,0.0,0.0,0.0,0.0,0.0,0.0,0.0,0.0,0.0,0.0,0.0,0.0,0.0
t1518,0.0,0.0,0.0,0.0,0.0,0.0,0.0,0.0,0.0,0.0,0.0,0.0,0.0,0.0,0.0,0.0,0.0,0.0
t1519,0.0,0.0,0.0,0.0,0.0,0.0,0.0,0.0,0.0,0.0,0.0,0.0,0.0,0.0,0.0,0.0,0.0,0.0
t1520,0.0,0.0,0.0,0.0,0.0,1270.0991509769867,497.3544787999999,0.0,0.0,0.0,0.0,0.0,0.0,0.0,0.0,0.0,0.0,1767.4536297769866
t1521,1220.0,120.0,0.0,0.0,0.0,1556.0101589192548,713.7947674400002,1950.0,0.0,0.0,0.0,0.0,0.0,0.0,0.0,0.0,0.0,5559.804926359255
t1522,723.5906726599999,0.0,0.0,0.0,0.0,3415.5085643284215,1390.48690969,1950.0,0.0,0.0,0.0,0.0,0.0,0.0,0.0,0.0,0.0,7479.586146678422
t1523,1003.5221476599996,0.0,0.0,0.0,0.0,4377.941378792304,1132.9665106399998,0.0,0.0,0.0,0.0,0.0,0.0,0.0,0.0,0.0,0.0,6514.430037092304
t1524,797.3895520199999,0.0,0.0,0.0,0.0,1392.751702153708,999.7510145200001,1950.0,0.0,0.0,0.0,0.0,0.0,0.0,0.0,0.0,0.0,5139.8922686937085
t1525,214.52485937999964,0.0,0.0,0.0,0.0,1967.785674724726,1021.6378339099996,0.0,0.0,0.0,0.0,0.0,0.0,0.0,0.0,0.0,0.0,3203.9483680147255
t1526,1184.9460449171913,120.0,0.0,0.0,0.0,0.0,354.56229830040434,0.0,0.0,0.0,0.0,0.0,0.0,0.0,0.0,0.0,0.0,1659.5083432175957
t1527,0.0,0.0,0.0,0.0,0.0,0.0,0.0,0.0,0.0,0.0,0.0,0.0,0.0,0.0,0.0,0.0,0.0,0.0
t1528,0.0,0.0,0.0,0.0,0.0,0.0,0.0,0.0,0.0,0.0,0.0,0.0,0.0,0.0,0.0,0.0,0.0,0.0
t1529,0.0,0.0,0.0,0.0,0.0,0.0,0.0,0.0,0.0,0.0,0.0,0.0,0.0,0.0,0.0,0.0,0.0,0.0
t1530,0.0,0.0,0.0,0.0,0.0,0.0,0.0,0.0,0.0,0.0,0.0,0.0,0.0,0.0,0.0,0.0,0.0,0.0
t1531,0.0,0.0,0.0,0.0,0.0,0.0,0.0,0.0,0.0,0.0,0.0,0.0,0.0,0.0,0.0,0.0,0.0,0.0
t1532,0.0,0.0,0.0,0.0,0.0,0.0,0.0,0.0,0.0,0.0,0.0,0.0,0.0,0.0,0.0,0.0,0.0,0.0
t1533,0.0,0.0,0.0,0.0,0.0,0.0,0.0,0.0,0.0,0.0,0.0,0.0,0.0,0.0,0.0,0.0,0.0,0.0
t1534,0.0,0.0,0.0,0.0,0.0,0.0,0.0,0.0,0.0,0.0,0.0,0.0,0.0,0.0,0.0,0.0,0.0,0.0
t1535,0.0,0.0,0.0,0.0,0.0,0.0,0.0,0.0,0.0,0.0,0.0,0.0,0.0,0.0,0.0,0.0,0.0,0.0
t1536,0.0,0.0,0.0,0.0,0.0,0.0,0.0,0.0,0.0,0.0,0.0,0.0,0.0,0.0,0.0,0.0,0.0,0.0
t1537,0.0,0.0,0.0,0.0,0.0,0.0,0.0,0.0,0.0,0.0,0.0,0.0,0.0,0.0,0.0,0.0,0.0,0.0
t1538,0.0,0.0,0.0,0.0,0.0,0.0,0.0,0.0,0.0,0.0,0.0,0.0,0.0,0.0,0.0,0.0,0.0,0.0
t1539,0.0,0.0,0.0,0.0,0.0,0.0,0.0,0.0,0.0,0.0,0.0,0.0,0.0,0.0,0.0,0.0,0.0,0.0
t1540,0.0,0.0,0.0,0.0,0.0,0.0,0.0,0.0,0.0,0.0,0.0,0.0,0.0,0.0,0.0,0.0,0.0,0.0
t1541,0.0,0.0,0.0,0.0,0.0,0.0,0.0,0.0,0.0,0.0,0.0,0.0,0.0,0.0,0.0,0.0,0.0,0.0
t1542,0.0,0.0,0.0,0.0,0.0,0.0,0.0,0.0,0.0,0.0,0.0,0.0,0.0,0.0,0.0,0.0,0.0,0.0
t1543,0.0,0.0,0.0,0.0,0.0,0.0,0.0,0.0,0.0,0.0,0.0,0.0,0.0,0.0,0.0,0.0,0.0,0.0
t1544,0.0,0.0,0.0,0.0,0.0,0.0,0.0,0.0,0.0,0.0,0.0,0.0,0.0,0.0,0.0,0.0,0.0,0.0
t1545,0.0,0.0,0.0,0.0,0.0,0.0,0.0,0.0,0.0,0.0,0.0,0.0,0.0,0.0,0.0,0.0,0.0,0.0
t1546,0.0,0.0,0.0,0.0,0.0,0.0,0.0,0.0,0.0,0.0,0.0,0.0,0.0,0.0,0.0,0.0,0.0,0.0
t1547,0.0,0.0,0.0,0.0,0.0,0.0,0.0,0.0,0.0,0.0,0.0,0.0,0.0,0.0,0.0,0.0,0.0,0.0
t1548,0.0,0.0,0.0,0.0,0.0,0.0,0.0,0.0,0.0,0.0,0.0,0.0,0.0,0.0,0.0,0.0,0.0,0.0
t1549,0.0,0.0,0.0,0.0,0.0,0.0,282.4441943329026,0.0,0.0,0.0,0.0,0.0,0.0,0.0,0.0,0.0,0.0,282.4441943329026
t1550,0.0,0.0,0.0,0.0,0.0,0.0,0.0,0.0,0.0,0.0,0.0,0.0,0.0,0.0,0.0,0.0,0.0,0.0
t1551,0.0,0.0,0.0,0.0,0.0,0.0,0.0,0.0,0.0,0.0,0.0,0.0,0.0,0.0,0.0,0.0,0.0,0.0
t1552,0.0,0.0,0.0,0.0,0.0,0.0,0.0,0.0,0.0,0.0,0.0,0.0,0.0,0.0,0.0,0.0,0.0,0.0
t1553,0.0,0.0,0.0,0.0,0.0,0.0,0.0,0.0,0.0,0.0,0.0,0.0,0.0,0.0,0.0,0.0,0.0,0.0
t1554,0.0,0.0,0.0,0.0,0.0,0.0,0.0,0.0,0.0,0.0,0.0,0.0,0.0,0.0,0.0,0.0,0.0,0.0
t1555,0.0,0.0,0.0,0.0,0.0,0.0,0.0,0.0,0.0,0.0,0.0,0.0,0.0,0.0,0.0,0.0,0.0,0.0
t1556,0.0,0.0,0.0,0.0,0.0,0.0,0.0,0.0,0.0,0.0,0.0,0.0,0.0,0.0,0.0,0.0,0.0,0.0
t1557,0.0,0.0,0.0,0.0,0.0,0.0,0.0,0.0,0.0,0.0,0.0,0.0,0.0,0.0,0.0,0.0,0.0,0.0
t1558,0.0,0.0,0.0,0.0,0.0,0.0,0.0,0.0,0.0,0.0,0.0,0.0,0.0,0.0,0.0,0.0,0.0,0.0
t1559,0.0,0.0,0.0,0.0,0.0,0.0,0.0,0.0,0.0,0.0,0.0,0.0,0.0,0.0,0.0,0.0,0.0,0.0
t1560,0.0,0.0,0.0,0.0,0.0,0.0,0.0,0.0,0.0,0.0,0.0,0.0,0.0,0.0,0.0,0.0,0.0,0.0
t1561,0.0,0.0,0.0,0.0,0.0,0.0,0.0,0.0,0.0,0.0,0.0,0.0,0.0,0.0,0.0,0.0,0.0,0.0
t1562,0.0,0.0,0.0,0.0,0.0,0.0,0.0,0.0,0.0,0.0,0.0,0.0,0.0,0.0,0.0,0.0,0.0,0.0
t1563,0.0,0.0,0.0,0.0,0.0,0.0,0.0,0.0,0.0,0.0,0.0,0.0,0.0,0.0,0.0,0.0,0.0,0.0
t1564,0.0,0.0,0.0,0.0,0.0,0.0,0.0,0.0,0.0,0.0,0.0,0.0,0.0,0.0,0.0,0.0,0.0,0.0
t1565,0.0,0.0,0.0,0.0,0.0,0.0,0.0,0.0,0.0,0.0,0.0,0.0,0.0,0.0,0.0,0.0,0.0,0.0
t1566,0.0,0.0,0.0,0.0,0.0,0.0,0.0,0.0,0.0,0.0,0.0,0.0,0.0,0.0,0.0,0.0,0.0,0.0
t1567,0.0,0.0,0.0,0.0,0.0,0.0,0.0,0.0,0.0,0.0,0.0,0.0,0.0,0.0,0.0,0.0,0.0,0.0
t1568,0.0,0.0,0.0,0.0,0.0,0.0,0.0,0.0,0.0,0.0,0.0,0.0,0.0,0.0,0.0,0.0,0.0,0.0
t1569,0.0,0.0,0.0,0.0,0.0,0.0,0.0,0.0,0.0,0.0,0.0,0.0,0.0,0.0,0.0,0.0,0.0,0.0
t1570,875.9854887661949,0.0,0.0,0.0,0.0,0.0,722.7188372912564,0.0,0.0,0.0,0.0,0.0,0.0,0.0,0.0,0.0,0.0,1598.7043260574512
t1571,1220.0,120.0,0.0,0.0,0.0,70.83741525956813,1211.3119084900004,0.0,0.0,0.0,0.0,0.0,0.0,0.0,0.0,0.0,0.0,2622.149323749569
t1572,1220.0,120.0,0.0,0.0,0.0,3377.1105696542754,1590.0,0.0,0.0,0.0,0.0,0.0,0.0,0.0,0.0,0.0,0.0,6307.110569654275
t1573,1220.0,0.0,0.0,0.0,0.0,444.5011376204993,1590.0,1950.0,0.0,0.0,0.0,0.0,0.0,0.0,0.0,0.0,0.0,5204.501137620499
t1574,251.94670708747395,0.0,0.0,0.0,0.0,0.0,1590.0,0.0,0.0,0.0,0.0,0.0,0.0,0.0,0.0,0.0,0.0,1841.946707087474
t1575,0.0,0.0,0.0,0.0,0.0,0.0,0.0,0.0,0.0,0.0,0.0,0.0,0.0,0.0,0.0,0.0,0.0,0.0
t1576,0.0,0.0,0.0,0.0,0.0,0.0,0.0,0.0,0.0,0.0,0.0,0.0,0.0,0.0,0.0,0.0,0.0,0.0
t1577,0.0,0.0,0.0,0.0,0.0,0.0,0.0,0.0,0.0,0.0,0.0,0.0,0.0,0.0,0.0,0.0,0.0,0.0
t1578,0.0,0.0,0.0,0.0,0.0,0.0,0.0,0.0,0.0,0.0,0.0,0.0,0.0,0.0,0.0,0.0,0.0,0.0
t1579,0.0,0.0,0.0,0.0,0.0,0.0,0.0,0.0,0.0,0.0,0.0,0.0,0.0,0.0,0.0,0.0,0.0,0.0
t1580,0.0,0.0,0.0,0.0,0.0,0.0,0.0,0.0,0.0,0.0,0.0,0.0,0.0,0.0,0.0,0.0,0.0,0.0
t1581,0.0,0.0,0.0,0.0,0.0,0.0,0.0,0.0,0.0,0.0,0.0,0.0,0.0,0.0,0.0,0.0,0.0,0.0
t1582,0.0,0.0,0.0,0.0,0.0,0.0,0.0,0.0,0.0,0.0,0.0,0.0,0.0,0.0,0.0,0.0,0.0,0.0
t1583,0.0,0.0,0.0,0.0,0.0,0.0,0.0,0.0,0.0,0.0,0.0,0.0,0.0,0.0,0.0,0.0,0.0,0.0
t1584,0.0,0.0,0.0,0.0,0.0,0.0,0.0,0.0,0.0,0.0,0.0,0.0,0.0,0.0,0.0,0.0,0.0,0.0
t1585,0.0,0.0,0.0,0.0,0.0,0.0,0.0,0.0,0.0,0.0,0.0,0.0,0.0,0.0,0.0,0.0,0.0,0.0
t1586,0.0,0.0,0.0,0.0,0.0,0.0,0.0,0.0,0.0,0.0,0.0,0.0,0.0,0.0,0.0,0.0,0.0,0.0
t1587,0.0,0.0,0.0,0.0,0.0,0.0,0.0,0.0,0.0,0.0,0.0,0.0,0.0,0.0,0.0,0.0,0.0,0.0
t1588,0.0,0.0,0.0,0.0,0.0,0.0,0.0,0.0,0.0,0.0,0.0,0.0,0.0,0.0,0.0,0.0,0.0,0.0
t1589,0.0,0.0,0.0,0.0,0.0,0.0,0.0,0.0,0.0,0.0,0.0,0.0,0.0,0.0,0.0,0.0,0.0,0.0
t1590,0.0,0.0,0.0,0.0,0.0,0.0,0.0,0.0,0.0,0.0,0.0,0.0,0.0,0.0,0.0,0.0,0.0,0.0
t1591,0.0,0.0,0.0,0.0,0.0,0.0,0.0,0.0,0.0,0.0,0.0,0.0,0.0,0.0,0.0,0.0,0.0,0.0
t1592,0.0,120.0,0.0,0.0,0.0,637.27194332734,963.1904175797658,0.0,0.0,0.0,0.0,0.0,0.0,0.0,0.0,0.0,0.0,1720.462360907106
t1593,1220.0,120.0,0.0,0.0,0.0,3195.6111327992635,617.6584183900003,1950.0,0.0,0.0,0.0,0.0,0.0,0.0,0.0,0.0,0.0,7103.269551189264
t1594,1220.0,120.0,0.0,0.0,0.0,3601.715856755398,846.3812418800001,1950.0,0.0,0.0,0.0,0.0,0.0,0.0,0.0,0.0,0.0,7738.097098635398
t1595,0.0,0.0,0.0,0.0,0.0,7711.603737042423,1011.7696420107152,0.0,0.0,0.0,0.0,0.0,0.0,0.0,0.0,0.0,0.0,8723.373379053139
t1596,0.0,0.0,0.0,0.0,0.0,6126.74767241554,1060.14124558,1950.0,0.0,0.0,0.0,0.0,0.0,0.0,0.0,0.0,0.0,9136.88891799554
t1597,1220.0,0.0,0.0,0.0,0.0,8428.079284249967,990.4949483207761,0.0,0.0,0.0,0.0,0.0,0.0,0.0,0.0,0.0,0.0,10638.574232570743
t1598,263.9732766371902,25.964584587264614,0.0,0.0,0.0,5944.589592016274,776.0764089400001,421.9244995430499,0.0,0.0,0.0,0.0,0.0,0.0,0.0,0.0,0.0,7432.528361723778
t1599,1220.0,120.0,0.0,0.0,0.0,825.9945870591196,438.31842307999966,1950.0,0.0,0.0,0.0,0.0,0.0,0.0,0.0,0.0,0.0,4554.31301013912
t1600,0.0,0.0,0.0,0.0,0.0,0.0,0.0,0.0,0.0,0.0,0.0,0.0,0.0,0.0,0.0,0.0,0.0,0.0
t1601,0.0,0.0,0.0,0.0,0.0,0.0,0.0,0.0,0.0,0.0,0.0,0.0,0.0,0.0,0.0,0.0,0.0,0.0
t1602,0.0,0.0,0.0,0.0,0.0,0.0,0.0,0.0,0.0,0.0,0.0,0.0,0.0,0.0,0.0,0.0,0.0,0.0
t1603,0.0,0.0,0.0,0.0,0.0,0.0,0.0,0.0,0.0,0.0,0.0,0.0,0.0,0.0,0.0,0.0,0.0,0.0
t1604,0.0,0.0,0.0,0.0,0.0,0.0,0.0,0.0,0.0,0.0,0.0,0.0,0.0,0.0,0.0,0.0,0.0,0.0
t1605,0.0,0.0,0.0,0.0,0.0,0.0,0.0,0.0,0.0,0.0,0.0,0.0,0.0,0.0,0.0,0.0,0.0,0.0
t1606,0.0,0.0,0.0,0.0,0.0,0.0,0.0,0.0,0.0,0.0,0.0,0.0,0.0,0.0,0.0,0.0,0.0,0.0
t1607,0.0,0.0,0.0,0.0,0.0,0.0,0.0,0.0,0.0,0.0,0.0,0.0,0.0,0.0,0.0,0.0,0.0,0.0
t1608,0.0,0.0,0.0,0.0,0.0,0.0,0.0,0.0,0.0,0.0,0.0,0.0,0.0,0.0,0.0,0.0,0.0,0.0
t1609,0.0,0.0,0.0,0.0,0.0,0.0,0.0,0.0,0.0,0.0,0.0,0.0,0.0,0.0,0.0,0.0,0.0,0.0
t1610,0.0,0.0,0.0,0.0,0.0,0.0,0.0,0.0,0.0,0.0,0.0,0.0,0.0,0.0,0.0,0.0,0.0,0.0
t1611,0.0,0.0,0.0,0.0,0.0,0.0,0.0,0.0,0.0,0.0,0.0,0.0,0.0,0.0,0.0,0.0,0.0,0.0
t1612,0.0,0.0,0.0,0.0,0.0,0.0,0.0,0.0,0.0,0.0,0.0,0.0,0.0,0.0,0.0,0.0,0.0,0.0
t1613,0.0,0.0,0.0,0.0,0.0,0.0,0.0,0.0,0.0,0.0,0.0,0.0,0.0,0.0,0.0,0.0,0.0,0.0
t1614,0.0,0.0,0.0,0.0,0.0,0.0,0.0,0.0,0.0,0.0,0.0,0.0,0.0,0.0,0.0,0.0,0.0,0.0
t1615,0.0,0.0,0.0,0.0,0.0,0.0,0.0,0.0,0.0,0.0,0.0,0.0,0.0,0.0,0.0,0.0,0.0,0.0
t1616,0.0,0.0,0.0,0.0,0.0,0.0,0.0,0.0,0.0,0.0,0.0,0.0,0.0,0.0,0.0,0.0,0.0,0.0
t1617,1220.0,120.0,0.0,0.0,0.0,1091.361712427275,890.9036897887937,1950.0,0.0,0.0,0.0,0.0,0.0,0.0,0.0,0.0,0.0,5272.265402216069
t1618,412.80581153999987,0.0,0.0,0.0,0.0,6752.024484307142,751.9748222600002,0.0,0.0,0.0,0.0,0.0,0.0,0.0,0.0,0.0,0.0,7916.805118107142
t1619,0.0,0.0,0.0,0.0,0.0,6966.077082517694,1139.2179519324634,0.0,0.0,0.0,0.0,0.0,0.0,0.0,0.0,0.0,0.0,8105.295034450158
t1620,1220.0,120.0,0.0,0.0,0.0,3834.689485330231,1058.15462739,1950.0,0.0,0.0,0.0,0.0,0.0,0.0,0.0,0.0,0.0,8182.844112720231
t1621,847.9650302371894,0.0,0.0,0.0,0.0,5514.1299610037695,1590.0,1950.0,0.0,0.0,0.0,0.0,0.0,0.0,0.0,0.0,0.0,9902.09499124096
t1622,223.20243486000066,0.0,0.0,0.0,0.0,6112.288916794272,829.8523415599997,1950.0,0.0,0.0,0.0,0.0,0.0,0.0,0.0,0.0,0.0,9115.343693214272
t1623,1220.0,120.0,0.0,0.0,0.0,2893.1376925524364,443.92731284999985,0.0,0.0,0.0,0.0,0.0,0.0,0.0,0.0,0.0,0.0,4677.065005402436
t1624,0.0,0.0,0.0,0.0,0.0,0.0,0.0,0.0,0.0,0.0,0.0,0.0,0.0,0.0,0.0,0.0,0.0,0.0
t1625,0.0,0.0,0.0,0.0,0.0,0.0,0.0,0.0,0.0,0.0,0.0,0.0,0.0,0.0,0.0,0.0,0.0,0.0
t1626,0.0,0.0,0.0,0.0,0.0,0.0,0.0,0.0,0.0,0.0,0.0,0.0,0.0,0.0,0.0,0.0,0.0,0.0
t1627,0.0,0.0,0.0,0.0,0.0,0.0,0.0,0.0,0.0,0.0,0.0,0.0,0.0,0.0,0.0,0.0,0.0,0.0
t1628,0.0,0.0,0.0,0.0,0.0,0.0,0.0,0.0,0.0,0.0,0.0,0.0,0.0,0.0,0.0,0.0,0.0,0.0
t1629,0.0,0.0,0.0,0.0,0.0,0.0,0.0,0.0,0.0,0.0,0.0,0.0,0.0,0.0,0.0,0.0,0.0,0.0
t1630,0.0,0.0,0.0,0.0,0.0,0.0,0.0,0.0,0.0,0.0,0.0,0.0,0.0,0.0,0.0,0.0,0.0,0.0
t1631,0.0,0.0,0.0,0.0,0.0,0.0,0.0,0.0,0.0,0.0,0.0,0.0,0.0,0.0,0.0,0.0,0.0,0.0
t1632,0.0,0.0,0.0,0.0,0.0,0.0,0.0,0.0,0.0,0.0,0.0,0.0,0.0,0.0,0.0,0.0,0.0,0.0
t1633,0.0,0.0,0.0,0.0,0.0,0.0,0.0,0.0,0.0,0.0,0.0,0.0,0.0,0.0,0.0,0.0,0.0,0.0
t1634,0.0,0.0,0.0,0.0,0.0,0.0,0.0,0.0,0.0,0.0,0.0,0.0,0.0,0.0,0.0,0.0,0.0,0.0
t1635,0.0,0.0,0.0,0.0,0.0,0.0,0.0,0.0,0.0,0.0,0.0,0.0,0.0,0.0,0.0,0.0,0.0,0.0
t1636,0.0,0.0,0.0,0.0,0.0,0.0,0.0,0.0,0.0,0.0,0.0,0.0,0.0,0.0,0.0,0.0,0.0,0.0
t1637,0.0,0.0,0.0,0.0,0.0,0.0,0.0,0.0,0.0,0.0,0.0,0.0,0.0,0.0,0.0,0.0,0.0,0.0
t1638,0.0,0.0,0.0,0.0,0.0,0.0,0.0,0.0,0.0,0.0,0.0,0.0,0.0,0.0,0.0,0.0,0.0,0.0
t1639,0.0,0.0,0.0,0.0,0.0,0.0,0.0,0.0,0.0,0.0,0.0,0.0,0.0,0.0,0.0,0.0,0.0,0.0
t1640,168.9114281371901,120.0,295.44238119999966,0.0,0.0,1456.7568956322498,291.87751729125495,0.0,0.0,0.0,0.0,0.0,0.0,0.0,0.0,0.0,0.0,2332.988222260695
t1641,1220.0,0.0,905.3863174000002,0.0,0.0,4387.624505084792,257.5324048200003,1594.8585083730493,0.0,0.0,0.0,0.0,0.0,0.0,0.0,0.0,0.0,8365.40173567784
t1642,0.0,120.0,1103.4478046899997,0.0,0.0,4828.1305380649255,1109.2181483300003,0.0,0.0,0.0,0.0,0.0,0.0,0.0,0.0,0.0,0.0,7160.796491084925
t1643,1220.0,0.0,1137.5296642700002,0.0,0.0,5734.083348484917,860.9800796100002,1950.0,0.0,0.0,0.0,0.0,0.0,0.0,0.0,0.0,0.0,10902.593092364918
t1644,156.78738205999994,120.0,1178.7478571800002,0.0,0.0,5540.710494664423,1002.18323313,1950.0,0.0,0.0,0.0,0.0,0.0,0.0,0.0,0.0,0.0,9948.428967034422
t1645,0.0,25.964584587264614,1201.55390218,0.0,0.0,5238.108366770398,1388.2389731600001,1950.0,0.0,0.0,0.0,0.0,0.0,0.0,0.0,0.0,0.0,9803.865826697662
t1646,1220.0,0.0,809.5799032999998,0.0,0.0,6800.459413822884,837.6831042700002,777.0659911700009,0.0,0.0,0.0,0.0,0.0,0.0,0.0,0.0,0.0,10444.788412562884
t1647,1158.2744664400002,120.0,0.0,0.0,0.0,2485.7402431407377,901.7038931200001,0.0,0.0,0.0,0.0,0.0,0.0,0.0,0.0,0.0,0.0,4665.718602700738
t1648,0.0,0.0,198.834061708073,0.0,0.0,0.0,54.613392050000044,0.0,0.0,0.0,0.0,0.0,0.0,0.0,0.0,0.0,0.0,253.44745375807304
t1649,0.0,0.0,0.0,0.0,0.0,0.0,0.0,0.0,0.0,0.0,0.0,0.0,0.0,0.0,0.0,0.0,0.0,0.0
t1650,0.0,0.0,0.0,0.0,0.0,0.0,0.0,0.0,0.0,0.0,0.0,0.0,0.0,0.0,0.0,0.0,0.0,0.0
t1651,0.0,0.0,0.0,0.0,0.0,0.0,0.0,0.0,0.0,0.0,0.0,0.0,0.0,0.0,0.0,0.0,0.0,0.0
t1652,0.0,0.0,0.0,0.0,0.0,0.0,0.0,0.0,0.0,0.0,0.0,0.0,0.0,0.0,0.0,0.0,0.0,0.0
t1653,0.0,0.0,0.0,0.0,0.0,0.0,0.0,0.0,0.0,0.0,0.0,0.0,0.0,0.0,0.0,0.0,0.0,0.0
t1654,0.0,0.0,0.0,0.0,0.0,0.0,0.0,0.0,0.0,0.0,0.0,0.0,0.0,0.0,0.0,0.0,0.0,0.0
t1655,0.0,0.0,0.0,0.0,0.0,0.0,0.0,0.0,0.0,0.0,0.0,0.0,0.0,0.0,0.0,0.0,0.0,0.0
t1656,0.0,0.0,0.0,0.0,0.0,0.0,0.0,0.0,0.0,0.0,0.0,0.0,0.0,0.0,0.0,0.0,0.0,0.0
t1657,0.0,0.0,0.0,0.0,0.0,0.0,0.0,0.0,0.0,0.0,0.0,0.0,0.0,0.0,0.0,0.0,0.0,0.0
t1658,0.0,0.0,0.0,0.0,0.0,0.0,0.0,0.0,0.0,0.0,0.0,0.0,0.0,0.0,0.0,0.0,0.0,0.0
t1659,0.0,0.0,0.0,0.0,0.0,0.0,0.0,0.0,0.0,0.0,0.0,0.0,0.0,0.0,0.0,0.0,0.0,0.0
t1660,0.0,0.0,0.0,0.0,0.0,0.0,0.0,0.0,0.0,0.0,0.0,0.0,0.0,0.0,0.0,0.0,0.0,0.0
t1661,0.0,0.0,0.0,0.0,0.0,0.0,0.0,0.0,0.0,0.0,0.0,0.0,0.0,0.0,0.0,0.0,0.0,0.0
t1662,0.0,0.0,0.0,0.0,0.0,0.0,0.0,0.0,0.0,0.0,0.0,0.0,0.0,0.0,0.0,0.0,0.0,0.0
t1663,0.0,0.0,0.0,0.0,0.0,0.0,0.0,0.0,0.0,0.0,0.0,0.0,0.0,0.0,0.0,0.0,0.0,0.0
t1664,14.696899986230859,0.0,318.38815337999984,0.0,0.0,0.0,198.67823625125592,0.0,0.0,0.0,0.0,0.0,0.0,0.0,0.0,0.0,0.0,531.7632896174866
t1665,656.3781804709595,120.0,958.9339820700002,0.0,0.0,4241.002533600621,613.0364761300002,421.92449954305056,0.0,0.0,0.0,0.0,0.0,0.0,0.0,0.0,0.0,7011.275671814632
t1666,0.0,120.0,1148.72131038,0.0,0.0,5045.971806737963,857.5654406600001,1950.0,0.0,0.0,0.0,0.0,0.0,0.0,0.0,0.0,0.0,9122.258557777963
t1667,1220.0,0.0,1236.6934390899996,0.0,0.0,6779.887360984535,894.2264532300002,0.0,0.0,0.0,0.0,0.0,0.0,0.0,0.0,0.0,0.0,10130.807253304534
t1668,1220.0,120.0,736.1566246980726,0.0,0.0,6114.200987774374,1175.77496104,1950.0,0.0,0.0,0.0,0.0,0.0,0.0,0.0,0.0,0.0,11316.132573512446
t1669,0.0,0.0,1280.8700104000002,0.0,0.0,6645.561968229533,1364.60846971,1950.0,0.0,0.0,0.0,0.0,0.0,0.0,0.0,0.0,0.0,11241.040448339532
t1670,1220.0,25.964584587264614,1150.7583719099998,0.0,0.0,4451.907349249017,1076.0324174600003,1950.0,0.0,0.0,0.0,0.0,0.0,0.0,0.0,0.0,0.0,9874.662723206282
t1671,812.8981961799997,120.0,0.0,0.0,0.0,3193.081799089286,524.1082912999999,0.0,0.0,0.0,0.0,0.0,0.0,0.0,0.0,0.0,0.0,4650.088286569286
t1672,0.0,0.0,0.0,0.0,0.0,0.0,0.0,0.0,0.0,0.0,0.0,0.0,0.0,0.0,0.0,0.0,0.0,0.0
t1673,0.0,0.0,0.0,0.0,0.0,0.0,0.0,0.0,0.0,0.0,0.0,0.0,0.0,0.0,0.0,0.0,0.0,0.0
t1674,0.0,0.0,0.0,0.0,0.0,0.0,0.0,0.0,0.0,0.0,0.0,0.0,0.0,0.0,0.0,0.0,0.0,0.0
t1675,0.0,0.0,0.0,0.0,0.0,0.0,0.0,0.0,0.0,0.0,0.0,0.0,0.0,0.0,0.0,0.0,0.0,0.0
t1676,0.0,0.0,0.0,0.0,0.0,0.0,0.0,0.0,0.0,0.0,0.0,0.0,0.0,0.0,0.0,0.0,0.0,0.0
t1677,0.0,0.0,0.0,0.0,0.0,0.0,0.0,0.0,0.0,0.0,0.0,0.0,0.0,0.0,0.0,0.0,0.0,0.0
t1678,0.0,0.0,0.0,0.0,0.0,0.0,0.0,0.0,0.0,0.0,0.0,0.0,0.0,0.0,0.0,0.0,0.0,0.0
t1679,0.0,0.0,0.0,0.0,0.0,0.0,0.0,0.0,0.0,0.0,0.0,0.0,0.0,0.0,0.0,0.0,0.0,0.0
t1680,0.0,0.0,0.0,0.0,0.0,0.0,0.0,0.0,0.0,0.0,0.0,0.0,0.0,0.0,0.0,0.0,0.0,0.0
t1681,0.0,0.0,0.0,0.0,0.0,0.0,0.0,0.0,0.0,0.0,0.0,0.0,0.0,0.0,0.0,0.0,0.0,0.0
t1682,0.0,0.0,0.0,0.0,0.0,0.0,0.0,0.0,0.0,0.0,0.0,0.0,0.0,0.0,0.0,0.0,0.0,0.0
t1683,0.0,0.0,0.0,0.0,0.0,0.0,0.0,0.0,0.0,0.0,0.0,0.0,0.0,0.0,0.0,0.0,0.0,0.0
t1684,0.0,0.0,0.0,0.0,0.0,0.0,0.0,0.0,0.0,0.0,0.0,0.0,0.0,0.0,0.0,0.0,0.0,0.0
t1685,0.0,0.0,0.0,0.0,0.0,0.0,0.0,0.0,0.0,0.0,0.0,0.0,0.0,0.0,0.0,0.0,0.0,0.0
t1686,0.0,0.0,0.0,0.0,0.0,0.0,0.0,0.0,0.0,0.0,0.0,0.0,0.0,0.0,0.0,0.0,0.0,0.0
t1687,0.0,0.0,0.0,0.0,0.0,0.0,0.0,0.0,0.0,0.0,0.0,0.0,0.0,0.0,0.0,0.0,0.0,0.0
t1688,0.0,0.0,0.0,0.0,0.0,1270.0991509769867,497.3544787999999,0.0,0.0,0.0,0.0,0.0,0.0,0.0,0.0,0.0,0.0,1767.4536297769866
t1689,1220.0,120.0,0.0,0.0,0.0,1556.0101589192548,713.7947674400002,1950.0,0.0,0.0,0.0,0.0,0.0,0.0,0.0,0.0,0.0,5559.804926359255
t1690,723.5906726599999,0.0,0.0,0.0,0.0,3415.5085643284215,1390.48690969,1950.0,0.0,0.0,0.0,0.0,0.0,0.0,0.0,0.0,0.0,7479.586146678422
t1691,1003.5221476599996,0.0,0.0,0.0,0.0,4377.941378792304,1132.9665106399998,0.0,0.0,0.0,0.0,0.0,0.0,0.0,0.0,0.0,0.0,6514.430037092304
t1692,797.3895520199999,0.0,0.0,0.0,0.0,1392.751702153708,999.7510145200001,1950.0,0.0,0.0,0.0,0.0,0.0,0.0,0.0,0.0,0.0,5139.8922686937085
t1693,214.52485937999964,0.0,0.0,0.0,0.0,1967.785674724726,1021.6378339099996,0.0,0.0,0.0,0.0,0.0,0.0,0.0,0.0,0.0,0.0,3203.9483680147255
t1694,1184.9460449171913,120.0,0.0,0.0,0.0,0.0,354.56229830040434,0.0,0.0,0.0,0.0,0.0,0.0,0.0,0.0,0.0,0.0,1659.5083432175957
t1695,0.0,0.0,0.0,0.0,0.0,0.0,0.0,0.0,0.0,0.0,0.0,0.0,0.0,0.0,0.0,0.0,0.0,0.0
t1696,0.0,0.0,0.0,0.0,0.0,0.0,0.0,0.0,0.0,0.0,0.0,0.0,0.0,0.0,0.0,0.0,0.0,0.0
t1697,0.0,0.0,0.0,0.0,0.0,0.0,0.0,0.0,0.0,0.0,0.0,0.0,0.0,0.0,0.0,0.0,0.0,0.0
t1698,0.0,0.0,0.0,0.0,0.0,0.0,0.0,0.0,0.0,0.0,0.0,0.0,0.0,0.0,0.0,0.0,0.0,0.0
t1699,0.0,0.0,0.0,0.0,0.0,0.0,0.0,0.0,0.0,0.0,0.0,0.0,0.0,0.0,0.0,0.0,0.0,0.0
t1700,0.0,0.0,0.0,0.0,0.0,0.0,0.0,0.0,0.0,0.0,0.0,0.0,0.0,0.0,0.0,0.0,0.0,0.0
t1701,0.0,0.0,0.0,0.0,0.0,0.0,0.0,0.0,0.0,0.0,0.0,0.0,0.0,0.0,0.0,0.0,0.0,0.0
t1702,0.0,0.0,0.0,0.0,0.0,0.0,0.0,0.0,0.0,0.0,0.0,0.0,0.0,0.0,0.0,0.0,0.0,0.0
t1703,0.0,0.0,0.0,0.0,0.0,0.0,0.0,0.0,0.0,0.0,0.0,0.0,0.0,0.0,0.0,0.0,0.0,0.0
t1704,0.0,0.0,0.0,0.0,0.0,0.0,0.0,0.0,0.0,0.0,0.0,0.0,0.0,0.0,0.0,0.0,0.0,0.0
t1705,0.0,0.0,0.0,0.0,0.0,0.0,0.0,0.0,0.0,0.0,0.0,0.0,0.0,0.0,0.0,0.0,0.0,0.0
t1706,0.0,0.0,0.0,0.0,0.0,0.0,0.0,0.0,0.0,0.0,0.0,0.0,0.0,0.0,0.0,0.0,0.0,0.0
t1707,0.0,0.0,0.0,0.0,0.0,0.0,0.0,0.0,0.0,0.0,0.0,0.0,0.0,0.0,0.0,0.0,0.0,0.0
t1708,0.0,0.0,0.0,0.0,0.0,0.0,0.0,0.0,0.0,0.0,0.0,0.0,0.0,0.0,0.0,0.0,0.0,0.0
t1709,0.0,0.0,0.0,0.0,0.0,0.0,0.0,0.0,0.0,0.0,0.0,0.0,0.0,0.0,0.0,0.0,0.0,0.0
t1710,0.0,0.0,0.0,0.0,0.0,0.0,0.0,0.0,0.0,0.0,0.0,0.0,0.0,0.0,0.0,0.0,0.0,0.0
t1711,0.0,0.0,0.0,0.0,0.0,0.0,0.0,0.0,0.0,0.0,0.0,0.0,0.0,0.0,0.0,0.0,0.0,0.0
t1712,0.0,0.0,0.0,0.0,0.0,0.0,0.0,0.0,0.0,0.0,0.0,0.0,0.0,0.0,0.0,0.0,0.0,0.0
t1713,0.0,0.0,0.0,0.0,0.0,0.0,0.0,0.0,0.0,0.0,0.0,0.0,0.0,0.0,0.0,0.0,0.0,0.0
t1714,0.0,0.0,0.0,0.0,0.0,0.0,0.0,0.0,0.0,0.0,0.0,0.0,0.0,0.0,0.0,0.0,0.0,0.0
t1715,0.0,0.0,0.0,0.0,0.0,0.0,0.0,0.0,0.0,0.0,0.0,0.0,0.0,0.0,0.0,0.0,0.0,0.0
t1716,0.0,0.0,0.0,0.0,0.0,0.0,0.0,0.0,0.0,0.0,0.0,0.0,0.0,0.0,0.0,0.0,0.0,0.0
t1717,0.0,0.0,0.0,0.0,0.0,0.0,282.4441943329026,0.0,0.0,0.0,0.0,0.0,0.0,0.0,0.0,0.0,0.0,282.4441943329026
t1718,0.0,0.0,0.0,0.0,0.0,0.0,0.0,0.0,0.0,0.0,0.0,0.0,0.0,0.0,0.0,0.0,0.0,0.0
t1719,0.0,0.0,0.0,0.0,0.0,0.0,0.0,0.0,0.0,0.0,0.0,0.0,0.0,0.0,0.0,0.0,0.0,0.0
t1720,0.0,0.0,0.0,0.0,0.0,0.0,0.0,0.0,0.0,0.0,0.0,0.0,0.0,0.0,0.0,0.0,0.0,0.0
t1721,0.0,0.0,0.0,0.0,0.0,0.0,0.0,0.0,0.0,0.0,0.0,0.0,0.0,0.0,0.0,0.0,0.0,0.0
t1722,0.0,0.0,0.0,0.0,0.0,0.0,0.0,0.0,0.0,0.0,0.0,0.0,0.0,0.0,0.0,0.0,0.0,0.0
t1723,0.0,0.0,0.0,0.0,0.0,0.0,0.0,0.0,0.0,0.0,0.0,0.0,0.0,0.0,0.0,0.0,0.0,0.0
t1724,0.0,0.0,0.0,0.0,0.0,0.0,0.0,0.0,0.0,0.0,0.0,0.0,0.0,0.0,0.0,0.0,0.0,0.0
t1725,0.0,0.0,0.0,0.0,0.0,0.0,0.0,0.0,0.0,0.0,0.0,0.0,0.0,0.0,0.0,0.0,0.0,0.0
t1726,0.0,0.0,0.0,0.0,0.0,0.0,0.0,0.0,0.0,0.0,0.0,0.0,0.0,0.0,0.0,0.0,0.0,0.0
t1727,0.0,0.0,0.0,0.0,0.0,0.0,0.0,0.0,0.0,0.0,0.0,0.0,0.0,0.0,0.0,0.0,0.0,0.0
t1728,0.0,0.0,0.0,0.0,0.0,0.0,0.0,0.0,0.0,0.0,0.0,0.0,0.0,0.0,0.0,0.0,0.0,0.0
t1729,0.0,0.0,0.0,0.0,0.0,0.0,0.0,0.0,0.0,0.0,0.0,0.0,0.0,0.0,0.0,0.0,0.0,0.0
t1730,0.0,0.0,0.0,0.0,0.0,0.0,0.0,0.0,0.0,0.0,0.0,0.0,0.0,0.0,0.0,0.0,0.0,0.0
t1731,0.0,0.0,0.0,0.0,0.0,0.0,0.0,0.0,0.0,0.0,0.0,0.0,0.0,0.0,0.0,0.0,0.0,0.0
t1732,0.0,0.0,0.0,0.0,0.0,0.0,0.0,0.0,0.0,0.0,0.0,0.0,0.0,0.0,0.0,0.0,0.0,0.0
t1733,0.0,0.0,0.0,0.0,0.0,0.0,0.0,0.0,0.0,0.0,0.0,0.0,0.0,0.0,0.0,0.0,0.0,0.0
t1734,0.0,0.0,0.0,0.0,0.0,0.0,0.0,0.0,0.0,0.0,0.0,0.0,0.0,0.0,0.0,0.0,0.0,0.0
t1735,0.0,0.0,0.0,0.0,0.0,0.0,0.0,0.0,0.0,0.0,0.0,0.0,0.0,0.0,0.0,0.0,0.0,0.0
t1736,0.0,0.0,0.0,0.0,0.0,0.0,0.0,0.0,0.0,0.0,0.0,0.0,0.0,0.0,0.0,0.0,0.0,0.0
t1737,0.0,0.0,0.0,0.0,0.0,0.0,0.0,0.0,0.0,0.0,0.0,0.0,0.0,0.0,0.0,0.0,0.0,0.0
t1738,875.9854887661949,0.0,0.0,0.0,0.0,0.0,722.7188372912564,0.0,0.0,0.0,0.0,0.0,0.0,0.0,0.0,0.0,0.0,1598.7043260574512
t1739,1220.0,120.0,0.0,0.0,0.0,70.83741525956813,1211.3119084900004,0.0,0.0,0.0,0.0,0.0,0.0,0.0,0.0,0.0,0.0,2622.149323749569
t1740,1220.0,120.0,0.0,0.0,0.0,3377.1105696542754,1590.0,0.0,0.0,0.0,0.0,0.0,0.0,0.0,0.0,0.0,0.0,6307.110569654275
t1741,1220.0,0.0,0.0,0.0,0.0,444.5011376204993,1590.0,1950.0,0.0,0.0,0.0,0.0,0.0,0.0,0.0,0.0,0.0,5204.501137620499
t1742,251.94670708747395,0.0,0.0,0.0,0.0,0.0,1590.0,0.0,0.0,0.0,0.0,0.0,0.0,0.0,0.0,0.0,0.0,1841.946707087474
t1743,0.0,0.0,0.0,0.0,0.0,0.0,0.0,0.0,0.0,0.0,0.0,0.0,0.0,0.0,0.0,0.0,0.0,0.0
t1744,0.0,0.0,0.0,0.0,0.0,0.0,0.0,0.0,0.0,0.0,0.0,0.0,0.0,0.0,0.0,0.0,0.0,0.0
t1745,0.0,0.0,0.0,0.0,0.0,0.0,0.0,0.0,0.0,0.0,0.0,0.0,0.0,0.0,0.0,0.0,0.0,0.0
t1746,0.0,0.0,0.0,0.0,0.0,0.0,0.0,0.0,0.0,0.0,0.0,0.0,0.0,0.0,0.0,0.0,0.0,0.0
t1747,0.0,0.0,0.0,0.0,0.0,0.0,0.0,0.0,0.0,0.0,0.0,0.0,0.0,0.0,0.0,0.0,0.0,0.0
t1748,0.0,0.0,0.0,0.0,0.0,0.0,0.0,0.0,0.0,0.0,0.0,0.0,0.0,0.0,0.0,0.0,0.0,0.0
t1749,0.0,0.0,0.0,0.0,0.0,0.0,0.0,0.0,0.0,0.0,0.0,0.0,0.0,0.0,0.0,0.0,0.0,0.0
t1750,0.0,0.0,0.0,0.0,0.0,0.0,0.0,0.0,0.0,0.0,0.0,0.0,0.0,0.0,0.0,0.0,0.0,0.0
t1751,0.0,0.0,0.0,0.0,0.0,0.0,0.0,0.0,0.0,0.0,0.0,0.0,0.0,0.0,0.0,0.0,0.0,0.0
t1752,0.0,0.0,0.0,0.0,0.0,0.0,0.0,0.0,0.0,0.0,0.0,0.0,0.0,0.0,0.0,0.0,0.0,0.0
t1753,0.0,0.0,0.0,0.0,0.0,0.0,0.0,0.0,0.0,0.0,0.0,0.0,0.0,0.0,0.0,0.0,0.0,0.0
t1754,0.0,0.0,0.0,0.0,0.0,0.0,0.0,0.0,0.0,0.0,0.0,0.0,0.0,0.0,0.0,0.0,0.0,0.0
t1755,0.0,0.0,0.0,0.0,0.0,0.0,0.0,0.0,0.0,0.0,0.0,0.0,0.0,0.0,0.0,0.0,0.0,0.0
t1756,0.0,0.0,0.0,0.0,0.0,0.0,0.0,0.0,0.0,0.0,0.0,0.0,0.0,0.0,0.0,0.0,0.0,0.0
t1757,0.0,0.0,0.0,0.0,0.0,0.0,0.0,0.0,0.0,0.0,0.0,0.0,0.0,0.0,0.0,0.0,0.0,0.0
t1758,0.0,0.0,0.0,0.0,0.0,0.0,0.0,0.0,0.0,0.0,0.0,0.0,0.0,0.0,0.0,0.0,0.0,0.0
t1759,0.0,0.0,0.0,0.0,0.0,0.0,0.0,0.0,0.0,0.0,0.0,0.0,0.0,0.0,0.0,0.0,0.0,0.0
t1760,0.0,120.0,0.0,0.0,0.0,637.27194332734,963.1904175797658,0.0,0.0,0.0,0.0,0.0,0.0,0.0,0.0,0.0,0.0,1720.462360907106
t1761,1220.0,120.0,0.0,0.0,0.0,3195.6111327992635,617.6584183900003,1950.0,0.0,0.0,0.0,0.0,0.0,0.0,0.0,0.0,0.0,7103.269551189264
t1762,1220.0,120.0,0.0,0.0,0.0,3601.715856755398,846.3812418800001,1950.0,0.0,0.0,0.0,0.0,0.0,0.0,0.0,0.0,0.0,7738.097098635398
t1763,0.0,0.0,0.0,0.0,0.0,7711.603737042423,1011.7696420107152,0.0,0.0,0.0,0.0,0.0,0.0,0.0,0.0,0.0,0.0,8723.373379053139
t1764,0.0,0.0,0.0,0.0,0.0,6126.74767241554,1060.14124558,1950.0,0.0,0.0,0.0,0.0,0.0,0.0,0.0,0.0,0.0,9136.88891799554
t1765,1220.0,0.0,0.0,0.0,0.0,8428.079284249967,990.4949483207761,0.0,0.0,0.0,0.0,0.0,0.0,0.0,0.0,0.0,0.0,10638.574232570743
t1766,263.9732766371902,25.964584587264614,0.0,0.0,0.0,5944.589592016274,776.0764089400001,421.9244995430499,0.0,0.0,0.0,0.0,0.0,0.0,0.0,0.0,0.0,7432.528361723778
t1767,1220.0,120.0,0.0,0.0,0.0,825.9945870591196,438.31842307999966,1950.0,0.0,0.0,0.0,0.0,0.0,0.0,0.0,0.0,0.0,4554.31301013912
t1768,0.0,0.0,0.0,0.0,0.0,0.0,0.0,0.0,0.0,0.0,0.0,0.0,0.0,0.0,0.0,0.0,0.0,0.0
t1769,0.0,0.0,0.0,0.0,0.0,0.0,0.0,0.0,0.0,0.0,0.0,0.0,0.0,0.0,0.0,0.0,0.0,0.0
t1770,0.0,0.0,0.0,0.0,0.0,0.0,0.0,0.0,0.0,0.0,0.0,0.0,0.0,0.0,0.0,0.0,0.0,0.0
t1771,0.0,0.0,0.0,0.0,0.0,0.0,0.0,0.0,0.0,0.0,0.0,0.0,0.0,0.0,0.0,0.0,0.0,0.0
t1772,0.0,0.0,0.0,0.0,0.0,0.0,0.0,0.0,0.0,0.0,0.0,0.0,0.0,0.0,0.0,0.0,0.0,0.0
t1773,0.0,0.0,0.0,0.0,0.0,0.0,0.0,0.0,0.0,0.0,0.0,0.0,0.0,0.0,0.0,0.0,0.0,0.0
t1774,0.0,0.0,0.0,0.0,0.0,0.0,0.0,0.0,0.0,0.0,0.0,0.0,0.0,0.0,0.0,0.0,0.0,0.0
t1775,0.0,0.0,0.0,0.0,0.0,0.0,0.0,0.0,0.0,0.0,0.0,0.0,0.0,0.0,0.0,0.0,0.0,0.0
t1776,0.0,0.0,0.0,0.0,0.0,0.0,0.0,0.0,0.0,0.0,0.0,0.0,0.0,0.0,0.0,0.0,0.0,0.0
t1777,0.0,0.0,0.0,0.0,0.0,0.0,0.0,0.0,0.0,0.0,0.0,0.0,0.0,0.0,0.0,0.0,0.0,0.0
t1778,0.0,0.0,0.0,0.0,0.0,0.0,0.0,0.0,0.0,0.0,0.0,0.0,0.0,0.0,0.0,0.0,0.0,0.0
t1779,0.0,0.0,0.0,0.0,0.0,0.0,0.0,0.0,0.0,0.0,0.0,0.0,0.0,0.0,0.0,0.0,0.0,0.0
t1780,0.0,0.0,0.0,0.0,0.0,0.0,0.0,0.0,0.0,0.0,0.0,0.0,0.0,0.0,0.0,0.0,0.0,0.0
t1781,0.0,0.0,0.0,0.0,0.0,0.0,0.0,0.0,0.0,0.0,0.0,0.0,0.0,0.0,0.0,0.0,0.0,0.0
t1782,0.0,0.0,0.0,0.0,0.0,0.0,0.0,0.0,0.0,0.0,0.0,0.0,0.0,0.0,0.0,0.0,0.0,0.0
t1783,0.0,0.0,0.0,0.0,0.0,0.0,0.0,0.0,0.0,0.0,0.0,0.0,0.0,0.0,0.0,0.0,0.0,0.0
t1784,0.0,0.0,0.0,0.0,0.0,0.0,0.0,0.0,0.0,0.0,0.0,0.0,0.0,0.0,0.0,0.0,0.0,0.0
t1785,1220.0,120.0,0.0,0.0,0.0,1091.361712427275,890.9036897887937,1950.0,0.0,0.0,0.0,0.0,0.0,0.0,0.0,0.0,0.0,5272.265402216069
t1786,412.80581153999987,0.0,0.0,0.0,0.0,6752.024484307142,751.9748222600002,0.0,0.0,0.0,0.0,0.0,0.0,0.0,0.0,0.0,0.0,7916.805118107142
t1787,0.0,0.0,0.0,0.0,0.0,6966.077082517694,1139.2179519324634,0.0,0.0,0.0,0.0,0.0,0.0,0.0,0.0,0.0,0.0,8105.295034450158
t1788,1220.0,120.0,0.0,0.0,0.0,3834.689485330231,1058.15462739,1950.0,0.0,0.0,0.0,0.0,0.0,0.0,0.0,0.0,0.0,8182.844112720231
t1789,847.9650302371894,0.0,0.0,0.0,0.0,5514.1299610037695,1590.0,1950.0,0.0,0.0,0.0,0.0,0.0,0.0,0.0,0.0,0.0,9902.09499124096
t1790,223.20243486000066,0.0,0.0,0.0,0.0,6112.288916794272,829.8523415599997,1950.0,0.0,0.0,0.0,0.0,0.0,0.0,0.0,0.0,0.0,9115.343693214272
t1791,1220.0,120.0,0.0,0.0,0.0,2893.1376925524364,443.92731284999985,0.0,0.0,0.0,0.0,0.0,0.0,0.0,0.0,0.0,0.0,4677.065005402436
t1792,0.0,0.0,0.0,0.0,0.0,0.0,0.0,0.0,0.0,0.0,0.0,0.0,0.0,0.0,0.0,0.0,0.0,0.0
t1793,0.0,0.0,0.0,0.0,0.0,0.0,0.0,0.0,0.0,0.0,0.0,0.0,0.0,0.0,0.0,0.0,0.0,0.0
t1794,0.0,0.0,0.0,0.0,0.0,0.0,0.0,0.0,0.0,0.0,0.0,0.0,0.0,0.0,0.0,0.0,0.0,0.0
t1795,0.0,0.0,0.0,0.0,0.0,0.0,0.0,0.0,0.0,0.0,0.0,0.0,0.0,0.0,0.0,0.0,0.0,0.0
t1796,0.0,0.0,0.0,0.0,0.0,0.0,0.0,0.0,0.0,0.0,0.0,0.0,0.0,0.0,0.0,0.0,0.0,0.0
t1797,0.0,0.0,0.0,0.0,0.0,0.0,0.0,0.0,0.0,0.0,0.0,0.0,0.0,0.0,0.0,0.0,0.0,0.0
t1798,0.0,0.0,0.0,0.0,0.0,0.0,0.0,0.0,0.0,0.0,0.0,0.0,0.0,0.0,0.0,0.0,0.0,0.0
t1799,0.0,0.0,0.0,0.0,0.0,0.0,0.0,0.0,0.0,0.0,0.0,0.0,0.0,0.0,0.0,0.0,0.0,0.0
t1800,0.0,0.0,0.0,0.0,0.0,0.0,0.0,0.0,0.0,0.0,0.0,0.0,0.0,0.0,0.0,0.0,0.0,0.0
t1801,0.0,0.0,0.0,0.0,0.0,0.0,0.0,0.0,0.0,0.0,0.0,0.0,0.0,0.0,0.0,0.0,0.0,0.0
t1802,0.0,0.0,0.0,0.0,0.0,0.0,0.0,0.0,0.0,0.0,0.0,0.0,0.0,0.0,0.0,0.0,0.0,0.0
t1803,0.0,0.0,0.0,0.0,0.0,0.0,0.0,0.0,0.0,0.0,0.0,0.0,0.0,0.0,0.0,0.0,0.0,0.0
t1804,0.0,0.0,0.0,0.0,0.0,0.0,0.0,0.0,0.0,0.0,0.0,0.0,0.0,0.0,0.0,0.0,0.0,0.0
t1805,0.0,0.0,0.0,0.0,0.0,0.0,0.0,0.0,0.0,0.0,0.0,0.0,0.0,0.0,0.0,0.0,0.0,0.0
t1806,0.0,0.0,0.0,0.0,0.0,0.0,0.0,0.0,0.0,0.0,0.0,0.0,0.0,0.0,0.0,0.0,0.0,0.0
t1807,0.0,0.0,0.0,0.0,0.0,0.0,0.0,0.0,0.0,0.0,0.0,0.0,0.0,0.0,0.0,0.0,0.0,0.0
t1808,168.9114281371901,120.0,295.44238119999966,0.0,0.0,1456.7568956322498,291.87751729125495,0.0,0.0,0.0,0.0,0.0,0.0,0.0,0.0,0.0,0.0,2332.988222260695
t1809,1220.0,0.0,905.3863174000002,0.0,0.0,4387.624505084792,257.5324048200003,1594.8585083730493,0.0,0.0,0.0,0.0,0.0,0.0,0.0,0.0,0.0,8365.40173567784
t1810,0.0,120.0,1103.4478046899997,0.0,0.0,4828.1305380649255,1109.2181483300003,0.0,0.0,0.0,0.0,0.0,0.0,0.0,0.0,0.0,0.0,7160.796491084925
t1811,1220.0,0.0,1137.5296642700002,0.0,0.0,5734.083348484917,860.9800796100002,1950.0,0.0,0.0,0.0,0.0,0.0,0.0,0.0,0.0,0.0,10902.593092364918
t1812,156.78738205999994,120.0,1178.7478571800002,0.0,0.0,5540.710494664423,1002.18323313,1950.0,0.0,0.0,0.0,0.0,0.0,0.0,0.0,0.0,0.0,9948.428967034422
t1813,0.0,25.964584587264614,1201.55390218,0.0,0.0,5238.108366770398,1388.2389731600001,1950.0,0.0,0.0,0.0,0.0,0.0,0.0,0.0,0.0,0.0,9803.865826697662
t1814,1220.0,0.0,809.5799032999998,0.0,0.0,6800.459413822884,837.6831042700002,777.0659911700009,0.0,0.0,0.0,0.0,0.0,0.0,0.0,0.0,0.0,10444.788412562884
t1815,1158.2744664400002,120.0,0.0,0.0,0.0,2485.7402431407377,901.7038931200001,0.0,0.0,0.0,0.0,0.0,0.0,0.0,0.0,0.0,0.0,4665.718602700738
t1816,0.0,0.0,198.834061708073,0.0,0.0,0.0,54.613392050000044,0.0,0.0,0.0,0.0,0.0,0.0,0.0,0.0,0.0,0.0,253.44745375807304
t1817,0.0,0.0,0.0,0.0,0.0,0.0,0.0,0.0,0.0,0.0,0.0,0.0,0.0,0.0,0.0,0.0,0.0,0.0
t1818,0.0,0.0,0.0,0.0,0.0,0.0,0.0,0.0,0.0,0.0,0.0,0.0,0.0,0.0,0.0,0.0,0.0,0.0
t1819,0.0,0.0,0.0,0.0,0.0,0.0,0.0,0.0,0.0,0.0,0.0,0.0,0.0,0.0,0.0,0.0,0.0,0.0
t1820,0.0,0.0,0.0,0.0,0.0,0.0,0.0,0.0,0.0,0.0,0.0,0.0,0.0,0.0,0.0,0.0,0.0,0.0
t1821,0.0,0.0,0.0,0.0,0.0,0.0,0.0,0.0,0.0,0.0,0.0,0.0,0.0,0.0,0.0,0.0,0.0,0.0
t1822,0.0,0.0,0.0,0.0,0.0,0.0,0.0,0.0,0.0,0.0,0.0,0.0,0.0,0.0,0.0,0.0,0.0,0.0
t1823,0.0,0.0,0.0,0.0,0.0,0.0,0.0,0.0,0.0,0.0,0.0,0.0,0.0,0.0,0.0,0.0,0.0,0.0
t1824,0.0,0.0,0.0,0.0,0.0,0.0,0.0,0.0,0.0,0.0,0.0,0.0,0.0,0.0,0.0,0.0,0.0,0.0
t1825,0.0,0.0,0.0,0.0,0.0,0.0,0.0,0.0,0.0,0.0,0.0,0.0,0.0,0.0,0.0,0.0,0.0,0.0
t1826,0.0,0.0,0.0,0.0,0.0,0.0,0.0,0.0,0.0,0.0,0.0,0.0,0.0,0.0,0.0,0.0,0.0,0.0
t1827,0.0,0.0,0.0,0.0,0.0,0.0,0.0,0.0,0.0,0.0,0.0,0.0,0.0,0.0,0.0,0.0,0.0,0.0
t1828,0.0,0.0,0.0,0.0,0.0,0.0,0.0,0.0,0.0,0.0,0.0,0.0,0.0,0.0,0.0,0.0,0.0,0.0
t1829,0.0,0.0,0.0,0.0,0.0,0.0,0.0,0.0,0.0,0.0,0.0,0.0,0.0,0.0,0.0,0.0,0.0,0.0
t1830,0.0,0.0,0.0,0.0,0.0,0.0,0.0,0.0,0.0,0.0,0.0,0.0,0.0,0.0,0.0,0.0,0.0,0.0
t1831,0.0,0.0,0.0,0.0,0.0,0.0,0.0,0.0,0.0,0.0,0.0,0.0,0.0,0.0,0.0,0.0,0.0,0.0
t1832,14.696899986230859,0.0,318.38815337999984,0.0,0.0,0.0,198.67823625125592,0.0,0.0,0.0,0.0,0.0,0.0,0.0,0.0,0.0,0.0,531.7632896174866
t1833,656.3781804709595,120.0,958.9339820700002,0.0,0.0,4241.002533600621,613.0364761300002,421.92449954305056,0.0,0.0,0.0,0.0,0.0,0.0,0.0,0.0,0.0,7011.275671814632
t1834,0.0,120.0,1148.72131038,0.0,0.0,5045.971806737963,857.5654406600001,1950.0,0.0,0.0,0.0,0.0,0.0,0.0,0.0,0.0,0.0,9122.258557777963
t1835,1220.0,0.0,1236.6934390899996,0.0,0.0,6779.887360984535,894.2264532300002,0.0,0.0,0.0,0.0,0.0,0.0,0.0,0.0,0.0,0.0,10130.807253304534
t1836,1220.0,120.0,736.1566246980726,0.0,0.0,6114.200987774374,1175.77496104,1950.0,0.0,0.0,0.0,0.0,0.0,0.0,0.0,0.0,0.0,11316.132573512446
t1837,0.0,0.0,1280.8700104000002,0.0,0.0,6645.561968229533,1364.60846971,1950.0,0.0,0.0,0.0,0.0,0.0,0.0,0.0,0.0,0.0,11241.040448339532
t1838,1220.0,25.964584587264614,1150.7583719099998,0.0,0.0,4451.907349249017,1076.0324174600003,1950.0,0.0,0.0,0.0,0.0,0.0,0.0,0.0,0.0,0.0,9874.662723206282
t1839,812.8981961799997,120.0,0.0,0.0,0.0,3193.081799089286,524.1082912999999,0.0,0.0,0.0,0.0,0.0,0.0,0.0,0.0,0.0,0.0,4650.088286569286
t1840,0.0,0.0,0.0,0.0,0.0,0.0,0.0,0.0,0.0,0.0,0.0,0.0,0.0,0.0,0.0,0.0,0.0,0.0
t1841,0.0,0.0,0.0,0.0,0.0,0.0,0.0,0.0,0.0,0.0,0.0,0.0,0.0,0.0,0.0,0.0,0.0,0.0
t1842,0.0,0.0,0.0,0.0,0.0,0.0,0.0,0.0,0.0,0.0,0.0,0.0,0.0,0.0,0.0,0.0,0.0,0.0
t1843,0.0,0.0,0.0,0.0,0.0,0.0,0.0,0.0,0.0,0.0,0.0,0.0,0.0,0.0,0.0,0.0,0.0,0.0
t1844,0.0,0.0,0.0,0.0,0.0,0.0,0.0,0.0,0.0,0.0,0.0,0.0,0.0,0.0,0.0,0.0,0.0,0.0
t1845,0.0,0.0,0.0,0.0,0.0,0.0,0.0,0.0,0.0,0.0,0.0,0.0,0.0,0.0,0.0,0.0,0.0,0.0
t1846,0.0,0.0,0.0,0.0,0.0,0.0,0.0,0.0,0.0,0.0,0.0,0.0,0.0,0.0,0.0,0.0,0.0,0.0
t1847,0.0,0.0,0.0,0.0,0.0,0.0,0.0,0.0,0.0,0.0,0.0,0.0,0.0,0.0,0.0,0.0,0.0,0.0
t1848,0.0,0.0,0.0,0.0,0.0,0.0,0.0,0.0,0.0,0.0,0.0,0.0,0.0,0.0,0.0,0.0,0.0,0.0
t1849,0.0,0.0,0.0,0.0,0.0,0.0,0.0,0.0,0.0,0.0,0.0,0.0,0.0,0.0,0.0,0.0,0.0,0.0
t1850,0.0,0.0,0.0,0.0,0.0,0.0,0.0,0.0,0.0,0.0,0.0,0.0,0.0,0.0,0.0,0.0,0.0,0.0
t1851,0.0,0.0,0.0,0.0,0.0,0.0,0.0,0.0,0.0,0.0,0.0,0.0,0.0,0.0,0.0,0.0,0.0,0.0
t1852,0.0,0.0,0.0,0.0,0.0,0.0,0.0,0.0,0.0,0.0,0.0,0.0,0.0,0.0,0.0,0.0,0.0,0.0
t1853,0.0,0.0,0.0,0.0,0.0,0.0,0.0,0.0,0.0,0.0,0.0,0.0,0.0,0.0,0.0,0.0,0.0,0.0
t1854,0.0,0.0,0.0,0.0,0.0,0.0,0.0,0.0,0.0,0.0,0.0,0.0,0.0,0.0,0.0,0.0,0.0,0.0
t1855,0.0,0.0,0.0,0.0,0.0,0.0,0.0,0.0,0.0,0.0,0.0,0.0,0.0,0.0,0.0,0.0,0.0,0.0
t1856,0.0,0.0,0.0,0.0,0.0,0.0,0.0,0.0,0.0,0.0,0.0,0.0,0.0,0.0,0.0,0.0,0.0,0.0
t1857,434.7351197771909,120.0,0.0,0.0,0.0,1175.1447588987794,678.3540054799997,1759.6372473600009,0.0,0.0,0.0,0.0,0.0,0.0,0.0,0.0,0.0,4167.871131515971
t1858,1220.0,120.0,0.0,0.0,0.0,3467.0291098517155,492.40675676000035,0.0,0.0,0.0,0.0,0.0,0.0,0.0,0.0,0.0,0.0,5299.435866611716
t1859,1220.0,0.0,0.0,0.0,0.0,1116.444393754112,1273.62624022,1738.9555561800003,0.0,0.0,0.0,0.0,0.0,0.0,0.0,0.0,0.0,5349.026190154113
t1860,0.0,120.0,0.0,0.0,0.0,4307.537316019519,1177.430507041256,1469.1983168684244,0.0,0.0,0.0,0.0,0.0,0.0,0.0,0.0,0.0,7074.1661399292
t1861,0.0,0.0,0.0,0.0,724.0187074279804,3123.861738003176,1288.99095662,965.1100103600007,0.0,0.0,0.0,0.0,0.0,0.0,0.0,0.0,0.0,6101.981412411157
t1862,1049.2381568599994,120.0,0.0,0.0,0.0,2781.2372350543706,741.30568308,0.0,0.0,0.0,0.0,0.0,0.0,0.0,0.0,0.0,0.0,4691.78107499437
t1863,1220.0,25.964584587264614,0.0,0.0,0.0,2532.2228857144037,1051.9165965800003,857.4481827800005,0.0,0.0,0.0,0.0,0.0,0.0,0.0,0.0,0.0,5687.552249661669
t1864,0.0,0.0,0.0,0.0,0.0,0.0,0.0,0.0,0.0,0.0,0.0,0.0,0.0,0.0,0.0,0.0,0.0,0.0
t1865,0.0,0.0,0.0,0.0,0.0,0.0,0.0,0.0,0.0,0.0,0.0,0.0,0.0,0.0,0.0,0.0,0.0,0.0
t1866,0.0,0.0,0.0,0.0,0.0,0.0,0.0,0.0,0.0,0.0,0.0,0.0,0.0,0.0,0.0,0.0,0.0,0.0
t1867,0.0,0.0,0.0,0.0,0.0,0.0,0.0,0.0,0.0,0.0,0.0,0.0,0.0,0.0,0.0,0.0,0.0,0.0
t1868,0.0,0.0,0.0,0.0,0.0,0.0,0.0,0.0,0.0,0.0,0.0,0.0,0.0,0.0,0.0,0.0,0.0,0.0
t1869,0.0,0.0,0.0,0.0,0.0,0.0,0.0,0.0,0.0,0.0,0.0,0.0,0.0,0.0,0.0,0.0,0.0,0.0
t1870,0.0,0.0,0.0,0.0,0.0,0.0,0.0,0.0,0.0,0.0,0.0,0.0,0.0,0.0,0.0,0.0,0.0,0.0
t1871,0.0,0.0,0.0,0.0,0.0,0.0,0.0,0.0,0.0,0.0,0.0,0.0,0.0,0.0,0.0,0.0,0.0,0.0
t1872,0.0,0.0,0.0,0.0,0.0,0.0,0.0,0.0,0.0,0.0,0.0,0.0,0.0,0.0,0.0,0.0,0.0,0.0
t1873,0.0,0.0,0.0,0.0,0.0,0.0,0.0,0.0,0.0,0.0,0.0,0.0,0.0,0.0,0.0,0.0,0.0,0.0
t1874,0.0,0.0,0.0,0.0,0.0,0.0,0.0,0.0,0.0,0.0,0.0,0.0,0.0,0.0,0.0,0.0,0.0,0.0
t1875,0.0,0.0,0.0,0.0,0.0,0.0,0.0,0.0,0.0,0.0,0.0,0.0,0.0,0.0,0.0,0.0,0.0,0.0
t1876,0.0,0.0,0.0,0.0,0.0,0.0,0.0,0.0,0.0,0.0,0.0,0.0,0.0,0.0,0.0,0.0,0.0,0.0
t1877,0.0,0.0,0.0,0.0,0.0,0.0,0.0,0.0,0.0,0.0,0.0,0.0,0.0,0.0,0.0,0.0,0.0,0.0
t1878,0.0,0.0,0.0,0.0,0.0,0.0,0.0,0.0,0.0,0.0,0.0,0.0,0.0,0.0,0.0,0.0,0.0,0.0
t1879,0.0,0.0,0.0,0.0,0.0,0.0,0.0,0.0,0.0,0.0,0.0,0.0,0.0,0.0,0.0,0.0,0.0,0.0
t1880,0.0,0.0,0.0,0.0,0.0,0.0,0.0,0.0,0.0,0.0,0.0,0.0,0.0,0.0,0.0,0.0,0.0,0.0
t1881,1220.0,120.0,0.0,0.0,0.0,420.768667250081,977.0419239199997,0.0,0.0,0.0,0.0,0.0,0.0,0.0,0.0,0.0,0.0,2737.810591170081
t1882,1220.0,120.0,200.01312806000027,0.0,0.0,3302.4204753735626,685.1354979412564,1141.117628899729,0.0,0.0,0.0,0.0,0.0,0.0,0.0,0.0,0.0,6668.686730274549
t1883,1220.0,0.0,78.55247999000004,0.0,0.0,5256.923515200425,1363.27247244,1950.0,0.0,0.0,0.0,0.0,0.0,0.0,0.0,0.0,0.0,9868.748467630425
t1884,752.5450172771899,0.0,0.0,0.0,647.2320142130312,5069.0692899335045,1325.4249474500004,0.0,0.0,0.0,0.0,0.0,0.0,0.0,0.0,0.0,0.0,7794.271268873726
t1885,0.0,25.964584587264586,0.0,0.0,1232.2371447879132,3863.09024854734,1269.41993147,1950.0,0.0,0.0,0.0,0.0,0.0,0.0,0.0,0.0,0.0,8340.711909392518
t1886,731.4282593600001,120.0,0.0,0.0,242.03636395018023,5972.643934477726,0.0,0.0,0.0,0.0,0.0,0.0,0.0,0.0,0.0,0.0,0.0,7066.108557787907
t1887,0.0,120.0,0.0,0.0,420.43234591793424,2715.4916996587795,1083.73597256,0.0,0.0,0.0,0.0,0.0,0.0,0.0,0.0,0.0,0.0,4339.660018136714
t1888,0.0,0.0,0.0,0.0,0.0,0.0,0.0,0.0,0.0,0.0,0.0,0.0,0.0,0.0,0.0,0.0,0.0,0.0
t1889,0.0,0.0,0.0,0.0,0.0,0.0,0.0,0.0,0.0,0.0,0.0,0.0,0.0,0.0,0.0,0.0,0.0,0.0
t1890,0.0,0.0,0.0,0.0,0.0,0.0,0.0,0.0,0.0,0.0,0.0,0.0,0.0,0.0,0.0,0.0,0.0,0.0
t1891,0.0,0.0,0.0,0.0,0.0,0.0,0.0,0.0,0.0,0.0,0.0,0.0,0.0,0.0,0.0,0.0,0.0,0.0
t1892,0.0,0.0,0.0,0.0,0.0,0.0,0.0,0.0,0.0,0.0,0.0,0.0,0.0,0.0,0.0,0.0,0.0,0.0
t1893,0.0,0.0,0.0,0.0,0.0,0.0,0.0,0.0,0.0,0.0,0.0,0.0,0.0,0.0,0.0,0.0,0.0,0.0
t1894,0.0,0.0,0.0,0.0,0.0,0.0,0.0,0.0,0.0,0.0,0.0,0.0,0.0,0.0,0.0,0.0,0.0,0.0
t1895,0.0,0.0,0.0,0.0,0.0,0.0,0.0,0.0,0.0,0.0,0.0,0.0,0.0,0.0,0.0,0.0,0.0,0.0
t1896,0.0,0.0,0.0,0.0,0.0,0.0,0.0,0.0,0.0,0.0,0.0,0.0,0.0,0.0,0.0,0.0,0.0,0.0
t1897,0.0,0.0,0.0,0.0,0.0,0.0,0.0,0.0,0.0,0.0,0.0,0.0,0.0,0.0,0.0,0.0,0.0,0.0
t1898,0.0,0.0,0.0,0.0,0.0,0.0,0.0,0.0,0.0,0.0,0.0,0.0,0.0,0.0,0.0,0.0,0.0,0.0
t1899,0.0,0.0,0.0,0.0,0.0,0.0,0.0,0.0,0.0,0.0,0.0,0.0,0.0,0.0,0.0,0.0,0.0,0.0
t1900,0.0,0.0,0.0,0.0,0.0,0.0,0.0,0.0,0.0,0.0,0.0,0.0,0.0,0.0,0.0,0.0,0.0,0.0
t1901,0.0,0.0,0.0,0.0,0.0,0.0,0.0,0.0,0.0,0.0,0.0,0.0,0.0,0.0,0.0,0.0,0.0,0.0
t1902,0.0,0.0,0.0,0.0,0.0,0.0,0.0,0.0,0.0,0.0,0.0,0.0,0.0,0.0,0.0,0.0,0.0,0.0
t1903,0.0,0.0,0.0,0.0,0.0,0.0,0.0,0.0,0.0,0.0,0.0,0.0,0.0,0.0,0.0,0.0,0.0,0.0
t1904,1220.0,120.0,0.0,0.0,0.0,0.0,324.95034254000024,513.0694184192275,0.0,0.0,0.0,0.0,0.0,0.0,0.0,0.0,0.0,2178.019760959228
t1905,263.9732766371902,120.0,0.0,0.0,0.0,2774.518665182688,664.4633724800002,1950.0,0.0,0.0,0.0,0.0,0.0,0.0,0.0,0.0,0.0,5772.955314299878
t1906,0.0,120.0,0.0,0.0,0.0,4641.006517762559,826.4790764399999,1950.0,0.0,0.0,0.0,0.0,0.0,0.0,0.0,0.0,0.0,7537.485594202559
t1907,1220.0,120.0,0.0,0.0,0.0,1205.5895883237868,1235.19941888,1950.0,0.0,0.0,0.0,0.0,0.0,0.0,0.0,0.0,0.0,5730.789007203786
t1908,1220.0,0.0,0.0,0.0,0.0,5554.982912957772,1471.187145282419,0.0,0.0,0.0,0.0,0.0,0.0,0.0,0.0,0.0,0.0,8246.17005824019
t1909,1220.0,25.964584587264614,0.0,0.0,0.0,5587.150427546573,1590.0,0.0,0.0,0.0,0.0,0.0,0.0,0.0,0.0,0.0,0.0,8423.115012133838
t1910,0.0,0.0,0.0,0.0,0.0,0.0,591.7513901588374,0.0,0.0,0.0,0.0,0.0,0.0,0.0,0.0,0.0,0.0,591.7513901588374
t1911,0.0,0.0,0.0,0.0,0.0,0.0,0.0,0.0,0.0,0.0,0.0,0.0,0.0,0.0,0.0,0.0,0.0,0.0
t1912,0.0,0.0,0.0,0.0,0.0,0.0,0.0,0.0,0.0,0.0,0.0,0.0,0.0,0.0,0.0,0.0,0.0,0.0
t1913,0.0,0.0,0.0,0.0,0.0,0.0,0.0,0.0,0.0,0.0,0.0,0.0,0.0,0.0,0.0,0.0,0.0,0.0
t1914,0.0,0.0,0.0,0.0,0.0,0.0,0.0,0.0,0.0,0.0,0.0,0.0,0.0,0.0,0.0,0.0,0.0,0.0
t1915,0.0,0.0,0.0,0.0,0.0,0.0,0.0,0.0,0.0,0.0,0.0,0.0,0.0,0.0,0.0,0.0,0.0,0.0
t1916,0.0,0.0,0.0,0.0,0.0,0.0,0.0,0.0,0.0,0.0,0.0,0.0,0.0,0.0,0.0,0.0,0.0,0.0
t1917,0.0,0.0,0.0,0.0,0.0,0.0,0.0,0.0,0.0,0.0,0.0,0.0,0.0,0.0,0.0,0.0,0.0,0.0
t1918,0.0,0.0,0.0,0.0,0.0,0.0,0.0,0.0,0.0,0.0,0.0,0.0,0.0,0.0,0.0,0.0,0.0,0.0
t1919,0.0,0.0,0.0,0.0,0.0,0.0,0.0,0.0,0.0,0.0,0.0,0.0,0.0,0.0,0.0,0.0,0.0,0.0
t1920,0.0,0.0,0.0,0.0,0.0,0.0,0.0,0.0,0.0,0.0,0.0,0.0,0.0,0.0,0.0,0.0,0.0,0.0
t1921,0.0,0.0,0.0,0.0,0.0,0.0,0.0,0.0,0.0,0.0,0.0,0.0,0.0,0.0,0.0,0.0,0.0,0.0
t1922,0.0,0.0,0.0,0.0,0.0,0.0,0.0,0.0,0.0,0.0,0.0,0.0,0.0,0.0,0.0,0.0,0.0,0.0
t1923,0.0,0.0,0.0,0.0,0.0,0.0,0.0,0.0,0.0,0.0,0.0,0.0,0.0,0.0,0.0,0.0,0.0,0.0
t1924,0.0,0.0,0.0,0.0,0.0,0.0,0.0,0.0,0.0,0.0,0.0,0.0,0.0,0.0,0.0,0.0,0.0,0.0
t1925,0.0,0.0,0.0,0.0,0.0,0.0,0.0,0.0,0.0,0.0,0.0,0.0,0.0,0.0,0.0,0.0,0.0,0.0
t1926,0.0,0.0,0.0,0.0,0.0,0.0,0.0,0.0,0.0,0.0,0.0,0.0,0.0,0.0,0.0,0.0,0.0,0.0
t1927,0.0,0.0,0.0,0.0,0.0,0.0,0.0,0.0,0.0,0.0,0.0,0.0,0.0,0.0,0.0,0.0,0.0,0.0
t1928,0.0,120.0,0.0,0.0,0.0,1076.6824123002461,508.85901803000013,1244.1989271700008,0.0,0.0,0.0,0.0,0.0,0.0,0.0,0.0,0.0,2949.7403575002472
t1929,1220.0,120.0,1045.68629514224,0.0,0.0,2203.3680840231914,0.0,1576.3671815800005,0.0,0.0,0.0,0.0,0.0,0.0,0.0,0.0,0.0,6165.421560745432
t1930,0.0,120.0,214.1239730000003,0.0,0.0,5985.710368141587,747.3547212,1530.2946327800007,0.0,0.0,0.0,0.0,0.0,0.0,0.0,0.0,0.0,8597.48369512159
t1931,263.9732766371902,0.0,194.42971499999996,0.0,0.0,6686.326645373926,1014.3960218199999,1394.6663497800007,0.0,0.0,0.0,0.0,0.0,0.0,0.0,0.0,0.0,9553.792008611117
t1932,1220.0,0.0,57.88113199999978,0.0,384.78030563302855,6447.706475310722,1590.0,1103.1285738200006,0.0,0.0,0.0,0.0,0.0,0.0,0.0,0.0,0.0,10803.496486763752
t1933,1220.0,120.0,60.70556399999993,0.0,894.1313203751231,5995.496300347526,1571.1925396200002,654.6860661699989,0.0,0.0,0.0,0.0,0.0,0.0,0.0,0.0,0.0,10516.211790512649
t1934,1220.0,25.964584587264614,0.0,0.0,391.84025816673216,4937.80482301982,959.6636853700003,103.49432178000018,0.0,0.0,0.0,0.0,0.0,0.0,0.0,0.0,0.0,7638.767672923817
t1935,0.0,0.0,0.0,0.0,0.0,3138.5186971483085,312.56475974125544,0.0,0.0,0.0,0.0,0.0,0.0,0.0,0.0,0.0,0.0,3451.083456889564
t1936,0.0,0.0,0.0,0.0,0.0,0.0,0.0,0.0,0.0,0.0,0.0,0.0,0.0,0.0,0.0,0.0,0.0,0.0
t1937,0.0,0.0,0.0,0.0,0.0,0.0,0.0,0.0,0.0,0.0,0.0,0.0,0.0,0.0,0.0,0.0,0.0,0.0
t1938,0.0,0.0,0.0,0.0,0.0,0.0,0.0,0.0,0.0,0.0,0.0,0.0,0.0,0.0,0.0,0.0,0.0,0.0
t1939,0.0,0.0,0.0,0.0,0.0,0.0,0.0,0.0,0.0,0.0,0.0,0.0,0.0,0.0,0.0,0.0,0.0,0.0
t1940,0.0,0.0,0.0,0.0,0.0,0.0,0.0,0.0,0.0,0.0,0.0,0.0,0.0,0.0,0.0,0.0,0.0,0.0
t1941,0.0,0.0,0.0,0.0,0.0,0.0,0.0,0.0,0.0,0.0,0.0,0.0,0.0,0.0,0.0,0.0,0.0,0.0
t1942,0.0,0.0,0.0,0.0,0.0,0.0,0.0,0.0,0.0,0.0,0.0,0.0,0.0,0.0,0.0,0.0,0.0,0.0
t1943,0.0,0.0,0.0,0.0,0.0,0.0,0.0,0.0,0.0,0.0,0.0,0.0,0.0,0.0,0.0,0.0,0.0,0.0
t1944,0.0,0.0,0.0,0.0,0.0,0.0,0.0,0.0,0.0,0.0,0.0,0.0,0.0,0.0,0.0,0.0,0.0,0.0
t1945,0.0,0.0,0.0,0.0,0.0,0.0,0.0,0.0,0.0,0.0,0.0,0.0,0.0,0.0,0.0,0.0,0.0,0.0
t1946,0.0,0.0,0.0,0.0,0.0,0.0,0.0,0.0,0.0,0.0,0.0,0.0,0.0,0.0,0.0,0.0,0.0,0.0
t1947,0.0,0.0,0.0,0.0,0.0,0.0,0.0,0.0,0.0,0.0,0.0,0.0,0.0,0.0,0.0,0.0,0.0,0.0
t1948,0.0,0.0,0.0,0.0,0.0,0.0,0.0,0.0,0.0,0.0,0.0,0.0,0.0,0.0,0.0,0.0,0.0,0.0
t1949,0.0,0.0,0.0,0.0,0.0,0.0,0.0,0.0,0.0,0.0,0.0,0.0,0.0,0.0,0.0,0.0,0.0,0.0
t1950,0.0,0.0,0.0,0.0,0.0,0.0,0.0,0.0,0.0,0.0,0.0,0.0,0.0,0.0,0.0,0.0,0.0,0.0
t1951,0.0,0.0,0.0,0.0,0.0,0.0,0.0,0.0,0.0,0.0,0.0,0.0,0.0,0.0,0.0,0.0,0.0,0.0
t1952,759.1271137887687,25.96458458726457,0.0,0.0,0.0,0.0,552.6750512399998,651.4323645800005,0.0,0.0,0.0,0.0,0.0,0.0,0.0,0.0,0.0,1989.1991141960334
t1953,0.0,120.0,1620.0,0.0,0.0,1216.1918975947651,132.38853014125715,1295.4386327800005,0.0,0.0,0.0,0.0,0.0,0.0,0.0,0.0,0.0,4384.019060516022
t1954,1220.0,120.0,1620.0,0.0,0.0,996.7331107264009,1265.16873966,1548.5218968199995,0.0,0.0,0.0,0.0,0.0,0.0,0.0,0.0,0.0,6770.423747206401
t1955,1220.0,0.0,0.0,0.0,824.3594370747012,6742.051660486579,0.0,1860.870479170001,0.0,0.0,0.0,0.0,0.0,0.0,0.0,0.0,0.0,10647.281576731282
t1956,0.0,0.0,1620.0,0.0,4420.0,4013.264720651881,1590.0,317.86291320304844,0.0,0.0,0.0,0.0,0.0,0.0,0.0,0.0,0.0,11961.12763385493
t1957,1220.0,120.0,0.0,0.0,1806.3039160775315,5464.314247775458,1590.0,1419.0172711700015,0.0,0.0,0.0,0.0,0.0,0.0,0.0,0.0,0.0,11619.63543502299
t1958,0.0,120.0,138.18696519999995,0.0,2992.8163463311616,8650.0,0.0,1128.7809418199995,0.0,0.0,0.0,0.0,0.0,0.0,0.0,0.0,0.0,13029.784253351161
t1959,0.0,0.0,1620.0,0.0,4420.0,4731.511026857834,1573.79842474,0.0,0.0,0.0,0.0,0.0,0.0,0.0,0.0,0.0,0.0,12345.309451597834
t1960,724.8461628484217,0.0,212.33492672807392,0.0,2399.906051841582,4657.547141572408,0.0,0.0,0.0,0.0,0.0,0.0,0.0,0.0,0.0,0.0,0.0,7994.634282990486
t1961,0.0,0.0,0.0,0.0,0.0,0.0,0.0,0.0,0.0,0.0,0.0,0.0,0.0,0.0,0.0,0.0,0.0,0.0
t1962,0.0,0.0,0.0,0.0,0.0,0.0,0.0,0.0,0.0,0.0,0.0,0.0,0.0,0.0,0.0,0.0,0.0,0.0
t1963,0.0,0.0,0.0,0.0,0.0,0.0,0.0,0.0,0.0,0.0,0.0,0.0,0.0,0.0,0.0,0.0,0.0,0.0
t1964,0.0,0.0,0.0,0.0,0.0,0.0,0.0,0.0,0.0,0.0,0.0,0.0,0.0,0.0,0.0,0.0,0.0,0.0
t1965,0.0,0.0,0.0,0.0,0.0,0.0,0.0,0.0,0.0,0.0,0.0,0.0,0.0,0.0,0.0,0.0,0.0,0.0
t1966,0.0,0.0,0.0,0.0,0.0,0.0,0.0,0.0,0.0,0.0,0.0,0.0,0.0,0.0,0.0,0.0,0.0,0.0
t1967,0.0,0.0,0.0,0.0,0.0,0.0,0.0,0.0,0.0,0.0,0.0,0.0,0.0,0.0,0.0,0.0,0.0,0.0
t1968,0.0,0.0,0.0,0.0,0.0,0.0,0.0,0.0,0.0,0.0,0.0,0.0,0.0,0.0,0.0,0.0,0.0,0.0
t1969,0.0,0.0,0.0,0.0,0.0,0.0,0.0,0.0,0.0,0.0,0.0,0.0,0.0,0.0,0.0,0.0,0.0,0.0
t1970,0.0,0.0,0.0,0.0,0.0,0.0,0.0,0.0,0.0,0.0,0.0,0.0,0.0,0.0,0.0,0.0,0.0,0.0
t1971,0.0,0.0,0.0,0.0,0.0,0.0,0.0,0.0,0.0,0.0,0.0,0.0,0.0,0.0,0.0,0.0,0.0,0.0
t1972,0.0,0.0,0.0,0.0,0.0,0.0,0.0,0.0,0.0,0.0,0.0,0.0,0.0,0.0,0.0,0.0,0.0,0.0
t1973,0.0,0.0,0.0,0.0,0.0,0.0,0.0,0.0,0.0,0.0,0.0,0.0,0.0,0.0,0.0,0.0,0.0,0.0
t1974,0.0,0.0,0.0,0.0,0.0,0.0,0.0,0.0,0.0,0.0,0.0,0.0,0.0,0.0,0.0,0.0,0.0,0.0
t1975,0.0,0.0,0.0,0.0,0.0,0.0,0.0,0.0,0.0,0.0,0.0,0.0,0.0,0.0,0.0,0.0,0.0,0.0
t1976,0.0,120.0,6.278511850000057,0.0,0.0,816.2645623123311,850.0087256312568,1522.5726073600001,0.0,0.0,0.0,0.0,0.0,0.0,0.0,0.0,0.0,3315.1244071535884
t1977,1220.0,120.0,1409.819227588073,0.0,0.0,2624.977272660588,1264.79973931,1685.0141311800003,0.0,0.0,0.0,0.0,0.0,0.0,0.0,0.0,0.0,8324.610370738661
t1978,1220.0,120.0,594.2449910000001,0.0,2150.3581060078623,5605.378922944185,0.0,0.0,0.0,0.0,0.0,0.0,0.0,0.0,0.0,0.0,0.0,9689.982019952047
t1979,1220.0,0.0,620.2486495999998,0.0,2101.9299531466745,6235.181865735092,0.0,1950.0,0.0,0.0,0.0,0.0,0.0,0.0,0.0,0.0,0.0,12127.360468481766
t1980,0.0,0.0,700.4318076299999,0.0,2925.574163240882,6320.012769052728,1409.2222808400002,0.0,0.0,0.0,0.0,0.0,0.0,0.0,0.0,0.0,0.0,11355.24102076361
t1981,1220.0,25.964584587264614,830.2946315400001,0.0,3203.4320286643247,5047.986041892036,0.0,1114.3377610030504,0.0,0.0,0.0,0.0,0.0,0.0,0.0,0.0,0.0,11442.015047686677
t1982,0.0,120.0,1620.0,0.0,4289.888746636337,4630.42580390563,1590.0,1950.0,0.0,0.0,0.0,0.0,0.0,0.0,0.0,0.0,0.0,14200.314550541967
t1983,0.0,0.0,670.1992282299999,0.0,2251.910934835098,3590.6159216799606,1590.0,0.0,0.0,0.0,0.0,0.0,0.0,0.0,0.0,0.0,0.0,8102.726084745058
t1984,263.9732766371902,0.0,379.0048444899999,0.0,1713.2682664330675,1600.7706454827687,0.0,0.0,0.0,0.0,0.0,0.0,0.0,0.0,0.0,0.0,0.0,3957.0170330430265
t1985,0.0,0.0,0.0,0.0,0.0,0.0,0.0,0.0,0.0,0.0,0.0,0.0,0.0,0.0,0.0,0.0,0.0,0.0
t1986,0.0,0.0,0.0,0.0,0.0,0.0,0.0,0.0,0.0,0.0,0.0,0.0,0.0,0.0,0.0,0.0,0.0,0.0
t1987,0.0,0.0,0.0,0.0,0.0,0.0,0.0,0.0,0.0,0.0,0.0,0.0,0.0,0.0,0.0,0.0,0.0,0.0
t1988,0.0,0.0,0.0,0.0,0.0,0.0,0.0,0.0,0.0,0.0,0.0,0.0,0.0,0.0,0.0,0.0,0.0,0.0
t1989,0.0,0.0,0.0,0.0,0.0,0.0,0.0,0.0,0.0,0.0,0.0,0.0,0.0,0.0,0.0,0.0,0.0,0.0
t1990,0.0,0.0,0.0,0.0,0.0,0.0,0.0,0.0,0.0,0.0,0.0,0.0,0.0,0.0,0.0,0.0,0.0,0.0
t1991,0.0,0.0,0.0,0.0,0.0,0.0,0.0,0.0,0.0,0.0,0.0,0.0,0.0,0.0,0.0,0.0,0.0,0.0
t1992,0.0,0.0,0.0,0.0,0.0,0.0,0.0,0.0,0.0,0.0,0.0,0.0,0.0,0.0,0.0,0.0,0.0,0.0
t1993,0.0,0.0,0.0,0.0,0.0,0.0,0.0,0.0,0.0,0.0,0.0,0.0,0.0,0.0,0.0,0.0,0.0,0.0
t1994,0.0,0.0,0.0,0.0,0.0,0.0,0.0,0.0,0.0,0.0,0.0,0.0,0.0,0.0,0.0,0.0,0.0,0.0
t1995,0.0,0.0,0.0,0.0,0.0,0.0,0.0,0.0,0.0,0.0,0.0,0.0,0.0,0.0,0.0,0.0,0.0,0.0
t1996,0.0,0.0,0.0,0.0,0.0,0.0,0.0,0.0,0.0,0.0,0.0,0.0,0.0,0.0,0.0,0.0,0.0,0.0
t1997,0.0,0.0,0.0,0.0,0.0,0.0,0.0,0.0,0.0,0.0,0.0,0.0,0.0,0.0,0.0,0.0,0.0,0.0
t1998,0.0,0.0,0.0,0.0,0.0,0.0,0.0,0.0,0.0,0.0,0.0,0.0,0.0,0.0,0.0,0.0,0.0,0.0
t1999,0.0,0.0,0.0,0.0,0.0,0.0,0.0,0.0,0.0,0.0,0.0,0.0,0.0,0.0,0.0,0.0,0.0,0.0
t2000,1220.0,120.0,0.0,0.0,0.0,0.0,936.5000132900001,1211.966215923789,0.0,0.0,0.0,0.0,0.0,0.0,0.0,0.0,0.0,3488.466229213789
t2001,263.9732766371902,120.0,1620.0,0.0,1120.1130315584041,4870.510076645198,1538.2499387500002,915.0792735225613,0.0,0.0,0.0,0.0,0.0,0.0,0.0,0.0,0.0,10447.925597113352
t2002,1220.0,0.0,732.8654979999999,0.0,2283.9893049085745,6016.7958112715305,0.0,1950.0,0.0,0.0,0.0,0.0,0.0,0.0,0.0,0.0,0.0,12203.650614180104
t2003,1220.0,120.0,772.6550086399996,0.0,3351.9703737609775,4598.388373711837,1590.0,1950.0,0.0,0.0,0.0,0.0,0.0,0.0,0.0,0.0,0.0,13603.013756112814
t2004,0.0,0.0,738.9993316399999,0.0,3795.1460548586215,8650.0,0.0,109.64579780972406,0.0,0.0,0.0,0.0,0.0,0.0,0.0,0.0,0.0,13293.791184308346
t2005,1220.0,120.0,760.6506749699998,0.0,3168.356259310795,3625.615838579826,1590.0,1950.0,0.0,0.0,0.0,0.0,0.0,0.0,0.0,0.0,0.0,12434.62277286062
t2006,0.0,0.0,626.0653666000001,0.0,3066.518155854139,5329.465234068401,1049.2807937412563,0.0,0.0,0.0,0.0,0.0,0.0,0.0,0.0,0.0,0.0,10071.329550263796
t2007,0.0,25.964584587264614,1380.711991318074,0.0,1850.269018712736,3380.8384713885325,0.0,135.2332122869763,0.0,0.0,0.0,0.0,0.0,0.0,0.0,0.0,0.0,6773.017278293583
t2008,0.0,0.0,198.57402076000008,0.0,0.0,0.0,0.0,0.0,0.0,0.0,0.0,0.0,0.0,0.0,0.0,0.0,0.0,198.57402076000008
t2009,0.0,0.0,0.0,0.0,0.0,0.0,0.0,0.0,0.0,0.0,0.0,0.0,0.0,0.0,0.0,0.0,0.0,0.0
t2010,0.0,0.0,0.0,0.0,0.0,0.0,0.0,0.0,0.0,0.0,0.0,0.0,0.0,0.0,0.0,0.0,0.0,0.0
t2011,0.0,0.0,0.0,0.0,0.0,0.0,0.0,0.0,0.0,0.0,0.0,0.0,0.0,0.0,0.0,0.0,0.0,0.0
t2012,0.0,0.0,0.0,0.0,0.0,0.0,0.0,0.0,0.0,0.0,0.0,0.0,0.0,0.0,0.0,0.0,0.0,0.0
t2013,0.0,0.0,0.0,0.0,0.0,0.0,0.0,0.0,0.0,0.0,0.0,0.0,0.0,0.0,0.0,0.0,0.0,0.0
t2014,0.0,0.0,0.0,0.0,0.0,0.0,0.0,0.0,0.0,0.0,0.0,0.0,0.0,0.0,0.0,0.0,0.0,0.0
t2015,0.0,0.0,0.0,0.0,0.0,0.0,0.0,0.0,0.0,0.0,0.0,0.0,0.0,0.0,0.0,0.0,0.0,0.0
t2016,0.0,0.0,0.0,0.0,0.0,0.0,0.0,0.0,0.0,0.0,0.0,0.0,0.0,0.0,0.0,0.0,0.0,0.0
t2017,0.0,0.0,0.0,0.0,0.0,0.0,0.0,0.0,0.0,0.0,0.0,0.0,0.0,0.0,0.0,0.0,0.0,0.0
t2018,0.0,0.0,0.0,0.0,0.0,0.0,0.0,0.0,0.0,0.0,0.0,0.0,0.0,0.0,0.0,0.0,0.0,0.0
t2019,0.0,0.0,0.0,0.0,0.0,0.0,0.0,0.0,0.0,0.0,0.0,0.0,0.0,0.0,0.0,0.0,0.0,0.0
t2020,0.0,0.0,0.0,0.0,0.0,0.0,0.0,0.0,0.0,0.0,0.0,0.0,0.0,0.0,0.0,0.0,0.0,0.0
t2021,0.0,0.0,0.0,0.0,0.0,0.0,0.0,0.0,0.0,0.0,0.0,0.0,0.0,0.0,0.0,0.0,0.0,0.0
t2022,0.0,0.0,0.0,0.0,0.0,0.0,0.0,0.0,0.0,0.0,0.0,0.0,0.0,0.0,0.0,0.0,0.0,0.0
t2023,0.0,0.0,0.0,0.0,0.0,0.0,0.0,0.0,0.0,0.0,0.0,0.0,0.0,0.0,0.0,0.0,0.0,0.0
t2024,0.0,0.0,0.0,0.0,0.0,0.0,0.0,0.0,0.0,0.0,0.0,0.0,0.0,0.0,0.0,0.0,0.0,0.0
t2025,434.7351197771909,120.0,0.0,0.0,0.0,1175.1447588987794,678.3540054799997,1759.6372473600009,0.0,0.0,0.0,0.0,0.0,0.0,0.0,0.0,0.0,4167.871131515971
t2026,1220.0,120.0,0.0,0.0,0.0,3467.0291098517155,492.40675676000035,0.0,0.0,0.0,0.0,0.0,0.0,0.0,0.0,0.0,0.0,5299.435866611716
t2027,1220.0,0.0,0.0,0.0,0.0,1116.444393754112,1273.62624022,1738.9555561800003,0.0,0.0,0.0,0.0,0.0,0.0,0.0,0.0,0.0,5349.026190154113
t2028,0.0,120.0,0.0,0.0,0.0,4307.537316019519,1177.430507041256,1469.1983168684244,0.0,0.0,0.0,0.0,0.0,0.0,0.0,0.0,0.0,7074.1661399292
t2029,0.0,0.0,0.0,0.0,724.0187074279804,3123.861738003176,1288.99095662,965.1100103600007,0.0,0.0,0.0,0.0,0.0,0.0,0.0,0.0,0.0,6101.981412411157
t2030,1049.2381568599994,120.0,0.0,0.0,0.0,2781.2372350543706,741.30568308,0.0,0.0,0.0,0.0,0.0,0.0,0.0,0.0,0.0,0.0,4691.78107499437
t2031,1220.0,25.964584587264614,0.0,0.0,0.0,2532.2228857144037,1051.9165965800003,857.4481827800005,0.0,0.0,0.0,0.0,0.0,0.0,0.0,0.0,0.0,5687.552249661669
t2032,0.0,0.0,0.0,0.0,0.0,0.0,0.0,0.0,0.0,0.0,0.0,0.0,0.0,0.0,0.0,0.0,0.0,0.0
t2033,0.0,0.0,0.0,0.0,0.0,0.0,0.0,0.0,0.0,0.0,0.0,0.0,0.0,0.0,0.0,0.0,0.0,0.0
t2034,0.0,0.0,0.0,0.0,0.0,0.0,0.0,0.0,0.0,0.0,0.0,0.0,0.0,0.0,0.0,0.0,0.0,0.0
t2035,0.0,0.0,0.0,0.0,0.0,0.0,0.0,0.0,0.0,0.0,0.0,0.0,0.0,0.0,0.0,0.0,0.0,0.0
t2036,0.0,0.0,0.0,0.0,0.0,0.0,0.0,0.0,0.0,0.0,0.0,0.0,0.0,0.0,0.0,0.0,0.0,0.0
t2037,0.0,0.0,0.0,0.0,0.0,0.0,0.0,0.0,0.0,0.0,0.0,0.0,0.0,0.0,0.0,0.0,0.0,0.0
t2038,0.0,0.0,0.0,0.0,0.0,0.0,0.0,0.0,0.0,0.0,0.0,0.0,0.0,0.0,0.0,0.0,0.0,0.0
t2039,0.0,0.0,0.0,0.0,0.0,0.0,0.0,0.0,0.0,0.0,0.0,0.0,0.0,0.0,0.0,0.0,0.0,0.0
t2040,0.0,0.0,0.0,0.0,0.0,0.0,0.0,0.0,0.0,0.0,0.0,0.0,0.0,0.0,0.0,0.0,0.0,0.0
t2041,0.0,0.0,0.0,0.0,0.0,0.0,0.0,0.0,0.0,0.0,0.0,0.0,0.0,0.0,0.0,0.0,0.0,0.0
t2042,0.0,0.0,0.0,0.0,0.0,0.0,0.0,0.0,0.0,0.0,0.0,0.0,0.0,0.0,0.0,0.0,0.0,0.0
t2043,0.0,0.0,0.0,0.0,0.0,0.0,0.0,0.0,0.0,0.0,0.0,0.0,0.0,0.0,0.0,0.0,0.0,0.0
t2044,0.0,0.0,0.0,0.0,0.0,0.0,0.0,0.0,0.0,0.0,0.0,0.0,0.0,0.0,0.0,0.0,0.0,0.0
t2045,0.0,0.0,0.0,0.0,0.0,0.0,0.0,0.0,0.0,0.0,0.0,0.0,0.0,0.0,0.0,0.0,0.0,0.0
t2046,0.0,0.0,0.0,0.0,0.0,0.0,0.0,0.0,0.0,0.0,0.0,0.0,0.0,0.0,0.0,0.0,0.0,0.0
t2047,0.0,0.0,0.0,0.0,0.0,0.0,0.0,0.0,0.0,0.0,0.0,0.0,0.0,0.0,0.0,0.0,0.0,0.0
t2048,0.0,0.0,0.0,0.0,0.0,0.0,0.0,0.0,0.0,0.0,0.0,0.0,0.0,0.0,0.0,0.0,0.0,0.0
t2049,1220.0,120.0,0.0,0.0,0.0,420.768667250081,977.0419239199997,0.0,0.0,0.0,0.0,0.0,0.0,0.0,0.0,0.0,0.0,2737.810591170081
t2050,1220.0,120.0,200.01312806000027,0.0,0.0,3302.4204753735626,685.1354979412564,1141.117628899729,0.0,0.0,0.0,0.0,0.0,0.0,0.0,0.0,0.0,6668.686730274549
t2051,1220.0,0.0,78.55247999000004,0.0,0.0,5256.923515200425,1363.27247244,1950.0,0.0,0.0,0.0,0.0,0.0,0.0,0.0,0.0,0.0,9868.748467630425
t2052,752.5450172771899,0.0,0.0,0.0,647.2320142130312,5069.0692899335045,1325.4249474500004,0.0,0.0,0.0,0.0,0.0,0.0,0.0,0.0,0.0,0.0,7794.271268873726
t2053,0.0,25.964584587264586,0.0,0.0,1232.2371447879132,3863.09024854734,1269.41993147,1950.0,0.0,0.0,0.0,0.0,0.0,0.0,0.0,0.0,0.0,8340.711909392518
t2054,731.4282593600001,120.0,0.0,0.0,242.03636395018023,5972.643934477726,0.0,0.0,0.0,0.0,0.0,0.0,0.0,0.0,0.0,0.0,0.0,7066.108557787907
t2055,0.0,120.0,0.0,0.0,420.43234591793424,2715.4916996587795,1083.73597256,0.0,0.0,0.0,0.0,0.0,0.0,0.0,0.0,0.0,0.0,4339.660018136714
t2056,0.0,0.0,0.0,0.0,0.0,0.0,0.0,0.0,0.0,0.0,0.0,0.0,0.0,0.0,0.0,0.0,0.0,0.0
t2057,0.0,0.0,0.0,0.0,0.0,0.0,0.0,0.0,0.0,0.0,0.0,0.0,0.0,0.0,0.0,0.0,0.0,0.0
t2058,0.0,0.0,0.0,0.0,0.0,0.0,0.0,0.0,0.0,0.0,0.0,0.0,0.0,0.0,0.0,0.0,0.0,0.0
t2059,0.0,0.0,0.0,0.0,0.0,0.0,0.0,0.0,0.0,0.0,0.0,0.0,0.0,0.0,0.0,0.0,0.0,0.0
t2060,0.0,0.0,0.0,0.0,0.0,0.0,0.0,0.0,0.0,0.0,0.0,0.0,0.0,0.0,0.0,0.0,0.0,0.0
t2061,0.0,0.0,0.0,0.0,0.0,0.0,0.0,0.0,0.0,0.0,0.0,0.0,0.0,0.0,0.0,0.0,0.0,0.0
t2062,0.0,0.0,0.0,0.0,0.0,0.0,0.0,0.0,0.0,0.0,0.0,0.0,0.0,0.0,0.0,0.0,0.0,0.0
t2063,0.0,0.0,0.0,0.0,0.0,0.0,0.0,0.0,0.0,0.0,0.0,0.0,0.0,0.0,0.0,0.0,0.0,0.0
t2064,0.0,0.0,0.0,0.0,0.0,0.0,0.0,0.0,0.0,0.0,0.0,0.0,0.0,0.0,0.0,0.0,0.0,0.0
t2065,0.0,0.0,0.0,0.0,0.0,0.0,0.0,0.0,0.0,0.0,0.0,0.0,0.0,0.0,0.0,0.0,0.0,0.0
t2066,0.0,0.0,0.0,0.0,0.0,0.0,0.0,0.0,0.0,0.0,0.0,0.0,0.0,0.0,0.0,0.0,0.0,0.0
t2067,0.0,0.0,0.0,0.0,0.0,0.0,0.0,0.0,0.0,0.0,0.0,0.0,0.0,0.0,0.0,0.0,0.0,0.0
t2068,0.0,0.0,0.0,0.0,0.0,0.0,0.0,0.0,0.0,0.0,0.0,0.0,0.0,0.0,0.0,0.0,0.0,0.0
t2069,0.0,0.0,0.0,0.0,0.0,0.0,0.0,0.0,0.0,0.0,0.0,0.0,0.0,0.0,0.0,0.0,0.0,0.0
t2070,0.0,0.0,0.0,0.0,0.0,0.0,0.0,0.0,0.0,0.0,0.0,0.0,0.0,0.0,0.0,0.0,0.0,0.0
t2071,0.0,0.0,0.0,0.0,0.0,0.0,0.0,0.0,0.0,0.0,0.0,0.0,0.0,0.0,0.0,0.0,0.0,0.0
t2072,1220.0,120.0,0.0,0.0,0.0,0.0,324.95034254000024,513.0694184192275,0.0,0.0,0.0,0.0,0.0,0.0,0.0,0.0,0.0,2178.019760959228
t2073,263.9732766371902,120.0,0.0,0.0,0.0,2774.518665182688,664.4633724800002,1950.0,0.0,0.0,0.0,0.0,0.0,0.0,0.0,0.0,0.0,5772.955314299878
t2074,0.0,120.0,0.0,0.0,0.0,4641.006517762559,826.4790764399999,1950.0,0.0,0.0,0.0,0.0,0.0,0.0,0.0,0.0,0.0,7537.485594202559
t2075,1220.0,120.0,0.0,0.0,0.0,1205.5895883237868,1235.19941888,1950.0,0.0,0.0,0.0,0.0,0.0,0.0,0.0,0.0,0.0,5730.789007203786
t2076,1220.0,0.0,0.0,0.0,0.0,5554.982912957772,1471.187145282419,0.0,0.0,0.0,0.0,0.0,0.0,0.0,0.0,0.0,0.0,8246.17005824019
t2077,1220.0,25.964584587264614,0.0,0.0,0.0,5587.150427546573,1590.0,0.0,0.0,0.0,0.0,0.0,0.0,0.0,0.0,0.0,0.0,8423.115012133838
t2078,0.0,0.0,0.0,0.0,0.0,0.0,591.7513901588374,0.0,0.0,0.0,0.0,0.0,0.0,0.0,0.0,0.0,0.0,591.7513901588374
t2079,0.0,0.0,0.0,0.0,0.0,0.0,0.0,0.0,0.0,0.0,0.0,0.0,0.0,0.0,0.0,0.0,0.0,0.0
t2080,0.0,0.0,0.0,0.0,0.0,0.0,0.0,0.0,0.0,0.0,0.0,0.0,0.0,0.0,0.0,0.0,0.0,0.0
t2081,0.0,0.0,0.0,0.0,0.0,0.0,0.0,0.0,0.0,0.0,0.0,0.0,0.0,0.0,0.0,0.0,0.0,0.0
t2082,0.0,0.0,0.0,0.0,0.0,0.0,0.0,0.0,0.0,0.0,0.0,0.0,0.0,0.0,0.0,0.0,0.0,0.0
t2083,0.0,0.0,0.0,0.0,0.0,0.0,0.0,0.0,0.0,0.0,0.0,0.0,0.0,0.0,0.0,0.0,0.0,0.0
t2084,0.0,0.0,0.0,0.0,0.0,0.0,0.0,0.0,0.0,0.0,0.0,0.0,0.0,0.0,0.0,0.0,0.0,0.0
t2085,0.0,0.0,0.0,0.0,0.0,0.0,0.0,0.0,0.0,0.0,0.0,0.0,0.0,0.0,0.0,0.0,0.0,0.0
t2086,0.0,0.0,0.0,0.0,0.0,0.0,0.0,0.0,0.0,0.0,0.0,0.0,0.0,0.0,0.0,0.0,0.0,0.0
t2087,0.0,0.0,0.0,0.0,0.0,0.0,0.0,0.0,0.0,0.0,0.0,0.0,0.0,0.0,0.0,0.0,0.0,0.0
t2088,0.0,0.0,0.0,0.0,0.0,0.0,0.0,0.0,0.0,0.0,0.0,0.0,0.0,0.0,0.0,0.0,0.0,0.0
t2089,0.0,0.0,0.0,0.0,0.0,0.0,0.0,0.0,0.0,0.0,0.0,0.0,0.0,0.0,0.0,0.0,0.0,0.0
t2090,0.0,0.0,0.0,0.0,0.0,0.0,0.0,0.0,0.0,0.0,0.0,0.0,0.0,0.0,0.0,0.0,0.0,0.0
t2091,0.0,0.0,0.0,0.0,0.0,0.0,0.0,0.0,0.0,0.0,0.0,0.0,0.0,0.0,0.0,0.0,0.0,0.0
t2092,0.0,0.0,0.0,0.0,0.0,0.0,0.0,0.0,0.0,0.0,0.0,0.0,0.0,0.0,0.0,0.0,0.0,0.0
t2093,0.0,0.0,0.0,0.0,0.0,0.0,0.0,0.0,0.0,0.0,0.0,0.0,0.0,0.0,0.0,0.0,0.0,0.0
t2094,0.0,0.0,0.0,0.0,0.0,0.0,0.0,0.0,0.0,0.0,0.0,0.0,0.0,0.0,0.0,0.0,0.0,0.0
t2095,0.0,0.0,0.0,0.0,0.0,0.0,0.0,0.0,0.0,0.0,0.0,0.0,0.0,0.0,0.0,0.0,0.0,0.0
t2096,0.0,120.0,0.0,0.0,0.0,1076.6824123002461,508.85901803000013,1244.1989271700008,0.0,0.0,0.0,0.0,0.0,0.0,0.0,0.0,0.0,2949.7403575002472
t2097,1220.0,120.0,1045.68629514224,0.0,0.0,2203.3680840231914,0.0,1576.3671815800005,0.0,0.0,0.0,0.0,0.0,0.0,0.0,0.0,0.0,6165.421560745432
t2098,0.0,120.0,214.1239730000003,0.0,0.0,5985.710368141587,747.3547212,1530.2946327800007,0.0,0.0,0.0,0.0,0.0,0.0,0.0,0.0,0.0,8597.48369512159
t2099,263.9732766371902,0.0,194.42971499999996,0.0,0.0,6686.326645373926,1014.3960218199999,1394.6663497800007,0.0,0.0,0.0,0.0,0.0,0.0,0.0,0.0,0.0,9553.792008611117
t2100,1220.0,0.0,57.88113199999978,0.0,384.78030563302855,6447.706475310722,1590.0,1103.1285738200006,0.0,0.0,0.0,0.0,0.0,0.0,0.0,0.0,0.0,10803.496486763752
t2101,1220.0,120.0,60.70556399999993,0.0,894.1313203751231,5995.496300347526,1571.1925396200002,654.6860661699989,0.0,0.0,0.0,0.0,0.0,0.0,0.0,0.0,0.0,10516.211790512649
t2102,1220.0,25.964584587264614,0.0,0.0,391.84025816673216,4937.80482301982,959.6636853700003,103.49432178000018,0.0,0.0,0.0,0.0,0.0,0.0,0.0,0.0,0.0,7638.767672923817
t2103,0.0,0.0,0.0,0.0,0.0,3138.5186971483085,312.56475974125544,0.0,0.0,0.0,0.0,0.0,0.0,0.0,0.0,0.0,0.0,3451.083456889564
t2104,0.0,0.0,0.0,0.0,0.0,0.0,0.0,0.0,0.0,0.0,0.0,0.0,0.0,0.0,0.0,0.0,0.0,0.0
t2105,0.0,0.0,0.0,0.0,0.0,0.0,0.0,0.0,0.0,0.0,0.0,0.0,0.0,0.0,0.0,0.0,0.0,0.0
t2106,0.0,0.0,0.0,0.0,0.0,0.0,0.0,0.0,0.0,0.0,0.0,0.0,0.0,0.0,0.0,0.0,0.0,0.0
t2107,0.0,0.0,0.0,0.0,0.0,0.0,0.0,0.0,0.0,0.0,0.0,0.0,0.0,0.0,0.0,0.0,0.0,0.0
t2108,0.0,0.0,0.0,0.0,0.0,0.0,0.0,0.0,0.0,0.0,0.0,0.0,0.0,0.0,0.0,0.0,0.0,0.0
t2109,0.0,0.0,0.0,0.0,0.0,0.0,0.0,0.0,0.0,0.0,0.0,0.0,0.0,0.0,0.0,0.0,0.0,0.0
t2110,0.0,0.0,0.0,0.0,0.0,0.0,0.0,0.0,0.0,0.0,0.0,0.0,0.0,0.0,0.0,0.0,0.0,0.0
t2111,0.0,0.0,0.0,0.0,0.0,0.0,0.0,0.0,0.0,0.0,0.0,0.0,0.0,0.0,0.0,0.0,0.0,0.0
t2112,0.0,0.0,0.0,0.0,0.0,0.0,0.0,0.0,0.0,0.0,0.0,0.0,0.0,0.0,0.0,0.0,0.0,0.0
t2113,0.0,0.0,0.0,0.0,0.0,0.0,0.0,0.0,0.0,0.0,0.0,0.0,0.0,0.0,0.0,0.0,0.0,0.0
t2114,0.0,0.0,0.0,0.0,0.0,0.0,0.0,0.0,0.0,0.0,0.0,0.0,0.0,0.0,0.0,0.0,0.0,0.0
t2115,0.0,0.0,0.0,0.0,0.0,0.0,0.0,0.0,0.0,0.0,0.0,0.0,0.0,0.0,0.0,0.0,0.0,0.0
t2116,0.0,0.0,0.0,0.0,0.0,0.0,0.0,0.0,0.0,0.0,0.0,0.0,0.0,0.0,0.0,0.0,0.0,0.0
t2117,0.0,0.0,0.0,0.0,0.0,0.0,0.0,0.0,0.0,0.0,0.0,0.0,0.0,0.0,0.0,0.0,0.0,0.0
t2118,0.0,0.0,0.0,0.0,0.0,0.0,0.0,0.0,0.0,0.0,0.0,0.0,0.0,0.0,0.0,0.0,0.0,0.0
t2119,0.0,0.0,0.0,0.0,0.0,0.0,0.0,0.0,0.0,0.0,0.0,0.0,0.0,0.0,0.0,0.0,0.0,0.0
t2120,759.1271137887687,25.96458458726457,0.0,0.0,0.0,0.0,552.6750512399998,651.4323645800005,0.0,0.0,0.0,0.0,0.0,0.0,0.0,0.0,0.0,1989.1991141960334
t2121,0.0,120.0,1620.0,0.0,0.0,1216.1918975947651,132.38853014125715,1295.4386327800005,0.0,0.0,0.0,0.0,0.0,0.0,0.0,0.0,0.0,4384.019060516022
t2122,1220.0,120.0,1620.0,0.0,0.0,996.7331107264009,1265.16873966,1548.5218968199995,0.0,0.0,0.0,0.0,0.0,0.0,0.0,0.0,0.0,6770.423747206401
t2123,1220.0,0.0,0.0,0.0,824.3594370747012,6742.051660486579,0.0,1860.870479170001,0.0,0.0,0.0,0.0,0.0,0.0,0.0,0.0,0.0,10647.281576731282
t2124,0.0,0.0,1620.0,0.0,4420.0,4013.264720651881,1590.0,317.86291320304844,0.0,0.0,0.0,0.0,0.0,0.0,0.0,0.0,0.0,11961.12763385493
t2125,1220.0,120.0,0.0,0.0,1806.3039160775315,5464.314247775458,1590.0,1419.0172711700015,0.0,0.0,0.0,0.0,0.0,0.0,0.0,0.0,0.0,11619.63543502299
t2126,0.0,120.0,138.18696519999995,0.0,2992.8163463311616,8650.0,0.0,1128.7809418199995,0.0,0.0,0.0,0.0,0.0,0.0,0.0,0.0,0.0,13029.784253351161
t2127,0.0,0.0,1620.0,0.0,4420.0,4731.511026857834,1573.79842474,0.0,0.0,0.0,0.0,0.0,0.0,0.0,0.0,0.0,0.0,12345.309451597834
t2128,724.8461628484217,0.0,212.33492672807392,0.0,2399.906051841582,4657.547141572408,0.0,0.0,0.0,0.0,0.0,0.0,0.0,0.0,0.0,0.0,0.0,7994.634282990486
t2129,0.0,0.0,0.0,0.0,0.0,0.0,0.0,0.0,0.0,0.0,0.0,0.0,0.0,0.0,0.0,0.0,0.0,0.0
t2130,0.0,0.0,0.0,0.0,0.0,0.0,0.0,0.0,0.0,0.0,0.0,0.0,0.0,0.0,0.0,0.0,0.0,0.0
t2131,0.0,0.0,0.0,0.0,0.0,0.0,0.0,0.0,0.0,0.0,0.0,0.0,0.0,0.0,0.0,0.0,0.0,0.0
t2132,0.0,0.0,0.0,0.0,0.0,0.0,0.0,0.0,0.0,0.0,0.0,0.0,0.0,0.0,0.0,0.0,0.0,0.0
t2133,0.0,0.0,0.0,0.0,0.0,0.0,0.0,0.0,0.0,0.0,0.0,0.0,0.0,0.0,0.0,0.0,0.0,0.0
t2134,0.0,0.0,0.0,0.0,0.0,0.0,0.0,0.0,0.0,0.0,0.0,0.0,0.0,0.0,0.0,0.0,0.0,0.0
t2135,0.0,0.0,0.0,0.0,0.0,0.0,0.0,0.0,0.0,0.0,0.0,0.0,0.0,0.0,0.0,0.0,0.0,0.0
t2136,0.0,0.0,0.0,0.0,0.0,0.0,0.0,0.0,0.0,0.0,0.0,0.0,0.0,0.0,0.0,0.0,0.0,0.0
t2137,0.0,0.0,0.0,0.0,0.0,0.0,0.0,0.0,0.0,0.0,0.0,0.0,0.0,0.0,0.0,0.0,0.0,0.0
t2138,0.0,0.0,0.0,0.0,0.0,0.0,0.0,0.0,0.0,0.0,0.0,0.0,0.0,0.0,0.0,0.0,0.0,0.0
t2139,0.0,0.0,0.0,0.0,0.0,0.0,0.0,0.0,0.0,0.0,0.0,0.0,0.0,0.0,0.0,0.0,0.0,0.0
t2140,0.0,0.0,0.0,0.0,0.0,0.0,0.0,0.0,0.0,0.0,0.0,0.0,0.0,0.0,0.0,0.0,0.0,0.0
t2141,0.0,0.0,0.0,0.0,0.0,0.0,0.0,0.0,0.0,0.0,0.0,0.0,0.0,0.0,0.0,0.0,0.0,0.0
t2142,0.0,0.0,0.0,0.0,0.0,0.0,0.0,0.0,0.0,0.0,0.0,0.0,0.0,0.0,0.0,0.0,0.0,0.0
t2143,0.0,0.0,0.0,0.0,0.0,0.0,0.0,0.0,0.0,0.0,0.0,0.0,0.0,0.0,0.0,0.0,0.0,0.0
t2144,0.0,120.0,6.278511850000057,0.0,0.0,816.2645623123311,850.0087256312568,1522.5726073600001,0.0,0.0,0.0,0.0,0.0,0.0,0.0,0.0,0.0,3315.1244071535884
t2145,1220.0,120.0,1409.819227588073,0.0,0.0,2624.977272660588,1264.79973931,1685.0141311800003,0.0,0.0,0.0,0.0,0.0,0.0,0.0,0.0,0.0,8324.610370738661
t2146,1220.0,120.0,594.2449910000001,0.0,2150.3581060078623,5605.378922944185,0.0,0.0,0.0,0.0,0.0,0.0,0.0,0.0,0.0,0.0,0.0,9689.982019952047
t2147,1220.0,0.0,620.2486495999998,0.0,2101.9299531466745,6235.181865735092,0.0,1950.0,0.0,0.0,0.0,0.0,0.0,0.0,0.0,0.0,0.0,12127.360468481766
t2148,0.0,0.0,700.4318076299999,0.0,2925.574163240882,6320.012769052728,1409.2222808400002,0.0,0.0,0.0,0.0,0.0,0.0,0.0,0.0,0.0,0.0,11355.24102076361
t2149,1220.0,25.964584587264614,830.2946315400001,0.0,3203.4320286643247,5047.986041892036,0.0,1114.3377610030504,0.0,0.0,0.0,0.0,0.0,0.0,0.0,0.0,0.0,11442.015047686677
t2150,0.0,120.0,1620.0,0.0,4289.888746636337,4630.42580390563,1590.0,1950.0,0.0,0.0,0.0,0.0,0.0,0.0,0.0,0.0,0.0,14200.314550541967
t2151,0.0,0.0,670.1992282299999,0.0,2251.910934835098,3590.6159216799606,1590.0,0.0,0.0,0.0,0.0,0.0,0.0,0.0,0.0,0.0,0.0,8102.726084745058
t2152,263.9732766371902,0.0,379.0048444899999,0.0,1713.2682664330675,1600.7706454827687,0.0,0.0,0.0,0.0,0.0,0.0,0.0,0.0,0.0,0.0,0.0,3957.0170330430265
t2153,0.0,0.0,0.0,0.0,0.0,0.0,0.0,0.0,0.0,0.0,0.0,0.0,0.0,0.0,0.0,0.0,0.0,0.0
t2154,0.0,0.0,0.0,0.0,0.0,0.0,0.0,0.0,0.0,0.0,0.0,0.0,0.0,0.0,0.0,0.0,0.0,0.0
t2155,0.0,0.0,0.0,0.0,0.0,0.0,0.0,0.0,0.0,0.0,0.0,0.0,0.0,0.0,0.0,0.0,0.0,0.0
t2156,0.0,0.0,0.0,0.0,0.0,0.0,0.0,0.0,0.0,0.0,0.0,0.0,0.0,0.0,0.0,0.0,0.0,0.0
t2157,0.0,0.0,0.0,0.0,0.0,0.0,0.0,0.0,0.0,0.0,0.0,0.0,0.0,0.0,0.0,0.0,0.0,0.0
t2158,0.0,0.0,0.0,0.0,0.0,0.0,0.0,0.0,0.0,0.0,0.0,0.0,0.0,0.0,0.0,0.0,0.0,0.0
t2159,0.0,0.0,0.0,0.0,0.0,0.0,0.0,0.0,0.0,0.0,0.0,0.0,0.0,0.0,0.0,0.0,0.0,0.0
t2160,0.0,0.0,0.0,0.0,0.0,0.0,0.0,0.0,0.0,0.0,0.0,0.0,0.0,0.0,0.0,0.0,0.0,0.0
t2161,0.0,0.0,0.0,0.0,0.0,0.0,0.0,0.0,0.0,0.0,0.0,0.0,0.0,0.0,0.0,0.0,0.0,0.0
t2162,0.0,0.0,0.0,0.0,0.0,0.0,0.0,0.0,0.0,0.0,0.0,0.0,0.0,0.0,0.0,0.0,0.0,0.0
t2163,0.0,0.0,0.0,0.0,0.0,0.0,0.0,0.0,0.0,0.0,0.0,0.0,0.0,0.0,0.0,0.0,0.0,0.0
t2164,0.0,0.0,0.0,0.0,0.0,0.0,0.0,0.0,0.0,0.0,0.0,0.0,0.0,0.0,0.0,0.0,0.0,0.0
t2165,0.0,0.0,0.0,0.0,0.0,0.0,0.0,0.0,0.0,0.0,0.0,0.0,0.0,0.0,0.0,0.0,0.0,0.0
t2166,0.0,0.0,0.0,0.0,0.0,0.0,0.0,0.0,0.0,0.0,0.0,0.0,0.0,0.0,0.0,0.0,0.0,0.0
t2167,0.0,0.0,0.0,0.0,0.0,0.0,0.0,0.0,0.0,0.0,0.0,0.0,0.0,0.0,0.0,0.0,0.0,0.0
t2168,1220.0,120.0,0.0,0.0,0.0,0.0,936.5000132900001,1211.966215923789,0.0,0.0,0.0,0.0,0.0,0.0,0.0,0.0,0.0,3488.466229213789
t2169,263.9732766371902,120.0,1620.0,0.0,1120.1130315584041,4870.510076645198,1538.2499387500002,915.0792735225613,0.0,0.0,0.0,0.0,0.0,0.0,0.0,0.0,0.0,10447.925597113352
t2170,1220.0,0.0,732.8654979999999,0.0,2283.9893049085745,6016.7958112715305,0.0,1950.0,0.0,0.0,0.0,0.0,0.0,0.0,0.0,0.0,0.0,12203.650614180104
t2171,1220.0,120.0,772.6550086399996,0.0,3351.9703737609775,4598.388373711837,1590.0,1950.0,0.0,0.0,0.0,0.0,0.0,0.0,0.0,0.0,0.0,13603.013756112814
t2172,0.0,0.0,738.9993316399999,0.0,3795.1460548586215,8650.0,0.0,109.64579780972406,0.0,0.0,0.0,0.0,0.0,0.0,0.0,0.0,0.0,13293.791184308346
t2173,1220.0,120.0,760.6506749699998,0.0,3168.356259310795,3625.615838579826,1590.0,1950.0,0.0,0.0,0.0,0.0,0.0,0.0,0.0,0.0,0.0,12434.62277286062
t2174,0.0,0.0,626.0653666000001,0.0,3066.518155854139,5329.465234068401,1049.2807937412563,0.0,0.0,0.0,0.0,0.0,0.0,0.0,0.0,0.0,0.0,10071.329550263796
t2175,0.0,25.964584587264614,1380.711991318074,0.0,1850.269018712736,3380.8384713885325,0.0,135.2332122869763,0.0,0.0,0.0,0.0,0.0,0.0,0.0,0.0,0.0,6773.017278293583
t2176,0.0,0.0,198.57402076000008,0.0,0.0,0.0,0.0,0.0,0.0,0.0,0.0,0.0,0.0,0.0,0.0,0.0,0.0,198.57402076000008
t2177,0.0,0.0,0.0,0.0,0.0,0.0,0.0,0.0,0.0,0.0,0.0,0.0,0.0,0.0,0.0,0.0,0.0,0.0
t2178,0.0,0.0,0.0,0.0,0.0,0.0,0.0,0.0,0.0,0.0,0.0,0.0,0.0,0.0,0.0,0.0,0.0,0.0
t2179,0.0,0.0,0.0,0.0,0.0,0.0,0.0,0.0,0.0,0.0,0.0,0.0,0.0,0.0,0.0,0.0,0.0,0.0
t2180,0.0,0.0,0.0,0.0,0.0,0.0,0.0,0.0,0.0,0.0,0.0,0.0,0.0,0.0,0.0,0.0,0.0,0.0
t2181,0.0,0.0,0.0,0.0,0.0,0.0,0.0,0.0,0.0,0.0,0.0,0.0,0.0,0.0,0.0,0.0,0.0,0.0
t2182,0.0,0.0,0.0,0.0,0.0,0.0,0.0,0.0,0.0,0.0,0.0,0.0,0.0,0.0,0.0,0.0,0.0,0.0
t2183,0.0,0.0,0.0,0.0,0.0,0.0,0.0,0.0,0.0,0.0,0.0,0.0,0.0,0.0,0.0,0.0,0.0,0.0
t2184,0.0,0.0,0.0,0.0,0.0,0.0,0.0,0.0,0.0,0.0,0.0,0.0,0.0,0.0,0.0,0.0,0.0,0.0
t2185,0.0,0.0,0.0,0.0,0.0,0.0,0.0,0.0,0.0,0.0,0.0,0.0,0.0,0.0,0.0,0.0,0.0,0.0
t2186,0.0,0.0,0.0,0.0,0.0,0.0,0.0,0.0,0.0,0.0,0.0,0.0,0.0,0.0,0.0,0.0,0.0,0.0
t2187,0.0,0.0,0.0,0.0,0.0,0.0,0.0,0.0,0.0,0.0,0.0,0.0,0.0,0.0,0.0,0.0,0.0,0.0
t2188,0.0,0.0,0.0,0.0,0.0,0.0,0.0,0.0,0.0,0.0,0.0,0.0,0.0,0.0,0.0,0.0,0.0,0.0
t2189,0.0,0.0,0.0,0.0,0.0,0.0,0.0,0.0,0.0,0.0,0.0,0.0,0.0,0.0,0.0,0.0,0.0,0.0
t2190,0.0,0.0,0.0,0.0,0.0,0.0,0.0,0.0,0.0,0.0,0.0,0.0,0.0,0.0,0.0,0.0,0.0,0.0
t2191,0.0,0.0,0.0,0.0,0.0,0.0,0.0,0.0,0.0,0.0,0.0,0.0,0.0,0.0,0.0,0.0,0.0,0.0
t2192,0.0,0.0,0.0,0.0,0.0,0.0,0.0,0.0,0.0,0.0,0.0,0.0,0.0,0.0,0.0,0.0,0.0,0.0
t2193,1220.0,120.0,0.0,0.0,0.0,1542.1560806580326,944.5413624400001,0.0,0.0,0.0,0.0,0.0,0.0,0.0,0.0,0.0,0.0,3826.6974430980326
t2194,1220.0,120.0,0.0,0.0,0.0,974.0256889111414,806.6024295200001,1950.0,0.0,0.0,0.0,0.0,0.0,0.0,0.0,0.0,0.0,5070.628118431141
t2195,1220.0,0.0,0.0,0.0,0.0,4168.672824924446,947.2754429600001,1735.2587942844216,0.0,0.0,0.0,0.0,0.0,0.0,0.0,0.0,0.0,8071.207062168867
t2196,0.0,120.0,0.0,0.0,0.0,4801.528729650254,1197.86108256,0.0,0.0,0.0,0.0,0.0,0.0,0.0,0.0,0.0,0.0,6119.389812210254
t2197,0.0,45.71941141726453,0.0,0.0,0.0,6419.235689645014,1250.83177421,0.0,0.0,0.0,0.0,0.0,0.0,0.0,0.0,0.0,0.0,7715.786875272278
t2198,0.0,0.0,0.0,0.0,0.0,3486.728898952677,1467.1068990100002,0.0,0.0,0.0,0.0,0.0,0.0,0.0,0.0,0.0,0.0,4953.835797962677
t2199,1220.0,100.24517317000009,0.0,0.0,0.0,0.0,0.0,1215.4464973600006,0.0,0.0,0.0,0.0,0.0,0.0,0.0,0.0,0.0,2535.691670530001
t2200,0.0,0.0,0.0,0.0,0.0,2099.5153321655803,89.81175508125503,146.69009658000022,0.0,0.0,0.0,0.0,0.0,0.0,0.0,0.0,0.0,2336.017183826835
t2201,0.0,0.0,0.0,0.0,0.0,0.0,0.0,0.0,0.0,0.0,0.0,0.0,0.0,0.0,0.0,0.0,0.0,0.0
t2202,0.0,0.0,0.0,0.0,0.0,0.0,0.0,0.0,0.0,0.0,0.0,0.0,0.0,0.0,0.0,0.0,0.0,0.0
t2203,0.0,0.0,0.0,0.0,0.0,0.0,0.0,0.0,0.0,0.0,0.0,0.0,0.0,0.0,0.0,0.0,0.0,0.0
t2204,0.0,0.0,0.0,0.0,0.0,0.0,0.0,0.0,0.0,0.0,0.0,0.0,0.0,0.0,0.0,0.0,0.0,0.0
t2205,0.0,0.0,0.0,0.0,0.0,0.0,0.0,0.0,0.0,0.0,0.0,0.0,0.0,0.0,0.0,0.0,0.0,0.0
t2206,0.0,0.0,0.0,0.0,0.0,0.0,0.0,0.0,0.0,0.0,0.0,0.0,0.0,0.0,0.0,0.0,0.0,0.0
t2207,0.0,0.0,0.0,0.0,0.0,0.0,0.0,0.0,0.0,0.0,0.0,0.0,0.0,0.0,0.0,0.0,0.0,0.0
t2208,0.0,0.0,0.0,0.0,0.0,0.0,0.0,0.0,0.0,0.0,0.0,0.0,0.0,0.0,0.0,0.0,0.0,0.0
t2209,0.0,0.0,0.0,0.0,0.0,0.0,0.0,0.0,0.0,0.0,0.0,0.0,0.0,0.0,0.0,0.0,0.0,0.0
t2210,0.0,0.0,0.0,0.0,0.0,0.0,0.0,0.0,0.0,0.0,0.0,0.0,0.0,0.0,0.0,0.0,0.0,0.0
t2211,0.0,0.0,0.0,0.0,0.0,0.0,0.0,0.0,0.0,0.0,0.0,0.0,0.0,0.0,0.0,0.0,0.0,0.0
t2212,0.0,0.0,0.0,0.0,0.0,0.0,0.0,0.0,0.0,0.0,0.0,0.0,0.0,0.0,0.0,0.0,0.0,0.0
t2213,0.0,0.0,0.0,0.0,0.0,0.0,0.0,0.0,0.0,0.0,0.0,0.0,0.0,0.0,0.0,0.0,0.0,0.0
t2214,0.0,0.0,0.0,0.0,0.0,0.0,0.0,0.0,0.0,0.0,0.0,0.0,0.0,0.0,0.0,0.0,0.0,0.0
t2215,0.0,0.0,0.0,0.0,0.0,0.0,0.0,0.0,0.0,0.0,0.0,0.0,0.0,0.0,0.0,0.0,0.0,0.0
t2216,0.0,0.0,0.0,0.0,0.0,0.0,0.0,0.0,0.0,0.0,0.0,0.0,0.0,0.0,0.0,0.0,0.0,0.0
t2217,0.0,120.0,0.0,0.0,0.0,0.0,294.2074560030936,0.0,0.0,0.0,0.0,0.0,0.0,0.0,0.0,0.0,0.0,414.2074560030936
t2218,390.7039216462181,120.0,0.0,0.0,0.0,2300.6480707570854,896.4942814480039,0.0,0.0,0.0,0.0,0.0,0.0,0.0,0.0,0.0,0.0,3707.846273851307
t2219,1220.0,120.0,0.0,0.0,0.0,1722.9723575954024,1201.3550527142115,1950.0,0.0,0.0,0.0,0.0,0.0,0.0,0.0,0.0,0.0,6214.327410309614
t2220,0.0,0.0,0.0,0.0,0.0,0.0,879.8771827513883,0.0,0.0,0.0,0.0,0.0,0.0,0.0,0.0,0.0,0.0,879.8771827513883
t2221,0.0,0.0,0.0,0.0,0.0,0.0,0.0,0.0,0.0,0.0,0.0,0.0,0.0,0.0,0.0,0.0,0.0,0.0
t2222,0.0,0.0,0.0,0.0,0.0,0.0,1304.42097689,0.0,0.0,0.0,0.0,0.0,0.0,0.0,0.0,0.0,0.0,1304.42097689
t2223,1220.0,25.964584587264614,0.0,0.0,0.0,2077.0865845457065,1353.362228185539,0.0,0.0,0.0,0.0,0.0,0.0,0.0,0.0,0.0,0.0,4676.41339731851
t2224,1220.0,120.0,0.0,0.0,0.0,1257.0030766930934,774.3135677890205,0.0,0.0,0.0,0.0,0.0,0.0,0.0,0.0,0.0,0.0,3371.3166444821136
t2225,0.0,0.0,0.0,0.0,0.0,0.0,0.0,0.0,0.0,0.0,0.0,0.0,0.0,0.0,0.0,0.0,0.0,0.0
t2226,0.0,0.0,0.0,0.0,0.0,0.0,0.0,0.0,0.0,0.0,0.0,0.0,0.0,0.0,0.0,0.0,0.0,0.0
t2227,0.0,0.0,0.0,0.0,0.0,0.0,0.0,0.0,0.0,0.0,0.0,0.0,0.0,0.0,0.0,0.0,0.0,0.0
t2228,0.0,0.0,0.0,0.0,0.0,0.0,0.0,0.0,0.0,0.0,0.0,0.0,0.0,0.0,0.0,0.0,0.0,0.0
t2229,0.0,0.0,0.0,0.0,0.0,0.0,0.0,0.0,0.0,0.0,0.0,0.0,0.0,0.0,0.0,0.0,0.0,0.0
t2230,0.0,0.0,0.0,0.0,0.0,0.0,0.0,0.0,0.0,0.0,0.0,0.0,0.0,0.0,0.0,0.0,0.0,0.0
t2231,0.0,0.0,0.0,0.0,0.0,0.0,0.0,0.0,0.0,0.0,0.0,0.0,0.0,0.0,0.0,0.0,0.0,0.0
t2232,0.0,0.0,0.0,0.0,0.0,0.0,0.0,0.0,0.0,0.0,0.0,0.0,0.0,0.0,0.0,0.0,0.0,0.0
t2233,0.0,0.0,0.0,0.0,0.0,0.0,0.0,0.0,0.0,0.0,0.0,0.0,0.0,0.0,0.0,0.0,0.0,0.0
t2234,0.0,0.0,0.0,0.0,0.0,0.0,0.0,0.0,0.0,0.0,0.0,0.0,0.0,0.0,0.0,0.0,0.0,0.0
t2235,0.0,0.0,0.0,0.0,0.0,0.0,0.0,0.0,0.0,0.0,0.0,0.0,0.0,0.0,0.0,0.0,0.0,0.0
t2236,0.0,0.0,0.0,0.0,0.0,0.0,0.0,0.0,0.0,0.0,0.0,0.0,0.0,0.0,0.0,0.0,0.0,0.0
t2237,0.0,0.0,0.0,0.0,0.0,0.0,0.0,0.0,0.0,0.0,0.0,0.0,0.0,0.0,0.0,0.0,0.0,0.0
t2238,0.0,0.0,0.0,0.0,0.0,0.0,0.0,0.0,0.0,0.0,0.0,0.0,0.0,0.0,0.0,0.0,0.0,0.0
t2239,0.0,0.0,0.0,0.0,0.0,0.0,0.0,0.0,0.0,0.0,0.0,0.0,0.0,0.0,0.0,0.0,0.0,0.0
t2240,0.0,0.0,0.0,0.0,0.0,0.0,0.0,0.0,0.0,0.0,0.0,0.0,0.0,0.0,0.0,0.0,0.0,0.0
t2241,263.9732766371902,120.0,0.0,0.0,0.0,0.0,91.90571085000032,421.98139335899685,0.0,0.0,0.0,0.0,0.0,0.0,0.0,0.0,0.0,897.8603808461874
t2242,1220.0,0.0,0.0,0.0,0.0,0.0,19.582066380000374,895.4201732417615,0.0,0.0,0.0,0.0,0.0,0.0,0.0,0.0,0.0,2135.002239621762
t2243,0.0,120.0,0.0,0.0,0.0,2624.4472262992376,935.4114214412564,0.0,0.0,0.0,0.0,0.0,0.0,0.0,0.0,0.0,0.0,3679.8586477404942
t2244,1220.0,120.0,0.0,0.0,0.0,4819.621406885293,1536.2791954600002,0.0,0.0,0.0,0.0,0.0,0.0,0.0,0.0,0.0,0.0,7695.900602345293
t2245,1220.0,0.0,0.0,0.0,0.0,3955.1366054327764,1525.99836501,0.0,0.0,0.0,0.0,0.0,0.0,0.0,0.0,0.0,0.0,6701.134970442777
t2246,1220.0,120.0,0.0,0.0,0.0,1679.612522229238,1477.14872812,0.0,0.0,0.0,0.0,0.0,0.0,0.0,0.0,0.0,0.0,4496.761250349238
t2247,0.0,25.964584587264614,0.0,0.0,0.0,465.90704992027776,1117.7052585199997,1835.5056848199995,0.0,0.0,0.0,0.0,0.0,0.0,0.0,0.0,0.0,3445.082577847542
t2248,0.0,0.0,0.0,0.0,0.0,0.0,0.0,0.0,0.0,0.0,0.0,0.0,0.0,0.0,0.0,0.0,0.0,0.0
t2249,0.0,0.0,0.0,0.0,0.0,0.0,0.0,0.0,0.0,0.0,0.0,0.0,0.0,0.0,0.0,0.0,0.0,0.0
t2250,0.0,0.0,0.0,0.0,0.0,0.0,0.0,0.0,0.0,0.0,0.0,0.0,0.0,0.0,0.0,0.0,0.0,0.0
t2251,0.0,0.0,0.0,0.0,0.0,0.0,0.0,0.0,0.0,0.0,0.0,0.0,0.0,0.0,0.0,0.0,0.0,0.0
t2252,0.0,0.0,0.0,0.0,0.0,0.0,0.0,0.0,0.0,0.0,0.0,0.0,0.0,0.0,0.0,0.0,0.0,0.0
t2253,0.0,0.0,0.0,0.0,0.0,0.0,0.0,0.0,0.0,0.0,0.0,0.0,0.0,0.0,0.0,0.0,0.0,0.0
t2254,0.0,0.0,0.0,0.0,0.0,0.0,0.0,0.0,0.0,0.0,0.0,0.0,0.0,0.0,0.0,0.0,0.0,0.0
t2255,0.0,0.0,0.0,0.0,0.0,0.0,0.0,0.0,0.0,0.0,0.0,0.0,0.0,0.0,0.0,0.0,0.0,0.0
t2256,0.0,0.0,0.0,0.0,0.0,0.0,0.0,0.0,0.0,0.0,0.0,0.0,0.0,0.0,0.0,0.0,0.0,0.0
t2257,0.0,0.0,0.0,0.0,0.0,0.0,0.0,0.0,0.0,0.0,0.0,0.0,0.0,0.0,0.0,0.0,0.0,0.0
t2258,0.0,0.0,0.0,0.0,0.0,0.0,0.0,0.0,0.0,0.0,0.0,0.0,0.0,0.0,0.0,0.0,0.0,0.0
t2259,0.0,0.0,0.0,0.0,0.0,0.0,0.0,0.0,0.0,0.0,0.0,0.0,0.0,0.0,0.0,0.0,0.0,0.0
t2260,0.0,0.0,0.0,0.0,0.0,0.0,0.0,0.0,0.0,0.0,0.0,0.0,0.0,0.0,0.0,0.0,0.0,0.0
t2261,0.0,0.0,0.0,0.0,0.0,0.0,0.0,0.0,0.0,0.0,0.0,0.0,0.0,0.0,0.0,0.0,0.0,0.0
t2262,0.0,0.0,0.0,0.0,0.0,0.0,0.0,0.0,0.0,0.0,0.0,0.0,0.0,0.0,0.0,0.0,0.0,0.0
t2263,0.0,0.0,0.0,0.0,0.0,0.0,0.0,0.0,0.0,0.0,0.0,0.0,0.0,0.0,0.0,0.0,0.0,0.0
t2264,0.0,0.0,0.0,0.0,0.0,0.0,0.0,0.0,0.0,0.0,0.0,0.0,0.0,0.0,0.0,0.0,0.0,0.0
t2265,0.0,0.0,0.0,0.0,0.0,0.0,112.10114282000028,0.0,0.0,0.0,0.0,0.0,0.0,0.0,0.0,0.0,0.0,112.10114282000028
t2266,808.3007604982761,0.0,0.0,0.0,0.0,0.0,17.969599780000678,0.0,0.0,0.0,0.0,0.0,0.0,0.0,0.0,0.0,0.0,826.2703602782767
t2267,1220.0,105.46842356667824,0.0,0.0,0.0,0.0,1332.7118911200002,793.371404319888,0.0,0.0,0.0,0.0,0.0,0.0,0.0,0.0,0.0,3451.5517190065666
t2268,1220.0,120.0,0.0,0.0,0.0,1033.5586192102865,1441.4830089612544,0.0,0.0,0.0,0.0,0.0,0.0,0.0,0.0,0.0,0.0,3815.0416281715407
t2269,0.0,0.0,0.0,0.0,0.0,0.0,1260.59381506,410.37712309698526,0.0,0.0,0.0,0.0,0.0,0.0,0.0,0.0,0.0,1670.9709381569853
t2270,1220.0,0.0,0.0,0.0,0.0,379.46611426195886,1341.2576023300003,0.0,0.0,0.0,0.0,0.0,0.0,0.0,0.0,0.0,0.0,2940.723716591959
t2271,509.7944320120422,0.0,0.0,0.0,0.0,0.0,1197.9136857100011,0.0,0.0,0.0,0.0,0.0,0.0,0.0,0.0,0.0,0.0,1707.7081177220434
t2272,0.0,0.0,0.0,0.0,0.0,0.0,0.0,0.0,0.0,0.0,0.0,0.0,0.0,0.0,0.0,0.0,0.0,0.0
t2273,0.0,0.0,0.0,0.0,0.0,0.0,0.0,0.0,0.0,0.0,0.0,0.0,0.0,0.0,0.0,0.0,0.0,0.0
t2274,0.0,0.0,0.0,0.0,0.0,0.0,0.0,0.0,0.0,0.0,0.0,0.0,0.0,0.0,0.0,0.0,0.0,0.0
t2275,0.0,0.0,0.0,0.0,0.0,0.0,0.0,0.0,0.0,0.0,0.0,0.0,0.0,0.0,0.0,0.0,0.0,0.0
t2276,0.0,0.0,0.0,0.0,0.0,0.0,0.0,0.0,0.0,0.0,0.0,0.0,0.0,0.0,0.0,0.0,0.0,0.0
t2277,0.0,0.0,0.0,0.0,0.0,0.0,0.0,0.0,0.0,0.0,0.0,0.0,0.0,0.0,0.0,0.0,0.0,0.0
t2278,0.0,0.0,0.0,0.0,0.0,0.0,0.0,0.0,0.0,0.0,0.0,0.0,0.0,0.0,0.0,0.0,0.0,0.0
t2279,0.0,0.0,0.0,0.0,0.0,0.0,0.0,0.0,0.0,0.0,0.0,0.0,0.0,0.0,0.0,0.0,0.0,0.0
t2280,0.0,0.0,0.0,0.0,0.0,0.0,0.0,0.0,0.0,0.0,0.0,0.0,0.0,0.0,0.0,0.0,0.0,0.0
t2281,0.0,0.0,0.0,0.0,0.0,0.0,0.0,0.0,0.0,0.0,0.0,0.0,0.0,0.0,0.0,0.0,0.0,0.0
t2282,0.0,0.0,0.0,0.0,0.0,0.0,0.0,0.0,0.0,0.0,0.0,0.0,0.0,0.0,0.0,0.0,0.0,0.0
t2283,0.0,0.0,0.0,0.0,0.0,0.0,0.0,0.0,0.0,0.0,0.0,0.0,0.0,0.0,0.0,0.0,0.0,0.0
t2284,0.0,0.0,0.0,0.0,0.0,0.0,0.0,0.0,0.0,0.0,0.0,0.0,0.0,0.0,0.0,0.0,0.0,0.0
t2285,0.0,0.0,0.0,0.0,0.0,0.0,0.0,0.0,0.0,0.0,0.0,0.0,0.0,0.0,0.0,0.0,0.0,0.0
t2286,0.0,0.0,0.0,0.0,0.0,0.0,0.0,0.0,0.0,0.0,0.0,0.0,0.0,0.0,0.0,0.0,0.0,0.0
t2287,0.0,0.0,0.0,0.0,0.0,0.0,0.0,0.0,0.0,0.0,0.0,0.0,0.0,0.0,0.0,0.0,0.0,0.0
t2288,0.0,0.0,0.0,0.0,0.0,0.0,0.0,0.0,0.0,0.0,0.0,0.0,0.0,0.0,0.0,0.0,0.0,0.0
t2289,0.0,0.0,0.0,0.0,0.0,0.0,0.0,0.0,0.0,0.0,0.0,0.0,0.0,0.0,0.0,0.0,0.0,0.0
t2290,1220.0,120.0,0.0,0.0,0.0,0.0,1254.000584423014,299.062761570192,0.0,0.0,0.0,0.0,0.0,0.0,0.0,0.0,0.0,2893.063345993206
t2291,1220.0,120.0,0.0,0.0,0.0,0.0,1411.044335550898,701.6075140013893,0.0,0.0,0.0,0.0,0.0,0.0,0.0,0.0,0.0,3452.651849552287
t2292,1131.8606132424359,120.0,0.0,0.0,0.0,1055.1364835478516,1590.0,0.0,0.0,0.0,0.0,0.0,0.0,0.0,0.0,0.0,0.0,3896.9970967902873
t2293,1220.0,120.0,0.0,0.0,0.0,0.0,1590.0,1293.6313716791394,0.0,0.0,0.0,0.0,0.0,0.0,0.0,0.0,0.0,4223.631371679139
t2294,0.0,0.0,0.0,0.0,0.0,0.0,858.9858258073447,0.0,0.0,0.0,0.0,0.0,0.0,0.0,0.0,0.0,0.0,858.9858258073447
t2295,0.0,0.0,0.0,0.0,0.0,0.0,0.0,0.0,0.0,0.0,0.0,0.0,0.0,0.0,0.0,0.0,0.0,0.0
t2296,0.0,0.0,0.0,0.0,0.0,0.0,0.0,0.0,0.0,0.0,0.0,0.0,0.0,0.0,0.0,0.0,0.0,0.0
t2297,0.0,0.0,0.0,0.0,0.0,0.0,0.0,0.0,0.0,0.0,0.0,0.0,0.0,0.0,0.0,0.0,0.0,0.0
t2298,0.0,0.0,0.0,0.0,0.0,0.0,0.0,0.0,0.0,0.0,0.0,0.0,0.0,0.0,0.0,0.0,0.0,0.0
t2299,0.0,0.0,0.0,0.0,0.0,0.0,0.0,0.0,0.0,0.0,0.0,0.0,0.0,0.0,0.0,0.0,0.0,0.0
t2300,0.0,0.0,0.0,0.0,0.0,0.0,0.0,0.0,0.0,0.0,0.0,0.0,0.0,0.0,0.0,0.0,0.0,0.0
t2301,0.0,0.0,0.0,0.0,0.0,0.0,0.0,0.0,0.0,0.0,0.0,0.0,0.0,0.0,0.0,0.0,0.0,0.0
t2302,0.0,0.0,0.0,0.0,0.0,0.0,0.0,0.0,0.0,0.0,0.0,0.0,0.0,0.0,0.0,0.0,0.0,0.0
t2303,0.0,0.0,0.0,0.0,0.0,0.0,0.0,0.0,0.0,0.0,0.0,0.0,0.0,0.0,0.0,0.0,0.0,0.0
t2304,0.0,0.0,0.0,0.0,0.0,0.0,0.0,0.0,0.0,0.0,0.0,0.0,0.0,0.0,0.0,0.0,0.0,0.0
t2305,0.0,0.0,0.0,0.0,0.0,0.0,0.0,0.0,0.0,0.0,0.0,0.0,0.0,0.0,0.0,0.0,0.0,0.0
t2306,0.0,0.0,0.0,0.0,0.0,0.0,0.0,0.0,0.0,0.0,0.0,0.0,0.0,0.0,0.0,0.0,0.0,0.0
t2307,0.0,0.0,0.0,0.0,0.0,0.0,0.0,0.0,0.0,0.0,0.0,0.0,0.0,0.0,0.0,0.0,0.0,0.0
t2308,0.0,0.0,0.0,0.0,0.0,0.0,0.0,0.0,0.0,0.0,0.0,0.0,0.0,0.0,0.0,0.0,0.0,0.0
t2309,0.0,0.0,0.0,0.0,0.0,0.0,0.0,0.0,0.0,0.0,0.0,0.0,0.0,0.0,0.0,0.0,0.0,0.0
t2310,0.0,0.0,0.0,0.0,0.0,0.0,0.0,0.0,0.0,0.0,0.0,0.0,0.0,0.0,0.0,0.0,0.0,0.0
t2311,0.0,0.0,0.0,0.0,0.0,0.0,0.0,0.0,0.0,0.0,0.0,0.0,0.0,0.0,0.0,0.0,0.0,0.0
t2312,0.0,0.0,0.0,0.0,0.0,0.0,0.0,0.0,0.0,0.0,0.0,0.0,0.0,0.0,0.0,0.0,0.0,0.0
t2313,0.0,0.0,0.0,0.0,0.0,0.0,0.0,0.0,0.0,0.0,0.0,0.0,0.0,0.0,0.0,0.0,0.0,0.0
t2314,0.0,120.0,0.0,0.0,0.0,0.0,761.539097780359,0.0,0.0,0.0,0.0,0.0,0.0,0.0,0.0,0.0,0.0,881.539097780359
t2315,1220.0,25.96458458726457,0.0,0.0,0.0,1318.520543539547,1590.0,1950.0,0.0,0.0,0.0,0.0,0.0,0.0,0.0,0.0,0.0,6104.485128126811
t2316,1220.0,120.0,0.0,0.0,0.0,4363.177838430836,1320.2075404682344,0.0,0.0,0.0,0.0,0.0,0.0,0.0,0.0,0.0,0.0,7023.385378899071
t2317,1220.0,0.0,0.0,0.0,0.0,5319.658641415645,1590.0,0.0,0.0,0.0,0.0,0.0,0.0,0.0,0.0,0.0,0.0,8129.658641415645
t2318,616.9198547199998,120.0,0.0,0.0,0.0,0.0,1242.6348227521632,924.8810257800002,0.0,0.0,0.0,0.0,0.0,0.0,0.0,0.0,0.0,2904.435703252163
t2319,0.0,120.0,0.0,0.0,0.0,0.0,199.64928478050012,0.0,0.0,0.0,0.0,0.0,0.0,0.0,0.0,0.0,0.0,319.6492847805001
t2320,0.0,0.0,0.0,0.0,0.0,0.0,0.0,0.0,0.0,0.0,0.0,0.0,0.0,0.0,0.0,0.0,0.0,0.0
t2321,0.0,0.0,0.0,0.0,0.0,0.0,0.0,0.0,0.0,0.0,0.0,0.0,0.0,0.0,0.0,0.0,0.0,0.0
t2322,0.0,0.0,0.0,0.0,0.0,0.0,0.0,0.0,0.0,0.0,0.0,0.0,0.0,0.0,0.0,0.0,0.0,0.0
t2323,0.0,0.0,0.0,0.0,0.0,0.0,0.0,0.0,0.0,0.0,0.0,0.0,0.0,0.0,0.0,0.0,0.0,0.0
t2324,0.0,0.0,0.0,0.0,0.0,0.0,0.0,0.0,0.0,0.0,0.0,0.0,0.0,0.0,0.0,0.0,0.0,0.0
t2325,0.0,0.0,0.0,0.0,0.0,0.0,0.0,0.0,0.0,0.0,0.0,0.0,0.0,0.0,0.0,0.0,0.0,0.0
t2326,0.0,0.0,0.0,0.0,0.0,0.0,0.0,0.0,0.0,0.0,0.0,0.0,0.0,0.0,0.0,0.0,0.0,0.0
t2327,0.0,0.0,0.0,0.0,0.0,0.0,0.0,0.0,0.0,0.0,0.0,0.0,0.0,0.0,0.0,0.0,0.0,0.0
t2328,0.0,0.0,0.0,0.0,0.0,0.0,0.0,0.0,0.0,0.0,0.0,0.0,0.0,0.0,0.0,0.0,0.0,0.0
t2329,0.0,0.0,0.0,0.0,0.0,0.0,0.0,0.0,0.0,0.0,0.0,0.0,0.0,0.0,0.0,0.0,0.0,0.0
t2330,0.0,0.0,0.0,0.0,0.0,0.0,0.0,0.0,0.0,0.0,0.0,0.0,0.0,0.0,0.0,0.0,0.0,0.0
t2331,0.0,0.0,0.0,0.0,0.0,0.0,0.0,0.0,0.0,0.0,0.0,0.0,0.0,0.0,0.0,0.0,0.0,0.0
t2332,0.0,0.0,0.0,0.0,0.0,0.0,0.0,0.0,0.0,0.0,0.0,0.0,0.0,0.0,0.0,0.0,0.0,0.0
t2333,0.0,0.0,0.0,0.0,0.0,0.0,0.0,0.0,0.0,0.0,0.0,0.0,0.0,0.0,0.0,0.0,0.0,0.0
t2334,0.0,0.0,0.0,0.0,0.0,0.0,0.0,0.0,0.0,0.0,0.0,0.0,0.0,0.0,0.0,0.0,0.0,0.0
t2335,0.0,0.0,0.0,0.0,0.0,0.0,0.0,0.0,0.0,0.0,0.0,0.0,0.0,0.0,0.0,0.0,0.0,0.0
t2336,1220.0,68.03613911999994,0.0,0.0,0.0,0.0,521.41302031,1878.5910070144223,0.0,0.0,0.0,0.0,0.0,0.0,0.0,0.0,0.0,3688.040166444422
t2337,1220.0,120.0,0.0,0.0,0.0,4697.631522882799,977.8834402899998,0.0,0.0,0.0,0.0,0.0,0.0,0.0,0.0,0.0,0.0,7015.514963172799
t2338,0.0,0.0,0.0,0.0,0.0,5620.851204050707,1324.12867674,0.0,0.0,0.0,0.0,0.0,0.0,0.0,0.0,0.0,0.0,6944.979880790706
t2339,1220.0,120.0,0.0,0.0,0.0,5125.927013668113,899.7583442100001,0.0,0.0,0.0,0.0,0.0,0.0,0.0,0.0,0.0,0.0,7365.685357878114
t2340,0.0,77.92844546726462,0.0,0.0,0.0,3495.7787631176393,1390.8472642312565,1950.0,0.0,0.0,0.0,0.0,0.0,0.0,0.0,0.0,0.0,6914.55447281616
t2341,1220.0,0.0,0.0,0.0,0.0,2877.8010636630215,1590.0,0.0,0.0,0.0,0.0,0.0,0.0,0.0,0.0,0.0,0.0,5687.8010636630215
t2342,0.0,0.0,0.0,0.0,0.0,2517.4928953492654,0.0,1218.8043812100007,0.0,0.0,0.0,0.0,0.0,0.0,0.0,0.0,0.0,3736.297276559266
t2343,263.9732766371902,120.0,0.0,0.0,0.0,212.85484057977254,0.0,0.0,0.0,0.0,0.0,0.0,0.0,0.0,0.0,0.0,0.0,596.8281172169627
t2344,0.0,0.0,0.0,0.0,0.0,0.0,0.0,0.0,0.0,0.0,0.0,0.0,0.0,0.0,0.0,0.0,0.0,0.0
t2345,0.0,0.0,0.0,0.0,0.0,0.0,0.0,0.0,0.0,0.0,0.0,0.0,0.0,0.0,0.0,0.0,0.0,0.0
t2346,0.0,0.0,0.0,0.0,0.0,0.0,0.0,0.0,0.0,0.0,0.0,0.0,0.0,0.0,0.0,0.0,0.0,0.0
t2347,0.0,0.0,0.0,0.0,0.0,0.0,0.0,0.0,0.0,0.0,0.0,0.0,0.0,0.0,0.0,0.0,0.0,0.0
t2348,0.0,0.0,0.0,0.0,0.0,0.0,0.0,0.0,0.0,0.0,0.0,0.0,0.0,0.0,0.0,0.0,0.0,0.0
t2349,0.0,0.0,0.0,0.0,0.0,0.0,0.0,0.0,0.0,0.0,0.0,0.0,0.0,0.0,0.0,0.0,0.0,0.0
t2350,0.0,0.0,0.0,0.0,0.0,0.0,0.0,0.0,0.0,0.0,0.0,0.0,0.0,0.0,0.0,0.0,0.0,0.0
t2351,0.0,0.0,0.0,0.0,0.0,0.0,0.0,0.0,0.0,0.0,0.0,0.0,0.0,0.0,0.0,0.0,0.0,0.0
t2352,0.0,0.0,0.0,0.0,0.0,0.0,0.0,0.0,0.0,0.0,0.0,0.0,0.0,0.0,0.0,0.0,0.0,0.0
t2353,0.0,0.0,0.0,0.0,0.0,0.0,0.0,0.0,0.0,0.0,0.0,0.0,0.0,0.0,0.0,0.0,0.0,0.0
t2354,0.0,0.0,0.0,0.0,0.0,0.0,0.0,0.0,0.0,0.0,0.0,0.0,0.0,0.0,0.0,0.0,0.0,0.0
t2355,0.0,0.0,0.0,0.0,0.0,0.0,0.0,0.0,0.0,0.0,0.0,0.0,0.0,0.0,0.0,0.0,0.0,0.0
t2356,0.0,0.0,0.0,0.0,0.0,0.0,0.0,0.0,0.0,0.0,0.0,0.0,0.0,0.0,0.0,0.0,0.0,0.0
t2357,0.0,0.0,0.0,0.0,0.0,0.0,0.0,0.0,0.0,0.0,0.0,0.0,0.0,0.0,0.0,0.0,0.0,0.0
t2358,0.0,0.0,0.0,0.0,0.0,0.0,0.0,0.0,0.0,0.0,0.0,0.0,0.0,0.0,0.0,0.0,0.0,0.0
t2359,0.0,0.0,0.0,0.0,0.0,0.0,0.0,0.0,0.0,0.0,0.0,0.0,0.0,0.0,0.0,0.0,0.0,0.0
t2360,0.0,0.0,0.0,0.0,0.0,0.0,0.0,0.0,0.0,0.0,0.0,0.0,0.0,0.0,0.0,0.0,0.0,0.0
t2361,434.7351197771909,120.0,0.0,0.0,0.0,1175.1447588987794,678.3540054799997,1759.6372473600009,0.0,0.0,0.0,0.0,0.0,0.0,0.0,0.0,0.0,4167.871131515971
t2362,1220.0,120.0,0.0,0.0,0.0,3467.0291098517155,492.40675676000035,0.0,0.0,0.0,0.0,0.0,0.0,0.0,0.0,0.0,0.0,5299.435866611716
t2363,1220.0,0.0,0.0,0.0,0.0,1116.444393754112,1273.62624022,1738.9555561800003,0.0,0.0,0.0,0.0,0.0,0.0,0.0,0.0,0.0,5349.026190154113
t2364,0.0,120.0,0.0,0.0,0.0,4307.537316019519,1177.430507041256,1469.1983168684244,0.0,0.0,0.0,0.0,0.0,0.0,0.0,0.0,0.0,7074.1661399292
t2365,0.0,0.0,0.0,0.0,724.0187074279804,3123.861738003176,1288.99095662,965.1100103600007,0.0,0.0,0.0,0.0,0.0,0.0,0.0,0.0,0.0,6101.981412411157
t2366,1049.2381568599994,120.0,0.0,0.0,0.0,2781.2372350543706,741.30568308,0.0,0.0,0.0,0.0,0.0,0.0,0.0,0.0,0.0,0.0,4691.78107499437
t2367,1220.0,25.964584587264614,0.0,0.0,0.0,2532.2228857144037,1051.9165965800003,857.4481827800005,0.0,0.0,0.0,0.0,0.0,0.0,0.0,0.0,0.0,5687.552249661669
t2368,0.0,0.0,0.0,0.0,0.0,0.0,0.0,0.0,0.0,0.0,0.0,0.0,0.0,0.0,0.0,0.0,0.0,0.0
t2369,0.0,0.0,0.0,0.0,0.0,0.0,0.0,0.0,0.0,0.0,0.0,0.0,0.0,0.0,0.0,0.0,0.0,0.0
t2370,0.0,0.0,0.0,0.0,0.0,0.0,0.0,0.0,0.0,0.0,0.0,0.0,0.0,0.0,0.0,0.0,0.0,0.0
t2371,0.0,0.0,0.0,0.0,0.0,0.0,0.0,0.0,0.0,0.0,0.0,0.0,0.0,0.0,0.0,0.0,0.0,0.0
t2372,0.0,0.0,0.0,0.0,0.0,0.0,0.0,0.0,0.0,0.0,0.0,0.0,0.0,0.0,0.0,0.0,0.0,0.0
t2373,0.0,0.0,0.0,0.0,0.0,0.0,0.0,0.0,0.0,0.0,0.0,0.0,0.0,0.0,0.0,0.0,0.0,0.0
t2374,0.0,0.0,0.0,0.0,0.0,0.0,0.0,0.0,0.0,0.0,0.0,0.0,0.0,0.0,0.0,0.0,0.0,0.0
t2375,0.0,0.0,0.0,0.0,0.0,0.0,0.0,0.0,0.0,0.0,0.0,0.0,0.0,0.0,0.0,0.0,0.0,0.0
t2376,0.0,0.0,0.0,0.0,0.0,0.0,0.0,0.0,0.0,0.0,0.0,0.0,0.0,0.0,0.0,0.0,0.0,0.0
t2377,0.0,0.0,0.0,0.0,0.0,0.0,0.0,0.0,0.0,0.0,0.0,0.0,0.0,0.0,0.0,0.0,0.0,0.0
t2378,0.0,0.0,0.0,0.0,0.0,0.0,0.0,0.0,0.0,0.0,0.0,0.0,0.0,0.0,0.0,0.0,0.0,0.0
t2379,0.0,0.0,0.0,0.0,0.0,0.0,0.0,0.0,0.0,0.0,0.0,0.0,0.0,0.0,0.0,0.0,0.0,0.0
t2380,0.0,0.0,0.0,0.0,0.0,0.0,0.0,0.0,0.0,0.0,0.0,0.0,0.0,0.0,0.0,0.0,0.0,0.0
t2381,0.0,0.0,0.0,0.0,0.0,0.0,0.0,0.0,0.0,0.0,0.0,0.0,0.0,0.0,0.0,0.0,0.0,0.0
t2382,0.0,0.0,0.0,0.0,0.0,0.0,0.0,0.0,0.0,0.0,0.0,0.0,0.0,0.0,0.0,0.0,0.0,0.0
t2383,0.0,0.0,0.0,0.0,0.0,0.0,0.0,0.0,0.0,0.0,0.0,0.0,0.0,0.0,0.0,0.0,0.0,0.0
t2384,0.0,0.0,0.0,0.0,0.0,0.0,0.0,0.0,0.0,0.0,0.0,0.0,0.0,0.0,0.0,0.0,0.0,0.0
t2385,1220.0,120.0,0.0,0.0,0.0,420.768667250081,977.0419239199997,0.0,0.0,0.0,0.0,0.0,0.0,0.0,0.0,0.0,0.0,2737.810591170081
t2386,1220.0,120.0,200.01312806000027,0.0,0.0,3302.4204753735626,685.1354979412564,1141.117628899729,0.0,0.0,0.0,0.0,0.0,0.0,0.0,0.0,0.0,6668.686730274549
t2387,1220.0,0.0,78.55247999000004,0.0,0.0,5256.923515200425,1363.27247244,1950.0,0.0,0.0,0.0,0.0,0.0,0.0,0.0,0.0,0.0,9868.748467630425
t2388,752.5450172771899,0.0,0.0,0.0,647.2320142130312,5069.0692899335045,1325.4249474500004,0.0,0.0,0.0,0.0,0.0,0.0,0.0,0.0,0.0,0.0,7794.271268873726
t2389,0.0,25.964584587264586,0.0,0.0,1232.2371447879132,3863.09024854734,1269.41993147,1950.0,0.0,0.0,0.0,0.0,0.0,0.0,0.0,0.0,0.0,8340.711909392518
t2390,731.4282593600001,120.0,0.0,0.0,242.03636395018023,5972.643934477726,0.0,0.0,0.0,0.0,0.0,0.0,0.0,0.0,0.0,0.0,0.0,7066.108557787907
t2391,0.0,120.0,0.0,0.0,420.43234591793424,2715.4916996587795,1083.73597256,0.0,0.0,0.0,0.0,0.0,0.0,0.0,0.0,0.0,0.0,4339.660018136714
t2392,0.0,0.0,0.0,0.0,0.0,0.0,0.0,0.0,0.0,0.0,0.0,0.0,0.0,0.0,0.0,0.0,0.0,0.0
t2393,0.0,0.0,0.0,0.0,0.0,0.0,0.0,0.0,0.0,0.0,0.0,0.0,0.0,0.0,0.0,0.0,0.0,0.0
t2394,0.0,0.0,0.0,0.0,0.0,0.0,0.0,0.0,0.0,0.0,0.0,0.0,0.0,0.0,0.0,0.0,0.0,0.0
t2395,0.0,0.0,0.0,0.0,0.0,0.0,0.0,0.0,0.0,0.0,0.0,0.0,0.0,0.0,0.0,0.0,0.0,0.0
t2396,0.0,0.0,0.0,0.0,0.0,0.0,0.0,0.0,0.0,0.0,0.0,0.0,0.0,0.0,0.0,0.0,0.0,0.0
t2397,0.0,0.0,0.0,0.0,0.0,0.0,0.0,0.0,0.0,0.0,0.0,0.0,0.0,0.0,0.0,0.0,0.0,0.0
t2398,0.0,0.0,0.0,0.0,0.0,0.0,0.0,0.0,0.0,0.0,0.0,0.0,0.0,0.0,0.0,0.0,0.0,0.0
t2399,0.0,0.0,0.0,0.0,0.0,0.0,0.0,0.0,0.0,0.0,0.0,0.0,0.0,0.0,0.0,0.0,0.0,0.0
t2400,0.0,0.0,0.0,0.0,0.0,0.0,0.0,0.0,0.0,0.0,0.0,0.0,0.0,0.0,0.0,0.0,0.0,0.0
t2401,0.0,0.0,0.0,0.0,0.0,0.0,0.0,0.0,0.0,0.0,0.0,0.0,0.0,0.0,0.0,0.0,0.0,0.0
t2402,0.0,0.0,0.0,0.0,0.0,0.0,0.0,0.0,0.0,0.0,0.0,0.0,0.0,0.0,0.0,0.0,0.0,0.0
t2403,0.0,0.0,0.0,0.0,0.0,0.0,0.0,0.0,0.0,0.0,0.0,0.0,0.0,0.0,0.0,0.0,0.0,0.0
t2404,0.0,0.0,0.0,0.0,0.0,0.0,0.0,0.0,0.0,0.0,0.0,0.0,0.0,0.0,0.0,0.0,0.0,0.0
t2405,0.0,0.0,0.0,0.0,0.0,0.0,0.0,0.0,0.0,0.0,0.0,0.0,0.0,0.0,0.0,0.0,0.0,0.0
t2406,0.0,0.0,0.0,0.0,0.0,0.0,0.0,0.0,0.0,0.0,0.0,0.0,0.0,0.0,0.0,0.0,0.0,0.0
t2407,0.0,0.0,0.0,0.0,0.0,0.0,0.0,0.0,0.0,0.0,0.0,0.0,0.0,0.0,0.0,0.0,0.0,0.0
t2408,1220.0,120.0,0.0,0.0,0.0,0.0,324.95034254000024,513.0694184192275,0.0,0.0,0.0,0.0,0.0,0.0,0.0,0.0,0.0,2178.019760959228
t2409,263.9732766371902,120.0,0.0,0.0,0.0,2774.518665182688,664.4633724800002,1950.0,0.0,0.0,0.0,0.0,0.0,0.0,0.0,0.0,0.0,5772.955314299878
t2410,0.0,120.0,0.0,0.0,0.0,4641.006517762559,826.4790764399999,1950.0,0.0,0.0,0.0,0.0,0.0,0.0,0.0,0.0,0.0,7537.485594202559
t2411,1220.0,120.0,0.0,0.0,0.0,1205.5895883237868,1235.19941888,1950.0,0.0,0.0,0.0,0.0,0.0,0.0,0.0,0.0,0.0,5730.789007203786
t2412,1220.0,0.0,0.0,0.0,0.0,5554.982912957772,1471.187145282419,0.0,0.0,0.0,0.0,0.0,0.0,0.0,0.0,0.0,0.0,8246.17005824019
t2413,1220.0,25.964584587264614,0.0,0.0,0.0,5587.150427546573,1590.0,0.0,0.0,0.0,0.0,0.0,0.0,0.0,0.0,0.0,0.0,8423.115012133838
t2414,0.0,0.0,0.0,0.0,0.0,0.0,591.7513901588374,0.0,0.0,0.0,0.0,0.0,0.0,0.0,0.0,0.0,0.0,591.7513901588374
t2415,0.0,0.0,0.0,0.0,0.0,0.0,0.0,0.0,0.0,0.0,0.0,0.0,0.0,0.0,0.0,0.0,0.0,0.0
t2416,0.0,0.0,0.0,0.0,0.0,0.0,0.0,0.0,0.0,0.0,0.0,0.0,0.0,0.0,0.0,0.0,0.0,0.0
t2417,0.0,0.0,0.0,0.0,0.0,0.0,0.0,0.0,0.0,0.0,0.0,0.0,0.0,0.0,0.0,0.0,0.0,0.0
t2418,0.0,0.0,0.0,0.0,0.0,0.0,0.0,0.0,0.0,0.0,0.0,0.0,0.0,0.0,0.0,0.0,0.0,0.0
t2419,0.0,0.0,0.0,0.0,0.0,0.0,0.0,0.0,0.0,0.0,0.0,0.0,0.0,0.0,0.0,0.0,0.0,0.0
t2420,0.0,0.0,0.0,0.0,0.0,0.0,0.0,0.0,0.0,0.0,0.0,0.0,0.0,0.0,0.0,0.0,0.0,0.0
t2421,0.0,0.0,0.0,0.0,0.0,0.0,0.0,0.0,0.0,0.0,0.0,0.0,0.0,0.0,0.0,0.0,0.0,0.0
t2422,0.0,0.0,0.0,0.0,0.0,0.0,0.0,0.0,0.0,0.0,0.0,0.0,0.0,0.0,0.0,0.0,0.0,0.0
t2423,0.0,0.0,0.0,0.0,0.0,0.0,0.0,0.0,0.0,0.0,0.0,0.0,0.0,0.0,0.0,0.0,0.0,0.0
t2424,0.0,0.0,0.0,0.0,0.0,0.0,0.0,0.0,0.0,0.0,0.0,0.0,0.0,0.0,0.0,0.0,0.0,0.0
t2425,0.0,0.0,0.0,0.0,0.0,0.0,0.0,0.0,0.0,0.0,0.0,0.0,0.0,0.0,0.0,0.0,0.0,0.0
t2426,0.0,0.0,0.0,0.0,0.0,0.0,0.0,0.0,0.0,0.0,0.0,0.0,0.0,0.0,0.0,0.0,0.0,0.0
t2427,0.0,0.0,0.0,0.0,0.0,0.0,0.0,0.0,0.0,0.0,0.0,0.0,0.0,0.0,0.0,0.0,0.0,0.0
t2428,0.0,0.0,0.0,0.0,0.0,0.0,0.0,0.0,0.0,0.0,0.0,0.0,0.0,0.0,0.0,0.0,0.0,0.0
t2429,0.0,0.0,0.0,0.0,0.0,0.0,0.0,0.0,0.0,0.0,0.0,0.0,0.0,0.0,0.0,0.0,0.0,0.0
t2430,0.0,0.0,0.0,0.0,0.0,0.0,0.0,0.0,0.0,0.0,0.0,0.0,0.0,0.0,0.0,0.0,0.0,0.0
t2431,0.0,0.0,0.0,0.0,0.0,0.0,0.0,0.0,0.0,0.0,0.0,0.0,0.0,0.0,0.0,0.0,0.0,0.0
t2432,0.0,120.0,0.0,0.0,0.0,1076.6824123002461,508.85901803000013,1244.1989271700008,0.0,0.0,0.0,0.0,0.0,0.0,0.0,0.0,0.0,2949.7403575002472
t2433,1220.0,120.0,1045.68629514224,0.0,0.0,2203.3680840231914,0.0,1576.3671815800005,0.0,0.0,0.0,0.0,0.0,0.0,0.0,0.0,0.0,6165.421560745432
t2434,0.0,120.0,214.1239730000003,0.0,0.0,5985.710368141587,747.3547212,1530.2946327800007,0.0,0.0,0.0,0.0,0.0,0.0,0.0,0.0,0.0,8597.48369512159
t2435,263.9732766371902,0.0,194.42971499999996,0.0,0.0,6686.326645373926,1014.3960218199999,1394.6663497800007,0.0,0.0,0.0,0.0,0.0,0.0,0.0,0.0,0.0,9553.792008611117
t2436,1220.0,0.0,57.88113199999978,0.0,384.78030563302855,6447.706475310722,1590.0,1103.1285738200006,0.0,0.0,0.0,0.0,0.0,0.0,0.0,0.0,0.0,10803.496486763752
t2437,1220.0,120.0,60.70556399999993,0.0,894.1313203751231,5995.496300347526,1571.1925396200002,654.6860661699989,0.0,0.0,0.0,0.0,0.0,0.0,0.0,0.0,0.0,10516.211790512649
t2438,1220.0,25.964584587264614,0.0,0.0,391.84025816673216,4937.80482301982,959.6636853700003,103.49432178000018,0.0,0.0,0.0,0.0,0.0,0.0,0.0,0.0,0.0,7638.767672923817
t2439,0.0,0.0,0.0,0.0,0.0,3138.5186971483085,312.56475974125544,0.0,0.0,0.0,0.0,0.0,0.0,0.0,0.0,0.0,0.0,3451.083456889564
t2440,0.0,0.0,0.0,0.0,0.0,0.0,0.0,0.0,0.0,0.0,0.0,0.0,0.0,0.0,0.0,0.0,0.0,0.0
t2441,0.0,0.0,0.0,0.0,0.0,0.0,0.0,0.0,0.0,0.0,0.0,0.0,0.0,0.0,0.0,0.0,0.0,0.0
t2442,0.0,0.0,0.0,0.0,0.0,0.0,0.0,0.0,0.0,0.0,0.0,0.0,0.0,0.0,0.0,0.0,0.0,0.0
t2443,0.0,0.0,0.0,0.0,0.0,0.0,0.0,0.0,0.0,0.0,0.0,0.0,0.0,0.0,0.0,0.0,0.0,0.0
t2444,0.0,0.0,0.0,0.0,0.0,0.0,0.0,0.0,0.0,0.0,0.0,0.0,0.0,0.0,0.0,0.0,0.0,0.0
t2445,0.0,0.0,0.0,0.0,0.0,0.0,0.0,0.0,0.0,0.0,0.0,0.0,0.0,0.0,0.0,0.0,0.0,0.0
t2446,0.0,0.0,0.0,0.0,0.0,0.0,0.0,0.0,0.0,0.0,0.0,0.0,0.0,0.0,0.0,0.0,0.0,0.0
t2447,0.0,0.0,0.0,0.0,0.0,0.0,0.0,0.0,0.0,0.0,0.0,0.0,0.0,0.0,0.0,0.0,0.0,0.0
t2448,0.0,0.0,0.0,0.0,0.0,0.0,0.0,0.0,0.0,0.0,0.0,0.0,0.0,0.0,0.0,0.0,0.0,0.0
t2449,0.0,0.0,0.0,0.0,0.0,0.0,0.0,0.0,0.0,0.0,0.0,0.0,0.0,0.0,0.0,0.0,0.0,0.0
t2450,0.0,0.0,0.0,0.0,0.0,0.0,0.0,0.0,0.0,0.0,0.0,0.0,0.0,0.0,0.0,0.0,0.0,0.0
t2451,0.0,0.0,0.0,0.0,0.0,0.0,0.0,0.0,0.0,0.0,0.0,0.0,0.0,0.0,0.0,0.0,0.0,0.0
t2452,0.0,0.0,0.0,0.0,0.0,0.0,0.0,0.0,0.0,0.0,0.0,0.0,0.0,0.0,0.0,0.0,0.0,0.0
t2453,0.0,0.0,0.0,0.0,0.0,0.0,0.0,0.0,0.0,0.0,0.0,0.0,0.0,0.0,0.0,0.0,0.0,0.0
t2454,0.0,0.0,0.0,0.0,0.0,0.0,0.0,0.0,0.0,0.0,0.0,0.0,0.0,0.0,0.0,0.0,0.0,0.0
t2455,0.0,0.0,0.0,0.0,0.0,0.0,0.0,0.0,0.0,0.0,0.0,0.0,0.0,0.0,0.0,0.0,0.0,0.0
t2456,759.1271137887687,25.96458458726457,0.0,0.0,0.0,0.0,552.6750512399998,651.4323645800005,0.0,0.0,0.0,0.0,0.0,0.0,0.0,0.0,0.0,1989.1991141960334
t2457,0.0,120.0,1620.0,0.0,0.0,1216.1918975947651,132.38853014125715,1295.4386327800005,0.0,0.0,0.0,0.0,0.0,0.0,0.0,0.0,0.0,4384.019060516022
t2458,1220.0,120.0,1620.0,0.0,0.0,996.7331107264009,1265.16873966,1548.5218968199995,0.0,0.0,0.0,0.0,0.0,0.0,0.0,0.0,0.0,6770.423747206401
t2459,1220.0,0.0,0.0,0.0,824.3594370747012,6742.051660486579,0.0,1860.870479170001,0.0,0.0,0.0,0.0,0.0,0.0,0.0,0.0,0.0,10647.281576731282
t2460,0.0,0.0,1620.0,0.0,4420.0,4013.264720651881,1590.0,317.86291320304844,0.0,0.0,0.0,0.0,0.0,0.0,0.0,0.0,0.0,11961.12763385493
t2461,1220.0,120.0,0.0,0.0,1806.3039160775315,5464.314247775458,1590.0,1419.0172711700015,0.0,0.0,0.0,0.0,0.0,0.0,0.0,0.0,0.0,11619.63543502299
t2462,0.0,120.0,138.18696519999995,0.0,2992.8163463311616,8650.0,0.0,1128.7809418199995,0.0,0.0,0.0,0.0,0.0,0.0,0.0,0.0,0.0,13029.784253351161
t2463,0.0,0.0,1620.0,0.0,4420.0,4731.511026857834,1573.79842474,0.0,0.0,0.0,0.0,0.0,0.0,0.0,0.0,0.0,0.0,12345.309451597834
t2464,724.8461628484217,0.0,212.33492672807392,0.0,2399.906051841582,4657.547141572408,0.0,0.0,0.0,0.0,0.0,0.0,0.0,0.0,0.0,0.0,0.0,7994.634282990486
t2465,0.0,0.0,0.0,0.0,0.0,0.0,0.0,0.0,0.0,0.0,0.0,0.0,0.0,0.0,0.0,0.0,0.0,0.0
t2466,0.0,0.0,0.0,0.0,0.0,0.0,0.0,0.0,0.0,0.0,0.0,0.0,0.0,0.0,0.0,0.0,0.0,0.0
t2467,0.0,0.0,0.0,0.0,0.0,0.0,0.0,0.0,0.0,0.0,0.0,0.0,0.0,0.0,0.0,0.0,0.0,0.0
t2468,0.0,0.0,0.0,0.0,0.0,0.0,0.0,0.0,0.0,0.0,0.0,0.0,0.0,0.0,0.0,0.0,0.0,0.0
t2469,0.0,0.0,0.0,0.0,0.0,0.0,0.0,0.0,0.0,0.0,0.0,0.0,0.0,0.0,0.0,0.0,0.0,0.0
t2470,0.0,0.0,0.0,0.0,0.0,0.0,0.0,0.0,0.0,0.0,0.0,0.0,0.0,0.0,0.0,0.0,0.0,0.0
t2471,0.0,0.0,0.0,0.0,0.0,0.0,0.0,0.0,0.0,0.0,0.0,0.0,0.0,0.0,0.0,0.0,0.0,0.0
t2472,0.0,0.0,0.0,0.0,0.0,0.0,0.0,0.0,0.0,0.0,0.0,0.0,0.0,0.0,0.0,0.0,0.0,0.0
t2473,0.0,0.0,0.0,0.0,0.0,0.0,0.0,0.0,0.0,0.0,0.0,0.0,0.0,0.0,0.0,0.0,0.0,0.0
t2474,0.0,0.0,0.0,0.0,0.0,0.0,0.0,0.0,0.0,0.0,0.0,0.0,0.0,0.0,0.0,0.0,0.0,0.0
t2475,0.0,0.0,0.0,0.0,0.0,0.0,0.0,0.0,0.0,0.0,0.0,0.0,0.0,0.0,0.0,0.0,0.0,0.0
t2476,0.0,0.0,0.0,0.0,0.0,0.0,0.0,0.0,0.0,0.0,0.0,0.0,0.0,0.0,0.0,0.0,0.0,0.0
t2477,0.0,0.0,0.0,0.0,0.0,0.0,0.0,0.0,0.0,0.0,0.0,0.0,0.0,0.0,0.0,0.0,0.0,0.0
t2478,0.0,0.0,0.0,0.0,0.0,0.0,0.0,0.0,0.0,0.0,0.0,0.0,0.0,0.0,0.0,0.0,0.0,0.0
t2479,0.0,0.0,0.0,0.0,0.0,0.0,0.0,0.0,0.0,0.0,0.0,0.0,0.0,0.0,0.0,0.0,0.0,0.0
t2480,0.0,120.0,6.278511850000057,0.0,0.0,816.2645623123311,850.0087256312568,1522.5726073600001,0.0,0.0,0.0,0.0,0.0,0.0,0.0,0.0,0.0,3315.1244071535884
t2481,1220.0,120.0,1409.819227588073,0.0,0.0,2624.977272660588,1264.79973931,1685.0141311800003,0.0,0.0,0.0,0.0,0.0,0.0,0.0,0.0,0.0,8324.610370738661
t2482,1220.0,120.0,594.2449910000001,0.0,2150.3581060078623,5605.378922944185,0.0,0.0,0.0,0.0,0.0,0.0,0.0,0.0,0.0,0.0,0.0,9689.982019952047
t2483,1220.0,0.0,620.2486495999998,0.0,2101.9299531466745,6235.181865735092,0.0,1950.0,0.0,0.0,0.0,0.0,0.0,0.0,0.0,0.0,0.0,12127.360468481766
t2484,0.0,0.0,700.4318076299999,0.0,2925.574163240882,6320.012769052728,1409.2222808400002,0.0,0.0,0.0,0.0,0.0,0.0,0.0,0.0,0.0,0.0,11355.24102076361
t2485,1220.0,25.964584587264614,830.2946315400001,0.0,3203.4320286643247,5047.986041892036,0.0,1114.3377610030504,0.0,0.0,0.0,0.0,0.0,0.0,0.0,0.0,0.0,11442.015047686677
t2486,0.0,120.0,1620.0,0.0,4289.888746636337,4630.42580390563,1590.0,1950.0,0.0,0.0,0.0,0.0,0.0,0.0,0.0,0.0,0.0,14200.314550541967
t2487,0.0,0.0,670.1992282299999,0.0,2251.910934835098,3590.6159216799606,1590.0,0.0,0.0,0.0,0.0,0.0,0.0,0.0,0.0,0.0,0.0,8102.726084745058
t2488,263.9732766371902,0.0,379.0048444899999,0.0,1713.2682664330675,1600.7706454827687,0.0,0.0,0.0,0.0,0.0,0.0,0.0,0.0,0.0,0.0,0.0,3957.0170330430265
t2489,0.0,0.0,0.0,0.0,0.0,0.0,0.0,0.0,0.0,0.0,0.0,0.0,0.0,0.0,0.0,0.0,0.0,0.0
t2490,0.0,0.0,0.0,0.0,0.0,0.0,0.0,0.0,0.0,0.0,0.0,0.0,0.0,0.0,0.0,0.0,0.0,0.0
t2491,0.0,0.0,0.0,0.0,0.0,0.0,0.0,0.0,0.0,0.0,0.0,0.0,0.0,0.0,0.0,0.0,0.0,0.0
t2492,0.0,0.0,0.0,0.0,0.0,0.0,0.0,0.0,0.0,0.0,0.0,0.0,0.0,0.0,0.0,0.0,0.0,0.0
t2493,0.0,0.0,0.0,0.0,0.0,0.0,0.0,0.0,0.0,0.0,0.0,0.0,0.0,0.0,0.0,0.0,0.0,0.0
t2494,0.0,0.0,0.0,0.0,0.0,0.0,0.0,0.0,0.0,0.0,0.0,0.0,0.0,0.0,0.0,0.0,0.0,0.0
t2495,0.0,0.0,0.0,0.0,0.0,0.0,0.0,0.0,0.0,0.0,0.0,0.0,0.0,0.0,0.0,0.0,0.0,0.0
t2496,0.0,0.0,0.0,0.0,0.0,0.0,0.0,0.0,0.0,0.0,0.0,0.0,0.0,0.0,0.0,0.0,0.0,0.0
t2497,0.0,0.0,0.0,0.0,0.0,0.0,0.0,0.0,0.0,0.0,0.0,0.0,0.0,0.0,0.0,0.0,0.0,0.0
t2498,0.0,0.0,0.0,0.0,0.0,0.0,0.0,0.0,0.0,0.0,0.0,0.0,0.0,0.0,0.0,0.0,0.0,0.0
t2499,0.0,0.0,0.0,0.0,0.0,0.0,0.0,0.0,0.0,0.0,0.0,0.0,0.0,0.0,0.0,0.0,0.0,0.0
t2500,0.0,0.0,0.0,0.0,0.0,0.0,0.0,0.0,0.0,0.0,0.0,0.0,0.0,0.0,0.0,0.0,0.0,0.0
t2501,0.0,0.0,0.0,0.0,0.0,0.0,0.0,0.0,0.0,0.0,0.0,0.0,0.0,0.0,0.0,0.0,0.0,0.0
t2502,0.0,0.0,0.0,0.0,0.0,0.0,0.0,0.0,0.0,0.0,0.0,0.0,0.0,0.0,0.0,0.0,0.0,0.0
t2503,0.0,0.0,0.0,0.0,0.0,0.0,0.0,0.0,0.0,0.0,0.0,0.0,0.0,0.0,0.0,0.0,0.0,0.0
t2504,1220.0,120.0,0.0,0.0,0.0,0.0,936.5000132900001,1211.966215923789,0.0,0.0,0.0,0.0,0.0,0.0,0.0,0.0,0.0,3488.466229213789
t2505,263.9732766371902,120.0,1620.0,0.0,1120.1130315584041,4870.510076645198,1538.2499387500002,915.0792735225613,0.0,0.0,0.0,0.0,0.0,0.0,0.0,0.0,0.0,10447.925597113352
t2506,1220.0,0.0,732.8654979999999,0.0,2283.9893049085745,6016.7958112715305,0.0,1950.0,0.0,0.0,0.0,0.0,0.0,0.0,0.0,0.0,0.0,12203.650614180104
t2507,1220.0,120.0,772.6550086399996,0.0,3351.9703737609775,4598.388373711837,1590.0,1950.0,0.0,0.0,0.0,0.0,0.0,0.0,0.0,0.0,0.0,13603.013756112814
t2508,0.0,0.0,738.9993316399999,0.0,3795.1460548586215,8650.0,0.0,109.64579780972406,0.0,0.0,0.0,0.0,0.0,0.0,0.0,0.0,0.0,13293.791184308346
t2509,1220.0,120.0,760.6506749699998,0.0,3168.356259310795,3625.615838579826,1590.0,1950.0,0.0,0.0,0.0,0.0,0.0,0.0,0.0,0.0,0.0,12434.62277286062
t2510,0.0,0.0,626.0653666000001,0.0,3066.518155854139,5329.465234068401,1049.2807937412563,0.0,0.0,0.0,0.0,0.0,0.0,0.0,0.0,0.0,0.0,10071.329550263796
t2511,0.0,25.964584587264614,1380.711991318074,0.0,1850.269018712736,3380.8384713885325,0.0,135.2332122869763,0.0,0.0,0.0,0.0,0.0,0.0,0.0,0.0,0.0,6773.017278293583
t2512,0.0,0.0,198.57402076000008,0.0,0.0,0.0,0.0,0.0,0.0,0.0,0.0,0.0,0.0,0.0,0.0,0.0,0.0,198.57402076000008
t2513,0.0,0.0,0.0,0.0,0.0,0.0,0.0,0.0,0.0,0.0,0.0,0.0,0.0,0.0,0.0,0.0,0.0,0.0
t2514,0.0,0.0,0.0,0.0,0.0,0.0,0.0,0.0,0.0,0.0,0.0,0.0,0.0,0.0,0.0,0.0,0.0,0.0
t2515,0.0,0.0,0.0,0.0,0.0,0.0,0.0,0.0,0.0,0.0,0.0,0.0,0.0,0.0,0.0,0.0,0.0,0.0
t2516,0.0,0.0,0.0,0.0,0.0,0.0,0.0,0.0,0.0,0.0,0.0,0.0,0.0,0.0,0.0,0.0,0.0,0.0
t2517,0.0,0.0,0.0,0.0,0.0,0.0,0.0,0.0,0.0,0.0,0.0,0.0,0.0,0.0,0.0,0.0,0.0,0.0
t2518,0.0,0.0,0.0,0.0,0.0,0.0,0.0,0.0,0.0,0.0,0.0,0.0,0.0,0.0,0.0,0.0,0.0,0.0
t2519,0.0,0.0,0.0,0.0,0.0,0.0,0.0,0.0,0.0,0.0,0.0,0.0,0.0,0.0,0.0,0.0,0.0,0.0
t2520,0.0,0.0,0.0,0.0,0.0,0.0,0.0,0.0,0.0,0.0,0.0,0.0,0.0,0.0,0.0,0.0,0.0,0.0
t2521,0.0,0.0,0.0,0.0,0.0,0.0,0.0,0.0,0.0,0.0,0.0,0.0,0.0,0.0,0.0,0.0,0.0,0.0
t2522,0.0,0.0,0.0,0.0,0.0,0.0,0.0,0.0,0.0,0.0,0.0,0.0,0.0,0.0,0.0,0.0,0.0,0.0
t2523,0.0,0.0,0.0,0.0,0.0,0.0,0.0,0.0,0.0,0.0,0.0,0.0,0.0,0.0,0.0,0.0,0.0,0.0
t2524,0.0,0.0,0.0,0.0,0.0,0.0,0.0,0.0,0.0,0.0,0.0,0.0,0.0,0.0,0.0,0.0,0.0,0.0
t2525,0.0,0.0,0.0,0.0,0.0,0.0,0.0,0.0,0.0,0.0,0.0,0.0,0.0,0.0,0.0,0.0,0.0,0.0
t2526,0.0,0.0,0.0,0.0,0.0,0.0,0.0,0.0,0.0,0.0,0.0,0.0,0.0,0.0,0.0,0.0,0.0,0.0
t2527,0.0,0.0,0.0,0.0,0.0,0.0,0.0,0.0,0.0,0.0,0.0,0.0,0.0,0.0,0.0,0.0,0.0,0.0
t2528,0.0,0.0,0.0,0.0,0.0,0.0,0.0,0.0,0.0,0.0,0.0,0.0,0.0,0.0,0.0,0.0,0.0,0.0
t2529,434.7351197771909,120.0,0.0,0.0,0.0,1175.1447588987794,678.3540054799997,1759.6372473600009,0.0,0.0,0.0,0.0,0.0,0.0,0.0,0.0,0.0,4167.871131515971
t2530,1220.0,120.0,0.0,0.0,0.0,3467.0291098517155,492.40675676000035,0.0,0.0,0.0,0.0,0.0,0.0,0.0,0.0,0.0,0.0,5299.435866611716
t2531,1220.0,0.0,0.0,0.0,0.0,1116.444393754112,1273.62624022,1738.9555561800003,0.0,0.0,0.0,0.0,0.0,0.0,0.0,0.0,0.0,5349.026190154113
t2532,0.0,120.0,0.0,0.0,0.0,4307.537316019519,1177.430507041256,1469.1983168684244,0.0,0.0,0.0,0.0,0.0,0.0,0.0,0.0,0.0,7074.1661399292
t2533,0.0,0.0,0.0,0.0,724.0187074279804,3123.861738003176,1288.99095662,965.1100103600007,0.0,0.0,0.0,0.0,0.0,0.0,0.0,0.0,0.0,6101.981412411157
t2534,1049.2381568599994,120.0,0.0,0.0,0.0,2781.2372350543706,741.30568308,0.0,0.0,0.0,0.0,0.0,0.0,0.0,0.0,0.0,0.0,4691.78107499437
t2535,1220.0,25.964584587264614,0.0,0.0,0.0,2532.2228857144037,1051.9165965800003,857.4481827800005,0.0,0.0,0.0,0.0,0.0,0.0,0.0,0.0,0.0,5687.552249661669
t2536,0.0,0.0,0.0,0.0,0.0,0.0,0.0,0.0,0.0,0.0,0.0,0.0,0.0,0.0,0.0,0.0,0.0,0.0
t2537,0.0,0.0,0.0,0.0,0.0,0.0,0.0,0.0,0.0,0.0,0.0,0.0,0.0,0.0,0.0,0.0,0.0,0.0
t2538,0.0,0.0,0.0,0.0,0.0,0.0,0.0,0.0,0.0,0.0,0.0,0.0,0.0,0.0,0.0,0.0,0.0,0.0
t2539,0.0,0.0,0.0,0.0,0.0,0.0,0.0,0.0,0.0,0.0,0.0,0.0,0.0,0.0,0.0,0.0,0.0,0.0
t2540,0.0,0.0,0.0,0.0,0.0,0.0,0.0,0.0,0.0,0.0,0.0,0.0,0.0,0.0,0.0,0.0,0.0,0.0
t2541,0.0,0.0,0.0,0.0,0.0,0.0,0.0,0.0,0.0,0.0,0.0,0.0,0.0,0.0,0.0,0.0,0.0,0.0
t2542,0.0,0.0,0.0,0.0,0.0,0.0,0.0,0.0,0.0,0.0,0.0,0.0,0.0,0.0,0.0,0.0,0.0,0.0
t2543,0.0,0.0,0.0,0.0,0.0,0.0,0.0,0.0,0.0,0.0,0.0,0.0,0.0,0.0,0.0,0.0,0.0,0.0
t2544,0.0,0.0,0.0,0.0,0.0,0.0,0.0,0.0,0.0,0.0,0.0,0.0,0.0,0.0,0.0,0.0,0.0,0.0
t2545,0.0,0.0,0.0,0.0,0.0,0.0,0.0,0.0,0.0,0.0,0.0,0.0,0.0,0.0,0.0,0.0,0.0,0.0
t2546,0.0,0.0,0.0,0.0,0.0,0.0,0.0,0.0,0.0,0.0,0.0,0.0,0.0,0.0,0.0,0.0,0.0,0.0
t2547,0.0,0.0,0.0,0.0,0.0,0.0,0.0,0.0,0.0,0.0,0.0,0.0,0.0,0.0,0.0,0.0,0.0,0.0
t2548,0.0,0.0,0.0,0.0,0.0,0.0,0.0,0.0,0.0,0.0,0.0,0.0,0.0,0.0,0.0,0.0,0.0,0.0
t2549,0.0,0.0,0.0,0.0,0.0,0.0,0.0,0.0,0.0,0.0,0.0,0.0,0.0,0.0,0.0,0.0,0.0,0.0
t2550,0.0,0.0,0.0,0.0,0.0,0.0,0.0,0.0,0.0,0.0,0.0,0.0,0.0,0.0,0.0,0.0,0.0,0.0
t2551,0.0,0.0,0.0,0.0,0.0,0.0,0.0,0.0,0.0,0.0,0.0,0.0,0.0,0.0,0.0,0.0,0.0,0.0
t2552,0.0,0.0,0.0,0.0,0.0,0.0,0.0,0.0,0.0,0.0,0.0,0.0,0.0,0.0,0.0,0.0,0.0,0.0
t2553,1220.0,120.0,0.0,0.0,0.0,420.768667250081,977.0419239199997,0.0,0.0,0.0,0.0,0.0,0.0,0.0,0.0,0.0,0.0,2737.810591170081
t2554,1220.0,120.0,200.01312806000027,0.0,0.0,3302.4204753735626,685.1354979412564,1141.117628899729,0.0,0.0,0.0,0.0,0.0,0.0,0.0,0.0,0.0,6668.686730274549
t2555,1220.0,0.0,78.55247999000004,0.0,0.0,5256.923515200425,1363.27247244,1950.0,0.0,0.0,0.0,0.0,0.0,0.0,0.0,0.0,0.0,9868.748467630425
t2556,752.5450172771899,0.0,0.0,0.0,647.2320142130312,5069.0692899335045,1325.4249474500004,0.0,0.0,0.0,0.0,0.0,0.0,0.0,0.0,0.0,0.0,7794.271268873726
t2557,0.0,25.964584587264586,0.0,0.0,1232.2371447879132,3863.09024854734,1269.41993147,1950.0,0.0,0.0,0.0,0.0,0.0,0.0,0.0,0.0,0.0,8340.711909392518
t2558,731.4282593600001,120.0,0.0,0.0,242.03636395018023,5972.643934477726,0.0,0.0,0.0,0.0,0.0,0.0,0.0,0.0,0.0,0.0,0.0,7066.108557787907
t2559,0.0,120.0,0.0,0.0,420.43234591793424,2715.4916996587795,1083.73597256,0.0,0.0,0.0,0.0,0.0,0.0,0.0,0.0,0.0,0.0,4339.660018136714
t2560,0.0,0.0,0.0,0.0,0.0,0.0,0.0,0.0,0.0,0.0,0.0,0.0,0.0,0.0,0.0,0.0,0.0,0.0
t2561,0.0,0.0,0.0,0.0,0.0,0.0,0.0,0.0,0.0,0.0,0.0,0.0,0.0,0.0,0.0,0.0,0.0,0.0
t2562,0.0,0.0,0.0,0.0,0.0,0.0,0.0,0.0,0.0,0.0,0.0,0.0,0.0,0.0,0.0,0.0,0.0,0.0
t2563,0.0,0.0,0.0,0.0,0.0,0.0,0.0,0.0,0.0,0.0,0.0,0.0,0.0,0.0,0.0,0.0,0.0,0.0
t2564,0.0,0.0,0.0,0.0,0.0,0.0,0.0,0.0,0.0,0.0,0.0,0.0,0.0,0.0,0.0,0.0,0.0,0.0
t2565,0.0,0.0,0.0,0.0,0.0,0.0,0.0,0.0,0.0,0.0,0.0,0.0,0.0,0.0,0.0,0.0,0.0,0.0
t2566,0.0,0.0,0.0,0.0,0.0,0.0,0.0,0.0,0.0,0.0,0.0,0.0,0.0,0.0,0.0,0.0,0.0,0.0
t2567,0.0,0.0,0.0,0.0,0.0,0.0,0.0,0.0,0.0,0.0,0.0,0.0,0.0,0.0,0.0,0.0,0.0,0.0
t2568,0.0,0.0,0.0,0.0,0.0,0.0,0.0,0.0,0.0,0.0,0.0,0.0,0.0,0.0,0.0,0.0,0.0,0.0
t2569,0.0,0.0,0.0,0.0,0.0,0.0,0.0,0.0,0.0,0.0,0.0,0.0,0.0,0.0,0.0,0.0,0.0,0.0
t2570,0.0,0.0,0.0,0.0,0.0,0.0,0.0,0.0,0.0,0.0,0.0,0.0,0.0,0.0,0.0,0.0,0.0,0.0
t2571,0.0,0.0,0.0,0.0,0.0,0.0,0.0,0.0,0.0,0.0,0.0,0.0,0.0,0.0,0.0,0.0,0.0,0.0
t2572,0.0,0.0,0.0,0.0,0.0,0.0,0.0,0.0,0.0,0.0,0.0,0.0,0.0,0.0,0.0,0.0,0.0,0.0
t2573,0.0,0.0,0.0,0.0,0.0,0.0,0.0,0.0,0.0,0.0,0.0,0.0,0.0,0.0,0.0,0.0,0.0,0.0
t2574,0.0,0.0,0.0,0.0,0.0,0.0,0.0,0.0,0.0,0.0,0.0,0.0,0.0,0.0,0.0,0.0,0.0,0.0
t2575,0.0,0.0,0.0,0.0,0.0,0.0,0.0,0.0,0.0,0.0,0.0,0.0,0.0,0.0,0.0,0.0,0.0,0.0
t2576,1220.0,120.0,0.0,0.0,0.0,0.0,324.95034254000024,513.0694184192275,0.0,0.0,0.0,0.0,0.0,0.0,0.0,0.0,0.0,2178.019760959228
t2577,263.9732766371902,120.0,0.0,0.0,0.0,2774.518665182688,664.4633724800002,1950.0,0.0,0.0,0.0,0.0,0.0,0.0,0.0,0.0,0.0,5772.955314299878
t2578,0.0,120.0,0.0,0.0,0.0,4641.006517762559,826.4790764399999,1950.0,0.0,0.0,0.0,0.0,0.0,0.0,0.0,0.0,0.0,7537.485594202559
t2579,1220.0,120.0,0.0,0.0,0.0,1205.5895883237868,1235.19941888,1950.0,0.0,0.0,0.0,0.0,0.0,0.0,0.0,0.0,0.0,5730.789007203786
t2580,1220.0,0.0,0.0,0.0,0.0,5554.982912957772,1471.187145282419,0.0,0.0,0.0,0.0,0.0,0.0,0.0,0.0,0.0,0.0,8246.17005824019
t2581,1220.0,25.964584587264614,0.0,0.0,0.0,5587.150427546573,1590.0,0.0,0.0,0.0,0.0,0.0,0.0,0.0,0.0,0.0,0.0,8423.115012133838
t2582,0.0,0.0,0.0,0.0,0.0,0.0,591.7513901588374,0.0,0.0,0.0,0.0,0.0,0.0,0.0,0.0,0.0,0.0,591.7513901588374
t2583,0.0,0.0,0.0,0.0,0.0,0.0,0.0,0.0,0.0,0.0,0.0,0.0,0.0,0.0,0.0,0.0,0.0,0.0
t2584,0.0,0.0,0.0,0.0,0.0,0.0,0.0,0.0,0.0,0.0,0.0,0.0,0.0,0.0,0.0,0.0,0.0,0.0
t2585,0.0,0.0,0.0,0.0,0.0,0.0,0.0,0.0,0.0,0.0,0.0,0.0,0.0,0.0,0.0,0.0,0.0,0.0
t2586,0.0,0.0,0.0,0.0,0.0,0.0,0.0,0.0,0.0,0.0,0.0,0.0,0.0,0.0,0.0,0.0,0.0,0.0
t2587,0.0,0.0,0.0,0.0,0.0,0.0,0.0,0.0,0.0,0.0,0.0,0.0,0.0,0.0,0.0,0.0,0.0,0.0
t2588,0.0,0.0,0.0,0.0,0.0,0.0,0.0,0.0,0.0,0.0,0.0,0.0,0.0,0.0,0.0,0.0,0.0,0.0
t2589,0.0,0.0,0.0,0.0,0.0,0.0,0.0,0.0,0.0,0.0,0.0,0.0,0.0,0.0,0.0,0.0,0.0,0.0
t2590,0.0,0.0,0.0,0.0,0.0,0.0,0.0,0.0,0.0,0.0,0.0,0.0,0.0,0.0,0.0,0.0,0.0,0.0
t2591,0.0,0.0,0.0,0.0,0.0,0.0,0.0,0.0,0.0,0.0,0.0,0.0,0.0,0.0,0.0,0.0,0.0,0.0
t2592,0.0,0.0,0.0,0.0,0.0,0.0,0.0,0.0,0.0,0.0,0.0,0.0,0.0,0.0,0.0,0.0,0.0,0.0
t2593,0.0,0.0,0.0,0.0,0.0,0.0,0.0,0.0,0.0,0.0,0.0,0.0,0.0,0.0,0.0,0.0,0.0,0.0
t2594,0.0,0.0,0.0,0.0,0.0,0.0,0.0,0.0,0.0,0.0,0.0,0.0,0.0,0.0,0.0,0.0,0.0,0.0
t2595,0.0,0.0,0.0,0.0,0.0,0.0,0.0,0.0,0.0,0.0,0.0,0.0,0.0,0.0,0.0,0.0,0.0,0.0
t2596,0.0,0.0,0.0,0.0,0.0,0.0,0.0,0.0,0.0,0.0,0.0,0.0,0.0,0.0,0.0,0.0,0.0,0.0
t2597,0.0,0.0,0.0,0.0,0.0,0.0,0.0,0.0,0.0,0.0,0.0,0.0,0.0,0.0,0.0,0.0,0.0,0.0
t2598,0.0,0.0,0.0,0.0,0.0,0.0,0.0,0.0,0.0,0.0,0.0,0.0,0.0,0.0,0.0,0.0,0.0,0.0
t2599,0.0,0.0,0.0,0.0,0.0,0.0,0.0,0.0,0.0,0.0,0.0,0.0,0.0,0.0,0.0,0.0,0.0,0.0
t2600,0.0,120.0,0.0,0.0,0.0,1076.6824123002461,508.85901803000013,1244.1989271700008,0.0,0.0,0.0,0.0,0.0,0.0,0.0,0.0,0.0,2949.7403575002472
t2601,1220.0,120.0,1045.68629514224,0.0,0.0,2203.3680840231914,0.0,1576.3671815800005,0.0,0.0,0.0,0.0,0.0,0.0,0.0,0.0,0.0,6165.421560745432
t2602,0.0,120.0,214.1239730000003,0.0,0.0,5985.710368141587,747.3547212,1530.2946327800007,0.0,0.0,0.0,0.0,0.0,0.0,0.0,0.0,0.0,8597.48369512159
t2603,263.9732766371902,0.0,194.42971499999996,0.0,0.0,6686.326645373926,1014.3960218199999,1394.6663497800007,0.0,0.0,0.0,0.0,0.0,0.0,0.0,0.0,0.0,9553.792008611117
t2604,1220.0,0.0,57.88113199999978,0.0,384.78030563302855,6447.706475310722,1590.0,1103.1285738200006,0.0,0.0,0.0,0.0,0.0,0.0,0.0,0.0,0.0,10803.496486763752
t2605,1220.0,120.0,60.70556399999993,0.0,894.1313203751231,5995.496300347526,1571.1925396200002,654.6860661699989,0.0,0.0,0.0,0.0,0.0,0.0,0.0,0.0,0.0,10516.211790512649
t2606,1220.0,25.964584587264614,0.0,0.0,391.84025816673216,4937.80482301982,959.6636853700003,103.49432178000018,0.0,0.0,0.0,0.0,0.0,0.0,0.0,0.0,0.0,7638.767672923817
t2607,0.0,0.0,0.0,0.0,0.0,3138.5186971483085,312.56475974125544,0.0,0.0,0.0,0.0,0.0,0.0,0.0,0.0,0.0,0.0,3451.083456889564
t2608,0.0,0.0,0.0,0.0,0.0,0.0,0.0,0.0,0.0,0.0,0.0,0.0,0.0,0.0,0.0,0.0,0.0,0.0
t2609,0.0,0.0,0.0,0.0,0.0,0.0,0.0,0.0,0.0,0.0,0.0,0.0,0.0,0.0,0.0,0.0,0.0,0.0
t2610,0.0,0.0,0.0,0.0,0.0,0.0,0.0,0.0,0.0,0.0,0.0,0.0,0.0,0.0,0.0,0.0,0.0,0.0
t2611,0.0,0.0,0.0,0.0,0.0,0.0,0.0,0.0,0.0,0.0,0.0,0.0,0.0,0.0,0.0,0.0,0.0,0.0
t2612,0.0,0.0,0.0,0.0,0.0,0.0,0.0,0.0,0.0,0.0,0.0,0.0,0.0,0.0,0.0,0.0,0.0,0.0
t2613,0.0,0.0,0.0,0.0,0.0,0.0,0.0,0.0,0.0,0.0,0.0,0.0,0.0,0.0,0.0,0.0,0.0,0.0
t2614,0.0,0.0,0.0,0.0,0.0,0.0,0.0,0.0,0.0,0.0,0.0,0.0,0.0,0.0,0.0,0.0,0.0,0.0
t2615,0.0,0.0,0.0,0.0,0.0,0.0,0.0,0.0,0.0,0.0,0.0,0.0,0.0,0.0,0.0,0.0,0.0,0.0
t2616,0.0,0.0,0.0,0.0,0.0,0.0,0.0,0.0,0.0,0.0,0.0,0.0,0.0,0.0,0.0,0.0,0.0,0.0
t2617,0.0,0.0,0.0,0.0,0.0,0.0,0.0,0.0,0.0,0.0,0.0,0.0,0.0,0.0,0.0,0.0,0.0,0.0
t2618,0.0,0.0,0.0,0.0,0.0,0.0,0.0,0.0,0.0,0.0,0.0,0.0,0.0,0.0,0.0,0.0,0.0,0.0
t2619,0.0,0.0,0.0,0.0,0.0,0.0,0.0,0.0,0.0,0.0,0.0,0.0,0.0,0.0,0.0,0.0,0.0,0.0
t2620,0.0,0.0,0.0,0.0,0.0,0.0,0.0,0.0,0.0,0.0,0.0,0.0,0.0,0.0,0.0,0.0,0.0,0.0
t2621,0.0,0.0,0.0,0.0,0.0,0.0,0.0,0.0,0.0,0.0,0.0,0.0,0.0,0.0,0.0,0.0,0.0,0.0
t2622,0.0,0.0,0.0,0.0,0.0,0.0,0.0,0.0,0.0,0.0,0.0,0.0,0.0,0.0,0.0,0.0,0.0,0.0
t2623,0.0,0.0,0.0,0.0,0.0,0.0,0.0,0.0,0.0,0.0,0.0,0.0,0.0,0.0,0.0,0.0,0.0,0.0
t2624,759.1271137887687,25.96458458726457,0.0,0.0,0.0,0.0,552.6750512399998,651.4323645800005,0.0,0.0,0.0,0.0,0.0,0.0,0.0,0.0,0.0,1989.1991141960334
t2625,0.0,120.0,1620.0,0.0,0.0,1216.1918975947651,132.38853014125715,1295.4386327800005,0.0,0.0,0.0,0.0,0.0,0.0,0.0,0.0,0.0,4384.019060516022
t2626,1220.0,120.0,1620.0,0.0,0.0,996.7331107264009,1265.16873966,1548.5218968199995,0.0,0.0,0.0,0.0,0.0,0.0,0.0,0.0,0.0,6770.423747206401
t2627,1220.0,0.0,0.0,0.0,824.3594370747012,6742.051660486579,0.0,1860.870479170001,0.0,0.0,0.0,0.0,0.0,0.0,0.0,0.0,0.0,10647.281576731282
t2628,0.0,0.0,1620.0,0.0,4420.0,4013.264720651881,1590.0,317.86291320304844,0.0,0.0,0.0,0.0,0.0,0.0,0.0,0.0,0.0,11961.12763385493
t2629,1220.0,120.0,0.0,0.0,1806.3039160775315,5464.314247775458,1590.0,1419.0172711700015,0.0,0.0,0.0,0.0,0.0,0.0,0.0,0.0,0.0,11619.63543502299
t2630,0.0,120.0,138.18696519999995,0.0,2992.8163463311616,8650.0,0.0,1128.7809418199995,0.0,0.0,0.0,0.0,0.0,0.0,0.0,0.0,0.0,13029.784253351161
t2631,0.0,0.0,1620.0,0.0,4420.0,4731.511026857834,1573.79842474,0.0,0.0,0.0,0.0,0.0,0.0,0.0,0.0,0.0,0.0,12345.309451597834
t2632,724.8461628484217,0.0,212.33492672807392,0.0,2399.906051841582,4657.547141572408,0.0,0.0,0.0,0.0,0.0,0.0,0.0,0.0,0.0,0.0,0.0,7994.634282990486
t2633,0.0,0.0,0.0,0.0,0.0,0.0,0.0,0.0,0.0,0.0,0.0,0.0,0.0,0.0,0.0,0.0,0.0,0.0
t2634,0.0,0.0,0.0,0.0,0.0,0.0,0.0,0.0,0.0,0.0,0.0,0.0,0.0,0.0,0.0,0.0,0.0,0.0
t2635,0.0,0.0,0.0,0.0,0.0,0.0,0.0,0.0,0.0,0.0,0.0,0.0,0.0,0.0,0.0,0.0,0.0,0.0
t2636,0.0,0.0,0.0,0.0,0.0,0.0,0.0,0.0,0.0,0.0,0.0,0.0,0.0,0.0,0.0,0.0,0.0,0.0
t2637,0.0,0.0,0.0,0.0,0.0,0.0,0.0,0.0,0.0,0.0,0.0,0.0,0.0,0.0,0.0,0.0,0.0,0.0
t2638,0.0,0.0,0.0,0.0,0.0,0.0,0.0,0.0,0.0,0.0,0.0,0.0,0.0,0.0,0.0,0.0,0.0,0.0
t2639,0.0,0.0,0.0,0.0,0.0,0.0,0.0,0.0,0.0,0.0,0.0,0.0,0.0,0.0,0.0,0.0,0.0,0.0
t2640,0.0,0.0,0.0,0.0,0.0,0.0,0.0,0.0,0.0,0.0,0.0,0.0,0.0,0.0,0.0,0.0,0.0,0.0
t2641,0.0,0.0,0.0,0.0,0.0,0.0,0.0,0.0,0.0,0.0,0.0,0.0,0.0,0.0,0.0,0.0,0.0,0.0
t2642,0.0,0.0,0.0,0.0,0.0,0.0,0.0,0.0,0.0,0.0,0.0,0.0,0.0,0.0,0.0,0.0,0.0,0.0
t2643,0.0,0.0,0.0,0.0,0.0,0.0,0.0,0.0,0.0,0.0,0.0,0.0,0.0,0.0,0.0,0.0,0.0,0.0
t2644,0.0,0.0,0.0,0.0,0.0,0.0,0.0,0.0,0.0,0.0,0.0,0.0,0.0,0.0,0.0,0.0,0.0,0.0
t2645,0.0,0.0,0.0,0.0,0.0,0.0,0.0,0.0,0.0,0.0,0.0,0.0,0.0,0.0,0.0,0.0,0.0,0.0
t2646,0.0,0.0,0.0,0.0,0.0,0.0,0.0,0.0,0.0,0.0,0.0,0.0,0.0,0.0,0.0,0.0,0.0,0.0
t2647,0.0,0.0,0.0,0.0,0.0,0.0,0.0,0.0,0.0,0.0,0.0,0.0,0.0,0.0,0.0,0.0,0.0,0.0
t2648,0.0,120.0,6.278511850000057,0.0,0.0,816.2645623123311,850.0087256312568,1522.5726073600001,0.0,0.0,0.0,0.0,0.0,0.0,0.0,0.0,0.0,3315.1244071535884
t2649,1220.0,120.0,1409.819227588073,0.0,0.0,2624.977272660588,1264.79973931,1685.0141311800003,0.0,0.0,0.0,0.0,0.0,0.0,0.0,0.0,0.0,8324.610370738661
t2650,1220.0,120.0,594.2449910000001,0.0,2150.3581060078623,5605.378922944185,0.0,0.0,0.0,0.0,0.0,0.0,0.0,0.0,0.0,0.0,0.0,9689.982019952047
t2651,1220.0,0.0,620.2486495999998,0.0,2101.9299531466745,6235.181865735092,0.0,1950.0,0.0,0.0,0.0,0.0,0.0,0.0,0.0,0.0,0.0,12127.360468481766
t2652,0.0,0.0,700.4318076299999,0.0,2925.574163240882,6320.012769052728,1409.2222808400002,0.0,0.0,0.0,0.0,0.0,0.0,0.0,0.0,0.0,0.0,11355.24102076361
t2653,1220.0,25.964584587264614,830.2946315400001,0.0,3203.4320286643247,5047.986041892036,0.0,1114.3377610030504,0.0,0.0,0.0,0.0,0.0,0.0,0.0,0.0,0.0,11442.015047686677
t2654,0.0,120.0,1620.0,0.0,4289.888746636337,4630.42580390563,1590.0,1950.0,0.0,0.0,0.0,0.0,0.0,0.0,0.0,0.0,0.0,14200.314550541967
t2655,0.0,0.0,670.1992282299999,0.0,2251.910934835098,3590.6159216799606,1590.0,0.0,0.0,0.0,0.0,0.0,0.0,0.0,0.0,0.0,0.0,8102.726084745058
t2656,263.9732766371902,0.0,379.0048444899999,0.0,1713.2682664330675,1600.7706454827687,0.0,0.0,0.0,0.0,0.0,0.0,0.0,0.0,0.0,0.0,0.0,3957.0170330430265
t2657,0.0,0.0,0.0,0.0,0.0,0.0,0.0,0.0,0.0,0.0,0.0,0.0,0.0,0.0,0.0,0.0,0.0,0.0
t2658,0.0,0.0,0.0,0.0,0.0,0.0,0.0,0.0,0.0,0.0,0.0,0.0,0.0,0.0,0.0,0.0,0.0,0.0
t2659,0.0,0.0,0.0,0.0,0.0,0.0,0.0,0.0,0.0,0.0,0.0,0.0,0.0,0.0,0.0,0.0,0.0,0.0
t2660,0.0,0.0,0.0,0.0,0.0,0.0,0.0,0.0,0.0,0.0,0.0,0.0,0.0,0.0,0.0,0.0,0.0,0.0
t2661,0.0,0.0,0.0,0.0,0.0,0.0,0.0,0.0,0.0,0.0,0.0,0.0,0.0,0.0,0.0,0.0,0.0,0.0
t2662,0.0,0.0,0.0,0.0,0.0,0.0,0.0,0.0,0.0,0.0,0.0,0.0,0.0,0.0,0.0,0.0,0.0,0.0
t2663,0.0,0.0,0.0,0.0,0.0,0.0,0.0,0.0,0.0,0.0,0.0,0.0,0.0,0.0,0.0,0.0,0.0,0.0
t2664,0.0,0.0,0.0,0.0,0.0,0.0,0.0,0.0,0.0,0.0,0.0,0.0,0.0,0.0,0.0,0.0,0.0,0.0
t2665,0.0,0.0,0.0,0.0,0.0,0.0,0.0,0.0,0.0,0.0,0.0,0.0,0.0,0.0,0.0,0.0,0.0,0.0
t2666,0.0,0.0,0.0,0.0,0.0,0.0,0.0,0.0,0.0,0.0,0.0,0.0,0.0,0.0,0.0,0.0,0.0,0.0
t2667,0.0,0.0,0.0,0.0,0.0,0.0,0.0,0.0,0.0,0.0,0.0,0.0,0.0,0.0,0.0,0.0,0.0,0.0
t2668,0.0,0.0,0.0,0.0,0.0,0.0,0.0,0.0,0.0,0.0,0.0,0.0,0.0,0.0,0.0,0.0,0.0,0.0
t2669,0.0,0.0,0.0,0.0,0.0,0.0,0.0,0.0,0.0,0.0,0.0,0.0,0.0,0.0,0.0,0.0,0.0,0.0
t2670,0.0,0.0,0.0,0.0,0.0,0.0,0.0,0.0,0.0,0.0,0.0,0.0,0.0,0.0,0.0,0.0,0.0,0.0
t2671,0.0,0.0,0.0,0.0,0.0,0.0,0.0,0.0,0.0,0.0,0.0,0.0,0.0,0.0,0.0,0.0,0.0,0.0
t2672,1220.0,120.0,0.0,0.0,0.0,0.0,936.5000132900001,1211.966215923789,0.0,0.0,0.0,0.0,0.0,0.0,0.0,0.0,0.0,3488.466229213789
t2673,263.9732766371902,120.0,1620.0,0.0,1120.1130315584041,4870.510076645198,1538.2499387500002,915.0792735225613,0.0,0.0,0.0,0.0,0.0,0.0,0.0,0.0,0.0,10447.925597113352
t2674,1220.0,0.0,732.8654979999999,0.0,2283.9893049085745,6016.7958112715305,0.0,1950.0,0.0,0.0,0.0,0.0,0.0,0.0,0.0,0.0,0.0,12203.650614180104
t2675,1220.0,120.0,772.6550086399996,0.0,3351.9703737609775,4598.388373711837,1590.0,1950.0,0.0,0.0,0.0,0.0,0.0,0.0,0.0,0.0,0.0,13603.013756112814
t2676,0.0,0.0,738.9993316399999,0.0,3795.1460548586215,8650.0,0.0,109.64579780972406,0.0,0.0,0.0,0.0,0.0,0.0,0.0,0.0,0.0,13293.791184308346
t2677,1220.0,120.0,760.6506749699998,0.0,3168.356259310795,3625.615838579826,1590.0,1950.0,0.0,0.0,0.0,0.0,0.0,0.0,0.0,0.0,0.0,12434.62277286062
t2678,0.0,0.0,626.0653666000001,0.0,3066.518155854139,5329.465234068401,1049.2807937412563,0.0,0.0,0.0,0.0,0.0,0.0,0.0,0.0,0.0,0.0,10071.329550263796
t2679,0.0,25.964584587264614,1380.711991318074,0.0,1850.269018712736,3380.8384713885325,0.0,135.2332122869763,0.0,0.0,0.0,0.0,0.0,0.0,0.0,0.0,0.0,6773.017278293583
t2680,0.0,0.0,198.57402076000008,0.0,0.0,0.0,0.0,0.0,0.0,0.0,0.0,0.0,0.0,0.0,0.0,0.0,0.0,198.57402076000008
t2681,0.0,0.0,0.0,0.0,0.0,0.0,0.0,0.0,0.0,0.0,0.0,0.0,0.0,0.0,0.0,0.0,0.0,0.0
t2682,0.0,0.0,0.0,0.0,0.0,0.0,0.0,0.0,0.0,0.0,0.0,0.0,0.0,0.0,0.0,0.0,0.0,0.0
t2683,0.0,0.0,0.0,0.0,0.0,0.0,0.0,0.0,0.0,0.0,0.0,0.0,0.0,0.0,0.0,0.0,0.0,0.0
t2684,0.0,0.0,0.0,0.0,0.0,0.0,0.0,0.0,0.0,0.0,0.0,0.0,0.0,0.0,0.0,0.0,0.0,0.0
t2685,0.0,0.0,0.0,0.0,0.0,0.0,0.0,0.0,0.0,0.0,0.0,0.0,0.0,0.0,0.0,0.0,0.0,0.0
t2686,0.0,0.0,0.0,0.0,0.0,0.0,0.0,0.0,0.0,0.0,0.0,0.0,0.0,0.0,0.0,0.0,0.0,0.0
t2687,0.0,0.0,0.0,0.0,0.0,0.0,0.0,0.0,0.0,0.0,0.0,0.0,0.0,0.0,0.0,0.0,0.0,0.0
t2688,0.0,0.0,0.0,0.0,0.0,0.0,0.0,0.0,0.0,0.0,0.0,0.0,0.0,0.0,0.0,0.0,0.0,0.0
t2689,0.0,0.0,0.0,0.0,0.0,0.0,0.0,0.0,0.0,0.0,0.0,0.0,0.0,0.0,0.0,0.0,0.0,0.0
t2690,0.0,0.0,0.0,0.0,0.0,0.0,0.0,0.0,0.0,0.0,0.0,0.0,0.0,0.0,0.0,0.0,0.0,0.0
t2691,0.0,0.0,0.0,0.0,0.0,0.0,0.0,0.0,0.0,0.0,0.0,0.0,0.0,0.0,0.0,0.0,0.0,0.0
t2692,0.0,0.0,0.0,0.0,0.0,0.0,0.0,0.0,0.0,0.0,0.0,0.0,0.0,0.0,0.0,0.0,0.0,0.0
t2693,0.0,0.0,0.0,0.0,0.0,0.0,0.0,0.0,0.0,0.0,0.0,0.0,0.0,0.0,0.0,0.0,0.0,0.0
t2694,0.0,0.0,0.0,0.0,0.0,0.0,0.0,0.0,0.0,0.0,0.0,0.0,0.0,0.0,0.0,0.0,0.0,0.0
t2695,0.0,0.0,0.0,0.0,0.0,0.0,0.0,0.0,0.0,0.0,0.0,0.0,0.0,0.0,0.0,0.0,0.0,0.0
t2696,0.0,0.0,0.0,0.0,0.0,0.0,0.0,0.0,0.0,0.0,0.0,0.0,0.0,0.0,0.0,0.0,0.0,0.0
t2697,0.0,120.0,106.49426798999994,0.0,796.2942772473331,2889.5410113866446,861.6247189198403,0.0,0.0,0.0,0.0,0.0,0.0,0.0,0.0,0.0,0.0,4773.954275543818
t2698,0.0,0.0,212.14143314000012,0.0,2243.1248695140994,2871.3524488615435,1477.92912352,1375.6245565568222,0.0,0.0,0.0,0.0,0.0,0.0,0.0,0.0,0.0,8180.172431592466
t2699,1220.0,120.0,193.43662579999986,0.0,411.05389871729017,7213.534885486027,0.0,0.0,0.0,0.0,0.0,0.0,0.0,0.0,0.0,0.0,0.0,9158.025410003316
t2700,1220.0,120.0,152.19560500000006,0.0,561.8054383294948,4652.78777790936,1590.0,1840.468531780001,0.0,0.0,0.0,0.0,0.0,0.0,0.0,0.0,0.0,10137.257353018855
t2701,1220.0,119.9127597700001,191.03548619999998,0.0,475.4914676849482,6273.006899930332,0.0,0.0,0.0,0.0,0.0,0.0,0.0,0.0,0.0,0.0,0.0,8279.44661358528
t2702,840.5856366199995,0.0,149.39182539999985,0.0,1621.199823772064,0.0,1489.744017288101,0.0,0.0,0.0,0.0,0.0,0.0,0.0,0.0,0.0,0.0,4100.921303080164
t2703,643.3876400171905,0.0,28.6557759999998,0.0,0.0,857.929064501967,1284.7328860533144,0.0,0.0,0.0,0.0,0.0,0.0,0.0,0.0,0.0,0.0,2814.7053665724716
t2704,0.0,0.0,0.0,0.0,0.0,0.0,0.0,0.0,0.0,0.0,0.0,0.0,0.0,0.0,0.0,0.0,0.0,0.0
t2705,0.0,0.0,0.0,0.0,0.0,0.0,0.0,0.0,0.0,0.0,0.0,0.0,0.0,0.0,0.0,0.0,0.0,0.0
t2706,0.0,0.0,0.0,0.0,0.0,0.0,0.0,0.0,0.0,0.0,0.0,0.0,0.0,0.0,0.0,0.0,0.0,0.0
t2707,0.0,0.0,0.0,0.0,0.0,0.0,0.0,0.0,0.0,0.0,0.0,0.0,0.0,0.0,0.0,0.0,0.0,0.0
t2708,0.0,0.0,0.0,0.0,0.0,0.0,0.0,0.0,0.0,0.0,0.0,0.0,0.0,0.0,0.0,0.0,0.0,0.0
t2709,0.0,0.0,0.0,0.0,0.0,0.0,0.0,0.0,0.0,0.0,0.0,0.0,0.0,0.0,0.0,0.0,0.0,0.0
t2710,0.0,0.0,0.0,0.0,0.0,0.0,0.0,0.0,0.0,0.0,0.0,0.0,0.0,0.0,0.0,0.0,0.0,0.0
t2711,0.0,0.0,0.0,0.0,0.0,0.0,0.0,0.0,0.0,0.0,0.0,0.0,0.0,0.0,0.0,0.0,0.0,0.0
t2712,0.0,0.0,0.0,0.0,0.0,0.0,0.0,0.0,0.0,0.0,0.0,0.0,0.0,0.0,0.0,0.0,0.0,0.0
t2713,0.0,0.0,0.0,0.0,0.0,0.0,0.0,0.0,0.0,0.0,0.0,0.0,0.0,0.0,0.0,0.0,0.0,0.0
t2714,0.0,0.0,0.0,0.0,0.0,0.0,0.0,0.0,0.0,0.0,0.0,0.0,0.0,0.0,0.0,0.0,0.0,0.0
t2715,0.0,0.0,0.0,0.0,0.0,0.0,0.0,0.0,0.0,0.0,0.0,0.0,0.0,0.0,0.0,0.0,0.0,0.0
t2716,0.0,0.0,0.0,0.0,0.0,0.0,0.0,0.0,0.0,0.0,0.0,0.0,0.0,0.0,0.0,0.0,0.0,0.0
t2717,0.0,0.0,0.0,0.0,0.0,0.0,0.0,0.0,0.0,0.0,0.0,0.0,0.0,0.0,0.0,0.0,0.0,0.0
t2718,0.0,0.0,0.0,0.0,0.0,0.0,0.0,0.0,0.0,0.0,0.0,0.0,0.0,0.0,0.0,0.0,0.0,0.0
t2719,0.0,0.0,0.0,0.0,0.0,0.0,0.0,0.0,0.0,0.0,0.0,0.0,0.0,0.0,0.0,0.0,0.0,0.0
t2720,985.1687178199995,120.0,0.0,0.0,0.0,0.0,105.24457778999951,0.0,0.0,0.0,0.0,0.0,0.0,0.0,0.0,0.0,0.0,1210.413295609999
t2721,1137.58029898,120.0,0.0,0.0,0.0,2132.85659373451,286.5599520700002,0.0,0.0,0.0,0.0,0.0,0.0,0.0,0.0,0.0,0.0,3676.9968447845104
t2722,0.0,120.0,0.0,0.0,0.0,3704.321203704977,915.6651508300002,1887.627917049358,0.0,0.0,0.0,0.0,0.0,0.0,0.0,0.0,0.0,6627.614271584335
t2723,1220.0,0.0,0.0,0.0,0.0,3634.670176126881,1451.7412477500002,0.0,0.0,0.0,0.0,0.0,0.0,0.0,0.0,0.0,0.0,6306.411423876882
t2724,1063.89033414,0.0,0.0,0.0,0.0,3552.65145741436,1416.7414563599998,1154.1905438200001,0.0,0.0,0.0,0.0,0.0,0.0,0.0,0.0,0.0,7187.47379173436
t2725,236.4814465971907,25.964584587264614,0.0,0.0,0.0,1963.9646830643023,1266.5793414299999,0.0,0.0,0.0,0.0,0.0,0.0,0.0,0.0,0.0,0.0,3492.990055678758
t2726,500.8524791000001,120.0,38.743366609999775,0.0,0.0,992.7720816089459,1261.4990195512567,0.0,0.0,0.0,0.0,0.0,0.0,0.0,0.0,0.0,0.0,2913.8669468702024
t2727,0.0,0.0,0.0,0.0,0.0,0.0,0.0,0.0,0.0,0.0,0.0,0.0,0.0,0.0,0.0,0.0,0.0,0.0
t2728,0.0,0.0,0.0,0.0,0.0,0.0,0.0,0.0,0.0,0.0,0.0,0.0,0.0,0.0,0.0,0.0,0.0,0.0
t2729,0.0,0.0,0.0,0.0,0.0,0.0,0.0,0.0,0.0,0.0,0.0,0.0,0.0,0.0,0.0,0.0,0.0,0.0
t2730,0.0,0.0,0.0,0.0,0.0,0.0,0.0,0.0,0.0,0.0,0.0,0.0,0.0,0.0,0.0,0.0,0.0,0.0
t2731,0.0,0.0,0.0,0.0,0.0,0.0,0.0,0.0,0.0,0.0,0.0,0.0,0.0,0.0,0.0,0.0,0.0,0.0
t2732,0.0,0.0,0.0,0.0,0.0,0.0,0.0,0.0,0.0,0.0,0.0,0.0,0.0,0.0,0.0,0.0,0.0,0.0
t2733,0.0,0.0,0.0,0.0,0.0,0.0,0.0,0.0,0.0,0.0,0.0,0.0,0.0,0.0,0.0,0.0,0.0,0.0
t2734,0.0,0.0,0.0,0.0,0.0,0.0,0.0,0.0,0.0,0.0,0.0,0.0,0.0,0.0,0.0,0.0,0.0,0.0
t2735,0.0,0.0,0.0,0.0,0.0,0.0,0.0,0.0,0.0,0.0,0.0,0.0,0.0,0.0,0.0,0.0,0.0,0.0
t2736,0.0,0.0,0.0,0.0,0.0,0.0,0.0,0.0,0.0,0.0,0.0,0.0,0.0,0.0,0.0,0.0,0.0,0.0
t2737,0.0,0.0,0.0,0.0,0.0,0.0,0.0,0.0,0.0,0.0,0.0,0.0,0.0,0.0,0.0,0.0,0.0,0.0
t2738,0.0,0.0,0.0,0.0,0.0,0.0,0.0,0.0,0.0,0.0,0.0,0.0,0.0,0.0,0.0,0.0,0.0,0.0
t2739,0.0,0.0,0.0,0.0,0.0,0.0,0.0,0.0,0.0,0.0,0.0,0.0,0.0,0.0,0.0,0.0,0.0,0.0
t2740,0.0,0.0,0.0,0.0,0.0,0.0,0.0,0.0,0.0,0.0,0.0,0.0,0.0,0.0,0.0,0.0,0.0,0.0
t2741,0.0,0.0,0.0,0.0,0.0,0.0,0.0,0.0,0.0,0.0,0.0,0.0,0.0,0.0,0.0,0.0,0.0,0.0
t2742,0.0,0.0,0.0,0.0,0.0,0.0,0.0,0.0,0.0,0.0,0.0,0.0,0.0,0.0,0.0,0.0,0.0,0.0
t2743,0.0,0.0,0.0,0.0,0.0,0.0,0.0,0.0,0.0,0.0,0.0,0.0,0.0,0.0,0.0,0.0,0.0,0.0
t2744,0.0,25.96458458726457,0.0,0.0,0.0,0.0,0.0,313.0453125799997,0.0,0.0,0.0,0.0,0.0,0.0,0.0,0.0,0.0,339.0098971672643
t2745,737.0998379399991,120.0,0.0,0.0,0.0,57.85957944514892,1067.3376468015788,388.03883018000175,0.0,0.0,0.0,0.0,0.0,0.0,0.0,0.0,0.0,2370.3358943667286
t2746,746.8734386971911,120.0,0.0,0.0,0.0,3148.165155491908,1116.4481668800004,308.5819151799984,0.0,0.0,0.0,0.0,0.0,0.0,0.0,0.0,0.0,5440.068676249099
t2747,1220.0,120.0,0.0,0.0,0.0,3468.6547428317294,1278.00099297,343.7166571799988,0.0,0.0,0.0,0.0,0.0,0.0,0.0,0.0,0.0,6430.372392981729
t2748,1220.0,120.0,0.0,0.0,0.0,2768.1614977973823,1546.2817401667771,0.0,0.0,0.0,0.0,0.0,0.0,0.0,0.0,0.0,0.0,5654.443237964159
t2749,1220.0,0.0,0.0,0.0,0.0,3202.515663762837,1481.40221347,0.0,0.0,0.0,0.0,0.0,0.0,0.0,0.0,0.0,0.0,5903.917877232837
t2750,0.0,0.0,0.0,0.0,0.0,1346.132340311632,214.55998549289941,0.0,0.0,0.0,0.0,0.0,0.0,0.0,0.0,0.0,0.0,1560.6923258045315
t2751,0.0,0.0,0.0,0.0,0.0,0.0,0.0,0.0,0.0,0.0,0.0,0.0,0.0,0.0,0.0,0.0,0.0,0.0
t2752,0.0,0.0,0.0,0.0,0.0,0.0,0.0,0.0,0.0,0.0,0.0,0.0,0.0,0.0,0.0,0.0,0.0,0.0
t2753,0.0,0.0,0.0,0.0,0.0,0.0,0.0,0.0,0.0,0.0,0.0,0.0,0.0,0.0,0.0,0.0,0.0,0.0
t2754,0.0,0.0,0.0,0.0,0.0,0.0,0.0,0.0,0.0,0.0,0.0,0.0,0.0,0.0,0.0,0.0,0.0,0.0
t2755,0.0,0.0,0.0,0.0,0.0,0.0,0.0,0.0,0.0,0.0,0.0,0.0,0.0,0.0,0.0,0.0,0.0,0.0
t2756,0.0,0.0,0.0,0.0,0.0,0.0,0.0,0.0,0.0,0.0,0.0,0.0,0.0,0.0,0.0,0.0,0.0,0.0
t2757,0.0,0.0,0.0,0.0,0.0,0.0,0.0,0.0,0.0,0.0,0.0,0.0,0.0,0.0,0.0,0.0,0.0,0.0
t2758,0.0,0.0,0.0,0.0,0.0,0.0,0.0,0.0,0.0,0.0,0.0,0.0,0.0,0.0,0.0,0.0,0.0,0.0
t2759,0.0,0.0,0.0,0.0,0.0,0.0,0.0,0.0,0.0,0.0,0.0,0.0,0.0,0.0,0.0,0.0,0.0,0.0
t2760,0.0,0.0,0.0,0.0,0.0,0.0,0.0,0.0,0.0,0.0,0.0,0.0,0.0,0.0,0.0,0.0,0.0,0.0
t2761,0.0,0.0,0.0,0.0,0.0,0.0,0.0,0.0,0.0,0.0,0.0,0.0,0.0,0.0,0.0,0.0,0.0,0.0
t2762,0.0,0.0,0.0,0.0,0.0,0.0,0.0,0.0,0.0,0.0,0.0,0.0,0.0,0.0,0.0,0.0,0.0,0.0
t2763,0.0,0.0,0.0,0.0,0.0,0.0,0.0,0.0,0.0,0.0,0.0,0.0,0.0,0.0,0.0,0.0,0.0,0.0
t2764,0.0,0.0,0.0,0.0,0.0,0.0,0.0,0.0,0.0,0.0,0.0,0.0,0.0,0.0,0.0,0.0,0.0,0.0
t2765,0.0,0.0,0.0,0.0,0.0,0.0,0.0,0.0,0.0,0.0,0.0,0.0,0.0,0.0,0.0,0.0,0.0,0.0
t2766,0.0,0.0,0.0,0.0,0.0,0.0,0.0,0.0,0.0,0.0,0.0,0.0,0.0,0.0,0.0,0.0,0.0,0.0
t2767,0.0,0.0,0.0,0.0,0.0,0.0,0.0,0.0,0.0,0.0,0.0,0.0,0.0,0.0,0.0,0.0,0.0,0.0
t2768,0.0,0.0,0.0,0.0,0.0,0.0,0.0,0.0,0.0,0.0,0.0,0.0,0.0,0.0,0.0,0.0,0.0,0.0
t2769,250.92574017999948,120.0,0.0,0.0,0.0,0.0,538.718816540949,6.96043565132964,0.0,0.0,0.0,0.0,0.0,0.0,0.0,0.0,0.0,916.604992372278
t2770,420.1630851965365,120.0,0.0,0.0,0.0,1592.428631974577,1472.8314536639382,0.0,0.0,0.0,0.0,0.0,0.0,0.0,0.0,0.0,0.0,3605.4231708350517
t2771,659.9576499199994,0.0,0.0,0.0,0.0,3915.166438650225,1478.1532608171347,0.0,0.0,0.0,0.0,0.0,0.0,0.0,0.0,0.0,0.0,6053.277349387359
t2772,1220.0,120.0,0.0,0.0,0.0,4833.132190822539,1545.2151548900001,0.0,0.0,0.0,0.0,0.0,0.0,0.0,0.0,0.0,0.0,7718.347345712539
t2773,763.1151636399995,0.0,0.0,0.0,0.0,2366.7490523831834,1060.7353273787332,0.0,0.0,0.0,0.0,0.0,0.0,0.0,0.0,0.0,0.0,4190.599543401916
t2774,128.08067024000044,0.0,0.0,0.0,0.0,0.0,497.27896192721494,0.0,0.0,0.0,0.0,0.0,0.0,0.0,0.0,0.0,0.0,625.3596321672154
t2775,1220.0,0.0,0.0,0.0,0.0,0.0,111.09777056328628,0.0,0.0,0.0,0.0,0.0,0.0,0.0,0.0,0.0,0.0,1331.0977705632863
t2776,481.73096746065517,0.0,0.0,0.0,0.0,0.0,0.0,0.0,0.0,0.0,0.0,0.0,0.0,0.0,0.0,0.0,0.0,481.73096746065517
t2777,0.0,0.0,0.0,0.0,0.0,0.0,0.0,0.0,0.0,0.0,0.0,0.0,0.0,0.0,0.0,0.0,0.0,0.0
t2778,0.0,0.0,0.0,0.0,0.0,0.0,0.0,0.0,0.0,0.0,0.0,0.0,0.0,0.0,0.0,0.0,0.0,0.0
t2779,0.0,0.0,0.0,0.0,0.0,0.0,0.0,0.0,0.0,0.0,0.0,0.0,0.0,0.0,0.0,0.0,0.0,0.0
t2780,0.0,0.0,0.0,0.0,0.0,0.0,0.0,0.0,0.0,0.0,0.0,0.0,0.0,0.0,0.0,0.0,0.0,0.0
t2781,0.0,0.0,0.0,0.0,0.0,0.0,0.0,0.0,0.0,0.0,0.0,0.0,0.0,0.0,0.0,0.0,0.0,0.0
t2782,0.0,0.0,0.0,0.0,0.0,0.0,0.0,0.0,0.0,0.0,0.0,0.0,0.0,0.0,0.0,0.0,0.0,0.0
t2783,0.0,0.0,0.0,0.0,0.0,0.0,0.0,0.0,0.0,0.0,0.0,0.0,0.0,0.0,0.0,0.0,0.0,0.0
t2784,0.0,0.0,0.0,0.0,0.0,0.0,0.0,0.0,0.0,0.0,0.0,0.0,0.0,0.0,0.0,0.0,0.0,0.0
t2785,0.0,0.0,0.0,0.0,0.0,0.0,0.0,0.0,0.0,0.0,0.0,0.0,0.0,0.0,0.0,0.0,0.0,0.0
t2786,0.0,0.0,0.0,0.0,0.0,0.0,0.0,0.0,0.0,0.0,0.0,0.0,0.0,0.0,0.0,0.0,0.0,0.0
t2787,0.0,0.0,0.0,0.0,0.0,0.0,0.0,0.0,0.0,0.0,0.0,0.0,0.0,0.0,0.0,0.0,0.0,0.0
t2788,0.0,0.0,0.0,0.0,0.0,0.0,0.0,0.0,0.0,0.0,0.0,0.0,0.0,0.0,0.0,0.0,0.0,0.0
t2789,0.0,0.0,0.0,0.0,0.0,0.0,0.0,0.0,0.0,0.0,0.0,0.0,0.0,0.0,0.0,0.0,0.0,0.0
t2790,0.0,0.0,0.0,0.0,0.0,0.0,0.0,0.0,0.0,0.0,0.0,0.0,0.0,0.0,0.0,0.0,0.0,0.0
t2791,0.0,0.0,0.0,0.0,0.0,0.0,0.0,0.0,0.0,0.0,0.0,0.0,0.0,0.0,0.0,0.0,0.0,0.0
t2792,0.0,25.96458458726457,0.0,0.0,0.0,0.0,0.0,488.0536449747969,0.0,0.0,0.0,0.0,0.0,0.0,0.0,0.0,0.0,514.0182295620615
t2793,0.0,120.0,0.0,0.0,0.0,413.93453831566643,465.36722024781477,1112.2262128996772,0.0,0.0,0.0,0.0,0.0,0.0,0.0,0.0,0.0,2111.5279714631583
t2794,1220.0,120.0,0.0,0.0,0.0,359.40892668738184,1346.2837651530463,1263.0318807800008,0.0,0.0,0.0,0.0,0.0,0.0,0.0,0.0,0.0,4308.724572620429
t2795,898.0447747999996,0.0,0.0,0.0,0.0,1717.5922852089539,1471.2968229827054,737.9724107800001,0.0,0.0,0.0,0.0,0.0,0.0,0.0,0.0,0.0,4824.906293771659
t2796,1220.0,120.0,0.0,0.0,0.0,3923.275689938145,1355.3322753515836,619.7035867800007,0.0,0.0,0.0,0.0,0.0,0.0,0.0,0.0,0.0,7238.31155206973
t2797,585.9285018371907,120.0,0.0,0.0,952.5951663551922,3480.204245699205,1590.0,27.114258012994664,0.0,0.0,0.0,0.0,0.0,0.0,0.0,0.0,0.0,6755.842171904582
t2798,1220.0,0.0,0.0,0.0,0.0,2228.622161762586,475.7506620461066,0.0,0.0,0.0,0.0,0.0,0.0,0.0,0.0,0.0,0.0,3924.372823808693
t2799,0.0,0.0,0.0,0.0,0.0,1650.722388758413,0.0,0.0,0.0,0.0,0.0,0.0,0.0,0.0,0.0,0.0,0.0,1650.722388758413
t2800,0.0,0.0,0.0,0.0,0.0,0.0,0.0,0.0,0.0,0.0,0.0,0.0,0.0,0.0,0.0,0.0,0.0,0.0
t2801,0.0,0.0,0.0,0.0,0.0,0.0,0.0,0.0,0.0,0.0,0.0,0.0,0.0,0.0,0.0,0.0,0.0,0.0
t2802,0.0,0.0,0.0,0.0,0.0,0.0,0.0,0.0,0.0,0.0,0.0,0.0,0.0,0.0,0.0,0.0,0.0,0.0
t2803,0.0,0.0,0.0,0.0,0.0,0.0,0.0,0.0,0.0,0.0,0.0,0.0,0.0,0.0,0.0,0.0,0.0,0.0
t2804,0.0,0.0,0.0,0.0,0.0,0.0,0.0,0.0,0.0,0.0,0.0,0.0,0.0,0.0,0.0,0.0,0.0,0.0
t2805,0.0,0.0,0.0,0.0,0.0,0.0,0.0,0.0,0.0,0.0,0.0,0.0,0.0,0.0,0.0,0.0,0.0,0.0
t2806,0.0,0.0,0.0,0.0,0.0,0.0,0.0,0.0,0.0,0.0,0.0,0.0,0.0,0.0,0.0,0.0,0.0,0.0
t2807,0.0,0.0,0.0,0.0,0.0,0.0,0.0,0.0,0.0,0.0,0.0,0.0,0.0,0.0,0.0,0.0,0.0,0.0
t2808,0.0,0.0,0.0,0.0,0.0,0.0,0.0,0.0,0.0,0.0,0.0,0.0,0.0,0.0,0.0,0.0,0.0,0.0
t2809,0.0,0.0,0.0,0.0,0.0,0.0,0.0,0.0,0.0,0.0,0.0,0.0,0.0,0.0,0.0,0.0,0.0,0.0
t2810,0.0,0.0,0.0,0.0,0.0,0.0,0.0,0.0,0.0,0.0,0.0,0.0,0.0,0.0,0.0,0.0,0.0,0.0
t2811,0.0,0.0,0.0,0.0,0.0,0.0,0.0,0.0,0.0,0.0,0.0,0.0,0.0,0.0,0.0,0.0,0.0,0.0
t2812,0.0,0.0,0.0,0.0,0.0,0.0,0.0,0.0,0.0,0.0,0.0,0.0,0.0,0.0,0.0,0.0,0.0,0.0
t2813,0.0,0.0,0.0,0.0,0.0,0.0,0.0,0.0,0.0,0.0,0.0,0.0,0.0,0.0,0.0,0.0,0.0,0.0
t2814,0.0,0.0,0.0,0.0,0.0,0.0,0.0,0.0,0.0,0.0,0.0,0.0,0.0,0.0,0.0,0.0,0.0,0.0
t2815,0.0,0.0,0.0,0.0,0.0,0.0,0.0,0.0,0.0,0.0,0.0,0.0,0.0,0.0,0.0,0.0,0.0,0.0
t2816,0.0,1.9090332435472968,150.07683442999996,0.0,0.0,2923.411990367849,0.0,169.51676577999984,0.0,0.0,0.0,0.0,0.0,0.0,0.0,0.0,0.0,3244.9146238213957
t2817,1220.0,62.28597110681456,266.8073946000001,0.0,2084.243470897185,2248.381866243394,809.5532059179233,179.1479547800001,0.0,0.0,0.0,0.0,0.0,0.0,0.0,0.0,0.0,6870.419863545317
t2818,263.9732766371902,120.0,1032.4144501080746,0.0,3220.0708433722934,5012.024554602949,991.8660596691818,118.43446616999987,0.0,0.0,0.0,0.0,0.0,0.0,0.0,0.0,0.0,10758.78365055969
t2819,0.0,120.0,531.5621077999998,0.0,3891.0178403208315,6770.059870473425,1265.2457704093015,823.6836391700002,0.0,0.0,0.0,0.0,0.0,0.0,0.0,0.0,0.0,13401.569228173557
t2820,1220.0,120.0,600.2326247999997,0.0,326.72257086262,5383.403422282403,1122.3467078848503,733.8806097799996,0.0,0.0,0.0,0.0,0.0,0.0,0.0,0.0,0.0,9506.585935609872
t2821,0.0,34.75101096690274,369.46671919999994,0.0,349.7387119015014,4382.974925322806,926.88537045,218.20371378000013,0.0,0.0,0.0,0.0,0.0,0.0,0.0,0.0,0.0,6282.020451621209
t2822,1220.0,47.01856926999998,362.96839999999963,0.0,4121.787273994004,3498.2736608895525,706.1191351800003,63.23649516999974,0.0,0.0,0.0,0.0,0.0,0.0,0.0,0.0,0.0,10019.403534503557
t2823,1220.0,0.0,0.0,0.0,2353.3051261830283,3072.108157603951,882.0144962700004,0.0,0.0,0.0,0.0,0.0,0.0,0.0,0.0,0.0,0.0,7527.42778005698
t2824,0.0,0.0,0.0,0.0,0.0,0.0,0.0,0.0,0.0,0.0,0.0,0.0,0.0,0.0,0.0,0.0,0.0,0.0
t2825,0.0,0.0,0.0,0.0,0.0,0.0,0.0,0.0,0.0,0.0,0.0,0.0,0.0,0.0,0.0,0.0,0.0,0.0
t2826,0.0,0.0,0.0,0.0,0.0,0.0,0.0,0.0,0.0,0.0,0.0,0.0,0.0,0.0,0.0,0.0,0.0,0.0
t2827,0.0,0.0,0.0,0.0,0.0,0.0,0.0,0.0,0.0,0.0,0.0,0.0,0.0,0.0,0.0,0.0,0.0,0.0
t2828,0.0,0.0,0.0,0.0,0.0,0.0,0.0,0.0,0.0,0.0,0.0,0.0,0.0,0.0,0.0,0.0,0.0,0.0
t2829,0.0,0.0,0.0,0.0,0.0,0.0,0.0,0.0,0.0,0.0,0.0,0.0,0.0,0.0,0.0,0.0,0.0,0.0
t2830,0.0,0.0,0.0,0.0,0.0,0.0,0.0,0.0,0.0,0.0,0.0,0.0,0.0,0.0,0.0,0.0,0.0,0.0
t2831,0.0,0.0,0.0,0.0,0.0,0.0,0.0,0.0,0.0,0.0,0.0,0.0,0.0,0.0,0.0,0.0,0.0,0.0
t2832,0.0,0.0,0.0,0.0,0.0,0.0,0.0,0.0,0.0,0.0,0.0,0.0,0.0,0.0,0.0,0.0,0.0,0.0
t2833,0.0,0.0,0.0,0.0,0.0,0.0,0.0,0.0,0.0,0.0,0.0,0.0,0.0,0.0,0.0,0.0,0.0,0.0
t2834,0.0,0.0,0.0,0.0,0.0,0.0,0.0,0.0,0.0,0.0,0.0,0.0,0.0,0.0,0.0,0.0,0.0,0.0
t2835,0.0,0.0,0.0,0.0,0.0,0.0,0.0,0.0,0.0,0.0,0.0,0.0,0.0,0.0,0.0,0.0,0.0,0.0
t2836,0.0,0.0,0.0,0.0,0.0,0.0,0.0,0.0,0.0,0.0,0.0,0.0,0.0,0.0,0.0,0.0,0.0,0.0
t2837,0.0,0.0,0.0,0.0,0.0,0.0,0.0,0.0,0.0,0.0,0.0,0.0,0.0,0.0,0.0,0.0,0.0,0.0
t2838,0.0,0.0,0.0,0.0,0.0,0.0,0.0,0.0,0.0,0.0,0.0,0.0,0.0,0.0,0.0,0.0,0.0,0.0
t2839,0.0,0.0,0.0,0.0,0.0,0.0,0.0,0.0,0.0,0.0,0.0,0.0,0.0,0.0,0.0,0.0,0.0,0.0
t2840,0.0,120.0,381.8224990499995,0.0,665.7896303554362,4403.766431130306,630.0012003611178,1501.512644409999,0.0,0.0,0.0,0.0,0.0,0.0,0.0,0.0,0.0,7702.892405306859
t2841,1220.0,0.0,436.47668299999987,0.0,0.0,3061.945123011833,993.8466179729428,1047.9047483399995,0.0,0.0,0.0,0.0,0.0,0.0,0.0,0.0,0.0,6760.173172324776
t2842,263.9732766371902,25.96458458726457,346.96547020000014,0.0,0.0,5595.96516961999,780.1124518860975,1623.9705043399997,0.0,0.0,0.0,0.0,0.0,0.0,0.0,0.0,0.0,8636.951457270541
t2843,1220.0,0.0,615.7853347999999,0.0,3273.1744451782547,2795.089244466063,282.33637458000027,0.0,0.0,0.0,0.0,0.0,0.0,0.0,0.0,0.0,0.0,8186.385399024319
t2844,0.0,120.0,346.59769279999995,0.0,4420.0,5491.517540299681,1028.7625004302597,990.5144203400005,0.0,0.0,0.0,0.0,0.0,0.0,0.0,0.0,0.0,12397.39215386994
t2845,0.0,120.0,305.4561227999998,0.0,1048.8449514021786,4729.265652299483,973.30224255,0.0,0.0,0.0,0.0,0.0,0.0,0.0,0.0,0.0,0.0,7176.868969051662
t2846,1220.0,0.0,11.795172200000149,0.0,623.4672179890318,3140.1653369258465,1014.2598332812776,1950.0,0.0,0.0,0.0,0.0,0.0,0.0,0.0,0.0,0.0,7959.687560396156
t2847,0.0,120.0,0.0,0.0,4420.0,4227.067140410283,879.8400478495607,58.59712185912022,0.0,0.0,0.0,0.0,0.0,0.0,0.0,0.0,0.0,9705.504310118964
t2848,1220.0,0.0,0.0,0.0,0.0,1254.185030630882,121.56947687000019,0.0,0.0,0.0,0.0,0.0,0.0,0.0,0.0,0.0,0.0,2595.754507500882
t2849,0.0,0.0,0.0,0.0,0.0,0.0,0.0,0.0,0.0,0.0,0.0,0.0,0.0,0.0,0.0,0.0,0.0,0.0
t2850,0.0,0.0,0.0,0.0,0.0,0.0,0.0,0.0,0.0,0.0,0.0,0.0,0.0,0.0,0.0,0.0,0.0,0.0
t2851,0.0,0.0,0.0,0.0,0.0,0.0,0.0,0.0,0.0,0.0,0.0,0.0,0.0,0.0,0.0,0.0,0.0,0.0
t2852,0.0,0.0,0.0,0.0,0.0,0.0,0.0,0.0,0.0,0.0,0.0,0.0,0.0,0.0,0.0,0.0,0.0,0.0
t2853,0.0,0.0,0.0,0.0,0.0,0.0,0.0,0.0,0.0,0.0,0.0,0.0,0.0,0.0,0.0,0.0,0.0,0.0
t2854,0.0,0.0,0.0,0.0,0.0,0.0,0.0,0.0,0.0,0.0,0.0,0.0,0.0,0.0,0.0,0.0,0.0,0.0
t2855,0.0,0.0,0.0,0.0,0.0,0.0,0.0,0.0,0.0,0.0,0.0,0.0,0.0,0.0,0.0,0.0,0.0,0.0
t2856,0.0,0.0,0.0,0.0,0.0,0.0,0.0,0.0,0.0,0.0,0.0,0.0,0.0,0.0,0.0,0.0,0.0,0.0
t2857,0.0,0.0,0.0,0.0,0.0,0.0,0.0,0.0,0.0,0.0,0.0,0.0,0.0,0.0,0.0,0.0,0.0,0.0
t2858,0.0,0.0,0.0,0.0,0.0,0.0,0.0,0.0,0.0,0.0,0.0,0.0,0.0,0.0,0.0,0.0,0.0,0.0
t2859,0.0,0.0,0.0,0.0,0.0,0.0,0.0,0.0,0.0,0.0,0.0,0.0,0.0,0.0,0.0,0.0,0.0,0.0
t2860,0.0,0.0,0.0,0.0,0.0,0.0,0.0,0.0,0.0,0.0,0.0,0.0,0.0,0.0,0.0,0.0,0.0,0.0
t2861,0.0,0.0,0.0,0.0,0.0,0.0,0.0,0.0,0.0,0.0,0.0,0.0,0.0,0.0,0.0,0.0,0.0,0.0
t2862,0.0,0.0,0.0,0.0,0.0,0.0,0.0,0.0,0.0,0.0,0.0,0.0,0.0,0.0,0.0,0.0,0.0,0.0
t2863,0.0,0.0,0.0,0.0,0.0,0.0,0.0,0.0,0.0,0.0,0.0,0.0,0.0,0.0,0.0,0.0,0.0,0.0
t2864,0.0,0.0,0.0,0.0,0.0,0.0,0.0,0.0,0.0,0.0,0.0,0.0,0.0,0.0,0.0,0.0,0.0,0.0
t2865,1220.0,120.0,0.0,0.0,0.0,1542.1560806580326,944.5413624400001,0.0,0.0,0.0,0.0,0.0,0.0,0.0,0.0,0.0,0.0,3826.6974430980326
t2866,1220.0,120.0,0.0,0.0,0.0,974.0256889111414,806.6024295200001,1950.0,0.0,0.0,0.0,0.0,0.0,0.0,0.0,0.0,0.0,5070.628118431141
t2867,1220.0,0.0,0.0,0.0,0.0,4168.672824924446,947.2754429600001,1735.2587942844216,0.0,0.0,0.0,0.0,0.0,0.0,0.0,0.0,0.0,8071.207062168867
t2868,0.0,120.0,0.0,0.0,0.0,4801.528729650254,1197.86108256,0.0,0.0,0.0,0.0,0.0,0.0,0.0,0.0,0.0,0.0,6119.389812210254
t2869,0.0,45.71941141726453,0.0,0.0,0.0,6419.235689645014,1250.83177421,0.0,0.0,0.0,0.0,0.0,0.0,0.0,0.0,0.0,0.0,7715.786875272278
t2870,0.0,0.0,0.0,0.0,0.0,3486.728898952677,1467.1068990100002,0.0,0.0,0.0,0.0,0.0,0.0,0.0,0.0,0.0,0.0,4953.835797962677
t2871,1220.0,100.24517317000009,0.0,0.0,0.0,0.0,0.0,1215.4464973600006,0.0,0.0,0.0,0.0,0.0,0.0,0.0,0.0,0.0,2535.691670530001
t2872,0.0,0.0,0.0,0.0,0.0,2099.5153321655803,89.81175508125503,146.69009658000022,0.0,0.0,0.0,0.0,0.0,0.0,0.0,0.0,0.0,2336.017183826835
t2873,0.0,0.0,0.0,0.0,0.0,0.0,0.0,0.0,0.0,0.0,0.0,0.0,0.0,0.0,0.0,0.0,0.0,0.0
t2874,0.0,0.0,0.0,0.0,0.0,0.0,0.0,0.0,0.0,0.0,0.0,0.0,0.0,0.0,0.0,0.0,0.0,0.0
t2875,0.0,0.0,0.0,0.0,0.0,0.0,0.0,0.0,0.0,0.0,0.0,0.0,0.0,0.0,0.0,0.0,0.0,0.0
t2876,0.0,0.0,0.0,0.0,0.0,0.0,0.0,0.0,0.0,0.0,0.0,0.0,0.0,0.0,0.0,0.0,0.0,0.0
t2877,0.0,0.0,0.0,0.0,0.0,0.0,0.0,0.0,0.0,0.0,0.0,0.0,0.0,0.0,0.0,0.0,0.0,0.0
t2878,0.0,0.0,0.0,0.0,0.0,0.0,0.0,0.0,0.0,0.0,0.0,0.0,0.0,0.0,0.0,0.0,0.0,0.0
t2879,0.0,0.0,0.0,0.0,0.0,0.0,0.0,0.0,0.0,0.0,0.0,0.0,0.0,0.0,0.0,0.0,0.0,0.0
t2880,0.0,0.0,0.0,0.0,0.0,0.0,0.0,0.0,0.0,0.0,0.0,0.0,0.0,0.0,0.0,0.0,0.0,0.0
t2881,0.0,0.0,0.0,0.0,0.0,0.0,0.0,0.0,0.0,0.0,0.0,0.0,0.0,0.0,0.0,0.0,0.0,0.0
t2882,0.0,0.0,0.0,0.0,0.0,0.0,0.0,0.0,0.0,0.0,0.0,0.0,0.0,0.0,0.0,0.0,0.0,0.0
t2883,0.0,0.0,0.0,0.0,0.0,0.0,0.0,0.0,0.0,0.0,0.0,0.0,0.0,0.0,0.0,0.0,0.0,0.0
t2884,0.0,0.0,0.0,0.0,0.0,0.0,0.0,0.0,0.0,0.0,0.0,0.0,0.0,0.0,0.0,0.0,0.0,0.0
t2885,0.0,0.0,0.0,0.0,0.0,0.0,0.0,0.0,0.0,0.0,0.0,0.0,0.0,0.0,0.0,0.0,0.0,0.0
t2886,0.0,0.0,0.0,0.0,0.0,0.0,0.0,0.0,0.0,0.0,0.0,0.0,0.0,0.0,0.0,0.0,0.0,0.0
t2887,0.0,0.0,0.0,0.0,0.0,0.0,0.0,0.0,0.0,0.0,0.0,0.0,0.0,0.0,0.0,0.0,0.0,0.0
t2888,0.0,0.0,0.0,0.0,0.0,0.0,0.0,0.0,0.0,0.0,0.0,0.0,0.0,0.0,0.0,0.0,0.0,0.0
t2889,0.0,120.0,0.0,0.0,0.0,0.0,294.2074560030936,0.0,0.0,0.0,0.0,0.0,0.0,0.0,0.0,0.0,0.0,414.2074560030936
t2890,390.7039216462181,120.0,0.0,0.0,0.0,2300.6480707570854,896.4942814480039,0.0,0.0,0.0,0.0,0.0,0.0,0.0,0.0,0.0,0.0,3707.846273851307
t2891,1220.0,120.0,0.0,0.0,0.0,1722.9723575954024,1201.3550527142115,1950.0,0.0,0.0,0.0,0.0,0.0,0.0,0.0,0.0,0.0,6214.327410309614
t2892,0.0,0.0,0.0,0.0,0.0,0.0,879.8771827513883,0.0,0.0,0.0,0.0,0.0,0.0,0.0,0.0,0.0,0.0,879.8771827513883
t2893,0.0,0.0,0.0,0.0,0.0,0.0,0.0,0.0,0.0,0.0,0.0,0.0,0.0,0.0,0.0,0.0,0.0,0.0
t2894,0.0,0.0,0.0,0.0,0.0,0.0,1304.42097689,0.0,0.0,0.0,0.0,0.0,0.0,0.0,0.0,0.0,0.0,1304.42097689
t2895,1220.0,25.964584587264614,0.0,0.0,0.0,2077.0865845457065,1353.362228185539,0.0,0.0,0.0,0.0,0.0,0.0,0.0,0.0,0.0,0.0,4676.41339731851
t2896,1220.0,120.0,0.0,0.0,0.0,1257.0030766930934,774.3135677890205,0.0,0.0,0.0,0.0,0.0,0.0,0.0,0.0,0.0,0.0,3371.3166444821136
t2897,0.0,0.0,0.0,0.0,0.0,0.0,0.0,0.0,0.0,0.0,0.0,0.0,0.0,0.0,0.0,0.0,0.0,0.0
t2898,0.0,0.0,0.0,0.0,0.0,0.0,0.0,0.0,0.0,0.0,0.0,0.0,0.0,0.0,0.0,0.0,0.0,0.0
t2899,0.0,0.0,0.0,0.0,0.0,0.0,0.0,0.0,0.0,0.0,0.0,0.0,0.0,0.0,0.0,0.0,0.0,0.0
t2900,0.0,0.0,0.0,0.0,0.0,0.0,0.0,0.0,0.0,0.0,0.0,0.0,0.0,0.0,0.0,0.0,0.0,0.0
t2901,0.0,0.0,0.0,0.0,0.0,0.0,0.0,0.0,0.0,0.0,0.0,0.0,0.0,0.0,0.0,0.0,0.0,0.0
t2902,0.0,0.0,0.0,0.0,0.0,0.0,0.0,0.0,0.0,0.0,0.0,0.0,0.0,0.0,0.0,0.0,0.0,0.0
t2903,0.0,0.0,0.0,0.0,0.0,0.0,0.0,0.0,0.0,0.0,0.0,0.0,0.0,0.0,0.0,0.0,0.0,0.0
t2904,0.0,0.0,0.0,0.0,0.0,0.0,0.0,0.0,0.0,0.0,0.0,0.0,0.0,0.0,0.0,0.0,0.0,0.0
t2905,0.0,0.0,0.0,0.0,0.0,0.0,0.0,0.0,0.0,0.0,0.0,0.0,0.0,0.0,0.0,0.0,0.0,0.0
t2906,0.0,0.0,0.0,0.0,0.0,0.0,0.0,0.0,0.0,0.0,0.0,0.0,0.0,0.0,0.0,0.0,0.0,0.0
t2907,0.0,0.0,0.0,0.0,0.0,0.0,0.0,0.0,0.0,0.0,0.0,0.0,0.0,0.0,0.0,0.0,0.0,0.0
t2908,0.0,0.0,0.0,0.0,0.0,0.0,0.0,0.0,0.0,0.0,0.0,0.0,0.0,0.0,0.0,0.0,0.0,0.0
t2909,0.0,0.0,0.0,0.0,0.0,0.0,0.0,0.0,0.0,0.0,0.0,0.0,0.0,0.0,0.0,0.0,0.0,0.0
t2910,0.0,0.0,0.0,0.0,0.0,0.0,0.0,0.0,0.0,0.0,0.0,0.0,0.0,0.0,0.0,0.0,0.0,0.0
t2911,0.0,0.0,0.0,0.0,0.0,0.0,0.0,0.0,0.0,0.0,0.0,0.0,0.0,0.0,0.0,0.0,0.0,0.0
t2912,0.0,0.0,0.0,0.0,0.0,0.0,0.0,0.0,0.0,0.0,0.0,0.0,0.0,0.0,0.0,0.0,0.0,0.0
t2913,263.9732766371902,120.0,0.0,0.0,0.0,0.0,91.90571085000032,421.98139335899685,0.0,0.0,0.0,0.0,0.0,0.0,0.0,0.0,0.0,897.8603808461874
t2914,1220.0,0.0,0.0,0.0,0.0,0.0,19.582066380000374,895.4201732417615,0.0,0.0,0.0,0.0,0.0,0.0,0.0,0.0,0.0,2135.002239621762
t2915,0.0,120.0,0.0,0.0,0.0,2624.4472262992376,935.4114214412564,0.0,0.0,0.0,0.0,0.0,0.0,0.0,0.0,0.0,0.0,3679.8586477404942
t2916,1220.0,120.0,0.0,0.0,0.0,4819.621406885293,1536.2791954600002,0.0,0.0,0.0,0.0,0.0,0.0,0.0,0.0,0.0,0.0,7695.900602345293
t2917,1220.0,0.0,0.0,0.0,0.0,3955.1366054327764,1525.99836501,0.0,0.0,0.0,0.0,0.0,0.0,0.0,0.0,0.0,0.0,6701.134970442777
t2918,1220.0,120.0,0.0,0.0,0.0,1679.612522229238,1477.14872812,0.0,0.0,0.0,0.0,0.0,0.0,0.0,0.0,0.0,0.0,4496.761250349238
t2919,0.0,25.964584587264614,0.0,0.0,0.0,465.90704992027776,1117.7052585199997,1835.5056848199995,0.0,0.0,0.0,0.0,0.0,0.0,0.0,0.0,0.0,3445.082577847542
t2920,0.0,0.0,0.0,0.0,0.0,0.0,0.0,0.0,0.0,0.0,0.0,0.0,0.0,0.0,0.0,0.0,0.0,0.0
t2921,0.0,0.0,0.0,0.0,0.0,0.0,0.0,0.0,0.0,0.0,0.0,0.0,0.0,0.0,0.0,0.0,0.0,0.0
t2922,0.0,0.0,0.0,0.0,0.0,0.0,0.0,0.0,0.0,0.0,0.0,0.0,0.0,0.0,0.0,0.0,0.0,0.0
t2923,0.0,0.0,0.0,0.0,0.0,0.0,0.0,0.0,0.0,0.0,0.0,0.0,0.0,0.0,0.0,0.0,0.0,0.0
t2924,0.0,0.0,0.0,0.0,0.0,0.0,0.0,0.0,0.0,0.0,0.0,0.0,0.0,0.0,0.0,0.0,0.0,0.0
t2925,0.0,0.0,0.0,0.0,0.0,0.0,0.0,0.0,0.0,0.0,0.0,0.0,0.0,0.0,0.0,0.0,0.0,0.0
t2926,0.0,0.0,0.0,0.0,0.0,0.0,0.0,0.0,0.0,0.0,0.0,0.0,0.0,0.0,0.0,0.0,0.0,0.0
t2927,0.0,0.0,0.0,0.0,0.0,0.0,0.0,0.0,0.0,0.0,0.0,0.0,0.0,0.0,0.0,0.0,0.0,0.0
t2928,0.0,0.0,0.0,0.0,0.0,0.0,0.0,0.0,0.0,0.0,0.0,0.0,0.0,0.0,0.0,0.0,0.0,0.0
t2929,0.0,0.0,0.0,0.0,0.0,0.0,0.0,0.0,0.0,0.0,0.0,0.0,0.0,0.0,0.0,0.0,0.0,0.0
t2930,0.0,0.0,0.0,0.0,0.0,0.0,0.0,0.0,0.0,0.0,0.0,0.0,0.0,0.0,0.0,0.0,0.0,0.0
t2931,0.0,0.0,0.0,0.0,0.0,0.0,0.0,0.0,0.0,0.0,0.0,0.0,0.0,0.0,0.0,0.0,0.0,0.0
t2932,0.0,0.0,0.0,0.0,0.0,0.0,0.0,0.0,0.0,0.0,0.0,0.0,0.0,0.0,0.0,0.0,0.0,0.0
t2933,0.0,0.0,0.0,0.0,0.0,0.0,0.0,0.0,0.0,0.0,0.0,0.0,0.0,0.0,0.0,0.0,0.0,0.0
t2934,0.0,0.0,0.0,0.0,0.0,0.0,0.0,0.0,0.0,0.0,0.0,0.0,0.0,0.0,0.0,0.0,0.0,0.0
t2935,0.0,0.0,0.0,0.0,0.0,0.0,0.0,0.0,0.0,0.0,0.0,0.0,0.0,0.0,0.0,0.0,0.0,0.0
t2936,0.0,0.0,0.0,0.0,0.0,0.0,0.0,0.0,0.0,0.0,0.0,0.0,0.0,0.0,0.0,0.0,0.0,0.0
t2937,0.0,0.0,0.0,0.0,0.0,0.0,112.10114282000028,0.0,0.0,0.0,0.0,0.0,0.0,0.0,0.0,0.0,0.0,112.10114282000028
t2938,808.3007604982761,0.0,0.0,0.0,0.0,0.0,17.969599780000678,0.0,0.0,0.0,0.0,0.0,0.0,0.0,0.0,0.0,0.0,826.2703602782767
t2939,1220.0,105.46842356667824,0.0,0.0,0.0,0.0,1332.7118911200002,793.371404319888,0.0,0.0,0.0,0.0,0.0,0.0,0.0,0.0,0.0,3451.5517190065666
t2940,1220.0,120.0,0.0,0.0,0.0,1033.5586192102865,1441.4830089612544,0.0,0.0,0.0,0.0,0.0,0.0,0.0,0.0,0.0,0.0,3815.0416281715407
t2941,0.0,0.0,0.0,0.0,0.0,0.0,1260.59381506,410.37712309698526,0.0,0.0,0.0,0.0,0.0,0.0,0.0,0.0,0.0,1670.9709381569853
t2942,1220.0,0.0,0.0,0.0,0.0,379.46611426195886,1341.2576023300003,0.0,0.0,0.0,0.0,0.0,0.0,0.0,0.0,0.0,0.0,2940.723716591959
t2943,509.7944320120422,0.0,0.0,0.0,0.0,0.0,1197.9136857100011,0.0,0.0,0.0,0.0,0.0,0.0,0.0,0.0,0.0,0.0,1707.7081177220434
t2944,0.0,0.0,0.0,0.0,0.0,0.0,0.0,0.0,0.0,0.0,0.0,0.0,0.0,0.0,0.0,0.0,0.0,0.0
t2945,0.0,0.0,0.0,0.0,0.0,0.0,0.0,0.0,0.0,0.0,0.0,0.0,0.0,0.0,0.0,0.0,0.0,0.0
t2946,0.0,0.0,0.0,0.0,0.0,0.0,0.0,0.0,0.0,0.0,0.0,0.0,0.0,0.0,0.0,0.0,0.0,0.0
t2947,0.0,0.0,0.0,0.0,0.0,0.0,0.0,0.0,0.0,0.0,0.0,0.0,0.0,0.0,0.0,0.0,0.0,0.0
t2948,0.0,0.0,0.0,0.0,0.0,0.0,0.0,0.0,0.0,0.0,0.0,0.0,0.0,0.0,0.0,0.0,0.0,0.0
t2949,0.0,0.0,0.0,0.0,0.0,0.0,0.0,0.0,0.0,0.0,0.0,0.0,0.0,0.0,0.0,0.0,0.0,0.0
t2950,0.0,0.0,0.0,0.0,0.0,0.0,0.0,0.0,0.0,0.0,0.0,0.0,0.0,0.0,0.0,0.0,0.0,0.0
t2951,0.0,0.0,0.0,0.0,0.0,0.0,0.0,0.0,0.0,0.0,0.0,0.0,0.0,0.0,0.0,0.0,0.0,0.0
t2952,0.0,0.0,0.0,0.0,0.0,0.0,0.0,0.0,0.0,0.0,0.0,0.0,0.0,0.0,0.0,0.0,0.0,0.0
t2953,0.0,0.0,0.0,0.0,0.0,0.0,0.0,0.0,0.0,0.0,0.0,0.0,0.0,0.0,0.0,0.0,0.0,0.0
t2954,0.0,0.0,0.0,0.0,0.0,0.0,0.0,0.0,0.0,0.0,0.0,0.0,0.0,0.0,0.0,0.0,0.0,0.0
t2955,0.0,0.0,0.0,0.0,0.0,0.0,0.0,0.0,0.0,0.0,0.0,0.0,0.0,0.0,0.0,0.0,0.0,0.0
t2956,0.0,0.0,0.0,0.0,0.0,0.0,0.0,0.0,0.0,0.0,0.0,0.0,0.0,0.0,0.0,0.0,0.0,0.0
t2957,0.0,0.0,0.0,0.0,0.0,0.0,0.0,0.0,0.0,0.0,0.0,0.0,0.0,0.0,0.0,0.0,0.0,0.0
t2958,0.0,0.0,0.0,0.0,0.0,0.0,0.0,0.0,0.0,0.0,0.0,0.0,0.0,0.0,0.0,0.0,0.0,0.0
t2959,0.0,0.0,0.0,0.0,0.0,0.0,0.0,0.0,0.0,0.0,0.0,0.0,0.0,0.0,0.0,0.0,0.0,0.0
t2960,0.0,0.0,0.0,0.0,0.0,0.0,0.0,0.0,0.0,0.0,0.0,0.0,0.0,0.0,0.0,0.0,0.0,0.0
t2961,0.0,0.0,0.0,0.0,0.0,0.0,0.0,0.0,0.0,0.0,0.0,0.0,0.0,0.0,0.0,0.0,0.0,0.0
t2962,1220.0,120.0,0.0,0.0,0.0,0.0,1254.000584423014,299.062761570192,0.0,0.0,0.0,0.0,0.0,0.0,0.0,0.0,0.0,2893.063345993206
t2963,1220.0,120.0,0.0,0.0,0.0,0.0,1411.044335550898,701.6075140013893,0.0,0.0,0.0,0.0,0.0,0.0,0.0,0.0,0.0,3452.651849552287
t2964,1131.8606132424359,120.0,0.0,0.0,0.0,1055.1364835478516,1590.0,0.0,0.0,0.0,0.0,0.0,0.0,0.0,0.0,0.0,0.0,3896.9970967902873
t2965,1220.0,120.0,0.0,0.0,0.0,0.0,1590.0,1293.6313716791394,0.0,0.0,0.0,0.0,0.0,0.0,0.0,0.0,0.0,4223.631371679139
t2966,0.0,0.0,0.0,0.0,0.0,0.0,858.9858258073447,0.0,0.0,0.0,0.0,0.0,0.0,0.0,0.0,0.0,0.0,858.9858258073447
t2967,0.0,0.0,0.0,0.0,0.0,0.0,0.0,0.0,0.0,0.0,0.0,0.0,0.0,0.0,0.0,0.0,0.0,0.0
t2968,0.0,0.0,0.0,0.0,0.0,0.0,0.0,0.0,0.0,0.0,0.0,0.0,0.0,0.0,0.0,0.0,0.0,0.0
t2969,0.0,0.0,0.0,0.0,0.0,0.0,0.0,0.0,0.0,0.0,0.0,0.0,0.0,0.0,0.0,0.0,0.0,0.0
t2970,0.0,0.0,0.0,0.0,0.0,0.0,0.0,0.0,0.0,0.0,0.0,0.0,0.0,0.0,0.0,0.0,0.0,0.0
t2971,0.0,0.0,0.0,0.0,0.0,0.0,0.0,0.0,0.0,0.0,0.0,0.0,0.0,0.0,0.0,0.0,0.0,0.0
t2972,0.0,0.0,0.0,0.0,0.0,0.0,0.0,0.0,0.0,0.0,0.0,0.0,0.0,0.0,0.0,0.0,0.0,0.0
t2973,0.0,0.0,0.0,0.0,0.0,0.0,0.0,0.0,0.0,0.0,0.0,0.0,0.0,0.0,0.0,0.0,0.0,0.0
t2974,0.0,0.0,0.0,0.0,0.0,0.0,0.0,0.0,0.0,0.0,0.0,0.0,0.0,0.0,0.0,0.0,0.0,0.0
t2975,0.0,0.0,0.0,0.0,0.0,0.0,0.0,0.0,0.0,0.0,0.0,0.0,0.0,0.0,0.0,0.0,0.0,0.0
t2976,0.0,0.0,0.0,0.0,0.0,0.0,0.0,0.0,0.0,0.0,0.0,0.0,0.0,0.0,0.0,0.0,0.0,0.0
t2977,0.0,0.0,0.0,0.0,0.0,0.0,0.0,0.0,0.0,0.0,0.0,0.0,0.0,0.0,0.0,0.0,0.0,0.0
t2978,0.0,0.0,0.0,0.0,0.0,0.0,0.0,0.0,0.0,0.0,0.0,0.0,0.0,0.0,0.0,0.0,0.0,0.0
t2979,0.0,0.0,0.0,0.0,0.0,0.0,0.0,0.0,0.0,0.0,0.0,0.0,0.0,0.0,0.0,0.0,0.0,0.0
t2980,0.0,0.0,0.0,0.0,0.0,0.0,0.0,0.0,0.0,0.0,0.0,0.0,0.0,0.0,0.0,0.0,0.0,0.0
t2981,0.0,0.0,0.0,0.0,0.0,0.0,0.0,0.0,0.0,0.0,0.0,0.0,0.0,0.0,0.0,0.0,0.0,0.0
t2982,0.0,0.0,0.0,0.0,0.0,0.0,0.0,0.0,0.0,0.0,0.0,0.0,0.0,0.0,0.0,0.0,0.0,0.0
t2983,0.0,0.0,0.0,0.0,0.0,0.0,0.0,0.0,0.0,0.0,0.0,0.0,0.0,0.0,0.0,0.0,0.0,0.0
t2984,0.0,0.0,0.0,0.0,0.0,0.0,0.0,0.0,0.0,0.0,0.0,0.0,0.0,0.0,0.0,0.0,0.0,0.0
t2985,0.0,0.0,0.0,0.0,0.0,0.0,0.0,0.0,0.0,0.0,0.0,0.0,0.0,0.0,0.0,0.0,0.0,0.0
t2986,0.0,120.0,0.0,0.0,0.0,0.0,761.539097780359,0.0,0.0,0.0,0.0,0.0,0.0,0.0,0.0,0.0,0.0,881.539097780359
t2987,1220.0,25.96458458726457,0.0,0.0,0.0,1318.520543539547,1590.0,1950.0,0.0,0.0,0.0,0.0,0.0,0.0,0.0,0.0,0.0,6104.485128126811
t2988,1220.0,120.0,0.0,0.0,0.0,4363.177838430836,1320.2075404682344,0.0,0.0,0.0,0.0,0.0,0.0,0.0,0.0,0.0,0.0,7023.385378899071
t2989,1220.0,0.0,0.0,0.0,0.0,5319.658641415645,1590.0,0.0,0.0,0.0,0.0,0.0,0.0,0.0,0.0,0.0,0.0,8129.658641415645
t2990,616.9198547199998,120.0,0.0,0.0,0.0,0.0,1242.6348227521632,924.8810257800002,0.0,0.0,0.0,0.0,0.0,0.0,0.0,0.0,0.0,2904.435703252163
t2991,0.0,120.0,0.0,0.0,0.0,0.0,199.64928478050012,0.0,0.0,0.0,0.0,0.0,0.0,0.0,0.0,0.0,0.0,319.6492847805001
t2992,0.0,0.0,0.0,0.0,0.0,0.0,0.0,0.0,0.0,0.0,0.0,0.0,0.0,0.0,0.0,0.0,0.0,0.0
t2993,0.0,0.0,0.0,0.0,0.0,0.0,0.0,0.0,0.0,0.0,0.0,0.0,0.0,0.0,0.0,0.0,0.0,0.0
t2994,0.0,0.0,0.0,0.0,0.0,0.0,0.0,0.0,0.0,0.0,0.0,0.0,0.0,0.0,0.0,0.0,0.0,0.0
t2995,0.0,0.0,0.0,0.0,0.0,0.0,0.0,0.0,0.0,0.0,0.0,0.0,0.0,0.0,0.0,0.0,0.0,0.0
t2996,0.0,0.0,0.0,0.0,0.0,0.0,0.0,0.0,0.0,0.0,0.0,0.0,0.0,0.0,0.0,0.0,0.0,0.0
t2997,0.0,0.0,0.0,0.0,0.0,0.0,0.0,0.0,0.0,0.0,0.0,0.0,0.0,0.0,0.0,0.0,0.0,0.0
t2998,0.0,0.0,0.0,0.0,0.0,0.0,0.0,0.0,0.0,0.0,0.0,0.0,0.0,0.0,0.0,0.0,0.0,0.0
t2999,0.0,0.0,0.0,0.0,0.0,0.0,0.0,0.0,0.0,0.0,0.0,0.0,0.0,0.0,0.0,0.0,0.0,0.0
t3000,0.0,0.0,0.0,0.0,0.0,0.0,0.0,0.0,0.0,0.0,0.0,0.0,0.0,0.0,0.0,0.0,0.0,0.0
t3001,0.0,0.0,0.0,0.0,0.0,0.0,0.0,0.0,0.0,0.0,0.0,0.0,0.0,0.0,0.0,0.0,0.0,0.0
t3002,0.0,0.0,0.0,0.0,0.0,0.0,0.0,0.0,0.0,0.0,0.0,0.0,0.0,0.0,0.0,0.0,0.0,0.0
t3003,0.0,0.0,0.0,0.0,0.0,0.0,0.0,0.0,0.0,0.0,0.0,0.0,0.0,0.0,0.0,0.0,0.0,0.0
t3004,0.0,0.0,0.0,0.0,0.0,0.0,0.0,0.0,0.0,0.0,0.0,0.0,0.0,0.0,0.0,0.0,0.0,0.0
t3005,0.0,0.0,0.0,0.0,0.0,0.0,0.0,0.0,0.0,0.0,0.0,0.0,0.0,0.0,0.0,0.0,0.0,0.0
t3006,0.0,0.0,0.0,0.0,0.0,0.0,0.0,0.0,0.0,0.0,0.0,0.0,0.0,0.0,0.0,0.0,0.0,0.0
t3007,0.0,0.0,0.0,0.0,0.0,0.0,0.0,0.0,0.0,0.0,0.0,0.0,0.0,0.0,0.0,0.0,0.0,0.0
t3008,1220.0,68.03613911999994,0.0,0.0,0.0,0.0,521.41302031,1878.5910070144223,0.0,0.0,0.0,0.0,0.0,0.0,0.0,0.0,0.0,3688.040166444422
t3009,1220.0,120.0,0.0,0.0,0.0,4697.631522882799,977.8834402899998,0.0,0.0,0.0,0.0,0.0,0.0,0.0,0.0,0.0,0.0,7015.514963172799
t3010,0.0,0.0,0.0,0.0,0.0,5620.851204050707,1324.12867674,0.0,0.0,0.0,0.0,0.0,0.0,0.0,0.0,0.0,0.0,6944.979880790706
t3011,1220.0,120.0,0.0,0.0,0.0,5125.927013668113,899.7583442100001,0.0,0.0,0.0,0.0,0.0,0.0,0.0,0.0,0.0,0.0,7365.685357878114
t3012,0.0,77.92844546726462,0.0,0.0,0.0,3495.7787631176393,1390.8472642312565,1950.0,0.0,0.0,0.0,0.0,0.0,0.0,0.0,0.0,0.0,6914.55447281616
t3013,1220.0,0.0,0.0,0.0,0.0,2877.8010636630215,1590.0,0.0,0.0,0.0,0.0,0.0,0.0,0.0,0.0,0.0,0.0,5687.8010636630215
t3014,0.0,0.0,0.0,0.0,0.0,2517.4928953492654,0.0,1218.8043812100007,0.0,0.0,0.0,0.0,0.0,0.0,0.0,0.0,0.0,3736.297276559266
t3015,263.9732766371902,120.0,0.0,0.0,0.0,212.85484057977254,0.0,0.0,0.0,0.0,0.0,0.0,0.0,0.0,0.0,0.0,0.0,596.8281172169627
t3016,0.0,0.0,0.0,0.0,0.0,0.0,0.0,0.0,0.0,0.0,0.0,0.0,0.0,0.0,0.0,0.0,0.0,0.0
t3017,0.0,0.0,0.0,0.0,0.0,0.0,0.0,0.0,0.0,0.0,0.0,0.0,0.0,0.0,0.0,0.0,0.0,0.0
t3018,0.0,0.0,0.0,0.0,0.0,0.0,0.0,0.0,0.0,0.0,0.0,0.0,0.0,0.0,0.0,0.0,0.0,0.0
t3019,0.0,0.0,0.0,0.0,0.0,0.0,0.0,0.0,0.0,0.0,0.0,0.0,0.0,0.0,0.0,0.0,0.0,0.0
t3020,0.0,0.0,0.0,0.0,0.0,0.0,0.0,0.0,0.0,0.0,0.0,0.0,0.0,0.0,0.0,0.0,0.0,0.0
t3021,0.0,0.0,0.0,0.0,0.0,0.0,0.0,0.0,0.0,0.0,0.0,0.0,0.0,0.0,0.0,0.0,0.0,0.0
t3022,0.0,0.0,0.0,0.0,0.0,0.0,0.0,0.0,0.0,0.0,0.0,0.0,0.0,0.0,0.0,0.0,0.0,0.0
t3023,0.0,0.0,0.0,0.0,0.0,0.0,0.0,0.0,0.0,0.0,0.0,0.0,0.0,0.0,0.0,0.0,0.0,0.0
t3024,0.0,0.0,0.0,0.0,0.0,0.0,0.0,0.0,0.0,0.0,0.0,0.0,0.0,0.0,0.0,0.0,0.0,0.0
t3025,0.0,0.0,0.0,0.0,0.0,0.0,0.0,0.0,0.0,0.0,0.0,0.0,0.0,0.0,0.0,0.0,0.0,0.0
t3026,0.0,0.0,0.0,0.0,0.0,0.0,0.0,0.0,0.0,0.0,0.0,0.0,0.0,0.0,0.0,0.0,0.0,0.0
t3027,0.0,0.0,0.0,0.0,0.0,0.0,0.0,0.0,0.0,0.0,0.0,0.0,0.0,0.0,0.0,0.0,0.0,0.0
t3028,0.0,0.0,0.0,0.0,0.0,0.0,0.0,0.0,0.0,0.0,0.0,0.0,0.0,0.0,0.0,0.0,0.0,0.0
t3029,0.0,0.0,0.0,0.0,0.0,0.0,0.0,0.0,0.0,0.0,0.0,0.0,0.0,0.0,0.0,0.0,0.0,0.0
t3030,0.0,0.0,0.0,0.0,0.0,0.0,0.0,0.0,0.0,0.0,0.0,0.0,0.0,0.0,0.0,0.0,0.0,0.0
t3031,0.0,0.0,0.0,0.0,0.0,0.0,0.0,0.0,0.0,0.0,0.0,0.0,0.0,0.0,0.0,0.0,0.0,0.0
t3032,0.0,0.0,0.0,0.0,0.0,0.0,0.0,0.0,0.0,0.0,0.0,0.0,0.0,0.0,0.0,0.0,0.0,0.0
t3033,0.0,0.0,0.0,0.0,0.0,0.0,0.0,0.0,0.0,0.0,0.0,0.0,0.0,0.0,0.0,0.0,0.0,0.0
t3034,0.0,0.0,0.0,0.0,0.0,0.0,0.0,0.0,0.0,0.0,0.0,0.0,0.0,0.0,0.0,0.0,0.0,0.0
t3035,0.0,120.0,0.0,0.0,0.0,0.0,723.6991906420014,0.0,0.0,0.0,0.0,0.0,0.0,0.0,0.0,0.0,0.0,843.6991906420014
t3036,1220.0,120.0,0.0,0.0,1032.3093090932691,2209.836740303435,762.0826692690472,0.0,0.0,0.0,0.0,0.0,0.0,0.0,0.0,0.0,0.0,5344.228718665751
t3037,0.0,120.0,0.0,0.0,0.0,0.0,1223.3199330529417,0.0,0.0,0.0,0.0,0.0,0.0,0.0,0.0,0.0,0.0,1343.3199330529417
t3038,0.0,0.0,0.0,0.0,0.0,0.0,163.64121778859368,0.0,0.0,0.0,0.0,0.0,0.0,0.0,0.0,0.0,0.0,163.64121778859368
t3039,1220.0,0.0,0.0,0.0,0.0,0.0,589.4071156483495,0.0,0.0,0.0,0.0,0.0,0.0,0.0,0.0,0.0,0.0,1809.4071156483496
t3040,1220.0,0.0,0.0,0.0,0.0,0.0,452.30822523888435,0.0,0.0,0.0,0.0,0.0,0.0,0.0,0.0,0.0,0.0,1672.3082252388845
t3041,0.0,0.0,0.0,0.0,0.0,0.0,0.0,0.0,0.0,0.0,0.0,0.0,0.0,0.0,0.0,0.0,0.0,0.0
t3042,0.0,0.0,0.0,0.0,0.0,0.0,0.0,0.0,0.0,0.0,0.0,0.0,0.0,0.0,0.0,0.0,0.0,0.0
t3043,0.0,0.0,0.0,0.0,0.0,0.0,0.0,0.0,0.0,0.0,0.0,0.0,0.0,0.0,0.0,0.0,0.0,0.0
t3044,0.0,0.0,0.0,0.0,0.0,0.0,0.0,0.0,0.0,0.0,0.0,0.0,0.0,0.0,0.0,0.0,0.0,0.0
t3045,0.0,0.0,0.0,0.0,0.0,0.0,0.0,0.0,0.0,0.0,0.0,0.0,0.0,0.0,0.0,0.0,0.0,0.0
t3046,0.0,0.0,0.0,0.0,0.0,0.0,0.0,0.0,0.0,0.0,0.0,0.0,0.0,0.0,0.0,0.0,0.0,0.0
t3047,0.0,0.0,0.0,0.0,0.0,0.0,0.0,0.0,0.0,0.0,0.0,0.0,0.0,0.0,0.0,0.0,0.0,0.0
t3048,0.0,0.0,0.0,0.0,0.0,0.0,0.0,0.0,0.0,0.0,0.0,0.0,0.0,0.0,0.0,0.0,0.0,0.0
t3049,0.0,0.0,0.0,0.0,0.0,0.0,0.0,0.0,0.0,0.0,0.0,0.0,0.0,0.0,0.0,0.0,0.0,0.0
t3050,0.0,0.0,0.0,0.0,0.0,0.0,0.0,0.0,0.0,0.0,0.0,0.0,0.0,0.0,0.0,0.0,0.0,0.0
t3051,0.0,0.0,0.0,0.0,0.0,0.0,0.0,0.0,0.0,0.0,0.0,0.0,0.0,0.0,0.0,0.0,0.0,0.0
t3052,0.0,0.0,0.0,0.0,0.0,0.0,0.0,0.0,0.0,0.0,0.0,0.0,0.0,0.0,0.0,0.0,0.0,0.0
t3053,0.0,0.0,0.0,0.0,0.0,0.0,0.0,0.0,0.0,0.0,0.0,0.0,0.0,0.0,0.0,0.0,0.0,0.0
t3054,0.0,0.0,0.0,0.0,0.0,0.0,0.0,0.0,0.0,0.0,0.0,0.0,0.0,0.0,0.0,0.0,0.0,0.0
t3055,0.0,0.0,0.0,0.0,0.0,0.0,0.0,0.0,0.0,0.0,0.0,0.0,0.0,0.0,0.0,0.0,0.0,0.0
t3056,0.0,120.0,0.0,0.0,0.0,467.65482142752023,904.0860423239332,0.0,0.0,0.0,0.0,0.0,0.0,0.0,0.0,0.0,0.0,1491.7408637514534
t3057,0.0,0.0,0.0,0.0,0.0,0.0,217.6650543400005,707.0471116810451,0.0,0.0,0.0,0.0,0.0,0.0,0.0,0.0,0.0,924.7121660210455
t3058,0.0,0.0,0.0,0.0,0.0,4238.212126542853,274.10524912349723,1950.0,0.0,0.0,0.0,0.0,0.0,0.0,0.0,0.0,0.0,6462.31737566635
t3059,1220.0,120.0,0.0,0.0,0.0,4712.99873024599,645.2606062138253,1368.919252746836,0.0,0.0,0.0,0.0,0.0,0.0,0.0,0.0,0.0,8067.178589206652
t3060,1220.0,120.0,0.0,0.0,843.0492855524483,4047.239401309983,1414.2433095700003,431.99413504544424,0.0,0.0,0.0,0.0,0.0,0.0,0.0,0.0,0.0,8076.526131477876
t3061,1131.2470950295417,0.0,0.0,0.0,804.6054167540182,2437.8135939603544,1590.0,520.0895436190838,0.0,0.0,0.0,0.0,0.0,0.0,0.0,0.0,0.0,6483.755649362998
t3062,582.97388214,25.964584587264614,0.0,0.0,0.0,920.8223197001581,1515.7746360800004,0.0,0.0,0.0,0.0,0.0,0.0,0.0,0.0,0.0,0.0,3045.5354225074234
t3063,989.7522994676483,120.0,0.0,0.0,0.0,0.0,142.89584813000022,819.1040648200001,0.0,0.0,0.0,0.0,0.0,0.0,0.0,0.0,0.0,2071.7522124176485
t3064,0.0,0.0,0.0,0.0,0.0,0.0,0.0,0.0,0.0,0.0,0.0,0.0,0.0,0.0,0.0,0.0,0.0,0.0
t3065,0.0,0.0,0.0,0.0,0.0,0.0,0.0,0.0,0.0,0.0,0.0,0.0,0.0,0.0,0.0,0.0,0.0,0.0
t3066,0.0,0.0,0.0,0.0,0.0,0.0,0.0,0.0,0.0,0.0,0.0,0.0,0.0,0.0,0.0,0.0,0.0,0.0
t3067,0.0,0.0,0.0,0.0,0.0,0.0,0.0,0.0,0.0,0.0,0.0,0.0,0.0,0.0,0.0,0.0,0.0,0.0
t3068,0.0,0.0,0.0,0.0,0.0,0.0,0.0,0.0,0.0,0.0,0.0,0.0,0.0,0.0,0.0,0.0,0.0,0.0
t3069,0.0,0.0,0.0,0.0,0.0,0.0,0.0,0.0,0.0,0.0,0.0,0.0,0.0,0.0,0.0,0.0,0.0,0.0
t3070,0.0,0.0,0.0,0.0,0.0,0.0,0.0,0.0,0.0,0.0,0.0,0.0,0.0,0.0,0.0,0.0,0.0,0.0
t3071,0.0,0.0,0.0,0.0,0.0,0.0,0.0,0.0,0.0,0.0,0.0,0.0,0.0,0.0,0.0,0.0,0.0,0.0
t3072,0.0,0.0,0.0,0.0,0.0,0.0,0.0,0.0,0.0,0.0,0.0,0.0,0.0,0.0,0.0,0.0,0.0,0.0
t3073,0.0,0.0,0.0,0.0,0.0,0.0,0.0,0.0,0.0,0.0,0.0,0.0,0.0,0.0,0.0,0.0,0.0,0.0
t3074,0.0,0.0,0.0,0.0,0.0,0.0,0.0,0.0,0.0,0.0,0.0,0.0,0.0,0.0,0.0,0.0,0.0,0.0
t3075,0.0,0.0,0.0,0.0,0.0,0.0,0.0,0.0,0.0,0.0,0.0,0.0,0.0,0.0,0.0,0.0,0.0,0.0
t3076,0.0,0.0,0.0,0.0,0.0,0.0,0.0,0.0,0.0,0.0,0.0,0.0,0.0,0.0,0.0,0.0,0.0,0.0
t3077,0.0,0.0,0.0,0.0,0.0,0.0,0.0,0.0,0.0,0.0,0.0,0.0,0.0,0.0,0.0,0.0,0.0,0.0
t3078,0.0,0.0,0.0,0.0,0.0,0.0,0.0,0.0,0.0,0.0,0.0,0.0,0.0,0.0,0.0,0.0,0.0,0.0
t3079,0.0,0.0,0.0,0.0,0.0,0.0,0.0,0.0,0.0,0.0,0.0,0.0,0.0,0.0,0.0,0.0,0.0,0.0
t3080,893.5719947299777,0.0,0.0,0.0,0.0,0.0,0.0,0.0,0.0,0.0,0.0,0.0,0.0,0.0,0.0,0.0,0.0,893.5719947299777
t3081,390.334792150715,0.0,0.0,0.0,0.0,0.0,0.0,0.0,0.0,0.0,0.0,0.0,0.0,0.0,0.0,0.0,0.0,390.334792150715
t3082,1220.0,0.0,0.0,0.0,0.0,0.0,1163.2232871500005,0.0,0.0,0.0,0.0,0.0,0.0,0.0,0.0,0.0,0.0,2383.2232871500005
t3083,1220.0,0.0,0.0,0.0,0.0,0.0,964.2934137043211,0.0,0.0,0.0,0.0,0.0,0.0,0.0,0.0,0.0,0.0,2184.293413704321
t3084,1220.0,0.0,0.0,0.0,0.0,0.0,1131.1729630781829,0.0,0.0,0.0,0.0,0.0,0.0,0.0,0.0,0.0,0.0,2351.172963078183
t3085,0.0,0.0,0.0,0.0,0.0,0.0,0.0,0.0,0.0,0.0,0.0,0.0,0.0,0.0,0.0,0.0,0.0,0.0
t3086,2.0887723358613925,0.0,0.0,0.0,0.0,0.0,0.0,0.0,0.0,0.0,0.0,0.0,0.0,0.0,0.0,0.0,0.0,2.0887723358613925
t3087,0.0,0.0,0.0,0.0,0.0,0.0,0.0,0.0,0.0,0.0,0.0,0.0,0.0,0.0,0.0,0.0,0.0,0.0
t3088,0.0,0.0,0.0,0.0,0.0,0.0,0.0,0.0,0.0,0.0,0.0,0.0,0.0,0.0,0.0,0.0,0.0,0.0
t3089,0.0,0.0,0.0,0.0,0.0,0.0,0.0,0.0,0.0,0.0,0.0,0.0,0.0,0.0,0.0,0.0,0.0,0.0
t3090,0.0,0.0,0.0,0.0,0.0,0.0,0.0,0.0,0.0,0.0,0.0,0.0,0.0,0.0,0.0,0.0,0.0,0.0
t3091,0.0,0.0,0.0,0.0,0.0,0.0,0.0,0.0,0.0,0.0,0.0,0.0,0.0,0.0,0.0,0.0,0.0,0.0
t3092,0.0,0.0,0.0,0.0,0.0,0.0,0.0,0.0,0.0,0.0,0.0,0.0,0.0,0.0,0.0,0.0,0.0,0.0
t3093,0.0,0.0,0.0,0.0,0.0,0.0,0.0,0.0,0.0,0.0,0.0,0.0,0.0,0.0,0.0,0.0,0.0,0.0
t3094,0.0,0.0,0.0,0.0,0.0,0.0,0.0,0.0,0.0,0.0,0.0,0.0,0.0,0.0,0.0,0.0,0.0,0.0
t3095,0.0,0.0,0.0,0.0,0.0,0.0,0.0,0.0,0.0,0.0,0.0,0.0,0.0,0.0,0.0,0.0,0.0,0.0
t3096,0.0,0.0,0.0,0.0,0.0,0.0,0.0,0.0,0.0,0.0,0.0,0.0,0.0,0.0,0.0,0.0,0.0,0.0
t3097,0.0,0.0,0.0,0.0,0.0,0.0,0.0,0.0,0.0,0.0,0.0,0.0,0.0,0.0,0.0,0.0,0.0,0.0
t3098,0.0,0.0,0.0,0.0,0.0,0.0,0.0,0.0,0.0,0.0,0.0,0.0,0.0,0.0,0.0,0.0,0.0,0.0
t3099,0.0,0.0,0.0,0.0,0.0,0.0,0.0,0.0,0.0,0.0,0.0,0.0,0.0,0.0,0.0,0.0,0.0,0.0
t3100,0.0,0.0,0.0,0.0,0.0,0.0,0.0,0.0,0.0,0.0,0.0,0.0,0.0,0.0,0.0,0.0,0.0,0.0
t3101,0.0,0.0,0.0,0.0,0.0,0.0,0.0,0.0,0.0,0.0,0.0,0.0,0.0,0.0,0.0,0.0,0.0,0.0
t3102,0.0,0.0,0.0,0.0,0.0,0.0,0.0,0.0,0.0,0.0,0.0,0.0,0.0,0.0,0.0,0.0,0.0,0.0
t3103,0.0,0.0,0.0,0.0,0.0,0.0,0.0,0.0,0.0,0.0,0.0,0.0,0.0,0.0,0.0,0.0,0.0,0.0
t3104,0.0,0.0,0.0,0.0,0.0,0.0,0.0,0.0,0.0,0.0,0.0,0.0,0.0,0.0,0.0,0.0,0.0,0.0
t3105,0.0,0.0,0.0,0.0,0.0,0.0,33.60074793000001,0.0,0.0,0.0,0.0,0.0,0.0,0.0,0.0,0.0,0.0,33.60074793000001
t3106,1220.0,120.0,0.0,0.0,0.0,0.0,1209.97662052,1138.2313183788963,0.0,0.0,0.0,0.0,0.0,0.0,0.0,0.0,0.0,3688.207938898897
t3107,1220.0,25.96458458726457,0.0,0.0,0.0,1610.2969716697608,1590.0,928.216130507835,0.0,0.0,0.0,0.0,0.0,0.0,0.0,0.0,0.0,5374.477686764861
t3108,263.9732766371902,120.0,0.0,0.0,545.3751901723426,3006.1863400331877,834.8653175300445,1179.0632025680618,0.0,0.0,0.0,0.0,0.0,0.0,0.0,0.0,0.0,5949.463326940827
t3109,0.0,120.0,0.0,0.0,807.0049726355481,2974.376131899229,1202.6759047599999,613.8049721700003,0.0,0.0,0.0,0.0,0.0,0.0,0.0,0.0,0.0,5717.861981464777
t3110,1220.0,0.0,0.0,0.0,0.0,1620.683893292071,347.1603886800003,1698.0861211699978,0.0,0.0,0.0,0.0,0.0,0.0,0.0,0.0,0.0,4885.930403142069
t3111,1220.0,120.0,0.0,0.0,0.0,184.69286801274254,1485.751766361212,0.0,0.0,0.0,0.0,0.0,0.0,0.0,0.0,0.0,0.0,3010.4446343739546
t3112,0.0,0.0,0.0,0.0,0.0,0.0,0.0,0.0,0.0,0.0,0.0,0.0,0.0,0.0,0.0,0.0,0.0,0.0
t3113,0.0,0.0,0.0,0.0,0.0,0.0,0.0,0.0,0.0,0.0,0.0,0.0,0.0,0.0,0.0,0.0,0.0,0.0
t3114,0.0,0.0,0.0,0.0,0.0,0.0,0.0,0.0,0.0,0.0,0.0,0.0,0.0,0.0,0.0,0.0,0.0,0.0
t3115,0.0,0.0,0.0,0.0,0.0,0.0,0.0,0.0,0.0,0.0,0.0,0.0,0.0,0.0,0.0,0.0,0.0,0.0
t3116,0.0,0.0,0.0,0.0,0.0,0.0,0.0,0.0,0.0,0.0,0.0,0.0,0.0,0.0,0.0,0.0,0.0,0.0
t3117,0.0,0.0,0.0,0.0,0.0,0.0,0.0,0.0,0.0,0.0,0.0,0.0,0.0,0.0,0.0,0.0,0.0,0.0
t3118,0.0,0.0,0.0,0.0,0.0,0.0,0.0,0.0,0.0,0.0,0.0,0.0,0.0,0.0,0.0,0.0,0.0,0.0
t3119,0.0,0.0,0.0,0.0,0.0,0.0,0.0,0.0,0.0,0.0,0.0,0.0,0.0,0.0,0.0,0.0,0.0,0.0
t3120,0.0,0.0,0.0,0.0,0.0,0.0,0.0,0.0,0.0,0.0,0.0,0.0,0.0,0.0,0.0,0.0,0.0,0.0
t3121,0.0,0.0,0.0,0.0,0.0,0.0,0.0,0.0,0.0,0.0,0.0,0.0,0.0,0.0,0.0,0.0,0.0,0.0
t3122,0.0,0.0,0.0,0.0,0.0,0.0,0.0,0.0,0.0,0.0,0.0,0.0,0.0,0.0,0.0,0.0,0.0,0.0
t3123,0.0,0.0,0.0,0.0,0.0,0.0,0.0,0.0,0.0,0.0,0.0,0.0,0.0,0.0,0.0,0.0,0.0,0.0
t3124,0.0,0.0,0.0,0.0,0.0,0.0,0.0,0.0,0.0,0.0,0.0,0.0,0.0,0.0,0.0,0.0,0.0,0.0
t3125,0.0,0.0,0.0,0.0,0.0,0.0,0.0,0.0,0.0,0.0,0.0,0.0,0.0,0.0,0.0,0.0,0.0,0.0
t3126,0.0,0.0,0.0,0.0,0.0,0.0,0.0,0.0,0.0,0.0,0.0,0.0,0.0,0.0,0.0,0.0,0.0,0.0
t3127,0.0,0.0,0.0,0.0,0.0,0.0,0.0,0.0,0.0,0.0,0.0,0.0,0.0,0.0,0.0,0.0,0.0,0.0
t3128,1087.9159375016327,120.0,0.0,0.0,0.0,0.0,198.2894343699999,0.0,0.0,0.0,0.0,0.0,0.0,0.0,0.0,0.0,0.0,1406.2053718716327
t3129,0.0,120.0,1620.0,0.0,0.0,3314.120519152145,0.0,1950.0,0.0,0.0,0.0,0.0,0.0,0.0,0.0,0.0,0.0,7004.120519152145
t3130,1220.0,0.0,181.64097400000034,0.0,0.0,6654.277868549935,0.0,1950.0,0.0,0.0,0.0,0.0,0.0,0.0,0.0,0.0,0.0,10005.918842549936
t3131,0.0,120.0,1620.0,0.0,927.53042796928,5178.004660153098,396.7481638199999,1950.0,0.0,0.0,0.0,0.0,0.0,0.0,0.0,0.0,0.0,10192.283251942377
t3132,0.0,0.0,0.0,0.0,0.0,6620.231028836783,1367.76182341,0.0,0.0,0.0,0.0,0.0,0.0,0.0,0.0,0.0,0.0,7987.992852246783
t3133,0.0,120.0,0.0,0.0,1432.176142208555,7178.460626412525,1590.0,1950.0,0.0,0.0,0.0,0.0,0.0,0.0,0.0,0.0,0.0,12270.63676862108
t3134,1220.0,0.0,0.0,0.0,0.0,4587.78818207899,1498.310258351257,0.0,0.0,0.0,0.0,0.0,0.0,0.0,0.0,0.0,0.0,7306.098440430247
t3135,1220.0,25.964584587264614,1620.0,0.0,0.0,2218.3932425639728,1053.4156009700002,421.9244995430499,0.0,0.0,0.0,0.0,0.0,0.0,0.0,0.0,0.0,6559.697927664288
t3136,396.0573391355571,0.0,309.5105436915335,0.0,0.0,720.3376779178849,599.50546486,0.0,0.0,0.0,0.0,0.0,0.0,0.0,0.0,0.0,0.0,2025.4110256049753
t3137,0.0,0.0,0.0,0.0,0.0,0.0,0.0,0.0,0.0,0.0,0.0,0.0,0.0,0.0,0.0,0.0,0.0,0.0
t3138,0.0,0.0,0.0,0.0,0.0,0.0,0.0,0.0,0.0,0.0,0.0,0.0,0.0,0.0,0.0,0.0,0.0,0.0
t3139,0.0,0.0,0.0,0.0,0.0,0.0,0.0,0.0,0.0,0.0,0.0,0.0,0.0,0.0,0.0,0.0,0.0,0.0
t3140,0.0,0.0,0.0,0.0,0.0,0.0,0.0,0.0,0.0,0.0,0.0,0.0,0.0,0.0,0.0,0.0,0.0,0.0
t3141,0.0,0.0,0.0,0.0,0.0,0.0,0.0,0.0,0.0,0.0,0.0,0.0,0.0,0.0,0.0,0.0,0.0,0.0
t3142,0.0,0.0,0.0,0.0,0.0,0.0,0.0,0.0,0.0,0.0,0.0,0.0,0.0,0.0,0.0,0.0,0.0,0.0
t3143,0.0,0.0,0.0,0.0,0.0,0.0,0.0,0.0,0.0,0.0,0.0,0.0,0.0,0.0,0.0,0.0,0.0,0.0
t3144,0.0,0.0,0.0,0.0,0.0,0.0,0.0,0.0,0.0,0.0,0.0,0.0,0.0,0.0,0.0,0.0,0.0,0.0
t3145,0.0,0.0,0.0,0.0,0.0,0.0,0.0,0.0,0.0,0.0,0.0,0.0,0.0,0.0,0.0,0.0,0.0,0.0
t3146,0.0,0.0,0.0,0.0,0.0,0.0,0.0,0.0,0.0,0.0,0.0,0.0,0.0,0.0,0.0,0.0,0.0,0.0
t3147,0.0,0.0,0.0,0.0,0.0,0.0,0.0,0.0,0.0,0.0,0.0,0.0,0.0,0.0,0.0,0.0,0.0,0.0
t3148,0.0,0.0,0.0,0.0,0.0,0.0,0.0,0.0,0.0,0.0,0.0,0.0,0.0,0.0,0.0,0.0,0.0,0.0
t3149,0.0,0.0,0.0,0.0,0.0,0.0,0.0,0.0,0.0,0.0,0.0,0.0,0.0,0.0,0.0,0.0,0.0,0.0
t3150,0.0,0.0,0.0,0.0,0.0,0.0,0.0,0.0,0.0,0.0,0.0,0.0,0.0,0.0,0.0,0.0,0.0,0.0
t3151,0.0,0.0,0.0,0.0,0.0,0.0,0.0,0.0,0.0,0.0,0.0,0.0,0.0,0.0,0.0,0.0,0.0,0.0
t3152,1220.0,120.0,60.67164033999972,0.0,0.0,0.0,476.3470793000002,536.9395744451699,0.0,0.0,0.0,0.0,0.0,0.0,0.0,0.0,0.0,2413.9582940851697
t3153,0.0,120.0,289.2791044200002,0.0,0.0,1931.633152361176,1362.35046817,1526.0514661799996,0.0,0.0,0.0,0.0,0.0,0.0,0.0,0.0,0.0,5229.314191131176
t3154,1220.0,120.0,674.8200075880765,0.0,0.0,2672.526420580908,1565.00550117,1439.7634521799996,0.0,0.0,0.0,0.0,0.0,0.0,0.0,0.0,0.0,7692.115381518985
t3155,583.3092690971905,0.0,665.5390285999997,0.0,0.0,4691.617239359674,1590.0,1321.9810345800001,0.0,0.0,0.0,0.0,0.0,0.0,0.0,0.0,0.0,8852.446571636865
t3156,0.0,120.0,652.6623935999999,0.0,2490.051047831966,5100.723357427175,0.0,1455.0023227800007,0.0,0.0,0.0,0.0,0.0,0.0,0.0,0.0,0.0,9818.439121639141
t3157,0.0,25.964584587264614,608.1514932,0.0,0.0,4722.025036655095,752.9421260378593,0.0,0.0,0.0,0.0,0.0,0.0,0.0,0.0,0.0,0.0,6109.0832404802195
t3158,0.0,0.0,450.5866646000002,0.0,0.0,4481.547942113535,957.3855711033967,0.0,0.0,0.0,0.0,0.0,0.0,0.0,0.0,0.0,0.0,5889.520177816932
t3159,1220.0,0.0,308.4549475999999,0.0,0.0,1958.2920803934094,0.0,0.0,0.0,0.0,0.0,0.0,0.0,0.0,0.0,0.0,0.0,3486.7470279934096
t3160,900.6640075399994,0.0,97.98929002999957,0.0,0.0,0.0,0.0,0.0,0.0,0.0,0.0,0.0,0.0,0.0,0.0,0.0,0.0,998.6532975699989
t3161,0.0,0.0,0.0,0.0,0.0,0.0,0.0,0.0,0.0,0.0,0.0,0.0,0.0,0.0,0.0,0.0,0.0,0.0
t3162,0.0,0.0,0.0,0.0,0.0,0.0,0.0,0.0,0.0,0.0,0.0,0.0,0.0,0.0,0.0,0.0,0.0,0.0
t3163,0.0,0.0,0.0,0.0,0.0,0.0,0.0,0.0,0.0,0.0,0.0,0.0,0.0,0.0,0.0,0.0,0.0,0.0
t3164,0.0,0.0,0.0,0.0,0.0,0.0,0.0,0.0,0.0,0.0,0.0,0.0,0.0,0.0,0.0,0.0,0.0,0.0
t3165,0.0,0.0,0.0,0.0,0.0,0.0,0.0,0.0,0.0,0.0,0.0,0.0,0.0,0.0,0.0,0.0,0.0,0.0
t3166,0.0,0.0,0.0,0.0,0.0,0.0,0.0,0.0,0.0,0.0,0.0,0.0,0.0,0.0,0.0,0.0,0.0,0.0
t3167,0.0,0.0,0.0,0.0,0.0,0.0,0.0,0.0,0.0,0.0,0.0,0.0,0.0,0.0,0.0,0.0,0.0,0.0
t3168,0.0,0.0,0.0,0.0,0.0,0.0,0.0,0.0,0.0,0.0,0.0,0.0,0.0,0.0,0.0,0.0,0.0,0.0
t3169,0.0,0.0,0.0,0.0,0.0,0.0,0.0,0.0,0.0,0.0,0.0,0.0,0.0,0.0,0.0,0.0,0.0,0.0
t3170,0.0,0.0,0.0,0.0,0.0,0.0,0.0,0.0,0.0,0.0,0.0,0.0,0.0,0.0,0.0,0.0,0.0,0.0
t3171,0.0,0.0,0.0,0.0,0.0,0.0,0.0,0.0,0.0,0.0,0.0,0.0,0.0,0.0,0.0,0.0,0.0,0.0
t3172,0.0,0.0,0.0,0.0,0.0,0.0,0.0,0.0,0.0,0.0,0.0,0.0,0.0,0.0,0.0,0.0,0.0,0.0
t3173,0.0,0.0,0.0,0.0,0.0,0.0,0.0,0.0,0.0,0.0,0.0,0.0,0.0,0.0,0.0,0.0,0.0,0.0
t3174,0.0,0.0,0.0,0.0,0.0,0.0,0.0,0.0,0.0,0.0,0.0,0.0,0.0,0.0,0.0,0.0,0.0,0.0
t3175,0.0,0.0,0.0,0.0,0.0,0.0,0.0,0.0,0.0,0.0,0.0,0.0,0.0,0.0,0.0,0.0,0.0,0.0
t3176,0.0,120.0,218.3290834099999,0.0,0.0,3041.540915258644,367.82822725,1950.0,0.0,0.0,0.0,0.0,0.0,0.0,0.0,0.0,0.0,5697.698225918644
t3177,1220.0,120.0,116.4865035999999,0.0,1689.6545251278478,4963.886810496217,549.9109303799999,1950.0,0.0,0.0,0.0,0.0,0.0,0.0,0.0,0.0,0.0,10609.938769604065
t3178,1220.0,0.0,169.74009939999968,0.0,0.0,5088.619726361293,524.4135858400001,0.0,0.0,0.0,0.0,0.0,0.0,0.0,0.0,0.0,0.0,7002.773411601293
t3179,0.0,111.12854071726447,317.8526585999996,0.0,1696.1703837441294,4465.039739640582,730.9735542999998,0.0,0.0,0.0,0.0,0.0,0.0,0.0,0.0,0.0,0.0,7321.164877001976
t3180,1220.0,120.0,350.64974580000006,0.0,0.0,3083.8349254299183,1126.3943290300003,1950.0,0.0,0.0,0.0,0.0,0.0,0.0,0.0,0.0,0.0,7850.879000259919
t3181,0.0,0.0,595.8916195999998,0.0,1524.8332780894743,2669.755348269666,1581.02942269,1069.68084320305,0.0,0.0,0.0,0.0,0.0,0.0,0.0,0.0,0.0,7441.19051185219
t3182,363.61580433718996,0.0,534.2009175999999,0.0,0.0,2624.996455190995,1355.5367300800003,1302.2436563400001,0.0,0.0,0.0,0.0,0.0,0.0,0.0,0.0,0.0,6180.593563548186
t3183,1120.3574723000002,34.83604387000011,463.3940186,0.0,0.0,4412.706443159538,467.94396621125657,0.0,0.0,0.0,0.0,0.0,0.0,0.0,0.0,0.0,0.0,6499.237944140795
t3184,0.0,0.0,255.82267534000002,0.0,0.0,1295.793847997481,0.0,0.0,0.0,0.0,0.0,0.0,0.0,0.0,0.0,0.0,0.0,1551.6165233374809
t3185,0.0,0.0,0.0,0.0,0.0,0.0,0.0,0.0,0.0,0.0,0.0,0.0,0.0,0.0,0.0,0.0,0.0,0.0
t3186,0.0,0.0,0.0,0.0,0.0,0.0,0.0,0.0,0.0,0.0,0.0,0.0,0.0,0.0,0.0,0.0,0.0,0.0
t3187,0.0,0.0,0.0,0.0,0.0,0.0,0.0,0.0,0.0,0.0,0.0,0.0,0.0,0.0,0.0,0.0,0.0,0.0
t3188,0.0,0.0,0.0,0.0,0.0,0.0,0.0,0.0,0.0,0.0,0.0,0.0,0.0,0.0,0.0,0.0,0.0,0.0
t3189,0.0,0.0,0.0,0.0,0.0,0.0,0.0,0.0,0.0,0.0,0.0,0.0,0.0,0.0,0.0,0.0,0.0,0.0
t3190,0.0,0.0,0.0,0.0,0.0,0.0,0.0,0.0,0.0,0.0,0.0,0.0,0.0,0.0,0.0,0.0,0.0,0.0
t3191,0.0,0.0,0.0,0.0,0.0,0.0,0.0,0.0,0.0,0.0,0.0,0.0,0.0,0.0,0.0,0.0,0.0,0.0
t3192,0.0,0.0,0.0,0.0,0.0,0.0,0.0,0.0,0.0,0.0,0.0,0.0,0.0,0.0,0.0,0.0,0.0,0.0
t3193,0.0,0.0,0.0,0.0,0.0,0.0,0.0,0.0,0.0,0.0,0.0,0.0,0.0,0.0,0.0,0.0,0.0,0.0
t3194,0.0,0.0,0.0,0.0,0.0,0.0,0.0,0.0,0.0,0.0,0.0,0.0,0.0,0.0,0.0,0.0,0.0,0.0
t3195,0.0,0.0,0.0,0.0,0.0,0.0,0.0,0.0,0.0,0.0,0.0,0.0,0.0,0.0,0.0,0.0,0.0,0.0
t3196,0.0,0.0,0.0,0.0,0.0,0.0,0.0,0.0,0.0,0.0,0.0,0.0,0.0,0.0,0.0,0.0,0.0,0.0
t3197,0.0,0.0,0.0,0.0,0.0,0.0,0.0,0.0,0.0,0.0,0.0,0.0,0.0,0.0,0.0,0.0,0.0,0.0
t3198,0.0,0.0,0.0,0.0,0.0,0.0,0.0,0.0,0.0,0.0,0.0,0.0,0.0,0.0,0.0,0.0,0.0,0.0
t3199,0.0,0.0,0.0,0.0,0.0,0.0,0.0,897.5519496903519,0.0,0.0,0.0,0.0,0.0,0.0,0.0,0.0,0.0,897.5519496903519
t3200,1220.0,120.0,0.0,0.0,0.0,0.0,451.11483334975037,1950.0,0.0,0.0,0.0,0.0,0.0,0.0,0.0,0.0,0.0,3741.1148333497504
t3201,986.8993300599989,120.0,0.0,0.0,0.0,0.0,1055.5695198041458,1950.0,0.0,0.0,0.0,0.0,0.0,0.0,0.0,0.0,0.0,4112.468849864144
t3202,708.5435763771941,120.0,0.0,0.0,0.0,0.0,579.4083519957188,1950.0,0.0,0.0,0.0,0.0,0.0,0.0,0.0,0.0,0.0,3357.951928372913
t3203,700.1608650999981,120.0,0.0,0.0,0.0,784.842670290298,137.28966733000036,1238.2245265388572,0.0,0.0,0.0,0.0,0.0,0.0,0.0,0.0,0.0,2980.5177292591534
t3204,308.36950509999895,25.964584587264614,0.0,0.0,0.0,717.9570904703402,228.76367114000007,221.9435173499733,0.0,0.0,0.0,0.0,0.0,0.0,0.0,0.0,0.0,1502.998368647577
t3205,1220.0,0.0,0.0,0.0,0.0,0.0,0.0,0.0,0.0,0.0,0.0,0.0,0.0,0.0,0.0,0.0,0.0,1220.0
t3206,0.0,0.0,0.0,0.0,0.0,0.0,0.0,0.0,0.0,0.0,0.0,0.0,0.0,0.0,0.0,0.0,0.0,0.0
t3207,0.0,0.0,0.0,0.0,0.0,0.0,0.0,0.0,0.0,0.0,0.0,0.0,0.0,0.0,0.0,0.0,0.0,0.0
t3208,0.0,0.0,0.0,0.0,0.0,0.0,0.0,0.0,0.0,0.0,0.0,0.0,0.0,0.0,0.0,0.0,0.0,0.0
t3209,0.0,0.0,0.0,0.0,0.0,0.0,0.0,0.0,0.0,0.0,0.0,0.0,0.0,0.0,0.0,0.0,0.0,0.0
t3210,0.0,0.0,0.0,0.0,0.0,0.0,0.0,0.0,0.0,0.0,0.0,0.0,0.0,0.0,0.0,0.0,0.0,0.0
t3211,0.0,0.0,0.0,0.0,0.0,0.0,0.0,0.0,0.0,0.0,0.0,0.0,0.0,0.0,0.0,0.0,0.0,0.0
t3212,0.0,0.0,0.0,0.0,0.0,0.0,0.0,0.0,0.0,0.0,0.0,0.0,0.0,0.0,0.0,0.0,0.0,0.0
t3213,0.0,0.0,0.0,0.0,0.0,0.0,0.0,0.0,0.0,0.0,0.0,0.0,0.0,0.0,0.0,0.0,0.0,0.0
t3214,0.0,0.0,0.0,0.0,0.0,0.0,0.0,0.0,0.0,0.0,0.0,0.0,0.0,0.0,0.0,0.0,0.0,0.0
t3215,0.0,0.0,0.0,0.0,0.0,0.0,0.0,0.0,0.0,0.0,0.0,0.0,0.0,0.0,0.0,0.0,0.0,0.0
t3216,0.0,0.0,0.0,0.0,0.0,0.0,0.0,0.0,0.0,0.0,0.0,0.0,0.0,0.0,0.0,0.0,0.0,0.0
t3217,0.0,0.0,0.0,0.0,0.0,0.0,0.0,0.0,0.0,0.0,0.0,0.0,0.0,0.0,0.0,0.0,0.0,0.0
t3218,0.0,0.0,0.0,0.0,0.0,0.0,0.0,0.0,0.0,0.0,0.0,0.0,0.0,0.0,0.0,0.0,0.0,0.0
t3219,0.0,0.0,0.0,0.0,0.0,0.0,0.0,0.0,0.0,0.0,0.0,0.0,0.0,0.0,0.0,0.0,0.0,0.0
t3220,0.0,0.0,0.0,0.0,0.0,0.0,0.0,0.0,0.0,0.0,0.0,0.0,0.0,0.0,0.0,0.0,0.0,0.0
t3221,0.0,0.0,0.0,0.0,0.0,0.0,0.0,0.0,0.0,0.0,0.0,0.0,0.0,0.0,0.0,0.0,0.0,0.0
t3222,0.0,0.0,0.0,0.0,0.0,0.0,0.0,0.0,0.0,0.0,0.0,0.0,0.0,0.0,0.0,0.0,0.0,0.0
t3223,0.0,0.0,0.0,0.0,0.0,0.0,0.0,0.0,0.0,0.0,0.0,0.0,0.0,0.0,0.0,0.0,0.0,0.0
t3224,989.4785212200004,120.0,0.0,0.0,0.0,388.80595190767724,350.4463815857091,1950.0,0.0,0.0,0.0,0.0,0.0,0.0,0.0,0.0,0.0,3798.730854713387
t3225,696.1302839171021,120.0,859.2063110300004,0.0,0.0,1005.2423280375517,14.086215160000304,1950.0,0.0,0.0,0.0,0.0,0.0,0.0,0.0,0.0,0.0,4644.6651381446545
t3226,1220.0,120.0,0.0,0.0,0.0,2840.3664341932504,26.323338880000378,1950.0,0.0,0.0,0.0,0.0,0.0,0.0,0.0,0.0,0.0,6156.689773073251
t3227,1208.120966620001,120.0,0.0,0.0,0.0,4582.531605448891,701.1197578100001,1389.0948848617413,0.0,0.0,0.0,0.0,0.0,0.0,0.0,0.0,0.0,8000.867214740634
t3228,645.1022610324881,0.0,309.19892831827883,0.0,0.0,4679.491530288471,1527.06860523,982.8296146813079,0.0,0.0,0.0,0.0,0.0,0.0,0.0,0.0,0.0,8143.690939550545
t3229,385.14124384759884,25.964584587264614,0.0,0.0,0.0,5080.513783907076,1536.27214599,0.0,0.0,0.0,0.0,0.0,0.0,0.0,0.0,0.0,0.0,7027.89175833194
t3230,0.0,0.0,0.0,0.0,0.0,3925.3879267665798,1149.2650719600001,0.0,0.0,0.0,0.0,0.0,0.0,0.0,0.0,0.0,0.0,5074.65299872658
t3231,0.0,0.0,1105.18705992,0.0,0.0,363.3502053717022,916.0687706200001,0.0,0.0,0.0,0.0,0.0,0.0,0.0,0.0,0.0,0.0,2384.6060359117023
t3232,0.0,0.0,0.0,0.0,0.0,0.0,181.477535468409,0.0,0.0,0.0,0.0,0.0,0.0,0.0,0.0,0.0,0.0,181.477535468409
t3233,0.0,0.0,0.0,0.0,0.0,0.0,0.0,0.0,0.0,0.0,0.0,0.0,0.0,0.0,0.0,0.0,0.0,0.0
t3234,0.0,0.0,0.0,0.0,0.0,0.0,0.0,0.0,0.0,0.0,0.0,0.0,0.0,0.0,0.0,0.0,0.0,0.0
t3235,0.0,0.0,0.0,0.0,0.0,0.0,0.0,0.0,0.0,0.0,0.0,0.0,0.0,0.0,0.0,0.0,0.0,0.0
t3236,0.0,0.0,0.0,0.0,0.0,0.0,0.0,0.0,0.0,0.0,0.0,0.0,0.0,0.0,0.0,0.0,0.0,0.0
t3237,0.0,0.0,0.0,0.0,0.0,0.0,0.0,0.0,0.0,0.0,0.0,0.0,0.0,0.0,0.0,0.0,0.0,0.0
t3238,0.0,0.0,0.0,0.0,0.0,0.0,0.0,0.0,0.0,0.0,0.0,0.0,0.0,0.0,0.0,0.0,0.0,0.0
t3239,0.0,0.0,0.0,0.0,0.0,0.0,0.0,0.0,0.0,0.0,0.0,0.0,0.0,0.0,0.0,0.0,0.0,0.0
t3240,0.0,0.0,0.0,0.0,0.0,0.0,0.0,0.0,0.0,0.0,0.0,0.0,0.0,0.0,0.0,0.0,0.0,0.0
t3241,0.0,0.0,0.0,0.0,0.0,0.0,0.0,0.0,0.0,0.0,0.0,0.0,0.0,0.0,0.0,0.0,0.0,0.0
t3242,0.0,0.0,0.0,0.0,0.0,0.0,0.0,0.0,0.0,0.0,0.0,0.0,0.0,0.0,0.0,0.0,0.0,0.0
t3243,0.0,0.0,0.0,0.0,0.0,0.0,0.0,0.0,0.0,0.0,0.0,0.0,0.0,0.0,0.0,0.0,0.0,0.0
t3244,0.0,0.0,0.0,0.0,0.0,0.0,0.0,0.0,0.0,0.0,0.0,0.0,0.0,0.0,0.0,0.0,0.0,0.0
t3245,0.0,0.0,0.0,0.0,0.0,0.0,0.0,0.0,0.0,0.0,0.0,0.0,0.0,0.0,0.0,0.0,0.0,0.0
t3246,0.0,0.0,0.0,0.0,0.0,0.0,0.0,0.0,0.0,0.0,0.0,0.0,0.0,0.0,0.0,0.0,0.0,0.0
t3247,0.0,0.0,0.0,0.0,0.0,0.0,0.0,1227.4365373836642,0.0,0.0,0.0,0.0,0.0,0.0,0.0,0.0,0.0,1227.4365373836642
t3248,825.9040754200003,0.0,0.0,0.0,0.0,2588.12051189896,0.0,1950.0,0.0,0.0,0.0,0.0,0.0,0.0,0.0,0.0,0.0,5364.024587318961
t3249,972.3365415800005,120.0,1397.9738319799999,0.0,0.0,3167.7074143840136,20.325757638036215,1547.4949700390703,0.0,0.0,0.0,0.0,0.0,0.0,0.0,0.0,0.0,7225.838515621121
t3250,967.4798288600008,120.0,1310.7282414454949,0.0,0.0,4846.9598119421635,138.80582751560314,1950.0,0.0,0.0,0.0,0.0,0.0,0.0,0.0,0.0,0.0,9333.973709763262
t3251,955.6213625399994,120.0,1620.0,0.0,0.0,5861.245452858489,1378.0380152069945,0.0,0.0,0.0,0.0,0.0,0.0,0.0,0.0,0.0,0.0,9934.904830605483
t3252,734.7883006971895,0.0,0.0,0.0,0.0,6338.79515536826,1450.5226839224852,0.0,0.0,0.0,0.0,0.0,0.0,0.0,0.0,0.0,0.0,8524.106139987935
t3253,687.8431675400004,120.0,343.1553601025794,0.0,0.0,5792.715947345811,1191.2405407074352,0.0,0.0,0.0,0.0,0.0,0.0,0.0,0.0,0.0,0.0,8134.955015695827
t3254,0.0,0.0,1338.8482349999995,0.0,0.0,4738.806631195519,1175.409586786313,1546.9929921203163,0.0,0.0,0.0,0.0,0.0,0.0,0.0,0.0,0.0,8800.057445102148
t3255,0.0,0.0,0.0,0.0,0.0,2851.6312431737656,959.9090049776754,0.0,0.0,0.0,0.0,0.0,0.0,0.0,0.0,0.0,0.0,3811.540248151441
t3256,0.0,25.964584587264614,819.8162233999998,0.0,0.0,285.63163749835866,389.77932902671364,0.0,0.0,0.0,0.0,0.0,0.0,0.0,0.0,0.0,0.0,1521.1917745123367
t3257,0.0,0.0,0.0,0.0,0.0,0.0,0.0,0.0,0.0,0.0,0.0,0.0,0.0,0.0,0.0,0.0,0.0,0.0
t3258,0.0,0.0,0.0,0.0,0.0,0.0,0.0,0.0,0.0,0.0,0.0,0.0,0.0,0.0,0.0,0.0,0.0,0.0
t3259,0.0,0.0,0.0,0.0,0.0,0.0,0.0,0.0,0.0,0.0,0.0,0.0,0.0,0.0,0.0,0.0,0.0,0.0
t3260,0.0,0.0,0.0,0.0,0.0,0.0,0.0,0.0,0.0,0.0,0.0,0.0,0.0,0.0,0.0,0.0,0.0,0.0
t3261,0.0,0.0,0.0,0.0,0.0,0.0,0.0,0.0,0.0,0.0,0.0,0.0,0.0,0.0,0.0,0.0,0.0,0.0
t3262,0.0,0.0,0.0,0.0,0.0,0.0,0.0,0.0,0.0,0.0,0.0,0.0,0.0,0.0,0.0,0.0,0.0,0.0
t3263,0.0,0.0,0.0,0.0,0.0,0.0,0.0,0.0,0.0,0.0,0.0,0.0,0.0,0.0,0.0,0.0,0.0,0.0
t3264,0.0,0.0,0.0,0.0,0.0,0.0,0.0,0.0,0.0,0.0,0.0,0.0,0.0,0.0,0.0,0.0,0.0,0.0
t3265,0.0,0.0,0.0,0.0,0.0,0.0,0.0,0.0,0.0,0.0,0.0,0.0,0.0,0.0,0.0,0.0,0.0,0.0
t3266,0.0,0.0,0.0,0.0,0.0,0.0,0.0,0.0,0.0,0.0,0.0,0.0,0.0,0.0,0.0,0.0,0.0,0.0
t3267,0.0,0.0,0.0,0.0,0.0,0.0,0.0,0.0,0.0,0.0,0.0,0.0,0.0,0.0,0.0,0.0,0.0,0.0
t3268,0.0,0.0,0.0,0.0,0.0,0.0,0.0,0.0,0.0,0.0,0.0,0.0,0.0,0.0,0.0,0.0,0.0,0.0
t3269,0.0,0.0,0.0,0.0,0.0,0.0,0.0,0.0,0.0,0.0,0.0,0.0,0.0,0.0,0.0,0.0,0.0,0.0
t3270,0.0,0.0,0.0,0.0,0.0,0.0,0.0,0.0,0.0,0.0,0.0,0.0,0.0,0.0,0.0,0.0,0.0,0.0
t3271,0.0,0.0,0.0,0.0,0.0,0.0,0.0,1593.8464834678773,0.0,0.0,0.0,0.0,0.0,0.0,0.0,0.0,0.0,1593.8464834678773
t3272,1220.0,120.0,0.0,0.0,0.0,2259.8200246662755,420.0581179400003,1950.0,0.0,0.0,0.0,0.0,0.0,0.0,0.0,0.0,0.0,5969.878142606276
t3273,407.43744193719186,120.0,1470.8596208700003,0.0,0.0,3243.724219538537,844.84834023,1950.0,0.0,0.0,0.0,0.0,0.0,0.0,0.0,0.0,0.0,8036.869622575729
t3274,1220.0,120.0,0.0,0.0,0.0,4915.458550897143,1032.2332984699995,1950.0,0.0,0.0,0.0,0.0,0.0,0.0,0.0,0.0,0.0,9237.691849367144
t3275,1220.0,120.0,448.7697591706307,0.0,0.0,4612.472961315478,1236.3074274971143,778.0780160751732,0.0,0.0,0.0,0.0,0.0,0.0,0.0,0.0,0.0,8415.628164058397
t3276,1076.5358346999985,25.964584587264614,0.0,0.0,0.0,5144.015136442512,1253.6733651648312,0.0,0.0,0.0,0.0,0.0,0.0,0.0,0.0,0.0,0.0,7500.188920894606
t3277,0.0,0.0,0.0,0.0,0.0,5616.6420021684025,1235.6907474999998,0.0,0.0,0.0,0.0,0.0,0.0,0.0,0.0,0.0,0.0,6852.332749668402
t3278,0.0,0.0,1089.3110567999997,0.0,0.0,3034.7745837770944,681.2194489793118,0.0,0.0,0.0,0.0,0.0,0.0,0.0,0.0,0.0,0.0,4805.305089556406
t3279,0.0,0.0,924.1617877400002,0.0,0.0,924.5712265051397,0.0,0.0,0.0,0.0,0.0,0.0,0.0,0.0,0.0,0.0,0.0,1848.73301424514
t3280,0.0,0.0,0.0,0.0,0.0,0.0,0.0,0.0,0.0,0.0,0.0,0.0,0.0,0.0,0.0,0.0,0.0,0.0
t3281,0.0,0.0,0.0,0.0,0.0,0.0,0.0,0.0,0.0,0.0,0.0,0.0,0.0,0.0,0.0,0.0,0.0,0.0
t3282,0.0,0.0,0.0,0.0,0.0,0.0,0.0,0.0,0.0,0.0,0.0,0.0,0.0,0.0,0.0,0.0,0.0,0.0
t3283,0.0,0.0,0.0,0.0,0.0,0.0,0.0,0.0,0.0,0.0,0.0,0.0,0.0,0.0,0.0,0.0,0.0,0.0
t3284,0.0,0.0,0.0,0.0,0.0,0.0,0.0,0.0,0.0,0.0,0.0,0.0,0.0,0.0,0.0,0.0,0.0,0.0
t3285,0.0,0.0,0.0,0.0,0.0,0.0,0.0,0.0,0.0,0.0,0.0,0.0,0.0,0.0,0.0,0.0,0.0,0.0
t3286,0.0,0.0,0.0,0.0,0.0,0.0,0.0,0.0,0.0,0.0,0.0,0.0,0.0,0.0,0.0,0.0,0.0,0.0
t3287,0.0,0.0,0.0,0.0,0.0,0.0,0.0,0.0,0.0,0.0,0.0,0.0,0.0,0.0,0.0,0.0,0.0,0.0
t3288,0.0,0.0,0.0,0.0,0.0,0.0,0.0,0.0,0.0,0.0,0.0,0.0,0.0,0.0,0.0,0.0,0.0,0.0
t3289,0.0,0.0,0.0,0.0,0.0,0.0,0.0,0.0,0.0,0.0,0.0,0.0,0.0,0.0,0.0,0.0,0.0,0.0
t3290,0.0,0.0,0.0,0.0,0.0,0.0,0.0,0.0,0.0,0.0,0.0,0.0,0.0,0.0,0.0,0.0,0.0,0.0
t3291,0.0,0.0,0.0,0.0,0.0,0.0,0.0,0.0,0.0,0.0,0.0,0.0,0.0,0.0,0.0,0.0,0.0,0.0
t3292,0.0,0.0,0.0,0.0,0.0,0.0,0.0,0.0,0.0,0.0,0.0,0.0,0.0,0.0,0.0,0.0,0.0,0.0
t3293,0.0,0.0,0.0,0.0,0.0,0.0,0.0,0.0,0.0,0.0,0.0,0.0,0.0,0.0,0.0,0.0,0.0,0.0
t3294,0.0,0.0,0.0,0.0,0.0,0.0,0.0,0.0,0.0,0.0,0.0,0.0,0.0,0.0,0.0,0.0,0.0,0.0
t3295,0.0,0.0,0.0,0.0,0.0,0.0,0.0,1482.349471485851,0.0,0.0,0.0,0.0,0.0,0.0,0.0,0.0,0.0,1482.349471485851
t3296,1220.0,120.0,0.0,0.0,0.0,0.0,1455.5622078176684,1950.0,0.0,0.0,0.0,0.0,0.0,0.0,0.0,0.0,0.0,4745.562207817668
t3297,1204.5599802599997,13.37120167,0.0,0.0,0.0,2535.9201140427194,476.25441575000013,1739.1071481799975,0.0,0.0,0.0,0.0,0.0,0.0,0.0,0.0,0.0,5969.212859902716
t3298,1220.0,13.295632555586723,0.0,0.0,0.0,2644.8358014601,1590.0,1048.3539110175298,0.0,0.0,0.0,0.0,0.0,0.0,0.0,0.0,0.0,6516.485345033217
t3299,1007.8918808999988,0.0,1360.8553626000003,0.0,0.0,2314.0599231038605,376.64999372000005,267.323932097065,0.0,0.0,0.0,0.0,0.0,0.0,0.0,0.0,0.0,5326.781092420924
t3300,142.3543988999992,0.0,0.0,0.0,0.0,2397.8927039088094,0.0,0.0,0.0,0.0,0.0,0.0,0.0,0.0,0.0,0.0,0.0,2540.2471028088084
t3301,349.1670165771926,120.0,0.0,0.0,0.0,0.0,0.0,239.95275346510394,0.0,0.0,0.0,0.0,0.0,0.0,0.0,0.0,0.0,709.1197700422965
t3302,0.0,0.0,0.0,0.0,0.0,0.0,0.0,0.0,0.0,0.0,0.0,0.0,0.0,0.0,0.0,0.0,0.0,0.0
t3303,0.0,0.0,0.0,0.0,0.0,0.0,0.0,0.0,0.0,0.0,0.0,0.0,0.0,0.0,0.0,0.0,0.0,0.0
t3304,0.0,0.0,0.0,0.0,0.0,0.0,0.0,0.0,0.0,0.0,0.0,0.0,0.0,0.0,0.0,0.0,0.0,0.0
t3305,0.0,0.0,0.0,0.0,0.0,0.0,0.0,0.0,0.0,0.0,0.0,0.0,0.0,0.0,0.0,0.0,0.0,0.0
t3306,0.0,0.0,0.0,0.0,0.0,0.0,0.0,0.0,0.0,0.0,0.0,0.0,0.0,0.0,0.0,0.0,0.0,0.0
t3307,0.0,0.0,0.0,0.0,0.0,0.0,0.0,0.0,0.0,0.0,0.0,0.0,0.0,0.0,0.0,0.0,0.0,0.0
t3308,0.0,0.0,0.0,0.0,0.0,0.0,0.0,0.0,0.0,0.0,0.0,0.0,0.0,0.0,0.0,0.0,0.0,0.0
t3309,0.0,0.0,0.0,0.0,0.0,0.0,0.0,0.0,0.0,0.0,0.0,0.0,0.0,0.0,0.0,0.0,0.0,0.0
t3310,0.0,0.0,0.0,0.0,0.0,0.0,0.0,0.0,0.0,0.0,0.0,0.0,0.0,0.0,0.0,0.0,0.0,0.0
t3311,0.0,0.0,0.0,0.0,0.0,0.0,0.0,0.0,0.0,0.0,0.0,0.0,0.0,0.0,0.0,0.0,0.0,0.0
t3312,0.0,0.0,0.0,0.0,0.0,0.0,0.0,0.0,0.0,0.0,0.0,0.0,0.0,0.0,0.0,0.0,0.0,0.0
t3313,0.0,0.0,0.0,0.0,0.0,0.0,0.0,0.0,0.0,0.0,0.0,0.0,0.0,0.0,0.0,0.0,0.0,0.0
t3314,0.0,0.0,0.0,0.0,0.0,0.0,0.0,0.0,0.0,0.0,0.0,0.0,0.0,0.0,0.0,0.0,0.0,0.0
t3315,0.0,0.0,0.0,0.0,0.0,0.0,0.0,0.0,0.0,0.0,0.0,0.0,0.0,0.0,0.0,0.0,0.0,0.0
t3316,0.0,0.0,0.0,0.0,0.0,0.0,0.0,0.0,0.0,0.0,0.0,0.0,0.0,0.0,0.0,0.0,0.0,0.0
t3317,0.0,0.0,0.0,0.0,0.0,0.0,0.0,0.0,0.0,0.0,0.0,0.0,0.0,0.0,0.0,0.0,0.0,0.0
t3318,0.0,0.0,0.0,0.0,0.0,0.0,0.0,0.0,0.0,0.0,0.0,0.0,0.0,0.0,0.0,0.0,0.0,0.0
t3319,0.0,0.0,0.0,0.0,0.0,0.0,0.0,1950.0,0.0,0.0,0.0,0.0,0.0,0.0,0.0,0.0,0.0,1950.0
t3320,939.944693059999,120.0,0.0,0.0,0.0,3775.998117315349,746.3066929200002,1950.0,0.0,0.0,0.0,0.0,0.0,0.0,0.0,0.0,0.0,7532.249503295348
t3321,1018.8918942600001,120.0,238.29462503457944,0.0,0.0,5531.155328342833,311.90934935984455,1950.0,0.0,0.0,0.0,0.0,0.0,0.0,0.0,0.0,0.0,9170.251196997258
t3322,665.4482992599994,120.0,0.0,0.0,0.0,6275.567721281761,927.51427184,1199.6272440174648,0.0,0.0,0.0,0.0,0.0,0.0,0.0,0.0,0.0,9188.157536399225
t3323,1220.0,0.0,0.0,0.0,0.0,6026.247277218807,953.01616263,682.0504670607454,0.0,0.0,0.0,0.0,0.0,0.0,0.0,0.0,0.0,8881.313906909552
t3324,637.8417676200003,0.0,1144.735796,0.0,0.0,4623.673005001441,930.9919731699998,136.20785227467738,0.0,0.0,0.0,0.0,0.0,0.0,0.0,0.0,0.0,7473.450394066118
t3325,564.2112168600003,0.0,0.0,0.0,0.0,3274.4300510986236,1590.0,0.0,0.0,0.0,0.0,0.0,0.0,0.0,0.0,0.0,0.0,5428.641267958624
t3326,97.63540557719074,0.0,808.0127774000002,0.0,0.0,1096.0510478604513,732.9705367299999,0.0,0.0,0.0,0.0,0.0,0.0,0.0,0.0,0.0,0.0,2734.6697675676423
t3327,0.0,0.0,0.0,0.0,0.0,0.0,0.0,0.0,0.0,0.0,0.0,0.0,0.0,0.0,0.0,0.0,0.0,0.0
t3328,0.0,0.0,0.0,0.0,0.0,0.0,0.0,0.0,0.0,0.0,0.0,0.0,0.0,0.0,0.0,0.0,0.0,0.0
t3329,0.0,0.0,0.0,0.0,0.0,0.0,0.0,0.0,0.0,0.0,0.0,0.0,0.0,0.0,0.0,0.0,0.0,0.0
t3330,0.0,0.0,0.0,0.0,0.0,0.0,0.0,0.0,0.0,0.0,0.0,0.0,0.0,0.0,0.0,0.0,0.0,0.0
t3331,0.0,0.0,0.0,0.0,0.0,0.0,0.0,0.0,0.0,0.0,0.0,0.0,0.0,0.0,0.0,0.0,0.0,0.0
t3332,0.0,0.0,0.0,0.0,0.0,0.0,0.0,0.0,0.0,0.0,0.0,0.0,0.0,0.0,0.0,0.0,0.0,0.0
t3333,0.0,0.0,0.0,0.0,0.0,0.0,0.0,0.0,0.0,0.0,0.0,0.0,0.0,0.0,0.0,0.0,0.0,0.0
t3334,0.0,0.0,0.0,0.0,0.0,0.0,0.0,0.0,0.0,0.0,0.0,0.0,0.0,0.0,0.0,0.0,0.0,0.0
t3335,0.0,0.0,0.0,0.0,0.0,0.0,0.0,0.0,0.0,0.0,0.0,0.0,0.0,0.0,0.0,0.0,0.0,0.0
t3336,0.0,0.0,0.0,0.0,0.0,0.0,0.0,0.0,0.0,0.0,0.0,0.0,0.0,0.0,0.0,0.0,0.0,0.0
t3337,0.0,0.0,0.0,0.0,0.0,0.0,0.0,0.0,0.0,0.0,0.0,0.0,0.0,0.0,0.0,0.0,0.0,0.0
t3338,0.0,0.0,0.0,0.0,0.0,0.0,0.0,0.0,0.0,0.0,0.0,0.0,0.0,0.0,0.0,0.0,0.0,0.0
t3339,0.0,0.0,0.0,0.0,0.0,0.0,0.0,0.0,0.0,0.0,0.0,0.0,0.0,0.0,0.0,0.0,0.0,0.0
t3340,0.0,0.0,0.0,0.0,0.0,0.0,0.0,0.0,0.0,0.0,0.0,0.0,0.0,0.0,0.0,0.0,0.0,0.0
t3341,0.0,0.0,0.0,0.0,0.0,0.0,0.0,0.0,0.0,0.0,0.0,0.0,0.0,0.0,0.0,0.0,0.0,0.0
t3342,0.0,0.0,0.0,0.0,0.0,0.0,0.0,0.0,0.0,0.0,0.0,0.0,0.0,0.0,0.0,0.0,0.0,0.0
t3343,0.0,0.0,0.0,0.0,0.0,0.0,0.0,1950.0,0.0,0.0,0.0,0.0,0.0,0.0,0.0,0.0,0.0,1950.0
t3344,1220.0,120.0,1225.5251224100002,0.0,0.0,5088.1371289862345,687.740763166914,1950.0,0.0,0.0,0.0,0.0,0.0,0.0,0.0,0.0,0.0,10291.40301456315
t3345,1207.0688906400003,120.0,1505.7761428700003,0.0,78.20783788597141,7433.783498999999,1114.0807956014428,1950.0,0.0,0.0,0.0,0.0,0.0,0.0,0.0,0.0,0.0,13408.917165997414
t3346,1220.0,28.89567407000021,1478.84407559,0.0,363.06603827523867,7693.8207395200025,587.8632827874075,1950.0,0.0,0.0,0.0,0.0,0.0,0.0,0.0,0.0,0.0,13322.48981024265
t3347,949.7101273971903,120.0,1375.6677508100004,0.0,3415.1319337259497,4722.34623248,1224.7724385506413,0.0,0.0,0.0,0.0,0.0,0.0,0.0,0.0,0.0,0.0,11807.62848296378
t3348,409.6652463000002,0.0,0.0,0.0,488.3256538489702,4252.2491915364535,1194.1536407886372,0.0,0.0,0.0,0.0,0.0,0.0,0.0,0.0,0.0,0.0,6344.393732474061
t3349,137.52901229999978,39.585196747264476,449.2320984280716,0.0,3038.6383175724027,3587.4511737599983,659.0446644119261,421.9244995430499,0.0,0.0,0.0,0.0,0.0,0.0,0.0,0.0,0.0,8333.404962762712
t3350,0.0,0.0,795.4767018199999,0.0,359.567717399109,3693.825840382637,758.3889400342882,0.0,0.0,0.0,0.0,0.0,0.0,0.0,0.0,0.0,0.0,5607.259199636035
t3351,0.0,77.48371376999991,0.0,0.0,864.7276062967677,0.0,477.98622044000007,0.0,0.0,0.0,0.0,0.0,0.0,0.0,0.0,0.0,0.0,1420.1975405067676
t3352,0.0,0.0,0.0,0.0,0.0,0.0,0.0,0.0,0.0,0.0,0.0,0.0,0.0,0.0,0.0,0.0,0.0,0.0
t3353,0.0,0.0,0.0,0.0,0.0,0.0,0.0,0.0,0.0,0.0,0.0,0.0,0.0,0.0,0.0,0.0,0.0,0.0
t3354,0.0,0.0,0.0,0.0,0.0,0.0,0.0,0.0,0.0,0.0,0.0,0.0,0.0,0.0,0.0,0.0,0.0,0.0
t3355,0.0,0.0,0.0,0.0,0.0,0.0,0.0,0.0,0.0,0.0,0.0,0.0,0.0,0.0,0.0,0.0,0.0,0.0
t3356,0.0,0.0,0.0,0.0,0.0,0.0,0.0,0.0,0.0,0.0,0.0,0.0,0.0,0.0,0.0,0.0,0.0,0.0
t3357,0.0,0.0,0.0,0.0,0.0,0.0,0.0,0.0,0.0,0.0,0.0,0.0,0.0,0.0,0.0,0.0,0.0,0.0
t3358,0.0,0.0,0.0,0.0,0.0,0.0,0.0,0.0,0.0,0.0,0.0,0.0,0.0,0.0,0.0,0.0,0.0,0.0
t3359,0.0,0.0,0.0,0.0,0.0,0.0,0.0,0.0,0.0,0.0,0.0,0.0,0.0,0.0,0.0,0.0,0.0,0.0
t3360,0.0,0.0,0.0,0.0,0.0,0.0,0.0,0.0,0.0,0.0,0.0,0.0,0.0,0.0,0.0,0.0,0.0,0.0
t3361,0.0,0.0,0.0,0.0,0.0,0.0,0.0,0.0,0.0,0.0,0.0,0.0,0.0,0.0,0.0,0.0,0.0,0.0
t3362,0.0,0.0,0.0,0.0,0.0,0.0,0.0,0.0,0.0,0.0,0.0,0.0,0.0,0.0,0.0,0.0,0.0,0.0
t3363,0.0,0.0,0.0,0.0,0.0,0.0,0.0,0.0,0.0,0.0,0.0,0.0,0.0,0.0,0.0,0.0,0.0,0.0
t3364,0.0,0.0,0.0,0.0,0.0,0.0,0.0,0.0,0.0,0.0,0.0,0.0,0.0,0.0,0.0,0.0,0.0,0.0
t3365,0.0,0.0,0.0,0.0,0.0,0.0,0.0,0.0,0.0,0.0,0.0,0.0,0.0,0.0,0.0,0.0,0.0,0.0
t3366,0.0,0.0,0.0,0.0,0.0,0.0,0.0,0.0,0.0,0.0,0.0,0.0,0.0,0.0,0.0,0.0,0.0,0.0
t3367,0.0,0.0,0.0,0.0,0.0,0.0,0.0,897.5519496903519,0.0,0.0,0.0,0.0,0.0,0.0,0.0,0.0,0.0,897.5519496903519
t3368,1220.0,120.0,0.0,0.0,0.0,0.0,451.11483334975037,1950.0,0.0,0.0,0.0,0.0,0.0,0.0,0.0,0.0,0.0,3741.1148333497504
t3369,986.8993300599989,120.0,0.0,0.0,0.0,0.0,1055.5695198041458,1950.0,0.0,0.0,0.0,0.0,0.0,0.0,0.0,0.0,0.0,4112.468849864144
t3370,708.5435763771941,120.0,0.0,0.0,0.0,0.0,579.4083519957188,1950.0,0.0,0.0,0.0,0.0,0.0,0.0,0.0,0.0,0.0,3357.951928372913
t3371,700.1608650999981,120.0,0.0,0.0,0.0,784.842670290298,137.28966733000036,1238.2245265388572,0.0,0.0,0.0,0.0,0.0,0.0,0.0,0.0,0.0,2980.5177292591534
t3372,308.36950509999895,25.964584587264614,0.0,0.0,0.0,717.9570904703402,228.76367114000007,221.9435173499733,0.0,0.0,0.0,0.0,0.0,0.0,0.0,0.0,0.0,1502.998368647577
t3373,1220.0,0.0,0.0,0.0,0.0,0.0,0.0,0.0,0.0,0.0,0.0,0.0,0.0,0.0,0.0,0.0,0.0,1220.0
t3374,0.0,0.0,0.0,0.0,0.0,0.0,0.0,0.0,0.0,0.0,0.0,0.0,0.0,0.0,0.0,0.0,0.0,0.0
t3375,0.0,0.0,0.0,0.0,0.0,0.0,0.0,0.0,0.0,0.0,0.0,0.0,0.0,0.0,0.0,0.0,0.0,0.0
t3376,0.0,0.0,0.0,0.0,0.0,0.0,0.0,0.0,0.0,0.0,0.0,0.0,0.0,0.0,0.0,0.0,0.0,0.0
t3377,0.0,0.0,0.0,0.0,0.0,0.0,0.0,0.0,0.0,0.0,0.0,0.0,0.0,0.0,0.0,0.0,0.0,0.0
t3378,0.0,0.0,0.0,0.0,0.0,0.0,0.0,0.0,0.0,0.0,0.0,0.0,0.0,0.0,0.0,0.0,0.0,0.0
t3379,0.0,0.0,0.0,0.0,0.0,0.0,0.0,0.0,0.0,0.0,0.0,0.0,0.0,0.0,0.0,0.0,0.0,0.0
t3380,0.0,0.0,0.0,0.0,0.0,0.0,0.0,0.0,0.0,0.0,0.0,0.0,0.0,0.0,0.0,0.0,0.0,0.0
t3381,0.0,0.0,0.0,0.0,0.0,0.0,0.0,0.0,0.0,0.0,0.0,0.0,0.0,0.0,0.0,0.0,0.0,0.0
t3382,0.0,0.0,0.0,0.0,0.0,0.0,0.0,0.0,0.0,0.0,0.0,0.0,0.0,0.0,0.0,0.0,0.0,0.0
t3383,0.0,0.0,0.0,0.0,0.0,0.0,0.0,0.0,0.0,0.0,0.0,0.0,0.0,0.0,0.0,0.0,0.0,0.0
t3384,0.0,0.0,0.0,0.0,0.0,0.0,0.0,0.0,0.0,0.0,0.0,0.0,0.0,0.0,0.0,0.0,0.0,0.0
t3385,0.0,0.0,0.0,0.0,0.0,0.0,0.0,0.0,0.0,0.0,0.0,0.0,0.0,0.0,0.0,0.0,0.0,0.0
t3386,0.0,0.0,0.0,0.0,0.0,0.0,0.0,0.0,0.0,0.0,0.0,0.0,0.0,0.0,0.0,0.0,0.0,0.0
t3387,0.0,0.0,0.0,0.0,0.0,0.0,0.0,0.0,0.0,0.0,0.0,0.0,0.0,0.0,0.0,0.0,0.0,0.0
t3388,0.0,0.0,0.0,0.0,0.0,0.0,0.0,0.0,0.0,0.0,0.0,0.0,0.0,0.0,0.0,0.0,0.0,0.0
t3389,0.0,0.0,0.0,0.0,0.0,0.0,0.0,0.0,0.0,0.0,0.0,0.0,0.0,0.0,0.0,0.0,0.0,0.0
t3390,0.0,0.0,0.0,0.0,0.0,0.0,0.0,0.0,0.0,0.0,0.0,0.0,0.0,0.0,0.0,0.0,0.0,0.0
t3391,0.0,0.0,0.0,0.0,0.0,0.0,0.0,0.0,0.0,0.0,0.0,0.0,0.0,0.0,0.0,0.0,0.0,0.0
t3392,989.4785212200004,120.0,0.0,0.0,0.0,388.80595190767724,350.4463815857091,1950.0,0.0,0.0,0.0,0.0,0.0,0.0,0.0,0.0,0.0,3798.730854713387
t3393,696.1302839171021,120.0,859.2063110300004,0.0,0.0,1005.2423280375517,14.086215160000304,1950.0,0.0,0.0,0.0,0.0,0.0,0.0,0.0,0.0,0.0,4644.6651381446545
t3394,1220.0,120.0,0.0,0.0,0.0,2840.3664341932504,26.323338880000378,1950.0,0.0,0.0,0.0,0.0,0.0,0.0,0.0,0.0,0.0,6156.689773073251
t3395,1208.120966620001,120.0,0.0,0.0,0.0,4582.531605448891,701.1197578100001,1389.0948848617413,0.0,0.0,0.0,0.0,0.0,0.0,0.0,0.0,0.0,8000.867214740634
t3396,645.1022610324881,0.0,309.19892831827883,0.0,0.0,4679.491530288471,1527.06860523,982.8296146813079,0.0,0.0,0.0,0.0,0.0,0.0,0.0,0.0,0.0,8143.690939550545
t3397,385.14124384759884,25.964584587264614,0.0,0.0,0.0,5080.513783907076,1536.27214599,0.0,0.0,0.0,0.0,0.0,0.0,0.0,0.0,0.0,0.0,7027.89175833194
t3398,0.0,0.0,0.0,0.0,0.0,3925.3879267665798,1149.2650719600001,0.0,0.0,0.0,0.0,0.0,0.0,0.0,0.0,0.0,0.0,5074.65299872658
t3399,0.0,0.0,1105.18705992,0.0,0.0,363.3502053717022,916.0687706200001,0.0,0.0,0.0,0.0,0.0,0.0,0.0,0.0,0.0,0.0,2384.6060359117023
t3400,0.0,0.0,0.0,0.0,0.0,0.0,181.477535468409,0.0,0.0,0.0,0.0,0.0,0.0,0.0,0.0,0.0,0.0,181.477535468409
t3401,0.0,0.0,0.0,0.0,0.0,0.0,0.0,0.0,0.0,0.0,0.0,0.0,0.0,0.0,0.0,0.0,0.0,0.0
t3402,0.0,0.0,0.0,0.0,0.0,0.0,0.0,0.0,0.0,0.0,0.0,0.0,0.0,0.0,0.0,0.0,0.0,0.0
t3403,0.0,0.0,0.0,0.0,0.0,0.0,0.0,0.0,0.0,0.0,0.0,0.0,0.0,0.0,0.0,0.0,0.0,0.0
t3404,0.0,0.0,0.0,0.0,0.0,0.0,0.0,0.0,0.0,0.0,0.0,0.0,0.0,0.0,0.0,0.0,0.0,0.0
t3405,0.0,0.0,0.0,0.0,0.0,0.0,0.0,0.0,0.0,0.0,0.0,0.0,0.0,0.0,0.0,0.0,0.0,0.0
t3406,0.0,0.0,0.0,0.0,0.0,0.0,0.0,0.0,0.0,0.0,0.0,0.0,0.0,0.0,0.0,0.0,0.0,0.0
t3407,0.0,0.0,0.0,0.0,0.0,0.0,0.0,0.0,0.0,0.0,0.0,0.0,0.0,0.0,0.0,0.0,0.0,0.0
t3408,0.0,0.0,0.0,0.0,0.0,0.0,0.0,0.0,0.0,0.0,0.0,0.0,0.0,0.0,0.0,0.0,0.0,0.0
t3409,0.0,0.0,0.0,0.0,0.0,0.0,0.0,0.0,0.0,0.0,0.0,0.0,0.0,0.0,0.0,0.0,0.0,0.0
t3410,0.0,0.0,0.0,0.0,0.0,0.0,0.0,0.0,0.0,0.0,0.0,0.0,0.0,0.0,0.0,0.0,0.0,0.0
t3411,0.0,0.0,0.0,0.0,0.0,0.0,0.0,0.0,0.0,0.0,0.0,0.0,0.0,0.0,0.0,0.0,0.0,0.0
t3412,0.0,0.0,0.0,0.0,0.0,0.0,0.0,0.0,0.0,0.0,0.0,0.0,0.0,0.0,0.0,0.0,0.0,0.0
t3413,0.0,0.0,0.0,0.0,0.0,0.0,0.0,0.0,0.0,0.0,0.0,0.0,0.0,0.0,0.0,0.0,0.0,0.0
t3414,0.0,0.0,0.0,0.0,0.0,0.0,0.0,0.0,0.0,0.0,0.0,0.0,0.0,0.0,0.0,0.0,0.0,0.0
t3415,0.0,0.0,0.0,0.0,0.0,0.0,0.0,1227.4365373836642,0.0,0.0,0.0,0.0,0.0,0.0,0.0,0.0,0.0,1227.4365373836642
t3416,825.9040754200003,0.0,0.0,0.0,0.0,2588.12051189896,0.0,1950.0,0.0,0.0,0.0,0.0,0.0,0.0,0.0,0.0,0.0,5364.024587318961
t3417,972.3365415800005,120.0,1397.9738319799999,0.0,0.0,3167.7074143840136,20.325757638036215,1547.4949700390703,0.0,0.0,0.0,0.0,0.0,0.0,0.0,0.0,0.0,7225.838515621121
t3418,967.4798288600008,120.0,1310.7282414454949,0.0,0.0,4846.9598119421635,138.80582751560314,1950.0,0.0,0.0,0.0,0.0,0.0,0.0,0.0,0.0,0.0,9333.973709763262
t3419,955.6213625399994,120.0,1620.0,0.0,0.0,5861.245452858489,1378.0380152069945,0.0,0.0,0.0,0.0,0.0,0.0,0.0,0.0,0.0,0.0,9934.904830605483
t3420,734.7883006971895,0.0,0.0,0.0,0.0,6338.79515536826,1450.5226839224852,0.0,0.0,0.0,0.0,0.0,0.0,0.0,0.0,0.0,0.0,8524.106139987935
t3421,687.8431675400004,120.0,343.1553601025794,0.0,0.0,5792.715947345811,1191.2405407074352,0.0,0.0,0.0,0.0,0.0,0.0,0.0,0.0,0.0,0.0,8134.955015695827
t3422,0.0,0.0,1338.8482349999995,0.0,0.0,4738.806631195519,1175.409586786313,1546.9929921203163,0.0,0.0,0.0,0.0,0.0,0.0,0.0,0.0,0.0,8800.057445102148
t3423,0.0,0.0,0.0,0.0,0.0,2851.6312431737656,959.9090049776754,0.0,0.0,0.0,0.0,0.0,0.0,0.0,0.0,0.0,0.0,3811.540248151441
t3424,0.0,25.964584587264614,819.8162233999998,0.0,0.0,285.63163749835866,389.77932902671364,0.0,0.0,0.0,0.0,0.0,0.0,0.0,0.0,0.0,0.0,1521.1917745123367
t3425,0.0,0.0,0.0,0.0,0.0,0.0,0.0,0.0,0.0,0.0,0.0,0.0,0.0,0.0,0.0,0.0,0.0,0.0
t3426,0.0,0.0,0.0,0.0,0.0,0.0,0.0,0.0,0.0,0.0,0.0,0.0,0.0,0.0,0.0,0.0,0.0,0.0
t3427,0.0,0.0,0.0,0.0,0.0,0.0,0.0,0.0,0.0,0.0,0.0,0.0,0.0,0.0,0.0,0.0,0.0,0.0
t3428,0.0,0.0,0.0,0.0,0.0,0.0,0.0,0.0,0.0,0.0,0.0,0.0,0.0,0.0,0.0,0.0,0.0,0.0
t3429,0.0,0.0,0.0,0.0,0.0,0.0,0.0,0.0,0.0,0.0,0.0,0.0,0.0,0.0,0.0,0.0,0.0,0.0
t3430,0.0,0.0,0.0,0.0,0.0,0.0,0.0,0.0,0.0,0.0,0.0,0.0,0.0,0.0,0.0,0.0,0.0,0.0
t3431,0.0,0.0,0.0,0.0,0.0,0.0,0.0,0.0,0.0,0.0,0.0,0.0,0.0,0.0,0.0,0.0,0.0,0.0
t3432,0.0,0.0,0.0,0.0,0.0,0.0,0.0,0.0,0.0,0.0,0.0,0.0,0.0,0.0,0.0,0.0,0.0,0.0
t3433,0.0,0.0,0.0,0.0,0.0,0.0,0.0,0.0,0.0,0.0,0.0,0.0,0.0,0.0,0.0,0.0,0.0,0.0
t3434,0.0,0.0,0.0,0.0,0.0,0.0,0.0,0.0,0.0,0.0,0.0,0.0,0.0,0.0,0.0,0.0,0.0,0.0
t3435,0.0,0.0,0.0,0.0,0.0,0.0,0.0,0.0,0.0,0.0,0.0,0.0,0.0,0.0,0.0,0.0,0.0,0.0
t3436,0.0,0.0,0.0,0.0,0.0,0.0,0.0,0.0,0.0,0.0,0.0,0.0,0.0,0.0,0.0,0.0,0.0,0.0
t3437,0.0,0.0,0.0,0.0,0.0,0.0,0.0,0.0,0.0,0.0,0.0,0.0,0.0,0.0,0.0,0.0,0.0,0.0
t3438,0.0,0.0,0.0,0.0,0.0,0.0,0.0,0.0,0.0,0.0,0.0,0.0,0.0,0.0,0.0,0.0,0.0,0.0
t3439,0.0,0.0,0.0,0.0,0.0,0.0,0.0,1593.8464834678773,0.0,0.0,0.0,0.0,0.0,0.0,0.0,0.0,0.0,1593.8464834678773
t3440,1220.0,120.0,0.0,0.0,0.0,2259.8200246662755,420.0581179400003,1950.0,0.0,0.0,0.0,0.0,0.0,0.0,0.0,0.0,0.0,5969.878142606276
t3441,407.43744193719186,120.0,1470.8596208700003,0.0,0.0,3243.724219538537,844.84834023,1950.0,0.0,0.0,0.0,0.0,0.0,0.0,0.0,0.0,0.0,8036.869622575729
t3442,1220.0,120.0,0.0,0.0,0.0,4915.458550897143,1032.2332984699995,1950.0,0.0,0.0,0.0,0.0,0.0,0.0,0.0,0.0,0.0,9237.691849367144
t3443,1220.0,120.0,448.7697591706307,0.0,0.0,4612.472961315478,1236.3074274971143,778.0780160751732,0.0,0.0,0.0,0.0,0.0,0.0,0.0,0.0,0.0,8415.628164058397
t3444,1076.5358346999985,25.964584587264614,0.0,0.0,0.0,5144.015136442512,1253.6733651648312,0.0,0.0,0.0,0.0,0.0,0.0,0.0,0.0,0.0,0.0,7500.188920894606
t3445,0.0,0.0,0.0,0.0,0.0,5616.6420021684025,1235.6907474999998,0.0,0.0,0.0,0.0,0.0,0.0,0.0,0.0,0.0,0.0,6852.332749668402
t3446,0.0,0.0,1089.3110567999997,0.0,0.0,3034.7745837770944,681.2194489793118,0.0,0.0,0.0,0.0,0.0,0.0,0.0,0.0,0.0,0.0,4805.305089556406
t3447,0.0,0.0,924.1617877400002,0.0,0.0,924.5712265051397,0.0,0.0,0.0,0.0,0.0,0.0,0.0,0.0,0.0,0.0,0.0,1848.73301424514
t3448,0.0,0.0,0.0,0.0,0.0,0.0,0.0,0.0,0.0,0.0,0.0,0.0,0.0,0.0,0.0,0.0,0.0,0.0
t3449,0.0,0.0,0.0,0.0,0.0,0.0,0.0,0.0,0.0,0.0,0.0,0.0,0.0,0.0,0.0,0.0,0.0,0.0
t3450,0.0,0.0,0.0,0.0,0.0,0.0,0.0,0.0,0.0,0.0,0.0,0.0,0.0,0.0,0.0,0.0,0.0,0.0
t3451,0.0,0.0,0.0,0.0,0.0,0.0,0.0,0.0,0.0,0.0,0.0,0.0,0.0,0.0,0.0,0.0,0.0,0.0
t3452,0.0,0.0,0.0,0.0,0.0,0.0,0.0,0.0,0.0,0.0,0.0,0.0,0.0,0.0,0.0,0.0,0.0,0.0
t3453,0.0,0.0,0.0,0.0,0.0,0.0,0.0,0.0,0.0,0.0,0.0,0.0,0.0,0.0,0.0,0.0,0.0,0.0
t3454,0.0,0.0,0.0,0.0,0.0,0.0,0.0,0.0,0.0,0.0,0.0,0.0,0.0,0.0,0.0,0.0,0.0,0.0
t3455,0.0,0.0,0.0,0.0,0.0,0.0,0.0,0.0,0.0,0.0,0.0,0.0,0.0,0.0,0.0,0.0,0.0,0.0
t3456,0.0,0.0,0.0,0.0,0.0,0.0,0.0,0.0,0.0,0.0,0.0,0.0,0.0,0.0,0.0,0.0,0.0,0.0
t3457,0.0,0.0,0.0,0.0,0.0,0.0,0.0,0.0,0.0,0.0,0.0,0.0,0.0,0.0,0.0,0.0,0.0,0.0
t3458,0.0,0.0,0.0,0.0,0.0,0.0,0.0,0.0,0.0,0.0,0.0,0.0,0.0,0.0,0.0,0.0,0.0,0.0
t3459,0.0,0.0,0.0,0.0,0.0,0.0,0.0,0.0,0.0,0.0,0.0,0.0,0.0,0.0,0.0,0.0,0.0,0.0
t3460,0.0,0.0,0.0,0.0,0.0,0.0,0.0,0.0,0.0,0.0,0.0,0.0,0.0,0.0,0.0,0.0,0.0,0.0
t3461,0.0,0.0,0.0,0.0,0.0,0.0,0.0,0.0,0.0,0.0,0.0,0.0,0.0,0.0,0.0,0.0,0.0,0.0
t3462,0.0,0.0,0.0,0.0,0.0,0.0,0.0,0.0,0.0,0.0,0.0,0.0,0.0,0.0,0.0,0.0,0.0,0.0
t3463,0.0,0.0,0.0,0.0,0.0,0.0,0.0,1482.349471485851,0.0,0.0,0.0,0.0,0.0,0.0,0.0,0.0,0.0,1482.349471485851
t3464,1220.0,120.0,0.0,0.0,0.0,0.0,1455.5622078176684,1950.0,0.0,0.0,0.0,0.0,0.0,0.0,0.0,0.0,0.0,4745.562207817668
t3465,1204.5599802599997,13.37120167,0.0,0.0,0.0,2535.9201140427194,476.25441575000013,1739.1071481799975,0.0,0.0,0.0,0.0,0.0,0.0,0.0,0.0,0.0,5969.212859902716
t3466,1220.0,13.295632555586723,0.0,0.0,0.0,2644.8358014601,1590.0,1048.3539110175298,0.0,0.0,0.0,0.0,0.0,0.0,0.0,0.0,0.0,6516.485345033217
t3467,1007.8918808999988,0.0,1360.8553626000003,0.0,0.0,2314.0599231038605,376.64999372000005,267.323932097065,0.0,0.0,0.0,0.0,0.0,0.0,0.0,0.0,0.0,5326.781092420924
t3468,142.3543988999992,0.0,0.0,0.0,0.0,2397.8927039088094,0.0,0.0,0.0,0.0,0.0,0.0,0.0,0.0,0.0,0.0,0.0,2540.2471028088084
t3469,349.1670165771926,120.0,0.0,0.0,0.0,0.0,0.0,239.95275346510394,0.0,0.0,0.0,0.0,0.0,0.0,0.0,0.0,0.0,709.1197700422965
t3470,0.0,0.0,0.0,0.0,0.0,0.0,0.0,0.0,0.0,0.0,0.0,0.0,0.0,0.0,0.0,0.0,0.0,0.0
t3471,0.0,0.0,0.0,0.0,0.0,0.0,0.0,0.0,0.0,0.0,0.0,0.0,0.0,0.0,0.0,0.0,0.0,0.0
t3472,0.0,0.0,0.0,0.0,0.0,0.0,0.0,0.0,0.0,0.0,0.0,0.0,0.0,0.0,0.0,0.0,0.0,0.0
t3473,0.0,0.0,0.0,0.0,0.0,0.0,0.0,0.0,0.0,0.0,0.0,0.0,0.0,0.0,0.0,0.0,0.0,0.0
t3474,0.0,0.0,0.0,0.0,0.0,0.0,0.0,0.0,0.0,0.0,0.0,0.0,0.0,0.0,0.0,0.0,0.0,0.0
t3475,0.0,0.0,0.0,0.0,0.0,0.0,0.0,0.0,0.0,0.0,0.0,0.0,0.0,0.0,0.0,0.0,0.0,0.0
t3476,0.0,0.0,0.0,0.0,0.0,0.0,0.0,0.0,0.0,0.0,0.0,0.0,0.0,0.0,0.0,0.0,0.0,0.0
t3477,0.0,0.0,0.0,0.0,0.0,0.0,0.0,0.0,0.0,0.0,0.0,0.0,0.0,0.0,0.0,0.0,0.0,0.0
t3478,0.0,0.0,0.0,0.0,0.0,0.0,0.0,0.0,0.0,0.0,0.0,0.0,0.0,0.0,0.0,0.0,0.0,0.0
t3479,0.0,0.0,0.0,0.0,0.0,0.0,0.0,0.0,0.0,0.0,0.0,0.0,0.0,0.0,0.0,0.0,0.0,0.0
t3480,0.0,0.0,0.0,0.0,0.0,0.0,0.0,0.0,0.0,0.0,0.0,0.0,0.0,0.0,0.0,0.0,0.0,0.0
t3481,0.0,0.0,0.0,0.0,0.0,0.0,0.0,0.0,0.0,0.0,0.0,0.0,0.0,0.0,0.0,0.0,0.0,0.0
t3482,0.0,0.0,0.0,0.0,0.0,0.0,0.0,0.0,0.0,0.0,0.0,0.0,0.0,0.0,0.0,0.0,0.0,0.0
t3483,0.0,0.0,0.0,0.0,0.0,0.0,0.0,0.0,0.0,0.0,0.0,0.0,0.0,0.0,0.0,0.0,0.0,0.0
t3484,0.0,0.0,0.0,0.0,0.0,0.0,0.0,0.0,0.0,0.0,0.0,0.0,0.0,0.0,0.0,0.0,0.0,0.0
t3485,0.0,0.0,0.0,0.0,0.0,0.0,0.0,0.0,0.0,0.0,0.0,0.0,0.0,0.0,0.0,0.0,0.0,0.0
t3486,0.0,0.0,0.0,0.0,0.0,0.0,0.0,0.0,0.0,0.0,0.0,0.0,0.0,0.0,0.0,0.0,0.0,0.0
t3487,0.0,0.0,0.0,0.0,0.0,0.0,0.0,1950.0,0.0,0.0,0.0,0.0,0.0,0.0,0.0,0.0,0.0,1950.0
t3488,939.944693059999,120.0,0.0,0.0,0.0,3775.998117315349,746.3066929200002,1950.0,0.0,0.0,0.0,0.0,0.0,0.0,0.0,0.0,0.0,7532.249503295348
t3489,1018.8918942600001,120.0,238.29462503457944,0.0,0.0,5531.155328342833,311.90934935984455,1950.0,0.0,0.0,0.0,0.0,0.0,0.0,0.0,0.0,0.0,9170.251196997258
t3490,665.4482992599994,120.0,0.0,0.0,0.0,6275.567721281761,927.51427184,1199.6272440174648,0.0,0.0,0.0,0.0,0.0,0.0,0.0,0.0,0.0,9188.157536399225
t3491,1220.0,0.0,0.0,0.0,0.0,6026.247277218807,953.01616263,682.0504670607454,0.0,0.0,0.0,0.0,0.0,0.0,0.0,0.0,0.0,8881.313906909552
t3492,637.8417676200003,0.0,1144.735796,0.0,0.0,4623.673005001441,930.9919731699998,136.20785227467738,0.0,0.0,0.0,0.0,0.0,0.0,0.0,0.0,0.0,7473.450394066118
t3493,564.2112168600003,0.0,0.0,0.0,0.0,3274.4300510986236,1590.0,0.0,0.0,0.0,0.0,0.0,0.0,0.0,0.0,0.0,0.0,5428.641267958624
t3494,97.63540557719074,0.0,808.0127774000002,0.0,0.0,1096.0510478604513,732.9705367299999,0.0,0.0,0.0,0.0,0.0,0.0,0.0,0.0,0.0,0.0,2734.6697675676423
t3495,0.0,0.0,0.0,0.0,0.0,0.0,0.0,0.0,0.0,0.0,0.0,0.0,0.0,0.0,0.0,0.0,0.0,0.0
t3496,0.0,0.0,0.0,0.0,0.0,0.0,0.0,0.0,0.0,0.0,0.0,0.0,0.0,0.0,0.0,0.0,0.0,0.0
t3497,0.0,0.0,0.0,0.0,0.0,0.0,0.0,0.0,0.0,0.0,0.0,0.0,0.0,0.0,0.0,0.0,0.0,0.0
t3498,0.0,0.0,0.0,0.0,0.0,0.0,0.0,0.0,0.0,0.0,0.0,0.0,0.0,0.0,0.0,0.0,0.0,0.0
t3499,0.0,0.0,0.0,0.0,0.0,0.0,0.0,0.0,0.0,0.0,0.0,0.0,0.0,0.0,0.0,0.0,0.0,0.0
t3500,0.0,0.0,0.0,0.0,0.0,0.0,0.0,0.0,0.0,0.0,0.0,0.0,0.0,0.0,0.0,0.0,0.0,0.0
t3501,0.0,0.0,0.0,0.0,0.0,0.0,0.0,0.0,0.0,0.0,0.0,0.0,0.0,0.0,0.0,0.0,0.0,0.0
t3502,0.0,0.0,0.0,0.0,0.0,0.0,0.0,0.0,0.0,0.0,0.0,0.0,0.0,0.0,0.0,0.0,0.0,0.0
t3503,0.0,0.0,0.0,0.0,0.0,0.0,0.0,0.0,0.0,0.0,0.0,0.0,0.0,0.0,0.0,0.0,0.0,0.0
t3504,0.0,0.0,0.0,0.0,0.0,0.0,0.0,0.0,0.0,0.0,0.0,0.0,0.0,0.0,0.0,0.0,0.0,0.0
t3505,0.0,0.0,0.0,0.0,0.0,0.0,0.0,0.0,0.0,0.0,0.0,0.0,0.0,0.0,0.0,0.0,0.0,0.0
t3506,0.0,0.0,0.0,0.0,0.0,0.0,0.0,0.0,0.0,0.0,0.0,0.0,0.0,0.0,0.0,0.0,0.0,0.0
t3507,0.0,0.0,0.0,0.0,0.0,0.0,0.0,0.0,0.0,0.0,0.0,0.0,0.0,0.0,0.0,0.0,0.0,0.0
t3508,0.0,0.0,0.0,0.0,0.0,0.0,0.0,0.0,0.0,0.0,0.0,0.0,0.0,0.0,0.0,0.0,0.0,0.0
t3509,0.0,0.0,0.0,0.0,0.0,0.0,0.0,0.0,0.0,0.0,0.0,0.0,0.0,0.0,0.0,0.0,0.0,0.0
t3510,0.0,0.0,0.0,0.0,0.0,0.0,0.0,0.0,0.0,0.0,0.0,0.0,0.0,0.0,0.0,0.0,0.0,0.0
t3511,0.0,0.0,0.0,0.0,0.0,0.0,0.0,1950.0,0.0,0.0,0.0,0.0,0.0,0.0,0.0,0.0,0.0,1950.0
t3512,1220.0,120.0,1225.5251224100002,0.0,0.0,5088.1371289862345,687.740763166914,1950.0,0.0,0.0,0.0,0.0,0.0,0.0,0.0,0.0,0.0,10291.40301456315
t3513,1207.0688906400003,120.0,1505.7761428700003,0.0,78.20783788597141,7433.783498999999,1114.0807956014428,1950.0,0.0,0.0,0.0,0.0,0.0,0.0,0.0,0.0,0.0,13408.917165997414
t3514,1220.0,28.89567407000021,1478.84407559,0.0,363.06603827523867,7693.8207395200025,587.8632827874075,1950.0,0.0,0.0,0.0,0.0,0.0,0.0,0.0,0.0,0.0,13322.48981024265
t3515,949.7101273971903,120.0,1375.6677508100004,0.0,3415.1319337259497,4722.34623248,1224.7724385506413,0.0,0.0,0.0,0.0,0.0,0.0,0.0,0.0,0.0,0.0,11807.62848296378
t3516,409.6652463000002,0.0,0.0,0.0,488.3256538489702,4252.2491915364535,1194.1536407886372,0.0,0.0,0.0,0.0,0.0,0.0,0.0,0.0,0.0,0.0,6344.393732474061
t3517,137.52901229999978,39.585196747264476,449.2320984280716,0.0,3038.6383175724027,3587.4511737599983,659.0446644119261,421.9244995430499,0.0,0.0,0.0,0.0,0.0,0.0,0.0,0.0,0.0,8333.404962762712
t3518,0.0,0.0,795.4767018199999,0.0,359.567717399109,3693.825840382637,758.3889400342882,0.0,0.0,0.0,0.0,0.0,0.0,0.0,0.0,0.0,0.0,5607.259199636035
t3519,0.0,77.48371376999991,0.0,0.0,864.7276062967677,0.0,477.98622044000007,0.0,0.0,0.0,0.0,0.0,0.0,0.0,0.0,0.0,0.0,1420.1975405067676
t3520,0.0,0.0,0.0,0.0,0.0,0.0,0.0,0.0,0.0,0.0,0.0,0.0,0.0,0.0,0.0,0.0,0.0,0.0
t3521,0.0,0.0,0.0,0.0,0.0,0.0,0.0,0.0,0.0,0.0,0.0,0.0,0.0,0.0,0.0,0.0,0.0,0.0
t3522,0.0,0.0,0.0,0.0,0.0,0.0,0.0,0.0,0.0,0.0,0.0,0.0,0.0,0.0,0.0,0.0,0.0,0.0
t3523,0.0,0.0,0.0,0.0,0.0,0.0,0.0,0.0,0.0,0.0,0.0,0.0,0.0,0.0,0.0,0.0,0.0,0.0
t3524,0.0,0.0,0.0,0.0,0.0,0.0,0.0,0.0,0.0,0.0,0.0,0.0,0.0,0.0,0.0,0.0,0.0,0.0
t3525,0.0,0.0,0.0,0.0,0.0,0.0,0.0,0.0,0.0,0.0,0.0,0.0,0.0,0.0,0.0,0.0,0.0,0.0
t3526,0.0,0.0,0.0,0.0,0.0,0.0,0.0,0.0,0.0,0.0,0.0,0.0,0.0,0.0,0.0,0.0,0.0,0.0
t3527,0.0,0.0,0.0,0.0,0.0,0.0,0.0,0.0,0.0,0.0,0.0,0.0,0.0,0.0,0.0,0.0,0.0,0.0
t3528,0.0,0.0,0.0,0.0,0.0,0.0,0.0,0.0,0.0,0.0,0.0,0.0,0.0,0.0,0.0,0.0,0.0,0.0
t3529,0.0,0.0,0.0,0.0,0.0,0.0,0.0,0.0,0.0,0.0,0.0,0.0,0.0,0.0,0.0,0.0,0.0,0.0
t3530,0.0,0.0,0.0,0.0,0.0,0.0,0.0,0.0,0.0,0.0,0.0,0.0,0.0,0.0,0.0,0.0,0.0,0.0
t3531,0.0,0.0,0.0,0.0,0.0,0.0,0.0,0.0,0.0,0.0,0.0,0.0,0.0,0.0,0.0,0.0,0.0,0.0
t3532,0.0,0.0,0.0,0.0,0.0,0.0,0.0,0.0,0.0,0.0,0.0,0.0,0.0,0.0,0.0,0.0,0.0,0.0
t3533,0.0,0.0,0.0,0.0,0.0,0.0,0.0,0.0,0.0,0.0,0.0,0.0,0.0,0.0,0.0,0.0,0.0,0.0
t3534,0.0,0.0,0.0,0.0,0.0,0.0,0.0,0.0,0.0,0.0,0.0,0.0,0.0,0.0,0.0,0.0,0.0,0.0
t3535,0.0,0.0,0.0,0.0,0.0,0.0,0.0,897.5519496903519,0.0,0.0,0.0,0.0,0.0,0.0,0.0,0.0,0.0,897.5519496903519
t3536,1220.0,120.0,0.0,0.0,0.0,0.0,451.11483334975037,1950.0,0.0,0.0,0.0,0.0,0.0,0.0,0.0,0.0,0.0,3741.1148333497504
t3537,986.8993300599989,120.0,0.0,0.0,0.0,0.0,1055.5695198041458,1950.0,0.0,0.0,0.0,0.0,0.0,0.0,0.0,0.0,0.0,4112.468849864144
t3538,708.5435763771941,120.0,0.0,0.0,0.0,0.0,579.4083519957188,1950.0,0.0,0.0,0.0,0.0,0.0,0.0,0.0,0.0,0.0,3357.951928372913
t3539,700.1608650999981,120.0,0.0,0.0,0.0,784.842670290298,137.28966733000036,1238.2245265388572,0.0,0.0,0.0,0.0,0.0,0.0,0.0,0.0,0.0,2980.5177292591534
t3540,308.36950509999895,25.964584587264614,0.0,0.0,0.0,717.9570904703402,228.76367114000007,221.9435173499733,0.0,0.0,0.0,0.0,0.0,0.0,0.0,0.0,0.0,1502.998368647577
t3541,1220.0,0.0,0.0,0.0,0.0,0.0,0.0,0.0,0.0,0.0,0.0,0.0,0.0,0.0,0.0,0.0,0.0,1220.0
t3542,0.0,0.0,0.0,0.0,0.0,0.0,0.0,0.0,0.0,0.0,0.0,0.0,0.0,0.0,0.0,0.0,0.0,0.0
t3543,0.0,0.0,0.0,0.0,0.0,0.0,0.0,0.0,0.0,0.0,0.0,0.0,0.0,0.0,0.0,0.0,0.0,0.0
t3544,0.0,0.0,0.0,0.0,0.0,0.0,0.0,0.0,0.0,0.0,0.0,0.0,0.0,0.0,0.0,0.0,0.0,0.0
t3545,0.0,0.0,0.0,0.0,0.0,0.0,0.0,0.0,0.0,0.0,0.0,0.0,0.0,0.0,0.0,0.0,0.0,0.0
t3546,0.0,0.0,0.0,0.0,0.0,0.0,0.0,0.0,0.0,0.0,0.0,0.0,0.0,0.0,0.0,0.0,0.0,0.0
t3547,0.0,0.0,0.0,0.0,0.0,0.0,0.0,0.0,0.0,0.0,0.0,0.0,0.0,0.0,0.0,0.0,0.0,0.0
t3548,0.0,0.0,0.0,0.0,0.0,0.0,0.0,0.0,0.0,0.0,0.0,0.0,0.0,0.0,0.0,0.0,0.0,0.0
t3549,0.0,0.0,0.0,0.0,0.0,0.0,0.0,0.0,0.0,0.0,0.0,0.0,0.0,0.0,0.0,0.0,0.0,0.0
t3550,0.0,0.0,0.0,0.0,0.0,0.0,0.0,0.0,0.0,0.0,0.0,0.0,0.0,0.0,0.0,0.0,0.0,0.0
t3551,0.0,0.0,0.0,0.0,0.0,0.0,0.0,0.0,0.0,0.0,0.0,0.0,0.0,0.0,0.0,0.0,0.0,0.0
t3552,0.0,0.0,0.0,0.0,0.0,0.0,0.0,0.0,0.0,0.0,0.0,0.0,0.0,0.0,0.0,0.0,0.0,0.0
t3553,0.0,0.0,0.0,0.0,0.0,0.0,0.0,0.0,0.0,0.0,0.0,0.0,0.0,0.0,0.0,0.0,0.0,0.0
t3554,0.0,0.0,0.0,0.0,0.0,0.0,0.0,0.0,0.0,0.0,0.0,0.0,0.0,0.0,0.0,0.0,0.0,0.0
t3555,0.0,0.0,0.0,0.0,0.0,0.0,0.0,0.0,0.0,0.0,0.0,0.0,0.0,0.0,0.0,0.0,0.0,0.0
t3556,0.0,0.0,0.0,0.0,0.0,0.0,0.0,0.0,0.0,0.0,0.0,0.0,0.0,0.0,0.0,0.0,0.0,0.0
t3557,0.0,0.0,0.0,0.0,0.0,0.0,0.0,0.0,0.0,0.0,0.0,0.0,0.0,0.0,0.0,0.0,0.0,0.0
t3558,0.0,0.0,0.0,0.0,0.0,0.0,0.0,0.0,0.0,0.0,0.0,0.0,0.0,0.0,0.0,0.0,0.0,0.0
t3559,0.0,0.0,0.0,0.0,0.0,0.0,0.0,0.0,0.0,0.0,0.0,0.0,0.0,0.0,0.0,0.0,0.0,0.0
t3560,989.4785212200004,120.0,0.0,0.0,0.0,388.80595190767724,350.4463815857091,1950.0,0.0,0.0,0.0,0.0,0.0,0.0,0.0,0.0,0.0,3798.730854713387
t3561,696.1302839171021,120.0,859.2063110300004,0.0,0.0,1005.2423280375517,14.086215160000304,1950.0,0.0,0.0,0.0,0.0,0.0,0.0,0.0,0.0,0.0,4644.6651381446545
t3562,1220.0,120.0,0.0,0.0,0.0,2840.3664341932504,26.323338880000378,1950.0,0.0,0.0,0.0,0.0,0.0,0.0,0.0,0.0,0.0,6156.689773073251
t3563,1208.120966620001,120.0,0.0,0.0,0.0,4582.531605448891,701.1197578100001,1389.0948848617413,0.0,0.0,0.0,0.0,0.0,0.0,0.0,0.0,0.0,8000.867214740634
t3564,645.1022610324881,0.0,309.19892831827883,0.0,0.0,4679.491530288471,1527.06860523,982.8296146813079,0.0,0.0,0.0,0.0,0.0,0.0,0.0,0.0,0.0,8143.690939550545
t3565,385.14124384759884,25.964584587264614,0.0,0.0,0.0,5080.513783907076,1536.27214599,0.0,0.0,0.0,0.0,0.0,0.0,0.0,0.0,0.0,0.0,7027.89175833194
t3566,0.0,0.0,0.0,0.0,0.0,3925.3879267665798,1149.2650719600001,0.0,0.0,0.0,0.0,0.0,0.0,0.0,0.0,0.0,0.0,5074.65299872658
t3567,0.0,0.0,1105.18705992,0.0,0.0,363.3502053717022,916.0687706200001,0.0,0.0,0.0,0.0,0.0,0.0,0.0,0.0,0.0,0.0,2384.6060359117023
t3568,0.0,0.0,0.0,0.0,0.0,0.0,181.477535468409,0.0,0.0,0.0,0.0,0.0,0.0,0.0,0.0,0.0,0.0,181.477535468409
t3569,0.0,0.0,0.0,0.0,0.0,0.0,0.0,0.0,0.0,0.0,0.0,0.0,0.0,0.0,0.0,0.0,0.0,0.0
t3570,0.0,0.0,0.0,0.0,0.0,0.0,0.0,0.0,0.0,0.0,0.0,0.0,0.0,0.0,0.0,0.0,0.0,0.0
t3571,0.0,0.0,0.0,0.0,0.0,0.0,0.0,0.0,0.0,0.0,0.0,0.0,0.0,0.0,0.0,0.0,0.0,0.0
t3572,0.0,0.0,0.0,0.0,0.0,0.0,0.0,0.0,0.0,0.0,0.0,0.0,0.0,0.0,0.0,0.0,0.0,0.0
t3573,0.0,0.0,0.0,0.0,0.0,0.0,0.0,0.0,0.0,0.0,0.0,0.0,0.0,0.0,0.0,0.0,0.0,0.0
t3574,0.0,0.0,0.0,0.0,0.0,0.0,0.0,0.0,0.0,0.0,0.0,0.0,0.0,0.0,0.0,0.0,0.0,0.0
t3575,0.0,0.0,0.0,0.0,0.0,0.0,0.0,0.0,0.0,0.0,0.0,0.0,0.0,0.0,0.0,0.0,0.0,0.0
t3576,0.0,0.0,0.0,0.0,0.0,0.0,0.0,0.0,0.0,0.0,0.0,0.0,0.0,0.0,0.0,0.0,0.0,0.0
t3577,0.0,0.0,0.0,0.0,0.0,0.0,0.0,0.0,0.0,0.0,0.0,0.0,0.0,0.0,0.0,0.0,0.0,0.0
t3578,0.0,0.0,0.0,0.0,0.0,0.0,0.0,0.0,0.0,0.0,0.0,0.0,0.0,0.0,0.0,0.0,0.0,0.0
t3579,0.0,0.0,0.0,0.0,0.0,0.0,0.0,0.0,0.0,0.0,0.0,0.0,0.0,0.0,0.0,0.0,0.0,0.0
t3580,0.0,0.0,0.0,0.0,0.0,0.0,0.0,0.0,0.0,0.0,0.0,0.0,0.0,0.0,0.0,0.0,0.0,0.0
t3581,0.0,0.0,0.0,0.0,0.0,0.0,0.0,0.0,0.0,0.0,0.0,0.0,0.0,0.0,0.0,0.0,0.0,0.0
t3582,0.0,0.0,0.0,0.0,0.0,0.0,0.0,0.0,0.0,0.0,0.0,0.0,0.0,0.0,0.0,0.0,0.0,0.0
t3583,0.0,0.0,0.0,0.0,0.0,0.0,0.0,1227.4365373836642,0.0,0.0,0.0,0.0,0.0,0.0,0.0,0.0,0.0,1227.4365373836642
t3584,825.9040754200003,0.0,0.0,0.0,0.0,2588.12051189896,0.0,1950.0,0.0,0.0,0.0,0.0,0.0,0.0,0.0,0.0,0.0,5364.024587318961
t3585,972.3365415800005,120.0,1397.9738319799999,0.0,0.0,3167.7074143840136,20.325757638036215,1547.4949700390703,0.0,0.0,0.0,0.0,0.0,0.0,0.0,0.0,0.0,7225.838515621121
t3586,967.4798288600008,120.0,1310.7282414454949,0.0,0.0,4846.9598119421635,138.80582751560314,1950.0,0.0,0.0,0.0,0.0,0.0,0.0,0.0,0.0,0.0,9333.973709763262
t3587,955.6213625399994,120.0,1620.0,0.0,0.0,5861.245452858489,1378.0380152069945,0.0,0.0,0.0,0.0,0.0,0.0,0.0,0.0,0.0,0.0,9934.904830605483
t3588,734.7883006971895,0.0,0.0,0.0,0.0,6338.79515536826,1450.5226839224852,0.0,0.0,0.0,0.0,0.0,0.0,0.0,0.0,0.0,0.0,8524.106139987935
t3589,687.8431675400004,120.0,343.1553601025794,0.0,0.0,5792.715947345811,1191.2405407074352,0.0,0.0,0.0,0.0,0.0,0.0,0.0,0.0,0.0,0.0,8134.955015695827
t3590,0.0,0.0,1338.8482349999995,0.0,0.0,4738.806631195519,1175.409586786313,1546.9929921203163,0.0,0.0,0.0,0.0,0.0,0.0,0.0,0.0,0.0,8800.057445102148
t3591,0.0,0.0,0.0,0.0,0.0,2851.6312431737656,959.9090049776754,0.0,0.0,0.0,0.0,0.0,0.0,0.0,0.0,0.0,0.0,3811.540248151441
t3592,0.0,25.964584587264614,819.8162233999998,0.0,0.0,285.63163749835866,389.77932902671364,0.0,0.0,0.0,0.0,0.0,0.0,0.0,0.0,0.0,0.0,1521.1917745123367
t3593,0.0,0.0,0.0,0.0,0.0,0.0,0.0,0.0,0.0,0.0,0.0,0.0,0.0,0.0,0.0,0.0,0.0,0.0
t3594,0.0,0.0,0.0,0.0,0.0,0.0,0.0,0.0,0.0,0.0,0.0,0.0,0.0,0.0,0.0,0.0,0.0,0.0
t3595,0.0,0.0,0.0,0.0,0.0,0.0,0.0,0.0,0.0,0.0,0.0,0.0,0.0,0.0,0.0,0.0,0.0,0.0
t3596,0.0,0.0,0.0,0.0,0.0,0.0,0.0,0.0,0.0,0.0,0.0,0.0,0.0,0.0,0.0,0.0,0.0,0.0
t3597,0.0,0.0,0.0,0.0,0.0,0.0,0.0,0.0,0.0,0.0,0.0,0.0,0.0,0.0,0.0,0.0,0.0,0.0
t3598,0.0,0.0,0.0,0.0,0.0,0.0,0.0,0.0,0.0,0.0,0.0,0.0,0.0,0.0,0.0,0.0,0.0,0.0
t3599,0.0,0.0,0.0,0.0,0.0,0.0,0.0,0.0,0.0,0.0,0.0,0.0,0.0,0.0,0.0,0.0,0.0,0.0
t3600,0.0,0.0,0.0,0.0,0.0,0.0,0.0,0.0,0.0,0.0,0.0,0.0,0.0,0.0,0.0,0.0,0.0,0.0
t3601,0.0,0.0,0.0,0.0,0.0,0.0,0.0,0.0,0.0,0.0,0.0,0.0,0.0,0.0,0.0,0.0,0.0,0.0
t3602,0.0,0.0,0.0,0.0,0.0,0.0,0.0,0.0,0.0,0.0,0.0,0.0,0.0,0.0,0.0,0.0,0.0,0.0
t3603,0.0,0.0,0.0,0.0,0.0,0.0,0.0,0.0,0.0,0.0,0.0,0.0,0.0,0.0,0.0,0.0,0.0,0.0
t3604,0.0,0.0,0.0,0.0,0.0,0.0,0.0,0.0,0.0,0.0,0.0,0.0,0.0,0.0,0.0,0.0,0.0,0.0
t3605,0.0,0.0,0.0,0.0,0.0,0.0,0.0,0.0,0.0,0.0,0.0,0.0,0.0,0.0,0.0,0.0,0.0,0.0
t3606,0.0,0.0,0.0,0.0,0.0,0.0,0.0,0.0,0.0,0.0,0.0,0.0,0.0,0.0,0.0,0.0,0.0,0.0
t3607,0.0,0.0,0.0,0.0,0.0,0.0,0.0,1593.8464834678773,0.0,0.0,0.0,0.0,0.0,0.0,0.0,0.0,0.0,1593.8464834678773
t3608,1220.0,120.0,0.0,0.0,0.0,2259.8200246662755,420.0581179400003,1950.0,0.0,0.0,0.0,0.0,0.0,0.0,0.0,0.0,0.0,5969.878142606276
t3609,407.43744193719186,120.0,1470.8596208700003,0.0,0.0,3243.724219538537,844.84834023,1950.0,0.0,0.0,0.0,0.0,0.0,0.0,0.0,0.0,0.0,8036.869622575729
t3610,1220.0,120.0,0.0,0.0,0.0,4915.458550897143,1032.2332984699995,1950.0,0.0,0.0,0.0,0.0,0.0,0.0,0.0,0.0,0.0,9237.691849367144
t3611,1220.0,120.0,448.7697591706307,0.0,0.0,4612.472961315478,1236.3074274971143,778.0780160751732,0.0,0.0,0.0,0.0,0.0,0.0,0.0,0.0,0.0,8415.628164058397
t3612,1076.5358346999985,25.964584587264614,0.0,0.0,0.0,5144.015136442512,1253.6733651648312,0.0,0.0,0.0,0.0,0.0,0.0,0.0,0.0,0.0,0.0,7500.188920894606
t3613,0.0,0.0,0.0,0.0,0.0,5616.6420021684025,1235.6907474999998,0.0,0.0,0.0,0.0,0.0,0.0,0.0,0.0,0.0,0.0,6852.332749668402
t3614,0.0,0.0,1089.3110567999997,0.0,0.0,3034.7745837770944,681.2194489793118,0.0,0.0,0.0,0.0,0.0,0.0,0.0,0.0,0.0,0.0,4805.305089556406
t3615,0.0,0.0,924.1617877400002,0.0,0.0,924.5712265051397,0.0,0.0,0.0,0.0,0.0,0.0,0.0,0.0,0.0,0.0,0.0,1848.73301424514
t3616,0.0,0.0,0.0,0.0,0.0,0.0,0.0,0.0,0.0,0.0,0.0,0.0,0.0,0.0,0.0,0.0,0.0,0.0
t3617,0.0,0.0,0.0,0.0,0.0,0.0,0.0,0.0,0.0,0.0,0.0,0.0,0.0,0.0,0.0,0.0,0.0,0.0
t3618,0.0,0.0,0.0,0.0,0.0,0.0,0.0,0.0,0.0,0.0,0.0,0.0,0.0,0.0,0.0,0.0,0.0,0.0
t3619,0.0,0.0,0.0,0.0,0.0,0.0,0.0,0.0,0.0,0.0,0.0,0.0,0.0,0.0,0.0,0.0,0.0,0.0
t3620,0.0,0.0,0.0,0.0,0.0,0.0,0.0,0.0,0.0,0.0,0.0,0.0,0.0,0.0,0.0,0.0,0.0,0.0
t3621,0.0,0.0,0.0,0.0,0.0,0.0,0.0,0.0,0.0,0.0,0.0,0.0,0.0,0.0,0.0,0.0,0.0,0.0
t3622,0.0,0.0,0.0,0.0,0.0,0.0,0.0,0.0,0.0,0.0,0.0,0.0,0.0,0.0,0.0,0.0,0.0,0.0
t3623,0.0,0.0,0.0,0.0,0.0,0.0,0.0,0.0,0.0,0.0,0.0,0.0,0.0,0.0,0.0,0.0,0.0,0.0
t3624,0.0,0.0,0.0,0.0,0.0,0.0,0.0,0.0,0.0,0.0,0.0,0.0,0.0,0.0,0.0,0.0,0.0,0.0
t3625,0.0,0.0,0.0,0.0,0.0,0.0,0.0,0.0,0.0,0.0,0.0,0.0,0.0,0.0,0.0,0.0,0.0,0.0
t3626,0.0,0.0,0.0,0.0,0.0,0.0,0.0,0.0,0.0,0.0,0.0,0.0,0.0,0.0,0.0,0.0,0.0,0.0
t3627,0.0,0.0,0.0,0.0,0.0,0.0,0.0,0.0,0.0,0.0,0.0,0.0,0.0,0.0,0.0,0.0,0.0,0.0
t3628,0.0,0.0,0.0,0.0,0.0,0.0,0.0,0.0,0.0,0.0,0.0,0.0,0.0,0.0,0.0,0.0,0.0,0.0
t3629,0.0,0.0,0.0,0.0,0.0,0.0,0.0,0.0,0.0,0.0,0.0,0.0,0.0,0.0,0.0,0.0,0.0,0.0
t3630,0.0,0.0,0.0,0.0,0.0,0.0,0.0,0.0,0.0,0.0,0.0,0.0,0.0,0.0,0.0,0.0,0.0,0.0
t3631,0.0,0.0,0.0,0.0,0.0,0.0,0.0,1482.349471485851,0.0,0.0,0.0,0.0,0.0,0.0,0.0,0.0,0.0,1482.349471485851
t3632,1220.0,120.0,0.0,0.0,0.0,0.0,1455.5622078176684,1950.0,0.0,0.0,0.0,0.0,0.0,0.0,0.0,0.0,0.0,4745.562207817668
t3633,1204.5599802599997,13.37120167,0.0,0.0,0.0,2535.9201140427194,476.25441575000013,1739.1071481799975,0.0,0.0,0.0,0.0,0.0,0.0,0.0,0.0,0.0,5969.212859902716
t3634,1220.0,13.295632555586723,0.0,0.0,0.0,2644.8358014601,1590.0,1048.3539110175298,0.0,0.0,0.0,0.0,0.0,0.0,0.0,0.0,0.0,6516.485345033217
t3635,1007.8918808999988,0.0,1360.8553626000003,0.0,0.0,2314.0599231038605,376.64999372000005,267.323932097065,0.0,0.0,0.0,0.0,0.0,0.0,0.0,0.0,0.0,5326.781092420924
t3636,142.3543988999992,0.0,0.0,0.0,0.0,2397.8927039088094,0.0,0.0,0.0,0.0,0.0,0.0,0.0,0.0,0.0,0.0,0.0,2540.2471028088084
t3637,349.1670165771926,120.0,0.0,0.0,0.0,0.0,0.0,239.95275346510394,0.0,0.0,0.0,0.0,0.0,0.0,0.0,0.0,0.0,709.1197700422965
t3638,0.0,0.0,0.0,0.0,0.0,0.0,0.0,0.0,0.0,0.0,0.0,0.0,0.0,0.0,0.0,0.0,0.0,0.0
t3639,0.0,0.0,0.0,0.0,0.0,0.0,0.0,0.0,0.0,0.0,0.0,0.0,0.0,0.0,0.0,0.0,0.0,0.0
t3640,0.0,0.0,0.0,0.0,0.0,0.0,0.0,0.0,0.0,0.0,0.0,0.0,0.0,0.0,0.0,0.0,0.0,0.0
t3641,0.0,0.0,0.0,0.0,0.0,0.0,0.0,0.0,0.0,0.0,0.0,0.0,0.0,0.0,0.0,0.0,0.0,0.0
t3642,0.0,0.0,0.0,0.0,0.0,0.0,0.0,0.0,0.0,0.0,0.0,0.0,0.0,0.0,0.0,0.0,0.0,0.0
t3643,0.0,0.0,0.0,0.0,0.0,0.0,0.0,0.0,0.0,0.0,0.0,0.0,0.0,0.0,0.0,0.0,0.0,0.0
t3644,0.0,0.0,0.0,0.0,0.0,0.0,0.0,0.0,0.0,0.0,0.0,0.0,0.0,0.0,0.0,0.0,0.0,0.0
t3645,0.0,0.0,0.0,0.0,0.0,0.0,0.0,0.0,0.0,0.0,0.0,0.0,0.0,0.0,0.0,0.0,0.0,0.0
t3646,0.0,0.0,0.0,0.0,0.0,0.0,0.0,0.0,0.0,0.0,0.0,0.0,0.0,0.0,0.0,0.0,0.0,0.0
t3647,0.0,0.0,0.0,0.0,0.0,0.0,0.0,0.0,0.0,0.0,0.0,0.0,0.0,0.0,0.0,0.0,0.0,0.0
t3648,0.0,0.0,0.0,0.0,0.0,0.0,0.0,0.0,0.0,0.0,0.0,0.0,0.0,0.0,0.0,0.0,0.0,0.0
t3649,0.0,0.0,0.0,0.0,0.0,0.0,0.0,0.0,0.0,0.0,0.0,0.0,0.0,0.0,0.0,0.0,0.0,0.0
t3650,0.0,0.0,0.0,0.0,0.0,0.0,0.0,0.0,0.0,0.0,0.0,0.0,0.0,0.0,0.0,0.0,0.0,0.0
t3651,0.0,0.0,0.0,0.0,0.0,0.0,0.0,0.0,0.0,0.0,0.0,0.0,0.0,0.0,0.0,0.0,0.0,0.0
t3652,0.0,0.0,0.0,0.0,0.0,0.0,0.0,0.0,0.0,0.0,0.0,0.0,0.0,0.0,0.0,0.0,0.0,0.0
t3653,0.0,0.0,0.0,0.0,0.0,0.0,0.0,0.0,0.0,0.0,0.0,0.0,0.0,0.0,0.0,0.0,0.0,0.0
t3654,0.0,0.0,0.0,0.0,0.0,0.0,0.0,0.0,0.0,0.0,0.0,0.0,0.0,0.0,0.0,0.0,0.0,0.0
t3655,0.0,0.0,0.0,0.0,0.0,0.0,0.0,1950.0,0.0,0.0,0.0,0.0,0.0,0.0,0.0,0.0,0.0,1950.0
t3656,939.944693059999,120.0,0.0,0.0,0.0,3775.998117315349,746.3066929200002,1950.0,0.0,0.0,0.0,0.0,0.0,0.0,0.0,0.0,0.0,7532.249503295348
t3657,1018.8918942600001,120.0,238.29462503457944,0.0,0.0,5531.155328342833,311.90934935984455,1950.0,0.0,0.0,0.0,0.0,0.0,0.0,0.0,0.0,0.0,9170.251196997258
t3658,665.4482992599994,120.0,0.0,0.0,0.0,6275.567721281761,927.51427184,1199.6272440174648,0.0,0.0,0.0,0.0,0.0,0.0,0.0,0.0,0.0,9188.157536399225
t3659,1220.0,0.0,0.0,0.0,0.0,6026.247277218807,953.01616263,682.0504670607454,0.0,0.0,0.0,0.0,0.0,0.0,0.0,0.0,0.0,8881.313906909552
t3660,637.8417676200003,0.0,1144.735796,0.0,0.0,4623.673005001441,930.9919731699998,136.20785227467738,0.0,0.0,0.0,0.0,0.0,0.0,0.0,0.0,0.0,7473.450394066118
t3661,564.2112168600003,0.0,0.0,0.0,0.0,3274.4300510986236,1590.0,0.0,0.0,0.0,0.0,0.0,0.0,0.0,0.0,0.0,0.0,5428.641267958624
t3662,97.63540557719074,0.0,808.0127774000002,0.0,0.0,1096.0510478604513,732.9705367299999,0.0,0.0,0.0,0.0,0.0,0.0,0.0,0.0,0.0,0.0,2734.6697675676423
t3663,0.0,0.0,0.0,0.0,0.0,0.0,0.0,0.0,0.0,0.0,0.0,0.0,0.0,0.0,0.0,0.0,0.0,0.0
t3664,0.0,0.0,0.0,0.0,0.0,0.0,0.0,0.0,0.0,0.0,0.0,0.0,0.0,0.0,0.0,0.0,0.0,0.0
t3665,0.0,0.0,0.0,0.0,0.0,0.0,0.0,0.0,0.0,0.0,0.0,0.0,0.0,0.0,0.0,0.0,0.0,0.0
t3666,0.0,0.0,0.0,0.0,0.0,0.0,0.0,0.0,0.0,0.0,0.0,0.0,0.0,0.0,0.0,0.0,0.0,0.0
t3667,0.0,0.0,0.0,0.0,0.0,0.0,0.0,0.0,0.0,0.0,0.0,0.0,0.0,0.0,0.0,0.0,0.0,0.0
t3668,0.0,0.0,0.0,0.0,0.0,0.0,0.0,0.0,0.0,0.0,0.0,0.0,0.0,0.0,0.0,0.0,0.0,0.0
t3669,0.0,0.0,0.0,0.0,0.0,0.0,0.0,0.0,0.0,0.0,0.0,0.0,0.0,0.0,0.0,0.0,0.0,0.0
t3670,0.0,0.0,0.0,0.0,0.0,0.0,0.0,0.0,0.0,0.0,0.0,0.0,0.0,0.0,0.0,0.0,0.0,0.0
t3671,0.0,0.0,0.0,0.0,0.0,0.0,0.0,0.0,0.0,0.0,0.0,0.0,0.0,0.0,0.0,0.0,0.0,0.0
t3672,0.0,0.0,0.0,0.0,0.0,0.0,0.0,0.0,0.0,0.0,0.0,0.0,0.0,0.0,0.0,0.0,0.0,0.0
t3673,0.0,0.0,0.0,0.0,0.0,0.0,0.0,0.0,0.0,0.0,0.0,0.0,0.0,0.0,0.0,0.0,0.0,0.0
t3674,0.0,0.0,0.0,0.0,0.0,0.0,0.0,0.0,0.0,0.0,0.0,0.0,0.0,0.0,0.0,0.0,0.0,0.0
t3675,0.0,0.0,0.0,0.0,0.0,0.0,0.0,0.0,0.0,0.0,0.0,0.0,0.0,0.0,0.0,0.0,0.0,0.0
t3676,0.0,0.0,0.0,0.0,0.0,0.0,0.0,0.0,0.0,0.0,0.0,0.0,0.0,0.0,0.0,0.0,0.0,0.0
t3677,0.0,0.0,0.0,0.0,0.0,0.0,0.0,0.0,0.0,0.0,0.0,0.0,0.0,0.0,0.0,0.0,0.0,0.0
t3678,0.0,0.0,0.0,0.0,0.0,0.0,0.0,0.0,0.0,0.0,0.0,0.0,0.0,0.0,0.0,0.0,0.0,0.0
t3679,0.0,0.0,0.0,0.0,0.0,0.0,0.0,1950.0,0.0,0.0,0.0,0.0,0.0,0.0,0.0,0.0,0.0,1950.0
t3680,1220.0,120.0,1225.5251224100002,0.0,0.0,5088.1371289862345,687.740763166914,1950.0,0.0,0.0,0.0,0.0,0.0,0.0,0.0,0.0,0.0,10291.40301456315
t3681,1207.0688906400003,120.0,1505.7761428700003,0.0,78.20783788597141,7433.783498999999,1114.0807956014428,1950.0,0.0,0.0,0.0,0.0,0.0,0.0,0.0,0.0,0.0,13408.917165997414
t3682,1220.0,28.89567407000021,1478.84407559,0.0,363.06603827523867,7693.8207395200025,587.8632827874075,1950.0,0.0,0.0,0.0,0.0,0.0,0.0,0.0,0.0,0.0,13322.48981024265
t3683,949.7101273971903,120.0,1375.6677508100004,0.0,3415.1319337259497,4722.34623248,1224.7724385506413,0.0,0.0,0.0,0.0,0.0,0.0,0.0,0.0,0.0,0.0,11807.62848296378
t3684,409.6652463000002,0.0,0.0,0.0,488.3256538489702,4252.2491915364535,1194.1536407886372,0.0,0.0,0.0,0.0,0.0,0.0,0.0,0.0,0.0,0.0,6344.393732474061
t3685,137.52901229999978,39.585196747264476,449.2320984280716,0.0,3038.6383175724027,3587.4511737599983,659.0446644119261,421.9244995430499,0.0,0.0,0.0,0.0,0.0,0.0,0.0,0.0,0.0,8333.404962762712
t3686,0.0,0.0,795.4767018199999,0.0,359.567717399109,3693.825840382637,758.3889400342882,0.0,0.0,0.0,0.0,0.0,0.0,0.0,0.0,0.0,0.0,5607.259199636035
t3687,0.0,77.48371376999991,0.0,0.0,864.7276062967677,0.0,477.98622044000007,0.0,0.0,0.0,0.0,0.0,0.0,0.0,0.0,0.0,0.0,1420.1975405067676
t3688,0.0,0.0,0.0,0.0,0.0,0.0,0.0,0.0,0.0,0.0,0.0,0.0,0.0,0.0,0.0,0.0,0.0,0.0
t3689,0.0,0.0,0.0,0.0,0.0,0.0,0.0,0.0,0.0,0.0,0.0,0.0,0.0,0.0,0.0,0.0,0.0,0.0
t3690,0.0,0.0,0.0,0.0,0.0,0.0,0.0,0.0,0.0,0.0,0.0,0.0,0.0,0.0,0.0,0.0,0.0,0.0
t3691,0.0,0.0,0.0,0.0,0.0,0.0,0.0,0.0,0.0,0.0,0.0,0.0,0.0,0.0,0.0,0.0,0.0,0.0
t3692,0.0,0.0,0.0,0.0,0.0,0.0,0.0,0.0,0.0,0.0,0.0,0.0,0.0,0.0,0.0,0.0,0.0,0.0
t3693,0.0,0.0,0.0,0.0,0.0,0.0,0.0,0.0,0.0,0.0,0.0,0.0,0.0,0.0,0.0,0.0,0.0,0.0
t3694,0.0,0.0,0.0,0.0,0.0,0.0,0.0,0.0,0.0,0.0,0.0,0.0,0.0,0.0,0.0,0.0,0.0,0.0
t3695,0.0,0.0,0.0,0.0,0.0,0.0,0.0,0.0,0.0,0.0,0.0,0.0,0.0,0.0,0.0,0.0,0.0,0.0
t3696,0.0,0.0,0.0,0.0,0.0,0.0,0.0,0.0,0.0,0.0,0.0,0.0,0.0,0.0,0.0,0.0,0.0,0.0
t3697,0.0,0.0,0.0,0.0,0.0,0.0,0.0,0.0,0.0,0.0,0.0,0.0,0.0,0.0,0.0,0.0,0.0,0.0
t3698,0.0,0.0,0.0,0.0,0.0,0.0,0.0,0.0,0.0,0.0,0.0,0.0,0.0,0.0,0.0,0.0,0.0,0.0
t3699,0.0,0.0,0.0,0.0,0.0,0.0,0.0,0.0,0.0,0.0,0.0,0.0,0.0,0.0,0.0,0.0,0.0,0.0
t3700,0.0,0.0,0.0,0.0,0.0,0.0,0.0,0.0,0.0,0.0,0.0,0.0,0.0,0.0,0.0,0.0,0.0,0.0
t3701,0.0,0.0,0.0,0.0,0.0,0.0,0.0,0.0,0.0,0.0,0.0,0.0,0.0,0.0,0.0,0.0,0.0,0.0
t3702,0.0,0.0,0.0,0.0,0.0,0.0,0.0,0.0,0.0,0.0,0.0,0.0,0.0,0.0,0.0,0.0,0.0,0.0
t3703,0.0,0.0,0.0,0.0,0.0,0.0,0.0,0.0,0.0,0.0,0.0,0.0,0.0,0.0,0.0,0.0,0.0,0.0
t3704,0.0,0.0,0.0,0.0,0.0,0.0,0.0,0.0,0.0,0.0,0.0,0.0,0.0,0.0,0.0,0.0,0.0,0.0
t3705,0.0,0.0,0.0,0.0,0.0,0.0,0.0,0.0,0.0,0.0,0.0,0.0,0.0,0.0,0.0,0.0,0.0,0.0
t3706,0.0,0.0,0.0,0.0,0.0,0.0,0.0,0.0,0.0,0.0,0.0,0.0,0.0,0.0,0.0,0.0,0.0,0.0
t3707,0.0,120.0,0.0,0.0,0.0,0.0,723.6991906420014,0.0,0.0,0.0,0.0,0.0,0.0,0.0,0.0,0.0,0.0,843.6991906420014
t3708,1220.0,120.0,0.0,0.0,1032.3093090932691,2209.836740303435,762.0826692690472,0.0,0.0,0.0,0.0,0.0,0.0,0.0,0.0,0.0,0.0,5344.228718665751
t3709,0.0,120.0,0.0,0.0,0.0,0.0,1223.3199330529417,0.0,0.0,0.0,0.0,0.0,0.0,0.0,0.0,0.0,0.0,1343.3199330529417
t3710,0.0,0.0,0.0,0.0,0.0,0.0,163.64121778859368,0.0,0.0,0.0,0.0,0.0,0.0,0.0,0.0,0.0,0.0,163.64121778859368
t3711,1220.0,0.0,0.0,0.0,0.0,0.0,589.4071156483495,0.0,0.0,0.0,0.0,0.0,0.0,0.0,0.0,0.0,0.0,1809.4071156483496
t3712,1220.0,0.0,0.0,0.0,0.0,0.0,452.30822523888435,0.0,0.0,0.0,0.0,0.0,0.0,0.0,0.0,0.0,0.0,1672.3082252388845
t3713,0.0,0.0,0.0,0.0,0.0,0.0,0.0,0.0,0.0,0.0,0.0,0.0,0.0,0.0,0.0,0.0,0.0,0.0
t3714,0.0,0.0,0.0,0.0,0.0,0.0,0.0,0.0,0.0,0.0,0.0,0.0,0.0,0.0,0.0,0.0,0.0,0.0
t3715,0.0,0.0,0.0,0.0,0.0,0.0,0.0,0.0,0.0,0.0,0.0,0.0,0.0,0.0,0.0,0.0,0.0,0.0
t3716,0.0,0.0,0.0,0.0,0.0,0.0,0.0,0.0,0.0,0.0,0.0,0.0,0.0,0.0,0.0,0.0,0.0,0.0
t3717,0.0,0.0,0.0,0.0,0.0,0.0,0.0,0.0,0.0,0.0,0.0,0.0,0.0,0.0,0.0,0.0,0.0,0.0
t3718,0.0,0.0,0.0,0.0,0.0,0.0,0.0,0.0,0.0,0.0,0.0,0.0,0.0,0.0,0.0,0.0,0.0,0.0
t3719,0.0,0.0,0.0,0.0,0.0,0.0,0.0,0.0,0.0,0.0,0.0,0.0,0.0,0.0,0.0,0.0,0.0,0.0
t3720,0.0,0.0,0.0,0.0,0.0,0.0,0.0,0.0,0.0,0.0,0.0,0.0,0.0,0.0,0.0,0.0,0.0,0.0
t3721,0.0,0.0,0.0,0.0,0.0,0.0,0.0,0.0,0.0,0.0,0.0,0.0,0.0,0.0,0.0,0.0,0.0,0.0
t3722,0.0,0.0,0.0,0.0,0.0,0.0,0.0,0.0,0.0,0.0,0.0,0.0,0.0,0.0,0.0,0.0,0.0,0.0
t3723,0.0,0.0,0.0,0.0,0.0,0.0,0.0,0.0,0.0,0.0,0.0,0.0,0.0,0.0,0.0,0.0,0.0,0.0
t3724,0.0,0.0,0.0,0.0,0.0,0.0,0.0,0.0,0.0,0.0,0.0,0.0,0.0,0.0,0.0,0.0,0.0,0.0
t3725,0.0,0.0,0.0,0.0,0.0,0.0,0.0,0.0,0.0,0.0,0.0,0.0,0.0,0.0,0.0,0.0,0.0,0.0
t3726,0.0,0.0,0.0,0.0,0.0,0.0,0.0,0.0,0.0,0.0,0.0,0.0,0.0,0.0,0.0,0.0,0.0,0.0
t3727,0.0,0.0,0.0,0.0,0.0,0.0,0.0,0.0,0.0,0.0,0.0,0.0,0.0,0.0,0.0,0.0,0.0,0.0
t3728,0.0,120.0,0.0,0.0,0.0,467.65482142752023,904.0860423239332,0.0,0.0,0.0,0.0,0.0,0.0,0.0,0.0,0.0,0.0,1491.7408637514534
t3729,0.0,0.0,0.0,0.0,0.0,0.0,217.6650543400005,707.0471116810451,0.0,0.0,0.0,0.0,0.0,0.0,0.0,0.0,0.0,924.7121660210455
t3730,0.0,0.0,0.0,0.0,0.0,4238.212126542853,274.10524912349723,1950.0,0.0,0.0,0.0,0.0,0.0,0.0,0.0,0.0,0.0,6462.31737566635
t3731,1220.0,120.0,0.0,0.0,0.0,4712.99873024599,645.2606062138253,1368.919252746836,0.0,0.0,0.0,0.0,0.0,0.0,0.0,0.0,0.0,8067.178589206652
t3732,1220.0,120.0,0.0,0.0,843.0492855524483,4047.239401309983,1414.2433095700003,431.99413504544424,0.0,0.0,0.0,0.0,0.0,0.0,0.0,0.0,0.0,8076.526131477876
t3733,1131.2470950295417,0.0,0.0,0.0,804.6054167540182,2437.8135939603544,1590.0,520.0895436190838,0.0,0.0,0.0,0.0,0.0,0.0,0.0,0.0,0.0,6483.755649362998
t3734,582.97388214,25.964584587264614,0.0,0.0,0.0,920.8223197001581,1515.7746360800004,0.0,0.0,0.0,0.0,0.0,0.0,0.0,0.0,0.0,0.0,3045.5354225074234
t3735,989.7522994676483,120.0,0.0,0.0,0.0,0.0,142.89584813000022,819.1040648200001,0.0,0.0,0.0,0.0,0.0,0.0,0.0,0.0,0.0,2071.7522124176485
t3736,0.0,0.0,0.0,0.0,0.0,0.0,0.0,0.0,0.0,0.0,0.0,0.0,0.0,0.0,0.0,0.0,0.0,0.0
t3737,0.0,0.0,0.0,0.0,0.0,0.0,0.0,0.0,0.0,0.0,0.0,0.0,0.0,0.0,0.0,0.0,0.0,0.0
t3738,0.0,0.0,0.0,0.0,0.0,0.0,0.0,0.0,0.0,0.0,0.0,0.0,0.0,0.0,0.0,0.0,0.0,0.0
t3739,0.0,0.0,0.0,0.0,0.0,0.0,0.0,0.0,0.0,0.0,0.0,0.0,0.0,0.0,0.0,0.0,0.0,0.0
t3740,0.0,0.0,0.0,0.0,0.0,0.0,0.0,0.0,0.0,0.0,0.0,0.0,0.0,0.0,0.0,0.0,0.0,0.0
t3741,0.0,0.0,0.0,0.0,0.0,0.0,0.0,0.0,0.0,0.0,0.0,0.0,0.0,0.0,0.0,0.0,0.0,0.0
t3742,0.0,0.0,0.0,0.0,0.0,0.0,0.0,0.0,0.0,0.0,0.0,0.0,0.0,0.0,0.0,0.0,0.0,0.0
t3743,0.0,0.0,0.0,0.0,0.0,0.0,0.0,0.0,0.0,0.0,0.0,0.0,0.0,0.0,0.0,0.0,0.0,0.0
t3744,0.0,0.0,0.0,0.0,0.0,0.0,0.0,0.0,0.0,0.0,0.0,0.0,0.0,0.0,0.0,0.0,0.0,0.0
t3745,0.0,0.0,0.0,0.0,0.0,0.0,0.0,0.0,0.0,0.0,0.0,0.0,0.0,0.0,0.0,0.0,0.0,0.0
t3746,0.0,0.0,0.0,0.0,0.0,0.0,0.0,0.0,0.0,0.0,0.0,0.0,0.0,0.0,0.0,0.0,0.0,0.0
t3747,0.0,0.0,0.0,0.0,0.0,0.0,0.0,0.0,0.0,0.0,0.0,0.0,0.0,0.0,0.0,0.0,0.0,0.0
t3748,0.0,0.0,0.0,0.0,0.0,0.0,0.0,0.0,0.0,0.0,0.0,0.0,0.0,0.0,0.0,0.0,0.0,0.0
t3749,0.0,0.0,0.0,0.0,0.0,0.0,0.0,0.0,0.0,0.0,0.0,0.0,0.0,0.0,0.0,0.0,0.0,0.0
t3750,0.0,0.0,0.0,0.0,0.0,0.0,0.0,0.0,0.0,0.0,0.0,0.0,0.0,0.0,0.0,0.0,0.0,0.0
t3751,0.0,0.0,0.0,0.0,0.0,0.0,0.0,0.0,0.0,0.0,0.0,0.0,0.0,0.0,0.0,0.0,0.0,0.0
t3752,893.5719947299777,0.0,0.0,0.0,0.0,0.0,0.0,0.0,0.0,0.0,0.0,0.0,0.0,0.0,0.0,0.0,0.0,893.5719947299777
t3753,390.334792150715,0.0,0.0,0.0,0.0,0.0,0.0,0.0,0.0,0.0,0.0,0.0,0.0,0.0,0.0,0.0,0.0,390.334792150715
t3754,1220.0,0.0,0.0,0.0,0.0,0.0,1163.2232871500005,0.0,0.0,0.0,0.0,0.0,0.0,0.0,0.0,0.0,0.0,2383.2232871500005
t3755,1220.0,0.0,0.0,0.0,0.0,0.0,964.2934137043211,0.0,0.0,0.0,0.0,0.0,0.0,0.0,0.0,0.0,0.0,2184.293413704321
t3756,1220.0,0.0,0.0,0.0,0.0,0.0,1131.1729630781829,0.0,0.0,0.0,0.0,0.0,0.0,0.0,0.0,0.0,0.0,2351.172963078183
t3757,0.0,0.0,0.0,0.0,0.0,0.0,0.0,0.0,0.0,0.0,0.0,0.0,0.0,0.0,0.0,0.0,0.0,0.0
t3758,2.0887723358613925,0.0,0.0,0.0,0.0,0.0,0.0,0.0,0.0,0.0,0.0,0.0,0.0,0.0,0.0,0.0,0.0,2.0887723358613925
t3759,0.0,0.0,0.0,0.0,0.0,0.0,0.0,0.0,0.0,0.0,0.0,0.0,0.0,0.0,0.0,0.0,0.0,0.0
t3760,0.0,0.0,0.0,0.0,0.0,0.0,0.0,0.0,0.0,0.0,0.0,0.0,0.0,0.0,0.0,0.0,0.0,0.0
t3761,0.0,0.0,0.0,0.0,0.0,0.0,0.0,0.0,0.0,0.0,0.0,0.0,0.0,0.0,0.0,0.0,0.0,0.0
t3762,0.0,0.0,0.0,0.0,0.0,0.0,0.0,0.0,0.0,0.0,0.0,0.0,0.0,0.0,0.0,0.0,0.0,0.0
t3763,0.0,0.0,0.0,0.0,0.0,0.0,0.0,0.0,0.0,0.0,0.0,0.0,0.0,0.0,0.0,0.0,0.0,0.0
t3764,0.0,0.0,0.0,0.0,0.0,0.0,0.0,0.0,0.0,0.0,0.0,0.0,0.0,0.0,0.0,0.0,0.0,0.0
t3765,0.0,0.0,0.0,0.0,0.0,0.0,0.0,0.0,0.0,0.0,0.0,0.0,0.0,0.0,0.0,0.0,0.0,0.0
t3766,0.0,0.0,0.0,0.0,0.0,0.0,0.0,0.0,0.0,0.0,0.0,0.0,0.0,0.0,0.0,0.0,0.0,0.0
t3767,0.0,0.0,0.0,0.0,0.0,0.0,0.0,0.0,0.0,0.0,0.0,0.0,0.0,0.0,0.0,0.0,0.0,0.0
t3768,0.0,0.0,0.0,0.0,0.0,0.0,0.0,0.0,0.0,0.0,0.0,0.0,0.0,0.0,0.0,0.0,0.0,0.0
t3769,0.0,0.0,0.0,0.0,0.0,0.0,0.0,0.0,0.0,0.0,0.0,0.0,0.0,0.0,0.0,0.0,0.0,0.0
t3770,0.0,0.0,0.0,0.0,0.0,0.0,0.0,0.0,0.0,0.0,0.0,0.0,0.0,0.0,0.0,0.0,0.0,0.0
t3771,0.0,0.0,0.0,0.0,0.0,0.0,0.0,0.0,0.0,0.0,0.0,0.0,0.0,0.0,0.0,0.0,0.0,0.0
t3772,0.0,0.0,0.0,0.0,0.0,0.0,0.0,0.0,0.0,0.0,0.0,0.0,0.0,0.0,0.0,0.0,0.0,0.0
t3773,0.0,0.0,0.0,0.0,0.0,0.0,0.0,0.0,0.0,0.0,0.0,0.0,0.0,0.0,0.0,0.0,0.0,0.0
t3774,0.0,0.0,0.0,0.0,0.0,0.0,0.0,0.0,0.0,0.0,0.0,0.0,0.0,0.0,0.0,0.0,0.0,0.0
t3775,0.0,0.0,0.0,0.0,0.0,0.0,0.0,0.0,0.0,0.0,0.0,0.0,0.0,0.0,0.0,0.0,0.0,0.0
t3776,0.0,0.0,0.0,0.0,0.0,0.0,0.0,0.0,0.0,0.0,0.0,0.0,0.0,0.0,0.0,0.0,0.0,0.0
t3777,0.0,0.0,0.0,0.0,0.0,0.0,33.60074793000001,0.0,0.0,0.0,0.0,0.0,0.0,0.0,0.0,0.0,0.0,33.60074793000001
t3778,1220.0,120.0,0.0,0.0,0.0,0.0,1209.97662052,1138.2313183788963,0.0,0.0,0.0,0.0,0.0,0.0,0.0,0.0,0.0,3688.207938898897
t3779,1220.0,25.96458458726457,0.0,0.0,0.0,1610.2969716697608,1590.0,928.216130507835,0.0,0.0,0.0,0.0,0.0,0.0,0.0,0.0,0.0,5374.477686764861
t3780,263.9732766371902,120.0,0.0,0.0,545.3751901723426,3006.1863400331877,834.8653175300445,1179.0632025680618,0.0,0.0,0.0,0.0,0.0,0.0,0.0,0.0,0.0,5949.463326940827
t3781,0.0,120.0,0.0,0.0,807.0049726355481,2974.376131899229,1202.6759047599999,613.8049721700003,0.0,0.0,0.0,0.0,0.0,0.0,0.0,0.0,0.0,5717.861981464777
t3782,1220.0,0.0,0.0,0.0,0.0,1620.683893292071,347.1603886800003,1698.0861211699978,0.0,0.0,0.0,0.0,0.0,0.0,0.0,0.0,0.0,4885.930403142069
t3783,1220.0,120.0,0.0,0.0,0.0,184.69286801274254,1485.751766361212,0.0,0.0,0.0,0.0,0.0,0.0,0.0,0.0,0.0,0.0,3010.4446343739546
t3784,0.0,0.0,0.0,0.0,0.0,0.0,0.0,0.0,0.0,0.0,0.0,0.0,0.0,0.0,0.0,0.0,0.0,0.0
t3785,0.0,0.0,0.0,0.0,0.0,0.0,0.0,0.0,0.0,0.0,0.0,0.0,0.0,0.0,0.0,0.0,0.0,0.0
t3786,0.0,0.0,0.0,0.0,0.0,0.0,0.0,0.0,0.0,0.0,0.0,0.0,0.0,0.0,0.0,0.0,0.0,0.0
t3787,0.0,0.0,0.0,0.0,0.0,0.0,0.0,0.0,0.0,0.0,0.0,0.0,0.0,0.0,0.0,0.0,0.0,0.0
t3788,0.0,0.0,0.0,0.0,0.0,0.0,0.0,0.0,0.0,0.0,0.0,0.0,0.0,0.0,0.0,0.0,0.0,0.0
t3789,0.0,0.0,0.0,0.0,0.0,0.0,0.0,0.0,0.0,0.0,0.0,0.0,0.0,0.0,0.0,0.0,0.0,0.0
t3790,0.0,0.0,0.0,0.0,0.0,0.0,0.0,0.0,0.0,0.0,0.0,0.0,0.0,0.0,0.0,0.0,0.0,0.0
t3791,0.0,0.0,0.0,0.0,0.0,0.0,0.0,0.0,0.0,0.0,0.0,0.0,0.0,0.0,0.0,0.0,0.0,0.0
t3792,0.0,0.0,0.0,0.0,0.0,0.0,0.0,0.0,0.0,0.0,0.0,0.0,0.0,0.0,0.0,0.0,0.0,0.0
t3793,0.0,0.0,0.0,0.0,0.0,0.0,0.0,0.0,0.0,0.0,0.0,0.0,0.0,0.0,0.0,0.0,0.0,0.0
t3794,0.0,0.0,0.0,0.0,0.0,0.0,0.0,0.0,0.0,0.0,0.0,0.0,0.0,0.0,0.0,0.0,0.0,0.0
t3795,0.0,0.0,0.0,0.0,0.0,0.0,0.0,0.0,0.0,0.0,0.0,0.0,0.0,0.0,0.0,0.0,0.0,0.0
t3796,0.0,0.0,0.0,0.0,0.0,0.0,0.0,0.0,0.0,0.0,0.0,0.0,0.0,0.0,0.0,0.0,0.0,0.0
t3797,0.0,0.0,0.0,0.0,0.0,0.0,0.0,0.0,0.0,0.0,0.0,0.0,0.0,0.0,0.0,0.0,0.0,0.0
t3798,0.0,0.0,0.0,0.0,0.0,0.0,0.0,0.0,0.0,0.0,0.0,0.0,0.0,0.0,0.0,0.0,0.0,0.0
t3799,0.0,0.0,0.0,0.0,0.0,0.0,0.0,0.0,0.0,0.0,0.0,0.0,0.0,0.0,0.0,0.0,0.0,0.0
t3800,1087.9159375016327,120.0,0.0,0.0,0.0,0.0,198.2894343699999,0.0,0.0,0.0,0.0,0.0,0.0,0.0,0.0,0.0,0.0,1406.2053718716327
t3801,0.0,120.0,1620.0,0.0,0.0,3314.120519152145,0.0,1950.0,0.0,0.0,0.0,0.0,0.0,0.0,0.0,0.0,0.0,7004.120519152145
t3802,1220.0,0.0,181.64097400000034,0.0,0.0,6654.277868549935,0.0,1950.0,0.0,0.0,0.0,0.0,0.0,0.0,0.0,0.0,0.0,10005.918842549936
t3803,0.0,120.0,1620.0,0.0,927.53042796928,5178.004660153098,396.7481638199999,1950.0,0.0,0.0,0.0,0.0,0.0,0.0,0.0,0.0,0.0,10192.283251942377
t3804,0.0,0.0,0.0,0.0,0.0,6620.231028836783,1367.76182341,0.0,0.0,0.0,0.0,0.0,0.0,0.0,0.0,0.0,0.0,7987.992852246783
t3805,0.0,120.0,0.0,0.0,1432.176142208555,7178.460626412525,1590.0,1950.0,0.0,0.0,0.0,0.0,0.0,0.0,0.0,0.0,0.0,12270.63676862108
t3806,1220.0,0.0,0.0,0.0,0.0,4587.78818207899,1498.310258351257,0.0,0.0,0.0,0.0,0.0,0.0,0.0,0.0,0.0,0.0,7306.098440430247
t3807,1220.0,25.964584587264614,1620.0,0.0,0.0,2218.3932425639728,1053.4156009700002,421.9244995430499,0.0,0.0,0.0,0.0,0.0,0.0,0.0,0.0,0.0,6559.697927664288
t3808,396.0573391355571,0.0,309.5105436915335,0.0,0.0,720.3376779178849,599.50546486,0.0,0.0,0.0,0.0,0.0,0.0,0.0,0.0,0.0,0.0,2025.4110256049753
t3809,0.0,0.0,0.0,0.0,0.0,0.0,0.0,0.0,0.0,0.0,0.0,0.0,0.0,0.0,0.0,0.0,0.0,0.0
t3810,0.0,0.0,0.0,0.0,0.0,0.0,0.0,0.0,0.0,0.0,0.0,0.0,0.0,0.0,0.0,0.0,0.0,0.0
t3811,0.0,0.0,0.0,0.0,0.0,0.0,0.0,0.0,0.0,0.0,0.0,0.0,0.0,0.0,0.0,0.0,0.0,0.0
t3812,0.0,0.0,0.0,0.0,0.0,0.0,0.0,0.0,0.0,0.0,0.0,0.0,0.0,0.0,0.0,0.0,0.0,0.0
t3813,0.0,0.0,0.0,0.0,0.0,0.0,0.0,0.0,0.0,0.0,0.0,0.0,0.0,0.0,0.0,0.0,0.0,0.0
t3814,0.0,0.0,0.0,0.0,0.0,0.0,0.0,0.0,0.0,0.0,0.0,0.0,0.0,0.0,0.0,0.0,0.0,0.0
t3815,0.0,0.0,0.0,0.0,0.0,0.0,0.0,0.0,0.0,0.0,0.0,0.0,0.0,0.0,0.0,0.0,0.0,0.0
t3816,0.0,0.0,0.0,0.0,0.0,0.0,0.0,0.0,0.0,0.0,0.0,0.0,0.0,0.0,0.0,0.0,0.0,0.0
t3817,0.0,0.0,0.0,0.0,0.0,0.0,0.0,0.0,0.0,0.0,0.0,0.0,0.0,0.0,0.0,0.0,0.0,0.0
t3818,0.0,0.0,0.0,0.0,0.0,0.0,0.0,0.0,0.0,0.0,0.0,0.0,0.0,0.0,0.0,0.0,0.0,0.0
t3819,0.0,0.0,0.0,0.0,0.0,0.0,0.0,0.0,0.0,0.0,0.0,0.0,0.0,0.0,0.0,0.0,0.0,0.0
t3820,0.0,0.0,0.0,0.0,0.0,0.0,0.0,0.0,0.0,0.0,0.0,0.0,0.0,0.0,0.0,0.0,0.0,0.0
t3821,0.0,0.0,0.0,0.0,0.0,0.0,0.0,0.0,0.0,0.0,0.0,0.0,0.0,0.0,0.0,0.0,0.0,0.0
t3822,0.0,0.0,0.0,0.0,0.0,0.0,0.0,0.0,0.0,0.0,0.0,0.0,0.0,0.0,0.0,0.0,0.0,0.0
t3823,0.0,0.0,0.0,0.0,0.0,0.0,0.0,0.0,0.0,0.0,0.0,0.0,0.0,0.0,0.0,0.0,0.0,0.0
t3824,1220.0,120.0,60.67164033999972,0.0,0.0,0.0,476.3470793000002,536.9395744451699,0.0,0.0,0.0,0.0,0.0,0.0,0.0,0.0,0.0,2413.9582940851697
t3825,0.0,120.0,289.2791044200002,0.0,0.0,1931.633152361176,1362.35046817,1526.0514661799996,0.0,0.0,0.0,0.0,0.0,0.0,0.0,0.0,0.0,5229.314191131176
t3826,1220.0,120.0,674.8200075880765,0.0,0.0,2672.526420580908,1565.00550117,1439.7634521799996,0.0,0.0,0.0,0.0,0.0,0.0,0.0,0.0,0.0,7692.115381518985
t3827,583.3092690971905,0.0,665.5390285999997,0.0,0.0,4691.617239359674,1590.0,1321.9810345800001,0.0,0.0,0.0,0.0,0.0,0.0,0.0,0.0,0.0,8852.446571636865
t3828,0.0,120.0,652.6623935999999,0.0,2490.051047831966,5100.723357427175,0.0,1455.0023227800007,0.0,0.0,0.0,0.0,0.0,0.0,0.0,0.0,0.0,9818.439121639141
t3829,0.0,25.964584587264614,608.1514932,0.0,0.0,4722.025036655095,752.9421260378593,0.0,0.0,0.0,0.0,0.0,0.0,0.0,0.0,0.0,0.0,6109.0832404802195
t3830,0.0,0.0,450.5866646000002,0.0,0.0,4481.547942113535,957.3855711033967,0.0,0.0,0.0,0.0,0.0,0.0,0.0,0.0,0.0,0.0,5889.520177816932
t3831,1220.0,0.0,308.4549475999999,0.0,0.0,1958.2920803934094,0.0,0.0,0.0,0.0,0.0,0.0,0.0,0.0,0.0,0.0,0.0,3486.7470279934096
t3832,900.6640075399994,0.0,97.98929002999957,0.0,0.0,0.0,0.0,0.0,0.0,0.0,0.0,0.0,0.0,0.0,0.0,0.0,0.0,998.6532975699989
t3833,0.0,0.0,0.0,0.0,0.0,0.0,0.0,0.0,0.0,0.0,0.0,0.0,0.0,0.0,0.0,0.0,0.0,0.0
t3834,0.0,0.0,0.0,0.0,0.0,0.0,0.0,0.0,0.0,0.0,0.0,0.0,0.0,0.0,0.0,0.0,0.0,0.0
t3835,0.0,0.0,0.0,0.0,0.0,0.0,0.0,0.0,0.0,0.0,0.0,0.0,0.0,0.0,0.0,0.0,0.0,0.0
t3836,0.0,0.0,0.0,0.0,0.0,0.0,0.0,0.0,0.0,0.0,0.0,0.0,0.0,0.0,0.0,0.0,0.0,0.0
t3837,0.0,0.0,0.0,0.0,0.0,0.0,0.0,0.0,0.0,0.0,0.0,0.0,0.0,0.0,0.0,0.0,0.0,0.0
t3838,0.0,0.0,0.0,0.0,0.0,0.0,0.0,0.0,0.0,0.0,0.0,0.0,0.0,0.0,0.0,0.0,0.0,0.0
t3839,0.0,0.0,0.0,0.0,0.0,0.0,0.0,0.0,0.0,0.0,0.0,0.0,0.0,0.0,0.0,0.0,0.0,0.0
t3840,0.0,0.0,0.0,0.0,0.0,0.0,0.0,0.0,0.0,0.0,0.0,0.0,0.0,0.0,0.0,0.0,0.0,0.0
t3841,0.0,0.0,0.0,0.0,0.0,0.0,0.0,0.0,0.0,0.0,0.0,0.0,0.0,0.0,0.0,0.0,0.0,0.0
t3842,0.0,0.0,0.0,0.0,0.0,0.0,0.0,0.0,0.0,0.0,0.0,0.0,0.0,0.0,0.0,0.0,0.0,0.0
t3843,0.0,0.0,0.0,0.0,0.0,0.0,0.0,0.0,0.0,0.0,0.0,0.0,0.0,0.0,0.0,0.0,0.0,0.0
t3844,0.0,0.0,0.0,0.0,0.0,0.0,0.0,0.0,0.0,0.0,0.0,0.0,0.0,0.0,0.0,0.0,0.0,0.0
t3845,0.0,0.0,0.0,0.0,0.0,0.0,0.0,0.0,0.0,0.0,0.0,0.0,0.0,0.0,0.0,0.0,0.0,0.0
t3846,0.0,0.0,0.0,0.0,0.0,0.0,0.0,0.0,0.0,0.0,0.0,0.0,0.0,0.0,0.0,0.0,0.0,0.0
t3847,0.0,0.0,0.0,0.0,0.0,0.0,0.0,0.0,0.0,0.0,0.0,0.0,0.0,0.0,0.0,0.0,0.0,0.0
t3848,0.0,120.0,218.3290834099999,0.0,0.0,3041.540915258644,367.82822725,1950.0,0.0,0.0,0.0,0.0,0.0,0.0,0.0,0.0,0.0,5697.698225918644
t3849,1220.0,120.0,116.4865035999999,0.0,1689.6545251278478,4963.886810496217,549.9109303799999,1950.0,0.0,0.0,0.0,0.0,0.0,0.0,0.0,0.0,0.0,10609.938769604065
t3850,1220.0,0.0,169.74009939999968,0.0,0.0,5088.619726361293,524.4135858400001,0.0,0.0,0.0,0.0,0.0,0.0,0.0,0.0,0.0,0.0,7002.773411601293
t3851,0.0,111.12854071726447,317.8526585999996,0.0,1696.1703837441294,4465.039739640582,730.9735542999998,0.0,0.0,0.0,0.0,0.0,0.0,0.0,0.0,0.0,0.0,7321.164877001976
t3852,1220.0,120.0,350.64974580000006,0.0,0.0,3083.8349254299183,1126.3943290300003,1950.0,0.0,0.0,0.0,0.0,0.0,0.0,0.0,0.0,0.0,7850.879000259919
t3853,0.0,0.0,595.8916195999998,0.0,1524.8332780894743,2669.755348269666,1581.02942269,1069.68084320305,0.0,0.0,0.0,0.0,0.0,0.0,0.0,0.0,0.0,7441.19051185219
t3854,363.61580433718996,0.0,534.2009175999999,0.0,0.0,2624.996455190995,1355.5367300800003,1302.2436563400001,0.0,0.0,0.0,0.0,0.0,0.0,0.0,0.0,0.0,6180.593563548186
t3855,1120.3574723000002,34.83604387000011,463.3940186,0.0,0.0,4412.706443159538,467.94396621125657,0.0,0.0,0.0,0.0,0.0,0.0,0.0,0.0,0.0,0.0,6499.237944140795
t3856,0.0,0.0,255.82267534000002,0.0,0.0,1295.793847997481,0.0,0.0,0.0,0.0,0.0,0.0,0.0,0.0,0.0,0.0,0.0,1551.6165233374809
t3857,0.0,0.0,0.0,0.0,0.0,0.0,0.0,0.0,0.0,0.0,0.0,0.0,0.0,0.0,0.0,0.0,0.0,0.0
t3858,0.0,0.0,0.0,0.0,0.0,0.0,0.0,0.0,0.0,0.0,0.0,0.0,0.0,0.0,0.0,0.0,0.0,0.0
t3859,0.0,0.0,0.0,0.0,0.0,0.0,0.0,0.0,0.0,0.0,0.0,0.0,0.0,0.0,0.0,0.0,0.0,0.0
t3860,0.0,0.0,0.0,0.0,0.0,0.0,0.0,0.0,0.0,0.0,0.0,0.0,0.0,0.0,0.0,0.0,0.0,0.0
t3861,0.0,0.0,0.0,0.0,0.0,0.0,0.0,0.0,0.0,0.0,0.0,0.0,0.0,0.0,0.0,0.0,0.0,0.0
t3862,0.0,0.0,0.0,0.0,0.0,0.0,0.0,0.0,0.0,0.0,0.0,0.0,0.0,0.0,0.0,0.0,0.0,0.0
t3863,0.0,0.0,0.0,0.0,0.0,0.0,0.0,0.0,0.0,0.0,0.0,0.0,0.0,0.0,0.0,0.0,0.0,0.0
t3864,0.0,0.0,0.0,0.0,0.0,0.0,0.0,0.0,0.0,0.0,0.0,0.0,0.0,0.0,0.0,0.0,0.0,0.0
t3865,0.0,0.0,0.0,0.0,0.0,0.0,0.0,0.0,0.0,0.0,0.0,0.0,0.0,0.0,0.0,0.0,0.0,0.0
t3866,0.0,0.0,0.0,0.0,0.0,0.0,0.0,0.0,0.0,0.0,0.0,0.0,0.0,0.0,0.0,0.0,0.0,0.0
t3867,0.0,0.0,0.0,0.0,0.0,0.0,0.0,0.0,0.0,0.0,0.0,0.0,0.0,0.0,0.0,0.0,0.0,0.0
t3868,0.0,0.0,0.0,0.0,0.0,0.0,0.0,0.0,0.0,0.0,0.0,0.0,0.0,0.0,0.0,0.0,0.0,0.0
t3869,0.0,0.0,0.0,0.0,0.0,0.0,0.0,0.0,0.0,0.0,0.0,0.0,0.0,0.0,0.0,0.0,0.0,0.0
t3870,0.0,0.0,0.0,0.0,0.0,0.0,0.0,0.0,0.0,0.0,0.0,0.0,0.0,0.0,0.0,0.0,0.0,0.0
t3871,0.0,0.0,0.0,0.0,0.0,0.0,0.0,897.5519496903519,0.0,0.0,0.0,0.0,0.0,0.0,0.0,0.0,0.0,897.5519496903519
t3872,1220.0,120.0,0.0,0.0,0.0,0.0,451.11483334975037,1950.0,0.0,0.0,0.0,0.0,0.0,0.0,0.0,0.0,0.0,3741.1148333497504
t3873,986.8993300599989,120.0,0.0,0.0,0.0,0.0,1055.5695198041458,1950.0,0.0,0.0,0.0,0.0,0.0,0.0,0.0,0.0,0.0,4112.468849864144
t3874,708.5435763771941,120.0,0.0,0.0,0.0,0.0,579.4083519957188,1950.0,0.0,0.0,0.0,0.0,0.0,0.0,0.0,0.0,0.0,3357.951928372913
t3875,700.1608650999981,120.0,0.0,0.0,0.0,784.842670290298,137.28966733000036,1238.2245265388572,0.0,0.0,0.0,0.0,0.0,0.0,0.0,0.0,0.0,2980.5177292591534
t3876,308.36950509999895,25.964584587264614,0.0,0.0,0.0,717.9570904703402,228.76367114000007,221.9435173499733,0.0,0.0,0.0,0.0,0.0,0.0,0.0,0.0,0.0,1502.998368647577
t3877,1220.0,0.0,0.0,0.0,0.0,0.0,0.0,0.0,0.0,0.0,0.0,0.0,0.0,0.0,0.0,0.0,0.0,1220.0
t3878,0.0,0.0,0.0,0.0,0.0,0.0,0.0,0.0,0.0,0.0,0.0,0.0,0.0,0.0,0.0,0.0,0.0,0.0
t3879,0.0,0.0,0.0,0.0,0.0,0.0,0.0,0.0,0.0,0.0,0.0,0.0,0.0,0.0,0.0,0.0,0.0,0.0
t3880,0.0,0.0,0.0,0.0,0.0,0.0,0.0,0.0,0.0,0.0,0.0,0.0,0.0,0.0,0.0,0.0,0.0,0.0
t3881,0.0,0.0,0.0,0.0,0.0,0.0,0.0,0.0,0.0,0.0,0.0,0.0,0.0,0.0,0.0,0.0,0.0,0.0
t3882,0.0,0.0,0.0,0.0,0.0,0.0,0.0,0.0,0.0,0.0,0.0,0.0,0.0,0.0,0.0,0.0,0.0,0.0
t3883,0.0,0.0,0.0,0.0,0.0,0.0,0.0,0.0,0.0,0.0,0.0,0.0,0.0,0.0,0.0,0.0,0.0,0.0
t3884,0.0,0.0,0.0,0.0,0.0,0.0,0.0,0.0,0.0,0.0,0.0,0.0,0.0,0.0,0.0,0.0,0.0,0.0
t3885,0.0,0.0,0.0,0.0,0.0,0.0,0.0,0.0,0.0,0.0,0.0,0.0,0.0,0.0,0.0,0.0,0.0,0.0
t3886,0.0,0.0,0.0,0.0,0.0,0.0,0.0,0.0,0.0,0.0,0.0,0.0,0.0,0.0,0.0,0.0,0.0,0.0
t3887,0.0,0.0,0.0,0.0,0.0,0.0,0.0,0.0,0.0,0.0,0.0,0.0,0.0,0.0,0.0,0.0,0.0,0.0
t3888,0.0,0.0,0.0,0.0,0.0,0.0,0.0,0.0,0.0,0.0,0.0,0.0,0.0,0.0,0.0,0.0,0.0,0.0
t3889,0.0,0.0,0.0,0.0,0.0,0.0,0.0,0.0,0.0,0.0,0.0,0.0,0.0,0.0,0.0,0.0,0.0,0.0
t3890,0.0,0.0,0.0,0.0,0.0,0.0,0.0,0.0,0.0,0.0,0.0,0.0,0.0,0.0,0.0,0.0,0.0,0.0
t3891,0.0,0.0,0.0,0.0,0.0,0.0,0.0,0.0,0.0,0.0,0.0,0.0,0.0,0.0,0.0,0.0,0.0,0.0
t3892,0.0,0.0,0.0,0.0,0.0,0.0,0.0,0.0,0.0,0.0,0.0,0.0,0.0,0.0,0.0,0.0,0.0,0.0
t3893,0.0,0.0,0.0,0.0,0.0,0.0,0.0,0.0,0.0,0.0,0.0,0.0,0.0,0.0,0.0,0.0,0.0,0.0
t3894,0.0,0.0,0.0,0.0,0.0,0.0,0.0,0.0,0.0,0.0,0.0,0.0,0.0,0.0,0.0,0.0,0.0,0.0
t3895,0.0,0.0,0.0,0.0,0.0,0.0,0.0,0.0,0.0,0.0,0.0,0.0,0.0,0.0,0.0,0.0,0.0,0.0
t3896,989.4785212200004,120.0,0.0,0.0,0.0,388.80595190767724,350.4463815857091,1950.0,0.0,0.0,0.0,0.0,0.0,0.0,0.0,0.0,0.0,3798.730854713387
t3897,696.1302839171021,120.0,859.2063110300004,0.0,0.0,1005.2423280375517,14.086215160000304,1950.0,0.0,0.0,0.0,0.0,0.0,0.0,0.0,0.0,0.0,4644.6651381446545
t3898,1220.0,120.0,0.0,0.0,0.0,2840.3664341932504,26.323338880000378,1950.0,0.0,0.0,0.0,0.0,0.0,0.0,0.0,0.0,0.0,6156.689773073251
t3899,1208.120966620001,120.0,0.0,0.0,0.0,4582.531605448891,701.1197578100001,1389.0948848617413,0.0,0.0,0.0,0.0,0.0,0.0,0.0,0.0,0.0,8000.867214740634
t3900,645.1022610324881,0.0,309.19892831827883,0.0,0.0,4679.491530288471,1527.06860523,982.8296146813079,0.0,0.0,0.0,0.0,0.0,0.0,0.0,0.0,0.0,8143.690939550545
t3901,385.14124384759884,25.964584587264614,0.0,0.0,0.0,5080.513783907076,1536.27214599,0.0,0.0,0.0,0.0,0.0,0.0,0.0,0.0,0.0,0.0,7027.89175833194
t3902,0.0,0.0,0.0,0.0,0.0,3925.3879267665798,1149.2650719600001,0.0,0.0,0.0,0.0,0.0,0.0,0.0,0.0,0.0,0.0,5074.65299872658
t3903,0.0,0.0,1105.18705992,0.0,0.0,363.3502053717022,916.0687706200001,0.0,0.0,0.0,0.0,0.0,0.0,0.0,0.0,0.0,0.0,2384.6060359117023
t3904,0.0,0.0,0.0,0.0,0.0,0.0,181.477535468409,0.0,0.0,0.0,0.0,0.0,0.0,0.0,0.0,0.0,0.0,181.477535468409
t3905,0.0,0.0,0.0,0.0,0.0,0.0,0.0,0.0,0.0,0.0,0.0,0.0,0.0,0.0,0.0,0.0,0.0,0.0
t3906,0.0,0.0,0.0,0.0,0.0,0.0,0.0,0.0,0.0,0.0,0.0,0.0,0.0,0.0,0.0,0.0,0.0,0.0
t3907,0.0,0.0,0.0,0.0,0.0,0.0,0.0,0.0,0.0,0.0,0.0,0.0,0.0,0.0,0.0,0.0,0.0,0.0
t3908,0.0,0.0,0.0,0.0,0.0,0.0,0.0,0.0,0.0,0.0,0.0,0.0,0.0,0.0,0.0,0.0,0.0,0.0
t3909,0.0,0.0,0.0,0.0,0.0,0.0,0.0,0.0,0.0,0.0,0.0,0.0,0.0,0.0,0.0,0.0,0.0,0.0
t3910,0.0,0.0,0.0,0.0,0.0,0.0,0.0,0.0,0.0,0.0,0.0,0.0,0.0,0.0,0.0,0.0,0.0,0.0
t3911,0.0,0.0,0.0,0.0,0.0,0.0,0.0,0.0,0.0,0.0,0.0,0.0,0.0,0.0,0.0,0.0,0.0,0.0
t3912,0.0,0.0,0.0,0.0,0.0,0.0,0.0,0.0,0.0,0.0,0.0,0.0,0.0,0.0,0.0,0.0,0.0,0.0
t3913,0.0,0.0,0.0,0.0,0.0,0.0,0.0,0.0,0.0,0.0,0.0,0.0,0.0,0.0,0.0,0.0,0.0,0.0
t3914,0.0,0.0,0.0,0.0,0.0,0.0,0.0,0.0,0.0,0.0,0.0,0.0,0.0,0.0,0.0,0.0,0.0,0.0
t3915,0.0,0.0,0.0,0.0,0.0,0.0,0.0,0.0,0.0,0.0,0.0,0.0,0.0,0.0,0.0,0.0,0.0,0.0
t3916,0.0,0.0,0.0,0.0,0.0,0.0,0.0,0.0,0.0,0.0,0.0,0.0,0.0,0.0,0.0,0.0,0.0,0.0
t3917,0.0,0.0,0.0,0.0,0.0,0.0,0.0,0.0,0.0,0.0,0.0,0.0,0.0,0.0,0.0,0.0,0.0,0.0
t3918,0.0,0.0,0.0,0.0,0.0,0.0,0.0,0.0,0.0,0.0,0.0,0.0,0.0,0.0,0.0,0.0,0.0,0.0
t3919,0.0,0.0,0.0,0.0,0.0,0.0,0.0,1227.4365373836642,0.0,0.0,0.0,0.0,0.0,0.0,0.0,0.0,0.0,1227.4365373836642
t3920,825.9040754200003,0.0,0.0,0.0,0.0,2588.12051189896,0.0,1950.0,0.0,0.0,0.0,0.0,0.0,0.0,0.0,0.0,0.0,5364.024587318961
t3921,972.3365415800005,120.0,1397.9738319799999,0.0,0.0,3167.7074143840136,20.325757638036215,1547.4949700390703,0.0,0.0,0.0,0.0,0.0,0.0,0.0,0.0,0.0,7225.838515621121
t3922,967.4798288600008,120.0,1310.7282414454949,0.0,0.0,4846.9598119421635,138.80582751560314,1950.0,0.0,0.0,0.0,0.0,0.0,0.0,0.0,0.0,0.0,9333.973709763262
t3923,955.6213625399994,120.0,1620.0,0.0,0.0,5861.245452858489,1378.0380152069945,0.0,0.0,0.0,0.0,0.0,0.0,0.0,0.0,0.0,0.0,9934.904830605483
t3924,734.7883006971895,0.0,0.0,0.0,0.0,6338.79515536826,1450.5226839224852,0.0,0.0,0.0,0.0,0.0,0.0,0.0,0.0,0.0,0.0,8524.106139987935
t3925,687.8431675400004,120.0,343.1553601025794,0.0,0.0,5792.715947345811,1191.2405407074352,0.0,0.0,0.0,0.0,0.0,0.0,0.0,0.0,0.0,0.0,8134.955015695827
t3926,0.0,0.0,1338.8482349999995,0.0,0.0,4738.806631195519,1175.409586786313,1546.9929921203163,0.0,0.0,0.0,0.0,0.0,0.0,0.0,0.0,0.0,8800.057445102148
t3927,0.0,0.0,0.0,0.0,0.0,2851.6312431737656,959.9090049776754,0.0,0.0,0.0,0.0,0.0,0.0,0.0,0.0,0.0,0.0,3811.540248151441
t3928,0.0,25.964584587264614,819.8162233999998,0.0,0.0,285.63163749835866,389.77932902671364,0.0,0.0,0.0,0.0,0.0,0.0,0.0,0.0,0.0,0.0,1521.1917745123367
t3929,0.0,0.0,0.0,0.0,0.0,0.0,0.0,0.0,0.0,0.0,0.0,0.0,0.0,0.0,0.0,0.0,0.0,0.0
t3930,0.0,0.0,0.0,0.0,0.0,0.0,0.0,0.0,0.0,0.0,0.0,0.0,0.0,0.0,0.0,0.0,0.0,0.0
t3931,0.0,0.0,0.0,0.0,0.0,0.0,0.0,0.0,0.0,0.0,0.0,0.0,0.0,0.0,0.0,0.0,0.0,0.0
t3932,0.0,0.0,0.0,0.0,0.0,0.0,0.0,0.0,0.0,0.0,0.0,0.0,0.0,0.0,0.0,0.0,0.0,0.0
t3933,0.0,0.0,0.0,0.0,0.0,0.0,0.0,0.0,0.0,0.0,0.0,0.0,0.0,0.0,0.0,0.0,0.0,0.0
t3934,0.0,0.0,0.0,0.0,0.0,0.0,0.0,0.0,0.0,0.0,0.0,0.0,0.0,0.0,0.0,0.0,0.0,0.0
t3935,0.0,0.0,0.0,0.0,0.0,0.0,0.0,0.0,0.0,0.0,0.0,0.0,0.0,0.0,0.0,0.0,0.0,0.0
t3936,0.0,0.0,0.0,0.0,0.0,0.0,0.0,0.0,0.0,0.0,0.0,0.0,0.0,0.0,0.0,0.0,0.0,0.0
t3937,0.0,0.0,0.0,0.0,0.0,0.0,0.0,0.0,0.0,0.0,0.0,0.0,0.0,0.0,0.0,0.0,0.0,0.0
t3938,0.0,0.0,0.0,0.0,0.0,0.0,0.0,0.0,0.0,0.0,0.0,0.0,0.0,0.0,0.0,0.0,0.0,0.0
t3939,0.0,0.0,0.0,0.0,0.0,0.0,0.0,0.0,0.0,0.0,0.0,0.0,0.0,0.0,0.0,0.0,0.0,0.0
t3940,0.0,0.0,0.0,0.0,0.0,0.0,0.0,0.0,0.0,0.0,0.0,0.0,0.0,0.0,0.0,0.0,0.0,0.0
t3941,0.0,0.0,0.0,0.0,0.0,0.0,0.0,0.0,0.0,0.0,0.0,0.0,0.0,0.0,0.0,0.0,0.0,0.0
t3942,0.0,0.0,0.0,0.0,0.0,0.0,0.0,0.0,0.0,0.0,0.0,0.0,0.0,0.0,0.0,0.0,0.0,0.0
t3943,0.0,0.0,0.0,0.0,0.0,0.0,0.0,1593.8464834678773,0.0,0.0,0.0,0.0,0.0,0.0,0.0,0.0,0.0,1593.8464834678773
t3944,1220.0,120.0,0.0,0.0,0.0,2259.8200246662755,420.0581179400003,1950.0,0.0,0.0,0.0,0.0,0.0,0.0,0.0,0.0,0.0,5969.878142606276
t3945,407.43744193719186,120.0,1470.8596208700003,0.0,0.0,3243.724219538537,844.84834023,1950.0,0.0,0.0,0.0,0.0,0.0,0.0,0.0,0.0,0.0,8036.869622575729
t3946,1220.0,120.0,0.0,0.0,0.0,4915.458550897143,1032.2332984699995,1950.0,0.0,0.0,0.0,0.0,0.0,0.0,0.0,0.0,0.0,9237.691849367144
t3947,1220.0,120.0,448.7697591706307,0.0,0.0,4612.472961315478,1236.3074274971143,778.0780160751732,0.0,0.0,0.0,0.0,0.0,0.0,0.0,0.0,0.0,8415.628164058397
t3948,1076.5358346999985,25.964584587264614,0.0,0.0,0.0,5144.015136442512,1253.6733651648312,0.0,0.0,0.0,0.0,0.0,0.0,0.0,0.0,0.0,0.0,7500.188920894606
t3949,0.0,0.0,0.0,0.0,0.0,5616.6420021684025,1235.6907474999998,0.0,0.0,0.0,0.0,0.0,0.0,0.0,0.0,0.0,0.0,6852.332749668402
t3950,0.0,0.0,1089.3110567999997,0.0,0.0,3034.7745837770944,681.2194489793118,0.0,0.0,0.0,0.0,0.0,0.0,0.0,0.0,0.0,0.0,4805.305089556406
t3951,0.0,0.0,924.1617877400002,0.0,0.0,924.5712265051397,0.0,0.0,0.0,0.0,0.0,0.0,0.0,0.0,0.0,0.0,0.0,1848.73301424514
t3952,0.0,0.0,0.0,0.0,0.0,0.0,0.0,0.0,0.0,0.0,0.0,0.0,0.0,0.0,0.0,0.0,0.0,0.0
t3953,0.0,0.0,0.0,0.0,0.0,0.0,0.0,0.0,0.0,0.0,0.0,0.0,0.0,0.0,0.0,0.0,0.0,0.0
t3954,0.0,0.0,0.0,0.0,0.0,0.0,0.0,0.0,0.0,0.0,0.0,0.0,0.0,0.0,0.0,0.0,0.0,0.0
t3955,0.0,0.0,0.0,0.0,0.0,0.0,0.0,0.0,0.0,0.0,0.0,0.0,0.0,0.0,0.0,0.0,0.0,0.0
t3956,0.0,0.0,0.0,0.0,0.0,0.0,0.0,0.0,0.0,0.0,0.0,0.0,0.0,0.0,0.0,0.0,0.0,0.0
t3957,0.0,0.0,0.0,0.0,0.0,0.0,0.0,0.0,0.0,0.0,0.0,0.0,0.0,0.0,0.0,0.0,0.0,0.0
t3958,0.0,0.0,0.0,0.0,0.0,0.0,0.0,0.0,0.0,0.0,0.0,0.0,0.0,0.0,0.0,0.0,0.0,0.0
t3959,0.0,0.0,0.0,0.0,0.0,0.0,0.0,0.0,0.0,0.0,0.0,0.0,0.0,0.0,0.0,0.0,0.0,0.0
t3960,0.0,0.0,0.0,0.0,0.0,0.0,0.0,0.0,0.0,0.0,0.0,0.0,0.0,0.0,0.0,0.0,0.0,0.0
t3961,0.0,0.0,0.0,0.0,0.0,0.0,0.0,0.0,0.0,0.0,0.0,0.0,0.0,0.0,0.0,0.0,0.0,0.0
t3962,0.0,0.0,0.0,0.0,0.0,0.0,0.0,0.0,0.0,0.0,0.0,0.0,0.0,0.0,0.0,0.0,0.0,0.0
t3963,0.0,0.0,0.0,0.0,0.0,0.0,0.0,0.0,0.0,0.0,0.0,0.0,0.0,0.0,0.0,0.0,0.0,0.0
t3964,0.0,0.0,0.0,0.0,0.0,0.0,0.0,0.0,0.0,0.0,0.0,0.0,0.0,0.0,0.0,0.0,0.0,0.0
t3965,0.0,0.0,0.0,0.0,0.0,0.0,0.0,0.0,0.0,0.0,0.0,0.0,0.0,0.0,0.0,0.0,0.0,0.0
t3966,0.0,0.0,0.0,0.0,0.0,0.0,0.0,0.0,0.0,0.0,0.0,0.0,0.0,0.0,0.0,0.0,0.0,0.0
t3967,0.0,0.0,0.0,0.0,0.0,0.0,0.0,1482.349471485851,0.0,0.0,0.0,0.0,0.0,0.0,0.0,0.0,0.0,1482.349471485851
t3968,1220.0,120.0,0.0,0.0,0.0,0.0,1455.5622078176684,1950.0,0.0,0.0,0.0,0.0,0.0,0.0,0.0,0.0,0.0,4745.562207817668
t3969,1204.5599802599997,13.37120167,0.0,0.0,0.0,2535.9201140427194,476.25441575000013,1739.1071481799975,0.0,0.0,0.0,0.0,0.0,0.0,0.0,0.0,0.0,5969.212859902716
t3970,1220.0,13.295632555586723,0.0,0.0,0.0,2644.8358014601,1590.0,1048.3539110175298,0.0,0.0,0.0,0.0,0.0,0.0,0.0,0.0,0.0,6516.485345033217
t3971,1007.8918808999988,0.0,1360.8553626000003,0.0,0.0,2314.0599231038605,376.64999372000005,267.323932097065,0.0,0.0,0.0,0.0,0.0,0.0,0.0,0.0,0.0,5326.781092420924
t3972,142.3543988999992,0.0,0.0,0.0,0.0,2397.8927039088094,0.0,0.0,0.0,0.0,0.0,0.0,0.0,0.0,0.0,0.0,0.0,2540.2471028088084
t3973,349.1670165771926,120.0,0.0,0.0,0.0,0.0,0.0,239.95275346510394,0.0,0.0,0.0,0.0,0.0,0.0,0.0,0.0,0.0,709.1197700422965
t3974,0.0,0.0,0.0,0.0,0.0,0.0,0.0,0.0,0.0,0.0,0.0,0.0,0.0,0.0,0.0,0.0,0.0,0.0
t3975,0.0,0.0,0.0,0.0,0.0,0.0,0.0,0.0,0.0,0.0,0.0,0.0,0.0,0.0,0.0,0.0,0.0,0.0
t3976,0.0,0.0,0.0,0.0,0.0,0.0,0.0,0.0,0.0,0.0,0.0,0.0,0.0,0.0,0.0,0.0,0.0,0.0
t3977,0.0,0.0,0.0,0.0,0.0,0.0,0.0,0.0,0.0,0.0,0.0,0.0,0.0,0.0,0.0,0.0,0.0,0.0
t3978,0.0,0.0,0.0,0.0,0.0,0.0,0.0,0.0,0.0,0.0,0.0,0.0,0.0,0.0,0.0,0.0,0.0,0.0
t3979,0.0,0.0,0.0,0.0,0.0,0.0,0.0,0.0,0.0,0.0,0.0,0.0,0.0,0.0,0.0,0.0,0.0,0.0
t3980,0.0,0.0,0.0,0.0,0.0,0.0,0.0,0.0,0.0,0.0,0.0,0.0,0.0,0.0,0.0,0.0,0.0,0.0
t3981,0.0,0.0,0.0,0.0,0.0,0.0,0.0,0.0,0.0,0.0,0.0,0.0,0.0,0.0,0.0,0.0,0.0,0.0
t3982,0.0,0.0,0.0,0.0,0.0,0.0,0.0,0.0,0.0,0.0,0.0,0.0,0.0,0.0,0.0,0.0,0.0,0.0
t3983,0.0,0.0,0.0,0.0,0.0,0.0,0.0,0.0,0.0,0.0,0.0,0.0,0.0,0.0,0.0,0.0,0.0,0.0
t3984,0.0,0.0,0.0,0.0,0.0,0.0,0.0,0.0,0.0,0.0,0.0,0.0,0.0,0.0,0.0,0.0,0.0,0.0
t3985,0.0,0.0,0.0,0.0,0.0,0.0,0.0,0.0,0.0,0.0,0.0,0.0,0.0,0.0,0.0,0.0,0.0,0.0
t3986,0.0,0.0,0.0,0.0,0.0,0.0,0.0,0.0,0.0,0.0,0.0,0.0,0.0,0.0,0.0,0.0,0.0,0.0
t3987,0.0,0.0,0.0,0.0,0.0,0.0,0.0,0.0,0.0,0.0,0.0,0.0,0.0,0.0,0.0,0.0,0.0,0.0
t3988,0.0,0.0,0.0,0.0,0.0,0.0,0.0,0.0,0.0,0.0,0.0,0.0,0.0,0.0,0.0,0.0,0.0,0.0
t3989,0.0,0.0,0.0,0.0,0.0,0.0,0.0,0.0,0.0,0.0,0.0,0.0,0.0,0.0,0.0,0.0,0.0,0.0
t3990,0.0,0.0,0.0,0.0,0.0,0.0,0.0,0.0,0.0,0.0,0.0,0.0,0.0,0.0,0.0,0.0,0.0,0.0
t3991,0.0,0.0,0.0,0.0,0.0,0.0,0.0,1950.0,0.0,0.0,0.0,0.0,0.0,0.0,0.0,0.0,0.0,1950.0
t3992,939.944693059999,120.0,0.0,0.0,0.0,3775.998117315349,746.3066929200002,1950.0,0.0,0.0,0.0,0.0,0.0,0.0,0.0,0.0,0.0,7532.249503295348
t3993,1018.8918942600001,120.0,238.29462503457944,0.0,0.0,5531.155328342833,311.90934935984455,1950.0,0.0,0.0,0.0,0.0,0.0,0.0,0.0,0.0,0.0,9170.251196997258
t3994,665.4482992599994,120.0,0.0,0.0,0.0,6275.567721281761,927.51427184,1199.6272440174648,0.0,0.0,0.0,0.0,0.0,0.0,0.0,0.0,0.0,9188.157536399225
t3995,1220.0,0.0,0.0,0.0,0.0,6026.247277218807,953.01616263,682.0504670607454,0.0,0.0,0.0,0.0,0.0,0.0,0.0,0.0,0.0,8881.313906909552
t3996,637.8417676200003,0.0,1144.735796,0.0,0.0,4623.673005001441,930.9919731699998,136.20785227467738,0.0,0.0,0.0,0.0,0.0,0.0,0.0,0.0,0.0,7473.450394066118
t3997,564.2112168600003,0.0,0.0,0.0,0.0,3274.4300510986236,1590.0,0.0,0.0,0.0,0.0,0.0,0.0,0.0,0.0,0.0,0.0,5428.641267958624
t3998,97.63540557719074,0.0,808.0127774000002,0.0,0.0,1096.0510478604513,732.9705367299999,0.0,0.0,0.0,0.0,0.0,0.0,0.0,0.0,0.0,0.0,2734.6697675676423
t3999,0.0,0.0,0.0,0.0,0.0,0.0,0.0,0.0,0.0,0.0,0.0,0.0,0.0,0.0,0.0,0.0,0.0,0.0
t4000,0.0,0.0,0.0,0.0,0.0,0.0,0.0,0.0,0.0,0.0,0.0,0.0,0.0,0.0,0.0,0.0,0.0,0.0
t4001,0.0,0.0,0.0,0.0,0.0,0.0,0.0,0.0,0.0,0.0,0.0,0.0,0.0,0.0,0.0,0.0,0.0,0.0
t4002,0.0,0.0,0.0,0.0,0.0,0.0,0.0,0.0,0.0,0.0,0.0,0.0,0.0,0.0,0.0,0.0,0.0,0.0
t4003,0.0,0.0,0.0,0.0,0.0,0.0,0.0,0.0,0.0,0.0,0.0,0.0,0.0,0.0,0.0,0.0,0.0,0.0
t4004,0.0,0.0,0.0,0.0,0.0,0.0,0.0,0.0,0.0,0.0,0.0,0.0,0.0,0.0,0.0,0.0,0.0,0.0
t4005,0.0,0.0,0.0,0.0,0.0,0.0,0.0,0.0,0.0,0.0,0.0,0.0,0.0,0.0,0.0,0.0,0.0,0.0
t4006,0.0,0.0,0.0,0.0,0.0,0.0,0.0,0.0,0.0,0.0,0.0,0.0,0.0,0.0,0.0,0.0,0.0,0.0
t4007,0.0,0.0,0.0,0.0,0.0,0.0,0.0,0.0,0.0,0.0,0.0,0.0,0.0,0.0,0.0,0.0,0.0,0.0
t4008,0.0,0.0,0.0,0.0,0.0,0.0,0.0,0.0,0.0,0.0,0.0,0.0,0.0,0.0,0.0,0.0,0.0,0.0
t4009,0.0,0.0,0.0,0.0,0.0,0.0,0.0,0.0,0.0,0.0,0.0,0.0,0.0,0.0,0.0,0.0,0.0,0.0
t4010,0.0,0.0,0.0,0.0,0.0,0.0,0.0,0.0,0.0,0.0,0.0,0.0,0.0,0.0,0.0,0.0,0.0,0.0
t4011,0.0,0.0,0.0,0.0,0.0,0.0,0.0,0.0,0.0,0.0,0.0,0.0,0.0,0.0,0.0,0.0,0.0,0.0
t4012,0.0,0.0,0.0,0.0,0.0,0.0,0.0,0.0,0.0,0.0,0.0,0.0,0.0,0.0,0.0,0.0,0.0,0.0
t4013,0.0,0.0,0.0,0.0,0.0,0.0,0.0,0.0,0.0,0.0,0.0,0.0,0.0,0.0,0.0,0.0,0.0,0.0
t4014,0.0,0.0,0.0,0.0,0.0,0.0,0.0,0.0,0.0,0.0,0.0,0.0,0.0,0.0,0.0,0.0,0.0,0.0
t4015,0.0,0.0,0.0,0.0,0.0,0.0,0.0,1950.0,0.0,0.0,0.0,0.0,0.0,0.0,0.0,0.0,0.0,1950.0
t4016,1220.0,120.0,1225.5251224100002,0.0,0.0,5088.1371289862345,687.740763166914,1950.0,0.0,0.0,0.0,0.0,0.0,0.0,0.0,0.0,0.0,10291.40301456315
t4017,1207.0688906400003,120.0,1505.7761428700003,0.0,78.20783788597141,7433.783498999999,1114.0807956014428,1950.0,0.0,0.0,0.0,0.0,0.0,0.0,0.0,0.0,0.0,13408.917165997414
t4018,1220.0,28.89567407000021,1478.84407559,0.0,363.06603827523867,7693.8207395200025,587.8632827874075,1950.0,0.0,0.0,0.0,0.0,0.0,0.0,0.0,0.0,0.0,13322.48981024265
t4019,949.7101273971903,120.0,1375.6677508100004,0.0,3415.1319337259497,4722.34623248,1224.7724385506413,0.0,0.0,0.0,0.0,0.0,0.0,0.0,0.0,0.0,0.0,11807.62848296378
t4020,409.6652463000002,0.0,0.0,0.0,488.3256538489702,4252.2491915364535,1194.1536407886372,0.0,0.0,0.0,0.0,0.0,0.0,0.0,0.0,0.0,0.0,6344.393732474061
t4021,137.52901229999978,39.585196747264476,449.2320984280716,0.0,3038.6383175724027,3587.4511737599983,659.0446644119261,421.9244995430499,0.0,0.0,0.0,0.0,0.0,0.0,0.0,0.0,0.0,8333.404962762712
t4022,0.0,0.0,795.4767018199999,0.0,359.567717399109,3693.825840382637,758.3889400342882,0.0,0.0,0.0,0.0,0.0,0.0,0.0,0.0,0.0,0.0,5607.259199636035
t4023,0.0,77.48371376999991,0.0,0.0,864.7276062967677,0.0,477.98622044000007,0.0,0.0,0.0,0.0,0.0,0.0,0.0,0.0,0.0,0.0,1420.1975405067676
t4024,0.0,0.0,0.0,0.0,0.0,0.0,0.0,0.0,0.0,0.0,0.0,0.0,0.0,0.0,0.0,0.0,0.0,0.0
t4025,0.0,0.0,0.0,0.0,0.0,0.0,0.0,0.0,0.0,0.0,0.0,0.0,0.0,0.0,0.0,0.0,0.0,0.0
t4026,0.0,0.0,0.0,0.0,0.0,0.0,0.0,0.0,0.0,0.0,0.0,0.0,0.0,0.0,0.0,0.0,0.0,0.0
t4027,0.0,0.0,0.0,0.0,0.0,0.0,0.0,0.0,0.0,0.0,0.0,0.0,0.0,0.0,0.0,0.0,0.0,0.0
t4028,0.0,0.0,0.0,0.0,0.0,0.0,0.0,0.0,0.0,0.0,0.0,0.0,0.0,0.0,0.0,0.0,0.0,0.0
t4029,0.0,0.0,0.0,0.0,0.0,0.0,0.0,0.0,0.0,0.0,0.0,0.0,0.0,0.0,0.0,0.0,0.0,0.0
t4030,0.0,0.0,0.0,0.0,0.0,0.0,0.0,0.0,0.0,0.0,0.0,0.0,0.0,0.0,0.0,0.0,0.0,0.0
t4031,0.0,0.0,0.0,0.0,0.0,0.0,0.0,0.0,0.0,0.0,0.0,0.0,0.0,0.0,0.0,0.0,0.0,0.0
t4032,0.0,0.0,0.0,0.0,0.0,0.0,0.0,0.0,0.0,0.0,0.0,0.0,0.0,0.0,0.0,0.0,0.0,0.0
t4033,0.0,0.0,0.0,0.0,0.0,0.0,0.0,0.0,0.0,0.0,0.0,0.0,0.0,0.0,0.0,0.0,0.0,0.0
t4034,0.0,0.0,0.0,0.0,0.0,0.0,0.0,0.0,0.0,0.0,0.0,0.0,0.0,0.0,0.0,0.0,0.0,0.0
t4035,0.0,0.0,0.0,0.0,0.0,0.0,0.0,0.0,0.0,0.0,0.0,0.0,0.0,0.0,0.0,0.0,0.0,0.0
t4036,0.0,0.0,0.0,0.0,0.0,0.0,0.0,0.0,0.0,0.0,0.0,0.0,0.0,0.0,0.0,0.0,0.0,0.0
t4037,0.0,0.0,0.0,0.0,0.0,0.0,0.0,0.0,0.0,0.0,0.0,0.0,0.0,0.0,0.0,0.0,0.0,0.0
t4038,0.0,0.0,0.0,0.0,0.0,0.0,0.0,0.0,0.0,0.0,0.0,0.0,0.0,0.0,0.0,0.0,0.0,0.0
t4039,0.0,0.0,0.0,0.0,0.0,0.0,0.0,897.5519496903519,0.0,0.0,0.0,0.0,0.0,0.0,0.0,0.0,0.0,897.5519496903519
t4040,1220.0,120.0,0.0,0.0,0.0,0.0,451.11483334975037,1950.0,0.0,0.0,0.0,0.0,0.0,0.0,0.0,0.0,0.0,3741.1148333497504
t4041,986.8993300599989,120.0,0.0,0.0,0.0,0.0,1055.5695198041458,1950.0,0.0,0.0,0.0,0.0,0.0,0.0,0.0,0.0,0.0,4112.468849864144
t4042,708.5435763771941,120.0,0.0,0.0,0.0,0.0,579.4083519957188,1950.0,0.0,0.0,0.0,0.0,0.0,0.0,0.0,0.0,0.0,3357.951928372913
t4043,700.1608650999981,120.0,0.0,0.0,0.0,784.842670290298,137.28966733000036,1238.2245265388572,0.0,0.0,0.0,0.0,0.0,0.0,0.0,0.0,0.0,2980.5177292591534
t4044,308.36950509999895,25.964584587264614,0.0,0.0,0.0,717.9570904703402,228.76367114000007,221.9435173499733,0.0,0.0,0.0,0.0,0.0,0.0,0.0,0.0,0.0,1502.998368647577
t4045,1220.0,0.0,0.0,0.0,0.0,0.0,0.0,0.0,0.0,0.0,0.0,0.0,0.0,0.0,0.0,0.0,0.0,1220.0
t4046,0.0,0.0,0.0,0.0,0.0,0.0,0.0,0.0,0.0,0.0,0.0,0.0,0.0,0.0,0.0,0.0,0.0,0.0
t4047,0.0,0.0,0.0,0.0,0.0,0.0,0.0,0.0,0.0,0.0,0.0,0.0,0.0,0.0,0.0,0.0,0.0,0.0
t4048,0.0,0.0,0.0,0.0,0.0,0.0,0.0,0.0,0.0,0.0,0.0,0.0,0.0,0.0,0.0,0.0,0.0,0.0
t4049,0.0,0.0,0.0,0.0,0.0,0.0,0.0,0.0,0.0,0.0,0.0,0.0,0.0,0.0,0.0,0.0,0.0,0.0
t4050,0.0,0.0,0.0,0.0,0.0,0.0,0.0,0.0,0.0,0.0,0.0,0.0,0.0,0.0,0.0,0.0,0.0,0.0
t4051,0.0,0.0,0.0,0.0,0.0,0.0,0.0,0.0,0.0,0.0,0.0,0.0,0.0,0.0,0.0,0.0,0.0,0.0
t4052,0.0,0.0,0.0,0.0,0.0,0.0,0.0,0.0,0.0,0.0,0.0,0.0,0.0,0.0,0.0,0.0,0.0,0.0
t4053,0.0,0.0,0.0,0.0,0.0,0.0,0.0,0.0,0.0,0.0,0.0,0.0,0.0,0.0,0.0,0.0,0.0,0.0
t4054,0.0,0.0,0.0,0.0,0.0,0.0,0.0,0.0,0.0,0.0,0.0,0.0,0.0,0.0,0.0,0.0,0.0,0.0
t4055,0.0,0.0,0.0,0.0,0.0,0.0,0.0,0.0,0.0,0.0,0.0,0.0,0.0,0.0,0.0,0.0,0.0,0.0
t4056,0.0,0.0,0.0,0.0,0.0,0.0,0.0,0.0,0.0,0.0,0.0,0.0,0.0,0.0,0.0,0.0,0.0,0.0
t4057,0.0,0.0,0.0,0.0,0.0,0.0,0.0,0.0,0.0,0.0,0.0,0.0,0.0,0.0,0.0,0.0,0.0,0.0
t4058,0.0,0.0,0.0,0.0,0.0,0.0,0.0,0.0,0.0,0.0,0.0,0.0,0.0,0.0,0.0,0.0,0.0,0.0
t4059,0.0,0.0,0.0,0.0,0.0,0.0,0.0,0.0,0.0,0.0,0.0,0.0,0.0,0.0,0.0,0.0,0.0,0.0
t4060,0.0,0.0,0.0,0.0,0.0,0.0,0.0,0.0,0.0,0.0,0.0,0.0,0.0,0.0,0.0,0.0,0.0,0.0
t4061,0.0,0.0,0.0,0.0,0.0,0.0,0.0,0.0,0.0,0.0,0.0,0.0,0.0,0.0,0.0,0.0,0.0,0.0
t4062,0.0,0.0,0.0,0.0,0.0,0.0,0.0,0.0,0.0,0.0,0.0,0.0,0.0,0.0,0.0,0.0,0.0,0.0
t4063,0.0,0.0,0.0,0.0,0.0,0.0,0.0,0.0,0.0,0.0,0.0,0.0,0.0,0.0,0.0,0.0,0.0,0.0
t4064,989.4785212200004,120.0,0.0,0.0,0.0,388.80595190767724,350.4463815857091,1950.0,0.0,0.0,0.0,0.0,0.0,0.0,0.0,0.0,0.0,3798.730854713387
t4065,696.1302839171021,120.0,859.2063110300004,0.0,0.0,1005.2423280375517,14.086215160000304,1950.0,0.0,0.0,0.0,0.0,0.0,0.0,0.0,0.0,0.0,4644.6651381446545
t4066,1220.0,120.0,0.0,0.0,0.0,2840.3664341932504,26.323338880000378,1950.0,0.0,0.0,0.0,0.0,0.0,0.0,0.0,0.0,0.0,6156.689773073251
t4067,1208.120966620001,120.0,0.0,0.0,0.0,4582.531605448891,701.1197578100001,1389.0948848617413,0.0,0.0,0.0,0.0,0.0,0.0,0.0,0.0,0.0,8000.867214740634
t4068,645.1022610324881,0.0,309.19892831827883,0.0,0.0,4679.491530288471,1527.06860523,982.8296146813079,0.0,0.0,0.0,0.0,0.0,0.0,0.0,0.0,0.0,8143.690939550545
t4069,385.14124384759884,25.964584587264614,0.0,0.0,0.0,5080.513783907076,1536.27214599,0.0,0.0,0.0,0.0,0.0,0.0,0.0,0.0,0.0,0.0,7027.89175833194
t4070,0.0,0.0,0.0,0.0,0.0,3925.3879267665798,1149.2650719600001,0.0,0.0,0.0,0.0,0.0,0.0,0.0,0.0,0.0,0.0,5074.65299872658
t4071,0.0,0.0,1105.18705992,0.0,0.0,363.3502053717022,916.0687706200001,0.0,0.0,0.0,0.0,0.0,0.0,0.0,0.0,0.0,0.0,2384.6060359117023
t4072,0.0,0.0,0.0,0.0,0.0,0.0,181.477535468409,0.0,0.0,0.0,0.0,0.0,0.0,0.0,0.0,0.0,0.0,181.477535468409
t4073,0.0,0.0,0.0,0.0,0.0,0.0,0.0,0.0,0.0,0.0,0.0,0.0,0.0,0.0,0.0,0.0,0.0,0.0
t4074,0.0,0.0,0.0,0.0,0.0,0.0,0.0,0.0,0.0,0.0,0.0,0.0,0.0,0.0,0.0,0.0,0.0,0.0
t4075,0.0,0.0,0.0,0.0,0.0,0.0,0.0,0.0,0.0,0.0,0.0,0.0,0.0,0.0,0.0,0.0,0.0,0.0
t4076,0.0,0.0,0.0,0.0,0.0,0.0,0.0,0.0,0.0,0.0,0.0,0.0,0.0,0.0,0.0,0.0,0.0,0.0
t4077,0.0,0.0,0.0,0.0,0.0,0.0,0.0,0.0,0.0,0.0,0.0,0.0,0.0,0.0,0.0,0.0,0.0,0.0
t4078,0.0,0.0,0.0,0.0,0.0,0.0,0.0,0.0,0.0,0.0,0.0,0.0,0.0,0.0,0.0,0.0,0.0,0.0
t4079,0.0,0.0,0.0,0.0,0.0,0.0,0.0,0.0,0.0,0.0,0.0,0.0,0.0,0.0,0.0,0.0,0.0,0.0
t4080,0.0,0.0,0.0,0.0,0.0,0.0,0.0,0.0,0.0,0.0,0.0,0.0,0.0,0.0,0.0,0.0,0.0,0.0
t4081,0.0,0.0,0.0,0.0,0.0,0.0,0.0,0.0,0.0,0.0,0.0,0.0,0.0,0.0,0.0,0.0,0.0,0.0
t4082,0.0,0.0,0.0,0.0,0.0,0.0,0.0,0.0,0.0,0.0,0.0,0.0,0.0,0.0,0.0,0.0,0.0,0.0
t4083,0.0,0.0,0.0,0.0,0.0,0.0,0.0,0.0,0.0,0.0,0.0,0.0,0.0,0.0,0.0,0.0,0.0,0.0
t4084,0.0,0.0,0.0,0.0,0.0,0.0,0.0,0.0,0.0,0.0,0.0,0.0,0.0,0.0,0.0,0.0,0.0,0.0
t4085,0.0,0.0,0.0,0.0,0.0,0.0,0.0,0.0,0.0,0.0,0.0,0.0,0.0,0.0,0.0,0.0,0.0,0.0
t4086,0.0,0.0,0.0,0.0,0.0,0.0,0.0,0.0,0.0,0.0,0.0,0.0,0.0,0.0,0.0,0.0,0.0,0.0
t4087,0.0,0.0,0.0,0.0,0.0,0.0,0.0,1227.4365373836642,0.0,0.0,0.0,0.0,0.0,0.0,0.0,0.0,0.0,1227.4365373836642
t4088,825.9040754200003,0.0,0.0,0.0,0.0,2588.12051189896,0.0,1950.0,0.0,0.0,0.0,0.0,0.0,0.0,0.0,0.0,0.0,5364.024587318961
t4089,972.3365415800005,120.0,1397.9738319799999,0.0,0.0,3167.7074143840136,20.325757638036215,1547.4949700390703,0.0,0.0,0.0,0.0,0.0,0.0,0.0,0.0,0.0,7225.838515621121
t4090,967.4798288600008,120.0,1310.7282414454949,0.0,0.0,4846.9598119421635,138.80582751560314,1950.0,0.0,0.0,0.0,0.0,0.0,0.0,0.0,0.0,0.0,9333.973709763262
t4091,955.6213625399994,120.0,1620.0,0.0,0.0,5861.245452858489,1378.0380152069945,0.0,0.0,0.0,0.0,0.0,0.0,0.0,0.0,0.0,0.0,9934.904830605483
t4092,734.7883006971895,0.0,0.0,0.0,0.0,6338.79515536826,1450.5226839224852,0.0,0.0,0.0,0.0,0.0,0.0,0.0,0.0,0.0,0.0,8524.106139987935
t4093,687.8431675400004,120.0,343.1553601025794,0.0,0.0,5792.715947345811,1191.2405407074352,0.0,0.0,0.0,0.0,0.0,0.0,0.0,0.0,0.0,0.0,8134.955015695827
t4094,0.0,0.0,1338.8482349999995,0.0,0.0,4738.806631195519,1175.409586786313,1546.9929921203163,0.0,0.0,0.0,0.0,0.0,0.0,0.0,0.0,0.0,8800.057445102148
t4095,0.0,0.0,0.0,0.0,0.0,2851.6312431737656,959.9090049776754,0.0,0.0,0.0,0.0,0.0,0.0,0.0,0.0,0.0,0.0,3811.540248151441
t4096,0.0,25.964584587264614,819.8162233999998,0.0,0.0,285.63163749835866,389.77932902671364,0.0,0.0,0.0,0.0,0.0,0.0,0.0,0.0,0.0,0.0,1521.1917745123367
t4097,0.0,0.0,0.0,0.0,0.0,0.0,0.0,0.0,0.0,0.0,0.0,0.0,0.0,0.0,0.0,0.0,0.0,0.0
t4098,0.0,0.0,0.0,0.0,0.0,0.0,0.0,0.0,0.0,0.0,0.0,0.0,0.0,0.0,0.0,0.0,0.0,0.0
t4099,0.0,0.0,0.0,0.0,0.0,0.0,0.0,0.0,0.0,0.0,0.0,0.0,0.0,0.0,0.0,0.0,0.0,0.0
t4100,0.0,0.0,0.0,0.0,0.0,0.0,0.0,0.0,0.0,0.0,0.0,0.0,0.0,0.0,0.0,0.0,0.0,0.0
t4101,0.0,0.0,0.0,0.0,0.0,0.0,0.0,0.0,0.0,0.0,0.0,0.0,0.0,0.0,0.0,0.0,0.0,0.0
t4102,0.0,0.0,0.0,0.0,0.0,0.0,0.0,0.0,0.0,0.0,0.0,0.0,0.0,0.0,0.0,0.0,0.0,0.0
t4103,0.0,0.0,0.0,0.0,0.0,0.0,0.0,0.0,0.0,0.0,0.0,0.0,0.0,0.0,0.0,0.0,0.0,0.0
t4104,0.0,0.0,0.0,0.0,0.0,0.0,0.0,0.0,0.0,0.0,0.0,0.0,0.0,0.0,0.0,0.0,0.0,0.0
t4105,0.0,0.0,0.0,0.0,0.0,0.0,0.0,0.0,0.0,0.0,0.0,0.0,0.0,0.0,0.0,0.0,0.0,0.0
t4106,0.0,0.0,0.0,0.0,0.0,0.0,0.0,0.0,0.0,0.0,0.0,0.0,0.0,0.0,0.0,0.0,0.0,0.0
t4107,0.0,0.0,0.0,0.0,0.0,0.0,0.0,0.0,0.0,0.0,0.0,0.0,0.0,0.0,0.0,0.0,0.0,0.0
t4108,0.0,0.0,0.0,0.0,0.0,0.0,0.0,0.0,0.0,0.0,0.0,0.0,0.0,0.0,0.0,0.0,0.0,0.0
t4109,0.0,0.0,0.0,0.0,0.0,0.0,0.0,0.0,0.0,0.0,0.0,0.0,0.0,0.0,0.0,0.0,0.0,0.0
t4110,0.0,0.0,0.0,0.0,0.0,0.0,0.0,0.0,0.0,0.0,0.0,0.0,0.0,0.0,0.0,0.0,0.0,0.0
t4111,0.0,0.0,0.0,0.0,0.0,0.0,0.0,1593.8464834678773,0.0,0.0,0.0,0.0,0.0,0.0,0.0,0.0,0.0,1593.8464834678773
t4112,1220.0,120.0,0.0,0.0,0.0,2259.8200246662755,420.0581179400003,1950.0,0.0,0.0,0.0,0.0,0.0,0.0,0.0,0.0,0.0,5969.878142606276
t4113,407.43744193719186,120.0,1470.8596208700003,0.0,0.0,3243.724219538537,844.84834023,1950.0,0.0,0.0,0.0,0.0,0.0,0.0,0.0,0.0,0.0,8036.869622575729
t4114,1220.0,120.0,0.0,0.0,0.0,4915.458550897143,1032.2332984699995,1950.0,0.0,0.0,0.0,0.0,0.0,0.0,0.0,0.0,0.0,9237.691849367144
t4115,1220.0,120.0,448.7697591706307,0.0,0.0,4612.472961315478,1236.3074274971143,778.0780160751732,0.0,0.0,0.0,0.0,0.0,0.0,0.0,0.0,0.0,8415.628164058397
t4116,1076.5358346999985,25.964584587264614,0.0,0.0,0.0,5144.015136442512,1253.6733651648312,0.0,0.0,0.0,0.0,0.0,0.0,0.0,0.0,0.0,0.0,7500.188920894606
t4117,0.0,0.0,0.0,0.0,0.0,5616.6420021684025,1235.6907474999998,0.0,0.0,0.0,0.0,0.0,0.0,0.0,0.0,0.0,0.0,6852.332749668402
t4118,0.0,0.0,1089.3110567999997,0.0,0.0,3034.7745837770944,681.2194489793118,0.0,0.0,0.0,0.0,0.0,0.0,0.0,0.0,0.0,0.0,4805.305089556406
t4119,0.0,0.0,924.1617877400002,0.0,0.0,924.5712265051397,0.0,0.0,0.0,0.0,0.0,0.0,0.0,0.0,0.0,0.0,0.0,1848.73301424514
t4120,0.0,0.0,0.0,0.0,0.0,0.0,0.0,0.0,0.0,0.0,0.0,0.0,0.0,0.0,0.0,0.0,0.0,0.0
t4121,0.0,0.0,0.0,0.0,0.0,0.0,0.0,0.0,0.0,0.0,0.0,0.0,0.0,0.0,0.0,0.0,0.0,0.0
t4122,0.0,0.0,0.0,0.0,0.0,0.0,0.0,0.0,0.0,0.0,0.0,0.0,0.0,0.0,0.0,0.0,0.0,0.0
t4123,0.0,0.0,0.0,0.0,0.0,0.0,0.0,0.0,0.0,0.0,0.0,0.0,0.0,0.0,0.0,0.0,0.0,0.0
t4124,0.0,0.0,0.0,0.0,0.0,0.0,0.0,0.0,0.0,0.0,0.0,0.0,0.0,0.0,0.0,0.0,0.0,0.0
t4125,0.0,0.0,0.0,0.0,0.0,0.0,0.0,0.0,0.0,0.0,0.0,0.0,0.0,0.0,0.0,0.0,0.0,0.0
t4126,0.0,0.0,0.0,0.0,0.0,0.0,0.0,0.0,0.0,0.0,0.0,0.0,0.0,0.0,0.0,0.0,0.0,0.0
t4127,0.0,0.0,0.0,0.0,0.0,0.0,0.0,0.0,0.0,0.0,0.0,0.0,0.0,0.0,0.0,0.0,0.0,0.0
t4128,0.0,0.0,0.0,0.0,0.0,0.0,0.0,0.0,0.0,0.0,0.0,0.0,0.0,0.0,0.0,0.0,0.0,0.0
t4129,0.0,0.0,0.0,0.0,0.0,0.0,0.0,0.0,0.0,0.0,0.0,0.0,0.0,0.0,0.0,0.0,0.0,0.0
t4130,0.0,0.0,0.0,0.0,0.0,0.0,0.0,0.0,0.0,0.0,0.0,0.0,0.0,0.0,0.0,0.0,0.0,0.0
t4131,0.0,0.0,0.0,0.0,0.0,0.0,0.0,0.0,0.0,0.0,0.0,0.0,0.0,0.0,0.0,0.0,0.0,0.0
t4132,0.0,0.0,0.0,0.0,0.0,0.0,0.0,0.0,0.0,0.0,0.0,0.0,0.0,0.0,0.0,0.0,0.0,0.0
t4133,0.0,0.0,0.0,0.0,0.0,0.0,0.0,0.0,0.0,0.0,0.0,0.0,0.0,0.0,0.0,0.0,0.0,0.0
t4134,0.0,0.0,0.0,0.0,0.0,0.0,0.0,0.0,0.0,0.0,0.0,0.0,0.0,0.0,0.0,0.0,0.0,0.0
t4135,0.0,0.0,0.0,0.0,0.0,0.0,0.0,1482.349471485851,0.0,0.0,0.0,0.0,0.0,0.0,0.0,0.0,0.0,1482.349471485851
t4136,1220.0,120.0,0.0,0.0,0.0,0.0,1455.5622078176684,1950.0,0.0,0.0,0.0,0.0,0.0,0.0,0.0,0.0,0.0,4745.562207817668
t4137,1204.5599802599997,13.37120167,0.0,0.0,0.0,2535.9201140427194,476.25441575000013,1739.1071481799975,0.0,0.0,0.0,0.0,0.0,0.0,0.0,0.0,0.0,5969.212859902716
t4138,1220.0,13.295632555586723,0.0,0.0,0.0,2644.8358014601,1590.0,1048.3539110175298,0.0,0.0,0.0,0.0,0.0,0.0,0.0,0.0,0.0,6516.485345033217
t4139,1007.8918808999988,0.0,1360.8553626000003,0.0,0.0,2314.0599231038605,376.64999372000005,267.323932097065,0.0,0.0,0.0,0.0,0.0,0.0,0.0,0.0,0.0,5326.781092420924
t4140,142.3543988999992,0.0,0.0,0.0,0.0,2397.8927039088094,0.0,0.0,0.0,0.0,0.0,0.0,0.0,0.0,0.0,0.0,0.0,2540.2471028088084
t4141,349.1670165771926,120.0,0.0,0.0,0.0,0.0,0.0,239.95275346510394,0.0,0.0,0.0,0.0,0.0,0.0,0.0,0.0,0.0,709.1197700422965
t4142,0.0,0.0,0.0,0.0,0.0,0.0,0.0,0.0,0.0,0.0,0.0,0.0,0.0,0.0,0.0,0.0,0.0,0.0
t4143,0.0,0.0,0.0,0.0,0.0,0.0,0.0,0.0,0.0,0.0,0.0,0.0,0.0,0.0,0.0,0.0,0.0,0.0
t4144,0.0,0.0,0.0,0.0,0.0,0.0,0.0,0.0,0.0,0.0,0.0,0.0,0.0,0.0,0.0,0.0,0.0,0.0
t4145,0.0,0.0,0.0,0.0,0.0,0.0,0.0,0.0,0.0,0.0,0.0,0.0,0.0,0.0,0.0,0.0,0.0,0.0
t4146,0.0,0.0,0.0,0.0,0.0,0.0,0.0,0.0,0.0,0.0,0.0,0.0,0.0,0.0,0.0,0.0,0.0,0.0
t4147,0.0,0.0,0.0,0.0,0.0,0.0,0.0,0.0,0.0,0.0,0.0,0.0,0.0,0.0,0.0,0.0,0.0,0.0
t4148,0.0,0.0,0.0,0.0,0.0,0.0,0.0,0.0,0.0,0.0,0.0,0.0,0.0,0.0,0.0,0.0,0.0,0.0
t4149,0.0,0.0,0.0,0.0,0.0,0.0,0.0,0.0,0.0,0.0,0.0,0.0,0.0,0.0,0.0,0.0,0.0,0.0
t4150,0.0,0.0,0.0,0.0,0.0,0.0,0.0,0.0,0.0,0.0,0.0,0.0,0.0,0.0,0.0,0.0,0.0,0.0
t4151,0.0,0.0,0.0,0.0,0.0,0.0,0.0,0.0,0.0,0.0,0.0,0.0,0.0,0.0,0.0,0.0,0.0,0.0
t4152,0.0,0.0,0.0,0.0,0.0,0.0,0.0,0.0,0.0,0.0,0.0,0.0,0.0,0.0,0.0,0.0,0.0,0.0
t4153,0.0,0.0,0.0,0.0,0.0,0.0,0.0,0.0,0.0,0.0,0.0,0.0,0.0,0.0,0.0,0.0,0.0,0.0
t4154,0.0,0.0,0.0,0.0,0.0,0.0,0.0,0.0,0.0,0.0,0.0,0.0,0.0,0.0,0.0,0.0,0.0,0.0
t4155,0.0,0.0,0.0,0.0,0.0,0.0,0.0,0.0,0.0,0.0,0.0,0.0,0.0,0.0,0.0,0.0,0.0,0.0
t4156,0.0,0.0,0.0,0.0,0.0,0.0,0.0,0.0,0.0,0.0,0.0,0.0,0.0,0.0,0.0,0.0,0.0,0.0
t4157,0.0,0.0,0.0,0.0,0.0,0.0,0.0,0.0,0.0,0.0,0.0,0.0,0.0,0.0,0.0,0.0,0.0,0.0
t4158,0.0,0.0,0.0,0.0,0.0,0.0,0.0,0.0,0.0,0.0,0.0,0.0,0.0,0.0,0.0,0.0,0.0,0.0
t4159,0.0,0.0,0.0,0.0,0.0,0.0,0.0,1950.0,0.0,0.0,0.0,0.0,0.0,0.0,0.0,0.0,0.0,1950.0
t4160,939.944693059999,120.0,0.0,0.0,0.0,3775.998117315349,746.3066929200002,1950.0,0.0,0.0,0.0,0.0,0.0,0.0,0.0,0.0,0.0,7532.249503295348
t4161,1018.8918942600001,120.0,238.29462503457944,0.0,0.0,5531.155328342833,311.90934935984455,1950.0,0.0,0.0,0.0,0.0,0.0,0.0,0.0,0.0,0.0,9170.251196997258
t4162,665.4482992599994,120.0,0.0,0.0,0.0,6275.567721281761,927.51427184,1199.6272440174648,0.0,0.0,0.0,0.0,0.0,0.0,0.0,0.0,0.0,9188.157536399225
t4163,1220.0,0.0,0.0,0.0,0.0,6026.247277218807,953.01616263,682.0504670607454,0.0,0.0,0.0,0.0,0.0,0.0,0.0,0.0,0.0,8881.313906909552
t4164,637.8417676200003,0.0,1144.735796,0.0,0.0,4623.673005001441,930.9919731699998,136.20785227467738,0.0,0.0,0.0,0.0,0.0,0.0,0.0,0.0,0.0,7473.450394066118
t4165,564.2112168600003,0.0,0.0,0.0,0.0,3274.4300510986236,1590.0,0.0,0.0,0.0,0.0,0.0,0.0,0.0,0.0,0.0,0.0,5428.641267958624
t4166,97.63540557719074,0.0,808.0127774000002,0.0,0.0,1096.0510478604513,732.9705367299999,0.0,0.0,0.0,0.0,0.0,0.0,0.0,0.0,0.0,0.0,2734.6697675676423
t4167,0.0,0.0,0.0,0.0,0.0,0.0,0.0,0.0,0.0,0.0,0.0,0.0,0.0,0.0,0.0,0.0,0.0,0.0
t4168,0.0,0.0,0.0,0.0,0.0,0.0,0.0,0.0,0.0,0.0,0.0,0.0,0.0,0.0,0.0,0.0,0.0,0.0
t4169,0.0,0.0,0.0,0.0,0.0,0.0,0.0,0.0,0.0,0.0,0.0,0.0,0.0,0.0,0.0,0.0,0.0,0.0
t4170,0.0,0.0,0.0,0.0,0.0,0.0,0.0,0.0,0.0,0.0,0.0,0.0,0.0,0.0,0.0,0.0,0.0,0.0
t4171,0.0,0.0,0.0,0.0,0.0,0.0,0.0,0.0,0.0,0.0,0.0,0.0,0.0,0.0,0.0,0.0,0.0,0.0
t4172,0.0,0.0,0.0,0.0,0.0,0.0,0.0,0.0,0.0,0.0,0.0,0.0,0.0,0.0,0.0,0.0,0.0,0.0
t4173,0.0,0.0,0.0,0.0,0.0,0.0,0.0,0.0,0.0,0.0,0.0,0.0,0.0,0.0,0.0,0.0,0.0,0.0
t4174,0.0,0.0,0.0,0.0,0.0,0.0,0.0,0.0,0.0,0.0,0.0,0.0,0.0,0.0,0.0,0.0,0.0,0.0
t4175,0.0,0.0,0.0,0.0,0.0,0.0,0.0,0.0,0.0,0.0,0.0,0.0,0.0,0.0,0.0,0.0,0.0,0.0
t4176,0.0,0.0,0.0,0.0,0.0,0.0,0.0,0.0,0.0,0.0,0.0,0.0,0.0,0.0,0.0,0.0,0.0,0.0
t4177,0.0,0.0,0.0,0.0,0.0,0.0,0.0,0.0,0.0,0.0,0.0,0.0,0.0,0.0,0.0,0.0,0.0,0.0
t4178,0.0,0.0,0.0,0.0,0.0,0.0,0.0,0.0,0.0,0.0,0.0,0.0,0.0,0.0,0.0,0.0,0.0,0.0
t4179,0.0,0.0,0.0,0.0,0.0,0.0,0.0,0.0,0.0,0.0,0.0,0.0,0.0,0.0,0.0,0.0,0.0,0.0
t4180,0.0,0.0,0.0,0.0,0.0,0.0,0.0,0.0,0.0,0.0,0.0,0.0,0.0,0.0,0.0,0.0,0.0,0.0
t4181,0.0,0.0,0.0,0.0,0.0,0.0,0.0,0.0,0.0,0.0,0.0,0.0,0.0,0.0,0.0,0.0,0.0,0.0
t4182,0.0,0.0,0.0,0.0,0.0,0.0,0.0,0.0,0.0,0.0,0.0,0.0,0.0,0.0,0.0,0.0,0.0,0.0
t4183,0.0,0.0,0.0,0.0,0.0,0.0,0.0,1950.0,0.0,0.0,0.0,0.0,0.0,0.0,0.0,0.0,0.0,1950.0
t4184,1220.0,120.0,1225.5251224100002,0.0,0.0,5088.1371289862345,687.740763166914,1950.0,0.0,0.0,0.0,0.0,0.0,0.0,0.0,0.0,0.0,10291.40301456315
t4185,1207.0688906400003,120.0,1505.7761428700003,0.0,78.20783788597141,7433.783498999999,1114.0807956014428,1950.0,0.0,0.0,0.0,0.0,0.0,0.0,0.0,0.0,0.0,13408.917165997414
t4186,1220.0,28.89567407000021,1478.84407559,0.0,363.06603827523867,7693.8207395200025,587.8632827874075,1950.0,0.0,0.0,0.0,0.0,0.0,0.0,0.0,0.0,0.0,13322.48981024265
t4187,949.7101273971903,120.0,1375.6677508100004,0.0,3415.1319337259497,4722.34623248,1224.7724385506413,0.0,0.0,0.0,0.0,0.0,0.0,0.0,0.0,0.0,0.0,11807.62848296378
t4188,409.6652463000002,0.0,0.0,0.0,488.3256538489702,4252.2491915364535,1194.1536407886372,0.0,0.0,0.0,0.0,0.0,0.0,0.0,0.0,0.0,0.0,6344.393732474061
t4189,137.52901229999978,39.585196747264476,449.2320984280716,0.0,3038.6383175724027,3587.4511737599983,659.0446644119261,421.9244995430499,0.0,0.0,0.0,0.0,0.0,0.0,0.0,0.0,0.0,8333.404962762712
t4190,0.0,0.0,795.4767018199999,0.0,359.567717399109,3693.825840382637,758.3889400342882,0.0,0.0,0.0,0.0,0.0,0.0,0.0,0.0,0.0,0.0,5607.259199636035
t4191,0.0,77.48371376999991,0.0,0.0,864.7276062967677,0.0,477.98622044000007,0.0,0.0,0.0,0.0,0.0,0.0,0.0,0.0,0.0,0.0,1420.1975405067676
t4192,0.0,0.0,0.0,0.0,0.0,0.0,0.0,0.0,0.0,0.0,0.0,0.0,0.0,0.0,0.0,0.0,0.0,0.0
t4193,0.0,0.0,0.0,0.0,0.0,0.0,0.0,0.0,0.0,0.0,0.0,0.0,0.0,0.0,0.0,0.0,0.0,0.0
t4194,0.0,0.0,0.0,0.0,0.0,0.0,0.0,0.0,0.0,0.0,0.0,0.0,0.0,0.0,0.0,0.0,0.0,0.0
t4195,0.0,0.0,0.0,0.0,0.0,0.0,0.0,0.0,0.0,0.0,0.0,0.0,0.0,0.0,0.0,0.0,0.0,0.0
t4196,0.0,0.0,0.0,0.0,0.0,0.0,0.0,0.0,0.0,0.0,0.0,0.0,0.0,0.0,0.0,0.0,0.0,0.0
t4197,0.0,0.0,0.0,0.0,0.0,0.0,0.0,0.0,0.0,0.0,0.0,0.0,0.0,0.0,0.0,0.0,0.0,0.0
t4198,0.0,0.0,0.0,0.0,0.0,0.0,0.0,0.0,0.0,0.0,0.0,0.0,0.0,0.0,0.0,0.0,0.0,0.0
t4199,0.0,0.0,0.0,0.0,0.0,0.0,0.0,0.0,0.0,0.0,0.0,0.0,0.0,0.0,0.0,0.0,0.0,0.0
t4200,0.0,0.0,0.0,0.0,0.0,0.0,0.0,0.0,0.0,0.0,0.0,0.0,0.0,0.0,0.0,0.0,0.0,0.0
t4201,0.0,0.0,0.0,0.0,0.0,0.0,0.0,0.0,0.0,0.0,0.0,0.0,0.0,0.0,0.0,0.0,0.0,0.0
t4202,0.0,0.0,0.0,0.0,0.0,0.0,0.0,0.0,0.0,0.0,0.0,0.0,0.0,0.0,0.0,0.0,0.0,0.0
t4203,0.0,0.0,0.0,0.0,0.0,0.0,0.0,0.0,0.0,0.0,0.0,0.0,0.0,0.0,0.0,0.0,0.0,0.0
t4204,0.0,0.0,0.0,0.0,0.0,0.0,0.0,0.0,0.0,0.0,0.0,0.0,0.0,0.0,0.0,0.0,0.0,0.0
t4205,0.0,0.0,0.0,0.0,0.0,0.0,0.0,0.0,0.0,0.0,0.0,0.0,0.0,0.0,0.0,0.0,0.0,0.0
t4206,0.0,0.0,0.0,0.0,0.0,0.0,0.0,0.0,0.0,0.0,0.0,0.0,0.0,0.0,0.0,0.0,0.0,0.0
t4207,0.0,0.0,0.0,0.0,0.0,0.0,0.0,897.5519496903519,0.0,0.0,0.0,0.0,0.0,0.0,0.0,0.0,0.0,897.5519496903519
t4208,1220.0,120.0,0.0,0.0,0.0,0.0,451.11483334975037,1950.0,0.0,0.0,0.0,0.0,0.0,0.0,0.0,0.0,0.0,3741.1148333497504
t4209,986.8993300599989,120.0,0.0,0.0,0.0,0.0,1055.5695198041458,1950.0,0.0,0.0,0.0,0.0,0.0,0.0,0.0,0.0,0.0,4112.468849864144
t4210,708.5435763771941,120.0,0.0,0.0,0.0,0.0,579.4083519957188,1950.0,0.0,0.0,0.0,0.0,0.0,0.0,0.0,0.0,0.0,3357.951928372913
t4211,700.1608650999981,120.0,0.0,0.0,0.0,784.842670290298,137.28966733000036,1238.2245265388572,0.0,0.0,0.0,0.0,0.0,0.0,0.0,0.0,0.0,2980.5177292591534
t4212,308.36950509999895,25.964584587264614,0.0,0.0,0.0,717.9570904703402,228.76367114000007,221.9435173499733,0.0,0.0,0.0,0.0,0.0,0.0,0.0,0.0,0.0,1502.998368647577
t4213,1220.0,0.0,0.0,0.0,0.0,0.0,0.0,0.0,0.0,0.0,0.0,0.0,0.0,0.0,0.0,0.0,0.0,1220.0
t4214,0.0,0.0,0.0,0.0,0.0,0.0,0.0,0.0,0.0,0.0,0.0,0.0,0.0,0.0,0.0,0.0,0.0,0.0
t4215,0.0,0.0,0.0,0.0,0.0,0.0,0.0,0.0,0.0,0.0,0.0,0.0,0.0,0.0,0.0,0.0,0.0,0.0
t4216,0.0,0.0,0.0,0.0,0.0,0.0,0.0,0.0,0.0,0.0,0.0,0.0,0.0,0.0,0.0,0.0,0.0,0.0
t4217,0.0,0.0,0.0,0.0,0.0,0.0,0.0,0.0,0.0,0.0,0.0,0.0,0.0,0.0,0.0,0.0,0.0,0.0
t4218,0.0,0.0,0.0,0.0,0.0,0.0,0.0,0.0,0.0,0.0,0.0,0.0,0.0,0.0,0.0,0.0,0.0,0.0
t4219,0.0,0.0,0.0,0.0,0.0,0.0,0.0,0.0,0.0,0.0,0.0,0.0,0.0,0.0,0.0,0.0,0.0,0.0
t4220,0.0,0.0,0.0,0.0,0.0,0.0,0.0,0.0,0.0,0.0,0.0,0.0,0.0,0.0,0.0,0.0,0.0,0.0
t4221,0.0,0.0,0.0,0.0,0.0,0.0,0.0,0.0,0.0,0.0,0.0,0.0,0.0,0.0,0.0,0.0,0.0,0.0
t4222,0.0,0.0,0.0,0.0,0.0,0.0,0.0,0.0,0.0,0.0,0.0,0.0,0.0,0.0,0.0,0.0,0.0,0.0
t4223,0.0,0.0,0.0,0.0,0.0,0.0,0.0,0.0,0.0,0.0,0.0,0.0,0.0,0.0,0.0,0.0,0.0,0.0
t4224,0.0,0.0,0.0,0.0,0.0,0.0,0.0,0.0,0.0,0.0,0.0,0.0,0.0,0.0,0.0,0.0,0.0,0.0
t4225,0.0,0.0,0.0,0.0,0.0,0.0,0.0,0.0,0.0,0.0,0.0,0.0,0.0,0.0,0.0,0.0,0.0,0.0
t4226,0.0,0.0,0.0,0.0,0.0,0.0,0.0,0.0,0.0,0.0,0.0,0.0,0.0,0.0,0.0,0.0,0.0,0.0
t4227,0.0,0.0,0.0,0.0,0.0,0.0,0.0,0.0,0.0,0.0,0.0,0.0,0.0,0.0,0.0,0.0,0.0,0.0
t4228,0.0,0.0,0.0,0.0,0.0,0.0,0.0,0.0,0.0,0.0,0.0,0.0,0.0,0.0,0.0,0.0,0.0,0.0
t4229,0.0,0.0,0.0,0.0,0.0,0.0,0.0,0.0,0.0,0.0,0.0,0.0,0.0,0.0,0.0,0.0,0.0,0.0
t4230,0.0,0.0,0.0,0.0,0.0,0.0,0.0,0.0,0.0,0.0,0.0,0.0,0.0,0.0,0.0,0.0,0.0,0.0
t4231,0.0,0.0,0.0,0.0,0.0,0.0,0.0,0.0,0.0,0.0,0.0,0.0,0.0,0.0,0.0,0.0,0.0,0.0
t4232,989.4785212200004,120.0,0.0,0.0,0.0,388.80595190767724,350.4463815857091,1950.0,0.0,0.0,0.0,0.0,0.0,0.0,0.0,0.0,0.0,3798.730854713387
t4233,696.1302839171021,120.0,859.2063110300004,0.0,0.0,1005.2423280375517,14.086215160000304,1950.0,0.0,0.0,0.0,0.0,0.0,0.0,0.0,0.0,0.0,4644.6651381446545
t4234,1220.0,120.0,0.0,0.0,0.0,2840.3664341932504,26.323338880000378,1950.0,0.0,0.0,0.0,0.0,0.0,0.0,0.0,0.0,0.0,6156.689773073251
t4235,1208.120966620001,120.0,0.0,0.0,0.0,4582.531605448891,701.1197578100001,1389.0948848617413,0.0,0.0,0.0,0.0,0.0,0.0,0.0,0.0,0.0,8000.867214740634
t4236,645.1022610324881,0.0,309.19892831827883,0.0,0.0,4679.491530288471,1527.06860523,982.8296146813079,0.0,0.0,0.0,0.0,0.0,0.0,0.0,0.0,0.0,8143.690939550545
t4237,385.14124384759884,25.964584587264614,0.0,0.0,0.0,5080.513783907076,1536.27214599,0.0,0.0,0.0,0.0,0.0,0.0,0.0,0.0,0.0,0.0,7027.89175833194
t4238,0.0,0.0,0.0,0.0,0.0,3925.3879267665798,1149.2650719600001,0.0,0.0,0.0,0.0,0.0,0.0,0.0,0.0,0.0,0.0,5074.65299872658
t4239,0.0,0.0,1105.18705992,0.0,0.0,363.3502053717022,916.0687706200001,0.0,0.0,0.0,0.0,0.0,0.0,0.0,0.0,0.0,0.0,2384.6060359117023
t4240,0.0,0.0,0.0,0.0,0.0,0.0,181.477535468409,0.0,0.0,0.0,0.0,0.0,0.0,0.0,0.0,0.0,0.0,181.477535468409
t4241,0.0,0.0,0.0,0.0,0.0,0.0,0.0,0.0,0.0,0.0,0.0,0.0,0.0,0.0,0.0,0.0,0.0,0.0
t4242,0.0,0.0,0.0,0.0,0.0,0.0,0.0,0.0,0.0,0.0,0.0,0.0,0.0,0.0,0.0,0.0,0.0,0.0
t4243,0.0,0.0,0.0,0.0,0.0,0.0,0.0,0.0,0.0,0.0,0.0,0.0,0.0,0.0,0.0,0.0,0.0,0.0
t4244,0.0,0.0,0.0,0.0,0.0,0.0,0.0,0.0,0.0,0.0,0.0,0.0,0.0,0.0,0.0,0.0,0.0,0.0
t4245,0.0,0.0,0.0,0.0,0.0,0.0,0.0,0.0,0.0,0.0,0.0,0.0,0.0,0.0,0.0,0.0,0.0,0.0
t4246,0.0,0.0,0.0,0.0,0.0,0.0,0.0,0.0,0.0,0.0,0.0,0.0,0.0,0.0,0.0,0.0,0.0,0.0
t4247,0.0,0.0,0.0,0.0,0.0,0.0,0.0,0.0,0.0,0.0,0.0,0.0,0.0,0.0,0.0,0.0,0.0,0.0
t4248,0.0,0.0,0.0,0.0,0.0,0.0,0.0,0.0,0.0,0.0,0.0,0.0,0.0,0.0,0.0,0.0,0.0,0.0
t4249,0.0,0.0,0.0,0.0,0.0,0.0,0.0,0.0,0.0,0.0,0.0,0.0,0.0,0.0,0.0,0.0,0.0,0.0
t4250,0.0,0.0,0.0,0.0,0.0,0.0,0.0,0.0,0.0,0.0,0.0,0.0,0.0,0.0,0.0,0.0,0.0,0.0
t4251,0.0,0.0,0.0,0.0,0.0,0.0,0.0,0.0,0.0,0.0,0.0,0.0,0.0,0.0,0.0,0.0,0.0,0.0
t4252,0.0,0.0,0.0,0.0,0.0,0.0,0.0,0.0,0.0,0.0,0.0,0.0,0.0,0.0,0.0,0.0,0.0,0.0
t4253,0.0,0.0,0.0,0.0,0.0,0.0,0.0,0.0,0.0,0.0,0.0,0.0,0.0,0.0,0.0,0.0,0.0,0.0
t4254,0.0,0.0,0.0,0.0,0.0,0.0,0.0,0.0,0.0,0.0,0.0,0.0,0.0,0.0,0.0,0.0,0.0,0.0
t4255,0.0,0.0,0.0,0.0,0.0,0.0,0.0,1227.4365373836642,0.0,0.0,0.0,0.0,0.0,0.0,0.0,0.0,0.0,1227.4365373836642
t4256,825.9040754200003,0.0,0.0,0.0,0.0,2588.12051189896,0.0,1950.0,0.0,0.0,0.0,0.0,0.0,0.0,0.0,0.0,0.0,5364.024587318961
t4257,972.3365415800005,120.0,1397.9738319799999,0.0,0.0,3167.7074143840136,20.325757638036215,1547.4949700390703,0.0,0.0,0.0,0.0,0.0,0.0,0.0,0.0,0.0,7225.838515621121
t4258,967.4798288600008,120.0,1310.7282414454949,0.0,0.0,4846.9598119421635,138.80582751560314,1950.0,0.0,0.0,0.0,0.0,0.0,0.0,0.0,0.0,0.0,9333.973709763262
t4259,955.6213625399994,120.0,1620.0,0.0,0.0,5861.245452858489,1378.0380152069945,0.0,0.0,0.0,0.0,0.0,0.0,0.0,0.0,0.0,0.0,9934.904830605483
t4260,734.7883006971895,0.0,0.0,0.0,0.0,6338.79515536826,1450.5226839224852,0.0,0.0,0.0,0.0,0.0,0.0,0.0,0.0,0.0,0.0,8524.106139987935
t4261,687.8431675400004,120.0,343.1553601025794,0.0,0.0,5792.715947345811,1191.2405407074352,0.0,0.0,0.0,0.0,0.0,0.0,0.0,0.0,0.0,0.0,8134.955015695827
t4262,0.0,0.0,1338.8482349999995,0.0,0.0,4738.806631195519,1175.409586786313,1546.9929921203163,0.0,0.0,0.0,0.0,0.0,0.0,0.0,0.0,0.0,8800.057445102148
t4263,0.0,0.0,0.0,0.0,0.0,2851.6312431737656,959.9090049776754,0.0,0.0,0.0,0.0,0.0,0.0,0.0,0.0,0.0,0.0,3811.540248151441
t4264,0.0,25.964584587264614,819.8162233999998,0.0,0.0,285.63163749835866,389.77932902671364,0.0,0.0,0.0,0.0,0.0,0.0,0.0,0.0,0.0,0.0,1521.1917745123367
t4265,0.0,0.0,0.0,0.0,0.0,0.0,0.0,0.0,0.0,0.0,0.0,0.0,0.0,0.0,0.0,0.0,0.0,0.0
t4266,0.0,0.0,0.0,0.0,0.0,0.0,0.0,0.0,0.0,0.0,0.0,0.0,0.0,0.0,0.0,0.0,0.0,0.0
t4267,0.0,0.0,0.0,0.0,0.0,0.0,0.0,0.0,0.0,0.0,0.0,0.0,0.0,0.0,0.0,0.0,0.0,0.0
t4268,0.0,0.0,0.0,0.0,0.0,0.0,0.0,0.0,0.0,0.0,0.0,0.0,0.0,0.0,0.0,0.0,0.0,0.0
t4269,0.0,0.0,0.0,0.0,0.0,0.0,0.0,0.0,0.0,0.0,0.0,0.0,0.0,0.0,0.0,0.0,0.0,0.0
t4270,0.0,0.0,0.0,0.0,0.0,0.0,0.0,0.0,0.0,0.0,0.0,0.0,0.0,0.0,0.0,0.0,0.0,0.0
t4271,0.0,0.0,0.0,0.0,0.0,0.0,0.0,0.0,0.0,0.0,0.0,0.0,0.0,0.0,0.0,0.0,0.0,0.0
t4272,0.0,0.0,0.0,0.0,0.0,0.0,0.0,0.0,0.0,0.0,0.0,0.0,0.0,0.0,0.0,0.0,0.0,0.0
t4273,0.0,0.0,0.0,0.0,0.0,0.0,0.0,0.0,0.0,0.0,0.0,0.0,0.0,0.0,0.0,0.0,0.0,0.0
t4274,0.0,0.0,0.0,0.0,0.0,0.0,0.0,0.0,0.0,0.0,0.0,0.0,0.0,0.0,0.0,0.0,0.0,0.0
t4275,0.0,0.0,0.0,0.0,0.0,0.0,0.0,0.0,0.0,0.0,0.0,0.0,0.0,0.0,0.0,0.0,0.0,0.0
t4276,0.0,0.0,0.0,0.0,0.0,0.0,0.0,0.0,0.0,0.0,0.0,0.0,0.0,0.0,0.0,0.0,0.0,0.0
t4277,0.0,0.0,0.0,0.0,0.0,0.0,0.0,0.0,0.0,0.0,0.0,0.0,0.0,0.0,0.0,0.0,0.0,0.0
t4278,0.0,0.0,0.0,0.0,0.0,0.0,0.0,0.0,0.0,0.0,0.0,0.0,0.0,0.0,0.0,0.0,0.0,0.0
t4279,0.0,0.0,0.0,0.0,0.0,0.0,0.0,1593.8464834678773,0.0,0.0,0.0,0.0,0.0,0.0,0.0,0.0,0.0,1593.8464834678773
t4280,1220.0,120.0,0.0,0.0,0.0,2259.8200246662755,420.0581179400003,1950.0,0.0,0.0,0.0,0.0,0.0,0.0,0.0,0.0,0.0,5969.878142606276
t4281,407.43744193719186,120.0,1470.8596208700003,0.0,0.0,3243.724219538537,844.84834023,1950.0,0.0,0.0,0.0,0.0,0.0,0.0,0.0,0.0,0.0,8036.869622575729
t4282,1220.0,120.0,0.0,0.0,0.0,4915.458550897143,1032.2332984699995,1950.0,0.0,0.0,0.0,0.0,0.0,0.0,0.0,0.0,0.0,9237.691849367144
t4283,1220.0,120.0,448.7697591706307,0.0,0.0,4612.472961315478,1236.3074274971143,778.0780160751732,0.0,0.0,0.0,0.0,0.0,0.0,0.0,0.0,0.0,8415.628164058397
t4284,1076.5358346999985,25.964584587264614,0.0,0.0,0.0,5144.015136442512,1253.6733651648312,0.0,0.0,0.0,0.0,0.0,0.0,0.0,0.0,0.0,0.0,7500.188920894606
t4285,0.0,0.0,0.0,0.0,0.0,5616.6420021684025,1235.6907474999998,0.0,0.0,0.0,0.0,0.0,0.0,0.0,0.0,0.0,0.0,6852.332749668402
t4286,0.0,0.0,1089.3110567999997,0.0,0.0,3034.7745837770944,681.2194489793118,0.0,0.0,0.0,0.0,0.0,0.0,0.0,0.0,0.0,0.0,4805.305089556406
t4287,0.0,0.0,924.1617877400002,0.0,0.0,924.5712265051397,0.0,0.0,0.0,0.0,0.0,0.0,0.0,0.0,0.0,0.0,0.0,1848.73301424514
t4288,0.0,0.0,0.0,0.0,0.0,0.0,0.0,0.0,0.0,0.0,0.0,0.0,0.0,0.0,0.0,0.0,0.0,0.0
t4289,0.0,0.0,0.0,0.0,0.0,0.0,0.0,0.0,0.0,0.0,0.0,0.0,0.0,0.0,0.0,0.0,0.0,0.0
t4290,0.0,0.0,0.0,0.0,0.0,0.0,0.0,0.0,0.0,0.0,0.0,0.0,0.0,0.0,0.0,0.0,0.0,0.0
t4291,0.0,0.0,0.0,0.0,0.0,0.0,0.0,0.0,0.0,0.0,0.0,0.0,0.0,0.0,0.0,0.0,0.0,0.0
t4292,0.0,0.0,0.0,0.0,0.0,0.0,0.0,0.0,0.0,0.0,0.0,0.0,0.0,0.0,0.0,0.0,0.0,0.0
t4293,0.0,0.0,0.0,0.0,0.0,0.0,0.0,0.0,0.0,0.0,0.0,0.0,0.0,0.0,0.0,0.0,0.0,0.0
t4294,0.0,0.0,0.0,0.0,0.0,0.0,0.0,0.0,0.0,0.0,0.0,0.0,0.0,0.0,0.0,0.0,0.0,0.0
t4295,0.0,0.0,0.0,0.0,0.0,0.0,0.0,0.0,0.0,0.0,0.0,0.0,0.0,0.0,0.0,0.0,0.0,0.0
t4296,0.0,0.0,0.0,0.0,0.0,0.0,0.0,0.0,0.0,0.0,0.0,0.0,0.0,0.0,0.0,0.0,0.0,0.0
t4297,0.0,0.0,0.0,0.0,0.0,0.0,0.0,0.0,0.0,0.0,0.0,0.0,0.0,0.0,0.0,0.0,0.0,0.0
t4298,0.0,0.0,0.0,0.0,0.0,0.0,0.0,0.0,0.0,0.0,0.0,0.0,0.0,0.0,0.0,0.0,0.0,0.0
t4299,0.0,0.0,0.0,0.0,0.0,0.0,0.0,0.0,0.0,0.0,0.0,0.0,0.0,0.0,0.0,0.0,0.0,0.0
t4300,0.0,0.0,0.0,0.0,0.0,0.0,0.0,0.0,0.0,0.0,0.0,0.0,0.0,0.0,0.0,0.0,0.0,0.0
t4301,0.0,0.0,0.0,0.0,0.0,0.0,0.0,0.0,0.0,0.0,0.0,0.0,0.0,0.0,0.0,0.0,0.0,0.0
t4302,0.0,0.0,0.0,0.0,0.0,0.0,0.0,0.0,0.0,0.0,0.0,0.0,0.0,0.0,0.0,0.0,0.0,0.0
t4303,0.0,0.0,0.0,0.0,0.0,0.0,0.0,1482.349471485851,0.0,0.0,0.0,0.0,0.0,0.0,0.0,0.0,0.0,1482.349471485851
t4304,1220.0,120.0,0.0,0.0,0.0,0.0,1455.5622078176684,1950.0,0.0,0.0,0.0,0.0,0.0,0.0,0.0,0.0,0.0,4745.562207817668
t4305,1204.5599802599997,13.37120167,0.0,0.0,0.0,2535.9201140427194,476.25441575000013,1739.1071481799975,0.0,0.0,0.0,0.0,0.0,0.0,0.0,0.0,0.0,5969.212859902716
t4306,1220.0,13.295632555586723,0.0,0.0,0.0,2644.8358014601,1590.0,1048.3539110175298,0.0,0.0,0.0,0.0,0.0,0.0,0.0,0.0,0.0,6516.485345033217
t4307,1007.8918808999988,0.0,1360.8553626000003,0.0,0.0,2314.0599231038605,376.64999372000005,267.323932097065,0.0,0.0,0.0,0.0,0.0,0.0,0.0,0.0,0.0,5326.781092420924
t4308,142.3543988999992,0.0,0.0,0.0,0.0,2397.8927039088094,0.0,0.0,0.0,0.0,0.0,0.0,0.0,0.0,0.0,0.0,0.0,2540.2471028088084
t4309,349.1670165771926,120.0,0.0,0.0,0.0,0.0,0.0,239.95275346510394,0.0,0.0,0.0,0.0,0.0,0.0,0.0,0.0,0.0,709.1197700422965
t4310,0.0,0.0,0.0,0.0,0.0,0.0,0.0,0.0,0.0,0.0,0.0,0.0,0.0,0.0,0.0,0.0,0.0,0.0
t4311,0.0,0.0,0.0,0.0,0.0,0.0,0.0,0.0,0.0,0.0,0.0,0.0,0.0,0.0,0.0,0.0,0.0,0.0
t4312,0.0,0.0,0.0,0.0,0.0,0.0,0.0,0.0,0.0,0.0,0.0,0.0,0.0,0.0,0.0,0.0,0.0,0.0
t4313,0.0,0.0,0.0,0.0,0.0,0.0,0.0,0.0,0.0,0.0,0.0,0.0,0.0,0.0,0.0,0.0,0.0,0.0
t4314,0.0,0.0,0.0,0.0,0.0,0.0,0.0,0.0,0.0,0.0,0.0,0.0,0.0,0.0,0.0,0.0,0.0,0.0
t4315,0.0,0.0,0.0,0.0,0.0,0.0,0.0,0.0,0.0,0.0,0.0,0.0,0.0,0.0,0.0,0.0,0.0,0.0
t4316,0.0,0.0,0.0,0.0,0.0,0.0,0.0,0.0,0.0,0.0,0.0,0.0,0.0,0.0,0.0,0.0,0.0,0.0
t4317,0.0,0.0,0.0,0.0,0.0,0.0,0.0,0.0,0.0,0.0,0.0,0.0,0.0,0.0,0.0,0.0,0.0,0.0
t4318,0.0,0.0,0.0,0.0,0.0,0.0,0.0,0.0,0.0,0.0,0.0,0.0,0.0,0.0,0.0,0.0,0.0,0.0
t4319,0.0,0.0,0.0,0.0,0.0,0.0,0.0,0.0,0.0,0.0,0.0,0.0,0.0,0.0,0.0,0.0,0.0,0.0
t4320,0.0,0.0,0.0,0.0,0.0,0.0,0.0,0.0,0.0,0.0,0.0,0.0,0.0,0.0,0.0,0.0,0.0,0.0
t4321,0.0,0.0,0.0,0.0,0.0,0.0,0.0,0.0,0.0,0.0,0.0,0.0,0.0,0.0,0.0,0.0,0.0,0.0
t4322,0.0,0.0,0.0,0.0,0.0,0.0,0.0,0.0,0.0,0.0,0.0,0.0,0.0,0.0,0.0,0.0,0.0,0.0
t4323,0.0,0.0,0.0,0.0,0.0,0.0,0.0,0.0,0.0,0.0,0.0,0.0,0.0,0.0,0.0,0.0,0.0,0.0
t4324,0.0,0.0,0.0,0.0,0.0,0.0,0.0,0.0,0.0,0.0,0.0,0.0,0.0,0.0,0.0,0.0,0.0,0.0
t4325,0.0,0.0,0.0,0.0,0.0,0.0,0.0,0.0,0.0,0.0,0.0,0.0,0.0,0.0,0.0,0.0,0.0,0.0
t4326,0.0,0.0,0.0,0.0,0.0,0.0,0.0,0.0,0.0,0.0,0.0,0.0,0.0,0.0,0.0,0.0,0.0,0.0
t4327,0.0,0.0,0.0,0.0,0.0,0.0,0.0,1950.0,0.0,0.0,0.0,0.0,0.0,0.0,0.0,0.0,0.0,1950.0
t4328,939.944693059999,120.0,0.0,0.0,0.0,3775.998117315349,746.3066929200002,1950.0,0.0,0.0,0.0,0.0,0.0,0.0,0.0,0.0,0.0,7532.249503295348
t4329,1018.8918942600001,120.0,238.29462503457944,0.0,0.0,5531.155328342833,311.90934935984455,1950.0,0.0,0.0,0.0,0.0,0.0,0.0,0.0,0.0,0.0,9170.251196997258
t4330,665.4482992599994,120.0,0.0,0.0,0.0,6275.567721281761,927.51427184,1199.6272440174648,0.0,0.0,0.0,0.0,0.0,0.0,0.0,0.0,0.0,9188.157536399225
t4331,1220.0,0.0,0.0,0.0,0.0,6026.247277218807,953.01616263,682.0504670607454,0.0,0.0,0.0,0.0,0.0,0.0,0.0,0.0,0.0,8881.313906909552
t4332,637.8417676200003,0.0,1144.735796,0.0,0.0,4623.673005001441,930.9919731699998,136.20785227467738,0.0,0.0,0.0,0.0,0.0,0.0,0.0,0.0,0.0,7473.450394066118
t4333,564.2112168600003,0.0,0.0,0.0,0.0,3274.4300510986236,1590.0,0.0,0.0,0.0,0.0,0.0,0.0,0.0,0.0,0.0,0.0,5428.641267958624
t4334,97.63540557719074,0.0,808.0127774000002,0.0,0.0,1096.0510478604513,732.9705367299999,0.0,0.0,0.0,0.0,0.0,0.0,0.0,0.0,0.0,0.0,2734.6697675676423
t4335,0.0,0.0,0.0,0.0,0.0,0.0,0.0,0.0,0.0,0.0,0.0,0.0,0.0,0.0,0.0,0.0,0.0,0.0
t4336,0.0,0.0,0.0,0.0,0.0,0.0,0.0,0.0,0.0,0.0,0.0,0.0,0.0,0.0,0.0,0.0,0.0,0.0
t4337,0.0,0.0,0.0,0.0,0.0,0.0,0.0,0.0,0.0,0.0,0.0,0.0,0.0,0.0,0.0,0.0,0.0,0.0
t4338,0.0,0.0,0.0,0.0,0.0,0.0,0.0,0.0,0.0,0.0,0.0,0.0,0.0,0.0,0.0,0.0,0.0,0.0
t4339,0.0,0.0,0.0,0.0,0.0,0.0,0.0,0.0,0.0,0.0,0.0,0.0,0.0,0.0,0.0,0.0,0.0,0.0
t4340,0.0,0.0,0.0,0.0,0.0,0.0,0.0,0.0,0.0,0.0,0.0,0.0,0.0,0.0,0.0,0.0,0.0,0.0
t4341,0.0,0.0,0.0,0.0,0.0,0.0,0.0,0.0,0.0,0.0,0.0,0.0,0.0,0.0,0.0,0.0,0.0,0.0
t4342,0.0,0.0,0.0,0.0,0.0,0.0,0.0,0.0,0.0,0.0,0.0,0.0,0.0,0.0,0.0,0.0,0.0,0.0
t4343,0.0,0.0,0.0,0.0,0.0,0.0,0.0,0.0,0.0,0.0,0.0,0.0,0.0,0.0,0.0,0.0,0.0,0.0
t4344,0.0,0.0,0.0,0.0,0.0,0.0,0.0,0.0,0.0,0.0,0.0,0.0,0.0,0.0,0.0,0.0,0.0,0.0
t4345,0.0,0.0,0.0,0.0,0.0,0.0,0.0,0.0,0.0,0.0,0.0,0.0,0.0,0.0,0.0,0.0,0.0,0.0
t4346,0.0,0.0,0.0,0.0,0.0,0.0,0.0,0.0,0.0,0.0,0.0,0.0,0.0,0.0,0.0,0.0,0.0,0.0
t4347,0.0,0.0,0.0,0.0,0.0,0.0,0.0,0.0,0.0,0.0,0.0,0.0,0.0,0.0,0.0,0.0,0.0,0.0
t4348,0.0,0.0,0.0,0.0,0.0,0.0,0.0,0.0,0.0,0.0,0.0,0.0,0.0,0.0,0.0,0.0,0.0,0.0
t4349,0.0,0.0,0.0,0.0,0.0,0.0,0.0,0.0,0.0,0.0,0.0,0.0,0.0,0.0,0.0,0.0,0.0,0.0
t4350,0.0,0.0,0.0,0.0,0.0,0.0,0.0,0.0,0.0,0.0,0.0,0.0,0.0,0.0,0.0,0.0,0.0,0.0
t4351,0.0,0.0,0.0,0.0,0.0,0.0,0.0,1950.0,0.0,0.0,0.0,0.0,0.0,0.0,0.0,0.0,0.0,1950.0
t4352,1220.0,120.0,1225.5251224100002,0.0,0.0,5088.1371289862345,687.740763166914,1950.0,0.0,0.0,0.0,0.0,0.0,0.0,0.0,0.0,0.0,10291.40301456315
t4353,1207.0688906400003,120.0,1505.7761428700003,0.0,78.20783788597141,7433.783498999999,1114.0807956014428,1950.0,0.0,0.0,0.0,0.0,0.0,0.0,0.0,0.0,0.0,13408.917165997414
t4354,1220.0,28.89567407000021,1478.84407559,0.0,363.06603827523867,7693.8207395200025,587.8632827874075,1950.0,0.0,0.0,0.0,0.0,0.0,0.0,0.0,0.0,0.0,13322.48981024265
t4355,949.7101273971903,120.0,1375.6677508100004,0.0,3415.1319337259497,4722.34623248,1224.7724385506413,0.0,0.0,0.0,0.0,0.0,0.0,0.0,0.0,0.0,0.0,11807.62848296378
t4356,409.6652463000002,0.0,0.0,0.0,488.3256538489702,4252.2491915364535,1194.1536407886372,0.0,0.0,0.0,0.0,0.0,0.0,0.0,0.0,0.0,0.0,6344.393732474061
t4357,137.52901229999978,39.585196747264476,449.2320984280716,0.0,3038.6383175724027,3587.4511737599983,659.0446644119261,421.9244995430499,0.0,0.0,0.0,0.0,0.0,0.0,0.0,0.0,0.0,8333.404962762712
t4358,0.0,0.0,795.4767018199999,0.0,359.567717399109,3693.825840382637,758.3889400342882,0.0,0.0,0.0,0.0,0.0,0.0,0.0,0.0,0.0,0.0,5607.259199636035
t4359,0.0,77.48371376999991,0.0,0.0,864.7276062967677,0.0,477.98622044000007,0.0,0.0,0.0,0.0,0.0,0.0,0.0,0.0,0.0,0.0,1420.1975405067676
t4360,0.0,0.0,0.0,0.0,0.0,0.0,0.0,0.0,0.0,0.0,0.0,0.0,0.0,0.0,0.0,0.0,0.0,0.0
t4361,0.0,0.0,0.0,0.0,0.0,0.0,0.0,0.0,0.0,0.0,0.0,0.0,0.0,0.0,0.0,0.0,0.0,0.0
t4362,0.0,0.0,0.0,0.0,0.0,0.0,0.0,0.0,0.0,0.0,0.0,0.0,0.0,0.0,0.0,0.0,0.0,0.0
t4363,0.0,0.0,0.0,0.0,0.0,0.0,0.0,0.0,0.0,0.0,0.0,0.0,0.0,0.0,0.0,0.0,0.0,0.0
t4364,0.0,0.0,0.0,0.0,0.0,0.0,0.0,0.0,0.0,0.0,0.0,0.0,0.0,0.0,0.0,0.0,0.0,0.0
t4365,0.0,0.0,0.0,0.0,0.0,0.0,0.0,0.0,0.0,0.0,0.0,0.0,0.0,0.0,0.0,0.0,0.0,0.0
t4366,0.0,0.0,0.0,0.0,0.0,0.0,0.0,0.0,0.0,0.0,0.0,0.0,0.0,0.0,0.0,0.0,0.0,0.0
t4367,0.0,0.0,0.0,0.0,0.0,0.0,0.0,0.0,0.0,0.0,0.0,0.0,0.0,0.0,0.0,0.0,0.0,0.0
t4368,0.0,0.0,0.0,0.0,0.0,0.0,0.0,0.0,0.0,0.0,0.0,0.0,0.0,0.0,0.0,0.0,0.0,0.0
t4369,0.0,0.0,0.0,0.0,0.0,0.0,0.0,0.0,0.0,0.0,0.0,0.0,0.0,0.0,0.0,0.0,0.0,0.0
t4370,0.0,0.0,0.0,0.0,0.0,0.0,0.0,0.0,0.0,0.0,0.0,0.0,0.0,0.0,0.0,0.0,0.0,0.0
t4371,0.0,0.0,0.0,0.0,0.0,0.0,0.0,0.0,0.0,0.0,0.0,0.0,0.0,0.0,0.0,0.0,0.0,0.0
t4372,0.0,0.0,0.0,0.0,0.0,0.0,0.0,0.0,0.0,0.0,0.0,0.0,0.0,0.0,0.0,0.0,0.0,0.0
t4373,0.0,0.0,0.0,0.0,0.0,0.0,0.0,0.0,0.0,0.0,0.0,0.0,0.0,0.0,0.0,0.0,0.0,0.0
t4374,0.0,0.0,0.0,0.0,0.0,0.0,0.0,0.0,0.0,0.0,0.0,0.0,0.0,0.0,0.0,0.0,0.0,0.0
t4375,0.0,0.0,0.0,0.0,0.0,0.0,0.0,0.0,0.0,0.0,0.0,0.0,0.0,0.0,0.0,0.0,0.0,0.0
t4376,0.0,0.0,0.0,0.0,0.0,2167.8386055063115,0.0,0.0,0.0,0.0,0.0,0.0,0.0,0.0,0.0,0.0,0.0,2167.8386055063115
t4377,1220.0,0.0,0.0,0.0,0.0,2728.190975782961,1059.662745374831,0.0,0.0,0.0,0.0,0.0,0.0,0.0,0.0,0.0,0.0,5007.853721157791
t4378,1220.0,0.0,0.0,0.0,0.0,3607.8698003999993,348.41915803,0.0,0.0,0.0,0.0,0.0,0.0,0.0,0.0,0.0,0.0,5176.28895843
t4379,802.6711812600005,0.0,0.0,0.0,0.0,0.0,1255.6666088633483,0.0,0.0,0.0,0.0,0.0,0.0,0.0,0.0,0.0,0.0,2058.337790123349
t4380,11.948178889975138,0.0,0.0,0.0,0.0,0.0,0.0,0.0,0.0,0.0,0.0,0.0,0.0,0.0,0.0,0.0,0.0,11.948178889975138
t4381,0.0,0.0,0.0,0.0,0.0,0.0,0.0,0.0,0.0,0.0,0.0,0.0,0.0,0.0,0.0,0.0,0.0,0.0
t4382,0.0,0.0,0.0,0.0,0.0,0.0,0.0,0.0,0.0,0.0,0.0,0.0,0.0,0.0,0.0,0.0,0.0,0.0
t4383,0.0,0.0,0.0,0.0,0.0,0.0,0.0,0.0,0.0,0.0,0.0,0.0,0.0,0.0,0.0,0.0,0.0,0.0
t4384,0.0,0.0,0.0,0.0,0.0,0.0,0.0,0.0,0.0,0.0,0.0,0.0,0.0,0.0,0.0,0.0,0.0,0.0
t4385,0.0,0.0,0.0,0.0,0.0,0.0,0.0,0.0,0.0,0.0,0.0,0.0,0.0,0.0,0.0,0.0,0.0,0.0
t4386,0.0,0.0,0.0,0.0,0.0,0.0,0.0,0.0,0.0,0.0,0.0,0.0,0.0,0.0,0.0,0.0,0.0,0.0
t4387,0.0,0.0,0.0,0.0,0.0,0.0,0.0,0.0,0.0,0.0,0.0,0.0,0.0,0.0,0.0,0.0,0.0,0.0
t4388,0.0,0.0,0.0,0.0,0.0,0.0,0.0,0.0,0.0,0.0,0.0,0.0,0.0,0.0,0.0,0.0,0.0,0.0
t4389,0.0,0.0,0.0,0.0,0.0,0.0,0.0,0.0,0.0,0.0,0.0,0.0,0.0,0.0,0.0,0.0,0.0,0.0
t4390,0.0,0.0,0.0,0.0,0.0,0.0,0.0,0.0,0.0,0.0,0.0,0.0,0.0,0.0,0.0,0.0,0.0,0.0
t4391,0.0,0.0,0.0,0.0,0.0,0.0,0.0,0.0,0.0,0.0,0.0,0.0,0.0,0.0,0.0,0.0,0.0,0.0
t4392,0.0,0.0,0.0,0.0,0.0,0.0,0.0,0.0,0.0,0.0,0.0,0.0,0.0,0.0,0.0,0.0,0.0,0.0
t4393,0.0,0.0,0.0,0.0,0.0,0.0,0.0,0.0,0.0,0.0,0.0,0.0,0.0,0.0,0.0,0.0,0.0,0.0
t4394,0.0,0.0,0.0,0.0,0.0,0.0,0.0,0.0,0.0,0.0,0.0,0.0,0.0,0.0,0.0,0.0,0.0,0.0
t4395,0.0,0.0,0.0,0.0,0.0,0.0,0.0,0.0,0.0,0.0,0.0,0.0,0.0,0.0,0.0,0.0,0.0,0.0
t4396,0.0,0.0,0.0,0.0,0.0,0.0,0.0,0.0,0.0,0.0,0.0,0.0,0.0,0.0,0.0,0.0,0.0,0.0
t4397,0.0,0.0,0.0,0.0,0.0,0.0,0.0,0.0,0.0,0.0,0.0,0.0,0.0,0.0,0.0,0.0,0.0,0.0
t4398,0.0,0.0,0.0,0.0,0.0,0.0,0.0,0.0,0.0,0.0,0.0,0.0,0.0,0.0,0.0,0.0,0.0,0.0
t4399,0.0,0.0,0.0,0.0,0.0,0.0,0.0,0.0,0.0,0.0,0.0,0.0,0.0,0.0,0.0,0.0,0.0,0.0
t4400,1220.0,81.07647897000008,0.0,0.0,0.0,3253.986722028302,0.0,1033.1631427800005,0.0,0.0,0.0,0.0,0.0,0.0,0.0,0.0,0.0,5588.226343778302
t4401,1220.0,87.53189767000008,0.0,0.0,0.0,4265.827329418056,0.0,823.1315527800007,0.0,0.0,0.0,0.0,0.0,0.0,0.0,0.0,0.0,6396.490779868057
t4402,1022.4628362832857,0.0,0.0,0.0,0.0,5072.270961065813,0.0,687.7718988200006,0.0,0.0,0.0,0.0,0.0,0.0,0.0,0.0,0.0,6782.505696169099
t4403,1121.1887206199997,0.0,0.0,0.0,0.0,4021.5226946818348,556.1652916100004,160.43084678000176,0.0,0.0,0.0,0.0,0.0,0.0,0.0,0.0,0.0,5859.307553691837
t4404,560.3217197339048,0.0,0.0,0.0,0.0,2356.8634658699593,1590.0,0.0,0.0,0.0,0.0,0.0,0.0,0.0,0.0,0.0,0.0,4507.185185603865
t4405,0.0,0.0,0.0,0.0,0.0,0.0,711.2551787166227,0.0,0.0,0.0,0.0,0.0,0.0,0.0,0.0,0.0,0.0,711.2551787166227
t4406,0.0,0.0,0.0,0.0,0.0,0.0,0.0,0.0,0.0,0.0,0.0,0.0,0.0,0.0,0.0,0.0,0.0,0.0
t4407,0.0,0.0,0.0,0.0,0.0,0.0,0.0,0.0,0.0,0.0,0.0,0.0,0.0,0.0,0.0,0.0,0.0,0.0
t4408,0.0,0.0,0.0,0.0,0.0,0.0,0.0,0.0,0.0,0.0,0.0,0.0,0.0,0.0,0.0,0.0,0.0,0.0
t4409,0.0,0.0,0.0,0.0,0.0,0.0,0.0,0.0,0.0,0.0,0.0,0.0,0.0,0.0,0.0,0.0,0.0,0.0
t4410,0.0,0.0,0.0,0.0,0.0,0.0,0.0,0.0,0.0,0.0,0.0,0.0,0.0,0.0,0.0,0.0,0.0,0.0
t4411,0.0,0.0,0.0,0.0,0.0,0.0,0.0,0.0,0.0,0.0,0.0,0.0,0.0,0.0,0.0,0.0,0.0,0.0
t4412,0.0,0.0,0.0,0.0,0.0,0.0,0.0,0.0,0.0,0.0,0.0,0.0,0.0,0.0,0.0,0.0,0.0,0.0
t4413,0.0,0.0,0.0,0.0,0.0,0.0,0.0,0.0,0.0,0.0,0.0,0.0,0.0,0.0,0.0,0.0,0.0,0.0
t4414,0.0,0.0,0.0,0.0,0.0,0.0,0.0,0.0,0.0,0.0,0.0,0.0,0.0,0.0,0.0,0.0,0.0,0.0
t4415,0.0,0.0,0.0,0.0,0.0,0.0,0.0,0.0,0.0,0.0,0.0,0.0,0.0,0.0,0.0,0.0,0.0,0.0
t4416,0.0,0.0,0.0,0.0,0.0,0.0,0.0,0.0,0.0,0.0,0.0,0.0,0.0,0.0,0.0,0.0,0.0,0.0
t4417,0.0,0.0,0.0,0.0,0.0,0.0,0.0,0.0,0.0,0.0,0.0,0.0,0.0,0.0,0.0,0.0,0.0,0.0
t4418,0.0,0.0,0.0,0.0,0.0,0.0,0.0,0.0,0.0,0.0,0.0,0.0,0.0,0.0,0.0,0.0,0.0,0.0
t4419,0.0,0.0,0.0,0.0,0.0,0.0,0.0,0.0,0.0,0.0,0.0,0.0,0.0,0.0,0.0,0.0,0.0,0.0
t4420,0.0,0.0,0.0,0.0,0.0,0.0,0.0,0.0,0.0,0.0,0.0,0.0,0.0,0.0,0.0,0.0,0.0,0.0
t4421,0.0,0.0,0.0,0.0,0.0,0.0,0.0,0.0,0.0,0.0,0.0,0.0,0.0,0.0,0.0,0.0,0.0,0.0
t4422,0.0,0.0,0.0,0.0,0.0,0.0,0.0,0.0,0.0,0.0,0.0,0.0,0.0,0.0,0.0,0.0,0.0,0.0
t4423,0.0,0.0,0.0,0.0,0.0,0.0,0.0,481.64571436000017,0.0,0.0,0.0,0.0,0.0,0.0,0.0,0.0,0.0,481.64571436000017
t4424,1220.0,120.0,0.0,0.0,0.0,5400.019632900067,50.706866460000334,1049.9565723600003,0.0,0.0,0.0,0.0,0.0,0.0,0.0,0.0,0.0,7840.683071720068
t4425,1064.6524742134525,120.0,0.0,0.0,0.0,5500.8184827474515,1590.0,804.6963587799987,0.0,0.0,0.0,0.0,0.0,0.0,0.0,0.0,0.0,9080.167315740902
t4426,1220.0,85.59970116999988,0.0,0.0,0.0,3849.3472903362253,556.2399200800004,182.67983018000078,0.0,0.0,0.0,0.0,0.0,0.0,0.0,0.0,0.0,5893.866741766226
t4427,1220.0,0.0,0.0,0.0,0.0,3206.088699173666,650.5915645399998,0.0,0.0,0.0,0.0,0.0,0.0,0.0,0.0,0.0,0.0,5076.680263713666
t4428,419.3208024237375,0.0,0.0,0.0,0.0,5158.944428949749,693.0316234300002,0.0,0.0,0.0,0.0,0.0,0.0,0.0,0.0,0.0,0.0,6271.296854803486
t4429,0.0,0.0,0.0,0.0,0.0,1577.6148122400016,647.2031974900003,0.0,0.0,0.0,0.0,0.0,0.0,0.0,0.0,0.0,0.0,2224.818009730002
t4430,0.0,0.0,0.0,0.0,0.0,0.0,919.6022890914321,0.0,0.0,0.0,0.0,0.0,0.0,0.0,0.0,0.0,0.0,919.6022890914321
t4431,0.0,0.0,0.0,0.0,0.0,0.0,0.0,0.0,0.0,0.0,0.0,0.0,0.0,0.0,0.0,0.0,0.0,0.0
t4432,0.0,0.0,0.0,0.0,0.0,0.0,0.0,0.0,0.0,0.0,0.0,0.0,0.0,0.0,0.0,0.0,0.0,0.0
t4433,0.0,0.0,0.0,0.0,0.0,0.0,0.0,0.0,0.0,0.0,0.0,0.0,0.0,0.0,0.0,0.0,0.0,0.0
t4434,0.0,0.0,0.0,0.0,0.0,0.0,0.0,0.0,0.0,0.0,0.0,0.0,0.0,0.0,0.0,0.0,0.0,0.0
t4435,0.0,0.0,0.0,0.0,0.0,0.0,0.0,0.0,0.0,0.0,0.0,0.0,0.0,0.0,0.0,0.0,0.0,0.0
t4436,0.0,0.0,0.0,0.0,0.0,0.0,0.0,0.0,0.0,0.0,0.0,0.0,0.0,0.0,0.0,0.0,0.0,0.0
t4437,0.0,0.0,0.0,0.0,0.0,0.0,0.0,0.0,0.0,0.0,0.0,0.0,0.0,0.0,0.0,0.0,0.0,0.0
t4438,0.0,0.0,0.0,0.0,0.0,0.0,0.0,0.0,0.0,0.0,0.0,0.0,0.0,0.0,0.0,0.0,0.0,0.0
t4439,0.0,0.0,0.0,0.0,0.0,0.0,0.0,0.0,0.0,0.0,0.0,0.0,0.0,0.0,0.0,0.0,0.0,0.0
t4440,0.0,0.0,0.0,0.0,0.0,0.0,0.0,0.0,0.0,0.0,0.0,0.0,0.0,0.0,0.0,0.0,0.0,0.0
t4441,0.0,0.0,0.0,0.0,0.0,0.0,0.0,0.0,0.0,0.0,0.0,0.0,0.0,0.0,0.0,0.0,0.0,0.0
t4442,0.0,0.0,0.0,0.0,0.0,0.0,0.0,0.0,0.0,0.0,0.0,0.0,0.0,0.0,0.0,0.0,0.0,0.0
t4443,0.0,0.0,0.0,0.0,0.0,0.0,0.0,0.0,0.0,0.0,0.0,0.0,0.0,0.0,0.0,0.0,0.0,0.0
t4444,0.0,0.0,0.0,0.0,0.0,0.0,0.0,0.0,0.0,0.0,0.0,0.0,0.0,0.0,0.0,0.0,0.0,0.0
t4445,0.0,0.0,0.0,0.0,0.0,0.0,0.0,0.0,0.0,0.0,0.0,0.0,0.0,0.0,0.0,0.0,0.0,0.0
t4446,0.0,0.0,0.0,0.0,0.0,0.0,0.0,0.0,0.0,0.0,0.0,0.0,0.0,0.0,0.0,0.0,0.0,0.0
t4447,0.0,0.0,0.0,0.0,0.0,0.0,0.0,0.0,0.0,0.0,0.0,0.0,0.0,0.0,0.0,0.0,0.0,0.0
t4448,1220.0,120.0,0.0,0.0,0.0,2591.3478158341736,0.0,549.4478756169715,0.0,0.0,0.0,0.0,0.0,0.0,0.0,0.0,0.0,4480.795691451145
t4449,1220.0,120.0,0.0,0.0,0.0,3673.896386239997,725.70001013,1111.948269517928,0.0,0.0,0.0,0.0,0.0,0.0,0.0,0.0,0.0,6851.544665887925
t4450,0.0,86.34729607000008,0.0,0.0,0.0,5670.745447632202,792.7536261300002,402.38965810423264,0.0,0.0,0.0,0.0,0.0,0.0,0.0,0.0,0.0,6952.236027936435
t4451,1220.0,0.0,0.0,0.0,0.0,4127.7055301599985,953.4739664,245.90676061535203,0.0,0.0,0.0,0.0,0.0,0.0,0.0,0.0,0.0,6547.0862571753505
t4452,0.0,0.0,0.0,0.0,0.0,4184.967404181226,854.992116772664,0.0,0.0,0.0,0.0,0.0,0.0,0.0,0.0,0.0,0.0,5039.95952095389
t4453,0.0,0.0,0.0,0.0,0.0,1417.7864875965522,1590.0,0.0,0.0,0.0,0.0,0.0,0.0,0.0,0.0,0.0,0.0,3007.7864875965524
t4454,0.0,0.0,0.0,0.0,0.0,0.0,240.18935349000037,0.0,0.0,0.0,0.0,0.0,0.0,0.0,0.0,0.0,0.0,240.18935349000037
t4455,0.0,0.0,0.0,0.0,0.0,0.0,0.0,0.0,0.0,0.0,0.0,0.0,0.0,0.0,0.0,0.0,0.0,0.0
t4456,0.0,0.0,0.0,0.0,0.0,0.0,0.0,0.0,0.0,0.0,0.0,0.0,0.0,0.0,0.0,0.0,0.0,0.0
t4457,0.0,0.0,0.0,0.0,0.0,0.0,0.0,0.0,0.0,0.0,0.0,0.0,0.0,0.0,0.0,0.0,0.0,0.0
t4458,0.0,0.0,0.0,0.0,0.0,0.0,0.0,0.0,0.0,0.0,0.0,0.0,0.0,0.0,0.0,0.0,0.0,0.0
t4459,0.0,0.0,0.0,0.0,0.0,0.0,0.0,0.0,0.0,0.0,0.0,0.0,0.0,0.0,0.0,0.0,0.0,0.0
t4460,0.0,0.0,0.0,0.0,0.0,0.0,0.0,0.0,0.0,0.0,0.0,0.0,0.0,0.0,0.0,0.0,0.0,0.0
t4461,0.0,0.0,0.0,0.0,0.0,0.0,0.0,0.0,0.0,0.0,0.0,0.0,0.0,0.0,0.0,0.0,0.0,0.0
t4462,0.0,0.0,0.0,0.0,0.0,0.0,0.0,0.0,0.0,0.0,0.0,0.0,0.0,0.0,0.0,0.0,0.0,0.0
t4463,0.0,0.0,0.0,0.0,0.0,0.0,0.0,0.0,0.0,0.0,0.0,0.0,0.0,0.0,0.0,0.0,0.0,0.0
t4464,0.0,0.0,0.0,0.0,0.0,0.0,0.0,0.0,0.0,0.0,0.0,0.0,0.0,0.0,0.0,0.0,0.0,0.0
t4465,0.0,0.0,0.0,0.0,0.0,0.0,0.0,0.0,0.0,0.0,0.0,0.0,0.0,0.0,0.0,0.0,0.0,0.0
t4466,0.0,0.0,0.0,0.0,0.0,0.0,0.0,0.0,0.0,0.0,0.0,0.0,0.0,0.0,0.0,0.0,0.0,0.0
t4467,0.0,0.0,0.0,0.0,0.0,0.0,0.0,0.0,0.0,0.0,0.0,0.0,0.0,0.0,0.0,0.0,0.0,0.0
t4468,0.0,0.0,0.0,0.0,0.0,0.0,0.0,0.0,0.0,0.0,0.0,0.0,0.0,0.0,0.0,0.0,0.0,0.0
t4469,0.0,0.0,0.0,0.0,0.0,0.0,0.0,0.0,0.0,0.0,0.0,0.0,0.0,0.0,0.0,0.0,0.0,0.0
t4470,0.0,0.0,0.0,0.0,0.0,0.0,0.0,0.0,0.0,0.0,0.0,0.0,0.0,0.0,0.0,0.0,0.0,0.0
t4471,0.0,0.0,0.0,0.0,0.0,0.0,0.0,0.0,0.0,0.0,0.0,0.0,0.0,0.0,0.0,0.0,0.0,0.0
t4472,1220.0,120.0,0.0,0.0,0.0,0.0,250.6511031429004,232.52726611784416,0.0,0.0,0.0,0.0,0.0,0.0,0.0,0.0,0.0,1823.1783692607446
t4473,821.0171352754425,120.0,0.0,0.0,0.0,5339.76422650717,484.4567474700001,645.1561741800014,0.0,0.0,0.0,0.0,0.0,0.0,0.0,0.0,0.0,7410.3942834326135
t4474,0.0,0.0,0.0,0.0,0.0,2767.90759421565,221.27172818999986,0.0,0.0,0.0,0.0,0.0,0.0,0.0,0.0,0.0,0.0,2989.17932240565
t4475,0.0,0.0,0.0,0.0,0.0,1495.1601371859097,236.90121598000013,0.0,0.0,0.0,0.0,0.0,0.0,0.0,0.0,0.0,0.0,1732.0613531659098
t4476,0.0,0.0,0.0,0.0,0.0,434.9955455683921,299.7637958999997,0.0,0.0,0.0,0.0,0.0,0.0,0.0,0.0,0.0,0.0,734.7593414683918
t4477,0.0,0.0,0.0,0.0,0.0,0.0,1590.0,0.0,0.0,0.0,0.0,0.0,0.0,0.0,0.0,0.0,0.0,1590.0
t4478,0.0,0.0,0.0,0.0,0.0,0.0,92.3896732199998,0.0,0.0,0.0,0.0,0.0,0.0,0.0,0.0,0.0,0.0,92.3896732199998
t4479,0.0,0.0,0.0,0.0,0.0,0.0,0.0,0.0,0.0,0.0,0.0,0.0,0.0,0.0,0.0,0.0,0.0,0.0
t4480,0.0,0.0,0.0,0.0,0.0,0.0,0.0,0.0,0.0,0.0,0.0,0.0,0.0,0.0,0.0,0.0,0.0,0.0
t4481,0.0,0.0,0.0,0.0,0.0,0.0,0.0,0.0,0.0,0.0,0.0,0.0,0.0,0.0,0.0,0.0,0.0,0.0
t4482,0.0,0.0,0.0,0.0,0.0,0.0,0.0,0.0,0.0,0.0,0.0,0.0,0.0,0.0,0.0,0.0,0.0,0.0
t4483,0.0,0.0,0.0,0.0,0.0,0.0,0.0,0.0,0.0,0.0,0.0,0.0,0.0,0.0,0.0,0.0,0.0,0.0
t4484,0.0,0.0,0.0,0.0,0.0,0.0,0.0,0.0,0.0,0.0,0.0,0.0,0.0,0.0,0.0,0.0,0.0,0.0
t4485,0.0,0.0,0.0,0.0,0.0,0.0,0.0,0.0,0.0,0.0,0.0,0.0,0.0,0.0,0.0,0.0,0.0,0.0
t4486,0.0,0.0,0.0,0.0,0.0,0.0,0.0,0.0,0.0,0.0,0.0,0.0,0.0,0.0,0.0,0.0,0.0,0.0
t4487,0.0,0.0,0.0,0.0,0.0,0.0,0.0,0.0,0.0,0.0,0.0,0.0,0.0,0.0,0.0,0.0,0.0,0.0
t4488,0.0,0.0,0.0,0.0,0.0,0.0,0.0,0.0,0.0,0.0,0.0,0.0,0.0,0.0,0.0,0.0,0.0,0.0
t4489,0.0,0.0,0.0,0.0,0.0,0.0,0.0,0.0,0.0,0.0,0.0,0.0,0.0,0.0,0.0,0.0,0.0,0.0
t4490,0.0,0.0,0.0,0.0,0.0,0.0,0.0,0.0,0.0,0.0,0.0,0.0,0.0,0.0,0.0,0.0,0.0,0.0
t4491,0.0,0.0,0.0,0.0,0.0,0.0,0.0,0.0,0.0,0.0,0.0,0.0,0.0,0.0,0.0,0.0,0.0,0.0
t4492,0.0,0.0,0.0,0.0,0.0,0.0,0.0,0.0,0.0,0.0,0.0,0.0,0.0,0.0,0.0,0.0,0.0,0.0
t4493,0.0,0.0,0.0,0.0,0.0,0.0,0.0,0.0,0.0,0.0,0.0,0.0,0.0,0.0,0.0,0.0,0.0,0.0
t4494,0.0,0.0,0.0,0.0,0.0,0.0,0.0,0.0,0.0,0.0,0.0,0.0,0.0,0.0,0.0,0.0,0.0,0.0
t4495,0.0,0.0,0.0,0.0,0.0,0.0,0.0,0.0,0.0,0.0,0.0,0.0,0.0,0.0,0.0,0.0,0.0,0.0
t4496,1220.0,120.0,708.3495713563628,0.0,295.50408121860494,869.78915635621,1372.4301985199997,1135.960806780003,0.0,0.0,0.0,0.0,0.0,0.0,0.0,0.0,0.0,5722.03381423118
t4497,0.0,120.0,0.0,0.0,0.0,4205.325464545334,917.711506261699,1950.0,0.0,0.0,0.0,0.0,0.0,0.0,0.0,0.0,0.0,7193.036970807034
t4498,1220.0,0.0,0.0,0.0,0.0,3646.508994849209,1069.34308788,1610.0459171700015,0.0,0.0,0.0,0.0,0.0,0.0,0.0,0.0,0.0,7545.897999899211
t4499,0.0,0.0,0.0,0.0,0.0,5099.462801241879,1006.0435557000003,722.2227991700009,0.0,0.0,0.0,0.0,0.0,0.0,0.0,0.0,0.0,6827.72915611188
t4500,1220.0,107.92470397000015,0.0,0.0,0.0,3142.8180358008462,996.9000005499997,0.0,0.0,0.0,0.0,0.0,0.0,0.0,0.0,0.0,0.0,5467.642740320845
t4501,0.0,0.0,0.0,0.0,0.0,3001.1031302413253,887.9010280669333,0.0,0.0,0.0,0.0,0.0,0.0,0.0,0.0,0.0,0.0,3889.0041583082584
t4502,0.0,0.0,0.0,0.0,0.0,0.0,0.0,0.0,0.0,0.0,0.0,0.0,0.0,0.0,0.0,0.0,0.0,0.0
t4503,0.0,0.0,0.0,0.0,0.0,0.0,0.0,0.0,0.0,0.0,0.0,0.0,0.0,0.0,0.0,0.0,0.0,0.0
t4504,0.0,0.0,0.0,0.0,0.0,0.0,0.0,0.0,0.0,0.0,0.0,0.0,0.0,0.0,0.0,0.0,0.0,0.0
t4505,0.0,0.0,0.0,0.0,0.0,0.0,0.0,0.0,0.0,0.0,0.0,0.0,0.0,0.0,0.0,0.0,0.0,0.0
t4506,0.0,0.0,0.0,0.0,0.0,0.0,0.0,0.0,0.0,0.0,0.0,0.0,0.0,0.0,0.0,0.0,0.0,0.0
t4507,0.0,0.0,0.0,0.0,0.0,0.0,0.0,0.0,0.0,0.0,0.0,0.0,0.0,0.0,0.0,0.0,0.0,0.0
t4508,0.0,0.0,0.0,0.0,0.0,0.0,0.0,0.0,0.0,0.0,0.0,0.0,0.0,0.0,0.0,0.0,0.0,0.0
t4509,0.0,0.0,0.0,0.0,0.0,0.0,0.0,0.0,0.0,0.0,0.0,0.0,0.0,0.0,0.0,0.0,0.0,0.0
t4510,0.0,0.0,0.0,0.0,0.0,0.0,0.0,0.0,0.0,0.0,0.0,0.0,0.0,0.0,0.0,0.0,0.0,0.0
t4511,0.0,0.0,0.0,0.0,0.0,0.0,0.0,0.0,0.0,0.0,0.0,0.0,0.0,0.0,0.0,0.0,0.0,0.0
t4512,0.0,0.0,0.0,0.0,0.0,0.0,0.0,0.0,0.0,0.0,0.0,0.0,0.0,0.0,0.0,0.0,0.0,0.0
t4513,0.0,0.0,0.0,0.0,0.0,0.0,0.0,0.0,0.0,0.0,0.0,0.0,0.0,0.0,0.0,0.0,0.0,0.0
t4514,0.0,0.0,0.0,0.0,0.0,0.0,0.0,0.0,0.0,0.0,0.0,0.0,0.0,0.0,0.0,0.0,0.0,0.0
t4515,0.0,0.0,0.0,0.0,0.0,0.0,0.0,0.0,0.0,0.0,0.0,0.0,0.0,0.0,0.0,0.0,0.0,0.0
t4516,0.0,0.0,0.0,0.0,0.0,0.0,0.0,0.0,0.0,0.0,0.0,0.0,0.0,0.0,0.0,0.0,0.0,0.0
t4517,0.0,0.0,0.0,0.0,0.0,0.0,0.0,0.0,0.0,0.0,0.0,0.0,0.0,0.0,0.0,0.0,0.0,0.0
t4518,0.0,0.0,0.0,0.0,0.0,0.0,0.0,0.0,0.0,0.0,0.0,0.0,0.0,0.0,0.0,0.0,0.0,0.0
t4519,0.0,0.0,0.0,0.0,0.0,0.0,0.0,0.0,0.0,0.0,0.0,0.0,0.0,0.0,0.0,0.0,0.0,0.0
t4520,0.0,0.0,0.0,0.0,754.060578900773,1969.5594024878349,0.0,1856.3454526422665,0.0,0.0,0.0,0.0,0.0,0.0,0.0,0.0,0.0,4579.965434030874
t4521,801.5949664962063,120.0,0.0,0.0,0.0,2545.795906825954,206.2065893484992,1163.6214526437984,0.0,0.0,0.0,0.0,0.0,0.0,0.0,0.0,0.0,4837.218915314457
t4522,0.0,0.0,953.1912679799996,0.0,0.0,5480.534562945877,831.1694416800001,1016.0805950584033,0.0,0.0,0.0,0.0,0.0,0.0,0.0,0.0,0.0,8280.97586766428
t4523,1220.0,120.0,0.0,0.0,0.0,4536.769962127691,1230.5521425499999,789.0153107800011,0.0,0.0,0.0,0.0,0.0,0.0,0.0,0.0,0.0,7896.337415457692
t4524,1220.0,0.0,0.0,0.0,0.0,3635.1730957724285,1155.4184144324115,0.0,0.0,0.0,0.0,0.0,0.0,0.0,0.0,0.0,0.0,6010.59151020484
t4525,0.0,0.0,532.4676515100003,0.0,0.0,2047.9897505957592,843.5561431100002,0.0,0.0,0.0,0.0,0.0,0.0,0.0,0.0,0.0,0.0,3424.01354521576
t4526,33.43974339091866,0.0,0.0,0.0,512.889091098011,0.0,708.8777105100002,0.0,0.0,0.0,0.0,0.0,0.0,0.0,0.0,0.0,0.0,1255.20654499893
t4527,0.0,0.0,0.0,0.0,0.0,0.0,0.0,0.0,0.0,0.0,0.0,0.0,0.0,0.0,0.0,0.0,0.0,0.0
t4528,0.0,0.0,0.0,0.0,0.0,0.0,0.0,0.0,0.0,0.0,0.0,0.0,0.0,0.0,0.0,0.0,0.0,0.0
t4529,0.0,0.0,0.0,0.0,0.0,0.0,0.0,0.0,0.0,0.0,0.0,0.0,0.0,0.0,0.0,0.0,0.0,0.0
t4530,0.0,0.0,0.0,0.0,0.0,0.0,0.0,0.0,0.0,0.0,0.0,0.0,0.0,0.0,0.0,0.0,0.0,0.0
t4531,0.0,0.0,0.0,0.0,0.0,0.0,0.0,0.0,0.0,0.0,0.0,0.0,0.0,0.0,0.0,0.0,0.0,0.0
t4532,0.0,0.0,0.0,0.0,0.0,0.0,0.0,0.0,0.0,0.0,0.0,0.0,0.0,0.0,0.0,0.0,0.0,0.0
t4533,0.0,0.0,0.0,0.0,0.0,0.0,0.0,0.0,0.0,0.0,0.0,0.0,0.0,0.0,0.0,0.0,0.0,0.0
t4534,0.0,0.0,0.0,0.0,0.0,0.0,0.0,0.0,0.0,0.0,0.0,0.0,0.0,0.0,0.0,0.0,0.0,0.0
t4535,0.0,0.0,0.0,0.0,0.0,0.0,0.0,0.0,0.0,0.0,0.0,0.0,0.0,0.0,0.0,0.0,0.0,0.0
t4536,0.0,0.0,0.0,0.0,0.0,0.0,0.0,0.0,0.0,0.0,0.0,0.0,0.0,0.0,0.0,0.0,0.0,0.0
t4537,0.0,0.0,0.0,0.0,0.0,0.0,0.0,0.0,0.0,0.0,0.0,0.0,0.0,0.0,0.0,0.0,0.0,0.0
t4538,0.0,0.0,0.0,0.0,0.0,0.0,0.0,0.0,0.0,0.0,0.0,0.0,0.0,0.0,0.0,0.0,0.0,0.0
t4539,0.0,0.0,0.0,0.0,0.0,0.0,0.0,0.0,0.0,0.0,0.0,0.0,0.0,0.0,0.0,0.0,0.0,0.0
t4540,0.0,0.0,0.0,0.0,0.0,0.0,0.0,0.0,0.0,0.0,0.0,0.0,0.0,0.0,0.0,0.0,0.0,0.0
t4541,0.0,0.0,0.0,0.0,0.0,0.0,0.0,0.0,0.0,0.0,0.0,0.0,0.0,0.0,0.0,0.0,0.0,0.0
t4542,0.0,0.0,0.0,0.0,0.0,0.0,0.0,0.0,0.0,0.0,0.0,0.0,0.0,0.0,0.0,0.0,0.0,0.0
t4543,0.0,0.0,0.0,0.0,0.0,0.0,0.0,0.0,0.0,0.0,0.0,0.0,0.0,0.0,0.0,0.0,0.0,0.0
t4544,0.0,0.0,0.0,0.0,0.0,2167.8386055063115,0.0,0.0,0.0,0.0,0.0,0.0,0.0,0.0,0.0,0.0,0.0,2167.8386055063115
t4545,1220.0,0.0,0.0,0.0,0.0,2728.190975782961,1059.662745374831,0.0,0.0,0.0,0.0,0.0,0.0,0.0,0.0,0.0,0.0,5007.853721157791
t4546,1220.0,0.0,0.0,0.0,0.0,3607.8698003999993,348.41915803,0.0,0.0,0.0,0.0,0.0,0.0,0.0,0.0,0.0,0.0,5176.28895843
t4547,802.6711812600005,0.0,0.0,0.0,0.0,0.0,1255.6666088633483,0.0,0.0,0.0,0.0,0.0,0.0,0.0,0.0,0.0,0.0,2058.337790123349
t4548,11.948178889975138,0.0,0.0,0.0,0.0,0.0,0.0,0.0,0.0,0.0,0.0,0.0,0.0,0.0,0.0,0.0,0.0,11.948178889975138
t4549,0.0,0.0,0.0,0.0,0.0,0.0,0.0,0.0,0.0,0.0,0.0,0.0,0.0,0.0,0.0,0.0,0.0,0.0
t4550,0.0,0.0,0.0,0.0,0.0,0.0,0.0,0.0,0.0,0.0,0.0,0.0,0.0,0.0,0.0,0.0,0.0,0.0
t4551,0.0,0.0,0.0,0.0,0.0,0.0,0.0,0.0,0.0,0.0,0.0,0.0,0.0,0.0,0.0,0.0,0.0,0.0
t4552,0.0,0.0,0.0,0.0,0.0,0.0,0.0,0.0,0.0,0.0,0.0,0.0,0.0,0.0,0.0,0.0,0.0,0.0
t4553,0.0,0.0,0.0,0.0,0.0,0.0,0.0,0.0,0.0,0.0,0.0,0.0,0.0,0.0,0.0,0.0,0.0,0.0
t4554,0.0,0.0,0.0,0.0,0.0,0.0,0.0,0.0,0.0,0.0,0.0,0.0,0.0,0.0,0.0,0.0,0.0,0.0
t4555,0.0,0.0,0.0,0.0,0.0,0.0,0.0,0.0,0.0,0.0,0.0,0.0,0.0,0.0,0.0,0.0,0.0,0.0
t4556,0.0,0.0,0.0,0.0,0.0,0.0,0.0,0.0,0.0,0.0,0.0,0.0,0.0,0.0,0.0,0.0,0.0,0.0
t4557,0.0,0.0,0.0,0.0,0.0,0.0,0.0,0.0,0.0,0.0,0.0,0.0,0.0,0.0,0.0,0.0,0.0,0.0
t4558,0.0,0.0,0.0,0.0,0.0,0.0,0.0,0.0,0.0,0.0,0.0,0.0,0.0,0.0,0.0,0.0,0.0,0.0
t4559,0.0,0.0,0.0,0.0,0.0,0.0,0.0,0.0,0.0,0.0,0.0,0.0,0.0,0.0,0.0,0.0,0.0,0.0
t4560,0.0,0.0,0.0,0.0,0.0,0.0,0.0,0.0,0.0,0.0,0.0,0.0,0.0,0.0,0.0,0.0,0.0,0.0
t4561,0.0,0.0,0.0,0.0,0.0,0.0,0.0,0.0,0.0,0.0,0.0,0.0,0.0,0.0,0.0,0.0,0.0,0.0
t4562,0.0,0.0,0.0,0.0,0.0,0.0,0.0,0.0,0.0,0.0,0.0,0.0,0.0,0.0,0.0,0.0,0.0,0.0
t4563,0.0,0.0,0.0,0.0,0.0,0.0,0.0,0.0,0.0,0.0,0.0,0.0,0.0,0.0,0.0,0.0,0.0,0.0
t4564,0.0,0.0,0.0,0.0,0.0,0.0,0.0,0.0,0.0,0.0,0.0,0.0,0.0,0.0,0.0,0.0,0.0,0.0
t4565,0.0,0.0,0.0,0.0,0.0,0.0,0.0,0.0,0.0,0.0,0.0,0.0,0.0,0.0,0.0,0.0,0.0,0.0
t4566,0.0,0.0,0.0,0.0,0.0,0.0,0.0,0.0,0.0,0.0,0.0,0.0,0.0,0.0,0.0,0.0,0.0,0.0
t4567,0.0,0.0,0.0,0.0,0.0,0.0,0.0,0.0,0.0,0.0,0.0,0.0,0.0,0.0,0.0,0.0,0.0,0.0
t4568,1220.0,81.07647897000008,0.0,0.0,0.0,3253.986722028302,0.0,1033.1631427800005,0.0,0.0,0.0,0.0,0.0,0.0,0.0,0.0,0.0,5588.226343778302
t4569,1220.0,87.53189767000008,0.0,0.0,0.0,4265.827329418056,0.0,823.1315527800007,0.0,0.0,0.0,0.0,0.0,0.0,0.0,0.0,0.0,6396.490779868057
t4570,1022.4628362832857,0.0,0.0,0.0,0.0,5072.270961065813,0.0,687.7718988200006,0.0,0.0,0.0,0.0,0.0,0.0,0.0,0.0,0.0,6782.505696169099
t4571,1121.1887206199997,0.0,0.0,0.0,0.0,4021.5226946818348,556.1652916100004,160.43084678000176,0.0,0.0,0.0,0.0,0.0,0.0,0.0,0.0,0.0,5859.307553691837
t4572,560.3217197339048,0.0,0.0,0.0,0.0,2356.8634658699593,1590.0,0.0,0.0,0.0,0.0,0.0,0.0,0.0,0.0,0.0,0.0,4507.185185603865
t4573,0.0,0.0,0.0,0.0,0.0,0.0,711.2551787166227,0.0,0.0,0.0,0.0,0.0,0.0,0.0,0.0,0.0,0.0,711.2551787166227
t4574,0.0,0.0,0.0,0.0,0.0,0.0,0.0,0.0,0.0,0.0,0.0,0.0,0.0,0.0,0.0,0.0,0.0,0.0
t4575,0.0,0.0,0.0,0.0,0.0,0.0,0.0,0.0,0.0,0.0,0.0,0.0,0.0,0.0,0.0,0.0,0.0,0.0
t4576,0.0,0.0,0.0,0.0,0.0,0.0,0.0,0.0,0.0,0.0,0.0,0.0,0.0,0.0,0.0,0.0,0.0,0.0
t4577,0.0,0.0,0.0,0.0,0.0,0.0,0.0,0.0,0.0,0.0,0.0,0.0,0.0,0.0,0.0,0.0,0.0,0.0
t4578,0.0,0.0,0.0,0.0,0.0,0.0,0.0,0.0,0.0,0.0,0.0,0.0,0.0,0.0,0.0,0.0,0.0,0.0
t4579,0.0,0.0,0.0,0.0,0.0,0.0,0.0,0.0,0.0,0.0,0.0,0.0,0.0,0.0,0.0,0.0,0.0,0.0
t4580,0.0,0.0,0.0,0.0,0.0,0.0,0.0,0.0,0.0,0.0,0.0,0.0,0.0,0.0,0.0,0.0,0.0,0.0
t4581,0.0,0.0,0.0,0.0,0.0,0.0,0.0,0.0,0.0,0.0,0.0,0.0,0.0,0.0,0.0,0.0,0.0,0.0
t4582,0.0,0.0,0.0,0.0,0.0,0.0,0.0,0.0,0.0,0.0,0.0,0.0,0.0,0.0,0.0,0.0,0.0,0.0
t4583,0.0,0.0,0.0,0.0,0.0,0.0,0.0,0.0,0.0,0.0,0.0,0.0,0.0,0.0,0.0,0.0,0.0,0.0
t4584,0.0,0.0,0.0,0.0,0.0,0.0,0.0,0.0,0.0,0.0,0.0,0.0,0.0,0.0,0.0,0.0,0.0,0.0
t4585,0.0,0.0,0.0,0.0,0.0,0.0,0.0,0.0,0.0,0.0,0.0,0.0,0.0,0.0,0.0,0.0,0.0,0.0
t4586,0.0,0.0,0.0,0.0,0.0,0.0,0.0,0.0,0.0,0.0,0.0,0.0,0.0,0.0,0.0,0.0,0.0,0.0
t4587,0.0,0.0,0.0,0.0,0.0,0.0,0.0,0.0,0.0,0.0,0.0,0.0,0.0,0.0,0.0,0.0,0.0,0.0
t4588,0.0,0.0,0.0,0.0,0.0,0.0,0.0,0.0,0.0,0.0,0.0,0.0,0.0,0.0,0.0,0.0,0.0,0.0
t4589,0.0,0.0,0.0,0.0,0.0,0.0,0.0,0.0,0.0,0.0,0.0,0.0,0.0,0.0,0.0,0.0,0.0,0.0
t4590,0.0,0.0,0.0,0.0,0.0,0.0,0.0,0.0,0.0,0.0,0.0,0.0,0.0,0.0,0.0,0.0,0.0,0.0
t4591,0.0,0.0,0.0,0.0,0.0,0.0,0.0,481.64571436000017,0.0,0.0,0.0,0.0,0.0,0.0,0.0,0.0,0.0,481.64571436000017
t4592,1220.0,120.0,0.0,0.0,0.0,5400.019632900067,50.706866460000334,1049.9565723600003,0.0,0.0,0.0,0.0,0.0,0.0,0.0,0.0,0.0,7840.683071720068
t4593,1064.6524742134525,120.0,0.0,0.0,0.0,5500.8184827474515,1590.0,804.6963587799987,0.0,0.0,0.0,0.0,0.0,0.0,0.0,0.0,0.0,9080.167315740902
t4594,1220.0,85.59970116999988,0.0,0.0,0.0,3849.3472903362253,556.2399200800004,182.67983018000078,0.0,0.0,0.0,0.0,0.0,0.0,0.0,0.0,0.0,5893.866741766226
t4595,1220.0,0.0,0.0,0.0,0.0,3206.088699173666,650.5915645399998,0.0,0.0,0.0,0.0,0.0,0.0,0.0,0.0,0.0,0.0,5076.680263713666
t4596,419.3208024237375,0.0,0.0,0.0,0.0,5158.944428949749,693.0316234300002,0.0,0.0,0.0,0.0,0.0,0.0,0.0,0.0,0.0,0.0,6271.296854803486
t4597,0.0,0.0,0.0,0.0,0.0,1577.6148122400016,647.2031974900003,0.0,0.0,0.0,0.0,0.0,0.0,0.0,0.0,0.0,0.0,2224.818009730002
t4598,0.0,0.0,0.0,0.0,0.0,0.0,919.6022890914321,0.0,0.0,0.0,0.0,0.0,0.0,0.0,0.0,0.0,0.0,919.6022890914321
t4599,0.0,0.0,0.0,0.0,0.0,0.0,0.0,0.0,0.0,0.0,0.0,0.0,0.0,0.0,0.0,0.0,0.0,0.0
t4600,0.0,0.0,0.0,0.0,0.0,0.0,0.0,0.0,0.0,0.0,0.0,0.0,0.0,0.0,0.0,0.0,0.0,0.0
t4601,0.0,0.0,0.0,0.0,0.0,0.0,0.0,0.0,0.0,0.0,0.0,0.0,0.0,0.0,0.0,0.0,0.0,0.0
t4602,0.0,0.0,0.0,0.0,0.0,0.0,0.0,0.0,0.0,0.0,0.0,0.0,0.0,0.0,0.0,0.0,0.0,0.0
t4603,0.0,0.0,0.0,0.0,0.0,0.0,0.0,0.0,0.0,0.0,0.0,0.0,0.0,0.0,0.0,0.0,0.0,0.0
t4604,0.0,0.0,0.0,0.0,0.0,0.0,0.0,0.0,0.0,0.0,0.0,0.0,0.0,0.0,0.0,0.0,0.0,0.0
t4605,0.0,0.0,0.0,0.0,0.0,0.0,0.0,0.0,0.0,0.0,0.0,0.0,0.0,0.0,0.0,0.0,0.0,0.0
t4606,0.0,0.0,0.0,0.0,0.0,0.0,0.0,0.0,0.0,0.0,0.0,0.0,0.0,0.0,0.0,0.0,0.0,0.0
t4607,0.0,0.0,0.0,0.0,0.0,0.0,0.0,0.0,0.0,0.0,0.0,0.0,0.0,0.0,0.0,0.0,0.0,0.0
t4608,0.0,0.0,0.0,0.0,0.0,0.0,0.0,0.0,0.0,0.0,0.0,0.0,0.0,0.0,0.0,0.0,0.0,0.0
t4609,0.0,0.0,0.0,0.0,0.0,0.0,0.0,0.0,0.0,0.0,0.0,0.0,0.0,0.0,0.0,0.0,0.0,0.0
t4610,0.0,0.0,0.0,0.0,0.0,0.0,0.0,0.0,0.0,0.0,0.0,0.0,0.0,0.0,0.0,0.0,0.0,0.0
t4611,0.0,0.0,0.0,0.0,0.0,0.0,0.0,0.0,0.0,0.0,0.0,0.0,0.0,0.0,0.0,0.0,0.0,0.0
t4612,0.0,0.0,0.0,0.0,0.0,0.0,0.0,0.0,0.0,0.0,0.0,0.0,0.0,0.0,0.0,0.0,0.0,0.0
t4613,0.0,0.0,0.0,0.0,0.0,0.0,0.0,0.0,0.0,0.0,0.0,0.0,0.0,0.0,0.0,0.0,0.0,0.0
t4614,0.0,0.0,0.0,0.0,0.0,0.0,0.0,0.0,0.0,0.0,0.0,0.0,0.0,0.0,0.0,0.0,0.0,0.0
t4615,0.0,0.0,0.0,0.0,0.0,0.0,0.0,0.0,0.0,0.0,0.0,0.0,0.0,0.0,0.0,0.0,0.0,0.0
t4616,1220.0,120.0,0.0,0.0,0.0,2591.3478158341736,0.0,549.4478756169715,0.0,0.0,0.0,0.0,0.0,0.0,0.0,0.0,0.0,4480.795691451145
t4617,1220.0,120.0,0.0,0.0,0.0,3673.896386239997,725.70001013,1111.948269517928,0.0,0.0,0.0,0.0,0.0,0.0,0.0,0.0,0.0,6851.544665887925
t4618,0.0,86.34729607000008,0.0,0.0,0.0,5670.745447632202,792.7536261300002,402.38965810423264,0.0,0.0,0.0,0.0,0.0,0.0,0.0,0.0,0.0,6952.236027936435
t4619,1220.0,0.0,0.0,0.0,0.0,4127.7055301599985,953.4739664,245.90676061535203,0.0,0.0,0.0,0.0,0.0,0.0,0.0,0.0,0.0,6547.0862571753505
t4620,0.0,0.0,0.0,0.0,0.0,4184.967404181226,854.992116772664,0.0,0.0,0.0,0.0,0.0,0.0,0.0,0.0,0.0,0.0,5039.95952095389
t4621,0.0,0.0,0.0,0.0,0.0,1417.7864875965522,1590.0,0.0,0.0,0.0,0.0,0.0,0.0,0.0,0.0,0.0,0.0,3007.7864875965524
t4622,0.0,0.0,0.0,0.0,0.0,0.0,240.18935349000037,0.0,0.0,0.0,0.0,0.0,0.0,0.0,0.0,0.0,0.0,240.18935349000037
t4623,0.0,0.0,0.0,0.0,0.0,0.0,0.0,0.0,0.0,0.0,0.0,0.0,0.0,0.0,0.0,0.0,0.0,0.0
t4624,0.0,0.0,0.0,0.0,0.0,0.0,0.0,0.0,0.0,0.0,0.0,0.0,0.0,0.0,0.0,0.0,0.0,0.0
t4625,0.0,0.0,0.0,0.0,0.0,0.0,0.0,0.0,0.0,0.0,0.0,0.0,0.0,0.0,0.0,0.0,0.0,0.0
t4626,0.0,0.0,0.0,0.0,0.0,0.0,0.0,0.0,0.0,0.0,0.0,0.0,0.0,0.0,0.0,0.0,0.0,0.0
t4627,0.0,0.0,0.0,0.0,0.0,0.0,0.0,0.0,0.0,0.0,0.0,0.0,0.0,0.0,0.0,0.0,0.0,0.0
t4628,0.0,0.0,0.0,0.0,0.0,0.0,0.0,0.0,0.0,0.0,0.0,0.0,0.0,0.0,0.0,0.0,0.0,0.0
t4629,0.0,0.0,0.0,0.0,0.0,0.0,0.0,0.0,0.0,0.0,0.0,0.0,0.0,0.0,0.0,0.0,0.0,0.0
t4630,0.0,0.0,0.0,0.0,0.0,0.0,0.0,0.0,0.0,0.0,0.0,0.0,0.0,0.0,0.0,0.0,0.0,0.0
t4631,0.0,0.0,0.0,0.0,0.0,0.0,0.0,0.0,0.0,0.0,0.0,0.0,0.0,0.0,0.0,0.0,0.0,0.0
t4632,0.0,0.0,0.0,0.0,0.0,0.0,0.0,0.0,0.0,0.0,0.0,0.0,0.0,0.0,0.0,0.0,0.0,0.0
t4633,0.0,0.0,0.0,0.0,0.0,0.0,0.0,0.0,0.0,0.0,0.0,0.0,0.0,0.0,0.0,0.0,0.0,0.0
t4634,0.0,0.0,0.0,0.0,0.0,0.0,0.0,0.0,0.0,0.0,0.0,0.0,0.0,0.0,0.0,0.0,0.0,0.0
t4635,0.0,0.0,0.0,0.0,0.0,0.0,0.0,0.0,0.0,0.0,0.0,0.0,0.0,0.0,0.0,0.0,0.0,0.0
t4636,0.0,0.0,0.0,0.0,0.0,0.0,0.0,0.0,0.0,0.0,0.0,0.0,0.0,0.0,0.0,0.0,0.0,0.0
t4637,0.0,0.0,0.0,0.0,0.0,0.0,0.0,0.0,0.0,0.0,0.0,0.0,0.0,0.0,0.0,0.0,0.0,0.0
t4638,0.0,0.0,0.0,0.0,0.0,0.0,0.0,0.0,0.0,0.0,0.0,0.0,0.0,0.0,0.0,0.0,0.0,0.0
t4639,0.0,0.0,0.0,0.0,0.0,0.0,0.0,0.0,0.0,0.0,0.0,0.0,0.0,0.0,0.0,0.0,0.0,0.0
t4640,1220.0,120.0,0.0,0.0,0.0,0.0,250.6511031429004,232.52726611784416,0.0,0.0,0.0,0.0,0.0,0.0,0.0,0.0,0.0,1823.1783692607446
t4641,821.0171352754425,120.0,0.0,0.0,0.0,5339.76422650717,484.4567474700001,645.1561741800014,0.0,0.0,0.0,0.0,0.0,0.0,0.0,0.0,0.0,7410.3942834326135
t4642,0.0,0.0,0.0,0.0,0.0,2767.90759421565,221.27172818999986,0.0,0.0,0.0,0.0,0.0,0.0,0.0,0.0,0.0,0.0,2989.17932240565
t4643,0.0,0.0,0.0,0.0,0.0,1495.1601371859097,236.90121598000013,0.0,0.0,0.0,0.0,0.0,0.0,0.0,0.0,0.0,0.0,1732.0613531659098
t4644,0.0,0.0,0.0,0.0,0.0,434.9955455683921,299.7637958999997,0.0,0.0,0.0,0.0,0.0,0.0,0.0,0.0,0.0,0.0,734.7593414683918
t4645,0.0,0.0,0.0,0.0,0.0,0.0,1590.0,0.0,0.0,0.0,0.0,0.0,0.0,0.0,0.0,0.0,0.0,1590.0
t4646,0.0,0.0,0.0,0.0,0.0,0.0,92.3896732199998,0.0,0.0,0.0,0.0,0.0,0.0,0.0,0.0,0.0,0.0,92.3896732199998
t4647,0.0,0.0,0.0,0.0,0.0,0.0,0.0,0.0,0.0,0.0,0.0,0.0,0.0,0.0,0.0,0.0,0.0,0.0
t4648,0.0,0.0,0.0,0.0,0.0,0.0,0.0,0.0,0.0,0.0,0.0,0.0,0.0,0.0,0.0,0.0,0.0,0.0
t4649,0.0,0.0,0.0,0.0,0.0,0.0,0.0,0.0,0.0,0.0,0.0,0.0,0.0,0.0,0.0,0.0,0.0,0.0
t4650,0.0,0.0,0.0,0.0,0.0,0.0,0.0,0.0,0.0,0.0,0.0,0.0,0.0,0.0,0.0,0.0,0.0,0.0
t4651,0.0,0.0,0.0,0.0,0.0,0.0,0.0,0.0,0.0,0.0,0.0,0.0,0.0,0.0,0.0,0.0,0.0,0.0
t4652,0.0,0.0,0.0,0.0,0.0,0.0,0.0,0.0,0.0,0.0,0.0,0.0,0.0,0.0,0.0,0.0,0.0,0.0
t4653,0.0,0.0,0.0,0.0,0.0,0.0,0.0,0.0,0.0,0.0,0.0,0.0,0.0,0.0,0.0,0.0,0.0,0.0
t4654,0.0,0.0,0.0,0.0,0.0,0.0,0.0,0.0,0.0,0.0,0.0,0.0,0.0,0.0,0.0,0.0,0.0,0.0
t4655,0.0,0.0,0.0,0.0,0.0,0.0,0.0,0.0,0.0,0.0,0.0,0.0,0.0,0.0,0.0,0.0,0.0,0.0
t4656,0.0,0.0,0.0,0.0,0.0,0.0,0.0,0.0,0.0,0.0,0.0,0.0,0.0,0.0,0.0,0.0,0.0,0.0
t4657,0.0,0.0,0.0,0.0,0.0,0.0,0.0,0.0,0.0,0.0,0.0,0.0,0.0,0.0,0.0,0.0,0.0,0.0
t4658,0.0,0.0,0.0,0.0,0.0,0.0,0.0,0.0,0.0,0.0,0.0,0.0,0.0,0.0,0.0,0.0,0.0,0.0
t4659,0.0,0.0,0.0,0.0,0.0,0.0,0.0,0.0,0.0,0.0,0.0,0.0,0.0,0.0,0.0,0.0,0.0,0.0
t4660,0.0,0.0,0.0,0.0,0.0,0.0,0.0,0.0,0.0,0.0,0.0,0.0,0.0,0.0,0.0,0.0,0.0,0.0
t4661,0.0,0.0,0.0,0.0,0.0,0.0,0.0,0.0,0.0,0.0,0.0,0.0,0.0,0.0,0.0,0.0,0.0,0.0
t4662,0.0,0.0,0.0,0.0,0.0,0.0,0.0,0.0,0.0,0.0,0.0,0.0,0.0,0.0,0.0,0.0,0.0,0.0
t4663,0.0,0.0,0.0,0.0,0.0,0.0,0.0,0.0,0.0,0.0,0.0,0.0,0.0,0.0,0.0,0.0,0.0,0.0
t4664,1220.0,120.0,708.3495713563628,0.0,295.50408121860494,869.78915635621,1372.4301985199997,1135.960806780003,0.0,0.0,0.0,0.0,0.0,0.0,0.0,0.0,0.0,5722.03381423118
t4665,0.0,120.0,0.0,0.0,0.0,4205.325464545334,917.711506261699,1950.0,0.0,0.0,0.0,0.0,0.0,0.0,0.0,0.0,0.0,7193.036970807034
t4666,1220.0,0.0,0.0,0.0,0.0,3646.508994849209,1069.34308788,1610.0459171700015,0.0,0.0,0.0,0.0,0.0,0.0,0.0,0.0,0.0,7545.897999899211
t4667,0.0,0.0,0.0,0.0,0.0,5099.462801241879,1006.0435557000003,722.2227991700009,0.0,0.0,0.0,0.0,0.0,0.0,0.0,0.0,0.0,6827.72915611188
t4668,1220.0,107.92470397000015,0.0,0.0,0.0,3142.8180358008462,996.9000005499997,0.0,0.0,0.0,0.0,0.0,0.0,0.0,0.0,0.0,0.0,5467.642740320845
t4669,0.0,0.0,0.0,0.0,0.0,3001.1031302413253,887.9010280669333,0.0,0.0,0.0,0.0,0.0,0.0,0.0,0.0,0.0,0.0,3889.0041583082584
t4670,0.0,0.0,0.0,0.0,0.0,0.0,0.0,0.0,0.0,0.0,0.0,0.0,0.0,0.0,0.0,0.0,0.0,0.0
t4671,0.0,0.0,0.0,0.0,0.0,0.0,0.0,0.0,0.0,0.0,0.0,0.0,0.0,0.0,0.0,0.0,0.0,0.0
t4672,0.0,0.0,0.0,0.0,0.0,0.0,0.0,0.0,0.0,0.0,0.0,0.0,0.0,0.0,0.0,0.0,0.0,0.0
t4673,0.0,0.0,0.0,0.0,0.0,0.0,0.0,0.0,0.0,0.0,0.0,0.0,0.0,0.0,0.0,0.0,0.0,0.0
t4674,0.0,0.0,0.0,0.0,0.0,0.0,0.0,0.0,0.0,0.0,0.0,0.0,0.0,0.0,0.0,0.0,0.0,0.0
t4675,0.0,0.0,0.0,0.0,0.0,0.0,0.0,0.0,0.0,0.0,0.0,0.0,0.0,0.0,0.0,0.0,0.0,0.0
t4676,0.0,0.0,0.0,0.0,0.0,0.0,0.0,0.0,0.0,0.0,0.0,0.0,0.0,0.0,0.0,0.0,0.0,0.0
t4677,0.0,0.0,0.0,0.0,0.0,0.0,0.0,0.0,0.0,0.0,0.0,0.0,0.0,0.0,0.0,0.0,0.0,0.0
t4678,0.0,0.0,0.0,0.0,0.0,0.0,0.0,0.0,0.0,0.0,0.0,0.0,0.0,0.0,0.0,0.0,0.0,0.0
t4679,0.0,0.0,0.0,0.0,0.0,0.0,0.0,0.0,0.0,0.0,0.0,0.0,0.0,0.0,0.0,0.0,0.0,0.0
t4680,0.0,0.0,0.0,0.0,0.0,0.0,0.0,0.0,0.0,0.0,0.0,0.0,0.0,0.0,0.0,0.0,0.0,0.0
t4681,0.0,0.0,0.0,0.0,0.0,0.0,0.0,0.0,0.0,0.0,0.0,0.0,0.0,0.0,0.0,0.0,0.0,0.0
t4682,0.0,0.0,0.0,0.0,0.0,0.0,0.0,0.0,0.0,0.0,0.0,0.0,0.0,0.0,0.0,0.0,0.0,0.0
t4683,0.0,0.0,0.0,0.0,0.0,0.0,0.0,0.0,0.0,0.0,0.0,0.0,0.0,0.0,0.0,0.0,0.0,0.0
t4684,0.0,0.0,0.0,0.0,0.0,0.0,0.0,0.0,0.0,0.0,0.0,0.0,0.0,0.0,0.0,0.0,0.0,0.0
t4685,0.0,0.0,0.0,0.0,0.0,0.0,0.0,0.0,0.0,0.0,0.0,0.0,0.0,0.0,0.0,0.0,0.0,0.0
t4686,0.0,0.0,0.0,0.0,0.0,0.0,0.0,0.0,0.0,0.0,0.0,0.0,0.0,0.0,0.0,0.0,0.0,0.0
t4687,0.0,0.0,0.0,0.0,0.0,0.0,0.0,0.0,0.0,0.0,0.0,0.0,0.0,0.0,0.0,0.0,0.0,0.0
t4688,0.0,0.0,0.0,0.0,754.060578900773,1969.5594024878349,0.0,1856.3454526422665,0.0,0.0,0.0,0.0,0.0,0.0,0.0,0.0,0.0,4579.965434030874
t4689,801.5949664962063,120.0,0.0,0.0,0.0,2545.795906825954,206.2065893484992,1163.6214526437984,0.0,0.0,0.0,0.0,0.0,0.0,0.0,0.0,0.0,4837.218915314457
t4690,0.0,0.0,953.1912679799996,0.0,0.0,5480.534562945877,831.1694416800001,1016.0805950584033,0.0,0.0,0.0,0.0,0.0,0.0,0.0,0.0,0.0,8280.97586766428
t4691,1220.0,120.0,0.0,0.0,0.0,4536.769962127691,1230.5521425499999,789.0153107800011,0.0,0.0,0.0,0.0,0.0,0.0,0.0,0.0,0.0,7896.337415457692
t4692,1220.0,0.0,0.0,0.0,0.0,3635.1730957724285,1155.4184144324115,0.0,0.0,0.0,0.0,0.0,0.0,0.0,0.0,0.0,0.0,6010.59151020484
t4693,0.0,0.0,532.4676515100003,0.0,0.0,2047.9897505957592,843.5561431100002,0.0,0.0,0.0,0.0,0.0,0.0,0.0,0.0,0.0,0.0,3424.01354521576
t4694,33.43974339091866,0.0,0.0,0.0,512.889091098011,0.0,708.8777105100002,0.0,0.0,0.0,0.0,0.0,0.0,0.0,0.0,0.0,0.0,1255.20654499893
t4695,0.0,0.0,0.0,0.0,0.0,0.0,0.0,0.0,0.0,0.0,0.0,0.0,0.0,0.0,0.0,0.0,0.0,0.0
t4696,0.0,0.0,0.0,0.0,0.0,0.0,0.0,0.0,0.0,0.0,0.0,0.0,0.0,0.0,0.0,0.0,0.0,0.0
t4697,0.0,0.0,0.0,0.0,0.0,0.0,0.0,0.0,0.0,0.0,0.0,0.0,0.0,0.0,0.0,0.0,0.0,0.0
t4698,0.0,0.0,0.0,0.0,0.0,0.0,0.0,0.0,0.0,0.0,0.0,0.0,0.0,0.0,0.0,0.0,0.0,0.0
t4699,0.0,0.0,0.0,0.0,0.0,0.0,0.0,0.0,0.0,0.0,0.0,0.0,0.0,0.0,0.0,0.0,0.0,0.0
t4700,0.0,0.0,0.0,0.0,0.0,0.0,0.0,0.0,0.0,0.0,0.0,0.0,0.0,0.0,0.0,0.0,0.0,0.0
t4701,0.0,0.0,0.0,0.0,0.0,0.0,0.0,0.0,0.0,0.0,0.0,0.0,0.0,0.0,0.0,0.0,0.0,0.0
t4702,0.0,0.0,0.0,0.0,0.0,0.0,0.0,0.0,0.0,0.0,0.0,0.0,0.0,0.0,0.0,0.0,0.0,0.0
t4703,0.0,0.0,0.0,0.0,0.0,0.0,0.0,0.0,0.0,0.0,0.0,0.0,0.0,0.0,0.0,0.0,0.0,0.0
t4704,0.0,0.0,0.0,0.0,0.0,0.0,0.0,0.0,0.0,0.0,0.0,0.0,0.0,0.0,0.0,0.0,0.0,0.0
t4705,0.0,0.0,0.0,0.0,0.0,0.0,0.0,0.0,0.0,0.0,0.0,0.0,0.0,0.0,0.0,0.0,0.0,0.0
t4706,0.0,0.0,0.0,0.0,0.0,0.0,0.0,0.0,0.0,0.0,0.0,0.0,0.0,0.0,0.0,0.0,0.0,0.0
t4707,0.0,0.0,0.0,0.0,0.0,0.0,0.0,0.0,0.0,0.0,0.0,0.0,0.0,0.0,0.0,0.0,0.0,0.0
t4708,0.0,0.0,0.0,0.0,0.0,0.0,0.0,0.0,0.0,0.0,0.0,0.0,0.0,0.0,0.0,0.0,0.0,0.0
t4709,0.0,0.0,0.0,0.0,0.0,0.0,0.0,0.0,0.0,0.0,0.0,0.0,0.0,0.0,0.0,0.0,0.0,0.0
t4710,0.0,0.0,0.0,0.0,0.0,0.0,0.0,0.0,0.0,0.0,0.0,0.0,0.0,0.0,0.0,0.0,0.0,0.0
t4711,0.0,0.0,0.0,0.0,0.0,0.0,0.0,0.0,0.0,0.0,0.0,0.0,0.0,0.0,0.0,0.0,0.0,0.0
t4712,0.0,0.0,0.0,0.0,0.0,2167.8386055063115,0.0,0.0,0.0,0.0,0.0,0.0,0.0,0.0,0.0,0.0,0.0,2167.8386055063115
t4713,1220.0,0.0,0.0,0.0,0.0,2728.190975782961,1059.662745374831,0.0,0.0,0.0,0.0,0.0,0.0,0.0,0.0,0.0,0.0,5007.853721157791
t4714,1220.0,0.0,0.0,0.0,0.0,3607.8698003999993,348.41915803,0.0,0.0,0.0,0.0,0.0,0.0,0.0,0.0,0.0,0.0,5176.28895843
t4715,802.6711812600005,0.0,0.0,0.0,0.0,0.0,1255.6666088633483,0.0,0.0,0.0,0.0,0.0,0.0,0.0,0.0,0.0,0.0,2058.337790123349
t4716,11.948178889975138,0.0,0.0,0.0,0.0,0.0,0.0,0.0,0.0,0.0,0.0,0.0,0.0,0.0,0.0,0.0,0.0,11.948178889975138
t4717,0.0,0.0,0.0,0.0,0.0,0.0,0.0,0.0,0.0,0.0,0.0,0.0,0.0,0.0,0.0,0.0,0.0,0.0
t4718,0.0,0.0,0.0,0.0,0.0,0.0,0.0,0.0,0.0,0.0,0.0,0.0,0.0,0.0,0.0,0.0,0.0,0.0
t4719,0.0,0.0,0.0,0.0,0.0,0.0,0.0,0.0,0.0,0.0,0.0,0.0,0.0,0.0,0.0,0.0,0.0,0.0
t4720,0.0,0.0,0.0,0.0,0.0,0.0,0.0,0.0,0.0,0.0,0.0,0.0,0.0,0.0,0.0,0.0,0.0,0.0
t4721,0.0,0.0,0.0,0.0,0.0,0.0,0.0,0.0,0.0,0.0,0.0,0.0,0.0,0.0,0.0,0.0,0.0,0.0
t4722,0.0,0.0,0.0,0.0,0.0,0.0,0.0,0.0,0.0,0.0,0.0,0.0,0.0,0.0,0.0,0.0,0.0,0.0
t4723,0.0,0.0,0.0,0.0,0.0,0.0,0.0,0.0,0.0,0.0,0.0,0.0,0.0,0.0,0.0,0.0,0.0,0.0
t4724,0.0,0.0,0.0,0.0,0.0,0.0,0.0,0.0,0.0,0.0,0.0,0.0,0.0,0.0,0.0,0.0,0.0,0.0
t4725,0.0,0.0,0.0,0.0,0.0,0.0,0.0,0.0,0.0,0.0,0.0,0.0,0.0,0.0,0.0,0.0,0.0,0.0
t4726,0.0,0.0,0.0,0.0,0.0,0.0,0.0,0.0,0.0,0.0,0.0,0.0,0.0,0.0,0.0,0.0,0.0,0.0
t4727,0.0,0.0,0.0,0.0,0.0,0.0,0.0,0.0,0.0,0.0,0.0,0.0,0.0,0.0,0.0,0.0,0.0,0.0
t4728,0.0,0.0,0.0,0.0,0.0,0.0,0.0,0.0,0.0,0.0,0.0,0.0,0.0,0.0,0.0,0.0,0.0,0.0
t4729,0.0,0.0,0.0,0.0,0.0,0.0,0.0,0.0,0.0,0.0,0.0,0.0,0.0,0.0,0.0,0.0,0.0,0.0
t4730,0.0,0.0,0.0,0.0,0.0,0.0,0.0,0.0,0.0,0.0,0.0,0.0,0.0,0.0,0.0,0.0,0.0,0.0
t4731,0.0,0.0,0.0,0.0,0.0,0.0,0.0,0.0,0.0,0.0,0.0,0.0,0.0,0.0,0.0,0.0,0.0,0.0
t4732,0.0,0.0,0.0,0.0,0.0,0.0,0.0,0.0,0.0,0.0,0.0,0.0,0.0,0.0,0.0,0.0,0.0,0.0
t4733,0.0,0.0,0.0,0.0,0.0,0.0,0.0,0.0,0.0,0.0,0.0,0.0,0.0,0.0,0.0,0.0,0.0,0.0
t4734,0.0,0.0,0.0,0.0,0.0,0.0,0.0,0.0,0.0,0.0,0.0,0.0,0.0,0.0,0.0,0.0,0.0,0.0
t4735,0.0,0.0,0.0,0.0,0.0,0.0,0.0,0.0,0.0,0.0,0.0,0.0,0.0,0.0,0.0,0.0,0.0,0.0
t4736,1220.0,81.07647897000008,0.0,0.0,0.0,3253.986722028302,0.0,1033.1631427800005,0.0,0.0,0.0,0.0,0.0,0.0,0.0,0.0,0.0,5588.226343778302
t4737,1220.0,87.53189767000008,0.0,0.0,0.0,4265.827329418056,0.0,823.1315527800007,0.0,0.0,0.0,0.0,0.0,0.0,0.0,0.0,0.0,6396.490779868057
t4738,1022.4628362832857,0.0,0.0,0.0,0.0,5072.270961065813,0.0,687.7718988200006,0.0,0.0,0.0,0.0,0.0,0.0,0.0,0.0,0.0,6782.505696169099
t4739,1121.1887206199997,0.0,0.0,0.0,0.0,4021.5226946818348,556.1652916100004,160.43084678000176,0.0,0.0,0.0,0.0,0.0,0.0,0.0,0.0,0.0,5859.307553691837
t4740,560.3217197339048,0.0,0.0,0.0,0.0,2356.8634658699593,1590.0,0.0,0.0,0.0,0.0,0.0,0.0,0.0,0.0,0.0,0.0,4507.185185603865
t4741,0.0,0.0,0.0,0.0,0.0,0.0,711.2551787166227,0.0,0.0,0.0,0.0,0.0,0.0,0.0,0.0,0.0,0.0,711.2551787166227
t4742,0.0,0.0,0.0,0.0,0.0,0.0,0.0,0.0,0.0,0.0,0.0,0.0,0.0,0.0,0.0,0.0,0.0,0.0
t4743,0.0,0.0,0.0,0.0,0.0,0.0,0.0,0.0,0.0,0.0,0.0,0.0,0.0,0.0,0.0,0.0,0.0,0.0
t4744,0.0,0.0,0.0,0.0,0.0,0.0,0.0,0.0,0.0,0.0,0.0,0.0,0.0,0.0,0.0,0.0,0.0,0.0
t4745,0.0,0.0,0.0,0.0,0.0,0.0,0.0,0.0,0.0,0.0,0.0,0.0,0.0,0.0,0.0,0.0,0.0,0.0
t4746,0.0,0.0,0.0,0.0,0.0,0.0,0.0,0.0,0.0,0.0,0.0,0.0,0.0,0.0,0.0,0.0,0.0,0.0
t4747,0.0,0.0,0.0,0.0,0.0,0.0,0.0,0.0,0.0,0.0,0.0,0.0,0.0,0.0,0.0,0.0,0.0,0.0
t4748,0.0,0.0,0.0,0.0,0.0,0.0,0.0,0.0,0.0,0.0,0.0,0.0,0.0,0.0,0.0,0.0,0.0,0.0
t4749,0.0,0.0,0.0,0.0,0.0,0.0,0.0,0.0,0.0,0.0,0.0,0.0,0.0,0.0,0.0,0.0,0.0,0.0
t4750,0.0,0.0,0.0,0.0,0.0,0.0,0.0,0.0,0.0,0.0,0.0,0.0,0.0,0.0,0.0,0.0,0.0,0.0
t4751,0.0,0.0,0.0,0.0,0.0,0.0,0.0,0.0,0.0,0.0,0.0,0.0,0.0,0.0,0.0,0.0,0.0,0.0
t4752,0.0,0.0,0.0,0.0,0.0,0.0,0.0,0.0,0.0,0.0,0.0,0.0,0.0,0.0,0.0,0.0,0.0,0.0
t4753,0.0,0.0,0.0,0.0,0.0,0.0,0.0,0.0,0.0,0.0,0.0,0.0,0.0,0.0,0.0,0.0,0.0,0.0
t4754,0.0,0.0,0.0,0.0,0.0,0.0,0.0,0.0,0.0,0.0,0.0,0.0,0.0,0.0,0.0,0.0,0.0,0.0
t4755,0.0,0.0,0.0,0.0,0.0,0.0,0.0,0.0,0.0,0.0,0.0,0.0,0.0,0.0,0.0,0.0,0.0,0.0
t4756,0.0,0.0,0.0,0.0,0.0,0.0,0.0,0.0,0.0,0.0,0.0,0.0,0.0,0.0,0.0,0.0,0.0,0.0
t4757,0.0,0.0,0.0,0.0,0.0,0.0,0.0,0.0,0.0,0.0,0.0,0.0,0.0,0.0,0.0,0.0,0.0,0.0
t4758,0.0,0.0,0.0,0.0,0.0,0.0,0.0,0.0,0.0,0.0,0.0,0.0,0.0,0.0,0.0,0.0,0.0,0.0
t4759,0.0,0.0,0.0,0.0,0.0,0.0,0.0,481.64571436000017,0.0,0.0,0.0,0.0,0.0,0.0,0.0,0.0,0.0,481.64571436000017
t4760,1220.0,120.0,0.0,0.0,0.0,5400.019632900067,50.706866460000334,1049.9565723600003,0.0,0.0,0.0,0.0,0.0,0.0,0.0,0.0,0.0,7840.683071720068
t4761,1064.6524742134525,120.0,0.0,0.0,0.0,5500.8184827474515,1590.0,804.6963587799987,0.0,0.0,0.0,0.0,0.0,0.0,0.0,0.0,0.0,9080.167315740902
t4762,1220.0,85.59970116999988,0.0,0.0,0.0,3849.3472903362253,556.2399200800004,182.67983018000078,0.0,0.0,0.0,0.0,0.0,0.0,0.0,0.0,0.0,5893.866741766226
t4763,1220.0,0.0,0.0,0.0,0.0,3206.088699173666,650.5915645399998,0.0,0.0,0.0,0.0,0.0,0.0,0.0,0.0,0.0,0.0,5076.680263713666
t4764,419.3208024237375,0.0,0.0,0.0,0.0,5158.944428949749,693.0316234300002,0.0,0.0,0.0,0.0,0.0,0.0,0.0,0.0,0.0,0.0,6271.296854803486
t4765,0.0,0.0,0.0,0.0,0.0,1577.6148122400016,647.2031974900003,0.0,0.0,0.0,0.0,0.0,0.0,0.0,0.0,0.0,0.0,2224.818009730002
t4766,0.0,0.0,0.0,0.0,0.0,0.0,919.6022890914321,0.0,0.0,0.0,0.0,0.0,0.0,0.0,0.0,0.0,0.0,919.6022890914321
t4767,0.0,0.0,0.0,0.0,0.0,0.0,0.0,0.0,0.0,0.0,0.0,0.0,0.0,0.0,0.0,0.0,0.0,0.0
t4768,0.0,0.0,0.0,0.0,0.0,0.0,0.0,0.0,0.0,0.0,0.0,0.0,0.0,0.0,0.0,0.0,0.0,0.0
t4769,0.0,0.0,0.0,0.0,0.0,0.0,0.0,0.0,0.0,0.0,0.0,0.0,0.0,0.0,0.0,0.0,0.0,0.0
t4770,0.0,0.0,0.0,0.0,0.0,0.0,0.0,0.0,0.0,0.0,0.0,0.0,0.0,0.0,0.0,0.0,0.0,0.0
t4771,0.0,0.0,0.0,0.0,0.0,0.0,0.0,0.0,0.0,0.0,0.0,0.0,0.0,0.0,0.0,0.0,0.0,0.0
t4772,0.0,0.0,0.0,0.0,0.0,0.0,0.0,0.0,0.0,0.0,0.0,0.0,0.0,0.0,0.0,0.0,0.0,0.0
t4773,0.0,0.0,0.0,0.0,0.0,0.0,0.0,0.0,0.0,0.0,0.0,0.0,0.0,0.0,0.0,0.0,0.0,0.0
t4774,0.0,0.0,0.0,0.0,0.0,0.0,0.0,0.0,0.0,0.0,0.0,0.0,0.0,0.0,0.0,0.0,0.0,0.0
t4775,0.0,0.0,0.0,0.0,0.0,0.0,0.0,0.0,0.0,0.0,0.0,0.0,0.0,0.0,0.0,0.0,0.0,0.0
t4776,0.0,0.0,0.0,0.0,0.0,0.0,0.0,0.0,0.0,0.0,0.0,0.0,0.0,0.0,0.0,0.0,0.0,0.0
t4777,0.0,0.0,0.0,0.0,0.0,0.0,0.0,0.0,0.0,0.0,0.0,0.0,0.0,0.0,0.0,0.0,0.0,0.0
t4778,0.0,0.0,0.0,0.0,0.0,0.0,0.0,0.0,0.0,0.0,0.0,0.0,0.0,0.0,0.0,0.0,0.0,0.0
t4779,0.0,0.0,0.0,0.0,0.0,0.0,0.0,0.0,0.0,0.0,0.0,0.0,0.0,0.0,0.0,0.0,0.0,0.0
t4780,0.0,0.0,0.0,0.0,0.0,0.0,0.0,0.0,0.0,0.0,0.0,0.0,0.0,0.0,0.0,0.0,0.0,0.0
t4781,0.0,0.0,0.0,0.0,0.0,0.0,0.0,0.0,0.0,0.0,0.0,0.0,0.0,0.0,0.0,0.0,0.0,0.0
t4782,0.0,0.0,0.0,0.0,0.0,0.0,0.0,0.0,0.0,0.0,0.0,0.0,0.0,0.0,0.0,0.0,0.0,0.0
t4783,0.0,0.0,0.0,0.0,0.0,0.0,0.0,0.0,0.0,0.0,0.0,0.0,0.0,0.0,0.0,0.0,0.0,0.0
t4784,1220.0,120.0,0.0,0.0,0.0,2591.3478158341736,0.0,549.4478756169715,0.0,0.0,0.0,0.0,0.0,0.0,0.0,0.0,0.0,4480.795691451145
t4785,1220.0,120.0,0.0,0.0,0.0,3673.896386239997,725.70001013,1111.948269517928,0.0,0.0,0.0,0.0,0.0,0.0,0.0,0.0,0.0,6851.544665887925
t4786,0.0,86.34729607000008,0.0,0.0,0.0,5670.745447632202,792.7536261300002,402.38965810423264,0.0,0.0,0.0,0.0,0.0,0.0,0.0,0.0,0.0,6952.236027936435
t4787,1220.0,0.0,0.0,0.0,0.0,4127.7055301599985,953.4739664,245.90676061535203,0.0,0.0,0.0,0.0,0.0,0.0,0.0,0.0,0.0,6547.0862571753505
t4788,0.0,0.0,0.0,0.0,0.0,4184.967404181226,854.992116772664,0.0,0.0,0.0,0.0,0.0,0.0,0.0,0.0,0.0,0.0,5039.95952095389
t4789,0.0,0.0,0.0,0.0,0.0,1417.7864875965522,1590.0,0.0,0.0,0.0,0.0,0.0,0.0,0.0,0.0,0.0,0.0,3007.7864875965524
t4790,0.0,0.0,0.0,0.0,0.0,0.0,240.18935349000037,0.0,0.0,0.0,0.0,0.0,0.0,0.0,0.0,0.0,0.0,240.18935349000037
t4791,0.0,0.0,0.0,0.0,0.0,0.0,0.0,0.0,0.0,0.0,0.0,0.0,0.0,0.0,0.0,0.0,0.0,0.0
t4792,0.0,0.0,0.0,0.0,0.0,0.0,0.0,0.0,0.0,0.0,0.0,0.0,0.0,0.0,0.0,0.0,0.0,0.0
t4793,0.0,0.0,0.0,0.0,0.0,0.0,0.0,0.0,0.0,0.0,0.0,0.0,0.0,0.0,0.0,0.0,0.0,0.0
t4794,0.0,0.0,0.0,0.0,0.0,0.0,0.0,0.0,0.0,0.0,0.0,0.0,0.0,0.0,0.0,0.0,0.0,0.0
t4795,0.0,0.0,0.0,0.0,0.0,0.0,0.0,0.0,0.0,0.0,0.0,0.0,0.0,0.0,0.0,0.0,0.0,0.0
t4796,0.0,0.0,0.0,0.0,0.0,0.0,0.0,0.0,0.0,0.0,0.0,0.0,0.0,0.0,0.0,0.0,0.0,0.0
t4797,0.0,0.0,0.0,0.0,0.0,0.0,0.0,0.0,0.0,0.0,0.0,0.0,0.0,0.0,0.0,0.0,0.0,0.0
t4798,0.0,0.0,0.0,0.0,0.0,0.0,0.0,0.0,0.0,0.0,0.0,0.0,0.0,0.0,0.0,0.0,0.0,0.0
t4799,0.0,0.0,0.0,0.0,0.0,0.0,0.0,0.0,0.0,0.0,0.0,0.0,0.0,0.0,0.0,0.0,0.0,0.0
t4800,0.0,0.0,0.0,0.0,0.0,0.0,0.0,0.0,0.0,0.0,0.0,0.0,0.0,0.0,0.0,0.0,0.0,0.0
t4801,0.0,0.0,0.0,0.0,0.0,0.0,0.0,0.0,0.0,0.0,0.0,0.0,0.0,0.0,0.0,0.0,0.0,0.0
t4802,0.0,0.0,0.0,0.0,0.0,0.0,0.0,0.0,0.0,0.0,0.0,0.0,0.0,0.0,0.0,0.0,0.0,0.0
t4803,0.0,0.0,0.0,0.0,0.0,0.0,0.0,0.0,0.0,0.0,0.0,0.0,0.0,0.0,0.0,0.0,0.0,0.0
t4804,0.0,0.0,0.0,0.0,0.0,0.0,0.0,0.0,0.0,0.0,0.0,0.0,0.0,0.0,0.0,0.0,0.0,0.0
t4805,0.0,0.0,0.0,0.0,0.0,0.0,0.0,0.0,0.0,0.0,0.0,0.0,0.0,0.0,0.0,0.0,0.0,0.0
t4806,0.0,0.0,0.0,0.0,0.0,0.0,0.0,0.0,0.0,0.0,0.0,0.0,0.0,0.0,0.0,0.0,0.0,0.0
t4807,0.0,0.0,0.0,0.0,0.0,0.0,0.0,0.0,0.0,0.0,0.0,0.0,0.0,0.0,0.0,0.0,0.0,0.0
t4808,1220.0,120.0,0.0,0.0,0.0,0.0,250.6511031429004,232.52726611784416,0.0,0.0,0.0,0.0,0.0,0.0,0.0,0.0,0.0,1823.1783692607446
t4809,821.0171352754425,120.0,0.0,0.0,0.0,5339.76422650717,484.4567474700001,645.1561741800014,0.0,0.0,0.0,0.0,0.0,0.0,0.0,0.0,0.0,7410.3942834326135
t4810,0.0,0.0,0.0,0.0,0.0,2767.90759421565,221.27172818999986,0.0,0.0,0.0,0.0,0.0,0.0,0.0,0.0,0.0,0.0,2989.17932240565
t4811,0.0,0.0,0.0,0.0,0.0,1495.1601371859097,236.90121598000013,0.0,0.0,0.0,0.0,0.0,0.0,0.0,0.0,0.0,0.0,1732.0613531659098
t4812,0.0,0.0,0.0,0.0,0.0,434.9955455683921,299.7637958999997,0.0,0.0,0.0,0.0,0.0,0.0,0.0,0.0,0.0,0.0,734.7593414683918
t4813,0.0,0.0,0.0,0.0,0.0,0.0,1590.0,0.0,0.0,0.0,0.0,0.0,0.0,0.0,0.0,0.0,0.0,1590.0
t4814,0.0,0.0,0.0,0.0,0.0,0.0,92.3896732199998,0.0,0.0,0.0,0.0,0.0,0.0,0.0,0.0,0.0,0.0,92.3896732199998
t4815,0.0,0.0,0.0,0.0,0.0,0.0,0.0,0.0,0.0,0.0,0.0,0.0,0.0,0.0,0.0,0.0,0.0,0.0
t4816,0.0,0.0,0.0,0.0,0.0,0.0,0.0,0.0,0.0,0.0,0.0,0.0,0.0,0.0,0.0,0.0,0.0,0.0
t4817,0.0,0.0,0.0,0.0,0.0,0.0,0.0,0.0,0.0,0.0,0.0,0.0,0.0,0.0,0.0,0.0,0.0,0.0
t4818,0.0,0.0,0.0,0.0,0.0,0.0,0.0,0.0,0.0,0.0,0.0,0.0,0.0,0.0,0.0,0.0,0.0,0.0
t4819,0.0,0.0,0.0,0.0,0.0,0.0,0.0,0.0,0.0,0.0,0.0,0.0,0.0,0.0,0.0,0.0,0.0,0.0
t4820,0.0,0.0,0.0,0.0,0.0,0.0,0.0,0.0,0.0,0.0,0.0,0.0,0.0,0.0,0.0,0.0,0.0,0.0
t4821,0.0,0.0,0.0,0.0,0.0,0.0,0.0,0.0,0.0,0.0,0.0,0.0,0.0,0.0,0.0,0.0,0.0,0.0
t4822,0.0,0.0,0.0,0.0,0.0,0.0,0.0,0.0,0.0,0.0,0.0,0.0,0.0,0.0,0.0,0.0,0.0,0.0
t4823,0.0,0.0,0.0,0.0,0.0,0.0,0.0,0.0,0.0,0.0,0.0,0.0,0.0,0.0,0.0,0.0,0.0,0.0
t4824,0.0,0.0,0.0,0.0,0.0,0.0,0.0,0.0,0.0,0.0,0.0,0.0,0.0,0.0,0.0,0.0,0.0,0.0
t4825,0.0,0.0,0.0,0.0,0.0,0.0,0.0,0.0,0.0,0.0,0.0,0.0,0.0,0.0,0.0,0.0,0.0,0.0
t4826,0.0,0.0,0.0,0.0,0.0,0.0,0.0,0.0,0.0,0.0,0.0,0.0,0.0,0.0,0.0,0.0,0.0,0.0
t4827,0.0,0.0,0.0,0.0,0.0,0.0,0.0,0.0,0.0,0.0,0.0,0.0,0.0,0.0,0.0,0.0,0.0,0.0
t4828,0.0,0.0,0.0,0.0,0.0,0.0,0.0,0.0,0.0,0.0,0.0,0.0,0.0,0.0,0.0,0.0,0.0,0.0
t4829,0.0,0.0,0.0,0.0,0.0,0.0,0.0,0.0,0.0,0.0,0.0,0.0,0.0,0.0,0.0,0.0,0.0,0.0
t4830,0.0,0.0,0.0,0.0,0.0,0.0,0.0,0.0,0.0,0.0,0.0,0.0,0.0,0.0,0.0,0.0,0.0,0.0
t4831,0.0,0.0,0.0,0.0,0.0,0.0,0.0,0.0,0.0,0.0,0.0,0.0,0.0,0.0,0.0,0.0,0.0,0.0
t4832,1220.0,120.0,708.3495713563628,0.0,295.50408121860494,869.78915635621,1372.4301985199997,1135.960806780003,0.0,0.0,0.0,0.0,0.0,0.0,0.0,0.0,0.0,5722.03381423118
t4833,0.0,120.0,0.0,0.0,0.0,4205.325464545334,917.711506261699,1950.0,0.0,0.0,0.0,0.0,0.0,0.0,0.0,0.0,0.0,7193.036970807034
t4834,1220.0,0.0,0.0,0.0,0.0,3646.508994849209,1069.34308788,1610.0459171700015,0.0,0.0,0.0,0.0,0.0,0.0,0.0,0.0,0.0,7545.897999899211
t4835,0.0,0.0,0.0,0.0,0.0,5099.462801241879,1006.0435557000003,722.2227991700009,0.0,0.0,0.0,0.0,0.0,0.0,0.0,0.0,0.0,6827.72915611188
t4836,1220.0,107.92470397000015,0.0,0.0,0.0,3142.8180358008462,996.9000005499997,0.0,0.0,0.0,0.0,0.0,0.0,0.0,0.0,0.0,0.0,5467.642740320845
t4837,0.0,0.0,0.0,0.0,0.0,3001.1031302413253,887.9010280669333,0.0,0.0,0.0,0.0,0.0,0.0,0.0,0.0,0.0,0.0,3889.0041583082584
t4838,0.0,0.0,0.0,0.0,0.0,0.0,0.0,0.0,0.0,0.0,0.0,0.0,0.0,0.0,0.0,0.0,0.0,0.0
t4839,0.0,0.0,0.0,0.0,0.0,0.0,0.0,0.0,0.0,0.0,0.0,0.0,0.0,0.0,0.0,0.0,0.0,0.0
t4840,0.0,0.0,0.0,0.0,0.0,0.0,0.0,0.0,0.0,0.0,0.0,0.0,0.0,0.0,0.0,0.0,0.0,0.0
t4841,0.0,0.0,0.0,0.0,0.0,0.0,0.0,0.0,0.0,0.0,0.0,0.0,0.0,0.0,0.0,0.0,0.0,0.0
t4842,0.0,0.0,0.0,0.0,0.0,0.0,0.0,0.0,0.0,0.0,0.0,0.0,0.0,0.0,0.0,0.0,0.0,0.0
t4843,0.0,0.0,0.0,0.0,0.0,0.0,0.0,0.0,0.0,0.0,0.0,0.0,0.0,0.0,0.0,0.0,0.0,0.0
t4844,0.0,0.0,0.0,0.0,0.0,0.0,0.0,0.0,0.0,0.0,0.0,0.0,0.0,0.0,0.0,0.0,0.0,0.0
t4845,0.0,0.0,0.0,0.0,0.0,0.0,0.0,0.0,0.0,0.0,0.0,0.0,0.0,0.0,0.0,0.0,0.0,0.0
t4846,0.0,0.0,0.0,0.0,0.0,0.0,0.0,0.0,0.0,0.0,0.0,0.0,0.0,0.0,0.0,0.0,0.0,0.0
t4847,0.0,0.0,0.0,0.0,0.0,0.0,0.0,0.0,0.0,0.0,0.0,0.0,0.0,0.0,0.0,0.0,0.0,0.0
t4848,0.0,0.0,0.0,0.0,0.0,0.0,0.0,0.0,0.0,0.0,0.0,0.0,0.0,0.0,0.0,0.0,0.0,0.0
t4849,0.0,0.0,0.0,0.0,0.0,0.0,0.0,0.0,0.0,0.0,0.0,0.0,0.0,0.0,0.0,0.0,0.0,0.0
t4850,0.0,0.0,0.0,0.0,0.0,0.0,0.0,0.0,0.0,0.0,0.0,0.0,0.0,0.0,0.0,0.0,0.0,0.0
t4851,0.0,0.0,0.0,0.0,0.0,0.0,0.0,0.0,0.0,0.0,0.0,0.0,0.0,0.0,0.0,0.0,0.0,0.0
t4852,0.0,0.0,0.0,0.0,0.0,0.0,0.0,0.0,0.0,0.0,0.0,0.0,0.0,0.0,0.0,0.0,0.0,0.0
t4853,0.0,0.0,0.0,0.0,0.0,0.0,0.0,0.0,0.0,0.0,0.0,0.0,0.0,0.0,0.0,0.0,0.0,0.0
t4854,0.0,0.0,0.0,0.0,0.0,0.0,0.0,0.0,0.0,0.0,0.0,0.0,0.0,0.0,0.0,0.0,0.0,0.0
t4855,0.0,0.0,0.0,0.0,0.0,0.0,0.0,0.0,0.0,0.0,0.0,0.0,0.0,0.0,0.0,0.0,0.0,0.0
t4856,0.0,0.0,0.0,0.0,754.060578900773,1969.5594024878349,0.0,1856.3454526422665,0.0,0.0,0.0,0.0,0.0,0.0,0.0,0.0,0.0,4579.965434030874
t4857,801.5949664962063,120.0,0.0,0.0,0.0,2545.795906825954,206.2065893484992,1163.6214526437984,0.0,0.0,0.0,0.0,0.0,0.0,0.0,0.0,0.0,4837.218915314457
t4858,0.0,0.0,953.1912679799996,0.0,0.0,5480.534562945877,831.1694416800001,1016.0805950584033,0.0,0.0,0.0,0.0,0.0,0.0,0.0,0.0,0.0,8280.97586766428
t4859,1220.0,120.0,0.0,0.0,0.0,4536.769962127691,1230.5521425499999,789.0153107800011,0.0,0.0,0.0,0.0,0.0,0.0,0.0,0.0,0.0,7896.337415457692
t4860,1220.0,0.0,0.0,0.0,0.0,3635.1730957724285,1155.4184144324115,0.0,0.0,0.0,0.0,0.0,0.0,0.0,0.0,0.0,0.0,6010.59151020484
t4861,0.0,0.0,532.4676515100003,0.0,0.0,2047.9897505957592,843.5561431100002,0.0,0.0,0.0,0.0,0.0,0.0,0.0,0.0,0.0,0.0,3424.01354521576
t4862,33.43974339091866,0.0,0.0,0.0,512.889091098011,0.0,708.8777105100002,0.0,0.0,0.0,0.0,0.0,0.0,0.0,0.0,0.0,0.0,1255.20654499893
t4863,0.0,0.0,0.0,0.0,0.0,0.0,0.0,0.0,0.0,0.0,0.0,0.0,0.0,0.0,0.0,0.0,0.0,0.0
t4864,0.0,0.0,0.0,0.0,0.0,0.0,0.0,0.0,0.0,0.0,0.0,0.0,0.0,0.0,0.0,0.0,0.0,0.0
t4865,0.0,0.0,0.0,0.0,0.0,0.0,0.0,0.0,0.0,0.0,0.0,0.0,0.0,0.0,0.0,0.0,0.0,0.0
t4866,0.0,0.0,0.0,0.0,0.0,0.0,0.0,0.0,0.0,0.0,0.0,0.0,0.0,0.0,0.0,0.0,0.0,0.0
t4867,0.0,0.0,0.0,0.0,0.0,0.0,0.0,0.0,0.0,0.0,0.0,0.0,0.0,0.0,0.0,0.0,0.0,0.0
t4868,0.0,0.0,0.0,0.0,0.0,0.0,0.0,0.0,0.0,0.0,0.0,0.0,0.0,0.0,0.0,0.0,0.0,0.0
t4869,0.0,0.0,0.0,0.0,0.0,0.0,0.0,0.0,0.0,0.0,0.0,0.0,0.0,0.0,0.0,0.0,0.0,0.0
t4870,0.0,0.0,0.0,0.0,0.0,0.0,0.0,0.0,0.0,0.0,0.0,0.0,0.0,0.0,0.0,0.0,0.0,0.0
t4871,0.0,0.0,0.0,0.0,0.0,0.0,0.0,0.0,0.0,0.0,0.0,0.0,0.0,0.0,0.0,0.0,0.0,0.0
t4872,0.0,0.0,0.0,0.0,0.0,0.0,0.0,0.0,0.0,0.0,0.0,0.0,0.0,0.0,0.0,0.0,0.0,0.0
t4873,0.0,0.0,0.0,0.0,0.0,0.0,0.0,0.0,0.0,0.0,0.0,0.0,0.0,0.0,0.0,0.0,0.0,0.0
t4874,0.0,0.0,0.0,0.0,0.0,0.0,0.0,0.0,0.0,0.0,0.0,0.0,0.0,0.0,0.0,0.0,0.0,0.0
t4875,0.0,0.0,0.0,0.0,0.0,0.0,0.0,0.0,0.0,0.0,0.0,0.0,0.0,0.0,0.0,0.0,0.0,0.0
t4876,0.0,0.0,0.0,0.0,0.0,0.0,0.0,0.0,0.0,0.0,0.0,0.0,0.0,0.0,0.0,0.0,0.0,0.0
t4877,0.0,0.0,0.0,0.0,0.0,0.0,0.0,0.0,0.0,0.0,0.0,0.0,0.0,0.0,0.0,0.0,0.0,0.0
t4878,0.0,0.0,0.0,0.0,0.0,0.0,0.0,0.0,0.0,0.0,0.0,0.0,0.0,0.0,0.0,0.0,0.0,0.0
t4879,0.0,0.0,0.0,0.0,0.0,0.0,0.0,0.0,0.0,0.0,0.0,0.0,0.0,0.0,0.0,0.0,0.0,0.0
t4880,0.0,0.0,0.0,0.0,0.0,2167.8386055063115,0.0,0.0,0.0,0.0,0.0,0.0,0.0,0.0,0.0,0.0,0.0,2167.8386055063115
t4881,1220.0,0.0,0.0,0.0,0.0,2728.190975782961,1059.662745374831,0.0,0.0,0.0,0.0,0.0,0.0,0.0,0.0,0.0,0.0,5007.853721157791
t4882,1220.0,0.0,0.0,0.0,0.0,3607.8698003999993,348.41915803,0.0,0.0,0.0,0.0,0.0,0.0,0.0,0.0,0.0,0.0,5176.28895843
t4883,802.6711812600005,0.0,0.0,0.0,0.0,0.0,1255.6666088633483,0.0,0.0,0.0,0.0,0.0,0.0,0.0,0.0,0.0,0.0,2058.337790123349
t4884,11.948178889975138,0.0,0.0,0.0,0.0,0.0,0.0,0.0,0.0,0.0,0.0,0.0,0.0,0.0,0.0,0.0,0.0,11.948178889975138
t4885,0.0,0.0,0.0,0.0,0.0,0.0,0.0,0.0,0.0,0.0,0.0,0.0,0.0,0.0,0.0,0.0,0.0,0.0
t4886,0.0,0.0,0.0,0.0,0.0,0.0,0.0,0.0,0.0,0.0,0.0,0.0,0.0,0.0,0.0,0.0,0.0,0.0
t4887,0.0,0.0,0.0,0.0,0.0,0.0,0.0,0.0,0.0,0.0,0.0,0.0,0.0,0.0,0.0,0.0,0.0,0.0
t4888,0.0,0.0,0.0,0.0,0.0,0.0,0.0,0.0,0.0,0.0,0.0,0.0,0.0,0.0,0.0,0.0,0.0,0.0
t4889,0.0,0.0,0.0,0.0,0.0,0.0,0.0,0.0,0.0,0.0,0.0,0.0,0.0,0.0,0.0,0.0,0.0,0.0
t4890,0.0,0.0,0.0,0.0,0.0,0.0,0.0,0.0,0.0,0.0,0.0,0.0,0.0,0.0,0.0,0.0,0.0,0.0
t4891,0.0,0.0,0.0,0.0,0.0,0.0,0.0,0.0,0.0,0.0,0.0,0.0,0.0,0.0,0.0,0.0,0.0,0.0
t4892,0.0,0.0,0.0,0.0,0.0,0.0,0.0,0.0,0.0,0.0,0.0,0.0,0.0,0.0,0.0,0.0,0.0,0.0
t4893,0.0,0.0,0.0,0.0,0.0,0.0,0.0,0.0,0.0,0.0,0.0,0.0,0.0,0.0,0.0,0.0,0.0,0.0
t4894,0.0,0.0,0.0,0.0,0.0,0.0,0.0,0.0,0.0,0.0,0.0,0.0,0.0,0.0,0.0,0.0,0.0,0.0
t4895,0.0,0.0,0.0,0.0,0.0,0.0,0.0,0.0,0.0,0.0,0.0,0.0,0.0,0.0,0.0,0.0,0.0,0.0
t4896,0.0,0.0,0.0,0.0,0.0,0.0,0.0,0.0,0.0,0.0,0.0,0.0,0.0,0.0,0.0,0.0,0.0,0.0
t4897,0.0,0.0,0.0,0.0,0.0,0.0,0.0,0.0,0.0,0.0,0.0,0.0,0.0,0.0,0.0,0.0,0.0,0.0
t4898,0.0,0.0,0.0,0.0,0.0,0.0,0.0,0.0,0.0,0.0,0.0,0.0,0.0,0.0,0.0,0.0,0.0,0.0
t4899,0.0,0.0,0.0,0.0,0.0,0.0,0.0,0.0,0.0,0.0,0.0,0.0,0.0,0.0,0.0,0.0,0.0,0.0
t4900,0.0,0.0,0.0,0.0,0.0,0.0,0.0,0.0,0.0,0.0,0.0,0.0,0.0,0.0,0.0,0.0,0.0,0.0
t4901,0.0,0.0,0.0,0.0,0.0,0.0,0.0,0.0,0.0,0.0,0.0,0.0,0.0,0.0,0.0,0.0,0.0,0.0
t4902,0.0,0.0,0.0,0.0,0.0,0.0,0.0,0.0,0.0,0.0,0.0,0.0,0.0,0.0,0.0,0.0,0.0,0.0
t4903,0.0,0.0,0.0,0.0,0.0,0.0,0.0,0.0,0.0,0.0,0.0,0.0,0.0,0.0,0.0,0.0,0.0,0.0
t4904,1220.0,81.07647897000008,0.0,0.0,0.0,3253.986722028302,0.0,1033.1631427800005,0.0,0.0,0.0,0.0,0.0,0.0,0.0,0.0,0.0,5588.226343778302
t4905,1220.0,87.53189767000008,0.0,0.0,0.0,4265.827329418056,0.0,823.1315527800007,0.0,0.0,0.0,0.0,0.0,0.0,0.0,0.0,0.0,6396.490779868057
t4906,1022.4628362832857,0.0,0.0,0.0,0.0,5072.270961065813,0.0,687.7718988200006,0.0,0.0,0.0,0.0,0.0,0.0,0.0,0.0,0.0,6782.505696169099
t4907,1121.1887206199997,0.0,0.0,0.0,0.0,4021.5226946818348,556.1652916100004,160.43084678000176,0.0,0.0,0.0,0.0,0.0,0.0,0.0,0.0,0.0,5859.307553691837
t4908,560.3217197339048,0.0,0.0,0.0,0.0,2356.8634658699593,1590.0,0.0,0.0,0.0,0.0,0.0,0.0,0.0,0.0,0.0,0.0,4507.185185603865
t4909,0.0,0.0,0.0,0.0,0.0,0.0,711.2551787166227,0.0,0.0,0.0,0.0,0.0,0.0,0.0,0.0,0.0,0.0,711.2551787166227
t4910,0.0,0.0,0.0,0.0,0.0,0.0,0.0,0.0,0.0,0.0,0.0,0.0,0.0,0.0,0.0,0.0,0.0,0.0
t4911,0.0,0.0,0.0,0.0,0.0,0.0,0.0,0.0,0.0,0.0,0.0,0.0,0.0,0.0,0.0,0.0,0.0,0.0
t4912,0.0,0.0,0.0,0.0,0.0,0.0,0.0,0.0,0.0,0.0,0.0,0.0,0.0,0.0,0.0,0.0,0.0,0.0
t4913,0.0,0.0,0.0,0.0,0.0,0.0,0.0,0.0,0.0,0.0,0.0,0.0,0.0,0.0,0.0,0.0,0.0,0.0
t4914,0.0,0.0,0.0,0.0,0.0,0.0,0.0,0.0,0.0,0.0,0.0,0.0,0.0,0.0,0.0,0.0,0.0,0.0
t4915,0.0,0.0,0.0,0.0,0.0,0.0,0.0,0.0,0.0,0.0,0.0,0.0,0.0,0.0,0.0,0.0,0.0,0.0
t4916,0.0,0.0,0.0,0.0,0.0,0.0,0.0,0.0,0.0,0.0,0.0,0.0,0.0,0.0,0.0,0.0,0.0,0.0
t4917,0.0,0.0,0.0,0.0,0.0,0.0,0.0,0.0,0.0,0.0,0.0,0.0,0.0,0.0,0.0,0.0,0.0,0.0
t4918,0.0,0.0,0.0,0.0,0.0,0.0,0.0,0.0,0.0,0.0,0.0,0.0,0.0,0.0,0.0,0.0,0.0,0.0
t4919,0.0,0.0,0.0,0.0,0.0,0.0,0.0,0.0,0.0,0.0,0.0,0.0,0.0,0.0,0.0,0.0,0.0,0.0
t4920,0.0,0.0,0.0,0.0,0.0,0.0,0.0,0.0,0.0,0.0,0.0,0.0,0.0,0.0,0.0,0.0,0.0,0.0
t4921,0.0,0.0,0.0,0.0,0.0,0.0,0.0,0.0,0.0,0.0,0.0,0.0,0.0,0.0,0.0,0.0,0.0,0.0
t4922,0.0,0.0,0.0,0.0,0.0,0.0,0.0,0.0,0.0,0.0,0.0,0.0,0.0,0.0,0.0,0.0,0.0,0.0
t4923,0.0,0.0,0.0,0.0,0.0,0.0,0.0,0.0,0.0,0.0,0.0,0.0,0.0,0.0,0.0,0.0,0.0,0.0
t4924,0.0,0.0,0.0,0.0,0.0,0.0,0.0,0.0,0.0,0.0,0.0,0.0,0.0,0.0,0.0,0.0,0.0,0.0
t4925,0.0,0.0,0.0,0.0,0.0,0.0,0.0,0.0,0.0,0.0,0.0,0.0,0.0,0.0,0.0,0.0,0.0,0.0
t4926,0.0,0.0,0.0,0.0,0.0,0.0,0.0,0.0,0.0,0.0,0.0,0.0,0.0,0.0,0.0,0.0,0.0,0.0
t4927,0.0,0.0,0.0,0.0,0.0,0.0,0.0,481.64571436000017,0.0,0.0,0.0,0.0,0.0,0.0,0.0,0.0,0.0,481.64571436000017
t4928,1220.0,120.0,0.0,0.0,0.0,5400.019632900067,50.706866460000334,1049.9565723600003,0.0,0.0,0.0,0.0,0.0,0.0,0.0,0.0,0.0,7840.683071720068
t4929,1064.6524742134525,120.0,0.0,0.0,0.0,5500.8184827474515,1590.0,804.6963587799987,0.0,0.0,0.0,0.0,0.0,0.0,0.0,0.0,0.0,9080.167315740902
t4930,1220.0,85.59970116999988,0.0,0.0,0.0,3849.3472903362253,556.2399200800004,182.67983018000078,0.0,0.0,0.0,0.0,0.0,0.0,0.0,0.0,0.0,5893.866741766226
t4931,1220.0,0.0,0.0,0.0,0.0,3206.088699173666,650.5915645399998,0.0,0.0,0.0,0.0,0.0,0.0,0.0,0.0,0.0,0.0,5076.680263713666
t4932,419.3208024237375,0.0,0.0,0.0,0.0,5158.944428949749,693.0316234300002,0.0,0.0,0.0,0.0,0.0,0.0,0.0,0.0,0.0,0.0,6271.296854803486
t4933,0.0,0.0,0.0,0.0,0.0,1577.6148122400016,647.2031974900003,0.0,0.0,0.0,0.0,0.0,0.0,0.0,0.0,0.0,0.0,2224.818009730002
t4934,0.0,0.0,0.0,0.0,0.0,0.0,919.6022890914321,0.0,0.0,0.0,0.0,0.0,0.0,0.0,0.0,0.0,0.0,919.6022890914321
t4935,0.0,0.0,0.0,0.0,0.0,0.0,0.0,0.0,0.0,0.0,0.0,0.0,0.0,0.0,0.0,0.0,0.0,0.0
t4936,0.0,0.0,0.0,0.0,0.0,0.0,0.0,0.0,0.0,0.0,0.0,0.0,0.0,0.0,0.0,0.0,0.0,0.0
t4937,0.0,0.0,0.0,0.0,0.0,0.0,0.0,0.0,0.0,0.0,0.0,0.0,0.0,0.0,0.0,0.0,0.0,0.0
t4938,0.0,0.0,0.0,0.0,0.0,0.0,0.0,0.0,0.0,0.0,0.0,0.0,0.0,0.0,0.0,0.0,0.0,0.0
t4939,0.0,0.0,0.0,0.0,0.0,0.0,0.0,0.0,0.0,0.0,0.0,0.0,0.0,0.0,0.0,0.0,0.0,0.0
t4940,0.0,0.0,0.0,0.0,0.0,0.0,0.0,0.0,0.0,0.0,0.0,0.0,0.0,0.0,0.0,0.0,0.0,0.0
t4941,0.0,0.0,0.0,0.0,0.0,0.0,0.0,0.0,0.0,0.0,0.0,0.0,0.0,0.0,0.0,0.0,0.0,0.0
t4942,0.0,0.0,0.0,0.0,0.0,0.0,0.0,0.0,0.0,0.0,0.0,0.0,0.0,0.0,0.0,0.0,0.0,0.0
t4943,0.0,0.0,0.0,0.0,0.0,0.0,0.0,0.0,0.0,0.0,0.0,0.0,0.0,0.0,0.0,0.0,0.0,0.0
t4944,0.0,0.0,0.0,0.0,0.0,0.0,0.0,0.0,0.0,0.0,0.0,0.0,0.0,0.0,0.0,0.0,0.0,0.0
t4945,0.0,0.0,0.0,0.0,0.0,0.0,0.0,0.0,0.0,0.0,0.0,0.0,0.0,0.0,0.0,0.0,0.0,0.0
t4946,0.0,0.0,0.0,0.0,0.0,0.0,0.0,0.0,0.0,0.0,0.0,0.0,0.0,0.0,0.0,0.0,0.0,0.0
t4947,0.0,0.0,0.0,0.0,0.0,0.0,0.0,0.0,0.0,0.0,0.0,0.0,0.0,0.0,0.0,0.0,0.0,0.0
t4948,0.0,0.0,0.0,0.0,0.0,0.0,0.0,0.0,0.0,0.0,0.0,0.0,0.0,0.0,0.0,0.0,0.0,0.0
t4949,0.0,0.0,0.0,0.0,0.0,0.0,0.0,0.0,0.0,0.0,0.0,0.0,0.0,0.0,0.0,0.0,0.0,0.0
t4950,0.0,0.0,0.0,0.0,0.0,0.0,0.0,0.0,0.0,0.0,0.0,0.0,0.0,0.0,0.0,0.0,0.0,0.0
t4951,0.0,0.0,0.0,0.0,0.0,0.0,0.0,0.0,0.0,0.0,0.0,0.0,0.0,0.0,0.0,0.0,0.0,0.0
t4952,1220.0,120.0,0.0,0.0,0.0,2591.3478158341736,0.0,549.4478756169715,0.0,0.0,0.0,0.0,0.0,0.0,0.0,0.0,0.0,4480.795691451145
t4953,1220.0,120.0,0.0,0.0,0.0,3673.896386239997,725.70001013,1111.948269517928,0.0,0.0,0.0,0.0,0.0,0.0,0.0,0.0,0.0,6851.544665887925
t4954,0.0,86.34729607000008,0.0,0.0,0.0,5670.745447632202,792.7536261300002,402.38965810423264,0.0,0.0,0.0,0.0,0.0,0.0,0.0,0.0,0.0,6952.236027936435
t4955,1220.0,0.0,0.0,0.0,0.0,4127.7055301599985,953.4739664,245.90676061535203,0.0,0.0,0.0,0.0,0.0,0.0,0.0,0.0,0.0,6547.0862571753505
t4956,0.0,0.0,0.0,0.0,0.0,4184.967404181226,854.992116772664,0.0,0.0,0.0,0.0,0.0,0.0,0.0,0.0,0.0,0.0,5039.95952095389
t4957,0.0,0.0,0.0,0.0,0.0,1417.7864875965522,1590.0,0.0,0.0,0.0,0.0,0.0,0.0,0.0,0.0,0.0,0.0,3007.7864875965524
t4958,0.0,0.0,0.0,0.0,0.0,0.0,240.18935349000037,0.0,0.0,0.0,0.0,0.0,0.0,0.0,0.0,0.0,0.0,240.18935349000037
t4959,0.0,0.0,0.0,0.0,0.0,0.0,0.0,0.0,0.0,0.0,0.0,0.0,0.0,0.0,0.0,0.0,0.0,0.0
t4960,0.0,0.0,0.0,0.0,0.0,0.0,0.0,0.0,0.0,0.0,0.0,0.0,0.0,0.0,0.0,0.0,0.0,0.0
t4961,0.0,0.0,0.0,0.0,0.0,0.0,0.0,0.0,0.0,0.0,0.0,0.0,0.0,0.0,0.0,0.0,0.0,0.0
t4962,0.0,0.0,0.0,0.0,0.0,0.0,0.0,0.0,0.0,0.0,0.0,0.0,0.0,0.0,0.0,0.0,0.0,0.0
t4963,0.0,0.0,0.0,0.0,0.0,0.0,0.0,0.0,0.0,0.0,0.0,0.0,0.0,0.0,0.0,0.0,0.0,0.0
t4964,0.0,0.0,0.0,0.0,0.0,0.0,0.0,0.0,0.0,0.0,0.0,0.0,0.0,0.0,0.0,0.0,0.0,0.0
t4965,0.0,0.0,0.0,0.0,0.0,0.0,0.0,0.0,0.0,0.0,0.0,0.0,0.0,0.0,0.0,0.0,0.0,0.0
t4966,0.0,0.0,0.0,0.0,0.0,0.0,0.0,0.0,0.0,0.0,0.0,0.0,0.0,0.0,0.0,0.0,0.0,0.0
t4967,0.0,0.0,0.0,0.0,0.0,0.0,0.0,0.0,0.0,0.0,0.0,0.0,0.0,0.0,0.0,0.0,0.0,0.0
t4968,0.0,0.0,0.0,0.0,0.0,0.0,0.0,0.0,0.0,0.0,0.0,0.0,0.0,0.0,0.0,0.0,0.0,0.0
t4969,0.0,0.0,0.0,0.0,0.0,0.0,0.0,0.0,0.0,0.0,0.0,0.0,0.0,0.0,0.0,0.0,0.0,0.0
t4970,0.0,0.0,0.0,0.0,0.0,0.0,0.0,0.0,0.0,0.0,0.0,0.0,0.0,0.0,0.0,0.0,0.0,0.0
t4971,0.0,0.0,0.0,0.0,0.0,0.0,0.0,0.0,0.0,0.0,0.0,0.0,0.0,0.0,0.0,0.0,0.0,0.0
t4972,0.0,0.0,0.0,0.0,0.0,0.0,0.0,0.0,0.0,0.0,0.0,0.0,0.0,0.0,0.0,0.0,0.0,0.0
t4973,0.0,0.0,0.0,0.0,0.0,0.0,0.0,0.0,0.0,0.0,0.0,0.0,0.0,0.0,0.0,0.0,0.0,0.0
t4974,0.0,0.0,0.0,0.0,0.0,0.0,0.0,0.0,0.0,0.0,0.0,0.0,0.0,0.0,0.0,0.0,0.0,0.0
t4975,0.0,0.0,0.0,0.0,0.0,0.0,0.0,0.0,0.0,0.0,0.0,0.0,0.0,0.0,0.0,0.0,0.0,0.0
t4976,1220.0,120.0,0.0,0.0,0.0,0.0,250.6511031429004,232.52726611784416,0.0,0.0,0.0,0.0,0.0,0.0,0.0,0.0,0.0,1823.1783692607446
t4977,821.0171352754425,120.0,0.0,0.0,0.0,5339.76422650717,484.4567474700001,645.1561741800014,0.0,0.0,0.0,0.0,0.0,0.0,0.0,0.0,0.0,7410.3942834326135
t4978,0.0,0.0,0.0,0.0,0.0,2767.90759421565,221.27172818999986,0.0,0.0,0.0,0.0,0.0,0.0,0.0,0.0,0.0,0.0,2989.17932240565
t4979,0.0,0.0,0.0,0.0,0.0,1495.1601371859097,236.90121598000013,0.0,0.0,0.0,0.0,0.0,0.0,0.0,0.0,0.0,0.0,1732.0613531659098
t4980,0.0,0.0,0.0,0.0,0.0,434.9955455683921,299.7637958999997,0.0,0.0,0.0,0.0,0.0,0.0,0.0,0.0,0.0,0.0,734.7593414683918
t4981,0.0,0.0,0.0,0.0,0.0,0.0,1590.0,0.0,0.0,0.0,0.0,0.0,0.0,0.0,0.0,0.0,0.0,1590.0
t4982,0.0,0.0,0.0,0.0,0.0,0.0,92.3896732199998,0.0,0.0,0.0,0.0,0.0,0.0,0.0,0.0,0.0,0.0,92.3896732199998
t4983,0.0,0.0,0.0,0.0,0.0,0.0,0.0,0.0,0.0,0.0,0.0,0.0,0.0,0.0,0.0,0.0,0.0,0.0
t4984,0.0,0.0,0.0,0.0,0.0,0.0,0.0,0.0,0.0,0.0,0.0,0.0,0.0,0.0,0.0,0.0,0.0,0.0
t4985,0.0,0.0,0.0,0.0,0.0,0.0,0.0,0.0,0.0,0.0,0.0,0.0,0.0,0.0,0.0,0.0,0.0,0.0
t4986,0.0,0.0,0.0,0.0,0.0,0.0,0.0,0.0,0.0,0.0,0.0,0.0,0.0,0.0,0.0,0.0,0.0,0.0
t4987,0.0,0.0,0.0,0.0,0.0,0.0,0.0,0.0,0.0,0.0,0.0,0.0,0.0,0.0,0.0,0.0,0.0,0.0
t4988,0.0,0.0,0.0,0.0,0.0,0.0,0.0,0.0,0.0,0.0,0.0,0.0,0.0,0.0,0.0,0.0,0.0,0.0
t4989,0.0,0.0,0.0,0.0,0.0,0.0,0.0,0.0,0.0,0.0,0.0,0.0,0.0,0.0,0.0,0.0,0.0,0.0
t4990,0.0,0.0,0.0,0.0,0.0,0.0,0.0,0.0,0.0,0.0,0.0,0.0,0.0,0.0,0.0,0.0,0.0,0.0
t4991,0.0,0.0,0.0,0.0,0.0,0.0,0.0,0.0,0.0,0.0,0.0,0.0,0.0,0.0,0.0,0.0,0.0,0.0
t4992,0.0,0.0,0.0,0.0,0.0,0.0,0.0,0.0,0.0,0.0,0.0,0.0,0.0,0.0,0.0,0.0,0.0,0.0
t4993,0.0,0.0,0.0,0.0,0.0,0.0,0.0,0.0,0.0,0.0,0.0,0.0,0.0,0.0,0.0,0.0,0.0,0.0
t4994,0.0,0.0,0.0,0.0,0.0,0.0,0.0,0.0,0.0,0.0,0.0,0.0,0.0,0.0,0.0,0.0,0.0,0.0
t4995,0.0,0.0,0.0,0.0,0.0,0.0,0.0,0.0,0.0,0.0,0.0,0.0,0.0,0.0,0.0,0.0,0.0,0.0
t4996,0.0,0.0,0.0,0.0,0.0,0.0,0.0,0.0,0.0,0.0,0.0,0.0,0.0,0.0,0.0,0.0,0.0,0.0
t4997,0.0,0.0,0.0,0.0,0.0,0.0,0.0,0.0,0.0,0.0,0.0,0.0,0.0,0.0,0.0,0.0,0.0,0.0
t4998,0.0,0.0,0.0,0.0,0.0,0.0,0.0,0.0,0.0,0.0,0.0,0.0,0.0,0.0,0.0,0.0,0.0,0.0
t4999,0.0,0.0,0.0,0.0,0.0,0.0,0.0,0.0,0.0,0.0,0.0,0.0,0.0,0.0,0.0,0.0,0.0,0.0
t5000,1220.0,120.0,708.3495713563628,0.0,295.50408121860494,869.78915635621,1372.4301985199997,1135.960806780003,0.0,0.0,0.0,0.0,0.0,0.0,0.0,0.0,0.0,5722.03381423118
t5001,0.0,120.0,0.0,0.0,0.0,4205.325464545334,917.711506261699,1950.0,0.0,0.0,0.0,0.0,0.0,0.0,0.0,0.0,0.0,7193.036970807034
t5002,1220.0,0.0,0.0,0.0,0.0,3646.508994849209,1069.34308788,1610.0459171700015,0.0,0.0,0.0,0.0,0.0,0.0,0.0,0.0,0.0,7545.897999899211
t5003,0.0,0.0,0.0,0.0,0.0,5099.462801241879,1006.0435557000003,722.2227991700009,0.0,0.0,0.0,0.0,0.0,0.0,0.0,0.0,0.0,6827.72915611188
t5004,1220.0,107.92470397000015,0.0,0.0,0.0,3142.8180358008462,996.9000005499997,0.0,0.0,0.0,0.0,0.0,0.0,0.0,0.0,0.0,0.0,5467.642740320845
t5005,0.0,0.0,0.0,0.0,0.0,3001.1031302413253,887.9010280669333,0.0,0.0,0.0,0.0,0.0,0.0,0.0,0.0,0.0,0.0,3889.0041583082584
t5006,0.0,0.0,0.0,0.0,0.0,0.0,0.0,0.0,0.0,0.0,0.0,0.0,0.0,0.0,0.0,0.0,0.0,0.0
t5007,0.0,0.0,0.0,0.0,0.0,0.0,0.0,0.0,0.0,0.0,0.0,0.0,0.0,0.0,0.0,0.0,0.0,0.0
t5008,0.0,0.0,0.0,0.0,0.0,0.0,0.0,0.0,0.0,0.0,0.0,0.0,0.0,0.0,0.0,0.0,0.0,0.0
t5009,0.0,0.0,0.0,0.0,0.0,0.0,0.0,0.0,0.0,0.0,0.0,0.0,0.0,0.0,0.0,0.0,0.0,0.0
t5010,0.0,0.0,0.0,0.0,0.0,0.0,0.0,0.0,0.0,0.0,0.0,0.0,0.0,0.0,0.0,0.0,0.0,0.0
t5011,0.0,0.0,0.0,0.0,0.0,0.0,0.0,0.0,0.0,0.0,0.0,0.0,0.0,0.0,0.0,0.0,0.0,0.0
t5012,0.0,0.0,0.0,0.0,0.0,0.0,0.0,0.0,0.0,0.0,0.0,0.0,0.0,0.0,0.0,0.0,0.0,0.0
t5013,0.0,0.0,0.0,0.0,0.0,0.0,0.0,0.0,0.0,0.0,0.0,0.0,0.0,0.0,0.0,0.0,0.0,0.0
t5014,0.0,0.0,0.0,0.0,0.0,0.0,0.0,0.0,0.0,0.0,0.0,0.0,0.0,0.0,0.0,0.0,0.0,0.0
t5015,0.0,0.0,0.0,0.0,0.0,0.0,0.0,0.0,0.0,0.0,0.0,0.0,0.0,0.0,0.0,0.0,0.0,0.0
t5016,0.0,0.0,0.0,0.0,0.0,0.0,0.0,0.0,0.0,0.0,0.0,0.0,0.0,0.0,0.0,0.0,0.0,0.0
t5017,0.0,0.0,0.0,0.0,0.0,0.0,0.0,0.0,0.0,0.0,0.0,0.0,0.0,0.0,0.0,0.0,0.0,0.0
t5018,0.0,0.0,0.0,0.0,0.0,0.0,0.0,0.0,0.0,0.0,0.0,0.0,0.0,0.0,0.0,0.0,0.0,0.0
t5019,0.0,0.0,0.0,0.0,0.0,0.0,0.0,0.0,0.0,0.0,0.0,0.0,0.0,0.0,0.0,0.0,0.0,0.0
t5020,0.0,0.0,0.0,0.0,0.0,0.0,0.0,0.0,0.0,0.0,0.0,0.0,0.0,0.0,0.0,0.0,0.0,0.0
t5021,0.0,0.0,0.0,0.0,0.0,0.0,0.0,0.0,0.0,0.0,0.0,0.0,0.0,0.0,0.0,0.0,0.0,0.0
t5022,0.0,0.0,0.0,0.0,0.0,0.0,0.0,0.0,0.0,0.0,0.0,0.0,0.0,0.0,0.0,0.0,0.0,0.0
t5023,0.0,0.0,0.0,0.0,0.0,0.0,0.0,0.0,0.0,0.0,0.0,0.0,0.0,0.0,0.0,0.0,0.0,0.0
t5024,0.0,0.0,0.0,0.0,754.060578900773,1969.5594024878349,0.0,1856.3454526422665,0.0,0.0,0.0,0.0,0.0,0.0,0.0,0.0,0.0,4579.965434030874
t5025,801.5949664962063,120.0,0.0,0.0,0.0,2545.795906825954,206.2065893484992,1163.6214526437984,0.0,0.0,0.0,0.0,0.0,0.0,0.0,0.0,0.0,4837.218915314457
t5026,0.0,0.0,953.1912679799996,0.0,0.0,5480.534562945877,831.1694416800001,1016.0805950584033,0.0,0.0,0.0,0.0,0.0,0.0,0.0,0.0,0.0,8280.97586766428
t5027,1220.0,120.0,0.0,0.0,0.0,4536.769962127691,1230.5521425499999,789.0153107800011,0.0,0.0,0.0,0.0,0.0,0.0,0.0,0.0,0.0,7896.337415457692
t5028,1220.0,0.0,0.0,0.0,0.0,3635.1730957724285,1155.4184144324115,0.0,0.0,0.0,0.0,0.0,0.0,0.0,0.0,0.0,0.0,6010.59151020484
t5029,0.0,0.0,532.4676515100003,0.0,0.0,2047.9897505957592,843.5561431100002,0.0,0.0,0.0,0.0,0.0,0.0,0.0,0.0,0.0,0.0,3424.01354521576
t5030,33.43974339091866,0.0,0.0,0.0,512.889091098011,0.0,708.8777105100002,0.0,0.0,0.0,0.0,0.0,0.0,0.0,0.0,0.0,0.0,1255.20654499893
t5031,0.0,0.0,0.0,0.0,0.0,0.0,0.0,0.0,0.0,0.0,0.0,0.0,0.0,0.0,0.0,0.0,0.0,0.0
t5032,0.0,0.0,0.0,0.0,0.0,0.0,0.0,0.0,0.0,0.0,0.0,0.0,0.0,0.0,0.0,0.0,0.0,0.0
t5033,0.0,0.0,0.0,0.0,0.0,0.0,0.0,0.0,0.0,0.0,0.0,0.0,0.0,0.0,0.0,0.0,0.0,0.0
t5034,0.0,0.0,0.0,0.0,0.0,0.0,0.0,0.0,0.0,0.0,0.0,0.0,0.0,0.0,0.0,0.0,0.0,0.0
t5035,0.0,0.0,0.0,0.0,0.0,0.0,0.0,0.0,0.0,0.0,0.0,0.0,0.0,0.0,0.0,0.0,0.0,0.0
t5036,0.0,0.0,0.0,0.0,0.0,0.0,0.0,0.0,0.0,0.0,0.0,0.0,0.0,0.0,0.0,0.0,0.0,0.0
t5037,0.0,0.0,0.0,0.0,0.0,0.0,0.0,0.0,0.0,0.0,0.0,0.0,0.0,0.0,0.0,0.0,0.0,0.0
t5038,0.0,0.0,0.0,0.0,0.0,0.0,0.0,0.0,0.0,0.0,0.0,0.0,0.0,0.0,0.0,0.0,0.0,0.0
t5039,0.0,0.0,0.0,0.0,0.0,0.0,0.0,0.0,0.0,0.0,0.0,0.0,0.0,0.0,0.0,0.0,0.0,0.0
t5040,0.0,0.0,0.0,0.0,0.0,0.0,0.0,0.0,0.0,0.0,0.0,0.0,0.0,0.0,0.0,0.0,0.0,0.0
t5041,0.0,0.0,0.0,0.0,0.0,0.0,0.0,0.0,0.0,0.0,0.0,0.0,0.0,0.0,0.0,0.0,0.0,0.0
t5042,0.0,0.0,0.0,0.0,0.0,0.0,0.0,0.0,0.0,0.0,0.0,0.0,0.0,0.0,0.0,0.0,0.0,0.0
t5043,0.0,0.0,0.0,0.0,0.0,0.0,0.0,0.0,0.0,0.0,0.0,0.0,0.0,0.0,0.0,0.0,0.0,0.0
t5044,0.0,0.0,0.0,0.0,0.0,0.0,0.0,0.0,0.0,0.0,0.0,0.0,0.0,0.0,0.0,0.0,0.0,0.0
t5045,0.0,0.0,0.0,0.0,0.0,0.0,0.0,0.0,0.0,0.0,0.0,0.0,0.0,0.0,0.0,0.0,0.0,0.0
t5046,0.0,0.0,0.0,0.0,0.0,0.0,0.0,0.0,0.0,0.0,0.0,0.0,0.0,0.0,0.0,0.0,0.0,0.0
t5047,0.0,0.0,0.0,0.0,0.0,0.0,0.0,0.0,0.0,0.0,0.0,0.0,0.0,0.0,0.0,0.0,0.0,0.0
t5048,0.0,0.0,0.0,0.0,0.0,2167.8386055063115,0.0,0.0,0.0,0.0,0.0,0.0,0.0,0.0,0.0,0.0,0.0,2167.8386055063115
t5049,1220.0,0.0,0.0,0.0,0.0,2728.190975782961,1059.662745374831,0.0,0.0,0.0,0.0,0.0,0.0,0.0,0.0,0.0,0.0,5007.853721157791
t5050,1220.0,0.0,0.0,0.0,0.0,3607.8698003999993,348.41915803,0.0,0.0,0.0,0.0,0.0,0.0,0.0,0.0,0.0,0.0,5176.28895843
t5051,802.6711812600005,0.0,0.0,0.0,0.0,0.0,1255.6666088633483,0.0,0.0,0.0,0.0,0.0,0.0,0.0,0.0,0.0,0.0,2058.337790123349
t5052,11.948178889975138,0.0,0.0,0.0,0.0,0.0,0.0,0.0,0.0,0.0,0.0,0.0,0.0,0.0,0.0,0.0,0.0,11.948178889975138
t5053,0.0,0.0,0.0,0.0,0.0,0.0,0.0,0.0,0.0,0.0,0.0,0.0,0.0,0.0,0.0,0.0,0.0,0.0
t5054,0.0,0.0,0.0,0.0,0.0,0.0,0.0,0.0,0.0,0.0,0.0,0.0,0.0,0.0,0.0,0.0,0.0,0.0
t5055,0.0,0.0,0.0,0.0,0.0,0.0,0.0,0.0,0.0,0.0,0.0,0.0,0.0,0.0,0.0,0.0,0.0,0.0
t5056,0.0,0.0,0.0,0.0,0.0,0.0,0.0,0.0,0.0,0.0,0.0,0.0,0.0,0.0,0.0,0.0,0.0,0.0
t5057,0.0,0.0,0.0,0.0,0.0,0.0,0.0,0.0,0.0,0.0,0.0,0.0,0.0,0.0,0.0,0.0,0.0,0.0
t5058,0.0,0.0,0.0,0.0,0.0,0.0,0.0,0.0,0.0,0.0,0.0,0.0,0.0,0.0,0.0,0.0,0.0,0.0
t5059,0.0,0.0,0.0,0.0,0.0,0.0,0.0,0.0,0.0,0.0,0.0,0.0,0.0,0.0,0.0,0.0,0.0,0.0
t5060,0.0,0.0,0.0,0.0,0.0,0.0,0.0,0.0,0.0,0.0,0.0,0.0,0.0,0.0,0.0,0.0,0.0,0.0
t5061,0.0,0.0,0.0,0.0,0.0,0.0,0.0,0.0,0.0,0.0,0.0,0.0,0.0,0.0,0.0,0.0,0.0,0.0
t5062,0.0,0.0,0.0,0.0,0.0,0.0,0.0,0.0,0.0,0.0,0.0,0.0,0.0,0.0,0.0,0.0,0.0,0.0
t5063,0.0,0.0,0.0,0.0,0.0,0.0,0.0,0.0,0.0,0.0,0.0,0.0,0.0,0.0,0.0,0.0,0.0,0.0
t5064,0.0,0.0,0.0,0.0,0.0,0.0,0.0,0.0,0.0,0.0,0.0,0.0,0.0,0.0,0.0,0.0,0.0,0.0
t5065,0.0,0.0,0.0,0.0,0.0,0.0,0.0,0.0,0.0,0.0,0.0,0.0,0.0,0.0,0.0,0.0,0.0,0.0
t5066,0.0,0.0,0.0,0.0,0.0,0.0,0.0,0.0,0.0,0.0,0.0,0.0,0.0,0.0,0.0,0.0,0.0,0.0
t5067,0.0,0.0,0.0,0.0,0.0,0.0,0.0,0.0,0.0,0.0,0.0,0.0,0.0,0.0,0.0,0.0,0.0,0.0
t5068,0.0,0.0,0.0,0.0,0.0,0.0,0.0,0.0,0.0,0.0,0.0,0.0,0.0,0.0,0.0,0.0,0.0,0.0
t5069,0.0,0.0,0.0,0.0,0.0,0.0,0.0,0.0,0.0,0.0,0.0,0.0,0.0,0.0,0.0,0.0,0.0,0.0
t5070,0.0,0.0,0.0,0.0,0.0,0.0,0.0,0.0,0.0,0.0,0.0,0.0,0.0,0.0,0.0,0.0,0.0,0.0
t5071,0.0,0.0,0.0,0.0,0.0,0.0,0.0,0.0,0.0,0.0,0.0,0.0,0.0,0.0,0.0,0.0,0.0,0.0
t5072,1220.0,81.07647897000008,0.0,0.0,0.0,3253.986722028302,0.0,1033.1631427800005,0.0,0.0,0.0,0.0,0.0,0.0,0.0,0.0,0.0,5588.226343778302
t5073,1220.0,87.53189767000008,0.0,0.0,0.0,4265.827329418056,0.0,823.1315527800007,0.0,0.0,0.0,0.0,0.0,0.0,0.0,0.0,0.0,6396.490779868057
t5074,1022.4628362832857,0.0,0.0,0.0,0.0,5072.270961065813,0.0,687.7718988200006,0.0,0.0,0.0,0.0,0.0,0.0,0.0,0.0,0.0,6782.505696169099
t5075,1121.1887206199997,0.0,0.0,0.0,0.0,4021.5226946818348,556.1652916100004,160.43084678000176,0.0,0.0,0.0,0.0,0.0,0.0,0.0,0.0,0.0,5859.307553691837
t5076,560.3217197339048,0.0,0.0,0.0,0.0,2356.8634658699593,1590.0,0.0,0.0,0.0,0.0,0.0,0.0,0.0,0.0,0.0,0.0,4507.185185603865
t5077,0.0,0.0,0.0,0.0,0.0,0.0,711.2551787166227,0.0,0.0,0.0,0.0,0.0,0.0,0.0,0.0,0.0,0.0,711.2551787166227
t5078,0.0,0.0,0.0,0.0,0.0,0.0,0.0,0.0,0.0,0.0,0.0,0.0,0.0,0.0,0.0,0.0,0.0,0.0
t5079,0.0,0.0,0.0,0.0,0.0,0.0,0.0,0.0,0.0,0.0,0.0,0.0,0.0,0.0,0.0,0.0,0.0,0.0
t5080,0.0,0.0,0.0,0.0,0.0,0.0,0.0,0.0,0.0,0.0,0.0,0.0,0.0,0.0,0.0,0.0,0.0,0.0
t5081,0.0,0.0,0.0,0.0,0.0,0.0,0.0,0.0,0.0,0.0,0.0,0.0,0.0,0.0,0.0,0.0,0.0,0.0
t5082,0.0,0.0,0.0,0.0,0.0,0.0,0.0,0.0,0.0,0.0,0.0,0.0,0.0,0.0,0.0,0.0,0.0,0.0
t5083,0.0,0.0,0.0,0.0,0.0,0.0,0.0,0.0,0.0,0.0,0.0,0.0,0.0,0.0,0.0,0.0,0.0,0.0
t5084,0.0,0.0,0.0,0.0,0.0,0.0,0.0,0.0,0.0,0.0,0.0,0.0,0.0,0.0,0.0,0.0,0.0,0.0
t5085,0.0,0.0,0.0,0.0,0.0,0.0,0.0,0.0,0.0,0.0,0.0,0.0,0.0,0.0,0.0,0.0,0.0,0.0
t5086,0.0,0.0,0.0,0.0,0.0,0.0,0.0,0.0,0.0,0.0,0.0,0.0,0.0,0.0,0.0,0.0,0.0,0.0
t5087,0.0,0.0,0.0,0.0,0.0,0.0,0.0,0.0,0.0,0.0,0.0,0.0,0.0,0.0,0.0,0.0,0.0,0.0
t5088,0.0,0.0,0.0,0.0,0.0,0.0,0.0,0.0,0.0,0.0,0.0,0.0,0.0,0.0,0.0,0.0,0.0,0.0
t5089,0.0,0.0,0.0,0.0,0.0,0.0,0.0,0.0,0.0,0.0,0.0,0.0,0.0,0.0,0.0,0.0,0.0,0.0
t5090,0.0,0.0,0.0,0.0,0.0,0.0,0.0,0.0,0.0,0.0,0.0,0.0,0.0,0.0,0.0,0.0,0.0,0.0
t5091,0.0,0.0,0.0,0.0,0.0,0.0,0.0,0.0,0.0,0.0,0.0,0.0,0.0,0.0,0.0,0.0,0.0,0.0
t5092,0.0,0.0,0.0,0.0,0.0,0.0,0.0,0.0,0.0,0.0,0.0,0.0,0.0,0.0,0.0,0.0,0.0,0.0
t5093,0.0,0.0,0.0,0.0,0.0,0.0,0.0,0.0,0.0,0.0,0.0,0.0,0.0,0.0,0.0,0.0,0.0,0.0
t5094,0.0,0.0,0.0,0.0,0.0,0.0,0.0,0.0,0.0,0.0,0.0,0.0,0.0,0.0,0.0,0.0,0.0,0.0
t5095,0.0,0.0,0.0,0.0,0.0,0.0,0.0,481.64571436000017,0.0,0.0,0.0,0.0,0.0,0.0,0.0,0.0,0.0,481.64571436000017
t5096,1220.0,120.0,0.0,0.0,0.0,5400.019632900067,50.706866460000334,1049.9565723600003,0.0,0.0,0.0,0.0,0.0,0.0,0.0,0.0,0.0,7840.683071720068
t5097,1064.6524742134525,120.0,0.0,0.0,0.0,5500.8184827474515,1590.0,804.6963587799987,0.0,0.0,0.0,0.0,0.0,0.0,0.0,0.0,0.0,9080.167315740902
t5098,1220.0,85.59970116999988,0.0,0.0,0.0,3849.3472903362253,556.2399200800004,182.67983018000078,0.0,0.0,0.0,0.0,0.0,0.0,0.0,0.0,0.0,5893.866741766226
t5099,1220.0,0.0,0.0,0.0,0.0,3206.088699173666,650.5915645399998,0.0,0.0,0.0,0.0,0.0,0.0,0.0,0.0,0.0,0.0,5076.680263713666
t5100,419.3208024237375,0.0,0.0,0.0,0.0,5158.944428949749,693.0316234300002,0.0,0.0,0.0,0.0,0.0,0.0,0.0,0.0,0.0,0.0,6271.296854803486
t5101,0.0,0.0,0.0,0.0,0.0,1577.6148122400016,647.2031974900003,0.0,0.0,0.0,0.0,0.0,0.0,0.0,0.0,0.0,0.0,2224.818009730002
t5102,0.0,0.0,0.0,0.0,0.0,0.0,919.6022890914321,0.0,0.0,0.0,0.0,0.0,0.0,0.0,0.0,0.0,0.0,919.6022890914321
t5103,0.0,0.0,0.0,0.0,0.0,0.0,0.0,0.0,0.0,0.0,0.0,0.0,0.0,0.0,0.0,0.0,0.0,0.0
t5104,0.0,0.0,0.0,0.0,0.0,0.0,0.0,0.0,0.0,0.0,0.0,0.0,0.0,0.0,0.0,0.0,0.0,0.0
t5105,0.0,0.0,0.0,0.0,0.0,0.0,0.0,0.0,0.0,0.0,0.0,0.0,0.0,0.0,0.0,0.0,0.0,0.0
t5106,0.0,0.0,0.0,0.0,0.0,0.0,0.0,0.0,0.0,0.0,0.0,0.0,0.0,0.0,0.0,0.0,0.0,0.0
t5107,0.0,0.0,0.0,0.0,0.0,0.0,0.0,0.0,0.0,0.0,0.0,0.0,0.0,0.0,0.0,0.0,0.0,0.0
t5108,0.0,0.0,0.0,0.0,0.0,0.0,0.0,0.0,0.0,0.0,0.0,0.0,0.0,0.0,0.0,0.0,0.0,0.0
t5109,0.0,0.0,0.0,0.0,0.0,0.0,0.0,0.0,0.0,0.0,0.0,0.0,0.0,0.0,0.0,0.0,0.0,0.0
t5110,0.0,0.0,0.0,0.0,0.0,0.0,0.0,0.0,0.0,0.0,0.0,0.0,0.0,0.0,0.0,0.0,0.0,0.0
t5111,0.0,0.0,0.0,0.0,0.0,0.0,0.0,0.0,0.0,0.0,0.0,0.0,0.0,0.0,0.0,0.0,0.0,0.0
t5112,0.0,0.0,0.0,0.0,0.0,0.0,0.0,0.0,0.0,0.0,0.0,0.0,0.0,0.0,0.0,0.0,0.0,0.0
t5113,0.0,0.0,0.0,0.0,0.0,0.0,0.0,0.0,0.0,0.0,0.0,0.0,0.0,0.0,0.0,0.0,0.0,0.0
t5114,0.0,0.0,0.0,0.0,0.0,0.0,0.0,0.0,0.0,0.0,0.0,0.0,0.0,0.0,0.0,0.0,0.0,0.0
t5115,0.0,0.0,0.0,0.0,0.0,0.0,0.0,0.0,0.0,0.0,0.0,0.0,0.0,0.0,0.0,0.0,0.0,0.0
t5116,0.0,0.0,0.0,0.0,0.0,0.0,0.0,0.0,0.0,0.0,0.0,0.0,0.0,0.0,0.0,0.0,0.0,0.0
t5117,0.0,0.0,0.0,0.0,0.0,0.0,0.0,0.0,0.0,0.0,0.0,0.0,0.0,0.0,0.0,0.0,0.0,0.0
t5118,0.0,0.0,0.0,0.0,0.0,0.0,0.0,0.0,0.0,0.0,0.0,0.0,0.0,0.0,0.0,0.0,0.0,0.0
t5119,0.0,0.0,0.0,0.0,0.0,0.0,0.0,0.0,0.0,0.0,0.0,0.0,0.0,0.0,0.0,0.0,0.0,0.0
t5120,1220.0,120.0,0.0,0.0,0.0,2591.3478158341736,0.0,549.4478756169715,0.0,0.0,0.0,0.0,0.0,0.0,0.0,0.0,0.0,4480.795691451145
t5121,1220.0,120.0,0.0,0.0,0.0,3673.896386239997,725.70001013,1111.948269517928,0.0,0.0,0.0,0.0,0.0,0.0,0.0,0.0,0.0,6851.544665887925
t5122,0.0,86.34729607000008,0.0,0.0,0.0,5670.745447632202,792.7536261300002,402.38965810423264,0.0,0.0,0.0,0.0,0.0,0.0,0.0,0.0,0.0,6952.236027936435
t5123,1220.0,0.0,0.0,0.0,0.0,4127.7055301599985,953.4739664,245.90676061535203,0.0,0.0,0.0,0.0,0.0,0.0,0.0,0.0,0.0,6547.0862571753505
t5124,0.0,0.0,0.0,0.0,0.0,4184.967404181226,854.992116772664,0.0,0.0,0.0,0.0,0.0,0.0,0.0,0.0,0.0,0.0,5039.95952095389
t5125,0.0,0.0,0.0,0.0,0.0,1417.7864875965522,1590.0,0.0,0.0,0.0,0.0,0.0,0.0,0.0,0.0,0.0,0.0,3007.7864875965524
t5126,0.0,0.0,0.0,0.0,0.0,0.0,240.18935349000037,0.0,0.0,0.0,0.0,0.0,0.0,0.0,0.0,0.0,0.0,240.18935349000037
t5127,0.0,0.0,0.0,0.0,0.0,0.0,0.0,0.0,0.0,0.0,0.0,0.0,0.0,0.0,0.0,0.0,0.0,0.0
t5128,0.0,0.0,0.0,0.0,0.0,0.0,0.0,0.0,0.0,0.0,0.0,0.0,0.0,0.0,0.0,0.0,0.0,0.0
t5129,0.0,0.0,0.0,0.0,0.0,0.0,0.0,0.0,0.0,0.0,0.0,0.0,0.0,0.0,0.0,0.0,0.0,0.0
t5130,0.0,0.0,0.0,0.0,0.0,0.0,0.0,0.0,0.0,0.0,0.0,0.0,0.0,0.0,0.0,0.0,0.0,0.0
t5131,0.0,0.0,0.0,0.0,0.0,0.0,0.0,0.0,0.0,0.0,0.0,0.0,0.0,0.0,0.0,0.0,0.0,0.0
t5132,0.0,0.0,0.0,0.0,0.0,0.0,0.0,0.0,0.0,0.0,0.0,0.0,0.0,0.0,0.0,0.0,0.0,0.0
t5133,0.0,0.0,0.0,0.0,0.0,0.0,0.0,0.0,0.0,0.0,0.0,0.0,0.0,0.0,0.0,0.0,0.0,0.0
t5134,0.0,0.0,0.0,0.0,0.0,0.0,0.0,0.0,0.0,0.0,0.0,0.0,0.0,0.0,0.0,0.0,0.0,0.0
t5135,0.0,0.0,0.0,0.0,0.0,0.0,0.0,0.0,0.0,0.0,0.0,0.0,0.0,0.0,0.0,0.0,0.0,0.0
t5136,0.0,0.0,0.0,0.0,0.0,0.0,0.0,0.0,0.0,0.0,0.0,0.0,0.0,0.0,0.0,0.0,0.0,0.0
t5137,0.0,0.0,0.0,0.0,0.0,0.0,0.0,0.0,0.0,0.0,0.0,0.0,0.0,0.0,0.0,0.0,0.0,0.0
t5138,0.0,0.0,0.0,0.0,0.0,0.0,0.0,0.0,0.0,0.0,0.0,0.0,0.0,0.0,0.0,0.0,0.0,0.0
t5139,0.0,0.0,0.0,0.0,0.0,0.0,0.0,0.0,0.0,0.0,0.0,0.0,0.0,0.0,0.0,0.0,0.0,0.0
t5140,0.0,0.0,0.0,0.0,0.0,0.0,0.0,0.0,0.0,0.0,0.0,0.0,0.0,0.0,0.0,0.0,0.0,0.0
t5141,0.0,0.0,0.0,0.0,0.0,0.0,0.0,0.0,0.0,0.0,0.0,0.0,0.0,0.0,0.0,0.0,0.0,0.0
t5142,0.0,0.0,0.0,0.0,0.0,0.0,0.0,0.0,0.0,0.0,0.0,0.0,0.0,0.0,0.0,0.0,0.0,0.0
t5143,0.0,0.0,0.0,0.0,0.0,0.0,0.0,0.0,0.0,0.0,0.0,0.0,0.0,0.0,0.0,0.0,0.0,0.0
t5144,1220.0,120.0,0.0,0.0,0.0,0.0,250.6511031429004,232.52726611784416,0.0,0.0,0.0,0.0,0.0,0.0,0.0,0.0,0.0,1823.1783692607446
t5145,821.0171352754425,120.0,0.0,0.0,0.0,5339.76422650717,484.4567474700001,645.1561741800014,0.0,0.0,0.0,0.0,0.0,0.0,0.0,0.0,0.0,7410.3942834326135
t5146,0.0,0.0,0.0,0.0,0.0,2767.90759421565,221.27172818999986,0.0,0.0,0.0,0.0,0.0,0.0,0.0,0.0,0.0,0.0,2989.17932240565
t5147,0.0,0.0,0.0,0.0,0.0,1495.1601371859097,236.90121598000013,0.0,0.0,0.0,0.0,0.0,0.0,0.0,0.0,0.0,0.0,1732.0613531659098
t5148,0.0,0.0,0.0,0.0,0.0,434.9955455683921,299.7637958999997,0.0,0.0,0.0,0.0,0.0,0.0,0.0,0.0,0.0,0.0,734.7593414683918
t5149,0.0,0.0,0.0,0.0,0.0,0.0,1590.0,0.0,0.0,0.0,0.0,0.0,0.0,0.0,0.0,0.0,0.0,1590.0
t5150,0.0,0.0,0.0,0.0,0.0,0.0,92.3896732199998,0.0,0.0,0.0,0.0,0.0,0.0,0.0,0.0,0.0,0.0,92.3896732199998
t5151,0.0,0.0,0.0,0.0,0.0,0.0,0.0,0.0,0.0,0.0,0.0,0.0,0.0,0.0,0.0,0.0,0.0,0.0
t5152,0.0,0.0,0.0,0.0,0.0,0.0,0.0,0.0,0.0,0.0,0.0,0.0,0.0,0.0,0.0,0.0,0.0,0.0
t5153,0.0,0.0,0.0,0.0,0.0,0.0,0.0,0.0,0.0,0.0,0.0,0.0,0.0,0.0,0.0,0.0,0.0,0.0
t5154,0.0,0.0,0.0,0.0,0.0,0.0,0.0,0.0,0.0,0.0,0.0,0.0,0.0,0.0,0.0,0.0,0.0,0.0
t5155,0.0,0.0,0.0,0.0,0.0,0.0,0.0,0.0,0.0,0.0,0.0,0.0,0.0,0.0,0.0,0.0,0.0,0.0
t5156,0.0,0.0,0.0,0.0,0.0,0.0,0.0,0.0,0.0,0.0,0.0,0.0,0.0,0.0,0.0,0.0,0.0,0.0
t5157,0.0,0.0,0.0,0.0,0.0,0.0,0.0,0.0,0.0,0.0,0.0,0.0,0.0,0.0,0.0,0.0,0.0,0.0
t5158,0.0,0.0,0.0,0.0,0.0,0.0,0.0,0.0,0.0,0.0,0.0,0.0,0.0,0.0,0.0,0.0,0.0,0.0
t5159,0.0,0.0,0.0,0.0,0.0,0.0,0.0,0.0,0.0,0.0,0.0,0.0,0.0,0.0,0.0,0.0,0.0,0.0
t5160,0.0,0.0,0.0,0.0,0.0,0.0,0.0,0.0,0.0,0.0,0.0,0.0,0.0,0.0,0.0,0.0,0.0,0.0
t5161,0.0,0.0,0.0,0.0,0.0,0.0,0.0,0.0,0.0,0.0,0.0,0.0,0.0,0.0,0.0,0.0,0.0,0.0
t5162,0.0,0.0,0.0,0.0,0.0,0.0,0.0,0.0,0.0,0.0,0.0,0.0,0.0,0.0,0.0,0.0,0.0,0.0
t5163,0.0,0.0,0.0,0.0,0.0,0.0,0.0,0.0,0.0,0.0,0.0,0.0,0.0,0.0,0.0,0.0,0.0,0.0
t5164,0.0,0.0,0.0,0.0,0.0,0.0,0.0,0.0,0.0,0.0,0.0,0.0,0.0,0.0,0.0,0.0,0.0,0.0
t5165,0.0,0.0,0.0,0.0,0.0,0.0,0.0,0.0,0.0,0.0,0.0,0.0,0.0,0.0,0.0,0.0,0.0,0.0
t5166,0.0,0.0,0.0,0.0,0.0,0.0,0.0,0.0,0.0,0.0,0.0,0.0,0.0,0.0,0.0,0.0,0.0,0.0
t5167,0.0,0.0,0.0,0.0,0.0,0.0,0.0,0.0,0.0,0.0,0.0,0.0,0.0,0.0,0.0,0.0,0.0,0.0
t5168,1220.0,120.0,708.3495713563628,0.0,295.50408121860494,869.78915635621,1372.4301985199997,1135.960806780003,0.0,0.0,0.0,0.0,0.0,0.0,0.0,0.0,0.0,5722.03381423118
t5169,0.0,120.0,0.0,0.0,0.0,4205.325464545334,917.711506261699,1950.0,0.0,0.0,0.0,0.0,0.0,0.0,0.0,0.0,0.0,7193.036970807034
t5170,1220.0,0.0,0.0,0.0,0.0,3646.508994849209,1069.34308788,1610.0459171700015,0.0,0.0,0.0,0.0,0.0,0.0,0.0,0.0,0.0,7545.897999899211
t5171,0.0,0.0,0.0,0.0,0.0,5099.462801241879,1006.0435557000003,722.2227991700009,0.0,0.0,0.0,0.0,0.0,0.0,0.0,0.0,0.0,6827.72915611188
t5172,1220.0,107.92470397000015,0.0,0.0,0.0,3142.8180358008462,996.9000005499997,0.0,0.0,0.0,0.0,0.0,0.0,0.0,0.0,0.0,0.0,5467.642740320845
t5173,0.0,0.0,0.0,0.0,0.0,3001.1031302413253,887.9010280669333,0.0,0.0,0.0,0.0,0.0,0.0,0.0,0.0,0.0,0.0,3889.0041583082584
t5174,0.0,0.0,0.0,0.0,0.0,0.0,0.0,0.0,0.0,0.0,0.0,0.0,0.0,0.0,0.0,0.0,0.0,0.0
t5175,0.0,0.0,0.0,0.0,0.0,0.0,0.0,0.0,0.0,0.0,0.0,0.0,0.0,0.0,0.0,0.0,0.0,0.0
t5176,0.0,0.0,0.0,0.0,0.0,0.0,0.0,0.0,0.0,0.0,0.0,0.0,0.0,0.0,0.0,0.0,0.0,0.0
t5177,0.0,0.0,0.0,0.0,0.0,0.0,0.0,0.0,0.0,0.0,0.0,0.0,0.0,0.0,0.0,0.0,0.0,0.0
t5178,0.0,0.0,0.0,0.0,0.0,0.0,0.0,0.0,0.0,0.0,0.0,0.0,0.0,0.0,0.0,0.0,0.0,0.0
t5179,0.0,0.0,0.0,0.0,0.0,0.0,0.0,0.0,0.0,0.0,0.0,0.0,0.0,0.0,0.0,0.0,0.0,0.0
t5180,0.0,0.0,0.0,0.0,0.0,0.0,0.0,0.0,0.0,0.0,0.0,0.0,0.0,0.0,0.0,0.0,0.0,0.0
t5181,0.0,0.0,0.0,0.0,0.0,0.0,0.0,0.0,0.0,0.0,0.0,0.0,0.0,0.0,0.0,0.0,0.0,0.0
t5182,0.0,0.0,0.0,0.0,0.0,0.0,0.0,0.0,0.0,0.0,0.0,0.0,0.0,0.0,0.0,0.0,0.0,0.0
t5183,0.0,0.0,0.0,0.0,0.0,0.0,0.0,0.0,0.0,0.0,0.0,0.0,0.0,0.0,0.0,0.0,0.0,0.0
t5184,0.0,0.0,0.0,0.0,0.0,0.0,0.0,0.0,0.0,0.0,0.0,0.0,0.0,0.0,0.0,0.0,0.0,0.0
t5185,0.0,0.0,0.0,0.0,0.0,0.0,0.0,0.0,0.0,0.0,0.0,0.0,0.0,0.0,0.0,0.0,0.0,0.0
t5186,0.0,0.0,0.0,0.0,0.0,0.0,0.0,0.0,0.0,0.0,0.0,0.0,0.0,0.0,0.0,0.0,0.0,0.0
t5187,0.0,0.0,0.0,0.0,0.0,0.0,0.0,0.0,0.0,0.0,0.0,0.0,0.0,0.0,0.0,0.0,0.0,0.0
t5188,0.0,0.0,0.0,0.0,0.0,0.0,0.0,0.0,0.0,0.0,0.0,0.0,0.0,0.0,0.0,0.0,0.0,0.0
t5189,0.0,0.0,0.0,0.0,0.0,0.0,0.0,0.0,0.0,0.0,0.0,0.0,0.0,0.0,0.0,0.0,0.0,0.0
t5190,0.0,0.0,0.0,0.0,0.0,0.0,0.0,0.0,0.0,0.0,0.0,0.0,0.0,0.0,0.0,0.0,0.0,0.0
t5191,0.0,0.0,0.0,0.0,0.0,0.0,0.0,0.0,0.0,0.0,0.0,0.0,0.0,0.0,0.0,0.0,0.0,0.0
t5192,0.0,0.0,0.0,0.0,754.060578900773,1969.5594024878349,0.0,1856.3454526422665,0.0,0.0,0.0,0.0,0.0,0.0,0.0,0.0,0.0,4579.965434030874
t5193,801.5949664962063,120.0,0.0,0.0,0.0,2545.795906825954,206.2065893484992,1163.6214526437984,0.0,0.0,0.0,0.0,0.0,0.0,0.0,0.0,0.0,4837.218915314457
t5194,0.0,0.0,953.1912679799996,0.0,0.0,5480.534562945877,831.1694416800001,1016.0805950584033,0.0,0.0,0.0,0.0,0.0,0.0,0.0,0.0,0.0,8280.97586766428
t5195,1220.0,120.0,0.0,0.0,0.0,4536.769962127691,1230.5521425499999,789.0153107800011,0.0,0.0,0.0,0.0,0.0,0.0,0.0,0.0,0.0,7896.337415457692
t5196,1220.0,0.0,0.0,0.0,0.0,3635.1730957724285,1155.4184144324115,0.0,0.0,0.0,0.0,0.0,0.0,0.0,0.0,0.0,0.0,6010.59151020484
t5197,0.0,0.0,532.4676515100003,0.0,0.0,2047.9897505957592,843.5561431100002,0.0,0.0,0.0,0.0,0.0,0.0,0.0,0.0,0.0,0.0,3424.01354521576
t5198,33.43974339091866,0.0,0.0,0.0,512.889091098011,0.0,708.8777105100002,0.0,0.0,0.0,0.0,0.0,0.0,0.0,0.0,0.0,0.0,1255.20654499893
t5199,0.0,0.0,0.0,0.0,0.0,0.0,0.0,0.0,0.0,0.0,0.0,0.0,0.0,0.0,0.0,0.0,0.0,0.0
t5200,0.0,0.0,0.0,0.0,0.0,0.0,0.0,0.0,0.0,0.0,0.0,0.0,0.0,0.0,0.0,0.0,0.0,0.0
t5201,0.0,0.0,0.0,0.0,0.0,0.0,0.0,0.0,0.0,0.0,0.0,0.0,0.0,0.0,0.0,0.0,0.0,0.0
t5202,0.0,0.0,0.0,0.0,0.0,0.0,0.0,0.0,0.0,0.0,0.0,0.0,0.0,0.0,0.0,0.0,0.0,0.0
t5203,0.0,0.0,0.0,0.0,0.0,0.0,0.0,0.0,0.0,0.0,0.0,0.0,0.0,0.0,0.0,0.0,0.0,0.0
t5204,0.0,0.0,0.0,0.0,0.0,0.0,0.0,0.0,0.0,0.0,0.0,0.0,0.0,0.0,0.0,0.0,0.0,0.0
t5205,0.0,0.0,0.0,0.0,0.0,0.0,0.0,0.0,0.0,0.0,0.0,0.0,0.0,0.0,0.0,0.0,0.0,0.0
t5206,0.0,0.0,0.0,0.0,0.0,0.0,0.0,0.0,0.0,0.0,0.0,0.0,0.0,0.0,0.0,0.0,0.0,0.0
t5207,0.0,0.0,0.0,0.0,0.0,0.0,0.0,0.0,0.0,0.0,0.0,0.0,0.0,0.0,0.0,0.0,0.0,0.0
t5208,0.0,0.0,0.0,0.0,0.0,0.0,0.0,0.0,0.0,0.0,0.0,0.0,0.0,0.0,0.0,0.0,0.0,0.0
t5209,0.0,0.0,0.0,0.0,0.0,0.0,0.0,0.0,0.0,0.0,0.0,0.0,0.0,0.0,0.0,0.0,0.0,0.0
t5210,0.0,0.0,0.0,0.0,0.0,0.0,0.0,0.0,0.0,0.0,0.0,0.0,0.0,0.0,0.0,0.0,0.0,0.0
t5211,0.0,0.0,0.0,0.0,0.0,0.0,0.0,0.0,0.0,0.0,0.0,0.0,0.0,0.0,0.0,0.0,0.0,0.0
t5212,0.0,0.0,0.0,0.0,0.0,0.0,0.0,0.0,0.0,0.0,0.0,0.0,0.0,0.0,0.0,0.0,0.0,0.0
t5213,0.0,0.0,0.0,0.0,0.0,0.0,0.0,0.0,0.0,0.0,0.0,0.0,0.0,0.0,0.0,0.0,0.0,0.0
t5214,0.0,0.0,0.0,0.0,0.0,0.0,0.0,0.0,0.0,0.0,0.0,0.0,0.0,0.0,0.0,0.0,0.0,0.0
t5215,0.0,0.0,0.0,0.0,0.0,0.0,0.0,0.0,0.0,0.0,0.0,0.0,0.0,0.0,0.0,0.0,0.0,0.0
t5216,0.0,0.0,0.0,0.0,0.0,2167.8386055063115,0.0,0.0,0.0,0.0,0.0,0.0,0.0,0.0,0.0,0.0,0.0,2167.8386055063115
t5217,1220.0,0.0,0.0,0.0,0.0,2728.190975782961,1059.662745374831,0.0,0.0,0.0,0.0,0.0,0.0,0.0,0.0,0.0,0.0,5007.853721157791
t5218,1220.0,0.0,0.0,0.0,0.0,3607.8698003999993,348.41915803,0.0,0.0,0.0,0.0,0.0,0.0,0.0,0.0,0.0,0.0,5176.28895843
t5219,802.6711812600005,0.0,0.0,0.0,0.0,0.0,1255.6666088633483,0.0,0.0,0.0,0.0,0.0,0.0,0.0,0.0,0.0,0.0,2058.337790123349
t5220,11.948178889975138,0.0,0.0,0.0,0.0,0.0,0.0,0.0,0.0,0.0,0.0,0.0,0.0,0.0,0.0,0.0,0.0,11.948178889975138
t5221,0.0,0.0,0.0,0.0,0.0,0.0,0.0,0.0,0.0,0.0,0.0,0.0,0.0,0.0,0.0,0.0,0.0,0.0
t5222,0.0,0.0,0.0,0.0,0.0,0.0,0.0,0.0,0.0,0.0,0.0,0.0,0.0,0.0,0.0,0.0,0.0,0.0
t5223,0.0,0.0,0.0,0.0,0.0,0.0,0.0,0.0,0.0,0.0,0.0,0.0,0.0,0.0,0.0,0.0,0.0,0.0
t5224,0.0,0.0,0.0,0.0,0.0,0.0,0.0,0.0,0.0,0.0,0.0,0.0,0.0,0.0,0.0,0.0,0.0,0.0
t5225,0.0,0.0,0.0,0.0,0.0,0.0,0.0,0.0,0.0,0.0,0.0,0.0,0.0,0.0,0.0,0.0,0.0,0.0
t5226,0.0,0.0,0.0,0.0,0.0,0.0,0.0,0.0,0.0,0.0,0.0,0.0,0.0,0.0,0.0,0.0,0.0,0.0
t5227,0.0,0.0,0.0,0.0,0.0,0.0,0.0,0.0,0.0,0.0,0.0,0.0,0.0,0.0,0.0,0.0,0.0,0.0
t5228,0.0,0.0,0.0,0.0,0.0,0.0,0.0,0.0,0.0,0.0,0.0,0.0,0.0,0.0,0.0,0.0,0.0,0.0
t5229,0.0,0.0,0.0,0.0,0.0,0.0,0.0,0.0,0.0,0.0,0.0,0.0,0.0,0.0,0.0,0.0,0.0,0.0
t5230,0.0,0.0,0.0,0.0,0.0,0.0,0.0,0.0,0.0,0.0,0.0,0.0,0.0,0.0,0.0,0.0,0.0,0.0
t5231,0.0,0.0,0.0,0.0,0.0,0.0,0.0,0.0,0.0,0.0,0.0,0.0,0.0,0.0,0.0,0.0,0.0,0.0
t5232,0.0,0.0,0.0,0.0,0.0,0.0,0.0,0.0,0.0,0.0,0.0,0.0,0.0,0.0,0.0,0.0,0.0,0.0
t5233,0.0,0.0,0.0,0.0,0.0,0.0,0.0,0.0,0.0,0.0,0.0,0.0,0.0,0.0,0.0,0.0,0.0,0.0
t5234,0.0,0.0,0.0,0.0,0.0,0.0,0.0,0.0,0.0,0.0,0.0,0.0,0.0,0.0,0.0,0.0,0.0,0.0
t5235,0.0,0.0,0.0,0.0,0.0,0.0,0.0,0.0,0.0,0.0,0.0,0.0,0.0,0.0,0.0,0.0,0.0,0.0
t5236,0.0,0.0,0.0,0.0,0.0,0.0,0.0,0.0,0.0,0.0,0.0,0.0,0.0,0.0,0.0,0.0,0.0,0.0
t5237,0.0,0.0,0.0,0.0,0.0,0.0,0.0,0.0,0.0,0.0,0.0,0.0,0.0,0.0,0.0,0.0,0.0,0.0
t5238,0.0,0.0,0.0,0.0,0.0,0.0,0.0,0.0,0.0,0.0,0.0,0.0,0.0,0.0,0.0,0.0,0.0,0.0
t5239,0.0,0.0,0.0,0.0,0.0,0.0,0.0,0.0,0.0,0.0,0.0,0.0,0.0,0.0,0.0,0.0,0.0,0.0
t5240,1220.0,81.07647897000008,0.0,0.0,0.0,3253.986722028302,0.0,1033.1631427800005,0.0,0.0,0.0,0.0,0.0,0.0,0.0,0.0,0.0,5588.226343778302
t5241,1220.0,87.53189767000008,0.0,0.0,0.0,4265.827329418056,0.0,823.1315527800007,0.0,0.0,0.0,0.0,0.0,0.0,0.0,0.0,0.0,6396.490779868057
t5242,1022.4628362832857,0.0,0.0,0.0,0.0,5072.270961065813,0.0,687.7718988200006,0.0,0.0,0.0,0.0,0.0,0.0,0.0,0.0,0.0,6782.505696169099
t5243,1121.1887206199997,0.0,0.0,0.0,0.0,4021.5226946818348,556.1652916100004,160.43084678000176,0.0,0.0,0.0,0.0,0.0,0.0,0.0,0.0,0.0,5859.307553691837
t5244,560.3217197339048,0.0,0.0,0.0,0.0,2356.8634658699593,1590.0,0.0,0.0,0.0,0.0,0.0,0.0,0.0,0.0,0.0,0.0,4507.185185603865
t5245,0.0,0.0,0.0,0.0,0.0,0.0,711.2551787166227,0.0,0.0,0.0,0.0,0.0,0.0,0.0,0.0,0.0,0.0,711.2551787166227
t5246,0.0,0.0,0.0,0.0,0.0,0.0,0.0,0.0,0.0,0.0,0.0,0.0,0.0,0.0,0.0,0.0,0.0,0.0
t5247,0.0,0.0,0.0,0.0,0.0,0.0,0.0,0.0,0.0,0.0,0.0,0.0,0.0,0.0,0.0,0.0,0.0,0.0
t5248,0.0,0.0,0.0,0.0,0.0,0.0,0.0,0.0,0.0,0.0,0.0,0.0,0.0,0.0,0.0,0.0,0.0,0.0
t5249,0.0,0.0,0.0,0.0,0.0,0.0,0.0,0.0,0.0,0.0,0.0,0.0,0.0,0.0,0.0,0.0,0.0,0.0
t5250,0.0,0.0,0.0,0.0,0.0,0.0,0.0,0.0,0.0,0.0,0.0,0.0,0.0,0.0,0.0,0.0,0.0,0.0
t5251,0.0,0.0,0.0,0.0,0.0,0.0,0.0,0.0,0.0,0.0,0.0,0.0,0.0,0.0,0.0,0.0,0.0,0.0
t5252,0.0,0.0,0.0,0.0,0.0,0.0,0.0,0.0,0.0,0.0,0.0,0.0,0.0,0.0,0.0,0.0,0.0,0.0
t5253,0.0,0.0,0.0,0.0,0.0,0.0,0.0,0.0,0.0,0.0,0.0,0.0,0.0,0.0,0.0,0.0,0.0,0.0
t5254,0.0,0.0,0.0,0.0,0.0,0.0,0.0,0.0,0.0,0.0,0.0,0.0,0.0,0.0,0.0,0.0,0.0,0.0
t5255,0.0,0.0,0.0,0.0,0.0,0.0,0.0,0.0,0.0,0.0,0.0,0.0,0.0,0.0,0.0,0.0,0.0,0.0
t5256,0.0,0.0,0.0,0.0,0.0,0.0,0.0,0.0,0.0,0.0,0.0,0.0,0.0,0.0,0.0,0.0,0.0,0.0
t5257,0.0,0.0,0.0,0.0,0.0,0.0,0.0,0.0,0.0,0.0,0.0,0.0,0.0,0.0,0.0,0.0,0.0,0.0
t5258,0.0,0.0,0.0,0.0,0.0,0.0,0.0,0.0,0.0,0.0,0.0,0.0,0.0,0.0,0.0,0.0,0.0,0.0
t5259,0.0,0.0,0.0,0.0,0.0,0.0,0.0,0.0,0.0,0.0,0.0,0.0,0.0,0.0,0.0,0.0,0.0,0.0
t5260,0.0,0.0,0.0,0.0,0.0,0.0,0.0,0.0,0.0,0.0,0.0,0.0,0.0,0.0,0.0,0.0,0.0,0.0
t5261,0.0,0.0,0.0,0.0,0.0,0.0,0.0,0.0,0.0,0.0,0.0,0.0,0.0,0.0,0.0,0.0,0.0,0.0
t5262,0.0,0.0,0.0,0.0,0.0,0.0,0.0,0.0,0.0,0.0,0.0,0.0,0.0,0.0,0.0,0.0,0.0,0.0
t5263,0.0,0.0,0.0,0.0,0.0,0.0,0.0,481.64571436000017,0.0,0.0,0.0,0.0,0.0,0.0,0.0,0.0,0.0,481.64571436000017
t5264,1220.0,120.0,0.0,0.0,0.0,5400.019632900067,50.706866460000334,1049.9565723600003,0.0,0.0,0.0,0.0,0.0,0.0,0.0,0.0,0.0,7840.683071720068
t5265,1064.6524742134525,120.0,0.0,0.0,0.0,5500.8184827474515,1590.0,804.6963587799987,0.0,0.0,0.0,0.0,0.0,0.0,0.0,0.0,0.0,9080.167315740902
t5266,1220.0,85.59970116999988,0.0,0.0,0.0,3849.3472903362253,556.2399200800004,182.67983018000078,0.0,0.0,0.0,0.0,0.0,0.0,0.0,0.0,0.0,5893.866741766226
t5267,1220.0,0.0,0.0,0.0,0.0,3206.088699173666,650.5915645399998,0.0,0.0,0.0,0.0,0.0,0.0,0.0,0.0,0.0,0.0,5076.680263713666
t5268,419.3208024237375,0.0,0.0,0.0,0.0,5158.944428949749,693.0316234300002,0.0,0.0,0.0,0.0,0.0,0.0,0.0,0.0,0.0,0.0,6271.296854803486
t5269,0.0,0.0,0.0,0.0,0.0,1577.6148122400016,647.2031974900003,0.0,0.0,0.0,0.0,0.0,0.0,0.0,0.0,0.0,0.0,2224.818009730002
t5270,0.0,0.0,0.0,0.0,0.0,0.0,919.6022890914321,0.0,0.0,0.0,0.0,0.0,0.0,0.0,0.0,0.0,0.0,919.6022890914321
t5271,0.0,0.0,0.0,0.0,0.0,0.0,0.0,0.0,0.0,0.0,0.0,0.0,0.0,0.0,0.0,0.0,0.0,0.0
t5272,0.0,0.0,0.0,0.0,0.0,0.0,0.0,0.0,0.0,0.0,0.0,0.0,0.0,0.0,0.0,0.0,0.0,0.0
t5273,0.0,0.0,0.0,0.0,0.0,0.0,0.0,0.0,0.0,0.0,0.0,0.0,0.0,0.0,0.0,0.0,0.0,0.0
t5274,0.0,0.0,0.0,0.0,0.0,0.0,0.0,0.0,0.0,0.0,0.0,0.0,0.0,0.0,0.0,0.0,0.0,0.0
t5275,0.0,0.0,0.0,0.0,0.0,0.0,0.0,0.0,0.0,0.0,0.0,0.0,0.0,0.0,0.0,0.0,0.0,0.0
t5276,0.0,0.0,0.0,0.0,0.0,0.0,0.0,0.0,0.0,0.0,0.0,0.0,0.0,0.0,0.0,0.0,0.0,0.0
t5277,0.0,0.0,0.0,0.0,0.0,0.0,0.0,0.0,0.0,0.0,0.0,0.0,0.0,0.0,0.0,0.0,0.0,0.0
t5278,0.0,0.0,0.0,0.0,0.0,0.0,0.0,0.0,0.0,0.0,0.0,0.0,0.0,0.0,0.0,0.0,0.0,0.0
t5279,0.0,0.0,0.0,0.0,0.0,0.0,0.0,0.0,0.0,0.0,0.0,0.0,0.0,0.0,0.0,0.0,0.0,0.0
t5280,0.0,0.0,0.0,0.0,0.0,0.0,0.0,0.0,0.0,0.0,0.0,0.0,0.0,0.0,0.0,0.0,0.0,0.0
t5281,0.0,0.0,0.0,0.0,0.0,0.0,0.0,0.0,0.0,0.0,0.0,0.0,0.0,0.0,0.0,0.0,0.0,0.0
t5282,0.0,0.0,0.0,0.0,0.0,0.0,0.0,0.0,0.0,0.0,0.0,0.0,0.0,0.0,0.0,0.0,0.0,0.0
t5283,0.0,0.0,0.0,0.0,0.0,0.0,0.0,0.0,0.0,0.0,0.0,0.0,0.0,0.0,0.0,0.0,0.0,0.0
t5284,0.0,0.0,0.0,0.0,0.0,0.0,0.0,0.0,0.0,0.0,0.0,0.0,0.0,0.0,0.0,0.0,0.0,0.0
t5285,0.0,0.0,0.0,0.0,0.0,0.0,0.0,0.0,0.0,0.0,0.0,0.0,0.0,0.0,0.0,0.0,0.0,0.0
t5286,0.0,0.0,0.0,0.0,0.0,0.0,0.0,0.0,0.0,0.0,0.0,0.0,0.0,0.0,0.0,0.0,0.0,0.0
t5287,0.0,0.0,0.0,0.0,0.0,0.0,0.0,0.0,0.0,0.0,0.0,0.0,0.0,0.0,0.0,0.0,0.0,0.0
t5288,1220.0,120.0,0.0,0.0,0.0,2591.3478158341736,0.0,549.4478756169715,0.0,0.0,0.0,0.0,0.0,0.0,0.0,0.0,0.0,4480.795691451145
t5289,1220.0,120.0,0.0,0.0,0.0,3673.896386239997,725.70001013,1111.948269517928,0.0,0.0,0.0,0.0,0.0,0.0,0.0,0.0,0.0,6851.544665887925
t5290,0.0,86.34729607000008,0.0,0.0,0.0,5670.745447632202,792.7536261300002,402.38965810423264,0.0,0.0,0.0,0.0,0.0,0.0,0.0,0.0,0.0,6952.236027936435
t5291,1220.0,0.0,0.0,0.0,0.0,4127.7055301599985,953.4739664,245.90676061535203,0.0,0.0,0.0,0.0,0.0,0.0,0.0,0.0,0.0,6547.0862571753505
t5292,0.0,0.0,0.0,0.0,0.0,4184.967404181226,854.992116772664,0.0,0.0,0.0,0.0,0.0,0.0,0.0,0.0,0.0,0.0,5039.95952095389
t5293,0.0,0.0,0.0,0.0,0.0,1417.7864875965522,1590.0,0.0,0.0,0.0,0.0,0.0,0.0,0.0,0.0,0.0,0.0,3007.7864875965524
t5294,0.0,0.0,0.0,0.0,0.0,0.0,240.18935349000037,0.0,0.0,0.0,0.0,0.0,0.0,0.0,0.0,0.0,0.0,240.18935349000037
t5295,0.0,0.0,0.0,0.0,0.0,0.0,0.0,0.0,0.0,0.0,0.0,0.0,0.0,0.0,0.0,0.0,0.0,0.0
t5296,0.0,0.0,0.0,0.0,0.0,0.0,0.0,0.0,0.0,0.0,0.0,0.0,0.0,0.0,0.0,0.0,0.0,0.0
t5297,0.0,0.0,0.0,0.0,0.0,0.0,0.0,0.0,0.0,0.0,0.0,0.0,0.0,0.0,0.0,0.0,0.0,0.0
t5298,0.0,0.0,0.0,0.0,0.0,0.0,0.0,0.0,0.0,0.0,0.0,0.0,0.0,0.0,0.0,0.0,0.0,0.0
t5299,0.0,0.0,0.0,0.0,0.0,0.0,0.0,0.0,0.0,0.0,0.0,0.0,0.0,0.0,0.0,0.0,0.0,0.0
t5300,0.0,0.0,0.0,0.0,0.0,0.0,0.0,0.0,0.0,0.0,0.0,0.0,0.0,0.0,0.0,0.0,0.0,0.0
t5301,0.0,0.0,0.0,0.0,0.0,0.0,0.0,0.0,0.0,0.0,0.0,0.0,0.0,0.0,0.0,0.0,0.0,0.0
t5302,0.0,0.0,0.0,0.0,0.0,0.0,0.0,0.0,0.0,0.0,0.0,0.0,0.0,0.0,0.0,0.0,0.0,0.0
t5303,0.0,0.0,0.0,0.0,0.0,0.0,0.0,0.0,0.0,0.0,0.0,0.0,0.0,0.0,0.0,0.0,0.0,0.0
t5304,0.0,0.0,0.0,0.0,0.0,0.0,0.0,0.0,0.0,0.0,0.0,0.0,0.0,0.0,0.0,0.0,0.0,0.0
t5305,0.0,0.0,0.0,0.0,0.0,0.0,0.0,0.0,0.0,0.0,0.0,0.0,0.0,0.0,0.0,0.0,0.0,0.0
t5306,0.0,0.0,0.0,0.0,0.0,0.0,0.0,0.0,0.0,0.0,0.0,0.0,0.0,0.0,0.0,0.0,0.0,0.0
t5307,0.0,0.0,0.0,0.0,0.0,0.0,0.0,0.0,0.0,0.0,0.0,0.0,0.0,0.0,0.0,0.0,0.0,0.0
t5308,0.0,0.0,0.0,0.0,0.0,0.0,0.0,0.0,0.0,0.0,0.0,0.0,0.0,0.0,0.0,0.0,0.0,0.0
t5309,0.0,0.0,0.0,0.0,0.0,0.0,0.0,0.0,0.0,0.0,0.0,0.0,0.0,0.0,0.0,0.0,0.0,0.0
t5310,0.0,0.0,0.0,0.0,0.0,0.0,0.0,0.0,0.0,0.0,0.0,0.0,0.0,0.0,0.0,0.0,0.0,0.0
t5311,0.0,0.0,0.0,0.0,0.0,0.0,0.0,0.0,0.0,0.0,0.0,0.0,0.0,0.0,0.0,0.0,0.0,0.0
t5312,1220.0,120.0,0.0,0.0,0.0,0.0,250.6511031429004,232.52726611784416,0.0,0.0,0.0,0.0,0.0,0.0,0.0,0.0,0.0,1823.1783692607446
t5313,821.0171352754425,120.0,0.0,0.0,0.0,5339.76422650717,484.4567474700001,645.1561741800014,0.0,0.0,0.0,0.0,0.0,0.0,0.0,0.0,0.0,7410.3942834326135
t5314,0.0,0.0,0.0,0.0,0.0,2767.90759421565,221.27172818999986,0.0,0.0,0.0,0.0,0.0,0.0,0.0,0.0,0.0,0.0,2989.17932240565
t5315,0.0,0.0,0.0,0.0,0.0,1495.1601371859097,236.90121598000013,0.0,0.0,0.0,0.0,0.0,0.0,0.0,0.0,0.0,0.0,1732.0613531659098
t5316,0.0,0.0,0.0,0.0,0.0,434.9955455683921,299.7637958999997,0.0,0.0,0.0,0.0,0.0,0.0,0.0,0.0,0.0,0.0,734.7593414683918
t5317,0.0,0.0,0.0,0.0,0.0,0.0,1590.0,0.0,0.0,0.0,0.0,0.0,0.0,0.0,0.0,0.0,0.0,1590.0
t5318,0.0,0.0,0.0,0.0,0.0,0.0,92.3896732199998,0.0,0.0,0.0,0.0,0.0,0.0,0.0,0.0,0.0,0.0,92.3896732199998
t5319,0.0,0.0,0.0,0.0,0.0,0.0,0.0,0.0,0.0,0.0,0.0,0.0,0.0,0.0,0.0,0.0,0.0,0.0
t5320,0.0,0.0,0.0,0.0,0.0,0.0,0.0,0.0,0.0,0.0,0.0,0.0,0.0,0.0,0.0,0.0,0.0,0.0
t5321,0.0,0.0,0.0,0.0,0.0,0.0,0.0,0.0,0.0,0.0,0.0,0.0,0.0,0.0,0.0,0.0,0.0,0.0
t5322,0.0,0.0,0.0,0.0,0.0,0.0,0.0,0.0,0.0,0.0,0.0,0.0,0.0,0.0,0.0,0.0,0.0,0.0
t5323,0.0,0.0,0.0,0.0,0.0,0.0,0.0,0.0,0.0,0.0,0.0,0.0,0.0,0.0,0.0,0.0,0.0,0.0
t5324,0.0,0.0,0.0,0.0,0.0,0.0,0.0,0.0,0.0,0.0,0.0,0.0,0.0,0.0,0.0,0.0,0.0,0.0
t5325,0.0,0.0,0.0,0.0,0.0,0.0,0.0,0.0,0.0,0.0,0.0,0.0,0.0,0.0,0.0,0.0,0.0,0.0
t5326,0.0,0.0,0.0,0.0,0.0,0.0,0.0,0.0,0.0,0.0,0.0,0.0,0.0,0.0,0.0,0.0,0.0,0.0
t5327,0.0,0.0,0.0,0.0,0.0,0.0,0.0,0.0,0.0,0.0,0.0,0.0,0.0,0.0,0.0,0.0,0.0,0.0
t5328,0.0,0.0,0.0,0.0,0.0,0.0,0.0,0.0,0.0,0.0,0.0,0.0,0.0,0.0,0.0,0.0,0.0,0.0
t5329,0.0,0.0,0.0,0.0,0.0,0.0,0.0,0.0,0.0,0.0,0.0,0.0,0.0,0.0,0.0,0.0,0.0,0.0
t5330,0.0,0.0,0.0,0.0,0.0,0.0,0.0,0.0,0.0,0.0,0.0,0.0,0.0,0.0,0.0,0.0,0.0,0.0
t5331,0.0,0.0,0.0,0.0,0.0,0.0,0.0,0.0,0.0,0.0,0.0,0.0,0.0,0.0,0.0,0.0,0.0,0.0
t5332,0.0,0.0,0.0,0.0,0.0,0.0,0.0,0.0,0.0,0.0,0.0,0.0,0.0,0.0,0.0,0.0,0.0,0.0
t5333,0.0,0.0,0.0,0.0,0.0,0.0,0.0,0.0,0.0,0.0,0.0,0.0,0.0,0.0,0.0,0.0,0.0,0.0
t5334,0.0,0.0,0.0,0.0,0.0,0.0,0.0,0.0,0.0,0.0,0.0,0.0,0.0,0.0,0.0,0.0,0.0,0.0
t5335,0.0,0.0,0.0,0.0,0.0,0.0,0.0,0.0,0.0,0.0,0.0,0.0,0.0,0.0,0.0,0.0,0.0,0.0
t5336,1220.0,120.0,708.3495713563628,0.0,295.50408121860494,869.78915635621,1372.4301985199997,1135.960806780003,0.0,0.0,0.0,0.0,0.0,0.0,0.0,0.0,0.0,5722.03381423118
t5337,0.0,120.0,0.0,0.0,0.0,4205.325464545334,917.711506261699,1950.0,0.0,0.0,0.0,0.0,0.0,0.0,0.0,0.0,0.0,7193.036970807034
t5338,1220.0,0.0,0.0,0.0,0.0,3646.508994849209,1069.34308788,1610.0459171700015,0.0,0.0,0.0,0.0,0.0,0.0,0.0,0.0,0.0,7545.897999899211
t5339,0.0,0.0,0.0,0.0,0.0,5099.462801241879,1006.0435557000003,722.2227991700009,0.0,0.0,0.0,0.0,0.0,0.0,0.0,0.0,0.0,6827.72915611188
t5340,1220.0,107.92470397000015,0.0,0.0,0.0,3142.8180358008462,996.9000005499997,0.0,0.0,0.0,0.0,0.0,0.0,0.0,0.0,0.0,0.0,5467.642740320845
t5341,0.0,0.0,0.0,0.0,0.0,3001.1031302413253,887.9010280669333,0.0,0.0,0.0,0.0,0.0,0.0,0.0,0.0,0.0,0.0,3889.0041583082584
t5342,0.0,0.0,0.0,0.0,0.0,0.0,0.0,0.0,0.0,0.0,0.0,0.0,0.0,0.0,0.0,0.0,0.0,0.0
t5343,0.0,0.0,0.0,0.0,0.0,0.0,0.0,0.0,0.0,0.0,0.0,0.0,0.0,0.0,0.0,0.0,0.0,0.0
t5344,0.0,0.0,0.0,0.0,0.0,0.0,0.0,0.0,0.0,0.0,0.0,0.0,0.0,0.0,0.0,0.0,0.0,0.0
t5345,0.0,0.0,0.0,0.0,0.0,0.0,0.0,0.0,0.0,0.0,0.0,0.0,0.0,0.0,0.0,0.0,0.0,0.0
t5346,0.0,0.0,0.0,0.0,0.0,0.0,0.0,0.0,0.0,0.0,0.0,0.0,0.0,0.0,0.0,0.0,0.0,0.0
t5347,0.0,0.0,0.0,0.0,0.0,0.0,0.0,0.0,0.0,0.0,0.0,0.0,0.0,0.0,0.0,0.0,0.0,0.0
t5348,0.0,0.0,0.0,0.0,0.0,0.0,0.0,0.0,0.0,0.0,0.0,0.0,0.0,0.0,0.0,0.0,0.0,0.0
t5349,0.0,0.0,0.0,0.0,0.0,0.0,0.0,0.0,0.0,0.0,0.0,0.0,0.0,0.0,0.0,0.0,0.0,0.0
t5350,0.0,0.0,0.0,0.0,0.0,0.0,0.0,0.0,0.0,0.0,0.0,0.0,0.0,0.0,0.0,0.0,0.0,0.0
t5351,0.0,0.0,0.0,0.0,0.0,0.0,0.0,0.0,0.0,0.0,0.0,0.0,0.0,0.0,0.0,0.0,0.0,0.0
t5352,0.0,0.0,0.0,0.0,0.0,0.0,0.0,0.0,0.0,0.0,0.0,0.0,0.0,0.0,0.0,0.0,0.0,0.0
t5353,0.0,0.0,0.0,0.0,0.0,0.0,0.0,0.0,0.0,0.0,0.0,0.0,0.0,0.0,0.0,0.0,0.0,0.0
t5354,0.0,0.0,0.0,0.0,0.0,0.0,0.0,0.0,0.0,0.0,0.0,0.0,0.0,0.0,0.0,0.0,0.0,0.0
t5355,0.0,0.0,0.0,0.0,0.0,0.0,0.0,0.0,0.0,0.0,0.0,0.0,0.0,0.0,0.0,0.0,0.0,0.0
t5356,0.0,0.0,0.0,0.0,0.0,0.0,0.0,0.0,0.0,0.0,0.0,0.0,0.0,0.0,0.0,0.0,0.0,0.0
t5357,0.0,0.0,0.0,0.0,0.0,0.0,0.0,0.0,0.0,0.0,0.0,0.0,0.0,0.0,0.0,0.0,0.0,0.0
t5358,0.0,0.0,0.0,0.0,0.0,0.0,0.0,0.0,0.0,0.0,0.0,0.0,0.0,0.0,0.0,0.0,0.0,0.0
t5359,0.0,0.0,0.0,0.0,0.0,0.0,0.0,0.0,0.0,0.0,0.0,0.0,0.0,0.0,0.0,0.0,0.0,0.0
t5360,0.0,0.0,0.0,0.0,754.060578900773,1969.5594024878349,0.0,1856.3454526422665,0.0,0.0,0.0,0.0,0.0,0.0,0.0,0.0,0.0,4579.965434030874
t5361,801.5949664962063,120.0,0.0,0.0,0.0,2545.795906825954,206.2065893484992,1163.6214526437984,0.0,0.0,0.0,0.0,0.0,0.0,0.0,0.0,0.0,4837.218915314457
t5362,0.0,0.0,953.1912679799996,0.0,0.0,5480.534562945877,831.1694416800001,1016.0805950584033,0.0,0.0,0.0,0.0,0.0,0.0,0.0,0.0,0.0,8280.97586766428
t5363,1220.0,120.0,0.0,0.0,0.0,4536.769962127691,1230.5521425499999,789.0153107800011,0.0,0.0,0.0,0.0,0.0,0.0,0.0,0.0,0.0,7896.337415457692
t5364,1220.0,0.0,0.0,0.0,0.0,3635.1730957724285,1155.4184144324115,0.0,0.0,0.0,0.0,0.0,0.0,0.0,0.0,0.0,0.0,6010.59151020484
t5365,0.0,0.0,532.4676515100003,0.0,0.0,2047.9897505957592,843.5561431100002,0.0,0.0,0.0,0.0,0.0,0.0,0.0,0.0,0.0,0.0,3424.01354521576
t5366,33.43974339091866,0.0,0.0,0.0,512.889091098011,0.0,708.8777105100002,0.0,0.0,0.0,0.0,0.0,0.0,0.0,0.0,0.0,0.0,1255.20654499893
t5367,0.0,0.0,0.0,0.0,0.0,0.0,0.0,0.0,0.0,0.0,0.0,0.0,0.0,0.0,0.0,0.0,0.0,0.0
t5368,0.0,0.0,0.0,0.0,0.0,0.0,0.0,0.0,0.0,0.0,0.0,0.0,0.0,0.0,0.0,0.0,0.0,0.0
t5369,0.0,0.0,0.0,0.0,0.0,0.0,0.0,0.0,0.0,0.0,0.0,0.0,0.0,0.0,0.0,0.0,0.0,0.0
t5370,0.0,0.0,0.0,0.0,0.0,0.0,0.0,0.0,0.0,0.0,0.0,0.0,0.0,0.0,0.0,0.0,0.0,0.0
t5371,0.0,0.0,0.0,0.0,0.0,0.0,0.0,0.0,0.0,0.0,0.0,0.0,0.0,0.0,0.0,0.0,0.0,0.0
t5372,0.0,0.0,0.0,0.0,0.0,0.0,0.0,0.0,0.0,0.0,0.0,0.0,0.0,0.0,0.0,0.0,0.0,0.0
t5373,0.0,0.0,0.0,0.0,0.0,0.0,0.0,0.0,0.0,0.0,0.0,0.0,0.0,0.0,0.0,0.0,0.0,0.0
t5374,0.0,0.0,0.0,0.0,0.0,0.0,0.0,0.0,0.0,0.0,0.0,0.0,0.0,0.0,0.0,0.0,0.0,0.0
t5375,0.0,0.0,0.0,0.0,0.0,0.0,0.0,0.0,0.0,0.0,0.0,0.0,0.0,0.0,0.0,0.0,0.0,0.0
t5376,0.0,0.0,0.0,0.0,0.0,0.0,0.0,0.0,0.0,0.0,0.0,0.0,0.0,0.0,0.0,0.0,0.0,0.0
t5377,0.0,0.0,0.0,0.0,0.0,0.0,0.0,0.0,0.0,0.0,0.0,0.0,0.0,0.0,0.0,0.0,0.0,0.0
t5378,0.0,0.0,0.0,0.0,0.0,0.0,0.0,0.0,0.0,0.0,0.0,0.0,0.0,0.0,0.0,0.0,0.0,0.0
t5379,0.0,0.0,0.0,0.0,0.0,0.0,0.0,0.0,0.0,0.0,0.0,0.0,0.0,0.0,0.0,0.0,0.0,0.0
t5380,0.0,0.0,0.0,0.0,0.0,0.0,0.0,0.0,0.0,0.0,0.0,0.0,0.0,0.0,0.0,0.0,0.0,0.0
t5381,0.0,0.0,0.0,0.0,0.0,0.0,0.0,0.0,0.0,0.0,0.0,0.0,0.0,0.0,0.0,0.0,0.0,0.0
t5382,0.0,0.0,0.0,0.0,0.0,0.0,0.0,0.0,0.0,0.0,0.0,0.0,0.0,0.0,0.0,0.0,0.0,0.0
t5383,0.0,0.0,0.0,0.0,0.0,0.0,0.0,0.0,0.0,0.0,0.0,0.0,0.0,0.0,0.0,0.0,0.0,0.0
t5384,0.0,0.0,0.0,0.0,0.0,2167.8386055063115,0.0,0.0,0.0,0.0,0.0,0.0,0.0,0.0,0.0,0.0,0.0,2167.8386055063115
t5385,1220.0,0.0,0.0,0.0,0.0,2728.190975782961,1059.662745374831,0.0,0.0,0.0,0.0,0.0,0.0,0.0,0.0,0.0,0.0,5007.853721157791
t5386,1220.0,0.0,0.0,0.0,0.0,3607.8698003999993,348.41915803,0.0,0.0,0.0,0.0,0.0,0.0,0.0,0.0,0.0,0.0,5176.28895843
t5387,802.6711812600005,0.0,0.0,0.0,0.0,0.0,1255.6666088633483,0.0,0.0,0.0,0.0,0.0,0.0,0.0,0.0,0.0,0.0,2058.337790123349
t5388,11.948178889975138,0.0,0.0,0.0,0.0,0.0,0.0,0.0,0.0,0.0,0.0,0.0,0.0,0.0,0.0,0.0,0.0,11.948178889975138
t5389,0.0,0.0,0.0,0.0,0.0,0.0,0.0,0.0,0.0,0.0,0.0,0.0,0.0,0.0,0.0,0.0,0.0,0.0
t5390,0.0,0.0,0.0,0.0,0.0,0.0,0.0,0.0,0.0,0.0,0.0,0.0,0.0,0.0,0.0,0.0,0.0,0.0
t5391,0.0,0.0,0.0,0.0,0.0,0.0,0.0,0.0,0.0,0.0,0.0,0.0,0.0,0.0,0.0,0.0,0.0,0.0
t5392,0.0,0.0,0.0,0.0,0.0,0.0,0.0,0.0,0.0,0.0,0.0,0.0,0.0,0.0,0.0,0.0,0.0,0.0
t5393,0.0,0.0,0.0,0.0,0.0,0.0,0.0,0.0,0.0,0.0,0.0,0.0,0.0,0.0,0.0,0.0,0.0,0.0
t5394,0.0,0.0,0.0,0.0,0.0,0.0,0.0,0.0,0.0,0.0,0.0,0.0,0.0,0.0,0.0,0.0,0.0,0.0
t5395,0.0,0.0,0.0,0.0,0.0,0.0,0.0,0.0,0.0,0.0,0.0,0.0,0.0,0.0,0.0,0.0,0.0,0.0
t5396,0.0,0.0,0.0,0.0,0.0,0.0,0.0,0.0,0.0,0.0,0.0,0.0,0.0,0.0,0.0,0.0,0.0,0.0
t5397,0.0,0.0,0.0,0.0,0.0,0.0,0.0,0.0,0.0,0.0,0.0,0.0,0.0,0.0,0.0,0.0,0.0,0.0
t5398,0.0,0.0,0.0,0.0,0.0,0.0,0.0,0.0,0.0,0.0,0.0,0.0,0.0,0.0,0.0,0.0,0.0,0.0
t5399,0.0,0.0,0.0,0.0,0.0,0.0,0.0,0.0,0.0,0.0,0.0,0.0,0.0,0.0,0.0,0.0,0.0,0.0
t5400,0.0,0.0,0.0,0.0,0.0,0.0,0.0,0.0,0.0,0.0,0.0,0.0,0.0,0.0,0.0,0.0,0.0,0.0
t5401,0.0,0.0,0.0,0.0,0.0,0.0,0.0,0.0,0.0,0.0,0.0,0.0,0.0,0.0,0.0,0.0,0.0,0.0
t5402,0.0,0.0,0.0,0.0,0.0,0.0,0.0,0.0,0.0,0.0,0.0,0.0,0.0,0.0,0.0,0.0,0.0,0.0
t5403,0.0,0.0,0.0,0.0,0.0,0.0,0.0,0.0,0.0,0.0,0.0,0.0,0.0,0.0,0.0,0.0,0.0,0.0
t5404,0.0,0.0,0.0,0.0,0.0,0.0,0.0,0.0,0.0,0.0,0.0,0.0,0.0,0.0,0.0,0.0,0.0,0.0
t5405,0.0,0.0,0.0,0.0,0.0,0.0,0.0,0.0,0.0,0.0,0.0,0.0,0.0,0.0,0.0,0.0,0.0,0.0
t5406,0.0,0.0,0.0,0.0,0.0,0.0,0.0,0.0,0.0,0.0,0.0,0.0,0.0,0.0,0.0,0.0,0.0,0.0
t5407,0.0,0.0,0.0,0.0,0.0,0.0,0.0,0.0,0.0,0.0,0.0,0.0,0.0,0.0,0.0,0.0,0.0,0.0
t5408,1220.0,81.07647897000008,0.0,0.0,0.0,3253.986722028302,0.0,1033.1631427800005,0.0,0.0,0.0,0.0,0.0,0.0,0.0,0.0,0.0,5588.226343778302
t5409,1220.0,87.53189767000008,0.0,0.0,0.0,4265.827329418056,0.0,823.1315527800007,0.0,0.0,0.0,0.0,0.0,0.0,0.0,0.0,0.0,6396.490779868057
t5410,1022.4628362832857,0.0,0.0,0.0,0.0,5072.270961065813,0.0,687.7718988200006,0.0,0.0,0.0,0.0,0.0,0.0,0.0,0.0,0.0,6782.505696169099
t5411,1121.1887206199997,0.0,0.0,0.0,0.0,4021.5226946818348,556.1652916100004,160.43084678000176,0.0,0.0,0.0,0.0,0.0,0.0,0.0,0.0,0.0,5859.307553691837
t5412,560.3217197339048,0.0,0.0,0.0,0.0,2356.8634658699593,1590.0,0.0,0.0,0.0,0.0,0.0,0.0,0.0,0.0,0.0,0.0,4507.185185603865
t5413,0.0,0.0,0.0,0.0,0.0,0.0,711.2551787166227,0.0,0.0,0.0,0.0,0.0,0.0,0.0,0.0,0.0,0.0,711.2551787166227
t5414,0.0,0.0,0.0,0.0,0.0,0.0,0.0,0.0,0.0,0.0,0.0,0.0,0.0,0.0,0.0,0.0,0.0,0.0
t5415,0.0,0.0,0.0,0.0,0.0,0.0,0.0,0.0,0.0,0.0,0.0,0.0,0.0,0.0,0.0,0.0,0.0,0.0
t5416,0.0,0.0,0.0,0.0,0.0,0.0,0.0,0.0,0.0,0.0,0.0,0.0,0.0,0.0,0.0,0.0,0.0,0.0
t5417,0.0,0.0,0.0,0.0,0.0,0.0,0.0,0.0,0.0,0.0,0.0,0.0,0.0,0.0,0.0,0.0,0.0,0.0
t5418,0.0,0.0,0.0,0.0,0.0,0.0,0.0,0.0,0.0,0.0,0.0,0.0,0.0,0.0,0.0,0.0,0.0,0.0
t5419,0.0,0.0,0.0,0.0,0.0,0.0,0.0,0.0,0.0,0.0,0.0,0.0,0.0,0.0,0.0,0.0,0.0,0.0
t5420,0.0,0.0,0.0,0.0,0.0,0.0,0.0,0.0,0.0,0.0,0.0,0.0,0.0,0.0,0.0,0.0,0.0,0.0
t5421,0.0,0.0,0.0,0.0,0.0,0.0,0.0,0.0,0.0,0.0,0.0,0.0,0.0,0.0,0.0,0.0,0.0,0.0
t5422,0.0,0.0,0.0,0.0,0.0,0.0,0.0,0.0,0.0,0.0,0.0,0.0,0.0,0.0,0.0,0.0,0.0,0.0
t5423,0.0,0.0,0.0,0.0,0.0,0.0,0.0,0.0,0.0,0.0,0.0,0.0,0.0,0.0,0.0,0.0,0.0,0.0
t5424,0.0,0.0,0.0,0.0,0.0,0.0,0.0,0.0,0.0,0.0,0.0,0.0,0.0,0.0,0.0,0.0,0.0,0.0
t5425,0.0,0.0,0.0,0.0,0.0,0.0,0.0,0.0,0.0,0.0,0.0,0.0,0.0,0.0,0.0,0.0,0.0,0.0
t5426,0.0,0.0,0.0,0.0,0.0,0.0,0.0,0.0,0.0,0.0,0.0,0.0,0.0,0.0,0.0,0.0,0.0,0.0
t5427,0.0,0.0,0.0,0.0,0.0,0.0,0.0,0.0,0.0,0.0,0.0,0.0,0.0,0.0,0.0,0.0,0.0,0.0
t5428,0.0,0.0,0.0,0.0,0.0,0.0,0.0,0.0,0.0,0.0,0.0,0.0,0.0,0.0,0.0,0.0,0.0,0.0
t5429,0.0,0.0,0.0,0.0,0.0,0.0,0.0,0.0,0.0,0.0,0.0,0.0,0.0,0.0,0.0,0.0,0.0,0.0
t5430,0.0,0.0,0.0,0.0,0.0,0.0,0.0,0.0,0.0,0.0,0.0,0.0,0.0,0.0,0.0,0.0,0.0,0.0
t5431,0.0,0.0,0.0,0.0,0.0,0.0,0.0,481.64571436000017,0.0,0.0,0.0,0.0,0.0,0.0,0.0,0.0,0.0,481.64571436000017
t5432,1220.0,120.0,0.0,0.0,0.0,5400.019632900067,50.706866460000334,1049.9565723600003,0.0,0.0,0.0,0.0,0.0,0.0,0.0,0.0,0.0,7840.683071720068
t5433,1064.6524742134525,120.0,0.0,0.0,0.0,5500.8184827474515,1590.0,804.6963587799987,0.0,0.0,0.0,0.0,0.0,0.0,0.0,0.0,0.0,9080.167315740902
t5434,1220.0,85.59970116999988,0.0,0.0,0.0,3849.3472903362253,556.2399200800004,182.67983018000078,0.0,0.0,0.0,0.0,0.0,0.0,0.0,0.0,0.0,5893.866741766226
t5435,1220.0,0.0,0.0,0.0,0.0,3206.088699173666,650.5915645399998,0.0,0.0,0.0,0.0,0.0,0.0,0.0,0.0,0.0,0.0,5076.680263713666
t5436,419.3208024237375,0.0,0.0,0.0,0.0,5158.944428949749,693.0316234300002,0.0,0.0,0.0,0.0,0.0,0.0,0.0,0.0,0.0,0.0,6271.296854803486
t5437,0.0,0.0,0.0,0.0,0.0,1577.6148122400016,647.2031974900003,0.0,0.0,0.0,0.0,0.0,0.0,0.0,0.0,0.0,0.0,2224.818009730002
t5438,0.0,0.0,0.0,0.0,0.0,0.0,919.6022890914321,0.0,0.0,0.0,0.0,0.0,0.0,0.0,0.0,0.0,0.0,919.6022890914321
t5439,0.0,0.0,0.0,0.0,0.0,0.0,0.0,0.0,0.0,0.0,0.0,0.0,0.0,0.0,0.0,0.0,0.0,0.0
t5440,0.0,0.0,0.0,0.0,0.0,0.0,0.0,0.0,0.0,0.0,0.0,0.0,0.0,0.0,0.0,0.0,0.0,0.0
t5441,0.0,0.0,0.0,0.0,0.0,0.0,0.0,0.0,0.0,0.0,0.0,0.0,0.0,0.0,0.0,0.0,0.0,0.0
t5442,0.0,0.0,0.0,0.0,0.0,0.0,0.0,0.0,0.0,0.0,0.0,0.0,0.0,0.0,0.0,0.0,0.0,0.0
t5443,0.0,0.0,0.0,0.0,0.0,0.0,0.0,0.0,0.0,0.0,0.0,0.0,0.0,0.0,0.0,0.0,0.0,0.0
t5444,0.0,0.0,0.0,0.0,0.0,0.0,0.0,0.0,0.0,0.0,0.0,0.0,0.0,0.0,0.0,0.0,0.0,0.0
t5445,0.0,0.0,0.0,0.0,0.0,0.0,0.0,0.0,0.0,0.0,0.0,0.0,0.0,0.0,0.0,0.0,0.0,0.0
t5446,0.0,0.0,0.0,0.0,0.0,0.0,0.0,0.0,0.0,0.0,0.0,0.0,0.0,0.0,0.0,0.0,0.0,0.0
t5447,0.0,0.0,0.0,0.0,0.0,0.0,0.0,0.0,0.0,0.0,0.0,0.0,0.0,0.0,0.0,0.0,0.0,0.0
t5448,0.0,0.0,0.0,0.0,0.0,0.0,0.0,0.0,0.0,0.0,0.0,0.0,0.0,0.0,0.0,0.0,0.0,0.0
t5449,0.0,0.0,0.0,0.0,0.0,0.0,0.0,0.0,0.0,0.0,0.0,0.0,0.0,0.0,0.0,0.0,0.0,0.0
t5450,0.0,0.0,0.0,0.0,0.0,0.0,0.0,0.0,0.0,0.0,0.0,0.0,0.0,0.0,0.0,0.0,0.0,0.0
t5451,0.0,0.0,0.0,0.0,0.0,0.0,0.0,0.0,0.0,0.0,0.0,0.0,0.0,0.0,0.0,0.0,0.0,0.0
t5452,0.0,0.0,0.0,0.0,0.0,0.0,0.0,0.0,0.0,0.0,0.0,0.0,0.0,0.0,0.0,0.0,0.0,0.0
t5453,0.0,0.0,0.0,0.0,0.0,0.0,0.0,0.0,0.0,0.0,0.0,0.0,0.0,0.0,0.0,0.0,0.0,0.0
t5454,0.0,0.0,0.0,0.0,0.0,0.0,0.0,0.0,0.0,0.0,0.0,0.0,0.0,0.0,0.0,0.0,0.0,0.0
t5455,0.0,0.0,0.0,0.0,0.0,0.0,0.0,0.0,0.0,0.0,0.0,0.0,0.0,0.0,0.0,0.0,0.0,0.0
t5456,1220.0,120.0,0.0,0.0,0.0,2591.3478158341736,0.0,549.4478756169715,0.0,0.0,0.0,0.0,0.0,0.0,0.0,0.0,0.0,4480.795691451145
t5457,1220.0,120.0,0.0,0.0,0.0,3673.896386239997,725.70001013,1111.948269517928,0.0,0.0,0.0,0.0,0.0,0.0,0.0,0.0,0.0,6851.544665887925
t5458,0.0,86.34729607000008,0.0,0.0,0.0,5670.745447632202,792.7536261300002,402.38965810423264,0.0,0.0,0.0,0.0,0.0,0.0,0.0,0.0,0.0,6952.236027936435
t5459,1220.0,0.0,0.0,0.0,0.0,4127.7055301599985,953.4739664,245.90676061535203,0.0,0.0,0.0,0.0,0.0,0.0,0.0,0.0,0.0,6547.0862571753505
t5460,0.0,0.0,0.0,0.0,0.0,4184.967404181226,854.992116772664,0.0,0.0,0.0,0.0,0.0,0.0,0.0,0.0,0.0,0.0,5039.95952095389
t5461,0.0,0.0,0.0,0.0,0.0,1417.7864875965522,1590.0,0.0,0.0,0.0,0.0,0.0,0.0,0.0,0.0,0.0,0.0,3007.7864875965524
t5462,0.0,0.0,0.0,0.0,0.0,0.0,240.18935349000037,0.0,0.0,0.0,0.0,0.0,0.0,0.0,0.0,0.0,0.0,240.18935349000037
t5463,0.0,0.0,0.0,0.0,0.0,0.0,0.0,0.0,0.0,0.0,0.0,0.0,0.0,0.0,0.0,0.0,0.0,0.0
t5464,0.0,0.0,0.0,0.0,0.0,0.0,0.0,0.0,0.0,0.0,0.0,0.0,0.0,0.0,0.0,0.0,0.0,0.0
t5465,0.0,0.0,0.0,0.0,0.0,0.0,0.0,0.0,0.0,0.0,0.0,0.0,0.0,0.0,0.0,0.0,0.0,0.0
t5466,0.0,0.0,0.0,0.0,0.0,0.0,0.0,0.0,0.0,0.0,0.0,0.0,0.0,0.0,0.0,0.0,0.0,0.0
t5467,0.0,0.0,0.0,0.0,0.0,0.0,0.0,0.0,0.0,0.0,0.0,0.0,0.0,0.0,0.0,0.0,0.0,0.0
t5468,0.0,0.0,0.0,0.0,0.0,0.0,0.0,0.0,0.0,0.0,0.0,0.0,0.0,0.0,0.0,0.0,0.0,0.0
t5469,0.0,0.0,0.0,0.0,0.0,0.0,0.0,0.0,0.0,0.0,0.0,0.0,0.0,0.0,0.0,0.0,0.0,0.0
t5470,0.0,0.0,0.0,0.0,0.0,0.0,0.0,0.0,0.0,0.0,0.0,0.0,0.0,0.0,0.0,0.0,0.0,0.0
t5471,0.0,0.0,0.0,0.0,0.0,0.0,0.0,0.0,0.0,0.0,0.0,0.0,0.0,0.0,0.0,0.0,0.0,0.0
t5472,0.0,0.0,0.0,0.0,0.0,0.0,0.0,0.0,0.0,0.0,0.0,0.0,0.0,0.0,0.0,0.0,0.0,0.0
t5473,0.0,0.0,0.0,0.0,0.0,0.0,0.0,0.0,0.0,0.0,0.0,0.0,0.0,0.0,0.0,0.0,0.0,0.0
t5474,0.0,0.0,0.0,0.0,0.0,0.0,0.0,0.0,0.0,0.0,0.0,0.0,0.0,0.0,0.0,0.0,0.0,0.0
t5475,0.0,0.0,0.0,0.0,0.0,0.0,0.0,0.0,0.0,0.0,0.0,0.0,0.0,0.0,0.0,0.0,0.0,0.0
t5476,0.0,0.0,0.0,0.0,0.0,0.0,0.0,0.0,0.0,0.0,0.0,0.0,0.0,0.0,0.0,0.0,0.0,0.0
t5477,0.0,0.0,0.0,0.0,0.0,0.0,0.0,0.0,0.0,0.0,0.0,0.0,0.0,0.0,0.0,0.0,0.0,0.0
t5478,0.0,0.0,0.0,0.0,0.0,0.0,0.0,0.0,0.0,0.0,0.0,0.0,0.0,0.0,0.0,0.0,0.0,0.0
t5479,0.0,0.0,0.0,0.0,0.0,0.0,0.0,0.0,0.0,0.0,0.0,0.0,0.0,0.0,0.0,0.0,0.0,0.0
t5480,1220.0,120.0,0.0,0.0,0.0,0.0,250.6511031429004,232.52726611784416,0.0,0.0,0.0,0.0,0.0,0.0,0.0,0.0,0.0,1823.1783692607446
t5481,821.0171352754425,120.0,0.0,0.0,0.0,5339.76422650717,484.4567474700001,645.1561741800014,0.0,0.0,0.0,0.0,0.0,0.0,0.0,0.0,0.0,7410.3942834326135
t5482,0.0,0.0,0.0,0.0,0.0,2767.90759421565,221.27172818999986,0.0,0.0,0.0,0.0,0.0,0.0,0.0,0.0,0.0,0.0,2989.17932240565
t5483,0.0,0.0,0.0,0.0,0.0,1495.1601371859097,236.90121598000013,0.0,0.0,0.0,0.0,0.0,0.0,0.0,0.0,0.0,0.0,1732.0613531659098
t5484,0.0,0.0,0.0,0.0,0.0,434.9955455683921,299.7637958999997,0.0,0.0,0.0,0.0,0.0,0.0,0.0,0.0,0.0,0.0,734.7593414683918
t5485,0.0,0.0,0.0,0.0,0.0,0.0,1590.0,0.0,0.0,0.0,0.0,0.0,0.0,0.0,0.0,0.0,0.0,1590.0
t5486,0.0,0.0,0.0,0.0,0.0,0.0,92.3896732199998,0.0,0.0,0.0,0.0,0.0,0.0,0.0,0.0,0.0,0.0,92.3896732199998
t5487,0.0,0.0,0.0,0.0,0.0,0.0,0.0,0.0,0.0,0.0,0.0,0.0,0.0,0.0,0.0,0.0,0.0,0.0
t5488,0.0,0.0,0.0,0.0,0.0,0.0,0.0,0.0,0.0,0.0,0.0,0.0,0.0,0.0,0.0,0.0,0.0,0.0
t5489,0.0,0.0,0.0,0.0,0.0,0.0,0.0,0.0,0.0,0.0,0.0,0.0,0.0,0.0,0.0,0.0,0.0,0.0
t5490,0.0,0.0,0.0,0.0,0.0,0.0,0.0,0.0,0.0,0.0,0.0,0.0,0.0,0.0,0.0,0.0,0.0,0.0
t5491,0.0,0.0,0.0,0.0,0.0,0.0,0.0,0.0,0.0,0.0,0.0,0.0,0.0,0.0,0.0,0.0,0.0,0.0
t5492,0.0,0.0,0.0,0.0,0.0,0.0,0.0,0.0,0.0,0.0,0.0,0.0,0.0,0.0,0.0,0.0,0.0,0.0
t5493,0.0,0.0,0.0,0.0,0.0,0.0,0.0,0.0,0.0,0.0,0.0,0.0,0.0,0.0,0.0,0.0,0.0,0.0
t5494,0.0,0.0,0.0,0.0,0.0,0.0,0.0,0.0,0.0,0.0,0.0,0.0,0.0,0.0,0.0,0.0,0.0,0.0
t5495,0.0,0.0,0.0,0.0,0.0,0.0,0.0,0.0,0.0,0.0,0.0,0.0,0.0,0.0,0.0,0.0,0.0,0.0
t5496,0.0,0.0,0.0,0.0,0.0,0.0,0.0,0.0,0.0,0.0,0.0,0.0,0.0,0.0,0.0,0.0,0.0,0.0
t5497,0.0,0.0,0.0,0.0,0.0,0.0,0.0,0.0,0.0,0.0,0.0,0.0,0.0,0.0,0.0,0.0,0.0,0.0
t5498,0.0,0.0,0.0,0.0,0.0,0.0,0.0,0.0,0.0,0.0,0.0,0.0,0.0,0.0,0.0,0.0,0.0,0.0
t5499,0.0,0.0,0.0,0.0,0.0,0.0,0.0,0.0,0.0,0.0,0.0,0.0,0.0,0.0,0.0,0.0,0.0,0.0
t5500,0.0,0.0,0.0,0.0,0.0,0.0,0.0,0.0,0.0,0.0,0.0,0.0,0.0,0.0,0.0,0.0,0.0,0.0
t5501,0.0,0.0,0.0,0.0,0.0,0.0,0.0,0.0,0.0,0.0,0.0,0.0,0.0,0.0,0.0,0.0,0.0,0.0
t5502,0.0,0.0,0.0,0.0,0.0,0.0,0.0,0.0,0.0,0.0,0.0,0.0,0.0,0.0,0.0,0.0,0.0,0.0
t5503,0.0,0.0,0.0,0.0,0.0,0.0,0.0,0.0,0.0,0.0,0.0,0.0,0.0,0.0,0.0,0.0,0.0,0.0
t5504,1220.0,120.0,708.3495713563628,0.0,295.50408121860494,869.78915635621,1372.4301985199997,1135.960806780003,0.0,0.0,0.0,0.0,0.0,0.0,0.0,0.0,0.0,5722.03381423118
t5505,0.0,120.0,0.0,0.0,0.0,4205.325464545334,917.711506261699,1950.0,0.0,0.0,0.0,0.0,0.0,0.0,0.0,0.0,0.0,7193.036970807034
t5506,1220.0,0.0,0.0,0.0,0.0,3646.508994849209,1069.34308788,1610.0459171700015,0.0,0.0,0.0,0.0,0.0,0.0,0.0,0.0,0.0,7545.897999899211
t5507,0.0,0.0,0.0,0.0,0.0,5099.462801241879,1006.0435557000003,722.2227991700009,0.0,0.0,0.0,0.0,0.0,0.0,0.0,0.0,0.0,6827.72915611188
t5508,1220.0,107.92470397000015,0.0,0.0,0.0,3142.8180358008462,996.9000005499997,0.0,0.0,0.0,0.0,0.0,0.0,0.0,0.0,0.0,0.0,5467.642740320845
t5509,0.0,0.0,0.0,0.0,0.0,3001.1031302413253,887.9010280669333,0.0,0.0,0.0,0.0,0.0,0.0,0.0,0.0,0.0,0.0,3889.0041583082584
t5510,0.0,0.0,0.0,0.0,0.0,0.0,0.0,0.0,0.0,0.0,0.0,0.0,0.0,0.0,0.0,0.0,0.0,0.0
t5511,0.0,0.0,0.0,0.0,0.0,0.0,0.0,0.0,0.0,0.0,0.0,0.0,0.0,0.0,0.0,0.0,0.0,0.0
t5512,0.0,0.0,0.0,0.0,0.0,0.0,0.0,0.0,0.0,0.0,0.0,0.0,0.0,0.0,0.0,0.0,0.0,0.0
t5513,0.0,0.0,0.0,0.0,0.0,0.0,0.0,0.0,0.0,0.0,0.0,0.0,0.0,0.0,0.0,0.0,0.0,0.0
t5514,0.0,0.0,0.0,0.0,0.0,0.0,0.0,0.0,0.0,0.0,0.0,0.0,0.0,0.0,0.0,0.0,0.0,0.0
t5515,0.0,0.0,0.0,0.0,0.0,0.0,0.0,0.0,0.0,0.0,0.0,0.0,0.0,0.0,0.0,0.0,0.0,0.0
t5516,0.0,0.0,0.0,0.0,0.0,0.0,0.0,0.0,0.0,0.0,0.0,0.0,0.0,0.0,0.0,0.0,0.0,0.0
t5517,0.0,0.0,0.0,0.0,0.0,0.0,0.0,0.0,0.0,0.0,0.0,0.0,0.0,0.0,0.0,0.0,0.0,0.0
t5518,0.0,0.0,0.0,0.0,0.0,0.0,0.0,0.0,0.0,0.0,0.0,0.0,0.0,0.0,0.0,0.0,0.0,0.0
t5519,0.0,0.0,0.0,0.0,0.0,0.0,0.0,0.0,0.0,0.0,0.0,0.0,0.0,0.0,0.0,0.0,0.0,0.0
t5520,0.0,0.0,0.0,0.0,0.0,0.0,0.0,0.0,0.0,0.0,0.0,0.0,0.0,0.0,0.0,0.0,0.0,0.0
t5521,0.0,0.0,0.0,0.0,0.0,0.0,0.0,0.0,0.0,0.0,0.0,0.0,0.0,0.0,0.0,0.0,0.0,0.0
t5522,0.0,0.0,0.0,0.0,0.0,0.0,0.0,0.0,0.0,0.0,0.0,0.0,0.0,0.0,0.0,0.0,0.0,0.0
t5523,0.0,0.0,0.0,0.0,0.0,0.0,0.0,0.0,0.0,0.0,0.0,0.0,0.0,0.0,0.0,0.0,0.0,0.0
t5524,0.0,0.0,0.0,0.0,0.0,0.0,0.0,0.0,0.0,0.0,0.0,0.0,0.0,0.0,0.0,0.0,0.0,0.0
t5525,0.0,0.0,0.0,0.0,0.0,0.0,0.0,0.0,0.0,0.0,0.0,0.0,0.0,0.0,0.0,0.0,0.0,0.0
t5526,0.0,0.0,0.0,0.0,0.0,0.0,0.0,0.0,0.0,0.0,0.0,0.0,0.0,0.0,0.0,0.0,0.0,0.0
t5527,0.0,0.0,0.0,0.0,0.0,0.0,0.0,0.0,0.0,0.0,0.0,0.0,0.0,0.0,0.0,0.0,0.0,0.0
t5528,0.0,0.0,0.0,0.0,754.060578900773,1969.5594024878349,0.0,1856.3454526422665,0.0,0.0,0.0,0.0,0.0,0.0,0.0,0.0,0.0,4579.965434030874
t5529,801.5949664962063,120.0,0.0,0.0,0.0,2545.795906825954,206.2065893484992,1163.6214526437984,0.0,0.0,0.0,0.0,0.0,0.0,0.0,0.0,0.0,4837.218915314457
t5530,0.0,0.0,953.1912679799996,0.0,0.0,5480.534562945877,831.1694416800001,1016.0805950584033,0.0,0.0,0.0,0.0,0.0,0.0,0.0,0.0,0.0,8280.97586766428
t5531,1220.0,120.0,0.0,0.0,0.0,4536.769962127691,1230.5521425499999,789.0153107800011,0.0,0.0,0.0,0.0,0.0,0.0,0.0,0.0,0.0,7896.337415457692
t5532,1220.0,0.0,0.0,0.0,0.0,3635.1730957724285,1155.4184144324115,0.0,0.0,0.0,0.0,0.0,0.0,0.0,0.0,0.0,0.0,6010.59151020484
t5533,0.0,0.0,532.4676515100003,0.0,0.0,2047.9897505957592,843.5561431100002,0.0,0.0,0.0,0.0,0.0,0.0,0.0,0.0,0.0,0.0,3424.01354521576
t5534,33.43974339091866,0.0,0.0,0.0,512.889091098011,0.0,708.8777105100002,0.0,0.0,0.0,0.0,0.0,0.0,0.0,0.0,0.0,0.0,1255.20654499893
t5535,0.0,0.0,0.0,0.0,0.0,0.0,0.0,0.0,0.0,0.0,0.0,0.0,0.0,0.0,0.0,0.0,0.0,0.0
t5536,0.0,0.0,0.0,0.0,0.0,0.0,0.0,0.0,0.0,0.0,0.0,0.0,0.0,0.0,0.0,0.0,0.0,0.0
t5537,0.0,0.0,0.0,0.0,0.0,0.0,0.0,0.0,0.0,0.0,0.0,0.0,0.0,0.0,0.0,0.0,0.0,0.0
t5538,0.0,0.0,0.0,0.0,0.0,0.0,0.0,0.0,0.0,0.0,0.0,0.0,0.0,0.0,0.0,0.0,0.0,0.0
t5539,0.0,0.0,0.0,0.0,0.0,0.0,0.0,0.0,0.0,0.0,0.0,0.0,0.0,0.0,0.0,0.0,0.0,0.0
t5540,0.0,0.0,0.0,0.0,0.0,0.0,0.0,0.0,0.0,0.0,0.0,0.0,0.0,0.0,0.0,0.0,0.0,0.0
t5541,0.0,0.0,0.0,0.0,0.0,0.0,0.0,0.0,0.0,0.0,0.0,0.0,0.0,0.0,0.0,0.0,0.0,0.0
t5542,0.0,0.0,0.0,0.0,0.0,0.0,0.0,0.0,0.0,0.0,0.0,0.0,0.0,0.0,0.0,0.0,0.0,0.0
t5543,0.0,0.0,0.0,0.0,0.0,0.0,0.0,0.0,0.0,0.0,0.0,0.0,0.0,0.0,0.0,0.0,0.0,0.0
t5544,0.0,0.0,0.0,0.0,0.0,0.0,0.0,0.0,0.0,0.0,0.0,0.0,0.0,0.0,0.0,0.0,0.0,0.0
t5545,0.0,0.0,0.0,0.0,0.0,0.0,0.0,0.0,0.0,0.0,0.0,0.0,0.0,0.0,0.0,0.0,0.0,0.0
t5546,0.0,0.0,0.0,0.0,0.0,0.0,0.0,0.0,0.0,0.0,0.0,0.0,0.0,0.0,0.0,0.0,0.0,0.0
t5547,0.0,0.0,0.0,0.0,0.0,0.0,0.0,0.0,0.0,0.0,0.0,0.0,0.0,0.0,0.0,0.0,0.0,0.0
t5548,0.0,0.0,0.0,0.0,0.0,0.0,0.0,0.0,0.0,0.0,0.0,0.0,0.0,0.0,0.0,0.0,0.0,0.0
t5549,0.0,0.0,0.0,0.0,0.0,0.0,0.0,0.0,0.0,0.0,0.0,0.0,0.0,0.0,0.0,0.0,0.0,0.0
t5550,0.0,0.0,0.0,0.0,0.0,0.0,0.0,0.0,0.0,0.0,0.0,0.0,0.0,0.0,0.0,0.0,0.0,0.0
t5551,0.0,0.0,0.0,0.0,0.0,0.0,0.0,0.0,0.0,0.0,0.0,0.0,0.0,0.0,0.0,0.0,0.0,0.0
t5552,0.0,0.0,0.0,0.0,0.0,2167.8386055063115,0.0,0.0,0.0,0.0,0.0,0.0,0.0,0.0,0.0,0.0,0.0,2167.8386055063115
t5553,1220.0,0.0,0.0,0.0,0.0,2728.190975782961,1059.662745374831,0.0,0.0,0.0,0.0,0.0,0.0,0.0,0.0,0.0,0.0,5007.853721157791
t5554,1220.0,0.0,0.0,0.0,0.0,3607.8698003999993,348.41915803,0.0,0.0,0.0,0.0,0.0,0.0,0.0,0.0,0.0,0.0,5176.28895843
t5555,802.6711812600005,0.0,0.0,0.0,0.0,0.0,1255.6666088633483,0.0,0.0,0.0,0.0,0.0,0.0,0.0,0.0,0.0,0.0,2058.337790123349
t5556,11.948178889975138,0.0,0.0,0.0,0.0,0.0,0.0,0.0,0.0,0.0,0.0,0.0,0.0,0.0,0.0,0.0,0.0,11.948178889975138
t5557,0.0,0.0,0.0,0.0,0.0,0.0,0.0,0.0,0.0,0.0,0.0,0.0,0.0,0.0,0.0,0.0,0.0,0.0
t5558,0.0,0.0,0.0,0.0,0.0,0.0,0.0,0.0,0.0,0.0,0.0,0.0,0.0,0.0,0.0,0.0,0.0,0.0
t5559,0.0,0.0,0.0,0.0,0.0,0.0,0.0,0.0,0.0,0.0,0.0,0.0,0.0,0.0,0.0,0.0,0.0,0.0
t5560,0.0,0.0,0.0,0.0,0.0,0.0,0.0,0.0,0.0,0.0,0.0,0.0,0.0,0.0,0.0,0.0,0.0,0.0
t5561,0.0,0.0,0.0,0.0,0.0,0.0,0.0,0.0,0.0,0.0,0.0,0.0,0.0,0.0,0.0,0.0,0.0,0.0
t5562,0.0,0.0,0.0,0.0,0.0,0.0,0.0,0.0,0.0,0.0,0.0,0.0,0.0,0.0,0.0,0.0,0.0,0.0
t5563,0.0,0.0,0.0,0.0,0.0,0.0,0.0,0.0,0.0,0.0,0.0,0.0,0.0,0.0,0.0,0.0,0.0,0.0
t5564,0.0,0.0,0.0,0.0,0.0,0.0,0.0,0.0,0.0,0.0,0.0,0.0,0.0,0.0,0.0,0.0,0.0,0.0
t5565,0.0,0.0,0.0,0.0,0.0,0.0,0.0,0.0,0.0,0.0,0.0,0.0,0.0,0.0,0.0,0.0,0.0,0.0
t5566,0.0,0.0,0.0,0.0,0.0,0.0,0.0,0.0,0.0,0.0,0.0,0.0,0.0,0.0,0.0,0.0,0.0,0.0
t5567,0.0,0.0,0.0,0.0,0.0,0.0,0.0,0.0,0.0,0.0,0.0,0.0,0.0,0.0,0.0,0.0,0.0,0.0
t5568,0.0,0.0,0.0,0.0,0.0,0.0,0.0,0.0,0.0,0.0,0.0,0.0,0.0,0.0,0.0,0.0,0.0,0.0
t5569,0.0,0.0,0.0,0.0,0.0,0.0,0.0,0.0,0.0,0.0,0.0,0.0,0.0,0.0,0.0,0.0,0.0,0.0
t5570,0.0,0.0,0.0,0.0,0.0,0.0,0.0,0.0,0.0,0.0,0.0,0.0,0.0,0.0,0.0,0.0,0.0,0.0
t5571,0.0,0.0,0.0,0.0,0.0,0.0,0.0,0.0,0.0,0.0,0.0,0.0,0.0,0.0,0.0,0.0,0.0,0.0
t5572,0.0,0.0,0.0,0.0,0.0,0.0,0.0,0.0,0.0,0.0,0.0,0.0,0.0,0.0,0.0,0.0,0.0,0.0
t5573,0.0,0.0,0.0,0.0,0.0,0.0,0.0,0.0,0.0,0.0,0.0,0.0,0.0,0.0,0.0,0.0,0.0,0.0
t5574,0.0,0.0,0.0,0.0,0.0,0.0,0.0,0.0,0.0,0.0,0.0,0.0,0.0,0.0,0.0,0.0,0.0,0.0
t5575,0.0,0.0,0.0,0.0,0.0,0.0,0.0,0.0,0.0,0.0,0.0,0.0,0.0,0.0,0.0,0.0,0.0,0.0
t5576,1220.0,81.07647897000008,0.0,0.0,0.0,3253.986722028302,0.0,1033.1631427800005,0.0,0.0,0.0,0.0,0.0,0.0,0.0,0.0,0.0,5588.226343778302
t5577,1220.0,87.53189767000008,0.0,0.0,0.0,4265.827329418056,0.0,823.1315527800007,0.0,0.0,0.0,0.0,0.0,0.0,0.0,0.0,0.0,6396.490779868057
t5578,1022.4628362832857,0.0,0.0,0.0,0.0,5072.270961065813,0.0,687.7718988200006,0.0,0.0,0.0,0.0,0.0,0.0,0.0,0.0,0.0,6782.505696169099
t5579,1121.1887206199997,0.0,0.0,0.0,0.0,4021.5226946818348,556.1652916100004,160.43084678000176,0.0,0.0,0.0,0.0,0.0,0.0,0.0,0.0,0.0,5859.307553691837
t5580,560.3217197339048,0.0,0.0,0.0,0.0,2356.8634658699593,1590.0,0.0,0.0,0.0,0.0,0.0,0.0,0.0,0.0,0.0,0.0,4507.185185603865
t5581,0.0,0.0,0.0,0.0,0.0,0.0,711.2551787166227,0.0,0.0,0.0,0.0,0.0,0.0,0.0,0.0,0.0,0.0,711.2551787166227
t5582,0.0,0.0,0.0,0.0,0.0,0.0,0.0,0.0,0.0,0.0,0.0,0.0,0.0,0.0,0.0,0.0,0.0,0.0
t5583,0.0,0.0,0.0,0.0,0.0,0.0,0.0,0.0,0.0,0.0,0.0,0.0,0.0,0.0,0.0,0.0,0.0,0.0
t5584,0.0,0.0,0.0,0.0,0.0,0.0,0.0,0.0,0.0,0.0,0.0,0.0,0.0,0.0,0.0,0.0,0.0,0.0
t5585,0.0,0.0,0.0,0.0,0.0,0.0,0.0,0.0,0.0,0.0,0.0,0.0,0.0,0.0,0.0,0.0,0.0,0.0
t5586,0.0,0.0,0.0,0.0,0.0,0.0,0.0,0.0,0.0,0.0,0.0,0.0,0.0,0.0,0.0,0.0,0.0,0.0
t5587,0.0,0.0,0.0,0.0,0.0,0.0,0.0,0.0,0.0,0.0,0.0,0.0,0.0,0.0,0.0,0.0,0.0,0.0
t5588,0.0,0.0,0.0,0.0,0.0,0.0,0.0,0.0,0.0,0.0,0.0,0.0,0.0,0.0,0.0,0.0,0.0,0.0
t5589,0.0,0.0,0.0,0.0,0.0,0.0,0.0,0.0,0.0,0.0,0.0,0.0,0.0,0.0,0.0,0.0,0.0,0.0
t5590,0.0,0.0,0.0,0.0,0.0,0.0,0.0,0.0,0.0,0.0,0.0,0.0,0.0,0.0,0.0,0.0,0.0,0.0
t5591,0.0,0.0,0.0,0.0,0.0,0.0,0.0,0.0,0.0,0.0,0.0,0.0,0.0,0.0,0.0,0.0,0.0,0.0
t5592,0.0,0.0,0.0,0.0,0.0,0.0,0.0,0.0,0.0,0.0,0.0,0.0,0.0,0.0,0.0,0.0,0.0,0.0
t5593,0.0,0.0,0.0,0.0,0.0,0.0,0.0,0.0,0.0,0.0,0.0,0.0,0.0,0.0,0.0,0.0,0.0,0.0
t5594,0.0,0.0,0.0,0.0,0.0,0.0,0.0,0.0,0.0,0.0,0.0,0.0,0.0,0.0,0.0,0.0,0.0,0.0
t5595,0.0,0.0,0.0,0.0,0.0,0.0,0.0,0.0,0.0,0.0,0.0,0.0,0.0,0.0,0.0,0.0,0.0,0.0
t5596,0.0,0.0,0.0,0.0,0.0,0.0,0.0,0.0,0.0,0.0,0.0,0.0,0.0,0.0,0.0,0.0,0.0,0.0
t5597,0.0,0.0,0.0,0.0,0.0,0.0,0.0,0.0,0.0,0.0,0.0,0.0,0.0,0.0,0.0,0.0,0.0,0.0
t5598,0.0,0.0,0.0,0.0,0.0,0.0,0.0,0.0,0.0,0.0,0.0,0.0,0.0,0.0,0.0,0.0,0.0,0.0
t5599,0.0,0.0,0.0,0.0,0.0,0.0,0.0,481.64571436000017,0.0,0.0,0.0,0.0,0.0,0.0,0.0,0.0,0.0,481.64571436000017
t5600,1220.0,120.0,0.0,0.0,0.0,5400.019632900067,50.706866460000334,1049.9565723600003,0.0,0.0,0.0,0.0,0.0,0.0,0.0,0.0,0.0,7840.683071720068
t5601,1064.6524742134525,120.0,0.0,0.0,0.0,5500.8184827474515,1590.0,804.6963587799987,0.0,0.0,0.0,0.0,0.0,0.0,0.0,0.0,0.0,9080.167315740902
t5602,1220.0,85.59970116999988,0.0,0.0,0.0,3849.3472903362253,556.2399200800004,182.67983018000078,0.0,0.0,0.0,0.0,0.0,0.0,0.0,0.0,0.0,5893.866741766226
t5603,1220.0,0.0,0.0,0.0,0.0,3206.088699173666,650.5915645399998,0.0,0.0,0.0,0.0,0.0,0.0,0.0,0.0,0.0,0.0,5076.680263713666
t5604,419.3208024237375,0.0,0.0,0.0,0.0,5158.944428949749,693.0316234300002,0.0,0.0,0.0,0.0,0.0,0.0,0.0,0.0,0.0,0.0,6271.296854803486
t5605,0.0,0.0,0.0,0.0,0.0,1577.6148122400016,647.2031974900003,0.0,0.0,0.0,0.0,0.0,0.0,0.0,0.0,0.0,0.0,2224.818009730002
t5606,0.0,0.0,0.0,0.0,0.0,0.0,919.6022890914321,0.0,0.0,0.0,0.0,0.0,0.0,0.0,0.0,0.0,0.0,919.6022890914321
t5607,0.0,0.0,0.0,0.0,0.0,0.0,0.0,0.0,0.0,0.0,0.0,0.0,0.0,0.0,0.0,0.0,0.0,0.0
t5608,0.0,0.0,0.0,0.0,0.0,0.0,0.0,0.0,0.0,0.0,0.0,0.0,0.0,0.0,0.0,0.0,0.0,0.0
t5609,0.0,0.0,0.0,0.0,0.0,0.0,0.0,0.0,0.0,0.0,0.0,0.0,0.0,0.0,0.0,0.0,0.0,0.0
t5610,0.0,0.0,0.0,0.0,0.0,0.0,0.0,0.0,0.0,0.0,0.0,0.0,0.0,0.0,0.0,0.0,0.0,0.0
t5611,0.0,0.0,0.0,0.0,0.0,0.0,0.0,0.0,0.0,0.0,0.0,0.0,0.0,0.0,0.0,0.0,0.0,0.0
t5612,0.0,0.0,0.0,0.0,0.0,0.0,0.0,0.0,0.0,0.0,0.0,0.0,0.0,0.0,0.0,0.0,0.0,0.0
t5613,0.0,0.0,0.0,0.0,0.0,0.0,0.0,0.0,0.0,0.0,0.0,0.0,0.0,0.0,0.0,0.0,0.0,0.0
t5614,0.0,0.0,0.0,0.0,0.0,0.0,0.0,0.0,0.0,0.0,0.0,0.0,0.0,0.0,0.0,0.0,0.0,0.0
t5615,0.0,0.0,0.0,0.0,0.0,0.0,0.0,0.0,0.0,0.0,0.0,0.0,0.0,0.0,0.0,0.0,0.0,0.0
t5616,0.0,0.0,0.0,0.0,0.0,0.0,0.0,0.0,0.0,0.0,0.0,0.0,0.0,0.0,0.0,0.0,0.0,0.0
t5617,0.0,0.0,0.0,0.0,0.0,0.0,0.0,0.0,0.0,0.0,0.0,0.0,0.0,0.0,0.0,0.0,0.0,0.0
t5618,0.0,0.0,0.0,0.0,0.0,0.0,0.0,0.0,0.0,0.0,0.0,0.0,0.0,0.0,0.0,0.0,0.0,0.0
t5619,0.0,0.0,0.0,0.0,0.0,0.0,0.0,0.0,0.0,0.0,0.0,0.0,0.0,0.0,0.0,0.0,0.0,0.0
t5620,0.0,0.0,0.0,0.0,0.0,0.0,0.0,0.0,0.0,0.0,0.0,0.0,0.0,0.0,0.0,0.0,0.0,0.0
t5621,0.0,0.0,0.0,0.0,0.0,0.0,0.0,0.0,0.0,0.0,0.0,0.0,0.0,0.0,0.0,0.0,0.0,0.0
t5622,0.0,0.0,0.0,0.0,0.0,0.0,0.0,0.0,0.0,0.0,0.0,0.0,0.0,0.0,0.0,0.0,0.0,0.0
t5623,0.0,0.0,0.0,0.0,0.0,0.0,0.0,0.0,0.0,0.0,0.0,0.0,0.0,0.0,0.0,0.0,0.0,0.0
t5624,1220.0,120.0,0.0,0.0,0.0,2591.3478158341736,0.0,549.4478756169715,0.0,0.0,0.0,0.0,0.0,0.0,0.0,0.0,0.0,4480.795691451145
t5625,1220.0,120.0,0.0,0.0,0.0,3673.896386239997,725.70001013,1111.948269517928,0.0,0.0,0.0,0.0,0.0,0.0,0.0,0.0,0.0,6851.544665887925
t5626,0.0,86.34729607000008,0.0,0.0,0.0,5670.745447632202,792.7536261300002,402.38965810423264,0.0,0.0,0.0,0.0,0.0,0.0,0.0,0.0,0.0,6952.236027936435
t5627,1220.0,0.0,0.0,0.0,0.0,4127.7055301599985,953.4739664,245.90676061535203,0.0,0.0,0.0,0.0,0.0,0.0,0.0,0.0,0.0,6547.0862571753505
t5628,0.0,0.0,0.0,0.0,0.0,4184.967404181226,854.992116772664,0.0,0.0,0.0,0.0,0.0,0.0,0.0,0.0,0.0,0.0,5039.95952095389
t5629,0.0,0.0,0.0,0.0,0.0,1417.7864875965522,1590.0,0.0,0.0,0.0,0.0,0.0,0.0,0.0,0.0,0.0,0.0,3007.7864875965524
t5630,0.0,0.0,0.0,0.0,0.0,0.0,240.18935349000037,0.0,0.0,0.0,0.0,0.0,0.0,0.0,0.0,0.0,0.0,240.18935349000037
t5631,0.0,0.0,0.0,0.0,0.0,0.0,0.0,0.0,0.0,0.0,0.0,0.0,0.0,0.0,0.0,0.0,0.0,0.0
t5632,0.0,0.0,0.0,0.0,0.0,0.0,0.0,0.0,0.0,0.0,0.0,0.0,0.0,0.0,0.0,0.0,0.0,0.0
t5633,0.0,0.0,0.0,0.0,0.0,0.0,0.0,0.0,0.0,0.0,0.0,0.0,0.0,0.0,0.0,0.0,0.0,0.0
t5634,0.0,0.0,0.0,0.0,0.0,0.0,0.0,0.0,0.0,0.0,0.0,0.0,0.0,0.0,0.0,0.0,0.0,0.0
t5635,0.0,0.0,0.0,0.0,0.0,0.0,0.0,0.0,0.0,0.0,0.0,0.0,0.0,0.0,0.0,0.0,0.0,0.0
t5636,0.0,0.0,0.0,0.0,0.0,0.0,0.0,0.0,0.0,0.0,0.0,0.0,0.0,0.0,0.0,0.0,0.0,0.0
t5637,0.0,0.0,0.0,0.0,0.0,0.0,0.0,0.0,0.0,0.0,0.0,0.0,0.0,0.0,0.0,0.0,0.0,0.0
t5638,0.0,0.0,0.0,0.0,0.0,0.0,0.0,0.0,0.0,0.0,0.0,0.0,0.0,0.0,0.0,0.0,0.0,0.0
t5639,0.0,0.0,0.0,0.0,0.0,0.0,0.0,0.0,0.0,0.0,0.0,0.0,0.0,0.0,0.0,0.0,0.0,0.0
t5640,0.0,0.0,0.0,0.0,0.0,0.0,0.0,0.0,0.0,0.0,0.0,0.0,0.0,0.0,0.0,0.0,0.0,0.0
t5641,0.0,0.0,0.0,0.0,0.0,0.0,0.0,0.0,0.0,0.0,0.0,0.0,0.0,0.0,0.0,0.0,0.0,0.0
t5642,0.0,0.0,0.0,0.0,0.0,0.0,0.0,0.0,0.0,0.0,0.0,0.0,0.0,0.0,0.0,0.0,0.0,0.0
t5643,0.0,0.0,0.0,0.0,0.0,0.0,0.0,0.0,0.0,0.0,0.0,0.0,0.0,0.0,0.0,0.0,0.0,0.0
t5644,0.0,0.0,0.0,0.0,0.0,0.0,0.0,0.0,0.0,0.0,0.0,0.0,0.0,0.0,0.0,0.0,0.0,0.0
t5645,0.0,0.0,0.0,0.0,0.0,0.0,0.0,0.0,0.0,0.0,0.0,0.0,0.0,0.0,0.0,0.0,0.0,0.0
t5646,0.0,0.0,0.0,0.0,0.0,0.0,0.0,0.0,0.0,0.0,0.0,0.0,0.0,0.0,0.0,0.0,0.0,0.0
t5647,0.0,0.0,0.0,0.0,0.0,0.0,0.0,0.0,0.0,0.0,0.0,0.0,0.0,0.0,0.0,0.0,0.0,0.0
t5648,1220.0,120.0,0.0,0.0,0.0,0.0,250.6511031429004,232.52726611784416,0.0,0.0,0.0,0.0,0.0,0.0,0.0,0.0,0.0,1823.1783692607446
t5649,821.0171352754425,120.0,0.0,0.0,0.0,5339.76422650717,484.4567474700001,645.1561741800014,0.0,0.0,0.0,0.0,0.0,0.0,0.0,0.0,0.0,7410.3942834326135
t5650,0.0,0.0,0.0,0.0,0.0,2767.90759421565,221.27172818999986,0.0,0.0,0.0,0.0,0.0,0.0,0.0,0.0,0.0,0.0,2989.17932240565
t5651,0.0,0.0,0.0,0.0,0.0,1495.1601371859097,236.90121598000013,0.0,0.0,0.0,0.0,0.0,0.0,0.0,0.0,0.0,0.0,1732.0613531659098
t5652,0.0,0.0,0.0,0.0,0.0,434.9955455683921,299.7637958999997,0.0,0.0,0.0,0.0,0.0,0.0,0.0,0.0,0.0,0.0,734.7593414683918
t5653,0.0,0.0,0.0,0.0,0.0,0.0,1590.0,0.0,0.0,0.0,0.0,0.0,0.0,0.0,0.0,0.0,0.0,1590.0
t5654,0.0,0.0,0.0,0.0,0.0,0.0,92.3896732199998,0.0,0.0,0.0,0.0,0.0,0.0,0.0,0.0,0.0,0.0,92.3896732199998
t5655,0.0,0.0,0.0,0.0,0.0,0.0,0.0,0.0,0.0,0.0,0.0,0.0,0.0,0.0,0.0,0.0,0.0,0.0
t5656,0.0,0.0,0.0,0.0,0.0,0.0,0.0,0.0,0.0,0.0,0.0,0.0,0.0,0.0,0.0,0.0,0.0,0.0
t5657,0.0,0.0,0.0,0.0,0.0,0.0,0.0,0.0,0.0,0.0,0.0,0.0,0.0,0.0,0.0,0.0,0.0,0.0
t5658,0.0,0.0,0.0,0.0,0.0,0.0,0.0,0.0,0.0,0.0,0.0,0.0,0.0,0.0,0.0,0.0,0.0,0.0
t5659,0.0,0.0,0.0,0.0,0.0,0.0,0.0,0.0,0.0,0.0,0.0,0.0,0.0,0.0,0.0,0.0,0.0,0.0
t5660,0.0,0.0,0.0,0.0,0.0,0.0,0.0,0.0,0.0,0.0,0.0,0.0,0.0,0.0,0.0,0.0,0.0,0.0
t5661,0.0,0.0,0.0,0.0,0.0,0.0,0.0,0.0,0.0,0.0,0.0,0.0,0.0,0.0,0.0,0.0,0.0,0.0
t5662,0.0,0.0,0.0,0.0,0.0,0.0,0.0,0.0,0.0,0.0,0.0,0.0,0.0,0.0,0.0,0.0,0.0,0.0
t5663,0.0,0.0,0.0,0.0,0.0,0.0,0.0,0.0,0.0,0.0,0.0,0.0,0.0,0.0,0.0,0.0,0.0,0.0
t5664,0.0,0.0,0.0,0.0,0.0,0.0,0.0,0.0,0.0,0.0,0.0,0.0,0.0,0.0,0.0,0.0,0.0,0.0
t5665,0.0,0.0,0.0,0.0,0.0,0.0,0.0,0.0,0.0,0.0,0.0,0.0,0.0,0.0,0.0,0.0,0.0,0.0
t5666,0.0,0.0,0.0,0.0,0.0,0.0,0.0,0.0,0.0,0.0,0.0,0.0,0.0,0.0,0.0,0.0,0.0,0.0
t5667,0.0,0.0,0.0,0.0,0.0,0.0,0.0,0.0,0.0,0.0,0.0,0.0,0.0,0.0,0.0,0.0,0.0,0.0
t5668,0.0,0.0,0.0,0.0,0.0,0.0,0.0,0.0,0.0,0.0,0.0,0.0,0.0,0.0,0.0,0.0,0.0,0.0
t5669,0.0,0.0,0.0,0.0,0.0,0.0,0.0,0.0,0.0,0.0,0.0,0.0,0.0,0.0,0.0,0.0,0.0,0.0
t5670,0.0,0.0,0.0,0.0,0.0,0.0,0.0,0.0,0.0,0.0,0.0,0.0,0.0,0.0,0.0,0.0,0.0,0.0
t5671,0.0,0.0,0.0,0.0,0.0,0.0,0.0,0.0,0.0,0.0,0.0,0.0,0.0,0.0,0.0,0.0,0.0,0.0
t5672,1220.0,120.0,708.3495713563628,0.0,295.50408121860494,869.78915635621,1372.4301985199997,1135.960806780003,0.0,0.0,0.0,0.0,0.0,0.0,0.0,0.0,0.0,5722.03381423118
t5673,0.0,120.0,0.0,0.0,0.0,4205.325464545334,917.711506261699,1950.0,0.0,0.0,0.0,0.0,0.0,0.0,0.0,0.0,0.0,7193.036970807034
t5674,1220.0,0.0,0.0,0.0,0.0,3646.508994849209,1069.34308788,1610.0459171700015,0.0,0.0,0.0,0.0,0.0,0.0,0.0,0.0,0.0,7545.897999899211
t5675,0.0,0.0,0.0,0.0,0.0,5099.462801241879,1006.0435557000003,722.2227991700009,0.0,0.0,0.0,0.0,0.0,0.0,0.0,0.0,0.0,6827.72915611188
t5676,1220.0,107.92470397000015,0.0,0.0,0.0,3142.8180358008462,996.9000005499997,0.0,0.0,0.0,0.0,0.0,0.0,0.0,0.0,0.0,0.0,5467.642740320845
t5677,0.0,0.0,0.0,0.0,0.0,3001.1031302413253,887.9010280669333,0.0,0.0,0.0,0.0,0.0,0.0,0.0,0.0,0.0,0.0,3889.0041583082584
t5678,0.0,0.0,0.0,0.0,0.0,0.0,0.0,0.0,0.0,0.0,0.0,0.0,0.0,0.0,0.0,0.0,0.0,0.0
t5679,0.0,0.0,0.0,0.0,0.0,0.0,0.0,0.0,0.0,0.0,0.0,0.0,0.0,0.0,0.0,0.0,0.0,0.0
t5680,0.0,0.0,0.0,0.0,0.0,0.0,0.0,0.0,0.0,0.0,0.0,0.0,0.0,0.0,0.0,0.0,0.0,0.0
t5681,0.0,0.0,0.0,0.0,0.0,0.0,0.0,0.0,0.0,0.0,0.0,0.0,0.0,0.0,0.0,0.0,0.0,0.0
t5682,0.0,0.0,0.0,0.0,0.0,0.0,0.0,0.0,0.0,0.0,0.0,0.0,0.0,0.0,0.0,0.0,0.0,0.0
t5683,0.0,0.0,0.0,0.0,0.0,0.0,0.0,0.0,0.0,0.0,0.0,0.0,0.0,0.0,0.0,0.0,0.0,0.0
t5684,0.0,0.0,0.0,0.0,0.0,0.0,0.0,0.0,0.0,0.0,0.0,0.0,0.0,0.0,0.0,0.0,0.0,0.0
t5685,0.0,0.0,0.0,0.0,0.0,0.0,0.0,0.0,0.0,0.0,0.0,0.0,0.0,0.0,0.0,0.0,0.0,0.0
t5686,0.0,0.0,0.0,0.0,0.0,0.0,0.0,0.0,0.0,0.0,0.0,0.0,0.0,0.0,0.0,0.0,0.0,0.0
t5687,0.0,0.0,0.0,0.0,0.0,0.0,0.0,0.0,0.0,0.0,0.0,0.0,0.0,0.0,0.0,0.0,0.0,0.0
t5688,0.0,0.0,0.0,0.0,0.0,0.0,0.0,0.0,0.0,0.0,0.0,0.0,0.0,0.0,0.0,0.0,0.0,0.0
t5689,0.0,0.0,0.0,0.0,0.0,0.0,0.0,0.0,0.0,0.0,0.0,0.0,0.0,0.0,0.0,0.0,0.0,0.0
t5690,0.0,0.0,0.0,0.0,0.0,0.0,0.0,0.0,0.0,0.0,0.0,0.0,0.0,0.0,0.0,0.0,0.0,0.0
t5691,0.0,0.0,0.0,0.0,0.0,0.0,0.0,0.0,0.0,0.0,0.0,0.0,0.0,0.0,0.0,0.0,0.0,0.0
t5692,0.0,0.0,0.0,0.0,0.0,0.0,0.0,0.0,0.0,0.0,0.0,0.0,0.0,0.0,0.0,0.0,0.0,0.0
t5693,0.0,0.0,0.0,0.0,0.0,0.0,0.0,0.0,0.0,0.0,0.0,0.0,0.0,0.0,0.0,0.0,0.0,0.0
t5694,0.0,0.0,0.0,0.0,0.0,0.0,0.0,0.0,0.0,0.0,0.0,0.0,0.0,0.0,0.0,0.0,0.0,0.0
t5695,0.0,0.0,0.0,0.0,0.0,0.0,0.0,0.0,0.0,0.0,0.0,0.0,0.0,0.0,0.0,0.0,0.0,0.0
t5696,0.0,0.0,0.0,0.0,754.060578900773,1969.5594024878349,0.0,1856.3454526422665,0.0,0.0,0.0,0.0,0.0,0.0,0.0,0.0,0.0,4579.965434030874
t5697,801.5949664962063,120.0,0.0,0.0,0.0,2545.795906825954,206.2065893484992,1163.6214526437984,0.0,0.0,0.0,0.0,0.0,0.0,0.0,0.0,0.0,4837.218915314457
t5698,0.0,0.0,953.1912679799996,0.0,0.0,5480.534562945877,831.1694416800001,1016.0805950584033,0.0,0.0,0.0,0.0,0.0,0.0,0.0,0.0,0.0,8280.97586766428
t5699,1220.0,120.0,0.0,0.0,0.0,4536.769962127691,1230.5521425499999,789.0153107800011,0.0,0.0,0.0,0.0,0.0,0.0,0.0,0.0,0.0,7896.337415457692
t5700,1220.0,0.0,0.0,0.0,0.0,3635.1730957724285,1155.4184144324115,0.0,0.0,0.0,0.0,0.0,0.0,0.0,0.0,0.0,0.0,6010.59151020484
t5701,0.0,0.0,532.4676515100003,0.0,0.0,2047.9897505957592,843.5561431100002,0.0,0.0,0.0,0.0,0.0,0.0,0.0,0.0,0.0,0.0,3424.01354521576
t5702,33.43974339091866,0.0,0.0,0.0,512.889091098011,0.0,708.8777105100002,0.0,0.0,0.0,0.0,0.0,0.0,0.0,0.0,0.0,0.0,1255.20654499893
t5703,0.0,0.0,0.0,0.0,0.0,0.0,0.0,0.0,0.0,0.0,0.0,0.0,0.0,0.0,0.0,0.0,0.0,0.0
t5704,0.0,0.0,0.0,0.0,0.0,0.0,0.0,0.0,0.0,0.0,0.0,0.0,0.0,0.0,0.0,0.0,0.0,0.0
t5705,0.0,0.0,0.0,0.0,0.0,0.0,0.0,0.0,0.0,0.0,0.0,0.0,0.0,0.0,0.0,0.0,0.0,0.0
t5706,0.0,0.0,0.0,0.0,0.0,0.0,0.0,0.0,0.0,0.0,0.0,0.0,0.0,0.0,0.0,0.0,0.0,0.0
t5707,0.0,0.0,0.0,0.0,0.0,0.0,0.0,0.0,0.0,0.0,0.0,0.0,0.0,0.0,0.0,0.0,0.0,0.0
t5708,0.0,0.0,0.0,0.0,0.0,0.0,0.0,0.0,0.0,0.0,0.0,0.0,0.0,0.0,0.0,0.0,0.0,0.0
t5709,0.0,0.0,0.0,0.0,0.0,0.0,0.0,0.0,0.0,0.0,0.0,0.0,0.0,0.0,0.0,0.0,0.0,0.0
t5710,0.0,0.0,0.0,0.0,0.0,0.0,0.0,0.0,0.0,0.0,0.0,0.0,0.0,0.0,0.0,0.0,0.0,0.0
t5711,0.0,0.0,0.0,0.0,0.0,0.0,0.0,0.0,0.0,0.0,0.0,0.0,0.0,0.0,0.0,0.0,0.0,0.0
t5712,0.0,0.0,0.0,0.0,0.0,0.0,0.0,0.0,0.0,0.0,0.0,0.0,0.0,0.0,0.0,0.0,0.0,0.0
t5713,0.0,0.0,0.0,0.0,0.0,0.0,0.0,0.0,0.0,0.0,0.0,0.0,0.0,0.0,0.0,0.0,0.0,0.0
t5714,0.0,0.0,0.0,0.0,0.0,0.0,0.0,0.0,0.0,0.0,0.0,0.0,0.0,0.0,0.0,0.0,0.0,0.0
t5715,0.0,0.0,0.0,0.0,0.0,0.0,0.0,0.0,0.0,0.0,0.0,0.0,0.0,0.0,0.0,0.0,0.0,0.0
t5716,0.0,0.0,0.0,0.0,0.0,0.0,0.0,0.0,0.0,0.0,0.0,0.0,0.0,0.0,0.0,0.0,0.0,0.0
t5717,0.0,0.0,0.0,0.0,0.0,0.0,0.0,0.0,0.0,0.0,0.0,0.0,0.0,0.0,0.0,0.0,0.0,0.0
t5718,0.0,0.0,0.0,0.0,0.0,0.0,0.0,0.0,0.0,0.0,0.0,0.0,0.0,0.0,0.0,0.0,0.0,0.0
t5719,0.0,0.0,0.0,0.0,0.0,0.0,0.0,836.0551133046137,0.0,0.0,0.0,0.0,0.0,0.0,0.0,0.0,0.0,836.0551133046137
t5720,1220.0,120.0,0.0,0.0,0.0,4504.601555344937,735.3795069600002,1950.0,0.0,0.0,0.0,0.0,0.0,0.0,0.0,0.0,0.0,8529.981062304938
t5721,1220.0,118.07560231724732,0.0,0.0,0.0,3872.6964384916237,1062.3640090100002,1950.0,0.0,0.0,0.0,0.0,0.0,0.0,0.0,0.0,0.0,8223.136049818871
t5722,1220.0,0.0,0.0,0.0,0.0,3091.3559169553314,1360.367561206227,750.1075734314886,0.0,0.0,0.0,0.0,0.0,0.0,0.0,0.0,0.0,6421.831051593048
t5723,1163.02235162,0.0,0.0,0.0,0.0,536.158233624251,1590.0,0.0,0.0,0.0,0.0,0.0,0.0,0.0,0.0,0.0,0.0,3289.1805852442512
t5724,320.95092501719023,0.0,0.0,0.0,0.0,0.0,1467.8856749861502,0.0,0.0,0.0,0.0,0.0,0.0,0.0,0.0,0.0,0.0,1788.8366000033404
t5725,0.0,0.0,0.0,0.0,0.0,0.0,0.0,0.0,0.0,0.0,0.0,0.0,0.0,0.0,0.0,0.0,0.0,0.0
t5726,0.0,0.0,0.0,0.0,0.0,0.0,0.0,0.0,0.0,0.0,0.0,0.0,0.0,0.0,0.0,0.0,0.0,0.0
t5727,0.0,0.0,0.0,0.0,0.0,0.0,0.0,0.0,0.0,0.0,0.0,0.0,0.0,0.0,0.0,0.0,0.0,0.0
t5728,0.0,0.0,0.0,0.0,0.0,0.0,0.0,0.0,0.0,0.0,0.0,0.0,0.0,0.0,0.0,0.0,0.0,0.0
t5729,0.0,0.0,0.0,0.0,0.0,0.0,0.0,0.0,0.0,0.0,0.0,0.0,0.0,0.0,0.0,0.0,0.0,0.0
t5730,0.0,0.0,0.0,0.0,0.0,0.0,0.0,0.0,0.0,0.0,0.0,0.0,0.0,0.0,0.0,0.0,0.0,0.0
t5731,0.0,0.0,0.0,0.0,0.0,0.0,0.0,0.0,0.0,0.0,0.0,0.0,0.0,0.0,0.0,0.0,0.0,0.0
t5732,0.0,0.0,0.0,0.0,0.0,0.0,0.0,0.0,0.0,0.0,0.0,0.0,0.0,0.0,0.0,0.0,0.0,0.0
t5733,0.0,0.0,0.0,0.0,0.0,0.0,0.0,0.0,0.0,0.0,0.0,0.0,0.0,0.0,0.0,0.0,0.0,0.0
t5734,0.0,0.0,0.0,0.0,0.0,0.0,0.0,0.0,0.0,0.0,0.0,0.0,0.0,0.0,0.0,0.0,0.0,0.0
t5735,0.0,0.0,0.0,0.0,0.0,0.0,0.0,0.0,0.0,0.0,0.0,0.0,0.0,0.0,0.0,0.0,0.0,0.0
t5736,0.0,0.0,0.0,0.0,0.0,0.0,0.0,0.0,0.0,0.0,0.0,0.0,0.0,0.0,0.0,0.0,0.0,0.0
t5737,0.0,0.0,0.0,0.0,0.0,0.0,0.0,0.0,0.0,0.0,0.0,0.0,0.0,0.0,0.0,0.0,0.0,0.0
t5738,0.0,0.0,0.0,0.0,0.0,0.0,0.0,0.0,0.0,0.0,0.0,0.0,0.0,0.0,0.0,0.0,0.0,0.0
t5739,0.0,0.0,0.0,0.0,0.0,0.0,0.0,0.0,0.0,0.0,0.0,0.0,0.0,0.0,0.0,0.0,0.0,0.0
t5740,0.0,0.0,0.0,0.0,0.0,0.0,0.0,0.0,0.0,0.0,0.0,0.0,0.0,0.0,0.0,0.0,0.0,0.0
t5741,0.0,0.0,0.0,0.0,0.0,0.0,0.0,0.0,0.0,0.0,0.0,0.0,0.0,0.0,0.0,0.0,0.0,0.0
t5742,0.0,0.0,0.0,0.0,0.0,0.0,0.0,0.0,0.0,0.0,0.0,0.0,0.0,0.0,0.0,0.0,0.0,0.0
t5743,0.0,0.0,0.0,0.0,0.0,0.0,0.0,1950.0,0.0,0.0,0.0,0.0,0.0,0.0,0.0,0.0,0.0,1950.0
t5744,1220.0,120.0,344.4860309007094,0.0,0.0,3181.6598690213145,330.89783194,1950.0,0.0,0.0,0.0,0.0,0.0,0.0,0.0,0.0,0.0,7147.043731862024
t5745,1220.0,120.0,0.0,0.0,0.0,1800.0481168223107,1590.0,1950.0,0.0,0.0,0.0,0.0,0.0,0.0,0.0,0.0,0.0,6680.0481168223105
t5746,1147.63325115719,120.0,0.0,0.0,0.0,999.1521104694958,1590.0,1577.9362015749693,0.0,0.0,0.0,0.0,0.0,0.0,0.0,0.0,0.0,5434.721563201655
t5747,1038.6449266199995,0.0,0.0,0.0,0.0,1731.8873752010957,1590.0,0.0,0.0,0.0,0.0,0.0,0.0,0.0,0.0,0.0,0.0,4360.532301821095
t5748,517.6950988600005,120.0,0.0,0.0,0.0,873.851078470378,1590.0,239.2213285160534,0.0,0.0,0.0,0.0,0.0,0.0,0.0,0.0,0.0,3340.767505846432
t5749,0.0,0.0,0.0,0.0,0.0,0.0,0.0,0.0,0.0,0.0,0.0,0.0,0.0,0.0,0.0,0.0,0.0,0.0
t5750,0.0,0.0,0.0,0.0,0.0,0.0,0.0,0.0,0.0,0.0,0.0,0.0,0.0,0.0,0.0,0.0,0.0,0.0
t5751,0.0,0.0,0.0,0.0,0.0,0.0,0.0,0.0,0.0,0.0,0.0,0.0,0.0,0.0,0.0,0.0,0.0,0.0
t5752,0.0,0.0,0.0,0.0,0.0,0.0,0.0,0.0,0.0,0.0,0.0,0.0,0.0,0.0,0.0,0.0,0.0,0.0
t5753,0.0,0.0,0.0,0.0,0.0,0.0,0.0,0.0,0.0,0.0,0.0,0.0,0.0,0.0,0.0,0.0,0.0,0.0
t5754,0.0,0.0,0.0,0.0,0.0,0.0,0.0,0.0,0.0,0.0,0.0,0.0,0.0,0.0,0.0,0.0,0.0,0.0
t5755,0.0,0.0,0.0,0.0,0.0,0.0,0.0,0.0,0.0,0.0,0.0,0.0,0.0,0.0,0.0,0.0,0.0,0.0
t5756,0.0,0.0,0.0,0.0,0.0,0.0,0.0,0.0,0.0,0.0,0.0,0.0,0.0,0.0,0.0,0.0,0.0,0.0
t5757,0.0,0.0,0.0,0.0,0.0,0.0,0.0,0.0,0.0,0.0,0.0,0.0,0.0,0.0,0.0,0.0,0.0,0.0
t5758,0.0,0.0,0.0,0.0,0.0,0.0,0.0,0.0,0.0,0.0,0.0,0.0,0.0,0.0,0.0,0.0,0.0,0.0
t5759,0.0,0.0,0.0,0.0,0.0,0.0,0.0,0.0,0.0,0.0,0.0,0.0,0.0,0.0,0.0,0.0,0.0,0.0
t5760,0.0,0.0,0.0,0.0,0.0,0.0,0.0,0.0,0.0,0.0,0.0,0.0,0.0,0.0,0.0,0.0,0.0,0.0
t5761,0.0,0.0,0.0,0.0,0.0,0.0,0.0,0.0,0.0,0.0,0.0,0.0,0.0,0.0,0.0,0.0,0.0,0.0
t5762,0.0,0.0,0.0,0.0,0.0,0.0,0.0,0.0,0.0,0.0,0.0,0.0,0.0,0.0,0.0,0.0,0.0,0.0
t5763,0.0,0.0,0.0,0.0,0.0,0.0,0.0,0.0,0.0,0.0,0.0,0.0,0.0,0.0,0.0,0.0,0.0,0.0
t5764,0.0,0.0,0.0,0.0,0.0,0.0,0.0,0.0,0.0,0.0,0.0,0.0,0.0,0.0,0.0,0.0,0.0,0.0
t5765,0.0,0.0,0.0,0.0,0.0,0.0,0.0,0.0,0.0,0.0,0.0,0.0,0.0,0.0,0.0,0.0,0.0,0.0
t5766,0.0,0.0,0.0,0.0,0.0,0.0,0.0,0.0,0.0,0.0,0.0,0.0,0.0,0.0,0.0,0.0,0.0,0.0
t5767,1220.0,120.0,83.67606391081452,0.0,0.0,910.032219448984,128.77088426999995,1950.0,0.0,0.0,0.0,0.0,0.0,0.0,0.0,0.0,0.0,4412.479167629799
t5768,1220.0,120.0,0.0,0.0,0.0,7364.224101770981,829.9834988800001,1950.0,0.0,0.0,0.0,0.0,0.0,0.0,0.0,0.0,0.0,11484.207600650981
t5769,1220.0,120.0,0.0,0.0,0.0,5823.300661806793,761.6878545300003,1950.0,0.0,0.0,0.0,0.0,0.0,0.0,0.0,0.0,0.0,9874.988516336794
t5770,541.4590210571895,0.0,0.0,0.0,0.0,3431.5682013123424,1536.2453007600002,1950.0,0.0,0.0,0.0,0.0,0.0,0.0,0.0,0.0,0.0,7459.272523129532
t5771,942.5142555800004,0.0,0.0,0.0,0.0,1762.0324828739083,1590.0,421.9244995430499,0.0,0.0,0.0,0.0,0.0,0.0,0.0,0.0,0.0,4716.471237996959
t5772,0.0,63.28100484817509,0.0,0.0,0.0,812.2487891016226,1190.3524896789368,0.0,0.0,0.0,0.0,0.0,0.0,0.0,0.0,0.0,0.0,2065.8822836287345
t5773,0.0,0.0,0.0,0.0,0.0,0.0,666.9907176623192,0.0,0.0,0.0,0.0,0.0,0.0,0.0,0.0,0.0,0.0,666.9907176623192
t5774,0.0,0.0,0.0,0.0,0.0,0.0,0.0,0.0,0.0,0.0,0.0,0.0,0.0,0.0,0.0,0.0,0.0,0.0
t5775,0.0,0.0,0.0,0.0,0.0,0.0,0.0,0.0,0.0,0.0,0.0,0.0,0.0,0.0,0.0,0.0,0.0,0.0
t5776,0.0,0.0,0.0,0.0,0.0,0.0,0.0,0.0,0.0,0.0,0.0,0.0,0.0,0.0,0.0,0.0,0.0,0.0
t5777,0.0,0.0,0.0,0.0,0.0,0.0,0.0,0.0,0.0,0.0,0.0,0.0,0.0,0.0,0.0,0.0,0.0,0.0
t5778,0.0,0.0,0.0,0.0,0.0,0.0,0.0,0.0,0.0,0.0,0.0,0.0,0.0,0.0,0.0,0.0,0.0,0.0
t5779,0.0,0.0,0.0,0.0,0.0,0.0,0.0,0.0,0.0,0.0,0.0,0.0,0.0,0.0,0.0,0.0,0.0,0.0
t5780,0.0,0.0,0.0,0.0,0.0,0.0,0.0,0.0,0.0,0.0,0.0,0.0,0.0,0.0,0.0,0.0,0.0,0.0
t5781,0.0,0.0,0.0,0.0,0.0,0.0,0.0,0.0,0.0,0.0,0.0,0.0,0.0,0.0,0.0,0.0,0.0,0.0
t5782,0.0,0.0,0.0,0.0,0.0,0.0,0.0,0.0,0.0,0.0,0.0,0.0,0.0,0.0,0.0,0.0,0.0,0.0
t5783,0.0,0.0,0.0,0.0,0.0,0.0,0.0,0.0,0.0,0.0,0.0,0.0,0.0,0.0,0.0,0.0,0.0,0.0
t5784,0.0,0.0,0.0,0.0,0.0,0.0,0.0,0.0,0.0,0.0,0.0,0.0,0.0,0.0,0.0,0.0,0.0,0.0
t5785,0.0,0.0,0.0,0.0,0.0,0.0,0.0,0.0,0.0,0.0,0.0,0.0,0.0,0.0,0.0,0.0,0.0,0.0
t5786,0.0,0.0,0.0,0.0,0.0,0.0,0.0,0.0,0.0,0.0,0.0,0.0,0.0,0.0,0.0,0.0,0.0,0.0
t5787,0.0,0.0,0.0,0.0,0.0,0.0,0.0,0.0,0.0,0.0,0.0,0.0,0.0,0.0,0.0,0.0,0.0,0.0
t5788,0.0,0.0,0.0,0.0,0.0,0.0,0.0,0.0,0.0,0.0,0.0,0.0,0.0,0.0,0.0,0.0,0.0,0.0
t5789,0.0,0.0,0.0,0.0,0.0,0.0,0.0,0.0,0.0,0.0,0.0,0.0,0.0,0.0,0.0,0.0,0.0,0.0
t5790,0.0,0.0,0.0,0.0,0.0,0.0,0.0,0.0,0.0,0.0,0.0,0.0,0.0,0.0,0.0,0.0,0.0,0.0
t5791,1220.0,120.0,102.62204575155943,0.0,0.0,0.0,99.57655111999996,1950.0,0.0,0.0,0.0,0.0,0.0,0.0,0.0,0.0,0.0,3492.1985968715594
t5792,1220.0,120.0,0.0,0.0,0.0,6418.490808368593,832.8510773100005,1950.0,0.0,0.0,0.0,0.0,0.0,0.0,0.0,0.0,0.0,10541.341885678594
t5793,1220.0,120.0,102.87030691309084,0.0,0.0,4625.8667375004725,1171.2108830800005,1950.0,0.0,0.0,0.0,0.0,0.0,0.0,0.0,0.0,0.0,9189.947927493564
t5794,1220.0,120.0,0.0,0.0,0.0,4080.5742771791015,1298.6934309300002,352.4140080762054,0.0,0.0,0.0,0.0,0.0,0.0,0.0,0.0,0.0,7071.681716185307
t5795,263.9732766371902,0.45862292097610147,0.0,0.0,0.0,3513.5056744001827,279.7653174300003,0.0,0.0,0.0,0.0,0.0,0.0,0.0,0.0,0.0,0.0,4057.702891388349
t5796,0.0,0.0,0.0,0.0,0.0,0.0,1113.8158036224959,0.0,0.0,0.0,0.0,0.0,0.0,0.0,0.0,0.0,0.0,1113.8158036224959
t5797,0.0,0.0,0.0,0.0,0.0,0.0,0.0,0.0,0.0,0.0,0.0,0.0,0.0,0.0,0.0,0.0,0.0,0.0
t5798,0.0,0.0,0.0,0.0,0.0,0.0,0.0,0.0,0.0,0.0,0.0,0.0,0.0,0.0,0.0,0.0,0.0,0.0
t5799,0.0,0.0,0.0,0.0,0.0,0.0,0.0,0.0,0.0,0.0,0.0,0.0,0.0,0.0,0.0,0.0,0.0,0.0
t5800,0.0,0.0,0.0,0.0,0.0,0.0,0.0,0.0,0.0,0.0,0.0,0.0,0.0,0.0,0.0,0.0,0.0,0.0
t5801,0.0,0.0,0.0,0.0,0.0,0.0,0.0,0.0,0.0,0.0,0.0,0.0,0.0,0.0,0.0,0.0,0.0,0.0
t5802,0.0,0.0,0.0,0.0,0.0,0.0,0.0,0.0,0.0,0.0,0.0,0.0,0.0,0.0,0.0,0.0,0.0,0.0
t5803,0.0,0.0,0.0,0.0,0.0,0.0,0.0,0.0,0.0,0.0,0.0,0.0,0.0,0.0,0.0,0.0,0.0,0.0
t5804,0.0,0.0,0.0,0.0,0.0,0.0,0.0,0.0,0.0,0.0,0.0,0.0,0.0,0.0,0.0,0.0,0.0,0.0
t5805,0.0,0.0,0.0,0.0,0.0,0.0,0.0,0.0,0.0,0.0,0.0,0.0,0.0,0.0,0.0,0.0,0.0,0.0
t5806,0.0,0.0,0.0,0.0,0.0,0.0,0.0,0.0,0.0,0.0,0.0,0.0,0.0,0.0,0.0,0.0,0.0,0.0
t5807,0.0,0.0,0.0,0.0,0.0,0.0,0.0,0.0,0.0,0.0,0.0,0.0,0.0,0.0,0.0,0.0,0.0,0.0
t5808,0.0,0.0,0.0,0.0,0.0,0.0,0.0,0.0,0.0,0.0,0.0,0.0,0.0,0.0,0.0,0.0,0.0,0.0
t5809,0.0,0.0,0.0,0.0,0.0,0.0,0.0,0.0,0.0,0.0,0.0,0.0,0.0,0.0,0.0,0.0,0.0,0.0
t5810,0.0,0.0,0.0,0.0,0.0,0.0,0.0,0.0,0.0,0.0,0.0,0.0,0.0,0.0,0.0,0.0,0.0,0.0
t5811,0.0,0.0,0.0,0.0,0.0,0.0,0.0,0.0,0.0,0.0,0.0,0.0,0.0,0.0,0.0,0.0,0.0,0.0
t5812,0.0,0.0,0.0,0.0,0.0,0.0,0.0,0.0,0.0,0.0,0.0,0.0,0.0,0.0,0.0,0.0,0.0,0.0
t5813,0.0,0.0,0.0,0.0,0.0,0.0,0.0,0.0,0.0,0.0,0.0,0.0,0.0,0.0,0.0,0.0,0.0,0.0
t5814,0.0,0.0,0.0,0.0,0.0,0.0,0.0,0.0,0.0,0.0,0.0,0.0,0.0,0.0,0.0,0.0,0.0,0.0
t5815,0.0,115.3378934648625,0.0,0.0,0.0,0.0,0.0,1950.0,0.0,0.0,0.0,0.0,0.0,0.0,0.0,0.0,0.0,2065.3378934648626
t5816,1220.0,120.0,0.0,0.0,0.0,5952.802361269321,577.1106186299999,1950.0,0.0,0.0,0.0,0.0,0.0,0.0,0.0,0.0,0.0,9819.912979899322
t5817,1220.0,120.0,0.0,0.0,0.0,5085.51309509964,928.9645577699998,1950.0,0.0,0.0,0.0,0.0,0.0,0.0,0.0,0.0,0.0,9304.47765286964
t5818,1220.0,120.0,0.0,0.0,0.0,3200.238153554781,1388.4990399600001,1950.0,0.0,0.0,0.0,0.0,0.0,0.0,0.0,0.0,0.0,7878.737193514781
t5819,1220.0,30.62669112240207,0.0,0.0,0.0,187.33676920273146,1590.0,0.0,0.0,0.0,0.0,0.0,0.0,0.0,0.0,0.0,0.0,3027.9634603251334
t5820,263.9732766371902,0.0,0.0,0.0,0.0,690.848305453789,1475.6516798202056,0.0,0.0,0.0,0.0,0.0,0.0,0.0,0.0,0.0,0.0,2430.4732619111846
t5821,0.0,0.0,0.0,0.0,0.0,0.0,0.0,0.0,0.0,0.0,0.0,0.0,0.0,0.0,0.0,0.0,0.0,0.0
t5822,0.0,0.0,0.0,0.0,0.0,0.0,0.0,0.0,0.0,0.0,0.0,0.0,0.0,0.0,0.0,0.0,0.0,0.0
t5823,0.0,0.0,0.0,0.0,0.0,0.0,0.0,0.0,0.0,0.0,0.0,0.0,0.0,0.0,0.0,0.0,0.0,0.0
t5824,0.0,0.0,0.0,0.0,0.0,0.0,0.0,0.0,0.0,0.0,0.0,0.0,0.0,0.0,0.0,0.0,0.0,0.0
t5825,0.0,0.0,0.0,0.0,0.0,0.0,0.0,0.0,0.0,0.0,0.0,0.0,0.0,0.0,0.0,0.0,0.0,0.0
t5826,0.0,0.0,0.0,0.0,0.0,0.0,0.0,0.0,0.0,0.0,0.0,0.0,0.0,0.0,0.0,0.0,0.0,0.0
t5827,0.0,0.0,0.0,0.0,0.0,0.0,0.0,0.0,0.0,0.0,0.0,0.0,0.0,0.0,0.0,0.0,0.0,0.0
t5828,0.0,0.0,0.0,0.0,0.0,0.0,0.0,0.0,0.0,0.0,0.0,0.0,0.0,0.0,0.0,0.0,0.0,0.0
t5829,0.0,0.0,0.0,0.0,0.0,0.0,0.0,0.0,0.0,0.0,0.0,0.0,0.0,0.0,0.0,0.0,0.0,0.0
t5830,0.0,0.0,0.0,0.0,0.0,0.0,0.0,0.0,0.0,0.0,0.0,0.0,0.0,0.0,0.0,0.0,0.0,0.0
t5831,0.0,0.0,0.0,0.0,0.0,0.0,0.0,0.0,0.0,0.0,0.0,0.0,0.0,0.0,0.0,0.0,0.0,0.0
t5832,0.0,0.0,0.0,0.0,0.0,0.0,0.0,0.0,0.0,0.0,0.0,0.0,0.0,0.0,0.0,0.0,0.0,0.0
t5833,0.0,0.0,0.0,0.0,0.0,0.0,0.0,0.0,0.0,0.0,0.0,0.0,0.0,0.0,0.0,0.0,0.0,0.0
t5834,0.0,0.0,0.0,0.0,0.0,0.0,0.0,0.0,0.0,0.0,0.0,0.0,0.0,0.0,0.0,0.0,0.0,0.0
t5835,0.0,0.0,0.0,0.0,0.0,0.0,0.0,0.0,0.0,0.0,0.0,0.0,0.0,0.0,0.0,0.0,0.0,0.0
t5836,0.0,0.0,0.0,0.0,0.0,0.0,0.0,0.0,0.0,0.0,0.0,0.0,0.0,0.0,0.0,0.0,0.0,0.0
t5837,0.0,0.0,0.0,0.0,0.0,0.0,0.0,0.0,0.0,0.0,0.0,0.0,0.0,0.0,0.0,0.0,0.0,0.0
t5838,0.0,0.0,0.0,0.0,0.0,0.0,0.0,0.0,0.0,0.0,0.0,0.0,0.0,0.0,0.0,0.0,0.0,0.0
t5839,0.0,0.0,0.0,0.0,0.0,0.0,123.60744031999971,0.0,0.0,0.0,0.0,0.0,0.0,0.0,0.0,0.0,0.0,123.60744031999971
t5840,1220.0,120.0,0.0,0.0,0.0,4608.143212898924,465.6915654500002,1950.0,0.0,0.0,0.0,0.0,0.0,0.0,0.0,0.0,0.0,8363.834778348923
t5841,1220.0,120.0,0.0,0.0,0.0,6636.629281720811,397.62428905000013,1950.0,0.0,0.0,0.0,0.0,0.0,0.0,0.0,0.0,0.0,10324.253570770812
t5842,1220.0,120.0,0.0,0.0,0.0,6145.488510827072,1512.9757930399999,1950.0,0.0,0.0,0.0,0.0,0.0,0.0,0.0,0.0,0.0,10948.464303867071
t5843,263.9732766371902,29.378359066931996,1170.0243992457602,0.0,0.0,5360.609933986473,1562.25106232,554.349485601606,0.0,0.0,0.0,0.0,0.0,0.0,0.0,0.0,0.0,8940.586516857962
t5844,1220.0,0.0,1620.0,0.0,0.0,152.96512521560481,1269.07655175,722.5338243118119,0.0,0.0,0.0,0.0,0.0,0.0,0.0,0.0,0.0,4984.575501277417
t5845,0.0,0.0,708.2769941545481,0.0,0.0,0.0,657.6902449405123,0.0,0.0,0.0,0.0,0.0,0.0,0.0,0.0,0.0,0.0,1365.9672390950604
t5846,0.0,0.0,0.0,0.0,0.0,0.0,0.0,0.0,0.0,0.0,0.0,0.0,0.0,0.0,0.0,0.0,0.0,0.0
t5847,0.0,0.0,0.0,0.0,0.0,0.0,0.0,0.0,0.0,0.0,0.0,0.0,0.0,0.0,0.0,0.0,0.0,0.0
t5848,0.0,0.0,0.0,0.0,0.0,0.0,0.0,0.0,0.0,0.0,0.0,0.0,0.0,0.0,0.0,0.0,0.0,0.0
t5849,0.0,0.0,0.0,0.0,0.0,0.0,0.0,0.0,0.0,0.0,0.0,0.0,0.0,0.0,0.0,0.0,0.0,0.0
t5850,0.0,0.0,0.0,0.0,0.0,0.0,0.0,0.0,0.0,0.0,0.0,0.0,0.0,0.0,0.0,0.0,0.0,0.0
t5851,0.0,0.0,0.0,0.0,0.0,0.0,0.0,0.0,0.0,0.0,0.0,0.0,0.0,0.0,0.0,0.0,0.0,0.0
t5852,0.0,0.0,0.0,0.0,0.0,0.0,0.0,0.0,0.0,0.0,0.0,0.0,0.0,0.0,0.0,0.0,0.0,0.0
t5853,0.0,0.0,0.0,0.0,0.0,0.0,0.0,0.0,0.0,0.0,0.0,0.0,0.0,0.0,0.0,0.0,0.0,0.0
t5854,0.0,0.0,0.0,0.0,0.0,0.0,0.0,0.0,0.0,0.0,0.0,0.0,0.0,0.0,0.0,0.0,0.0,0.0
t5855,0.0,0.0,0.0,0.0,0.0,0.0,0.0,0.0,0.0,0.0,0.0,0.0,0.0,0.0,0.0,0.0,0.0,0.0
t5856,0.0,0.0,0.0,0.0,0.0,0.0,0.0,0.0,0.0,0.0,0.0,0.0,0.0,0.0,0.0,0.0,0.0,0.0
t5857,0.0,0.0,0.0,0.0,0.0,0.0,0.0,0.0,0.0,0.0,0.0,0.0,0.0,0.0,0.0,0.0,0.0,0.0
t5858,0.0,0.0,0.0,0.0,0.0,0.0,0.0,0.0,0.0,0.0,0.0,0.0,0.0,0.0,0.0,0.0,0.0,0.0
t5859,0.0,0.0,0.0,0.0,0.0,0.0,0.0,0.0,0.0,0.0,0.0,0.0,0.0,0.0,0.0,0.0,0.0,0.0
t5860,0.0,0.0,0.0,0.0,0.0,0.0,0.0,0.0,0.0,0.0,0.0,0.0,0.0,0.0,0.0,0.0,0.0,0.0
t5861,0.0,0.0,0.0,0.0,0.0,0.0,0.0,0.0,0.0,0.0,0.0,0.0,0.0,0.0,0.0,0.0,0.0,0.0
t5862,0.0,0.0,0.0,0.0,0.0,0.0,0.0,0.0,0.0,0.0,0.0,0.0,0.0,0.0,0.0,0.0,0.0,0.0
t5863,0.0,120.0,0.0,0.0,0.0,0.0,177.01005390000003,507.1112218568552,0.0,0.0,0.0,0.0,0.0,0.0,0.0,0.0,0.0,804.1212757568552
t5864,371.9013330171908,25.96458458726457,0.0,0.0,0.0,6390.6027825256,1051.8963409999994,1950.0,0.0,0.0,0.0,0.0,0.0,0.0,0.0,0.0,0.0,9790.365041130055
t5865,1220.0,120.0,0.0,0.0,0.0,6021.721873968401,1157.5038542400002,1864.813277686195,0.0,0.0,0.0,0.0,0.0,0.0,0.0,0.0,0.0,10384.039005894596
t5866,1220.0,120.0,0.0,0.0,0.0,5681.740172360276,1355.48473781,1950.0,0.0,0.0,0.0,0.0,0.0,0.0,0.0,0.0,0.0,10327.224910170276
t5867,1220.0,120.0,0.0,0.0,0.0,3829.870987013199,1328.7876666200002,1950.0,0.0,0.0,0.0,0.0,0.0,0.0,0.0,0.0,0.0,8448.6586536332
t5868,1112.0719436199997,0.0,0.0,0.0,0.0,3705.592440985431,635.9546643500003,0.0,0.0,0.0,0.0,0.0,0.0,0.0,0.0,0.0,0.0,5453.61904895543
t5869,0.0,0.0,0.0,0.0,0.0,0.0,0.0,0.0,0.0,0.0,0.0,0.0,0.0,0.0,0.0,0.0,0.0,0.0
t5870,0.0,0.0,0.0,0.0,0.0,0.0,0.0,0.0,0.0,0.0,0.0,0.0,0.0,0.0,0.0,0.0,0.0,0.0
t5871,0.0,0.0,0.0,0.0,0.0,0.0,0.0,0.0,0.0,0.0,0.0,0.0,0.0,0.0,0.0,0.0,0.0,0.0
t5872,0.0,0.0,0.0,0.0,0.0,0.0,0.0,0.0,0.0,0.0,0.0,0.0,0.0,0.0,0.0,0.0,0.0,0.0
t5873,0.0,0.0,0.0,0.0,0.0,0.0,0.0,0.0,0.0,0.0,0.0,0.0,0.0,0.0,0.0,0.0,0.0,0.0
t5874,0.0,0.0,0.0,0.0,0.0,0.0,0.0,0.0,0.0,0.0,0.0,0.0,0.0,0.0,0.0,0.0,0.0,0.0
t5875,0.0,0.0,0.0,0.0,0.0,0.0,0.0,0.0,0.0,0.0,0.0,0.0,0.0,0.0,0.0,0.0,0.0,0.0
t5876,0.0,0.0,0.0,0.0,0.0,0.0,0.0,0.0,0.0,0.0,0.0,0.0,0.0,0.0,0.0,0.0,0.0,0.0
t5877,0.0,0.0,0.0,0.0,0.0,0.0,0.0,0.0,0.0,0.0,0.0,0.0,0.0,0.0,0.0,0.0,0.0,0.0
t5878,0.0,0.0,0.0,0.0,0.0,0.0,0.0,0.0,0.0,0.0,0.0,0.0,0.0,0.0,0.0,0.0,0.0,0.0
t5879,0.0,0.0,0.0,0.0,0.0,0.0,0.0,0.0,0.0,0.0,0.0,0.0,0.0,0.0,0.0,0.0,0.0,0.0
t5880,0.0,0.0,0.0,0.0,0.0,0.0,0.0,0.0,0.0,0.0,0.0,0.0,0.0,0.0,0.0,0.0,0.0,0.0
t5881,0.0,0.0,0.0,0.0,0.0,0.0,0.0,0.0,0.0,0.0,0.0,0.0,0.0,0.0,0.0,0.0,0.0,0.0
t5882,0.0,0.0,0.0,0.0,0.0,0.0,0.0,0.0,0.0,0.0,0.0,0.0,0.0,0.0,0.0,0.0,0.0,0.0
t5883,0.0,0.0,0.0,0.0,0.0,0.0,0.0,0.0,0.0,0.0,0.0,0.0,0.0,0.0,0.0,0.0,0.0,0.0
t5884,0.0,0.0,0.0,0.0,0.0,0.0,0.0,0.0,0.0,0.0,0.0,0.0,0.0,0.0,0.0,0.0,0.0,0.0
t5885,0.0,0.0,0.0,0.0,0.0,0.0,0.0,0.0,0.0,0.0,0.0,0.0,0.0,0.0,0.0,0.0,0.0,0.0
t5886,0.0,0.0,0.0,0.0,0.0,0.0,0.0,0.0,0.0,0.0,0.0,0.0,0.0,0.0,0.0,0.0,0.0,0.0
t5887,0.0,0.0,0.0,0.0,0.0,0.0,0.0,0.0,0.0,0.0,0.0,0.0,0.0,0.0,0.0,0.0,0.0,0.0
t5888,0.0,0.0,0.0,0.0,0.0,2167.8386055063115,0.0,0.0,0.0,0.0,0.0,0.0,0.0,0.0,0.0,0.0,0.0,2167.8386055063115
t5889,1220.0,0.0,0.0,0.0,0.0,2728.190975782961,1059.662745374831,0.0,0.0,0.0,0.0,0.0,0.0,0.0,0.0,0.0,0.0,5007.853721157791
t5890,1220.0,0.0,0.0,0.0,0.0,3607.8698003999993,348.41915803,0.0,0.0,0.0,0.0,0.0,0.0,0.0,0.0,0.0,0.0,5176.28895843
t5891,802.6711812600005,0.0,0.0,0.0,0.0,0.0,1255.6666088633483,0.0,0.0,0.0,0.0,0.0,0.0,0.0,0.0,0.0,0.0,2058.337790123349
t5892,11.948178889975138,0.0,0.0,0.0,0.0,0.0,0.0,0.0,0.0,0.0,0.0,0.0,0.0,0.0,0.0,0.0,0.0,11.948178889975138
t5893,0.0,0.0,0.0,0.0,0.0,0.0,0.0,0.0,0.0,0.0,0.0,0.0,0.0,0.0,0.0,0.0,0.0,0.0
t5894,0.0,0.0,0.0,0.0,0.0,0.0,0.0,0.0,0.0,0.0,0.0,0.0,0.0,0.0,0.0,0.0,0.0,0.0
t5895,0.0,0.0,0.0,0.0,0.0,0.0,0.0,0.0,0.0,0.0,0.0,0.0,0.0,0.0,0.0,0.0,0.0,0.0
t5896,0.0,0.0,0.0,0.0,0.0,0.0,0.0,0.0,0.0,0.0,0.0,0.0,0.0,0.0,0.0,0.0,0.0,0.0
t5897,0.0,0.0,0.0,0.0,0.0,0.0,0.0,0.0,0.0,0.0,0.0,0.0,0.0,0.0,0.0,0.0,0.0,0.0
t5898,0.0,0.0,0.0,0.0,0.0,0.0,0.0,0.0,0.0,0.0,0.0,0.0,0.0,0.0,0.0,0.0,0.0,0.0
t5899,0.0,0.0,0.0,0.0,0.0,0.0,0.0,0.0,0.0,0.0,0.0,0.0,0.0,0.0,0.0,0.0,0.0,0.0
t5900,0.0,0.0,0.0,0.0,0.0,0.0,0.0,0.0,0.0,0.0,0.0,0.0,0.0,0.0,0.0,0.0,0.0,0.0
t5901,0.0,0.0,0.0,0.0,0.0,0.0,0.0,0.0,0.0,0.0,0.0,0.0,0.0,0.0,0.0,0.0,0.0,0.0
t5902,0.0,0.0,0.0,0.0,0.0,0.0,0.0,0.0,0.0,0.0,0.0,0.0,0.0,0.0,0.0,0.0,0.0,0.0
t5903,0.0,0.0,0.0,0.0,0.0,0.0,0.0,0.0,0.0,0.0,0.0,0.0,0.0,0.0,0.0,0.0,0.0,0.0
t5904,0.0,0.0,0.0,0.0,0.0,0.0,0.0,0.0,0.0,0.0,0.0,0.0,0.0,0.0,0.0,0.0,0.0,0.0
t5905,0.0,0.0,0.0,0.0,0.0,0.0,0.0,0.0,0.0,0.0,0.0,0.0,0.0,0.0,0.0,0.0,0.0,0.0
t5906,0.0,0.0,0.0,0.0,0.0,0.0,0.0,0.0,0.0,0.0,0.0,0.0,0.0,0.0,0.0,0.0,0.0,0.0
t5907,0.0,0.0,0.0,0.0,0.0,0.0,0.0,0.0,0.0,0.0,0.0,0.0,0.0,0.0,0.0,0.0,0.0,0.0
t5908,0.0,0.0,0.0,0.0,0.0,0.0,0.0,0.0,0.0,0.0,0.0,0.0,0.0,0.0,0.0,0.0,0.0,0.0
t5909,0.0,0.0,0.0,0.0,0.0,0.0,0.0,0.0,0.0,0.0,0.0,0.0,0.0,0.0,0.0,0.0,0.0,0.0
t5910,0.0,0.0,0.0,0.0,0.0,0.0,0.0,0.0,0.0,0.0,0.0,0.0,0.0,0.0,0.0,0.0,0.0,0.0
t5911,0.0,0.0,0.0,0.0,0.0,0.0,0.0,0.0,0.0,0.0,0.0,0.0,0.0,0.0,0.0,0.0,0.0,0.0
t5912,1220.0,81.07647897000008,0.0,0.0,0.0,3253.986722028302,0.0,1033.1631427800005,0.0,0.0,0.0,0.0,0.0,0.0,0.0,0.0,0.0,5588.226343778302
t5913,1220.0,87.53189767000008,0.0,0.0,0.0,4265.827329418056,0.0,823.1315527800007,0.0,0.0,0.0,0.0,0.0,0.0,0.0,0.0,0.0,6396.490779868057
t5914,1022.4628362832857,0.0,0.0,0.0,0.0,5072.270961065813,0.0,687.7718988200006,0.0,0.0,0.0,0.0,0.0,0.0,0.0,0.0,0.0,6782.505696169099
t5915,1121.1887206199997,0.0,0.0,0.0,0.0,4021.5226946818348,556.1652916100004,160.43084678000176,0.0,0.0,0.0,0.0,0.0,0.0,0.0,0.0,0.0,5859.307553691837
t5916,560.3217197339048,0.0,0.0,0.0,0.0,2356.8634658699593,1590.0,0.0,0.0,0.0,0.0,0.0,0.0,0.0,0.0,0.0,0.0,4507.185185603865
t5917,0.0,0.0,0.0,0.0,0.0,0.0,711.2551787166227,0.0,0.0,0.0,0.0,0.0,0.0,0.0,0.0,0.0,0.0,711.2551787166227
t5918,0.0,0.0,0.0,0.0,0.0,0.0,0.0,0.0,0.0,0.0,0.0,0.0,0.0,0.0,0.0,0.0,0.0,0.0
t5919,0.0,0.0,0.0,0.0,0.0,0.0,0.0,0.0,0.0,0.0,0.0,0.0,0.0,0.0,0.0,0.0,0.0,0.0
t5920,0.0,0.0,0.0,0.0,0.0,0.0,0.0,0.0,0.0,0.0,0.0,0.0,0.0,0.0,0.0,0.0,0.0,0.0
t5921,0.0,0.0,0.0,0.0,0.0,0.0,0.0,0.0,0.0,0.0,0.0,0.0,0.0,0.0,0.0,0.0,0.0,0.0
t5922,0.0,0.0,0.0,0.0,0.0,0.0,0.0,0.0,0.0,0.0,0.0,0.0,0.0,0.0,0.0,0.0,0.0,0.0
t5923,0.0,0.0,0.0,0.0,0.0,0.0,0.0,0.0,0.0,0.0,0.0,0.0,0.0,0.0,0.0,0.0,0.0,0.0
t5924,0.0,0.0,0.0,0.0,0.0,0.0,0.0,0.0,0.0,0.0,0.0,0.0,0.0,0.0,0.0,0.0,0.0,0.0
t5925,0.0,0.0,0.0,0.0,0.0,0.0,0.0,0.0,0.0,0.0,0.0,0.0,0.0,0.0,0.0,0.0,0.0,0.0
t5926,0.0,0.0,0.0,0.0,0.0,0.0,0.0,0.0,0.0,0.0,0.0,0.0,0.0,0.0,0.0,0.0,0.0,0.0
t5927,0.0,0.0,0.0,0.0,0.0,0.0,0.0,0.0,0.0,0.0,0.0,0.0,0.0,0.0,0.0,0.0,0.0,0.0
t5928,0.0,0.0,0.0,0.0,0.0,0.0,0.0,0.0,0.0,0.0,0.0,0.0,0.0,0.0,0.0,0.0,0.0,0.0
t5929,0.0,0.0,0.0,0.0,0.0,0.0,0.0,0.0,0.0,0.0,0.0,0.0,0.0,0.0,0.0,0.0,0.0,0.0
t5930,0.0,0.0,0.0,0.0,0.0,0.0,0.0,0.0,0.0,0.0,0.0,0.0,0.0,0.0,0.0,0.0,0.0,0.0
t5931,0.0,0.0,0.0,0.0,0.0,0.0,0.0,0.0,0.0,0.0,0.0,0.0,0.0,0.0,0.0,0.0,0.0,0.0
t5932,0.0,0.0,0.0,0.0,0.0,0.0,0.0,0.0,0.0,0.0,0.0,0.0,0.0,0.0,0.0,0.0,0.0,0.0
t5933,0.0,0.0,0.0,0.0,0.0,0.0,0.0,0.0,0.0,0.0,0.0,0.0,0.0,0.0,0.0,0.0,0.0,0.0
t5934,0.0,0.0,0.0,0.0,0.0,0.0,0.0,0.0,0.0,0.0,0.0,0.0,0.0,0.0,0.0,0.0,0.0,0.0
t5935,0.0,0.0,0.0,0.0,0.0,0.0,0.0,481.64571436000017,0.0,0.0,0.0,0.0,0.0,0.0,0.0,0.0,0.0,481.64571436000017
t5936,1220.0,120.0,0.0,0.0,0.0,5400.019632900067,50.706866460000334,1049.9565723600003,0.0,0.0,0.0,0.0,0.0,0.0,0.0,0.0,0.0,7840.683071720068
t5937,1064.6524742134525,120.0,0.0,0.0,0.0,5500.8184827474515,1590.0,804.6963587799987,0.0,0.0,0.0,0.0,0.0,0.0,0.0,0.0,0.0,9080.167315740902
t5938,1220.0,85.59970116999988,0.0,0.0,0.0,3849.3472903362253,556.2399200800004,182.67983018000078,0.0,0.0,0.0,0.0,0.0,0.0,0.0,0.0,0.0,5893.866741766226
t5939,1220.0,0.0,0.0,0.0,0.0,3206.088699173666,650.5915645399998,0.0,0.0,0.0,0.0,0.0,0.0,0.0,0.0,0.0,0.0,5076.680263713666
t5940,419.3208024237375,0.0,0.0,0.0,0.0,5158.944428949749,693.0316234300002,0.0,0.0,0.0,0.0,0.0,0.0,0.0,0.0,0.0,0.0,6271.296854803486
t5941,0.0,0.0,0.0,0.0,0.0,1577.6148122400016,647.2031974900003,0.0,0.0,0.0,0.0,0.0,0.0,0.0,0.0,0.0,0.0,2224.818009730002
t5942,0.0,0.0,0.0,0.0,0.0,0.0,919.6022890914321,0.0,0.0,0.0,0.0,0.0,0.0,0.0,0.0,0.0,0.0,919.6022890914321
t5943,0.0,0.0,0.0,0.0,0.0,0.0,0.0,0.0,0.0,0.0,0.0,0.0,0.0,0.0,0.0,0.0,0.0,0.0
t5944,0.0,0.0,0.0,0.0,0.0,0.0,0.0,0.0,0.0,0.0,0.0,0.0,0.0,0.0,0.0,0.0,0.0,0.0
t5945,0.0,0.0,0.0,0.0,0.0,0.0,0.0,0.0,0.0,0.0,0.0,0.0,0.0,0.0,0.0,0.0,0.0,0.0
t5946,0.0,0.0,0.0,0.0,0.0,0.0,0.0,0.0,0.0,0.0,0.0,0.0,0.0,0.0,0.0,0.0,0.0,0.0
t5947,0.0,0.0,0.0,0.0,0.0,0.0,0.0,0.0,0.0,0.0,0.0,0.0,0.0,0.0,0.0,0.0,0.0,0.0
t5948,0.0,0.0,0.0,0.0,0.0,0.0,0.0,0.0,0.0,0.0,0.0,0.0,0.0,0.0,0.0,0.0,0.0,0.0
t5949,0.0,0.0,0.0,0.0,0.0,0.0,0.0,0.0,0.0,0.0,0.0,0.0,0.0,0.0,0.0,0.0,0.0,0.0
t5950,0.0,0.0,0.0,0.0,0.0,0.0,0.0,0.0,0.0,0.0,0.0,0.0,0.0,0.0,0.0,0.0,0.0,0.0
t5951,0.0,0.0,0.0,0.0,0.0,0.0,0.0,0.0,0.0,0.0,0.0,0.0,0.0,0.0,0.0,0.0,0.0,0.0
t5952,0.0,0.0,0.0,0.0,0.0,0.0,0.0,0.0,0.0,0.0,0.0,0.0,0.0,0.0,0.0,0.0,0.0,0.0
t5953,0.0,0.0,0.0,0.0,0.0,0.0,0.0,0.0,0.0,0.0,0.0,0.0,0.0,0.0,0.0,0.0,0.0,0.0
t5954,0.0,0.0,0.0,0.0,0.0,0.0,0.0,0.0,0.0,0.0,0.0,0.0,0.0,0.0,0.0,0.0,0.0,0.0
t5955,0.0,0.0,0.0,0.0,0.0,0.0,0.0,0.0,0.0,0.0,0.0,0.0,0.0,0.0,0.0,0.0,0.0,0.0
t5956,0.0,0.0,0.0,0.0,0.0,0.0,0.0,0.0,0.0,0.0,0.0,0.0,0.0,0.0,0.0,0.0,0.0,0.0
t5957,0.0,0.0,0.0,0.0,0.0,0.0,0.0,0.0,0.0,0.0,0.0,0.0,0.0,0.0,0.0,0.0,0.0,0.0
t5958,0.0,0.0,0.0,0.0,0.0,0.0,0.0,0.0,0.0,0.0,0.0,0.0,0.0,0.0,0.0,0.0,0.0,0.0
t5959,0.0,0.0,0.0,0.0,0.0,0.0,0.0,0.0,0.0,0.0,0.0,0.0,0.0,0.0,0.0,0.0,0.0,0.0
t5960,1220.0,120.0,0.0,0.0,0.0,2591.3478158341736,0.0,549.4478756169715,0.0,0.0,0.0,0.0,0.0,0.0,0.0,0.0,0.0,4480.795691451145
t5961,1220.0,120.0,0.0,0.0,0.0,3673.896386239997,725.70001013,1111.948269517928,0.0,0.0,0.0,0.0,0.0,0.0,0.0,0.0,0.0,6851.544665887925
t5962,0.0,86.34729607000008,0.0,0.0,0.0,5670.745447632202,792.7536261300002,402.38965810423264,0.0,0.0,0.0,0.0,0.0,0.0,0.0,0.0,0.0,6952.236027936435
t5963,1220.0,0.0,0.0,0.0,0.0,4127.7055301599985,953.4739664,245.90676061535203,0.0,0.0,0.0,0.0,0.0,0.0,0.0,0.0,0.0,6547.0862571753505
t5964,0.0,0.0,0.0,0.0,0.0,4184.967404181226,854.992116772664,0.0,0.0,0.0,0.0,0.0,0.0,0.0,0.0,0.0,0.0,5039.95952095389
t5965,0.0,0.0,0.0,0.0,0.0,1417.7864875965522,1590.0,0.0,0.0,0.0,0.0,0.0,0.0,0.0,0.0,0.0,0.0,3007.7864875965524
t5966,0.0,0.0,0.0,0.0,0.0,0.0,240.18935349000037,0.0,0.0,0.0,0.0,0.0,0.0,0.0,0.0,0.0,0.0,240.18935349000037
t5967,0.0,0.0,0.0,0.0,0.0,0.0,0.0,0.0,0.0,0.0,0.0,0.0,0.0,0.0,0.0,0.0,0.0,0.0
t5968,0.0,0.0,0.0,0.0,0.0,0.0,0.0,0.0,0.0,0.0,0.0,0.0,0.0,0.0,0.0,0.0,0.0,0.0
t5969,0.0,0.0,0.0,0.0,0.0,0.0,0.0,0.0,0.0,0.0,0.0,0.0,0.0,0.0,0.0,0.0,0.0,0.0
t5970,0.0,0.0,0.0,0.0,0.0,0.0,0.0,0.0,0.0,0.0,0.0,0.0,0.0,0.0,0.0,0.0,0.0,0.0
t5971,0.0,0.0,0.0,0.0,0.0,0.0,0.0,0.0,0.0,0.0,0.0,0.0,0.0,0.0,0.0,0.0,0.0,0.0
t5972,0.0,0.0,0.0,0.0,0.0,0.0,0.0,0.0,0.0,0.0,0.0,0.0,0.0,0.0,0.0,0.0,0.0,0.0
t5973,0.0,0.0,0.0,0.0,0.0,0.0,0.0,0.0,0.0,0.0,0.0,0.0,0.0,0.0,0.0,0.0,0.0,0.0
t5974,0.0,0.0,0.0,0.0,0.0,0.0,0.0,0.0,0.0,0.0,0.0,0.0,0.0,0.0,0.0,0.0,0.0,0.0
t5975,0.0,0.0,0.0,0.0,0.0,0.0,0.0,0.0,0.0,0.0,0.0,0.0,0.0,0.0,0.0,0.0,0.0,0.0
t5976,0.0,0.0,0.0,0.0,0.0,0.0,0.0,0.0,0.0,0.0,0.0,0.0,0.0,0.0,0.0,0.0,0.0,0.0
t5977,0.0,0.0,0.0,0.0,0.0,0.0,0.0,0.0,0.0,0.0,0.0,0.0,0.0,0.0,0.0,0.0,0.0,0.0
t5978,0.0,0.0,0.0,0.0,0.0,0.0,0.0,0.0,0.0,0.0,0.0,0.0,0.0,0.0,0.0,0.0,0.0,0.0
t5979,0.0,0.0,0.0,0.0,0.0,0.0,0.0,0.0,0.0,0.0,0.0,0.0,0.0,0.0,0.0,0.0,0.0,0.0
t5980,0.0,0.0,0.0,0.0,0.0,0.0,0.0,0.0,0.0,0.0,0.0,0.0,0.0,0.0,0.0,0.0,0.0,0.0
t5981,0.0,0.0,0.0,0.0,0.0,0.0,0.0,0.0,0.0,0.0,0.0,0.0,0.0,0.0,0.0,0.0,0.0,0.0
t5982,0.0,0.0,0.0,0.0,0.0,0.0,0.0,0.0,0.0,0.0,0.0,0.0,0.0,0.0,0.0,0.0,0.0,0.0
t5983,0.0,0.0,0.0,0.0,0.0,0.0,0.0,0.0,0.0,0.0,0.0,0.0,0.0,0.0,0.0,0.0,0.0,0.0
t5984,1220.0,120.0,0.0,0.0,0.0,0.0,250.6511031429004,232.52726611784416,0.0,0.0,0.0,0.0,0.0,0.0,0.0,0.0,0.0,1823.1783692607446
t5985,821.0171352754425,120.0,0.0,0.0,0.0,5339.76422650717,484.4567474700001,645.1561741800014,0.0,0.0,0.0,0.0,0.0,0.0,0.0,0.0,0.0,7410.3942834326135
t5986,0.0,0.0,0.0,0.0,0.0,2767.90759421565,221.27172818999986,0.0,0.0,0.0,0.0,0.0,0.0,0.0,0.0,0.0,0.0,2989.17932240565
t5987,0.0,0.0,0.0,0.0,0.0,1495.1601371859097,236.90121598000013,0.0,0.0,0.0,0.0,0.0,0.0,0.0,0.0,0.0,0.0,1732.0613531659098
t5988,0.0,0.0,0.0,0.0,0.0,434.9955455683921,299.7637958999997,0.0,0.0,0.0,0.0,0.0,0.0,0.0,0.0,0.0,0.0,734.7593414683918
t5989,0.0,0.0,0.0,0.0,0.0,0.0,1590.0,0.0,0.0,0.0,0.0,0.0,0.0,0.0,0.0,0.0,0.0,1590.0
t5990,0.0,0.0,0.0,0.0,0.0,0.0,92.3896732199998,0.0,0.0,0.0,0.0,0.0,0.0,0.0,0.0,0.0,0.0,92.3896732199998
t5991,0.0,0.0,0.0,0.0,0.0,0.0,0.0,0.0,0.0,0.0,0.0,0.0,0.0,0.0,0.0,0.0,0.0,0.0
t5992,0.0,0.0,0.0,0.0,0.0,0.0,0.0,0.0,0.0,0.0,0.0,0.0,0.0,0.0,0.0,0.0,0.0,0.0
t5993,0.0,0.0,0.0,0.0,0.0,0.0,0.0,0.0,0.0,0.0,0.0,0.0,0.0,0.0,0.0,0.0,0.0,0.0
t5994,0.0,0.0,0.0,0.0,0.0,0.0,0.0,0.0,0.0,0.0,0.0,0.0,0.0,0.0,0.0,0.0,0.0,0.0
t5995,0.0,0.0,0.0,0.0,0.0,0.0,0.0,0.0,0.0,0.0,0.0,0.0,0.0,0.0,0.0,0.0,0.0,0.0
t5996,0.0,0.0,0.0,0.0,0.0,0.0,0.0,0.0,0.0,0.0,0.0,0.0,0.0,0.0,0.0,0.0,0.0,0.0
t5997,0.0,0.0,0.0,0.0,0.0,0.0,0.0,0.0,0.0,0.0,0.0,0.0,0.0,0.0,0.0,0.0,0.0,0.0
t5998,0.0,0.0,0.0,0.0,0.0,0.0,0.0,0.0,0.0,0.0,0.0,0.0,0.0,0.0,0.0,0.0,0.0,0.0
t5999,0.0,0.0,0.0,0.0,0.0,0.0,0.0,0.0,0.0,0.0,0.0,0.0,0.0,0.0,0.0,0.0,0.0,0.0
t6000,0.0,0.0,0.0,0.0,0.0,0.0,0.0,0.0,0.0,0.0,0.0,0.0,0.0,0.0,0.0,0.0,0.0,0.0
t6001,0.0,0.0,0.0,0.0,0.0,0.0,0.0,0.0,0.0,0.0,0.0,0.0,0.0,0.0,0.0,0.0,0.0,0.0
t6002,0.0,0.0,0.0,0.0,0.0,0.0,0.0,0.0,0.0,0.0,0.0,0.0,0.0,0.0,0.0,0.0,0.0,0.0
t6003,0.0,0.0,0.0,0.0,0.0,0.0,0.0,0.0,0.0,0.0,0.0,0.0,0.0,0.0,0.0,0.0,0.0,0.0
t6004,0.0,0.0,0.0,0.0,0.0,0.0,0.0,0.0,0.0,0.0,0.0,0.0,0.0,0.0,0.0,0.0,0.0,0.0
t6005,0.0,0.0,0.0,0.0,0.0,0.0,0.0,0.0,0.0,0.0,0.0,0.0,0.0,0.0,0.0,0.0,0.0,0.0
t6006,0.0,0.0,0.0,0.0,0.0,0.0,0.0,0.0,0.0,0.0,0.0,0.0,0.0,0.0,0.0,0.0,0.0,0.0
t6007,0.0,0.0,0.0,0.0,0.0,0.0,0.0,0.0,0.0,0.0,0.0,0.0,0.0,0.0,0.0,0.0,0.0,0.0
t6008,1220.0,120.0,708.3495713563628,0.0,295.50408121860494,869.78915635621,1372.4301985199997,1135.960806780003,0.0,0.0,0.0,0.0,0.0,0.0,0.0,0.0,0.0,5722.03381423118
t6009,0.0,120.0,0.0,0.0,0.0,4205.325464545334,917.711506261699,1950.0,0.0,0.0,0.0,0.0,0.0,0.0,0.0,0.0,0.0,7193.036970807034
t6010,1220.0,0.0,0.0,0.0,0.0,3646.508994849209,1069.34308788,1610.0459171700015,0.0,0.0,0.0,0.0,0.0,0.0,0.0,0.0,0.0,7545.897999899211
t6011,0.0,0.0,0.0,0.0,0.0,5099.462801241879,1006.0435557000003,722.2227991700009,0.0,0.0,0.0,0.0,0.0,0.0,0.0,0.0,0.0,6827.72915611188
t6012,1220.0,107.92470397000015,0.0,0.0,0.0,3142.8180358008462,996.9000005499997,0.0,0.0,0.0,0.0,0.0,0.0,0.0,0.0,0.0,0.0,5467.642740320845
t6013,0.0,0.0,0.0,0.0,0.0,3001.1031302413253,887.9010280669333,0.0,0.0,0.0,0.0,0.0,0.0,0.0,0.0,0.0,0.0,3889.0041583082584
t6014,0.0,0.0,0.0,0.0,0.0,0.0,0.0,0.0,0.0,0.0,0.0,0.0,0.0,0.0,0.0,0.0,0.0,0.0
t6015,0.0,0.0,0.0,0.0,0.0,0.0,0.0,0.0,0.0,0.0,0.0,0.0,0.0,0.0,0.0,0.0,0.0,0.0
t6016,0.0,0.0,0.0,0.0,0.0,0.0,0.0,0.0,0.0,0.0,0.0,0.0,0.0,0.0,0.0,0.0,0.0,0.0
t6017,0.0,0.0,0.0,0.0,0.0,0.0,0.0,0.0,0.0,0.0,0.0,0.0,0.0,0.0,0.0,0.0,0.0,0.0
t6018,0.0,0.0,0.0,0.0,0.0,0.0,0.0,0.0,0.0,0.0,0.0,0.0,0.0,0.0,0.0,0.0,0.0,0.0
t6019,0.0,0.0,0.0,0.0,0.0,0.0,0.0,0.0,0.0,0.0,0.0,0.0,0.0,0.0,0.0,0.0,0.0,0.0
t6020,0.0,0.0,0.0,0.0,0.0,0.0,0.0,0.0,0.0,0.0,0.0,0.0,0.0,0.0,0.0,0.0,0.0,0.0
t6021,0.0,0.0,0.0,0.0,0.0,0.0,0.0,0.0,0.0,0.0,0.0,0.0,0.0,0.0,0.0,0.0,0.0,0.0
t6022,0.0,0.0,0.0,0.0,0.0,0.0,0.0,0.0,0.0,0.0,0.0,0.0,0.0,0.0,0.0,0.0,0.0,0.0
t6023,0.0,0.0,0.0,0.0,0.0,0.0,0.0,0.0,0.0,0.0,0.0,0.0,0.0,0.0,0.0,0.0,0.0,0.0
t6024,0.0,0.0,0.0,0.0,0.0,0.0,0.0,0.0,0.0,0.0,0.0,0.0,0.0,0.0,0.0,0.0,0.0,0.0
t6025,0.0,0.0,0.0,0.0,0.0,0.0,0.0,0.0,0.0,0.0,0.0,0.0,0.0,0.0,0.0,0.0,0.0,0.0
t6026,0.0,0.0,0.0,0.0,0.0,0.0,0.0,0.0,0.0,0.0,0.0,0.0,0.0,0.0,0.0,0.0,0.0,0.0
t6027,0.0,0.0,0.0,0.0,0.0,0.0,0.0,0.0,0.0,0.0,0.0,0.0,0.0,0.0,0.0,0.0,0.0,0.0
t6028,0.0,0.0,0.0,0.0,0.0,0.0,0.0,0.0,0.0,0.0,0.0,0.0,0.0,0.0,0.0,0.0,0.0,0.0
t6029,0.0,0.0,0.0,0.0,0.0,0.0,0.0,0.0,0.0,0.0,0.0,0.0,0.0,0.0,0.0,0.0,0.0,0.0
t6030,0.0,0.0,0.0,0.0,0.0,0.0,0.0,0.0,0.0,0.0,0.0,0.0,0.0,0.0,0.0,0.0,0.0,0.0
t6031,0.0,0.0,0.0,0.0,0.0,0.0,0.0,0.0,0.0,0.0,0.0,0.0,0.0,0.0,0.0,0.0,0.0,0.0
t6032,0.0,0.0,0.0,0.0,754.060578900773,1969.5594024878349,0.0,1856.3454526422665,0.0,0.0,0.0,0.0,0.0,0.0,0.0,0.0,0.0,4579.965434030874
t6033,801.5949664962063,120.0,0.0,0.0,0.0,2545.795906825954,206.2065893484992,1163.6214526437984,0.0,0.0,0.0,0.0,0.0,0.0,0.0,0.0,0.0,4837.218915314457
t6034,0.0,0.0,953.1912679799996,0.0,0.0,5480.534562945877,831.1694416800001,1016.0805950584033,0.0,0.0,0.0,0.0,0.0,0.0,0.0,0.0,0.0,8280.97586766428
t6035,1220.0,120.0,0.0,0.0,0.0,4536.769962127691,1230.5521425499999,789.0153107800011,0.0,0.0,0.0,0.0,0.0,0.0,0.0,0.0,0.0,7896.337415457692
t6036,1220.0,0.0,0.0,0.0,0.0,3635.1730957724285,1155.4184144324115,0.0,0.0,0.0,0.0,0.0,0.0,0.0,0.0,0.0,0.0,6010.59151020484
t6037,0.0,0.0,532.4676515100003,0.0,0.0,2047.9897505957592,843.5561431100002,0.0,0.0,0.0,0.0,0.0,0.0,0.0,0.0,0.0,0.0,3424.01354521576
t6038,33.43974339091866,0.0,0.0,0.0,512.889091098011,0.0,708.8777105100002,0.0,0.0,0.0,0.0,0.0,0.0,0.0,0.0,0.0,0.0,1255.20654499893
t6039,0.0,0.0,0.0,0.0,0.0,0.0,0.0,0.0,0.0,0.0,0.0,0.0,0.0,0.0,0.0,0.0,0.0,0.0
t6040,0.0,0.0,0.0,0.0,0.0,0.0,0.0,0.0,0.0,0.0,0.0,0.0,0.0,0.0,0.0,0.0,0.0,0.0
t6041,0.0,0.0,0.0,0.0,0.0,0.0,0.0,0.0,0.0,0.0,0.0,0.0,0.0,0.0,0.0,0.0,0.0,0.0
t6042,0.0,0.0,0.0,0.0,0.0,0.0,0.0,0.0,0.0,0.0,0.0,0.0,0.0,0.0,0.0,0.0,0.0,0.0
t6043,0.0,0.0,0.0,0.0,0.0,0.0,0.0,0.0,0.0,0.0,0.0,0.0,0.0,0.0,0.0,0.0,0.0,0.0
t6044,0.0,0.0,0.0,0.0,0.0,0.0,0.0,0.0,0.0,0.0,0.0,0.0,0.0,0.0,0.0,0.0,0.0,0.0
t6045,0.0,0.0,0.0,0.0,0.0,0.0,0.0,0.0,0.0,0.0,0.0,0.0,0.0,0.0,0.0,0.0,0.0,0.0
t6046,0.0,0.0,0.0,0.0,0.0,0.0,0.0,0.0,0.0,0.0,0.0,0.0,0.0,0.0,0.0,0.0,0.0,0.0
t6047,0.0,0.0,0.0,0.0,0.0,0.0,0.0,0.0,0.0,0.0,0.0,0.0,0.0,0.0,0.0,0.0,0.0,0.0
t6048,0.0,0.0,0.0,0.0,0.0,0.0,0.0,0.0,0.0,0.0,0.0,0.0,0.0,0.0,0.0,0.0,0.0,0.0
t6049,0.0,0.0,0.0,0.0,0.0,0.0,0.0,0.0,0.0,0.0,0.0,0.0,0.0,0.0,0.0,0.0,0.0,0.0
t6050,0.0,0.0,0.0,0.0,0.0,0.0,0.0,0.0,0.0,0.0,0.0,0.0,0.0,0.0,0.0,0.0,0.0,0.0
t6051,0.0,0.0,0.0,0.0,0.0,0.0,0.0,0.0,0.0,0.0,0.0,0.0,0.0,0.0,0.0,0.0,0.0,0.0
t6052,0.0,0.0,0.0,0.0,0.0,0.0,0.0,0.0,0.0,0.0,0.0,0.0,0.0,0.0,0.0,0.0,0.0,0.0
t6053,0.0,0.0,0.0,0.0,0.0,0.0,0.0,0.0,0.0,0.0,0.0,0.0,0.0,0.0,0.0,0.0,0.0,0.0
t6054,0.0,0.0,0.0,0.0,0.0,0.0,0.0,0.0,0.0,0.0,0.0,0.0,0.0,0.0,0.0,0.0,0.0,0.0
t6055,0.0,0.0,0.0,0.0,0.0,0.0,0.0,0.0,0.0,0.0,0.0,0.0,0.0,0.0,0.0,0.0,0.0,0.0
t6056,0.0,0.0,0.0,0.0,0.0,2167.8386055063115,0.0,0.0,0.0,0.0,0.0,0.0,0.0,0.0,0.0,0.0,0.0,2167.8386055063115
t6057,1220.0,0.0,0.0,0.0,0.0,2728.190975782961,1059.662745374831,0.0,0.0,0.0,0.0,0.0,0.0,0.0,0.0,0.0,0.0,5007.853721157791
t6058,1220.0,0.0,0.0,0.0,0.0,3607.8698003999993,348.41915803,0.0,0.0,0.0,0.0,0.0,0.0,0.0,0.0,0.0,0.0,5176.28895843
t6059,802.6711812600005,0.0,0.0,0.0,0.0,0.0,1255.6666088633483,0.0,0.0,0.0,0.0,0.0,0.0,0.0,0.0,0.0,0.0,2058.337790123349
t6060,11.948178889975138,0.0,0.0,0.0,0.0,0.0,0.0,0.0,0.0,0.0,0.0,0.0,0.0,0.0,0.0,0.0,0.0,11.948178889975138
t6061,0.0,0.0,0.0,0.0,0.0,0.0,0.0,0.0,0.0,0.0,0.0,0.0,0.0,0.0,0.0,0.0,0.0,0.0
t6062,0.0,0.0,0.0,0.0,0.0,0.0,0.0,0.0,0.0,0.0,0.0,0.0,0.0,0.0,0.0,0.0,0.0,0.0
t6063,0.0,0.0,0.0,0.0,0.0,0.0,0.0,0.0,0.0,0.0,0.0,0.0,0.0,0.0,0.0,0.0,0.0,0.0
t6064,0.0,0.0,0.0,0.0,0.0,0.0,0.0,0.0,0.0,0.0,0.0,0.0,0.0,0.0,0.0,0.0,0.0,0.0
t6065,0.0,0.0,0.0,0.0,0.0,0.0,0.0,0.0,0.0,0.0,0.0,0.0,0.0,0.0,0.0,0.0,0.0,0.0
t6066,0.0,0.0,0.0,0.0,0.0,0.0,0.0,0.0,0.0,0.0,0.0,0.0,0.0,0.0,0.0,0.0,0.0,0.0
t6067,0.0,0.0,0.0,0.0,0.0,0.0,0.0,0.0,0.0,0.0,0.0,0.0,0.0,0.0,0.0,0.0,0.0,0.0
t6068,0.0,0.0,0.0,0.0,0.0,0.0,0.0,0.0,0.0,0.0,0.0,0.0,0.0,0.0,0.0,0.0,0.0,0.0
t6069,0.0,0.0,0.0,0.0,0.0,0.0,0.0,0.0,0.0,0.0,0.0,0.0,0.0,0.0,0.0,0.0,0.0,0.0
t6070,0.0,0.0,0.0,0.0,0.0,0.0,0.0,0.0,0.0,0.0,0.0,0.0,0.0,0.0,0.0,0.0,0.0,0.0
t6071,0.0,0.0,0.0,0.0,0.0,0.0,0.0,0.0,0.0,0.0,0.0,0.0,0.0,0.0,0.0,0.0,0.0,0.0
t6072,0.0,0.0,0.0,0.0,0.0,0.0,0.0,0.0,0.0,0.0,0.0,0.0,0.0,0.0,0.0,0.0,0.0,0.0
t6073,0.0,0.0,0.0,0.0,0.0,0.0,0.0,0.0,0.0,0.0,0.0,0.0,0.0,0.0,0.0,0.0,0.0,0.0
t6074,0.0,0.0,0.0,0.0,0.0,0.0,0.0,0.0,0.0,0.0,0.0,0.0,0.0,0.0,0.0,0.0,0.0,0.0
t6075,0.0,0.0,0.0,0.0,0.0,0.0,0.0,0.0,0.0,0.0,0.0,0.0,0.0,0.0,0.0,0.0,0.0,0.0
t6076,0.0,0.0,0.0,0.0,0.0,0.0,0.0,0.0,0.0,0.0,0.0,0.0,0.0,0.0,0.0,0.0,0.0,0.0
t6077,0.0,0.0,0.0,0.0,0.0,0.0,0.0,0.0,0.0,0.0,0.0,0.0,0.0,0.0,0.0,0.0,0.0,0.0
t6078,0.0,0.0,0.0,0.0,0.0,0.0,0.0,0.0,0.0,0.0,0.0,0.0,0.0,0.0,0.0,0.0,0.0,0.0
t6079,0.0,0.0,0.0,0.0,0.0,0.0,0.0,0.0,0.0,0.0,0.0,0.0,0.0,0.0,0.0,0.0,0.0,0.0
t6080,1220.0,81.07647897000008,0.0,0.0,0.0,3253.986722028302,0.0,1033.1631427800005,0.0,0.0,0.0,0.0,0.0,0.0,0.0,0.0,0.0,5588.226343778302
t6081,1220.0,87.53189767000008,0.0,0.0,0.0,4265.827329418056,0.0,823.1315527800007,0.0,0.0,0.0,0.0,0.0,0.0,0.0,0.0,0.0,6396.490779868057
t6082,1022.4628362832857,0.0,0.0,0.0,0.0,5072.270961065813,0.0,687.7718988200006,0.0,0.0,0.0,0.0,0.0,0.0,0.0,0.0,0.0,6782.505696169099
t6083,1121.1887206199997,0.0,0.0,0.0,0.0,4021.5226946818348,556.1652916100004,160.43084678000176,0.0,0.0,0.0,0.0,0.0,0.0,0.0,0.0,0.0,5859.307553691837
t6084,560.3217197339048,0.0,0.0,0.0,0.0,2356.8634658699593,1590.0,0.0,0.0,0.0,0.0,0.0,0.0,0.0,0.0,0.0,0.0,4507.185185603865
t6085,0.0,0.0,0.0,0.0,0.0,0.0,711.2551787166227,0.0,0.0,0.0,0.0,0.0,0.0,0.0,0.0,0.0,0.0,711.2551787166227
t6086,0.0,0.0,0.0,0.0,0.0,0.0,0.0,0.0,0.0,0.0,0.0,0.0,0.0,0.0,0.0,0.0,0.0,0.0
t6087,0.0,0.0,0.0,0.0,0.0,0.0,0.0,0.0,0.0,0.0,0.0,0.0,0.0,0.0,0.0,0.0,0.0,0.0
t6088,0.0,0.0,0.0,0.0,0.0,0.0,0.0,0.0,0.0,0.0,0.0,0.0,0.0,0.0,0.0,0.0,0.0,0.0
t6089,0.0,0.0,0.0,0.0,0.0,0.0,0.0,0.0,0.0,0.0,0.0,0.0,0.0,0.0,0.0,0.0,0.0,0.0
t6090,0.0,0.0,0.0,0.0,0.0,0.0,0.0,0.0,0.0,0.0,0.0,0.0,0.0,0.0,0.0,0.0,0.0,0.0
t6091,0.0,0.0,0.0,0.0,0.0,0.0,0.0,0.0,0.0,0.0,0.0,0.0,0.0,0.0,0.0,0.0,0.0,0.0
t6092,0.0,0.0,0.0,0.0,0.0,0.0,0.0,0.0,0.0,0.0,0.0,0.0,0.0,0.0,0.0,0.0,0.0,0.0
t6093,0.0,0.0,0.0,0.0,0.0,0.0,0.0,0.0,0.0,0.0,0.0,0.0,0.0,0.0,0.0,0.0,0.0,0.0
t6094,0.0,0.0,0.0,0.0,0.0,0.0,0.0,0.0,0.0,0.0,0.0,0.0,0.0,0.0,0.0,0.0,0.0,0.0
t6095,0.0,0.0,0.0,0.0,0.0,0.0,0.0,0.0,0.0,0.0,0.0,0.0,0.0,0.0,0.0,0.0,0.0,0.0
t6096,0.0,0.0,0.0,0.0,0.0,0.0,0.0,0.0,0.0,0.0,0.0,0.0,0.0,0.0,0.0,0.0,0.0,0.0
t6097,0.0,0.0,0.0,0.0,0.0,0.0,0.0,0.0,0.0,0.0,0.0,0.0,0.0,0.0,0.0,0.0,0.0,0.0
t6098,0.0,0.0,0.0,0.0,0.0,0.0,0.0,0.0,0.0,0.0,0.0,0.0,0.0,0.0,0.0,0.0,0.0,0.0
t6099,0.0,0.0,0.0,0.0,0.0,0.0,0.0,0.0,0.0,0.0,0.0,0.0,0.0,0.0,0.0,0.0,0.0,0.0
t6100,0.0,0.0,0.0,0.0,0.0,0.0,0.0,0.0,0.0,0.0,0.0,0.0,0.0,0.0,0.0,0.0,0.0,0.0
t6101,0.0,0.0,0.0,0.0,0.0,0.0,0.0,0.0,0.0,0.0,0.0,0.0,0.0,0.0,0.0,0.0,0.0,0.0
t6102,0.0,0.0,0.0,0.0,0.0,0.0,0.0,0.0,0.0,0.0,0.0,0.0,0.0,0.0,0.0,0.0,0.0,0.0
t6103,0.0,0.0,0.0,0.0,0.0,0.0,0.0,481.64571436000017,0.0,0.0,0.0,0.0,0.0,0.0,0.0,0.0,0.0,481.64571436000017
t6104,1220.0,120.0,0.0,0.0,0.0,5400.019632900067,50.706866460000334,1049.9565723600003,0.0,0.0,0.0,0.0,0.0,0.0,0.0,0.0,0.0,7840.683071720068
t6105,1064.6524742134525,120.0,0.0,0.0,0.0,5500.8184827474515,1590.0,804.6963587799987,0.0,0.0,0.0,0.0,0.0,0.0,0.0,0.0,0.0,9080.167315740902
t6106,1220.0,85.59970116999988,0.0,0.0,0.0,3849.3472903362253,556.2399200800004,182.67983018000078,0.0,0.0,0.0,0.0,0.0,0.0,0.0,0.0,0.0,5893.866741766226
t6107,1220.0,0.0,0.0,0.0,0.0,3206.088699173666,650.5915645399998,0.0,0.0,0.0,0.0,0.0,0.0,0.0,0.0,0.0,0.0,5076.680263713666
t6108,419.3208024237375,0.0,0.0,0.0,0.0,5158.944428949749,693.0316234300002,0.0,0.0,0.0,0.0,0.0,0.0,0.0,0.0,0.0,0.0,6271.296854803486
t6109,0.0,0.0,0.0,0.0,0.0,1577.6148122400016,647.2031974900003,0.0,0.0,0.0,0.0,0.0,0.0,0.0,0.0,0.0,0.0,2224.818009730002
t6110,0.0,0.0,0.0,0.0,0.0,0.0,919.6022890914321,0.0,0.0,0.0,0.0,0.0,0.0,0.0,0.0,0.0,0.0,919.6022890914321
t6111,0.0,0.0,0.0,0.0,0.0,0.0,0.0,0.0,0.0,0.0,0.0,0.0,0.0,0.0,0.0,0.0,0.0,0.0
t6112,0.0,0.0,0.0,0.0,0.0,0.0,0.0,0.0,0.0,0.0,0.0,0.0,0.0,0.0,0.0,0.0,0.0,0.0
t6113,0.0,0.0,0.0,0.0,0.0,0.0,0.0,0.0,0.0,0.0,0.0,0.0,0.0,0.0,0.0,0.0,0.0,0.0
t6114,0.0,0.0,0.0,0.0,0.0,0.0,0.0,0.0,0.0,0.0,0.0,0.0,0.0,0.0,0.0,0.0,0.0,0.0
t6115,0.0,0.0,0.0,0.0,0.0,0.0,0.0,0.0,0.0,0.0,0.0,0.0,0.0,0.0,0.0,0.0,0.0,0.0
t6116,0.0,0.0,0.0,0.0,0.0,0.0,0.0,0.0,0.0,0.0,0.0,0.0,0.0,0.0,0.0,0.0,0.0,0.0
t6117,0.0,0.0,0.0,0.0,0.0,0.0,0.0,0.0,0.0,0.0,0.0,0.0,0.0,0.0,0.0,0.0,0.0,0.0
t6118,0.0,0.0,0.0,0.0,0.0,0.0,0.0,0.0,0.0,0.0,0.0,0.0,0.0,0.0,0.0,0.0,0.0,0.0
t6119,0.0,0.0,0.0,0.0,0.0,0.0,0.0,0.0,0.0,0.0,0.0,0.0,0.0,0.0,0.0,0.0,0.0,0.0
t6120,0.0,0.0,0.0,0.0,0.0,0.0,0.0,0.0,0.0,0.0,0.0,0.0,0.0,0.0,0.0,0.0,0.0,0.0
t6121,0.0,0.0,0.0,0.0,0.0,0.0,0.0,0.0,0.0,0.0,0.0,0.0,0.0,0.0,0.0,0.0,0.0,0.0
t6122,0.0,0.0,0.0,0.0,0.0,0.0,0.0,0.0,0.0,0.0,0.0,0.0,0.0,0.0,0.0,0.0,0.0,0.0
t6123,0.0,0.0,0.0,0.0,0.0,0.0,0.0,0.0,0.0,0.0,0.0,0.0,0.0,0.0,0.0,0.0,0.0,0.0
t6124,0.0,0.0,0.0,0.0,0.0,0.0,0.0,0.0,0.0,0.0,0.0,0.0,0.0,0.0,0.0,0.0,0.0,0.0
t6125,0.0,0.0,0.0,0.0,0.0,0.0,0.0,0.0,0.0,0.0,0.0,0.0,0.0,0.0,0.0,0.0,0.0,0.0
t6126,0.0,0.0,0.0,0.0,0.0,0.0,0.0,0.0,0.0,0.0,0.0,0.0,0.0,0.0,0.0,0.0,0.0,0.0
t6127,0.0,0.0,0.0,0.0,0.0,0.0,0.0,0.0,0.0,0.0,0.0,0.0,0.0,0.0,0.0,0.0,0.0,0.0
t6128,1220.0,120.0,0.0,0.0,0.0,2591.3478158341736,0.0,549.4478756169715,0.0,0.0,0.0,0.0,0.0,0.0,0.0,0.0,0.0,4480.795691451145
t6129,1220.0,120.0,0.0,0.0,0.0,3673.896386239997,725.70001013,1111.948269517928,0.0,0.0,0.0,0.0,0.0,0.0,0.0,0.0,0.0,6851.544665887925
t6130,0.0,86.34729607000008,0.0,0.0,0.0,5670.745447632202,792.7536261300002,402.38965810423264,0.0,0.0,0.0,0.0,0.0,0.0,0.0,0.0,0.0,6952.236027936435
t6131,1220.0,0.0,0.0,0.0,0.0,4127.7055301599985,953.4739664,245.90676061535203,0.0,0.0,0.0,0.0,0.0,0.0,0.0,0.0,0.0,6547.0862571753505
t6132,0.0,0.0,0.0,0.0,0.0,4184.967404181226,854.992116772664,0.0,0.0,0.0,0.0,0.0,0.0,0.0,0.0,0.0,0.0,5039.95952095389
t6133,0.0,0.0,0.0,0.0,0.0,1417.7864875965522,1590.0,0.0,0.0,0.0,0.0,0.0,0.0,0.0,0.0,0.0,0.0,3007.7864875965524
t6134,0.0,0.0,0.0,0.0,0.0,0.0,240.18935349000037,0.0,0.0,0.0,0.0,0.0,0.0,0.0,0.0,0.0,0.0,240.18935349000037
t6135,0.0,0.0,0.0,0.0,0.0,0.0,0.0,0.0,0.0,0.0,0.0,0.0,0.0,0.0,0.0,0.0,0.0,0.0
t6136,0.0,0.0,0.0,0.0,0.0,0.0,0.0,0.0,0.0,0.0,0.0,0.0,0.0,0.0,0.0,0.0,0.0,0.0
t6137,0.0,0.0,0.0,0.0,0.0,0.0,0.0,0.0,0.0,0.0,0.0,0.0,0.0,0.0,0.0,0.0,0.0,0.0
t6138,0.0,0.0,0.0,0.0,0.0,0.0,0.0,0.0,0.0,0.0,0.0,0.0,0.0,0.0,0.0,0.0,0.0,0.0
t6139,0.0,0.0,0.0,0.0,0.0,0.0,0.0,0.0,0.0,0.0,0.0,0.0,0.0,0.0,0.0,0.0,0.0,0.0
t6140,0.0,0.0,0.0,0.0,0.0,0.0,0.0,0.0,0.0,0.0,0.0,0.0,0.0,0.0,0.0,0.0,0.0,0.0
t6141,0.0,0.0,0.0,0.0,0.0,0.0,0.0,0.0,0.0,0.0,0.0,0.0,0.0,0.0,0.0,0.0,0.0,0.0
t6142,0.0,0.0,0.0,0.0,0.0,0.0,0.0,0.0,0.0,0.0,0.0,0.0,0.0,0.0,0.0,0.0,0.0,0.0
t6143,0.0,0.0,0.0,0.0,0.0,0.0,0.0,0.0,0.0,0.0,0.0,0.0,0.0,0.0,0.0,0.0,0.0,0.0
t6144,0.0,0.0,0.0,0.0,0.0,0.0,0.0,0.0,0.0,0.0,0.0,0.0,0.0,0.0,0.0,0.0,0.0,0.0
t6145,0.0,0.0,0.0,0.0,0.0,0.0,0.0,0.0,0.0,0.0,0.0,0.0,0.0,0.0,0.0,0.0,0.0,0.0
t6146,0.0,0.0,0.0,0.0,0.0,0.0,0.0,0.0,0.0,0.0,0.0,0.0,0.0,0.0,0.0,0.0,0.0,0.0
t6147,0.0,0.0,0.0,0.0,0.0,0.0,0.0,0.0,0.0,0.0,0.0,0.0,0.0,0.0,0.0,0.0,0.0,0.0
t6148,0.0,0.0,0.0,0.0,0.0,0.0,0.0,0.0,0.0,0.0,0.0,0.0,0.0,0.0,0.0,0.0,0.0,0.0
t6149,0.0,0.0,0.0,0.0,0.0,0.0,0.0,0.0,0.0,0.0,0.0,0.0,0.0,0.0,0.0,0.0,0.0,0.0
t6150,0.0,0.0,0.0,0.0,0.0,0.0,0.0,0.0,0.0,0.0,0.0,0.0,0.0,0.0,0.0,0.0,0.0,0.0
t6151,0.0,0.0,0.0,0.0,0.0,0.0,0.0,0.0,0.0,0.0,0.0,0.0,0.0,0.0,0.0,0.0,0.0,0.0
t6152,1220.0,120.0,0.0,0.0,0.0,0.0,250.6511031429004,232.52726611784416,0.0,0.0,0.0,0.0,0.0,0.0,0.0,0.0,0.0,1823.1783692607446
t6153,821.0171352754425,120.0,0.0,0.0,0.0,5339.76422650717,484.4567474700001,645.1561741800014,0.0,0.0,0.0,0.0,0.0,0.0,0.0,0.0,0.0,7410.3942834326135
t6154,0.0,0.0,0.0,0.0,0.0,2767.90759421565,221.27172818999986,0.0,0.0,0.0,0.0,0.0,0.0,0.0,0.0,0.0,0.0,2989.17932240565
t6155,0.0,0.0,0.0,0.0,0.0,1495.1601371859097,236.90121598000013,0.0,0.0,0.0,0.0,0.0,0.0,0.0,0.0,0.0,0.0,1732.0613531659098
t6156,0.0,0.0,0.0,0.0,0.0,434.9955455683921,299.7637958999997,0.0,0.0,0.0,0.0,0.0,0.0,0.0,0.0,0.0,0.0,734.7593414683918
t6157,0.0,0.0,0.0,0.0,0.0,0.0,1590.0,0.0,0.0,0.0,0.0,0.0,0.0,0.0,0.0,0.0,0.0,1590.0
t6158,0.0,0.0,0.0,0.0,0.0,0.0,92.3896732199998,0.0,0.0,0.0,0.0,0.0,0.0,0.0,0.0,0.0,0.0,92.3896732199998
t6159,0.0,0.0,0.0,0.0,0.0,0.0,0.0,0.0,0.0,0.0,0.0,0.0,0.0,0.0,0.0,0.0,0.0,0.0
t6160,0.0,0.0,0.0,0.0,0.0,0.0,0.0,0.0,0.0,0.0,0.0,0.0,0.0,0.0,0.0,0.0,0.0,0.0
t6161,0.0,0.0,0.0,0.0,0.0,0.0,0.0,0.0,0.0,0.0,0.0,0.0,0.0,0.0,0.0,0.0,0.0,0.0
t6162,0.0,0.0,0.0,0.0,0.0,0.0,0.0,0.0,0.0,0.0,0.0,0.0,0.0,0.0,0.0,0.0,0.0,0.0
t6163,0.0,0.0,0.0,0.0,0.0,0.0,0.0,0.0,0.0,0.0,0.0,0.0,0.0,0.0,0.0,0.0,0.0,0.0
t6164,0.0,0.0,0.0,0.0,0.0,0.0,0.0,0.0,0.0,0.0,0.0,0.0,0.0,0.0,0.0,0.0,0.0,0.0
t6165,0.0,0.0,0.0,0.0,0.0,0.0,0.0,0.0,0.0,0.0,0.0,0.0,0.0,0.0,0.0,0.0,0.0,0.0
t6166,0.0,0.0,0.0,0.0,0.0,0.0,0.0,0.0,0.0,0.0,0.0,0.0,0.0,0.0,0.0,0.0,0.0,0.0
t6167,0.0,0.0,0.0,0.0,0.0,0.0,0.0,0.0,0.0,0.0,0.0,0.0,0.0,0.0,0.0,0.0,0.0,0.0
t6168,0.0,0.0,0.0,0.0,0.0,0.0,0.0,0.0,0.0,0.0,0.0,0.0,0.0,0.0,0.0,0.0,0.0,0.0
t6169,0.0,0.0,0.0,0.0,0.0,0.0,0.0,0.0,0.0,0.0,0.0,0.0,0.0,0.0,0.0,0.0,0.0,0.0
t6170,0.0,0.0,0.0,0.0,0.0,0.0,0.0,0.0,0.0,0.0,0.0,0.0,0.0,0.0,0.0,0.0,0.0,0.0
t6171,0.0,0.0,0.0,0.0,0.0,0.0,0.0,0.0,0.0,0.0,0.0,0.0,0.0,0.0,0.0,0.0,0.0,0.0
t6172,0.0,0.0,0.0,0.0,0.0,0.0,0.0,0.0,0.0,0.0,0.0,0.0,0.0,0.0,0.0,0.0,0.0,0.0
t6173,0.0,0.0,0.0,0.0,0.0,0.0,0.0,0.0,0.0,0.0,0.0,0.0,0.0,0.0,0.0,0.0,0.0,0.0
t6174,0.0,0.0,0.0,0.0,0.0,0.0,0.0,0.0,0.0,0.0,0.0,0.0,0.0,0.0,0.0,0.0,0.0,0.0
t6175,0.0,0.0,0.0,0.0,0.0,0.0,0.0,0.0,0.0,0.0,0.0,0.0,0.0,0.0,0.0,0.0,0.0,0.0
t6176,1220.0,120.0,708.3495713563628,0.0,295.50408121860494,869.78915635621,1372.4301985199997,1135.960806780003,0.0,0.0,0.0,0.0,0.0,0.0,0.0,0.0,0.0,5722.03381423118
t6177,0.0,120.0,0.0,0.0,0.0,4205.325464545334,917.711506261699,1950.0,0.0,0.0,0.0,0.0,0.0,0.0,0.0,0.0,0.0,7193.036970807034
t6178,1220.0,0.0,0.0,0.0,0.0,3646.508994849209,1069.34308788,1610.0459171700015,0.0,0.0,0.0,0.0,0.0,0.0,0.0,0.0,0.0,7545.897999899211
t6179,0.0,0.0,0.0,0.0,0.0,5099.462801241879,1006.0435557000003,722.2227991700009,0.0,0.0,0.0,0.0,0.0,0.0,0.0,0.0,0.0,6827.72915611188
t6180,1220.0,107.92470397000015,0.0,0.0,0.0,3142.8180358008462,996.9000005499997,0.0,0.0,0.0,0.0,0.0,0.0,0.0,0.0,0.0,0.0,5467.642740320845
t6181,0.0,0.0,0.0,0.0,0.0,3001.1031302413253,887.9010280669333,0.0,0.0,0.0,0.0,0.0,0.0,0.0,0.0,0.0,0.0,3889.0041583082584
t6182,0.0,0.0,0.0,0.0,0.0,0.0,0.0,0.0,0.0,0.0,0.0,0.0,0.0,0.0,0.0,0.0,0.0,0.0
t6183,0.0,0.0,0.0,0.0,0.0,0.0,0.0,0.0,0.0,0.0,0.0,0.0,0.0,0.0,0.0,0.0,0.0,0.0
t6184,0.0,0.0,0.0,0.0,0.0,0.0,0.0,0.0,0.0,0.0,0.0,0.0,0.0,0.0,0.0,0.0,0.0,0.0
t6185,0.0,0.0,0.0,0.0,0.0,0.0,0.0,0.0,0.0,0.0,0.0,0.0,0.0,0.0,0.0,0.0,0.0,0.0
t6186,0.0,0.0,0.0,0.0,0.0,0.0,0.0,0.0,0.0,0.0,0.0,0.0,0.0,0.0,0.0,0.0,0.0,0.0
t6187,0.0,0.0,0.0,0.0,0.0,0.0,0.0,0.0,0.0,0.0,0.0,0.0,0.0,0.0,0.0,0.0,0.0,0.0
t6188,0.0,0.0,0.0,0.0,0.0,0.0,0.0,0.0,0.0,0.0,0.0,0.0,0.0,0.0,0.0,0.0,0.0,0.0
t6189,0.0,0.0,0.0,0.0,0.0,0.0,0.0,0.0,0.0,0.0,0.0,0.0,0.0,0.0,0.0,0.0,0.0,0.0
t6190,0.0,0.0,0.0,0.0,0.0,0.0,0.0,0.0,0.0,0.0,0.0,0.0,0.0,0.0,0.0,0.0,0.0,0.0
t6191,0.0,0.0,0.0,0.0,0.0,0.0,0.0,0.0,0.0,0.0,0.0,0.0,0.0,0.0,0.0,0.0,0.0,0.0
t6192,0.0,0.0,0.0,0.0,0.0,0.0,0.0,0.0,0.0,0.0,0.0,0.0,0.0,0.0,0.0,0.0,0.0,0.0
t6193,0.0,0.0,0.0,0.0,0.0,0.0,0.0,0.0,0.0,0.0,0.0,0.0,0.0,0.0,0.0,0.0,0.0,0.0
t6194,0.0,0.0,0.0,0.0,0.0,0.0,0.0,0.0,0.0,0.0,0.0,0.0,0.0,0.0,0.0,0.0,0.0,0.0
t6195,0.0,0.0,0.0,0.0,0.0,0.0,0.0,0.0,0.0,0.0,0.0,0.0,0.0,0.0,0.0,0.0,0.0,0.0
t6196,0.0,0.0,0.0,0.0,0.0,0.0,0.0,0.0,0.0,0.0,0.0,0.0,0.0,0.0,0.0,0.0,0.0,0.0
t6197,0.0,0.0,0.0,0.0,0.0,0.0,0.0,0.0,0.0,0.0,0.0,0.0,0.0,0.0,0.0,0.0,0.0,0.0
t6198,0.0,0.0,0.0,0.0,0.0,0.0,0.0,0.0,0.0,0.0,0.0,0.0,0.0,0.0,0.0,0.0,0.0,0.0
t6199,0.0,0.0,0.0,0.0,0.0,0.0,0.0,0.0,0.0,0.0,0.0,0.0,0.0,0.0,0.0,0.0,0.0,0.0
t6200,0.0,0.0,0.0,0.0,754.060578900773,1969.5594024878349,0.0,1856.3454526422665,0.0,0.0,0.0,0.0,0.0,0.0,0.0,0.0,0.0,4579.965434030874
t6201,801.5949664962063,120.0,0.0,0.0,0.0,2545.795906825954,206.2065893484992,1163.6214526437984,0.0,0.0,0.0,0.0,0.0,0.0,0.0,0.0,0.0,4837.218915314457
t6202,0.0,0.0,953.1912679799996,0.0,0.0,5480.534562945877,831.1694416800001,1016.0805950584033,0.0,0.0,0.0,0.0,0.0,0.0,0.0,0.0,0.0,8280.97586766428
t6203,1220.0,120.0,0.0,0.0,0.0,4536.769962127691,1230.5521425499999,789.0153107800011,0.0,0.0,0.0,0.0,0.0,0.0,0.0,0.0,0.0,7896.337415457692
t6204,1220.0,0.0,0.0,0.0,0.0,3635.1730957724285,1155.4184144324115,0.0,0.0,0.0,0.0,0.0,0.0,0.0,0.0,0.0,0.0,6010.59151020484
t6205,0.0,0.0,532.4676515100003,0.0,0.0,2047.9897505957592,843.5561431100002,0.0,0.0,0.0,0.0,0.0,0.0,0.0,0.0,0.0,0.0,3424.01354521576
t6206,33.43974339091866,0.0,0.0,0.0,512.889091098011,0.0,708.8777105100002,0.0,0.0,0.0,0.0,0.0,0.0,0.0,0.0,0.0,0.0,1255.20654499893
t6207,0.0,0.0,0.0,0.0,0.0,0.0,0.0,0.0,0.0,0.0,0.0,0.0,0.0,0.0,0.0,0.0,0.0,0.0
t6208,0.0,0.0,0.0,0.0,0.0,0.0,0.0,0.0,0.0,0.0,0.0,0.0,0.0,0.0,0.0,0.0,0.0,0.0
t6209,0.0,0.0,0.0,0.0,0.0,0.0,0.0,0.0,0.0,0.0,0.0,0.0,0.0,0.0,0.0,0.0,0.0,0.0
t6210,0.0,0.0,0.0,0.0,0.0,0.0,0.0,0.0,0.0,0.0,0.0,0.0,0.0,0.0,0.0,0.0,0.0,0.0
t6211,0.0,0.0,0.0,0.0,0.0,0.0,0.0,0.0,0.0,0.0,0.0,0.0,0.0,0.0,0.0,0.0,0.0,0.0
t6212,0.0,0.0,0.0,0.0,0.0,0.0,0.0,0.0,0.0,0.0,0.0,0.0,0.0,0.0,0.0,0.0,0.0,0.0
t6213,0.0,0.0,0.0,0.0,0.0,0.0,0.0,0.0,0.0,0.0,0.0,0.0,0.0,0.0,0.0,0.0,0.0,0.0
t6214,0.0,0.0,0.0,0.0,0.0,0.0,0.0,0.0,0.0,0.0,0.0,0.0,0.0,0.0,0.0,0.0,0.0,0.0
t6215,0.0,0.0,0.0,0.0,0.0,0.0,0.0,0.0,0.0,0.0,0.0,0.0,0.0,0.0,0.0,0.0,0.0,0.0
t6216,0.0,0.0,0.0,0.0,0.0,0.0,0.0,0.0,0.0,0.0,0.0,0.0,0.0,0.0,0.0,0.0,0.0,0.0
t6217,0.0,0.0,0.0,0.0,0.0,0.0,0.0,0.0,0.0,0.0,0.0,0.0,0.0,0.0,0.0,0.0,0.0,0.0
t6218,0.0,0.0,0.0,0.0,0.0,0.0,0.0,0.0,0.0,0.0,0.0,0.0,0.0,0.0,0.0,0.0,0.0,0.0
t6219,0.0,0.0,0.0,0.0,0.0,0.0,0.0,0.0,0.0,0.0,0.0,0.0,0.0,0.0,0.0,0.0,0.0,0.0
t6220,0.0,0.0,0.0,0.0,0.0,0.0,0.0,0.0,0.0,0.0,0.0,0.0,0.0,0.0,0.0,0.0,0.0,0.0
t6221,0.0,0.0,0.0,0.0,0.0,0.0,0.0,0.0,0.0,0.0,0.0,0.0,0.0,0.0,0.0,0.0,0.0,0.0
t6222,0.0,0.0,0.0,0.0,0.0,0.0,0.0,0.0,0.0,0.0,0.0,0.0,0.0,0.0,0.0,0.0,0.0,0.0
t6223,0.0,0.0,0.0,0.0,0.0,0.0,0.0,897.5519496903519,0.0,0.0,0.0,0.0,0.0,0.0,0.0,0.0,0.0,897.5519496903519
t6224,1220.0,120.0,0.0,0.0,0.0,0.0,451.11483334975037,1950.0,0.0,0.0,0.0,0.0,0.0,0.0,0.0,0.0,0.0,3741.1148333497504
t6225,986.8993300599989,120.0,0.0,0.0,0.0,0.0,1055.5695198041458,1950.0,0.0,0.0,0.0,0.0,0.0,0.0,0.0,0.0,0.0,4112.468849864144
t6226,708.5435763771941,120.0,0.0,0.0,0.0,0.0,579.4083519957188,1950.0,0.0,0.0,0.0,0.0,0.0,0.0,0.0,0.0,0.0,3357.951928372913
t6227,700.1608650999981,120.0,0.0,0.0,0.0,784.842670290298,137.28966733000036,1238.2245265388572,0.0,0.0,0.0,0.0,0.0,0.0,0.0,0.0,0.0,2980.5177292591534
t6228,308.36950509999895,25.964584587264614,0.0,0.0,0.0,717.9570904703402,228.76367114000007,221.9435173499733,0.0,0.0,0.0,0.0,0.0,0.0,0.0,0.0,0.0,1502.998368647577
t6229,1220.0,0.0,0.0,0.0,0.0,0.0,0.0,0.0,0.0,0.0,0.0,0.0,0.0,0.0,0.0,0.0,0.0,1220.0
t6230,0.0,0.0,0.0,0.0,0.0,0.0,0.0,0.0,0.0,0.0,0.0,0.0,0.0,0.0,0.0,0.0,0.0,0.0
t6231,0.0,0.0,0.0,0.0,0.0,0.0,0.0,0.0,0.0,0.0,0.0,0.0,0.0,0.0,0.0,0.0,0.0,0.0
t6232,0.0,0.0,0.0,0.0,0.0,0.0,0.0,0.0,0.0,0.0,0.0,0.0,0.0,0.0,0.0,0.0,0.0,0.0
t6233,0.0,0.0,0.0,0.0,0.0,0.0,0.0,0.0,0.0,0.0,0.0,0.0,0.0,0.0,0.0,0.0,0.0,0.0
t6234,0.0,0.0,0.0,0.0,0.0,0.0,0.0,0.0,0.0,0.0,0.0,0.0,0.0,0.0,0.0,0.0,0.0,0.0
t6235,0.0,0.0,0.0,0.0,0.0,0.0,0.0,0.0,0.0,0.0,0.0,0.0,0.0,0.0,0.0,0.0,0.0,0.0
t6236,0.0,0.0,0.0,0.0,0.0,0.0,0.0,0.0,0.0,0.0,0.0,0.0,0.0,0.0,0.0,0.0,0.0,0.0
t6237,0.0,0.0,0.0,0.0,0.0,0.0,0.0,0.0,0.0,0.0,0.0,0.0,0.0,0.0,0.0,0.0,0.0,0.0
t6238,0.0,0.0,0.0,0.0,0.0,0.0,0.0,0.0,0.0,0.0,0.0,0.0,0.0,0.0,0.0,0.0,0.0,0.0
t6239,0.0,0.0,0.0,0.0,0.0,0.0,0.0,0.0,0.0,0.0,0.0,0.0,0.0,0.0,0.0,0.0,0.0,0.0
t6240,0.0,0.0,0.0,0.0,0.0,0.0,0.0,0.0,0.0,0.0,0.0,0.0,0.0,0.0,0.0,0.0,0.0,0.0
t6241,0.0,0.0,0.0,0.0,0.0,0.0,0.0,0.0,0.0,0.0,0.0,0.0,0.0,0.0,0.0,0.0,0.0,0.0
t6242,0.0,0.0,0.0,0.0,0.0,0.0,0.0,0.0,0.0,0.0,0.0,0.0,0.0,0.0,0.0,0.0,0.0,0.0
t6243,0.0,0.0,0.0,0.0,0.0,0.0,0.0,0.0,0.0,0.0,0.0,0.0,0.0,0.0,0.0,0.0,0.0,0.0
t6244,0.0,0.0,0.0,0.0,0.0,0.0,0.0,0.0,0.0,0.0,0.0,0.0,0.0,0.0,0.0,0.0,0.0,0.0
t6245,0.0,0.0,0.0,0.0,0.0,0.0,0.0,0.0,0.0,0.0,0.0,0.0,0.0,0.0,0.0,0.0,0.0,0.0
t6246,0.0,0.0,0.0,0.0,0.0,0.0,0.0,0.0,0.0,0.0,0.0,0.0,0.0,0.0,0.0,0.0,0.0,0.0
t6247,0.0,0.0,0.0,0.0,0.0,0.0,0.0,0.0,0.0,0.0,0.0,0.0,0.0,0.0,0.0,0.0,0.0,0.0
t6248,989.4785212200004,120.0,0.0,0.0,0.0,388.80595190767724,350.4463815857091,1950.0,0.0,0.0,0.0,0.0,0.0,0.0,0.0,0.0,0.0,3798.730854713387
t6249,696.1302839171021,120.0,859.2063110300004,0.0,0.0,1005.2423280375517,14.086215160000304,1950.0,0.0,0.0,0.0,0.0,0.0,0.0,0.0,0.0,0.0,4644.6651381446545
t6250,1220.0,120.0,0.0,0.0,0.0,2840.3664341932504,26.323338880000378,1950.0,0.0,0.0,0.0,0.0,0.0,0.0,0.0,0.0,0.0,6156.689773073251
t6251,1208.120966620001,120.0,0.0,0.0,0.0,4582.531605448891,701.1197578100001,1389.0948848617413,0.0,0.0,0.0,0.0,0.0,0.0,0.0,0.0,0.0,8000.867214740634
t6252,645.1022610324881,0.0,309.19892831827883,0.0,0.0,4679.491530288471,1527.06860523,982.8296146813079,0.0,0.0,0.0,0.0,0.0,0.0,0.0,0.0,0.0,8143.690939550545
t6253,385.14124384759884,25.964584587264614,0.0,0.0,0.0,5080.513783907076,1536.27214599,0.0,0.0,0.0,0.0,0.0,0.0,0.0,0.0,0.0,0.0,7027.89175833194
t6254,0.0,0.0,0.0,0.0,0.0,3925.3879267665798,1149.2650719600001,0.0,0.0,0.0,0.0,0.0,0.0,0.0,0.0,0.0,0.0,5074.65299872658
t6255,0.0,0.0,1105.18705992,0.0,0.0,363.3502053717022,916.0687706200001,0.0,0.0,0.0,0.0,0.0,0.0,0.0,0.0,0.0,0.0,2384.6060359117023
t6256,0.0,0.0,0.0,0.0,0.0,0.0,181.477535468409,0.0,0.0,0.0,0.0,0.0,0.0,0.0,0.0,0.0,0.0,181.477535468409
t6257,0.0,0.0,0.0,0.0,0.0,0.0,0.0,0.0,0.0,0.0,0.0,0.0,0.0,0.0,0.0,0.0,0.0,0.0
t6258,0.0,0.0,0.0,0.0,0.0,0.0,0.0,0.0,0.0,0.0,0.0,0.0,0.0,0.0,0.0,0.0,0.0,0.0
t6259,0.0,0.0,0.0,0.0,0.0,0.0,0.0,0.0,0.0,0.0,0.0,0.0,0.0,0.0,0.0,0.0,0.0,0.0
t6260,0.0,0.0,0.0,0.0,0.0,0.0,0.0,0.0,0.0,0.0,0.0,0.0,0.0,0.0,0.0,0.0,0.0,0.0
t6261,0.0,0.0,0.0,0.0,0.0,0.0,0.0,0.0,0.0,0.0,0.0,0.0,0.0,0.0,0.0,0.0,0.0,0.0
t6262,0.0,0.0,0.0,0.0,0.0,0.0,0.0,0.0,0.0,0.0,0.0,0.0,0.0,0.0,0.0,0.0,0.0,0.0
t6263,0.0,0.0,0.0,0.0,0.0,0.0,0.0,0.0,0.0,0.0,0.0,0.0,0.0,0.0,0.0,0.0,0.0,0.0
t6264,0.0,0.0,0.0,0.0,0.0,0.0,0.0,0.0,0.0,0.0,0.0,0.0,0.0,0.0,0.0,0.0,0.0,0.0
t6265,0.0,0.0,0.0,0.0,0.0,0.0,0.0,0.0,0.0,0.0,0.0,0.0,0.0,0.0,0.0,0.0,0.0,0.0
t6266,0.0,0.0,0.0,0.0,0.0,0.0,0.0,0.0,0.0,0.0,0.0,0.0,0.0,0.0,0.0,0.0,0.0,0.0
t6267,0.0,0.0,0.0,0.0,0.0,0.0,0.0,0.0,0.0,0.0,0.0,0.0,0.0,0.0,0.0,0.0,0.0,0.0
t6268,0.0,0.0,0.0,0.0,0.0,0.0,0.0,0.0,0.0,0.0,0.0,0.0,0.0,0.0,0.0,0.0,0.0,0.0
t6269,0.0,0.0,0.0,0.0,0.0,0.0,0.0,0.0,0.0,0.0,0.0,0.0,0.0,0.0,0.0,0.0,0.0,0.0
t6270,0.0,0.0,0.0,0.0,0.0,0.0,0.0,0.0,0.0,0.0,0.0,0.0,0.0,0.0,0.0,0.0,0.0,0.0
t6271,0.0,0.0,0.0,0.0,0.0,0.0,0.0,1227.4365373836642,0.0,0.0,0.0,0.0,0.0,0.0,0.0,0.0,0.0,1227.4365373836642
t6272,825.9040754200003,0.0,0.0,0.0,0.0,2588.12051189896,0.0,1950.0,0.0,0.0,0.0,0.0,0.0,0.0,0.0,0.0,0.0,5364.024587318961
t6273,972.3365415800005,120.0,1397.9738319799999,0.0,0.0,3167.7074143840136,20.325757638036215,1547.4949700390703,0.0,0.0,0.0,0.0,0.0,0.0,0.0,0.0,0.0,7225.838515621121
t6274,967.4798288600008,120.0,1310.7282414454949,0.0,0.0,4846.9598119421635,138.80582751560314,1950.0,0.0,0.0,0.0,0.0,0.0,0.0,0.0,0.0,0.0,9333.973709763262
t6275,955.6213625399994,120.0,1620.0,0.0,0.0,5861.245452858489,1378.0380152069945,0.0,0.0,0.0,0.0,0.0,0.0,0.0,0.0,0.0,0.0,9934.904830605483
t6276,734.7883006971895,0.0,0.0,0.0,0.0,6338.79515536826,1450.5226839224852,0.0,0.0,0.0,0.0,0.0,0.0,0.0,0.0,0.0,0.0,8524.106139987935
t6277,687.8431675400004,120.0,343.1553601025794,0.0,0.0,5792.715947345811,1191.2405407074352,0.0,0.0,0.0,0.0,0.0,0.0,0.0,0.0,0.0,0.0,8134.955015695827
t6278,0.0,0.0,1338.8482349999995,0.0,0.0,4738.806631195519,1175.409586786313,1546.9929921203163,0.0,0.0,0.0,0.0,0.0,0.0,0.0,0.0,0.0,8800.057445102148
t6279,0.0,0.0,0.0,0.0,0.0,2851.6312431737656,959.9090049776754,0.0,0.0,0.0,0.0,0.0,0.0,0.0,0.0,0.0,0.0,3811.540248151441
t6280,0.0,25.964584587264614,819.8162233999998,0.0,0.0,285.63163749835866,389.77932902671364,0.0,0.0,0.0,0.0,0.0,0.0,0.0,0.0,0.0,0.0,1521.1917745123367
t6281,0.0,0.0,0.0,0.0,0.0,0.0,0.0,0.0,0.0,0.0,0.0,0.0,0.0,0.0,0.0,0.0,0.0,0.0
t6282,0.0,0.0,0.0,0.0,0.0,0.0,0.0,0.0,0.0,0.0,0.0,0.0,0.0,0.0,0.0,0.0,0.0,0.0
t6283,0.0,0.0,0.0,0.0,0.0,0.0,0.0,0.0,0.0,0.0,0.0,0.0,0.0,0.0,0.0,0.0,0.0,0.0
t6284,0.0,0.0,0.0,0.0,0.0,0.0,0.0,0.0,0.0,0.0,0.0,0.0,0.0,0.0,0.0,0.0,0.0,0.0
t6285,0.0,0.0,0.0,0.0,0.0,0.0,0.0,0.0,0.0,0.0,0.0,0.0,0.0,0.0,0.0,0.0,0.0,0.0
t6286,0.0,0.0,0.0,0.0,0.0,0.0,0.0,0.0,0.0,0.0,0.0,0.0,0.0,0.0,0.0,0.0,0.0,0.0
t6287,0.0,0.0,0.0,0.0,0.0,0.0,0.0,0.0,0.0,0.0,0.0,0.0,0.0,0.0,0.0,0.0,0.0,0.0
t6288,0.0,0.0,0.0,0.0,0.0,0.0,0.0,0.0,0.0,0.0,0.0,0.0,0.0,0.0,0.0,0.0,0.0,0.0
t6289,0.0,0.0,0.0,0.0,0.0,0.0,0.0,0.0,0.0,0.0,0.0,0.0,0.0,0.0,0.0,0.0,0.0,0.0
t6290,0.0,0.0,0.0,0.0,0.0,0.0,0.0,0.0,0.0,0.0,0.0,0.0,0.0,0.0,0.0,0.0,0.0,0.0
t6291,0.0,0.0,0.0,0.0,0.0,0.0,0.0,0.0,0.0,0.0,0.0,0.0,0.0,0.0,0.0,0.0,0.0,0.0
t6292,0.0,0.0,0.0,0.0,0.0,0.0,0.0,0.0,0.0,0.0,0.0,0.0,0.0,0.0,0.0,0.0,0.0,0.0
t6293,0.0,0.0,0.0,0.0,0.0,0.0,0.0,0.0,0.0,0.0,0.0,0.0,0.0,0.0,0.0,0.0,0.0,0.0
t6294,0.0,0.0,0.0,0.0,0.0,0.0,0.0,0.0,0.0,0.0,0.0,0.0,0.0,0.0,0.0,0.0,0.0,0.0
t6295,0.0,0.0,0.0,0.0,0.0,0.0,0.0,1593.8464834678773,0.0,0.0,0.0,0.0,0.0,0.0,0.0,0.0,0.0,1593.8464834678773
t6296,1220.0,120.0,0.0,0.0,0.0,2259.8200246662755,420.0581179400003,1950.0,0.0,0.0,0.0,0.0,0.0,0.0,0.0,0.0,0.0,5969.878142606276
t6297,407.43744193719186,120.0,1470.8596208700003,0.0,0.0,3243.724219538537,844.84834023,1950.0,0.0,0.0,0.0,0.0,0.0,0.0,0.0,0.0,0.0,8036.869622575729
t6298,1220.0,120.0,0.0,0.0,0.0,4915.458550897143,1032.2332984699995,1950.0,0.0,0.0,0.0,0.0,0.0,0.0,0.0,0.0,0.0,9237.691849367144
t6299,1220.0,120.0,448.7697591706307,0.0,0.0,4612.472961315478,1236.3074274971143,778.0780160751732,0.0,0.0,0.0,0.0,0.0,0.0,0.0,0.0,0.0,8415.628164058397
t6300,1076.5358346999985,25.964584587264614,0.0,0.0,0.0,5144.015136442512,1253.6733651648312,0.0,0.0,0.0,0.0,0.0,0.0,0.0,0.0,0.0,0.0,7500.188920894606
t6301,0.0,0.0,0.0,0.0,0.0,5616.6420021684025,1235.6907474999998,0.0,0.0,0.0,0.0,0.0,0.0,0.0,0.0,0.0,0.0,6852.332749668402
t6302,0.0,0.0,1089.3110567999997,0.0,0.0,3034.7745837770944,681.2194489793118,0.0,0.0,0.0,0.0,0.0,0.0,0.0,0.0,0.0,0.0,4805.305089556406
t6303,0.0,0.0,924.1617877400002,0.0,0.0,924.5712265051397,0.0,0.0,0.0,0.0,0.0,0.0,0.0,0.0,0.0,0.0,0.0,1848.73301424514
t6304,0.0,0.0,0.0,0.0,0.0,0.0,0.0,0.0,0.0,0.0,0.0,0.0,0.0,0.0,0.0,0.0,0.0,0.0
t6305,0.0,0.0,0.0,0.0,0.0,0.0,0.0,0.0,0.0,0.0,0.0,0.0,0.0,0.0,0.0,0.0,0.0,0.0
t6306,0.0,0.0,0.0,0.0,0.0,0.0,0.0,0.0,0.0,0.0,0.0,0.0,0.0,0.0,0.0,0.0,0.0,0.0
t6307,0.0,0.0,0.0,0.0,0.0,0.0,0.0,0.0,0.0,0.0,0.0,0.0,0.0,0.0,0.0,0.0,0.0,0.0
t6308,0.0,0.0,0.0,0.0,0.0,0.0,0.0,0.0,0.0,0.0,0.0,0.0,0.0,0.0,0.0,0.0,0.0,0.0
t6309,0.0,0.0,0.0,0.0,0.0,0.0,0.0,0.0,0.0,0.0,0.0,0.0,0.0,0.0,0.0,0.0,0.0,0.0
t6310,0.0,0.0,0.0,0.0,0.0,0.0,0.0,0.0,0.0,0.0,0.0,0.0,0.0,0.0,0.0,0.0,0.0,0.0
t6311,0.0,0.0,0.0,0.0,0.0,0.0,0.0,0.0,0.0,0.0,0.0,0.0,0.0,0.0,0.0,0.0,0.0,0.0
t6312,0.0,0.0,0.0,0.0,0.0,0.0,0.0,0.0,0.0,0.0,0.0,0.0,0.0,0.0,0.0,0.0,0.0,0.0
t6313,0.0,0.0,0.0,0.0,0.0,0.0,0.0,0.0,0.0,0.0,0.0,0.0,0.0,0.0,0.0,0.0,0.0,0.0
t6314,0.0,0.0,0.0,0.0,0.0,0.0,0.0,0.0,0.0,0.0,0.0,0.0,0.0,0.0,0.0,0.0,0.0,0.0
t6315,0.0,0.0,0.0,0.0,0.0,0.0,0.0,0.0,0.0,0.0,0.0,0.0,0.0,0.0,0.0,0.0,0.0,0.0
t6316,0.0,0.0,0.0,0.0,0.0,0.0,0.0,0.0,0.0,0.0,0.0,0.0,0.0,0.0,0.0,0.0,0.0,0.0
t6317,0.0,0.0,0.0,0.0,0.0,0.0,0.0,0.0,0.0,0.0,0.0,0.0,0.0,0.0,0.0,0.0,0.0,0.0
t6318,0.0,0.0,0.0,0.0,0.0,0.0,0.0,0.0,0.0,0.0,0.0,0.0,0.0,0.0,0.0,0.0,0.0,0.0
t6319,0.0,0.0,0.0,0.0,0.0,0.0,0.0,1482.349471485851,0.0,0.0,0.0,0.0,0.0,0.0,0.0,0.0,0.0,1482.349471485851
t6320,1220.0,120.0,0.0,0.0,0.0,0.0,1455.5622078176684,1950.0,0.0,0.0,0.0,0.0,0.0,0.0,0.0,0.0,0.0,4745.562207817668
t6321,1204.5599802599997,13.37120167,0.0,0.0,0.0,2535.9201140427194,476.25441575000013,1739.1071481799975,0.0,0.0,0.0,0.0,0.0,0.0,0.0,0.0,0.0,5969.212859902716
t6322,1220.0,13.295632555586723,0.0,0.0,0.0,2644.8358014601,1590.0,1048.3539110175298,0.0,0.0,0.0,0.0,0.0,0.0,0.0,0.0,0.0,6516.485345033217
t6323,1007.8918808999988,0.0,1360.8553626000003,0.0,0.0,2314.0599231038605,376.64999372000005,267.323932097065,0.0,0.0,0.0,0.0,0.0,0.0,0.0,0.0,0.0,5326.781092420924
t6324,142.3543988999992,0.0,0.0,0.0,0.0,2397.8927039088094,0.0,0.0,0.0,0.0,0.0,0.0,0.0,0.0,0.0,0.0,0.0,2540.2471028088084
t6325,349.1670165771926,120.0,0.0,0.0,0.0,0.0,0.0,239.95275346510394,0.0,0.0,0.0,0.0,0.0,0.0,0.0,0.0,0.0,709.1197700422965
t6326,0.0,0.0,0.0,0.0,0.0,0.0,0.0,0.0,0.0,0.0,0.0,0.0,0.0,0.0,0.0,0.0,0.0,0.0
t6327,0.0,0.0,0.0,0.0,0.0,0.0,0.0,0.0,0.0,0.0,0.0,0.0,0.0,0.0,0.0,0.0,0.0,0.0
t6328,0.0,0.0,0.0,0.0,0.0,0.0,0.0,0.0,0.0,0.0,0.0,0.0,0.0,0.0,0.0,0.0,0.0,0.0
t6329,0.0,0.0,0.0,0.0,0.0,0.0,0.0,0.0,0.0,0.0,0.0,0.0,0.0,0.0,0.0,0.0,0.0,0.0
t6330,0.0,0.0,0.0,0.0,0.0,0.0,0.0,0.0,0.0,0.0,0.0,0.0,0.0,0.0,0.0,0.0,0.0,0.0
t6331,0.0,0.0,0.0,0.0,0.0,0.0,0.0,0.0,0.0,0.0,0.0,0.0,0.0,0.0,0.0,0.0,0.0,0.0
t6332,0.0,0.0,0.0,0.0,0.0,0.0,0.0,0.0,0.0,0.0,0.0,0.0,0.0,0.0,0.0,0.0,0.0,0.0
t6333,0.0,0.0,0.0,0.0,0.0,0.0,0.0,0.0,0.0,0.0,0.0,0.0,0.0,0.0,0.0,0.0,0.0,0.0
t6334,0.0,0.0,0.0,0.0,0.0,0.0,0.0,0.0,0.0,0.0,0.0,0.0,0.0,0.0,0.0,0.0,0.0,0.0
t6335,0.0,0.0,0.0,0.0,0.0,0.0,0.0,0.0,0.0,0.0,0.0,0.0,0.0,0.0,0.0,0.0,0.0,0.0
t6336,0.0,0.0,0.0,0.0,0.0,0.0,0.0,0.0,0.0,0.0,0.0,0.0,0.0,0.0,0.0,0.0,0.0,0.0
t6337,0.0,0.0,0.0,0.0,0.0,0.0,0.0,0.0,0.0,0.0,0.0,0.0,0.0,0.0,0.0,0.0,0.0,0.0
t6338,0.0,0.0,0.0,0.0,0.0,0.0,0.0,0.0,0.0,0.0,0.0,0.0,0.0,0.0,0.0,0.0,0.0,0.0
t6339,0.0,0.0,0.0,0.0,0.0,0.0,0.0,0.0,0.0,0.0,0.0,0.0,0.0,0.0,0.0,0.0,0.0,0.0
t6340,0.0,0.0,0.0,0.0,0.0,0.0,0.0,0.0,0.0,0.0,0.0,0.0,0.0,0.0,0.0,0.0,0.0,0.0
t6341,0.0,0.0,0.0,0.0,0.0,0.0,0.0,0.0,0.0,0.0,0.0,0.0,0.0,0.0,0.0,0.0,0.0,0.0
t6342,0.0,0.0,0.0,0.0,0.0,0.0,0.0,0.0,0.0,0.0,0.0,0.0,0.0,0.0,0.0,0.0,0.0,0.0
t6343,0.0,0.0,0.0,0.0,0.0,0.0,0.0,1950.0,0.0,0.0,0.0,0.0,0.0,0.0,0.0,0.0,0.0,1950.0
t6344,939.944693059999,120.0,0.0,0.0,0.0,3775.998117315349,746.3066929200002,1950.0,0.0,0.0,0.0,0.0,0.0,0.0,0.0,0.0,0.0,7532.249503295348
t6345,1018.8918942600001,120.0,238.29462503457944,0.0,0.0,5531.155328342833,311.90934935984455,1950.0,0.0,0.0,0.0,0.0,0.0,0.0,0.0,0.0,0.0,9170.251196997258
t6346,665.4482992599994,120.0,0.0,0.0,0.0,6275.567721281761,927.51427184,1199.6272440174648,0.0,0.0,0.0,0.0,0.0,0.0,0.0,0.0,0.0,9188.157536399225
t6347,1220.0,0.0,0.0,0.0,0.0,6026.247277218807,953.01616263,682.0504670607454,0.0,0.0,0.0,0.0,0.0,0.0,0.0,0.0,0.0,8881.313906909552
t6348,637.8417676200003,0.0,1144.735796,0.0,0.0,4623.673005001441,930.9919731699998,136.20785227467738,0.0,0.0,0.0,0.0,0.0,0.0,0.0,0.0,0.0,7473.450394066118
t6349,564.2112168600003,0.0,0.0,0.0,0.0,3274.4300510986236,1590.0,0.0,0.0,0.0,0.0,0.0,0.0,0.0,0.0,0.0,0.0,5428.641267958624
t6350,97.63540557719074,0.0,808.0127774000002,0.0,0.0,1096.0510478604513,732.9705367299999,0.0,0.0,0.0,0.0,0.0,0.0,0.0,0.0,0.0,0.0,2734.6697675676423
t6351,0.0,0.0,0.0,0.0,0.0,0.0,0.0,0.0,0.0,0.0,0.0,0.0,0.0,0.0,0.0,0.0,0.0,0.0
t6352,0.0,0.0,0.0,0.0,0.0,0.0,0.0,0.0,0.0,0.0,0.0,0.0,0.0,0.0,0.0,0.0,0.0,0.0
t6353,0.0,0.0,0.0,0.0,0.0,0.0,0.0,0.0,0.0,0.0,0.0,0.0,0.0,0.0,0.0,0.0,0.0,0.0
t6354,0.0,0.0,0.0,0.0,0.0,0.0,0.0,0.0,0.0,0.0,0.0,0.0,0.0,0.0,0.0,0.0,0.0,0.0
t6355,0.0,0.0,0.0,0.0,0.0,0.0,0.0,0.0,0.0,0.0,0.0,0.0,0.0,0.0,0.0,0.0,0.0,0.0
t6356,0.0,0.0,0.0,0.0,0.0,0.0,0.0,0.0,0.0,0.0,0.0,0.0,0.0,0.0,0.0,0.0,0.0,0.0
t6357,0.0,0.0,0.0,0.0,0.0,0.0,0.0,0.0,0.0,0.0,0.0,0.0,0.0,0.0,0.0,0.0,0.0,0.0
t6358,0.0,0.0,0.0,0.0,0.0,0.0,0.0,0.0,0.0,0.0,0.0,0.0,0.0,0.0,0.0,0.0,0.0,0.0
t6359,0.0,0.0,0.0,0.0,0.0,0.0,0.0,0.0,0.0,0.0,0.0,0.0,0.0,0.0,0.0,0.0,0.0,0.0
t6360,0.0,0.0,0.0,0.0,0.0,0.0,0.0,0.0,0.0,0.0,0.0,0.0,0.0,0.0,0.0,0.0,0.0,0.0
t6361,0.0,0.0,0.0,0.0,0.0,0.0,0.0,0.0,0.0,0.0,0.0,0.0,0.0,0.0,0.0,0.0,0.0,0.0
t6362,0.0,0.0,0.0,0.0,0.0,0.0,0.0,0.0,0.0,0.0,0.0,0.0,0.0,0.0,0.0,0.0,0.0,0.0
t6363,0.0,0.0,0.0,0.0,0.0,0.0,0.0,0.0,0.0,0.0,0.0,0.0,0.0,0.0,0.0,0.0,0.0,0.0
t6364,0.0,0.0,0.0,0.0,0.0,0.0,0.0,0.0,0.0,0.0,0.0,0.0,0.0,0.0,0.0,0.0,0.0,0.0
t6365,0.0,0.0,0.0,0.0,0.0,0.0,0.0,0.0,0.0,0.0,0.0,0.0,0.0,0.0,0.0,0.0,0.0,0.0
t6366,0.0,0.0,0.0,0.0,0.0,0.0,0.0,0.0,0.0,0.0,0.0,0.0,0.0,0.0,0.0,0.0,0.0,0.0
t6367,0.0,0.0,0.0,0.0,0.0,0.0,0.0,1950.0,0.0,0.0,0.0,0.0,0.0,0.0,0.0,0.0,0.0,1950.0
t6368,1220.0,120.0,1225.5251224100002,0.0,0.0,5088.1371289862345,687.740763166914,1950.0,0.0,0.0,0.0,0.0,0.0,0.0,0.0,0.0,0.0,10291.40301456315
t6369,1207.0688906400003,120.0,1505.7761428700003,0.0,78.20783788597141,7433.783498999999,1114.0807956014428,1950.0,0.0,0.0,0.0,0.0,0.0,0.0,0.0,0.0,0.0,13408.917165997414
t6370,1220.0,28.89567407000021,1478.84407559,0.0,363.06603827523867,7693.8207395200025,587.8632827874075,1950.0,0.0,0.0,0.0,0.0,0.0,0.0,0.0,0.0,0.0,13322.48981024265
t6371,949.7101273971903,120.0,1375.6677508100004,0.0,3415.1319337259497,4722.34623248,1224.7724385506413,0.0,0.0,0.0,0.0,0.0,0.0,0.0,0.0,0.0,0.0,11807.62848296378
t6372,409.6652463000002,0.0,0.0,0.0,488.3256538489702,4252.2491915364535,1194.1536407886372,0.0,0.0,0.0,0.0,0.0,0.0,0.0,0.0,0.0,0.0,6344.393732474061
t6373,137.52901229999978,39.585196747264476,449.2320984280716,0.0,3038.6383175724027,3587.4511737599983,659.0446644119261,421.9244995430499,0.0,0.0,0.0,0.0,0.0,0.0,0.0,0.0,0.0,8333.404962762712
t6374,0.0,0.0,795.4767018199999,0.0,359.567717399109,3693.825840382637,758.3889400342882,0.0,0.0,0.0,0.0,0.0,0.0,0.0,0.0,0.0,0.0,5607.259199636035
t6375,0.0,77.48371376999991,0.0,0.0,864.7276062967677,0.0,477.98622044000007,0.0,0.0,0.0,0.0,0.0,0.0,0.0,0.0,0.0,0.0,1420.1975405067676
t6376,0.0,0.0,0.0,0.0,0.0,0.0,0.0,0.0,0.0,0.0,0.0,0.0,0.0,0.0,0.0,0.0,0.0,0.0
t6377,0.0,0.0,0.0,0.0,0.0,0.0,0.0,0.0,0.0,0.0,0.0,0.0,0.0,0.0,0.0,0.0,0.0,0.0
t6378,0.0,0.0,0.0,0.0,0.0,0.0,0.0,0.0,0.0,0.0,0.0,0.0,0.0,0.0,0.0,0.0,0.0,0.0
t6379,0.0,0.0,0.0,0.0,0.0,0.0,0.0,0.0,0.0,0.0,0.0,0.0,0.0,0.0,0.0,0.0,0.0,0.0
t6380,0.0,0.0,0.0,0.0,0.0,0.0,0.0,0.0,0.0,0.0,0.0,0.0,0.0,0.0,0.0,0.0,0.0,0.0
t6381,0.0,0.0,0.0,0.0,0.0,0.0,0.0,0.0,0.0,0.0,0.0,0.0,0.0,0.0,0.0,0.0,0.0,0.0
t6382,0.0,0.0,0.0,0.0,0.0,0.0,0.0,0.0,0.0,0.0,0.0,0.0,0.0,0.0,0.0,0.0,0.0,0.0
t6383,0.0,0.0,0.0,0.0,0.0,0.0,0.0,0.0,0.0,0.0,0.0,0.0,0.0,0.0,0.0,0.0,0.0,0.0
t6384,0.0,0.0,0.0,0.0,0.0,0.0,0.0,0.0,0.0,0.0,0.0,0.0,0.0,0.0,0.0,0.0,0.0,0.0
t6385,0.0,0.0,0.0,0.0,0.0,0.0,0.0,0.0,0.0,0.0,0.0,0.0,0.0,0.0,0.0,0.0,0.0,0.0
t6386,0.0,0.0,0.0,0.0,0.0,0.0,0.0,0.0,0.0,0.0,0.0,0.0,0.0,0.0,0.0,0.0,0.0,0.0
t6387,0.0,0.0,0.0,0.0,0.0,0.0,0.0,0.0,0.0,0.0,0.0,0.0,0.0,0.0,0.0,0.0,0.0,0.0
t6388,0.0,0.0,0.0,0.0,0.0,0.0,0.0,0.0,0.0,0.0,0.0,0.0,0.0,0.0,0.0,0.0,0.0,0.0
t6389,0.0,0.0,0.0,0.0,0.0,0.0,0.0,0.0,0.0,0.0,0.0,0.0,0.0,0.0,0.0,0.0,0.0,0.0
t6390,0.0,0.0,0.0,0.0,0.0,0.0,0.0,0.0,0.0,0.0,0.0,0.0,0.0,0.0,0.0,0.0,0.0,0.0
t6391,0.0,0.0,0.0,0.0,0.0,0.0,0.0,0.0,0.0,0.0,0.0,0.0,0.0,0.0,0.0,0.0,0.0,0.0
t6392,1220.0,120.0,0.0,0.0,0.0,0.0,226.83357248999968,1339.0120257799176,0.0,0.0,0.0,0.0,0.0,0.0,0.0,0.0,0.0,2905.845598269917
t6393,124.71284737999952,0.0,0.0,0.0,0.0,1868.6676229166917,758.2026587400002,1421.46206389733,0.0,0.0,0.0,0.0,0.0,0.0,0.0,0.0,0.0,4173.0451929340215
t6394,0.0,0.0,0.0,0.0,0.0,2836.4883170774174,892.79396391,1950.0,0.0,0.0,0.0,0.0,0.0,0.0,0.0,0.0,0.0,5679.282280987418
t6395,1068.81627654,0.0,0.0,0.0,0.0,5216.948457264605,1117.5902439200001,0.0,0.0,0.0,0.0,0.0,0.0,0.0,0.0,0.0,0.0,7403.354977724605
t6396,1220.0,0.0,0.0,0.0,0.0,5876.029108018051,1135.74221392,0.0,0.0,0.0,0.0,0.0,0.0,0.0,0.0,0.0,0.0,8231.771321938051
t6397,300.89731401719183,0.0,0.0,0.0,0.0,6805.361258961084,1050.6671362412562,0.0,0.0,0.0,0.0,0.0,0.0,0.0,0.0,0.0,0.0,8156.925709219532
t6398,1209.5468386999994,0.0,0.0,0.0,0.0,3695.104458086835,926.56495604,1326.857322819999,0.0,0.0,0.0,0.0,0.0,0.0,0.0,0.0,0.0,7158.073575646833
t6399,0.0,120.0,0.0,0.0,0.0,2001.5868132933967,590.34147778,0.0,0.0,0.0,0.0,0.0,0.0,0.0,0.0,0.0,0.0,2711.9282910733964
t6400,0.0,0.0,0.0,0.0,0.0,0.0,5.294522739999419,0.0,0.0,0.0,0.0,0.0,0.0,0.0,0.0,0.0,0.0,5.294522739999419
t6401,0.0,0.0,0.0,0.0,0.0,0.0,0.0,0.0,0.0,0.0,0.0,0.0,0.0,0.0,0.0,0.0,0.0,0.0
t6402,0.0,0.0,0.0,0.0,0.0,0.0,0.0,0.0,0.0,0.0,0.0,0.0,0.0,0.0,0.0,0.0,0.0,0.0
t6403,0.0,0.0,0.0,0.0,0.0,0.0,0.0,0.0,0.0,0.0,0.0,0.0,0.0,0.0,0.0,0.0,0.0,0.0
t6404,0.0,0.0,0.0,0.0,0.0,0.0,0.0,0.0,0.0,0.0,0.0,0.0,0.0,0.0,0.0,0.0,0.0,0.0
t6405,0.0,0.0,0.0,0.0,0.0,0.0,0.0,0.0,0.0,0.0,0.0,0.0,0.0,0.0,0.0,0.0,0.0,0.0
t6406,0.0,0.0,0.0,0.0,0.0,0.0,0.0,0.0,0.0,0.0,0.0,0.0,0.0,0.0,0.0,0.0,0.0,0.0
t6407,0.0,0.0,0.0,0.0,0.0,0.0,0.0,0.0,0.0,0.0,0.0,0.0,0.0,0.0,0.0,0.0,0.0,0.0
t6408,0.0,0.0,0.0,0.0,0.0,0.0,0.0,0.0,0.0,0.0,0.0,0.0,0.0,0.0,0.0,0.0,0.0,0.0
t6409,0.0,0.0,0.0,0.0,0.0,0.0,0.0,0.0,0.0,0.0,0.0,0.0,0.0,0.0,0.0,0.0,0.0,0.0
t6410,0.0,0.0,0.0,0.0,0.0,0.0,0.0,0.0,0.0,0.0,0.0,0.0,0.0,0.0,0.0,0.0,0.0,0.0
t6411,0.0,0.0,0.0,0.0,0.0,0.0,0.0,0.0,0.0,0.0,0.0,0.0,0.0,0.0,0.0,0.0,0.0,0.0
t6412,0.0,0.0,0.0,0.0,0.0,0.0,0.0,0.0,0.0,0.0,0.0,0.0,0.0,0.0,0.0,0.0,0.0,0.0
t6413,0.0,0.0,0.0,0.0,0.0,0.0,0.0,0.0,0.0,0.0,0.0,0.0,0.0,0.0,0.0,0.0,0.0,0.0
t6414,0.0,0.0,0.0,0.0,0.0,0.0,0.0,0.0,0.0,0.0,0.0,0.0,0.0,0.0,0.0,0.0,0.0,0.0
t6415,0.0,0.0,0.0,0.0,0.0,0.0,0.0,0.0,0.0,0.0,0.0,0.0,0.0,0.0,0.0,0.0,0.0,0.0
t6416,669.4733844188077,0.0,0.0,0.0,0.0,0.0,325.3808879012555,0.0,0.0,0.0,0.0,0.0,0.0,0.0,0.0,0.0,0.0,994.8542723200632
t6417,0.0,0.0,0.0,0.0,0.0,0.0,837.2994788600004,1398.48748206189,0.0,0.0,0.0,0.0,0.0,0.0,0.0,0.0,0.0,2235.7869609218906
t6418,1020.36176694,120.0,0.0,0.0,0.0,0.0,983.8636122100004,1064.2283968892198,0.0,0.0,0.0,0.0,0.0,0.0,0.0,0.0,0.0,3188.4537760392204
t6419,0.0,0.0,0.0,0.0,0.0,2235.672732667844,1141.6102125600003,1305.7142345800005,0.0,0.0,0.0,0.0,0.0,0.0,0.0,0.0,0.0,4682.997179807844
t6420,1220.0,0.0,0.0,0.0,0.0,2494.3429584787514,868.9760366399998,0.0,0.0,0.0,0.0,0.0,0.0,0.0,0.0,0.0,0.0,4583.318995118751
t6421,1220.0,0.0,0.0,0.0,0.0,367.19914213850814,1176.8858744100003,477.29210517000075,0.0,0.0,0.0,0.0,0.0,0.0,0.0,0.0,0.0,3241.3771217185094
t6422,477.44133078528023,0.0,0.0,0.0,0.0,1371.5479259950753,1024.67396402,0.0,0.0,0.0,0.0,0.0,0.0,0.0,0.0,0.0,0.0,2873.6632208003557
t6423,536.6967944931015,0.0,0.0,0.0,0.0,0.0,345.34067918,0.0,0.0,0.0,0.0,0.0,0.0,0.0,0.0,0.0,0.0,882.0374736731014
t6424,0.0,0.0,0.0,0.0,0.0,0.0,0.0,30.233247247338447,0.0,0.0,0.0,0.0,0.0,0.0,0.0,0.0,0.0,30.233247247338447
t6425,0.0,0.0,0.0,0.0,0.0,0.0,0.0,0.0,0.0,0.0,0.0,0.0,0.0,0.0,0.0,0.0,0.0,0.0
t6426,0.0,0.0,0.0,0.0,0.0,0.0,0.0,0.0,0.0,0.0,0.0,0.0,0.0,0.0,0.0,0.0,0.0,0.0
t6427,0.0,0.0,0.0,0.0,0.0,0.0,0.0,0.0,0.0,0.0,0.0,0.0,0.0,0.0,0.0,0.0,0.0,0.0
t6428,0.0,0.0,0.0,0.0,0.0,0.0,0.0,0.0,0.0,0.0,0.0,0.0,0.0,0.0,0.0,0.0,0.0,0.0
t6429,0.0,0.0,0.0,0.0,0.0,0.0,0.0,0.0,0.0,0.0,0.0,0.0,0.0,0.0,0.0,0.0,0.0,0.0
t6430,0.0,0.0,0.0,0.0,0.0,0.0,0.0,0.0,0.0,0.0,0.0,0.0,0.0,0.0,0.0,0.0,0.0,0.0
t6431,0.0,0.0,0.0,0.0,0.0,0.0,0.0,0.0,0.0,0.0,0.0,0.0,0.0,0.0,0.0,0.0,0.0,0.0
t6432,0.0,0.0,0.0,0.0,0.0,0.0,0.0,0.0,0.0,0.0,0.0,0.0,0.0,0.0,0.0,0.0,0.0,0.0
t6433,0.0,0.0,0.0,0.0,0.0,0.0,0.0,0.0,0.0,0.0,0.0,0.0,0.0,0.0,0.0,0.0,0.0,0.0
t6434,0.0,0.0,0.0,0.0,0.0,0.0,0.0,0.0,0.0,0.0,0.0,0.0,0.0,0.0,0.0,0.0,0.0,0.0
t6435,0.0,0.0,0.0,0.0,0.0,0.0,0.0,0.0,0.0,0.0,0.0,0.0,0.0,0.0,0.0,0.0,0.0,0.0
t6436,0.0,0.0,0.0,0.0,0.0,0.0,0.0,0.0,0.0,0.0,0.0,0.0,0.0,0.0,0.0,0.0,0.0,0.0
t6437,0.0,0.0,0.0,0.0,0.0,0.0,0.0,0.0,0.0,0.0,0.0,0.0,0.0,0.0,0.0,0.0,0.0,0.0
t6438,0.0,0.0,0.0,0.0,0.0,0.0,0.0,0.0,0.0,0.0,0.0,0.0,0.0,0.0,0.0,0.0,0.0,0.0
t6439,0.0,0.0,0.0,0.0,0.0,0.0,0.0,0.0,0.0,0.0,0.0,0.0,0.0,0.0,0.0,0.0,0.0,0.0
t6440,0.0,120.0,0.0,0.0,0.0,0.0,314.50042207999985,1950.0,0.0,0.0,0.0,0.0,0.0,0.0,0.0,0.0,0.0,2384.5004220799997
t6441,0.0,0.0,0.0,0.0,0.0,2959.30145429592,734.5324679312564,0.0,0.0,0.0,0.0,0.0,0.0,0.0,0.0,0.0,0.0,3693.833922227176
t6442,870.4008412600002,120.0,0.0,0.0,0.0,0.0,1034.1302954,496.7032020376614,0.0,0.0,0.0,0.0,0.0,0.0,0.0,0.0,0.0,2521.2343386976618
t6443,0.0,0.0,0.0,0.0,0.0,2326.2998294336985,1251.9713588900001,455.85928358000126,0.0,0.0,0.0,0.0,0.0,0.0,0.0,0.0,0.0,4034.1304719037003
t6444,1220.0,0.0,0.0,0.0,0.0,1439.6565014260507,890.1645337100001,36.231996779999555,0.0,0.0,0.0,0.0,0.0,0.0,0.0,0.0,0.0,3586.05303191605
t6445,793.4263038074907,0.0,0.0,0.0,0.0,448.5960549835481,1131.5136036800002,0.0,0.0,0.0,0.0,0.0,0.0,0.0,0.0,0.0,0.0,2373.535962471039
t6446,1220.0,62.99392432408506,0.0,0.0,0.0,1827.657927929678,586.3912793099998,0.0,0.0,0.0,0.0,0.0,0.0,0.0,0.0,0.0,0.0,3697.043131563763
t6447,1040.1461315696993,120.0,0.0,0.0,0.0,0.0,760.8267847800001,0.0,0.0,0.0,0.0,0.0,0.0,0.0,0.0,0.0,0.0,1920.9729163496995
t6448,0.0,0.0,0.0,0.0,0.0,0.0,0.0,377.58009596137236,0.0,0.0,0.0,0.0,0.0,0.0,0.0,0.0,0.0,377.58009596137236
t6449,0.0,0.0,0.0,0.0,0.0,0.0,0.0,0.0,0.0,0.0,0.0,0.0,0.0,0.0,0.0,0.0,0.0,0.0
t6450,0.0,0.0,0.0,0.0,0.0,0.0,0.0,0.0,0.0,0.0,0.0,0.0,0.0,0.0,0.0,0.0,0.0,0.0
t6451,0.0,0.0,0.0,0.0,0.0,0.0,0.0,0.0,0.0,0.0,0.0,0.0,0.0,0.0,0.0,0.0,0.0,0.0
t6452,0.0,0.0,0.0,0.0,0.0,0.0,0.0,0.0,0.0,0.0,0.0,0.0,0.0,0.0,0.0,0.0,0.0,0.0
t6453,0.0,0.0,0.0,0.0,0.0,0.0,0.0,0.0,0.0,0.0,0.0,0.0,0.0,0.0,0.0,0.0,0.0,0.0
t6454,0.0,0.0,0.0,0.0,0.0,0.0,0.0,0.0,0.0,0.0,0.0,0.0,0.0,0.0,0.0,0.0,0.0,0.0
t6455,0.0,0.0,0.0,0.0,0.0,0.0,0.0,0.0,0.0,0.0,0.0,0.0,0.0,0.0,0.0,0.0,0.0,0.0
t6456,0.0,0.0,0.0,0.0,0.0,0.0,0.0,0.0,0.0,0.0,0.0,0.0,0.0,0.0,0.0,0.0,0.0,0.0
t6457,0.0,0.0,0.0,0.0,0.0,0.0,0.0,0.0,0.0,0.0,0.0,0.0,0.0,0.0,0.0,0.0,0.0,0.0
t6458,0.0,0.0,0.0,0.0,0.0,0.0,0.0,0.0,0.0,0.0,0.0,0.0,0.0,0.0,0.0,0.0,0.0,0.0
t6459,0.0,0.0,0.0,0.0,0.0,0.0,0.0,0.0,0.0,0.0,0.0,0.0,0.0,0.0,0.0,0.0,0.0,0.0
t6460,0.0,0.0,0.0,0.0,0.0,0.0,0.0,0.0,0.0,0.0,0.0,0.0,0.0,0.0,0.0,0.0,0.0,0.0
t6461,0.0,0.0,0.0,0.0,0.0,0.0,0.0,0.0,0.0,0.0,0.0,0.0,0.0,0.0,0.0,0.0,0.0,0.0
t6462,0.0,0.0,0.0,0.0,0.0,0.0,0.0,0.0,0.0,0.0,0.0,0.0,0.0,0.0,0.0,0.0,0.0,0.0
t6463,0.0,0.0,0.0,0.0,0.0,0.0,0.0,0.0,0.0,0.0,0.0,0.0,0.0,0.0,0.0,0.0,0.0,0.0
t6464,1220.0,0.0,0.0,0.0,0.0,0.0,408.01147411000005,1950.0,0.0,0.0,0.0,0.0,0.0,0.0,0.0,0.0,0.0,3578.01147411
t6465,1220.0,0.0,0.0,0.0,0.0,1471.8033961578715,730.5919004300001,0.0,0.0,0.0,0.0,0.0,0.0,0.0,0.0,0.0,0.0,3422.3952965878716
t6466,755.8278644999998,120.0,0.0,0.0,0.0,0.0,985.8180050391411,1289.9257053169274,0.0,0.0,0.0,0.0,0.0,0.0,0.0,0.0,0.0,3151.5715748560683
t6467,0.0,0.0,0.0,0.0,0.0,2466.0140385024742,1211.8310352100004,55.68803818000201,0.0,0.0,0.0,0.0,0.0,0.0,0.0,0.0,0.0,3733.533111892477
t6468,1220.0,0.0,0.0,0.0,0.0,1593.9216603386978,875.9166526199997,0.0,0.0,0.0,0.0,0.0,0.0,0.0,0.0,0.0,0.0,3689.8383129586973
t6469,728.1454121371899,0.0,0.0,0.0,0.0,920.0850833167082,901.83232472,0.0,0.0,0.0,0.0,0.0,0.0,0.0,0.0,0.0,0.0,2550.062820173898
t6470,0.0,0.0,0.0,0.0,0.0,0.0,1009.0738635800001,0.0,0.0,0.0,0.0,0.0,0.0,0.0,0.0,0.0,0.0,1009.0738635800001
t6471,0.0,120.0,0.0,0.0,0.0,0.0,580.955490072115,1950.0,0.0,0.0,0.0,0.0,0.0,0.0,0.0,0.0,0.0,2650.955490072115
t6472,0.0,0.0,0.0,0.0,0.0,0.0,0.0,0.0,0.0,0.0,0.0,0.0,0.0,0.0,0.0,0.0,0.0,0.0
t6473,0.0,0.0,0.0,0.0,0.0,0.0,0.0,0.0,0.0,0.0,0.0,0.0,0.0,0.0,0.0,0.0,0.0,0.0
t6474,0.0,0.0,0.0,0.0,0.0,0.0,0.0,0.0,0.0,0.0,0.0,0.0,0.0,0.0,0.0,0.0,0.0,0.0
t6475,0.0,0.0,0.0,0.0,0.0,0.0,0.0,0.0,0.0,0.0,0.0,0.0,0.0,0.0,0.0,0.0,0.0,0.0
t6476,0.0,0.0,0.0,0.0,0.0,0.0,0.0,0.0,0.0,0.0,0.0,0.0,0.0,0.0,0.0,0.0,0.0,0.0
t6477,0.0,0.0,0.0,0.0,0.0,0.0,0.0,0.0,0.0,0.0,0.0,0.0,0.0,0.0,0.0,0.0,0.0,0.0
t6478,0.0,0.0,0.0,0.0,0.0,0.0,0.0,0.0,0.0,0.0,0.0,0.0,0.0,0.0,0.0,0.0,0.0,0.0
t6479,0.0,0.0,0.0,0.0,0.0,0.0,0.0,0.0,0.0,0.0,0.0,0.0,0.0,0.0,0.0,0.0,0.0,0.0
t6480,0.0,0.0,0.0,0.0,0.0,0.0,0.0,0.0,0.0,0.0,0.0,0.0,0.0,0.0,0.0,0.0,0.0,0.0
t6481,0.0,0.0,0.0,0.0,0.0,0.0,0.0,0.0,0.0,0.0,0.0,0.0,0.0,0.0,0.0,0.0,0.0,0.0
t6482,0.0,0.0,0.0,0.0,0.0,0.0,0.0,0.0,0.0,0.0,0.0,0.0,0.0,0.0,0.0,0.0,0.0,0.0
t6483,0.0,0.0,0.0,0.0,0.0,0.0,0.0,0.0,0.0,0.0,0.0,0.0,0.0,0.0,0.0,0.0,0.0,0.0
t6484,0.0,0.0,0.0,0.0,0.0,0.0,0.0,0.0,0.0,0.0,0.0,0.0,0.0,0.0,0.0,0.0,0.0,0.0
t6485,0.0,0.0,0.0,0.0,0.0,0.0,0.0,0.0,0.0,0.0,0.0,0.0,0.0,0.0,0.0,0.0,0.0,0.0
t6486,0.0,0.0,0.0,0.0,0.0,0.0,0.0,0.0,0.0,0.0,0.0,0.0,0.0,0.0,0.0,0.0,0.0,0.0
t6487,0.0,0.0,0.0,0.0,0.0,0.0,0.0,0.0,0.0,0.0,0.0,0.0,0.0,0.0,0.0,0.0,0.0,0.0
t6488,1220.0,120.0,0.0,0.0,0.0,0.0,1442.14097804,1950.0,0.0,0.0,0.0,0.0,0.0,0.0,0.0,0.0,0.0,4732.14097804
t6489,385.31235806000007,0.0,0.0,0.0,0.0,327.03889452739924,806.79416359,0.0,0.0,0.0,0.0,0.0,0.0,0.0,0.0,0.0,0.0,1519.1454161773995
t6490,729.7474488599993,0.0,0.0,0.0,0.0,0.0,908.2508620700005,973.5568323865044,0.0,0.0,0.0,0.0,0.0,0.0,0.0,0.0,0.0,2611.555143316504
t6491,639.6971451771913,0.0,0.0,0.0,0.0,563.9272949568289,1007.5784127400003,686.5878937800012,0.0,0.0,0.0,0.0,0.0,0.0,0.0,0.0,0.0,2897.7907466540214
t6492,949.2163245399994,0.0,0.0,0.0,0.0,144.32748852118442,976.6953767299999,1816.9797385404954,0.0,0.0,0.0,0.0,0.0,0.0,0.0,0.0,0.0,3887.2189283316793
t6493,1220.0,0.0,0.0,0.0,0.0,520.0116428684609,938.0168769812559,0.0,0.0,0.0,0.0,0.0,0.0,0.0,0.0,0.0,0.0,2678.0285198497168
t6494,0.0,120.0,0.0,0.0,0.0,0.0,624.5540756300003,0.0,0.0,0.0,0.0,0.0,0.0,0.0,0.0,0.0,0.0,744.5540756300003
t6495,0.0,0.0,0.0,0.0,0.0,0.0,0.0,0.0,0.0,0.0,0.0,0.0,0.0,0.0,0.0,0.0,0.0,0.0
t6496,0.0,0.0,0.0,0.0,0.0,0.0,0.0,0.0,0.0,0.0,0.0,0.0,0.0,0.0,0.0,0.0,0.0,0.0
t6497,0.0,0.0,0.0,0.0,0.0,0.0,0.0,0.0,0.0,0.0,0.0,0.0,0.0,0.0,0.0,0.0,0.0,0.0
t6498,0.0,0.0,0.0,0.0,0.0,0.0,0.0,0.0,0.0,0.0,0.0,0.0,0.0,0.0,0.0,0.0,0.0,0.0
t6499,0.0,0.0,0.0,0.0,0.0,0.0,0.0,0.0,0.0,0.0,0.0,0.0,0.0,0.0,0.0,0.0,0.0,0.0
t6500,0.0,0.0,0.0,0.0,0.0,0.0,0.0,0.0,0.0,0.0,0.0,0.0,0.0,0.0,0.0,0.0,0.0,0.0
t6501,0.0,0.0,0.0,0.0,0.0,0.0,0.0,0.0,0.0,0.0,0.0,0.0,0.0,0.0,0.0,0.0,0.0,0.0
t6502,0.0,0.0,0.0,0.0,0.0,0.0,0.0,0.0,0.0,0.0,0.0,0.0,0.0,0.0,0.0,0.0,0.0,0.0
t6503,0.0,0.0,0.0,0.0,0.0,0.0,0.0,0.0,0.0,0.0,0.0,0.0,0.0,0.0,0.0,0.0,0.0,0.0
t6504,0.0,0.0,0.0,0.0,0.0,0.0,0.0,0.0,0.0,0.0,0.0,0.0,0.0,0.0,0.0,0.0,0.0,0.0
t6505,0.0,0.0,0.0,0.0,0.0,0.0,0.0,0.0,0.0,0.0,0.0,0.0,0.0,0.0,0.0,0.0,0.0,0.0
t6506,0.0,0.0,0.0,0.0,0.0,0.0,0.0,0.0,0.0,0.0,0.0,0.0,0.0,0.0,0.0,0.0,0.0,0.0
t6507,0.0,0.0,0.0,0.0,0.0,0.0,0.0,0.0,0.0,0.0,0.0,0.0,0.0,0.0,0.0,0.0,0.0,0.0
t6508,0.0,0.0,0.0,0.0,0.0,0.0,0.0,0.0,0.0,0.0,0.0,0.0,0.0,0.0,0.0,0.0,0.0,0.0
t6509,0.0,0.0,0.0,0.0,0.0,0.0,0.0,0.0,0.0,0.0,0.0,0.0,0.0,0.0,0.0,0.0,0.0,0.0
t6510,0.0,0.0,0.0,0.0,0.0,0.0,0.0,0.0,0.0,0.0,0.0,0.0,0.0,0.0,0.0,0.0,0.0,0.0
t6511,0.0,0.0,0.0,0.0,0.0,0.0,0.0,0.0,0.0,0.0,0.0,0.0,0.0,0.0,0.0,0.0,0.0,0.0
t6512,1220.0,120.0,0.0,0.0,0.0,2400.469970432538,749.9809225799999,0.0,0.0,0.0,0.0,0.0,0.0,0.0,0.0,0.0,0.0,4490.450893012538
t6513,0.0,0.0,0.0,0.0,0.0,2434.7893119510645,806.6953215599999,1950.0,0.0,0.0,0.0,0.0,0.0,0.0,0.0,0.0,0.0,5191.484633511064
t6514,1011.6294085371902,0.0,0.0,0.0,0.0,4537.870792871396,1191.1679879112564,1950.0,0.0,0.0,0.0,0.0,0.0,0.0,0.0,0.0,0.0,8690.668189319842
t6515,1220.0,0.0,0.0,0.0,0.0,6345.227755805142,1061.12704695,0.0,0.0,0.0,0.0,0.0,0.0,0.0,0.0,0.0,0.0,8626.354802755142
t6516,0.0,120.0,0.0,0.0,0.0,6561.415074470886,961.02827086,0.0,0.0,0.0,0.0,0.0,0.0,0.0,0.0,0.0,0.0,7642.443345330886
t6517,0.0,0.0,0.0,0.0,0.0,5505.597617616722,847.7468721899999,0.0,0.0,0.0,0.0,0.0,0.0,0.0,0.0,0.0,0.0,6353.344489806722
t6518,472.3438681000002,0.0,0.0,0.0,0.0,938.0203654776886,678.2161710800003,0.0,0.0,0.0,0.0,0.0,0.0,0.0,0.0,0.0,0.0,2088.580404657689
t6519,1220.0,117.67754218004873,0.0,0.0,0.0,414.746544955705,408.06815264999983,25.446029780000103,0.0,0.0,0.0,0.0,0.0,0.0,0.0,0.0,0.0,2185.9382695657537
t6520,0.0,0.0,0.0,0.0,0.0,0.0,0.0,0.0,0.0,0.0,0.0,0.0,0.0,0.0,0.0,0.0,0.0,0.0
t6521,0.0,0.0,0.0,0.0,0.0,0.0,0.0,0.0,0.0,0.0,0.0,0.0,0.0,0.0,0.0,0.0,0.0,0.0
t6522,0.0,0.0,0.0,0.0,0.0,0.0,0.0,0.0,0.0,0.0,0.0,0.0,0.0,0.0,0.0,0.0,0.0,0.0
t6523,0.0,0.0,0.0,0.0,0.0,0.0,0.0,0.0,0.0,0.0,0.0,0.0,0.0,0.0,0.0,0.0,0.0,0.0
t6524,0.0,0.0,0.0,0.0,0.0,0.0,0.0,0.0,0.0,0.0,0.0,0.0,0.0,0.0,0.0,0.0,0.0,0.0
t6525,0.0,0.0,0.0,0.0,0.0,0.0,0.0,0.0,0.0,0.0,0.0,0.0,0.0,0.0,0.0,0.0,0.0,0.0
t6526,0.0,0.0,0.0,0.0,0.0,0.0,0.0,0.0,0.0,0.0,0.0,0.0,0.0,0.0,0.0,0.0,0.0,0.0
t6527,0.0,0.0,0.0,0.0,0.0,0.0,0.0,0.0,0.0,0.0,0.0,0.0,0.0,0.0,0.0,0.0,0.0,0.0
t6528,0.0,0.0,0.0,0.0,0.0,0.0,0.0,0.0,0.0,0.0,0.0,0.0,0.0,0.0,0.0,0.0,0.0,0.0
t6529,0.0,0.0,0.0,0.0,0.0,0.0,0.0,0.0,0.0,0.0,0.0,0.0,0.0,0.0,0.0,0.0,0.0,0.0
t6530,0.0,0.0,0.0,0.0,0.0,0.0,0.0,0.0,0.0,0.0,0.0,0.0,0.0,0.0,0.0,0.0,0.0,0.0
t6531,0.0,0.0,0.0,0.0,0.0,0.0,0.0,0.0,0.0,0.0,0.0,0.0,0.0,0.0,0.0,0.0,0.0,0.0
t6532,0.0,0.0,0.0,0.0,0.0,0.0,0.0,0.0,0.0,0.0,0.0,0.0,0.0,0.0,0.0,0.0,0.0,0.0
t6533,0.0,0.0,0.0,0.0,0.0,0.0,0.0,0.0,0.0,0.0,0.0,0.0,0.0,0.0,0.0,0.0,0.0,0.0
t6534,0.0,0.0,0.0,0.0,0.0,0.0,0.0,0.0,0.0,0.0,0.0,0.0,0.0,0.0,0.0,0.0,0.0,0.0
t6535,0.0,0.0,0.0,0.0,0.0,0.0,0.0,0.0,0.0,0.0,0.0,0.0,0.0,0.0,0.0,0.0,0.0,0.0
t6536,0.0,120.0,0.0,0.0,0.0,2167.971989714723,405.8441716999999,1950.0,0.0,0.0,0.0,0.0,0.0,0.0,0.0,0.0,0.0,4643.816161414723
t6537,545.4695767799999,25.96458458726457,0.0,0.0,0.0,3045.654577004251,1148.2589098400001,1950.0,0.0,0.0,0.0,0.0,0.0,0.0,0.0,0.0,0.0,6715.347648211516
t6538,0.0,120.0,0.0,0.0,0.0,5320.726323511389,1186.5308245212575,1765.1389607799997,0.0,0.0,0.0,0.0,0.0,0.0,0.0,0.0,0.0,8392.396108812645
t6539,1220.0,0.0,0.0,0.0,0.0,7153.8332746158,1305.7807290100004,1278.3088098200005,0.0,0.0,0.0,0.0,0.0,0.0,0.0,0.0,0.0,10957.922813445803
t6540,1220.0,0.0,0.0,0.0,0.0,7491.994302178903,799.8548328499998,402.7385007800006,0.0,0.0,0.0,0.0,0.0,0.0,0.0,0.0,0.0,9914.587635808904
t6541,1220.0,120.0,0.0,0.0,0.0,5731.428654041076,754.43028763,0.0,0.0,0.0,0.0,0.0,0.0,0.0,0.0,0.0,0.0,7825.858941671076
t6542,938.5036998571902,120.0,0.0,0.0,0.0,3968.86985097941,580.7537055699999,0.0,0.0,0.0,0.0,0.0,0.0,0.0,0.0,0.0,0.0,5608.127256406599
t6543,0.0,0.0,0.0,0.0,0.0,1591.1348336197748,522.5772846599999,0.0,0.0,0.0,0.0,0.0,0.0,0.0,0.0,0.0,0.0,2113.7121182797746
t6544,0.0,0.0,0.0,0.0,0.0,0.0,0.0,0.0,0.0,0.0,0.0,0.0,0.0,0.0,0.0,0.0,0.0,0.0
t6545,0.0,0.0,0.0,0.0,0.0,0.0,0.0,0.0,0.0,0.0,0.0,0.0,0.0,0.0,0.0,0.0,0.0,0.0
t6546,0.0,0.0,0.0,0.0,0.0,0.0,0.0,0.0,0.0,0.0,0.0,0.0,0.0,0.0,0.0,0.0,0.0,0.0
t6547,0.0,0.0,0.0,0.0,0.0,0.0,0.0,0.0,0.0,0.0,0.0,0.0,0.0,0.0,0.0,0.0,0.0,0.0
t6548,0.0,0.0,0.0,0.0,0.0,0.0,0.0,0.0,0.0,0.0,0.0,0.0,0.0,0.0,0.0,0.0,0.0,0.0
t6549,0.0,0.0,0.0,0.0,0.0,0.0,0.0,0.0,0.0,0.0,0.0,0.0,0.0,0.0,0.0,0.0,0.0,0.0
t6550,0.0,0.0,0.0,0.0,0.0,0.0,0.0,0.0,0.0,0.0,0.0,0.0,0.0,0.0,0.0,0.0,0.0,0.0
t6551,0.0,0.0,0.0,0.0,0.0,0.0,0.0,0.0,0.0,0.0,0.0,0.0,0.0,0.0,0.0,0.0,0.0,0.0
t6552,0.0,0.0,0.0,0.0,0.0,0.0,0.0,0.0,0.0,0.0,0.0,0.0,0.0,0.0,0.0,0.0,0.0,0.0
t6553,0.0,0.0,0.0,0.0,0.0,0.0,0.0,0.0,0.0,0.0,0.0,0.0,0.0,0.0,0.0,0.0,0.0,0.0
t6554,0.0,0.0,0.0,0.0,0.0,0.0,0.0,0.0,0.0,0.0,0.0,0.0,0.0,0.0,0.0,0.0,0.0,0.0
t6555,0.0,0.0,0.0,0.0,0.0,0.0,0.0,0.0,0.0,0.0,0.0,0.0,0.0,0.0,0.0,0.0,0.0,0.0
t6556,0.0,0.0,0.0,0.0,0.0,0.0,0.0,0.0,0.0,0.0,0.0,0.0,0.0,0.0,0.0,0.0,0.0,0.0
t6557,0.0,0.0,0.0,0.0,0.0,0.0,0.0,0.0,0.0,0.0,0.0,0.0,0.0,0.0,0.0,0.0,0.0,0.0
t6558,0.0,0.0,0.0,0.0,0.0,0.0,0.0,0.0,0.0,0.0,0.0,0.0,0.0,0.0,0.0,0.0,0.0,0.0
t6559,0.0,0.0,0.0,0.0,0.0,0.0,0.0,0.0,0.0,0.0,0.0,0.0,0.0,0.0,0.0,0.0,0.0,0.0
t6560,1220.0,120.0,0.0,0.0,0.0,0.0,226.83357248999968,1339.0120257799176,0.0,0.0,0.0,0.0,0.0,0.0,0.0,0.0,0.0,2905.845598269917
t6561,124.71284737999952,0.0,0.0,0.0,0.0,1868.6676229166917,758.2026587400002,1421.46206389733,0.0,0.0,0.0,0.0,0.0,0.0,0.0,0.0,0.0,4173.0451929340215
t6562,0.0,0.0,0.0,0.0,0.0,2836.4883170774174,892.79396391,1950.0,0.0,0.0,0.0,0.0,0.0,0.0,0.0,0.0,0.0,5679.282280987418
t6563,1068.81627654,0.0,0.0,0.0,0.0,5216.948457264605,1117.5902439200001,0.0,0.0,0.0,0.0,0.0,0.0,0.0,0.0,0.0,0.0,7403.354977724605
t6564,1220.0,0.0,0.0,0.0,0.0,5876.029108018051,1135.74221392,0.0,0.0,0.0,0.0,0.0,0.0,0.0,0.0,0.0,0.0,8231.771321938051
t6565,300.89731401719183,0.0,0.0,0.0,0.0,6805.361258961084,1050.6671362412562,0.0,0.0,0.0,0.0,0.0,0.0,0.0,0.0,0.0,0.0,8156.925709219532
t6566,1209.5468386999994,0.0,0.0,0.0,0.0,3695.104458086835,926.56495604,1326.857322819999,0.0,0.0,0.0,0.0,0.0,0.0,0.0,0.0,0.0,7158.073575646833
t6567,0.0,120.0,0.0,0.0,0.0,2001.5868132933967,590.34147778,0.0,0.0,0.0,0.0,0.0,0.0,0.0,0.0,0.0,0.0,2711.9282910733964
t6568,0.0,0.0,0.0,0.0,0.0,0.0,5.294522739999419,0.0,0.0,0.0,0.0,0.0,0.0,0.0,0.0,0.0,0.0,5.294522739999419
t6569,0.0,0.0,0.0,0.0,0.0,0.0,0.0,0.0,0.0,0.0,0.0,0.0,0.0,0.0,0.0,0.0,0.0,0.0
t6570,0.0,0.0,0.0,0.0,0.0,0.0,0.0,0.0,0.0,0.0,0.0,0.0,0.0,0.0,0.0,0.0,0.0,0.0
t6571,0.0,0.0,0.0,0.0,0.0,0.0,0.0,0.0,0.0,0.0,0.0,0.0,0.0,0.0,0.0,0.0,0.0,0.0
t6572,0.0,0.0,0.0,0.0,0.0,0.0,0.0,0.0,0.0,0.0,0.0,0.0,0.0,0.0,0.0,0.0,0.0,0.0
t6573,0.0,0.0,0.0,0.0,0.0,0.0,0.0,0.0,0.0,0.0,0.0,0.0,0.0,0.0,0.0,0.0,0.0,0.0
t6574,0.0,0.0,0.0,0.0,0.0,0.0,0.0,0.0,0.0,0.0,0.0,0.0,0.0,0.0,0.0,0.0,0.0,0.0
t6575,0.0,0.0,0.0,0.0,0.0,0.0,0.0,0.0,0.0,0.0,0.0,0.0,0.0,0.0,0.0,0.0,0.0,0.0
t6576,0.0,0.0,0.0,0.0,0.0,0.0,0.0,0.0,0.0,0.0,0.0,0.0,0.0,0.0,0.0,0.0,0.0,0.0
t6577,0.0,0.0,0.0,0.0,0.0,0.0,0.0,0.0,0.0,0.0,0.0,0.0,0.0,0.0,0.0,0.0,0.0,0.0
t6578,0.0,0.0,0.0,0.0,0.0,0.0,0.0,0.0,0.0,0.0,0.0,0.0,0.0,0.0,0.0,0.0,0.0,0.0
t6579,0.0,0.0,0.0,0.0,0.0,0.0,0.0,0.0,0.0,0.0,0.0,0.0,0.0,0.0,0.0,0.0,0.0,0.0
t6580,0.0,0.0,0.0,0.0,0.0,0.0,0.0,0.0,0.0,0.0,0.0,0.0,0.0,0.0,0.0,0.0,0.0,0.0
t6581,0.0,0.0,0.0,0.0,0.0,0.0,0.0,0.0,0.0,0.0,0.0,0.0,0.0,0.0,0.0,0.0,0.0,0.0
t6582,0.0,0.0,0.0,0.0,0.0,0.0,0.0,0.0,0.0,0.0,0.0,0.0,0.0,0.0,0.0,0.0,0.0,0.0
t6583,0.0,0.0,0.0,0.0,0.0,0.0,0.0,0.0,0.0,0.0,0.0,0.0,0.0,0.0,0.0,0.0,0.0,0.0
t6584,669.4733844188077,0.0,0.0,0.0,0.0,0.0,325.3808879012555,0.0,0.0,0.0,0.0,0.0,0.0,0.0,0.0,0.0,0.0,994.8542723200632
t6585,0.0,0.0,0.0,0.0,0.0,0.0,837.2994788600004,1398.48748206189,0.0,0.0,0.0,0.0,0.0,0.0,0.0,0.0,0.0,2235.7869609218906
t6586,1020.36176694,120.0,0.0,0.0,0.0,0.0,983.8636122100004,1064.2283968892198,0.0,0.0,0.0,0.0,0.0,0.0,0.0,0.0,0.0,3188.4537760392204
t6587,0.0,0.0,0.0,0.0,0.0,2235.672732667844,1141.6102125600003,1305.7142345800005,0.0,0.0,0.0,0.0,0.0,0.0,0.0,0.0,0.0,4682.997179807844
t6588,1220.0,0.0,0.0,0.0,0.0,2494.3429584787514,868.9760366399998,0.0,0.0,0.0,0.0,0.0,0.0,0.0,0.0,0.0,0.0,4583.318995118751
t6589,1220.0,0.0,0.0,0.0,0.0,367.19914213850814,1176.8858744100003,477.29210517000075,0.0,0.0,0.0,0.0,0.0,0.0,0.0,0.0,0.0,3241.3771217185094
t6590,477.44133078528023,0.0,0.0,0.0,0.0,1371.5479259950753,1024.67396402,0.0,0.0,0.0,0.0,0.0,0.0,0.0,0.0,0.0,0.0,2873.6632208003557
t6591,536.6967944931015,0.0,0.0,0.0,0.0,0.0,345.34067918,0.0,0.0,0.0,0.0,0.0,0.0,0.0,0.0,0.0,0.0,882.0374736731014
t6592,0.0,0.0,0.0,0.0,0.0,0.0,0.0,30.233247247338447,0.0,0.0,0.0,0.0,0.0,0.0,0.0,0.0,0.0,30.233247247338447
t6593,0.0,0.0,0.0,0.0,0.0,0.0,0.0,0.0,0.0,0.0,0.0,0.0,0.0,0.0,0.0,0.0,0.0,0.0
t6594,0.0,0.0,0.0,0.0,0.0,0.0,0.0,0.0,0.0,0.0,0.0,0.0,0.0,0.0,0.0,0.0,0.0,0.0
t6595,0.0,0.0,0.0,0.0,0.0,0.0,0.0,0.0,0.0,0.0,0.0,0.0,0.0,0.0,0.0,0.0,0.0,0.0
t6596,0.0,0.0,0.0,0.0,0.0,0.0,0.0,0.0,0.0,0.0,0.0,0.0,0.0,0.0,0.0,0.0,0.0,0.0
t6597,0.0,0.0,0.0,0.0,0.0,0.0,0.0,0.0,0.0,0.0,0.0,0.0,0.0,0.0,0.0,0.0,0.0,0.0
t6598,0.0,0.0,0.0,0.0,0.0,0.0,0.0,0.0,0.0,0.0,0.0,0.0,0.0,0.0,0.0,0.0,0.0,0.0
t6599,0.0,0.0,0.0,0.0,0.0,0.0,0.0,0.0,0.0,0.0,0.0,0.0,0.0,0.0,0.0,0.0,0.0,0.0
t6600,0.0,0.0,0.0,0.0,0.0,0.0,0.0,0.0,0.0,0.0,0.0,0.0,0.0,0.0,0.0,0.0,0.0,0.0
t6601,0.0,0.0,0.0,0.0,0.0,0.0,0.0,0.0,0.0,0.0,0.0,0.0,0.0,0.0,0.0,0.0,0.0,0.0
t6602,0.0,0.0,0.0,0.0,0.0,0.0,0.0,0.0,0.0,0.0,0.0,0.0,0.0,0.0,0.0,0.0,0.0,0.0
t6603,0.0,0.0,0.0,0.0,0.0,0.0,0.0,0.0,0.0,0.0,0.0,0.0,0.0,0.0,0.0,0.0,0.0,0.0
t6604,0.0,0.0,0.0,0.0,0.0,0.0,0.0,0.0,0.0,0.0,0.0,0.0,0.0,0.0,0.0,0.0,0.0,0.0
t6605,0.0,0.0,0.0,0.0,0.0,0.0,0.0,0.0,0.0,0.0,0.0,0.0,0.0,0.0,0.0,0.0,0.0,0.0
t6606,0.0,0.0,0.0,0.0,0.0,0.0,0.0,0.0,0.0,0.0,0.0,0.0,0.0,0.0,0.0,0.0,0.0,0.0
t6607,0.0,0.0,0.0,0.0,0.0,0.0,0.0,0.0,0.0,0.0,0.0,0.0,0.0,0.0,0.0,0.0,0.0,0.0
t6608,0.0,120.0,0.0,0.0,0.0,0.0,314.50042207999985,1950.0,0.0,0.0,0.0,0.0,0.0,0.0,0.0,0.0,0.0,2384.5004220799997
t6609,0.0,0.0,0.0,0.0,0.0,2959.30145429592,734.5324679312564,0.0,0.0,0.0,0.0,0.0,0.0,0.0,0.0,0.0,0.0,3693.833922227176
t6610,870.4008412600002,120.0,0.0,0.0,0.0,0.0,1034.1302954,496.7032020376614,0.0,0.0,0.0,0.0,0.0,0.0,0.0,0.0,0.0,2521.2343386976618
t6611,0.0,0.0,0.0,0.0,0.0,2326.2998294336985,1251.9713588900001,455.85928358000126,0.0,0.0,0.0,0.0,0.0,0.0,0.0,0.0,0.0,4034.1304719037003
t6612,1220.0,0.0,0.0,0.0,0.0,1439.6565014260507,890.1645337100001,36.231996779999555,0.0,0.0,0.0,0.0,0.0,0.0,0.0,0.0,0.0,3586.05303191605
t6613,793.4263038074907,0.0,0.0,0.0,0.0,448.5960549835481,1131.5136036800002,0.0,0.0,0.0,0.0,0.0,0.0,0.0,0.0,0.0,0.0,2373.535962471039
t6614,1220.0,62.99392432408506,0.0,0.0,0.0,1827.657927929678,586.3912793099998,0.0,0.0,0.0,0.0,0.0,0.0,0.0,0.0,0.0,0.0,3697.043131563763
t6615,1040.1461315696993,120.0,0.0,0.0,0.0,0.0,760.8267847800001,0.0,0.0,0.0,0.0,0.0,0.0,0.0,0.0,0.0,0.0,1920.9729163496995
t6616,0.0,0.0,0.0,0.0,0.0,0.0,0.0,377.58009596137236,0.0,0.0,0.0,0.0,0.0,0.0,0.0,0.0,0.0,377.58009596137236
t6617,0.0,0.0,0.0,0.0,0.0,0.0,0.0,0.0,0.0,0.0,0.0,0.0,0.0,0.0,0.0,0.0,0.0,0.0
t6618,0.0,0.0,0.0,0.0,0.0,0.0,0.0,0.0,0.0,0.0,0.0,0.0,0.0,0.0,0.0,0.0,0.0,0.0
t6619,0.0,0.0,0.0,0.0,0.0,0.0,0.0,0.0,0.0,0.0,0.0,0.0,0.0,0.0,0.0,0.0,0.0,0.0
t6620,0.0,0.0,0.0,0.0,0.0,0.0,0.0,0.0,0.0,0.0,0.0,0.0,0.0,0.0,0.0,0.0,0.0,0.0
t6621,0.0,0.0,0.0,0.0,0.0,0.0,0.0,0.0,0.0,0.0,0.0,0.0,0.0,0.0,0.0,0.0,0.0,0.0
t6622,0.0,0.0,0.0,0.0,0.0,0.0,0.0,0.0,0.0,0.0,0.0,0.0,0.0,0.0,0.0,0.0,0.0,0.0
t6623,0.0,0.0,0.0,0.0,0.0,0.0,0.0,0.0,0.0,0.0,0.0,0.0,0.0,0.0,0.0,0.0,0.0,0.0
t6624,0.0,0.0,0.0,0.0,0.0,0.0,0.0,0.0,0.0,0.0,0.0,0.0,0.0,0.0,0.0,0.0,0.0,0.0
t6625,0.0,0.0,0.0,0.0,0.0,0.0,0.0,0.0,0.0,0.0,0.0,0.0,0.0,0.0,0.0,0.0,0.0,0.0
t6626,0.0,0.0,0.0,0.0,0.0,0.0,0.0,0.0,0.0,0.0,0.0,0.0,0.0,0.0,0.0,0.0,0.0,0.0
t6627,0.0,0.0,0.0,0.0,0.0,0.0,0.0,0.0,0.0,0.0,0.0,0.0,0.0,0.0,0.0,0.0,0.0,0.0
t6628,0.0,0.0,0.0,0.0,0.0,0.0,0.0,0.0,0.0,0.0,0.0,0.0,0.0,0.0,0.0,0.0,0.0,0.0
t6629,0.0,0.0,0.0,0.0,0.0,0.0,0.0,0.0,0.0,0.0,0.0,0.0,0.0,0.0,0.0,0.0,0.0,0.0
t6630,0.0,0.0,0.0,0.0,0.0,0.0,0.0,0.0,0.0,0.0,0.0,0.0,0.0,0.0,0.0,0.0,0.0,0.0
t6631,0.0,0.0,0.0,0.0,0.0,0.0,0.0,0.0,0.0,0.0,0.0,0.0,0.0,0.0,0.0,0.0,0.0,0.0
t6632,1220.0,0.0,0.0,0.0,0.0,0.0,408.01147411000005,1950.0,0.0,0.0,0.0,0.0,0.0,0.0,0.0,0.0,0.0,3578.01147411
t6633,1220.0,0.0,0.0,0.0,0.0,1471.8033961578715,730.5919004300001,0.0,0.0,0.0,0.0,0.0,0.0,0.0,0.0,0.0,0.0,3422.3952965878716
t6634,755.8278644999998,120.0,0.0,0.0,0.0,0.0,985.8180050391411,1289.9257053169274,0.0,0.0,0.0,0.0,0.0,0.0,0.0,0.0,0.0,3151.5715748560683
t6635,0.0,0.0,0.0,0.0,0.0,2466.0140385024742,1211.8310352100004,55.68803818000201,0.0,0.0,0.0,0.0,0.0,0.0,0.0,0.0,0.0,3733.533111892477
t6636,1220.0,0.0,0.0,0.0,0.0,1593.9216603386978,875.9166526199997,0.0,0.0,0.0,0.0,0.0,0.0,0.0,0.0,0.0,0.0,3689.8383129586973
t6637,728.1454121371899,0.0,0.0,0.0,0.0,920.0850833167082,901.83232472,0.0,0.0,0.0,0.0,0.0,0.0,0.0,0.0,0.0,0.0,2550.062820173898
t6638,0.0,0.0,0.0,0.0,0.0,0.0,1009.0738635800001,0.0,0.0,0.0,0.0,0.0,0.0,0.0,0.0,0.0,0.0,1009.0738635800001
t6639,0.0,120.0,0.0,0.0,0.0,0.0,580.955490072115,1950.0,0.0,0.0,0.0,0.0,0.0,0.0,0.0,0.0,0.0,2650.955490072115
t6640,0.0,0.0,0.0,0.0,0.0,0.0,0.0,0.0,0.0,0.0,0.0,0.0,0.0,0.0,0.0,0.0,0.0,0.0
t6641,0.0,0.0,0.0,0.0,0.0,0.0,0.0,0.0,0.0,0.0,0.0,0.0,0.0,0.0,0.0,0.0,0.0,0.0
t6642,0.0,0.0,0.0,0.0,0.0,0.0,0.0,0.0,0.0,0.0,0.0,0.0,0.0,0.0,0.0,0.0,0.0,0.0
t6643,0.0,0.0,0.0,0.0,0.0,0.0,0.0,0.0,0.0,0.0,0.0,0.0,0.0,0.0,0.0,0.0,0.0,0.0
t6644,0.0,0.0,0.0,0.0,0.0,0.0,0.0,0.0,0.0,0.0,0.0,0.0,0.0,0.0,0.0,0.0,0.0,0.0
t6645,0.0,0.0,0.0,0.0,0.0,0.0,0.0,0.0,0.0,0.0,0.0,0.0,0.0,0.0,0.0,0.0,0.0,0.0
t6646,0.0,0.0,0.0,0.0,0.0,0.0,0.0,0.0,0.0,0.0,0.0,0.0,0.0,0.0,0.0,0.0,0.0,0.0
t6647,0.0,0.0,0.0,0.0,0.0,0.0,0.0,0.0,0.0,0.0,0.0,0.0,0.0,0.0,0.0,0.0,0.0,0.0
t6648,0.0,0.0,0.0,0.0,0.0,0.0,0.0,0.0,0.0,0.0,0.0,0.0,0.0,0.0,0.0,0.0,0.0,0.0
t6649,0.0,0.0,0.0,0.0,0.0,0.0,0.0,0.0,0.0,0.0,0.0,0.0,0.0,0.0,0.0,0.0,0.0,0.0
t6650,0.0,0.0,0.0,0.0,0.0,0.0,0.0,0.0,0.0,0.0,0.0,0.0,0.0,0.0,0.0,0.0,0.0,0.0
t6651,0.0,0.0,0.0,0.0,0.0,0.0,0.0,0.0,0.0,0.0,0.0,0.0,0.0,0.0,0.0,0.0,0.0,0.0
t6652,0.0,0.0,0.0,0.0,0.0,0.0,0.0,0.0,0.0,0.0,0.0,0.0,0.0,0.0,0.0,0.0,0.0,0.0
t6653,0.0,0.0,0.0,0.0,0.0,0.0,0.0,0.0,0.0,0.0,0.0,0.0,0.0,0.0,0.0,0.0,0.0,0.0
t6654,0.0,0.0,0.0,0.0,0.0,0.0,0.0,0.0,0.0,0.0,0.0,0.0,0.0,0.0,0.0,0.0,0.0,0.0
t6655,0.0,0.0,0.0,0.0,0.0,0.0,0.0,0.0,0.0,0.0,0.0,0.0,0.0,0.0,0.0,0.0,0.0,0.0
t6656,1220.0,120.0,0.0,0.0,0.0,0.0,1442.14097804,1950.0,0.0,0.0,0.0,0.0,0.0,0.0,0.0,0.0,0.0,4732.14097804
t6657,385.31235806000007,0.0,0.0,0.0,0.0,327.03889452739924,806.79416359,0.0,0.0,0.0,0.0,0.0,0.0,0.0,0.0,0.0,0.0,1519.1454161773995
t6658,729.7474488599993,0.0,0.0,0.0,0.0,0.0,908.2508620700005,973.5568323865044,0.0,0.0,0.0,0.0,0.0,0.0,0.0,0.0,0.0,2611.555143316504
t6659,639.6971451771913,0.0,0.0,0.0,0.0,563.9272949568289,1007.5784127400003,686.5878937800012,0.0,0.0,0.0,0.0,0.0,0.0,0.0,0.0,0.0,2897.7907466540214
t6660,949.2163245399994,0.0,0.0,0.0,0.0,144.32748852118442,976.6953767299999,1816.9797385404954,0.0,0.0,0.0,0.0,0.0,0.0,0.0,0.0,0.0,3887.2189283316793
t6661,1220.0,0.0,0.0,0.0,0.0,520.0116428684609,938.0168769812559,0.0,0.0,0.0,0.0,0.0,0.0,0.0,0.0,0.0,0.0,2678.0285198497168
t6662,0.0,120.0,0.0,0.0,0.0,0.0,624.5540756300003,0.0,0.0,0.0,0.0,0.0,0.0,0.0,0.0,0.0,0.0,744.5540756300003
t6663,0.0,0.0,0.0,0.0,0.0,0.0,0.0,0.0,0.0,0.0,0.0,0.0,0.0,0.0,0.0,0.0,0.0,0.0
t6664,0.0,0.0,0.0,0.0,0.0,0.0,0.0,0.0,0.0,0.0,0.0,0.0,0.0,0.0,0.0,0.0,0.0,0.0
t6665,0.0,0.0,0.0,0.0,0.0,0.0,0.0,0.0,0.0,0.0,0.0,0.0,0.0,0.0,0.0,0.0,0.0,0.0
t6666,0.0,0.0,0.0,0.0,0.0,0.0,0.0,0.0,0.0,0.0,0.0,0.0,0.0,0.0,0.0,0.0,0.0,0.0
t6667,0.0,0.0,0.0,0.0,0.0,0.0,0.0,0.0,0.0,0.0,0.0,0.0,0.0,0.0,0.0,0.0,0.0,0.0
t6668,0.0,0.0,0.0,0.0,0.0,0.0,0.0,0.0,0.0,0.0,0.0,0.0,0.0,0.0,0.0,0.0,0.0,0.0
t6669,0.0,0.0,0.0,0.0,0.0,0.0,0.0,0.0,0.0,0.0,0.0,0.0,0.0,0.0,0.0,0.0,0.0,0.0
t6670,0.0,0.0,0.0,0.0,0.0,0.0,0.0,0.0,0.0,0.0,0.0,0.0,0.0,0.0,0.0,0.0,0.0,0.0
t6671,0.0,0.0,0.0,0.0,0.0,0.0,0.0,0.0,0.0,0.0,0.0,0.0,0.0,0.0,0.0,0.0,0.0,0.0
t6672,0.0,0.0,0.0,0.0,0.0,0.0,0.0,0.0,0.0,0.0,0.0,0.0,0.0,0.0,0.0,0.0,0.0,0.0
t6673,0.0,0.0,0.0,0.0,0.0,0.0,0.0,0.0,0.0,0.0,0.0,0.0,0.0,0.0,0.0,0.0,0.0,0.0
t6674,0.0,0.0,0.0,0.0,0.0,0.0,0.0,0.0,0.0,0.0,0.0,0.0,0.0,0.0,0.0,0.0,0.0,0.0
t6675,0.0,0.0,0.0,0.0,0.0,0.0,0.0,0.0,0.0,0.0,0.0,0.0,0.0,0.0,0.0,0.0,0.0,0.0
t6676,0.0,0.0,0.0,0.0,0.0,0.0,0.0,0.0,0.0,0.0,0.0,0.0,0.0,0.0,0.0,0.0,0.0,0.0
t6677,0.0,0.0,0.0,0.0,0.0,0.0,0.0,0.0,0.0,0.0,0.0,0.0,0.0,0.0,0.0,0.0,0.0,0.0
t6678,0.0,0.0,0.0,0.0,0.0,0.0,0.0,0.0,0.0,0.0,0.0,0.0,0.0,0.0,0.0,0.0,0.0,0.0
t6679,0.0,0.0,0.0,0.0,0.0,0.0,0.0,0.0,0.0,0.0,0.0,0.0,0.0,0.0,0.0,0.0,0.0,0.0
t6680,1220.0,120.0,0.0,0.0,0.0,2400.469970432538,749.9809225799999,0.0,0.0,0.0,0.0,0.0,0.0,0.0,0.0,0.0,0.0,4490.450893012538
t6681,0.0,0.0,0.0,0.0,0.0,2434.7893119510645,806.6953215599999,1950.0,0.0,0.0,0.0,0.0,0.0,0.0,0.0,0.0,0.0,5191.484633511064
t6682,1011.6294085371902,0.0,0.0,0.0,0.0,4537.870792871396,1191.1679879112564,1950.0,0.0,0.0,0.0,0.0,0.0,0.0,0.0,0.0,0.0,8690.668189319842
t6683,1220.0,0.0,0.0,0.0,0.0,6345.227755805142,1061.12704695,0.0,0.0,0.0,0.0,0.0,0.0,0.0,0.0,0.0,0.0,8626.354802755142
t6684,0.0,120.0,0.0,0.0,0.0,6561.415074470886,961.02827086,0.0,0.0,0.0,0.0,0.0,0.0,0.0,0.0,0.0,0.0,7642.443345330886
t6685,0.0,0.0,0.0,0.0,0.0,5505.597617616722,847.7468721899999,0.0,0.0,0.0,0.0,0.0,0.0,0.0,0.0,0.0,0.0,6353.344489806722
t6686,472.3438681000002,0.0,0.0,0.0,0.0,938.0203654776886,678.2161710800003,0.0,0.0,0.0,0.0,0.0,0.0,0.0,0.0,0.0,0.0,2088.580404657689
t6687,1220.0,117.67754218004873,0.0,0.0,0.0,414.746544955705,408.06815264999983,25.446029780000103,0.0,0.0,0.0,0.0,0.0,0.0,0.0,0.0,0.0,2185.9382695657537
t6688,0.0,0.0,0.0,0.0,0.0,0.0,0.0,0.0,0.0,0.0,0.0,0.0,0.0,0.0,0.0,0.0,0.0,0.0
t6689,0.0,0.0,0.0,0.0,0.0,0.0,0.0,0.0,0.0,0.0,0.0,0.0,0.0,0.0,0.0,0.0,0.0,0.0
t6690,0.0,0.0,0.0,0.0,0.0,0.0,0.0,0.0,0.0,0.0,0.0,0.0,0.0,0.0,0.0,0.0,0.0,0.0
t6691,0.0,0.0,0.0,0.0,0.0,0.0,0.0,0.0,0.0,0.0,0.0,0.0,0.0,0.0,0.0,0.0,0.0,0.0
t6692,0.0,0.0,0.0,0.0,0.0,0.0,0.0,0.0,0.0,0.0,0.0,0.0,0.0,0.0,0.0,0.0,0.0,0.0
t6693,0.0,0.0,0.0,0.0,0.0,0.0,0.0,0.0,0.0,0.0,0.0,0.0,0.0,0.0,0.0,0.0,0.0,0.0
t6694,0.0,0.0,0.0,0.0,0.0,0.0,0.0,0.0,0.0,0.0,0.0,0.0,0.0,0.0,0.0,0.0,0.0,0.0
t6695,0.0,0.0,0.0,0.0,0.0,0.0,0.0,0.0,0.0,0.0,0.0,0.0,0.0,0.0,0.0,0.0,0.0,0.0
t6696,0.0,0.0,0.0,0.0,0.0,0.0,0.0,0.0,0.0,0.0,0.0,0.0,0.0,0.0,0.0,0.0,0.0,0.0
t6697,0.0,0.0,0.0,0.0,0.0,0.0,0.0,0.0,0.0,0.0,0.0,0.0,0.0,0.0,0.0,0.0,0.0,0.0
t6698,0.0,0.0,0.0,0.0,0.0,0.0,0.0,0.0,0.0,0.0,0.0,0.0,0.0,0.0,0.0,0.0,0.0,0.0
t6699,0.0,0.0,0.0,0.0,0.0,0.0,0.0,0.0,0.0,0.0,0.0,0.0,0.0,0.0,0.0,0.0,0.0,0.0
t6700,0.0,0.0,0.0,0.0,0.0,0.0,0.0,0.0,0.0,0.0,0.0,0.0,0.0,0.0,0.0,0.0,0.0,0.0
t6701,0.0,0.0,0.0,0.0,0.0,0.0,0.0,0.0,0.0,0.0,0.0,0.0,0.0,0.0,0.0,0.0,0.0,0.0
t6702,0.0,0.0,0.0,0.0,0.0,0.0,0.0,0.0,0.0,0.0,0.0,0.0,0.0,0.0,0.0,0.0,0.0,0.0
t6703,0.0,0.0,0.0,0.0,0.0,0.0,0.0,0.0,0.0,0.0,0.0,0.0,0.0,0.0,0.0,0.0,0.0,0.0
t6704,0.0,120.0,0.0,0.0,0.0,2167.971989714723,405.8441716999999,1950.0,0.0,0.0,0.0,0.0,0.0,0.0,0.0,0.0,0.0,4643.816161414723
t6705,545.4695767799999,25.96458458726457,0.0,0.0,0.0,3045.654577004251,1148.2589098400001,1950.0,0.0,0.0,0.0,0.0,0.0,0.0,0.0,0.0,0.0,6715.347648211516
t6706,0.0,120.0,0.0,0.0,0.0,5320.726323511389,1186.5308245212575,1765.1389607799997,0.0,0.0,0.0,0.0,0.0,0.0,0.0,0.0,0.0,8392.396108812645
t6707,1220.0,0.0,0.0,0.0,0.0,7153.8332746158,1305.7807290100004,1278.3088098200005,0.0,0.0,0.0,0.0,0.0,0.0,0.0,0.0,0.0,10957.922813445803
t6708,1220.0,0.0,0.0,0.0,0.0,7491.994302178903,799.8548328499998,402.7385007800006,0.0,0.0,0.0,0.0,0.0,0.0,0.0,0.0,0.0,9914.587635808904
t6709,1220.0,120.0,0.0,0.0,0.0,5731.428654041076,754.43028763,0.0,0.0,0.0,0.0,0.0,0.0,0.0,0.0,0.0,0.0,7825.858941671076
t6710,938.5036998571902,120.0,0.0,0.0,0.0,3968.86985097941,580.7537055699999,0.0,0.0,0.0,0.0,0.0,0.0,0.0,0.0,0.0,0.0,5608.127256406599
t6711,0.0,0.0,0.0,0.0,0.0,1591.1348336197748,522.5772846599999,0.0,0.0,0.0,0.0,0.0,0.0,0.0,0.0,0.0,0.0,2113.7121182797746
t6712,0.0,0.0,0.0,0.0,0.0,0.0,0.0,0.0,0.0,0.0,0.0,0.0,0.0,0.0,0.0,0.0,0.0,0.0
t6713,0.0,0.0,0.0,0.0,0.0,0.0,0.0,0.0,0.0,0.0,0.0,0.0,0.0,0.0,0.0,0.0,0.0,0.0
t6714,0.0,0.0,0.0,0.0,0.0,0.0,0.0,0.0,0.0,0.0,0.0,0.0,0.0,0.0,0.0,0.0,0.0,0.0
t6715,0.0,0.0,0.0,0.0,0.0,0.0,0.0,0.0,0.0,0.0,0.0,0.0,0.0,0.0,0.0,0.0,0.0,0.0
t6716,0.0,0.0,0.0,0.0,0.0,0.0,0.0,0.0,0.0,0.0,0.0,0.0,0.0,0.0,0.0,0.0,0.0,0.0
t6717,0.0,0.0,0.0,0.0,0.0,0.0,0.0,0.0,0.0,0.0,0.0,0.0,0.0,0.0,0.0,0.0,0.0,0.0
t6718,0.0,0.0,0.0,0.0,0.0,0.0,0.0,0.0,0.0,0.0,0.0,0.0,0.0,0.0,0.0,0.0,0.0,0.0
t6719,0.0,0.0,0.0,0.0,0.0,0.0,0.0,0.0,0.0,0.0,0.0,0.0,0.0,0.0,0.0,0.0,0.0,0.0
t6720,0.0,0.0,0.0,0.0,0.0,0.0,0.0,0.0,0.0,0.0,0.0,0.0,0.0,0.0,0.0,0.0,0.0,0.0
t6721,0.0,0.0,0.0,0.0,0.0,0.0,0.0,0.0,0.0,0.0,0.0,0.0,0.0,0.0,0.0,0.0,0.0,0.0
t6722,0.0,0.0,0.0,0.0,0.0,0.0,0.0,0.0,0.0,0.0,0.0,0.0,0.0,0.0,0.0,0.0,0.0,0.0
t6723,0.0,0.0,0.0,0.0,0.0,0.0,0.0,0.0,0.0,0.0,0.0,0.0,0.0,0.0,0.0,0.0,0.0,0.0
t6724,0.0,0.0,0.0,0.0,0.0,0.0,0.0,0.0,0.0,0.0,0.0,0.0,0.0,0.0,0.0,0.0,0.0,0.0
t6725,0.0,0.0,0.0,0.0,0.0,0.0,0.0,0.0,0.0,0.0,0.0,0.0,0.0,0.0,0.0,0.0,0.0,0.0
t6726,0.0,0.0,0.0,0.0,0.0,0.0,0.0,0.0,0.0,0.0,0.0,0.0,0.0,0.0,0.0,0.0,0.0,0.0
t6727,0.0,0.0,0.0,0.0,0.0,0.0,0.0,0.0,0.0,0.0,0.0,0.0,0.0,0.0,0.0,0.0,0.0,0.0
t6728,1220.0,120.0,0.0,0.0,0.0,0.0,226.83357248999968,1339.0120257799176,0.0,0.0,0.0,0.0,0.0,0.0,0.0,0.0,0.0,2905.845598269917
t6729,124.71284737999952,0.0,0.0,0.0,0.0,1868.6676229166917,758.2026587400002,1421.46206389733,0.0,0.0,0.0,0.0,0.0,0.0,0.0,0.0,0.0,4173.0451929340215
t6730,0.0,0.0,0.0,0.0,0.0,2836.4883170774174,892.79396391,1950.0,0.0,0.0,0.0,0.0,0.0,0.0,0.0,0.0,0.0,5679.282280987418
t6731,1068.81627654,0.0,0.0,0.0,0.0,5216.948457264605,1117.5902439200001,0.0,0.0,0.0,0.0,0.0,0.0,0.0,0.0,0.0,0.0,7403.354977724605
t6732,1220.0,0.0,0.0,0.0,0.0,5876.029108018051,1135.74221392,0.0,0.0,0.0,0.0,0.0,0.0,0.0,0.0,0.0,0.0,8231.771321938051
t6733,300.89731401719183,0.0,0.0,0.0,0.0,6805.361258961084,1050.6671362412562,0.0,0.0,0.0,0.0,0.0,0.0,0.0,0.0,0.0,0.0,8156.925709219532
t6734,1209.5468386999994,0.0,0.0,0.0,0.0,3695.104458086835,926.56495604,1326.857322819999,0.0,0.0,0.0,0.0,0.0,0.0,0.0,0.0,0.0,7158.073575646833
t6735,0.0,120.0,0.0,0.0,0.0,2001.5868132933967,590.34147778,0.0,0.0,0.0,0.0,0.0,0.0,0.0,0.0,0.0,0.0,2711.9282910733964
t6736,0.0,0.0,0.0,0.0,0.0,0.0,5.294522739999419,0.0,0.0,0.0,0.0,0.0,0.0,0.0,0.0,0.0,0.0,5.294522739999419
t6737,0.0,0.0,0.0,0.0,0.0,0.0,0.0,0.0,0.0,0.0,0.0,0.0,0.0,0.0,0.0,0.0,0.0,0.0
t6738,0.0,0.0,0.0,0.0,0.0,0.0,0.0,0.0,0.0,0.0,0.0,0.0,0.0,0.0,0.0,0.0,0.0,0.0
t6739,0.0,0.0,0.0,0.0,0.0,0.0,0.0,0.0,0.0,0.0,0.0,0.0,0.0,0.0,0.0,0.0,0.0,0.0
t6740,0.0,0.0,0.0,0.0,0.0,0.0,0.0,0.0,0.0,0.0,0.0,0.0,0.0,0.0,0.0,0.0,0.0,0.0
t6741,0.0,0.0,0.0,0.0,0.0,0.0,0.0,0.0,0.0,0.0,0.0,0.0,0.0,0.0,0.0,0.0,0.0,0.0
t6742,0.0,0.0,0.0,0.0,0.0,0.0,0.0,0.0,0.0,0.0,0.0,0.0,0.0,0.0,0.0,0.0,0.0,0.0
t6743,0.0,0.0,0.0,0.0,0.0,0.0,0.0,0.0,0.0,0.0,0.0,0.0,0.0,0.0,0.0,0.0,0.0,0.0
t6744,0.0,0.0,0.0,0.0,0.0,0.0,0.0,0.0,0.0,0.0,0.0,0.0,0.0,0.0,0.0,0.0,0.0,0.0
t6745,0.0,0.0,0.0,0.0,0.0,0.0,0.0,0.0,0.0,0.0,0.0,0.0,0.0,0.0,0.0,0.0,0.0,0.0
t6746,0.0,0.0,0.0,0.0,0.0,0.0,0.0,0.0,0.0,0.0,0.0,0.0,0.0,0.0,0.0,0.0,0.0,0.0
t6747,0.0,0.0,0.0,0.0,0.0,0.0,0.0,0.0,0.0,0.0,0.0,0.0,0.0,0.0,0.0,0.0,0.0,0.0
t6748,0.0,0.0,0.0,0.0,0.0,0.0,0.0,0.0,0.0,0.0,0.0,0.0,0.0,0.0,0.0,0.0,0.0,0.0
t6749,0.0,0.0,0.0,0.0,0.0,0.0,0.0,0.0,0.0,0.0,0.0,0.0,0.0,0.0,0.0,0.0,0.0,0.0
t6750,0.0,0.0,0.0,0.0,0.0,0.0,0.0,0.0,0.0,0.0,0.0,0.0,0.0,0.0,0.0,0.0,0.0,0.0
t6751,0.0,0.0,0.0,0.0,0.0,0.0,0.0,0.0,0.0,0.0,0.0,0.0,0.0,0.0,0.0,0.0,0.0,0.0
t6752,669.4733844188077,0.0,0.0,0.0,0.0,0.0,325.3808879012555,0.0,0.0,0.0,0.0,0.0,0.0,0.0,0.0,0.0,0.0,994.8542723200632
t6753,0.0,0.0,0.0,0.0,0.0,0.0,837.2994788600004,1398.48748206189,0.0,0.0,0.0,0.0,0.0,0.0,0.0,0.0,0.0,2235.7869609218906
t6754,1020.36176694,120.0,0.0,0.0,0.0,0.0,983.8636122100004,1064.2283968892198,0.0,0.0,0.0,0.0,0.0,0.0,0.0,0.0,0.0,3188.4537760392204
t6755,0.0,0.0,0.0,0.0,0.0,2235.672732667844,1141.6102125600003,1305.7142345800005,0.0,0.0,0.0,0.0,0.0,0.0,0.0,0.0,0.0,4682.997179807844
t6756,1220.0,0.0,0.0,0.0,0.0,2494.3429584787514,868.9760366399998,0.0,0.0,0.0,0.0,0.0,0.0,0.0,0.0,0.0,0.0,4583.318995118751
t6757,1220.0,0.0,0.0,0.0,0.0,367.19914213850814,1176.8858744100003,477.29210517000075,0.0,0.0,0.0,0.0,0.0,0.0,0.0,0.0,0.0,3241.3771217185094
t6758,477.44133078528023,0.0,0.0,0.0,0.0,1371.5479259950753,1024.67396402,0.0,0.0,0.0,0.0,0.0,0.0,0.0,0.0,0.0,0.0,2873.6632208003557
t6759,536.6967944931015,0.0,0.0,0.0,0.0,0.0,345.34067918,0.0,0.0,0.0,0.0,0.0,0.0,0.0,0.0,0.0,0.0,882.0374736731014
t6760,0.0,0.0,0.0,0.0,0.0,0.0,0.0,30.233247247338447,0.0,0.0,0.0,0.0,0.0,0.0,0.0,0.0,0.0,30.233247247338447
t6761,0.0,0.0,0.0,0.0,0.0,0.0,0.0,0.0,0.0,0.0,0.0,0.0,0.0,0.0,0.0,0.0,0.0,0.0
t6762,0.0,0.0,0.0,0.0,0.0,0.0,0.0,0.0,0.0,0.0,0.0,0.0,0.0,0.0,0.0,0.0,0.0,0.0
t6763,0.0,0.0,0.0,0.0,0.0,0.0,0.0,0.0,0.0,0.0,0.0,0.0,0.0,0.0,0.0,0.0,0.0,0.0
t6764,0.0,0.0,0.0,0.0,0.0,0.0,0.0,0.0,0.0,0.0,0.0,0.0,0.0,0.0,0.0,0.0,0.0,0.0
t6765,0.0,0.0,0.0,0.0,0.0,0.0,0.0,0.0,0.0,0.0,0.0,0.0,0.0,0.0,0.0,0.0,0.0,0.0
t6766,0.0,0.0,0.0,0.0,0.0,0.0,0.0,0.0,0.0,0.0,0.0,0.0,0.0,0.0,0.0,0.0,0.0,0.0
t6767,0.0,0.0,0.0,0.0,0.0,0.0,0.0,0.0,0.0,0.0,0.0,0.0,0.0,0.0,0.0,0.0,0.0,0.0
t6768,0.0,0.0,0.0,0.0,0.0,0.0,0.0,0.0,0.0,0.0,0.0,0.0,0.0,0.0,0.0,0.0,0.0,0.0
t6769,0.0,0.0,0.0,0.0,0.0,0.0,0.0,0.0,0.0,0.0,0.0,0.0,0.0,0.0,0.0,0.0,0.0,0.0
t6770,0.0,0.0,0.0,0.0,0.0,0.0,0.0,0.0,0.0,0.0,0.0,0.0,0.0,0.0,0.0,0.0,0.0,0.0
t6771,0.0,0.0,0.0,0.0,0.0,0.0,0.0,0.0,0.0,0.0,0.0,0.0,0.0,0.0,0.0,0.0,0.0,0.0
t6772,0.0,0.0,0.0,0.0,0.0,0.0,0.0,0.0,0.0,0.0,0.0,0.0,0.0,0.0,0.0,0.0,0.0,0.0
t6773,0.0,0.0,0.0,0.0,0.0,0.0,0.0,0.0,0.0,0.0,0.0,0.0,0.0,0.0,0.0,0.0,0.0,0.0
t6774,0.0,0.0,0.0,0.0,0.0,0.0,0.0,0.0,0.0,0.0,0.0,0.0,0.0,0.0,0.0,0.0,0.0,0.0
t6775,0.0,0.0,0.0,0.0,0.0,0.0,0.0,0.0,0.0,0.0,0.0,0.0,0.0,0.0,0.0,0.0,0.0,0.0
t6776,0.0,120.0,0.0,0.0,0.0,0.0,314.50042207999985,1950.0,0.0,0.0,0.0,0.0,0.0,0.0,0.0,0.0,0.0,2384.5004220799997
t6777,0.0,0.0,0.0,0.0,0.0,2959.30145429592,734.5324679312564,0.0,0.0,0.0,0.0,0.0,0.0,0.0,0.0,0.0,0.0,3693.833922227176
t6778,870.4008412600002,120.0,0.0,0.0,0.0,0.0,1034.1302954,496.7032020376614,0.0,0.0,0.0,0.0,0.0,0.0,0.0,0.0,0.0,2521.2343386976618
t6779,0.0,0.0,0.0,0.0,0.0,2326.2998294336985,1251.9713588900001,455.85928358000126,0.0,0.0,0.0,0.0,0.0,0.0,0.0,0.0,0.0,4034.1304719037003
t6780,1220.0,0.0,0.0,0.0,0.0,1439.6565014260507,890.1645337100001,36.231996779999555,0.0,0.0,0.0,0.0,0.0,0.0,0.0,0.0,0.0,3586.05303191605
t6781,793.4263038074907,0.0,0.0,0.0,0.0,448.5960549835481,1131.5136036800002,0.0,0.0,0.0,0.0,0.0,0.0,0.0,0.0,0.0,0.0,2373.535962471039
t6782,1220.0,62.99392432408506,0.0,0.0,0.0,1827.657927929678,586.3912793099998,0.0,0.0,0.0,0.0,0.0,0.0,0.0,0.0,0.0,0.0,3697.043131563763
t6783,1040.1461315696993,120.0,0.0,0.0,0.0,0.0,760.8267847800001,0.0,0.0,0.0,0.0,0.0,0.0,0.0,0.0,0.0,0.0,1920.9729163496995
t6784,0.0,0.0,0.0,0.0,0.0,0.0,0.0,377.58009596137236,0.0,0.0,0.0,0.0,0.0,0.0,0.0,0.0,0.0,377.58009596137236
t6785,0.0,0.0,0.0,0.0,0.0,0.0,0.0,0.0,0.0,0.0,0.0,0.0,0.0,0.0,0.0,0.0,0.0,0.0
t6786,0.0,0.0,0.0,0.0,0.0,0.0,0.0,0.0,0.0,0.0,0.0,0.0,0.0,0.0,0.0,0.0,0.0,0.0
t6787,0.0,0.0,0.0,0.0,0.0,0.0,0.0,0.0,0.0,0.0,0.0,0.0,0.0,0.0,0.0,0.0,0.0,0.0
t6788,0.0,0.0,0.0,0.0,0.0,0.0,0.0,0.0,0.0,0.0,0.0,0.0,0.0,0.0,0.0,0.0,0.0,0.0
t6789,0.0,0.0,0.0,0.0,0.0,0.0,0.0,0.0,0.0,0.0,0.0,0.0,0.0,0.0,0.0,0.0,0.0,0.0
t6790,0.0,0.0,0.0,0.0,0.0,0.0,0.0,0.0,0.0,0.0,0.0,0.0,0.0,0.0,0.0,0.0,0.0,0.0
t6791,0.0,0.0,0.0,0.0,0.0,0.0,0.0,0.0,0.0,0.0,0.0,0.0,0.0,0.0,0.0,0.0,0.0,0.0
t6792,0.0,0.0,0.0,0.0,0.0,0.0,0.0,0.0,0.0,0.0,0.0,0.0,0.0,0.0,0.0,0.0,0.0,0.0
t6793,0.0,0.0,0.0,0.0,0.0,0.0,0.0,0.0,0.0,0.0,0.0,0.0,0.0,0.0,0.0,0.0,0.0,0.0
t6794,0.0,0.0,0.0,0.0,0.0,0.0,0.0,0.0,0.0,0.0,0.0,0.0,0.0,0.0,0.0,0.0,0.0,0.0
t6795,0.0,0.0,0.0,0.0,0.0,0.0,0.0,0.0,0.0,0.0,0.0,0.0,0.0,0.0,0.0,0.0,0.0,0.0
t6796,0.0,0.0,0.0,0.0,0.0,0.0,0.0,0.0,0.0,0.0,0.0,0.0,0.0,0.0,0.0,0.0,0.0,0.0
t6797,0.0,0.0,0.0,0.0,0.0,0.0,0.0,0.0,0.0,0.0,0.0,0.0,0.0,0.0,0.0,0.0,0.0,0.0
t6798,0.0,0.0,0.0,0.0,0.0,0.0,0.0,0.0,0.0,0.0,0.0,0.0,0.0,0.0,0.0,0.0,0.0,0.0
t6799,0.0,0.0,0.0,0.0,0.0,0.0,0.0,0.0,0.0,0.0,0.0,0.0,0.0,0.0,0.0,0.0,0.0,0.0
t6800,1220.0,0.0,0.0,0.0,0.0,0.0,408.01147411000005,1950.0,0.0,0.0,0.0,0.0,0.0,0.0,0.0,0.0,0.0,3578.01147411
t6801,1220.0,0.0,0.0,0.0,0.0,1471.8033961578715,730.5919004300001,0.0,0.0,0.0,0.0,0.0,0.0,0.0,0.0,0.0,0.0,3422.3952965878716
t6802,755.8278644999998,120.0,0.0,0.0,0.0,0.0,985.8180050391411,1289.9257053169274,0.0,0.0,0.0,0.0,0.0,0.0,0.0,0.0,0.0,3151.5715748560683
t6803,0.0,0.0,0.0,0.0,0.0,2466.0140385024742,1211.8310352100004,55.68803818000201,0.0,0.0,0.0,0.0,0.0,0.0,0.0,0.0,0.0,3733.533111892477
t6804,1220.0,0.0,0.0,0.0,0.0,1593.9216603386978,875.9166526199997,0.0,0.0,0.0,0.0,0.0,0.0,0.0,0.0,0.0,0.0,3689.8383129586973
t6805,728.1454121371899,0.0,0.0,0.0,0.0,920.0850833167082,901.83232472,0.0,0.0,0.0,0.0,0.0,0.0,0.0,0.0,0.0,0.0,2550.062820173898
t6806,0.0,0.0,0.0,0.0,0.0,0.0,1009.0738635800001,0.0,0.0,0.0,0.0,0.0,0.0,0.0,0.0,0.0,0.0,1009.0738635800001
t6807,0.0,120.0,0.0,0.0,0.0,0.0,580.955490072115,1950.0,0.0,0.0,0.0,0.0,0.0,0.0,0.0,0.0,0.0,2650.955490072115
t6808,0.0,0.0,0.0,0.0,0.0,0.0,0.0,0.0,0.0,0.0,0.0,0.0,0.0,0.0,0.0,0.0,0.0,0.0
t6809,0.0,0.0,0.0,0.0,0.0,0.0,0.0,0.0,0.0,0.0,0.0,0.0,0.0,0.0,0.0,0.0,0.0,0.0
t6810,0.0,0.0,0.0,0.0,0.0,0.0,0.0,0.0,0.0,0.0,0.0,0.0,0.0,0.0,0.0,0.0,0.0,0.0
t6811,0.0,0.0,0.0,0.0,0.0,0.0,0.0,0.0,0.0,0.0,0.0,0.0,0.0,0.0,0.0,0.0,0.0,0.0
t6812,0.0,0.0,0.0,0.0,0.0,0.0,0.0,0.0,0.0,0.0,0.0,0.0,0.0,0.0,0.0,0.0,0.0,0.0
t6813,0.0,0.0,0.0,0.0,0.0,0.0,0.0,0.0,0.0,0.0,0.0,0.0,0.0,0.0,0.0,0.0,0.0,0.0
t6814,0.0,0.0,0.0,0.0,0.0,0.0,0.0,0.0,0.0,0.0,0.0,0.0,0.0,0.0,0.0,0.0,0.0,0.0
t6815,0.0,0.0,0.0,0.0,0.0,0.0,0.0,0.0,0.0,0.0,0.0,0.0,0.0,0.0,0.0,0.0,0.0,0.0
t6816,0.0,0.0,0.0,0.0,0.0,0.0,0.0,0.0,0.0,0.0,0.0,0.0,0.0,0.0,0.0,0.0,0.0,0.0
t6817,0.0,0.0,0.0,0.0,0.0,0.0,0.0,0.0,0.0,0.0,0.0,0.0,0.0,0.0,0.0,0.0,0.0,0.0
t6818,0.0,0.0,0.0,0.0,0.0,0.0,0.0,0.0,0.0,0.0,0.0,0.0,0.0,0.0,0.0,0.0,0.0,0.0
t6819,0.0,0.0,0.0,0.0,0.0,0.0,0.0,0.0,0.0,0.0,0.0,0.0,0.0,0.0,0.0,0.0,0.0,0.0
t6820,0.0,0.0,0.0,0.0,0.0,0.0,0.0,0.0,0.0,0.0,0.0,0.0,0.0,0.0,0.0,0.0,0.0,0.0
t6821,0.0,0.0,0.0,0.0,0.0,0.0,0.0,0.0,0.0,0.0,0.0,0.0,0.0,0.0,0.0,0.0,0.0,0.0
t6822,0.0,0.0,0.0,0.0,0.0,0.0,0.0,0.0,0.0,0.0,0.0,0.0,0.0,0.0,0.0,0.0,0.0,0.0
t6823,0.0,0.0,0.0,0.0,0.0,0.0,0.0,0.0,0.0,0.0,0.0,0.0,0.0,0.0,0.0,0.0,0.0,0.0
t6824,1220.0,120.0,0.0,0.0,0.0,0.0,1442.14097804,1950.0,0.0,0.0,0.0,0.0,0.0,0.0,0.0,0.0,0.0,4732.14097804
t6825,385.31235806000007,0.0,0.0,0.0,0.0,327.03889452739924,806.79416359,0.0,0.0,0.0,0.0,0.0,0.0,0.0,0.0,0.0,0.0,1519.1454161773995
t6826,729.7474488599993,0.0,0.0,0.0,0.0,0.0,908.2508620700005,973.5568323865044,0.0,0.0,0.0,0.0,0.0,0.0,0.0,0.0,0.0,2611.555143316504
t6827,639.6971451771913,0.0,0.0,0.0,0.0,563.9272949568289,1007.5784127400003,686.5878937800012,0.0,0.0,0.0,0.0,0.0,0.0,0.0,0.0,0.0,2897.7907466540214
t6828,949.2163245399994,0.0,0.0,0.0,0.0,144.32748852118442,976.6953767299999,1816.9797385404954,0.0,0.0,0.0,0.0,0.0,0.0,0.0,0.0,0.0,3887.2189283316793
t6829,1220.0,0.0,0.0,0.0,0.0,520.0116428684609,938.0168769812559,0.0,0.0,0.0,0.0,0.0,0.0,0.0,0.0,0.0,0.0,2678.0285198497168
t6830,0.0,120.0,0.0,0.0,0.0,0.0,624.5540756300003,0.0,0.0,0.0,0.0,0.0,0.0,0.0,0.0,0.0,0.0,744.5540756300003
t6831,0.0,0.0,0.0,0.0,0.0,0.0,0.0,0.0,0.0,0.0,0.0,0.0,0.0,0.0,0.0,0.0,0.0,0.0
t6832,0.0,0.0,0.0,0.0,0.0,0.0,0.0,0.0,0.0,0.0,0.0,0.0,0.0,0.0,0.0,0.0,0.0,0.0
t6833,0.0,0.0,0.0,0.0,0.0,0.0,0.0,0.0,0.0,0.0,0.0,0.0,0.0,0.0,0.0,0.0,0.0,0.0
t6834,0.0,0.0,0.0,0.0,0.0,0.0,0.0,0.0,0.0,0.0,0.0,0.0,0.0,0.0,0.0,0.0,0.0,0.0
t6835,0.0,0.0,0.0,0.0,0.0,0.0,0.0,0.0,0.0,0.0,0.0,0.0,0.0,0.0,0.0,0.0,0.0,0.0
t6836,0.0,0.0,0.0,0.0,0.0,0.0,0.0,0.0,0.0,0.0,0.0,0.0,0.0,0.0,0.0,0.0,0.0,0.0
t6837,0.0,0.0,0.0,0.0,0.0,0.0,0.0,0.0,0.0,0.0,0.0,0.0,0.0,0.0,0.0,0.0,0.0,0.0
t6838,0.0,0.0,0.0,0.0,0.0,0.0,0.0,0.0,0.0,0.0,0.0,0.0,0.0,0.0,0.0,0.0,0.0,0.0
t6839,0.0,0.0,0.0,0.0,0.0,0.0,0.0,0.0,0.0,0.0,0.0,0.0,0.0,0.0,0.0,0.0,0.0,0.0
t6840,0.0,0.0,0.0,0.0,0.0,0.0,0.0,0.0,0.0,0.0,0.0,0.0,0.0,0.0,0.0,0.0,0.0,0.0
t6841,0.0,0.0,0.0,0.0,0.0,0.0,0.0,0.0,0.0,0.0,0.0,0.0,0.0,0.0,0.0,0.0,0.0,0.0
t6842,0.0,0.0,0.0,0.0,0.0,0.0,0.0,0.0,0.0,0.0,0.0,0.0,0.0,0.0,0.0,0.0,0.0,0.0
t6843,0.0,0.0,0.0,0.0,0.0,0.0,0.0,0.0,0.0,0.0,0.0,0.0,0.0,0.0,0.0,0.0,0.0,0.0
t6844,0.0,0.0,0.0,0.0,0.0,0.0,0.0,0.0,0.0,0.0,0.0,0.0,0.0,0.0,0.0,0.0,0.0,0.0
t6845,0.0,0.0,0.0,0.0,0.0,0.0,0.0,0.0,0.0,0.0,0.0,0.0,0.0,0.0,0.0,0.0,0.0,0.0
t6846,0.0,0.0,0.0,0.0,0.0,0.0,0.0,0.0,0.0,0.0,0.0,0.0,0.0,0.0,0.0,0.0,0.0,0.0
t6847,0.0,0.0,0.0,0.0,0.0,0.0,0.0,0.0,0.0,0.0,0.0,0.0,0.0,0.0,0.0,0.0,0.0,0.0
t6848,1220.0,120.0,0.0,0.0,0.0,2400.469970432538,749.9809225799999,0.0,0.0,0.0,0.0,0.0,0.0,0.0,0.0,0.0,0.0,4490.450893012538
t6849,0.0,0.0,0.0,0.0,0.0,2434.7893119510645,806.6953215599999,1950.0,0.0,0.0,0.0,0.0,0.0,0.0,0.0,0.0,0.0,5191.484633511064
t6850,1011.6294085371902,0.0,0.0,0.0,0.0,4537.870792871396,1191.1679879112564,1950.0,0.0,0.0,0.0,0.0,0.0,0.0,0.0,0.0,0.0,8690.668189319842
t6851,1220.0,0.0,0.0,0.0,0.0,6345.227755805142,1061.12704695,0.0,0.0,0.0,0.0,0.0,0.0,0.0,0.0,0.0,0.0,8626.354802755142
t6852,0.0,120.0,0.0,0.0,0.0,6561.415074470886,961.02827086,0.0,0.0,0.0,0.0,0.0,0.0,0.0,0.0,0.0,0.0,7642.443345330886
t6853,0.0,0.0,0.0,0.0,0.0,5505.597617616722,847.7468721899999,0.0,0.0,0.0,0.0,0.0,0.0,0.0,0.0,0.0,0.0,6353.344489806722
t6854,472.3438681000002,0.0,0.0,0.0,0.0,938.0203654776886,678.2161710800003,0.0,0.0,0.0,0.0,0.0,0.0,0.0,0.0,0.0,0.0,2088.580404657689
t6855,1220.0,117.67754218004873,0.0,0.0,0.0,414.746544955705,408.06815264999983,25.446029780000103,0.0,0.0,0.0,0.0,0.0,0.0,0.0,0.0,0.0,2185.9382695657537
t6856,0.0,0.0,0.0,0.0,0.0,0.0,0.0,0.0,0.0,0.0,0.0,0.0,0.0,0.0,0.0,0.0,0.0,0.0
t6857,0.0,0.0,0.0,0.0,0.0,0.0,0.0,0.0,0.0,0.0,0.0,0.0,0.0,0.0,0.0,0.0,0.0,0.0
t6858,0.0,0.0,0.0,0.0,0.0,0.0,0.0,0.0,0.0,0.0,0.0,0.0,0.0,0.0,0.0,0.0,0.0,0.0
t6859,0.0,0.0,0.0,0.0,0.0,0.0,0.0,0.0,0.0,0.0,0.0,0.0,0.0,0.0,0.0,0.0,0.0,0.0
t6860,0.0,0.0,0.0,0.0,0.0,0.0,0.0,0.0,0.0,0.0,0.0,0.0,0.0,0.0,0.0,0.0,0.0,0.0
t6861,0.0,0.0,0.0,0.0,0.0,0.0,0.0,0.0,0.0,0.0,0.0,0.0,0.0,0.0,0.0,0.0,0.0,0.0
t6862,0.0,0.0,0.0,0.0,0.0,0.0,0.0,0.0,0.0,0.0,0.0,0.0,0.0,0.0,0.0,0.0,0.0,0.0
t6863,0.0,0.0,0.0,0.0,0.0,0.0,0.0,0.0,0.0,0.0,0.0,0.0,0.0,0.0,0.0,0.0,0.0,0.0
t6864,0.0,0.0,0.0,0.0,0.0,0.0,0.0,0.0,0.0,0.0,0.0,0.0,0.0,0.0,0.0,0.0,0.0,0.0
t6865,0.0,0.0,0.0,0.0,0.0,0.0,0.0,0.0,0.0,0.0,0.0,0.0,0.0,0.0,0.0,0.0,0.0,0.0
t6866,0.0,0.0,0.0,0.0,0.0,0.0,0.0,0.0,0.0,0.0,0.0,0.0,0.0,0.0,0.0,0.0,0.0,0.0
t6867,0.0,0.0,0.0,0.0,0.0,0.0,0.0,0.0,0.0,0.0,0.0,0.0,0.0,0.0,0.0,0.0,0.0,0.0
t6868,0.0,0.0,0.0,0.0,0.0,0.0,0.0,0.0,0.0,0.0,0.0,0.0,0.0,0.0,0.0,0.0,0.0,0.0
t6869,0.0,0.0,0.0,0.0,0.0,0.0,0.0,0.0,0.0,0.0,0.0,0.0,0.0,0.0,0.0,0.0,0.0,0.0
t6870,0.0,0.0,0.0,0.0,0.0,0.0,0.0,0.0,0.0,0.0,0.0,0.0,0.0,0.0,0.0,0.0,0.0,0.0
t6871,0.0,0.0,0.0,0.0,0.0,0.0,0.0,0.0,0.0,0.0,0.0,0.0,0.0,0.0,0.0,0.0,0.0,0.0
t6872,0.0,120.0,0.0,0.0,0.0,2167.971989714723,405.8441716999999,1950.0,0.0,0.0,0.0,0.0,0.0,0.0,0.0,0.0,0.0,4643.816161414723
t6873,545.4695767799999,25.96458458726457,0.0,0.0,0.0,3045.654577004251,1148.2589098400001,1950.0,0.0,0.0,0.0,0.0,0.0,0.0,0.0,0.0,0.0,6715.347648211516
t6874,0.0,120.0,0.0,0.0,0.0,5320.726323511389,1186.5308245212575,1765.1389607799997,0.0,0.0,0.0,0.0,0.0,0.0,0.0,0.0,0.0,8392.396108812645
t6875,1220.0,0.0,0.0,0.0,0.0,7153.8332746158,1305.7807290100004,1278.3088098200005,0.0,0.0,0.0,0.0,0.0,0.0,0.0,0.0,0.0,10957.922813445803
t6876,1220.0,0.0,0.0,0.0,0.0,7491.994302178903,799.8548328499998,402.7385007800006,0.0,0.0,0.0,0.0,0.0,0.0,0.0,0.0,0.0,9914.587635808904
t6877,1220.0,120.0,0.0,0.0,0.0,5731.428654041076,754.43028763,0.0,0.0,0.0,0.0,0.0,0.0,0.0,0.0,0.0,0.0,7825.858941671076
t6878,938.5036998571902,120.0,0.0,0.0,0.0,3968.86985097941,580.7537055699999,0.0,0.0,0.0,0.0,0.0,0.0,0.0,0.0,0.0,0.0,5608.127256406599
t6879,0.0,0.0,0.0,0.0,0.0,1591.1348336197748,522.5772846599999,0.0,0.0,0.0,0.0,0.0,0.0,0.0,0.0,0.0,0.0,2113.7121182797746
t6880,0.0,0.0,0.0,0.0,0.0,0.0,0.0,0.0,0.0,0.0,0.0,0.0,0.0,0.0,0.0,0.0,0.0,0.0
t6881,0.0,0.0,0.0,0.0,0.0,0.0,0.0,0.0,0.0,0.0,0.0,0.0,0.0,0.0,0.0,0.0,0.0,0.0
t6882,0.0,0.0,0.0,0.0,0.0,0.0,0.0,0.0,0.0,0.0,0.0,0.0,0.0,0.0,0.0,0.0,0.0,0.0
t6883,0.0,0.0,0.0,0.0,0.0,0.0,0.0,0.0,0.0,0.0,0.0,0.0,0.0,0.0,0.0,0.0,0.0,0.0
t6884,0.0,0.0,0.0,0.0,0.0,0.0,0.0,0.0,0.0,0.0,0.0,0.0,0.0,0.0,0.0,0.0,0.0,0.0
t6885,0.0,0.0,0.0,0.0,0.0,0.0,0.0,0.0,0.0,0.0,0.0,0.0,0.0,0.0,0.0,0.0,0.0,0.0
t6886,0.0,0.0,0.0,0.0,0.0,0.0,0.0,0.0,0.0,0.0,0.0,0.0,0.0,0.0,0.0,0.0,0.0,0.0
t6887,0.0,0.0,0.0,0.0,0.0,0.0,0.0,0.0,0.0,0.0,0.0,0.0,0.0,0.0,0.0,0.0,0.0,0.0
t6888,0.0,0.0,0.0,0.0,0.0,0.0,0.0,0.0,0.0,0.0,0.0,0.0,0.0,0.0,0.0,0.0,0.0,0.0
t6889,0.0,0.0,0.0,0.0,0.0,0.0,0.0,0.0,0.0,0.0,0.0,0.0,0.0,0.0,0.0,0.0,0.0,0.0
t6890,0.0,0.0,0.0,0.0,0.0,0.0,0.0,0.0,0.0,0.0,0.0,0.0,0.0,0.0,0.0,0.0,0.0,0.0
t6891,0.0,0.0,0.0,0.0,0.0,0.0,0.0,0.0,0.0,0.0,0.0,0.0,0.0,0.0,0.0,0.0,0.0,0.0
t6892,0.0,0.0,0.0,0.0,0.0,0.0,0.0,0.0,0.0,0.0,0.0,0.0,0.0,0.0,0.0,0.0,0.0,0.0
t6893,0.0,0.0,0.0,0.0,0.0,0.0,0.0,0.0,0.0,0.0,0.0,0.0,0.0,0.0,0.0,0.0,0.0,0.0
t6894,0.0,0.0,0.0,0.0,0.0,0.0,0.0,0.0,0.0,0.0,0.0,0.0,0.0,0.0,0.0,0.0,0.0,0.0
t6895,0.0,0.0,0.0,0.0,0.0,0.0,0.0,0.0,0.0,0.0,0.0,0.0,0.0,0.0,0.0,0.0,0.0,0.0
t6896,552.6192766200003,120.0,0.0,0.0,0.0,3396.9173213631802,312.19816528000035,1950.0,0.0,0.0,0.0,0.0,0.0,0.0,0.0,0.0,0.0,6331.734763263181
t6897,931.35400001719,120.0,0.0,0.0,0.0,2455.273259576485,1586.605387561256,1950.0,0.0,0.0,0.0,0.0,0.0,0.0,0.0,0.0,0.0,7043.232647154931
t6898,1220.0,120.0,0.0,0.0,0.0,8519.773979298023,910.64258643,0.0,0.0,0.0,0.0,0.0,0.0,0.0,0.0,0.0,0.0,10770.416565728023
t6899,0.0,0.0,0.0,0.0,0.0,8450.276642053843,1032.0155738899996,0.0,0.0,0.0,0.0,0.0,0.0,0.0,0.0,0.0,0.0,9482.292215943842
t6900,1220.0,0.0,0.0,0.0,0.0,4910.5365574481675,1078.2016626099999,1950.0,0.0,0.0,0.0,0.0,0.0,0.0,0.0,0.0,0.0,9158.738220058167
t6901,1220.0,0.0,0.0,0.0,0.0,4378.151083470849,922.7653101300002,0.0,0.0,0.0,0.0,0.0,0.0,0.0,0.0,0.0,0.0,6520.916393600849
t6902,0.0,25.964584587264614,0.0,0.0,0.0,3986.8649900792425,683.9184437100001,421.9244995430499,0.0,0.0,0.0,0.0,0.0,0.0,0.0,0.0,0.0,5118.672517919557
t6903,0.0,120.0,0.0,0.0,0.0,373.81997237554066,177.68361616999994,1950.0,0.0,0.0,0.0,0.0,0.0,0.0,0.0,0.0,0.0,2621.503588545541
t6904,0.0,0.0,0.0,0.0,0.0,0.0,0.0,0.0,0.0,0.0,0.0,0.0,0.0,0.0,0.0,0.0,0.0,0.0
t6905,0.0,0.0,0.0,0.0,0.0,0.0,0.0,0.0,0.0,0.0,0.0,0.0,0.0,0.0,0.0,0.0,0.0,0.0
t6906,0.0,0.0,0.0,0.0,0.0,0.0,0.0,0.0,0.0,0.0,0.0,0.0,0.0,0.0,0.0,0.0,0.0,0.0
t6907,0.0,0.0,0.0,0.0,0.0,0.0,0.0,0.0,0.0,0.0,0.0,0.0,0.0,0.0,0.0,0.0,0.0,0.0
t6908,0.0,0.0,0.0,0.0,0.0,0.0,0.0,0.0,0.0,0.0,0.0,0.0,0.0,0.0,0.0,0.0,0.0,0.0
t6909,0.0,0.0,0.0,0.0,0.0,0.0,0.0,0.0,0.0,0.0,0.0,0.0,0.0,0.0,0.0,0.0,0.0,0.0
t6910,0.0,0.0,0.0,0.0,0.0,0.0,0.0,0.0,0.0,0.0,0.0,0.0,0.0,0.0,0.0,0.0,0.0,0.0
t6911,0.0,0.0,0.0,0.0,0.0,0.0,0.0,0.0,0.0,0.0,0.0,0.0,0.0,0.0,0.0,0.0,0.0,0.0
t6912,0.0,0.0,0.0,0.0,0.0,0.0,0.0,0.0,0.0,0.0,0.0,0.0,0.0,0.0,0.0,0.0,0.0,0.0
t6913,0.0,0.0,0.0,0.0,0.0,0.0,0.0,0.0,0.0,0.0,0.0,0.0,0.0,0.0,0.0,0.0,0.0,0.0
t6914,0.0,0.0,0.0,0.0,0.0,0.0,0.0,0.0,0.0,0.0,0.0,0.0,0.0,0.0,0.0,0.0,0.0,0.0
t6915,0.0,0.0,0.0,0.0,0.0,0.0,0.0,0.0,0.0,0.0,0.0,0.0,0.0,0.0,0.0,0.0,0.0,0.0
t6916,0.0,0.0,0.0,0.0,0.0,0.0,0.0,0.0,0.0,0.0,0.0,0.0,0.0,0.0,0.0,0.0,0.0,0.0
t6917,0.0,0.0,0.0,0.0,0.0,0.0,0.0,0.0,0.0,0.0,0.0,0.0,0.0,0.0,0.0,0.0,0.0,0.0
t6918,0.0,0.0,0.0,0.0,0.0,0.0,0.0,0.0,0.0,0.0,0.0,0.0,0.0,0.0,0.0,0.0,0.0,0.0
t6919,0.0,0.0,0.0,0.0,0.0,0.0,0.0,0.0,0.0,0.0,0.0,0.0,0.0,0.0,0.0,0.0,0.0,0.0
t6920,393.4480035800002,120.0,0.0,0.0,0.0,1307.1435765378835,1162.9001976499999,1950.0,0.0,0.0,0.0,0.0,0.0,0.0,0.0,0.0,0.0,4933.491777767884
t6921,1220.0,120.0,0.0,0.0,0.0,5143.626135286801,1590.0,0.0,0.0,0.0,0.0,0.0,0.0,0.0,0.0,0.0,0.0,8073.626135286801
t6922,0.0,0.0,0.0,0.0,0.0,5526.597798880992,655.0660856400006,0.0,0.0,0.0,0.0,0.0,0.0,0.0,0.0,0.0,0.0,6181.663884520993
t6923,1108.4464970600006,0.0,0.0,0.0,0.0,4084.138502545457,821.3700045599999,1950.0,0.0,0.0,0.0,0.0,0.0,0.0,0.0,0.0,0.0,7963.9550041654575
t6924,834.3794412999998,120.0,0.0,0.0,0.0,4005.403352348976,1590.0,0.0,0.0,0.0,0.0,0.0,0.0,0.0,0.0,0.0,0.0,6549.782793648976
t6925,438.66841865999953,0.0,0.0,0.0,0.0,2888.9077453721848,718.8312374212566,0.0,0.0,0.0,0.0,0.0,0.0,0.0,0.0,0.0,0.0,4046.407401453441
t6926,1149.0309160371903,0.0,0.0,0.0,0.0,55.27822467649823,165.8632205099999,0.0,0.0,0.0,0.0,0.0,0.0,0.0,0.0,0.0,0.0,1370.1723612236883
t6927,0.0,0.0,0.0,0.0,0.0,0.0,0.0,0.0,0.0,0.0,0.0,0.0,0.0,0.0,0.0,0.0,0.0,0.0
t6928,0.0,0.0,0.0,0.0,0.0,0.0,0.0,0.0,0.0,0.0,0.0,0.0,0.0,0.0,0.0,0.0,0.0,0.0
t6929,0.0,0.0,0.0,0.0,0.0,0.0,0.0,0.0,0.0,0.0,0.0,0.0,0.0,0.0,0.0,0.0,0.0,0.0
t6930,0.0,0.0,0.0,0.0,0.0,0.0,0.0,0.0,0.0,0.0,0.0,0.0,0.0,0.0,0.0,0.0,0.0,0.0
t6931,0.0,0.0,0.0,0.0,0.0,0.0,0.0,0.0,0.0,0.0,0.0,0.0,0.0,0.0,0.0,0.0,0.0,0.0
t6932,0.0,0.0,0.0,0.0,0.0,0.0,0.0,0.0,0.0,0.0,0.0,0.0,0.0,0.0,0.0,0.0,0.0,0.0
t6933,0.0,0.0,0.0,0.0,0.0,0.0,0.0,0.0,0.0,0.0,0.0,0.0,0.0,0.0,0.0,0.0,0.0,0.0
t6934,0.0,0.0,0.0,0.0,0.0,0.0,0.0,0.0,0.0,0.0,0.0,0.0,0.0,0.0,0.0,0.0,0.0,0.0
t6935,0.0,0.0,0.0,0.0,0.0,0.0,0.0,0.0,0.0,0.0,0.0,0.0,0.0,0.0,0.0,0.0,0.0,0.0
t6936,0.0,0.0,0.0,0.0,0.0,0.0,0.0,0.0,0.0,0.0,0.0,0.0,0.0,0.0,0.0,0.0,0.0,0.0
t6937,0.0,0.0,0.0,0.0,0.0,0.0,0.0,0.0,0.0,0.0,0.0,0.0,0.0,0.0,0.0,0.0,0.0,0.0
t6938,0.0,0.0,0.0,0.0,0.0,0.0,0.0,0.0,0.0,0.0,0.0,0.0,0.0,0.0,0.0,0.0,0.0,0.0
t6939,0.0,0.0,0.0,0.0,0.0,0.0,0.0,0.0,0.0,0.0,0.0,0.0,0.0,0.0,0.0,0.0,0.0,0.0
t6940,0.0,0.0,0.0,0.0,0.0,0.0,0.0,0.0,0.0,0.0,0.0,0.0,0.0,0.0,0.0,0.0,0.0,0.0
t6941,0.0,0.0,0.0,0.0,0.0,0.0,0.0,0.0,0.0,0.0,0.0,0.0,0.0,0.0,0.0,0.0,0.0,0.0
t6942,0.0,0.0,0.0,0.0,0.0,0.0,0.0,0.0,0.0,0.0,0.0,0.0,0.0,0.0,0.0,0.0,0.0,0.0
t6943,0.0,0.0,0.0,0.0,0.0,0.0,0.0,0.0,0.0,0.0,0.0,0.0,0.0,0.0,0.0,0.0,0.0,0.0
t6944,0.0,120.0,0.0,0.0,0.0,893.9543383652074,1101.3051527700002,1950.0,0.0,0.0,0.0,0.0,0.0,0.0,0.0,0.0,0.0,4065.2594911352076
t6945,1220.0,120.0,0.0,0.0,0.0,4915.69385216121,1590.0,0.0,0.0,0.0,0.0,0.0,0.0,0.0,0.0,0.0,0.0,7845.69385216121
t6946,129.47348295496485,120.0,0.0,0.0,0.0,3265.9438673901527,580.0284749200002,1950.0,0.0,0.0,0.0,0.0,0.0,0.0,0.0,0.0,0.0,6045.4458252651175
t6947,0.0,0.0,0.0,0.0,0.0,6264.996279683323,883.9048023400003,0.0,0.0,0.0,0.0,0.0,0.0,0.0,0.0,0.0,0.0,7148.901082023323
t6948,1220.0,0.0,0.0,0.0,0.0,4104.148942663185,908.0636636699999,0.0,0.0,0.0,0.0,0.0,0.0,0.0,0.0,0.0,0.0,6232.212606333185
t6949,1220.0,0.0,0.0,0.0,0.0,4086.5034997510943,1343.2693025612555,0.0,0.0,0.0,0.0,0.0,0.0,0.0,0.0,0.0,0.0,6649.772802312349
t6950,1220.0,0.0,0.0,0.0,0.0,2069.253808879819,238.24667666000045,0.0,0.0,0.0,0.0,0.0,0.0,0.0,0.0,0.0,0.0,3527.5004855398197
t6951,134.4997936822255,69.8278659625869,0.0,0.0,0.0,0.0,59.212672860000424,0.0,0.0,0.0,0.0,0.0,0.0,0.0,0.0,0.0,0.0,263.5403325048128
t6952,0.0,0.0,0.0,0.0,0.0,0.0,0.0,0.0,0.0,0.0,0.0,0.0,0.0,0.0,0.0,0.0,0.0,0.0
t6953,0.0,0.0,0.0,0.0,0.0,0.0,0.0,0.0,0.0,0.0,0.0,0.0,0.0,0.0,0.0,0.0,0.0,0.0
t6954,0.0,0.0,0.0,0.0,0.0,0.0,0.0,0.0,0.0,0.0,0.0,0.0,0.0,0.0,0.0,0.0,0.0,0.0
t6955,0.0,0.0,0.0,0.0,0.0,0.0,0.0,0.0,0.0,0.0,0.0,0.0,0.0,0.0,0.0,0.0,0.0,0.0
t6956,0.0,0.0,0.0,0.0,0.0,0.0,0.0,0.0,0.0,0.0,0.0,0.0,0.0,0.0,0.0,0.0,0.0,0.0
t6957,0.0,0.0,0.0,0.0,0.0,0.0,0.0,0.0,0.0,0.0,0.0,0.0,0.0,0.0,0.0,0.0,0.0,0.0
t6958,0.0,0.0,0.0,0.0,0.0,0.0,0.0,0.0,0.0,0.0,0.0,0.0,0.0,0.0,0.0,0.0,0.0,0.0
t6959,0.0,0.0,0.0,0.0,0.0,0.0,0.0,0.0,0.0,0.0,0.0,0.0,0.0,0.0,0.0,0.0,0.0,0.0
t6960,0.0,0.0,0.0,0.0,0.0,0.0,0.0,0.0,0.0,0.0,0.0,0.0,0.0,0.0,0.0,0.0,0.0,0.0
t6961,0.0,0.0,0.0,0.0,0.0,0.0,0.0,0.0,0.0,0.0,0.0,0.0,0.0,0.0,0.0,0.0,0.0,0.0
t6962,0.0,0.0,0.0,0.0,0.0,0.0,0.0,0.0,0.0,0.0,0.0,0.0,0.0,0.0,0.0,0.0,0.0,0.0
t6963,0.0,0.0,0.0,0.0,0.0,0.0,0.0,0.0,0.0,0.0,0.0,0.0,0.0,0.0,0.0,0.0,0.0,0.0
t6964,0.0,0.0,0.0,0.0,0.0,0.0,0.0,0.0,0.0,0.0,0.0,0.0,0.0,0.0,0.0,0.0,0.0,0.0
t6965,0.0,0.0,0.0,0.0,0.0,0.0,0.0,0.0,0.0,0.0,0.0,0.0,0.0,0.0,0.0,0.0,0.0,0.0
t6966,0.0,0.0,0.0,0.0,0.0,0.0,0.0,0.0,0.0,0.0,0.0,0.0,0.0,0.0,0.0,0.0,0.0,0.0
t6967,0.0,0.0,0.0,0.0,0.0,0.0,0.0,0.0,0.0,0.0,0.0,0.0,0.0,0.0,0.0,0.0,0.0,0.0
t6968,0.0,0.0,0.0,0.0,0.0,0.0,0.0,0.0,0.0,0.0,0.0,0.0,0.0,0.0,0.0,0.0,0.0,0.0
t6969,0.0,0.0,0.0,0.0,0.0,0.0,0.0,0.0,0.0,0.0,0.0,0.0,0.0,0.0,0.0,0.0,0.0,0.0
t6970,1220.0,0.0,0.0,0.0,0.0,0.0,1590.0,1470.0834737767766,0.0,0.0,0.0,0.0,0.0,0.0,0.0,0.0,0.0,4280.083473776776
t6971,1220.0,120.0,0.0,0.0,0.0,4122.820370069298,1393.5165752100002,0.0,0.0,0.0,0.0,0.0,0.0,0.0,0.0,0.0,0.0,6856.336945279299
t6972,1220.0,120.0,0.0,0.0,0.0,4839.018398956374,1590.0,0.0,0.0,0.0,0.0,0.0,0.0,0.0,0.0,0.0,0.0,7769.018398956374
t6973,1173.0894617399997,120.0,0.0,0.0,0.0,0.0,1590.0,1029.32380114318,0.0,0.0,0.0,0.0,0.0,0.0,0.0,0.0,0.0,3912.41326288318
t6974,0.0,0.0,0.0,0.0,0.0,0.0,0.0,0.0,0.0,0.0,0.0,0.0,0.0,0.0,0.0,0.0,0.0,0.0
t6975,0.0,0.0,0.0,0.0,0.0,0.0,0.0,0.0,0.0,0.0,0.0,0.0,0.0,0.0,0.0,0.0,0.0,0.0
t6976,0.0,0.0,0.0,0.0,0.0,0.0,0.0,0.0,0.0,0.0,0.0,0.0,0.0,0.0,0.0,0.0,0.0,0.0
t6977,0.0,0.0,0.0,0.0,0.0,0.0,0.0,0.0,0.0,0.0,0.0,0.0,0.0,0.0,0.0,0.0,0.0,0.0
t6978,0.0,0.0,0.0,0.0,0.0,0.0,0.0,0.0,0.0,0.0,0.0,0.0,0.0,0.0,0.0,0.0,0.0,0.0
t6979,0.0,0.0,0.0,0.0,0.0,0.0,0.0,0.0,0.0,0.0,0.0,0.0,0.0,0.0,0.0,0.0,0.0,0.0
t6980,0.0,0.0,0.0,0.0,0.0,0.0,0.0,0.0,0.0,0.0,0.0,0.0,0.0,0.0,0.0,0.0,0.0,0.0
t6981,0.0,0.0,0.0,0.0,0.0,0.0,0.0,0.0,0.0,0.0,0.0,0.0,0.0,0.0,0.0,0.0,0.0,0.0
t6982,0.0,0.0,0.0,0.0,0.0,0.0,0.0,0.0,0.0,0.0,0.0,0.0,0.0,0.0,0.0,0.0,0.0,0.0
t6983,0.0,0.0,0.0,0.0,0.0,0.0,0.0,0.0,0.0,0.0,0.0,0.0,0.0,0.0,0.0,0.0,0.0,0.0
t6984,0.0,0.0,0.0,0.0,0.0,0.0,0.0,0.0,0.0,0.0,0.0,0.0,0.0,0.0,0.0,0.0,0.0,0.0
t6985,0.0,0.0,0.0,0.0,0.0,0.0,0.0,0.0,0.0,0.0,0.0,0.0,0.0,0.0,0.0,0.0,0.0,0.0
t6986,0.0,0.0,0.0,0.0,0.0,0.0,0.0,0.0,0.0,0.0,0.0,0.0,0.0,0.0,0.0,0.0,0.0,0.0
t6987,0.0,0.0,0.0,0.0,0.0,0.0,0.0,0.0,0.0,0.0,0.0,0.0,0.0,0.0,0.0,0.0,0.0,0.0
t6988,0.0,0.0,0.0,0.0,0.0,0.0,0.0,0.0,0.0,0.0,0.0,0.0,0.0,0.0,0.0,0.0,0.0,0.0
t6989,0.0,0.0,0.0,0.0,0.0,0.0,0.0,0.0,0.0,0.0,0.0,0.0,0.0,0.0,0.0,0.0,0.0,0.0
t6990,0.0,0.0,0.0,0.0,0.0,0.0,0.0,0.0,0.0,0.0,0.0,0.0,0.0,0.0,0.0,0.0,0.0,0.0
t6991,0.0,0.0,0.0,0.0,0.0,0.0,0.0,0.0,0.0,0.0,0.0,0.0,0.0,0.0,0.0,0.0,0.0,0.0
t6992,936.2064472491971,120.0,0.0,0.0,0.0,0.0,0.0,0.0,0.0,0.0,0.0,0.0,0.0,0.0,0.0,0.0,0.0,1056.206447249197
t6993,457.9919978079929,0.0,0.0,0.0,0.0,3250.6804093219243,1388.3101255912566,0.0,0.0,0.0,0.0,0.0,0.0,0.0,0.0,0.0,0.0,5096.982532721174
t6994,0.0,0.0,0.0,0.0,0.0,4605.573162798233,582.0306951399998,1950.0,0.0,0.0,0.0,0.0,0.0,0.0,0.0,0.0,0.0,7137.603857938233
t6995,0.0,0.0,0.0,0.0,0.0,6710.432978523464,1590.0,0.0,0.0,0.0,0.0,0.0,0.0,0.0,0.0,0.0,0.0,8300.432978523464
t6996,1220.0,0.0,0.0,0.0,0.0,5740.518344302109,690.5400608300001,0.0,0.0,0.0,0.0,0.0,0.0,0.0,0.0,0.0,0.0,7651.058405132109
t6997,1220.0,0.0,0.0,0.0,0.0,4183.821268150962,1590.0,0.0,0.0,0.0,0.0,0.0,0.0,0.0,0.0,0.0,0.0,6993.821268150962
t6998,89.7748315800003,0.0,0.0,0.0,0.0,3562.871158380567,673.0313606100002,1950.0,0.0,0.0,0.0,0.0,0.0,0.0,0.0,0.0,0.0,6275.677350570568
t6999,1220.0,120.0,0.0,0.0,0.0,1679.2808855721748,190.11850361000015,0.0,0.0,0.0,0.0,0.0,0.0,0.0,0.0,0.0,0.0,3209.399389182175
t7000,0.0,0.0,0.0,0.0,0.0,0.0,0.0,0.0,0.0,0.0,0.0,0.0,0.0,0.0,0.0,0.0,0.0,0.0
t7001,0.0,0.0,0.0,0.0,0.0,0.0,0.0,0.0,0.0,0.0,0.0,0.0,0.0,0.0,0.0,0.0,0.0,0.0
t7002,0.0,0.0,0.0,0.0,0.0,0.0,0.0,0.0,0.0,0.0,0.0,0.0,0.0,0.0,0.0,0.0,0.0,0.0
t7003,0.0,0.0,0.0,0.0,0.0,0.0,0.0,0.0,0.0,0.0,0.0,0.0,0.0,0.0,0.0,0.0,0.0,0.0
t7004,0.0,0.0,0.0,0.0,0.0,0.0,0.0,0.0,0.0,0.0,0.0,0.0,0.0,0.0,0.0,0.0,0.0,0.0
t7005,0.0,0.0,0.0,0.0,0.0,0.0,0.0,0.0,0.0,0.0,0.0,0.0,0.0,0.0,0.0,0.0,0.0,0.0
t7006,0.0,0.0,0.0,0.0,0.0,0.0,0.0,0.0,0.0,0.0,0.0,0.0,0.0,0.0,0.0,0.0,0.0,0.0
t7007,0.0,0.0,0.0,0.0,0.0,0.0,0.0,0.0,0.0,0.0,0.0,0.0,0.0,0.0,0.0,0.0,0.0,0.0
t7008,0.0,0.0,0.0,0.0,0.0,0.0,0.0,0.0,0.0,0.0,0.0,0.0,0.0,0.0,0.0,0.0,0.0,0.0
t7009,0.0,0.0,0.0,0.0,0.0,0.0,0.0,0.0,0.0,0.0,0.0,0.0,0.0,0.0,0.0,0.0,0.0,0.0
t7010,0.0,0.0,0.0,0.0,0.0,0.0,0.0,0.0,0.0,0.0,0.0,0.0,0.0,0.0,0.0,0.0,0.0,0.0
t7011,0.0,0.0,0.0,0.0,0.0,0.0,0.0,0.0,0.0,0.0,0.0,0.0,0.0,0.0,0.0,0.0,0.0,0.0
t7012,0.0,0.0,0.0,0.0,0.0,0.0,0.0,0.0,0.0,0.0,0.0,0.0,0.0,0.0,0.0,0.0,0.0,0.0
t7013,0.0,0.0,0.0,0.0,0.0,0.0,0.0,0.0,0.0,0.0,0.0,0.0,0.0,0.0,0.0,0.0,0.0,0.0
t7014,0.0,0.0,0.0,0.0,0.0,0.0,0.0,0.0,0.0,0.0,0.0,0.0,0.0,0.0,0.0,0.0,0.0,0.0
t7015,0.0,0.0,0.0,0.0,0.0,0.0,0.0,0.0,0.0,0.0,0.0,0.0,0.0,0.0,0.0,0.0,0.0,0.0
t7016,697.1166528571908,120.0,89.8056923799998,0.0,0.0,807.0186352629399,236.28083344000018,1950.0,0.0,0.0,0.0,0.0,0.0,0.0,0.0,0.0,0.0,3900.2218139401307
t7017,1220.0,120.0,1408.1902115,0.0,0.0,7018.653074389387,921.6514978300004,555.2248447800025,0.0,0.0,0.0,0.0,0.0,0.0,0.0,0.0,0.0,11243.71962849939
t7018,0.0,120.0,1620.0,0.0,0.0,5694.541004256954,1140.34288668,1950.0,0.0,0.0,0.0,0.0,0.0,0.0,0.0,0.0,0.0,10524.883890936953
t7019,1009.3990796199998,0.0,911.02673778,0.0,0.0,3404.2708221504727,1338.93936827,1816.6996547630474,0.0,0.0,0.0,0.0,0.0,0.0,0.0,0.0,0.0,8480.33566258352
t7020,1220.0,0.0,1128.2648221799998,0.0,0.0,5511.681471838457,1282.1379738112557,0.0,0.0,0.0,0.0,0.0,0.0,0.0,0.0,0.0,0.0,9142.084267829712
t7021,997.4575441599998,0.0,707.9260937700002,0.0,2082.2836120935626,3811.5673753704477,0.0,0.0,0.0,0.0,0.0,0.0,0.0,0.0,0.0,0.0,0.0,7599.23462539401
t7022,0.0,25.964584587264614,472.2653515699994,0.0,3131.4917919393347,6943.135265070681,1053.3429508200004,1950.0,0.0,0.0,0.0,0.0,0.0,0.0,0.0,0.0,0.0,13576.19994398728
t7023,0.0,120.0,493.0429827480733,0.0,2300.448504021967,3280.746157325986,731.33523493,0.0,0.0,0.0,0.0,0.0,0.0,0.0,0.0,0.0,0.0,6925.572879026027
t7024,0.0,0.0,0.0,0.0,0.0,0.0,0.0,0.0,0.0,0.0,0.0,0.0,0.0,0.0,0.0,0.0,0.0,0.0
t7025,0.0,0.0,0.0,0.0,0.0,0.0,0.0,0.0,0.0,0.0,0.0,0.0,0.0,0.0,0.0,0.0,0.0,0.0
t7026,0.0,0.0,0.0,0.0,0.0,0.0,0.0,0.0,0.0,0.0,0.0,0.0,0.0,0.0,0.0,0.0,0.0,0.0
t7027,0.0,0.0,0.0,0.0,0.0,0.0,0.0,0.0,0.0,0.0,0.0,0.0,0.0,0.0,0.0,0.0,0.0,0.0
t7028,0.0,0.0,0.0,0.0,0.0,0.0,0.0,0.0,0.0,0.0,0.0,0.0,0.0,0.0,0.0,0.0,0.0,0.0
t7029,0.0,0.0,0.0,0.0,0.0,0.0,0.0,0.0,0.0,0.0,0.0,0.0,0.0,0.0,0.0,0.0,0.0,0.0
t7030,0.0,0.0,0.0,0.0,0.0,0.0,0.0,0.0,0.0,0.0,0.0,0.0,0.0,0.0,0.0,0.0,0.0,0.0
t7031,0.0,0.0,0.0,0.0,0.0,0.0,0.0,0.0,0.0,0.0,0.0,0.0,0.0,0.0,0.0,0.0,0.0,0.0
t7032,0.0,0.0,0.0,0.0,0.0,0.0,0.0,0.0,0.0,0.0,0.0,0.0,0.0,0.0,0.0,0.0,0.0,0.0
t7033,0.0,0.0,0.0,0.0,0.0,0.0,0.0,0.0,0.0,0.0,0.0,0.0,0.0,0.0,0.0,0.0,0.0,0.0
t7034,0.0,0.0,0.0,0.0,0.0,0.0,0.0,0.0,0.0,0.0,0.0,0.0,0.0,0.0,0.0,0.0,0.0,0.0
t7035,0.0,0.0,0.0,0.0,0.0,0.0,0.0,0.0,0.0,0.0,0.0,0.0,0.0,0.0,0.0,0.0,0.0,0.0
t7036,0.0,0.0,0.0,0.0,0.0,0.0,0.0,0.0,0.0,0.0,0.0,0.0,0.0,0.0,0.0,0.0,0.0,0.0
t7037,0.0,0.0,0.0,0.0,0.0,0.0,0.0,0.0,0.0,0.0,0.0,0.0,0.0,0.0,0.0,0.0,0.0,0.0
t7038,0.0,0.0,0.0,0.0,0.0,0.0,0.0,0.0,0.0,0.0,0.0,0.0,0.0,0.0,0.0,0.0,0.0,0.0
t7039,0.0,0.0,0.0,0.0,0.0,0.0,0.0,0.0,0.0,0.0,0.0,0.0,0.0,0.0,0.0,0.0,0.0,0.0
t7040,1220.0,120.0,1200.6197037207598,0.0,0.0,973.4794137620024,781.18045409,1950.0,0.0,0.0,0.0,0.0,0.0,0.0,0.0,0.0,0.0,6245.2795715727625
t7041,1220.0,120.0,1171.51428149,0.0,0.0,6827.280862450013,896.31444219,1950.0,0.0,0.0,0.0,0.0,0.0,0.0,0.0,0.0,0.0,12185.109586130013
t7042,0.0,120.0,1210.2518844000003,0.0,0.0,8240.297575391956,1401.1414414800001,0.0,0.0,0.0,0.0,0.0,0.0,0.0,0.0,0.0,0.0,10971.690901271957
t7043,0.0,0.0,1129.8273541999997,0.0,0.0,6564.209888088017,1056.91856902,1950.0,0.0,0.0,0.0,0.0,0.0,0.0,0.0,0.0,0.0,10700.955811308017
t7044,1220.0,0.0,960.32671056,0.0,0.0,6261.39735617943,922.3745942400001,0.0,0.0,0.0,0.0,0.0,0.0,0.0,0.0,0.0,0.0,9364.098660979429
t7045,0.0,0.0,683.9958793799995,0.0,0.0,5459.586796490878,833.2356211500003,0.0,0.0,0.0,0.0,0.0,0.0,0.0,0.0,0.0,0.0,6976.818297020878
t7046,263.9732766371902,25.964584587264614,319.6841969599996,0.0,0.0,1141.5534749794913,503.91266199999984,1112.1335407800002,0.0,0.0,0.0,0.0,0.0,0.0,0.0,0.0,0.0,3367.2217359439455
t7047,1220.0,120.0,154.30188121731464,0.0,0.0,1003.8084383235397,308.9529616112561,1259.790958763049,0.0,0.0,0.0,0.0,0.0,0.0,0.0,0.0,0.0,4066.8542399151593
t7048,0.0,0.0,0.0,0.0,0.0,0.0,0.0,0.0,0.0,0.0,0.0,0.0,0.0,0.0,0.0,0.0,0.0,0.0
t7049,0.0,0.0,0.0,0.0,0.0,0.0,0.0,0.0,0.0,0.0,0.0,0.0,0.0,0.0,0.0,0.0,0.0,0.0
t7050,0.0,0.0,0.0,0.0,0.0,0.0,0.0,0.0,0.0,0.0,0.0,0.0,0.0,0.0,0.0,0.0,0.0,0.0
t7051,0.0,0.0,0.0,0.0,0.0,0.0,0.0,0.0,0.0,0.0,0.0,0.0,0.0,0.0,0.0,0.0,0.0,0.0
t7052,0.0,0.0,0.0,0.0,0.0,0.0,0.0,0.0,0.0,0.0,0.0,0.0,0.0,0.0,0.0,0.0,0.0,0.0
t7053,0.0,0.0,0.0,0.0,0.0,0.0,0.0,0.0,0.0,0.0,0.0,0.0,0.0,0.0,0.0,0.0,0.0,0.0
t7054,0.0,0.0,0.0,0.0,0.0,0.0,0.0,0.0,0.0,0.0,0.0,0.0,0.0,0.0,0.0,0.0,0.0,0.0
t7055,0.0,0.0,0.0,0.0,0.0,0.0,0.0,0.0,0.0,0.0,0.0,0.0,0.0,0.0,0.0,0.0,0.0,0.0
t7056,0.0,0.0,0.0,0.0,0.0,0.0,0.0,0.0,0.0,0.0,0.0,0.0,0.0,0.0,0.0,0.0,0.0,0.0
t7057,0.0,0.0,0.0,0.0,0.0,0.0,0.0,0.0,0.0,0.0,0.0,0.0,0.0,0.0,0.0,0.0,0.0,0.0
t7058,0.0,0.0,0.0,0.0,0.0,0.0,0.0,0.0,0.0,0.0,0.0,0.0,0.0,0.0,0.0,0.0,0.0,0.0
t7059,0.0,0.0,0.0,0.0,0.0,0.0,0.0,0.0,0.0,0.0,0.0,0.0,0.0,0.0,0.0,0.0,0.0,0.0
t7060,0.0,0.0,0.0,0.0,0.0,0.0,0.0,0.0,0.0,0.0,0.0,0.0,0.0,0.0,0.0,0.0,0.0,0.0
t7061,0.0,0.0,0.0,0.0,0.0,0.0,0.0,0.0,0.0,0.0,0.0,0.0,0.0,0.0,0.0,0.0,0.0,0.0
t7062,0.0,0.0,0.0,0.0,0.0,0.0,0.0,0.0,0.0,0.0,0.0,0.0,0.0,0.0,0.0,0.0,0.0,0.0
t7063,0.0,0.0,0.0,0.0,0.0,0.0,0.0,0.0,0.0,0.0,0.0,0.0,0.0,0.0,0.0,0.0,0.0,0.0
t7064,77.2030961400004,120.0,0.0,0.0,0.0,1742.706260547036,1032.55415739,1950.0,0.0,0.0,0.0,0.0,0.0,0.0,0.0,0.0,0.0,4922.463514077037
t7065,1220.0,0.0,0.0,0.0,0.0,5306.3854034385,1330.8395122600007,0.0,0.0,0.0,0.0,0.0,0.0,0.0,0.0,0.0,0.0,7857.224915698501
t7066,0.0,26.66683422558673,0.0,0.0,0.0,2250.1466494842593,1351.9404259500002,1950.0,0.0,0.0,0.0,0.0,0.0,0.0,0.0,0.0,0.0,5578.753909659847
t7067,1220.0,0.0,0.0,0.0,0.0,5151.733978598434,857.0345236912551,0.0,0.0,0.0,0.0,0.0,0.0,0.0,0.0,0.0,0.0,7228.768502289689
t7068,1220.0,120.0,0.0,0.0,0.0,3268.344083902285,1141.7653356999997,0.0,0.0,0.0,0.0,0.0,0.0,0.0,0.0,0.0,0.0,5750.109419602285
t7069,1220.0,0.0,0.0,0.0,0.0,622.1332708631617,989.8967907900003,0.0,0.0,0.0,0.0,0.0,0.0,0.0,0.0,0.0,0.0,2832.030061653162
t7070,0.0,0.0,0.0,0.0,0.0,0.0,0.0,0.0,0.0,0.0,0.0,0.0,0.0,0.0,0.0,0.0,0.0,0.0
t7071,0.0,0.0,0.0,0.0,0.0,0.0,0.0,0.0,0.0,0.0,0.0,0.0,0.0,0.0,0.0,0.0,0.0,0.0
t7072,0.0,0.0,0.0,0.0,0.0,0.0,0.0,0.0,0.0,0.0,0.0,0.0,0.0,0.0,0.0,0.0,0.0,0.0
t7073,0.0,0.0,0.0,0.0,0.0,0.0,0.0,0.0,0.0,0.0,0.0,0.0,0.0,0.0,0.0,0.0,0.0,0.0
t7074,0.0,0.0,0.0,0.0,0.0,0.0,0.0,0.0,0.0,0.0,0.0,0.0,0.0,0.0,0.0,0.0,0.0,0.0
t7075,0.0,0.0,0.0,0.0,0.0,0.0,0.0,0.0,0.0,0.0,0.0,0.0,0.0,0.0,0.0,0.0,0.0,0.0
t7076,0.0,0.0,0.0,0.0,0.0,0.0,0.0,0.0,0.0,0.0,0.0,0.0,0.0,0.0,0.0,0.0,0.0,0.0
t7077,0.0,0.0,0.0,0.0,0.0,0.0,0.0,0.0,0.0,0.0,0.0,0.0,0.0,0.0,0.0,0.0,0.0,0.0
t7078,0.0,0.0,0.0,0.0,0.0,0.0,0.0,0.0,0.0,0.0,0.0,0.0,0.0,0.0,0.0,0.0,0.0,0.0
t7079,0.0,0.0,0.0,0.0,0.0,0.0,0.0,0.0,0.0,0.0,0.0,0.0,0.0,0.0,0.0,0.0,0.0,0.0
t7080,0.0,0.0,0.0,0.0,0.0,0.0,0.0,0.0,0.0,0.0,0.0,0.0,0.0,0.0,0.0,0.0,0.0,0.0
t7081,0.0,0.0,0.0,0.0,0.0,0.0,0.0,0.0,0.0,0.0,0.0,0.0,0.0,0.0,0.0,0.0,0.0,0.0
t7082,0.0,0.0,0.0,0.0,0.0,0.0,0.0,0.0,0.0,0.0,0.0,0.0,0.0,0.0,0.0,0.0,0.0,0.0
t7083,0.0,0.0,0.0,0.0,0.0,0.0,0.0,0.0,0.0,0.0,0.0,0.0,0.0,0.0,0.0,0.0,0.0,0.0
t7084,0.0,0.0,0.0,0.0,0.0,0.0,0.0,0.0,0.0,0.0,0.0,0.0,0.0,0.0,0.0,0.0,0.0,0.0
t7085,0.0,0.0,0.0,0.0,0.0,0.0,0.0,0.0,0.0,0.0,0.0,0.0,0.0,0.0,0.0,0.0,0.0,0.0
t7086,0.0,0.0,0.0,0.0,0.0,0.0,0.0,0.0,0.0,0.0,0.0,0.0,0.0,0.0,0.0,0.0,0.0,0.0
t7087,0.0,0.0,0.0,0.0,0.0,0.0,0.0,0.0,0.0,0.0,0.0,0.0,0.0,0.0,0.0,0.0,0.0,0.0
t7088,0.0,120.0,0.0,0.0,0.0,3046.0398619697417,893.4967621500003,0.0,0.0,0.0,0.0,0.0,0.0,0.0,0.0,0.0,0.0,4059.536624119742
t7089,1220.0,0.0,0.0,0.0,0.0,5291.9852850616,1268.2291955500004,0.0,0.0,0.0,0.0,0.0,0.0,0.0,0.0,0.0,0.0,7780.2144806116
t7090,0.0,120.0,0.0,0.0,0.0,2361.1296869878356,1388.5112680300003,1950.0,0.0,0.0,0.0,0.0,0.0,0.0,0.0,0.0,0.0,5819.640955017836
t7091,828.17465326,0.0,0.0,0.0,0.0,6822.023821341902,671.5184261134367,0.0,0.0,0.0,0.0,0.0,0.0,0.0,0.0,0.0,0.0,8321.716900715339
t7092,1220.0,0.0,0.0,0.0,0.0,4491.726830818493,1408.27307847,0.0,0.0,0.0,0.0,0.0,0.0,0.0,0.0,0.0,0.0,7119.999909288493
t7093,535.436812860001,0.0,0.0,0.0,0.0,1600.0211695221958,181.78555424781942,1950.0,0.0,0.0,0.0,0.0,0.0,0.0,0.0,0.0,0.0,4267.243536630016
t7094,304.149207404726,0.0,0.0,0.0,0.0,0.0,892.21646122,0.0,0.0,0.0,0.0,0.0,0.0,0.0,0.0,0.0,0.0,1196.365668624726
t7095,0.0,0.0,0.0,0.0,0.0,0.0,0.0,0.0,0.0,0.0,0.0,0.0,0.0,0.0,0.0,0.0,0.0,0.0
t7096,0.0,0.0,0.0,0.0,0.0,0.0,0.0,0.0,0.0,0.0,0.0,0.0,0.0,0.0,0.0,0.0,0.0,0.0
t7097,0.0,0.0,0.0,0.0,0.0,0.0,0.0,0.0,0.0,0.0,0.0,0.0,0.0,0.0,0.0,0.0,0.0,0.0
t7098,0.0,0.0,0.0,0.0,0.0,0.0,0.0,0.0,0.0,0.0,0.0,0.0,0.0,0.0,0.0,0.0,0.0,0.0
t7099,0.0,0.0,0.0,0.0,0.0,0.0,0.0,0.0,0.0,0.0,0.0,0.0,0.0,0.0,0.0,0.0,0.0,0.0
t7100,0.0,0.0,0.0,0.0,0.0,0.0,0.0,0.0,0.0,0.0,0.0,0.0,0.0,0.0,0.0,0.0,0.0,0.0
t7101,0.0,0.0,0.0,0.0,0.0,0.0,0.0,0.0,0.0,0.0,0.0,0.0,0.0,0.0,0.0,0.0,0.0,0.0
t7102,0.0,0.0,0.0,0.0,0.0,0.0,0.0,0.0,0.0,0.0,0.0,0.0,0.0,0.0,0.0,0.0,0.0,0.0
t7103,0.0,0.0,0.0,0.0,0.0,0.0,0.0,0.0,0.0,0.0,0.0,0.0,0.0,0.0,0.0,0.0,0.0,0.0
t7104,0.0,0.0,0.0,0.0,0.0,0.0,0.0,0.0,0.0,0.0,0.0,0.0,0.0,0.0,0.0,0.0,0.0,0.0
t7105,0.0,0.0,0.0,0.0,0.0,0.0,0.0,0.0,0.0,0.0,0.0,0.0,0.0,0.0,0.0,0.0,0.0,0.0
t7106,0.0,0.0,0.0,0.0,0.0,0.0,0.0,0.0,0.0,0.0,0.0,0.0,0.0,0.0,0.0,0.0,0.0,0.0
t7107,0.0,0.0,0.0,0.0,0.0,0.0,0.0,0.0,0.0,0.0,0.0,0.0,0.0,0.0,0.0,0.0,0.0,0.0
t7108,0.0,0.0,0.0,0.0,0.0,0.0,0.0,0.0,0.0,0.0,0.0,0.0,0.0,0.0,0.0,0.0,0.0,0.0
t7109,0.0,0.0,0.0,0.0,0.0,0.0,0.0,0.0,0.0,0.0,0.0,0.0,0.0,0.0,0.0,0.0,0.0,0.0
t7110,0.0,0.0,0.0,0.0,0.0,0.0,0.0,0.0,0.0,0.0,0.0,0.0,0.0,0.0,0.0,0.0,0.0,0.0
t7111,0.0,0.0,0.0,0.0,0.0,0.0,0.0,0.0,0.0,0.0,0.0,0.0,0.0,0.0,0.0,0.0,0.0,0.0
t7112,127.74788478000029,120.0,0.0,0.0,0.0,1942.1692954983796,877.4078105100001,0.0,0.0,0.0,0.0,0.0,0.0,0.0,0.0,0.0,0.0,3067.32499078838
t7113,1220.0,0.0,0.0,0.0,0.0,4500.847162296591,1206.7956324812556,0.0,0.0,0.0,0.0,0.0,0.0,0.0,0.0,0.0,0.0,6927.642794777847
t7114,0.0,0.0,0.0,0.0,0.0,3205.4788979642044,1581.79645895,0.0,0.0,0.0,0.0,0.0,0.0,0.0,0.0,0.0,0.0,4787.275356914204
t7115,1130.4874083,0.0,0.0,0.0,0.0,4566.016112616587,1590.0,0.0,0.0,0.0,0.0,0.0,0.0,0.0,0.0,0.0,0.0,7286.503520916587
t7116,0.0,0.0,0.0,0.0,0.0,0.0,1405.8223286900002,1095.1858728933335,0.0,0.0,0.0,0.0,0.0,0.0,0.0,0.0,0.0,2501.0082015833336
t7117,0.0,0.0,0.0,0.0,0.0,333.6070327065643,42.20851515000046,0.0,0.0,0.0,0.0,0.0,0.0,0.0,0.0,0.0,0.0,375.81554785656476
t7118,0.0,0.0,0.0,0.0,0.0,0.0,0.0,0.0,0.0,0.0,0.0,0.0,0.0,0.0,0.0,0.0,0.0,0.0
t7119,0.0,0.0,0.0,0.0,0.0,0.0,0.0,0.0,0.0,0.0,0.0,0.0,0.0,0.0,0.0,0.0,0.0,0.0
t7120,0.0,0.0,0.0,0.0,0.0,0.0,0.0,0.0,0.0,0.0,0.0,0.0,0.0,0.0,0.0,0.0,0.0,0.0
t7121,0.0,0.0,0.0,0.0,0.0,0.0,0.0,0.0,0.0,0.0,0.0,0.0,0.0,0.0,0.0,0.0,0.0,0.0
t7122,0.0,0.0,0.0,0.0,0.0,0.0,0.0,0.0,0.0,0.0,0.0,0.0,0.0,0.0,0.0,0.0,0.0,0.0
t7123,0.0,0.0,0.0,0.0,0.0,0.0,0.0,0.0,0.0,0.0,0.0,0.0,0.0,0.0,0.0,0.0,0.0,0.0
t7124,0.0,0.0,0.0,0.0,0.0,0.0,0.0,0.0,0.0,0.0,0.0,0.0,0.0,0.0,0.0,0.0,0.0,0.0
t7125,0.0,0.0,0.0,0.0,0.0,0.0,0.0,0.0,0.0,0.0,0.0,0.0,0.0,0.0,0.0,0.0,0.0,0.0
t7126,0.0,0.0,0.0,0.0,0.0,0.0,0.0,0.0,0.0,0.0,0.0,0.0,0.0,0.0,0.0,0.0,0.0,0.0
t7127,0.0,0.0,0.0,0.0,0.0,0.0,0.0,0.0,0.0,0.0,0.0,0.0,0.0,0.0,0.0,0.0,0.0,0.0
t7128,0.0,0.0,0.0,0.0,0.0,0.0,0.0,0.0,0.0,0.0,0.0,0.0,0.0,0.0,0.0,0.0,0.0,0.0
t7129,0.0,0.0,0.0,0.0,0.0,0.0,0.0,0.0,0.0,0.0,0.0,0.0,0.0,0.0,0.0,0.0,0.0,0.0
t7130,0.0,0.0,0.0,0.0,0.0,0.0,0.0,0.0,0.0,0.0,0.0,0.0,0.0,0.0,0.0,0.0,0.0,0.0
t7131,0.0,0.0,0.0,0.0,0.0,0.0,0.0,0.0,0.0,0.0,0.0,0.0,0.0,0.0,0.0,0.0,0.0,0.0
t7132,0.0,0.0,0.0,0.0,0.0,0.0,0.0,0.0,0.0,0.0,0.0,0.0,0.0,0.0,0.0,0.0,0.0,0.0
t7133,0.0,0.0,0.0,0.0,0.0,0.0,0.0,0.0,0.0,0.0,0.0,0.0,0.0,0.0,0.0,0.0,0.0,0.0
t7134,0.0,0.0,0.0,0.0,0.0,0.0,0.0,0.0,0.0,0.0,0.0,0.0,0.0,0.0,0.0,0.0,0.0,0.0
t7135,0.0,0.0,0.0,0.0,0.0,0.0,0.0,0.0,0.0,0.0,0.0,0.0,0.0,0.0,0.0,0.0,0.0,0.0
t7136,81.74095978000082,0.0,0.0,0.0,0.0,2018.4827149327934,871.3874758500001,0.0,0.0,0.0,0.0,0.0,0.0,0.0,0.0,0.0,0.0,2971.6111505627946
t7137,1220.0,0.0,0.0,0.0,0.0,4159.10834534396,1197.2606428800002,0.0,0.0,0.0,0.0,0.0,0.0,0.0,0.0,0.0,0.0,6576.36898822396
t7138,917.390519900001,0.0,0.0,0.0,0.0,2797.0412521427884,1281.30658099,1950.0,0.0,0.0,0.0,0.0,0.0,0.0,0.0,0.0,0.0,6945.73835303279
t7139,1220.0,0.0,0.0,0.0,0.0,3805.5770832726585,1304.2135389600005,0.0,0.0,0.0,0.0,0.0,0.0,0.0,0.0,0.0,0.0,6329.790622232659
t7140,736.18704662,120.0,0.0,0.0,0.0,2804.91180816266,1285.2668471512557,0.0,0.0,0.0,0.0,0.0,0.0,0.0,0.0,0.0,0.0,4946.365701933915
t7141,562.5588958600002,0.0,0.0,0.0,0.0,944.3361732806329,764.5956599500004,0.0,0.0,0.0,0.0,0.0,0.0,0.0,0.0,0.0,0.0,2271.4907290906335
t7142,0.0,0.0,0.0,0.0,0.0,0.0,0.0,0.0,0.0,0.0,0.0,0.0,0.0,0.0,0.0,0.0,0.0,0.0
t7143,0.0,0.0,0.0,0.0,0.0,0.0,0.0,0.0,0.0,0.0,0.0,0.0,0.0,0.0,0.0,0.0,0.0,0.0
t7144,0.0,0.0,0.0,0.0,0.0,0.0,0.0,0.0,0.0,0.0,0.0,0.0,0.0,0.0,0.0,0.0,0.0,0.0
t7145,0.0,0.0,0.0,0.0,0.0,0.0,0.0,0.0,0.0,0.0,0.0,0.0,0.0,0.0,0.0,0.0,0.0,0.0
t7146,0.0,0.0,0.0,0.0,0.0,0.0,0.0,0.0,0.0,0.0,0.0,0.0,0.0,0.0,0.0,0.0,0.0,0.0
t7147,0.0,0.0,0.0,0.0,0.0,0.0,0.0,0.0,0.0,0.0,0.0,0.0,0.0,0.0,0.0,0.0,0.0,0.0
t7148,0.0,0.0,0.0,0.0,0.0,0.0,0.0,0.0,0.0,0.0,0.0,0.0,0.0,0.0,0.0,0.0,0.0,0.0
t7149,0.0,0.0,0.0,0.0,0.0,0.0,0.0,0.0,0.0,0.0,0.0,0.0,0.0,0.0,0.0,0.0,0.0,0.0
t7150,0.0,0.0,0.0,0.0,0.0,0.0,0.0,0.0,0.0,0.0,0.0,0.0,0.0,0.0,0.0,0.0,0.0,0.0
t7151,0.0,0.0,0.0,0.0,0.0,0.0,0.0,0.0,0.0,0.0,0.0,0.0,0.0,0.0,0.0,0.0,0.0,0.0
t7152,0.0,0.0,0.0,0.0,0.0,0.0,0.0,0.0,0.0,0.0,0.0,0.0,0.0,0.0,0.0,0.0,0.0,0.0
t7153,0.0,0.0,0.0,0.0,0.0,0.0,0.0,0.0,0.0,0.0,0.0,0.0,0.0,0.0,0.0,0.0,0.0,0.0
t7154,0.0,0.0,0.0,0.0,0.0,0.0,0.0,0.0,0.0,0.0,0.0,0.0,0.0,0.0,0.0,0.0,0.0,0.0
t7155,0.0,0.0,0.0,0.0,0.0,0.0,0.0,0.0,0.0,0.0,0.0,0.0,0.0,0.0,0.0,0.0,0.0,0.0
t7156,0.0,0.0,0.0,0.0,0.0,0.0,0.0,0.0,0.0,0.0,0.0,0.0,0.0,0.0,0.0,0.0,0.0,0.0
t7157,0.0,0.0,0.0,0.0,0.0,0.0,0.0,0.0,0.0,0.0,0.0,0.0,0.0,0.0,0.0,0.0,0.0,0.0
t7158,0.0,0.0,0.0,0.0,0.0,0.0,0.0,0.0,0.0,0.0,0.0,0.0,0.0,0.0,0.0,0.0,0.0,0.0
t7159,0.0,0.0,0.0,0.0,0.0,0.0,0.0,0.0,0.0,0.0,0.0,0.0,0.0,0.0,0.0,0.0,0.0,0.0
t7160,0.0,120.0,0.0,0.0,0.0,108.67308888756222,867.17196059,1950.0,0.0,0.0,0.0,0.0,0.0,0.0,0.0,0.0,0.0,3045.8450494775625
t7161,612.9653708600001,0.0,0.0,0.0,0.0,5321.345717021658,650.2117967012543,0.0,0.0,0.0,0.0,0.0,0.0,0.0,0.0,0.0,0.0,6584.522884582912
t7162,0.0,120.0,0.0,0.0,0.0,2828.25683328591,1397.0856159600005,0.0,0.0,0.0,0.0,0.0,0.0,0.0,0.0,0.0,0.0,4345.342449245911
t7163,688.87786586,0.0,0.0,0.0,0.0,5982.04875183767,543.2928271900001,50.11380281999966,0.0,0.0,0.0,0.0,0.0,0.0,0.0,0.0,0.0,7264.33324770767
t7164,624.691116859999,0.0,0.0,0.0,0.0,4821.070710950323,1553.4138077700004,0.0,0.0,0.0,0.0,0.0,0.0,0.0,0.0,0.0,0.0,6999.175635580323
t7165,1220.0,120.0,0.0,0.0,0.0,2488.384743389649,1523.6600748000008,306.33746783359015,0.0,0.0,0.0,0.0,0.0,0.0,0.0,0.0,0.0,5658.38228602324
t7166,267.13786322,0.0,0.0,0.0,0.0,2885.9005964904613,169.1946627700003,0.0,0.0,0.0,0.0,0.0,0.0,0.0,0.0,0.0,0.0,3322.2331224804616
t7167,0.0,0.0,0.0,0.0,0.0,0.0,0.0,221.95360163614953,0.0,0.0,0.0,0.0,0.0,0.0,0.0,0.0,0.0,221.95360163614953
t7168,0.0,0.0,0.0,0.0,0.0,0.0,0.0,0.0,0.0,0.0,0.0,0.0,0.0,0.0,0.0,0.0,0.0,0.0
t7169,0.0,0.0,0.0,0.0,0.0,0.0,0.0,0.0,0.0,0.0,0.0,0.0,0.0,0.0,0.0,0.0,0.0,0.0
t7170,0.0,0.0,0.0,0.0,0.0,0.0,0.0,0.0,0.0,0.0,0.0,0.0,0.0,0.0,0.0,0.0,0.0,0.0
t7171,0.0,0.0,0.0,0.0,0.0,0.0,0.0,0.0,0.0,0.0,0.0,0.0,0.0,0.0,0.0,0.0,0.0,0.0
t7172,0.0,0.0,0.0,0.0,0.0,0.0,0.0,0.0,0.0,0.0,0.0,0.0,0.0,0.0,0.0,0.0,0.0,0.0
t7173,0.0,0.0,0.0,0.0,0.0,0.0,0.0,0.0,0.0,0.0,0.0,0.0,0.0,0.0,0.0,0.0,0.0,0.0
t7174,0.0,0.0,0.0,0.0,0.0,0.0,0.0,0.0,0.0,0.0,0.0,0.0,0.0,0.0,0.0,0.0,0.0,0.0
t7175,0.0,0.0,0.0,0.0,0.0,0.0,0.0,0.0,0.0,0.0,0.0,0.0,0.0,0.0,0.0,0.0,0.0,0.0
t7176,0.0,0.0,0.0,0.0,0.0,0.0,0.0,0.0,0.0,0.0,0.0,0.0,0.0,0.0,0.0,0.0,0.0,0.0
t7177,0.0,0.0,0.0,0.0,0.0,0.0,0.0,0.0,0.0,0.0,0.0,0.0,0.0,0.0,0.0,0.0,0.0,0.0
t7178,0.0,0.0,0.0,0.0,0.0,0.0,0.0,0.0,0.0,0.0,0.0,0.0,0.0,0.0,0.0,0.0,0.0,0.0
t7179,0.0,0.0,0.0,0.0,0.0,0.0,0.0,0.0,0.0,0.0,0.0,0.0,0.0,0.0,0.0,0.0,0.0,0.0
t7180,0.0,0.0,0.0,0.0,0.0,0.0,0.0,0.0,0.0,0.0,0.0,0.0,0.0,0.0,0.0,0.0,0.0,0.0
t7181,0.0,0.0,0.0,0.0,0.0,0.0,0.0,0.0,0.0,0.0,0.0,0.0,0.0,0.0,0.0,0.0,0.0,0.0
t7182,0.0,0.0,0.0,0.0,0.0,0.0,0.0,0.0,0.0,0.0,0.0,0.0,0.0,0.0,0.0,0.0,0.0,0.0
t7183,0.0,0.0,0.0,0.0,0.0,0.0,0.0,0.0,0.0,0.0,0.0,0.0,0.0,0.0,0.0,0.0,0.0,0.0
t7184,263.9732766371902,120.0,0.0,0.0,0.0,2216.3737743245715,1064.2096721200003,1950.0,0.0,0.0,0.0,0.0,0.0,0.0,0.0,0.0,0.0,5614.556723081762
t7185,1220.0,0.0,0.0,0.0,0.0,5527.827426911012,1080.0753240600004,1950.0,0.0,0.0,0.0,0.0,0.0,0.0,0.0,0.0,0.0,9777.902750971012
t7186,0.0,120.0,0.0,0.0,0.0,4784.80821605321,902.8318708600001,0.0,0.0,0.0,0.0,0.0,0.0,0.0,0.0,0.0,0.0,5807.64008691321
t7187,1220.0,0.0,0.0,0.0,0.0,4498.105529659599,909.8321818300003,1950.0,0.0,0.0,0.0,0.0,0.0,0.0,0.0,0.0,0.0,8577.937711489598
t7188,0.0,120.0,0.0,0.0,0.0,8650.0,90.1598591099999,27.872633248370526,0.0,0.0,0.0,0.0,0.0,0.0,0.0,0.0,0.0,8888.03249235837
t7189,1220.0,0.0,0.0,0.0,0.0,5597.646982614313,774.3620290912554,0.0,0.0,0.0,0.0,0.0,0.0,0.0,0.0,0.0,0.0,7592.009011705568
t7190,0.0,25.964584587264614,0.0,0.0,0.0,4072.3173578941837,786.5076519000003,1950.0,0.0,0.0,0.0,0.0,0.0,0.0,0.0,0.0,0.0,6834.789594381448
t7191,1220.0,120.0,0.0,0.0,0.0,1124.5345182084382,1096.05215681,394.05186629467926,0.0,0.0,0.0,0.0,0.0,0.0,0.0,0.0,0.0,3954.638541313118
t7192,0.0,0.0,0.0,0.0,0.0,0.0,0.0,0.0,0.0,0.0,0.0,0.0,0.0,0.0,0.0,0.0,0.0,0.0
t7193,0.0,0.0,0.0,0.0,0.0,0.0,0.0,0.0,0.0,0.0,0.0,0.0,0.0,0.0,0.0,0.0,0.0,0.0
t7194,0.0,0.0,0.0,0.0,0.0,0.0,0.0,0.0,0.0,0.0,0.0,0.0,0.0,0.0,0.0,0.0,0.0,0.0
t7195,0.0,0.0,0.0,0.0,0.0,0.0,0.0,0.0,0.0,0.0,0.0,0.0,0.0,0.0,0.0,0.0,0.0,0.0
t7196,0.0,0.0,0.0,0.0,0.0,0.0,0.0,0.0,0.0,0.0,0.0,0.0,0.0,0.0,0.0,0.0,0.0,0.0
t7197,0.0,0.0,0.0,0.0,0.0,0.0,0.0,0.0,0.0,0.0,0.0,0.0,0.0,0.0,0.0,0.0,0.0,0.0
t7198,0.0,0.0,0.0,0.0,0.0,0.0,0.0,0.0,0.0,0.0,0.0,0.0,0.0,0.0,0.0,0.0,0.0,0.0
t7199,0.0,0.0,0.0,0.0,0.0,0.0,0.0,0.0,0.0,0.0,0.0,0.0,0.0,0.0,0.0,0.0,0.0,0.0
t7200,0.0,0.0,0.0,0.0,0.0,0.0,0.0,0.0,0.0,0.0,0.0,0.0,0.0,0.0,0.0,0.0,0.0,0.0
t7201,0.0,0.0,0.0,0.0,0.0,0.0,0.0,0.0,0.0,0.0,0.0,0.0,0.0,0.0,0.0,0.0,0.0,0.0
t7202,0.0,0.0,0.0,0.0,0.0,0.0,0.0,0.0,0.0,0.0,0.0,0.0,0.0,0.0,0.0,0.0,0.0,0.0
t7203,0.0,0.0,0.0,0.0,0.0,0.0,0.0,0.0,0.0,0.0,0.0,0.0,0.0,0.0,0.0,0.0,0.0,0.0
t7204,0.0,0.0,0.0,0.0,0.0,0.0,0.0,0.0,0.0,0.0,0.0,0.0,0.0,0.0,0.0,0.0,0.0,0.0
t7205,0.0,0.0,0.0,0.0,0.0,0.0,0.0,0.0,0.0,0.0,0.0,0.0,0.0,0.0,0.0,0.0,0.0,0.0
t7206,0.0,0.0,0.0,0.0,0.0,0.0,0.0,0.0,0.0,0.0,0.0,0.0,0.0,0.0,0.0,0.0,0.0,0.0
t7207,0.0,0.0,0.0,0.0,0.0,0.0,0.0,0.0,0.0,0.0,0.0,0.0,0.0,0.0,0.0,0.0,0.0,0.0
t7208,263.9732766371902,120.0,778.0331809399995,0.0,0.0,2909.1678431447976,523.5220580712562,1950.0,0.0,0.0,0.0,0.0,0.0,0.0,0.0,0.0,0.0,6544.696358793244
t7209,1220.0,120.0,1211.5354952299997,0.0,0.0,6816.294460665687,882.0312558900004,963.0293605430508,0.0,0.0,0.0,0.0,0.0,0.0,0.0,0.0,0.0,11212.890572328737
t7210,0.0,120.0,570.8659609280741,0.0,0.0,2767.508835911528,1336.2041633200001,1950.0,0.0,0.0,0.0,0.0,0.0,0.0,0.0,0.0,0.0,6744.5789601596025
t7211,1220.0,120.0,1374.76355736,0.0,0.0,6901.069641350641,1061.66752442,1950.0,0.0,0.0,0.0,0.0,0.0,0.0,0.0,0.0,0.0,12627.50072313064
t7212,0.0,0.0,1291.5033056699992,0.0,0.0,5688.340434036641,958.85937979,0.0,0.0,0.0,0.0,0.0,0.0,0.0,0.0,0.0,0.0,7938.703119496641
t7213,1220.0,0.0,0.0,0.0,0.0,4727.752761893597,926.2416465700001,0.0,0.0,0.0,0.0,0.0,0.0,0.0,0.0,0.0,0.0,6873.994408463597
t7214,0.0,0.0,959.1955646,0.0,0.0,2270.138774091229,728.4701857299998,1408.8951389999995,0.0,0.0,0.0,0.0,0.0,0.0,0.0,0.0,0.0,5366.699663421228
t7215,1220.0,25.964584587264614,644.6248272000003,0.0,0.0,4391.341054571207,287.03453199000006,0.0,0.0,0.0,0.0,0.0,0.0,0.0,0.0,0.0,0.0,6568.964998348471
t7216,0.0,0.0,0.0,0.0,0.0,0.0,0.0,0.0,0.0,0.0,0.0,0.0,0.0,0.0,0.0,0.0,0.0,0.0
t7217,0.0,0.0,0.0,0.0,0.0,0.0,0.0,0.0,0.0,0.0,0.0,0.0,0.0,0.0,0.0,0.0,0.0,0.0
t7218,0.0,0.0,0.0,0.0,0.0,0.0,0.0,0.0,0.0,0.0,0.0,0.0,0.0,0.0,0.0,0.0,0.0,0.0
t7219,0.0,0.0,0.0,0.0,0.0,0.0,0.0,0.0,0.0,0.0,0.0,0.0,0.0,0.0,0.0,0.0,0.0,0.0
t7220,0.0,0.0,0.0,0.0,0.0,0.0,0.0,0.0,0.0,0.0,0.0,0.0,0.0,0.0,0.0,0.0,0.0,0.0
t7221,0.0,0.0,0.0,0.0,0.0,0.0,0.0,0.0,0.0,0.0,0.0,0.0,0.0,0.0,0.0,0.0,0.0,0.0
t7222,0.0,0.0,0.0,0.0,0.0,0.0,0.0,0.0,0.0,0.0,0.0,0.0,0.0,0.0,0.0,0.0,0.0,0.0
t7223,0.0,0.0,0.0,0.0,0.0,0.0,0.0,0.0,0.0,0.0,0.0,0.0,0.0,0.0,0.0,0.0,0.0,0.0
t7224,0.0,0.0,0.0,0.0,0.0,0.0,0.0,0.0,0.0,0.0,0.0,0.0,0.0,0.0,0.0,0.0,0.0,0.0
t7225,0.0,0.0,0.0,0.0,0.0,0.0,0.0,0.0,0.0,0.0,0.0,0.0,0.0,0.0,0.0,0.0,0.0,0.0
t7226,0.0,0.0,0.0,0.0,0.0,0.0,0.0,0.0,0.0,0.0,0.0,0.0,0.0,0.0,0.0,0.0,0.0,0.0
t7227,0.0,0.0,0.0,0.0,0.0,0.0,0.0,0.0,0.0,0.0,0.0,0.0,0.0,0.0,0.0,0.0,0.0,0.0
t7228,0.0,0.0,0.0,0.0,0.0,0.0,0.0,0.0,0.0,0.0,0.0,0.0,0.0,0.0,0.0,0.0,0.0,0.0
t7229,0.0,0.0,0.0,0.0,0.0,0.0,0.0,0.0,0.0,0.0,0.0,0.0,0.0,0.0,0.0,0.0,0.0,0.0
t7230,0.0,0.0,0.0,0.0,0.0,0.0,0.0,0.0,0.0,0.0,0.0,0.0,0.0,0.0,0.0,0.0,0.0,0.0
t7231,0.0,0.0,0.0,0.0,0.0,0.0,0.0,0.0,0.0,0.0,0.0,0.0,0.0,0.0,0.0,0.0,0.0,0.0
t7232,0.0,0.0,0.0,0.0,0.0,0.0,0.0,0.0,0.0,0.0,0.0,0.0,0.0,0.0,0.0,0.0,0.0,0.0
t7233,1220.0,120.0,0.0,0.0,0.0,965.5497616542306,1207.9527257699997,0.0,0.0,0.0,0.0,0.0,0.0,0.0,0.0,0.0,0.0,3513.5024874242304
t7234,1044.29448934,0.0,0.0,0.0,0.0,1279.489227702165,409.7822122679675,1950.0,0.0,0.0,0.0,0.0,0.0,0.0,0.0,0.0,0.0,4683.565929310133
t7235,0.0,0.0,0.0,0.0,0.0,3445.0107049163043,1590.0,0.0,0.0,0.0,0.0,0.0,0.0,0.0,0.0,0.0,0.0,5035.010704916304
t7236,1220.0,120.0,0.0,0.0,0.0,1210.6893247037622,1364.84837722,0.0,0.0,0.0,0.0,0.0,0.0,0.0,0.0,0.0,0.0,3915.537701923762
t7237,1220.0,0.0,0.0,0.0,0.0,5442.69600551021,1363.69013046,0.0,0.0,0.0,0.0,0.0,0.0,0.0,0.0,0.0,0.0,8026.38613597021
t7238,439.6787872971904,120.0,0.0,0.0,0.0,0.0,767.7573000632896,0.0,0.0,0.0,0.0,0.0,0.0,0.0,0.0,0.0,0.0,1327.43608736048
t7239,0.0,0.0,0.0,0.0,0.0,0.0,0.0,0.0,0.0,0.0,0.0,0.0,0.0,0.0,0.0,0.0,0.0,0.0
t7240,0.0,0.0,0.0,0.0,0.0,0.0,0.0,0.0,0.0,0.0,0.0,0.0,0.0,0.0,0.0,0.0,0.0,0.0
t7241,0.0,0.0,0.0,0.0,0.0,0.0,0.0,0.0,0.0,0.0,0.0,0.0,0.0,0.0,0.0,0.0,0.0,0.0
t7242,0.0,0.0,0.0,0.0,0.0,0.0,0.0,0.0,0.0,0.0,0.0,0.0,0.0,0.0,0.0,0.0,0.0,0.0
t7243,0.0,0.0,0.0,0.0,0.0,0.0,0.0,0.0,0.0,0.0,0.0,0.0,0.0,0.0,0.0,0.0,0.0,0.0
t7244,0.0,0.0,0.0,0.0,0.0,0.0,0.0,0.0,0.0,0.0,0.0,0.0,0.0,0.0,0.0,0.0,0.0,0.0
t7245,0.0,0.0,0.0,0.0,0.0,0.0,0.0,0.0,0.0,0.0,0.0,0.0,0.0,0.0,0.0,0.0,0.0,0.0
t7246,0.0,0.0,0.0,0.0,0.0,0.0,0.0,0.0,0.0,0.0,0.0,0.0,0.0,0.0,0.0,0.0,0.0,0.0
t7247,0.0,0.0,0.0,0.0,0.0,0.0,0.0,0.0,0.0,0.0,0.0,0.0,0.0,0.0,0.0,0.0,0.0,0.0
t7248,0.0,0.0,0.0,0.0,0.0,0.0,0.0,0.0,0.0,0.0,0.0,0.0,0.0,0.0,0.0,0.0,0.0,0.0
t7249,0.0,0.0,0.0,0.0,0.0,0.0,0.0,0.0,0.0,0.0,0.0,0.0,0.0,0.0,0.0,0.0,0.0,0.0
t7250,0.0,0.0,0.0,0.0,0.0,0.0,0.0,0.0,0.0,0.0,0.0,0.0,0.0,0.0,0.0,0.0,0.0,0.0
t7251,0.0,0.0,0.0,0.0,0.0,0.0,0.0,0.0,0.0,0.0,0.0,0.0,0.0,0.0,0.0,0.0,0.0,0.0
t7252,0.0,0.0,0.0,0.0,0.0,0.0,0.0,0.0,0.0,0.0,0.0,0.0,0.0,0.0,0.0,0.0,0.0,0.0
t7253,0.0,0.0,0.0,0.0,0.0,0.0,0.0,0.0,0.0,0.0,0.0,0.0,0.0,0.0,0.0,0.0,0.0,0.0
t7254,0.0,0.0,0.0,0.0,0.0,0.0,0.0,0.0,0.0,0.0,0.0,0.0,0.0,0.0,0.0,0.0,0.0,0.0
t7255,0.0,0.0,0.0,0.0,0.0,0.0,0.0,0.0,0.0,0.0,0.0,0.0,0.0,0.0,0.0,0.0,0.0,0.0
t7256,0.0,0.0,0.0,0.0,0.0,0.0,0.0,0.0,0.0,0.0,0.0,0.0,0.0,0.0,0.0,0.0,0.0,0.0
t7257,790.2914237800007,120.0,0.0,0.0,0.0,1212.4259018558319,0.0,0.0,0.0,0.0,0.0,0.0,0.0,0.0,0.0,0.0,0.0,2122.717325635833
t7258,0.0,0.0,0.0,0.0,0.0,1843.360555866545,527.6297431500001,301.72220036777617,0.0,0.0,0.0,0.0,0.0,0.0,0.0,0.0,0.0,2672.7124993843213
t7259,0.0,0.0,0.0,0.0,0.0,5586.8421610585965,789.1707273699999,0.0,0.0,0.0,0.0,0.0,0.0,0.0,0.0,0.0,0.0,6376.012888428597
t7260,853.2275950371899,0.0,0.0,0.0,0.0,5262.427395886218,1590.0,0.0,0.0,0.0,0.0,0.0,0.0,0.0,0.0,0.0,0.0,7705.654990923407
t7261,1220.0,0.0,0.0,0.0,0.0,5230.371000394573,1590.0,1950.0,0.0,0.0,0.0,0.0,0.0,0.0,0.0,0.0,0.0,9990.371000394573
t7262,1060.4542578199996,120.0,0.0,0.0,0.0,5581.213689754658,1240.7829535212568,0.0,0.0,0.0,0.0,0.0,0.0,0.0,0.0,0.0,0.0,8002.450901095915
t7263,1220.0,0.0,0.0,0.0,0.0,3476.00920813089,966.4473217399999,0.0,0.0,0.0,0.0,0.0,0.0,0.0,0.0,0.0,0.0,5662.45652987089
t7264,0.0,29.107323707121573,0.0,0.0,0.0,0.0,0.0,0.0,0.0,0.0,0.0,0.0,0.0,0.0,0.0,0.0,0.0,29.107323707121573
t7265,0.0,0.0,0.0,0.0,0.0,0.0,0.0,0.0,0.0,0.0,0.0,0.0,0.0,0.0,0.0,0.0,0.0,0.0
t7266,0.0,0.0,0.0,0.0,0.0,0.0,0.0,0.0,0.0,0.0,0.0,0.0,0.0,0.0,0.0,0.0,0.0,0.0
t7267,0.0,0.0,0.0,0.0,0.0,0.0,0.0,0.0,0.0,0.0,0.0,0.0,0.0,0.0,0.0,0.0,0.0,0.0
t7268,0.0,0.0,0.0,0.0,0.0,0.0,0.0,0.0,0.0,0.0,0.0,0.0,0.0,0.0,0.0,0.0,0.0,0.0
t7269,0.0,0.0,0.0,0.0,0.0,0.0,0.0,0.0,0.0,0.0,0.0,0.0,0.0,0.0,0.0,0.0,0.0,0.0
t7270,0.0,0.0,0.0,0.0,0.0,0.0,0.0,0.0,0.0,0.0,0.0,0.0,0.0,0.0,0.0,0.0,0.0,0.0
t7271,0.0,0.0,0.0,0.0,0.0,0.0,0.0,0.0,0.0,0.0,0.0,0.0,0.0,0.0,0.0,0.0,0.0,0.0
t7272,0.0,0.0,0.0,0.0,0.0,0.0,0.0,0.0,0.0,0.0,0.0,0.0,0.0,0.0,0.0,0.0,0.0,0.0
t7273,0.0,0.0,0.0,0.0,0.0,0.0,0.0,0.0,0.0,0.0,0.0,0.0,0.0,0.0,0.0,0.0,0.0,0.0
t7274,0.0,0.0,0.0,0.0,0.0,0.0,0.0,0.0,0.0,0.0,0.0,0.0,0.0,0.0,0.0,0.0,0.0,0.0
t7275,0.0,0.0,0.0,0.0,0.0,0.0,0.0,0.0,0.0,0.0,0.0,0.0,0.0,0.0,0.0,0.0,0.0,0.0
t7276,0.0,0.0,0.0,0.0,0.0,0.0,0.0,0.0,0.0,0.0,0.0,0.0,0.0,0.0,0.0,0.0,0.0,0.0
t7277,0.0,0.0,0.0,0.0,0.0,0.0,0.0,0.0,0.0,0.0,0.0,0.0,0.0,0.0,0.0,0.0,0.0,0.0
t7278,0.0,0.0,0.0,0.0,0.0,0.0,0.0,0.0,0.0,0.0,0.0,0.0,0.0,0.0,0.0,0.0,0.0,0.0
t7279,0.0,0.0,0.0,0.0,0.0,0.0,0.0,0.0,0.0,0.0,0.0,0.0,0.0,0.0,0.0,0.0,0.0,0.0
t7280,0.0,0.0,0.0,0.0,0.0,0.0,0.0,0.0,0.0,0.0,0.0,0.0,0.0,0.0,0.0,0.0,0.0,0.0
t7281,559.6157547400009,120.0,0.0,0.0,0.0,2986.960726586333,112.21414059125625,0.0,0.0,0.0,0.0,0.0,0.0,0.0,0.0,0.0,0.0,3778.7906219175898
t7282,906.3280473000002,0.0,0.0,0.0,0.0,3550.564465985514,1590.0,1950.0,0.0,0.0,0.0,0.0,0.0,0.0,0.0,0.0,0.0,7996.892513285514
t7283,967.6881932999994,0.0,0.0,0.0,0.0,7248.06956846053,941.5510631399999,0.0,0.0,0.0,0.0,0.0,0.0,0.0,0.0,0.0,0.0,9157.308824900529
t7284,1013.1641997799999,64.22659608243202,0.0,0.0,0.0,5972.275572218265,1085.00391424,1950.0,0.0,0.0,0.0,0.0,0.0,0.0,0.0,0.0,0.0,10084.670282320696
t7285,990.97425778,0.0,0.0,0.0,0.0,5633.103320112416,1590.0,1950.0,0.0,0.0,0.0,0.0,0.0,0.0,0.0,0.0,0.0,10164.077577892416
t7286,161.95585507719022,0.0,0.0,0.0,0.0,5563.21719181611,1385.2616278100002,0.0,0.0,0.0,0.0,0.0,0.0,0.0,0.0,0.0,0.0,7110.4346747033005
t7287,544.2469686600001,120.0,0.0,0.0,0.0,4714.927123425183,0.0,0.0,0.0,0.0,0.0,0.0,0.0,0.0,0.0,0.0,0.0,5379.174092085183
t7288,0.0,0.0,0.0,0.0,0.0,0.0,0.0,0.0,0.0,0.0,0.0,0.0,0.0,0.0,0.0,0.0,0.0,0.0
t7289,0.0,0.0,0.0,0.0,0.0,0.0,0.0,0.0,0.0,0.0,0.0,0.0,0.0,0.0,0.0,0.0,0.0,0.0
t7290,0.0,0.0,0.0,0.0,0.0,0.0,0.0,0.0,0.0,0.0,0.0,0.0,0.0,0.0,0.0,0.0,0.0,0.0
t7291,0.0,0.0,0.0,0.0,0.0,0.0,0.0,0.0,0.0,0.0,0.0,0.0,0.0,0.0,0.0,0.0,0.0,0.0
t7292,0.0,0.0,0.0,0.0,0.0,0.0,0.0,0.0,0.0,0.0,0.0,0.0,0.0,0.0,0.0,0.0,0.0,0.0
t7293,0.0,0.0,0.0,0.0,0.0,0.0,0.0,0.0,0.0,0.0,0.0,0.0,0.0,0.0,0.0,0.0,0.0,0.0
t7294,0.0,0.0,0.0,0.0,0.0,0.0,0.0,0.0,0.0,0.0,0.0,0.0,0.0,0.0,0.0,0.0,0.0,0.0
t7295,0.0,0.0,0.0,0.0,0.0,0.0,0.0,0.0,0.0,0.0,0.0,0.0,0.0,0.0,0.0,0.0,0.0,0.0
t7296,0.0,0.0,0.0,0.0,0.0,0.0,0.0,0.0,0.0,0.0,0.0,0.0,0.0,0.0,0.0,0.0,0.0,0.0
t7297,0.0,0.0,0.0,0.0,0.0,0.0,0.0,0.0,0.0,0.0,0.0,0.0,0.0,0.0,0.0,0.0,0.0,0.0
t7298,0.0,0.0,0.0,0.0,0.0,0.0,0.0,0.0,0.0,0.0,0.0,0.0,0.0,0.0,0.0,0.0,0.0,0.0
t7299,0.0,0.0,0.0,0.0,0.0,0.0,0.0,0.0,0.0,0.0,0.0,0.0,0.0,0.0,0.0,0.0,0.0,0.0
t7300,0.0,0.0,0.0,0.0,0.0,0.0,0.0,0.0,0.0,0.0,0.0,0.0,0.0,0.0,0.0,0.0,0.0,0.0
t7301,0.0,0.0,0.0,0.0,0.0,0.0,0.0,0.0,0.0,0.0,0.0,0.0,0.0,0.0,0.0,0.0,0.0,0.0
t7302,0.0,0.0,0.0,0.0,0.0,0.0,0.0,0.0,0.0,0.0,0.0,0.0,0.0,0.0,0.0,0.0,0.0,0.0
t7303,0.0,0.0,0.0,0.0,0.0,0.0,0.0,0.0,0.0,0.0,0.0,0.0,0.0,0.0,0.0,0.0,0.0,0.0
t7304,0.0,0.0,0.0,0.0,0.0,0.0,0.0,0.0,0.0,0.0,0.0,0.0,0.0,0.0,0.0,0.0,0.0,0.0
t7305,1220.0,120.0,0.0,0.0,0.0,1347.9944997608886,1113.8964974912556,1950.0,0.0,0.0,0.0,0.0,0.0,0.0,0.0,0.0,0.0,5751.890997252144
t7306,1220.0,25.96458458726457,0.0,0.0,0.0,5896.583135420201,722.8087443,0.0,0.0,0.0,0.0,0.0,0.0,0.0,0.0,0.0,0.0,7865.356464307466
t7307,1220.0,0.0,0.0,0.0,0.0,5741.673747235351,859.4009797400004,1950.0,0.0,0.0,0.0,0.0,0.0,0.0,0.0,0.0,0.0,9771.074726975352
t7308,0.0,120.0,0.0,0.0,0.0,5448.694474516166,1590.0,1950.0,0.0,0.0,0.0,0.0,0.0,0.0,0.0,0.0,0.0,9108.694474516167
t7309,1220.0,0.0,0.0,0.0,0.0,7921.5492034437775,1036.1450897299997,421.9244995430499,0.0,0.0,0.0,0.0,0.0,0.0,0.0,0.0,0.0,10599.618792716827
t7310,0.0,120.0,0.0,0.0,0.0,7189.021061985942,861.4398545700001,0.0,0.0,0.0,0.0,0.0,0.0,0.0,0.0,0.0,0.0,8170.460916555941
t7311,263.9732766371902,120.0,0.0,0.0,0.0,2926.0976833029995,520.3395799500001,1950.0,0.0,0.0,0.0,0.0,0.0,0.0,0.0,0.0,0.0,5780.41053989019
t7312,0.0,0.0,0.0,0.0,0.0,0.0,0.0,0.0,0.0,0.0,0.0,0.0,0.0,0.0,0.0,0.0,0.0,0.0
t7313,0.0,0.0,0.0,0.0,0.0,0.0,0.0,0.0,0.0,0.0,0.0,0.0,0.0,0.0,0.0,0.0,0.0,0.0
t7314,0.0,0.0,0.0,0.0,0.0,0.0,0.0,0.0,0.0,0.0,0.0,0.0,0.0,0.0,0.0,0.0,0.0,0.0
t7315,0.0,0.0,0.0,0.0,0.0,0.0,0.0,0.0,0.0,0.0,0.0,0.0,0.0,0.0,0.0,0.0,0.0,0.0
t7316,0.0,0.0,0.0,0.0,0.0,0.0,0.0,0.0,0.0,0.0,0.0,0.0,0.0,0.0,0.0,0.0,0.0,0.0
t7317,0.0,0.0,0.0,0.0,0.0,0.0,0.0,0.0,0.0,0.0,0.0,0.0,0.0,0.0,0.0,0.0,0.0,0.0
t7318,0.0,0.0,0.0,0.0,0.0,0.0,0.0,0.0,0.0,0.0,0.0,0.0,0.0,0.0,0.0,0.0,0.0,0.0
t7319,0.0,0.0,0.0,0.0,0.0,0.0,0.0,0.0,0.0,0.0,0.0,0.0,0.0,0.0,0.0,0.0,0.0,0.0
t7320,0.0,0.0,0.0,0.0,0.0,0.0,0.0,0.0,0.0,0.0,0.0,0.0,0.0,0.0,0.0,0.0,0.0,0.0
t7321,0.0,0.0,0.0,0.0,0.0,0.0,0.0,0.0,0.0,0.0,0.0,0.0,0.0,0.0,0.0,0.0,0.0,0.0
t7322,0.0,0.0,0.0,0.0,0.0,0.0,0.0,0.0,0.0,0.0,0.0,0.0,0.0,0.0,0.0,0.0,0.0,0.0
t7323,0.0,0.0,0.0,0.0,0.0,0.0,0.0,0.0,0.0,0.0,0.0,0.0,0.0,0.0,0.0,0.0,0.0,0.0
t7324,0.0,0.0,0.0,0.0,0.0,0.0,0.0,0.0,0.0,0.0,0.0,0.0,0.0,0.0,0.0,0.0,0.0,0.0
t7325,0.0,0.0,0.0,0.0,0.0,0.0,0.0,0.0,0.0,0.0,0.0,0.0,0.0,0.0,0.0,0.0,0.0,0.0
t7326,0.0,0.0,0.0,0.0,0.0,0.0,0.0,0.0,0.0,0.0,0.0,0.0,0.0,0.0,0.0,0.0,0.0,0.0
t7327,0.0,0.0,0.0,0.0,0.0,0.0,0.0,0.0,0.0,0.0,0.0,0.0,0.0,0.0,0.0,0.0,0.0,0.0
t7328,0.0,0.0,0.0,0.0,0.0,0.0,0.0,0.0,0.0,0.0,0.0,0.0,0.0,0.0,0.0,0.0,0.0,0.0
t7329,404.96171585719117,120.0,0.0,0.0,0.0,1431.7796897457495,860.2016092400004,0.0,0.0,0.0,0.0,0.0,0.0,0.0,0.0,0.0,0.0,2816.943014842941
t7330,964.0961727799993,0.0,0.0,0.0,0.0,2208.9906672658976,369.8871704912567,1950.0,0.0,0.0,0.0,0.0,0.0,0.0,0.0,0.0,0.0,5492.974010537153
t7331,1220.0,0.0,0.0,0.0,0.0,4586.731487539673,1590.0,0.0,0.0,0.0,0.0,0.0,0.0,0.0,0.0,0.0,0.0,7396.731487539673
t7332,858.9180247799999,54.03591808949564,0.0,0.0,0.0,6171.865114895837,1590.0,0.0,0.0,0.0,0.0,0.0,0.0,0.0,0.0,0.0,0.0,8674.819057765333
t7333,1220.0,0.0,0.0,0.0,0.0,3891.125591855423,703.9419660499999,1950.0,0.0,0.0,0.0,0.0,0.0,0.0,0.0,0.0,0.0,7765.067557905423
t7334,475.99736321999995,0.0,0.0,0.0,0.0,4695.519650473788,1590.0,0.0,0.0,0.0,0.0,0.0,0.0,0.0,0.0,0.0,0.0,6761.517013693788
t7335,0.0,120.0,0.0,0.0,0.0,3308.0623680319154,0.0,0.0,0.0,0.0,0.0,0.0,0.0,0.0,0.0,0.0,0.0,3428.0623680319154
t7336,0.0,0.0,0.0,0.0,0.0,0.0,0.0,0.0,0.0,0.0,0.0,0.0,0.0,0.0,0.0,0.0,0.0,0.0
t7337,0.0,0.0,0.0,0.0,0.0,0.0,0.0,0.0,0.0,0.0,0.0,0.0,0.0,0.0,0.0,0.0,0.0,0.0
t7338,0.0,0.0,0.0,0.0,0.0,0.0,0.0,0.0,0.0,0.0,0.0,0.0,0.0,0.0,0.0,0.0,0.0,0.0
t7339,0.0,0.0,0.0,0.0,0.0,0.0,0.0,0.0,0.0,0.0,0.0,0.0,0.0,0.0,0.0,0.0,0.0,0.0
t7340,0.0,0.0,0.0,0.0,0.0,0.0,0.0,0.0,0.0,0.0,0.0,0.0,0.0,0.0,0.0,0.0,0.0,0.0
t7341,0.0,0.0,0.0,0.0,0.0,0.0,0.0,0.0,0.0,0.0,0.0,0.0,0.0,0.0,0.0,0.0,0.0,0.0
t7342,0.0,0.0,0.0,0.0,0.0,0.0,0.0,0.0,0.0,0.0,0.0,0.0,0.0,0.0,0.0,0.0,0.0,0.0
t7343,0.0,0.0,0.0,0.0,0.0,0.0,0.0,0.0,0.0,0.0,0.0,0.0,0.0,0.0,0.0,0.0,0.0,0.0
t7344,0.0,0.0,0.0,0.0,0.0,0.0,0.0,0.0,0.0,0.0,0.0,0.0,0.0,0.0,0.0,0.0,0.0,0.0
t7345,0.0,0.0,0.0,0.0,0.0,0.0,0.0,0.0,0.0,0.0,0.0,0.0,0.0,0.0,0.0,0.0,0.0,0.0
t7346,0.0,0.0,0.0,0.0,0.0,0.0,0.0,0.0,0.0,0.0,0.0,0.0,0.0,0.0,0.0,0.0,0.0,0.0
t7347,0.0,0.0,0.0,0.0,0.0,0.0,0.0,0.0,0.0,0.0,0.0,0.0,0.0,0.0,0.0,0.0,0.0,0.0
t7348,0.0,0.0,0.0,0.0,0.0,0.0,0.0,0.0,0.0,0.0,0.0,0.0,0.0,0.0,0.0,0.0,0.0,0.0
t7349,0.0,0.0,0.0,0.0,0.0,0.0,0.0,0.0,0.0,0.0,0.0,0.0,0.0,0.0,0.0,0.0,0.0,0.0
t7350,0.0,0.0,0.0,0.0,0.0,0.0,0.0,0.0,0.0,0.0,0.0,0.0,0.0,0.0,0.0,0.0,0.0,0.0
t7351,0.0,0.0,0.0,0.0,0.0,0.0,0.0,0.0,0.0,0.0,0.0,0.0,0.0,0.0,0.0,0.0,0.0,0.0
t7352,0.0,0.0,0.0,0.0,0.0,0.0,0.0,0.0,0.0,0.0,0.0,0.0,0.0,0.0,0.0,0.0,0.0,0.0
t7353,1220.0,120.0,756.4046403600001,0.0,0.0,0.0,0.0,1470.9833323730493,0.0,0.0,0.0,0.0,0.0,0.0,0.0,0.0,0.0,3567.3879727330495
t7354,0.0,120.0,1407.4642547180713,0.0,0.0,5952.484972775268,1180.6805649856917,1950.0,0.0,0.0,0.0,0.0,0.0,0.0,0.0,0.0,0.0,10610.62979247903
t7355,1220.0,0.0,1059.9093549799998,0.0,0.0,7491.791950318924,1367.4117272155654,0.0,0.0,0.0,0.0,0.0,0.0,0.0,0.0,0.0,0.0,11139.11303251449
t7356,1220.0,25.964584587264586,1110.4921935999998,0.0,0.0,7715.791690227392,1192.4808895400001,1950.0,0.0,0.0,0.0,0.0,0.0,0.0,0.0,0.0,0.0,13214.729357954657
t7357,0.0,0.0,1036.7006126000006,0.0,0.0,6332.366380743809,1224.0987555500003,0.0,0.0,0.0,0.0,0.0,0.0,0.0,0.0,0.0,0.0,8593.165748893809
t7358,263.9732766371902,120.0,928.2238406600002,0.0,0.0,3913.7264447408243,1068.0991417100001,1950.0,0.0,0.0,0.0,0.0,0.0,0.0,0.0,0.0,0.0,8244.022703748014
t7359,1220.0,120.0,531.32699501,0.0,0.0,5065.452366859112,671.25966678,900.9411671700012,0.0,0.0,0.0,0.0,0.0,0.0,0.0,0.0,0.0,8508.980195819113
t7360,0.0,0.0,0.0,0.0,0.0,0.0,0.0,0.0,0.0,0.0,0.0,0.0,0.0,0.0,0.0,0.0,0.0,0.0
t7361,0.0,0.0,0.0,0.0,0.0,0.0,0.0,0.0,0.0,0.0,0.0,0.0,0.0,0.0,0.0,0.0,0.0,0.0
t7362,0.0,0.0,0.0,0.0,0.0,0.0,0.0,0.0,0.0,0.0,0.0,0.0,0.0,0.0,0.0,0.0,0.0,0.0
t7363,0.0,0.0,0.0,0.0,0.0,0.0,0.0,0.0,0.0,0.0,0.0,0.0,0.0,0.0,0.0,0.0,0.0,0.0
t7364,0.0,0.0,0.0,0.0,0.0,0.0,0.0,0.0,0.0,0.0,0.0,0.0,0.0,0.0,0.0,0.0,0.0,0.0
t7365,0.0,0.0,0.0,0.0,0.0,0.0,0.0,0.0,0.0,0.0,0.0,0.0,0.0,0.0,0.0,0.0,0.0,0.0
t7366,0.0,0.0,0.0,0.0,0.0,0.0,0.0,0.0,0.0,0.0,0.0,0.0,0.0,0.0,0.0,0.0,0.0,0.0
t7367,0.0,0.0,0.0,0.0,0.0,0.0,0.0,0.0,0.0,0.0,0.0,0.0,0.0,0.0,0.0,0.0,0.0,0.0
t7368,0.0,0.0,0.0,0.0,0.0,0.0,0.0,0.0,0.0,0.0,0.0,0.0,0.0,0.0,0.0,0.0,0.0,0.0
t7369,0.0,0.0,0.0,0.0,0.0,0.0,0.0,0.0,0.0,0.0,0.0,0.0,0.0,0.0,0.0,0.0,0.0,0.0
t7370,0.0,0.0,0.0,0.0,0.0,0.0,0.0,0.0,0.0,0.0,0.0,0.0,0.0,0.0,0.0,0.0,0.0,0.0
t7371,0.0,0.0,0.0,0.0,0.0,0.0,0.0,0.0,0.0,0.0,0.0,0.0,0.0,0.0,0.0,0.0,0.0,0.0
t7372,0.0,0.0,0.0,0.0,0.0,0.0,0.0,0.0,0.0,0.0,0.0,0.0,0.0,0.0,0.0,0.0,0.0,0.0
t7373,0.0,0.0,0.0,0.0,0.0,0.0,0.0,0.0,0.0,0.0,0.0,0.0,0.0,0.0,0.0,0.0,0.0,0.0
t7374,0.0,0.0,0.0,0.0,0.0,0.0,0.0,0.0,0.0,0.0,0.0,0.0,0.0,0.0,0.0,0.0,0.0,0.0
t7375,0.0,0.0,0.0,0.0,0.0,0.0,0.0,0.0,0.0,0.0,0.0,0.0,0.0,0.0,0.0,0.0,0.0,0.0
t7376,0.0,0.0,0.0,0.0,0.0,0.0,0.0,0.0,0.0,0.0,0.0,0.0,0.0,0.0,0.0,0.0,0.0,0.0
t7377,0.0,0.0,0.0,0.0,0.0,0.0,0.0,0.0,0.0,0.0,0.0,0.0,0.0,0.0,0.0,0.0,0.0,0.0
t7378,0.0,0.0,0.0,0.0,0.0,0.0,935.9692753671101,0.0,0.0,0.0,0.0,0.0,0.0,0.0,0.0,0.0,0.0,935.9692753671101
t7379,1220.0,120.0,0.0,0.0,0.0,4888.491109479947,1581.4674744,0.0,0.0,0.0,0.0,0.0,0.0,0.0,0.0,0.0,0.0,7809.958583879947
t7380,1220.0,0.0,0.0,0.0,0.0,6285.303511338084,1590.0,1950.0,0.0,0.0,0.0,0.0,0.0,0.0,0.0,0.0,0.0,11045.303511338083
t7381,1131.5024837800001,0.0,0.0,0.0,107.40658924823073,4506.109294136715,1590.0,1950.0,0.0,0.0,0.0,0.0,0.0,0.0,0.0,0.0,0.0,9285.018367164947
t7382,843.4158492200004,0.0,0.0,0.0,0.0,6005.351973937288,506.8151537600002,0.0,0.0,0.0,0.0,0.0,0.0,0.0,0.0,0.0,0.0,7355.582976917289
t7383,206.94910370000005,0.0,0.0,0.0,0.0,3713.509259284075,499.77884225414687,0.0,0.0,0.0,0.0,0.0,0.0,0.0,0.0,0.0,0.0,4420.2372052382225
t7384,0.0,0.0,0.0,0.0,0.0,0.0,0.0,0.0,0.0,0.0,0.0,0.0,0.0,0.0,0.0,0.0,0.0,0.0
t7385,0.0,0.0,0.0,0.0,0.0,0.0,0.0,0.0,0.0,0.0,0.0,0.0,0.0,0.0,0.0,0.0,0.0,0.0
t7386,0.0,0.0,0.0,0.0,0.0,0.0,0.0,0.0,0.0,0.0,0.0,0.0,0.0,0.0,0.0,0.0,0.0,0.0
t7387,0.0,0.0,0.0,0.0,0.0,0.0,0.0,0.0,0.0,0.0,0.0,0.0,0.0,0.0,0.0,0.0,0.0,0.0
t7388,0.0,0.0,0.0,0.0,0.0,0.0,0.0,0.0,0.0,0.0,0.0,0.0,0.0,0.0,0.0,0.0,0.0,0.0
t7389,0.0,0.0,0.0,0.0,0.0,0.0,0.0,0.0,0.0,0.0,0.0,0.0,0.0,0.0,0.0,0.0,0.0,0.0
t7390,0.0,0.0,0.0,0.0,0.0,0.0,0.0,0.0,0.0,0.0,0.0,0.0,0.0,0.0,0.0,0.0,0.0,0.0
t7391,0.0,0.0,0.0,0.0,0.0,0.0,0.0,0.0,0.0,0.0,0.0,0.0,0.0,0.0,0.0,0.0,0.0,0.0
t7392,0.0,0.0,0.0,0.0,0.0,0.0,0.0,0.0,0.0,0.0,0.0,0.0,0.0,0.0,0.0,0.0,0.0,0.0
t7393,0.0,0.0,0.0,0.0,0.0,0.0,0.0,0.0,0.0,0.0,0.0,0.0,0.0,0.0,0.0,0.0,0.0,0.0
t7394,0.0,0.0,0.0,0.0,0.0,0.0,0.0,0.0,0.0,0.0,0.0,0.0,0.0,0.0,0.0,0.0,0.0,0.0
t7395,0.0,0.0,0.0,0.0,0.0,0.0,0.0,0.0,0.0,0.0,0.0,0.0,0.0,0.0,0.0,0.0,0.0,0.0
t7396,0.0,0.0,0.0,0.0,0.0,0.0,0.0,0.0,0.0,0.0,0.0,0.0,0.0,0.0,0.0,0.0,0.0,0.0
t7397,0.0,0.0,0.0,0.0,0.0,0.0,0.0,0.0,0.0,0.0,0.0,0.0,0.0,0.0,0.0,0.0,0.0,0.0
t7398,0.0,0.0,0.0,0.0,0.0,0.0,0.0,0.0,0.0,0.0,0.0,0.0,0.0,0.0,0.0,0.0,0.0,0.0
t7399,0.0,0.0,0.0,0.0,0.0,0.0,0.0,0.0,0.0,0.0,0.0,0.0,0.0,0.0,0.0,0.0,0.0,0.0
t7400,0.0,0.0,0.0,0.0,0.0,0.0,0.0,0.0,0.0,0.0,0.0,0.0,0.0,0.0,0.0,0.0,0.0,0.0
t7401,1220.0,120.0,0.0,0.0,0.0,965.5497616542306,1207.9527257699997,0.0,0.0,0.0,0.0,0.0,0.0,0.0,0.0,0.0,0.0,3513.5024874242304
t7402,1044.29448934,0.0,0.0,0.0,0.0,1279.489227702165,409.7822122679675,1950.0,0.0,0.0,0.0,0.0,0.0,0.0,0.0,0.0,0.0,4683.565929310133
t7403,0.0,0.0,0.0,0.0,0.0,3445.0107049163043,1590.0,0.0,0.0,0.0,0.0,0.0,0.0,0.0,0.0,0.0,0.0,5035.010704916304
t7404,1220.0,120.0,0.0,0.0,0.0,1210.6893247037622,1364.84837722,0.0,0.0,0.0,0.0,0.0,0.0,0.0,0.0,0.0,0.0,3915.537701923762
t7405,1220.0,0.0,0.0,0.0,0.0,5442.69600551021,1363.69013046,0.0,0.0,0.0,0.0,0.0,0.0,0.0,0.0,0.0,0.0,8026.38613597021
t7406,439.6787872971904,120.0,0.0,0.0,0.0,0.0,767.7573000632896,0.0,0.0,0.0,0.0,0.0,0.0,0.0,0.0,0.0,0.0,1327.43608736048
t7407,0.0,0.0,0.0,0.0,0.0,0.0,0.0,0.0,0.0,0.0,0.0,0.0,0.0,0.0,0.0,0.0,0.0,0.0
t7408,0.0,0.0,0.0,0.0,0.0,0.0,0.0,0.0,0.0,0.0,0.0,0.0,0.0,0.0,0.0,0.0,0.0,0.0
t7409,0.0,0.0,0.0,0.0,0.0,0.0,0.0,0.0,0.0,0.0,0.0,0.0,0.0,0.0,0.0,0.0,0.0,0.0
t7410,0.0,0.0,0.0,0.0,0.0,0.0,0.0,0.0,0.0,0.0,0.0,0.0,0.0,0.0,0.0,0.0,0.0,0.0
t7411,0.0,0.0,0.0,0.0,0.0,0.0,0.0,0.0,0.0,0.0,0.0,0.0,0.0,0.0,0.0,0.0,0.0,0.0
t7412,0.0,0.0,0.0,0.0,0.0,0.0,0.0,0.0,0.0,0.0,0.0,0.0,0.0,0.0,0.0,0.0,0.0,0.0
t7413,0.0,0.0,0.0,0.0,0.0,0.0,0.0,0.0,0.0,0.0,0.0,0.0,0.0,0.0,0.0,0.0,0.0,0.0
t7414,0.0,0.0,0.0,0.0,0.0,0.0,0.0,0.0,0.0,0.0,0.0,0.0,0.0,0.0,0.0,0.0,0.0,0.0
t7415,0.0,0.0,0.0,0.0,0.0,0.0,0.0,0.0,0.0,0.0,0.0,0.0,0.0,0.0,0.0,0.0,0.0,0.0
t7416,0.0,0.0,0.0,0.0,0.0,0.0,0.0,0.0,0.0,0.0,0.0,0.0,0.0,0.0,0.0,0.0,0.0,0.0
t7417,0.0,0.0,0.0,0.0,0.0,0.0,0.0,0.0,0.0,0.0,0.0,0.0,0.0,0.0,0.0,0.0,0.0,0.0
t7418,0.0,0.0,0.0,0.0,0.0,0.0,0.0,0.0,0.0,0.0,0.0,0.0,0.0,0.0,0.0,0.0,0.0,0.0
t7419,0.0,0.0,0.0,0.0,0.0,0.0,0.0,0.0,0.0,0.0,0.0,0.0,0.0,0.0,0.0,0.0,0.0,0.0
t7420,0.0,0.0,0.0,0.0,0.0,0.0,0.0,0.0,0.0,0.0,0.0,0.0,0.0,0.0,0.0,0.0,0.0,0.0
t7421,0.0,0.0,0.0,0.0,0.0,0.0,0.0,0.0,0.0,0.0,0.0,0.0,0.0,0.0,0.0,0.0,0.0,0.0
t7422,0.0,0.0,0.0,0.0,0.0,0.0,0.0,0.0,0.0,0.0,0.0,0.0,0.0,0.0,0.0,0.0,0.0,0.0
t7423,0.0,0.0,0.0,0.0,0.0,0.0,0.0,0.0,0.0,0.0,0.0,0.0,0.0,0.0,0.0,0.0,0.0,0.0
t7424,0.0,0.0,0.0,0.0,0.0,0.0,0.0,0.0,0.0,0.0,0.0,0.0,0.0,0.0,0.0,0.0,0.0,0.0
t7425,790.2914237800007,120.0,0.0,0.0,0.0,1212.4259018558319,0.0,0.0,0.0,0.0,0.0,0.0,0.0,0.0,0.0,0.0,0.0,2122.717325635833
t7426,0.0,0.0,0.0,0.0,0.0,1843.360555866545,527.6297431500001,301.72220036777617,0.0,0.0,0.0,0.0,0.0,0.0,0.0,0.0,0.0,2672.7124993843213
t7427,0.0,0.0,0.0,0.0,0.0,5586.8421610585965,789.1707273699999,0.0,0.0,0.0,0.0,0.0,0.0,0.0,0.0,0.0,0.0,6376.012888428597
t7428,853.2275950371899,0.0,0.0,0.0,0.0,5262.427395886218,1590.0,0.0,0.0,0.0,0.0,0.0,0.0,0.0,0.0,0.0,0.0,7705.654990923407
t7429,1220.0,0.0,0.0,0.0,0.0,5230.371000394573,1590.0,1950.0,0.0,0.0,0.0,0.0,0.0,0.0,0.0,0.0,0.0,9990.371000394573
t7430,1060.4542578199996,120.0,0.0,0.0,0.0,5581.213689754658,1240.7829535212568,0.0,0.0,0.0,0.0,0.0,0.0,0.0,0.0,0.0,0.0,8002.450901095915
t7431,1220.0,0.0,0.0,0.0,0.0,3476.00920813089,966.4473217399999,0.0,0.0,0.0,0.0,0.0,0.0,0.0,0.0,0.0,0.0,5662.45652987089
t7432,0.0,29.107323707121573,0.0,0.0,0.0,0.0,0.0,0.0,0.0,0.0,0.0,0.0,0.0,0.0,0.0,0.0,0.0,29.107323707121573
t7433,0.0,0.0,0.0,0.0,0.0,0.0,0.0,0.0,0.0,0.0,0.0,0.0,0.0,0.0,0.0,0.0,0.0,0.0
t7434,0.0,0.0,0.0,0.0,0.0,0.0,0.0,0.0,0.0,0.0,0.0,0.0,0.0,0.0,0.0,0.0,0.0,0.0
t7435,0.0,0.0,0.0,0.0,0.0,0.0,0.0,0.0,0.0,0.0,0.0,0.0,0.0,0.0,0.0,0.0,0.0,0.0
t7436,0.0,0.0,0.0,0.0,0.0,0.0,0.0,0.0,0.0,0.0,0.0,0.0,0.0,0.0,0.0,0.0,0.0,0.0
t7437,0.0,0.0,0.0,0.0,0.0,0.0,0.0,0.0,0.0,0.0,0.0,0.0,0.0,0.0,0.0,0.0,0.0,0.0
t7438,0.0,0.0,0.0,0.0,0.0,0.0,0.0,0.0,0.0,0.0,0.0,0.0,0.0,0.0,0.0,0.0,0.0,0.0
t7439,0.0,0.0,0.0,0.0,0.0,0.0,0.0,0.0,0.0,0.0,0.0,0.0,0.0,0.0,0.0,0.0,0.0,0.0
t7440,0.0,0.0,0.0,0.0,0.0,0.0,0.0,0.0,0.0,0.0,0.0,0.0,0.0,0.0,0.0,0.0,0.0,0.0
t7441,0.0,0.0,0.0,0.0,0.0,0.0,0.0,0.0,0.0,0.0,0.0,0.0,0.0,0.0,0.0,0.0,0.0,0.0
t7442,0.0,0.0,0.0,0.0,0.0,0.0,0.0,0.0,0.0,0.0,0.0,0.0,0.0,0.0,0.0,0.0,0.0,0.0
t7443,0.0,0.0,0.0,0.0,0.0,0.0,0.0,0.0,0.0,0.0,0.0,0.0,0.0,0.0,0.0,0.0,0.0,0.0
t7444,0.0,0.0,0.0,0.0,0.0,0.0,0.0,0.0,0.0,0.0,0.0,0.0,0.0,0.0,0.0,0.0,0.0,0.0
t7445,0.0,0.0,0.0,0.0,0.0,0.0,0.0,0.0,0.0,0.0,0.0,0.0,0.0,0.0,0.0,0.0,0.0,0.0
t7446,0.0,0.0,0.0,0.0,0.0,0.0,0.0,0.0,0.0,0.0,0.0,0.0,0.0,0.0,0.0,0.0,0.0,0.0
t7447,0.0,0.0,0.0,0.0,0.0,0.0,0.0,0.0,0.0,0.0,0.0,0.0,0.0,0.0,0.0,0.0,0.0,0.0
t7448,0.0,0.0,0.0,0.0,0.0,0.0,0.0,0.0,0.0,0.0,0.0,0.0,0.0,0.0,0.0,0.0,0.0,0.0
t7449,559.6157547400009,120.0,0.0,0.0,0.0,2986.960726586333,112.21414059125625,0.0,0.0,0.0,0.0,0.0,0.0,0.0,0.0,0.0,0.0,3778.7906219175898
t7450,906.3280473000002,0.0,0.0,0.0,0.0,3550.564465985514,1590.0,1950.0,0.0,0.0,0.0,0.0,0.0,0.0,0.0,0.0,0.0,7996.892513285514
t7451,967.6881932999994,0.0,0.0,0.0,0.0,7248.06956846053,941.5510631399999,0.0,0.0,0.0,0.0,0.0,0.0,0.0,0.0,0.0,0.0,9157.308824900529
t7452,1013.1641997799999,64.22659608243202,0.0,0.0,0.0,5972.275572218265,1085.00391424,1950.0,0.0,0.0,0.0,0.0,0.0,0.0,0.0,0.0,0.0,10084.670282320696
t7453,990.97425778,0.0,0.0,0.0,0.0,5633.103320112416,1590.0,1950.0,0.0,0.0,0.0,0.0,0.0,0.0,0.0,0.0,0.0,10164.077577892416
t7454,161.95585507719022,0.0,0.0,0.0,0.0,5563.21719181611,1385.2616278100002,0.0,0.0,0.0,0.0,0.0,0.0,0.0,0.0,0.0,0.0,7110.4346747033005
t7455,544.2469686600001,120.0,0.0,0.0,0.0,4714.927123425183,0.0,0.0,0.0,0.0,0.0,0.0,0.0,0.0,0.0,0.0,0.0,5379.174092085183
t7456,0.0,0.0,0.0,0.0,0.0,0.0,0.0,0.0,0.0,0.0,0.0,0.0,0.0,0.0,0.0,0.0,0.0,0.0
t7457,0.0,0.0,0.0,0.0,0.0,0.0,0.0,0.0,0.0,0.0,0.0,0.0,0.0,0.0,0.0,0.0,0.0,0.0
t7458,0.0,0.0,0.0,0.0,0.0,0.0,0.0,0.0,0.0,0.0,0.0,0.0,0.0,0.0,0.0,0.0,0.0,0.0
t7459,0.0,0.0,0.0,0.0,0.0,0.0,0.0,0.0,0.0,0.0,0.0,0.0,0.0,0.0,0.0,0.0,0.0,0.0
t7460,0.0,0.0,0.0,0.0,0.0,0.0,0.0,0.0,0.0,0.0,0.0,0.0,0.0,0.0,0.0,0.0,0.0,0.0
t7461,0.0,0.0,0.0,0.0,0.0,0.0,0.0,0.0,0.0,0.0,0.0,0.0,0.0,0.0,0.0,0.0,0.0,0.0
t7462,0.0,0.0,0.0,0.0,0.0,0.0,0.0,0.0,0.0,0.0,0.0,0.0,0.0,0.0,0.0,0.0,0.0,0.0
t7463,0.0,0.0,0.0,0.0,0.0,0.0,0.0,0.0,0.0,0.0,0.0,0.0,0.0,0.0,0.0,0.0,0.0,0.0
t7464,0.0,0.0,0.0,0.0,0.0,0.0,0.0,0.0,0.0,0.0,0.0,0.0,0.0,0.0,0.0,0.0,0.0,0.0
t7465,0.0,0.0,0.0,0.0,0.0,0.0,0.0,0.0,0.0,0.0,0.0,0.0,0.0,0.0,0.0,0.0,0.0,0.0
t7466,0.0,0.0,0.0,0.0,0.0,0.0,0.0,0.0,0.0,0.0,0.0,0.0,0.0,0.0,0.0,0.0,0.0,0.0
t7467,0.0,0.0,0.0,0.0,0.0,0.0,0.0,0.0,0.0,0.0,0.0,0.0,0.0,0.0,0.0,0.0,0.0,0.0
t7468,0.0,0.0,0.0,0.0,0.0,0.0,0.0,0.0,0.0,0.0,0.0,0.0,0.0,0.0,0.0,0.0,0.0,0.0
t7469,0.0,0.0,0.0,0.0,0.0,0.0,0.0,0.0,0.0,0.0,0.0,0.0,0.0,0.0,0.0,0.0,0.0,0.0
t7470,0.0,0.0,0.0,0.0,0.0,0.0,0.0,0.0,0.0,0.0,0.0,0.0,0.0,0.0,0.0,0.0,0.0,0.0
t7471,0.0,0.0,0.0,0.0,0.0,0.0,0.0,0.0,0.0,0.0,0.0,0.0,0.0,0.0,0.0,0.0,0.0,0.0
t7472,0.0,0.0,0.0,0.0,0.0,0.0,0.0,0.0,0.0,0.0,0.0,0.0,0.0,0.0,0.0,0.0,0.0,0.0
t7473,1220.0,120.0,0.0,0.0,0.0,1347.9944997608886,1113.8964974912556,1950.0,0.0,0.0,0.0,0.0,0.0,0.0,0.0,0.0,0.0,5751.890997252144
t7474,1220.0,25.96458458726457,0.0,0.0,0.0,5896.583135420201,722.8087443,0.0,0.0,0.0,0.0,0.0,0.0,0.0,0.0,0.0,0.0,7865.356464307466
t7475,1220.0,0.0,0.0,0.0,0.0,5741.673747235351,859.4009797400004,1950.0,0.0,0.0,0.0,0.0,0.0,0.0,0.0,0.0,0.0,9771.074726975352
t7476,0.0,120.0,0.0,0.0,0.0,5448.694474516166,1590.0,1950.0,0.0,0.0,0.0,0.0,0.0,0.0,0.0,0.0,0.0,9108.694474516167
t7477,1220.0,0.0,0.0,0.0,0.0,7921.5492034437775,1036.1450897299997,421.9244995430499,0.0,0.0,0.0,0.0,0.0,0.0,0.0,0.0,0.0,10599.618792716827
t7478,0.0,120.0,0.0,0.0,0.0,7189.021061985942,861.4398545700001,0.0,0.0,0.0,0.0,0.0,0.0,0.0,0.0,0.0,0.0,8170.460916555941
t7479,263.9732766371902,120.0,0.0,0.0,0.0,2926.0976833029995,520.3395799500001,1950.0,0.0,0.0,0.0,0.0,0.0,0.0,0.0,0.0,0.0,5780.41053989019
t7480,0.0,0.0,0.0,0.0,0.0,0.0,0.0,0.0,0.0,0.0,0.0,0.0,0.0,0.0,0.0,0.0,0.0,0.0
t7481,0.0,0.0,0.0,0.0,0.0,0.0,0.0,0.0,0.0,0.0,0.0,0.0,0.0,0.0,0.0,0.0,0.0,0.0
t7482,0.0,0.0,0.0,0.0,0.0,0.0,0.0,0.0,0.0,0.0,0.0,0.0,0.0,0.0,0.0,0.0,0.0,0.0
t7483,0.0,0.0,0.0,0.0,0.0,0.0,0.0,0.0,0.0,0.0,0.0,0.0,0.0,0.0,0.0,0.0,0.0,0.0
t7484,0.0,0.0,0.0,0.0,0.0,0.0,0.0,0.0,0.0,0.0,0.0,0.0,0.0,0.0,0.0,0.0,0.0,0.0
t7485,0.0,0.0,0.0,0.0,0.0,0.0,0.0,0.0,0.0,0.0,0.0,0.0,0.0,0.0,0.0,0.0,0.0,0.0
t7486,0.0,0.0,0.0,0.0,0.0,0.0,0.0,0.0,0.0,0.0,0.0,0.0,0.0,0.0,0.0,0.0,0.0,0.0
t7487,0.0,0.0,0.0,0.0,0.0,0.0,0.0,0.0,0.0,0.0,0.0,0.0,0.0,0.0,0.0,0.0,0.0,0.0
t7488,0.0,0.0,0.0,0.0,0.0,0.0,0.0,0.0,0.0,0.0,0.0,0.0,0.0,0.0,0.0,0.0,0.0,0.0
t7489,0.0,0.0,0.0,0.0,0.0,0.0,0.0,0.0,0.0,0.0,0.0,0.0,0.0,0.0,0.0,0.0,0.0,0.0
t7490,0.0,0.0,0.0,0.0,0.0,0.0,0.0,0.0,0.0,0.0,0.0,0.0,0.0,0.0,0.0,0.0,0.0,0.0
t7491,0.0,0.0,0.0,0.0,0.0,0.0,0.0,0.0,0.0,0.0,0.0,0.0,0.0,0.0,0.0,0.0,0.0,0.0
t7492,0.0,0.0,0.0,0.0,0.0,0.0,0.0,0.0,0.0,0.0,0.0,0.0,0.0,0.0,0.0,0.0,0.0,0.0
t7493,0.0,0.0,0.0,0.0,0.0,0.0,0.0,0.0,0.0,0.0,0.0,0.0,0.0,0.0,0.0,0.0,0.0,0.0
t7494,0.0,0.0,0.0,0.0,0.0,0.0,0.0,0.0,0.0,0.0,0.0,0.0,0.0,0.0,0.0,0.0,0.0,0.0
t7495,0.0,0.0,0.0,0.0,0.0,0.0,0.0,0.0,0.0,0.0,0.0,0.0,0.0,0.0,0.0,0.0,0.0,0.0
t7496,0.0,0.0,0.0,0.0,0.0,0.0,0.0,0.0,0.0,0.0,0.0,0.0,0.0,0.0,0.0,0.0,0.0,0.0
t7497,404.96171585719117,120.0,0.0,0.0,0.0,1431.7796897457495,860.2016092400004,0.0,0.0,0.0,0.0,0.0,0.0,0.0,0.0,0.0,0.0,2816.943014842941
t7498,964.0961727799993,0.0,0.0,0.0,0.0,2208.9906672658976,369.8871704912567,1950.0,0.0,0.0,0.0,0.0,0.0,0.0,0.0,0.0,0.0,5492.974010537153
t7499,1220.0,0.0,0.0,0.0,0.0,4586.731487539673,1590.0,0.0,0.0,0.0,0.0,0.0,0.0,0.0,0.0,0.0,0.0,7396.731487539673
t7500,858.9180247799999,54.03591808949564,0.0,0.0,0.0,6171.865114895837,1590.0,0.0,0.0,0.0,0.0,0.0,0.0,0.0,0.0,0.0,0.0,8674.819057765333
t7501,1220.0,0.0,0.0,0.0,0.0,3891.125591855423,703.9419660499999,1950.0,0.0,0.0,0.0,0.0,0.0,0.0,0.0,0.0,0.0,7765.067557905423
t7502,475.99736321999995,0.0,0.0,0.0,0.0,4695.519650473788,1590.0,0.0,0.0,0.0,0.0,0.0,0.0,0.0,0.0,0.0,0.0,6761.517013693788
t7503,0.0,120.0,0.0,0.0,0.0,3308.0623680319154,0.0,0.0,0.0,0.0,0.0,0.0,0.0,0.0,0.0,0.0,0.0,3428.0623680319154
t7504,0.0,0.0,0.0,0.0,0.0,0.0,0.0,0.0,0.0,0.0,0.0,0.0,0.0,0.0,0.0,0.0,0.0,0.0
t7505,0.0,0.0,0.0,0.0,0.0,0.0,0.0,0.0,0.0,0.0,0.0,0.0,0.0,0.0,0.0,0.0,0.0,0.0
t7506,0.0,0.0,0.0,0.0,0.0,0.0,0.0,0.0,0.0,0.0,0.0,0.0,0.0,0.0,0.0,0.0,0.0,0.0
t7507,0.0,0.0,0.0,0.0,0.0,0.0,0.0,0.0,0.0,0.0,0.0,0.0,0.0,0.0,0.0,0.0,0.0,0.0
t7508,0.0,0.0,0.0,0.0,0.0,0.0,0.0,0.0,0.0,0.0,0.0,0.0,0.0,0.0,0.0,0.0,0.0,0.0
t7509,0.0,0.0,0.0,0.0,0.0,0.0,0.0,0.0,0.0,0.0,0.0,0.0,0.0,0.0,0.0,0.0,0.0,0.0
t7510,0.0,0.0,0.0,0.0,0.0,0.0,0.0,0.0,0.0,0.0,0.0,0.0,0.0,0.0,0.0,0.0,0.0,0.0
t7511,0.0,0.0,0.0,0.0,0.0,0.0,0.0,0.0,0.0,0.0,0.0,0.0,0.0,0.0,0.0,0.0,0.0,0.0
t7512,0.0,0.0,0.0,0.0,0.0,0.0,0.0,0.0,0.0,0.0,0.0,0.0,0.0,0.0,0.0,0.0,0.0,0.0
t7513,0.0,0.0,0.0,0.0,0.0,0.0,0.0,0.0,0.0,0.0,0.0,0.0,0.0,0.0,0.0,0.0,0.0,0.0
t7514,0.0,0.0,0.0,0.0,0.0,0.0,0.0,0.0,0.0,0.0,0.0,0.0,0.0,0.0,0.0,0.0,0.0,0.0
t7515,0.0,0.0,0.0,0.0,0.0,0.0,0.0,0.0,0.0,0.0,0.0,0.0,0.0,0.0,0.0,0.0,0.0,0.0
t7516,0.0,0.0,0.0,0.0,0.0,0.0,0.0,0.0,0.0,0.0,0.0,0.0,0.0,0.0,0.0,0.0,0.0,0.0
t7517,0.0,0.0,0.0,0.0,0.0,0.0,0.0,0.0,0.0,0.0,0.0,0.0,0.0,0.0,0.0,0.0,0.0,0.0
t7518,0.0,0.0,0.0,0.0,0.0,0.0,0.0,0.0,0.0,0.0,0.0,0.0,0.0,0.0,0.0,0.0,0.0,0.0
t7519,0.0,0.0,0.0,0.0,0.0,0.0,0.0,0.0,0.0,0.0,0.0,0.0,0.0,0.0,0.0,0.0,0.0,0.0
t7520,0.0,0.0,0.0,0.0,0.0,0.0,0.0,0.0,0.0,0.0,0.0,0.0,0.0,0.0,0.0,0.0,0.0,0.0
t7521,1220.0,120.0,756.4046403600001,0.0,0.0,0.0,0.0,1470.9833323730493,0.0,0.0,0.0,0.0,0.0,0.0,0.0,0.0,0.0,3567.3879727330495
t7522,0.0,120.0,1407.4642547180713,0.0,0.0,5952.484972775268,1180.6805649856917,1950.0,0.0,0.0,0.0,0.0,0.0,0.0,0.0,0.0,0.0,10610.62979247903
t7523,1220.0,0.0,1059.9093549799998,0.0,0.0,7491.791950318924,1367.4117272155654,0.0,0.0,0.0,0.0,0.0,0.0,0.0,0.0,0.0,0.0,11139.11303251449
t7524,1220.0,25.964584587264586,1110.4921935999998,0.0,0.0,7715.791690227392,1192.4808895400001,1950.0,0.0,0.0,0.0,0.0,0.0,0.0,0.0,0.0,0.0,13214.729357954657
t7525,0.0,0.0,1036.7006126000006,0.0,0.0,6332.366380743809,1224.0987555500003,0.0,0.0,0.0,0.0,0.0,0.0,0.0,0.0,0.0,0.0,8593.165748893809
t7526,263.9732766371902,120.0,928.2238406600002,0.0,0.0,3913.7264447408243,1068.0991417100001,1950.0,0.0,0.0,0.0,0.0,0.0,0.0,0.0,0.0,0.0,8244.022703748014
t7527,1220.0,120.0,531.32699501,0.0,0.0,5065.452366859112,671.25966678,900.9411671700012,0.0,0.0,0.0,0.0,0.0,0.0,0.0,0.0,0.0,8508.980195819113
t7528,0.0,0.0,0.0,0.0,0.0,0.0,0.0,0.0,0.0,0.0,0.0,0.0,0.0,0.0,0.0,0.0,0.0,0.0
t7529,0.0,0.0,0.0,0.0,0.0,0.0,0.0,0.0,0.0,0.0,0.0,0.0,0.0,0.0,0.0,0.0,0.0,0.0
t7530,0.0,0.0,0.0,0.0,0.0,0.0,0.0,0.0,0.0,0.0,0.0,0.0,0.0,0.0,0.0,0.0,0.0,0.0
t7531,0.0,0.0,0.0,0.0,0.0,0.0,0.0,0.0,0.0,0.0,0.0,0.0,0.0,0.0,0.0,0.0,0.0,0.0
t7532,0.0,0.0,0.0,0.0,0.0,0.0,0.0,0.0,0.0,0.0,0.0,0.0,0.0,0.0,0.0,0.0,0.0,0.0
t7533,0.0,0.0,0.0,0.0,0.0,0.0,0.0,0.0,0.0,0.0,0.0,0.0,0.0,0.0,0.0,0.0,0.0,0.0
t7534,0.0,0.0,0.0,0.0,0.0,0.0,0.0,0.0,0.0,0.0,0.0,0.0,0.0,0.0,0.0,0.0,0.0,0.0
t7535,0.0,0.0,0.0,0.0,0.0,0.0,0.0,0.0,0.0,0.0,0.0,0.0,0.0,0.0,0.0,0.0,0.0,0.0
t7536,0.0,0.0,0.0,0.0,0.0,0.0,0.0,0.0,0.0,0.0,0.0,0.0,0.0,0.0,0.0,0.0,0.0,0.0
t7537,0.0,0.0,0.0,0.0,0.0,0.0,0.0,0.0,0.0,0.0,0.0,0.0,0.0,0.0,0.0,0.0,0.0,0.0
t7538,0.0,0.0,0.0,0.0,0.0,0.0,0.0,0.0,0.0,0.0,0.0,0.0,0.0,0.0,0.0,0.0,0.0,0.0
t7539,0.0,0.0,0.0,0.0,0.0,0.0,0.0,0.0,0.0,0.0,0.0,0.0,0.0,0.0,0.0,0.0,0.0,0.0
t7540,0.0,0.0,0.0,0.0,0.0,0.0,0.0,0.0,0.0,0.0,0.0,0.0,0.0,0.0,0.0,0.0,0.0,0.0
t7541,0.0,0.0,0.0,0.0,0.0,0.0,0.0,0.0,0.0,0.0,0.0,0.0,0.0,0.0,0.0,0.0,0.0,0.0
t7542,0.0,0.0,0.0,0.0,0.0,0.0,0.0,0.0,0.0,0.0,0.0,0.0,0.0,0.0,0.0,0.0,0.0,0.0
t7543,0.0,0.0,0.0,0.0,0.0,0.0,0.0,0.0,0.0,0.0,0.0,0.0,0.0,0.0,0.0,0.0,0.0,0.0
t7544,0.0,0.0,0.0,0.0,0.0,0.0,0.0,0.0,0.0,0.0,0.0,0.0,0.0,0.0,0.0,0.0,0.0,0.0
t7545,0.0,0.0,0.0,0.0,0.0,0.0,0.0,0.0,0.0,0.0,0.0,0.0,0.0,0.0,0.0,0.0,0.0,0.0
t7546,0.0,0.0,0.0,0.0,0.0,0.0,935.9692753671101,0.0,0.0,0.0,0.0,0.0,0.0,0.0,0.0,0.0,0.0,935.9692753671101
t7547,1220.0,120.0,0.0,0.0,0.0,4888.491109479947,1581.4674744,0.0,0.0,0.0,0.0,0.0,0.0,0.0,0.0,0.0,0.0,7809.958583879947
t7548,1220.0,0.0,0.0,0.0,0.0,6285.303511338084,1590.0,1950.0,0.0,0.0,0.0,0.0,0.0,0.0,0.0,0.0,0.0,11045.303511338083
t7549,1131.5024837800001,0.0,0.0,0.0,107.40658924823073,4506.109294136715,1590.0,1950.0,0.0,0.0,0.0,0.0,0.0,0.0,0.0,0.0,0.0,9285.018367164947
t7550,843.4158492200004,0.0,0.0,0.0,0.0,6005.351973937288,506.8151537600002,0.0,0.0,0.0,0.0,0.0,0.0,0.0,0.0,0.0,0.0,7355.582976917289
t7551,206.94910370000005,0.0,0.0,0.0,0.0,3713.509259284075,499.77884225414687,0.0,0.0,0.0,0.0,0.0,0.0,0.0,0.0,0.0,0.0,4420.2372052382225
t7552,0.0,0.0,0.0,0.0,0.0,0.0,0.0,0.0,0.0,0.0,0.0,0.0,0.0,0.0,0.0,0.0,0.0,0.0
t7553,0.0,0.0,0.0,0.0,0.0,0.0,0.0,0.0,0.0,0.0,0.0,0.0,0.0,0.0,0.0,0.0,0.0,0.0
t7554,0.0,0.0,0.0,0.0,0.0,0.0,0.0,0.0,0.0,0.0,0.0,0.0,0.0,0.0,0.0,0.0,0.0,0.0
t7555,0.0,0.0,0.0,0.0,0.0,0.0,0.0,0.0,0.0,0.0,0.0,0.0,0.0,0.0,0.0,0.0,0.0,0.0
t7556,0.0,0.0,0.0,0.0,0.0,0.0,0.0,0.0,0.0,0.0,0.0,0.0,0.0,0.0,0.0,0.0,0.0,0.0
t7557,0.0,0.0,0.0,0.0,0.0,0.0,0.0,0.0,0.0,0.0,0.0,0.0,0.0,0.0,0.0,0.0,0.0,0.0
t7558,0.0,0.0,0.0,0.0,0.0,0.0,0.0,0.0,0.0,0.0,0.0,0.0,0.0,0.0,0.0,0.0,0.0,0.0
t7559,0.0,0.0,0.0,0.0,0.0,0.0,0.0,0.0,0.0,0.0,0.0,0.0,0.0,0.0,0.0,0.0,0.0,0.0
t7560,0.0,0.0,0.0,0.0,0.0,0.0,0.0,0.0,0.0,0.0,0.0,0.0,0.0,0.0,0.0,0.0,0.0,0.0
t7561,0.0,0.0,0.0,0.0,0.0,0.0,0.0,0.0,0.0,0.0,0.0,0.0,0.0,0.0,0.0,0.0,0.0,0.0
t7562,0.0,0.0,0.0,0.0,0.0,0.0,0.0,0.0,0.0,0.0,0.0,0.0,0.0,0.0,0.0,0.0,0.0,0.0
t7563,0.0,0.0,0.0,0.0,0.0,0.0,0.0,0.0,0.0,0.0,0.0,0.0,0.0,0.0,0.0,0.0,0.0,0.0
t7564,0.0,0.0,0.0,0.0,0.0,0.0,0.0,0.0,0.0,0.0,0.0,0.0,0.0,0.0,0.0,0.0,0.0,0.0
t7565,0.0,0.0,0.0,0.0,0.0,0.0,0.0,0.0,0.0,0.0,0.0,0.0,0.0,0.0,0.0,0.0,0.0,0.0
t7566,0.0,0.0,0.0,0.0,0.0,0.0,0.0,0.0,0.0,0.0,0.0,0.0,0.0,0.0,0.0,0.0,0.0,0.0
t7567,0.0,0.0,0.0,0.0,0.0,0.0,0.0,0.0,0.0,0.0,0.0,0.0,0.0,0.0,0.0,0.0,0.0,0.0
t7568,552.6192766200003,120.0,0.0,0.0,0.0,3396.9173213631802,312.19816528000035,1950.0,0.0,0.0,0.0,0.0,0.0,0.0,0.0,0.0,0.0,6331.734763263181
t7569,931.35400001719,120.0,0.0,0.0,0.0,2455.273259576485,1586.605387561256,1950.0,0.0,0.0,0.0,0.0,0.0,0.0,0.0,0.0,0.0,7043.232647154931
t7570,1220.0,120.0,0.0,0.0,0.0,8519.773979298023,910.64258643,0.0,0.0,0.0,0.0,0.0,0.0,0.0,0.0,0.0,0.0,10770.416565728023
t7571,0.0,0.0,0.0,0.0,0.0,8450.276642053843,1032.0155738899996,0.0,0.0,0.0,0.0,0.0,0.0,0.0,0.0,0.0,0.0,9482.292215943842
t7572,1220.0,0.0,0.0,0.0,0.0,4910.5365574481675,1078.2016626099999,1950.0,0.0,0.0,0.0,0.0,0.0,0.0,0.0,0.0,0.0,9158.738220058167
t7573,1220.0,0.0,0.0,0.0,0.0,4378.151083470849,922.7653101300002,0.0,0.0,0.0,0.0,0.0,0.0,0.0,0.0,0.0,0.0,6520.916393600849
t7574,0.0,25.964584587264614,0.0,0.0,0.0,3986.8649900792425,683.9184437100001,421.9244995430499,0.0,0.0,0.0,0.0,0.0,0.0,0.0,0.0,0.0,5118.672517919557
t7575,0.0,120.0,0.0,0.0,0.0,373.81997237554066,177.68361616999994,1950.0,0.0,0.0,0.0,0.0,0.0,0.0,0.0,0.0,0.0,2621.503588545541
t7576,0.0,0.0,0.0,0.0,0.0,0.0,0.0,0.0,0.0,0.0,0.0,0.0,0.0,0.0,0.0,0.0,0.0,0.0
t7577,0.0,0.0,0.0,0.0,0.0,0.0,0.0,0.0,0.0,0.0,0.0,0.0,0.0,0.0,0.0,0.0,0.0,0.0
t7578,0.0,0.0,0.0,0.0,0.0,0.0,0.0,0.0,0.0,0.0,0.0,0.0,0.0,0.0,0.0,0.0,0.0,0.0
t7579,0.0,0.0,0.0,0.0,0.0,0.0,0.0,0.0,0.0,0.0,0.0,0.0,0.0,0.0,0.0,0.0,0.0,0.0
t7580,0.0,0.0,0.0,0.0,0.0,0.0,0.0,0.0,0.0,0.0,0.0,0.0,0.0,0.0,0.0,0.0,0.0,0.0
t7581,0.0,0.0,0.0,0.0,0.0,0.0,0.0,0.0,0.0,0.0,0.0,0.0,0.0,0.0,0.0,0.0,0.0,0.0
t7582,0.0,0.0,0.0,0.0,0.0,0.0,0.0,0.0,0.0,0.0,0.0,0.0,0.0,0.0,0.0,0.0,0.0,0.0
t7583,0.0,0.0,0.0,0.0,0.0,0.0,0.0,0.0,0.0,0.0,0.0,0.0,0.0,0.0,0.0,0.0,0.0,0.0
t7584,0.0,0.0,0.0,0.0,0.0,0.0,0.0,0.0,0.0,0.0,0.0,0.0,0.0,0.0,0.0,0.0,0.0,0.0
t7585,0.0,0.0,0.0,0.0,0.0,0.0,0.0,0.0,0.0,0.0,0.0,0.0,0.0,0.0,0.0,0.0,0.0,0.0
t7586,0.0,0.0,0.0,0.0,0.0,0.0,0.0,0.0,0.0,0.0,0.0,0.0,0.0,0.0,0.0,0.0,0.0,0.0
t7587,0.0,0.0,0.0,0.0,0.0,0.0,0.0,0.0,0.0,0.0,0.0,0.0,0.0,0.0,0.0,0.0,0.0,0.0
t7588,0.0,0.0,0.0,0.0,0.0,0.0,0.0,0.0,0.0,0.0,0.0,0.0,0.0,0.0,0.0,0.0,0.0,0.0
t7589,0.0,0.0,0.0,0.0,0.0,0.0,0.0,0.0,0.0,0.0,0.0,0.0,0.0,0.0,0.0,0.0,0.0,0.0
t7590,0.0,0.0,0.0,0.0,0.0,0.0,0.0,0.0,0.0,0.0,0.0,0.0,0.0,0.0,0.0,0.0,0.0,0.0
t7591,0.0,0.0,0.0,0.0,0.0,0.0,0.0,0.0,0.0,0.0,0.0,0.0,0.0,0.0,0.0,0.0,0.0,0.0
t7592,393.4480035800002,120.0,0.0,0.0,0.0,1307.1435765378835,1162.9001976499999,1950.0,0.0,0.0,0.0,0.0,0.0,0.0,0.0,0.0,0.0,4933.491777767884
t7593,1220.0,120.0,0.0,0.0,0.0,5143.626135286801,1590.0,0.0,0.0,0.0,0.0,0.0,0.0,0.0,0.0,0.0,0.0,8073.626135286801
t7594,0.0,0.0,0.0,0.0,0.0,5526.597798880992,655.0660856400006,0.0,0.0,0.0,0.0,0.0,0.0,0.0,0.0,0.0,0.0,6181.663884520993
t7595,1108.4464970600006,0.0,0.0,0.0,0.0,4084.138502545457,821.3700045599999,1950.0,0.0,0.0,0.0,0.0,0.0,0.0,0.0,0.0,0.0,7963.9550041654575
t7596,834.3794412999998,120.0,0.0,0.0,0.0,4005.403352348976,1590.0,0.0,0.0,0.0,0.0,0.0,0.0,0.0,0.0,0.0,0.0,6549.782793648976
t7597,438.66841865999953,0.0,0.0,0.0,0.0,2888.9077453721848,718.8312374212566,0.0,0.0,0.0,0.0,0.0,0.0,0.0,0.0,0.0,0.0,4046.407401453441
t7598,1149.0309160371903,0.0,0.0,0.0,0.0,55.27822467649823,165.8632205099999,0.0,0.0,0.0,0.0,0.0,0.0,0.0,0.0,0.0,0.0,1370.1723612236883
t7599,0.0,0.0,0.0,0.0,0.0,0.0,0.0,0.0,0.0,0.0,0.0,0.0,0.0,0.0,0.0,0.0,0.0,0.0
t7600,0.0,0.0,0.0,0.0,0.0,0.0,0.0,0.0,0.0,0.0,0.0,0.0,0.0,0.0,0.0,0.0,0.0,0.0
t7601,0.0,0.0,0.0,0.0,0.0,0.0,0.0,0.0,0.0,0.0,0.0,0.0,0.0,0.0,0.0,0.0,0.0,0.0
t7602,0.0,0.0,0.0,0.0,0.0,0.0,0.0,0.0,0.0,0.0,0.0,0.0,0.0,0.0,0.0,0.0,0.0,0.0
t7603,0.0,0.0,0.0,0.0,0.0,0.0,0.0,0.0,0.0,0.0,0.0,0.0,0.0,0.0,0.0,0.0,0.0,0.0
t7604,0.0,0.0,0.0,0.0,0.0,0.0,0.0,0.0,0.0,0.0,0.0,0.0,0.0,0.0,0.0,0.0,0.0,0.0
t7605,0.0,0.0,0.0,0.0,0.0,0.0,0.0,0.0,0.0,0.0,0.0,0.0,0.0,0.0,0.0,0.0,0.0,0.0
t7606,0.0,0.0,0.0,0.0,0.0,0.0,0.0,0.0,0.0,0.0,0.0,0.0,0.0,0.0,0.0,0.0,0.0,0.0
t7607,0.0,0.0,0.0,0.0,0.0,0.0,0.0,0.0,0.0,0.0,0.0,0.0,0.0,0.0,0.0,0.0,0.0,0.0
t7608,0.0,0.0,0.0,0.0,0.0,0.0,0.0,0.0,0.0,0.0,0.0,0.0,0.0,0.0,0.0,0.0,0.0,0.0
t7609,0.0,0.0,0.0,0.0,0.0,0.0,0.0,0.0,0.0,0.0,0.0,0.0,0.0,0.0,0.0,0.0,0.0,0.0
t7610,0.0,0.0,0.0,0.0,0.0,0.0,0.0,0.0,0.0,0.0,0.0,0.0,0.0,0.0,0.0,0.0,0.0,0.0
t7611,0.0,0.0,0.0,0.0,0.0,0.0,0.0,0.0,0.0,0.0,0.0,0.0,0.0,0.0,0.0,0.0,0.0,0.0
t7612,0.0,0.0,0.0,0.0,0.0,0.0,0.0,0.0,0.0,0.0,0.0,0.0,0.0,0.0,0.0,0.0,0.0,0.0
t7613,0.0,0.0,0.0,0.0,0.0,0.0,0.0,0.0,0.0,0.0,0.0,0.0,0.0,0.0,0.0,0.0,0.0,0.0
t7614,0.0,0.0,0.0,0.0,0.0,0.0,0.0,0.0,0.0,0.0,0.0,0.0,0.0,0.0,0.0,0.0,0.0,0.0
t7615,0.0,0.0,0.0,0.0,0.0,0.0,0.0,0.0,0.0,0.0,0.0,0.0,0.0,0.0,0.0,0.0,0.0,0.0
t7616,0.0,120.0,0.0,0.0,0.0,893.9543383652074,1101.3051527700002,1950.0,0.0,0.0,0.0,0.0,0.0,0.0,0.0,0.0,0.0,4065.2594911352076
t7617,1220.0,120.0,0.0,0.0,0.0,4915.69385216121,1590.0,0.0,0.0,0.0,0.0,0.0,0.0,0.0,0.0,0.0,0.0,7845.69385216121
t7618,129.47348295496485,120.0,0.0,0.0,0.0,3265.9438673901527,580.0284749200002,1950.0,0.0,0.0,0.0,0.0,0.0,0.0,0.0,0.0,0.0,6045.4458252651175
t7619,0.0,0.0,0.0,0.0,0.0,6264.996279683323,883.9048023400003,0.0,0.0,0.0,0.0,0.0,0.0,0.0,0.0,0.0,0.0,7148.901082023323
t7620,1220.0,0.0,0.0,0.0,0.0,4104.148942663185,908.0636636699999,0.0,0.0,0.0,0.0,0.0,0.0,0.0,0.0,0.0,0.0,6232.212606333185
t7621,1220.0,0.0,0.0,0.0,0.0,4086.5034997510943,1343.2693025612555,0.0,0.0,0.0,0.0,0.0,0.0,0.0,0.0,0.0,0.0,6649.772802312349
t7622,1220.0,0.0,0.0,0.0,0.0,2069.253808879819,238.24667666000045,0.0,0.0,0.0,0.0,0.0,0.0,0.0,0.0,0.0,0.0,3527.5004855398197
t7623,134.4997936822255,69.8278659625869,0.0,0.0,0.0,0.0,59.212672860000424,0.0,0.0,0.0,0.0,0.0,0.0,0.0,0.0,0.0,0.0,263.5403325048128
t7624,0.0,0.0,0.0,0.0,0.0,0.0,0.0,0.0,0.0,0.0,0.0,0.0,0.0,0.0,0.0,0.0,0.0,0.0
t7625,0.0,0.0,0.0,0.0,0.0,0.0,0.0,0.0,0.0,0.0,0.0,0.0,0.0,0.0,0.0,0.0,0.0,0.0
t7626,0.0,0.0,0.0,0.0,0.0,0.0,0.0,0.0,0.0,0.0,0.0,0.0,0.0,0.0,0.0,0.0,0.0,0.0
t7627,0.0,0.0,0.0,0.0,0.0,0.0,0.0,0.0,0.0,0.0,0.0,0.0,0.0,0.0,0.0,0.0,0.0,0.0
t7628,0.0,0.0,0.0,0.0,0.0,0.0,0.0,0.0,0.0,0.0,0.0,0.0,0.0,0.0,0.0,0.0,0.0,0.0
t7629,0.0,0.0,0.0,0.0,0.0,0.0,0.0,0.0,0.0,0.0,0.0,0.0,0.0,0.0,0.0,0.0,0.0,0.0
t7630,0.0,0.0,0.0,0.0,0.0,0.0,0.0,0.0,0.0,0.0,0.0,0.0,0.0,0.0,0.0,0.0,0.0,0.0
t7631,0.0,0.0,0.0,0.0,0.0,0.0,0.0,0.0,0.0,0.0,0.0,0.0,0.0,0.0,0.0,0.0,0.0,0.0
t7632,0.0,0.0,0.0,0.0,0.0,0.0,0.0,0.0,0.0,0.0,0.0,0.0,0.0,0.0,0.0,0.0,0.0,0.0
t7633,0.0,0.0,0.0,0.0,0.0,0.0,0.0,0.0,0.0,0.0,0.0,0.0,0.0,0.0,0.0,0.0,0.0,0.0
t7634,0.0,0.0,0.0,0.0,0.0,0.0,0.0,0.0,0.0,0.0,0.0,0.0,0.0,0.0,0.0,0.0,0.0,0.0
t7635,0.0,0.0,0.0,0.0,0.0,0.0,0.0,0.0,0.0,0.0,0.0,0.0,0.0,0.0,0.0,0.0,0.0,0.0
t7636,0.0,0.0,0.0,0.0,0.0,0.0,0.0,0.0,0.0,0.0,0.0,0.0,0.0,0.0,0.0,0.0,0.0,0.0
t7637,0.0,0.0,0.0,0.0,0.0,0.0,0.0,0.0,0.0,0.0,0.0,0.0,0.0,0.0,0.0,0.0,0.0,0.0
t7638,0.0,0.0,0.0,0.0,0.0,0.0,0.0,0.0,0.0,0.0,0.0,0.0,0.0,0.0,0.0,0.0,0.0,0.0
t7639,0.0,0.0,0.0,0.0,0.0,0.0,0.0,0.0,0.0,0.0,0.0,0.0,0.0,0.0,0.0,0.0,0.0,0.0
t7640,0.0,0.0,0.0,0.0,0.0,0.0,0.0,0.0,0.0,0.0,0.0,0.0,0.0,0.0,0.0,0.0,0.0,0.0
t7641,0.0,0.0,0.0,0.0,0.0,0.0,0.0,0.0,0.0,0.0,0.0,0.0,0.0,0.0,0.0,0.0,0.0,0.0
t7642,1220.0,0.0,0.0,0.0,0.0,0.0,1590.0,1470.0834737767766,0.0,0.0,0.0,0.0,0.0,0.0,0.0,0.0,0.0,4280.083473776776
t7643,1220.0,120.0,0.0,0.0,0.0,4122.820370069298,1393.5165752100002,0.0,0.0,0.0,0.0,0.0,0.0,0.0,0.0,0.0,0.0,6856.336945279299
t7644,1220.0,120.0,0.0,0.0,0.0,4839.018398956374,1590.0,0.0,0.0,0.0,0.0,0.0,0.0,0.0,0.0,0.0,0.0,7769.018398956374
t7645,1173.0894617399997,120.0,0.0,0.0,0.0,0.0,1590.0,1029.32380114318,0.0,0.0,0.0,0.0,0.0,0.0,0.0,0.0,0.0,3912.41326288318
t7646,0.0,0.0,0.0,0.0,0.0,0.0,0.0,0.0,0.0,0.0,0.0,0.0,0.0,0.0,0.0,0.0,0.0,0.0
t7647,0.0,0.0,0.0,0.0,0.0,0.0,0.0,0.0,0.0,0.0,0.0,0.0,0.0,0.0,0.0,0.0,0.0,0.0
t7648,0.0,0.0,0.0,0.0,0.0,0.0,0.0,0.0,0.0,0.0,0.0,0.0,0.0,0.0,0.0,0.0,0.0,0.0
t7649,0.0,0.0,0.0,0.0,0.0,0.0,0.0,0.0,0.0,0.0,0.0,0.0,0.0,0.0,0.0,0.0,0.0,0.0
t7650,0.0,0.0,0.0,0.0,0.0,0.0,0.0,0.0,0.0,0.0,0.0,0.0,0.0,0.0,0.0,0.0,0.0,0.0
t7651,0.0,0.0,0.0,0.0,0.0,0.0,0.0,0.0,0.0,0.0,0.0,0.0,0.0,0.0,0.0,0.0,0.0,0.0
t7652,0.0,0.0,0.0,0.0,0.0,0.0,0.0,0.0,0.0,0.0,0.0,0.0,0.0,0.0,0.0,0.0,0.0,0.0
t7653,0.0,0.0,0.0,0.0,0.0,0.0,0.0,0.0,0.0,0.0,0.0,0.0,0.0,0.0,0.0,0.0,0.0,0.0
t7654,0.0,0.0,0.0,0.0,0.0,0.0,0.0,0.0,0.0,0.0,0.0,0.0,0.0,0.0,0.0,0.0,0.0,0.0
t7655,0.0,0.0,0.0,0.0,0.0,0.0,0.0,0.0,0.0,0.0,0.0,0.0,0.0,0.0,0.0,0.0,0.0,0.0
t7656,0.0,0.0,0.0,0.0,0.0,0.0,0.0,0.0,0.0,0.0,0.0,0.0,0.0,0.0,0.0,0.0,0.0,0.0
t7657,0.0,0.0,0.0,0.0,0.0,0.0,0.0,0.0,0.0,0.0,0.0,0.0,0.0,0.0,0.0,0.0,0.0,0.0
t7658,0.0,0.0,0.0,0.0,0.0,0.0,0.0,0.0,0.0,0.0,0.0,0.0,0.0,0.0,0.0,0.0,0.0,0.0
t7659,0.0,0.0,0.0,0.0,0.0,0.0,0.0,0.0,0.0,0.0,0.0,0.0,0.0,0.0,0.0,0.0,0.0,0.0
t7660,0.0,0.0,0.0,0.0,0.0,0.0,0.0,0.0,0.0,0.0,0.0,0.0,0.0,0.0,0.0,0.0,0.0,0.0
t7661,0.0,0.0,0.0,0.0,0.0,0.0,0.0,0.0,0.0,0.0,0.0,0.0,0.0,0.0,0.0,0.0,0.0,0.0
t7662,0.0,0.0,0.0,0.0,0.0,0.0,0.0,0.0,0.0,0.0,0.0,0.0,0.0,0.0,0.0,0.0,0.0,0.0
t7663,0.0,0.0,0.0,0.0,0.0,0.0,0.0,0.0,0.0,0.0,0.0,0.0,0.0,0.0,0.0,0.0,0.0,0.0
t7664,936.2064472491971,120.0,0.0,0.0,0.0,0.0,0.0,0.0,0.0,0.0,0.0,0.0,0.0,0.0,0.0,0.0,0.0,1056.206447249197
t7665,457.9919978079929,0.0,0.0,0.0,0.0,3250.6804093219243,1388.3101255912566,0.0,0.0,0.0,0.0,0.0,0.0,0.0,0.0,0.0,0.0,5096.982532721174
t7666,0.0,0.0,0.0,0.0,0.0,4605.573162798233,582.0306951399998,1950.0,0.0,0.0,0.0,0.0,0.0,0.0,0.0,0.0,0.0,7137.603857938233
t7667,0.0,0.0,0.0,0.0,0.0,6710.432978523464,1590.0,0.0,0.0,0.0,0.0,0.0,0.0,0.0,0.0,0.0,0.0,8300.432978523464
t7668,1220.0,0.0,0.0,0.0,0.0,5740.518344302109,690.5400608300001,0.0,0.0,0.0,0.0,0.0,0.0,0.0,0.0,0.0,0.0,7651.058405132109
t7669,1220.0,0.0,0.0,0.0,0.0,4183.821268150962,1590.0,0.0,0.0,0.0,0.0,0.0,0.0,0.0,0.0,0.0,0.0,6993.821268150962
t7670,89.7748315800003,0.0,0.0,0.0,0.0,3562.871158380567,673.0313606100002,1950.0,0.0,0.0,0.0,0.0,0.0,0.0,0.0,0.0,0.0,6275.677350570568
t7671,1220.0,120.0,0.0,0.0,0.0,1679.2808855721748,190.11850361000015,0.0,0.0,0.0,0.0,0.0,0.0,0.0,0.0,0.0,0.0,3209.399389182175
t7672,0.0,0.0,0.0,0.0,0.0,0.0,0.0,0.0,0.0,0.0,0.0,0.0,0.0,0.0,0.0,0.0,0.0,0.0
t7673,0.0,0.0,0.0,0.0,0.0,0.0,0.0,0.0,0.0,0.0,0.0,0.0,0.0,0.0,0.0,0.0,0.0,0.0
t7674,0.0,0.0,0.0,0.0,0.0,0.0,0.0,0.0,0.0,0.0,0.0,0.0,0.0,0.0,0.0,0.0,0.0,0.0
t7675,0.0,0.0,0.0,0.0,0.0,0.0,0.0,0.0,0.0,0.0,0.0,0.0,0.0,0.0,0.0,0.0,0.0,0.0
t7676,0.0,0.0,0.0,0.0,0.0,0.0,0.0,0.0,0.0,0.0,0.0,0.0,0.0,0.0,0.0,0.0,0.0,0.0
t7677,0.0,0.0,0.0,0.0,0.0,0.0,0.0,0.0,0.0,0.0,0.0,0.0,0.0,0.0,0.0,0.0,0.0,0.0
t7678,0.0,0.0,0.0,0.0,0.0,0.0,0.0,0.0,0.0,0.0,0.0,0.0,0.0,0.0,0.0,0.0,0.0,0.0
t7679,0.0,0.0,0.0,0.0,0.0,0.0,0.0,0.0,0.0,0.0,0.0,0.0,0.0,0.0,0.0,0.0,0.0,0.0
t7680,0.0,0.0,0.0,0.0,0.0,0.0,0.0,0.0,0.0,0.0,0.0,0.0,0.0,0.0,0.0,0.0,0.0,0.0
t7681,0.0,0.0,0.0,0.0,0.0,0.0,0.0,0.0,0.0,0.0,0.0,0.0,0.0,0.0,0.0,0.0,0.0,0.0
t7682,0.0,0.0,0.0,0.0,0.0,0.0,0.0,0.0,0.0,0.0,0.0,0.0,0.0,0.0,0.0,0.0,0.0,0.0
t7683,0.0,0.0,0.0,0.0,0.0,0.0,0.0,0.0,0.0,0.0,0.0,0.0,0.0,0.0,0.0,0.0,0.0,0.0
t7684,0.0,0.0,0.0,0.0,0.0,0.0,0.0,0.0,0.0,0.0,0.0,0.0,0.0,0.0,0.0,0.0,0.0,0.0
t7685,0.0,0.0,0.0,0.0,0.0,0.0,0.0,0.0,0.0,0.0,0.0,0.0,0.0,0.0,0.0,0.0,0.0,0.0
t7686,0.0,0.0,0.0,0.0,0.0,0.0,0.0,0.0,0.0,0.0,0.0,0.0,0.0,0.0,0.0,0.0,0.0,0.0
t7687,0.0,0.0,0.0,0.0,0.0,0.0,0.0,0.0,0.0,0.0,0.0,0.0,0.0,0.0,0.0,0.0,0.0,0.0
t7688,697.1166528571908,120.0,89.8056923799998,0.0,0.0,807.0186352629399,236.28083344000018,1950.0,0.0,0.0,0.0,0.0,0.0,0.0,0.0,0.0,0.0,3900.2218139401307
t7689,1220.0,120.0,1408.1902115,0.0,0.0,7018.653074389387,921.6514978300004,555.2248447800025,0.0,0.0,0.0,0.0,0.0,0.0,0.0,0.0,0.0,11243.71962849939
t7690,0.0,120.0,1620.0,0.0,0.0,5694.541004256954,1140.34288668,1950.0,0.0,0.0,0.0,0.0,0.0,0.0,0.0,0.0,0.0,10524.883890936953
t7691,1009.3990796199998,0.0,911.02673778,0.0,0.0,3404.2708221504727,1338.93936827,1816.6996547630474,0.0,0.0,0.0,0.0,0.0,0.0,0.0,0.0,0.0,8480.33566258352
t7692,1220.0,0.0,1128.2648221799998,0.0,0.0,5511.681471838457,1282.1379738112557,0.0,0.0,0.0,0.0,0.0,0.0,0.0,0.0,0.0,0.0,9142.084267829712
t7693,997.4575441599998,0.0,707.9260937700002,0.0,2082.2836120935626,3811.5673753704477,0.0,0.0,0.0,0.0,0.0,0.0,0.0,0.0,0.0,0.0,0.0,7599.23462539401
t7694,0.0,25.964584587264614,472.2653515699994,0.0,3131.4917919393347,6943.135265070681,1053.3429508200004,1950.0,0.0,0.0,0.0,0.0,0.0,0.0,0.0,0.0,0.0,13576.19994398728
t7695,0.0,120.0,493.0429827480733,0.0,2300.448504021967,3280.746157325986,731.33523493,0.0,0.0,0.0,0.0,0.0,0.0,0.0,0.0,0.0,0.0,6925.572879026027
t7696,0.0,0.0,0.0,0.0,0.0,0.0,0.0,0.0,0.0,0.0,0.0,0.0,0.0,0.0,0.0,0.0,0.0,0.0
t7697,0.0,0.0,0.0,0.0,0.0,0.0,0.0,0.0,0.0,0.0,0.0,0.0,0.0,0.0,0.0,0.0,0.0,0.0
t7698,0.0,0.0,0.0,0.0,0.0,0.0,0.0,0.0,0.0,0.0,0.0,0.0,0.0,0.0,0.0,0.0,0.0,0.0
t7699,0.0,0.0,0.0,0.0,0.0,0.0,0.0,0.0,0.0,0.0,0.0,0.0,0.0,0.0,0.0,0.0,0.0,0.0
t7700,0.0,0.0,0.0,0.0,0.0,0.0,0.0,0.0,0.0,0.0,0.0,0.0,0.0,0.0,0.0,0.0,0.0,0.0
t7701,0.0,0.0,0.0,0.0,0.0,0.0,0.0,0.0,0.0,0.0,0.0,0.0,0.0,0.0,0.0,0.0,0.0,0.0
t7702,0.0,0.0,0.0,0.0,0.0,0.0,0.0,0.0,0.0,0.0,0.0,0.0,0.0,0.0,0.0,0.0,0.0,0.0
t7703,0.0,0.0,0.0,0.0,0.0,0.0,0.0,0.0,0.0,0.0,0.0,0.0,0.0,0.0,0.0,0.0,0.0,0.0
t7704,0.0,0.0,0.0,0.0,0.0,0.0,0.0,0.0,0.0,0.0,0.0,0.0,0.0,0.0,0.0,0.0,0.0,0.0
t7705,0.0,0.0,0.0,0.0,0.0,0.0,0.0,0.0,0.0,0.0,0.0,0.0,0.0,0.0,0.0,0.0,0.0,0.0
t7706,0.0,0.0,0.0,0.0,0.0,0.0,0.0,0.0,0.0,0.0,0.0,0.0,0.0,0.0,0.0,0.0,0.0,0.0
t7707,0.0,0.0,0.0,0.0,0.0,0.0,0.0,0.0,0.0,0.0,0.0,0.0,0.0,0.0,0.0,0.0,0.0,0.0
t7708,0.0,0.0,0.0,0.0,0.0,0.0,0.0,0.0,0.0,0.0,0.0,0.0,0.0,0.0,0.0,0.0,0.0,0.0
t7709,0.0,0.0,0.0,0.0,0.0,0.0,0.0,0.0,0.0,0.0,0.0,0.0,0.0,0.0,0.0,0.0,0.0,0.0
t7710,0.0,0.0,0.0,0.0,0.0,0.0,0.0,0.0,0.0,0.0,0.0,0.0,0.0,0.0,0.0,0.0,0.0,0.0
t7711,0.0,0.0,0.0,0.0,0.0,0.0,0.0,0.0,0.0,0.0,0.0,0.0,0.0,0.0,0.0,0.0,0.0,0.0
t7712,1220.0,120.0,1200.6197037207598,0.0,0.0,973.4794137620024,781.18045409,1950.0,0.0,0.0,0.0,0.0,0.0,0.0,0.0,0.0,0.0,6245.2795715727625
t7713,1220.0,120.0,1171.51428149,0.0,0.0,6827.280862450013,896.31444219,1950.0,0.0,0.0,0.0,0.0,0.0,0.0,0.0,0.0,0.0,12185.109586130013
t7714,0.0,120.0,1210.2518844000003,0.0,0.0,8240.297575391956,1401.1414414800001,0.0,0.0,0.0,0.0,0.0,0.0,0.0,0.0,0.0,0.0,10971.690901271957
t7715,0.0,0.0,1129.8273541999997,0.0,0.0,6564.209888088017,1056.91856902,1950.0,0.0,0.0,0.0,0.0,0.0,0.0,0.0,0.0,0.0,10700.955811308017
t7716,1220.0,0.0,960.32671056,0.0,0.0,6261.39735617943,922.3745942400001,0.0,0.0,0.0,0.0,0.0,0.0,0.0,0.0,0.0,0.0,9364.098660979429
t7717,0.0,0.0,683.9958793799995,0.0,0.0,5459.586796490878,833.2356211500003,0.0,0.0,0.0,0.0,0.0,0.0,0.0,0.0,0.0,0.0,6976.818297020878
t7718,263.9732766371902,25.964584587264614,319.6841969599996,0.0,0.0,1141.5534749794913,503.91266199999984,1112.1335407800002,0.0,0.0,0.0,0.0,0.0,0.0,0.0,0.0,0.0,3367.2217359439455
t7719,1220.0,120.0,154.30188121731464,0.0,0.0,1003.8084383235397,308.9529616112561,1259.790958763049,0.0,0.0,0.0,0.0,0.0,0.0,0.0,0.0,0.0,4066.8542399151593
t7720,0.0,0.0,0.0,0.0,0.0,0.0,0.0,0.0,0.0,0.0,0.0,0.0,0.0,0.0,0.0,0.0,0.0,0.0
t7721,0.0,0.0,0.0,0.0,0.0,0.0,0.0,0.0,0.0,0.0,0.0,0.0,0.0,0.0,0.0,0.0,0.0,0.0
t7722,0.0,0.0,0.0,0.0,0.0,0.0,0.0,0.0,0.0,0.0,0.0,0.0,0.0,0.0,0.0,0.0,0.0,0.0
t7723,0.0,0.0,0.0,0.0,0.0,0.0,0.0,0.0,0.0,0.0,0.0,0.0,0.0,0.0,0.0,0.0,0.0,0.0
t7724,0.0,0.0,0.0,0.0,0.0,0.0,0.0,0.0,0.0,0.0,0.0,0.0,0.0,0.0,0.0,0.0,0.0,0.0
t7725,0.0,0.0,0.0,0.0,0.0,0.0,0.0,0.0,0.0,0.0,0.0,0.0,0.0,0.0,0.0,0.0,0.0,0.0
t7726,0.0,0.0,0.0,0.0,0.0,0.0,0.0,0.0,0.0,0.0,0.0,0.0,0.0,0.0,0.0,0.0,0.0,0.0
t7727,0.0,0.0,0.0,0.0,0.0,0.0,0.0,0.0,0.0,0.0,0.0,0.0,0.0,0.0,0.0,0.0,0.0,0.0
t7728,0.0,0.0,0.0,0.0,0.0,0.0,0.0,0.0,0.0,0.0,0.0,0.0,0.0,0.0,0.0,0.0,0.0,0.0
t7729,0.0,0.0,0.0,0.0,0.0,0.0,0.0,0.0,0.0,0.0,0.0,0.0,0.0,0.0,0.0,0.0,0.0,0.0
t7730,0.0,0.0,0.0,0.0,0.0,0.0,0.0,0.0,0.0,0.0,0.0,0.0,0.0,0.0,0.0,0.0,0.0,0.0
t7731,0.0,0.0,0.0,0.0,0.0,0.0,0.0,0.0,0.0,0.0,0.0,0.0,0.0,0.0,0.0,0.0,0.0,0.0
t7732,0.0,0.0,0.0,0.0,0.0,0.0,0.0,0.0,0.0,0.0,0.0,0.0,0.0,0.0,0.0,0.0,0.0,0.0
t7733,0.0,0.0,0.0,0.0,0.0,0.0,0.0,0.0,0.0,0.0,0.0,0.0,0.0,0.0,0.0,0.0,0.0,0.0
t7734,0.0,0.0,0.0,0.0,0.0,0.0,0.0,0.0,0.0,0.0,0.0,0.0,0.0,0.0,0.0,0.0,0.0,0.0
t7735,0.0,0.0,0.0,0.0,0.0,0.0,0.0,0.0,0.0,0.0,0.0,0.0,0.0,0.0,0.0,0.0,0.0,0.0
t7736,0.0,0.0,0.0,0.0,0.0,1270.0991509769867,497.3544787999999,0.0,0.0,0.0,0.0,0.0,0.0,0.0,0.0,0.0,0.0,1767.4536297769866
t7737,1220.0,120.0,0.0,0.0,0.0,1556.0101589192548,713.7947674400002,1950.0,0.0,0.0,0.0,0.0,0.0,0.0,0.0,0.0,0.0,5559.804926359255
t7738,723.5906726599999,0.0,0.0,0.0,0.0,3415.5085643284215,1390.48690969,1950.0,0.0,0.0,0.0,0.0,0.0,0.0,0.0,0.0,0.0,7479.586146678422
t7739,1003.5221476599996,0.0,0.0,0.0,0.0,4377.941378792304,1132.9665106399998,0.0,0.0,0.0,0.0,0.0,0.0,0.0,0.0,0.0,0.0,6514.430037092304
t7740,797.3895520199999,0.0,0.0,0.0,0.0,1392.751702153708,999.7510145200001,1950.0,0.0,0.0,0.0,0.0,0.0,0.0,0.0,0.0,0.0,5139.8922686937085
t7741,214.52485937999964,0.0,0.0,0.0,0.0,1967.785674724726,1021.6378339099996,0.0,0.0,0.0,0.0,0.0,0.0,0.0,0.0,0.0,0.0,3203.9483680147255
t7742,1184.9460449171913,120.0,0.0,0.0,0.0,0.0,354.56229830040434,0.0,0.0,0.0,0.0,0.0,0.0,0.0,0.0,0.0,0.0,1659.5083432175957
t7743,0.0,0.0,0.0,0.0,0.0,0.0,0.0,0.0,0.0,0.0,0.0,0.0,0.0,0.0,0.0,0.0,0.0,0.0
t7744,0.0,0.0,0.0,0.0,0.0,0.0,0.0,0.0,0.0,0.0,0.0,0.0,0.0,0.0,0.0,0.0,0.0,0.0
t7745,0.0,0.0,0.0,0.0,0.0,0.0,0.0,0.0,0.0,0.0,0.0,0.0,0.0,0.0,0.0,0.0,0.0,0.0
t7746,0.0,0.0,0.0,0.0,0.0,0.0,0.0,0.0,0.0,0.0,0.0,0.0,0.0,0.0,0.0,0.0,0.0,0.0
t7747,0.0,0.0,0.0,0.0,0.0,0.0,0.0,0.0,0.0,0.0,0.0,0.0,0.0,0.0,0.0,0.0,0.0,0.0
t7748,0.0,0.0,0.0,0.0,0.0,0.0,0.0,0.0,0.0,0.0,0.0,0.0,0.0,0.0,0.0,0.0,0.0,0.0
t7749,0.0,0.0,0.0,0.0,0.0,0.0,0.0,0.0,0.0,0.0,0.0,0.0,0.0,0.0,0.0,0.0,0.0,0.0
t7750,0.0,0.0,0.0,0.0,0.0,0.0,0.0,0.0,0.0,0.0,0.0,0.0,0.0,0.0,0.0,0.0,0.0,0.0
t7751,0.0,0.0,0.0,0.0,0.0,0.0,0.0,0.0,0.0,0.0,0.0,0.0,0.0,0.0,0.0,0.0,0.0,0.0
t7752,0.0,0.0,0.0,0.0,0.0,0.0,0.0,0.0,0.0,0.0,0.0,0.0,0.0,0.0,0.0,0.0,0.0,0.0
t7753,0.0,0.0,0.0,0.0,0.0,0.0,0.0,0.0,0.0,0.0,0.0,0.0,0.0,0.0,0.0,0.0,0.0,0.0
t7754,0.0,0.0,0.0,0.0,0.0,0.0,0.0,0.0,0.0,0.0,0.0,0.0,0.0,0.0,0.0,0.0,0.0,0.0
t7755,0.0,0.0,0.0,0.0,0.0,0.0,0.0,0.0,0.0,0.0,0.0,0.0,0.0,0.0,0.0,0.0,0.0,0.0
t7756,0.0,0.0,0.0,0.0,0.0,0.0,0.0,0.0,0.0,0.0,0.0,0.0,0.0,0.0,0.0,0.0,0.0,0.0
t7757,0.0,0.0,0.0,0.0,0.0,0.0,0.0,0.0,0.0,0.0,0.0,0.0,0.0,0.0,0.0,0.0,0.0,0.0
t7758,0.0,0.0,0.0,0.0,0.0,0.0,0.0,0.0,0.0,0.0,0.0,0.0,0.0,0.0,0.0,0.0,0.0,0.0
t7759,0.0,0.0,0.0,0.0,0.0,0.0,0.0,0.0,0.0,0.0,0.0,0.0,0.0,0.0,0.0,0.0,0.0,0.0
t7760,0.0,0.0,0.0,0.0,0.0,0.0,0.0,0.0,0.0,0.0,0.0,0.0,0.0,0.0,0.0,0.0,0.0,0.0
t7761,0.0,0.0,0.0,0.0,0.0,0.0,0.0,0.0,0.0,0.0,0.0,0.0,0.0,0.0,0.0,0.0,0.0,0.0
t7762,0.0,0.0,0.0,0.0,0.0,0.0,0.0,0.0,0.0,0.0,0.0,0.0,0.0,0.0,0.0,0.0,0.0,0.0
t7763,0.0,0.0,0.0,0.0,0.0,0.0,0.0,0.0,0.0,0.0,0.0,0.0,0.0,0.0,0.0,0.0,0.0,0.0
t7764,0.0,0.0,0.0,0.0,0.0,0.0,0.0,0.0,0.0,0.0,0.0,0.0,0.0,0.0,0.0,0.0,0.0,0.0
t7765,0.0,0.0,0.0,0.0,0.0,0.0,282.4441943329026,0.0,0.0,0.0,0.0,0.0,0.0,0.0,0.0,0.0,0.0,282.4441943329026
t7766,0.0,0.0,0.0,0.0,0.0,0.0,0.0,0.0,0.0,0.0,0.0,0.0,0.0,0.0,0.0,0.0,0.0,0.0
t7767,0.0,0.0,0.0,0.0,0.0,0.0,0.0,0.0,0.0,0.0,0.0,0.0,0.0,0.0,0.0,0.0,0.0,0.0
t7768,0.0,0.0,0.0,0.0,0.0,0.0,0.0,0.0,0.0,0.0,0.0,0.0,0.0,0.0,0.0,0.0,0.0,0.0
t7769,0.0,0.0,0.0,0.0,0.0,0.0,0.0,0.0,0.0,0.0,0.0,0.0,0.0,0.0,0.0,0.0,0.0,0.0
t7770,0.0,0.0,0.0,0.0,0.0,0.0,0.0,0.0,0.0,0.0,0.0,0.0,0.0,0.0,0.0,0.0,0.0,0.0
t7771,0.0,0.0,0.0,0.0,0.0,0.0,0.0,0.0,0.0,0.0,0.0,0.0,0.0,0.0,0.0,0.0,0.0,0.0
t7772,0.0,0.0,0.0,0.0,0.0,0.0,0.0,0.0,0.0,0.0,0.0,0.0,0.0,0.0,0.0,0.0,0.0,0.0
t7773,0.0,0.0,0.0,0.0,0.0,0.0,0.0,0.0,0.0,0.0,0.0,0.0,0.0,0.0,0.0,0.0,0.0,0.0
t7774,0.0,0.0,0.0,0.0,0.0,0.0,0.0,0.0,0.0,0.0,0.0,0.0,0.0,0.0,0.0,0.0,0.0,0.0
t7775,0.0,0.0,0.0,0.0,0.0,0.0,0.0,0.0,0.0,0.0,0.0,0.0,0.0,0.0,0.0,0.0,0.0,0.0
t7776,0.0,0.0,0.0,0.0,0.0,0.0,0.0,0.0,0.0,0.0,0.0,0.0,0.0,0.0,0.0,0.0,0.0,0.0
t7777,0.0,0.0,0.0,0.0,0.0,0.0,0.0,0.0,0.0,0.0,0.0,0.0,0.0,0.0,0.0,0.0,0.0,0.0
t7778,0.0,0.0,0.0,0.0,0.0,0.0,0.0,0.0,0.0,0.0,0.0,0.0,0.0,0.0,0.0,0.0,0.0,0.0
t7779,0.0,0.0,0.0,0.0,0.0,0.0,0.0,0.0,0.0,0.0,0.0,0.0,0.0,0.0,0.0,0.0,0.0,0.0
t7780,0.0,0.0,0.0,0.0,0.0,0.0,0.0,0.0,0.0,0.0,0.0,0.0,0.0,0.0,0.0,0.0,0.0,0.0
t7781,0.0,0.0,0.0,0.0,0.0,0.0,0.0,0.0,0.0,0.0,0.0,0.0,0.0,0.0,0.0,0.0,0.0,0.0
t7782,0.0,0.0,0.0,0.0,0.0,0.0,0.0,0.0,0.0,0.0,0.0,0.0,0.0,0.0,0.0,0.0,0.0,0.0
t7783,0.0,0.0,0.0,0.0,0.0,0.0,0.0,0.0,0.0,0.0,0.0,0.0,0.0,0.0,0.0,0.0,0.0,0.0
t7784,0.0,0.0,0.0,0.0,0.0,0.0,0.0,0.0,0.0,0.0,0.0,0.0,0.0,0.0,0.0,0.0,0.0,0.0
t7785,0.0,0.0,0.0,0.0,0.0,0.0,0.0,0.0,0.0,0.0,0.0,0.0,0.0,0.0,0.0,0.0,0.0,0.0
t7786,875.9854887661949,0.0,0.0,0.0,0.0,0.0,722.7188372912564,0.0,0.0,0.0,0.0,0.0,0.0,0.0,0.0,0.0,0.0,1598.7043260574512
t7787,1220.0,120.0,0.0,0.0,0.0,70.83741525956813,1211.3119084900004,0.0,0.0,0.0,0.0,0.0,0.0,0.0,0.0,0.0,0.0,2622.149323749569
t7788,1220.0,120.0,0.0,0.0,0.0,3377.1105696542754,1590.0,0.0,0.0,0.0,0.0,0.0,0.0,0.0,0.0,0.0,0.0,6307.110569654275
t7789,1220.0,0.0,0.0,0.0,0.0,444.5011376204993,1590.0,1950.0,0.0,0.0,0.0,0.0,0.0,0.0,0.0,0.0,0.0,5204.501137620499
t7790,251.94670708747395,0.0,0.0,0.0,0.0,0.0,1590.0,0.0,0.0,0.0,0.0,0.0,0.0,0.0,0.0,0.0,0.0,1841.946707087474
t7791,0.0,0.0,0.0,0.0,0.0,0.0,0.0,0.0,0.0,0.0,0.0,0.0,0.0,0.0,0.0,0.0,0.0,0.0
t7792,0.0,0.0,0.0,0.0,0.0,0.0,0.0,0.0,0.0,0.0,0.0,0.0,0.0,0.0,0.0,0.0,0.0,0.0
t7793,0.0,0.0,0.0,0.0,0.0,0.0,0.0,0.0,0.0,0.0,0.0,0.0,0.0,0.0,0.0,0.0,0.0,0.0
t7794,0.0,0.0,0.0,0.0,0.0,0.0,0.0,0.0,0.0,0.0,0.0,0.0,0.0,0.0,0.0,0.0,0.0,0.0
t7795,0.0,0.0,0.0,0.0,0.0,0.0,0.0,0.0,0.0,0.0,0.0,0.0,0.0,0.0,0.0,0.0,0.0,0.0
t7796,0.0,0.0,0.0,0.0,0.0,0.0,0.0,0.0,0.0,0.0,0.0,0.0,0.0,0.0,0.0,0.0,0.0,0.0
t7797,0.0,0.0,0.0,0.0,0.0,0.0,0.0,0.0,0.0,0.0,0.0,0.0,0.0,0.0,0.0,0.0,0.0,0.0
t7798,0.0,0.0,0.0,0.0,0.0,0.0,0.0,0.0,0.0,0.0,0.0,0.0,0.0,0.0,0.0,0.0,0.0,0.0
t7799,0.0,0.0,0.0,0.0,0.0,0.0,0.0,0.0,0.0,0.0,0.0,0.0,0.0,0.0,0.0,0.0,0.0,0.0
t7800,0.0,0.0,0.0,0.0,0.0,0.0,0.0,0.0,0.0,0.0,0.0,0.0,0.0,0.0,0.0,0.0,0.0,0.0
t7801,0.0,0.0,0.0,0.0,0.0,0.0,0.0,0.0,0.0,0.0,0.0,0.0,0.0,0.0,0.0,0.0,0.0,0.0
t7802,0.0,0.0,0.0,0.0,0.0,0.0,0.0,0.0,0.0,0.0,0.0,0.0,0.0,0.0,0.0,0.0,0.0,0.0
t7803,0.0,0.0,0.0,0.0,0.0,0.0,0.0,0.0,0.0,0.0,0.0,0.0,0.0,0.0,0.0,0.0,0.0,0.0
t7804,0.0,0.0,0.0,0.0,0.0,0.0,0.0,0.0,0.0,0.0,0.0,0.0,0.0,0.0,0.0,0.0,0.0,0.0
t7805,0.0,0.0,0.0,0.0,0.0,0.0,0.0,0.0,0.0,0.0,0.0,0.0,0.0,0.0,0.0,0.0,0.0,0.0
t7806,0.0,0.0,0.0,0.0,0.0,0.0,0.0,0.0,0.0,0.0,0.0,0.0,0.0,0.0,0.0,0.0,0.0,0.0
t7807,0.0,0.0,0.0,0.0,0.0,0.0,0.0,0.0,0.0,0.0,0.0,0.0,0.0,0.0,0.0,0.0,0.0,0.0
t7808,0.0,120.0,0.0,0.0,0.0,637.27194332734,963.1904175797658,0.0,0.0,0.0,0.0,0.0,0.0,0.0,0.0,0.0,0.0,1720.462360907106
t7809,1220.0,120.0,0.0,0.0,0.0,3195.6111327992635,617.6584183900003,1950.0,0.0,0.0,0.0,0.0,0.0,0.0,0.0,0.0,0.0,7103.269551189264
t7810,1220.0,120.0,0.0,0.0,0.0,3601.715856755398,846.3812418800001,1950.0,0.0,0.0,0.0,0.0,0.0,0.0,0.0,0.0,0.0,7738.097098635398
t7811,0.0,0.0,0.0,0.0,0.0,7711.603737042423,1011.7696420107152,0.0,0.0,0.0,0.0,0.0,0.0,0.0,0.0,0.0,0.0,8723.373379053139
t7812,0.0,0.0,0.0,0.0,0.0,6126.74767241554,1060.14124558,1950.0,0.0,0.0,0.0,0.0,0.0,0.0,0.0,0.0,0.0,9136.88891799554
t7813,1220.0,0.0,0.0,0.0,0.0,8428.079284249967,990.4949483207761,0.0,0.0,0.0,0.0,0.0,0.0,0.0,0.0,0.0,0.0,10638.574232570743
t7814,263.9732766371902,25.964584587264614,0.0,0.0,0.0,5944.589592016274,776.0764089400001,421.9244995430499,0.0,0.0,0.0,0.0,0.0,0.0,0.0,0.0,0.0,7432.528361723778
t7815,1220.0,120.0,0.0,0.0,0.0,825.9945870591196,438.31842307999966,1950.0,0.0,0.0,0.0,0.0,0.0,0.0,0.0,0.0,0.0,4554.31301013912
t7816,0.0,0.0,0.0,0.0,0.0,0.0,0.0,0.0,0.0,0.0,0.0,0.0,0.0,0.0,0.0,0.0,0.0,0.0
t7817,0.0,0.0,0.0,0.0,0.0,0.0,0.0,0.0,0.0,0.0,0.0,0.0,0.0,0.0,0.0,0.0,0.0,0.0
t7818,0.0,0.0,0.0,0.0,0.0,0.0,0.0,0.0,0.0,0.0,0.0,0.0,0.0,0.0,0.0,0.0,0.0,0.0
t7819,0.0,0.0,0.0,0.0,0.0,0.0,0.0,0.0,0.0,0.0,0.0,0.0,0.0,0.0,0.0,0.0,0.0,0.0
t7820,0.0,0.0,0.0,0.0,0.0,0.0,0.0,0.0,0.0,0.0,0.0,0.0,0.0,0.0,0.0,0.0,0.0,0.0
t7821,0.0,0.0,0.0,0.0,0.0,0.0,0.0,0.0,0.0,0.0,0.0,0.0,0.0,0.0,0.0,0.0,0.0,0.0
t7822,0.0,0.0,0.0,0.0,0.0,0.0,0.0,0.0,0.0,0.0,0.0,0.0,0.0,0.0,0.0,0.0,0.0,0.0
t7823,0.0,0.0,0.0,0.0,0.0,0.0,0.0,0.0,0.0,0.0,0.0,0.0,0.0,0.0,0.0,0.0,0.0,0.0
t7824,0.0,0.0,0.0,0.0,0.0,0.0,0.0,0.0,0.0,0.0,0.0,0.0,0.0,0.0,0.0,0.0,0.0,0.0
t7825,0.0,0.0,0.0,0.0,0.0,0.0,0.0,0.0,0.0,0.0,0.0,0.0,0.0,0.0,0.0,0.0,0.0,0.0
t7826,0.0,0.0,0.0,0.0,0.0,0.0,0.0,0.0,0.0,0.0,0.0,0.0,0.0,0.0,0.0,0.0,0.0,0.0
t7827,0.0,0.0,0.0,0.0,0.0,0.0,0.0,0.0,0.0,0.0,0.0,0.0,0.0,0.0,0.0,0.0,0.0,0.0
t7828,0.0,0.0,0.0,0.0,0.0,0.0,0.0,0.0,0.0,0.0,0.0,0.0,0.0,0.0,0.0,0.0,0.0,0.0
t7829,0.0,0.0,0.0,0.0,0.0,0.0,0.0,0.0,0.0,0.0,0.0,0.0,0.0,0.0,0.0,0.0,0.0,0.0
t7830,0.0,0.0,0.0,0.0,0.0,0.0,0.0,0.0,0.0,0.0,0.0,0.0,0.0,0.0,0.0,0.0,0.0,0.0
t7831,0.0,0.0,0.0,0.0,0.0,0.0,0.0,0.0,0.0,0.0,0.0,0.0,0.0,0.0,0.0,0.0,0.0,0.0
t7832,0.0,0.0,0.0,0.0,0.0,0.0,0.0,0.0,0.0,0.0,0.0,0.0,0.0,0.0,0.0,0.0,0.0,0.0
t7833,1220.0,120.0,0.0,0.0,0.0,1091.361712427275,890.9036897887937,1950.0,0.0,0.0,0.0,0.0,0.0,0.0,0.0,0.0,0.0,5272.265402216069
t7834,412.80581153999987,0.0,0.0,0.0,0.0,6752.024484307142,751.9748222600002,0.0,0.0,0.0,0.0,0.0,0.0,0.0,0.0,0.0,0.0,7916.805118107142
t7835,0.0,0.0,0.0,0.0,0.0,6966.077082517694,1139.2179519324634,0.0,0.0,0.0,0.0,0.0,0.0,0.0,0.0,0.0,0.0,8105.295034450158
t7836,1220.0,120.0,0.0,0.0,0.0,3834.689485330231,1058.15462739,1950.0,0.0,0.0,0.0,0.0,0.0,0.0,0.0,0.0,0.0,8182.844112720231
t7837,847.9650302371894,0.0,0.0,0.0,0.0,5514.1299610037695,1590.0,1950.0,0.0,0.0,0.0,0.0,0.0,0.0,0.0,0.0,0.0,9902.09499124096
t7838,223.20243486000066,0.0,0.0,0.0,0.0,6112.288916794272,829.8523415599997,1950.0,0.0,0.0,0.0,0.0,0.0,0.0,0.0,0.0,0.0,9115.343693214272
t7839,1220.0,120.0,0.0,0.0,0.0,2893.1376925524364,443.92731284999985,0.0,0.0,0.0,0.0,0.0,0.0,0.0,0.0,0.0,0.0,4677.065005402436
t7840,0.0,0.0,0.0,0.0,0.0,0.0,0.0,0.0,0.0,0.0,0.0,0.0,0.0,0.0,0.0,0.0,0.0,0.0
t7841,0.0,0.0,0.0,0.0,0.0,0.0,0.0,0.0,0.0,0.0,0.0,0.0,0.0,0.0,0.0,0.0,0.0,0.0
t7842,0.0,0.0,0.0,0.0,0.0,0.0,0.0,0.0,0.0,0.0,0.0,0.0,0.0,0.0,0.0,0.0,0.0,0.0
t7843,0.0,0.0,0.0,0.0,0.0,0.0,0.0,0.0,0.0,0.0,0.0,0.0,0.0,0.0,0.0,0.0,0.0,0.0
t7844,0.0,0.0,0.0,0.0,0.0,0.0,0.0,0.0,0.0,0.0,0.0,0.0,0.0,0.0,0.0,0.0,0.0,0.0
t7845,0.0,0.0,0.0,0.0,0.0,0.0,0.0,0.0,0.0,0.0,0.0,0.0,0.0,0.0,0.0,0.0,0.0,0.0
t7846,0.0,0.0,0.0,0.0,0.0,0.0,0.0,0.0,0.0,0.0,0.0,0.0,0.0,0.0,0.0,0.0,0.0,0.0
t7847,0.0,0.0,0.0,0.0,0.0,0.0,0.0,0.0,0.0,0.0,0.0,0.0,0.0,0.0,0.0,0.0,0.0,0.0
t7848,0.0,0.0,0.0,0.0,0.0,0.0,0.0,0.0,0.0,0.0,0.0,0.0,0.0,0.0,0.0,0.0,0.0,0.0
t7849,0.0,0.0,0.0,0.0,0.0,0.0,0.0,0.0,0.0,0.0,0.0,0.0,0.0,0.0,0.0,0.0,0.0,0.0
t7850,0.0,0.0,0.0,0.0,0.0,0.0,0.0,0.0,0.0,0.0,0.0,0.0,0.0,0.0,0.0,0.0,0.0,0.0
t7851,0.0,0.0,0.0,0.0,0.0,0.0,0.0,0.0,0.0,0.0,0.0,0.0,0.0,0.0,0.0,0.0,0.0,0.0
t7852,0.0,0.0,0.0,0.0,0.0,0.0,0.0,0.0,0.0,0.0,0.0,0.0,0.0,0.0,0.0,0.0,0.0,0.0
t7853,0.0,0.0,0.0,0.0,0.0,0.0,0.0,0.0,0.0,0.0,0.0,0.0,0.0,0.0,0.0,0.0,0.0,0.0
t7854,0.0,0.0,0.0,0.0,0.0,0.0,0.0,0.0,0.0,0.0,0.0,0.0,0.0,0.0,0.0,0.0,0.0,0.0
t7855,0.0,0.0,0.0,0.0,0.0,0.0,0.0,0.0,0.0,0.0,0.0,0.0,0.0,0.0,0.0,0.0,0.0,0.0
t7856,168.9114281371901,120.0,295.44238119999966,0.0,0.0,1456.7568956322498,291.87751729125495,0.0,0.0,0.0,0.0,0.0,0.0,0.0,0.0,0.0,0.0,2332.988222260695
t7857,1220.0,0.0,905.3863174000002,0.0,0.0,4387.624505084792,257.5324048200003,1594.8585083730493,0.0,0.0,0.0,0.0,0.0,0.0,0.0,0.0,0.0,8365.40173567784
t7858,0.0,120.0,1103.4478046899997,0.0,0.0,4828.1305380649255,1109.2181483300003,0.0,0.0,0.0,0.0,0.0,0.0,0.0,0.0,0.0,0.0,7160.796491084925
t7859,1220.0,0.0,1137.5296642700002,0.0,0.0,5734.083348484917,860.9800796100002,1950.0,0.0,0.0,0.0,0.0,0.0,0.0,0.0,0.0,0.0,10902.593092364918
t7860,156.78738205999994,120.0,1178.7478571800002,0.0,0.0,5540.710494664423,1002.18323313,1950.0,0.0,0.0,0.0,0.0,0.0,0.0,0.0,0.0,0.0,9948.428967034422
t7861,0.0,25.964584587264614,1201.55390218,0.0,0.0,5238.108366770398,1388.2389731600001,1950.0,0.0,0.0,0.0,0.0,0.0,0.0,0.0,0.0,0.0,9803.865826697662
t7862,1220.0,0.0,809.5799032999998,0.0,0.0,6800.459413822884,837.6831042700002,777.0659911700009,0.0,0.0,0.0,0.0,0.0,0.0,0.0,0.0,0.0,10444.788412562884
t7863,1158.2744664400002,120.0,0.0,0.0,0.0,2485.7402431407377,901.7038931200001,0.0,0.0,0.0,0.0,0.0,0.0,0.0,0.0,0.0,0.0,4665.718602700738
t7864,0.0,0.0,198.834061708073,0.0,0.0,0.0,54.613392050000044,0.0,0.0,0.0,0.0,0.0,0.0,0.0,0.0,0.0,0.0,253.44745375807304
t7865,0.0,0.0,0.0,0.0,0.0,0.0,0.0,0.0,0.0,0.0,0.0,0.0,0.0,0.0,0.0,0.0,0.0,0.0
t7866,0.0,0.0,0.0,0.0,0.0,0.0,0.0,0.0,0.0,0.0,0.0,0.0,0.0,0.0,0.0,0.0,0.0,0.0
t7867,0.0,0.0,0.0,0.0,0.0,0.0,0.0,0.0,0.0,0.0,0.0,0.0,0.0,0.0,0.0,0.0,0.0,0.0
t7868,0.0,0.0,0.0,0.0,0.0,0.0,0.0,0.0,0.0,0.0,0.0,0.0,0.0,0.0,0.0,0.0,0.0,0.0
t7869,0.0,0.0,0.0,0.0,0.0,0.0,0.0,0.0,0.0,0.0,0.0,0.0,0.0,0.0,0.0,0.0,0.0,0.0
t7870,0.0,0.0,0.0,0.0,0.0,0.0,0.0,0.0,0.0,0.0,0.0,0.0,0.0,0.0,0.0,0.0,0.0,0.0
t7871,0.0,0.0,0.0,0.0,0.0,0.0,0.0,0.0,0.0,0.0,0.0,0.0,0.0,0.0,0.0,0.0,0.0,0.0
t7872,0.0,0.0,0.0,0.0,0.0,0.0,0.0,0.0,0.0,0.0,0.0,0.0,0.0,0.0,0.0,0.0,0.0,0.0
t7873,0.0,0.0,0.0,0.0,0.0,0.0,0.0,0.0,0.0,0.0,0.0,0.0,0.0,0.0,0.0,0.0,0.0,0.0
t7874,0.0,0.0,0.0,0.0,0.0,0.0,0.0,0.0,0.0,0.0,0.0,0.0,0.0,0.0,0.0,0.0,0.0,0.0
t7875,0.0,0.0,0.0,0.0,0.0,0.0,0.0,0.0,0.0,0.0,0.0,0.0,0.0,0.0,0.0,0.0,0.0,0.0
t7876,0.0,0.0,0.0,0.0,0.0,0.0,0.0,0.0,0.0,0.0,0.0,0.0,0.0,0.0,0.0,0.0,0.0,0.0
t7877,0.0,0.0,0.0,0.0,0.0,0.0,0.0,0.0,0.0,0.0,0.0,0.0,0.0,0.0,0.0,0.0,0.0,0.0
t7878,0.0,0.0,0.0,0.0,0.0,0.0,0.0,0.0,0.0,0.0,0.0,0.0,0.0,0.0,0.0,0.0,0.0,0.0
t7879,0.0,0.0,0.0,0.0,0.0,0.0,0.0,0.0,0.0,0.0,0.0,0.0,0.0,0.0,0.0,0.0,0.0,0.0
t7880,14.696899986230859,0.0,318.38815337999984,0.0,0.0,0.0,198.67823625125592,0.0,0.0,0.0,0.0,0.0,0.0,0.0,0.0,0.0,0.0,531.7632896174866
t7881,656.3781804709595,120.0,958.9339820700002,0.0,0.0,4241.002533600621,613.0364761300002,421.92449954305056,0.0,0.0,0.0,0.0,0.0,0.0,0.0,0.0,0.0,7011.275671814632
t7882,0.0,120.0,1148.72131038,0.0,0.0,5045.971806737963,857.5654406600001,1950.0,0.0,0.0,0.0,0.0,0.0,0.0,0.0,0.0,0.0,9122.258557777963
t7883,1220.0,0.0,1236.6934390899996,0.0,0.0,6779.887360984535,894.2264532300002,0.0,0.0,0.0,0.0,0.0,0.0,0.0,0.0,0.0,0.0,10130.807253304534
t7884,1220.0,120.0,736.1566246980726,0.0,0.0,6114.200987774374,1175.77496104,1950.0,0.0,0.0,0.0,0.0,0.0,0.0,0.0,0.0,0.0,11316.132573512446
t7885,0.0,0.0,1280.8700104000002,0.0,0.0,6645.561968229533,1364.60846971,1950.0,0.0,0.0,0.0,0.0,0.0,0.0,0.0,0.0,0.0,11241.040448339532
t7886,1220.0,25.964584587264614,1150.7583719099998,0.0,0.0,4451.907349249017,1076.0324174600003,1950.0,0.0,0.0,0.0,0.0,0.0,0.0,0.0,0.0,0.0,9874.662723206282
t7887,812.8981961799997,120.0,0.0,0.0,0.0,3193.081799089286,524.1082912999999,0.0,0.0,0.0,0.0,0.0,0.0,0.0,0.0,0.0,0.0,4650.088286569286
t7888,0.0,0.0,0.0,0.0,0.0,0.0,0.0,0.0,0.0,0.0,0.0,0.0,0.0,0.0,0.0,0.0,0.0,0.0
t7889,0.0,0.0,0.0,0.0,0.0,0.0,0.0,0.0,0.0,0.0,0.0,0.0,0.0,0.0,0.0,0.0,0.0,0.0
t7890,0.0,0.0,0.0,0.0,0.0,0.0,0.0,0.0,0.0,0.0,0.0,0.0,0.0,0.0,0.0,0.0,0.0,0.0
t7891,0.0,0.0,0.0,0.0,0.0,0.0,0.0,0.0,0.0,0.0,0.0,0.0,0.0,0.0,0.0,0.0,0.0,0.0
t7892,0.0,0.0,0.0,0.0,0.0,0.0,0.0,0.0,0.0,0.0,0.0,0.0,0.0,0.0,0.0,0.0,0.0,0.0
t7893,0.0,0.0,0.0,0.0,0.0,0.0,0.0,0.0,0.0,0.0,0.0,0.0,0.0,0.0,0.0,0.0,0.0,0.0
t7894,0.0,0.0,0.0,0.0,0.0,0.0,0.0,0.0,0.0,0.0,0.0,0.0,0.0,0.0,0.0,0.0,0.0,0.0
t7895,0.0,0.0,0.0,0.0,0.0,0.0,0.0,0.0,0.0,0.0,0.0,0.0,0.0,0.0,0.0,0.0,0.0,0.0
t7896,0.0,0.0,0.0,0.0,0.0,0.0,0.0,0.0,0.0,0.0,0.0,0.0,0.0,0.0,0.0,0.0,0.0,0.0
t7897,0.0,0.0,0.0,0.0,0.0,0.0,0.0,0.0,0.0,0.0,0.0,0.0,0.0,0.0,0.0,0.0,0.0,0.0
t7898,0.0,0.0,0.0,0.0,0.0,0.0,0.0,0.0,0.0,0.0,0.0,0.0,0.0,0.0,0.0,0.0,0.0,0.0
t7899,0.0,0.0,0.0,0.0,0.0,0.0,0.0,0.0,0.0,0.0,0.0,0.0,0.0,0.0,0.0,0.0,0.0,0.0
t7900,0.0,0.0,0.0,0.0,0.0,0.0,0.0,0.0,0.0,0.0,0.0,0.0,0.0,0.0,0.0,0.0,0.0,0.0
t7901,0.0,0.0,0.0,0.0,0.0,0.0,0.0,0.0,0.0,0.0,0.0,0.0,0.0,0.0,0.0,0.0,0.0,0.0
t7902,0.0,0.0,0.0,0.0,0.0,0.0,0.0,0.0,0.0,0.0,0.0,0.0,0.0,0.0,0.0,0.0,0.0,0.0
t7903,0.0,0.0,0.0,0.0,0.0,0.0,0.0,0.0,0.0,0.0,0.0,0.0,0.0,0.0,0.0,0.0,0.0,0.0
t7904,0.0,0.0,0.0,0.0,0.0,0.0,0.0,0.0,0.0,0.0,0.0,0.0,0.0,0.0,0.0,0.0,0.0,0.0
t7905,1220.0,120.0,0.0,0.0,0.0,965.5497616542306,1207.9527257699997,0.0,0.0,0.0,0.0,0.0,0.0,0.0,0.0,0.0,0.0,3513.5024874242304
t7906,1044.29448934,0.0,0.0,0.0,0.0,1279.489227702165,409.7822122679675,1950.0,0.0,0.0,0.0,0.0,0.0,0.0,0.0,0.0,0.0,4683.565929310133
t7907,0.0,0.0,0.0,0.0,0.0,3445.0107049163043,1590.0,0.0,0.0,0.0,0.0,0.0,0.0,0.0,0.0,0.0,0.0,5035.010704916304
t7908,1220.0,120.0,0.0,0.0,0.0,1210.6893247037622,1364.84837722,0.0,0.0,0.0,0.0,0.0,0.0,0.0,0.0,0.0,0.0,3915.537701923762
t7909,1220.0,0.0,0.0,0.0,0.0,5442.69600551021,1363.69013046,0.0,0.0,0.0,0.0,0.0,0.0,0.0,0.0,0.0,0.0,8026.38613597021
t7910,439.6787872971904,120.0,0.0,0.0,0.0,0.0,767.7573000632896,0.0,0.0,0.0,0.0,0.0,0.0,0.0,0.0,0.0,0.0,1327.43608736048
t7911,0.0,0.0,0.0,0.0,0.0,0.0,0.0,0.0,0.0,0.0,0.0,0.0,0.0,0.0,0.0,0.0,0.0,0.0
t7912,0.0,0.0,0.0,0.0,0.0,0.0,0.0,0.0,0.0,0.0,0.0,0.0,0.0,0.0,0.0,0.0,0.0,0.0
t7913,0.0,0.0,0.0,0.0,0.0,0.0,0.0,0.0,0.0,0.0,0.0,0.0,0.0,0.0,0.0,0.0,0.0,0.0
t7914,0.0,0.0,0.0,0.0,0.0,0.0,0.0,0.0,0.0,0.0,0.0,0.0,0.0,0.0,0.0,0.0,0.0,0.0
t7915,0.0,0.0,0.0,0.0,0.0,0.0,0.0,0.0,0.0,0.0,0.0,0.0,0.0,0.0,0.0,0.0,0.0,0.0
t7916,0.0,0.0,0.0,0.0,0.0,0.0,0.0,0.0,0.0,0.0,0.0,0.0,0.0,0.0,0.0,0.0,0.0,0.0
t7917,0.0,0.0,0.0,0.0,0.0,0.0,0.0,0.0,0.0,0.0,0.0,0.0,0.0,0.0,0.0,0.0,0.0,0.0
t7918,0.0,0.0,0.0,0.0,0.0,0.0,0.0,0.0,0.0,0.0,0.0,0.0,0.0,0.0,0.0,0.0,0.0,0.0
t7919,0.0,0.0,0.0,0.0,0.0,0.0,0.0,0.0,0.0,0.0,0.0,0.0,0.0,0.0,0.0,0.0,0.0,0.0
t7920,0.0,0.0,0.0,0.0,0.0,0.0,0.0,0.0,0.0,0.0,0.0,0.0,0.0,0.0,0.0,0.0,0.0,0.0
t7921,0.0,0.0,0.0,0.0,0.0,0.0,0.0,0.0,0.0,0.0,0.0,0.0,0.0,0.0,0.0,0.0,0.0,0.0
t7922,0.0,0.0,0.0,0.0,0.0,0.0,0.0,0.0,0.0,0.0,0.0,0.0,0.0,0.0,0.0,0.0,0.0,0.0
t7923,0.0,0.0,0.0,0.0,0.0,0.0,0.0,0.0,0.0,0.0,0.0,0.0,0.0,0.0,0.0,0.0,0.0,0.0
t7924,0.0,0.0,0.0,0.0,0.0,0.0,0.0,0.0,0.0,0.0,0.0,0.0,0.0,0.0,0.0,0.0,0.0,0.0
t7925,0.0,0.0,0.0,0.0,0.0,0.0,0.0,0.0,0.0,0.0,0.0,0.0,0.0,0.0,0.0,0.0,0.0,0.0
t7926,0.0,0.0,0.0,0.0,0.0,0.0,0.0,0.0,0.0,0.0,0.0,0.0,0.0,0.0,0.0,0.0,0.0,0.0
t7927,0.0,0.0,0.0,0.0,0.0,0.0,0.0,0.0,0.0,0.0,0.0,0.0,0.0,0.0,0.0,0.0,0.0,0.0
t7928,0.0,0.0,0.0,0.0,0.0,0.0,0.0,0.0,0.0,0.0,0.0,0.0,0.0,0.0,0.0,0.0,0.0,0.0
t7929,790.2914237800007,120.0,0.0,0.0,0.0,1212.4259018558319,0.0,0.0,0.0,0.0,0.0,0.0,0.0,0.0,0.0,0.0,0.0,2122.717325635833
t7930,0.0,0.0,0.0,0.0,0.0,1843.360555866545,527.6297431500001,301.72220036777617,0.0,0.0,0.0,0.0,0.0,0.0,0.0,0.0,0.0,2672.7124993843213
t7931,0.0,0.0,0.0,0.0,0.0,5586.8421610585965,789.1707273699999,0.0,0.0,0.0,0.0,0.0,0.0,0.0,0.0,0.0,0.0,6376.012888428597
t7932,853.2275950371899,0.0,0.0,0.0,0.0,5262.427395886218,1590.0,0.0,0.0,0.0,0.0,0.0,0.0,0.0,0.0,0.0,0.0,7705.654990923407
t7933,1220.0,0.0,0.0,0.0,0.0,5230.371000394573,1590.0,1950.0,0.0,0.0,0.0,0.0,0.0,0.0,0.0,0.0,0.0,9990.371000394573
t7934,1060.4542578199996,120.0,0.0,0.0,0.0,5581.213689754658,1240.7829535212568,0.0,0.0,0.0,0.0,0.0,0.0,0.0,0.0,0.0,0.0,8002.450901095915
t7935,1220.0,0.0,0.0,0.0,0.0,3476.00920813089,966.4473217399999,0.0,0.0,0.0,0.0,0.0,0.0,0.0,0.0,0.0,0.0,5662.45652987089
t7936,0.0,29.107323707121573,0.0,0.0,0.0,0.0,0.0,0.0,0.0,0.0,0.0,0.0,0.0,0.0,0.0,0.0,0.0,29.107323707121573
t7937,0.0,0.0,0.0,0.0,0.0,0.0,0.0,0.0,0.0,0.0,0.0,0.0,0.0,0.0,0.0,0.0,0.0,0.0
t7938,0.0,0.0,0.0,0.0,0.0,0.0,0.0,0.0,0.0,0.0,0.0,0.0,0.0,0.0,0.0,0.0,0.0,0.0
t7939,0.0,0.0,0.0,0.0,0.0,0.0,0.0,0.0,0.0,0.0,0.0,0.0,0.0,0.0,0.0,0.0,0.0,0.0
t7940,0.0,0.0,0.0,0.0,0.0,0.0,0.0,0.0,0.0,0.0,0.0,0.0,0.0,0.0,0.0,0.0,0.0,0.0
t7941,0.0,0.0,0.0,0.0,0.0,0.0,0.0,0.0,0.0,0.0,0.0,0.0,0.0,0.0,0.0,0.0,0.0,0.0
t7942,0.0,0.0,0.0,0.0,0.0,0.0,0.0,0.0,0.0,0.0,0.0,0.0,0.0,0.0,0.0,0.0,0.0,0.0
t7943,0.0,0.0,0.0,0.0,0.0,0.0,0.0,0.0,0.0,0.0,0.0,0.0,0.0,0.0,0.0,0.0,0.0,0.0
t7944,0.0,0.0,0.0,0.0,0.0,0.0,0.0,0.0,0.0,0.0,0.0,0.0,0.0,0.0,0.0,0.0,0.0,0.0
t7945,0.0,0.0,0.0,0.0,0.0,0.0,0.0,0.0,0.0,0.0,0.0,0.0,0.0,0.0,0.0,0.0,0.0,0.0
t7946,0.0,0.0,0.0,0.0,0.0,0.0,0.0,0.0,0.0,0.0,0.0,0.0,0.0,0.0,0.0,0.0,0.0,0.0
t7947,0.0,0.0,0.0,0.0,0.0,0.0,0.0,0.0,0.0,0.0,0.0,0.0,0.0,0.0,0.0,0.0,0.0,0.0
t7948,0.0,0.0,0.0,0.0,0.0,0.0,0.0,0.0,0.0,0.0,0.0,0.0,0.0,0.0,0.0,0.0,0.0,0.0
t7949,0.0,0.0,0.0,0.0,0.0,0.0,0.0,0.0,0.0,0.0,0.0,0.0,0.0,0.0,0.0,0.0,0.0,0.0
t7950,0.0,0.0,0.0,0.0,0.0,0.0,0.0,0.0,0.0,0.0,0.0,0.0,0.0,0.0,0.0,0.0,0.0,0.0
t7951,0.0,0.0,0.0,0.0,0.0,0.0,0.0,0.0,0.0,0.0,0.0,0.0,0.0,0.0,0.0,0.0,0.0,0.0
t7952,0.0,0.0,0.0,0.0,0.0,0.0,0.0,0.0,0.0,0.0,0.0,0.0,0.0,0.0,0.0,0.0,0.0,0.0
t7953,559.6157547400009,120.0,0.0,0.0,0.0,2986.960726586333,112.21414059125625,0.0,0.0,0.0,0.0,0.0,0.0,0.0,0.0,0.0,0.0,3778.7906219175898
t7954,906.3280473000002,0.0,0.0,0.0,0.0,3550.564465985514,1590.0,1950.0,0.0,0.0,0.0,0.0,0.0,0.0,0.0,0.0,0.0,7996.892513285514
t7955,967.6881932999994,0.0,0.0,0.0,0.0,7248.06956846053,941.5510631399999,0.0,0.0,0.0,0.0,0.0,0.0,0.0,0.0,0.0,0.0,9157.308824900529
t7956,1013.1641997799999,64.22659608243202,0.0,0.0,0.0,5972.275572218265,1085.00391424,1950.0,0.0,0.0,0.0,0.0,0.0,0.0,0.0,0.0,0.0,10084.670282320696
t7957,990.97425778,0.0,0.0,0.0,0.0,5633.103320112416,1590.0,1950.0,0.0,0.0,0.0,0.0,0.0,0.0,0.0,0.0,0.0,10164.077577892416
t7958,161.95585507719022,0.0,0.0,0.0,0.0,5563.21719181611,1385.2616278100002,0.0,0.0,0.0,0.0,0.0,0.0,0.0,0.0,0.0,0.0,7110.4346747033005
t7959,544.2469686600001,120.0,0.0,0.0,0.0,4714.927123425183,0.0,0.0,0.0,0.0,0.0,0.0,0.0,0.0,0.0,0.0,0.0,5379.174092085183
t7960,0.0,0.0,0.0,0.0,0.0,0.0,0.0,0.0,0.0,0.0,0.0,0.0,0.0,0.0,0.0,0.0,0.0,0.0
t7961,0.0,0.0,0.0,0.0,0.0,0.0,0.0,0.0,0.0,0.0,0.0,0.0,0.0,0.0,0.0,0.0,0.0,0.0
t7962,0.0,0.0,0.0,0.0,0.0,0.0,0.0,0.0,0.0,0.0,0.0,0.0,0.0,0.0,0.0,0.0,0.0,0.0
t7963,0.0,0.0,0.0,0.0,0.0,0.0,0.0,0.0,0.0,0.0,0.0,0.0,0.0,0.0,0.0,0.0,0.0,0.0
t7964,0.0,0.0,0.0,0.0,0.0,0.0,0.0,0.0,0.0,0.0,0.0,0.0,0.0,0.0,0.0,0.0,0.0,0.0
t7965,0.0,0.0,0.0,0.0,0.0,0.0,0.0,0.0,0.0,0.0,0.0,0.0,0.0,0.0,0.0,0.0,0.0,0.0
t7966,0.0,0.0,0.0,0.0,0.0,0.0,0.0,0.0,0.0,0.0,0.0,0.0,0.0,0.0,0.0,0.0,0.0,0.0
t7967,0.0,0.0,0.0,0.0,0.0,0.0,0.0,0.0,0.0,0.0,0.0,0.0,0.0,0.0,0.0,0.0,0.0,0.0
t7968,0.0,0.0,0.0,0.0,0.0,0.0,0.0,0.0,0.0,0.0,0.0,0.0,0.0,0.0,0.0,0.0,0.0,0.0
t7969,0.0,0.0,0.0,0.0,0.0,0.0,0.0,0.0,0.0,0.0,0.0,0.0,0.0,0.0,0.0,0.0,0.0,0.0
t7970,0.0,0.0,0.0,0.0,0.0,0.0,0.0,0.0,0.0,0.0,0.0,0.0,0.0,0.0,0.0,0.0,0.0,0.0
t7971,0.0,0.0,0.0,0.0,0.0,0.0,0.0,0.0,0.0,0.0,0.0,0.0,0.0,0.0,0.0,0.0,0.0,0.0
t7972,0.0,0.0,0.0,0.0,0.0,0.0,0.0,0.0,0.0,0.0,0.0,0.0,0.0,0.0,0.0,0.0,0.0,0.0
t7973,0.0,0.0,0.0,0.0,0.0,0.0,0.0,0.0,0.0,0.0,0.0,0.0,0.0,0.0,0.0,0.0,0.0,0.0
t7974,0.0,0.0,0.0,0.0,0.0,0.0,0.0,0.0,0.0,0.0,0.0,0.0,0.0,0.0,0.0,0.0,0.0,0.0
t7975,0.0,0.0,0.0,0.0,0.0,0.0,0.0,0.0,0.0,0.0,0.0,0.0,0.0,0.0,0.0,0.0,0.0,0.0
t7976,0.0,0.0,0.0,0.0,0.0,0.0,0.0,0.0,0.0,0.0,0.0,0.0,0.0,0.0,0.0,0.0,0.0,0.0
t7977,1220.0,120.0,0.0,0.0,0.0,1347.9944997608886,1113.8964974912556,1950.0,0.0,0.0,0.0,0.0,0.0,0.0,0.0,0.0,0.0,5751.890997252144
t7978,1220.0,25.96458458726457,0.0,0.0,0.0,5896.583135420201,722.8087443,0.0,0.0,0.0,0.0,0.0,0.0,0.0,0.0,0.0,0.0,7865.356464307466
t7979,1220.0,0.0,0.0,0.0,0.0,5741.673747235351,859.4009797400004,1950.0,0.0,0.0,0.0,0.0,0.0,0.0,0.0,0.0,0.0,9771.074726975352
t7980,0.0,120.0,0.0,0.0,0.0,5448.694474516166,1590.0,1950.0,0.0,0.0,0.0,0.0,0.0,0.0,0.0,0.0,0.0,9108.694474516167
t7981,1220.0,0.0,0.0,0.0,0.0,7921.5492034437775,1036.1450897299997,421.9244995430499,0.0,0.0,0.0,0.0,0.0,0.0,0.0,0.0,0.0,10599.618792716827
t7982,0.0,120.0,0.0,0.0,0.0,7189.021061985942,861.4398545700001,0.0,0.0,0.0,0.0,0.0,0.0,0.0,0.0,0.0,0.0,8170.460916555941
t7983,263.9732766371902,120.0,0.0,0.0,0.0,2926.0976833029995,520.3395799500001,1950.0,0.0,0.0,0.0,0.0,0.0,0.0,0.0,0.0,0.0,5780.41053989019
t7984,0.0,0.0,0.0,0.0,0.0,0.0,0.0,0.0,0.0,0.0,0.0,0.0,0.0,0.0,0.0,0.0,0.0,0.0
t7985,0.0,0.0,0.0,0.0,0.0,0.0,0.0,0.0,0.0,0.0,0.0,0.0,0.0,0.0,0.0,0.0,0.0,0.0
t7986,0.0,0.0,0.0,0.0,0.0,0.0,0.0,0.0,0.0,0.0,0.0,0.0,0.0,0.0,0.0,0.0,0.0,0.0
t7987,0.0,0.0,0.0,0.0,0.0,0.0,0.0,0.0,0.0,0.0,0.0,0.0,0.0,0.0,0.0,0.0,0.0,0.0
t7988,0.0,0.0,0.0,0.0,0.0,0.0,0.0,0.0,0.0,0.0,0.0,0.0,0.0,0.0,0.0,0.0,0.0,0.0
t7989,0.0,0.0,0.0,0.0,0.0,0.0,0.0,0.0,0.0,0.0,0.0,0.0,0.0,0.0,0.0,0.0,0.0,0.0
t7990,0.0,0.0,0.0,0.0,0.0,0.0,0.0,0.0,0.0,0.0,0.0,0.0,0.0,0.0,0.0,0.0,0.0,0.0
t7991,0.0,0.0,0.0,0.0,0.0,0.0,0.0,0.0,0.0,0.0,0.0,0.0,0.0,0.0,0.0,0.0,0.0,0.0
t7992,0.0,0.0,0.0,0.0,0.0,0.0,0.0,0.0,0.0,0.0,0.0,0.0,0.0,0.0,0.0,0.0,0.0,0.0
t7993,0.0,0.0,0.0,0.0,0.0,0.0,0.0,0.0,0.0,0.0,0.0,0.0,0.0,0.0,0.0,0.0,0.0,0.0
t7994,0.0,0.0,0.0,0.0,0.0,0.0,0.0,0.0,0.0,0.0,0.0,0.0,0.0,0.0,0.0,0.0,0.0,0.0
t7995,0.0,0.0,0.0,0.0,0.0,0.0,0.0,0.0,0.0,0.0,0.0,0.0,0.0,0.0,0.0,0.0,0.0,0.0
t7996,0.0,0.0,0.0,0.0,0.0,0.0,0.0,0.0,0.0,0.0,0.0,0.0,0.0,0.0,0.0,0.0,0.0,0.0
t7997,0.0,0.0,0.0,0.0,0.0,0.0,0.0,0.0,0.0,0.0,0.0,0.0,0.0,0.0,0.0,0.0,0.0,0.0
t7998,0.0,0.0,0.0,0.0,0.0,0.0,0.0,0.0,0.0,0.0,0.0,0.0,0.0,0.0,0.0,0.0,0.0,0.0
t7999,0.0,0.0,0.0,0.0,0.0,0.0,0.0,0.0,0.0,0.0,0.0,0.0,0.0,0.0,0.0,0.0,0.0,0.0
t8000,0.0,0.0,0.0,0.0,0.0,0.0,0.0,0.0,0.0,0.0,0.0,0.0,0.0,0.0,0.0,0.0,0.0,0.0
t8001,404.96171585719117,120.0,0.0,0.0,0.0,1431.7796897457495,860.2016092400004,0.0,0.0,0.0,0.0,0.0,0.0,0.0,0.0,0.0,0.0,2816.943014842941
t8002,964.0961727799993,0.0,0.0,0.0,0.0,2208.9906672658976,369.8871704912567,1950.0,0.0,0.0,0.0,0.0,0.0,0.0,0.0,0.0,0.0,5492.974010537153
t8003,1220.0,0.0,0.0,0.0,0.0,4586.731487539673,1590.0,0.0,0.0,0.0,0.0,0.0,0.0,0.0,0.0,0.0,0.0,7396.731487539673
t8004,858.9180247799999,54.03591808949564,0.0,0.0,0.0,6171.865114895837,1590.0,0.0,0.0,0.0,0.0,0.0,0.0,0.0,0.0,0.0,0.0,8674.819057765333
t8005,1220.0,0.0,0.0,0.0,0.0,3891.125591855423,703.9419660499999,1950.0,0.0,0.0,0.0,0.0,0.0,0.0,0.0,0.0,0.0,7765.067557905423
t8006,475.99736321999995,0.0,0.0,0.0,0.0,4695.519650473788,1590.0,0.0,0.0,0.0,0.0,0.0,0.0,0.0,0.0,0.0,0.0,6761.517013693788
t8007,0.0,120.0,0.0,0.0,0.0,3308.0623680319154,0.0,0.0,0.0,0.0,0.0,0.0,0.0,0.0,0.0,0.0,0.0,3428.0623680319154
t8008,0.0,0.0,0.0,0.0,0.0,0.0,0.0,0.0,0.0,0.0,0.0,0.0,0.0,0.0,0.0,0.0,0.0,0.0
t8009,0.0,0.0,0.0,0.0,0.0,0.0,0.0,0.0,0.0,0.0,0.0,0.0,0.0,0.0,0.0,0.0,0.0,0.0
t8010,0.0,0.0,0.0,0.0,0.0,0.0,0.0,0.0,0.0,0.0,0.0,0.0,0.0,0.0,0.0,0.0,0.0,0.0
t8011,0.0,0.0,0.0,0.0,0.0,0.0,0.0,0.0,0.0,0.0,0.0,0.0,0.0,0.0,0.0,0.0,0.0,0.0
t8012,0.0,0.0,0.0,0.0,0.0,0.0,0.0,0.0,0.0,0.0,0.0,0.0,0.0,0.0,0.0,0.0,0.0,0.0
t8013,0.0,0.0,0.0,0.0,0.0,0.0,0.0,0.0,0.0,0.0,0.0,0.0,0.0,0.0,0.0,0.0,0.0,0.0
t8014,0.0,0.0,0.0,0.0,0.0,0.0,0.0,0.0,0.0,0.0,0.0,0.0,0.0,0.0,0.0,0.0,0.0,0.0
t8015,0.0,0.0,0.0,0.0,0.0,0.0,0.0,0.0,0.0,0.0,0.0,0.0,0.0,0.0,0.0,0.0,0.0,0.0
t8016,0.0,0.0,0.0,0.0,0.0,0.0,0.0,0.0,0.0,0.0,0.0,0.0,0.0,0.0,0.0,0.0,0.0,0.0
t8017,0.0,0.0,0.0,0.0,0.0,0.0,0.0,0.0,0.0,0.0,0.0,0.0,0.0,0.0,0.0,0.0,0.0,0.0
t8018,0.0,0.0,0.0,0.0,0.0,0.0,0.0,0.0,0.0,0.0,0.0,0.0,0.0,0.0,0.0,0.0,0.0,0.0
t8019,0.0,0.0,0.0,0.0,0.0,0.0,0.0,0.0,0.0,0.0,0.0,0.0,0.0,0.0,0.0,0.0,0.0,0.0
t8020,0.0,0.0,0.0,0.0,0.0,0.0,0.0,0.0,0.0,0.0,0.0,0.0,0.0,0.0,0.0,0.0,0.0,0.0
t8021,0.0,0.0,0.0,0.0,0.0,0.0,0.0,0.0,0.0,0.0,0.0,0.0,0.0,0.0,0.0,0.0,0.0,0.0
t8022,0.0,0.0,0.0,0.0,0.0,0.0,0.0,0.0,0.0,0.0,0.0,0.0,0.0,0.0,0.0,0.0,0.0,0.0
t8023,0.0,0.0,0.0,0.0,0.0,0.0,0.0,0.0,0.0,0.0,0.0,0.0,0.0,0.0,0.0,0.0,0.0,0.0
t8024,0.0,0.0,0.0,0.0,0.0,0.0,0.0,0.0,0.0,0.0,0.0,0.0,0.0,0.0,0.0,0.0,0.0,0.0
t8025,1220.0,120.0,756.4046403600001,0.0,0.0,0.0,0.0,1470.9833323730493,0.0,0.0,0.0,0.0,0.0,0.0,0.0,0.0,0.0,3567.3879727330495
t8026,0.0,120.0,1407.4642547180713,0.0,0.0,5952.484972775268,1180.6805649856917,1950.0,0.0,0.0,0.0,0.0,0.0,0.0,0.0,0.0,0.0,10610.62979247903
t8027,1220.0,0.0,1059.9093549799998,0.0,0.0,7491.791950318924,1367.4117272155654,0.0,0.0,0.0,0.0,0.0,0.0,0.0,0.0,0.0,0.0,11139.11303251449
t8028,1220.0,25.964584587264586,1110.4921935999998,0.0,0.0,7715.791690227392,1192.4808895400001,1950.0,0.0,0.0,0.0,0.0,0.0,0.0,0.0,0.0,0.0,13214.729357954657
t8029,0.0,0.0,1036.7006126000006,0.0,0.0,6332.366380743809,1224.0987555500003,0.0,0.0,0.0,0.0,0.0,0.0,0.0,0.0,0.0,0.0,8593.165748893809
t8030,263.9732766371902,120.0,928.2238406600002,0.0,0.0,3913.7264447408243,1068.0991417100001,1950.0,0.0,0.0,0.0,0.0,0.0,0.0,0.0,0.0,0.0,8244.022703748014
t8031,1220.0,120.0,531.32699501,0.0,0.0,5065.452366859112,671.25966678,900.9411671700012,0.0,0.0,0.0,0.0,0.0,0.0,0.0,0.0,0.0,8508.980195819113
t8032,0.0,0.0,0.0,0.0,0.0,0.0,0.0,0.0,0.0,0.0,0.0,0.0,0.0,0.0,0.0,0.0,0.0,0.0
t8033,0.0,0.0,0.0,0.0,0.0,0.0,0.0,0.0,0.0,0.0,0.0,0.0,0.0,0.0,0.0,0.0,0.0,0.0
t8034,0.0,0.0,0.0,0.0,0.0,0.0,0.0,0.0,0.0,0.0,0.0,0.0,0.0,0.0,0.0,0.0,0.0,0.0
t8035,0.0,0.0,0.0,0.0,0.0,0.0,0.0,0.0,0.0,0.0,0.0,0.0,0.0,0.0,0.0,0.0,0.0,0.0
t8036,0.0,0.0,0.0,0.0,0.0,0.0,0.0,0.0,0.0,0.0,0.0,0.0,0.0,0.0,0.0,0.0,0.0,0.0
t8037,0.0,0.0,0.0,0.0,0.0,0.0,0.0,0.0,0.0,0.0,0.0,0.0,0.0,0.0,0.0,0.0,0.0,0.0
t8038,0.0,0.0,0.0,0.0,0.0,0.0,0.0,0.0,0.0,0.0,0.0,0.0,0.0,0.0,0.0,0.0,0.0,0.0
t8039,0.0,0.0,0.0,0.0,0.0,0.0,0.0,0.0,0.0,0.0,0.0,0.0,0.0,0.0,0.0,0.0,0.0,0.0
t8040,0.0,0.0,0.0,0.0,0.0,0.0,0.0,0.0,0.0,0.0,0.0,0.0,0.0,0.0,0.0,0.0,0.0,0.0
t8041,0.0,0.0,0.0,0.0,0.0,0.0,0.0,0.0,0.0,0.0,0.0,0.0,0.0,0.0,0.0,0.0,0.0,0.0
t8042,0.0,0.0,0.0,0.0,0.0,0.0,0.0,0.0,0.0,0.0,0.0,0.0,0.0,0.0,0.0,0.0,0.0,0.0
t8043,0.0,0.0,0.0,0.0,0.0,0.0,0.0,0.0,0.0,0.0,0.0,0.0,0.0,0.0,0.0,0.0,0.0,0.0
t8044,0.0,0.0,0.0,0.0,0.0,0.0,0.0,0.0,0.0,0.0,0.0,0.0,0.0,0.0,0.0,0.0,0.0,0.0
t8045,0.0,0.0,0.0,0.0,0.0,0.0,0.0,0.0,0.0,0.0,0.0,0.0,0.0,0.0,0.0,0.0,0.0,0.0
t8046,0.0,0.0,0.0,0.0,0.0,0.0,0.0,0.0,0.0,0.0,0.0,0.0,0.0,0.0,0.0,0.0,0.0,0.0
t8047,0.0,0.0,0.0,0.0,0.0,0.0,0.0,0.0,0.0,0.0,0.0,0.0,0.0,0.0,0.0,0.0,0.0,0.0
t8048,0.0,0.0,0.0,0.0,0.0,0.0,0.0,0.0,0.0,0.0,0.0,0.0,0.0,0.0,0.0,0.0,0.0,0.0
t8049,0.0,0.0,0.0,0.0,0.0,0.0,0.0,0.0,0.0,0.0,0.0,0.0,0.0,0.0,0.0,0.0,0.0,0.0
t8050,0.0,0.0,0.0,0.0,0.0,0.0,935.9692753671101,0.0,0.0,0.0,0.0,0.0,0.0,0.0,0.0,0.0,0.0,935.9692753671101
t8051,1220.0,120.0,0.0,0.0,0.0,4888.491109479947,1581.4674744,0.0,0.0,0.0,0.0,0.0,0.0,0.0,0.0,0.0,0.0,7809.958583879947
t8052,1220.0,0.0,0.0,0.0,0.0,6285.303511338084,1590.0,1950.0,0.0,0.0,0.0,0.0,0.0,0.0,0.0,0.0,0.0,11045.303511338083
t8053,1131.5024837800001,0.0,0.0,0.0,107.40658924823073,4506.109294136715,1590.0,1950.0,0.0,0.0,0.0,0.0,0.0,0.0,0.0,0.0,0.0,9285.018367164947
t8054,843.4158492200004,0.0,0.0,0.0,0.0,6005.351973937288,506.8151537600002,0.0,0.0,0.0,0.0,0.0,0.0,0.0,0.0,0.0,0.0,7355.582976917289
t8055,206.94910370000005,0.0,0.0,0.0,0.0,3713.509259284075,499.77884225414687,0.0,0.0,0.0,0.0,0.0,0.0,0.0,0.0,0.0,0.0,4420.2372052382225
t8056,0.0,0.0,0.0,0.0,0.0,0.0,0.0,0.0,0.0,0.0,0.0,0.0,0.0,0.0,0.0,0.0,0.0,0.0
t8057,0.0,0.0,0.0,0.0,0.0,0.0,0.0,0.0,0.0,0.0,0.0,0.0,0.0,0.0,0.0,0.0,0.0,0.0
t8058,0.0,0.0,0.0,0.0,0.0,0.0,0.0,0.0,0.0,0.0,0.0,0.0,0.0,0.0,0.0,0.0,0.0,0.0
t8059,0.0,0.0,0.0,0.0,0.0,0.0,0.0,0.0,0.0,0.0,0.0,0.0,0.0,0.0,0.0,0.0,0.0,0.0
t8060,0.0,0.0,0.0,0.0,0.0,0.0,0.0,0.0,0.0,0.0,0.0,0.0,0.0,0.0,0.0,0.0,0.0,0.0
t8061,0.0,0.0,0.0,0.0,0.0,0.0,0.0,0.0,0.0,0.0,0.0,0.0,0.0,0.0,0.0,0.0,0.0,0.0
t8062,0.0,0.0,0.0,0.0,0.0,0.0,0.0,0.0,0.0,0.0,0.0,0.0,0.0,0.0,0.0,0.0,0.0,0.0
t8063,0.0,0.0,0.0,0.0,0.0,0.0,0.0,0.0,0.0,0.0,0.0,0.0,0.0,0.0,0.0,0.0,0.0,0.0
t8064,0.0,0.0,0.0,0.0,0.0,0.0,0.0,0.0,0.0,0.0,0.0,0.0,0.0,0.0,0.0,0.0,0.0,0.0
t8065,0.0,0.0,0.0,0.0,0.0,0.0,0.0,0.0,0.0,0.0,0.0,0.0,0.0,0.0,0.0,0.0,0.0,0.0
t8066,0.0,0.0,0.0,0.0,0.0,0.0,0.0,0.0,0.0,0.0,0.0,0.0,0.0,0.0,0.0,0.0,0.0,0.0
t8067,0.0,0.0,0.0,0.0,0.0,0.0,0.0,0.0,0.0,0.0,0.0,0.0,0.0,0.0,0.0,0.0,0.0,0.0
t8068,0.0,0.0,0.0,0.0,0.0,0.0,0.0,0.0,0.0,0.0,0.0,0.0,0.0,0.0,0.0,0.0,0.0,0.0
t8069,0.0,0.0,0.0,0.0,0.0,0.0,0.0,0.0,0.0,0.0,0.0,0.0,0.0,0.0,0.0,0.0,0.0,0.0
t8070,0.0,0.0,0.0,0.0,0.0,0.0,0.0,0.0,0.0,0.0,0.0,0.0,0.0,0.0,0.0,0.0,0.0,0.0
t8071,0.0,0.0,0.0,0.0,0.0,0.0,0.0,0.0,0.0,0.0,0.0,0.0,0.0,0.0,0.0,0.0,0.0,0.0
t8072,0.0,0.0,0.0,0.0,0.0,1270.0991509769867,497.3544787999999,0.0,0.0,0.0,0.0,0.0,0.0,0.0,0.0,0.0,0.0,1767.4536297769866
t8073,1220.0,120.0,0.0,0.0,0.0,1556.0101589192548,713.7947674400002,1950.0,0.0,0.0,0.0,0.0,0.0,0.0,0.0,0.0,0.0,5559.804926359255
t8074,723.5906726599999,0.0,0.0,0.0,0.0,3415.5085643284215,1390.48690969,1950.0,0.0,0.0,0.0,0.0,0.0,0.0,0.0,0.0,0.0,7479.586146678422
t8075,1003.5221476599996,0.0,0.0,0.0,0.0,4377.941378792304,1132.9665106399998,0.0,0.0,0.0,0.0,0.0,0.0,0.0,0.0,0.0,0.0,6514.430037092304
t8076,797.3895520199999,0.0,0.0,0.0,0.0,1392.751702153708,999.7510145200001,1950.0,0.0,0.0,0.0,0.0,0.0,0.0,0.0,0.0,0.0,5139.8922686937085
t8077,214.52485937999964,0.0,0.0,0.0,0.0,1967.785674724726,1021.6378339099996,0.0,0.0,0.0,0.0,0.0,0.0,0.0,0.0,0.0,0.0,3203.9483680147255
t8078,1184.9460449171913,120.0,0.0,0.0,0.0,0.0,354.56229830040434,0.0,0.0,0.0,0.0,0.0,0.0,0.0,0.0,0.0,0.0,1659.5083432175957
t8079,0.0,0.0,0.0,0.0,0.0,0.0,0.0,0.0,0.0,0.0,0.0,0.0,0.0,0.0,0.0,0.0,0.0,0.0
t8080,0.0,0.0,0.0,0.0,0.0,0.0,0.0,0.0,0.0,0.0,0.0,0.0,0.0,0.0,0.0,0.0,0.0,0.0
t8081,0.0,0.0,0.0,0.0,0.0,0.0,0.0,0.0,0.0,0.0,0.0,0.0,0.0,0.0,0.0,0.0,0.0,0.0
t8082,0.0,0.0,0.0,0.0,0.0,0.0,0.0,0.0,0.0,0.0,0.0,0.0,0.0,0.0,0.0,0.0,0.0,0.0
t8083,0.0,0.0,0.0,0.0,0.0,0.0,0.0,0.0,0.0,0.0,0.0,0.0,0.0,0.0,0.0,0.0,0.0,0.0
t8084,0.0,0.0,0.0,0.0,0.0,0.0,0.0,0.0,0.0,0.0,0.0,0.0,0.0,0.0,0.0,0.0,0.0,0.0
t8085,0.0,0.0,0.0,0.0,0.0,0.0,0.0,0.0,0.0,0.0,0.0,0.0,0.0,0.0,0.0,0.0,0.0,0.0
t8086,0.0,0.0,0.0,0.0,0.0,0.0,0.0,0.0,0.0,0.0,0.0,0.0,0.0,0.0,0.0,0.0,0.0,0.0
t8087,0.0,0.0,0.0,0.0,0.0,0.0,0.0,0.0,0.0,0.0,0.0,0.0,0.0,0.0,0.0,0.0,0.0,0.0
t8088,0.0,0.0,0.0,0.0,0.0,0.0,0.0,0.0,0.0,0.0,0.0,0.0,0.0,0.0,0.0,0.0,0.0,0.0
t8089,0.0,0.0,0.0,0.0,0.0,0.0,0.0,0.0,0.0,0.0,0.0,0.0,0.0,0.0,0.0,0.0,0.0,0.0
t8090,0.0,0.0,0.0,0.0,0.0,0.0,0.0,0.0,0.0,0.0,0.0,0.0,0.0,0.0,0.0,0.0,0.0,0.0
t8091,0.0,0.0,0.0,0.0,0.0,0.0,0.0,0.0,0.0,0.0,0.0,0.0,0.0,0.0,0.0,0.0,0.0,0.0
t8092,0.0,0.0,0.0,0.0,0.0,0.0,0.0,0.0,0.0,0.0,0.0,0.0,0.0,0.0,0.0,0.0,0.0,0.0
t8093,0.0,0.0,0.0,0.0,0.0,0.0,0.0,0.0,0.0,0.0,0.0,0.0,0.0,0.0,0.0,0.0,0.0,0.0
t8094,0.0,0.0,0.0,0.0,0.0,0.0,0.0,0.0,0.0,0.0,0.0,0.0,0.0,0.0,0.0,0.0,0.0,0.0
t8095,0.0,0.0,0.0,0.0,0.0,0.0,0.0,0.0,0.0,0.0,0.0,0.0,0.0,0.0,0.0,0.0,0.0,0.0
t8096,0.0,0.0,0.0,0.0,0.0,0.0,0.0,0.0,0.0,0.0,0.0,0.0,0.0,0.0,0.0,0.0,0.0,0.0
t8097,0.0,0.0,0.0,0.0,0.0,0.0,0.0,0.0,0.0,0.0,0.0,0.0,0.0,0.0,0.0,0.0,0.0,0.0
t8098,0.0,0.0,0.0,0.0,0.0,0.0,0.0,0.0,0.0,0.0,0.0,0.0,0.0,0.0,0.0,0.0,0.0,0.0
t8099,0.0,0.0,0.0,0.0,0.0,0.0,0.0,0.0,0.0,0.0,0.0,0.0,0.0,0.0,0.0,0.0,0.0,0.0
t8100,0.0,0.0,0.0,0.0,0.0,0.0,0.0,0.0,0.0,0.0,0.0,0.0,0.0,0.0,0.0,0.0,0.0,0.0
t8101,0.0,0.0,0.0,0.0,0.0,0.0,282.4441943329026,0.0,0.0,0.0,0.0,0.0,0.0,0.0,0.0,0.0,0.0,282.4441943329026
t8102,0.0,0.0,0.0,0.0,0.0,0.0,0.0,0.0,0.0,0.0,0.0,0.0,0.0,0.0,0.0,0.0,0.0,0.0
t8103,0.0,0.0,0.0,0.0,0.0,0.0,0.0,0.0,0.0,0.0,0.0,0.0,0.0,0.0,0.0,0.0,0.0,0.0
t8104,0.0,0.0,0.0,0.0,0.0,0.0,0.0,0.0,0.0,0.0,0.0,0.0,0.0,0.0,0.0,0.0,0.0,0.0
t8105,0.0,0.0,0.0,0.0,0.0,0.0,0.0,0.0,0.0,0.0,0.0,0.0,0.0,0.0,0.0,0.0,0.0,0.0
t8106,0.0,0.0,0.0,0.0,0.0,0.0,0.0,0.0,0.0,0.0,0.0,0.0,0.0,0.0,0.0,0.0,0.0,0.0
t8107,0.0,0.0,0.0,0.0,0.0,0.0,0.0,0.0,0.0,0.0,0.0,0.0,0.0,0.0,0.0,0.0,0.0,0.0
t8108,0.0,0.0,0.0,0.0,0.0,0.0,0.0,0.0,0.0,0.0,0.0,0.0,0.0,0.0,0.0,0.0,0.0,0.0
t8109,0.0,0.0,0.0,0.0,0.0,0.0,0.0,0.0,0.0,0.0,0.0,0.0,0.0,0.0,0.0,0.0,0.0,0.0
t8110,0.0,0.0,0.0,0.0,0.0,0.0,0.0,0.0,0.0,0.0,0.0,0.0,0.0,0.0,0.0,0.0,0.0,0.0
t8111,0.0,0.0,0.0,0.0,0.0,0.0,0.0,0.0,0.0,0.0,0.0,0.0,0.0,0.0,0.0,0.0,0.0,0.0
t8112,0.0,0.0,0.0,0.0,0.0,0.0,0.0,0.0,0.0,0.0,0.0,0.0,0.0,0.0,0.0,0.0,0.0,0.0
t8113,0.0,0.0,0.0,0.0,0.0,0.0,0.0,0.0,0.0,0.0,0.0,0.0,0.0,0.0,0.0,0.0,0.0,0.0
t8114,0.0,0.0,0.0,0.0,0.0,0.0,0.0,0.0,0.0,0.0,0.0,0.0,0.0,0.0,0.0,0.0,0.0,0.0
t8115,0.0,0.0,0.0,0.0,0.0,0.0,0.0,0.0,0.0,0.0,0.0,0.0,0.0,0.0,0.0,0.0,0.0,0.0
t8116,0.0,0.0,0.0,0.0,0.0,0.0,0.0,0.0,0.0,0.0,0.0,0.0,0.0,0.0,0.0,0.0,0.0,0.0
t8117,0.0,0.0,0.0,0.0,0.0,0.0,0.0,0.0,0.0,0.0,0.0,0.0,0.0,0.0,0.0,0.0,0.0,0.0
t8118,0.0,0.0,0.0,0.0,0.0,0.0,0.0,0.0,0.0,0.0,0.0,0.0,0.0,0.0,0.0,0.0,0.0,0.0
t8119,0.0,0.0,0.0,0.0,0.0,0.0,0.0,0.0,0.0,0.0,0.0,0.0,0.0,0.0,0.0,0.0,0.0,0.0
t8120,0.0,0.0,0.0,0.0,0.0,0.0,0.0,0.0,0.0,0.0,0.0,0.0,0.0,0.0,0.0,0.0,0.0,0.0
t8121,0.0,0.0,0.0,0.0,0.0,0.0,0.0,0.0,0.0,0.0,0.0,0.0,0.0,0.0,0.0,0.0,0.0,0.0
t8122,875.9854887661949,0.0,0.0,0.0,0.0,0.0,722.7188372912564,0.0,0.0,0.0,0.0,0.0,0.0,0.0,0.0,0.0,0.0,1598.7043260574512
t8123,1220.0,120.0,0.0,0.0,0.0,70.83741525956813,1211.3119084900004,0.0,0.0,0.0,0.0,0.0,0.0,0.0,0.0,0.0,0.0,2622.149323749569
t8124,1220.0,120.0,0.0,0.0,0.0,3377.1105696542754,1590.0,0.0,0.0,0.0,0.0,0.0,0.0,0.0,0.0,0.0,0.0,6307.110569654275
t8125,1220.0,0.0,0.0,0.0,0.0,444.5011376204993,1590.0,1950.0,0.0,0.0,0.0,0.0,0.0,0.0,0.0,0.0,0.0,5204.501137620499
t8126,251.94670708747395,0.0,0.0,0.0,0.0,0.0,1590.0,0.0,0.0,0.0,0.0,0.0,0.0,0.0,0.0,0.0,0.0,1841.946707087474
t8127,0.0,0.0,0.0,0.0,0.0,0.0,0.0,0.0,0.0,0.0,0.0,0.0,0.0,0.0,0.0,0.0,0.0,0.0
t8128,0.0,0.0,0.0,0.0,0.0,0.0,0.0,0.0,0.0,0.0,0.0,0.0,0.0,0.0,0.0,0.0,0.0,0.0
t8129,0.0,0.0,0.0,0.0,0.0,0.0,0.0,0.0,0.0,0.0,0.0,0.0,0.0,0.0,0.0,0.0,0.0,0.0
t8130,0.0,0.0,0.0,0.0,0.0,0.0,0.0,0.0,0.0,0.0,0.0,0.0,0.0,0.0,0.0,0.0,0.0,0.0
t8131,0.0,0.0,0.0,0.0,0.0,0.0,0.0,0.0,0.0,0.0,0.0,0.0,0.0,0.0,0.0,0.0,0.0,0.0
t8132,0.0,0.0,0.0,0.0,0.0,0.0,0.0,0.0,0.0,0.0,0.0,0.0,0.0,0.0,0.0,0.0,0.0,0.0
t8133,0.0,0.0,0.0,0.0,0.0,0.0,0.0,0.0,0.0,0.0,0.0,0.0,0.0,0.0,0.0,0.0,0.0,0.0
t8134,0.0,0.0,0.0,0.0,0.0,0.0,0.0,0.0,0.0,0.0,0.0,0.0,0.0,0.0,0.0,0.0,0.0,0.0
t8135,0.0,0.0,0.0,0.0,0.0,0.0,0.0,0.0,0.0,0.0,0.0,0.0,0.0,0.0,0.0,0.0,0.0,0.0
t8136,0.0,0.0,0.0,0.0,0.0,0.0,0.0,0.0,0.0,0.0,0.0,0.0,0.0,0.0,0.0,0.0,0.0,0.0
t8137,0.0,0.0,0.0,0.0,0.0,0.0,0.0,0.0,0.0,0.0,0.0,0.0,0.0,0.0,0.0,0.0,0.0,0.0
t8138,0.0,0.0,0.0,0.0,0.0,0.0,0.0,0.0,0.0,0.0,0.0,0.0,0.0,0.0,0.0,0.0,0.0,0.0
t8139,0.0,0.0,0.0,0.0,0.0,0.0,0.0,0.0,0.0,0.0,0.0,0.0,0.0,0.0,0.0,0.0,0.0,0.0
t8140,0.0,0.0,0.0,0.0,0.0,0.0,0.0,0.0,0.0,0.0,0.0,0.0,0.0,0.0,0.0,0.0,0.0,0.0
t8141,0.0,0.0,0.0,0.0,0.0,0.0,0.0,0.0,0.0,0.0,0.0,0.0,0.0,0.0,0.0,0.0,0.0,0.0
t8142,0.0,0.0,0.0,0.0,0.0,0.0,0.0,0.0,0.0,0.0,0.0,0.0,0.0,0.0,0.0,0.0,0.0,0.0
t8143,0.0,0.0,0.0,0.0,0.0,0.0,0.0,0.0,0.0,0.0,0.0,0.0,0.0,0.0,0.0,0.0,0.0,0.0
t8144,0.0,120.0,0.0,0.0,0.0,637.27194332734,963.1904175797658,0.0,0.0,0.0,0.0,0.0,0.0,0.0,0.0,0.0,0.0,1720.462360907106
t8145,1220.0,120.0,0.0,0.0,0.0,3195.6111327992635,617.6584183900003,1950.0,0.0,0.0,0.0,0.0,0.0,0.0,0.0,0.0,0.0,7103.269551189264
t8146,1220.0,120.0,0.0,0.0,0.0,3601.715856755398,846.3812418800001,1950.0,0.0,0.0,0.0,0.0,0.0,0.0,0.0,0.0,0.0,7738.097098635398
t8147,0.0,0.0,0.0,0.0,0.0,7711.603737042423,1011.7696420107152,0.0,0.0,0.0,0.0,0.0,0.0,0.0,0.0,0.0,0.0,8723.373379053139
t8148,0.0,0.0,0.0,0.0,0.0,6126.74767241554,1060.14124558,1950.0,0.0,0.0,0.0,0.0,0.0,0.0,0.0,0.0,0.0,9136.88891799554
t8149,1220.0,0.0,0.0,0.0,0.0,8428.079284249967,990.4949483207761,0.0,0.0,0.0,0.0,0.0,0.0,0.0,0.0,0.0,0.0,10638.574232570743
t8150,263.9732766371902,25.964584587264614,0.0,0.0,0.0,5944.589592016274,776.0764089400001,421.9244995430499,0.0,0.0,0.0,0.0,0.0,0.0,0.0,0.0,0.0,7432.528361723778
t8151,1220.0,120.0,0.0,0.0,0.0,825.9945870591196,438.31842307999966,1950.0,0.0,0.0,0.0,0.0,0.0,0.0,0.0,0.0,0.0,4554.31301013912
t8152,0.0,0.0,0.0,0.0,0.0,0.0,0.0,0.0,0.0,0.0,0.0,0.0,0.0,0.0,0.0,0.0,0.0,0.0
t8153,0.0,0.0,0.0,0.0,0.0,0.0,0.0,0.0,0.0,0.0,0.0,0.0,0.0,0.0,0.0,0.0,0.0,0.0
t8154,0.0,0.0,0.0,0.0,0.0,0.0,0.0,0.0,0.0,0.0,0.0,0.0,0.0,0.0,0.0,0.0,0.0,0.0
t8155,0.0,0.0,0.0,0.0,0.0,0.0,0.0,0.0,0.0,0.0,0.0,0.0,0.0,0.0,0.0,0.0,0.0,0.0
t8156,0.0,0.0,0.0,0.0,0.0,0.0,0.0,0.0,0.0,0.0,0.0,0.0,0.0,0.0,0.0,0.0,0.0,0.0
t8157,0.0,0.0,0.0,0.0,0.0,0.0,0.0,0.0,0.0,0.0,0.0,0.0,0.0,0.0,0.0,0.0,0.0,0.0
t8158,0.0,0.0,0.0,0.0,0.0,0.0,0.0,0.0,0.0,0.0,0.0,0.0,0.0,0.0,0.0,0.0,0.0,0.0
t8159,0.0,0.0,0.0,0.0,0.0,0.0,0.0,0.0,0.0,0.0,0.0,0.0,0.0,0.0,0.0,0.0,0.0,0.0
t8160,0.0,0.0,0.0,0.0,0.0,0.0,0.0,0.0,0.0,0.0,0.0,0.0,0.0,0.0,0.0,0.0,0.0,0.0
t8161,0.0,0.0,0.0,0.0,0.0,0.0,0.0,0.0,0.0,0.0,0.0,0.0,0.0,0.0,0.0,0.0,0.0,0.0
t8162,0.0,0.0,0.0,0.0,0.0,0.0,0.0,0.0,0.0,0.0,0.0,0.0,0.0,0.0,0.0,0.0,0.0,0.0
t8163,0.0,0.0,0.0,0.0,0.0,0.0,0.0,0.0,0.0,0.0,0.0,0.0,0.0,0.0,0.0,0.0,0.0,0.0
t8164,0.0,0.0,0.0,0.0,0.0,0.0,0.0,0.0,0.0,0.0,0.0,0.0,0.0,0.0,0.0,0.0,0.0,0.0
t8165,0.0,0.0,0.0,0.0,0.0,0.0,0.0,0.0,0.0,0.0,0.0,0.0,0.0,0.0,0.0,0.0,0.0,0.0
t8166,0.0,0.0,0.0,0.0,0.0,0.0,0.0,0.0,0.0,0.0,0.0,0.0,0.0,0.0,0.0,0.0,0.0,0.0
t8167,0.0,0.0,0.0,0.0,0.0,0.0,0.0,0.0,0.0,0.0,0.0,0.0,0.0,0.0,0.0,0.0,0.0,0.0
t8168,0.0,0.0,0.0,0.0,0.0,0.0,0.0,0.0,0.0,0.0,0.0,0.0,0.0,0.0,0.0,0.0,0.0,0.0
t8169,1220.0,120.0,0.0,0.0,0.0,1091.361712427275,890.9036897887937,1950.0,0.0,0.0,0.0,0.0,0.0,0.0,0.0,0.0,0.0,5272.265402216069
t8170,412.80581153999987,0.0,0.0,0.0,0.0,6752.024484307142,751.9748222600002,0.0,0.0,0.0,0.0,0.0,0.0,0.0,0.0,0.0,0.0,7916.805118107142
t8171,0.0,0.0,0.0,0.0,0.0,6966.077082517694,1139.2179519324634,0.0,0.0,0.0,0.0,0.0,0.0,0.0,0.0,0.0,0.0,8105.295034450158
t8172,1220.0,120.0,0.0,0.0,0.0,3834.689485330231,1058.15462739,1950.0,0.0,0.0,0.0,0.0,0.0,0.0,0.0,0.0,0.0,8182.844112720231
t8173,847.9650302371894,0.0,0.0,0.0,0.0,5514.1299610037695,1590.0,1950.0,0.0,0.0,0.0,0.0,0.0,0.0,0.0,0.0,0.0,9902.09499124096
t8174,223.20243486000066,0.0,0.0,0.0,0.0,6112.288916794272,829.8523415599997,1950.0,0.0,0.0,0.0,0.0,0.0,0.0,0.0,0.0,0.0,9115.343693214272
t8175,1220.0,120.0,0.0,0.0,0.0,2893.1376925524364,443.92731284999985,0.0,0.0,0.0,0.0,0.0,0.0,0.0,0.0,0.0,0.0,4677.065005402436
t8176,0.0,0.0,0.0,0.0,0.0,0.0,0.0,0.0,0.0,0.0,0.0,0.0,0.0,0.0,0.0,0.0,0.0,0.0
t8177,0.0,0.0,0.0,0.0,0.0,0.0,0.0,0.0,0.0,0.0,0.0,0.0,0.0,0.0,0.0,0.0,0.0,0.0
t8178,0.0,0.0,0.0,0.0,0.0,0.0,0.0,0.0,0.0,0.0,0.0,0.0,0.0,0.0,0.0,0.0,0.0,0.0
t8179,0.0,0.0,0.0,0.0,0.0,0.0,0.0,0.0,0.0,0.0,0.0,0.0,0.0,0.0,0.0,0.0,0.0,0.0
t8180,0.0,0.0,0.0,0.0,0.0,0.0,0.0,0.0,0.0,0.0,0.0,0.0,0.0,0.0,0.0,0.0,0.0,0.0
t8181,0.0,0.0,0.0,0.0,0.0,0.0,0.0,0.0,0.0,0.0,0.0,0.0,0.0,0.0,0.0,0.0,0.0,0.0
t8182,0.0,0.0,0.0,0.0,0.0,0.0,0.0,0.0,0.0,0.0,0.0,0.0,0.0,0.0,0.0,0.0,0.0,0.0
t8183,0.0,0.0,0.0,0.0,0.0,0.0,0.0,0.0,0.0,0.0,0.0,0.0,0.0,0.0,0.0,0.0,0.0,0.0
t8184,0.0,0.0,0.0,0.0,0.0,0.0,0.0,0.0,0.0,0.0,0.0,0.0,0.0,0.0,0.0,0.0,0.0,0.0
t8185,0.0,0.0,0.0,0.0,0.0,0.0,0.0,0.0,0.0,0.0,0.0,0.0,0.0,0.0,0.0,0.0,0.0,0.0
t8186,0.0,0.0,0.0,0.0,0.0,0.0,0.0,0.0,0.0,0.0,0.0,0.0,0.0,0.0,0.0,0.0,0.0,0.0
t8187,0.0,0.0,0.0,0.0,0.0,0.0,0.0,0.0,0.0,0.0,0.0,0.0,0.0,0.0,0.0,0.0,0.0,0.0
t8188,0.0,0.0,0.0,0.0,0.0,0.0,0.0,0.0,0.0,0.0,0.0,0.0,0.0,0.0,0.0,0.0,0.0,0.0
t8189,0.0,0.0,0.0,0.0,0.0,0.0,0.0,0.0,0.0,0.0,0.0,0.0,0.0,0.0,0.0,0.0,0.0,0.0
t8190,0.0,0.0,0.0,0.0,0.0,0.0,0.0,0.0,0.0,0.0,0.0,0.0,0.0,0.0,0.0,0.0,0.0,0.0
t8191,0.0,0.0,0.0,0.0,0.0,0.0,0.0,0.0,0.0,0.0,0.0,0.0,0.0,0.0,0.0,0.0,0.0,0.0
t8192,168.9114281371901,120.0,295.44238119999966,0.0,0.0,1456.7568956322498,291.87751729125495,0.0,0.0,0.0,0.0,0.0,0.0,0.0,0.0,0.0,0.0,2332.988222260695
t8193,1220.0,0.0,905.3863174000002,0.0,0.0,4387.624505084792,257.5324048200003,1594.8585083730493,0.0,0.0,0.0,0.0,0.0,0.0,0.0,0.0,0.0,8365.40173567784
t8194,0.0,120.0,1103.4478046899997,0.0,0.0,4828.1305380649255,1109.2181483300003,0.0,0.0,0.0,0.0,0.0,0.0,0.0,0.0,0.0,0.0,7160.796491084925
t8195,1220.0,0.0,1137.5296642700002,0.0,0.0,5734.083348484917,860.9800796100002,1950.0,0.0,0.0,0.0,0.0,0.0,0.0,0.0,0.0,0.0,10902.593092364918
t8196,156.78738205999994,120.0,1178.7478571800002,0.0,0.0,5540.710494664423,1002.18323313,1950.0,0.0,0.0,0.0,0.0,0.0,0.0,0.0,0.0,0.0,9948.428967034422
t8197,0.0,25.964584587264614,1201.55390218,0.0,0.0,5238.108366770398,1388.2389731600001,1950.0,0.0,0.0,0.0,0.0,0.0,0.0,0.0,0.0,0.0,9803.865826697662
t8198,1220.0,0.0,809.5799032999998,0.0,0.0,6800.459413822884,837.6831042700002,777.0659911700009,0.0,0.0,0.0,0.0,0.0,0.0,0.0,0.0,0.0,10444.788412562884
t8199,1158.2744664400002,120.0,0.0,0.0,0.0,2485.7402431407377,901.7038931200001,0.0,0.0,0.0,0.0,0.0,0.0,0.0,0.0,0.0,0.0,4665.718602700738
t8200,0.0,0.0,198.834061708073,0.0,0.0,0.0,54.613392050000044,0.0,0.0,0.0,0.0,0.0,0.0,0.0,0.0,0.0,0.0,253.44745375807304
t8201,0.0,0.0,0.0,0.0,0.0,0.0,0.0,0.0,0.0,0.0,0.0,0.0,0.0,0.0,0.0,0.0,0.0,0.0
t8202,0.0,0.0,0.0,0.0,0.0,0.0,0.0,0.0,0.0,0.0,0.0,0.0,0.0,0.0,0.0,0.0,0.0,0.0
t8203,0.0,0.0,0.0,0.0,0.0,0.0,0.0,0.0,0.0,0.0,0.0,0.0,0.0,0.0,0.0,0.0,0.0,0.0
t8204,0.0,0.0,0.0,0.0,0.0,0.0,0.0,0.0,0.0,0.0,0.0,0.0,0.0,0.0,0.0,0.0,0.0,0.0
t8205,0.0,0.0,0.0,0.0,0.0,0.0,0.0,0.0,0.0,0.0,0.0,0.0,0.0,0.0,0.0,0.0,0.0,0.0
t8206,0.0,0.0,0.0,0.0,0.0,0.0,0.0,0.0,0.0,0.0,0.0,0.0,0.0,0.0,0.0,0.0,0.0,0.0
t8207,0.0,0.0,0.0,0.0,0.0,0.0,0.0,0.0,0.0,0.0,0.0,0.0,0.0,0.0,0.0,0.0,0.0,0.0
t8208,0.0,0.0,0.0,0.0,0.0,0.0,0.0,0.0,0.0,0.0,0.0,0.0,0.0,0.0,0.0,0.0,0.0,0.0
t8209,0.0,0.0,0.0,0.0,0.0,0.0,0.0,0.0,0.0,0.0,0.0,0.0,0.0,0.0,0.0,0.0,0.0,0.0
t8210,0.0,0.0,0.0,0.0,0.0,0.0,0.0,0.0,0.0,0.0,0.0,0.0,0.0,0.0,0.0,0.0,0.0,0.0
t8211,0.0,0.0,0.0,0.0,0.0,0.0,0.0,0.0,0.0,0.0,0.0,0.0,0.0,0.0,0.0,0.0,0.0,0.0
t8212,0.0,0.0,0.0,0.0,0.0,0.0,0.0,0.0,0.0,0.0,0.0,0.0,0.0,0.0,0.0,0.0,0.0,0.0
t8213,0.0,0.0,0.0,0.0,0.0,0.0,0.0,0.0,0.0,0.0,0.0,0.0,0.0,0.0,0.0,0.0,0.0,0.0
t8214,0.0,0.0,0.0,0.0,0.0,0.0,0.0,0.0,0.0,0.0,0.0,0.0,0.0,0.0,0.0,0.0,0.0,0.0
t8215,0.0,0.0,0.0,0.0,0.0,0.0,0.0,0.0,0.0,0.0,0.0,0.0,0.0,0.0,0.0,0.0,0.0,0.0
t8216,14.696899986230859,0.0,318.38815337999984,0.0,0.0,0.0,198.67823625125592,0.0,0.0,0.0,0.0,0.0,0.0,0.0,0.0,0.0,0.0,531.7632896174866
t8217,656.3781804709595,120.0,958.9339820700002,0.0,0.0,4241.002533600621,613.0364761300002,421.92449954305056,0.0,0.0,0.0,0.0,0.0,0.0,0.0,0.0,0.0,7011.275671814632
t8218,0.0,120.0,1148.72131038,0.0,0.0,5045.971806737963,857.5654406600001,1950.0,0.0,0.0,0.0,0.0,0.0,0.0,0.0,0.0,0.0,9122.258557777963
t8219,1220.0,0.0,1236.6934390899996,0.0,0.0,6779.887360984535,894.2264532300002,0.0,0.0,0.0,0.0,0.0,0.0,0.0,0.0,0.0,0.0,10130.807253304534
t8220,1220.0,120.0,736.1566246980726,0.0,0.0,6114.200987774374,1175.77496104,1950.0,0.0,0.0,0.0,0.0,0.0,0.0,0.0,0.0,0.0,11316.132573512446
t8221,0.0,0.0,1280.8700104000002,0.0,0.0,6645.561968229533,1364.60846971,1950.0,0.0,0.0,0.0,0.0,0.0,0.0,0.0,0.0,0.0,11241.040448339532
t8222,1220.0,25.964584587264614,1150.7583719099998,0.0,0.0,4451.907349249017,1076.0324174600003,1950.0,0.0,0.0,0.0,0.0,0.0,0.0,0.0,0.0,0.0,9874.662723206282
t8223,812.8981961799997,120.0,0.0,0.0,0.0,3193.081799089286,524.1082912999999,0.0,0.0,0.0,0.0,0.0,0.0,0.0,0.0,0.0,0.0,4650.088286569286
t8224,0.0,0.0,0.0,0.0,0.0,0.0,0.0,0.0,0.0,0.0,0.0,0.0,0.0,0.0,0.0,0.0,0.0,0.0
t8225,0.0,0.0,0.0,0.0,0.0,0.0,0.0,0.0,0.0,0.0,0.0,0.0,0.0,0.0,0.0,0.0,0.0,0.0
t8226,0.0,0.0,0.0,0.0,0.0,0.0,0.0,0.0,0.0,0.0,0.0,0.0,0.0,0.0,0.0,0.0,0.0,0.0
t8227,0.0,0.0,0.0,0.0,0.0,0.0,0.0,0.0,0.0,0.0,0.0,0.0,0.0,0.0,0.0,0.0,0.0,0.0
t8228,0.0,0.0,0.0,0.0,0.0,0.0,0.0,0.0,0.0,0.0,0.0,0.0,0.0,0.0,0.0,0.0,0.0,0.0
t8229,0.0,0.0,0.0,0.0,0.0,0.0,0.0,0.0,0.0,0.0,0.0,0.0,0.0,0.0,0.0,0.0,0.0,0.0
t8230,0.0,0.0,0.0,0.0,0.0,0.0,0.0,0.0,0.0,0.0,0.0,0.0,0.0,0.0,0.0,0.0,0.0,0.0
t8231,0.0,0.0,0.0,0.0,0.0,0.0,0.0,0.0,0.0,0.0,0.0,0.0,0.0,0.0,0.0,0.0,0.0,0.0
t8232,0.0,0.0,0.0,0.0,0.0,0.0,0.0,0.0,0.0,0.0,0.0,0.0,0.0,0.0,0.0,0.0,0.0,0.0
t8233,0.0,0.0,0.0,0.0,0.0,0.0,0.0,0.0,0.0,0.0,0.0,0.0,0.0,0.0,0.0,0.0,0.0,0.0
t8234,0.0,0.0,0.0,0.0,0.0,0.0,0.0,0.0,0.0,0.0,0.0,0.0,0.0,0.0,0.0,0.0,0.0,0.0
t8235,0.0,0.0,0.0,0.0,0.0,0.0,0.0,0.0,0.0,0.0,0.0,0.0,0.0,0.0,0.0,0.0,0.0,0.0
t8236,0.0,0.0,0.0,0.0,0.0,0.0,0.0,0.0,0.0,0.0,0.0,0.0,0.0,0.0,0.0,0.0,0.0,0.0
t8237,0.0,0.0,0.0,0.0,0.0,0.0,0.0,0.0,0.0,0.0,0.0,0.0,0.0,0.0,0.0,0.0,0.0,0.0
t8238,0.0,0.0,0.0,0.0,0.0,0.0,0.0,0.0,0.0,0.0,0.0,0.0,0.0,0.0,0.0,0.0,0.0,0.0
t8239,0.0,0.0,0.0,0.0,0.0,0.0,0.0,0.0,0.0,0.0,0.0,0.0,0.0,0.0,0.0,0.0,0.0,0.0
t8240,0.0,0.0,0.0,0.0,0.0,0.0,0.0,0.0,0.0,0.0,0.0,0.0,0.0,0.0,0.0,0.0,0.0,0.0
t8241,1220.0,120.0,0.0,0.0,0.0,965.5497616542306,1207.9527257699997,0.0,0.0,0.0,0.0,0.0,0.0,0.0,0.0,0.0,0.0,3513.5024874242304
t8242,1044.29448934,0.0,0.0,0.0,0.0,1279.489227702165,409.7822122679675,1950.0,0.0,0.0,0.0,0.0,0.0,0.0,0.0,0.0,0.0,4683.565929310133
t8243,0.0,0.0,0.0,0.0,0.0,3445.0107049163043,1590.0,0.0,0.0,0.0,0.0,0.0,0.0,0.0,0.0,0.0,0.0,5035.010704916304
t8244,1220.0,120.0,0.0,0.0,0.0,1210.6893247037622,1364.84837722,0.0,0.0,0.0,0.0,0.0,0.0,0.0,0.0,0.0,0.0,3915.537701923762
t8245,1220.0,0.0,0.0,0.0,0.0,5442.69600551021,1363.69013046,0.0,0.0,0.0,0.0,0.0,0.0,0.0,0.0,0.0,0.0,8026.38613597021
t8246,439.6787872971904,120.0,0.0,0.0,0.0,0.0,767.7573000632896,0.0,0.0,0.0,0.0,0.0,0.0,0.0,0.0,0.0,0.0,1327.43608736048
t8247,0.0,0.0,0.0,0.0,0.0,0.0,0.0,0.0,0.0,0.0,0.0,0.0,0.0,0.0,0.0,0.0,0.0,0.0
t8248,0.0,0.0,0.0,0.0,0.0,0.0,0.0,0.0,0.0,0.0,0.0,0.0,0.0,0.0,0.0,0.0,0.0,0.0
t8249,0.0,0.0,0.0,0.0,0.0,0.0,0.0,0.0,0.0,0.0,0.0,0.0,0.0,0.0,0.0,0.0,0.0,0.0
t8250,0.0,0.0,0.0,0.0,0.0,0.0,0.0,0.0,0.0,0.0,0.0,0.0,0.0,0.0,0.0,0.0,0.0,0.0
t8251,0.0,0.0,0.0,0.0,0.0,0.0,0.0,0.0,0.0,0.0,0.0,0.0,0.0,0.0,0.0,0.0,0.0,0.0
t8252,0.0,0.0,0.0,0.0,0.0,0.0,0.0,0.0,0.0,0.0,0.0,0.0,0.0,0.0,0.0,0.0,0.0,0.0
t8253,0.0,0.0,0.0,0.0,0.0,0.0,0.0,0.0,0.0,0.0,0.0,0.0,0.0,0.0,0.0,0.0,0.0,0.0
t8254,0.0,0.0,0.0,0.0,0.0,0.0,0.0,0.0,0.0,0.0,0.0,0.0,0.0,0.0,0.0,0.0,0.0,0.0
t8255,0.0,0.0,0.0,0.0,0.0,0.0,0.0,0.0,0.0,0.0,0.0,0.0,0.0,0.0,0.0,0.0,0.0,0.0
t8256,0.0,0.0,0.0,0.0,0.0,0.0,0.0,0.0,0.0,0.0,0.0,0.0,0.0,0.0,0.0,0.0,0.0,0.0
t8257,0.0,0.0,0.0,0.0,0.0,0.0,0.0,0.0,0.0,0.0,0.0,0.0,0.0,0.0,0.0,0.0,0.0,0.0
t8258,0.0,0.0,0.0,0.0,0.0,0.0,0.0,0.0,0.0,0.0,0.0,0.0,0.0,0.0,0.0,0.0,0.0,0.0
t8259,0.0,0.0,0.0,0.0,0.0,0.0,0.0,0.0,0.0,0.0,0.0,0.0,0.0,0.0,0.0,0.0,0.0,0.0
t8260,0.0,0.0,0.0,0.0,0.0,0.0,0.0,0.0,0.0,0.0,0.0,0.0,0.0,0.0,0.0,0.0,0.0,0.0
t8261,0.0,0.0,0.0,0.0,0.0,0.0,0.0,0.0,0.0,0.0,0.0,0.0,0.0,0.0,0.0,0.0,0.0,0.0
t8262,0.0,0.0,0.0,0.0,0.0,0.0,0.0,0.0,0.0,0.0,0.0,0.0,0.0,0.0,0.0,0.0,0.0,0.0
t8263,0.0,0.0,0.0,0.0,0.0,0.0,0.0,0.0,0.0,0.0,0.0,0.0,0.0,0.0,0.0,0.0,0.0,0.0
t8264,0.0,0.0,0.0,0.0,0.0,0.0,0.0,0.0,0.0,0.0,0.0,0.0,0.0,0.0,0.0,0.0,0.0,0.0
t8265,790.2914237800007,120.0,0.0,0.0,0.0,1212.4259018558319,0.0,0.0,0.0,0.0,0.0,0.0,0.0,0.0,0.0,0.0,0.0,2122.717325635833
t8266,0.0,0.0,0.0,0.0,0.0,1843.360555866545,527.6297431500001,301.72220036777617,0.0,0.0,0.0,0.0,0.0,0.0,0.0,0.0,0.0,2672.7124993843213
t8267,0.0,0.0,0.0,0.0,0.0,5586.8421610585965,789.1707273699999,0.0,0.0,0.0,0.0,0.0,0.0,0.0,0.0,0.0,0.0,6376.012888428597
t8268,853.2275950371899,0.0,0.0,0.0,0.0,5262.427395886218,1590.0,0.0,0.0,0.0,0.0,0.0,0.0,0.0,0.0,0.0,0.0,7705.654990923407
t8269,1220.0,0.0,0.0,0.0,0.0,5230.371000394573,1590.0,1950.0,0.0,0.0,0.0,0.0,0.0,0.0,0.0,0.0,0.0,9990.371000394573
t8270,1060.4542578199996,120.0,0.0,0.0,0.0,5581.213689754658,1240.7829535212568,0.0,0.0,0.0,0.0,0.0,0.0,0.0,0.0,0.0,0.0,8002.450901095915
t8271,1220.0,0.0,0.0,0.0,0.0,3476.00920813089,966.4473217399999,0.0,0.0,0.0,0.0,0.0,0.0,0.0,0.0,0.0,0.0,5662.45652987089
t8272,0.0,29.107323707121573,0.0,0.0,0.0,0.0,0.0,0.0,0.0,0.0,0.0,0.0,0.0,0.0,0.0,0.0,0.0,29.107323707121573
t8273,0.0,0.0,0.0,0.0,0.0,0.0,0.0,0.0,0.0,0.0,0.0,0.0,0.0,0.0,0.0,0.0,0.0,0.0
t8274,0.0,0.0,0.0,0.0,0.0,0.0,0.0,0.0,0.0,0.0,0.0,0.0,0.0,0.0,0.0,0.0,0.0,0.0
t8275,0.0,0.0,0.0,0.0,0.0,0.0,0.0,0.0,0.0,0.0,0.0,0.0,0.0,0.0,0.0,0.0,0.0,0.0
t8276,0.0,0.0,0.0,0.0,0.0,0.0,0.0,0.0,0.0,0.0,0.0,0.0,0.0,0.0,0.0,0.0,0.0,0.0
t8277,0.0,0.0,0.0,0.0,0.0,0.0,0.0,0.0,0.0,0.0,0.0,0.0,0.0,0.0,0.0,0.0,0.0,0.0
t8278,0.0,0.0,0.0,0.0,0.0,0.0,0.0,0.0,0.0,0.0,0.0,0.0,0.0,0.0,0.0,0.0,0.0,0.0
t8279,0.0,0.0,0.0,0.0,0.0,0.0,0.0,0.0,0.0,0.0,0.0,0.0,0.0,0.0,0.0,0.0,0.0,0.0
t8280,0.0,0.0,0.0,0.0,0.0,0.0,0.0,0.0,0.0,0.0,0.0,0.0,0.0,0.0,0.0,0.0,0.0,0.0
t8281,0.0,0.0,0.0,0.0,0.0,0.0,0.0,0.0,0.0,0.0,0.0,0.0,0.0,0.0,0.0,0.0,0.0,0.0
t8282,0.0,0.0,0.0,0.0,0.0,0.0,0.0,0.0,0.0,0.0,0.0,0.0,0.0,0.0,0.0,0.0,0.0,0.0
t8283,0.0,0.0,0.0,0.0,0.0,0.0,0.0,0.0,0.0,0.0,0.0,0.0,0.0,0.0,0.0,0.0,0.0,0.0
t8284,0.0,0.0,0.0,0.0,0.0,0.0,0.0,0.0,0.0,0.0,0.0,0.0,0.0,0.0,0.0,0.0,0.0,0.0
t8285,0.0,0.0,0.0,0.0,0.0,0.0,0.0,0.0,0.0,0.0,0.0,0.0,0.0,0.0,0.0,0.0,0.0,0.0
t8286,0.0,0.0,0.0,0.0,0.0,0.0,0.0,0.0,0.0,0.0,0.0,0.0,0.0,0.0,0.0,0.0,0.0,0.0
t8287,0.0,0.0,0.0,0.0,0.0,0.0,0.0,0.0,0.0,0.0,0.0,0.0,0.0,0.0,0.0,0.0,0.0,0.0
t8288,0.0,0.0,0.0,0.0,0.0,0.0,0.0,0.0,0.0,0.0,0.0,0.0,0.0,0.0,0.0,0.0,0.0,0.0
t8289,559.6157547400009,120.0,0.0,0.0,0.0,2986.960726586333,112.21414059125625,0.0,0.0,0.0,0.0,0.0,0.0,0.0,0.0,0.0,0.0,3778.7906219175898
t8290,906.3280473000002,0.0,0.0,0.0,0.0,3550.564465985514,1590.0,1950.0,0.0,0.0,0.0,0.0,0.0,0.0,0.0,0.0,0.0,7996.892513285514
t8291,967.6881932999994,0.0,0.0,0.0,0.0,7248.06956846053,941.5510631399999,0.0,0.0,0.0,0.0,0.0,0.0,0.0,0.0,0.0,0.0,9157.308824900529
t8292,1013.1641997799999,64.22659608243202,0.0,0.0,0.0,5972.275572218265,1085.00391424,1950.0,0.0,0.0,0.0,0.0,0.0,0.0,0.0,0.0,0.0,10084.670282320696
t8293,990.97425778,0.0,0.0,0.0,0.0,5633.103320112416,1590.0,1950.0,0.0,0.0,0.0,0.0,0.0,0.0,0.0,0.0,0.0,10164.077577892416
t8294,161.95585507719022,0.0,0.0,0.0,0.0,5563.21719181611,1385.2616278100002,0.0,0.0,0.0,0.0,0.0,0.0,0.0,0.0,0.0,0.0,7110.4346747033005
t8295,544.2469686600001,120.0,0.0,0.0,0.0,4714.927123425183,0.0,0.0,0.0,0.0,0.0,0.0,0.0,0.0,0.0,0.0,0.0,5379.174092085183
t8296,0.0,0.0,0.0,0.0,0.0,0.0,0.0,0.0,0.0,0.0,0.0,0.0,0.0,0.0,0.0,0.0,0.0,0.0
t8297,0.0,0.0,0.0,0.0,0.0,0.0,0.0,0.0,0.0,0.0,0.0,0.0,0.0,0.0,0.0,0.0,0.0,0.0
t8298,0.0,0.0,0.0,0.0,0.0,0.0,0.0,0.0,0.0,0.0,0.0,0.0,0.0,0.0,0.0,0.0,0.0,0.0
t8299,0.0,0.0,0.0,0.0,0.0,0.0,0.0,0.0,0.0,0.0,0.0,0.0,0.0,0.0,0.0,0.0,0.0,0.0
t8300,0.0,0.0,0.0,0.0,0.0,0.0,0.0,0.0,0.0,0.0,0.0,0.0,0.0,0.0,0.0,0.0,0.0,0.0
t8301,0.0,0.0,0.0,0.0,0.0,0.0,0.0,0.0,0.0,0.0,0.0,0.0,0.0,0.0,0.0,0.0,0.0,0.0
t8302,0.0,0.0,0.0,0.0,0.0,0.0,0.0,0.0,0.0,0.0,0.0,0.0,0.0,0.0,0.0,0.0,0.0,0.0
t8303,0.0,0.0,0.0,0.0,0.0,0.0,0.0,0.0,0.0,0.0,0.0,0.0,0.0,0.0,0.0,0.0,0.0,0.0
t8304,0.0,0.0,0.0,0.0,0.0,0.0,0.0,0.0,0.0,0.0,0.0,0.0,0.0,0.0,0.0,0.0,0.0,0.0
t8305,0.0,0.0,0.0,0.0,0.0,0.0,0.0,0.0,0.0,0.0,0.0,0.0,0.0,0.0,0.0,0.0,0.0,0.0
t8306,0.0,0.0,0.0,0.0,0.0,0.0,0.0,0.0,0.0,0.0,0.0,0.0,0.0,0.0,0.0,0.0,0.0,0.0
t8307,0.0,0.0,0.0,0.0,0.0,0.0,0.0,0.0,0.0,0.0,0.0,0.0,0.0,0.0,0.0,0.0,0.0,0.0
t8308,0.0,0.0,0.0,0.0,0.0,0.0,0.0,0.0,0.0,0.0,0.0,0.0,0.0,0.0,0.0,0.0,0.0,0.0
t8309,0.0,0.0,0.0,0.0,0.0,0.0,0.0,0.0,0.0,0.0,0.0,0.0,0.0,0.0,0.0,0.0,0.0,0.0
t8310,0.0,0.0,0.0,0.0,0.0,0.0,0.0,0.0,0.0,0.0,0.0,0.0,0.0,0.0,0.0,0.0,0.0,0.0
t8311,0.0,0.0,0.0,0.0,0.0,0.0,0.0,0.0,0.0,0.0,0.0,0.0,0.0,0.0,0.0,0.0,0.0,0.0
t8312,0.0,0.0,0.0,0.0,0.0,0.0,0.0,0.0,0.0,0.0,0.0,0.0,0.0,0.0,0.0,0.0,0.0,0.0
t8313,1220.0,120.0,0.0,0.0,0.0,1347.9944997608886,1113.8964974912556,1950.0,0.0,0.0,0.0,0.0,0.0,0.0,0.0,0.0,0.0,5751.890997252144
t8314,1220.0,25.96458458726457,0.0,0.0,0.0,5896.583135420201,722.8087443,0.0,0.0,0.0,0.0,0.0,0.0,0.0,0.0,0.0,0.0,7865.356464307466
t8315,1220.0,0.0,0.0,0.0,0.0,5741.673747235351,859.4009797400004,1950.0,0.0,0.0,0.0,0.0,0.0,0.0,0.0,0.0,0.0,9771.074726975352
t8316,0.0,120.0,0.0,0.0,0.0,5448.694474516166,1590.0,1950.0,0.0,0.0,0.0,0.0,0.0,0.0,0.0,0.0,0.0,9108.694474516167
t8317,1220.0,0.0,0.0,0.0,0.0,7921.5492034437775,1036.1450897299997,421.9244995430499,0.0,0.0,0.0,0.0,0.0,0.0,0.0,0.0,0.0,10599.618792716827
t8318,0.0,120.0,0.0,0.0,0.0,7189.021061985942,861.4398545700001,0.0,0.0,0.0,0.0,0.0,0.0,0.0,0.0,0.0,0.0,8170.460916555941
t8319,263.9732766371902,120.0,0.0,0.0,0.0,2926.0976833029995,520.3395799500001,1950.0,0.0,0.0,0.0,0.0,0.0,0.0,0.0,0.0,0.0,5780.41053989019
t8320,0.0,0.0,0.0,0.0,0.0,0.0,0.0,0.0,0.0,0.0,0.0,0.0,0.0,0.0,0.0,0.0,0.0,0.0
t8321,0.0,0.0,0.0,0.0,0.0,0.0,0.0,0.0,0.0,0.0,0.0,0.0,0.0,0.0,0.0,0.0,0.0,0.0
t8322,0.0,0.0,0.0,0.0,0.0,0.0,0.0,0.0,0.0,0.0,0.0,0.0,0.0,0.0,0.0,0.0,0.0,0.0
t8323,0.0,0.0,0.0,0.0,0.0,0.0,0.0,0.0,0.0,0.0,0.0,0.0,0.0,0.0,0.0,0.0,0.0,0.0
t8324,0.0,0.0,0.0,0.0,0.0,0.0,0.0,0.0,0.0,0.0,0.0,0.0,0.0,0.0,0.0,0.0,0.0,0.0
t8325,0.0,0.0,0.0,0.0,0.0,0.0,0.0,0.0,0.0,0.0,0.0,0.0,0.0,0.0,0.0,0.0,0.0,0.0
t8326,0.0,0.0,0.0,0.0,0.0,0.0,0.0,0.0,0.0,0.0,0.0,0.0,0.0,0.0,0.0,0.0,0.0,0.0
t8327,0.0,0.0,0.0,0.0,0.0,0.0,0.0,0.0,0.0,0.0,0.0,0.0,0.0,0.0,0.0,0.0,0.0,0.0
t8328,0.0,0.0,0.0,0.0,0.0,0.0,0.0,0.0,0.0,0.0,0.0,0.0,0.0,0.0,0.0,0.0,0.0,0.0
t8329,0.0,0.0,0.0,0.0,0.0,0.0,0.0,0.0,0.0,0.0,0.0,0.0,0.0,0.0,0.0,0.0,0.0,0.0
t8330,0.0,0.0,0.0,0.0,0.0,0.0,0.0,0.0,0.0,0.0,0.0,0.0,0.0,0.0,0.0,0.0,0.0,0.0
t8331,0.0,0.0,0.0,0.0,0.0,0.0,0.0,0.0,0.0,0.0,0.0,0.0,0.0,0.0,0.0,0.0,0.0,0.0
t8332,0.0,0.0,0.0,0.0,0.0,0.0,0.0,0.0,0.0,0.0,0.0,0.0,0.0,0.0,0.0,0.0,0.0,0.0
t8333,0.0,0.0,0.0,0.0,0.0,0.0,0.0,0.0,0.0,0.0,0.0,0.0,0.0,0.0,0.0,0.0,0.0,0.0
t8334,0.0,0.0,0.0,0.0,0.0,0.0,0.0,0.0,0.0,0.0,0.0,0.0,0.0,0.0,0.0,0.0,0.0,0.0
t8335,0.0,0.0,0.0,0.0,0.0,0.0,0.0,0.0,0.0,0.0,0.0,0.0,0.0,0.0,0.0,0.0,0.0,0.0
t8336,0.0,0.0,0.0,0.0,0.0,0.0,0.0,0.0,0.0,0.0,0.0,0.0,0.0,0.0,0.0,0.0,0.0,0.0
t8337,404.96171585719117,120.0,0.0,0.0,0.0,1431.7796897457495,860.2016092400004,0.0,0.0,0.0,0.0,0.0,0.0,0.0,0.0,0.0,0.0,2816.943014842941
t8338,964.0961727799993,0.0,0.0,0.0,0.0,2208.9906672658976,369.8871704912567,1950.0,0.0,0.0,0.0,0.0,0.0,0.0,0.0,0.0,0.0,5492.974010537153
t8339,1220.0,0.0,0.0,0.0,0.0,4586.731487539673,1590.0,0.0,0.0,0.0,0.0,0.0,0.0,0.0,0.0,0.0,0.0,7396.731487539673
t8340,858.9180247799999,54.03591808949564,0.0,0.0,0.0,6171.865114895837,1590.0,0.0,0.0,0.0,0.0,0.0,0.0,0.0,0.0,0.0,0.0,8674.819057765333
t8341,1220.0,0.0,0.0,0.0,0.0,3891.125591855423,703.9419660499999,1950.0,0.0,0.0,0.0,0.0,0.0,0.0,0.0,0.0,0.0,7765.067557905423
t8342,475.99736321999995,0.0,0.0,0.0,0.0,4695.519650473788,1590.0,0.0,0.0,0.0,0.0,0.0,0.0,0.0,0.0,0.0,0.0,6761.517013693788
t8343,0.0,120.0,0.0,0.0,0.0,3308.0623680319154,0.0,0.0,0.0,0.0,0.0,0.0,0.0,0.0,0.0,0.0,0.0,3428.0623680319154
t8344,0.0,0.0,0.0,0.0,0.0,0.0,0.0,0.0,0.0,0.0,0.0,0.0,0.0,0.0,0.0,0.0,0.0,0.0
t8345,0.0,0.0,0.0,0.0,0.0,0.0,0.0,0.0,0.0,0.0,0.0,0.0,0.0,0.0,0.0,0.0,0.0,0.0
t8346,0.0,0.0,0.0,0.0,0.0,0.0,0.0,0.0,0.0,0.0,0.0,0.0,0.0,0.0,0.0,0.0,0.0,0.0
t8347,0.0,0.0,0.0,0.0,0.0,0.0,0.0,0.0,0.0,0.0,0.0,0.0,0.0,0.0,0.0,0.0,0.0,0.0
t8348,0.0,0.0,0.0,0.0,0.0,0.0,0.0,0.0,0.0,0.0,0.0,0.0,0.0,0.0,0.0,0.0,0.0,0.0
t8349,0.0,0.0,0.0,0.0,0.0,0.0,0.0,0.0,0.0,0.0,0.0,0.0,0.0,0.0,0.0,0.0,0.0,0.0
t8350,0.0,0.0,0.0,0.0,0.0,0.0,0.0,0.0,0.0,0.0,0.0,0.0,0.0,0.0,0.0,0.0,0.0,0.0
t8351,0.0,0.0,0.0,0.0,0.0,0.0,0.0,0.0,0.0,0.0,0.0,0.0,0.0,0.0,0.0,0.0,0.0,0.0
t8352,0.0,0.0,0.0,0.0,0.0,0.0,0.0,0.0,0.0,0.0,0.0,0.0,0.0,0.0,0.0,0.0,0.0,0.0
t8353,0.0,0.0,0.0,0.0,0.0,0.0,0.0,0.0,0.0,0.0,0.0,0.0,0.0,0.0,0.0,0.0,0.0,0.0
t8354,0.0,0.0,0.0,0.0,0.0,0.0,0.0,0.0,0.0,0.0,0.0,0.0,0.0,0.0,0.0,0.0,0.0,0.0
t8355,0.0,0.0,0.0,0.0,0.0,0.0,0.0,0.0,0.0,0.0,0.0,0.0,0.0,0.0,0.0,0.0,0.0,0.0
t8356,0.0,0.0,0.0,0.0,0.0,0.0,0.0,0.0,0.0,0.0,0.0,0.0,0.0,0.0,0.0,0.0,0.0,0.0
t8357,0.0,0.0,0.0,0.0,0.0,0.0,0.0,0.0,0.0,0.0,0.0,0.0,0.0,0.0,0.0,0.0,0.0,0.0
t8358,0.0,0.0,0.0,0.0,0.0,0.0,0.0,0.0,0.0,0.0,0.0,0.0,0.0,0.0,0.0,0.0,0.0,0.0
t8359,0.0,0.0,0.0,0.0,0.0,0.0,0.0,0.0,0.0,0.0,0.0,0.0,0.0,0.0,0.0,0.0,0.0,0.0
t8360,0.0,0.0,0.0,0.0,0.0,0.0,0.0,0.0,0.0,0.0,0.0,0.0,0.0,0.0,0.0,0.0,0.0,0.0
t8361,1220.0,120.0,756.4046403600001,0.0,0.0,0.0,0.0,1470.9833323730493,0.0,0.0,0.0,0.0,0.0,0.0,0.0,0.0,0.0,3567.3879727330495
t8362,0.0,120.0,1407.4642547180713,0.0,0.0,5952.484972775268,1180.6805649856917,1950.0,0.0,0.0,0.0,0.0,0.0,0.0,0.0,0.0,0.0,10610.62979247903
t8363,1220.0,0.0,1059.9093549799998,0.0,0.0,7491.791950318924,1367.4117272155654,0.0,0.0,0.0,0.0,0.0,0.0,0.0,0.0,0.0,0.0,11139.11303251449
t8364,1220.0,25.964584587264586,1110.4921935999998,0.0,0.0,7715.791690227392,1192.4808895400001,1950.0,0.0,0.0,0.0,0.0,0.0,0.0,0.0,0.0,0.0,13214.729357954657
t8365,0.0,0.0,1036.7006126000006,0.0,0.0,6332.366380743809,1224.0987555500003,0.0,0.0,0.0,0.0,0.0,0.0,0.0,0.0,0.0,0.0,8593.165748893809
t8366,263.9732766371902,120.0,928.2238406600002,0.0,0.0,3913.7264447408243,1068.0991417100001,1950.0,0.0,0.0,0.0,0.0,0.0,0.0,0.0,0.0,0.0,8244.022703748014
t8367,1220.0,120.0,531.32699501,0.0,0.0,5065.452366859112,671.25966678,900.9411671700012,0.0,0.0,0.0,0.0,0.0,0.0,0.0,0.0,0.0,8508.980195819113
t8368,0.0,0.0,0.0,0.0,0.0,0.0,0.0,0.0,0.0,0.0,0.0,0.0,0.0,0.0,0.0,0.0,0.0,0.0
t8369,0.0,0.0,0.0,0.0,0.0,0.0,0.0,0.0,0.0,0.0,0.0,0.0,0.0,0.0,0.0,0.0,0.0,0.0
t8370,0.0,0.0,0.0,0.0,0.0,0.0,0.0,0.0,0.0,0.0,0.0,0.0,0.0,0.0,0.0,0.0,0.0,0.0
t8371,0.0,0.0,0.0,0.0,0.0,0.0,0.0,0.0,0.0,0.0,0.0,0.0,0.0,0.0,0.0,0.0,0.0,0.0
t8372,0.0,0.0,0.0,0.0,0.0,0.0,0.0,0.0,0.0,0.0,0.0,0.0,0.0,0.0,0.0,0.0,0.0,0.0
t8373,0.0,0.0,0.0,0.0,0.0,0.0,0.0,0.0,0.0,0.0,0.0,0.0,0.0,0.0,0.0,0.0,0.0,0.0
t8374,0.0,0.0,0.0,0.0,0.0,0.0,0.0,0.0,0.0,0.0,0.0,0.0,0.0,0.0,0.0,0.0,0.0,0.0
t8375,0.0,0.0,0.0,0.0,0.0,0.0,0.0,0.0,0.0,0.0,0.0,0.0,0.0,0.0,0.0,0.0,0.0,0.0
t8376,0.0,0.0,0.0,0.0,0.0,0.0,0.0,0.0,0.0,0.0,0.0,0.0,0.0,0.0,0.0,0.0,0.0,0.0
t8377,0.0,0.0,0.0,0.0,0.0,0.0,0.0,0.0,0.0,0.0,0.0,0.0,0.0,0.0,0.0,0.0,0.0,0.0
t8378,0.0,0.0,0.0,0.0,0.0,0.0,0.0,0.0,0.0,0.0,0.0,0.0,0.0,0.0,0.0,0.0,0.0,0.0
t8379,0.0,0.0,0.0,0.0,0.0,0.0,0.0,0.0,0.0,0.0,0.0,0.0,0.0,0.0,0.0,0.0,0.0,0.0
t8380,0.0,0.0,0.0,0.0,0.0,0.0,0.0,0.0,0.0,0.0,0.0,0.0,0.0,0.0,0.0,0.0,0.0,0.0
t8381,0.0,0.0,0.0,0.0,0.0,0.0,0.0,0.0,0.0,0.0,0.0,0.0,0.0,0.0,0.0,0.0,0.0,0.0
t8382,0.0,0.0,0.0,0.0,0.0,0.0,0.0,0.0,0.0,0.0,0.0,0.0,0.0,0.0,0.0,0.0,0.0,0.0
t8383,0.0,0.0,0.0,0.0,0.0,0.0,0.0,0.0,0.0,0.0,0.0,0.0,0.0,0.0,0.0,0.0,0.0,0.0
t8384,0.0,0.0,0.0,0.0,0.0,0.0,0.0,0.0,0.0,0.0,0.0,0.0,0.0,0.0,0.0,0.0,0.0,0.0
t8385,0.0,0.0,0.0,0.0,0.0,0.0,0.0,0.0,0.0,0.0,0.0,0.0,0.0,0.0,0.0,0.0,0.0,0.0
t8386,0.0,0.0,0.0,0.0,0.0,0.0,935.9692753671101,0.0,0.0,0.0,0.0,0.0,0.0,0.0,0.0,0.0,0.0,935.9692753671101
t8387,1220.0,120.0,0.0,0.0,0.0,4888.491109479947,1581.4674744,0.0,0.0,0.0,0.0,0.0,0.0,0.0,0.0,0.0,0.0,7809.958583879947
t8388,1220.0,0.0,0.0,0.0,0.0,6285.303511338084,1590.0,1950.0,0.0,0.0,0.0,0.0,0.0,0.0,0.0,0.0,0.0,11045.303511338083
t8389,1131.5024837800001,0.0,0.0,0.0,107.40658924823073,4506.109294136715,1590.0,1950.0,0.0,0.0,0.0,0.0,0.0,0.0,0.0,0.0,0.0,9285.018367164947
t8390,843.4158492200004,0.0,0.0,0.0,0.0,6005.351973937288,506.8151537600002,0.0,0.0,0.0,0.0,0.0,0.0,0.0,0.0,0.0,0.0,7355.582976917289
t8391,206.94910370000005,0.0,0.0,0.0,0.0,3713.509259284075,499.77884225414687,0.0,0.0,0.0,0.0,0.0,0.0,0.0,0.0,0.0,0.0,4420.2372052382225
t8392,0.0,0.0,0.0,0.0,0.0,0.0,0.0,0.0,0.0,0.0,0.0,0.0,0.0,0.0,0.0,0.0,0.0,0.0
t8393,0.0,0.0,0.0,0.0,0.0,0.0,0.0,0.0,0.0,0.0,0.0,0.0,0.0,0.0,0.0,0.0,0.0,0.0
t8394,0.0,0.0,0.0,0.0,0.0,0.0,0.0,0.0,0.0,0.0,0.0,0.0,0.0,0.0,0.0,0.0,0.0,0.0
t8395,0.0,0.0,0.0,0.0,0.0,0.0,0.0,0.0,0.0,0.0,0.0,0.0,0.0,0.0,0.0,0.0,0.0,0.0
t8396,0.0,0.0,0.0,0.0,0.0,0.0,0.0,0.0,0.0,0.0,0.0,0.0,0.0,0.0,0.0,0.0,0.0,0.0
t8397,0.0,0.0,0.0,0.0,0.0,0.0,0.0,0.0,0.0,0.0,0.0,0.0,0.0,0.0,0.0,0.0,0.0,0.0
t8398,0.0,0.0,0.0,0.0,0.0,0.0,0.0,0.0,0.0,0.0,0.0,0.0,0.0,0.0,0.0,0.0,0.0,0.0
t8399,0.0,0.0,0.0,0.0,0.0,0.0,0.0,0.0,0.0,0.0,0.0,0.0,0.0,0.0,0.0,0.0,0.0,0.0
t8400,0.0,0.0,0.0,0.0,0.0,0.0,0.0,0.0,0.0,0.0,0.0,0.0,0.0,0.0,0.0,0.0,0.0,0.0
t8401,0.0,0.0,0.0,0.0,0.0,0.0,0.0,0.0,0.0,0.0,0.0,0.0,0.0,0.0,0.0,0.0,0.0,0.0
t8402,0.0,0.0,0.0,0.0,0.0,0.0,0.0,0.0,0.0,0.0,0.0,0.0,0.0,0.0,0.0,0.0,0.0,0.0
t8403,0.0,0.0,0.0,0.0,0.0,0.0,0.0,0.0,0.0,0.0,0.0,0.0,0.0,0.0,0.0,0.0,0.0,0.0
t8404,0.0,0.0,0.0,0.0,0.0,0.0,0.0,0.0,0.0,0.0,0.0,0.0,0.0,0.0,0.0,0.0,0.0,0.0
t8405,0.0,0.0,0.0,0.0,0.0,0.0,0.0,0.0,0.0,0.0,0.0,0.0,0.0,0.0,0.0,0.0,0.0,0.0
t8406,0.0,0.0,0.0,0.0,0.0,0.0,0.0,0.0,0.0,0.0,0.0,0.0,0.0,0.0,0.0,0.0,0.0,0.0
t8407,0.0,0.0,0.0,0.0,0.0,0.0,0.0,0.0,0.0,0.0,0.0,0.0,0.0,0.0,0.0,0.0,0.0,0.0
t8408,0.0,0.0,0.0,0.0,0.0,1270.0991509769867,497.3544787999999,0.0,0.0,0.0,0.0,0.0,0.0,0.0,0.0,0.0,0.0,1767.4536297769866
t8409,1220.0,120.0,0.0,0.0,0.0,1556.0101589192548,713.7947674400002,1950.0,0.0,0.0,0.0,0.0,0.0,0.0,0.0,0.0,0.0,5559.804926359255
t8410,723.5906726599999,0.0,0.0,0.0,0.0,3415.5085643284215,1390.48690969,1950.0,0.0,0.0,0.0,0.0,0.0,0.0,0.0,0.0,0.0,7479.586146678422
t8411,1003.5221476599996,0.0,0.0,0.0,0.0,4377.941378792304,1132.9665106399998,0.0,0.0,0.0,0.0,0.0,0.0,0.0,0.0,0.0,0.0,6514.430037092304
t8412,797.3895520199999,0.0,0.0,0.0,0.0,1392.751702153708,999.7510145200001,1950.0,0.0,0.0,0.0,0.0,0.0,0.0,0.0,0.0,0.0,5139.8922686937085
t8413,214.52485937999964,0.0,0.0,0.0,0.0,1967.785674724726,1021.6378339099996,0.0,0.0,0.0,0.0,0.0,0.0,0.0,0.0,0.0,0.0,3203.9483680147255
t8414,1184.9460449171913,120.0,0.0,0.0,0.0,0.0,354.56229830040434,0.0,0.0,0.0,0.0,0.0,0.0,0.0,0.0,0.0,0.0,1659.5083432175957
t8415,0.0,0.0,0.0,0.0,0.0,0.0,0.0,0.0,0.0,0.0,0.0,0.0,0.0,0.0,0.0,0.0,0.0,0.0
t8416,0.0,0.0,0.0,0.0,0.0,0.0,0.0,0.0,0.0,0.0,0.0,0.0,0.0,0.0,0.0,0.0,0.0,0.0
t8417,0.0,0.0,0.0,0.0,0.0,0.0,0.0,0.0,0.0,0.0,0.0,0.0,0.0,0.0,0.0,0.0,0.0,0.0
t8418,0.0,0.0,0.0,0.0,0.0,0.0,0.0,0.0,0.0,0.0,0.0,0.0,0.0,0.0,0.0,0.0,0.0,0.0
t8419,0.0,0.0,0.0,0.0,0.0,0.0,0.0,0.0,0.0,0.0,0.0,0.0,0.0,0.0,0.0,0.0,0.0,0.0
t8420,0.0,0.0,0.0,0.0,0.0,0.0,0.0,0.0,0.0,0.0,0.0,0.0,0.0,0.0,0.0,0.0,0.0,0.0
t8421,0.0,0.0,0.0,0.0,0.0,0.0,0.0,0.0,0.0,0.0,0.0,0.0,0.0,0.0,0.0,0.0,0.0,0.0
t8422,0.0,0.0,0.0,0.0,0.0,0.0,0.0,0.0,0.0,0.0,0.0,0.0,0.0,0.0,0.0,0.0,0.0,0.0
t8423,0.0,0.0,0.0,0.0,0.0,0.0,0.0,0.0,0.0,0.0,0.0,0.0,0.0,0.0,0.0,0.0,0.0,0.0
t8424,0.0,0.0,0.0,0.0,0.0,0.0,0.0,0.0,0.0,0.0,0.0,0.0,0.0,0.0,0.0,0.0,0.0,0.0
t8425,0.0,0.0,0.0,0.0,0.0,0.0,0.0,0.0,0.0,0.0,0.0,0.0,0.0,0.0,0.0,0.0,0.0,0.0
t8426,0.0,0.0,0.0,0.0,0.0,0.0,0.0,0.0,0.0,0.0,0.0,0.0,0.0,0.0,0.0,0.0,0.0,0.0
t8427,0.0,0.0,0.0,0.0,0.0,0.0,0.0,0.0,0.0,0.0,0.0,0.0,0.0,0.0,0.0,0.0,0.0,0.0
t8428,0.0,0.0,0.0,0.0,0.0,0.0,0.0,0.0,0.0,0.0,0.0,0.0,0.0,0.0,0.0,0.0,0.0,0.0
t8429,0.0,0.0,0.0,0.0,0.0,0.0,0.0,0.0,0.0,0.0,0.0,0.0,0.0,0.0,0.0,0.0,0.0,0.0
t8430,0.0,0.0,0.0,0.0,0.0,0.0,0.0,0.0,0.0,0.0,0.0,0.0,0.0,0.0,0.0,0.0,0.0,0.0
t8431,0.0,0.0,0.0,0.0,0.0,0.0,0.0,0.0,0.0,0.0,0.0,0.0,0.0,0.0,0.0,0.0,0.0,0.0
t8432,0.0,0.0,0.0,0.0,0.0,0.0,0.0,0.0,0.0,0.0,0.0,0.0,0.0,0.0,0.0,0.0,0.0,0.0
t8433,0.0,0.0,0.0,0.0,0.0,0.0,0.0,0.0,0.0,0.0,0.0,0.0,0.0,0.0,0.0,0.0,0.0,0.0
t8434,0.0,0.0,0.0,0.0,0.0,0.0,0.0,0.0,0.0,0.0,0.0,0.0,0.0,0.0,0.0,0.0,0.0,0.0
t8435,0.0,0.0,0.0,0.0,0.0,0.0,0.0,0.0,0.0,0.0,0.0,0.0,0.0,0.0,0.0,0.0,0.0,0.0
t8436,0.0,0.0,0.0,0.0,0.0,0.0,0.0,0.0,0.0,0.0,0.0,0.0,0.0,0.0,0.0,0.0,0.0,0.0
t8437,0.0,0.0,0.0,0.0,0.0,0.0,282.4441943329026,0.0,0.0,0.0,0.0,0.0,0.0,0.0,0.0,0.0,0.0,282.4441943329026
t8438,0.0,0.0,0.0,0.0,0.0,0.0,0.0,0.0,0.0,0.0,0.0,0.0,0.0,0.0,0.0,0.0,0.0,0.0
t8439,0.0,0.0,0.0,0.0,0.0,0.0,0.0,0.0,0.0,0.0,0.0,0.0,0.0,0.0,0.0,0.0,0.0,0.0
t8440,0.0,0.0,0.0,0.0,0.0,0.0,0.0,0.0,0.0,0.0,0.0,0.0,0.0,0.0,0.0,0.0,0.0,0.0
t8441,0.0,0.0,0.0,0.0,0.0,0.0,0.0,0.0,0.0,0.0,0.0,0.0,0.0,0.0,0.0,0.0,0.0,0.0
t8442,0.0,0.0,0.0,0.0,0.0,0.0,0.0,0.0,0.0,0.0,0.0,0.0,0.0,0.0,0.0,0.0,0.0,0.0
t8443,0.0,0.0,0.0,0.0,0.0,0.0,0.0,0.0,0.0,0.0,0.0,0.0,0.0,0.0,0.0,0.0,0.0,0.0
t8444,0.0,0.0,0.0,0.0,0.0,0.0,0.0,0.0,0.0,0.0,0.0,0.0,0.0,0.0,0.0,0.0,0.0,0.0
t8445,0.0,0.0,0.0,0.0,0.0,0.0,0.0,0.0,0.0,0.0,0.0,0.0,0.0,0.0,0.0,0.0,0.0,0.0
t8446,0.0,0.0,0.0,0.0,0.0,0.0,0.0,0.0,0.0,0.0,0.0,0.0,0.0,0.0,0.0,0.0,0.0,0.0
t8447,0.0,0.0,0.0,0.0,0.0,0.0,0.0,0.0,0.0,0.0,0.0,0.0,0.0,0.0,0.0,0.0,0.0,0.0
t8448,0.0,0.0,0.0,0.0,0.0,0.0,0.0,0.0,0.0,0.0,0.0,0.0,0.0,0.0,0.0,0.0,0.0,0.0
t8449,0.0,0.0,0.0,0.0,0.0,0.0,0.0,0.0,0.0,0.0,0.0,0.0,0.0,0.0,0.0,0.0,0.0,0.0
t8450,0.0,0.0,0.0,0.0,0.0,0.0,0.0,0.0,0.0,0.0,0.0,0.0,0.0,0.0,0.0,0.0,0.0,0.0
t8451,0.0,0.0,0.0,0.0,0.0,0.0,0.0,0.0,0.0,0.0,0.0,0.0,0.0,0.0,0.0,0.0,0.0,0.0
t8452,0.0,0.0,0.0,0.0,0.0,0.0,0.0,0.0,0.0,0.0,0.0,0.0,0.0,0.0,0.0,0.0,0.0,0.0
t8453,0.0,0.0,0.0,0.0,0.0,0.0,0.0,0.0,0.0,0.0,0.0,0.0,0.0,0.0,0.0,0.0,0.0,0.0
t8454,0.0,0.0,0.0,0.0,0.0,0.0,0.0,0.0,0.0,0.0,0.0,0.0,0.0,0.0,0.0,0.0,0.0,0.0
t8455,0.0,0.0,0.0,0.0,0.0,0.0,0.0,0.0,0.0,0.0,0.0,0.0,0.0,0.0,0.0,0.0,0.0,0.0
t8456,0.0,0.0,0.0,0.0,0.0,0.0,0.0,0.0,0.0,0.0,0.0,0.0,0.0,0.0,0.0,0.0,0.0,0.0
t8457,0.0,0.0,0.0,0.0,0.0,0.0,0.0,0.0,0.0,0.0,0.0,0.0,0.0,0.0,0.0,0.0,0.0,0.0
t8458,875.9854887661949,0.0,0.0,0.0,0.0,0.0,722.7188372912564,0.0,0.0,0.0,0.0,0.0,0.0,0.0,0.0,0.0,0.0,1598.7043260574512
t8459,1220.0,120.0,0.0,0.0,0.0,70.83741525956813,1211.3119084900004,0.0,0.0,0.0,0.0,0.0,0.0,0.0,0.0,0.0,0.0,2622.149323749569
t8460,1220.0,120.0,0.0,0.0,0.0,3377.1105696542754,1590.0,0.0,0.0,0.0,0.0,0.0,0.0,0.0,0.0,0.0,0.0,6307.110569654275
t8461,1220.0,0.0,0.0,0.0,0.0,444.5011376204993,1590.0,1950.0,0.0,0.0,0.0,0.0,0.0,0.0,0.0,0.0,0.0,5204.501137620499
t8462,251.94670708747395,0.0,0.0,0.0,0.0,0.0,1590.0,0.0,0.0,0.0,0.0,0.0,0.0,0.0,0.0,0.0,0.0,1841.946707087474
t8463,0.0,0.0,0.0,0.0,0.0,0.0,0.0,0.0,0.0,0.0,0.0,0.0,0.0,0.0,0.0,0.0,0.0,0.0
t8464,0.0,0.0,0.0,0.0,0.0,0.0,0.0,0.0,0.0,0.0,0.0,0.0,0.0,0.0,0.0,0.0,0.0,0.0
t8465,0.0,0.0,0.0,0.0,0.0,0.0,0.0,0.0,0.0,0.0,0.0,0.0,0.0,0.0,0.0,0.0,0.0,0.0
t8466,0.0,0.0,0.0,0.0,0.0,0.0,0.0,0.0,0.0,0.0,0.0,0.0,0.0,0.0,0.0,0.0,0.0,0.0
t8467,0.0,0.0,0.0,0.0,0.0,0.0,0.0,0.0,0.0,0.0,0.0,0.0,0.0,0.0,0.0,0.0,0.0,0.0
t8468,0.0,0.0,0.0,0.0,0.0,0.0,0.0,0.0,0.0,0.0,0.0,0.0,0.0,0.0,0.0,0.0,0.0,0.0
t8469,0.0,0.0,0.0,0.0,0.0,0.0,0.0,0.0,0.0,0.0,0.0,0.0,0.0,0.0,0.0,0.0,0.0,0.0
t8470,0.0,0.0,0.0,0.0,0.0,0.0,0.0,0.0,0.0,0.0,0.0,0.0,0.0,0.0,0.0,0.0,0.0,0.0
t8471,0.0,0.0,0.0,0.0,0.0,0.0,0.0,0.0,0.0,0.0,0.0,0.0,0.0,0.0,0.0,0.0,0.0,0.0
t8472,0.0,0.0,0.0,0.0,0.0,0.0,0.0,0.0,0.0,0.0,0.0,0.0,0.0,0.0,0.0,0.0,0.0,0.0
t8473,0.0,0.0,0.0,0.0,0.0,0.0,0.0,0.0,0.0,0.0,0.0,0.0,0.0,0.0,0.0,0.0,0.0,0.0
t8474,0.0,0.0,0.0,0.0,0.0,0.0,0.0,0.0,0.0,0.0,0.0,0.0,0.0,0.0,0.0,0.0,0.0,0.0
t8475,0.0,0.0,0.0,0.0,0.0,0.0,0.0,0.0,0.0,0.0,0.0,0.0,0.0,0.0,0.0,0.0,0.0,0.0
t8476,0.0,0.0,0.0,0.0,0.0,0.0,0.0,0.0,0.0,0.0,0.0,0.0,0.0,0.0,0.0,0.0,0.0,0.0
t8477,0.0,0.0,0.0,0.0,0.0,0.0,0.0,0.0,0.0,0.0,0.0,0.0,0.0,0.0,0.0,0.0,0.0,0.0
t8478,0.0,0.0,0.0,0.0,0.0,0.0,0.0,0.0,0.0,0.0,0.0,0.0,0.0,0.0,0.0,0.0,0.0,0.0
t8479,0.0,0.0,0.0,0.0,0.0,0.0,0.0,0.0,0.0,0.0,0.0,0.0,0.0,0.0,0.0,0.0,0.0,0.0
t8480,0.0,120.0,0.0,0.0,0.0,637.27194332734,963.1904175797658,0.0,0.0,0.0,0.0,0.0,0.0,0.0,0.0,0.0,0.0,1720.462360907106
t8481,1220.0,120.0,0.0,0.0,0.0,3195.6111327992635,617.6584183900003,1950.0,0.0,0.0,0.0,0.0,0.0,0.0,0.0,0.0,0.0,7103.269551189264
t8482,1220.0,120.0,0.0,0.0,0.0,3601.715856755398,846.3812418800001,1950.0,0.0,0.0,0.0,0.0,0.0,0.0,0.0,0.0,0.0,7738.097098635398
t8483,0.0,0.0,0.0,0.0,0.0,7711.603737042423,1011.7696420107152,0.0,0.0,0.0,0.0,0.0,0.0,0.0,0.0,0.0,0.0,8723.373379053139
t8484,0.0,0.0,0.0,0.0,0.0,6126.74767241554,1060.14124558,1950.0,0.0,0.0,0.0,0.0,0.0,0.0,0.0,0.0,0.0,9136.88891799554
t8485,1220.0,0.0,0.0,0.0,0.0,8428.079284249967,990.4949483207761,0.0,0.0,0.0,0.0,0.0,0.0,0.0,0.0,0.0,0.0,10638.574232570743
t8486,263.9732766371902,25.964584587264614,0.0,0.0,0.0,5944.589592016274,776.0764089400001,421.9244995430499,0.0,0.0,0.0,0.0,0.0,0.0,0.0,0.0,0.0,7432.528361723778
t8487,1220.0,120.0,0.0,0.0,0.0,825.9945870591196,438.31842307999966,1950.0,0.0,0.0,0.0,0.0,0.0,0.0,0.0,0.0,0.0,4554.31301013912
t8488,0.0,0.0,0.0,0.0,0.0,0.0,0.0,0.0,0.0,0.0,0.0,0.0,0.0,0.0,0.0,0.0,0.0,0.0
t8489,0.0,0.0,0.0,0.0,0.0,0.0,0.0,0.0,0.0,0.0,0.0,0.0,0.0,0.0,0.0,0.0,0.0,0.0
t8490,0.0,0.0,0.0,0.0,0.0,0.0,0.0,0.0,0.0,0.0,0.0,0.0,0.0,0.0,0.0,0.0,0.0,0.0
t8491,0.0,0.0,0.0,0.0,0.0,0.0,0.0,0.0,0.0,0.0,0.0,0.0,0.0,0.0,0.0,0.0,0.0,0.0
t8492,0.0,0.0,0.0,0.0,0.0,0.0,0.0,0.0,0.0,0.0,0.0,0.0,0.0,0.0,0.0,0.0,0.0,0.0
t8493,0.0,0.0,0.0,0.0,0.0,0.0,0.0,0.0,0.0,0.0,0.0,0.0,0.0,0.0,0.0,0.0,0.0,0.0
t8494,0.0,0.0,0.0,0.0,0.0,0.0,0.0,0.0,0.0,0.0,0.0,0.0,0.0,0.0,0.0,0.0,0.0,0.0
t8495,0.0,0.0,0.0,0.0,0.0,0.0,0.0,0.0,0.0,0.0,0.0,0.0,0.0,0.0,0.0,0.0,0.0,0.0
t8496,0.0,0.0,0.0,0.0,0.0,0.0,0.0,0.0,0.0,0.0,0.0,0.0,0.0,0.0,0.0,0.0,0.0,0.0
t8497,0.0,0.0,0.0,0.0,0.0,0.0,0.0,0.0,0.0,0.0,0.0,0.0,0.0,0.0,0.0,0.0,0.0,0.0
t8498,0.0,0.0,0.0,0.0,0.0,0.0,0.0,0.0,0.0,0.0,0.0,0.0,0.0,0.0,0.0,0.0,0.0,0.0
t8499,0.0,0.0,0.0,0.0,0.0,0.0,0.0,0.0,0.0,0.0,0.0,0.0,0.0,0.0,0.0,0.0,0.0,0.0
t8500,0.0,0.0,0.0,0.0,0.0,0.0,0.0,0.0,0.0,0.0,0.0,0.0,0.0,0.0,0.0,0.0,0.0,0.0
t8501,0.0,0.0,0.0,0.0,0.0,0.0,0.0,0.0,0.0,0.0,0.0,0.0,0.0,0.0,0.0,0.0,0.0,0.0
t8502,0.0,0.0,0.0,0.0,0.0,0.0,0.0,0.0,0.0,0.0,0.0,0.0,0.0,0.0,0.0,0.0,0.0,0.0
t8503,0.0,0.0,0.0,0.0,0.0,0.0,0.0,0.0,0.0,0.0,0.0,0.0,0.0,0.0,0.0,0.0,0.0,0.0
t8504,0.0,0.0,0.0,0.0,0.0,0.0,0.0,0.0,0.0,0.0,0.0,0.0,0.0,0.0,0.0,0.0,0.0,0.0
t8505,1220.0,120.0,0.0,0.0,0.0,1091.361712427275,890.9036897887937,1950.0,0.0,0.0,0.0,0.0,0.0,0.0,0.0,0.0,0.0,5272.265402216069
t8506,412.80581153999987,0.0,0.0,0.0,0.0,6752.024484307142,751.9748222600002,0.0,0.0,0.0,0.0,0.0,0.0,0.0,0.0,0.0,0.0,7916.805118107142
t8507,0.0,0.0,0.0,0.0,0.0,6966.077082517694,1139.2179519324634,0.0,0.0,0.0,0.0,0.0,0.0,0.0,0.0,0.0,0.0,8105.295034450158
t8508,1220.0,120.0,0.0,0.0,0.0,3834.689485330231,1058.15462739,1950.0,0.0,0.0,0.0,0.0,0.0,0.0,0.0,0.0,0.0,8182.844112720231
t8509,847.9650302371894,0.0,0.0,0.0,0.0,5514.1299610037695,1590.0,1950.0,0.0,0.0,0.0,0.0,0.0,0.0,0.0,0.0,0.0,9902.09499124096
t8510,223.20243486000066,0.0,0.0,0.0,0.0,6112.288916794272,829.8523415599997,1950.0,0.0,0.0,0.0,0.0,0.0,0.0,0.0,0.0,0.0,9115.343693214272
t8511,1220.0,120.0,0.0,0.0,0.0,2893.1376925524364,443.92731284999985,0.0,0.0,0.0,0.0,0.0,0.0,0.0,0.0,0.0,0.0,4677.065005402436
t8512,0.0,0.0,0.0,0.0,0.0,0.0,0.0,0.0,0.0,0.0,0.0,0.0,0.0,0.0,0.0,0.0,0.0,0.0
t8513,0.0,0.0,0.0,0.0,0.0,0.0,0.0,0.0,0.0,0.0,0.0,0.0,0.0,0.0,0.0,0.0,0.0,0.0
t8514,0.0,0.0,0.0,0.0,0.0,0.0,0.0,0.0,0.0,0.0,0.0,0.0,0.0,0.0,0.0,0.0,0.0,0.0
t8515,0.0,0.0,0.0,0.0,0.0,0.0,0.0,0.0,0.0,0.0,0.0,0.0,0.0,0.0,0.0,0.0,0.0,0.0
t8516,0.0,0.0,0.0,0.0,0.0,0.0,0.0,0.0,0.0,0.0,0.0,0.0,0.0,0.0,0.0,0.0,0.0,0.0
t8517,0.0,0.0,0.0,0.0,0.0,0.0,0.0,0.0,0.0,0.0,0.0,0.0,0.0,0.0,0.0,0.0,0.0,0.0
t8518,0.0,0.0,0.0,0.0,0.0,0.0,0.0,0.0,0.0,0.0,0.0,0.0,0.0,0.0,0.0,0.0,0.0,0.0
t8519,0.0,0.0,0.0,0.0,0.0,0.0,0.0,0.0,0.0,0.0,0.0,0.0,0.0,0.0,0.0,0.0,0.0,0.0
t8520,0.0,0.0,0.0,0.0,0.0,0.0,0.0,0.0,0.0,0.0,0.0,0.0,0.0,0.0,0.0,0.0,0.0,0.0
t8521,0.0,0.0,0.0,0.0,0.0,0.0,0.0,0.0,0.0,0.0,0.0,0.0,0.0,0.0,0.0,0.0,0.0,0.0
t8522,0.0,0.0,0.0,0.0,0.0,0.0,0.0,0.0,0.0,0.0,0.0,0.0,0.0,0.0,0.0,0.0,0.0,0.0
t8523,0.0,0.0,0.0,0.0,0.0,0.0,0.0,0.0,0.0,0.0,0.0,0.0,0.0,0.0,0.0,0.0,0.0,0.0
t8524,0.0,0.0,0.0,0.0,0.0,0.0,0.0,0.0,0.0,0.0,0.0,0.0,0.0,0.0,0.0,0.0,0.0,0.0
t8525,0.0,0.0,0.0,0.0,0.0,0.0,0.0,0.0,0.0,0.0,0.0,0.0,0.0,0.0,0.0,0.0,0.0,0.0
t8526,0.0,0.0,0.0,0.0,0.0,0.0,0.0,0.0,0.0,0.0,0.0,0.0,0.0,0.0,0.0,0.0,0.0,0.0
t8527,0.0,0.0,0.0,0.0,0.0,0.0,0.0,0.0,0.0,0.0,0.0,0.0,0.0,0.0,0.0,0.0,0.0,0.0
t8528,168.9114281371901,120.0,295.44238119999966,0.0,0.0,1456.7568956322498,291.87751729125495,0.0,0.0,0.0,0.0,0.0,0.0,0.0,0.0,0.0,0.0,2332.988222260695
t8529,1220.0,0.0,905.3863174000002,0.0,0.0,4387.624505084792,257.5324048200003,1594.8585083730493,0.0,0.0,0.0,0.0,0.0,0.0,0.0,0.0,0.0,8365.40173567784
t8530,0.0,120.0,1103.4478046899997,0.0,0.0,4828.1305380649255,1109.2181483300003,0.0,0.0,0.0,0.0,0.0,0.0,0.0,0.0,0.0,0.0,7160.796491084925
t8531,1220.0,0.0,1137.5296642700002,0.0,0.0,5734.083348484917,860.9800796100002,1950.0,0.0,0.0,0.0,0.0,0.0,0.0,0.0,0.0,0.0,10902.593092364918
t8532,156.78738205999994,120.0,1178.7478571800002,0.0,0.0,5540.710494664423,1002.18323313,1950.0,0.0,0.0,0.0,0.0,0.0,0.0,0.0,0.0,0.0,9948.428967034422
t8533,0.0,25.964584587264614,1201.55390218,0.0,0.0,5238.108366770398,1388.2389731600001,1950.0,0.0,0.0,0.0,0.0,0.0,0.0,0.0,0.0,0.0,9803.865826697662
t8534,1220.0,0.0,809.5799032999998,0.0,0.0,6800.459413822884,837.6831042700002,777.0659911700009,0.0,0.0,0.0,0.0,0.0,0.0,0.0,0.0,0.0,10444.788412562884
t8535,1158.2744664400002,120.0,0.0,0.0,0.0,2485.7402431407377,901.7038931200001,0.0,0.0,0.0,0.0,0.0,0.0,0.0,0.0,0.0,0.0,4665.718602700738
t8536,0.0,0.0,198.834061708073,0.0,0.0,0.0,54.613392050000044,0.0,0.0,0.0,0.0,0.0,0.0,0.0,0.0,0.0,0.0,253.44745375807304
t8537,0.0,0.0,0.0,0.0,0.0,0.0,0.0,0.0,0.0,0.0,0.0,0.0,0.0,0.0,0.0,0.0,0.0,0.0
t8538,0.0,0.0,0.0,0.0,0.0,0.0,0.0,0.0,0.0,0.0,0.0,0.0,0.0,0.0,0.0,0.0,0.0,0.0
t8539,0.0,0.0,0.0,0.0,0.0,0.0,0.0,0.0,0.0,0.0,0.0,0.0,0.0,0.0,0.0,0.0,0.0,0.0
t8540,0.0,0.0,0.0,0.0,0.0,0.0,0.0,0.0,0.0,0.0,0.0,0.0,0.0,0.0,0.0,0.0,0.0,0.0
t8541,0.0,0.0,0.0,0.0,0.0,0.0,0.0,0.0,0.0,0.0,0.0,0.0,0.0,0.0,0.0,0.0,0.0,0.0
t8542,0.0,0.0,0.0,0.0,0.0,0.0,0.0,0.0,0.0,0.0,0.0,0.0,0.0,0.0,0.0,0.0,0.0,0.0
t8543,0.0,0.0,0.0,0.0,0.0,0.0,0.0,0.0,0.0,0.0,0.0,0.0,0.0,0.0,0.0,0.0,0.0,0.0
t8544,0.0,0.0,0.0,0.0,0.0,0.0,0.0,0.0,0.0,0.0,0.0,0.0,0.0,0.0,0.0,0.0,0.0,0.0
t8545,0.0,0.0,0.0,0.0,0.0,0.0,0.0,0.0,0.0,0.0,0.0,0.0,0.0,0.0,0.0,0.0,0.0,0.0
t8546,0.0,0.0,0.0,0.0,0.0,0.0,0.0,0.0,0.0,0.0,0.0,0.0,0.0,0.0,0.0,0.0,0.0,0.0
t8547,0.0,0.0,0.0,0.0,0.0,0.0,0.0,0.0,0.0,0.0,0.0,0.0,0.0,0.0,0.0,0.0,0.0,0.0
t8548,0.0,0.0,0.0,0.0,0.0,0.0,0.0,0.0,0.0,0.0,0.0,0.0,0.0,0.0,0.0,0.0,0.0,0.0
t8549,0.0,0.0,0.0,0.0,0.0,0.0,0.0,0.0,0.0,0.0,0.0,0.0,0.0,0.0,0.0,0.0,0.0,0.0
t8550,0.0,0.0,0.0,0.0,0.0,0.0,0.0,0.0,0.0,0.0,0.0,0.0,0.0,0.0,0.0,0.0,0.0,0.0
t8551,0.0,0.0,0.0,0.0,0.0,0.0,0.0,0.0,0.0,0.0,0.0,0.0,0.0,0.0,0.0,0.0,0.0,0.0
t8552,14.696899986230859,0.0,318.38815337999984,0.0,0.0,0.0,198.67823625125592,0.0,0.0,0.0,0.0,0.0,0.0,0.0,0.0,0.0,0.0,531.7632896174866
t8553,656.3781804709595,120.0,958.9339820700002,0.0,0.0,4241.002533600621,613.0364761300002,421.92449954305056,0.0,0.0,0.0,0.0,0.0,0.0,0.0,0.0,0.0,7011.275671814632
t8554,0.0,120.0,1148.72131038,0.0,0.0,5045.971806737963,857.5654406600001,1950.0,0.0,0.0,0.0,0.0,0.0,0.0,0.0,0.0,0.0,9122.258557777963
t8555,1220.0,0.0,1236.6934390899996,0.0,0.0,6779.887360984535,894.2264532300002,0.0,0.0,0.0,0.0,0.0,0.0,0.0,0.0,0.0,0.0,10130.807253304534
t8556,1220.0,120.0,736.1566246980726,0.0,0.0,6114.200987774374,1175.77496104,1950.0,0.0,0.0,0.0,0.0,0.0,0.0,0.0,0.0,0.0,11316.132573512446
t8557,0.0,0.0,1280.8700104000002,0.0,0.0,6645.561968229533,1364.60846971,1950.0,0.0,0.0,0.0,0.0,0.0,0.0,0.0,0.0,0.0,11241.040448339532
t8558,1220.0,25.964584587264614,1150.7583719099998,0.0,0.0,4451.907349249017,1076.0324174600003,1950.0,0.0,0.0,0.0,0.0,0.0,0.0,0.0,0.0,0.0,9874.662723206282
t8559,812.8981961799997,120.0,0.0,0.0,0.0,3193.081799089286,524.1082912999999,0.0,0.0,0.0,0.0,0.0,0.0,0.0,0.0,0.0,0.0,4650.088286569286
t8560,0.0,0.0,0.0,0.0,0.0,0.0,0.0,0.0,0.0,0.0,0.0,0.0,0.0,0.0,0.0,0.0,0.0,0.0
t8561,0.0,0.0,0.0,0.0,0.0,0.0,0.0,0.0,0.0,0.0,0.0,0.0,0.0,0.0,0.0,0.0,0.0,0.0
t8562,0.0,0.0,0.0,0.0,0.0,0.0,0.0,0.0,0.0,0.0,0.0,0.0,0.0,0.0,0.0,0.0,0.0,0.0
t8563,0.0,0.0,0.0,0.0,0.0,0.0,0.0,0.0,0.0,0.0,0.0,0.0,0.0,0.0,0.0,0.0,0.0,0.0
t8564,0.0,0.0,0.0,0.0,0.0,0.0,0.0,0.0,0.0,0.0,0.0,0.0,0.0,0.0,0.0,0.0,0.0,0.0
t8565,0.0,0.0,0.0,0.0,0.0,0.0,0.0,0.0,0.0,0.0,0.0,0.0,0.0,0.0,0.0,0.0,0.0,0.0
t8566,0.0,0.0,0.0,0.0,0.0,0.0,0.0,0.0,0.0,0.0,0.0,0.0,0.0,0.0,0.0,0.0,0.0,0.0
t8567,0.0,0.0,0.0,0.0,0.0,0.0,0.0,0.0,0.0,0.0,0.0,0.0,0.0,0.0,0.0,0.0,0.0,0.0
t8568,0.0,0.0,0.0,0.0,0.0,0.0,0.0,0.0,0.0,0.0,0.0,0.0,0.0,0.0,0.0,0.0,0.0,0.0
t8569,0.0,0.0,0.0,0.0,0.0,0.0,0.0,0.0,0.0,0.0,0.0,0.0,0.0,0.0,0.0,0.0,0.0,0.0
t8570,0.0,0.0,0.0,0.0,0.0,0.0,0.0,0.0,0.0,0.0,0.0,0.0,0.0,0.0,0.0,0.0,0.0,0.0
t8571,0.0,0.0,0.0,0.0,0.0,0.0,0.0,0.0,0.0,0.0,0.0,0.0,0.0,0.0,0.0,0.0,0.0,0.0
t8572,0.0,0.0,0.0,0.0,0.0,0.0,0.0,0.0,0.0,0.0,0.0,0.0,0.0,0.0,0.0,0.0,0.0,0.0
t8573,0.0,0.0,0.0,0.0,0.0,0.0,0.0,0.0,0.0,0.0,0.0,0.0,0.0,0.0,0.0,0.0,0.0,0.0
t8574,0.0,0.0,0.0,0.0,0.0,0.0,0.0,0.0,0.0,0.0,0.0,0.0,0.0,0.0,0.0,0.0,0.0,0.0
t8575,0.0,0.0,0.0,0.0,0.0,0.0,0.0,0.0,0.0,0.0,0.0,0.0,0.0,0.0,0.0,0.0,0.0,0.0
t8576,0.0,0.0,0.0,0.0,0.0,1270.0991509769867,497.3544787999999,0.0,0.0,0.0,0.0,0.0,0.0,0.0,0.0,0.0,0.0,1767.4536297769866
t8577,1220.0,120.0,0.0,0.0,0.0,1556.0101589192548,713.7947674400002,1950.0,0.0,0.0,0.0,0.0,0.0,0.0,0.0,0.0,0.0,5559.804926359255
t8578,723.5906726599999,0.0,0.0,0.0,0.0,3415.5085643284215,1390.48690969,1950.0,0.0,0.0,0.0,0.0,0.0,0.0,0.0,0.0,0.0,7479.586146678422
t8579,1003.5221476599996,0.0,0.0,0.0,0.0,4377.941378792304,1132.9665106399998,0.0,0.0,0.0,0.0,0.0,0.0,0.0,0.0,0.0,0.0,6514.430037092304
t8580,797.3895520199999,0.0,0.0,0.0,0.0,1392.751702153708,999.7510145200001,1950.0,0.0,0.0,0.0,0.0,0.0,0.0,0.0,0.0,0.0,5139.8922686937085
t8581,214.52485937999964,0.0,0.0,0.0,0.0,1967.785674724726,1021.6378339099996,0.0,0.0,0.0,0.0,0.0,0.0,0.0,0.0,0.0,0.0,3203.9483680147255
t8582,1184.9460449171913,120.0,0.0,0.0,0.0,0.0,354.56229830040434,0.0,0.0,0.0,0.0,0.0,0.0,0.0,0.0,0.0,0.0,1659.5083432175957
t8583,0.0,0.0,0.0,0.0,0.0,0.0,0.0,0.0,0.0,0.0,0.0,0.0,0.0,0.0,0.0,0.0,0.0,0.0
t8584,0.0,0.0,0.0,0.0,0.0,0.0,0.0,0.0,0.0,0.0,0.0,0.0,0.0,0.0,0.0,0.0,0.0,0.0
t8585,0.0,0.0,0.0,0.0,0.0,0.0,0.0,0.0,0.0,0.0,0.0,0.0,0.0,0.0,0.0,0.0,0.0,0.0
t8586,0.0,0.0,0.0,0.0,0.0,0.0,0.0,0.0,0.0,0.0,0.0,0.0,0.0,0.0,0.0,0.0,0.0,0.0
t8587,0.0,0.0,0.0,0.0,0.0,0.0,0.0,0.0,0.0,0.0,0.0,0.0,0.0,0.0,0.0,0.0,0.0,0.0
t8588,0.0,0.0,0.0,0.0,0.0,0.0,0.0,0.0,0.0,0.0,0.0,0.0,0.0,0.0,0.0,0.0,0.0,0.0
t8589,0.0,0.0,0.0,0.0,0.0,0.0,0.0,0.0,0.0,0.0,0.0,0.0,0.0,0.0,0.0,0.0,0.0,0.0
t8590,0.0,0.0,0.0,0.0,0.0,0.0,0.0,0.0,0.0,0.0,0.0,0.0,0.0,0.0,0.0,0.0,0.0,0.0
t8591,0.0,0.0,0.0,0.0,0.0,0.0,0.0,0.0,0.0,0.0,0.0,0.0,0.0,0.0,0.0,0.0,0.0,0.0
t8592,0.0,0.0,0.0,0.0,0.0,0.0,0.0,0.0,0.0,0.0,0.0,0.0,0.0,0.0,0.0,0.0,0.0,0.0
t8593,0.0,0.0,0.0,0.0,0.0,0.0,0.0,0.0,0.0,0.0,0.0,0.0,0.0,0.0,0.0,0.0,0.0,0.0
t8594,0.0,0.0,0.0,0.0,0.0,0.0,0.0,0.0,0.0,0.0,0.0,0.0,0.0,0.0,0.0,0.0,0.0,0.0
t8595,0.0,0.0,0.0,0.0,0.0,0.0,0.0,0.0,0.0,0.0,0.0,0.0,0.0,0.0,0.0,0.0,0.0,0.0
t8596,0.0,0.0,0.0,0.0,0.0,0.0,0.0,0.0,0.0,0.0,0.0,0.0,0.0,0.0,0.0,0.0,0.0,0.0
t8597,0.0,0.0,0.0,0.0,0.0,0.0,0.0,0.0,0.0,0.0,0.0,0.0,0.0,0.0,0.0,0.0,0.0,0.0
t8598,0.0,0.0,0.0,0.0,0.0,0.0,0.0,0.0,0.0,0.0,0.0,0.0,0.0,0.0,0.0,0.0,0.0,0.0
t8599,0.0,0.0,0.0,0.0,0.0,0.0,0.0,0.0,0.0,0.0,0.0,0.0,0.0,0.0,0.0,0.0,0.0,0.0
t8600,0.0,0.0,0.0,0.0,0.0,0.0,0.0,0.0,0.0,0.0,0.0,0.0,0.0,0.0,0.0,0.0,0.0,0.0
t8601,0.0,0.0,0.0,0.0,0.0,0.0,0.0,0.0,0.0,0.0,0.0,0.0,0.0,0.0,0.0,0.0,0.0,0.0
t8602,0.0,0.0,0.0,0.0,0.0,0.0,0.0,0.0,0.0,0.0,0.0,0.0,0.0,0.0,0.0,0.0,0.0,0.0
t8603,0.0,0.0,0.0,0.0,0.0,0.0,0.0,0.0,0.0,0.0,0.0,0.0,0.0,0.0,0.0,0.0,0.0,0.0
t8604,0.0,0.0,0.0,0.0,0.0,0.0,0.0,0.0,0.0,0.0,0.0,0.0,0.0,0.0,0.0,0.0,0.0,0.0
t8605,0.0,0.0,0.0,0.0,0.0,0.0,282.4441943329026,0.0,0.0,0.0,0.0,0.0,0.0,0.0,0.0,0.0,0.0,282.4441943329026
t8606,0.0,0.0,0.0,0.0,0.0,0.0,0.0,0.0,0.0,0.0,0.0,0.0,0.0,0.0,0.0,0.0,0.0,0.0
t8607,0.0,0.0,0.0,0.0,0.0,0.0,0.0,0.0,0.0,0.0,0.0,0.0,0.0,0.0,0.0,0.0,0.0,0.0
t8608,0.0,0.0,0.0,0.0,0.0,0.0,0.0,0.0,0.0,0.0,0.0,0.0,0.0,0.0,0.0,0.0,0.0,0.0
t8609,0.0,0.0,0.0,0.0,0.0,0.0,0.0,0.0,0.0,0.0,0.0,0.0,0.0,0.0,0.0,0.0,0.0,0.0
t8610,0.0,0.0,0.0,0.0,0.0,0.0,0.0,0.0,0.0,0.0,0.0,0.0,0.0,0.0,0.0,0.0,0.0,0.0
t8611,0.0,0.0,0.0,0.0,0.0,0.0,0.0,0.0,0.0,0.0,0.0,0.0,0.0,0.0,0.0,0.0,0.0,0.0
t8612,0.0,0.0,0.0,0.0,0.0,0.0,0.0,0.0,0.0,0.0,0.0,0.0,0.0,0.0,0.0,0.0,0.0,0.0
t8613,0.0,0.0,0.0,0.0,0.0,0.0,0.0,0.0,0.0,0.0,0.0,0.0,0.0,0.0,0.0,0.0,0.0,0.0
t8614,0.0,0.0,0.0,0.0,0.0,0.0,0.0,0.0,0.0,0.0,0.0,0.0,0.0,0.0,0.0,0.0,0.0,0.0
t8615,0.0,0.0,0.0,0.0,0.0,0.0,0.0,0.0,0.0,0.0,0.0,0.0,0.0,0.0,0.0,0.0,0.0,0.0
t8616,0.0,0.0,0.0,0.0,0.0,0.0,0.0,0.0,0.0,0.0,0.0,0.0,0.0,0.0,0.0,0.0,0.0,0.0
t8617,0.0,0.0,0.0,0.0,0.0,0.0,0.0,0.0,0.0,0.0,0.0,0.0,0.0,0.0,0.0,0.0,0.0,0.0
t8618,0.0,0.0,0.0,0.0,0.0,0.0,0.0,0.0,0.0,0.0,0.0,0.0,0.0,0.0,0.0,0.0,0.0,0.0
t8619,0.0,0.0,0.0,0.0,0.0,0.0,0.0,0.0,0.0,0.0,0.0,0.0,0.0,0.0,0.0,0.0,0.0,0.0
t8620,0.0,0.0,0.0,0.0,0.0,0.0,0.0,0.0,0.0,0.0,0.0,0.0,0.0,0.0,0.0,0.0,0.0,0.0
t8621,0.0,0.0,0.0,0.0,0.0,0.0,0.0,0.0,0.0,0.0,0.0,0.0,0.0,0.0,0.0,0.0,0.0,0.0
t8622,0.0,0.0,0.0,0.0,0.0,0.0,0.0,0.0,0.0,0.0,0.0,0.0,0.0,0.0,0.0,0.0,0.0,0.0
t8623,0.0,0.0,0.0,0.0,0.0,0.0,0.0,0.0,0.0,0.0,0.0,0.0,0.0,0.0,0.0,0.0,0.0,0.0
t8624,0.0,0.0,0.0,0.0,0.0,0.0,0.0,0.0,0.0,0.0,0.0,0.0,0.0,0.0,0.0,0.0,0.0,0.0
t8625,0.0,0.0,0.0,0.0,0.0,0.0,0.0,0.0,0.0,0.0,0.0,0.0,0.0,0.0,0.0,0.0,0.0,0.0
t8626,875.9854887661949,0.0,0.0,0.0,0.0,0.0,722.7188372912564,0.0,0.0,0.0,0.0,0.0,0.0,0.0,0.0,0.0,0.0,1598.7043260574512
t8627,1220.0,120.0,0.0,0.0,0.0,70.83741525956813,1211.3119084900004,0.0,0.0,0.0,0.0,0.0,0.0,0.0,0.0,0.0,0.0,2622.149323749569
t8628,1220.0,120.0,0.0,0.0,0.0,3377.1105696542754,1590.0,0.0,0.0,0.0,0.0,0.0,0.0,0.0,0.0,0.0,0.0,6307.110569654275
t8629,1220.0,0.0,0.0,0.0,0.0,444.5011376204993,1590.0,1950.0,0.0,0.0,0.0,0.0,0.0,0.0,0.0,0.0,0.0,5204.501137620499
t8630,251.94670708747395,0.0,0.0,0.0,0.0,0.0,1590.0,0.0,0.0,0.0,0.0,0.0,0.0,0.0,0.0,0.0,0.0,1841.946707087474
t8631,0.0,0.0,0.0,0.0,0.0,0.0,0.0,0.0,0.0,0.0,0.0,0.0,0.0,0.0,0.0,0.0,0.0,0.0
t8632,0.0,0.0,0.0,0.0,0.0,0.0,0.0,0.0,0.0,0.0,0.0,0.0,0.0,0.0,0.0,0.0,0.0,0.0
t8633,0.0,0.0,0.0,0.0,0.0,0.0,0.0,0.0,0.0,0.0,0.0,0.0,0.0,0.0,0.0,0.0,0.0,0.0
t8634,0.0,0.0,0.0,0.0,0.0,0.0,0.0,0.0,0.0,0.0,0.0,0.0,0.0,0.0,0.0,0.0,0.0,0.0
t8635,0.0,0.0,0.0,0.0,0.0,0.0,0.0,0.0,0.0,0.0,0.0,0.0,0.0,0.0,0.0,0.0,0.0,0.0
t8636,0.0,0.0,0.0,0.0,0.0,0.0,0.0,0.0,0.0,0.0,0.0,0.0,0.0,0.0,0.0,0.0,0.0,0.0
t8637,0.0,0.0,0.0,0.0,0.0,0.0,0.0,0.0,0.0,0.0,0.0,0.0,0.0,0.0,0.0,0.0,0.0,0.0
t8638,0.0,0.0,0.0,0.0,0.0,0.0,0.0,0.0,0.0,0.0,0.0,0.0,0.0,0.0,0.0,0.0,0.0,0.0
t8639,0.0,0.0,0.0,0.0,0.0,0.0,0.0,0.0,0.0,0.0,0.0,0.0,0.0,0.0,0.0,0.0,0.0,0.0
t8640,0.0,0.0,0.0,0.0,0.0,0.0,0.0,0.0,0.0,0.0,0.0,0.0,0.0,0.0,0.0,0.0,0.0,0.0
t8641,0.0,0.0,0.0,0.0,0.0,0.0,0.0,0.0,0.0,0.0,0.0,0.0,0.0,0.0,0.0,0.0,0.0,0.0
t8642,0.0,0.0,0.0,0.0,0.0,0.0,0.0,0.0,0.0,0.0,0.0,0.0,0.0,0.0,0.0,0.0,0.0,0.0
t8643,0.0,0.0,0.0,0.0,0.0,0.0,0.0,0.0,0.0,0.0,0.0,0.0,0.0,0.0,0.0,0.0,0.0,0.0
t8644,0.0,0.0,0.0,0.0,0.0,0.0,0.0,0.0,0.0,0.0,0.0,0.0,0.0,0.0,0.0,0.0,0.0,0.0
t8645,0.0,0.0,0.0,0.0,0.0,0.0,0.0,0.0,0.0,0.0,0.0,0.0,0.0,0.0,0.0,0.0,0.0,0.0
t8646,0.0,0.0,0.0,0.0,0.0,0.0,0.0,0.0,0.0,0.0,0.0,0.0,0.0,0.0,0.0,0.0,0.0,0.0
t8647,0.0,0.0,0.0,0.0,0.0,0.0,0.0,0.0,0.0,0.0,0.0,0.0,0.0,0.0,0.0,0.0,0.0,0.0
t8648,0.0,120.0,0.0,0.0,0.0,637.27194332734,963.1904175797658,0.0,0.0,0.0,0.0,0.0,0.0,0.0,0.0,0.0,0.0,1720.462360907106
t8649,1220.0,120.0,0.0,0.0,0.0,3195.6111327992635,617.6584183900003,1950.0,0.0,0.0,0.0,0.0,0.0,0.0,0.0,0.0,0.0,7103.269551189264
t8650,1220.0,120.0,0.0,0.0,0.0,3601.715856755398,846.3812418800001,1950.0,0.0,0.0,0.0,0.0,0.0,0.0,0.0,0.0,0.0,7738.097098635398
t8651,0.0,0.0,0.0,0.0,0.0,7711.603737042423,1011.7696420107152,0.0,0.0,0.0,0.0,0.0,0.0,0.0,0.0,0.0,0.0,8723.373379053139
t8652,0.0,0.0,0.0,0.0,0.0,6126.74767241554,1060.14124558,1950.0,0.0,0.0,0.0,0.0,0.0,0.0,0.0,0.0,0.0,9136.88891799554
t8653,1220.0,0.0,0.0,0.0,0.0,8428.079284249967,990.4949483207761,0.0,0.0,0.0,0.0,0.0,0.0,0.0,0.0,0.0,0.0,10638.574232570743
t8654,263.9732766371902,25.964584587264614,0.0,0.0,0.0,5944.589592016274,776.0764089400001,421.9244995430499,0.0,0.0,0.0,0.0,0.0,0.0,0.0,0.0,0.0,7432.528361723778
t8655,1220.0,120.0,0.0,0.0,0.0,825.9945870591196,438.31842307999966,1950.0,0.0,0.0,0.0,0.0,0.0,0.0,0.0,0.0,0.0,4554.31301013912
t8656,0.0,0.0,0.0,0.0,0.0,0.0,0.0,0.0,0.0,0.0,0.0,0.0,0.0,0.0,0.0,0.0,0.0,0.0
t8657,0.0,0.0,0.0,0.0,0.0,0.0,0.0,0.0,0.0,0.0,0.0,0.0,0.0,0.0,0.0,0.0,0.0,0.0
t8658,0.0,0.0,0.0,0.0,0.0,0.0,0.0,0.0,0.0,0.0,0.0,0.0,0.0,0.0,0.0,0.0,0.0,0.0
t8659,0.0,0.0,0.0,0.0,0.0,0.0,0.0,0.0,0.0,0.0,0.0,0.0,0.0,0.0,0.0,0.0,0.0,0.0
t8660,0.0,0.0,0.0,0.0,0.0,0.0,0.0,0.0,0.0,0.0,0.0,0.0,0.0,0.0,0.0,0.0,0.0,0.0
t8661,0.0,0.0,0.0,0.0,0.0,0.0,0.0,0.0,0.0,0.0,0.0,0.0,0.0,0.0,0.0,0.0,0.0,0.0
t8662,0.0,0.0,0.0,0.0,0.0,0.0,0.0,0.0,0.0,0.0,0.0,0.0,0.0,0.0,0.0,0.0,0.0,0.0
t8663,0.0,0.0,0.0,0.0,0.0,0.0,0.0,0.0,0.0,0.0,0.0,0.0,0.0,0.0,0.0,0.0,0.0,0.0
t8664,0.0,0.0,0.0,0.0,0.0,0.0,0.0,0.0,0.0,0.0,0.0,0.0,0.0,0.0,0.0,0.0,0.0,0.0
t8665,0.0,0.0,0.0,0.0,0.0,0.0,0.0,0.0,0.0,0.0,0.0,0.0,0.0,0.0,0.0,0.0,0.0,0.0
t8666,0.0,0.0,0.0,0.0,0.0,0.0,0.0,0.0,0.0,0.0,0.0,0.0,0.0,0.0,0.0,0.0,0.0,0.0
t8667,0.0,0.0,0.0,0.0,0.0,0.0,0.0,0.0,0.0,0.0,0.0,0.0,0.0,0.0,0.0,0.0,0.0,0.0
t8668,0.0,0.0,0.0,0.0,0.0,0.0,0.0,0.0,0.0,0.0,0.0,0.0,0.0,0.0,0.0,0.0,0.0,0.0
t8669,0.0,0.0,0.0,0.0,0.0,0.0,0.0,0.0,0.0,0.0,0.0,0.0,0.0,0.0,0.0,0.0,0.0,0.0
t8670,0.0,0.0,0.0,0.0,0.0,0.0,0.0,0.0,0.0,0.0,0.0,0.0,0.0,0.0,0.0,0.0,0.0,0.0
t8671,0.0,0.0,0.0,0.0,0.0,0.0,0.0,0.0,0.0,0.0,0.0,0.0,0.0,0.0,0.0,0.0,0.0,0.0
t8672,0.0,0.0,0.0,0.0,0.0,0.0,0.0,0.0,0.0,0.0,0.0,0.0,0.0,0.0,0.0,0.0,0.0,0.0
t8673,1220.0,120.0,0.0,0.0,0.0,1091.361712427275,890.9036897887937,1950.0,0.0,0.0,0.0,0.0,0.0,0.0,0.0,0.0,0.0,5272.265402216069
t8674,412.80581153999987,0.0,0.0,0.0,0.0,6752.024484307142,751.9748222600002,0.0,0.0,0.0,0.0,0.0,0.0,0.0,0.0,0.0,0.0,7916.805118107142
t8675,0.0,0.0,0.0,0.0,0.0,6966.077082517694,1139.2179519324634,0.0,0.0,0.0,0.0,0.0,0.0,0.0,0.0,0.0,0.0,8105.295034450158
t8676,1220.0,120.0,0.0,0.0,0.0,3834.689485330231,1058.15462739,1950.0,0.0,0.0,0.0,0.0,0.0,0.0,0.0,0.0,0.0,8182.844112720231
t8677,847.9650302371894,0.0,0.0,0.0,0.0,5514.1299610037695,1590.0,1950.0,0.0,0.0,0.0,0.0,0.0,0.0,0.0,0.0,0.0,9902.09499124096
t8678,223.20243486000066,0.0,0.0,0.0,0.0,6112.288916794272,829.8523415599997,1950.0,0.0,0.0,0.0,0.0,0.0,0.0,0.0,0.0,0.0,9115.343693214272
t8679,1220.0,120.0,0.0,0.0,0.0,2893.1376925524364,443.92731284999985,0.0,0.0,0.0,0.0,0.0,0.0,0.0,0.0,0.0,0.0,4677.065005402436
t8680,0.0,0.0,0.0,0.0,0.0,0.0,0.0,0.0,0.0,0.0,0.0,0.0,0.0,0.0,0.0,0.0,0.0,0.0
t8681,0.0,0.0,0.0,0.0,0.0,0.0,0.0,0.0,0.0,0.0,0.0,0.0,0.0,0.0,0.0,0.0,0.0,0.0
t8682,0.0,0.0,0.0,0.0,0.0,0.0,0.0,0.0,0.0,0.0,0.0,0.0,0.0,0.0,0.0,0.0,0.0,0.0
t8683,0.0,0.0,0.0,0.0,0.0,0.0,0.0,0.0,0.0,0.0,0.0,0.0,0.0,0.0,0.0,0.0,0.0,0.0
t8684,0.0,0.0,0.0,0.0,0.0,0.0,0.0,0.0,0.0,0.0,0.0,0.0,0.0,0.0,0.0,0.0,0.0,0.0
t8685,0.0,0.0,0.0,0.0,0.0,0.0,0.0,0.0,0.0,0.0,0.0,0.0,0.0,0.0,0.0,0.0,0.0,0.0
t8686,0.0,0.0,0.0,0.0,0.0,0.0,0.0,0.0,0.0,0.0,0.0,0.0,0.0,0.0,0.0,0.0,0.0,0.0
t8687,0.0,0.0,0.0,0.0,0.0,0.0,0.0,0.0,0.0,0.0,0.0,0.0,0.0,0.0,0.0,0.0,0.0,0.0
t8688,0.0,0.0,0.0,0.0,0.0,0.0,0.0,0.0,0.0,0.0,0.0,0.0,0.0,0.0,0.0,0.0,0.0,0.0
t8689,0.0,0.0,0.0,0.0,0.0,0.0,0.0,0.0,0.0,0.0,0.0,0.0,0.0,0.0,0.0,0.0,0.0,0.0
t8690,0.0,0.0,0.0,0.0,0.0,0.0,0.0,0.0,0.0,0.0,0.0,0.0,0.0,0.0,0.0,0.0,0.0,0.0
t8691,0.0,0.0,0.0,0.0,0.0,0.0,0.0,0.0,0.0,0.0,0.0,0.0,0.0,0.0,0.0,0.0,0.0,0.0
t8692,0.0,0.0,0.0,0.0,0.0,0.0,0.0,0.0,0.0,0.0,0.0,0.0,0.0,0.0,0.0,0.0,0.0,0.0
t8693,0.0,0.0,0.0,0.0,0.0,0.0,0.0,0.0,0.0,0.0,0.0,0.0,0.0,0.0,0.0,0.0,0.0,0.0
t8694,0.0,0.0,0.0,0.0,0.0,0.0,0.0,0.0,0.0,0.0,0.0,0.0,0.0,0.0,0.0,0.0,0.0,0.0
t8695,0.0,0.0,0.0,0.0,0.0,0.0,0.0,0.0,0.0,0.0,0.0,0.0,0.0,0.0,0.0,0.0,0.0,0.0
t8696,168.9114281371901,120.0,295.44238119999966,0.0,0.0,1456.7568956322498,291.87751729125495,0.0,0.0,0.0,0.0,0.0,0.0,0.0,0.0,0.0,0.0,2332.988222260695
t8697,1220.0,0.0,905.3863174000002,0.0,0.0,4387.624505084792,257.5324048200003,1594.8585083730493,0.0,0.0,0.0,0.0,0.0,0.0,0.0,0.0,0.0,8365.40173567784
t8698,0.0,120.0,1103.4478046899997,0.0,0.0,4828.1305380649255,1109.2181483300003,0.0,0.0,0.0,0.0,0.0,0.0,0.0,0.0,0.0,0.0,7160.796491084925
t8699,1220.0,0.0,1137.5296642700002,0.0,0.0,5734.083348484917,860.9800796100002,1950.0,0.0,0.0,0.0,0.0,0.0,0.0,0.0,0.0,0.0,10902.593092364918
t8700,156.78738205999994,120.0,1178.7478571800002,0.0,0.0,5540.710494664423,1002.18323313,1950.0,0.0,0.0,0.0,0.0,0.0,0.0,0.0,0.0,0.0,9948.428967034422
t8701,0.0,25.964584587264614,1201.55390218,0.0,0.0,5238.108366770398,1388.2389731600001,1950.0,0.0,0.0,0.0,0.0,0.0,0.0,0.0,0.0,0.0,9803.865826697662
t8702,1220.0,0.0,809.5799032999998,0.0,0.0,6800.459413822884,837.6831042700002,777.0659911700009,0.0,0.0,0.0,0.0,0.0,0.0,0.0,0.0,0.0,10444.788412562884
t8703,1158.2744664400002,120.0,0.0,0.0,0.0,2485.7402431407377,901.7038931200001,0.0,0.0,0.0,0.0,0.0,0.0,0.0,0.0,0.0,0.0,4665.718602700738
t8704,0.0,0.0,198.834061708073,0.0,0.0,0.0,54.613392050000044,0.0,0.0,0.0,0.0,0.0,0.0,0.0,0.0,0.0,0.0,253.44745375807304
t8705,0.0,0.0,0.0,0.0,0.0,0.0,0.0,0.0,0.0,0.0,0.0,0.0,0.0,0.0,0.0,0.0,0.0,0.0
t8706,0.0,0.0,0.0,0.0,0.0,0.0,0.0,0.0,0.0,0.0,0.0,0.0,0.0,0.0,0.0,0.0,0.0,0.0
t8707,0.0,0.0,0.0,0.0,0.0,0.0,0.0,0.0,0.0,0.0,0.0,0.0,0.0,0.0,0.0,0.0,0.0,0.0
t8708,0.0,0.0,0.0,0.0,0.0,0.0,0.0,0.0,0.0,0.0,0.0,0.0,0.0,0.0,0.0,0.0,0.0,0.0
t8709,0.0,0.0,0.0,0.0,0.0,0.0,0.0,0.0,0.0,0.0,0.0,0.0,0.0,0.0,0.0,0.0,0.0,0.0
t8710,0.0,0.0,0.0,0.0,0.0,0.0,0.0,0.0,0.0,0.0,0.0,0.0,0.0,0.0,0.0,0.0,0.0,0.0
t8711,0.0,0.0,0.0,0.0,0.0,0.0,0.0,0.0,0.0,0.0,0.0,0.0,0.0,0.0,0.0,0.0,0.0,0.0
t8712,0.0,0.0,0.0,0.0,0.0,0.0,0.0,0.0,0.0,0.0,0.0,0.0,0.0,0.0,0.0,0.0,0.0,0.0
t8713,0.0,0.0,0.0,0.0,0.0,0.0,0.0,0.0,0.0,0.0,0.0,0.0,0.0,0.0,0.0,0.0,0.0,0.0
t8714,0.0,0.0,0.0,0.0,0.0,0.0,0.0,0.0,0.0,0.0,0.0,0.0,0.0,0.0,0.0,0.0,0.0,0.0
t8715,0.0,0.0,0.0,0.0,0.0,0.0,0.0,0.0,0.0,0.0,0.0,0.0,0.0,0.0,0.0,0.0,0.0,0.0
t8716,0.0,0.0,0.0,0.0,0.0,0.0,0.0,0.0,0.0,0.0,0.0,0.0,0.0,0.0,0.0,0.0,0.0,0.0
t8717,0.0,0.0,0.0,0.0,0.0,0.0,0.0,0.0,0.0,0.0,0.0,0.0,0.0,0.0,0.0,0.0,0.0,0.0
t8718,0.0,0.0,0.0,0.0,0.0,0.0,0.0,0.0,0.0,0.0,0.0,0.0,0.0,0.0,0.0,0.0,0.0,0.0
t8719,0.0,0.0,0.0,0.0,0.0,0.0,0.0,0.0,0.0,0.0,0.0,0.0,0.0,0.0,0.0,0.0,0.0,0.0
t8720,14.696899986230859,0.0,318.38815337999984,0.0,0.0,0.0,198.67823625125592,0.0,0.0,0.0,0.0,0.0,0.0,0.0,0.0,0.0,0.0,531.7632896174866
t8721,656.3781804709595,120.0,958.9339820700002,0.0,0.0,4241.002533600621,613.0364761300002,421.92449954305056,0.0,0.0,0.0,0.0,0.0,0.0,0.0,0.0,0.0,7011.275671814632
t8722,0.0,120.0,1148.72131038,0.0,0.0,5045.971806737963,857.5654406600001,1950.0,0.0,0.0,0.0,0.0,0.0,0.0,0.0,0.0,0.0,9122.258557777963
t8723,1220.0,0.0,1236.6934390899996,0.0,0.0,6779.887360984535,894.2264532300002,0.0,0.0,0.0,0.0,0.0,0.0,0.0,0.0,0.0,0.0,10130.807253304534
t8724,1220.0,120.0,736.1566246980726,0.0,0.0,6114.200987774374,1175.77496104,1950.0,0.0,0.0,0.0,0.0,0.0,0.0,0.0,0.0,0.0,11316.132573512446
t8725,0.0,0.0,1280.8700104000002,0.0,0.0,6645.561968229533,1364.60846971,1950.0,0.0,0.0,0.0,0.0,0.0,0.0,0.0,0.0,0.0,11241.040448339532
t8726,1220.0,25.964584587264614,1150.7583719099998,0.0,0.0,4451.907349249017,1076.0324174600003,1950.0,0.0,0.0,0.0,0.0,0.0,0.0,0.0,0.0,0.0,9874.662723206282
t8727,812.8981961799997,120.0,0.0,0.0,0.0,3193.081799089286,524.1082912999999,0.0,0.0,0.0,0.0,0.0,0.0,0.0,0.0,0.0,0.0,4650.088286569286
t8728,0.0,0.0,0.0,0.0,0.0,0.0,0.0,0.0,0.0,0.0,0.0,0.0,0.0,0.0,0.0,0.0,0.0,0.0
t8729,0.0,0.0,0.0,0.0,0.0,0.0,0.0,0.0,0.0,0.0,0.0,0.0,0.0,0.0,0.0,0.0,0.0,0.0
t8730,0.0,0.0,0.0,0.0,0.0,0.0,0.0,0.0,0.0,0.0,0.0,0.0,0.0,0.0,0.0,0.0,0.0,0.0
t8731,0.0,0.0,0.0,0.0,0.0,0.0,0.0,0.0,0.0,0.0,0.0,0.0,0.0,0.0,0.0,0.0,0.0,0.0
t8732,0.0,0.0,0.0,0.0,0.0,0.0,0.0,0.0,0.0,0.0,0.0,0.0,0.0,0.0,0.0,0.0,0.0,0.0
t8733,0.0,0.0,0.0,0.0,0.0,0.0,0.0,0.0,0.0,0.0,0.0,0.0,0.0,0.0,0.0,0.0,0.0,0.0
t8734,0.0,0.0,0.0,0.0,0.0,0.0,0.0,0.0,0.0,0.0,0.0,0.0,0.0,0.0,0.0,0.0,0.0,0.0
t8735,0.0,0.0,0.0,0.0,0.0,0.0,0.0,0.0,0.0,0.0,0.0,0.0,0.0,0.0,0.0,0.0,0.0,0.0
t8736,0.0,0.0,0.0,0.0,0.0,0.0,0.0,0.0,0.0,0.0,0.0,0.0,0.0,0.0,0.0,0.0,0.0,0.0
t8738,0.0,0.0,0.0,0.0,0.0,0.0,0.0,0.0,0.0,0.0,0.0,0.0,0.0,0.0,0.0,0.0,0.0,0.0
t8739,0.0,0.0,0.0,0.0,0.0,0.0,0.0,0.0,0.0,0.0,0.0,0.0,0.0,0.0,0.0,0.0,0.0,0.0
t8740,0.0,0.0,0.0,0.0,0.0,0.0,0.0,0.0,0.0,0.0,0.0,0.0,0.0,0.0,0.0,0.0,0.0,0.0
t8741,0.0,0.0,0.0,0.0,0.0,0.0,0.0,0.0,0.0,0.0,0.0,0.0,0.0,0.0,0.0,0.0,0.0,0.0
t8742,0.0,0.0,0.0,0.0,0.0,0.0,0.0,0.0,0.0,0.0,0.0,0.0,0.0,0.0,0.0,0.0,0.0,0.0
t8743,0.0,0.0,0.0,0.0,0.0,0.0,0.0,0.0,0.0,0.0,0.0,0.0,0.0,0.0,0.0,0.0,0.0,0.0
t8744,14.696899986230859,0.0,318.38815337999984,0.0,0.0,0.0,198.67823625125592,0.0,0.0,0.0,0.0,0.0,0.0,0.0,0.0,0.0,0.0,531.7632896174866
t8745,656.3781804709595,120.0,958.9339820700002,0.0,0.0,4241.002533600621,613.0364761300002,421.92449954305056,0.0,0.0,0.0,0.0,0.0,0.0,0.0,0.0,0.0,7011.275671814632
t8746,0.0,120.0,1148.72131038,0.0,0.0,5045.971806737963,857.5654406600001,1950.0,0.0,0.0,0.0,0.0,0.0,0.0,0.0,0.0,0.0,9122.258557777963
t8747,1220.0,0.0,1236.6934390899996,0.0,0.0,6779.887360984535,894.2264532300002,0.0,0.0,0.0,0.0,0.0,0.0,0.0,0.0,0.0,0.0,10130.807253304534
t8748,1220.0,120.0,736.1566246980726,0.0,0.0,6114.200987774374,1175.77496104,1950.0,0.0,0.0,0.0,0.0,0.0,0.0,0.0,0.0,0.0,11316.132573512446
t8749,0.0,0.0,1280.8700104000002,0.0,0.0,6645.561968229533,1364.60846971,1950.0,0.0,0.0,0.0,0.0,0.0,0.0,0.0,0.0,0.0,11241.040448339532
t8750,1220.0,25.964584587264614,1150.7583719099998,0.0,0.0,4451.907349249017,1076.0324174600003,1950.0,0.0,0.0,0.0,0.0,0.0,0.0,0.0,0.0,0.0,9874.662723206282
t8751,812.8981961799997,120.0,0.0,0.0,0.0,3193.081799089286,524.1082912999999,0.0,0.0,0.0,0.0,0.0,0.0,0.0,0.0,0.0,0.0,4650.088286569286
t8752,0.0,0.0,0.0,0.0,0.0,0.0,0.0,0.0,0.0,0.0,0.0,0.0,0.0,0.0,0.0,0.0,0.0,0.0
t8753,0.0,0.0,0.0,0.0,0.0,0.0,0.0,0.0,0.0,0.0,0.0,0.0,0.0,0.0,0.0,0.0,0.0,0.0
t8754,0.0,0.0,0.0,0.0,0.0,0.0,0.0,0.0,0.0,0.0,0.0,0.0,0.0,0.0,0.0,0.0,0.0,0.0
t8755,0.0,0.0,0.0,0.0,0.0,0.0,0.0,0.0,0.0,0.0,0.0,0.0,0.0,0.0,0.0,0.0,0.0,0.0
t8756,0.0,0.0,0.0,0.0,0.0,0.0,0.0,0.0,0.0,0.0,0.0,0.0,0.0,0.0,0.0,0.0,0.0,0.0
t8757,0.0,0.0,0.0,0.0,0.0,0.0,0.0,0.0,0.0,0.0,0.0,0.0,0.0,0.0,0.0,0.0,0.0,0.0
t8758,0.0,0.0,0.0,0.0,0.0,0.0,0.0,0.0,0.0,0.0,0.0,0.0,0.0,0.0,0.0,0.0,0.0,0.0
t8759,0.0,0.0,0.0,0.0,0.0,0.0,0.0,0.0,0.0,0.0,0.0,0.0,0.0,0.0,0.0,0.0,0.0,0.0
t8760,0.0,0.0,0.0,0.0,0.0,0.0,0.0,0.0,0.0,0.0,0.0,0.0,0.0,0.0,0.0,0.0,0.0,0.0
