Voll,Demand_Segment,Cost_of_Demand_Curtailment_per_MW,Max_Demand_Curtailment,$/MWh,Rep_Periods,Timesteps_per_Rep_Period,Sub_Weights,Time_Index,Demand_MW_z1,Demand_MW_z2,Demand_MW_z3,Demand_MW_z4,Demand_MW_z5,Demand_MW_z6,Demand_MW_z7,Demand_MW_z8,Demand_MW_z9
10000,1,1,1,10000,13,168,168.46153846153848,1,3500.015,311.1709,2993.021,1804.787,17383.044,12297.71,12788.32,2773.925,9382.7838
,,,,,,,842.3076923076924,2,3446.07,304.0573,2933.194,1698.734,17130.734,11703.35,12421.39,2717.334,9346.7658
,,,,,,,673.8461538461539,3,3415.395,306.607,2954.804,1680.422,17316.091,10859.49,11758.82,2497.488,9488.3641
,,,,,,,505.3846153846154,4,3430.204,310.6222,2984.696,1727.595,17809.446,10341.74,11416.34,2356.13,9848.5222
,,,,,,,505.3846153846154,5,3532.806,326.1645,3086.187,1813.653,18828.526,10337.36,11447.55,2314.29,10528.373
,,,,,,,1179.2307692307693,6,3698.873,353.846,3344.383,2028.82,20607.628,11070.06,11965.38,2412.642,11398.9894
,,,,,,,1516.1538461538462,7,3853.304,387.6467,3624.909,2300.649,22661.043,12779.7,13090.88,2669.363,12105.4781
,,,,,,,168.46153846153848,8,3799.9,395.4039,3738.887,2481.717,23794.596,14565.13,14043.01,3039.911,11182.1424
,,,,,,,1010.7692307692308,9,3584.375,360.8792,3411.781,2418.205,23769.837,15582.11,13187.97,2437.268,10095.8156
,,,,,,,168.46153846153848,10,3455.225,330.9948,2981.595,2310.281,23835.725,15235.89,11927.83,2349.387,9154.3057
,,,,,,,168.46153846153848,11,3296.278,287.2038,2774.959,2279.326,23354.36,14911.04,10789.54,1795.689,8418.4335
,,,,,,,842.3076923076924,12,3205.491,283.0888,2622.553,2195.076,22976.673,14390.52,9636.409,1780.937,7881.6021
,,,,,,,1010.7692307692308,13,3242.978,273.0504,2593.371,2174.166,22659.523,13890.56,9279.451,1638.164,7564.466
,,,,,,,,14,3252.317,291.9673,2675.883,2094.133,22142.905,13224.52,9484.924,1857.676,7647.9468
,,,,,,,,15,3377.648,314.3008,2774.953,2101.939,22103.485,13108.31,10277.59,2023.148,8001.5798
,,,,,,,,16,3604.989,339.0698,2942.985,2152.171,22225.54,12837.92,11139.85,2364.107,8666.6805
,,,,,,,,17,4007.091,365.5062,3298.08,2292.836,23104.902,12734.57,11818.84,2646.398,10213.7135
,,,,,,,,18,4273.231,411.9,3628.518,2502.264,23964.718,13190.85,12526.69,2804.123,10932.5118
,,,,,,,,19,4272.174,420.0146,3754.699,2590.783,23794.931,14394.93,13459.47,3077.995,10948.2256
,,,,,,,,20,4215.055,414.3092,3735.933,2594.827,23153.559,14906.95,13680.83,3145.694,10940.1134
,,,,,,,,21,4146.301,399.4373,3636.493,2517.468,22234.201,14568.03,13518.18,3070.659,10514.2367
,,,,,,,,22,3972.83,377.7501,3481.905,2336.107,20918.784,14154.51,13844.71,2970.856,10045.5898
,,,,,,,,23,3791.955,354.8696,3304.377,2119.391,19452.19,13806.51,13880.43,2883.815,9726.2961
,,,,,,,,24,3626.946,331.8738,3114.953,1944.1,18232.99,13647.6,13980.7,2897.219,9496.3254
,,,,,,,,25,3561.365,312.6302,2871.195,1909.981,17465.532,13274.18,13132.99,2832.816,9319.3378
,,,,,,,,26,3488.38,299.9359,2758.172,1859.801,17144.715,12194.54,12378.13,2662.282,9328.0155
,,,,,,,,27,3416.453,298.4703,2717.111,1822.074,16998.922,11285.28,11585.57,2431.574,9429.2155
,,,,,,,,28,3422.8,299.6376,2735.526,1881.276,17266.582,10752.47,11118.42,2279.354,9751.283
,,,,,,,,29,3530.69,313.7559,2846.216,1981.102,18160.791,10717.07,11079.58,2242.867,10400.4927
,,,,,,,,30,3684.064,336.6843,3113.628,2157.339,19804.955,11435.95,11615.81,2354.98,11215.4841
,,,,,,,,31,3839.553,373.9295,3452.011,2369.454,21709.425,13117.55,12778.88,2617.873,11738.6788
,,,,,,,,32,3749.128,385.4065,3501.216,2447.87,22805.833,14734.47,13306.01,2728.231,11439.6972
,,,,,,,,33,3343.748,344.4237,3185.227,2419.066,22730.613,16101.46,12185.01,2659.075,10796.1105
,,,,,,,,34,3058.824,309.1086,2764.841,2234.675,22555.462,14842.87,10987.6,1944.637,10004.5409
,,,,,,,,35,2851.401,284.5142,2484.174,2045.502,22155.684,13664.37,10053.53,1531.478,9218.0837
,,,,,,,,36,2729.295,274.2838,2304.708,1936.105,21972.935,13690.3,9096.72,1212.139,9189.5342
,,,,,,,,37,2715.776,267.0963,2380.042,1829.661,21974.753,13246.11,8786.228,1074.411,7717.873
,,,,,,,,38,2817.605,279.3257,2343.008,2021.384,21765.975,13326.47,9112.71,1202.044,7658.7206
,,,,,,,,39,3020.617,292.6942,2553.842,2041.326,21547.595,13421.83,9723.114,1494.293,8298.6085
,,,,,,,,40,3351.67,345.2485,2780.46,2069.027,21727.14,13923.39,11095.03,2191.363,8772.683
,,,,,,,,41,3885.217,369.6656,3290.669,2254.706,22598.436,13274.91,11813.21,2648.459,10128.9471
,,,,,,,,42,4196.016,403.3301,3670.626,2458.633,23484.202,13350.5,12671.53,2757.159,10722.0118
,,,,,,,,43,4162.167,409.4657,3787.608,2580.235,23215.402,14360.49,13425.51,3019.378,10702.9562
,,,,,,,,44,4109.28,408.9272,3746.683,2581.695,22475.054,14805.6,13716.93,3073.153,10678.4527
,,,,,,,,45,4041.584,397.4583,3650.303,2534.455,21583.069,14528.04,13619.74,3023.972,10375.1773
,,,,,,,,46,3882.921,376.4831,3458.533,2345.764,20251.936,14134.46,13905.92,2963.462,9949.6411
,,,,,,,,47,3705.219,349.7443,3263.581,2126.676,18814.016,13796.31,13871.54,2866.29,9643.4728
,,,,,,,,48,3542.325,325.4814,3080.314,1963.415,17622.989,13635.82,13899.66,2881.022,9377.7946
,,,,,,,,49,3473.572,316.9022,3004.848,1919.527,16869.921,13598.89,13671.36,2903.035,9215.3228
,,,,,,,,50,3411.164,306.1869,2932.622,1825.237,16345.555,12596.55,12965.85,2722.707,9151.5612
,,,,,,,,51,3391.067,308.0246,2902.255,1811.302,16201.483,11764.61,12182.3,2495.908,9223.1325
,,,,,,,,52,3420.684,311.5846,2978.68,1855.144,16527.217,11220.03,11798.72,2358.45,9510.4676
,,,,,,,,53,3527.517,326.2736,3135.122,1928.593,17390.945,11206.42,11867.93,2321.144,10103.4664
,,,,,,,,54,3705.219,356.2065,3411.037,2113.852,18965.249,11937.44,12476.31,2454.451,10887.0198
,,,,,,,,55,3869.171,399.4045,3781.991,2369.275,20787.288,13582.56,13713.56,2720.619,11448.046
,,,,,,,,56,3792.496,418.0044,3851.79,2532.209,21800.316,15264.21,14362.41,2779.235,11449.4881
,,,,,,,,57,3401.512,362.636,3523.027,2339.664,22038.026,15526.86,13186.71,2831.077,11371.3772
,,,,,,,,58,3070.46,315.3582,2913.431,2371.488,21759.31,14717.75,11687.03,1925.678,10320.6117
,,,,,,,,59,2865.152,285.9368,2552.112,2206.91,21268.746,12879.91,10203.24,1543.253,10108.0084
,,,,,,,,60,2727.592,274.5807,2340.255,2272.006,21084.034,11848.93,8844.938,1252.256,9357.4659
,,,,,,,,61,2706.669,269.2739,2263.706,2227.353,20789.431,10995.61,7939.924,1109.086,8977.9068
,,,,,,,,62,2788.401,280.7913,2319.27,2245.81,20426.838,10966.78,8318.28,1239.668,8611.4779
,,,,,,,,63,2987.182,292.4375,2494.94,2202.725,20201.349,11510.54,9130.787,1487.703,8072.5888
,,,,,,,,64,3322.052,321.0649,2803.778,2160.317,20401.69,11391.55,10390.34,1907.689,8617.9545
,,,,,,,,65,3825.983,360.8578,3298.307,2291.233,21329.229,12013.66,11756.85,2439.797,10125.2991
,,,,,,,,66,4148.417,405.1678,3732.448,2560.308,22594.2,13271.54,12775.98,2777.978,10810.8549
,,,,,,,,67,4154.763,415.6012,3839.517,2648.928,22685.229,14608.63,13486.42,3023.96,10806.1189
,,,,,,,,68,4148.417,411.6182,3810.697,2624.0,22217.902,14927.75,13757.78,3055.325,10743.1824
,,,,,,,,69,4071.201,398.4686,3678.336,2560.408,21492.327,14644.13,13582.92,3008.65,10445.6763
,,,,,,,,70,3925.231,376.0693,3482.743,2396.457,20225.926,14300.64,13825.23,2932.057,10060.4474
,,,,,,,,71,3750.702,352.0632,3316.9,2195.881,18751.583,14036.65,13830.43,2849.156,9761.4274
,,,,,,,,72,3607.906,331.2034,3129.04,2060.522,17524.605,13988.55,13963.52,2885.343,9520.8473
,,,,,,,,73,3538.094,320.0901,3009.527,1946.227,16879.472,13525.22,13621.67,2887.261,9352.7101
,,,,,,,,74,3488.38,310.7988,2943.543,1845.554,16636.43,12499.03,12918.2,2701.396,9333.4061
,,,,,,,,75,3461.936,313.7622,2935.835,1798.437,16591.867,11514.16,12165.68,2473.143,9441.4688
,,,,,,,,76,3486.265,318.8616,2968.7,1838.169,16901.463,10896.04,11768.63,2331.592,9760.0621
,,,,,,,,77,3589.924,338.2622,3069.476,1889.63,17824.433,10825.24,11745.32,2286.891,10421.1464
,,,,,,,,78,3757.049,364.4939,3325.203,2077.207,19550.046,11453.16,12280.29,2400.449,11243.5207
,,,,,,,,79,3942.156,403.4198,3574.065,2318.182,21509.809,13045.48,13419.62,2655.909,11907.4276
,,,,,,,,80,3786.329,430.9845,3645.149,2478.605,22557.63,14734.01,14569.51,2895.547,11307.0071
,,,,,,,,81,3386.884,371.2258,3424.734,2374.351,22732.194,15400.95,14247.86,2806.198,10181.1947
,,,,,,,,82,3228.117,332.9143,3097.858,2224.833,22422.109,14714.13,12629.91,2537.789,9151.2388
,,,,,,,,83,3100.489,310.6186,2834.244,2180.987,21970.487,14425.42,11260.13,2300.861,8441.6923
,,,,,,,,84,2800.577,303.2391,2632.154,1815.589,21524.546,12112.63,10518.5,2107.777,7873.7189
,,,,,,,,85,2883.366,299.4731,2490.834,1839.226,21364.08,12028.1,9705.912,1655.276,7606.1915
,,,,,,,,86,3066.281,310.6922,2461.837,1720.292,20956.491,11325.07,10084.67,1761.121,7647.0806
,,,,,,,,87,3353.32,346.2639,2658.385,1884.51,20740.615,11962.4,10723.51,2290.891,7896.7879
,,,,,,,,88,3596.114,340.8337,3017.988,2060.433,20685.356,12718.05,11748.18,2338.548,8573.0998
,,,,,,,,89,3942.981,369.2676,3357.767,2308.121,21843.84,12883.15,12241.27,2686.12,10067.6428
,,,,,,,,90,4234.095,403.7854,3712.068,2553.011,22690.857,13604.86,12654.54,2814.083,10754.7565
,,,,,,,,91,4254.192,410.633,3846.473,2668.108,22693.073,14758.93,13425.38,3056.877,10682.4536
,,,,,,,,92,4201.305,409.3825,3826.87,2685.017,22208.152,15140.5,13570.44,3115.013,10611.5233
,,,,,,,,93,4123.031,396.6466,3751.165,2597.366,21451.7,14948.69,13659.77,3052.851,10334.0343
,,,,,,,,94,3959.079,376.6817,3590.629,2464.915,20239.629,14708.26,13995.46,2997.828,9947.596
,,,,,,,,95,3798.301,350.9532,3374.928,2243.721,18781.154,14241.9,13940.52,2895.61,9627.951
,,,,,,,,96,3639.639,328.3711,3194.998,2106.992,17695.111,14183.74,14106.46,2927.744,9388.9566
,,,,,,,,97,3563.48,316.4885,3013.351,1953.712,17084.551,13694.01,13580.95,2921.264,9208.7644
,,,,,,,,98,3502.131,306.4852,2915.702,1841.377,16816.956,12721.01,12812.67,2733.946,9169.7192
,,,,,,,,99,3478.86,307.0143,2871.163,1811.669,16722.743,11833.95,12031.94,2505.665,9217.6548
,,,,,,,,100,3485.207,309.564,2887.595,1849.764,17076.09,11278.28,11592.06,2352.405,9520.3932
,,,,,,,,101,3585.693,323.384,2991.136,1928.493,17897.968,11172.04,11572.03,2298.911,10118.7724
,,,,,,,,102,3758.107,347.4796,3223.282,2134.382,19655.383,11762.67,12036.96,2374.344,10897.2539
,,,,,,,,103,3914.654,383.673,3531.423,2360.219,21747.765,13292.83,13116.44,2603.764,11503.1419
,,,,,,,,104,3762.414,407.7917,3793.042,2482.79,22962.357,14970.23,14005.82,2762.66,10789.7907
,,,,,,,,105,3607.645,414.5887,3798.942,2417.555,22960.204,15636.75,14603.26,3198.901,10130.9341
,,,,,,,,106,3689.324,375.9746,3461.279,2114.493,22530.06,13440.36,15096.21,3413.848,9041.5104
,,,,,,,,107,3374.371,292.4027,3498.557,1855.274,21636.465,10274.39,14785.82,2678.54,8202.0005
,,,,,,,,108,3122.522,304.5568,3314.026,1730.288,21231.725,9036.34,13989.7,2414.442,8374.7547
,,,,,,,,109,3080.444,268.0405,2792.871,1590.518,20602.112,9104.535,11133.29,1527.859,8222.4768
,,,,,,,,110,3281.986,279.1442,3169.22,1544.634,20071.494,8453.879,10502.43,1273.046,7827.9335
,,,,,,,,111,3470.603,292.6296,2866.621,1543.273,19683.392,9833.639,10586.37,1461.878,8500.9126
,,,,,,,,112,3683.135,361.1561,2817.281,1695.765,20152.694,10366.8,12145.71,1839.06,9094.8309
,,,,,,,,113,3876.988,366.335,3285.925,2069.572,21284.405,11906.14,12095.13,2403.549,10037.5141
,,,,,,,,114,4141.013,402.9902,3667.51,2411.081,22314.091,12944.73,12503.56,2796.7,10560.6806
,,,,,,,,115,4124.088,406.2361,3753.4,2554.471,22514.467,14141.52,13290.32,3074.03,10455.9987
,,,,,,,,116,4119.857,399.8188,3720.042,2541.472,21968.326,14388.32,13251.02,3072.104,10373.2348
,,,,,,,,117,4076.49,387.0829,3649.226,2505.048,21272.06,14222.78,13227.96,2998.992,10222.1417
,,,,,,,,118,3954.848,367.5733,3542.01,2392.379,20263.412,14124.13,13700.88,2955.709,9906.8351
,,,,,,,,119,3825.803,348.1374,3393.591,2224.885,19050.65,13970.66,13820.3,2893.263,9660.7783
,,,,,,,,120,3681.949,327.8742,3218.549,2027.272,18058.401,13875.04,14000.09,2924.696,9436.9785
,,,,,,,,121,3607.906,318.4416,3091.106,1928.014,17550.433,13242.93,13399.43,2879.125,9216.8227
,,,,,,,,122,3549.73,312.8673,3016.897,1816.682,17177.336,12556.97,12894.9,2758.344,9153.4022
,,,,,,,,123,3526.459,316.2444,2986.808,1790.35,16960.044,11778.88,12287.16,2572.526,9182.9908
,,,,,,,,124,3514.824,318.9095,2972.302,1798.637,17057.006,11048.03,11828.68,2407.039,9321.512
,,,,,,,,125,3568.769,332.3896,3014.175,1810.088,17346.817,10750.93,11658.89,2337.086,9652.5144
,,,,,,,,126,3640.696,348.6439,3123.3,1906.438,18271.241,10810.75,11689.04,2327.638,10107.2798
,,,,,,,,127,3733.778,369.85,3297.952,2045.684,19852.622,11301.13,12050.7,2440.994,10710.8784
,,,,,,,,128,3611.388,378.6696,3459.162,2152.451,21281.804,12224.09,12270.28,2648.753,10488.402
,,,,,,,,129,3202.19,338.325,3128.267,2026.896,21634.388,12059.14,11089.82,2367.912,9962.3973
,,,,,,,,130,2911.977,296.6292,2709.922,1836.16,21415.362,10141.06,9120.476,1962.358,8925.1809
,,,,,,,,131,2686.985,262.1041,2456.234,1670.584,20707.572,8612.406,7879.834,2366.495,8929.5733
,,,,,,,,132,2565.291,247.0051,2336.222,1552.396,20196.013,8163.456,7582.15,1597.197,8684.897
,,,,,,,,133,2529.56,267.6042,2441.206,1542.152,19486.103,8226.439,7908.424,1554.444,7527.376
,,,,,,,,134,2620.398,266.852,2418.013,1511.872,19010.769,9186.618,8909.248,1583.469,7764.2751
,,,,,,,,135,2811.775,290.6496,2806.382,1604.136,18768.045,8914.672,9951.729,1774.627,8226.4783
,,,,,,,,136,3175.851,320.5855,2979.265,1787.037,19058.079,9937.335,10403.44,2110.677,8804.9513
,,,,,,,,137,3736.487,352.4641,3176.622,2133.627,20324.786,10912.46,11141.9,2420.709,9994.2824
,,,,,,,,138,4083.894,389.2762,3485.406,2421.073,21840.819,11802.0,11787.23,2607.07,10596.8712
,,,,,,,,139,4078.605,393.2758,3604.722,2552.333,22086.843,12918.46,12485.73,2869.419,10503.6982
,,,,,,,,140,4040.526,383.6124,3538.221,2497.407,21749.66,13305.24,12438.97,2876.643,10329.446
,,,,,,,,141,4005.621,369.0389,3458.748,2443.741,21240.98,13123.87,12357.67,2835.508,10129.6682
,,,,,,,,142,3914.654,351.4344,3346.145,2344.795,20295.952,12913.18,12594.09,2781.549,9860.1439
,,,,,,,,143,3796.186,333.0504,3217.189,2203.422,19060.832,12736.21,12638.59,2690.494,9704.3752
,,,,,,,,144,3661.851,317.1008,3056.025,1996.942,18164.804,12382.84,12376.31,2631.352,9508.599
,,,,,,,,145,3622.715,307.9666,2930.479,1921.053,17753.911,12407.07,12348.65,2692.133,9310.0278
,,,,,,,,146,3569.827,299.1305,2835.176,1811.726,17459.045,12130.1,12118.25,2681.172,9236.615
,,,,,,,,147,3539.152,301.2249,2792.2,1775.369,17341.786,11353.9,11563.02,2500.891,9243.1963
,,,,,,,,148,3511.651,301.7541,2771.746,1784.124,17413.815,10668.29,11135.12,2338.899,9344.9885
,,,,,,,,149,3532.806,312.0878,2780.612,1790.562,17648.823,10335.79,10947.44,2264.035,9631.8382
,,,,,,,,150,3598.386,321.9082,2837.914,1835.729,18414.332,10363.16,10938.06,2257.641,10047.776
,,,,,,,,151,3676.66,336.1835,2984.879,1963.145,19819.654,10872.06,11111.17,2335.981,10638.4048
,,,,,,,,152,3695.234,342.9395,3146.486,2053.893,21187.586,11812.11,11782.82,2519.366,10552.9143
,,,,,,,,153,3535.59,343.4613,3205.941,1992.231,21744.037,12461.75,12313.63,2454.976,9988.522
,,,,,,,,154,3222.932,361.906,3167.227,1865.733,21625.451,12430.2,11467.86,2802.506,8599.3993
,,,,,,,,155,3235.213,359.8763,3179.077,1888.134,21189.119,11388.54,12444.07,2777.674,7970.4394
,,,,,,,,156,3012.335,353.2087,3135.348,2005.28,20764.668,11385.53,12280.14,2197.421,7469.4189
,,,,,,,,157,3240.321,343.3519,3130.32,1992.409,20130.278,11447.42,11825.91,2664.853,7356.9968
,,,,,,,,158,3567.787,327.0827,2978.839,1996.494,19612.417,10719.21,11872.1,2785.243,7955.7251
,,,,,,,,159,3629.834,323.3934,3075.408,1923.505,19459.812,10640.92,11572.2,2543.13,8572.0786
,,,,,,,,160,3711.746,329.404,3027.773,1969.914,19848.848,11512.46,11562.29,2456.976,9264.9961
,,,,,,,,161,3875.517,346.5205,3191.355,2105.611,21065.163,11490.92,11223.46,2501.648,10085.2505
,,,,,,,,162,4129.377,379.0995,3534.12,2333.433,22934.17,11910.28,11513.04,2612.551,10618.364
,,,,,,,,163,4124.088,382.9993,3656.132,2475.408,23189.628,12953.03,12276.16,2836.753,10631.7745
,,,,,,,,164,4090.241,378.7596,3606.914,2485.31,22819.208,13375.28,12371.18,2866.876,10523.4783
,,,,,,,,165,4002.447,370.6199,3532.76,2435.487,22184.641,13349.47,12423.91,2835.234,10203.1139
,,,,,,,,166,3865.997,350.3982,3388.504,2360.868,21003.03,12976.76,12527.41,2730.716,9740.5868
,,,,,,,,167,3702.046,328.1144,3213.586,2163.622,19584.673,12655.5,12454.79,2634.607,9416.8334
,,,,,,,,168,3556.076,306.8824,3003.906,2011.121,18596.659,12230.88,12139.32,2564.332,9203.7193
,,,,,,,,169,3521.17,300.465,2908.358,1901.159,18101.452,12568.88,12425.89,2715.002,9035.4561
,,,,,,,,170,3462.994,289.0793,2792.294,1808.506,17846.9,12034.49,11978.58,2647.134,8984.3695
,,,,,,,,171,3442.897,285.0381,2719.218,1741.651,17894.21,11165.7,11237.35,2412.305,9067.3551
,,,,,,,,172,3443.955,286.7604,2703.148,1757.012,18161.228,10569.78,10759.57,2268.896,9294.1553
,,,,,,,,173,3514.824,299.1564,2735.458,1816.37,18898.972,10500.0,10711.77,2230.771,9746.6415
,,,,,,,,174,3650.216,319.3522,2937.935,1983.162,20279.212,10967.36,11110.72,2304.191,10342.9761
,,,,,,,,175,3802.532,347.3477,3194.32,2203.541,21927.373,12489.61,12129.65,2554.862,10849.3783
,,,,,,,,176,3865.352,366.0673,3285.644,2290.022,23241.431,14018.47,13257.91,2896.4,11012.2222
,,,,,,,,177,3906.785,392.9904,3268.275,2289.577,23713.238,15368.51,13926.67,3162.228,10943.4645
,,,,,,,,178,3869.066,385.7079,3135.185,2176.667,23574.04,15524.19,13507.65,2866.313,10408.0724
,,,,,,,,179,3853.613,382.2943,2807.621,2203.588,23227.789,14723.78,12513.06,2385.936,10291.2548
,,,,,,,,180,3834.986,386.0802,2986.43,2243.754,22687.053,14637.67,11692.62,1709.55,10268.9628
,,,,,,,,181,3833.103,340.4176,3044.685,2177.478,22162.57,14128.03,11672.39,1293.363,10348.3483
,,,,,,,,182,3894.504,274.2512,3078.524,2153.081,21864.997,13860.03,12524.32,2339.443,10007.9709
,,,,,,,,183,3831.039,283.8768,3098.358,2178.461,21512.74,13504.65,11967.82,2817.338,9805.6693
,,,,,,,,184,3872.937,305.7951,3152.083,2180.288,21645.72,13082.63,12286.67,2783.816,9860.1668
,,,,,,,,185,4066.325,351.6081,3323.611,2302.769,22622.654,12851.44,12008.67,2749.573,10476.6365
,,,,,,,,186,4332.466,399.661,3661.354,2541.774,23767.947,13142.98,12371.45,2752.285,10996.2148
,,,,,,,,187,4307.08,401.3001,3813.03,2577.529,23654.111,14112.1,12874.57,2965.795,10919.9067
,,,,,,,,188,4245.73,397.0187,3771.323,2566.323,23220.443,14520.94,13112.08,3048.026,10737.3047
,,,,,,,,189,4152.648,382.5605,3680.596,2478.405,22368.479,14305.83,13049.24,3000.041,10401.9125
,,,,,,,,190,3992.927,361.3286,3493.715,2331.818,21202.677,13977.0,13331.28,2896.743,9981.6159
,,,,,,,,191,3813.11,338.6311,3275.114,2132.835,19826.981,13575.02,13252.67,2790.125,9646.9601
,,,,,,,,192,3641.754,316.9438,3050.632,1996.842,18695.006,13470.67,13369.95,2816.289,9410.9397
,,,,,,,,193,3605.791,305.5997,2887.91,1858.309,18556.537,13079.13,13187.13,2876.614,9245.7061
,,,,,,,,194,3540.21,293.6175,2768.663,1771.404,18288.007,12152.91,12459.13,2705.888,9187.7669
,,,,,,,,195,3511.651,291.5969,2708.473,1730.669,18258.788,11263.77,11690.64,2470.904,9292.4982
,,,,,,,,196,3532.806,293.0208,2700.333,1773.142,18667.634,10688.2,11271.1,2337.952,9610.9386
,,,,,,,,197,3616.368,306.4271,2797.145,1851.603,19598.118,10700.99,11274.31,2300.27,10230.8254
,,,,,,,,198,3786.666,329.0988,3049.688,2062.292,21322.322,11380.24,11856.12,2411.381,10997.0899
,,,,,,,,199,3943.213,364.1664,3367.045,2346.675,23291.345,13202.61,13185.41,2736.994,11392.5732
,,,,,,,,200,3820.41,366.3817,3561.716,2403.449,24341.049,14762.49,13962.24,2915.002,10834.1224
,,,,,,,,201,3688.086,398.825,3441.446,2325.891,24545.73,15166.05,14590.24,3216.123,9922.3869
,,,,,,,,202,3461.804,401.1764,3424.356,2216.816,24132.288,14422.96,14717.78,3091.315,9008.0548
,,,,,,,,203,3306.675,381.3352,3484.696,2170.386,23550.099,14759.78,13881.24,1759.862,8429.8152
,,,,,,,,204,3049.305,369.8608,3433.81,2206.062,22900.554,14302.81,13217.85,1680.652,8043.3922
,,,,,,,,205,3171.463,343.5533,3468.764,2173.755,22202.527,14915.28,12791.3,2711.495,8029.3986
,,,,,,,,206,3346.741,277.825,3402.572,2141.242,21836.691,14805.16,12815.17,2583.815,7924.548
,,,,,,,,207,3385.93,290.8952,3267.339,2072.332,21530.217,14365.56,13258.49,2146.484,8030.616
,,,,,,,,208,3647.351,319.6381,3441.312,2056.664,21617.36,13906.04,12858.22,2039.568,8629.0279
,,,,,,,,209,3914.422,363.0354,3548.471,2285.778,22608.284,13240.06,12578.18,2733.402,10065.7739
,,,,,,,,210,4276.405,404.2407,3790.52,2524.074,23838.868,13358.48,12874.89,2831.438,10782.9876
,,,,,,,,211,4271.116,406.6334,3879.468,2557.456,23866.337,14510.8,13464.12,3024.077,10760.6274
,,,,,,,,212,4196.016,404.3726,3802.076,2567.615,23190.788,15032.4,13845.8,3149.694,10675.7006
,,,,,,,,213,4076.49,391.8934,3711.711,2506.764,22409.449,14920.64,13897.87,3140.297,10295.6143
,,,,,,,,214,3895.614,368.6409,3507.979,2353.84,21223.238,14570.85,14106.24,3077.022,9878.8533
,,,,,,,,215,3731.663,343.1691,3254.96,2142.871,19692.432,14204.81,13892.61,2918.92,9624.7589
,,,,,,,,216,3569.827,319.7596,3027.21,1998.335,18421.808,13972.61,13945.73,2946.588,9417.3586
,,,,,,,,217,3503.189,308.4893,2905.21,1863.522,17638.499,13515.49,13607.51,2954.223,9239.0504
,,,,,,,,218,3448.186,297.062,2818.743,1750.452,17286.98,12465.42,12789.93,2746.44,9185.1485
,,,,,,,,219,3415.395,295.0414,2776.186,1752.824,17252.528,11590.54,12066.22,2520.239,9277.9935
,,,,,,,,220,3414.338,296.4655,2797.366,1788.914,17526.376,11073.44,11662.22,2367.826,9564.7326
,,,,,,,,221,3503.189,308.8614,2914.994,1868.645,18388.821,11096.73,11666.17,2342.798,10151.722
,,,,,,,,222,3660.794,331.2348,3150.686,2099.385,19959.562,11808.69,12237.85,2442.826,10926.5922
,,,,,,,,223,3816.283,366.3024,3456.148,2280.99,21963.839,13504.91,13334.95,2726.433,11525.6089
,,,,,,,,224,3894.969,378.4915,3653.002,2405.704,22904.038,15289.78,14593.82,3034.313,10877.5177
,,,,,,,,225,3886.455,373.8851,3673.684,2263.886,22898.825,16405.19,15617.17,3273.95,9839.4389
,,,,,,,,226,3921.361,359.1384,3683.797,2150.027,22719.567,15518.27,16239.96,3405.984,9056.5892
,,,,,,,,227,3761.769,328.3534,3574.025,2034.725,22261.283,14291.56,15957.6,3385.776,9040.1724
,,,,,,,,228,3485.539,348.9002,3504.594,1945.802,22062.828,13834.53,14464.88,3239.555,8523.1289
,,,,,,,,229,3670.982,325.0284,3559.063,1878.048,21548.166,13995.46,14186.38,3129.447,7986.624
,,,,,,,,230,3098.659,280.9727,3445.638,1929.682,21238.532,14087.84,14034.11,3022.276,8128.3783
,,,,,,,,231,3486.236,327.9449,3404.013,1912.494,21035.243,13554.31,13186.46,3091.57,8628.159
,,,,,,,,232,3893.912,368.0883,3442.876,1948.313,20995.099,13118.65,13340.2,3104.898,8899.3871
,,,,,,,,233,4003.505,376.5734,3568.988,2196.094,21960.801,13186.37,12856.94,2909.76,10196.4314
,,,,,,,,234,4280.636,403.9424,3807.734,2428.937,23074.61,13393.85,12820.75,2896.459,10812.9983
,,,,,,,,235,4256.308,410.078,3859.015,2541.517,23036.716,14498.08,13571.54,3099.231,10796.7348
,,,,,,,,236,4188.611,404.0743,3797.692,2533.898,22518.543,14896.46,13821.65,3191.796,10724.945
,,,,,,,,237,4073.317,388.6058,3646.497,2455.849,21608.041,14594.44,13666.52,3148.819,10410.6565
,,,,,,,,238,3930.52,363.474,3434.052,2302.512,20374.176,14280.34,13955.66,3087.499,10038.7326
,,,,,,,,239,3741.183,339.8815,3202.423,2105.946,18934.584,13912.58,13797.11,2926.235,9693.4126
,,,,,,,,240,3571.942,316.8857,2995.575,1936.77,17751.215,13788.51,13830.73,2947.644,9452.2321
,,,,,,,,241,3495.784,309.2013,2864.568,1838.771,17076.766,13383.44,13429.94,2939.268,9188.9223
,,,,,,,,242,3440.781,296.2087,2785.04,1754.139,16663.349,12400.63,12658.02,2751.573,9154.4517
,,,,,,,,243,3388.951,294.7431,2747.439,1739.837,16594.666,11534.97,11924.92,2523.32,9233.5543
,,,,,,,,244,3415.395,295.8688,2762.881,1790.061,16919.163,10987.25,11444.74,2366.41,9499.5314
,,,,,,,,245,3531.748,309.1338,2861.397,1874.17,17799.353,11080.54,11497.99,2327.688,10127.9211
,,,,,,,,246,3689.353,332.4759,3103.314,2061.167,19519.773,11801.29,12063.97,2443.739,10918.1382
,,,,,,,,247,3851.189,365.8212,3408.204,2303.557,21611.341,13575.09,13273.86,2731.189,11429.8972
,,,,,,,,248,3737.26,379.3188,3467.834,2464.913,22695.615,15146.26,13635.59,2970.756,11048.9111
,,,,,,,,249,3795.204,351.3837,3096.478,2412.445,22645.324,15309.58,13100.05,2604.502,9807.2667
,,,,,,,,250,3062.41,308.0,2965.204,2214.005,22578.471,14654.89,12640.5,2416.386,9247.3432
,,,,,,,,251,2842.707,286.8918,2792.87,1986.814,22199.706,13076.0,11694.3,2290.603,8627.8156
,,,,,,,,252,2731.59,291.3265,2470.544,1900.285,21945.179,11703.01,10482.94,2058.756,7828.0009
,,,,,,,,253,2724.418,312.6376,2467.528,1942.81,21736.876,12161.0,11271.99,1814.768,7742.9303
,,,,,,,,254,2816.728,300.0467,2441.475,1812.796,21432.079,11015.08,11001.9,2198.1,7642.747
,,,,,,,,255,3025.029,287.883,2634.688,1821.949,21112.581,11428.23,10791.57,2116.943,7881.7711
,,,,,,,,256,3366.246,319.6581,2992.154,1833.265,21122.09,11725.75,11139.75,2385.917,8516.3583
,,,,,,,,257,3894.504,363.0138,3219.221,2111.616,21980.855,12590.4,11780.93,2592.778,9947.3278
,,,,,,,,258,4245.73,398.6758,3626.473,2358.974,23040.995,13046.45,12730.29,2849.166,10659.5872
,,,,,,,,259,4204.478,406.0784,3755.141,2480.253,22856.773,14160.63,13548.23,3051.937,10616.0103
,,,,,,,,260,4143.128,401.797,3715.417,2515.797,22193.345,14704.26,13770.69,3108.706,10484.3368
,,,,,,,,261,4076.49,389.0611,3602.394,2454.156,21368.194,14505.33,13591.18,3057.534,10235.3991
,,,,,,,,262,3907.25,366.3636,3414.522,2308.304,20275.887,14255.29,13904.43,2995.925,9819.6299
,,,,,,,,263,3727.432,339.9231,3188.755,2089.116,18842.752,13751.62,13820.3,2858.038,9521.4779
,,,,,,,,264,3570.885,318.3513,2992.811,1948.01,17618.415,13705.94,13838.64,2870.682,9336.7698
,,,,,,,,265,3509.535,304.788,2812.296,1823.901,16910.571,13224.2,13255.91,2855.707,9099.741
,,,,,,,,266,3445.012,292.6487,2710.178,1727.239,16418.51,12258.78,12459.87,2671.884,9087.4761
,,,,,,,,267,3409.049,289.3195,2683.481,1718.952,16294.462,11412.19,11729.67,2458.78,9103.4511
,,,,,,,,268,3417.511,289.0213,2670.385,1759.474,16488.064,10891.92,11225.05,2299.634,9371.6128
,,,,,,,,269,3509.535,300.7052,2757.007,1831.865,17183.832,10823.82,11212.28,2262.955,10061.4451
,,,,,,,,270,3676.66,323.9319,3013.011,2023.14,18722.736,11531.8,11716.35,2350.703,10906.6223
,,,,,,,,271,3810.994,355.9686,3315.918,2239.632,20518.142,13081.21,12850.49,2619.289,11563.1912
,,,,,,,,272,3758.647,367.6027,3362.848,2345.512,21583.784,14690.36,13206.45,2694.803,10985.4837
,,,,,,,,273,3491.473,324.8209,2996.375,2234.325,21679.258,15002.29,12072.43,2211.857,9664.1715
,,,,,,,,274,3282.114,289.9439,2599.167,1994.238,21596.817,14364.02,10712.71,1800.134,9024.064
,,,,,,,,275,3142.852,267.9409,2351.981,1730.188,21432.922,12382.88,9509.215,1409.283,8174.0127
,,,,,,,,276,2656.903,259.3159,2253.066,1593.299,21240.899,9893.607,8294.445,1126.201,7597.586
,,,,,,,,277,2680.638,252.9573,2275.121,1529.345,20962.232,9497.274,8123.499,1073.125,7510.9683
,,,,,,,,278,2735.281,265.0713,2377.485,1463.687,20700.15,10736.28,8306.01,1201.873,7313.0481
,,,,,,,,279,2979.778,277.4295,2639.235,1522.038,20329.483,10333.94,9300.245,1540.247,7518.0689
,,,,,,,,280,3233.794,310.8853,2981.024,1691.16,20418.897,11956.12,10329.8,1895.111,8213.2547
,,,,,,,,281,3692.241,349.7095,3541.322,2061.14,21234.063,12635.55,11401.48,2484.48,9689.0631
,,,,,,,,282,4039.469,395.9016,3667.965,2316.647,22313.396,12972.81,12445.71,2866.172,10421.0804
,,,,,,,,283,4055.335,399.1891,3656.433,2412.719,22073.688,14006.97,13086.79,2978.045,10422.5182
,,,,,,,,284,4024.66,392.4735,3591.563,2418.935,21448.507,14249.31,13250.31,2993.819,10290.4693
,,,,,,,,285,3963.311,380.7479,3502.332,2363.999,20673.965,14023.67,13197.49,2977.874,10196.3031
,,,,,,,,286,3860.708,362.8036,3339.032,2222.157,19739.873,13779.39,13491.13,2935.882,9915.1375
,,,,,,,,287,3750.702,341.2318,3162.199,2060.311,18436.054,13521.7,13575.09,2850.583,9705.6889
,,,,,,,,288,3588.866,320.5548,2957.753,1878.37,17331.628,13359.87,13614.44,2863.124,9485.0131
,,,,,,,,289,3525.401,308.9862,2811.81,1746.342,16571.438,12811.44,12969.32,2804.785,9340.3692
,,,,,,,,290,3464.052,298.9829,2709.414,1642.662,16175.897,12052.2,12335.92,2655.48,9290.1174
,,,,,,,,291,3412.222,295.6537,2655.171,1616.965,15925.864,11260.07,11668.24,2474.758,9310.1777
,,,,,,,,292,3396.356,294.0468,2621.259,1641.024,16038.34,10562.57,11077.76,2293.496,9462.9856
,,,,,,,,293,3421.742,303.9669,2647.395,1666.187,16300.263,10288.52,10907.18,2221.907,9864.2759
,,,,,,,,294,3418.569,317.5302,2763.754,1751.298,17178.721,10405.35,10948.71,2208.558,10417.1976
,,,,,,,,295,3519.055,336.7157,2949.169,1902.239,18735.48,11262.79,11433.02,2361.272,11095.8753
,,,,,,,,296,3451.9,348.1095,3002.617,1997.841,20030.904,12212.08,11475.21,2410.665,10728.9228
,,,,,,,,297,3214.755,328.5397,2793.409,2001.827,20660.161,13134.18,10248.68,2146.667,10139.0813
,,,,,,,,298,3064.63,301.7973,2546.447,1840.377,20871.805,12987.16,9281.18,1855.677,8981.7079
,,,,,,,,299,2952.869,290.9196,2365.977,1884.763,20770.99,12194.91,8551.116,1441.034,8465.6435
,,,,,,,,300,2796.037,273.2679,2286.889,1778.026,20596.459,10337.91,7859.396,1278.96,8084.4186
,,,,,,,,301,2804.732,269.7832,2268.828,1668.635,20344.311,9587.513,7535.807,1308.914,7767.6607
,,,,,,,,302,2993.348,275.145,2374.002,1493.127,19898.196,10631.1,8053.024,1232.594,7781.5352
,,,,,,,,303,3272.338,295.9347,2594.635,1418.241,19763.271,10566.88,9603.606,1800.591,7879.0297
,,,,,,,,304,3540.106,319.4584,2783.143,1839.427,19926.665,10561.84,10059.41,1942.378,8884.0841
,,,,,,,,305,3839.321,346.2102,3174.555,2063.05,20847.757,11715.43,11052.44,2423.666,9876.6645
,,,,,,,,306,4107.165,383.4546,3471.756,2288.589,21808.593,12176.78,11771.07,2602.485,10385.9554
,,,,,,,,307,4082.836,383.1563,3536.483,2369.256,21701.651,13003.15,12335.19,2773.029,10373.9897
,,,,,,,,308,4009.852,377.0789,3491.581,2359.81,21194.392,13378.36,12404.66,2769.833,10099.3762
,,,,,,,,309,3899.845,360.94,3373.449,2287.999,20601.038,13081.1,12277.08,2770.762,9863.642
,,,,,,,,310,3814.167,341.5716,3216.515,2182.47,19730.176,12661.95,12458.38,2720.763,9676.2012
,,,,,,,,311,3689.353,323.486,3053.788,2027.385,18588.753,12428.29,12495.11,2640.262,9490.1558
,,,,,,,,312,3541.268,305.4003,2883.131,1837.212,17612.97,11996.37,12213.47,2586.542,9256.5096
,,,,,,,,313,3443.955,297.6328,2774.209,1697.799,17128.202,12160.45,12355.88,2704.162,9033.8938
,,,,,,,,314,3388.951,285.9488,2663.883,1603.509,16861.466,11748.29,12042.78,2648.113,9004.4665
,,,,,,,,315,3327.602,283.4729,2609.641,1545.999,16671.601,10965.21,11372.23,2464.116,8975.0893
,,,,,,,,316,3305.389,285.3105,2588.892,1567.687,16720.227,10241.9,10841.64,2280.997,9072.9678
,,,,,,,,317,3339.237,291.4878,2588.196,1592.114,17048.294,9920.303,10598.52,2203.234,9396.8769
,,,,,,,,318,3398.471,301.1511,2646.976,1680.445,17795.193,9896.704,10493.84,2153.234,9919.8774
,,,,,,,,319,3485.207,316.5937,2780.272,1825.538,19261.838,10402.91,10757.39,2271.53,10403.6469
,,,,,,,,320,3344.602,304.1143,2780.057,1935.543,20666.182,11437.26,10520.49,2292.568,10184.7429
,,,,,,,,321,2986.821,278.8027,2446.828,1783.927,21383.797,10969.34,8992.333,1624.128,9315.2404
,,,,,,,,322,2766.42,249.3895,2122.24,1455.495,21390.103,9401.786,7761.895,1287.568,8311.8235
,,,,,,,,323,2557.294,230.7142,1921.817,1282.147,20993.87,7304.6,6627.741,940.0672,7648.815
,,,,,,,,324,2863.141,219.2398,1761.573,1186.654,20796.342,6413.448,5871.424,670.2437,7149.9456
,,,,,,,,325,3330.927,218.2309,1753.28,1163.022,20471.765,6451.521,5520.601,574.9346,7395.6222
,,,,,,,,326,3235.91,229.7483,1829.388,1174.634,20150.33,6457.331,5883.077,700.0037,7312.3791
,,,,,,,,327,3368.646,246.3062,2020.301,1272.422,19953.156,6588.01,6704.485,1023.127,7306.8846
,,,,,,,,328,3499.033,279.9865,2332.083,1451.22,20128.641,7643.623,8253.497,1470.871,8152.8722
,,,,,,,,329,3832.33,328.7091,2888.219,1844.862,21491.659,9505.753,9956.867,2176.098,9858.5563
,,,,,,,,330,4146.301,378.8011,3387.622,2257.991,22777.747,11566.63,11179.46,2565.699,10619.8774
,,,,,,,,331,4130.435,384.523,3550.344,2411.895,22860.41,12693.27,11750.14,2734.519,10588.7613
,,,,,,,,332,4101.876,378.718,3539.508,2431.622,22361.477,13151.31,12091.56,2754.087,10406.7241
,,,,,,,,333,4020.429,370.3216,3456.223,2333.579,21603.717,13098.6,12211.93,2745.048,10209.3518
,,,,,,,,334,3887.152,350.0999,3294.838,2221.033,20506.618,12866.59,12461.65,2717.592,9753.9504
,,,,,,,,335,3728.49,327.5594,3096.912,2056.502,19127.495,12549.73,12399.84,2611.167,9457.6737
,,,,,,,,336,3565.596,305.8721,2935.385,1923.104,18133.164,12086.2,12231.07,2553.199,9195.2413
,,,,,,,,337,3448.186,289.3934,2942.749,1803.161,18454.252,12561.63,12874.26,2800.341,8850.3157
,,,,,,,,338,3388.951,281.866,2830.509,1734.301,18434.95,12103.29,12379.57,2676.181,8804.9227
,,,,,,,,339,3376.259,276.8145,2800.561,1727.384,18626.72,11201.4,11518.41,2441.239,8868.5004
,,,,,,,,340,3407.991,279.2487,2814.23,1754.874,19147.447,10641.72,11070.99,2282.268,9172.2605
,,,,,,,,341,3513.766,292.3568,2935.822,1879.962,20281.287,10704.26,11023.46,2231.685,9775.5977
,,,,,,,,342,3715.797,314.7301,3164.003,2102.414,22262.945,11406.03,11527.14,2327.53,10557.0813
,,,,,,,,343,3854.362,349.7978,3470.58,2373.876,24409.848,13063.24,12730.52,2599.417,11170.0049
,,,,,,,,344,3913.115,343.0256,3631.797,2520.608,25648.77,15005.37,13781.5,2978.787,10895.5547
,,,,,,,,345,3696.948,317.7953,3576.777,2259.76,25811.236,14547.09,14240.56,3137.107,10059.1742
,,,,,,,,346,3422.027,290.6899,3552.13,1907.981,25336.889,12257.85,13223.29,2589.441,8906.1189
,,,,,,,,347,2820.163,288.7993,3295.156,1757.966,24633.807,10214.47,12224.74,1769.991,8012.8452
,,,,,,,,348,3254.901,278.3615,3239.225,1809.086,23886.593,9376.427,10556.11,2744.646,8824.1288
,,,,,,,,349,3358.081,251.8117,2389.885,1512.152,23694.331,7593.327,11626.72,1824.226,9120.0104
,,,,,,,,350,3164.415,259.5429,2095.895,1735.461,23308.294,8786.356,7997.538,2108.133,8854.75
,,,,,,,,351,3570.306,306.5222,2256.942,1532.84,23121.445,8641.115,9051.531,1571.743,7920.5575
,,,,,,,,352,3560.209,301.0989,2876.598,1801.262,23352.483,9008.331,9975.326,2590.647,8355.9899
,,,,,,,,353,3815.993,345.1474,3224.774,2052.433,24185.782,10495.44,10890.58,2630.49,9553.2405
,,,,,,,,354,4272.174,396.5304,3642.051,2510.496,25183.356,13441.48,12493.03,2825.95,10535.7387
,,,,,,,,355,4370.545,406.2935,3844.7,2689.084,25554.438,15160.13,13443.42,3075.454,10667.8549
,,,,,,,,356,4318.715,404.331,3829.185,2671.396,24931.747,15365.27,13752.82,3129.139,10492.6633
,,,,,,,,357,4237.268,390.8831,3771.884,2636.777,23926.775,14912.85,13541.6,3032.795,10225.5976
,,,,,,,,358,4059.566,367.1753,3582.029,2502.165,22431.081,14471.36,13851.72,2954.303,9744.2606
,,,,,,,,359,3892.441,340.7348,3359.74,2291.364,20979.251,14085.83,13769.51,2863.147,9460.1631
,,,,,,,,360,3735.894,320.1733,3197.204,2136.49,19875.147,13913.68,13928.3,2889.252,9230.0521
,,,,,,,,361,3596.271,304.6632,3014.861,2056.547,19326.792,13663.95,13656.01,2957.703,9070.1749
,,,,,,,,362,3535.979,293.9895,2900.36,1972.594,19218.429,12641.51,12686.31,2723.851,8948.2619
,,,,,,,,363,3497.9,288.938,2849.874,1931.325,19421.166,11668.97,11830.46,2475.812,9005.6466
,,,,,,,,364,3504.246,291.3723,2860.568,1960.185,19967.912,11098.38,11303.65,2323.013,9279.313
,,,,,,,,365,3586.751,304.4803,2976.786,2045.808,21196.961,11056.95,11208.11,2278.188,9798.0792
,,,,,,,,366,3767.626,327.5657,3226.146,2239.923,23170.359,11737.72,11779.07,2391.858,10693.987
,,,,,,,,367,3895.614,365.3659,3554.894,2489.063,25337.211,13309.8,13011.44,2652.065,11433.2578
,,,,,,,,368,3757.048,367.0786,3623.295,2629.019,26753.501,15097.84,13840.65,3058.384,10571.6089
,,,,,,,,369,3218.361,317.1512,3068.192,2328.62,26670.624,14443.26,11857.86,2421.391,9678.4844
,,,,,,,,370,2896.418,279.3777,2628.409,1894.875,25806.005,11917.27,10385.24,1838.322,8652.9561
,,,,,,,,371,2676.693,252.8695,2329.058,1621.187,24679.115,9881.623,8615.353,1348.36,7819.497
,,,,,,,,372,2559.955,238.9818,2093.913,1484.498,24142.506,8044.949,6936.073,926.1856,7299.3682
,,,,,,,,373,2518.414,238.4268,2039.7,1391.451,23503.913,7297.861,6481.126,835.268,7047.4763
,,,,,,,,374,2609.478,246.7493,2062.654,1368.621,23040.061,7714.348,6777.845,938.8834,6948.7074
,,,,,,,,375,3445.875,267.2579,2224.766,1449.499,22749.757,7724.025,7656.413,1139.239,7306.756
,,,,,,,,376,3805.801,290.6032,2541.089,1647.159,23071.767,9613.422,9040.29,1593.933,8113.8738
,,,,,,,,377,3755.702,336.8346,3026.157,1995.389,23942.406,10620.59,10396.5,2170.603,9515.3008
,,,,,,,,378,4222.459,401.1682,3633.967,2442.171,25482.374,13348.99,12306.2,2805.227,10728.1306
,,,,,,,,379,4341.985,415.2292,3865.154,2585.728,26027.914,15045.1,13560.03,3141.095,10931.5319
,,,,,,,,380,4321.888,414.434,3868.054,2706.428,25613.437,15391.93,13815.13,3172.591,10862.871
,,,,,,,,381,4234.095,401.2428,3846.297,2608.752,24673.088,14969.22,13714.35,3069.92,10671.2483
,,,,,,,,382,4065.912,380.2675,3704.805,2505.908,23177.903,14692.93,14089.99,2992.219,10158.8591
,,,,,,,,383,3906.192,354.2408,3491.437,2317.896,21731.388,14253.7,14159.79,2901.573,9852.2258
,,,,,,,,384,3751.76,333.9775,3293.72,2151.628,20642.836,14028.85,14187.81,2895.996,9644.2361
,,,,,,,,385,3618.484,318.2108,3108.613,2079.972,20297.003,13720.17,13920.73,2963.264,9484.3355
,,,,,,,,386,3563.48,311.0971,3006.999,2022.507,20331.281,12710.3,12932.34,2733.542,9517.0182
,,,,,,,,387,3539.152,309.9039,2974.718,1963.56,20637.888,11770.87,12179.23,2508.71,9656.1886
,,,,,,,,388,3570.885,319.3428,3034.501,1982.44,21200.053,11206.11,11747.82,2360.446,10047.0676
,,,,,,,,389,3665.025,339.8691,3190.523,2041.587,22407.44,11194.03,11737.47,2334.67,10733.5899
,,,,,,,,390,3846.958,370.1003,3448.386,2217.923,24285.174,11788.03,12313.37,2448.81,11798.9925
,,,,,,,,391,3998.216,409.8953,3813.392,2479.093,26281.727,13313.16,13511.57,2721.023,12621.9705
,,,,,,,,392,3867.823,415.0262,3897.237,2592.726,27497.183,15012.14,14440.87,3053.566,11454.2668
,,,,,,,,393,3288.46,346.0645,3285.587,2346.481,27351.253,14613.75,12390.09,2462.267,10161.3921
,,,,,,,,394,2936.901,290.8578,2717.448,2030.069,26201.486,12731.38,10622.84,1820.298,8975.8358
,,,,,,,,395,2721.407,258.057,2357.169,1687.869,25054.494,10709.65,8696.88,1352.535,7998.0654
,,,,,,,,396,2605.438,240.2851,2113.111,1605.245,24281.699,9782.643,7151.913,983.4654,7453.4881
,,,,,,,,397,2524.761,242.185,2050.871,1578.142,23716.346,9317.249,6643.377,873.0077,7196.6831
,,,,,,,,398,2622.171,250.8058,2080.764,1474.274,23053.037,8250.621,6931.568,971.0207,7019.7282
,,,,,,,,399,2820.452,268.1475,2249.793,1765.464,22691.054,8704.003,7700.557,1161.187,7336.0076
,,,,,,,,400,3154.511,291.0585,2556.532,1794.356,22996.0,9849.788,9052.124,1591.848,8030.6719
,,,,,,,,401,3708.198,336.8346,3026.821,1972.407,23789.286,11014.83,10372.62,2118.025,9455.6976
,,,,,,,,402,4220.344,402.8905,3604.019,2463.278,25090.121,13073.53,12254.23,2758.076,10709.5213
,,,,,,,,403,4343.043,422.7149,3852.84,2613.218,25511.03,14846.67,13446.39,3093.173,10981.7135
,,,,,,,,404,4303.906,418.1768,3866.854,2594.527,25088.497,15218.46,13810.82,3145.818,10998.4059
,,,,,,,,405,4219.286,404.572,3819.742,2524.498,24225.346,15007.83,14050.31,3157.024,10792.9135
,,,,,,,,406,4059.566,382.1728,3683.835,2429.251,22788.513,14628.34,14372.96,3072.65,10325.169
,,,,,,,,407,3913.596,357.1563,3500.777,2272.317,21280.401,14221.61,14449.51,2979.962,10045.1404
,,,,,,,,408,3749.645,337.3067,3308.589,2110.793,20103.711,14080.98,14485.09,2971.36,9806.3247
,,,,,,,,409,3603.675,321.697,3141.133,2027.843,19384.981,13818.68,14255.98,3038.389,9650.8035
,,,,,,,,410,3549.73,314.8816,3062.958,1946.262,19240.547,12838.34,13249.66,2798.026,9731.0815
,,,,,,,,411,3528.575,316.0811,3048.311,1868.535,19339.216,11847.13,12521.05,2568.089,9826.3312
,,,,,,,,412,3548.672,326.0907,3113.832,1877.446,19790.01,11257.44,12083.48,2416.965,10200.4899
,,,,,,,,413,3637.523,344.481,3213.198,1966.032,20830.007,11234.89,12021.03,2380.326,10907.2201
,,,,,,,,414,3831.092,376.1362,3484.435,2177.133,22616.42,11804.36,12495.11,2463.14,11962.762
,,,,,,,,415,3989.754,415.0622,3800.019,2416.471,24460.409,13138.82,13580.04,2702.986,12835.6352
,,,,,,,,416,3855.13,428.2646,3942.826,2548.794,25587.214,15047.55,14629.64,3058.234,11675.1442
,,,,,,,,417,3314.327,348.0645,3289.275,2371.488,25715.681,15633.74,12670.06,2493.116,10306.918
,,,,,,,,418,2976.519,288.0308,2709.122,1997.155,25423.316,13798.38,10754.84,1899.223,9055.4071
,,,,,,,,419,2766.025,255.6643,2314.874,1767.104,24734.178,12490.57,8683.754,1434.896,7968.1082
,,,,,,,,420,2643.71,239.4577,2069.914,1523.181,23970.52,10460.87,7157.419,1005.962,7388.649
,,,,,,,,421,2554.859,240.604,1992.646,1497.127,23739.693,10758.9,6602.371,808.3203,7099.2127
,,,,,,,,422,2624.767,248.4922,2036.625,1748.085,23272.86,12079.87,6818.269,1045.959,7002.7346
,,,,,,,,423,2809.586,265.2789,2219.511,1938.709,23162.421,12461.22,7644.96,1484.965,7292.0636
,,,,,,,,424,3138.357,292.5031,2541.781,2074.562,23285.92,12684.51,8897.327,2137.791,8003.4205
,,,,,,,,425,3658.484,343.1837,3002.804,2215.253,23866.36,12825.8,10675.06,2400.6,9301.5073
,,,,,,,,426,4173.803,396.1583,3581.152,2505.651,24855.844,13284.33,12089.82,2729.398,10510.5901
,,,,,,,,427,4282.751,414.2605,3819.278,2618.498,25125.596,14725.97,13274.06,3061.173,10739.5063
,,,,,,,,428,4253.134,413.3082,3822.597,2599.807,24586.473,15147.96,13781.85,3192.987,10806.472
,,,,,,,,429,4165.341,403.305,3793.691,2524.498,23619.48,14876.15,13873.3,3157.734,10644.5355
,,,,,,,,430,4011.967,384.3503,3648.235,2396.001,22234.427,14719.8,14179.78,3098.534,10153.0464
,,,,,,,,431,3849.073,357.3133,3468.57,2194.957,20847.284,14300.52,14121.04,2982.06,9872.7078
,,,,,,,,432,3696.757,336.0397,3280.766,2030.426,19699.266,14110.85,14150.25,2956.0,9633.46
,,,,,,,,433,3558.192,319.959,3078.284,1868.078,19114.423,13682.04,13717.02,2985.078,9465.3791
,,,,,,,,434,3483.091,311.0076,2950.325,1785.551,19010.972,12667.36,12668.31,2733.189,9448.7929
,,,,,,,,435,3457.705,305.5008,2875.266,1725.501,19164.406,11696.28,11760.72,2484.138,9559.5085
,,,,,,,,436,3470.398,307.5214,2867.126,1753.136,19571.208,11119.16,11169.89,2304.674,9841.7093
,,,,,,,,437,3550.787,319.3624,2949.068,1864.78,20586.673,11064.31,11007.95,2252.261,10482.7133
,,,,,,,,438,3735.894,343.5993,3158.415,2072.406,22396.691,11583.51,11429.79,2312.687,11448.108
,,,,,,,,439,3883.979,375.7774,3443.394,2307.946,24413.624,12907.32,12518.35,2555.924,12116.7471
,,,,,,,,440,3766.279,378.7671,3547.69,2456.851,25715.061,14681.81,13271.49,2917.944,11462.3495
,,,,,,,,441,3393.467,374.5218,3207.453,2309.704,25959.379,14465.7,13888.96,3144.871,11048.402
,,,,,,,,442,3797.338,379.5354,2659.482,2088.135,25627.084,14838.56,10983.17,3198.477,9998.449
,,,,,,,,443,3476.934,361.0777,2771.789,2010.402,25133.874,13853.81,9151.846,2113.618,9923.5074
,,,,,,,,444,2503.606,280.8846,2889.381,1848.477,24455.17,11809.84,7257.102,1667.318,9713.4568
,,,,,,,,445,2452.545,244.3997,2651.878,1810.627,24240.115,10856.31,6561.134,1920.405,8949.665
,,,,,,,,446,2561.302,251.3192,2224.914,1790.601,23941.961,12013.65,8765.051,1872.874,8842.0038
,,,,,,,,447,2794.778,267.9489,2496.692,1817.263,23216.94,11850.4,9155.913,1134.488,8484.5405
,,,,,,,,448,3146.53,296.3989,2854.127,2022.593,23753.837,10727.0,8828.759,1654.045,8789.8204
,,,,,,,,449,3687.813,335.5635,3137.757,2137.553,24355.828,11507.16,10023.45,2036.412,9622.7883
,,,,,,,,450,4169.572,398.1538,3554.001,2362.918,25425.463,12826.6,11975.04,2676.21,10433.43
,,,,,,,,451,4242.557,413.1097,3748.426,2445.59,25481.157,14380.39,12922.08,2986.857,10584.0572
,,,,,,,,452,4190.727,407.8596,3738.859,2440.199,24977.699,14639.75,13376.49,3114.531,10524.253
,,,,,,,,453,4097.645,393.4014,3713.068,2370.86,24061.152,14305.12,13509.05,3093.496,10426.9788
,,,,,,,,454,3986.581,374.7451,3588.933,2251.709,22867.264,14146.7,13939.85,3057.63,10096.6878
,,,,,,,,455,3850.131,352.6182,3429.666,2103.163,21590.621,13906.78,14070.72,2985.406,9933.5564
,,,,,,,,456,3705.219,332.9515,3251.497,1902.174,20608.738,13716.35,14157.2,2966.872,9726.8337
,,,,,,,,457,3562.423,312.7872,3085.049,1778.734,20132.695,13423.63,13651.17,2965.506,9547.4941
,,,,,,,,458,3490.496,306.9821,2970.617,1717.259,20096.074,12721.63,12826.6,2770.755,9542.8309
,,,,,,,,459,3451.359,302.8993,2907.606,1682.739,20142.221,11874.71,12131.89,2569.625,9596.6942
,,,,,,,,460,3439.724,304.737,2901.603,1689.856,20383.473,11178.13,11621.32,2391.584,9793.7265
,,,,,,,,461,3464.052,314.2175,2934.554,1741.819,20740.091,10835.39,11348.38,2304.771,10219.2332
,,,,,,,,462,3534.921,333.6181,3054.318,1834.582,21726.529,10798.86,11331.6,2280.2,10860.1199
,,,,,,,,463,3607.906,358.0859,3205.389,1974.563,23134.48,11248.57,11665.2,2360.28,11620.791
,,,,,,,,464,3442.415,359.2757,3326.473,2118.605,24632.938,12373.74,12075.91,2433.237,11093.9351
,,,,,,,,465,3031.908,316.8488,3074.063,1967.698,25184.622,12525.38,11730.65,1782.112,10325.3286
,,,,,,,,466,2720.062,267.9939,3054.776,1647.159,25021.507,11597.89,10176.23,1336.784,9097.0984
,,,,,,,,467,2538.897,242.9303,3247.178,1355.605,24368.76,9150.236,8091.22,1120.229,7827.8506
,,,,,,,,468,3100.95,223.855,3012.992,1209.516,23480.656,6851.691,9117.075,2605.629,7036.1931
,,,,,,,,469,2360.81,222.1534,3072.113,1081.922,22894.968,6214.126,9348.796,1995.016,6753.9269
,,,,,,,,470,2532.166,231.1932,3020.38,1300.001,22664.414,7051.936,8597.357,1625.822,6730.5062
,,,,,,,,471,3512.515,249.1315,2892.638,1441.609,22649.037,6648.262,9278.856,812.386,7136.1045
,,,,,,,,472,3714.258,273.5081,2968.415,1562.407,22753.889,7109.863,9883.745,1212.039,7805.6992
,,,,,,,,473,3846.958,318.8861,3050.319,1827.583,23448.659,8899.211,10448.87,1864.734,9071.3818
,,,,,,,,474,4089.183,378.7596,3413.967,2290.329,24360.233,11696.1,11193.02,2477.199,10174.4724
,,,,,,,,475,4180.149,390.2865,3626.671,2440.589,24459.817,13206.15,12206.68,2734.829,10331.9976
,,,,,,,,476,4152.648,382.9004,3613.49,2432.414,23991.842,13481.9,12583.35,2840.789,10169.018
,,,,,,,,477,4100.818,369.7509,3574.031,2426.867,23165.329,13340.05,12412.67,2823.19,10093.6913
,,,,,,,,478,3986.581,354.2824,3475.164,2306.089,22011.216,13111.4,12692.37,2782.232,9794.8781
,,,,,,,,479,3878.69,336.1967,3385.286,2127.891,20833.925,12846.51,12700.57,2693.777,9587.5243
,,,,,,,,480,3736.952,315.9751,3193.953,1958.359,19817.146,12392.19,12593.88,2623.336,9373.0085
,,,,,,,,481,3620.599,298.3863,3038.669,1847.706,19223.778,12670.7,12865.87,2774.791,9244.8616
,,,,,,,,482,3585.693,291.4555,2963.4,1772.14,19091.414,12339.34,12423.76,2696.265,9141.3521
,,,,,,,,483,3553.961,286.959,2870.08,1716.368,19068.564,11476.31,11708.64,2488.963,9097.9868
,,,,,,,,484,3561.365,288.7968,2888.286,1695.316,19052.685,10726.72,11154.06,2308.245,9251.203
,,,,,,,,485,3581.462,296.6963,2887.029,1713.516,19287.337,10343.74,10847.29,2220.99,9651.3995
,,,,,,,,486,3675.602,307.7836,2956.084,1786.219,19979.832,10255.83,10818.75,2196.447,10217.2469
,,,,,,,,487,3730.605,323.4829,3106.023,1909.669,21238.102,10764.71,11094.14,2291.327,10988.4717
,,,,,,,,488,3728.297,319.4853,3195.257,2016.285,22813.368,11495.39,11421.87,2346.583,10211.2232
,,,,,,,,489,3058.929,270.8043,2575.188,1771.616,23800.85,10335.21,8680.875,1714.6,9246.7805
,,,,,,,,490,2779.296,238.0148,2171.223,1467.554,24106.026,8442.982,7132.617,1207.647,8249.7589
,,,,,,,,491,2599.477,213.3702,1856.619,1254.01,23299.561,7396.889,5751.33,778.1427,7379.4722
,,,,,,,,492,2481.393,198.1738,1668.726,1135.863,22878.967,6705.772,4619.788,495.5031,6865.8223
,,,,,,,,493,2418.697,201.2253,1616.796,1087.862,22396.386,6669.037,4241.12,415.8215,6655.3696
,,,,,,,,494,2507.645,212.9924,1686.527,1158.452,21948.839,6056.375,4679.89,532.9148,6603.8587
,,,,,,,,495,2698.522,233.3651,1876.394,1162.87,21782.167,5777.161,5599.399,709.4617,7025.9893
,,,,,,,,496,3028.639,259.0503,2205.557,1530.736,21929.494,7589.704,7121.039,1145.205,7809.9961
,,,,,,,,497,3554.055,305.2025,2668.545,1777.586,22633.068,8758.955,8738.576,1758.556,9176.7332
,,,,,,,,498,4100.818,369.7501,3361.067,2224.347,23851.533,11414.07,10958.74,2465.923,10398.9455
,,,,,,,,499,4182.265,388.0508,3608.551,2389.785,24083.848,13212.46,12114.97,2788.229,10612.2331
,,,,,,,,500,4218.229,385.5333,3688.702,2455.304,23587.86,13587.76,12664.42,2867.021,10492.4268
,,,,,,,,501,4154.763,375.8283,3658.947,2419.103,22724.522,13465.5,12643.25,2850.057,10358.9744
,,,,,,,,502,4037.353,356.9153,3570.411,2307.56,21372.053,13237.82,12839.8,2788.0,9894.2681
,,,,,,,,503,3928.405,335.385,3375.6,2136.969,20033.353,12887.44,12772.66,2706.277,9654.7504
,,,,,,,,504,3780.32,314.7081,3225.464,1993.446,18890.875,12388.54,12676.95,2634.326,9450.4914
,,,,,,,,505,3304.331,300.308,2865.161,1621.989,18841.014,12031.4,12433.67,2667.098,9187.0999
,,,,,,,,506,3257.79,293.3773,2770.973,1542.736,18785.959,11564.5,11918.21,2576.488,9180.0632
,,,,,,,,507,3230.289,286.6035,2721.409,1534.081,18976.166,10778.02,11163.2,2351.481,9289.7545
,,,,,,,,508,3232.404,290.3464,2740.244,1588.004,19563.974,10283.61,10730.2,2196.059,9604.754
,,,,,,,,509,3321.255,302.7423,2850.933,1717.637,20754.632,10292.07,10712.57,2159.915,10286.8332
,,,,,,,,510,3467.225,329.4552,3052.559,1925.319,22828.392,10987.91,11204.83,2262.408,11255.0609
,,,,,,,,511,3573.289,360.4869,3335.345,2163.276,24988.148,12628.5,12277.36,2551.336,11856.5446
,,,,,,,,512,3603.578,352.1647,3373.803,2320.416,26351.627,14320.61,12649.56,2664.252,10855.4689
,,,,,,,,513,3503.379,336.2468,3181.851,2266.32,26195.752,15150.78,11810.27,2360.864,9670.3169
,,,,,,,,514,2963.057,299.4161,2726.64,2186.257,25418.109,15188.1,10568.21,2261.896,8633.5786
,,,,,,,,515,2827.087,281.1206,2533.592,2139.224,24510.202,14354.47,9271.414,2559.269,7776.8108
,,,,,,,,516,2716.119,296.8552,2374.548,2123.43,23842.444,13945.24,8773.298,1928.286,7287.3032
,,,,,,,,517,3049.12,306.8108,2225.591,2062.028,23500.346,14405.51,8058.231,1560.132,7401.0097
,,,,,,,,518,3177.686,307.3811,2341.326,2035.074,23054.309,14327.39,7600.735,1645.959,7858.118
,,,,,,,,519,3274.038,305.7686,2579.398,2029.378,23026.914,13651.3,8844.281,2236.322,7994.8315
,,,,,,,,520,3558.19,318.567,2620.464,2048.288,23200.789,13183.36,9804.369,2204.015,8878.6666
,,,,,,,,521,3726.758,351.8324,3093.719,2193.114,23972.781,12796.23,10698.06,2425.446,9529.2575
,,,,,,,,522,4003.505,396.5469,3525.527,2337.633,25234.368,12872.09,12248.17,2710.342,10407.2289
,,,,,,,,523,4064.854,411.0632,3747.674,2474.495,25594.188,13977.44,13188.87,2972.505,10592.5234
,,,,,,,,524,4026.776,408.5457,3739.098,2483.874,25248.217,14601.87,13568.62,3125.143,10523.7425
,,,,,,,,525,3923.116,391.9099,3646.11,2386.41,24314.197,14224.66,13428.47,3023.241,10217.9662
,,,,,,,,526,3775.031,368.6574,3468.151,2216.399,22908.185,13800.37,13625.93,2921.446,9724.1703
,,,,,,,,527,3595.213,340.4946,3254.001,2022.64,21508.019,13321.67,13577.25,2805.49,9394.0063
,,,,,,,,528,3429.146,319.5194,3058.981,1901.484,20527.722,13155.08,13734.29,2804.218,9116.6015
,,,,,,,,529,3297.985,301.4753,2889.734,1730.949,19859.296,12847.13,13186.34,2831.683,8945.8026
,,,,,,,,530,3225.0,290.8016,2763.757,1634.286,19826.221,11912.99,12269.25,2621.509,8908.5827
,,,,,,,,531,3227.115,285.0381,2712.488,1607.219,19867.728,11024.4,11482.93,2379.312,8977.0733
,,,,,,,,532,3244.04,285.7502,2703.567,1659.081,20209.3,10493.75,10968.04,2225.749,9229.2075
,,,,,,,,533,3344.526,298.1461,2802.57,1766.982,21156.827,10526.09,10843.71,2180.187,9841.583
,,,,,,,,534,3497.9,321.0745,3030.542,1974.441,22720.563,11270.31,11350.68,2286.588,10672.8745
,,,,,,,,535,3591.559,353.9855,3339.673,2195.144,24488.875,13028.22,12496.57,2582.066,11195.2044
,,,,,,,,536,3397.315,356.0175,3409.317,2380.173,25442.386,14645.52,12682.33,2686.621,10941.7994
,,,,,,,,537,3440.01,303.7506,3268.959,2299.185,25385.86,15346.13,10976.62,2170.26,10235.2776
,,,,,,,,538,3200.764,268.2491,2802.518,1957.312,24951.039,14620.78,9724.921,1936.744,8835.7589
,,,,,,,,539,3231.439,250.0953,2696.529,1649.9,24343.753,13024.55,8792.009,1190.998,7455.6376
,,,,,,,,540,2371.963,242.4264,2406.035,1510.112,23818.278,9849.365,7554.882,851.8083,7161.9422
,,,,,,,,541,2370.329,246.3469,2355.036,1543.794,23578.985,11269.0,9816.734,793.0422,6923.8235
,,,,,,,,542,2463.508,253.5231,2161.968,1504.361,23076.457,11342.94,8479.765,848.0695,6944.4771
,,,,,,,,543,2659.674,275.2043,2734.909,1683.113,22781.141,11417.56,8434.175,1003.416,7398.1659
,,,,,,,,544,2955.943,303.513,2878.635,1837.729,22790.889,11900.79,10069.69,1394.749,8101.3578
,,,,,,,,545,3390.681,338.5003,3078.85,2035.656,23300.482,12018.73,10320.67,1927.882,9157.5537
,,,,,,,,546,3912.538,396.3112,3499.686,2308.417,24544.813,12666.15,12118.5,2590.427,10460.7664
,,,,,,,,547,4039.469,407.7756,3714.181,2479.463,24825.082,13918.78,13297.75,2947.341,10599.0723
,,,,,,,,548,4001.389,405.2581,3696.473,2530.991,24460.979,14617.36,13542.71,3070.299,10461.6493
,,,,,,,,549,3911.481,393.3755,3613.971,2475.365,23485.172,14272.2,13444.77,2993.396,10190.6253
,,,,,,,,550,3762.338,370.678,3422.344,2305.721,21937.763,13958.81,13684.77,2919.346,9680.0346
,,,,,,,,551,3582.52,343.6409,3212.731,2085.953,20504.411,13518.43,13677.52,2806.798,9366.6904
,,,,,,,,552,3414.338,318.6661,3015.938,1925.332,19401.203,13344.73,13824.76,2817.979,9134.8069
,,,,,,,,553,3290.581,301.7736,2830.467,1765.034,18701.336,12955.74,13245.37,2848.68,8938.1074
,,,,,,,,554,3211.249,290.0896,2728.071,1648.956,18504.173,11993.93,12325.02,2621.509,8886.7298
,,,,,,,,555,3205.96,284.5829,2669.082,1622.891,18613.431,11125.06,11459.69,2373.582,8928.9252
,,,,,,,,556,3215.48,284.7399,2669.082,1668.739,19104.25,10580.55,10965.98,2206.479,9179.0624
,,,,,,,,557,3286.35,295.4135,2767.303,1762.872,20121.135,10607.9,10857.51,2173.196,9746.4983
,,,,,,,,558,3440.781,317.6299,2981.674,1961.209,21999.605,11324.89,11364.05,2272.635,10554.0128
,,,,,,,,559,3523.863,349.489,3302.282,2215.038,24018.284,13105.62,12457.31,2576.585,10899.0103
,,,,,,,,560,3295.579,346.2184,3381.17,2360.7,25119.544,14645.52,12645.8,2590.598,9792.8903
,,,,,,,,561,2974.597,301.709,3377.81,2281.046,24806.082,15987.46,12844.17,2545.734,9046.5006
,,,,,,,,562,2691.791,282.1991,3412.326,1876.05,24044.348,14809.37,11926.02,2209.624,8283.4546
,,,,,,,,563,2508.51,270.2431,3055.349,1755.237,23212.533,12701.37,10703.43,1865.925,7661.3596
,,,,,,,,564,2507.741,270.9286,2743.224,1545.935,22726.319,10200.54,10524.2,919.5427,7411.9705
,,,,,,,,565,2413.409,267.2592,2726.95,1533.824,22090.549,9255.146,10151.76,859.8239,7318.7344
,,,,,,,,566,2489.663,275.1736,2542.097,1435.473,21547.829,8679.182,9880.321,952.6796,7350.1548
,,,,,,,,567,2638.519,288.2175,2675.624,1472.111,21538.987,9076.167,10566.76,1137.541,7768.8391
,,,,,,,,568,2969.693,318.552,2817.155,1625.197,21863.609,9433.128,10005.12,1875.683,8421.3486
,,,,,,,,569,3400.2,350.5085,3260.452,1973.72,22513.309,10910.35,11228.94,2335.101,9467.4873
,,,,,,,,570,3909.365,412.9102,3559.192,2328.57,23841.531,12587.84,12436.34,2703.376,10727.2324
,,,,,,,,571,4018.313,429.7038,3746.893,2469.806,24286.451,14110.98,13361.03,2953.581,10823.311
,,,,,,,,572,3992.927,420.9676,3724.229,2482.872,23966.908,14782.15,13613.7,3073.159,10699.957
,,,,,,,,573,3896.672,403.7768,3596.547,2443.24,23231.642,14409.04,13393.81,3023.751,10420.9625
,,,,,,,,574,3740.125,379.6552,3392.242,2282.831,21937.156,14020.83,13564.52,2951.83,9984.1388
,,,,,,,,575,3579.347,348.8753,3183.621,2073.455,20524.397,13569.77,13470.92,2820.85,9523.0846
,,,,,,,,576,3415.395,324.3142,2983.854,1920.219,19704.269,13383.15,13631.66,2817.941,9235.4569
,,,,,,,,577,3202.787,310.6512,2750.611,1777.698,19201.869,13023.48,13101.56,2803.438,8919.878
,,,,,,,,578,3143.553,296.6483,2629.381,1726.783,19397.256,12038.37,12146.61,2571.576,8772.823
,,,,,,,,579,3116.052,290.1313,2579.103,1714.118,19645.056,11129.07,11304.09,2336.747,8779.396
,,,,,,,,580,3147.784,288.2676,2595.955,1728.844,20569.321,10613.29,10866.94,2187.055,9024.96
,,,,,,,,581,3255.675,296.2087,2717.967,1831.944,22126.189,10639.0,10839.95,2136.36,9555.17
,,,,,,,,582,3406.933,318.4251,2942.182,1973.829,24157.601,11441.74,11310.65,2244.582,10277.739
,,,,,,,,583,3487.65,345.8517,3195.803,2191.368,25693.165,13202.05,12604.84,2585.9,10657.2272
,,,,,,,,584,3381.729,371.6714,3235.674,2269.227,26348.404,14651.4,13191.86,2895.88,10574.9329
,,,,,,,,585,3080.542,357.0341,3079.274,2006.487,25808.074,14368.73,13271.42,3004.466,9495.062
,,,,,,,,586,2881.702,322.2187,2878.222,1814.227,24886.111,13203.54,12194.2,3120.401,8546.2919
,,,,,,,,587,2744.449,295.8578,2672.226,1625.07,23907.235,12863.56,9828.312,2048.876,7878.107
,,,,,,,,588,2655.361,273.2621,2358.086,1572.181,22812.369,11737.49,9073.192,1148.832,7361.9736
,,,,,,,,589,2738.833,277.6137,2308.357,1729.472,22075.98,12521.27,9141.7,1457.01,7441.0494
,,,,,,,,590,2775.033,314.0575,2513.657,1810.949,21271.579,11720.5,9758.533,1257.709,8000.354
,,,,,,,,591,2921.149,306.0767,2821.076,1793.756,20992.106,11653.52,10494.02,1656.55,8153.315
,,,,,,,,592,3264.081,350.0524,2893.695,1924.839,21166.73,12341.09,12160.7,1992.745,8865.6645
,,,,,,,,593,3544.204,380.5879,3164.945,2059.201,22055.386,12599.79,12665.49,2414.336,9699.3156
,,,,,,,,594,3747.529,399.5613,3357.932,2289.507,23255.916,12934.49,12749.44,2658.106,10606.1552
,,,,,,,,595,3885.037,413.3656,3543.564,2384.226,24142.363,13716.2,13080.8,2828.744,10914.4433
,,,,,,,,596,3862.824,420.239,3509.215,2393.972,24130.128,14458.82,13450.77,2950.152,10854.2016
,,,,,,,,597,3781.377,409.3668,3425.721,2347.736,23071.306,14246.76,13383.17,2967.519,10534.7936
,,,,,,,,598,3626.946,381.3195,3283.238,2194.5,21762.153,14106.03,13619.17,2912.007,10118.9722
,,,,,,,,599,3457.705,355.2927,3073.331,1995.361,20478.403,13634.7,13479.68,2761.509,9637.267
,,,,,,,,600,3305.389,332.5951,2867.893,1871.465,19694.647,13445.17,13598.22,2746.32,9284.55
,,,,,,,,601,3231.347,316.7868,2871.655,1769.734,19601.455,12981.73,13759.53,2838.458,9100.297
,,,,,,,,602,3171.055,303.3805,2749.644,1716.814,19634.557,11960.79,12678.97,2602.438,8959.34
,,,,,,,,603,3136.149,295.8531,2708.078,1703.091,19883.473,11068.0,11818.46,2375.794,8951.005
,,,,,,,,604,3163.65,292.681,2744.546,1720.824,20573.126,10622.04,11389.09,2241.876,9132.643
,,,,,,,,605,3264.137,300.3237,2870.313,1805.612,21831.245,10664.92,11393.41,2234.787,9565.951
,,,,,,,,606,3414.338,319.8075,3074.913,1958.424,23708.741,11386.79,11818.09,2331.328,10242.484
,,,,,,,,607,3533.864,348.7994,3314.361,2125.416,25264.479,12901.71,13059.13,2655.573,10552.7605
,,,,,,,,608,3639.967,370.3211,3445.796,2144.546,25814.252,14225.85,14087.07,3058.656,9950.9279
,,,,,,,,609,3677.808,339.8447,3422.668,2150.097,25420.223,15328.92,14264.1,3027.689,9736.694
,,,,,,,,610,3507.364,295.8726,3416.433,2071.842,24812.666,14737.65,13593.11,3231.952,9260.0566
,,,,,,,,611,2458.636,260.1086,3305.226,2000.974,23716.947,12838.28,12228.31,3099.4,9927.347
,,,,,,,,612,2452.126,257.9622,3276.245,2023.079,22800.208,13419.13,12227.23,2981.934,9738.6145
,,,,,,,,613,3377.917,256.2278,3299.228,2002.248,21926.856,13203.06,12128.04,3076.971,7763.8481
,,,,,,,,614,2957.77,264.5294,3285.953,2050.699,21231.51,11454.1,12591.94,2917.826,8400.6997
,,,,,,,,615,2952.317,277.205,3309.831,1914.015,20983.299,10461.59,12369.45,2457.975,7735.383
,,,,,,,,616,3243.746,304.3473,3289.709,2018.378,21208.204,10451.97,12171.88,2763.435,8932.4546
,,,,,,,,617,3507.109,338.7392,3176.914,2047.669,21890.572,11348.95,11959.91,2294.418,9287.5224
,,,,,,,,618,3848.016,382.1737,3434.794,2234.968,22995.732,12399.26,12355.42,2578.97,10231.9734
,,,,,,,,619,3964.368,404.8122,3583.056,2360.055,23719.601,13519.5,12897.96,2804.564,10456.5984
,,,,,,,,620,3914.654,411.6857,3531.645,2349.229,23558.864,14063.29,13356.33,2907.953,10391.1316
,,,,,,,,621,3838.496,398.7928,3458.274,2291.285,22725.701,13802.1,13234.34,2929.983,10121.7427
,,,,,,,,622,3707.335,377.9745,3324.293,2170.819,21584.828,13713.67,13587.86,2923.806,9849.7082
,,,,,,,,623,3557.134,354.6804,3181.754,2003.281,20470.045,13488.53,13668.83,2813.107,9453.24
,,,,,,,,624,3416.453,331.1295,3018.313,1819.97,19765.891,13397.27,13859.97,2815.977,9157.587
,,,,,,,,625,3337.122,314.0958,2898.647,1723.987,19453.884,12857.29,13293.42,2796.117,8999.605
,,,,,,,,626,3266.252,301.1032,2785.415,1665.096,19414.909,12039.71,12589.97,2627.08,8859.711
,,,,,,,,627,3223.942,291.0002,2717.294,1638.029,19590.636,11211.85,11846.62,2425.161,8805.664
,,,,,,,,628,3227.115,286.5038,2700.443,1632.014,20174.549,10656.3,11297.1,2277.24,8857.321
,,,,,,,,629,3271.541,288.6814,2765.448,1662.512,21020.563,10439.15,11093.43,2215.937,9119.17
,,,,,,,,630,3327.602,300.067,2816.23,1705.463,22170.152,10549.17,11049.47,2201.751,9538.0839
,,,,,,,,631,3323.699,306.534,2934.657,1786.808,23193.709,11551.14,11530.83,2417.079,9593.9423
,,,,,,,,632,2997.454,289.005,2888.692,1850.305,24063.163,12593.19,10993.6,2659.375,9020.359
,,,,,,,,633,2713.356,273.6397,2903.611,1784.119,24049.9,12571.19,10614.68,2347.767,8294.35
,,,,,,,,634,2474.813,279.693,2896.284,1732.761,23467.38,12743.87,9269.619,2040.899,7580.084
,,,,,,,,635,2297.858,241.1566,2888.627,1606.238,22525.602,10730.94,9299.657,1855.264,7077.8994
,,,,,,,,636,2180.21,233.5451,2827.006,1590.86,21793.914,11790.65,8631.666,1138.497,6842.4932
,,,,,,,,637,2141.968,227.3558,2519.364,1672.972,20796.281,10288.93,7986.765,1465.259,6809.8976
,,,,,,,,638,2256.844,233.4798,2372.815,1724.057,20250.766,10948.04,8542.687,976.4517,7017.9023
,,,,,,,,639,2468.54,244.5364,2442.657,1624.263,20039.621,10413.23,8169.82,947.2911,7457.9276
,,,,,,,,640,2801.058,281.0817,2726.184,1440.556,20318.409,9922.724,9038.859,1688.826,8089.5384
,,,,,,,,641,3285.072,328.3769,2995.964,1608.483,21018.583,10602.07,10244.7,2224.07,9031.5629
,,,,,,,,642,3760.222,359.1104,3245.436,2069.615,22156.087,11685.36,11387.2,2367.188,10049.5279
,,,,,,,,643,3885.037,381.1938,3435.855,2251.118,23207.019,12305.03,11925.37,2554.645,10281.077
,,,,,,,,644,3840.611,390.4278,3389.752,2243.41,23059.264,12885.78,12214.77,2658.88,10144.1835
,,,,,,,,645,3770.8,377.2783,3303.999,2186.524,22503.242,12861.6,12218.52,2697.147,9967.03
,,,,,,,,646,3655.505,356.7583,3195.009,2060.411,21576.545,12703.75,12466.05,2681.383,9697.7179
,,,,,,,,647,3520.113,339.9812,3073.706,1924.005,20534.953,12538.3,12491.21,2600.448,9372.52
,,,,,,,,648,3386.836,315.4201,2916.926,1754.15,19925.512,12206.75,12426.93,2518.398,9046.25
,,,,,,,,649,3314.909,300.4069,2758.083,1678.996,19852.163,12341.79,12510.2,2613.792,8837.063
,,,,,,,,650,3251.444,288.4247,2616.943,1618.791,19979.111,11976.82,12024.96,2530.23,8693.34
,,,,,,,,651,3198.556,280.1853,2552.997,1607.073,20161.172,10764.36,10820.2,2208.732,8632.049
,,,,,,,,652,3190.094,276.8561,2546.335,1599.053,20599.239,10266.86,10432.04,2096.966,8671.596
,,,,,,,,653,3229.231,278.7354,2573.395,1627.914,21231.761,10122.29,10332.97,2050.24,8844.517
,,,,,,,,654,3271.541,287.2472,2649.616,1652.92,22209.079,10332.93,10325.05,2060.375,9241.6269
,,,,,,,,655,3219.31,298.8515,2786.527,1757.2,22934.678,11433.18,10775.68,2262.46,9514.6035
,,,,,,,,656,2945.46,285.374,2625.56,1757.561,23911.161,12080.17,10201.33,2351.047,9171.2461
,,,,,,,,657,2657.131,261.9523,2158.927,1494.967,23962.852,11404.99,8965.315,2281.933,8577.2099
,,,,,,,,658,2453.494,248.0893,1788.854,1168.345,23309.107,10082.95,8041.203,2313.064,7859.9601
,,,,,,,,659,2293.299,234.0814,1667.076,1196.142,22397.78,8450.054,6592.723,1690.559,6982.4669
,,,,,,,,660,2182.892,228.6457,1636.556,1092.5,21637.679,7381.603,6455.022,1396.648,6733.8991
,,,,,,,,661,2156.284,233.8524,1624.644,1130.522,20764.711,6617.346,6763.253,1365.113,6828.1422
,,,,,,,,662,2241.871,243.4765,2081.329,1253.208,20127.906,7329.27,7568.278,1102.767,6996.7006
,,,,,,,,663,2712.535,262.8878,2475.697,1347.69,19885.325,7617.761,8096.106,1364.395,7558.0751
,,,,,,,,664,2825.788,272.7686,2722.603,1485.1,20168.215,8736.203,8883.746,1535.649,8388.1565
,,,,,,,,665,3175.959,319.1966,2898.393,1733.049,20912.797,9769.431,9934.321,2069.793,9216.7757
,,,,,,,,666,3658.678,351.74,3164.17,2062.615,22237.113,11260.5,11097.83,2371.935,10157.6468
,,,,,,,,667,3802.532,367.7617,3396.051,2234.9,23438.245,12211.45,11751.92,2606.713,10420.9868
,,,,,,,,668,3801.475,377.849,3357.306,2234.11,23318.275,12922.89,12190.57,2754.304,10367.9271
,,,,,,,,669,3743.298,364.741,3290.023,2183.774,22680.235,12931.21,12512.98,2767.074,10063.2736
,,,,,,,,670,3608.964,343.352,3146.968,2054.609,21441.93,12673.7,12492.39,2729.42,9612.9644
,,,,,,,,671,3441.839,324.8527,2968.799,1895.101,20058.05,12438.26,12336.25,2645.961,9139.656
,,,,,,,,672,3305.389,304.0344,2795.377,1748.359,19247.366,12660.23,12745.61,2742.223,8812.5807
,,,,,,,,673,3587.809,362.5328,2785.078,1746.566,13404.063,12024.62,12835.52,2660.589,9295.054
,,,,,,,,674,3457.705,336.5633,2675.534,1681.036,13421.749,10938.68,11856.65,2398.047,8952.678
,,,,,,,,675,3400.587,321.7072,2600.616,1651.596,13660.935,10222.97,11111.99,2205.16,8834.734
,,,,,,,,676,3387.894,312.0595,2614.217,1675.032,14359.394,9875.104,10705.72,2096.447,8918.948
,,,,,,,,677,3479.918,317.027,2733.482,1761.469,15846.034,10254.22,10825.21,2101.682,9263.758
,,,,,,,,678,3534.921,329.4387,2912.309,1894.855,17720.086,11216.41,11599.26,2258.859,9913.116
,,,,,,,,679,3560.665,346.798,2923.175,1957.603,19155.206,12646.26,11882.03,2346.325,9907.979
,,,,,,,,680,3526.316,360.1983,2791.476,1707.573,19273.369,12482.49,11525.14,2316.84,9332.837
,,,,,,,,681,3232.118,371.4944,2664.618,1417.239,18741.637,10788.52,10562.47,2416.109,9298.959
,,,,,,,,682,3053.915,391.1566,2401.005,1223.659,18422.533,8628.901,9048.952,2331.438,9244.274
,,,,,,,,683,3062.457,397.6754,2253.794,1065.641,18275.555,6862.771,7432.744,1152.094,9653.904
,,,,,,,,684,2857.571,424.4069,2103.799,933.1924,17486.988,5650.344,7013.022,1038.652,9948.84
,,,,,,,,685,2646.538,446.6391,2153.994,901.0171,17189.823,4917.466,7043.107,1563.181,11213.548
,,,,,,,,686,2810.211,492.9973,2307.062,914.0403,16936.92,4985.296,8444.238,1096.994,11406.411
,,,,,,,,687,3089.998,534.5886,2557.993,1061.285,17135.758,5766.764,8662.792,1287.658,11615.613
,,,,,,,,688,3426.665,564.3931,2830.691,1345.388,17120.248,7005.157,9794.278,1562.967,12552.316
,,,,,,,,689,3757.924,588.2036,3185.033,1751.175,17665.528,9063.346,11569.65,2187.563,12992.05
,,,,,,,,690,4007.895,581.4718,3523.93,2127.452,18221.699,11914.81,13580.29,2866.378,13149.805
,,,,,,,,691,4088.125,547.4793,3684.339,2288.455,18482.71,13430.17,13906.03,3038.692,13133.211
,,,,,,,,692,4112.453,523.7455,3762.299,2314.241,18795.989,14059.28,14201.48,3135.409,12916.278
,,,,,,,,693,4037.353,505.9582,3607.433,2285.047,17681.354,14523.9,14964.44,3144.669,12372.712
,,,,,,,,694,3820.514,469.1165,3433.439,2147.116,16657.119,14352.94,14720.3,3054.708,11676.585
,,,,,,,,695,3615.31,424.1923,3204.925,1937.373,15683.122,14214.95,14625.44,3007.432,10766.317
,,,,,,,,696,3420.684,386.7956,2967.489,1710.954,14837.39,13725.36,14167.41,2922.979,10011.065
,,,,,,,,697,3292.696,354.1937,2744.855,1696.396,14450.498,12339.28,12685.22,2658.51,9580.998
,,,,,,,,698,3182.69,334.1291,2635.311,1674.286,14372.569,11259.61,11662.36,2383.689,9200.244
,,,,,,,,699,3118.167,319.4299,2569.887,1653.289,14674.382,10539.27,11014.6,2161.554,9064.276
,,,,,,,,700,3083.261,312.2165,2590.999,1689.49,15438.313,10263.88,10628.75,2088.078,9114.918
,,,,,,,,701,3157.304,316.8441,2706.803,1787.054,16758.329,10561.63,10759.26,2092.937,9483.775
,,,,,,,,702,3222.924,329.5367,2900.289,1939.855,18578.587,11587.11,11528.85,2259.117,10001.275
,,,,,,,,703,3094.475,331.3424,2884.815,2061.908,19659.873,12753.63,11628.14,2295.918,9621.7891
,,,,,,,,704,2824.606,311.978,2709.53,1803.185,19777.149,12393.83,10866.37,1995.607,8942.526
,,,,,,,,705,2485.903,295.0088,2368.684,1530.495,19497.803,10314.81,9683.744,1518.938,8345.74
,,,,,,,,706,2270.718,288.9078,2140.274,1287.466,19081.697,8131.396,7649.872,1211.788,7906.141
,,,,,,,,707,2548.469,282.7508,1979.156,1061.124,18654.202,6248.54,6287.275,856.6219,7616.445
,,,,,,,,708,3022.564,290.4756,1848.685,900.0079,18131.267,5125.835,5902.713,695.1289,7525.759
,,,,,,,,709,3281.236,303.5445,1895.536,898.8979,17564.383,4653.458,5993.783,587.1338,7643.723
,,,,,,,,710,3355.159,325.2693,2032.662,905.5898,17127.919,4621.901,6563.05,623.0922,7953.094
,,,,,,,,711,3065.972,377.9004,2344.082,1061.916,17280.015,5503.947,7733.024,1012.396,8408.788
,,,,,,,,712,3482.869,399.3242,2672.241,1357.036,17626.451,6836.173,8966.177,1424.684,9196.257
,,,,,,,,713,3702.483,442.0651,3145.883,1787.13,18014.548,9117.67,10854.23,2118.436,10125.295
,,,,,,,,714,3819.615,477.5681,3472.612,2147.172,18274.691,11790.42,12755.2,2733.962,11010.637
,,,,,,,,715,3949.56,477.355,3640.446,2293.1,18600.146,13260.33,13255.15,2960.513,10986.495
,,,,,,,,716,3974.946,468.8173,3650.636,2310.399,18697.279,13943.64,13602.32,3074.769,10907.724
,,,,,,,,717,3880.806,457.6468,3530.743,2260.152,17634.354,14278.73,14056.14,3065.423,10567.605
,,,,,,,,718,3671.371,439.4041,3380.329,2129.338,16588.32,14236.64,14075.96,3029.708,10171.296
,,,,,,,,719,3449.243,401.5521,3165.483,1919.963,15457.824,14191.51,14310.59,3022.764,9582.243
,,,,,,,,720,3267.31,363.1451,2930.031,1687.852,14726.809,13724.56,13883.09,2939.947,9134.984
,,,,,,,,721,3159.419,335.553,2714.839,1683.364,14378.027,12374.1,12633.08,2656.872,8935.187
,,,,,,,,722,3108.647,316.6557,2620.164,1637.884,14193.309,11281.45,11653.4,2387.185,8760.427
,,,,,,,,723,3064.222,304.8304,2557.714,1630.867,14504.161,10490.28,10949.08,2182.24,8749.863
,,,,,,,,724,3105.474,297.3603,2571.105,1660.685,15281.649,10161.66,10594.11,2081.529,8918.762
,,,,,,,,725,3181.632,299.5536,2694.335,1762.894,16381.767,10453.53,10744.98,2104.425,9349.085
,,,,,,,,726,3278.985,313.8115,2900.708,1914.693,18014.083,11417.4,11566.39,2259.146,9925.563
,,,,,,,,727,3146.265,317.2156,2867.678,2013.027,19133.946,12766.0,11646.21,2339.36,9549.8084
,,,,,,,,728,2809.757,294.4066,2706.25,1849.223,19647.48,13094.21,11229.08,2035.759,8921.27
,,,,,,,,729,2518.534,280.9409,2485.515,1728.02,19430.013,12321.56,10794.15,1477.673,8274.554
,,,,,,,,730,2522.924,275.0143,2158.791,1543.357,19097.417,10525.12,8511.831,1246.928,7677.98
,,,,,,,,731,2902.021,282.5648,2172.071,1584.389,18828.211,9931.313,7705.816,1228.851,7334.983
,,,,,,,,732,2403.875,328.6648,2154.557,1377.548,18316.73,9400.146,7532.346,867.1979,7306.811
,,,,,,,,733,2546.433,303.7722,2462.865,1498.499,18003.96,8676.39,8804.616,1079.452,7563.519
,,,,,,,,734,2546.473,327.1689,2499.92,1265.23,17677.727,7922.607,9408.589,1252.168,8571.153
,,,,,,,,735,2900.064,414.4884,2791.48,1130.21,17086.221,8123.141,9928.637,1284.525,8586.913
,,,,,,,,736,3156.581,439.6724,3123.914,1364.579,17656.21,7884.927,10779.95,1718.113,8904.777
,,,,,,,,737,3480.713,454.0027,3349.81,1754.277,17931.11,10400.63,11821.12,2268.935,10123.624
,,,,,,,,738,3818.518,476.2769,3455.058,2130.708,18123.593,12098.65,12824.57,2604.899,10845.301
,,,,,,,,739,3944.271,481.6529,3542.729,2283.967,18206.195,13301.45,12983.83,2841.599,11009.175
,,,,,,,,740,3982.35,476.4444,3548.745,2304.005,18226.048,13914.73,13320.77,2965.398,11002.408
,,,,,,,,741,3871.286,470.9219,3399.045,2247.387,17330.898,14259.59,13807.91,2990.924,10628.6194
,,,,,,,,742,3662.909,448.6381,3251.396,2129.606,16299.583,14217.61,13880.88,2982.415,10241.528
,,,,,,,,743,3449.243,407.4569,3063.802,1933.263,15288.216,14194.06,14096.32,3005.95,9696.209
,,,,,,,,744,3269.426,368.1966,2844.504,1705.897,14588.897,13734.01,13757.65,2923.98,9239.507
,,,,,,,,745,3150.958,343.3371,2680.213,1686.048,14335.214,12388.75,12538.6,2659.549,9005.015
,,,,,,,,746,3102.301,323.7278,2588.234,1635.501,14350.87,11255.46,11537.74,2391.682,8814.021
,,,,,,,,747,3052.587,310.5939,2535.192,1637.506,14431.276,10415.65,10856.23,2197.379,8804.932
,,,,,,,,748,3080.088,304.9874,2535.629,1664.952,15207.554,10045.14,10496.75,2084.168,8946.083
,,,,,,,,749,3164.708,307.636,2665.588,1773.12,16709.996,10321.92,10644.74,2095.98,9391.416
,,,,,,,,750,3238.791,321.5956,2856.101,1924.551,18673.573,11351.81,11496.67,2241.697,9931.069
,,,,,,,,751,3205.34,329.5136,2856.864,2025.036,19875.092,12447.65,11665.97,2303.74,10378.9227
,,,,,,,,752,3042.025,301.0565,2575.951,1749.151,19721.256,12152.25,10877.98,2036.855,10513.885
,,,,,,,,753,3027.455,289.0738,2250.354,1479.45,18873.008,10403.53,9576.835,1726.472,9467.852
,,,,,,,,754,3145.884,282.2608,2005.298,1256.152,18399.606,8072.171,7537.338,1193.61,8842.035
,,,,,,,,755,2288.78,276.2782,1804.529,1022.859,17913.319,6487.201,6310.307,931.5513,8487.661
,,,,,,,,756,2143.128,278.8102,1734.31,879.5007,17586.489,5334.059,5849.42,739.1736,8100.524
,,,,,,,,757,2451.315,290.6944,1781.97,846.7625,16843.007,4968.161,5926.757,601.5659,7947.404
,,,,,,,,758,2584.313,315.8639,1986.267,906.8881,16643.275,4949.764,6622.443,607.2455,9705.878
,,,,,,,,759,3368.632,356.4953,2267.012,1074.092,16513.617,5718.008,7527.008,899.3401,8062.031
,,,,,,,,760,3084.653,404.7244,2554.745,1366.994,16830.677,6899.311,8434.883,1384.647,9168.557
,,,,,,,,761,3650.614,439.8052,2936.57,1774.632,17237.629,9045.719,10406.57,1980.6,9906.587
,,,,,,,,762,3795.287,459.9377,3304.66,2129.012,17644.733,11799.39,12254.64,2588.894,10680.2835
,,,,,,,,763,3927.347,471.1362,3455.134,2244.823,17884.492,13280.53,13072.13,2874.709,10667.7203
,,,,,,,,764,3950.617,469.812,3531.53,2275.457,17898.852,13877.91,13283.2,2935.478,10562.9431
,,,,,,,,765,3859.651,454.7572,3366.543,2208.546,17056.63,14289.78,13826.22,3030.62,10260.3716
,,,,,,,,766,3668.198,427.1235,3248.422,2069.133,16146.951,14236.02,13882.51,2978.129,10017.2
,,,,,,,,767,3490.496,388.6749,3055.453,1874.795,15276.57,14233.43,14053.58,3005.381,9501.493
,,,,,,,,768,3310.678,357.34,2834.869,1665.475,14458.818,13783.66,13699.82,2922.343,9123.227
,,,,,,,,769,3196.441,333.2341,2801.258,1640.936,14182.75,12397.76,12851.37,2684.826,8924.106
,,,,,,,,770,3119.225,315.6038,2741.362,1604.523,14125.278,11300.04,11936.87,2422.101,8750.765
,,,,,,,,771,3081.146,302.1716,2729.116,1616.921,14515.385,10543.21,11310.8,2228.24,8743.692
,,,,,,,,772,3106.532,300.1667,2765.669,1664.561,15252.038,10238.47,11081.82,2152.75,8955.245
,,,,,,,,773,3192.21,304.1977,2915.818,1781.64,16442.608,10603.22,11307.65,2173.007,9382.177
,,,,,,,,774,3294.812,320.0366,3130.416,1936.29,18139.227,11689.4,12147.47,2317.914,9917.245
,,,,,,,,775,3226.495,322.87,3136.673,2001.39,19106.895,12780.11,12406.59,2401.792,9581.1155
,,,,,,,,776,2779.123,292.6575,2773.699,1718.703,19551.94,12250.27,11259.57,2057.868,8838.672
,,,,,,,,777,2458.362,281.9834,2360.195,1482.332,19457.839,10640.86,9923.505,1593.939,8216.653
,,,,,,,,778,2272.714,266.657,2099.752,1324.088,19105.659,8591.037,7952.375,1277.034,7575.256
,,,,,,,,779,2158.835,267.1092,1976.681,1089.462,18765.694,7008.945,6677.736,1041.817,7165.955
,,,,,,,,780,2159.973,276.7722,1841.024,959.2732,18194.929,6124.07,6206.39,834.8476,7026.579
,,,,,,,,781,2231.78,291.762,1865.951,1012.633,17806.031,6267.548,6406.134,773.4301,7070.288
,,,,,,,,782,2436.666,321.5692,2059.427,1048.635,17434.377,5937.424,7044.748,834.1846,7448.926
,,,,,,,,783,2739.763,368.0732,2338.978,1134.009,17270.776,6680.14,7971.622,1067.948,7938.844
,,,,,,,,784,3065.932,400.096,2695.953,1401.679,17127.881,8213.752,9018.932,1430.524,8916.97
,,,,,,,,785,3617.982,469.7005,3102.048,1871.556,17230.199,9860.954,10961.07,2069.312,9886.578
,,,,,,,,786,3768.843,509.1025,3442.018,2228.617,17530.364,12013.5,12893.81,2715.924,10772.0276
,,,,,,,,787,3898.788,486.8198,3563.977,2377.944,17671.097,13281.05,13409.86,2986.36,10869.0661
,,,,,,,,788,3911.481,482.0093,3574.863,2397.171,17636.217,13551.47,13468.28,2925.373,10760.8532
,,,,,,,,789,3807.821,461.7877,3456.102,2346.512,16996.05,13938.26,14049.47,2997.75,10338.9331
,,,,,,,,790,3625.888,431.0077,3257.117,2161.886,16305.155,14008.23,13866.67,2976.172,10070.351
,,,,,,,,791,3434.435,394.323,3072.791,1956.209,15539.752,14011.59,13981.82,3017.14,9547.844
,,,,,,,,792,3256.733,363.7001,2889.456,1690.749,14903.274,13394.17,13548.16,2925.947,9138.622
,,,,,,,,793,3126.629,333.6895,2684.892,1680.034,14567.946,12293.04,12423.83,2644.03,8908.002
,,,,,,,,794,3049.413,313.3265,2592.199,1615.451,14610.498,11303.79,11591.2,2422.498,8701.58
,,,,,,,,795,2996.526,297.1617,2537.957,1587.693,14660.443,10466.06,10900.21,2219.684,8653.482
,,,,,,,,796,2996.526,290.2466,2525.575,1595.769,15001.519,9996.347,10467.39,2105.635,8690.807
,,,,,,,,797,3028.258,289.3934,2573.451,1617.879,15770.901,9906.899,10295.61,2040.695,8932.66
,,,,,,,,798,3058.973,291.3966,2619.067,1660.719,16752.222,10150.66,10389.07,2071.36,9125.3492
,,,,,,,,799,2921.942,283.8877,2518.106,1672.037,17311.999,10432.5,9942.558,1933.787,8771.0206
,,,,,,,,800,2798.862,265.1201,2211.451,1454.919,18133.728,9663.136,8617.903,1680.667,8324.55
,,,,,,,,801,2570.165,260.2574,1971.372,1250.419,18619.57,8788.546,7509.941,1239.182,7867.302
,,,,,,,,802,2271.577,258.7268,1832.897,1120.232,18300.397,6344.351,6190.985,1025.545,7476.859
,,,,,,,,803,2205.336,274.1203,1705.378,913.6401,17806.266,5066.903,5086.598,784.7751,7669.676
,,,,,,,,804,2220.264,283.1682,1601.075,765.2784,17485.782,4397.817,5069.465,414.0286,7579.207
,,,,,,,,805,2310.094,299.0432,1648.868,824.9606,16935.16,4128.063,5246.859,639.6056,7938.796
,,,,,,,,806,2492.806,330.9533,1748.743,940.6356,16498.772,4649.448,5556.048,647.4463,8266.041
,,,,,,,,807,2816.001,394.8313,1981.699,1164.98,16652.256,5867.639,6689.257,706.0479,9194.937
,,,,,,,,808,3137.899,437.0907,2358.962,1561.949,16891.867,7501.824,7685.747,1146.471,9894.457
,,,,,,,,809,3494.584,477.2791,2766.45,1982.064,17086.723,8883.824,9618.514,1795.843,10710.577
,,,,,,,,810,3868.272,494.4873,3189.485,2125.051,17462.824,10522.17,11554.28,2416.178,11229.582
,,,,,,,,811,4027.833,480.8836,3308.84,2261.667,17510.295,11829.11,12072.84,2689.52,11287.023
,,,,,,,,812,4040.526,465.0172,3323.986,2257.97,17608.964,12461.59,12337.23,2720.753,11018.7506
,,,,,,,,813,3943.213,446.5178,3195.608,2177.715,17069.714,12838.24,12700.72,2806.982,10682.4409
,,,,,,,,814,3843.785,438.0798,3073.455,2028.232,16428.384,12795.38,12563.23,2745.67,10230.502
,,,,,,,,815,3611.079,408.1689,2926.797,1866.085,15459.934,12505.72,12433.01,2697.237,9668.772
,,,,,,,,816,3451.359,371.9395,2751.324,1603.632,14800.051,12614.4,12649.04,2749.786,9199.086
,,,,,,,,817,3370.97,345.5147,2609.136,1589.854,14569.846,11945.85,12052.45,2618.47,8931.942
,,,,,,,,818,3268.368,316.8127,2517.854,1533.981,14589.334,10963.97,11262.2,2395.898,8681.589
,,,,,,,,819,3202.787,301.9565,2477.489,1527.276,14794.109,10152.02,10563.42,2197.583,8544.945
,,,,,,,,820,3184.805,288.8226,2456.673,1520.581,15271.291,9661.159,10106.58,2070.023,8520.282
,,,,,,,,821,3210.192,284.9384,2469.282,1557.362,15914.864,9514.29,9896.158,1998.313,8652.583
,,,,,,,,822,3142.575,284.4658,2492.308,1581.154,17001.366,9683.643,9900.402,2009.929,8835.8328
,,,,,,,,823,3027.797,270.4398,2371.804,1585.819,17624.766,10189.06,9361.445,2085.624,8581.6058
,,,,,,,,824,2934.293,255.9383,2151.418,1486.588,18080.701,10728.09,8421.378,1974.981,8160.153
,,,,,,,,825,2785.787,263.208,1898.382,1383.944,18086.854,9231.024,7147.057,1406.536,7915.492
,,,,,,,,826,2634.028,273.8514,1745.172,1474.471,17784.26,8714.732,5930.101,775.7678,7875.36
,,,,,,,,827,2527.593,261.0735,1503.133,1354.789,17348.984,7206.695,4624.113,377.1927,8254.161
,,,,,,,,828,2578.365,269.6932,1432.298,1441.597,17281.116,6735.042,4258.946,313.1659,8941.084
,,,,,,,,829,2710.464,296.7319,1361.027,1349.59,16817.038,6805.032,4788.456,275.428,8762.702
,,,,,,,,830,2967.179,316.4362,1535.492,1436.776,16285.234,8713.593,5513.412,346.5694,10245.383
,,,,,,,,831,3082.116,368.5538,1731.0,1546.448,16398.915,9007.972,6444.764,672.0924,9664.056
,,,,,,,,832,3511.786,437.9065,2115.65,1659.742,16770.076,10081.45,7245.539,1119.422,10375.421
,,,,,,,,833,3668.914,470.2013,2555.893,1913.665,17231.612,10843.7,9085.452,1978.577,11223.974
,,,,,,,,834,3847.117,485.9827,3015.16,2086.816,17576.929,11477.39,10899.97,2401.942,11527.219
,,,,,,,,835,3953.791,484.7835,3274.786,2156.249,17692.984,11918.27,11637.19,2578.424,11570.468
,,,,,,,,836,4018.313,493.1226,3355.86,2169.649,17745.553,12644.5,12191.15,2757.856,11436.306
,,,,,,,,837,3929.462,479.0781,3262.958,2178.293,17057.208,12968.32,12603.48,2828.947,10889.057
,,,,,,,,838,3788.781,440.0745,3155.674,2095.287,16136.856,12878.9,12609.35,2732.841,10449.59
,,,,,,,,839,3566.654,401.6675,2980.688,1890.612,14922.18,12543.74,12503.53,2666.378,9723.241
,,,,,,,,840,3396.356,364.2708,2780.644,1665.519,14162.316,12674.6,12830.74,2781.956,9228.279
,,,,,,,,841,3296.927,356.471,2568.477,1685.112,14138.962,11686.15,11961.2,2585.13,9354.137
,,,,,,,,842,3186.921,336.4063,2495.542,1632.504,14068.885,10631.15,11104.88,2340.749,9106.725
,,,,,,,,843,3124.514,315.6454,2477.976,1623.482,14557.565,9961.149,10495.32,2176.112,8993.88
,,,,,,,,844,3117.109,304.9874,2478.622,1646.227,15507.079,9707.859,10148.28,2085.17,9126.457
,,,,,,,,845,3207.018,305.4584,2595.123,1763.051,16975.79,10073.75,10386.29,2104.773,9410.021
,,,,,,,,846,3195.542,320.6676,2813.25,1919.88,18710.166,11096.71,11115.0,2292.568,9850.691
,,,,,,,,847,3098.826,320.5593,2930.87,1971.48,19734.947,12021.46,11709.62,2538.586,9574.4881
,,,,,,,,848,2896.533,308.0191,3017.252,1798.23,19016.009,12699.04,12026.88,2820.085,9237.006
,,,,,,,,849,2663.486,296.9054,3035.163,1574.757,18389.008,11132.32,11655.39,2881.088,8832.24
,,,,,,,,850,2467.341,294.0097,2830.499,1297.865,17900.039,8902.659,10583.51,2490.873,8338.157
,,,,,,,,851,3061.781,296.4409,2675.781,1034.233,17439.926,7970.014,10593.83,2688.496,8415.308
,,,,,,,,852,2819.015,308.6621,2682.409,980.251,17021.392,6811.042,10288.81,2473.337,8452.603
,,,,,,,,853,2584.711,340.1888,2305.335,1225.94,16639.894,6664.868,9844.308,2720.791,8268.668
,,,,,,,,854,2841.267,359.1136,2176.111,1241.408,16352.169,9182.995,9944.577,2788.353,8567.551
,,,,,,,,855,3015.478,415.0823,2439.156,1422.183,16242.865,8693.765,10008.03,1874.849,9148.693
,,,,,,,,856,3300.514,459.1133,2431.442,1588.374,16374.894,7598.607,9034.014,2405.948,10015.402
,,,,,,,,857,3670.091,492.9679,3036.35,1938.438,16950.29,9391.493,10270.72,2470.169,11063.86
,,,,,,,,858,3913.835,519.1206,3212.052,2191.172,17261.57,11905.99,12117.23,2616.638,11758.177
,,,,,,,,859,4055.335,507.6287,3407.928,2350.169,17729.149,13230.37,13000.74,2810.193,11866.993
,,,,,,,,860,4079.663,495.8293,3442.328,2419.547,17918.894,13947.93,13352.63,2994.994,11677.801
,,,,,,,,861,3947.444,480.5437,3313.655,2311.1,17591.939,14320.04,13799.23,3074.367,11264.556
,,,,,,,,862,3723.201,447.0312,3190.215,2136.756,16558.545,14125.68,13823.04,3020.542,10795.303
,,,,,,,,863,3521.17,410.9015,3004.116,1905.638,15899.147,13951.57,13942.69,2970.621,10148.881
,,,,,,,,864,3341.353,372.4945,2798.401,1670.197,15021.773,13462.52,13588.88,2929.614,9625.871
,,,,,,,,865,3201.729,346.1113,2667.536,1658.614,14783.369,12381.75,12426.23,2661.257,9488.285
,,,,,,,,866,3051.529,324.738,2587.73,1635.133,14583.109,11310.39,11404.99,2380.859,9214.535
,,,,,,,,867,3007.103,314.6351,2539.157,1646.161,14812.339,10681.03,10789.36,2207.218,9085.411
,,,,,,,,868,3017.681,307.008,2527.976,1684.634,15560.338,10356.47,10439.86,2121.409,9171.463
,,,,,,,,869,3075.857,310.2116,2634.564,1766.37,16995.668,10599.5,10613.16,2127.914,9518.883
,,,,,,,,870,3116.856,320.9276,2771.236,1864.214,18754.437,11498.05,11168.71,2290.71,9818.265
,,,,,,,,871,2989.547,310.2353,2758.658,1885.65,19924.729,12157.1,11086.26,2569.47,9679.881
,,,,,,,,872,2692.574,299.1978,2558.699,1662.56,19266.796,11997.02,10425.75,2947.857,9136.041
,,,,,,,,873,2424.415,287.2015,2296.697,1465.304,18148.744,10350.63,9188.422,2638.097,8724.222
,,,,,,,,874,2309.079,284.5485,2045.094,1306.622,17282.266,8406.755,7840.26,2251.54,8629.882
,,,,,,,,875,2243.88,296.9293,1760.026,1158.514,16809.516,7019.86,6635.102,1253.094,8692.942
,,,,,,,,876,2307.091,318.7739,1695.965,1043.046,16554.293,6171.428,6525.103,708.2057,8993.852
,,,,,,,,877,2460.719,363.8864,1722.466,1026.326,16243.148,6072.372,6250.853,591.5096,9326.668
,,,,,,,,878,2695.158,410.0822,1873.151,1120.385,15947.956,6303.325,6713.901,622.7954,9788.155
,,,,,,,,879,2957.438,453.1886,2130.641,1280.624,15948.29,7216.361,7909.0,903.9882,10460.454
,,,,,,,,880,3337.549,490.735,2435.222,1470.194,16370.717,8341.372,9045.217,1339.592,11206.822
,,,,,,,,881,3774.144,555.8368,2824.45,2067.184,16852.209,9965.827,10379.88,1939.313,12123.971
,,,,,,,,882,4058.085,572.0572,3230.567,2452.432,17063.393,12238.9,12044.26,2552.532,12598.166
,,,,,,,,883,4071.201,560.9594,3447.007,2699.179,17377.728,13888.54,12764.41,2795.555,12642.436
,,,,,,,,884,4044.757,540.0673,3496.066,2672.868,17444.604,14619.79,13266.26,3030.29,12438.285
,,,,,,,,885,3900.903,507.8633,3398.122,2538.79,17412.637,15318.38,14030.96,3150.724,11769.013
,,,,,,,,886,3711.566,487.6001,3265.342,2299.762,16374.733,14870.19,14143.96,3123.904,11104.024
,,,,,,,,887,3471.456,423.7786,3061.61,2085.642,15522.829,14421.15,14147.72,3039.293,10308.762
,,,,,,,,888,3256.733,393.454,2850.938,1869.939,14778.229,13916.59,13678.48,2977.091,9630.954
,,,,,,,,889,3113.936,355.1624,2681.204,1730.849,14444.394,12754.85,12623.78,2723.69,9327.263
,,,,,,,,890,3009.219,325.7484,2591.695,1694.971,14333.569,11594.21,11538.57,2407.871,9032.652
,,,,,,,,891,2978.544,314.6351,2539.157,1664.896,14582.232,10890.66,10864.3,2210.492,8906.38
,,,,,,,,892,2989.122,309.0286,2521.247,1690.281,15053.153,10505.73,10498.53,2117.316,8960.162
,,,,,,,,893,3043.067,308.4893,2628.616,1769.378,16417.969,10739.53,10659.97,2125.458,9298.628
,,,,,,,,894,3092.443,320.5139,2750.628,1865.852,17868.083,11583.43,11231.51,2242.606,9673.76
,,,,,,,,895,2970.422,319.9868,2739.535,1874.768,19018.789,12146.68,11498.76,2392.225,9444.929
,,,,,,,,896,2726.422,321.0302,2521.632,1698.785,18994.875,11803.11,11206.11,2392.743,9078.688
,,,,,,,,897,2548.341,328.0566,2269.733,1532.267,18341.707,10296.17,10278.83,1986.787,9135.381
,,,,,,,,898,2462.622,349.3355,2089.837,1422.14,17526.515,8537.007,8512.521,1379.322,9254.295
,,,,,,,,899,2427.125,371.4783,2060.388,1302.157,16926.147,7272.956,7243.273,1206.957,9100.642
,,,,,,,,900,2429.071,400.4315,1987.184,1205.046,16501.544,6489.426,6530.705,1075.703,9816.885
,,,,,,,,901,2629.155,428.0138,2015.277,1224.416,16112.548,6713.488,6823.021,1063.113,10986.407
,,,,,,,,902,2875.229,459.7042,2093.916,1299.373,15927.655,6844.43,7515.865,1067.51,11085.378
,,,,,,,,903,3261.266,505.2982,2272.151,1526.659,16051.681,7611.64,8503.967,1291.18,11536.619
,,,,,,,,904,3583.116,529.3407,2532.086,1723.6,16408.722,8974.27,9127.515,1459.289,11942.105
,,,,,,,,905,3897.817,592.4048,2959.891,2321.295,17022.891,10618.41,10736.09,1909.507,12469.127
,,,,,,,,906,4210.317,592.289,3294.932,2655.556,17272.524,12952.46,12538.61,2664.711,12765.409
,,,,,,,,907,4303.906,580.0655,3453.305,2904.893,17433.182,14256.86,13076.15,2802.427,12722.82
,,,,,,,,908,4227.748,553.939,3515.042,2861.604,17360.052,14960.8,13496.14,3057.395,12641.572
,,,,,,,,909,4000.332,527.2003,3401.515,2709.482,17146.938,15293.48,14224.79,3175.135,11993.504
,,,,,,,,910,3722.143,503.9062,3269.517,2425.654,16339.38,14897.59,14149.67,3134.573,11368.264
,,,,,,,,911,3496.842,440.2001,3085.191,2175.599,15293.243,14470.82,14238.2,3033.61,10395.046
,,,,,,,,912,3325.486,401.4948,2870.554,1956.888,14536.12,13983.41,13722.51,2951.118,9708.765
,,,,,,,,913,3132.976,368.5945,2692.108,1815.058,14254.388,12783.33,12578.16,2699.951,9330.911
,,,,,,,,914,3017.681,330.7998,2603.59,1726.416,14109.739,11623.52,11502.73,2394.177,9065.807
,,,,,,,,915,2970.082,318.6763,2551.053,1718.396,14211.397,10882.24,10830.9,2213.766,8947.316
,,,,,,,,916,2978.544,311.0492,2543.836,1735.761,15090.33,10509.48,10476.15,2121.409,8990.016
,,,,,,,,917,3056.818,313.2425,2638.529,1827.578,16399.374,10708.07,10634.72,2122.184,9333.373
,,,,,,,,918,3083.981,321.6396,2778.873,1948.902,17933.64,11595.32,11263.76,2288.071,9706.007
,,,,,,,,919,3015.99,314.2765,2805.92,1965.018,18818.793,12319.73,11383.1,2522.929,9493.965
,,,,,,,,920,2851.322,306.8771,2605.547,1831.451,18486.629,12678.14,11051.8,2836.964,9288.621
,,,,,,,,921,2796.997,318.1543,2233.998,1655.617,17682.202,10597.04,9791.386,2821.864,8970.353
,,,,,,,,922,2790.694,324.7509,1971.568,1563.437,17110.01,8668.148,7905.335,2689.58,8978.57
,,,,,,,,923,2889.7,350.2656,1832.633,1436.095,16815.436,7441.823,6801.149,1099.512,9284.077
,,,,,,,,924,3031.692,378.2767,1772.239,1386.745,16530.241,6757.212,6335.855,556.0684,9766.987
,,,,,,,,925,3357.014,424.8807,1790.923,1420.192,16237.4,6865.251,6565.844,540.4037,10415.115
,,,,,,,,926,3619.928,470.092,1955.839,1638.138,15899.932,7060.914,7179.565,645.2928,11175.628
,,,,,,,,927,3999.532,529.1388,2287.942,1795.092,16003.807,7801.756,8388.793,914.0821,11796.664
,,,,,,,,928,4026.314,585.8809,2646.655,2054.83,16386.132,9005.407,9319.806,1401.39,12374.773
,,,,,,,,929,4403.506,637.1002,3089.329,2630.808,16950.324,10712.3,11029.48,1904.72,13295.218
,,,,,,,,930,4721.295,660.691,3368.286,2903.5,17340.785,12662.6,12851.59,2682.393,13896.355
,,,,,,,,931,4767.202,648.4674,3479.356,3078.436,17478.506,14335.21,13477.53,2899.772,13709.764
,,,,,,,,932,4582.095,611.2277,3524.031,2997.999,17365.782,14972.7,13481.7,3016.131,13283.9
,,,,,,,,933,4227.748,585.201,3407.043,2859.221,16958.062,15315.34,14245.98,3103.496,12311.928
,,,,,,,,934,3966.484,551.8038,3269.307,2461.109,15990.046,14822.59,13971.92,3042.323,11692.462
,,,,,,,,935,3721.085,482.6326,3080.234,2221.346,14983.449,14396.19,14062.26,2968.125,10725.473
,,,,,,,,936,3514.824,441.9067,2870.554,2011.658,14131.007,13901.68,13551.84,2899.548,9963.715
,,,,,,,,937,3301.158,400.6258,2695.082,1842.438,13872.145,12729.7,12502.41,2692.584,9578.629
,,,,,,,,938,3163.65,358.7899,2604.581,1756.491,13742.878,11579.11,11515.77,2417.916,9254.078
,,,,,,,,939,3106.532,342.9234,2538.375,1731.373,13922.212,10830.73,10804.41,2248.367,9089.443
,,,,,,,,940,3095.954,328.2242,2530.168,1726.739,14313.1,10422.31,10484.68,2128.776,9115.554
,,,,,,,,941,3125.572,324.1988,2634.06,1806.414,15365.583,10572.52,10622.07,2133.423,9351.024
,,,,,,,,942,3148.504,330.4234,2733.756,1908.959,16937.836,11414.29,11116.53,2256.205,9716.016
,,,,,,,,943,3082.629,329.274,2764.685,1894.002,17633.873,12064.32,11559.51,2465.609,9597.221
,,,,,,,,944,2976.221,320.6343,2631.461,1748.684,17672.833,12413.29,11739.67,2614.643,9497.311
,,,,,,,,945,2986.419,326.7186,2296.086,1647.01,17259.271,10533.57,10808.12,1792.617,9239.574
,,,,,,,,946,2985.32,341.696,1920.34,1533.639,16764.425,8303.87,8031.117,962.8101,9301.065
,,,,,,,,947,3097.908,368.6761,1783.627,1360.709,16539.276,7016.873,6782.833,752.0084,9659.359
,,,,,,,,948,3212.949,414.585,1732.721,1288.415,16342.128,6285.602,6202.376,593.1743,10208.484
,,,,,,,,949,3426.784,478.7884,1765.737,1392.63,16218.096,6239.78,6658.214,643.8323,10993.756
,,,,,,,,950,3653.735,543.7138,1967.035,1543.141,16105.394,6416.869,7310.954,752.1495,11561.714
,,,,,,,,951,4151.892,581.3551,2255.873,1882.02,16333.917,7159.247,8357.972,969.6572,12287.741
,,,,,,,,952,4397.585,638.0973,2584.91,2068.086,16776.008,8272.456,9311.175,1353.825,12903.872
,,,,,,,,953,4874.291,680.0669,2945.518,2643.128,17212.992,9923.723,11011.54,1889.581,13658.009
,,,,,,,,954,5004.688,694.3032,3324.461,2945.794,17364.41,12118.03,12654.93,2585.658,14048.341
,,,,,,,,955,5027.408,675.4213,3426.662,3084.866,17356.226,13671.18,13226.61,2817.579,13578.575
,,,,,,,,956,4830.667,624.3616,3454.279,2959.158,17111.081,14016.03,13165.99,2899.635,13359.522
,,,,,,,,957,4594.788,591.9009,3336.3,2771.848,16748.798,14505.53,13869.6,3000.144,12550.594
,,,,,,,,958,4190.727,541.0305,3209.468,2435.579,15856.404,14228.5,13464.96,2938.299,11919.724
,,,,,,,,959,4003.505,487.7257,3043.194,2165.785,14902.714,13955.9,13623.17,2927.998,11024.419
,,,,,,,,960,3759.165,442.6603,2870.764,1897.006,14175.922,13390.95,13081.84,2841.598,10212.776
,,,,,,,,961,3473.572,401.9917,2692.544,1743.191,13815.807,12510.42,12296.84,2652.597,9812.205
,,,,,,,,962,3336.064,362.7314,2600.339,1653.546,13578.176,11518.46,11415.29,2412.207,9421.962
,,,,,,,,963,3227.115,345.3993,2525.994,1623.103,13469.303,10768.6,10756.69,2216.959,9092.083
,,,,,,,,964,3177.401,332.9774,2500.221,1617.088,13596.964,10202.27,10414.14,2082.7,9026.774
,,,,,,,,965,3159.419,326.0624,2533.437,1653.546,13921.317,10123.42,10299.24,2033.338,9047.017
,,,,,,,,966,3106.194,320.1842,2537.962,1650.162,14478.467,10254.19,10262.63,2034.455,9212.243
,,,,,,,,967,2982.142,311.0671,2560.009,1564.534,15148.706,10242.06,10018.48,1923.499,9072.74
,,,,,,,,968,2897.947,303.563,2466.142,1344.852,15471.067,10027.89,9717.788,1584.365,9093.985
,,,,,,,,969,2922.869,307.8842,2066.043,1155.231,15641.301,8152.021,8853.091,1036.278,9071.546
,,,,,,,,970,2969.454,321.2288,1651.069,1063.961,15626.839,5875.314,5570.442,565.8646,9269.113
,,,,,,,,971,3088.303,358.683,1519.744,913.978,15567.804,5150.664,4815.169,464.859,9736.785
,,,,,,,,972,3202.287,388.6782,1455.461,809.6106,15378.649,4769.276,4463.654,285.376,10076.454
,,,,,,,,973,3459.49,457.0266,1445.064,840.1789,15289.955,5961.933,4676.724,665.1524,10961.873
,,,,,,,,974,3765.771,495.234,1557.234,1016.669,15226.289,4951.724,5390.589,252.6487,11607.951
,,,,,,,,975,4231.899,543.397,2336.252,1243.591,15507.364,5704.224,6705.517,594.9827,12594.135
,,,,,,,,976,4766.865,577.3416,2705.93,1550.906,15887.053,7226.419,7649.611,989.2963,13207.1
,,,,,,,,977,4813.194,580.0631,2981.525,2133.331,16436.63,9351.242,9821.298,1619.162,13570.617
,,,,,,,,978,4927.473,597.6285,3096.058,2417.349,16712.346,11423.54,11197.48,2266.449,13565.044
,,,,,,,,979,4894.132,586.1171,3245.274,2483.93,16794.538,12265.55,11618.67,2558.455,13305.365
,,,,,,,,980,4780.952,548.1913,3279.884,2443.854,16508.894,12877.01,11880.1,2751.361,12897.993
,,,,,,,,981,4527.092,518.4632,3195.121,2362.864,16341.895,13258.1,12470.06,2859.066,12247.631
,,,,,,,,982,4192.842,485.0661,3102.983,2213.058,15475.151,13000.87,12340.96,2814.22,11739.901
,,,,,,,,983,4056.393,435.5042,2963.197,2007.436,14514.95,12454.86,12199.84,2702.512,10878.014
,,,,,,,,984,3820.514,391.0354,2792.958,1735.282,13730.598,12519.63,12396.43,2742.101,10203.877
,,,,,,,,985,3570.885,364.354,2624.147,1593.819,13394.019,12104.8,11995.46,2672.868,9729.786
,,,,,,,,986,3401.645,336.9189,2543.836,1525.226,13082.509,11149.29,11142.42,2420.393,9315.618
,,,,,,,,987,3343.468,324.6384,2481.386,1519.523,13067.811,10448.9,10498.48,2219.415,9081.878
,,,,,,,,988,3264.137,311.0492,2455.614,1520.158,13223.124,9927.858,10139.64,2095.576,8932.387
,,,,,,,,989,3185.863,306.7097,2467.509,1552.606,13552.518,9770.003,9961.234,2029.024,8956.587
,,,,,,,,990,3106.194,303.1504,2436.791,1546.794,14056.865,9801.047,9824.629,2020.944,9107.719
,,,,,,,,991,2967.334,285.9094,2337.697,1463.195,14588.14,9505.918,8967.263,1889.234,9284.952
,,,,,,,,992,2816.416,259.1741,2112.142,1247.764,14843.542,9237.627,8328.435,2041.002,9466.18
,,,,,,,,993,2742.967,257.627,2288.617,1098.469,15191.975,9294.067,7257.468,1237.169,9630.502
,,,,,,,,994,2792.725,263.2923,2122.296,970.4158,15283.071,7670.393,7900.568,598.0516,9220.323
,,,,,,,,995,2892.535,278.4472,2164.593,821.2637,15367.597,6202.709,5320.0,649.2136,9946.297
,,,,,,,,996,2996.999,307.0546,1769.652,747.6505,15517.484,6192.463,5151.037,576.5353,10851.637
,,,,,,,,997,3156.889,367.2415,1709.491,799.7358,15491.603,6089.544,5352.234,319.4875,11037.556
,,,,,,,,998,3383.839,431.9384,1903.115,915.1642,15487.563,6094.149,6130.736,945.5547,10073.563
,,,,,,,,999,3358.409,447.8997,2274.083,1146.907,15848.657,5875.006,6623.455,1302.52,10683.736
,,,,,,,,1000,3703.615,504.9949,2746.313,1439.736,16329.041,8279.529,7497.773,1812.011,11460.345
,,,,,,,,1001,4020.516,481.7078,2917.599,2051.415,16847.59,9875.24,9523.497,2340.507,12134.49
,,,,,,,,1002,4276.956,508.0677,3114.326,2250.802,17239.443,10858.02,10894.62,2356.465,12559.601
,,,,,,,,1003,4359.967,500.1421,3243.865,2365.295,17310.615,11960.49,11429.9,2581.145,12527.582
,,,,,,,,1004,4414.97,472.4762,3290.873,2382.435,17153.799,12758.32,11820.79,2752.276,12349.373
,,,,,,,,1005,4317.657,463.2108,3224.163,2296.165,16586.211,13201.23,12390.42,2848.328,11740.964
,,,,,,,,1006,4091.298,436.1738,3101.505,2124.894,15591.392,12906.62,12377.39,2787.082,11187.695
,,,,,,,,1007,3880.806,391.9617,2936.223,1917.212,14530.366,12292.46,12218.53,2651.511,10233.214
,,,,,,,,1008,3617.426,359.4595,2736.387,1711.166,13657.465,12518.68,12518.03,2758.68,9561.66
,,,,,,,,1009,4651.907,574.2965,3020.259,2404.29,13936.734,14201.49,13686.17,2989.23,12635.103
,,,,,,,,1010,4348.332,531.2517,2900.366,2265.512,13564.864,12956.89,12741.67,2734.881,12112.261
,,,,,,,,1011,4201.305,503.5183,2827.499,2171.913,13478.548,12208.62,11954.4,2564.045,11913.65
,,,,,,,,1012,4126.204,484.3227,2845.342,2185.948,13785.056,11832.24,11619.35,2459.598,11851.864
,,,,,,,,1013,4133.608,478.2766,2985.91,2253.281,14627.314,12004.8,11845.83,2431.095,12061.268
,,,,,,,,1014,4131.658,469.8176,3123.091,2441.014,15599.266,12901.73,12465.54,2592.375,12603.104
,,,,,,,,1015,4184.647,468.8054,3115.959,2496.654,16727.522,13750.59,12538.05,2790.115,12827.475
,,,,,,,,1016,4300.539,484.5559,2915.203,2546.656,17356.56,13654.05,11992.35,2808.067,12883.952
,,,,,,,,1017,4580.663,525.4951,2811.025,2686.576,17575.666,13298.17,11782.43,2426.755,13344.517
,,,,,,,,1018,4883.727,570.312,2772.419,2775.005,17925.471,12620.69,11475.79,1913.322,14216.363
,,,,,,,,1019,5299.027,628.1152,2845.635,2914.005,18350.618,11990.83,10957.33,1645.242,15116.798
,,,,,,,,1020,5621.973,692.7067,3062.186,2999.188,18850.312,11824.22,11063.43,1585.172,16131.257
,,,,,,,,1021,6097.795,801.1741,3374.902,3393.738,19350.501,12503.14,11978.21,1651.415,16886.339
,,,,,,,,1022,6515.11,849.5508,3683.417,3612.674,19857.127,13407.88,13273.7,1912.426,17662.106
,,,,,,,,1023,7060.528,911.5628,4037.936,3771.544,20447.306,14511.92,14684.03,2192.66,18097.689
,,,,,,,,1024,7419.451,967.7117,4421.09,3962.44,20994.015,15967.06,16036.2,2575.918,18918.699
,,,,,,,,1025,7762.177,1032.644,4737.536,4904.474,21410.146,17911.17,17346.94,3088.231,19873.762
,,,,,,,,1026,7939.894,1058.28,4850.975,5050.312,21543.387,19681.89,18555.78,3522.215,20296.324
,,,,,,,,1027,7718.328,1032.153,4739.727,5014.778,21232.976,21194.7,18323.38,3568.722,19615.551
,,,,,,,,1028,7239.166,942.6924,4589.327,4637.743,20504.748,20480.23,17544.8,3490.579,18477.931
,,,,,,,,1029,6724.042,889.7377,4267.338,4191.2,19430.454,19729.79,17371.33,3469.54,17294.577
,,,,,,,,1030,6291.421,821.0799,3844.812,3687.391,17831.159,18971.11,16588.48,3333.042,16041.734
,,,,,,,,1031,5677.925,744.5964,3606.799,3197.986,16397.831,17954.17,16223.6,3261.834,14609.819
,,,,,,,,1032,5255.882,662.2496,3307.468,2846.88,15353.765,16969.16,15687.69,3284.713,13850.29
,,,,,,,,1033,4799.992,622.8905,3103.526,2680.923,14586.855,15293.46,14271.84,3049.583,13216.481
,,,,,,,,1034,4503.821,574.0822,2953.827,2577.923,14112.027,13878.64,13197.4,2792.971,12634.04
,,,,,,,,1035,4295.444,530.6393,2894.905,2465.588,13916.3,12989.72,12485.5,2602.489,12263.371
,,,,,,,,1036,4216.113,508.1145,2872.106,2424.174,14225.505,12591.54,12105.65,2509.31,12130.416
,,,,,,,,1037,4203.42,493.6878,3007.718,2513.294,14892.657,12705.8,12227.04,2472.842,12331.951
,,,,,,,,1038,4187.719,495.6301,3150.133,2650.168,15913.143,13531.24,12729.47,2626.534,12916.38
,,,,,,,,1039,4251.285,497.1935,3131.106,2717.202,16907.879,14340.72,12827.67,2899.651,12981.207
,,,,,,,,1040,4445.451,515.2685,2950.384,2832.816,17566.004,14256.63,12137.98,2740.701,13329.221
,,,,,,,,1041,4693.231,564.5468,2880.119,2880.14,17967.697,13931.28,11753.83,2278.021,13856.149
,,,,,,,,1042,5011.103,632.6946,2887.598,3046.341,18380.675,13302.87,11611.82,1961.906,14719.359
,,,,,,,,1043,5522.047,698.9251,3003.487,3247.051,18603.883,12695.67,11537.46,1763.728,15612.756
,,,,,,,,1044,6006.216,792.0615,3295.946,3541.333,19334.517,12598.02,11600.87,1608.122,16753.543
,,,,,,,,1045,6499.575,884.6152,3679.257,3919.172,19765.257,13265.96,12761.47,1782.137,17576.408
,,,,,,,,1046,6934.872,940.2684,4055.563,4080.274,20328.631,14210.9,14051.03,1991.356,18342.323
,,,,,,,,1047,7474.555,995.5123,4371.678,4145.141,20965.325,15948.82,15653.84,2324.769,18562.774
,,,,,,,,1048,7783.764,1054.949,4646.785,4108.208,21368.146,17032.08,17100.91,2668.11,19275.292
,,,,,,,,1049,8041.424,1099.424,4949.629,5123.123,21753.456,19021.53,18428.4,3146.333,20233.694
,,,,,,,,1050,8251.93,1109.905,5125.053,5246.582,21791.139,21024.67,19732.42,3503.891,20769.797
,,,,,,,,1051,8140.37,1083.679,5026.691,5194.292,21372.499,22535.04,19493.67,3641.095,20192.715
,,,,,,,,1052,7615.726,1020.941,4790.832,4958.665,20616.469,22228.27,18328.54,3561.824,19041.85
,,,,,,,,1053,6845.683,946.0585,4313.632,4673.791,19646.041,21148.37,17720.66,3516.546,17682.885
,,,,,,,,1054,6259.688,867.041,3883.177,3939.152,17832.42,20398.78,17079.35,3405.627,16323.539
,,,,,,,,1055,5677.925,788.9921,3596.313,3394.62,16511.911,19044.22,16791.64,3343.336,15243.423
,,,,,,,,1056,5246.363,725.2861,3314.616,3116.807,15464.535,18133.68,16050.18,3354.889,14265.594
,,,,,,,,1057,4825.378,659.6583,3116.622,3014.754,14724.145,16319.37,14693.22,3134.494,13521.497
,,,,,,,,1058,4596.903,611.2638,2961.757,2776.049,14241.393,14663.06,13483.21,2818.347,12910.993
,,,,,,,,1059,4291.213,568.376,2889.949,2640.389,14076.883,13791.12,12649.13,2607.208,12602.355
,,,,,,,,1060,4220.344,536.3032,2875.08,2553.863,14355.187,13299.43,12209.43,2498.889,12422.541
,,,,,,,,1061,4243.615,526.2159,3003.753,2591.122,15155.15,13318.54,12331.65,2479.17,12665.982
,,,,,,,,1062,4262.819,520.7878,3143.194,2758.437,16055.417,14116.53,12844.67,2594.084,13058.112
,,,,,,,,1063,4298.884,521.0842,3115.178,2831.799,16950.703,14871.11,12920.18,2626.62,13218.999
,,,,,,,,1064,4454.359,530.3649,2922.838,2961.852,17577.805,14873.91,12131.24,2449.257,13522.266
,,,,,,,,1065,4684.769,584.438,2810.799,3006.687,17719.446,14801.55,11644.59,2093.491,14168.981
,,,,,,,,1066,5100.4,655.3757,2842.189,3121.527,18068.709,14424.54,11477.71,1860.03,15143.202
,,,,,,,,1067,5572.819,727.27,2934.529,3324.686,18347.63,14138.25,11512.55,1643.859,16170.491
,,,,,,,,1068,6027.983,811.5123,3231.735,3679.419,18748.193,13849.98,11922.55,1652.92,17019.909
,,,,,,,,1069,6562.594,892.4866,3588.91,4029.19,19294.558,14611.43,12698.21,1681.033,17793.59
,,,,,,,,1070,7067.702,956.6774,4020.937,4293.55,19862.291,15514.05,14014.85,1889.314,18437.719
,,,,,,,,1071,7558.117,1020.92,4384.881,4322.664,20427.448,17440.53,15807.29,2197.38,18621.846
,,,,,,,,1072,7911.752,1097.071,4724.313,4346.455,20977.205,18532.38,16957.06,2455.462,19403.402
,,,,,,,,1073,8153.545,1123.916,4994.694,5236.717,21408.42,19858.28,18571.48,3020.51,20352.776
,,,,,,,,1074,8268.854,1126.565,4999.581,5378.221,21429.99,21884.71,19491.68,3358.223,20933.776
,,,,,,,,1075,8185.854,1107.212,4921.758,5477.887,20961.101,23443.35,19302.33,3520.108,20241.321
,,,,,,,,1076,7634.765,1036.236,4627.414,5130.403,20303.324,22965.99,17920.73,3462.024,19047.618
,,,,,,,,1077,7097.428,951.2081,4225.341,4912.384,19169.337,21736.35,17455.23,3443.662,17799.036
,,,,,,,,1078,6315.75,877.3418,3839.493,3978.885,17315.175,20794.76,17100.64,3370.049,16362.788
,,,,,,,,1079,5916.977,804.8994,3544.699,3590.107,16029.007,19364.93,16659.23,3306.383,15171.839
,,,,,,,,1080,5411.372,735.2313,3280.845,3319.946,14980.812,18385.02,15984.85,3309.646,14363.869
,,,,,,,,1081,4939.615,676.4778,3093.823,3123.346,14263.346,16749.97,14717.78,3103.388,13483.974
,,,,,,,,1082,4569.402,621.3095,2960.052,2884.006,13772.912,15061.35,13395.34,2763.502,12940.527
,,,,,,,,1083,4423.432,584.1851,2862.193,2751.354,13662.572,14099.04,12601.6,2565.875,12461.588
,,,,,,,,1084,4317.657,548.5264,2860.001,2640.445,13799.398,13650.33,12249.87,2461.649,12406.441
,,,,,,,,1085,4238.326,535.4083,2967.076,2645.624,14469.661,13686.65,12248.21,2427.002,12598.09
,,,,,,,,1086,4236.375,533.7231,3137.819,2841.377,15697.68,14500.34,12991.93,2592.789,13005.696
,,,,,,,,1087,4324.27,526.9948,3103.35,2882.982,16624.398,15136.33,13024.33,2822.566,13285.787
,,,,,,,,1088,4481.414,541.327,2889.917,2936.027,17298.115,15052.95,12378.13,3203.938,13634.462
,,,,,,,,1089,4755.192,611.1982,2740.453,2965.308,17599.259,14880.13,11974.61,2526.958,14245.202
,,,,,,,,1090,5062.486,677.1842,2733.311,3106.189,17876.857,14389.73,11718.14,1762.865,15227.191
,,,,,,,,1091,5558.788,746.3516,2754.199,3365.156,18330.473,13918.9,11511.56,1571.748,15874.792
,,,,,,,,1092,6066.839,812.1627,3005.701,3716.435,18922.44,13792.27,11623.06,1454.453,16799.754
,,,,,,,,1093,6598.723,881.6423,3258.737,4016.487,19450.204,14543.16,12392.26,1446.431,17596.641
,,,,,,,,1094,6979.016,948.3615,3626.437,4179.974,19681.9,15201.51,13890.39,1645.625,18567.099
,,,,,,,,1095,7524.435,1001.428,4001.746,4148.982,20101.258,16642.27,15613.95,1928.094,18769.977
,,,,,,,,1096,7894.381,1066.214,4338.205,4155.731,20547.676,17747.87,17095.31,2320.829,19521.163
,,,,,,,,1097,8097.484,1092.3,4576.151,5133.844,20851.324,19352.9,18426.93,2770.679,20288.614
,,,,,,,,1098,8156.732,1104.042,4653.123,5306.185,20821.561,21176.87,19379.61,3225.651,20564.844
,,,,,,,,1099,7807.179,1074.628,4648.082,5286.821,20366.091,22403.85,19230.68,3401.926,19885.824
,,,,,,,,1100,7425.331,999.2377,4319.53,4823.417,19697.118,21593.77,17798.63,3321.597,19137.987
,,,,,,,,1101,6933.476,935.0284,3999.246,4504.391,18754.721,20948.38,17274.89,3353.785,17912.742
,,,,,,,,1102,6275.555,862.7431,3691.08,3716.297,17144.239,19847.43,16925.33,3307.906,16669.744
,,,,,,,,1103,5738.217,790.4578,3430.771,3250.695,15867.162,18657.93,16476.75,3284.396,15441.77
,,,,,,,,1104,5322.521,700.327,3214.498,2877.59,14893.242,17778.55,15821.33,3290.029,14558.232
,,,,,,,,1105,5067.603,656.2719,3031.65,2741.139,14207.668,16118.97,14548.35,3067.756,13871.994
,,,,,,,,1106,4758.739,604.1344,2913.462,2591.334,13783.675,14699.29,13397.32,2759.005,13279.524
,,,,,,,,1107,4477.377,570.041,2846.61,2495.406,13622.932,13668.66,12715.18,2579.165,12880.407
,,,,,,,,1108,4353.621,542.7629,2838.68,2462.324,13921.928,13213.68,12360.57,2472.888,12750.88
,,,,,,,,1109,4282.751,526.6139,2961.615,2538.68,14553.581,13283.32,12377.29,2436.796,12978.335
,,,,,,,,1110,4320.384,535.33,3103.543,2698.288,15489.901,14041.89,12953.0,2584.161,13358.615
,,,,,,,,1111,4358.118,531.5852,3094.638,2676.572,16395.863,14636.18,13058.42,2807.214,13603.385
,,,,,,,,1112,4486.257,541.3742,3020.45,2562.466,17150.403,14473.98,13080.75,2970.911,13634.473
,,,,,,,,1113,4717.278,588.7207,2746.245,2446.302,17542.21,13858.49,12373.22,2405.953,14242.383
,,,,,,,,1114,4992.395,638.7462,2620.372,2431.404,17968.869,13065.09,11317.03,1710.623,14818.803
,,,,,,,,1115,5510.297,697.6064,2533.114,2529.085,18316.213,12129.96,10842.37,1476.25,15486.527
,,,,,,,,1116,5939.463,775.7454,2736.589,2646.839,18679.959,11748.73,10910.65,1416.04,16349.061
,,,,,,,,1117,6341.855,829.6093,2946.004,2872.049,18972.323,12240.06,12005.45,1552.718,17066.128
,,,,,,,,1118,6752.212,882.9437,3207.147,3187.118,19330.447,13101.71,13136.93,1671.324,17983.582
,,,,,,,,1119,7219.356,946.0599,3543.797,3448.442,19704.173,14480.11,14655.65,1991.818,18179.566
,,,,,,,,1120,7561.636,1003.476,3894.779,3609.55,20018.097,15944.8,16090.51,2595.548,18877.335
,,,,,,,,1121,7749.484,1023.201,4337.902,4532.643,20370.229,17891.96,17780.51,3068.915,19575.799
,,,,,,,,1122,7778.058,1050.093,4397.087,4627.262,20223.469,19592.8,18645.45,3228.878,19713.524
,,,,,,,,1123,7462.352,997.4887,4323.149,4403.021,19738.63,20468.78,18439.12,3365.957,19158.28
,,,,,,,,1124,6971.555,922.4966,4106.599,3972.956,19136.281,19445.79,17280.72,3375.392,18188.338
,,,,,,,,1125,6587.591,870.8247,3866.121,3625.537,18207.19,18921.37,16937.86,3385.873,17129.781
,,,,,,,,1126,6085.16,795.8068,3620.909,3093.447,16804.716,18223.87,16535.79,3357.098,16003.223
,,,,,,,,1127,5540.417,732.9124,3383.609,2705.984,15666.698,17331.16,16231.35,3342.579,14887.549
,,,,,,,,1128,5200.879,663.6995,3199.838,2352.293,14721.642,16454.46,15426.07,3287.625,14013.915
,,,,,,,,1129,4832.782,607.8349,3035.128,2279.981,14055.781,15159.17,14398.41,3147.055,13345.313
,,,,,,,,1130,4596.903,572.8725,2921.896,2171.278,13622.113,14029.49,13417.02,2851.145,12872.818
,,,,,,,,1131,4343.043,527.9641,2834.16,2055.935,13408.223,13050.19,12622.84,2654.25,12331.191
,,,,,,,,1132,4235.152,504.2719,2825.516,2025.86,13391.073,12446.97,12132.96,2498.719,12183.721
,,,,,,,,1133,4143.128,481.7471,2870.628,2026.228,13568.978,12243.16,11849.56,2400.708,11959.308
,,,,,,,,1134,3990.977,479.3342,2903.844,2056.035,13960.34,12309.98,11790.34,2402.395,11951.03
,,,,,,,,1135,3964.635,452.0852,2785.813,2034.811,14592.887,12026.54,11106.6,2486.929,12053.628
,,,,,,,,1136,4000.749,459.0464,2678.034,1917.57,15295.614,11012.24,10579.29,2683.699,12409.239
,,,,,,,,1137,4288.277,488.9531,2591.713,1792.63,16134.379,10050.9,10839.91,2436.191,13446.836
,,,,,,,,1138,4707.197,551.0075,2383.987,1781.257,16606.369,9486.3,10419.87,1386.446,14241.006
,,,,,,,,1139,5343.352,597.4874,2217.896,1796.974,16956.904,8661.342,8395.785,1205.075,15208.913
,,,,,,,,1140,5761.66,659.8072,2316.966,1914.249,17122.502,8398.758,8911.954,1194.57,15873.108
,,,,,,,,1141,6287.924,723.1096,2587.522,2047.703,17308.572,8592.974,10091.69,1187.514,16408.617
,,,,,,,,1142,6668.218,781.752,2792.449,2260.165,17686.253,9554.102,11820.31,1393.442,18055.865
,,,,,,,,1143,7171.657,855.8876,3121.9,2413.442,18119.099,10860.9,12558.78,1621.349,18000.996
,,,,,,,,1144,7470.173,903.6501,3539.541,2701.405,18747.461,12512.28,13659.63,1985.449,18430.529
,,,,,,,,1145,7598.226,941.2045,4022.591,3663.237,19265.643,14453.91,15363.51,2521.976,18922.919
,,,,,,,,1146,7585.547,965.9813,4118.958,3993.821,19411.365,16374.68,16663.25,3001.491,18942.025
,,,,,,,,1147,7238.108,929.699,4112.44,3987.923,19123.312,17473.52,16825.05,3194.269,18304.272
,,,,,,,,1148,6794.911,860.5121,3981.852,3734.786,18527.997,17236.81,15977.48,3234.339,17448.822
,,,,,,,,1149,6311.519,810.8607,3786.469,3338.468,17699.829,16803.21,15483.32,3233.768,16296.593
,,,,,,,,1150,5830.242,738.8737,3563.693,2833.668,16370.617,15919.97,15043.75,3138.648,15172.781
,,,,,,,,1151,5392.333,689.8253,3358.895,2517.125,15378.046,14990.54,14569.66,3028.917,14137.82
,,,,,,,,1152,5067.603,629.4067,3181.786,2157.108,14524.392,14981.84,14442.29,3181.734,13406.943
,,,,,,,,1153,4630.751,581.7657,2989.966,2068.455,13921.046,14258.79,13856.36,3137.232,12782.436
,,,,,,,,1154,4366.313,544.3275,2872.77,1954.059,13485.392,13165.6,12854.99,2878.158,12164.312
,,,,,,,,1155,4163.225,513.2649,2775.398,1885.511,13268.919,12257.79,12163.44,2668.166,11802.852
,,,,,,,,1156,4058.508,495.1793,2768.736,1865.773,13154.421,11674.92,11660.99,2519.809,11418.763
,,,,,,,,1157,3954.848,472.9527,2792.527,1872.791,13235.873,11359.4,11347.83,2428.125,11333.345
,,,,,,,,1158,3856.031,463.0124,2800.145,1909.928,13574.703,11398.76,11192.95,2401.789,11366.694
,,,,,,,,1159,3768.95,423.7339,2678.887,1864.281,14172.224,11247.66,10619.39,2391.926,11506.508
,,,,,,,,1160,3852.664,409.9991,2381.861,1746.022,14910.395,11233.98,9845.681,2207.057,11990.577
,,,,,,,,1161,4134.903,463.591,2344.733,1567.892,15760.332,11193.53,9823.681,1725.049,12484.323
,,,,,,,,1162,4432.678,520.0447,2068.695,1555.37,16429.004,10007.03,7946.636,1396.706,13373.487
,,,,,,,,1163,4811.569,581.124,2072.455,1635.858,16856.725,7622.468,7646.325,1206.412,14214.479
,,,,,,,,1164,5220.639,656.8702,2210.122,1743.143,17176.651,7278.792,7807.106,1283.117,15217.617
,,,,,,,,1165,5666.844,729.4166,2414.432,1881.298,17493.511,7552.335,8611.988,1320.917,15998.322
,,,,,,,,1166,6173.01,783.4628,2770.036,2187.421,17919.485,8490.921,10004.44,1544.411,16884.039
,,,,,,,,1167,6637.428,842.3499,3115.719,2381.856,18513.463,9694.282,11583.49,1785.039,17417.485
,,,,,,,,1168,7015.391,904.555,3591.337,2564.803,19255.155,11562.75,13331.0,2158.293,18312.767
,,,,,,,,1169,7462.222,953.6836,3971.907,3564.378,19777.478,13660.29,15313.97,2646.436,19242.774
,,,,,,,,1170,7588.721,980.481,4235.113,3851.705,20074.819,15803.55,16918.33,3145.806,19384.301
,,,,,,,,1171,7320.613,941.6232,4219.674,3917.859,19778.265,16987.71,17151.59,3337.162,18815.648
,,,,,,,,1172,6812.893,869.1071,4046.252,3644.985,19056.982,16675.39,16333.18,3338.758,17966.754
,,,,,,,,1173,6275.555,805.5682,3861.563,3351.979,18082.574,16285.68,16055.07,3340.923,16611.489
,,,,,,,,1174,5832.357,764.3038,3618.248,2894.029,16558.044,15764.02,15444.71,3224.144,15496.739
,,,,,,,,1175,5381.755,693.6254,3356.167,2543.981,15299.738,14911.97,14869.92,3090.566,14136.805
,,,,,,,,1176,4977.694,635.0706,3169.631,2233.353,14330.608,15026.3,14691.53,3279.814,13271.794
,,,,,,,,1177,4917.402,635.0557,3305.19,2640.144,13761.841,15287.84,15362.96,3376.894,13882.998
,,,,,,,,1178,4685.754,591.4559,3159.247,2531.128,13431.511,13737.89,14190.49,3039.833,13381.194
,,,,,,,,1179,4450.934,556.3521,3102.308,2482.998,13411.404,12944.84,13358.95,2841.978,13066.783
,,,,,,,,1180,4379.007,537.7114,3107.751,2463.895,13799.265,12515.47,12864.53,2751.579,13027.93
,,,,,,,,1181,4384.295,529.7861,3258.928,2554.854,14665.993,12655.75,12960.36,2782.363,13322.139
,,,,,,,,1182,4353.174,538.0728,3368.682,2780.416,15851.049,13323.72,13540.29,2895.909,13856.4
,,,,,,,,1183,4485.774,547.6492,3456.443,2786.421,16893.212,14398.26,13972.64,3051.142,14057.014
,,,,,,,,1184,4572.215,558.622,3414.123,2859.432,17351.964,14622.23,13753.16,2872.219,14485.77
,,,,,,,,1185,4941.637,601.8183,3400.027,2890.875,17602.412,14792.9,13921.56,2734.255,14637.823
,,,,,,,,1186,5255.724,674.2122,3554.255,3113.667,18017.456,14395.2,14083.3,2637.697,15385.116
,,,,,,,,1187,5744.01,734.8419,3708.095,3295.869,18644.334,14068.33,14550.39,2508.75,16294.915
,,,,,,,,1188,6152.021,809.1283,3920.194,3733.785,19393.748,13966.53,14755.24,2503.407,17272.074
,,,,,,,,1189,6675.442,875.1835,4141.868,3961.982,20090.166,14286.77,15567.28,2531.226,18237.286
,,,,,,,,1190,7161.511,946.0851,4473.109,4165.425,20601.95,15369.79,16708.94,2712.929,18847.392
,,,,,,,,1191,7656.157,1005.114,4805.542,4182.485,21336.283,16406.56,18307.0,3020.489,19354.302
,,,,,,,,1192,8235.488,1059.147,5139.362,4165.381,22028.795,17672.11,19568.42,3323.527,19950.824
,,,,,,,,1193,8404.182,1100.193,5337.082,5159.277,22400.266,19556.84,20659.23,3631.399,20726.657
,,,,,,,,1194,8395.619,1108.461,5413.43,5337.459,22430.555,21374.76,21836.98,3975.292,20887.479
,,,,,,,,1195,8180.565,1070.336,5188.974,5219.11,21806.887,22059.64,21204.48,4044.674,20168.967
,,,,,,,,1196,7726.79,1010.514,5102.433,4819.093,20772.249,21703.99,20576.35,4037.211,19421.616
,,,,,,,,1197,7030.789,942.2639,4821.505,4298.533,19387.431,21054.02,20304.5,3986.377,18213.459
,,,,,,,,1198,6470.181,856.3156,4332.62,3666.528,17593.79,19994.95,19398.94,3805.724,16984.199
,,,,,,,,1199,6001.597,778.7895,3934.286,3157.196,16120.095,18749.5,18630.08,3721.948,15852.524
,,,,,,,,1200,5494.935,715.6384,3598.069,2922.067,15087.273,17663.04,17476.26,3657.697,15050.452
,,,,,,,,1201,4998.849,665.7202,3367.917,2703.97,14451.198,16012.9,15894.37,3376.277,14408.269
,,,,,,,,1202,4764.028,617.1686,3200.653,2660.439,13915.779,14348.96,14631.87,3011.135,13881.775
,,,,,,,,1203,4539.785,583.3735,3123.888,2606.249,13845.602,13461.15,13685.86,2808.994,13535.134
,,,,,,,,1204,4506.995,559.1263,3119.141,2580.875,14168.492,13066.56,13169.43,2708.551,13382.366
,,,,,,,,1205,4447.761,539.6481,3254.267,2651.951,14913.293,13113.08,13261.13,2722.375,13687.428
,,,,,,,,1206,4508.664,548.9349,3441.738,2806.39,16072.474,14010.39,13949.0,2878.572,14169.172
,,,,,,,,1207,4596.227,552.3655,3549.084,2903.129,17119.834,15245.18,14530.31,3195.981,14324.025
,,,,,,,,1208,4716.962,567.9589,3435.986,2719.563,17551.903,15707.04,14058.21,3475.635,14610.994
,,,,,,,,1209,5039.562,605.9567,3176.308,2571.665,17727.525,14724.82,13989.77,3738.801,15219.696
,,,,,,,,1210,5380.093,664.4045,3217.96,2628.704,18271.129,14030.13,13044.18,3599.629,15835.255
,,,,,,,,1211,5863.701,725.8295,3244.592,2761.589,18874.118,13411.67,13177.78,2179.975,16461.428
,,,,,,,,1212,6339.408,801.3247,3407.183,2975.532,19684.778,12822.18,13256.39,1973.947,17329.398
,,,,,,,,1213,6822.634,876.9019,3680.032,3357.805,20749.491,13286.97,14084.43,2058.669,18202.992
,,,,,,,,1214,7363.707,942.7204,3976.733,3540.74,21588.876,14258.25,15189.53,2341.101,18876.861
,,,,,,,,1215,7892.647,1007.879,4277.18,3752.875,22089.507,15332.94,16685.52,2616.232,19191.812
,,,,,,,,1216,8205.029,1042.309,4648.871,3904.689,22867.158,17161.94,18569.35,3022.853,19829.592
,,,,,,,,1217,8448.327,1076.226,5010.755,4834.017,23399.617,18722.37,19906.56,3452.279,20566.566
,,,,,,,,1218,8451.68,1095.806,5088.423,4964.725,23052.335,20326.17,20841.26,3734.035,20691.764
,,,,,,,,1219,8025.076,1050.238,5021.284,4814.719,22034.694,20826.71,20373.94,3764.175,20034.671
,,,,,,,,1220,7545.914,975.8422,4802.959,4452.862,20809.463,20508.16,19367.52,3750.792,19354.251
,,,,,,,,1221,7120.698,932.4677,4526.933,4078.71,19518.793,20375.41,19052.41,3763.663,17992.273
,,,,,,,,1222,6694.424,846.1796,4125.433,3560.51,17732.965,19498.08,18501.64,3652.674,16084.497
,,,,,,,,1223,6205.743,776.3127,3827.943,3051.121,16189.659,18450.01,17985.14,3593.734,14606.833
,,,,,,,,1224,5702.253,715.7374,3523.724,2719.441,15159.681,17627.43,17009.8,3584.603,13904.369
,,,,,,,,1225,5261.171,672.18,3310.633,2543.838,14572.563,15956.76,15542.08,3305.323,13313.769
,,,,,,,,1226,5025.293,613.6824,3162.985,2404.803,14006.004,14393.4,14189.96,2954.943,12799.491
,,,,,,,,1227,4837.013,588.6816,3091.177,2306.871,13923.831,13426.33,13381.65,2720.715,12560.993
,,,,,,,,1228,4754.508,565.4448,3094.15,2303.551,14249.373,12991.5,12942.25,2638.501,12534.478
,,,,,,,,1229,4758.739,547.9872,3255.326,2373.313,15113.247,13136.96,13002.54,2667.059,12823.461
,,,,,,,,1230,4776.275,561.6135,3413.268,2567.428,16167.135,14042.26,13519.35,2817.305,13420.546
,,,,,,,,1231,4968.556,559.9984,3476.959,2689.678,16998.829,15487.53,13867.74,3134.087,13425.943
,,,,,,,,1232,5043.03,578.8743,3396.901,2539.642,17736.469,15577.15,13416.45,3003.588,13376.709
,,,,,,,,1233,5145.948,614.8508,3234.832,2308.884,18133.022,15717.29,12906.4,3233.846,13645.072
,,,,,,,,1234,5390.835,661.269,3307.175,2260.847,18467.648,14538.9,12810.88,2258.165,14301.652
,,,,,,,,1235,5742.671,707.5452,3415.714,2322.268,18599.992,12458.02,12942.0,2090.565,15082.392
,,,,,,,,1236,6069.235,791.9288,3632.441,2518.372,18994.978,12071.29,13036.45,2002.327,15915.379
,,,,,,,,1237,6510.152,851.902,3905.391,2717.614,19535.152,12144.02,13878.39,1995.469,16883.348
,,,,,,,,1238,7056.959,928.8395,4244.216,2996.134,20207.081,13014.57,15490.89,2351.244,17294.583
,,,,,,,,1239,7570.033,996.8717,4657.347,3211.115,20823.404,14341.24,17360.36,2661.96,17711.398
,,,,,,,,1240,7949.054,1034.741,4956.56,3309.852,21592.144,16032.63,18876.09,3002.864,18613.791
,,,,,,,,1241,8237.223,1063.863,5287.437,4310.413,21888.104,17919.36,20216.61,3389.529,19650.414
,,,,,,,,1242,8184.068,1095.011,5412.268,4543.421,21527.155,19660.24,21081.8,3787.011,19497.264
,,,,,,,,1243,7771.215,1052.217,5128.25,4357.96,20905.819,20356.53,20549.12,3805.664,18837.048
,,,,,,,,1244,7338.595,975.5032,4896.761,4156.18,20136.213,20071.58,19568.07,3836.858,18220.254
,,,,,,,,1245,6876.357,924.5431,4622.649,3881.541,19263.753,19661.83,19716.23,3910.448,17093.914
,,,,,,,,1246,6400.37,834.9673,4228.088,3406.817,17689.173,18647.63,18914.62,3742.34,15870.872
,,,,,,,,1247,5933.901,763.1216,3904.253,2881.967,16318.517,17730.69,18409.04,3684.888,14666.752
,,,,,,,,1248,5482.241,700.5256,3578.94,2556.302,15312.255,17023.73,17205.69,3664.68,13871.485
,,,,,,,,1249,5165.974,658.4911,3380.022,2400.537,14725.125,15407.31,15775.4,3389.731,13345.655
,,,,,,,,1250,4796.818,613.1274,3224.166,2286.141,14308.91,13947.09,14304.81,3016.624,12816.801
,,,,,,,,1251,4609.597,574.2808,3132.532,2206.309,14196.22,13002.66,13468.81,2818.577,12520.177
,,,,,,,,1252,4582.095,559.8383,3128.567,2192.274,14390.952,12594.04,12854.64,2639.772,12432.21
,,,,,,,,1253,4496.417,539.3498,3279.83,2271.058,15090.447,12741.8,12873.03,2624.753,12739.867
,,,,,,,,1254,4414.524,558.8336,3456.675,2423.437,16121.506,13569.95,13476.57,2756.99,13308.147
,,,,,,,,1255,4534.877,560.4063,3554.184,2538.302,17164.513,14738.87,14124.62,2973.13,13544.509
,,,,,,,,1256,4699.872,590.3892,3474.125,2455.312,17815.213,14499.31,13729.97,2833.707,14092.284
,,,,,,,,1257,4884.238,611.7675,3251.462,2162.44,18281.73,13372.38,12729.85,2592.458,14453.492
,,,,,,,,1258,5152.396,672.3298,3358.855,2079.951,18523.545,12444.84,12565.73,2446.675,15239.275
,,,,,,,,1259,5582.504,732.1479,3488.223,2134.62,18702.394,11710.25,12777.25,2381.942,16064.825
,,,,,,,,1260,6024.364,818.7615,3718.288,2289.667,19120.337,11271.04,12938.71,2241.117,16937.665
,,,,,,,,1261,6470.123,886.262,4003.6,2495.88,19615.288,11398.76,13887.93,2311.193,17805.476
,,,,,,,,1262,6961.927,952.1337,4407.452,2791.559,20246.956,12533.66,15332.66,2687.352,18559.496
,,,,,,,,1263,7483.462,1012.125,4774.134,3084.65,20541.439,13782.04,17135.5,2900.356,19023.09
,,,,,,,,1264,7775.137,1064.74,5120.612,3261.008,20975.491,15404.71,18988.21,3338.198,19634.356
,,,,,,,,1265,8049.554,1105.981,5388.688,4364.771,21234.343,17483.25,20440.51,3652.38,20545.043
,,,,,,,,1266,8042.33,1110.406,5393.229,4673.277,21153.273,19553.84,20967.27,4034.944,20714.566
,,,,,,,,1267,7658.036,1061.252,5081.246,4520.207,20693.097,20141.56,20258.73,4045.884,19913.475
,,,,,,,,1268,7118.583,987.9824,4946.971,4360.588,19990.235,19756.71,19523.27,4000.392,19026.845
,,,,,,,,1269,6752.601,939.1426,4672.926,3999.145,18946.89,19277.76,19620.33,4051.691,17861.425
,,,,,,,,1270,6077.755,864.7213,4285.163,3521.101,17272.03,18350.38,18863.42,3883.679,16660.897
,,,,,,,,1271,5618.691,792.5773,3942.703,2956.519,16171.678,17558.78,18120.61,3738.278,15393.454
,,,,,,,,1272,5135.299,716.1353,3643.163,2632.547,15134.497,16954.54,17242.32,3694.842,14565.135
,,,,,,,,1273,4837.013,671.8817,3410.82,2452.031,14501.284,15358.46,15802.35,3431.266,13941.295
,,,,,,,,1274,4469.973,629.5488,3250.284,2298.539,14039.734,13894.04,14316.64,3075.976,13387.744
,,,,,,,,1275,4286.982,588.6816,3134.792,2197.599,13642.77,12985.27,13419.94,2893.067,13040.579
,,,,,,,,1276,4192.842,553.3212,3122.897,2186.259,13869.435,12514.82,12840.43,2747.823,12968.832
,,,,,,,,1277,4173.803,549.2957,3178.426,2255.598,14502.252,12577.7,12701.93,2724.591,13150.988
,,,,,,,,1278,4146.913,560.9014,3362.209,2418.001,15411.8,13504.37,13296.58,2854.372,13674.444
,,,,,,,,1279,4259.25,565.3481,3423.068,2495.774,16457.599,14656.12,13893.39,3164.952,13846.09
,,,,,,,,1280,4239.635,572.5615,3274.282,2453.257,17070.057,14226.9,12947.11,3156.417,14180.655
,,,,,,,,1281,4470.657,608.8364,3119.401,2293.076,17605.594,13452.99,12595.33,2911.641,14462.37
,,,,,,,,1282,4670.061,655.8726,3159.241,2317.808,18029.125,12479.29,12292.9,2329.134,15005.956
,,,,,,,,1283,5220.753,709.1735,3255.399,2439.092,18193.021,11326.86,12008.87,2220.839,15952.955
,,,,,,,,1284,5748.291,807.1047,3565.405,2655.614,18848.228,11313.33,12562.96,2238.854,16584.024
,,,,,,,,1285,6210.362,858.9954,3975.691,2947.351,19412.013,11703.09,13880.53,2300.507,17267.411
,,,,,,,,1286,6777.267,918.2969,4300.005,3298.014,19918.088,12626.41,15247.23,2536.283,18055.637
,,,,,,,,1287,7352.301,1004.813,4951.601,3587.891,20417.217,13987.4,17459.5,2859.482,18595.087
,,,,,,,,1288,7740.677,1053.936,5241.293,3815.527,21108.315,15500.67,18521.98,3142.449,19435.746
,,,,,,,,1289,8009.36,1081.289,5476.82,4764.019,21102.748,17512.94,20097.47,3556.724,20315.068
,,,,,,,,1290,8050.181,1097.587,5459.48,4877.096,20841.464,19450.72,20728.81,3854.216,20243.095
,,,,,,,,1291,7624.188,1052.176,5211.289,4812.3,20262.934,20343.91,19935.57,3814.731,19390.992
,,,,,,,,1292,7012.808,970.9808,4825.945,4409.655,19624.851,19680.76,18779.79,3797.302,18641.466
,,,,,,,,1293,6564.321,903.1699,4492.917,4085.204,18772.371,19235.07,18463.67,3827.105,17626.126
,,,,,,,,1294,5927.555,837.5846,4143.745,3541.998,17489.679,18617.84,17934.63,3660.644,16443.837
,,,,,,,,1295,5521.378,758.3685,3840.03,3057.671,16274.545,17792.63,17334.13,3609.35,15400.486
,,,,,,,,1296,4980.867,702.5461,3588.138,2629.851,15285.903,16963.06,16742.52,3574.923,14606.84
,,,,,,,,1297,4637.098,611.0652,3361.256,2454.169,13802.384,15337.12,15675.89,3394.409,13887.223
,,,,,,,,1298,4321.888,580.856,3214.321,2311.693,13361.666,14065.2,14373.93,3107.095,13355.383
,,,,,,,,1299,4147.359,540.7423,3126.862,2201.675,13107.115,13023.21,13326.88,2880.177,12904.936
,,,,,,,,1300,4036.295,509.9781,3067.386,2159.883,13046.018,12386.58,12762.71,2744.68,12693.892
,,,,,,,,1301,3947.444,503.063,3043.109,2198.033,13361.202,12095.41,12316.93,2693.757,12600.649
,,,,,,,,1302,3844.272,502.3533,3127.662,2234.535,13843.374,12104.59,12285.47,2670.179,12744.936
,,,,,,,,1303,3679.739,495.3418,3001.216,2215.177,14460.911,11972.13,11771.14,2660.477,12952.534
,,,,,,,,1304,3726.506,488.2902,2867.401,2171.014,14988.737,11400.84,10881.5,3099.611,13281.488
,,,,,,,,1305,4012.98,511.3623,2831.343,2143.556,15541.076,10782.46,10193.15,3413.676,13594.179
,,,,,,,,1306,4359.423,549.6443,2817.534,2280.098,16067.761,10374.88,10170.04,2052.686,14352.214
,,,,,,,,1307,4820.271,602.552,2930.927,2390.435,16456.649,9993.774,10233.24,1896.734,15244.35
,,,,,,,,1308,5379.167,676.535,3123.861,2620.917,16619.279,10012.3,10914.05,2236.865,15931.347
,,,,,,,,1309,5969.476,757.9846,3400.529,2801.076,16830.358,10239.14,12600.13,2644.521,16663.259
,,,,,,,,1310,6511.864,831.3914,3859.884,3087.731,17265.851,11270.79,13699.65,3243.889,17591.482
,,,,,,,,1311,7499.992,893.7136,4112.202,3398.035,17802.964,12945.46,15803.24,2961.349,18620.475
,,,,,,,,1312,7806.098,915.8809,4701.36,3578.259,18410.845,14458.96,17199.13,3110.035,19076.177
,,,,,,,,1313,8085.605,970.4189,4611.576,4192.701,18878.183,16416.02,18577.02,3986.465,20147.773
,,,,,,,,1314,7848.918,982.8239,4894.628,4379.641,18879.21,18252.38,19525.21,3772.589,18182.527
,,,,,,,,1315,7458.121,947.2062,4689.841,4400.908,18601.273,19403.88,18898.63,3759.39,17628.588
,,,,,,,,1316,7003.288,894.0168,4430.405,4143.625,17914.623,18734.38,18183.08,3702.823,16998.23
,,,,,,,,1317,6587.591,808.2192,4256.343,3719.237,16869.742,18264.61,17508.91,3665.725,15603.578
,,,,,,,,1318,6005.828,709.0374,3906.389,3221.499,15678.761,17382.31,17075.29,3530.582,15076.577
,,,,,,,,1319,5746.679,625.4236,3655.563,2830.984,14622.269,16280.81,16043.59,3368.75,14293.314
,,,,,,,,1320,5290.789,584.9545,3460.333,2558.495,13757.115,16126.41,16116.35,3484.309,13604.22
,,,,,,,,1321,4982.983,548.8239,3299.611,2460.999,13257.151,15075.17,15249.36,3352.441,12955.595
,,,,,,,,1322,4668.831,519.1697,3142.05,2317.586,12769.059,13760.45,14048.04,3051.808,12465.755
,,,,,,,,1323,4466.8,490.4261,3065.285,2242.021,12520.574,12760.79,13109.33,2846.808,12154.302
,,,,,,,,1324,4308.137,466.7339,3019.46,2229.623,12550.697,12111.36,12590.85,2710.704,12012.002
,,,,,,,,1325,4210.824,457.3429,3024.207,2229.991,12809.063,11703.23,12196.4,2623.572,11883.954
,,,,,,,,1326,4112.453,449.4041,3063.438,2260.801,13302.62,11592.94,12083.92,2586.675,11939.342
,,,,,,,,1327,4138.731,433.3147,2963.191,2243.608,13795.565,11411.99,11373.24,2452.892,12014.015
,,,,,,,,1328,4361.418,417.7254,2836.76,2102.193,14395.786,10885.94,10494.71,2173.213,12162.291
,,,,,,,,1329,4934.065,440.683,2802.911,2031.548,15151.561,10598.36,10732.58,2125.577,12720.963
,,,,,,,,1330,5025.092,481.2258,2843.166,2160.748,15560.815,10051.64,10362.42,2026.017,13428.825
,,,,,,,,1331,5505.716,533.362,2958.754,2484.52,15897.485,9435.788,10844.54,2051.569,14202.066
,,,,,,,,1332,5899.521,611.8898,2944.182,2685.786,16116.71,9534.507,10881.26,2564.963,15043.479
,,,,,,,,1333,6394.465,690.2798,3107.668,2949.141,16504.351,9804.706,12342.71,3629.442,15885.626
,,,,,,,,1334,6562.398,719.9235,3487.255,3178.063,17009.737,10749.06,14204.04,2244.782,16797.265
,,,,,,,,1335,6895.756,790.9823,3857.328,3414.316,17633.083,12247.85,16492.16,3015.791,17696.463
,,,,,,,,1336,7335.958,863.4507,4217.751,3651.763,18261.657,13899.61,17910.95,3424.672,18473.78
,,,,,,,,1337,7553.058,926.9677,4483.583,4232.253,18824.223,15848.85,19429.3,3475.191,19104.072
,,,,,,,,1338,7585.455,925.0761,4738.607,4441.037,19070.277,17996.63,20539.27,3898.893,18974.372
,,,,,,,,1339,7324.844,892.7474,4682.532,4354.974,18904.849,19011.33,20532.64,3971.295,18240.116
,,,,,,,,1340,7014.923,834.5584,4514.468,4041.561,18291.132,18914.52,19790.84,3960.686,17275.402
,,,,,,,,1341,6649.999,772.0297,4338.405,3607.794,17001.483,18270.89,18886.06,3958.448,16366.342
,,,,,,,,1342,6093.622,706.7012,4029.875,3136.032,15859.788,17268.02,17812.89,3763.992,15574.161
,,,,,,,,1343,5629.269,649.1566,3731.813,2735.547,14562.562,15969.47,16810.2,3504.208,14582.247
,,,,,,,,1344,5220.977,607.4785,3530.476,2496.52,13583.383,15976.84,16717.87,3665.084,13824.477
,,,,,,,,1345,4254.192,489.3734,3049.997,2011.937,12940.145,13525.06,13706.46,3159.134,12315.786
,,,,,,,,1346,4056.393,454.9659,2911.202,1952.678,12696.221,12351.39,12564.13,2834.323,11953.81
,,,,,,,,1347,3943.213,437.3356,2878.767,1932.628,12733.704,11559.61,11877.14,2647.736,11775.955
,,,,,,,,1348,3879.748,419.8622,2897.879,1976.426,13125.76,11243.41,11665.42,2574.526,11853.547
,,,,,,,,1349,3904.076,426.95,2990.589,2082.857,14101.337,11360.8,11728.54,2601.227,12224.123
,,,,,,,,1350,3927.834,442.8479,3233.848,2273.385,15389.216,12336.93,12464.03,2754.939,12741.665
,,,,,,,,1351,3885.513,450.083,3388.928,2324.923,16532.119,13583.06,12803.23,3127.041,13191.361
,,,,,,,,1352,3848.148,440.7108,3598.824,2179.333,16957.503,13653.76,12639.67,3337.316,12604.485
,,,,,,,,1353,3873.273,448.3529,3739.817,1880.084,17147.869,12894.79,13535.25,3347.206,13241.072
,,,,,,,,1354,3991.813,471.518,3111.705,1686.008,17217.341,11531.3,13167.2,2356.225,13236.932
,,,,,,,,1355,4138.021,509.2547,2770.002,1599.024,17433.111,10179.5,10987.9,1762.998,13490.65
,,,,,,,,1356,4434.274,559.7993,2929.143,1606.132,17239.797,9440.052,9803.902,1695.993,14581.343
,,,,,,,,1357,4658.922,615.5943,2742.686,1653.019,17593.18,9588.529,10642.55,1837.674,15034.571
,,,,,,,,1358,4845.252,685.5463,3167.655,1752.999,17647.054,10208.47,11567.74,1995.584,15686.581
,,,,,,,,1359,5702.148,732.316,3635.522,1942.496,17544.986,11221.72,12956.1,2323.1,16309.009
,,,,,,,,1360,5618.907,782.1729,4075.595,2167.868,18004.238,12200.38,14446.26,2541.753,17040.429
,,,,,,,,1361,5687.755,809.1903,4121.883,2794.535,18293.261,13923.12,15749.99,3131.651,17395.039
,,,,,,,,1362,5736.019,802.8276,4176.452,3088.312,18760.787,15987.61,17231.7,3520.33,17302.206
,,,,,,,,1363,5461.086,772.2645,4240.071,3156.101,18675.438,16987.3,17302.84,3636.63,16913.267
,,,,,,,,1364,5497.05,734.4965,4146.438,3091.073,18203.302,17046.08,17148.4,3609.696,16309.029
,,,,,,,,1365,5201.937,683.0396,4010.112,2870.559,17159.301,16665.79,17075.37,3607.391,15399.419
,,,,,,,,1366,4901.536,625.6364,3712.191,2549.427,15921.16,16303.63,16566.54,3487.839,14534.423
,,,,,,,,1367,4572.575,560.5644,3426.529,2266.179,14776.426,15917.6,16148.33,3476.84,13544.93
,,,,,,,,1368,4243.615,510.9452,3224.133,2137.682,13916.422,15398.46,15365.99,3481.242,12755.596
,,,,,,,,1369,4045.815,478.6165,3132.827,2093.829,13384.655,13956.86,14097.89,3212.774,12083.586
,,,,,,,,1370,3861.766,450.0142,2973.215,2035.573,13127.146,12617.42,12952.68,2919.262,11670.365
,,,,,,,,1371,3760.222,430.3632,2897.375,1979.746,13138.403,11732.96,12214.0,2716.303,11465.011
,,,,,,,,1372,3717.912,417.2293,2879.531,1995.106,13523.563,11409.65,11906.09,2603.581,11524.38
,,,,,,,,1373,3731.663,414.6278,2975.998,2104.277,14509.103,11604.99,11999.42,2610.857,11749.593
,,,,,,,,1374,3809.366,427.9501,3202.128,2291.486,15781.11,12564.35,12686.4,2782.799,12245.364
,,,,,,,,1375,3715.702,439.0695,3245.711,2375.048,16886.524,13733.06,13028.58,3098.46,12284.382
,,,,,,,,1376,3652.951,426.211,3092.891,2259.352,17217.858,13835.25,12246.86,3382.318,11883.464
,,,,,,,,1377,3617.297,419.709,2924.281,2053.113,17121.702,12753.02,11671.84,2951.496,11845.285
,,,,,,,,1378,3635.838,436.3288,2698.351,1822.976,17163.756,11518.59,11150.64,2106.309,11875.905
,,,,,,,,1379,3747.14,466.8364,2558.709,1805.78,17162.385,10371.3,10315.54,1822.663,12346.864
,,,,,,,,1380,3873.987,500.5043,2570.962,1852.844,17183.149,9586.666,9920.87,1676.141,14288.758
,,,,,,,,1381,4144.855,559.8718,2723.875,1953.794,17093.257,9702.281,10611.28,1833.342,13971.939
,,,,,,,,1382,4465.115,619.1525,3018.952,2133.918,17235.78,10229.75,11634.48,2031.804,14390.783
,,,,,,,,1383,4818.333,678.1588,3372.528,2372.215,17544.258,11500.37,13034.66,2302.184,15188.093
,,,,,,,,1384,5221.513,726.4369,3837.428,2612.597,18029.74,12904.38,14643.08,2614.851,15916.42
,,,,,,,,1385,5563.998,758.4777,4142.154,3265.222,18529.606,14739.45,16301.01,3130.975,16654.971
,,,,,,,,1386,5706.401,798.3318,4434.252,3479.244,18915.829,16867.7,17637.66,3605.096,16755.842
,,,,,,,,1387,5620.807,769.674,4388.081,3529.552,18885.905,17865.33,17474.82,3686.069,16559.598
,,,,,,,,1388,5395.506,726.5978,4241.842,3457.775,18278.468,17686.7,17297.59,3697.252,16015.206
,,,,,,,,1389,5017.889,669.2361,4078.961,3158.119,17116.461,17379.86,17360.36,3693.811,15024.545
,,,,,,,,1390,4721.718,618.3083,3744.954,2805.331,15892.649,17120.06,16860.46,3567.643,14137.811
,,,,,,,,1391,4345.159,559.4552,3471.968,2459.025,14714.181,16695.41,16445.93,3525.133,13123.578
,,,,,,,,1392,4010.909,510.2913,3266.599,2315.124,13875.544,16113.9,15653.24,3502.168,12435.431
,,,,,,,,1393,3856.478,476.9939,3144.428,2230.436,13387.12,14453.92,14339.47,3178.799,11867.646
,,,,,,,,1394,3745.414,447.5382,3005.214,2139.833,13109.761,13195.78,13196.68,2859.121,11528.036
,,,,,,,,1395,3694.642,421.5272,2947.997,2080.998,13080.399,12288.24,12458.43,2658.618,11242.264
,,,,,,,,1396,3702.046,404.3521,2922.224,2091.713,13441.926,11841.89,12051.15,2549.584,11248.547
,,,,,,,,1397,3743.298,402.049,2992.917,2195.871,14452.363,12019.22,12130.99,2532.495,11536.051
,,,,,,,,1398,3801.962,416.3815,3189.519,2387.035,15811.046,12955.1,12794.38,2690.898,11910.947
,,,,,,,,1399,3732.139,425.737,3244.074,2451.605,16886.573,14162.75,13070.47,2873.969,11982.987
,,,,,,,,1400,3643.431,409.6758,3042.746,2317.227,16989.146,14403.92,12340.87,2666.611,11790.548
,,,,,,,,1401,3701.917,413.5335,2889.49,2175.958,16868.651,13531.65,11821.11,2323.027,11732.44
,,,,,,,,1402,3712.971,450.9143,2802.377,2043.542,16737.823,12441.4,11346.79,2096.3,12317.011
,,,,,,,,1403,3858.608,500.6042,2794.594,2080.113,16800.043,11278.09,10512.19,1814.771,12979.676
,,,,,,,,1404,4075.852,570.6011,2948.1,2176.443,16988.945,10978.08,10890.19,1813.918,13859.664
,,,,,,,,1405,4332.968,630.5236,3244.544,2422.943,17219.108,11441.7,11866.95,1941.52,14562.317
,,,,,,,,1406,4734.188,704.075,3623.751,2730.967,17554.303,12497.69,13519.33,2247.242,15406.837
,,,,,,,,1407,5154.127,753.2352,3949.195,3036.921,18102.776,13745.52,15272.5,2482.857,15989.577
,,,,,,,,1408,5647.216,814.1917,4377.647,3334.597,18649.409,15132.83,16672.76,2841.928,16709.127
,,,,,,,,1409,5908.825,857.2609,4660.288,3897.136,19201.4,17126.64,18713.34,3381.461,17561.739
,,,,,,,,1410,6077.672,869.7239,4982.628,4136.25,19420.235,19484.42,19968.81,3798.62,17673.403
,,,,,,,,1411,5884.187,826.3669,4865.295,4184.381,19189.554,20330.09,19238.41,3753.351,16991.338
,,,,,,,,1412,5567.919,780.2598,4582.624,3861.613,18572.753,19861.76,18394.63,3727.592,16044.753
,,,,,,,,1413,5105.682,715.1556,4273.596,3382.143,17334.096,18965.48,18229.83,3745.811,14979.035
,,,,,,,,1414,4829.609,648.5184,3902.129,2922.99,16008.216,18103.37,17553.58,3644.971,14083.905
,,,,,,,,1415,4398.046,578.5936,3590.903,2578.59,14852.999,17450.76,16929.63,3597.224,13059.79
,,,,,,,,1416,4076.49,530.8953,3361.466,2410.684,13938.343,16662.33,16113.86,3572.942,12307.706
,,,,,,,,1417,3943.213,487.1965,3262.666,2336.065,13440.377,14918.68,14815.62,3262.919,11693.754
,,,,,,,,1418,3839.553,457.7409,3090.949,2211.645,13160.492,13564.1,13598.35,2943.838,11249.865
,,,,,,,,1419,3743.298,437.7917,2997.838,2147.162,13092.093,12657.41,12719.54,2707.732,10956.464
,,,,,,,,1420,3721.085,419.0513,2969.805,2156.875,13398.219,12182.33,12277.23,2614.877,10959.499
,,,,,,,,1421,3730.605,417.4601,3032.568,2264.041,14295.905,12305.15,12366.85,2618.252,11268.331
,,,,,,,,1422,3786.095,424.2653,3285.949,2445.18,15529.658,13203.52,13020.89,2750.489,11742.779
,,,,,,,,1423,3698.291,432.8806,3355.96,2509.75,16618.955,14369.8,13286.98,2820.483,11891.75
,,,,,,,,1424,3610.641,410.7725,3230.622,2405.771,17065.76,14872.06,12669.19,2684.74,11663.706
,,,,,,,,1425,3693.456,423.8641,3107.214,2293.56,17104.089,14255.41,12583.76,2534.273,11900.413
,,,,,,,,1426,3885.955,468.1318,3124.615,2240.298,17181.917,12843.92,11921.24,2217.912,12664.706
,,,,,,,,1427,4119.386,534.8115,3286.003,2312.499,17347.935,12194.61,11592.23,2029.362,13549.914
,,,,,,,,1428,4458.841,620.6019,3581.833,2471.081,17591.518,11857.27,12569.22,1945.258,14610.965
,,,,,,,,1429,4864.613,676.0875,3916.93,2772.586,17699.408,12403.08,14100.9,2072.605,15574.02
,,,,,,,,1430,5320.266,749.6255,4286.908,3131.652,18018.262,13720.16,15784.25,2448.118,16619.15
,,,,,,,,1431,5855.499,786.2349,4665.191,3463.48,18309.991,15497.93,17684.09,2833.908,17270.287
,,,,,,,,1432,6198.875,865.8155,4992.987,3723.545,18652.429,17023.21,19165.53,3169.616,17850.074
,,,,,,,,1433,6504.909,914.9316,5235.294,4302.122,19073.098,18844.97,20730.56,3607.969,18584.506
,,,,,,,,1434,6626.158,912.9385,5355.537,4532.837,19217.702,20804.15,21896.27,3972.131,18520.445
,,,,,,,,1435,6323.154,850.7562,5159.475,4386.172,19070.886,21529.22,20998.58,3964.814,17545.962
,,,,,,,,1436,5909.573,805.2614,4852.945,3964.836,18453.639,21249.05,19460.6,3916.116,16552.667
,,,,,,,,1437,5335.214,709.2517,4579.966,3537.863,17319.747,19756.95,19264.08,3894.262,15711.795
,,,,,,,,1438,4961.828,640.3371,4227.82,3057.436,16029.678,18484.66,18404.9,3722.63,14716.696
,,,,,,,,1439,4546.131,575.1655,3838.788,2726.702,14839.151,17742.23,17528.22,3595.895,13695.156
,,,,,,,,1440,4221.402,526.9122,3606.377,2480.546,13934.553,16825.4,16776.99,3554.74,12903.625
,,,,,,,,1441,4020.429,478.1612,3461.425,2404.235,13456.354,15131.44,15297.34,3240.991,12148.063
,,,,,,,,1442,3857.535,447.2399,3261.952,2315.269,13097.207,13743.11,13975.81,2925.185,11781.858
,,,,,,,,1443,3765.511,426.5787,3140.303,2194.279,13118.954,12777.32,13030.23,2706.673,11539.961
,,,,,,,,1444,3745.414,409.4036,3118.218,2183.942,13424.864,12307.08,12596.45,2581.894,11454.02
,,,,,,,,1445,3748.587,402.8026,3144.009,2306.413,14253.742,12411.68,12596.04,2569.9,11773.192
,,,,,,,,1446,3820.514,408.1422,3337.427,2457.844,15332.003,13288.87,13290.07,2749.017,12306.44
,,,,,,,,1447,3700.406,415.1921,3387.026,2521.205,16389.822,14331.67,13515.36,2789.327,12544.122
,,,,,,,,1448,3664.099,404.3542,3290.616,2417.746,16814.294,14687.67,13038.22,2661.1,13204.357
,,,,,,,,1449,3732.676,421.2022,3153.709,2309.381,16997.289,14020.8,12879.97,2569.196,13719.893
,,,,,,,,1450,3944.215,468.843,3174.986,2387.77,17095.271,12782.44,12609.64,2318.321,13853.823
,,,,,,,,1451,4429.152,539.2791,3317.291,2537.991,17307.029,11648.34,12354.06,2119.975,14961.743
,,,,,,,,1452,4876.01,623.8338,3615.015,2713.692,17546.724,11176.49,13459.7,2154.174,15161.409
,,,,,,,,1453,5492.12,684.5099,4050.028,3035.248,17636.936,11503.01,14723.72,2375.666,15933.902
,,,,,,,,1454,5959.242,777.9972,4471.86,3297.999,17871.868,12252.11,16189.07,2622.53,16612.571
,,,,,,,,1455,6574.377,826.6022,4864.642,3617.279,18215.323,13856.99,18191.61,3007.886,17788.363
,,,,,,,,1456,6937.28,866.6692,5222.854,3850.274,18519.71,15089.94,19704.54,3189.463,17752.328
,,,,,,,,1457,7020.284,914.0495,5417.083,4417.721,18834.901,16974.56,21159.38,3649.193,18045.039
,,,,,,,,1458,6906.461,941.952,5458.301,4583.597,18847.047,18807.31,22461.27,4034.66,16921.145
,,,,,,,,1459,6523.068,879.101,5395.07,4413.507,18622.835,19572.09,22188.29,4120.911,16294.732
,,,,,,,,1460,6093.622,813.7982,4995.638,4065.308,17990.611,18614.0,20422.63,4036.754,15561.967
,,,,,,,,1461,5653.597,723.4366,4652.192,3517.981,16891.672,18055.5,19468.72,3921.237,14804.737
,,,,,,,,1462,5068.661,706.9006,4237.32,2990.436,15782.268,17120.3,18611.63,3727.224,14272.925
,,,,,,,,1463,4669.888,643.2942,3900.111,2671.777,14771.536,16562.04,17788.97,3613.146,13518.239
,,,,,,,,1464,4380.064,593.6907,3630.604,2394.332,13864.162,15758.55,16901.81,3540.995,12827.72
,,,,,,,,1465,4151.59,544.84,3447.101,2281.607,13265.067,14501.19,15406.9,3265.893,12245.519
,,,,,,,,1466,3978.119,506.3914,3243.941,2186.627,12895.485,13389.21,14155.51,2952.982,11786.158
,,,,,,,,1467,3950.617,471.1307,3105.927,2132.437,12733.413,12545.73,13171.21,2732.448,11464.541
,,,,,,,,1468,3816.283,450.4695,3035.111,2097.35,12862.273,12005.71,12651.46,2575.668,11359.847
,,,,,,,,1469,3823.687,439.7699,3002.189,2138.507,13230.193,11869.22,12338.47,2485.455,11374.892
,,,,,,,,1470,3812.052,425.0291,3044.118,2186.727,13817.123,11897.69,12291.94,2505.453,11522.605
,,,,,,,,1471,3611.555,423.2408,3030.674,2151.6,14470.075,11923.01,11967.69,2625.008,11722.233
,,,,,,,,1472,3623.013,430.4451,2927.229,1982.724,15094.931,12450.15,11713.26,2405.531,11764.163
,,,,,,,,1473,3760.177,446.744,2980.707,1823.298,15743.539,11153.33,11692.48,2024.01,12351.523
,,,,,,,,1474,4038.925,495.6675,2905.326,1844.079,16196.41,9803.222,10807.04,1830.517,12448.617
,,,,,,,,1475,4389.766,545.1016,3006.877,1856.982,16405.924,9045.433,10509.31,1751.171,12920.78
,,,,,,,,1476,4726.047,602.3484,3144.979,1958.912,16343.653,8952.83,11671.91,1989.56,13567.751
,,,,,,,,1477,5344.439,645.0793,3335.321,2176.292,16231.371,8724.189,13149.93,2714.282,14452.14
,,,,,,,,1478,5911.488,720.6213,3786.547,2394.416,16324.454,10015.17,14658.44,2886.5,15182.92
,,,,,,,,1479,6174.547,764.1035,4090.511,2678.009,16581.855,11084.65,16491.3,3062.469,15590.715
,,,,,,,,1480,6685.868,811.7983,4220.153,2836.208,16694.033,12429.83,18214.89,3454.222,16098.74
,,,,,,,,1481,6777.25,864.3571,4659.185,3470.815,17035.618,14954.28,19297.41,3513.51,16791.362
,,,,,,,,1482,6566.437,871.0443,4740.009,3575.18,17128.657,16433.05,19623.54,3877.533,16712.326
,,,,,,,,1483,6185.646,846.7541,4673.802,3430.73,17061.951,17179.24,19095.78,3907.954,16291.826
,,,,,,,,1484,5871.494,804.6882,4412.644,3289.212,16799.276,17055.97,17755.35,3793.174,15657.495
,,,,,,,,1485,5509.743,736.2133,4177.887,2975.209,15959.425,16458.89,17268.19,3715.724,14928.643
,,,,,,,,1486,5218.861,673.6172,3893.148,2668.914,15072.298,15776.42,16603.7,3514.556,14293.847
,,,,,,,,1487,4878.265,621.9775,3616.894,2411.107,14148.056,14925.63,15611.81,3333.078,13454.372
,,,,,,,,1488,4535.554,571.2067,3357.282,2171.711,13441.141,14976.43,15389.95,3463.266,12741.992
,,,,,,,,1489,4311.311,530.995,3253.576,2092.771,12972.49,14133.08,14465.88,3274.484,12075.676
,,,,,,,,1490,4121.973,499.0634,3096.015,2011.826,12658.287,13099.08,13290.17,3032.788,11682.619
,,,,,,,,1491,3979.177,468.2992,3007.355,1984.068,12567.066,12244.04,12444.31,2786.281,11409.366
,,,,,,,,1492,3881.864,450.1138,2958.278,1965.967,12708.605,11674.28,11925.01,2660.193,11236.797
,,,,,,,,1493,3846.958,441.7331,2903.549,1989.08,13138.154,11345.81,11708.5,2601.085,11184.476
,,,,,,,,1494,3777.146,428.0027,2932.591,2038.938,13752.236,11370.52,11501.53,2564.188,11333.801
,,,,,,,,1495,3679.418,407.3318,2874.368,2064.522,14295.908,11651.72,11377.71,2377.842,11591.182
,,,,,,,,1496,3615.442,403.4108,2749.648,2009.45,14929.213,12482.45,10704.83,2437.686,12007.119
,,,,,,,,1497,3759.606,417.8174,2457.893,1894.828,15348.319,12569.17,10268.0,1986.521,12490.391
,,,,,,,,1498,3974.319,467.0972,2346.986,1790.685,15361.501,10842.61,11491.57,1898.231,13203.203
,,,,,,,,1499,4269.752,512.4611,2428.6,1537.519,15394.517,8467.372,9115.941,1726.147,13721.051
,,,,,,,,1500,5537.958,588.6293,2686.18,1366.862,15612.184,8365.727,9416.048,1768.597,14386.803
,,,,,,,,1501,4946.166,638.5051,2690.143,1680.003,15775.518,8865.799,10472.18,1877.712,14997.82
,,,,,,,,1502,5544.305,696.3202,3090.0,1797.11,15774.426,9889.821,12601.39,2045.998,15937.219
,,,,,,,,1503,5348.206,770.5115,3334.7,1872.23,16126.196,10697.84,13977.5,2398.67,16873.984
,,,,,,,,1504,5855.212,834.2977,3913.872,1743.469,16353.545,10643.73,15090.95,2836.07,16932.633
,,,,,,,,1505,5815.267,862.5545,4222.619,2342.064,17000.74,12517.14,16579.48,3266.638,17159.023
,,,,,,,,1506,5436.758,859.1383,4404.672,2683.001,17260.818,14208.83,17535.91,3562.201,17095.053
,,,,,,,,1507,5353.196,827.9903,4288.729,2754.435,17380.61,15219.43,17170.32,3690.782,15948.081
,,,,,,,,1508,5229.439,785.411,4109.206,2621.783,17079.888,15216.62,16346.62,3619.578,15275.398
,,,,,,,,1509,5014.715,726.1119,3928.692,2487.762,16195.141,14985.35,15946.01,3492.052,14037.837
,,,,,,,,1510,4778.837,663.9712,3652.093,2255.273,15151.963,14759.45,15432.36,3326.777,13565.6
,,,,,,,,1511,4501.706,615.2626,3374.36,2040.885,14087.771,14005.01,14733.7,3173.705,12705.536
,,,,,,,,1512,4181.207,561.6595,3152.921,1887.382,13389.704,14305.02,14800.94,3419.368,12099.753
,,,,,,,,1513,3322.313,343.2374,2631.85,1680.111,14572.251,11852.28,12421.95,2870.308,9280.7458
,,,,,,,,1514,3264.137,328.9362,2566.913,1663.013,14447.013,10767.12,11524.89,2565.368,9014.6457
,,,,,,,,1515,3237.693,312.0594,2520.323,1663.96,14624.254,10071.12,10749.81,2355.886,8986.5037
,,,,,,,,1516,3250.386,310.9079,2542.635,1707.49,15334.728,9834.777,10500.36,2250.929,9030.9762
,,,,,,,,1517,3340.295,316.0905,2668.42,1820.036,16752.13,10104.8,10806.23,2241.011,9419.913
,,,,,,,,1518,3510.593,336.8985,2925.071,2010.988,18707.844,11161.32,11654.39,2419.892,10025.9004
,,,,,,,,1519,3387.687,343.9757,2985.419,2166.747,20380.004,12626.09,12077.95,2517.634,9718.6672
,,,,,,,,1520,3159.101,313.7547,2711.26,1988.498,20727.053,12399.04,11219.03,2297.755,9320.4453
,,,,,,,,1521,2943.87,300.6571,2391.8,1688.83,19967.721,10714.48,10189.05,1890.451,8757.502
,,,,,,,,1522,2822.717,289.7436,2059.451,1332.272,19183.208,9212.799,9403.504,1677.934,8577.3025
,,,,,,,,1523,2709.269,293.3505,1863.362,1214.943,18411.907,7622.354,7811.497,1331.927,8640.3509
,,,,,,,,1524,2686.724,315.8094,1800.87,1087.091,17799.463,6291.61,7105.381,1233.749,9074.362
,,,,,,,,1525,2701.865,360.399,1876.302,1065.395,17444.074,6062.146,7601.425,1324.872,9512.393
,,,,,,,,1526,2830.816,406.8834,2101.466,1156.836,17243.417,6127.193,8689.817,1526.956,10066.294
,,,,,,,,1527,3076.421,444.6954,2315.305,1418.61,17141.193,6859.104,9803.359,1824.944,10664.638
,,,,,,,,1528,3411.177,487.9375,2661.547,1704.086,17527.577,8281.058,10895.1,2233.904,11366.341
,,,,,,,,1529,3839.679,538.5809,3134.302,2159.233,18234.336,10624.89,12976.36,2802.59,12365.47
,,,,,,,,1530,4222.459,569.0142,3551.399,2508.115,18902.896,12909.99,14557.72,3300.721,12781.389
,,,,,,,,1531,4186.496,554.1329,3617.779,2572.147,19257.234,13823.95,14415.66,3215.828,12306.3524
,,,,,,,,1532,4083.894,510.957,3543.484,2480.688,18728.972,13960.4,14142.77,3229.386,11954.3453
,,,,,,,,1533,3968.599,485.4115,3383.928,2358.429,17987.889,14103.91,14621.96,3308.333,11477.9603
,,,,,,,,1534,3817.341,463.2689,3226.995,2170.05,16862.662,13854.52,14430.24,3152.721,10839.5851
,,,,,,,,1535,3618.483,412.7227,3011.559,1975.923,16135.263,13845.11,14177.9,3096.094,10218.903
,,,,,,,,1536,3454.532,381.6444,2817.739,1823.69,15374.49,13409.18,13818.64,3121.729,9704.047
,,,,,,,,1537,3360.392,349.1006,2696.073,1776.963,15031.825,12413.9,12932.74,2866.629,9321.7707
,,,,,,,,1538,3292.696,332.5221,2606.563,1774.535,14861.607,11256.01,11902.47,2576.635,9051.2773
,,,,,,,,1539,3257.79,317.6659,2538.375,1763.14,15008.654,10486.83,11100.08,2356.512,8955.5126
,,,,,,,,1540,3269.425,315.0903,2537.107,1798.918,15703.062,10145.94,10772.83,2248.878,9035.3591
,,,,,,,,1541,3366.739,317.9956,2652.197,1892.74,17042.259,10364.41,11007.4,2227.25,9350.3465
,,,,,,,,1542,3571.942,334.3488,2896.171,2082.277,18864.311,11379.01,11772.78,2395.895,10006.0305
,,,,,,,,1543,3457.136,354.3667,2969.843,2268.89,20458.102,12791.78,12227.49,2475.031,9730.1801
,,,,,,,,1544,3197.874,318.4831,2714.267,2088.602,20685.307,12464.2,11307.71,2230.876,9285.0929
,,,,,,,,1545,2946.681,303.4646,2435.583,1695.912,20049.041,11070.09,10383.81,1814.595,8811.7911
,,,,,,,,1546,2765.599,294.364,2153.92,1349.786,18770.61,9699.676,9403.923,1593.468,8683.8658
,,,,,,,,1547,2681.767,306.319,2006.404,1221.301,18089.781,8024.441,8171.149,1359.516,8774.51
,,,,,,,,1548,2721.267,328.9193,2011.339,1166.233,17520.328,7094.204,7517.864,1246.949,9403.904
,,,,,,,,1549,2774.123,378.2971,2155.242,1267.67,17375.923,7028.731,8132.041,1300.567,9919.894
,,,,,,,,1550,2978.175,435.9686,2477.653,1361.716,17048.268,6985.325,9432.398,1489.863,10512.122
,,,,,,,,1551,3302.054,487.8831,2739.968,1597.099,17166.417,7971.06,10466.62,1809.788,11069.631
,,,,,,,,1552,3645.635,544.5483,3180.199,1896.238,17631.207,9351.462,11584.88,2243.305,11826.655
,,,,,,,,1553,4001.515,591.1921,3580.019,2376.124,18111.83,11277.31,13399.82,2773.869,12721.115
,,,,,,,,1554,4290.156,614.7194,3912.871,2612.988,18433.711,14021.66,15049.76,3322.094,13021.464
,,,,,,,,1555,4242.557,569.3141,3794.122,2585.661,18616.761,14295.14,14791.38,3319.164,12409.0311
,,,,,,,,1556,4142.07,538.0051,3639.885,2487.195,17934.396,14046.96,14458.07,3315.666,11874.8994
,,,,,,,,1557,3988.696,510.2976,3509.229,2367.786,17175.365,14092.0,14568.07,3386.464,11343.4608
,,,,,,,,1558,3824.745,466.0855,3288.645,2169.438,16038.946,13890.38,14395.48,3236.399,10853.2375
,,,,,,,,1559,3594.155,418.8425,3080.025,1962.435,15074.793,13988.23,14376.56,3188.083,10211.867
,,,,,,,,1560,3415.395,385.0317,2883.231,1839.596,14406.805,13511.55,13956.83,3127.459,9758.19
,,,,,,,,1561,3318.082,355.1624,2730.767,1792.368,13906.847,12478.46,13023.97,2882.403,9445.0331
,,,,,,,,1562,3242.982,332.5221,2629.363,1762.193,13745.068,11332.31,11979.85,2590.551,9316.293
,,,,,,,,1563,3210.191,320.6968,2564.93,1759.186,13816.791,10579.91,11195.0,2367.972,9210.8037
,,,,,,,,1564,3237.693,316.8127,2566.635,1782.934,14417.048,10201.68,10858.33,2259.52,9101.4132
,,,,,,,,1565,3335.006,319.4196,2687.464,1884.508,15709.306,10506.27,11081.11,2253.069,9405.5434
,,,,,,,,1566,3525.401,337.1968,2924.289,2076.785,17455.342,11521.48,11913.79,2427.038,10021.0275
,,,,,,,,1567,3397.902,361.7189,3004.009,2267.247,18616.772,12937.75,12252.18,2500.849,9817.367
,,,,,,,,1568,3159.795,323.4101,2718.967,2044.046,18886.071,12665.0,11415.08,2328.036,9366.475
,,,,,,,,1569,2949.491,316.7633,2445.542,1672.81,18658.029,11222.69,10578.38,1909.184,9276.9869
,,,,,,,,1570,2778.986,313.8815,2183.063,1444.594,17967.029,9909.72,9613.815,1641.416,9428.6325
,,,,,,,,1571,2709.964,326.516,2057.421,1341.02,17321.98,8300.523,8287.59,1337.605,9719.889
,,,,,,,,1572,2744.901,375.782,2070.101,1298.368,17218.098,7303.36,7609.742,1290.166,10154.876
,,,,,,,,1573,2830.547,431.7765,2166.701,1312.955,16990.076,7160.084,8093.483,1408.087,10788.808
,,,,,,,,1574,3139.317,504.8592,2513.033,1353.869,16848.07,7020.992,9435.175,1702.546,11339.483
,,,,,,,,1575,3473.772,566.1647,2753.25,1608.364,17110.337,7919.22,10676.77,1948.329,11857.698
,,,,,,,,1576,3820.858,626.6972,3188.009,2075.767,17630.445,9128.631,11725.99,2341.351,12582.652
,,,,,,,,1577,4077.673,662.9724,3581.067,2431.927,18557.017,11071.35,13505.3,2841.953,13474.048
,,,,,,,,1578,4296.502,680.7609,3925.197,2627.116,18892.994,13601.33,15087.3,3403.322,13720.101
,,,,,,,,1579,4254.192,645.1603,3864.933,2618.731,18773.08,14263.69,14695.36,3237.989,12933.397
,,,,,,,,1580,4158.994,590.3577,3693.567,2523.907,18068.719,14073.59,14269.25,3178.547,12475.6976
,,,,,,,,1581,3997.158,545.9148,3541.227,2396.224,17031.608,13960.59,14512.56,3205.124,12062.8414
,,,,,,,,1582,3812.052,502.2993,3315.896,2192.128,15931.376,13797.69,14365.15,3123.305,11503.37
,,,,,,,,1583,3571.942,455.7682,3078.251,1968.082,15115.868,13947.81,14433.4,3109.033,10799.892
,,,,,,,,1584,3378.374,411.2994,2886.205,1833.949,14401.677,13475.27,13915.29,3074.472,10199.14
,,,,,,,,1585,3273.656,376.9752,2724.038,1765.201,14096.424,12392.14,12971.41,2828.561,9788.521
,,,,,,,,1586,3191.152,350.7075,2624.406,1741.141,13915.054,11312.19,11931.34,2545.722,9545.688
,,,,,,,,1587,3162.593,334.5427,2559.974,1741.141,13994.641,10550.96,11174.18,2337.28,9453.6835
,,,,,,,,1588,3177.401,331.6688,2567.417,1764.254,14622.917,10213.82,10853.87,2216.549,9513.3704
,,,,,,,,1589,3254.617,329.5226,2684.49,1871.475,15825.875,10479.65,11053.42,2202.731,9859.279
,,,,,,,,1590,3428.088,345.2792,2935.975,2081.162,17573.337,11509.74,11856.78,2374.052,10582.3251
,,,,,,,,1591,3303.067,362.5826,3007.764,2225.259,18885.018,12923.18,12207.0,2438.83,10306.6784
,,,,,,,,1592,3067.076,324.72,2713.128,1995.112,19220.059,12453.67,11281.8,2238.032,10243.505
,,,,,,,,1593,2916.369,327.0088,2374.148,1654.654,18718.164,10943.8,10316.59,1880.581,10001.276
,,,,,,,,1594,2814.255,328.3095,2132.216,1409.187,18087.087,9435.276,9337.972,1543.367,9951.872
,,,,,,,,1595,2756.867,351.6671,2007.209,1187.308,17529.315,7696.107,7849.485,1276.501,10022.308
,,,,,,,,1596,2810.118,386.4906,2037.451,1099.911,17246.203,6842.651,7397.289,1165.365,10534.998
,,,,,,,,1597,2916.557,444.3735,2135.609,1079.841,17117.441,6693.022,7857.578,1156.575,11254.64
,,,,,,,,1598,3120.609,508.5464,2437.089,1181.272,17011.798,6983.114,8966.315,1466.895,11936.5
,,,,,,,,1599,3460.354,567.1931,2735.02,1574.304,17011.451,8103.726,10179.43,1777.035,12464.168
,,,,,,,,1600,3784.895,627.6012,3167.193,1785.145,17427.87,9084.202,11334.3,2145.48,13082.714
,,,,,,,,1601,4128.082,662.3109,3530.1,2276.059,18012.926,11296.73,13281.55,2851.805,13796.461
,,,,,,,,1602,4327.177,677.6563,3841.567,2533.316,18529.413,13726.21,14786.61,3327.957,13824.066
,,,,,,,,1603,4251.019,607.8883,3822.087,2530.846,18677.491,13819.28,14554.07,3202.098,13105.063
,,,,,,,,1604,4149.475,558.2111,3739.794,2464.248,18025.027,13810.82,14403.53,3152.981,12726.5281
,,,,,,,,1605,3989.754,524.8555,3538.549,2346.155,16978.015,13962.75,14596.03,3235.681,11917.8229
,,,,,,,,1606,3812.052,489.9928,3396.343,2158.566,15932.228,13951.55,14477.63,3159.914,11292.665
,,,,,,,,1607,3581.462,441.3258,3111.536,1967.503,14840.524,14030.99,14428.53,3134.701,10615.177
,,,,,,,,1608,3394.24,399.9294,2902.275,1855.636,14228.168,13529.38,13923.36,3125.003,10075.651
,,,,,,,,1609,3299.042,362.433,2726.248,1767.261,13800.913,12457.72,13014.93,2886.083,9698.2083
,,,,,,,,1610,3211.249,339.0392,2614.93,1736.129,13602.485,11320.79,11982.65,2600.153,9379.9024
,,,,,,,,1611,3169.997,325.7483,2555.731,1736.764,13721.561,10582.42,11213.28,2390.074,9250.8457
,,,,,,,,1612,3175.285,322.8744,2570.391,1766.894,14301.321,10244.85,10886.45,2271.394,9269.6437
,,,,,,,,1613,3278.945,321.4402,2674.578,1869.782,15476.939,10485.3,11072.15,2258.201,9495.222
,,,,,,,,1614,3421.741,337.9088,2921.106,2075.459,17173.215,11511.82,11867.8,2423.388,10172.8877
,,,,,,,,1615,3333.379,355.2031,2997.642,2220.323,18413.307,12869.15,12348.57,2487.568,9917.1417
,,,,,,,,1616,3117.485,316.4716,2707.139,2040.143,18630.533,12466.52,11267.45,2308.705,9569.396
,,,,,,,,1617,2930.451,314.1642,2437.452,1617.25,18397.588,11087.35,10335.53,1926.635,9650.282
,,,,,,,,1618,2788.506,312.1357,2236.309,1426.341,17916.123,9720.668,9413.284,1716.953,9526.811
,,,,,,,,1619,2757.199,328.5456,2170.939,1305.545,17253.035,8015.767,8361.683,1430.348,9914.912
,,,,,,,,1620,2814.681,374.126,2227.328,1258.678,16834.549,7265.38,8128.437,1404.799,10472.725
,,,,,,,,1621,2911.599,434.6586,2306.73,1267.948,16599.257,7101.116,8736.075,1461.286,11141.498
,,,,,,,,1622,3184.406,491.958,2595.586,1380.549,16216.814,7403.474,9718.891,1729.202,11646.546
,,,,,,,,1623,3531.917,556.8561,2964.969,1742.209,16232.995,8289.679,10919.6,1996.732,12151.881
,,,,,,,,1624,3892.422,606.4166,3376.176,2082.96,16792.246,9861.229,11732.86,2390.169,12728.754
,,,,,,,,1625,4172.508,648.2567,3761.182,2530.499,17422.12,12373.35,13881.89,2909.569,13574.677
,,,,,,,,1626,4291.213,649.2681,4117.022,2651.934,17791.272,14967.23,15407.99,3482.358,13423.59
,,,,,,,,1627,4209.767,593.1891,3879.235,2499.402,17964.432,14525.96,14497.5,3227.897,12346.479
,,,,,,,,1628,4109.28,544.4067,3739.59,2370.86,17255.254,14353.3,14465.37,3254.213,11981.5654
,,,,,,,,1629,3964.368,501.2881,3521.844,2254.672,16460.375,14320.0,14675.72,3295.506,11366.2134
,,,,,,,,1630,3807.821,471.2202,3320.876,2073.734,15498.859,13846.69,14345.1,3132.536,10934.001
,,,,,,,,1631,3603.675,432.0596,3099.369,1906.518,14791.148,13938.62,14375.59,3149.341,10322.081
,,,,,,,,1632,3418.568,394.6213,2929.198,1760.355,14198.11,13265.79,13731.93,3087.927,9762.64
,,,,,,,,1633,3313.851,362.8468,2810.8,1710.219,13742.853,12467.84,13057.2,2896.365,9373.0339
,,,,,,,,1634,3219.711,337.1756,2648.147,1675.656,13569.223,11501.16,12126.98,2654.022,9090.5237
,,,,,,,,1635,3171.054,322.8744,2576.061,1673.651,13605.905,10683.15,11338.13,2426.619,8928.8857
,,,,,,,,1636,3164.708,317.5247,2543.349,1667.268,13993.295,10167.87,10881.1,2289.77,8839.7147
,,,,,,,,1637,3195.383,312.3319,2578.339,1707.791,14726.797,10083.5,10725.03,2206.461,8963.3294
,,,,,,,,1638,3270.483,318.4093,2675.292,1791.844,15641.097,10321.53,10842.59,2219.46,9301.3881
,,,,,,,,1639,3087.98,327.5046,2616.635,1838.92,16634.773,10779.52,10550.83,2062.203,9174.4202
,,,,,,,,1640,2884.417,283.9289,2345.663,1635.279,17132.126,10037.65,9005.703,1715.101,9047.3035
,,,,,,,,1641,2703.035,281.9767,2153.602,1437.494,16944.769,8843.744,8194.749,1403.793,9072.8453
,,,,,,,,1642,2617.845,293.0147,2031.982,1290.548,16411.959,8077.991,7589.105,1309.032,9160.805
,,,,,,,,1643,2604.883,321.8374,2067.999,1230.332,15836.444,7081.136,6780.979,1124.259,9387.723
,,,,,,,,1644,2682.825,359.4442,2119.456,1258.656,15359.357,8171.253,6849.764,1185.84,9826.671
,,,,,,,,1645,2813.592,414.3546,2370.012,1330.261,15063.989,8001.709,7487.461,1309.212,10461.802
,,,,,,,,1646,3080.051,484.6309,2649.786,1518.966,15062.469,7665.749,8728.951,1434.694,11071.919
,,,,,,,,1647,3433.546,547.6238,3045.657,1977.96,15177.587,8929.522,10062.46,1762.724,11694.258
,,,,,,,,1648,3840.229,596.0743,3506.932,2297.389,15652.722,10741.38,11519.85,2253.866,12397.684
,,,,,,,,1649,4133.008,652.7123,3924.85,2750.177,16329.987,12986.44,13397.88,2846.232,13113.344
,,,,,,,,1650,4222.459,627.0581,4190.857,2961.168,16701.867,15407.97,14771.52,3411.994,12988.04
,,,,,,,,1651,4131.493,582.291,4121.032,2628.746,16815.15,14509.08,14124.67,3192.231,12231.206
,,,,,,,,1652,4048.988,530.933,3793.255,2447.083,16353.709,14269.19,14038.98,3114.373,11508.0066
,,,,,,,,1653,3891.383,489.6779,3608.707,2359.6,15640.024,14075.82,14167.19,3192.583,10946.768
,,,,,,,,1654,3736.951,465.9701,3377.01,2102.795,14929.545,13298.95,13349.29,2959.508,10584.104
,,,,,,,,1655,3531.748,435.7609,3151.051,1963.07,14157.258,12980.88,13181.67,2882.64,10086.789
,,,,,,,,1656,3350.872,392.0041,2965.456,1752.747,13618.943,12900.07,13179.97,2983.735,9569.741
,,,,,,,,1657,3259.906,357.34,2815.53,1694.124,13259.243,12359.24,12757.02,2904.551,9210.9156
,,,,,,,,1658,3155.188,332.3808,2710.942,1667.001,13070.749,11404.07,11946.58,2647.695,8934.1538
,,,,,,,,1659,3120.282,319.0899,2604.094,1671.958,13081.628,10604.51,11164.28,2426.647,8785.7725
,,,,,,,,1660,3092.781,309.7406,2568.618,1689.635,13400.196,9999.55,10635.14,2288.759,8704.2562
,,,,,,,,1661,3132.975,305.1028,2535.21,1674.018,14068.726,9877.442,10437.17,2177.397,8761.9406
,,,,,,,,1662,3162.593,307.8511,2612.128,1730.314,14961.279,9999.133,10514.79,2175.064,9098.5254
,,,,,,,,1663,3011.459,307.9456,2520.34,1750.447,15786.385,10586.87,10116.21,2060.423,8870.243
,,,,,,,,1664,2809.316,267.9701,2275.0,1585.804,16218.511,10232.48,8769.033,1782.185,8662.554
,,,,,,,,1665,2678.344,267.2851,2142.454,1631.365,16195.632,8822.98,7769.902,1504.282,8731.6736
,,,,,,,,1666,2594.574,277.1972,2077.295,1533.958,16168.474,7993.223,7164.982,1320.323,8802.864
,,,,,,,,1667,2608.751,305.5972,2116.427,1635.603,15857.038,7136.059,6252.846,1239.861,9377.903
,,,,,,,,1668,2686.693,353.5962,2196.408,1517.834,15740.698,6580.909,6519.165,1279.527,10218.348
,,,,,,,,1669,2906.311,422.0542,2472.065,1659.197,15594.999,6808.363,7109.573,1306.936,10992.302
,,,,,,,,1670,3359.992,485.9379,2771.733,1909.257,15551.234,7402.019,8128.084,1481.156,11552.381
,,,,,,,,1671,3868.977,546.5054,3111.839,2283.595,15673.532,8915.687,9486.979,1926.726,12085.388
,,,,,,,,1672,4270.734,590.6581,3578.279,2572.345,16068.733,10920.78,10817.63,2431.234,12856.627
,,,,,,,,1673,4633.324,632.6061,3959.453,2991.854,16651.558,13160.94,12618.03,2914.191,13691.525
,,,,,,,,1674,4863.457,641.5006,4237.792,3005.957,16958.384,15821.95,14135.49,3536.627,13533.092
,,,,,,,,1675,4533.438,574.9207,4179.166,2939.252,17068.97,14962.12,14135.18,3413.667,12553.478
,,,,,,,,1676,4350.447,534.3776,3900.743,2679.762,16746.402,14415.65,14036.46,3251.303,11867.903
,,,,,,,,1677,4079.663,486.3072,3722.143,2485.379,16034.583,13921.46,14229.49,3247.734,11369.7932
,,,,,,,,1678,3826.86,463.6512,3409.008,2167.01,15130.094,13321.15,13493.95,3108.535,10792.606
,,,,,,,,1679,3495.784,418.7271,3151.747,2096.302,14209.475,12804.99,13175.01,2998.428,10164.348
,,,,,,,,1680,3308.562,376.9909,2963.666,1882.971,13570.18,12856.62,13284.6,3102.049,9551.827
,,,,,,,,1681,3258.848,346.368,2625.188,1685.369,13736.85,11777.9,12500.25,2822.86,9086.8162
,,,,,,,,1682,3196.44,327.0154,2549.138,1671.278,13597.242,10743.05,11528.24,2546.974,8890.7956
,,,,,,,,1683,3159.419,311.8609,2500.775,1679.61,13827.091,10061.08,10799.59,2335.855,8826.7453
,,,,,,,,1684,3180.574,307.9767,2529.035,1713.751,14496.767,9793.322,10514.31,2241.54,8941.7476
,,,,,,,,1685,3300.1,314.1696,2663.028,1821.964,15827.092,10146.97,10797.01,2235.714,9363.9299
,,,,,,,,1686,3470.398,334.5223,2919.956,2043.247,17706.47,11222.16,11669.7,2421.577,9987.9691
,,,,,,,,1687,3421.504,347.0399,3036.786,2235.06,19152.571,12880.14,12347.7,2573.377,9951.6812
,,,,,,,,1688,3242.963,325.0245,2803.439,2191.053,19664.823,13546.04,11498.33,2312.551,9375.5798
,,,,,,,,1689,3021.386,318.9326,2486.461,1731.365,19169.694,12957.4,10296.21,1912.122,9203.1977
,,,,,,,,1690,2885.425,324.7298,2221.053,1422.214,18541.811,10629.52,9480.531,1717.317,9292.1355
,,,,,,,,1691,2849.887,352.4268,2120.626,1372.426,18034.998,8333.129,8668.166,1466.992,9543.605
,,,,,,,,1692,2942.274,392.0452,2205.825,1415.01,17646.243,7677.225,8400.159,1334.891,9895.305
,,,,,,,,1693,3142.158,445.0088,2405.936,1429.599,17471.106,7745.982,8649.351,1456.007,10590.02
,,,,,,,,1694,3496.774,512.6588,2756.794,1602.696,17251.06,8294.741,9885.16,1683.066,11110.882
,,,,,,,,1695,3993.065,569.442,3192.302,1843.46,17323.771,9456.775,11204.0,2157.846,11526.914
,,,,,,,,1696,4346.861,644.2925,3676.754,2317.176,17402.575,10989.33,12417.28,2639.97,12199.187
,,,,,,,,1697,4718.276,663.9813,4036.188,2680.602,17999.379,13192.72,14100.98,3174.043,13131.617
,,,,,,,,1698,4680.466,648.8709,4267.796,2830.013,18362.118,14724.05,14864.19,3324.758,13014.326
,,,,,,,,1699,4434.01,595.085,4118.822,2677.667,18397.461,14532.88,14675.55,3277.115,12251.649
,,,,,,,,1700,4260.539,553.2333,3907.177,2496.105,17762.951,14258.52,14501.35,3256.552,11749.8459
,,,,,,,,1701,4119.857,519.7625,3719.028,2391.311,16825.439,14124.78,14901.51,3275.867,11132.84
,,,,,,,,1702,3807.821,477.8692,3499.645,2161.886,15946.688,13917.28,14464.21,3197.394,10646.0
,,,,,,,,1703,3576.173,430.8091,3251.01,1926.98,14866.692,13832.3,14253.15,3152.94,10029.767
,,,,,,,,1704,3385.778,392.4021,3003.661,1844.609,14139.61,13367.54,13831.77,3125.822,9585.312
,,,,,,,,1705,3292.696,361.2242,2846.746,1780.973,13602.904,12353.53,12933.99,2857.028,9213.4727
,,,,,,,,1706,3219.711,340.6045,2741.167,1748.47,13395.669,11216.6,11893.94,2574.18,9006.8462
,,,,,,,,1707,3182.69,325.7483,2656.127,1762.138,13489.663,10446.8,11078.52,2385.162,8916.1113
,,,,,,,,1708,3214.422,320.1418,2642.963,1784.883,14075.201,10164.17,10749.99,2253.79,9027.4656
,,,,,,,,1709,3309.62,320.3145,2714.647,1883.717,15340.429,10369.84,10938.52,2244.441,9400.0956
,,,,,,,,1710,3475.687,336.6677,2947.717,2069.612,17048.635,11409.81,11736.56,2398.543,10026.9819
,,,,,,,,1711,3423.619,353.5315,3065.133,2291.76,18180.558,13123.48,12529.04,2607.902,9953.5115
,,,,,,,,1712,3211.594,334.5378,2930.884,2215.752,18570.258,13977.77,11947.21,2481.389,9572.619
,,,,,,,,1713,2997.058,333.3652,2774.65,1823.208,18586.421,13584.31,11333.96,2117.163,9866.785
,,,,,,,,1714,2879.773,335.6762,2628.661,1683.639,18243.769,11792.06,10691.26,1955.026,9477.239
,,,,,,,,1715,2846.351,377.9311,2854.127,1622.303,17905.727,10138.17,10063.17,1739.343,9769.775
,,,,,,,,1716,3111.421,430.6508,2947.756,1491.852,17637.468,8867.871,10124.41,1660.505,10241.169
,,,,,,,,1717,3563.587,484.3848,3364.962,1606.459,17526.981,9879.677,11076.71,1735.309,11187.001
,,,,,,,,1718,3395.198,546.6046,3707.573,1700.519,17250.125,11101.05,11970.78,2288.512,12188.654
,,,,,,,,1719,4119.808,622.1335,4236.133,1954.886,17179.27,10886.89,14396.48,2735.33,12655.494
,,,,,,,,1720,4235.372,668.4337,4435.513,2228.492,17362.171,11962.64,15389.54,3203.313,12946.149
,,,,,,,,1721,4439.33,705.5854,4590.64,2482.484,17641.008,12903.94,15989.82,3419.012,13584.535
,,,,,,,,1722,4448.818,659.7628,4557.671,2610.167,18132.322,13740.73,15934.83,3433.785,13052.164
,,,,,,,,1723,4331.408,620.3777,4308.856,2635.942,18008.96,14088.31,15141.44,3283.522,12313.585
,,,,,,,,1724,4275.347,590.1685,4070.725,2557.313,17388.414,14481.6,15310.24,3412.478,11962.661
,,,,,,,,1725,4167.457,538.586,3856.384,2456.318,16591.124,14562.45,15142.33,3372.48,11395.3797
,,,,,,,,1726,3898.787,498.97,3584.321,2264.04,15646.893,14284.51,14933.53,3289.538,11027.981
,,,,,,,,1727,3631.176,453.7477,3282.244,2081.732,14661.232,14304.16,14981.6,3285.231,10208.214
,,,,,,,,1728,3461.936,409.5771,3056.703,1965.911,13993.422,13742.98,14481.39,3237.966,9699.969
,,,,,,,,1729,3364.623,371.7824,2896.814,1895.313,13530.862,12747.63,13560.34,3016.457,9342.051
,,,,,,,,1730,3286.349,351.7178,2768.854,1848.408,13331.341,11647.6,12405.01,2739.531,9152.5513
,,,,,,,,1731,3241.924,335.8513,2717.586,1888.508,13432.253,10861.21,11579.82,2522.682,9018.1047
,,,,,,,,1732,3231.346,327.9259,2689.553,1952.355,13960.709,10558.45,11181.31,2401.354,9085.7956
,,,,,,,,1733,3329.717,330.8312,2820.294,1998.102,15169.585,10720.89,11402.47,2426.827,9425.704
,,,,,,,,1734,3467.225,346.5878,3015.276,2176.344,16816.317,11709.27,12107.63,2588.297,10107.5803
,,,,,,,,1735,3586.419,357.9954,3155.911,2323.055,17947.826,13394.47,13000.51,2807.827,9886.9471
,,,,,,,,1736,3658.44,336.5765,3037.811,2181.875,18362.832,13521.01,12036.62,2537.342,9735.781
,,,,,,,,1737,3234.958,337.4245,2649.629,1860.467,18266.741,11907.27,11155.68,2118.866,9517.244
,,,,,,,,1738,3359.078,351.5283,2415.473,1539.561,18026.203,10504.59,10361.51,1869.078,9642.682
,,,,,,,,1739,3264.006,377.1631,2297.791,1417.478,17718.671,9967.627,9157.11,1595.812,9922.757
,,,,,,,,1740,3479.03,448.1007,2301.243,1296.63,17465.845,8158.455,8541.351,1565.325,10323.381
,,,,,,,,1741,3078.724,485.124,2452.104,1222.694,17343.768,7459.193,8943.223,1533.923,10971.836
,,,,,,,,1742,3338.837,531.17,2724.646,1349.049,17226.591,7795.434,10323.37,1895.405,11605.738
,,,,,,,,1743,3633.793,586.9337,3171.4,1622.155,17153.946,8733.977,12428.52,2163.893,12096.52
,,,,,,,,1744,3988.283,624.4033,3501.571,1895.116,17462.706,9803.406,13362.56,2643.9,12803.188
,,,,,,,,1745,4264.138,651.5856,3798.085,2361.744,17996.302,11854.74,14693.31,3103.478,13434.869
,,,,,,,,1746,4339.87,623.7642,3958.106,2617.028,18343.757,13650.01,15316.39,3359.379,13285.42
,,,,,,,,1747,4277.462,612.1124,3945.214,2612.728,18246.329,14130.06,14965.72,3342.369,13007.818
,,,,,,,,1748,4182.265,569.6226,3820.801,2522.07,17566.404,14076.75,14499.92,3196.997,12793.303
,,,,,,,,1749,4033.122,543.6375,3706.215,2417.276,16689.567,14070.47,14815.98,3231.962,12304.8549
,,,,,,,,1750,3832.149,503.0529,3511.613,2206.163,15693.433,14021.59,15203.92,3278.819,11616.676
,,,,,,,,1751,3596.271,459.5527,3289.896,1963.125,14705.66,14037.75,15097.05,3246.363,10768.218
,,,,,,,,1752,3441.839,414.7856,3065.347,1844.665,14011.61,13604.19,14668.71,3211.174,10253.388
,,,,,,,,1753,3323.371,374.6563,2881.65,1756.546,13606.695,12520.43,13644.21,2965.263,9814.063
,,,,,,,,1754,3242.982,352.7281,2730.472,1730.426,13441.869,11436.29,12418.88,2673.227,9583.965
,,,,,,,,1755,3184.805,337.5736,2657.118,1745.463,13574.923,10649.91,11608.79,2411.578,9368.9745
,,,,,,,,1756,3184.805,330.6585,2645.728,1770.581,14184.414,10387.79,11045.29,2313.959,9411.5679
,,,,,,,,1757,3290.58,332.5535,2737.028,1858.755,15444.704,10618.41,11253.79,2305.457,9697.748
,,,,,,,,1758,3452.416,351.341,2988.512,2043.012,17161.291,11601.54,12074.69,2453.233,10288.3177
,,,,,,,,1759,3421.504,361.274,3060.245,2225.918,18341.97,13470.84,12652.38,2649.421,10151.8646
,,,,,,,,1760,3183.397,335.5247,2803.235,2144.303,18799.55,13658.29,11783.99,2441.858,9644.782
,,,,,,,,1761,2967.473,331.4624,2481.12,1799.856,18798.444,12300.13,10773.86,2082.187,9270.179
,,,,,,,,1762,2828.338,331.1653,2196.559,1437.117,18335.91,10601.68,9918.153,1734.378,9071.059
,,,,,,,,1763,2756.141,340.0894,2086.3,1430.85,18211.034,9310.779,8970.007,1505.569,9092.854
,,,,,,,,1764,2808.334,370.3584,2114.186,1247.847,18050.176,7308.438,8569.146,1415.091,9356.837
,,,,,,,,1765,2926.408,406.7851,2263.562,1347.506,17931.057,8416.847,9175.802,1494.32,9902.473
,,,,,,,,1766,3195.678,453.2357,2609.987,1360.693,17644.681,8726.975,10462.67,1783.033,10571.784
,,,,,,,,1767,3560.445,509.67,2938.797,1581.682,17808.581,8212.821,11732.84,2207.339,11035.682
,,,,,,,,1768,3902.605,566.5919,3262.139,1857.358,17925.261,9605.729,13276.93,2606.137,11796.626
,,,,,,,,1769,4202.788,592.0519,3629.671,2283.207,18522.706,11346.33,15288.74,2981.682,12615.084
,,,,,,,,1770,4314.484,579.9815,3923.689,2533.709,18822.26,13069.04,15645.63,3233.117,12455.576
,,,,,,,,1771,4241.499,554.3684,3903.495,2567.093,18810.841,13740.23,15177.45,3256.046,11913.8925
,,,,,,,,1772,4164.283,507.2824,3763.012,2493.209,18047.972,14013.17,15357.43,3270.709,11586.7968
,,,,,,,,1773,4023.602,492.0707,3619.328,2401.916,16977.946,14124.2,15916.86,3247.593,11170.2753
,,,,,,,,1774,3837.438,470.7971,3488.531,2229.053,15975.13,14044.96,15926.71,3213.974,10724.167
,,,,,,,,1775,3625.887,429.2022,3283.026,1981.85,15018.317,14073.97,15771.1,3204.488,10102.123
,,,,,,,,1776,3456.647,385.33,3039.07,1870.674,14303.461,13584.1,15181.46,3173.299,9623.15
,,,,,,,,1777,3352.988,349.3989,2845.755,1840.421,13897.865,12568.99,13979.42,2887.094,9191.1443
,,,,,,,,1778,3281.061,330.5015,2700.734,1782.755,13720.876,11460.17,12765.42,2588.693,9033.0967
,,,,,,,,1779,3239.808,319.6865,2646.214,1773.365,13807.592,10657.85,11991.97,2367.972,8951.4873
,,,,,,,,1780,3247.213,314.7921,2595.173,1791.521,14286.664,10412.51,11432.19,2278.761,9072.9096
,,,,,,,,1781,3342.41,318.4093,2696.385,1882.803,15437.373,10625.08,11474.15,2256.757,9449.7589
,,,,,,,,1782,3496.842,335.8882,2938.949,2070.167,17087.474,11646.75,12153.67,2415.8,10153.5541
,,,,,,,,1783,3401.407,350.6069,3030.02,2272.576,18339.704,13445.01,12804.77,2646.167,10170.1548
,,,,,,,,1784,3189.018,316.329,2771.17,2266.068,19010.129,14309.42,11845.33,2345.55,9514.673
,,,,,,,,1785,2958.284,306.5033,2454.246,1936.916,19127.168,13129.24,10807.82,1890.802,8855.0962
,,,,,,,,1786,2910.448,297.4027,2205.086,1513.512,18998.016,13155.1,10123.38,1711.668,8564.8721
,,,,,,,,1787,2892.892,308.0076,2147.895,1540.006,18810.987,10765.89,9595.988,1491.204,8539.742
,,,,,,,,1788,3042.698,339.8002,2331.737,1781.175,18417.108,8975.743,8863.401,1507.14,8954.069
,,,,,,,,1789,3199.877,378.3798,2412.604,1336.451,18261.124,7444.538,10656.21,1528.092,9316.389
,,,,,,,,1790,3435.994,417.0554,2491.195,1567.505,17837.702,8450.743,10720.21,1710.813,9709.694
,,,,,,,,1791,3917.051,468.8934,2884.259,1772.922,17796.264,9454.911,12146.19,2015.357,10191.304
,,,,,,,,1792,4030.831,517.4762,3215.531,2063.351,18208.864,10627.46,13538.26,2376.304,10872.56
,,,,,,,,1793,4050.471,541.7937,3618.262,2422.138,18635.996,11759.55,15640.89,2852.07,11845.244
,,,,,,,,1794,4215.055,542.6005,3825.553,2565.478,19001.859,12947.05,16086.25,3037.421,11840.975
,,,,,,,,1795,4151.59,523.0492,3726.058,2540.393,18913.033,13432.21,15649.68,3002.904,11540.7987
,,,,,,,,1796,4078.605,501.8173,3559.229,2483.452,18098.345,13567.13,15030.12,3028.084,11271.3875
,,,,,,,,1797,3962.252,462.5412,3427.01,2384.306,17089.015,13317.46,15662.22,2960.815,10824.7123
,,,,,,,,1798,3820.514,445.6071,3316.525,2184.32,16248.463,13322.5,15514.25,2948.492,10495.035
,,,,,,,,1799,3620.599,411.498,3321.531,1966.98,15406.333,13478.15,15498.91,2983.171,9995.812
,,,,,,,,1800,3448.185,380.0218,3122.546,1804.142,14685.775,12915.73,14605.56,2956.955,9536.057
,,,,,,,,1801,3339.237,346.682,2977.611,1743.614,14196.532,12206.8,13697.06,2780.32,9160.2473
,,,,,,,,1802,3256.732,328.9362,2730.49,1692.063,14014.437,11308.7,12761.93,2555.986,8947.4747
,,,,,,,,1803,3209.134,315.8023,2759.724,1719.443,13975.698,10408.3,11970.21,2327.793,8816.0151
,,,,,,,,1804,3187.979,309.1856,2583.991,1724.823,14231.439,10018.36,11310.36,2210.782,8838.1534
,,,,,,,,1805,3221.827,308.034,2712.16,1763.396,14852.912,9853.271,11222.71,2123.381,9034.2205
,,,,,,,,1806,3278.945,314.5668,2798.923,1850.824,15841.982,10101.76,11175.71,2134.935,9446.3337
,,,,,,,,1807,3160.239,318.587,2751.617,1894.747,16796.175,10922.89,11109.64,2152.273,9304.3772
,,,,,,,,1808,2965.138,286.5605,2580.05,1731.814,17555.934,10480.13,9864.513,1750.543,8855.0831
,,,,,,,,1809,2770.368,282.6875,2402.63,1407.104,18135.589,8892.803,9018.894,1329.188,8390.5979
,,,,,,,,1810,2642.173,285.1877,2259.48,1179.21,18213.641,7578.695,8792.135,1199.664,8139.5584
,,,,,,,,1811,2579.497,296.8028,2166.909,1094.76,17898.369,6322.342,7827.398,1012.992,8139.1298
,,,,,,,,1812,2618.997,318.6338,2125.922,1017.437,17586.496,5595.983,7573.544,993.0596,8299.7325
,,,,,,,,1813,2707.453,352.171,2353.494,1046.521,17230.871,5539.003,8440.607,1013.041,8781.109
,,,,,,,,1814,2909.39,390.1346,2671.672,1204.221,17054.902,5894.754,9127.234,1186.62,9375.504
,,,,,,,,1815,3229.732,444.1501,3115.124,1423.632,17007.358,6845.41,10535.2,1540.931,10079.443
,,,,,,,,1816,3611.724,484.5418,3547.758,1768.741,17262.483,8338.115,11987.56,2079.243,10792.7338
,,,,,,,,1817,4001.452,513.4065,3951.532,2229.359,17979.114,10594.64,14285.66,2717.654,11678.8921
,,,,,,,,1818,4137.839,514.8256,4248.333,2434.051,18317.138,12201.06,15205.91,2942.905,11625.5393
,,,,,,,,1819,4079.663,491.6884,4099.92,2404.968,18165.699,12599.19,14693.67,3016.817,11206.878
,,,,,,,,1820,4022.544,479.5491,3849.043,2347.403,17477.536,12714.68,14567.43,2839.746,10909.2241
,,,,,,,,1821,3892.441,460.2224,3681.625,2325.137,16641.321,12515.19,14834.06,2875.391,10573.3341
,,,,,,,,1822,3759.164,436.2162,3525.978,2149.222,15854.558,12427.76,14353.73,2848.182,10292.5373
,,,,,,,,1823,3574.058,407.0172,3420.953,1994.771,14978.216,12236.19,13960.26,2789.005,9840.642
,,,,,,,,1824,3414.337,372.8084,3192.021,1738.022,14256.008,12286.09,13841.83,2896.966,9417.058
,,,,,,,,1825,3314.909,341.1752,3030.635,1693.801,13716.554,11945.44,13339.05,2859.529,9077.1075
,,,,,,,,1826,3232.404,320.8123,2856.658,1631.591,13442.133,11056.52,12480.1,2642.783,8894.2126
,,,,,,,,1827,3177.401,311.0076,2774.593,1617.133,13387.709,10230.75,11647.3,2412.106,8802.5949
,,,,,,,,1828,3165.766,303.2235,2681.623,1605.738,13604.641,9660.169,11004.12,2237.381,8815.7063
,,,,,,,,1829,3192.209,299.041,2657.136,1630.221,14176.074,9600.11,10780.09,2194.182,8949.5559
,,,,,,,,1830,3236.635,304.8202,2719.185,1682.194,15052.189,9812.545,10778.7,2217.226,9336.7797
,,,,,,,,1831,3134.127,303.1924,2663.807,1750.284,15794.758,10557.16,10554.94,2222.506,9258.5096
,,,,,,,,1832,2906.598,269.1036,2448.415,1605.233,16562.0,9851.986,9116.438,1907.632,8977.2529
,,,,,,,,1833,2776.683,261.3464,2358.771,1421.981,17109.663,8323.474,8555.475,1579.985,8199.2513
,,,,,,,,1834,2682.336,258.6798,2211.755,1193.354,17245.859,7205.895,8124.055,1440.056,7903.2653
,,,,,,,,1835,2722.926,267.4053,2193.248,1167.497,17054.379,6451.5,7585.096,1375.403,7995.4323
,,,,,,,,1836,2707.817,288.6813,2299.23,1110.001,16956.492,5939.966,7708.435,1469.474,8432.4316
,,,,,,,,1837,2829.064,337.3638,2541.966,1182.429,16779.205,6021.614,8826.729,1511.649,8882.6006
,,,,,,,,1838,3065.906,387.1527,2940.121,1435.733,16570.698,6584.355,10448.7,1758.695,9555.609
,,,,,,,,1839,3440.556,441.3512,3350.733,1833.104,16742.456,7659.344,11927.33,2211.604,10151.049
,,,,,,,,1840,3808.798,501.2459,3794.583,2256.405,16959.552,9395.495,13389.23,2578.591,10898.132
,,,,,,,,1841,4131.556,537.8947,4159.371,2715.156,17662.816,12023.57,15319.14,3194.479,11903.4253
,,,,,,,,1842,4202.362,531.9849,4351.045,2855.99,18281.002,13458.63,15802.81,3437.444,11858.3505
,,,,,,,,1843,4141.013,515.3232,4295.393,2769.876,18142.438,13465.54,15054.33,3477.978,11537.8734
,,,,,,,,1844,4047.93,488.8985,4076.599,2398.574,17474.86,13760.52,15147.18,3530.917,11091.806
,,,,,,,,1845,3886.094,459.5841,3794.211,2252.055,16438.111,13457.74,14852.08,3254.503,10507.242
,,,,,,,,1846,3733.778,436.4729,3593.662,2228.096,15483.687,13106.76,14300.44,3147.711,10119.6367
,,,,,,,,1847,3521.17,400.0865,3364.156,1904.447,14481.933,12623.28,13796.38,3055.102,9748.526
,,,,,,,,1848,3352.988,363.8571,3099.469,1749.261,13765.633,12797.95,13777.85,3191.273,9245.626
,,,,,,,,1849,3246.155,337.2753,2965.698,1720.768,13246.518,12095.08,13243.08,3057.983,8941.3884
,,,,,,,,1850,3180.574,318.3779,2822.451,1692.331,13002.846,11014.73,12228.71,2797.65,8788.1535
,,,,,,,,1851,3134.033,309.5836,2738.402,1695.338,13082.508,10297.55,11461.35,2571.797,8776.7977
,,,,,,,,1852,3159.419,312.4732,2711.151,1730.481,13597.881,9916.768,11086.09,2392.35,8938.6453
,,,,,,,,1853,3262.021,311.3372,2824.05,1833.058,14757.379,10299.77,11323.08,2415.367,9370.3588
,,,,,,,,1854,3437.608,329.1144,3052.945,2007.602,16330.795,11360.27,12143.92,2626.173,10091.0627
,,,,,,,,1855,3407.39,352.2047,3207.138,2245.67,17467.367,13229.19,13051.98,2814.994,10024.348
,,,,,,,,1856,3224.981,322.5387,3029.302,2152.396,18058.016,14005.8,12364.5,2733.784,9255.4387
,,,,,,,,1857,3021.386,310.3941,2970.822,1698.396,18159.584,11899.76,12016.77,2522.482,8690.5703
,,,,,,,,1858,2906.58,309.6743,2817.928,1573.111,17969.352,10988.16,11155.6,2301.028,8609.4704
,,,,,,,,1859,2872.1,327.6911,2870.405,1497.702,17723.412,9913.063,10700.73,2119.644,8957.7688
,,,,,,,,1860,2914.078,371.3506,3045.318,1537.254,17603.648,9267.064,10819.46,2372.672,9442.59
,,,,,,,,1861,3044.845,423.4867,3354.179,1690.721,17375.774,9580.495,12473.79,2514.219,9964.832
,,,,,,,,1862,3343.037,487.5611,3704.847,1830.638,16982.971,10192.9,14357.02,2912.067,10484.86
,,,,,,,,1863,3809.349,552.0038,4083.133,2170.997,17181.255,11903.74,15776.95,3283.406,11018.597
,,,,,,,,1864,4109.199,602.4828,4432.814,2517.793,17670.096,13601.3,16637.92,3619.447,11824.647
,,,,,,,,1865,4433.709,637.1601,4762.51,2891.901,18240.157,16383.08,17956.86,4130.399,12689.218
,,,,,,,,1866,4416.028,604.4532,4830.338,3063.294,18822.096,17186.44,17515.13,4169.514,12389.6862
,,,,,,,,1867,4318.715,562.1942,4688.094,2798.714,18748.464,17176.88,16793.67,4187.059,11771.0371
,,,,,,,,1868,4216.113,533.9639,4455.282,2654.076,18104.366,16239.9,16047.74,3848.821,11399.4759
,,,,,,,,1869,4023.602,510.413,4133.101,2414.681,17062.482,15720.29,15872.89,3601.369,10966.0166
,,,,,,,,1870,3821.572,475.1366,3915.768,2306.88,16070.062,15007.37,15610.83,3448.522,10535.9602
,,,,,,,,1871,3587.809,427.7782,3573.886,2018.207,15053.637,14789.5,15298.43,3446.913,9966.239
,,,,,,,,1872,3390.009,391.3918,3217.499,1878.694,14301.699,14139.2,14590.54,3462.255,9485.9542
,,,,,,,,1873,3281.061,356.1727,3045.0,1808.041,13826.949,12968.16,13666.25,3120.608,9163.2864
,,,,,,,,1874,3210.191,335.553,2908.691,1768.52,13582.718,11714.68,12468.19,2841.034,8969.0277
,,,,,,,,1875,3154.13,321.7071,2810.765,1772.163,13731.751,10908.83,11659.29,2591.442,8915.8916
,,,,,,,,1876,3182.69,319.1315,2745.064,1792.903,14483.915,10442.55,11218.35,2443.699,9042.6227
,,,,,,,,1877,3282.118,318.2939,2832.608,1886.725,15667.249,10748.01,11386.51,2468.729,9441.438
,,,,,,,,1878,3440.781,334.6471,3044.861,2073.622,17450.446,11787.14,12138.12,2666.217,10124.662
,,,,,,,,1879,3402.101,358.1511,3205.798,2252.133,18790.647,13722.34,13061.32,2885.198,10153.9508
,,,,,,,,1880,3243.658,328.476,3061.346,2219.607,19533.341,14229.89,12434.5,2809.854,9435.2366
,,,,,,,,1881,3033.717,317.2004,2931.71,1912.219,19141.696,12525.31,12041.43,2557.51,8792.6964
,,,,,,,,1882,3183.917,314.46,2841.412,1861.612,18611.623,11391.26,11200.93,2332.745,8739.8925
,,,,,,,,1883,2877.389,330.1579,2893.39,1746.817,18005.328,10356.05,10385.0,2041.495,8923.367
,,,,,,,,1884,2935.233,370.033,3075.02,1715.809,17388.033,9985.362,10574.2,2102.231,9283.632
,,,,,,,,1885,3052.25,428.8184,3344.028,1757.569,17123.459,10190.28,12026.93,2272.266,9800.442
,,,,,,,,1886,3326.113,511.2441,3830.512,1827.375,16844.619,10874.27,13609.16,2621.435,10399.348
,,,,,,,,1887,3681.724,583.1637,4180.409,2308.059,17031.573,12526.71,15175.14,3187.146,10960.763
,,,,,,,,1888,3993.904,620.5179,4602.797,2555.406,17395.495,14233.12,16613.2,3490.51,11780.864
,,,,,,,,1889,4294.086,644.3892,4918.824,3074.032,18154.743,16685.47,18286.49,3974.195,12511.744
,,,,,,,,1890,4334.581,603.1861,4875.869,3052.267,18840.083,16880.6,16812.95,3937.067,12315.821
,,,,,,,,1891,4270.058,586.0276,4777.727,2762.256,18929.048,16907.33,15948.48,3655.276,11738.529
,,,,,,,,1892,4178.034,554.808,4481.111,2659.568,18755.826,15570.12,15571.32,3381.755,11503.9619
,,,,,,,,1893,3991.869,521.4109,4148.808,2515.465,17759.994,15102.99,15582.4,3400.137,10957.874
,,,,,,,,1894,3822.629,485.8362,3857.912,2245.995,16597.021,14637.63,15405.34,3333.828,10524.245
,,,,,,,,1895,3587.809,442.6344,3548.896,2049.652,15601.935,14854.53,14925.99,3310.781,9981.975
,,,,,,,,1896,3414.337,402.505,3231.167,1923.806,15014.439,14074.19,14448.81,3331.283,9494.164
,,,,,,,,1897,3302.216,366.731,3080.199,1835.163,14661.421,12917.01,13509.84,2984.532,9184.5919
,,,,,,,,1898,3228.173,347.6766,2903.667,1790.263,14429.031,11686.17,12318.67,2683.05,8976.9173
,,,,,,,,1899,3200.672,335.8513,2797.879,1782.243,14521.029,11007.95,11495.92,2509.585,8931.3439
,,,,,,,,1900,3221.827,332.9774,2773.811,1800.979,15052.61,10467.89,11225.3,2376.797,9022.4789
,,,,,,,,1901,3313.851,330.8312,2925.369,1913.892,16243.887,10867.63,11465.19,2380.169,9404.4716
,,,,,,,,1902,3470.398,349.6187,3131.255,2076.094,18111.772,11935.67,12153.24,2587.479,10292.4122
,,,,,,,,1903,3421.141,366.9455,3333.319,2255.061,19622.366,13819.68,12979.2,2865.963,10259.8883
,,,,,,,,1904,3202.074,340.1859,3153.839,2215.869,19919.639,14342.36,12175.0,2757.162,9551.5395
,,,,,,,,1905,2964.631,320.2495,3021.757,1901.598,19319.07,12585.42,11652.21,2440.371,8803.2419
,,,,,,,,1906,2787.085,316.1678,3076.417,1711.748,18400.563,11317.99,11251.53,2022.569,8507.8248
,,,,,,,,1907,2727.582,328.6688,3389.178,1622.856,17687.256,10121.42,10520.7,1785.192,8471.0548
,,,,,,,,1908,2823.838,350.8228,3384.038,1597.128,17101.751,9946.521,11149.54,2007.243,8669.96
,,,,,,,,1909,2896.791,392.1766,3656.73,1754.649,17046.468,10520.55,12905.3,2284.955,9114.634
,,,,,,,,1910,3168.176,446.305,3981.172,2011.965,16816.297,11420.72,14637.4,2783.105,9604.374
,,,,,,,,1911,3506.5,505.6782,4411.708,2442.809,16953.758,12927.31,16523.38,3250.436,10054.482
,,,,,,,,1912,3889.187,533.3339,4759.681,2942.869,17178.798,14642.09,18034.66,3807.971,10710.799
,,,,,,,,1913,4180.907,555.1756,5075.74,3327.821,17843.309,16874.12,19951.23,4061.756,11699.4701
,,,,,,,,1914,4254.192,546.9816,5066.346,3316.769,18594.435,17533.0,19116.45,4299.047,11802.5479
,,,,,,,,1915,4211.882,552.5049,4903.772,2943.552,18588.684,17042.46,17691.38,4083.473,11500.8539
,,,,,,,,1916,4124.088,517.0871,4631.66,2838.858,18015.913,16170.32,17582.13,3998.85,11224.5009
,,,,,,,,1917,3978.119,495.1432,4393.165,2402.239,17335.557,16002.61,17080.58,3988.41,10920.0311
,,,,,,,,1918,3809.936,465.6718,4031.039,2221.2,16098.205,15281.14,16474.58,3829.161,10451.807
,,,,,,,,1919,3596.271,426.2129,3699.291,2067.385,15173.994,15184.64,15871.03,3712.479,9939.476
,,,,,,,,1920,3418.568,393.5694,3362.728,1905.817,14497.197,14482.95,15262.5,3793.179,9493.375
,,,,,,,,1921,3307.504,358.4915,3172.092,1802.661,14019.306,13289.35,14163.07,3443.309,9180.7742
,,,,,,,,1922,3232.404,342.6251,3051.644,1758.495,13785.685,12019.06,12837.55,3071.872,8998.1923
,,,,,,,,1923,3200.672,329.4912,2868.259,1759.498,13892.703,11228.48,11880.84,2797.944,8961.9832
,,,,,,,,1924,3205.96,327.6276,2848.938,1782.611,14505.667,10677.08,11449.3,2568.536,9090.0491
,,,,,,,,1925,3331.833,326.4917,2989.802,1888.83,15799.466,10965.55,11538.88,2478.176,9467.7475
,,,,,,,,1926,3506.362,345.2792,3182.801,2106.169,17529.407,11986.42,12272.62,2651.327,10234.9318
,,,,,,,,1927,3475.781,367.4825,3268.897,2277.75,18818.934,13838.06,13003.29,2903.597,10096.2733
,,,,,,,,1928,3247.194,334.0825,3126.913,2214.699,19286.634,14499.1,12364.51,2686.741,9437.5928
,,,,,,,,1929,3020.329,318.6178,2995.213,1732.698,18551.319,12564.71,11908.77,2550.468,8788.7808
,,,,,,,,1930,2852.998,311.5378,2923.131,1574.026,18057.703,11291.69,11673.42,2350.518,8469.0495
,,,,,,,,1931,2810.055,319.4516,2968.501,1558.767,17565.38,10210.01,11360.3,2213.73,8395.8705
,,,,,,,,1932,2874.247,342.6486,3071.077,1603.12,17099.994,10036.57,11770.49,2492.481,8617.019
,,,,,,,,1933,3018.401,381.0959,3387.605,1697.775,17204.471,10308.58,13331.85,2760.392,8991.948
,,,,,,,,1934,3297.554,433.3191,3779.918,1832.226,16970.752,10705.61,15660.28,3215.571,9571.861
,,,,,,,,1935,3715.208,487.0116,4239.575,2296.335,16981.633,12221.8,17460.57,3700.313,10182.952
,,,,,,,,1936,4172.301,540.1816,4629.715,2598.075,17122.336,13923.87,19142.71,4071.635,10831.289
,,,,,,,,1937,4420.653,569.1043,4860.771,3022.513,17725.205,16544.66,20453.42,4371.182,11807.229
,,,,,,,,1938,4361.025,549.6725,4846.562,2709.146,18252.46,17401.28,19780.88,4448.557,11830.0505
,,,,,,,,1939,4279.578,538.2037,4687.59,2596.165,18389.299,16955.13,17715.38,4043.721,11355.9389
,,,,,,,,1940,4181.207,509.303,4439.059,2693.708,17941.776,15754.16,16437.32,3780.244,10996.2747
,,,,,,,,1941,3995.043,482.978,4187.326,2443.018,17174.055,15349.07,16404.77,3818.87,10595.6672
,,,,,,,,1942,3820.514,453.6221,3859.266,2267.148,16224.343,15027.7,16239.47,3786.941,10318.656
,,,,,,,,1943,3600.501,416.0684,3535.799,1969.82,15416.475,14779.06,15530.17,3632.48,9795.402
,,,,,,,,1944,3423.857,382.2991,3234.35,1868.669,14783.434,14389.93,15131.41,3597.563,9409.311
,,,,,,,,1945,3318.082,351.4195,3026.375,1789.684,14212.223,13286.07,13944.6,3187.807,9126.8336
,,,,,,,,1946,3239.808,334.5427,2929.718,1753.171,14050.862,11845.85,12686.15,2807.565,8979.911
,,,,,,,,1947,3200.672,320.6968,2752.28,1758.183,14164.761,11135.84,11640.74,2598.132,8957.1802
,,,,,,,,1948,3217.595,316.8127,2751.793,1782.989,14885.861,10632.21,11308.37,2442.577,9116.9771
,,,,,,,,1949,3310.678,318.4093,2858.954,1873.536,16174.623,10871.61,11323.29,2408.596,9504.7663
,,,,,,,,1950,3485.207,338.9191,3055.918,2039.113,17850.995,11899.04,12087.09,2561.22,10241.4067
,,,,,,,,1951,3448.279,359.1017,3137.007,2258.446,19382.882,13673.57,12849.35,2836.758,10284.7124
,,,,,,,,1952,3280.316,326.2894,2940.964,2193.733,20262.36,14413.44,12007.62,2636.158,9431.616
,,,,,,,,1953,3054.509,310.2697,2805.07,1755.389,19629.361,12650.93,11486.63,2390.734,8692.0679
,,,,,,,,1954,2917.489,295.5626,2640.948,1462.341,19007.564,11404.53,11458.9,2190.298,8588.109
,,,,,,,,1955,2874.547,306.2,2715.704,1577.881,18412.208,10585.57,11040.59,1942.224,8781.586
,,,,,,,,1956,2934.507,328.3449,2774.138,1514.908,17976.055,9437.639,10714.76,1923.636,8999.694
,,,,,,,,1957,3076.546,367.9438,3090.715,1593.892,17456.981,9224.117,11390.7,1947.268,9208.691
,,,,,,,,1958,3304.595,428.134,3370.578,1835.759,17316.946,9671.938,12513.73,2241.531,9563.372
,,,,,,,,1959,3726.844,477.5636,3763.741,2253.211,17269.259,10792.02,13990.74,2749.633,10194.477
,,,,,,,,1960,4086.623,538.5746,4216.565,2422.272,17531.191,12531.69,15321.77,3470.948,10847.331
,,,,,,,,1961,4286.319,575.2725,4465.254,2769.062,18431.746,15033.28,16618.46,3900.053,11762.515
,,,,,,,,1962,4288.04,551.0966,4404.455,2532.763,19130.078,15152.74,16603.53,3862.894,11607.3897
,,,,,,,,1963,4200.247,536.8951,4242.509,2485.946,19386.519,14535.5,15643.48,3510.106,11184.214
,,,,,,,,1964,4101.876,513.3442,3971.598,2431.378,18896.087,14594.71,15183.28,3451.765,10975.5673
,,,,,,,,1965,3952.733,486.4901,3790.874,2321.204,17850.887,14726.56,15036.95,3359.27,10728.0305
,,,,,,,,1966,3800.417,454.6998,3544.517,2128.871,16998.071,14722.54,14954.16,3281.821,10344.4902
,,,,,,,,1967,3611.079,421.601,3317.566,1954.315,16226.723,14792.13,14613.59,3199.788,9871.567
,,,,,,,,1968,3451.359,389.6695,3081.904,1794.484,15571.145,14311.83,13808.21,3133.801,9418.092
,,,,,,,,1969,3344.526,357.34,2938.238,1831.198,15235.36,13616.21,13163.28,2909.715,9087.3322
,,,,,,,,1970,3252.501,339.7512,2847.737,1786.298,15174.699,12463.45,12091.75,2602.259,8889.8569
,,,,,,,,1971,3200.672,325.45,2672.492,1763.24,15304.068,11804.3,11292.16,2479.132,8778.3959
,,,,,,,,1972,3193.267,318.5349,2593.19,1759.23,15607.763,11271.08,10855.49,2334.695,8822.0455
,,,,,,,,1973,3244.039,315.3628,2617.276,1756.334,16354.321,11182.55,10912.83,2283.551,8975.4826
,,,,,,,,1974,3333.948,323.9161,2718.907,1825.038,17424.754,11372.15,11077.47,2285.441,9403.4118
,,,,,,,,1975,3261.752,323.051,2770.115,1909.658,18673.073,12056.3,11055.15,2331.351,9350.8535
,,,,,,,,1976,3040.57,303.1286,2663.617,1794.625,19560.189,12230.39,9879.431,2378.107,8925.78
,,,,,,,,1977,2827.818,303.3203,2455.185,1425.797,19104.752,10502.22,8750.51,2664.664,8428.8865
,,,,,,,,1978,2678.469,304.2643,2175.218,1135.14,18379.116,9153.488,8848.943,2906.666,8121.9547
,,,,,,,,1979,2608.025,309.9602,2121.109,1041.806,17695.066,7853.986,8696.439,2943.059,8053.557
,,,,,,,,1980,2616.155,343.5064,2082.874,925.2251,17037.096,6969.612,7657.791,2525.126,8187.3237
,,,,,,,,1981,2687.688,366.5047,2493.171,915.3923,16454.342,6759.952,8385.972,2375.821,8628.271
,,,,,,,,1982,2839.91,441.1545,2982.576,1033.714,16182.254,7358.214,10365.96,1624.831,9239.251
,,,,,,,,1983,3178.929,456.2896,3330.972,1283.5,16194.838,8773.089,11105.43,2458.969,9925.758
,,,,,,,,1984,3569.02,499.9376,3442.349,1628.482,16634.467,10313.86,12188.14,2713.897,10737.5975
,,,,,,,,1985,3982.018,520.2375,3435.544,2118.699,17739.901,12178.12,12985.41,2824.634,11574.9795
,,,,,,,,1986,4150.532,514.0978,3587.28,2317.127,18912.03,13077.07,13160.19,2913.829,11469.7964
,,,,,,,,1987,4084.952,514.6113,3563.557,2358.909,19189.777,13060.31,12806.84,2901.647,11119.5593
,,,,,,,,1988,3995.043,474.3406,3470.151,2281.606,18873.099,13640.99,12781.06,3008.357,10857.5212
,,,,,,,,1989,3905.134,448.3554,3316.837,2178.773,18029.029,13730.8,12829.09,2947.797,10570.0358
,,,,,,,,1990,3802.532,427.6785,3239.778,2042.958,17129.794,13675.76,12953.08,2903.318,10190.2282
,,,,,,,,1991,3642.812,396.8727,3042.356,1907.922,16368.06,13351.7,12770.69,2802.621,9809.4029
,,,,,,,,1992,3494.726,368.7256,2919.421,1752.424,15720.524,13421.41,12729.41,2902.777,9440.0571
,,,,,,,,1993,3416.453,338.1443,2758.036,1701.821,15472.531,13034.17,12506.78,2813.123,9040.7321
,,,,,,,,1994,3350.872,321.8225,2673.274,1683.72,15376.746,12028.99,11647.83,2559.096,8816.8919
,,,,,,,,1995,3319.14,308.987,2536.965,1646.94,15412.524,11604.17,11248.07,2492.153,8674.2026
,,,,,,,,1996,3322.313,301.9149,2512.965,1651.373,15716.044,11094.17,10713.3,2317.142,8661.6785
,,,,,,,,1997,3381.547,299.2977,2544.477,1689.568,16416.744,10792.46,10455.44,2189.2,8758.1354
,,,,,,,,1998,3454.532,303.1976,2594.335,1781.006,17371.171,10836.3,10444.17,2174.613,9175.0953
,,,,,,,,1999,3317.481,302.7539,2558.391,1903.566,18455.501,11383.17,9966.913,2232.435,9174.8275
,,,,,,,,2000,3032.139,260.1456,2243.135,1844.085,19462.368,11334.66,8109.789,1640.475,8840.3404
,,,,,,,,2001,2777.44,246.5756,1985.436,1456.521,19306.234,9127.049,6960.903,1191.128,8312.4974
,,,,,,,,2002,2641.842,233.4582,1790.575,1193.997,18716.764,8192.2,6651.715,1000.851,7847.6453
,,,,,,,,2003,2536.855,225.8867,1697.206,1070.586,18101.165,7219.341,5880.426,791.5654,7664.1314
,,,,,,,,2004,2534.045,229.3082,1689.015,947.8701,17356.057,6436.417,5527.195,865.9505,7621.2942
,,,,,,,,2005,2606.635,252.1626,1816.94,942.6702,16825.827,6204.601,5997.678,899.2025,7864.296
,,,,,,,,2006,2791.98,282.7884,2040.642,1033.39,16754.659,6718.409,6824.335,1159.504,8224.5879
,,,,,,,,2007,3086.573,323.1488,2408.411,1279.738,16989.678,7681.799,8143.321,1554.034,8779.31
,,,,,,,,2008,3460.103,370.3947,2899.365,1595.505,17670.915,9417.216,10302.52,2150.701,9650.3505
,,,,,,,,2009,3867.812,413.5424,3267.658,2036.881,19036.69,11683.7,11869.96,2693.542,10931.6827
,,,,,,,,2010,4076.49,435.6408,3432.586,2281.672,20250.791,12548.25,12558.81,2870.106,11213.3188
,,,,,,,,2011,4038.411,438.5147,3468.34,2386.031,20585.351,12666.75,12613.01,2888.183,10908.49
,,,,,,,,2012,4005.62,421.7376,3415.089,2370.036,20134.901,13054.28,12555.69,2917.506,10651.9832
,,,,,,,,2013,3895.614,411.619,3286.415,2316.47,19221.321,13275.03,12442.36,2832.012,10394.0057
,,,,,,,,2014,3786.666,393.7162,3159.152,2115.76,18042.364,12998.5,12496.17,2743.865,10043.6133
,,,,,,,,2015,3571.942,367.731,2964.341,1960.842,17155.421,12560.33,12235.84,2615.169,9544.0267
,,,,,,,,2016,3392.125,341.7459,2813.355,1904.803,16477.753,12165.52,11906.21,2533.776,9221.0699
,,,,,,,,2017,3522.228,308.6369,2938.238,1971.701,17453.491,12785.1,13038.97,2812.858,9265.2204
,,,,,,,,2018,3469.34,300.9525,2843.84,1929.808,17118.773,12205.06,12449.01,2694.071,9176.4522
,,,,,,,,2019,3450.301,298.037,2798.032,1882.691,17159.098,11433.35,11685.34,2502.44,9237.4915
,,,,,,,,2020,3486.264,306.0519,2813.474,1924.851,17546.911,10998.65,11370.91,2368.86,9521.6199
,,,,,,,,2021,3579.346,320.7409,2937.622,2047.055,18445.652,11041.33,11396.5,2329.742,10184.4087
,,,,,,,,2022,3749.645,344.2659,3121.405,2252.264,20210.17,11561.44,11875.49,2389.128,10889.9077
,,,,,,,,2023,3929.462,381.8832,3423.807,2537.393,22169.484,13130.47,12938.53,2660.751,11516.7251
,,,,,,,,2024,3738.963,400.1899,3586.428,2670.825,23464.114,14507.29,13252.0,2499.621,10679.6295
,,,,,,,,2025,3344.392,335.4147,3449.308,2623.906,23773.354,14619.5,13518.55,2169.093,9670.3774
,,,,,,,,2026,3297.422,293.8885,3138.69,2635.221,23906.157,13911.56,12857.55,2245.548,8748.7668
,,,,,,,,2027,3250.2,268.5672,2674.586,2522.929,23677.397,12396.51,11208.29,1667.066,8198.3542
,,,,,,,,2028,3041.645,270.7001,2574.868,2274.735,23180.034,10770.21,10453.16,1314.186,7829.5184
,,,,,,,,2029,2834.148,277.658,2529.089,2536.219,22857.67,10877.59,9612.945,1787.805,7685.771
,,,,,,,,2030,3308.983,301.4507,2449.49,2384.258,22588.407,11882.15,10278.09,2111.594,7774.4833
,,,,,,,,2031,3594.68,335.0919,2641.07,2328.391,22374.125,11969.06,11277.84,2419.004,8605.5689
,,,,,,,,2032,3884.733,354.3048,3154.667,2375.6,22532.232,13213.59,12527.99,2702.532,9221.0951
,,,,,,,,2033,4158.994,391.3343,3458.266,2578.865,23736.598,13939.31,13088.56,2885.938,10801.1703
,,,,,,,,2034,4361.025,427.808,3700.099,2860.175,24519.882,15053.23,13870.98,3135.912,11209.9075
,,,,,,,,2035,4361.025,423.9819,3799.656,2852.088,24194.77,15768.71,14387.32,3237.346,11132.6067
,,,,,,,,2036,4303.906,413.937,3782.159,2818.771,23581.401,15474.28,14306.6,3243.442,11022.1872
,,,,,,,,2037,4221.402,402.2115,3781.932,2692.758,22759.117,14927.74,14109.06,3118.855,10829.5548
,,,,,,,,2038,4062.739,380.9795,3615.868,2513.402,21534.781,14656.76,14489.59,3048.3,10398.444
,,,,,,,,2039,3888.21,355.2511,3495.889,2298.323,20090.246,14118.86,14216.22,2904.624,10043.6748
,,,,,,,,2040,3707.334,333.5638,3297.599,2158.119,18853.535,13908.62,14285.07,2890.197,9784.9945
,,,,,,,,2041,3571.942,318.5507,3156.205,2054.173,17898.402,13714.78,14211.28,3010.824,9549.0739
,,,,,,,,2042,3501.073,311.28,3053.391,1982.305,17524.133,12638.97,13197.35,2797.852,9475.9342
,,,,,,,,2043,3437.608,309.4902,3003.476,1934.553,17473.107,11773.13,12491.18,2581.856,9500.0092
,,,,,,,,2044,3476.745,317.5051,3006.813,1987.106,17718.102,11263.44,12140.54,2435.583,9827.7099
,,,,,,,,2045,3562.422,330.0165,3112.546,2091.532,18498.966,11171.99,12063.13,2391.112,10347.0275
,,,,,,,,2046,3745.413,355.1224,3307.805,2294.413,20115.041,11768.15,12526.26,2444.768,10963.1302
,,,,,,,,2047,3922.058,386.7455,3589.6,2560.918,22106.008,13271.96,13510.68,2697.121,11692.6165
,,,,,,,,2048,3783.011,390.2603,3645.615,2709.971,23109.513,14926.58,13726.7,2849.089,11257.3458
,,,,,,,,2049,3354.592,330.5398,3143.913,2608.276,23469.042,16149.34,13109.28,2486.003,10744.0844
,,,,,,,,2050,3078.289,294.4404,2934.948,2540.081,23530.822,15825.21,11406.54,2032.826,10001.4242
,,,,,,,,2051,2921.69,270.8414,2698.94,2476.473,23306.615,15621.05,10669.66,1540.401,8318.0462
,,,,,,,,2052,2821.455,261.4045,2521.98,2417.331,23156.766,15234.15,9487.955,1289.849,7841.7589
,,,,,,,,2053,2882.177,264.4491,2449.785,2348.1,22829.964,14370.16,9189.008,1454.596,7721.4627
,,,,,,,,2054,3248.817,276.7581,2580.402,2365.582,22531.915,13672.44,9706.873,1796.615,7872.3915
,,,,,,,,2055,3515.6,304.907,2699.259,2345.895,22247.368,14161.13,10890.83,2267.788,8239.7598
,,,,,,,,2056,3640.592,338.9203,3070.344,2429.922,22317.239,14106.07,12161.87,2557.545,9245.2924
,,,,,,,,2057,4115.626,393.8102,3442.774,2559.785,23327.434,14001.07,12979.56,2846.426,10771.1546
,,,,,,,,2058,4325.062,427.5513,3740.254,2825.167,24243.997,14755.1,13580.99,3061.008,11164.0444
,,,,,,,,2059,4304.964,424.0235,3799.866,2793.02,23791.871,15291.68,14036.62,3170.223,11111.1995
,,,,,,,,2060,4228.806,414.7322,3758.788,2761.976,23045.722,15190.43,14160.09,3213.531,11070.6033
,,,,,,,,2061,4152.648,402.8496,3718.128,2654.375,22312.26,14687.19,13936.13,3143.789,10835.4723
,,,,,,,,2062,3992.927,381.0211,3554.619,2500.648,21098.223,14417.84,14312.18,3044.805,10356.1469
,,,,,,,,2063,3805.705,356.0047,3398.325,2287.675,19588.26,13922.49,14116.87,2908.938,10021.4918
,,,,,,,,2064,3630.119,335.7414,3252.155,2124.146,18346.683,13793.45,14265.59,2915.639,9724.9809
,,,,,,,,2065,3509.535,325.8535,3062.176,2050.586,17249.409,13683.75,14122.14,2986.578,9466.8566
,,,,,,,,2066,3441.839,317.4313,2974.299,1980.356,16683.674,12585.09,13102.05,2772.189,9435.095
,,,,,,,,2067,3401.644,316.1965,2927.148,1929.596,16525.271,11774.81,12370.25,2557.676,9505.545
,,,,,,,,2068,3429.146,329.9074,2964.761,1963.313,16725.175,11239.12,11992.34,2409.168,9794.9726
,,,,,,,,2069,3519.055,347.701,3062.354,2077.764,17462.429,11211.8,11982.97,2383.966,10318.4982
,,,,,,,,2070,3689.353,373.9327,3292.098,2269.674,19036.801,11789.95,12513.76,2456.515,11036.0232
,,,,,,,,2071,3849.073,408.545,3576.658,2542.873,20766.205,13371.88,13633.87,2746.655,11647.1924
,,,,,,,,2072,3817.289,410.0413,3626.3,2594.449,21846.121,14903.21,14326.93,2896.947,10599.8053
,,,,,,,,2073,3490.843,394.1357,3334.853,2531.587,22450.552,15826.66,13826.38,2786.703,10026.7762
,,,,,,,,2074,3310.418,334.7317,2877.073,2354.528,22492.797,14939.9,12178.35,1815.038,9006.5874
,,,,,,,,2075,3221.138,281.7439,2524.586,2199.298,22263.304,14319.1,10624.97,1632.698,8798.9072
,,,,,,,,2076,3076.729,269.7022,2479.071,2116.046,22032.83,12839.83,9817.389,1355.152,8109.6486
,,,,,,,,2077,3128.056,272.5898,2381.874,2079.296,21907.204,11754.8,9613.063,1304.569,7802.7491
,,,,,,,,2078,3033.11,305.4764,2303.67,1976.608,21316.638,12491.03,9539.996,1605.406,8351.2021
,,,,,,,,2079,3153.619,316.0215,2604.743,2180.891,21144.773,13745.84,10555.91,1919.76,8754.525
,,,,,,,,2080,3582.667,344.6267,2967.005,2288.972,21447.731,12923.21,11925.99,2255.662,9494.4312
,,,,,,,,2081,4088.125,393.8102,3441.267,2487.173,22299.334,13899.37,13206.47,2887.163,10733.3087
,,,,,,,,2082,4245.73,429.2736,3709.592,2730.397,23254.254,14584.52,13809.31,3083.31,11150.2521
,,,,,,,,2083,4243.615,428.4784,3756.318,2754.022,22858.359,15054.64,14170.89,3163.432,11093.7779
,,,,,,,,2084,4171.688,417.7215,3712.77,2758.701,22209.01,15095.84,14169.1,3164.04,11023.5637
,,,,,,,,2085,4075.432,403.9754,3646.337,2646.623,21591.304,14608.78,13948.39,3114.541,10750.7543
,,,,,,,,2086,3931.578,385.4344,3469.369,2462.209,20289.946,14222.55,14209.55,3038.169,10307.7882
,,,,,,,,2087,3751.76,361.4283,3305.565,2227.715,18983.059,13704.82,14010.12,2903.939,9974.1651
,,,,,,,,2088,3582.52,341.322,3116.979,2045.675,17868.497,13547.45,14125.01,2885.728,9709.3238
,,,,,,,,2089,3456.647,331.5911,2943.489,1960.029,16862.644,13408.95,13935.44,2973.857,9479.3502
,,,,,,,,2090,3391.067,324.1792,2853.838,1889.798,16501.876,12308.21,12875.01,2760.479,9398.8566
,,,,,,,,2091,3348.757,319.3844,2795.144,1873.124,16421.654,11430.44,12139.9,2539.977,9435.6586
,,,,,,,,2092,3356.161,328.9387,2808.184,1917.289,16651.823,10924.32,11727.35,2384.516,9720.7899
,,,,,,,,2093,3448.185,343.2139,2900.039,2060.122,17468.91,10824.53,11660.1,2341.306,10249.3339
,,,,,,,,2094,3592.04,364.42,3120.08,2268.071,19153.575,11423.82,12188.44,2404.408,10988.3789
,,,,,,,,2095,3753.875,396.7551,3387.788,2507.453,21025.144,12984.42,13187.5,2662.115,11689.2324
,,,,,,,,2096,3608.734,406.2195,3309.664,2542.439,22187.67,14368.09,13060.02,2560.455,10729.5558
,,,,,,,,2097,3319.435,350.5278,2991.761,2539.688,22502.722,14786.98,12329.68,2233.606,9648.7586
,,,,,,,,2098,3065.345,310.2427,2603.22,2561.435,22501.453,15297.79,11160.69,1882.1,8878.4537
,,,,,,,,2099,2983.595,279.1391,2285.315,2493.607,22334.359,14686.98,10123.92,1571.135,8359.1362
,,,,,,,,2100,2831.907,268.5765,2168.788,2453.432,22144.274,14831.92,8567.337,1320.173,8051.4242
,,,,,,,,2101,2840.118,271.3228,2151.448,2403.232,21991.637,14140.98,8537.899,1287.365,7939.0952
,,,,,,,,2102,3001.754,282.849,2303.393,2394.67,21630.365,13627.72,9235.654,1435.381,8006.4195
,,,,,,,,2103,3567.178,305.462,2579.512,2347.917,21251.681,14329.9,10679.56,1752.393,8425.0815
,,,,,,,,2104,3754.326,341.4959,2942.5,2411.397,21394.687,14072.36,12172.23,2224.364,9304.4885
,,,,,,,,2105,4146.301,392.6429,3446.223,2527.761,22483.037,13840.85,13213.11,2768.279,10711.4953
,,,,,,,,2106,4338.812,421.8294,3719.647,2754.368,23489.617,14347.76,13580.36,3006.462,11059.1809
,,,,,,,,2107,4296.502,419.0552,3776.999,2665.023,23247.55,14891.35,13844.11,3104.4,10988.8536
,,,,,,,,2108,4188.611,412.7532,3716.667,2673.5,22572.659,14980.33,14108.75,3133.927,10862.0909
,,,,,,,,2109,4091.298,403.5774,3642.667,2615.333,21926.256,14667.39,13989.34,3092.458,10591.1581
,,,,,,,,2110,3937.924,385.4501,3487.088,2440.777,20756.441,14483.57,14300.85,3034.123,10239.2626
,,,,,,,,2111,3763.395,363.9937,3336.743,2212.51,19493.19,13918.19,14049.34,2885.89,9897.3852
,,,,,,,,2112,3589.924,348.4161,3186.97,2056.635,18319.582,13839.16,14273.12,2886.13,9651.0251
,,,,,,,,2113,3458.763,340.2505,3030.19,1959.594,17433.14,13725.1,14149.57,2979.21,9383.7049
,,,,,,,,2114,3388.951,330.5456,2972.623,1924.384,17031.483,12695.16,13190.2,2755.79,9297.6482
,,,,,,,,2115,3340.295,327.7455,2927.665,1895.356,16889.787,11908.53,12396.87,2528.555,9335.9532
,,,,,,,,2116,3337.121,330.1798,2926.759,1936.514,17124.946,11391.08,11992.88,2365.91,9590.88
,,,,,,,,2117,3430.204,347.2615,3011.885,2036.607,17835.074,11293.36,11950.03,2326.792,10059.1739
,,,,,,,,2118,3561.365,370.6451,3191.198,2218.123,19411.447,11863.56,12350.01,2372.484,10764.1808
,,,,,,,,2119,3736.951,392.0019,3410.895,2421.851,21441.835,13130.03,13359.64,2623.576,11388.9146
,,,,,,,,2120,3648.803,404.6969,3469.393,2571.462,22720.042,14906.86,13774.73,2943.749,10821.6036
,,,,,,,,2121,3319.435,357.1408,3467.683,2420.193,23073.877,15316.11,14254.87,2928.628,10033.2827
,,,,,,,,2122,3090.605,333.5042,3247.623,2065.57,23222.972,13499.09,13697.21,2638.95,9085.0027
,,,,,,,,2123,2953.046,285.0005,2769.999,1815.71,22912.03,11405.65,12801.13,1616.484,8323.8924
,,,,,,,,2124,3263.877,265.8439,2722.901,1739.566,22688.638,10636.76,11197.62,1453.127,7887.3925
,,,,,,,,2125,3322.608,266.7971,3091.638,1718.946,22435.182,10231.68,11781.99,1641.899,7884.165
,,,,,,,,2126,3528.419,281.8387,3098.535,1576.708,22320.982,9323.674,11571.38,1376.78,8136.8097
,,,,,,,,2127,3844.79,302.1036,3240.487,1731.691,22161.703,10021.95,11526.24,2598.379,8739.3425
,,,,,,,,2128,3954.974,337.1272,3186.234,2150.802,22333.613,11595.76,11798.29,2173.96,9668.758
,,,,,,,,2129,4088.125,387.8897,3477.821,2411.187,23106.645,13069.14,13159.35,2819.464,10608.6302
,,,,,,,,2130,4266.885,416.0659,3683.666,2657.962,23692.732,14251.04,13422.36,2970.003,10874.8964
,,,,,,,,2131,4239.384,410.1038,3701.786,2649.775,23367.044,14903.28,13588.78,3017.815,10728.8449
,,,,,,,,2132,4182.265,398.9333,3598.258,2561.121,22676.469,14704.78,13479.06,3010.238,10626.1267
,,,,,,,,2133,4064.854,385.8991,3554.415,2460.538,22060.511,14337.15,13297.63,2959.351,10404.5017
,,,,,,,,2134,3949.559,367.8134,3377.028,2403.741,21120.322,14228.84,13650.29,2918.812,10124.5024
,,,,,,,,2135,3835.322,346.8382,3274.054,2227.593,19862.938,13983.95,13612.81,2808.543,9860.5478
,,,,,,,,2136,3683.006,327.5852,3117.761,2045.484,18813.033,14003.29,13811.97,2826.038,9619.9275
,,,,,,,,2137,3568.769,317.2421,2972.894,1945.959,17866.318,13712.67,13511.31,2876.292,9337.2876
,,,,,,,,2138,3494.726,307.6941,2888.285,1889.496,17449.634,12912.67,12715.29,2695.335,9247.1926
,,,,,,,,2139,3430.204,300.0254,2841.135,1853.407,17219.294,12152.8,12104.97,2530.335,9211.0636
,,,,,,,,2140,3415.395,302.5751,2818.699,1868.444,17193.603,11508.35,11611.47,2356.32,9160.0938
,,,,,,,,2141,3443.954,311.8986,2845.617,1919.627,17391.476,11195.46,11355.89,2281.523,9381.1945
,,,,,,,,2142,3508.477,328.0116,2928.273,2048.792,18224.416,11208.23,11407.94,2239.675,9873.2761
,,,,,,,,2143,3598.386,346.7418,3033.45,2225.853,19656.773,11960.04,11738.36,2345.312,10526.2716
,,,,,,,,2144,3687.614,334.1371,2936.42,2330.651,21056.333,12718.69,11371.64,2093.655,9853.7759
,,,,,,,,2145,3127.05,305.3861,2594.712,2104.179,21843.241,11365.39,9350.199,2329.291,9233.1822
,,,,,,,,2146,2874.144,268.6319,2202.658,1845.029,22138.379,9072.021,7812.448,1178.162,8471.3646
,,,,,,,,2147,2718.854,245.0328,1951.448,1589.884,22137.833,7720.485,6646.375,925.0579,7912.0747
,,,,,,,,2148,2607.235,234.9993,1822.248,1435.251,21765.954,6696.815,5948.707,723.9349,7418.8307
,,,,,,,,2149,2628.013,235.2821,1777.229,1380.766,21497.353,6298.957,6072.995,706.1772,7293.5213
,,,,,,,,2150,2931.565,252.2165,1867.569,1390.391,21018.215,6670.369,6701.993,851.6634,7437.4346
,,,,,,,,2151,3027.066,277.1483,2118.857,1501.952,20717.407,7688.408,7734.828,1169.285,7936.6651
,,,,,,,,2152,3769.438,314.8048,2589.832,1820.244,21260.641,9963.926,9596.355,1748.505,8963.2971
,,,,,,,,2153,4086.009,370.7758,3184.941,2255.238,22388.159,11993.5,11503.17,2472.806,10500.4603
,,,,,,,,2154,4290.156,404.331,3589.281,2627.587,23135.922,13218.45,12338.3,2756.65,10794.9991
,,,,,,,,2155,4273.231,398.4105,3660.861,2602.992,22973.137,14227.05,13001.45,2934.215,10624.6236
,,,,,,,,2156,4207.651,386.9832,3593.941,2580.614,22498.927,14079.41,12890.63,2884.68,10437.1975
,,,,,,,,2157,4128.319,373.8336,3504.851,2509.426,21907.287,13901.96,12799.13,2879.644,10279.755
,,,,,,,,2158,4024.66,360.5012,3377.028,2400.088,20925.461,13683.41,12971.89,2814.773,9967.5661
,,,,,,,,2159,3889.268,344.1378,3342.383,2236.024,19841.592,13391.32,12775.03,2693.448,9766.6846
,,,,,,,,2160,3751.76,328.4864,3186.385,2052.969,18805.077,13013.03,12699.49,2636.581,9568.4892
,,,,,,,,2161,3630.119,316.1643,3027.051,2014.875,18078.947,13114.07,13005.66,2780.735,9357.9047
,,,,,,,,2162,3555.018,309.0506,2916.515,1966.065,17706.988,12598.78,12522.56,2702.608,9281.1127
,,,,,,,,2163,3510.593,306.3918,2883.872,1888.506,17497.944,11805.41,11871.03,2524.666,9305.3454
,,,,,,,,2164,3505.304,309.9518,2827.941,1886.501,17466.689,11167.66,11378.73,2347.56,9442.4736
,,,,,,,,2165,3527.517,316.841,2811.662,1924.384,17584.542,10715.84,11003.0,2253.686,9815.0344
,,,,,,,,2166,3590.982,324.7821,2831.573,1983.007,18302.342,10588.57,10899.42,2195.872,10331.6867
,,,,,,,,2167,3678.775,332.4665,2953.184,2116.482,19620.033,10933.63,11083.25,2283.75,11189.2325
,,,,,,,,2168,3546.075,332.1397,2810.47,2201.656,20984.719,11736.07,10256.44,2118.262,10905.4548
,,,,,,,,2169,3141.052,278.3874,2474.512,1983.171,21745.602,10587.18,8787.72,1647.364,9753.1187
,,,,,,,,2170,2849.26,247.0309,2211.867,1782.262,22012.378,8957.426,7547.741,1331.937,8510.2486
,,,,,,,,2171,2687.624,224.23,1905.864,1583.069,22044.938,7737.225,6635.296,1053.448,7778.4729
,,,,,,,,2172,2599.15,212.4451,1728.148,1477.776,21506.874,6501.181,5706.455,764.597,7322.313
,,,,,,,,2173,2592.552,216.0155,1690.636,1406.584,21028.724,5822.391,5531.501,721.37,7167.1809
,,,,,,,,2174,2719.408,233.7326,1816.939,1429.684,20642.386,6155.935,6116.864,935.8807,7320.3074
,,,,,,,,2175,3004.047,260.7558,2087.955,1536.868,20572.997,7128.719,7170.183,1280.938,7960.9509
,,,,,,,,2176,3452.009,301.9119,2664.629,1805.752,20816.849,9575.699,9408.437,1791.005,8905.6109
,,,,,,,,2177,4106.107,363.0052,3114.759,2249.797,22178.062,11735.21,11302.71,2498.393,10691.9553
,,,,,,,,2178,4377.949,403.4204,3475.284,2631.174,23316.914,13333.78,12157.89,2783.025,11138.7511
,,,,,,,,2179,4371.603,403.122,3607.905,2662.407,23226.034,14629.4,13081.72,3041.445,11137.5936
,,,,,,,,2180,4316.6,394.1291,3615.903,2627.097,22908.789,14392.64,13058.1,3018.96,11049.6041
,,,,,,,,2181,4241.499,384.0104,3527.872,2597.59,22324.851,14359.22,13183.71,3063.857,10827.2116
,,,,,,,,2182,4110.338,368.9556,3413.076,2430.642,21162.53,13997.46,13319.02,2959.59,10323.7391
,,,,,,,,2183,3955.906,347.4254,3372.762,2248.066,19847.345,13536.46,13130.07,2825.033,9969.3263
,,,,,,,,2184,3804.647,326.1934,3179.724,2102.638,18719.564,13052.09,12933.33,2734.045,9714.0722
