Resource,Central_Storage,IID_Storage,LADWP_Storage,North_Storage,PGE_Storage,SCE_Storage,SDGE_Storage,South_Storage,Central_Storage_Invest,IID_Storage_Invest,LADWP_Storage_Invest,NCNC_Storage_Invest,North_Storage_Invest,PGE_Storage_Invest,SCE_Storage_Invest,SDGE_Storage_Invest,South_Storage_Invest,Total
Zone,1,2,3,5,6,7,8,9,1,2,3,4,5,6,7,8,9,0
AnnualSum,1.4271271547818868e6,103745.93387482053,853733.1128089881,5138.388461278303,2.83227155201632e6,8.238816562158917e6,1.862873116626005e6,1.829570804794974e6,0.0,0.0,0.0,0.0,0.0,0.0,0.0,0.0,0.0,1.715327662552319e7
t1,0.0,0.0,0.0,0.0,0.0,0.0,0.0,0.0,0.0,0.0,0.0,0.0,0.0,0.0,0.0,0.0,0.0,0.0
t2,0.0,0.0,0.0,0.0,0.0,0.0,0.0,0.0,0.0,0.0,0.0,0.0,0.0,0.0,0.0,0.0,0.0,0.0
t3,0.0,0.0,0.0,0.0,0.0,0.0,0.0,0.0,0.0,0.0,0.0,0.0,0.0,0.0,0.0,0.0,0.0,0.0
t4,0.0,0.0,0.0,0.0,0.0,0.0,0.0,0.0,0.0,0.0,0.0,0.0,0.0,0.0,0.0,0.0,0.0,0.0
t5,0.0,0.0,0.0,0.0,0.0,0.0,0.0,0.0,0.0,0.0,0.0,0.0,0.0,0.0,0.0,0.0,0.0,0.0
t6,0.0,0.0,0.0,0.0,0.0,0.0,0.0,0.0,0.0,0.0,0.0,0.0,0.0,0.0,0.0,0.0,0.0,0.0
t7,0.0,0.0,0.0,0.0,0.0,0.0,0.0,0.0,0.0,0.0,0.0,0.0,0.0,0.0,0.0,0.0,0.0,0.0
t8,0.0,0.0,0.0,0.0,0.0,0.0,0.0,0.0,0.0,0.0,0.0,0.0,0.0,0.0,0.0,0.0,0.0,0.0
t9,0.0,0.0,0.0,0.0,0.0,1229.2849593845333,0.0,0.0,0.0,0.0,0.0,0.0,0.0,0.0,0.0,0.0,0.0,1229.2849593845333
t10,0.0,92.30769225,0.0,0.0,0.0,2754.8992306221858,0.0,560.9997154953095,0.0,0.0,0.0,0.0,0.0,0.0,0.0,0.0,0.0,3408.206638367495
t11,972.1875000000001,0.0,0.0,0.0,0.0,0.0,1275.80838375,0.0,0.0,0.0,0.0,0.0,0.0,0.0,0.0,0.0,0.0,2247.9958837500003
t12,0.0,0.0,0.0,0.0,0.0,6920.0,963.4754677999997,1559.9999999999998,0.0,0.0,0.0,0.0,0.0,0.0,0.0,0.0,0.0,9443.475467799999
t13,747.7573927360061,0.0,0.0,0.0,0.0,6920.0,1275.80838375,0.0,0.0,0.0,0.0,0.0,0.0,0.0,0.0,0.0,0.0,8943.565776486006
t14,972.1875000000001,92.30769225,0.0,0.0,0.0,0.0,932.4931654800001,1559.9999999999998,0.0,0.0,0.0,0.0,0.0,0.0,0.0,0.0,0.0,3556.9883577299997
t15,0.0,0.0,0.0,0.0,0.0,0.0,931.6967566951527,1294.9937203562336,0.0,0.0,0.0,0.0,0.0,0.0,0.0,0.0,0.0,2226.690477051386
t16,0.0,92.30769225,0.0,0.0,0.0,0.0,0.0,0.0,0.0,0.0,0.0,0.0,0.0,0.0,0.0,0.0,0.0,92.30769225
t17,0.0,0.0,0.0,0.0,0.0,0.0,0.0,0.0,0.0,0.0,0.0,0.0,0.0,0.0,0.0,0.0,0.0,0.0
t18,0.0,0.0,0.0,0.0,0.0,0.0,0.0,0.0,0.0,0.0,0.0,0.0,0.0,0.0,0.0,0.0,0.0,0.0
t19,0.0,0.0,0.0,0.0,0.0,0.0,0.0,0.0,0.0,0.0,0.0,0.0,0.0,0.0,0.0,0.0,0.0,0.0
t20,0.0,0.0,0.0,0.0,0.0,0.0,0.0,0.0,0.0,0.0,0.0,0.0,0.0,0.0,0.0,0.0,0.0,0.0
t21,0.0,0.0,0.0,0.0,0.0,0.0,0.0,0.0,0.0,0.0,0.0,0.0,0.0,0.0,0.0,0.0,0.0,0.0
t22,0.0,0.0,0.0,0.0,0.0,0.0,0.0,0.0,0.0,0.0,0.0,0.0,0.0,0.0,0.0,0.0,0.0,0.0
t23,0.0,0.0,0.0,0.0,0.0,0.0,0.0,0.0,0.0,0.0,0.0,0.0,0.0,0.0,0.0,0.0,0.0,0.0
t24,0.0,0.0,0.0,0.0,0.0,0.0,0.0,0.0,0.0,0.0,0.0,0.0,0.0,0.0,0.0,0.0,0.0,0.0
t25,0.0,0.0,0.0,0.0,0.0,0.0,0.0,0.0,0.0,0.0,0.0,0.0,0.0,0.0,0.0,0.0,0.0,0.0
t26,0.0,0.0,0.0,0.0,0.0,0.0,0.0,0.0,0.0,0.0,0.0,0.0,0.0,0.0,0.0,0.0,0.0,0.0
t27,0.0,0.0,0.0,0.0,0.0,0.0,0.0,0.0,0.0,0.0,0.0,0.0,0.0,0.0,0.0,0.0,0.0,0.0
t28,0.0,0.0,0.0,0.0,0.0,0.0,0.0,0.0,0.0,0.0,0.0,0.0,0.0,0.0,0.0,0.0,0.0,0.0
t29,0.0,0.0,0.0,0.0,0.0,0.0,0.0,0.0,0.0,0.0,0.0,0.0,0.0,0.0,0.0,0.0,0.0,0.0
t30,0.0,0.0,0.0,0.0,0.0,0.0,0.0,0.0,0.0,0.0,0.0,0.0,0.0,0.0,0.0,0.0,0.0,0.0
t31,0.0,0.0,0.0,0.0,0.0,0.0,0.0,0.0,0.0,0.0,0.0,0.0,0.0,0.0,0.0,0.0,0.0,0.0
t32,0.0,0.0,0.0,0.0,0.0,0.0,0.0,0.0,0.0,0.0,0.0,0.0,0.0,0.0,0.0,0.0,0.0,0.0
t33,0.0,0.0,0.0,0.0,0.0,0.0,0.0,0.0,0.0,0.0,0.0,0.0,0.0,0.0,0.0,0.0,0.0,0.0
t34,972.1875000000001,0.0,0.0,0.0,0.0,851.4423469578071,0.0,0.0,0.0,0.0,0.0,0.0,0.0,0.0,0.0,0.0,0.0,1823.6298469578073
t35,0.0,92.30769225,0.0,0.0,0.0,0.0,1275.80838375,0.0,0.0,0.0,0.0,0.0,0.0,0.0,0.0,0.0,0.0,1368.116076
t36,972.1875000000001,0.0,0.0,0.0,0.0,0.0,156.6453375500003,0.0,0.0,0.0,0.0,0.0,0.0,0.0,0.0,0.0,0.0,1128.8328375500005
t37,972.1875000000001,92.30769225,0.0,0.0,0.0,6920.0,1275.80838375,649.7535079532418,0.0,0.0,0.0,0.0,0.0,0.0,0.0,0.0,0.0,9910.057083953241
t38,210.35370482026067,92.30769225,768.857908269188,0.0,0.0,6920.0,1275.80838375,1241.4549846280072,0.0,0.0,0.0,0.0,0.0,0.0,0.0,0.0,0.0,10508.782673717456
t39,972.1875000000001,0.0,0.0,0.0,0.0,6806.113208012556,0.0,0.0,0.0,0.0,0.0,0.0,0.0,0.0,0.0,0.0,0.0,7778.300708012556
t40,0.0,0.0,0.0,0.0,0.0,4975.999289033766,1245.46702163,0.0,0.0,0.0,0.0,0.0,0.0,0.0,0.0,0.0,0.0,6221.466310663766
t41,0.0,0.0,0.0,0.0,0.0,0.0,0.0,0.0,0.0,0.0,0.0,0.0,0.0,0.0,0.0,0.0,0.0,0.0
t42,0.0,0.0,0.0,0.0,0.0,0.0,0.0,0.0,0.0,0.0,0.0,0.0,0.0,0.0,0.0,0.0,0.0,0.0
t43,0.0,0.0,0.0,0.0,0.0,0.0,0.0,0.0,0.0,0.0,0.0,0.0,0.0,0.0,0.0,0.0,0.0,0.0
t44,0.0,0.0,0.0,0.0,0.0,0.0,0.0,0.0,0.0,0.0,0.0,0.0,0.0,0.0,0.0,0.0,0.0,0.0
t45,0.0,0.0,0.0,0.0,0.0,0.0,0.0,0.0,0.0,0.0,0.0,0.0,0.0,0.0,0.0,0.0,0.0,0.0
t46,0.0,0.0,0.0,0.0,0.0,0.0,0.0,0.0,0.0,0.0,0.0,0.0,0.0,0.0,0.0,0.0,0.0,0.0
t47,0.0,0.0,0.0,0.0,0.0,0.0,0.0,0.0,0.0,0.0,0.0,0.0,0.0,0.0,0.0,0.0,0.0,0.0
t48,0.0,0.0,0.0,0.0,0.0,0.0,0.0,0.0,0.0,0.0,0.0,0.0,0.0,0.0,0.0,0.0,0.0,0.0
t49,0.0,0.0,0.0,0.0,0.0,0.0,0.0,0.0,0.0,0.0,0.0,0.0,0.0,0.0,0.0,0.0,0.0,0.0
t50,0.0,0.0,0.0,0.0,0.0,0.0,0.0,0.0,0.0,0.0,0.0,0.0,0.0,0.0,0.0,0.0,0.0,0.0
t51,0.0,0.0,0.0,0.0,0.0,0.0,0.0,0.0,0.0,0.0,0.0,0.0,0.0,0.0,0.0,0.0,0.0,0.0
t52,0.0,0.0,0.0,0.0,0.0,0.0,0.0,0.0,0.0,0.0,0.0,0.0,0.0,0.0,0.0,0.0,0.0,0.0
t53,0.0,0.0,0.0,0.0,0.0,0.0,0.0,0.0,0.0,0.0,0.0,0.0,0.0,0.0,0.0,0.0,0.0,0.0
t54,0.0,0.0,0.0,0.0,0.0,0.0,0.0,0.0,0.0,0.0,0.0,0.0,0.0,0.0,0.0,0.0,0.0,0.0
t55,0.0,0.0,0.0,0.0,0.0,0.0,0.0,0.0,0.0,0.0,0.0,0.0,0.0,0.0,0.0,0.0,0.0,0.0
t56,0.0,0.0,0.0,0.0,0.0,0.0,0.0,0.0,0.0,0.0,0.0,0.0,0.0,0.0,0.0,0.0,0.0,0.0
t57,0.0,0.0,0.0,0.0,0.0,0.0,0.0,0.0,0.0,0.0,0.0,0.0,0.0,0.0,0.0,0.0,0.0,0.0
t58,972.1875000000001,0.0,0.0,0.0,0.0,2391.013728005792,0.0,0.0,0.0,0.0,0.0,0.0,0.0,0.0,0.0,0.0,0.0,3363.201228005792
t59,32.344757852700134,92.30769225,0.0,0.0,0.0,0.0,0.0,0.0,0.0,0.0,0.0,0.0,0.0,0.0,0.0,0.0,0.0,124.65245010270013
t60,972.1875000000001,0.0,0.0,0.0,1073.0760266648542,1247.7589151319398,1275.80838375,403.99965394828683,0.0,0.0,0.0,0.0,0.0,0.0,0.0,0.0,0.0,4972.830479495082
t61,170.4161599425194,92.30769225,0.0,0.0,2610.760112569975,6415.499696005451,1275.80838375,1218.8696470394661,0.0,0.0,0.0,0.0,0.0,0.0,0.0,0.0,0.0,11783.661691557412
t62,972.1875000000001,92.30769225,0.0,0.0,3535.9999999999995,6920.0,1170.001084098924,1559.9999999999998,0.0,0.0,0.0,0.0,0.0,0.0,0.0,0.0,0.0,14250.496276348924
t63,7.59278702504177,92.30769225,0.0,0.0,3285.5138553437528,6920.0,1275.80838375,1559.9999999999998,0.0,0.0,0.0,0.0,0.0,0.0,0.0,0.0,0.0,13141.222718368794
t64,972.1875000000001,0.0,710.8469217087575,0.0,2180.236829738351,5283.018705389081,381.85592212622834,328.92374922947886,0.0,0.0,0.0,0.0,0.0,0.0,0.0,0.0,0.0,9857.069628191897
t65,0.0,0.0,0.0,0.0,0.0,0.0,0.0,0.0,0.0,0.0,0.0,0.0,0.0,0.0,0.0,0.0,0.0,0.0
t66,0.0,0.0,0.0,0.0,0.0,0.0,0.0,0.0,0.0,0.0,0.0,0.0,0.0,0.0,0.0,0.0,0.0,0.0
t67,0.0,0.0,0.0,0.0,0.0,0.0,0.0,0.0,0.0,0.0,0.0,0.0,0.0,0.0,0.0,0.0,0.0,0.0
t68,0.0,0.0,0.0,0.0,0.0,0.0,0.0,0.0,0.0,0.0,0.0,0.0,0.0,0.0,0.0,0.0,0.0,0.0
t69,0.0,0.0,0.0,0.0,0.0,0.0,0.0,0.0,0.0,0.0,0.0,0.0,0.0,0.0,0.0,0.0,0.0,0.0
t70,0.0,0.0,0.0,0.0,0.0,0.0,0.0,0.0,0.0,0.0,0.0,0.0,0.0,0.0,0.0,0.0,0.0,0.0
t71,0.0,0.0,0.0,0.0,0.0,0.0,0.0,0.0,0.0,0.0,0.0,0.0,0.0,0.0,0.0,0.0,0.0,0.0
t72,0.0,0.0,0.0,0.0,0.0,0.0,0.0,0.0,0.0,0.0,0.0,0.0,0.0,0.0,0.0,0.0,0.0,0.0
t73,0.0,0.0,0.0,0.0,0.0,0.0,0.0,0.0,0.0,0.0,0.0,0.0,0.0,0.0,0.0,0.0,0.0,0.0
t74,0.0,0.0,0.0,0.0,0.0,0.0,0.0,0.0,0.0,0.0,0.0,0.0,0.0,0.0,0.0,0.0,0.0,0.0
t75,0.0,0.0,0.0,0.0,0.0,0.0,0.0,0.0,0.0,0.0,0.0,0.0,0.0,0.0,0.0,0.0,0.0,0.0
t76,0.0,0.0,0.0,0.0,0.0,0.0,0.0,0.0,0.0,0.0,0.0,0.0,0.0,0.0,0.0,0.0,0.0,0.0
t77,0.0,0.0,0.0,0.0,0.0,0.0,0.0,0.0,0.0,0.0,0.0,0.0,0.0,0.0,0.0,0.0,0.0,0.0
t78,0.0,0.0,0.0,0.0,0.0,0.0,0.0,0.0,0.0,0.0,0.0,0.0,0.0,0.0,0.0,0.0,0.0,0.0
t79,0.0,0.0,0.0,0.0,0.0,0.0,0.0,0.0,0.0,0.0,0.0,0.0,0.0,0.0,0.0,0.0,0.0,0.0
t80,0.0,0.0,0.0,0.0,0.0,0.0,0.0,0.0,0.0,0.0,0.0,0.0,0.0,0.0,0.0,0.0,0.0,0.0
t81,0.0,0.0,0.0,0.0,0.0,0.0,0.0,0.0,0.0,0.0,0.0,0.0,0.0,0.0,0.0,0.0,0.0,0.0
t82,0.0,19.972757362335923,0.0,0.0,0.0,4690.867377413132,1144.07878951,0.0,0.0,0.0,0.0,0.0,0.0,0.0,0.0,0.0,0.0,5854.918924285468
t83,972.1875000000001,92.30769225,0.0,0.0,0.0,0.0,231.41138312999976,658.5725049405887,0.0,0.0,0.0,0.0,0.0,0.0,0.0,0.0,0.0,1954.4790803205888
t84,972.1875000000001,92.30769225,0.0,0.0,2416.881514834346,0.0,550.2572486100004,1559.9999999999998,0.0,0.0,0.0,0.0,0.0,0.0,0.0,0.0,0.0,5591.633955694346
t85,972.1875000000001,92.30769225,0.0,0.0,2017.0851202609504,6690.640765940338,1275.80838375,1559.9999999999998,0.0,0.0,0.0,0.0,0.0,0.0,0.0,0.0,0.0,12608.029462201288
t86,0.0,0.0,0.0,0.0,3535.9999999999995,842.7525718702235,1275.80838375,1559.9999999999998,0.0,0.0,0.0,0.0,0.0,0.0,0.0,0.0,0.0,7214.560955620223
t87,972.1875000000001,92.30769225,0.0,0.0,3535.9999999999995,6920.0,901.9179687251525,576.7770089747901,0.0,0.0,0.0,0.0,0.0,0.0,0.0,0.0,0.0,12999.190169949943
t88,210.35370482026113,0.0,0.0,0.0,1656.1463439311015,6781.289204695668,0.0,0.0,0.0,0.0,0.0,0.0,0.0,0.0,0.0,0.0,0.0,8647.78925344703
t89,0.0,0.0,0.0,0.0,0.0,0.0,0.0,0.0,0.0,0.0,0.0,0.0,0.0,0.0,0.0,0.0,0.0,0.0
t90,0.0,0.0,0.0,0.0,0.0,0.0,0.0,0.0,0.0,0.0,0.0,0.0,0.0,0.0,0.0,0.0,0.0,0.0
t91,0.0,0.0,0.0,0.0,0.0,0.0,0.0,0.0,0.0,0.0,0.0,0.0,0.0,0.0,0.0,0.0,0.0,0.0
t92,0.0,0.0,0.0,0.0,0.0,0.0,0.0,0.0,0.0,0.0,0.0,0.0,0.0,0.0,0.0,0.0,0.0,0.0
t93,0.0,0.0,0.0,0.0,0.0,0.0,0.0,0.0,0.0,0.0,0.0,0.0,0.0,0.0,0.0,0.0,0.0,0.0
t94,0.0,0.0,0.0,0.0,0.0,0.0,0.0,0.0,0.0,0.0,0.0,0.0,0.0,0.0,0.0,0.0,0.0,0.0
t95,0.0,0.0,0.0,0.0,0.0,0.0,0.0,0.0,0.0,0.0,0.0,0.0,0.0,0.0,0.0,0.0,0.0,0.0
t96,0.0,0.0,0.0,0.0,0.0,0.0,0.0,0.0,0.0,0.0,0.0,0.0,0.0,0.0,0.0,0.0,0.0,0.0
t97,0.0,0.0,0.0,0.0,0.0,0.0,0.0,0.0,0.0,0.0,0.0,0.0,0.0,0.0,0.0,0.0,0.0,0.0
t98,0.0,0.0,0.0,0.0,0.0,0.0,0.0,0.0,0.0,0.0,0.0,0.0,0.0,0.0,0.0,0.0,0.0,0.0
t99,0.0,0.0,0.0,0.0,0.0,0.0,0.0,0.0,0.0,0.0,0.0,0.0,0.0,0.0,0.0,0.0,0.0,0.0
t100,0.0,0.0,0.0,0.0,0.0,0.0,0.0,0.0,0.0,0.0,0.0,0.0,0.0,0.0,0.0,0.0,0.0,0.0
t101,0.0,0.0,0.0,0.0,0.0,0.0,0.0,0.0,0.0,0.0,0.0,0.0,0.0,0.0,0.0,0.0,0.0,0.0
t102,0.0,0.0,0.0,0.0,0.0,0.0,0.0,0.0,0.0,0.0,0.0,0.0,0.0,0.0,0.0,0.0,0.0,0.0
t103,0.0,0.0,0.0,0.0,0.0,0.0,0.0,0.0,0.0,0.0,0.0,0.0,0.0,0.0,0.0,0.0,0.0,0.0
t104,0.0,0.0,0.0,0.0,0.0,0.0,0.0,0.0,0.0,0.0,0.0,0.0,0.0,0.0,0.0,0.0,0.0,0.0
t105,0.0,0.0,0.0,0.0,0.0,0.0,0.0,0.0,0.0,0.0,0.0,0.0,0.0,0.0,0.0,0.0,0.0,0.0
t106,0.0,0.0,0.0,0.0,0.0,0.0,662.2836218395705,0.0,0.0,0.0,0.0,0.0,0.0,0.0,0.0,0.0,0.0,662.2836218395705
t107,972.1875000000001,92.30769225,245.93863330501065,0.0,1710.6423927398232,556.3756193610386,0.0,1559.9999999999998,0.0,0.0,0.0,0.0,0.0,0.0,0.0,0.0,0.0,5137.451837655873
t108,972.1875000000001,0.0,0.0,0.0,3535.9999999999995,932.9719980781082,889.5733843855818,1559.9999999999998,0.0,0.0,0.0,0.0,0.0,0.0,0.0,0.0,0.0,7890.73288246369
t109,972.1875000000001,92.30769225,0.0,0.0,3535.9999999999995,6920.0,1275.80838375,1559.9999999999998,0.0,0.0,0.0,0.0,0.0,0.0,0.0,0.0,0.0,14356.303576
t110,210.35370482026067,92.30769225,0.0,0.0,3535.9999999999995,2088.8895755097983,1275.80838375,0.0,0.0,0.0,0.0,0.0,0.0,0.0,0.0,0.0,0.0,7203.359356330058
t111,972.1875000000001,92.30769225,0.0,0.0,174.32746915586822,6920.0,1275.80838375,0.0,0.0,0.0,0.0,0.0,0.0,0.0,0.0,0.0,0.0,9434.63104515587
t112,0.0,0.0,0.0,0.0,2416.1198972757065,0.0,0.0,0.0,0.0,0.0,0.0,0.0,0.0,0.0,0.0,0.0,0.0,2416.1198972757065
t113,0.0,0.0,0.0,0.0,0.0,0.0,0.0,0.0,0.0,0.0,0.0,0.0,0.0,0.0,0.0,0.0,0.0,0.0
t114,0.0,0.0,0.0,0.0,0.0,0.0,0.0,0.0,0.0,0.0,0.0,0.0,0.0,0.0,0.0,0.0,0.0,0.0
t115,0.0,0.0,0.0,0.0,0.0,0.0,0.0,0.0,0.0,0.0,0.0,0.0,0.0,0.0,0.0,0.0,0.0,0.0
t116,0.0,0.0,0.0,0.0,0.0,0.0,0.0,0.0,0.0,0.0,0.0,0.0,0.0,0.0,0.0,0.0,0.0,0.0
t117,0.0,0.0,0.0,0.0,0.0,0.0,0.0,0.0,0.0,0.0,0.0,0.0,0.0,0.0,0.0,0.0,0.0,0.0
t118,0.0,0.0,0.0,0.0,0.0,0.0,0.0,0.0,0.0,0.0,0.0,0.0,0.0,0.0,0.0,0.0,0.0,0.0
t119,0.0,0.0,0.0,0.0,0.0,0.0,0.0,0.0,0.0,0.0,0.0,0.0,0.0,0.0,0.0,0.0,0.0,0.0
t120,0.0,0.0,0.0,0.0,0.0,0.0,0.0,0.0,0.0,0.0,0.0,0.0,0.0,0.0,0.0,0.0,0.0,0.0
t121,0.0,0.0,0.0,0.0,0.0,0.0,0.0,0.0,0.0,0.0,0.0,0.0,0.0,0.0,0.0,0.0,0.0,0.0
t122,0.0,0.0,0.0,0.0,0.0,0.0,0.0,0.0,0.0,0.0,0.0,0.0,0.0,0.0,0.0,0.0,0.0,0.0
t123,0.0,0.0,0.0,0.0,0.0,0.0,0.0,0.0,0.0,0.0,0.0,0.0,0.0,0.0,0.0,0.0,0.0,0.0
t124,0.0,0.0,0.0,0.0,0.0,0.0,0.0,0.0,0.0,0.0,0.0,0.0,0.0,0.0,0.0,0.0,0.0,0.0
t125,0.0,0.0,0.0,0.0,0.0,0.0,0.0,0.0,0.0,0.0,0.0,0.0,0.0,0.0,0.0,0.0,0.0,0.0
t126,0.0,0.0,0.0,0.0,0.0,0.0,0.0,0.0,0.0,0.0,0.0,0.0,0.0,0.0,0.0,0.0,0.0,0.0
t127,0.0,0.0,0.0,0.0,0.0,0.0,0.0,0.0,0.0,0.0,0.0,0.0,0.0,0.0,0.0,0.0,0.0,0.0
t128,0.0,0.0,0.0,0.0,0.0,0.0,0.0,0.0,0.0,0.0,0.0,0.0,0.0,0.0,0.0,0.0,0.0,0.0
t129,0.0,0.0,468.15252709712064,0.0,0.0,0.0,0.0,0.0,0.0,0.0,0.0,0.0,0.0,0.0,0.0,0.0,0.0,468.15252709712064
t130,596.0334741431384,0.0,0.0,0.0,0.0,0.0,0.0,865.675594616742,0.0,0.0,0.0,0.0,0.0,0.0,0.0,0.0,0.0,1461.7090687598804
t131,972.1875000000001,0.0,0.0,0.0,2609.0061414171732,2577.6431442970525,0.0,1559.9999999999998,0.0,0.0,0.0,0.0,0.0,0.0,0.0,0.0,0.0,7718.836785714226
t132,229.42958121789064,92.30769225,0.0,0.0,3535.9999999999995,5468.099214459538,1275.80838375,1559.9999999999998,0.0,0.0,0.0,0.0,0.0,0.0,0.0,0.0,0.0,12161.644871677428
t133,357.0781494592324,0.0,0.0,0.0,3535.9999999999995,6920.0,1275.80838375,1559.9999999999998,0.0,0.0,0.0,0.0,0.0,0.0,0.0,0.0,0.0,13648.886533209232
t134,972.1875000000001,0.0,0.0,0.0,3535.9999999999995,5585.243496124824,1275.80838375,0.0,0.0,0.0,0.0,0.0,0.0,0.0,0.0,0.0,0.0,11369.239379874823
t135,972.1875000000001,0.0,0.0,0.0,99.73328906205835,1901.867327511851,1275.80838375,0.0,0.0,0.0,0.0,0.0,0.0,0.0,0.0,0.0,0.0,4249.59650032391
t136,0.0,0.0,0.0,0.0,1592.3503286921652,0.0,276.0486224751521,239.75396589244946,0.0,0.0,0.0,0.0,0.0,0.0,0.0,0.0,0.0,2108.152917059767
t137,0.0,0.0,58.019040294584045,0.0,0.0,0.0,0.0,0.0,0.0,0.0,0.0,0.0,0.0,0.0,0.0,0.0,0.0,58.019040294584045
t138,0.0,0.0,0.0,0.0,0.0,0.0,0.0,0.0,0.0,0.0,0.0,0.0,0.0,0.0,0.0,0.0,0.0,0.0
t139,0.0,0.0,0.0,0.0,0.0,0.0,0.0,0.0,0.0,0.0,0.0,0.0,0.0,0.0,0.0,0.0,0.0,0.0
t140,0.0,0.0,0.0,0.0,0.0,0.0,0.0,0.0,0.0,0.0,0.0,0.0,0.0,0.0,0.0,0.0,0.0,0.0
t141,0.0,0.0,0.0,0.0,0.0,0.0,0.0,0.0,0.0,0.0,0.0,0.0,0.0,0.0,0.0,0.0,0.0,0.0
t142,0.0,0.0,0.0,0.0,0.0,0.0,0.0,0.0,0.0,0.0,0.0,0.0,0.0,0.0,0.0,0.0,0.0,0.0
t143,0.0,0.0,0.0,0.0,0.0,0.0,0.0,0.0,0.0,0.0,0.0,0.0,0.0,0.0,0.0,0.0,0.0,0.0
t144,0.0,0.0,0.0,0.0,0.0,0.0,0.0,0.0,0.0,0.0,0.0,0.0,0.0,0.0,0.0,0.0,0.0,0.0
t145,0.0,0.0,0.0,0.0,0.0,0.0,0.0,0.0,0.0,0.0,0.0,0.0,0.0,0.0,0.0,0.0,0.0,0.0
t146,0.0,0.0,0.0,0.0,0.0,0.0,0.0,0.0,0.0,0.0,0.0,0.0,0.0,0.0,0.0,0.0,0.0,0.0
t147,0.0,0.0,0.0,0.0,0.0,0.0,0.0,0.0,0.0,0.0,0.0,0.0,0.0,0.0,0.0,0.0,0.0,0.0
t148,0.0,0.0,0.0,0.0,0.0,0.0,0.0,0.0,0.0,0.0,0.0,0.0,0.0,0.0,0.0,0.0,0.0,0.0
t149,0.0,0.0,0.0,0.0,0.0,0.0,0.0,0.0,0.0,0.0,0.0,0.0,0.0,0.0,0.0,0.0,0.0,0.0
t150,0.0,0.0,0.0,0.0,0.0,0.0,0.0,0.0,0.0,0.0,0.0,0.0,0.0,0.0,0.0,0.0,0.0,0.0
t151,0.0,0.0,0.0,0.0,0.0,0.0,0.0,0.0,0.0,0.0,0.0,0.0,0.0,0.0,0.0,0.0,0.0,0.0
t152,0.0,0.0,0.0,0.0,0.0,0.0,0.0,0.0,0.0,0.0,0.0,0.0,0.0,0.0,0.0,0.0,0.0,0.0
t153,972.1875000000001,0.0,0.0,0.0,0.0,0.0,0.0,0.0,0.0,0.0,0.0,0.0,0.0,0.0,0.0,0.0,0.0,972.1875000000001
t154,0.0,0.0,92.14260025576637,0.0,0.0,0.0,1275.80838375,0.0,0.0,0.0,0.0,0.0,0.0,0.0,0.0,0.0,0.0,1367.9509840057665
t155,972.1875000000001,0.0,0.0,0.0,1803.1700323806242,0.0,1275.80838375,0.0,0.0,0.0,0.0,0.0,0.0,0.0,0.0,0.0,0.0,4051.1659161306243
t156,972.1875000000001,0.0,0.0,0.0,2054.361116200499,0.0,511.2378141900009,0.0,0.0,0.0,0.0,0.0,0.0,0.0,0.0,0.0,0.0,3537.7864303905
t157,0.0,0.0,0.0,0.0,2014.5344968386328,0.0,30.47265468000049,1559.9999999999998,0.0,0.0,0.0,0.0,0.0,0.0,0.0,0.0,0.0,3605.007151518633
t158,0.0,0.0,0.0,0.0,3383.1730064163353,2463.314869257494,0.0,0.0,0.0,0.0,0.0,0.0,0.0,0.0,0.0,0.0,0.0,5846.487875673829
t159,0.0,92.30769225,0.0,0.0,3535.9999999999995,0.0,1275.80838375,304.49629161729064,0.0,0.0,0.0,0.0,0.0,0.0,0.0,0.0,0.0,5208.61236761729
t160,269.3999190691753,0.0,0.0,0.0,1241.4150982037895,0.0,0.0,0.0,0.0,0.0,0.0,0.0,0.0,0.0,0.0,0.0,0.0,1510.8150172729647
t161,0.0,0.0,0.0,0.0,0.0,0.0,0.0,0.0,0.0,0.0,0.0,0.0,0.0,0.0,0.0,0.0,0.0,0.0
t162,0.0,0.0,0.0,0.0,0.0,0.0,0.0,0.0,0.0,0.0,0.0,0.0,0.0,0.0,0.0,0.0,0.0,0.0
t163,0.0,0.0,0.0,0.0,0.0,0.0,0.0,0.0,0.0,0.0,0.0,0.0,0.0,0.0,0.0,0.0,0.0,0.0
t164,0.0,0.0,0.0,0.0,0.0,0.0,0.0,0.0,0.0,0.0,0.0,0.0,0.0,0.0,0.0,0.0,0.0,0.0
t165,0.0,0.0,0.0,0.0,0.0,0.0,0.0,0.0,0.0,0.0,0.0,0.0,0.0,0.0,0.0,0.0,0.0,0.0
t166,0.0,0.0,0.0,0.0,0.0,0.0,0.0,0.0,0.0,0.0,0.0,0.0,0.0,0.0,0.0,0.0,0.0,0.0
t167,0.0,0.0,0.0,0.0,0.0,0.0,0.0,0.0,0.0,0.0,0.0,0.0,0.0,0.0,0.0,0.0,0.0,0.0
t168,0.0,0.0,0.0,0.0,0.0,0.0,0.0,0.0,0.0,0.0,0.0,0.0,0.0,0.0,0.0,0.0,0.0,0.0
t169,0.0,0.0,0.0,0.0,0.0,0.0,0.0,0.0,0.0,0.0,0.0,0.0,0.0,0.0,0.0,0.0,0.0,0.0
t170,0.0,0.0,0.0,0.0,0.0,0.0,0.0,0.0,0.0,0.0,0.0,0.0,0.0,0.0,0.0,0.0,0.0,0.0
t171,0.0,0.0,0.0,0.0,0.0,0.0,0.0,0.0,0.0,0.0,0.0,0.0,0.0,0.0,0.0,0.0,0.0,0.0
t172,0.0,0.0,0.0,0.0,184.57860980999973,0.0,0.0,0.0,0.0,0.0,0.0,0.0,0.0,0.0,0.0,0.0,0.0,184.57860980999973
t173,0.0,0.0,0.0,0.0,231.71309061000022,0.0,0.0,0.0,0.0,0.0,0.0,0.0,0.0,0.0,0.0,0.0,0.0,231.71309061000022
t174,0.0,0.0,0.0,0.0,0.0,0.0,0.0,0.0,0.0,0.0,0.0,0.0,0.0,0.0,0.0,0.0,0.0,0.0
t175,0.0,0.0,0.0,0.0,0.0,0.0,0.0,0.0,0.0,0.0,0.0,0.0,0.0,0.0,0.0,0.0,0.0,0.0
t176,0.0,0.0,0.0,0.0,0.0,0.0,0.0,0.0,0.0,0.0,0.0,0.0,0.0,0.0,0.0,0.0,0.0,0.0
t177,492.8448792681319,0.0,0.0,0.0,0.0,0.0,0.0,0.0,0.0,0.0,0.0,0.0,0.0,0.0,0.0,0.0,0.0,492.8448792681319
t178,972.1875000000001,0.0,0.0,0.0,0.0,0.0,389.2765343,0.0,0.0,0.0,0.0,0.0,0.0,0.0,0.0,0.0,0.0,1361.4640343
t179,972.1875000000001,0.0,1296.0000000000002,0.0,1286.123498731505,3529.884074179755,0.0,0.0,0.0,0.0,0.0,0.0,0.0,0.0,0.0,0.0,0.0,7084.1950729112605
t180,972.1875000000001,0.0,0.0,0.0,0.0,5615.997763835083,0.0,0.0,0.0,0.0,0.0,0.0,0.0,0.0,0.0,0.0,0.0,6588.185263835083
t181,614.3010716040737,0.0,0.0,0.0,0.0,5650.5746513951,1275.80838375,0.0,0.0,0.0,0.0,0.0,0.0,0.0,0.0,0.0,0.0,7540.684106749173
t182,75.39525394805563,0.0,0.0,0.0,3535.9999999999995,1646.9716054981113,1038.3511866499998,0.0,0.0,0.0,0.0,0.0,0.0,0.0,0.0,0.0,0.0,6296.718046096166
t183,0.0,0.0,0.0,0.0,0.0,3371.4681275990233,556.6735169900003,0.0,0.0,0.0,0.0,0.0,0.0,0.0,0.0,0.0,0.0,3928.1416445890236
t184,0.0,0.0,811.2526724222538,0.0,3535.9999999999995,1412.9599002724372,277.43147947,0.0,0.0,0.0,0.0,0.0,0.0,0.0,0.0,0.0,0.0,6037.644052164691
t185,0.0,0.0,0.0,0.0,0.0,0.0,0.0,0.0,0.0,0.0,0.0,0.0,0.0,0.0,0.0,0.0,0.0,0.0
t186,0.0,0.0,0.0,0.0,0.0,0.0,0.0,0.0,0.0,0.0,0.0,0.0,0.0,0.0,0.0,0.0,0.0,0.0
t187,0.0,0.0,0.0,0.0,0.0,0.0,0.0,0.0,0.0,0.0,0.0,0.0,0.0,0.0,0.0,0.0,0.0,0.0
t188,0.0,0.0,0.0,0.0,0.0,0.0,0.0,0.0,0.0,0.0,0.0,0.0,0.0,0.0,0.0,0.0,0.0,0.0
t189,0.0,0.0,0.0,0.0,0.0,0.0,0.0,0.0,0.0,0.0,0.0,0.0,0.0,0.0,0.0,0.0,0.0,0.0
t190,0.0,0.0,0.0,0.0,0.0,0.0,0.0,0.0,0.0,0.0,0.0,0.0,0.0,0.0,0.0,0.0,0.0,0.0
t191,0.0,0.0,0.0,0.0,0.0,0.0,0.0,0.0,0.0,0.0,0.0,0.0,0.0,0.0,0.0,0.0,0.0,0.0
t192,0.0,0.0,0.0,0.0,0.0,0.0,0.0,0.0,0.0,0.0,0.0,0.0,0.0,0.0,0.0,0.0,0.0,0.0
t193,0.0,0.0,0.0,0.0,0.0,0.0,0.0,0.0,0.0,0.0,0.0,0.0,0.0,0.0,0.0,0.0,0.0,0.0
t194,0.0,0.0,0.0,0.0,0.0,0.0,0.0,0.0,0.0,0.0,0.0,0.0,0.0,0.0,0.0,0.0,0.0,0.0
t195,0.0,0.0,0.0,0.0,0.0,0.0,0.0,0.0,0.0,0.0,0.0,0.0,0.0,0.0,0.0,0.0,0.0,0.0
t196,0.0,0.0,0.0,0.0,497.0634052499994,0.0,0.0,0.0,0.0,0.0,0.0,0.0,0.0,0.0,0.0,0.0,0.0,497.0634052499994
t197,0.0,0.0,0.0,0.0,603.3164203904059,0.0,0.0,0.0,0.0,0.0,0.0,0.0,0.0,0.0,0.0,0.0,0.0,603.3164203904059
t198,0.0,0.0,0.0,0.0,0.0,0.0,0.0,0.0,0.0,0.0,0.0,0.0,0.0,0.0,0.0,0.0,0.0,0.0
t199,0.0,0.0,0.0,0.0,0.0,0.0,0.0,0.0,0.0,0.0,0.0,0.0,0.0,0.0,0.0,0.0,0.0,0.0
t200,0.0,0.0,0.0,0.0,0.0,0.0,0.0,0.0,0.0,0.0,0.0,0.0,0.0,0.0,0.0,0.0,0.0,0.0
t201,0.0,0.0,0.0,0.0,0.0,0.0,0.0,0.0,0.0,0.0,0.0,0.0,0.0,0.0,0.0,0.0,0.0,0.0
t202,210.35370482026113,0.0,0.0,0.0,0.0,165.73619736451047,0.0,0.0,0.0,0.0,0.0,0.0,0.0,0.0,0.0,0.0,0.0,376.08990218477163
t203,0.0,19.972757362335923,0.0,0.0,1968.2511193083992,4983.712264890251,1193.90796392,325.55839765351516,0.0,0.0,0.0,0.0,0.0,0.0,0.0,0.0,0.0,8491.4025031345
t204,972.1875000000001,92.30769225,1296.0000000000002,0.0,3252.686066649129,4420.367713958792,1275.80838375,710.98957943155,0.0,0.0,0.0,0.0,0.0,0.0,0.0,0.0,0.0,12020.34693603947
t205,972.1875000000001,92.30769225,1224.4540810085214,0.0,1137.8722248957868,5188.788108980711,413.1981843700003,938.628393984835,0.0,0.0,0.0,0.0,0.0,0.0,0.0,0.0,0.0,9967.436185489853
t206,972.1875000000001,92.30769225,0.0,0.0,0.0,6166.456016727711,620.7818462200001,1118.9667411502724,0.0,0.0,0.0,0.0,0.0,0.0,0.0,0.0,0.0,8970.699796347984
t207,972.1875000000001,92.30769225,0.0,0.0,6.795230183595735,5853.406599883807,1266.7247373399998,539.4290217400548,0.0,0.0,0.0,0.0,0.0,0.0,0.0,0.0,0.0,8730.850781397457
t208,0.0,0.0,359.54772862781624,0.0,0.0,2398.8241427264893,608.8610418751522,0.0,0.0,0.0,0.0,0.0,0.0,0.0,0.0,0.0,0.0,3367.232913229458
t209,0.0,0.0,0.0,0.0,0.0,0.0,0.0,0.0,0.0,0.0,0.0,0.0,0.0,0.0,0.0,0.0,0.0,0.0
t210,0.0,0.0,0.0,0.0,0.0,0.0,0.0,0.0,0.0,0.0,0.0,0.0,0.0,0.0,0.0,0.0,0.0,0.0
t211,0.0,0.0,0.0,0.0,0.0,0.0,0.0,0.0,0.0,0.0,0.0,0.0,0.0,0.0,0.0,0.0,0.0,0.0
t212,0.0,0.0,0.0,0.0,0.0,0.0,0.0,0.0,0.0,0.0,0.0,0.0,0.0,0.0,0.0,0.0,0.0,0.0
t213,0.0,0.0,0.0,0.0,0.0,0.0,0.0,0.0,0.0,0.0,0.0,0.0,0.0,0.0,0.0,0.0,0.0,0.0
t214,0.0,0.0,0.0,0.0,0.0,0.0,0.0,0.0,0.0,0.0,0.0,0.0,0.0,0.0,0.0,0.0,0.0,0.0
t215,0.0,0.0,0.0,0.0,0.0,0.0,0.0,0.0,0.0,0.0,0.0,0.0,0.0,0.0,0.0,0.0,0.0,0.0
t216,0.0,0.0,0.0,0.0,0.0,0.0,0.0,0.0,0.0,0.0,0.0,0.0,0.0,0.0,0.0,0.0,0.0,0.0
t217,0.0,0.0,0.0,0.0,0.0,0.0,0.0,0.0,0.0,0.0,0.0,0.0,0.0,0.0,0.0,0.0,0.0,0.0
t218,0.0,0.0,0.0,0.0,0.0,0.0,0.0,0.0,0.0,0.0,0.0,0.0,0.0,0.0,0.0,0.0,0.0,0.0
t219,0.0,0.0,0.0,0.0,0.0,0.0,0.0,0.0,0.0,0.0,0.0,0.0,0.0,0.0,0.0,0.0,0.0,0.0
t220,0.0,0.0,0.0,0.0,0.0,0.0,0.0,0.0,0.0,0.0,0.0,0.0,0.0,0.0,0.0,0.0,0.0,0.0
t221,0.0,0.0,0.0,0.0,0.0,0.0,0.0,0.0,0.0,0.0,0.0,0.0,0.0,0.0,0.0,0.0,0.0,0.0
t222,0.0,0.0,0.0,0.0,0.0,0.0,0.0,0.0,0.0,0.0,0.0,0.0,0.0,0.0,0.0,0.0,0.0,0.0
t223,0.0,0.0,0.0,0.0,0.0,0.0,0.0,0.0,0.0,0.0,0.0,0.0,0.0,0.0,0.0,0.0,0.0,0.0
t224,0.0,0.0,0.0,0.0,0.0,0.0,0.0,0.0,0.0,0.0,0.0,0.0,0.0,0.0,0.0,0.0,0.0,0.0
t225,0.0,0.0,0.0,0.0,0.0,0.0,0.0,0.0,0.0,0.0,0.0,0.0,0.0,0.0,0.0,0.0,0.0,0.0
t226,0.0,0.0,0.0,0.0,0.0,0.0,0.0,0.0,0.0,0.0,0.0,0.0,0.0,0.0,0.0,0.0,0.0,0.0
t227,676.1649774761167,92.30769225,0.0,0.0,0.0,0.0,0.0,319.49982241748967,0.0,0.0,0.0,0.0,0.0,0.0,0.0,0.0,0.0,1087.9724921436064
t228,972.1875000000001,0.0,0.0,0.0,0.0,4728.088634382535,1275.80838375,742.9754344502779,0.0,0.0,0.0,0.0,0.0,0.0,0.0,0.0,0.0,7719.059952582813
t229,972.1875000000001,92.30769225,0.0,0.0,0.0,6920.0,0.0,1182.811772544042,0.0,0.0,0.0,0.0,0.0,0.0,0.0,0.0,0.0,9167.306964794043
t230,972.1875000000001,92.30769225,1296.0000000000002,0.0,2969.4448565932753,6920.0,590.2930039984768,1559.9999999999998,0.0,0.0,0.0,0.0,0.0,0.0,0.0,0.0,0.0,14400.233052841753
t231,506.37622734414447,0.0,828.6693362146448,0.0,3535.9999999999995,6920.0,1275.80838375,1126.6327004988016,0.0,0.0,0.0,0.0,0.0,0.0,0.0,0.0,0.0,14193.486647807591
t232,0.0,92.30769225,471.0657388524395,0.0,257.4401731576792,2116.4708986216374,0.0,0.0,0.0,0.0,0.0,0.0,0.0,0.0,0.0,0.0,0.0,2937.2845028817565
t233,0.0,0.0,0.0,0.0,0.0,0.0,0.0,0.0,0.0,0.0,0.0,0.0,0.0,0.0,0.0,0.0,0.0,0.0
t234,0.0,0.0,0.0,0.0,0.0,0.0,0.0,0.0,0.0,0.0,0.0,0.0,0.0,0.0,0.0,0.0,0.0,0.0
t235,0.0,0.0,0.0,0.0,0.0,0.0,0.0,0.0,0.0,0.0,0.0,0.0,0.0,0.0,0.0,0.0,0.0,0.0
t236,0.0,0.0,0.0,0.0,0.0,0.0,0.0,0.0,0.0,0.0,0.0,0.0,0.0,0.0,0.0,0.0,0.0,0.0
t237,0.0,0.0,0.0,0.0,0.0,0.0,0.0,0.0,0.0,0.0,0.0,0.0,0.0,0.0,0.0,0.0,0.0,0.0
t238,0.0,0.0,0.0,0.0,0.0,0.0,0.0,0.0,0.0,0.0,0.0,0.0,0.0,0.0,0.0,0.0,0.0,0.0
t239,0.0,0.0,0.0,0.0,0.0,0.0,0.0,0.0,0.0,0.0,0.0,0.0,0.0,0.0,0.0,0.0,0.0,0.0
t240,0.0,0.0,0.0,0.0,0.0,0.0,0.0,0.0,0.0,0.0,0.0,0.0,0.0,0.0,0.0,0.0,0.0,0.0
t241,0.0,0.0,0.0,0.0,0.0,0.0,0.0,0.0,0.0,0.0,0.0,0.0,0.0,0.0,0.0,0.0,0.0,0.0
t242,0.0,0.0,0.0,0.0,0.0,0.0,0.0,0.0,0.0,0.0,0.0,0.0,0.0,0.0,0.0,0.0,0.0,0.0
t243,0.0,0.0,0.0,0.0,0.0,0.0,0.0,0.0,0.0,0.0,0.0,0.0,0.0,0.0,0.0,0.0,0.0,0.0
t244,0.0,0.0,0.0,0.0,0.0,0.0,0.0,0.0,0.0,0.0,0.0,0.0,0.0,0.0,0.0,0.0,0.0,0.0
t245,0.0,0.0,0.0,0.0,0.0,0.0,0.0,0.0,0.0,0.0,0.0,0.0,0.0,0.0,0.0,0.0,0.0,0.0
t246,0.0,0.0,0.0,0.0,0.0,0.0,0.0,0.0,0.0,0.0,0.0,0.0,0.0,0.0,0.0,0.0,0.0,0.0
t247,0.0,0.0,0.0,0.0,0.0,0.0,0.0,0.0,0.0,0.0,0.0,0.0,0.0,0.0,0.0,0.0,0.0,0.0
t248,0.0,0.0,0.0,0.0,0.0,0.0,0.0,0.0,0.0,0.0,0.0,0.0,0.0,0.0,0.0,0.0,0.0,0.0
t249,0.0,0.0,0.0,0.0,0.0,0.0,0.0,0.0,0.0,0.0,0.0,0.0,0.0,0.0,0.0,0.0,0.0,0.0
t250,972.1875000000001,92.30769225,1296.0000000000002,0.0,0.0,0.0,0.0,380.23709722197276,0.0,0.0,0.0,0.0,0.0,0.0,0.0,0.0,0.0,2740.732289471973
t251,972.1875000000001,0.0,0.0,0.0,0.0,6611.658439405751,1275.80838375,732.8940291201511,0.0,0.0,0.0,0.0,0.0,0.0,0.0,0.0,0.0,9592.548352275902
t252,210.35370482026113,19.972757362335923,0.0,0.0,0.0,6920.0,559.6213983800001,1559.9999999999998,0.0,0.0,0.0,0.0,0.0,0.0,0.0,0.0,0.0,9269.947860562597
t253,0.0,92.30769225,1296.0000000000002,0.0,2519.583322548527,0.0,1275.80838375,1559.9999999999998,0.0,0.0,0.0,0.0,0.0,0.0,0.0,0.0,0.0,6743.699398548527
t254,972.1875000000001,92.30769225,0.0,0.0,0.0,6920.0,1275.80838375,1559.9999999999998,0.0,0.0,0.0,0.0,0.0,0.0,0.0,0.0,0.0,10820.303576
t255,972.1875000000001,92.30769225,857.1145684639223,0.0,0.0,6920.0,992.2356078451514,784.4084732923169,0.0,0.0,0.0,0.0,0.0,0.0,0.0,0.0,0.0,10618.25384185139
t256,0.0,0.0,1296.0000000000002,0.0,3098.431759684813,1805.632605126512,0.0,0.0,0.0,0.0,0.0,0.0,0.0,0.0,0.0,0.0,0.0,6200.0643648113255
t257,0.0,0.0,0.0,0.0,184.8668181926074,0.0,0.0,0.0,0.0,0.0,0.0,0.0,0.0,0.0,0.0,0.0,0.0,184.8668181926074
t258,0.0,0.0,0.0,0.0,0.0,0.0,0.0,0.0,0.0,0.0,0.0,0.0,0.0,0.0,0.0,0.0,0.0,0.0
t259,0.0,0.0,0.0,0.0,0.0,0.0,0.0,0.0,0.0,0.0,0.0,0.0,0.0,0.0,0.0,0.0,0.0,0.0
t260,0.0,0.0,0.0,0.0,0.0,0.0,0.0,0.0,0.0,0.0,0.0,0.0,0.0,0.0,0.0,0.0,0.0,0.0
t261,0.0,0.0,0.0,0.0,0.0,0.0,0.0,0.0,0.0,0.0,0.0,0.0,0.0,0.0,0.0,0.0,0.0,0.0
t262,0.0,0.0,0.0,0.0,0.0,0.0,0.0,0.0,0.0,0.0,0.0,0.0,0.0,0.0,0.0,0.0,0.0,0.0
t263,0.0,0.0,0.0,0.0,0.0,0.0,0.0,0.0,0.0,0.0,0.0,0.0,0.0,0.0,0.0,0.0,0.0,0.0
t264,0.0,0.0,0.0,0.0,0.0,0.0,0.0,0.0,0.0,0.0,0.0,0.0,0.0,0.0,0.0,0.0,0.0,0.0
t265,0.0,0.0,0.0,0.0,0.0,0.0,0.0,0.0,0.0,0.0,0.0,0.0,0.0,0.0,0.0,0.0,0.0,0.0
t266,0.0,0.0,0.0,0.0,0.0,0.0,0.0,0.0,0.0,0.0,0.0,0.0,0.0,0.0,0.0,0.0,0.0,0.0
t267,0.0,0.0,0.0,0.0,0.0,0.0,0.0,0.0,0.0,0.0,0.0,0.0,0.0,0.0,0.0,0.0,0.0,0.0
t268,0.0,0.0,0.0,0.0,0.0,0.0,0.0,0.0,0.0,0.0,0.0,0.0,0.0,0.0,0.0,0.0,0.0,0.0
t269,0.0,0.0,0.0,0.0,0.0,0.0,0.0,0.0,0.0,0.0,0.0,0.0,0.0,0.0,0.0,0.0,0.0,0.0
t270,0.0,0.0,0.0,0.0,0.0,0.0,0.0,0.0,0.0,0.0,0.0,0.0,0.0,0.0,0.0,0.0,0.0,0.0
t271,0.0,0.0,0.0,0.0,0.0,0.0,0.0,0.0,0.0,0.0,0.0,0.0,0.0,0.0,0.0,0.0,0.0,0.0
t272,0.0,0.0,0.0,0.0,0.0,0.0,0.0,0.0,0.0,0.0,0.0,0.0,0.0,0.0,0.0,0.0,0.0,0.0
t273,0.0,0.0,0.0,0.0,0.0,0.0,0.0,0.0,0.0,0.0,0.0,0.0,0.0,0.0,0.0,0.0,0.0,0.0
t274,972.1875000000001,0.0,0.0,0.0,0.0,2311.3703597176973,0.0,0.0,0.0,0.0,0.0,0.0,0.0,0.0,0.0,0.0,0.0,3283.5578597176973
t275,0.0,0.0,0.0,0.0,0.0,6920.0,765.971103765152,1041.99019605786,0.0,0.0,0.0,0.0,0.0,0.0,0.0,0.0,0.0,8727.961299823011
t276,695.4138684008458,92.30769225,0.0,0.0,3429.9792936729837,6920.0,1275.80838375,1559.9999999999998,0.0,0.0,0.0,0.0,0.0,0.0,0.0,0.0,0.0,13973.50923807383
t277,972.1875000000001,92.30769225,1296.0000000000002,0.0,3535.9999999999995,0.0,1275.80838375,1559.9999999999998,0.0,0.0,0.0,0.0,0.0,0.0,0.0,0.0,0.0,8732.303576
t278,972.1875000000001,92.30769225,0.0,0.0,3535.9999999999995,6920.0,1275.80838375,1559.9999999999998,0.0,0.0,0.0,0.0,0.0,0.0,0.0,0.0,0.0,14356.303576
t279,487.1273364194158,92.30769225,0.0,0.0,3535.9999999999995,6079.191196605392,785.8859024600002,855.549403576581,0.0,0.0,0.0,0.0,0.0,0.0,0.0,0.0,0.0,11836.061531311389
t280,0.0,19.97275736233595,0.0,0.0,871.1104654984127,26.729488209173883,0.0,0.0,0.0,0.0,0.0,0.0,0.0,0.0,0.0,0.0,0.0,917.8127110699226
t281,0.0,0.0,0.0,0.0,0.0,0.0,0.0,0.0,0.0,0.0,0.0,0.0,0.0,0.0,0.0,0.0,0.0,0.0
t282,0.0,0.0,0.0,0.0,0.0,0.0,0.0,0.0,0.0,0.0,0.0,0.0,0.0,0.0,0.0,0.0,0.0,0.0
t283,0.0,0.0,0.0,0.0,0.0,0.0,0.0,0.0,0.0,0.0,0.0,0.0,0.0,0.0,0.0,0.0,0.0,0.0
t284,0.0,0.0,0.0,0.0,0.0,0.0,0.0,0.0,0.0,0.0,0.0,0.0,0.0,0.0,0.0,0.0,0.0,0.0
t285,0.0,0.0,0.0,0.0,0.0,0.0,0.0,0.0,0.0,0.0,0.0,0.0,0.0,0.0,0.0,0.0,0.0,0.0
t286,0.0,0.0,0.0,0.0,0.0,0.0,0.0,0.0,0.0,0.0,0.0,0.0,0.0,0.0,0.0,0.0,0.0,0.0
t287,0.0,0.0,0.0,0.0,0.0,0.0,0.0,0.0,0.0,0.0,0.0,0.0,0.0,0.0,0.0,0.0,0.0,0.0
t288,0.0,0.0,0.0,0.0,0.0,0.0,0.0,0.0,0.0,0.0,0.0,0.0,0.0,0.0,0.0,0.0,0.0,0.0
t289,0.0,0.0,0.0,0.0,0.0,0.0,0.0,0.0,0.0,0.0,0.0,0.0,0.0,0.0,0.0,0.0,0.0,0.0
t290,0.0,0.0,0.0,0.0,0.0,0.0,0.0,0.0,0.0,0.0,0.0,0.0,0.0,0.0,0.0,0.0,0.0,0.0
t291,0.0,0.0,0.0,0.0,0.0,0.0,0.0,0.0,0.0,0.0,0.0,0.0,0.0,0.0,0.0,0.0,0.0,0.0
t292,0.0,0.0,0.0,0.0,0.0,0.0,0.0,0.0,0.0,0.0,0.0,0.0,0.0,0.0,0.0,0.0,0.0,0.0
t293,0.0,0.0,0.0,0.0,0.0,0.0,0.0,0.0,0.0,0.0,0.0,0.0,0.0,0.0,0.0,0.0,0.0,0.0
t294,0.0,0.0,0.0,0.0,0.0,0.0,0.0,0.0,0.0,0.0,0.0,0.0,0.0,0.0,0.0,0.0,0.0,0.0
t295,0.0,0.0,0.0,0.0,0.0,0.0,0.0,0.0,0.0,0.0,0.0,0.0,0.0,0.0,0.0,0.0,0.0,0.0
t296,0.0,0.0,0.0,0.0,0.0,0.0,0.0,0.0,0.0,0.0,0.0,0.0,0.0,0.0,0.0,0.0,0.0,0.0
t297,0.0,0.0,0.0,0.0,0.0,0.0,0.0,0.0,0.0,0.0,0.0,0.0,0.0,0.0,0.0,0.0,0.0,0.0
t298,0.0,0.0,0.0,0.0,0.0,0.0,0.0,0.0,0.0,0.0,0.0,0.0,0.0,0.0,0.0,0.0,0.0,0.0
t299,972.1875000000001,92.30769225,0.0,0.0,734.920868054867,3549.0805618336612,0.0,0.0,0.0,0.0,0.0,0.0,0.0,0.0,0.0,0.0,0.0,5348.496622138528
t300,0.0,92.30769225,0.0,0.0,0.0,5114.130863783963,1275.80838375,0.0,0.0,0.0,0.0,0.0,0.0,0.0,0.0,0.0,0.0,6482.246939783963
t301,972.1875000000001,92.30769225,0.0,0.0,3535.9999999999995,6593.453516492255,1275.80838375,0.0,0.0,0.0,0.0,0.0,0.0,0.0,0.0,0.0,0.0,12469.757092492255
t302,283.0862259891675,0.0,0.0,0.0,0.0,6920.0,1275.80838375,0.0,0.0,0.0,0.0,0.0,0.0,0.0,0.0,0.0,0.0,8478.894609739167
t303,0.0,0.0,0.0,0.0,0.0,1399.5751619456928,669.85791967,0.0,0.0,0.0,0.0,0.0,0.0,0.0,0.0,0.0,0.0,2069.4330816156926
t304,0.0,0.0,0.0,0.0,0.0,0.0,0.0,0.0,0.0,0.0,0.0,0.0,0.0,0.0,0.0,0.0,0.0,0.0
t305,0.0,0.0,0.0,0.0,61.60407461892599,0.0,0.0,0.0,0.0,0.0,0.0,0.0,0.0,0.0,0.0,0.0,0.0,61.60407461892599
t306,0.0,0.0,0.0,0.0,0.0,0.0,0.0,0.0,0.0,0.0,0.0,0.0,0.0,0.0,0.0,0.0,0.0,0.0
t307,0.0,0.0,0.0,0.0,0.0,0.0,0.0,0.0,0.0,0.0,0.0,0.0,0.0,0.0,0.0,0.0,0.0,0.0
t308,0.0,0.0,0.0,0.0,0.0,0.0,0.0,0.0,0.0,0.0,0.0,0.0,0.0,0.0,0.0,0.0,0.0,0.0
t309,0.0,0.0,0.0,0.0,0.0,0.0,0.0,0.0,0.0,0.0,0.0,0.0,0.0,0.0,0.0,0.0,0.0,0.0
t310,0.0,0.0,0.0,0.0,0.0,0.0,0.0,0.0,0.0,0.0,0.0,0.0,0.0,0.0,0.0,0.0,0.0,0.0
t311,0.0,0.0,0.0,0.0,0.0,0.0,0.0,0.0,0.0,0.0,0.0,0.0,0.0,0.0,0.0,0.0,0.0,0.0
t312,0.0,0.0,0.0,0.0,0.0,0.0,0.0,0.0,0.0,0.0,0.0,0.0,0.0,0.0,0.0,0.0,0.0,0.0
t313,0.0,0.0,0.0,0.0,0.0,0.0,0.0,0.0,0.0,0.0,0.0,0.0,0.0,0.0,0.0,0.0,0.0,0.0
t314,0.0,0.0,0.0,0.0,0.0,0.0,0.0,0.0,0.0,0.0,0.0,0.0,0.0,0.0,0.0,0.0,0.0,0.0
t315,0.0,0.0,0.0,0.0,0.0,0.0,0.0,0.0,0.0,0.0,0.0,0.0,0.0,0.0,0.0,0.0,0.0,0.0
t316,0.0,0.0,0.0,0.0,0.0,0.0,0.0,0.0,0.0,0.0,0.0,0.0,0.0,0.0,0.0,0.0,0.0,0.0
t317,0.0,0.0,0.0,0.0,0.0,0.0,0.0,0.0,0.0,0.0,0.0,0.0,0.0,0.0,0.0,0.0,0.0,0.0
t318,0.0,0.0,0.0,0.0,0.0,0.0,0.0,0.0,0.0,0.0,0.0,0.0,0.0,0.0,0.0,0.0,0.0,0.0
t319,0.0,0.0,0.0,0.0,0.0,0.0,0.0,0.0,0.0,0.0,0.0,0.0,0.0,0.0,0.0,0.0,0.0,0.0
t320,0.0,0.0,0.0,0.0,0.0,0.0,0.0,0.0,0.0,0.0,0.0,0.0,0.0,0.0,0.0,0.0,0.0,0.0
t321,0.0,0.0,0.0,0.0,0.0,1184.8301652841785,0.0,0.0,0.0,0.0,0.0,0.0,0.0,0.0,0.0,0.0,0.0,1184.8301652841785
t322,562.7235594199677,19.972757362335923,0.0,0.0,0.0,2846.209719291934,1275.80838375,197.33038482261554,0.0,0.0,0.0,0.0,0.0,0.0,0.0,0.0,0.0,4902.044804646854
t323,972.1875000000001,92.30769225,0.0,0.0,3535.9999999999995,1320.3680458044043,386.4953998384006,984.3956063206856,0.0,0.0,0.0,0.0,0.0,0.0,0.0,0.0,0.0,7291.754244213491
t324,972.1875000000001,92.30769225,0.0,0.0,3535.9999999999995,2095.761124767604,1275.80838375,1108.2603766967443,0.0,0.0,0.0,0.0,0.0,0.0,0.0,0.0,0.0,9080.325077464347
t325,619.8176454002933,92.30769225,0.0,0.0,3108.9407199996654,1914.3026386574852,292.3841341900001,1319.8479825029917,0.0,0.0,0.0,0.0,0.0,0.0,0.0,0.0,0.0,7347.600813000435
t326,0.0,92.30769225,0.0,0.0,1192.149039171733,6920.0,107.48690270999984,1407.705249291403,0.0,0.0,0.0,0.0,0.0,0.0,0.0,0.0,0.0,9719.648883423135
t327,972.1875000000001,0.0,999.7763173709367,0.0,3535.9999999999995,6920.0,999.1334349105374,1559.9999999999998,0.0,0.0,0.0,0.0,0.0,0.0,0.0,0.0,0.0,14987.097252281474
t328,0.0,0.0,0.0,0.0,0.0,5975.819350726657,1042.1655183262142,0.0,0.0,0.0,0.0,0.0,0.0,0.0,0.0,0.0,0.0,7017.984869052871
t329,0.0,0.0,0.0,0.0,0.0,0.0,0.0,0.0,0.0,0.0,0.0,0.0,0.0,0.0,0.0,0.0,0.0,0.0
t330,0.0,0.0,0.0,0.0,0.0,0.0,0.0,0.0,0.0,0.0,0.0,0.0,0.0,0.0,0.0,0.0,0.0,0.0
t331,0.0,0.0,0.0,0.0,0.0,0.0,0.0,0.0,0.0,0.0,0.0,0.0,0.0,0.0,0.0,0.0,0.0,0.0
t332,0.0,0.0,0.0,0.0,0.0,0.0,0.0,0.0,0.0,0.0,0.0,0.0,0.0,0.0,0.0,0.0,0.0,0.0
t333,0.0,0.0,0.0,0.0,0.0,0.0,0.0,0.0,0.0,0.0,0.0,0.0,0.0,0.0,0.0,0.0,0.0,0.0
t334,0.0,0.0,0.0,0.0,0.0,0.0,0.0,0.0,0.0,0.0,0.0,0.0,0.0,0.0,0.0,0.0,0.0,0.0
t335,0.0,0.0,0.0,0.0,0.0,0.0,0.0,0.0,0.0,0.0,0.0,0.0,0.0,0.0,0.0,0.0,0.0,0.0
t336,0.0,0.0,0.0,0.0,0.0,0.0,0.0,0.0,0.0,0.0,0.0,0.0,0.0,0.0,0.0,0.0,0.0,0.0
t337,0.0,0.0,0.0,0.0,0.0,0.0,0.0,0.0,0.0,0.0,0.0,0.0,0.0,0.0,0.0,0.0,0.0,0.0
t338,0.0,0.0,0.0,0.0,0.0,0.0,0.0,0.0,0.0,0.0,0.0,0.0,0.0,0.0,0.0,0.0,0.0,0.0
t339,0.0,0.0,0.0,0.0,0.0,0.0,0.0,0.0,0.0,0.0,0.0,0.0,0.0,0.0,0.0,0.0,0.0,0.0
t340,0.0,0.0,0.0,0.0,0.0,0.0,0.0,0.0,0.0,0.0,0.0,0.0,0.0,0.0,0.0,0.0,0.0,0.0
t341,0.0,0.0,0.0,0.0,0.0,0.0,0.0,0.0,0.0,0.0,0.0,0.0,0.0,0.0,0.0,0.0,0.0,0.0
t342,0.0,0.0,0.0,101.11013137484129,0.0,0.0,0.0,0.0,0.0,0.0,0.0,0.0,0.0,0.0,0.0,0.0,0.0,101.11013137484129
t343,0.0,0.0,0.0,0.0,0.0,0.0,0.0,0.0,0.0,0.0,0.0,0.0,0.0,0.0,0.0,0.0,0.0,0.0
t344,0.0,0.0,0.0,0.0,0.0,0.0,0.0,0.0,0.0,0.0,0.0,0.0,0.0,0.0,0.0,0.0,0.0,0.0
t345,0.0,0.0,0.0,0.0,0.0,0.0,0.0,0.0,0.0,0.0,0.0,0.0,0.0,0.0,0.0,0.0,0.0,0.0
t346,972.1875000000001,92.30769225,0.0,0.0,0.0,0.0,0.0,0.0,0.0,0.0,0.0,0.0,0.0,0.0,0.0,0.0,0.0,1064.4951922500002
t347,338.7332223344029,0.0,0.0,0.0,1657.9360253616298,0.0,970.7655484599999,1077.5561921039869,0.0,0.0,0.0,0.0,0.0,0.0,0.0,0.0,0.0,4044.9909882600195
t348,972.1875000000001,0.0,0.0,0.0,2643.1537338097673,4115.348562279478,1275.80838375,1559.9999999999998,0.0,0.0,0.0,0.0,0.0,0.0,0.0,0.0,0.0,10566.498179839245
t349,0.0,20.51294939147684,0.0,0.0,3535.9999999999995,5579.626004651379,1275.80838375,1035.0731655585766,0.0,0.0,0.0,0.0,0.0,0.0,0.0,0.0,0.0,11447.020503351432
t350,972.1875000000001,92.30769225,0.0,0.0,3535.9999999999995,5197.057087229392,1275.80838375,0.0,0.0,0.0,0.0,0.0,0.0,0.0,0.0,0.0,0.0,11073.36066322939
t351,0.0,0.0,0.0,0.0,3535.9999999999995,1641.3605500826957,581.0914577651522,1559.9999999999998,0.0,0.0,0.0,0.0,0.0,0.0,0.0,0.0,0.0,7318.452007847847
t352,0.0,0.0,0.0,0.0,0.0,0.0,0.0,0.0,0.0,0.0,0.0,0.0,0.0,0.0,0.0,0.0,0.0,0.0
t353,0.0,0.0,0.0,0.0,0.0,0.0,0.0,0.0,0.0,0.0,0.0,0.0,0.0,0.0,0.0,0.0,0.0,0.0
t354,0.0,0.0,0.0,0.0,0.0,0.0,0.0,0.0,0.0,0.0,0.0,0.0,0.0,0.0,0.0,0.0,0.0,0.0
t355,0.0,0.0,0.0,0.0,0.0,0.0,0.0,0.0,0.0,0.0,0.0,0.0,0.0,0.0,0.0,0.0,0.0,0.0
t356,0.0,0.0,0.0,0.0,0.0,0.0,0.0,0.0,0.0,0.0,0.0,0.0,0.0,0.0,0.0,0.0,0.0,0.0
t357,0.0,0.0,0.0,0.0,0.0,0.0,0.0,0.0,0.0,0.0,0.0,0.0,0.0,0.0,0.0,0.0,0.0,0.0
t358,0.0,0.0,0.0,0.0,0.0,0.0,0.0,0.0,0.0,0.0,0.0,0.0,0.0,0.0,0.0,0.0,0.0,0.0
t359,0.0,0.0,0.0,0.0,0.0,0.0,0.0,0.0,0.0,0.0,0.0,0.0,0.0,0.0,0.0,0.0,0.0,0.0
t360,0.0,0.0,0.0,0.0,0.0,0.0,0.0,0.0,0.0,0.0,0.0,0.0,0.0,0.0,0.0,0.0,0.0,0.0
t361,0.0,0.0,0.0,0.0,0.0,0.0,0.0,0.0,0.0,0.0,0.0,0.0,0.0,0.0,0.0,0.0,0.0,0.0
t362,0.0,0.0,0.0,0.0,0.0,0.0,0.0,0.0,0.0,0.0,0.0,0.0,0.0,0.0,0.0,0.0,0.0,0.0
t363,0.0,0.0,0.0,0.0,0.0,0.0,0.0,0.0,0.0,0.0,0.0,0.0,0.0,0.0,0.0,0.0,0.0,0.0
t364,0.0,0.0,0.0,0.0,0.0,0.0,0.0,0.0,0.0,0.0,0.0,0.0,0.0,0.0,0.0,0.0,0.0,0.0
t365,0.0,0.0,0.0,0.0,0.0,0.0,0.0,0.0,0.0,0.0,0.0,0.0,0.0,0.0,0.0,0.0,0.0,0.0
t366,0.0,0.0,0.0,0.0,0.0,0.0,0.0,0.0,0.0,0.0,0.0,0.0,0.0,0.0,0.0,0.0,0.0,0.0
t367,0.0,0.0,0.0,0.0,0.0,0.0,0.0,0.0,0.0,0.0,0.0,0.0,0.0,0.0,0.0,0.0,0.0,0.0
t368,0.0,0.0,0.0,0.0,0.0,0.0,0.0,0.0,0.0,0.0,0.0,0.0,0.0,0.0,0.0,0.0,0.0,0.0
t369,869.7948268975687,0.0,0.0,0.0,0.0,0.0,0.0,0.0,0.0,0.0,0.0,0.0,0.0,0.0,0.0,0.0,0.0,869.7948268975687
t370,168.41272602014118,0.0,0.0,0.0,0.0,6920.0,0.0,0.0,0.0,0.0,0.0,0.0,0.0,0.0,0.0,0.0,0.0,7088.412726020141
t371,972.1875000000001,92.30769225,0.0,0.0,0.0,3074.5458229413903,1025.21155793,0.0,0.0,0.0,0.0,0.0,0.0,0.0,0.0,0.0,0.0,5164.25257312139
t372,144.33365190255137,92.30769225,0.0,0.0,765.0897591713978,2355.7114725551055,1275.80838375,1559.9999999999998,0.0,0.0,0.0,0.0,0.0,0.0,0.0,0.0,0.0,6193.250959629055
t373,972.1875000000001,0.0,800.3794339305657,0.0,3535.9999999999995,6797.98629204605,1275.80838375,1388.5960986383423,0.0,0.0,0.0,0.0,0.0,0.0,0.0,0.0,0.0,14770.957708364956
t374,0.0,92.30769225,0.0,0.0,3535.9999999999995,3846.8017094234337,1275.80838375,1559.9999999999998,0.0,0.0,0.0,0.0,0.0,0.0,0.0,0.0,0.0,10310.917785423433
t375,972.1875000000001,0.0,0.0,0.0,3535.9999999999995,4853.32370123744,526.6454482951525,1559.9999999999998,0.0,0.0,0.0,0.0,0.0,0.0,0.0,0.0,0.0,11448.156649532593
t376,0.0,0.0,311.3848867864466,0.0,3535.9999999999995,1328.9220463288414,0.0,508.9435009960983,0.0,0.0,0.0,0.0,0.0,0.0,0.0,0.0,0.0,5685.250434111385
t377,0.0,0.0,0.0,0.0,0.0,0.0,0.0,0.0,0.0,0.0,0.0,0.0,0.0,0.0,0.0,0.0,0.0,0.0
t378,0.0,0.0,0.0,0.0,0.0,0.0,0.0,0.0,0.0,0.0,0.0,0.0,0.0,0.0,0.0,0.0,0.0,0.0
t379,0.0,0.0,0.0,0.0,0.0,0.0,0.0,0.0,0.0,0.0,0.0,0.0,0.0,0.0,0.0,0.0,0.0,0.0
t380,0.0,0.0,0.0,0.0,0.0,0.0,0.0,0.0,0.0,0.0,0.0,0.0,0.0,0.0,0.0,0.0,0.0,0.0
t381,0.0,0.0,0.0,0.0,0.0,0.0,0.0,0.0,0.0,0.0,0.0,0.0,0.0,0.0,0.0,0.0,0.0,0.0
t382,0.0,0.0,0.0,0.0,0.0,0.0,0.0,0.0,0.0,0.0,0.0,0.0,0.0,0.0,0.0,0.0,0.0,0.0
t383,0.0,0.0,0.0,0.0,0.0,0.0,0.0,0.0,0.0,0.0,0.0,0.0,0.0,0.0,0.0,0.0,0.0,0.0
t384,0.0,0.0,0.0,0.0,0.0,0.0,0.0,0.0,0.0,0.0,0.0,0.0,0.0,0.0,0.0,0.0,0.0,0.0
t385,0.0,0.0,0.0,0.0,0.0,0.0,0.0,0.0,0.0,0.0,0.0,0.0,0.0,0.0,0.0,0.0,0.0,0.0
t386,0.0,0.0,0.0,0.0,0.0,0.0,0.0,0.0,0.0,0.0,0.0,0.0,0.0,0.0,0.0,0.0,0.0,0.0
t387,0.0,0.0,0.0,0.0,0.0,0.0,0.0,0.0,0.0,0.0,0.0,0.0,0.0,0.0,0.0,0.0,0.0,0.0
t388,0.0,0.0,0.0,0.0,0.0,0.0,0.0,0.0,0.0,0.0,0.0,0.0,0.0,0.0,0.0,0.0,0.0,0.0
t389,0.0,0.0,0.0,0.0,0.0,0.0,0.0,0.0,0.0,0.0,0.0,0.0,0.0,0.0,0.0,0.0,0.0,0.0
t390,0.0,0.0,0.0,0.0,0.0,0.0,0.0,0.0,0.0,0.0,0.0,0.0,0.0,0.0,0.0,0.0,0.0,0.0
t391,0.0,0.0,0.0,0.0,0.0,0.0,0.0,0.0,0.0,0.0,0.0,0.0,0.0,0.0,0.0,0.0,0.0,0.0
t392,0.0,0.0,0.0,0.0,0.0,0.0,0.0,0.0,0.0,0.0,0.0,0.0,0.0,0.0,0.0,0.0,0.0,0.0
t393,0.0,0.0,0.0,0.0,0.0,0.0,0.0,0.0,0.0,0.0,0.0,0.0,0.0,0.0,0.0,0.0,0.0,0.0
t394,972.1875000000001,92.30769225,1296.0000000000002,0.0,0.0,5810.48276771158,1275.80838375,0.0,0.0,0.0,0.0,0.0,0.0,0.0,0.0,0.0,0.0,9446.786343711581
t395,0.0,0.0,0.0,0.0,0.0,2212.015551734563,859.4205197800002,788.9982080019755,0.0,0.0,0.0,0.0,0.0,0.0,0.0,0.0,0.0,3860.4342795165385
t396,972.1875000000001,19.972757362335923,0.0,0.0,2267.6034560077096,6920.0,1275.80838375,1559.9999999999998,0.0,0.0,0.0,0.0,0.0,0.0,0.0,0.0,0.0,13015.572097120044
t397,210.35370482026113,92.30769225,471.81635333370065,0.0,3535.9999999999995,4612.788092758003,563.9481209600001,1559.9999999999998,0.0,0.0,0.0,0.0,0.0,0.0,0.0,0.0,0.0,11047.213964121964
t398,972.1875000000001,92.30769225,416.4544287890498,0.0,3535.9999999999995,2252.8369162352124,326.26780075999994,1414.3519301399983,0.0,0.0,0.0,0.0,0.0,0.0,0.0,0.0,0.0,9010.40626817426
t399,0.0,0.0,95.17160983218776,0.0,2601.5064521575064,168.52547550138823,1078.0289484751513,755.1093709280336,0.0,0.0,0.0,0.0,0.0,0.0,0.0,0.0,0.0,4698.341856894268
t400,972.1875000000001,92.30769225,0.0,0.0,2967.979851006181,6920.0,0.0,0.0,0.0,0.0,0.0,0.0,0.0,0.0,0.0,0.0,0.0,10952.475043256181
t401,0.0,0.0,0.0,0.0,0.0,0.0,0.0,0.0,0.0,0.0,0.0,0.0,0.0,0.0,0.0,0.0,0.0,0.0
t402,0.0,0.0,0.0,0.0,0.0,0.0,0.0,0.0,0.0,0.0,0.0,0.0,0.0,0.0,0.0,0.0,0.0,0.0
t403,0.0,0.0,0.0,0.0,0.0,0.0,0.0,0.0,0.0,0.0,0.0,0.0,0.0,0.0,0.0,0.0,0.0,0.0
t404,0.0,0.0,0.0,0.0,0.0,0.0,0.0,0.0,0.0,0.0,0.0,0.0,0.0,0.0,0.0,0.0,0.0,0.0
t405,0.0,0.0,0.0,0.0,0.0,0.0,0.0,0.0,0.0,0.0,0.0,0.0,0.0,0.0,0.0,0.0,0.0,0.0
t406,0.0,0.0,0.0,0.0,0.0,0.0,0.0,0.0,0.0,0.0,0.0,0.0,0.0,0.0,0.0,0.0,0.0,0.0
t407,0.0,0.0,0.0,0.0,0.0,0.0,0.0,0.0,0.0,0.0,0.0,0.0,0.0,0.0,0.0,0.0,0.0,0.0
t408,0.0,0.0,0.0,0.0,0.0,0.0,0.0,0.0,0.0,0.0,0.0,0.0,0.0,0.0,0.0,0.0,0.0,0.0
t409,0.0,0.0,0.0,0.0,0.0,0.0,0.0,0.0,0.0,0.0,0.0,0.0,0.0,0.0,0.0,0.0,0.0,0.0
t410,0.0,0.0,0.0,0.0,0.0,0.0,0.0,0.0,0.0,0.0,0.0,0.0,0.0,0.0,0.0,0.0,0.0,0.0
t411,0.0,0.0,0.0,0.0,0.0,0.0,0.0,0.0,0.0,0.0,0.0,0.0,0.0,0.0,0.0,0.0,0.0,0.0
t412,0.0,0.0,0.0,0.0,0.0,0.0,0.0,0.0,0.0,0.0,0.0,0.0,0.0,0.0,0.0,0.0,0.0,0.0
t413,0.0,0.0,0.0,0.0,0.0,0.0,0.0,0.0,0.0,0.0,0.0,0.0,0.0,0.0,0.0,0.0,0.0,0.0
t414,0.0,0.0,0.0,0.0,0.0,0.0,0.0,0.0,0.0,0.0,0.0,0.0,0.0,0.0,0.0,0.0,0.0,0.0
t415,0.0,0.0,0.0,0.0,0.0,0.0,0.0,0.0,0.0,0.0,0.0,0.0,0.0,0.0,0.0,0.0,0.0,0.0
t416,0.0,0.0,0.0,0.0,0.0,0.0,0.0,0.0,0.0,0.0,0.0,0.0,0.0,0.0,0.0,0.0,0.0,0.0
t417,952.8339045262389,63.32658836288776,0.0,0.0,0.0,1396.700808878322,0.0,0.0,0.0,0.0,0.0,0.0,0.0,0.0,0.0,0.0,0.0,2412.861301767449
t418,0.0,0.0,0.0,0.0,0.0,3242.4916580680697,469.2180456299999,702.7911745941498,0.0,0.0,0.0,0.0,0.0,0.0,0.0,0.0,0.0,4414.50087829222
t419,972.1875000000001,0.0,0.0,0.0,2154.6862663335824,3816.5613707715156,1166.2076840600002,1559.9999999999998,0.0,0.0,0.0,0.0,0.0,0.0,0.0,0.0,0.0,9669.642821165098
t420,229.70730029402225,0.0,0.0,0.0,1670.9897691301992,5777.728690679475,1275.80838375,58.29757616924858,0.0,0.0,0.0,0.0,0.0,0.0,0.0,0.0,0.0,9012.531720022946
t421,972.1875000000001,0.0,0.0,0.0,3535.9999999999995,6920.0,770.4208258900003,1559.9999999999998,0.0,0.0,0.0,0.0,0.0,0.0,0.0,0.0,0.0,13758.60832589
t422,972.1875000000001,0.0,0.0,0.0,3296.5810713961796,2728.234064275585,597.0002047751523,1559.9999999999998,0.0,0.0,0.0,0.0,0.0,0.0,0.0,0.0,0.0,9154.002840446916
t423,0.0,92.30769225,0.0,0.0,3403.4592301510893,1662.6964036415711,1100.62701337,1136.4508488710424,0.0,0.0,0.0,0.0,0.0,0.0,0.0,0.0,0.0,7395.5411882837025
t424,0.0,92.30769225,0.0,0.0,847.3734221603466,0.0,0.0,0.0,0.0,0.0,0.0,0.0,0.0,0.0,0.0,0.0,0.0,939.6811144103467
t425,0.0,0.0,0.0,0.0,0.0,0.0,0.0,0.0,0.0,0.0,0.0,0.0,0.0,0.0,0.0,0.0,0.0,0.0
t426,0.0,0.0,0.0,0.0,0.0,0.0,0.0,0.0,0.0,0.0,0.0,0.0,0.0,0.0,0.0,0.0,0.0,0.0
t427,0.0,0.0,0.0,0.0,0.0,0.0,0.0,0.0,0.0,0.0,0.0,0.0,0.0,0.0,0.0,0.0,0.0,0.0
t428,0.0,0.0,0.0,0.0,0.0,0.0,0.0,0.0,0.0,0.0,0.0,0.0,0.0,0.0,0.0,0.0,0.0,0.0
t429,0.0,0.0,0.0,0.0,0.0,0.0,0.0,0.0,0.0,0.0,0.0,0.0,0.0,0.0,0.0,0.0,0.0,0.0
t430,0.0,0.0,0.0,0.0,0.0,0.0,0.0,0.0,0.0,0.0,0.0,0.0,0.0,0.0,0.0,0.0,0.0,0.0
t431,0.0,0.0,0.0,0.0,0.0,0.0,0.0,0.0,0.0,0.0,0.0,0.0,0.0,0.0,0.0,0.0,0.0,0.0
t432,0.0,0.0,0.0,0.0,0.0,0.0,0.0,0.0,0.0,0.0,0.0,0.0,0.0,0.0,0.0,0.0,0.0,0.0
t433,0.0,0.0,0.0,0.0,0.0,0.0,0.0,0.0,0.0,0.0,0.0,0.0,0.0,0.0,0.0,0.0,0.0,0.0
t434,0.0,0.0,0.0,0.0,0.0,0.0,0.0,0.0,0.0,0.0,0.0,0.0,0.0,0.0,0.0,0.0,0.0,0.0
t435,0.0,0.0,0.0,0.0,0.0,0.0,0.0,0.0,0.0,0.0,0.0,0.0,0.0,0.0,0.0,0.0,0.0,0.0
t436,0.0,0.0,0.0,0.0,0.0,0.0,0.0,0.0,0.0,0.0,0.0,0.0,0.0,0.0,0.0,0.0,0.0,0.0
t437,0.0,0.0,0.0,0.0,0.0,0.0,0.0,0.0,0.0,0.0,0.0,0.0,0.0,0.0,0.0,0.0,0.0,0.0
t438,0.0,0.0,0.0,0.0,0.0,0.0,0.0,0.0,0.0,0.0,0.0,0.0,0.0,0.0,0.0,0.0,0.0,0.0
t439,0.0,0.0,0.0,0.0,0.0,0.0,0.0,0.0,0.0,0.0,0.0,0.0,0.0,0.0,0.0,0.0,0.0,0.0
t440,0.0,0.0,0.0,0.0,0.0,0.0,0.0,0.0,0.0,0.0,0.0,0.0,0.0,0.0,0.0,0.0,0.0,0.0
t441,0.0,0.0,0.0,0.0,0.0,0.0,0.0,0.0,0.0,0.0,0.0,0.0,0.0,0.0,0.0,0.0,0.0,0.0
t442,972.1875000000001,0.0,0.0,0.0,0.0,5643.829653666362,415.60982926515203,0.0,0.0,0.0,0.0,0.0,0.0,0.0,0.0,0.0,0.0,7031.626982931514
t443,972.1875000000001,92.30769225,0.0,0.0,0.0,404.95469421759617,910.2352764599999,925.8070218502108,0.0,0.0,0.0,0.0,0.0,0.0,0.0,0.0,0.0,3305.492184777807
t444,0.0,0.0,0.0,0.0,1780.2373791899531,6920.0,1275.80838375,1522.1370936169212,0.0,0.0,0.0,0.0,0.0,0.0,0.0,0.0,0.0,11498.182856556874
t445,972.1875000000001,0.0,0.0,0.0,3535.9999999999995,3881.178798621959,1061.8667555700004,1426.7229660139676,0.0,0.0,0.0,0.0,0.0,0.0,0.0,0.0,0.0,10877.956020205926
t446,972.1875000000001,92.30769225,0.0,0.0,3535.9999999999995,4180.106451807415,629.13412358,0.0,0.0,0.0,0.0,0.0,0.0,0.0,0.0,0.0,0.0,9409.735767637416
t447,210.35370482026113,92.30769225,0.0,0.0,3535.9999999999995,0.0,1086.62778885,950.8068626471693,0.0,0.0,0.0,0.0,0.0,0.0,0.0,0.0,0.0,5876.09604856743
t448,0.0,92.30769225,0.0,0.0,2520.852379981444,2956.4301300132593,0.0,0.0,0.0,0.0,0.0,0.0,0.0,0.0,0.0,0.0,0.0,5569.590202244703
t449,0.0,0.0,0.0,0.0,0.0,0.0,0.0,0.0,0.0,0.0,0.0,0.0,0.0,0.0,0.0,0.0,0.0,0.0
t450,0.0,0.0,0.0,0.0,0.0,0.0,0.0,0.0,0.0,0.0,0.0,0.0,0.0,0.0,0.0,0.0,0.0,0.0
t451,0.0,0.0,0.0,0.0,0.0,0.0,0.0,0.0,0.0,0.0,0.0,0.0,0.0,0.0,0.0,0.0,0.0,0.0
t452,0.0,0.0,0.0,0.0,0.0,0.0,0.0,0.0,0.0,0.0,0.0,0.0,0.0,0.0,0.0,0.0,0.0,0.0
t453,0.0,0.0,0.0,0.0,0.0,0.0,0.0,0.0,0.0,0.0,0.0,0.0,0.0,0.0,0.0,0.0,0.0,0.0
t454,0.0,0.0,0.0,0.0,0.0,0.0,0.0,0.0,0.0,0.0,0.0,0.0,0.0,0.0,0.0,0.0,0.0,0.0
t455,0.0,0.0,0.0,0.0,0.0,0.0,0.0,0.0,0.0,0.0,0.0,0.0,0.0,0.0,0.0,0.0,0.0,0.0
t456,0.0,0.0,0.0,0.0,0.0,0.0,0.0,0.0,0.0,0.0,0.0,0.0,0.0,0.0,0.0,0.0,0.0,0.0
t457,0.0,0.0,0.0,0.0,0.0,0.0,0.0,0.0,0.0,0.0,0.0,0.0,0.0,0.0,0.0,0.0,0.0,0.0
t458,0.0,0.0,0.0,0.0,0.0,0.0,0.0,0.0,0.0,0.0,0.0,0.0,0.0,0.0,0.0,0.0,0.0,0.0
t459,0.0,0.0,0.0,0.0,0.0,0.0,0.0,0.0,0.0,0.0,0.0,0.0,0.0,0.0,0.0,0.0,0.0,0.0
t460,0.0,0.0,0.0,0.0,0.0,0.0,0.0,0.0,0.0,0.0,0.0,0.0,0.0,0.0,0.0,0.0,0.0,0.0
t461,0.0,0.0,0.0,0.0,0.0,0.0,0.0,0.0,0.0,0.0,0.0,0.0,0.0,0.0,0.0,0.0,0.0,0.0
t462,0.0,0.0,0.0,0.0,0.0,0.0,0.0,0.0,0.0,0.0,0.0,0.0,0.0,0.0,0.0,0.0,0.0,0.0
t463,0.0,0.0,0.0,0.0,0.0,0.0,0.0,0.0,0.0,0.0,0.0,0.0,0.0,0.0,0.0,0.0,0.0,0.0
t464,0.0,0.0,0.0,0.0,0.0,0.0,0.0,0.0,0.0,0.0,0.0,0.0,0.0,0.0,0.0,0.0,0.0,0.0
t465,0.0,0.0,1296.0000000000002,0.0,0.0,0.0,0.0,0.0,0.0,0.0,0.0,0.0,0.0,0.0,0.0,0.0,0.0,1296.0000000000002
t466,626.1518514267987,92.30769225,0.0,0.0,0.0,33.979867691787284,384.4462089499998,380.43802035116727,0.0,0.0,0.0,0.0,0.0,0.0,0.0,0.0,0.0,1517.3236406697529
t467,972.1875000000001,92.30769225,0.0,0.0,2460.5928005971355,2004.2854533461223,817.791021755153,1559.9999999999998,0.0,0.0,0.0,0.0,0.0,0.0,0.0,0.0,0.0,7907.164467948411
t468,556.3893533934626,0.0,0.0,0.0,2499.117561808699,6920.0,1174.80187487,953.4109102607543,0.0,0.0,0.0,0.0,0.0,0.0,0.0,0.0,0.0,12103.719700332915
t469,972.1875000000001,92.30769225,0.0,0.0,3535.9999999999995,6920.0,1214.7407511000004,899.6119770440796,0.0,0.0,0.0,0.0,0.0,0.0,0.0,0.0,0.0,13634.84792039408
t470,972.1875000000001,0.0,0.0,0.0,3535.9999999999995,3232.335594584644,946.96253084,1559.9999999999998,0.0,0.0,0.0,0.0,0.0,0.0,0.0,0.0,0.0,10247.485625424644
t471,0.0,0.0,0.0,0.0,2877.3793967655624,5182.414365874933,840.53976996,0.0,0.0,0.0,0.0,0.0,0.0,0.0,0.0,0.0,0.0,8900.333532600494
t472,0.0,0.0,268.5353558684964,0.0,0.0,0.0,0.0,0.0,0.0,0.0,0.0,0.0,0.0,0.0,0.0,0.0,0.0,268.5353558684964
t473,0.0,0.0,0.0,0.0,0.0,0.0,0.0,0.0,0.0,0.0,0.0,0.0,0.0,0.0,0.0,0.0,0.0,0.0
t474,0.0,0.0,0.0,0.0,0.0,0.0,0.0,0.0,0.0,0.0,0.0,0.0,0.0,0.0,0.0,0.0,0.0,0.0
t475,0.0,0.0,0.0,0.0,0.0,0.0,0.0,0.0,0.0,0.0,0.0,0.0,0.0,0.0,0.0,0.0,0.0,0.0
t476,0.0,0.0,0.0,0.0,0.0,0.0,0.0,0.0,0.0,0.0,0.0,0.0,0.0,0.0,0.0,0.0,0.0,0.0
t477,0.0,0.0,0.0,0.0,0.0,0.0,0.0,0.0,0.0,0.0,0.0,0.0,0.0,0.0,0.0,0.0,0.0,0.0
t478,0.0,0.0,0.0,0.0,0.0,0.0,0.0,0.0,0.0,0.0,0.0,0.0,0.0,0.0,0.0,0.0,0.0,0.0
t479,0.0,0.0,0.0,0.0,0.0,0.0,0.0,0.0,0.0,0.0,0.0,0.0,0.0,0.0,0.0,0.0,0.0,0.0
t480,0.0,0.0,0.0,0.0,0.0,0.0,0.0,0.0,0.0,0.0,0.0,0.0,0.0,0.0,0.0,0.0,0.0,0.0
t481,0.0,0.0,0.0,0.0,0.0,0.0,0.0,0.0,0.0,0.0,0.0,0.0,0.0,0.0,0.0,0.0,0.0,0.0
t482,0.0,0.0,0.0,0.0,0.0,0.0,0.0,0.0,0.0,0.0,0.0,0.0,0.0,0.0,0.0,0.0,0.0,0.0
t483,0.0,0.0,0.0,0.0,0.0,0.0,0.0,0.0,0.0,0.0,0.0,0.0,0.0,0.0,0.0,0.0,0.0,0.0
t484,0.0,0.0,0.0,0.0,0.0,0.0,0.0,0.0,0.0,0.0,0.0,0.0,0.0,0.0,0.0,0.0,0.0,0.0
t485,0.0,0.0,0.0,0.0,0.0,0.0,0.0,0.0,0.0,0.0,0.0,0.0,0.0,0.0,0.0,0.0,0.0,0.0
t486,0.0,0.0,0.0,0.0,0.0,0.0,0.0,0.0,0.0,0.0,0.0,0.0,0.0,0.0,0.0,0.0,0.0,0.0
t487,0.0,0.0,0.0,0.0,0.0,0.0,0.0,0.0,0.0,0.0,0.0,0.0,0.0,0.0,0.0,0.0,0.0,0.0
t488,0.0,0.0,0.0,0.0,0.0,0.0,0.0,0.0,0.0,0.0,0.0,0.0,0.0,0.0,0.0,0.0,0.0,0.0
t489,0.0,0.0,0.0,0.0,0.0,0.0,0.0,0.0,0.0,0.0,0.0,0.0,0.0,0.0,0.0,0.0,0.0,0.0
t490,762.0870225836649,0.0,0.0,0.0,0.0,0.0,762.2650354800003,0.0,0.0,0.0,0.0,0.0,0.0,0.0,0.0,0.0,0.0,1524.352058063665
t491,972.1875000000001,92.30769225,0.0,0.0,0.0,0.0,1275.80838375,987.7753135805823,0.0,0.0,0.0,0.0,0.0,0.0,0.0,0.0,0.0,3328.0788895805827
t492,972.1875000000001,0.0,0.0,0.0,2533.156088688408,0.0,635.4625733599999,0.0,0.0,0.0,0.0,0.0,0.0,0.0,0.0,0.0,0.0,4140.806162048408
t493,301.2198783758807,0.0,0.0,0.0,3144.0969437561616,3631.6904323953827,472.6319596400004,642.3825010374503,0.0,0.0,0.0,0.0,0.0,0.0,0.0,0.0,0.0,8192.021715204875
t494,0.0,0.0,0.0,0.0,3535.9999999999995,0.0,1275.80838375,0.0,0.0,0.0,0.0,0.0,0.0,0.0,0.0,0.0,0.0,4811.80838375
t495,0.0,92.30769225,0.0,0.0,3535.9999999999995,1252.5853306393965,957.3058214951512,0.0,0.0,0.0,0.0,0.0,0.0,0.0,0.0,0.0,0.0,5838.198844384548
t496,70.54218352954256,0.0,0.0,0.0,2159.8367267268263,0.0,0.0,0.0,0.0,0.0,0.0,0.0,0.0,0.0,0.0,0.0,0.0,2230.3789102563687
t497,0.0,0.0,0.0,0.0,0.0,0.0,0.0,0.0,0.0,0.0,0.0,0.0,0.0,0.0,0.0,0.0,0.0,0.0
t498,0.0,0.0,0.0,0.0,0.0,0.0,0.0,0.0,0.0,0.0,0.0,0.0,0.0,0.0,0.0,0.0,0.0,0.0
t499,0.0,0.0,0.0,0.0,0.0,0.0,0.0,0.0,0.0,0.0,0.0,0.0,0.0,0.0,0.0,0.0,0.0,0.0
t500,0.0,0.0,0.0,0.0,0.0,0.0,0.0,0.0,0.0,0.0,0.0,0.0,0.0,0.0,0.0,0.0,0.0,0.0
t501,0.0,0.0,0.0,0.0,0.0,0.0,0.0,0.0,0.0,0.0,0.0,0.0,0.0,0.0,0.0,0.0,0.0,0.0
t502,0.0,0.0,0.0,0.0,0.0,0.0,0.0,0.0,0.0,0.0,0.0,0.0,0.0,0.0,0.0,0.0,0.0,0.0
t503,0.0,0.0,0.0,0.0,0.0,0.0,0.0,0.0,0.0,0.0,0.0,0.0,0.0,0.0,0.0,0.0,0.0,0.0
t504,0.0,0.0,0.0,0.0,0.0,0.0,0.0,0.0,0.0,0.0,0.0,0.0,0.0,0.0,0.0,0.0,0.0,0.0
t505,0.0,0.0,0.0,0.0,0.0,0.0,0.0,0.0,0.0,0.0,0.0,0.0,0.0,0.0,0.0,0.0,0.0,0.0
t506,0.0,0.0,0.0,0.0,0.0,0.0,0.0,0.0,0.0,0.0,0.0,0.0,0.0,0.0,0.0,0.0,0.0,0.0
t507,0.0,0.0,0.0,0.0,0.0,0.0,0.0,0.0,0.0,0.0,0.0,0.0,0.0,0.0,0.0,0.0,0.0,0.0
t508,0.0,0.0,0.0,0.0,0.0,0.0,0.0,0.0,0.0,0.0,0.0,0.0,0.0,0.0,0.0,0.0,0.0,0.0
t509,0.0,0.0,0.0,0.0,0.0,0.0,0.0,0.0,0.0,0.0,0.0,0.0,0.0,0.0,0.0,0.0,0.0,0.0
t510,0.0,0.0,0.0,0.0,0.0,0.0,0.0,0.0,0.0,0.0,0.0,0.0,0.0,0.0,0.0,0.0,0.0,0.0
t511,0.0,0.0,0.0,0.0,0.0,0.0,0.0,0.0,0.0,0.0,0.0,0.0,0.0,0.0,0.0,0.0,0.0,0.0
t512,0.0,0.0,0.0,0.0,0.0,0.0,0.0,0.0,0.0,0.0,0.0,0.0,0.0,0.0,0.0,0.0,0.0,0.0
t513,0.0,0.0,0.0,0.0,0.0,0.0,0.0,0.0,0.0,0.0,0.0,0.0,0.0,0.0,0.0,0.0,0.0,0.0
t514,0.0,0.0,0.0,0.0,0.0,1369.2080495224168,1275.80838375,0.0,0.0,0.0,0.0,0.0,0.0,0.0,0.0,0.0,0.0,2645.016433272417
t515,972.1875000000001,0.0,0.0,254.117647,0.0,0.0,1275.80838375,0.0,0.0,0.0,0.0,0.0,0.0,0.0,0.0,0.0,0.0,2502.11353075
t516,972.1875000000001,0.0,0.0,0.0,1966.018723506335,6920.0,958.0380403699995,0.0,0.0,0.0,0.0,0.0,0.0,0.0,0.0,0.0,0.0,10816.244263876335
t517,774.2669324674202,92.30769225,0.0,0.0,3535.9999999999995,2803.409781057072,237.69010081999986,0.0,0.0,0.0,0.0,0.0,0.0,0.0,0.0,0.0,0.0,7443.6745065944915
t518,408.27427235284057,0.0,0.0,0.0,3535.9999999999995,4451.156730833914,0.0,0.0,0.0,0.0,0.0,0.0,0.0,0.0,0.0,0.0,0.0,8395.431003186754
t519,972.1875000000001,92.30769225,0.0,0.0,2335.071035665063,1485.6953913313498,0.0,0.0,0.0,0.0,0.0,0.0,0.0,0.0,0.0,0.0,0.0,4885.261619246413
t520,0.0,0.0,0.0,0.0,3535.9999999999995,5091.910007258575,0.0,0.0,0.0,0.0,0.0,0.0,0.0,0.0,0.0,0.0,0.0,8627.910007258575
t521,0.0,0.0,0.0,0.0,0.0,0.0,0.0,0.0,0.0,0.0,0.0,0.0,0.0,0.0,0.0,0.0,0.0,0.0
t522,0.0,0.0,0.0,0.0,0.0,0.0,0.0,0.0,0.0,0.0,0.0,0.0,0.0,0.0,0.0,0.0,0.0,0.0
t523,0.0,0.0,0.0,0.0,0.0,0.0,0.0,0.0,0.0,0.0,0.0,0.0,0.0,0.0,0.0,0.0,0.0,0.0
t524,0.0,0.0,0.0,0.0,0.0,0.0,0.0,0.0,0.0,0.0,0.0,0.0,0.0,0.0,0.0,0.0,0.0,0.0
t525,0.0,0.0,0.0,0.0,0.0,0.0,0.0,0.0,0.0,0.0,0.0,0.0,0.0,0.0,0.0,0.0,0.0,0.0
t526,0.0,0.0,0.0,0.0,0.0,0.0,0.0,0.0,0.0,0.0,0.0,0.0,0.0,0.0,0.0,0.0,0.0,0.0
t527,0.0,0.0,0.0,0.0,0.0,0.0,0.0,0.0,0.0,0.0,0.0,0.0,0.0,0.0,0.0,0.0,0.0,0.0
t528,0.0,0.0,0.0,0.0,0.0,0.0,0.0,0.0,0.0,0.0,0.0,0.0,0.0,0.0,0.0,0.0,0.0,0.0
t529,0.0,0.0,0.0,0.0,0.0,0.0,0.0,0.0,0.0,0.0,0.0,0.0,0.0,0.0,0.0,0.0,0.0,0.0
t530,0.0,0.0,0.0,0.0,0.0,0.0,0.0,0.0,0.0,0.0,0.0,0.0,0.0,0.0,0.0,0.0,0.0,0.0
t531,0.0,0.0,0.0,0.0,0.0,0.0,0.0,0.0,0.0,0.0,0.0,0.0,0.0,0.0,0.0,0.0,0.0,0.0
t532,0.0,0.0,0.0,0.0,0.0,0.0,0.0,0.0,0.0,0.0,0.0,0.0,0.0,0.0,0.0,0.0,0.0,0.0
t533,0.0,0.0,0.0,0.0,0.0,0.0,0.0,0.0,0.0,0.0,0.0,0.0,0.0,0.0,0.0,0.0,0.0,0.0
t534,0.0,0.0,0.0,0.0,0.0,0.0,0.0,0.0,0.0,0.0,0.0,0.0,0.0,0.0,0.0,0.0,0.0,0.0
t535,0.0,0.0,0.0,0.0,0.0,0.0,0.0,0.0,0.0,0.0,0.0,0.0,0.0,0.0,0.0,0.0,0.0,0.0
t536,0.0,0.0,0.0,0.0,0.0,0.0,0.0,0.0,0.0,0.0,0.0,0.0,0.0,0.0,0.0,0.0,0.0,0.0
t537,0.0,0.0,0.0,0.0,0.0,0.0,0.0,0.0,0.0,0.0,0.0,0.0,0.0,0.0,0.0,0.0,0.0,0.0
t538,972.1875000000001,0.0,0.0,0.0,0.0,6920.0,0.0,0.0,0.0,0.0,0.0,0.0,0.0,0.0,0.0,0.0,0.0,7892.1875
t539,972.1875000000001,92.30769225,0.0,0.0,0.0,0.0,1275.80838375,0.0,0.0,0.0,0.0,0.0,0.0,0.0,0.0,0.0,0.0,2340.3035760000002
t540,512.0429787897393,0.0,618.0041156651838,0.0,3535.9999999999995,6920.0,120.85156434428517,1559.9999999999998,0.0,0.0,0.0,0.0,0.0,0.0,0.0,0.0,0.0,13266.898658799208
t541,538.2239787897405,92.30769225,0.0,0.0,3535.9999999999995,5657.978464372386,875.2930477900001,1559.9999999999998,0.0,0.0,0.0,0.0,0.0,0.0,0.0,0.0,0.0,12259.803183202126
t542,132.27424724078102,0.0,1030.6596593100198,0.0,3535.9999999999995,4818.423065133356,1275.80838375,1559.9999999999998,0.0,0.0,0.0,0.0,0.0,0.0,0.0,0.0,0.0,12353.165355434156
t543,972.1875000000001,0.0,696.5881038136222,0.0,3535.9999999999995,2792.262129249591,1275.80838375,257.07618442057014,0.0,0.0,0.0,0.0,0.0,0.0,0.0,0.0,0.0,9529.922301233782
t544,0.0,0.0,1296.0000000000002,0.0,765.0897591713978,2068.627385776929,0.0,0.0,0.0,0.0,0.0,0.0,0.0,0.0,0.0,0.0,0.0,4129.717144948327
t545,0.0,0.0,0.0,0.0,0.0,0.0,0.0,0.0,0.0,0.0,0.0,0.0,0.0,0.0,0.0,0.0,0.0,0.0
t546,0.0,0.0,0.0,0.0,0.0,0.0,0.0,0.0,0.0,0.0,0.0,0.0,0.0,0.0,0.0,0.0,0.0,0.0
t547,0.0,0.0,0.0,0.0,0.0,0.0,0.0,0.0,0.0,0.0,0.0,0.0,0.0,0.0,0.0,0.0,0.0,0.0
t548,0.0,0.0,0.0,0.0,0.0,0.0,0.0,0.0,0.0,0.0,0.0,0.0,0.0,0.0,0.0,0.0,0.0,0.0
t549,0.0,0.0,0.0,0.0,0.0,0.0,0.0,0.0,0.0,0.0,0.0,0.0,0.0,0.0,0.0,0.0,0.0,0.0
t550,0.0,0.0,0.0,217.8810952770649,0.0,0.0,0.0,0.0,0.0,0.0,0.0,0.0,0.0,0.0,0.0,0.0,0.0,217.8810952770649
t551,0.0,0.0,0.0,0.0,0.0,0.0,0.0,0.0,0.0,0.0,0.0,0.0,0.0,0.0,0.0,0.0,0.0,0.0
t552,0.0,0.0,0.0,0.0,0.0,0.0,0.0,0.0,0.0,0.0,0.0,0.0,0.0,0.0,0.0,0.0,0.0,0.0
t553,0.0,0.0,0.0,254.117647,0.0,0.0,0.0,0.0,0.0,0.0,0.0,0.0,0.0,0.0,0.0,0.0,0.0,254.117647
t554,0.0,0.0,0.0,0.0,0.0,0.0,0.0,0.0,0.0,0.0,0.0,0.0,0.0,0.0,0.0,0.0,0.0,0.0
t555,0.0,0.0,0.0,0.0,0.0,0.0,0.0,0.0,0.0,0.0,0.0,0.0,0.0,0.0,0.0,0.0,0.0,0.0
t556,0.0,0.0,0.0,149.17843782868823,0.0,0.0,0.0,0.0,0.0,0.0,0.0,0.0,0.0,0.0,0.0,0.0,0.0,149.17843782868823
t557,0.0,0.0,0.0,0.0,0.0,0.0,0.0,0.0,0.0,0.0,0.0,0.0,0.0,0.0,0.0,0.0,0.0,0.0
t558,0.0,0.0,0.0,0.0,0.0,0.0,0.0,0.0,0.0,0.0,0.0,0.0,0.0,0.0,0.0,0.0,0.0,0.0
t559,0.0,0.0,0.0,0.0,0.0,0.0,0.0,0.0,0.0,0.0,0.0,0.0,0.0,0.0,0.0,0.0,0.0,0.0
t560,0.0,0.0,0.0,0.0,0.0,0.0,0.0,0.0,0.0,0.0,0.0,0.0,0.0,0.0,0.0,0.0,0.0,0.0
t561,0.0,0.0,0.0,0.0,0.0,0.0,0.0,0.0,0.0,0.0,0.0,0.0,0.0,0.0,0.0,0.0,0.0,0.0
t562,843.868664371084,0.0,0.0,0.0,0.0,0.0,0.0,0.0,0.0,0.0,0.0,0.0,0.0,0.0,0.0,0.0,0.0,843.868664371084
t563,972.1875000000001,0.0,0.0,0.0,1419.6566577788376,3075.4119685668375,0.0,1135.9596699897322,0.0,0.0,0.0,0.0,0.0,0.0,0.0,0.0,0.0,6603.2157963354075
t564,251.21111140262838,92.30769225,0.0,0.0,3535.9999999999995,6920.0,1275.80838375,862.8206660378157,0.0,0.0,0.0,0.0,0.0,0.0,0.0,0.0,0.0,12938.147853440443
t565,972.1875000000001,92.30769225,0.0,0.0,3535.9999999999995,6703.831480012977,1275.80838375,964.0670250527186,0.0,0.0,0.0,0.0,0.0,0.0,0.0,0.0,0.0,13544.202081065696
t566,0.0,92.30769225,0.0,0.0,3535.9999999999995,2302.8098881298474,1209.2869923312646,1559.9999999999998,0.0,0.0,0.0,0.0,0.0,0.0,0.0,0.0,0.0,8700.404572711112
t567,87.46142904654879,92.30769225,368.0972611643798,0.0,0.0,6920.0,658.6428945039014,1559.9999999999998,0.0,0.0,0.0,0.0,0.0,0.0,0.0,0.0,0.0,9686.509276964829
t568,972.1875000000001,19.97275736233595,1018.0523636776791,0.0,2881.43310139256,3255.2377078226,959.7355031399866,494.69223855417425,0.0,0.0,0.0,0.0,0.0,0.0,0.0,0.0,0.0,9601.311171949337
t569,0.0,0.0,0.0,0.0,0.0,0.0,0.0,0.0,0.0,0.0,0.0,0.0,0.0,0.0,0.0,0.0,0.0,0.0
t570,0.0,0.0,0.0,0.0,0.0,0.0,0.0,0.0,0.0,0.0,0.0,0.0,0.0,0.0,0.0,0.0,0.0,0.0
t571,0.0,0.0,0.0,0.0,0.0,0.0,0.0,0.0,0.0,0.0,0.0,0.0,0.0,0.0,0.0,0.0,0.0,0.0
t572,0.0,0.0,0.0,0.0,0.0,0.0,0.0,0.0,0.0,0.0,0.0,0.0,0.0,0.0,0.0,0.0,0.0,0.0
t573,0.0,0.0,0.0,0.0,0.0,0.0,0.0,0.0,0.0,0.0,0.0,0.0,0.0,0.0,0.0,0.0,0.0,0.0
t574,0.0,0.0,0.0,0.0,0.0,0.0,0.0,0.0,0.0,0.0,0.0,0.0,0.0,0.0,0.0,0.0,0.0,0.0
t575,0.0,0.0,0.0,0.0,0.0,0.0,0.0,0.0,0.0,0.0,0.0,0.0,0.0,0.0,0.0,0.0,0.0,0.0
t576,0.0,0.0,0.0,0.0,0.0,0.0,0.0,0.0,0.0,0.0,0.0,0.0,0.0,0.0,0.0,0.0,0.0,0.0
t577,0.0,0.0,0.0,0.0,0.0,0.0,0.0,0.0,0.0,0.0,0.0,0.0,0.0,0.0,0.0,0.0,0.0,0.0
t578,0.0,0.0,0.0,0.0,0.0,0.0,0.0,0.0,0.0,0.0,0.0,0.0,0.0,0.0,0.0,0.0,0.0,0.0
t579,0.0,0.0,0.0,0.0,0.0,0.0,0.0,0.0,0.0,0.0,0.0,0.0,0.0,0.0,0.0,0.0,0.0,0.0
t580,0.0,0.0,0.0,0.0,0.0,0.0,0.0,0.0,0.0,0.0,0.0,0.0,0.0,0.0,0.0,0.0,0.0,0.0
t581,0.0,0.0,0.0,0.0,0.0,0.0,0.0,0.0,0.0,0.0,0.0,0.0,0.0,0.0,0.0,0.0,0.0,0.0
t582,0.0,0.0,0.0,0.0,0.0,0.0,0.0,0.0,0.0,0.0,0.0,0.0,0.0,0.0,0.0,0.0,0.0,0.0
t583,0.0,0.0,0.0,0.0,0.0,0.0,0.0,0.0,0.0,0.0,0.0,0.0,0.0,0.0,0.0,0.0,0.0,0.0
t584,0.0,0.0,0.0,0.0,0.0,0.0,0.0,0.0,0.0,0.0,0.0,0.0,0.0,0.0,0.0,0.0,0.0,0.0
t585,0.0,0.0,443.8409272153348,0.0,0.0,0.0,126.4560376509204,0.0,0.0,0.0,0.0,0.0,0.0,0.0,0.0,0.0,0.0,570.2969648662552
t586,972.1875000000001,92.30769225,0.0,0.0,0.0,1846.6038757980161,61.55546085423153,1470.8437799587055,0.0,0.0,0.0,0.0,0.0,0.0,0.0,0.0,0.0,4443.498308860953
t587,972.1875000000001,0.0,0.0,0.0,0.0,2703.642682533494,1275.80838375,0.0,0.0,0.0,0.0,0.0,0.0,0.0,0.0,0.0,0.0,4951.638566283494
t588,421.6663362089766,92.30769225,0.0,0.0,629.4510928343573,5814.51423046795,623.5767357600004,1559.9999999999998,0.0,0.0,0.0,0.0,0.0,0.0,0.0,0.0,0.0,9141.516087521284
t589,972.1875000000001,92.30769225,0.0,0.0,1830.850320617715,5346.408931379728,918.9710635900001,1559.9999999999998,0.0,0.0,0.0,0.0,0.0,0.0,0.0,0.0,0.0,10720.725507837444
t590,0.0,0.0,0.0,0.0,1657.567488604239,3534.240499551108,1275.80838375,0.0,0.0,0.0,0.0,0.0,0.0,0.0,0.0,0.0,0.0,6467.616371905347
t591,0.0,92.30769225,0.0,0.0,1557.6393958851668,509.09156919097984,1097.10609212,620.6119162573699,0.0,0.0,0.0,0.0,0.0,0.0,0.0,0.0,0.0,3876.756665703517
t592,760.8748686112845,19.97275736233595,0.0,0.0,625.9332320356627,0.0,0.0,0.0,0.0,0.0,0.0,0.0,0.0,0.0,0.0,0.0,0.0,1406.7808580092833
t593,0.0,0.0,0.0,0.0,0.0,0.0,0.0,0.0,0.0,0.0,0.0,0.0,0.0,0.0,0.0,0.0,0.0,0.0
t594,0.0,0.0,0.0,0.0,0.0,0.0,0.0,0.0,0.0,0.0,0.0,0.0,0.0,0.0,0.0,0.0,0.0,0.0
t595,0.0,0.0,0.0,0.0,0.0,0.0,0.0,0.0,0.0,0.0,0.0,0.0,0.0,0.0,0.0,0.0,0.0,0.0
t596,0.0,0.0,0.0,0.0,0.0,0.0,0.0,0.0,0.0,0.0,0.0,0.0,0.0,0.0,0.0,0.0,0.0,0.0
t597,0.0,0.0,0.0,0.0,0.0,0.0,0.0,0.0,0.0,0.0,0.0,0.0,0.0,0.0,0.0,0.0,0.0,0.0
t598,0.0,0.0,0.0,0.0,0.0,0.0,0.0,0.0,0.0,0.0,0.0,0.0,0.0,0.0,0.0,0.0,0.0,0.0
t599,0.0,0.0,0.0,0.0,0.0,0.0,0.0,0.0,0.0,0.0,0.0,0.0,0.0,0.0,0.0,0.0,0.0,0.0
t600,0.0,0.0,0.0,0.0,0.0,0.0,0.0,0.0,0.0,0.0,0.0,0.0,0.0,0.0,0.0,0.0,0.0,0.0
t601,0.0,0.0,0.0,0.0,0.0,0.0,0.0,0.0,0.0,0.0,0.0,0.0,0.0,0.0,0.0,0.0,0.0,0.0
t602,0.0,0.0,0.0,0.0,0.0,0.0,0.0,0.0,0.0,0.0,0.0,0.0,0.0,0.0,0.0,0.0,0.0,0.0
t603,0.0,0.0,0.0,0.0,0.0,0.0,0.0,0.0,0.0,0.0,0.0,0.0,0.0,0.0,0.0,0.0,0.0,0.0
t604,0.0,0.0,0.0,0.0,0.0,0.0,0.0,0.0,0.0,0.0,0.0,0.0,0.0,0.0,0.0,0.0,0.0,0.0
t605,0.0,0.0,0.0,0.0,0.0,0.0,0.0,0.0,0.0,0.0,0.0,0.0,0.0,0.0,0.0,0.0,0.0,0.0
t606,0.0,0.0,0.0,254.117647,0.0,0.0,0.0,0.0,0.0,0.0,0.0,0.0,0.0,0.0,0.0,0.0,0.0,254.117647
t607,0.0,0.0,0.0,0.0,0.0,0.0,0.0,0.0,0.0,0.0,0.0,0.0,0.0,0.0,0.0,0.0,0.0,0.0
t608,0.0,0.0,0.0,0.0,0.0,0.0,0.0,0.0,0.0,0.0,0.0,0.0,0.0,0.0,0.0,0.0,0.0,0.0
t609,0.0,0.0,0.0,0.0,0.0,0.0,0.0,0.0,0.0,0.0,0.0,0.0,0.0,0.0,0.0,0.0,0.0,0.0
t610,0.0,92.30769225,0.0,0.0,0.0,0.0,0.0,0.0,0.0,0.0,0.0,0.0,0.0,0.0,0.0,0.0,0.0,92.30769225
t611,0.0,0.0,0.0,0.0,0.0,0.0,0.0,0.0,0.0,0.0,0.0,0.0,0.0,0.0,0.0,0.0,0.0,0.0
t612,972.1875000000001,92.30769225,0.0,0.0,45.95694378294857,0.0,1275.80838375,1559.9999999999998,0.0,0.0,0.0,0.0,0.0,0.0,0.0,0.0,0.0,3946.260519782949
t613,972.1875000000001,0.0,0.0,0.0,3535.9999999999995,0.0,1275.80838375,0.0,0.0,0.0,0.0,0.0,0.0,0.0,0.0,0.0,0.0,5783.99588375
t614,427.33529443021354,92.30769225,0.0,0.0,3535.9999999999995,0.0,0.0,0.0,0.0,0.0,0.0,0.0,0.0,0.0,0.0,0.0,0.0,4055.642986680213
t615,0.0,0.0,0.0,0.0,3535.9999999999995,0.0,0.0,0.0,0.0,0.0,0.0,0.0,0.0,0.0,0.0,0.0,0.0,3535.9999999999995
t616,312.45193539784543,0.0,0.0,0.0,3347.8562882144133,0.0,0.0,0.0,0.0,0.0,0.0,0.0,0.0,0.0,0.0,0.0,0.0,3660.3082236122586
t617,0.0,0.0,0.0,0.0,0.0,0.0,0.0,0.0,0.0,0.0,0.0,0.0,0.0,0.0,0.0,0.0,0.0,0.0
t618,0.0,0.0,0.0,0.0,0.0,0.0,0.0,0.0,0.0,0.0,0.0,0.0,0.0,0.0,0.0,0.0,0.0,0.0
t619,0.0,0.0,0.0,0.0,0.0,0.0,0.0,0.0,0.0,0.0,0.0,0.0,0.0,0.0,0.0,0.0,0.0,0.0
t620,0.0,0.0,0.0,0.0,0.0,0.0,0.0,0.0,0.0,0.0,0.0,0.0,0.0,0.0,0.0,0.0,0.0,0.0
t621,0.0,0.0,0.0,0.0,0.0,0.0,0.0,0.0,0.0,0.0,0.0,0.0,0.0,0.0,0.0,0.0,0.0,0.0
t622,0.0,0.0,0.0,0.0,0.0,0.0,0.0,0.0,0.0,0.0,0.0,0.0,0.0,0.0,0.0,0.0,0.0,0.0
t623,0.0,0.0,0.0,0.0,0.0,0.0,0.0,0.0,0.0,0.0,0.0,0.0,0.0,0.0,0.0,0.0,0.0,0.0
t624,0.0,0.0,0.0,0.0,0.0,0.0,0.0,0.0,0.0,0.0,0.0,0.0,0.0,0.0,0.0,0.0,0.0,0.0
t625,0.0,0.0,0.0,0.0,0.0,0.0,0.0,0.0,0.0,0.0,0.0,0.0,0.0,0.0,0.0,0.0,0.0,0.0
t626,0.0,0.0,0.0,0.0,0.0,0.0,0.0,0.0,0.0,0.0,0.0,0.0,0.0,0.0,0.0,0.0,0.0,0.0
t627,0.0,0.0,0.0,0.0,0.0,0.0,0.0,0.0,0.0,0.0,0.0,0.0,0.0,0.0,0.0,0.0,0.0,0.0
t628,0.0,0.0,0.0,0.0,0.0,0.0,0.0,0.0,0.0,0.0,0.0,0.0,0.0,0.0,0.0,0.0,0.0,0.0
t629,0.0,0.0,0.0,0.0,0.0,0.0,0.0,0.0,0.0,0.0,0.0,0.0,0.0,0.0,0.0,0.0,0.0,0.0
t630,0.0,0.0,0.0,0.0,0.0,0.0,0.0,0.0,0.0,0.0,0.0,0.0,0.0,0.0,0.0,0.0,0.0,0.0
t631,0.0,0.0,0.0,0.0,0.0,0.0,0.0,0.0,0.0,0.0,0.0,0.0,0.0,0.0,0.0,0.0,0.0,0.0
t632,0.0,0.0,0.0,0.0,0.0,0.0,0.0,0.0,0.0,0.0,0.0,0.0,0.0,0.0,0.0,0.0,0.0,0.0
t633,0.0,0.0,0.0,0.0,0.0,0.0,0.0,0.0,0.0,0.0,0.0,0.0,0.0,0.0,0.0,0.0,0.0,0.0
t634,0.0,0.0,33.97612746533718,0.0,0.0,0.0,0.0,0.0,0.0,0.0,0.0,0.0,0.0,0.0,0.0,0.0,0.0,33.97612746533718
t635,618.3300878656871,0.0,0.0,0.0,708.4516680382048,0.0,0.0,0.0,0.0,0.0,0.0,0.0,0.0,0.0,0.0,0.0,0.0,1326.781755903892
t636,0.0,0.0,0.0,0.0,1325.6688411386053,2107.452919163353,0.0,0.0,0.0,0.0,0.0,0.0,0.0,0.0,0.0,0.0,0.0,3433.121760301958
t637,0.0,0.0,0.0,0.0,2266.969249994588,2819.971030743294,0.0,0.0,0.0,0.0,0.0,0.0,0.0,0.0,0.0,0.0,0.0,5086.940280737882
t638,0.0,92.30769225,0.0,0.0,3535.9999999999995,4745.20293369764,733.9984679000003,0.0,0.0,0.0,0.0,0.0,0.0,0.0,0.0,0.0,0.0,9107.50909384764
t639,972.1875000000001,0.0,0.0,0.0,3535.9999999999995,3107.7622210077147,118.47352155451497,0.0,0.0,0.0,0.0,0.0,0.0,0.0,0.0,0.0,0.0,7734.42324256223
t640,498.88967355723855,0.0,0.0,0.0,3535.9999999999995,1313.7909810005415,0.0,0.0,0.0,0.0,0.0,0.0,0.0,0.0,0.0,0.0,0.0,5348.680654557779
t641,0.0,0.0,0.0,0.0,0.0,0.0,0.0,0.0,0.0,0.0,0.0,0.0,0.0,0.0,0.0,0.0,0.0,0.0
t642,0.0,0.0,0.0,0.0,0.0,0.0,0.0,0.0,0.0,0.0,0.0,0.0,0.0,0.0,0.0,0.0,0.0,0.0
t643,0.0,0.0,0.0,0.0,0.0,0.0,0.0,0.0,0.0,0.0,0.0,0.0,0.0,0.0,0.0,0.0,0.0,0.0
t644,0.0,0.0,0.0,0.0,0.0,0.0,0.0,0.0,0.0,0.0,0.0,0.0,0.0,0.0,0.0,0.0,0.0,0.0
t645,0.0,0.0,0.0,0.0,0.0,0.0,0.0,0.0,0.0,0.0,0.0,0.0,0.0,0.0,0.0,0.0,0.0,0.0
t646,0.0,0.0,0.0,0.0,0.0,0.0,0.0,0.0,0.0,0.0,0.0,0.0,0.0,0.0,0.0,0.0,0.0,0.0
t647,0.0,0.0,0.0,0.0,0.0,0.0,0.0,0.0,0.0,0.0,0.0,0.0,0.0,0.0,0.0,0.0,0.0,0.0
t648,0.0,0.0,0.0,0.0,0.0,0.0,0.0,0.0,0.0,0.0,0.0,0.0,0.0,0.0,0.0,0.0,0.0,0.0
t649,0.0,0.0,0.0,0.0,0.0,0.0,0.0,0.0,0.0,0.0,0.0,0.0,0.0,0.0,0.0,0.0,0.0,0.0
t650,0.0,0.0,0.0,0.0,0.0,0.0,0.0,0.0,0.0,0.0,0.0,0.0,0.0,0.0,0.0,0.0,0.0,0.0
t651,0.0,0.0,0.0,0.0,0.0,0.0,0.0,0.0,0.0,0.0,0.0,0.0,0.0,0.0,0.0,0.0,0.0,0.0
t652,0.0,0.0,0.0,0.0,0.0,0.0,0.0,0.0,0.0,0.0,0.0,0.0,0.0,0.0,0.0,0.0,0.0,0.0
t653,0.0,0.0,0.0,0.0,0.0,0.0,0.0,0.0,0.0,0.0,0.0,0.0,0.0,0.0,0.0,0.0,0.0,0.0
t654,0.0,0.0,0.0,0.0,0.0,0.0,0.0,0.0,0.0,0.0,0.0,0.0,0.0,0.0,0.0,0.0,0.0,0.0
t655,0.0,0.0,0.0,0.0,0.0,0.0,0.0,0.0,0.0,0.0,0.0,0.0,0.0,0.0,0.0,0.0,0.0,0.0
t656,0.0,0.0,0.0,0.0,0.0,0.0,0.0,0.0,0.0,0.0,0.0,0.0,0.0,0.0,0.0,0.0,0.0,0.0
t657,0.0,0.0,0.0,0.0,0.0,0.0,0.0,0.0,0.0,0.0,0.0,0.0,0.0,0.0,0.0,0.0,0.0,0.0
t658,172.72067116972096,92.30769225,20.525271442826345,0.0,0.0,3017.1215184887938,760.3140723800004,0.0,0.0,0.0,0.0,0.0,0.0,0.0,0.0,0.0,0.0,4062.9892257313413
t659,0.0,0.0,0.0,0.0,0.0,2298.33250874056,1183.0756066200001,647.405766819999,0.0,0.0,0.0,0.0,0.0,0.0,0.0,0.0,0.0,4128.81388218056
t660,373.20174342743,0.0,0.0,0.0,3535.9999999999995,3724.0396091718535,0.0,0.0,0.0,0.0,0.0,0.0,0.0,0.0,0.0,0.0,0.0,7633.241352599283
t661,0.0,0.0,0.0,0.0,3535.9999999999995,2368.8839338763746,1275.80838375,1559.9999999999998,0.0,0.0,0.0,0.0,0.0,0.0,0.0,0.0,0.0,8740.692317626374
t662,0.0,0.0,0.0,0.0,3123.5299650830675,2545.763883516354,31.803721520636,1559.9999999999998,0.0,0.0,0.0,0.0,0.0,0.0,0.0,0.0,0.0,7261.097570120058
t663,972.1875000000001,0.0,0.0,0.0,1177.5597940883304,0.0,1275.80838375,1163.7070904325533,0.0,0.0,0.0,0.0,0.0,0.0,0.0,0.0,0.0,4589.262768270884
t664,0.0,0.0,0.0,0.0,3535.9999999999995,1128.9695051257838,0.0,0.0,0.0,0.0,0.0,0.0,0.0,0.0,0.0,0.0,0.0,4664.969505125783
t665,0.0,0.0,0.0,0.0,0.0,0.0,0.0,0.0,0.0,0.0,0.0,0.0,0.0,0.0,0.0,0.0,0.0,0.0
t666,0.0,0.0,0.0,0.0,0.0,0.0,0.0,0.0,0.0,0.0,0.0,0.0,0.0,0.0,0.0,0.0,0.0,0.0
t667,0.0,0.0,0.0,0.0,0.0,0.0,0.0,0.0,0.0,0.0,0.0,0.0,0.0,0.0,0.0,0.0,0.0,0.0
t668,0.0,0.0,0.0,0.0,0.0,0.0,0.0,0.0,0.0,0.0,0.0,0.0,0.0,0.0,0.0,0.0,0.0,0.0
t669,0.0,0.0,0.0,0.0,0.0,0.0,0.0,0.0,0.0,0.0,0.0,0.0,0.0,0.0,0.0,0.0,0.0,0.0
t670,0.0,0.0,0.0,0.0,0.0,0.0,0.0,0.0,0.0,0.0,0.0,0.0,0.0,0.0,0.0,0.0,0.0,0.0
t671,0.0,0.0,0.0,0.0,0.0,0.0,0.0,0.0,0.0,0.0,0.0,0.0,0.0,0.0,0.0,0.0,0.0,0.0
t672,0.0,0.0,0.0,0.0,0.0,0.0,0.0,0.0,0.0,0.0,0.0,0.0,0.0,0.0,0.0,0.0,0.0,0.0
t673,0.0,0.0,0.0,0.0,0.0,0.0,0.0,0.0,0.0,0.0,0.0,0.0,0.0,0.0,0.0,0.0,0.0,0.0
t674,0.0,0.0,0.0,0.0,0.0,0.0,0.0,0.0,0.0,0.0,0.0,0.0,0.0,0.0,0.0,0.0,0.0,0.0
t675,0.0,0.0,0.0,0.0,0.0,0.0,0.0,0.0,0.0,0.0,0.0,0.0,0.0,0.0,0.0,0.0,0.0,0.0
t676,0.0,0.0,0.0,0.0,0.0,0.0,0.0,0.0,0.0,0.0,0.0,0.0,0.0,0.0,0.0,0.0,0.0,0.0
t677,0.0,0.0,0.0,0.0,0.0,0.0,0.0,0.0,0.0,0.0,0.0,0.0,0.0,0.0,0.0,0.0,0.0,0.0
t678,0.0,0.0,0.0,0.0,0.0,0.0,0.0,0.0,0.0,0.0,0.0,0.0,0.0,0.0,0.0,0.0,0.0,0.0
t679,0.0,0.0,0.0,0.0,0.0,0.0,0.0,0.0,0.0,0.0,0.0,0.0,0.0,0.0,0.0,0.0,0.0,0.0
t680,0.0,0.0,0.0,0.0,0.0,0.0,0.0,0.0,0.0,0.0,0.0,0.0,0.0,0.0,0.0,0.0,0.0,0.0
t681,0.0,0.0,0.0,0.0,0.0,0.0,0.0,0.0,0.0,0.0,0.0,0.0,0.0,0.0,0.0,0.0,0.0,0.0
t682,0.0,0.0,0.0,0.0,0.0,0.0,0.0,0.0,0.0,0.0,0.0,0.0,0.0,0.0,0.0,0.0,0.0,0.0
t683,0.0,0.0,0.0,0.0,2226.3246933367677,0.0,0.0,0.0,0.0,0.0,0.0,0.0,0.0,0.0,0.0,0.0,0.0,2226.3246933367677
t684,0.0,0.0,0.0,0.0,2352.037225778908,0.0,0.0,0.0,0.0,0.0,0.0,0.0,0.0,0.0,0.0,0.0,0.0,2352.037225778908
t685,0.0,0.0,0.0,0.0,2895.344177345014,0.0,0.0,0.0,0.0,0.0,0.0,0.0,0.0,0.0,0.0,0.0,0.0,2895.344177345014
t686,0.0,0.0,0.0,0.0,3048.6617158754752,0.0,0.0,0.0,0.0,0.0,0.0,0.0,0.0,0.0,0.0,0.0,0.0,3048.6617158754752
t687,0.0,0.0,0.0,0.0,3535.9999999999995,0.0,0.0,0.0,0.0,0.0,0.0,0.0,0.0,0.0,0.0,0.0,0.0,3535.9999999999995
t688,0.0,0.0,0.0,0.0,850.7219468352305,0.0,0.0,0.0,0.0,0.0,0.0,0.0,0.0,0.0,0.0,0.0,0.0,850.7219468352305
t689,0.0,0.0,0.0,0.0,0.0,0.0,0.0,0.0,0.0,0.0,0.0,0.0,0.0,0.0,0.0,0.0,0.0,0.0
t690,0.0,0.0,0.0,0.0,0.0,0.0,0.0,0.0,0.0,0.0,0.0,0.0,0.0,0.0,0.0,0.0,0.0,0.0
t691,0.0,0.0,0.0,0.0,0.0,0.0,0.0,0.0,0.0,0.0,0.0,0.0,0.0,0.0,0.0,0.0,0.0,0.0
t692,0.0,0.0,0.0,0.0,0.0,0.0,0.0,0.0,0.0,0.0,0.0,0.0,0.0,0.0,0.0,0.0,0.0,0.0
t693,0.0,0.0,0.0,0.0,0.0,0.0,0.0,0.0,0.0,0.0,0.0,0.0,0.0,0.0,0.0,0.0,0.0,0.0
t694,0.0,0.0,0.0,0.0,0.0,0.0,0.0,0.0,0.0,0.0,0.0,0.0,0.0,0.0,0.0,0.0,0.0,0.0
t695,0.0,0.0,0.0,0.0,0.0,0.0,0.0,0.0,0.0,0.0,0.0,0.0,0.0,0.0,0.0,0.0,0.0,0.0
t696,0.0,0.0,0.0,0.0,0.0,0.0,0.0,0.0,0.0,0.0,0.0,0.0,0.0,0.0,0.0,0.0,0.0,0.0
t697,0.0,0.0,0.0,0.0,0.0,0.0,0.0,0.0,0.0,0.0,0.0,0.0,0.0,0.0,0.0,0.0,0.0,0.0
t698,0.0,0.0,0.0,0.0,0.0,0.0,0.0,0.0,0.0,0.0,0.0,0.0,0.0,0.0,0.0,0.0,0.0,0.0
t699,0.0,0.0,0.0,0.0,0.0,0.0,0.0,0.0,0.0,0.0,0.0,0.0,0.0,0.0,0.0,0.0,0.0,0.0
t700,0.0,0.0,0.0,0.0,0.0,0.0,0.0,0.0,0.0,0.0,0.0,0.0,0.0,0.0,0.0,0.0,0.0,0.0
t701,0.0,0.0,0.0,0.0,0.0,0.0,0.0,0.0,0.0,0.0,0.0,0.0,0.0,0.0,0.0,0.0,0.0,0.0
t702,0.0,0.0,0.0,0.0,0.0,0.0,0.0,0.0,0.0,0.0,0.0,0.0,0.0,0.0,0.0,0.0,0.0,0.0
t703,0.0,0.0,0.0,0.0,0.0,0.0,0.0,0.0,0.0,0.0,0.0,0.0,0.0,0.0,0.0,0.0,0.0,0.0
t704,0.0,0.0,0.0,0.0,0.0,0.0,0.0,0.0,0.0,0.0,0.0,0.0,0.0,0.0,0.0,0.0,0.0,0.0
t705,0.0,0.0,0.0,0.0,0.0,0.0,0.0,0.0,0.0,0.0,0.0,0.0,0.0,0.0,0.0,0.0,0.0,0.0
t706,0.0,0.0,0.0,0.0,0.0,0.0,0.0,0.0,0.0,0.0,0.0,0.0,0.0,0.0,0.0,0.0,0.0,0.0
t707,972.1875000000001,92.30769225,0.0,0.0,1883.8726724112632,0.0,1275.80838375,284.04652139078354,0.0,0.0,0.0,0.0,0.0,0.0,0.0,0.0,0.0,4508.222769802047
t708,972.1875000000001,92.30769225,0.0,0.0,3535.9999999999995,2022.7189348129748,1275.80838375,0.0,0.0,0.0,0.0,0.0,0.0,0.0,0.0,0.0,0.0,7899.022510812974
t709,972.1875000000001,92.30769225,0.0,0.0,3535.9999999999995,0.0,1275.80838375,483.2437671226082,0.0,0.0,0.0,0.0,0.0,0.0,0.0,0.0,0.0,6359.547343122607
t710,537.3566216865646,0.0,0.0,0.0,3535.9999999999995,0.0,976.0436722357275,0.0,0.0,0.0,0.0,0.0,0.0,0.0,0.0,0.0,0.0,5049.400293922292
t711,0.0,0.0,0.0,0.0,2417.2170867601335,0.0,296.94135822,0.0,0.0,0.0,0.0,0.0,0.0,0.0,0.0,0.0,0.0,2714.1584449801335
t712,0.0,0.0,0.0,0.0,0.0,0.0,0.0,0.0,0.0,0.0,0.0,0.0,0.0,0.0,0.0,0.0,0.0,0.0
t713,0.0,0.0,0.0,0.0,0.0,0.0,0.0,0.0,0.0,0.0,0.0,0.0,0.0,0.0,0.0,0.0,0.0,0.0
t714,0.0,0.0,0.0,0.0,0.0,0.0,0.0,0.0,0.0,0.0,0.0,0.0,0.0,0.0,0.0,0.0,0.0,0.0
t715,0.0,0.0,0.0,0.0,0.0,0.0,0.0,0.0,0.0,0.0,0.0,0.0,0.0,0.0,0.0,0.0,0.0,0.0
t716,0.0,0.0,0.0,0.0,0.0,0.0,0.0,0.0,0.0,0.0,0.0,0.0,0.0,0.0,0.0,0.0,0.0,0.0
t717,0.0,0.0,0.0,0.0,0.0,0.0,0.0,0.0,0.0,0.0,0.0,0.0,0.0,0.0,0.0,0.0,0.0,0.0
t718,0.0,0.0,0.0,0.0,0.0,0.0,0.0,0.0,0.0,0.0,0.0,0.0,0.0,0.0,0.0,0.0,0.0,0.0
t719,0.0,0.0,0.0,0.0,0.0,0.0,0.0,0.0,0.0,0.0,0.0,0.0,0.0,0.0,0.0,0.0,0.0,0.0
t720,0.0,0.0,0.0,0.0,0.0,0.0,0.0,0.0,0.0,0.0,0.0,0.0,0.0,0.0,0.0,0.0,0.0,0.0
t721,0.0,0.0,0.0,0.0,0.0,0.0,0.0,0.0,0.0,0.0,0.0,0.0,0.0,0.0,0.0,0.0,0.0,0.0
t722,0.0,0.0,0.0,0.0,0.0,0.0,0.0,0.0,0.0,0.0,0.0,0.0,0.0,0.0,0.0,0.0,0.0,0.0
t723,0.0,0.0,0.0,0.0,0.0,0.0,0.0,0.0,0.0,0.0,0.0,0.0,0.0,0.0,0.0,0.0,0.0,0.0
t724,0.0,0.0,0.0,0.0,0.0,0.0,0.0,0.0,0.0,0.0,0.0,0.0,0.0,0.0,0.0,0.0,0.0,0.0
t725,0.0,0.0,0.0,0.0,0.0,0.0,0.0,0.0,0.0,0.0,0.0,0.0,0.0,0.0,0.0,0.0,0.0,0.0
t726,0.0,0.0,0.0,0.0,0.0,0.0,0.0,0.0,0.0,0.0,0.0,0.0,0.0,0.0,0.0,0.0,0.0,0.0
t727,0.0,0.0,0.0,0.0,0.0,0.0,0.0,0.0,0.0,0.0,0.0,0.0,0.0,0.0,0.0,0.0,0.0,0.0
t728,0.0,0.0,0.0,0.0,0.0,0.0,0.0,0.0,0.0,0.0,0.0,0.0,0.0,0.0,0.0,0.0,0.0,0.0
t729,0.0,0.0,0.0,0.0,0.0,0.0,0.0,0.0,0.0,0.0,0.0,0.0,0.0,0.0,0.0,0.0,0.0,0.0
t730,0.0,0.0,0.0,0.0,0.0,0.0,0.0,0.0,0.0,0.0,0.0,0.0,0.0,0.0,0.0,0.0,0.0,0.0
t731,972.1875000000001,0.0,0.0,0.0,0.0,4278.131059830069,718.0331596300002,0.0,0.0,0.0,0.0,0.0,0.0,0.0,0.0,0.0,0.0,5968.351719460069
t732,972.1875000000001,92.30769225,0.0,0.0,3535.9999999999995,6920.0,1275.80838375,1559.9999999999998,0.0,0.0,0.0,0.0,0.0,0.0,0.0,0.0,0.0,14356.303576
t733,972.1875000000001,0.0,0.0,0.0,3535.9999999999995,5304.513189563969,1226.8799663351522,0.0,0.0,0.0,0.0,0.0,0.0,0.0,0.0,0.0,0.0,11039.58065589912
t734,114.36033903977034,0.0,0.0,0.0,3535.9999999999995,1410.9658563389426,1229.9990907999997,1559.9999999999998,0.0,0.0,0.0,0.0,0.0,0.0,0.0,0.0,0.0,7851.325286178712
t735,972.1875000000001,0.0,0.0,0.0,3535.9999999999995,2374.5474110981436,928.5615569599998,0.0,0.0,0.0,0.0,0.0,0.0,0.0,0.0,0.0,0.0,7811.296468058143
t736,0.0,0.0,0.0,0.0,765.0897591713978,0.0,0.0,0.0,0.0,0.0,0.0,0.0,0.0,0.0,0.0,0.0,0.0,765.0897591713978
t737,0.0,0.0,0.0,0.0,0.0,0.0,0.0,0.0,0.0,0.0,0.0,0.0,0.0,0.0,0.0,0.0,0.0,0.0
t738,0.0,0.0,0.0,0.0,0.0,0.0,0.0,0.0,0.0,0.0,0.0,0.0,0.0,0.0,0.0,0.0,0.0,0.0
t739,0.0,0.0,0.0,0.0,0.0,0.0,0.0,0.0,0.0,0.0,0.0,0.0,0.0,0.0,0.0,0.0,0.0,0.0
t740,0.0,0.0,0.0,0.0,0.0,0.0,0.0,0.0,0.0,0.0,0.0,0.0,0.0,0.0,0.0,0.0,0.0,0.0
t741,0.0,0.0,0.0,0.0,0.0,0.0,0.0,0.0,0.0,0.0,0.0,0.0,0.0,0.0,0.0,0.0,0.0,0.0
t742,0.0,0.0,0.0,0.0,0.0,0.0,0.0,0.0,0.0,0.0,0.0,0.0,0.0,0.0,0.0,0.0,0.0,0.0
t743,0.0,0.0,0.0,0.0,0.0,0.0,0.0,0.0,0.0,0.0,0.0,0.0,0.0,0.0,0.0,0.0,0.0,0.0
t744,0.0,0.0,0.0,0.0,0.0,0.0,0.0,0.0,0.0,0.0,0.0,0.0,0.0,0.0,0.0,0.0,0.0,0.0
t745,0.0,0.0,0.0,0.0,0.0,0.0,0.0,0.0,0.0,0.0,0.0,0.0,0.0,0.0,0.0,0.0,0.0,0.0
t746,0.0,0.0,0.0,0.0,0.0,0.0,0.0,0.0,0.0,0.0,0.0,0.0,0.0,0.0,0.0,0.0,0.0,0.0
t747,0.0,0.0,0.0,0.0,0.0,0.0,0.0,0.0,0.0,0.0,0.0,0.0,0.0,0.0,0.0,0.0,0.0,0.0
t748,0.0,0.0,0.0,0.0,0.0,0.0,0.0,0.0,0.0,0.0,0.0,0.0,0.0,0.0,0.0,0.0,0.0,0.0
t749,0.0,0.0,0.0,0.0,0.0,0.0,0.0,0.0,0.0,0.0,0.0,0.0,0.0,0.0,0.0,0.0,0.0,0.0
t750,0.0,0.0,0.0,0.0,0.0,0.0,0.0,0.0,0.0,0.0,0.0,0.0,0.0,0.0,0.0,0.0,0.0,0.0
t751,0.0,0.0,0.0,0.0,0.0,0.0,0.0,0.0,0.0,0.0,0.0,0.0,0.0,0.0,0.0,0.0,0.0,0.0
t752,0.0,0.0,0.0,0.0,0.0,0.0,0.0,0.0,0.0,0.0,0.0,0.0,0.0,0.0,0.0,0.0,0.0,0.0
t753,0.0,0.0,0.0,0.0,0.0,0.0,0.0,0.0,0.0,0.0,0.0,0.0,0.0,0.0,0.0,0.0,0.0,0.0
t754,0.0,0.0,0.0,0.0,0.0,0.0,0.0,0.0,0.0,0.0,0.0,0.0,0.0,0.0,0.0,0.0,0.0,0.0
t755,972.1875000000001,92.30769225,0.0,0.0,1589.171665777072,2606.15903920914,0.0,0.0,0.0,0.0,0.0,0.0,0.0,0.0,0.0,0.0,0.0,5259.825897236212
t756,972.1875000000001,92.30769225,0.0,0.0,3535.9999999999995,5255.8850671882,1275.80838375,1559.9999999999998,0.0,0.0,0.0,0.0,0.0,0.0,0.0,0.0,0.0,12692.1886431882
t757,859.8951765256982,0.0,0.0,0.0,3535.9999999999995,4202.969603565684,1275.80838375,1136.7130395131383,0.0,0.0,0.0,0.0,0.0,0.0,0.0,0.0,0.0,11011.386203354521
t758,972.1875000000001,0.0,0.0,0.0,2875.9867750830063,4523.13146919531,1142.4361095600002,1559.9999999999998,0.0,0.0,0.0,0.0,0.0,0.0,0.0,0.0,0.0,11073.741853838317
t759,322.64602829456317,92.30769225,0.0,0.0,3371.9313183113186,6920.0,1275.80838375,108.5419655814093,0.0,0.0,0.0,0.0,0.0,0.0,0.0,0.0,0.0,12091.235388187291
t760,0.0,92.30769225,0.0,0.0,0.0,1462.2243537915795,409.4208966651519,854.6252363404831,0.0,0.0,0.0,0.0,0.0,0.0,0.0,0.0,0.0,2818.5781790472147
t761,0.0,0.0,0.0,0.0,0.0,0.0,0.0,0.0,0.0,0.0,0.0,0.0,0.0,0.0,0.0,0.0,0.0,0.0
t762,0.0,0.0,0.0,0.0,0.0,0.0,0.0,0.0,0.0,0.0,0.0,0.0,0.0,0.0,0.0,0.0,0.0,0.0
t763,0.0,0.0,0.0,0.0,0.0,0.0,0.0,0.0,0.0,0.0,0.0,0.0,0.0,0.0,0.0,0.0,0.0,0.0
t764,0.0,0.0,0.0,0.0,0.0,0.0,0.0,0.0,0.0,0.0,0.0,0.0,0.0,0.0,0.0,0.0,0.0,0.0
t765,0.0,0.0,0.0,0.0,0.0,0.0,0.0,0.0,0.0,0.0,0.0,0.0,0.0,0.0,0.0,0.0,0.0,0.0
t766,0.0,0.0,0.0,0.0,0.0,0.0,0.0,0.0,0.0,0.0,0.0,0.0,0.0,0.0,0.0,0.0,0.0,0.0
t767,0.0,0.0,0.0,0.0,0.0,0.0,0.0,0.0,0.0,0.0,0.0,0.0,0.0,0.0,0.0,0.0,0.0,0.0
t768,0.0,0.0,0.0,0.0,0.0,0.0,0.0,0.0,0.0,0.0,0.0,0.0,0.0,0.0,0.0,0.0,0.0,0.0
t769,0.0,0.0,0.0,0.0,0.0,0.0,0.0,0.0,0.0,0.0,0.0,0.0,0.0,0.0,0.0,0.0,0.0,0.0
t770,0.0,0.0,0.0,0.0,0.0,0.0,0.0,0.0,0.0,0.0,0.0,0.0,0.0,0.0,0.0,0.0,0.0,0.0
t771,0.0,0.0,0.0,0.0,0.0,0.0,0.0,0.0,0.0,0.0,0.0,0.0,0.0,0.0,0.0,0.0,0.0,0.0
t772,0.0,0.0,0.0,0.0,0.0,0.0,0.0,0.0,0.0,0.0,0.0,0.0,0.0,0.0,0.0,0.0,0.0,0.0
t773,0.0,0.0,0.0,0.0,0.0,0.0,0.0,0.0,0.0,0.0,0.0,0.0,0.0,0.0,0.0,0.0,0.0,0.0
t774,0.0,0.0,0.0,0.0,0.0,0.0,0.0,0.0,0.0,0.0,0.0,0.0,0.0,0.0,0.0,0.0,0.0,0.0
t775,0.0,0.0,0.0,0.0,0.0,0.0,0.0,0.0,0.0,0.0,0.0,0.0,0.0,0.0,0.0,0.0,0.0,0.0
t776,0.0,0.0,0.0,0.0,0.0,0.0,0.0,0.0,0.0,0.0,0.0,0.0,0.0,0.0,0.0,0.0,0.0,0.0
t777,0.0,0.0,0.0,0.0,0.0,0.0,0.0,0.0,0.0,0.0,0.0,0.0,0.0,0.0,0.0,0.0,0.0,0.0
t778,0.0,0.0,0.0,0.0,868.1439647065321,0.0,0.0,0.0,0.0,0.0,0.0,0.0,0.0,0.0,0.0,0.0,0.0,868.1439647065321
t779,972.1875000000001,0.0,0.0,0.0,736.8634216460798,0.0,647.4039345100002,1411.9179776954286,0.0,0.0,0.0,0.0,0.0,0.0,0.0,0.0,0.0,3768.3728338515093
t780,972.1875000000001,0.0,0.0,0.0,3535.9999999999995,2334.6775737682456,1275.80838375,1559.9999999999998,0.0,0.0,0.0,0.0,0.0,0.0,0.0,0.0,0.0,9678.673457518245
t781,715.5544579082426,92.30769225,0.0,0.0,3535.9999999999995,3023.0858506166796,1275.80838375,1559.9999999999998,0.0,0.0,0.0,0.0,0.0,0.0,0.0,0.0,0.0,10202.756384524922
t782,972.1875000000001,92.30769225,0.0,0.0,3535.9999999999995,2469.5099212034634,1243.1448950200001,1018.4365066295586,0.0,0.0,0.0,0.0,0.0,0.0,0.0,0.0,0.0,9331.58651510302
t783,466.98674691201825,0.0,0.0,0.0,989.6722443954789,0.0,937.1165604451514,0.0,0.0,0.0,0.0,0.0,0.0,0.0,0.0,0.0,0.0,2393.7755517526484
t784,0.0,0.0,0.0,0.0,1706.4101284233068,0.0,0.0,0.0,0.0,0.0,0.0,0.0,0.0,0.0,0.0,0.0,0.0,1706.4101284233068
t785,0.0,0.0,0.0,0.0,0.0,0.0,0.0,0.0,0.0,0.0,0.0,0.0,0.0,0.0,0.0,0.0,0.0,0.0
t786,0.0,0.0,0.0,0.0,0.0,0.0,0.0,0.0,0.0,0.0,0.0,0.0,0.0,0.0,0.0,0.0,0.0,0.0
t787,0.0,0.0,0.0,0.0,0.0,0.0,0.0,0.0,0.0,0.0,0.0,0.0,0.0,0.0,0.0,0.0,0.0,0.0
t788,0.0,0.0,0.0,0.0,0.0,0.0,0.0,0.0,0.0,0.0,0.0,0.0,0.0,0.0,0.0,0.0,0.0,0.0
t789,0.0,0.0,0.0,0.0,0.0,0.0,0.0,0.0,0.0,0.0,0.0,0.0,0.0,0.0,0.0,0.0,0.0,0.0
t790,0.0,0.0,0.0,0.0,0.0,0.0,0.0,0.0,0.0,0.0,0.0,0.0,0.0,0.0,0.0,0.0,0.0,0.0
t791,0.0,0.0,0.0,0.0,0.0,0.0,0.0,0.0,0.0,0.0,0.0,0.0,0.0,0.0,0.0,0.0,0.0,0.0
t792,0.0,0.0,0.0,0.0,0.0,0.0,0.0,0.0,0.0,0.0,0.0,0.0,0.0,0.0,0.0,0.0,0.0,0.0
t793,0.0,0.0,0.0,0.0,0.0,0.0,0.0,0.0,0.0,0.0,0.0,0.0,0.0,0.0,0.0,0.0,0.0,0.0
t794,0.0,0.0,0.0,0.0,0.0,0.0,0.0,0.0,0.0,0.0,0.0,0.0,0.0,0.0,0.0,0.0,0.0,0.0
t795,0.0,0.0,0.0,0.0,0.0,0.0,0.0,0.0,0.0,0.0,0.0,0.0,0.0,0.0,0.0,0.0,0.0,0.0
t796,0.0,0.0,0.0,0.0,0.0,0.0,0.0,0.0,0.0,0.0,0.0,0.0,0.0,0.0,0.0,0.0,0.0,0.0
t797,0.0,0.0,0.0,0.0,0.0,0.0,0.0,0.0,0.0,0.0,0.0,0.0,0.0,0.0,0.0,0.0,0.0,0.0
t798,0.0,0.0,0.0,0.0,0.0,0.0,0.0,0.0,0.0,0.0,0.0,0.0,0.0,0.0,0.0,0.0,0.0,0.0
t799,0.0,0.0,0.0,0.0,0.0,0.0,0.0,0.0,0.0,0.0,0.0,0.0,0.0,0.0,0.0,0.0,0.0,0.0
t800,0.0,0.0,0.0,0.0,0.0,0.0,0.0,0.0,0.0,0.0,0.0,0.0,0.0,0.0,0.0,0.0,0.0,0.0
t801,0.0,0.0,0.0,0.0,0.0,0.0,0.0,0.0,0.0,0.0,0.0,0.0,0.0,0.0,0.0,0.0,0.0,0.0
t802,526.1874408415252,92.30769225,0.0,0.0,0.0,4004.4959045829246,639.02632776,337.5395996344411,0.0,0.0,0.0,0.0,0.0,0.0,0.0,0.0,0.0,5599.556965068891
t803,972.1875000000001,0.0,0.0,0.0,2854.3403048845357,6009.442429153337,1016.7033455900001,1559.9999999999998,0.0,0.0,0.0,0.0,0.0,0.0,0.0,0.0,0.0,12412.673579627872
t804,972.1875000000001,0.0,0.0,0.0,3535.9999999999995,5642.728786488443,725.8445583000001,1559.9999999999998,0.0,0.0,0.0,0.0,0.0,0.0,0.0,0.0,0.0,12436.760844788441
t805,636.7113338245763,31.94262419801519,0.0,0.0,3535.9999999999995,6920.0,623.755686260634,1559.9999999999998,0.0,0.0,0.0,0.0,0.0,0.0,0.0,0.0,0.0,13308.409644283225
t806,19.642430154159396,92.30769225,0.0,0.0,2423.613475095948,4536.2224241100375,910.8672818945184,1559.9999999999998,0.0,0.0,0.0,0.0,0.0,0.0,0.0,0.0,0.0,9542.653303504663
t807,972.1875000000001,92.30769225,0.0,0.0,1705.5155447353486,1469.718558917103,1104.4979877500002,0.0,0.0,0.0,0.0,0.0,0.0,0.0,0.0,0.0,0.0,5344.227283652452
t808,0.0,80.33782541432079,0.0,0.0,853.6204344555663,0.0,358.5869699199997,0.0,0.0,0.0,0.0,0.0,0.0,0.0,0.0,0.0,0.0,1292.545229789887
t809,0.0,0.0,0.0,0.0,0.0,0.0,0.0,0.0,0.0,0.0,0.0,0.0,0.0,0.0,0.0,0.0,0.0,0.0
t810,0.0,0.0,0.0,0.0,0.0,0.0,0.0,0.0,0.0,0.0,0.0,0.0,0.0,0.0,0.0,0.0,0.0,0.0
t811,0.0,0.0,0.0,0.0,0.0,0.0,0.0,0.0,0.0,0.0,0.0,0.0,0.0,0.0,0.0,0.0,0.0,0.0
t812,0.0,0.0,0.0,0.0,0.0,0.0,0.0,0.0,0.0,0.0,0.0,0.0,0.0,0.0,0.0,0.0,0.0,0.0
t813,0.0,0.0,0.0,0.0,0.0,0.0,0.0,0.0,0.0,0.0,0.0,0.0,0.0,0.0,0.0,0.0,0.0,0.0
t814,0.0,0.0,0.0,0.0,0.0,0.0,0.0,0.0,0.0,0.0,0.0,0.0,0.0,0.0,0.0,0.0,0.0,0.0
t815,0.0,0.0,0.0,0.0,0.0,0.0,0.0,0.0,0.0,0.0,0.0,0.0,0.0,0.0,0.0,0.0,0.0,0.0
t816,0.0,0.0,0.0,0.0,0.0,0.0,0.0,0.0,0.0,0.0,0.0,0.0,0.0,0.0,0.0,0.0,0.0,0.0
t817,0.0,0.0,0.0,0.0,0.0,0.0,0.0,0.0,0.0,0.0,0.0,0.0,0.0,0.0,0.0,0.0,0.0,0.0
t818,0.0,0.0,0.0,0.0,0.0,0.0,0.0,0.0,0.0,0.0,0.0,0.0,0.0,0.0,0.0,0.0,0.0,0.0
t819,0.0,0.0,0.0,0.0,0.0,0.0,0.0,0.0,0.0,0.0,0.0,0.0,0.0,0.0,0.0,0.0,0.0,0.0
t820,0.0,0.0,0.0,0.0,0.0,0.0,0.0,0.0,0.0,0.0,0.0,0.0,0.0,0.0,0.0,0.0,0.0,0.0
t821,0.0,0.0,0.0,0.0,0.0,0.0,0.0,0.0,0.0,0.0,0.0,0.0,0.0,0.0,0.0,0.0,0.0,0.0
t822,0.0,0.0,0.0,0.0,0.0,0.0,0.0,0.0,0.0,0.0,0.0,0.0,0.0,0.0,0.0,0.0,0.0,0.0
t823,0.0,0.0,0.0,0.0,0.0,0.0,0.0,0.0,0.0,0.0,0.0,0.0,0.0,0.0,0.0,0.0,0.0,0.0
t824,0.0,0.0,0.0,0.0,0.0,0.0,0.0,0.0,0.0,0.0,0.0,0.0,0.0,0.0,0.0,0.0,0.0,0.0
t825,0.0,0.0,0.0,0.0,0.0,0.0,0.0,0.0,0.0,0.0,0.0,0.0,0.0,0.0,0.0,0.0,0.0,0.0
t826,972.1875000000001,92.30769225,0.0,0.0,670.7137904829402,295.7783214363767,95.24234662193243,1455.9576727550896,0.0,0.0,0.0,0.0,0.0,0.0,0.0,0.0,0.0,3582.187323546339
t827,972.1875000000001,0.0,229.18355393224,0.0,3535.9999999999995,3792.6297468908356,776.5247590390537,1559.9999999999998,0.0,0.0,0.0,0.0,0.0,0.0,0.0,0.0,0.0,10866.52555986213
t828,0.0,0.0,500.78838549507276,0.0,3535.9999999999995,4273.432894139569,1275.80838375,572.7971417062165,0.0,0.0,0.0,0.0,0.0,0.0,0.0,0.0,0.0,10158.826805090857
t829,972.1875000000001,0.0,538.2326238428259,0.0,2685.0590185927167,3333.0199009928815,1219.312061984253,0.0,0.0,0.0,0.0,0.0,0.0,0.0,0.0,0.0,0.0,8747.811105412678
t830,972.1875000000001,0.0,304.2331002428257,0.0,1878.5875804416685,1943.8044045782433,1275.80838375,931.6950132802577,0.0,0.0,0.0,0.0,0.0,0.0,0.0,0.0,0.0,7306.315982292996
t831,210.35370482026113,92.30769225,0.0,0.0,2602.729369654072,1154.0909733630197,736.5862223299134,0.0,0.0,0.0,0.0,0.0,0.0,0.0,0.0,0.0,0.0,4796.067962417266
t832,0.0,0.0,0.0,0.0,0.0,0.0,0.0,0.0,0.0,0.0,0.0,0.0,0.0,0.0,0.0,0.0,0.0,0.0
t833,0.0,0.0,0.0,0.0,0.0,0.0,0.0,0.0,0.0,0.0,0.0,0.0,0.0,0.0,0.0,0.0,0.0,0.0
t834,0.0,0.0,0.0,0.0,0.0,0.0,0.0,0.0,0.0,0.0,0.0,0.0,0.0,0.0,0.0,0.0,0.0,0.0
t835,0.0,0.0,0.0,0.0,0.0,0.0,0.0,0.0,0.0,0.0,0.0,0.0,0.0,0.0,0.0,0.0,0.0,0.0
t836,0.0,0.0,0.0,0.0,0.0,0.0,0.0,0.0,0.0,0.0,0.0,0.0,0.0,0.0,0.0,0.0,0.0,0.0
t837,0.0,0.0,0.0,0.0,0.0,0.0,0.0,0.0,0.0,0.0,0.0,0.0,0.0,0.0,0.0,0.0,0.0,0.0
t838,0.0,0.0,0.0,0.0,0.0,0.0,0.0,0.0,0.0,0.0,0.0,0.0,0.0,0.0,0.0,0.0,0.0,0.0
t839,0.0,0.0,0.0,0.0,0.0,0.0,0.0,0.0,0.0,0.0,0.0,0.0,0.0,0.0,0.0,0.0,0.0,0.0
t840,0.0,0.0,0.0,0.0,0.0,0.0,0.0,0.0,0.0,0.0,0.0,0.0,0.0,0.0,0.0,0.0,0.0,0.0
t841,0.0,0.0,0.0,0.0,0.0,0.0,0.0,0.0,0.0,0.0,0.0,0.0,0.0,0.0,0.0,0.0,0.0,0.0
t842,0.0,0.0,0.0,0.0,0.0,0.0,0.0,0.0,0.0,0.0,0.0,0.0,0.0,0.0,0.0,0.0,0.0,0.0
t843,0.0,0.0,0.0,0.0,0.0,0.0,0.0,0.0,0.0,0.0,0.0,0.0,0.0,0.0,0.0,0.0,0.0,0.0
t844,0.0,0.0,0.0,0.0,0.0,0.0,0.0,0.0,0.0,0.0,0.0,0.0,0.0,0.0,0.0,0.0,0.0,0.0
t845,0.0,0.0,0.0,0.0,0.0,0.0,0.0,0.0,0.0,0.0,0.0,0.0,0.0,0.0,0.0,0.0,0.0,0.0
t846,0.0,0.0,0.0,0.0,0.0,0.0,0.0,0.0,0.0,0.0,0.0,0.0,0.0,0.0,0.0,0.0,0.0,0.0
t847,0.0,0.0,0.0,0.0,0.0,0.0,0.0,0.0,0.0,0.0,0.0,0.0,0.0,0.0,0.0,0.0,0.0,0.0
t848,0.0,0.0,0.0,0.0,0.0,0.0,0.0,0.0,0.0,0.0,0.0,0.0,0.0,0.0,0.0,0.0,0.0,0.0
t849,0.0,0.0,0.0,0.0,0.0,0.0,0.0,0.0,0.0,0.0,0.0,0.0,0.0,0.0,0.0,0.0,0.0,0.0
t850,972.1875000000001,0.0,0.0,0.0,0.0,0.0,107.05225718000011,79.00907186998893,0.0,0.0,0.0,0.0,0.0,0.0,0.0,0.0,0.0,1158.2488290499891
t851,972.1875000000001,92.30769225,0.0,0.0,1089.9775242664095,536.7187444562378,1275.80838375,1559.9999999999998,0.0,0.0,0.0,0.0,0.0,0.0,0.0,0.0,0.0,5526.999844722647
t852,972.1875000000001,92.30769225,0.0,0.0,3535.9999999999995,2556.5435742204336,1275.80838375,1559.9999999999998,0.0,0.0,0.0,0.0,0.0,0.0,0.0,0.0,0.0,9992.847150220434
t853,972.1875000000001,92.30769225,0.0,0.0,3535.9999999999995,2149.24879983031,1275.80838375,1559.9999999999998,0.0,0.0,0.0,0.0,0.0,0.0,0.0,0.0,0.0,9585.55237583031
t854,0.0,0.0,0.0,0.0,2488.921965360443,164.59843677937425,1275.80838375,1559.9999999999998,0.0,0.0,0.0,0.0,0.0,0.0,0.0,0.0,0.0,5489.3287858898175
t855,0.0,0.0,0.0,0.0,3535.9999999999995,0.0,111.37316485262339,0.0,0.0,0.0,0.0,0.0,0.0,0.0,0.0,0.0,0.0,3647.3731648526227
t856,0.0,0.0,0.0,0.0,722.190269544545,0.0,0.0,0.0,0.0,0.0,0.0,0.0,0.0,0.0,0.0,0.0,0.0,722.190269544545
t857,0.0,0.0,0.0,0.0,0.0,0.0,0.0,0.0,0.0,0.0,0.0,0.0,0.0,0.0,0.0,0.0,0.0,0.0
t858,0.0,0.0,0.0,0.0,0.0,0.0,0.0,0.0,0.0,0.0,0.0,0.0,0.0,0.0,0.0,0.0,0.0,0.0
t859,0.0,0.0,0.0,0.0,0.0,0.0,0.0,0.0,0.0,0.0,0.0,0.0,0.0,0.0,0.0,0.0,0.0,0.0
t860,0.0,0.0,0.0,0.0,0.0,0.0,0.0,0.0,0.0,0.0,0.0,0.0,0.0,0.0,0.0,0.0,0.0,0.0
t861,0.0,0.0,0.0,0.0,0.0,0.0,0.0,0.0,0.0,0.0,0.0,0.0,0.0,0.0,0.0,0.0,0.0,0.0
t862,0.0,0.0,0.0,0.0,0.0,0.0,0.0,0.0,0.0,0.0,0.0,0.0,0.0,0.0,0.0,0.0,0.0,0.0
t863,0.0,0.0,0.0,0.0,0.0,0.0,0.0,0.0,0.0,0.0,0.0,0.0,0.0,0.0,0.0,0.0,0.0,0.0
t864,0.0,0.0,0.0,0.0,0.0,0.0,0.0,0.0,0.0,0.0,0.0,0.0,0.0,0.0,0.0,0.0,0.0,0.0
t865,0.0,0.0,0.0,0.0,0.0,0.0,0.0,0.0,0.0,0.0,0.0,0.0,0.0,0.0,0.0,0.0,0.0,0.0
t866,0.0,0.0,0.0,0.0,0.0,0.0,0.0,0.0,0.0,0.0,0.0,0.0,0.0,0.0,0.0,0.0,0.0,0.0
t867,0.0,0.0,0.0,0.0,0.0,0.0,0.0,0.0,0.0,0.0,0.0,0.0,0.0,0.0,0.0,0.0,0.0,0.0
t868,0.0,0.0,0.0,0.0,0.0,0.0,0.0,0.0,0.0,0.0,0.0,0.0,0.0,0.0,0.0,0.0,0.0,0.0
t869,0.0,0.0,0.0,0.0,0.0,0.0,0.0,0.0,0.0,0.0,0.0,0.0,0.0,0.0,0.0,0.0,0.0,0.0
t870,0.0,0.0,0.0,0.0,0.0,0.0,0.0,0.0,0.0,0.0,0.0,0.0,0.0,0.0,0.0,0.0,0.0,0.0
t871,0.0,0.0,0.0,0.0,0.0,0.0,0.0,0.0,0.0,0.0,0.0,0.0,0.0,0.0,0.0,0.0,0.0,0.0
t872,0.0,0.0,0.0,0.0,0.0,0.0,0.0,0.0,0.0,0.0,0.0,0.0,0.0,0.0,0.0,0.0,0.0,0.0
t873,0.0,0.0,0.0,0.0,0.0,0.0,0.0,0.0,0.0,0.0,0.0,0.0,0.0,0.0,0.0,0.0,0.0,0.0
t874,0.0,0.0,0.0,0.0,0.0,0.0,0.0,0.0,0.0,0.0,0.0,0.0,0.0,0.0,0.0,0.0,0.0,0.0
t875,0.0,0.0,0.0,0.0,2433.302354528209,0.0,0.0,0.0,0.0,0.0,0.0,0.0,0.0,0.0,0.0,0.0,0.0,2433.302354528209
t876,972.1875000000001,92.30769225,0.0,0.0,2686.533413944117,1604.8088577052335,1275.80838375,0.0,0.0,0.0,0.0,0.0,0.0,0.0,0.0,0.0,0.0,6631.64584764935
t877,972.1875000000001,0.0,0.0,0.0,2856.7715026743217,0.0,1275.80838375,165.47599523658985,0.0,0.0,0.0,0.0,0.0,0.0,0.0,0.0,0.0,5270.243381660912
t878,0.0,0.0,0.0,0.0,3054.887010361403,0.0,0.0,0.0,0.0,0.0,0.0,0.0,0.0,0.0,0.0,0.0,0.0,3054.887010361403
t879,0.0,0.0,0.0,0.0,2929.015859774733,0.0,0.0,0.0,0.0,0.0,0.0,0.0,0.0,0.0,0.0,0.0,0.0,2929.015859774733
t880,0.0,0.0,0.0,0.0,948.5796178886135,0.0,0.0,0.0,0.0,0.0,0.0,0.0,0.0,0.0,0.0,0.0,0.0,948.5796178886135
t881,0.0,0.0,0.0,0.0,0.0,0.0,0.0,0.0,0.0,0.0,0.0,0.0,0.0,0.0,0.0,0.0,0.0,0.0
t882,0.0,0.0,0.0,0.0,0.0,0.0,0.0,0.0,0.0,0.0,0.0,0.0,0.0,0.0,0.0,0.0,0.0,0.0
t883,0.0,0.0,0.0,0.0,0.0,0.0,0.0,0.0,0.0,0.0,0.0,0.0,0.0,0.0,0.0,0.0,0.0,0.0
t884,0.0,0.0,0.0,0.0,0.0,0.0,0.0,0.0,0.0,0.0,0.0,0.0,0.0,0.0,0.0,0.0,0.0,0.0
t885,0.0,0.0,0.0,0.0,0.0,0.0,0.0,0.0,0.0,0.0,0.0,0.0,0.0,0.0,0.0,0.0,0.0,0.0
t886,0.0,0.0,0.0,0.0,0.0,0.0,0.0,0.0,0.0,0.0,0.0,0.0,0.0,0.0,0.0,0.0,0.0,0.0
t887,0.0,0.0,0.0,0.0,0.0,0.0,0.0,0.0,0.0,0.0,0.0,0.0,0.0,0.0,0.0,0.0,0.0,0.0
t888,0.0,0.0,0.0,0.0,0.0,0.0,0.0,0.0,0.0,0.0,0.0,0.0,0.0,0.0,0.0,0.0,0.0,0.0
t889,0.0,0.0,0.0,0.0,0.0,0.0,0.0,0.0,0.0,0.0,0.0,0.0,0.0,0.0,0.0,0.0,0.0,0.0
t890,0.0,0.0,0.0,0.0,0.0,0.0,0.0,0.0,0.0,0.0,0.0,0.0,0.0,0.0,0.0,0.0,0.0,0.0
t891,0.0,0.0,0.0,0.0,0.0,0.0,0.0,0.0,0.0,0.0,0.0,0.0,0.0,0.0,0.0,0.0,0.0,0.0
t892,0.0,0.0,0.0,0.0,0.0,0.0,0.0,0.0,0.0,0.0,0.0,0.0,0.0,0.0,0.0,0.0,0.0,0.0
t893,0.0,0.0,0.0,0.0,0.0,0.0,0.0,0.0,0.0,0.0,0.0,0.0,0.0,0.0,0.0,0.0,0.0,0.0
t894,0.0,0.0,0.0,0.0,0.0,0.0,0.0,0.0,0.0,0.0,0.0,0.0,0.0,0.0,0.0,0.0,0.0,0.0
t895,0.0,0.0,0.0,0.0,0.0,0.0,0.0,0.0,0.0,0.0,0.0,0.0,0.0,0.0,0.0,0.0,0.0,0.0
t896,0.0,0.0,0.0,0.0,0.0,0.0,0.0,0.0,0.0,0.0,0.0,0.0,0.0,0.0,0.0,0.0,0.0,0.0
t897,0.0,0.0,0.0,0.0,0.0,0.0,0.0,0.0,0.0,0.0,0.0,0.0,0.0,0.0,0.0,0.0,0.0,0.0
t898,368.7125989120122,0.0,0.0,0.0,0.0,0.0,560.4120411000005,0.0,0.0,0.0,0.0,0.0,0.0,0.0,0.0,0.0,0.0,929.1246400120126
t899,751.6092414927764,92.30769225,0.0,0.0,1404.0049666557777,2156.729783028257,1275.80838375,0.0,0.0,0.0,0.0,0.0,0.0,0.0,0.0,0.0,0.0,5680.460067176811
t900,942.1382414927762,92.30769225,0.0,0.0,3535.9999999999995,5097.544827744988,1275.80838375,1559.9999999999998,0.0,0.0,0.0,0.0,0.0,0.0,0.0,0.0,0.0,12503.799145237763
t901,772.8328021692265,92.30769225,0.0,0.0,3320.4529236061658,3532.1151706481423,1202.06550316,1559.9999999999998,0.0,0.0,0.0,0.0,0.0,0.0,0.0,0.0,0.0,10479.774091833535
t902,387.87276106610386,0.0,0.0,0.0,3535.9999999999995,0.0,0.0,0.0,0.0,0.0,0.0,0.0,0.0,0.0,0.0,0.0,0.0,3923.8727610661035
t903,0.0,0.0,0.0,0.0,3112.6318689094533,0.0,0.0,0.0,0.0,0.0,0.0,0.0,0.0,0.0,0.0,0.0,0.0,3112.6318689094533
t904,0.0,0.0,0.0,0.0,0.0,0.0,0.0,0.0,0.0,0.0,0.0,0.0,0.0,0.0,0.0,0.0,0.0,0.0
t905,0.0,0.0,0.0,0.0,0.0,0.0,0.0,0.0,0.0,0.0,0.0,0.0,0.0,0.0,0.0,0.0,0.0,0.0
t906,0.0,0.0,0.0,0.0,0.0,0.0,0.0,0.0,0.0,0.0,0.0,0.0,0.0,0.0,0.0,0.0,0.0,0.0
t907,0.0,0.0,0.0,0.0,0.0,0.0,0.0,0.0,0.0,0.0,0.0,0.0,0.0,0.0,0.0,0.0,0.0,0.0
t908,0.0,0.0,0.0,0.0,0.0,0.0,0.0,0.0,0.0,0.0,0.0,0.0,0.0,0.0,0.0,0.0,0.0,0.0
t909,0.0,0.0,0.0,0.0,0.0,0.0,0.0,0.0,0.0,0.0,0.0,0.0,0.0,0.0,0.0,0.0,0.0,0.0
t910,0.0,0.0,0.0,0.0,0.0,0.0,0.0,0.0,0.0,0.0,0.0,0.0,0.0,0.0,0.0,0.0,0.0,0.0
t911,0.0,0.0,0.0,0.0,0.0,0.0,0.0,0.0,0.0,0.0,0.0,0.0,0.0,0.0,0.0,0.0,0.0,0.0
t912,0.0,0.0,0.0,0.0,0.0,0.0,0.0,0.0,0.0,0.0,0.0,0.0,0.0,0.0,0.0,0.0,0.0,0.0
t913,0.0,0.0,0.0,0.0,0.0,0.0,0.0,0.0,0.0,0.0,0.0,0.0,0.0,0.0,0.0,0.0,0.0,0.0
t914,0.0,0.0,0.0,0.0,0.0,0.0,0.0,0.0,0.0,0.0,0.0,0.0,0.0,0.0,0.0,0.0,0.0,0.0
t915,0.0,0.0,0.0,0.0,0.0,0.0,0.0,0.0,0.0,0.0,0.0,0.0,0.0,0.0,0.0,0.0,0.0,0.0
t916,0.0,0.0,0.0,0.0,0.0,0.0,0.0,0.0,0.0,0.0,0.0,0.0,0.0,0.0,0.0,0.0,0.0,0.0
t917,0.0,0.0,0.0,0.0,0.0,0.0,0.0,0.0,0.0,0.0,0.0,0.0,0.0,0.0,0.0,0.0,0.0,0.0
t918,0.0,0.0,0.0,0.0,0.0,0.0,0.0,0.0,0.0,0.0,0.0,0.0,0.0,0.0,0.0,0.0,0.0,0.0
t919,0.0,0.0,0.0,0.0,0.0,0.0,0.0,0.0,0.0,0.0,0.0,0.0,0.0,0.0,0.0,0.0,0.0,0.0
t920,0.0,0.0,0.0,0.0,0.0,0.0,0.0,0.0,0.0,0.0,0.0,0.0,0.0,0.0,0.0,0.0,0.0,0.0
t921,0.0,0.0,0.0,0.0,0.0,0.0,0.0,0.0,0.0,0.0,0.0,0.0,0.0,0.0,0.0,0.0,0.0,0.0
t922,972.1875000000001,92.30769225,0.0,0.0,0.0,858.3030608291099,458.8573377651519,1026.4812734394466,0.0,0.0,0.0,0.0,0.0,0.0,0.0,0.0,0.0,3408.1368642837087
t923,972.1875000000001,92.30769225,0.0,0.0,3535.9999999999995,5581.8665246646515,578.0993495399999,1559.9999999999998,0.0,0.0,0.0,0.0,0.0,0.0,0.0,0.0,0.0,12320.46106645465
t924,429.69740858671776,92.30769225,0.0,0.0,3535.9999999999995,6920.0,1012.8518216100002,1559.9999999999998,0.0,0.0,0.0,0.0,0.0,0.0,0.0,0.0,0.0,13550.856922446717
t925,972.1875000000001,44.13013674233583,0.0,0.0,3535.9999999999995,6307.409453200746,1082.50749166,0.0,0.0,0.0,0.0,0.0,0.0,0.0,0.0,0.0,0.0,11942.234581603081
t926,112.28783910437362,0.0,0.0,0.0,1920.7566854102045,1706.2672892524322,971.15777315,1559.9999999999998,0.0,0.0,0.0,0.0,0.0,0.0,0.0,0.0,0.0,6270.46958691701
t927,640.5559571291694,68.15031287000012,0.0,0.0,2380.333073761193,0.0,1275.80838375,871.058326194994,0.0,0.0,0.0,0.0,0.0,0.0,0.0,0.0,0.0,5235.9060537053565
t928,0.0,0.0,0.0,0.0,0.0,0.0,0.0,0.0,0.0,0.0,0.0,0.0,0.0,0.0,0.0,0.0,0.0,0.0
t929,0.0,0.0,0.0,0.0,0.0,0.0,0.0,0.0,0.0,0.0,0.0,0.0,0.0,0.0,0.0,0.0,0.0,0.0
t930,0.0,0.0,0.0,0.0,0.0,0.0,0.0,0.0,0.0,0.0,0.0,0.0,0.0,0.0,0.0,0.0,0.0,0.0
t931,0.0,0.0,0.0,0.0,0.0,0.0,0.0,0.0,0.0,0.0,0.0,0.0,0.0,0.0,0.0,0.0,0.0,0.0
t932,0.0,0.0,0.0,0.0,0.0,0.0,0.0,0.0,0.0,0.0,0.0,0.0,0.0,0.0,0.0,0.0,0.0,0.0
t933,0.0,0.0,0.0,0.0,0.0,0.0,0.0,0.0,0.0,0.0,0.0,0.0,0.0,0.0,0.0,0.0,0.0,0.0
t934,0.0,0.0,0.0,0.0,0.0,0.0,0.0,0.0,0.0,0.0,0.0,0.0,0.0,0.0,0.0,0.0,0.0,0.0
t935,0.0,0.0,0.0,0.0,0.0,0.0,0.0,0.0,0.0,0.0,0.0,0.0,0.0,0.0,0.0,0.0,0.0,0.0
t936,0.0,0.0,0.0,0.0,0.0,0.0,0.0,0.0,0.0,0.0,0.0,0.0,0.0,0.0,0.0,0.0,0.0,0.0
t937,0.0,0.0,0.0,0.0,0.0,0.0,0.0,0.0,0.0,0.0,0.0,0.0,0.0,0.0,0.0,0.0,0.0,0.0
t938,0.0,0.0,0.0,0.0,0.0,0.0,0.0,0.0,0.0,0.0,0.0,0.0,0.0,0.0,0.0,0.0,0.0,0.0
t939,0.0,0.0,0.0,0.0,0.0,0.0,0.0,0.0,0.0,0.0,0.0,0.0,0.0,0.0,0.0,0.0,0.0,0.0
t940,0.0,0.0,0.0,0.0,0.0,0.0,0.0,0.0,0.0,0.0,0.0,0.0,0.0,0.0,0.0,0.0,0.0,0.0
t941,0.0,0.0,0.0,0.0,0.0,0.0,0.0,0.0,0.0,0.0,0.0,0.0,0.0,0.0,0.0,0.0,0.0,0.0
t942,0.0,0.0,0.0,0.0,0.0,0.0,0.0,0.0,0.0,0.0,0.0,0.0,0.0,0.0,0.0,0.0,0.0,0.0
t943,0.0,0.0,0.0,0.0,0.0,0.0,0.0,0.0,0.0,0.0,0.0,0.0,0.0,0.0,0.0,0.0,0.0,0.0
t944,0.0,0.0,0.0,0.0,0.0,0.0,0.0,0.0,0.0,0.0,0.0,0.0,0.0,0.0,0.0,0.0,0.0,0.0
t945,0.0,0.0,0.0,0.0,0.0,0.0,0.0,0.0,0.0,0.0,0.0,0.0,0.0,0.0,0.0,0.0,0.0,0.0
t946,0.0,0.0,0.0,0.0,0.0,2973.727760293416,111.53330428999996,1559.9999999999998,0.0,0.0,0.0,0.0,0.0,0.0,0.0,0.0,0.0,4645.261064583416
t947,972.1875000000001,92.30769225,0.0,0.0,1682.288308849501,2398.376299992603,765.8386478600004,0.0,0.0,0.0,0.0,0.0,0.0,0.0,0.0,0.0,0.0,5910.998448952105
t948,619.760680297008,19.972757362335923,0.0,0.0,2260.313413841369,6920.0,1275.80838375,1454.3465341978786,0.0,0.0,0.0,0.0,0.0,0.0,0.0,0.0,0.0,12550.201769448591
t949,972.1875000000001,92.30769225,606.9927927462038,0.0,3535.9999999999995,6920.0,1275.80838375,1559.9999999999998,0.0,0.0,0.0,0.0,0.0,0.0,0.0,0.0,0.0,14963.296368746203
t950,884.1451839016577,0.0,0.0,0.0,3535.9999999999995,3753.460860327767,1275.80838375,1314.1193668200003,0.0,0.0,0.0,0.0,0.0,0.0,0.0,0.0,0.0,10763.533794799423
t951,0.0,92.30769225,0.0,0.0,3535.9999999999995,6017.160966611365,674.4850540751521,0.0,0.0,0.0,0.0,0.0,0.0,0.0,0.0,0.0,0.0,10319.953712936518
t952,650.8228406215954,92.30769225,0.0,0.0,358.4880364805273,194.5651573071085,0.0,689.0736986165614,0.0,0.0,0.0,0.0,0.0,0.0,0.0,0.0,0.0,1985.257425275793
t953,0.0,0.0,0.0,0.0,0.0,0.0,0.0,0.0,0.0,0.0,0.0,0.0,0.0,0.0,0.0,0.0,0.0,0.0
t954,0.0,0.0,0.0,0.0,0.0,0.0,0.0,0.0,0.0,0.0,0.0,0.0,0.0,0.0,0.0,0.0,0.0,0.0
t955,0.0,0.0,0.0,0.0,0.0,0.0,0.0,0.0,0.0,0.0,0.0,0.0,0.0,0.0,0.0,0.0,0.0,0.0
t956,0.0,0.0,0.0,0.0,0.0,0.0,0.0,0.0,0.0,0.0,0.0,0.0,0.0,0.0,0.0,0.0,0.0,0.0
t957,0.0,0.0,0.0,0.0,0.0,0.0,0.0,0.0,0.0,0.0,0.0,0.0,0.0,0.0,0.0,0.0,0.0,0.0
t958,0.0,0.0,0.0,0.0,0.0,0.0,0.0,0.0,0.0,0.0,0.0,0.0,0.0,0.0,0.0,0.0,0.0,0.0
t959,0.0,0.0,0.0,0.0,0.0,0.0,0.0,0.0,0.0,0.0,0.0,0.0,0.0,0.0,0.0,0.0,0.0,0.0
t960,0.0,0.0,0.0,0.0,0.0,0.0,0.0,0.0,0.0,0.0,0.0,0.0,0.0,0.0,0.0,0.0,0.0,0.0
t961,0.0,0.0,0.0,0.0,0.0,0.0,0.0,0.0,0.0,0.0,0.0,0.0,0.0,0.0,0.0,0.0,0.0,0.0
t962,0.0,0.0,0.0,0.0,0.0,0.0,0.0,0.0,0.0,0.0,0.0,0.0,0.0,0.0,0.0,0.0,0.0,0.0
t963,0.0,0.0,0.0,0.0,0.0,0.0,0.0,0.0,0.0,0.0,0.0,0.0,0.0,0.0,0.0,0.0,0.0,0.0
t964,0.0,0.0,0.0,0.0,0.0,0.0,0.0,0.0,0.0,0.0,0.0,0.0,0.0,0.0,0.0,0.0,0.0,0.0
t965,0.0,0.0,0.0,0.0,0.0,0.0,0.0,0.0,0.0,0.0,0.0,0.0,0.0,0.0,0.0,0.0,0.0,0.0
t966,0.0,0.0,0.0,0.0,0.0,0.0,0.0,0.0,0.0,0.0,0.0,0.0,0.0,0.0,0.0,0.0,0.0,0.0
t967,0.0,0.0,0.0,0.0,0.0,0.0,0.0,0.0,0.0,0.0,0.0,0.0,0.0,0.0,0.0,0.0,0.0,0.0
t968,0.0,0.0,0.0,0.0,0.0,0.0,0.0,0.0,0.0,0.0,0.0,0.0,0.0,0.0,0.0,0.0,0.0,0.0
t969,0.0,0.0,0.0,0.0,0.0,0.0,0.0,0.0,0.0,0.0,0.0,0.0,0.0,0.0,0.0,0.0,0.0,0.0
t970,972.1875000000001,92.30769225,1262.0491113806795,0.0,0.0,1834.0172976534068,17.54474464631607,624.5747968291936,0.0,0.0,0.0,0.0,0.0,0.0,0.0,0.0,0.0,4802.681142759596
t971,387.3825539293517,92.30769225,1296.0000000000002,0.0,558.4606941268314,3694.8047107021607,1102.55034102,1001.2383067800008,0.0,0.0,0.0,0.0,0.0,0.0,0.0,0.0,0.0,8132.744298808345
t972,972.1875000000001,0.0,1296.0000000000002,0.0,2462.0377160474177,6920.0,1275.80838375,1398.4811067800008,0.0,0.0,0.0,0.0,0.0,0.0,0.0,0.0,0.0,14324.514706577418
t973,972.1875000000001,92.30769225,1296.0000000000002,0.0,3535.9999999999995,6920.0,1170.3501895350214,1559.9999999999998,0.0,0.0,0.0,0.0,0.0,0.0,0.0,0.0,0.0,15546.845381785022
t974,233.32091328998743,92.30769225,0.0,0.0,3261.2845246981783,6920.0,537.2201147738147,1462.1756668200007,0.0,0.0,0.0,0.0,0.0,0.0,0.0,0.0,0.0,12506.30891183198
t975,561.8377376009225,19.97275736233595,314.3684021617792,0.0,1555.3068242989705,2888.469036176695,1275.80838375,531.0697224252436,0.0,0.0,0.0,0.0,0.0,0.0,0.0,0.0,0.0,7146.832863775947
t976,0.0,0.0,0.0,0.0,3535.9999999999995,0.0,0.0,0.0,0.0,0.0,0.0,0.0,0.0,0.0,0.0,0.0,0.0,3535.9999999999995
t977,0.0,0.0,0.0,0.0,0.0,0.0,0.0,0.0,0.0,0.0,0.0,0.0,0.0,0.0,0.0,0.0,0.0,0.0
t978,0.0,0.0,0.0,0.0,0.0,0.0,0.0,0.0,0.0,0.0,0.0,0.0,0.0,0.0,0.0,0.0,0.0,0.0
t979,0.0,0.0,0.0,0.0,0.0,0.0,0.0,0.0,0.0,0.0,0.0,0.0,0.0,0.0,0.0,0.0,0.0,0.0
t980,0.0,0.0,0.0,0.0,0.0,0.0,0.0,0.0,0.0,0.0,0.0,0.0,0.0,0.0,0.0,0.0,0.0,0.0
t981,0.0,0.0,0.0,0.0,0.0,0.0,0.0,0.0,0.0,0.0,0.0,0.0,0.0,0.0,0.0,0.0,0.0,0.0
t982,0.0,0.0,0.0,0.0,0.0,0.0,0.0,0.0,0.0,0.0,0.0,0.0,0.0,0.0,0.0,0.0,0.0,0.0
t983,0.0,0.0,0.0,0.0,0.0,0.0,0.0,0.0,0.0,0.0,0.0,0.0,0.0,0.0,0.0,0.0,0.0,0.0
t984,0.0,0.0,0.0,0.0,0.0,0.0,0.0,0.0,0.0,0.0,0.0,0.0,0.0,0.0,0.0,0.0,0.0,0.0
t985,0.0,0.0,0.0,0.0,0.0,0.0,0.0,0.0,0.0,0.0,0.0,0.0,0.0,0.0,0.0,0.0,0.0,0.0
t986,0.0,0.0,0.0,0.0,0.0,0.0,0.0,0.0,0.0,0.0,0.0,0.0,0.0,0.0,0.0,0.0,0.0,0.0
t987,0.0,0.0,0.0,0.0,0.0,0.0,0.0,0.0,0.0,0.0,0.0,0.0,0.0,0.0,0.0,0.0,0.0,0.0
t988,0.0,0.0,0.0,0.0,0.0,0.0,0.0,0.0,0.0,0.0,0.0,0.0,0.0,0.0,0.0,0.0,0.0,0.0
t989,0.0,0.0,0.0,0.0,0.0,0.0,0.0,0.0,0.0,0.0,0.0,0.0,0.0,0.0,0.0,0.0,0.0,0.0
t990,0.0,0.0,0.0,0.0,0.0,0.0,0.0,0.0,0.0,0.0,0.0,0.0,0.0,0.0,0.0,0.0,0.0,0.0
t991,0.0,0.0,0.0,0.0,0.0,0.0,0.0,0.0,0.0,0.0,0.0,0.0,0.0,0.0,0.0,0.0,0.0,0.0
t992,0.0,0.0,0.0,0.0,0.0,0.0,0.0,0.0,0.0,0.0,0.0,0.0,0.0,0.0,0.0,0.0,0.0,0.0
t993,972.1875000000001,19.972757362335923,0.0,0.0,0.0,530.5369870242781,233.25924637999984,1110.2498124019132,0.0,0.0,0.0,0.0,0.0,0.0,0.0,0.0,0.0,2866.2063031685275
t994,862.118007448349,92.30769225,0.0,0.0,1527.2244296676938,4454.1162232591205,937.1402490400003,787.2897872325275,0.0,0.0,0.0,0.0,0.0,0.0,0.0,0.0,0.0,8660.196388897692
t995,972.1875000000001,92.30769225,204.5171699259618,0.0,3535.9999999999995,6920.0,1275.80838375,1559.9999999999998,0.0,0.0,0.0,0.0,0.0,0.0,0.0,0.0,0.0,14560.820745925961
t996,972.1875000000001,92.30769225,826.8465248775459,0.0,3535.9999999999995,6920.0,1275.80838375,1559.9999999999998,0.0,0.0,0.0,0.0,0.0,0.0,0.0,0.0,0.0,15183.150100877545
t997,73.60758374541271,0.0,0.0,0.0,2725.339166700049,6727.826325161232,1275.80838375,1559.9999999999998,0.0,0.0,0.0,0.0,0.0,0.0,0.0,0.0,0.0,12362.581459356694
t998,0.0,92.30769225,0.0,0.0,3535.9999999999995,3624.8115090876313,0.0,0.0,0.0,0.0,0.0,0.0,0.0,0.0,0.0,0.0,0.0,7253.119201337631
t999,246.81561362649995,0.0,0.0,0.0,0.0,0.0,381.457510805152,0.0,0.0,0.0,0.0,0.0,0.0,0.0,0.0,0.0,0.0,628.2731244316519
t1000,0.0,0.0,0.0,0.0,48.52616280365329,0.0,0.0,0.0,0.0,0.0,0.0,0.0,0.0,0.0,0.0,0.0,0.0,48.52616280365329
t1001,0.0,0.0,0.0,0.0,0.0,0.0,0.0,0.0,0.0,0.0,0.0,0.0,0.0,0.0,0.0,0.0,0.0,0.0
t1002,0.0,0.0,0.0,0.0,0.0,0.0,0.0,0.0,0.0,0.0,0.0,0.0,0.0,0.0,0.0,0.0,0.0,0.0
t1003,0.0,0.0,0.0,0.0,0.0,0.0,0.0,0.0,0.0,0.0,0.0,0.0,0.0,0.0,0.0,0.0,0.0,0.0
t1004,0.0,0.0,0.0,0.0,0.0,0.0,0.0,0.0,0.0,0.0,0.0,0.0,0.0,0.0,0.0,0.0,0.0,0.0
t1005,0.0,0.0,0.0,0.0,0.0,0.0,0.0,0.0,0.0,0.0,0.0,0.0,0.0,0.0,0.0,0.0,0.0,0.0
t1006,0.0,0.0,0.0,0.0,0.0,0.0,0.0,0.0,0.0,0.0,0.0,0.0,0.0,0.0,0.0,0.0,0.0,0.0
t1007,0.0,0.0,0.0,0.0,0.0,0.0,0.0,0.0,0.0,0.0,0.0,0.0,0.0,0.0,0.0,0.0,0.0,0.0
t1008,0.0,0.0,0.0,0.0,0.0,0.0,0.0,0.0,0.0,0.0,0.0,0.0,0.0,0.0,0.0,0.0,0.0,0.0
t1009,0.0,0.0,0.0,0.0,0.0,0.0,0.0,0.0,0.0,0.0,0.0,0.0,0.0,0.0,0.0,0.0,0.0,0.0
t1010,0.0,0.0,0.0,0.0,0.0,0.0,0.0,0.0,0.0,0.0,0.0,0.0,0.0,0.0,0.0,0.0,0.0,0.0
t1011,0.0,0.0,0.0,0.0,0.0,0.0,0.0,0.0,0.0,0.0,0.0,0.0,0.0,0.0,0.0,0.0,0.0,0.0
t1012,0.0,0.0,0.0,0.0,0.0,0.0,0.0,0.0,0.0,0.0,0.0,0.0,0.0,0.0,0.0,0.0,0.0,0.0
t1013,0.0,0.0,0.0,0.0,0.0,0.0,0.0,0.0,0.0,0.0,0.0,0.0,0.0,0.0,0.0,0.0,0.0,0.0
t1014,0.0,0.0,0.0,0.0,0.0,0.0,0.0,0.0,0.0,0.0,0.0,0.0,0.0,0.0,0.0,0.0,0.0,0.0
t1015,0.0,0.0,0.0,0.0,0.0,0.0,0.0,0.0,0.0,0.0,0.0,0.0,0.0,0.0,0.0,0.0,0.0,0.0
t1016,0.0,0.0,0.0,0.0,0.0,0.0,0.0,0.0,0.0,0.0,0.0,0.0,0.0,0.0,0.0,0.0,0.0,0.0
t1017,0.0,0.0,0.0,0.0,0.0,0.0,0.0,0.0,0.0,0.0,0.0,0.0,0.0,0.0,0.0,0.0,0.0,0.0
t1018,0.0,0.0,0.0,0.0,0.0,0.0,0.0,37.50251693456351,0.0,0.0,0.0,0.0,0.0,0.0,0.0,0.0,0.0,37.50251693456351
t1019,972.1875000000001,0.0,0.0,0.0,0.0,0.0,582.4518388717647,762.6924788106337,0.0,0.0,0.0,0.0,0.0,0.0,0.0,0.0,0.0,2317.3318176823987
t1020,972.1875000000001,92.30769225,139.68946542111155,0.0,0.0,2756.807792632627,1275.80838375,488.77451947602304,0.0,0.0,0.0,0.0,0.0,0.0,0.0,0.0,0.0,5725.575353529762
t1021,972.1875000000001,0.0,295.12231944282587,0.0,0.0,1959.7821197795247,1275.80838375,0.0,0.0,0.0,0.0,0.0,0.0,0.0,0.0,0.0,0.0,4502.90032297235
t1022,972.1875000000001,0.0,164.58603344282508,0.0,0.0,794.1814785915412,1275.80838375,0.0,0.0,0.0,0.0,0.0,0.0,0.0,0.0,0.0,0.0,3206.7633957843664
t1023,210.35370482026113,0.0,0.0,0.0,0.0,0.0,0.0,0.0,0.0,0.0,0.0,0.0,0.0,0.0,0.0,0.0,0.0,210.35370482026113
t1024,0.0,0.0,0.0,0.0,0.0,0.0,0.0,0.0,0.0,0.0,0.0,0.0,0.0,0.0,0.0,0.0,0.0,0.0
t1025,0.0,0.0,0.0,0.0,0.0,0.0,0.0,0.0,0.0,0.0,0.0,0.0,0.0,0.0,0.0,0.0,0.0,0.0
t1026,0.0,0.0,0.0,0.0,0.0,0.0,0.0,0.0,0.0,0.0,0.0,0.0,0.0,0.0,0.0,0.0,0.0,0.0
t1027,0.0,0.0,0.0,0.0,0.0,0.0,0.0,0.0,0.0,0.0,0.0,0.0,0.0,0.0,0.0,0.0,0.0,0.0
t1028,0.0,0.0,0.0,0.0,0.0,0.0,0.0,0.0,0.0,0.0,0.0,0.0,0.0,0.0,0.0,0.0,0.0,0.0
t1029,0.0,0.0,0.0,0.0,0.0,0.0,0.0,0.0,0.0,0.0,0.0,0.0,0.0,0.0,0.0,0.0,0.0,0.0
t1030,0.0,0.0,0.0,0.0,0.0,0.0,0.0,0.0,0.0,0.0,0.0,0.0,0.0,0.0,0.0,0.0,0.0,0.0
t1031,0.0,0.0,0.0,0.0,0.0,0.0,0.0,0.0,0.0,0.0,0.0,0.0,0.0,0.0,0.0,0.0,0.0,0.0
t1032,0.0,0.0,0.0,0.0,0.0,0.0,0.0,0.0,0.0,0.0,0.0,0.0,0.0,0.0,0.0,0.0,0.0,0.0
t1033,0.0,0.0,0.0,0.0,0.0,0.0,0.0,0.0,0.0,0.0,0.0,0.0,0.0,0.0,0.0,0.0,0.0,0.0
t1034,0.0,0.0,0.0,0.0,0.0,0.0,0.0,0.0,0.0,0.0,0.0,0.0,0.0,0.0,0.0,0.0,0.0,0.0
t1035,0.0,0.0,0.0,0.0,0.0,0.0,0.0,0.0,0.0,0.0,0.0,0.0,0.0,0.0,0.0,0.0,0.0,0.0
t1036,0.0,0.0,0.0,0.0,0.0,0.0,0.0,0.0,0.0,0.0,0.0,0.0,0.0,0.0,0.0,0.0,0.0,0.0
t1037,0.0,0.0,0.0,0.0,0.0,0.0,0.0,0.0,0.0,0.0,0.0,0.0,0.0,0.0,0.0,0.0,0.0,0.0
t1038,0.0,0.0,0.0,0.0,0.0,0.0,0.0,0.0,0.0,0.0,0.0,0.0,0.0,0.0,0.0,0.0,0.0,0.0
t1039,0.0,0.0,0.0,0.0,0.0,0.0,553.3125917299055,0.0,0.0,0.0,0.0,0.0,0.0,0.0,0.0,0.0,0.0,553.3125917299055
t1040,972.1875000000001,0.0,0.0,0.0,0.0,0.0,0.0,0.0,0.0,0.0,0.0,0.0,0.0,0.0,0.0,0.0,0.0,972.1875000000001
t1041,972.1875000000001,0.0,0.0,0.0,0.0,0.0,0.0,0.0,0.0,0.0,0.0,0.0,0.0,0.0,0.0,0.0,0.0,972.1875000000001
t1042,972.1875000000001,0.0,0.0,0.0,0.0,0.0,280.4829017889362,0.0,0.0,0.0,0.0,0.0,0.0,0.0,0.0,0.0,0.0,1252.6704017889363
t1043,972.1875000000001,0.0,0.0,0.0,0.0,0.0,295.99811293343095,0.0,0.0,0.0,0.0,0.0,0.0,0.0,0.0,0.0,0.0,1268.185612933431
t1044,88.0620334331197,0.0,0.0,0.0,0.0,0.0,0.0,0.0,0.0,0.0,0.0,0.0,0.0,0.0,0.0,0.0,0.0,88.0620334331197
t1045,122.29167138714148,0.0,0.0,0.0,0.0,0.0,0.0,0.0,0.0,0.0,0.0,0.0,0.0,0.0,0.0,0.0,0.0,122.29167138714148
t1046,0.0,0.0,0.0,0.0,0.0,0.0,1275.80838375,0.0,0.0,0.0,0.0,0.0,0.0,0.0,0.0,0.0,0.0,1275.80838375
t1047,0.0,0.0,0.0,0.0,0.0,0.0,0.0,0.0,0.0,0.0,0.0,0.0,0.0,0.0,0.0,0.0,0.0,0.0
t1048,0.0,0.0,0.0,0.0,0.0,0.0,94.0445390200002,0.0,0.0,0.0,0.0,0.0,0.0,0.0,0.0,0.0,0.0,94.0445390200002
t1049,0.0,0.0,0.0,0.0,0.0,0.0,1275.80838375,0.0,0.0,0.0,0.0,0.0,0.0,0.0,0.0,0.0,0.0,1275.80838375
t1050,0.0,0.0,0.0,0.0,0.0,0.0,0.0,0.0,0.0,0.0,0.0,0.0,0.0,0.0,0.0,0.0,0.0,0.0
t1051,0.0,0.0,0.0,0.0,0.0,0.0,0.0,0.0,0.0,0.0,0.0,0.0,0.0,0.0,0.0,0.0,0.0,0.0
t1052,0.0,0.0,0.0,0.0,0.0,0.0,0.0,0.0,0.0,0.0,0.0,0.0,0.0,0.0,0.0,0.0,0.0,0.0
t1053,0.0,0.0,0.0,0.0,0.0,0.0,0.0,0.0,0.0,0.0,0.0,0.0,0.0,0.0,0.0,0.0,0.0,0.0
t1054,0.0,0.0,0.0,0.0,0.0,0.0,0.0,0.0,0.0,0.0,0.0,0.0,0.0,0.0,0.0,0.0,0.0,0.0
t1055,0.0,0.0,0.0,0.0,0.0,0.0,0.0,0.0,0.0,0.0,0.0,0.0,0.0,0.0,0.0,0.0,0.0,0.0
t1056,0.0,0.0,0.0,0.0,0.0,0.0,0.0,0.0,0.0,0.0,0.0,0.0,0.0,0.0,0.0,0.0,0.0,0.0
t1057,0.0,0.0,0.0,0.0,0.0,0.0,0.0,0.0,0.0,0.0,0.0,0.0,0.0,0.0,0.0,0.0,0.0,0.0
t1058,0.0,0.0,0.0,0.0,0.0,0.0,0.0,0.0,0.0,0.0,0.0,0.0,0.0,0.0,0.0,0.0,0.0,0.0
t1059,0.0,0.0,0.0,0.0,0.0,0.0,0.0,0.0,0.0,0.0,0.0,0.0,0.0,0.0,0.0,0.0,0.0,0.0
t1060,0.0,0.0,0.0,0.0,0.0,0.0,0.0,0.0,0.0,0.0,0.0,0.0,0.0,0.0,0.0,0.0,0.0,0.0
t1061,0.0,0.0,0.0,0.0,0.0,0.0,0.0,0.0,0.0,0.0,0.0,0.0,0.0,0.0,0.0,0.0,0.0,0.0
t1062,0.0,0.0,0.0,0.0,0.0,0.0,0.0,0.0,0.0,0.0,0.0,0.0,0.0,0.0,0.0,0.0,0.0,0.0
t1063,0.0,0.0,0.0,0.0,0.0,0.0,0.0,0.0,0.0,0.0,0.0,0.0,0.0,0.0,0.0,0.0,0.0,0.0
t1064,0.0,0.0,0.0,0.0,0.0,0.0,0.0,0.0,0.0,0.0,0.0,0.0,0.0,0.0,0.0,0.0,0.0,0.0
t1065,0.0,0.0,0.0,0.0,0.0,0.0,0.0,0.0,0.0,0.0,0.0,0.0,0.0,0.0,0.0,0.0,0.0,0.0
t1066,0.0,0.0,0.0,0.0,0.0,0.0,0.0,0.0,0.0,0.0,0.0,0.0,0.0,0.0,0.0,0.0,0.0,0.0
t1067,960.2451335760951,0.0,0.0,0.0,0.0,0.0,0.0,0.0,0.0,0.0,0.0,0.0,0.0,0.0,0.0,0.0,0.0,960.2451335760951
t1068,688.5134439947674,92.30769225,807.3870810428258,0.0,0.0,1785.3633945698275,1275.80838375,1559.9999999999998,0.0,0.0,0.0,0.0,0.0,0.0,0.0,0.0,0.0,6209.379995607421
t1069,972.1875000000001,92.30769225,758.6917154429906,0.0,0.0,3586.292423599998,1275.80838375,198.40061829197901,0.0,0.0,0.0,0.0,0.0,0.0,0.0,0.0,0.0,6883.688333334968
t1070,972.1875000000001,92.30769225,0.0,0.0,0.0,3319.7690002056756,1275.80838375,176.35557937002844,0.0,0.0,0.0,0.0,0.0,0.0,0.0,0.0,0.0,5836.428155575704
t1071,505.9701272493993,0.0,0.0,0.0,0.0,0.0,1275.80838375,0.0,0.0,0.0,0.0,0.0,0.0,0.0,0.0,0.0,0.0,1781.7785109993993
t1072,0.0,0.0,0.0,0.0,0.0,0.0,0.0,0.0,0.0,0.0,0.0,0.0,0.0,0.0,0.0,0.0,0.0,0.0
t1073,0.0,0.0,0.0,0.0,0.0,0.0,0.0,0.0,0.0,0.0,0.0,0.0,0.0,0.0,0.0,0.0,0.0,0.0
t1074,0.0,0.0,0.0,0.0,0.0,0.0,0.0,0.0,0.0,0.0,0.0,0.0,0.0,0.0,0.0,0.0,0.0,0.0
t1075,0.0,0.0,0.0,0.0,0.0,0.0,0.0,0.0,0.0,0.0,0.0,0.0,0.0,0.0,0.0,0.0,0.0,0.0
t1076,0.0,0.0,0.0,0.0,0.0,0.0,0.0,0.0,0.0,0.0,0.0,0.0,0.0,0.0,0.0,0.0,0.0,0.0
t1077,0.0,0.0,0.0,0.0,0.0,0.0,0.0,0.0,0.0,0.0,0.0,0.0,0.0,0.0,0.0,0.0,0.0,0.0
t1078,0.0,0.0,0.0,0.0,0.0,0.0,0.0,0.0,0.0,0.0,0.0,0.0,0.0,0.0,0.0,0.0,0.0,0.0
t1079,0.0,0.0,0.0,0.0,0.0,0.0,0.0,0.0,0.0,0.0,0.0,0.0,0.0,0.0,0.0,0.0,0.0,0.0
t1080,0.0,0.0,0.0,0.0,0.0,0.0,0.0,0.0,0.0,0.0,0.0,0.0,0.0,0.0,0.0,0.0,0.0,0.0
t1081,0.0,0.0,0.0,0.0,0.0,0.0,0.0,0.0,0.0,0.0,0.0,0.0,0.0,0.0,0.0,0.0,0.0,0.0
t1082,0.0,0.0,0.0,0.0,0.0,0.0,0.0,0.0,0.0,0.0,0.0,0.0,0.0,0.0,0.0,0.0,0.0,0.0
t1083,0.0,0.0,0.0,0.0,0.0,0.0,0.0,0.0,0.0,0.0,0.0,0.0,0.0,0.0,0.0,0.0,0.0,0.0
t1084,0.0,0.0,0.0,0.0,0.0,0.0,0.0,0.0,0.0,0.0,0.0,0.0,0.0,0.0,0.0,0.0,0.0,0.0
t1085,0.0,0.0,0.0,0.0,0.0,0.0,0.0,0.0,0.0,0.0,0.0,0.0,0.0,0.0,0.0,0.0,0.0,0.0
t1086,0.0,0.0,0.0,0.0,0.0,0.0,0.0,0.0,0.0,0.0,0.0,0.0,0.0,0.0,0.0,0.0,0.0,0.0
t1087,0.0,0.0,0.0,0.0,0.0,0.0,0.0,0.0,0.0,0.0,0.0,0.0,0.0,0.0,0.0,0.0,0.0,0.0
t1088,0.0,0.0,0.0,0.0,0.0,0.0,0.0,0.0,0.0,0.0,0.0,0.0,0.0,0.0,0.0,0.0,0.0,0.0
t1089,972.1875000000001,0.0,0.0,0.0,0.0,652.2034092938239,0.0,1559.9999999999998,0.0,0.0,0.0,0.0,0.0,0.0,0.0,0.0,0.0,3184.390909293824
t1090,972.1875000000001,0.0,1296.0000000000002,0.0,0.0,3123.5160238750655,0.0,1559.9999999999998,0.0,0.0,0.0,0.0,0.0,0.0,0.0,0.0,0.0,6951.703523875066
t1091,972.1875000000001,92.30769225,441.2370334428253,0.0,0.0,5163.346130236363,1183.5340428199997,1559.9999999999998,0.0,0.0,0.0,0.0,0.0,0.0,0.0,0.0,0.0,9412.612398749188
t1092,624.9918541926049,92.30769225,1296.0000000000002,0.0,0.0,3758.949392327711,1275.80838375,0.0,0.0,0.0,0.0,0.0,0.0,0.0,0.0,0.0,0.0,7048.057322520316
t1093,0.0,92.30769225,1065.6466638316274,0.0,0.0,6920.0,1275.80838375,337.53959963444066,0.0,0.0,0.0,0.0,0.0,0.0,0.0,0.0,0.0,9691.302339466069
t1094,0.0,19.97275736233589,1296.0000000000002,0.0,0.0,5665.55794758661,568.249685395925,1559.9999999999998,0.0,0.0,0.0,0.0,0.0,0.0,0.0,0.0,0.0,9109.78039034487
t1095,557.5493506276559,92.30769225,69.5338162680064,0.0,0.0,3586.146706931889,1075.8816617592274,0.0,0.0,0.0,0.0,0.0,0.0,0.0,0.0,0.0,0.0,5381.419227836779
t1096,0.0,0.0,0.0,0.0,0.0,307.5714342807938,0.0,0.0,0.0,0.0,0.0,0.0,0.0,0.0,0.0,0.0,0.0,307.5714342807938
t1097,0.0,0.0,0.0,0.0,0.0,0.0,0.0,0.0,0.0,0.0,0.0,0.0,0.0,0.0,0.0,0.0,0.0,0.0
t1098,0.0,0.0,0.0,0.0,0.0,0.0,0.0,0.0,0.0,0.0,0.0,0.0,0.0,0.0,0.0,0.0,0.0,0.0
t1099,0.0,0.0,0.0,0.0,0.0,0.0,0.0,0.0,0.0,0.0,0.0,0.0,0.0,0.0,0.0,0.0,0.0,0.0
t1100,0.0,0.0,0.0,0.0,0.0,0.0,0.0,0.0,0.0,0.0,0.0,0.0,0.0,0.0,0.0,0.0,0.0,0.0
t1101,0.0,0.0,0.0,0.0,0.0,0.0,0.0,0.0,0.0,0.0,0.0,0.0,0.0,0.0,0.0,0.0,0.0,0.0
t1102,0.0,0.0,0.0,0.0,0.0,0.0,0.0,0.0,0.0,0.0,0.0,0.0,0.0,0.0,0.0,0.0,0.0,0.0
t1103,0.0,0.0,0.0,0.0,0.0,0.0,0.0,0.0,0.0,0.0,0.0,0.0,0.0,0.0,0.0,0.0,0.0,0.0
t1104,0.0,0.0,0.0,0.0,0.0,0.0,0.0,0.0,0.0,0.0,0.0,0.0,0.0,0.0,0.0,0.0,0.0,0.0
t1105,0.0,0.0,0.0,0.0,0.0,0.0,0.0,0.0,0.0,0.0,0.0,0.0,0.0,0.0,0.0,0.0,0.0,0.0
t1106,0.0,0.0,0.0,0.0,0.0,0.0,0.0,0.0,0.0,0.0,0.0,0.0,0.0,0.0,0.0,0.0,0.0,0.0
t1107,0.0,0.0,0.0,0.0,0.0,0.0,0.0,0.0,0.0,0.0,0.0,0.0,0.0,0.0,0.0,0.0,0.0,0.0
t1108,0.0,0.0,0.0,0.0,0.0,0.0,0.0,0.0,0.0,0.0,0.0,0.0,0.0,0.0,0.0,0.0,0.0,0.0
t1109,0.0,0.0,0.0,0.0,0.0,0.0,0.0,0.0,0.0,0.0,0.0,0.0,0.0,0.0,0.0,0.0,0.0,0.0
t1110,0.0,0.0,0.0,0.0,0.0,0.0,0.0,0.0,0.0,0.0,0.0,0.0,0.0,0.0,0.0,0.0,0.0,0.0
t1111,0.0,0.0,0.0,0.0,0.0,0.0,0.0,0.0,0.0,0.0,0.0,0.0,0.0,0.0,0.0,0.0,0.0,0.0
t1112,0.0,0.0,0.0,0.0,0.0,0.0,0.0,0.0,0.0,0.0,0.0,0.0,0.0,0.0,0.0,0.0,0.0,0.0
t1113,0.0,0.0,0.0,0.0,0.0,0.0,0.0,0.0,0.0,0.0,0.0,0.0,0.0,0.0,0.0,0.0,0.0,0.0
t1114,972.1875000000001,92.30769225,0.0,0.0,0.0,210.93688211605843,379.3792369251517,1559.9999999999998,0.0,0.0,0.0,0.0,0.0,0.0,0.0,0.0,0.0,3214.81131129121
t1115,210.35370482026113,19.972757362335923,0.0,0.0,0.0,3374.8741366120194,1275.80838375,1559.9999999999998,0.0,0.0,0.0,0.0,0.0,0.0,0.0,0.0,0.0,6441.008982544617
t1116,972.1875000000001,92.30769225,0.0,0.0,0.0,2912.877031160112,1189.00967297,1559.9999999999998,0.0,0.0,0.0,0.0,0.0,0.0,0.0,0.0,0.0,6726.381896380112
t1117,972.1875000000001,92.30769225,0.0,0.0,0.0,1500.2236339037377,1275.80838375,1160.0787618252446,0.0,0.0,0.0,0.0,0.0,0.0,0.0,0.0,0.0,5000.605971728982
t1118,972.1875000000001,92.30769225,0.0,0.0,0.0,2597.78287751784,1259.27648008,737.460837809195,0.0,0.0,0.0,0.0,0.0,0.0,0.0,0.0,0.0,5659.015387657036
t1119,0.0,0.0,0.0,0.0,0.0,0.0,0.0,0.0,0.0,0.0,0.0,0.0,0.0,0.0,0.0,0.0,0.0,0.0
t1120,0.0,0.0,0.0,0.0,0.0,0.0,0.0,0.0,0.0,0.0,0.0,0.0,0.0,0.0,0.0,0.0,0.0,0.0
t1121,0.0,0.0,0.0,0.0,0.0,0.0,0.0,0.0,0.0,0.0,0.0,0.0,0.0,0.0,0.0,0.0,0.0,0.0
t1122,0.0,0.0,0.0,0.0,0.0,0.0,0.0,0.0,0.0,0.0,0.0,0.0,0.0,0.0,0.0,0.0,0.0,0.0
t1123,0.0,0.0,0.0,0.0,0.0,0.0,0.0,0.0,0.0,0.0,0.0,0.0,0.0,0.0,0.0,0.0,0.0,0.0
t1124,0.0,0.0,0.0,0.0,0.0,0.0,0.0,0.0,0.0,0.0,0.0,0.0,0.0,0.0,0.0,0.0,0.0,0.0
t1125,0.0,0.0,0.0,0.0,0.0,0.0,0.0,0.0,0.0,0.0,0.0,0.0,0.0,0.0,0.0,0.0,0.0,0.0
t1126,0.0,0.0,0.0,0.0,0.0,0.0,0.0,0.0,0.0,0.0,0.0,0.0,0.0,0.0,0.0,0.0,0.0,0.0
t1127,0.0,0.0,0.0,0.0,0.0,0.0,0.0,0.0,0.0,0.0,0.0,0.0,0.0,0.0,0.0,0.0,0.0,0.0
t1128,0.0,0.0,0.0,0.0,0.0,0.0,0.0,0.0,0.0,0.0,0.0,0.0,0.0,0.0,0.0,0.0,0.0,0.0
t1129,0.0,0.0,0.0,0.0,0.0,0.0,0.0,0.0,0.0,0.0,0.0,0.0,0.0,0.0,0.0,0.0,0.0,0.0
t1130,0.0,0.0,0.0,0.0,0.0,0.0,0.0,0.0,0.0,0.0,0.0,0.0,0.0,0.0,0.0,0.0,0.0,0.0
t1131,0.0,0.0,0.0,0.0,0.0,0.0,0.0,0.0,0.0,0.0,0.0,0.0,0.0,0.0,0.0,0.0,0.0,0.0
t1132,0.0,0.0,0.0,0.0,0.0,0.0,0.0,0.0,0.0,0.0,0.0,0.0,0.0,0.0,0.0,0.0,0.0,0.0
t1133,0.0,0.0,0.0,0.0,0.0,0.0,0.0,0.0,0.0,0.0,0.0,0.0,0.0,0.0,0.0,0.0,0.0,0.0
t1134,0.0,0.0,0.0,0.0,0.0,0.0,0.0,0.0,0.0,0.0,0.0,0.0,0.0,0.0,0.0,0.0,0.0,0.0
t1135,0.0,0.0,0.0,0.0,0.0,0.0,0.0,0.0,0.0,0.0,0.0,0.0,0.0,0.0,0.0,0.0,0.0,0.0
t1136,0.0,0.0,0.0,0.0,0.0,0.0,582.9541202000001,82.85147746090524,0.0,0.0,0.0,0.0,0.0,0.0,0.0,0.0,0.0,665.8055976609054
t1137,0.0,0.0,0.0,0.0,0.0,269.9450856332952,0.0,0.0,0.0,0.0,0.0,0.0,0.0,0.0,0.0,0.0,0.0,269.9450856332952
t1138,0.0,0.0,0.0,0.0,0.0,960.4259553319721,0.0,255.1423521501503,0.0,0.0,0.0,0.0,0.0,0.0,0.0,0.0,0.0,1215.5683074821225
t1139,972.1875000000001,0.0,0.0,0.0,0.0,769.0281088880316,0.0,1011.9993362787781,0.0,0.0,0.0,0.0,0.0,0.0,0.0,0.0,0.0,2753.2149451668097
t1140,585.1905500735393,92.30769225,0.0,0.0,0.0,3407.675637185483,0.0,361.6088684010474,0.0,0.0,0.0,0.0,0.0,0.0,0.0,0.0,0.0,4446.78274791007
t1141,972.1875000000001,0.0,0.0,0.0,0.0,6920.0,968.9028860251519,1344.6098444826084,0.0,0.0,0.0,0.0,0.0,0.0,0.0,0.0,0.0,10205.700230507762
t1142,972.1875000000001,0.0,0.0,0.0,0.0,6920.0,1275.80838375,1015.6644003996114,0.0,0.0,0.0,0.0,0.0,0.0,0.0,0.0,0.0,10183.660284149611
t1143,597.3506547467218,92.30769225,0.0,0.0,0.0,6035.266868026683,1275.80838375,1032.311832929186,0.0,0.0,0.0,0.0,0.0,0.0,0.0,0.0,0.0,9033.04543170259
t1144,0.0,0.0,0.0,0.0,0.0,3894.9493894667967,1275.80838375,0.0,0.0,0.0,0.0,0.0,0.0,0.0,0.0,0.0,0.0,5170.7577732167965
t1145,0.0,0.0,0.0,0.0,0.0,0.0,0.0,0.0,0.0,0.0,0.0,0.0,0.0,0.0,0.0,0.0,0.0,0.0
t1146,0.0,0.0,0.0,0.0,0.0,0.0,0.0,0.0,0.0,0.0,0.0,0.0,0.0,0.0,0.0,0.0,0.0,0.0
t1147,0.0,0.0,0.0,0.0,0.0,0.0,0.0,0.0,0.0,0.0,0.0,0.0,0.0,0.0,0.0,0.0,0.0,0.0
t1148,0.0,0.0,0.0,0.0,0.0,0.0,0.0,0.0,0.0,0.0,0.0,0.0,0.0,0.0,0.0,0.0,0.0,0.0
t1149,0.0,0.0,0.0,0.0,0.0,0.0,0.0,0.0,0.0,0.0,0.0,0.0,0.0,0.0,0.0,0.0,0.0,0.0
t1150,0.0,0.0,0.0,0.0,0.0,0.0,0.0,0.0,0.0,0.0,0.0,0.0,0.0,0.0,0.0,0.0,0.0,0.0
t1151,0.0,0.0,0.0,0.0,0.0,0.0,0.0,0.0,0.0,0.0,0.0,0.0,0.0,0.0,0.0,0.0,0.0,0.0
t1152,0.0,0.0,0.0,0.0,0.0,0.0,0.0,0.0,0.0,0.0,0.0,0.0,0.0,0.0,0.0,0.0,0.0,0.0
t1153,0.0,0.0,0.0,0.0,0.0,0.0,0.0,0.0,0.0,0.0,0.0,0.0,0.0,0.0,0.0,0.0,0.0,0.0
t1154,0.0,0.0,0.0,0.0,0.0,0.0,0.0,0.0,0.0,0.0,0.0,0.0,0.0,0.0,0.0,0.0,0.0,0.0
t1155,0.0,0.0,0.0,0.0,0.0,0.0,0.0,0.0,0.0,0.0,0.0,0.0,0.0,0.0,0.0,0.0,0.0,0.0
t1156,0.0,0.0,0.0,0.0,0.0,0.0,0.0,0.0,0.0,0.0,0.0,0.0,0.0,0.0,0.0,0.0,0.0,0.0
t1157,0.0,0.0,0.0,0.0,0.0,0.0,0.0,0.0,0.0,0.0,0.0,0.0,0.0,0.0,0.0,0.0,0.0,0.0
t1158,0.0,0.0,0.0,0.0,0.0,0.0,0.0,0.0,0.0,0.0,0.0,0.0,0.0,0.0,0.0,0.0,0.0,0.0
t1159,0.0,0.0,0.0,0.0,0.0,0.0,0.0,0.0,0.0,0.0,0.0,0.0,0.0,0.0,0.0,0.0,0.0,0.0
t1160,0.0,92.30769225,0.0,0.0,0.0,0.0,0.0,0.0,0.0,0.0,0.0,0.0,0.0,0.0,0.0,0.0,0.0,92.30769225
t1161,972.1875000000001,0.0,280.41751354245815,0.0,0.0,927.501906149797,0.0,255.5219272012279,0.0,0.0,0.0,0.0,0.0,0.0,0.0,0.0,0.0,2435.628846893483
t1162,0.0,31.25283674233597,1296.0000000000002,0.0,0.0,3969.7407882205225,572.4063833899997,109.50246162133048,0.0,0.0,0.0,0.0,0.0,0.0,0.0,0.0,0.0,5978.902469974189
t1163,0.0,0.0,0.0,0.0,714.9372631275768,4907.032206971814,778.4263566499998,1559.9999999999998,0.0,0.0,0.0,0.0,0.0,0.0,0.0,0.0,0.0,7960.39582674939
t1164,972.1875000000001,92.30769225,1296.0000000000002,0.0,1224.0562133304186,5221.571636280224,572.2650230539988,1532.5152108118825,0.0,0.0,0.0,0.0,0.0,0.0,0.0,0.0,0.0,10910.903275726523
t1165,210.35370482026113,0.0,1296.0000000000002,0.0,2218.6577483725887,6701.65841473381,1275.80838375,1559.9999999999998,0.0,0.0,0.0,0.0,0.0,0.0,0.0,0.0,0.0,13262.478251676659
t1166,972.1875000000001,92.30769225,1296.0000000000002,0.0,2903.8457183418245,4492.728324444105,1275.80838375,1559.9999999999998,0.0,0.0,0.0,0.0,0.0,0.0,0.0,0.0,0.0,12592.877618785931
t1167,972.1875000000001,81.02761286999998,0.0,0.0,1393.408299688972,2957.0577677319857,904.5676268811535,0.0,0.0,0.0,0.0,0.0,0.0,0.0,0.0,0.0,0.0,6308.248807172111
t1168,0.0,0.0,0.0,0.0,28.053182368048148,0.0,0.0,0.0,0.0,0.0,0.0,0.0,0.0,0.0,0.0,0.0,0.0,28.053182368048148
t1169,0.0,0.0,0.0,0.0,0.0,0.0,0.0,0.0,0.0,0.0,0.0,0.0,0.0,0.0,0.0,0.0,0.0,0.0
t1170,0.0,0.0,0.0,0.0,0.0,0.0,0.0,0.0,0.0,0.0,0.0,0.0,0.0,0.0,0.0,0.0,0.0,0.0
t1171,0.0,0.0,0.0,0.0,0.0,0.0,0.0,0.0,0.0,0.0,0.0,0.0,0.0,0.0,0.0,0.0,0.0,0.0
t1172,0.0,0.0,0.0,0.0,0.0,0.0,0.0,0.0,0.0,0.0,0.0,0.0,0.0,0.0,0.0,0.0,0.0,0.0
t1173,0.0,0.0,0.0,0.0,0.0,0.0,0.0,0.0,0.0,0.0,0.0,0.0,0.0,0.0,0.0,0.0,0.0,0.0
t1174,0.0,0.0,0.0,0.0,0.0,0.0,0.0,0.0,0.0,0.0,0.0,0.0,0.0,0.0,0.0,0.0,0.0,0.0
t1175,0.0,0.0,0.0,0.0,0.0,0.0,0.0,0.0,0.0,0.0,0.0,0.0,0.0,0.0,0.0,0.0,0.0,0.0
t1176,0.0,0.0,0.0,0.0,0.0,0.0,0.0,0.0,0.0,0.0,0.0,0.0,0.0,0.0,0.0,0.0,0.0,0.0
t1177,0.0,0.0,0.0,0.0,0.0,0.0,0.0,0.0,0.0,0.0,0.0,0.0,0.0,0.0,0.0,0.0,0.0,0.0
t1178,0.0,0.0,0.0,0.0,0.0,0.0,0.0,0.0,0.0,0.0,0.0,0.0,0.0,0.0,0.0,0.0,0.0,0.0
t1179,0.0,0.0,0.0,0.0,0.0,0.0,0.0,0.0,0.0,0.0,0.0,0.0,0.0,0.0,0.0,0.0,0.0,0.0
t1180,0.0,0.0,0.0,0.0,0.0,0.0,0.0,0.0,0.0,0.0,0.0,0.0,0.0,0.0,0.0,0.0,0.0,0.0
t1181,0.0,0.0,0.0,0.0,0.0,0.0,0.0,0.0,0.0,0.0,0.0,0.0,0.0,0.0,0.0,0.0,0.0,0.0
t1182,0.0,0.0,0.0,0.0,0.0,0.0,0.0,0.0,0.0,0.0,0.0,0.0,0.0,0.0,0.0,0.0,0.0,0.0
t1183,0.0,0.0,0.0,0.0,0.0,0.0,0.0,0.0,0.0,0.0,0.0,0.0,0.0,0.0,0.0,0.0,0.0,0.0
t1184,0.0,0.0,0.0,0.0,0.0,0.0,0.0,0.0,0.0,0.0,0.0,0.0,0.0,0.0,0.0,0.0,0.0,0.0
t1185,972.1875000000001,0.0,0.0,0.0,0.0,0.0,77.50096745000002,1108.9231231993406,0.0,0.0,0.0,0.0,0.0,0.0,0.0,0.0,0.0,2158.6115906493405
t1186,287.4581560732133,0.0,0.0,0.0,2039.280852146872,2512.7434578775824,556.72908045,1559.9999999999998,0.0,0.0,0.0,0.0,0.0,0.0,0.0,0.0,0.0,6956.211546547667
t1187,972.1875000000001,92.30769225,0.0,0.0,203.3095072695299,3789.5349816546545,626.3852518351518,1559.9999999999998,0.0,0.0,0.0,0.0,0.0,0.0,0.0,0.0,0.0,7243.724933009336
t1188,0.0,92.30769225,0.0,0.0,1429.4654129212997,5345.385814890178,1126.1303481699997,1366.8101584229787,0.0,0.0,0.0,0.0,0.0,0.0,0.0,0.0,0.0,9360.099426654457
t1189,972.1875000000001,0.0,0.0,0.0,3535.9999999999995,5891.797260045823,1251.49014095,0.0,0.0,0.0,0.0,0.0,0.0,0.0,0.0,0.0,0.0,11651.474900995823
t1190,0.0,0.0,0.0,0.0,3535.9999999999995,5038.442869822695,948.8253143400001,981.8063180121209,0.0,0.0,0.0,0.0,0.0,0.0,0.0,0.0,0.0,10505.074502174815
t1191,0.0,92.30769225,0.0,0.0,928.7229267849714,1670.5411498203991,792.2210542800001,0.0,0.0,0.0,0.0,0.0,0.0,0.0,0.0,0.0,0.0,3483.792823135371
t1192,0.0,0.0,0.0,0.0,3236.311060048725,0.0,0.0,0.0,0.0,0.0,0.0,0.0,0.0,0.0,0.0,0.0,0.0,3236.311060048725
t1193,0.0,0.0,0.0,0.0,0.0,0.0,0.0,0.0,0.0,0.0,0.0,0.0,0.0,0.0,0.0,0.0,0.0,0.0
t1194,0.0,0.0,0.0,0.0,0.0,0.0,0.0,0.0,0.0,0.0,0.0,0.0,0.0,0.0,0.0,0.0,0.0,0.0
t1195,0.0,0.0,0.0,0.0,0.0,0.0,0.0,0.0,0.0,0.0,0.0,0.0,0.0,0.0,0.0,0.0,0.0,0.0
t1196,0.0,0.0,0.0,0.0,0.0,0.0,0.0,0.0,0.0,0.0,0.0,0.0,0.0,0.0,0.0,0.0,0.0,0.0
t1197,0.0,0.0,0.0,0.0,0.0,0.0,0.0,0.0,0.0,0.0,0.0,0.0,0.0,0.0,0.0,0.0,0.0,0.0
t1198,0.0,0.0,0.0,0.0,0.0,0.0,0.0,0.0,0.0,0.0,0.0,0.0,0.0,0.0,0.0,0.0,0.0,0.0
t1199,0.0,0.0,0.0,0.0,0.0,0.0,0.0,0.0,0.0,0.0,0.0,0.0,0.0,0.0,0.0,0.0,0.0,0.0
t1200,0.0,0.0,0.0,0.0,0.0,0.0,0.0,0.0,0.0,0.0,0.0,0.0,0.0,0.0,0.0,0.0,0.0,0.0
t1201,0.0,0.0,0.0,0.0,0.0,0.0,0.0,0.0,0.0,0.0,0.0,0.0,0.0,0.0,0.0,0.0,0.0,0.0
t1202,0.0,0.0,0.0,0.0,0.0,0.0,0.0,0.0,0.0,0.0,0.0,0.0,0.0,0.0,0.0,0.0,0.0,0.0
t1203,0.0,0.0,0.0,0.0,0.0,0.0,0.0,0.0,0.0,0.0,0.0,0.0,0.0,0.0,0.0,0.0,0.0,0.0
t1204,0.0,0.0,0.0,0.0,0.0,0.0,0.0,0.0,0.0,0.0,0.0,0.0,0.0,0.0,0.0,0.0,0.0,0.0
t1205,0.0,0.0,0.0,0.0,0.0,0.0,0.0,0.0,0.0,0.0,0.0,0.0,0.0,0.0,0.0,0.0,0.0,0.0
t1206,0.0,0.0,0.0,0.0,0.0,0.0,0.0,0.0,0.0,0.0,0.0,0.0,0.0,0.0,0.0,0.0,0.0,0.0
t1207,0.0,0.0,0.0,0.0,0.0,0.0,0.0,0.0,0.0,0.0,0.0,0.0,0.0,0.0,0.0,0.0,0.0,0.0
t1208,0.0,0.0,0.0,0.0,0.0,0.0,0.0,0.0,0.0,0.0,0.0,0.0,0.0,0.0,0.0,0.0,0.0,0.0
t1209,41.6123483926179,0.0,0.0,0.0,0.0,0.0,0.0,0.0,0.0,0.0,0.0,0.0,0.0,0.0,0.0,0.0,0.0,41.6123483926179
t1210,424.67929220135164,40.48570675381279,0.0,0.0,1075.6574878291408,1511.0304346768194,932.4016460451523,1473.973708731129,0.0,0.0,0.0,0.0,0.0,0.0,0.0,0.0,0.0,5458.228276237405
t1211,624.6746615231162,92.30769225,0.0,0.0,2803.6436665710908,3316.635692493431,1275.80838375,1399.0253089842479,0.0,0.0,0.0,0.0,0.0,0.0,0.0,0.0,0.0,9512.095405571887
t1212,972.1875000000001,92.30769225,0.0,0.0,3535.9999999999995,3190.7873484870292,1275.80838375,1028.0863325869082,0.0,0.0,0.0,0.0,0.0,0.0,0.0,0.0,0.0,10095.177257073938
t1213,409.74730410388133,92.30769225,0.0,0.0,3535.9999999999995,1929.9308463751026,902.0263675,782.3739120880435,0.0,0.0,0.0,0.0,0.0,0.0,0.0,0.0,0.0,7652.386122317027
t1214,400.44541045366884,0.0,0.0,0.0,2172.603086229197,1434.6164148010594,993.23737643,0.0,0.0,0.0,0.0,0.0,0.0,0.0,0.0,0.0,0.0,5000.902287913925
t1215,0.0,0.0,0.0,0.0,0.0,0.0,0.0,0.0,0.0,0.0,0.0,0.0,0.0,0.0,0.0,0.0,0.0,0.0
t1216,0.0,0.0,0.0,0.0,0.0,0.0,0.0,0.0,0.0,0.0,0.0,0.0,0.0,0.0,0.0,0.0,0.0,0.0
t1217,0.0,0.0,0.0,0.0,0.0,0.0,0.0,0.0,0.0,0.0,0.0,0.0,0.0,0.0,0.0,0.0,0.0,0.0
t1218,0.0,0.0,0.0,0.0,0.0,0.0,0.0,0.0,0.0,0.0,0.0,0.0,0.0,0.0,0.0,0.0,0.0,0.0
t1219,0.0,0.0,0.0,0.0,0.0,0.0,0.0,0.0,0.0,0.0,0.0,0.0,0.0,0.0,0.0,0.0,0.0,0.0
t1220,0.0,0.0,0.0,0.0,0.0,0.0,0.0,0.0,0.0,0.0,0.0,0.0,0.0,0.0,0.0,0.0,0.0,0.0
t1221,0.0,0.0,0.0,0.0,0.0,0.0,0.0,0.0,0.0,0.0,0.0,0.0,0.0,0.0,0.0,0.0,0.0,0.0
t1222,0.0,0.0,0.0,0.0,0.0,0.0,0.0,0.0,0.0,0.0,0.0,0.0,0.0,0.0,0.0,0.0,0.0,0.0
t1223,0.0,0.0,0.0,0.0,0.0,0.0,0.0,0.0,0.0,0.0,0.0,0.0,0.0,0.0,0.0,0.0,0.0,0.0
t1224,0.0,0.0,0.0,0.0,0.0,0.0,0.0,0.0,0.0,0.0,0.0,0.0,0.0,0.0,0.0,0.0,0.0,0.0
t1225,0.0,0.0,0.0,0.0,0.0,0.0,0.0,0.0,0.0,0.0,0.0,0.0,0.0,0.0,0.0,0.0,0.0,0.0
t1226,0.0,0.0,0.0,0.0,0.0,0.0,0.0,0.0,0.0,0.0,0.0,0.0,0.0,0.0,0.0,0.0,0.0,0.0
t1227,0.0,0.0,0.0,0.0,0.0,0.0,0.0,0.0,0.0,0.0,0.0,0.0,0.0,0.0,0.0,0.0,0.0,0.0
t1228,0.0,0.0,0.0,0.0,0.0,0.0,0.0,0.0,0.0,0.0,0.0,0.0,0.0,0.0,0.0,0.0,0.0,0.0
t1229,0.0,0.0,0.0,0.0,0.0,0.0,0.0,0.0,0.0,0.0,0.0,0.0,0.0,0.0,0.0,0.0,0.0,0.0
t1230,0.0,0.0,0.0,0.0,0.0,0.0,0.0,0.0,0.0,0.0,0.0,0.0,0.0,0.0,0.0,0.0,0.0,0.0
t1231,0.0,0.0,0.0,0.0,0.0,0.0,0.0,0.0,0.0,0.0,0.0,0.0,0.0,0.0,0.0,0.0,0.0,0.0
t1232,972.1875000000001,0.0,0.0,0.0,0.0,0.0,0.0,112.64743938347088,0.0,0.0,0.0,0.0,0.0,0.0,0.0,0.0,0.0,1084.834939383471
t1233,210.35370482026113,92.30769225,0.0,0.0,0.0,0.0,0.0,1048.7371559765832,0.0,0.0,0.0,0.0,0.0,0.0,0.0,0.0,0.0,1351.3985530468444
t1234,972.1875000000001,92.30769225,0.0,0.0,1587.2227021303418,983.5929150489985,0.0,1201.8093930701598,0.0,0.0,0.0,0.0,0.0,0.0,0.0,0.0,0.0,4837.1202024995
t1235,972.1875000000001,0.0,0.0,0.0,536.8601699722444,3795.447476182247,896.9129332800001,775.0328750432209,0.0,0.0,0.0,0.0,0.0,0.0,0.0,0.0,0.0,6976.440954477713
t1236,0.0,0.0,0.0,0.0,3535.9999999999995,4883.637421043842,946.6991914199998,134.08043026371826,0.0,0.0,0.0,0.0,0.0,0.0,0.0,0.0,0.0,9500.41704272756
t1237,972.1875000000001,0.0,0.0,0.0,946.3562146896168,5160.990813082132,1275.80838375,0.0,0.0,0.0,0.0,0.0,0.0,0.0,0.0,0.0,0.0,8355.34291152175
t1238,0.0,0.0,0.0,0.0,2273.1409435856785,0.0,1275.80838375,0.0,0.0,0.0,0.0,0.0,0.0,0.0,0.0,0.0,0.0,3548.9493273356784
t1239,0.0,0.0,0.0,0.0,2925.6002330352258,0.0,693.3673706000001,0.0,0.0,0.0,0.0,0.0,0.0,0.0,0.0,0.0,0.0,3618.9676036352257
t1240,0.0,0.0,0.0,0.0,3103.909495758288,0.0,290.68589467515176,0.0,0.0,0.0,0.0,0.0,0.0,0.0,0.0,0.0,0.0,3394.5953904334397
t1241,0.0,0.0,0.0,0.0,0.0,0.0,0.0,0.0,0.0,0.0,0.0,0.0,0.0,0.0,0.0,0.0,0.0,0.0
t1242,0.0,0.0,0.0,0.0,0.0,0.0,0.0,0.0,0.0,0.0,0.0,0.0,0.0,0.0,0.0,0.0,0.0,0.0
t1243,0.0,0.0,0.0,0.0,0.0,0.0,0.0,0.0,0.0,0.0,0.0,0.0,0.0,0.0,0.0,0.0,0.0,0.0
t1244,0.0,0.0,0.0,0.0,0.0,0.0,0.0,0.0,0.0,0.0,0.0,0.0,0.0,0.0,0.0,0.0,0.0,0.0
t1245,0.0,0.0,0.0,0.0,0.0,0.0,0.0,0.0,0.0,0.0,0.0,0.0,0.0,0.0,0.0,0.0,0.0,0.0
t1246,0.0,0.0,0.0,0.0,0.0,0.0,0.0,0.0,0.0,0.0,0.0,0.0,0.0,0.0,0.0,0.0,0.0,0.0
t1247,0.0,0.0,0.0,0.0,0.0,0.0,0.0,0.0,0.0,0.0,0.0,0.0,0.0,0.0,0.0,0.0,0.0,0.0
t1248,0.0,0.0,0.0,0.0,0.0,0.0,0.0,0.0,0.0,0.0,0.0,0.0,0.0,0.0,0.0,0.0,0.0,0.0
t1249,0.0,0.0,0.0,0.0,0.0,0.0,0.0,0.0,0.0,0.0,0.0,0.0,0.0,0.0,0.0,0.0,0.0,0.0
t1250,0.0,0.0,0.0,0.0,0.0,0.0,0.0,0.0,0.0,0.0,0.0,0.0,0.0,0.0,0.0,0.0,0.0,0.0
t1251,0.0,0.0,0.0,0.0,0.0,0.0,0.0,0.0,0.0,0.0,0.0,0.0,0.0,0.0,0.0,0.0,0.0,0.0
t1252,0.0,0.0,0.0,0.0,0.0,0.0,0.0,0.0,0.0,0.0,0.0,0.0,0.0,0.0,0.0,0.0,0.0,0.0
t1253,0.0,0.0,0.0,0.0,0.0,0.0,0.0,0.0,0.0,0.0,0.0,0.0,0.0,0.0,0.0,0.0,0.0,0.0
t1254,0.0,0.0,0.0,0.0,0.0,0.0,0.0,0.0,0.0,0.0,0.0,0.0,0.0,0.0,0.0,0.0,0.0,0.0
t1255,0.0,0.0,0.0,0.0,0.0,307.69388560397346,620.972091605152,0.0,0.0,0.0,0.0,0.0,0.0,0.0,0.0,0.0,0.0,928.6659772091255
t1256,972.1875000000001,0.0,0.0,0.0,0.0,3079.5194867200003,147.48395992000064,502.65522050355924,0.0,0.0,0.0,0.0,0.0,0.0,0.0,0.0,0.0,4701.846167143561
t1257,972.1875000000001,0.0,0.0,0.0,0.0,0.0,0.0,1559.9999999999998,0.0,0.0,0.0,0.0,0.0,0.0,0.0,0.0,0.0,2532.1875
t1258,972.1875000000001,0.0,0.0,0.0,998.6136669038552,5993.103069519786,783.4009546999996,1559.9999999999998,0.0,0.0,0.0,0.0,0.0,0.0,0.0,0.0,0.0,10307.30519112364
t1259,972.1875000000001,0.0,0.0,0.0,2834.693503591362,1796.267745469831,0.0,1559.9999999999998,0.0,0.0,0.0,0.0,0.0,0.0,0.0,0.0,0.0,7163.148749061193
t1260,210.35370482026113,0.0,0.0,0.0,2654.6892640587203,6920.0,0.0,1394.8843791308816,0.0,0.0,0.0,0.0,0.0,0.0,0.0,0.0,0.0,11179.927348009862
t1261,0.0,0.0,0.0,0.0,1798.0204494595014,732.5704232845089,1275.80838375,0.0,0.0,0.0,0.0,0.0,0.0,0.0,0.0,0.0,0.0,3806.39925649401
t1262,0.0,0.0,0.0,0.0,0.0,6920.0,0.0,0.0,0.0,0.0,0.0,0.0,0.0,0.0,0.0,0.0,0.0,6920.0
t1263,0.0,0.0,0.0,0.0,0.0,1049.26940666918,1275.80838375,0.0,0.0,0.0,0.0,0.0,0.0,0.0,0.0,0.0,0.0,2325.07779041918
t1264,0.0,0.0,0.0,0.0,0.0,2378.867027264986,1275.80838375,0.0,0.0,0.0,0.0,0.0,0.0,0.0,0.0,0.0,0.0,3654.675411014986
t1265,0.0,0.0,0.0,0.0,0.0,0.0,0.0,0.0,0.0,0.0,0.0,0.0,0.0,0.0,0.0,0.0,0.0,0.0
t1266,0.0,0.0,0.0,0.0,0.0,0.0,0.0,0.0,0.0,0.0,0.0,0.0,0.0,0.0,0.0,0.0,0.0,0.0
t1267,0.0,0.0,0.0,0.0,0.0,0.0,0.0,0.0,0.0,0.0,0.0,0.0,0.0,0.0,0.0,0.0,0.0,0.0
t1268,0.0,0.0,0.0,0.0,0.0,0.0,0.0,0.0,0.0,0.0,0.0,0.0,0.0,0.0,0.0,0.0,0.0,0.0
t1269,0.0,0.0,0.0,0.0,0.0,0.0,0.0,0.0,0.0,0.0,0.0,0.0,0.0,0.0,0.0,0.0,0.0,0.0
t1270,0.0,0.0,0.0,0.0,0.0,0.0,0.0,0.0,0.0,0.0,0.0,0.0,0.0,0.0,0.0,0.0,0.0,0.0
t1271,0.0,0.0,0.0,0.0,0.0,0.0,0.0,0.0,0.0,0.0,0.0,0.0,0.0,0.0,0.0,0.0,0.0,0.0
t1272,0.0,0.0,0.0,0.0,0.0,0.0,0.0,0.0,0.0,0.0,0.0,0.0,0.0,0.0,0.0,0.0,0.0,0.0
t1273,0.0,0.0,0.0,0.0,0.0,0.0,0.0,0.0,0.0,0.0,0.0,0.0,0.0,0.0,0.0,0.0,0.0,0.0
t1274,0.0,0.0,0.0,0.0,0.0,0.0,0.0,0.0,0.0,0.0,0.0,0.0,0.0,0.0,0.0,0.0,0.0,0.0
t1275,0.0,0.0,0.0,0.0,0.0,0.0,0.0,0.0,0.0,0.0,0.0,0.0,0.0,0.0,0.0,0.0,0.0,0.0
t1276,0.0,0.0,0.0,0.0,0.0,0.0,0.0,0.0,0.0,0.0,0.0,0.0,0.0,0.0,0.0,0.0,0.0,0.0
t1277,0.0,0.0,0.0,0.0,0.0,0.0,0.0,0.0,0.0,0.0,0.0,0.0,0.0,0.0,0.0,0.0,0.0,0.0
t1278,0.0,0.0,0.0,0.0,0.0,0.0,0.0,0.0,0.0,0.0,0.0,0.0,0.0,0.0,0.0,0.0,0.0,0.0
t1279,0.0,0.0,0.0,0.0,0.0,0.0,780.8023795799996,0.0,0.0,0.0,0.0,0.0,0.0,0.0,0.0,0.0,0.0,780.8023795799996
t1280,0.0,0.0,0.0,0.0,0.0,0.0,0.0,1353.6171462863433,0.0,0.0,0.0,0.0,0.0,0.0,0.0,0.0,0.0,1353.6171462863433
t1281,972.1875000000001,0.0,0.0,0.0,0.0,3836.5066801297894,379.11069163,1559.9999999999998,0.0,0.0,0.0,0.0,0.0,0.0,0.0,0.0,0.0,6747.80487175979
t1282,721.4323452898936,0.0,0.0,0.0,0.0,6755.598780472965,0.0,1559.9999999999998,0.0,0.0,0.0,0.0,0.0,0.0,0.0,0.0,0.0,9037.031125762858
t1283,972.1875000000001,0.0,0.0,0.0,1676.6742410524287,6920.0,0.0,1559.9999999999998,0.0,0.0,0.0,0.0,0.0,0.0,0.0,0.0,0.0,11128.86174105243
t1284,972.1875000000001,0.0,0.0,0.0,2255.910936987668,0.0,0.0,543.9224533480976,0.0,0.0,0.0,0.0,0.0,0.0,0.0,0.0,0.0,3772.020890335765
t1285,461.10885953036734,0.0,0.0,0.0,2802.757840468822,5262.157531362828,391.9439350151525,0.0,0.0,0.0,0.0,0.0,0.0,0.0,0.0,0.0,0.0,8917.968166377172
t1286,0.0,0.0,0.0,0.0,819.4041914150558,0.0,1275.80838375,0.0,0.0,0.0,0.0,0.0,0.0,0.0,0.0,0.0,0.0,2095.212575165056
t1287,0.0,0.0,0.0,0.0,0.0,2980.4193440229265,1275.80838375,0.0,0.0,0.0,0.0,0.0,0.0,0.0,0.0,0.0,0.0,4256.227727772926
t1288,0.0,0.0,0.0,0.0,0.0,0.0,1275.80838375,0.0,0.0,0.0,0.0,0.0,0.0,0.0,0.0,0.0,0.0,1275.80838375
t1289,0.0,0.0,0.0,0.0,0.0,0.0,0.0,0.0,0.0,0.0,0.0,0.0,0.0,0.0,0.0,0.0,0.0,0.0
t1290,0.0,0.0,0.0,0.0,0.0,0.0,0.0,0.0,0.0,0.0,0.0,0.0,0.0,0.0,0.0,0.0,0.0,0.0
t1291,0.0,0.0,0.0,0.0,0.0,0.0,0.0,0.0,0.0,0.0,0.0,0.0,0.0,0.0,0.0,0.0,0.0,0.0
t1292,0.0,0.0,0.0,0.0,0.0,0.0,0.0,0.0,0.0,0.0,0.0,0.0,0.0,0.0,0.0,0.0,0.0,0.0
t1293,0.0,0.0,0.0,0.0,0.0,0.0,0.0,0.0,0.0,0.0,0.0,0.0,0.0,0.0,0.0,0.0,0.0,0.0
t1294,0.0,0.0,0.0,0.0,0.0,0.0,0.0,0.0,0.0,0.0,0.0,0.0,0.0,0.0,0.0,0.0,0.0,0.0
t1295,0.0,0.0,0.0,0.0,0.0,0.0,0.0,0.0,0.0,0.0,0.0,0.0,0.0,0.0,0.0,0.0,0.0,0.0
t1296,0.0,0.0,0.0,0.0,0.0,0.0,0.0,0.0,0.0,0.0,0.0,0.0,0.0,0.0,0.0,0.0,0.0,0.0
t1297,0.0,0.0,0.0,0.0,0.0,0.0,0.0,0.0,0.0,0.0,0.0,0.0,0.0,0.0,0.0,0.0,0.0,0.0
t1298,0.0,0.0,0.0,0.0,0.0,0.0,0.0,0.0,0.0,0.0,0.0,0.0,0.0,0.0,0.0,0.0,0.0,0.0
t1299,0.0,0.0,0.0,0.0,0.0,0.0,0.0,0.0,0.0,0.0,0.0,0.0,0.0,0.0,0.0,0.0,0.0,0.0
t1300,0.0,0.0,0.0,0.0,0.0,0.0,0.0,0.0,0.0,0.0,0.0,0.0,0.0,0.0,0.0,0.0,0.0,0.0
t1301,0.0,0.0,0.0,0.0,0.0,0.0,0.0,0.0,0.0,0.0,0.0,0.0,0.0,0.0,0.0,0.0,0.0,0.0
t1302,0.0,0.0,0.0,0.0,0.0,0.0,0.0,0.0,0.0,0.0,0.0,0.0,0.0,0.0,0.0,0.0,0.0,0.0
t1303,0.0,0.0,0.0,0.0,0.0,3025.1512798072135,0.0,0.0,0.0,0.0,0.0,0.0,0.0,0.0,0.0,0.0,0.0,3025.1512798072135
t1304,0.0,0.0,0.0,0.0,0.0,0.0,420.43580841172025,0.0,0.0,0.0,0.0,0.0,0.0,0.0,0.0,0.0,0.0,420.43580841172025
t1305,972.1875000000001,0.0,0.0,0.0,0.0,0.0,179.32173600000013,1559.9999999999998,0.0,0.0,0.0,0.0,0.0,0.0,0.0,0.0,0.0,2711.509236
t1306,786.0836957569235,0.0,0.0,0.0,685.1980064052985,0.0,455.3922550155762,853.701107945952,0.0,0.0,0.0,0.0,0.0,0.0,0.0,0.0,0.0,2780.37506512375
t1307,972.1875000000001,0.0,0.0,0.0,3535.9999999999995,2113.4057577599983,261.76770151999995,735.9250311928114,0.0,0.0,0.0,0.0,0.0,0.0,0.0,0.0,0.0,7619.285990472809
t1308,565.8538361335903,0.0,0.0,0.0,3535.9999999999995,2174.9615167999978,153.15858888000022,0.0,0.0,0.0,0.0,0.0,0.0,0.0,0.0,0.0,0.0,6429.973941813587
t1309,0.0,0.0,0.0,0.0,3535.9999999999995,613.0915255954326,876.6733418678556,0.0,0.0,0.0,0.0,0.0,0.0,0.0,0.0,0.0,0.0,5025.764867463288
t1310,613.3217420522759,0.0,0.0,0.0,1108.1806041867533,0.0,1275.80838375,0.0,0.0,0.0,0.0,0.0,0.0,0.0,0.0,0.0,0.0,2997.310729989029
t1311,189.46943087747164,0.0,0.0,0.0,2507.711148579345,0.0,480.91595828,0.0,0.0,0.0,0.0,0.0,0.0,0.0,0.0,0.0,0.0,3178.096537736816
t1312,0.0,0.0,0.0,0.0,0.0,0.0,1275.80838375,0.0,0.0,0.0,0.0,0.0,0.0,0.0,0.0,0.0,0.0,1275.80838375
t1313,0.0,0.0,0.0,0.0,0.0,0.0,0.0,0.0,0.0,0.0,0.0,0.0,0.0,0.0,0.0,0.0,0.0,0.0
t1314,0.0,0.0,0.0,0.0,0.0,0.0,0.0,0.0,0.0,0.0,0.0,0.0,0.0,0.0,0.0,0.0,0.0,0.0
t1315,0.0,0.0,0.0,0.0,0.0,0.0,0.0,0.0,0.0,0.0,0.0,0.0,0.0,0.0,0.0,0.0,0.0,0.0
t1316,0.0,0.0,0.0,0.0,0.0,0.0,0.0,0.0,0.0,0.0,0.0,0.0,0.0,0.0,0.0,0.0,0.0,0.0
t1317,0.0,0.0,0.0,0.0,0.0,0.0,0.0,0.0,0.0,0.0,0.0,0.0,0.0,0.0,0.0,0.0,0.0,0.0
t1318,0.0,0.0,0.0,0.0,0.0,0.0,0.0,0.0,0.0,0.0,0.0,0.0,0.0,0.0,0.0,0.0,0.0,0.0
t1319,0.0,0.0,0.0,0.0,0.0,0.0,0.0,0.0,0.0,0.0,0.0,0.0,0.0,0.0,0.0,0.0,0.0,0.0
t1320,0.0,0.0,0.0,0.0,0.0,0.0,0.0,0.0,0.0,0.0,0.0,0.0,0.0,0.0,0.0,0.0,0.0,0.0
t1321,0.0,0.0,0.0,0.0,0.0,0.0,0.0,0.0,0.0,0.0,0.0,0.0,0.0,0.0,0.0,0.0,0.0,0.0
t1322,0.0,0.0,0.0,0.0,0.0,0.0,0.0,0.0,0.0,0.0,0.0,0.0,0.0,0.0,0.0,0.0,0.0,0.0
t1323,0.0,0.0,0.0,0.0,0.0,0.0,0.0,0.0,0.0,0.0,0.0,0.0,0.0,0.0,0.0,0.0,0.0,0.0
t1324,0.0,0.0,0.0,0.0,0.0,0.0,0.0,0.0,0.0,0.0,0.0,0.0,0.0,0.0,0.0,0.0,0.0,0.0
t1325,0.0,0.0,0.0,0.0,0.0,0.0,0.0,0.0,0.0,0.0,0.0,0.0,0.0,0.0,0.0,0.0,0.0,0.0
t1326,0.0,0.0,0.0,0.0,0.0,0.0,0.0,0.0,0.0,0.0,0.0,0.0,0.0,0.0,0.0,0.0,0.0,0.0
t1327,0.0,0.0,0.0,0.0,0.0,0.0,0.0,0.0,0.0,0.0,0.0,0.0,0.0,0.0,0.0,0.0,0.0,0.0
t1328,0.0,0.0,0.0,0.0,0.0,0.0,0.0,1277.5954746594794,0.0,0.0,0.0,0.0,0.0,0.0,0.0,0.0,0.0,1277.5954746594794
t1329,972.1875000000001,0.0,0.0,0.0,374.5096111740211,0.0,0.0,833.903639639531,0.0,0.0,0.0,0.0,0.0,0.0,0.0,0.0,0.0,2180.600750813552
t1330,0.0,0.0,0.0,0.0,1899.0555267944972,1132.1816839918858,0.0,744.6253178309819,0.0,0.0,0.0,0.0,0.0,0.0,0.0,0.0,0.0,3775.8625286173647
t1331,0.0,0.0,0.0,0.0,2919.492744113482,0.0,0.0,0.0,0.0,0.0,0.0,0.0,0.0,0.0,0.0,0.0,0.0,2919.492744113482
t1332,972.1875000000001,0.0,0.0,0.0,3535.9999999999995,4297.601032431244,1275.80838375,403.0615006854595,0.0,0.0,0.0,0.0,0.0,0.0,0.0,0.0,0.0,10484.658416866703
t1333,459.796637698626,0.0,0.0,0.0,3464.104597924109,6920.0,1275.80838375,0.0,0.0,0.0,0.0,0.0,0.0,0.0,0.0,0.0,0.0,12119.709619372736
t1334,972.1875000000001,0.0,0.0,0.0,2139.421429564396,928.9376434803447,0.0,0.0,0.0,0.0,0.0,0.0,0.0,0.0,0.0,0.0,0.0,4040.546573044741
t1335,722.7445671216349,0.0,0.0,0.0,576.5058496008934,0.0,546.9986791062119,0.0,0.0,0.0,0.0,0.0,0.0,0.0,0.0,0.0,0.0,1846.2490958287403
t1336,0.0,0.0,0.0,0.0,0.0,0.0,839.8307649699358,0.0,0.0,0.0,0.0,0.0,0.0,0.0,0.0,0.0,0.0,839.8307649699358
t1337,0.0,0.0,0.0,0.0,0.0,0.0,607.8069257952334,0.0,0.0,0.0,0.0,0.0,0.0,0.0,0.0,0.0,0.0,607.8069257952334
t1338,0.0,0.0,0.0,0.0,0.0,0.0,0.0,0.0,0.0,0.0,0.0,0.0,0.0,0.0,0.0,0.0,0.0,0.0
t1339,0.0,0.0,0.0,0.0,0.0,0.0,0.0,0.0,0.0,0.0,0.0,0.0,0.0,0.0,0.0,0.0,0.0,0.0
t1340,0.0,0.0,0.0,0.0,0.0,0.0,0.0,0.0,0.0,0.0,0.0,0.0,0.0,0.0,0.0,0.0,0.0,0.0
t1341,0.0,0.0,0.0,0.0,0.0,0.0,0.0,0.0,0.0,0.0,0.0,0.0,0.0,0.0,0.0,0.0,0.0,0.0
t1342,0.0,0.0,0.0,0.0,0.0,0.0,0.0,0.0,0.0,0.0,0.0,0.0,0.0,0.0,0.0,0.0,0.0,0.0
t1343,0.0,0.0,0.0,0.0,0.0,0.0,0.0,0.0,0.0,0.0,0.0,0.0,0.0,0.0,0.0,0.0,0.0,0.0
t1344,0.0,0.0,0.0,0.0,0.0,0.0,0.0,0.0,0.0,0.0,0.0,0.0,0.0,0.0,0.0,0.0,0.0,0.0
t1345,0.0,0.0,0.0,0.0,0.0,0.0,0.0,0.0,0.0,0.0,0.0,0.0,0.0,0.0,0.0,0.0,0.0,0.0
t1346,0.0,0.0,0.0,0.0,0.0,0.0,0.0,0.0,0.0,0.0,0.0,0.0,0.0,0.0,0.0,0.0,0.0,0.0
t1347,0.0,0.0,0.0,0.0,0.0,0.0,0.0,0.0,0.0,0.0,0.0,0.0,0.0,0.0,0.0,0.0,0.0,0.0
t1348,0.0,0.0,0.0,0.0,0.0,0.0,0.0,0.0,0.0,0.0,0.0,0.0,0.0,0.0,0.0,0.0,0.0,0.0
t1349,0.0,0.0,0.0,0.0,0.0,0.0,0.0,0.0,0.0,0.0,0.0,0.0,0.0,0.0,0.0,0.0,0.0,0.0
t1350,0.0,0.0,0.0,0.0,0.0,0.0,0.0,0.0,0.0,0.0,0.0,0.0,0.0,0.0,0.0,0.0,0.0,0.0
t1351,0.0,0.0,0.0,0.0,0.0,0.0,0.0,0.0,0.0,0.0,0.0,0.0,0.0,0.0,0.0,0.0,0.0,0.0
t1352,972.1875000000001,19.972757362335923,1296.0000000000002,0.0,0.0,1585.106570849563,225.87573461000022,397.26363007757067,0.0,0.0,0.0,0.0,0.0,0.0,0.0,0.0,0.0,4496.40619289947
t1353,972.1875000000001,92.30769225,0.0,0.0,0.0,3920.2179669723664,198.17425754999985,1034.5367846250374,0.0,0.0,0.0,0.0,0.0,0.0,0.0,0.0,0.0,6217.424201397404
t1354,972.1875000000001,92.30769225,1254.3252723972528,0.0,0.0,6920.0,56.14014755000052,608.9396549253574,0.0,0.0,0.0,0.0,0.0,0.0,0.0,0.0,0.0,9903.900267122612
t1355,171.08404717814213,92.30769225,0.0,0.0,0.0,5930.939237067425,1087.5556875900002,1055.9600855441881,0.0,0.0,0.0,0.0,0.0,0.0,0.0,0.0,0.0,8337.846749629756
t1356,0.0,92.30769225,1296.0000000000002,0.0,969.9947545818708,6253.821252006483,1275.80838375,1559.9999999999998,0.0,0.0,0.0,0.0,0.0,0.0,0.0,0.0,0.0,11447.932082588353
t1357,39.26965764211847,0.0,0.0,0.0,0.0,4567.206017636421,172.02714663035192,1559.9999999999998,0.0,0.0,0.0,0.0,0.0,0.0,0.0,0.0,0.0,6338.502821908892
t1358,972.1875000000001,0.0,1296.0000000000002,0.0,0.0,0.0,1275.80838375,360.83944446228674,0.0,0.0,0.0,0.0,0.0,0.0,0.0,0.0,0.0,3904.8353282122875
t1359,0.0,0.0,322.0922411452056,0.0,0.0,0.0,1087.8924160447998,0.0,0.0,0.0,0.0,0.0,0.0,0.0,0.0,0.0,0.0,1409.9846571900055
t1360,0.0,0.0,0.0,0.0,0.0,0.0,0.0,0.0,0.0,0.0,0.0,0.0,0.0,0.0,0.0,0.0,0.0,0.0
t1361,0.0,0.0,0.0,0.0,0.0,0.0,0.0,0.0,0.0,0.0,0.0,0.0,0.0,0.0,0.0,0.0,0.0,0.0
t1362,0.0,0.0,0.0,0.0,0.0,0.0,0.0,0.0,0.0,0.0,0.0,0.0,0.0,0.0,0.0,0.0,0.0,0.0
t1363,0.0,0.0,0.0,0.0,0.0,0.0,0.0,0.0,0.0,0.0,0.0,0.0,0.0,0.0,0.0,0.0,0.0,0.0
t1364,0.0,0.0,0.0,0.0,0.0,0.0,0.0,0.0,0.0,0.0,0.0,0.0,0.0,0.0,0.0,0.0,0.0,0.0
t1365,0.0,0.0,0.0,0.0,0.0,0.0,0.0,0.0,0.0,0.0,0.0,0.0,0.0,0.0,0.0,0.0,0.0,0.0
t1366,0.0,0.0,0.0,0.0,0.0,0.0,0.0,0.0,0.0,0.0,0.0,0.0,0.0,0.0,0.0,0.0,0.0,0.0
t1367,0.0,0.0,0.0,0.0,0.0,0.0,0.0,0.0,0.0,0.0,0.0,0.0,0.0,0.0,0.0,0.0,0.0,0.0
t1368,0.0,0.0,0.0,0.0,0.0,0.0,0.0,0.0,0.0,0.0,0.0,0.0,0.0,0.0,0.0,0.0,0.0,0.0
t1369,0.0,0.0,0.0,0.0,0.0,0.0,0.0,0.0,0.0,0.0,0.0,0.0,0.0,0.0,0.0,0.0,0.0,0.0
t1370,0.0,0.0,0.0,0.0,0.0,0.0,0.0,0.0,0.0,0.0,0.0,0.0,0.0,0.0,0.0,0.0,0.0,0.0
t1371,0.0,0.0,0.0,0.0,0.0,0.0,0.0,0.0,0.0,0.0,0.0,0.0,0.0,0.0,0.0,0.0,0.0,0.0
t1372,0.0,0.0,0.0,0.0,0.0,0.0,0.0,0.0,0.0,0.0,0.0,0.0,0.0,0.0,0.0,0.0,0.0,0.0
t1373,0.0,0.0,0.0,0.0,0.0,0.0,0.0,0.0,0.0,0.0,0.0,0.0,0.0,0.0,0.0,0.0,0.0,0.0
t1374,0.0,0.0,0.0,0.0,0.0,0.0,0.0,0.0,0.0,0.0,0.0,0.0,0.0,0.0,0.0,0.0,0.0,0.0
t1375,0.0,0.0,0.0,0.0,0.0,0.0,0.0,549.7444060083131,0.0,0.0,0.0,0.0,0.0,0.0,0.0,0.0,0.0,549.7444060083131
t1376,0.0,0.0,0.0,0.0,0.0,2070.6618014006403,296.7916700500006,1559.9999999999998,0.0,0.0,0.0,0.0,0.0,0.0,0.0,0.0,0.0,3927.453471450641
t1377,115.90893707757327,0.0,1296.0000000000002,0.0,0.0,3440.002123439997,607.72940767,0.0,0.0,0.0,0.0,0.0,0.0,0.0,0.0,0.0,0.0,5459.64046818757
t1378,921.8425779837823,25.905736742335908,920.5456071024366,0.0,0.0,5548.100621151242,0.0,1347.7951936261275,0.0,0.0,0.0,0.0,0.0,0.0,0.0,0.0,0.0,8764.189736605924
t1379,144.78968975890567,92.30769225,0.0,0.0,0.0,6920.0,967.1877786709645,0.0,0.0,0.0,0.0,0.0,0.0,0.0,0.0,0.0,0.0,8124.28516067987
t1380,972.1875000000001,92.30769225,0.0,0.0,987.4759092676057,4902.828012422589,1275.80838375,1559.9999999999998,0.0,0.0,0.0,0.0,0.0,0.0,0.0,0.0,0.0,9790.607497690195
t1381,0.0,92.30769225,655.8719064400219,0.0,1172.451290879591,5037.842197871517,1275.80838375,0.0,0.0,0.0,0.0,0.0,0.0,0.0,0.0,0.0,0.0,8234.28147119113
t1382,972.1875000000001,86.37471287000004,1296.0000000000002,0.0,0.0,0.0,841.794468363944,1559.9999999999998,0.0,0.0,0.0,0.0,0.0,0.0,0.0,0.0,0.0,4756.356681233944
t1383,972.1875000000001,0.0,1296.0000000000002,0.0,0.0,1257.8562882462784,114.16206522024393,0.0,0.0,0.0,0.0,0.0,0.0,0.0,0.0,0.0,0.0,3640.205853466523
t1384,0.0,0.0,0.0,0.0,0.0,0.0,0.0,0.0,0.0,0.0,0.0,0.0,0.0,0.0,0.0,0.0,0.0,0.0
t1385,0.0,0.0,0.0,0.0,0.0,0.0,0.0,0.0,0.0,0.0,0.0,0.0,0.0,0.0,0.0,0.0,0.0,0.0
t1386,0.0,0.0,0.0,0.0,0.0,0.0,0.0,0.0,0.0,0.0,0.0,0.0,0.0,0.0,0.0,0.0,0.0,0.0
t1387,0.0,0.0,0.0,0.0,0.0,0.0,0.0,0.0,0.0,0.0,0.0,0.0,0.0,0.0,0.0,0.0,0.0,0.0
t1388,0.0,0.0,0.0,0.0,0.0,0.0,0.0,0.0,0.0,0.0,0.0,0.0,0.0,0.0,0.0,0.0,0.0,0.0
t1389,0.0,0.0,0.0,0.0,0.0,0.0,0.0,0.0,0.0,0.0,0.0,0.0,0.0,0.0,0.0,0.0,0.0,0.0
t1390,0.0,0.0,0.0,0.0,0.0,0.0,0.0,0.0,0.0,0.0,0.0,0.0,0.0,0.0,0.0,0.0,0.0,0.0
t1391,0.0,0.0,0.0,0.0,0.0,0.0,0.0,0.0,0.0,0.0,0.0,0.0,0.0,0.0,0.0,0.0,0.0,0.0
t1392,0.0,0.0,0.0,0.0,0.0,0.0,0.0,0.0,0.0,0.0,0.0,0.0,0.0,0.0,0.0,0.0,0.0,0.0
t1393,0.0,0.0,0.0,0.0,0.0,0.0,0.0,0.0,0.0,0.0,0.0,0.0,0.0,0.0,0.0,0.0,0.0,0.0
t1394,0.0,0.0,0.0,0.0,0.0,0.0,0.0,0.0,0.0,0.0,0.0,0.0,0.0,0.0,0.0,0.0,0.0,0.0
t1395,0.0,0.0,0.0,0.0,0.0,0.0,0.0,0.0,0.0,0.0,0.0,0.0,0.0,0.0,0.0,0.0,0.0,0.0
t1396,0.0,0.0,0.0,0.0,0.0,0.0,0.0,0.0,0.0,0.0,0.0,0.0,0.0,0.0,0.0,0.0,0.0,0.0
t1397,0.0,0.0,0.0,0.0,0.0,0.0,0.0,0.0,0.0,0.0,0.0,0.0,0.0,0.0,0.0,0.0,0.0,0.0
t1398,0.0,0.0,0.0,0.0,0.0,0.0,0.0,0.0,0.0,0.0,0.0,0.0,0.0,0.0,0.0,0.0,0.0,0.0
t1399,0.0,0.0,0.0,0.0,0.0,0.0,0.0,0.0,0.0,0.0,0.0,0.0,0.0,0.0,0.0,0.0,0.0,0.0
t1400,611.1668407016,0.0,0.0,0.0,0.0,4191.139593590835,137.24729440000004,337.5395996344411,0.0,0.0,0.0,0.0,0.0,0.0,0.0,0.0,0.0,5277.093328326877
t1401,972.1875000000001,92.30769225,817.8135723762534,0.0,0.0,4967.424037718731,708.98473462,1559.9999999999998,0.0,0.0,0.0,0.0,0.0,0.0,0.0,0.0,0.0,9118.717536964985
t1402,972.1875000000001,50.132336742335916,1192.3006783471078,0.0,0.0,6351.400285957814,0.0,1559.9999999999998,0.0,0.0,0.0,0.0,0.0,0.0,0.0,0.0,0.0,10126.020801047258
t1403,935.8950228045163,92.30769225,0.0,0.0,0.0,3465.8710089523697,705.624977205152,0.0,0.0,0.0,0.0,0.0,0.0,0.0,0.0,0.0,0.0,5199.698701212039
t1404,357.9014768550855,92.30769225,0.0,0.0,367.67525344331426,4998.068843216215,1275.80838375,1559.9999999999998,0.0,0.0,0.0,0.0,0.0,0.0,0.0,0.0,0.0,8651.761649514614
t1405,249.76536445905967,62.14811287000005,862.3032628190975,0.0,0.0,3275.0250801416846,1275.80838375,1559.9999999999998,0.0,0.0,0.0,0.0,0.0,0.0,0.0,0.0,0.0,7285.050204039841
t1406,0.0,0.0,1296.0000000000002,0.0,0.0,1928.3621949546114,1275.80838375,0.0,0.0,0.0,0.0,0.0,0.0,0.0,0.0,0.0,0.0,4500.170578704611
t1407,0.0,0.0,1296.0000000000002,0.0,0.0,0.0,0.0,0.0,0.0,0.0,0.0,0.0,0.0,0.0,0.0,0.0,0.0,1296.0000000000002
t1408,0.0,0.0,0.0,0.0,0.0,0.0,0.0,0.0,0.0,0.0,0.0,0.0,0.0,0.0,0.0,0.0,0.0,0.0
t1409,0.0,0.0,0.0,0.0,0.0,0.0,0.0,0.0,0.0,0.0,0.0,0.0,0.0,0.0,0.0,0.0,0.0,0.0
t1410,0.0,0.0,0.0,0.0,0.0,0.0,0.0,0.0,0.0,0.0,0.0,0.0,0.0,0.0,0.0,0.0,0.0,0.0
t1411,0.0,0.0,0.0,0.0,0.0,0.0,0.0,0.0,0.0,0.0,0.0,0.0,0.0,0.0,0.0,0.0,0.0,0.0
t1412,0.0,0.0,0.0,0.0,0.0,0.0,0.0,0.0,0.0,0.0,0.0,0.0,0.0,0.0,0.0,0.0,0.0,0.0
t1413,0.0,0.0,0.0,0.0,0.0,0.0,0.0,0.0,0.0,0.0,0.0,0.0,0.0,0.0,0.0,0.0,0.0,0.0
t1414,0.0,0.0,0.0,0.0,0.0,0.0,0.0,0.0,0.0,0.0,0.0,0.0,0.0,0.0,0.0,0.0,0.0,0.0
t1415,0.0,0.0,0.0,0.0,0.0,0.0,0.0,0.0,0.0,0.0,0.0,0.0,0.0,0.0,0.0,0.0,0.0,0.0
t1416,0.0,0.0,0.0,0.0,0.0,0.0,0.0,0.0,0.0,0.0,0.0,0.0,0.0,0.0,0.0,0.0,0.0,0.0
t1417,0.0,0.0,0.0,0.0,0.0,0.0,0.0,0.0,0.0,0.0,0.0,0.0,0.0,0.0,0.0,0.0,0.0,0.0
t1418,0.0,0.0,0.0,0.0,0.0,0.0,0.0,0.0,0.0,0.0,0.0,0.0,0.0,0.0,0.0,0.0,0.0,0.0
t1419,0.0,0.0,0.0,0.0,0.0,0.0,0.0,0.0,0.0,0.0,0.0,0.0,0.0,0.0,0.0,0.0,0.0,0.0
t1420,0.0,0.0,0.0,0.0,0.0,0.0,0.0,0.0,0.0,0.0,0.0,0.0,0.0,0.0,0.0,0.0,0.0,0.0
t1421,0.0,0.0,0.0,0.0,0.0,0.0,0.0,0.0,0.0,0.0,0.0,0.0,0.0,0.0,0.0,0.0,0.0,0.0
t1422,0.0,0.0,0.0,0.0,0.0,0.0,0.0,0.0,0.0,0.0,0.0,0.0,0.0,0.0,0.0,0.0,0.0,0.0
t1423,0.0,0.0,0.0,0.0,0.0,0.0,0.0,0.0,0.0,0.0,0.0,0.0,0.0,0.0,0.0,0.0,0.0,0.0
t1424,800.0675150520043,0.0,0.0,0.0,0.0,2867.8513316925837,1108.84169746,1559.9999999999998,0.0,0.0,0.0,0.0,0.0,0.0,0.0,0.0,0.0,6336.760544204588
t1425,972.1875000000001,92.30769225,816.3915723762527,0.0,0.0,4958.631096608853,443.01530876515216,1559.9999999999998,0.0,0.0,0.0,0.0,0.0,0.0,0.0,0.0,0.0,8842.533170000259
t1426,972.1875000000001,84.37723674233598,1249.537130339674,0.0,0.0,6358.56119376273,0.0,1559.9999999999998,0.0,0.0,0.0,0.0,0.0,0.0,0.0,0.0,0.0,10224.663060844741
t1427,675.85536445906,92.30769225,38.61715365879965,0.0,0.0,4569.349318640197,1275.80838375,1559.9999999999998,0.0,0.0,0.0,0.0,0.0,0.0,0.0,0.0,0.0,8211.937912758056
t1428,0.0,92.30769225,1049.214178354541,0.0,392.74522784792777,6426.8124120657385,0.0,337.53959963444066,0.0,0.0,0.0,0.0,0.0,0.0,0.0,0.0,0.0,8298.619110152647
t1429,0.0,27.903212870000026,776.1894167545408,0.0,0.0,3371.8541986375553,1275.80838375,0.0,0.0,0.0,0.0,0.0,0.0,0.0,0.0,0.0,0.0,5451.755212012096
t1430,678.8058253091973,0.0,1296.0000000000002,0.0,0.0,624.2314931246012,1275.80838375,0.0,0.0,0.0,0.0,0.0,0.0,0.0,0.0,0.0,0.0,3874.8457021837985
t1431,0.0,0.0,238.4680620586508,0.0,0.0,0.0,0.0,0.0,0.0,0.0,0.0,0.0,0.0,0.0,0.0,0.0,0.0,238.4680620586508
t1432,0.0,0.0,0.0,0.0,0.0,0.0,0.0,0.0,0.0,0.0,0.0,0.0,0.0,0.0,0.0,0.0,0.0,0.0
t1433,0.0,0.0,0.0,0.0,0.0,0.0,0.0,0.0,0.0,0.0,0.0,0.0,0.0,0.0,0.0,0.0,0.0,0.0
t1434,0.0,0.0,0.0,0.0,0.0,0.0,0.0,0.0,0.0,0.0,0.0,0.0,0.0,0.0,0.0,0.0,0.0,0.0
t1435,0.0,0.0,0.0,0.0,0.0,0.0,0.0,0.0,0.0,0.0,0.0,0.0,0.0,0.0,0.0,0.0,0.0,0.0
t1436,0.0,0.0,0.0,0.0,0.0,0.0,0.0,0.0,0.0,0.0,0.0,0.0,0.0,0.0,0.0,0.0,0.0,0.0
t1437,0.0,0.0,0.0,0.0,0.0,0.0,0.0,0.0,0.0,0.0,0.0,0.0,0.0,0.0,0.0,0.0,0.0,0.0
t1438,0.0,0.0,0.0,0.0,0.0,0.0,0.0,0.0,0.0,0.0,0.0,0.0,0.0,0.0,0.0,0.0,0.0,0.0
t1439,0.0,0.0,0.0,0.0,0.0,0.0,0.0,0.0,0.0,0.0,0.0,0.0,0.0,0.0,0.0,0.0,0.0,0.0
t1440,0.0,0.0,0.0,0.0,0.0,0.0,0.0,0.0,0.0,0.0,0.0,0.0,0.0,0.0,0.0,0.0,0.0,0.0
t1441,0.0,0.0,0.0,0.0,0.0,0.0,0.0,0.0,0.0,0.0,0.0,0.0,0.0,0.0,0.0,0.0,0.0,0.0
t1442,0.0,0.0,0.0,0.0,0.0,0.0,0.0,0.0,0.0,0.0,0.0,0.0,0.0,0.0,0.0,0.0,0.0,0.0
t1443,0.0,0.0,0.0,0.0,0.0,0.0,0.0,0.0,0.0,0.0,0.0,0.0,0.0,0.0,0.0,0.0,0.0,0.0
t1444,0.0,0.0,0.0,0.0,0.0,0.0,0.0,0.0,0.0,0.0,0.0,0.0,0.0,0.0,0.0,0.0,0.0,0.0
t1445,0.0,0.0,0.0,0.0,0.0,0.0,0.0,0.0,0.0,0.0,0.0,0.0,0.0,0.0,0.0,0.0,0.0,0.0
t1446,0.0,0.0,0.0,0.0,0.0,0.0,0.0,0.0,0.0,0.0,0.0,0.0,0.0,0.0,0.0,0.0,0.0,0.0
t1447,0.0,0.0,0.0,0.0,0.0,0.0,0.0,0.0,0.0,0.0,0.0,0.0,0.0,0.0,0.0,0.0,0.0,0.0
t1448,972.1875000000001,92.30769225,1296.0000000000002,0.0,0.0,83.96553022656803,468.6750927300001,1559.9999999999998,0.0,0.0,0.0,0.0,0.0,0.0,0.0,0.0,0.0,4473.135815206569
t1449,972.1875000000001,92.30769225,1296.0000000000002,0.0,0.0,5389.749640882139,449.1832061596246,1559.9999999999998,0.0,0.0,0.0,0.0,0.0,0.0,0.0,0.0,0.0,9759.428039291764
t1450,249.76194316939475,92.30769225,1296.0000000000002,0.0,0.0,6882.3175143063845,0.0,617.3005948372336,0.0,0.0,0.0,0.0,0.0,0.0,0.0,0.0,0.0,9137.687744563013
t1451,972.1875000000001,19.97275736233589,1296.0000000000002,0.0,0.0,6920.0,633.9987073355276,1559.9999999999998,0.0,0.0,0.0,0.0,0.0,0.0,0.0,0.0,0.0,11402.158964697865
t1452,932.7792616508661,92.30769225,0.0,0.0,0.0,4978.591597078548,1275.80838375,0.0,0.0,0.0,0.0,0.0,0.0,0.0,0.0,0.0,0.0,7279.486934729414
t1453,0.0,0.0,0.0,0.0,0.0,4922.6667620386215,1275.80838375,0.0,0.0,0.0,0.0,0.0,0.0,0.0,0.0,0.0,0.0,6198.475145788621
t1454,0.0,0.0,280.41751354245815,0.0,0.0,0.0,1275.80838375,1280.2390047972065,0.0,0.0,0.0,0.0,0.0,0.0,0.0,0.0,0.0,2836.464902089665
t1455,0.0,0.0,0.0,0.0,0.0,0.0,0.0,0.0,0.0,0.0,0.0,0.0,0.0,0.0,0.0,0.0,0.0,0.0
t1456,0.0,0.0,0.0,0.0,0.0,0.0,0.0,0.0,0.0,0.0,0.0,0.0,0.0,0.0,0.0,0.0,0.0,0.0
t1457,0.0,0.0,0.0,0.0,0.0,0.0,0.0,0.0,0.0,0.0,0.0,0.0,0.0,0.0,0.0,0.0,0.0,0.0
t1458,0.0,0.0,0.0,0.0,0.0,0.0,0.0,0.0,0.0,0.0,0.0,0.0,0.0,0.0,0.0,0.0,0.0,0.0
t1459,0.0,0.0,0.0,0.0,0.0,0.0,0.0,0.0,0.0,0.0,0.0,0.0,0.0,0.0,0.0,0.0,0.0,0.0
t1460,0.0,0.0,0.0,0.0,0.0,0.0,0.0,0.0,0.0,0.0,0.0,0.0,0.0,0.0,0.0,0.0,0.0,0.0
t1461,0.0,0.0,0.0,0.0,0.0,0.0,0.0,0.0,0.0,0.0,0.0,0.0,0.0,0.0,0.0,0.0,0.0,0.0
t1462,0.0,0.0,0.0,0.0,0.0,0.0,0.0,0.0,0.0,0.0,0.0,0.0,0.0,0.0,0.0,0.0,0.0,0.0
t1463,0.0,0.0,0.0,0.0,0.0,0.0,0.0,0.0,0.0,0.0,0.0,0.0,0.0,0.0,0.0,0.0,0.0,0.0
t1464,0.0,0.0,0.0,0.0,0.0,0.0,0.0,0.0,0.0,0.0,0.0,0.0,0.0,0.0,0.0,0.0,0.0,0.0
t1465,0.0,0.0,0.0,0.0,0.0,0.0,0.0,0.0,0.0,0.0,0.0,0.0,0.0,0.0,0.0,0.0,0.0,0.0
t1466,0.0,0.0,0.0,0.0,0.0,0.0,0.0,0.0,0.0,0.0,0.0,0.0,0.0,0.0,0.0,0.0,0.0,0.0
t1467,0.0,0.0,0.0,0.0,0.0,0.0,0.0,0.0,0.0,0.0,0.0,0.0,0.0,0.0,0.0,0.0,0.0,0.0
t1468,0.0,0.0,0.0,0.0,0.0,0.0,0.0,0.0,0.0,0.0,0.0,0.0,0.0,0.0,0.0,0.0,0.0,0.0
t1469,0.0,0.0,0.0,0.0,0.0,0.0,0.0,0.0,0.0,0.0,0.0,0.0,0.0,0.0,0.0,0.0,0.0,0.0
t1470,0.0,0.0,0.0,0.0,0.0,0.0,0.0,0.0,0.0,0.0,0.0,0.0,0.0,0.0,0.0,0.0,0.0,0.0
t1471,0.0,0.0,0.0,0.0,0.0,0.0,0.0,1009.758050457326,0.0,0.0,0.0,0.0,0.0,0.0,0.0,0.0,0.0,1009.758050457326
t1472,671.6622000808379,92.30769225,233.20696137559426,0.0,0.0,0.0,0.0,1559.9999999999998,0.0,0.0,0.0,0.0,0.0,0.0,0.0,0.0,0.0,2557.1768537064318
t1473,972.1875000000001,92.30769225,474.1956284317519,0.0,0.0,6627.023314449159,38.255784130000414,1559.9999999999998,0.0,0.0,0.0,0.0,0.0,0.0,0.0,0.0,0.0,9763.969919260911
t1474,576.6212675035327,44.26123674233571,1056.53211204524,0.0,685.0800281071255,5590.435734364376,1275.80838375,1559.9999999999998,0.0,0.0,0.0,0.0,0.0,0.0,0.0,0.0,0.0,10788.73876251261
t1475,360.47791106429844,0.0,1237.3264447639376,0.0,297.3710698605307,6077.230724728232,1275.80838375,887.7815491771144,0.0,0.0,0.0,0.0,0.0,0.0,0.0,0.0,0.0,10135.996083344115
t1476,972.1875000000001,92.30769225,0.0,0.0,3155.9060899668875,5325.631424929033,438.92824788999985,0.0,0.0,0.0,0.0,0.0,0.0,0.0,0.0,0.0,0.0,9984.960955035922
t1477,545.967326171593,68.01921287000029,723.7976459053202,0.0,0.0,4357.013455380926,1074.6729742051518,0.0,0.0,0.0,0.0,0.0,0.0,0.0,0.0,0.0,0.0,6769.470614532991
t1478,0.0,0.0,443.35872102061467,0.0,0.0,1199.956390680534,1275.80838375,0.0,0.0,0.0,0.0,0.0,0.0,0.0,0.0,0.0,0.0,2919.1234954511488
t1479,0.0,0.0,1296.0000000000002,0.0,0.0,0.0,0.0,0.0,0.0,0.0,0.0,0.0,0.0,0.0,0.0,0.0,0.0,1296.0000000000002
t1480,0.0,0.0,0.0,0.0,0.0,0.0,0.0,0.0,0.0,0.0,0.0,0.0,0.0,0.0,0.0,0.0,0.0,0.0
t1481,0.0,0.0,0.0,0.0,0.0,0.0,0.0,0.0,0.0,0.0,0.0,0.0,0.0,0.0,0.0,0.0,0.0,0.0
t1482,0.0,0.0,0.0,0.0,0.0,0.0,0.0,0.0,0.0,0.0,0.0,0.0,0.0,0.0,0.0,0.0,0.0,0.0
t1483,0.0,0.0,0.0,0.0,0.0,0.0,0.0,0.0,0.0,0.0,0.0,0.0,0.0,0.0,0.0,0.0,0.0,0.0
t1484,0.0,0.0,0.0,0.0,0.0,0.0,0.0,0.0,0.0,0.0,0.0,0.0,0.0,0.0,0.0,0.0,0.0,0.0
t1485,0.0,0.0,0.0,0.0,0.0,0.0,0.0,0.0,0.0,0.0,0.0,0.0,0.0,0.0,0.0,0.0,0.0,0.0
t1486,0.0,0.0,0.0,0.0,0.0,0.0,0.0,0.0,0.0,0.0,0.0,0.0,0.0,0.0,0.0,0.0,0.0,0.0
t1487,0.0,0.0,0.0,0.0,0.0,0.0,0.0,0.0,0.0,0.0,0.0,0.0,0.0,0.0,0.0,0.0,0.0,0.0
t1488,0.0,0.0,0.0,0.0,0.0,0.0,0.0,0.0,0.0,0.0,0.0,0.0,0.0,0.0,0.0,0.0,0.0,0.0
t1489,0.0,0.0,0.0,0.0,0.0,0.0,0.0,0.0,0.0,0.0,0.0,0.0,0.0,0.0,0.0,0.0,0.0,0.0
t1490,0.0,0.0,0.0,0.0,0.0,0.0,0.0,0.0,0.0,0.0,0.0,0.0,0.0,0.0,0.0,0.0,0.0,0.0
t1491,0.0,0.0,0.0,0.0,0.0,0.0,0.0,0.0,0.0,0.0,0.0,0.0,0.0,0.0,0.0,0.0,0.0,0.0
t1492,0.0,0.0,0.0,0.0,0.0,0.0,0.0,0.0,0.0,0.0,0.0,0.0,0.0,0.0,0.0,0.0,0.0,0.0
t1493,0.0,0.0,0.0,0.0,0.0,0.0,0.0,0.0,0.0,0.0,0.0,0.0,0.0,0.0,0.0,0.0,0.0,0.0
t1494,0.0,0.0,0.0,0.0,0.0,0.0,0.0,0.0,0.0,0.0,0.0,0.0,0.0,0.0,0.0,0.0,0.0,0.0
t1495,0.0,92.30769225,0.0,0.0,0.0,0.0,0.0,1559.9999999999998,0.0,0.0,0.0,0.0,0.0,0.0,0.0,0.0,0.0,1652.3076922499997
t1496,972.1875000000001,92.30769225,1296.0000000000002,0.0,0.0,0.0,63.98548794000007,1242.224465318214,0.0,0.0,0.0,0.0,0.0,0.0,0.0,0.0,0.0,3666.7051455082146
t1497,972.1875000000001,19.972757362335923,702.4467738663617,0.0,0.0,6920.0,438.24709639,1374.4485516157224,0.0,0.0,0.0,0.0,0.0,0.0,0.0,0.0,0.0,10427.302679234419
t1498,972.1875000000001,0.0,312.8582915904449,0.0,375.7262887893023,6920.0,1275.80838375,1152.5633536637465,0.0,0.0,0.0,0.0,0.0,0.0,0.0,0.0,0.0,11009.143817793494
t1499,937.2052275900754,0.0,0.0,0.0,0.0,6920.0,593.1529712400003,0.0,0.0,0.0,0.0,0.0,0.0,0.0,0.0,0.0,0.0,8450.358198830076
t1500,245.3359772301858,92.30769225,0.0,0.0,0.0,2318.654023032311,1275.80838375,0.0,0.0,0.0,0.0,0.0,0.0,0.0,0.0,0.0,0.0,3932.1060762624975
t1501,0.0,92.30769225,1086.0193194428266,0.0,3034.16895097992,0.0,1065.9270365117382,1248.3032290367569,0.0,0.0,0.0,0.0,0.0,0.0,0.0,0.0,0.0,6526.726228221241
t1502,0.0,0.0,771.0931286428255,0.0,1239.5944041904552,4509.985400427279,503.58654625740553,0.0,0.0,0.0,0.0,0.0,0.0,0.0,0.0,0.0,0.0,7024.259479517966
t1503,0.0,0.0,1296.0000000000002,0.0,0.0,1588.6516210726713,162.76625163600843,0.0,0.0,0.0,0.0,0.0,0.0,0.0,0.0,0.0,0.0,3047.4178727086796
t1504,0.0,0.0,0.0,0.0,0.0,0.0,0.0,0.0,0.0,0.0,0.0,0.0,0.0,0.0,0.0,0.0,0.0,0.0
t1505,0.0,0.0,0.0,0.0,0.0,0.0,0.0,0.0,0.0,0.0,0.0,0.0,0.0,0.0,0.0,0.0,0.0,0.0
t1506,0.0,0.0,0.0,0.0,0.0,0.0,0.0,0.0,0.0,0.0,0.0,0.0,0.0,0.0,0.0,0.0,0.0,0.0
t1507,0.0,0.0,0.0,0.0,0.0,0.0,0.0,0.0,0.0,0.0,0.0,0.0,0.0,0.0,0.0,0.0,0.0,0.0
t1508,0.0,0.0,0.0,0.0,0.0,0.0,0.0,0.0,0.0,0.0,0.0,0.0,0.0,0.0,0.0,0.0,0.0,0.0
t1509,0.0,0.0,0.0,0.0,0.0,0.0,0.0,0.0,0.0,0.0,0.0,0.0,0.0,0.0,0.0,0.0,0.0,0.0
t1510,0.0,0.0,0.0,0.0,0.0,0.0,0.0,0.0,0.0,0.0,0.0,0.0,0.0,0.0,0.0,0.0,0.0,0.0
t1511,0.0,0.0,0.0,0.0,0.0,0.0,0.0,0.0,0.0,0.0,0.0,0.0,0.0,0.0,0.0,0.0,0.0,0.0
t1512,0.0,0.0,0.0,0.0,0.0,0.0,0.0,0.0,0.0,0.0,0.0,0.0,0.0,0.0,0.0,0.0,0.0,0.0
t1513,0.0,0.0,0.0,0.0,0.0,0.0,0.0,0.0,0.0,0.0,0.0,0.0,0.0,0.0,0.0,0.0,0.0,0.0
t1514,0.0,0.0,0.0,0.0,0.0,0.0,0.0,0.0,0.0,0.0,0.0,0.0,0.0,0.0,0.0,0.0,0.0,0.0
t1515,0.0,0.0,0.0,0.0,0.0,0.0,0.0,0.0,0.0,0.0,0.0,0.0,0.0,0.0,0.0,0.0,0.0,0.0
t1516,0.0,0.0,0.0,0.0,0.0,0.0,0.0,0.0,0.0,0.0,0.0,0.0,0.0,0.0,0.0,0.0,0.0,0.0
t1517,0.0,0.0,0.0,0.0,0.0,0.0,0.0,0.0,0.0,0.0,0.0,0.0,0.0,0.0,0.0,0.0,0.0,0.0
t1518,0.0,0.0,0.0,0.0,0.0,0.0,0.0,0.0,0.0,0.0,0.0,0.0,0.0,0.0,0.0,0.0,0.0,0.0
t1519,0.0,0.0,0.0,0.0,0.0,0.0,0.0,0.0,0.0,0.0,0.0,0.0,0.0,0.0,0.0,0.0,0.0,0.0
t1520,418.297377109549,92.30769225,0.0,0.0,0.0,3856.9889525995054,210.71945610000054,1559.9999999999998,0.0,0.0,0.0,0.0,0.0,0.0,0.0,0.0,0.0,6138.313478059055
t1521,945.5117613674958,4.463744492336072,1296.0000000000002,0.0,0.0,5569.361226620765,0.0,1559.9999999999998,0.0,0.0,0.0,0.0,0.0,0.0,0.0,0.0,0.0,9375.336732480597
t1522,390.44920014754746,92.30769225,704.684988481095,0.0,0.0,6551.277063009541,826.52921093,1559.9999999999998,0.0,0.0,0.0,0.0,0.0,0.0,0.0,0.0,0.0,10125.248154818184
t1523,972.1875000000001,92.30769225,1296.0000000000002,0.0,1396.2224460139926,5784.164762472227,1275.80838375,337.53959963444066,0.0,0.0,0.0,0.0,0.0,0.0,0.0,0.0,0.0,11154.230384120661
t1524,0.0,92.30769225,1296.0000000000002,0.0,1667.502645204018,5581.182076995585,1275.80838375,0.0,0.0,0.0,0.0,0.0,0.0,0.0,0.0,0.0,0.0,9912.800798199603
t1525,400.4703661956687,15.509012869999895,856.631050758211,0.0,891.6730748286726,1378.912578572286,1275.80838375,1559.9999999999998,0.0,0.0,0.0,0.0,0.0,0.0,0.0,0.0,0.0,6379.004466974839
t1526,972.1875000000001,0.0,15.101474303152246,0.0,0.0,455.4043842623512,514.6083391951519,0.0,0.0,0.0,0.0,0.0,0.0,0.0,0.0,0.0,0.0,1957.3016977606553
t1527,0.0,0.0,0.0,0.0,0.0,0.0,0.0,0.0,0.0,0.0,0.0,0.0,0.0,0.0,0.0,0.0,0.0,0.0
t1528,0.0,0.0,0.0,0.0,0.0,0.0,0.0,0.0,0.0,0.0,0.0,0.0,0.0,0.0,0.0,0.0,0.0,0.0
t1529,0.0,0.0,0.0,0.0,0.0,0.0,0.0,0.0,0.0,0.0,0.0,0.0,0.0,0.0,0.0,0.0,0.0,0.0
t1530,0.0,0.0,0.0,0.0,0.0,0.0,0.0,0.0,0.0,0.0,0.0,0.0,0.0,0.0,0.0,0.0,0.0,0.0
t1531,0.0,0.0,0.0,0.0,0.0,0.0,0.0,0.0,0.0,0.0,0.0,0.0,0.0,0.0,0.0,0.0,0.0,0.0
t1532,0.0,0.0,0.0,0.0,0.0,0.0,0.0,0.0,0.0,0.0,0.0,0.0,0.0,0.0,0.0,0.0,0.0,0.0
t1533,0.0,0.0,0.0,0.0,0.0,0.0,0.0,0.0,0.0,0.0,0.0,0.0,0.0,0.0,0.0,0.0,0.0,0.0
t1534,0.0,0.0,0.0,0.0,0.0,0.0,0.0,0.0,0.0,0.0,0.0,0.0,0.0,0.0,0.0,0.0,0.0,0.0
t1535,0.0,0.0,0.0,0.0,0.0,0.0,0.0,0.0,0.0,0.0,0.0,0.0,0.0,0.0,0.0,0.0,0.0,0.0
t1536,0.0,0.0,0.0,0.0,246.9620340569249,0.0,0.0,0.0,0.0,0.0,0.0,0.0,0.0,0.0,0.0,0.0,0.0,246.9620340569249
t1537,0.0,0.0,0.0,0.0,3102.6668929900757,0.0,0.0,0.0,0.0,0.0,0.0,0.0,0.0,0.0,0.0,0.0,0.0,3102.6668929900757
t1538,0.0,0.0,0.0,0.0,0.0,0.0,0.0,0.0,0.0,0.0,0.0,0.0,0.0,0.0,0.0,0.0,0.0,0.0
t1539,0.0,0.0,0.0,0.0,0.0,0.0,0.0,0.0,0.0,0.0,0.0,0.0,0.0,0.0,0.0,0.0,0.0,0.0
t1540,0.0,0.0,0.0,0.0,0.0,0.0,0.0,0.0,0.0,0.0,0.0,0.0,0.0,0.0,0.0,0.0,0.0,0.0
t1541,0.0,0.0,0.0,0.0,0.0,0.0,0.0,0.0,0.0,0.0,0.0,0.0,0.0,0.0,0.0,0.0,0.0,0.0
t1542,0.0,0.0,0.0,0.0,0.0,0.0,0.0,0.0,0.0,0.0,0.0,0.0,0.0,0.0,0.0,0.0,0.0,0.0
t1543,0.0,0.0,0.0,0.0,0.0,0.0,0.0,0.0,0.0,0.0,0.0,0.0,0.0,0.0,0.0,0.0,0.0,0.0
t1544,972.1875000000001,43.17303674233583,0.0,0.0,0.0,1373.2620296088658,265.8922286000005,1559.9999999999998,0.0,0.0,0.0,0.0,0.0,0.0,0.0,0.0,0.0,4214.514794951202
t1545,972.1875000000001,92.30769225,665.215734828824,0.0,0.0,2383.8762440447435,0.0,1559.9999999999998,0.0,0.0,0.0,0.0,0.0,0.0,0.0,0.0,0.0,5673.587171123568
t1546,972.1875000000001,92.30769225,1296.0000000000002,0.0,510.1133900858341,5929.1736642245505,10.156393875151599,853.7575078220558,0.0,0.0,0.0,0.0,0.0,0.0,0.0,0.0,0.0,9663.696148257593
t1547,972.1875000000001,92.30769225,1263.1744366392836,0.0,1925.6276145081185,6182.784256643429,1275.80838375,1559.9999999999998,0.0,0.0,0.0,0.0,0.0,0.0,0.0,0.0,0.0,13271.889883790831
t1548,0.0,69.10741287000016,1127.4807098245922,0.0,2486.480258181657,6920.0,1275.80838375,0.0,0.0,0.0,0.0,0.0,0.0,0.0,0.0,0.0,0.0,11878.87676462625
t1549,210.35370482026113,0.0,751.7584336104743,0.0,1058.4198559415788,5847.327462696081,1275.80838375,0.0,0.0,0.0,0.0,0.0,0.0,0.0,0.0,0.0,0.0,9143.667840818396
t1550,0.0,0.0,360.78819863928464,0.0,0.0,540.8673873145912,1275.80838375,1043.782091812385,0.0,0.0,0.0,0.0,0.0,0.0,0.0,0.0,0.0,3221.246061516261
t1551,0.0,0.0,0.0,0.0,0.0,0.0,0.0,0.0,0.0,0.0,0.0,0.0,0.0,0.0,0.0,0.0,0.0,0.0
t1552,0.0,0.0,0.0,0.0,0.0,0.0,0.0,0.0,0.0,0.0,0.0,0.0,0.0,0.0,0.0,0.0,0.0,0.0
t1553,0.0,0.0,0.0,0.0,0.0,0.0,0.0,0.0,0.0,0.0,0.0,0.0,0.0,0.0,0.0,0.0,0.0,0.0
t1554,0.0,0.0,0.0,0.0,0.0,0.0,0.0,0.0,0.0,0.0,0.0,0.0,0.0,0.0,0.0,0.0,0.0,0.0
t1555,0.0,0.0,0.0,0.0,0.0,0.0,0.0,0.0,0.0,0.0,0.0,0.0,0.0,0.0,0.0,0.0,0.0,0.0
t1556,0.0,0.0,0.0,0.0,0.0,0.0,0.0,0.0,0.0,0.0,0.0,0.0,0.0,0.0,0.0,0.0,0.0,0.0
t1557,0.0,0.0,0.0,0.0,0.0,0.0,0.0,0.0,0.0,0.0,0.0,0.0,0.0,0.0,0.0,0.0,0.0,0.0
t1558,0.0,0.0,0.0,0.0,0.0,0.0,0.0,0.0,0.0,0.0,0.0,0.0,0.0,0.0,0.0,0.0,0.0,0.0
t1559,0.0,0.0,0.0,0.0,0.0,0.0,0.0,0.0,0.0,0.0,0.0,0.0,0.0,0.0,0.0,0.0,0.0,0.0
t1560,0.0,0.0,0.0,0.0,0.0,0.0,0.0,0.0,0.0,0.0,0.0,0.0,0.0,0.0,0.0,0.0,0.0,0.0
t1561,0.0,0.0,0.0,0.0,0.0,0.0,0.0,0.0,0.0,0.0,0.0,0.0,0.0,0.0,0.0,0.0,0.0,0.0
t1562,0.0,0.0,0.0,0.0,0.0,0.0,0.0,0.0,0.0,0.0,0.0,0.0,0.0,0.0,0.0,0.0,0.0,0.0
t1563,0.0,0.0,0.0,0.0,0.0,0.0,0.0,0.0,0.0,0.0,0.0,0.0,0.0,0.0,0.0,0.0,0.0,0.0
t1564,0.0,0.0,0.0,0.0,0.0,0.0,0.0,0.0,0.0,0.0,0.0,0.0,0.0,0.0,0.0,0.0,0.0,0.0
t1565,0.0,0.0,0.0,0.0,0.0,0.0,0.0,0.0,0.0,0.0,0.0,0.0,0.0,0.0,0.0,0.0,0.0,0.0
t1566,0.0,0.0,0.0,0.0,0.0,0.0,0.0,0.0,0.0,0.0,0.0,0.0,0.0,0.0,0.0,0.0,0.0,0.0
t1567,0.0,0.0,0.0,0.0,0.0,0.0,0.0,0.0,0.0,0.0,0.0,0.0,0.0,0.0,0.0,0.0,0.0,0.0
t1568,972.1875000000001,92.30769225,1296.0000000000002,0.0,0.0,1120.5969306482632,0.0,835.2829699603564,0.0,0.0,0.0,0.0,0.0,0.0,0.0,0.0,0.0,4316.37509285862
t1569,972.1875000000001,92.30769225,1206.8652832016417,0.0,0.0,3669.5249127082297,0.0,1559.9999999999998,0.0,0.0,0.0,0.0,0.0,0.0,0.0,0.0,0.0,7500.885388159872
t1570,972.1875000000001,92.30769225,835.4297542726259,0.0,0.0,6920.0,276.0486224751521,1477.9625943431945,0.0,0.0,0.0,0.0,0.0,0.0,0.0,0.0,0.0,10573.936163340974
t1571,442.8026840354369,92.30769225,0.0,0.0,1646.3396072208386,6241.664851728755,1275.80838375,498.7115982670498,0.0,0.0,0.0,0.0,0.0,0.0,0.0,0.0,0.0,10197.63481725208
t1572,140.38048294690714,19.97275736233595,277.629558212215,0.0,2379.283458057247,6920.0,1275.80838375,1559.9999999999998,0.0,0.0,0.0,0.0,0.0,0.0,0.0,0.0,0.0,12573.074640328705
t1573,599.3580378379169,0.0,1296.0000000000002,0.0,2233.5016086943683,2715.9925630331845,1275.80838375,645.5824370638398,0.0,0.0,0.0,0.0,0.0,0.0,0.0,0.0,0.0,8766.24303037931
t1574,0.0,0.0,552.4929178559761,0.0,1433.2901660588407,1589.5117864138304,1275.80838375,0.0,0.0,0.0,0.0,0.0,0.0,0.0,0.0,0.0,0.0,4851.103254078647
t1575,0.0,0.0,0.0,0.0,0.0,0.0,0.0,0.0,0.0,0.0,0.0,0.0,0.0,0.0,0.0,0.0,0.0,0.0
t1576,0.0,0.0,0.0,0.0,0.0,0.0,0.0,0.0,0.0,0.0,0.0,0.0,0.0,0.0,0.0,0.0,0.0,0.0
t1577,0.0,0.0,0.0,0.0,0.0,0.0,0.0,0.0,0.0,0.0,0.0,0.0,0.0,0.0,0.0,0.0,0.0,0.0
t1578,0.0,0.0,0.0,0.0,0.0,0.0,0.0,0.0,0.0,0.0,0.0,0.0,0.0,0.0,0.0,0.0,0.0,0.0
t1579,0.0,0.0,0.0,0.0,0.0,0.0,0.0,0.0,0.0,0.0,0.0,0.0,0.0,0.0,0.0,0.0,0.0,0.0
t1580,0.0,0.0,0.0,0.0,0.0,0.0,0.0,0.0,0.0,0.0,0.0,0.0,0.0,0.0,0.0,0.0,0.0,0.0
t1581,0.0,0.0,0.0,0.0,0.0,0.0,0.0,0.0,0.0,0.0,0.0,0.0,0.0,0.0,0.0,0.0,0.0,0.0
t1582,0.0,0.0,0.0,0.0,0.0,0.0,0.0,0.0,0.0,0.0,0.0,0.0,0.0,0.0,0.0,0.0,0.0,0.0
t1583,0.0,0.0,0.0,0.0,0.0,0.0,0.0,0.0,0.0,0.0,0.0,0.0,0.0,0.0,0.0,0.0,0.0,0.0
t1584,0.0,0.0,0.0,0.0,0.0,0.0,0.0,0.0,0.0,0.0,0.0,0.0,0.0,0.0,0.0,0.0,0.0,0.0
t1585,0.0,0.0,0.0,0.0,0.0,0.0,0.0,0.0,0.0,0.0,0.0,0.0,0.0,0.0,0.0,0.0,0.0,0.0
t1586,0.0,0.0,0.0,0.0,0.0,0.0,0.0,0.0,0.0,0.0,0.0,0.0,0.0,0.0,0.0,0.0,0.0,0.0
t1587,0.0,0.0,0.0,0.0,0.0,0.0,0.0,0.0,0.0,0.0,0.0,0.0,0.0,0.0,0.0,0.0,0.0,0.0
t1588,0.0,0.0,0.0,0.0,0.0,0.0,0.0,0.0,0.0,0.0,0.0,0.0,0.0,0.0,0.0,0.0,0.0,0.0
t1589,0.0,0.0,0.0,0.0,0.0,0.0,0.0,0.0,0.0,0.0,0.0,0.0,0.0,0.0,0.0,0.0,0.0,0.0
t1590,0.0,0.0,0.0,0.0,0.0,0.0,0.0,0.0,0.0,0.0,0.0,0.0,0.0,0.0,0.0,0.0,0.0,0.0
t1591,0.0,0.0,0.0,0.0,0.0,0.0,0.0,0.0,0.0,0.0,0.0,0.0,0.0,0.0,0.0,0.0,0.0,0.0
t1592,0.0,92.30769225,0.0,0.0,0.0,1900.648293387123,575.7162144099999,1559.9999999999998,0.0,0.0,0.0,0.0,0.0,0.0,0.0,0.0,0.0,4128.672200047123
t1593,972.1875000000001,34.923036742335476,1296.0000000000002,0.0,0.0,5843.384049515897,0.0,1559.9999999999998,0.0,0.0,0.0,0.0,0.0,0.0,0.0,0.0,0.0,9706.494586258232
t1594,0.0,92.30769225,764.0124837298625,0.0,801.0369134424155,6920.0,1275.80838375,1160.7806599280939,0.0,0.0,0.0,0.0,0.0,0.0,0.0,0.0,0.0,11013.946133100371
t1595,972.1875000000001,92.30769225,1296.0000000000002,0.0,0.0,6920.0,1275.80838375,0.0,0.0,0.0,0.0,0.0,0.0,0.0,0.0,0.0,0.0,10556.303576
t1596,972.1875000000001,77.35741287000047,1296.0000000000002,0.0,302.67722660464307,4511.2855713556555,1081.4306282939754,1559.9999999999998,0.0,0.0,0.0,0.0,0.0,0.0,0.0,0.0,0.0,9800.938339124275
t1597,745.7583239636208,0.0,812.4050298125964,0.0,3267.5426280507145,3081.973130273589,0.0,672.8609360530036,0.0,0.0,0.0,0.0,0.0,0.0,0.0,0.0,0.0,8580.540048153525
t1598,436.7828808566405,0.0,0.0,0.0,0.0,0.0,1170.5185472711773,63.89800365334297,0.0,0.0,0.0,0.0,0.0,0.0,0.0,0.0,0.0,1671.199431781161
t1599,0.0,0.0,0.0,0.0,542.7908209258699,0.0,0.0,0.0,0.0,0.0,0.0,0.0,0.0,0.0,0.0,0.0,0.0,542.7908209258699
t1600,0.0,0.0,0.0,0.0,0.0,0.0,0.0,0.0,0.0,0.0,0.0,0.0,0.0,0.0,0.0,0.0,0.0,0.0
t1601,0.0,0.0,0.0,0.0,0.0,0.0,0.0,0.0,0.0,0.0,0.0,0.0,0.0,0.0,0.0,0.0,0.0,0.0
t1602,0.0,0.0,0.0,0.0,0.0,0.0,0.0,0.0,0.0,0.0,0.0,0.0,0.0,0.0,0.0,0.0,0.0,0.0
t1603,0.0,0.0,0.0,0.0,0.0,0.0,0.0,0.0,0.0,0.0,0.0,0.0,0.0,0.0,0.0,0.0,0.0,0.0
t1604,0.0,0.0,0.0,0.0,0.0,0.0,0.0,0.0,0.0,0.0,0.0,0.0,0.0,0.0,0.0,0.0,0.0,0.0
t1605,0.0,0.0,0.0,0.0,0.0,0.0,0.0,0.0,0.0,0.0,0.0,0.0,0.0,0.0,0.0,0.0,0.0,0.0
t1606,0.0,0.0,0.0,0.0,0.0,0.0,0.0,0.0,0.0,0.0,0.0,0.0,0.0,0.0,0.0,0.0,0.0,0.0
t1607,0.0,0.0,0.0,0.0,0.0,0.0,0.0,0.0,0.0,0.0,0.0,0.0,0.0,0.0,0.0,0.0,0.0,0.0
t1608,0.0,0.0,0.0,0.0,0.0,0.0,0.0,0.0,0.0,0.0,0.0,0.0,0.0,0.0,0.0,0.0,0.0,0.0
t1609,0.0,0.0,0.0,0.0,0.0,0.0,0.0,0.0,0.0,0.0,0.0,0.0,0.0,0.0,0.0,0.0,0.0,0.0
t1610,0.0,0.0,0.0,0.0,0.0,0.0,0.0,0.0,0.0,0.0,0.0,0.0,0.0,0.0,0.0,0.0,0.0,0.0
t1611,0.0,0.0,0.0,0.0,0.0,0.0,0.0,0.0,0.0,0.0,0.0,0.0,0.0,0.0,0.0,0.0,0.0,0.0
t1612,0.0,0.0,0.0,0.0,0.0,0.0,0.0,0.0,0.0,0.0,0.0,0.0,0.0,0.0,0.0,0.0,0.0,0.0
t1613,0.0,0.0,0.0,0.0,0.0,0.0,0.0,0.0,0.0,0.0,0.0,0.0,0.0,0.0,0.0,0.0,0.0,0.0
t1614,0.0,0.0,0.0,0.0,0.0,0.0,0.0,0.0,0.0,0.0,0.0,0.0,0.0,0.0,0.0,0.0,0.0,0.0
t1615,0.0,0.0,0.0,0.0,0.0,0.0,0.0,0.0,0.0,0.0,0.0,0.0,0.0,0.0,0.0,0.0,0.0,0.0
t1616,532.7205233191116,92.30769225,0.0,0.0,0.0,764.8136943665725,180.73620372000042,1559.9999999999998,0.0,0.0,0.0,0.0,0.0,0.0,0.0,0.0,0.0,3130.5781136556843
t1617,778.9181387301243,92.30769225,1296.0000000000002,0.0,0.0,5449.765876959584,669.77679793,1559.9999999999998,0.0,0.0,0.0,0.0,0.0,0.0,0.0,0.0,0.0,9846.768505869708
t1618,972.1875000000001,92.30769225,1296.0000000000002,0.0,0.0,6920.0,43.46784931320424,1311.7677678006175,0.0,0.0,0.0,0.0,0.0,0.0,0.0,0.0,0.0,10635.730809363824
t1619,972.1875000000001,92.30769225,280.41751354245815,0.0,0.0,6920.0,1275.80838375,1559.9999999999998,0.0,0.0,0.0,0.0,0.0,0.0,0.0,0.0,0.0,11100.721089542458
t1620,671.0568426758947,19.97275736233595,1296.0000000000002,0.0,0.0,6920.0,1275.80838375,0.0,0.0,0.0,0.0,0.0,0.0,0.0,0.0,0.0,0.0,10182.837983788231
t1621,172.03320009513084,0.0,1296.0000000000002,0.0,0.0,2202.711473206108,1275.80838375,371.10359477088605,0.0,0.0,0.0,0.0,0.0,0.0,0.0,0.0,0.0,5317.656651822125
t1622,0.0,0.0,0.0,0.0,0.0,0.0,657.8761552619478,214.66823706293695,0.0,0.0,0.0,0.0,0.0,0.0,0.0,0.0,0.0,872.5443923248847
t1623,0.0,0.0,0.0,0.0,0.0,0.0,0.0,0.0,0.0,0.0,0.0,0.0,0.0,0.0,0.0,0.0,0.0,0.0
t1624,0.0,0.0,0.0,0.0,0.0,0.0,0.0,0.0,0.0,0.0,0.0,0.0,0.0,0.0,0.0,0.0,0.0,0.0
t1625,0.0,0.0,0.0,0.0,0.0,0.0,0.0,0.0,0.0,0.0,0.0,0.0,0.0,0.0,0.0,0.0,0.0,0.0
t1626,0.0,0.0,0.0,0.0,0.0,0.0,0.0,0.0,0.0,0.0,0.0,0.0,0.0,0.0,0.0,0.0,0.0,0.0
t1627,0.0,0.0,0.0,0.0,0.0,0.0,0.0,0.0,0.0,0.0,0.0,0.0,0.0,0.0,0.0,0.0,0.0,0.0
t1628,0.0,0.0,0.0,0.0,0.0,0.0,0.0,0.0,0.0,0.0,0.0,0.0,0.0,0.0,0.0,0.0,0.0,0.0
t1629,0.0,0.0,0.0,0.0,0.0,0.0,0.0,0.0,0.0,0.0,0.0,0.0,0.0,0.0,0.0,0.0,0.0,0.0
t1630,0.0,0.0,0.0,0.0,0.0,0.0,0.0,0.0,0.0,0.0,0.0,0.0,0.0,0.0,0.0,0.0,0.0,0.0
t1631,0.0,0.0,0.0,0.0,0.0,0.0,0.0,0.0,0.0,0.0,0.0,0.0,0.0,0.0,0.0,0.0,0.0,0.0
t1632,0.0,0.0,0.0,0.0,0.0,0.0,0.0,0.0,0.0,0.0,0.0,0.0,0.0,0.0,0.0,0.0,0.0,0.0
t1633,0.0,0.0,0.0,0.0,0.0,0.0,0.0,0.0,0.0,0.0,0.0,0.0,0.0,0.0,0.0,0.0,0.0,0.0
t1634,0.0,0.0,0.0,0.0,0.0,0.0,0.0,0.0,0.0,0.0,0.0,0.0,0.0,0.0,0.0,0.0,0.0,0.0
t1635,0.0,0.0,0.0,0.0,0.0,0.0,0.0,0.0,0.0,0.0,0.0,0.0,0.0,0.0,0.0,0.0,0.0,0.0
t1636,0.0,0.0,0.0,0.0,0.0,0.0,0.0,0.0,0.0,0.0,0.0,0.0,0.0,0.0,0.0,0.0,0.0,0.0
t1637,0.0,0.0,0.0,0.0,0.0,0.0,0.0,0.0,0.0,0.0,0.0,0.0,0.0,0.0,0.0,0.0,0.0,0.0
t1638,0.0,0.0,0.0,0.0,0.0,0.0,0.0,0.0,0.0,0.0,0.0,0.0,0.0,0.0,0.0,0.0,0.0,0.0
t1639,0.0,0.0,0.0,0.0,0.0,0.0,0.0,0.0,0.0,0.0,0.0,0.0,0.0,0.0,0.0,0.0,0.0,0.0
t1640,972.1875000000001,92.30769225,1296.0000000000002,0.0,0.0,3399.2524208205264,773.5971849099999,1559.9999999999998,0.0,0.0,0.0,0.0,0.0,0.0,0.0,0.0,0.0,8093.344797980527
t1641,972.1875000000001,92.30769225,471.9879863054455,0.0,0.0,6920.0,416.33518415000026,337.5395996344411,0.0,0.0,0.0,0.0,0.0,0.0,0.0,0.0,0.0,9210.357962339887
t1642,972.1875000000001,41.909412870000104,820.8970839505818,0.0,956.7363014187724,4674.865899545865,1275.80838375,0.0,0.0,0.0,0.0,0.0,0.0,0.0,0.0,0.0,0.0,8742.40458153522
t1643,0.0,92.30769225,0.0,0.0,1325.8140912388405,6630.957242718761,1275.80838375,1559.9999999999998,0.0,0.0,0.0,0.0,0.0,0.0,0.0,0.0,0.0,10884.887409957602
t1644,949.3475456118408,65.6621238723355,1296.0000000000002,0.0,1629.59670551634,4638.340721935354,406.0999467251522,1559.9999999999998,0.0,0.0,0.0,0.0,0.0,0.0,0.0,0.0,0.0,10545.047043661023
t1645,233.19365920842014,0.0,1046.6753406432163,0.0,1541.2604184840457,2751.2239989210943,1231.63307419,0.0,0.0,0.0,0.0,0.0,0.0,0.0,0.0,0.0,0.0,6803.986491446776
t1646,0.0,4.7089128700003595,532.8571026432152,0.0,174.79653340384905,162.65076059066052,0.0,1559.9999999999998,0.0,0.0,0.0,0.0,0.0,0.0,0.0,0.0,0.0,2435.013309507725
t1647,0.0,0.0,0.0,0.0,0.0,0.0,0.0,0.0,0.0,0.0,0.0,0.0,0.0,0.0,0.0,0.0,0.0,0.0
t1648,0.0,0.0,0.0,0.0,0.0,0.0,0.0,0.0,0.0,0.0,0.0,0.0,0.0,0.0,0.0,0.0,0.0,0.0
t1649,0.0,0.0,0.0,0.0,0.0,0.0,0.0,0.0,0.0,0.0,0.0,0.0,0.0,0.0,0.0,0.0,0.0,0.0
t1650,0.0,0.0,0.0,0.0,0.0,0.0,0.0,0.0,0.0,0.0,0.0,0.0,0.0,0.0,0.0,0.0,0.0,0.0
t1651,0.0,0.0,0.0,0.0,0.0,0.0,0.0,0.0,0.0,0.0,0.0,0.0,0.0,0.0,0.0,0.0,0.0,0.0
t1652,0.0,0.0,0.0,0.0,0.0,0.0,0.0,0.0,0.0,0.0,0.0,0.0,0.0,0.0,0.0,0.0,0.0,0.0
t1653,0.0,0.0,0.0,0.0,0.0,0.0,0.0,0.0,0.0,0.0,0.0,0.0,0.0,0.0,0.0,0.0,0.0,0.0
t1654,0.0,0.0,0.0,0.0,0.0,0.0,0.0,0.0,0.0,0.0,0.0,0.0,0.0,0.0,0.0,0.0,0.0,0.0
t1655,0.0,0.0,0.0,0.0,0.0,0.0,0.0,0.0,0.0,0.0,0.0,0.0,0.0,0.0,0.0,0.0,0.0,0.0
t1656,0.0,0.0,0.0,0.0,0.0,0.0,0.0,0.0,0.0,0.0,0.0,0.0,0.0,0.0,0.0,0.0,0.0,0.0
t1657,0.0,0.0,0.0,0.0,0.0,0.0,0.0,0.0,0.0,0.0,0.0,0.0,0.0,0.0,0.0,0.0,0.0,0.0
t1658,0.0,0.0,0.0,0.0,0.0,0.0,0.0,0.0,0.0,0.0,0.0,0.0,0.0,0.0,0.0,0.0,0.0,0.0
t1659,0.0,0.0,0.0,0.0,0.0,0.0,0.0,0.0,0.0,0.0,0.0,0.0,0.0,0.0,0.0,0.0,0.0,0.0
t1660,0.0,0.0,0.0,0.0,0.0,0.0,0.0,0.0,0.0,0.0,0.0,0.0,0.0,0.0,0.0,0.0,0.0,0.0
t1661,0.0,0.0,0.0,0.0,0.0,0.0,0.0,0.0,0.0,0.0,0.0,0.0,0.0,0.0,0.0,0.0,0.0,0.0
t1662,0.0,0.0,0.0,0.0,0.0,0.0,0.0,0.0,0.0,0.0,0.0,0.0,0.0,0.0,0.0,0.0,0.0,0.0
t1663,662.6637563001316,0.0,0.0,0.0,0.0,0.0,0.0,1276.054035763138,0.0,0.0,0.0,0.0,0.0,0.0,0.0,0.0,0.0,1938.7177920632696
t1664,972.1875000000001,92.30769225,1296.0000000000002,0.0,0.0,6920.0,0.0,1489.2172161930646,0.0,0.0,0.0,0.0,0.0,0.0,0.0,0.0,0.0,10769.712408443065
t1665,485.4976194291017,92.30769225,1020.9862969745155,0.0,899.1666449282902,6920.0,371.73111744515245,1559.9999999999998,0.0,0.0,0.0,0.0,0.0,0.0,0.0,0.0,0.0,11349.68937102706
t1666,972.1875000000001,74.60663674233571,413.6252874950667,0.0,1832.2838426066294,6920.0,1275.80838375,0.0,0.0,0.0,0.0,0.0,0.0,0.0,0.0,0.0,0.0,11488.511650594031
t1667,407.5810651724903,37.67381287000021,0.0,0.0,2070.878140833977,2034.1483615132217,1275.80838375,377.95571976545796,0.0,0.0,0.0,0.0,0.0,0.0,0.0,0.0,0.0,6204.045483905146
t1668,1.3374829469079974,0.0,1081.9386926583188,0.0,2271.1830152488296,5845.80029067876,1180.1258887799997,0.0,0.0,0.0,0.0,0.0,0.0,0.0,0.0,0.0,0.0,10380.385370312815
t1669,597.648780971629,92.30769225,1015.8734992072787,0.0,1591.628237766717,537.3423923402789,0.0,1559.9999999999998,0.0,0.0,0.0,0.0,0.0,0.0,0.0,0.0,0.0,5394.800602535904
t1670,0.0,0.0,635.9937372072793,0.0,0.0,0.0,1275.80838375,314.31262791278016,0.0,0.0,0.0,0.0,0.0,0.0,0.0,0.0,0.0,2226.1147488700594
t1671,0.0,0.0,0.0,0.0,0.0,0.0,0.0,0.0,0.0,0.0,0.0,0.0,0.0,0.0,0.0,0.0,0.0,0.0
t1672,0.0,0.0,0.0,0.0,0.0,0.0,0.0,0.0,0.0,0.0,0.0,0.0,0.0,0.0,0.0,0.0,0.0,0.0
t1673,0.0,0.0,0.0,0.0,0.0,0.0,0.0,0.0,0.0,0.0,0.0,0.0,0.0,0.0,0.0,0.0,0.0,0.0
t1674,0.0,0.0,0.0,0.0,0.0,0.0,0.0,0.0,0.0,0.0,0.0,0.0,0.0,0.0,0.0,0.0,0.0,0.0
t1675,0.0,0.0,0.0,0.0,0.0,0.0,0.0,0.0,0.0,0.0,0.0,0.0,0.0,0.0,0.0,0.0,0.0,0.0
t1676,0.0,0.0,0.0,0.0,0.0,0.0,0.0,0.0,0.0,0.0,0.0,0.0,0.0,0.0,0.0,0.0,0.0,0.0
t1677,0.0,0.0,0.0,0.0,0.0,0.0,0.0,0.0,0.0,0.0,0.0,0.0,0.0,0.0,0.0,0.0,0.0,0.0
t1678,0.0,0.0,0.0,0.0,0.0,0.0,0.0,0.0,0.0,0.0,0.0,0.0,0.0,0.0,0.0,0.0,0.0,0.0
t1679,0.0,0.0,0.0,0.0,0.0,0.0,0.0,0.0,0.0,0.0,0.0,0.0,0.0,0.0,0.0,0.0,0.0,0.0
t1680,0.0,0.0,0.0,0.0,0.0,0.0,0.0,0.0,0.0,0.0,0.0,0.0,0.0,0.0,0.0,0.0,0.0,0.0
t1681,0.0,0.0,0.0,0.0,0.0,0.0,0.0,0.0,0.0,0.0,0.0,0.0,0.0,0.0,0.0,0.0,0.0,0.0
t1682,0.0,0.0,0.0,0.0,0.0,0.0,0.0,0.0,0.0,0.0,0.0,0.0,0.0,0.0,0.0,0.0,0.0,0.0
t1683,0.0,0.0,0.0,0.0,0.0,0.0,0.0,0.0,0.0,0.0,0.0,0.0,0.0,0.0,0.0,0.0,0.0,0.0
t1684,0.0,0.0,0.0,0.0,0.0,0.0,0.0,0.0,0.0,0.0,0.0,0.0,0.0,0.0,0.0,0.0,0.0,0.0
t1685,0.0,0.0,0.0,0.0,0.0,0.0,0.0,0.0,0.0,0.0,0.0,0.0,0.0,0.0,0.0,0.0,0.0,0.0
t1686,0.0,0.0,0.0,0.0,0.0,0.0,0.0,0.0,0.0,0.0,0.0,0.0,0.0,0.0,0.0,0.0,0.0,0.0
t1687,0.0,0.0,0.0,0.0,0.0,0.0,0.0,0.0,0.0,0.0,0.0,0.0,0.0,0.0,0.0,0.0,0.0,0.0
t1688,0.0,0.0,1296.0000000000002,0.0,0.0,279.00536207999556,565.2568478299997,452.52138952542356,0.0,0.0,0.0,0.0,0.0,0.0,0.0,0.0,0.0,2592.783599435419
t1689,972.1875000000001,0.0,1296.0000000000002,0.0,0.0,2707.6172951885956,0.0,1051.6471340683074,0.0,0.0,0.0,0.0,0.0,0.0,0.0,0.0,0.0,6027.451929256904
t1690,972.1875000000001,92.30769225,730.4675500097962,0.0,0.0,4682.164849442874,1275.80838375,1559.9999999999998,0.0,0.0,0.0,0.0,0.0,0.0,0.0,0.0,0.0,9312.93597545267
t1691,210.35370482026113,0.0,763.0666604909862,0.0,0.0,6446.944885936717,1275.80838375,1559.9999999999998,0.0,0.0,0.0,0.0,0.0,0.0,0.0,0.0,0.0,10256.173634997964
t1692,972.1875000000001,92.30769225,931.7546514491767,0.0,0.0,6920.0,986.6001583951523,393.3710760407103,0.0,0.0,0.0,0.0,0.0,0.0,0.0,0.0,0.0,10296.22107813504
t1693,0.0,63.83623674233581,0.0,0.0,0.0,5373.311407865947,0.0,1559.9999999999998,0.0,0.0,0.0,0.0,0.0,0.0,0.0,0.0,0.0,6997.147644608283
t1694,972.1875000000001,92.30769225,447.1286515924997,0.0,0.0,2768.247244018132,0.0,0.0,0.0,0.0,0.0,0.0,0.0,0.0,0.0,0.0,0.0,4279.871087860632
t1695,0.0,48.44421287000017,0.0,0.0,0.0,0.0,1275.80838375,0.0,0.0,0.0,0.0,0.0,0.0,0.0,0.0,0.0,0.0,1324.2525966200003
t1696,0.0,0.0,0.0,0.0,0.0,0.0,0.0,0.0,0.0,0.0,0.0,0.0,0.0,0.0,0.0,0.0,0.0,0.0
t1697,0.0,0.0,0.0,0.0,0.0,0.0,0.0,0.0,0.0,0.0,0.0,0.0,0.0,0.0,0.0,0.0,0.0,0.0
t1698,0.0,0.0,0.0,0.0,0.0,0.0,0.0,0.0,0.0,0.0,0.0,0.0,0.0,0.0,0.0,0.0,0.0,0.0
t1699,0.0,0.0,0.0,0.0,0.0,0.0,0.0,0.0,0.0,0.0,0.0,0.0,0.0,0.0,0.0,0.0,0.0,0.0
t1700,0.0,0.0,0.0,0.0,0.0,0.0,0.0,0.0,0.0,0.0,0.0,0.0,0.0,0.0,0.0,0.0,0.0,0.0
t1701,0.0,0.0,0.0,0.0,0.0,0.0,0.0,0.0,0.0,0.0,0.0,0.0,0.0,0.0,0.0,0.0,0.0,0.0
t1702,0.0,0.0,0.0,0.0,0.0,0.0,0.0,0.0,0.0,0.0,0.0,0.0,0.0,0.0,0.0,0.0,0.0,0.0
t1703,0.0,0.0,0.0,0.0,0.0,0.0,0.0,0.0,0.0,0.0,0.0,0.0,0.0,0.0,0.0,0.0,0.0,0.0
t1704,0.0,0.0,0.0,0.0,0.0,0.0,0.0,0.0,0.0,0.0,0.0,0.0,0.0,0.0,0.0,0.0,0.0,0.0
t1705,0.0,0.0,0.0,0.0,0.0,0.0,0.0,0.0,0.0,0.0,0.0,0.0,0.0,0.0,0.0,0.0,0.0,0.0
t1706,0.0,0.0,0.0,0.0,0.0,0.0,0.0,0.0,0.0,0.0,0.0,0.0,0.0,0.0,0.0,0.0,0.0,0.0
t1707,0.0,0.0,0.0,0.0,0.0,0.0,0.0,0.0,0.0,0.0,0.0,0.0,0.0,0.0,0.0,0.0,0.0,0.0
t1708,0.0,0.0,0.0,0.0,0.0,0.0,0.0,0.0,0.0,0.0,0.0,0.0,0.0,0.0,0.0,0.0,0.0,0.0
t1709,0.0,0.0,0.0,0.0,0.0,0.0,0.0,0.0,0.0,0.0,0.0,0.0,0.0,0.0,0.0,0.0,0.0,0.0
t1710,0.0,0.0,0.0,0.0,0.0,0.0,0.0,0.0,0.0,0.0,0.0,0.0,0.0,0.0,0.0,0.0,0.0,0.0
t1711,0.0,0.0,0.0,0.0,0.0,0.0,0.0,0.0,0.0,0.0,0.0,0.0,0.0,0.0,0.0,0.0,0.0,0.0
t1712,0.0,0.0,0.0,0.0,0.0,0.0,0.0,1559.9999999999998,0.0,0.0,0.0,0.0,0.0,0.0,0.0,0.0,0.0,1559.9999999999998
t1713,448.15907347428106,92.30769225,0.0,0.0,0.0,0.0,1265.6073214700002,1559.9999999999998,0.0,0.0,0.0,0.0,0.0,0.0,0.0,0.0,0.0,3366.0740871942808
t1714,972.1875000000001,0.0,1296.0000000000002,0.0,0.0,2501.1317466072437,1275.80838375,1559.9999999999998,0.0,0.0,0.0,0.0,0.0,0.0,0.0,0.0,0.0,7605.127630357244
t1715,0.0,0.0,824.7120935056128,0.0,0.0,6920.0,1275.80838375,42.60694380597846,0.0,0.0,0.0,0.0,0.0,0.0,0.0,0.0,0.0,9063.127421061592
t1716,972.1875000000001,21.053536742335698,981.5140463850672,0.0,0.0,6920.0,0.0,184.79477307491865,0.0,0.0,0.0,0.0,0.0,0.0,0.0,0.0,0.0,9079.54985620232
t1717,972.1875000000001,92.30769225,912.692241464278,0.0,0.0,6920.0,1275.80838375,823.6792544598314,0.0,0.0,0.0,0.0,0.0,0.0,0.0,0.0,0.0,10996.67507192411
t1718,734.3821313459799,92.30769225,1296.0000000000002,0.0,0.0,4045.104687389857,0.0,846.4586282937119,0.0,0.0,0.0,0.0,0.0,0.0,0.0,0.0,0.0,7014.253139279549
t1719,0.0,91.22691287000023,153.4991321875007,0.0,0.0,1871.0546105351625,286.24968475515186,0.0,0.0,0.0,0.0,0.0,0.0,0.0,0.0,0.0,0.0,2402.0303403478156
t1720,0.0,0.0,0.0,0.0,0.0,0.0,0.0,0.0,0.0,0.0,0.0,0.0,0.0,0.0,0.0,0.0,0.0,0.0
t1721,0.0,0.0,0.0,0.0,0.0,0.0,0.0,0.0,0.0,0.0,0.0,0.0,0.0,0.0,0.0,0.0,0.0,0.0
t1722,0.0,0.0,0.0,0.0,0.0,0.0,0.0,0.0,0.0,0.0,0.0,0.0,0.0,0.0,0.0,0.0,0.0,0.0
t1723,0.0,0.0,0.0,0.0,0.0,0.0,0.0,0.0,0.0,0.0,0.0,0.0,0.0,0.0,0.0,0.0,0.0,0.0
t1724,0.0,0.0,0.0,0.0,0.0,0.0,0.0,0.0,0.0,0.0,0.0,0.0,0.0,0.0,0.0,0.0,0.0,0.0
t1725,0.0,0.0,0.0,0.0,0.0,0.0,0.0,0.0,0.0,0.0,0.0,0.0,0.0,0.0,0.0,0.0,0.0,0.0
t1726,0.0,0.0,0.0,0.0,0.0,0.0,0.0,0.0,0.0,0.0,0.0,0.0,0.0,0.0,0.0,0.0,0.0,0.0
t1727,0.0,0.0,0.0,0.0,0.0,0.0,0.0,0.0,0.0,0.0,0.0,0.0,0.0,0.0,0.0,0.0,0.0,0.0
t1728,0.0,0.0,0.0,0.0,0.0,0.0,0.0,0.0,0.0,0.0,0.0,0.0,0.0,0.0,0.0,0.0,0.0,0.0
t1729,0.0,0.0,0.0,0.0,0.0,0.0,0.0,0.0,0.0,0.0,0.0,0.0,0.0,0.0,0.0,0.0,0.0,0.0
t1730,0.0,0.0,0.0,0.0,0.0,0.0,0.0,0.0,0.0,0.0,0.0,0.0,0.0,0.0,0.0,0.0,0.0,0.0
t1731,0.0,0.0,0.0,0.0,0.0,0.0,0.0,0.0,0.0,0.0,0.0,0.0,0.0,0.0,0.0,0.0,0.0,0.0
t1732,0.0,0.0,0.0,0.0,0.0,0.0,0.0,0.0,0.0,0.0,0.0,0.0,0.0,0.0,0.0,0.0,0.0,0.0
t1733,0.0,0.0,0.0,0.0,0.0,0.0,0.0,0.0,0.0,0.0,0.0,0.0,0.0,0.0,0.0,0.0,0.0,0.0
t1734,0.0,0.0,0.0,0.0,0.0,0.0,0.0,0.0,0.0,0.0,0.0,0.0,0.0,0.0,0.0,0.0,0.0,0.0
t1735,0.0,0.0,0.0,0.0,0.0,0.0,0.0,0.0,0.0,0.0,0.0,0.0,0.0,0.0,0.0,0.0,0.0,0.0
t1736,0.0,0.0,1296.0000000000002,0.0,0.0,0.0,321.06544474515204,0.0,0.0,0.0,0.0,0.0,0.0,0.0,0.0,0.0,0.0,1617.0654447451523
t1737,418.2253863550378,92.30769225,328.62109861323097,0.0,0.0,3752.4788692087636,0.0,1559.9999999999998,0.0,0.0,0.0,0.0,0.0,0.0,0.0,0.0,0.0,6151.633046427032
t1738,764.3158184652234,19.972757362335923,1082.7587666106285,0.0,0.0,6920.0,0.0,1559.9999999999998,0.0,0.0,0.0,0.0,0.0,0.0,0.0,0.0,0.0,10347.047342438187
t1739,972.1875000000001,0.0,0.0,0.0,0.0,6920.0,1275.80838375,1559.9999999999998,0.0,0.0,0.0,0.0,0.0,0.0,0.0,0.0,0.0,10727.99588375
t1740,0.0,0.0,1296.0000000000002,0.0,0.0,6920.0,1275.80838375,0.0,0.0,0.0,0.0,0.0,0.0,0.0,0.0,0.0,0.0,9491.80838375
t1741,972.1875000000001,92.30769225,818.7089147084456,0.0,0.0,4284.123597521198,0.0,1559.9999999999998,0.0,0.0,0.0,0.0,0.0,0.0,0.0,0.0,0.0,7727.327704479643
t1742,972.1875000000001,92.30769225,642.3287336101538,0.0,0.0,0.0,1275.80838375,337.53959963444066,0.0,0.0,0.0,0.0,0.0,0.0,0.0,0.0,0.0,3320.1719092445946
t1743,0.0,92.30769225,0.0,0.0,0.0,380.6885778023001,1230.7915614800002,0.0,0.0,0.0,0.0,0.0,0.0,0.0,0.0,0.0,0.0,1703.7878315323003
t1744,0.0,0.0,0.0,0.0,0.0,0.0,0.0,0.0,0.0,0.0,0.0,0.0,0.0,0.0,0.0,0.0,0.0,0.0
t1745,0.0,0.0,0.0,0.0,0.0,0.0,0.0,0.0,0.0,0.0,0.0,0.0,0.0,0.0,0.0,0.0,0.0,0.0
t1746,0.0,0.0,0.0,0.0,0.0,0.0,0.0,0.0,0.0,0.0,0.0,0.0,0.0,0.0,0.0,0.0,0.0,0.0
t1747,0.0,0.0,0.0,0.0,0.0,0.0,0.0,0.0,0.0,0.0,0.0,0.0,0.0,0.0,0.0,0.0,0.0,0.0
t1748,0.0,0.0,0.0,0.0,0.0,0.0,0.0,0.0,0.0,0.0,0.0,0.0,0.0,0.0,0.0,0.0,0.0,0.0
t1749,0.0,0.0,0.0,0.0,0.0,0.0,0.0,0.0,0.0,0.0,0.0,0.0,0.0,0.0,0.0,0.0,0.0,0.0
t1750,0.0,0.0,0.0,0.0,0.0,0.0,0.0,0.0,0.0,0.0,0.0,0.0,0.0,0.0,0.0,0.0,0.0,0.0
t1751,0.0,0.0,0.0,0.0,0.0,0.0,0.0,0.0,0.0,0.0,0.0,0.0,0.0,0.0,0.0,0.0,0.0,0.0
t1752,0.0,0.0,0.0,0.0,0.0,0.0,0.0,0.0,0.0,0.0,0.0,0.0,0.0,0.0,0.0,0.0,0.0,0.0
t1753,0.0,0.0,0.0,0.0,0.0,0.0,0.0,0.0,0.0,0.0,0.0,0.0,0.0,0.0,0.0,0.0,0.0,0.0
t1754,0.0,0.0,0.0,0.0,0.0,0.0,0.0,0.0,0.0,0.0,0.0,0.0,0.0,0.0,0.0,0.0,0.0,0.0
t1755,0.0,0.0,0.0,0.0,0.0,0.0,0.0,0.0,0.0,0.0,0.0,0.0,0.0,0.0,0.0,0.0,0.0,0.0
t1756,0.0,0.0,0.0,0.0,0.0,0.0,0.0,0.0,0.0,0.0,0.0,0.0,0.0,0.0,0.0,0.0,0.0,0.0
t1757,0.0,0.0,0.0,0.0,0.0,0.0,0.0,0.0,0.0,0.0,0.0,0.0,0.0,0.0,0.0,0.0,0.0,0.0
t1758,0.0,0.0,0.0,0.0,0.0,0.0,0.0,0.0,0.0,0.0,0.0,0.0,0.0,0.0,0.0,0.0,0.0,0.0
t1759,0.0,0.0,0.0,0.0,0.0,0.0,0.0,0.0,0.0,0.0,0.0,0.0,0.0,0.0,0.0,0.0,0.0,0.0
t1760,0.0,0.0,1296.0000000000002,0.0,0.0,0.0,0.0,474.09701511267417,0.0,0.0,0.0,0.0,0.0,0.0,0.0,0.0,0.0,1770.0970151126744
t1761,685.0613413661038,19.972757362335923,286.01309015069035,0.0,0.0,0.0,0.0,1559.9999999999998,0.0,0.0,0.0,0.0,0.0,0.0,0.0,0.0,0.0,2551.04718887913
t1762,972.1875000000001,92.30769225,1242.6201014875699,0.0,0.0,6920.0,0.0,1559.9999999999998,0.0,0.0,0.0,0.0,0.0,0.0,0.0,0.0,0.0,10787.11529373757
t1763,972.1875000000001,0.0,0.0,0.0,0.0,6920.0,1275.80838375,1559.9999999999998,0.0,0.0,0.0,0.0,0.0,0.0,0.0,0.0,0.0,10727.99588375
t1764,972.1875000000001,0.0,1296.0000000000002,0.0,0.0,6920.0,276.0486224751521,599.4782136418905,0.0,0.0,0.0,0.0,0.0,0.0,0.0,0.0,0.0,10063.714336117042
t1765,0.0,92.30769225,658.5047691902287,0.0,0.0,5597.72372104404,1275.80838375,408.2905345694985,0.0,0.0,0.0,0.0,0.0,0.0,0.0,0.0,0.0,8032.635100803767
t1766,497.479863454158,92.30769225,673.746216000922,0.0,0.0,0.0,1275.80838375,0.0,0.0,0.0,0.0,0.0,0.0,0.0,0.0,0.0,0.0,2539.34215545508
t1767,0.0,92.30769225,11.533336713047015,0.0,0.0,2819.567323488222,1275.80838375,415.67383631037706,0.0,0.0,0.0,0.0,0.0,0.0,0.0,0.0,0.0,4614.890572511646
t1768,0.0,0.0,0.0,0.0,0.0,0.0,0.0,0.0,0.0,0.0,0.0,0.0,0.0,0.0,0.0,0.0,0.0,0.0
t1769,0.0,0.0,0.0,0.0,0.0,0.0,0.0,0.0,0.0,0.0,0.0,0.0,0.0,0.0,0.0,0.0,0.0,0.0
t1770,0.0,0.0,0.0,0.0,0.0,0.0,0.0,0.0,0.0,0.0,0.0,0.0,0.0,0.0,0.0,0.0,0.0,0.0
t1771,0.0,0.0,0.0,0.0,0.0,0.0,0.0,0.0,0.0,0.0,0.0,0.0,0.0,0.0,0.0,0.0,0.0,0.0
t1772,0.0,0.0,0.0,0.0,0.0,0.0,0.0,0.0,0.0,0.0,0.0,0.0,0.0,0.0,0.0,0.0,0.0,0.0
t1773,0.0,0.0,0.0,0.0,0.0,0.0,0.0,0.0,0.0,0.0,0.0,0.0,0.0,0.0,0.0,0.0,0.0,0.0
t1774,0.0,0.0,0.0,0.0,0.0,0.0,0.0,0.0,0.0,0.0,0.0,0.0,0.0,0.0,0.0,0.0,0.0,0.0
t1775,0.0,0.0,0.0,0.0,0.0,0.0,0.0,0.0,0.0,0.0,0.0,0.0,0.0,0.0,0.0,0.0,0.0,0.0
t1776,0.0,0.0,0.0,0.0,0.0,0.0,0.0,0.0,0.0,0.0,0.0,0.0,0.0,0.0,0.0,0.0,0.0,0.0
t1777,0.0,0.0,0.0,0.0,0.0,0.0,0.0,0.0,0.0,0.0,0.0,0.0,0.0,0.0,0.0,0.0,0.0,0.0
t1778,0.0,0.0,0.0,0.0,0.0,0.0,0.0,0.0,0.0,0.0,0.0,0.0,0.0,0.0,0.0,0.0,0.0,0.0
t1779,0.0,0.0,0.0,0.0,0.0,0.0,0.0,0.0,0.0,0.0,0.0,0.0,0.0,0.0,0.0,0.0,0.0,0.0
t1780,0.0,0.0,0.0,0.0,0.0,0.0,0.0,0.0,0.0,0.0,0.0,0.0,0.0,0.0,0.0,0.0,0.0,0.0
t1781,0.0,0.0,0.0,0.0,0.0,0.0,0.0,0.0,0.0,0.0,0.0,0.0,0.0,0.0,0.0,0.0,0.0,0.0
t1782,0.0,0.0,0.0,0.0,0.0,0.0,0.0,0.0,0.0,0.0,0.0,0.0,0.0,0.0,0.0,0.0,0.0,0.0
t1783,0.0,0.0,0.0,0.0,0.0,0.0,0.0,0.0,0.0,0.0,0.0,0.0,0.0,0.0,0.0,0.0,0.0,0.0
t1784,398.3552670457402,92.30769225,0.0,0.0,0.0,0.0,143.88742651059695,337.5395996344411,0.0,0.0,0.0,0.0,0.0,0.0,0.0,0.0,0.0,972.0899854407783
t1785,784.1859377745211,0.0,1296.0000000000002,0.0,0.0,3313.203334770996,705.3935520737493,1559.9999999999998,0.0,0.0,0.0,0.0,0.0,0.0,0.0,0.0,0.0,7658.782824619267
t1786,972.1875000000001,92.30769225,580.7595073540284,0.0,0.0,6920.0,518.867370543543,1559.9999999999998,0.0,0.0,0.0,0.0,0.0,0.0,0.0,0.0,0.0,10644.122070147572
t1787,972.1875000000001,92.30769225,1282.0707709732262,0.0,0.0,6920.0,0.0,1559.9999999999998,0.0,0.0,0.0,0.0,0.0,0.0,0.0,0.0,0.0,10826.565963223227
t1788,972.1875000000001,0.0,0.0,0.0,0.0,6920.0,1275.80838375,1559.9999999999998,0.0,0.0,0.0,0.0,0.0,0.0,0.0,0.0,0.0,10727.99588375
t1789,0.0,19.97275736233589,827.5213556076012,0.0,0.0,5104.087709761267,1275.80838375,0.0,0.0,0.0,0.0,0.0,0.0,0.0,0.0,0.0,0.0,7227.390206481205
t1790,0.0,0.0,182.06587960760268,0.0,0.0,0.0,1275.80838375,0.0,0.0,0.0,0.0,0.0,0.0,0.0,0.0,0.0,0.0,1457.8742633576028
t1791,0.0,92.30769225,1296.0000000000002,0.0,0.0,0.0,183.70865709726272,0.0,0.0,0.0,0.0,0.0,0.0,0.0,0.0,0.0,0.0,1572.0163493472628
t1792,0.0,0.0,0.0,0.0,0.0,0.0,0.0,0.0,0.0,0.0,0.0,0.0,0.0,0.0,0.0,0.0,0.0,0.0
t1793,0.0,0.0,0.0,0.0,0.0,0.0,0.0,0.0,0.0,0.0,0.0,0.0,0.0,0.0,0.0,0.0,0.0,0.0
t1794,0.0,0.0,0.0,0.0,0.0,0.0,0.0,0.0,0.0,0.0,0.0,0.0,0.0,0.0,0.0,0.0,0.0,0.0
t1795,0.0,0.0,0.0,0.0,0.0,0.0,0.0,0.0,0.0,0.0,0.0,0.0,0.0,0.0,0.0,0.0,0.0,0.0
t1796,0.0,0.0,0.0,0.0,0.0,0.0,0.0,0.0,0.0,0.0,0.0,0.0,0.0,0.0,0.0,0.0,0.0,0.0
t1797,0.0,0.0,0.0,0.0,0.0,0.0,0.0,0.0,0.0,0.0,0.0,0.0,0.0,0.0,0.0,0.0,0.0,0.0
t1798,0.0,0.0,0.0,0.0,0.0,0.0,0.0,0.0,0.0,0.0,0.0,0.0,0.0,0.0,0.0,0.0,0.0,0.0
t1799,0.0,0.0,0.0,0.0,0.0,0.0,0.0,0.0,0.0,0.0,0.0,0.0,0.0,0.0,0.0,0.0,0.0,0.0
t1800,0.0,0.0,0.0,0.0,0.0,0.0,0.0,0.0,0.0,0.0,0.0,0.0,0.0,0.0,0.0,0.0,0.0,0.0
t1801,0.0,0.0,0.0,0.0,0.0,0.0,0.0,0.0,0.0,0.0,0.0,0.0,0.0,0.0,0.0,0.0,0.0,0.0
t1802,0.0,0.0,0.0,0.0,0.0,0.0,0.0,0.0,0.0,0.0,0.0,0.0,0.0,0.0,0.0,0.0,0.0,0.0
t1803,0.0,0.0,0.0,0.0,0.0,0.0,0.0,0.0,0.0,0.0,0.0,0.0,0.0,0.0,0.0,0.0,0.0,0.0
t1804,0.0,0.0,0.0,0.0,0.0,0.0,0.0,0.0,0.0,0.0,0.0,0.0,0.0,0.0,0.0,0.0,0.0,0.0
t1805,0.0,0.0,0.0,0.0,0.0,0.0,0.0,0.0,0.0,0.0,0.0,0.0,0.0,0.0,0.0,0.0,0.0,0.0
t1806,0.0,0.0,0.0,0.0,0.0,0.0,0.0,0.0,0.0,0.0,0.0,0.0,0.0,0.0,0.0,0.0,0.0,0.0
t1807,0.0,71.83445699973551,397.11591040736937,0.0,0.0,0.0,0.0,0.0,0.0,0.0,0.0,0.0,0.0,0.0,0.0,0.0,0.0,468.95036740710486
t1808,0.0,0.0,0.0,0.0,0.0,0.0,278.9408353051521,1045.6260783860546,0.0,0.0,0.0,0.0,0.0,0.0,0.0,0.0,0.0,1324.5669136912068
t1809,795.2048608952102,0.0,409.27401415069056,0.0,0.0,99.38995412515395,0.0,1559.9999999999998,0.0,0.0,0.0,0.0,0.0,0.0,0.0,0.0,0.0,2863.8688291710546
t1810,972.1875000000001,92.30769225,318.36511492645786,0.0,0.0,6920.0,1275.80838375,1559.9999999999998,0.0,0.0,0.0,0.0,0.0,0.0,0.0,0.0,0.0,11138.668690926457
t1811,972.1875000000001,92.30769225,823.1178389683439,0.0,0.0,6920.0,0.0,1559.9999999999998,0.0,0.0,0.0,0.0,0.0,0.0,0.0,0.0,0.0,10367.613031218345
t1812,972.1875000000001,0.0,889.7796009683447,0.0,0.0,6920.0,1275.80838375,710.1211166526083,0.0,0.0,0.0,0.0,0.0,0.0,0.0,0.0,0.0,10767.896601370952
t1813,387.3363439250516,40.445992612600435,735.2262552606268,0.0,0.0,6920.0,1275.80838375,141.7924045957779,0.0,0.0,0.0,0.0,0.0,0.0,0.0,0.0,0.0,9500.609380144057
t1814,0.0,0.0,595.5387788606262,0.0,0.0,0.0,0.0,0.0,0.0,0.0,0.0,0.0,0.0,0.0,0.0,0.0,0.0,595.5387788606262
t1815,0.0,92.30769225,1296.0000000000002,0.0,0.0,1397.9010904071083,1272.9161709200002,0.0,0.0,0.0,0.0,0.0,0.0,0.0,0.0,0.0,0.0,4059.124953577109
t1816,0.0,0.0,0.0,0.0,0.0,0.0,0.0,0.0,0.0,0.0,0.0,0.0,0.0,0.0,0.0,0.0,0.0,0.0
t1817,0.0,0.0,0.0,0.0,0.0,0.0,0.0,0.0,0.0,0.0,0.0,0.0,0.0,0.0,0.0,0.0,0.0,0.0
t1818,0.0,0.0,0.0,0.0,0.0,0.0,0.0,0.0,0.0,0.0,0.0,0.0,0.0,0.0,0.0,0.0,0.0,0.0
t1819,0.0,0.0,0.0,0.0,0.0,0.0,0.0,0.0,0.0,0.0,0.0,0.0,0.0,0.0,0.0,0.0,0.0,0.0
t1820,0.0,0.0,0.0,0.0,0.0,0.0,0.0,0.0,0.0,0.0,0.0,0.0,0.0,0.0,0.0,0.0,0.0,0.0
t1821,0.0,0.0,0.0,0.0,0.0,0.0,0.0,0.0,0.0,0.0,0.0,0.0,0.0,0.0,0.0,0.0,0.0,0.0
t1822,0.0,0.0,0.0,0.0,0.0,0.0,0.0,0.0,0.0,0.0,0.0,0.0,0.0,0.0,0.0,0.0,0.0,0.0
t1823,0.0,0.0,0.0,0.0,0.0,0.0,0.0,0.0,0.0,0.0,0.0,0.0,0.0,0.0,0.0,0.0,0.0,0.0
t1824,0.0,0.0,0.0,0.0,0.0,0.0,0.0,0.0,0.0,0.0,0.0,0.0,0.0,0.0,0.0,0.0,0.0,0.0
t1825,0.0,0.0,0.0,0.0,0.0,0.0,0.0,0.0,0.0,0.0,0.0,0.0,0.0,0.0,0.0,0.0,0.0,0.0
t1826,0.0,0.0,0.0,0.0,0.0,0.0,0.0,0.0,0.0,0.0,0.0,0.0,0.0,0.0,0.0,0.0,0.0,0.0
t1827,0.0,0.0,0.0,0.0,0.0,0.0,0.0,0.0,0.0,0.0,0.0,0.0,0.0,0.0,0.0,0.0,0.0,0.0
t1828,0.0,0.0,0.0,0.0,0.0,0.0,0.0,0.0,0.0,0.0,0.0,0.0,0.0,0.0,0.0,0.0,0.0,0.0
t1829,0.0,0.0,0.0,0.0,0.0,0.0,0.0,0.0,0.0,0.0,0.0,0.0,0.0,0.0,0.0,0.0,0.0,0.0
t1830,0.0,0.0,0.0,0.0,0.0,0.0,0.0,0.0,0.0,0.0,0.0,0.0,0.0,0.0,0.0,0.0,0.0,0.0
t1831,0.0,92.05849664102186,668.8464485432575,0.0,0.0,0.0,0.0,0.0,0.0,0.0,0.0,0.0,0.0,0.0,0.0,0.0,0.0,760.9049451842793
t1832,210.35370482026113,92.30769225,1296.0000000000002,0.0,0.0,0.0,609.4690206964149,1559.9999999999998,0.0,0.0,0.0,0.0,0.0,0.0,0.0,0.0,0.0,3768.130417766676
t1833,972.1875000000001,44.99741286999998,674.4593512150357,0.0,0.0,1534.988189006625,0.0,1201.9356701199956,0.0,0.0,0.0,0.0,0.0,0.0,0.0,0.0,0.0,4428.568123211657
t1834,972.1875000000001,41.196712870000205,310.9489214443922,0.0,1952.080031303965,6920.0,1275.80838375,0.0,0.0,0.0,0.0,0.0,0.0,0.0,0.0,0.0,0.0,11472.221549368356
t1835,972.1875000000001,26.335519481313913,0.0,0.0,2483.3595739522484,4727.201833519999,267.2720780900002,1559.9999999999998,0.0,0.0,0.0,0.0,0.0,0.0,0.0,0.0,0.0,10036.35650504356
t1836,0.0,0.0,0.0,0.0,2211.5950095953076,4872.047663919999,143.77084878000025,1263.2869730091763,0.0,0.0,0.0,0.0,0.0,0.0,0.0,0.0,0.0,8490.700495304483
t1837,972.1875000000001,0.0,1296.0000000000002,0.0,1002.0824942444677,3552.3167759949483,1275.80838375,414.4711623862783,0.0,0.0,0.0,0.0,0.0,0.0,0.0,0.0,0.0,8512.866316375696
t1838,0.0,0.0,902.9995295537179,0.0,0.0,1958.6160092475898,0.0,577.8457941189891,0.0,0.0,0.0,0.0,0.0,0.0,0.0,0.0,0.0,3439.4613329202966
t1839,0.0,92.30769225,315.16326278605567,0.0,0.0,5612.120572843099,1275.80838375,0.0,0.0,0.0,0.0,0.0,0.0,0.0,0.0,0.0,0.0,7295.399911629154
t1840,0.0,0.0,0.0,0.0,0.0,0.0,531.3450586587369,0.0,0.0,0.0,0.0,0.0,0.0,0.0,0.0,0.0,0.0,531.3450586587369
t1841,0.0,0.0,0.0,0.0,0.0,0.0,0.0,0.0,0.0,0.0,0.0,0.0,0.0,0.0,0.0,0.0,0.0,0.0
t1842,0.0,0.0,0.0,0.0,0.0,0.0,0.0,0.0,0.0,0.0,0.0,0.0,0.0,0.0,0.0,0.0,0.0,0.0
t1843,0.0,0.0,0.0,0.0,0.0,0.0,0.0,0.0,0.0,0.0,0.0,0.0,0.0,0.0,0.0,0.0,0.0,0.0
t1844,0.0,0.0,0.0,0.0,0.0,0.0,0.0,0.0,0.0,0.0,0.0,0.0,0.0,0.0,0.0,0.0,0.0,0.0
t1845,0.0,0.0,0.0,0.0,0.0,0.0,0.0,0.0,0.0,0.0,0.0,0.0,0.0,0.0,0.0,0.0,0.0,0.0
t1846,0.0,0.0,0.0,0.0,0.0,0.0,0.0,0.0,0.0,0.0,0.0,0.0,0.0,0.0,0.0,0.0,0.0,0.0
t1847,0.0,0.0,0.0,0.0,0.0,0.0,0.0,0.0,0.0,0.0,0.0,0.0,0.0,0.0,0.0,0.0,0.0,0.0
t1848,0.0,0.0,0.0,0.0,0.0,0.0,0.0,0.0,0.0,0.0,0.0,0.0,0.0,0.0,0.0,0.0,0.0,0.0
t1849,0.0,0.0,0.0,0.0,0.0,0.0,0.0,0.0,0.0,0.0,0.0,0.0,0.0,0.0,0.0,0.0,0.0,0.0
t1850,0.0,0.0,0.0,0.0,0.0,0.0,0.0,0.0,0.0,0.0,0.0,0.0,0.0,0.0,0.0,0.0,0.0,0.0
t1851,107.98133057107239,0.0,0.0,0.0,0.0,0.0,0.0,0.0,0.0,0.0,0.0,0.0,0.0,0.0,0.0,0.0,0.0,107.98133057107239
t1852,647.8621253886122,21.05314142061782,0.0,0.0,0.0,0.0,0.0,26.0147294253974,0.0,0.0,0.0,0.0,0.0,0.0,0.0,0.0,0.0,694.9299962346274
t1853,0.0,0.0,0.0,0.0,0.0,0.0,0.0,0.0,0.0,0.0,0.0,0.0,0.0,0.0,0.0,0.0,0.0,0.0
t1854,0.0,0.0,0.0,0.0,0.0,0.0,0.0,0.0,0.0,0.0,0.0,0.0,0.0,0.0,0.0,0.0,0.0,0.0
t1855,0.0,0.0,0.0,0.0,0.0,0.0,0.0,0.0,0.0,0.0,0.0,0.0,0.0,0.0,0.0,0.0,0.0,0.0
t1856,68.75718323788948,0.0,0.0,0.0,0.0,0.0,0.0,0.0,0.0,0.0,0.0,0.0,0.0,0.0,0.0,0.0,0.0,68.75718323788948
t1857,101.15362783067577,92.30769225,1296.0000000000002,0.0,0.0,0.0,409.92431435000066,495.8144649110543,0.0,0.0,0.0,0.0,0.0,0.0,0.0,0.0,0.0,2395.200099341731
t1858,476.73451284378416,19.972757362335923,0.0,0.0,0.0,1943.298941567424,331.08560485650173,1496.0670025480335,0.0,0.0,0.0,0.0,0.0,0.0,0.0,0.0,0.0,4267.158819178079
t1859,641.6870594490221,0.0,1296.0000000000002,0.0,0.0,4299.28116242855,1275.80838375,1559.9999999999998,0.0,0.0,0.0,0.0,0.0,0.0,0.0,0.0,0.0,9072.776605627572
t1860,972.1875000000001,92.30769225,53.7235279091155,0.0,44.62413409122723,5971.629920246211,1275.80838375,1559.9999999999998,0.0,0.0,0.0,0.0,0.0,0.0,0.0,0.0,0.0,9970.281158246555
t1861,592.2414772234392,92.30769225,0.0,0.0,412.76593752541737,5135.449590901969,1275.80838375,1465.6581321753524,0.0,0.0,0.0,0.0,0.0,0.0,0.0,0.0,0.0,8974.231213826179
t1862,274.15484423545007,92.30769225,1296.0000000000002,0.0,144.3587578292267,3926.8615117022678,810.8470870186503,0.0,0.0,0.0,0.0,0.0,0.0,0.0,0.0,0.0,0.0,6544.529893035595
t1863,972.1875000000001,0.0,620.1831474146686,0.0,0.0,3374.639791567866,0.0,0.0,0.0,0.0,0.0,0.0,0.0,0.0,0.0,0.0,0.0,4967.010438982535
t1864,0.0,0.0,0.0,0.0,0.0,4526.130126117973,0.0,0.0,0.0,0.0,0.0,0.0,0.0,0.0,0.0,0.0,0.0,4526.130126117973
t1865,0.0,0.0,902.5108382186739,0.0,0.0,0.0,0.0,0.0,0.0,0.0,0.0,0.0,0.0,0.0,0.0,0.0,0.0,902.5108382186739
t1866,0.0,0.0,0.0,0.0,0.0,0.0,0.0,0.0,0.0,0.0,0.0,0.0,0.0,0.0,0.0,0.0,0.0,0.0
t1867,0.0,0.0,0.0,0.0,0.0,0.0,0.0,0.0,0.0,0.0,0.0,0.0,0.0,0.0,0.0,0.0,0.0,0.0
t1868,0.0,0.0,0.0,0.0,0.0,0.0,0.0,0.0,0.0,0.0,0.0,0.0,0.0,0.0,0.0,0.0,0.0,0.0
t1869,0.0,0.0,0.0,0.0,0.0,0.0,0.0,0.0,0.0,0.0,0.0,0.0,0.0,0.0,0.0,0.0,0.0,0.0
t1870,0.0,0.0,0.0,0.0,0.0,0.0,0.0,0.0,0.0,0.0,0.0,0.0,0.0,0.0,0.0,0.0,0.0,0.0
t1871,0.0,0.0,0.0,0.0,0.0,0.0,0.0,0.0,0.0,0.0,0.0,0.0,0.0,0.0,0.0,0.0,0.0,0.0
t1872,0.0,0.0,0.0,0.0,0.0,0.0,0.0,0.0,0.0,0.0,0.0,0.0,0.0,0.0,0.0,0.0,0.0,0.0
t1873,0.0,0.0,0.0,0.0,0.0,0.0,0.0,0.0,0.0,0.0,0.0,0.0,0.0,0.0,0.0,0.0,0.0,0.0
t1874,0.0,0.0,0.0,0.0,0.0,0.0,0.0,0.0,0.0,0.0,0.0,0.0,0.0,0.0,0.0,0.0,0.0,0.0
t1875,0.0,0.0,0.0,0.0,0.0,0.0,0.0,0.0,0.0,0.0,0.0,0.0,0.0,0.0,0.0,0.0,0.0,0.0
t1876,0.0,0.0,0.0,0.0,0.0,0.0,0.0,0.0,0.0,0.0,0.0,0.0,0.0,0.0,0.0,0.0,0.0,0.0
t1877,0.0,0.0,0.0,0.0,0.0,0.0,0.0,0.0,0.0,0.0,0.0,0.0,0.0,0.0,0.0,0.0,0.0,0.0
t1878,0.0,0.0,0.0,0.0,0.0,0.0,0.0,0.0,0.0,0.0,0.0,0.0,0.0,0.0,0.0,0.0,0.0,0.0
t1879,0.0,0.0,0.0,0.0,0.0,0.0,0.0,0.0,0.0,0.0,0.0,0.0,0.0,0.0,0.0,0.0,0.0,0.0
t1880,483.3932004723689,0.0,0.0,0.0,0.0,581.1244523275899,1165.1549458500003,533.9389924780127,0.0,0.0,0.0,0.0,0.0,0.0,0.0,0.0,0.0,2763.6115911279717
t1881,6.732194951216741,92.30769225,0.0,0.0,0.0,6799.139941369995,0.0,1402.6779351128546,0.0,0.0,0.0,0.0,0.0,0.0,0.0,0.0,0.0,8300.857763684066
t1882,972.1875000000001,92.30769225,1296.0000000000002,0.0,0.0,0.0,379.53987235515183,1536.9498267343286,0.0,0.0,0.0,0.0,0.0,0.0,0.0,0.0,0.0,4276.984891339481
t1883,594.6603483926183,92.30769225,1296.0000000000002,0.0,0.0,6920.0,1275.80838375,1559.9999999999998,0.0,0.0,0.0,0.0,0.0,0.0,0.0,0.0,0.0,11738.776424392618
t1884,972.1875000000001,19.97275736233589,1296.0000000000002,0.0,0.0,1742.6230796888274,1275.80838375,1117.565727205137,0.0,0.0,0.0,0.0,0.0,0.0,0.0,0.0,0.0,6424.1574480063
t1885,972.1875000000001,92.30769225,280.41751354245815,0.0,0.0,6782.253515693365,1275.80838375,426.4071181041074,0.0,0.0,0.0,0.0,0.0,0.0,0.0,0.0,0.0,9829.381723339931
t1886,97.75546100405779,0.0,0.0,0.0,0.0,0.0,7.162188020000126,0.0,0.0,0.0,0.0,0.0,0.0,0.0,0.0,0.0,0.0,104.91764902405792
t1887,0.0,0.0,0.0,0.0,0.0,6352.150055452484,0.0,0.0,0.0,0.0,0.0,0.0,0.0,0.0,0.0,0.0,0.0,6352.150055452484
t1888,0.0,0.0,1296.0000000000002,0.0,0.0,0.0,0.0,0.0,0.0,0.0,0.0,0.0,0.0,0.0,0.0,0.0,0.0,1296.0000000000002
t1889,0.0,0.0,0.0,0.0,0.0,0.0,0.0,0.0,0.0,0.0,0.0,0.0,0.0,0.0,0.0,0.0,0.0,0.0
t1890,0.0,0.0,0.0,0.0,0.0,0.0,0.0,0.0,0.0,0.0,0.0,0.0,0.0,0.0,0.0,0.0,0.0,0.0
t1891,0.0,0.0,0.0,0.0,0.0,0.0,0.0,0.0,0.0,0.0,0.0,0.0,0.0,0.0,0.0,0.0,0.0,0.0
t1892,0.0,0.0,0.0,0.0,0.0,0.0,0.0,0.0,0.0,0.0,0.0,0.0,0.0,0.0,0.0,0.0,0.0,0.0
t1893,0.0,0.0,0.0,0.0,0.0,0.0,0.0,0.0,0.0,0.0,0.0,0.0,0.0,0.0,0.0,0.0,0.0,0.0
t1894,0.0,0.0,0.0,0.0,0.0,0.0,0.0,0.0,0.0,0.0,0.0,0.0,0.0,0.0,0.0,0.0,0.0,0.0
t1895,0.0,0.0,0.0,0.0,0.0,0.0,0.0,0.0,0.0,0.0,0.0,0.0,0.0,0.0,0.0,0.0,0.0,0.0
t1896,0.0,0.0,0.0,0.0,0.0,0.0,0.0,0.0,0.0,0.0,0.0,0.0,0.0,0.0,0.0,0.0,0.0,0.0
t1897,0.0,0.0,0.0,0.0,0.0,0.0,0.0,0.0,0.0,0.0,0.0,0.0,0.0,0.0,0.0,0.0,0.0,0.0
t1898,0.0,0.0,0.0,0.0,0.0,0.0,0.0,0.0,0.0,0.0,0.0,0.0,0.0,0.0,0.0,0.0,0.0,0.0
t1899,0.0,0.0,0.0,0.0,0.0,0.0,0.0,0.0,0.0,0.0,0.0,0.0,0.0,0.0,0.0,0.0,0.0,0.0
t1900,0.0,0.0,0.0,0.0,0.0,0.0,0.0,0.0,0.0,0.0,0.0,0.0,0.0,0.0,0.0,0.0,0.0,0.0
t1901,0.0,0.0,0.0,0.0,0.0,0.0,0.0,0.0,0.0,0.0,0.0,0.0,0.0,0.0,0.0,0.0,0.0,0.0
t1902,0.0,0.0,0.0,0.0,0.0,0.0,0.0,0.0,0.0,0.0,0.0,0.0,0.0,0.0,0.0,0.0,0.0,0.0
t1903,0.0,0.0,0.0,0.0,0.0,0.0,0.0,0.0,0.0,0.0,0.0,0.0,0.0,0.0,0.0,0.0,0.0,0.0
t1904,789.9236637406881,0.0,1296.0000000000002,0.0,0.0,0.0,0.0,586.6976536726509,0.0,0.0,0.0,0.0,0.0,0.0,0.0,0.0,0.0,2672.621317413339
t1905,0.0,92.30769225,792.2366526736284,0.0,0.0,0.0,1275.80838375,1559.9999999999998,0.0,0.0,0.0,0.0,0.0,0.0,0.0,0.0,0.0,3720.352728673628
t1906,0.0,92.30769225,0.0,0.0,0.0,6920.0,1275.80838375,1559.9999999999998,0.0,0.0,0.0,0.0,0.0,0.0,0.0,0.0,0.0,9848.116076
t1907,972.1875000000001,92.30769225,0.0,0.0,0.0,742.0903674709556,123.80160241999994,1559.9999999999998,0.0,0.0,0.0,0.0,0.0,0.0,0.0,0.0,0.0,3490.3871621409553
t1908,392.61754107957296,92.30769225,1296.0000000000002,0.0,0.0,2052.6048404218714,1275.80838375,266.76644771362106,0.0,0.0,0.0,0.0,0.0,0.0,0.0,0.0,0.0,5376.104905215066
t1909,972.1875000000001,19.97275736233595,1100.7688160072762,0.0,0.0,6920.0,272.6997016900003,548.3829730146414,0.0,0.0,0.0,0.0,0.0,0.0,0.0,0.0,0.0,9834.011748074254
t1910,972.1875000000001,0.0,0.0,0.0,0.0,6920.0,0.0,495.6925252335281,0.0,0.0,0.0,0.0,0.0,0.0,0.0,0.0,0.0,8387.880025233528
t1911,0.0,0.0,979.4120448615545,0.0,0.0,5467.021943039077,0.0,0.0,0.0,0.0,0.0,0.0,0.0,0.0,0.0,0.0,0.0,6446.433987900631
t1912,0.0,0.0,0.0,0.0,0.0,155.57389360035992,1155.3557021151514,0.0,0.0,0.0,0.0,0.0,0.0,0.0,0.0,0.0,0.0,1310.9295957155114
t1913,0.0,0.0,0.0,0.0,0.0,0.0,0.0,0.0,0.0,0.0,0.0,0.0,0.0,0.0,0.0,0.0,0.0,0.0
t1914,0.0,0.0,0.0,0.0,0.0,0.0,0.0,0.0,0.0,0.0,0.0,0.0,0.0,0.0,0.0,0.0,0.0,0.0
t1915,0.0,0.0,0.0,0.0,0.0,0.0,0.0,0.0,0.0,0.0,0.0,0.0,0.0,0.0,0.0,0.0,0.0,0.0
t1916,0.0,0.0,0.0,0.0,0.0,0.0,0.0,0.0,0.0,0.0,0.0,0.0,0.0,0.0,0.0,0.0,0.0,0.0
t1917,0.0,0.0,0.0,0.0,0.0,0.0,0.0,0.0,0.0,0.0,0.0,0.0,0.0,0.0,0.0,0.0,0.0,0.0
t1918,0.0,0.0,0.0,0.0,0.0,0.0,0.0,0.0,0.0,0.0,0.0,0.0,0.0,0.0,0.0,0.0,0.0,0.0
t1919,0.0,0.0,0.0,0.0,0.0,0.0,0.0,0.0,0.0,0.0,0.0,0.0,0.0,0.0,0.0,0.0,0.0,0.0
t1920,0.0,0.0,0.0,0.0,0.0,0.0,0.0,0.0,0.0,0.0,0.0,0.0,0.0,0.0,0.0,0.0,0.0,0.0
t1921,0.0,0.0,0.0,0.0,0.0,0.0,0.0,0.0,0.0,0.0,0.0,0.0,0.0,0.0,0.0,0.0,0.0,0.0
t1922,0.0,0.0,0.0,0.0,0.0,0.0,0.0,0.0,0.0,0.0,0.0,0.0,0.0,0.0,0.0,0.0,0.0,0.0
t1923,0.0,0.0,0.0,0.0,0.0,0.0,0.0,0.0,0.0,0.0,0.0,0.0,0.0,0.0,0.0,0.0,0.0,0.0
t1924,0.0,0.0,0.0,0.0,0.0,0.0,0.0,0.0,0.0,0.0,0.0,0.0,0.0,0.0,0.0,0.0,0.0,0.0
t1925,0.0,0.0,0.0,0.0,0.0,0.0,0.0,0.0,0.0,0.0,0.0,0.0,0.0,0.0,0.0,0.0,0.0,0.0
t1926,0.0,0.0,0.0,0.0,0.0,0.0,0.0,0.0,0.0,0.0,0.0,0.0,0.0,0.0,0.0,0.0,0.0,0.0
t1927,0.0,0.0,0.0,0.0,0.0,0.0,0.0,0.0,0.0,0.0,0.0,0.0,0.0,0.0,0.0,0.0,0.0,0.0
t1928,731.8725687830838,0.0,1161.076149848971,0.0,0.0,2010.5500759405231,0.0,337.5395996344411,0.0,0.0,0.0,0.0,0.0,0.0,0.0,0.0,0.0,4241.038394207019
t1929,972.1875000000001,92.30769225,693.901350493656,0.0,0.0,5329.707269482538,1093.5933878351518,1559.9999999999998,0.0,0.0,0.0,0.0,0.0,0.0,0.0,0.0,0.0,9741.697200061346
t1930,972.1875000000001,19.972757362335923,1296.0000000000002,0.0,0.0,6920.0,0.0,1559.9999999999998,0.0,0.0,0.0,0.0,0.0,0.0,0.0,0.0,0.0,10768.160257362337
t1931,0.0,0.0,1296.0000000000002,0.0,0.0,3531.2124824109605,1275.80838375,1559.9999999999998,0.0,0.0,0.0,0.0,0.0,0.0,0.0,0.0,0.0,7663.02086616096
t1932,972.1875000000001,92.30769225,0.0,0.0,0.0,0.0,1275.80838375,1559.9999999999998,0.0,0.0,0.0,0.0,0.0,0.0,0.0,0.0,0.0,3900.3035760000002
t1933,0.0,92.30769225,1017.4400131998314,0.0,0.0,6253.036440695509,449.70958138000003,0.0,0.0,0.0,0.0,0.0,0.0,0.0,0.0,0.0,0.0,7812.49372752534
t1934,450.66863603717803,92.30769225,0.0,0.0,0.0,0.0,8.554037010000126,0.0,0.0,0.0,0.0,0.0,0.0,0.0,0.0,0.0,0.0,551.5303652971782
t1935,0.0,0.0,0.0,0.0,0.0,2917.1746361617516,1275.80838375,0.0,0.0,0.0,0.0,0.0,0.0,0.0,0.0,0.0,0.0,4192.983019911751
t1936,0.0,0.0,0.0,0.0,0.0,2215.6101398409824,0.0,0.0,0.0,0.0,0.0,0.0,0.0,0.0,0.0,0.0,0.0,2215.6101398409824
t1937,0.0,0.0,0.0,0.0,0.0,0.0,0.0,0.0,0.0,0.0,0.0,0.0,0.0,0.0,0.0,0.0,0.0,0.0
t1938,0.0,0.0,0.0,0.0,0.0,0.0,0.0,0.0,0.0,0.0,0.0,0.0,0.0,0.0,0.0,0.0,0.0,0.0
t1939,0.0,0.0,0.0,0.0,0.0,0.0,0.0,0.0,0.0,0.0,0.0,0.0,0.0,0.0,0.0,0.0,0.0,0.0
t1940,0.0,0.0,0.0,0.0,0.0,0.0,0.0,0.0,0.0,0.0,0.0,0.0,0.0,0.0,0.0,0.0,0.0,0.0
t1941,0.0,0.0,0.0,0.0,0.0,0.0,0.0,0.0,0.0,0.0,0.0,0.0,0.0,0.0,0.0,0.0,0.0,0.0
t1942,0.0,0.0,0.0,0.0,0.0,0.0,0.0,0.0,0.0,0.0,0.0,0.0,0.0,0.0,0.0,0.0,0.0,0.0
t1943,0.0,0.0,0.0,0.0,0.0,0.0,0.0,0.0,0.0,0.0,0.0,0.0,0.0,0.0,0.0,0.0,0.0,0.0
t1944,0.0,0.0,0.0,0.0,0.0,0.0,0.0,0.0,0.0,0.0,0.0,0.0,0.0,0.0,0.0,0.0,0.0,0.0
t1945,0.0,0.0,0.0,0.0,0.0,0.0,0.0,0.0,0.0,0.0,0.0,0.0,0.0,0.0,0.0,0.0,0.0,0.0
t1946,0.0,0.0,0.0,0.0,0.0,0.0,0.0,0.0,0.0,0.0,0.0,0.0,0.0,0.0,0.0,0.0,0.0,0.0
t1947,0.0,0.0,0.0,0.0,0.0,0.0,0.0,0.0,0.0,0.0,0.0,0.0,0.0,0.0,0.0,0.0,0.0,0.0
t1948,0.0,0.0,0.0,0.0,0.0,0.0,0.0,0.0,0.0,0.0,0.0,0.0,0.0,0.0,0.0,0.0,0.0,0.0
t1949,0.0,0.0,0.0,0.0,0.0,0.0,0.0,0.0,0.0,0.0,0.0,0.0,0.0,0.0,0.0,0.0,0.0,0.0
t1950,0.0,0.0,0.0,0.0,0.0,0.0,0.0,0.0,0.0,0.0,0.0,0.0,0.0,0.0,0.0,0.0,0.0,0.0
t1951,0.0,0.0,0.0,0.0,0.0,0.0,0.0,0.0,0.0,0.0,0.0,0.0,0.0,0.0,0.0,0.0,0.0,0.0
t1952,972.1875000000001,0.0,1180.1515489871829,0.0,0.0,0.0,726.5333215399999,632.9836758505106,0.0,0.0,0.0,0.0,0.0,0.0,0.0,0.0,0.0,3511.856046377694
t1953,210.35370482026113,92.30769225,619.9027665626431,0.0,0.0,5464.676424259097,0.0,1559.9999999999998,0.0,0.0,0.0,0.0,0.0,0.0,0.0,0.0,0.0,7947.240587892002
t1954,0.0,19.972757362335923,1296.0000000000002,0.0,0.0,0.0,1275.80838375,1559.9999999999998,0.0,0.0,0.0,0.0,0.0,0.0,0.0,0.0,0.0,4151.781141112336
t1955,972.1875000000001,92.30769225,1296.0000000000002,0.0,0.0,6920.0,327.80656250781567,1559.9999999999998,0.0,0.0,0.0,0.0,0.0,0.0,0.0,0.0,0.0,11168.301754757817
t1956,972.1875000000001,92.30769225,0.0,0.0,0.0,5782.017698118534,1275.80838375,651.7327447700001,0.0,0.0,0.0,0.0,0.0,0.0,0.0,0.0,0.0,8774.054018888535
t1957,972.1875000000001,92.30769225,972.1394414237797,0.0,1116.24070426323,6920.0,20.5952956100004,612.8231790139301,0.0,0.0,0.0,0.0,0.0,0.0,0.0,0.0,0.0,10706.293812560942
t1958,0.0,0.0,0.0,0.0,580.8278487152417,0.0,0.0,0.0,0.0,0.0,0.0,0.0,0.0,0.0,0.0,0.0,0.0,580.8278487152417
t1959,0.0,0.0,100.22375656885352,0.0,0.0,4090.596922154628,1275.80838375,0.0,0.0,0.0,0.0,0.0,0.0,0.0,0.0,0.0,0.0,5466.629062473481
t1960,0.0,0.0,0.0,0.0,0.0,0.0,476.9218265673358,0.0,0.0,0.0,0.0,0.0,0.0,0.0,0.0,0.0,0.0,476.9218265673358
t1961,0.0,0.0,0.0,0.0,0.0,0.0,0.0,0.0,0.0,0.0,0.0,0.0,0.0,0.0,0.0,0.0,0.0,0.0
t1962,0.0,0.0,0.0,0.0,0.0,0.0,0.0,0.0,0.0,0.0,0.0,0.0,0.0,0.0,0.0,0.0,0.0,0.0
t1963,0.0,0.0,0.0,0.0,0.0,0.0,0.0,0.0,0.0,0.0,0.0,0.0,0.0,0.0,0.0,0.0,0.0,0.0
t1964,0.0,0.0,0.0,0.0,0.0,0.0,0.0,0.0,0.0,0.0,0.0,0.0,0.0,0.0,0.0,0.0,0.0,0.0
t1965,0.0,0.0,0.0,0.0,0.0,0.0,0.0,0.0,0.0,0.0,0.0,0.0,0.0,0.0,0.0,0.0,0.0,0.0
t1966,0.0,0.0,0.0,0.0,0.0,0.0,0.0,0.0,0.0,0.0,0.0,0.0,0.0,0.0,0.0,0.0,0.0,0.0
t1967,0.0,0.0,0.0,0.0,0.0,0.0,0.0,0.0,0.0,0.0,0.0,0.0,0.0,0.0,0.0,0.0,0.0,0.0
t1968,0.0,0.0,0.0,0.0,0.0,0.0,0.0,0.0,0.0,0.0,0.0,0.0,0.0,0.0,0.0,0.0,0.0,0.0
t1969,0.0,0.0,0.0,0.0,0.0,0.0,0.0,0.0,0.0,0.0,0.0,0.0,0.0,0.0,0.0,0.0,0.0,0.0
t1970,0.0,0.0,0.0,0.0,0.0,0.0,0.0,0.0,0.0,0.0,0.0,0.0,0.0,0.0,0.0,0.0,0.0,0.0
t1971,0.0,0.0,0.0,0.0,0.0,0.0,0.0,0.0,0.0,0.0,0.0,0.0,0.0,0.0,0.0,0.0,0.0,0.0
t1972,0.0,0.0,0.0,0.0,0.0,0.0,0.0,0.0,0.0,0.0,0.0,0.0,0.0,0.0,0.0,0.0,0.0,0.0
t1973,0.0,0.0,0.0,0.0,0.0,0.0,0.0,0.0,0.0,0.0,0.0,0.0,0.0,0.0,0.0,0.0,0.0,0.0
t1974,0.0,0.0,0.0,0.0,0.0,0.0,0.0,0.0,0.0,0.0,0.0,0.0,0.0,0.0,0.0,0.0,0.0,0.0
t1975,0.0,0.0,0.0,0.0,0.0,0.0,432.17197040099734,0.0,0.0,0.0,0.0,0.0,0.0,0.0,0.0,0.0,0.0,432.17197040099734
t1976,972.1875000000001,0.0,1296.0000000000002,0.0,0.0,6920.0,0.0,1043.2774699152078,0.0,0.0,0.0,0.0,0.0,0.0,0.0,0.0,0.0,10231.464969915207
t1977,157.6150452367416,92.30769225,1296.0000000000002,0.0,0.0,0.0,427.68451688537726,1505.4306140010856,0.0,0.0,0.0,0.0,0.0,0.0,0.0,0.0,0.0,3479.0378683732047
t1978,972.1875000000001,92.30769225,1042.4505039347114,0.0,0.0,4155.1649863286075,363.96371262000036,1559.9999999999998,0.0,0.0,0.0,0.0,0.0,0.0,0.0,0.0,0.0,8186.07439513332
t1979,555.2116213705027,92.30769225,0.0,0.0,0.0,6920.0,577.4724526099997,1559.9999999999998,0.0,0.0,0.0,0.0,0.0,0.0,0.0,0.0,0.0,9704.991766230502
t1980,972.1875000000001,92.30769225,0.0,0.0,0.0,6920.0,1275.80838375,891.3724213743154,0.0,0.0,0.0,0.0,0.0,0.0,0.0,0.0,0.0,10151.675997374316
t1981,469.71453821301714,19.97275736233595,1267.1195340495617,0.0,0.0,1170.0877666830938,968.7434502787771,17.45909434383153,0.0,0.0,0.0,0.0,0.0,0.0,0.0,0.0,0.0,3913.0971409306176
t1982,0.0,0.0,0.0,0.0,0.0,0.0,57.629287180000155,0.0,0.0,0.0,0.0,0.0,0.0,0.0,0.0,0.0,0.0,57.629287180000155
t1983,0.0,0.0,562.8474755581854,0.0,0.0,3092.0382915205596,1275.80838375,0.0,0.0,0.0,0.0,0.0,0.0,0.0,0.0,0.0,0.0,4930.694150828745
t1984,0.0,0.0,0.0,0.0,0.0,0.0,0.0,0.0,0.0,0.0,0.0,0.0,0.0,0.0,0.0,0.0,0.0,0.0
t1985,0.0,0.0,0.0,0.0,0.0,0.0,0.0,0.0,0.0,0.0,0.0,0.0,0.0,0.0,0.0,0.0,0.0,0.0
t1986,0.0,0.0,0.0,0.0,0.0,0.0,0.0,0.0,0.0,0.0,0.0,0.0,0.0,0.0,0.0,0.0,0.0,0.0
t1987,0.0,0.0,0.0,0.0,0.0,0.0,0.0,0.0,0.0,0.0,0.0,0.0,0.0,0.0,0.0,0.0,0.0,0.0
t1988,0.0,0.0,0.0,0.0,0.0,0.0,0.0,0.0,0.0,0.0,0.0,0.0,0.0,0.0,0.0,0.0,0.0,0.0
t1989,0.0,0.0,0.0,0.0,0.0,0.0,0.0,0.0,0.0,0.0,0.0,0.0,0.0,0.0,0.0,0.0,0.0,0.0
t1990,0.0,0.0,0.0,0.0,0.0,0.0,0.0,0.0,0.0,0.0,0.0,0.0,0.0,0.0,0.0,0.0,0.0,0.0
t1991,0.0,0.0,0.0,0.0,0.0,0.0,0.0,0.0,0.0,0.0,0.0,0.0,0.0,0.0,0.0,0.0,0.0,0.0
t1992,0.0,0.0,0.0,0.0,0.0,0.0,0.0,0.0,0.0,0.0,0.0,0.0,0.0,0.0,0.0,0.0,0.0,0.0
t1993,0.0,0.0,0.0,0.0,0.0,0.0,0.0,0.0,0.0,0.0,0.0,0.0,0.0,0.0,0.0,0.0,0.0,0.0
t1994,0.0,0.0,0.0,0.0,0.0,0.0,0.0,0.0,0.0,0.0,0.0,0.0,0.0,0.0,0.0,0.0,0.0,0.0
t1995,0.0,0.0,0.0,0.0,0.0,0.0,0.0,0.0,0.0,0.0,0.0,0.0,0.0,0.0,0.0,0.0,0.0,0.0
t1996,0.0,0.0,0.0,0.0,0.0,0.0,0.0,0.0,0.0,0.0,0.0,0.0,0.0,0.0,0.0,0.0,0.0,0.0
t1997,0.0,0.0,0.0,0.0,0.0,0.0,0.0,0.0,0.0,0.0,0.0,0.0,0.0,0.0,0.0,0.0,0.0,0.0
t1998,0.0,0.0,0.0,0.0,0.0,0.0,0.0,0.0,0.0,0.0,0.0,0.0,0.0,0.0,0.0,0.0,0.0,0.0
t1999,0.0,0.0,293.2583418607778,0.0,0.0,370.54256185279354,0.0,0.0,0.0,0.0,0.0,0.0,0.0,0.0,0.0,0.0,0.0,663.8009037135714
t2000,972.1875000000001,0.0,0.0,0.0,0.0,0.0,0.0,957.8112436599102,0.0,0.0,0.0,0.0,0.0,0.0,0.0,0.0,0.0,1929.9987436599104
t2001,0.0,0.0,0.0,0.0,0.0,3235.9503364798875,1275.80838375,1559.9999999999998,0.0,0.0,0.0,0.0,0.0,0.0,0.0,0.0,0.0,6071.758720229887
t2002,972.1875000000001,19.972757362335923,377.818082406795,0.0,0.0,5731.6132286776365,251.41646877000002,1559.9999999999998,0.0,0.0,0.0,0.0,0.0,0.0,0.0,0.0,0.0,8913.008037216767
t2003,972.1875000000001,92.30769225,0.0,0.0,0.0,6920.0,444.05846074000044,1102.7974027962912,0.0,0.0,0.0,0.0,0.0,0.0,0.0,0.0,0.0,9531.351055786292
t2004,972.1875000000001,92.30769225,1296.0000000000002,0.0,793.9711076703009,1950.7896317497239,1275.80838375,1396.930953178239,0.0,0.0,0.0,0.0,0.0,0.0,0.0,0.0,0.0,7777.9952685982635
t2005,210.35370482026113,92.30769225,1296.0000000000002,0.0,438.19822858392274,2008.2164277231661,1275.80838375,0.0,0.0,0.0,0.0,0.0,0.0,0.0,0.0,0.0,0.0,5320.88443712735
t2006,0.0,92.30769225,1291.2202788908976,0.0,0.0,2956.466261194707,98.38922854000054,0.0,0.0,0.0,0.0,0.0,0.0,0.0,0.0,0.0,0.0,4438.383460875605
t2007,0.0,0.0,910.1208103839884,0.0,0.0,5040.600621510237,0.0,0.0,0.0,0.0,0.0,0.0,0.0,0.0,0.0,0.0,0.0,5950.721431894225
t2008,0.0,0.0,0.0,0.0,0.0,963.111975344106,757.9928481751508,0.0,0.0,0.0,0.0,0.0,0.0,0.0,0.0,0.0,0.0,1721.1048235192568
t2009,0.0,0.0,0.0,0.0,0.0,0.0,0.0,0.0,0.0,0.0,0.0,0.0,0.0,0.0,0.0,0.0,0.0,0.0
t2010,0.0,0.0,0.0,0.0,0.0,0.0,0.0,0.0,0.0,0.0,0.0,0.0,0.0,0.0,0.0,0.0,0.0,0.0
t2011,0.0,0.0,0.0,0.0,0.0,0.0,0.0,0.0,0.0,0.0,0.0,0.0,0.0,0.0,0.0,0.0,0.0,0.0
t2012,0.0,0.0,0.0,0.0,0.0,0.0,0.0,0.0,0.0,0.0,0.0,0.0,0.0,0.0,0.0,0.0,0.0,0.0
t2013,0.0,0.0,0.0,0.0,0.0,0.0,0.0,0.0,0.0,0.0,0.0,0.0,0.0,0.0,0.0,0.0,0.0,0.0
t2014,0.0,0.0,0.0,0.0,0.0,0.0,0.0,0.0,0.0,0.0,0.0,0.0,0.0,0.0,0.0,0.0,0.0,0.0
t2015,0.0,0.0,0.0,0.0,0.0,0.0,0.0,0.0,0.0,0.0,0.0,0.0,0.0,0.0,0.0,0.0,0.0,0.0
t2016,0.0,0.0,0.0,0.0,0.0,0.0,0.0,0.0,0.0,0.0,0.0,0.0,0.0,0.0,0.0,0.0,0.0,0.0
t2017,0.0,0.0,0.0,0.0,0.0,0.0,0.0,0.0,0.0,0.0,0.0,0.0,0.0,0.0,0.0,0.0,0.0,0.0
t2018,0.0,0.0,0.0,0.0,0.0,0.0,0.0,0.0,0.0,0.0,0.0,0.0,0.0,0.0,0.0,0.0,0.0,0.0
t2019,0.0,0.0,0.0,0.0,0.0,0.0,0.0,0.0,0.0,0.0,0.0,0.0,0.0,0.0,0.0,0.0,0.0,0.0
t2020,0.0,0.0,0.0,0.0,0.0,0.0,0.0,0.0,0.0,0.0,0.0,0.0,0.0,0.0,0.0,0.0,0.0,0.0
t2021,0.0,0.0,0.0,0.0,0.0,0.0,0.0,0.0,0.0,0.0,0.0,0.0,0.0,0.0,0.0,0.0,0.0,0.0
t2022,0.0,0.0,0.0,0.0,0.0,0.0,0.0,0.0,0.0,0.0,0.0,0.0,0.0,0.0,0.0,0.0,0.0,0.0
t2023,0.0,0.0,0.0,0.0,0.0,0.0,0.0,0.0,0.0,0.0,0.0,0.0,0.0,0.0,0.0,0.0,0.0,0.0
t2024,0.0,0.0,0.0,0.0,0.0,0.0,0.0,0.0,0.0,0.0,0.0,0.0,0.0,0.0,0.0,0.0,0.0,0.0
t2025,661.2063592827509,0.0,0.0,0.0,0.0,0.0,0.0,0.0,0.0,0.0,0.0,0.0,0.0,0.0,0.0,0.0,0.0,661.2063592827509
t2026,187.80075398339264,92.30769225,0.0,0.0,240.02612252200024,6920.0,0.0,0.0,0.0,0.0,0.0,0.0,0.0,0.0,0.0,0.0,0.0,7440.134568755393
t2027,972.1875000000001,0.0,0.0,0.0,1201.3810434780942,3806.616346883648,886.2063631900004,721.3488746217319,0.0,0.0,0.0,0.0,0.0,0.0,0.0,0.0,0.0,7587.740128173475
t2028,333.53409155411765,0.0,0.0,0.0,3408.605870706544,2289.866420026126,1275.80838375,960.0024092750465,0.0,0.0,0.0,0.0,0.0,0.0,0.0,0.0,0.0,8267.817175311835
t2029,972.1875000000001,92.30769225,0.0,0.0,3535.9999999999995,5189.5373474639355,1275.80838375,558.347434596921,0.0,0.0,0.0,0.0,0.0,0.0,0.0,0.0,0.0,11624.188358060856
t2030,0.0,0.0,0.0,0.0,3531.1472948716755,1323.6318619782437,1275.80838375,0.0,0.0,0.0,0.0,0.0,0.0,0.0,0.0,0.0,0.0,6130.5875405999195
t2031,972.1875000000001,0.0,0.0,0.0,2991.9294275930824,329.3794073541998,0.0,0.0,0.0,0.0,0.0,0.0,0.0,0.0,0.0,0.0,0.0,4293.496334947282
t2032,0.0,0.0,0.0,0.0,0.0,2470.5352822532764,0.0,0.0,0.0,0.0,0.0,0.0,0.0,0.0,0.0,0.0,0.0,2470.5352822532764
t2033,0.0,0.0,0.0,0.0,0.0,0.0,0.0,0.0,0.0,0.0,0.0,0.0,0.0,0.0,0.0,0.0,0.0,0.0
t2034,0.0,0.0,0.0,0.0,0.0,0.0,0.0,0.0,0.0,0.0,0.0,0.0,0.0,0.0,0.0,0.0,0.0,0.0
t2035,0.0,0.0,0.0,0.0,0.0,0.0,0.0,0.0,0.0,0.0,0.0,0.0,0.0,0.0,0.0,0.0,0.0,0.0
t2036,0.0,0.0,0.0,0.0,0.0,0.0,0.0,0.0,0.0,0.0,0.0,0.0,0.0,0.0,0.0,0.0,0.0,0.0
t2037,0.0,0.0,0.0,0.0,0.0,0.0,0.0,0.0,0.0,0.0,0.0,0.0,0.0,0.0,0.0,0.0,0.0,0.0
t2038,0.0,0.0,0.0,0.0,0.0,0.0,0.0,0.0,0.0,0.0,0.0,0.0,0.0,0.0,0.0,0.0,0.0,0.0
t2039,0.0,0.0,0.0,0.0,0.0,0.0,0.0,0.0,0.0,0.0,0.0,0.0,0.0,0.0,0.0,0.0,0.0,0.0
t2040,0.0,0.0,0.0,0.0,0.0,0.0,0.0,0.0,0.0,0.0,0.0,0.0,0.0,0.0,0.0,0.0,0.0,0.0
t2041,0.0,0.0,0.0,0.0,0.0,0.0,0.0,0.0,0.0,0.0,0.0,0.0,0.0,0.0,0.0,0.0,0.0,0.0
t2042,0.0,0.0,0.0,0.0,0.0,0.0,0.0,0.0,0.0,0.0,0.0,0.0,0.0,0.0,0.0,0.0,0.0,0.0
t2043,0.0,0.0,0.0,0.0,0.0,0.0,0.0,0.0,0.0,0.0,0.0,0.0,0.0,0.0,0.0,0.0,0.0,0.0
t2044,0.0,0.0,0.0,0.0,0.0,0.0,0.0,0.0,0.0,0.0,0.0,0.0,0.0,0.0,0.0,0.0,0.0,0.0
t2045,0.0,0.0,0.0,0.0,0.0,0.0,0.0,0.0,0.0,0.0,0.0,0.0,0.0,0.0,0.0,0.0,0.0,0.0
t2046,0.0,0.0,0.0,0.0,0.0,0.0,0.0,0.0,0.0,0.0,0.0,0.0,0.0,0.0,0.0,0.0,0.0,0.0
t2047,0.0,0.0,0.0,0.0,0.0,0.0,0.0,0.0,0.0,0.0,0.0,0.0,0.0,0.0,0.0,0.0,0.0,0.0
t2048,0.0,0.0,0.0,0.0,0.0,0.0,0.0,0.0,0.0,0.0,0.0,0.0,0.0,0.0,0.0,0.0,0.0,0.0
t2049,761.6041546330192,92.30769225,0.0,0.0,0.0,3303.5309534677713,1275.80838375,5.006735869692136,0.0,0.0,0.0,0.0,0.0,0.0,0.0,0.0,0.0,5438.257919970483
t2050,972.1875000000001,0.0,0.0,0.0,0.0,4124.878895803699,404.28058789,0.0,0.0,0.0,0.0,0.0,0.0,0.0,0.0,0.0,0.0,5501.346983693699
t2051,201.53573993209346,0.0,0.0,0.0,2827.9484162899016,2299.548729465727,381.9475053100001,1172.8173005659346,0.0,0.0,0.0,0.0,0.0,0.0,0.0,0.0,0.0,6883.797691563657
t2052,219.40131025514847,92.30769225,0.0,0.0,3535.9999999999995,3998.1876567325107,713.4556498200002,1299.429810357228,0.0,0.0,0.0,0.0,0.0,0.0,0.0,0.0,0.0,9858.782119414886
t2053,0.0,0.0,0.0,0.0,3535.9999999999995,4642.281562081358,1275.80838375,1214.6074505999738,0.0,0.0,0.0,0.0,0.0,0.0,0.0,0.0,0.0,10668.697396431331
t2054,972.1875000000001,0.0,0.0,0.0,3476.4335105436094,6920.0,768.3927925300001,544.5609686282497,0.0,0.0,0.0,0.0,0.0,0.0,0.0,0.0,0.0,12681.574771701858
t2055,972.1875000000001,0.0,0.0,0.0,1532.7078323378853,0.0,559.5888544251519,0.0,0.0,0.0,0.0,0.0,0.0,0.0,0.0,0.0,0.0,3064.4841867630375
t2056,0.0,0.0,0.0,0.0,0.0,0.0,0.0,0.0,0.0,0.0,0.0,0.0,0.0,0.0,0.0,0.0,0.0,0.0
t2057,0.0,0.0,0.0,0.0,0.0,0.0,0.0,0.0,0.0,0.0,0.0,0.0,0.0,0.0,0.0,0.0,0.0,0.0
t2058,0.0,0.0,0.0,0.0,0.0,0.0,0.0,0.0,0.0,0.0,0.0,0.0,0.0,0.0,0.0,0.0,0.0,0.0
t2059,0.0,0.0,0.0,0.0,0.0,0.0,0.0,0.0,0.0,0.0,0.0,0.0,0.0,0.0,0.0,0.0,0.0,0.0
t2060,0.0,0.0,0.0,0.0,0.0,0.0,0.0,0.0,0.0,0.0,0.0,0.0,0.0,0.0,0.0,0.0,0.0,0.0
t2061,0.0,0.0,0.0,0.0,0.0,0.0,0.0,0.0,0.0,0.0,0.0,0.0,0.0,0.0,0.0,0.0,0.0,0.0
t2062,0.0,0.0,0.0,0.0,0.0,0.0,0.0,0.0,0.0,0.0,0.0,0.0,0.0,0.0,0.0,0.0,0.0,0.0
t2063,0.0,0.0,0.0,0.0,0.0,0.0,0.0,0.0,0.0,0.0,0.0,0.0,0.0,0.0,0.0,0.0,0.0,0.0
t2064,0.0,0.0,0.0,0.0,0.0,0.0,0.0,0.0,0.0,0.0,0.0,0.0,0.0,0.0,0.0,0.0,0.0,0.0
t2065,0.0,0.0,0.0,0.0,0.0,0.0,0.0,0.0,0.0,0.0,0.0,0.0,0.0,0.0,0.0,0.0,0.0,0.0
t2066,0.0,0.0,0.0,0.0,0.0,0.0,0.0,0.0,0.0,0.0,0.0,0.0,0.0,0.0,0.0,0.0,0.0,0.0
t2067,0.0,0.0,0.0,0.0,0.0,0.0,0.0,0.0,0.0,0.0,0.0,0.0,0.0,0.0,0.0,0.0,0.0,0.0
t2068,0.0,0.0,0.0,0.0,0.0,0.0,0.0,0.0,0.0,0.0,0.0,0.0,0.0,0.0,0.0,0.0,0.0,0.0
t2069,0.0,0.0,0.0,0.0,0.0,0.0,0.0,0.0,0.0,0.0,0.0,0.0,0.0,0.0,0.0,0.0,0.0,0.0
t2070,0.0,0.0,0.0,0.0,0.0,0.0,0.0,0.0,0.0,0.0,0.0,0.0,0.0,0.0,0.0,0.0,0.0,0.0
t2071,0.0,0.0,0.0,0.0,0.0,0.0,0.0,0.0,0.0,0.0,0.0,0.0,0.0,0.0,0.0,0.0,0.0,0.0
t2072,617.8947789672312,0.0,0.0,0.0,0.0,0.0,0.0,0.0,0.0,0.0,0.0,0.0,0.0,0.0,0.0,0.0,0.0,617.8947789672312
t2073,0.0,0.0,0.0,0.0,0.0,0.0,0.0,593.3297895781099,0.0,0.0,0.0,0.0,0.0,0.0,0.0,0.0,0.0,593.3297895781099
t2074,0.0,92.30769225,0.0,0.0,0.0,5037.188768492843,706.2246449300001,0.0,0.0,0.0,0.0,0.0,0.0,0.0,0.0,0.0,0.0,5835.721105672844
t2075,972.1875000000001,0.0,0.0,0.0,2087.7185175978466,1523.862447699013,1275.80838375,1559.9999999999998,0.0,0.0,0.0,0.0,0.0,0.0,0.0,0.0,0.0,7419.57684904686
t2076,0.0,20.51294939147684,0.0,0.0,3535.9999999999995,6920.0,733.1405120696011,0.0,0.0,0.0,0.0,0.0,0.0,0.0,0.0,0.0,0.0,11209.653461461077
t2077,972.1875000000001,0.0,0.0,0.0,2997.1728282651957,5373.190230726583,658.7998513000005,787.0221401168941,0.0,0.0,0.0,0.0,0.0,0.0,0.0,0.0,0.0,10788.372550408672
t2078,564.6464258530298,0.0,0.0,0.0,3387.836225604046,2228.625364885013,1085.3392865355502,1311.347507476744,0.0,0.0,0.0,0.0,0.0,0.0,0.0,0.0,0.0,8577.794810354382
t2079,972.1875000000001,92.30769225,0.0,0.0,2247.900040550629,0.0,919.9694788899999,0.0,0.0,0.0,0.0,0.0,0.0,0.0,0.0,0.0,0.0,4232.364711690629
t2080,0.0,0.0,0.0,0.0,0.0,3029.1594866204236,0.0,0.0,0.0,0.0,0.0,0.0,0.0,0.0,0.0,0.0,0.0,3029.1594866204236
t2081,0.0,0.0,0.0,0.0,0.0,0.0,0.0,0.0,0.0,0.0,0.0,0.0,0.0,0.0,0.0,0.0,0.0,0.0
t2082,0.0,0.0,0.0,0.0,0.0,0.0,0.0,0.0,0.0,0.0,0.0,0.0,0.0,0.0,0.0,0.0,0.0,0.0
t2083,0.0,0.0,0.0,0.0,0.0,0.0,0.0,0.0,0.0,0.0,0.0,0.0,0.0,0.0,0.0,0.0,0.0,0.0
t2084,0.0,0.0,0.0,0.0,0.0,0.0,0.0,0.0,0.0,0.0,0.0,0.0,0.0,0.0,0.0,0.0,0.0,0.0
t2085,0.0,0.0,0.0,0.0,0.0,0.0,0.0,0.0,0.0,0.0,0.0,0.0,0.0,0.0,0.0,0.0,0.0,0.0
t2086,0.0,0.0,0.0,0.0,0.0,0.0,0.0,0.0,0.0,0.0,0.0,0.0,0.0,0.0,0.0,0.0,0.0,0.0
t2087,0.0,0.0,0.0,0.0,0.0,0.0,0.0,0.0,0.0,0.0,0.0,0.0,0.0,0.0,0.0,0.0,0.0,0.0
t2088,0.0,0.0,0.0,0.0,0.0,0.0,0.0,0.0,0.0,0.0,0.0,0.0,0.0,0.0,0.0,0.0,0.0,0.0
t2089,0.0,0.0,0.0,0.0,0.0,0.0,0.0,0.0,0.0,0.0,0.0,0.0,0.0,0.0,0.0,0.0,0.0,0.0
t2090,0.0,0.0,0.0,0.0,0.0,0.0,0.0,0.0,0.0,0.0,0.0,0.0,0.0,0.0,0.0,0.0,0.0,0.0
t2091,0.0,0.0,0.0,0.0,0.0,0.0,0.0,0.0,0.0,0.0,0.0,0.0,0.0,0.0,0.0,0.0,0.0,0.0
t2092,0.0,0.0,0.0,0.0,0.0,0.0,0.0,0.0,0.0,0.0,0.0,0.0,0.0,0.0,0.0,0.0,0.0,0.0
t2093,0.0,0.0,0.0,0.0,0.0,0.0,0.0,0.0,0.0,0.0,0.0,0.0,0.0,0.0,0.0,0.0,0.0,0.0
t2094,0.0,0.0,0.0,0.0,0.0,0.0,0.0,0.0,0.0,0.0,0.0,0.0,0.0,0.0,0.0,0.0,0.0,0.0
t2095,0.0,0.0,0.0,0.0,0.0,0.0,0.0,0.0,0.0,0.0,0.0,0.0,0.0,0.0,0.0,0.0,0.0,0.0
t2096,972.1875000000001,0.0,0.0,0.0,0.0,2180.161878591485,0.0,0.0,0.0,0.0,0.0,0.0,0.0,0.0,0.0,0.0,0.0,3152.349378591485
t2097,210.35370482026113,0.0,0.0,0.0,0.0,0.0,0.0,0.0,0.0,0.0,0.0,0.0,0.0,0.0,0.0,0.0,0.0,210.35370482026113
t2098,972.1875000000001,92.30769225,0.0,0.0,0.0,6920.0,477.09512267515225,0.0,0.0,0.0,0.0,0.0,0.0,0.0,0.0,0.0,0.0,8461.590314925154
t2099,972.1875000000001,0.0,0.0,0.0,1991.506839537362,2478.0466398325034,1074.76188355,0.0,0.0,0.0,0.0,0.0,0.0,0.0,0.0,0.0,0.0,6516.502862919866
t2100,0.0,0.0,0.0,0.0,3535.9999999999995,4006.5361684449476,1275.80838375,1559.9999999999998,0.0,0.0,0.0,0.0,0.0,0.0,0.0,0.0,0.0,10378.344552194947
t2101,0.0,0.0,0.0,0.0,3535.9999999999995,3584.421771542805,1275.80838375,1559.9999999999998,0.0,0.0,0.0,0.0,0.0,0.0,0.0,0.0,0.0,9956.230155292804
t2102,972.1875000000001,0.0,0.0,0.0,3535.9999999999995,2322.855833032651,1275.80838375,299.15344633527644,0.0,0.0,0.0,0.0,0.0,0.0,0.0,0.0,0.0,8406.005163117927
t2103,0.0,92.30769225,0.0,0.0,792.6632813399843,0.0,0.0,247.20095780967586,0.0,0.0,0.0,0.0,0.0,0.0,0.0,0.0,0.0,1132.1719313996603
t2104,0.0,0.0,0.0,0.0,1516.919638294051,2321.0790378607016,0.0,0.0,0.0,0.0,0.0,0.0,0.0,0.0,0.0,0.0,0.0,3837.9986761547525
t2105,0.0,0.0,0.0,0.0,0.0,0.0,0.0,0.0,0.0,0.0,0.0,0.0,0.0,0.0,0.0,0.0,0.0,0.0
t2106,0.0,0.0,0.0,0.0,0.0,0.0,0.0,0.0,0.0,0.0,0.0,0.0,0.0,0.0,0.0,0.0,0.0,0.0
t2107,0.0,0.0,0.0,0.0,0.0,0.0,0.0,0.0,0.0,0.0,0.0,0.0,0.0,0.0,0.0,0.0,0.0,0.0
t2108,0.0,0.0,0.0,0.0,0.0,0.0,0.0,0.0,0.0,0.0,0.0,0.0,0.0,0.0,0.0,0.0,0.0,0.0
t2109,0.0,0.0,0.0,0.0,0.0,0.0,0.0,0.0,0.0,0.0,0.0,0.0,0.0,0.0,0.0,0.0,0.0,0.0
t2110,0.0,0.0,0.0,0.0,0.0,0.0,0.0,0.0,0.0,0.0,0.0,0.0,0.0,0.0,0.0,0.0,0.0,0.0
t2111,0.0,0.0,0.0,0.0,0.0,0.0,0.0,0.0,0.0,0.0,0.0,0.0,0.0,0.0,0.0,0.0,0.0,0.0
t2112,0.0,0.0,0.0,0.0,0.0,0.0,0.0,0.0,0.0,0.0,0.0,0.0,0.0,0.0,0.0,0.0,0.0,0.0
t2113,0.0,0.0,0.0,0.0,0.0,0.0,0.0,0.0,0.0,0.0,0.0,0.0,0.0,0.0,0.0,0.0,0.0,0.0
t2114,0.0,0.0,0.0,0.0,0.0,0.0,0.0,0.0,0.0,0.0,0.0,0.0,0.0,0.0,0.0,0.0,0.0,0.0
t2115,0.0,0.0,0.0,0.0,0.0,0.0,0.0,0.0,0.0,0.0,0.0,0.0,0.0,0.0,0.0,0.0,0.0,0.0
t2116,0.0,0.0,0.0,0.0,0.0,0.0,0.0,0.0,0.0,0.0,0.0,0.0,0.0,0.0,0.0,0.0,0.0,0.0
t2117,0.0,0.0,0.0,0.0,0.0,0.0,0.0,0.0,0.0,0.0,0.0,0.0,0.0,0.0,0.0,0.0,0.0,0.0
t2118,0.0,0.0,0.0,0.0,0.0,0.0,0.0,0.0,0.0,0.0,0.0,0.0,0.0,0.0,0.0,0.0,0.0,0.0
t2119,0.0,0.0,0.0,0.0,0.0,0.0,0.0,0.0,0.0,0.0,0.0,0.0,0.0,0.0,0.0,0.0,0.0,0.0
t2120,0.0,0.0,0.0,0.0,0.0,1751.0975488930953,0.0,0.0,0.0,0.0,0.0,0.0,0.0,0.0,0.0,0.0,0.0,1751.0975488930953
t2121,972.1875000000001,92.30769225,0.0,0.0,0.0,6492.586314501071,0.0,0.0,0.0,0.0,0.0,0.0,0.0,0.0,0.0,0.0,0.0,7557.081506751071
t2122,886.4218030377493,0.0,0.0,0.0,0.0,5375.868354943033,1275.80838375,0.0,0.0,0.0,0.0,0.0,0.0,0.0,0.0,0.0,0.0,7538.098541730783
t2123,230.3181345848107,92.30769225,0.0,0.0,2477.0357159111813,2315.9492248895363,1275.80838375,251.08251452338592,0.0,0.0,0.0,0.0,0.0,0.0,0.0,0.0,0.0,6642.501665908913
t2124,972.1875000000001,0.0,0.0,0.0,3535.9999999999995,3633.6048112077337,1275.80838375,0.0,0.0,0.0,0.0,0.0,0.0,0.0,0.0,0.0,0.0,9417.600694957733
t2125,65.80126719770114,20.51294939147684,0.0,0.0,3535.9999999999995,3640.23458874871,1275.80838375,0.0,0.0,0.0,0.0,0.0,0.0,0.0,0.0,0.0,0.0,8538.357189087888
t2126,972.1875000000001,0.0,0.0,0.0,3535.9999999999995,2079.0869543678864,0.0,0.0,0.0,0.0,0.0,0.0,0.0,0.0,0.0,0.0,0.0,6587.274454367886
t2127,0.0,0.0,0.0,0.0,1824.0540432602154,0.0,0.0,0.0,0.0,0.0,0.0,0.0,0.0,0.0,0.0,0.0,0.0,1824.0540432602154
t2128,0.0,0.0,0.0,0.0,0.0,0.0,0.0,0.0,0.0,0.0,0.0,0.0,0.0,0.0,0.0,0.0,0.0,0.0
t2129,0.0,0.0,0.0,0.0,0.0,0.0,0.0,0.0,0.0,0.0,0.0,0.0,0.0,0.0,0.0,0.0,0.0,0.0
t2130,0.0,0.0,0.0,0.0,0.0,0.0,0.0,0.0,0.0,0.0,0.0,0.0,0.0,0.0,0.0,0.0,0.0,0.0
t2131,0.0,0.0,0.0,0.0,0.0,0.0,0.0,0.0,0.0,0.0,0.0,0.0,0.0,0.0,0.0,0.0,0.0,0.0
t2132,0.0,0.0,0.0,0.0,0.0,0.0,0.0,0.0,0.0,0.0,0.0,0.0,0.0,0.0,0.0,0.0,0.0,0.0
t2133,0.0,0.0,0.0,0.0,0.0,0.0,0.0,0.0,0.0,0.0,0.0,0.0,0.0,0.0,0.0,0.0,0.0,0.0
t2134,0.0,0.0,0.0,0.0,0.0,0.0,0.0,0.0,0.0,0.0,0.0,0.0,0.0,0.0,0.0,0.0,0.0,0.0
t2135,0.0,0.0,0.0,0.0,0.0,0.0,0.0,0.0,0.0,0.0,0.0,0.0,0.0,0.0,0.0,0.0,0.0,0.0
t2136,0.0,0.0,0.0,0.0,0.0,0.0,0.0,0.0,0.0,0.0,0.0,0.0,0.0,0.0,0.0,0.0,0.0,0.0
t2137,0.0,0.0,0.0,0.0,0.0,0.0,0.0,0.0,0.0,0.0,0.0,0.0,0.0,0.0,0.0,0.0,0.0,0.0
t2138,0.0,0.0,0.0,0.0,0.0,0.0,0.0,0.0,0.0,0.0,0.0,0.0,0.0,0.0,0.0,0.0,0.0,0.0
t2139,0.0,0.0,0.0,0.0,0.0,0.0,0.0,0.0,0.0,0.0,0.0,0.0,0.0,0.0,0.0,0.0,0.0,0.0
t2140,0.0,0.0,0.0,0.0,0.0,0.0,0.0,0.0,0.0,0.0,0.0,0.0,0.0,0.0,0.0,0.0,0.0,0.0
t2141,0.0,0.0,0.0,0.0,0.0,0.0,0.0,0.0,0.0,0.0,0.0,0.0,0.0,0.0,0.0,0.0,0.0,0.0
t2142,0.0,0.0,0.0,0.0,0.0,0.0,0.0,0.0,0.0,0.0,0.0,0.0,0.0,0.0,0.0,0.0,0.0,0.0
t2143,0.0,0.0,0.0,0.0,0.0,0.0,0.0,0.0,0.0,0.0,0.0,0.0,0.0,0.0,0.0,0.0,0.0,0.0
t2144,972.1875000000001,92.30769225,0.0,0.0,0.0,0.0,0.0,0.0,0.0,0.0,0.0,0.0,0.0,0.0,0.0,0.0,0.0,1064.4951922500002
t2145,0.0,0.0,0.0,0.0,449.0319079562857,881.7137834934265,232.66090000000062,1559.9999999999998,0.0,0.0,0.0,0.0,0.0,0.0,0.0,0.0,0.0,3123.4065914497123
t2146,972.1875000000001,0.0,0.0,0.0,2842.1703701748065,2934.2433221185406,1275.80838375,1164.5274595708515,0.0,0.0,0.0,0.0,0.0,0.0,0.0,0.0,0.0,9188.937035614199
t2147,897.3531306483811,0.0,0.0,0.0,2692.608530304764,4149.54400301066,1275.80838375,0.0,0.0,0.0,0.0,0.0,0.0,0.0,0.0,0.0,0.0,9015.314047713806
t2148,269.67822765446607,0.0,0.0,0.0,1853.2789507355403,5588.035433240655,585.1311790399998,0.0,0.0,0.0,0.0,0.0,0.0,0.0,0.0,0.0,0.0,8296.123790670661
t2149,15.50984651741355,20.51294939147684,0.0,0.0,3535.9999999999995,6920.0,1275.80838375,0.0,0.0,0.0,0.0,0.0,0.0,0.0,0.0,0.0,0.0,11767.83117965889
t2150,0.0,0.0,0.0,0.0,3535.9999999999995,3930.3972968633834,734.0649271851524,642.364824287647,0.0,0.0,0.0,0.0,0.0,0.0,0.0,0.0,0.0,8842.827048336181
t2151,972.1875000000001,92.30769225,0.0,0.0,0.0,0.0,0.0,0.0,0.0,0.0,0.0,0.0,0.0,0.0,0.0,0.0,0.0,1064.4951922500002
t2152,0.0,0.0,0.0,0.0,0.0,0.0,0.0,0.0,0.0,0.0,0.0,0.0,0.0,0.0,0.0,0.0,0.0,0.0
t2153,0.0,0.0,0.0,0.0,0.0,0.0,0.0,0.0,0.0,0.0,0.0,0.0,0.0,0.0,0.0,0.0,0.0,0.0
t2154,0.0,0.0,0.0,0.0,0.0,0.0,0.0,0.0,0.0,0.0,0.0,0.0,0.0,0.0,0.0,0.0,0.0,0.0
t2155,0.0,0.0,0.0,0.0,0.0,0.0,0.0,0.0,0.0,0.0,0.0,0.0,0.0,0.0,0.0,0.0,0.0,0.0
t2156,0.0,0.0,0.0,0.0,0.0,0.0,0.0,0.0,0.0,0.0,0.0,0.0,0.0,0.0,0.0,0.0,0.0,0.0
t2157,0.0,0.0,0.0,0.0,0.0,0.0,0.0,0.0,0.0,0.0,0.0,0.0,0.0,0.0,0.0,0.0,0.0,0.0
t2158,0.0,0.0,0.0,0.0,0.0,0.0,0.0,0.0,0.0,0.0,0.0,0.0,0.0,0.0,0.0,0.0,0.0,0.0
t2159,0.0,0.0,0.0,0.0,0.0,0.0,0.0,0.0,0.0,0.0,0.0,0.0,0.0,0.0,0.0,0.0,0.0,0.0
t2160,0.0,0.0,0.0,0.0,0.0,0.0,0.0,0.0,0.0,0.0,0.0,0.0,0.0,0.0,0.0,0.0,0.0,0.0
t2161,0.0,0.0,0.0,0.0,0.0,0.0,0.0,0.0,0.0,0.0,0.0,0.0,0.0,0.0,0.0,0.0,0.0,0.0
t2162,0.0,0.0,0.0,0.0,0.0,0.0,0.0,0.0,0.0,0.0,0.0,0.0,0.0,0.0,0.0,0.0,0.0,0.0
t2163,0.0,0.0,0.0,0.0,0.0,0.0,0.0,0.0,0.0,0.0,0.0,0.0,0.0,0.0,0.0,0.0,0.0,0.0
t2164,0.0,0.0,0.0,0.0,0.0,0.0,0.0,0.0,0.0,0.0,0.0,0.0,0.0,0.0,0.0,0.0,0.0,0.0
t2165,0.0,0.0,0.0,0.0,0.0,0.0,0.0,0.0,0.0,0.0,0.0,0.0,0.0,0.0,0.0,0.0,0.0,0.0
t2166,0.0,0.0,0.0,0.0,0.0,0.0,0.0,0.0,0.0,0.0,0.0,0.0,0.0,0.0,0.0,0.0,0.0,0.0
t2167,0.0,0.0,0.0,0.0,0.0,0.0,0.0,0.0,0.0,0.0,0.0,0.0,0.0,0.0,0.0,0.0,0.0,0.0
t2168,756.6800405779303,0.0,0.0,0.0,0.0,0.0,0.0,0.0,0.0,0.0,0.0,0.0,0.0,0.0,0.0,0.0,0.0,756.6800405779303
t2169,972.1875000000001,0.0,0.0,0.0,0.0,527.3774830942906,1275.80838375,0.0,0.0,0.0,0.0,0.0,0.0,0.0,0.0,0.0,0.0,2775.373366844291
t2170,26.301804082837165,0.0,0.0,0.0,1371.3416158112461,4227.9083294574375,1061.60140701,1559.9999999999998,0.0,0.0,0.0,0.0,0.0,0.0,0.0,0.0,0.0,8247.15315636152
t2171,972.1875000000001,92.30769225,0.0,0.0,1690.0639848837918,6920.0,1275.80838375,0.0,0.0,0.0,0.0,0.0,0.0,0.0,0.0,0.0,0.0,10950.367560883793
t2172,299.0099428747855,0.0,0.0,0.0,3308.9679351431832,3730.987501490577,1031.6300334800003,1418.885013337231,0.0,0.0,0.0,0.0,0.0,0.0,0.0,0.0,0.0,9789.480426325776
t2173,972.1875000000001,0.0,0.0,0.0,3535.9999999999995,6392.002338808142,225.83346545999981,0.0,0.0,0.0,0.0,0.0,0.0,0.0,0.0,0.0,0.0,11126.023304268143
t2174,0.0,0.0,0.0,0.0,1658.4684555103672,3490.1521447006226,0.0,0.0,0.0,0.0,0.0,0.0,0.0,0.0,0.0,0.0,0.0,5148.62060021099
t2175,0.0,92.30769225,0.0,0.0,1311.2562567324153,0.0,0.0,0.0,0.0,0.0,0.0,0.0,0.0,0.0,0.0,0.0,0.0,1403.5639489824152
t2176,0.0,0.0,0.0,0.0,2032.9915110903921,0.0,0.0,0.0,0.0,0.0,0.0,0.0,0.0,0.0,0.0,0.0,0.0,2032.9915110903921
t2177,0.0,0.0,0.0,0.0,0.0,0.0,0.0,0.0,0.0,0.0,0.0,0.0,0.0,0.0,0.0,0.0,0.0,0.0
t2178,0.0,0.0,0.0,0.0,0.0,0.0,0.0,0.0,0.0,0.0,0.0,0.0,0.0,0.0,0.0,0.0,0.0,0.0
t2179,0.0,0.0,0.0,0.0,0.0,0.0,0.0,0.0,0.0,0.0,0.0,0.0,0.0,0.0,0.0,0.0,0.0,0.0
t2180,0.0,0.0,0.0,0.0,0.0,0.0,0.0,0.0,0.0,0.0,0.0,0.0,0.0,0.0,0.0,0.0,0.0,0.0
t2181,0.0,0.0,0.0,0.0,0.0,0.0,0.0,0.0,0.0,0.0,0.0,0.0,0.0,0.0,0.0,0.0,0.0,0.0
t2182,0.0,0.0,0.0,0.0,0.0,0.0,0.0,0.0,0.0,0.0,0.0,0.0,0.0,0.0,0.0,0.0,0.0,0.0
t2183,0.0,0.0,0.0,0.0,0.0,0.0,0.0,0.0,0.0,0.0,0.0,0.0,0.0,0.0,0.0,0.0,0.0,0.0
t2184,0.0,0.0,0.0,0.0,0.0,0.0,0.0,0.0,0.0,0.0,0.0,0.0,0.0,0.0,0.0,0.0,0.0,0.0
